:020000040800F2
:10000000000002205909000855090008253D000894
:1000100055090008550900085509000800000000AE
:10002000000000000000000000000000550900086A
:10003000550900080000000055090008A93C000807
:100040005509000855090008550900085509000818
:100050005509000855090008550900085509000808
:10006000550900085509000855090008B13800086D
:10007000BD38000815260008C9380008D538000822
:1000800055DE0008E12D0008550900085509000853
:1000900055090008550900085509000855090008C8
:1000A00055090008550900085509000855090008B8
:1000B0006DD2000879D2000885D20008152E0008FC
:1000C00055090008212E000855090008DDCA00085E
:1000D000E9CA000889DC0008B5DC0008E9DC000892
:1000E00055090008550900080000000055090008DE
:1000F0005509000855090008550900085509000868
:10010000550900085509000891D20008F5CA0008F1
:100110001DDD000851DD00085509000855090008DB
:10012000550900085509000819CB00084DCB0008F7
:1001300089DE00085509000855090008550900081E
:1001400000000000000000000000000000000000AF
:1001500055090008550900085509000885DD000803
:100160002D2E000855090008B93C0008DD3C0008A8
:1001700055090008013D0008550900085509000807
:100180005509000855090008B9DD0008EDDD000833
:1001900001CB00080DCB00085509000855090008DF
:1001A00055090008550900085509000855090008B7
:1001B000D1350008550900085509000855090008FF
:1001C0005509000855090008550900085509000897
:1001D0005509000855090008550900085509000887
:1001E0005509000855090008550900085509000877
:1001F0005509000855090008550900085509000867
:100200005509000855090008550900085509000856
:100210005509000855090008550900085509000846
:10022000550900085509000855090008000000009C
:10023000550900085509000800000000550900088C
:100240005509000855090008550900085509000816
:100250005509000855090008550900085509000806
:1002600055090008550900085509000855090008F6
:10027000550900085509000821DE000800000000AB
:10028000550900085509000855090008000000003C
:08029000000000005509000800
:1002980010B5054C237833B9044B13B10448AFF3B8
:1002A80000800123237010BDE0030024000000003B
:1002B8003020010808B5034B1BB103490348AFF3CD
:1002C800008008BD00000000E4030024302001087D
:1002D80081F0004102E000BF83F0004330B54FEAEF
:1002E80041044FEA430594EA050F08BF90EA020F5C
:1002F8001FBF54EA000C55EA020C7FEA645C7FEAEF
:10030800655C00F0E2804FEA5454D4EB5555B8BF11
:100318006D420CDD2C4480EA020281EA030382EA82
:10032800000083EA010180EA020281EA0303362D14
:1003380088BF30BD11F0004F4FEA01314FF4801CE7
:100348004CEA113102D0404261EB410113F0004FF9
:100358004FEA03334CEA133302D0524263EB4303B0
:1003680094EA050F00F0A780A4F10104D5F1200E4E
:100378000DDB02FA0EFC22FA05F2801841F10001A9
:1003880003FA0EF2801843FA05F359410EE0A5F17D
:1003980020050EF1200E012A03FA0EFC28BF4CF0AE
:1003A800020C43FA05F3C01851EBE37101F0004564
:1003B80007D54FF0000EDCF1000C7EEB00006EEB71
:1003C8000101B1F5801F1BD3B1F5001F0CD34908FB
:1003D8005FEA30004FEA3C0C04F101044FEA445252
:1003E80012F5800F80F09A80BCF1004F08BF5FEAD9
:1003F800500C50F1000041EB045141EA050130BDB9
:100408005FEA4C0C404141EB0101013C28BFB1F5CA
:10041800801FE9D291F0000F04BF01460020B1FA15
:1004280081F308BF2033A3F10B03B3F120020CDAE8
:100438000C3208DD02F1140CC2F10C0201FA0CF0C6
:1004480021FA02F10CE002F11402D8BFC2F1200C2B
:1004580001FA02F120FA0CFCDCBF41EA0C019040E1
:10046800E41AA2BF01EB0451294330BD6FEA04042A
:100478001F3C1CDA0C340EDC04F11404C4F1200215
:1004880020FA04F001FA02F340EA030021FA04F327
:1004980045EA030130BDC4F10C04C4F1200220FA7E
:1004A80002F001FA04F340EA0300294630BD21FABC
:1004B80004F0294630BD94F0000F83F4801306BF82
:1004C80081F480110134013D4EE77FEA645C18BF76
:1004D8007FEA655C29D094EA050F08BF90EA020F0D
:1004E80005D054EA000C04BF1946104630BD91EA05
:1004F800030F1EBF0021002030BD5FEA545C05D108
:100508004000494128BF41F0004130BD14F5800446
:100518003CBF01F5801130BD01F0004545F0FE41BA
:1005280041F470014FF0000030BD7FEA645C1ABFEF
:10053800194610467FEA655C1CBF0B46024650EA26
:10054800013406BF52EA033591EA030F41F4002152
:1005580030BD00BF90F0000F04BF0021704730B5D8
:100568004FF4806404F132044FF000054FF00001AD
:1005780050E700BF90F0000F04BF0021704730B56E
:100588004FF4806404F1320410F0004548BF404243
:100598004FF000013EE700BF42004FEAE2014FEA98
:1005A80031014FEA02701FBF12F07F4393F07F4F73
:1005B80081F06051704732F07F4208BF704793F076
:1005C8007F4F04BF41F40021704730B54FF4607489
:1005D80001F0004521F000411CE700BF50EA01028C
:1005E80008BF704730B54FF000050AE050EA010235
:1005F80008BF704730B511F0004502D5404261EBA5
:1006080041014FF4806404F132045FEA915C3FF4E5
:10061800D8AE4FF003025FEADC0C18BF03325FEA82
:10062800DC0C18BF033202EBDC02C2F1200300FA33
:1006380003FC20FA02F001FA03FE40EA0E0021FA58
:1006480002F11444BDE600BF53B94AB9002908BFF6
:1006580000281CBF4FF0FF314FF0FF3000F074B995
:10066800ADF1080C6DE904CE00F006F8DDF804E001
:10067800DDE9022304B070472DE9F047089D0446E0
:100688008E46002B4DD18A42944669D9B2FA82F23D
:1006980052B101FA02F3C2F1200120FA01F10CFA79
:1006A80002FC41EA030E94404FEA1C48210CBEFBB1
:1006B800F8F61FFA8CF708FB16E341EA034306FB3A
:1006C80007F199420AD91CEB030306F1FF3080F0C9
:1006D8001F81994240F21C81023E63445B1AA4B216
:1006E800B3FBF8F008FB103344EA034400FB07F7B8
:1006F800A7420AD91CEB040400F1FF3380F00A81F9
:10070800A74240F207816444023840EA0640E41BED
:1007180000261DB1D4400023C5E900433146BDE899
:10072800F0878B4209D9002D00F0EF800026C5E93B
:10073800000130463146BDE8F087B3FA83F6002E53
:100748004AD18B4202D3824200F2F980841A61EBCB
:10075800030301209E46002DE0D0C5E9004EDDE7E9
:1007680002B9FFDEB2FA82F2002A40F09280A1EBD1
:100778000C014FEA1C471FFA8CFE0126200CB1FB26
:10078800F7F307FB131140EA01410EFB03F088421F
:1007980008D91CEB010103F1FF3802D2884200F2AC
:1007A800CB804346091AA4B2B1FBF7F007FB10113E
:1007B80044EA01440EFB00FEA64508D91CEB0404DC
:1007C80000F1FF3102D2A64500F2BB800846A4EB37
:1007D8000E0440EA03409CE7C6F12007B34022FA22
:1007E80007FC4CEA030C20FA07F401FA06F31C4351
:1007F800F9404FEA1C4900FA06F3B1FBF9F8200C5E
:100808001FFA8CFE09FB181140EA014108FB0EF0A3
:10081800884202FA06F20BD91CEB010108F1FF3AF3
:1008280080F08880884240F28580A8F102086144FF
:10083800091AA4B2B1FBF9F009FB101144EA01410D
:1008480000FB0EFE8E4508D91CEB010100F1FF34B8
:100858006CD28E456AD90238614440EA0840A0FB50
:100868000294A1EB0E01A142C846A64656D353D026
:100878005DB1B3EB080261EB0E0101FA07F722FA4A
:1008880006F3F1401F43C5E9007100263146BDE873
:10089800F087C2F12003D8400CFA02FC21FA03F3D6
:1008A800914001434FEA1C471FFA8CFEB3FBF7F057
:1008B80007FB10360B0C43EA064300FB0EF69E427C
:1008C80004FA02F408D91CEB030300F1FF382FD215
:1008D8009E422DD9023863449B1B89B2B3FBF7F6BD
:1008E80007FB163341EA034106FB0EF38B4208D996
:1008F8001CEB010106F1FF3816D28B4214D9023ED7
:100908006144C91A46EA004638E72E46284605E7F4
:100918000646E3E61846F8E64B45A9D2B9EB0208C5
:1009280064EB0C0E0138A3E74646EAE7204694E755
:100938004046D1E7D0467BE7023B614432E7304688
:1009480009E76444023842E7704700BFFEE700BF8A
:100958000B480C4A904203D0121A0B4911F042F886
:100968000A480B4A904203D0121A002111F048F8A5
:1009780003F02CFC11F012F800F066F8FEE700BF57
:1009880000000024E003002460200108E0030024A4
:10099800DC310024704700BF704700BF704700BFBC
:1009A800704700BFF8B5214D0C461646284601F0A1
:1009B8006BFBAB7AFF2B03D11D4B012283F834204C
:1009C80000211C4801F0C6FDF0EE406A9FED1A7A3E
:1009D800F2EE080ADFED197AB0EE000A184FE6EEDB
:1009E800877AC7EEA00A10F0DBFCDFED167A3846EE
:1009F80020EE270A87ED020A10F0C4FC87ED070AEB
:100A08009EB1013E002576080948083410F0E6F941
:100A18000B4887ED010A10F0FBFAAE4204ED020A1A
:100A280005F1010504ED010AEED1F8BDFC0300242F
:100A38000C0400245C0400240000FE4200008AC26A
:100A4800840400240000DC4370B53A4800263A4C80
:100A58003A4D2DED028B88B0F7EE008A00F0AEF823
:100A68000021344800F0A2F90421324800F0C6F809
:100A7800304800F0BFF81520B0EE408A00F0A0F82A
:100A88000346022203A8ADF80430019901F02AFBBD
:100A98001C2000F095F803469FED290AADF80830B0
:100AA80088EE000A2748029901F0D4FA03A9012226
:100AB8000423254801F02AFBC8EE887A4FF07C53BE
:100AC8009FED220A204684ED048A6360E36084ED8A
:100AD800020AA661C4ED057A10F054FCF0EE407AE3
:100AE800002240F201139FED1A0A20462270238546
:100AF800C4ED077AC4ED018A84ED020A10F042FCC5
:100B0800F0EE407A2846B0EE480AC4ED077A10F0B5
:100B18004DF9104A104B0C486E61AA60EB60C5EDA8
:100B2800068A2E6201F000FD0C49024800F05EF8CA
:100B3800FEE700BF44040024840400240C040024BD
:100B480000004042FC0300245C0400240000C8426A
:100B580000007A440AD7233CCDCCCC3EAD0900082E
:100B680008B50D4800230D4A036043610362C3635F
:100B78000B4910F00DFC094A0A490B4810F008FC13
:100B8800064A0A490A4810F003FC044A09490A4877
:100B9800BDE8084010F0FCBB440400240000002419
:100BA800A1090008A909000884040024A50900086F
:100BB8000C0400249D090008FC030024704700BFB2
:100BC800202882B009D8084B03EB400213F81030F4
:100BD800507843EA002002B0704701230C2043EA12
:100BE800002002B0704700BF4C1A0108143001F011
:100BF80009BA00BF143001F001BA00BF38B500F1DE
:100C0800140504462DED028B284601F0E9F9284623
:100C180001F0F4F92846B0EE408A01F0DDF9D0ED94
:100C2800007AF8EE677A88EE277ABDEC028B84EDBD
:100C38000E7A38BD10B540F203338EB000244FF65B
:100C48000B7240F20341ADF8083009A80123ADF852
:100C58001020ADF824202246ADF80C10009402991B
:100C680007940C94CDE90544CDE90A4401F07AFDD6
:100C780004A8012322460399009401F073FD09A8F2
:100C880001F056FE10B901200EB010BD04A801F005
:100C98004FFEA0420CBF022020460EB010BD00BF80
:100CA8002DE9F04103239AB0012700240646CDE937
:100CB80014373B4BCDE9104340F20453CDE91647B6
:100CC800ADF84830FFF7B6FFB842054625D00228F0
:100CD80045D040F60132334B0DF12C081894ADF88D
:100CE8002C200B981997CDF84A3000F0E3F810A99A
:100CF80006F13C0002F064FE302003224FF07E53E0
:100D080041460D930E93CDE90B02F26B06F11400E8
:100D180001F02AF91AB0BDE8F0811023214A06A98A
:100D280006908DF828300DF12C081F4BCDF84A207D
:100D380007930294CDE91804CDE9080402A802F04B
:100D480077F80823029A03A94046ADF80C508DF8AD
:100D58000E40049505930B9400F0ECF8C7E70020CB
:100D68000121104B0DF12C083A460094CDF84A3079
:100D78004FF60B730C94ADF82C302346CDE91801CF
:100D880040F601314046ADF818100699CDE90D44FA
:100D980001F0E8FC2146404601F0D6FDA7E700BF78
:100DA80004020404040604030704010B2DE9F047B8
:100DB80004462DED028B82B000294DD0012140F26E
:100DC800011200230091ADF804208DF80630364A50
:100DD8000127364B04F10409354904F129086260FA
:100DE80040F20272A36040F60663E16004F1250A4E
:100DF800A4F82520A4F82930278284F8277084F8DD
:100E08002B7003F099F9054602F0FCFF6946064687
:100E180050BB4DB304F130008DF8067003F014F99F
:100E2800072D3CD104F114052046FFF739FF284669
:100E380001F0E4F82846B0EE408A01F0CDF8D0ED94
:100E4800007AF8EE677A88EE277A84ED0E7A02B097
:100E5800BDEC028BBDE8F08740F2011300918DF8DC
:100E68000610ADF80430B2E704F1300003F0ECF8F6
:100E7800072D11D04946204602F022FA0EB9002D5E
:100E8800D0D1504601F06AFD404601F067FD04F1FB
:100E9800120000F079F9C5E7002EF2D1C2E7494601
:100EA800204602F00DFABDE7050805090507050605
:100EB800050A060610B584B003460124ADF80400FF
:100EC80003A8ADF80C30ADF80E4001F047FD2146FF
:100ED80003A801F02DFE204602F092FF002103A88E
:100EE80001F026FE204602F08BFF214603A801F000
:100EF8001FFE04B010BD00BF10B5C2F3002384B0BC
:100F08000C46017C8DF80D2043EA4402FA240223A2
:100F18008DF80C2003AA009402F020F818B10124DF
:100F2800204604B010BD04460A2002F069FF20469E
:100F380004B010BD034670B543F8042B044684B0D2
:100F480007C983E80700A37983B91A210B461E2233
:100F5800FA2523742046ADF80C20022303AA009535
:100F680001F0FCFF28B1012004B070BD1B210B4625
:100F7800EDE70A2002F044FF4FF4B852009502232F
:100F8800ADF80C20204603AA217C01F0E7FF0028D9
:100F9800E9D10A2002F034FF41F2027200950223DF
:100FA800ADF80C20204603AA217C01F0D7FF0028C9
:100FB800D9D10A2002F024FF042200950223ADF8BB
:100FC8000C20204603AA217C01F0C8FF0028CAD1C2
:100FD8000A2002F015FF062200950223ADF80C2026
:100FE800204603AA217C01F0B9FF0028BBD10A20C2
:100FF80002F006FF41F2082200950223ADF80C200A
:10100800204603AA217C01F0A9FF0028ABD10A20C1
:10101800064602F0F5FE0095022303AA217C20462D
:10102800ADF80C6001F09AFF00289CD1304602F020
:10103800E7FE009522790C232046002A8DF80C3013
:1010480003AA4FF0020314BF622142218DF80D104C
:10105800217C01F083FF002885D1304602F0D0FEC4
:101068002279D4E902310B43DBB20AB943F04003D9
:1010780062790AB143F020030E22FA258DF80D306B
:101088002046009502238DF80C2003AA217C01F04C
:1010980065FF00287FF467AF0A2002F0B1FE102236
:1010A80000950223ADF80C20204603AA217C01F00C
:1010B80055FF00287FF457AF0A2002F0A1FE122145
:1010C80000950223ADF80C1003AA217C204601F0FC
:1010D80045FF00287FF447AF0A2002F091FE012265
:1010E80009212046FFF708FF003818BF01203BE719
:1010F800F0B5102387B0234C0122002501260027D4
:1011080002A920460195CDE902234FF48052CDE98A
:10111800046709F0C9FD642003F0B4FA02A94FF48A
:1011280080522046CDE9046702261027CDE90267E0
:1011380009F0BAFD0322102302A92046CDE90223B3
:1011480000230422CDE904234FF4805209F0ACFDBA
:1011580040F23223042202A9019310232046CDE94C
:101168000223019A012305924FF48052049309F057
:101178009BFD40F60601204609F0B6FD284607B05B
:10118800F0BD00BFB80400241C4B00221C494FF0DE
:10119800400C30B5054689B00220596007219A6095
:1011A8001A620124DA620A224FF4006EDC600692A9
:1011B8002022CDE9000104200821CDE90201032005
:1011C8001021CDE9040108206946C3E904024FF45F
:1011D800C072181DC3E906C24FF48052C3E909E280
:1011E80009F038FD38B92846FFF782FF003818BFE4
:1011F800012009B030BD204609B030BDB404002438
:1012080040410052614A0021D0B513688EB00A915E
:10121800002B40F0B9805E4B01214FF683700C24FF
:1012280011600221D3F8D4200026032742F480520B
:10123800C3F8D420D3F8D42002F480520092009A44
:10124800D3F8E02042F01002C3F8E020D3F8E02001
:1012580002F010020192019AD3F8E02042F0400215
:10126800C3F8E020D3F8E02002F040020292029A8C
:10127800D3F8E02042F00802C3F8E020D3F8E020D9
:1012880002F008020392039AD3F8E02042F4807235
:10129800C3F8E020D3F8E02002F480720492049AA4
:1012A800D3F8E02042F08002C3F8E020D3F8E02031
:1012B80002F080020592059AD3F8E02042F020025D
:1012C800C3F8E020D3F8E02002F020020692069A44
:1012D800D3F8E02042F00402C3F8E020D3F8E0306D
:1012E8000C9403F0040307930323079A0B93CDE9A7
:1012F800080108A9274805F04BF848F237120223DD
:1013080008A925480C94CDE90823CDE90A6705F01A
:101318003FF84CF20372022308A920480C94CDE947
:101328000823CDE90A6705F033F840F2FF6202238B
:1013380008A91B480C94CDE90823CDE90A6705F0F4
:1013480027F84FF60C72022308A916480C94CDE929
:101358000823CDE90A6705F01BF84FF63F02022380
:1013680008A911480C94CDE90823CDE90A6705F0CE
:101378000FF82022022308A90A480C94CDE90A672D
:10138800CDE9082305F004F80EB0D0BDB004002460
:10139800004402580010025800180258000C025865
:1013A80000200258001C0258001402582DE9F04F82
:1013B800DFF8108406460D46144608F118002DED96
:1013C800028B89B000AF02F0F3FBD8F8183073B382
:1013D800D8F81C30D8F80490002B43690BBF4FF0A5
:1013E800080A4FF0100A4FF0020B4FF0040BB9F146
:1013F800000F2AD0A200EA46012B02F1070222F0D0
:101408000702ADEB020D6846ADEB020D694600F030
:101418003F81022B00F0D680002B6FD02246C847B0
:10142800D5462437BD46BDEC028BBDE8F08FD8F811
:101438001C30002BF5D0D8F804904FF0080A4FF074
:10144800020B4369B9F1000FD4D1FB61D8F8003021
:10145800BB61002BE5D0D54802F01CFC6B46BBF104
:10146800020F786108EE103AFB6900F083816A4642
:101478005146A2EBC40295466200EA46B2FBFBF273
:10148800AAEBC40085460AEB8200EE46F861ADEB94
:10149800010DF8690EEB820CC7F810C0EC46ADEBF5
:1014A800010D00EB8201CCF80400CCF8081001EB28
:1014B80082013869E946CCF80C1000EB8201CCF8BF
:1014C80000A001EB8202C9E900E0C9E90212012B80
:1014D80000F06483022B00F06C82002B00F0808106
:1014E800620849466046BB69984718EE103A2437A7
:1014F8009D46BD46BDEC028BBDE8F08F002C8DD01B
:101508001A46D8ED0C6A9FEDB27A8446331D36F937
:1015180022E00CF1080C07EE90EA33F922E00232DF
:10152800F8EEE77A944267EE877A67EEA67A4CED92
:10153800027A07EE90EAF8EEE77A67EE877A67EEC6
:10154800A67A4CED017AE2D8F9612246C847984E4E
:10155800D8ED0D6A0020F9692B1D9FED9E7A9FED4D
:101568009E6ADFED9E5A22E0F4EEC67AF1EE10FA9A
:10157800C0F2C88447F6FE72D1ED017A45F8202002
:1015880066EEA77AF4EEC77AF1EE10FA40F2F08030
:10159800F4EEC67AF1EE10FAC0F2D58447F6FE7280
:1015A80043F820200230083184427FF639AFD1ED6C
:1015B800007A66EEA77AF4EEC77AF1EE10FAD3D87D
:1015C8003246D9E7002C3FF429AFD8ED0C6A84469F
:1015D8009FED787A0022331D8E4656F822100CF1C2
:1015E800080C07EE901A53F822100232F8EEE77A48
:1015F800944267EE877A67EEA67A4CED027A07EE98
:10160800901AF8EEE77A67EE877A67EEA67A4CEDDD
:10161800017AE2D871462246C7F81CE0C847664EF0
:10162800D8ED0D6A0020F9692B1D9FED6A7A9FEDB0
:101638006A6ADFF894C120E0F4EEC67AF1EE10FA97
:10164800C0F279843246D1ED017A45F8202066EE61
:10165800A77AF4EEC77AF1EE10FA40F28780F4EE3A
:10166800C67AF1EE10FAC0F25E84324643F82020C2
:101678000230083184427FF6D3AED1ED007A66EEAF
:10168800A77AF4EEC77AF1EE10FAD5D86246DAE70F
:10169800002C3FF4C3AED8ED0C6A86469FED477A1E
:1016A8004FF0000C331D56F82C200EF1080E82F472
:1016B8000002A2F5000207EE902A53F82C200CF144
:1016C800020CF8EEE77A82F400026445A2F5000203
:1016D80067EE877A67EEA67A4EED027A07EE902AD1
:1016E800F8EEE77A67EE877A67EEA67A4EED017A2A
:1016F800D9D8F9612246C847314ED8ED0D6A002085
:10170800F9692B1D9FED337A9FED336ADFF8BCC072
:101718001FE0F4EEC67AF1EE10FAC0F2FC8332460E
:10172800D1ED017A45F8202066EEA77AF4EEC77A63
:10173800F1EE10FA18D9F4EEC67AF1EE10FAC0F20A
:10174800DA83324643F820200230083184427FF69B
:1017580067AED1ED007A66EEA77AF4EEC77AF1EEBD
:1017680010FAD6D86246DBE76246EBE762467DE7C9
:10177800324615E7A100D6466208073121F0070175
:10178800ADEB010DEA46ADEB010D6946ADEB0E0D73
:101798000AEB8200EC46ADEB0E0D01EB8202F8611C
:1017A800E946CCE900A0C9E9001290E60805002442
:1017B8000280FFFF000000300082FF7F000000343D
:1017C80082FF7F00EC040024007E00807E0080FF02
:1017D8000000003804FF7FBF04FF7F3F00FEFF4684
:1017E800002C00F0C982BBF1020FD8F8242000F0C9
:1017F800FA827969C7F8049002EB810E5FED0C5A02
:101808008A00DCF808100EF104007A611A46DCF848
:101818000C303B61331DD7F810903D61FD69C7E975
:1018280002CB8C46834636F92210D8ED0C7A06EEA8
:10183800101A33F9221006EE901A3EF92210B8EE6B
:10184800C66A07EE101AF8EEE66A3BF92210B8EEFF
:10185800C77A26EE256A66EEA56A27EE257A26EE71
:10186800276A66EEA76A27EE277A07EE901A5108CC
:101878000232F8EEE77A0AEB8100944280ED006AC2
:1018880005EB810067EEA57AC0ED006A0CEB8100DC
:1018980009EB810180ED007A98ED0C7A67EE877A82
:1018A800C1ED007ABFD8D7F804903D69D7E902CBDB
:1018B80060466208BB6949469847D8F82C307A696F
:1018C800D8ED0D6A1A441FED3D7A1FED3D6A2B1DB8
:1018D800904602F1040A5FED3F5A0022A84ED9E96A
:1018E80000EC51E0F4EEC67AF1EE10FAC0F2C782CD
:1018F80047F6FE7045F822000CEB0100D0ED007AA7
:1019080066EEA77AF4EEC77AF1EE10FA4BD9F4EE48
:10191800C67AF1EE10FAC0F2BA8247F6FE70BBF151
:10192800020F43F822002BD0D9F808000844D0ED64
:10193800007A66EEA77AF4EEC77AF1EE10FA36D995
:10194800F4EEC67AF1EE10FAC0F2CD8247F6FE70D8
:1019580048F82200D9F80C000144D1ED007A66EE6F
:10196800A77AF4EEC77AF1EE10FA1ED9F4EEC67A29
:10197800F1EE10FAC0F2AF8247F6FE714AF8221073
:10198800023294427FF6B1AD51080EEB8100890016
:10199800D0ED007A66EEA77AF4EEC77AF1EE10FA87
:1019A800A0D83046A6E73046B9E73146E6E73046E4
:1019B800CEE7002C00F0E081BBF1020FD8F824300C
:1019C80000F0E1817A69DCF8081003EB820EC7F8B1
:1019D80004909300DFED6B5A0EF1040000227B6146
:1019E800DCF80C303B61331DD7F810903D61FD6980
:1019F800C7E902CB8C46834656F82210D8ED0C7AFC
:101A080007EE101A53F82210B8EEC76A07EE101A3C
:101A18005EF82210F8EEC76A07EE101A26EE256A5D
:101A28005BF82210B8EEC77A66EEA56A26EE276A3A
:101A380027EE257A66EEA76A27EE277A07EE901A30
:101A480051080232F8EEE77A0AEB8100944280ED01
:101A5800006A05EB810067EEA57AC0ED006A0CEB21
:101A6800810009EB810180ED007A98ED0C7A67EE30
:101A7800877AC1ED007ABFD8D7F804903D69D7E9D5
:101A880002CB60466208BB6949469847D8F82C30B3
:101A98007A69D8ED0D6A1A449FED3E7A9FED3E6A49
:101AA800131D9246DFF8E4C00022FB612B1D364E61
:101AB800D9E9008E4EE0F4EEC67AF1EE10FAC0F2E3
:101AC800FC81304645F822000EEB0100D0ED007A8B
:101AD80066EEA77AF4EEC77AF1EE10FA49D9F4EE79
:101AE800C67AF1EE10FAC0F2EF813046BBF1020F70
:101AF80043F822002AD0D9F808000844D0ED007A2B
:101B080066EEA77AF4EEC77AF1EE10FA35D9F4EE5C
:101B1800C67AF1EE10FAC0F2C98130464AF82200BE
:101B2800D9F80C000144D1ED007A66EEA77AF4EEFC
:101B3800C77AF1EE10FA1ED9F4EEC67AF1EE10FA71
:101B4800C0F2AD813146F86940F822100232944261
:101B58007FF6CBAC510808EB81008900D0ED007A04
:101B680066EEA77AF4EEC77AF1EE10FAA3D86046CB
:101B7800A8E76046BAE76146E5E76046CEE700BFFA
:101B88000280FFFF000000300082FF7F007E00809F
:101B98000000003404FF7FBF04FF7F3F002C00F0EB
:101BA800EB807A690021D8F82430C7F8109003EB4D
:101BB800820ED7F81C909300FD610EF104021FED10
:101BC8000C6A7B61331D154656F821204808D8ED6C
:101BD8000C6ABBF1020F82F40002A2F5000207EEC4
:101BE800902A53F8212082F40002B8EEE77AA2F591
:101BF800000227EE067A07EE902A0AEB8002F8EE3A
:101C0800E77A27EE267A67EE867A82ED007A09EB84
:101C180080024FEA800067EEA67AC2ED007A27D0EC
:101C28005EF8212082F40002A2F5000207EE902A55
:101C380055F8212082F40002B8EEE77AA2F50002F6
:101C480027EE067A07EE902ADCF80820F8EEE77A05
:101C5800024427EE267A67EE867A82ED007A98EDBE
:101C68000C7ADCF80C2067EE877A0244C2ED007A21
:101C780002318C42A8D8D7F8109060466208BB6938
:101C88004946FD699847D8F82C307A69D8ED0D6A2D
:101C98001A441FED407A1FED406A131D9246DFF883
:101CA800C4C20022FB612B1DAB4ED9E9008E4EE069
:101CB800F4EEC67AF1EE10FAC0F2C580304645F867
:101CC80022000EEB0100D0ED007A66EEA77AF4EE62
:101CD800C77AF1EE10FA49D9F4EEC67AF1EE10FAA5
:101CE800C0F2BF803046BBF1020F43F822002AD071
:101CF800D9F808000844D0ED007A66EEA77AF4EE29
:101D0800C77AF1EE10FA35D9F4EEC67AF1EE10FA88
:101D1800C0F2AE8030464AF82200D9F80C000144DF
:101D2800D1ED007A66EEA77AF4EEC77AF1EE10FAF2
:101D38001ED9F4EEC67AF1EE10FAC0F28B80314665
:101D4800F86940F82210023294427FF6CEAB51086F
:101D580008EB81008900D0ED007A66EEA77AF4EEF0
:101D6800C77AF1EE10FAA3D86046A8E76046BAE74A
:101D78006146E5E76046CEE7224649466046BB69CC
:101D88009847FFF7B2BBC7F810B0002298ED0C6A6D
:101D9800331DDFED726AD7F81CB0786956F8221047
:101DA80007EE901A53F82210B8EEE77A07EE901A69
:101DB80051080232F8EEE77A27EE267A0AEB810E0E
:101DC80094420BEB810167EEA67A27EE067A67EE5E
:101DD800867A8EED007AC1ED007ADFD88300D7F8D5
:101DE80010B07B614DE61A46C7F810B098ED0C6A42
:101DF800331DDFED5B6AD7F81CB0786936F922101D
:101E080007EE101A33F9221007EE901AB8EEC77AC7
:101E180051080232F8EEE77A27EE267A0AEB810EAD
:101E280094420BEB810167EEA67A27EE067A67EEFD
:101E3800867A8EED007AC1ED007ADFD88300D7F874
:101E480010B07B6134E5F0EE675AFEEEE45A15EE09
:101E5800900A34E7F0EE675AFEEEE45A15EE901A4F
:101E68006EE7F0EE675AFEEEE45A15EE900A3AE78E
:101E7800F0EE675AFEEEE45A15EE900A4BE767EE6D
:101E8800A57AFDEEE77A17EE900A00B232E567EE22
:101E9800A57AFDEEE77A17EE900A00B23FE5F0EE7C
:101EA800675AFEEEE05A15EE901A4CE6F0EE675AC5
:101EB800FEEEE05A15EE900A30E6F0EE675AFEEEB6
:101EC800E05A15EE900AFDE5F0EE675AFEEEE05A8C
:101ED80015EE900A0AE667EEA57AFDEEE77A17EEA8
:101EE800901A09B24AE567EEA57AFDEEE77A17EE91
:101EF800900A00B22CE5F0EE675AFEEEE45A15EEB1
:101F0800902A1FE467EEA57AFDEEE77A17EE902A8D
:101F180012B2FFF731BBF0EE675AFEEEE45A15EE47
:101F2800902AFFF7FDBBF0EE675AFEEEE05A15EE79
:101F3800902AFFF79BBBF0EE675AFEEEE05A15EECB
:101F4800902AFFF780BB67EEA57AFDEEE77A17EED9
:101F5800902A12B2FFF724BB82FF7F0000000030F6
:101F6800000000387E0080FF30B5184C154685B05B
:101F7800046004F1080EEC460FC98EE80F00D4ED9A
:101F8800047AF5EEC07A8CE80F00F1EE10FA1ADD4B
:101F9800B7EE006A94ED057A27EE277AC6EE276A2F
:101FA80084ED0D7AC4ED0C6A6DB1204640F8185FD7
:101FB80001F0FEFD064903690020064A2162A2627B
:101FC800E36005B030BD012005B030BDEC0400244D
:101FD800002000300000003000680830704700BF63
:101FE800B1F5807F03680A4628BF4FF48072B1F5C7
:101FF800807F9A6094BF00200120704700681830E5
:1020080001F036BE30B5046883B008480D46A368B1
:10201800A26A216A9B00009004F1180001F0CAFD31
:102028000020C4E9000503B030BD00BFB5130008A7
:1020380010B4074B4FF07E51302400220320196161
:102048009C60D8605DF8044B5961C3E9062270476B
:10205800EC04002470B5044682B0C1F30726CDB263
:10206800ADF8041001F0CAFE4FF480724FF001235E
:102078002060A01DA571A280E671A36002B0BDE832
:10208800704000F06BBC00BF38B5044601F0B6FEE6
:10209800002223682271834210D00122A57AE37AB4
:1020A800954020602271A01D6DB243B900F032FD49
:1020B80040B22843C0B27F28A0720AD038BD00F0D1
:1020C80029FDB0FA80F040092843C0B27F28A072E9
:1020D800F4D101F093FE07EE900AF8EE677AC4EDAA
:1020E800037A38BD00B583B04FF0000E4FF0030CF3
:1020F8004274ADF80410BDF8043080F810E0A0F880
:1021080002C0038003B05DF804FB00BF2DE9F04F67
:10211800DFF81C8300258DB0C04C037008F1400324
:102128004260074601920E46202229464046C4F8DE
:102138006831C4F86481CDE90255CDE90455CDE98B
:102148000655CDE90855CDE90A550FF059FC20226E
:10215800294604F5A170C4F83151C4F83551C4F8C2
:102168003951C4F83D510FF04BFC019B84F848529B
:1021780084F830317A68002A6AD02B4604F59871C1
:10218800454606F1100A9E46F01856F803B0E218C4
:102198000EF1010ED0F80CC0D0F80490D0F80880E9
:1021A80044F803B0C2F80CC04FF0000CC2F8049019
:1021B800C2F80880008A25F802CB10821AF803209A
:1021C80001F8012F002A70D07A684FF0010012330D
:1021D800724584F84802D7D84FF4802290489DF879
:1021E800043008214FF000084FF00009C4F884318A
:1021F8000023C4E95B020122C4F8743184F88031F9
:10220800C4E95E2194F84812C4E96489A9B3C4F802
:102218009821002284F8813184F888313B78C4E918
:102228006722002B38D0012200200121013B84F8CD
:10223800A421C4E96C01082B30D8DFE813F0BD00F5
:10224800C200C700CC00D100D600DB00E100E800E6
:102258009DF804300121C4F87421C4F884314FF486
:10226800802384F880216E4AC4E95B230823002276
:10227800C4E95E130023C4E964230123002284F81F
:102288008131002384F888310323C4F898313B78DE
:10229800C4E96722002BC6D184F8A431614802F052
:1022A80029FE034638B1FFBEFEE77A68123372454D
:1022B8003FF66AAF90E702A95A48029302F078FF06
:1022C8008246002876D1042240F2FF710A90CDE9B7
:1022D800081294F83021002A00F0F3804FF0060825
:1022E8000AEBCA034FEACA0904EB43035B7C072BDA
:1022F80007D8DFE803F0595C5653504D4A040723CA
:1023080007930FFA8AF6D14406EBC60604EB49098F
:1023180004EB46077500384600F020FB99F81030AA
:10232800042B00F3AA80022B00F3BD8000F0B980D3
:1023380004EB0A03002283F8202114F81630002B3E
:1023480078D0022B00F08A80012B40F0B2807B7895
:10235800012B00F0B080002B334B18BF002305A9D8
:102368003048CDE9053802F0F1F9002840F0AC809A
:102378000AF1010A94F830315FFA8AFA534540F2BB
:10238800A0802A4B53F82A80AAE706230793B8E7C8
:1023980005230793B5E704230793B2E703230793BD
:1023A800AFE702230793ACE700230793A9E70123CC
:1023B8000793A6E7FFBEFEE703224023C4E96A238A
:1023C8006CE707226023C4E96A2367E70F228023AA
:1023D800C4E96A2362E71F22A023C4E96A235DE7F0
:1023E8003F22C023C4E96A2358E77F22E023C4E9D7
:1023F8006A2353E7FF224FF48073C4E96A234DE749
:1024080040F2FF124FF49073C4E96A2346E740F2A2
:10241800FF324FF4A073C4E96A233FE7280500247C
:1024280000200240940600240002B025901A0108FA
:10243800004000307B78062B37D0072B3DD0022B8D
:102448004AD0032B4AD0002B4CD0012B48D0042B68
:102458004AD0052B254B18BF002380E77B78042B37
:1024680025D0052B2BD08BB3012B31D0022B31D0AB
:10247800032B1F4B18BF002371E70323043504EB1C
:102488000A0B4FF0000925448BF82031284609F142
:10249800010900F063FA9BF8203104354B45F5DC5F
:1024A8004BE70123EAE70223E8E7124B57E7124B11
:1024B80055E7002353E7114B51E7114B4FE7114BF9
:1024C8004DE70DB0BDE8F08FFFBEFEE70E4B46E7C7
:1024D8000E4B44E70E4B42E70E4B40E70E4B3EE7F0
:1024E8000E4B3CE70E4B3AE70E4B38E70000B84F6F
:1024F800002090360800900C1000C0102000F01446
:102508008000501D000180210004002A0008302EA0
:10251800001060320040C03A0080F03E0000524790
:10252800000021430000844B38B5094C40F2FF728B
:102538004FF0011104F5B675284602F0E7FD94F84E
:102548003021D4F864112846BDE8384002F052BB67
:1025580028050024064B0F29D3F8643198BF03EBF4
:1025680041031B8800EE103ABBEEC80A704700BF53
:1025780028050024214B02689A4200D07047204A5F
:1025880000232048D2F8D81030B51F4C41F0200164
:1025980083B0C4F8D001092004F5E875C4E97503CF
:1025A8004FF48060C2F8D810D2F8D8204FF40061F8
:1025B800C4E9773094F8480202F02002C4F8E41124
:1025C8004FF40051984201922846C4F8E811C4E932
:1025D8007C33019B14BF00234FF48073C4F8EC31A3
:1025E80003F00CF808B1FFBEFEE704F5B673C4F8B3
:1025F800B851C4F8083203B030BD00BF0020024013
:10260800004402584000024028050024014803F015
:102618006DBB00BFF806002402682DE9F84F4B4B4C
:102628009A4201D0BDE8F88F494D95F84832002B01
:10263800F8D095F83031002B77D0002405F10C093B
:1026480005F5A17605F59877A04613E003F001019A
:1026580017F811BCA9F1080000F06AFABBF1010FE4
:1026680025D895F83031013409F112090236A2B2A1
:1026780093422BD917F8012F002AF4D0D5F86431EA
:102688000021327833F81400D5F8683103EB0413CD
:1026980023F81200338801339BB233805FFA83FA40
:1026A8003A789A42D2D88A46A6F80080D0E7CAF388
:1026B8004001A9F1040000F03BFABBF1020FCAF394
:1026C8008001CED0484600F033FACAE7002395F8D7
:1026D8004802204909229842C5F8D8314FF4806051
:1026E800C5F8D011C5F8D4214FF400614FF4005259
:1026F800C5F8DC3108BF4FF48073C5F8E821C5E997
:10270800780100221448C5E97B32C5F8F42102F0AB
:1027180075FF08B1FFBEFEE795F83021D5F86411C2
:102728000E48BDE8F84F02F065BA0A4909224FF48D
:102738008060C5F8D831C5E974124FF400614FF4D0
:102748000052C5E97730C5E97912DAE7002002407E
:102758002805002440000240F806002494060024BE
:10276800704700BF10B592B0ADF804100180C9B22F
:10277800149C0B29C460C0E901233FD090F801C024
:10278800BCF10F0F3AD8022A3FD0032A02D0012AFF
:1027980000D000220E92012B02D0022B18BF00237A
:1027A800022C0F932CD0032C2AD0012C28D00023E4
:1027B8000A29109327D85C4A02EB812202610A2970
:1027C80014D8DFE801F0A39587796B5D4F41332575
:1027D8000600564BD3F8E01041F48061C3F8E010CE
:1027E800D3F8E03003F480630C930C9B01230DA90C
:1027F800104603FA0CF30D9303F0CAFD12B010BD96
:102808000A291094D7D90022D8E711220E92C2E7DC
:10281800464BD3F8E01041F40071C3F8E010D3F848
:10282800E03003F400730B930B9BDFE73F4BD3F8C7
:10283800E01041F48071C3F8E010D3F8E03003F4FD
:1028480080730A930A9BD1E7384BD3F8E01041F024
:102858008001C3F8E010D3F8E03003F08003099357
:10286800099BC3E7314BD3F8E01041F04001C3F8AE
:10287800E010D3F8E03003F040030893089BB5E775
:102888002A4BD3F8E01041F02001C3F8E010D3F848
:10289800E03003F020030793079BA7E7234BD3F807
:1028A800E01041F01001C3F8E010D3F8E03003F075
:1028B80010030693069B99E71C4BD3F8E01041F0F0
:1028C8000801C3F8E010D3F8E03003F008030593DB
:1028D800059B8BE7154BD3F8E01041F00401C3F8D2
:1028E800E010D3F8E03003F004030493049B7DE781
:1028F8000E4BD3F8E01041F00201C3F8E010D3F812
:10290800E03003F002030393039B6FE7074BD3F810
:10291800E01041F00101C3F8E010D3F8E03003F013
:1029280001030293029B61E7000002580044025829
:1029380008B5012143780069994089B203F030FF56
:10294800003818BF012008BD01230A4641780069F4
:1029580003FA01F189B203F029BF00BF8378022B83
:1029680030B504468FB037D0032B33D0012B31D08C
:1029780000230A93E378012B2AD0022B28D00023C6
:102988000B93002320460C9301F05AFD0546204680
:1029980001F05EFD23780990082B13D8DFE803F0D7
:1029A8001F3245586B7E91A40500594BD3F8E0209F
:1029B80042F48072C3F8E020D3F8E03003F4807367
:1029C8000893089B09A9284603F0E2FC0FB030BD24
:1029D8000B93D6E70A93CDE711230A93CAE74C4B2A
:1029E80009A92846D3F8E02042F00102C3F8E02004
:1029F800D3F8E03003F001030093009B03F0C8FC18
:102A08000FB030BD424B09A92846D3F8E02042F068
:102A18000202C3F8E020D3F8E03003F00203019388
:102A2800019B03F0B5FC0FB030BD394B09A928460E
:102A3800D3F8E02042F00402C3F8E020D3F8E030F5
:102A480003F004030293029B03F0A2FC0FB030BD15
:102A58002F4B09A92846D3F8E02042F00802C3F812
:102A6800E020D3F8E03003F008030393039B03F05E
:102A78008FFC0FB030BD264B09A92846D3F8E020BB
:102A880042F01002C3F8E020D3F8E03003F010035E
:102A98000493049B03F07CFC0FB030BD1C4B09A9C8
:102AA8002846D3F8E02042F02002C3F8E020D3F80B
:102AB800E03003F020030593059B03F069FC0FB099
:102AC80030BD134B09A92846D3F8E02042F0400254
:102AD800C3F8E020D3F8E03003F040030693069BE8
:102AE80003F056FC0FB030BD094B09A92846D3F8AE
:102AF800E02042F08002C3F8E020D3F8E03003F091
:102B080080030793079B03F043FC0FB030BD00BF61
:102B18000044025838B5054601F092FC04462846A0
:102B280001F096FC01462046BDE8384003F038BE67
:102B380070B506460D4601F083FC0446304601F0A8
:102B480087FC2A1E0146204618BF0122BDE87040B6
:102B580003F02CBE0023122270B586B0CDE9022303
:102B680004930368032B01D804230593061D841DD1
:102B7800304601F065FC0546304601F069FC034625
:102B880001A92846019303F003FC204601F058FCF4
:102B9800034620461C4601F05BFC01A9034620467B
:102BA800019303F0F5FB06B070BD00BF634A0368EC
:102BB800934210B58CB028D0614A934258D0614AEC
:102BC800934200F09480604A934201D00CB010BD4B
:102BD8005E4C5F48D4F8E03043F00203C4F8E030BC
:102BE800D4F8E03003F002030A930A9BFFF7B2FF20
:102BF800D4F8F43043F08003C4F8F430D4F8F43057
:102C080003F080030B930B9BE0E7504C5148D4F83A
:102C1800E03043F00203C4F8E030D4F8E03003F0C9
:102C280002030193019BFFF795FFD4F8E8300022D7
:102C38001F2043F400131146C4F8E830D4F8E830F4
:102C480003F400130293029BD4F8D83043F0010335
:102C5800C4F8D830D4F8D83003F001030393039BA9
:102C680002F01AFB1F200CB0BDE8104002F052BB66
:102C7800364C3948D4F8E03043F08003C4F8E030EB
:102C8800D4F8E03003F080030493049BD4F8E030D8
:102C980043F00203C4F8E030D4F8E03003F0020354
:102CA8000593059BFFF756FFD4F8E8300022212052
:102CB80043F480031146C4F8E830D4F8E83003F44C
:102CC80080030693069BD4F8D83043F00103C4F878
:102CD800D830D4F8D83003F001030793079B02F0EB
:102CE800DBFA21200CB0BDE8104002F013BB1B48F2
:102CF800FFF730FF154B00224820D3F8E840114673
:102D080044F40004C3F8E840D3F8E84004F40004AD
:102D18000894089CD3F8D84044F00104C3F8D8407C
:102D2800D3F8D83003F001030993099B02F0B4FAF1
:102D380048200CB0BDE8104002F0ECBA0054004046
:102D480000580040005C0040001C00580044025835
:102D5800000A0024780700245008002428090024C9
:102D68002DE9F0431A4B87B000254FF010099E4615
:102D7800EC46184BFF22E04667461A700EF118061B
:102D88000EF13004CDE90055CDE90255ADF80090BB
:102D9800BCE80F00CDE90455AEE80F009CE803003D
:102DA8000095ADF800908EE80300B8E80F000FC654
:102DB8009CE803000095ADF8009086E803000FCF6B
:102DC8000FC49CE8030084E8030007B0BDE8F08363
:102DD800040000247407002410B5EFF3108472B6C1
:102DE800084B1A78120602D504B962B610BD1B78D2
:102DF800D82205485BB202FB0300143002F076FFCC
:102E0800F2E700BF7407002478070024014804F0A3
:102E180065BB00BF04080024014804F05FBB00BF85
:102E2800DC080024014804F059BB00BFB4090024A1
:102E38002DE9F0430F68D8243F4D85B007FB04F413
:102E4800032F05EB0403036040DCCB680E46012B1F
:102E58003CD84DD04FF0D808B646DFF8FC9008FBB8
:102E68000758BEE80F00C446ACE80F00DEF8003093
:102E78000DF1100ECCF80030D8F808C099E80F0012
:102E88000EE90F000EEB8703BCF1010F53F8103C5D
:102E9800C8F88C3031D0BCF1020F42D0BCF1000F21
:102EA80035D0317C8C34D823002201202C4403FBFC
:102EB80007534900C3E92602C3F894102046C3E922
:102EC8002822C3E92A2204F0FBF818B1012005B032
:102ED800BDE8F0830146204604F00CFB0028F5D13C
:102EE8000146204604F030FB003818BF0120EEE709
:102EF8000B7C103B672BADD9E8E701F01BF90F4BB2
:102F080098420CBF0E4B0F4BC8F89030C9E701F040
:102F180011F90A4B98420CBF0B4B0C4BC8F8903078
:102F2800BFE701F007F9054B98420CBF084B094B66
:102F3800C8F89030B5E700BF78070024000E2707CF
:102F48002D0FB0303211D0205F4390608A62E0309C
:102F5800200BA0101A098010181A01082DE9F04159
:102F6800D0F8008082B00D4617461E4608F18C0442
:102F7800204604F0BBFA2028FAD1D8F80C3073B9EF
:102F88006D002046089C33463A46A9B2009404F0E6
:102F9800EDF8003818BF012002B0BDE8F081089BA9
:102FA80032463946204604F0B5F9F2E7044B1022C0
:102FB8001A7483F8E82083F8C02183F898227047B0
:102FC8007807002430B5002395B04FF480710622AD
:102FD80004460B9306921393CDE90C13CDE90E33F7
:102FE800CDE9113301F0A8F807282BD004F110051A
:102FF80041F2883206A9284605F0B8F828B101231D
:10300800184684F85C3015B030BD0222022306A9A8
:103018002846CDE9002310220123CDE9022300220E
:103028004FF48003CDE9042305224FF08073069204
:103038006A460F9341F2883305F004FA0028DED17E
:1030480015B030BD0323012084F85C3015B030BDC5
:1030580070B50023A4B04FF080724FF48075044619
:10306800ADF806300D93CDE910320122CDE90E53AB
:10307800CDE91223CDE91433002943D0F02300F120
:10308800100508AEADF80630C02341F2883231464B
:103098002846089305F06AF828B10123184684F8F1
:1030A8005C3024B070BD41F288320DF1060128462B
:1030B80005F0C6F803460028EFD105224FF48071C9
:1030C8001E93284616924FF080721B9321931F92ED
:1030D80002AA9FED1F7BCDE91C13CDE922338DEDAC
:1030E800027B9FED1D7B41F2883316A98DED047B91
:1030F8009FED1B7B8DED067B05F0A4F90028CCD154
:1031080024B070BD00F1100508AE612341F2883289
:1031180031462846089305F029F80028BDD141F228
:1031280088320DF10601284605F008F90028B4D1C7
:10313800BDF80630204623F0780343F04003ADF88D
:103148000630FFF73FFF00289ED0A6E7AFF30080C8
:103158000000000001000000100000000100000055
:1031680000000000000040002DE9F04F00234FF45C
:10317800807501264FF0807804462DED028BABB0A8
:103188008DF8073013932193299314950E96CDF853
:103198005C80CDE91533CDE91863CDE91A33CDE963
:1031A8002253CDE92433CDE9273306231C9300F0BD
:1031B800C3FF072808D004F1100741F288321CA980
:1031C800384604F0D3FF40B10123184684F85C3038
:1031D8002BB0BDEC028BBDE8F08F4FF0020A4FF028
:1031E800020B4FF0050941F2883308AA1CA938469A
:1031F800CDF89480CDF870909FED2D8BCDE908AB7C
:103208004FF0000A4FF4800B8DED0A8BCDE90CAB23
:1032180005F018F90028D7D141F2883238460EA9AE
:1032280004F0A4FF0028CFD1402341F288320DF1E9
:10323800070138468DF8073005F002F80028C3D199
:1032480041F288330EA902AA3846CDF83890CDF855
:103258005C809FED197B8DED048BCDE906AB8DED80
:10326800027B05F0EFF803460028ADD1CDF8709049
:103278004FF00109CDF894804FF00008219308AA77
:1032880029931CA938462295CDE92333CDE9273364
:1032980041F288338DED0A8BCDE90CABCDE9088975
:1032A80005F0D0F8002893D0304684F85C608FE7AA
:1032B8001000000001000000400000004000000075
:1032C8002DE9F043624CA3B00D46046000F034FFD2
:1032D800072800F0A980286823466968AA6807C3F8
:1032E8001E46AB8926F8043B3046257B677B04F0F5
:1032F8001FFFE0B9574B012D4FF00108E061236132
:1033080014BF4FF480134FF40003C4E9058893FAFF
:10331800A3F3B3FA83F34FF48079013BC4F8249004
:10332800C4E90B003046236204F096FE38B101224E
:10333800134684F85C20184623B0BDE8F083662362
:103348000B90139041F2883206A90693CDE90C90B0
:10335800CDE90E00CDE91100304604F007FF002842
:10336800E5D1992341F2883206A93046069304F044
:10337800FDFE0028DBD105231C9019906A461493A2
:103388004FF08073219014A91D9341F288339FED6B
:103398002A7BCDE91A90CDE91F008DED007B9FEDCA
:1033A800287B30468DED027B9FED277B8DED047BDE
:1033B80005F048F80028BAD129462046FFF748FE0C
:1033C8000028B4D12046FFF7CFFE03460028AED12F
:1033D800002FB0D1189330460027002606AA14A95A
:1033E800CDF86890CDE91F33EB2314934FF4406375
:1033F8001B934FF4005317934FF440431C93A0239F
:103408001693062319934FF0805321934FF040737E
:10341800CDE906671D9305F08DF8034600288AD08C
:10342800434684F85C8086E701230322184684F823
:103438005C2023B0BDE8F08300000000010000001C
:103448001000000001000000000000000000400023
:10345800D80A0024005000522DE9F04F8FB0414B9C
:103468000024026800AF9A427C63C7E90944C7E9AF
:103478000B4403D03C37BD46BDE8F08F3A4B40F6CD
:1034880009213A48EB46D3F8D42007F11C0607F186
:10349800220A4FF0020942F480424FF00308C3F8B1
:1034A800D420D3F8D42002F48042BA60BA68D3F8A2
:1034B800E02042F04002C3F8E020D3F8E02002F018
:1034C8004002FA60FA68D3F8E02042F02002C3F81C
:1034D800E020D3F8E02002F020023A613A69D3F8FC
:1034E800E02042F01002C3F8E020D3F8E02002F018
:1034F80010027A617A69D3F8E02042F00202C3F838
:10350800E020D3F8E030F86103F002033984BB61AE
:10351800174B7B60BB697B6853F8040F7B6000F036
:103528008FFF7B680546186800F092FF16F8013B8C
:10353800786207F124012846C7F830807B63C7E921
:103548000A9402F025FF5645E5D100225C20114679
:1035580001F0A2FE5C2001F0DDFE3C37DD46BD46F1
:10356800BDE8F08F00500052004402580A0A0909C9
:10357800340B0024114B02689A4200D07047104A5D
:1035880070B5D2F8D4300F4C23F4804304F11806F8
:10359800C2F8D43054F8040F00F052FF05462068F2
:1035A80000F056FF0146284603F032F8B442F1D144
:1035B8005C20BDE8704001F0BBBE00BF0050005267
:1035C80000440258340B0024014805F03FB800BFFE
:1035D800E80A0024084B1A1D981D03F1080110B4CD
:1035E8009C1C9A6603F10A02C3E91834C3E91B015B
:1035F8005DF8044B5A677047D80A002438B5036849
:1036080071B9026A00F1280500F5AC74012A0CBFF3
:10361800002140218BBB1D4B5722C0F858310DE0CB
:10362800426A00F1C00500F5E874012A0CBF0021C8
:103638004021EBB1164B5A22C0F8D0310023204666
:10364800C4E901214FF480524FF4806163626261E2
:103658004FF48042C4E903314FF48073C4E9062370
:103668004FF40033236201F0C9FF58B1FFBEFEE7F3
:10367800084B5822C0F8D031E0E7074B5922C0F870
:103688005831DBE7C5E92044A56338BD1000024086
:103698007000024028000240580002402DE9F04323
:1036A800821D05468BB0031D05F10A010830CDE9DE
:1036B800052305F10C02AB69CDE907010992002B3E
:1036C8003DD0EB69B3FA83F84FEA58180123022278
:1036D80005AE0AAF4FF006090393CDE9012356F86A
:1036E800044B2B792278934216D02B68F3B1012B27
:1036F80002D1F2B10A230493204600F0A9FE034642
:103708002046009300F09CFE694602F041FEBE424E
:10371800E5D10BB0BDE8F083697963789942E4D1CB
:10372800B8F1000FF3D02B68002BE0D1CDF8109042
:10373800E2E76378022B14BF0A230823DBE74FF084
:103748000108C3E7534A0368934230B505468BB076
:1037580055D02032934252D04F4A934204D020325F
:10376800934201D00BB030BD4C4C4D48D4F8E030FA
:1037780043F00103C4F8E030D4F8E03003F001036B
:103788000593059BD4F8E03043F00803C4F8E03013
:10379800D4F8E03003F008030693069BD4F8E03031
:1037A80043F04003C4F8E030D4F8E03003F04003BD
:1037B8000793079BD4F8F03043F40003C4F8F030C3
:1037C800D4F8F03003F400030893089BFFF766FF72
:1037D800D4F8D830296843F001032F4A3048C4F898
:1037E800D830891AD4F8D83018BF012103F0010362
:1037F8000993099B0BB0BDE83040FFF7FFBE274C8B
:103808002848D4F8E03043F00103C4F8E030D4F895
:10381800E03003F001030093009BD4F8E03043F05C
:103828001003C4F8E030D4F8E03003F0100301933B
:10383800019BD4F8E03043F04003C4F8E030D4F8FA
:10384800E03003F040030293029BD4F8F03043F4D5
:103858008003C4F8F030D4F8F03003F48003039305
:10386800039BFFF71BFFD4F8D830296843F0010306
:10387800084A0C48C4F8D830891AD4F8D83018BF88
:10388800012103F001030493049B0BB0BDE8304011
:10389800FFF7B4BE04580140045C014000440258DC
:1038A800AC0D0024500B0024014802F01FBA00BFE1
:1038B800A80C0024014802F019BA00BF200D00240A
:1038C800014802F013BA00BF040F0024014802F0B7
:1038D8000DBA00BF7C0F00241A4A0368934210B443
:1038E8000BD02032934208D0174A934216D0203288
:1038F800934213D05DF8044B7047144B0022D3F861
:103908005442C3F85822002CF4D0D3F84802D3E923
:10391800931223465DF8044B520818470B4B0022BC
:10392800D3F8B044C3F8B424002CE3D0D3F8AC24C3
:10393800D3F8A814D3F8A404520823465DF8044B1E
:10394800184700BF04580140045C0140500B002494
:10395800184A0368934210B40BD02032934208D01F
:10396800154A934217D02032934214D05DF8044B85
:103978007047124BD3E994245208C3F85822002CFC
:10398800F4D0D3E99201234601EB820100EB8200D7
:103998005DF8044B1847094BD3F8AC24D3F8B0446E
:1039A8005208C3F8B424002CE0D0D3F8A814D3F8F4
:1039B800A404E8E704580140045C0140500B0024CB
:1039C8002DE9F04F0C684FF41776754F87B004FB5C
:1039D80006F6012C07EB060AC0F800A000F3A08049
:1039E8000D468E464FF00008D44669A3D3E900235C
:1039F80069A1D1E90001CDE9022306ABCAF85082DA
:103A080003EB8403CDE9040153F810BC53F8083CD8
:103A1800CAE992880193BEE80F00ACE80F00BEE83F
:103A28000F00ACE80F00019B9EE80300CAF828B01D
:103A3800CAF8C0308CE803002B69042B0CD8DFE8E7
:103A480003F0737D879103004FF41773554A03FB06
:103A580004739A64C3F8E020AA692B6A002A43D049
:103A6800002B4FF4177308BF022203FB047318BF1F
:103A78000322DA6201221A63EA696B6A002A40D1DA
:103A8800191E4FF4177318BF012103FB0473C3E910
:103A980031126B69022B05D8434A12F80380434A56
:103AA80052F823904FF4177306F12800424649460E
:103AB80003FB04740023384463646363E365C4F858
:103AC800DC30C4F8CC30C4F8F430C4E90F33C4E9AE
:103AD8001533C4E93533C4E93B33022306F058FEF5
:103AE800002849D0FFBEFEE7191E4FF4177318BF10
:103AF800012103FB0473C3E90B12EA696B6A002A0C
:103B0800BED0002B4FF4177308BF022203FB0473C7
:103B180018BF0322C3F8C4200122C3F8C820B8E79D
:103B2800012007B0BDE8F08F4FF417734FF4FA5235
:103B380003FB04739A64C3F8E0208DE74FF417730E
:103B48004FF47A5203FB04739A64C3F8E02083E7C6
:103B58004FF417734FF4FA4203FB04739A64C3F8E3
:103B6800E02079E74FF417734BF6803203FB0473B8
:103B78009A64C3F8E0206FE706F1C00002234246CA
:103B88004946384406F004FE0028CAD0FFBEFEE7C6
:103B980004580140045C014024580140245C014061
:103BA800500B002400770100D01A0108D41A01082C
:103BB8000068704770B5046882B015460E46C4F8B0
:103BC8005032C4E99212069AC4F85422A269012A12
:103BD80026D0626A012A9AB211D0294604F1C0009F
:103BE800019206F091FE236A019A012B10D0294612
:103BF80004F1280006F088FE002002B070BD04F130
:103C0800C000019206F012FF236A019A012BEED13F
:103C1800314604F1280006F009FF002002B070BD0B
:103C2800226A012A9AB211D0294604F12800019289
:103C380006F06AFE636A019A012B10D0294604F146
:103C4800C00006F061FE002002B070BD04F128003B
:103C5800019206F0EBFE636A019A012BEED1314620
:103C680004F1C00006F0E2FE002002B070BD00BF03
:103C780003681B69042B05D8044A02EB830393ED00
:103C8800000A70479FED020A704700BFE01A01085A
:103C980000803B470368D3F858027047704700BF5D
:103CA80008B500F0DDFCBDE8084001F0BDBB00BF71
:103CB800064808B503680BB102F07CFD04480368A8
:103CC8001BB1BDE8084003F06BBC08BD1814002404
:103CD80010100024064808B503680BB102F06AFD0D
:103CE800044803681BB1BDE8084003F059BC08BD8F
:103CF8001814002410100024064808B503680BB1F6
:103D080002F058FD044803681BB1BDE8084003F001
:103D180047BC08BD1814002410100024364BDA6A7A
:103D2800520062D59A6A9A6A9A6A9B6A180600D5FE
:103D380000BE314B9B6A990600D500BE2E4B9B6A8C
:103D4800DA0600D500BE2C4B9B6A1B0700D500BEC7
:103D5800294B9B6A980700D500BE274B9B6AD90759
:103D680000D500BE244B9B6A1A0400D500BE224B26
:103D78009B6A9B0400D500BE1F4B9B6AD80400D5E4
:103D880000BE1D4B9B6A190500D500BE1A4B9B6AE5
:103D98005A0500D500BE184B9B6A9B0500D500BE8E
:103DA800154B9B6AD80500D500BE134B9B6A990139
:103DB80000D500BE104B9B6ADA0100D500BE0E4B41
:103DC8009B6A1B0300D500BE0B4B9B6A580300D5AA
:103DD80000BE094B9B6A990300D500BE064B9B6A3F
:103DE800DA0306D400BE00BEFEE7DB6A9B07FAD5FD
:103DF800F8E700BEF6E700BF00ED00E000F03CBCCD
:103E080000F040BC0A4B9B6803F17843B3F5003FD0
:103E18000BD3084B986848B19868012806D0986871
:103E2800022803D09B68032070470120704700BF19
:103E380000ED00E0000080382DE9F041CEB00446E6
:103E48004C2200210AA80DF0DBFD2022002102A847
:103E58000DF0D6FDBC2200211EA80DF0D1FD0220D8
:103E680004F012F82368012B4FF0000354D0534A92
:103E780002250193C820D16A514B21F00101D1627A
:103E8800D26A02F0010201929A6942F440429A61B0
:103E98009B6903F440430193019B494A93699B043E
:103EA800FCD548490224002201268B6A04274FF0DA
:103EB800080823F0030323438B62052316900AA8FE
:103EC80018934FF480331096179419941597CDF8DA
:103ED8006880CDE91B222122CDE91344CDE90A23CC
:103EE80004F0BCFC00B1FEE73F220323294602A8E8
:103EF800CDE9022300220823CDE9042340224023F0
:103F0800CDE9062340234FF48062CDE9082304F06D
:103F1800D3FF0346B8B1FEE7294A04250093F020F1
:103F28009169264B41F440419161926902F4404203
:103F38000092DA6A42F00102DA62DB6A03F00103F6
:103F48000093009BA9E720224FF4805125934FF45A
:103F580040152B9280222D931EA8309326913591DF
:103F68004FF48071249234920C223394439140F29E
:103F7800271120921022CDF884802A971F96CDE928
:103F88002E34CDE93B334FF48033CDE922463193CB
:103F9800002446930623CDE93E4527934FF48063DA
:103FA800094C2C931E94CDE9281205F0E1F900B1D3
:103FB800FEE703F08FFF4EB0BDE8F0810004005823
:103FC80000480258004402580F130F0370B584B01C
:103FD800012401F0D7F94FF480764FF04052194B85
:103FE80068460025ADF800400396CDE9012301F0AD
:103FF800E7F919224FF0404368468DF808200193ED
:104008008DF80F40ADF80D608DF801408DF80A501D
:1040180001F0D6F902230B2268468DF80F508DF86F
:1040280001304FF062538DF808200193ADF80D4030
:104038008DF80A4001F0C4F9042001F0B1F904B088
:1040480070BD00BF0E00010330B50D46044685B0B3
:10405800D1E9000184E8030000F0D2FAAB79A3B3F8
:104068000AF08EF8FEF77CFE08F0F4FC09F080FDFB
:104078002B798BBB6B799BB1BFF34F8FBFF36F8FDE
:104088002A4B0022C3F85022BFF34F8FBFF36F8F24
:104098005A6942F400325A61BFF34F8FBFF36F8FF2
:1040A8004FF0FF3200230024002569462048029281
:1040B8008DF80C30CDE9004509F0ECF81C4809F002
:1040C80051F908F0F7F805B030BD2046FFF7B4FE07
:1040D8002046FFF77BFFC3E7144C0023C4F8843065
:1040E800BFF34F8FD4F8801043F6E07EC1F34E3C07
:1040F800C1F3C9014FEA4C1C0CEA0E000B4640EA1A
:104108008372013BC4F860225A1CF8D1ACF1200C30
:104118001CF1200FF0D1BFF34F8F636943F4803354
:104128006361BFF34F8FBFF36F8FA3E700ED00E02C
:104138000810002404F0F0BF1C4B9B6803F1784280
:10414800B2F5003F25D3B3F5803F20D303F1604299
:10415800B2F5003F1FD303F15C42B2F5002F1CD328
:1041680003F17042B2F5902F19D303F14842B2F52A
:10417800803F16D303F18042B2F1806F13D303F16D
:10418800E043B3F5000F2CBF08200720704701203B
:1041980070470020704702207047032070470420B2
:1041A8007047052070470620704700BF00ED00E00B
:1041B80003480023034A044903600DF0E9B800BF2F
:1041C8000810002400000024A53C000810B4204C6E
:1041D8000022204B83B0D4F888101F4841F47001A6
:1041E800C4F8881019681D4C41F0010119601A6162
:1041F800196808401A4918609A61DA611A629A6265
:10420800DA621A635A639A63DA631A645A6418683A
:1042180020F4802018601A66D3F8DC2042F060424F
:10422800C3F8DC20D3F8DC300193019B23681940E4
:10423800B1F1005F03D20B4B0122C3F80821044BF4
:104248004FF000629A6003B05DF8044B704700BFFE
:1042580000ED00E0004402587FEDF6EA0010005C33
:104268000000FFFF0080005100F57171D0F80404D0
:1042780007F008BCC1EBC10300EB8303D0F80404CA
:10428800D3F8082207F02CBCC1EBC10300EB830371
:10429800D0F804049A6C07F061BC00BFD0F804049D
:1042A80007F000BDC16810B5044619B1022900D055
:1042B800FEE70121D4F8040407F0DEFCD4F8040476
:1042C800BDE8104007F0B0BC10B50446D0F80404AF
:1042D80007F0D6FC2268D2F8003E43F00103C2F88A
:1042E800003E236A23B1034A136943F006031361AE
:1042F80010BD00BF00ED00E0D0F8040407F0CABC10
:10430800D0F8040407F0DEBCD0F8040407F0D8BCE9
:10431800D0F8040407F0D8BCD0F8040407F0D6BCE1
:104328009446D0F898021A4608B5634603F09CFCF8
:10433800032802D8024B185C08BD022008BD00BF44
:10434800041B0108D0F8980208B503F01BFD0328E8
:1043580002D8024B185C08BD022008BD041B0108E6
:10436800D0F8980208B503F051FD032802D8024B93
:10437800185C08BD022008BD041B01080A06D0F815
:10438800983206D4C1EBC10103EB810191F8FE011B
:10439800704701F07F01C1EBC10103EB810191F886
:1043A8003E007047D0F8980208B503F047FC032890
:1043B80002D8024B185C08BD022008BD041B010886
:1043C800D0F8980208B503F0B5FC032802D8024BD0
:1043D800185C08BD022008BD041B0108D0F898022B
:1043E80008B503F07FFC032802D8024B185C08BD0F
:1043F800022008BD041B0108D0F8C00207F014BF52
:10440800D0F8C00207F028BFD0F8C00207F030BFCC
:10441800704700BFD0F8C00207F016BFD0F8C0023E
:1044280007F016BFD0F8D00308B502F083FD0328C3
:1044380002D8024B185C08BD022008BD081B010801
:10444800024B027853F82200704700BF2C1B01086A
:10445800024B427833F81200704700BF0C1B01086A
:104468008CB00A2814D8DFE800F01523313F4D5BE3
:104478006977859306004D4BD3F8E02042F48062BB
:10448800C3F8E020D3F8E03003F480630B930B9B70
:104498000CB07047454BD3F8E02042F00102C3F856
:1044A800E020D3F8E03003F001030193019BEFE72C
:1044B8003E4BD3F8E02042F00202C3F8E020D3F8E4
:1044C800E03003F002030293029BE1E7374BD3F895
:1044D800E02042F00402C3F8E020D3F8E03003F013
:1044E80004030393039BD3E7304BD3F8E02042F057
:1044F8000802C3F8E020D3F8E03003F0080304937F
:10450800049BC5E7294BD3F8E02042F01002C3F81A
:10451800E020D3F8E03003F010030593059BB7E7DC
:10452800224BD3F8E02042F02002C3F8E020D3F871
:10453800E03003F020030693069BA9E71B4BD3F852
:10454800E02042F04002C3F8E020D3F8E03003F066
:1045580040030793079B9BE7144BD3F8E02042F0F6
:104568008002C3F8E020D3F8E03003F0800308931A
:10457800089B8DE70D4BD3F8E02042F48072C3F816
:10458800E020D3F8E03003F480730993099B7FE7B8
:10459800064BD3F8E02042F40072C3F8E020D3F8C9
:1045A800E03003F400730A930A9B71E70044025851
:1045B800704700BF0F4B1B780BB90120704710B52F
:1045C80004464FF47A700C4AB0FBF3F31068B0FB62
:1045D800F3F000F0C1FE0F2C00D808B1012010BD87
:1045E800002221464FF0FF3000F056FE034B00201A
:1045F8001C6010BD540000244C0000245800002406
:1046080038B50320124D00F035FE124C04F0B4FB0F
:10461800114A12499369C3F30323CB5C03F01F03C8
:1046280020FA03F30E202B60926902F00F028A5CD5
:1046380002F01F02D3402360FFF7BCFF10B1012432
:10464800204638BD0446FFF7B3FF204638BD00BFFB
:104658004C0000245000002400440258F41A0108B9
:10466800034A044B11681B780B441360704700BF62
:10467800DC16002454000024014B1868704700BF62
:10468800DC16002438B50446FFF7F6FF0546631C20
:1046980002D0044B1B781C44FFF7EEFF431BA342D8
:1046A800FAD338BD54000024014B1868000C704739
:1046B8000010005C704700BF806B08B5FFF7FAFF79
:1046C80008BD00BF836B5A6D12F0500F5A6D10B5BC
:1046D8001DD1196842F400725A650A6812F0080F71
:1046E800CA681BD012F4406F0DD1CA6894040AD46A
:1046F8005A6D22F480725A655A6DD10403D45A6DEA
:1047080042F001025A651846FDF786FF10BDD20631
:104718000AD4DB6CBDE81040DB6C18479007E7D083
:104728001846FDF779FFF1E71846FEF719F810BDAE
:10473800806B08B5436D43F040034365836D43F0D8
:1047480004038365FEF70CF808BD00BFF0B500222E
:1047580083B0019290F85020012A00F01C81034692
:1047680001201A6883F850009468640700F18A8071
:104778000C68C4F31305002D40F08F80C4F38464E3
:10478800A0404D684FF01F0ED6694FEA951C304384
:104798000CF00C0CD06105F01F0002F130058440CC
:1047A8000EFA00FE5CF8050020EA0E0004434CF8FF
:1047B8000540906840076ED4956815F0080547D104
:1047C8000C68072002F11406B94F4FEAD45CC4F311
:1047D80004540CF0040C00FA04FE886800FA04F48F
:1047E8005CF8060020EA0E0020434CF80600386802
:1047F80000F07040B0F1805F00F0C580D068D668E6
:10480800C70600F1E880C6F382064869760000FA18
:1048180006F60F69042F00F0C18002F160040868F1
:1048280054F827C000F0F8400CF0004C40EA0C00A7
:10483800304344F82700487E0E69012854F82600C2
:1048480008BF4FF0004520F00040054344F82650CB
:104858009068C40714D4CE68086806F01807954C09
:10486800D2F8C050FC40C0F31307044025EA0705FE
:104878002C43C2F8C040904CA64246D0002816DB14
:10488800002003E05A6D42F020025A65002283F8A6
:10489800502003B0F0BD9068DAE794FAA4F5B5FAB1
:1048A80085F5C4F3846405F01F05A84069E78349CA
:1048B8008A4200F0B68001F580718A4200F0B1802A
:1048C8007F4D804CA968A46801F0E076E44304F0C9
:1048D8000104002C00F0B4807B4CA04200F0FC8066
:1048E8007A4CA04200F01A81794CA042C8D1490202
:1048F800C6D474498A42C3D1AA68002022F0E07263
:10490800324342F48002AA60C0E7002F6AD090FACE
:10491800A0F4B4FA84F4013404F01F04092C00F262
:10492800A48090FAA0F4B4FA84F490FAA0F5B5FA49
:1049380085F5013401260135A40605F01F0504F0AC
:10494800F84406FA05F52C4390FAA0F0B0FA80F086
:10495800304400F01F0000EB400000052043C60D66
:1049680002F11405C0F30450072406F0040604FA03
:1049780000F7745924EA07048F6807FA00F0204307
:10498800705108687AE7D6684869C6F382067600E7
:1049980000FA06F63DE7022003B0F0BD106E0C6881
:1049A80000F0F840A506B0EB846F30D0506E00F0F0
:1049B800F840854226D0906E00F0F84085422BD012
:1049C800D06E00F0F84085427FF442AFD06E20F000
:1049D8000040D0663CE77608486906F0080600FA09
:1049E80006F616E7800E441C04F01F06092E2DD883
:1049F800A406012004F0F844B040044306EB460046
:104A08000005ABE7506E20F000405066D3E7106E0B
:104A180020F000401066C9E7906E20F000409066D4
:104A2800CEE7264C2B4D04F58074A96854F8F86C31
:104A3800A468344301F0E076E44304F0010448E755
:104A48005A6D012042F020025A651FE706EB460026
:104A5800A50601241E3805F0F84504FA06F60005F7
:104A6800354340F00070284379E790FAA0F5B5FA8D
:104A780085F590FAA0F4B4FA84F4013501260134DE
:104A8800AD0604F01F0405F0F84506FA04F42543C2
:104A980090FAA0F4B4FA84F4344404F01F0404EB4C
:104AA8004404A4F11E00000540F00070DBE700BFDD
:104AB8000010005CFFFF0F000000FF4700200240CD
:104AC8000063025800600258000084CB000052C7FF
:104AD8000000B8CF0023024008023FF5D1AE1749C5
:104AE8008A427FF4CDAE164AA9681268154821F0AB
:104AF800E07192093143A0FB020241F400019209DE
:104B0800A96052000192019A002A3FF4B9AE019AB5
:104B1800013A0192019A002AF9D1B1E611F08070A8
:104B28007FF4AEAE05498A427FF4AAAEAA6822F0A5
:104B3800E072324342F08072AA60A7E60060025831
:104B48004C000024632D3E0503689A68D20701D5FE
:104B5800002070479968214A114270B5044608D070
:104B6800636D012043F010036365A36D0343A365E0
:104B780070BD99681A4A0A4042F001029A60FFF72C
:104B88007BFD2368174A054693421ED002F58072C2
:104B980093421AD0144A9268114E0AE09A68324039
:104BA80042F001029A60FFF767FD401B0228D7D840
:104BB80023681A68D2070FD49A68D107EED5FFF791
:104BC8005BFD401B0228F3D9CAE7084A9268D00661
:104BD800E2D0074A9342DFD1002070BD3F00008039
:104BE800C0FFFF7F002002400063025800230240FC
:104BF800002102402DE9F0413A4D044600680F4675
:104C08001646A84219D0384B984216D0374DAB6893
:104C18008068420716D494F85020012A12D003F075
:104C28001F080122B8F1090F84F850200DD900237C
:104C3800012084F85030BDE8F0812D4DAB688068C4
:104C48004207E8D50220BDE8F08140F2212323FA8B
:104C580008F3DB4313EA0205E9D12046FFF774FFA6
:104C6800002839D1626D234B2168134043F48073C7
:104C78006365B8F1000F02D01B4B994203D0636DF6
:104C880023F480136365636D13F4805328D0A36DF8
:104C980023F00603A365E06C3346174D3A464031CE
:104CA800C563164D0564164DC5641C2541F8405C66
:104CB800002584F8505051F83C5C45F0100541F847
:104CC8003C5C00F059FE22680E4B91680B4043F0A3
:104CD80004039360BDE8F08184F85050BDE8F0818A
:104CE800A365D8E700200240002102400063025873
:104CF80000230240FEF0FFFFCD460008C146000831
:104D080039470008C0FFFF7F38B503689A689107E4
:104D180002D59B68002038BD9A68D20723D59A68C7
:104D2800044602F00D02012A08D0636D012043F009
:104D380010036365A36D0343A36538BD9868032119
:104D48000A4A024042F002029A601960FFF794FC96
:104D5800054604E0FFF790FC401B0228E5D82368CD
:104D68009B68DB07F6D4002038BD00BFC0FFFF7F7B
:104D780038B5574A04460368934226D002F5807234
:104D8800934222D0534B9B6813F4403F22D004F047
:104D9800ADF963680546B3F5003F00F08880B3F5C8
:104DA800403F70D0B3F5803F00F08180FFF77CFC76
:104DB80041F2030398422DD8474B9D425DD92268A2
:104DC800936843F48073936038BD444B9B6813F435
:104DD800403FDCD14FF4002005F054FA63680546E3
:104DE800B3F5101F6DD008D8B3F5E01F55D01AD908
:104DF800B3F5001FDAD14509D8E7B3F5201F4AD02B
:104E0800B3F5301FD2D1FFF74FFC41F203039842AC
:104E180033D92D0A324B9D421DD82268936823F45A
:104E28004073936038BDB3F5801F06D00AD9B3F537
:104E3800A01F02D0B3F5C01FB8D19B0C5B00B5FB17
:104E4800F3F5B3E7B3F5002FF7D023F40022B2F55A
:104E5800802FF2D0AAE7234B234A2B4493421ED932
:104E6800224B234A2B449342226893682BD823F47D
:104E7800407343F40073936038BD2268936823F449
:104E88008073936038BD8508FFF70EFC41F2030379
:104E98009842BFD890E7C50988E7050986E72268E0
:104EA800936823F4407343F48073936038BD1B0CFC
:104EB800B5FBF3F5FFF7F8FB41F203039842A9D8D5
:104EC8007AE7850972E743F44073936038BD00BF01
:104ED8000020024000630258002D310100230240E7
:104EE800105E5F00EFA1A0FF0F5E5F00DF4341FF90
:104EF8001FBCBE0030B5002383B00193002800F02A
:104F0800D080456D0446002D00F0BA802268936871
:104F18009B0003D59168714B0B4093609368DD004B
:104F280015D46F4B90686F491B6801406E489B0908
:104F380041F08051A0FB030391609B090193019B01
:104F48002BB1019B013B0193019B002BF9D1936885
:104F5800D80024D4636D012543F010036365A36D65
:104F68002B43A365936813F0040F636D1DD1D90615
:104F78001BD4636D23F4817343F002036365936864
:104F8800DB0728D4594B9A4217D003F580739A420D
:104F980013D0574B9B68D9071DD4564A15E0936820
:104FA800002513F0040F636DE1D0636D012543F014
:104FB80010032846636503B030BD4C4A4E4B9268D7
:104FC8009B681343D80706D44C4A9368616823F456
:104FD8007C130B439360FFF767FB41F20303A1685F
:104FE8009842237F52D894F815C01A04206B42EADD
:104FF8004C3202430A43012B03D1236A013B42EAA4
:105008004342636A23B103F47873A16A0B431A43DA
:1050180023683B49D86801400A43DA609A6812F06D
:10502800040F9A681CD112071AD4D868354A217D12
:10503800024042EA8132E16A0A43DA6094F8382091
:10504800012A3AD01A6922F001021A611A69204627
:10505800616B22F070420A431A61FFF789FE2368E8
:10506800E268012A21D01A6B22F00F021A63636DDD
:10507800284623F0030343F00103636503B030BD02
:10508800FDF778FAA56584F850503FE71029AAD1B2
:10509800617D1A0442EA4132216B0A4342F01C0244
:1050A800A9E70125284603B030BD196BA26921F094
:1050B8000F01013A0A431A63D9E7D4E910211869A4
:1050C8000A43114901400A43A16C0A43E16B42EAD1
:1050D800014242F001021A61B8E700BFC0FFFF5F5A
:1050E8004C000024C0FFFF6F632D3E0500200240E6
:1050F8000060025800630258002102400023024069
:1051080003C0F0FFFCBFFFFF1EF800FCF0B5002352
:1051180083B0019390F85030012B40D0012304460E
:105128000E46154680F85030FFF7EEFDE8B9676D7A
:1051380005F080421B4B06F480311B4D3B401B4F52
:1051480043F00203636523689E68354015430D43A9
:1051580045F000459D609A68002A0FDB636D23F0D7
:10516800030343F00103636503E0636D43F0100339
:105178006365002384F8503003B0F0BD019A013212
:105188000192019ABA42E6D9636D0022012023F008
:10519800120384F8502043F010036365ECE7022003
:1051A80003B0F0BDFDEEFFFFC0FFFE3FFF955A556F
:1051B800F0B490F850200E68012A49D00346294AD5
:1051C80001201C6883F85000944208D05A6D0021D1
:1051D80042F0200283F850105A65F0BC7047224D07
:1051E800AA6852070AD5A2685A6D012042F0200227
:1051F8005A65002283F85020F0BC7047A06810F070
:105208000400F1D1C6B1DFF868C04F68DCF80820A7
:1052180022F440423A43CCF80820A468AA68224302
:10522800D40713D48A68DCF8081016430F4A0A40DA
:105238001643CCF80860DCE70D498A6822F440423E
:105248008A60A068AA680243D00704D50020D0E786
:105258000220F0BC70478C683046044A22408A60BD
:10526800C7E700BF0020024000210240E0F0FFFF36
:105278000023024006494FF6FF0C0002054BCA689E
:1052880000F4E06002EA0C0210430343CB6070476D
:1052980000ED00E00000FA051B4BDB68C3F30223B6
:1052A80000B5C3F1070E03F1040CBEF1040F28BFCB
:1052B8004FF0040EBCF1060F1AD9033B4FF0FF3C28
:1052C8000CFA03FC22EA0C024FF0FF3C00280CFA0F
:1052D8000EFC21EA0C0101FA03F141EA02010ADBA2
:1052E80009010A4BC9B2034483F800135DF804FBB3
:1052F80000221346E8E700F00F000901044BC9B289
:10530800034419765DF804FB00ED00E000E100E0DD
:10531800FCEC00E0002807DB00F01F010123400936
:10532800024A8B4042F82030704700BF00E100E09D
:1053380000280DDB4309012200F01F000549203336
:1053480002FA00F041F82300BFF34F8FBFF36F8FCD
:10535800704700BF00E100E0431EB3F1807F0CD22C
:105368004FF0E022002006494FF0F00C536107236C
:1053780081F823C09061136170470120704700BF16
:1053880000ED00E0BFF35F8F044B00215A6A22F45E
:1053980080325A62C3F89410704700BF00ED00E0F5
:1053A800064B40F00100C3F894005A6A42F4803278
:1053B8005A62BFF34F8FBFF36F8F704700ED00E065
:1053C800174A4378C2F89830017821B3436800B58A
:1053D800C2F89C30C37A90F80CC01B0690F80FE016
:1053E80043EA0C7390F80AC00B43817B43EACC4331
:1053F80090F80DC043EA8C4390F809C043EA414352
:10540800017A43EA0E4343EA0C2343EA4103C2F814
:10541800A0305DF804FBC2F89C10C2F8A0107047D9
:1054280000ED00E0704700BF08B5FFF7FBFF08BDBF
:105438000268344B344930B4344D354CAA4218BF55
:105448009A420CBF012300238A4208BF43F001039C
:105458003031A24208BF43F0010330348A4208BF0A
:1054680043F001033031A24208BF43F00103303456
:105478008A4208BF43F0010301F55C71A24208BFEC
:1054880043F0010304F55C748A4208BF43F001034A
:105498003031A24208BF43F0010330348A4208BFCA
:1054A80043F001033031A24208BF43F00103303416
:1054B8008A4208BF43F001033031A24208BF43F0DB
:1054C80001038A4208BF43F0010313B9114B9A4202
:1054D80013D1D3B21049114C103BA1FB03515F2BE0
:1054E8000F4BC1F3021103EA0203615C88BF043366
:1054F800C1658365184630BC704722F0FF03836599
:10550800F8E700BF100002404000024028000240B7
:1055180058000240B8040240ABAAAAAA5C1B0108C2
:1055280000FCFFFF0368294A294930B4294D2A4C59
:10553800AB4218BF93420CBF012200228B4208BF26
:1055480042F001022831A34208BF42F00102283488
:105558008B4208BF42F001022831A34208BF42F043
:1055680001028B4208BF42F0010212B91B4A934262
:1055780013D1DBB21A4C1B4A0121083B1A4DA4FB7C
:105588000343456602EB1312C3F30413920001FAB6
:1055980003F30266836630BC7047DAB21349144CD1
:1055A8001944103AA829A4FB02234FEA131300D880
:1055B8000833104A03F01F0501210F4C1A44A94073
:1055C8004466920081660266E5E700BF0854025807
:1055D800305402581C5402584454025894540258E7
:1055E800CDCCCCCC0096001680580258F0FBFDBFFD
:1055F800ABAAAAAA008200108008024070B504462F
:10560800FFF73AF8002C00F0C68023680546954A53
:10561800934248D01832934245D0303292498B4257
:1056280018BF934201F130010CBF012200228B42C6
:1056380008BF42F0010218318B4208BF42F0010254
:1056480018318B4208BF42F0010218318B4208BF63
:1056580042F0010201F556718B4208BF42F0010287
:1056680018318B4208BF42F0010218318B4208BF43
:1056780042F0010218318B4208BF42F00102183192
:105688008B4208BF42F0010218318B4208BF42F03A
:10569800010218318B4208BF42F001021AB9734A5D
:1056A800934240F0F5800222002184F8352084F8E6
:1056B80034101A6822F001021A6005E0FEF7DCFFD8
:1056C800431B052B40D823681A68D107F6D4D4E9C0
:1056D800022521692A43A0691D680A4361690A43B2
:1056E800E16902430A4362492940256A2A430A4379
:1056F800616A04292FD01A605A6922F007021143FF
:1057080059612046FFF794FEE26D3F2302F01F0225
:10571800934083602046FFF705FFA368802B3CD0A9
:105728006368A06EDAB2013BD4E91851072B2A60EE
:10573800486026D90023C4E91B336367002001238E
:10574800606584F8353070BD20220323012062652E
:1057580084F8353070BDD4E90B5129430A431A60E7
:105768005969A26A21F00701114341F00401002D93
:10577800C6D000284FD1012A6ED032F00202BFD124
:1057880051E0501E072810D9626FD4E91B31002060
:1057980018604A60D2E7012070BD0023A16ED4E9E9
:1057A8001802636003605160C4E72168314B324DD1
:1057B800A94218BF994205F114050CBF0123002323
:1057C800A94208BF43F001031435A94208BF43F0BA
:1057D80001031435A94208BF43F001031435A94257
:1057E80008BF43F001031435A94208BF43F0010381
:1057F8003BB9224B994204D0214B224913449B00C8
:1058080003E0214B214913449B0001228240C4E953
:105818001B316267BBE7B0F5005F0ED0022A05D9DD
:10582800032A7FF46DAFEA017FF56AAF01234022B6
:105838001846626584F8353070BD032A3FF660AFBC
:1058480001A050F822F000BF355800082F58000872
:105858003558000861580008B5F1C07F7FF450AF93
:10586800E4E700BF1000024040000240B8040240D4
:105878003F8010FE085402581C5402589454025891
:105888003F820010400902403F96001640590258D6
:10589800324A33483349834218BF934200F1280003
:1058A8000CBF012200228B4208BF42F001022831BE
:1058B800834208BF42F0010228308B4208BF42F001
:1058C80001022831834208BF42F001028B4208BF1F
:1058D80042F0010212B9244A934238D1022200212F
:1058E800224D84F8341084F835201A681540A268CF
:1058F800402A2AD0802A0CBF4FF480400846266AE6
:10590800D4E90312D20842EAD102616942EAD1021B
:10591800A16942EAD102E16942EAD102144942EAA4
:10592800161219442A4302431248A0FB01012046DB
:105938001A600B099B00E365FFF77AFDE26D01230E
:1059480002F01F0293404360E4E61020D7E74022AC
:1059580003230120626584F8353070BD085402586D
:105968001C54025830540258945402580F00FEFF39
:10597800F8ABFDA7CDCCCCCC002800F0BC80844689
:1059880090F83400012800F0B88001202DE9F0419A
:105998009CF835408CF83400844208D000224FF43B
:1059A80000638CF83420CCF85430BDE8F081022034
:1059B800DCF800507A4C8CF835000020794ECCF891
:1059C80054007948854218BFA54200F118000CBF61
:1059D80001240024854208BF44F0010418308542A0
:1059E80008BF44F001041830854208BF44F00104A0
:1059F8001830854208BF44F0010400F5567085420E
:105A080008BF44F001041830854208BF44F001047F
:105A18001830854208BF44F001041830854208BF99
:105A280044F001041830854208BF44F001041830DE
:105A3800854208BF44F001041830854208BF44F08D
:105A480001041830854208BF44F00104A0F59560B0
:105A5800B54218BF8542DCF86C600CBF01200020FD
:105A680054EA0008286820F001002860DCF8640087
:105A7800DCF86840DCF85870446040D016B1DCE9C6
:105A88001C044460DCF85C004FF03F0E00F01F007F
:105A98000EFA00F0B860286820F4802028606B6057
:105AA800DCF80830402B23D0A960EA602B6823F08B
:105AB8001E0343F016032B60DCF840301BB12B6843
:105AC80043F008032B60DCF860301A68D20303D572
:105AD8001A6842F480721A601EB1336843F4807306
:105AE80033602B68002043F001032B60BDE8F08190
:105AF800AA60E960DAE7012070470220704716B112
:105B0800DCE91C0444602948DFF8A8E0754518BFA3
:105B180085420EF1140E0CBF01200020754508BF08
:105B280040F001000EF1140E754508BF40F0010069
:105B38000EF1140E754508BF40F001000EF1140E69
:105B4800754508BF40F001000EF1140E754508BFF9
:105B580040F0010010B9164885420ED1DCF85C000F
:105B680000F01F0E012000FA0EF078606B60DCF880
:105B78000830402B10D0A960EA602B6823F00E0390
:105B880043F00A032B60DCF84030002B9BD02B68D5
:105B980043F004032B6096E7AA60E960EDE700BFD5
:105BA80040000240280002405800024008540258B1
:105BB800945402581C54025800285FD038B590F805
:105BC80035200346022A55D10168444A914248D0FB
:105BD8001832914245D03032414C4248A14218BF58
:105BE800914204F148040CBF01220022814208BFFF
:105BF80042F001023030A14208BF42F001023034C5
:105C0800814208BF42F0010200F55C70A14208BF62
:105C180042F0010204F55C74814208BF42F00102BF
:105C28003030A14208BF42F001023034814208BF3F
:105C380042F001023030A14208BF42F00102303484
:105C4800814208BF42F001023030A14208BF42F051
:105C58000102814208BF42F0010212B9224A914270
:105C68000ED10422002083F835200B6823F00103AD
:105C78000B6038BD802201205A6538BD012070476D
:105C88000A681C6E22F00E02D86D9D6D0A6000F045
:105C98001F000A6822F001020A600122216882407E
:105CA80021F4807121606A60DA6ED3E919104860C6
:105CB80032B11168D3E91C0421F480711160446089
:105CC800002401211A6D83F8344083F835101AB185
:105CD80018469047204638BD104638BD100002408F
:105CE8004000024070000240B80402402DE9F04331
:105CF80000229C4B83B09C4E1D688146019203682C
:105D08009A4A846D934218BFB342276808BF012698
:105D1800216818BF002645D018329548834218BF1D
:105D2800934200F118000CBF01220022834208BFF1
:105D380042F001021830834208BF42F001021830D5
:105D4800834208BF42F001021830834208BF42F084
:105D5800010200F55670834208BF42F00102183074
:105D6800834208BF42F001021830834208BF42F064
:105D780001021830834208BF42F001021830834202
:105D880008BF42F001021830834208BF42F0010206
:105D98001830834208BF42F001021AB9754A93428B
:105DA80040F05082D9F85C10082201F01F0C02FA6A
:105DB8000CF2174240F0888127FA0CF2D2070CD572
:105DC8005A69100609D5012202FA0CF2A260D9F824
:105DD800542042F00202C9F854204FF0040E0EFA83
:105DE8000CF038425BD0002E4FD1634ADFF8808137
:105DF800434518BF934208F118080CBF012200223E
:105E0800434508BF42F0010208F11808434508BF9E
:105E180042F0010208F11808434508BF42F00102A8
:105E280008F11808434508BF42F0010208F5567802
:105E3800434508BF42F0010208F11808434508BF6E
:105E480042F0010208F11808434508BF42F0010278
:105E580008F11808434508BF42F0010208F1180884
:105E6800434508BF42F0010208F11808434508BF3E
:105E780042F0010208F11808434508BF42F0010248
:105E88001AB93C4A934240F019821A68920706D51B
:105E9800A060D9F8542042F00402C9F85420102216
:105EA80002FA0CFC1CEA070F6CD0002E45D1324ACE
:105EB8002F4EB34218BF934206F118060CBF0122B9
:105EC8000022B34208BF42F001021836B34208BFAD
:105ED80042F001021836B34208BF42F001021836F8
:105EE800B34208BF42F0010206F55676B34208BF36
:105EF80042F001021836B34208BF42F001021836D8
:105F0800B34208BF42F001021836B34208BF42F05C
:105F180001021836B34208BF42F001021836B342F4
:105F280008BF42F001021836B34208BF42F001022E
:105F38001AB9104A934240F0C9811A68100721D54E
:105F4800C4F808C01A68560300F14C811A68D205D3
:105F580003D41A6822F008021A60D9F840308BB1CD
:105F68000CE000BF4C000024100002402800024052
:105F780058000240B8040240400002404846984792
:105F8800D9F85C1001F01F0120268E403E4268D0EF
:105F9800D9F80020A54BA64FBA4218BF9A4207F17C
:105FA80018070CBF01230023BA4208BF43F00103BE
:105FB8001837BA4208BF43F001031837BA4208BF7E
:105FC80043F001031837BA4208BF43F001031837FA
:105FD800BA4208BF43F001031837BA4208BF43F07A
:105FE800010307F55677BA4208BF43F00103183793
:105FF800BA4208BF43F001031837BA4208BF43F05A
:1060080001031837BA4208BF43F001031837BA42F0
:1060180008BF43F001031837BA4208BF43F0010331
:106028001837BA4208BF43F001031BB9814B9A42A3
:1060380040F062811368DB0613D5A66099F8353005
:10604800042B136800F0AE8013F4802F136800F05F
:10605800D3801C0340F1DE80D9F83C300BB14846B0
:106068009847D9F85430002B00F0B980D9F854304B
:10607800D8071FD5D9F80020042189F835101368EE
:1060880023F0010313606C4BA3FB0535AD0A02E056
:106098001368D90704D5019B0133AB420193F7D9A3
:1060A800002389F834301368DB074CBF032301232E
:1060B80089F83530D9F84C30002B00F090804846EC
:1060C80003B0BDE8F0431847186840070AD51868B8
:1060D80020F004001860A260D9F8542042F00102B0
:1060E800C9F8542027FA0CF2D2077FF576AE534A46
:1060F8005348834218BF934200F130000CBF01227D
:106108000022834208BF42F001021830834208BFD0
:1061180042F001021830834208BF42F001021830F1
:10612800834208BF42F0010200F55670834208BF5F
:1061380042F001021830834208BF42F001021830D1
:10614800834208BF42F001021830834208BF42F080
:1061580001021830834208BF42F00102183083421E
:1061680008BF42F001021830834208BF42F0010222
:106178001830834208BF42F00102002A7FF420AEA3
:10618800002E7FF41DAE1A68042202FA0CF23A427D
:1061980040F09480102202FA0CFC17EA0C0F3FF42E
:1061A800F1AE84E623F016031360536923F08003ED
:1061B8005361D9F840309BB3136823F00803136088
:1061C8003F230025012203FA01F1D9F85030A160DC
:1061D80089F8345089F83520002B7FF470AF03B06C
:1061E800BDE8F0831B6818037FF5B7AED9F84830CF
:1061F800002B7FF4C3AEC5E613F480737FF42CAF95
:10620800116821F010011160012289F8343089F8F1
:10621800352021E7D9F84430002B7FF420AF20E760
:10622800D9F84830002BC7D1CAE700BF1000024098
:1062380028000240B8040240B5814E1B58000240B5
:10624800400002404E4A4F4DAB4218BF934205F101
:1062580014050CBF01220022AB4208BF42F0010224
:106268001435AB4208BF42F001021435AB4208BFF7
:1062780042F001021435AB4208BF42F00102143566
:10628800AB4208BF42F0010212B93F4A9342A6D17D
:10629800D9F85C5004261A6805F01F05AE400E4276
:1062A80019D0570717D5100466604BD5D1034FD4C2
:1062B800D9F84830002B7FF402AF90E71A68102213
:1062C80002FA0CFC17EA0C0F3FF45CAE1A6852078E
:1062D8007FF558AE34E60226AE400E4211D097073D
:1062E8000FD56660140439D5D00343D4D9F84430A7
:1062F800002B7FF4E4AE72E713689F077FF5B1AE19
:106308009BE60826AE400E423FF469AF11077FF5C1
:1063180066AF1A68002122F00E021A600123D9F82C
:106328004C2003FA05F56560C9F8543089F8341033
:1063380089F83530002A3FF452AF484603B0BDE82B
:10634800F0431047920603D41A6822F004021A6038
:10635800D9F84030002B7FF4B2AE40E712F02002AB
:1063680008D11968012421F00A01196089F834203C
:1063780089F83540D9F83C30002B7FF4A0AE2EE7E1
:10638800085402581C54025894540258406D7047DF
:106398002DE9F04F0D6883B0002D00F0D580002363
:1063A800DFF8688201229A4012EA050C00F0C780E3
:1063B8004E6826F01009B9F1020F40F0C88003F0CA
:1063C80007044FEAD30E4FF00F0A4FEA840900EB97
:1063D8008E0E0AFA09FADEF8204024EA0A0A0C6945
:1063E80004FA09F406F0030944EA0A04CEF8204046
:1063F8004FEA430E0324D0F800A009FA0EF904FA74
:106408000EF42AEA040AE44349EA0A09C0F80090AB
:10641800D0F808A0CF6804EA0A0A07FA0EF949EA90
:106428000A09C0F80890C6F30019D0F804A009FAC0
:1064380003F92AEA020249EA02024260C268F70046
:1064480004EA02048A6802FA0EF242EA0402C2600E
:1064580075D5644C23F0030E03F00309D4F8F42037
:10646800C6444FEA890942F00202C4F8F420D4F87D
:10647800F42002F002020192019A0F22DEF808408D
:1064880002FA09F224EA0202574CA04225D004F588
:106498008064A0427BD0554CA0427ED0544CA04290
:1064A8006FD0544CA04200F08480534CA04200F0BE
:1064B8008680524CA04276D0514CA04200F0858094
:1064C800504CA04200F087804F4CA0420CBF0924DA
:1064D8000A2404FA09F942EA0902CEF808204FF022
:1064E800B0426FEA0C0EF403D2F880204FF0B044AB
:1064F80054BF0EEA02024CEA0202C4F88020B2033A
:10650800D4F884404FF0B04254BF0EEA04044CEA79
:106518000404F702C2F8844014684FF0B04254BF34
:106528000EEA04044CEA04041460B40252684FF002
:10653800B04454BF0EEA02024CEA02026260013320
:1065480035FA03F27FF42EAF03B0BDE8F08F4FEABF
:10655800430E0324D0F800B006F0030A04FA0EF440
:1065680009F1FF390AFA0EFA2BEA040BB9F1010F07
:106578006FEA04044AEA0B0AC0F800A03FF65EAFCF
:1065880046E7032404FA09F942EA0902A5E70124C7
:1065980004FA09F942EA09029FE7022404FA09F910
:1065A80042EA090299E7062404FA09F942EA0902CB
:1065B80093E7042404FA09F942EA09028DE705245D
:1065C80004FA09F942EA090287E7072404FA09F9F3
:1065D80042EA090281E7082404FA09F942EA0902B1
:1065E8007BE700BF00440258000002580008025828
:1065F800000C0258001002580014025800180258E3
:10660800001C0258002002580024025800040058B8
:10661800002900F0A88000232DE9F04FDFF86891E9
:1066280083B0DFF86881DFF868A1DFF868B14FF060
:10663800010E0EFA03F212EA010C6FD023F00305E3
:1066480003F003040F2640454D444FEAC404AF68E5
:1066580006FA04F607EA0607019721D0504566D0E6
:10666800584567D0434FB8426ED0434FB84270D0B8
:10667800424FB84263D0424FB84256D0414FB84219
:1066880072D0DFF814E1704568D0DFF810E170458A
:1066980014BF4FF00A0E4FF0090E0EFA04F400E092
:1066A8000024019FA74219D1AC6824EA06064FF0DE
:1066B800B044AE60D4F8805025EA0C05C4F8805088
:1066C800D4F8845025EA0C05C4F88450256825EAD6
:1066D8000C052560656825EA0C05656003255C00E6
:1066E80003F007070F2605FA04F40568BF002543E1
:1066F80006FA07F70560DD0800EB85052E6A26EA2D
:1067080007062E62856825EA04058560456825EA3E
:1067180002024260C26822EA0404C460013331FA0A
:1067280003F284D103B0BDE8F08F4FF0060E0EFAE5
:1067380004F4B6E74FF0020E0EFA04F4B1E74FF096
:10674800050E0EFA04F4ACE74FF0030E0EFA04F44B
:10675800A7E74FF0040E0EFA04F4A2E74FF0080E74
:106768000EFA04F49DE770474FF0070E0EFA04F492
:1067780097E700BF000C0258001002580014025896
:1067880000180258001C0258000400580000025863
:106798000004025800080258002002580024025839
:1067A8000369194214BF01200020704702B9090487
:1067B800816170472DE9F04F056885B00446284689
:1067C80004F006FF012802D005B0BDE8F08F20686C
:1067D80004F0AEFE0028F7D0206804F0A9FE10F4FB
:1067E800001F206802D04FF40013436104F0A0FE9C
:1067F80010F4801F206802D04FF48013436104F026
:1068080097FE10F0806F206802D04FF080634361DC
:1068180004F08EFE10F0020F20682FD104F088FEDD
:10682800870000F11381206804F082FEC60100F1A0
:10683800CF80206804F07CFE000700F1BE8020684D
:1068480004F076FE10F0007F20681AD104F070FE84
:10685800C306B9D52568AB6923F01003AB612E6A6E
:10686800C6F34341C6F30A17022902D1002F40F0AC
:10687800C681AB6943F01003AB61A5E7022343610E
:10688800CCE704F013FFD4F808E080462068BEF196
:10689800000F00F0998005F5A06500264FF0280B41
:1068A8004FF0020A4AE000F5A0694A0109EB4117D6
:1068B800BB685B075DD50423BB60FB6843F002033C
:1068C800FB60BB68980500F1FD80BB68DB0740F101
:1068D800CF80236953B101EB81003B6904EBC00011
:1068E800C3F3120C836CA3EB0C03C3648B004FF04F
:1068F800010C4FF0000E581804EBC000C0F858E027
:1069080080F85DC0C7F808C090F83FE01EF0FD0FA2
:1069180000F06481BEF1030F00F040820B4404EBE9
:10692800C30393F8502082F0010283F85020D4F872
:1069380008E0206801362035764545D206F00F0379
:1069480028FA03F3D907F5D52B68F1B21A04AAD4AB
:1069580000F5A0624FEA411C02EB4117BB6813F037
:1069680004090DD00423BB60FB6843F00203FB60FD
:10697800E0E7BB689B0640F1B3802023BB60A0E73B
:10698800BB6813F0200300F0CA8001EB81032022CA
:1069980004EBC303BA6093F83D20012ACAD183F8F7
:1069A8003D9083F85CA0FB6843F00203FB6004F0B1
:1069B80081FED4F808E02068BCE72046FDF71CFDFE
:1069C8002068082343613BE74FF0007343613DE7CC
:1069D8002668D6F840340293D6F840340393039BD4
:1069E80023F02E030393029B980707D5029BD90730
:1069F80000F16381039B43F002030393029B1A0790
:106A080018D5039B43F008030393029B5B0740F1EF
:106A18005C81A169022900F09A81E368012B03D106
:106A28004EF66022C6F804242046FDF7F3FC204603
:106A3800FDF7E6FC2068029B9F0603D5039B43F005
:106A480020030393039BC6F84034F3E6D5F840349B
:106A5800204623F02E03C5F84034FDF7D5FC01216C
:106A6800206804F001FE20684FF000534361DBE624
:106A7800BB68980740F18E80FB6801EB810C23F01E
:106A8800020304EBCC0CFB608B009CF85D00012832
:106A980000F0B280052800F0AF80062800F0A3813E
:106AA800082800F0A081032800F0DC819CF85C0035
:106AB8000246C7F808A02046FDF7AAFCD4F808E06B
:106AC800206837E7FB68206843F00203FB6004F0A6
:106AD800F1FD4FF400732068BB60D4F808E029E7A3
:106AE800BB681B0700F1BB80BB685B057FF5E9AE9F
:106AF800FB68019243F002030091FB6004F0DAFDA9
:106B080000991020019A01EB8103B860082004EB7A
:106B1800C30383F85D004FF48063BB60D1E6D7F808
:106B2800089019F0400F40F0B180BB6813F400736F
:106B380040F02F81D7F8089019F0010F40F03F81FD
:106B4800BB6813F0080340F06881D7F8089019F083
:106B5800100F00F0C98001EB810204EBC2029365BB
:106B6800032382F85D3092F83D303BB90BFB0143BB
:106B780093F83C2012B9012283F83D20FB6843F0CA
:106B88000203FB6004F096FD10232068BB60D4F874
:106B980008E0CFE6BB6813F0800340F0E380BA68F2
:106BA800D20640F1D08001EB810004EBC00090F8E0
:106BB8003F20032A00F04B8112F0FD02E4D1236943
:106BC8008265002BE0D10BFB0143032283F85D2093
:106BD800FB68206843F00203FB60D3E7FA6820688B
:106BE80042F0020201930091FA6004F063FD102262
:106BF800DDE90013BA6091E68CF85C0058E706F00E
:106C08000F0606EB860804EBC808D8F844100029DC
:106C18003FF42FAE284605F5A0653A4604F006FC79
:106C2800D8F8443005EB46123B441169D8F84C209B
:106C3800C8F8443073013A44C8F84C20BC4A0A40AA
:106C48005AB1EA5822F0804242F00042EA5098F8DD
:106C5800503083F0010388F85030256809E6FB6856
:106C68004FF0050C019243F002030091FB6001EB29
:106C7800810304EBC30383F85DC01023BB600823C2
:106C8800BB6004F017FDDDE900121AE601EB810292
:106C980004EBC2029365042382F85D30012382F875
:106CA8003D30FB6843F00203FB6004F003FD402322
:106CB8002068BB60D4F808E03CE6B369204623F0BE
:106CC8000053B361FDF79CFB94E62046FDF7A6FB55
:106CD800D6F84034206823F02E03C6F84034836980
:106CE80043F000538361A6E6BB681B0600F1C88029
:106CF800BB685B0500F1D780BB689B077FF51AAEC0
:106D0800FB680BFB014023F00203FB6090F85D3049
:106D1800012B00F0E180032B00F0DB80042B00F056
:106D2800D880052B00F0FC80062B00F0E480082BAF
:106D380000F0E1800BFB01432046C7F808A093F858
:106D48005C20FDF765FBD4F808E02068F2E5029BBB
:106D5800206803F4C023B3F5802F18BF012104F085
:106D680083FC61E6FB6801EB810243F0020304EB5C
:106D7800C202FB60936D01339365062382F85D3090
:106D8800206804F097FC80232068BB60D4F808E0F2
:106D9800D0E5FB6843F00203FB6098E652F80970FF
:106DA800019347F00057009142F80970624680F855
:106DB8005CC02046FDF72CFBDDE90013AEE5FA6860
:106DC80001EB810942F0020204EBC909C9F8583005
:106DD800FA6004F06FFC0123BB6089F85D30D4F8D9
:106DE80008E02068A6E503EB010C04EBCC0CDCF80A
:106DF80058000130032825D8CCF8580002200B444D
:106E080004EBC30383F85C0052F8093023F0804395
:106E180043F0004342F809304AE608230091BB607A
:106E2800FB6843F00203FB6004F044FC0099052270
:106E380001EB810104EBC10383F85D20D4F808E07D
:106E4800206877E50020CCF858000420D7E7FA68D6
:106E58000BFB014042F0020283652068FA6004F0EF
:106E680029FC91E60BFB0143022083F85CA052F851
:106E7800093023F0804343F0004342F8093017E615
:106E8800FB68009143F00203FB6004F013FC0099D7
:106E980006230BFB014181F85D3080232068BB602D
:106EA800D4F808E046E5FB68009143F00203FB6074
:106EB80004F000FC10230099BB604FF480630BFBC7
:106EC8000141BB60082381F85D30D4F808E02068F0
:106ED80030E580F85CA02DE780F85C3090F83F3012
:106EE800023B012B3FF626AF90F8513083F00103A7
:106EF80080F851301EE70BFB0140836D0133032BF3
:106F080011D8836502230BFB014080F85C3052F8EE
:106F18000C3023F0804343F0004342F80C3009E77B
:106F280080F85C3006E7002383650423EBE700BFA5
:106F38000000F81F90F8B832012B0CD0012310B5CF
:106F48000446006884F8B83204F014FC002318469C
:106F580084F8B83210BD0220704700BFF8B5054666
:106F68000E461746701C2C682CD1A369990727D4A4
:106F7800A369DA06F9D5A3699A06FCD5202310225D
:106F8800E261E361A3699F0701D50023A362A369B6
:106F9800DE0703D4A36943F00103A36163680022F9
:106FA8001B4820210340012063606B6C85F840205A
:106FB80043F004036B6485F8411085F84220F8BD5E
:106FC8000020F8BDA3699B07FAD4A369D9061BD48E
:106FD800FDF752FBC01BB04201D8002EC2D16B6C2A
:106FE8002021002201200B4385F840206B6485F89E
:106FF800411085F84220F8BDFDF73EFBC01B8642D4
:10700800EDD3002EEBD02C68A3699B06F4D5B5E729
:1070180000E800FEF8B505460E4617462C68A36939
:107028009B0649D4A369DA0626D5731C38D1A3690F
:107038009E06FCD520231022E261E361A36999072B
:1070480001D50023A362A369DA0703D4A36943F037
:107058000103A3616368002218482021034001202E
:1070680063606B6C85F8402043F004036B6485F81B
:10707800411085F84220F8BDFDF7FEFAC01BB0426A
:1070880001D8002ECAD16B6C2021002201200B43AD
:1070980085F840206B6485F8411085F84220F8BDDA
:1070A800A3699806C6D4FDF7E7FAC01B8642EAD35F
:1070B800002EE8D02C68B8E70020F8BD00E800FEF4
:1070C80000284ED010B590F84130044603F0FF0276
:1070D800002B41D023682421626884F84110196884
:1070E80022F07062E06821F00101012819601A613C
:1070F8009A6822F400429A60A26829D042F40442B5
:1071080002289A6002D14FF400625A6058684FF022
:10711800200C1549226901435960D96821F40041BE
:10712800D960D4E90501024342EA0122D4E90710F3
:10713800DA600022014310461960196841F0010124
:107148001960626484F841C0226384F8422010BD4B
:1071580042F400429A60D9E780F84020FBF726FD08
:10716800B8E70120704700BF008000022DE9F04712
:10717800984690F84130089E202B40F0878090F880
:1071880040300446012B00F08180012389461746D0
:1071980080F84030FDF770FA054604E0FDF76CFA18
:1071A800401B192875D82368986910F40040F5D158
:1071B800212267626063C9F3090784F8412010221D
:1071C80084F842206064A4F82A80628D92B2FF2A73
:1071D8006DD8628D494892B2D1B222855A68024070
:1071E8003A4342EA0142464911435960DFF81C819B
:1071F8004FF0FF0ADFF81891638D2A463146204682
:107208009BB2002B30D0FFF7A9FE002873D1606A2B
:10721800216810F8012B238D8A62628D013B606220
:10722800013A9BB292B223856285628D92B2002B9D
:10723800E2D1002AE0D0701C43D18B691A06FCD534
:10724800638D9BB2FF2B48D94B682A46A4F828A027
:10725800204603EA08033B4343EA09034B603146EF
:10726800638D9BB2002BCED1FFF7D4FE002842D10C
:1072780023682021234DD9615A682A405A6084F82E
:10728800411084F8400084F8420000E00220BDE884
:10729800F087636C2021002201200B4384F84020F2
:1072A800636484F8411084F84220BDE8F0875A6886
:1072B80012490A4014493A431143FF222285596072
:1072C80094E78B691B06BBD4FDF7D6F9401B8642B1
:1072D800DFD3002EDDD02168ADE7638D9BB2DAB233
:1072E80023854B6803EA080343EA02433B4343F020
:1072F80000734B6080E70120BDE8F087009800FC30
:107308000020008200E800FE0020FF81009C00FCB5
:107318000000FF012DE9F0471F4690F84130202B6F
:1073280040F08E8004460D46002900F08380B2FAB2
:1073380082F916464FEA5919002A7BD05FFA83FA78
:1073480090F84030012B7BD0012380F84030FDF7C6
:1073580093F9212365628046256884F8413084F8D2
:1073680042A0C4F8449066856B68C4F8349023F44E
:1073780000436B607B1C66D1AE693607FCD50823D9
:10738800EB61E368022B06D0AE69F60328D4AE6938
:10739800F603F9D524E0AB691907FCD50823EB619E
:1073A8007B1CF1D0AB69DD031AD4FDF765F9A0EBBE
:1073B8000800874253D3002F51D02568F0E7424692
:1073C80039462046FFF7CAFD00285BD1636A226868
:1073D80013F8011B9162658D6362013DADB265854D
:1073E800638D9BB2002BEAD1424639462046FFF70F
:1073F80011FE00284DD02268536843F400435360BF
:10740800636C042B54D1002363642023D361781C5C
:1074180041D193691904FCD451680023202041F418
:107428000041516084F84100184684F8423084F8DD
:10743800403003E04FF4007301206364BDE8F08737
:107448000220BDE8F087AB69180733D4FDF714F9BB
:10745800A0EB0800874202D30FB125688AE7636C66
:10746800202000212268034384F84010636484F8D4
:107478004100012084F84210536843F400435360EC
:10748800BDE8F08722680120536843F40043536045
:10749800D4E72268B9E793691B04BDD5FDF7ECF87A
:1074A800A0EB08008742DAD3002FD8D02268AEE7D5
:1074B8000120C3E70823EB61E368022B7FF470AF78
:1074C80008E0FDF7D9F8A0EB08008742C7D3002FE2
:1074D800C5D02568AB691A07F3D55FE70268436B27
:1074E8009169126803B11847704700BF90F84100CE
:1074F800704700BF90F84120202A23D15FFA82FC10
:1075080090F840200346012A1CD00268242000B5C8
:1075180083F841004FF0000E106820F00100106061
:10752800106820F4805010601068014370461160A4
:10753800116841F00101116083F841C083F840E00F
:107548005DF804FB0220704790F84120202A22D1E0
:10755800034600B55FFA82FE90F84020012A1CD04D
:10756800026824204FF0000C83F84100106820F0D6
:1075780001001060106820F4706040EA0121604644
:107588001160116841F00101116083F841E083F84E
:1075980040C05DF804FB0220704702205DF804FB40
:1075A8002DE9F04F076889B00446384604F010F812
:1075B80010B109B0BDE8F08F8246206803F0B8FF2B
:1075C8000028F6D0206803F0B3FF10F0020F2068FF
:1075D80003D0436903F00203436103F0A9FF10F4E9
:1075E800002B206840F0508103F0A2FF10F4802F98
:1075F800206840F0EB8003F09BFF002874DB2068D4
:1076080003F096FF000564D4206803F091FF02019F
:1076180014D52268536903F00063536194F8F43376
:10762800002B40F095810121204684F8F413536D16
:10763800C3F38303C4F8F83300F024FC206803F094
:1076480077FFC3047BD4206803F072FF10F4005F57
:1076580020685DD103F06CFF10F0100F206812D085
:10766800836923F0100383613D6AC5F3434305F042
:107678000F06022B00F03182062B00F07F81836910
:1076880043F01003836103F053FF070700F15781AC
:10769800206803F04DFFC60200F14681206803F020
:1076A80047FF850200F13581206803F041FF400063
:1076B80000F12681206803F03BFF41077FF579AF91
:1076C80023685D686A0700F129825A682A435A606C
:1076D8006FE7D7F80838D90700F11C82206843699A
:1076E80003F40063436190E7D7F8043823F00103FB
:1076F800C7F8043894F8F433012B00F03881204699
:10770800FCF7FAFD2068436903F00043436177E71B
:1077180003F062FF206803F047FC2568E06001F091
:10772800E5FC227B0146284603F0A2FB2046FCF735
:10773800B9FD2068436903F4005343618AE7D7F829
:1077480004381021206807F5006523F001036B60F9
:1077580003F010FC6068B0B107F510634FF67F3195
:1077680099600AF1010A1A682033824522F400124E
:1077780043F8202CC3F8E811D3F8E02122F40012D2
:10778800C3F8E021ECD1EB6943F00113EB61236B03
:10779800002B40F0E1806A6942F22B0313436B61CE
:1077A8002B6943F00B032B61D7F8003804F571728D
:1077B800217C23F4FE632068C7F8003803F028FF13
:1077C8002068436903F4805343613DE703F0C8FE32
:1077D80080462068B8F1000F00F0E580264607F5DE
:1077E80010694FF0000BCDE9037A09E05FEA580809
:1077F8000BF1010B06F11C0609F1200900F0D580F8
:1078080018F0010FF2D05FFA8BF7394603F0C4FE87
:10781800C30705461FD50BF00F03039901229A40B1
:10782800D1F8343823EA0203C1F834380123C9F8FF
:1078380008302369012B03D1D6E911231344B3641B
:1078480039462046FCF720FD2369012B03D1BBF103
:10785800000F00F0AC81280702D50823C9F80830CA
:10786800E90602D51023C9F808306A0602D5402374
:10787800C9F80830AB0702D50223C9F808302D062D
:1078880000F1C6802068B1E703F05CFE0546206879
:10789800002D00F0868007F53066A1464FF0000BFA
:1078A800049707E06D080BF1010B06F1200609F1BA
:1078B8001C097DD0EB07F5D55FFA8BF1039103F036
:1078C8005DFE10F0010F8046039973D118F0080F80
:1078D80040F0F280206818F0100F01D01023B36038
:1078E80018F0200F05D02169012900F05A812023C2
:1078F800B36018F4005FD5D04FF40053B360D1E7FC
:107908002046FCF705FD2068436903F08043436186
:10791800D1E620465FFA8BF1FCF7F2FC2068436958
:1079280003F400134361C0E620465FFA8BF1FCF7CD
:10793800EBFC2068436903F480134361AFE62046FB
:10794800FCF7ACFC2068436903F008034361A0E638
:107958002046FCF7B9FC71E6D5F8843043F00B03F8
:10796800C5F884306B6C43F00B036B641CE7002193
:10797800204684F8F41300F085FAC3E6C6EBC60681
:10798800082204F57171384603F050FDC5F30A1357
:1079980004EB86022068D2F814120B44C2F81432A1
:1079A8006DE6AB4620E6C34625E6DDE9037A22E626
:1079B800049F19E6206801232769B36000F5306346
:1079C800012FD0F840E003EB4B139A6800F0C58014
:1079D800984FBE4540F0BD80170440F1B6804FF483
:1079E800004218F0080F9A603FF475AF026C98686F
:1079F80090498A4200F0978020460392FCF734FCB5
:107A08008D4B039A9A4200F296800823B36061E78F
:107A1800D6E91453D4F800A0AB4250463FF6E6AE80
:107A28000AF51062716CCDF81CA002EB4B1205929E
:107A3800EA1A8A4228BF0A4605998969033289B237
:107A4800B1EB920FC0F0A980CDF81890C146A046BE
:107A5800059C1AE0736C3A46B16C50469D4228BFAB
:107A68001D4698F810300093ABB203F0C9FCB36C14
:107A7800A1692B4489B2B364736D2B440335B1EB10
:107A8800950F7365C0F08180356D9D42A5EB0305A8
:107A9800E0D84446C846DDF81890D4F800A0079B03
:107AA8000122504603F500610BF00F039A404B6B1F
:107AB80023EA02034B6399E62268216902F53063E1
:107AC800126C012903EB4B13986891D15A498A42E9
:107AD80029D82046FCF7C8FB97E747F6F0731D4204
:107AE8003FF4CDADC6EBC606C5F30A12384604EB23
:107AF80086061546D6F8081203F098FCD6F8083220
:107B080020682B44C6F80832D6F814322B44C6F83D
:107B18001432B4E52046FCF7D7FBDFE52046FCF736
:107B2800FBFB2368D1E5020402D54FF400429A60BA
:107B38002046FCF799FB216901297FF466AF04F51B
:107B48007172206803F064FD5FE7900601D520227A
:107B58009A602046FCF78EFBB8E6170732D53649FF
:107B68008E4504D9120402D54FF400429A6020468B
:107B78000393FCF779FB04F571720121206803F087
:107B880047FD0822039B9A60A0E64446356DC84627
:107B9800DDF81890D4F800A050469D423FF626AE76
:107BA8007DE704F5717203F033FD20689FE6236DCD
:107BB800002B7FF450AE04F571720121206803F0A8
:107BC80027FD48E6970608D520229A6018F0080F86
:107BD8003FF481AE026C986878E712F0280FF5D16F
:107BE800154FBE4505D9120403D54FF400429A60DB
:107BF800ECE71B692046D9F80422C3F31203D31A11
:107C0800C9F81432D9F808321344C9F80832FCF715
:107C180031FBBBF1000F7FF459AED4F81032002BC2
:107C28007FF454AE04F571720121206803F0F0FC72
:107C38004CE600BF0A31544F0A30544F90F8BC2329
:107C4800012A0ED0012210B50446006884F83810C5
:107C580084F8BC2303F05AFC0023184684F8BC338C
:107C680010BD0220704700BF10B501F00F0E0906C5
:107C7800044627D44FF01C0C0CFB0E0C0CF5FE71BF
:107C8800CEEBCE0C00EB8C0C00208CF8FD018A604A
:107C98004A7881F800E0CB700AB1A1F806E0022B1F
:107CA80001D100230B7194F8BC33012B18D00123A8
:107CB800206884F8BC3303F089F90023184684F857
:107CC800BC3310BD1C204FF0010C00FB0E4000F12E
:107CD8003C01CEEBCE0004EB800080F83DC0D6E737
:107CE800022010BD10B501F00F041C21C4EBC40C18
:107CF80001FB040100EB8C0C01F5FE71CCF810328D
:107D08000023CCF808228CF8FC41CCF814328CF80B
:107D1800FD3103690068012B08BFCCF80C22DAB2E8
:107D28001CB903F0B3FA002010BD03F097F9002046
:107D380010BD00BF10B501F00F041C21C4EBC40C2A
:107D480001FB040100EB8C0C3C31CCF850300023D3
:107D5800CCF84820CCF8543001238CF83C408CF8FF
:107D68003D3003690068012B08BFCCF84C20DAB21B
:107D78001CB903F08BFA002010BD03F06FF9002046
:107D880010BD00BF38B5436801F00F059D4234D8D7
:107D98000B0604461DD41C22C1EBC10302FB0101E2
:107DA80000EB8303002201F5FE7183F8FD21012316
:107DB8000D708B7094F8BC239A421CD0206884F80C
:107DC800BC3303F043FBD5B10023184684F8BC3319
:107DD80038BD1C21C5EBC503012201FB050100EBE1
:107DE80083033C3183F83D2001230D708B7094F898
:107DF800BC239A42E2D1022038BD012038BD04F5E7
:107E08007172217C206803F003FCDDE7426838B515
:107E180001F00F03934232D811F0800F04464FF05F
:107E28001C01C3EBC30219D101FB0341002004EB81
:107E38008202002501F5FE7182F8FD010B708D703C
:107E480094F8BC33012B18D00123206884F8BC3384
:107E580003F030FB284684F8BC5338BD01FB0341CE
:107E6800012004EB820200253C3182F83D000B70B2
:107E78008D7094F8BC33012BE6D1022038BD012067
:107E880038BD00BF704700BF38B5114BDA685207DC
:107E980004D4DB6803F00703834214D10C4CE36875
:107EA80023F007031843E060FCF7E6FB054605E00E
:107EB800FCF7E2FB401BB0F57A7F06D863689B04A9
:107EC800F6D5002038BD012038BD032038BD00BFDD
:107ED80000480258024AD36843F08073D360704761
:107EE8000048025870B44D6A15B1B2F1406F3AD1EA
:107EF8008B691BB30C6A002C4CD08E680068C66175
:107F0800CE69002E69D02B4313432343CC6A3343F5
:107F180023430C6B23434C6B23430C692343CC68EA
:107F280023430C6823434C69B2F1406F43EA84430E
:107F3800436165D04B6870BC836170470B6ABBB105
:107F480000682B438C68CE69C461002E6BD0134344
:107F5800CC6A334323430C6B23434C6B23430C6998
:107F68002343CC68DEE78B6A0468013B2361BFE7E3
:107F7800CB69002B66D1002D42D0CB6A0C6B2B430A
:107F8800006813434A6923434C6B234343EA824303
:107F9800436135E0CC6945EA030C002C32D0036814
:107FA8004CEA0200B2F1406F40EA0400CC6A40EAB1
:107FB80004000C6B40EA04004C6B40EA0400CC68F7
:107FC80040EA04000C6840EA04004C6940EA844036
:107FD800586115D04A689A6112E045EA030C0D69A8
:107FE8004CEA0203CA6A23431343D1E90C422343F0
:107FF8000C6813434A692B43234343EA8243436192
:1080080070BC7047CC6A4CEA020300682343D1E98C
:108018000C4223430C6813434A69234343EA8243CF
:1080280070BC43617047CC6A13432343D1E90C42C7
:1080380023431343D1E90442234343EA824370BCF8
:10804800436170472B43CD6A0C6B134300682B4385
:1080580023434C6B84E700BF70B50446FCF70CFB68
:10806800002C54D094F84030012B52D001230646FE
:1080780084F8403094F8413003F0FF02002B34D0EC
:10808800A56C2268A1681368013923F4706343EA78
:108098000123136001E06B1C31D1936813F02003B6
:1080A800F9D1E069E16815680143206A0143606815
:1080B80041EA00611C482840014360691160A169D8
:1080C80055680143206941EA0041184828400125C4
:1080D800014318465160116829431160636484F8AC
:1080E8004150002384F8403070BD204684F8402079
:1080F800FBF7B2F941F288331D46A364C1E7FCF7E8
:10810800BBFA801BA84206D82DB12268C5E701201A
:1081180070BD022070BD0423012084F84130636CD7
:1081280003436364DDE700BF2FFFFF00FEF8E0FFB5
:10813800C8B110B590F840300446012B11D0026840
:10814800012380F84030136823F001031360FBF724
:1081580011FA00236364184684F8413084F84030EB
:1081680010BD022010BD0120704700BF2DE9F0416D
:1081780004460E461546FCF77FFA94F84030012B6A
:108188003AD0012384F8403094F84130012BDFB213
:1081980006D002270023384684F84030BDE8F08135
:1081A800002380466364022384F84130681C2368F6
:1081B8000ED19A6812F02002FBD131462046FFF713
:1081C80091FE736AE3B10123002784F84130E1E7A7
:1081D8009A6812F020021ED0FCF74EFAA0EB0800B5
:1081E800854201D3002DE1D1042384F84130636C2A
:1081F80043F001036364CDE702273846BDE8F08108
:10820800226893689B07FCD5022101230027D160CF
:1082180084F84130BEE731462046FFF763FE736AB3
:1082280043B1D0E7FCF728FAA0EB08008542DBD37E
:10823800002DD9D0226893689907F3D5E4E700BFE9
:108248002DE9F843044689461546FCF715FA94F8D3
:1082580040302768012B67D0012384F8403094F818
:108268004130012B5FFA83F807D04FF00208002352
:10827800404684F84030BDE8F88300236364B9F1D0
:10828800000F56D01223064684F841303B6901336B
:10829800E3623B69C4F824900133A3627B6923F04D
:1082A80040637B61E36A002B31D06A1C394611D1E7
:1082B8008B685B07FCD5636A1B7887F82030E26A15
:1082C800636A013A0133E262E26A6362F2B16A1CEC
:1082D8002168EDD08B685807EDD4FCF7CDF9801BE9
:1082E800854201D3002DF2D1042384F84130636C18
:1082F80043F00103636413E0BB689B070CD4FCF7ED
:10830800BBF9801B8542EFD3002DEDD02768691C8F
:10831800F2D1BB689A07FCD502234FF00008FB6036
:10832800012384F84130A2E74FF002084046BDE837
:10833800F883636C43F00803636498E72DE9F84316
:10834800044615468946FCF797F92768BA6994F8F0
:108358004030012B6CD0012384F8403094F8413030
:10836800012B5FFA83F807D04FF00208002340463C
:1083780084F84030BDE8F88300236364B9F1000F46
:108388005BD02223064684F841303B690133A3635E
:108398003B69C4F83090013363637B6923F0406321
:1083A80043F080637B61BA61A36B002B33D0681CF8
:1083B800394612D18B6813F0060FFBD097F82020AE
:1083C800236B1A70A26B236B013A0133A263A26B71
:1083D8002363FAB1681C2168ECD08B6813F0060F90
:1083E800ECD1FCF749F9801B854201D3002DF1D16E
:1083F800042384F84130636C43F00103636413E0A1
:10840800BB689B070CD4FCF737F9801B8542EFD378
:10841800002DEDD02768691CF2D1BB689A07FCD5FE
:1084280002234FF00008FB60012384F841309DE7E8
:108438004FF002084046BDE8F883636C43F0080338
:10844800636493E72DE9F84F04461F468946904632
:10845800FCF712F994F84030012B52D0012384F82C
:10846800403094F84130012B5FFA83FB07D04FF07E
:10847800020B0023584684F84030BDE8F88F0023EB
:1084880082466364422384F841307A1C26682CD1E2
:10849800B568AB06FCD4D8F8003049462046B3622C
:1084A800D8F804307362D8F80830F3623268D8F824
:1084B800103022F440021343D8F80C2043F4800310
:1084C8003360C9F828204FF00062FFF70BFD781CD5
:1084D80022681BD193681907FCD5082101234FF0A6
:1084E800000BD16084F84130C3E7B3689D06D2D54C
:1084F800FCF7C2F8A0EB0A00874212D3002FC4D1C0
:108508000FE04FF0020B5846BDE8F88F93681B0741
:10851800E3D4FCF7B1F8A0EB0A00874201D3002F9F
:10852800D5D1042384F84130636C43F001036364BC
:108538009FE700BF2DE9F04704460F461646FCF7B3
:108548009BF894F84030012B45D0012384F8403043
:1085580094F84130012B5FFA83F907D04FF00209F4
:108568000023484684F84030BDE8F0870023804661
:10857800D4F848A06364822384F84130BAF1FF3FFD
:10858800256814D1AB689A06FCD42B68726823F06E
:108598000803082A43EA02032B6021D04FF0406207
:1085A800394620464FF00009FFF79CFCD8E7AB6836
:1085B8009B06EAD5FCF760F8A0EB0800824502D3D9
:1085C800BAF1000FDAD1042384F84130636C43F028
:1085D80001036364C4E74FF002094846BDE8F08729
:1085E800326810232A63EB602B6843F480132B60F6
:1085F800D4E700BF704700BF08B5006C0023836351
:10860800C36290F84130082B0BD103680222DA606C
:108618001A6842F400321A601A6842F002021A60BC
:1086280008BD012380F84130FFF7E4FF08BD00BF13
:10863800704700BF704700BF704700BF704700BF5A
:10864800704700BF704700BF704700BF38B5036868
:1086580004469A68196855070ED548030CD594F84E
:108668004120122A75D094F84120222A00F0A180D6
:108678002046FFF7E5FF38BD950726D5880324D5A2
:108688000222DA601A6822F4E0221A6094F8412083
:10869800122A7AD094F84120222A00F0A98094F86E
:1086A8004120022A00F0D08094F84120082AE2D123
:1086B8005A690121204622F040625A6184F841102B
:1086C800636C3BBBFFF7B4FF38BD150725D4D5074E
:1086D80035D5C80333D50125DD601A6822F4702228
:1086E8001A60626C42F0020262641A68520779D515
:1086F8001A68E06B22F004021A60574B836505F094
:10870800D5FD0028B7D0636C204643F004036364AA
:1087180084F84150FFF76EFF38BD0803D7D508220B
:10872800DA601A68520206D51A68012122F410226A
:108738001A6084F841102046FFF784FF38BDD00640
:1087480099D5CA0297D510222046DA60FFF77CFF38
:1087580038BD9A6850078BD518460EE0626A1278C1
:1087680083F82020E16A20680139626AE1620132F7
:10877800816862624D077FF57BAFE26A002AEDD11E
:10878800036823F48023036072E71A68510709D548
:108798001A68E16B22F0040209681A60CB6823F0BA
:1087A8000103CB600123204684F84130FFF746FFE0
:1087B80038BD9A6852077FF55BAF18460EE093F80C
:1087C8002010226B1170A16B20680139226BA16304
:1087D80001328168226349077FF54AAFA26B002AFC
:1087E800EDD1CDE7204684F84150FFF703FF38BDAF
:1087F8001A6852071DD49A6812F47C5F0FD111E0F1
:1088080093F82010226B1170A16B20680139226B3C
:10881800A16301328168226311F47C5F02D0A26BEC
:10882800002AEDD10123204684F84130FFF704FFE8
:1088380038BD1A68E16B22F0040209681A60CB6837
:1088480023F00103CB60EDE70123204684F8413093
:10885800FFF7F0FE38BD00BF01860008002800F0D1
:10886800DE81F8B503680446D80730D59F490A6900
:10887800896A02F03802102A00F00081182A00F0F4
:10888800F8806368B3F5803F00F02081002B00F08A
:108898005E81B3F5A02F954B1A6800F02F8222F461
:1088A80080321A601A6822F480221A60FBF7E4FE0C
:1088B8008E4E41F28837054605E0FBF7DDFE401B8A
:1088C800B84200F2428133689A03F6D523689D07BF
:1088D80000F18580D9062FD5844A1369926A03F07E
:1088E8003803082B00F0DA80182B00F0D280E369F7
:1088F8007E4D002B00F065812B6843F080032B60D0
:10890800FBF7BAFE064605E0FBF7B6FE801B022819
:1089180000F21B812B68DB05F6D5FBF7C5FE41F29B
:108928000303984200F20B826B68226A23F0F84333
:1089380043EA82636B6023681D0716D563696B4D34
:10894800002B00F01C816B6F43F001036B67FBF792
:1089580093FE064605E0FBF78FFE801B022800F217
:10896800F4806B6F9807F6D523689A0616D5A36925
:108978005E4D002B00F014812B6843F480532B606C
:10898800FBF77AFE064605E0FBF776FE801B022819
:1089980000F2DB802B689F04F6D52368590700F1A5
:1089A8009B80636ACBB1514D2A6902F03802182ABC
:1089B8006DD0022B2B6823F080732B6000F0398177
:1089C800FBF75AFE044605E0FBF756FE001B02289B
:1089D80000F2BB802B689B01F6D40020F8BD434A07
:1089E8001369926A13F0380329D1404BE2681B6877
:1089F800590701D5002A4AD03C4D2B6823F01903AA
:108A080013432B60FBF738FE064605E0FBF734FE00
:108A1800801B022800F299802B685B07F6D5FBF7CC
:108A280043FE41F20303226998426B6800F2F0802A
:108A380023F47C3343EA02336B6023684AE7182B3C
:108A480000F0E280294DE2682B68002A00F0CB8014
:108A580023F0190313432B60FBF70EFE064604E0D0
:108A6800FBF70AFE801B02286FD82B685F07F7D533
:108A7800D5E701F0030102297FF403AF1B4A12680E
:108A880091037FF524AF6268002A7FF420AF0120AC
:108A9800F8BD02F00302012A7FF429AF134B1B68CB
:108AA800DA0502D5E369802BF1D1FBF7FDFD41F230
:108AB80003030E4A9842216A00F2B380536823F0F8
:108AC800F84343EA81635360236835E7074A13682C
:108AD80043F480331360E9E6054D2B6843F4807353
:108AE8002B60FBF7C9FD064609E000BF00440258A9
:108AF80000480258FBF7C0FD801B642825D82B6866
:108B0800DA05F7D5A368012B00F02281002B00F0CD
:108B1800FD80052B954B1A6F00F0208122F0010291
:108B28001A671A6F22F004021A67FBF7A5FD8F4E29
:108B380041F28837054604E0FBF79EFD401BB8422A
:108B480003D8336F9B07F7D52BE70320F8BD874D74
:108B580041F288372B6823F480332B602B6823F489
:108B680080232B60FBF788FD064604E0FBF784FDB5
:108B7800801BB842E9D82B689B03F7D4A6E66B6F35
:108B880023F001036B67FBF777FD064604E0FBF76C
:108B980073FD801B0228D8D86B6F9907F7D4E3E6DA
:108BA8002B6823F480532B60FBF766FD064604E030
:108BB800FBF762FD801B0228C7D82B689804F7D4FE
:108BC800EBE62B6823F080032B60FBF755FD064688
:108BD80004E0FBF751FD801B0228B6D82B68DF059F
:108BE800F7D42368A8E623F001032B60FBF744FDC4
:108BF800064604E0FBF740FD801B0228A5D82B6839
:108C08005807F7D4236865E690077FF41BAFECE6B6
:108C180023F0FE4343EA02636B6023685AE60120AF
:108C28007047D36823F07C5343EA0163D360236819
:108C380082E6FBF721FD064604E0FBF71DFD801BDD
:108C4800022882D82B689901F7D4A96A484BA26AEE
:108C58000B404849454E1343E26A43EA0213AB62AC
:108C6800D4E90D32013B013A5B0212049BB202F4D3
:108C7800FE021343226B013AC2F308021343E26B6C
:108C8800013A120602F0FE4213432B63EB6A23F00B
:108C98000103EB626A6BA36C114041EAC30169638B
:108CA800EB6A226C23F00C031343EB62EB6A626CF1
:108CB80023F002031343EB62EB6A43F48033EB6265
:108CC800EB6A43F40033EB62EB6A43F48023EB6214
:108CD800EB6A43F00103EB622B6843F080732B606F
:108CE800FBF7CAFC044605E0FBF7C6FC001B02289C
:108CF8003FF62BAF33689A01F6D56EE642F4802230
:108D08001A601A6842F480321A60CFE5174D41F2B2
:108D180088372B6F23F001032B672B6F23F0040395
:108D28002B67FBF7A9FC064605E0FBF7A5FC801BB3
:108D3800B8423FF60AAF2B6F9807F6D431E6EB68D6
:108D4800226A23F07C5343EA0263EB602368F3E56D
:108D5800064A136F43F001031367E6E642F0040284
:108D68001A671A6F42F001021A67DEE600440258D9
:108D78000CFCFFFF0700FFFF474A136903F03803A5
:108D8800102B04D0182B0DD01BB144487047444811
:108D98007047136899064AD513684248C3F3C1035C
:108DA800D8407047936A30B4946AD56A14F47C7FCB
:108DB800516BC4F3051038D0C1F3CC0105F001059F
:108DC80003F0030305FB01F1012B07EE901AB8EE3F
:108DD800E77A02D0022B2CD093B307EE900A9FEDCE
:108DE800325AF8EEE77A136BC5EE276ADFED2F5A91
:108DF800C3F3080307EE903AB7EE006AF8EEE77A95
:108E0800E7EE257A77EE867A66EEA76A224B1B6B29
:108E1800C3F34623013307EE903AB8EEE77AC6EE7D
:108E2800877AFCEEE77A17EE900A30BC70471D4847
:108E3800704707EE900A9FED1E5AF8EEE77AD2E7E0
:108E480013689B0620D5146807EE900A1549F7EEBB
:108E5800005A136BC4F3C104F8EEE77A9FED135A76
:108E6800C3F30803E14006EE903A06EE101AF8EE56
:108E7800E66AB8EEC66AE7EE056A86EE277A76EE07
:108E8800A56A66EE876AC1E707EE900A9FED095A60
:108E9800F8EEE77AA7E700BF0044025800093D0052
:108EA8000024F4000090D0030024744A0000003924
:108EB8000024744B0024744C002800F00281874A77
:108EC800136803F00F038B422DE9F04104460D4669
:108ED8000CD2136823F00F030B431360136803F0DD
:108EE8000F038B4202D00120BDE8F08123685F07A1
:108EF8000BD57B4920698A6902F07002904204D937
:108F08008A6922F0700202438A611E070BD57449F0
:108F18006069CA6902F07002904204D9CA6922F0F5
:108F280070020243CA61D8060BD56D49A069CA69A7
:108F380002F4E062904204D9CA6922F4E062024372
:108F4800CA6199060BD56649E0690A6A02F070029F
:108F5800904204D90A6A22F0700202430A629A0710
:108F680040F1A1805E48E168826902F00F029142F7
:108F780004D9826922F00F020A438261D80730D5EA
:108F8800574AA168936923F470630B43936161683E
:108F98001368022900F09780032900F08E800129C8
:108FA80000F0978058079ED54D4E41F288383369B6
:108FB80023F007030B433361FBF75EFB074605E02D
:108FC800FBF75AFBC01B404500F281803369626899
:108FD80003F03803B3EBC20FF2D12368990706D523
:108FE800E1683F48826902F00F028A425FD83B4934
:108FF8000A6802F00F02AA420AD90A6822F00F0290
:109008002A430A600A6802F00F02AA427FF46BAF93
:109018005A070BD5324920698A6902F070029042DA
:1090280004D28A6922F0700202438A611F070BD5B5
:109038002B496069CA6902F07002904204D2CA6979
:1090480022F070020243CA61DE060BD52449A069EA
:10905800CA6902F4E062904204D2CA6922F4E0626A
:109068000243CA619D060BD51D4AE169136A03F0E4
:109078007003994204D2136A23F070030B431362FE
:10908800FFF77AFE164A0346164892691649C2F354
:109098000322825C0E2002F01F02D340BDE8F0419B
:1090A8000B60FBF787BADA073FF56AAF9FE782697B
:1090B80022F00F021143816199E79F013FF574AFD8
:1090C80011E7012070479B033FF56EAF0BE70320C4
:1090D8000AE7DE053FF568AF05E700BF002000524C
:1090E80000440258F41A01084C00002408B501F0A5
:1090F80095F9064B06499B69064A03F00F03CB5CBA
:1091080003F01F03D840106008BD00BF0044025898
:10911800F41A01085000002410B501F07FF909493C
:10912800094A8B69094C03F00F03D35C03F01F0352
:10913800D8402060CB69C3F30213D35C03F01F034C
:10914800D84010BD00440258F41A01085000002409
:1091580010B501F063F90949094A8B69094C03F014
:109168000F03D35C03F01F03D8402060CB69C3F31F
:109178000223D35C03F01F03D84010BD00440258FB
:10918800F41A010850000024F8B53A4CA36A03F019
:109198000303032B67D0236806460F4623F080633A
:1091A8002360FBF769FA054604E0FBF765FA431B01
:1091B800022B56D823681A01F7D4A36A326823F41D
:1091C8007C3343EA0233A362D6E90232013B013A17
:1091D8005B0212049BB202F4FE0213437268013A66
:1091E800C2F3080213433269013A120602F0FE4242
:1091F8001343A363E36A726923F0C0031343E36272
:10920800E26AB36922F020021A431B4BE262E26A67
:1092180022F01002E262E16BF2690B4043EAC203FA
:10922800E363E36A43F01003E362E36AEFB1012FFB
:109238000CBF43F4801343F40013E3620D4C23681E
:1092480043F080632360FBF717FA054604E0FBF759
:1092580013FA401B022804D823681B01F7D5002005
:10926800F8BD0320F8BD0120F8BD43F40023E362F4
:10927800E4E700BF004402580700FFFFF8B53A4C86
:10928800A36A03F00303032B67D0236806460F463F
:1092980023F080532360FBF7EFF9054604E0FBF762
:1092A800EBF9431B022B56D823689A00F7D4A36A1C
:1092B800326823F07C7343EA0253A362D6E9023290
:1092C800013B013A5B0212049BB202F4FE02134313
:1092D8007268013AC2F3080213433269013A12066E
:1092E80002F0FE4213432364E36A726923F4406385
:1092F8001343E362E26AB36922F400721A431B4B18
:10930800E262E26A22F48072E262616CF2690B4006
:1093180043EAC2036364E36A43F48073E362E36A83
:10932800EFB1012F0CBF43F4000343F08073E362F5
:109338000D4C236843F080532360FBF79DF90546E5
:1093480004E0FBF799F9401B022804D823689B0026
:10935800F7D50020F8BD0320F8BD0120F8BD43F47F
:109368008003E362E4E700BF004402580700FFFF00
:109378002DE9F8430368044613F0006622D0426ED4
:10938800B2F5001F00F0CE8411D8002A00F0F8844E
:10939800B2F5801F40F0F18402210430FFF7F4FE9B
:1093A8000646002E40F08684626E236803E0B2F51C
:1093B800401F40F0E284A8480026016D21F44011C6
:1093C8000A430265DD050AD5626D042A06D8DFE87E
:1093D80012F0A20493049A04DF02DF020126354644
:1093E80098051BD5A26D802A00F05B8400F2EC8002
:1093F800002A00F08B83402A40F0ED800021201DD8
:10940800FFF7C2FE23680546002D40F067839249A6
:10941800A06D0A6D22F4E07202430A6559051FD552
:10942800D4F8A420B2F5800F00F0478400F2D6806B
:10943800002A00F07183B2F5001F40F0D7800021A8
:10944800201DFFF7A1FE23680546002D40F0448348
:109458008149D4F8A4008A6D22F4600202438A6527
:109468001A051FD5D4F8A820B2F1007F00F02E8489
:1094780000F2BF80002A00F05583B2F1807F40F0EF
:10948800C0800021201DFFF77FFE23680546002DC0
:1094980040F02A837049D4F8A8008A6D22F0E0626F
:1094A80002438A659F0118D5A26C202A00F0DA834E
:1094B80000F2AA803AB1102A40F0A9806649CA6A27
:1094C80042F40032CA62002D40F059836249A06C10
:1094D800CA6C22F030020243CA64D8041DD5E26D7A
:1094E800B2F5005F00F0FB8300F29480002A00F0E0
:1094F8001F83B2F5805F40F095800021201DFFF7A3
:1095080043FE23680546002D40F0EC825249E06D89
:109518000A6D22F4E04202430A6599041AD5226EC4
:10952800B2F5003F00F074837FD84AB1B2F5803FAE
:1095380040F083800121201DFFF726FE23680546A1
:10954800002D40F01E834449206E0A6D22F4E0226B
:1095580002430A655A041BD5D4F8AC20B2F1005F67
:1095680000F060836CD842B1B2F1805F70D1012104
:10957800201DFFF709FE23680546002D40F00383F0
:109588003549D4F8AC008A6D22F0E04202438A657E
:109598001F040DD5E26EB2F1805F00F03183B2F1A5
:1095A800005F00F00182002A00F00482012635469F
:1095B800D8015DD5626C032A00F20A84DFE812F054
:1095C800540017034E005400C02A3FF41DAFB2F5F3
:1095D800807F3FF419AF012635461FE7B2F5C00F6B
:1095E8003FF433AFB2F5000F3FF42FAF01263546F5
:1095F80036E7B2F1407F3FF44AAFB2F1806F3FF4F3
:1096080046AF012635464DE7302A3FF45CAF0126C8
:10961800354662E7B2F5405F3FF475AFB2F5804F6B
:109628003FF471AF0126354677E722F48031B1F572
:10963800802F85D0B2F5403F82D00126354689E794
:1096480022F08051B1F1804F97D0B2F1405F94D0B1
:10965800012635469CE700BF004402580221201D20
:10966800FFF792FD23680546002D00F06B822E4619
:10967800590200F1F081DF072FD5A26F282A2AD8D6
:10968800DFE812F0D3012900290029002900290068
:10969800290029006D032900290029002900290033
:1096A80029002900CC0129002900290029002900C6
:1096B80029002900D30129002900290029002900AF
:1096C80029002900D301290029002900290029009F
:1096D80029002900D30101263546980716D5626F5F
:1096E800052A00F27883DFE812F00D003003060047
:1096F8000D000D000D00012104F12400FFF7BEFD4F
:1097080023680546002D00F025822E46590717D5F7
:10971800D4F89020052A00F26183DFE812F00D00EA
:109728000C0306000D000D000D00012104F12400BA
:10973800FFF7A4FD23680546002D00F013822E468E
:109748009A061DD5D4F88C20B2F1005F00F045824E
:1097580000F2DC804AB1B2F1805F40F0E180002184
:10976800201DFFF711FD23680546002D40F00582F6
:10977800A949D4F88C004A6D22F0E04202434A65B8
:109788005F061DD5D4F89820B2F5006F00F054821A
:1097980000F2C9804AB1B2F5806F40F0CE80002156
:1097A800201DFFF7F1FC23680546002D40F0C88115
:1097B8009949D4F898008A6D22F4E05202438A65E8
:1097C80018061DD5D4F89C20B2F5804F00F03F82D2
:1097D80000F2B6804AB1B2F5005F40F0BB800021CC
:1097E800201DFFF7D1FC23680546002D40F0A68117
:1097F8008949D4F89C008A6D22F4604202438A6544
:1098080019070BD5D4F88010B1F5805F00F03E82BF
:109818008148426D22F440520A434265DA060BD56C
:10982800D4F89410B1F5807F00F025827A48826DD3
:1098380022F440720A4382651F030ED5D4F8A010A3
:10984800B1F5803F00F0D480B1F5003F00F0D7803B
:10985800002900F0BA810126354658030FD5D4F8FF
:109868008420B2F5001F00F0B080B2F5401F00F070
:10987800B380B2F5801F00F0A08101263546D903D8
:1098880009D5E26C002A00F08681B2F5803F00F02D
:109898002D81012635469A0000F1D2809F035CD4C1
:1098A800301E18BF0120DE0206D55B49256F0A6D00
:1098B80022F000422A430A65DD0007D55649D4F84C
:1098C800B4500A6922F480422A430A61990206D5F3
:1098D8005149A56E0A6D22F080722A430A655A0022
:1098E80009D54D4A116921F4004111611169D4F873
:1098F800B85029431161002B06DA474A216DD36C11
:1099080023F040530B43D364BDE8F88322F0805121
:10991800B1F1804F3FF429AFB2F1405F3FF425AF7A
:10992800012635462CE722F48061B1F5805F3FF4CB
:109938003CAFB2F5406F3FF438AF012635463FE7FC
:1099480022F40051B1F5004F3FF44FAFB2F5C04FCC
:109958003FF44BAF0126354652E7E26FB2F5807F00
:1099680000F0228106D922F48071B1F5007F03D07E
:10997800012098E7002AFBD1002DF9D1264D301E91
:10998800696D18BF012021F440710A436A658AE7AE
:109998003546002D40F0A4801F49606D0A6D22F005
:1099A800070202430A651BE50121201DFFF7ECFBB6
:1099B80023680546002D40F0DE801749E06E0A6DE9
:1099C80022F0405202430A65F2E5012104F1240025
:1099D800FFF754FC23680546002D40F0DA800E4955
:1099E800D4F884004A6D22F4401202434A6546E7DF
:1099F800022104F12400FFF741FC23680546002DED
:109A080040F0C5800449D4F8A0008A6D22F44032A1
:109A180002438A6521E700BF00440258012104F18E
:109A28002400FFF72BFC23680546002D40F0AD808D
:109A3800AF49A06F4A6D22F0380202434A654CE6EE
:109A4800022104F12400FFF719FC236800283FF4E1
:109A580025AF012622E7A74F3B6843F480733B609C
:109A6800FAF70AFE804606E0FAF706FEA0EB0800C1
:109A7800642800F27E813B68DA05F5D5002D40F0B8
:109A8800A4819B4AD4F8B030116F594011F4407F3B
:109A98000BD0116F106F21F4407140F480301067C3
:109AA800106F20F4803010671167B3F5807F00F0E5
:109AB8006E8103F44072B2F5407F00F07C818C49DE
:109AC8000A6922F47C520A61894AC3F30B03116FB5
:109AD8000B4313672368CEE52E46C1E42E469DE46A
:109AE8002E467DE42E4618E52E46DBE40221201D95
:109AF800FFF74AFB05462368002D53D17C49E06CEB
:109B0800CA6C22F480320243CA64C4E67849CA6A3D
:109B180042F40032CA6277E47549CA6A42F40032F4
:109B2800CA6292E47249CA6A42F40032CA62AEE476
:109B38006F49CA6A42F40032CA62E4E42E465FE61C
:109B48002E463DE66A49606CCA6C22F00302024365
:109B5800CA648DE56649606F4A6D22F007020243C8
:109B68004A65D3E56249D4F890008A6D22F007026D
:109B780002438A65E4E52E461AE52E4600E62E469F
:109B8800ABE42E46E6E42E4602E52E46A5E52E4633
:109B980063E62E4673E65649CA6A42F40032CA6240
:109BA800002DABD02E4676E65148C16A41F400310B
:109BB800C162002D7FF4DCAEE0E64D49CA6A42F48A
:109BC8000032CA62002DE4D109E7201DFFF7DCFA54
:109BD80005462368002DDAD114E7022104F1240098
:109BE800FFF74CFB05462368002DC6D1C0E5404968
:109BF800CA6A42F40032CA62002D7FF438ADA1E788
:109C08003B49CA6A42F40032CA62002DB3D1D4E695
:109C1800012104F12400FFF731FB05462368002DDC
:109C2800AFD190E4012104F12400FFF727FB05469A
:109C38002368002DA7D1A3E4022104F12400FFF733
:109C48001DFB05462368002D7FF47AAFB0E502219D
:109C580004F12400FFF712FB05462368002D7FF46A
:109C68006DAFC5E50221201DFFF78EFA0546236872
:109C7800002D84D12AE4022104F12400FFF7FEFA22
:109C8800236800283FF4D8AD0126D5E5022104F168
:109C98002400FFF7F3FA236800283FF4BFAD01263C
:109CA800BCE5002104F12400FFF7E8FA2368054623
:109CB800FFF7AABB2368FFF785BB002104F1240046
:109CC800FFF7DCFA23680546FFF7BFBB002104F164
:109CD8002400FFF7D3FA23680546FFF7D8BB002115
:109CE80004F12400FFF7CAFA236805460BE400BF15
:109CF80000440258004802580021201DFFF744FA8A
:109D08002368054645E6002104F12400FFF7B6FA6A
:109D1800236805463DE633493546CA6A42F40032AF
:109D2800CA6236E602212430FFF7A8FA0646002E5A
:109D38003FF43AABBEE70121201DFFF725FA05469F
:109D48002368002D7FF4FBAC0CE70121201DFFF7F1
:109D58001BFA05462368002D7FF4D7ACFAE60121EB
:109D6800201DFFF711FA05462368002D7FF40DAF7B
:109D78005EE60326236835467DE40126FFF722BB0D
:109D88001848C16A41F40031C162FFF714BBFAF701
:109D980073FCDFF85080074641F2883904E0FAF78F
:109DA8006BFCC01B4845E4D8D8F870309B07F6D543
:109DB800D4F8B0307DE60B480B4A016902EA131269
:109DC80021F47C510A4302617EE623682E4652E460
:109DD800012635464CE40126354697E401263546EA
:109DE800AEE400BF00440258CFFFFF0008B5FFF7FC
:109DF8007DF9054B054A1B6AC3F30213D35C03F0D4
:109E08001F03D84008BD00BF00440258F41A0108D7
:109E1800584B70B4996A9D6ADE6A15F47C3FC5F3A5
:109E28000532DC6B5CD0C4F3CC0406F0100601F0FC
:109E3800030106FB04F4012907EE904AB8EEE77A1D
:109E480003D0022975D000294FD007EE902ADFED04
:109E58004A6AF8EEE77A9B6B86EEA76A9FED475A47
:109E6800C3F3080306EE903AF7EE005AF8EEE66AF6
:109E7800E7EE056A76EEA56A66EE266A3D4AB7EE13
:109E8800006A936BC3F3462307EE103AB8EEC77A1D
:109E980070BC37EE067AC6EE877AFCEEE77AC0ED3C
:109EA800007A936BC3F3064307EE103AB8EEC77A0D
:109EB80037EE067AC6EE877AFCEEE77AC0ED017ACD
:109EC800936BC3F3066307EE903AF8EEE77A77EE02
:109ED800867A86EEA77ABCEEC77A80ED027A70475A
:109EE80070BCC0E90022826070471968890627D5CE
:109EF8001C6807EE902A2249F7EE005A9B6BC4F3C0
:109F0800C102F8EEE77A9FED1D5AC3F30803D1406A
:109F180006EE903A06EE101AF8EEE66AB8EEC66A51
:109F2800E7EE056A86EE277A76EEA56A66EE876A18
:109F3800A4E707EE902ADFED136AF8EEE77A8AE7DE
:109F480007EE902A9FED105A9B6BB7EE006AF8EE69
:109F5800E77ADFED0A5AC3F30803C5EE276A07EE6E
:109F6800903AF8EEE77AE7EE257A77EE867A66EEAB
:109F7800A76A83E7004402580024744A00000039A5
:109F88000090D0030024744B0024744C584B70B4D8
:109F9800996A9D6ADE6A15F07C7FC5F305525C6C90
:109FA8005CD0C4F3CC0406F4807601F0030106FB10
:109FB80004F4012907EE904AB8EEE77A03D00229A3
:109FC80075D000294FD007EE902ADFED4A6AF8EEE7
:109FD800E77A1B6C86EEA76A9FED475AC3F308031E
:109FE80006EE903AF7EE005AF8EEE66AE7EE056AF2
:109FF80076EEA56A66EE266A3D4AB7EE006A136CED
:10A00800C3F3462307EE103AB8EEC77A70BC37EEB2
:10A01800067AC6EE877AFCEEE77AC0ED007A136C12
:10A02800C3F3064307EE103AB8EEC77A37EE067A5E
:10A03800C6EE877AFCEEE77AC0ED017A136CC3F3BB
:10A04800066307EE903AF8EEE77A77EE867A86EEC0
:10A05800A77ABCEEC77A80ED027A704770BCC0E977
:10A068000022826070471968890627D51C6807EEA8
:10A07800902A2249F7EE005A1B6CC4F3C102F8EE8D
:10A08800E77A9FED1D5AC3F30803D14006EE903AD4
:10A0980006EE101AF8EEE66AB8EEC66AE7EE056A4A
:10A0A80086EE277A76EEA56A66EE876AA4E707EE5B
:10A0B800902ADFED136AF8EEE77A8AE707EE902A2E
:10A0C8009FED105A1B6CB7EE006AF8EEE77ADFEDE9
:10A0D8000A5AC3F30803C5EE276A07EE903AF8EE6A
:10A0E800E77AE7EE257A77EE867A66EEA76A83E75F
:10A0F800004402580024744A000000390090D0033C
:10A108000024744B0024744C584B70B4996A9D6AAF
:10A11800DE6A15F47C7FC5F305125C6B5CD0C4F372
:10A12800CC0406F0010601F0030106FB04F4012942
:10A1380007EE904AB8EEE77A03D0022975D00029D5
:10A148004FD007EE902ADFED4A6AF8EEE77A1B6BEC
:10A1580086EEA76A9FED475AC3F3080306EE903AC6
:10A16800F7EE005AF8EEE66AE7EE056A76EEA56ABB
:10A1780066EE266A3D4AB7EE006A136BC3F34623C0
:10A1880007EE103AB8EEC77A70BC37EE067AC6EE1C
:10A19800877AFCEEE77AC0ED007A136BC3F30643C7
:10A1A80007EE103AB8EEC77A37EE067AC6EE877A27
:10A1B800FCEEE77AC0ED017A136BC3F3066307EE92
:10A1C800903AF8EEE77A77EE867A86EEA77ABCEED2
:10A1D800C77A80ED027A704770BCC0E900228260BD
:10A1E80070471968890627D51C6807EE902A224906
:10A1F800F7EE005A1B6BC4F3C102F8EEE77A9FED45
:10A208001D5AC3F30803D14006EE903A06EE101A21
:10A21800F8EEE66AB8EEC66AE7EE056A86EE277AD1
:10A2280076EEA56A66EE876AA4E707EE902ADFED68
:10A23800136AF8EEE77A8AE707EE902A9FED105A3C
:10A248001B6BB7EE006AF8EEE77ADFED0A5AC3F344
:10A258000803C5EE276A07EE903AF8EEE77AE7EECC
:10A26800257A77EE867A66EEA76A83E70044025875
:10A278000024744A000000390090D0030024744B75
:10A288000024744CB0F5807F00B585B048D0B0F597
:10A29800007F11D0B0F5806F00F08280B0F5006FBC
:10A2A80052D0B0F5805F2CD0B0F5002F00F096802A
:10A2B800002005B05DF804FB534A136D03F4E07306
:10A2C800802B59D012D9C02B26D0B3F5807FEFD17F
:10A2D800D36C13F040535BD0B3F1805F00F08D80F6
:10A2E800B3F1005F494818BF0020E2E7002B3CD0DB
:10A2F800402BDDD101A8FFF78BFD019805B05DF873
:10A3080004FB414A136D03F4E043B3F5005F33D017
:10A3180029D9B3F5405F58D13D4805B05DF804FB35
:10A32800394B1B6D03F00703042BC1D801A252F867
:10A3380023F000BF73A30008FDA2000881A3000852
:10A3480021A300088FA300082F4A936D03F0E06350
:10A35800B3F1007F10D01DD9B3F1407FDCD0B3F149
:10A36800806FB5D0A4E7002B34D101A8FFF7CCFE4D
:10A37800029805B05DF804FB01A8FFF707FE0198F5
:10A3880005B05DF804FB204BDB6C13F04053A3D100
:10A3980020488EE7002BE8D0B3F1807FAAD087E76A
:10A3A800194A936D03F46003B3F5800FE4D005D820
:10A3B800002BDAD0B3F5001F9CD079E7B3F5C00FB6
:10A3C800AAD0B3F5000F83D072E7B3F5804F3FF4FE
:10A3D8007FAF6DE7B3F5805F8CD069E70A4A936D6C
:10A3E80003F44033B3F5803F09D0B3F5003F3FF4A1
:10A3F8006FAF002B7FF45CAF7CE7074859E701A8F3
:10A40800FFF7C4FD039854E7004402580024F40001
:10A418000080BB000090D00300093D0008B5FEF79E
:10A42800ABFC064B06499B69064AC3F30323CB5C86
:10A4380003F01F03D840106008BD00BF0044025855
:10A44800F41A01084C000024F8B501680546AC4B25
:10A4580099421FD0203399421CD003F57873994252
:10A4680058D02033994255D003F57873994200F0BB
:10A478001E812033994200F01A8195F89130A14E3F
:10A4880003F0FF026BB9284685F89020F9F75AF9CE
:10A49800296806E09C4E95F8913003F0FF02002BE6
:10A4A800F1D09A4B9A4A1B68A2FB03230A681B0B3C
:10A4B80022F480329B000A6023B30C68013B14F439
:10A4C8008034F9D1022385F89130EB68012B00F034
:10A4D8001081022B15BF032023200227222715BF36
:10A4E8004FF0010C4FF0210C00222022AB68013BF9
:10A4F800042B00F24B81DFE813F0CF001000D600E8
:10A508000F00D200D5F89430012043F04003C5F87D
:10A518009430F8BD7F4EBEE73A464FF400672B6A89
:10A528003260002B44D0764B994200F01E817A4865
:10A53800081AB0FA80F04009002840F01681774BDD
:10A54800994200F00C812033994200F00881744B45
:10A55800994200F0FE802033994200F0FA80714B56
:10A56800994200F00881704B994200F00A81AB696A
:10A5780000EB8000B3F5002F4FEA400300F0E280C3
:10A58800AA6A296AB2F1806F0CBF0222012201FB7C
:10A5980002F21202B3FBF2F3644AA2FB0312D208DE
:10A5A80002EB8201A3EB4103092B08BF01326A6267
:10A5B8006B6833F002032B6D40F09680012B14BFBB
:10A5C8004FF400740024FAF76FF8696CB0F5005F77
:10A5D800D5E9003242EA0102A96C42EA0102E96CBB
:10A5E80042EA0102E96A42EA0102696942EA0102B1
:10A5F80072D3A96918680A43A96A0A434C490140F9
:10A60800196029690A4319680A43696A42EA0152CA
:10A6180048493A4322431A605A68286B1140EA694C
:10A628000243686B5960024359680A4342495A60B9
:10A638009A6811406A6E9960E96D98680A43296EB4
:10A648000A43696D01390A43A96D013942EA0122B9
:10A6580002434FF220009A60D968AA6E0140D9607F
:10A66800E96ED8680A43696F42EA0142296F0139E5
:10A6780042EA0122224902438B42DA6019D0294A70
:10A68800934216D000230122C5F89430184685F865
:10A69800903085F89120F8BD4FF480673FE7024677
:10A6A8004FF400673BE762464FF4006737E7234EF5
:10A6B800F1E6736C23F00103736495F83830012BCD
:10A6C800E0D1D5E90F23013A43EA02137364736CAE
:10A6D80043F001037364D5E7A96918680A43184968
:10A6E80001401960A96A8DE7012B08BF4FF4007477
:10A6F80069E7132012274FF0110C1022F6E600BF6D
:10A708000458014000540058005801404C000024EF
:10A718001BECCB95005C014024580140045C0140CF
:10A72800046001400454005824540058CDCCCCCCCB
:10A7380010C005F0F01FFFFF0080F8FF0060014027
:10A7480010C005F82A6A696D01FB02F2B3FBF2F347
:10A7580022E74FF40070FFF795FD2968FFE64FF4F4
:10A768000070FFF78FFD2968F1E64FF48070FFF75E
:10A7780089FD2968E3E64FF48060FFF783FD2968C7
:10A78800F1E64FF40060FFF77DFDF0E60027C6E62E
:10A79800022938B5044635D9C81E012830D800200A
:10A7A80023676064E064E065A0664FF6FF70606749
:10A7B800606830F002000CBF0125002504294FF421
:10A7C800003125650CBF01200D2021664FF4802142
:10A7D800A0656166032A13D8DFE802F0474E5436B5
:10A7E8002368484A934205D002F1C052A2F582324A
:10A7F800934205D16368012B02D1636C002B2FD0E3
:10A80800012038BD002023676064E064A0666068AA
:10A8180030F0020014BF0120002020654FF4803082
:10A82800E0654FF6FF70606713F00100E8D14D1E38
:10A83800012D29D860664FF400302066032ADFD83E
:10A84800DFE802F05546362CE0215B018022A16446
:10A858006365E266F9F728FF94F83830012BBFD01A
:10A868002046BDE83840FFF7EFBD80211B0140229C
:10A87800A1646365E266EDE780225B01A26463651B
:10A88800E266E7E7C021E0E720664FF480206066D3
:10A89800032AB5D8DFE802F02B1C0C025B08E02085
:10A8A80080219A01A0645B01E166C4E91523D1E720
:10A8B8005B08C022802502294FEA8310A2644FEA70
:10A8C8004313E5666065A365C4D10823A366C1E7A1
:10A8D8005B08802202294FEA8310A2644FEA4313DF
:10A8E800E266C4E91503B5D11023A366B2E75B0895
:10A8F800802040215A01A0641B01E166C4E91523A8
:10A90800A8E700BF045801402DE9F8430F46044664
:10A918001546F9F7B1FE002F61D0B5FA85F84FEA70
:10A928005818002D5BD094F89130012B5FFA83F909
:10A9380050D194F89030012B4CD04346C4F8948001
:10A948000646D4F8800065F30F03226884F89090D7
:10A95800394665F31F43A7671C32E3672B46122568
:10A9680084F891502E4DC0F8508005642D4DC56374
:10A978002D4DC564FBF700F800283ED1636C082B09
:10A98800636831D005216122023B012B98BF114633
:10A99800226813690B431361136843F4003313608F
:10A9A80006E0F9F769FE831BB3F57A7F2AD8226897
:10A9B800556915F4E025F4D01368DB0303D4136854
:10A9C80043F4803313600023994684F89030484656
:10A9D800BDE8F8834FF002094846BDE8F8834FF018
:10A9E80001094846BDE8F88323F00202012A0BBF9B
:10A9F8001521052171226122C6E7484684F8908016
:10AA0800BDE8F883D4F894304FF0030984F89050E7
:10AA180043F040034846C4F89430BDE8F88300BFCB
:10AA280071AB000809AB0008F1AB0008F8B50029C4
:10AA38004ED0B2FA82F513466D09002A48D090F834
:10AA480091200446012AD6B23FD190F89020012ADD
:10AA58003BD081670A462946222780F8906063F335
:10AA68000F01C0F8945063F31F41C167D0F8840008
:10AA780084F891701E4F216807641E4F1C310565CC
:10AA8800C7631D4FC764FAF777FF20BB23681A68AE
:10AA9800D20303D41A6842F480321A60626C082A1E
:10AAA80062681CD005216120023A012A98BF01463C
:10AAB8001A6900200A4306461A611A6842F40032ED
:10AAC8001A6084F890003046F8BD02263046F8BD7A
:10AAD80001263046F8BD304684F89050F8BD22F083
:10AAE800020101290BBF1521052171206120DBE737
:10AAF800E1AB00087DAB0008F1AB0008704700BF70
:10AB080008B5C369806BB3F5807F1BD003684FF02D
:10AB1800000C416C1A680829A0F87EC022F40032A3
:10AB28001A60426811D06FF0610C6FF00501023AAB
:10AB3800012A98BF61461A694FF0010C0A401A6150
:10AB480080F891C0FFF7DAFF08BD22F00201012961
:10AB58000BBF6FF0710C6FF0610C6FF015016FF0A7
:10AB68000501E4E7704700BF806B08B5FFF7FAFFFF
:10AB780008BD00BF08B5C369806BB3F5807F1BD0E3
:10AB880003684FF0000C416C1A68082922F400325F
:10AB98001A604268A0F87EC011D06FF0610C6FF0A7
:10ABA8000501023A012A98BF61461A694FF0010C63
:10ABB8000A401A6180F891C0F8F7CAFE08BD22F071
:10ABC800020101290BBF6FF0710C6FF0610C6FF07F
:10ABD80015016FF00501E4E7806B08B5F8F77CFE16
:10ABE80008BD00BF704700BF10B5846BFBF7CEFBF4
:10ABF800022823D0D4F89420216842F08002134B15
:10AC08001348C4F894201B680A68A0FB030322F4C5
:10AC180000321B0B0A600A689B0022F480320A602B
:10AC28006BB10A68013BD203FAD401220023204603
:10AC380084F89120A4F87E30FFF7D4FF10BDD4F833
:10AC4800943043F04003C4F89430EEE74C000024FD
:10AC58001BECCB9518B338B590F82C3004460D464C
:10AC680003F0FF02B3B12146022384F82C3051F8D7
:10AC7800040B00F051F862682946206800F08AF851
:10AC8800084A01210020136843F00043136084F848
:10AC98002C1038BD80F82D20F6F7B4FAE3E7012030
:10ACA800704700BF0040005270B590F82C30044641
:10ACB800022BD8B204D000F0FB06012E01D00120EF
:10ACC80070BD02230D46206884F82C3000F0AEF8E1
:10ACD8002B68022B03D0002084F82C6070BD05235C
:10ACE800002084F82C3070BD38B590F82C3004461C
:10ACF800022BD8B205D094F82C30012BDDB201D04C
:10AD0800012038BD0223206884F82C3000F0A2F816
:10AD1800002084F82C5038BD0B6810B4D3B90468EF
:10AD2800A3F500434A6823401343D1E90242234371
:10AD38001343D1E9044223431343D1E90642234391
:10AD48001343D1E9084223435DF8044B13430360DE
:10AD5800002070470268D1E9074322F4F8422243F1
:10AD68004C6A1A430A4B2243026042681340D1E9F5
:10AD7800014223431343D1E9034223431343D1E957
:10AD8800054223435DF8044B13434360002070479A
:10AD98000080FFFF30B40ABB8368D1E9002403F0C8
:10ADA8007043013C013A43EA04131343D1E90224F6
:10ADB800013A013C43EA022343EA0432D1E904346C
:10ADC8008969013B013C013942EA034343EA0453E0
:10ADD80043EA016330BC8360002070478268CC6816
:10ADE800114B013C13404A6943EA0433541E43EAB9
:10ADF8000454D1E900258460C3686C1E013A03F04D
:10AE0800704343EA04130C691A438B68013C89694F
:10AE1800013B013942EA032343EA044343EA01635D
:10AE280030BCC36000207047FF0F0FFF0246D1E916
:10AE3800003010B403431469D1E9021023435DF8CC
:10AE4800044B013943EA4023002043EA41131361CC
:10AE5800704700BF0246054B002010B454692340D8
:10AE68005DF8044B43EA41015161704701C0FFFF9F
:10AE7800022A82B0844613D009230193DCF80C30EF
:10AE8800002023F47053CCF80C30019BDCF80C2024
:10AE98009B0203F470531343CCF80C3002B0704794
:10AEA800224B234A0B44934207D9224B224A0B4494
:10AEB800934205D80E230193E0E70F230193DDE7C2
:10AEC8001E4B1F4A0B44934207D91E4B1E4A0B4484
:10AED800934205D20C230193D0E70D230193CDE7CC
:10AEE8001A4B1B4A0B44934202D80B230193C5E724
:10AEF800184B194A0B44934202D20A230193BDE727
:10AF0800164B174A0B449342B6D3164B164A0B44BA
:10AF1800934202D208230193B0E7144B144A0B441E
:10AF2800934234BF072306230193A7E7405327FF23
:10AF3800FF340C00401E1BFF3F420F0000DC0BFFDC
:10AF48007F4F1200808CF9FE20D6130060B6E5FE14
:10AF58005FE3160000D3CEFE40771B00C05BB3FE54
:10AF6800C091210000CA91FE20753800E05459FEB6
:10AF7800E09C4100890182B000230A4A41F0200187
:10AF88000193016103E0036913F0200307D0019BDB
:10AF9800013393420193F6D9032002B07047184653
:10AFA80002B07047400D0300D0F8083882B003F0B3
:10AFB80006030193019838B10198022804D0019B37
:10AFC800062B0CBF02200F2002B0704730B44B781C
:10AFD8000A78012B20D002F00F0C4FF48033D0F800
:10AFE8001C4800EB421203FA0CF32343C0F81C3848
:10AFF800D2F8003B1B040CD48B68D2F8004BC3F387
:10B008000A03C8781449234343EA80431943C2F822
:10B01800001B002030BC704700F5006402F00F05EB
:10B0280000EB4210AB40E5692B43E361D0F80039EF
:10B038001C04EED48B68D0F80059C3F30A03CC780B
:10B0480005492B4343EA844343EA8252114330BC07
:10B05800C0F8001900207047008000102DE9F04169
:10B068004B7891F800C0012B51D000EB4C1C844C5C
:10B07800DCF8105B0CF530632C401C61814C1D69B9
:10B088002C401C614C6984B38D68012A7E4E2C4487
:10B0980004F1FF34B4FBF5F406EAC44EA4B205FB90
:10B0A80004F41D694EEA0505C4F312041D611D6907
:10B0B80044EA05041C6125D0CB78012B0CD1D0F8CB
:10B0C800083813F4807FDCF8003B0CBF43F00053D2
:10B0D80043F08053CCF8003BDCF8003B43F00443DA
:10B0E800CCF8003B0020BDE8F0818C68012A1D697E
:10B0F800C4F3120444EA05041C611C6944F40024E6
:10B108001C61D9D1CA68002AD6D05A61D4E74D69E2
:10B11800002D3DD000EB4C14594ED1F808E0D4F87E
:10B128001089584F08EA0606C4F8106905EB0E06A0
:10B13800013EB6FBFEFED4F810693740524EC4F803
:10B14800107906EACE46D4F810793E43C4F810695F
:10B15800C5F31206D4F810793E43C4F8106904F513
:10B16800106691F803E0BEF1010F57D0012A72D0A2
:10B17800D4F800290CF00F0C42F0044203FA0CF347
:10B18800C4F80029D0F834281343C0F83438A9E7A4
:10B1980000EB4C133B4E3A4C012AD3F8107906EADF
:10B1A8000706C3F81069D3F8106946F40026C3F8F7
:10B1B8001069D3F8106904EA060403F51066C3F8A9
:10B1C800104991F803E03AD0D3F80049BEF1010FD5
:10B1D80044F00444C3F8004984D1D0F8083813F483
:10B1E800807F33680CBF43F0005343F080533360D3
:10B1F800002A7FF477AFADB20335AD083FF472AFE4
:10B20800CB6800EB0C3C03EB85010CF5805C53F834
:10B21800042B8B42CCF80020F9D163E73369012A6B
:10B2280023F0C0433361336943F00053336117D0CF
:10B23800D4F8003943F00443C4F80039CDE70B696A
:10B2480063B9BEF1010F0ED03368002043F0044308
:10B258003360BDE8F0810B69002BF5D07361F0E72E
:10B268000B69002BFAD1D0F8083813F4807F3368C3
:10B278000CBF43F0005343F080533360E4E700BF52
:10B288000000F8FFFFFF07E00000F81FF0B54C785A
:10B298000B78012C26D000EB4310574CD0F8105BEC
:10B2A80000F530632C401C61544C1D692C401C6116
:10B2B8004C69A4B98C681D69C4F31204012A45F4C9
:10B2C80000251D611D6944EA05041C6149D0D0F8B8
:10B2D800003B43F00443C0F8003B0020F0BD8C68FD
:10B2E8004C61E8E74C69002C40D000EB4315424F15
:10B2F800D1F808E0D5F810C9404E74450CEA0707A4
:10B3080005F5106CC5F81079D5F8107906EA070626
:10B31800C5F8106958D9DCF81040012AC1F814E0C2
:10B3280044F40024CCF81040CEF31204DCF810608A
:10B3380044EA0604CCF810403AD0D5F8002942F087
:10B348000442C5F80029BEF1000FC6D003F00F0172
:10B358000123D0F834288B401343C0F83438002038
:10B36800F0BDCA68002AB2D05A61B0E700EB4310BA
:10B37800224B012AD0F8104900F5106C03EA0403A7
:10B38800CCF81030DCF8103043F40023CCF810303F
:10B39800194BDCF8104003EA0403CCF8103007D04E
:10B3A800D0F8003943F00443C0F800390020F0BD5C
:10B3B8000B690BB1CCF81430DCF80030002043F0F6
:10B3C8000443CCF80030F0BDDCF81060C4F312047C
:10B3D800012A46F40026CCF81060DCF8106044EA34
:10B3E8000604CCF81040E3D0D5F8002942F0044216
:10B3F800C5F80029AAE700BF0000F8FFFFFF07E033
:10B4080010B49DF8044064B903339B0809D0013295
:10B4180001EB830300EB023051F8042B8B420260EE
:10B42800FAD100205DF8044B704700BF0332920840
:10B438000AD000F5805C01EB8200DCF8003041F8AE
:10B44800043B8842F9D17047084670474A780B7820
:10B45800012A00EB43100CD0D0F8002B0BB1002AC6
:10B4680014DAD0F8003B43F40013C0F8003B002086
:10B478007047D0F80029002A00DB73B9D0F80039EA
:10B4880043F40013C0F8003900207047D0F8003B9F
:10B4980023F08043C0F8003BE3E7D0F8003923F0FD
:10B4A8008043C0F80039D0F8003943F40013C0F8DD
:10B4B8000039E9E74A780B78012A00EB431013D0EA
:10B4C800D0F8003B23F40013C0F8003BCB78023BD4
:10B4D800012B01D900207047D0F8003B43F080537E
:10B4E800C0F8003B00207047D0F8003923F400135F
:10B4F800C0F80039CB78023B012BEBD8D0F80039E3
:10B5080043F08053C0F80039002070470346090112
:10B518000020D3F8002801F4FE6122F4FE62C3F88B
:10B528000028D3F800281143C3F80018704700BF5B
:10B5380082B0436901938269019B1340019301988A
:10B5480002B0704782B0D0F818380193D0F81C28A0
:10B55800019B134001930198000C02B0704700BF93
:10B5680082B0D0F818380193D0F81C28019B1340FA
:10B578000193019880B202B0704700BF00EB4111FF
:10B5880082B0D1F8083B0193D0F81428019B1340EE
:10B598000193019802B0704784B0D0F8103801F0D8
:10B5A8000F0C00EB41110293D0F834380393039B3E
:10B5B800029A23FA0CF3DB01DBB213430293D1F8AE
:10B5C8000839029A13400193019804B0704700BFEC
:10B5D800406900F001007047D0F8001900F50063D9
:10B5E8000A4A0A40C0F800299A6802F00602042AAA
:10B5F80005D1D0F8002942F00302C0F800295A68A2
:10B60800002042F480725A60704700BF00F8FFFFC4
:10B61800144B10B4046C9C421AD800F53060002317
:10B6280001290361036943F400230361036943F0BB
:10B6380018030361036943F0C043036104D1426105
:10B64800036843F08023036000205DF8044B7047D3
:10B65800D0F8003B00F53060002BE0DA00205DF800
:10B66800044B70470A30544FD0F8002401F003030C
:10B67800012900F5806C22F00302C0F80024D0F8FC
:10B68800002443EA0203C0F8003409D0022901D09B
:10B698000020704741F270730020CCF804307047E6
:10B6A8004BF680330020CCF804307047D0F81404EF
:10B6B80080B2704700EB4111002382B001F5A0620F
:10B6C8000193D1F8003513F4802FD1F8003543F0F9
:10B6D8008043C1F8003522D1C36A13F47F0FD1F833
:10B6E800003523D123F00043C1F80035D1F80035E7
:10B6F80043F00043C1F80035D1F8003523F4004386
:10B70800C1F8003502E01368002B13DA019B0133FE
:10B71800B3F57A7F0193F6D9002002B07047D0F8CC
:10B72800103413F47F0FD1F8003506D043F00043EE
:10B73800C1F80035002002B0704723F00043C1F87B
:10B748000035D1F8003543F00043C1F80035D1F891
:10B75800003523F40043C1F8003502E01368002BDC
:10B76800E8DA019B0133B3F57A7F0193F6D900201B
:10B7780002B0704730B4002484B04FF48465AA4AFC
:10B7880000940146836823F00103836003940561F4
:10B7980002E00B69980604D5039B01339342039397
:10B7A800F7D900201023A04A02900B6102E00B6930
:10B7B800DB0604D5029B013393420293F7D9D1F8F3
:10B7C800003501F5A06201F5E0600193019B43F0AB
:10B7D80080430193019B23F000430193019B23F4D1
:10B7E80000430193019BC1F80035D1F8203501933E
:10B7F800019B43F080430193019B23F00043019395
:10B80800019B23F400430193019BC1F82035D1F833
:10B8180040350193019B43F080430193019B23F042
:10B8280000430193019B23F400430193019BC1F85A
:10B838004035D1F860350193019B43F08043019373
:10B84800019B23F000430193019B23F400430193E0
:10B85800019BC1F86035D1F880350193019B43F015
:10B8680080430193019B23F000430193019B23F440
:10B8780000430193019BC1F88035D1F8A0350193AD
:10B88800019B43F080430193019B23F00043019304
:10B89800019B23F400430193019BC1F8A035D1F823
:10B8A800C0350193019B43F080430193019B23F032
:10B8B80000430193019B23F400430193019BC1F8CA
:10B8C800C035D1F8E0350193019B43F080430193E3
:10B8D800019B23F000430193019B23F40043019350
:10B8E800019BC1F8E035D1F800360193019B43F084
:10B8F80080430193019B23F000430193019B23F4B0
:10B9080000430193019BC1F80036D1F8203601931A
:10B91800019B43F080430193019B23F00043019373
:10B92800019B23F400430193019BC1F82036D1F811
:10B9380040360193019B43F080430193019B23F020
:10B9480000430193019B23F400430193019BC1F839
:10B958004036D1F860360193019B43F08043019350
:10B96800019B23F000430193019B23F400430193BF
:10B97800019BC1F86036D1F880360193019B43F0F2
:10B9880080430193019B23F000430193019B23F41F
:10B9980000430193019BC1F88036D1F8A03601938A
:10B9A800019B43F080430193019B23F000430193E3
:10B9B800019B23F400430193019BC1F8A036D1F801
:10B9C800C0360193019B43F080430193019B23F010
:10B9D80000430193019B23F400430193019BC1F8A9
:10B9E800C036D1F8E0360193019B43F080430193C0
:10B9F800019B23F000430193019B23F4004301932F
:10BA0800019BC1F8E03613680193019B43F0804322
:10BA18000193019B43F000430193019B23F40043EE
:10BA28000193019B136004E0400D03001368002B91
:10BA380005DA009B0133B3F57A7F0093F6D92032FB
:10BA48008242E0D14FF0FF330020C1F814344B613B
:10BA58008B6843F001038B6004B030BC704700BFB3
:10BA680008B5D0F88C321BB11B68984700B908BDDF
:10BA7800022008BD08B5D0F88C325B6898470020D2
:10BA880008BD00BF38B500F520750446284600F00B
:10BA98007DFB0122B4F8863294F88012C4E99B2316
:10BAA80001F01F03934209D0022B13D063B101F0B8
:10BAB80080012046F8F746FC002038BD294620467C
:10BAC80000F092FA002038BD2946204600F00AF915
:10BAD800002038BD2946204600F0BAFA002038BDBB
:10BAE80038B5054669B91346D0F86C22032A15D033
:10BAF800052A0C460ED1C5F86C12F8F723FC20462F
:10BB080038BDD0F88C329B6933B190F87422032A7F
:10BB180002D19847002038BD022038BDD0E9531221
:10BB280091420CD9891A8A42C0F84C1188BF8AB24E
:10BB3800194698BF92B200F055FB002038BDD0F8E6
:10BB48008C321B691BB190F87422032A04D0284652
:10BB580000F052FB002038BD9847F8E770B504465E
:10BB680061B9D0F86C32022B15D033F0040337D00A
:10BB780094F87832012B2ED0002070BDD0F88C328A
:10BB88005B6933B190F87422032A02D198470020E8
:10BB980070BD022070BDD0E908630D469E4223D8CF
:10BBA800C669B6FBF3F203FB12620AB9B34228D99D
:10BBB800D4F88C32DB681BB194F87422032A30D095
:10BBC80080212046F8F7BEFB204600F021FB94F8C0
:10BBD8007832012BD0D10023184684F8783270BD12
:10BBE8008021F8F7AFFBC3E7F31A114603629AB254
:10BBF80000F0EEFA2B462A4629462046F8F7EEFBD7
:10BC0800B6E7D0F870329E42D2D20A4600F0E0FA87
:10BC18002B462A4629462046C4F87052F8F7DEFB20
:10BC2800A6E720469847CBE770B500224026044691
:10BC3800012511463346F8F773FB3346802100226D
:10BC48002046C4F84451C4F85061F8F769FB002154
:10BC5800D4F89032A561666284F87452C4F86C1204
:10BC68006160C4F87C1223B1D4F88C3220465B683A
:10BC78009847002070BD00BF034600201974704724
:10BC880003460421002093F8742283F8741283F881
:10BC9800752270470346002093F8752283F87422B2
:10BCA800704700BF90F87422032A01D00020704723
:10BCB80008B5D0F88C32DB6903B19847002008BD7D
:10BCC800002070470020704700207047D0F88C2271
:10BCD800012108B580F8741201795368984700204B
:10BCE80008BD00BF30B50B7883B00D46044603F09D
:10BCF8006003202B0DD0402B0BD09BB18021204618
:10BD0800F8F720FB00212046F8F71CFB002003B0C1
:10BD180030BDD4F88C32294620469B6898470020CD
:10BD280003B030BD4B78092BE8D801A252F823F0B4
:10BD380093BD0008BFBD000805BD0008DDBD0008B3
:10BD480005BD0008E5BD00081DBE000805BD0008CA
:10BD58004DBE000861BD00088978A24D01292970EF
:10BD6800CCD890F87432022B00F01281032B00F02B
:10BD780000818021F8F7E6FA00212046F8F7E2FA78
:10BD880029782046FFF776FEC0E790F87432013B29
:10BD9800022BB3D8CB88022BB0D10122D0F87C3249
:10BDA800C2600BB10323C360022204F10C012046D8
:10BDB80000F000FAAAE790F87432013B022B9DD8F4
:10BDC8004B88012BA2D100232046C4F87C3200F016
:10BDD80013FA9BE74B88012B98D1F5E78B88002B4A
:10BDE8008CD1CB88002B89D14D887F2D86D890F8AF
:10BDF8007432032B82D0E9B280F87612F8F7D2FABF
:10BE0800204600F0F9F9002D00F0E080022384F8C4
:10BE180074327BE74A88130A013B062B3FF66EAF64
:10BE280001A151F823F000BFE1BE0008C9BE000817
:10BE3800B7BE000805BD000805BD0008A1BE000882
:10BE480073BE0008CA88012A7FF458AF90F874328C
:10BE5800022B00F28780002B3FF450AF01460023ED
:10BE680041F8083F00F0A6F950E7037C002B7FF467
:10BE780045AFD0F88C320DF106001B6B98470723AD
:10BE88004370BDF80620002A67D0EB88002B5BD1F1
:10BE9800204600F0B1F939E7037C002B7FF42EAF80
:10BEA800D0F88C320DF106005B6B9847E9E7D1B208
:10BEB800052900F28F80DFE801F0271F17372F3F91
:10BEC800037C002B72D1D0F88C320DF106009B6AEE
:10BED800984702234370D4E7D0F888320DF1060161
:10BEE800007C1B689847CCE7D0F888320DF1060132
:10BEF800007CDB689847C4E7D0F888320DF106016A
:10BF0800007C9B689847BCE7D0F888320DF10601A1
:10BF1800007C5B689847B4E7D0F888320DF10601D9
:10BF2800007C5B699847ACE7D0F888320DF10601D0
:10BF3800007C1B699847A4E7D0F888320DF1060108
:10BF4800007C9B6998479CE79A420146204628BF97
:10BF58001A46ADF8062000F02DF9EB88002B7FF487
:10BF6800D5AE95E7032B7FF4C9AE011D00F022F989
:10BF7800CCE621B3416801298AD0C9B2FFF77AFD1E
:10BF8800297820466160FFF76BFD022880D1B5E66D
:10BF980000293FF47DAF01210323416080F874320A
:10BFA800FFF75EFD02287FF473AFA7E6D0F88C3266
:10BFB8000DF10600DB6A98470223437061E702230C
:10BFC800416080F87432FFF755FD61E7012384F87A
:10BFD80074329BE6D0F88C320DF106029B6B9847C1
:10BFE8004FE700BFE016002438B50B780D4604462D
:10BFF80003F06002402A0AD05B0608D58021F8F7D2
:10C00800A1F900212046F8F79DF9002038BD94F8E1
:10C018007432013B022B11D82B79012B0ED8D4F89E
:10C028008C32294620469B689847EB88002BECD138
:10C038000028EAD1204600F0DFF8E6E78021204614
:10C04800F8F780F900212046F8F77CF9002038BD80
:10C0580038B50B78044603F06003202B0CD0402B36
:10C068000AD083B180212046F8F76CF900212046D8
:10C07800F8F768F9002038BDD4F88C3220469B6860
:10C088009847002038BD4B788A88012B5FFA82FCDC
:10C0980037D0032B23D0002BE4D190F87432022B35
:10C0A8004AD0032BDED10CF00F03120603EB8303F7
:10C0B80000EB830351D4D3F84431002BD2D00CF0D9
:10C0C8007F03142505FB030505F5A075002B4FD14B
:10C0D8002B6002222946204600F06CF8CAE790F847
:10C0E8007432022B1DD0032BBCD14B882BB91CF00A
:10C0F8007F0F02D0CB88002B43D0204600F07CF87D
:10C10800B8E790F87432022B0BD0032BAAD14B88D6
:10C11800002BAFD11CF07F0FEFD06146F8F720F964
:10C12800EBE71CF07F0F9DD06146F8F70BF98021F3
:10C138002046F8F707F99DE71CF07F0F92D111060A
:10C148004FF000034FF002024CBF00F1140100F55C
:10C15800A0710B6000F02EF88CE79B69002B81D052
:10C168000CF07F035D1C05EB850500EB8505ADE74D
:10C1780061462046F8F702F908B10123A8E72860CC
:10C18800A7E76146F8F7DEF8B7E700BF0B7803705A
:10C198004B784370CA788B7803EB022343804A7943
:10C1A8000B7903EB02238380CA798B7903EB022393
:10C1B800C380704710B5134602240A460021C0F810
:10C1C8006C42C0E90733F8F7FBF8002010BD00BF48
:10C1D8008C46002108B513466246F8F7F1F80020AE
:10C1E80008BD00BF8C46002108B513466246F8F723
:10C1F800F5F8002008BD00BF08B504210023C0F8E9
:10C208006C121A461946F8F7DBF8002008BD00BF83
:10C2180008B505210023C0F86C121A461946F8F72C
:10C22800DDF8002008BD00BFD0F8C4230132C0F8F3
:10C23800C42302780B2A00D07047D0F87C33002B37
:10C24800FAD09B69184700BF012380F82333704751
:10C25800002380F82333704703460022012110464B
:10C2680083F8201383F8212383F82223704700BF23
:10C2780038B501230025044680F8213380F823537C
:10C2880080F82053F8F7CEF82179204600F006F818
:10C298006179204600F002F8284638BD0A2907D8F7
:10C2A80000EB8100D0F88433C3F30E03C0F8843365
:10C2B800002070470C4A82B00C4BD2F8DC1041F0D9
:10C2C8004001C2F8DC10D2F8DC2002F040020192F2
:10C2D800019A1A6822F020021A601A6842F00402D1
:10C2E8001A6002B0704700BF0044025800180248A4
:10C2F80070B5002304464FF4806204214FF44035A2
:10C308003448C4F83821C4F8D410C4F83431C4F817
:10C318004C113149C4F8B000C4F82811C4E92F32CF
:10C32800C4E93133C4E93335C4E93733C4E94F3399
:10C33800C4E95135C4E95533A2680323C4F8D83099
:10C34800C4F85031042A0AD8DFE802F01F262D3439
:10C35800030055225623C4F8B420C4F82C31002217
:10C36800402304F1B005C4F8B8202846C4F8303199
:10C37800F9F744F908B1FFBEFEE704F594763046B4
:10C38800F9F73CF9E8B1FFBEFEE725222623C4F8F9
:10C39800B420C4F82C31E2E727222823C4F8B420BB
:10C3A800C4F82C31DBE73D223E23C4F8B420C4F89E
:10C3B8002C31D4E753225423C4F8B420C4F82C31C8
:10C3C800CDE704F12803C4E92865C4F8E830C4F8C7
:10C3D800603170BD40040240580402402DE9F04F1E
:10C3E800814683B00E4617461D4600F128042046B4
:10C3F80002F006FD01288246F9D14846FFF778FF8A
:10C408008046002835D1EFF31083019372B6DFF828
:10C4180088B00C9B99F90820DFF880A0DFF880909D
:10C42800CBF800300D9B89F80020CAF800300DB118
:10C438001846A847BAB23146204602F057F830B934
:10C44800019B03B962B6404603B0BDE8F08F0023F4
:10C45800CBF80030CAF80030FF2389F800300C9B75
:10C468008BB101210D9888469847019B002BEAD192
:10C47800E8E70C9B53B1D0460D9851469847404683
:10C4880003B0BDE8F08F4FF00108D9E7D046404629
:10C4980003B0BDE8F08F00BF042100240C21002464
:10C4A800082100242DE9F04F814683B00E46174637
:10C4B8001D4600F12804204602F0A2FC012882460D
:10C4C800F9D14846FFF714FF8046002835D1EFF32D
:10C4D8001083019372B6DFF888B00C9B99F9082095
:10C4E800DFF880A0DFF88090CBF800300D9B89F84A
:10C4F8000020CAF800300DB11846A847BAB2314634
:10C50800204602F0B7F930B9019B03B962B640463C
:10C5180003B0BDE8F08F0023CBF80030CAF8003034
:10C52800FF2389F800300C9B8BB101210D988846B8
:10C538009847019B002BEAD1E8E70C9B53B1D04602
:10C548000D9851469847404603B0BDE8F08F4FF02C
:10C558000108D9E7D046404603B0BDE8F08F00BFD8
:10C56800042100240C210024082100242DE9F04F87
:10C57800814683B00F461646984600F128042046A7
:10C5880002F03EFC0128FAD182464846FFF7B0FE89
:10C598000546002838D1EFF31083019372B699F954
:10C5A8000830DFF88890DFF888B089F800300D9BF4
:10C5B800DFF880A0CBF800300E9BCAF800300C9B47
:10C5C8000BB10E9898471FFA88F33A463146204631
:10C5D80002F044F830B9019B03B962B6284603B0AB
:10C5E800BDE8F08F0023CBF80030CAF80030FF23F5
:10C5F80089F800300D9B8BB101210E980D469847A4
:10C60800019B002BEAD1E8E70D9B4BB155460E98EC
:10C6180051469847284603B0BDE8F08F0125DAE770
:10C628005546284603B0BDE8F08F00BF0821002416
:10C63800042100240C2100242DE9F043002387B0B5
:10C648000222044605690493CDE90223D0E90212C7
:10C658008E00FAB1022D7AD02178B5FA85F54FF01F
:10C668000108276A0B294FEA551521D1A2780B2A10
:10C6780002D0B8F1000F38D123790B2B01D0002D4F
:10C688006CD1A37917B10B2B40F09980002007B02B
:10C69800BDE8F08335F002032178276A0CBF4FF01C
:10C6A80001084FF00008023D18BF01250B29DDD015
:10C6B8007D4B94F801C053F8262010780B2802D03F
:10C6C800884200F0AD80D378D01C994202D10B2B60
:10C6D80040F0BD809379901D8B4202D10B2B40F026
:10C6E800BC80012007B0BDE8F083711C6E4BE07878
:10C6F80053F8213019780B2902D08A4200F0B5800E
:10C70800D97803F1030C0B2902D08A4200F0BB80D0
:10C71800997903F1060C0B29E3D08A42E1D1DB7940
:10C728008342DED1634604F102099B7848460593AB
:10C73800F7F786FE80464846F7F78AFE01A901907A
:10C748004046F9F725FE23790B2B98D199E7017814
:10C75800076A0B2940F0868001258DE7B11C524AF3
:10C76800607952F8212011780B2902D08B4200F011
:10C778008180D178D51C0B2902D08B4200F08D80A6
:10C788009179951D8B42ACD10B29AAD0D3798342DC
:10C79800A7D12A46251D937828460593F7F750FE1A
:10C7A800034628461D46F7F753FE01A9019028467F
:10C7B800F9F7EEFDA379002F7FF465AF66E7F11C6A
:10C7C800394AE07952F8212011780B2901D08B429F
:10C7D8005FD0D178D51C0B2901D08B424FD09179ED
:10C7E800951D8B427FF47DAF0B293FF47AAFD37947
:10C7F80083427FF476AF2A46A51D93782846059391
:10C80800F7F71EFE04462846F7F722FE034601A95D
:10C8180020460193F9F7BCFD002007B0BDE8F0837E
:10C82800537863457FF44FAF937820460593F7F725
:10C8380007FE81462046F7F70BFE01A901904846FE
:10C84800F9F7A6FDA2780B2A7FF413AF14E7137942
:10C8580063457FF43FAF0246E6E7D37963457FF44B
:10C8680040AFF8E79846012522E7597881427FF4DE
:10C8780047AF58E7517881427FF47BAF8AE7117957
:10C888008142ACD1B7E7197981427FF441AF634661
:10C8980049E7517881429CD1AEE7117981427FF412
:10C8A8006FAF2A4676E700BF681B0108654A036830
:10C8B800934200F0B980A2F57842934200F0B68026
:10C8C80002F58062934200F0B38002F57842934209
:10C8D80000F0B08002F5E052934200F0AD805A4A71
:10C8E800934240F0AB8005234FF4D071574A01FBC7
:10C8F80003F310B5D418D05C86B0F7F7B1FDA07873
:10C90800F7F7AEFD2079F7F7ABFDA079F7F7A8FDAB
:10C91800A368052B11D8DFE803F0192F455B7103D5
:10C928004B4BD3F8F42042F02002C3F8F420D3F89C
:10C93800F43003F020030593059B2046FFF77CFEA7
:10C94800012801D006B010BDFFBEFEE7404B002213
:10C958002320D3F8F01041F48051C3F8F0101146A9
:10C96800D3F8F03003F480530093009BF8F794FC5D
:10C978002320F8F7CFFCE0E7354B00222420D3F83A
:10C98800E81041F48041C3F8E8101146D3F8E830C4
:10C9980003F480430193019BF8F77EFC2420F8F709
:10C9A800B9FCCAE72A4B00223320D3F8E81041F437
:10C9B8000041C3F8E8101146D3F8E83003F4004307
:10C9C8000293029BF8F768FC3320F8F7A3FCB4E75E
:10C9D8001F4B00225420D3F8F01041F40051C3F843
:10C9E800F0101146D3F8F03003F400530393039B7F
:10C9F800F8F752FC5420F8F78DFC9EE7144B002200
:10CA08005520D3F8F01041F48011C3F8F010114606
:10CA1800D3F8F03003F480130493049BF8F73CFC3C
:10CA28005520F8F777FC88E700235DE701235BE7EB
:10CA3800022359E7032357E7042355E700231B780C
:10CA4800FFDE00BF0030014000140058E416002447
:10CA5800004402582DE9F043002289B01B4B012104
:10CA68000DF1040C9E461A4B0791E146E0466746D5
:10CA78000EF11C060EF138050EF15404CDE9012221
:10CA8800CDE90322CDE90522FF221A70BCE80F0088
:10CA9800AEE80F009CE807008EE80700B9E80F0031
:10CAA8000FC69CE8070086E80700B8E80F000FC526
:10CAB8009CE8070085E807000FCF0FC49CE8070033
:10CAC80084E8070009B0BDE8F08300BF1C0100241A
:10CAD80008210024014802F067B800BF0C170024A1
:10CAE800014802F061B800BFAC180024014802F008
:10CAF8005BB800BF4C1A0024014802F055B800BFCB
:10CB0800EC1B0024014802F04FB800BF8C1D002424
:10CB180010B5EFF3108472B6084B1A78120602D5D6
:10CB280004B962B610BD1B784FF4D07204485BB2EA
:10CB380002FB0300B030F9F7D9F8F1E70821002427
:10CB4800E416002410B5EFF3108472B6094B1A7876
:10CB5800120602D504B962B610BD1B784FF4D07224
:10CB680005485BB202FB030000F59470F9F7BEF8C4
:10CB7800F0E700BF08210024E41600242DE9F04165
:10CB880084B0EFF3108772B6284AFF21284C136847
:10CB9800217023B100211160264A10689847237834
:10CBA8001B061CD5DFF894800025234E44462168D7
:10CBB80079B162686AB1A369012B22D0A3B963690C
:10CBC8003046019323690093E3682289FFF76AFCE2
:10CBD80018B301351C3406F5D076042DE7D107B912
:10CBE80062B604B0BDE8F081D4E90430CDE9013083
:10CBF800E068238900903046FFF7B8FC0028E8D1A8
:10CC08000BE0D4E904301146CDE900303046E36842
:10CC18002289FFF7E3FB0028DBD1C5EBC50508EB4C
:10CC2800850348F825005860D9E700BF042100248F
:10CC3800082100240C210024E41600241C010024EF
:10CC48002DE9F04184B0EFF3108772B6284AFF212E
:10CC5800284C1368217023B100211160264A1068FE
:10CC6800984723781B061CD5DFF894800025234EAF
:10CC78004446216879B162686AB1A369012B22D060
:10CC8800A3B963693046019323690093E368228955
:10CC9800FFF708FC18B301351C3406F5D076042DCF
:10CCA800E7D107B962B604B0BDE8F081D4E9043031
:10CCB800CDE90130E068238900903046FFF756FC43
:10CCC8000028E8D10BE0D4E904301146CDE9003062
:10CCD8003046E3682289FFF781FB0028DBD1C5EBEA
:10CCE800C50508EB850348F825005860D9E700BF5B
:10CCF80004210024082100240C210024E416002427
:10CD08001C0100242DE9F04184B0EFF3108772B6BE
:10CD1800284AFF21284C1368217023B10021116093
:10CD2800264A1068984723781B061CD5DFF894809C
:10CD38000025234E4446216879B162686AB1A36927
:10CD4800012B22D0A3B9636930460193236900936C
:10CD5800E3682289FFF7A6FB18B301351C3406F5F2
:10CD6800D076042DE7D107B962B604B0BDE8F081EA
:10CD7800D4E90430CDE90130E068238900903046D9
:10CD8800FFF7F4FB0028E8D10BE0D4E904301146A2
:10CD9800CDE900303046E3682289FFF71FFB002801
:10CDA800DBD1C5EBC50508EB850348F825005860BD
:10CDB800D9E700BF04210024082100240C21002405
:10CDC800E41600241C0100242DE9F04184B0EFF39F
:10CDD800108772B601F0DCFA284A294CFF21136843
:10CDE80021702BB1002111600121264A1068984753
:10CDF80023781B061CD5DFF894800025224E444674
:10CE0800216879B162686AB1A369012B22D0A3B9FC
:10CE180063693046019323690093E3682289FFF729
:10CE280041FB18B301351C3406F5D076042DE7D143
:10CE380007B962B604B0BDE8F081D4E90430CDE9A1
:10CE48000130E068238900903046FFF78FFB002807
:10CE5800E8D10BE0D4E904301146CDE90030304682
:10CE6800E3682289FFF7BAFA0028DBD1C5EBC505CC
:10CE780008EB850348F825005860D9E70421002409
:10CE8800082100240C210024E41600241C0100249D
:10CE980030B4544B002108220220534CD961586207
:10CEA800C3F8BC11C3F8C401C3F85C13C3F8640326
:10CEB800C3F8F424C3F8F814C3F8FC14C3F8040541
:10CEC800C3F89426C3F89816C3F89C16C3F8A406AA
:10CED800C3F83428C3F83818C3F83C18C3F8440812
:10CEE800424D4348C3E90521C3E96D21C3E9D52172
:10CEF8002288A3783F49EA80CA800B723E492B7288
:10CF0800CA800B722168A0F803204371C2800372A3
:10CF18003A4C3B48E2802372A0F80320394C437115
:10CF2800C28003723848E2802372A0F80320374C8D
:10CF38004371C2800372080C2180A070A4F80320FA
:10CF48006371E2802372324C324D2180A070A4F8C4
:10CF580003206371E28023722F4CEA8021802B72B8
:10CF6800A070A4F803206371E28023722B4C218007
:10CF7800A070A4F803206371E2802372284C2180FA
:10CF8800A070A4F803206371E2802372254C2180ED
:10CF9800A070A4F803206371E2802372224C2180E0
:10CFA800A070A4F803206371E28023721F4C2180D3
:10CFB8001F49A070A4F803201E486371E280237201
:10CFC800A1F803201C4C4B71CA800B721B49E280EC
:10CFD8002372C2800372A1F803204B71CA800B72BE
:10CFE80030BC7047E4160024641B0108A400002428
:10CFF800C8000024980000245C000024B00000242D
:10D00800EC000024D400002474000024D420002460
:10D01800BC200024E0000024C8200024A420002410
:10D02800F8200024E0200024EC200024B020002474
:10D038001001002404010024F800002480000024CA
:10D04800714A036811698B4200B587B04BD0916E65
:10D058008B4200F0B680D2F8C0108B4200F0B3804B
:10D06800D2F818118B4200F0B080B3F1804F1ED077
:10D07800664A93420DD0664A934200F0A880654AFA
:10D08800934200F0B280644A93421ED007B05DF824
:10D0980004FB624BD3F8E82042F00202C3F8E82010
:10D0A800D3F8E83003F002030293029BEEE75B4BF0
:10D0B800D3F8E82042F00102C3F8E820D3F8E830BA
:10D0C80003F001030193019BE0E7544BD3F8E820F8
:10D0D80042F01002C3F8E820D3F8E83003F0100358
:10D0E8000593059BD2E700205821B3F1804F01FB3F
:10D0F8000022127B1ED045498B4235D044498B42D1
:10D1080048D044498B42BED1444BD3F8E81041F093
:10D118000801C3F8E810D3F8E83003F008030493D3
:10D12800049B002AB2D0322000220F21F8F7B4F86D
:10D13800322014E0394BD3F8E81041F00101C3F86C
:10D14800E810D3F8E83003F001030193019B002AAB
:10D158009CD01C2000220F21F8F79EF81C2007B055
:10D168005DF804EBF8F7D6B82C4BD3F8E81041F08B
:10D178000201C3F8E810D3F8E83003F00203029381
:10D18800029B002A82D01D2000220F21F8F784F884
:10D198001D20E4E7214BD3F8E81041F00401C3F85F
:10D1A800E810D3F8E83003F004030393039B002A44
:10D1B8003FF46CAF1E2000220F21F8F76DF81E20F7
:10D1C800CDE7012090E702208EE703208CE7134B80
:10D1D800D3F8E82042F00402C3F8E820D3F8E83096
:10D1E80003F004030393039B50E70C4BD3F8E820A8
:10D1F80042F00802C3F8E820D3F8E83003F0080347
:10D208000493049B42E700BF10210024000400405F
:10D2180000080040000C0040001000400044025884
:10D228000F4B026819698A420BD0996E8A4211D055
:10D23800D3F8C0108A420FD0D3F818118A420DD003
:10D2480070470021582202FB01331A6D002AF7D0DB
:10D25800586D10470121F5E70221F3E70321F1E7B3
:10D2680010210024014801F065BF00BF20210024DF
:10D27800014801F05FBF00BF78210024014801F098
:10D2880059BF00BFD0210024014801F053BF00BF9F
:10D2980028220024F0B54FF0580C0F682E4D8DB0A1
:10D2A8000CFB07FC032F05EB0C06066047DC0B465E
:10D2B8000868344649689A6807C41B7B237004AC25
:10D2C8007268264B002A4FF00002726118BF1022C4
:10D2D800B2610FCB84E80F000CAB03EB870353F864
:10D2E800203CB3F1804F336124D01D4A934221D0B2
:10D2F80030890CF1100458230021802203FB0753C6
:10D308002C44C3E907019A62204601F07DFD0346DB
:10D3180000B1FEE74FF4805208A920460993019313
:10D328000892CDE90A33CDE9023301F03DFE034608
:10D3380040B1FEE7582303FB07539868D9E701205B
:10D348000DB0F0BD01A920460193039301F0AAFF97
:10D358000028F5D0FEE700BF10210024281A010894
:10D36800000C0040006808B5037B10302BB101F0B9
:10D3780005FE003818BF012008BD01F0E5FD0038A2
:10D3880018BF012008BD00BF0C4B00224FF0FF3131
:10D398001A739960196683F86420C3F8B81083F883
:10D3A800BC20C3F8101183F81421C3E90022C3E993
:10D3B8001622C3E92C22C3E9422270471021002417
:10D3C8001F4BC1680268F0B5D3F88C5083B003696D
:10D3D800ADB24D1BA2B1AB4212D00446866811D241
:10D3E800F018E91ACDE9001000F04AFF0023DDE942
:10D3F8000010D4E90062B047E3682561AB421BD056
:10D4080003B0F0BDF018C91ACDE9000100F038FFEB
:10D418000023DDE90001D4E90072B8473046294607
:10D4280000F02EFF00233046626829462668B04780
:10D43800E3682561AB42E3D10023236103B0F0BD6B
:10D44800000002402DE9F84F04460F4690461E465C
:10D4580000F13405284602F073F92028FAD14FF478
:10D4680080630020C4F8D030C4F848314FF440330A
:10D47800C4F8CC00C4F8E030C4F858314E4BC4F8B6
:10D48800DC00C4F8C03003F57A73C4F8E400C4F8CB
:10D4980038314023C4F8C800C4F84031E369C4F8FF
:10D4A8004401C4F85401C4F85C01C4E93500C4E976
:10D4B8005300072B0BD8DFE803F061535A373E457A
:10D4C8004C045123C4F8C4305223C4F83C3104F549
:10D4D8009C794846F8F792F808B1FFBEFEE7C4F811
:10D4E800A890C4F87051EFF3108972B6DFF8D0B085
:10D4F80094F91C30DFF8CCA08BF800300A9B2F4C35
:10D50800CAF800300B9B23600EB11846B0471FFACB
:10D5180088F23946284601F0FDFEB0BBB9F1000F8C
:10D5280000D162B6BDE8F88F3F23C4F8C430402369
:10D53800C4F83C31CBE74123C4F8C4304223C4F8D3
:10D548003C31C4E74723C4F8C4304823C4F83C310D
:10D55800BDE74F23C4F8C4305023C4F83C31B6E7C4
:10D568002B23C4F8C4302C23C4F83C31AFE72D2357
:10D57800C4F8C4302E23C4F83C31A8E72923C4F8E2
:10D58800C4302A23C4F83C31A1E7FF238BF80030CC
:10D598000023CAF8003023600A9B3BB10B98012195
:10D5A80098470120B9F1000FBCD1BAE70120B9F1C1
:10D5B800000FB7D1B5E700BF88000240A8310024AA
:10D5C800A4310024A03100242DE9F84F04460F4669
:10D5D80090461E4600F13405284602F0B1F820288E
:10D5E800FAD14FF480630020C4F8D030C4F8483131
:10D5F8004FF44033C4F8CC00C4F8E030C4F85831D4
:10D608004E4BC4F8DC00C4F8C03003F57A73C4F894
:10D61800E400C4F838314023C4F8C800C4F84031E5
:10D62800E369C4F84401C4F85401C4F85C01C4E9CE
:10D638003500C4E95300072B0BD8DFE803F061532A
:10D648005A373E454C045123C4F8C4305223C4F819
:10D658003C3104F1C0094846F7F7D0FF08B1FFBED6
:10D66800FEE7C4F8AC90C4F8F850EFF3108972B62E
:10D67800DFF8D0B094F91C30DFF8CCA08BF800307C
:10D688000A9B2F4CCAF800300B9B23600EB118463A
:10D69800B0471FFA88F23946284601F08DFEB0BB24
:10D6A800B9F1000F00D162B6BDE8F88F3F23C4F886
:10D6B800C4304023C4F83C31CBE74123C4F8C4301C
:10D6C8004223C4F83C31C4E74723C4F8C430482394
:10D6D800C4F83C31BDE74F23C4F8C4305023C4F824
:10D6E8003C31B6E72B23C4F8C4302C23C4F83C31B2
:10D6F800AFE72D23C4F8C4302E23C4F83C31A8E783
:10D708002923C4F8C4302A23C4F83C31A1E7FF23F5
:10D718008BF800300023CAF8003023600A9B3BB125
:10D728000B98012198470120B9F1000FBCD1BAE745
:10D738000120B9F1000FB7D1B5E700BF880002405A
:10D74800A8310024A4310024A03100242DE9F0419F
:10D758000D4682B0EFF3108772B6002948D1FF2337
:10D76800254A264C237013682BB1002029461060E7
:10D77800234A1068984723781B0625D5DFF8888048
:10D788000025204E444605E001351C3406F5D876C0
:10D79800092D19D0A369012B1BD0002BF4D12168C6
:10D7A80030460029F0D06369019323690093E36848
:10D7B8002289FFF709FF0028E6D1C5EBC50508EB6C
:10D7C800850348F82500586007B962B602B0BDE87D
:10D7D800F08161680029D7D06369304601932369D5
:10D7E8000093E3682289FFF72DFE0028CCD1E4E7F7
:10D7F80003F0A2FAB3E700BFA0310024A43100244B
:10D80800A8310024702200248C010024F0B50023E4
:10D8180087B0022204460493CDE90223027EC3693D
:10D828000B2A4FEA430523D1A27E0B2A02D10020FE
:10D8380007B0F0BD48496B1C484851F8233045787B
:10D8480001781878E67E884269D0824277D0D87805
:10D8580003F1030C81426ED0824278D0987903F1AB
:10D86800060C88426FD0824233D0012007B0F0BD49
:10D87800394B3A4853F8253001784678187894F8A7
:10D8880019C081423DD0824241D0D87803F1030EBD
:10D89800814240D082424AD0987903F1060E8842EC
:10D8A80041D08242E1D1DB796345DED1734604F190
:10D8B80018069B7830460593F6F7C2FD03463046B6
:10D8C8001E46F6F7C5FD01A901903046F8F760FD40
:10D8D800AAE7DB79B342C8D163461A349B7820465D
:10D8E8000593F6F7ADFD034620461C46F6F7B0FD56
:10D8F800034601A920460193F8F74AFD002007B026
:10D90800F0BD93F801E0B645BFD08242BDD158784A
:10D918006045BAD1CBE71F79B742BBD1BCE75F7886
:10D92800AF4292D193E7D979B142BAD19DE718793C
:10D938006045B1D1BAE71F79AF428DD18EE75878EB
:10D94800B04284D1C9E7D979A9428CD18DE7187939
:10D95800B04283D1C0E700BFA4020024A002002483
:10D968007E4A03689342F0B58FB000F0E380A2F5D9
:10D978004C42934200F0E08002F58062934200F04E
:10D98800DD8002F58062934200F0DA8002F5806261
:10D99800934200F0D98002F54442934200F0D280CD
:10D9A800A2F51C42934200F0D18002F580629342B6
:10D9B80000F0CE806A4A934240F0CC800826694D38
:10D9C8004FF4D87404FB0654A07EF6F749FD207E78
:10D9D800F6F746FDE369082B13D8DFE803F03B4967
:10D9E800576573818F9D05005F4BD3F8F42042F093
:10D9F8000802C3F8F420D3F8F43003F008030893BE
:10DA0800089B2046FFF702FF012801D1FFBEFEE771
:10DA18004FF4D8740EAA554F0DF1240C04FB06548C
:10DA2800E36902EB43050FCFACE80F003B68002227
:10DA3800ACF80030114635F9140CF7F72DFCE36902
:10DA48000EAA02EB430333F9140C0FB0BDE8F04003
:10DA5800F7F760BC444BD3F8F02042F01002C3F84B
:10DA6800F020D3F8F03003F010030093009BC8E7D0
:10DA78003D4BD3F8E82042F40032C3F8E820D3F84D
:10DA8800E83003F400330193019BBAE7364BD3F82F
:10DA9800E82042F48022C3F8E820D3F8E83003F401
:10DAA80080230293029BACE72F4BD3F8E82042F483
:10DAB8000022C3F8E820D3F8E83003F400230393E6
:10DAC800039B9EE7284BD3F8E82042F48012C3F862
:10DAD800E820D3F8E83003F480130493049B90E71C
:10DAE800214BD3F8F02042F02002C3F8F020D3F8FD
:10DAF800F03003F020030593059B82E71A4BD3F817
:10DB0800E82042F08042C3F8E820D3F8E83003F078
:10DB180080430693069B74E7134BD3F8E82042F042
:10DB28000042C3F8E820D3F8E83003F00043079335
:10DB3800079B66E7002642E7012640E702263EE704
:10DB480003263CE705263AE7042638E7062636E7A3
:10DB5800072634E700239B7EFFDE00BF001001404C
:10DB6800000C00587022002400440258381A01089A
:10DB78002DE9F04F91B0002301223F490DF1240A0D
:10DB880009938B4601F11C09CAF8143001F13808D1
:10DB9800CDF800A001F15407CDF804A001F17006FA
:10DBA800CDF808A001F18C05CDF80CA001F1A8046E
:10DBB800CDF810A001F1C40ECDF814A001F1E00CCD
:10DBC800CAE90133CAE903330F92FF222B4BCDE98F
:10DBD80006AA1A70BAE80F00ABE80F009AE8070027
:10DBE800009B8BE807009B46BBE80F00A9E80F00E5
:10DBF8009AE80700019B89E807009946B9E80F00F1
:10DC0800A8E80F009AE80700029B88E807009846F2
:10DC1800B8E80F000FC79AE80700039B87E80700DA
:10DC28001F460FCF0FC69AE80700049B86E8070037
:10DC38001E460FCE0FC59AE80700059B85E807002A
:10DC48001D460FCD0FC49AE80700069B84E807001D
:10DC58001C460FCCAEE80F00079B9AE807001C464D
:10DC68008EE807000FCCACE80F009AE807008CE8B4
:10DC7800070011B0BDE8F08F8C010024A431002406
:10DC880010B5094C04F1340001F068FC237D1BB188
:10DC9800636BDB69DB0600D410BD2046FFF790FB01
:10DCA800636B10221A6210BD7022002410B50B4C51
:10DCB80004F5F27001F052FC94F8C43123B1D4F8A1
:10DCC800E431DB69DB0600D410BD04F5D870FFF73A
:10DCD80077FBD4F8E43110221A6210BD70220024B8
:10DCE80010B50B4C04F5657001F038FC94F87433EA
:10DCF80023B1D4F89433DB69DB0600D410BD04F5F6
:10DD08005870FFF75DFBD4F8943310221A6210BDE7
:10DD18007022002410B50B4C04F2445001F01EFC94
:10DD280094F8243523B1D4F84435DB69DB0600D4F4
:10DD380010BD04F5A260FFF743FBD4F84435102268
:10DD48001A6210BD7022002410B50B4C04F2F46066
:10DD580001F004FC94F8D43623B1D4F8F436DB6926
:10DD6800DB0600D410BD04F5D860FFF729FBD4F812
:10DD7800F43610221A6210BD7022002410B50B4C24
:10DD880004F6A40001F0EAFB94F8843823B1D4F82F
:10DD9800A438DB69DB0600D410BD04F50760FFF783
:10DDA8000FFBD4F8A43810221A6210BD7022002488
:10DDB80010B50B4C04F6542001F0D0FB94F8343A1B
:10DDC80023B1D4F8543ADB69DB0600D410BD04F55E
:10DDD8002260FFF7F5FAD4F8543A10221A6210BDFF
:10DDE8007022002410B50B4C04F6044001F0B6FB79
:10DDF80094F8E43B23B1D4F8043CDB69DB0600D497
:10DE080010BD04F53D60FFF7DBFAD4F8043C10229E
:10DE18001A6210BD7022002410B50B4C04F6B450E1
:10DE280001F09CFB94F8943D23B1D4F8B43DDB6930
:10DE3800DB0600D410BD04F55860FFF7C1FAD4F82A
:10DE4800B43D10221A6210BD7022002410B5EFF301
:10DE5800108472B6084B1A78120602D504B962B655
:10DE680010BD1B784FF4D87204485BB202FB030064
:10DE7800C030F7F73BFFF1E7A431002470220024FB
:10DE880010B5EFF3108472B6094B1A78120602D552
:10DE980004B962B610BD1B784FF4D87205485BB25E
:10DEA80002FB030000F59C70F7F720FFF0E700BFC6
:10DEB800A4310024702200240021FFF747BC00BFD2
:10DEC800214A036893422BD0A2F54C42934229D0B1
:10DED80002F58062934227D002F58062934225D0F2
:10DEE80002F58062934223D002F54442934221D046
:10DEF800A2F51C4293421FD002F5806293421DD0C6
:10DF0800124A93421CD108224FF4D871104B01FBDE
:10DF18000233197D11B11846FFF752BAFFF716BC44
:10DF28000022F1E70122EFE70222EDE70322EBE707
:10DF38000422E9E70522E7E70622E5E70722E3E707
:10DF480000231B7DFFDE00BF00100140000C0058BD
:10DF580070220024204A0368934229D0A2F54C423B
:10DF6800934227D002F58062934225D002F5806261
:10DF7800934223D002F58062934221D002F54442B5
:10DF880093421FD0A2F51C4293421DD002F5806235
:10DF980093421BD0114A93421AD1082310484FF4D8
:10DFA800D87202FB0300037D03B97047FFF708BA74
:10DFB8000023F3E70123F1E70223EFE70323EDE76B
:10DFC8000423EBE70523E9E70623E7E70723E5E76B
:10DFD80000231B7DFFDE00BF00100140000C00582D
:10DFE800702200240121FFF7B1BB00BF534B01226F
:10DFF800002047F6122130B4C3E97420C3E9772121
:10E00800C3E9E020C3E9E3211A62DA6258621963BE
:10E01800C3F83025C3F83405C3F83C25C3F84015C8
:10E02800C3F8E026C3F8E406C3F8EC26C3F8F016F4
:10E03800C3F89028C3F89408C3F89C28C3F8A0181C
:10E04800C3F8402AC3F8440AC3F84C2AC3F8501A44
:10E05800C3F8F02BC3F8F40BC3F8FC2BC3F8001C6F
:10E06800C3F8A40D3648C3F8A02DC3F8AC2DC3F8E7
:10E07800B01D0288837833490068334CCA804FEA60
:10E08800104C0B723149E2802372A1F80320A4F8E6
:10E09800032063714B712E4CCA800B722D492E4D93
:10E0A800E2802372A1F80320A4F8032063714B7166
:10E0B8002A4CCA800B722A49EA8008802B7281F8A0
:10E0C80002C0E2802372A1F803204B71CA800B7250
:10E0D8002449A1F803204B71CA800B722249A1F888
:10E0E80003204B71CA800B722049088081F802C056
:10E0F800A1F803204B71CA800B721D49088081F872
:10E1080002C0A1F803204B71CA800B72194908801C
:10E1180081F802C01848A1F803204B71CA800B721D
:10E128001649A0F803204371C2800372A1F80320A6
:10E138004B71CA800B7230BC704700BF702200243C
:10E14800A0020024280300244C03002440030024D8
:10E15800640300245803002434030024100300241B
:10E16800D0310024700300241C030024AC310024A7
:10E17800C4310024B8310024940200248802002409
:10E188003E4B00220B20114610B5D3F8D84082B080
:10E1980044F00104C3F8D840D3F8D84004F001048F
:10E1A8000094009CD3F8D84044F00204C3F8D84047
:10E1B800D3F8D83003F002030193019BF7F76CF80A
:10E1C8000B20F7F7A7F800220C201146F7F764F8A0
:10E1D8000C20F7F79FF800220D201146F7F75CF89E
:10E1E8000D20F7F797F800220E201146F7F754F89C
:10E1F8000E20F7F78FF800220F201146F7F74CF89A
:10E208000F20F7F787F8002210201146F7F744F897
:10E218001020F7F77FF800223C201146F7F73CF86A
:10E228003C20F7F777F8002211201146F7F734F869
:10E238001120F7F76FF8002238201146F7F72CF86D
:10E248003820F7F767F8002239201146F7F724F845
:10E258003920F7F75FF800223A201146F7F71CF843
:10E268003A20F7F757F800223B201146F7F714F841
:10E278003B2002B0BDE81040F7F74CB80044025804
:10E2880020F01F002031BFF34F8F002907DD064A19
:10E298000144C2F85C0220300B1A002BF9DCBFF3F2
:10E2A8004F8FBFF36F8F704700ED00E0034688B1D2
:10E2B80090F83D20022A03D0802201209A667047F8
:10E2C80002680421002083F83D10D36823F001037D
:10E2D800D36070470120704703682C495A6910B40D
:10E2E8009C6944F008049C619C6944F010049C619A
:10E2F8001C6824F001041C601C692140196199689C
:10E3080021F44041996090F88110042901D09106C8
:10E3180030D490F88110032901D054061FD49105F8
:10E3280009D5D0F8841041F00101C0F8841099692A
:10E3380041F400719961D20509D5D0F8842042F0E2
:10E348000802C0F884209A6942F480729A61002316
:10E358005DF8044BA0F86230A0F86A307047D0F836
:10E36800841041F00401C0F88410996941F040011B
:10E378009961D4E7D0F8841041F08001C0F8841086
:10E38800996941F020019961C3E700BF90FCFFFF44
:10E39800002800F0A48002680021F8B5514B04461B
:10E3A80081629A4216D0A3F578439A4212D003F5B7
:10E3B8008063C0689A4200F08A800F2808D8E16B11
:10E3C80000F108034D09DB0805FB0333082B15D9B9
:10E3D8000120F8BDE068E16B00F10803414E4D09EA
:10E3E800DB0805FB0333404DAA4218BFB24203D0F5
:10E3F80005F58065AA4201D1102BE9D894F881303F
:10E4080003F0FF05002B58D0002702236568A66B90
:10E4180084F88130136823F001031360A369B3F112
:10E42800806F3ED03943676B3B43676A3B4327693C
:10E438003B4367693B43276A3B43E76C3B43A76819
:10E448003B43A76C3B43A76D3B432B433343E669F0
:10E45800314308439060D360B5B9936823F4C0533F
:10E4680043F400639360936823F4C06343F48063C8
:10E478009360136D23F00103136500200123C4F892
:10E48800840084F88130F8BD136D23F0010313650F
:10E498006B02F2D5D368616D23F000430B43D36060
:10E4A800EBE7B5F5800FBDD1002EBBD1D2F800C087
:10E4B8004CF4805CC2F800C0B4E7204684F8805071
:10E4C800FEF7F4F92268A76AE16BE0689DE7E16B63
:10E4D80000F108034D09DB0805FB03338CE7012035
:10E4E800704700BF0030014000380040F8B590F890
:10E4F8008030012B00F08C8090F881301546012285
:10E508000446DEB2934280F880206AD1002963D0A5
:10E51800B5FA85F35B09002D5ED003224366A0F8A7
:10E52800683080F88120C0F88430A0F86250A0F8E4
:10E538006A30C165A0F86050C0E91C338368B3F540
:10E54800C02F04D10268136843F400631360E368C2
:10E55800A06F0F2B4BD98369B3F5804F3CD122684C
:10E568003A4B3B4F2032036452F8183CC763394F8B
:10E5780023F40043C7640027076542F8183CB4F841
:10E5880062309BB2F7F7F8F9002844D1A36F324AFA
:10E59800DB69B3F5807F2368596802EA010218BF76
:10E5A8002A435A609A68616842F40042B1F5800FC4
:10E5B8009A601A6942F448721A611A6842F00102B4
:10E5C8001A6003D11A6842F400721A6000231E46CA
:10E5D80084F880303046F8BD002384F88030304617
:10E5E800F8BD0023022680F880303046F8BD072B9E
:10E5F80083691AD8B3F5005F20D0B3F5804FAED148
:10E60800B4F862309BB203339B08A4F86230A6E7E3
:10E6180002263046F8BDD4F88430012243F01003B6
:10E62800C4F8843084F88120D9E7B3F5804F05D049
:10E63800B3F5005FD0D1B3F5804F90D1B4F8623014
:10E648009BB201335B08A4F8623088E7ADEA0008A2
:10E6580031EA0008D9EA00080000FFFF70B51D463E
:10E6680090F88030012B00F0B9800123044680F82F
:10E67800803090F881304068DBB2B0F5800F7DD0F3
:10E68800012B40F08580002D18BF002A71D0002989
:10E698006FD094F88130042B02D0052384F88130A0
:10E6A8000023E1652168C4F88430A4F86250A4F816
:10E6B8006A50A4F860506266A4F86850C4E91C3334
:10E6C8008B6823F440438B60E3680F2B65D9E06FB8
:10E6D8008369B3F5804F4CD194F88130042B00F056
:10E6E8008A805E4B03645E4BC3635E4E3031B4F880
:10E6F8006A30C66400269BB20665F7F73DF9002824
:10E708006ED12268A16F9368203243F4804342F8A7
:10E71800183CB4F86230C1E90F00C1E913009BB29C
:10E728000846E16DF7F728F9002859D1A36FDB698E
:10E73800B3F5807F236863D059684B4A0A402A435F
:10E748005A609A68616842F40042B1F5800F9A6095
:10E758001A6942F458721A611A6842F001021A6082
:10E7680003D11A6842F400721A60002384F88030DA
:10E7780070BD0023012084F8803070BDA068002897
:10E788007FF47EAF042B3FF47EAF012B3FF47BAFC9
:10E798000023022084F8803070BD072B35D8A36F82
:10E7A8009B69B3F5005F50D0B3F5804F06D1B4F83C
:10E7B80062309BB203339B08A4F86230E06F836930
:10E7C800B3F5005F39D0B3F5804F85D1B4F86A301E
:10E7D8009BB203339B08A4F86A307DE7022070BD22
:10E7E800D4F88430012243F010031046C4F8843072
:10E7F80084F8812070BD1D4B03641D4BC36374E70F
:10E808005968194A0A405A609BE7E06F8369B3F573
:10E81800005F02D0B3F5804FABD1A66FB669B6F5ED
:10E82800804F06D1B4F86260B6B201367608A4F813
:10E838006260B3F5804F7FF44FAFB4F86A309BB293
:10E8480001335B08A4F86A3046E7B4F862309BB23B
:10E8580001335B08A4F86230B0E700BFCDEA0008D6
:10E8680081EA0008D9EA00080000FFFFBDEA0008B5
:10E8780059EA00082DE9F0411546826804460E461B
:10E8880022B94368B3F5800F00F0958094F8803082
:10E89800012B00F09980012384F8803094F88130AE
:10E8A800012BDFB269D1002E61D0B5FA85F35B097F
:10E8B800002D5CD00421B2F5C02F666684F8811063
:10E8C800A4F86850C4F88430A4F86030A4F86A50FA
:10E8D800A4F86230C4E91C3304D12268136823F415
:10E8E80000631360E3680F2B4ED9E06F8369B3F5BB
:10E8F800804F3CD121688B6823F480438B6032467B
:10E90800454EB4F86A3030310664444E9BB2C66353
:10E91800434EC66400260665F7F72EF8002857D13F
:10E92800E36F404ADB69B3F5807F2368596802EAE0
:10E93800010218BF2A435A609A68616842F480420B
:10E94800B1F5800F9A601A6942F450721A611A6818
:10E9580042F001021A6003D11A6842F400721A6088
:10E9680000231F4684F880303846BDE8F081002334
:10E9780084F880303846BDE8F0810023022784F807
:10E9880080303846BDE8F081072B2BD82168E06F2E
:10E998008B6823F480438B608369B3F5005F32D0C2
:10E9A800B3F5804FABD1B4F86A309BB203339B0800
:10E9B800A4F86A30A3E72B4604250A4680F881505C
:10E9C800BDE8F041FFF74ABE02273846BDE8F081AE
:10E9D800D4F88430012243F01003C4F8843084F85A
:10E9E8008120C7E7E06F8269B2F5804F02D0B2F5A7
:10E9F800005FBCD12168B2F5804F8B6823F4804357
:10EA08008B607FF47CAFB4F86A309BB201335B084B
:10EA1800A4F86A3073E700BFBDEA000859EA0008A5
:10EA2800D9EA00080000FFFF806B08B590F8813034
:10EA3800072B09D0836FDB69B3F5807F05D00268A7
:10EA4800136943F00803136108BDFEF797F808BD82
:10EA5800806B08B590F88130072B09D0C36FDB694C
:10EA6800B3F5807F05D00268136943F0080313618A
:10EA780008BDFEF7E5F808BD806B08B590F8813051
:10EA8800072B09D0836FDB69B3F5807F05D0026857
:10EA9800136943F00803136108BDFEF733F908BD95
:10EAA800704700BF806B08B5FFF7FAFF08BD00BFCD
:10EAB800704700BF806B08B5FFF7FAFF08BD00BFBD
:10EAC800704700BF806B08B5FFF7FAFF08BD00BFAD
:10EAD80010B5846BF7F75AFC022800D110BD2368E3
:10EAE80030495A69986940F008009861986940F07F
:10EAF80010009861186820F001001860186901403A
:10EB08001961996821F44041996094F881100429A9
:10EB180001D091063AD494F88110032901D0500607
:10EB280029D4910509D5D4F8841041F00101C4F81D
:10EB38008410996941F400719961D20509D5D4F816
:10EB4800842042F00802C4F884209A6942F4807252
:10EB58009A61002301222046A4F86230A4F86A30A2
:10EB6800D4F8843043F01003C4F8843084F881204A
:10EB7800FEF72AF910BDD4F8841041F00401C4F856
:10EB88008410996941F040019961CAE7D4F884106A
:10EB980041F08001C4F88410996941F0200199611D
:10EBA800B9E700BF90FCFFFF036819695A692DE9AE
:10EBB800F04101EA02059F68044690F8816005F07B
:10EBC800640CBCF1040F2FD005F04500012834D0A7
:10EBD80005F02600022800F0DF80280770D59A6922
:10EBE80017F4404FF6B242F008029A619A6942F06F
:10EBF80010029A619A6942F400629A611A6922F0D5
:10EC080008021A6123D0042E00F0DE80A26FD269B8
:10EC1800EAB1032E50D0E26FD269C2B1052E14D1E9
:10EC28002046FEF76FF810E0436F9847236F2046A1
:10EC3800984705F04503012B02D1236F20469847DA
:10EC480005F02605022D00F0A780BDE8F0819A683E
:10EC580012F4404F1FD1B4F86A2092B2DAB1626E52
:10EC68000EE01B6B42F8043B6266B4F86A30013B65
:10EC78009BB2A4F86A30B4F86A309BB25BB12368DF
:10EC8800E1680F29EDD8072940F292801B8E22F8FF
:10EC9800023B6266E9E72046FFF71EFB012384F882
:10ECA8008130D4F88430002B7FD1052EB8D0042EC3
:10ECB80000F08F80032EC8D12046FDF75FFFC4E720
:10ECC800100501D50A077AD415F4587FBDD06E0611
:10ECD80009D5D4F8842042F00402C4F884209A6943
:10ECE80042F040029A61A80509D5D4F8842042F080
:10ECF8000102C4F884209A6942F400729A61E90515
:10ED080009D5D4F8842042F00802C4F884209A690E
:10ED180042F480729A61AA0609D5D4F8842042F098
:10ED28008002C4F884209A6942F020029A61D4F8DB
:10ED38008420002A89D0196807F44047274A21F01F
:10ED48000101B7F5404F1960196902EA01021A6119
:10ED580027D19A68E06F22F440429A6050B1204B64
:10ED68000365F6F729FF28B1D4F8843043F040034F
:10ED7800C4F88430A06F00283FF467AF184B0365D0
:10ED8800F6F71AFF00283FF460AFD4F8843043F058
:10ED98004003C4F8843058E7636F2046BDE8F0416B
:10EDA80018470123204684F88130FEF70DF84CE718
:10EDB80093F830301370626E0132626655E79A69D3
:10EDC80042F400629A6140E7E26FD269002A3FF498
:10EDD8003EAF2046FDF734FF37E700BF94FCFFFF46
:10EDE800EDED000808B5806B00230122A0F86A3019
:10EDF800A0F8623080F88120FDF7E6FF08BD00BF6B
:10EE080090F88100704700BF002800F08F8038B567
:10EE180090F83D30044603F0FF02002B60D02268D2
:10EE280002234349B2F1804F84F83D30A2EB01013F
:10EE38001368B1FA81F14FEA511127D031BB3D482F
:10EE48003D4D824251D000F5806082424DD0551B25
:10EE580000F58060B5FA85F582424FEA55154DD028
:10EE6800002D4BD1354836498A4218BF82424FD0CF
:10EE780001F580618A424BD0A06923F08003E168E4
:10EE8800034313606368D162936223E02A4D23F041
:10EE98007003A068551B0343B5FA85F56D09206911
:10EEA80023F440730343A06923F0800303431360F2
:10EEB800E368D3626368936251B94DB91F49204B27
:10EEC8009A4218BF8A4203D003F580639A4201D15F
:10EED8006369136301230020536184F83D3038BD12
:10EEE80080F83C20FEF7ACF899E7551B23F0700337
:10EEF800A068B5FA85F503436D09D0E7A06823F04B
:10EF0800700303430F488242C9D0002DC7D1A9E737
:10EF1800206923F44073A1690343E06823F0800368
:10EF28000B4361681360D0629162C7E701207047A4
:10EF3800000001400004004000040140004001407E
:10EF480000440140000C00404FF0020C01680A4ADE
:10EF5800034680F83DC088680240062A06D0B2F50C
:10EF6800803F03D00A6842F001020A6001220020B3
:10EF780083F83D20704700BF070001000368094A75
:10EF8800D96841F00101D96099680A40062A06D07B
:10EF9800B2F5803F03D01A6842F001021A600020DF
:10EFA800704700BF0700010090F83C30012B7DD06E
:10EFB80002460223006830B4012482F83D3082F80A
:10EFC8003C40544C83681C400B68602B84606FD0B5
:10EFD8001DD9B3F5005F59D042D94F498B4206D0AD
:10EFE80038D94E498B4202D010318B4206D1846801
:10EFF8004B4921400B4343F0070383600023012161
:10F00800184682F83D1082F83C3030BC7047402BDF
:10F0180067D019D9502BF1D1036A4C68CD6823F019
:10F028000A03016A1C433E4B21F001010162816918
:10F0380021F0F00141EA05118161046281680B4009
:10F0480043F057038360D9E7202BD0D01AD9302B4F
:10F05800D4D1CCE723F01001B1F5801FCED1C6E79B
:10F06800702BCBD18468D1E901532B43CD6824F4AC
:10F078007F4143EA05230B438360836843F07703AA
:10F088008360BBE733F01001B8D1B0E7D1E9015391
:10F0980084682B43CD6824F47F4143EA05230B435E
:10F0A8008360836843F480438360A7E70220704746
:10F0B800046A4D6824F01004C9680462836923F463
:10F0C800704343EA0133016A21F0A0018361144BC4
:10F0D80041EA0511016281680B4043F067038360D0
:10F0E8008CE7036A4C68CD6823F00A03016A1C4365
:10F0F8000B4B21F001010162816921F0F00141EA25
:10F1080005118161046281680B4043F04703836005
:10F1180074E700BF8800CEFF200010003000100008
:10F128008FFFCFFF704700BF704700BF704700BF19
:10F13800704700BF03681A69910710B5044602D5E5
:10F14800DA68920768D41A69520702D5DA68500754
:10F158004FD41A69110702D5DA68120737D41A6929
:10F16800D00602D5DA68D1061ED41A69D20702D5AC
:10F17800DA68D00769D41A69110602D5DA68120666
:10F188006BD41A69D00502D5DA6811066DD41A69EC
:10F19800520602D5DA6850066FD41A69910602D56C
:10F1A800DA68920649D410BD6FF010010822204693
:10F1B80019612277DB6913F4407F6FD1FFF7B2FF43
:10F1C8002046FFF7B3FF002223682277CDE76FF0D0
:10F1D80008010422204619612277DB699B075AD16E
:10F1E800FFF7A0FF2046FFF7A1FF00222368227740
:10F1F800B5E76FF0040102222046196122779B6966
:10F2080013F4407F44D1FFF78DFF2046FFF78EFFB0
:10F218000022236822779CE76FF00201012219611E
:10F2280002779B69990730D1FFF77CFF2046FFF7EB
:10F238007DFF00222368227785E76FF020022046B1
:10F248001A61BDE8104000F05FB86FF00102204677
:10F258001A61FDF7E5FF23688DE76FF0800220460D
:10F268001A6100F053F823688BE76FF48072204628
:10F278001A6100F04DF8236889E76FF040022046D4
:10F288001A61FFF755FF236887E7FFF74DFFD0E7BF
:10F29800FFF74AFFBCE7FFF747FFA6E7FFF744FF82
:10F2A80091E700BF90F83C20012A28D00346006867
:10F2B800022230B4134D83F83D20A8424268846886
:10F2C80018D005F58065A84214D024F0800C22F0EF
:10F2D80070020C688968224300244CEA01014FF04F
:10F2E800010C42608160204683F83DC083F83C40B1
:10F2F80030BC704722F470024D682A43E5E70220CB
:10F30800704700BF00000140704700BF704700BF52
:10F31800704700BFF8B5D0F88070202F44D100297D
:10F3280040D0B2FA82F67609002A3BD0044690F81B
:10F338007C00012838D001252123606FA4F85620CD
:10F348002165C4F88860A4F8542084F87C50C4F877
:10F358008030D8B1DFF854C013462268C0F83CC0EA
:10F36800DFF84CC028320665C0F840C0DFF844C05A
:10F37800C0F84CC0F6F700FB40B11023284684F8CB
:10F388007C60C4F88830C4F88070F8BD2368002217
:10F3980040211046196284F87C209A6842F0800265
:10F3A8009A60F8BD0120F8BD0220F8BD6DF4000890
:10F3B8009DF40008EDF40008F8B5D0F88470202F0B
:10F3C80048D1002944D0B2FA82F67609002A3FD003
:10F3D80090F87C300446012B3CD001252223C0F84C
:10F3E80088608165A0F85C2080F87C50C0F8843083
:10F3F800806FE0B1DFF860C013460A462168C0F8A4
:10F408003CC0DFF858C024310665C0F840C0DFF8BA
:10F4180050C0C0F84CC0F6F7AFFA40B110232846E8
:10F4280084F87C60C4F88830C4F88070F8BD23681C
:10F43800002084F87C001A6842F480721A609A6886
:10F4480042F001029A609A6842F040029A60F8BD60
:10F458000120F8BD0220F8BDA9F40008E1F4000875
:10F46800EDF4000808B5C369806BB3F5807F0CD054
:10F4780003680022A0F856209A6822F080029A6059
:10F488001A6842F040021A6008BDFEF715FD08BD73
:10F49800704700BF806B08B5FFF7FAFF08BD00BFD3
:10F4A80008B5C369806BB3F5807F12D0036800226A
:10F4B8002021A0F85E201A6822F480721A609A68E7
:10F4C80022F001029A609A6822F040029A60C0F81D
:10F4D8008410FEF7F5FC08BD806B08B5FEF73AFD11
:10F4E80008BD00BF806B38B50368D0F88040D0F8FD
:10F4F80084109A68150601D5212C1DD09A685206E9
:10F5080001D5222908D0D0F8883043F01003C0F87C
:10F518008830FEF767FD38BD00240F4A2025A0F883
:10F528005E40196821F49071196099680A409A60E0
:10F53800C0F88450C466E6E700222024A0F85620CC
:10F548001A6822F0C0021A609A6822F400029A60CF
:10F55800C0F88040D2E700BFFEFFFFEF0268D36922
:10F5680070B51E0715680446916800F084806C48E1
:10F5780005F4907C08405CEA00061DD1D80202D54B
:10F588004E0200F19D80180606D501F4000105F031
:10F598008000014340F08C805E0602D5680600F1C9
:10F5A8009B80190202D56A0000F1A380DB0102D515
:10F5B800002DC0F2AA8070BDDE0709D5EE0507D57B
:10F5C80001261662D4F8886046F00106C4F88860FF
:10F5D8009E0760D5CE0709D502261662D4F8886042
:10F5E80046F00406C4F888605E0758D41E070CD598
:10F5F80005F0200C5CEA000007D008201062D4F85F
:10F60800880040F00800C4F88800D4F88800002872
:10F61800D1D09E0606D505F0200501F0805155EAA7
:10F6280001036BD1D4F88850936805F0080503F0FE
:10F6380040031D436ED0116820203A4B21F490718D
:10F64800116091680B4000219360C4F884009368AE
:10F65800E1665D063CD59368A06F23F04003936094
:10F66800002835D0304B0365F6F7A6FA0028A2D05B
:10F67800A06F036D0CE09E0680D505F0200C01F00C
:10F68800805E5CEA0E063FF479AFC36E002B92D021
:10F69800BDE8704018475E07A8D5CE07A6D5042652
:10F6A8001662D4F8886046F00206C4F888609DE7C0
:10F6B800236F002B3FF47FAF2046BDE8704018470A
:10F6C8004FF4801320461362BDE8704001F068BB18
:10F6D8002046FEF787FC70BD13682020002123F028
:10F6E80040031360C4F8800020462167FEF7E4FB5E
:10F6F80070BD2046BDE8704001F056BBE36E002B9C
:10F7080090D02046984722688CE72046BDE8704094
:10F7180001F048BB2046FEF765FCC4F8885070BD70
:10F7280001000010FEFFFFEF35F7000808B5806BF9
:10F738000023A0F85E30A0F85630FEF753FC08BD51
:10F74800D0F88020D0F8840010437047F0B5826864
:10F75800044687B02368D0E904101D680A43616E27
:10F768000243E06902430A43A8492940A84D0A43D5
:10F77800E168AB421A605A6822F4405242EA010238
:10F78800A1695A6000F09D80226A9D681143A14AD0
:10F79800666A2A4011439960DA6A22F00F023243FE
:10F7A800DA629D4A934224D09C4A934255D09C4A9F
:10F7B800934200F02F829B4A934200F09B829A4A20
:10F7C800934200F0E980994A934200F09D82984A5A
:10F7D800934200F0D885974A934200F0D6820125DB
:10F7E80000234FF0011228462367C4E91A2307B003
:10F7F800F0BD914B5B6D03F03803282BEFD88F4A8F
:10F80800D55CB0F5004F33D0202D00F2D981202DE2
:10F8180000F2B680DFE815F0A8017B01B400B4005F
:10F828007201B400B400B4004901B400B400B400DB
:10F83800B400B400B400B4001C01B400B400B400B7
:10F84800B400B400B400B400B400B400B400B40010
:10F85800B400B400B400B400CA00774B5B6D03F089
:10F868000703052BBBD8764AB0F5004FD55CCBD142
:10F87800202D00F21482202D00F20082DFE815F01E
:10F888008A035804FE01FE012804FE01FE01FE0160
:10F898008604FE01FE01FE01FE01FE01FE01FE01DD
:10F8A800F203FE01FE01FE01FE01FE01FE01FE0162
:10F8B800FE01FE01FE01FE01FE01FE01FE01FE0148
:10F8C800B7039868534A02405B480A439A60DA6A69
:10F8D800616A22F00F020A43DA62836D03F00703BC
:10F8E800052B3FF67CAF574AD65C202E00F29C8150
:10F8F800012E7FF674AFB31E1E2B3FF670AF01A228
:10F9080052F823F0C3FE0008E7F700086DFE000870
:10F91800E7F70008E7F70008E7F7000837FF0008EF
:10F92800E7F70008E7F70008E7F70008E7F7000837
:10F93800E7F70008E7F70008E7F70008D7FE000830
:10F94800E7F70008E7F70008E7F70008E7F7000817
:10F95800E7F70008E7F70008E7F70008E7F7000807
:10F96800E7F70008E7F70008E7F70008E7F70008F7
:10F97800E7F70008E7F70008E7F700084DFF000879
:10F9880001250023A3F110014FF6EF7291423FF6D3
:10F9980026AF2268D36023E7274B5B6D03F007038C
:10F9A800052B3FF61CAF284AD55C2AE7002E00F04D
:10F9B800B581012E00F09E85022E00F0B185032E40
:10F9C80000F0D885042E00F0F485052E00F084861A
:10F9D800062E00F0BE86072E00F0FD86082E00F0E9
:10F9E8005087092E00F07B870A2E00F0DC8743F64B
:10F9F8000953164A0B2E18BF13466268002503EBFD
:10FA08005203B3FBF2F39BB2BCE700BFF369FFCF2D
:10FA1800000C0058FFF4FF110010014000440040A2
:10FA280000480040004C00400050004000140140D5
:10FA380000780040007C004000440258C81B0108C0
:10FA4800F41B0108FC1B0108F41B010800093D0018
:10FA5800B34B1A68920640F16F811A68B14BC2F332
:10FA6800C102D340002EC8D0012E00F0EF81022E33
:10FA780000F0C584032E00F0BF84042E00F02B850F
:10FA8800052E00F09D86062E00F0DC86072E00F07D
:10FA98001C86082E00F04E86092E00F08E860A2E4F
:10FAA80000F0E3860B2EA8D126E003A8FAF76EFA39
:10FAB800626A049B002AA0D0012A00F0C781022AAA
:10FAC80000F09D84032A00F09784042A00F003853F
:10FAD800052A00F0FD84062A00F07E85072A00F03A
:10FAE800F485082A00F02686092A00F066860A2A84
:10FAF80000F0BB860B2A80D11B0A7EE76846FAF71E
:10FB080087F9626A019B002A3FF477AFD4E7F9F7D7
:10FB18001FFB636A03B3012B00F0F384022B00F090
:10FB2800CE84032B00F0C884042B00F01785052B26
:10FB380000F01185062B00F00686072B00F048869A
:10FB4800082B00F09B86092B00F0E1860A2B00F0B9
:10FB58003B870B2B08BF000A6268002500EB5203A5
:10FB6800B3FBF2F39BB20DE7F9F7D6FA636A03B376
:10FB7800012B00F0C984022B00F0A784032B00F0AE
:10FB8800A184042B00F0E484052B00F0DE84062B0E
:10FB980000F0E685072B00F03686082B00F08786F4
:10FBA800092B00F0B1860A2B00F0FA860B2B08BF50
:10FBB800000A626800EB5203B3FBF2F39BB2E1E682
:10FBC800402D7FF40CAE002E00F0DC80012E00F0FA
:10FBD8009484022E00F0A784032E00F0C784042E1C
:10FBE80000F0EC84052E00F07A85062E00F0B4852E
:10FBF800072E00F0FE85082E00F04986092E00F039
:10FC08008B860A2E00F029870B2E0CBF80234FF419
:10FC18000043F2E6424B5B6D03F00703052B3FF60A
:10FC2800DEAD414AD55CECE5402E7FF4D8AD002925
:10FC380000F0B580012900F06E84022900F082846A
:10FC4800032900F0AF84042900F03B85052900F062
:10FC58006985062900F0AD85072900F0EF85082998
:10FC680000F03686092900F05B860A2900F0F9863B
:10FC78000B290CBF80254FF4004592E00125002395
:10FC8800A3F110014FF6EF7291423FF6A8AD23F0B1
:10FC98000F02C3F3420313432268D360A0E5402D4B
:10FCA8007FF49DAD002E00F0D380012E00F0D280AD
:10FCB800022E00F06D84032E00F0F484042E00F070
:10FCC8002585052E00F06885062E00F0C285072ED2
:10FCD80000F01086082E00F04886092E00F059869C
:10FCE8000A2E00F0EC860B2E0CBF4FF480704FF4F8
:10FCF8008030AFE00A4B5B6D03F00703052B3FF63E
:10FD08006EAD0A4AD55C7CE5054B5B6D03F03803A4
:10FD1800282B3FF664AD064AD55C72E5054B6CE6C8
:10FD2800004402580090D003F41B0108F41B01089A
:10FD3800C81B010800093D00002E00F0BA83012EFF
:10FD480000F0FD83022E00F02A84032E00F0B68412
:10FD5800042E00F0E484052E00F02885062E00F01D
:10FD68008785072EDAD0082E00F0C483092E00F00C
:10FD7800D7830A2E00F01D84B44BB54A0B2E18BF4A
:10FD880013463AE64FF4004337E6B24B5B6D03F097
:10FD98000703052B3FF623ADAF4AD55C31E54FF499
:10FDA8000045676807EB4703AB423FF618ADB5EB74
:10FDB800073F3FF614AD202E00F2F082012E7FF6A9
:10FDC8000EAD023E1E2E3FF60AAD01A353F826F0F3
:10FDD80015030108E7F70008EB020108E7F7000838
:10FDE800E7F70008E7F7000889020108E7F70008C5
:10FDF800E7F70008E7F70008E7F70008E7F7000863
:10FE0800E7F70008E7F700081D020108E7F7000810
:10FE1800E7F70008E7F70008E7F70008E7F7000842
:10FE2800E7F70008E7F70008E7F70008E7F7000832
:10FE3800E7F70008E7F70008E7F70008E7F7000822
:10FE4800E7F70008E7F70008A50101085B08D4E513
:10FE58004FF480306268002500EB5203B3FBF2F3E5
:10FE68009BB20DE76846F9F7D3FF636A019D03B3B8
:10FE7800012B00F0CF82022B00F0C782032B00F089
:10FE8800C182042B00F02F83052B00F02983062B59
:10FE980000F09883072B00F02684082B00F04D848F
:10FEA800092B00F09B840A2B00F0FB840B2B00F03D
:10FEB8006582002D3FF494AC73E7F9F797FF636A06
:10FEC8000546002BD4D1002D3FF48AAC69E7614B7D
:10FED8001A68950640F1A5821B685D4DC3F3C103FE
:10FEE800DD4000293FF45DAF012900F04D83022970
:10FEF80000F04683032900F04083042900F045847C
:10FF0800052900F08384062900F0D484072900F02D
:10FF18002085082900F04F85092900F0F9850A296C
:10FF280000F0FD850B297FF43CAF2D0A39E703A8C3
:10FF3800FAF72CF8636A049D002B99D1002D3FF441
:10FF48004FAC2EE7002900F06A82012900F0DF8219
:10FF5800022900F0F282032900F02883042900F026
:10FF6800AA83052900F0D883062900F02E840729E2
:10FF780000F06184082900F0AF84092900F0EF84BB
:10FF88000A2900F0148543F60955344B0B2918BF8C
:10FF98001D4606E7F9F7C0F8636A03B3012B00F0C2
:10FFA800CA82022B00F0F782032B00F07F83042B18
:10FFB80000F0B083052B00F0EB83062B00F0508493
:10FFC800072B00F09E84082B00F0B984092B00F061
:10FFD800E4840A2B00F070850B2B08BF000A6168C7
:10FFE8004A0802EB4003B3FBF1F39BB248E6002E4C
:08FFF80000F03A82012E00F036
:020000040801F1
:100000009A82022E00F0C682032E00F04D83042E49
:1000100000F07E83052E00F0BA83062E00F02184C6
:10002000072E00F06F84082E00F08284092E00F065
:10003000CC840A2E00F06C8547F612230A4A0B2E58
:1000400018BF13466268002503EB5203B3FBF2F3BB
:100050009BB219E690D003000090D00300440258F0
:10006000F41B010800093D0000127A00A44B1A6835
:10007000910640F1FF811A68A24BC2F3C10223FA34
:1000800002F206B3012E00F0B182022E00F0378397
:10009000032E00F06F83042E00F0C683052E00F0BF
:1000A0000084062E00F06F84072E00F07184082E65
:1000B00000F00385092E00F03C850A2E00F03685FD
:1000C0000B2E08BF120A616800254B0803EB4203A0
:1000D000B3FBF1F39BB2D7E56846F9F79DFE626A80
:1000E000019902B3012A00F00782022A00F01A8265
:1000F000032A00F03A82042A00F06282052A00F006
:10010000EB82062A00F01683072A00F07483082A7F
:1001100000F0A183092A00F001840A2A00F05B8420
:100120000B2A08BF090A62680025530803EB410344
:10013000B3FBF2F39BB2A7E5F9F70EF8636A03B3DA
:10014000012B00F0FA81022B00F02B82032B00F030
:100150008382042B00F0DA82052B00F02583062B26
:1001600000F06983072B00F0C283082B00F0EE83B8
:10017000092B00F07E840A2B00F08D840B2B08BF26
:10018000000A616800254A0802EB4003B3FBF1F363
:100190009BB279E503A8F9F7FDFE626A0499002A8B
:1001A000C1D09FE7616A002900F05482012900F064
:1001B0001F83022900F08B83032900F0BF830429E9
:1001C00000F00084052900F0AA84062900F08E843E
:1001D000072900F08784082900F0E584092900F048
:1001E000DE840A2900F0A8844748484B0B2918BF31
:1001F000184600217B083A4618184FF0000341F1D9
:100200000001F0F725FAA0F54073414A93423FF60A
:10021000EAAA23680025D860FFF7E6BA384A1168D1
:1002200011F0200100F0E781136800213548C3F385
:10023000C103D840636A0BB3012B00F04B83022B40
:1002400000F07F83032B00F00584042B00F05D8415
:10025000052B00F02C84062B00F0A984072B00F05E
:10026000B484082B00F0AD84092B00F094840A2B91
:1002700000F08D840B2B01D1000A0021090203023A
:1002800041EA10617808B6E703A8F9F783FE0498FD
:10029000636A002102460BB3012B00F03582022B6A
:1002A00000F08682032B00F0C182042B00F0218332
:1002B000052B00F04D83062B00F09083072B00F0F8
:1002C0002184082B00F00B84092B00F004840A2BF6
:1002D00000F052840B2B01D1100A00216268090240
:1002E000030241EA1061500886E76846F9F794FD79
:1002F0000198636A00210246002BEFD0CCE700BFD3
:10030000004402580090D00300093D000000093D60
:10031000FFFC0F00F9F76EFD626A002103460AB385
:10032000012A00F06E82022A00F0B982032A00F04E
:100330002483042A00F09383052A00F0A683062A6A
:1003400000F0DA83072A00F0D583082A00F01C8425
:10035000092A00F015840A2A00F02F840B2A01D103
:10036000030A002162680902180241EA1361530876
:10037000C0184FF0000341F10001F0F769F9A0F552
:10038000407342E72D0A002D3FF42EAA0DE5B54B30
:100390005B6D03F00703052B3FF625AAB24AD55C37
:1003A000FFF733BA402E7FF41EAA616A002900F0DD
:1003B0004E81012900F02782022900F0848203295E
:1003C00000F0CE82042900F05783052900F05983FC
:1003D000062900F06883072900F06083082900F0EF
:1003E000B783092900F0AF830A2900F0C0830B29E5
:1003F0004FF000010CBF4FF400404FF40000F9E64D
:100400009A4AA2FB03239B08FFF7FBBA974BA3FB77
:100410000535AD08002D3FF4E7A9C6E46D08002DB1
:100420003FF4E2A9C1E4924DBFE400295AD001296A
:1004300000F0AC80022900F0DB80032900F061812C
:10044000042900F0A181052900F0EB81062900F0C4
:1004500016820729E7D008295DD0092971D00A2919
:1004600000F02D81834D844B0B2918BF1D469CE461
:10047000824BE7E5002E50D0012E00F0AF80022E17
:1004800000F03B81032E00F07A81042E00F0C7813A
:10049000052E00F0FD81062E00F04D82072EE7D0DC
:1004A000082E48D0092E75D00A2E00F03181744BE9
:1004B000744A0B2E18BF1346C4E56F4BFFF7A1BA61
:1004C0006A4BA3FB00308008FFF74ABB674BA3FBD6
:1004D00000308008FFF771BB6B4AA2FB0323DB08E7
:1004E000FFF78FBA644D60E4674BA3FB0535ED0859
:1004F000002D3FF479A958E4490814E6634BFFF74F
:1005000080BA4FF48043FFF77CBA4008FFF728BB5E
:100510004008FFF752BB5D4D47E45A4B92E54FF45C
:10052000804542E48908FEE5594BFFF76ABA4FF46B
:100530000053FFF766BA4E4B84E5400821E64008B9
:1005400051E5534D31E4534BFFF75BBA4FF400557F
:100550002BE44D4BA3FB0030C008FFF72EBB4A4BEA
:10056000A3FB0030C008FFF7FBBA404BA3FB0123FD
:100570009908D8E541F25553FFF743BA464BFFF7C8
:1005800040BA3A4BA3FB0535AD080EE4414D0CE4EF
:100590006D080AE43D4B55E54FF480405EE4800869
:1005A00021E58008EDE53D4BFFF72BBA41F25555AB
:1005B000FFF7FBBB384DFFF7F8BB314BFFF721BA14
:1005C000C908B0E54FF48053FFF71BBA0C23B5FB05
:1005D000F3F5002D3FF408A9FFF7E7BB264B31E503
:1005E000224AA2FB0323DB08FFF70BBA52086AE595
:1005F0002A4DFFF7DABB626A002A00F0C280012AA6
:1006000000F07981022A00F0B281032A00F0C38150
:10061000042A00F05E82052A00F05982062A00F0C2
:100620009E82072A00F09982082A00F09D82092AFA
:1006300000F097820A2A00F083820B2A184A0E4B98
:100640000EBF00210321134678083A4690E64FF486
:100650000000CFE51348CDE5044BA3FB0023980829
:100660008FE500BF00440258F41B0108ABAAAAAAF8
:1006700000093D0090D003000090D00300127A00E2
:1006800020A107000020A107CDCCCCCC80841E0087
:1006900040420F000048E8012A2C0A000024F40020
:1006A000000090D00000093DCF4BCBE442F6AA20D9
:1006B000FFF7D4BBCD4BA3FB0023980893E4CC4DAC
:1006C000FFF773BBCB4BFFF79CB94FF48055FFF797
:1006D0006CBB1B09FFF795B90A23B1FBF3F122E5C7
:1006E000C54BFFF78EB940F6CC43FFF78AB92D0909
:1006F000002D3FF479A8FFF758BBC04BA2E4920845
:10070000E1E4BC4DFFF751BB4008E7E5C00838E520
:10071000BB4B97E44FF40050FFF7A0BBC00862E466
:10072000B54DFFF742BBB74BFFF76BB940F6CC4571
:10073000FFF73BBB0C23B1FBF3F1F4E45B09FFF7DC
:1007400060B96D09002D3FF44FA8FFF72EBBA74BF2
:10075000A3FB0030C008FFF703BAAB4BFFF751B95A
:1007600040F6AA23FFF74DB9A04BA3FB0030C00809
:10077000FFF723BA9D4BA3FB02239A08A3E4A34BE4
:1007800060E4A34B03215FE79E4DFFF70EBBA14B37
:1007900058E4ED08FFF709BB0A23B0FBF3F022E4AD
:1007A00041F69810FFF75ABB0A23B0FBF3F0E8E4D8
:1007B000800893E5984BFFF724B940F6AA25FFF788
:1007C000F4BA9B09FFF71DB90A22B3FBF2F3FFF756
:1007D00018B98D4DFFF7E9BA0009FFF7C1B98F4B82
:1007E000FFF70FB9AD09002D3EF4FEAFFFF7DDBAFC
:1007F0008B480021FEE4090995E44FF40063FFF7FC
:1008000000B94308AEE54FF480000021F2E400098E
:10081000FFF7D3B90A23B5FBF3F5FFF7C6BA814B4F
:1008200010E47D4DFFF7C1BAD2084CE40622002344
:10083000EFF70EFF52E50C23B0FBF3F0A1E4774D88
:10084000FFF7B3BA4FF40065FFF7AFBA0C22B3FB62
:10085000F2F3FFF7D6B8490965E441F25450FFF7C7
:10086000FDBA714BFFF7EEBB0C23B0FBF3F0FFF7C3
:10087000BABBDB09FFF7C5B86C4BFFF7C2B86B4DCD
:10088000FFF793BA4009FFF76BB9694BFFF7B9B8A7
:10089000684BFFF7D7BB4FF48063FFF7B2B883080C
:1008A00060E50A23B2FBF3F20DE4ED09002D3EF4FE
:1008B0009BAFFFF77ABA4009FFF77FB90C23B5FB6E
:1008C000F3F5FFF772BA4FF40010002192E45A4892
:1008D00000218FE44008D1E44FF48065FFF765BA4A
:1008E000534DFFF762BA4FF22443FFF78AB800096D
:1008F00047E4C008F2E4514B1146A5E64FF480509E
:10090000FFF7ACBA3A4BFFF79DBB0009FFF76BBB93
:100910008009FFF752B98009FFF722B9890902E47B
:100920004FF40073FFF76DB84FF40075FFF73DBA51
:100930003A4BFFF787BB2F4BFFF784BB40480021A2
:1009400058E480089AE44009FFF74DBB400918E4D9
:100950000A220023EFF77CFEC0E42D09FFF725BA39
:100960003848002146E44FF22445FFF71EBA364BC3
:100970006AE64FF40060FFF771BA00230622EFF732
:1009800067FE0346EEE40C23B2FBF3F2FFF79BBBDA
:100990001209FFF798BB2D4B56E64FF48060FFF726
:1009A0005DBA8009FFF71FBBC009FFF706B947F61C
:1009B0001223FFF726B847F61225FFF7F6B96D099F
:1009C000FFF7F3B92248002114E4194BFFF73ABBB3
:1009D000C009FFF7C5B8C909FFF7A5BB0C22002362
:1009E000EFF736FE7AE400BF54581400ABAAAAAA67
:1009F00020A10700AAC2A200801A06000048E80150
:100A000040420F0000127A0015160500548545017A
:100A1000000090D000350C0000A8610090D00300C9
:100A20000080841E0024F4002A2C0A005561510025
:100A300048E801000050C3000040420F000048E8B1
:100A4000002A2C0A00551500000024F400AAC2A2B6
:100A50000020A10706220023EFF7FAFD0EE4C308E9
:100A600080E44FF48073FEF7CCBF4FF48075FFF73E
:100A70009CB98009FFF785BB4FF480100021FFF778
:100A8000B9BB53480021FFF7B5BB00230A22EFF79B
:100A9000DFFD034666E4C009FFF773BB4FF4002097
:100AA0000021FFF7A7BB4B480021FFF7A3BB0A2299
:100AB0000023EFF7CDFDFFF7E1BB5209FFF703BBC2
:100AC000C009FFF790BA4FF40070FFF7C7B9424B67
:100AD000BAE5424BB8E590090021FFF7FFBB40099A
:100AE000FFF7FCBB3E480021FFF784BB3D480021D7
:100AF000FFF780BB030935E400230C22EFF7A8FDC4
:100B000003462FE40009FFF7E9BBC008FFF7B6BBB7
:100B10004FF22443FFF796BAAD09FFF746B93248C2
:100B20000021FFF767BBED09FFF73FB9D209FFF7D7
:100B3000CABA9209FFF7C7BA2C480021FFF75ABB7F
:100B40002B4B002180E54FF400300021FFF752BB12
:100B50004FF480200021FFF74DBB264B74E5264B58
:100B600072E5264B00216FE5254B00216CE54FF423
:100B700080300021FFF73EBBD0090021FFF7AEBB5C
:100B800083090021FFF7EEBB4309FFF7EBBBC00968
:100B90000021FFF773BB80090021FFF76FBB1948E5
:100BA0000021FFF727BB18480021FFF723BB0C22C9
:100BB0000023EFF74DFDFFF761BBC3090021FFF7ED
:100BC000D1BB40090021FFF759BB0009FFF756BB15
:100BD00000CC0C0000AA0A000000A8610000127AF4
:100BE0000090D0030015160500801A0600127A0046
:100BF0000020A1070000093D005561510040420F4F
:100C00000080841E0024F4000048E801836ADA07AB
:100C100010B406D50168C46A4A6822F4003222433F
:100C20004A609C0706D50168046B4A6822F480324A
:100C300022434A60590706D50168446B4A6822F48A
:100C4000802222434A601A0706D50168846B4A68ED
:100C500022F4004222434A60DC0606D50168C46BD8
:100C60008A6822F4805222438A60990606D5016878
:100C7000046C8A6822F4005222438A605A060AD51C
:100C80000168446C4A68B4F5801F22F4801242EA7D
:100C900004024A600BD01B0606D50268C16C53687B
:100CA00023F400230B4353605DF8044B70474A68FC
:100CB000846C22F4C00222434A60ECE7002370B542
:100CC0000446C0F88830F3F7DBFC054623681A6851
:100CD00011070CD41A68520725D420220023C4F827
:100CE00080201846C4F8842084F87C3070BDDE690A
:100CF00016F40016EED1F3F7C3FC431BB3F1007FEB
:100D00002368F4D31A682021032022F4D0721A60D9
:100D10009A6822F001029A60C4F8801084F87C601E
:100D2000C4F8841070BDDE6916F48006D5D1F3F7DF
:100D3000A7FC431BB3F1007F2368F4D3E2E700BFB5
:100D400080B3D0F8803010B5044633B32268242332
:100D50002046C4F88030136823F001031360FEF7C7
:100D6000F9FC012817D0A36A8BB9236820465A687A
:100D700022F490425A609A6822F02A029A601A6815
:100D800042F00102BDE810401A60FFF797BF20460D
:100D9000FFF73CFFE9E7012010BD80F87C30FCF74D
:100DA000E3FDD3E701207047704700BF704700BFE5
:100DB000704700BF0021094B00224FF07E5C01709C
:100DC00001630749C0F818C080ED040A026242615D
:100DD00043608360C161C360704700BFCDCC4C3DB0
:100DE00017B7D13890F83430002B68D090ED027AE4
:100DF0000023D0ED047A0121D0ED075A002227EE1E
:100E0000277A80F83430B0EE656A01700363BCEE77
:100E1000C77A8262C0ED0B5AF7EE004A012374EEE6
:100E2000C64A42789A4264D090ED085A4FF0000CBE
:100E300000210122B5EE405AC0F828C00163F1EE4E
:100E400010FA5FD1F8EE477AC4EEA76AF5EEC06AF1
:100E5000F1EE10FA7BDBDFED6C7AF4EE676AF1EE0F
:100E600010FAB5EE405A48BFF0EE676AF1EE10FA9C
:100E7000C0ED096A7AD175EEA67A02634370002B41
:100E800000F0AA80012B07D1B7EE007AF4EEC75A22
:100E9000F1EE10FA80F2AC80022B05D1F5EEC05ACB
:100EA000F1EE10FA40F2A78090ED050A90ED067A77
:100EB000C0ED077A77EE407AA7EEA50A704703786F
:100EC000D0ED047A00EB8302012B92ED017A27EE3C
:100ED000277ABCEEC77A00F09180022B40F0818027
:100EE0004278FFEE004AB7EE006AD0ED075A9A4208
:100EF0009AD190ED085A026BB5EE405A0132F1EEEC
:100F000010FA9FD0F7EE006A9FED404AF0EE667A45
:100F1000E5EE047A67EEA77A67EEA77A67EEA77A1E
:100F200067EEA77A67EEA77A67EEA77A67EEA77AE9
:100F300067EEA77A67EEA77AE7EEE76AB0EE664A51
:100F4000C4EE846AF5EEC06AF1EE10FA83DADFEDE2
:100F5000307AF4EE676AF1EE10FAB5EE405A77FE99
:100F6000A66AC0ED096AF1EE10FA84D0B8EE477AAD
:100F7000D0ED0A3AF7EE004A9FED244A0263C5EE2F
:100F8000077A437037EEA37AF0EE647A80ED0A7A3E
:100F9000E7EE047A67EEA77A67EEA77A67EEA77A9C
:100FA00067EEA77A67EEA77A67EEA77A67EEA77A69
:100FB00067EEA77A67EEA77AE7EEE74AF0EE467AA1
:100FC000E4EEA67AF4EE677AF1EE10FA18BFDFEDE0
:100FD000117A002B7FF456AFDFED0E5AF0EE657AF2
:100FE00062E7DFED0C4AD0ED075AB0EE646A18E70D
:100FF0000223037058E700230370EDE7D0ED075A92
:1010000090ED0B6A08E700BF000000340000803A52
:10101000000000B400000000037810B504462DED78
:10102000028B072B00F2A581DFE813F05200A2002B
:10103000B50087009200C2001101080090ED068AF9
:10104000F7EE006AD0ED037ABFEE000A90ED077A62
:10105000F4EEC87AF1EE10FAB4EEC87A36FE800AE1
:10106000F1EE10FA00F3788136EEC76AB4EEC68A64
:10107000F1EE10FA00F32981B7EE006A76EE677A96
:1010800077EE887AFDEEE76AF8EEE66A77EEE67AC2
:10109000B4EEE77AF1EE10FA00F3268176EE476AB5
:1010A000F4EEE67AF1EE10FA0DDD77EEC67AC7EED1
:1010B000876AF0EE667AE6EEA67A76EEA76A36EEF4
:1010C000866A30EE460ADFEDAE7A20EE270A09E0A6
:1010D00090ED068A9FEDAB0A28EE000A00F0F8FAC0
:1010E00094ED077A77EE087AF7EE006AF4EEE67A86
:1010F000F1EE10FA40F3D68077EEE67A0123C4EDE4
:10110000067A37EEC77A84F82930F6EE006AB4EE34
:10111000E67AF1EE10FA40F1C380F4EEE67AF1EEF1
:1011200010FAACBF01230023D4ED017A84F82830F3
:1011300020EE270ABDEC028B10BDF0EE007A90ED98
:10114000068ABFEE000A90ED077AA8EE270AC9E7E3
:1011500090ED068AD0ED037A90ED077AB4EEE78A37
:10116000F1EE10FA4CBFB7EE000ABFEE000AB9E785
:10117000F0EE006A90ED068ABFEE000A90ED077A65
:10118000F6EE007AA8EE260AB0EEC00A30EE670A44
:1011900030EE000AA6E7F0EE007A90ED068ABFEE88
:1011A000000A90ED077AA8EE270AB1EE400A99E707
:1011B000F6EE006A90ED068A90ED077AF7EE007A77
:1011C000FFEE005AB4EEE68AF1EE10FAB4EEC87AF9
:1011D00048BFF0EE675AF1EE10FA00F3AE8077EEFA
:1011E000C76AB4EEE68AF1EE10FA5FDCF6EE007A3A
:1011F00078EE277ABDEEE76AB8EEC66A77EEC67A71
:10120000B4EEE77AF1EE10FA7BDCF4EEE67AF1EE7A
:1012100010FA0FDDB7EE005A77EEC57A87EE876ACF
:10122000F0EE467AE6EE067A36EE276A36EE056A84
:1012300075EEC65AD4ED087AB1EE000A66EEA76ADA
:10124000E7EE256A26EE800AC4ED086A4AE790EDCB
:10125000068AF0EE007A90ED077ABFEE000AB4EE4F
:10126000C87AA8EE270AF1EE10FA59DCF7EE006A08
:1012700076EEC77AB4EEE78AF1EE10FA0DDD38EEBD
:10128000666AC6EE077AB0EE676AA7EEA76A77EEDF
:10129000867A77EEA67A30EE670AB1EE400A21E749
:1012A000002341E70023C4ED067A2AE738EE675AA7
:1012B00085EE076AB0EE465AA6EE065A36EE056A85
:1012C00076EE277A75EEA75A90E778EE665A85EEA5
:1012D000876AF0EE465AE6EE065A36EE256A76EE54
:1012E000266A30EE260AC7E6C7EE876AF0EE005A95
:1012F00066EEE67AE6EEA57A37EEC66A30EE460A84
:10130000E1E687EE876AF0EE004AB7EE005A66EE35
:10131000467AE6EE247A77EEC57A75EEE75A89E7E3
:1013200088EE076AF7EE005A66EE466AE6EE276A2E
:1013300076EEE57A30EE670AAFE788EE075AF0EE10
:10134000004A77EEC76A25EE456AA5EE246A76EE76
:10135000677A75EEA75A49E7C8EE075AB0EE005A09
:1013600025EEE56AA5EE856A76EE666A30EE260A17
:1013700082E690ED077A90ED068A9FED030AB1E6CA
:10138000F4FD343FDB0FC94000000000D0ED057ACA
:1013900020EE270A704700BF0B460146184600F0B2
:1013A000EDBA00000000000030B410EE103A2DED50
:1013B000028BA3F5000110EE902AB1F1FE4F10EE62
:1013C000104A82B04FEA42017ED201F1FF3C6FF039
:1013D0008070844580F0F980002004F1404303F5DB
:1013E0004D03C3F3C341DB0DDB05E21ADB1507EE4A
:1013F000903ABFEE001BB24B03EB011191ED004B95
:1014000005EE102AB7EEC55AA4EE051B93ED444B2A
:1014100021EE012B93ED465B93ED403BA1EE045B87
:1014200093ED426B93ED484BA1EE036B22EE023B32
:10143000B8EEE78BB7EEE07A91ED020B38EE000BD9
:10144000A1EE040BA2EE050BA6EE030B27EE000B9C
:1014500010EE903A48F2BF02C3F3CF33934252D218
:10146000B7EE007B974B93ED402B30EE023B13EE33
:10147000102A33EE423B02F01F01821803EBC10039
:1014800053F83140456830EE433B93ED465B93EDB6
:10149000424BA3EE057BB0EE470B93ED446B00236C
:1014A000181905EBC23141EC170BA3EE046B23EEC8
:1014B000034BA6EE040B20EE070BB7EEC00B02B0F9
:1014C000BDEC028B30BC70474D1E6FF080708542C2
:1014D00080F0CE8059004D1E854280F09280002B16
:1014E00055DB0020B4F5000FBFF477AFDFED767A5F
:1014F00007EE103A67EE277A17EE904A24F0004480
:10150000A4F1386469E79FED667BB4EEC70BF1EE9A
:1015100010FA15DC9FED647BB4EEC70BF1EE10FA08
:1015200020DD4FF04C5388B10193DDED017ABFEE21
:10153000007A77EE677AF4EE477AF1EE10FA11D07E
:1015400002B0BDEC028B30BC00F0F0B90093DDEDD1
:10155000007AB7EE007A77EE877AF4EE477AF1EE0A
:1015600010FAEDD19FED527BB4EEC70BF1EE10FAFD
:1015700057D99FED517BB4EEC70BF1EE10FA7FF512
:101580006FAF02B0BDEC028B30BC00F0C9B9C2F342
:10159000C7517E2911DD962954DC0120C1F1960145
:1015A00000FA01F1481E104207D111EA020018BFEB
:1015B0004FF4803024F0004494E700EE103A02B07B
:1015C000BDEC028B30BC00F0C9B9002952D0B3F198
:1015D0007E5F2CD06400B4F17F4F2ED8B1F17F4FE5
:1015E0002BD1B4F1FE4F4BD0B4F1FE4F6FEA0202A3
:1015F00034BF00240124D20F94424CD09FED330A13
:101600005DE7002B20EE000A1EDB002000293AD106
:10161000002ABFF654AF02B0BDEC028B30BC00F024
:101620008BB902B0BDEC028B30BC00F073B982F410
:101630008002520012F5000F22D907EE903A37EEE1
:10164000A00A3CE70020B5E7C2F3C753A3F17F002F
:101650001728DAD8C3F19600012303FA00F0441EDC
:101660001442D2D11040D1D0B1EE400A1846CDE795
:101670000029AFD184F48002520012F5000FDCD8AB
:10168000B7EE000A1BE7002ABFF619AFF7EE007AA3
:1016900087EE800A13E720EEA00A10E7AFF3008080
:1016A00071D5D1FFFFFF5F40E2AAA3FFFFFF5F40BC
:1016B0000000000000C062C00000000000A062C086
:1016C000081C0108301D01080000004B000000004C
:1016D00030B510EE104AC4F30A53B3F57D7FB7EE70
:1016E000C06A83B01BD226EE065BB3F5667F70D36B
:1016F00026EE052B25EE021B754B93ED1A3B93ED61
:10170000187B93ED164BA5EE037BA2EE046BB0EEB7
:10171000460BA7EE010BB7EEC00B03B030BD40F295
:101720002E42934260D86A4991ED087B26EE077BF2
:10173000FDEEC77B91ED0A5B17EE903A03F50003CF
:101740001B1613F0020F07EE903A01F1700208BF6A
:101750000A46D807B8EEE77BA7EE456BB0EE460B1E
:1017600026EE067B1BD403F0030301EBC30392EDCB
:101770001A5B93ED003B92ED186B20EE030B92ED9C
:10178000164BA7EE056B20EE075B27EE057BA5EE5B
:10179000040BA6EE070BB7EEC00B03B030BD92ED05
:1017A000142B27EE075B92ED126B92ED0E3BA7EE2A
:1017B000026B92ED0C0B92ED104BA7EE030B27EE94
:1017C000057BA5EE040BA6EE070BB7EEC00B03B02E
:1017D00030BD220D12F4FF6FDFD1B7EEC55B00EE16
:1017E000104A8DED015AD8E7B3F5FF6F4BD2394B54
:1017F000C4F3836203EB820153F822200D69C4F322
:101800001603C4F3C25043F400038340086A03FB89
:1018100002F2A3FB0010E3FB050202F100518D0F61
:1018200001F04041511AEEF7E5FE2B4B9FED267B70
:1018300005EBD47441EC160B14F0020FA3F1700207
:1018400008BF1346E90726EE077B27EE076B1FD478
:1018500004F0030402EBC40493ED1A4B94ED002B47
:1018600093ED185B27EE027B93ED163BA6EE045B2F
:1018700027EE064B26EE046BA4EE037BA5EE067B5B
:10188000B7EEC70B89E703B0BDE8304000F066B89B
:1018900093ED142B26EE065B93ED127B93ED0E3B3E
:1018A000A6EE027B93ED0C0B93ED104BA6EE030B13
:1018B00026EE056BA5EE040BA7EE060BB7EEC00BEC
:1018C0006BE700BFAFF30080182D4454FB21193C97
:1018D000D81E0108781E0108481F010810B582B003
:1018E0008DED010A044600F057F89DED010A0460F1
:1018F00002B010BD30B1F1EE407A27EE800A22200E
:10190000FFF7ECBFF0EE407A27EE800A2220FFF7C7
:10191000E5BF00BF9FED010AFFF7ECBF000000101C
:101920009FED010AFFF7E6BF0000201A9FED010AB4
:10193000FFF7E0BF000000709FED070AFFEE007A9E
:10194000B7EE007A00284FF0220047FE277A87EE94
:10195000800AFFF7C3BF00BF0000000070EE407AAE
:10196000B4EE400A87EEA77AF1EE10FAB0EE470A1D
:1019700002D62120FFF7B2BF704700BF10B5054C5B
:1019800013462CB10A4601460220AFF3008010BD79
:101990002046FCE700000000014B1868704700BFBC
:1019A0007C03002470B50D4D0D4C641BA410002663
:1019B000A64209D10B4D0C4C00F02EFB641BA41069
:1019C0000026A64205D170BD55F8043B9847013664
:1019D000EEE755F8043B98470136F2E73820010856
:1019E00038200108382001085C2001080A4491428F
:1019F00000F1FF3300D1704710B511F8014B03F827
:101A0000014F9142F9D110BD02440346934200D1E7
:101A1000704703F8011BF9E70054004000580040EC
:101A2000005C0040001C0058000000400004004022
:101A300000080040000C004025002600270034006C
:101A400035004700520053008E000000010C020BCD
:101A5000020A020902080302020C060A060B01042C
:101A60000105010801090106010702000003010147
:101A70000007000602010204000500040001000046
:101A8000030B06090002010E010F0202020300000F
:101A9000060000000C00000012000000180000000A
:101AA00000010000060100000C010000120100000E
:101AB0001801000000020000060200000C020000F5
:101AC00012020000180200000003000006030000DC
:101AD0000002030000000000010000000000000000
:101AE0000000FA4500007A460000FA4600803B47B5
:101AF0000080BB4700000000010203040102030450
:101B000006070809000201020002010201000200AA
:101B100004000800100020004000800000010002C6
:101B2000000400080010002000400080000002585F
:101B30000004025800080258000C02580010025815
:101B40000014025800180258001C025800200258C5
:101B50000024025800280258000000000006101659
:101B6000000610160B00FF00A40000248C000024C7
:101B7000980000245C000024C8000024B000002469
:101B8000BC00002468000024EC000024D4000024E1
:101B9000E000002474000024D4200024BC20002491
:101BA000C8200024A4200024F8200024E0200024E1
:101BB000EC200024B020002410010024F8000024B0
:101BC00004010024800000240180808080808080C7
:101BD00004808080808080800880808080808080F9
:101BE00010808080808080802080808080808080C5
:101BF000400000000004081020400000020408100B
:101C00002040000000000000BEF3F879EC61F63FD0
:101C10001930965BC6FEDEBF3D88AF4AED71F53FD9
:101C2000A4FCD432680BDBBFB010F0F03995F43F60
:101C30007BB71F0A8B41D7BF8503B8B095C9F33F67
:101C40007BCF6D1AE99DD3BFA564880C190DF33FB6
:101C500031B6F2F39B1DD0BFA08E0B7B225EF23F0C
:101C6000F07A3B1B1D7CC9BF3F341A4A4ABBF13F87
:101C70009F3CAF93E3F9C2BFBAE58AF05823F13F26
:101C80005C8D78BFCB60B9BFA70099413F95F03F0D
:101C9000CE5F47B69D6FAABF000000000000F03F76
:101CA0000000000000000000AC479AFD8C60EE3F91
:101CB0003DF5249FCA38B33FA06A021FB3A4EC3F8E
:101CC000BA913854A976C43FE6FC6A573620EB3FF8
:101CD000D2E4C44A0B84CE3F2DAAA163D1C2E93F0E
:101CE0001C65C6F04506D43FED417803E686E83F23
:101CF000F89F1B2C9C8ED83F624853F5DC67E73F6A
:101D0000CC7BB14EA4E0DC3F0B6E49C91676D23FC6
:101D10007AC675A06919D7BFDDBAA76C0AC7DE3FBE
:101D2000C8F6BE484715E7BF2BB82A654715F73FE9
:101D3000000000000000F03F748515D3B0D9EF3FDC
:101D40000F89F96C58B5EF3F515B12D00193EF3F0B
:101D50007B517D3CB872EF3FAAB968318754EF3FA1
:101D60003862756E7A38EF3FE1DE1FF59D1EEF3F5A
:101D700015B7310AFE06EF3FCBA93A37A7F1EE3F80
:101D80002234124CA6DEEE3F2D89616008CEEE3F74
:101D9000272A36D5DABFEE3F824F9D562BB4EE3F51
:101DA000295448DD07ABEE3F85553AB07EA4EE3F9F
:101DB000CD3B7F669EA0EE3F745FECE8759FEE3FE3
:101DC0008701EB7314A1EE3F13CE4C9989A5EE3F2A
:101DD000DBA02A42E5ACEE3FE5C5CDB037B7EE3F1C
:101DE00090F0A38291C4EE3F5D253EB203D5EE3F55
:101DF000ADD35A999FE8EE3F475EFBF276FFEE3F88
:101E00009C5285DD9B19EF3F6990EFDC2037EF3F57
:101E100087A4FBDC1858EF3F5F9B7B33977CEF3F39
:101E2000DA90A4A2AFA4EF3F40456E5B76D0EF3FBF
:101E3000000000000000E8429423914BF86AAC3F98
:101E4000F3C4FA50CEBFCE3FD6520CFF422EE63F2F
:101E50000000000000003843FE822B654715474014
:101E60009423914BF86ABC3EF3C4FA50CEBF2E3F88
:101E7000D6520CFF422E963FA2000000F9A20000AD
:101E800083F9A2006E83F9A24E6E83F9444E6E83ED
:101E900015444E6E2915444EFC29154427FC29157E
:101EA0005727FC29D15727FCF5D1572734F5D157AF
:101EB000DD34F5D1C0DD34F5DBC0DD3462DBC0DDFF
:101EC0009562DBC0999562DB3C999562433C99959C
:101ED00090433C994190433C000000000000F03FDB
:101EE000000000000000F0BF000000000000F0BF94
:101EF000000000000000F03F83C8C96D305F6441FE
:101F0000182D4454FB21F93F000000000000F03F71
:101F10001C620CFDFFFFDFBF198F06E15355A53F83
:101F20009D359AE887C056BFC3F87B024393F93EBC
:101F300003A695595455C5BFC40B23057610813FA0
:101F400024CF7437EB9429BF000000000000F03F5D
:101F5000000000000000F0BF000000000000F0BF23
:101F6000000000000000F03F83C8C96D305F64418D
:101F7000182D4454FB21F93F000000000000F0BF81
:101F80001C620CFDFFFFDF3F198F06E15355A5BF13
:101F90009D359AE887C0563FC3F87B024393F9BE4C
:101FA00003A695595455C5BFC40B23057610813F30
:101FB00024CF7437EB9429BF00000000000000001C
:101FC0000000000000000000000000000000000011
:101FD0000000000000000000000000000000000001
:101FE00000000000000000000000000000000000F1
:101FF00000000000000000000000000000000000E1
:1020000000000000000000000000000000000000D0
:102010000000000000000000F8B500BFF8BC08BCDC
:102020009E467047F8B500BFF8BC08BC9E46704796
:0820300050E6FE7F01000000F4
:10203800BD020008690B000839200008B52F000808
:10204800DD350008B941000899CE000891D3000891
:04205800F5DF0008A8
:04205C0099020008DD
:102060000000000010000000000000000000000060
:102070000000000000000000000000001000000050
:102080000000000000000000000000000000000050
:102090000000000010000000000000000000000030
:1020A0000000000000000000000000000090D003CD
:1020B0000090D0030100000010000000060A050097
:1020C0000405000000000000010C050104070109DF
:1020D00005000000000406000000000000000000F1
:1020E00000040800000000000000000001040500DA
:1020F00006050609050000000105050007050000AA
:1021000000000000060B05000505000000000000AF
:10211000010E050202050000000000000201050199
:102120000F05020305000000030305000000000086
:1021300000000000020B0601040600000000000081
:10214000020C06010507000000000000020A06005C
:102150000000000000000000010408000608000064
:102160000000000001050800070800000000000052
:102170000005080000000000000000000000000052
:10218000000000000000000000000000000000004F
:10219000000000000100000000000000000000003E
:1021A000000000000000000000000000000000002F
:1021B000010000000000000000000000000000001E
:1021C000000000000000000000000000010000000E
:1021D00000000000000000000000000000000000FF
:1021E00000000000000000000100000000000000EE
:1021F00000000000000000000000000000000000DF
:1022000000000000010000000000000000000000CD
:1022100000000000000000000000000000000000BE
:1022200001000000000000000000000000000000AD
:10223000000000000000000000000000010000009D
:10224000000000000000000000000000000000008E
:10225000000000000000000001000000000000007D
:10226000000000000000000000000000000000006E
:10227000000000000100000000000000000000005D
:10228000000000000000000000000000000000004E
:10229000010000000000000000000000000000003D
:1022A000000000000000000000000000010000002D
:1022B000000000000000000000000000000000001E
:1022C000000000000000000001000000000000000D
:1022D00000000000000000000000000000000000FE
:1022E00000000000010000000107080000000000DD
:1022F00000000000010608000000000000000000CF
:102300000B00FF0034030024280300244C030024A6
:10231000400300246403002458030024F80200242E
:10232000EC0200241003002404030024D031002414
:10233000700300241C030024AC310024C4310024A9
:10234000B831002494020024880200240108080205
:102350000B08000108000000010908020A0800003B
:1023600008000000010C0E03020801050E00000029
:10237000020C0801060E00000000000001040B0022
:102380000000000000000000010707010F0400002A
:1023900000000000010607010E040000000000001C
:1023A000000307000000000000000000000207001A
:1023B0000000000000000000020B07000000000009
:1023C00000000000020A07000000000000000000FA
:1023D0000609070000000000000000008003002440
:1023E00000000000D81F0108F81F0108B81F0108ED
:1023F00000000000000000000000000000000000DD
:1024000000000000000000000000000000000000CC
:1024100000000000000000000000000000000000BC
:1024200000000000000000000000000000000000AC
:10243000000000000000000000000000000000009C
:04000005080009598D
:00000001FF
