:020000040800F2
:1000000000000220010A0008FD090008FD3900086F
:10001000FD090008FD090008FD09000800000000B6
:10002000000000000000000000000000FD090008C2
:10003000FD09000800000000FD09000881390008E2
:10004000FD090008FD090008FD090008FD09000878
:10005000FD090008FD090008FD090008FD09000868
:10006000FD090008FD090008FD09000889350008A0
:1000700095350008FD090008A1350008AD350008D8
:10008000FDDA0008B52A0008FD090008FD0900088E
:10009000FD090008FD090008FD090008FD09000828
:1000A000FD090008FD090008FD090008FD09000818
:1000B00015CF000821CF00082DCF0008E92A00083D
:1000C000FD090008F52A0008FD09000885C7000899
:1000D00091C7000831D900085DD9000891D90008FE
:1000E000FD090008FD09000800000000FD090008E6
:1000F000FD090008FD090008FD090008FD090008C8
:10010000FD090008FD09000839CF00089DC7000857
:10011000C5D90008F9D90008FD090008FD09000843
:10012000FD090008FD090008C1C70008F5C700085F
:1001300031DB0008FD090008FD090008FD09000881
:1001400000000000000000000000000000000000AF
:10015000FD090008FD090008FD0900082DDA000866
:10016000012B0008FD09000891390008B539000885
:10017000FD090008D9390008FD090008FD0900083B
:10018000FD090008FD09000861DA000895DA000899
:10019000A9C70008B5C70008FD090008FD09000847
:1001A000FD090008FD090008FD090008FD09000817
:1001B000A9320008FD090008FD090008FD09000832
:1001C000FD090008FD09000841BF00084DBF0008F7
:1001D000FD09000859BF0008FD090008FD090008D5
:1001E000FD090008FD090008FD090008FD090008D7
:1001F000FD090008FD090008FD090008FD090008C7
:10020000FD090008FD090008FD090008FD090008B6
:10021000FD090008FD090008FD090008FD090008A6
:10022000FD090008FD090008FD09000800000000A4
:10023000FD090008FD09000800000000FD09000894
:10024000FD090008FD090008FD090008FD09000876
:10025000FD090008FD090008FD090008FD09000866
:10026000FD090008FD090008FD090008FD09000856
:10027000FD090008FD090008C9DA000800000000B7
:10028000FD090008FD090008FD0900080000000044
:0802900000000000FD09000858
:1002A00010B5054C237833B9044B13B10448AFF3B0
:1002B00000800123237010BD100600240000000000
:1002C000E032010808B5034B1BB103490348AFF303
:1002D000008008BD0000000014060024E032010880
:1002E00001F0FF01102A2BDB10F0070F08D010F8E7
:1002F000013B013A8B422DD010F0070F42B3F6D1EB
:10030000F0B441EA012141EA014122F007047FF003
:1003100000070023F0E80256083C85EA010586EA5A
:10032000010685FA47F5A3FA87F586FA47F6A5FA96
:1003300087F68EB9EED1F0BC01F0FF0102F00702A2
:1003400032B110F8013B013A83EA010313B1F8D14D
:100350000020704701387047002D06BF354603382E
:10036000073815F0010F07D1013015F4807F02BF67
:10037000013015F4C03F0130F0BC0138704700BFB8
:1003800081F0004102E000BF83F0004330B54FEA46
:1003900041044FEA430594EA050F08BF90EA020FB3
:1003A0001FBF54EA000C55EA020C7FEA645C7FEA46
:1003B000655C00F0E2804FEA5454D4EB5555B8BF69
:1003C0006D420CDD2C4480EA020281EA030382EADA
:1003D000000083EA010180EA020281EA0303362D6C
:1003E00088BF30BD11F0004F4FEA01314FF4801C3F
:1003F0004CEA113102D0404261EB410113F0004F51
:100400004FEA03334CEA133302D0524263EB430307
:1004100094EA050F00F0A780A4F10104D5F1200EA5
:100420000DDB02FA0EFC22FA05F2801841F1000100
:1004300003FA0EF2801843FA05F359410EE0A5F1D4
:1004400020050EF1200E012A03FA0EFC28BF4CF005
:10045000020C43FA05F3C01851EBE37101F00045BB
:1004600007D54FF0000EDCF1000C7EEB00006EEBC8
:100470000101B1F5801F1BD3B1F5001F0CD3490852
:100480005FEA30004FEA3C0C04F101044FEA4452A9
:1004900012F5800F80F09A80BCF1004F08BF5FEA30
:1004A000500C50F1000041EB045141EA050130BD10
:1004B0005FEA4C0C404141EB0101013C28BFB1F522
:1004C000801FE9D291F0000F04BF01460020B1FA6D
:1004D00081F308BF2033A3F10B03B3F120020CDA40
:1004E0000C3208DD02F1140CC2F10C0201FA0CF01E
:1004F00021FA02F10CE002F11402D8BFC2F1200C83
:1005000001FA02F120FA0CFCDCBF41EA0C01904038
:10051000E41AA2BF01EB0451294330BD6FEA040481
:100520001F3C1CDA0C340EDC04F11404C4F120026C
:1005300020FA04F001FA02F340EA030021FA04F37E
:1005400045EA030130BDC4F10C04C4F1200220FAD5
:1005500002F001FA04F340EA0300294630BD21FA13
:1005600004F0294630BD94F0000F83F4801306BFD9
:1005700081F480110134013D4EE77FEA645C18BFCD
:100580007FEA655C29D094EA050F08BF90EA020F64
:1005900005D054EA000C04BF1946104630BD91EA5C
:1005A000030F1EBF0021002030BD5FEA545C05D15F
:1005B0004000494128BF41F0004130BD14F580049E
:1005C0003CBF01F5801130BD01F0004545F0FE4112
:1005D00041F470014FF0000030BD7FEA645C1ABF47
:1005E000194610467FEA655C1CBF0B46024650EA7E
:1005F000013406BF52EA033591EA030F41F40021AA
:1006000030BD00BF90F0000F04BF0021704730B52F
:100610004FF4806404F132044FF000054FF0000104
:1006200050E700BF90F0000F04BF0021704730B5C5
:100630004FF4806404F1320410F0004548BF40429A
:100640004FF000013EE700BF42004FEAE2014FEAEF
:1006500031014FEA02701FBF12F07F4393F07F4FCA
:1006600081F06051704732F07F4208BF704793F0CD
:100670007F4F04BF41F40021704730B54FF46074E0
:1006800001F0004521F000411CE700BF50EA0102E3
:1006900008BF704730B54FF000050AE050EA01028C
:1006A00008BF704730B511F0004502D5404261EBFC
:1006B00041014FF4806404F132045FEA915C3FF43D
:1006C000D8AE4FF003025FEADC0C18BF03325FEADA
:1006D000DC0C18BF033202EBDC02C2F1200300FA8B
:1006E00003FC20FA02F001FA03FE40EA0E0021FAB0
:1006F00002F11444BDE600BF53B94AB9002908BF4E
:1007000000281CBF4FF0FF314FF0FF3000F074B9EC
:10071000ADF1080C6DE904CE00F006F8DDF804E058
:10072000DDE9022304B070472DE9F047089D044637
:100730008E46002B4DD18A42944669D9B2FA82F294
:1007400052B101FA02F3C2F1200120FA01F10CFAD0
:1007500002FC41EA030E94404FEA1C48210CBEFB08
:10076000F8F61FFA8CF708FB16E341EA034306FB91
:1007700007F199420AD91CEB030306F1FF3080F020
:100780001F81994240F21C81023E63445B1AA4B26D
:10079000B3FBF8F008FB103344EA034400FB07F70F
:1007A000A7420AD91CEB040400F1FF3380F00A8150
:1007B000A74240F207816444023840EA0640E41B45
:1007C00000261DB1D4400023C5E900433146BDE8F1
:1007D000F0878B4209D9002D00F0EF800026C5E993
:1007E000000130463146BDE8F087B3FA83F6002EAB
:1007F0004AD18B4202D3824200F2F980841A61EB23
:10080000030301209E46002DE0D0C5E9004EDDE740
:1008100002B9FFDEB2FA82F2002A40F09280A1EB28
:100820000C014FEA1C471FFA8CFE0126200CB1FB7D
:10083000F7F307FB131140EA01410EFB03F0884276
:1008400008D91CEB010103F1FF3802D2884200F203
:10085000CB804346091AA4B2B1FBF7F007FB101195
:1008600044EA01440EFB00FEA64508D91CEB040433
:1008700000F1FF3102D2A64500F2BB800846A4EB8E
:100880000E0440EA03409CE7C6F12007B34022FA79
:1008900007FC4CEA030C20FA07F401FA06F31C43A8
:1008A000F9404FEA1C4900FA06F3B1FBF9F8200CB5
:1008B0001FFA8CFE09FB181140EA014108FB0EF0FB
:1008C000884202FA06F20BD91CEB010108F1FF3A4B
:1008D00080F08880884240F28580A8F10208614457
:1008E000091AA4B2B1FBF9F009FB101144EA014165
:1008F00000FB0EFE8E4508D91CEB010100F1FF3410
:100900006CD28E456AD90238614440EA0840A0FBA7
:100910000294A1EB0E01A142C846A64656D353D07D
:100920005DB1B3EB080261EB0E0101FA07F722FAA1
:1009300006F3F1401F43C5E9007100263146BDE8CA
:10094000F087C2F12003D8400CFA02FC21FA03F32D
:10095000914001434FEA1C471FFA8CFEB3FBF7F0AE
:1009600007FB10360B0C43EA064300FB0EF69E42D3
:1009700004FA02F408D91CEB030300F1FF382FD26C
:100980009E422DD9023863449B1B89B2B3FBF7F614
:1009900007FB163341EA034106FB0EF38B4208D9ED
:1009A0001CEB010106F1FF3816D28B4214D9023E2E
:1009B0006144C91A46EA004638E72E46284605E74C
:1009C0000646E3E61846F8E64B45A9D2B9EB02081D
:1009D00064EB0C0E0138A3E74646EAE7204694E7AD
:1009E0004046D1E7D0467BE7023B614432E73046E0
:1009F00009E76444023842E7704700BFFEE700BFE2
:100A00000B480C4A904203D0121A0B4911F016F908
:100A10000A480B4A904203D0121A002111F01CF927
:100A200003F042FA11F0DEF800F068F8FEE700BFCC
:100A3000000000240C0600241433010810060024D2
:100A40005CF60024704700BF704700BF704700BFCE
:100A5000B2B12DE9F0410E46904600247568A7001A
:100A6000084810F0F1FB336805EB840501343B4482
:100A7000A04585ED000A83ED000AEFD1BDE8F081C5
:100A8000704700BFB0970024B9B30144F0B51546D4
:100A9000A5B002F10807441E4E1E01E0A6422AD06E
:100AA00014F8011F6A46384601F028FB0028F5D0EB
:100AB000D5F8A8C090226946D5E92B03C31A00F1E6
:100AC000010E00EBC00048BF63440CF1FF3C9C45A5
:100AD000E4D0D5F8A430C5F8ACE003EB001011F079
:100AE000ADF8D5E92A239342A3EB020328BFC5F84A
:100AF000AC30A642D4D125B0F0BD704780B54B4C88
:100B00004B4800F0E3F80021494800F0A5F94FF404
:100B100040732046474D238050F8041B01F030FC01
:100B200004F1080001F0A2FB414800F0D5F8F7EE0F
:100B3000006AF0EE407A4FF07C5300229FED3E0AAF
:100B400028466B6086EEA77AEB60AA61C5ED047A51
:100B500085ED020A85ED057A10F030FD002240F2A5
:100B600001133649324885ED070A2A702B8500F0BB
:100B7000AFF8334801F038FC00284AD0D4F8AC6014
:100B8000D4F8B030F11A00290A463EDB002AF0D032
:100B90009E42F8D003EBC302D4F8A4000133D4F88A
:100BA000A87000EB0211BB424FEA021291F808C094
:100BB000825C497AC4F8B03002D3DB1BC4F8B03091
:100BC000012ADDD10029DBD007EE90CA9FED1D7A06
:100BD000F2EE080AF8EE677AB0EE000A77EEC77A0E
:100BE000C7EEA00A10F0F8FCDFED177A114820EEEE
:100BF000270A85ED020A10F0E1FC85ED070AD4E929
:100C00002B63F11A00290A46C0DAD4F8A8200A4456
:100C1000BCE70E4801F02AFB094801F0E9FB034A52
:100C20000B49101D01F0D6FBA8E700BF6C0600249D
:100C30002C060024B09700240000C842510A000886
:100C40007006002400008A420000DC437406002481
:100C5000890A000810B515480024154A1549046092
:100C600044610462C46310F0AFFC1348134B4FF4AB
:100C700040710F4AC0F89C3040F20F73016000F1E0
:100C8000B401C0F8A03040F201134460C0F8AC4099
:100C9000C0F8B040C0E92913094910F095FC044A96
:100CA00008490948BDE8104010F08EBC2C0600240D
:100CB00000000024450A00086C0600240080707FB4
:100CC0004D0A0008490A0008B0970024704700BF89
:100CD000143001F0DFB900BF143001F0D7B900BF04
:100CE00010B540F203338EB000244FF60B7240F281
:100CF0000341ADF8083009A80123ADF81020ADF884
:100D000024202246ADF80C100094029907940C940C
:100D1000CDE90544CDE90A4401F0A0FB04A8012374
:100D200022460399009401F099FB09A801F07CFC8C
:100D300010B901200EB010BD04A801F075FCA0424E
:100D40000CBF022020460EB010BD00BF2DE9F041BF
:100D500003239AB0012700240646CDE914373B4B04
:100D6000CDE9104340F20453CDE91647ADF84830C1
:100D7000FFF7B6FFB842054625D0022845D040F619
:100D80000132334B0DF12C081894ADF82C200B9840
:100D90001997CDF84A3000F0E3F810A906F13C00AD
:100DA00002F07EFC302003224FF07E5341460D932B
:100DB0000E93CDE90B02F26B06F1140001F02AF953
:100DC0001AB0BDE8F0811023214A06A906908DF8DB
:100DD00028300DF12C081F4BCDF84A2007930294C0
:100DE000CDE91804CDE9080402A801F08FFE08231C
:100DF000029A03A94046ADF80C508DF80E400495B8
:100E000005930B9400F0ECF8C7E700200121104B8C
:100E10000DF12C083A460094CDF84A304FF60B738A
:100E20000C94ADF82C302346CDE9180140F6013181
:100E30004046ADF818100699CDE90D4401F00EFBBF
:100E40002146404601F0FCFBA7E700BF0402040472
:100E5000040604030704010B2DE9F04704462DEDB9
:100E6000028B82B000294DD0012140F201120023F3
:100E70000091ADF804208DF80630364A0127364B34
:100E800004F10409354904F12908626040F2027254
:100E9000A36040F60663E16004F1250AA4F825206A
:100EA000A4F82930278284F8277084F82B7002F088
:100EB000B1FF054602F014FE6946064650BB4DB32D
:100EC00004F130008DF8067002F02CFF072D3CD1A4
:100ED00004F114052046FFF739FF284601F0D6F843
:100EE0002846B0EE408A01F0CDF8D0ED007AF8EE59
:100EF000677A88EE277A84ED0E7A02B0BDEC028B19
:100F0000BDE8F08740F2011300918DF80610ADF8AE
:100F10000430B2E704F1300002F004FF072D11D0D5
:100F20004946204602F03CF80EB9002DD0D150467B
:100F300001F090FB404601F08DFB04F1120000F03F
:100F400079F9C5E7002EF2D1C2E74946204602F002
:100F500027F8BDE70508050905070506050A060681
:100F600010B584B003460124ADF8040003A8ADF821
:100F70000C30ADF80E4001F06DFB214603A801F0E6
:100F800045FC204602F0AAFD002103A801F03EFC2A
:100F9000204602F0A3FD214603A801F037FC04B06F
:100FA00010BD00BF10B5C2F3002384B00C46017C15
:100FB0008DF80D2043EA4402FA2402238DF80C2018
:100FC00003AA009401F038FE18B10124204604B0B1
:100FD00010BD04460A2002F081FD204604B010BD79
:100FE000034670B543F8042B044684B007C983E870
:100FF0000700A37983B91A210B461E22FA25237410
:101000002046ADF80C20022303AA009501F014FE3F
:1010100028B1012004B070BD1B210B46EDE70A206A
:1010200002F05CFD4FF4B85200950223ADF80C209D
:10103000204603AA217C01F0FFFD0028E9D10A2007
:1010400002F04CFD41F2027200950223ADF80C2033
:10105000204603AA217C01F0EFFD0028D9D10A2007
:1010600002F03CFD042200950223ADF80C2020463E
:1010700003AA217C01F0E0FD0028CAD10A2002F079
:101080002DFD062200950223ADF80C20204603AA70
:10109000217C01F0D1FD0028BBD10A2002F01EFD09
:1010A00041F2082200950223ADF80C20204603AA45
:1010B000217C01F0C1FD0028ABD10A20064602F0D8
:1010C0000DFD0095022303AA217C2046ADF80C609B
:1010D00001F0B2FD00289CD1304602F0FFFC0095E3
:1010E00022790C232046002A8DF80C3003AA4FF0F9
:1010F000020314BF622142218DF80D10217C01F002
:101100009BFD002885D1304602F0E8FC2279D4E925
:1011100002310B43DBB20AB943F0400362790AB1F2
:1011200043F020030E22FA258DF80D30204600955D
:1011300002238DF80C2003AA217C01F07DFD0028FC
:101140007FF467AF0A2002F0C9FC10220095022349
:10115000ADF80C20204603AA217C01F06DFD00288B
:101160007FF457AF0A2002F0B9FC12210095022348
:10117000ADF80C1003AA217C204601F05DFD00288B
:101180007FF447AF0A2002F0A9FC01220921204682
:10119000FFF708FF003818BF01203BE7F0B5102328
:1011A00087B0234C012200250126002702A92046F2
:1011B0000195CDE902234FF48052CDE9046709F08F
:1011C00075F8642003F000FA02A94FF4805220461B
:1011D000CDE9046702261027CDE9026709F066F819
:1011E0000322102302A92046CDE902230023042272
:1011F000CDE904234FF4805209F058F840F232232D
:10120000042202A9019310232046CDE90223019A6A
:10121000012305924FF48052049309F047F840F6F9
:101220000601204609F062F8284607B0F0BD00BF6D
:10123000E49700241C4B00221C494FF0400C30B5B1
:10124000054689B00220596007219A601A6201247C
:10125000DA620A224FF4006EDC6006922022CDE9A9
:10126000000104200821CDE9020103201021CDE96D
:10127000040108206946C3E904024FF4C072181D36
:10128000C3E906C24FF48052C3E909E208F0E4FF63
:1012900038B92846FFF782FF003818BF012009B08F
:1012A00030BD204609B030BDE097002440410052D7
:1012B000614A0021D0B513688EB00A91002B40F02E
:1012C000B9805E4B01214FF683700C24116002211E
:1012D000D3F8D4200026032742F48052C3F8D42048
:1012E000D3F8D42002F480520092009AD3F8E02080
:1012F00042F01002C3F8E020D3F8E02002F0100220
:101300000192019AD3F8E02042F04002C3F8E020B5
:10131000D3F8E02002F040020292029AD3F8E020D3
:1013200042F00802C3F8E020D3F8E02002F00802FF
:101330000392039AD3F8E02042F48072C3F8E020CD
:10134000D3F8E02002F480720492049AD3F8E020EB
:1013500042F08002C3F8E020D3F8E02002F08002DF
:101360000592059AD3F8E02042F02002C3F8E0206D
:10137000D3F8E02002F020020692069AD3F8E0208B
:1013800042F00402C3F8E020D3F8E0300C9403F0FC
:10139000040307930323079A0B93CDE9080108A9D7
:1013A000274804F0B7F948F23712022308A9254864
:1013B0000C94CDE90823CDE90A6704F0ABF94CF2AF
:1013C0000372022308A920480C94CDE90823CDE933
:1013D0000A6704F09FF940F2FF62022308A91B4844
:1013E0000C94CDE90823CDE90A6704F093F94FF690
:1013F0000C72022308A916480C94CDE90823CDE904
:101400000A6704F087F94FF63F02022308A9114842
:101410000C94CDE90823CDE90A6704F07BF920227A
:10142000022308A90A480C94CDE90A67CDE90823EC
:1014300004F070F90EB0D0BDDC97002400440258CF
:101440000010025800180258000C025800200258E0
:10145000001C0258001402582DE9F04FDFF81084E8
:1014600006460D46144608F118002DED028B89B092
:1014700000AF02F00DFAD8F8183073B3D8F81C306A
:10148000D8F80490002B43690BBF4FF0080A4FF0C7
:10149000100A4FF0020B4FF0040BB9F1000F2AD0E5
:1014A000A200EA46012B02F1070222F00702ADEB8F
:1014B000020D6846ADEB020D694600F03F81022B3C
:1014C00000F0D680002B6FD02246C847D54624377F
:1014D000BD46BDEC028BBDE8F08FD8F81C30002B68
:1014E000F5D0D8F804904FF0080A4FF0020B43698A
:1014F000B9F1000FD4D1FB61D8F80030BB61002BEB
:10150000E5D0D54802F036FA6B46BBF1020F7861A0
:1015100008EE103AFB6900F083816A465146A2EB5F
:10152000C40295466200EA46B2FBFBF2AAEBC40095
:1015300085460AEB8200EE46F861ADEB010DF869D5
:101540000EEB820CC7F810C0EC46ADEB010D00EBC2
:101550008201CCF80400CCF8081001EB8201386954
:10156000E946CCF80C1000EB8201CCF800A001EBAE
:101570008202C9E900E0C9E90212012B00F064838C
:10158000022B00F06C82002B00F08081620849463B
:101590006046BB69984718EE103A24379D46BD4611
:1015A000BDEC028BBDE8F08F002C8DD01A46D8ED33
:1015B0000C6A9FEDB27A8446331D36F922E00CF1B5
:1015C000080C07EE90EA33F922E00232F8EEE77AEF
:1015D000944267EE877A67EEA67A4CED027A07EEC0
:1015E00090EAF8EEE77A67EE877A67EEA67A4CED36
:1015F000017AE2D8F9612246C847984ED8ED0D6AC3
:101600000020F9692B1D9FED9E7A9FED9E6ADFED0C
:101610009E5A22E0F4EEC67AF1EE10FAC0F2C884C7
:1016200047F6FE72D1ED017A45F8202066EEA77AE2
:10163000F4EEC77AF1EE10FA40F2F080F4EEC67ADA
:10164000F1EE10FAC0F2D58447F6FE7243F820207E
:101650000230083184427FF639AFD1ED007A66EE70
:10166000A77AF4EEC77AF1EE10FAD3D83246D9E76A
:10167000002C3FF429AFD8ED0C6A84469FED787AB0
:101680000022331D8E4656F822100CF1080C07EE8E
:10169000901A53F822100232F8EEE77A944267EE7D
:1016A000877A67EEA67A4CED027A07EE901AF8EE8A
:1016B000E77A67EE877A67EEA67A4CED017AE2D890
:1016C00071462246C7F81CE0C847664ED8ED0D6A41
:1016D0000020F9692B1D9FED6A7A9FED6A6ADFF899
:1016E00094C120E0F4EEC67AF1EE10FAC0F27984EB
:1016F0003246D1ED017A45F8202066EEA77AF4EE65
:10170000C77AF1EE10FA40F28780F4EEC67AF1EE75
:1017100010FAC0F25E84324643F8202002300831CD
:1017200084427FF6D3AED1ED007A66EEA77AF4EE6E
:10173000C77AF1EE10FAD5D86246DAE7002C3FF40A
:10174000C3AED8ED0C6A86469FED477A4FF0000C89
:10175000331D56F82C200EF1080E82F40002A2F57B
:10176000000207EE902A53F82C200CF1020CF8EE40
:10177000E77A82F400026445A2F5000267EE877AF8
:1017800067EEA67A4EED027A07EE902AF8EEE77A37
:1017900067EE877A67EEA67A4EED017AD9D8F961BD
:1017A0002246C847314ED8ED0D6A0020F9692B1D3D
:1017B0009FED337A9FED336ADFF8BCC01FE0F4EE93
:1017C000C67AF1EE10FAC0F2FC833246D1ED017A0E
:1017D00045F8202066EEA77AF4EEC77AF1EE10FA0B
:1017E00018D9F4EEC67AF1EE10FAC0F2DA83324676
:1017F00043F820200230083184427FF667AED1EDF5
:10180000007A66EEA77AF4EEC77AF1EE10FAD6D82F
:101810006246DBE76246EBE762467DE7324615E764
:10182000A100D6466208073121F00701ADEB010D9A
:10183000EA46ADEB010D6946ADEB0E0D0AEB8200F9
:10184000EC46ADEB0E0D01EB8202F861E946CCE906
:1018500000A0C9E9001290E6349800240280FFFF3E
:10186000000000300082FF7F0000003482FF7F0014
:1018700018980024007E00807E0080FF0000003861
:1018800004FF7FBF04FF7F3F00FEFF46002C00F0F7
:10189000C982BBF1020FD8F8242000F0FA827969DE
:1018A000C7F8049002EB810E5FED0C5A8A00DCF859
:1018B00008100EF104007A611A46DCF80C303B6126
:1018C000331DD7F810903D61FD69C7E902CB8C4606
:1018D000834636F92210D8ED0C7A06EE101A33F949
:1018E000221006EE901A3EF92210B8EEC66A07EEF4
:1018F000101AF8EEE66A3BF92210B8EEC77A26EE27
:10190000256A66EEA56A27EE257A26EE276A66EE38
:10191000A76A27EE277A07EE901A51080232F8EEEE
:10192000E77A0AEB8100944280ED006A05EB8100C2
:1019300067EEA57AC0ED006A0CEB810009EB81012E
:1019400080ED007A98ED0C7A67EE877AC1ED007A27
:10195000BFD8D7F804903D69D7E902CB604662084A
:10196000BB6949469847D8F82C307A69D8ED0D6A9A
:101970001A441FED3D7A1FED3D6A2B1D904602F182
:10198000040A5FED3F5A0022A84ED9E900EC51E06D
:10199000F4EEC67AF1EE10FAC0F2C78247F6FE7096
:1019A00045F822000CEB0100D0ED007A66EEA77A34
:1019B000F4EEC77AF1EE10FA4BD9F4EEC67AF1EEF6
:1019C00010FAC0F2BA8247F6FE70BBF1020F43F87C
:1019D00022002BD0D9F808000844D0ED007A66EE3A
:1019E000A77AF4EEC77AF1EE10FA36D9F4EEC67A99
:1019F000F1EE10FAC0F2CD8247F6FE7048F82200F0
:101A0000D9F80C000144D1ED007A66EEA77AF4EE25
:101A1000C77AF1EE10FA1ED9F4EEC67AF1EE10FA9A
:101A2000C0F2AF8247F6FE714AF8221002329442A9
:101A30007FF6B1AD51080EEB81008900D0ED007A40
:101A400066EEA77AF4EEC77AF1EE10FAA0D8304627
:101A5000A6E73046B9E73146E6E73046CEE7002C48
:101A600000F0E081BBF1020FD8F8243000F0E181F2
:101A70007A69DCF8081003EB820EC7F80490930033
:101A8000DFED6B5A0EF1040000227B61DCF80C30B4
:101A90003B61331DD7F810903D61FD69C7E902CB6A
:101AA0008C46834656F82210D8ED0C7A07EE101AB1
:101AB00053F82210B8EEC76A07EE101A5EF822102B
:101AC000F8EEC76A07EE101A26EE256A5BF82210B8
:101AD000B8EEC77A66EEA56A26EE276A27EE257A63
:101AE00066EEA76A27EE277A07EE901A51080232AF
:101AF000F8EEE77A0AEB8100944280ED006A05EB8C
:101B0000810067EEA57AC0ED006A0CEB810009EB5D
:101B1000810180ED007A98ED0C7A67EE877AC1ED4D
:101B2000007ABFD8D7F804903D69D7E902CB604668
:101B30006208BB6949469847D8F82C307A69D8EDD5
:101B40000D6A1A449FED3E7A9FED3E6A131D924640
:101B5000DFF8E4C00022FB612B1D364ED9E9008E70
:101B60004EE0F4EEC67AF1EE10FAC0F2FC81304697
:101B700045F822000EEB0100D0ED007A66EEA77A60
:101B8000F4EEC77AF1EE10FA49D9F4EEC67AF1EE26
:101B900010FAC0F2EF813046BBF1020F43F8220089
:101BA0002AD0D9F808000844D0ED007A66EEA77A6A
:101BB000F4EEC77AF1EE10FA35D9F4EEC67AF1EE0A
:101BC00010FAC0F2C98130464AF82200D9F80C0058
:101BD0000144D1ED007A66EEA77AF4EEC77AF1EE11
:101BE00010FA1ED9F4EEC67AF1EE10FAC0F2AD8109
:101BF0003146F86940F82210023294427FF6CBACAD
:101C0000510808EB81008900D0ED007A66EEA77AD2
:101C1000F4EEC77AF1EE10FAA3D86046A8E7604662
:101C2000BAE76146E5E76046CEE700BF0280FFFF06
:101C3000000000300082FF7F007E00800000003442
:101C400004FF7FBF04FF7F3F002C00F0EB807A6928
:101C50000021D8F82430C7F8109003EB820ED7F893
:101C60001C909300FD610EF104021FED0C6A7B6174
:101C7000331D154656F821204808D8ED0C6ABBF1F3
:101C8000020F82F40002A2F5000207EE902A53F838
:101C9000212082F40002B8EEE77AA2F5000227EED6
:101CA000067A07EE902A0AEB8002F8EEE77A27EE32
:101CB000267A67EE867A82ED007A09EB80024FEA97
:101CC000800067EEA67AC2ED007A27D05EF8212068
:101CD00082F40002A2F5000207EE902A55F82120B6
:101CE00082F40002B8EEE77AA2F5000227EE067A47
:101CF00007EE902ADCF80820F8EEE77A024427EE97
:101D0000267A67EE867A82ED007A98ED0C7ADCF816
:101D10000C2067EE877A0244C2ED007A02318C42D1
:101D2000A8D8D7F8109060466208BB694946FD699B
:101D30009847D8F82C307A69D8ED0D6A1A441FED0F
:101D4000407A1FED406A131D9246DFF8C4C200229C
:101D5000FB612B1DAB4ED9E9008E4EE0F4EEC67A46
:101D6000F1EE10FAC0F2C580304645F822000EEBC5
:101D70000100D0ED007A66EEA77AF4EEC77AF1EEB4
:101D800010FA49D9F4EEC67AF1EE10FAC0F2BF802B
:101D90003046BBF1020F43F822002AD0D9F80800E0
:101DA0000844D0ED007A66EEA77AF4EEC77AF1EE39
:101DB00010FA35D9F4EEC67AF1EE10FAC0F2AE8020
:101DC00030464AF82200D9F80C000144D1ED007ADF
:101DD00066EEA77AF4EEC77AF1EE10FA1ED9F4EEA9
:101DE000C67AF1EE10FAC0F28B803146F86940F8FD
:101DF0002210023294427FF6CEAB510808EB8100EC
:101E00008900D0ED007A66EEA77AF4EEC77AF1EE9B
:101E100010FAA3D86046A8E76046BAE76146E5E74E
:101E20006046CEE7224649466046BB699847FFF7C1
:101E3000B2BBC7F810B0002298ED0C6A331DDFED7D
:101E4000726AD7F81CB0786956F8221007EE901A1B
:101E500053F82210B8EEE77A07EE901A51080232D2
:101E6000F8EEE77A27EE267A0AEB810E94420BEB26
:101E7000810167EEA67A27EE067A67EE867A8EED06
:101E8000007AC1ED007ADFD88300D7F810B07B610B
:101E90004DE61A46C7F810B098ED0C6A331DDFED19
:101EA0005B6AD7F81CB0786936F9221007EE101A71
:101EB00033F9221007EE901AB8EEC77A51080232B1
:101EC000F8EEE77A27EE267A0AEB810E94420BEBC6
:101ED000810167EEA67A27EE067A67EE867A8EEDA6
:101EE000007AC1ED007ADFD88300D7F810B07B61AB
:101EF00034E5F0EE675AFEEEE45A15EE900A34E748
:101F0000F0EE675AFEEEE45A15EE901A6EE7F0EE28
:101F1000675AFEEEE45A15EE900A3AE7F0EE675A79
:101F2000FEEEE45A15EE900A4BE767EEA57AFDEE59
:101F3000E77A17EE900A00B232E567EEA57AFDEE79
:101F4000E77A17EE900A00B23FE5F0EE675AFEEE30
:101F5000E05A15EE901A4CE6F0EE675AFEEEE05AA3
:101F600015EE900A30E6F0EE675AFEEEE05A15EEF6
:101F7000900AFDE5F0EE675AFEEEE05A15EE900A83
:101F80000AE667EEA57AFDEEE77A17EE901A09B237
:101F90004AE567EEA57AFDEEE77A17EE900A00B201
:101FA0002CE5F0EE675AFEEEE45A15EE902A1FE497
:101FB00067EEA57AFDEEE77A17EE902A12B2FFF7E8
:101FC00031BBF0EE675AFEEEE45A15EE902AFFF7A9
:101FD000FDBBF0EE675AFEEEE05A15EE902AFFF7D1
:101FE0009BBBF0EE675AFEEEE05A15EE902AFFF723
:101FF00080BB67EEA57AFDEEE77A17EE902A12B263
:10200000FFF724BB82FF7F00000000300000003893
:102010007E0080FF30B5184C154685B0046004F191
:10202000080EEC460FC98EE80F00D4ED047AF5EEE9
:10203000C07A8CE80F00F1EE10FA1ADDB7EE006AF4
:1020400094ED057A27EE277AC6EE276A84ED0D7A9D
:10205000C4ED0C6A6DB1204640F8185F01F018FC21
:10206000064903690020064A2162A262E36005B0C6
:1020700030BD012005B030BD18980024002000308C
:102080000000003000680830704700BF006818305A
:1020900001F05EBC30B5046883B00D46E3694BB116
:1020A000A3680020E26A616A9B00009004F11C00B2
:1020B00001F0F0FBA3680748A26A9B00216A009028
:1020C00004F1180001F0E6FB0020C4E9005003B061
:1020D00030BD00BF5914000810B4074B4FF07E51BB
:1020E00030240022032019619C60D8605DF8044B05
:1020F0005961C3E9062270471898002438B5044690
:10210000104694F895301942237815D0032B19D036
:1021100094F89820002594F896300A4025700B40DA
:10212000A26001F0F8021B09F82A237100F08680F2
:10213000092B73D9002038BD032BFBD8DFE803F04F
:10214000112A5102F7291CD094F98E2094F88E3070
:10215000002AEFDBE21801330020917384F88E30FF
:1021600038BD94F8942094F8973022711940131FC9
:10217000012B217305D994F88F3003F0FD03012B57
:1021800045D10023237018B19022211D0FF056FD78
:10219000012038BD94F8973094F894201940131F0B
:1021A0002173012B05D994F88F3003F0FD03012B27
:1021B00029D10023237000284CD09022211D0FF03C
:1021C0003DFD94F894200120032AB4D1237B772B82
:1021D000B1D90922783B227184F8942084F8913097
:1021E00038BD94F8973094F894201940012A61730F
:1021F00000D181B118B19022211D0FF01FFD0023E5
:102200000120237038BD022300202370DCE7022365
:102210000020237038BD00232371EBE70122072B38
:10222000227019D101F00703A56084F88F30CBB973
:102230000322184684F88E30227038BD082323719B
:1022400094F8993000221940227084F890100028E8
:102250009AD19DE70120B7E7082BF1D0284684F8F2
:10226000943038BD4B077FF565AF8AE700220A231B
:1022700002700371704700BF704700BF30B5D0F8DF
:102280000C44ADF2044D3CB3D0F80824D0F804342B
:102290009A4224D0EC460021E6460131D0F80834B9
:1022A000D0F804249B1AC3F30903002BF6D0D0F80E
:1022B00004345A1C0344C2F309021D79C0F80424F3
:1022C000D0F80824D0F804340EF8015B9A42E4D127
:1022D000D0F810246046A0470DF2044D30BD002117
:1022E000EC46F5E7F8B5254CE378002B43D00B68B6
:1022F0000E46002B3FD0002105460F465B1A032BEC
:1023000030D96B5C294413F00E0F2BD003F00F0370
:10231000234493F818382BB3013B481C50FA83F040
:10232000D4F80434D4F80824013B9B1AC3F30903FE
:1023300013B311F801CFD4F80434D4F80824013BC6
:102340009B1AC3F30903002BF5D0D4F8083481425B
:1023500003F101022344C2F3090283F804C0C4F864
:102360000824DDD104372046FFF788FF3368BFB269
:102370009F423946C2D3F8BDE370F3E7509800247A
:10238000CAB2114BA2F1010210B5B2FA82F282B0C8
:102390000E4C5209ADF8041004600120A4F801109D
:1023A000114618702046009209F028FD00230A20EB
:1023B000E37001F093FB009A2046054902B0BDE8A6
:1023C000104009F0A1BD00BF44B90024509800247A
:1023D000E522000803684FF0010CC3F80C1483F8E1
:1023E00003C0C3F8102470470368D878704700BF53
:1023F0000368D3F80424C3F80824704730B54FF4B9
:102400004072114C114BA4F8012004F61805104A33
:1024100003F1100E04F6280CC4F838284FF60F020A
:10242000A4F83C28072284F83E280FCB85E80F004B
:102430009EE80F008CE80F002046064A0649BDE8DA
:1024400030400FF0C1B800BF50980024682C01083C
:1024500080707FF0000000247922000810B592B04F
:10246000ADF804100180C9B2149C0B29C460C0E906
:1024700001233FD090F801C0BCF10F0F3AD8022AD7
:102480003FD0032A02D0012A00D000220E92012B55
:1024900002D0022B18BF0023022C0F932CD0032C48
:1024A0002AD0012C28D000230A29109327D85C4A6F
:1024B00002EB812202610A2914D8DFE801F0A3951A
:1024C00087796B5D4F4133250600564BD3F8E010FA
:1024D00041F48061C3F8E010D3F8E03003F4806386
:1024E0000C930C9B01230DA9104603FA0CF30D93DA
:1024F00003F010F912B010BD0A291094D7D90022A8
:10250000D8E711220E92C2E7464BD3F8E01041F40F
:102510000071C3F8E010D3F8E03003F400730B93BC
:102520000B9BDFE73F4BD3F8E01041F48071C3F819
:10253000E010D3F8E03003F480730A930A9BD1E7EC
:10254000384BD3F8E01041F08001C3F8E010D3F825
:10255000E03003F080030993099BC3E7314BD3F8C4
:10256000E01041F04001C3F8E010D3F8E03003F090
:1025700040030893089BB5E72A4BD3F8E01041F0DD
:102580002001C3F8E010D3F8E03003F020030793F4
:10259000079BA7E7234BD3F8E01041F01001C3F8E5
:1025A000E010D3F8E03003F010030693069B99E7A0
:1025B0001C4BD3F8E01041F00801C3F8E010D3F849
:1025C000E03003F008030593059B8BE7154BD3F828
:1025D000E01041F00401C3F8E010D3F8E03003F05C
:1025E00004030493049B7DE70E4BD3F8E01041F005
:1025F0000201C3F8E010D3F8E03003F002030393C4
:10260000039B6FE7074BD3F8E01041F00101C3F8DB
:10261000E010D3F8E03003F001030293029B61E77E
:10262000000002580044025808B5012143780069AF
:10263000994089B203F076FA003818BF012008BD2E
:1026400001230A464178006903FA01F189B203F0D7
:102650006FBA00BF8378022B30B504468FB037D0F5
:10266000032B33D0012B31D000230A93E378012BC5
:102670002AD0022B28D000230B93002320460C9352
:1026800001F080FE0546204601F084FE2378099083
:10269000082B13D8DFE803F01F3245586B7E91A456
:1026A0000500594BD3F8E02042F48072C3F8E020D3
:1026B000D3F8E03003F480730893089B09A92846F7
:1026C00003F028F80FB030BD0B93D6E70A93CDE79F
:1026D00011230A93CAE74C4B09A92846D3F8E020F6
:1026E00042F00102C3F8E020D3F8E03003F0010328
:1026F0000093009B03F00EF80FB030BD424B09A9C8
:102700002846D3F8E02042F00202C3F8E020D3F8D4
:10271000E03003F002030193019B02F0FBFF0FB0D6
:1027200030BD394B09A92846D3F8E02042F0040215
:10273000C3F8E020D3F8E03003F004030293029BD7
:1027400002F0E8FF0FB030BD2F4B09A92846D3F89F
:10275000E02042F00802C3F8E020D3F8E03003F0B4
:1027600008030393039B02F0D5FF0FB030BD264B47
:1027700009A92846D3F8E02042F01002C3F8E0206F
:10278000D3F8E03003F010030493049B02F0C2FF7F
:102790000FB030BD1C4B09A92846D3F8E02042F009
:1027A0002002C3F8E020D3F8E03003F020030593C3
:1027B000059B02F0AFFF0FB030BD134B09A92846AF
:1027C000D3F8E02042F04002C3F8E020D3F8E03034
:1027D00003F040030693069B02F09CFF0FB030BD50
:1027E000094B09A92846D3F8E02042F08002C3F83B
:1027F000E020D3F8E03003F080030793079B02F05A
:1028000089FF0FB030BD00BF0044025870B50646C6
:102810000D4601F0B7FD0446304601F0BBFD2A1E0F
:102820000146204618BF0122BDE8704003F080B980
:102830000023122270B586B0CDE902230493036809
:10284000032B01D804230593061D841D304601F097
:1028500099FD0546304601F09DFD034601A9284635
:10286000019302F057FF204601F08CFD03462046FD
:102870001C4601F08FFD01A903462046019302F09A
:1028800049FF06B070BD00BF634A0368934210B5AC
:102890008CB028D0614A934258D0614A934200F0EC
:1028A0009480604A934201D00CB010BD5E4C5F48EA
:1028B000D4F8E03043F00203C4F8E030D4F8E0305C
:1028C00003F002030A930A9BFFF7B2FFD4F8F43037
:1028D00043F08003C4F8F430D4F8F43003F08003FC
:1028E0000B930B9BE0E7504C5148D4F8E03043F099
:1028F0000203C4F8E030D4F8E03003F0020301939F
:10290000019BFFF795FFD4F8E83000221F2043F425
:1029100000131146C4F8E830D4F8E83003F400138B
:102920000293029BD4F8D83043F00103C4F8D830A6
:10293000D4F8D83003F001030393039B01F06EFE3B
:102940001F200CB0BDE8104001F0A6BE364C39483F
:10295000D4F8E03043F08003C4F8E030D4F8E0303D
:1029600003F080030493049BD4F8E03043F00203A7
:10297000C4F8E030D4F8E03003F002030593059B7F
:10298000FFF756FFD4F8E8300022212043F48003FB
:102990001146C4F8E830D4F8E83003F48003069315
:1029A000069BD4F8D83043F00103C4F8D830D4F8EB
:1029B000D83003F001030793079B01F02FFE21207D
:1029C0000CB0BDE8104001F067BE1B48FFF730FFB8
:1029D000154B00224820D3F8E840114644F4000487
:1029E000C3F8E840D3F8E84004F400040894089CD5
:1029F000D3F8D84044F00104C3F8D840D3F8D83015
:102A000003F001030993099B01F008FE48200CB074
:102A1000BDE8104001F040BE0054004000580040A6
:102A2000005C0040001C0058004402581CA3002415
:102A300094A000246CA1002444A200242DE9F043BA
:102A40001A4B87B000254FF010099E46EC46184BF4
:102A5000FF22E04667461A700EF118060EF13004A8
:102A6000CDE90055CDE90255ADF80090BCE80F0066
:102A7000CDE90455AEE80F009CE803000095ADF8E1
:102A800000908EE80300B8E80F000FC69CE8030032
:102A90000095ADF8009086E803000FCF0FC49CE8C6
:102AA000030084E8030007B0BDE8F08304000024BD
:102AB00090A0002410B5EFF3108472B6084B1A787A
:102AC000120602D504B962B610BD1B78D82205489B
:102AD0005BB202FB0300143002F0CAFAF2E700BF57
:102AE00090A0002494A00024014803F0B9BE00BFC8
:102AF00020A10024014803F0B3BE00BFF8A10024C8
:102B0000014803F0ADBE00BFD0A200242DE9F04380
:102B10000F68D8243F4D85B007FB04F4032F05EB65
:102B20000403036040DCCB680E46012B3CD84DD03B
:102B30004FF0D808B646DFF8FC9008FB0758BEE80F
:102B40000F00C446ACE80F00DEF800300DF1100EA7
:102B5000CCF80030D8F808C099E80F000EE90F0053
:102B60000EEB8703BCF1010F53F8103CC8F88C3012
:102B700031D0BCF1020F42D0BCF1000F35D0317C16
:102B80008C34D823002201202C4403FB0753490036
:102B9000C3E92602C3F894102046C3E92822C3E9FA
:102BA0002A2203F04FFC18B1012005B0BDE8F083E4
:102BB0000146204603F060FE0028F5D1014620467C
:102BC00003F084FE003818BF0120EEE70B7C103BB9
:102BD000672BADD9E8E701F01BF90F4B98420CBF0A
:102BE0000E4B0F4BC8F89030C9E701F011F90A4BB2
:102BF00098420CBF0B4B0C4BC8F89030BFE701F06C
:102C000007F9054B98420CBF084B094BC8F89030A8
:102C1000B5E700BF94A00024000E27072D0FB030A9
:102C20003211D0205F4390608A62E030200BA01008
:102C30001A098010882C01082DE9F041D0F8008095
:102C400082B00D4617461E4608F18C04204603F05C
:102C50000FFE2028FAD1D8F80C3073B96D00204649
:102C6000089C33463A46A9B2009403F041FC003870
:102C700018BF012002B0BDE8F081089B32463946FA
:102C8000204603F009FDF2E7044B10221A7483F882
:102C9000E82083F8C02183F89822704794A000248C
:102CA00030B5002395B04FF48071062204460B9393
:102CB00006921393CDE90C13CDE90E33CDE9113310
:102CC00001F0A8F807282BD004F1100541F2883252
:102CD00006A9284604F04CFD28B10123184684F8C3
:102CE0005C3015B030BD0222022306A92846CDE98A
:102CF000002310220123CDE9022300224FF4800398
:102D0000CDE9042305224FF0807306926A460F93A3
:102D100041F2883304F098FE0028DED115B030BDB2
:102D20000323012084F85C3015B030BD00000000A2
:102D300070B50023A4B04FF080724FF48075044644
:102D4000ADF806300D93CDE910320122CDE90E53D6
:102D5000CDE91223CDE91433002943D0F02300F14B
:102D6000100508AEADF80630C02341F28832314676
:102D70002846089304F0FCFC28B10123184684F887
:102D80005C3024B070BD41F288320DF10601284656
:102D900004F058FD03460028EFD105224FF480715E
:102DA0001E93284616924FF080721B9321931F9218
:102DB00002AA9FED1F7BCDE91C13CDE922338DEDD7
:102DC000027B9FED1D7B41F2883316A98DED047BBC
:102DD0009FED1B7B8DED067B04F036FE0028CCD1E9
:102DE00024B070BD00F1100508AE612341F28832B5
:102DF00031462846089304F0BBFC0028BDD141F2BF
:102E000088320DF10601284604F09AFD0028B4D15D
:102E1000BDF80630204623F0780343F04003ADF8B8
:102E20000630FFF73DFF00289ED0A6E7AFF30080F5
:102E30000000000001000000100000000100000080
:102E400000000000000040002DE9F04F00234FF487
:102E5000807501264FF0807804462DED028BABB0D3
:102E60008DF8073013932193299314950E96CDF87E
:102E70005C80CDE91533CDE91863CDE91A33CDE98E
:102E80002253CDE92433CDE9273306231C9300F0E8
:102E9000C1FF072808D004F1100741F288321CA9AD
:102EA000384604F065FC40B10123184684F85C30D4
:102EB0002BB0BDEC028BBDE8F08F4FF0020A4FF053
:102EC000020B4FF0050941F2883308AA1CA93846C5
:102ED000CDF89480CDF870909FED2D8BCDE908ABA7
:102EE0004FF0000A4FF4800B8DED0A8BCDE90CAB4F
:102EF00004F0AAFD0028D7D141F2883238460EA945
:102F000004F036FC0028CFD1402341F288320DF185
:102F1000070138468DF8073004F094FC0028C3D12F
:102F200041F288330EA902AA3846CDF83890CDF880
:102F30005C809FED197B8DED048BCDE906AB8DEDAB
:102F4000027B04F081FD03460028ADD1CDF87090DE
:102F50004FF00109CDF894804FF00008219308AAA2
:102F600029931CA938462295CDE92333CDE927338F
:102F700041F288338DED0A8BCDE90CABCDE90889A0
:102F800004F062FD002893D0304684F85C608FE73F
:102F900010000000010000004000000040000000A0
:102FA0002DE9F043624CA3B00D46046000F032FFFF
:102FB000072800F0A980286823466968AA6807C323
:102FC0001E46AB8926F8043B3046257B677B04F020
:102FD000B1FBE0B9574B012D4FF00108E0612361CF
:102FE00014BF4FF480134FF40003C4E9058893FA2B
:102FF000A3F3B3FA83F34FF48079013BC4F8249030
:10300000C4E90B003046236204F028FB38B10122EA
:10301000134684F85C20184623B0BDE8F08366238D
:103020000B90139041F2883206A90693CDE90C90DB
:10303000CDE90E00CDE91100304604F099FB0028DF
:10304000E5D1992341F2883206A93046069304F06F
:103050008FFB0028DBD105231C9019906A4614933E
:103060004FF08073219014A91D9341F288339FED96
:103070002A7BCDE91A90CDE91F008DED007B9FEDF5
:10308000287B30468DED027B9FED277B8DED047B09
:1030900004F0DAFC0028BAD129462046FFF748FEA2
:1030A0000028B4D12046FFF7CFFE03460028AED15A
:1030B000002FB0D1189330460027002606AA14A985
:1030C000CDF86890CDE91F33EB2314934FF44063A0
:1030D0001B934FF4005317934FF440431C93A023CA
:1030E0001693062319934FF0805321934FF04073AA
:1030F000CDE906671D9304F01FFD034600288AD022
:10310000434684F85C8086E701230322184684F84E
:103110005C2023B0BDE8F083000000000100000047
:10312000100000000100000000000000000040004E
:10313000F4A30024005000522DE9F04F8FB0414B12
:103140000024026800AF9A427C63C7E90944C7E9DA
:103150000B4403D03C37BD46BDE8F08F3A4B40F6F8
:1031600009213A48EB46D3F8D42007F11C0607F1B1
:10317000220A4FF0020942F480424FF00308C3F8DC
:10318000D420D3F8D42002F48042BA60BA68D3F8CD
:10319000E02042F04002C3F8E020D3F8E02002F043
:1031A0004002FA60FA68D3F8E02042F02002C3F847
:1031B000E020D3F8E02002F020023A613A69D3F827
:1031C000E02042F01002C3F8E020D3F8E02002F043
:1031D00010027A617A69D3F8E02042F00202C3F863
:1031E000E020D3F8E030F86103F002033984BB61DA
:1031F000174B7B60BB697B6853F8040F7B6001F061
:10320000C1F87B680546186801F0C4F816F8013B60
:10321000786207F124012846C7F830807B63C7E94C
:103220000A9402F077FA5645E5D100225C20114657
:1032300001F0F4F95C2001F02FFA3C37DD46BD4681
:10324000BDE8F08F00500052004402580A0A0909F4
:1032500050A40024114B02689A4200D07047104AD3
:1032600070B5D2F8D4300F4C23F4804304F1180623
:10327000C2F8D43054F8040F01F084F805462068F1
:1032800001F088F80146284602F084FBB442F1D1EF
:103290005C20BDE8704001F00DBA00BF0050005244
:1032A0000044025850A40024014804F0D1BC00BFDF
:1032B00004A40024084B1A1D981D03F1080110B442
:1032C0009C1C9A6603F10A02C3E91834C3E91B0186
:1032D0005DF8044B5A677047F4A3002438B50368BF
:1032E00071B9026A00F1280500F5AC74012A0CBF1F
:1032F000002140218BBB1D4B5722C0F858310DE0F7
:10330000426A00F1C00500F5E874012A0CBF0021F3
:103310004021EBB1164B5A22C0F8D0310023204691
:10332000C4E901214FF480524FF48061636262610D
:103330004FF48042C4E903314FF48073C4E906239B
:103340004FF40033236201F01BFB58B1FFBEFEE7D0
:10335000084B5822C0F8D031E0E7074B5922C0F89B
:103360005831DBE7C5E92044A56338BD10000240B1
:103370007000024028000240580002402DE9F0434E
:10338000821D05468BB0031D05F10A010830CDE909
:10339000052305F10C02AB69CDE907010992002B69
:1033A0003DD0EB69B3FA83F84FEA581801230222A3
:1033B00005AE0AAF4FF006090393CDE9012356F895
:1033C000044B2B792278934216D02B68F3B1012B52
:1033D00002D1F2B10A230493204600F0DBFF03463A
:1033E0002046009300F0CEFF694602F093F9BE42FA
:1033F000E5D10BB0BDE8F083697963789942E4D1F7
:10340000B8F1000FF3D02B68002BE0D1CDF810906D
:10341000E2E76378022B14BF0A230823DBE74FF0AF
:103420000108C3E7534A0368934230B505468BB0A1
:1034300055D02032934252D04F4A934204D020328A
:10344000934201D00BB030BD4C4C4D48D4F8E03025
:1034500043F00103C4F8E030D4F8E03003F0010396
:103460000593059BD4F8E03043F00803C4F8E0303E
:10347000D4F8E03003F008030693069BD4F8E0305C
:1034800043F04003C4F8E030D4F8E03003F04003E8
:103490000793079BD4F8F03043F40003C4F8F030EE
:1034A000D4F8F03003F400030893089BFFF766FF9D
:1034B000D4F8D830296843F001032F4A3048C4F8C3
:1034C000D830891AD4F8D83018BF012103F001038D
:1034D0000993099B0BB0BDE83040FFF7FFBE274CB6
:1034E0002848D4F8E03043F00103C4F8E030D4F8C1
:1034F000E03003F001030093009BD4F8E03043F088
:103500001003C4F8E030D4F8E03003F01003019366
:10351000019BD4F8E03043F04003C4F8E030D4F825
:10352000E03003F040030293029BD4F8F03043F400
:103530008003C4F8F030D4F8F03003F48003039330
:10354000039BFFF71BFFD4F8D830296843F0010331
:10355000084A0C48C4F8D830891AD4F8D83018BFB3
:10356000012103F001030493049B0BB0BDE830403C
:10357000FFF7B4BE04580140045C01400044025807
:10358000C8A600246CA40024014801F071BD00BF4E
:10359000C4A50024014801F06BBD00BF3CA6002477
:1035A000014801F065BD00BF20A80024014801F0DA
:1035B0005FBD00BF98A800241A4A0368934210B464
:1035C0000BD02032934208D0174A934216D02032B3
:1035D000934213D05DF8044B7047144B0022D3F88C
:1035E0005442C3F85822002CF4D0D3F84802D3E94F
:1035F000931223465DF8044B520818470B4B0022E8
:10360000D3F8B044C3F8B424002CE3D0D3F8AC24EE
:10361000D3F8A814D3F8A404520823465DF8044B49
:10362000184700BF04580140045C01406CA400240A
:10363000184A0368934210B40BD02032934208D04A
:10364000154A934217D02032934214D05DF8044BB0
:103650007047124BD3E994245208C3F85822002C27
:10366000F4D0D3E99201234601EB820100EB820002
:103670005DF8044B1847094BD3F8AC24D3F8B04499
:103680005208C3F8B424002CE0D0D3F8A814D3F81F
:10369000A404E8E704580140045C01406CA4002441
:1036A0002DE9F04F0C684FF41776754F87B004FB87
:1036B00006F6012C07EB060AC0F800A000F3A08074
:1036C0000D468E464FF00008D44669A3D3E9002387
:1036D00069A1D1E90001CDE9022306ABCAF8508205
:1036E00003EB8403CDE9040153F810BC53F8083C04
:1036F000CAE992880193BEE80F00ACE80F00BEE86B
:103700000F00ACE80F00019B9EE80300CAF828B048
:10371000CAF8C0308CE803002B69042B0CD8DFE812
:1037200003F0737D879103004FF41773554A03FB31
:1037300004739A64C3F8E020AA692B6A002A43D074
:10374000002B4FF4177308BF022203FB047318BF4A
:103750000322DA6201221A63EA696B6A002A40D105
:10376000191E4FF4177318BF012103FB0473C3E93B
:1037700031126B69022B05D8434A12F80380434A81
:1037800052F823904FF4177306F128004246494639
:1037900003FB04740023384463646363E365C4F883
:1037A000DC30C4F8CC30C4F8F430C4E90F33C4E9D9
:1037B0001533C4E93533C4E93B33022306F0EAFA92
:1037C000002849D0FFBEFEE7191E4FF4177318BF3B
:1037D000012103FB0473C3E90B12EA696B6A002A37
:1037E000BED0002B4FF4177308BF022203FB0473F3
:1037F00018BF0322C3F8C4200122C3F8C820B8E7C9
:10380000012007B0BDE8F08F4FF417734FF4FA5260
:1038100003FB04739A64C3F8E0208DE74FF4177339
:103820004FF47A5203FB04739A64C3F8E02083E7F1
:103830004FF417734FF4FA4203FB04739A64C3F80E
:10384000E02079E74FF417734BF6803203FB0473E3
:103850009A64C3F8E0206FE706F1C00002234246F5
:103860004946384406F096FA0028CAD0FFBEFEE763
:1038700004580140045C014024580140245C01408C
:103880006CA4002400770100BC2C0108C02C0108A6
:103890000068704770B5046882B015460E46C4F8DB
:1038A0005032C4E99212069AC4F85422A269012A3D
:1038B00026D0626A012A9AB211D0294604F1C000CA
:1038C000019206F023FB236A019A012B10D02946AE
:1038D00004F1280006F01AFB002002B070BD04F1CC
:1038E000C000019206F0A4FB236A019A012BEED1DD
:1038F000314604F1280006F09BFB002002B070BDA9
:10390000226A012A9AB211D0294604F128000192B4
:1039100006F0FCFA636A019A012B10D0294604F1E3
:10392000C00006F0F3FA002002B070BD04F12800D8
:10393000019206F07DFB636A019A012BEED13146BC
:1039400004F1C00006F074FB002002B070BD00BF9F
:1039500003681B69042B05D8044A02EB830393ED2B
:10396000000A70479FED020A704700BFCC2C010887
:1039700000803B470368D3F858027047704700BF88
:1039800008B500F00FFEBDE8084000F00FBF00BF13
:10399000064808B503680BB102F0CEF80448036886
:1039A0001BB1BDE8084003F075B808BD38B100246C
:1039B00030AD0024064808B503680BB102F0BCF82E
:1039C000044803681BB1BDE8084003F063B808BDB4
:1039D00038B1002430AD0024064808B503680BB1A7
:1039E00002F0AAF8044803681BB1BDE8084003F0E0
:1039F00051B808BD38B1002430AD0024364BDA6A26
:103A0000520062D59A6A9A6A9A6A9B6A180600D529
:103A100000BE314B9B6A990600D500BE2E4B9B6AB7
:103A2000DA0600D500BE2C4B9B6A1B0700D500BEF2
:103A3000294B9B6A980700D500BE274B9B6AD90784
:103A400000D500BE244B9B6A1A0400D500BE224B51
:103A50009B6A9B0400D500BE1F4B9B6AD80400D50F
:103A600000BE1D4B9B6A190500D500BE1A4B9B6A10
:103A70005A0500D500BE184B9B6A9B0500D500BEB9
:103A8000154B9B6AD80500D500BE134B9B6A990164
:103A900000D500BE104B9B6ADA0100D500BE0E4B6C
:103AA0009B6A1B0300D500BE0B4B9B6A580300D5D5
:103AB00000BE094B9B6A990300D500BE064B9B6A6A
:103AC000DA0306D400BE00BEFEE7DB6A9B07FAD528
:103AD000F8E700BEF6E700BF00ED00E000F074BDBF
:103AE0000A4B9B6803F17843B3F5003F0BD3084BB7
:103AF000986848B19868012806D09868022803D0D1
:103B00009B68032070470120704700BF00ED00E074
:103B1000000080382DE9F041CEB004464C2200214F
:103B20000AA80EF099F82022002102A80EF094F8BD
:103B3000BC2200211EA80EF08FF8022003F0A6FC84
:103B40002368012B4FF0000354D0534A0225019300
:103B5000C820D16A514B21F00101D162D26A02F032
:103B6000010201929A6942F440429A619B6903F40E
:103B700040430193019B494A93699B04FCD5484902
:103B80000224002201268B6A04274FF0080823F044
:103B9000030323438B62052316900AA818934FF45E
:103BA00080331096179419941597CDF86880CDE955
:103BB0001B222122CDE91344CDE90A2304F050F958
:103BC00000B1FEE73F220323294602A8CDE90223E4
:103BD00000220823CDE9042340224023CDE9062317
:103BE00040234FF48062CDE9082304F067FC0346CC
:103BF000B8B1FEE7294A04250093F0209169264BCD
:103C000041F440419161926902F440420092DA6AC3
:103C100042F00102DA62DB6A03F001030093009BC9
:103C2000A9E720224FF4805125934FF440152B92A1
:103C300080222D931EA83093269135914FF48071E8
:103C4000249234920C223394439140F22711209213
:103C50001022CDF884802A971F96CDE92E34CDE925
:103C60003B334FF48033CDE9224631930024469311
:103C70000623CDE93E4527934FF48063094C2C93EE
:103C80001E94CDE9281204F075FE00B1FEE703F0A2
:103C900023FC4EB0BDE8F0810004005800480258F3
:103CA000004402580F130F0370B584B0012400F0D4
:103CB0002BFD4FF480764FF04052194B684600259B
:103CC000ADF800400396CDE9012300F03BFD192239
:103CD0004FF0404368468DF8082001938DF80F405F
:103CE000ADF80D608DF801408DF80A5000F02AFD06
:103CF00002230B2268468DF80F508DF801304FF0EB
:103D000062538DF808200193ADF80D408DF80A40FC
:103D100000F018FD042000F005FD04B070BD00BFE8
:103D20000E00010330B50D46044685B0D1E900010F
:103D300084E8030000F006FCAB79A3B30AF078F83E
:103D4000FEF77CFE08F0DEFC09F06AFD2B798BBBE8
:103D50006B799BB1BFF34F8FBFF36F8F2A4B00225C
:103D6000C3F85022BFF34F8FBFF36F8F5A6942F4ED
:103D700000325A61BFF34F8FBFF36F8F4FF0FF32A6
:103D80000023002400256946204802928DF80C305B
:103D9000CDE9004509F0D6F81C4809F03BF908F0D8
:103DA000E1F805B030BD2046FFF7B4FE2046FFF72E
:103DB0007BFFC3E7144C0023C4F88430BFF34F8F5C
:103DC000D4F8801043F6E07EC1F34E3CC1F3C90144
:103DD0004FEA4C1C0CEA0E000B4640EA8372013B92
:103DE000C4F860225A1CF8D1ACF1200C1CF1200F51
:103DF000F0D1BFF34F8F636943F480336361BFF346
:103E00004F8FBFF36F8FA3E700ED00E024A90024DC
:103E100004F084BC1C4B9B6803F17842B2F5003F70
:103E200025D3B3F5803F20D303F16042B2F5003FC4
:103E30001FD303F15C42B2F5002F1CD303F1704293
:103E4000B2F5902F19D303F14842B2F5803F16D353
:103E500003F18042B2F1806F13D303F1E043B3F575
:103E6000000F2CBF0820072070470120704700205A
:103E700070470220704703207047042070470520D8
:103E800070470620704700BF00ED00E003480023A4
:103E9000034A044903600DF097BB00BF24A9002426
:103EA000000000247D39000810B4204C0022204B73
:103EB00083B0D4F888101F4841F47001C4F888100A
:103EC00019681D4C41F0010119601A611968084018
:103ED0001A4918609A61DA611A629A62DA621A63A0
:103EE0005A639A63DA631A645A64186820F480206B
:103EF00018601A66D3F8DC2042F06042C3F8DC2078
:103F0000D3F8DC300193019B23681940B1F1005FC5
:103F100003D20B4B0122C3F80821044B4FF000627F
:103F20009A6003B05DF8044B704700BF00ED00E0FD
:103F3000004402587FEDF6EA0010005C0000FFFF2D
:103F4000008000514B4A036830B593428BB04FF06C
:103F50000004CDE90444CDE90644089404D0464A5F
:103F6000934249D00BB030BD444D4FF4C052444849
:103F7000D5F8E03043F00103C5F8E030D5F8E03083
:103F800003F0010300930223009904A9CDE904235F
:103F90000A23089301F0BEFB4FF40072002304A92A
:103FA00037480694CDE9042301F0B4FBD5F8D830A6
:103FB0002246214643F000636220C5F8D830D5F888
:103FC000D83003F000630193019B00F027FB6220CF
:103FD00000F062FB22462146632000F01FFB6320B5
:103FE00000F05AFB22462146652000F017FB6520B1
:103FF00000F052FB0BB030BD204D4FF4404204A9FD
:10400000D5F8E03043F00203C5F8E030D5F8E030F1
:1040100003F002030293022302981A48CDE9042315
:104020000C23089301F076FBD5F8D83022462146C0
:104030004A2043F00073C5F8D830D5F8D83003F0E3
:1040400000730393039B00F0E9FA4A2000F024FB7D
:10405000224621464B2000F0E1FA4B2000F01CFBE9
:10406000224621464D2000F0D9FA4D2000F014FBE5
:104070000BB030BD0000084000000440004402586E
:10408000000002580004025800F57171D0F80404D1
:1040900007F056BAC1EBC10300EB8303D0F8040468
:1040A000D3F8082207F07ABAC1EBC10300EB83030F
:1040B000D0F804049A6C07F0AFBA00BFD0F804043B
:1040C00007F04EBBC16810B5044619B1022900D0F3
:1040D000FEE70121D4F8040407F02CFBD4F8040413
:1040E000BDE8104007F0FEBA10B50446D0F804044D
:1040F00007F024FB2268D2F8003E43F00103C2F827
:10410000003E236A23B1034A136943F00603136197
:1041100010BD00BF00ED00E0D0F8040407F018BBAC
:10412000D0F8040407F02CBBD0F8040407F026BB39
:10413000D0F8040407F026BBD0F8040407F024BB31
:1041400070B5067804461EB1012E30D0002070BD37
:10415000304D0923304AC5F80404C0F89852284667
:104160002E612E63C5E9002302230222EB600023A7
:10417000C5E9062300220023C5E908230122012303
:10418000C5E90A2302F0CEFB00B1FEE780212846F4
:1041900003F05CF931464022284603F02DF98022D5
:1041A0000121284603F028F92678012ECED11B4D97
:1041B00009221B4B00216A6002222B600223C5F8F2
:1041C00004442846EB600023C4F898522961C5E9ED
:1041D000062300220023C5E90823C5E90C23012298
:1041E0000023C5E90A2302F09DFB044600B1FEE767
:1041F0004FF40071284603F029F921468022284611
:1042000003F0FAF84FF4BA723146284603F0F4F896
:104210009CE700BF28A900240000084030AD00241E
:1042200000000440D0F8980208B502F011FC032801
:1042300002D8024B185C08BD022008BDF02C010812
:104240009446D0F898021A4608B5634602F086FFF5
:10425000032802D8024B185C08BD022008BD00BF2D
:10426000F02C0108D0F8980208B502F0B5FF032839
:1042700002D8024B185C08BD022008BDF02C0108D2
:10428000D0F8980208B503F037F8032802D8024B9B
:10429000185C08BD022008BDF02C0108D0F8980277
:1042A00008B503F06DF8032802D8024B185C08BD6E
:1042B000022008BDF02C01080A06D0F8983206D476
:1042C000C1EBC10103EB810191F8FE01704701F0E0
:1042D0007F01C1EBC10103EB810191F83E00704702
:1042E000D0F8980208B502F023FF032802D8024B49
:1042F000185C08BD022008BDF02C0108D0F8980217
:1043000008B502F0D1FF032802D8024B185C08BDA3
:10431000022008BDF02C0108D0F8980208B502F080
:1043200091FF032802D8024B185C08BD022008BD8B
:10433000F02C0108D0F8980202F0ACBFD0F8C0020F
:1043400007F014BDD0F8C00207F028BDD0F8C002B5
:1043500007F030BD704700BFD0F8C00207F016BDAF
:10436000D0F8C00207F016BDD0F8D00308B501F0B0
:10437000A3FF032802D8024B185C08BD022008BD29
:10438000F42C0108024B027853F82200704700BF5A
:10439000182D0108024B427833F81200704700BF15
:1043A000F82C01088CB00A2814D8DFE800F0152397
:1043B000313F4D5B6977859306004D4BD3F8E02084
:1043C00042F48062C3F8E020D3F8E03003F4806365
:1043D0000B930B9B0CB07047454BD3F8E02042F099
:1043E0000102C3F8E020D3F8E03003F001030193A9
:1043F000019BEFE73E4BD3F8E02042F00202C3F806
:10440000E020D3F8E03003F002030293029BE1E7DF
:10441000374BD3F8E02042F00402C3F8E020D3F891
:10442000E03003F004030393039BD3E7304BD3F84E
:10443000E02042F00802C3F8E020D3F8E03003F0B7
:1044400008030493049BC5E7294BD3F8E02042F00E
:104450001002C3F8E020D3F8E03003F01003059316
:10446000059BB7E7224BD3F8E02042F02002C3F8C7
:10447000E020D3F8E03003F020030693069BA9E781
:104480001B4BD3F8E02042F04002C3F8E020D3F801
:10449000E03003F040030793079B9BE7144BD3F8EE
:1044A000E02042F08002C3F8E020D3F8E03003F0CF
:1044B00080030893089B8DE70D4BD3F8E02042F46E
:1044C0008072C3F8E020D3F8E03003F480730993DE
:1044D000099B7FE7064BD3F8E02042F40072C3F853
:1044E000E020D3F8E03003F400730A930A9B71E7ED
:1044F00000440258704700BF0F4B1B780BB90120D6
:10450000704710B504464FF47A700C4AB0FBF3F3D1
:104510001068B0FBF3F000F0E1F80F2C00D808B100
:10452000012010BD002221464FF0FF3000F076F848
:10453000034B00201C6010BD540000244C000024DC
:104540005800002438B50320124D00F055F8124CE5
:1045500003F014FF114A12499369C3F30323CB5CA0
:1045600003F01F0320FA03F30E202B60926902F080
:104570000F028A5C02F01F02D3402360FFF7BCFFEA
:1045800010B10124204638BD0446FFF7B3FF204692
:1045900038BD00BF4C0000245000002400440258E5
:1045A000E02C0108034A044B11681B780B4413608C
:1045B000704700BFFCB3002454000024014B18686E
:1045C000704700BFFCB3002438B50446FFF7F6FF80
:1045D0000546631C02D0044B1B781C44FFF7EEFF1A
:1045E000431BA342FAD338BD54000024014B186882
:1045F000000C70470010005C06494FF6FF0C0002EB
:10460000054BCA6800F4E06002EA0C021043034361
:10461000CB60704700ED00E00000FA051B4BDB6843
:10462000C3F3022300B5C3F1070E03F1040CBEF17E
:10463000040F28BF4FF0040EBCF1060F1AD9033B3C
:104640004FF0FF3C0CFA03FC22EA0C024FF0FF3C57
:1046500000280CFA0EFC21EA0C0101FA03F141EAF0
:1046600002010ADB09010A4BC9B2034483F80013B3
:104670005DF804FB00221346E8E700F00F00090193
:10468000044BC9B2034419765DF804FB00ED00E069
:1046900000E100E0FCEC00E0002807DB00F01F0177
:1046A00001234009024A8B4042F82030704700BF86
:1046B00000E100E000280DDB4309012200F01F00AB
:1046C0000549203302FA00F041F82300BFF34F8F71
:1046D000BFF36F8F704700BF00E100E0431EB3F1EE
:1046E000807F0CD24FF0E022002006494FF0F00C02
:1046F0005361072381F823C0906113617047012043
:10470000704700BF00ED00E0BFF35F8F044B002156
:104710005A6A22F480325A62C3F89410704700BF7C
:1047200000ED00E0064B40F00100C3F894005A6A27
:1047300042F480325A62BFF34F8FBFF36F8F7047DE
:1047400000ED00E0174A4378C2F89830017821B3B1
:10475000436800B5C2F89C30C37A90F80CC01B06C1
:1047600090F80FE043EA0C7390F80AC00B43817B8A
:1047700043EACC4390F80DC043EA8C4390F809C05B
:1047800043EA4143017A43EA0E4343EA0C2343EAF6
:104790004103C2F8A0305DF804FBC2F89C10C2F8D7
:1047A000A010704700ED00E0704700BF08B5FFF7AC
:1047B000FBFF08BD0268344B344930B4344D354CEE
:1047C000AA4218BF9A420CBF012300238A4208BFA5
:1047D00043F001033031A24208BF43F001033034FB
:1047E0008A4208BF43F001033031A24208BF43F0C0
:1047F000010330348A4208BF43F0010301F55C71C4
:10480000A24208BF43F0010304F55C748A4208BF6A
:1048100043F001033031A24208BF43F001033034BA
:104820008A4208BF43F001033031A24208BF43F07F
:10483000010330348A4208BF43F001033031A24201
:1048400008BF43F001038A4208BF43F0010313B9D4
:10485000114B9A4213D1D3B21049114C103BA1FB1A
:1048600003515F2B0F4BC1F3021103EA0203615C9A
:1048700088BF0433C1658365184630BC704722F099
:10488000FF038365F8E700BF1000024040000240CC
:104890002800024058000240B8040240ABAAAAAA6D
:1048A000482D010800FCFFFF0368294A294930B45C
:1048B000294D2A4CAB4218BF93420CBF0122002263
:1048C0008B4208BF42F001022831A34208BF42F0E8
:1048D000010228348B4208BF42F001022831A34272
:1048E00008BF42F001028B4208BF42F0010212B938
:1048F0001B4A934213D1DBB21A4C1B4A0121083BDD
:104900001A4DA4FB0343456602EB1312C3F30413D1
:10491000920001FA03F30266836630BC7047DAB294
:104920001349144C1944103AA829A4FB02234FEA56
:10493000131300D80833104A03F01F0501210F4C50
:104940001A44A9404466920081660266E5E700BF0A
:1049500008540258305402581C5402584454025807
:1049600094540258CDCCCCCC0096001680580258F6
:10497000F0FBFDBFABAAAAAA00820010800802408B
:1049800070B50446FFF71AFE002C00F0C6802368BD
:104990000546954A934248D01832934245D030326A
:1049A00092498B4218BF934201F130010CBF0122A2
:1049B00000228B4208BF42F0010218318B4208BF2F
:1049C00042F0010218318B4208BF42F00102183157
:1049D0008B4208BF42F0010201F556718B4208BFBD
:1049E00042F0010218318B4208BF42F00102183137
:1049F0008B4208BF42F0010218318B4208BF42F0DF
:104A0000010218318B4208BF42F0010218318B427B
:104A100008BF42F0010218318B4208BF42F0010288
:104A20001AB9734A934240F0F5800222002184F8BB
:104A3000352084F834101A6822F001021A6005E06B
:104A4000FFF7BCFD431B052B40D823681A68D1072C
:104A5000F6D4D4E9022521692A43A0691D680A43D6
:104A600061690A43E16902430A4362492940256AB0
:104A70002A430A43616A04292FD01A605A6922F036
:104A80000702114359612046FFF794FEE26D3F2370
:104A900002F01F02934083602046FFF705FFA368E2
:104AA000802B3CD06368A06EDAB2013BD4E9185188
:104AB000072B2A60486026D90023C4E91B336367AB
:104AC00000200123606584F8353070BD2022032367
:104AD0000120626584F8353070BDD4E90B5129435B
:104AE0000A431A605969A26A21F00701114341F093
:104AF0000401002DC6D000284FD1012A6ED032F01B
:104B00000202BFD151E0501E072810D9626FD4E9CC
:104B10001B31002018604A60D2E7012070BD0023DD
:104B2000A16ED4E91802636003605160C4E7216894
:104B3000314B324DA94218BF994205F114050CBF03
:104B400001230023A94208BF43F001031435A94201
:104B500008BF43F001031435A94208BF43F0010325
:104B60001435A94208BF43F001031435A94208BF18
:104B700043F001033BB9224B994204D0214B224917
:104B800013449B0003E0214B214913449B00012265
:104B90008240C4E91B316267BBE7B0F5005F0ED00D
:104BA000022A05D9032A7FF46DAFEA017FF56AAFC7
:104BB000012340221846626584F8353070BD032A0F
:104BC0003FF660AF01A050F822F000BFB14B0008E3
:104BD000AB4B0008B14B0008DD4B0008B5F1C07FBE
:104BE0007FF450AFE4E700BF1000024040000240F5
:104BF000B80402403F8010FE085402581C5402586A
:104C0000945402583F820010400902403F9600161B
:104C100040590258324A33483349834218BF9342BD
:104C200000F128000CBF012200228B4208BF42F095
:104C300001022831834208BF42F0010228308B4232
:104C400008BF42F001022831834208BF42F001024E
:104C50008B4208BF42F0010212B9244A934238D174
:104C600002220021224D84F8341084F835201A687D
:104C70001540A268402A2AD0802A0CBF4FF48040F9
:104C80000846266AD4E90312D20842EAD1026169D1
:104C900042EAD102A16942EAD102E16942EAD102C3
:104CA000144942EA161219442A4302431248A0FB4F
:104CB000010120461A600B099B00E365FFF77AFDAE
:104CC000E26D012302F01F0293404360E4E61020EE
:104CD000D7E7402203230120626584F8353070BD98
:104CE000085402581C540258305402589454025824
:104CF0000F00FEFFF8ABFDA7CDCCCCCC002800F018
:104D0000BC80844690F83400012800F0B88001206F
:104D10002DE9F0419CF835408CF83400844208D0ED
:104D200000224FF400638CF83420CCF85430BDE8F6
:104D3000F0810220DCF800507A4C8CF8350000201D
:104D4000794ECCF854007948854218BFA54200F14D
:104D500018000CBF01240024854208BF44F0010460
:104D60001830854208BF44F001041830854208BF5E
:104D700044F001041830854208BF44F0010400F5F6
:104D80005670854208BF44F001041830854208BFC0
:104D900044F001041830854208BF44F00104183083
:104DA000854208BF44F001041830854208BF44F032
:104DB00001041830854208BF44F0010418308542D0
:104DC00008BF44F001041830854208BF44F00104D4
:104DD000A0F59560B54218BF8542DCF86C600CBF49
:104DE0000120002054EA0008286820F00100286013
:104DF000DCF86400DCF86840DCF85870446040D0AF
:104E000016B1DCE91C044460DCF85C004FF03F0E96
:104E100000F01F000EFA00F0B860286820F480202F
:104E200028606B60DCF80830402B23D0A960EA6072
:104E30002B6823F01E0343F016032B60DCF8403090
:104E40001BB12B6843F008032B60DCF860301A6854
:104E5000D20303D51A6842F480721A601EB1336817
:104E600043F4807333602B68002043F001032B6010
:104E7000BDE8F081AA60E960DAE70120704702200E
:104E8000704716B1DCE91C0444602948DFF8A8E04B
:104E9000754518BF85420EF1140E0CBF012000208D
:104EA000754508BF40F001000EF1140E754508BFAE
:104EB00040F001000EF1140E754508BF40F00100EE
:104EC0000EF1140E754508BF40F001000EF1140EEE
:104ED000754508BF40F0010010B9164885420ED153
:104EE000DCF85C0000F01F0E012000FA0EF0786084
:104EF0006B60DCF80830402B10D0A960EA602B68AA
:104F000023F00E0343F00A032B60DCF84030002B43
:104F10009BD02B6843F004032B6096E7AA60E960FE
:104F2000EDE700BF40000240280002405800024068
:104F300008540258945402581C54025800285FD058
:104F400038B590F835200346022A55D10168444A05
:104F5000914248D01832914245D03032414C4248BB
:104F6000A14218BF914204F148040CBF0122002263
:104F7000814208BF42F001023030A14208BF42F036
:104F800001023034814208BF42F0010200F55C703A
:104F9000A14208BF42F0010204F55C74814208BFDF
:104FA00042F001023030A14208BF42F00102303429
:104FB000814208BF42F001023030A14208BF42F0F6
:104FC00001023034814208BF42F001023030A14278
:104FD00008BF42F00102814208BF42F0010212B94B
:104FE000224A91420ED10422002083F835200B681A
:104FF00023F001030B6038BD802201205A6538BDC3
:10500000012070470A681C6E22F00E02D86D9D6D5B
:105010000A6000F01F000A6822F001020A60012203
:105020002168824021F4807121606A60DA6ED3E9E0
:105030001910486032B11168D3E91C0421F4807161
:1050400011604460002401211A6D83F8344083F814
:1050500035101AB118469047204638BD104638BD65
:10506000100002404000024070000240B8040240BC
:105070002DE9F04300229C4B83B09C4E1D68814675
:10508000019203689A4A846D934218BFB34227681D
:1050900008BF0126216818BF002645D01832954860
:1050A000834218BF934200F118000CBF0122002276
:1050B000834208BF42F001021830834208BF42F029
:1050C00001021830834208BF42F0010218308342C7
:1050D00008BF42F0010200F55670834208BF42F05B
:1050E00001021830834208BF42F0010218308342A7
:1050F00008BF42F001021830834208BF42F00102AB
:105100001830834208BF42F001021830834208BFC2
:1051100042F001021830834208BF42F001021AB97E
:10512000754A934240F05082D9F85C10082201F091
:105130001F0C02FA0CF2174240F0888127FA0CF299
:10514000D2070CD55A69100609D5012202FA0CF2D1
:10515000A260D9F8542042F00202C9F854204FF05E
:10516000040E0EFA0CF038425BD0002E4FD1634A89
:10517000DFF88081434518BF934208F118080CBF3F
:1051800001220022434508BF42F0010208F118083D
:10519000434508BF42F0010208F11808434508BF23
:1051A00042F0010208F11808434508BF42F001022D
:1051B00008F55678434508BF42F0010208F1180887
:1051C000434508BF42F0010208F11808434508BFF3
:1051D00042F0010208F11808434508BF42F00102FD
:1051E00008F11808434508BF42F0010208F1180809
:1051F000434508BF42F0010208F11808434508BFC3
:1052000042F001021AB93C4A934240F019821A68EE
:10521000920706D5A060D9F8542042F00402C9F8DC
:105220005420102202FA0CFC1CEA070F6CD0002E4E
:1052300045D1324A2F4EB34218BF934206F11806A9
:105240000CBF01220022B34208BF42F0010218360F
:10525000B34208BF42F001021836B34208BF42F021
:1052600001021836B34208BF42F0010206F5567635
:10527000B34208BF42F001021836B34208BF42F001
:1052800001021836B34208BF42F001021836B34299
:1052900008BF42F001021836B34208BF42F00102D3
:1052A0001836B34208BF42F001021836B34208BFB5
:1052B00042F001021AB9104A934240F0C9811A68BB
:1052C000100721D5C4F808C01A68560300F14C81B4
:1052D0001A68D20503D41A6822F008021A60D9F8B5
:1052E00040308BB10CE000BF4C00002410000240A5
:1052F0002800024058000240B8040240400002402A
:1053000048469847D9F85C1001F01F0120268E40CE
:105310003E4268D0D9F80020A54BA64FBA4218BF2C
:105320009A4207F118070CBF01230023BA4208BFB5
:1053300043F001031837BA4208BF43F0010318379E
:10534000BA4208BF43F001031837BA4208BF43F01E
:1053500001031837BA4208BF43F001031837BA42B5
:1053600008BF43F0010307F55677BA4208BF43F080
:1053700001031837BA4208BF43F001031837BA4295
:1053800008BF43F001031837BA4208BF43F00103D6
:105390001837BA4208BF43F001031837BA4208BFB2
:1053A00043F001031837BA4208BF43F001031BB9A9
:1053B000814B9A4240F062811368DB0613D5A660E8
:1053C00099F83530042B136800F0AE8013F4802F69
:1053D000136800F0D3801C0340F1DE80D9F83C3024
:1053E0000BB148469847D9F85430002B00F0B980EB
:1053F000D9F85430D8071FD5D9F80020042189F8EE
:105400003510136823F0010313606C4BA3FB0535C3
:10541000AD0A02E01368D90704D5019B0133AB4202
:105420000193F7D9002389F834301368DB074CBFA8
:105430000323012389F83530D9F84C30002B00F0D4
:105440009080484603B0BDE8F0431847186840070D
:105450000AD5186820F004001860A260D9F854201A
:1054600042F00102C9F8542027FA0CF2D2077FF566
:1054700076AE534A5348834218BF934200F130003E
:105480000CBF01220022834208BF42F00102183003
:10549000834208BF42F001021830834208BF42F045
:1054A00001021830834208BF42F0010200F5567035
:1054B000834208BF42F001021830834208BF42F025
:1054C00001021830834208BF42F0010218308342C3
:1054D00008BF42F001021830834208BF42F00102C7
:1054E0001830834208BF42F001021830834208BFDF
:1054F00042F001021830834208BF42F00102002A44
:105500007FF420AE002E7FF41DAE1A68042202FA4A
:105510000CF23A4240F09480102202FA0CFC17EA96
:105520000C0F3FF4F1AE84E623F0160313605369C9
:1055300023F080035361D9F840309BB3136823F004
:10554000080313603F230025012203FA01F1D9F873
:105550005030A16089F8345089F83520002B7FF451
:1055600070AF03B0BDE8F0831B6818037FF5B7AEDA
:10557000D9F84830002B7FF4C3AEC5E613F480732E
:105580007FF42CAF116821F010011160012289F81D
:10559000343089F8352021E7D9F84430002B7FF4E6
:1055A00020AF20E7D9F84830002BC7D1CAE700BFA9
:1055B0001000024028000240B8040240B5814E1B92
:1055C00058000240400002404E4A4F4DAB4218BFC7
:1055D000934205F114050CBF01220022AB4208BF23
:1055E00042F001021435AB4208BF42F0010214350B
:1055F000AB4208BF42F001021435AB4208BF42F093
:1056000001021435AB4208BF42F0010212B93F4A11
:105610009342A6D1D9F85C5004261A6805F01F05FC
:10562000AE400E4219D0570717D5100466604BD50F
:10563000D1034FD4D9F84830002B7FF402AF90E764
:105640001A68102202FA0CFC17EA0C0F3FF45CAE49
:105650001A6852077FF558AE34E60226AE400E4275
:1056600011D097070FD56660140439D5D00343D401
:10567000D9F84430002B7FF4E4AE72E713689F073B
:105680007FF5B1AE9BE60826AE400E423FF469AF0F
:1056900011077FF566AF1A68002122F00E021A602A
:1056A0000123D9F84C2003FA05F56560C9F8543098
:1056B00089F8341089F83530002A3FF452AF484653
:1056C00003B0BDE8F0431047920603D41A6822F0F5
:1056D00004021A60D9F84030002B7FF4B2AE40E7E4
:1056E00012F0200208D11968012421F00A01196082
:1056F00089F8342089F83540D9F83C30002B7FF404
:10570000A0AE2EE7085402581C5402589454025874
:10571000406D70472DE9F04F0D6883B0002D00F00B
:10572000D5800023DFF8688201229A4012EA050C36
:1057300000F0C7804E6826F01009B9F1020F40F062
:10574000C88003F007044FEAD30E4FF00F0A4FEA68
:10575000840900EB8E0E0AFA09FADEF8204024EAEA
:105760000A0A0C6904FA09F406F0030944EA0A0477
:10577000CEF820404FEA430E0324D0F800A009FAE7
:105780000EF904FA0EF42AEA040AE44349EA0A0983
:10579000C0F80090D0F808A0CF6804EA0A0A07FA17
:1057A0000EF949EA0A09C0F80890C6F30019D0F8C2
:1057B00004A009FA03F92AEA020249EA0202426055
:1057C000C268F70004EA02048A6802FA0EF242EAAA
:1057D0000402C26075D5644C23F0030E03F0030984
:1057E000D4F8F420C6444FEA890942F00202C4F812
:1057F000F420D4F8F42002F002020192019A0F2260
:10580000DEF8084002FA09F224EA0202574CA042EC
:1058100025D004F58064A0427BD0554CA0427ED0B8
:10582000544CA0426FD0544CA04200F08480534CA2
:10583000A04200F08680524CA04276D0514CA0424B
:1058400000F08580504CA04200F087804F4CA04271
:105850000CBF09240A2404FA09F942EA0902CEF825
:1058600008204FF0B0426FEA0C0EF403D2F880200B
:105870004FF0B04454BF0EEA02024CEA0202C4F8F0
:105880008020B203D4F884404FF0B04254BF0EEAF7
:1058900004044CEA0404F702C2F8844014684FF090
:1058A000B04254BF0EEA04044CEA04041460B4028B
:1058B00052684FF0B04454BF0EEA02024CEA0202B2
:1058C0006260013335FA03F27FF42EAF03B0BDE816
:1058D000F08F4FEA430E0324D0F800B006F0030A1D
:1058E00004FA0EF409F1FF390AFA0EFA2BEA040B56
:1058F000B9F1010F6FEA04044AEA0B0AC0F800A0EC
:105900003FF65EAF46E7032404FA09F942EA0902CA
:10591000A5E7012404FA09F942EA09029FE70224F3
:1059200004FA09F942EA090299E7062404FA09F996
:1059300042EA090293E7042404FA09F942EA090257
:105940008DE7052404FA09F942EA090287E70724EA
:1059500004FA09F942EA090281E7082404FA09F97C
:1059600042EA09027BE700BF0044025800000258E7
:1059700000080258000C0258001002580014025887
:1059800000180258001C0258002002580024025837
:1059900000040058002900F0A88000232DE9F04FF2
:1059A000DFF8689183B0DFF86881DFF868A1DFF87D
:1059B00068B14FF0010E0EFA03F212EA010C6FD03B
:1059C00023F0030503F003040F2640454D444FEA3E
:1059D000C404AF6806FA04F607EA0607019721D067
:1059E000504566D0584567D0434FB8426ED0434FBC
:1059F000B84270D0424FB84263D0424FB84256D0FE
:105A0000414FB84272D0DFF814E1704568D0DFF83A
:105A100010E1704514BF4FF00A0E4FF0090E0EFA58
:105A200004F400E00024019FA74219D1AC6824EAE5
:105A300006064FF0B044AE60D4F8805025EA0C055D
:105A4000C4F88050D4F8845025EA0C05C4F884507A
:105A5000256825EA0C052560656825EA0C05656062
:105A600003255C0003F007070F2605FA04F4056818
:105A7000BF00254306FA07F70560DD0800EB850542
:105A80002E6A26EA07062E62856825EA04058560E7
:105A9000456825EA02024260C26822EA0404C46042
:105AA000013331FA03F284D103B0BDE8F08F4FF037
:105AB000060E0EFA04F4B6E74FF0020E0EFA04F4E6
:105AC000B1E74FF0050E0EFA04F4ACE74FF0030E09
:105AD0000EFA04F4A7E74FF0040E0EFA04F4A2E75E
:105AE0004FF0080E0EFA04F49DE770474FF0070ED2
:105AF0000EFA04F497E700BF000C02580010025899
:105B00000014025800180258001C025800040058E3
:105B100000000258000402580008025800200258F1
:105B2000002402580369194214BF01200020704765
:105B300002B90904816170472DE9F04F056885B00D
:105B40000446284605F064FA012802D005B0BDE8F5
:105B5000F08F206805F00CFA0028F7D0206805F0D7
:105B600007FA10F4001F206802D04FF400134361BD
:105B700005F0FEF910F4801F206802D04FF4801366
:105B8000436105F0F5F910F0806F206802D04FF006
:105B90008063436105F0ECF910F0020F20682FD10B
:105BA00005F0E6F9870000F11381206805F0E0F9BF
:105BB000C60100F1CF80206805F0DAF9000700F196
:105BC000BE80206805F0D4F910F0007F20681AD15B
:105BD00005F0CEF9C306B9D52568AB6923F01003EB
:105BE000AB612E6AC6F34341C6F30A17022902D1FC
:105BF000002F40F0C681AB6943F01003AB61A5E70D
:105C000002234361CCE705F071FAD4F808E080463E
:105C10002068BEF1000F00F0998005F5A065002610
:105C20004FF0280B4FF0020A4AE000F5A0694A0144
:105C300009EB4117BB685B075DD50423BB60FB68BC
:105C400043F00203FB60BB68980500F1FD80BB6870
:105C5000DB0740F1CF80236953B101EB81003B6941
:105C600004EBC000C3F3120C836CA3EB0C03C364FE
:105C70008B004FF0010C4FF0000E581804EBC000E1
:105C8000C0F858E080F85DC0C7F808C090F83FE061
:105C90001EF0FD0F00F06481BEF1030F00F04082A2
:105CA0000B4404EBC30393F8502082F0010283F805
:105CB0005020D4F808E0206801362035764545D2DA
:105CC00006F00F0328FA03F3D907F5D52B68F1B2D4
:105CD0001A04AAD400F5A0624FEA411C02EB411756
:105CE000BB6813F004090DD00423BB60FB6843F0CC
:105CF0000203FB60E0E7BB689B0640F1B380202312
:105D0000BB60A0E7BB6813F0200300F0CA8001EB82
:105D10008103202204EBC303BA6093F83D20012ADB
:105D2000CAD183F83D9083F85CA0FB6843F002037E
:105D3000FB6005F0DFF9D4F808E02068BCE72046F6
:105D4000FEF7FCFA2068082343613BE74FF000733D
:105D500043613DE72668D6F840340293D6F84034D4
:105D60000393039B23F02E030393029B980707D50D
:105D7000029BD90700F16381039B43F00203039365
:105D8000029B1A0718D5039B43F008030393029B59
:105D90005B0740F15C81A169022900F09A81E36808
:105DA000012B03D14EF66022C6F804242046FEF7EC
:105DB000D3FA2046FEF7C6FA2068029B9F0603D559
:105DC000039B43F020030393039BC6F84034F3E6A0
:105DD000D5F84034204623F02E03C5F84034FEF7B2
:105DE000B5FA0121206805F05FF920684FF00053F3
:105DF0004361DBE6BB68980740F18E80FB6801EBEE
:105E0000810C23F0020304EBCC0CFB608B009CF8AC
:105E10005D00012800F0B280052800F0AF80062860
:105E200000F0A381082800F0A081032800F0DC81A5
:105E30009CF85C000246C7F808A02046FEF78AFAE4
:105E4000D4F808E0206837E7FB68206843F00203D5
:105E5000FB6005F04FF94FF400732068BB60D4F885
:105E600008E029E7BB681B0700F1BB80BB685B0546
:105E70007FF5E9AEFB68019243F002030091FB60FD
:105E800005F038F900991020019A01EB8103B86000
:105E9000082004EBC30383F85D004FF48063BB600C
:105EA000D1E6D7F8089019F0400F40F0B180BB68F8
:105EB00013F4007340F02F81D7F8089019F0010F08
:105EC00040F03F81BB6813F0080340F06881D7F8C9
:105ED000089019F0100F00F0C98001EB810204EB6B
:105EE000C2029365032382F85D3092F83D303BB9DE
:105EF0000BFB014393F83C2012B9012283F83D20AB
:105F0000FB6843F00203FB6005F0F4F810232068FF
:105F1000BB60D4F808E0CFE6BB6813F0800340F024
:105F2000E380BA68D20640F1D08001EB810004EB37
:105F3000C00090F83F20032A00F04B8112F0FD02D0
:105F4000E4D123698265002BE0D10BFB01430322DE
:105F500083F85D20FB68206843F00203FB60D3E711
:105F6000FA68206842F0020201930091FA6005F09D
:105F7000C1F81022DDE90013BA6091E68CF85C00EC
:105F800058E706F00F0606EB860804EBC808D8F8B9
:105F9000441000293FF42FAE284605F5A0653A4687
:105FA00004F048FFD8F8443005EB46123B44116931
:105FB000D8F84C20C8F8443073013A44C8F84C2053
:105FC000BC4A0A405AB1EA5822F0804242F00042EC
:105FD000EA5098F8503083F0010388F85030256873
:105FE00009E6FB684FF0050C019243F002030091B3
:105FF000FB6001EB810304EBC30383F85DC0102356
:10600000BB600823BB6005F075F8DDE900121AE6F5
:1060100001EB810204EBC2029365042382F85D3038
:10602000012382F83D30FB6843F00203FB6005F07A
:1060300061F840232068BB60D4F808E03CE6B3690F
:10604000204623F00053B361FEF77CF994E6204626
:10605000FEF786F9D6F84034206823F02E03C6F800
:106060004034836943F000538361A6E6BB681B0696
:1060700000F1C880BB685B0500F1D780BB689B0757
:106080007FF51AAEFB680BFB014023F00203FB60B7
:1060900090F85D30012B00F0E180032B00F0DB80F5
:1060A000042B00F0D880052B00F0FC80062B00F0BC
:1060B000E480082B00F0E1800BFB01432046C7F889
:1060C00008A093F85C20FEF745F9D4F808E02068B2
:1060D000F2E5029B206803F4C023B3F5802F18BFBC
:1060E000012104F0E1FF61E6FB6801EB810243F06E
:1060F000020304EBC202FB60936D01339365062338
:1061000082F85D30206804F0F5FF80232068BB60D2
:10611000D4F808E0D0E5FB6843F00203FB6098E6A2
:1061200052F80970019347F00057009142F8097046
:10613000624680F85CC02046FEF70CF9DDE90013EA
:10614000AEE5FA6801EB810942F0020204EBC909ED
:10615000C9F85830FA6004F0CDFF0123BB6089F81C
:106160005D30D4F808E02068A6E503EB010C04EBF1
:10617000CC0CDCF858000130032825D8CCF85800A6
:1061800002200B4404EBC30383F85C0052F809308F
:1061900023F0804343F0004342F809304AE60823E5
:1061A0000091BB60FB6843F00203FB6004F0A2FFB8
:1061B0000099052201EB810104EBC10383F85D2006
:1061C000D4F808E0206877E50020CCF858000420D7
:1061D000D7E7FA680BFB014042F0020283652068B2
:1061E000FA6004F087FF91E60BFB0143022083F87D
:1061F0005CA052F8093023F0804343F0004342F89A
:10620000093017E6FB68009143F00203FB6004F0DD
:1062100071FF009906230BFB014181F85D3080235B
:106220002068BB60D4F808E046E5FB68009143F0C5
:106230000203FB6004F05EFF10230099BB604FF483
:1062400080630BFB0141BB60082381F85D30D4F80B
:1062500008E0206830E580F85CA02DE780F85C302D
:1062600090F83F30023B012B3FF626AF90F85130BB
:1062700083F0010380F851301EE70BFB0140836D72
:106280000133032B11D8836502230BFB014080F8F7
:106290005C3052F80C3023F0804343F0004342F866
:1062A0000C3009E780F85C3006E70023836504239F
:1062B000EBE700BF0000F81F90F8B832012B0CD0BC
:1062C000012310B50446006884F8B83204F072FF68
:1062D0000023184684F8B83210BD0220704700BF72
:1062E000F8B505460E461746701C2C682CD1A369DC
:1062F000990727D4A369DA06F9D5A3699A06FCD5CC
:1063000020231022E261E361A3699F0701D50023E6
:10631000A362A369DE0703D4A36943F00103A36169
:10632000636800221B4820210340012063606B6CDE
:1063300085F8402043F004036B6485F8411085F82C
:106340004220F8BD0020F8BDA3699B07FAD4A369D9
:10635000D9061BD4FEF732F9C01BB04201D8002E7B
:10636000C2D16B6C2021002201200B4385F8402014
:106370006B6485F8411085F84220F8BDFEF71EF9E0
:10638000C01B8642EDD3002EEBD02C68A3699B0680
:10639000F4D5B5E700E800FEF8B505460E46174609
:1063A0002C68A3699B0649D4A369DA0626D5731C19
:1063B00038D1A3699E06FCD520231022E261E36157
:1063C000A369990701D50023A362A369DA0703D45F
:1063D000A36943F00103A3616368002218482021E8
:1063E0000340012063606B6C85F8402043F0040398
:1063F0006B6485F8411085F84220F8BDFEF7DEF8A1
:10640000C01BB04201D8002ECAD16B6C20210022E3
:1064100001200B4385F840206B6485F8411085F816
:106420004220F8BDA3699806C6D4FEF7C7F8C01B82
:106430008642EAD3002EE8D02C68B8E70020F8BDE9
:1064400000E800FE00284ED010B590F84130044618
:1064500003F0FF02002B41D023682421626884F8F6
:106460004110196822F07062E06821F001010128F2
:1064700019601A619A6822F400429A60A26829D0D1
:1064800042F4044202289A6002D14FF400625A603A
:1064900058684FF0200C1549226901435960D968AA
:1064A00021F40041D960D4E90501024342EA012206
:1064B000D4E90710DA600022014310461960196818
:1064C00041F001011960626484F841C0226384F8DC
:1064D000422010BD42F400429A60D9E780F8402083
:1064E000FCF7D2F9B8E70120704700BF0080000236
:1064F0002DE9F047984690F84130089E202B40F057
:10650000878090F840300446012B00F08180012301
:106510008946174680F84030FEF750F8054604E0FB
:10652000FEF74CF8401B192875D82368986910F4B9
:106530000040F5D1212267626063C9F3090784F83E
:106540004120102284F842206064A4F82A80628DE1
:1065500092B2FF2A6DD8628D494892B2D1B222859B
:106560005A6802403A4342EA01424649114359609F
:10657000DFF81C814FF0FF0ADFF81891638D2A467F
:10658000314620469BB2002B30D0FFF7A9FE0028F1
:1065900073D1606A216810F8012B238D8A62628DA5
:1065A000013B6062013A9BB292B223856285628DA3
:1065B00092B2002BE2D1002AE0D0701C43D18B694B
:1065C0001A06FCD5638D9BB2FF2B48D94B682A462F
:1065D000A4F828A0204603EA08033B4343EA090342
:1065E0004B603146638D9BB2002BCED1FFF7D4FEBA
:1065F000002842D123682021234DD9615A682A40BE
:106600005A6084F8411084F8400084F8420000E0A9
:106610000220BDE8F087636C2021002201200B439B
:1066200084F84020636484F8411084F84220BDE877
:10663000F0875A6812490A4014493A431143FF222D
:106640002285596094E78B691B06BBD4FDF7B6FF22
:10665000401B8642DFD3002EDDD02168ADE7638D7D
:106660009BB2DAB223854B6803EA080343EA02438C
:106670003B4343F000734B6080E70120BDE8F087A7
:10668000009800FC0020008200E800FE0020FF814E
:10669000009C00FC0000FF012DE9F0471F4690F828
:1066A0004130202B40F08E8004460D46002900F03A
:1066B0008380B2FA82F916464FEA5919002A7BD034
:1066C0005FFA83FA90F84030012B7BD0012380F8E9
:1066D0004030FDF773FF212365628046256884F80A
:1066E000413084F842A0C4F8449066856B68C4F8D1
:1066F000349023F400436B607B1C66D1AE6936078F
:10670000FCD50823EB61E368022B06D0AE69F603E3
:1067100028D4AE69F603F9D524E0AB691907FCD596
:106720000823EB617B1CF1D0AB69DD031AD4FDF7C4
:1067300045FFA0EB0800874253D3002F51D02568B6
:10674000F0E7424639462046FFF7CAFD00285BD1F4
:10675000636A226813F8011B9162658D6362013DD3
:10676000ADB26585638D9BB2002BEAD142463946B6
:106770002046FFF711FE00284DD02268536843F4ED
:1067800000435360636C042B54D1002363642023C3
:10679000D361781C41D193691904FCD4516800235A
:1067A000202041F40041516084F84100184684F8EB
:1067B000423084F8403003E04FF4007301206364FA
:1067C000BDE8F0870220BDE8F087AB69180733D435
:1067D000FDF7F4FEA0EB0800874202D30FB1256855
:1067E0008AE7636C202000212268034384F840106C
:1067F000636484F84100012084F84210536843F434
:1068000000435360BDE8F08722680120536843F4D9
:1068100000435360D4E72268B9E793691B04BDD5F0
:10682000FDF7CCFEA0EB08008742DAD3002FD8D0CA
:106830002268AEE70120C3E70823EB61E368022B7F
:106840007FF470AF08E0FDF7B9FEA0EB08008742C7
:10685000C7D3002FC5D02568AB691A07F3D55FE70A
:106860000268436B9169126803B11847704700BF13
:1068700090F84100704700BF90F84120202A23D1B2
:106880005FFA82FC90F840200346012A1CD002687F
:10689000242000B583F841004FF0000E106820F06E
:1068A00001001060106820F48050106010680143EF
:1068B00070461160116841F00101116083F841C018
:1068C00083F840E05DF804FB0220704790F8412017
:1068D000202A22D1034600B55FFA82FE90F84020BC
:1068E000012A1CD0026824204FF0000C83F84100DC
:1068F000106820F001001060106820F4706040EA19
:10690000012160461160116841F00101116083F8B6
:1069100041E083F840C05DF804FB0220704702208C
:106920005DF804FBF0B58BB0002800F0888090F88B
:10693000BD330546046803F0FF02002B79D02046E2
:1069400003232E462F1D85F8BD33E36B6C4613F4ED
:10695000807308BF2B6103F0A9FE56F810EBB44614
:10696000BCE80F000FC4BCE80F000FC49CE8030094
:1069700084E80300704697E80E0003F07BFD0446B0
:1069800030B101240223204685F8BD330BB0F0BDA1
:106990000146286803F092FE686858B322464FF01B
:1069A000010E2146C2EBC20302F1010C05EB830389
:1069B00083F83C20A3F842205FFA8CF283F83DE094
:1069C000824283F83F101965C3E91111EAD300220E
:1069D000C4EBC403611C05EB830383F8FC41CCB218
:1069E00083F8FD21844283F8FF21C3F81022C3E914
:1069F0008122EDD36C460FCE0FC40FCE0FC496E8A4
:106A0000030084E8030097E80E00286803F06EFE98
:106A100004460028B5D101226B6A85F838009342FC
:106A200085F8BD230FD0286804F094FA20460BB0F7
:106A3000F0BD80F8BC23FDF785FA286880E70124C3
:106A400020460BB0F0BD284600F006FDEBE700BF86
:106A500010B590F8BC3304460068012B17D0012212
:106A6000A36A934284F8BC2309D004F065FA206835
:106A700003F014FE0023184684F8BC3310BDA3694C
:106A80009342F2D0836B43F480338363EDE70220BB
:106A900010BD00BF2DE9F04F076889B004463846A5
:106AA00004F0B6FA10B109B0BDE8F08F8246206854
:106AB00004F05EFA0028F6D0206804F059FA10F0CD
:106AC000020F206803D0436903F00203436104F01E
:106AD0004FFA10F4002B206840F0508104F048FA7F
:106AE00010F4802F206840F0EB8004F041FA002879
:106AF00074DB206804F03CFA000564D4206804F0DC
:106B000037FA020114D52268536903F00063536118
:106B100094F8F433002B40F095810121204684F84D
:106B2000F413536DC3F38303C4F8F83300F0ACFCE3
:106B3000206804F01DFAC3047BD4206804F018FA1E
:106B400010F4005F20685DD104F012FA10F0100F0D
:106B5000206812D0836923F0100383613D6AC5F376
:106B6000434305F00F06022B00F03182062B00F0A4
:106B70007F81836943F01003836104F0F9F907070B
:106B800000F15781206804F0F3F9C60200F1468154
:106B9000206804F0EDF9850200F13581206804F0E9
:106BA000E7F9400000F12681206804F0E1F941078F
:106BB0007FF579AF23685D686A0700F129825A681A
:106BC0002A435A606FE7D7F80838D90700F11C82CA
:106BD0002068436903F40063436190E7D7F8043801
:106BE00023F00103C7F8043894F8F433012B00F0C4
:106BF00038812046FDF790FA2068436903F000438E
:106C0000436177E704F008FA206803F08FFE2568F7
:106C1000E06001F06DFD227B0146284603F0BCFCDC
:106C20002046FDF74FFA2068436903F4005343619F
:106C30008AE7D7F804381021206807F5006523F0AB
:106C400001036B6003F058FE6068B0B107F5106394
:106C50004FF67F3199600AF1010A1A6820338245A4
:106C600022F4001243F8202CC3F8E811D3F8E021F5
:106C700022F40012C3F8E021ECD1EB6943F00113D8
:106C8000EB61236B002B40F0E1806A6942F22B0339
:106C900013436B612B6943F00B032B61D7F800386A
:106CA00004F57172217C23F4FE632068C7F8003874
:106CB00004F0CEF92068436903F4805343613DE753
:106CC00004F06EF980462068B8F1000F00F0E5800E
:106CD000264607F510694FF0000BCDE9037A09E06D
:106CE0005FEA58080BF1010B06F11C0609F12009B7
:106CF00000F0D58018F0010FF2D05FFA8BF739461B
:106D000004F06AF9C30705461FD50BF00F0303997A
:106D100001229A40D1F8343823EA0203C1F834380A
:106D20000123C9F808302369012B03D1D6E91123C7
:106D30001344B36439462046FDF7B6F92369012BA5
:106D400003D1BBF1000F00F0AC81280702D5082366
:106D5000C9F80830E90602D51023C9F808306A06D8
:106D600002D54023C9F80830AB0702D50223C9F881
:106D700008302D0600F1C6802068B1E704F002F962
:106D800005462068002D00F0868007F53066A14694
:106D90004FF0000B049707E06D080BF1010B06F1B3
:106DA000200609F11C097DD0EB07F5D55FFA8BF1C0
:106DB000039104F003F910F0010F8046039973D199
:106DC00018F0080F40F0F280206818F0100F01D082
:106DD0001023B36018F0200F05D02169012900F0BD
:106DE0005A812023B36018F4005FD5D04FF40053CC
:106DF000B360D1E72046FDF79BF92068436903F0B3
:106E000080434361D1E620465FFA8BF1FDF788F9B4
:106E10002068436903F400134361C0E620465FFA2B
:106E20008BF1FDF781F92068436903F48013436116
:106E3000AFE62046FDF742F92068436903F00803F6
:106E40004361A0E62046FDF74FF971E6D5F884309E
:106E500043F00B03C5F884306B6C43F00B036B6499
:106E60001CE70021204684F8F41300F00DFBC3E674
:106E7000C6EBC606082204F57171384603F0DAFF46
:106E8000C5F30A1304EB86022068D2F814120B44EF
:106E9000C2F814326DE6AB4620E6C34625E6DDE9CE
:106EA000037A22E6049F19E6206801232769B3606C
:106EB00000F53063012FD0F840E003EB4B139A68E4
:106EC00000F0C580984FBE4540F0BD80170440F1EA
:106ED000B6804FF4004218F0080F9A603FF475AF87
:106EE000026C986890498A4200F09780204603928D
:106EF000FDF7CAF88D4B039A9A4200F29680082358
:106F0000B36061E7D6E91453D4F800A0AB42504611
:106F10003FF6E6AE0AF51062716CCDF81CA002EBEC
:106F20004B120592EA1A8A4228BF0A4605998969D6
:106F3000033289B2B1EB920FC0F0A980CDF818905E
:106F4000C146A046059C1AE0736C3A46B16C5046A7
:106F50009D4228BF1D4698F810300093ABB203F055
:106F600053FFB36CA1692B4489B2B364736D2B4496
:106F70000335B1EB950F7365C0F08180356D9D428F
:106F8000A5EB0305E0D84446C846DDF81890D4F8D0
:106F900000A0079B0122504603F500610BF00F0390
:106FA0009A404B6B23EA02034B6399E622682169FE
:106FB00002F53063126C012903EB4B13986891D1F1
:106FC0005A498A4229D82046FDF75EF897E747F6E6
:106FD000F0731D423FF4CDADC6EBC606C5F30A12F1
:106FE000384604EB86061546D6F8081203F022FF51
:106FF000D6F8083220682B44C6F80832D6F8143286
:107000002B44C6F81432B4E52046FDF76DF8DFE5F1
:107010002046FDF791F82368D1E5020402D54FF42C
:1070200000429A602046FDF72FF8216901297FF47C
:1070300066AF04F57172206804F00AF85FE7900605
:1070400001D520229A602046FDF724F8B8E61707FC
:1070500032D536498E4504D9120402D54FF4004288
:107060009A6020460393FDF70FF804F57172012131
:10707000206803F0EDFF0822039B9A60A0E64446D7
:10708000356DC846DDF81890D4F800A050469D42F2
:107090003FF626AE7DE704F5717203F0D9FF206854
:1070A0009FE6236D002B7FF450AE04F57172012131
:1070B000206803F0CDFF48E6970608D520229A60A5
:1070C00018F0080F3FF481AE026C986878E712F070
:1070D000280FF5D1154FBE4505D9120403D54FF43D
:1070E00000429A60ECE71B692046D9F80422C3F3FA
:1070F0001203D31AC9F81432D9F808321344C9F864
:107100000832FCF7C7FFBBF1000F7FF459AED4F88B
:107110001032002B7FF454AE04F571720121206807
:1071200003F096FF4CE600BF0A31544F0A30544F2B
:1071300090F8BC23012A0ED0012210B50446006845
:1071400084F8381084F8BC2303F0E4FE00231846CA
:1071500084F8BC3310BD0220704700BF10B501F0A9
:107160000F0E0906044627D44FF01C0C0CFB0E0C26
:107170000CF5FE71CEEBCE0C00EB8C0C00208CF8E5
:10718000FD018A604A7881F800E0CB700AB1A1F86D
:1071900006E0022B01D100230B7194F8BC33012BC4
:1071A00018D00123206884F8BC3303F0D1FB0023FE
:1071B000184684F8BC3310BD1C204FF0010C00FBB6
:1071C0000E4000F13C01CEEBCE0004EB800080F8D5
:1071D0003DC0D6E7022010BD11F0800F01F00F0373
:1071E0004FF01C0110B504461AD101FB0341C3EB5B
:1071F000C302002001F5FE7104EB820282F8FD015A
:107200000B7094F8BC33012B19D00123206884F84B
:10721000BC3303F0E5FB0023184684F8BC3310BDF3
:1072200001FB0341C3EBC302012004EB82023C31AA
:1072300082F83D000B7094F8BC33012BE5D102209D
:1072400010BD00BF10B501F00F041C21C4EBC40C2D
:1072500001FB040100EB8C0C01F5FE71CCF810323F
:107260000023CCF808228CF8FC41CCF814328CF8BE
:10727000FD3103690068012B08BFCCF80C22DAB29B
:107280001CB903F007FD002010BD03F0EBFB00204C
:1072900010BD00BF01F00F01C1EBC10100EB810186
:1072A000D1F81402704700BF10B501F00F041C2183
:1072B000C4EBC40C01FB040100EB8C0C3C31CCF89A
:1072C00050300023CCF84820CCF8543001238CF8FF
:1072D0003C408CF83D3003690068012B08BFCCF8B6
:1072E0004C20DAB21CB903F0D5FC002010BD03F02D
:1072F000B9FB002010BD00BF38B5436801F00F0591
:107300009D4234D80B0604461DD41C22C1EBC10398
:1073100002FB010100EB8303002201F5FE7183F8FB
:10732000FD2101230D708B7094F8BC239A421CD070
:10733000206884F8BC3303F08DFDD5B100231846D6
:1073400084F8BC3338BD1C21C5EBC503012201FB09
:10735000050100EB83033C3183F83D2001230D70D0
:107360008B7094F8BC239A42E2D1022038BD0120F0
:1073700038BD04F57172217C206803F069FEDDE7F9
:10738000426838B501F00F03934232D811F0800FF4
:1073900004464FF01C01C3EBC30219D101FB0341AA
:1073A000002004EB8202002501F5FE7182F8FD0148
:1073B0000B708D7094F8BC33012B18D0012320681A
:1073C00084F8BC3303F07AFD284684F8BC5338BDFA
:1073D00001FB0341012004EB820200253C3182F8CD
:1073E0003D000B708D7094F8BC33012BE6D1022068
:1073F00038BD012038BD00BF10B40468606A31B9DF
:1074000040EA0240A06200205DF8044B7047A36A86
:10741000B1F1010C00EB13400BD0002303F140014C
:10742000013304EB8101DBB24968634500EB114095
:10743000F4D30CF1400C40EA024004EB8C0C5DF8F4
:10744000044BCCF804000020704700BF0346002026
:107450001B685962704700BF03464FF0000C094992
:107460001A68604610B4012483F8F4C3C3F8FC43DF
:1074700093695DF8044B43F000639361536D1943C6
:107480005165704703000010704700BF38B5114BBD
:10749000DA68520704D4DB6803F00703834214D18F
:1074A0000C4CE36823F007031843E060FDF786F80F
:1074B000054605E0FDF782F8401BB0F57A7F06D857
:1074C00063689B04F6D5002038BD012038BD032039
:1074D00038BD00BF00480258024AD36843F08073A9
:1074E000D36070470048025870B44D6A15B1B2F1CC
:1074F000406F3AD18B691BB30C6A002C4CD08E685C
:107500000068C661CE69002E69D02B431343234324
:10751000CC6A334323430C6B23434C6B23430C69EA
:107520002343CC6823430C6823434C69B2F1406F7A
:1075300043EA8443436165D04B6870BC8361704704
:107540000B6ABBB100682B438C68CE69C461002E06
:107550006BD01343CC6A334323430C6B23434C6BF4
:1075600023430C692343CC68DEE78B6A0468013B44
:107570002361BFE7CB69002B66D1002D42D0CB6AD7
:107580000C6B2B43006813434A6923434C6B234322
:1075900043EA8243436135E0CC6945EA030C002CA1
:1075A00032D003684CEA0200B2F1406F40EA0400B6
:1075B000CC6A40EA04000C6B40EA04004C6B40EAE1
:1075C0000400CC6840EA04000C6840EA04004C69FE
:1075D00040EA8440586115D04A689A6112E045EA51
:1075E000030C0D694CEA0203CA6A23431343D1E931
:1075F0000C4223430C6813434A692B43234343EA59
:107600008243436170BC7047CC6A4CEA0203006855
:107610002343D1E90C4223430C6813434A692343B3
:1076200043EA824370BC43617047CC6A13432343EF
:10763000D1E90C4223431343D1E90442234343EAF3
:10764000824370BC436170472B43CD6A0C6B13437C
:1076500000682B4323434C6B84E700BF70B504469E
:10766000FCF7ACFF002C54D094F84030012B52D0E2
:107670000123064684F8403094F8413003F0FF02BD
:10768000002B34D0A56C2268A1681368013923F45B
:10769000706343EA0123136001E06B1C31D19368EE
:1076A00013F02003F9D1E069E16815680143206A0D
:1076B0000143606841EA00611C4828400143606959
:1076C0001160A16955680143206941EA00411848E9
:1076D0002840012501431846516011682943116073
:1076E000636484F84150002384F8403070BD204624
:1076F00084F84020FBF720FD41F288331D46A36447
:10770000C1E7FCF75BFF801BA84206D82DB12268B9
:10771000C5E7012070BD022070BD0423012084F85C
:107720004130636C03436364DDE700BF2FFFFF005C
:10773000FEF8E0FFC8B110B590F840300446012BC8
:1077400011D00268012380F84030136823F0010350
:107750001360FBF77FFD00236364184684F8413013
:1077600084F8403010BD022010BD0120704700BFDA
:107770002DE9F04104460E461546FCF71FFF94F82C
:107780004030012B3AD0012384F8403094F8413046
:10779000012BDFB206D002270023384684F84030A0
:1077A000BDE8F081002380466364022384F8413001
:1077B000681C23680ED19A6812F02002FBD1314672
:1077C0002046FFF791FE736AE3B10123002784F896
:1077D0004130E1E79A6812F020021ED0FCF7EEFE7D
:1077E000A0EB0800854201D3002DE1D1042384F8E9
:1077F0004130636C43F001036364CDE702273846F0
:10780000BDE8F081226893689B07FCD50221012323
:107810000027D16084F84130BEE731462046FFF7AB
:1078200063FE736A43B1D0E7FCF7C8FEA0EB080023
:107830008542DBD3002DD9D0226893689907F3D510
:10784000E4E700BF2DE9F843044689461546FCF7F6
:10785000B5FE94F840302768012B67D0012384F8E7
:10786000403094F84130012B5FFA83F807D04FF095
:1078700002080023404684F84030BDE8F883002326
:107880006364B9F1000F56D01223064684F84130E4
:107890003B690133E3623B69C4F824900133A3627E
:1078A0007B6923F040637B61E36A002B31D06A1C63
:1078B000394611D18B685B07FCD5636A1B7887F862
:1078C0002030E26A636A013A0133E262E26A63628B
:1078D000F2B16A1C2168EDD08B685807EDD4FCF733
:1078E0006DFE801B854201D3002DF2D1042384F864
:1078F0004130636C43F00103636413E0BB689B0792
:107900000CD4FCF75BFE801B8542EFD3002DEDD03D
:107910002768691CF2D1BB689A07FCD502234FF097
:107920000008FB60012384F84130A2E74FF0020811
:107930004046BDE8F883636C43F00803636498E74E
:107940002DE9F843044615468946FCF737FE2768BB
:10795000BA6994F84030012B6CD0012384F8403090
:1079600094F84130012B5FFA83F807D04FF00208FA
:107970000023404684F84030BDE8F8830023636468
:10798000B9F1000F5BD02223064684F841303B69F1
:107990000133A3633B69C4F83090013363637B69AF
:1079A00023F0406343F080637B61BA61A36B002BDB
:1079B00033D0681C394612D18B6813F0060FFBD008
:1079C00097F82020236B1A70A26B236B013A0133C6
:1079D000A263A26B2363FAB1681C2168ECD08B68A8
:1079E00013F0060FECD1FCF7E9FD801B854201D3B3
:1079F000002DF1D1042384F84130636C43F001037E
:107A0000636413E0BB689B070CD4FCF7D7FD801BB5
:107A10008542EFD3002DEDD02768691CF2D1BB68F9
:107A20009A07FCD502234FF00008FB60012384F87D
:107A300041309DE74FF002084046BDE8F883636C93
:107A400043F00803636493E72DE9F84F04461F46AB
:107A500089469046FCF7B2FD94F84030012B52D095
:107A6000012384F8403094F84130012B5FFA83FB06
:107A700007D04FF0020B0023584684F84030BDE891
:107A8000F88F002382466364422384F841307A1CD5
:107A900026682CD1B568AB06FCD4D8F8003049462E
:107AA0002046B362D8F804307362D8F80830F36225
:107AB0003268D8F8103022F440021343D8F80C2072
:107AC00043F480033360C9F828204FF00062FFF7C9
:107AD0000BFD781C22681BD193681907FCD508217F
:107AE00001234FF0000BD16084F84130C3E7B36845
:107AF0009D06D2D5FCF762FDA0EB0A00874212D3A7
:107B0000002FC4D10FE04FF0020B5846BDE8F88FAC
:107B100093681B07E3D4FCF751FDA0EB0A008742F2
:107B200001D3002FD5D1042384F84130636C43F096
:107B3000010363649FE700BF2DE9F04704460F4649
:107B40001646FCF73BFD94F84030012B45D001234D
:107B500084F8403094F84130012B5FFA83F907D064
:107B60004FF002090023484684F84030BDE8F08712
:107B700000238046D4F848A06364822384F841300F
:107B8000BAF1FF3F256814D1AB689A06FCD42B6884
:107B9000726823F00803082A43EA02032B6021D00D
:107BA0004FF04062394620464FF00009FFF79CFC39
:107BB000D8E7AB689B06EAD5FCF700FDA0EB080010
:107BC000824502D3BAF1000FDAD1042384F84130A0
:107BD000636C43F001036364C4E74FF00209484655
:107BE000BDE8F087326810232A63EB602B6843F40A
:107BF00080132B60D4E700BF704700BF08B5006C4E
:107C000000238363C36290F84130082B0BD10368D3
:107C10000222DA601A6842F400321A601A6842F0EE
:107C200002021A6008BD012380F84130FFF7E4FF2B
:107C300008BD00BF704700BF704700BF704700BF5E
:107C4000704700BF704700BF704700BF704700BF5C
:107C500038B5036804469A68196855070ED5480375
:107C60000CD594F84120122A75D094F84120222A8C
:107C700000F0A1802046FFF7E5FF38BD950726D527
:107C8000880324D50222DA601A6822F4E0221A60FE
:107C900094F84120122A7AD094F84120222A00F048
:107CA000A98094F84120022A00F0D08094F8412065
:107CB000082AE2D15A690121204622F040625A6125
:107CC00084F84110636C3BBBFFF7B4FF38BD150768
:107CD00025D4D50735D5C80333D50125DD601A680D
:107CE00022F470221A60626C42F0020262641A6826
:107CF000520779D51A68E06B22F004021A60574BDC
:107D0000836506F085FB0028B7D0636C204643F0FE
:107D10000403636484F84150FFF76EFF38BD080325
:107D2000D7D50822DA601A68520206D51A680121EE
:107D300022F410221A6084F841102046FFF784FFD5
:107D400038BDD00699D5CA0297D510222046DA60F0
:107D5000FFF77CFF38BD9A6850078BD518460EE0B8
:107D6000626A127883F82020E16A20680139626A29
:107D7000E1620132816862624D077FF57BAFE26AA2
:107D8000002AEDD1036823F48023036072E71A68A8
:107D9000510709D51A68E16B22F0040209681A60DC
:107DA000CB6823F00103CB600123204684F84130E7
:107DB000FFF746FF38BD9A6852077FF55BAF18465C
:107DC0000EE093F82010226B1170A16B206801392E
:107DD000226BA16301328168226349077FF54AAFB4
:107DE000A26B002AEDD1CDE7204684F84150FFF781
:107DF00003FF38BD1A6852071DD49A6812F47C5FDD
:107E00000FD111E093F82010226B1170A16B206844
:107E10000139226BA16301328168226311F47C5F16
:107E200002D0A26B002AEDD10123204684F8413014
:107E3000FFF704FF38BD1A68E16B22F004020968FD
:107E40001A60CB6823F00103CB60EDE701232046E5
:107E500084F84130FFF7F0FE38BD00BFFD7B00081D
:107E6000002800F0DE81F8B503680446D80730D555
:107E70009F490A69896A02F03802102A00F00081DD
:107E8000182A00F0F8806368B3F5803F00F0208185
:107E9000002B00F05E81B3F5A02F954B1A6800F01F
:107EA0002F8222F480321A601A6822F480221A602B
:107EB000FCF784FB8E4E41F28837054605E0FCF75F
:107EC0007DFB401BB84200F2428133689A03F6D52D
:107ED00023689D0700F18580D9062FD5844A136950
:107EE000926A03F03803082B00F0DA80182B00F0B8
:107EF000D280E3697E4D002B00F065812B6843F052
:107F000080032B60FCF75AFB064605E0FCF756FBA6
:107F1000801B022800F21B812B68DB05F6D5FCF7DD
:107F200065FB41F20303984200F20B826B68226A00
:107F300023F0F84343EA82636B6023681D0716D57C
:107F400063696B4D002B00F01C816B6F43F00103E4
:107F50006B67FCF733FB064605E0FCF72FFB801B45
:107F6000022800F2F4806B6F9807F6D523689A0612
:107F700016D5A3695E4D002B00F014812B6843F4E5
:107F800080532B60FCF71AFB064605E0FCF716FB56
:107F9000801B022800F2DB802B689F04F6D5236843
:107FA000590700F19B80636ACBB1514D2A6902F0F9
:107FB0003802182A6DD0022B2B6823F080732B60B7
:107FC00000F03981FCF7FAFA044605E0FCF7F6FA0E
:107FD000001B022800F2BB802B689B01F6D4002016
:107FE000F8BD434A1369926A13F0380329D1404B14
:107FF000E2681B68590701D5002A4AD03C4D2B681E
:1080000023F0190313432B60FCF7D8FA064605E06A
:10801000FCF7D4FA801B022800F299802B685B07DA
:10802000F6D5FCF7E3FA41F20303226998426B6844
:1080300000F2F08023F47C3343EA02336B60236860
:108040004AE7182B00F0E280294DE2682B68002AED
:1080500000F0CB8023F0190313432B60FCF7AEFA3A
:10806000064604E0FCF7AAFA801B02286FD82B68AA
:108070005F07F7D5D5E701F0030102297FF403AFCD
:108080001B4A126891037FF524AF6268002A7FF4CF
:1080900020AF0120F8BD02F00302012A7FF429AFCE
:1080A000134B1B68DA0502D5E369802BF1D1FCF78D
:1080B0009DFA41F203030E4A9842216A00F2B3800E
:1080C000536823F0F84343EA81635360236835E73C
:1080D000074A136843F480331360E9E6054D2B68C3
:1080E00043F480732B60FCF769FA064609E000BF91
:1080F0000044025800480258FCF760FA801B6428CC
:1081000025D82B68DA05F7D5A368012B00F022816A
:10811000002B00F0FD80052B954B1A6F00F020819D
:1081200022F001021A671A6F22F004021A67FCF7A4
:1081300045FA8F4E41F28837054604E0FCF73EFAD7
:10814000401BB84203D8336F9B07F7D52BE70320BA
:10815000F8BD874D41F288372B6823F480332B60BC
:108160002B6823F480232B60FCF728FA064604E0F2
:10817000FCF724FA801BB842E9D82B689B03F7D49C
:10818000A6E66B6F23F001036B67FCF717FA064650
:1081900004E0FCF713FA801B0228D8D86B6F99070C
:1081A000F7D4E3E62B6823F480532B60FCF706FA40
:1081B000064604E0FCF702FA801B0228C7D82B68A9
:1081C0009804F7D4EBE62B6823F080032B60FCF7D0
:1081D000F5F9064604E0FCF7F1F9801B0228B6D851
:1081E0002B68DF05F7D42368A8E623F001032B6092
:1081F000FCF7E4F9064604E0FCF7E0F9801B0228EE
:10820000A5D82B685807F7D4236865E690077FF454
:108210001BAFECE623F0FE4343EA02636B60236886
:108220005AE601207047D36823F07C5343EA016388
:10823000D360236882E6FCF7C1F9064604E0FCF748
:10824000BDF9801B022882D82B689901F7D4A96A4E
:10825000484BA26A0B404849454E1343E26A43EA41
:108260000213AB62D4E90D32013B013A5B02120406
:108270009BB202F4FE021343226B013AC2F30802DE
:108280001343E26B013A120602F0FE4213432B63E2
:10829000EB6A23F00103EB626A6BA36C114041EAC5
:1082A000C3016963EB6A226C23F00C031343EB6296
:1082B000EB6A626C23F002031343EB62EB6A43F454
:1082C0008033EB62EB6A43F40033EB62EB6A43F416
:1082D0008023EB62EB6A43F00103EB622B6843F00F
:1082E00080732B60FCF76AF9044605E0FCF766F939
:1082F000001B02283FF62BAF33689A01F6D56EE6D5
:1083000042F480221A601A6842F480321A60CFE583
:10831000174D41F288372B6F23F001032B672B6F2A
:1083200023F004032B67FCF749F9064605E0FCF748
:1083300045F9801BB8423FF60AAF2B6F9807F6D479
:1083400031E6EB68226A23F07C5343EA0263EB6078
:108350002368F3E5064A136F43F001031367E6E66B
:1083600042F004021A671A6F42F001021A67DEE651
:10837000004402580CFCFFFF0700FFFF474A136947
:1083800003F03803102B04D0182B0DD01BB1444838
:10839000704744487047136899064AD513684248A5
:1083A000C3F3C103D8407047936A30B4946AD56A66
:1083B00014F47C7F516BC4F3051038D0C1F3CC01A9
:1083C00005F0010503F0030305FB01F1012B07EEA6
:1083D000901AB8EEE77A02D0022B2CD093B307EEB6
:1083E000900A9FED325AF8EEE77A136BC5EE276AD2
:1083F000DFED2F5AC3F3080307EE903AB7EE006A99
:10840000F8EEE77AE7EE257A77EE867A66EEA76AE7
:10841000224B1B6BC3F34623013307EE903AB8EEB1
:10842000E77AC6EE877AFCEEE77A17EE900A30BC60
:1084300070471D48704707EE900A9FED1E5AF8EEF0
:10844000E77AD2E713689B0620D5146807EE900AF6
:108450001549F7EE005A136BC4F3C104F8EEE77A3E
:108460009FED135AC3F30803E14006EE903A06EE7F
:10847000101AF8EEE66AB8EEC66AE7EE056A86EE0E
:10848000277A76EEA56A66EE876AC1E707EE900A5C
:108490009FED095AF8EEE77AA7E700BF00440258BB
:1084A00000093D000024F4000090D0030024744A29
:1084B000000000390024744B0024744C002800F0A4
:1084C0000281874A136803F00F038B422DE9F041C4
:1084D00004460D460CD2136823F00F030B431360C0
:1084E000136803F00F038B4202D00120BDE8F08136
:1084F00023685F070BD57B4920698A6902F0700207
:10850000904204D98A6922F0700202438A611E07F0
:108510000BD574496069CA6902F07002904204D9AF
:10852000CA6922F070020243CA61D8060BD56D49B0
:10853000A069CA6902F4E062904204D9CA6922F4CF
:10854000E0620243CA6199060BD56649E0690A6A8E
:1085500002F07002904204D90A6A22F070020243CB
:108560000A629A0740F1A1805E48E168826902F0E0
:108570000F02914204D9826922F00F020A438261FC
:10858000D80730D5574AA168936923F470630B4329
:10859000936161681368022900F09780032900F055
:1085A0008E80012900F0978058079ED54D4E41F2EC
:1085B0008838336923F007030B433361FBF7FEFF71
:1085C000074605E0FBF7FAFFC01B404500F281803B
:1085D0003369626803F03803B3EBC20FF2D123684A
:1085E000990706D5E1683F48826902F00F028A4286
:1085F0005FD83B490A6802F00F02AA420AD90A680A
:1086000022F00F022A430A600A6802F00F02AA420F
:108610007FF46BAF5A070BD5324920698A6902F0A3
:108620007002904204D28A6922F0700202438A6189
:108630001F070BD52B496069CA6902F0700290428E
:1086400004D2CA6922F070020243CA61DE060BD569
:108650002449A069CA6902F4E062904204D2CA695E
:1086600022F4E0620243CA619D060BD51D4AE1690E
:10867000136A03F07003994204D2136A23F0700363
:108680000B431362FFF77AFE164A034616489269B7
:108690001649C2F30322825C0E2002F01F02D3406F
:1086A000BDE8F0410B60FBF727BFDA073FF56AAF83
:1086B0009FE7826922F00F021143816199E79F01D0
:1086C0003FF574AF11E7012070479B033FF56EAF94
:1086D0000BE703200AE7DE053FF568AF05E700BFBB
:1086E0000020005200440258E02C01084C000024F5
:1086F00008B501F095F9064B06499B69064A03F057
:108700000F03CB5C03F01F03D840106008BD00BF0F
:1087100000440258E02C01085000002410B501F07C
:108720007FF90949094A8B69094C03F00F03D35CAF
:1087300003F01F03D8402060CB69C3F30213D35C5E
:1087400003F01F03D84010BD00440258E02C01087C
:108750005000002410B501F063F90949094A8B69FA
:10876000094C03F00F03D35C03F01F03D8402060D3
:10877000CB69C3F30223D35C03F01F03D84010BDC1
:1087800000440258E02C010850000024F8B53A4C8F
:10879000A36A03F00303032B67D0236806460F4642
:1087A00023F080632360FBF709FF054604E0FBF735
:1087B00005FF431B022B56D823681A01F7D4A36A7E
:1087C000326823F47C3343EA0233A362D6E90232EF
:1087D000013B013A5B0212049BB202F4FE02134316
:1087E0007268013AC2F3080213433269013A120671
:1087F00002F0FE421343A363E36A726923F0C003ED
:108800001343E362E26AB36922F020021A431B4B6E
:10881000E262E26A22F01002E262E16BF2690B406E
:1088200043EAC203E363E36A43F01003E362E36AEB
:10883000EFB1012F0CBF43F4801343F40013E36244
:108840000D4C236843F080632360FBF7B7FE0546B9
:1088500004E0FBF7B3FE401B022804D823681B0189
:10886000F7D50020F8BD0320F8BD0120F8BD43F482
:108870000023E362E4E700BF004402580700FFFF63
:10888000F8B53A4CA36A03F00303032B67D02368BF
:1088900006460F4623F080532360FBF78FFE054604
:1088A00004E0FBF78BFE431B022B56D823689A008B
:1088B000F7D4A36A326823F07C7343EA0253A362BD
:1088C000D6E90232013B013A5B0212049BB202F488
:1088D000FE0213437268013AC2F30802134332697D
:1088E000013A120602F0FE4213432364E36A7269FE
:1088F00023F440631343E362E26AB36922F4007233
:108900001A431B4BE262E26A22F48072E262616CFB
:10891000F2690B4043EAC2036364E36A43F4807381
:10892000E362E36AEFB1012F0CBF43F4000343F0AD
:108930008073E3620D4C236843F080532360FBF7A0
:108940003DFE054604E0FBF739FE401B022804D833
:1089500023689B00F7D50020F8BD0320F8BD012057
:10896000F8BD43F48003E362E4E700BF004402582B
:108970000700FFFF2DE9F8430368044613F0006683
:1089800022D0426EB2F5001F00F0CE8411D8002A2A
:1089900000F0F884B2F5801F40F0F1840221043029
:1089A000FFF7F4FE0646002E40F08684626E2368D0
:1089B00003E0B2F5401F40F0E284A8480026016DB4
:1089C00021F440110A430265DD050AD5626D042ACF
:1089D00006D8DFE812F0A20493049A04DF02DF0253
:1089E0000126354698051BD5A26D802A00F05B84D0
:1089F00000F2EC80002A00F08B83402A40F0ED80EA
:108A00000021201DFFF7C2FE23680546002D40F01F
:108A100067839249A06D0A6D22F4E07202430A65F1
:108A200059051FD5D4F8A420B2F5800F00F0478473
:108A300000F2D680002A00F07183B2F5001F40F0EA
:108A4000D7800021201DFFF7A1FE23680546002DD9
:108A500040F044838149D4F8A4008A6D22F4600276
:108A600002438A651A051FD5D4F8A820B2F1007F09
:108A700000F02E8400F2BF80002A00F05583B2F18E
:108A8000807F40F0C0800021201DFFF77FFE23681B
:108A90000546002D40F02A837049D4F8A8008A6D5D
:108AA00022F0E06202438A659F0118D5A26C202A59
:108AB00000F0DA8300F2AA803AB1102A40F0A980CF
:108AC0006649CA6A42F40032CA62002D40F05983F6
:108AD0006249A06CCA6C22F030020243CA64D80416
:108AE0001DD5E26DB2F5005F00F0FB8300F29480CB
:108AF000002A00F01F83B2F5805F40F095800021CE
:108B0000201DFFF743FE23680546002D40F0EC8250
:108B10005249E06D0A6D22F4E04202430A6599046D
:108B20001AD5226EB2F5003F00F074837FD84AB1A7
:108B3000B2F5803F40F083800121201DFFF726FE23
:108B400023680546002D40F01E834449206E0A6DBF
:108B500022F4E02202430A655A041BD5D4F8AC2063
:108B6000B2F1005F00F060836CD842B1B2F1805F77
:108B700070D10121201DFFF709FE23680546002D55
:108B800040F003833549D4F8AC008A6D22F0E0420E
:108B900002438A651F040DD5E26EB2F1805F00F0DA
:108BA0003183B2F1005F00F00182002A00F00482FC
:108BB00001263546D8015DD5626C032A00F20A848D
:108BC000DFE812F0540017034E005400C02A3FF4AF
:108BD0001DAFB2F5807F3FF419AF012635461FE780
:108BE000B2F5C00F3FF433AFB2F5000F3FF42FAF33
:108BF0000126354636E7B2F1407F3FF44AAFB2F185
:108C0000806F3FF446AF012635464DE7302A3FF4EA
:108C10005CAF0126354662E7B2F5405F3FF475AFC1
:108C2000B2F5804F3FF471AF0126354677E722F465
:108C30008031B1F5802F85D0B2F5403F82D001263A
:108C4000354689E722F08051B1F1804F97D0B2F1DB
:108C5000405F94D0012635469CE700BF004402588F
:108C60000221201DFFF792FD23680546002D00F02C
:108C70006B822E46590200F1F081DF072FD5A26FDB
:108C8000282A2AD8DFE812F0D30129002900290078
:108C900029002900290029006D0329002900290045
:108CA0002900290029002900CC01290029002900D8
:108CB0002900290029002900D301290029002900C1
:108CC0002900290029002900D301290029002900B1
:108CD0002900290029002900D301012635469807DB
:108CE00016D5626F052A00F27883DFE812F00D00D6
:108CF000300306000D000D000D00012104F12400D9
:108D0000FFF7BEFD23680546002D00F025822E46A4
:108D1000590717D5D4F89020052A00F26183DFE8BF
:108D200012F00D000C0306000D000D000D000121D6
:108D300004F12400FFF7A4FD23680546002D00F090
:108D400013822E469A061DD5D4F88C20B2F1005F0E
:108D500000F0458200F2DC804AB1B2F1805F40F061
:108D6000E1800021201DFFF711FD23680546002D3D
:108D700040F00582A949D4F88C004A6D22F0E04207
:108D800002434A655F061DD5D4F89820B2F5006FFE
:108D900000F0548200F2C9804AB1B2F5806F40F011
:108DA000CE800021201DFFF7F1FC23680546002D31
:108DB00040F0C8819949D4F898008A6D22F4E052B5
:108DC00002438A6518061DD5D4F89C20B2F5804F61
:108DD00000F03F8200F2B6804AB1B2F5005F40F089
:108DE000BB800021201DFFF7D1FC23680546002D24
:108DF00040F0A6818949D4F89C008A6D22F4604233
:108E000002438A6519070BD5D4F88010B1F5805F4D
:108E100000F03E828148426D22F440520A4342658E
:108E2000DA060BD5D4F89410B1F5807F00F02582D6
:108E30007A48826D22F440720A4382651F030ED580
:108E4000D4F8A010B1F5803F00F0D480B1F5003F18
:108E500000F0D780002900F0BA810126354658037A
:108E60000FD5D4F88420B2F5001F00F0B080B2F521
:108E7000401F00F0B380B2F5801F00F0A0810126F2
:108E80003546D90309D5E26C002A00F08681B2F597
:108E9000803F00F02D81012635469A0000F1D280F6
:108EA0009F035CD4301E18BF0120DE0206D55B494B
:108EB000256F0A6D22F000422A430A65DD0007D5BE
:108EC0005649D4F8B4500A6922F480422A430A6110
:108ED000990206D55149A56E0A6D22F080722A4387
:108EE0000A655A0009D54D4A116921F40041116102
:108EF0001169D4F8B85029431161002B06DA474AAA
:108F0000216DD36C23F040530B43D364BDE8F88349
:108F100022F08051B1F1804F3FF429AFB2F1405FB0
:108F20003FF425AF012635462CE722F48061B1F5E8
:108F3000805F3FF43CAFB2F5406F3FF438AF01269D
:108F400035463FE722F40051B1F5004F3FF44FAFF3
:108F5000B2F5C04F3FF44BAF0126354652E7E26F02
:108F6000B2F5807F00F0228106D922F48071B1F53C
:108F7000007F03D0012098E7002AFBD1002DF9D112
:108F8000264D301E696D18BF012021F440710A433F
:108F90006A658AE73546002D40F0A4801F49606D60
:108FA0000A6D22F0070202430A651BE50121201D1C
:108FB000FFF7ECFB23680546002D40F0DE801749E3
:108FC000E06E0A6D22F0405202430A65F2E501218B
:108FD00004F12400FFF754FC23680546002D40F0FF
:108FE000DA800E49D4F884004A6D22F4401202431C
:108FF0004A6546E7022104F12400FFF741FC23689B
:109000000546002D40F0C5800449D4F8A0008A6DC3
:1090100022F4403202438A6521E700BF004402582F
:10902000012104F12400FFF72BFC23680546002DE5
:1090300040F0AD80AF49A06F4A6D22F03802024384
:109040004A654CE6022104F12400FFF719FC23686D
:1090500000283FF425AF012622E7A74F3B6843F4E1
:1090600080733B60FBF7AAFA804606E0FBF7A6FA9E
:10907000A0EB0800642800F27E813B68DA05F5D594
:10908000002D40F0A4819B4AD4F8B030116F5940B4
:1090900011F4407F0BD0116F106F21F4407140F438
:1090A00080301067106F20F4803010671167B3F5BF
:1090B000807F00F06E8103F44072B2F5407F00F0D3
:1090C0007C818C490A6922F47C520A61894AC3F383
:1090D0000B03116F0B4313672368CEE52E46C1E4E3
:1090E0002E469DE42E467DE42E4618E52E46DBE412
:1090F0000221201DFFF74AFB05462368002D53D1AE
:109100007C49E06CCA6C22F480320243CA64C4E633
:109110007849CA6A42F40032CA6277E47549CA6A79
:1091200042F40032CA6292E47249CA6A42F40032DE
:10913000CA62AEE46F49CA6A42F40032CA62E4E429
:109140002E465FE62E463DE66A49606CCA6C22F008
:1091500003020243CA648DE56649606F4A6D22F0DE
:10916000070202434A65D3E56249D4F890008A6D4C
:1091700022F0070202438A65E4E52E461AE52E46F0
:1091800000E62E46ABE42E46E6E42E4602E52E46E9
:10919000A5E52E4663E62E4673E65649CA6A42F4B2
:1091A0000032CA62002DABD02E4676E65148C16A25
:1091B00041F40031C162002D7FF4DCAEE0E64D49A0
:1091C000CA6A42F40032CA62002DE4D109E7201DC8
:1091D000FFF7DCFA05462368002DDAD114E70221F7
:1091E00004F12400FFF74CFB05462368002DC6D18F
:1091F000C0E54049CA6A42F40032CA62002D7FF4D9
:1092000038ADA1E73B49CA6A42F40032CA62002D78
:10921000B3D1D4E6012104F12400FFF731FB054668
:109220002368002DAFD190E4012104F12400FFF761
:1092300027FB05462368002DA7D1A3E4022104F1F2
:109240002400FFF71DFB05462368002D7FF47AAF4D
:10925000B0E5022104F12400FFF712FB0546236864
:10926000002D7FF46DAFC5E50221201DFFF78EFABA
:1092700005462368002D84D12AE4022104F124004C
:10928000FFF7FEFA236800283FF4D8AD0126D5E5A4
:10929000022104F12400FFF7F3FA236800283FF4C9
:1092A000BFAD0126BCE5002104F12400FFF7E8FA78
:1092B00023680546FFF7AABB2368FFF785BB00219B
:1092C00004F12400FFF7DCFA23680546FFF7BFBB73
:1092D000002104F12400FFF7D3FA23680546FFF7C5
:1092E000D8BB002104F12400FFF7CAFA2368054621
:1092F0000BE400BF00440258004802580021201D22
:10930000FFF744FA2368054645E6002104F12400EE
:10931000FFF7B6FA236805463DE633493546CA6A83
:1093200042F40032CA6236E602212430FFF7A8FA7E
:109330000646002E3FF43AABBEE70121201DFFF7A1
:1093400025FA05462368002D7FF4FBAC0CE70121CC
:10935000201DFFF71BFA05462368002D7FF4D7ACCC
:10936000FAE60121201DFFF711FA05462368002DBA
:109370007FF40DAF5EE60326236835467DE40126C3
:10938000FFF722BB1848C16A41F40031C162FFF700
:1093900014BBFBF713F9DFF85080074641F2883918
:1093A00004E0FBF70BF9C01B4845E4D8D8F870304F
:1093B0009B07F6D5D4F8B0307DE60B480B4A01691F
:1093C00002EA131221F47C510A4302617EE623680B
:1093D0002E4652E4012635464CE40126354697E4F4
:1093E00001263546AEE400BF00440258CFFFFF001F
:1093F00008B5FFF77DF9054B054A1B6AC3F3021355
:10940000D35C03F01F03D84008BD00BF00440258DE
:10941000E02C0108584B70B4996A9D6ADE6A15F415
:109420007C3FC5F30532DC6B5CD0C4F3CC0406F0A2
:10943000100601F0030106FB04F4012907EE904A2F
:10944000B8EEE77A03D0022975D000294FD007EE95
:10945000902ADFED4A6AF8EEE77A9B6B86EEA76A00
:109460009FED475AC3F3080306EE903AF7EE005A11
:10947000F8EEE66AE7EE056A76EEA56A66EE266A1B
:109480003D4AB7EE006A936BC3F3462307EE103AEA
:10949000B8EEC77A70BC37EE067AC6EE877AFCEE75
:1094A000E77AC0ED007A936BC3F3064307EE103AF8
:1094B000B8EEC77A37EE067AC6EE877AFCEEE77A20
:1094C000C0ED017A936BC3F3066307EE903AF8EEB2
:1094D000E77A77EE867A86EEA77ABCEEC77A80EDD9
:1094E000027A704770BCC0E9002282607047196838
:1094F000890627D51C6807EE902A2249F7EE005A04
:109500009B6BC4F3C102F8EEE77A9FED1D5AC3F3DB
:109510000803D14006EE903A06EE101AF8EEE66A1D
:10952000B8EEC66AE7EE056A86EE277A76EEA56A99
:1095300066EE876AA4E707EE902ADFED136AF8EE7D
:10954000E77A8AE707EE902A9FED105A9B6BB7EEF9
:10955000006AF8EEE77ADFED0A5AC3F30803C5EEB6
:10956000276A07EE903AF8EEE77AE7EE257A77EE8B
:10957000867A66EEA76A83E7004402580024744A9C
:10958000000000390090D0030024744B0024744C78
:10959000584B70B4996A9D6ADE6A15F07C7FC5F3FA
:1095A00005525C6C5CD0C4F3CC0406F4807601F008
:1095B000030106FB04F4012907EE904AB8EEE77AAE
:1095C00003D0022975D000294FD007EE902ADFED95
:1095D0004A6AF8EEE77A1B6C86EEA76A9FED475A57
:1095E000C3F3080306EE903AF7EE005AF8EEE66A87
:1095F000E7EE056A76EEA56A66EE266A3D4AB7EEA4
:10960000006A136CC3F3462307EE103AB8EEC77A2C
:1096100070BC37EE067AC6EE877AFCEEE77AC0EDCC
:10962000007A136CC3F3064307EE103AB8EEC77A1C
:1096300037EE067AC6EE877AFCEEE77AC0ED017A5D
:10964000136CC3F3066307EE903AF8EEE77A77EE11
:10965000867A86EEA77ABCEEC77A80ED027A7047EA
:1096600070BCC0E90022826070471968890627D55E
:109670001C6807EE902A2249F7EE005A1B6CC4F3CF
:10968000C102F8EEE77A9FED1D5AC3F30803D140FB
:1096900006EE903A06EE101AF8EEE66AB8EEC66AE2
:1096A000E7EE056A86EE277A76EEA56A66EE876AA9
:1096B000A4E707EE902ADFED136AF8EEE77A8AE76F
:1096C00007EE902A9FED105A1B6CB7EE006AF8EE79
:1096D000E77ADFED0A5AC3F30803C5EE276A07EEFF
:1096E000903AF8EEE77AE7EE257A77EE867A66EE3C
:1096F000A76A83E7004402580024744A0000003936
:109700000090D0030024744B0024744C584B70B468
:10971000996A9D6ADE6A15F47C7FC5F305125C6B5D
:109720005CD0C4F3CC0406F0010601F0030106FB93
:1097300004F4012907EE904AB8EEE77A03D0022933
:1097400075D000294FD007EE902ADFED4A6AF8EE77
:10975000E77A1B6B86EEA76A9FED475AC3F30803AF
:1097600006EE903AF7EE005AF8EEE66AE7EE056A82
:1097700076EEA56A66EE266A3D4AB7EE006A136B7E
:10978000C3F3462307EE103AB8EEC77A70BC37EE43
:10979000067AC6EE877AFCEEE77AC0ED007A136BA4
:1097A000C3F3064307EE103AB8EEC77A37EE067AEF
:1097B000C6EE877AFCEEE77AC0ED017A136BC3F34D
:1097C000066307EE903AF8EEE77A77EE867A86EE51
:1097D000A77ABCEEC77A80ED027A704770BCC0E908
:1097E0000022826070471968890627D51C6807EE39
:1097F000902A2249F7EE005A1B6BC4F3C102F8EE1F
:10980000E77A9FED1D5AC3F30803D14006EE903A64
:1098100006EE101AF8EEE66AB8EEC66AE7EE056ADA
:1098200086EE277A76EEA56A66EE876AA4E707EEEB
:10983000902ADFED136AF8EEE77A8AE707EE902ABE
:109840009FED105A1B6BB7EE006AF8EEE77ADFED7A
:109850000A5AC3F30803C5EE276A07EE903AF8EEFA
:10986000E77AE7EE257A77EE867A66EEA76A83E7EF
:10987000004402580024744A000000390090D003CC
:109880000024744B0024744CB0F5807F00B585B083
:1098900048D0B0F5007F11D0B0F5806F00F0828025
:1098A000B0F5006F52D0B0F5805F2CD0B0F5002F2E
:1098B00000F09680002005B05DF804FB534A136D5C
:1098C00003F4E073802B59D012D9C02B26D0B3F506
:1098D000807FEFD1D36C13F040535BD0B3F1805F46
:1098E00000F08D80B3F1005F494818BF0020E2E727
:1098F000002B3CD0402BDDD101A8FFF78BFD019858
:1099000005B05DF804FB414A136D03F4E043B3F581
:10991000005F33D029D9B3F5405F58D13D4805B039
:109920005DF804FB394B1B6D03F00703042BC1D812
:1099300001A252F823F000BF6F990008F9980008BF
:109940007D9900081D9900088B9900082F4A936D96
:1099500003F0E063B3F1007F10D01DD9B3F1407F75
:10996000DCD0B3F1806FB5D0A4E7002B34D101A8CF
:10997000FFF7CCFE029805B05DF804FB01A8FFF7E5
:1099800007FE019805B05DF804FB204BDB6C13F07B
:109990004053A3D120488EE7002BE8D0B3F1807F5D
:1099A000AAD087E7194A936D03F46003B3F5800FDB
:1099B000E4D005D8002BDAD0B3F5001F9CD079E7AE
:1099C000B3F5C00FAAD0B3F5000F83D072E7B3F59B
:1099D000804F3FF47FAF6DE7B3F5805F8CD069E7D0
:1099E0000A4A936D03F44033B3F5803F09D0B3F5D1
:1099F000003F3FF46FAF002B7FF45CAF7CE707487C
:109A000059E701A8FFF7C4FD039854E70044025842
:109A10000024F4000080BB000090D00300093D004A
:109A200008B5FEF7ABFC064B06499B69064AC3F333
:109A30000323CB5C03F01F03D840106008BD00BFB8
:109A400000440258E02C01084C000024F8B50168DD
:109A50000546AC4B99421FD0203399421CD003F5E8
:109A60007873994258D02033994255D003F57873D2
:109A7000994200F01E812033994200F01A8195F836
:109A80009130A14E03F0FF026BB9284685F8902073
:109A9000F9F7C8FC296806E09C4E95F8913003F070
:109AA000FF02002BF1D09A4B9A4A1B68A2FB0323BA
:109AB0000A681B0B22F480329B000A6023B30C68F7
:109AC000013B14F48034F9D1022385F89130EB681E
:109AD000012B00F01081022B15BF03202320022749
:109AE000222715BF4FF0010C4FF0210C002220223D
:109AF000AB68013B042B00F24B81DFE813F0CF0091
:109B00001000D6000F00D200D5F89430012043F0A9
:109B10004003C5F89430F8BD7F4EBEE73A464FF497
:109B200000672B6A3260002B44D0764B994200F0DC
:109B30001E817A48081AB0FA80F04009002840F0E7
:109B40001681774B994200F00C812033994200F046
:109B50000881744B994200F0FE802033994200F056
:109B6000FA80714B994200F00881704B994200F0E5
:109B70000A81AB6900EB8000B3F5002F4FEA400388
:109B800000F0E280AA6A296AB2F1806F0CBF02225B
:109B9000012201FB02F21202B3FBF2F3644AA2FBC0
:109BA0000312D20802EB8201A3EB4103092B08BF89
:109BB00001326A626B6833F002032B6D40F09680CD
:109BC000012B14BF4FF400740024FAF70FFD696CE9
:109BD000B0F5005FD5E9003242EA0102A96C42EA21
:109BE0000102E96C42EA0102E96A42EA010269699A
:109BF00042EA010272D3A96918680A43A96A0A43B2
:109C00004C490140196029690A4319680A43696A85
:109C100042EA015248493A4322431A605A68286B83
:109C20001140EA690243686B5960024359680A436C
:109C300042495A609A6811406A6E9960E96D986865
:109C40000A43296E0A43696D01390A43A96D013936
:109C500042EA012202434FF220009A60D968AA6EBC
:109C60000140D960E96ED8680A43696F42EA01424F
:109C7000296F013942EA0122224902438B42DA600C
:109C800019D0294A934216D000230122C5F89430F6
:109C9000184685F8903085F89120F8BD4FF480671C
:109CA0003FE702464FF400673BE762464FF4006728
:109CB00037E7234EF1E6736C23F00103736495F8E4
:109CC0003830012BE0D1D5E90F23013A43EA0213E2
:109CD0007364736C43F001037364D5E7A969186872
:109CE0000A43184901401960A96A8DE7012B08BF92
:109CF0004FF4007469E7132012274FF0110C102263
:109D0000F6E600BF045801400054005800580140D6
:109D10004C0000241BECCB95005C01402458014012
:109D2000045C01400460014004540058245400586D
:109D3000CDCCCCCC10C005F0F01FFFFF0080F8FFA9
:109D40000060014010C005F82A6A696D01FB02F24B
:109D5000B3FBF2F322E74FF40070FFF795FD29689B
:109D6000FFE64FF40070FFF78FFD2968F1E64FF42E
:109D70008070FFF789FD2968E3E64FF48060FFF704
:109D800083FD2968F1E64FF40060FFF77DFDF0E602
:109D90000027C6E6022938B5044635D9C81E012871
:109DA00030D8002023676064E064E065A0664FF669
:109DB000FF706067606830F002000CBF012500256D
:109DC00004294FF4003125650CBF01200D202166C8
:109DD0004FF48021A0656166032A13D8DFE802F002
:109DE000474E54362368484A934205D002F1C05288
:109DF000A2F58232934205D16368012B02D1636CD4
:109E0000002B2FD0012038BD002023676064E06460
:109E1000A066606830F0020014BF012000202065B9
:109E20004FF48030E0654FF6FF70606713F001007B
:109E3000E8D14D1E012D29D860664FF40030206610
:109E4000032ADFD8DFE802F05546362CE0215B011B
:109E50008022A1646365E266FAF7C8FB94F83830A3
:109E6000012BBFD02046BDE83840FFF7EFBD802171
:109E70001B014022A1646365E266EDE780225B017D
:109E8000A2646365E266E7E7C021E0E720664FF47D
:109E900080206066032AB5D8DFE802F02B1C0C0294
:109EA0005B08E02080219A01A0645B01E166C4E9BF
:109EB0001523D1E75B08C022802502294FEA8310D1
:109EC000A2644FEA4313E5666065A365C4D1082325
:109ED000A366C1E75B08802202294FEA8310A264CF
:109EE0004FEA4313E266C4E91503B5D11023A36614
:109EF000B2E75B08802040215A01A0641B01E166A3
:109F0000C4E91523A8E700BF045801402DE9F84330
:109F10000F4604461546FAF751FB002F61D0B5FAFB
:109F200085F84FEA5818002D5BD094F89130012B3A
:109F30005FFA83F950D194F89030012B4CD043460E
:109F4000C4F894800646D4F8800065F30F032268B5
:109F500084F89090394665F31F43A7671C32E36786
:109F60002B46122584F891502E4DC0F85080056480
:109F70002D4DC5632D4DC564FAF7C0FE00283ED1B6
:109F8000636C082B636831D005216122023B012BF1
:109F900098BF1146226813690B431361136843F499
:109FA0000033136006E0FAF709FB831BB3F57A7FF1
:109FB0002AD82268556915F4E025F4D01368DB032C
:109FC00003D4136843F4803313600023994684F864
:109FD00090304846BDE8F8834FF002094846BDE896
:109FE000F8834FF001094846BDE8F88323F00202E8
:109FF000012A0BBF1521052171226122C6E74846BF
:10A0000084F89080BDE8F883D4F894304FF00309C9
:10A0100084F8905043F040034846C4F89430BDE8BB
:10A02000F88300BF6DA1000805A10008EDA100089C
:10A03000F8B500294ED0B2FA82F513466D09002A10
:10A0400048D090F891200446012AD6B23FD190F82A
:10A050009020012A3BD081670A462946222780F8B2
:10A06000906063F30F01C0F8945063F31F41C16720
:10A07000D0F8840084F891701E4F216807641E4F49
:10A080001C310565C7631D4FC764FAF737FE20BB57
:10A0900023681A68D20303D41A6842F480321A6023
:10A0A000626C082A62681CD005216120023A012AEC
:10A0B00098BF01461A6900200A4306461A611A68C9
:10A0C00042F400321A6084F890003046F8BD02264F
:10A0D0003046F8BD01263046F8BD304684F8905031
:10A0E000F8BD22F0020101290BBF152105217120C5
:10A0F0006120DBE7DDA1000879A10008EDA10008DF
:10A10000704700BF08B5C369806BB3F5807F1BD073
:10A1100003684FF0000C416C1A680829A0F87EC053
:10A1200022F400321A60426811D06FF0610C6FF0B7
:10A130000501023A012A98BF61461A694FF0010CE5
:10A140000A401A6180F891C0FFF7DAFF08BD22F0DB
:10A15000020101290BBF6FF0710C6FF0610C6FF001
:10A1600015016FF00501E4E7704700BF806B08B58B
:10A17000FFF7FAFF08BD00BF08B5C369806BB3F5F0
:10A18000807F1BD003684FF0000C416C1A680829CF
:10A1900022F400321A604268A0F87EC011D06FF03D
:10A1A000610C6FF00501023A012A98BF61461A69F5
:10A1B0004FF0010C0A401A6180F891C0F9F738FAA3
:10A1C00008BD22F0020101290BBF6FF0710C6FF086
:10A1D000610C6FF015016FF00501E4E7806B08B5C5
:10A1E000F9F7EAF908BD00BF704700BF10B5846BEE
:10A1F000FBF78EFA022823D0D4F89420216842F08D
:10A200008002134B1348C4F894201B680A68A0FB13
:10A21000030322F400321B0B0A600A689B0022F43D
:10A2200080320A606BB10A68013BD203FAD4012282
:10A230000023204684F89120A4F87E30FFF7D4FF55
:10A2400010BDD4F8943043F04003C4F89430EEE7E6
:10A250004C0000241BECCB9518B338B590F82C308B
:10A2600004460D4603F0FF02B3B12146022384F8F1
:10A270002C3051F8040B00F051F862682946206830
:10A2800000F08AF8084A01210020136843F00043D7
:10A29000136084F82C1038BD80F82D20F7F708F8EB
:10A2A000E3E70120704700BF0040005270B590F80E
:10A2B0002C300446022BD8B204D000F0FB06012E4D
:10A2C00001D0012070BD02230D46206884F82C3097
:10A2D00000F0AEF82B68022B03D0002084F82C602D
:10A2E00070BD0523002084F82C3070BD38B590F87F
:10A2F0002C300446022BD8B205D094F82C30012B18
:10A30000DDB201D0012038BD0223206884F82C3052
:10A3100000F0A2F8002084F82C5038BD0B6810B46F
:10A32000D3B90468A3F500434A6823401343D1E935
:10A33000024223431343D1E9044223431343D1E9A7
:10A34000064223431343D1E9084223435DF8044BFB
:10A3500013430360002070470268D1E9074322F4E9
:10A36000F84222434C6A1A430A4B22430260426875
:10A370001340D1E9014223431343D1E9034223436C
:10A380001343D1E9054223435DF8044B1343436073
:10A39000002070470080FFFF30B40ABB8368D1E91A
:10A3A000002403F07043013C013A43EA04131343D1
:10A3B000D1E90224013A013C43EA022343EA043290
:10A3C000D1E904348969013B013C013942EA034384
:10A3D00043EA045343EA016330BC836000207047C2
:10A3E0008268CC68114B013C13404A6943EA04334C
:10A3F000541E43EA0454D1E900258460C3686C1EEE
:10A40000013A03F0704343EA04130C691A438B6862
:10A41000013C8969013B013942EA032343EA0443D1
:10A4200043EA016330BCC36000207047FF0F0FFF99
:10A430000246D1E9003010B403431469D1E9021097
:10A4400023435DF8044B013943EA4023002043EAEB
:10A4500041131361704700BF0246054B002010B442
:10A46000546923405DF8044B43EA41015161704750
:10A4700001C0FFFF84B0844600B583B00DF1140E17
:10A480008EE80E000A9B012B32D1826BA3F142139E
:10A49000119922F4803201298263C26803EA02031F
:10A4A000C360C36823F44013C3606DD00023394AEE
:10A4B000009303E0DCF81030002B34DB009B013309
:10A4C00093420093F6D90320089B012B0BD1DCF8B3
:10A4D000083043F00803CCF80830DCF8083043F0CB
:10A4E0002003CCF8083003B05DF804EB04B07047EB
:10A4F000C3680021274A43F04003C360019103E091
:10A50000DCF81030002B2ADB019B013393420193CE
:10A51000F6D903200E9BDBB9DCF8383043F48033E6
:10A52000CCF83830D0E700231A4A0093DCF810301A
:10A5300043F00103CCF8103004E0DCF8100010F018
:10A540000100C1D0009B013393420093F5D9BAE7D3
:10A55000DCF8383023F48033CCF83830B4E700230B
:10A560000C4A0193DCF8103043F00103CCF81030B2
:10A5700004E0DCF8100010F00100CBD0019B0133A7
:10A5800093420193F5D9C4E7C36843F48013C360D1
:10A590008CE700BF400D0300022A82B0844613D02E
:10A5A00009230193DCF80C30002023F47053CCF81D
:10A5B0000C30019BDCF80C209B0203F47053134316
:10A5C000CCF80C3002B07047224B234A0B44934224
:10A5D00007D9224B224A0B44934205D80E230193FC
:10A5E000E0E70F230193DDE71E4B1F4A0B44934224
:10A5F00007D91E4B1E4A0B44934205D20C230193EC
:10A60000D0E70D230193CDE71A4B1B4A0B4493422D
:10A6100002D80B230193C5E7184B194A0B44934208
:10A6200002D20A230193BDE7164B174A0B4493420B
:10A63000B6D3164B164A0B44934202D20823019319
:10A64000B0E7144B144A0B44934234BF072306234C
:10A650000193A7E7405327FFFF340C00401E1BFF68
:10A660003F420F0000DC0BFF7F4F1200808CF9FE91
:10A6700020D6130060B6E5FE5FE3160000D3CEFEE1
:10A6800040771B00C05BB3FEC091210000CA91FE61
:10A6900020753800E05459FEE09C4100034600203C
:10A6A0009A6842F001029A60704700BF034600209A
:10A6B0009A6822F001029A60704700BF08B5C3682B
:10A6C000012923F0C043C3600BD041B9C36843F0F4
:10A6D0008043C3603220F9F777FF002008BD0120D6
:10A6E00008BDC36843F00053C360F3E784B02DE9AD
:10A6F000F04782B00BAC0E9D84E80E000023159C41
:10A70000C0F80431C0F80831C0F80C31C0F810317D
:10A71000C0F81431C0F81831C0F81C31C0F820312D
:10A72000C0F82431C0F82831C0F82C31C0F83031DD
:10A73000C0F83431C0F83831C0F83C31836B002C9C
:10A7400040F0AC8023F400138363036843F04003BC
:10A750000360036843F080030360002300F5006C8E
:10A76000C0F8003ED0F80038C0F80038109B012B2C
:10A7700000F0A980D0F8003843F00303C0F8003897
:10A780000023584A00934FF48463036104E0036993
:10A7900013F0200300F08680009B01339342009366
:10A7A000F5D9012200234F4E01931023036102E0EB
:10A7B0000369DB0605D5019B0133B3420193F7D949
:10A7C00001220026CCF81060CCF81460CCF81C6094
:10A7D000E9B100F510634FF090494FF0006AB646BA
:10A7E0004FF67F3809E0C3F800E00136C3F810E007
:10A7F000C3F8088020338E4231D01F68002FF2DA70
:10A8000016B1C3F80090F0E7C3F800A0EDE7DCF85C
:10A810001030012D23F48073CCF8103044D0002385
:10A8200083616FF0804343611DB9836943F0100376
:10A83000836181692C4B0B431199836119B1836941
:10A8400043F008038361012C03D18169274B0B433B
:10A850008361104602B0BDE8F04704B0704700269F
:10A8600000F530634FF090494FF0006AB6464FF65E
:10A870007F3809E0C3F800E00136C3F810E0C3F800
:10A88000088020338E42C2D01F68002FF2DA16B142
:10A89000C3F80090F0E7C3F800A0EDE743F400131D
:10A8A00083635AE71A467DE7114BCCF83030114BE1
:10A8B000DCF830100B430021CCF830306FF08043CF
:10A8C00081614361B5E70D9B23B9D0F80038C0F82A
:10A8D000003855E7D0F8003843F00103C0F80038DD
:10A8E0004EE700BF400D030000383C8004000040EC
:10A8F0000001800003000100890182B000230A4AA0
:10A9000041F020010193016103E0036913F020038A
:10A9100007D0019B013393420193F6D9032002B083
:10A920007047184602B07047400D0300D0F8083851
:10A9300082B003F006030193019838B10198022810
:10A9400004D0019B062B0CBF02200F2002B07047E1
:10A9500030B44B780A78012B20D002F00F0C4FF462
:10A960008033D0F81C4800EB421203FA0CF3234367
:10A97000C0F81C38D2F8003B1B040CD48B68D2F80A
:10A98000004BC3F30A03C8781449234343EA8043C6
:10A990001943C2F8001B002030BC704700F500646A
:10A9A00002F00F0500EB4210AB40E5692B43E36179
:10A9B000D0F800391C04EED48B68D0F80059C3F3EA
:10A9C0000A03CC7805492B4343EA844343EA825285
:10A9D000114330BCC0F800190020704700800010FF
:10A9E00010B44A780B78012A1CD003F00F014FF401
:10A9F0008032D0F83C4800EB43138A40174924EAE0
:10AA00000204C0F83C48D0F81C4824EA02025DF871
:10AA1000044BC0F81C280020D3F8002B1140C3F8C9
:10AA2000001B704703F00F01D0F83C4800EB4313C4
:10AA30008A400B4924EA0204C0F83C48D0F81C487C
:10AA400024EA02025DF8044BC0F81C280020D3F869
:10AA500000291140C3F80019704700BF0078F3EFD8
:10AA6000007833EC2DE9F0414B7891F800C0012BD0
:10AA700051D000EB4C1C844CDCF8105B0CF53063BF
:10AA80002C401C61814C1D692C401C614C6984B3B5
:10AA90008D68012A7E4E2C4404F1FF34B4FBF5F49A
:10AAA00006EAC44EA4B205FB04F41D694EEA05058E
:10AAB000C4F312041D611D6944EA05041C6125D01C
:10AAC000CB78012B0CD1D0F8083813F4807FDCF858
:10AAD000003B0CBF43F0005343F08053CCF8003BE5
:10AAE000DCF8003B43F00443CCF8003B0020BDE819
:10AAF000F0818C68012A1D69C4F3120444EA05043C
:10AB00001C611C6944F400241C61D9D1CA68002A64
:10AB1000D6D05A61D4E74D69002D3DD000EB4C14DE
:10AB2000594ED1F808E0D4F81089584F08EA0606C3
:10AB3000C4F8106905EB0E06013EB6FBFEFED4F824
:10AB400010693740524EC4F8107906EACE46D4F860
:10AB500010793E43C4F81069C5F31206D4F8107991
:10AB60003E43C4F8106904F5106691F803E0BEF1A5
:10AB7000010F57D0012A72D0D4F800290CF00F0C25
:10AB800042F0044203FA0CF3C4F80029D0F8342848
:10AB90001343C0F83438A9E700EB4C133B4E3A4C52
:10ABA000012AD3F8107906EA0706C3F81069D3F82A
:10ABB000106946F40026C3F81069D3F8106904EA56
:10ABC000060403F51066C3F8104991F803E03AD083
:10ABD000D3F80049BEF1010F44F00444C3F8004922
:10ABE00084D1D0F8083813F4807F33680CBF43F069
:10ABF000005343F080533360002A7FF477AFADB247
:10AC00000335AD083FF472AFCB6800EB0C3C03EBAF
:10AC100085010CF5805C53F8042B8B42CCF80020A6
:10AC2000F9D163E73369012A23F0C0433361336903
:10AC300043F00053336117D0D4F8003943F0044394
:10AC4000C4F80039CDE70B6963B9BEF1010F0ED02E
:10AC50003368002043F004433360BDE8F0810B69A2
:10AC6000002BF5D07361F0E70B69002BFAD1D0F817
:10AC7000083813F4807F33680CBF43F0005343F06F
:10AC800080533360E4E700BF0000F8FFFFFF07E0F8
:10AC90000000F81FF0B54C780B78012C26D000EBA3
:10ACA0004310574CD0F8105B00F530632C401C610A
:10ACB000544C1D692C401C614C69A4B98C681D69F9
:10ACC000C4F31204012A45F400251D611D6944EAFC
:10ACD00005041C6149D0D0F8003B43F00443C0F8A0
:10ACE000003B0020F0BD8C684C61E8E74C69002C0B
:10ACF00040D000EB4315424FD1F808E0D5F810C919
:10AD0000404E74450CEA070705F5106CC5F810793C
:10AD1000D5F8107906EA0706C5F8106958D9DCF8A5
:10AD20001040012AC1F814E044F40024CCF810408B
:10AD3000CEF31204DCF8106044EA0604CCF81040AC
:10AD40003AD0D5F8002942F00442C5F80029BEF1F6
:10AD5000000FC6D003F00F010123D0F834288B4038
:10AD60001343C0F834380020F0BDCA68002AB2D0BE
:10AD70005A61B0E700EB4310224B012AD0F810498A
:10AD800000F5106C03EA0403CCF81030DCF8103046
:10AD900043F40023CCF81030194BDCF8104003EAE0
:10ADA0000403CCF8103007D0D0F8003943F0044346
:10ADB000C0F800390020F0BD0B690BB1CCF814309D
:10ADC000DCF80030002043F00443CCF80030F0BD44
:10ADD000DCF81060C4F31204012A46F40026CCF813
:10ADE0001060DCF8106044EA0604CCF81040E3D0B0
:10ADF000D5F8002942F00442C5F80029AAE700BFAF
:10AE00000000F8FFFFFF07E010B49DF8044064B9AC
:10AE100003339B0809D0013201EB830300EB0230BE
:10AE200051F8042B8B420260FAD100205DF8044BEC
:10AE3000704700BF033292080AD000F5805C01EB36
:10AE40008200DCF8003041F8043B8842F9D17047B9
:10AE5000084670474A780B78012A00EB43100CD063
:10AE6000D0F8002B0BB1002A14DAD0F8003B43F4E1
:10AE70000013C0F8003B00207047D0F80029002ADA
:10AE800000DB73B9D0F8003943F40013C0F800397F
:10AE900000207047D0F8003B23F08043C0F8003B0F
:10AEA000E3E7D0F8003923F08043C0F80039D0F848
:10AEB000003943F40013C0F80039E9E74A780B7809
:10AEC000012A00EB431013D0D0F8003B23F4001309
:10AED000C0F8003BCB78023B012B01D90020704722
:10AEE000D0F8003B43F08053C0F8003B002070478F
:10AEF000D0F8003923F40013C0F80039CB78023BB6
:10AF0000012BEBD8D0F8003943F08053C0F800395A
:10AF100000207047034609010020D3F8002801F4FF
:10AF2000FE6122F4FE62C3F80028D3F80028114322
:10AF3000C3F80018704700BF08B503460320D3F8D4
:10AF4000042822F00202C3F80428F9F73DFB002090
:10AF500008BD00BF08B503460320D3F8042842F01B
:10AF60000202C3F80428F9F72FFB002008BD00BF38
:10AF700082B0436901938269019B13400193019858
:10AF800002B0704782B0D0F818380193D0F81C286E
:10AF9000019B134001930198000C02B0704700BF61
:10AFA00082B0D0F818380193D0F81C28019B1340C8
:10AFB0000193019880B202B0704700BF00EB4111CD
:10AFC00082B0D1F8083B0193D0F81428019B1340BC
:10AFD0000193019802B0704784B0D0F8103801F0A6
:10AFE0000F0C00EB41110293D0F834380393039B0C
:10AFF000029A23FA0CF3DB01DBB213430293D1F87C
:10B000000839029A13400193019804B0704700BFB9
:10B01000406900F001007047D0F8001900F50063A6
:10B020000A4A0A40C0F800299A6802F00602042A77
:10B0300005D1D0F8002942F00302C0F800295A686F
:10B04000002042F480725A60704700BF00F8FFFF92
:10B05000144B10B4046C9C421AD800F530600023E5
:10B0600001290361036943F400230361036943F089
:10B0700018030361036943F0C043036104D14261D3
:10B08000036843F08023036000205DF8044B7047A1
:10B09000D0F8003B00F53060002BE0DA00205DF8CE
:10B0A000044B70470A30544FD0F8002401F00303DA
:10B0B000012900F5806C22F00302C0F80024D0F8CA
:10B0C000002443EA0203C0F8003409D0022901D069
:10B0D0000020704741F270730020CCF804307047B4
:10B0E0004BF680330020CCF804307047D0F81404BD
:10B0F00080B2704700EB4111002382B001F5A062DD
:10B100000193D1F8003513F4802FD1F8003543F0C6
:10B110008043C1F8003522D1C36A13F47F0FD1F800
:10B12000003523D123F00043C1F80035D1F80035B4
:10B1300043F00043C1F80035D1F8003523F4004353
:10B14000C1F8003502E01368002B13DA019B0133CC
:10B15000B3F57A7F0193F6D9002002B07047D0F89A
:10B16000103413F47F0FD1F8003506D043F00043BC
:10B17000C1F80035002002B0704723F00043C1F849
:10B180000035D1F8003543F00043C1F80035D1F85F
:10B19000003523F40043C1F8003502E01368002BAA
:10B1A000E8DA019B0133B3F57A7F0193F6D90020E9
:10B1B00002B0704730B4002484B04FF48465AA4ACA
:10B1C00000940146836823F00103836003940561C2
:10B1D00002E00B69980604D5039B01339342039365
:10B1E000F7D900201023A04A02900B6102E00B69FE
:10B1F000DB0604D5029B013393420293F7D9D1F8C1
:10B20000003501F5A06201F5E0600193019B43F078
:10B2100080430193019B23F000430193019B23F49E
:10B2200000430193019BC1F80035D1F8203501930B
:10B23000019B43F080430193019B23F00043019362
:10B24000019B23F400430193019BC1F82035D1F801
:10B2500040350193019B43F080430193019B23F010
:10B2600000430193019B23F400430193019BC1F828
:10B270004035D1F860350193019B43F08043019341
:10B28000019B23F000430193019B23F400430193AE
:10B29000019BC1F86035D1F880350193019B43F0E3
:10B2A00080430193019B23F000430193019B23F40E
:10B2B00000430193019BC1F88035D1F8A03501937B
:10B2C000019B43F080430193019B23F000430193D2
:10B2D000019B23F400430193019BC1F8A035D1F8F1
:10B2E000C0350193019B43F080430193019B23F000
:10B2F00000430193019B23F400430193019BC1F898
:10B30000C035D1F8E0350193019B43F080430193B0
:10B31000019B23F000430193019B23F4004301931D
:10B32000019BC1F8E035D1F800360193019B43F051
:10B3300080430193019B23F000430193019B23F47D
:10B3400000430193019BC1F80036D1F820360193E8
:10B35000019B43F080430193019B23F00043019341
:10B36000019B23F400430193019BC1F82036D1F8DF
:10B3700040360193019B43F080430193019B23F0EE
:10B3800000430193019B23F400430193019BC1F807
:10B390004036D1F860360193019B43F0804301931E
:10B3A000019B23F000430193019B23F4004301938D
:10B3B000019BC1F86036D1F880360193019B43F0C0
:10B3C00080430193019B23F000430193019B23F4ED
:10B3D00000430193019BC1F88036D1F8A036019358
:10B3E000019B43F080430193019B23F000430193B1
:10B3F000019B23F400430193019BC1F8A036D1F8CF
:10B40000C0360193019B43F080430193019B23F0DD
:10B4100000430193019B23F400430193019BC1F876
:10B42000C036D1F8E0360193019B43F0804301938D
:10B43000019B23F000430193019B23F400430193FC
:10B44000019BC1F8E03613680193019B43F08043F0
:10B450000193019B43F000430193019B23F40043BC
:10B460000193019B136004E0400D03001368002B5F
:10B4700005DA009B0133B3F57A7F0093F6D92032C9
:10B480008242E0D14FF0FF330020C1F814344B6109
:10B490008B6843F001038B6004B030BC704700BF81
:10B4A00008B580B1D0F88C3213B10023C0F88C32CB
:10B4B00009B1C0F888120123027080F87432F8F7DD
:10B4C0003FFE002008BD054806F084FC044806F055
:10B4D00081FC0A2006F096FC022008BD502D0108D0
:10B4E000582D010808B521B103460020C3F88C127D
:10B4F00008BD054806F06EFC044806F06BFC0A2007
:10B5000006F080FC022008BD502D0108702D0108B6
:10B5100008B5F8F787FE002008BD00BF08B5D0F8D1
:10B520008C321BB11B68984700B908BD022008BDCA
:10B5300008B5D0F88C325B689847002008BD00BF82
:10B5400038B500F520750446284600F07DFB012241
:10B55000B4F8863294F88012C4E99B2301F01F03EB
:10B56000934209D0022B13D063B101F08001204631
:10B57000F8F786FE002038BD2946204600F092FAF2
:10B58000002038BD2946204600F00AF9002038BDC9
:10B590002946204600F0BAFA002038BD38B50546E5
:10B5A00069B91346D0F86C22032A15D0052A0C4637
:10B5B0000ED1C5F86C12F8F763FE204638BDD0F8FE
:10B5C0008C329B6933B190F87422032A02D19847D8
:10B5D000002038BD022038BDD0E9531291420CD969
:10B5E000891A8A42C0F84C1188BF8AB2194698BF9E
:10B5F00092B200F099FB002038BDD0F88C321B6964
:10B600001BB190F87422032A04D0284600F096FB60
:10B61000002038BD9847F8E770B5044661B9D0F806
:10B620006C32022B15D033F0040337D094F8783203
:10B63000012B2ED0002070BDD0F88C325B6933B165
:10B6400090F87422032A02D19847002070BD02208E
:10B6500070BDD0E908630D469E4223D8C669B6FB8B
:10B66000F3F203FB12620AB9B34228D9D4F88C3240
:10B67000DB681BB194F87422032A30D08021204665
:10B68000F8F7FEFD204600F065FB94F87832012BB8
:10B69000D0D10023184684F8783270BD8021F8F7A5
:10B6A000EFFDC3E7F31A114603629AB200F024FBE0
:10B6B0002B462A4629462046F8F72EFEB6E7D0F854
:10B6C00070329E42D2D20A4600F016FB2B462A4622
:10B6D00029462046C4F87052F8F71EFEA6E7204619
:10B6E0009847CBE770B50022402604460125114655
:10B6F0003346F8F7A5FD3346802100222046C4F8E2
:10B700004451C4F85061F8F79BFD0021D4F8903201
:10B71000A561666284F87452C4F86C126160C4F862
:10B720007C1223B1D4F88C3220465B689847002005
:10B7300070BD00BF03460020197470470346042102
:10B74000002093F8742283F8741283F875227047EE
:10B750000346002093F8752283F87422704700BFD7
:10B7600090F87422032A01D00020704708B5D0F861
:10B770008C32DB6903B19847002008BD0020704778
:10B780000020704700207047D0F88C22012108B5B6
:10B7900080F87412017953689847002008BD00BFF3
:10B7A00030B50B7883B00D46044603F06003202BC0
:10B7B0000DD0402B0BD09BB180212046F8F760FDC7
:10B7C00000212046F8F75CFD002003B030BDD4F81E
:10B7D0008C32294620469B689847002003B030BD34
:10B7E0004B78092BE8D801A252F823F047B800089B
:10B7F00073B80008B9B7000891B80008B9B70008D5
:10B8000099B80008D1B80008B9B7000801B9000814
:10B8100015B800088978A24D01292970CCD890F874
:10B820007432022B00F01281032B00F00081802182
:10B83000F8F726FD00212046F8F722FD297820465A
:10B84000FFF776FEC0E790F87432013B022BB3D8C5
:10B85000CB88022BB0D10122D0F87C32C2600BB170
:10B860000323C360022204F10C01204600F036FAE3
:10B87000AAE790F87432013B022B9DD84B88012B2C
:10B88000A2D100232046C4F87C3200F057FA9BE78F
:10B890004B88012B98D1F5E78B88002B8CD1CB8876
:10B8A000002B89D14D887F2D86D890F87432032BD8
:10B8B00082D0E9B280F87612F8F712FD204600F047
:10B8C0003DFA002D00F0E080022384F874327BE71B
:10B8D0004A88130A013B062B3FF66EAF01A151F8CF
:10B8E00023F000BF95B900087DB900086BB90008C6
:10B8F000B9B70008B9B7000855B9000827B900085A
:10B90000CA88012A7FF458AF90F87432022B00F2F3
:10B910008780002B3FF450AF0146002341F8083FD9
:10B9200000F0DCF950E7037C002B7FF445AFD0F842
:10B930008C320DF106001B6B984707234370BDF84E
:10B940000620002A67D0EB88002B5BD1204600F050
:10B95000F5F939E7037C002B7FF42EAFD0F88C3259
:10B960000DF106005B6B9847E9E7D1B2052900F2BB
:10B970008F80DFE801F0271F17372F3F037C002B54
:10B9800072D1D0F88C320DF106009B6A98470223E1
:10B990004370D4E7D0F888320DF10601007C1B68B3
:10B9A0009847CCE7D0F888320DF10601007CDB68BF
:10B9B0009847C4E7D0F888320DF10601007C9B68F7
:10B9C0009847BCE7D0F888320DF10601007C5B682F
:10B9D0009847B4E7D0F888320DF10601007C5B6926
:10B9E0009847ACE7D0F888320DF10601007C1B695E
:10B9F0009847A4E7D0F888320DF10601007C9B69D6
:10BA000098479CE79A420146204628BF1A46ADF85F
:10BA1000062000F063F9EB88002B7FF4D5AE95E7A4
:10BA2000032B7FF4C9AE011D00F058F9CCE621B319
:10BA3000416801298AD0C9B2FFF77AFD29782046EA
:10BA40006160FFF76BFD022880D1B5E600293FF465
:10BA50007DAF01210323416080F87432FFF75EFD62
:10BA600002287FF473AFA7E6D0F88C320DF1060000
:10BA7000DB6A98470223437061E70223416080F844
:10BA80007432FFF755FD61E7012384F874329BE6B9
:10BA9000D0F88C320DF106029B6B98474FE700BF40
:10BAA00000B4002438B50B780D46044603F060025C
:10BAB000402A0AD05B0608D58021F8F7E1FB002177
:10BAC0002046F8F7DDFB002038BD94F87432013BC6
:10BAD000022B11D82B79012B0ED8D4F88C322946A1
:10BAE00020469B689847EB88002BECD10028EAD1D0
:10BAF000204600F023F9E6E780212046F8F7C0FB56
:10BB000000212046F8F7BCFB002038BD38B50B7883
:10BB1000044603F06003202B0CD0402B0AD083B1E5
:10BB200080212046F8F7ACFB00212046F8F7A8FB5F
:10BB3000002038BDD4F88C3220469B6898470020FE
:10BB400038BD4B788A88012B5FFA82FC37D0032BF3
:10BB500023D0002BE4D190F87432022B4AD0032B6F
:10BB6000DED10CF00F03120603EB830300EB83031B
:10BB700051D4D3F84431002BD2D00CF07F031425DC
:10BB800005FB030505F5A075002B4FD12B600222A4
:10BB90002946204600F0A2F8CAE790F87432022B3A
:10BBA0001DD0032BBCD14B882BB91CF07F0F02D0CA
:10BBB000CB88002B43D0204600F0C0F8B8E790F8BF
:10BBC0007432022B0BD0032BAAD14B88002BAFD1A0
:10BBD0001CF07F0FEFD06146F8F760FBEBE71CF03D
:10BBE0007F0F9DD06146F8F74BFB80212046F8F788
:10BBF00047FB9DE71CF07F0F92D111064FF0000329
:10BC00004FF002024CBF00F1140100F5A0710B606F
:10BC100000F064F88CE79B69002B81D00CF07F0367
:10BC20005D1C05EB850500EB8505ADE7614620460B
:10BC3000F8F742FB08B10123A8E72860A7E76146AF
:10BC4000F8F71EFBB7E700BF0B7803704B78437023
:10BC5000CA788B7803EB022343804A790B7903EB94
:10BC600002238380CA798B7903EB0223C380704758
:10BC700010B504468021F8F703FB00212046BDE8FB
:10BC80001040F8F7FDBA00BF18B3037830B40BB317
:10BC90000446C0F1010C04EB0C0314F8015FDBB2A5
:10BCA000002DF8D101335B00DCB2138003230C704C
:10BCB0004B7004785CB1022300255A1CCC5402332B
:10BCC000D2B2DBB28D5410F8014F002CF5D130BC4C
:10BCD0007047704702242346E7E700BF10B51346BC
:10BCE00002240A460021C0F86C42C0E90733F8F785
:10BCF00005FB002010BD00BF8C46002108B513468F
:10BD00006246F8F7FBFA002008BD00BF10B51346E5
:10BD100003240A460021C0F86C42C0E95233F8F708
:10BD2000FBFA002010BD00BF8C46002108B5134669
:10BD30006246F8F7F1FA002008BD00BF08B50421FB
:10BD40000023C0F86C121A461946F8F7D7FA0020FB
:10BD500008BD00BF08B505210023C0F86C121A46C3
:10BD60001946F8F7D9FA002008BD00BFD0F8C4235F
:10BD70000132C0F8C42302780B2A00D07047D0F8F3
:10BD80007C33002BFAD09B69184700BF012380F851
:10BD900023337047002380F8233370470346002283
:10BDA0000121104683F8201383F8212383F82223EE
:10BDB000704700BF38B501230025044680F82133C1
:10BDC00080F8235380F82053F8F7CEFA21792046E3
:10BDD00000F006F86179204600F002F8284638BDE8
:10BDE0000A2907D800EB8100D0F88433C3F30E038F
:10BDF000C0F8843300207047704700BF012910B598
:10BE000006D0022915D051B1BDE81040FBF764BB44
:10BE10000A4634483449FFF743FBE8B1FEE7334BA9
:10BE20000A46334C334934481C60FFF739FB68B18C
:10BE3000FEE701222C492B48FFF732FB00B1FEE759
:10BE40002E492848FFF74EFBC0B1FEE72B492A4890
:10BE5000FFF748FB60B1FEE728492248FFF742FBA5
:10BE600000B1FEE726491F4805F0B8F908B3FEE720
:10BE70002449214805F0B2F9A8B1FEE72049194844
:10BE800005F0ACF900B1FEE71648FFF741FB0246AA
:10BE900040B9164B164C174917481C60FFF700FBBA
:10BEA00068B1FEE7FEE71448FFF732FB0028ABD08D
:10BEB000FEE70C48FFF72CFB0028A5D0FEE70F4952
:10BEC0000D48FFF70FFB00B1FEE70E490A4805F0E9
:10BED00085F900B1FEE70848FFF71AFB002893D068
:10BEE000FEE700BFA0B60024C80300243CB900242C
:10BEF000F9BD0008AC03002404B400242C04002481
:10BF00008C0300247C03002410B50B4B012A0B4C3E
:10BF100008461960216006D0022A01D03AB110BD4E
:10BF200002F0BEF82068BDE8104002F0BFB8BDE8DE
:10BF3000104002F0B5B800BF3CB9002440B900245D
:10BF40000148FAF7A7BD00BF28A900240148FAF765
:10BF5000A1BD00BF28A900240148FAF79BBD00BF7E
:10BF600028A900240C4A82B00C4BD2F8DC1041F016
:10BF70004001C2F8DC10D2F8DC2002F0400201924D
:10BF8000019A1A6822F020021A601A6842F004022C
:10BF90001A6002B0704700BF0044025800180248FF
:10BFA00070B5002304464FF4806204214FF44035FD
:10BFB0003448C4F83821C4F8D410C4F83431C4F873
:10BFC0004C113149C4F8B000C4F82811C4E92F322B
:10BFD000C4E93133C4E93335C4E93733C4E94F33F5
:10BFE000C4E95135C4E95533A2680323C4F8D830F5
:10BFF000C4F85031042A0AD8DFE802F01F262D3495
:10C00000030055225623C4F8B420C4F82C31002272
:10C01000402304F1B005C4F8B8202846C4F83031F4
:10C02000F8F7AEFC08B1FFBEFEE704F594763046A3
:10C03000F8F7A6FCE8B1FFBEFEE725222623C4F8E8
:10C04000B420C4F82C31E2E727222823C4F8B42016
:10C05000C4F82C31DBE73D223E23C4F8B420C4F8F9
:10C060002C31D4E753225423C4F8B420C4F82C3123
:10C07000CDE704F12803C4E92865C4F8E830C4F822
:10C08000603170BD40040240580402402DE9F04F79
:10C09000814683B00E4617461D4600F1280420460F
:10C0A00002F060FF01288246F9D14846FFF778FF89
:10C0B0008046002835D1EFF31083019372B6DFF884
:10C0C00088B00C9B99F90820DFF880A0DFF88090F9
:10C0D000CBF800300D9B89F80020CAF800300DB174
:10C0E0001846A847BAB23146204602F0B1FA30B934
:10C0F000019B03B962B6404603B0BDE8F08F002350
:10C10000CBF80030CAF80030FF2389F800300C9BD0
:10C110008BB101210D9888469847019B002BEAD1ED
:10C12000E8E70C9B53B1D0460D98514698474046DE
:10C1300003B0BDE8F08F4FF00108D9E7D046404684
:10C1400003B0BDE8F08F00BF68C3002470C30024B3
:10C150006CC300242DE9F04F814683B00E4617468C
:10C160001D4600F12804204602F0FCFE012882460C
:10C17000F9D14846FFF714FF8046002835D1EFF388
:10C180001083019372B6DFF888B00C9B99F90820F0
:10C19000DFF880A0DFF88090CBF800300D9B89F8A5
:10C1A0000020CAF800300DB11846A847BAB231468F
:10C1B000204602F011FC30B9019B03B962B640463B
:10C1C00003B0BDE8F08F0023CBF80030CAF8003090
:10C1D000FF2389F800300C9B8BB101210D98884614
:10C1E0009847019B002BEAD1E8E70C9B53B1D0465E
:10C1F0000D9851469847404603B0BDE8F08F4FF088
:10C200000108D9E7D046404603B0BDE8F08F00BF33
:10C2100068C3002470C300246CC300242DE9F04FD0
:10C22000814683B00F461646984600F12804204602
:10C2300002F098FE0128FAD182464846FFF7B0FE88
:10C240000546002838D1EFF31083019372B699F9AF
:10C250000830DFF88890DFF888B089F800300D9B4F
:10C26000DFF880A0CBF800300E9BCAF800300C9BA2
:10C270000BB10E9898471FFA88F33A46314620468C
:10C2800002F09EFA30B9019B03B962B6284603B0AA
:10C29000BDE8F08F0023CBF80030CAF80030FF2350
:10C2A00089F800300D9B8BB101210E980D469847FF
:10C2B000019B002BEAD1E8E70D9B4BB155460E9848
:10C2C00051469847284603B0BDE8F08F0125DAE7CC
:10C2D0005546284603B0BDE8F08F00BF6CC300246C
:10C2E00068C3002470C300242DE9F043002387B005
:10C2F0000222044605690493CDE90223D0E9021223
:10C300008E00FAB1022D7AD02178B5FA85F54FF07A
:10C310000108276A0B294FEA551521D1A2780B2A6B
:10C3200002D0B8F1000F38D123790B2B01D0002DAA
:10C330006CD1A37917B10B2B40F09980002007B086
:10C34000BDE8F08335F002032178276A0CBF4FF077
:10C3500001084FF00008023D18BF01250B29DDD070
:10C360007D4B94F801C053F8262010780B2802D09A
:10C37000884200F0AD80D378D01C994202D10B2BBB
:10C3800040F0BD809379901D8B4202D10B2B40F081
:10C39000BC80012007B0BDE8F083711C6E4BE078D3
:10C3A00053F8213019780B2902D08A4200F0B58069
:10C3B000D97803F1030C0B2902D08A4200F0BB802C
:10C3C000997903F1060C0B29E3D08A42E1D1DB799C
:10C3D0008342DED1634604F102099B784846059307
:10C3E000F7F7D0FF80464846F7F7D4FF01A9019040
:10C3F0004046F9F78FF923790B2B98D199E701780B
:10C40000076A0B2940F0868001258DE7B11C524A4E
:10C41000607952F8212011780B2902D08B4200F06C
:10C420008180D178D51C0B2902D08B4200F08D8001
:10C430009179951D8B42ACD10B29AAD0D379834237
:10C44000A7D12A46251D937828460593F7F79AFF2A
:10C45000034628461D46F7F79DFF01A9019028468F
:10C46000F9F758F9A379002F7FF465AF66E7F11C5F
:10C47000394AE07952F8212011780B2901D08B42FA
:10C480005FD0D178D51C0B2901D08B424FD0917948
:10C49000951D8B427FF47DAF0B293FF47AAFD379A2
:10C4A00083427FF476AF2A46A51D937828460593EC
:10C4B000F7F768FF04462846F7F76CFF034601A923
:10C4C00020460193F9F726F9002007B0BDE8F08374
:10C4D000537863457FF44FAF937820460593F7F781
:10C4E00051FF81462046F7F755FF01A901904846C4
:10C4F000F9F710F9A2780B2A7FF413AF14E7137938
:10C5000063457FF43FAF0246E6E7D37963457FF4A6
:10C5100040AFF8E79846012522E7597881427FF439
:10C5200047AF58E7517881427FF47BAF8AE71179B2
:10C530008142ACD1B7E7197981427FF441AF6346BC
:10C5400049E7517881429CD1AEE7117981427FF46D
:10C550006FAF2A4676E700BF8C2D0108654A036855
:10C56000934200F0B980A2F57842934200F0B68081
:10C5700002F58062934200F0B38002F57842934264
:10C5800000F0B08002F5E052934200F0AD805A4ACC
:10C59000934240F0AB8005234FF4D071574A01FB22
:10C5A00003F310B5D418D05C86B0F7F7FBFEA07883
:10C5B000F7F7F8FE2079F7F7F5FEA079F7F7F2FE26
:10C5C000A368052B11D8DFE803F0192F455B710331
:10C5D0004B4BD3F8F42042F02002C3F8F420D3F8F8
:10C5E000F43003F020030593059B2046FFF77CFE03
:10C5F000012801D006B010BDFFBEFEE7404B00226F
:10C600002320D3F8F01041F48051C3F8F010114604
:10C61000D3F8F03003F480530093009BF7F7FEFF4C
:10C620002320F8F739F8E0E7354B00222420D3F82F
:10C63000E81041F48041C3F8E8101146D3F8E8301F
:10C6400003F480430193019BF7F7E8FF2420F8F7F8
:10C6500023F8CAE72A4B00223320D3F8E81041F42C
:10C660000041C3F8E8101146D3F8E83003F4004362
:10C670000293029BF7F7D2FF3320F8F70DF8B4E7E7
:10C680001F4B00225420D3F8F01041F40051C3F89E
:10C69000F0101146D3F8F03003F400530393039BDA
:10C6A000F7F7BCFF5420F7F7F7FF9EE7144B002283
:10C6B0005520D3F8F01041F48011C3F8F010114662
:10C6C000D3F8F03003F480130493049BF7F7A6FF2C
:10C6D0005520F7F7E1FF88E700235DE701235BE7DB
:10C6E000022359E7032357E7042355E700231B7868
:10C6F000FFDE00BF003001400014005848B900249C
:10C70000004402582DE9F043002289B01B4B01215F
:10C710000DF1040C9E461A4B0791E146E046674630
:10C720000EF11C060EF138050EF15404CDE901227C
:10C73000CDE90322CDE90522FF221A70BCE80F00E3
:10C74000AEE80F009CE807008EE80700B9E80F008C
:10C750000FC69CE8070086E80700B8E80F000FC581
:10C760009CE8070085E807000FCF0FC49CE807008E
:10C7700084E8070009B0BDE8F08300BF1C01002475
:10C780006CC30024014802F0C1BA00BF70B9002494
:10C79000014802F0BBBA00BF10BB0024014802F000
:10C7A000B5BA00BFB0BC0024014802F0AFBA00BF68
:10C7B00050BE0024014802F0A9BA00BFF0BF002417
:10C7C00010B5EFF3108472B6084B1A78120602D532
:10C7D00004B962B610BD1B784FF4D07204485BB246
:10C7E00002FB0300B030F8F743FCF1E76CC3002410
:10C7F00048B9002410B5EFF3108472B6094B1A78CB
:10C80000120602D504B962B610BD1B784FF4D0727F
:10C8100005485BB202FB030000F59470F8F728FCB2
:10C82000F0E700BF6CC3002448B900242DE9F041B3
:10C8300084B0EFF3108772B6284AFF21284C1368A2
:10C84000217023B100211160264A1068984723788F
:10C850001B061CD5DFF894800025234E4446216832
:10C8600079B162686AB1A369012B22D0A3B9636967
:10C870003046019323690093E3682289FFF76AFC3D
:10C8800018B301351C3406F5D076042DE7D107B96D
:10C8900062B604B0BDE8F081D4E90430CDE90130DE
:10C8A000E068238900903046FFF7B8FC0028E8D103
:10C8B0000BE0D4E904301146CDE900303046E3689E
:10C8C0002289FFF7E3FB0028DBD1C5EBC50508EBA8
:10C8D000850348F825005860D9E700BF68C30024E5
:10C8E0006CC3002470C3002448B900241C01002438
:10C8F0002DE9F04184B0EFF3108772B6284AFF218A
:10C90000284C1368217023B100211160264A106859
:10C91000984723781B061CD5DFF894800025234E0A
:10C920004446216879B162686AB1A369012B22D0BB
:10C93000A3B963693046019323690093E3682289B0
:10C94000FFF708FC18B301351C3406F5D076042D2A
:10C95000E7D107B962B604B0BDE8F081D4E904308C
:10C96000CDE90130E068238900903046FFF756FC9E
:10C970000028E8D10BE0D4E904301146CDE90030BD
:10C980003046E3682289FFF781FB0028DBD1C5EB45
:10C99000C50508EB850348F825005860D9E700BFB6
:10C9A00068C300246CC3002470C3002448B9002469
:10C9B0001C0100242DE9F04184B0EFF3108772B61A
:10C9C000284AFF21284C1368217023B100211160EF
:10C9D000264A1068984723781B061CD5DFF89480F8
:10C9E0000025234E4446216879B162686AB1A36983
:10C9F000012B22D0A3B963693046019323690093C8
:10CA0000E3682289FFF7A6FB18B301351C3406F54D
:10CA1000D076042DE7D107B962B604B0BDE8F08145
:10CA2000D4E90430CDE90130E06823890090304634
:10CA3000FFF7F4FB0028E8D10BE0D4E904301146FD
:10CA4000CDE900303046E3682289FFF71FFB00285C
:10CA5000DBD1C5EBC50508EB850348F82500586018
:10CA6000D9E700BF68C300246CC3002470C300244E
:10CA700048B900241C0100242DE9F04184B0EFF3F3
:10CA8000108772B601F036FD284A294CFF21136841
:10CA900021702BB1002111600121264A10689847AE
:10CAA00023781B061CD5DFF894800025224E4446CF
:10CAB000216879B162686AB1A369012B22D0A3B958
:10CAC00063693046019323690093E3682289FFF785
:10CAD00041FB18B301351C3406F5D076042DE7D19F
:10CAE00007B962B604B0BDE8F081D4E90430CDE9FD
:10CAF0000130E068238900903046FFF78FFB002863
:10CB0000E8D10BE0D4E904301146CDE900303046DD
:10CB1000E3682289FFF7BAFA0028DBD1C5EBC50527
:10CB200008EB850348F825005860D9E768C300245E
:10CB30006CC3002470C3002448B900241C010024E5
:10CB400030B4544B002108220220534CD961586262
:10CB5000C3F8BC11C3F8C401C3F85C13C3F8640381
:10CB6000C3F8F424C3F8F814C3F8FC14C3F804059C
:10CB7000C3F89426C3F89816C3F89C16C3F8A40605
:10CB8000C3F83428C3F83818C3F83C18C3F844086D
:10CB9000424D4348C3E90521C3E96D21C3E9D521CD
:10CBA0002288A3783F49EA80CA800B723E492B72E3
:10CBB000CA800B722168A0F803204371C2800372FF
:10CBC0003A4C3B48E2802372A0F80320394C437171
:10CBD000C28003723848E2802372A0F80320374CE9
:10CBE0004371C2800372080C2180A070A4F8032056
:10CBF0006371E2802372324C324D2180A070A4F820
:10CC000003206371E28023722F4CEA8021802B7213
:10CC1000A070A4F803206371E28023722B4C218062
:10CC2000A070A4F803206371E2802372284C218055
:10CC3000A070A4F803206371E2802372254C218048
:10CC4000A070A4F803206371E2802372224C21803B
:10CC5000A070A4F803206371E28023721F4C21802E
:10CC60001F49A070A4F803201E486371E28023725C
:10CC7000A1F803201C4C4B71CA800B721B49E28047
:10CC80002372C2800372A1F803204B71CA800B7219
:10CC900030BC704748B90024882D0108A400002446
:10CCA000C8000024980000245C000024B000002488
:10CCB000EC000024D40000247400002438C30024B5
:10CCC00020C30024E00000242CC3002408C3002457
:10CCD0005CC3002444C3002450C3002414C30024B4
:10CCE0001001002404010024F80000248000002426
:10CCF000714A036811698B4200B587B04BD0916EC1
:10CD00008B4200F0B680D2F8C0108B4200F0B380A6
:10CD1000D2F818118B4200F0B080B3F1804F1ED0D2
:10CD2000664A93420DD0664A934200F0A880654A55
:10CD3000934200F0B280644A93421ED007B05DF87F
:10CD400004FB624BD3F8E82042F00202C3F8E8206B
:10CD5000D3F8E83003F002030293029BEEE75B4B4B
:10CD6000D3F8E82042F00102C3F8E820D3F8E83015
:10CD700003F001030193019BE0E7544BD3F8E82053
:10CD800042F01002C3F8E820D3F8E83003F01003B3
:10CD90000593059BD2E700205821B3F1804F01FB9A
:10CDA0000022127B1ED045498B4235D044498B422C
:10CDB00048D044498B42BED1444BD3F8E81041F0EF
:10CDC0000801C3F8E810D3F8E83003F0080304932F
:10CDD000049B002AB2D0322000220F21F7F71EFC5C
:10CDE000322014E0394BD3F8E81041F00101C3F8C8
:10CDF000E810D3F8E83003F001030193019B002A07
:10CE00009CD01C2000220F21F7F708FC1C2007B043
:10CE10005DF804EBF7F740BC2C4BD3F8E81041F079
:10CE20000201C3F8E810D3F8E83003F002030293DC
:10CE3000029B002A82D01D2000220F21F7F7EEFB73
:10CE40001D20E4E7214BD3F8E81041F00401C3F8BA
:10CE5000E810D3F8E83003F004030393039B002A9F
:10CE60003FF46CAF1E2000220F21F7F7D7FB1E20E6
:10CE7000CDE7012090E702208EE703208CE7134BDB
:10CE8000D3F8E82042F00402C3F8E820D3F8E830F1
:10CE900003F004030393039B50E70C4BD3F8E82003
:10CEA00042F00802C3F8E820D3F8E83003F00803A2
:10CEB0000493049B42E700BF74C3002400040040B5
:10CEC00000080040000C00400010004000440258E0
:10CED0000F4B026819698A420BD0996E8A4211D0B1
:10CEE000D3F8C0108A420FD0D3F818118A420DD05F
:10CEF00070470021582202FB01331A6D002AF7D037
:10CF0000586D10470121F5E70221F3E70321F1E70E
:10CF100074C30024014802F0BFB900BF84C30024D9
:10CF2000014802F0B9B900BFDCC30024014802F097
:10CF3000B3B900BF34C40024014802F0ADB900BF4A
:10CF40008CC40024F0B54FF0580C0F682E4D8DB0F6
:10CF50000CFB07FC032F05EB0C06066047DC0B46B9
:10CF60000868344649689A6807C41B7B237004AC80
:10CF70007268264B002A4FF00002726118BF10221F
:10CF8000B2610FCB84E80F000CAB03EB870353F8BF
:10CF9000203CB3F1804F336124D01D4A934221D00D
:10CFA00030890CF1100458230021802203FB075321
:10CFB0002C44C3E907019A62204601F0D7FF0346DB
:10CFC00000B1FEE74FF4805208A92046099301936F
:10CFD0000892CDE90A33CDE9023302F097F803460F
:10CFE00040B1FEE7582303FB07539868D9E70120B7
:10CFF0000DB0F0BD01A920460193039302F004FA9D
:10D000000028F5D0FEE700BF74C30024982C010867
:10D01000000C0040006808B5037B10302BB102F013
:10D020005FF8003818BF012008BD02F03FF8003853
:10D0300018BF012008BD00BF0C4B00224FF0FF318C
:10D040001A739960196683F86420C3F8B81083F8DE
:10D05000BC20C3F8101183F81421C3E90022C3E9EE
:10D060001622C3E92C22C3E94222704774C300246C
:10D070001F4BC1680268F0B5D3F88C5083B00369C8
:10D08000ADB24D1BA2B1AB4212D00446866811D29C
:10D09000F018E91ACDE9001000F04AFF0023DDE99D
:10D0A0000010D4E90062B047E3682561AB421BD0B1
:10D0B00003B0F0BDF018C91ACDE9000100F038FF47
:10D0C0000023DDE90001D4E90072B8473046294663
:10D0D00000F02EFF00233046626829462668B047DC
:10D0E000E3682561AB42E3D10023236103B0F0BDC7
:10D0F000000002402DE9F84F04460F4690461E46B8
:10D1000000F13405284602F0CDFB2028FAD14FF477
:10D1100080630020C4F8D030C4F848314FF4403365
:10D12000C4F8CC00C4F8E030C4F858314E4BC4F811
:10D13000DC00C4F8C03003F57A73C4F8E400C4F826
:10D1400038314023C4F8C800C4F84031E369C4F85A
:10D150004401C4F85401C4F85C01C4E93500C4E9D1
:10D160005300072B0BD8DFE803F061535A373E45D5
:10D170004C045123C4F8C4305223C4F83C3104F5A4
:10D180009C794846F7F7FCFB08B1FFBEFEE7C4F800
:10D19000A890C4F87051EFF3108972B6DFF8D0B0E0
:10D1A00094F91C30DFF8CCA08BF800300A9B2F4C90
:10D1B000CAF800300B9B23600EB11846B0471FFA27
:10D1C00088F23946284602F057F9B0BBB9F1000F92
:10D1D00000D162B6BDE8F88F3F23C4F8C4304023C5
:10D1E000C4F83C31CBE74123C4F8C4304223C4F82F
:10D1F0003C31C4E74723C4F8C4304823C4F83C3169
:10D20000BDE74F23C4F8C4305023C4F83C31B6E71F
:10D210002B23C4F8C4302C23C4F83C31AFE72D23B2
:10D22000C4F8C4302E23C4F83C31A8E72923C4F83D
:10D23000C4302A23C4F83C31A1E7FF238BF8003027
:10D240000023CAF8003023600A9B3BB10B980121F0
:10D2500098470120B9F1000FBCD1BAE70120B9F11C
:10D26000000FB7D1B5E700BF880002400CD40024FE
:10D2700008D4002404D400242DE9F84F04460F46B6
:10D2800090461E4600F13405284602F00BFB20288C
:10D29000FAD14FF480630020C4F8D030C4F848318C
:10D2A0004FF44033C4F8CC00C4F8E030C4F858312F
:10D2B0004E4BC4F8DC00C4F8C03003F57A73C4F8F0
:10D2C000E400C4F838314023C4F8C800C4F8403141
:10D2D000E369C4F84401C4F85401C4F85C01C4E92A
:10D2E0003500C4E95300072B0BD8DFE803F0615386
:10D2F0005A373E454C045123C4F8C4305223C4F875
:10D300003C3104F1C0094846F7F73AFB08B1FFBECB
:10D31000FEE7C4F8AC90C4F8F850EFF3108972B689
:10D32000DFF8D0B094F91C30DFF8CCA08BF80030D7
:10D330000A9B2F4CCAF800300B9B23600EB1184695
:10D34000B0471FFA88F23946284602F0E7F8B0BB2A
:10D35000B9F1000F00D162B6BDE8F88F3F23C4F8E1
:10D36000C4304023C4F83C31CBE74123C4F8C43077
:10D370004223C4F83C31C4E74723C4F8C4304823EF
:10D38000C4F83C31BDE74F23C4F8C4305023C4F87F
:10D390003C31B6E72B23C4F8C4302C23C4F83C310D
:10D3A000AFE72D23C4F8C4302E23C4F83C31A8E7DE
:10D3B0002923C4F8C4302A23C4F83C31A1E7FF2351
:10D3C0008BF800300023CAF8003023600A9B3BB181
:10D3D0000B98012198470120B9F1000FBCD1BAE7A1
:10D3E0000120B9F1000FB7D1B5E700BF88000240B6
:10D3F0000CD4002408D4002404D400242DE9F041E6
:10D400000D4682B0EFF3108772B6002948D1FF2392
:10D41000254A264C237013682BB100202946106042
:10D42000234A1068984723781B0625D5DFF88880A3
:10D430000025204E444605E001351C3406F5D8761B
:10D44000092D19D0A369012B1BD0002BF4D1216821
:10D4500030460029F0D06369019323690093E368A3
:10D460002289FFF709FF0028E6D1C5EBC50508EBC7
:10D47000850348F82500586007B962B602B0BDE8D8
:10D48000F08161680029D7D0636930460193236930
:10D490000093E3682289FFF72DFE0028CCD1E4E752
:10D4A00003F0FCFCB3E700BF04D4002408D400243C
:10D4B0000CD40024D4C400248C010024F0B5002333
:10D4C00087B0022204460493CDE90223027EC36999
:10D4D0000B2A4FEA430523D1A27E0B2A02D100205A
:10D4E00007B0F0BD48496B1C484851F823304578D7
:10D4F00001781878E67E884269D0824277D0D87861
:10D5000003F1030C81426ED0824278D0987903F106
:10D51000060C88426FD0824233D0012007B0F0BDA4
:10D52000394B3A4853F8253001784678187894F802
:10D5300019C081423DD0824241D0D87803F1030E18
:10D54000814240D082424AD0987903F1060E884247
:10D5500041D08242E1D1DB796345DED1734604F1EB
:10D5600018069B7830460593F6F70CFF03463046C5
:10D570001E46F6F70FFF01A901903046F8F7CAF8EA
:10D58000AAE7DB79B342C8D163461A349B782046B8
:10D590000593F6F7F7FE034620461C46F6F7FAFE1B
:10D5A000034601A920460193F8F7B4F8002007B01C
:10D5B000F0BD93F801E0B645BFD08242BDD15878A6
:10D5C0006045BAD1CBE71F79B742BBD1BCE75F78E2
:10D5D000AF4292D193E7D979B142BAD19DE7187998
:10D5E0006045B1D1BAE71F79AF428DD18EE7587847
:10D5F000B04284D1C9E7D979A9428CD18DE7187995
:10D60000B04283D1C0E700BFA4020024A0020024DE
:10D610007E4A03689342F0B58FB000F0E380A2F534
:10D620004C42934200F0E08002F58062934200F0A9
:10D63000DD8002F58062934200F0DA8002F58062BC
:10D64000934200F0D98002F54442934200F0D28028
:10D65000A2F51C42934200F0D18002F58062934211
:10D6600000F0CE806A4A934240F0CC800826694D93
:10D670004FF4D87404FB0654A07EF6F793FE207E88
:10D68000F6F790FEE369082B13D8DFE803F03B4977
:10D69000576573818F9D05005F4BD3F8F42042F0EE
:10D6A0000802C3F8F420D3F8F43003F00803089319
:10D6B000089B2046FFF702FF012801D1FFBEFEE7CD
:10D6C0004FF4D8740EAA554F0DF1240C04FB0654E8
:10D6D000E36902EB43050FCFACE80F003B68002283
:10D6E000ACF80030114635F9140CF6F797FFE369F2
:10D6F0000EAA02EB430333F9140C0FB0BDE8F0405F
:10D70000F6F7CABF444BD3F8F02042F01002C3F83A
:10D71000F020D3F8F03003F010030093009BC8E72B
:10D720003D4BD3F8E82042F40032C3F8E820D3F8A8
:10D73000E83003F400330193019BBAE7364BD3F88A
:10D74000E82042F48022C3F8E820D3F8E83003F45C
:10D7500080230293029BACE72F4BD3F8E82042F4DE
:10D760000022C3F8E820D3F8E83003F40023039341
:10D77000039B9EE7284BD3F8E82042F48012C3F8BD
:10D78000E820D3F8E83003F480130493049B90E777
:10D79000214BD3F8F02042F02002C3F8F020D3F858
:10D7A000F03003F020030593059B82E71A4BD3F872
:10D7B000E82042F08042C3F8E820D3F8E83003F0D4
:10D7C00080430693069B74E7134BD3F8E82042F09E
:10D7D0000042C3F8E820D3F8E83003F00043079391
:10D7E000079B66E7002642E7012640E702263EE760
:10D7F00003263CE705263AE7042638E7062636E7FF
:10D80000072634E700239B7EFFDE00BF00100140A7
:10D81000000C0058D4C4002400440258A82C01086D
:10D820002DE9F04F91B0002301223F490DF1240A68
:10D8300009938B4601F11C09CAF8143001F138082C
:10D84000CDF800A001F15407CDF804A001F1700655
:10D85000CDF808A001F18C05CDF80CA001F1A804C9
:10D86000CDF810A001F1C40ECDF814A001F1E00C28
:10D87000CAE90133CAE903330F92FF222B4BCDE9EA
:10D8800006AA1A70BAE80F00ABE80F009AE8070082
:10D89000009B8BE807009B46BBE80F00A9E80F0040
:10D8A0009AE80700019B89E807009946B9E80F004C
:10D8B000A8E80F009AE80700029B88E8070098464E
:10D8C000B8E80F000FC79AE80700039B87E8070036
:10D8D0001F460FCF0FC69AE80700049B86E8070093
:10D8E0001E460FCE0FC59AE80700059B85E8070086
:10D8F0001D460FCD0FC49AE80700069B84E8070079
:10D900001C460FCCAEE80F00079B9AE807001C46A8
:10D910008EE807000FCCACE80F009AE807008CE80F
:10D92000070011B0BDE8F08F8C01002408D400245A
:10D9300010B5094C04F1340001F0C2FE237D1BB187
:10D94000636BDB69DB0600D410BD2046FFF790FB5C
:10D95000636B10221A6210BDD4C4002410B50B4CA6
:10D9600004F5F27001F0ACFE94F8C43123B1D4F8A0
:10D97000E431DB69DB0600D410BD04F5D870FFF795
:10D9800077FBD4F8E43110221A6210BDD4C400240D
:10D9900010B50B4C04F5657001F092FE94F87433E9
:10D9A00023B1D4F89433DB69DB0600D410BD04F551
:10D9B0005870FFF75DFBD4F8943310221A6210BD43
:10D9C000D4C4002410B50B4C04F2445001F078FE8E
:10D9D00094F8243523B1D4F84435DB69DB0600D450
:10D9E00010BD04F5A260FFF743FBD4F844351022C4
:10D9F0001A6210BDD4C4002410B50B4C04F2F460BC
:10DA000001F05EFE94F8D43623B1D4F8F436DB6925
:10DA1000DB0600D410BD04F5D860FFF729FBD4F86D
:10DA2000F43610221A6210BDD4C4002410B50B4C79
:10DA300004F6A40001F044FE94F8843823B1D4F82D
:10DA4000A438DB69DB0600D410BD04F50760FFF7DE
:10DA50000FFBD4F8A43810221A6210BDD4C40024DD
:10DA600010B50B4C04F6542001F02AFE94F8343A19
:10DA700023B1D4F8543ADB69DB0600D410BD04F5B9
:10DA80002260FFF7F5FAD4F8543A10221A6210BD5A
:10DA9000D4C4002410B50B4C04F6044001F010FE71
:10DAA00094F8E43B23B1D4F8043CDB69DB0600D4F2
:10DAB00010BD04F53D60FFF7DBFAD4F8043C1022FA
:10DAC0001A6210BDD4C4002410B50B4C04F6B45037
:10DAD00001F0F6FD94F8943D23B1D4F8B43DDB6930
:10DAE000DB0600D410BD04F55860FFF7C1FAD4F886
:10DAF000B43D10221A6210BDD4C4002410B5EFF357
:10DB0000108472B6084B1A78120602D504B962B6B0
:10DB100010BD1B784FF4D87204485BB202FB0300BF
:10DB2000C030F7F7A5FAF1E708D40024D4C40024E4
:10DB300010B5EFF3108472B6094B1A78120602D5AD
:10DB400004B962B610BD1B784FF4D87205485BB2B9
:10DB500002FB030000F59C70F7F78AFAF0E700BFBC
:10DB600008D40024D4C400240021FFF747BC00BF20
:10DB7000214A036893422BD0A2F54C42934229D00C
:10DB800002F58062934227D002F58062934225D04D
:10DB900002F58062934223D002F54442934221D0A1
:10DBA000A2F51C4293421FD002F5806293421DD021
:10DBB000124A93421CD108224FF4D871104B01FB3A
:10DBC0000233197D11B11846FFF752BAFFF716BCA0
:10DBD0000022F1E70122EFE70222EDE70322EBE763
:10DBE0000422E9E70522E7E70622E5E70722E3E763
:10DBF00000231B7DFFDE00BF00100140000C005819
:10DC0000D4C40024204A0368934229D0A2F54C4290
:10DC1000934227D002F58062934225D002F58062BC
:10DC2000934223D002F58062934221D002F5444210
:10DC300093421FD0A2F51C4293421DD002F5806290
:10DC400093421BD0114A93421AD1082310484FF433
:10DC5000D87202FB0300037D03B97047FFF708BACF
:10DC60000023F3E70123F1E70223EFE70323EDE7C6
:10DC70000423EBE70523E9E70623E7E70723E5E7C6
:10DC800000231B7DFFDE00BF00100140000C005888
:10DC9000D4C400240121FFF7B1BB00BF534B0122C4
:10DCA000002047F6122130B4C3E97420C3E977217C
:10DCB000C3E9E020C3E9E3211A62DA62586219631A
:10DCC000C3F83025C3F83405C3F83C25C3F8401524
:10DCD000C3F8E026C3F8E406C3F8EC26C3F8F01650
:10DCE000C3F89028C3F89408C3F89C28C3F8A01878
:10DCF000C3F8402AC3F8440AC3F84C2AC3F8501AA0
:10DD0000C3F8F02BC3F8F40BC3F8FC2BC3F8001CCA
:10DD1000C3F8A40D3648C3F8A02DC3F8AC2DC3F842
:10DD2000B01D0288837833490068334CCA804FEABB
:10DD3000104C0B723149E2802372A1F80320A4F841
:10DD4000032063714B712E4CCA800B722D492E4DEE
:10DD5000E2802372A1F80320A4F8032063714B71C1
:10DD60002A4CCA800B722A49EA8008802B7281F8FB
:10DD700002C0E2802372A1F803204B71CA800B72AB
:10DD80002449A1F803204B71CA800B722249A1F8E3
:10DD900003204B71CA800B722049088081F802C0B1
:10DDA000A1F803204B71CA800B721D49088081F8CD
:10DDB00002C0A1F803204B71CA800B721949088078
:10DDC00081F802C01848A1F803204B71CA800B7279
:10DDD0001649A0F803204371C2800372A1F8032002
:10DDE0004B71CA800B7230BC704700BFD4C4002492
:10DDF000A0020024280300244C0300244003002434
:10DE00006403002458030024340300241003002476
:10DE100034D40024700300241C03002410D40024F4
:10DE200028D400241CD40024940200248802002456
:10DE30003E4B00220B20114610B5D3F8D84082B0DB
:10DE400044F00104C3F8D840D3F8D84004F00104EA
:10DE50000094009CD3F8D84044F00204C3F8D840A2
:10DE6000D3F8D83003F002030193019BF6F7D6FBF9
:10DE70000B20F6F711FC00220C201146F6F7CEFB22
:10DE80000C20F6F709FC00220D201146F6F7C6FB20
:10DE90000D20F6F701FC00220E201146F6F7BEFB1E
:10DEA0000E20F6F7F9FB00220F201146F6F7B6FB1D
:10DEB0000F20F6F7F1FB002210201146F6F7AEFB1B
:10DEC0001020F6F7E9FB00223C201146F6F7A6FBEE
:10DED0003C20F6F7E1FB002211201146F6F79EFBED
:10DEE0001120F6F7D9FB002238201146F6F796FBF1
:10DEF0003820F6F7D1FB002239201146F6F78EFBC9
:10DF00003920F6F7C9FB00223A201146F6F786FBC6
:10DF10003A20F6F7C1FB00223B201146F6F77EFBC4
:10DF20003B2002B0BDE81040F6F7B6BB00440258F3
:10DF300020F01F002031BFF34F8F002907DD064A74
:10DF40000144C2F85C0220300B1A002BF9DCBFF34D
:10DF50004F8FBFF36F8F704700ED00E0704700BF39
:10DF60000020704770B50446074E0D4630462146E6
:10DF700003F046F9304603F04BF9044B204629469E
:10DF80001B689847002070BD04B4002440F40024AE
:10DF900070B50446074E0D463046214603F030F971
:10DFA000304603F035F9044B204629461B68984754
:10DFB000002070BDA0B6002444F4002400220949CA
:10DFC000094808B503F012F90849074803F018F9A1
:10DFD000074B1A680AB1002008BD064A00201A60E3
:10DFE00008BD00BF40E4002404B4002440D4002451
:10DFF00040F400245DDF000800220949094808B503
:10E0000003F0F4F80849074803F0FAF8074B1A68D8
:10E010000AB1002008BD064A00201A6008BD00BFF2
:10E0200040EC0024A0B6002440DC002444F400248A
:10E030005DDF000820280AD0212806D1094B186886
:10E040009A889B7908608A808B7100207047054B05
:10E050000868B1F804C08A7918600020A3F804C0E9
:10E060009A7170479C03002420280AD0212806D1E9
:10E07000094B18689A889B7908608A808B71002008
:10E080007047054B0868B1F804C08A791860002011
:10E09000A3F804C09A717047A403002400207047BD
:10E0A000014B1860704700BF40F40024014B18601A
:10E0B000704700BF44F40024122301480B807047CE
:10E0C000F8030024122301480B807047E403002466
:10E0D000042301480B8070470C04002410B5044C45
:10E0E0000A4604482146FDF7CFFD204610BD00BF7B
:10E0F00048F40024EC2D010810B5044C0A460448ED
:10E100002146FDF7C1FD204610BD00BF48F40024A4
:10E11000FC2D010810B5044C0A4604482146FDF7C1
:10E12000B3FD204610BD00BF48F40024102E0108A6
:10E1300010B5044C0A4604482146FDF7A5FD2046CB
:10E1400010BD00BF48F400241C2E010810B5044C7B
:10E150000A4604482146FDF797FD204610BD00BF42
:10E1600048F400242C2E0108042301480B8070473A
:10E170000C04002410B5044C0A4604482146FDF75F
:10E1800083FD204610BD00BF48F40024EC2D01089B
:10E19000464A4FF01A0CD2F80008D2F80838A1F815
:10E1A00000C0C31801D142487047180FB3F1204F87
:10E1B000D2F804184FF0000C3D4A2CBF37303030F5
:10E1C00082F803C04FF0000C9070C3F3036082F834
:10E1D00005C04FF0000C092882F807C04FF0000C72
:10E1E0008CBF3730303082F809C04FF0000C10710E
:10E1F000C3F3035082F80BC04FF0000C092882F8DB
:10E200000DC08CBF373030309071C3F30340092804
:10E210008CBF373030301072C3F3033009288CBF05
:10E22000373030309072C3F3032009288CBF373069
:10E2300030301073C3F3031003F00F0309288CBFB1
:10E2400037303030092B90734FF0000094BF3033DB
:10E250003733B1F1204FD07313744FEA11734FF07D
:10E2600000002CBF37333033507400209374C1F357
:10E270000363D0740020092B50754FF000008CBF51
:10E2800037333033D0751375C1F303530848092B66
:10E290008CBF373330339375C1F30343092B94BFDD
:10E2A00030333733137600235376704700E0F11F85
:10E2B00010040024464A4FF01A0CD2F80008D2F895
:10E2C0000838A1F800C0C31801D142487047180FA0
:10E2D000B3F1204FD2F804184FF0000C3D4A2CBF88
:10E2E0003730303082F803C04FF0000C9070C3F329
:10E2F000036082F805C04FF0000C092882F807C0BF
:10E300004FF0000C8CBF3730303082F809C04FF02E
:10E31000000C1071C3F3035082F80BC04FF0000CD7
:10E32000092882F80DC08CBF373030309071C3F3AC
:10E33000034009288CBF373030301072C3F30330EC
:10E3400009288CBF373030309072C3F3032009287E
:10E350008CBF373030301073C3F3031003F00F035A
:10E3600009288CBF37303030092B90734FF00000F4
:10E3700094BF30333733B1F1204FD07313744FEA69
:10E3800011734FF000002CBF37333033507400202E
:10E390009374C1F30363D0740020092B50754FF0C0
:10E3A00000008CBF37333033D0751375C1F303537E
:10E3B0000848092B8CBF373330339375C1F30343BF
:10E3C000092B94BF303337331376002353767047CD
:10E3D00000E0F11F1004002410B5044C0A46044864
:10E3E0002146FDF751FC204610BD00BF48F4002433
:10E3F0001C2E010810B5044C0A4604482146FDF7BE
:10E4000043FC204610BD00BF48F40024102E010834
:10E41000034688B190F83D20022A03D080220120D3
:10E420009A66704702680421002083F83D10D36883
:10E4300023F00103D36070470120704703682C4923
:10E440005A6910B49C6944F008049C619C6944F0CA
:10E4500010049C611C6824F001041C601C692140AC
:10E460001961996821F44041996090F8811004295C
:10E4700001D0910630D490F88110032901D05406C0
:10E480001FD4910509D5D0F8841041F00101C0F8DE
:10E490008410996941F400719961D20509D5D0F8C9
:10E4A000842042F00802C0F884209A6942F4807205
:10E4B0009A6100235DF8044BA0F86230A0F86A303E
:10E4C0007047D0F8841041F00401C0F884109969B5
:10E4D00041F040019961D4E7D0F8841041F0800107
:10E4E000C0F88410996941F020019961C3E700BF29
:10E4F00090FCFFFF002800F0A48002680021F8B51E
:10E50000514B044681629A4216D0A3F578439A4251
:10E5100012D003F58063C0689A4200F08A800F2809
:10E5200008D8E16B00F108034D09DB0805FB033354
:10E53000082B15D90120F8BDE068E16B00F1080354
:10E54000414E4D09DB0805FB0333404DAA4218BF7D
:10E55000B24203D005F58065AA4201D1102BE9D85B
:10E5600094F8813003F0FF05002B58D000270223D8
:10E570006568A66B84F88130136823F0010313608B
:10E58000A369B3F1806F3ED03943676B3B43676A41
:10E590003B4327693B4367693B43276A3B43E76C3F
:10E5A0003B43A7683B43A76C3B43A76D3B432B43CF
:10E5B0003343E669314308439060D360B5B993684B
:10E5C00023F4C05343F400639360936823F4C0635F
:10E5D00043F480639360136D23F0010313650020FF
:10E5E0000123C4F8840084F88130F8BD136D23F052
:10E5F000010313656B02F2D5D368616D23F000430C
:10E600000B43D360EBE7B5F5800FBDD1002EBBD136
:10E61000D2F800C04CF4805CC2F800C0B4E72046D9
:10E6200084F88050FDF79AFF2268A76AE16BE068E2
:10E630009DE7E16B00F108034D09DB0805FB03339F
:10E640008CE70120704700BF0030014000380040D7
:10E65000F8B590F88030012B00F08C8090F8813074
:10E66000154601220446DEB2934280F880206AD12A
:10E67000002963D0B5FA85F35B09002D5ED0032233
:10E680004366A0F8683080F88120C0F88430A0F894
:10E690006250A0F86A30C165A0F86050C0E91C3330
:10E6A0008368B3F5C02F04D10268136843F4006394
:10E6B0001360E368A06F0F2B4BD98369B3F5804FCC
:10E6C0003CD122683A4B3B4F2032036452F8183C4D
:10E6D000C763394F23F40043C7640027076542F836
:10E6E000183CB4F862309BB2F6F708FB002844D11E
:10E6F000A36F324ADB69B3F5807F2368596802EA69
:10E70000010218BF2A435A609A68616842F40042C5
:10E71000B1F5800F9A601A6942F448721A611A685A
:10E7200042F001021A6003D11A6842F400721A60C2
:10E7300000231E4684F880303046F8BD002384F85C
:10E7400080303046F8BD0023022680F88030304605
:10E75000F8BD072B83691AD8B3F5005F20D0B3F555
:10E76000804FAED1B4F862309BB203339B08A4F85B
:10E770006230A6E702263046F8BDD4F88430012284
:10E7800043F01003C4F8843084F88120D9E7B3F54E
:10E79000804F05D0B3F5005FD0D1B3F5804F90D155
:10E7A000B4F862309BB201335B08A4F8623088E7AA
:10E7B00009EC00088DEB000835EC00080000FFFFB5
:10E7C00070B51D4690F88030012B00F0B980012310
:10E7D000044680F8803090F881304068DBB2B0F5B4
:10E7E000800F7DD0012B40F08580002D18BF002ABE
:10E7F00071D000296FD094F88130042B02D005230A
:10E8000084F881300023E1652168C4F88430A4F8DD
:10E810006250A4F86A50A4F860506266A4F8685088
:10E82000C4E91C338B6823F440438B60E3680F2BEF
:10E8300065D9E06F8369B3F5804F4CD194F881308E
:10E84000042B00F08A805E4B03645E4BC3635E4E14
:10E850003031B4F86A30C66400269BB20665F6F71C
:10E860004DFA00286ED12268A16F9368203243F4DC
:10E87000804342F8183CB4F86230C1E90F00C1E9A6
:10E8800013009BB20846E16DF6F738FA002859D11B
:10E89000A36FDB69B3F5807F236863D059684B4A67
:10E8A0000A402A435A609A68616842F40042B1F50E
:10E8B000800F9A601A6942F458721A611A6842F01D
:10E8C00001021A6003D11A6842F400721A60002330
:10E8D00084F8803070BD0023012084F8803070BD42
:10E8E000A06800287FF47EAF042B3FF47EAF012B9D
:10E8F0003FF47BAF0023022084F8803070BD072BEB
:10E9000035D8A36F9B69B3F5005F50D0B3F5804F46
:10E9100006D1B4F862309BB203339B08A4F862308E
:10E92000E06F8369B3F5005F39D0B3F5804F85D1CF
:10E93000B4F86A309BB203339B08A4F86A307DE7D1
:10E94000022070BDD4F88430012243F01003104639
:10E95000C4F8843084F8812070BD1D4B03641D4BC6
:10E96000C36374E75968194A0A405A609BE7E06F2D
:10E970008369B3F5005F02D0B3F5804FABD1A66FCA
:10E98000B669B6F5804F06D1B4F86260B6B201360A
:10E990007608A4F86260B3F5804F7FF44FAFB4F807
:10E9A0006A309BB201335B08A4F86A3046E7B4F8DA
:10E9B00062309BB201335B08A4F86230B0E700BF5D
:10E9C00029EC0008DDEB000835EC00080000FFFF33
:10E9D00019EC0008B5EB00082DE9F04115468268F6
:10E9E00004460E4622B94368B3F5800F00F09580C7
:10E9F00094F88030012B00F09980012384F8803056
:10EA000094F88130012BDFB269D1002E61D0B5FAC4
:10EA100085F35B09002D5CD00421B2F5C02F66663A
:10EA200084F88110A4F86850C4F88430A4F86030E9
:10EA3000A4F86A50A4F86230C4E91C3304D12268F7
:10EA4000136823F400631360E3680F2B4ED9E06F63
:10EA50008369B3F5804F3CD121688B6823F48043F0
:10EA60008B603246454EB4F86A3030310664444E0D
:10EA70009BB2C663434EC66400260665F6F73EF9B0
:10EA8000002857D1E36F404ADB69B3F5807F2368E4
:10EA9000596802EA010218BF2A435A609A686168FD
:10EAA00042F48042B1F5800F9A601A6942F45072C4
:10EAB0001A611A6842F001021A6003D11A6842F41E
:10EAC00000721A6000231F4684F880303846BDE883
:10EAD000F081002384F880303846BDE8F0810023BF
:10EAE000022784F880303846BDE8F081072B2BD808
:10EAF0002168E06F8B6823F480438B608369B3F5F2
:10EB0000005F32D0B3F5804FABD1B4F86A309BB21E
:10EB100003339B08A4F86A30A3E72B4604250A4672
:10EB200080F88150BDE8F041FFF74ABE0227384621
:10EB3000BDE8F081D4F88430012243F01003C4F81A
:10EB4000843084F88120C7E7E06F8269B2F5804F96
:10EB500002D0B2F5005FBCD12168B2F5804F8B685E
:10EB600023F480438B607FF47CAFB4F86A309BB2AF
:10EB700001335B08A4F86A3073E700BF19EC0008A2
:10EB8000B5EB000835EC00080000FFFF806B08B50E
:10EB900090F88130072B09D0836FDB69B3F5807F54
:10EBA00005D00268136943F00803136108BDFDF73F
:10EBB0003DFE08BD806B08B590F88130072B09D069
:10EBC000C36FDB69B3F5807F05D00268136943F03A
:10EBD0000803136108BDFDF78BFE08BD806B08B507
:10EBE00090F88130072B09D0836FDB69B3F5807F04
:10EBF00005D00268136943F00803136108BDFDF7EF
:10EC0000D9FE08BD704700BF806B08B5FFF7FAFF5B
:10EC100008BD00BF704700BF806B08B5FFF7FAFF63
:10EC200008BD00BF704700BF806B08B5FFF7FAFF53
:10EC300008BD00BF10B5846BF6F76AFD022800D14D
:10EC400010BD236830495A69986940F008009861FE
:10EC5000986940F010009861186820F00100186071
:10EC6000186901401961996821F44041996094F84C
:10EC70008110042901D091063AD494F88110032917
:10EC800001D0500629D4910509D5D4F8841041F05B
:10EC90000101C4F88410996941F400719961D205A9
:10ECA00009D5D4F8842042F00802C4F884209A6977
:10ECB00042F480729A61002301222046A4F8623057
:10ECC000A4F86A30D4F8843043F01003C4F88430D8
:10ECD00084F88120FDF7D0FE10BDD4F8841041F0F7
:10ECE0000401C4F88410996941F040019961CAE7B0
:10ECF000D4F8841041F08001C4F88410996941F07F
:10ED000020019961B9E700BF90FCFFFF0368196912
:10ED10005A692DE9F04101EA02059F68044690F81E
:10ED2000816005F0640CBCF1040F2FD005F04500A4
:10ED3000012834D005F02600022800F0DF802807E3
:10ED400070D59A6917F4404FF6B242F008029A6102
:10ED50009A6942F010029A619A6942F400629A61DB
:10ED60001A6922F008021A6123D0042E00F0DE8016
:10ED7000A26FD269EAB1032E50D0E26FD269C2B15C
:10ED8000052E14D12046FDF715FE10E0436F98477D
:10ED9000236F2046984705F04503012B02D1236FCE
:10EDA0002046984705F02605022D00F0A780BDE813
:10EDB000F0819A6812F4404F1FD1B4F86A2092B2E1
:10EDC000DAB1626E0EE01B6B42F8043B6266B4F887
:10EDD0006A30013B9BB2A4F86A30B4F86A309BB247
:10EDE0005BB12368E1680F29EDD8072940F29280D2
:10EDF0001B8E22F8023B6266E9E72046FFF71EFB06
:10EE0000012384F88130D4F88430002B7FD1052E83
:10EE1000B8D0042E00F08F80032EC8D12046FDF715
:10EE200005FDC4E7100501D50A077AD415F4587F0B
:10EE3000BDD06E0609D5D4F8842042F00402C4F88F
:10EE400084209A6942F040029A61A80509D5D4F855
:10EE5000842042F00102C4F884209A6942F40072CE
:10EE60009A61E90509D5D4F8842042F00802C4F873
:10EE700084209A6942F480729A61AA0609D5D4F86E
:10EE8000842042F08002C4F884209A6942F0200273
:10EE90009A61D4F88420002A89D0196807F4404781
:10EEA000274A21F00101B7F5404F1960196902EABC
:10EEB00001021A6127D19A68E06F22F440429A60F9
:10EEC00050B1204B0365F6F739F828B1D4F88430F7
:10EED00043F04003C4F88430A06F00283FF467AFCC
:10EEE000184B0365F6F72AF800283FF460AFD4F812
:10EEF000843043F04003C4F8843058E7636F204601
:10EF0000BDE8F04118470123204684F88130FDF721
:10EF1000B3FD4CE793F830301370626E01326266D5
:10EF200055E79A6942F400629A6140E7E26FD2695C
:10EF3000002A3FF43EAF2046FDF7DAFC37E700BF7A
:10EF400094FCFFFF49EF000808B5806B0023012205
:10EF5000A0F86A30A0F8623080F88120FDF78CFDBF
:10EF600008BD00BF90F88100704700BF002800F086
:10EF70008F8038B590F83D30044603F0FF02002B37
:10EF800060D0226802234349B2F1804F84F83D30BB
:10EF9000A2EB01011368B1FA81F14FEA511127D0B8
:10EFA00031BB3D483D4D824251D000F580608242E8
:10EFB0004DD0551B00F58060B5FA85F582424FEAC9
:10EFC00055154DD0002D4BD1354836498A4218BFD2
:10EFD00082424FD001F580618A424BD0A06923F074
:10EFE0008003E168034313606368D162936223E0A6
:10EFF0002A4D23F07003A068551B0343B5FA85F52D
:10F000006D09206923F440730343A06923F0800352
:10F0100003431360E368D3626368936251B94DB9E7
:10F020001F49204B9A4218BF8A4203D003F58063E0
:10F030009A4201D16369136301230020536184F86C
:10F040003D3038BD80F83C20FDF752FE99E7551B56
:10F0500023F07003A068B5FA85F503436D09D0E786
:10F06000A06823F0700303430F488242C9D0002DEB
:10F07000C7D1A9E7206923F44073A1690343E0687D
:10F0800023F080030B4361681360D0629162C7E78D
:10F0900001207047000001400004004000040140CE
:10F0A0000040014000440140000C00404FF0020CC1
:10F0B00001680A4A034680F83DC088680240062A73
:10F0C00006D0B2F5803F03D00A6842F001020A6020
:10F0D0000122002083F83D20704700BF0700010097
:10F0E0000368094AD96841F00101D96099680A406A
:10F0F000062A06D0B2F5803F03D01A6842F001021A
:10F100001A600020704700BF0700010090F83C30F3
:10F11000012B7DD002460223006830B4012482F81E
:10F120003D3082F83C40544C83681C400B68602B97
:10F1300084606FD01DD9B3F5005F59D042D94F49D3
:10F140008B4206D038D94E498B4202D010318B42C7
:10F1500006D184684B4921400B4343F00703836089
:10F1600000230121184682F83D1082F83C3030BC63
:10F170007047402B67D019D9502BF1D1036A4C68E6
:10F18000CD6823F00A03016A1C433E4B21F00101C4
:10F190000162816921F0F00141EA05118161046297
:10F1A00081680B4043F057038360D9E7202BD0D010
:10F1B0001AD9302BD4D1CCE723F01001B1F5801F40
:10F1C000CED1C6E7702BCBD18468D1E901532B4354
:10F1D000CD6824F47F4143EA05230B4383608368B1
:10F1E00043F077038360BBE733F01001B8D1B0E799
:10F1F000D1E9015384682B43CD6824F47F4143EA6D
:10F2000005230B438360836843F480438360A7E74F
:10F2100002207047046A4D6824F01004C968046233
:10F22000836923F4704343EA0133016A21F0A001AA
:10F230008361144B41EA0511016281680B4043F080
:10F24000670383608CE7036A4C68CD6823F00A0388
:10F25000016A1C430B4B21F001010162816921F01D
:10F26000F00141EA05118161046281680B4043F0BD
:10F270004703836074E700BF8800CEFF20001000C2
:10F28000300010008FFFCFFF704700BF704700BFF6
:10F29000704700BF704700BF03681A69910710B537
:10F2A000044602D5DA68920768D41A69520702D573
:10F2B000DA6850074FD41A69110702D5DA681207C5
:10F2C00037D41A69D00602D5DA68D1061ED41A6975
:10F2D000D20702D5DA68D00769D41A69110602D5B7
:10F2E000DA6812066BD41A69D00502D5DA681106FD
:10F2F0006DD41A69520602D5DA6850066FD41A69BD
:10F30000910602D5DA68920649D410BD6FF010015B
:10F310000822204619612277DB6913F4407F6FD100
:10F32000FFF7B2FF2046FFF7B3FF002223682277E2
:10F33000CDE76FF008010422204619612277DB69CE
:10F340009B075AD1FFF7A0FF2046FFF7A1FF00223D
:10F3500023682277B5E76FF0040102222046196185
:10F3600022779B6913F4407F44D1FFF78DFF20463D
:10F37000FFF78EFF0022236822779CE76FF00201DF
:10F380000122196102779B69990730D1FFF77CFF51
:10F390002046FFF77DFF00222368227785E76FF084
:10F3A000200220461A61BDE8104000F05FB86FF0FF
:10F3B000010220461A61FDF78BFD23688DE76FF08F
:10F3C000800220461A6100F053F823688BE76FF43F
:10F3D000807220461A6100F04DF8236889E76FF0CB
:10F3E000400220461A61FFF755FF236887E7FFF7C1
:10F3F0004DFFD0E7FFF74AFFBCE7FFF747FFA6E75F
:10F40000FFF744FF91E700BF90F83C20012A28D085
:10F4100003460068022230B4134D83F83D20A84211
:10F420004268846818D005F58065A84214D024F09D
:10F43000800C22F070020C688968224300244CEA98
:10F4400001014FF0010C42608160204683F83DC00D
:10F4500083F83C4030BC704722F470024D682A4368
:10F46000E5E70220704700BF00000140704700BF81
:10F47000704700BF704700BFF8B5D0F88070202FEC
:10F4800044D1002940D0B2FA82F67609002A3BD056
:10F49000044690F87C00012838D001252123606FB4
:10F4A000A4F856202165C4F88860A4F8542084F894
:10F4B0007C50C4F88030D8B1DFF854C013462268BD
:10F4C000C0F83CC0DFF84CC028320665C0F840C028
:10F4D000DFF844C0C0F84CC0F5F710FC40B1102371
:10F4E000284684F87C60C4F88830C4F88070F8BD81
:10F4F0002368002240211046196284F87C209A6813
:10F5000042F080029A60F8BD0120F8BD0220F8BDEB
:10F51000C9F50008F9F5000849F60008F8B5D0F873
:10F520008470202F48D1002944D0B2FA82F676099F
:10F53000002A3FD090F87C300446012B3CD00125B6
:10F540002223C0F888608165A0F85C2080F87C5098
:10F55000C0F88430806FE0B1DFF860C013460A461F
:10F560002168C0F83CC0DFF858C024310665C0F8F7
:10F5700040C0DFF850C0C0F84CC0F5F7BFFB40B149
:10F580001023284684F87C60C4F88830C4F8807062
:10F59000F8BD2368002084F87C001A6842F4807269
:10F5A0001A609A6842F001029A609A6842F040023A
:10F5B0009A60F8BD0120F8BD0220F8BD05F60008EC
:10F5C0003DF6000849F6000808B5C369806BB3F53D
:10F5D000807F0CD003680022A0F856209A6822F0A1
:10F5E00080029A601A6842F040021A6008BDFEF775
:10F5F000BBFA08BD704700BF806B08B5FFF7FAFF84
:10F6000008BD00BF08B5C369806BB3F5807F12D019
:10F61000036800222021A0F85E201A6822F480727C
:10F620001A609A6822F001029A609A6822F04002F9
:10F630009A60C0F88410FEF79BFA08BD806B08B58D
:10F64000FEF7E0FA08BD00BF806B38B50368D0F85C
:10F650008040D0F884109A68150601D5212C1DD061
:10F660009A68520601D5222908D0D0F8883043F094
:10F670001003C0F88830FEF70DFB38BD00240F4A98
:10F680002025A0F85E40196821F4907119609968EE
:10F690000A409A60C0F88450C466E6E7002220243D
:10F6A000A0F856201A6822F0C0021A609A6822F464
:10F6B00000029A60C0F88040D2E700BFFEFFFFEF73
:10F6C0000268D36970B51E0715680446916800F09A
:10F6D00084806C4805F4907C08405CEA00061DD1EB
:10F6E000D80202D54E0200F19D80180606D501F41D
:10F6F000000105F08000014340F08C805E0602D5D9
:10F70000680600F19B80190202D56A0000F1A3800F
:10F71000DB0102D5002DC0F2AA8070BDDE0709D53D
:10F72000EE0507D501261662D4F8886046F001067A
:10F73000C4F888609E0760D5CE0709D502261662F8
:10F74000D4F8886046F00406C4F888605E0758D490
:10F750001E070CD505F0200C5CEA000007D008203D
:10F760001062D4F8880040F00800C4F88800D4F88B
:10F7700088000028D1D09E0606D505F0200501F0AE
:10F78000805155EA01036BD1D4F88850936805F095
:10F79000080503F040031D436ED0116820203A4B4A
:10F7A00021F49071116091680B4000219360C4F8BE
:10F7B00084009368E1665D063CD59368A06F23F0F2
:10F7C00040039360002835D0304B0365F5F7B6FB56
:10F7D0000028A2D0A06F036D0CE09E0680D505F036
:10F7E000200C01F0805E5CEA0E063FF479AFC36E38
:10F7F000002B92D0BDE8704018475E07A8D5CE0711
:10F80000A6D504261662D4F8886046F00206C4F82D
:10F8100088609DE7236F002B3FF47FAF2046BDE853
:10F82000704018474FF4801320461362BDE87040C3
:10F8300001F068BB2046FEF72DFA70BD136820204A
:10F84000002123F040031360C4F8800020462167A4
:10F85000FEF78AF970BD2046BDE8704001F056BB46
:10F86000E36E002B90D02046984722688CE7204614
:10F87000BDE8704001F048BB2046FEF70BFAC4F823
:10F88000885070BD01000010FEFFFFEF91F80008E6
:10F8900008B5806B0023A0F85E30A0F85630FEF764
:10F8A000F9F908BDD0F88020D0F8840010437047E3
:10F8B000F0B58268044687B02368D0E904101D685B
:10F8C0000A43616E0243E06902430A43A8492940A2
:10F8D000A84D0A43E168AB421A605A6822F44052CC
:10F8E00042EA0102A1695A6000F09D80226A9D6887
:10F8F0001143A14A666A2A4011439960DA6A22F0EC
:10F900000F023243DA629D4A934224D09C4A9342CA
:10F9100055D09C4A934200F02F829B4A934200F0BC
:10F920009B829A4A934200F0E980994A934200F000
:10F930009D82984A934200F0D885974A934200F0FE
:10F94000D682012500234FF0011228462367C4E91F
:10F950001A2307B0F0BD914B5B6D03F03803282BE1
:10F96000EFD88F4AD55CB0F5004F33D0202D00F290
:10F97000D981202D00F2B680DFE815F0A8017B01C7
:10F98000B400B4007201B400B400B4004901B40082
:10F99000B400B400B400B400B400B4001C01B4005E
:10F9A000B400B400B400B400B400B400B400B400B7
:10F9B000B400B400B400B400B400B400CA00774B83
:10F9C0005B6D03F00703052BBBD8764AB0F5004FFB
:10F9D000D55CCBD1202D00F21482202D00F20082C4
:10F9E000DFE815F08A035804FE01FE012804FE0139
:10F9F000FE01FE018604FE01FE01FE01FE01FE0184
:10FA0000FE01FE01F203FE01FE01FE01FE01FE0108
:10FA1000FE01FE01FE01FE01FE01FE01FE01FE01EE
:10FA2000FE01FE01B7039868534A02405B480A434F
:10FA30009A60DA6A616A22F00F020A43DA62836D21
:10FA400003F00703052B3FF67CAF574AD65C202E08
:10FA500000F29C81012E7FF674AFB31E1E2B3FF681
:10FA600070AF01A252F823F01F00010843F900080B
:10FA7000C9FF000843F9000843F9000843F90008EA
:10FA80009300010843F9000843F9000843F900080E
:10FA900043F9000843F9000843F9000843F9000856
:10FAA0003300010843F9000843F9000843F900084E
:10FAB00043F9000843F9000843F9000843F9000836
:10FAC00043F9000843F9000843F9000843F9000826
:10FAD00043F9000843F9000843F9000843F9000816
:10FAE000A900010801250023A3F110014FF6EF72D0
:10FAF00091423FF626AF2268D36023E7274B5B6D28
:10FB000003F00703052B3FF61CAF284AD55C2AE714
:10FB1000002E00F0B581012E00F09E85022E00F02F
:10FB2000B185032E00F0D885042E00F0F485052E53
:10FB300000F08486062E00F0BE86072E00F0FD86BB
:10FB4000082E00F05087092E00F07B870A2E00F067
:10FB5000DC8743F60953164A0B2E18BF134662681A
:10FB6000002503EB5203B3FBF2F39BB2BCE700BFEB
:10FB7000F369FFCF000C0058FFF4FF1100100140A3
:10FB80000044004000480040004C0040005000404D
:10FB90000014014000780040007C004000440258FE
:10FBA000402E01086C2E0108742E01086C2E0108ED
:10FBB00000093D00B34B1A68920640F16F811A6844
:10FBC000B14BC2F3C102D340002EC8D0012E00F0C9
:10FBD000EF81022E00F0C584032E00F0BF84042EB6
:10FBE00000F02B85052E00F09D86062E00F0DC86A9
:10FBF000072E00F01C86082E00F04E86092E00F01D
:10FC00008E860A2E00F0E3860B2EA8D126E003A8EC
:10FC1000F9F7BEFC626A049B002AA0D0012A00F01A
:10FC2000C781022A00F09D84032A00F09784042AE9
:10FC300000F00385052A00F0FD84062A00F07E8589
:10FC4000072A00F0F485082A00F02686092A00F029
:10FC500066860A2A00F0BB860B2A80D11B0A7EE743
:10FC60006846F9F7D7FB626A019B002A3FF477AF39
:10FC7000D4E7F8F76FFD636A03B3012B00F0F38458
:10FC8000022B00F0CE84032B00F0C884042B00F07C
:10FC90001785052B00F01185062B00F00686072B33
:10FCA00000F04886082B00F09B86092B00F0E186C7
:10FCB0000A2B00F03B870B2B08BF000A6268002567
:10FCC00000EB5203B3FBF2F39BB20DE7F8F726FD0E
:10FCD000636A03B3012B00F0C984022B00F0A784F0
:10FCE000032B00F0A184042B00F0E484052B00F02A
:10FCF000DE84062B00F0E685072B00F03686082B05
:10FD000000F08786092B00F0B1860A2B00F0FA86F6
:10FD10000B2B08BF000A626800EB5203B3FBF2F33F
:10FD20009BB2E1E6402D7FF40CAE002E00F0DC80AB
:10FD3000012E00F09484022E00F0A784032E00F020
:10FD4000C784042E00F0EC84052E00F07A85062E80
:10FD500000F0B485072E00F0FE85082E00F04986DD
:10FD6000092E00F08B860A2E00F029870B2E0CBF7F
:10FD700080234FF40043F2E6424B5B6D03F0070330
:10FD8000052B3FF6DEAD414AD55CECE5402E7FF415
:10FD9000D8AD002900F0B580012900F06E84022959
:10FDA00000F08284032900F0AF84042900F03B8531
:10FDB000052900F06985062900F0AD85072900F0C6
:10FDC000EF85082900F03686092900F05B860A29AC
:10FDD00000F0F9860B290CBF80254FF4004592E016
:10FDE00001250023A3F110014FF6EF7291423FF677
:10FDF000A8AD23F00F02C3F3420313432268D3607C
:10FE0000A0E5402D7FF49DAD002E00F0D380012EA3
:10FE100000F0D280022E00F06D84032E00F0F484F6
:10FE2000042E00F02585052E00F06885062E00F0D2
:10FE3000C285072E00F01086082E00F04886092E95
:10FE400000F059860A2E00F0EC860B2E0CBF4FF402
:10FE500080704FF48030AFE00A4B5B6D03F0070316
:10FE6000052B3FF66EAD0A4AD55C7CE5054B5B6D14
:10FE700003F03803282B3FF664AD064AD55C72E5E3
:10FE8000054B6CE6004402580090D0036C2E01082C
:10FE90006C2E0108402E010800093D00002E00F0E4
:10FEA000BA83012E00F0FD83022E00F02A84032E77
:10FEB00000F0B684042E00F0E484052E00F02885BE
:10FEC000062E00F08785072EDAD0082E00F0C483B6
:10FED000092E00F0D7830A2E00F01D84B44BB54ADA
:10FEE0000B2E18BF13463AE64FF4004337E6B24BE9
:10FEF0005B6D03F00703052B3FF623ADAF4AD55CDE
:10FF000031E54FF40045676807EB4703AB423FF626
:10FF100018ADB5EB073F3FF614AD202E00F2F0828E
:10FF2000012E7FF60EAD023E1E2E3FF60AAD01A356
:10FF300053F826F07104010843F90008470401084A
:10FF400043F9000843F9000843F90008E5030108F4
:10FF500043F9000843F9000843F9000843F9000891
:10FF600043F9000843F9000843F900087903010840
:10FF700043F9000843F9000843F9000843F9000871
:10FF800043F9000843F9000843F9000843F9000861
:10FF900043F9000843F9000843F9000843F9000851
:10FFA00043F9000843F9000843F900080103010878
:10FFB0005B08D4E54FF480306268002500EB520303
:10FFC000B3FBF2F39BB20DE76846F9F723FA636AD5
:10FFD000019D03B3012B00F0CF82022B00F0C782FA
:10FFE000032B00F0C182042B00F02F83052B00F0BF
:10FFF0002983062B00F09883072B00F02684082B1A
:020000040801F1
:1000000000F04D84092B00F09B840A2B00F0FB8448
:100010000B2B00F06582002D3FF494AC73E7F9F7E9
:10002000E7F9636A0546002BD4D1002D3FF48AAC72
:1000300069E7614B1A68950640F1A5821B685D4D22
:10004000C3F3C103DD4000293FF45DAF012900F097
:100050004D83022900F04683032900F040830429E0
:1000600000F04584052900F08384062900F0D4843B
:10007000072900F02085082900F04F85092900F0A4
:10008000F9850A2900F0FD850B297FF43CAF2D0A84
:1000900039E703A8F9F77CFA636A049D002B99D12C
:1000A000002D3FF44FAC2EE7002900F06A820129B1
:1000B00000F0DF82022900F0F282032900F0288399
:1000C000042900F0AA83052900F0D883062900F04E
:1000D0002E84072900F06184082900F0AF840929E3
:1000E00000F0EF840A2900F0148543F60955344BDB
:1000F0000B2918BF1D4606E7F8F710FB636A03B328
:10010000012B00F0CA82022B00F0F782032B00F0D3
:100110007F83042B00F0B083052B00F0EB83062BCC
:1001200000F05084072B00F09E84082B00F0B98467
:10013000092B00F0E4840A2B00F070850B2B08BF1C
:10014000000A61684A0802EB4003B3FBF1F39BB27B
:1001500048E6002E00F03A82012E00F09A82022E2C
:1001600000F0C682032E00F04D83042E00F07E8343
:10017000052E00F0BA83062E00F02184072E00F031
:100180006F84082E00F08284092E00F0CC840A2EA1
:1001900000F06C8547F612230A4A0B2E18BF13464F
:1001A0006268002503EB5203B3FBF2F39BB219E63E
:1001B00090D003000090D003004402586C2E010838
:1001C00000093D0000127A00A44B1A68910640F124
:1001D000FF811A68A24BC2F3C10223FA02F206B3EE
:1001E000012E00F0B182022E00F03783032E00F0C2
:1001F0006F83042E00F0C683052E00F00084062EC7
:1002000000F06F84072E00F07184082E00F0038543
:10021000092E00F03C850A2E00F036850B2E08BF13
:10022000120A616800254B0803EB4203B3FBF1F3AC
:100230009BB2D7E56846F9F7EDF8626A019902B317
:10024000012A00F00782022A00F01A82032A00F035
:100250003A82042A00F06282052A00F0EB82062A24
:1002600000F01683072A00F07483082A00F0A183A7
:10027000092A00F001840A2A00F05B840B2A08BFD7
:10028000090A62680025530803EB4103B3FBF2F34C
:100290009BB2A7E5F8F75EFA636A03B3012B00F09F
:1002A000FA81022B00F02B82032B00F08382042BB7
:1002B00000F0DA82052B00F02583062B00F069831D
:1002C000072B00F0C283082B00F0EE83092B00F00F
:1002D0007E840A2B00F08D840B2B08BF000A616816
:1002E00000254A0802EB4003B3FBF1F39BB279E52A
:1002F00003A8F9F74DF9626A0499002AC1D09FE773
:10030000616A002900F05482012900F01F8302294C
:1003100000F08B83032900F0BF83042900F00084E0
:10032000052900F0AA84062900F08E84072900F030
:100330008784082900F0E584092900F0DE840A2971
:1003400000F0A8844748484B0B2918BF18460021E5
:100350007B083A4618184FF0000341F10001F0F70E
:10036000CBF9A0F54073414A93423FF6EAAA2368CD
:100370000025D860FFF7E6BA384A116811F020016D
:1003800000F0E781136800213548C3F3C103D8406A
:10039000636A0BB3012B00F04B83022B00F07F83C9
:1003A000032B00F00584042B00F05D84052B00F086
:1003B0002C84062B00F0A984072B00F0B484082BB2
:1003C00000F0AD84092B00F094840A2B00F08D849A
:1003D0000B2B01D1000A00210902030241EA10613E
:1003E0007808B6E703A8F9F7D3F80498636A002100
:1003F00002460BB3012B00F03582022B00F08682FF
:10040000032B00F0C182042B00F02183052B00F0A8
:100410004D83062B00F09083072B00F02184082BDE
:1004200000F00B84092B00F004840A2B00F05284A6
:100430000B2B01D1100A002162680902030241EA74
:100440001061500886E76846F8F7E4FF0198636A90
:1004500000210246002BEFD0CCE700BF0044025839
:100460000090D00300093D000000093DFFFC0F0093
:10047000F8F7BEFF626A002103460AB3012A00F0C2
:100480006E82022A00F0B982032A00F02483042A33
:1004900000F09383052A00F0A683062A00F0DA8391
:1004A000072A00F0D583082A00F01C84092A00F0EE
:1004B00015840A2A00F02F840B2A01D1030A002197
:1004C00062680902180241EA13615308C0184FF02C
:1004D000000341F10001F0F70FF9A0F5407342E786
:1004E0002D0A002D3FF42EAA0DE5B54B5B6D03F0F0
:1004F0000703052B3FF625AAB24AD55CFFF733BAAE
:10050000402E7FF41EAA616A002900F04E81012965
:1005100000F02782022900F08482032900F0CE82B5
:10052000042900F05783052900F05983062900F0BB
:100530006883072900F06083082900F0B783092940
:1005400000F0AF830A2900F0C0830B294FF00001AF
:100550000CBF4FF400404FF40000F9E69A4AA2FBAA
:1005600003239B08FFF7FBBA974BA3FB0535AD08A8
:10057000002D3FF4E7A9C6E46D08002D3FF4E2A981
:10058000C1E4924DBFE400295AD0012900F0AC80AB
:10059000022900F0DB80032900F06181042900F0CA
:1005A000A181052900F0EB81062900F016820729B8
:1005B000E7D008295DD0092971D00A2900F02D81E2
:1005C000834D844B0B2918BF1D469CE4824BE7E505
:1005D000002E50D0012E00F0AF80022E00F03B81A3
:1005E000032E00F07A81042E00F0C781052E00F062
:1005F000FD81062E00F04D82072EE7D0082E48D050
:10060000092E75D00A2E00F03181744B744A0B2EDE
:1006100018BF1346C4E56F4BFFF7A1BA6A4BA3FBA3
:1006200000308008FFF74ABB674BA3FB003080080F
:10063000FFF771BB6B4AA2FB0323DB08FFF78FBAFE
:10064000644D60E4674BA3FB0535ED08002D3FF4D6
:1006500079A958E4490814E6634BFFF780BA4FF4D0
:100660008043FFF77CBA4008FFF728BB4008FFF73C
:1006700052BB5D4D47E45A4B92E54FF4804542E44E
:100680008908FEE5594BFFF76ABA4FF40053FFF7AC
:1006900066BA4E4B84E5400821E6400851E5534DCB
:1006A00031E4534BFFF75BBA4FF400552BE44D4B4D
:1006B000A3FB0030C008FFF72EBB4A4BA3FB003062
:1006C000C008FFF7FBBA404BA3FB01239908D8E50C
:1006D00041F25553FFF743BA464BFFF740BA3A4B46
:1006E000A3FB0535AD080EE4414D0CE46D080AE4AA
:1006F0003D4B55E54FF480405EE4800821E58008DD
:10070000EDE53D4BFFF72BBA41F25555FFF7FBBB2B
:10071000384DFFF7F8BB314BFFF721BAC908B0E5F8
:100720004FF48053FFF71BBA0C23B5FBF3F5002DF4
:100730003FF408A9FFF7E7BB264B31E5224AA2FBAD
:100740000323DB08FFF70BBA52086AE52A4DFFF7CF
:10075000DABB626A002A00F0C280012A00F07981C7
:10076000022A00F0B281032A00F0C381042A00F0BB
:100770005E82052A00F05982062A00F09E82072A2E
:1007800000F09982082A00F09D82092A00F09782E1
:100790000A2A00F083820B2A184A0E4B0EBF002152
:1007A0000321134678083A4690E64FF40000CFE55F
:1007B0001348CDE5044BA3FB002398088FE500BF49
:1007C000004402586C2E0108ABAAAAAA00093D00F9
:1007D00090D003000090D00300127A0020A10700FF
:1007E0000020A107CDCCCCCC80841E0040420F005D
:1007F0000048E8012A2C0A000024F400000090D0F0
:100800000000093DCF4BCBE442F6AA20FFF7D4BB52
:10081000CD4BA3FB0023980893E4CC4DFFF773BBAB
:10082000CB4BFFF79CB94FF48055FFF76CBB1B090E
:10083000FFF795B90A23B1FBF3F122E5C54BFFF7AA
:100840008EB940F6CC43FFF78AB92D09002D3FF44D
:1008500079A8FFF758BBC04BA2E49208E1E4BC4D75
:10086000FFF751BB4008E7E5C00838E5BB4B97E40C
:100870004FF40050FFF7A0BBC00862E4B54DFFF78E
:1008800042BBB74BFFF76BB940F6CC45FFF73BBB1C
:100890000C23B1FBF3F1F4E45B09FFF760B96D09D8
:1008A000002D3FF44FA8FFF72EBBA74BA3FB003052
:1008B000C008FFF703BAAB4BFFF751B940F6AA23C4
:1008C000FFF74DB9A04BA3FB0030C008FFF723BAD8
:1008D0009D4BA3FB02239A08A3E4A34B60E4A34B24
:1008E00003215FE79E4DFFF70EBBA14B58E4ED08D7
:1008F000FFF709BB0A23B0FBF3F022E441F698109E
:10090000FFF75ABB0A23B0FBF3F0E8E4800893E555
:10091000984BFFF724B940F6AA25FFF7F4BA9B09D4
:10092000FFF71DB90A22B3FBF2F3FFF718B98D4D9B
:10093000FFF7E9BA0009FFF7C1B98F4BFFF70FB90D
:10094000AD09002D3EF4FEAFFFF7DDBA8B48002164
:10095000FEE4090995E44FF40063FFF700B943088A
:10096000AEE54FF480000021F2E40009FFF7D3B9AF
:100970000A23B5FBF3F5FFF7C6BA814B10E47D4DB2
:10098000FFF7C1BAD2084CE406220023EFF7B4FE09
:1009900052E50C23B0FBF3F0A1E4774DFFF7B3BAB7
:1009A0004FF40065FFF7AFBA0C22B3FBF2F3FFF789
:1009B000D6B8490965E441F25450FFF7FDBA714BCE
:1009C000FFF7EEBB0C23B0FBF3F0FFF7BABBDB097C
:1009D000FFF7C5B86C4BFFF7C2B86B4DFFF793BA82
:1009E0004009FFF76BB9694BFFF7B9B8684BFFF7E0
:1009F000D7BB4FF48063FFF7B2B8830860E50A23E2
:100A0000B2FBF3F20DE4ED09002D3EF49BAFFFF7CE
:100A10007ABA4009FFF77FB90C23B5FBF3F5FFF76E
:100A200072BA4FF40010002192E45A4800218FE47A
:100A30004008D1E44FF48065FFF765BA534DFFF7E6
:100A400062BA4FF22443FFF78AB8000947E4C008AE
:100A5000F2E4514B1146A5E64FF48050FFF7ACBAD3
:100A60003A4BFFF79DBB0009FFF76BBB8009FFF70F
:100A700052B98009FFF722B9890902E44FF40073E3
:100A8000FFF76DB84FF40075FFF73DBA3A4BFFF72B
:100A900087BB2F4BFFF784BB4048002158E48008F8
:100AA0009AE44009FFF74DBB400918E40A220023ED
:100AB000EFF722FEC0E42D09FFF725BA38480021E0
:100AC00046E44FF22445FFF71EBA364B6AE64FF470
:100AD0000060FFF771BA00230622EFF70DFE034610
:100AE000EEE40C23B2FBF3F2FFF79BBB1209FFF716
:100AF00098BB2D4B56E64FF48060FFF75DBA800936
:100B0000FFF71FBBC009FFF706B947F61223FFF72F
:100B100026B847F61225FFF7F6B96D09FFF7F3B9C6
:100B20002248002114E4194BFFF73ABBC009FFF734
:100B3000C5B8C909FFF7A5BB0C220023EFF7DCFD00
:100B40007AE400BF54581400ABAAAAAA20A1070057
:100B5000AAC2A200801A06000048E80140420F0025
:100B600000127A001516050054854501000090D04A
:100B700000350C0000A8610090D003000080841EA6
:100B80000024F4002A2C0A005561510048E80100B5
:100B90000050C3000040420F000048E8002A2C0A21
:100BA00000551500000024F400AAC2A20020A107ED
:100BB00006220023EFF7A0FD0EE4C30880E44FF403
:100BC0008073FEF7CCBF4FF48075FFF79CB98009A6
:100BD000FFF785BB4FF480100021FFF7B9BB5348E6
:100BE0000021FFF7B5BB00230A22EFF785FD03467E
:100BF00066E4C009FFF773BB4FF400200021FFF744
:100C0000A7BB4B480021FFF7A3BB0A220023EFF745
:100C100073FDFFF7E1BB5209FFF703BBC009FFF704
:100C200090BA4FF40070FFF7C7B9424BBAE5424B98
:100C3000B8E590090021FFF7FFBB4009FFF7FCBBB7
:100C40003E480021FFF784BB3D480021FFF780BBF1
:100C5000030935E400230C22EFF74EFD03462FE491
:100C60000009FFF7E9BBC008FFF7B6BB4FF224430A
:100C7000FFF796BAAD09FFF746B932480021FFF7F2
:100C800067BBED09FFF73FB9D209FFF7CABA92096E
:100C9000FFF7C7BA2C480021FFF75ABB2B4B0021A6
:100CA00080E54FF400300021FFF752BB4FF4802065
:100CB0000021FFF74DBB264B74E5264B72E5264B12
:100CC00000216FE5254B00216CE54FF480300021B9
:100CD000FFF73EBBD0090021FFF7AEBB830900211F
:100CE000FFF7EEBB4309FFF7EBBBC0090021FFF79D
:100CF00073BB80090021FFF76FBB19480021FFF784
:100D000027BB18480021FFF723BB0C220023EFF775
:100D1000F3FCFFF761BBC3090021FFF7D1BB40091A
:100D20000021FFF759BB0009FFF756BB00CC0C00B0
:100D300000AA0A000000A8610000127A0090D00307
:100D40000015160500801A0600127A000020A1077F
:100D50000000093D005561510040420F0080841E93
:100D60000024F4000048E801836ADA0710B406D5CD
:100D70000168C46A4A6822F4003222434A609C0730
:100D800006D50168046B4A6822F4803222434A6027
:100D9000590706D50168446B4A6822F48022224331
:100DA0004A601A0706D50168846B4A6822F400423B
:100DB00022434A60DC0606D50168C46B8A6822F4C7
:100DC000805222438A60990606D50168046C8A68BD
:100DD00022F4005222438A605A060AD50168446C04
:100DE0004A68B4F5801F22F4801242EA04024A6085
:100DF0000BD01B0606D50268C16C536823F4002390
:100E00000B4353605DF8044B70474A68846C22F4CE
:100E1000C00222434A60ECE7002370B50446C0F8E4
:100E20008830F3F7CBFB054623681A6811070CD40A
:100E30001A68520725D420220023C4F880201846BF
:100E4000C4F8842084F87C3070BDDE6916F4001686
:100E5000EED1F3F7B3FB431BB3F1007F2368F4D368
:100E60001A682021032022F4D0721A609A6822F0B6
:100E700001029A60C4F8801084F87C60C4F8841081
:100E800070BDDE6916F48006D5D1F3F797FB431BDE
:100E9000B3F1007F2368F4D3E2E700BF80B3D0F85A
:100EA000803010B5044633B3226824232046C4F8AA
:100EB0008030136823F001031360FEF7F9FC01286A
:100EC00017D0A36A8BB9236820465A6822F490424F
:100ED0005A609A6822F02A029A601A6842F0010267
:100EE000BDE810401A60FFF797BF2046FFF73CFFB0
:100EF000E9E7012010BD80F87C30FCF789FBD3E7DF
:100F000001207047704700BF704700BF704700BFA7
:100F1000D0F8943283B110B5D0F8904294F8000222
:100F2000FF2807D09B68214694F801229847FF23A9
:100F300084F80032002010BD00207047054A0346A7
:100F4000054912780548012A12BF43226522084646
:100F50001A80704744B90024400500246804002426
:100F6000054A0346054912780548012A12BF432263
:100F7000652208461A80704744B9002440050024C1
:100F8000AC040024054A0346054912780548012AA5
:100F900012BF4322652208461A80704744B90024D4
:100FA00040050024FC04002403460A2201481A805C
:100FB000704700BFF004002438B50446D0F89052C2
:100FC000F3F7B8F9D4F89032C5F80C024BB1D4F865
:100FD000943205F50371D5F80402DB6898470020C8
:100FE00038BD022038BD00BF38B5D0F8905205B3E7
:100FF00001EB810E00EB8E0EDEF81C3063B1D0F8F1
:101000009822C1EBC10C02EB8C0CDCF84440B3FB22
:10101000F4F204FB123424B100231846C5F814324C
:1010200038BD23462246CEF81C40F3F767F9204628
:1010300038BD022038BD00BFF0B591F800C083B0C4
:1010400000230C461CF060060546D0F890728DF81F
:101050000530ADF8063013D0202E17D1CA88EAB17A
:101060001CF0800F3ED01E46D0F89432394660788E
:101070009B689847E28839462846FAF72FFE0AE02F
:101080004B780A2B1FD00B2B27D083B12146284643
:101090000226FAF7EDFD304603B0F0BDD0F89432E9
:1010A000164648789B689847304603B0F0BD90F8E4
:1010B0007432032B20D0022628462146FAF7D8FDA9
:1010C000304603B0F0BD90F87432032BF3D1012207
:1010D0000DF10501FAF702FEDDE790F87432032BFB
:1010E000D9D0E8E749781E4687F8012287F8001230
:1010F0003946FAF70BFECEE702220DF10601FAF7A8
:10110000EDFDC8E738B5044600258121F3F7AAF8BC
:1011100001212046E562F3F7A5F882212046C4F8B4
:101120005851F3F79FF8D4F8903225644BB1D4F8B6
:1011300094325B689847D4F8900200F077FDC4F8C9
:101140009052002038BD00BF38B5037C0446A3BBD5
:101150004FF40073022281210125F3F771F84FF457
:10116000007329460222E5622046F3F769F803225C
:1011700008238221C4F858512046F3F761F8012171
:101180004FF40770216400F011FDD4F89432054645
:101190001B68C4F8900298470023227C0121C5F8FF
:1011A0001432C5F8183282B94FF40073D5F804220E
:1011B0002046F3F7B1F8002038BD402302228121F8
:1011C0000125F3F73DF84023CBE74023D5F804226F
:1011D0002046F3F7A1F8002038BD00BF034619B13F
:1011E0000020C3F894127047022070470346002085
:1011F000D3F89032C3F80812C3F81022704700BF2A
:1012000003460020D3F89032C3F80412704700BFA1
:10121000D0F8902210B59AB1047C44B10024402348
:10122000D2F804220121F3F777F8204610BD4FF4DD
:101230000073D2F804220121F3F76EF8204610BDA6
:101240000224204610BD00BF037810B504462DEDE2
:10125000028B072B00F2A581DFE813F05200A200F9
:10126000B50087009200C2001101080090ED068AC7
:10127000F7EE006AD0ED037ABFEE000A90ED077A30
:10128000F4EEC87AF1EE10FAB4EEC87A36FE800AAF
:10129000F1EE10FA00F3788136EEC76AB4EEC68A32
:1012A000F1EE10FA00F32981B7EE006A76EE677A64
:1012B00077EE887AFDEEE76AF8EEE66A77EEE67A90
:1012C000B4EEE77AF1EE10FA00F3268176EE476A83
:1012D000F4EEE67AF1EE10FA0DDD77EEC67AC7EE9F
:1012E000876AF0EE667AE6EEA67A76EEA76A36EEC2
:1012F000866A30EE460ADFEDAE7A20EE270A09E074
:1013000090ED068A9FEDAB0A28EE000A00F0F8FA8D
:1013100094ED077A77EE087AF7EE006AF4EEE67A53
:10132000F1EE10FA40F3D68077EEE67A0123C4EDB1
:10133000067A37EEC77A84F82930F6EE006AB4EE02
:10134000E67AF1EE10FA40F1C380F4EEE67AF1EEBF
:1013500010FAACBF01230023D4ED017A84F82830C1
:1013600020EE270ABDEC028B10BDF0EE007A90ED66
:10137000068ABFEE000A90ED077AA8EE270AC9E7B1
:1013800090ED068AD0ED037A90ED077AB4EEE78A05
:10139000F1EE10FA4CBFB7EE000ABFEE000AB9E753
:1013A000F0EE006A90ED068ABFEE000A90ED077A33
:1013B000F6EE007AA8EE260AB0EEC00A30EE670A12
:1013C00030EE000AA6E7F0EE007A90ED068ABFEE56
:1013D000000A90ED077AA8EE270AB1EE400A99E7D5
:1013E000F6EE006A90ED068A90ED077AF7EE007A45
:1013F000FFEE005AB4EEE68AF1EE10FAB4EEC87AC7
:1014000048BFF0EE675AF1EE10FA00F3AE8077EEC7
:10141000C76AB4EEE68AF1EE10FA5FDCF6EE007A07
:1014200078EE277ABDEEE76AB8EEC66A77EEC67A3E
:10143000B4EEE77AF1EE10FA7BDCF4EEE67AF1EE48
:1014400010FA0FDDB7EE005A77EEC57A87EE876A9D
:10145000F0EE467AE6EE067A36EE276A36EE056A52
:1014600075EEC65AD4ED087AB1EE000A66EEA76AA8
:10147000E7EE256A26EE800AC4ED086A4AE790ED99
:10148000068AF0EE007A90ED077ABFEE000AB4EE1D
:10149000C87AA8EE270AF1EE10FA59DCF7EE006AD6
:1014A00076EEC77AB4EEE78AF1EE10FA0DDD38EE8B
:1014B000666AC6EE077AB0EE676AA7EEA76A77EEAD
:1014C000867A77EEA67A30EE670AB1EE400A21E717
:1014D000002341E70023C4ED067A2AE738EE675A75
:1014E00085EE076AB0EE465AA6EE065A36EE056A53
:1014F00076EE277A75EEA75A90E778EE665A85EE73
:10150000876AF0EE465AE6EE065A36EE256A76EE21
:10151000266A30EE260AC7E6C7EE876AF0EE005A62
:1015200066EEE67AE6EEA57A37EEC66A30EE460A51
:10153000E1E687EE876AF0EE004AB7EE005A66EE03
:10154000467AE6EE247A77EEC57A75EEE75A89E7B1
:1015500088EE076AF7EE005A66EE466AE6EE276AFC
:1015600076EEE57A30EE670AAFE788EE075AF0EEDE
:10157000004A77EEC76A25EE456AA5EE246A76EE44
:10158000677A75EEA75A49E7C8EE075AB0EE005AD7
:1015900025EEE56AA5EE856A76EE666A30EE260AE5
:1015A00082E690ED077A90ED068A9FED030AB1E698
:1015B000F4FD343FDB0FC94000000000D0ED057A98
:1015C00020EE270A704700BF0B460146184600F080
:1015D000F5BA00000000000030B410EE103A2DED16
:1015E000028BA3F5000110EE902AB1F1FE4F10EE30
:1015F000104A82B04FEA42017ED201F1FF3C6FF007
:101600008070844580F0F980002004F1404303F5A8
:101610004D03C3F3C341DB0DDB05E21ADB1507EE17
:10162000903ABFEE001BB24B03EB011191ED004B62
:1016300005EE102AB7EEC55AA4EE051B93ED444BF8
:1016400021EE012B93ED465B93ED403BA1EE045B55
:1016500093ED426B93ED484BA1EE036B22EE023B00
:10166000B8EEE78BB7EEE07A91ED020B38EE000BA7
:10167000A1EE040BA2EE050BA6EE030B27EE000B6A
:1016800010EE903A48F2BF02C3F3CF33934252D2E6
:10169000B7EE007B974B93ED402B30EE023B13EE01
:1016A000102A33EE423B02F01F01821803EBC10007
:1016B00053F83140456830EE433B93ED465B93ED84
:1016C000424BA3EE057BB0EE470B93ED446B00233A
:1016D000181905EBC23141EC170BA3EE046B23EE96
:1016E000034BA6EE040B20EE070BB7EEC00B02B0C7
:1016F000BDEC028B30BC70474D1E6FF08070854290
:1017000080F0CE8059004D1E854280F09280002BE3
:1017100055DB0020B4F5000FBFF477AFDFED767A2C
:1017200007EE103A67EE277A17EE904A24F000444D
:10173000A4F1386469E79FED667BB4EEC70BF1EE68
:1017400010FA15DC9FED647BB4EEC70BF1EE10FAD6
:1017500020DD4FF04C5388B10193DDED017ABFEEEF
:10176000007A77EE677AF4EE477AF1EE10FA11D04C
:1017700002B0BDEC028B30BC00F0F0B90093DDED9F
:10178000007AB7EE007A77EE877AF4EE477AF1EED8
:1017900010FAEDD19FED527BB4EEC70BF1EE10FACB
:1017A00057D99FED517BB4EEC70BF1EE10FA7FF5E0
:1017B0006FAF02B0BDEC028B30BC00F0C9B9C2F310
:1017C000C7517E2911DD962954DC0120C1F1960113
:1017D00000FA01F1481E104207D111EA020018BFB9
:1017E0004FF4803024F0004494E700EE103A02B049
:1017F000BDEC028B30BC00F0C9B9002952D0B3F166
:101800007E5F2CD06400B4F17F4F2ED8B1F17F4FB2
:101810002BD1B4F1FE4F4BD0B4F1FE4F6FEA020270
:1018200034BF00240124D20F94424CD09FED330AE0
:101830005DE7002B20EE000A1EDB002000293AD1D4
:10184000002ABFF654AF02B0BDEC028B30BC00F0F2
:101850008BB902B0BDEC028B30BC00F073B982F4DE
:101860008002520012F5000F22D907EE903A37EEAF
:10187000A00A3CE70020B5E7C2F3C753A3F17F00FD
:101880001728DAD8C3F19600012303FA00F0441EAA
:101890001442D2D11040D1D0B1EE400A1846CDE763
:1018A0000029AFD184F48002520012F5000FDCD879
:1018B000B7EE000A1BE7002ABFF619AFF7EE007A71
:1018C00087EE800A13E720EEA00A10E7AFF300804E
:1018D00071D5D1FFFFFF5F40E2AAA3FFFFFF5F408A
:1018E0000000000000C062C00000000000A062C054
:1018F000802E0108A82F01080000004B0000000006
:1019000030B510EE104AC4F30A53B3F57D7FB7EE3D
:10191000C06A83B01BD226EE065BB3F5667F70D338
:1019200026EE052B25EE021B754B93ED1A3B93ED2E
:10193000187B93ED164BA5EE037BA2EE046BB0EE85
:10194000460BA7EE010BB7EEC00B03B030BD40F263
:101950002E42934260D86A4991ED087B26EE077BC0
:10196000FDEEC77B91ED0A5B17EE903A03F500039D
:101970001B1613F0020F07EE903A01F1700208BF38
:101980000A46D807B8EEE77BA7EE456BB0EE460BEC
:1019900026EE067B1BD403F0030301EBC30392ED99
:1019A0001A5B93ED003B92ED186B20EE030B92ED6A
:1019B000164BA7EE056B20EE075B27EE057BA5EE29
:1019C000040BA6EE070BB7EEC00B03B030BD92EDD3
:1019D000142B27EE075B92ED126B92ED0E3BA7EEF8
:1019E000026B92ED0C0B92ED104BA7EE030B27EE62
:1019F000057BA5EE040BA6EE070BB7EEC00B03B0FC
:101A000030BD220D12F4FF6FDFD1B7EEC55B00EEE3
:101A1000104A8DED015AD8E7B3F5FF6F4BD2394B21
:101A2000C4F3836203EB820153F822200D69C4F3EF
:101A30001603C4F3C25043F400038340086A03FB57
:101A400002F2A3FB0010E3FB050202F100518D0F2F
:101A500001F04041511AEEF721FE2B4B9FED267B02
:101A600005EBD47441EC160B14F0020FA3F17002D5
:101A700008BF1346E90726EE077B27EE076B1FD446
:101A800004F0030402EBC40493ED1A4B94ED002B15
:101A900093ED185B27EE027B93ED163BA6EE045BFD
:101AA00027EE064B26EE046BA4EE037BA5EE067B29
:101AB000B7EEC70B89E703B0BDE8304000F066B869
:101AC00093ED142B26EE065B93ED127B93ED0E3B0C
:101AD000A6EE027B93ED0C0B93ED104BA6EE030BE1
:101AE00026EE056BA5EE040BA7EE060BB7EEC00BBA
:101AF0006BE700BFAFF30080182D4454FB21193C65
:101B000050310108F0300108C031010810B582B031
:101B10008DED010A044600F05FF89DED010A0460B6
:101B200002B010BD30B1F1EE407A27EE800A2220DB
:101B3000FFF7ECBFF0EE407A27EE800A2220FFF795
:101B4000E5BF00BF9FED010AFFF7ECBF00000010EA
:101B50009FED010AFFF7E6BF0000201A9FED010A82
:101B6000FFF7E0BF000000709FED070AFFEE007A6C
:101B7000B7EE007A00284FF0220047FE277A87EE62
:101B8000800AFFF7C3BF00BF0000000070EE407A7C
:101B9000B4EE400A87EEA77AF1EE10FAB0EE470AEB
:101BA00002D62120FFF7B2BF704700BF024B0A46A2
:101BB0000146186800F058B8A805002410B5054C77
:101BC00013462CB10A4601460220AFF3008010BD37
:101BD0002046FCE700000000014B1868704700BF7A
:101BE000A805002470B50D4D0D4C641BA4100026F3
:101BF000A64209D10B4D0C4C01F066FB641BA410EE
:101C00000026A64205D170BD55F8043B9847013621
:101C1000EEE755F8043B98470136F2E7E832010851
:101C2000E8320108E832010810330108024B01468E
:101C3000186800F029B800BFA80500240A449142A2
:101C400000F1FF3300D1704710B511F8014B03F8D4
:101C5000014F9142F9D110BD02440346934200D195
:101C6000704703F8011BF9E713B54A431146019287
:101C700000F056F8044618B1019A0021FFF7ECFF76
:101C8000204602B010BD000037B5002944D051F8FD
:101C9000043C0190002BA1F10404B8BFE41800F04B
:101CA000CFF91E4A0198136833B96360146003B01A
:101CB000BDE8304000F0CAB9A34208D925686119CF
:101CC0008B4201BF19685B6849192160EDE71A462C
:101CD0005B680BB1A342FAD911685518A5420BD124
:101CE000246821445418A3421160E0D11C685B6849
:101CF000536021441160DAE702D90C230360D6E770
:101D0000256861198B4204BF19685B68636004BF72
:101D1000491921605460CAE703B030BD48F6002479
:101D2000F8B5CD1C25F0030508350C2D38BF0C2562
:101D3000002D064601DBA94203D90C2333600020A5
:101D4000F8BD00F07DF921490A6814469CB9204F7E
:101D50003B6823B92146304600F06AF838602946CE
:101D6000304600F065F8431C23D10C233360304625
:101D700000F06CF9E3E723685B1B17D40B2B03D946
:101D800023601C44256004E06368A2420CBF0B6022
:101D90005360304600F05AF904F10B00231D20F087
:101DA0000700C21ACCD01B1AA350C9E722466468A8
:101DB000CCE7C41C24F00304A042E3D0211A30462F
:101DC00000F036F80130DDD1CFE700BF48F600243F
:101DD0004CF600240FB40A4B13B51C6824B1A36958
:101DE00013B9204600F08CF805AB049AA168019362
:101DF000204600F05BF902B0BDE8104004B0704727
:101E0000A8050024094B13B51C68014634B1A36929
:101E100023B90190204600F073F80199A26820468A
:101E200002B0BDE8104000F005BC00BFA8050024CA
:101E300038B5064D0023044608462B6000F0FEFE30
:101E4000431C02D12B6803B1236038BD54F6002433
:101E5000002310B50446C0E90033C0E904338360B1
:101E600081814366C2818361194608225C30FFF795
:101E7000F3FE054B6362054BA362054BE362054B22
:101E80002462236310BD00BFC5260108E7260108B0
:101E90001F27010843270108014900F0AFB800BF20
:101EA0001D2A010870B568224D1E55430E4605F1E6
:101EB0007401FFF735FF044640B10021C0E9001668
:101EC0000C30A06005F16802FFF7C6FE204670BD29
:101ED000014800F0B3B800BF51F60024014800F0FB
:101EE000AEB800BF51F60024014800F0A7B800BF0B
:101EF00052F60024014800F0A2B800BF52F60024B8
:101F000010B50446FFF7F0FFA3691BB1BDE8104010
:101F1000FFF7F0BFC4E912332365134B134A1B6864
:101F2000A262A34204BF0123A361204600F020F86F
:101F30006060204600F01CF8A060204600F018F811
:101F40000022E06004216068FFF782FFA0680122A0
:101F50000921FFF77DFFE06802221221FFF778FFD9
:101F60000123A361D2E700BF30320108991E0108A6
:101F7000F8B50746FFF7ACFF1E4B1E68B36913B9EF
:101F80003046FFF7BDFF4836D6E90134013B03D5A3
:101F900033680BB33668F7E7B4F90C50D5B9164B74
:101FA000E36004F15800656600F047F8FFF796FF1C
:101FB000C4E90155C4E904552560A56108222946F4
:101FC00004F15C00FFF748FEC4E90D55C4E9125561
:101FD0002046F8BD6834D9E704213846FFF762FF90
:101FE000044630600028D5D1FFF778FF0C233B6012
:101FF000EEE700BF303201080100FFFF2DE9F84392
:102000000646884600F148040027D4E90195B9F155
:10201000010905D52468002CF7D13846BDE8F883BE
:10202000AB89012B07D9B5F90E30013303D029460E
:102030003046C04707436835E9E770477047704747
:102040000148FFF7FBBF00BF50F600240148FFF72F
:10205000F6BF00BF50F600249368013B002B10B47C
:10206000936008DA9469A34201DB0A2903D15DF881
:10207000044B00F06BBB1368581C106019700846C5
:102080005DF8044B7047F8B506460F461446D51860
:10209000AC4201D1002007E014F8011B3A4630465B
:1020A000FFF7DAFF431CF3D1F8BD00002DE9F04F34
:1020B0000D469DB014469846064618B183690BB983
:1020C000FFF71EFF894B9D421BD175686B6ED907C8
:1020D00005D4AB899A0502D4A86DFFF7AFFFAB8991
:1020E0001B0701D52B69EBB92946304600F092FB5E
:1020F000C0B16B6EDC070ED54FF0FF301DB0BDE8F0
:10210000F08F7B4B9D4201D1B568DFE7794B9D4253
:1021100008BFF568DAE7AB899805EDD4A86DFFF73D
:102120008EFFE9E70023099320238DF82930CDF8AD
:102130000C803023DFF8C0818DF82A304FF0010980
:1021400023469A4613F8012B0AB1252AF9D1BAEB96
:10215000040B0BD05B46224629463046FFF793FF1F
:10216000013000F0AA80099A5A4409929AF8003086
:10217000002B00F0A28000234FF0FF32CDE90523B1
:102180000AF1010A049307938DF853301A935446C9
:10219000052214F8011B5848EEF7A2F8049AD8B9A2
:1021A000D10644BF20238DF85330130744BF2B239F
:1021B0008DF853309AF800302A2B15D0079A5446E0
:1021C00000204FF00A0C214611F8013B303B092B4F
:1021D0004ED9B0B1079214E0A0EB080309FA03F35B
:1021E00013430493A246D2E7039B191D1B68039176
:1021F000002BBBBF5B4242F0020207930793B8BFBC
:10220000049223782E2B0CD163782A2B35D1039B93
:102210001A1D1B680392002BB8BF4FF0FF33023426
:102220000593DFF8E4A0217803225046EEF758F832
:1022300040B14023A0EB0A0003FA00F0049B0343E3
:102240000134049314F8011B2C488DF82810062241
:10225000EEF746F800283FD0294B1BBB039B073302
:1022600023F0070308330393099B3B44099367E773
:102270000CFB02320C460120A5E700230134059334
:1022800019464FF00A0C204610F8012B303A092A63
:1022900003D9002BC5D00591C3E70CFB01210446EF
:1022A0000123F0E703AB00932A46164B04A93046FE
:1022B000AFF300800746781CD6D16B6ED90705D4E2
:1022C000AB899A0502D4A86DFFF7B9FEAB895B060E
:1022D0003FF512AF099811E703AB00932A46094B6B
:1022E00004A9304600F080F8E4E700BF543201084A
:1022F0007432010834320108943201089E32010818
:1023000000000000872001089A3201082DE9F047FB
:10231000164699468A680B69DDF820809342B8BF5B
:102320001346336091F8432007460C460AB1013347
:1023300033602368990642BF3368023333602568EF
:1023400015F0060506D104F1190AE36832689B1AF4
:10235000AB4226DC94F84320131E226818BF0123E9
:1023600092062BD404F1430249463846C047013057
:102370001ED02368E568326803F00603042B08BF0B
:10238000AD1AA36822690CBF25EAE57500259342C2
:10239000C4BF9B1AED1800261A34B5421AD100208A
:1023A00008E00123524649463846C047013003D170
:1023B0004FF0FF30BDE8F0870135C6E7E1185A1C41
:1023C000302081F84300224494F8451082F84310ED
:1023D0000233C7E70123224649463846C047013049
:1023E000E6D00136D9E700002DE9FF470F7E0C9DAE
:1023F000782F914680460C469A4601F1430207D851
:10240000622F0AD8002F00F0D880582F00F0A38048
:1024100004F1420584F842703AE0A7F16303152BFA
:10242000F6D801A151F823F0812401089524010870
:1024300011240108112401081124010811240108A4
:102440009524010811240108112401081124010810
:1024500011240108A1250108C524010883250108CC
:102460001124010811240108C325010811240108C1
:10247000C524010811240108112401088B25010835
:102480002B681A1D1B682A6004F1420584F842304B
:102490000123A3E020682968060601F104030AD598
:1024A0000E682B60002E03DA2D23764284F8433029
:1024B0005E480A2319E00E682B6010F0400F18BF29
:1024C00036B2EFE72B682068191D2960010601D597
:1024D0001E6802E04606FBD51E8854486F2F0CBFCD
:1024E00008230A23002184F843106568A560002DA5
:1024F000A2BF216821F0040121600EB9002D4DD04A
:102500001546B6FBF3F103FB1167C75D05F8017DC6
:102510003746BB420E46F4D9082B0BD12368DE07A1
:1025200008D5236961689942DEBF302305F8013C74
:1025300005F1FF35521B2261CDF800A04B4603AADE
:1025400021464046FFF7E2FE01304CD14FF0FF300C
:1025500004B0BDE8F087354881F8457029682368E4
:1025600051F8046B29601D0614D5DF0744BF43F002
:10257000200323601EB9236823F020032360102367
:10258000B0E7236843F0200323607823284884F8C9
:102590004530E3E7590648BFB6B2E6E71546BBE764
:1025A0002B6826686169181D286035061B6801D5EF
:1025B000196002E07006FBD51980002323611546DF
:1025C000BAE72B681A1D2A601D6862680021284638
:1025D000EDF786FE08B1401B60606368236100234D
:1025E00084F84330A8E723692A4649464046D04745
:1025F0000130ABD023689B0713D4E068039B98425B
:10260000B8BF1846A4E70123324649464046D047A2
:1026100001309BD00135E36803995B1AAB42F2DCD1
:10262000EBE7002504F11906F5E700BFA532010824
:10263000B632010870B50D461446064618B18369D6
:102640000BB9FFF75DFC1C4B9C4224D17468636E90
:10265000D80705D4A389990502D4A06DFFF7EEFC35
:10266000A368013B002BA36005DAA26993421CDB3F
:10267000EBB20A2B19D023685A1C22601D70EDB2F0
:10268000636EDA0705D4A3899B0502D4A06DFFF71A
:10269000D6FC284670BD094B9C4201D1B468D6E7F0
:1026A000074B9C4208BFF468D1E7294622463046D2
:1026B00000F04CF80546E3E7543201087432010893
:1026C0003432010810B50C46B1F90E1000F05AFA78
:1026D0000028ABBF636DA3891B1823F48053ACBFE4
:1026E0006365A38110BD2DE9F0411F468B89DB0591
:1026F00005460C46164605D5B1F90E1002230022F8
:1027000000F0C8F9A389B4F90E1023F48053A38113
:1027100032463B462846BDE8F04100F069B810B5A6
:102720000C46B1F90E1000F0B5F9431CA38915BF92
:10273000606523F4805343F48053A38118BFA381C1
:1027400010BDB1F90E1000F0D3B80000F8B50E4678
:102750001446054618B183690BB9FFF7D1FB214B2D
:102760009C422BD16C68A369A360A3891A072FD55B
:1027700023696BB323692068C01A6369F6B2834288
:10278000374604DC2146284600F048F930BBA368F0
:10279000013BA36023685A1C22601E7063690130EC
:1027A000834204D0A389DB0706D50A2E04D1214633
:1027B000284600F033F988B93846F8BD0A4B9C42E8
:1027C00001D1AC68CFE7094B9C4208BFEC68CAE76F
:1027D0002146284600F01EF80028CBD04FF0FF37E6
:1027E000EAE700BF543201087432010834320108AC
:1027F00038B5074D04460846114600222A601A469D
:1028000000F02AFA431C02D12B6803B1236038BDC3
:1028100054F60024324B70B51D6806460C4625B1AF
:10282000AB6913B92846FFF76BFB2E4B9C420FD1C7
:102830006C68A389B4F90C2019072CD4DD0611D4D7
:102840000923336042F04003A3814FF0FF303EE0A4
:10285000254B9C4201D1AC68EBE7244B9C4208BF5E
:10286000EC68E6E7580712D5616B41B104F1440307
:10287000994202D03046FFF707FA00236363A38929
:1028800023F02403A3810023636023692360A389C9
:1028900043F00803A38123694BB9A38903F4207390
:1028A000B3F5007F03D02146304600F02BF9A08914
:1028B000B4F90C2010F001030AD00023A36063696F
:1028C0005B42A361236943B910F08000BAD170BDA7
:1028D000810758BF6369A360F4E70020F7E700BFF2
:1028E000A80500245432010874320108343201086A
:1028F00038B5064D0023044608462B6000F076F9F3
:10290000431C02D12B6803B1236038BD54F6002468
:102910008A892DE9F041054610070C4658D44B68CA
:10292000002B05DC0B6C002B02DC0020BDE8F081E5
:10293000E66A002EF9D0002312F480522F682B6033
:1029400032D0606DA3895A0705D56368C01A636BDE
:102950000BB1236CC01A00230246E66A216A28469E
:10296000B047431CA38906D129681D292CD82A4ABF
:10297000CA40D60728D500226260D90422692260A5
:1029800004D5421C01D12B6803B96065616B2F60CF
:102990000029CAD004F14403994202D02846FFF727
:1029A00073F900206063C1E7216A01232846B0471C
:1029B000411CC7D12B68002BC4D01D2B01D0162B76
:1029C00001D12F60B1E7A38943F04003A381ADE7B4
:1029D0000F69002FA9D093070E6808BF4B690F60DD
:1029E00018BF0023A6EB07088B60B8F1000F9CDD31
:1029F000216AA66A43463A462846B047002806DCC4
:102A0000A38943F04003A3814FF0FF308EE70744D2
:102A1000A8EB0008E9E700BF0100402038B50B69CA
:102A200005460C4613B90025284638BD18B1836900
:102A30000BB9FFF765FA144B9C421BD16C68B4F9D3
:102A40000C30002BEFD0626ED00704D4990502D46D
:102A5000A06DFFF7F3FA28462146FFF759FF636E92
:102A6000DA070546E0D4A3899B05DDD4A06DFFF706
:102A7000E6FAD9E7054B9C4201D1AC68DFE7044B8D
:102A80009C4208BFEC68DAE754320108743201084E
:102A90003432010838B5074D044608461146002275
:102AA0002A601A4600F0BAF8431C02D12B6803B121
:102AB000236038BD54F6002470B50E46B1F90E10EF
:102AC000002996B014461D4608DAB6F90C300022EB
:102AD0002A601A0610D44FF480630EE06A4600F0B4
:102AE00063F80028F1DB019A02F47042A2F500536A
:102AF0005A425A412A60EEE740230020236016B074
:102B000070BD00008B8973B59D0706460C4607D53E
:102B100004F14703236023610123636102B070BDA8
:102B200001AB6A46FFF7C8FF009905463046FFF73C
:102B3000F7F848B9B4F90C309A05EFD423F0030341
:102B400043F00203A381E3E70D4BB362A389206046
:102B500043F08003A381009B6361019B20615BB113
:102B6000B4F90E10304600F031F828B1A38923F0F3
:102B7000030343F00103A381A0890543A581CDE7A9
:102B8000991E010838B5074D044608461146002233
:102B90002A601A4600F04AF8431C02D12B6803B1A0
:102BA000236038BD54F6002438B5074D0023044691
:102BB000084611462B6000F021F8431C02D12B6817
:102BC00003B1236038BD00BF54F6002438B5064D6C
:102BD0000023044608462B6000F018F8431C02D17D
:102BE0002B6803B1236038BD54F60024024B5822F1
:102BF0001A604FF0FF30704754F60024024B582201
:102C00001A604FF0FF30704754F60024024B5822F0
:102C10001A600020704700BF54F60024024B58226F
:102C20001A604FF0FF30704754F60024024B5822D0
:102C30001A604FF0FF30704754F60024044A0549EB
:102C40001368002B08BF0B461844106018467047E5
:102C500058F600245CF60024024B58221A604FF00C
:102C6000FF30704754F600240303020303010203FC
:102C70000303030302020301000000000000000040
:102C8000020202020101020000540040005800400C
:102C9000005C0040001C00580000004000040040A0
:102CA00000080040000C00402500260027003400EA
:102CB00035004700520053008E0000000002030060
:102CC0000000000001000000000000000000FA45C4
:102CD00000007A460000FA4600803B470080BB4770
:102CE00000000000010203040102030406070809B2
:102CF00000020102000201020100020004000800BB
:102D000010002000400080000001000200040008C4
:102D1000001000200040008000000258000402580B
:102D200000080258000C0258001002580014025803
:102D300000180258001C02580020025800240258B3
:102D400000280258000000000006101600061016A9
:102D50004552524F523A2000496E76616C696420A8
:102D60004465766963652068616E646C6500000087
:102D7000496E76616C696420436C6173732068618D
:102D80006E646C65000000000B00FF00A4000024CE
:102D90008C000024980000245C000024C80000245B
:102DA000B0000024BC00002468000024EC000024D3
:102DB000D4000024E00000247400002438C3002460
:102DC00020C300242CC3002408C300245CC30024B7
:102DD00044C3002450C3002414C300241001002461
:102DE000F80000240401002480000024456C656381
:102DF00074726F736D6974680000000044616973D8
:102E00007920536565642045787465726E616C0045
:102E100043444320436F6E66696700004344432088
:102E2000496E746572666163650000004461697390
:102E3000792053656564204275696C7420496E0081
:102E4000018080808080808004808080808080807D
:102E5000088080808080808010808080808080805A
:102E60002080808080808080400000000004081066
:102E70002040000002040810204000000000000074
:102E8000BEF3F879EC61F63F1930965BC6FEDEBF03
:102E90003D88AF4AED71F53FA4FCD432680BDBBF2F
:102EA000B010F0F03995F43F7BB71F0A8B41D7BFC4
:102EB0008503B8B095C9F33F7BCF6D1AE99DD3BFA9
:102EC000A564880C190DF33F31B6F2F39B1DD0BFFA
:102ED000A08E0B7B225EF23FF07A3B1B1D7CC9BFAC
:102EE0003F341A4A4ABBF13F9F3CAF93E3F9C2BF5C
:102EF000BAE58AF05823F13F5C8D78BFCB60B9BF4B
:102F0000A70099413F95F03FCE5F47B69D6FAABF9E
:102F1000000000000000F03F000000000000000082
:102F2000AC479AFD8C60EE3F3DF5249FCA38B33F15
:102F3000A06A021FB3A4EC3FBA913854A976C43FEB
:102F4000E6FC6A573620EB3FD2E4C44A0B84CE3FFE
:102F50002DAAA163D1C2E93F1C65C6F04506D43F46
:102F6000ED417803E686E83FF89F1B2C9C8ED83F06
:102F7000624853F5DC67E73FCC7BB14EA4E0DC3F11
:102F80000B6E49C91676D23F7AC675A06919D7BFAC
:102F9000DDBAA76C0AC7DE3FC8F6BE484715E7BFD3
:102FA0002BB82A654715F73F000000000000F03FEE
:102FB000748515D3B0D9EF3F0F89F96C58B5EF3F41
:102FC000515B12D00193EF3F7B517D3CB872EF3FD4
:102FD000AAB968318754EF3F3862756E7A38EF3F8F
:102FE000E1DE1FF59D1EEF3F15B7310AFE06EF3FEC
:102FF000CBA93A37A7F1EE3F2234124CA6DEEE3FC2
:103000002D89616008CEEE3F272A36D5DABFEE3F24
:10301000824F9D562BB4EE3F295448DD07ABEE3F5F
:1030200085553AB07EA4EE3FCD3B7F669EA0EE3F35
:10303000745FECE8759FEE3F8701EB7314A1EE3FE0
:1030400013CE4C9989A5EE3FDBA02A42E5ACEE3FBA
:10305000E5C5CDB037B7EE3F90F0A38291C4EE3F07
:103060005D253EB203D5EE3FADD35A999FE8EE3FC2
:10307000475EFBF276FFEE3F9C5285DD9B19EF3FEA
:103080006990EFDC2037EF3F87A4FBDC1858EF3F57
:103090005F9B7B33977CEF3FDA90A4A2AFA4EF3F16
:1030A00040456E5B76D0EF3F000000000000E84234
:1030B0009423914BF86AAC3FF3C4FA50CEBFCE3F95
:1030C000D6520CFF422EE63F0000000000003843BD
:1030D000FE822B65471547409423914BF86ABC3E0E
:1030E000F3C4FA50CEBF2E3FD6520CFF422E963F6D
:1030F000A2000000F9A2000083F9A2006E83F9A2E9
:103100004E6E83F9444E6E8315444E6E2915444E1F
:10311000FC29154427FC29155727FC29D15727FCE2
:10312000F5D1572734F5D157DD34F5D1C0DD34F56D
:10313000DBC0DD3462DBC0DD9562DBC0999562DB0C
:103140003C999562433C999590433C994190433C0E
:10315000000000000000F03F000000000000F0BF91
:10316000000000000000F0BF000000000000F03F81
:1031700083C8C96D305F6441182D4454FB21F93F69
:10318000000000000000F03F1C620CFDFFFFDFBFED
:10319000198F06E15355A53F9D359AE887C056BF64
:1031A000C3F87B024393F93E03A695595455C5BF16
:1031B000C40B23057610813F24CF7437EB9429BFCD
:1031C000000000000000F03F000000000000F0BF21
:1031D000000000000000F0BF000000000000F03F11
:1031E00083C8C96D305F6441182D4454FB21F93FF9
:1031F000000000000000F0BF1C620CFDFFFFDF3F7D
:10320000198F06E15355A5BF9D359AE887C0563FF3
:10321000C3F87B024393F9BE03A695595455C5BF25
:10322000C40B23057610813F24CF7437EB9429BF5C
:10323000AC050024000000000000000000000000B9
:10324000000000000000000000000000000000007E
:10325000000000000000000000000000000000006E
:10326000000000000000000000000000000000005E
:10327000000000000000000000000000000000004E
:10328000000000000000000000000000000000003E
:1032900000000000232D302B2000686C4C00656678
:1032A0006745464700303132333435363738394197
:1032B00042434445460030313233343536373839AD
:1032C0006162636465660000F8B500BFF8BC08BCC5
:1032D0009E467047F8B500BFF8BC08BC9E467047D4
:0832E00048D4FE7F010000004C
:1032E800C5020008550C0008D9200008FD23000875
:1032F800892C0008B53200088D3E000841CB000833
:0833080039D000089DDC00082B
:04331000A10200080E
:103314000000000010000000000000000000000099
:103324000000000000000000000000001000000089
:103334000000000000000000000000000000000089
:103344000000000010000000000000000000000069
:103354000000000000000000000000000090D00306
:103364000090D0030100000010000000060A0500D0
:103374000405000000000000010C05010407010918
:10338400050000000004060000000000000000002A
:103394000004080000000000000000000104050013
:1033A40006050609050000000105050007050000E3
:1033B40000000000060B05000505000000000000E9
:1033C400010E0502020500000000000002010501D3
:1033D4000F050203050000000303050000000000C0
:1033E40000000000020B06010406000000000000BB
:1033F400020C06010507000000000000020A060096
:10340400000000000000000001040800060800009D
:10341400000000000105080007080000000000008B
:10342400000508000000000000000000000000008B
:103434000000000000000000000000000000000088
:103444000000000001000000000000000000000077
:103454000000000000000000000000000000000068
:103464000100000000000000000000000000000057
:103474000000000000000000000000000100000047
:103484000000000000000000000000000000000038
:103494000000000000000000010000000000000027
:1034A4000000000000000000000000000000000018
:1034B4000000000001000000000000000000000007
:1034C40000000000000000000000000000000000F8
:1034D40001000000000000000000000000000000E7
:1034E40000000000000000000000000001000000D7
:1034F40000000000000000000000000000000000C8
:1035040000000000000000000100000000000000B6
:1035140000000000000000000000000000000000A7
:103524000000000001000000000000000000000096
:103534000000000000000000000000000000000087
:103544000100000000000000000000000000000076
:103554000000000000000000000000000100000066
:103564000000000000000000000000000000000057
:103574000000000000000000010000000000000046
:103584000000000000000000000000000000000037
:103594000000000001000000010708000000000016
:1035A4000000000001060800000000000000000008
:1035B4000B00FF0034030024280300244C030024E0
:1035C400400300246403002458030024F802002468
:1035D400EC020024100300240403002434D4002447
:1035E400700300241C03002410D4002428D40024D5
:1035F4001CD4002494020024880200240108080238
:103604000B08000108000000010908020A08000074
:1036140008000000010C0E03020801050E00000062
:10362400020C0801060E00000000000001040B005B
:103634000000000000000000010707010F04000063
:1036440000000000010607010E0400000000000055
:103654000003070000000000000000000002070053
:103664000000000000000000020B07000000000042
:1036740000000000020A0700000000000000000033
:10368400060907000000000000000000BDDF00087C
:1036940061DF000835E0000865DF0008F9DF000895
:1036A4009DE0000869E0000891DF000800C2010005
:1036B4000000080000C2010000000800C5E0000886
:1036C400D1E00008DDE000084DE1000891E10008C8
:1036D40015E1000831E10008B9E0000869E10008DB
:1036E40075E10008F9E00008B5E20008F5E3000818
:1036F400D9E300081201000202020040830440578B
:103704000002010203010000120100020202004053
:10371400830440570002010203010000040309046A
:103724001A03000000000000000000000000000078
:103734000000000000000000000000004911010822
:10374400051101083910010800000000110F0108DB
:10375400E90F0108B90F0108000000000000000093
:1037640000000000610F01083D0F0108850F0108EA
:10377400A90F01080000000009024300020100C073
:1037840032090400000102020100052400100105B1
:103794002401000104240202052406000107058215
:1037A4000308001009040100020A000000070501D3
:1037B40002400000070581024000000009024300A6
:1037C400020100C0320904000001020201000524C4
:1037D400001001052401000104240202052406004E
:1037E400010705820308001009040100020A000011
:1037F4000007050102000200070581020002000023
:103804000A0600020000004001000000090743000E
:10381400020104C03209040000010202010005246F
:1038240000100105240100010424020205240600FD
:10383400010705820308001009040100020A0000C0
:103844000007050102400000070581024000000056
:1038540009026500020100C05009040000000101D2
:10386400000009240100010900010109040100020A
:1038740001030000072401000141000624020101A4
:1038840000062402020200092403010301020100CC
:103894000924030206010101000905010240000098
:1038A4000000052501010109058102400000000016
:1038B4000525010103000000AC0500240000000000
:1038C4005432010874320108343201080000000047
:1038D40000000000000000000000000000000000E4
:1038E40000000000000000000000000000000000D4
:1038F40000000000000000000000000000000000C4
:1039040000000000000000000000000000000000B3
:0C391400000000000000000000000000A7
:0400000508000A01E4
:00000001FF
