:020000040800F2
:10000000000002205909000855090008D97B0008A2
:1000100055090008550900085509000800000000AE
:10002000000000000000000000000000550900086A
:100030005509000800000000550900085D7B000814
:100040005509000855090008550900085509000818
:100050005509000855090008550900085509000808
:10006000550900085509000855090008E957000816
:10007000F55700086D420008015800080D580008A7
:10008000DD740008194D00085509000855090008DD
:1000900055090008550900085509000855090008C8
:1000A00055090008550900085509000855090008B8
:1000B0008935010895350108A13501084D4D000825
:1000C00055090008594D000855090008C16300088A
:1000D000CD630008117300083D73000871730008B8
:1000E00055090008550900080000000055090008DE
:1000F0005509000855090008550900085509000868
:100100005509000855090008AD350108D9630008F4
:10011000A5730008D973000839450008550900087F
:10012000214500082D450008FD63000831640008E2
:1001300011750008550900085509000855090008FF
:1001400000000000000000000000000000000000AF
:100150005509000855090008550900080D740008E4
:10016000654D0008550900086D7B0008917B00086B
:1001700055090008B57B0008550900085509000815
:1001800055090008550900084174000875740008F5
:10019000E5630008F16300085509000855090008E7
:1001A00055090008550900085509000855090008B7
:1001B00009550008550900085509000855090008A7
:1001C0005509000855090008550900085509000897
:1001D0005509000855090008550900085509000887
:1001E0005509000855090008550900085509000877
:1001F0005509000855090008550900085509000867
:100200005509000855090008550900085509000856
:100210005509000855090008550900085509000846
:10022000550900085509000855090008000000009C
:10023000550900085509000800000000550900088C
:100240005509000855090008550900085509000816
:100250005509000855090008550900085509000806
:1002600055090008550900085509000855090008F6
:100270005509000855090008A9740008000000008D
:10028000550900085509000855090008000000003C
:08029000000000005509000800
:1002980010B5054C237833B9044B13B10448AFF3B8
:1002A80000800123237010BDE80300240000000033
:1002B8003854010808B5034B1BB103490348AFF391
:1002C800008008BD00000000EC0300243854010839
:1002D80081F0004102E000BF83F0004330B54FEAEF
:1002E80041044FEA430594EA050F08BF90EA020F5C
:1002F8001FBF54EA000C55EA020C7FEA645C7FEAEF
:10030800655C00F0E2804FEA5454D4EB5555B8BF11
:100318006D420CDD2C4480EA020281EA030382EA82
:10032800000083EA010180EA020281EA0303362D14
:1003380088BF30BD11F0004F4FEA01314FF4801CE7
:100348004CEA113102D0404261EB410113F0004FF9
:100358004FEA03334CEA133302D0524263EB4303B0
:1003680094EA050F00F0A780A4F10104D5F1200E4E
:100378000DDB02FA0EFC22FA05F2801841F10001A9
:1003880003FA0EF2801843FA05F359410EE0A5F17D
:1003980020050EF1200E012A03FA0EFC28BF4CF0AE
:1003A800020C43FA05F3C01851EBE37101F0004564
:1003B80007D54FF0000EDCF1000C7EEB00006EEB71
:1003C8000101B1F5801F1BD3B1F5001F0CD34908FB
:1003D8005FEA30004FEA3C0C04F101044FEA445252
:1003E80012F5800F80F09A80BCF1004F08BF5FEAD9
:1003F800500C50F1000041EB045141EA050130BDB9
:100408005FEA4C0C404141EB0101013C28BFB1F5CA
:10041800801FE9D291F0000F04BF01460020B1FA15
:1004280081F308BF2033A3F10B03B3F120020CDAE8
:100438000C3208DD02F1140CC2F10C0201FA0CF0C6
:1004480021FA02F10CE002F11402D8BFC2F1200C2B
:1004580001FA02F120FA0CFCDCBF41EA0C019040E1
:10046800E41AA2BF01EB0451294330BD6FEA04042A
:100478001F3C1CDA0C340EDC04F11404C4F1200215
:1004880020FA04F001FA02F340EA030021FA04F327
:1004980045EA030130BDC4F10C04C4F1200220FA7E
:1004A80002F001FA04F340EA0300294630BD21FABC
:1004B80004F0294630BD94F0000F83F4801306BF82
:1004C80081F480110134013D4EE77FEA645C18BF76
:1004D8007FEA655C29D094EA050F08BF90EA020F0D
:1004E80005D054EA000C04BF1946104630BD91EA05
:1004F800030F1EBF0021002030BD5FEA545C05D108
:100508004000494128BF41F0004130BD14F5800446
:100518003CBF01F5801130BD01F0004545F0FE41BA
:1005280041F470014FF0000030BD7FEA645C1ABFEF
:10053800194610467FEA655C1CBF0B46024650EA26
:10054800013406BF52EA033591EA030F41F4002152
:1005580030BD00BF90F0000F04BF0021704730B5D8
:100568004FF4806404F132044FF000054FF00001AD
:1005780050E700BF90F0000F04BF0021704730B56E
:100588004FF4806404F1320410F0004548BF404243
:100598004FF000013EE700BF42004FEAE2014FEA98
:1005A80031014FEA02701FBF12F07F4393F07F4F73
:1005B80081F06051704732F07F4208BF704793F076
:1005C8007F4F04BF41F40021704730B54FF4607489
:1005D80001F0004521F000411CE700BF50EA01028C
:1005E80008BF704730B54FF000050AE050EA010235
:1005F80008BF704730B511F0004502D5404261EBA5
:1006080041014FF4806404F132045FEA915C3FF4E5
:10061800D8AE4FF003025FEADC0C18BF03325FEA82
:10062800DC0C18BF033202EBDC02C2F1200300FA33
:1006380003FC20FA02F001FA03FE40EA0E0021FA58
:1006480002F11444BDE600BF53B94AB9002908BFF6
:1006580000281CBF4FF0FF314FF0FF3000F074B995
:10066800ADF1080C6DE904CE00F006F8DDF804E001
:10067800DDE9022304B070472DE9F047089D0446E0
:100688008E46002B4DD18A42944669D9B2FA82F23D
:1006980052B101FA02F3C2F1200120FA01F10CFA79
:1006A80002FC41EA030E94404FEA1C48210CBEFBB1
:1006B800F8F61FFA8CF708FB16E341EA034306FB3A
:1006C80007F199420AD91CEB030306F1FF3080F0C9
:1006D8001F81994240F21C81023E63445B1AA4B216
:1006E800B3FBF8F008FB103344EA034400FB07F7B8
:1006F800A7420AD91CEB040400F1FF3380F00A81F9
:10070800A74240F207816444023840EA0640E41BED
:1007180000261DB1D4400023C5E900433146BDE899
:10072800F0878B4209D9002D00F0EF800026C5E93B
:10073800000130463146BDE8F087B3FA83F6002E53
:100748004AD18B4202D3824200F2F980841A61EBCB
:10075800030301209E46002DE0D0C5E9004EDDE7E9
:1007680002B9FFDEB2FA82F2002A40F09280A1EBD1
:100778000C014FEA1C471FFA8CFE0126200CB1FB26
:10078800F7F307FB131140EA01410EFB03F088421F
:1007980008D91CEB010103F1FF3802D2884200F2AC
:1007A800CB804346091AA4B2B1FBF7F007FB10113E
:1007B80044EA01440EFB00FEA64508D91CEB0404DC
:1007C80000F1FF3102D2A64500F2BB800846A4EB37
:1007D8000E0440EA03409CE7C6F12007B34022FA22
:1007E80007FC4CEA030C20FA07F401FA06F31C4351
:1007F800F9404FEA1C4900FA06F3B1FBF9F8200C5E
:100808001FFA8CFE09FB181140EA014108FB0EF0A3
:10081800884202FA06F20BD91CEB010108F1FF3AF3
:1008280080F08880884240F28580A8F102086144FF
:10083800091AA4B2B1FBF9F009FB101144EA01410D
:1008480000FB0EFE8E4508D91CEB010100F1FF34B8
:100858006CD28E456AD90238614440EA0840A0FB50
:100868000294A1EB0E01A142C846A64656D353D026
:100878005DB1B3EB080261EB0E0101FA07F722FA4A
:1008880006F3F1401F43C5E9007100263146BDE873
:10089800F087C2F12003D8400CFA02FC21FA03F3D6
:1008A800914001434FEA1C471FFA8CFEB3FBF7F057
:1008B80007FB10360B0C43EA064300FB0EF69E427C
:1008C80004FA02F408D91CEB030300F1FF382FD215
:1008D8009E422DD9023863449B1B89B2B3FBF7F6BD
:1008E80007FB163341EA034106FB0EF38B4208D996
:1008F8001CEB010106F1FF3816D28B4214D9023ED7
:100908006144C91A46EA004638E72E46284605E7F4
:100918000646E3E61846F8E64B45A9D2B9EB0208C5
:1009280064EB0C0E0138A3E74646EAE7204694E755
:100938004046D1E7D0467BE7023B614432E7304688
:1009480009E76444023842E7704700BFFEE700BF8A
:100958000B480C4A904203D0121A0B4913F0EEFDD3
:100968000A480B4A904203D0121A002113F0F4FDF2
:1009780007F088FB13F0B6FD01F020FAFEE700BF90
:1009880000000024E803002468540108E803002458
:10099800ACC90024704700BF704700BF704700BF54
:1009A800704700BF402070478020704749424FF48D
:1009B80080621430C9B213F0CFBD00BFF2B12DE987
:1009C800F04115464FF000080E1F01F10C040C4FC2
:1009D8000C4812F0CBFF0A4812F0BAFE31464FEA33
:1009E800880C51F8043F386B6344A1421860F8D171
:1009F80008F101084545EBD1BDE8F081704700BF1B
:100A080004040024E89A002410B5044640F2144176
:100A180013F071F9204610BD1BB913690BB1D268E8
:100A280018477047B9B30144F0B51546A5B002F1AF
:100A38002407441E4E1E01E0A6422AD014F8011FC6
:100A48006A46384603F0A8F80028F5D0D5F8C4C09F
:100A580090226946D5E93203C31A00F1010E00EB72
:100A6800C00048BF63440CF1FF3C9C45E4D0D5F876
:100A7800C030C5F8C8E003EB001013F05FFDD5E9FE
:100A880031239342A3EB020328BFC5F8C830A6421E
:100A9800D4D125B0F0BD70472DE9F041B02482B023
:100AA80000F1080600F1100500F114080027284697
:100AB8008DF807400134394603F0D6FF642301223C
:100AC8000DF107013046E4B205F0DCFE3946284650
:100AD8008DF8077003F0C8FF012264230DF10701A8
:100AE800304605F0CFFE1023394628468DF80730EA
:100AF80003F0BAFF642301220DF10701304605F027
:100B0800C1FE0121284603F0AFFF8022414664233D
:100B18003046904405F0B6FEB82CC7D102B0BDE807
:100B2800F08100BF2DE9F04F89B008AC9DF84870FE
:100B3800019104E90C000B78002B00F0AB801A46F9
:100B48009DF818809DF8193006464546904603934F
:100B5800079B0593A8F12004E3B25E2B00F29E8068
:100B680033685E4ADB68934240F09B808020B388FC
:100B78002B44834200F392803368594A9B6893421E
:100B880040F092804020F188039A02918B188342AA
:100B980000F38480002A00F0918002FB04F46FF0D7
:100BA8000049059BA1441444B6F804B003EB490975
:100BB800023BCDF8108003EB44030C469A4639F803
:100BC80002CFA5B304F007034FF0010EE20859461F
:100BD8000EFA03FE0BF114034FFA8EFE03EBC2125A
:100BE80000236FEA0E0832440DE07F2906D83F2C17
:100BF80004D8107897B14EEA000010700133013222
:100C08000131AB4213D00CFA03F00004EDD47F2974
:100C1800F4D83F2CF2D81078002FECD0013308EA32
:100C2800000001320131AB4202F8010CEBD1D14591
:100C380004F10104C3D1DDF8108032680BEB050420
:100C48002649D368A4B28B4234D18020844204D38D
:100C5800D36822498B423AD17F249368204AB480D2
:100C6800934224D14020029B834206D333681C4A16
:100C78009B68934225D13F230293029BF380019BFB
:100C88001878404507D113F8018F0193B8F1000F88
:100C98007FF460AF002009B0BDE8F08F4FF0000886
:100CA800EDE73046984762E7304698476BE73046AD
:100CB8009847D8E7304698473268C7E7B6F804B08F
:100CC800BBE730469847013883B20293D5E73046F0
:100CD80098470138326884B2BFE700BFB1090008FD
:100CE800AD0900082DE9F04F85B0A1F1200504AC4D
:100CF8009DF83870009104E90C00EBB25E2B00F20D
:100D08009580036880465D4ADB689DF808409342F9
:100D18009DF8096040F094808020B8F8043023449E
:100D2800834200F38380D8F80030554A9B68934289
:100D380040F088804020B8F8062093190192834239
:100D480074DC002E00F0898006FB05F56FF000408A
:100D5800039B964628442E44B8F804A003EB4000B1
:100D6800023B03EB460B30F8026FBCB30EF00703EF
:100D78004FF0010C4FEADE0251460CFA03FC0AF16F
:100D880014034FFA8CFC03EBC21200236FEA0C0920
:100D980042440EE07F2907D8BEF13F0F04D81578EA
:100DA8009FB14CEA050515700133013201319C42AF
:100DB80014D006FA03F52D04ECD47F29F4D8BEF13B
:100DC8003F0FF1D81578002FEBD0013309EA05055C
:100DD800013201319C4202F8015CEAD158450EF11A
:100DE800010EC0D1D8F8003054442449DA68A4B2BE
:100DF8008A422DD1802084421CD29B68204AA8F8C0
:100E08000440934221D14020019B834207D3D8F864
:100E180000301B4A9B68934229D13F230193DDE9A7
:100E28000003A8F8063005B0BDE8F08F002005B033
:100E3800BDE8F08FDA6811498A4211D17F24DCE7D6
:100E480098476AE74046984775E740469847DBE782
:100E580040469047D8F80030CDE7B8F804A0C1E77D
:100E6800404690470138D8F8003084B2C5E740467C
:100E78009847013883B20193D1E700BFB109000850
:100E8800AD0900082DE9F04F89B01D468846069047
:100E98001046129C10F8013B13999DF8506000927F
:100EA80033B1002210F8013B0132002BFAD193B282
:100EB8002A78687812FB03F302B21BB223EAE373C1
:100EC800082900F2A981DFE811F0020114012001CC
:100ED800340142015001670171010900A188278886
:100EE8000F44B4F90610FF1A0029BFB2C0F2FF8000
:100EF800B4F802C006980CEB6104C280A4EB52025D
:100F08008380078094B24480A64AD8F800301146FE
:100F18000192DA688A4240F08D818020B84205D873
:100F2800DA6801998A4240F09A817F279E4A9B6835
:100F3800A8F804709342039240F089814020A042AF
:100F480007D8D8F80030039A9B68934240F0828112
:100F58003F24009BA8F8064093F800B06B782C78E3
:100F680004936B680793BBF1000F00F0AC80ABF102
:100F78002005EBB25E2B00F22E81D8F80030019AE2
:100F8800DB68934240F02A818020B8F8043023447B
:100F98009842C0F22081D8F80030039A9B689342A7
:100FA80040F01F814020B8F80610049A02918B186F
:100FB8009842C0F21081002A00F01E8102FB05F55C
:100FC8006FF0004E079BAE441544CDF814B003EB08
:100FD8004E0E023BB8F804A003EB45030D469B46B2
:100FE8003EF8027FA4B305F007034FF0010CEA08AE
:100FF80051460CFA03FC0AF114034FFA8CFC03EB7C
:10100800C21200236FEA0C0942440DE07F2906D87A
:101018003F2D04D8107896B14CEA000010700133C7
:10102800013201319C4213D007FA03F00004EDD4D9
:101038007F29F4D83F2DF2D81078002EECD0013358
:1010480009EA0000013201319C4202F8010CEBD19F
:10105800F34505F10105C3D1DDF814B0D8F8002037
:101068000AEB04050199D368ADB28B4240F0BF800A
:101078008020854205D3D36801998B4240F0C58012
:101088007F259368039AA8F80450934240F0AC80F7
:101098004020029B834208D3D8F80030039A9B680B
:1010A800934240F0AC803F230293029BA8F806309D
:1010B800009A13785B4506D112F801BF0092BBF184
:1010C800000F7FF454AF069809B0BDE8F08FB4F96B
:1010D800041027880029B8BF013107EB6107B4F96C
:1010E8000610A7EB63070029BFB2BFF601AF0131B5
:1010F800FEE6B4F900700699B4F902400F80BFB259
:101108004C80A4B28B80CA80FEE6B4F9041027880C
:101118000029B4F90240B8BF013107EB610706990D
:101128008B80A7EB63034C80A4B29FB2CA800F8068
:10113800EAE6A1882788B4F902400F4406998B8013
:10114800FB1A4C80A4B29FB2CA800F80DCE6E78805
:1011580061883944B4F90070081A069984B20F807E
:101168008B80BFB2CA804C80CEE6B4F904102788C1
:101178000029B8BF013107EB6107A7EB6307B4F893
:1011880002C0BFB2E488069964448B80201ACA80E2
:101198000F8084B24C80B7E62788A1880F44FF1AD5
:1011A800EDE700BFB1090008AD090008B4F9061061
:1011B800B4F802C00029B4F900700698B8BF01312C
:1011C800C2800CEB610407808380BFB2A4EB52029B
:1011D80094B2448098E64FF0000B69E74046984780
:1011E800D3E640469847DEE64046984751E74046F2
:1011F8009847D8F800203CE7B8F804A02EE7404606
:101208009847013883B202934FE740469847013820
:10121800D8F8002085B234E7D8F800300024069AC0
:101228001249148054809480D480DA6801918A42EB
:1012380005D0274640469047D8F800306EE69B68B0
:101248000B4AA8F80440934203923FF482AE40460A
:10125800984774E640469847013884B279E6404694
:1012680090470138D8F8003087B25FE6B109000826
:10127800AD0900087F291ED83F2A1CD86BB1D308B6
:101288004FF0010C02F0070201EBC3130CFA02F253
:10129800C1180B7D1A430A757047D3084FF0010C2B
:1012A80002F0070201EBC3130CFA02FCC1180A7D15
:1012B80022EA0C020A7570472DE9F04F83B05C1AD8
:1012C8000C9E002C9DF83490A6EB0208B8BF64422F
:1012D800B8F1000FB8BFC8F100088B428CBF4FF0BF
:1012E800010A4FF0FF3A9642A4EB080C51D84FF090
:1012F800FF357F2B019512D83F2E10D8F50806F040
:10130800070E012703EBC5150544B9F1000F47D0B7
:1013180007FA0EF795F814E047EA0E072F7596427C
:1013280001D18B4229D0C8F100077F2914D83F2A60
:1013380012D8D50802F0070B4FF0010E01EBC515C6
:101348000544B9F1000F1BD00EFA0BFE95F814B046
:101358004EEA0B0E85F814E0B7EB4C0F4FEA4C053C
:1013680002DAACEB080C5144AC4202DD019DA44406
:101378002A449942D9D19642D7D103B0BDE8F08F1B
:101388000EFA0BFB95F814E02EEA0B0E85F814E024
:10139800E2E701257F2B0195C5D83F2EAED9C2E7DC
:1013A80007FA0EFE2F7D964227EA0E072F75B8D052
:1013B800B9E700BF000000002DE9F04F2DED068BC6
:1013C80083B01F4680460D469DF85030164601935F
:1013D800139B002BC0F22182129A134406EE103A96
:1013E800DDED127AB8EEC66B9FEDCD4BB8EEE77B1C
:1013F8009FEDCD5B27EE047B26EE046B87EE050B95
:1014080086EE05ABF7EEC08BB0EE680A12F08CFCE6
:1014180007EE907AB7EECAABF8EE679AB0EE408A5C
:10142800B0EE680A12F044FF60EE698AB0EE4A0A2C
:1014380012F07AFCB0EE409AB0EE4A0A12F038FF89
:1014480020EE690A29EE888A29EE899A70EE687A70
:10145800F0EE006A39EE487A67EEA77AE7EE077A87
:10146800F4EEE67AF1EE10FA06D5139BB42B40F3AE
:1014780096804FF0010901E04FF0000901247842FD
:101488004FF0000C0095E31B214627462246A34057
:10149800B9F1000F6AD1424206EE90CACCF10001C0
:1014A80007EE102AB8EEE66A07EE901A06EE900AE2
:1014B800B8EEC77A139A66EE084AF8EEE77AB42AC5
:1014C80027EE284AF8EEE66A67EE885A74EEC43AC0
:1014D80026EEA85A26EE096A66EE806A67EE897AD1
:1014E80027EE007AF5EEC03A40F3F280F1EE10FAFA
:1014F80000F17F8176EE473A74EEC54AF5EEC03AC0
:10150800F1EE10FAF5EEC04ACCBF01220022F1EE4E
:1015180010FA00F1778136EE666A35EEC55AB5EEF7
:10152800C06AF1EE10FAB5EEC05ACCBF0121002115
:10153800F1EE10FA00F16F8177EEE66AF5EEC06A17
:10154800F1EE10FACCBF0127002775EEC45AF5EE6C
:10155800C05AF1EE10FA00F1478177EEC77AF5EE3E
:10156800C07AF1EE10FACCBF01240024002A40F022
:101578008A80002964D1BFB9C4BB9C4558DB0CF1F3
:10158800010C03EB4C0E1CEB000F0EF1010E00F0EA
:10159800C08098424FDB734600287FF779AF03B0CD
:1015A800BDEC068BBDE8F08F009DA6EB0C0E00EBA2
:1015B800050ABAF17F0FDFD8BEF13F0FDCD84FEA3A
:1015C800DE0B019D0AEBCB1A002D00F0B1800EF066
:1015D800070BC2444FF0010E0EFA0BFE9AF814B036
:1015E8004EEA0B0E8AF814E0002CC6D0009DA6EB3C
:1015F8000C0EA5EB000ABAF17F0FBED8BEF13F0F63
:10160800BBD84FEADE0B019D0AEBCB1A002D00F088
:10161800AE800EF0070BC2444FF0010E9C450EFA47
:101628000BFE9AF814B04EEA0B0E8AF814E0A6DA0C
:1016380098429E46AFDA01300EEB40030133ABE728
:10164800009D0CEB060E00EB050ABAF17F0F92D84D
:10165800BEF13F0F8FD84FEADE0B019D0AEBCB1A84
:10166800002D73D00EF0070BC2444FF0010E0EFA96
:101678000BFE9AF814B04EEA0B0E8AF814E0002F0D
:101688003FF47AAF90E7009D0CEB060EA5EB000A3D
:10169800BAF17F0F3FF66DAFBEF13F0F3FF669AF6E
:1016A8004FEADE0B019D0AEBCB1A002D6DD00EF030
:1016B800070BC2444FF0010E0EFA0BFE9AF814B055
:1016C8004EEA0B0E8AF814E000293FF454AFB7E74E
:1016D800F1EE10FA7ED44A4674EEC54AF5EEC04AD9
:1016E800F1EE10FA6CD4002135EEC55AB5EEC05AA9
:1016F800F1EE10FA5AD4002775EEC45AF5EEC05A26
:10170800F1EE10FA3FF529AF0024002A3FF431AF7B
:10171800B9E798428FDB00233BE700BFAFF30080B7
:101728007A008BFCFA210940000000000080664026
:10173800C2444FF0010B0EF0070E0BFA0EFE9AF89A
:1017480014B02BEA0E0E8AF814E015E7C2444FF0E5
:10175800010B0EF0070E0BFA0EFE9AF814B02BEAE6
:101768000E0E8AF814E0002F3FF406AF1CE7C244BF
:101778004FF0010B0EF0070E0BFA0EFE9AF814B09C
:101788002BEA0E0E8AF814E0F7E6C2444FF0010B7C
:101798000EF0070E0BFA0EFE9AF814B02BEA0E0E96
:1017A8008AF814E000293FF4E6AE49E777EEE66AE6
:1017B800F5EEC06AF1EE10FACCBF012700279BE7CF
:1017C80036EE666AB5EEC06AF1EE10FACCBF0121BA
:1017D800002189E776EE473AF5EEC03AF1EE10FAC5
:1017E800CCBF0122002277E70124002A3FF4C1AED2
:1017F80049E774EEC54A0122F5EEC04AF1EE10FA47
:101808007FF589AE35EEC55A0121B5EEC05AF1EE25
:1018180010FA7FF591AE012797E6DDE9122313440C
:1018280006EE102A1293139B5B421393D8E500BF70
:101838002DE9F04F87B09DF84850109C2E46019531
:101848009DF844509EB399422ED89946A24228D872
:101858007F29164694BF0023012308E09CF81480D2
:101868004EEA080E8CF814E00136B44219D33F2E24
:10187800FAD8002BF8D14FEAD60C06F0070E4FF035
:10188800010801EBCC1C08FA0EFE8444002DE5D1BA
:101898009CF814B001362BEA0E0AB4428CF814A056
:1018A800E5D201318945D1D207B0BDE8F08FA3EB6D
:1018B8000108B8F1000FB8BFC8F100089942C0F09C
:1018C8004E817F2B4FF0FF3A94BF002601263F2A16
:1018D800009694BF002701270297A6B99FB9D6089A
:1018E80002F0070C012703EBC6160644002D00F092
:1018F800948107FA0CF796F814C047EA0C07377575
:10190800002602960096994200F097814646944632
:101918008E46BEF17F0F16D8BCF13F0F13D84FEAA1
:10192800DC070CF0070B4FF001090EEBC717074453
:10193800002D00F0398109FA0BF997F814B049EA3B
:101948000B0987F81490770018BFD644B84502DD14
:1019580046440CF1FF3C7345DBD16245D9D10026E2
:101968000496A4EB0209009FB9F1000FB8BFC9F1B2
:1019780000093F2C94BF00260126A242C9F10008A5
:101988000396C0F02381002F40F05081002E40F0D4
:101998004D814FF0FF360096E60803EBC616064465
:1019A800002D00F01E814FF0010C04F007070CFA1F
:1019B80007F796F814C047EA0C0737750026039610
:1019C800A24200F03D81C44616461F4605927F2F6D
:1019D80015D83F2E13D84FEAD60E06F0070B4FF056
:1019E800010A07EBCE1E8644002D00F0E6800AFAB5
:1019F8000BFA9EF814B04AEA0B0A8EF814A0B8EB5A
:101A08004C0F4FEA4C0E02DAACEB090C013FBEF169
:101A1800000F01D0009A1644BB42D8D1B442D6D1A7
:101A2800059AA1EB030EBEF1000FB8BFCEF1000E70
:101A38007F2994BF4FF0000A4FF0010A99428CBFEA
:101A48004FF001094FF0FF39BAF1000F13D1039E8F
:101A58008EB9E60801EBC6160644002D00F0D380C7
:101A68004FF0010C04F007070CFA07F796F814C0BA
:101A780047EA0C073775049E26BB774626467F2B18
:101A880014D83F2E12D84FEAD60C06F0070B4FF0A9
:101A9800010803EBCC1C8444002D73D008FA0BF822
:101AA8009CF814B048EA0B088CF814805FEA470CDD
:101AB80018BF4B44E64501DD7744013E9942DED12B
:101AC800B442DCD1A2EB040EBEF1000FB8BFCEF1D8
:101AD800000EA2428CBF4FF001084FF0FF38CEF144
:101AE800000CBAF1000F0ED1029B63B9D30802F0C3
:101AF8000707012601EBC3130344002D7CD0BE4029
:101B08001F7D3E431E75019B002B7FF4CDAE6646BC
:101B18000B467F2B12D83F2C10D8E70804F0070A91
:101B28004FF0010903EBC7170744A5B309FA0AF9EF
:101B380097F814A049EA0A0987F81490BCEB460FF5
:101B48004FEA460702DAA6EB0E06013B07B144440A
:101B58009942DED1A242DCD107B0BDE8F08F3F2A1E
:101B68004FF0010A94BF002601267F2B029694BFEE
:101B7800002701270097002E7FF4C8AE002F3FF4FE
:101B8800AEAEC3E608FA0BFB9CF8148028EA0B08F3
:101B98008CF814808AE709FA0AFA97F8149029EA67
:101BA8000A0987F81490C9E709FA0BFB97F814900B
:101BB80029EA0B0987F81490C5E60AFA0BFB9EF888
:101BC80014A02AEA0B0A8EF814A018E797BB8EBB5C
:101BD80001260096E60803EBC6160644002D7FF49E
:101BE800E2AE012704F0070C039507FA0CFC377DD9
:101BF80027EA0C073775E3E606FA07F71E7D26EA9B
:101C080007061E757FE7012704F0070C07FA0CFC8E
:101C1800377D27EA0C0737752DE707FA0CFC377D67
:101C2800029527EA0C07009537756CE64FF0FF36EA
:101C38000096C5E601260096C5E60126049690E6BC
:101C480001260196EDE600BF84B038B504AC84E8FF
:101C58000F009DF810309DF81820012B9DF81940B1
:101C680009D0032B03D1012A3FD0022A2FD0BDE887
:101C7800384004B07047002CF9D007EE902A9FED49
:101C8800287AF2EE080A274DF8EE677AB0EE000AD5
:101C980077EEC77AC7EEA00A12F076F9DFED227A5E
:101CA800284620EE270A85ED020A12F019F807EEF9
:101CB800904ADFED1E6A85ED070AF8EEE77A87EEAF
:101CC800A67A85ED017ABDE8384004B0704707EE82
:101CD800904A9FED160A1648F8EE677ABDE8384034
:101CE80087EE800A04B011F0FBBD07EE904A9FED25
:101CF8000C7AF2EE080AF8EE677AB0EE000A77EE90
:101D0800C77AC7EEA00A12F03FF9DFED077A084854
:101D180020EE270ABDE8384004B011F07DBD00BFB1
:101D280000008A42E89A00240000DC430000FE42DA
:101D3800040400242DE9F041B02482B0054600F1E6
:101D4800080600F10C08002730468DF807400134DA
:101D5800394602F089FE642301220DF10701284665
:101D6800E4B204F08FFD394630468DF8077002F072
:101D78007BFE012264230DF10701284604F082FD51
:101D88001023394630468DF8073002F06DFE642383
:101D980001220DF10701284604F074FD01213046A7
:101DA80002F062FE8022414664232846904404F0F3
:101DB80069FDB82CC7D102B0BDE8F0812DE9F04724
:101DC800574D0021574C284605F5947A05F58C792E
:101DD800DFF87C812DED028BEEB000F053FB284636
:101DE80000F00CF9B7EE007AB0EE408A4FF07C5361
:101DF80000229FED4D0A20466360C7EE087AA26173
:101E0800E36026AE84ED048A84ED020AC4ED057A07
:101E180011F066FF40F20113F0EE407A4348B0EE4D
:101E2800480A23850623C4ED077A237011F06CFC59
:101E38003F4A22A8111F209011F06FFF0423209918
:101E48000020219301223B4B087100923A480CCBA9
:101E5800FEF768FE3948FFF76DFF14215046C5E9C3
:101E68004D9805F049FE364B5046CDF800A0D5E90F
:101E78004B1205F069FC284600F0C2F831492846A3
:101E880000F0BAF8304805F0E9FCB0B390224AA84F
:101E9800D5E978140B1B04EBC40E24D4002BF1D025
:101EA800A14224D0D5F8D811013401EB0E1112F05B
:101EB80045FBD5F8DC31C5F8E4414AA99C42A4EBBE
:101EC80003044FF09002304628BFC5F8E44112F0F1
:101ED80035FB2AA98022684612F030FB96E80F00ED
:101EE800FFF7B2FED2E7D5F8DC713B44D6E7902283
:101EF8000021304612F030FBEBE7144801F004FFF4
:101F080014211148C5E94D9805F0F6FD0C4BCDF8A4
:101F180000A00D48D5E94B1205F016FCB6E700BF46
:101F280050040024E89A00240000C8420404002455
:101F38006C46010874030024C8960024D096002437
:101F4800210A0008C5090008780500248C0500242A
:101F58002D0A000838B51F4C00254FF60B7304F501
:101F68008C70256065612562E563C4E93A35C4E98A
:101F78004035C4E93C55C4E9425501F0F9FD16491C
:101F880004F51043154AC4F8D01140F20F71C3F894
:101F980080522046A4F8D41104F5F471C4F82851ED
:101FA800C4F8D81140F20111C4F8DC110C49C3F887
:101FB80078120C49C4E9785511F098FE074A0A4985
:101FC8000A4811F093FE054A09490A48BDE8384015
:101FD80011F08CBE500400240080707F00000024A3
:101FE800784601089D090008A1090008E89A00241C
:101FF800A50900080404002400F0E8BA00F0EABAD1
:10200800183002F0C3B800BF30B59DB0054600F0E7
:10201800E9FA012847D0274900220123CDF82A10E0
:10202800CDE910230022244901230324ADF85420CC
:1020380002A80F9318931B930C94CDE9082140F242
:102048000451ADF828101D49CDE90D32CDE9123102
:10205800CDE916431A4B08A9CDE919221493002299
:102068000023CDE9022303F047FC12A903A803F0DB
:1020780043FC40F60163ADF80430019800F0F2FB30
:102088004FF07E5230214FF07C5C079205F114002E
:10209800049104A9039B029A0594CDF818C001F095
:1020A80073FC1DB030BD034A00231090CDF82A20E0
:1020B8001193B7E7040604030402040400010609A7
:1020C8000002030BF0B502220646002406F11807A9
:1020D80006F168052DED028B99B09FED228AADF8C7
:1020E800082006A8029901F02FFE4FF4407302223F
:1020F8000DF12A00ADF80C30039901F025FE40F2ED
:10210800024302220FA8ADF81030049901F01CFE1A
:102118004FF4E06302220DF14E00ADF8143005993A
:1021280001F012FE042306A938461A4601F020FEE3
:10213800E1B2384602F040F80146013430460191D8
:1021480000F04CFA2846F0EE480A002301220199D3
:10215800203501F099FC042CEAD119B0BDEC028BB2
:10216800F0BD00BF6F12033B2DE9F0430FF20C39AD
:10217800D9E900898FB0C04B49F2802401250C931E
:10218800002604440022069504F10807CDE90289D7
:1021980000F51048384604F10409A8F888320223EB
:1021A80088F88A52CDE90A33082307930023CDE93A
:1021B8000866CDE9042302F07BFBBDF832304846BF
:1021C80088F88652A8F8843202F072FB02A92046E9
:1021D80004F0D0FA3146484602F046FC0A2005F0E1
:1021E80069FD2946484602F03FFC0A2005F062FDD9
:1021F800AE23314638468DF8073002F035FC2A46C2
:102208000DF107016423204604F03CFBD523314639
:1022180038468DF8073002F027FC2A460DF10701F1
:102228006423204604F02EFB8023314638468DF87F
:10223800073002F019FC2A460DF1070164232046F5
:1022480004F020FBA823314638468DF8073002F009
:102258000BFC2A460DF107016423204604F012FB0B
:102268003F23314638468DF8073002F0FDFB2A46F9
:102278000DF107016423204604F004FBDA233146FC
:1022880038468DF8073002F0EFFB2A460DF10701BA
:102298006423204604F0F6FA1223314638468DF8B6
:1022A800073002F0E1FB2A460DF1070164232046BE
:1022B80004F0E8FAD323314638468DF8073002F0A7
:1022C800D3FB2A4664230DF10701204604F0DAFA0D
:1022D800314638468DF8076002F0C6FB2A460DF1F4
:1022E80007016423204604F0CDFA402331463846DE
:1022F8008DF8073002F0B8FB2A460DF10701642378
:10230800204604F0BFFAA623314638468DF8073038
:1023180002F0AAFB2A460DF107016423204604F0C7
:10232800B1FAA423314638468DF8073002F09CFBF9
:102338002A460DF107016423204604F0A3FA8D23F1
:10234800314638468DF8073002F08EFB2A460DF1EB
:1023580007016423204604F095FA142331463846D1
:102368008DF8073002F080FB2A460DF1070164233F
:10237800204604F087FAA123314638468DF8073005
:1023880002F072FB2A460DF107016423204604F08F
:1023980079FAC823314638468DF8073002F064FBD5
:1023A8002A460DF107016423204604F06BFA8123C5
:1023B800314638468DF8073002F056FB2A460DF1B3
:1023C80007016423204604F05DFA8F23314638461E
:1023D8008DF8073002F048FB2A460DF10701642307
:1023E800204604F04FFAD923314638468DF8073095
:1023F80002F03AFB2A460DF107016423204604F057
:1024080041FA2523314638468DF8073002F02CFB77
:102418002A460DF107016423204604F033FADB2332
:10242800314638468DF8073002F01EFB2A460DF17A
:1024380007016423204604F025FA34233146384640
:102448008DF8073002F010FB2A460DF107016423CE
:10245800204604F017FAAF23314638468DF8073086
:1024680002F002FB64232A460DF10701204604F01E
:1024780009FA0FB0BDE8F0830104010F060B0B0049
:102488000105060A2DE9F047044698B00126002701
:10249800019100F099F80199204600F05FF904F1E4
:1024A800200A20464FF00209FFF7AEFD2046FFF74D
:1024B8005BFE11A9504604F5104805ADCDE9146737
:1024C800CDE9129702F042F849463A46504602F0E2
:1024D800BBF840F601139FED380A04F14000ADF84F
:1024E800103040F601030499ADF80C3040F6014372
:1024F800ADF80830DDE9023201F0F8FA2F4B49F265
:102508008C60C8F88C36204402F0D2F92C4B324645
:1025180004F1E800196801F019FB2A4B324604F56A
:102528008070196801F012FB2046FFF71DFE28464F
:1025380001F01EFB47F612230DF1240E04F58C7CE6
:10254800CDF854900DF1340917931396169604F5A7
:102558009476149795E80F008CE80F008EE80F002A
:1025680089E80F00BDF838301290ADF84630BDF854
:102578003A30D4E9485EADF84430C4E94B5EBEF168
:10258800000F04D072463946284611F0E5FF11A91C
:10259800304605F06FF804F59E7001F0B5FB204653
:1025A800FFF790FD1123C8F8943605F081FBC8F8B1
:1025B800900618B0BDE8F087000000000101010096
:1025C800AC460108B0460108704700BF143001F05E
:1025D80027BA00BF143001F01FBA00BF90ED0E0AF1
:1025E800704700BF10B540F203338EB000244FF699
:1025F8000B7240F20341ADF8083009A80123ADF889
:102608001020ADF824202246ADF80C100094029951
:1026180007940C94CDE90544CDE90A4402F04CF83E
:1026280004A8012322460399009402F045F809A85A
:1026380002F028F910B901200EB010BD04A802F06C
:1026480021F9A0420CBF022020460EB010BD00BFE9
:102658002DE9F04103239AB0012700240646CDE96D
:1026680014373B4BCDE9104340F20453CDE91647EC
:10267800ADF84830FFF7B6FFB842054625D0022826
:1026880045D040F60132334B0DF12C081894ADF8C3
:102698002C200B981997CDF84A3000F0E3F810A9D0
:1026A80006F13C0003F028F9302003224FF07E5356
:1026B80041460D930E93CDE90B02F26B06F114001F
:1026C80001F02AF91AB0BDE8F0811023214A06A9C1
:1026D80006908DF828300DF12C081F4BCDF84A20B4
:1026E80007930294CDE91804CDE9080402A802F082
:1026F8003BFB0823029A03A94046ADF80C508DF81D
:102708000E40049505930B9400F0ECF8C7E7002001
:102718000121104B0DF12C083A460094CDF84A30AF
:102728004FF60B730C94ADF82C302346CDE9180105
:1027380040F601314046ADF818100699CDE90D4430
:1027480001F0BAFF2146404602F0A8F8A7E700BF0B
:1027580004020404040604030704010B2DE9F047EE
:1027680004462DED028B82B000294DD0012140F2A4
:10277800011200230091ADF804208DF80630364A86
:102788000127364B04F10409354904F12908626030
:1027980040F20272A36040F60663E16004F1250A84
:1027A800A4F82520A4F82930278284F8277084F813
:1027B8002B7005F01DFC054605F07EFA69460646B5
:1027C80050BB4DB304F130008DF8067005F096FB50
:1027D800072D3CD104F114052046FFF739FF2846A0
:1027E80001F01AF92846B0EE408A01F011F9D0ED4F
:1027F800007AF8EE677A88EE277A84ED0E7A02B0CE
:10280800BDEC028BBDE8F08740F2011300918DF812
:102818000610ADF80430B2E704F1300005F06EFBA5
:10282800072D11D04946204602F0E6FC0EB9002DCE
:10283800D0D1504602F03CF8404602F039F804F195
:10284800120000F079F9C5E7002EF2D1C2E7494637
:10285800204602F0D1FCBDE7050805090507050675
:10286800050A060610B584B003460124ADF8040035
:1028780003A8ADF80C30ADF80E4002F019F8214667
:1028880003A802F0F1F8204605F014FA002103A885
:1028980002F0EAF8204605F00DFA214603A802F0F6
:1028A800E3F804B010BD00BF10B5C2F3002384B034
:1028B8000C46017C8DF80D2043EA4402FA240223D9
:1028C8008DF80C2003AA009402F0E4FA18B1012450
:1028D800204604B010BD04460A2005F0EBF9204656
:1028E80004B010BD034670B543F8042B044684B009
:1028F80007C983E80700A37983B91A210B461E226A
:10290800FA2523742046ADF80C20022303AA00956B
:1029180002F0C0FA28B1012004B070BD1B210B469B
:10292800EDE70A2005F0C6F94FF4B85200950223E6
:10293800ADF80C20204603AA217C02F0ABFA00284F
:10294800E9D10A2005F0B6F941F202720095022396
:10295800ADF80C20204603AA217C02F09BFA00283F
:10296800D9D10A2005F0A6F9042200950223ADF872
:102978000C20204603AA217C02F08CFA0028CAD138
:102988000A2005F097F9062200950223ADF80C20DD
:10299800204603AA217C02F07DFA0028BBD10A2038
:1029A80005F088F941F2082200950223ADF80C20C1
:1029B800204603AA217C02F06DFA0028ABD10A2038
:1029C800064605F077F90095022303AA217C2046E4
:1029D800ADF80C6002F05EFA00289CD1304605F094
:1029E80069F9009522790C232046002A8DF80C30CD
:1029F80003AA4FF0020314BF622142218DF80D1083
:102A0800217C02F047FA002885D1304605F052F9BA
:102A18002279D4E902310B43DBB20AB943F040030F
:102A280062790AB143F020030E22FA258DF80D30A1
:102A38002046009502238DF80C2003AA217C02F081
:102A480029FA00287FF467AF0A2005F033F910222D
:102A580000950223ADF80C20204603AA217C02F041
:102A680019FA00287FF457AF0A2005F023F912213C
:102A780000950223ADF80C1003AA217C204602F031
:102A880009FA00287FF447AF0A2005F013F901225C
:102A980009212046FFF708FF003818BF01203BE74F
:102AA800F0B5102387B0234C01220025012600270A
:102AB80002A920460195CDE902234FF48052CDE9C1
:102AC80004670CF079F9642005F038FD02A94FF489
:102AD80080522046CDE9046702261027CDE9026717
:102AE8000CF06AF90322102302A92046CDE902233B
:102AF80000230422CDE904234FF480520CF05CF942
:102B080040F23223042202A9019310232046CDE982
:102B18000223019A012305924FF4805204930CF08A
:102B28004BF940F6060120460CF066F9284607B036
:102B3800F0BD00BF1C9B00241C4B00221C494FF019
:102B4800400C30B5054689B00220596007219A60CB
:102B58001A620124DA620A224FF4006EDC600692DF
:102B68002022CDE9000104200821CDE9020103203B
:102B78001021CDE9040108206946C3E904024FF495
:102B8800C072181DC3E906C24FF48052C3E909E2B6
:102B98000CF0E8F838B92846FFF782FF003818BF6C
:102BA800012009B030BD204609B030BD189B002473
:102BB80040410052614A0021D0B513688EB00A9195
:102BC800002B40F0B9805E4B01214FF683700C2436
:102BD80011600221D3F8D4200026032742F4805242
:102BE800C3F8D420D3F8D42002F480520092009A7B
:102BF800D3F8E02042F01002C3F8E020D3F8E02038
:102C080002F010020192019AD3F8E02042F040024B
:102C1800C3F8E020D3F8E02002F040020292029AC2
:102C2800D3F8E02042F00802C3F8E020D3F8E0200F
:102C380002F008020392039AD3F8E02042F480726B
:102C4800C3F8E020D3F8E02002F480720492049ADA
:102C5800D3F8E02042F08002C3F8E020D3F8E02067
:102C680002F080020592059AD3F8E02042F0200293
:102C7800C3F8E020D3F8E02002F020020692069A7A
:102C8800D3F8E02042F00402C3F8E020D3F8E030A3
:102C98000C9403F0040307930323079A0B93CDE9DD
:102CA800080108A9274807F0FBFB48F2371202235E
:102CB80008A925480C94CDE90823CDE90A6707F04F
:102CC800EFFB4CF20372022308A920480C94CDE9CB
:102CD8000823CDE90A6707F0E3FB40F2FF6202230D
:102CE80008A91B480C94CDE90823CDE90A6707F029
:102CF800D7FB4FF60C72022308A916480C94CDE9AD
:102D08000823CDE90A6707F0CBFB4FF63F02022301
:102D180008A911480C94CDE90823CDE90A6707F002
:102D2800BFFB2022022308A90A480C94CDE90A67B0
:102D3800CDE9082307F0B4FB0EB0D0BD149B0024E6
:102D4800004402580010025800180258000C02589B
:102D580000200258001C0258001402582DE9F04FB8
:102D6800DFF8108406460D46144608F118002DEDCC
:102D7800028B89B000AF02F0B7FED8F8183073B3F1
:102D8800D8F81C30D8F80490002B43690BBF4FF0DB
:102D9800080A4FF0100A4FF0020B4FF0040BB9F17C
:102DA800000F2AD0A200EA46012B02F1070222F006
:102DB8000702ADEB020D6846ADEB020D694600F067
:102DC8003F81022B00F0D680002B6FD02246C847E7
:102DD800D5462437BD46BDEC028BBDE8F08FD8F848
:102DE8001C30002BF5D0D8F804904FF0080A4FF0AB
:102DF800020B4369B9F1000FD4D1FB61D8F8003058
:102E0800BB61002BE5D0D54802F0E0FE6B46BBF174
:102E1800020F786108EE103AFB6900F083816A4678
:102E28005146A2EBC40295466200EA46B2FBFBF2A9
:102E3800AAEBC40085460AEB8200EE46F861ADEBCA
:102E4800010DF8690EEB820CC7F810C0EC46ADEB2B
:102E5800010D00EB8201CCF80400CCF8081001EB5E
:102E680082013869E946CCF80C1000EB8201CCF8F5
:102E780000A001EB8202C9E900E0C9E90212012BB6
:102E880000F06483022B00F06C82002B00F080813C
:102E9800620849466046BB69984718EE103A2437DD
:102EA8009D46BD46BDEC028BBDE8F08F002C8DD051
:102EB8001A46D8ED0C6A9FEDB27A8446331D36F96E
:102EC80022E00CF1080C07EE90EA33F922E0023216
:102ED800F8EEE77A944267EE877A67EEA67A4CEDC9
:102EE800027A07EE90EAF8EEE77A67EE877A67EEFD
:102EF800A67A4CED017AE2D8F9612246C847984E85
:102F0800D8ED0D6A0020F9692B1D9FED9E7A9FED83
:102F18009E6ADFED9E5A22E0F4EEC67AF1EE10FAD0
:102F2800C0F2C88447F6FE72D1ED017A45F8202038
:102F380066EEA77AF4EEC77AF1EE10FA40F2F08066
:102F4800F4EEC67AF1EE10FAC0F2D58447F6FE72B6
:102F580043F820200230083184427FF639AFD1EDA2
:102F6800007A66EEA77AF4EEC77AF1EE10FAD3D8B3
:102F78003246D9E7002C3FF429AFD8ED0C6A8446D5
:102F88009FED787A0022331D8E4656F822100CF1F8
:102F9800080C07EE901A53F822100232F8EEE77A7E
:102FA800944267EE877A67EEA67A4CED027A07EECE
:102FB800901AF8EEE77A67EE877A67EEA67A4CED14
:102FC800017AE2D871462246C7F81CE0C847664E27
:102FD800D8ED0D6A0020F9692B1D9FED6A7A9FEDE7
:102FE8006A6ADFF894C120E0F4EEC67AF1EE10FACE
:102FF800C0F279843246D1ED017A45F8202066EE98
:10300800A77AF4EEC77AF1EE10FA40F28780F4EE70
:10301800C67AF1EE10FAC0F25E84324643F82020F8
:103028000230083184427FF6D3AED1ED007A66EEE5
:10303800A77AF4EEC77AF1EE10FAD5D86246DAE745
:10304800002C3FF4C3AED8ED0C6A86469FED477A54
:103058004FF0000C331D56F82C200EF1080E82F4A8
:103068000002A2F5000207EE902A53F82C200CF17A
:10307800020CF8EEE77A82F400026445A2F5000239
:1030880067EE877A67EEA67A4EED027A07EE902A07
:10309800F8EEE77A67EE877A67EEA67A4EED017A60
:1030A800D9D8F9612246C847314ED8ED0D6A0020BB
:1030B800F9692B1D9FED337A9FED336ADFF8BCC0A9
:1030C8001FE0F4EEC67AF1EE10FAC0F2FC83324645
:1030D800D1ED017A45F8202066EEA77AF4EEC77A9A
:1030E800F1EE10FA18D9F4EEC67AF1EE10FAC0F241
:1030F800DA83324643F820200230083184427FF6D2
:1031080067AED1ED007A66EEA77AF4EEC77AF1EEF3
:1031180010FAD6D86246DBE76246EBE762467DE7FF
:10312800324615E7A100D6466208073121F00701AB
:10313800ADEB010DEA46ADEB010D6946ADEB0E0DA9
:103148000AEB8200EC46ADEB0E0D01EB8202F86152
:10315800E946CCE900A0C9E9001290E66C9B00247E
:103168000280FFFF000000300082FF7F0000003473
:1031780082FF7F00509B0024007E00807E0080FF3D
:103188000000003804FF7FBF04FF7F3F00FEFF46BA
:10319800002C00F0C982BBF1020FD8F8242000F0FF
:1031A800FA827969C7F8049002EB810E5FED0C5A38
:1031B8008A00DCF808100EF104007A611A46DCF87F
:1031C8000C303B61331DD7F810903D61FD69C7E9AC
:1031D80002CB8C46834636F92210D8ED0C7A06EEDF
:1031E800101A33F9221006EE901A3EF92210B8EEA2
:1031F800C66A07EE101AF8EEE66A3BF92210B8EE36
:10320800C77A26EE256A66EEA56A27EE257A26EEA7
:10321800276A66EEA76A27EE277A07EE901A510802
:103228000232F8EEE77A0AEB8100944280ED006AF8
:1032380005EB810067EEA57AC0ED006A0CEB810012
:1032480009EB810180ED007A98ED0C7A67EE877AB8
:10325800C1ED007ABFD8D7F804903D69D7E902CB11
:1032680060466208BB6949469847D8F82C307A69A5
:10327800D8ED0D6A1A441FED3D7A1FED3D6A2B1DEE
:10328800904602F1040A5FED3F5A0022A84ED9E9A0
:1032980000EC51E0F4EEC67AF1EE10FAC0F2C78203
:1032A80047F6FE7045F822000CEB0100D0ED007ADD
:1032B80066EEA77AF4EEC77AF1EE10FA4BD9F4EE7F
:1032C800C67AF1EE10FAC0F2BA8247F6FE70BBF188
:1032D800020F43F822002BD0D9F808000844D0ED9B
:1032E800007A66EEA77AF4EEC77AF1EE10FA36D9CC
:1032F800F4EEC67AF1EE10FAC0F2CD8247F6FE700F
:1033080048F82200D9F80C000144D1ED007A66EEA5
:10331800A77AF4EEC77AF1EE10FA1ED9F4EEC67A5F
:10332800F1EE10FAC0F2AF8247F6FE714AF82210A9
:10333800023294427FF6B1AD51080EEB810089004C
:10334800D0ED007A66EEA77AF4EEC77AF1EE10FABD
:10335800A0D83046A6E73046B9E73146E6E730461A
:10336800CEE7002C00F0E081BBF1020FD8F8243042
:1033780000F0E1817A69DCF8081003EB820EC7F8E7
:1033880004909300DFED6B5A0EF1040000227B617C
:10339800DCF80C303B61331DD7F810903D61FD69B6
:1033A800C7E902CB8C46834656F82210D8ED0C7A32
:1033B80007EE101A53F82210B8EEC76A07EE101A73
:1033C8005EF82210F8EEC76A07EE101A26EE256A94
:1033D8005BF82210B8EEC77A66EEA56A26EE276A71
:1033E80027EE257A66EEA76A27EE277A07EE901A67
:1033F80051080232F8EEE77A0AEB8100944280ED38
:10340800006A05EB810067EEA57AC0ED006A0CEB57
:10341800810009EB810180ED007A98ED0C7A67EE66
:10342800877AC1ED007ABFD8D7F804903D69D7E90B
:1034380002CB60466208BB6949469847D8F82C30E9
:103448007A69D8ED0D6A1A449FED3E7A9FED3E6A7F
:10345800131D9246DFF8E4C00022FB612B1D364E97
:10346800D9E9008E4EE0F4EEC67AF1EE10FAC0F219
:10347800FC81304645F822000EEB0100D0ED007AC1
:1034880066EEA77AF4EEC77AF1EE10FA49D9F4EEAF
:10349800C67AF1EE10FAC0F2EF813046BBF1020FA6
:1034A80043F822002AD0D9F808000844D0ED007A61
:1034B80066EEA77AF4EEC77AF1EE10FA35D9F4EE93
:1034C800C67AF1EE10FAC0F2C98130464AF82200F5
:1034D800D9F80C000144D1ED007A66EEA77AF4EE33
:1034E800C77AF1EE10FA1ED9F4EEC67AF1EE10FAA8
:1034F800C0F2AD813146F86940F822100232944298
:103508007FF6CBAC510808EB81008900D0ED007A3A
:1035180066EEA77AF4EEC77AF1EE10FAA3D8604601
:10352800A8E76046BAE76146E5E76046CEE700BF30
:103538000280FFFF000000300082FF7F007E0080D5
:103548000000003404FF7FBF04FF7F3F002C00F021
:10355800EB807A690021D8F82430C7F8109003EB83
:10356800820ED7F81C909300FD610EF104021FED46
:103578000C6A7B61331D154656F821204808D8EDA2
:103588000C6ABBF1020F82F40002A2F5000207EEFA
:10359800902A53F8212082F40002B8EEE77AA2F5C7
:1035A800000227EE067A07EE902A0AEB8002F8EE70
:1035B800E77A27EE267A67EE867A82ED007A09EBBB
:1035C80080024FEA800067EEA67AC2ED007A27D023
:1035D8005EF8212082F40002A2F5000207EE902A8C
:1035E80055F8212082F40002B8EEE77AA2F500022D
:1035F80027EE067A07EE902ADCF80820F8EEE77A3C
:10360800024427EE267A67EE867A82ED007A98EDF4
:103618000C7ADCF80C2067EE877A0244C2ED007A57
:1036280002318C42A8D8D7F8109060466208BB696E
:103638004946FD699847D8F82C307A69D8ED0D6A63
:103648001A441FED407A1FED406A131D9246DFF8B9
:10365800C4C20022FB612B1DAB4ED9E9008E4EE09F
:10366800F4EEC67AF1EE10FAC0F2C580304645F89D
:1036780022000EEB0100D0ED007A66EEA77AF4EE98
:10368800C77AF1EE10FA49D9F4EEC67AF1EE10FADB
:10369800C0F2BF803046BBF1020F43F822002AD0A7
:1036A800D9F808000844D0ED007A66EEA77AF4EE5F
:1036B800C77AF1EE10FA35D9F4EEC67AF1EE10FABF
:1036C800C0F2AE8030464AF82200D9F80C00014416
:1036D800D1ED007A66EEA77AF4EEC77AF1EE10FA29
:1036E8001ED9F4EEC67AF1EE10FAC0F28B8031469C
:1036F800F86940F82210023294427FF6CEAB5108A6
:1037080008EB81008900D0ED007A66EEA77AF4EE26
:10371800C77AF1EE10FAA3D86046A8E76046BAE780
:103728006146E5E76046CEE7224649466046BB6902
:103738009847FFF7B2BBC7F810B0002298ED0C6AA3
:10374800331DDFED726AD7F81CB0786956F822107D
:1037580007EE901A53F82210B8EEE77A07EE901A9F
:1037680051080232F8EEE77A27EE267A0AEB810E44
:1037780094420BEB810167EEA67A27EE067A67EE94
:10378800867A8EED007AC1ED007ADFD88300D7F80B
:1037980010B07B614DE61A46C7F810B098ED0C6A78
:1037A800331DDFED5B6AD7F81CB0786936F9221053
:1037B80007EE101A33F9221007EE901AB8EEC77AFE
:1037C80051080232F8EEE77A27EE267A0AEB810EE4
:1037D80094420BEB810167EEA67A27EE067A67EE34
:1037E800867A8EED007AC1ED007ADFD88300D7F8AB
:1037F80010B07B6134E5F0EE675AFEEEE45A15EE40
:10380800900A34E7F0EE675AFEEEE45A15EE901A85
:103818006EE7F0EE675AFEEEE45A15EE900A3AE7C4
:10382800F0EE675AFEEEE45A15EE900A4BE767EEA3
:10383800A57AFDEEE77A17EE900A00B232E567EE58
:10384800A57AFDEEE77A17EE900A00B23FE5F0EEB2
:10385800675AFEEEE05A15EE901A4CE6F0EE675AFB
:10386800FEEEE05A15EE900A30E6F0EE675AFEEEEC
:10387800E05A15EE900AFDE5F0EE675AFEEEE05AC2
:1038880015EE900A0AE667EEA57AFDEEE77A17EEDE
:10389800901A09B24AE567EEA57AFDEEE77A17EEC7
:1038A800900A00B22CE5F0EE675AFEEEE45A15EEE7
:1038B800902A1FE467EEA57AFDEEE77A17EE902AC4
:1038C80012B2FFF731BBF0EE675AFEEEE45A15EE7E
:1038D800902AFFF7FDBBF0EE675AFEEEE05A15EEB0
:1038E800902AFFF79BBBF0EE675AFEEEE05A15EE02
:1038F800902AFFF780BB67EEA57AFDEEE77A17EE10
:10390800902A12B2FFF724BB82FF7F00000000302C
:10391800000000387E0080FF30B5184C154685B091
:10392800046004F1080EEC460FC98EE80F00D4EDD0
:10393800047AF5EEC07A8CE80F00F1EE10FA1ADD81
:10394800B7EE006A94ED057A27EE277AC6EE276A65
:1039580084ED0D7AC4ED0C6A6DB1204640F8185F0D
:1039680002F0C2F8064903690020064A2162A262F1
:10397800E36005B030BD012005B030BD509B002488
:103988000020003000000030F0B51C4C16461F46E1
:1039980089B0046004F10805EE460DF1100C0FC95A
:1039A80085E80F00D4ED047AF5EEC07A8EE80F00B2
:1039B800F1EE10FA8CE80F0017DDB7EE006A94ED0F
:1039C800057A27EE277AC6EE276A84ED0D7AC4EDCC
:1039D8000C6A56B1204640F8186F02F085F808497D
:1039E8000369084A2162A262E360074A0020074B84
:1039F800E7616262E36209B0F0BD00BF509B00243A
:103A0800002000300000003000300030001000308E
:103A180000680830704700BF0068183002F0C4B86A
:103A280030B5046883B00D46E3694BB1A368002044
:103A3800E26A616A9B00009004F11C0002F056F8EB
:103A4800A3680748A26A9B00216A009004F1180045
:103A580002F04CF80020C4E9005003B030BD00BFAC
:103A6800652D000810B4074B4FF07E51302400221A
:103A7800032019619C60D8605DF8044B5961C3E963
:103A880006227047509B0024F6EE007A9FED166AD6
:103A980020EE207A0160F7EE006A80ED036A80ED7F
:103AA800020A27EE277AC6EE877AF4EEE67AF1EE76
:103AB80010FA11DDF0EE667A4FF07E514FF0000CEF
:103AC80002760022C0ED017AC0F814C00161437685
:103AD8008276C0ED070A7047F4EEC67AF1EE10FA66
:103AE800EAD5F0EE467AE7E70000000030B585B089
:103AF80004460025ADF80C10ADF80820ADF80430E8
:103B080004F0D6F8BDF80C204FF48073206004F15F
:103B180018002283BDF808206383E383A2832571FC
:103B280000F0C6FE04F11C0000F0C2FE9FED060A7C
:103B3800019904F1080000F0EDF84FF6FF73656293
:103B4800238405B030BD00BF0000000070B584B00C
:103B5800002504461646ADF80C102B462A46039954
:103B6800009500F0A9FDA582A67504B070BD00BF40
:103B7800074A118830B481800024064D91884FF49B
:103B8800807285600460C180C26030BC704700BF2D
:103B9800244601080040003038B50446104694F821
:103BA80095301942237815D0032B19D094F8982012
:103BB800002594F896300A4025700B40A26001F069
:103BC800F8021B09F82A237100F08680092B73D9A3
:103BD800002038BD032BFBD8DFE803F0112A51027F
:103BE800F7291CD094F98E2094F88E30002AEFDB48
:103BF800E21801330020917384F88E3038BD94F8B0
:103C0800942094F8973022711940131F012B2173C7
:103C180005D994F88F3003F0FD03012B45D100231B
:103C2800237018B19022211D10F088FC012038BDA6
:103C380094F8973094F894201940131F2173012B9E
:103C480005D994F88F3003F0FD03012B29D1002307
:103C5800237000284CD09022211D10F06FFC94F89E
:103C680094200120032AB4D1237B772BB1D90922D0
:103C7800783B227184F8942084F8913038BD94F808
:103C8800973094F894201940012A617300D181B1CA
:103C980018B19022211D10F051FC0023012023703F
:103CA80038BD022300202370DCE7022300202370A4
:103CB80038BD00232371EBE70122072B227019D1AD
:103CC80001F00703A56084F88F30CBB903221846AA
:103CD80084F88E30227038BD0823237194F8993007
:103CE80000221940227084F8901000289AD19DE78C
:103CF8000120B7E7082BF1D0284684F8943038BD66
:103D08004B077FF565AF8AE700220A23027003712B
:103D1800704700BF70B5044682B0C1F30726CDB224
:103D2800ADF8041003F0C4FF4FF480724FF0012384
:103D38002060A01DA571A280E671A36002B0BDE855
:103D4800704000F0B5BD00BF00B583B04FF0000E65
:103D58004FF0030C4274ADF80410BDF8043080F83D
:103D680010E0A0F802C0038003B05DF804FB00BFB8
:103D78002DE9F04FDFF81C8300258DB0C04C03708F
:103D880008F140034260074601920E462022294668
:103D98004046C4F86831C4F86481CDE90255CDE9DC
:103DA8000455CDE90655CDE90855CDE90A5510F079
:103DB800D3FB2022294604F5A170C4F83151C4F878
:103DC8003551C4F83951C4F83D5110F0C5FB019B79
:103DD80084F8485284F830317A68002A6AD02B4631
:103DE80004F59871454606F1100A9E46F01856F8F3
:103DF80003B0E2180EF1010ED0F80CC0D0F8049010
:103E0800D0F8088044F803B0C2F80CC04FF0000C9A
:103E1800C2F80490C2F80880008A25F802CB108204
:103E28001AF8032001F8012F002A70D07A684FF0A1
:103E380001001233724584F84802D7D84FF4802223
:103E480090489DF8043008214FF000084FF0000911
:103E5800C4F884310023C4E95B020122C4F8743138
:103E680084F88031C4E95E2194F84812C4E9648971
:103E7800A9B3C4F89821002284F8813184F88831E4
:103E88003B78C4E96722002B38D0012200200121A9
:103E9800013B84F8A421C4E96C01082B30D8DFE881
:103EA80013F0BD00C200C700CC00D100D600DB0073
:103EB800E100E8009DF804300121C4F87421C4F839
:103EC80084314FF4802384F880216E4AC4E95B234F
:103ED80008230022C4E95E130023C4E964230123F4
:103EE800002284F88131002384F888310323C4F840
:103EF80098313B78C4E96722002BC6D184F8A431F5
:103F0800614804F053FF034638B1FFBEFEE77A6804
:103F1800123372453FF66AAF90E702A95A480293F6
:103F280005F0A2F88246002876D1042240F2FF71FB
:103F38000A90CDE9081294F83021002A00F0F380A5
:103F48004FF006080AEBCA034FEACA0904EB430319
:103F58005B7C072B07D8DFE803F0595C5653504DBC
:103F68004A04072307930FFA8AF6D14406EBC606DC
:103F780004EB490904EB46077500384600F098FC45
:103F880099F81030042B00F3AA80022B00F3BD80AF
:103F980000F0B98004EB0A03002283F8202114F80A
:103FA8001630002B78D0022B00F08A80012B40F0CD
:103FB800B2807B78012B00F0B080002B334B18BF08
:103FC800002305A93048CDE9053804F01BFB00287B
:103FD80040F0AC800AF1010A94F830315FFA8AFAAD
:103FE800534540F2A0802A4B53F82A80AAE70623BB
:103FF8000793B8E705230793B5E704230793B2E7C8
:1040080003230793AFE702230793ACE70023079343
:10401800A9E701230793A6E7FFBEFEE70322402393
:10402800C4E96A236CE707226023C4E96A2367E7C7
:104038000F228023C4E96A2362E71F22A023C4E970
:104048006A235DE73F22C023C4E96A2358E77F2239
:10405800E023C4E96A2353E7FF224FF48073C4E9DD
:104068006A234DE740F2FF124FF49073C4E96A23C4
:1040780046E740F2FF324FF4A073C4E96A233FE7F2
:10408800889B002400200240F49C00240002B025F4
:10409800B4460108004100307B78062B37D0072B47
:1040A8003DD0022B4AD0032B4AD0002B4CD0012BF9
:1040B80048D0042B4AD0052B254B18BF002380E796
:1040C8007B78042B25D0052B2BD08BB3012B31D03B
:1040D800022B31D0032B1F4B18BF002371E703239A
:1040E800043504EB0A0B4FF0000925448BF8203106
:1040F800284609F1010900F0DBFB9BF82031043563
:104108004B45F5DC4BE70123EAE70223E8E7124BCE
:1041180057E7124B55E7002353E7114B51E7114B73
:104128004FE7114B4DE70DB0BDE8F08FFFBEFEE73E
:104138000E4B46E70E4B44E70E4B42E70E4B40E76B
:104148000E4B3EE70E4B3CE70E4B3AE70E4B38E77B
:104158000000B84F002090360800900C1000C010E6
:104168002000F0148000501D000180210004002A66
:104178000008302E001060320040C03A0080F03E47
:1041880000005247000021430000844B38B5094C19
:1041980040F2FF724FF0011104F5B675284604F09D
:1041A80011FF94F83021D4F864112846BDE838404E
:1041B80004F07CBC889B0024034B0F29D3F86401CE
:1041C80098BF00EB41007047889B0024214B026890
:1041D8009A4200D07047204A00232048D2F8D810CD
:1041E80030B51F4C41F0200183B0C4F8D00109203C
:1041F80004F5E875C4E975034FF48060C2F8D81077
:10420800D2F8D8204FF40061C4E9773094F8480216
:1042180002F02002C4F8E4114FF4005198420192D0
:104228002846C4F8E811C4E97C33019B14BF002375
:104238004FF48073C4F8EC3105F068FA08B1FFBE9A
:10424800FEE704F5B673C4F8B851C4F8083203B0F1
:1042580030BD00BF00200240004402584000024028
:10426800889B0024014805F0C9BD00BF589D002463
:1042780002682DE9F84F4B4B9A4201D0BDE8F88F00
:10428800494D95F84832002BF8D095F83031002B7D
:1042980077D0002405F10C0905F5A17605F5987786
:1042A800A04613E003F0010117F811BCA9F10800BA
:1042B80000F0DAFBBBF1010F25D895F83031013455
:1042C80009F112090236A2B293422BD917F8012F2D
:1042D800002AF4D0D5F864310021327833F814007C
:1042E800D5F8683103EB041323F81200338801333F
:1042F8009BB233805FFA83FA3A789A42D2D88A46D8
:10430800A6F80080D0E7CAF34001A9F1040000F044
:10431800ABFBBBF1020FCAF38001CED0484600F0D8
:10432800A3FBCAE7002395F84802204909229842CE
:10433800C5F8D8314FF48060C5F8D011C5F8D4213C
:104348004FF400614FF40052C5F8DC3108BF4FF458
:104358008073C5F8E821C5E9780100221448C5E949
:104368007B32C5F8F42105F0D1F908B1FFBEFEE7AC
:1043780095F83021D5F864110E48BDE8F84F04F0DF
:1043880095BB0A4909224FF48060C5F8D831C5E9C0
:1043980074124FF400614FF40052C5E97730C5E953
:1043A8007912DAE700200240889B0024400002408E
:1043B800589D0024F49C0024704700BF4F4B0268AE
:1043C8009A4200D070474E4BD3F8E81030B541F010
:1043D80000514C4C85B0D4F84821C3F8E810D3F804
:1043E800E81001F0005101910199D3F8E01041F073
:1043F8000101C3F8E010D3F8E03003F001030293A1
:10440800029B32F002033DD0013A012A6BD9D4F85D
:104418004C31012B0AD000223620114604F098FEB8
:10442800362005B0BDE8304004F0D0BED4F848319D
:1044380033F0020234D0013B012BECD84422402354
:104448003149324DC4F88C1000212846C4F8B01008
:10445800C4E9242300224FF48063C4E926234FF4DF
:1044680000624FF40053C4E928234FF480724FF4DC
:104478008033C4E92A2305F049F980B9E560C4F816
:10448800C440C8E74FF48062032303A8ADF80C20AA
:104498008DF80E3000F00CFAD4F84821B4E7FEE7A6
:1044A8001B4BA2634322636140231A4DC4E90623D0
:1044B80000224FF480632846C4E908234FF40062C1
:1044C8004FF40053C4E90A234FF480724FF4803349
:1044D800C4E90C2305F01AF920B9D4F84831A560CD
:1044E800E464A8E7FEE74FF4A062032303A8ADF84D
:1044F8000C208DF80E3000F0DBF988E700740040DE
:1045080000440258D89D002428040240649E0024D8
:1045180010040240EC9D0024014805F06FBC00BF68
:10452800EC9D0024014805F069BC00BF649E00248E
:1045380010B5054C204604F035FF04F58270BDE83F
:1045480010400BF029BD00BFD89D002430B58C4623
:104558003A4C3B4D8DB0046004F5A27EBCE80F00D8
:10456800AEE80F00DCF8003020462560CEF80030B9
:1045780004F0BAFE0023D4F84C510393C5B11622B7
:10458800012D049217D00022D4F85411D4F84831E0
:104598009142CDE9062218BF0222059233F00202A9
:1045A80035D0013B012B3CD9002528460DB030BD44
:1045B80002230493E7E7234A0093C4F80C31C4F8B4
:1045C8001431C4F80421C4F81C31CDE9013303F0D7
:1045D8000DFDD4F844314BF68032C4F80851002B55
:1045E80008BF1346B0FBF3F304F58270C4F810312A
:1045F8000BF03CFB0028D8D120230290694604F533
:10460800827000930BF080FD0028BCD0CDE703A991
:104618000A4804F0FBFE78B9D4F84831013B012B75
:10462800C2D8102203A9054804F0F0FE051E18BFE1
:10463800012528460DB030BD0125B6E7D89D0024D8
:1046480000740040001000402DE9F0410668D6F8DB
:104658004C5105BBD6F850310C461746002B0CBF01
:104668004FF008084FF0000831F0020305D0013C74
:10467800012C14D92846BDE8F08113462946424644
:104688003046013C04F074FE2946304604F042FEF0
:10469800012CEFD803E001252846BDE8F0813B4610
:1046A80042461021304604F063FE1021304604F0E3
:1046B80031FE2846BDE8F08110B592B0ADF804107F
:1046C8000180C9B2149C0B29C460C0E901233FD002
:1046D80090F801C0BCF10F0F3AD8022A3FD0032A44
:1046E80002D0012A00D000220E92012B02D0022B08
:1046F80018BF0023022C0F932CD0032C2AD0012C96
:1047080028D000230A29109327D85C4A02EB81227B
:1047180002610A2914D8DFE801F0A39587796B5D57
:104728004F4133250600564BD3F8E01041F4806121
:10473800C3F8E010D3F8E03003F480630C930C9BCB
:1047480001230DA9104603FA0CF30D9305F0A8FEFA
:1047580012B010BD0A291094D7D90022D8E7112227
:104768000E92C2E7464BD3F8E01041F40071C3F84B
:10477800E010D3F8E03003F400730B930B9BDFE7F2
:104788003F4BD3F8E01041F48071C3F8E010D3F840
:10479800E03003F480730A930A9BD1E7384BD3F8CF
:1047A800E01041F08001C3F8E010D3F8E03003F0E6
:1047B80080030993099BC3E7314BD3F8E01041F01C
:1047C8004001C3F8E010D3F8E03003F04003089349
:1047D800089BB5E72A4BD3F8E01041F02001C3F855
:1047E800E010D3F8E03003F020030793079BA7E716
:1047F800234BD3F8E01041F01001C3F8E010D3F8D0
:10480800E03003F010030693069B99E71C4BD3F89E
:10481800E01041F00801C3F8E010D3F8E03003F0ED
:1048280008030593059B8BE7154BD3F8E01041F07F
:104838000401C3F8E010D3F8E03003F00403049354
:10484800049B7DE70E4BD3F8E01041F00201C3F85A
:10485800E010D3F8E03003F002030393039B6FE703
:10486800074BD3F8E01041F00101C3F8E010D3F88A
:10487800E03003F001030293029B61E70000025855
:104888000044025808B5012143780069994089B26B
:1048980006F00EF8003818BF012008BD01230A46AB
:1048A8004178006903FA01F189B206F007B800BF40
:1048B8008378022B30B504468FB037D0032B33D022
:1048C800012B31D000230A93E378012B2AD0022B45
:1048D80028D000230B93002320460C9303F00CFDF3
:1048E8000546204603F010FD23780990082B13D8BD
:1048F800DFE803F01F3245586B7E91A40500594B41
:10490800D3F8E02042F48072C3F8E020D3F8E03016
:1049180003F480730893089B09A9284605F0C0FD95
:104928000FB030BD0B93D6E70A93CDE711230A9356
:10493800CAE74C4B09A92846D3F8E02042F0010207
:10494800C3F8E020D3F8E03003F001030093009BA4
:1049580005F0A6FD0FB030BD424B09A92846D3F893
:10496800E02042F00202C3F8E020D3F8E03003F080
:1049780002030193019B05F093FD0FB030BD394B45
:1049880009A92846D3F8E02042F00402C3F8E02041
:10499800D3F8E03003F004030293029B05F080FD96
:1049A8000FB030BD2F4B09A92846D3F8E02042F0BC
:1049B8000802C3F8E020D3F8E03003F008030393BB
:1049C800039B05F06DFD0FB030BD264B09A92846A5
:1049D800D3F8E02042F01002C3F8E020D3F8E0302A
:1049E80003F010030493049B05F05AFD0FB030BD8B
:1049F8001C4B09A92846D3F8E02042F02002C3F84E
:104A0800E020D3F8E03003F020030593059B05F080
:104A180047FD0FB030BD134B09A92846D3F8E02055
:104A280042F04002C3F8E020D3F8E03003F040033E
:104A38000693069B05F034FD0FB030BD094B09A95C
:104A48002846D3F8E02042F08002C3F8E020D3F8EB
:104A5800E03003F080030793079B05F021FD0FB0BA
:104A680030BD00BF0044025870B506460D4603F03D
:104A780043FC0446304603F047FC2A1E0146204604
:104A880018BF0122BDE8704005F018BF00231222AC
:104A980070B586B0CDE9022304930368032B01D8CF
:104AA80004230593061D841D304603F025FC0546A6
:104AB800304603F029FC034601A92846019305F076
:104AC800EFFC204603F018FC034620461C4603F082
:104AD8001BFC01A903462046019305F0E1FC06B042
:104AE80070BD00BF634A0368934210B58CB028D0EC
:104AF800614A934258D0614A934200F09480604AD8
:104B0800934201D00CB010BD5E4C5F48D4F8E03041
:104B180043F00203C4F8E030D4F8E03003F00203B5
:104B28000A930A9BFFF7B2FFD4F8F43043F08003EE
:104B3800C4F8F430D4F8F43003F080030B930B9BE3
:104B4800E0E7504C5148D4F8E03043F00203C4F891
:104B5800E030D4F8E03003F002030193019BFFF743
:104B680095FFD4F8E83000221F2043F400131146C3
:104B7800C4F8E830D4F8E83003F400130293029B39
:104B8800D4F8D83043F00103C4F8D830D4F8D8307A
:104B980003F001030393039B04F0DAFA1F200CB01F
:104BA800BDE8104004F012BB364C3948D4F8E03068
:104BB80043F08003C4F8E030D4F8E03003F0800319
:104BC8000493049BD4F8E03043F00203C4F8E030C7
:104BD800D4F8E03003F002030593059BFFF756FF76
:104BE800D4F8E8300022212043F480031146C4F8A9
:104BF800E830D4F8E83003F480030693069BD4F831
:104C0800D83043F00103C4F8D830D4F8D83003F0D2
:104C180001030793079B04F09BFA21200CB0BDE821
:104C2800104004F0D3BA1B48FFF730FF154B0022A1
:104C38004820D3F8E840114644F40004C3F8E8409B
:104C4800D3F8E84004F400040894089CD3F8D8404A
:104C580044F00104C3F8D840D3F8D83003F0010376
:104C68000993099B04F074FA48200CB0BDE8104081
:104C780004F0ACBA0054004000580040005C00400A
:104C8800001C005800440258CCA10024449F002472
:104C98001CA00024F4A000242DE9F0431A4B87B08F
:104CA80000254FF010099E46EC46184BFF22E046BF
:104CB80067461A700EF118060EF13004CDE900555A
:104CC800CDE90255ADF80090BCE80F00CDE90455D8
:104CD800AEE80F009CE803000095ADF800908EE860
:104CE8000300B8E80F000FC69CE803000095ADF874
:104CF800009086E803000FCF0FC49CE8030084E807
:104D0800030007B0BDE8F08304000024409F00249E
:104D180010B5EFF3108472B6084B1A78120602D554
:104D280004B962B610BD1B78D82205485BB202FBF5
:104D38000300143005F062F8F2E700BF409F00243A
:104D4800449F0024014806F051BC00BFD09F0024B6
:104D5800014806F04BBC00BFA8A00024014806F09B
:104D680045BC00BF80A100242DE9F0430F68D8247A
:104D78003F4D85B007FB04F4032F05EB04030360E4
:104D880040DCCB680E46012B3CD84DD04FF0D808FC
:104D9800B646DFF8FC9008FB0758BEE80F00C4468B
:104DA800ACE80F00DEF800300DF1100ECCF8003042
:104DB800D8F808C099E80F000EE90F000EEB87033A
:104DC800BCF1010F53F8103CC8F88C3031D0BCF15D
:104DD800020F42D0BCF1000F35D0317C8C34D8237F
:104DE800002201202C4403FB07534900C3E9260293
:104DF800C3F894102046C3E92822C3E92A2206F002
:104E0800E7F918B1012005B0BDE8F0830146204656
:104E180006F0F8FB0028F5D10146204606F01CFCF8
:104E2800003818BF0120EEE70B7C103B672BADD98B
:104E3800E8E703F0D9F80F4B98420CBF0E4B0F4B25
:104E4800C8F89030C9E703F0CFF80A4B98420CBF76
:104E58000B4B0C4BC8F89030BFE703F0C5F8054B77
:104E680098420CBF084B094BC8F89030B5E700BF13
:104E7800449F0024000E27072D0FB0303211D02098
:104E88005F4390608A62E030200BA0101A098010FE
:104E98002C4601082DE9F041D0F8008082B00D467B
:104EA80017461E4608F18C04204606F0A7FB20286A
:104EB800FAD1D8F80C3073B96D002046089C3346F7
:104EC8003A46A9B2009406F0D9F9003818BF012073
:104ED80002B0BDE8F081089B32463946204606F00C
:104EE800A1FAF2E7044B10221A7483F8E82083F839
:104EF800C02183F898227047449F002430B50023CE
:104F080095B04FF48071062204460B9306921393D2
:104F1800CDE90C13CDE90E33CDE9113303F068F870
:104F280007282BD004F1100541F2883206A928463B
:104F380007F0A4F928B10123184684F85C3015B0AD
:104F480030BD0222022306A92846CDE900231022FB
:104F58000123CDE9022300224FF48003CDE9042385
:104F680005224FF0807306926A460F9341F2883308
:104F780007F0F0FA0028DED115B030BD0323012078
:104F880084F85C3015B030BD70B50023A4B04FF084
:104F980080724FF480750446ADF806300D93CDE964
:104FA80010320122CDE90E53CDE91223CDE9143395
:104FB800002943D0F02300F1100508AEADF8063003
:104FC800C02341F2883231462846089307F056F943
:104FD80028B10123184684F85C3024B070BD41F232
:104FE80088320DF10601284607F0B2F90346002879
:104FF800EFD105224FF480711E93284616924FF088
:1050080080721B9321931F9202AA9FED1F7BCDE90B
:105018001C13CDE922338DED027B9FED1D7B41F200
:10502800883316A98DED047B9FED1B7B8DED067BE8
:1050380007F090FA0028CCD124B070BD00F110051B
:1050480008AE612341F2883231462846089307F0BA
:1050580015F90028BDD141F288320DF10601284624
:1050680007F0F4F90028B4D1BDF80630204623F043
:10507800780343F04003ADF80630FFF73FFF002800
:105088009ED0A6E7AFF300800000000001000000FA
:1050980010000000010000000000000000004000B7
:1050A8002DE9F04F00234FF4807501264FF08078EA
:1050B80004462DED028BABB08DF807301393219386
:1050C800299314950E96CDF85C80CDE91533CDE97A
:1050D8001863CDE91A33CDE92253CDE92433CDE95C
:1050E800273306231C9302F083FF072808D004F116
:1050F800100741F288321CA9384607F0BFF840B1C2
:105108000123184684F85C302BB0BDEC028BBDE857
:10511800F08F4FF0020A4FF0020B4FF0050941F2F1
:10512800883308AA1CA93846CDF89480CDF8709029
:105138009FED2D8BCDE908AB4FF0000A4FF4800BA3
:105148008DED0A8BCDE90CAB07F004FA0028D7D116
:1051580041F2883238460EA907F090F80028CFD1DE
:10516800402341F288320DF1070138468DF80730A7
:1051780007F0EEF80028C3D141F288330EA902AA3D
:105188003846CDF83890CDF85C809FED197B8DEDD1
:10519800048BCDE906AB8DED027B07F0DBF9034606
:1051A8000028ADD1CDF870904FF00109CDF894806A
:1051B8004FF00008219308AA29931CA93846229584
:1051C800CDE92333CDE9273341F288338DED0A8BBE
:1051D800CDE90CABCDE9088907F0BCF9002893D0DC
:1051E800304684F85C608FE7100000000100000082
:1051F80040000000400000002DE9F043624CA3B0DD
:105208000D46046002F0F4FE072800F0A980286823
:1052180023466968AA6807C31E46AB8926F8043B7B
:105228003046257B677B07F00BF8E0B9574B012D1B
:105238004FF00108E061236114BF4FF480134FF46D
:105248000003C4E9058893FAA3F3B3FA83F34FF490
:105258008079013BC4F82490C4E90B0030462362EE
:1052680006F082FF38B10122134684F85C20184604
:1052780023B0BDE8F08366230B90139041F2883287
:1052880006A90693CDE90C90CDE90E00CDE91100F1
:10529800304606F0F3FF0028E5D1992341F2883221
:1052A80006A93046069306F0E9FF0028DBD105235E
:1052B8001C9019906A4614934FF08073219014A99A
:1052C8001D9341F288339FED2A7BCDE91A90CDE9F1
:1052D8001F008DED007B9FED287B30468DED027B16
:1052E8009FED277B8DED047B07F034F90028BAD1B8
:1052F80029462046FFF748FE0028B4D12046FFF78C
:10530800CFFE03460028AED1002FB0D11893304607
:105318000027002606AA14A9CDF86890CDE91F3306
:10532800EB2314934FF440631B934FF400531793EC
:105338004FF440431C93A0231693062319934FF070
:10534800805321934FF04073CDE906671D9307F012
:1053580079F9034600288AD0434684F85C8086E7BA
:1053680001230322184684F85C2023B0BDE8F083AB
:105378000000000001000000100000000100000013
:105388000000000000004000A4A2002400500052C9
:105398002DE9F04F8FB0414B0024026800AF9A42CC
:1053A8007C63C7E90944C7E90B4403D03C37BD46D1
:1053B800BDE8F08F3A4B40F609213A48EB46D3F85E
:1053C800D42007F11C0607F1220A4FF0020942F423
:1053D80080424FF00308C3F8D420D3F8D42002F455
:1053E8008042BA60BA68D3F8E02042F04002C3F8BD
:1053F800E020D3F8E02002F04002FA60FA68D3F81F
:10540800E02042F02002C3F8E020D3F8E02002F0C8
:1054180020023A613A69D3F8E02042F01002C3F85A
:10542800E020D3F8E02002F010027A617A69D3F81C
:10543800E02042F00202C3F8E020D3F8E030F8613F
:1054480003F002033984BB61174B7B60BB697B683F
:1054580053F8040F7B6002F04FFF7B68054618681D
:1054680002F052FF16F8013B786207F12401284642
:10547800C7F830807B63C7E90A9405F011F85645F0
:10548800E5D100225C20114603F062FE5C2003F0A7
:105498009DFE3C37DD46BD46BDE8F08F005000520A
:1054A800004402580A0A090900A30024114B0268A3
:1054B8009A4200D07047104A70B5D2F8D4300F4CD9
:1054C80023F4804304F11806C2F8D43054F8040FCA
:1054D80002F012FF0546206802F016FF0146284632
:1054E80005F01EF9B442F1D15C20BDE8704003F02C
:1054F8007BBE00BF005000520044025800A30024A5
:10550800014807F02BB900BFB4A20024084B1A1DAC
:10551800981D03F1080110B49C1C9A6603F10A0255
:10552800C3E91834C3E91B015DF8044B5A67704797
:10553800A4A2002438B5036871B9026A00F12805ED
:1055480000F5AC74012A0CBF002140218BBB1D4B18
:105558005722C0F858310DE0426A00F1C00500F545
:10556800E874012A0CBF00214021EBB1164B5A22E6
:10557800C0F8D03100232046C4E901214FF48052FD
:105588004FF48061636262614FF48042C4E9033181
:105598004FF48073C4E906234FF40033236204F008
:1055A800B5F858B1FFBEFEE7084B5822C0F8D03115
:1055B800E0E7074B5922C0F85831DBE7C5E920443A
:1055C800A56338BD10000240700002402800024068
:1055D800580002402DE9F043821D05468BB0031D9B
:1055E80005F10A010830CDE9052305F10C02AB6984
:1055F800CDE907010992002B3DD0EB69B3FA83F896
:105608004FEA58180123022205AE0AAF4FF00609E7
:105618000393CDE9012356F8044B2B792278934262
:1056280016D02B68F3B1012B02D1F2B10A230493EF
:10563800204602F069FE03462046009302F05CFE15
:10564800694604F02DFFBE42E5D10BB0BDE8F083FA
:10565800697963789942E4D1B8F1000FF3D02B68E7
:10566800002BE0D1CDF81090E2E76378022B14BF4D
:105678000A230823DBE74FF00108C3E7534A03680E
:10568800934230B505468BB055D02032934252D064
:105698004F4A934204D02032934201D00BB030BD20
:1056A8004C4C4D48D4F8E03043F00103C4F8E030E6
:1056B800D4F8E03003F001030593059BD4F8E030FB
:1056C80043F00803C4F8E030D4F8E03003F00803EE
:1056D8000693069BD4F8E03043F04003C4F8E0306A
:1056E800D4F8E03003F040030793079BD4F8F03078
:1056F80043F40003C4F8F030D4F8F03003F40003A6
:105708000893089BFFF766FFD4F8D830296843F060
:1057180001032F4A3048C4F8D830891AD4F8D83051
:1057280018BF012103F001030993099B0BB0BDE8E1
:105738003040FFF7FFBE274C2848D4F8E03043F04C
:105748000103C4F8E030D4F8E03003F0010300931B
:10575800009BD4F8E03043F01003C4F8E030D4F8EC
:10576800E03003F010030193019BD4F8E03043F0DC
:105778004003C4F8E030D4F8E03003F0400302936B
:10578800029BD4F8F03043F48003C4F8F030D4F826
:10579800F03003F480030393039BFFF71BFFD4F857
:1057A800D830296843F00103084A0C48C4F8D830B7
:1057B800891AD4F8D83018BF012103F001030493E3
:1057C800049B0BB0BDE83040FFF7B4BE045801405D
:1057D800045C01400044025878A500241CA300245E
:1057E800014804F00BBB00BF74A40024014804F076
:1057F80005BB00BFECA40024014804F0FFBA00BFB9
:10580800D0A60024014804F0F9BA00BF48A7002434
:105818001A4A0368934210B40BD02032934208D03E
:10582800174A934216D02032934213D05DF8044BA6
:105838007047144B0022D3F85442C3F85822002C66
:10584800F4D0D3F84802D3E9931223465DF8044B09
:10585800520818470B4B0022D3F8B044C3F8B424BD
:10586800002CE3D0D3F8AC24D3F8A814D3F8A404BC
:10587800520823465DF8044B184700BF04580140FE
:10588800045C01401CA30024184A0368934210B426
:105898000BD02032934208D0154A934217D02032B9
:1058A800934214D05DF8044B7047124BD3E994240B
:1058B8005208C3F85822002CF4D0D3E992012346A9
:1058C80001EB820100EB82005DF8044B1847094B9D
:1058D800D3F8AC24D3F8B0445208C3F8B424002C4D
:1058E800E0D0D3F8A814D3F8A404E8E7045801409A
:1058F800045C01401CA300242DE9F04F0C684FF410
:105908001776754F87B004FB06F6012C07EB060ADD
:10591800C0F800A000F3A0800D468E464FF00008A6
:10592800D44669A3D3E9002369A1D1E90001CDE9EF
:10593800022306ABCAF8508203EB8403CDE90401C5
:1059480053F810BC53F8083CCAE992880193BEE8A2
:105958000F00ACE80F00BEE80F00ACE80F00019B99
:105968009EE80300CAF828B0CAF8C0308CE80300E3
:105978002B69042B0CD8DFE803F0737D87910300B3
:105988004FF41773554A03FB04739A64C3F8E02075
:10599800AA692B6A002A43D0002B4FF4177308BF5B
:1059A800022203FB047318BF0322DA6201221A637E
:1059B800EA696B6A002A40D1191E4FF4177318BFA1
:1059C800012103FB0473C3E931126B69022B05D86B
:1059D800434A12F80380434A52F823904FF417734E
:1059E80006F128004246494603FB04740023384464
:1059F80063646363E365C4F8DC30C4F8CC30C4F88E
:105A0800F430C4E90F33C4E91533C4E93533C4E9C4
:105A18003B33022308F044FF002849D0FFBEFEE7CD
:105A2800191E4FF4177318BF012103FB0473C3E950
:105A38000B12EA696B6A002ABED0002B4FF4177369
:105A480008BF022203FB047318BF0322C3F8C42053
:105A58000122C3F8C820B8E7012007B0BDE8F08FDD
:105A68004FF417734FF4FA5203FB04739A64C3F8A4
:105A7800E0208DE74FF417734FF47A5203FB047359
:105A88009A64C3F8E02083E74FF417734FF4FA429F
:105A980003FB04739A64C3F8E02079E74FF41773A3
:105AA8004BF6803203FB04739A64C3F8E0206FE777
:105AB80006F1C000022342464946384408F0F0FE89
:105AC8000028CAD0FFBEFEE704580140045C01402C
:105AD80024580140245C01401CA3002400770100E5
:105AE800F4460108F84601080068704770B5046874
:105AF80082B015460E46C4F85032C4E99212069A8E
:105B0800C4F85422A269012A26D0626A012A9AB2EC
:105B180011D0294604F1C000019208F07DFF236AE4
:105B2800019A012B10D0294604F1280008F074FFCF
:105B3800002002B070BD04F1C000019208F0FEFF21
:105B4800236A019A012BEED1314604F1280008F0AE
:105B5800F5FF002002B070BD226A012A9AB211D066
:105B6800294604F12800019208F056FF636A019A59
:105B7800012B10D0294604F1C00008F04DFF002089
:105B880002B070BD04F12800019208F0D7FF636AE3
:105B9800019A012BEED1314604F1C00008F0CEFF86
:105BA800002002B070BD00BF03681B69042B05D834
:105BB800044A02EB830393ED000A70479FED020A43
:105BC800704700BF0447010800803B470368D3F8CB
:105BD8005802704770B5002304464FF480620421D0
:105BE8004FF440353448C4F83821C4F8D410C4F808
:105BF8003431C4F84C113149C4F8B000C4F8281144
:105C0800C4E92F32C4E93133C4E93335C4E9373341
:105C1800C4E94F33C4E95135C4E95533A2680323B5
:105C2800C4F8D830C4F85031042A0AD8DFE802F0A2
:105C38001F262D34030055225623C4F8B420C4F877
:105C48002C310022402304F1B005C4F8B8202846BE
:105C5800C4F8303103F05AFD08B1FFBEFEE704F581
:105C68009476304603F052FDE8B1FFBEFEE72522E8
:105C78002623C4F8B420C4F82C31E2E727222823CD
:105C8800C4F8B420C4F82C31DBE73D223E23C4F825
:105C9800B420C4F82C31D4E753225423C4F8B420D8
:105CA800C4F82C31CDE704F12803C4E92865C4F809
:105CB800E830C4F8603170BD400402405804024026
:105CC8002DE9F04F814683B00E4617461D4600F178
:105CD8002804204609F0C6FF01288246F9D1484623
:105CE800FFF778FF8046002835D1EFF31083019342
:105CF80072B6DFF888B00C9B99F90820DFF880A00D
:105D0800DFF88090CBF800300D9B89F80020CAF8A6
:105D180000300DB11846A847BAB23146204609F0FE
:105D280017FB30B9019B03B962B6404603B0BDE822
:105D3800F08F0023CBF80030CAF80030FF2389F831
:105D480000300C9B8BB101210D9888469847019B28
:105D5800002BEAD1E8E70C9B53B1D0460D98514689
:105D68009847404603B0BDE8F08F4FF00108D9E7E7
:105D7800D046404603B0BDE8F08F00BFF4B1002420
:105D8800FCB10024F8B100242DE9F04F814683B01E
:105D98000E4617461D4600F12804204609F062FF0A
:105DA80001288246F9D14846FFF714FF80460028AB
:105DB80035D1EFF31083019372B6DFF888B00C9BEE
:105DC80099F90820DFF880A0DFF88090CBF8003040
:105DD8000D9B89F80020CAF800300DB11846A84775
:105DE800BAB23146204609F077FC30B9019B03B9B5
:105DF80062B6404603B0BDE8F08F0023CBF8003010
:105E0800CAF80030FF2389F800300C9B8BB10121C0
:105E18000D9888469847019B002BEAD1E8E70C9B30
:105E280053B1D0460D9851469847404603B0BDE857
:105E3800F08F4FF00108D9E7D046404603B0BDE8DF
:105E4800F08F00BFF4B10024FCB10024F8B10024A5
:105E58002DE9F04F814683B00F461646984600F16B
:105E68002804204609F0FEFE0128FAD18246484659
:105E7800FFF7B0FE0546002838D1EFF310830193F1
:105E880072B699F90830DFF88890DFF888B089F899
:105E980000300D9BDFF880A0CBF800300E9BCAF8CD
:105EA80000300C9B0BB10E9898471FFA88F33A46BE
:105EB8003146204609F004FB30B9019B03B962B6AC
:105EC800284603B0BDE8F08F0023CBF80030CAF8AD
:105ED8000030FF2389F800300D9B8BB101210E980B
:105EE8000D469847019B002BEAD1E8E70D9B4BB183
:105EF80055460E9851469847284603B0BDE8F08F9E
:105F08000125DAE75546284603B0BDE8F08F00BF03
:105F1800F8B10024F4B10024FCB100242DE9F043C9
:105F2800002387B00222044605690493CDE90223C1
:105F3800D0E902128E00FAB1022D7AD02178B5FA92
:105F480085F54FF00108276A0B294FEA551521D12D
:105F5800A2780B2A02D0B8F1000F38D123790B2B85
:105F680001D0002D6CD1A37917B10B2B40F099808B
:105F7800002007B0BDE8F08335F002032178276AD6
:105F88000CBF4FF001084FF00008023D18BF012573
:105F98000B29DDD07D4B94F801C053F826201078EA
:105FA8000B2802D0884200F0AD80D378D01C9942EB
:105FB80002D10B2B40F0BD809379901D8B4202D10A
:105FC8000B2B40F0BC80012007B0BDE8F083711CAA
:105FD8006E4BE07853F8213019780B2902D08A42A9
:105FE80000F0B580D97803F1030C0B2902D08A425E
:105FF80000F0BB80997903F1060C0B29E3D08A42A3
:10600800E1D1DB798342DED1634604F102099B7852
:106018004846059302F070F98046484602F074F944
:1060280001A90190404604F03BFA23790B2B98D143
:1060380099E70178076A0B2940F0868001258DE7EA
:10604800B11C524A607952F8212011780B2902D0EC
:106058008B4200F08180D178D51C0B2902D08B426D
:1060680000F08D809179951D8B42ACD10B29AAD077
:10607800D3798342A7D12A46251D937828460593CC
:1060880002F03AF9034628461D4602F03DF901A9F7
:106098000190284604F004FAA379002F7FF465AF35
:1060A80066E7F11C394AE07952F8212011780B296A
:1060B80001D08B425FD0D178D51C0B2901D08B42FF
:1060C8004FD09179951D8B427FF47DAF0B293FF41A
:1060D8007AAFD37983427FF476AF2A46A51D9378A9
:1060E8002846059302F008F90446284602F00CF900
:1060F800034601A92046019304F0D2F9002007B015
:10610800BDE8F083537863457FF44FAF937820461A
:10611800059302F0F1F88146204602F0F5F801A94E
:106128000190484604F0BCF9A2780B2A7FF413AF1B
:1061380014E7137963457FF43FAF0246E6E7D37966
:1061480063457FF440AFF8E79846012522E7597880
:1061580081427FF447AF58E7517881427FF47BAFA3
:106168008AE711798142ACD1B7E7197981427FF486
:1061780041AF634649E7517881429CD1AEE7117936
:1061880081427FF46FAF2A4676E700BF4047010897
:10619800654A0368934200F0B980A2F578429342B9
:1061A80000F0B68002F58062934200F0B38002F5F9
:1061B8007842934200F0B08002F5E052934200F03A
:1061C800AD805A4A934240F0AB8005234FF4D0711A
:1061D800574A01FB03F310B5D418D05C86B002F01F
:1061E8009BF8A07802F098F8207902F095F8A07949
:1061F80002F092F8A368052B11D8DFE803F0192FF5
:10620800455B71034B4BD3F8F42042F02002C3F8EE
:10621800F420D3F8F43003F020030593059B2046BF
:10622800FFF77CFE012801D006B010BDFFBEFEE7D7
:10623800404B00222320D3F8F01041F48051C3F8DA
:10624800F0101146D3F8F03003F480530093009B0C
:1062580002F07EFF232002F0B9FFE0E7354B002271
:106268002420D3F8E81041F48041C3F8E81011461F
:10627800D3F8E83003F480430193019B02F068FFF0
:10628800242002F0A3FFCAE72A4B00223320D3F8C8
:10629800E81041F40041C3F8E8101146D3F8E8309B
:1062A80003F400430293029B02F052FF332002F0F2
:1062B8008DFFB4E71F4B00225420D3F8F01041F4AF
:1062C8000051C3F8F0101146D3F8F03003F400532E
:1062D8000393039B02F03CFF542002F077FF9EE7F4
:1062E800144B00225520D3F8F01041F48011C3F864
:1062F800F0101146D3F8F03003F480130493049B94
:1063080002F026FF552002F061FF88E700235DE7D1
:1063180001235BE7022359E7032357E7042355E7E3
:1063280000231B78FFDE00BF003001400014005836
:10633800D4A70024004402582DE9F043002289B074
:106348001B4B01210DF1040C9E461A4B0791E146A7
:10635800E04667460EF11C060EF138050EF15404AE
:10636800CDE90122CDE90322CDE90522FF221A70E9
:10637800BCE80F00AEE80F009CE807008EE80700B5
:10638800B9E80F000FC69CE8070086E80700B8E8E0
:106398000F000FC59CE8070085E807000FCF0FC462
:1063A8009CE8070084E8070009B0BDE8F08300BF57
:1063B8000C010024F8B10024014809F027BB00BFF4
:1063C800FCA70024014809F021BB00BF9CA90024B8
:1063D800014809F01BBB00BF3CAB0024014809F091
:1063E80015BB00BFDCAC0024014809F00FBB00BF9F
:1063F8007CAE002410B5EFF3108472B6084B1A78FF
:10640800120602D504B962B610BD1B784FF4D072DB
:1064180004485BB202FB0300B03003F0EFFCF1E785
:10642800F8B10024D4A7002410B5EFF3108472B695
:10643800094B1A78120602D504B962B610BD1B784A
:106448004FF4D07205485BB202FB030000F594706C
:1064580003F0D4FCF0E700BFF8B10024D4A700246F
:106468002DE9F04184B0EFF3108772B6284AFF2176
:10647800284C1368217023B100211160264A106846
:10648800984723781B061CD5DFF894800025234EF7
:106498004446216879B162686AB1A369012B22D0A8
:1064A800A3B963693046019323690093E36822899D
:1064B800FFF76AFC18B301351C3406F5D076042DB5
:1064C800E7D107B962B604B0BDE8F081D4E9043079
:1064D800CDE90130E068238900903046FFF7B8FC29
:1064E8000028E8D10BE0D4E904301146CDE90030AA
:1064F8003046E3682289FFF7E3FB0028DBD1C5EBD0
:10650800C50508EB850348F825005860D9E700BFA2
:10651800F4B10024F8B10024FCB10024D4A700246D
:106528000C0100242DE9F04184B0EFF3108772B616
:10653800284AFF21284C1368217023B100211160DB
:10654800264A1068984723781B061CD5DFF89480E4
:106558000025234E4446216879B162686AB1A3696F
:10656800012B22D0A3B963693046019323690093B4
:10657800E3682289FFF708FC18B301351C3406F5D7
:10658800D076042DE7D107B962B604B0BDE8F08132
:10659800D4E90430CDE90130E06823890090304621
:1065A800FFF756FC0028E8D10BE0D4E90430114687
:1065B800CDE900303046E3682289FFF781FB0028E7
:1065C800DBD1C5EBC50508EB850348F82500586005
:1065D800D9E700BFF4B10024F8B10024FCB10024CD
:1065E800D4A700240C0100242DE9F04184B0EFF376
:1065F800108772B6284AFF21284C1368217023B1EE
:1066080000211160264A1068984723781B061CD57C
:10661800DFF894800025234E4446216879B16268EA
:106628006AB1A369012B22D0A3B9636930460193EB
:1066380023690093E3682289FFF7A6FB18B30135A5
:106648001C3406F5D076042DE7D107B962B604B03C
:10665800BDE8F081D4E90430CDE90130E068238950
:1066680000903046FFF7F4FB0028E8D10BE0D4E9AE
:1066780004301146CDE900303046E3682289FFF73F
:106688001FFB0028DBD1C5EBC50508EB850348F8DF
:1066980025005860D9E700BFF4B10024F8B1002400
:1066A800FCB10024D4A700240C0100242DE9F041FA
:1066B80084B0EFF3108772B608F012FC284A294C10
:1066C800FF21136821702BB1002111600121264A96
:1066D8001068984723781B061CD5DFF8948000259E
:1066E800224E4446216879B162686AB1A369012BD8
:1066F80022D0A3B963693046019323690093E36804
:106708002289FFF741FB18B301351C3406F5D07612
:10671800042DE7D107B962B604B0BDE8F081D4E929
:106728000430CDE90130E068238900903046FFF756
:106738008FFB0028E8D10BE0D4E904301146CDE9FD
:1067480000303046E3682289FFF7BAFA0028DBD127
:10675800C5EBC50508EB850348F825005860D9E75F
:10676800F4B10024F8B10024FCB10024D4A700241B
:106778000C0100242DE9F0418F684FF4D0743E4E8F
:106788008C4607FB04F4052F06EB04050560AE46AE
:10679800BCE80F00AEE80F00BCE80F00AEE80F0041
:1067A8009CE803008EE8030004D8EB68002B60D057
:1067B800012B02D00120BDE8F08100214FF4D073F5
:1067C80003FB07631A69032AF4D8D3F814C0ACF1A1
:1067D80004001C28EED89B691BB1012BEAD14FF0AD
:1067E80000734FF4D07000FB0760C06918B101282E
:1067F800E0D14FF080704FF4D07505FB0765D5F8F0
:1068080020E0BEF1020FD5D8D5F82480B8F1070FE3
:10681800D0D85204E962C5E90E300CF1FF332A637F
:1068280004F128006B634FEA087330446B6400235B
:10683800C5E91233C5E91433C5E91833C5E91A3374
:10684800C5E91C33AB67C5F880300C4B53F82E20D4
:106858000B4B2A644FF0804253F82730EA65AB624D
:106868004FF00043EB6708F03BFB0028A3D0FFBEC6
:10687800FEE74FF48001A1E7D4A7002430470108C0
:1068880018470108006892B208B5283008F0D6FB0E
:10689800003818BF012008BD30B4544B002108222D
:1068A8000220534CD9615862C3F8BC11C3F8C40123
:1068B800C3F85C13C3F86403C3F8F424C3F8F814EA
:1068C800C3F8FC14C3F80405C3F89426C3F8981653
:1068D800C3F89C16C3F8A406C3F83428C3F83818BC
:1068E800C3F83C18C3F84408424D4348C3E905219E
:1068F800C3E96D21C3E9D5212288A3783F49EA80FD
:10690800CA800B723E492B72CA800B722168A0F8AC
:1069180003204371C28003723A4C3B48E2802372E1
:10692800A0F80320394C4371C28003723848E280D2
:106938002372A0F80320374C4371C2800372080CFD
:106948002180A070A4F803206371E2802372324C86
:10695800324D2180A070A4F803206371E280237275
:106968002F4CEA8021802B72A070A4F80320637159
:10697800E28023722B4C2180A070A4F8032063715D
:10698800E2802372284C2180A070A4F80320637150
:10699800E2802372254C2180A070A4F80320637143
:1069A800E2802372224C2180A070A4F80320637136
:1069B800E28023721F4C21801F49A070A4F8032095
:1069C8001E486371E2802372A1F803201C4C4B71AE
:1069D800CA800B721B49E2802372C2800372A1F83D
:1069E80003204B71CA800B7230BC7047D4A70024B7
:1069F8003C47010894000024B800002488000024C3
:106A08004C000024A0000024DC000024C400002462
:106A180064000024C4B10024ACB10024D0000024D8
:106A2800B8B1002494B10024E8B10024D0B1002406
:106A3800DCB10024A0B1002400010024F4000024EB
:106A4800E8000024700000241F4BC1680268F0B5FC
:106A5800D3F88C5083B00369ADB24D1BA2B1AB42E1
:106A680012D00446866811D2F018E91ACDE9001050
:106A780001F058F80023DDE90010D4E90062B047BE
:106A8800E3682561AB421BD003B0F0BDF018C91A0A
:106A9800CDE9000101F046F80023DDE90001D4E961
:106AA8000072B8473046294601F03CF800233046CA
:106AB800626829462668B047E3682561AB42E3D19E
:106AC8000023236103B0F0BD000002402DE9F84F18
:106AD80004460F4690461E4600F13405284609F044
:106AE80061FD2028FAD14FF480630020C4F8D0302B
:106AF800C4F848314FF44033C4F8CC00C4F8E0304F
:106B0800C4F858314E4BC4F8DC00C4F8C03003F563
:106B18007A73C4F8E400C4F838314023C4F8C800D4
:106B2800C4F84031E369C4F84401C4F85401C4F816
:106B38005C01C4E93500C4E95300072B0BD8DFE832
:106B480003F061535A373E454C045123C4F8C4300E
:106B58005223C4F83C3104F59C79484602F0D6FD2E
:106B680008B1FFBEFEE7C4F8A890C4F87051EFF36F
:106B7800108972B6DFF8D0B094F91C30DFF8CCA0D9
:106B88008BF800300A9B2F4CCAF800300B9B23600F
:106B98000EB11846B0471FFA88F23946284609F060
:106BA800EBFAB0BBB9F1000F00D162B6BDE8F88FBF
:106BB8003F23C4F8C4304023C4F83C31CBE7412319
:106BC800C4F8C4304223C4F83C31C4E74723C4F8AE
:106BD800C4304823C4F83C31BDE74F23C4F8C4305F
:106BE8005023C4F83C31B6E72B23C4F8C4302C2317
:106BF800C4F83C31AFE72D23C4F8C4302E23C4F8C1
:106C08003C31A8E72923C4F8C4302A23C4F83C310E
:106C1800A1E7FF238BF800300023CAF80030236077
:106C28000A9B3BB10B98012198470120B9F1000F4D
:106C3800BCD1BAE70120B9F1000FB7D1B5E700BF61
:106C48008800024038C1002434C1002430C1002427
:106C58002DE9F84F04460F4690461E4600F13405CC
:106C6800284609F09FFC2028FAD14FF480630020C1
:106C7800C4F8D030C4F848314FF44033C4F8CC00DD
:106C8800C4F8E030C4F858314E4BC4F8DC00C4F8FE
:106C9800C03003F57A73C4F8E400C4F838314023EF
:106CA800C4F8C800C4F84031E369C4F84401C4F822
:106CB8005401C4F85C01C4E93500C4E95300072B4A
:106CC8000BD8DFE803F061535A373E454C04512393
:106CD800C4F8C4305223C4F83C3104F1C009484612
:106CE80002F014FD08B1FFBEFEE7C4F8AC90C4F88A
:106CF800F850EFF3108972B6DFF8D0B094F91C3071
:106D0800DFF8CCA08BF800300A9B2F4CCAF8003073
:106D18000B9B23600EB11846B0471FFA88F239461C
:106D2800284609F07BFAB0BBB9F1000F00D162B672
:106D3800BDE8F88F3F23C4F8C4304023C4F83C3181
:106D4800CBE74123C4F8C4304223C4F83C31C4E73C
:106D58004723C4F8C4304823C4F83C31BDE74F2367
:106D6800C4F8C4305023C4F83C31B6E72B23C4F828
:106D7800C4302C23C4F83C31AFE72D23C4F8C43009
:106D88002E23C4F83C31A8E72923C4F8C4302A23A9
:106D9800C4F83C31A1E7FF238BF800300023CAF880
:106DA800003023600A9B3BB10B98012198470120D2
:106DB800B9F1000FBCD1BAE70120B9F1000FB7D182
:106DC800B5E700BF8800024038C1002434C1002460
:106DD80030C100242DE9F0410D4682B0EFF3108751
:106DE80072B6002948D1FF23254A264C2370136820
:106DF8002BB1002029461060234A10689847237851
:106E08001B0625D5DFF888800025204E444605E07E
:106E180001351C3406F5D876092D19D0A369012B44
:106E28001BD0002BF4D1216830460029F0D06369CB
:106E3800019323690093E3682289FFF709FF00287B
:106E4800E6D1C5EBC50508EB850348F82500586071
:106E580007B962B602B0BDE8F08161680029D7D0F1
:106E680063693046019323690093E3682289FFF739
:106E78002DFE0028CCD1E4E70AF090FEB3E700BF6E
:106E880030C1002434C1002438C1002400B20024D9
:106E98007C010024F0B5002387B002220446049345
:106EA800CDE90223027EC3690B2A4FEA430523D1A9
:106EB800A27E0B2A02D1002007B0F0BD48496B1C06
:106EC800484851F82330457801781878E67E88429A
:106ED80069D0824277D0D87803F1030C81426ED012
:106EE800824278D0987903F1060C88426FD08242AA
:106EF80033D0012007B0F0BD394B3A4853F825305C
:106F080001784678187894F819C081423DD08242B9
:106F180041D0D87803F1030E814240D082424AD052
:106F2800987903F1060E884241D08242E1D1DB799B
:106F38006345DED1734604F118069B783046059305
:106F480001F0DAF9034630461E4601F0DDF901A9E1
:106F58000190304603F0A4FAAAE7DB79B342C8D11E
:106F680063461A349B782046059301F0C5F9034619
:106F780020461C4601F0C8F9034601A920460193A2
:106F880003F08EFA002007B0F0BD93F801E0B64593
:106F9800BFD08242BDD158786045BAD1CBE71F79BE
:106FA800B742BBD1BCE75F78AF4292D193E7D979BA
:106FB800B142BAD19DE718796045B1D1BAE71F79D6
:106FC800AF428DD18EE75878B04284D1C9E7D979DC
:106FD800A9428CD18DE71879B04283D1C0E700BFB0
:106FE80094020024900200247E4A03689342F0B57C
:106FF8008FB000F0E380A2F54C42934200F0E080AD
:1070080002F58062934200F0DD8002F580629342CF
:1070180000F0DA8002F58062934200F0D98002F530
:107028004442934200F0D280A2F51C42934200F001
:10703800D18002F58062934200F0CE806A4A934282
:1070480040F0CC800826694D4FF4D87404FB0654F0
:10705800A07E01F061F9207E01F05EF9E369082B5A
:1070680013D8DFE803F03B49576573818F9D05000E
:107078005F4BD3F8F42042F00802C3F8F420D3F8A9
:10708800F43003F008030893089B2046FFF702FF3B
:10709800012801D1FFBEFEE74FF4D8740EAA554F60
:1070A8000DF1240C04FB0654E36902EB43050FCFF2
:1070B800ACE80F003B680022ACF80030114635F907
:1070C800140C02F045F8E3690EAA02EB430333F906
:1070D800140C0FB0BDE8F04002F078B8444BD3F878
:1070E800F02042F01002C3F8F020D3F8F03003F09B
:1070F80010030093009BC8E73D4BD3F8E82042F407
:107108000032C3F8E820D3F8E83003F400330193E1
:10711800019BBAE7364BD3F8E82042F48022C3F843
:10712800E820D3F8E83003F480230293029BACE70D
:107138002F4BD3F8E82042F40022C3F8E820D3F814
:10714800E83003F400230393039B9EE7284BD3F80E
:10715800E82042F48012C3F8E820D3F8E83003F4BA
:1071680080130493049B90E7214BD3F8F02042F05E
:107178002002C3F8F020D3F8F03003F02003059381
:10718800059B82E71A4BD3F8E82042F08042C3F807
:10719800E820D3F8E83003F080430693069B74E7B1
:1071A800134BD3F8E82042F00042C3F8E820D3F8A4
:1071B800E83003F000430793079B66E7002642E7A1
:1071C800012640E702263EE703263CE705263AE784
:1071D800042638E7062636E7072634E700239B7E91
:1071E800FFDE00BF00100140000C005800B2002470
:1071F800004402583C4601082DE9F04F91B00023A5
:1072080001223F490DF1240A09938B4601F11C091B
:10721800CAF8143001F13808CDF800A001F154077C
:10722800CDF804A001F17006CDF808A001F18C0595
:10723800CDF80CA001F1A804CDF810A001F1C40EFE
:10724800CDF814A001F1E00CCAE90133CAE903330F
:107258000F92FF222B4BCDE906AA1A70BAE80F004D
:10726800ABE80F009AE80700009B8BE807009B46F5
:10727800BBE80F00A9E80F009AE80700019B89E81E
:1072880007009946B9E80F00A8E80F009AE8070038
:10729800029B88E807009846B8E80F000FC79AE8ED
:1072A8000700039B87E807001F460FCF0FC69AE821
:1072B8000700049B86E807001E460FCE0FC59AE814
:1072C8000700059B85E807001D460FCD0FC49AE807
:1072D8000700069B84E807001C460FCCAEE80F00A9
:1072E800079B9AE807001C468EE807000FCCACE81D
:1072F8000F009AE807008CE8070011B0BDE8F08F8E
:107308007C01002434C1002410B5094C04F1340078
:1073180009F056F8237D1BB1636BDB69DB0600D4EB
:1073280010BD2046FFF790FB636B10221A6210BD58
:1073380000B2002410B50B4C04F5F27009F040F8C7
:1073480094F8C43123B1D4F8E431DB69DB0600D406
:1073580010BD04F5D870FFF777FBD4F8E43110229C
:107368001A6210BD00B2002410B50B4C04F565700C
:1073780009F026F894F8743323B1D4F89433DB6910
:10738800DB0600D410BD04F55870FFF75DFBD4F898
:10739800943310221A6210BD00B2002410B50B4CB1
:1073A80004F2445009F00CF894F8243523B1D4F8C9
:1073B8004435DB69DB0600D410BD04F5A260FFF795
:1073C80043FBD4F8443510221A6210BD00B20024E1
:1073D80010B50B4C04F2F46008F0F2FF94F8D436C0
:1073E80023B1D4F8F436DB69DB0600D410BD04F50C
:1073F800D860FFF729FBD4F8F43610221A6210BDC2
:1074080000B2002410B50B4C04F6A40008F0D8FF15
:1074180094F8843823B1D4F8A438DB69DB0600D4A7
:1074280010BD04F50760FFF70FFBD4F8A43810224D
:107438001A6210BD00B2002410B50B4C04F654209B
:1074480008F0BEFF94F8343A23B1D4F8543ADB6913
:10745800DB0600D410BD04F52260FFF7F5FAD4F876
:10746800543A10221A6210BD00B2002410B50B4C19
:1074780004F6044008F0A4FF94F8E43B23B1D4F8E0
:10748800043CDB69DB0600D410BD04F53D60FFF762
:10749800DBFAD4F8043C10221A6210BD00B20024B2
:1074A80010B50B4C04F6B45008F08AFF94F8943DDC
:1074B80023B1D4F8B43DDB69DB0600D410BD04F574
:1074C8005860FFF7C1FAD4F8B43D10221A6210BD13
:1074D80000B2002410B5EFF3108472B6084B1A7886
:1074E800120602D504B962B610BD1B784FF4D872E3
:1074F80004485BB202FB0300C03002F07FFCF1E7F6
:1075080034C1002400B2002410B5EFF3108472B621
:10751800094B1A78120602D504B962B610BD1B7859
:107528004FF4D87205485BB202FB030000F59C706B
:1075380002F064FCF0E700BF34C1002400B200246C
:107548000021FFF747BC00BF214A036893422BD0B4
:10755800A2F54C42934229D002F58062934227D08B
:1075680002F58062934225D002F58062934223D0CF
:1075780002F54442934221D0A2F51C4293421FD007
:1075880002F5806293421DD0124A93421CD1082210
:107598004FF4D871104B01FB0233197D11B1184615
:1075A800FFF752BAFFF716BC0022F1E70122EFE716
:1075B8000222EDE70322EBE70422E9E70522E7E7E9
:1075C8000622E5E70722E3E700231B7DFFDE00BF75
:1075D80000100140000C005800B20024204A036843
:1075E800934229D0A2F54C42934227D002F58062FB
:1075F800934225D002F58062934223D002F580623F
:10760800934221D002F5444293421FD0A2F51C4276
:1076180093421DD002F5806293421BD0114A9342D7
:107628001AD1082310484FF4D87202FB0300037DD7
:1076380003B97047FFF708BA0023F3E70123F1E71E
:107648000223EFE70323EDE70423EBE70523E9E74C
:107658000623E7E70723E5E700231B7DFFDE00BFDE
:1076680000100140000C005800B200240121FFF76F
:10767800B1BB00BF2DE9F0414F684FF4D876DFF871
:10768800C0808E4607FB06F60C46082F08EB060559
:10769800056005F1180CBEE80F00ACE80F009EE885
:1076A80007008CE8070002D86B6A022B02D9012078
:1076B800BDE8F0812A6A032AF9D8A96A0229F6D80E
:1076C800E86A0228F3D80131DFF878C03436890037
:1076D8005CF8277046446F63A469A9641549AC63D4
:1076E80051F823306B64144B53F82230134A2B643F
:1076F800002352F8201001223046EB65E963C5E902
:107708001333C5E915320AF049FA0028CFD10146EA
:1077180030460AF09BFA0028C9D1014630460AF0E3
:10772800E3FA0028C3D130460AF072FA0028BED125
:107738002875BDE7C4470108D0470108E04701089C
:1077480000B20024A0470108F8B504681646069A56
:107758004FF48077236000236260012223610D4685
:1077680022753C4AC4F8CC30C4F8C0204FF480627B
:10777800C4F8E430C4F8C830C4F8D0204FF440321C
:10778800A160E660C4E93533E369C4E93772072BC1
:107798000BD8DFE803F02E353C434A5158045122F8
:1077A8005223C4F8C420C4F83C3104F1C007384659
:1077B80001F0ACFF08B10120F8BD626B04F134039D
:1077C800C4F8AC703146C4F8F8301F461368284630
:1077D80043F01003136000F0A5F92946B2B2384609
:1077E80008F01CFD0028E6D194F91C201A4B1A70E9
:1077F800F8BD29222A23C4F8C420C4F83C31D4E7B0
:107808002B222C23C4F8C420C4F83C31CDE72D2208
:107818002E23C4F8C420C4F83C31C6E73F224023D5
:10782800C4F8C420C4F83C31BFE741224223C4F85D
:10783800C420C4F83C31B8E747224823C4F8C42020
:10784800C4F83C31B1E74F225023C4F8C420C4F82F
:107858003C31AAE78800024034C100240368187D3F
:10786800704700BF534B0122002047F6122130B465
:10787800C3E97420C3E97721C3E9E020C3E9E32120
:107888001A62DA6258621963C3F83025C3F83405FE
:10789800C3F83C25C3F84015C3F8E026C3F8E4064E
:1078A800C3F8EC26C3F8F016C3F89028C3F8940878
:1078B800C3F89C28C3F8A018C3F8402AC3F8440AA0
:1078C800C3F84C2AC3F8501AC3F8F02BC3F8F40BCA
:1078D800C3F8FC2BC3F8001CC3F8A40D3648C3F842
:1078E800A02DC3F8AC2DC3F8B01D028883783349A6
:1078F8000068334CCA804FEA104C0B723149E28061
:107908002372A1F80320A4F8032063714B712E4C55
:10791800CA800B722D492E4DE2802372A1F80320F4
:10792800A4F8032063714B712A4CCA800B722A4950
:10793800EA8008802B7281F802C0E2802372A1F8E5
:1079480003204B71CA800B722449A1F803204B71A4
:10795800CA800B722249A1F803204B71CA800B72AE
:107968002049088081F802C0A1F803204B71CA8021
:107978000B721D49088081F802C0A1F803204B71E1
:10798800CA800B721949088081F802C01848A1F80A
:1079980003204B71CA800B721649A0F8032043716B
:1079A800C2800372A1F803204B71CA800B7230BCED
:1079B800704700BF00B2002490020024180300247E
:1079C8003C0300243003002454030024480300240B
:1079D800240300240003002460C100246003002461
:1079E8000C0300243CC1002454C1002448C10024D5
:1079F80084020024780200243E4B00220B2011460A
:107A080010B5D3F8D84082B044F00104C3F8D84088
:107A1800D3F8D84004F001040094009CD3F8D8406F
:107A280044F00204C3F8D840D3F8D83003F0020376
:107A38000193019B01F08CFB0B2001F0C7FB002296
:107A48000C20114601F084FB0C2001F0BFFB002242
:107A58000D20114601F07CFB0D2001F0B7FB002240
:107A68000E20114601F074FB0E2001F0AFFB00223E
:107A78000F20114601F06CFB0F2001F0A7FB00223C
:107A88001020114601F064FB102001F09FFB00223A
:107A98003C20114601F05CFB3C2001F097FB0022E2
:107AA8001120114601F054FB112001F08FFB002238
:107AB8003820114601F04CFB382001F087FB0022EA
:107AC8003920114601F044FB392001F07FFB0022E8
:107AD8003A20114601F03CFB3A2001F077FB0022E6
:107AE8003B20114601F034FB3B2002B0BDE81040BA
:107AF80001F06CBB0044025820F01F002031BFF396
:107B08004F8F002907DD064A0144C2F86802203079
:107B18000B1A002BF9DCBFF34F8FBFF36F8F704741
:107B280000ED00E020F01F002031BFF34F8F002947
:107B380007DD064A0144C2F85C0220300B1A002B0C
:107B4800F9DCBFF34F8FBFF36F8F704700ED00E094
:107B5800704700BF08B500F0DFFCBDE8084001F041
:107B6800BFBB00BF064808B503680BB102F0AAFE08
:107B7800044803681BB1BDE8084003F099BD08BD7F
:107B880078C5002470C10024064808B503680BB105
:107B980002F098FE044803681BB1BDE8084003F0F2
:107BA80087BD08BD78C5002470C10024064808B503
:107BB80003680BB102F086FE044803681BB1BDE8F8
:107BC800084003F075BD08BD78C5002470C10024C5
:107BD800364BDA6A520062D59A6A9A6A9A6A9B6A3E
:107BE800180600D500BE314B9B6A990600D500BE29
:107BF8002E4B9B6ADA0600D500BE2C4B9B6A1B07EE
:107C080000D500BE294B9B6A980700D500BE274BBC
:107C18009B6AD90700D500BE244B9B6A1A0400D57D
:107C280000BE224B9B6A9B0400D500BE1F4B9B6A7B
:107C3800D80400D500BE1D4B9B6A190500D500BEAF
:107C48001A4B9B6A5A0500D500BE184B9B6A9B05C8
:107C580000D500BE154B9B6AD80500D500BE134B56
:107C68009B6A990100D500BE104B9B6ADA0100D5CA
:107C780000BE0E4B9B6A1B0300D500BE0B4B9B6AD4
:107C8800580300D500BE094B9B6A990300D500BE76
:107C9800064B9B6ADA0306D400BE00BEFEE7DB6A29
:107CA8009B07FAD5F8E700BEF6E700BF00ED00E055
:107CB80000F03EBC00F042BC0A4B9B6803F17843DD
:107CC800B3F5003F0BD3084B986848B19868012872
:107CD80006D09868022803D09B68032070470120CB
:107CE800704700BF00ED00E0000080382DE9F0414A
:107CF800CEB004464C2200210AA80CF02DFC20220C
:107D0800002102A80CF028FCBC2200211EA80CF0BF
:107D180023FC022004F040F92368012B4FF00003F4
:107D280054D0534A02250193C820D16A514B21F0FF
:107D38000101D162D26A02F0010201929A6942F409
:107D480040429A619B6903F440430193019B494A6D
:107D580093699B04FCD548490224002201268B6ABA
:107D680004274FF0080823F0030323438B620523FD
:107D780016900AA818934FF4803310961794199404
:107D88001597CDF86880CDE91B222122CDE913444F
:107D9800CDE90A2304F0EAFD00B1FEE73F22032300
:107DA800294602A8CDE9022300220823CDE90423AD
:107DB80040224023CDE9062340234FF48062CDE9D9
:107DC800082305F001F90346B8B1FEE7294A04255E
:107DD8000093F0209169264B41F4404191619269EA
:107DE80002F440420092DA6A42F00102DA62DB6A87
:107DF80003F001030093009BA9E720224FF4805170
:107E080025934FF440152B9280222D931EA8309372
:107E1800269135914FF48071249234920C22339438
:107E2800439140F2271120921022CDF884802A979E
:107E38001F96CDE92E34CDE93B334FF48033CDE99D
:107E480022463193002446930623CDE93E452793E5
:107E58004FF48063094C2C931E94CDE9281205F049
:107E68000FFB00B1FEE704F0BDF84EB0BDE8F081AD
:107E78000004005800480258004402580F130F032A
:107E880070B584B0012401F0D9F94FF480764FF031
:107E98004052194B68460025ADF800400396CDE9DD
:107EA800012301F0E9F919224FF0404368468DF8A3
:107EB800082001938DF80F40ADF80D608DF8014052
:107EC8008DF80A5001F0D8F902230B2268468DF884
:107ED8000F508DF801304FF062538DF80820019350
:107EE800ADF80D408DF80A4001F0C6F9042001F004
:107EF800B3F904B070BD00BF0E00010330B50D46E4
:107F0800044685B0D1E9000184E8030000F0D4FA02
:107F1800AB79A3B3FFF770FDFCF7BEFEFEF70CFAD2
:107F2800FFF76AF92B798BBB6B799BB1BFF34F8F46
:107F3800BFF36F8F2A4B0022C3F85022BFF34F8F35
:107F4800BFF36F8F5A6942F400325A61BFF34F8F03
:107F5800BFF36F8F4FF0FF320023002400256946DE
:107F6800204802928DF80C30CDE900450BF020FB3B
:107F78001C480BF085FB0BF0D3F905B030BD20464B
:107F8800FFF7B4FE2046FFF77BFFC3E7144C00233E
:107F9800C4F88430BFF34F8FD4F8801043F6E07EE6
:107FA800C1F34E3CC1F3C9014FEA4C1C0CEA0E0068
:107FB8000B4640EA8372013BC4F860225A1CF8D190
:107FC800ACF1200C1CF1200FF0D1BFF34F8F636987
:107FD80043F480336361BFF34F8FBFF36F8FA3E721
:107FE80000ED00E06CC1002405F01EB905F038B9B9
:107FF8001C4B9B6803F17842B2F5003F25D3B3F5DB
:10800800803F20D303F16042B2F5003F1FD303F154
:108018005C42B2F5002F1CD303F17042B2F5902FE9
:1080280019D303F14842B2F5803F16D303F18042D9
:10803800B2F1806F13D303F1E043B3F5000F2CBF07
:108048000820072070470120704700207047022051
:1080580070470320704704207047052070470620AA
:10806800704700BF00ED00E003480023034A0449BD
:1080780003600BF03BBE00BF6CC10024000000246D
:10808800597B000810B4204C0022204B83B0D4F850
:1080980088101F4841F47001C4F8881019681D4CF5
:1080A80041F0010119601A61196808401A491860FD
:1080B8009A61DA611A629A62DA621A635A639A6397
:1080C800DA631A645A64186820F4802018601A6603
:1080D800D3F8DC2042F06042C3F8DC20D3F8DC306F
:1080E8000193019B23681940B1F1005F03D20B4B48
:1080F8000122C3F80821044B4FF000629A6003B0D4
:108108005DF8044B704700BF00ED00E000440258E2
:108118007FEDF6EA0010005C0000FFFF00800051D0
:1081280000F57171D0F804040AF0E2BCC1EBC10398
:1081380000EB8303D0F80404D3F808220AF006BD44
:10814800C1EBC10300EB8303D0F804049A6C0AF076
:108158003BBD00BFD0F804040AF0DABDC16810B511
:10816800044619B1022900D0FEE70121D4F804041D
:108178000AF0B8FDD4F80404BDE810400AF08ABD3E
:1081880010B50446D0F804040AF0B0FD2268D2F80D
:10819800003E43F00103C2F8003E236A23B1034ABC
:1081A800136943F00603136110BD00BF00ED00E042
:1081B800D0F804040AF0A4BDD0F804040AF0B8BD4D
:1081C800D0F804040AF0B2BDD0F804040AF0B2BD35
:1081D800D0F804040AF0B0BD9446D0F898021A46C4
:1081E80008B5634603F0C8FD032802D8024B185CA3
:1081F80008BD022008BD00BFFC470108D0F898025E
:1082080008B503F047FE032802D8024B185C08BDE6
:10821800022008BDFC470108D0F8980208B503F011
:108228007DFE032802D8024B185C08BD022008BD59
:10823800FC4701080A06D0F8983206D4C1EBC10100
:1082480003EB810191F8FE01704701F07F01C1EB5A
:10825800C10103EB810191F83E007047D0F8980204
:1082680008B503F073FD032802D8024B185C08BD5B
:10827800022008BDFC470108D0F8980208B503F0B1
:10828800E1FD032802D8024B185C08BD022008BD96
:10829800FC470108D0F8980208B503F0ABFD0328A5
:1082A80002D8024B185C08BD022008BDFC47010833
:1082B800D0F8C0020AF0EEBFD0F8C0020BF002B846
:1082C800D0F8C0020BF00AB8704700BFD0F8C0025F
:1082D8000AF0F0BFD0F8C0020AF0F0BFD0F8D0031F
:1082E80008B502F0AFFE032802D8024B185C08BD9F
:1082F800022008BD00480108024B027853F822000A
:10830800704700BF24480108024B427833F8120036
:10831800704700BF044801088CB00A2814D8DFE869
:1083280000F01523313F4D5B6977859306004D4B6F
:10833800D3F8E02042F48062C3F8E020D3F8E030BC
:1083480003F480630B930B9B0CB07047454BD3F839
:10835800E02042F00102C3F8E020D3F8E03003F057
:1083680001030193019BEFE73E4BD3F8E02042F075
:108378000202C3F8E020D3F8E03003F002030293CE
:10838800029BE1E7374BD3F8E02042F00402C3F840
:10839800E020D3F8E03003F004030393039BD3E712
:1083A800304BD3F8E02042F00802C3F8E020D3F8BD
:1083B800E03003F008030493049BC5E7294BD3F886
:1083C800E02042F01002C3F8E020D3F8E03003F0D8
:1083D80010030593059BB7E7224BD3F8E02042F042
:1083E8002002C3F8E020D3F8E03003F0200306931E
:1083F800069BA9E71B4BD3F8E02042F04002C3F8E4
:10840800E020D3F8E03003F040030793079B9BE795
:10841800144BD3F8E02042F08002C3F8E020D3F8F0
:10842800E03003F080030893089B8DE70D4BD3F8E9
:10843800E02042F48072C3F8E020D3F8E03003F47F
:1084480080730993099B7FE7064BD3F8E02042F439
:108458000072C3F8E020D3F8E03003F400730A9305
:108468000A9B71E700440258704700BF0F4B1B7806
:108478000BB90120704710B504464FF47A700C4AC6
:10848800B0FBF3F31068B0FBF3F000F0C1FE0F2C63
:1084980000D808B1012010BD002221464FF0FF305E
:1084A80000F056FE034B00201C6010BD7C03002426
:1084B8006C0300248003002438B50320124D00F01B
:1084C80035FE124C04F0E0FC114A12499369C3F3DB
:1084D8000323CB5C03F01F0320FA03F30E202B6069
:1084E800926902F00F028A5C02F01F02D3402360F7
:1084F800FFF7BCFF10B10124204638BD0446FFF742
:10850800B3FF204638BD00BF6C030024700300246D
:1085180000440258EC470108034A044B11681B78D1
:108528000B441360704700BF3CC800247C03002440
:10853800014B1868704700BF3CC8002438B5044692
:10854800FFF7F6FF0546631C02D0044B1B781C445A
:10855800FFF7EEFF431BA342FAD338BD7C03002488
:10856800014B1868000C70470010005C704700BF92
:10857800806B08B5FFF7FAFF08BD00BF836B5A6D23
:1085880012F0500F5A6D10B51DD1196842F40072DF
:108598005A650A6812F0080FCA681BD012F4406FB7
:1085A8000DD1CA6894040AD45A6D22F480725A65AF
:1085B8005A6DD10403D45A6D42F001025A65184627
:1085C800FBF756FE10BDD2060AD4DB6CBDE810409E
:1085D800DB6C18479007E7D01846FBF749FEF1E730
:1085E8001846FBF7E9FE10BD806B08B5436D43F0F4
:1085F80040034365836D43F004038365FBF7DCFEAA
:1086080008BD00BFF0B5002283B0019290F8502059
:10861800012A00F01C81034601201A6883F85000E3
:108628009468640700F18A800C68C4F31305002D70
:1086380040F08F80C4F38464A0404D684FF01F0E53
:10864800D6694FEA951C30430CF00C0CD06105F04C
:108658001F0002F1300584400EFA00FE5CF80500A8
:1086680020EA0E0004434CF80540906840076ED499
:10867800956815F0080547D10C68072002F1140623
:10868800B94F4FEAD45CC4F304540CF0040C00FA5C
:1086980004FE886800FA04F45CF8060020EA0E007C
:1086A80020434CF80600386800F07040B0F1805F55
:1086B80000F0C580D068D668C70600F1E880C6F328
:1086C80082064869760000FA06F60F69042F00F062
:1086D800C18002F16004086854F827C000F0F8402F
:1086E8000CF0004C40EA0C00304344F82700487E68
:1086F8000E69012854F8260008BF4FF0004520F005
:108708000040054344F826509068C40714D4CE6846
:10871800086806F01807954CD2F8C050FC40C0F322
:108728001307044025EA07052C43C2F8C040904CC3
:10873800A64246D0002816DB002003E05A6D42F01E
:1087480020025A65002283F8502003B0F0BD9068DB
:10875800DAE794FAA4F5B5FA85F5C4F3846405F06C
:108768001F05A84069E783498A4200F0B68001F5F1
:1087780080718A4200F0B1807F4D804CA968A4685E
:1087880001F0E076E44304F00104002C00F0B4802A
:108798007B4CA04200F0FC807A4CA04200F01A8189
:1087A800794CA042C8D14902C6D474498A42C3D17F
:1087B800AA68002022F0E072324342F48002AA60E4
:1087C800C0E7002F6AD090FAA0F4B4FA84F4013418
:1087D80004F01F04092C00F2A48090FAA0F4B4FA63
:1087E80084F490FAA0F5B5FA85F50134012601352F
:1087F800A40605F01F0504F0F84406FA05F52C4315
:1088080090FAA0F0B0FA80F0304400F01F0000EBBE
:10881800400000052043C60D02F11405C0F30450C2
:10882800072406F0040604FA00F7745924EA07043A
:108838008F6807FA00F02043705108687AE7D66815
:108848004869C6F38206760000FA06F63DE702207C
:1088580003B0F0BD106E0C6800F0F840A506B0EB50
:10886800846F30D0506E00F0F840854226D0906E6C
:1088780000F0F84085422BD0D06E00F0F8408542D9
:108888007FF442AFD06E20F00040D0663CE7760817
:10889800486906F0080600FA06F616E7800E441C3A
:1088A80004F01F06092E2DD8A406012004F0F84470
:1088B800B040044306EB46000005ABE7506E20F0DD
:1088C80000405066D3E7106E20F000401066C9E7FC
:1088D800906E20F000409066CEE7264C2B4D04F5B4
:1088E8008074A96854F8F86CA468344301F0E07601
:1088F800E44304F0010448E75A6D012042F02002E5
:108908005A651FE706EB4600A50601241E3805F048
:10891800F84504FA06F60005354340F00070284390
:1089280079E790FAA0F5B5FA85F590FAA0F4B4FACB
:1089380084F4013501260134AD0604F01F0405F066
:10894800F84506FA04F4254390FAA0F4B4FA84F43E
:10895800344404F01F0404EB4404A4F11E00000591
:1089680040F00070DBE700BF0010005CFFFF0F0065
:108978000000FF47002002400063025800600258D0
:10898800000084CB000052C70000B8CF002302408B
:1089980008023FF5D1AE17498A427FF4CDAE164A98
:1089A800A9681268154821F0E07192093143A0FBCB
:1089B800020241F400019209A96052000192019A51
:1089C800002A3FF4B9AE019A013A0192019A002AAD
:1089D800F9D1B1E611F080707FF4AEAE05498A4254
:1089E8007FF4AAAEAA6822F0E072324342F08072A5
:1089F800AA60A7E6006002586C030024632D3E05B8
:108A080003689A68D20701D5002070479968214AFF
:108A1800114270B5044608D0636D012043F010037D
:108A28006365A36D0343A36570BD99681A4A0A403C
:108A380042F001029A60FFF77BFD2368174A05465A
:108A480093421ED002F5807293421AD0144A92685B
:108A5800114E0AE09A68324042F001029A60FFF72C
:108A680067FD401B0228D7D823681A68D2070FD49D
:108A78009A68D107EED5FFF75BFD401B0228F3D9B2
:108A8800CAE7084A9268D006E2D0074A9342DFD183
:108A9800002070BD3F000080C0FFFF7F0020024023
:108AA8000063025800230240002102402DE9F041F2
:108AB8003A4D044600680F461646A84219D0384B6E
:108AC800984216D0374DAB688068420716D494F8A0
:108AD8005020012A12D003F01F080122B8F1090F13
:108AE80084F850200DD90023012084F85030BDE8C7
:108AF800F0812D4DAB6880684207E8D50220BDE8BB
:108B0800F08140F2212323FA08F3DB4313EA02053C
:108B1800E9D12046FFF774FF002839D1626D234B55
:108B28002168134043F480736365B8F1000F02D0E5
:108B38001B4B994203D0636D23F480136365636D07
:108B480013F4805328D0A36D23F00603A365E06CCB
:108B58003346174D3A464031C563164D0564164DE8
:108B6800C5641C2541F8405C002584F8505051F834
:108B78003C5C45F0100541F83C5C00F085FF22683C
:108B88000E4B91680B4043F004039360BDE8F081FD
:108B980084F85050BDE8F081A365D8E70020024072
:108BA800002102400063025800230240FEF0FFFF4C
:108BB8008585000879850008F1850008C0FFFF7FDA
:108BC80038B503689A68910702D59B68002038BDBC
:108BD8009A68D20723D59A68044602F00D02012A42
:108BE80008D0636D012043F010036365A36D034350
:108BF800A36538BD986803210A4A024042F0020280
:108C08009A601960FFF794FC054604E0FFF790FCB2
:108C1800401B0228E5D823689B68DB07F6D40020B0
:108C280038BD00BFC0FFFF7F38B5574A0446036808
:108C3800934226D002F58072934222D0534B9B6810
:108C480013F4403F22D004F0D9FA63680546B3F51F
:108C5800003F00F08880B3F5403F70D0B3F5803F07
:108C680000F08180FFF77CFC41F2030398422DD885
:108C7800474B9D425DD92268936843F480739360A3
:108C880038BD444B9B6813F4403FDCD14FF40020BF
:108C980005F080FB63680546B3F5101F6DD008D852
:108CA800B3F5E01F55D01AD9B3F5001FDAD145093D
:108CB800D8E7B3F5201F4AD0B3F5301FD2D1FFF75C
:108CC8004FFC41F20303984233D92D0A324B9D429F
:108CD8001DD82268936823F44073936038BDB3F5B8
:108CE800801F06D00AD9B3F5A01F02D0B3F5C01F64
:108CF800B8D19B0C5B00B5FBF3F5B3E7B3F5002FD8
:108D0800F7D023F40022B2F5802FF2D0AAE7234B44
:108D1800234A2B4493421ED9224B234A2B44934285
:108D2800226893682BD823F4407343F4007393604C
:108D380038BD2268936823F48073936038BD850832
:108D4800FFF70EFC41F203039842BFD890E7C5092C
:108D580088E7050986E72268936823F4407343F49B
:108D68008073936038BD1B0CB5FBF3F5FFF7F8FB78
:108D780041F203039842A9D87AE7850972E743F4D8
:108D88004073936038BD00BF002002400063025862
:108D9800002D310100230240105E5F00EFA1A0FF0B
:108DA8000F5E5F00DF4341FF1FBCBE0030B50023EC
:108DB80083B00193002800F0D080456D0446002D53
:108DC80000F0BA80226893689B0003D59168714BC4
:108DD8000B4093609368DD0015D46F4B90686F4922
:108DE8001B6801406E489B0941F08051A0FB0303BA
:108DF80091609B090193019B2BB1019B013B01935E
:108E0800019B002BF9D19368D80024D4636D012508
:108E180043F010036365A36D2B43A365936813F0B8
:108E2800040F636D1DD1D9061BD4636D23F48173C0
:108E380043F0020363659368DB0728D4594B9A42D1
:108E480017D003F580739A4213D0574B9B68D90704
:108E58001DD4564A15E09368002513F0040F636D7E
:108E6800E1D0636D012543F010032846636503B024
:108E780030BD4C4A4E4B92689B681343D80706D4C2
:108E88004C4A9368616823F47C130B439360FFF7A3
:108E980067FB41F20303A1689842237F52D894F8F4
:108EA80015C01A04206B42EA4C3202430A43012BD4
:108EB80003D1236A013B42EA4342636A23B103F4C4
:108EC8007873A16A0B431A4323683B49D868014069
:108ED8000A43DA609A6812F0040F9A681CD11207E4
:108EE8001AD4D868354A217D024042EA8132E16AC3
:108EF8000A43DA6094F83820012A3AD01A6922F035
:108F080001021A611A692046616B22F070420A4315
:108F18001A61FFF789FE2368E268012A21D01A6BDB
:108F280022F00F021A63636D284623F0030343F00F
:108F38000103636503B030BDFBF748F9A56584F804
:108F480050503FE71029AAD1617D1A0442EA413204
:108F5800216B0A4342F01C02A9E70125284603B009
:108F680030BD196BA26921F00F01013A0A431A6357
:108F7800D9E7D4E9102118690A43114901400A4385
:108F8800A16C0A43E16B42EA014242F001021A6114
:108F9800B8E700BFC0FFFF5F6C030024C0FFFF6F8E
:108FA800632D3E050020024000600258006302580D
:108FB800002102400023024003C0F0FFFCBFFFFF76
:108FC8001EF800FCF0B5002383B0019390F85030F0
:108FD800012B40D0012304460E46154680F8503038
:108FE800FFF7EEFDE8B9676D05F080421B4B06F40C
:108FF80080311B4D3B401B4F43F0020363652368E0
:109008009E68354015430D4345F000459D609A68BC
:10901800002A0FDB636D23F0030343F0010363654C
:1090280003E0636D43F010036365002384F8503058
:1090380003B0F0BD019A01320192019ABA42E6D911
:10904800636D0022012023F0120384F8502043F0BE
:1090580010036365ECE7022003B0F0BDFDEEFFFFEF
:10906800C0FFFE3FFF955A55F0B490F850200E68A7
:10907800012A49D00346294A01201C6883F8500078
:10908800944208D05A6D002142F0200283F8501013
:109098005A65F0BC7047224DAA6852070AD5A268E3
:1090A8005A6D012042F020025A65002283F85020B0
:1090B800F0BC7047A06810F00400F1D1C6B1DFF829
:1090C80068C04F68DCF8082022F440423A43CCF8E4
:1090D8000820A468AA682243D40713D48A68DCF855
:1090E800081016430F4A0A401643CCF80860DCE71C
:1090F8000D498A6822F440428A60A068AA6802433F
:10910800D00704D50020D0E70220F0BC70478C6857
:109118003046044A22408A60C7E700BF0020024068
:1091280000210240E0F0FFFF0023024006494FF60D
:10913800FF0C0002054BCA6800F4E06002EA0C026A
:1091480010430343CB60704700ED00E00000FA05D0
:109158001B4BDB68C3F3022300B5C3F1070E03F111
:10916800040CBEF1040F28BF4FF0040EBCF1060F2B
:109178001AD9033B4FF0FF3C0CFA03FC22EA0C021D
:109188004FF0FF3C00280CFA0EFC21EA0C0101FA12
:1091980003F141EA02010ADB09010A4BC9B203449F
:1091A80083F800135DF804FB00221346E8E700F09B
:1091B8000F000901044BC9B2034419765DF804FB9A
:1091C80000ED00E000E100E0FCEC00E0002807DB37
:1091D80000F01F0101234009024A8B4042F8203069
:1091E800704700BF00E100E000280DDB43090122C1
:1091F80000F01F000549203302FA00F041F823006F
:10920800BFF34F8FBFF36F8F704700BF00E100E0DF
:10921800431EB3F1807F0CD24FF0E02200200649B4
:109228004FF0F00C5361072381F823C0906113615C
:1092380070470120704700BF00ED00E0BFF35F8F6B
:10924800044B00215A6A22F480325A62C3F89410FF
:10925800704700BF00ED00E0064B40F00100C3F886
:1092680094005A6A42F480325A62BFF34F8FBFF3B8
:109278006F8F704700ED00E0174A4378C2F89830C6
:10928800017821B3436800B5C2F89C30C37A90F8DE
:109298000CC01B0690F80FE043EA0C7390F80AC064
:1092A8000B43817B43EACC4390F80DC043EA8C43DF
:1092B80090F809C043EA4143017A43EA0E4343EA7E
:1092C8000C2343EA4103C2F8A0305DF804FBC2F85E
:1092D8009C10C2F8A010704700ED00E0704700BF76
:1092E80008B5FFF7FBFF08BD88B110B50379044640
:1092F80003F0FF023BB1002302210122217118462D
:109308002361227110BD4271FBF758F8F3E7012081
:10931800704700BF4279012A28D00346022200681C
:1093280001F0100C10B41A710122046802FA0CF250
:1093380022430260026879B902F03E02022A03D190
:10934800426842F001024260002201215A7110462F
:1093580019715DF8044B704702F47812B2F5003FBA
:10936800F2D1426842F002024260EDE70220704703
:1093780010B4006883B000240194019051B9019998
:1093880008310A440192019A0020136003B05DF885
:10939800044B7047019914310A440192F3E700BF66
:1093A800704700BF03681A68910410B5044602D5D7
:1093B8005A6B920418D41A68910002D55A6B92001D
:1093C80000D410BD04224FF00051204622712269BA
:1093D80042F00202226159631A6822F08052BDE805
:1093E80010401A6000F0AAB804224FF4005102712C
:1093F800026942F00102026159631A6822F480523C
:109408001A60FFF7CDFF2368D5E700BF2DE9F041CB
:1094180043790E460968012B00F08A80012304294C
:109428000446154643714FF0020303713AD002F027
:10943800100023683269012A2AD0D6E902252A4376
:1094480007250A43716805FA00F6DD6B8240814002
:1094580025EA06052A434FF48045DA6385401A68F1
:1094680022EA050240F6FE751A6085401A6822EA6B
:10947800050201251143C0221960824018680021A5
:1094880020EA02001860084625716171BDE8F08184
:109498001F259A6B854022EA0505726982402A4396
:1094A8009A63CAE7D2B9FFF743F8DFF88C8007461A
:1094B80004E0FFF73DF8C01B012830D823685B6B38
:1094C80013EA080FF5D10120FFF738F82368B269CD
:1094D8001A640DE0FFF72CF8012820D823685B6B8D
:1094E800002BF7DB0120FFF729F82368B2695A64DB
:1094F80005F0100040F2FF319A6C814022EA010227
:10950800F16981400A43FF219A648140DA6C22EABA
:109518000102316A81400A433168DA648AE72369C3
:10952800032243F00803104623612271BDE8F0814D
:109538000220BDE8F08100BF00800020704700BF16
:109548000268344B344930B4344D354CAA4218BF04
:109558009A420CBF012300238A4208BF43F001034B
:109568003031A24208BF43F0010330348A4208BFB9
:1095780043F001033031A24208BF43F00103303405
:109588008A4208BF43F0010301F55C71A24208BF9B
:1095980043F0010304F55C748A4208BF43F00103F9
:1095A8003031A24208BF43F0010330348A4208BF79
:1095B80043F001033031A24208BF43F001033034C5
:1095C8008A4208BF43F001033031A24208BF43F08A
:1095D80001038A4208BF43F0010313B9114B9A42B1
:1095E80013D1D3B21049114C103BA1FB03515F2B8F
:1095F8000F4BC1F3021103EA0203615C88BF043315
:10960800C1658365184630BC704722F0FF03836547
:10961800F8E700BF10000240400002402800024066
:1096280058000240B8040240ABAAAAAAC04F0108D9
:1096380000FCFFFF0368294A294930B4294D2A4C08
:10964800AB4218BF93420CBF012200228B4208BFD5
:1096580042F001022831A34208BF42F00102283437
:109668008B4208BF42F001022831A34208BF42F0F2
:1096780001028B4208BF42F0010212B91B4A934211
:1096880013D1DBB21A4C1B4A0121083B1A4DA4FB2B
:109698000343456602EB1312C3F30413920001FA65
:1096A80003F30266836630BC7047DAB21349144C80
:1096B8001944103AA829A4FB02234FEA131300D82F
:1096C8000833104A03F01F0501210F4C1A44A94022
:1096D8004466920081660266E5E700BF08540258B6
:1096E800305402581C540258445402589454025896
:1096F800CDCCCCCC0096001680580258F0FBFDBFAC
:10970800ABAAAAAA008200108008024070B50446DD
:10971800FEF70EFF002C00F0C68023680546954A28
:10972800934248D01832934245D0303292498B4206
:1097380018BF934201F130010CBF012200228B4275
:1097480008BF42F0010218318B4208BF42F0010203
:1097580018318B4208BF42F0010218318B4208BF12
:1097680042F0010201F556718B4208BF42F0010236
:1097780018318B4208BF42F0010218318B4208BFF2
:1097880042F0010218318B4208BF42F00102183141
:109798008B4208BF42F0010218318B4208BF42F0E9
:1097A800010218318B4208BF42F001021AB9734A0C
:1097B800934240F0F5800222002184F8352084F895
:1097C80034101A6822F001021A6005E0FEF7B0FEB4
:1097D800431B052B40D823681A68D107F6D4D4E96F
:1097E800022521692A43A0691D680A4361690A4361
:1097F800E16902430A4362492940256A2A430A4328
:10980800616A04292FD01A605A6922F007021143AD
:1098180059612046FFF794FEE26D3F2302F01F02D4
:10982800934083602046FFF705FFA368802B3CD058
:109838006368A06EDAB2013BD4E91851072B2A609D
:10984800486026D90023C4E91B336367002001233D
:10985800606584F8353070BD2022032301206265DD
:1098680084F8353070BDD4E90B5129430A431A6096
:109878005969A26A21F00701114341F00401002D42
:10988800C6D000284FD1012A6ED032F00202BFD1D3
:1098980051E0501E072810D9626FD4E91B3100200F
:1098A80018604A60D2E7012070BD0023A16ED4E998
:1098B8001802636003605160C4E72168314B324D80
:1098C800A94218BF994205F114050CBF01230023D2
:1098D800A94208BF43F001031435A94208BF43F069
:1098E80001031435A94208BF43F001031435A94206
:1098F80008BF43F001031435A94208BF43F0010330
:109908003BB9224B994204D0214B224913449B0076
:1099180003E0214B214913449B0001228240C4E902
:109928001B316267BBE7B0F5005F0ED0022A05D98C
:10993800032A7FF46DAFEA017FF56AAF0123402265
:109948001846626584F8353070BD032A3FF660AF6B
:1099580001A050F822F000BF459900083F9900087F
:109968004599000871990008B5F1C07F7FF450AFA0
:10997800E4E700BF1000024040000240B804024083
:109988003F8010FE085402581C5402589454025840
:109998003F820010400902403F9600164059025885
:1099A800324A33483349834218BF934200F12800B2
:1099B8000CBF012200228B4208BF42F0010228316D
:1099C800834208BF42F0010228308B4208BF42F0B0
:1099D80001022831834208BF42F001028B4208BFCE
:1099E80042F0010212B9244A934238D102220021DE
:1099F800224D84F8341084F835201A681540A2687E
:109A0800402A2AD0802A0CBF4FF480400846266A94
:109A1800D4E90312D20842EAD102616942EAD102CA
:109A2800A16942EAD102E16942EAD102144942EA53
:109A3800161219442A4302431248A0FB010120468A
:109A48001A600B099B00E365FFF77AFDE26D0123BD
:109A580002F01F0293404360E4E61020D7E740225B
:109A680003230120626584F8353070BD085402581C
:109A78001C54025830540258945402580F00FEFFE8
:109A8800F8ABFDA7CDCCCCCC002800F0BC80844638
:109A980090F83400012800F0B88001202DE9F04149
:109AA8009CF835408CF83400844208D000224FF4EA
:109AB80000638CF83420CCF85430BDE8F0810220E3
:109AC800DCF800507A4C8CF835000020794ECCF840
:109AD80054007948854218BFA54200F118000CBF10
:109AE80001240024854208BF44F00104183085424F
:109AF80008BF44F001041830854208BF44F001044F
:109B08001830854208BF44F0010400F556708542BC
:109B180008BF44F001041830854208BF44F001042E
:109B28001830854208BF44F001041830854208BF48
:109B380044F001041830854208BF44F0010418308D
:109B4800854208BF44F001041830854208BF44F03C
:109B580001041830854208BF44F00104A0F595605F
:109B6800B54218BF8542DCF86C600CBF01200020AC
:109B780054EA0008286820F001002860DCF8640036
:109B8800DCF86840DCF85870446040D016B1DCE975
:109B98001C044460DCF85C004FF03F0E00F01F002E
:109BA8000EFA00F0B860286820F4802028606B6006
:109BB800DCF80830402B23D0A960EA602B6823F03A
:109BC8001E0343F016032B60DCF840301BB12B68F2
:109BD80043F008032B60DCF860301A68D20303D521
:109BE8001A6842F480721A601EB1336843F48073B5
:109BF80033602B68002043F001032B60BDE8F0813F
:109C0800AA60E960DAE7012070470220704716B1C0
:109C1800DCE91C0444602948DFF8A8E0754518BF52
:109C280085420EF1140E0CBF01200020754508BFB7
:109C380040F001000EF1140E754508BF40F0010018
:109C48000EF1140E754508BF40F001000EF1140E18
:109C5800754508BF40F001000EF1140E754508BFA8
:109C680040F0010010B9164885420ED1DCF85C00BE
:109C780000F01F0E012000FA0EF078606B60DCF82F
:109C88000830402B10D0A960EA602B6823F00E033F
:109C980043F00A032B60DCF84030002B9BD02B6884
:109CA80043F004032B6096E7AA60E960EDE700BF84
:109CB8004000024028000240580002400854025860
:109CC800945402581C54025800285FD038B590F8B4
:109CD80035200346022A55D10168444A914248D0AA
:109CE8001832914245D03032414C4248A14218BF07
:109CF800914204F148040CBF01220022814208BFAE
:109D080042F001023030A14208BF42F00102303473
:109D1800814208BF42F0010200F55C70A14208BF11
:109D280042F0010204F55C74814208BF42F001026E
:109D38003030A14208BF42F001023034814208BFEE
:109D480042F001023030A14208BF42F00102303433
:109D5800814208BF42F001023030A14208BF42F000
:109D68000102814208BF42F0010212B9224A91421F
:109D78000ED10422002083F835200B6823F001035C
:109D88000B6038BD802201205A6538BD012070471C
:109D98000A681C6E22F00E02D86D9D6D0A6000F0F4
:109DA8001F000A6822F001020A600122216882402D
:109DB80021F4807121606A60DA6ED3E91910486075
:109DC80032B11168D3E91C0421F480711160446038
:109DD800002401211A6D83F8344083F835101AB134
:109DE80018469047204638BD104638BD100002403E
:109DF8004000024070000240B80402402DE9F043E0
:109E080000229C4B83B09C4E1D68814601920368DA
:109E18009A4A846D934218BFB342276808BF012647
:109E2800216818BF002645D018329548834218BFCC
:109E3800934200F118000CBF01220022834208BFA0
:109E480042F001021830834208BF42F00102183084
:109E5800834208BF42F001021830834208BF42F033
:109E6800010200F55670834208BF42F00102183023
:109E7800834208BF42F001021830834208BF42F013
:109E880001021830834208BF42F0010218308342B1
:109E980008BF42F001021830834208BF42F00102B5
:109EA8001830834208BF42F001021AB9754A93423A
:109EB80040F05082D9F85C10082201F01F0C02FA19
:109EC8000CF2174240F0888127FA0CF2D2070CD521
:109ED8005A69100609D5012202FA0CF2A260D9F8D3
:109EE800542042F00202C9F854204FF0040E0EFA32
:109EF8000CF038425BD0002E4FD1634ADFF88081E6
:109F0800434518BF934208F118080CBF01220022EC
:109F1800434508BF42F0010208F11808434508BF4D
:109F280042F0010208F11808434508BF42F0010257
:109F380008F11808434508BF42F0010208F55678B1
:109F4800434508BF42F0010208F11808434508BF1D
:109F580042F0010208F11808434508BF42F0010227
:109F680008F11808434508BF42F0010208F1180833
:109F7800434508BF42F0010208F11808434508BFED
:109F880042F0010208F11808434508BF42F00102F7
:109F98001AB93C4A934240F019821A68920706D5CA
:109FA800A060D9F8542042F00402C9F854201022C5
:109FB80002FA0CFC1CEA070F6CD0002E45D1324A7D
:109FC8002F4EB34218BF934206F118060CBF012268
:109FD8000022B34208BF42F001021836B34208BF5C
:109FE80042F001021836B34208BF42F001021836A7
:109FF800B34208BF42F0010206F55676B34208BFE5
:10A0080042F001021836B34208BF42F00102183686
:10A01800B34208BF42F001021836B34208BF42F00B
:10A0280001021836B34208BF42F001021836B342A3
:10A0380008BF42F001021836B34208BF42F00102DD
:10A048001AB9104A934240F0C9811A68100721D5FD
:10A05800C4F808C01A68560300F14C811A68D20582
:10A0680003D41A6822F008021A60D9F840308BB17C
:10A078000CE000BF6C0300241000024028000240DE
:10A0880058000240B8040240400002404846984741
:10A09800D9F85C1001F01F0120268E403E4268D09E
:10A0A800D9F80020A54BA64FBA4218BF9A4207F12B
:10A0B80018070CBF01230023BA4208BF43F001036D
:10A0C8001837BA4208BF43F001031837BA4208BF2D
:10A0D80043F001031837BA4208BF43F001031837A9
:10A0E800BA4208BF43F001031837BA4208BF43F029
:10A0F800010307F55677BA4208BF43F00103183742
:10A10800BA4208BF43F001031837BA4208BF43F008
:10A1180001031837BA4208BF43F001031837BA429F
:10A1280008BF43F001031837BA4208BF43F00103E0
:10A138001837BA4208BF43F001031BB9814B9A4252
:10A1480040F062811368DB0613D5A66099F83530B4
:10A15800042B136800F0AE8013F4802F136800F00E
:10A16800D3801C0340F1DE80D9F83C300BB148465F
:10A178009847D9F85430002B00F0B980D9F85430FA
:10A18800D8071FD5D9F80020042189F8351013689D
:10A1980023F0010313606C4BA3FB0535AD0A02E005
:10A1A8001368D90704D5019B0133AB420193F7D952
:10A1B800002389F834301368DB074CBF03230123DD
:10A1C80089F83530D9F84C30002B00F0908048469B
:10A1D80003B0BDE8F0431847186840070AD5186867
:10A1E80020F004001860A260D9F8542042F001025F
:10A1F800C9F8542027FA0CF2D2077FF576AE534AF5
:10A208005348834218BF934200F130000CBF01222B
:10A218000022834208BF42F001021830834208BF7F
:10A2280042F001021830834208BF42F001021830A0
:10A23800834208BF42F0010200F55670834208BF0E
:10A2480042F001021830834208BF42F00102183080
:10A25800834208BF42F001021830834208BF42F02F
:10A2680001021830834208BF42F0010218308342CD
:10A2780008BF42F001021830834208BF42F00102D1
:10A288001830834208BF42F00102002A7FF420AE52
:10A29800002E7FF41DAE1A68042202FA0CF23A422C
:10A2A80040F09480102202FA0CFC17EA0C0F3FF4DD
:10A2B800F1AE84E623F016031360536923F080039C
:10A2C8005361D9F840309BB3136823F00803136037
:10A2D8003F230025012203FA01F1D9F85030A1608B
:10A2E80089F8345089F83520002B7FF470AF03B01B
:10A2F800BDE8F0831B6818037FF5B7AED9F848307E
:10A30800002B7FF4C3AEC5E613F480737FF42CAF43
:10A31800116821F010011160012289F8343089F8A0
:10A32800352021E7D9F84430002B7FF420AF20E70F
:10A33800D9F84830002BC7D1CAE700BF1000024047
:10A3480028000240B8040240B5814E1B5800024064
:10A35800400002404E4A4F4DAB4218BF934205F1B0
:10A3680014050CBF01220022AB4208BF42F00102D3
:10A378001435AB4208BF42F001021435AB4208BFA6
:10A3880042F001021435AB4208BF42F00102143515
:10A39800AB4208BF42F0010212B93F4A9342A6D12C
:10A3A800D9F85C5004261A6805F01F05AE400E4225
:10A3B80019D0570717D5100466604BD5D1034FD471
:10A3C800D9F84830002B7FF402AF90E71A681022C2
:10A3D80002FA0CFC17EA0C0F3FF45CAE1A6852073D
:10A3E8007FF558AE34E60226AE400E4211D09707EC
:10A3F8000FD56660140439D5D00343D4D9F8443056
:10A40800002B7FF4E4AE72E713689F077FF5B1AEC7
:10A418009BE60826AE400E423FF469AF11077FF570
:10A4280066AF1A68002122F00E021A600123D9F8DB
:10A438004C2003FA05F56560C9F8543089F83410E2
:10A4480089F83530002A3FF452AF484603B0BDE8DA
:10A45800F0431047920603D41A6822F004021A60E7
:10A46800D9F84030002B7FF4B2AE40E712F020025A
:10A4780008D11968012421F00A01196089F83420EB
:10A4880089F83540D9F83C30002B7FF4A0AE2EE790
:10A49800085402581C54025894540258406D70478E
:10A4A8002DE9F04F0D6883B0002D00F0D580002312
:10A4B800DFF8688201229A4012EA050C00F0C78092
:10A4C8004E6826F01009B9F1020F40F0C88003F079
:10A4D80007044FEAD30E4FF00F0A4FEA840900EB46
:10A4E8008E0E0AFA09FADEF8204024EA0A0A0C69F4
:10A4F80004FA09F406F0030944EA0A04CEF82040F5
:10A508004FEA430E0324D0F800A009FA0EF904FA22
:10A518000EF42AEA040AE44349EA0A09C0F800905A
:10A52800D0F808A0CF6804EA0A0A07FA0EF949EA3F
:10A538000A09C0F80890C6F30019D0F804A009FA6F
:10A5480003F92AEA020249EA02024260C268F700F5
:10A5580004EA02048A6802FA0EF242EA0402C260BD
:10A5680075D5644C23F0030E03F00309D4F8F420E6
:10A57800C6444FEA890942F00202C4F8F420D4F82C
:10A58800F42002F002020192019A0F22DEF808403C
:10A5980002FA09F224EA0202574CA04225D004F537
:10A5A8008064A0427BD0554CA0427ED0544CA0423F
:10A5B8006FD0544CA04200F08480534CA04200F06D
:10A5C8008680524CA04276D0514CA04200F0858043
:10A5D800504CA04200F087804F4CA0420CBF092489
:10A5E8000A2404FA09F942EA0902CEF808204FF0D1
:10A5F800B0426FEA0C0EF403D2F880204FF0B0445A
:10A6080054BF0EEA02024CEA0202C4F88020B203E8
:10A61800D4F884404FF0B04254BF0EEA04044CEA28
:10A628000404F702C2F8844014684FF0B04254BFE3
:10A638000EEA04044CEA04041460B40252684FF0B1
:10A64800B04454BF0EEA02024CEA020262600133CF
:10A6580035FA03F27FF42EAF03B0BDE8F08F4FEA6E
:10A66800430E0324D0F800B006F0030A04FA0EF4EF
:10A6780009F1FF390AFA0EFA2BEA040BB9F1010FB6
:10A688006FEA04044AEA0B0AC0F800A03FF65EAF7E
:10A6980046E7032404FA09F942EA0902A5E7012476
:10A6A80004FA09F942EA09029FE7022404FA09F9BF
:10A6B80042EA090299E7062404FA09F942EA09027A
:10A6C80093E7042404FA09F942EA09028DE705240C
:10A6D80004FA09F942EA090287E7072404FA09F9A2
:10A6E80042EA090281E7082404FA09F942EA090260
:10A6F8007BE700BF004402580000025800080258D7
:10A70800000C025800100258001402580018025891
:10A71800001C025800200258002402580004005867
:10A72800002900F0A88000232DE9F04FDFF8689198
:10A7380083B0DFF86881DFF868A1DFF868B14FF00F
:10A74800010E0EFA03F212EA010C6FD023F0030592
:10A7580003F003040F2640454D444FEAC404AF6894
:10A7680006FA04F607EA0607019721D0504566D095
:10A77800584567D0434FB8426ED0434FB84270D067
:10A78800424FB84263D0424FB84256D0414FB842C8
:10A7980072D0DFF814E1704568D0DFF810E1704539
:10A7A80014BF4FF00A0E4FF0090E0EFA04F400E041
:10A7B8000024019FA74219D1AC6824EA06064FF08D
:10A7C800B044AE60D4F8805025EA0C05C4F8805037
:10A7D800D4F8845025EA0C05C4F88450256825EA85
:10A7E8000C052560656825EA0C05656003255C0095
:10A7F80003F007070F2605FA04F40568BF00254390
:10A8080006FA07F70560DD0800EB85052E6A26EADB
:10A8180007062E62856825EA04058560456825EAED
:10A8280002024260C26822EA0404C460013331FAB9
:10A8380003F284D103B0BDE8F08F4FF0060E0EFA94
:10A8480004F4B6E74FF0020E0EFA04F4B1E74FF045
:10A85800050E0EFA04F4ACE74FF0030E0EFA04F4FA
:10A86800A7E74FF0040E0EFA04F4A2E74FF0080E23
:10A878000EFA04F49DE770474FF0070E0EFA04F441
:10A8880097E700BF000C0258001002580014025845
:10A8980000180258001C0258000400580000025812
:10A8A80000040258000802580020025800240258E8
:10A8B8000369194214BF01200020704702B9090436
:10A8C800816170472DE9F04F056885B00446284638
:10A8D80007F0B4FE012802D005B0BDE8F08F20686B
:10A8E80007F05CFE0028F7D0206807F057FE10F448
:10A8F800001F206802D04FF40013436107F04EFE9A
:10A9080010F4801F206802D04FF48013436107F0D1
:10A9180045FE10F0806F206802D04FF080634361DD
:10A9280007F03CFE10F0020F20682FD107F036FE2A
:10A93800870000F11381206807F030FEC60100F19E
:10A94800CF80206807F02AFE000700F1BE8020684B
:10A9580007F024FE10F0007F20681AD107F01EFED1
:10A96800C306B9D52568AB6923F01003AB612E6A1D
:10A97800C6F34341C6F30A17022902D1002F40F05B
:10A98800C681AB6943F01003AB61A5E702234361BD
:10A99800CCE707F0C1FED4F808E080462068BEF195
:10A9A800000F00F0998005F5A06500264FF0280BF0
:10A9B8004FF0020A4AE000F5A0694A0109EB411785
:10A9C800BB685B075DD50423BB60FB6843F00203EB
:10A9D800FB60BB68980500F1FD80BB68DB0740F1B0
:10A9E800CF80236953B101EB81003B6904EBC000C0
:10A9F800C3F3120C836CA3EB0C03C3648B004FF0FE
:10AA0800010C4FF0000E581804EBC000C0F858E0D5
:10AA180080F85DC0C7F808C090F83FE01EF0FD0F51
:10AA280000F06481BEF1030F00F040820B4404EB98
:10AA3800C30393F8502082F0010283F85020D4F821
:10AA480008E0206801362035764545D206F00F0328
:10AA580028FA03F3D907F5D52B68F1B21A04AAD45A
:10AA680000F5A0624FEA411C02EB4117BB6813F0E6
:10AA780004090DD00423BB60FB6843F00203FB60AC
:10AA8800E0E7BB689B0640F1B3802023BB60A0E7EA
:10AA9800BB6813F0200300F0CA8001EB8103202279
:10AAA80004EBC303BA6093F83D20012ACAD183F8A6
:10AAB8003D9083F85CA0FB6843F00203FB6007F05D
:10AAC8002FFED4F808E02068BCE72046FDF7F0FB2D
:10AAD8002068082343613BE74FF0007343613DE77B
:10AAE8002668D6F840340293D6F840340393039B83
:10AAF80023F02E030393029B980707D5029BD907DF
:10AB080000F16381039B43F002030393029B1A073E
:10AB180018D5039B43F008030393029B5B0740F19E
:10AB28005C81A169022900F09A81E368012B03D1B5
:10AB38004EF66022C6F804242046FDF7C7FB2046DF
:10AB4800FDF7BAFB2068029B9F0603D5039B43F0E1
:10AB580020030393039BC6F84034F3E6D5F840344A
:10AB6800204623F02E03C5F84034FDF7A9FB012148
:10AB7800206807F0AFFD20684FF000534361DBE623
:10AB8800BB68980740F18E80FB6801EB810C23F0CD
:10AB9800020304EBCC0CFB608B009CF85D000128E1
:10ABA80000F0B280052800F0AF80062800F0A381ED
:10ABB800082800F0A081032800F0DC819CF85C00E4
:10ABC8000246C7F808A02046FDF77EFBD4F808E047
:10ABD800206837E7FB68206843F00203FB6007F052
:10ABE8009FFD4FF400732068BB60D4F808E029E7A4
:10ABF800BB681B0700F1BB80BB685B057FF5E9AE4E
:10AC0800FB68019243F002030091FB6007F088FDA6
:10AC180000991020019A01EB8103B860082004EB29
:10AC2800C30383F85D004FF48063BB60D1E6D7F8B7
:10AC3800089019F0400F40F0B180BB6813F400731E
:10AC480040F02F81D7F8089019F0010F40F03F81AC
:10AC5800BB6813F0080340F06881D7F8089019F032
:10AC6800100F00F0C98001EB810204EBC20293656A
:10AC7800032382F85D3092F83D303BB90BFB01436A
:10AC880093F83C2012B9012283F83D20FB6843F079
:10AC98000203FB6007F044FD10232068BB60D4F872
:10ACA80008E0CFE6BB6813F0800340F0E380BA68A1
:10ACB800D20640F1D08001EB810004EBC00090F88F
:10ACC8003F20032A00F04B8112F0FD02E4D12369F2
:10ACD8008265002BE0D10BFB0143032283F85D2042
:10ACE800FB68206843F00203FB60D3E7FA6820683A
:10ACF80042F0020201930091FA6007F011FD102260
:10AD0800DDE90013BA6091E68CF85C0058E706F0BC
:10AD18000F0606EB860804EBC808D8F8441000298B
:10AD28003FF42FAE284605F5A0653A4607F0B4FB78
:10AD3800D8F8443005EB46123B441169D8F84C204A
:10AD4800C8F8443073013A44C8F84C20BC4A0A4059
:10AD58005AB1EA5822F0804242F00042EA5098F88C
:10AD6800503083F0010388F85030256809E6FB6805
:10AD78004FF0050C019243F002030091FB6001EBD8
:10AD8800810304EBC30383F85DC01023BB60082371
:10AD9800BB6007F0C5FCDDE900121AE601EB810291
:10ADA80004EBC2029365042382F85D30012382F824
:10ADB8003D30FB6843F00203FB6007F0B1FC402321
:10ADC8002068BB60D4F808E03CE6B369204623F06D
:10ADD8000053B361FDF770FA94E62046FDF77AFA5E
:10ADE800D6F84034206823F02E03C6F8403483692F
:10ADF80043F000538361A6E6BB681B0600F1C880D8
:10AE0800BB685B0500F1D780BB689B077FF51AAE6E
:10AE1800FB680BFB014023F00203FB6090F85D30F8
:10AE2800012B00F0E180032B00F0DB80042B00F005
:10AE3800D880052B00F0FC80062B00F0E480082B5E
:10AE480000F0E1800BFB01432046C7F808A093F807
:10AE58005C20FDF739FAD4F808E02068F2E5029B97
:10AE6800206803F4C023B3F5802F18BF012107F031
:10AE780031FC61E6FB6801EB810243F0020304EB5D
:10AE8800C202FB60936D01339365062382F85D303F
:10AE9800206807F045FC80232068BB60D4F808E0F0
:10AEA800D0E5FB6843F00203FB6098E652F80970AE
:10AEB800019347F00057009142F80970624680F804
:10AEC8005CC02046FDF700FADDE90013AEE5FA683C
:10AED80001EB810942F0020204EBC909C9F85830B4
:10AEE800FA6007F01DFC0123BB6089F85D30D4F8D7
:10AEF80008E02068A6E503EB010C04EBCC0CDCF8B9
:10AF080058000130032825D8CCF8580002200B44FB
:10AF180004EBC30383F85C0052F8093023F0804344
:10AF280043F0004342F809304AE608230091BB6029
:10AF3800FB6843F00203FB6007F0F2FB009905226F
:10AF480001EB810104EBC10383F85D20D4F808E02C
:10AF5800206877E50020CCF858000420D7E7FA6885
:10AF68000BFB014042F0020283652068FA6007F09B
:10AF7800D7FB91E60BFB0143022083F85CA052F853
:10AF8800093023F0804343F0004342F8093017E6C4
:10AF9800FB68009143F00203FB6007F0C1FB0099D6
:10AFA80006230BFB014181F85D3080232068BB60DC
:10AFB800D4F808E046E5FB68009143F00203FB6023
:10AFC80007F0AEFB10230099BB604FF480630BFBC6
:10AFD8000141BB60082381F85D30D4F808E020689F
:10AFE80030E580F85CA02DE780F85C3090F83F30C1
:10AFF800023B012B3FF626AF90F8513083F0010356
:10B0080080F851301EE70BFB0140836D0133032BA1
:10B0180011D8836502230BFB014080F85C3052F89D
:10B028000C3023F0804343F0004342F80C3009E72A
:10B0380080F85C3006E7002383650423EBE700BF54
:10B048000000F81F90F8B832012B0CD0012310B57E
:10B058000446006884F8B83207F0C2FB002318469B
:10B0680084F8B83210BD0220704700BFF8B5054615
:10B078000E461746701C2C682CD1A369990727D453
:10B08800A369DA06F9D5A3699A06FCD5202310220C
:10B09800E261E361A3699F0701D50023A362A36965
:10B0A800DE0703D4A36943F00103A36163680022A8
:10B0B8001B4820210340012063606B6C85F8402009
:10B0C80043F004036B6485F8411085F84220F8BD0D
:10B0D8000020F8BDA3699B07FAD4A369D9061BD43D
:10B0E800FDF726FAC01BB04201D8002EC2D16B6C06
:10B0F8002021002201200B4385F840206B6485F84D
:10B10800411085F84220F8BDFDF712FAC01B8642AF
:10B11800EDD3002EEBD02C68A3699B06F4D5B5E7D8
:10B1280000E800FEF8B505460E4617462C68A369E8
:10B138009B0649D4A369DA0626D5731C38D1A369BE
:10B148009E06FCD520231022E261E361A3699907DA
:10B1580001D50023A362A369DA0703D4A36943F0E6
:10B168000103A361636800221848202103400120DD
:10B1780063606B6C85F8402043F004036B6485F8CA
:10B18800411085F84220F8BDFDF7D2F9C01BB04246
:10B1980001D8002ECAD16B6C2021002201200B435C
:10B1A80085F840206B6485F8411085F84220F8BD89
:10B1B800A3699806C6D4FDF7BBF9C01B8642EAD33B
:10B1C800002EE8D02C68B8E70020F8BD00E800FEA3
:10B1D80000284ED010B590F84130044603F0FF0225
:10B1E800002B41D023682421626884F84110196833
:10B1F80022F07062E06821F00101012819601A61EB
:10B208009A6822F400429A60A26829D042F4044263
:10B2180002289A6002D14FF400625A6058684FF0D1
:10B22800200C1549226901435960D96821F400416D
:10B23800D960D4E90501024342EA0122D4E90710A2
:10B24800DA600022014310461960196841F00101D3
:10B258001960626484F841C0226384F8422010BDFA
:10B2680042F400429A60D9E780F84020F9F73AFCA6
:10B27800B8E70120704700BF008000022DE9F047C1
:10B28800984690F84130089E202B40F0878090F82F
:10B2980040300446012B00F081800123894617467F
:10B2A80080F84030FDF744F9054604E0FDF740F921
:10B2B800401B192875D82368986910F40040F5D107
:10B2C800212267626063C9F3090784F841201022CC
:10B2D80084F842206064A4F82A80628D92B2FF2A22
:10B2E8006DD8628D494892B2D1B222855A6802401F
:10B2F8003A4342EA0142464911435960DFF81C814A
:10B308004FF0FF0ADFF81891638D2A463146204630
:10B318009BB2002B30D0FFF7A9FE002873D1606ADA
:10B32800216810F8012B238D8A62628D013B6062CF
:10B33800013A9BB292B223856285628D92B2002B4C
:10B34800E2D1002AE0D0701C43D18B691A06FCD5E3
:10B35800638D9BB2FF2B48D94B682A46A4F828A0D6
:10B36800204603EA08033B4343EA09034B6031469E
:10B37800638D9BB2002BCED1FFF7D4FE002842D1BB
:10B3880023682021234DD9615A682A405A6084F8DD
:10B39800411084F8400084F8420000E00220BDE833
:10B3A800F087636C2021002201200B4384F84020A1
:10B3B800636484F8411084F84220BDE8F0875A6835
:10B3C80012490A4014493A431143FF222285596021
:10B3D80094E78B691B06BBD4FDF7AAF8401B86428D
:10B3E800DFD3002EDDD02168ADE7638D9BB2DAB2E2
:10B3F80023854B6803EA080343EA02433B4343F0CF
:10B4080000734B6080E70120BDE8F087009800FCDE
:10B418000020008200E800FE0020FF81009C00FC64
:10B428000000FF012DE9F0471F4690F84130202B1E
:10B4380040F08E8004460D46002900F08380B2FA61
:10B4480082F916464FEA5919002A7BD05FFA83FA27
:10B4580090F84030012B7BD0012380F84030FDF775
:10B4680067F8212365628046256884F8413084F8AE
:10B4780042A0C4F8449066856B68C4F8349023F4FD
:10B4880000436B607B1C66D1AE693607FCD5082388
:10B49800EB61E368022B06D0AE69F60328D4AE69E7
:10B4A800F603F9D524E0AB691907FCD50823EB614D
:10B4B8007B1CF1D0AB69DD031AD4FDF739F8A0EB9A
:10B4C8000800874253D3002F51D02568F0E7424641
:10B4D80039462046FFF7CAFD00285BD1636A226817
:10B4E80013F8011B9162658D6362013DADB26585FC
:10B4F800638D9BB2002BEAD1424639462046FFF7BE
:10B5080011FE00284DD02268536843F4004353606D
:10B51800636C042B54D1002363642023D361781C0B
:10B5280041D193691904FCD451680023202041F4C7
:10B538000041516084F84100184684F8423084F88C
:10B54800403003E04FF4007301206364BDE8F087E6
:10B558000220BDE8F087AB69180733D4FCF7E8FF91
:10B56800A0EB0800874202D30FB125688AE7636C15
:10B57800202000212268034384F84010636484F883
:10B588004100012084F84210536843F4004353609B
:10B59800BDE8F08722680120536843F400435360F4
:10B5A800D4E72268B9E793691B04BDD5FCF7C0FF4F
:10B5B800A0EB08008742DAD3002FD8D02268AEE784
:10B5C8000120C3E70823EB61E368022B7FF470AF27
:10B5D80008E0FCF7ADFFA0EB08008742C7D3002FB7
:10B5E800C5D02568AB691A07F3D55FE70268436BD6
:10B5F8009169126803B11847704700BF90F841007D
:10B60800704700BF90F84120202A23D15FFA82FCBE
:10B6180090F840200346012A1CD00268242000B577
:10B6280083F841004FF0000E106820F00100106010
:10B63800106820F480501060106801437046116053
:10B64800116841F00101116083F841C083F840E0BE
:10B658005DF804FB0220704790F84120202A22D18F
:10B66800034600B55FFA82FE90F84020012A1CD0FC
:10B67800026824204FF0000C83F84100106820F085
:10B6880001001060106820F4706040EA01216046F3
:10B698001160116841F00101116083F841E083F8FD
:10B6A80040C05DF804FB0220704702205DF804FBEF
:10B6B8002DE9F04F076889B00446384606F0BEFF0A
:10B6C80010B109B0BDE8F08F8246206806F066FF29
:10B6D8000028F6D0206806F061FF10F0020F2068FD
:10B6E80003D0436903F00203436106F057FF10F4E7
:10B6F800002B206840F0508106F050FF10F4802F96
:10B70800206840F0EB8006F049FF002874DB2068D1
:10B7180006F044FF000564D4206806F03FFF0201EC
:10B7280014D52268536903F00063536194F8F43325
:10B73800002B40F095810121204684F8F413536DC5
:10B74800C3F38303C4F8F83300F024FC206806F040
:10B7580025FFC3047BD4206806F020FF10F4005FA7
:10B7680020685DD106F01AFF10F0100F206812D083
:10B77800836923F0100383613D6AC5F3434305F0F1
:10B788000F06022B00F03182062B00F07F818369BF
:10B7980043F01003836106F001FF070700F15781AA
:10B7A800206806F0FBFEC60200F14681206806F01C
:10B7B800F5FE850200F13581206806F0EFFE4000B5
:10B7C80000F12681206806F0E9FE41077FF579AF90
:10B7D80023685D686A0700F129825A682A435A601B
:10B7E8006FE7D7F80838D90700F11C822068436949
:10B7F80003F40063436190E7D7F8043823F00103AA
:10B80800C7F8043894F8F433012B00F03881204647
:10B81800FCF7CEFC2068436903F00043436177E7F7
:10B8280006F010FF206806F0F5FB2568E06001F0DF
:10B83800E5FC227B0146284606F050FB2046FCF733
:10B848008DFC2068436903F4005343618AE7D7F805
:10B8580004381021206807F5006523F001036B60A8
:10B8680006F0BEFB6068B0B107F510634FF67F3194
:10B8780099600AF1010A1A682033824522F40012FD
:10B8880043F8202CC3F8E811D3F8E02122F4001281
:10B89800C3F8E021ECD1EB6943F00113EB61236BB2
:10B8A800002B40F0E1806A6942F22B0313436B617D
:10B8B8002B6943F00B032B61D7F8003804F571723C
:10B8C800217C23F4FE632068C7F8003806F0D6FE12
:10B8D8002068436903F4805343613DE706F076FE30
:10B8E80080462068B8F1000F00F0E580264607F58D
:10B8F80010694FF0000BCDE9037A09E05FEA5808B8
:10B908000BF1010B06F11C0609F1200900F0D580A6
:10B9180018F0010FF2D05FFA8BF7394606F072FE85
:10B92800C30705461FD50BF00F03039901229A4060
:10B93800D1F8343823EA0203C1F834380123C9F8AE
:10B9480008302369012B03D1D6E911231344B364CA
:10B9580039462046FCF7F4FB2369012B03D1BBF1E0
:10B96800000F00F0AC81280702D50823C9F8083079
:10B97800E90602D51023C9F808306A0602D5402323
:10B98800C9F80830AB0702D50223C9F808302D06DC
:10B9980000F1C6802068B1E706F00AFE0546206877
:10B9A800002D00F0868007F53066A1464FF0000BA9
:10B9B800049707E06D080BF1010B06F1200609F169
:10B9C8001C097DD0EB07F5D55FFA8BF1039106F0E2
:10B9D8000BFE10F0010F8046039973D118F0080F81
:10B9E80040F0F280206818F0100F01D01023B360E7
:10B9F80018F0200F05D02169012900F05A81202371
:10BA0800B36018F4005FD5D04FF40053B360D1E7AA
:10BA18002046FCF7D9FB2068436903F08043436163
:10BA2800D1E620465FFA8BF1FCF7C6FB2068436934
:10BA380003F400134361C0E620465FFA8BF1FCF77C
:10BA4800BFFB2068436903F480134361AFE62046D7
:10BA5800FCF780FB2068436903F008034361A0E614
:10BA68002046FCF78DFB71E6D5F8843043F00B03D4
:10BA7800C5F884306B6C43F00B036B641CE7002142
:10BA8800204684F8F41300F085FAC3E6C6EBC60630
:10BA9800082204F57171384606F0FEFCC5F30A1356
:10BAA80004EB86022068D2F814120B44C2F8143250
:10BAB8006DE6AB4620E6C34625E6DDE9037A22E6D5
:10BAC800049F19E6206801232769B36000F53063F5
:10BAD800012FD0F840E003EB4B139A6800F0C580C3
:10BAE800984FBE4540F0BD80170440F1B6804FF432
:10BAF800004218F0080F9A603FF475AF026C98681E
:10BB080090498A4200F0978020460392FCF708FB90
:10BB18008D4B039A9A4200F296800823B36061E73E
:10BB2800D6E91453D4F800A0AB4250463FF6E6AE2F
:10BB38000AF51062716CCDF81CA002EB4B1205924D
:10BB4800EA1A8A4228BF0A4605998969033289B2E6
:10BB5800B1EB920FC0F0A980CDF81890C146A0466D
:10BB6800059C1AE0736C3A46B16C50469D4228BF5A
:10BB78001D4698F810300093ABB206F077FCB36C12
:10BB8800A1692B4489B2B364736D2B440335B1EBBF
:10BB9800950F7365C0F08180356D9D42A5EB030557
:10BBA800E0D84446C846DDF81890D4F800A0079BB2
:10BBB8000122504603F500610BF00F039A404B6BCE
:10BBC80023EA02034B6399E62268216902F5306390
:10BBD800126C012903EB4B13986891D15A498A4298
:10BBE80029D82046FCF79CFA97E747F6F0731D42E0
:10BBF8003FF4CDADC6EBC606C5F30A12384604EBD2
:10BC080086061546D6F8081206F046FCD6F808321D
:10BC180020682B44C6F80832D6F814322B44C6F8EC
:10BC28001432B4E52046FCF7ABFADFE52046FCF712
:10BC3800CFFA2368D1E5020402D54FF400429A6096
:10BC48002046FCF76DFA216901297FF466AF04F5F7
:10BC58007172206806F012FD5FE7900601D5202278
:10BC68009A602046FCF762FAB8E6170732D53649DB
:10BC78008E4504D9120402D54FF400429A6020463A
:10BC88000393FCF74DFA04F571720121206806F060
:10BC9800F5FC0822039B9A60A0E64446356DC84629
:10BCA800DDF81890D4F800A050469D423FF626AE25
:10BCB8007DE704F5717206F0E1FC20689FE6236DCC
:10BCC800002B7FF450AE04F571720121206806F054
:10BCD800D5FC48E6970608D520229A6018F0080F88
:10BCE8003FF481AE026C986878E712F0280FF5D11E
:10BCF800154FBE4505D9120403D54FF400429A608A
:10BD0800ECE71B692046D9F80422C3F31203D31ABF
:10BD1800C9F81432D9F808321344C9F80832FCF7C4
:10BD280005FABBF1000F7FF459AED4F81032002B9E
:10BD38007FF454AE04F571720121206806F09EFC70
:10BD48004CE600BF0A31544F0A30544F90F8BC23D8
:10BD5800012A0ED0012210B50446006884F8381074
:10BD680084F8BC2306F008FC0023184684F8BC338A
:10BD780010BD0220704700BF10B501F00F0E090674
:10BD8800044627D44FF01C0C0CFB0E0C0CF5FE716E
:10BD9800CEEBCE0C00EB8C0C00208CF8FD018A60F9
:10BDA8004A7881F800E0CB700AB1A1F806E0022BCE
:10BDB80001D100230B7194F8BC33012B18D0012357
:10BDC800206884F8BC3306F037F90023184684F855
:10BDD800BC3310BD1C204FF0010C00FB0E4000F1DD
:10BDE8003C01CEEBCE0004EB800080F83DC0D6E7E6
:10BDF800022010BD10B501F00F041C21C4EBC40CC7
:10BE080001FB040100EB8C0C01F5FE71CCF810323B
:10BE18000023CCF808228CF8FC41CCF814328CF8BA
:10BE2800FD3103690068012B08BFCCF80C22DAB297
:10BE38001CB906F061FA002010BD06F045F9002093
:10BE480010BD00BF10B501F00F041C21C4EBC40CD9
:10BE580001FB040100EB8C0C3C31CCF85030002382
:10BE6800CCF84820CCF8543001238CF83C408CF8AE
:10BE78003D3003690068012B08BFCCF84C20DAB2CA
:10BE88001CB906F039FA002010BD06F01DF9002093
:10BE980010BD00BF38B5436801F00F059D4234D886
:10BEA8000B0604461DD41C22C1EBC10302FB010191
:10BEB80000EB8303002201F5FE7183F8FD210123C5
:10BEC8000D708B7094F8BC239A421CD0206884F8BB
:10BED800BC3306F0F1FAD5B10023184684F8BC3318
:10BEE80038BD1C21C5EBC503012201FB050100EB90
:10BEF80083033C3183F83D2001230D708B7094F847
:10BF0800BC239A42E2D1022038BD012038BD04F595
:10BF18007172217C206806F0B1FBDDE7426838B514
:10BF280001F00F03934232D811F0800F04464FF00E
:10BF38001C01C3EBC30219D101FB0341002004EB30
:10BF48008202002501F5FE7182F8FD010B708D70EB
:10BF580094F8BC33012B18D00123206884F8BC3333
:10BF680006F0DEFA284684F8BC5338BD01FB0341CD
:10BF7800012004EB820200253C3182F83D000B7061
:10BF88008D7094F8BC33012BE6D1022038BD012016
:10BF980038BD00BF704700BF38B5114BDA6852078B
:10BFA80004D4DB6803F00703834214D10C4CE36824
:10BFB80023F007031843E060FCF7BAFA054605E0EA
:10BFC800FCF7B6FA401BB0F57A7F06D863689B0485
:10BFD800F6D5002038BD012038BD032038BD00BF8C
:10BFE80000480258024AD36843F08073D360704710
:10BFF8000048025870B44D6A15B1B2F1406F3AD199
:10C008008B691BB30C6A002C4CD08E680068C66123
:10C01800CE69002E69D02B4313432343CC6A3343A4
:10C0280023430C6B23434C6B23430C692343CC6899
:10C0380023430C6823434C69B2F1406F43EA8443BD
:10C04800436165D04B6870BC836170470B6ABBB1B4
:10C0580000682B438C68CE69C461002E6BD01343F3
:10C06800CC6A334323430C6B23434C6B23430C6947
:10C078002343CC68DEE78B6A0468013B2361BFE792
:10C08800CB69002B66D1002D42D0CB6A0C6B2B43B9
:10C09800006813434A6923434C6B234343EA8243B2
:10C0A800436135E0CC6945EA030C002C32D00368C3
:10C0B8004CEA0200B2F1406F40EA0400CC6A40EA60
:10C0C80004000C6B40EA04004C6B40EA0400CC68A6
:10C0D80040EA04000C6840EA04004C6940EA8440E5
:10C0E800586115D04A689A6112E045EA030C0D6957
:10C0F8004CEA0203CA6A23431343D1E90C4223439F
:10C108000C6813434A692B43234343EA8243436140
:10C1180070BC7047CC6A4CEA020300682343D1E93B
:10C128000C4223430C6813434A69234343EA82437E
:10C1380070BC43617047CC6A13432343D1E90C4276
:10C1480023431343D1E90442234343EA824370BCA7
:10C15800436170472B43CD6A0C6B134300682B4334
:10C1680023434C6B84E700BF70B50446FCF7E0F945
:10C17800002C54D094F84030012B52D001230646AD
:10C1880084F8403094F8413003F0FF02002B34D09B
:10C19800A56C2268A1681368013923F4706343EA27
:10C1A8000123136001E06B1C31D1936813F0200365
:10C1B800F9D1E069E16815680143206A01436068C4
:10C1C80041EA00611C482840014360691160A16987
:10C1D80055680143206941EA004118482840012573
:10C1E800014318465160116829431160636484F85B
:10C1F8004150002384F8403070BD204684F8402028
:10C20800F9F7C6F841F288331D46A364C1E7FCF785
:10C218008FF9801BA84206D82DB12268C5E70120F6
:10C2280070BD022070BD0423012084F84130636C86
:10C2380003436364DDE700BF2FFFFF00FEF8E0FF64
:10C24800C8B110B590F840300446012B11D00268EF
:10C25800012380F84030136823F001031360F9F7D5
:10C2680025F900236364184684F8413084F8403087
:10C2780010BD022010BD0120704700BF2DE9F0411C
:10C2880004460E461546FCF753F994F84030012B46
:10C298003AD0012384F8403094F84130012BDFB2C2
:10C2A80006D002270023384684F84030BDE8F081E4
:10C2B800002380466364022384F84130681C2368A5
:10C2C8000ED19A6812F02002FBD131462046FFF7C2
:10C2D80091FE736AE3B10123002784F84130E1E756
:10C2E8009A6812F020021ED0FCF722F9A0EB080091
:10C2F800854201D3002DE1D1042384F84130636CD9
:10C3080043F001036364CDE702273846BDE8F081B6
:10C31800226893689B07FCD5022101230027D1607E
:10C3280084F84130BEE731462046FFF763FE736A62
:10C3380043B1D0E7FCF7FCF8A0EB08008542DBD35B
:10C34800002DD9D0226893689907F3D5E4E700BF98
:10C358002DE9F843044689461546FCF7E9F894F8B0
:10C3680040302768012B67D0012384F8403094F8C7
:10C378004130012B5FFA83F807D04FF00208002301
:10C38800404684F84030BDE8F88300236364B9F17F
:10C39800000F56D01223064684F841303B6901331A
:10C3A800E3623B69C4F824900133A3627B6923F0FC
:10C3B80040637B61E36A002B31D06A1C394611D196
:10C3C8008B685B07FCD5636A1B7887F82030E26AC4
:10C3D800636A013A0133E262E26A6362F2B16A1C9B
:10C3E8002168EDD08B685807EDD4FCF7A1F8801BC5
:10C3F800854201D3002DF2D1042384F84130636CC7
:10C4080043F00103636413E0BB689B070CD4FCF79B
:10C418008FF8801B8542EFD3002DEDD02768691C6B
:10C42800F2D1BB689A07FCD502234FF00008FB60E5
:10C43800012384F84130A2E74FF002084046BDE8E6
:10C44800F883636C43F00803636498E72DE9F843C5
:10C45800044615468946FCF76BF82768BA6994F8CC
:10C468004030012B6CD0012384F8403094F84130DF
:10C47800012B5FFA83F807D04FF0020800234046EB
:10C4880084F84030BDE8F88300236364B9F1000FF5
:10C498005BD02223064684F841303B690133A3630D
:10C4A8003B69C4F83090013363637B6923F04063D0
:10C4B80043F080637B61BA61A36B002B33D0681CA7
:10C4C800394612D18B6813F0060FFBD097F820205D
:10C4D800236B1A70A26B236B013A0133A263A26B20
:10C4E8002363FAB1681C2168ECD08B6813F0060F3F
:10C4F800ECD1FCF71DF8801B854201D3002DF1D14A
:10C50800042384F84130636C43F00103636413E04F
:10C51800BB689B070CD4FCF70BF8801B8542EFD354
:10C52800002DEDD02768691CF2D1BB689A07FCD5AD
:10C5380002234FF00008FB60012384F841309DE797
:10C548004FF002084046BDE8F883636C43F00803E7
:10C55800636493E72DE9F84F04461F4689469046E1
:10C56800FBF7E6FF94F84030012B52D0012384F802
:10C57800403094F84130012B5FFA83FB07D04FF02D
:10C58800020B0023584684F84030BDE8F88F00239A
:10C5980082466364422384F841307A1C26682CD191
:10C5A800B568AB06FCD4D8F8003049462046B362DB
:10C5B800D8F804307362D8F80830F3623268D8F8D3
:10C5C800103022F440021343D8F80C2043F48003BF
:10C5D8003360C9F828204FF00062FFF70BFD781C84
:10C5E80022681BD193681907FCD5082101234FF055
:10C5F800000BD16084F84130C3E7B3689D06D2D5FB
:10C60800FBF796FFA0EB0A00874212D3002FC4D194
:10C618000FE04FF0020B5846BDE8F88F93681B07F0
:10C62800E3D4FBF785FFA0EB0A00874201D3002F74
:10C63800D5D1042384F84130636C43F0010363646B
:10C648009FE700BF2DE9F04704460F461646FBF763
:10C658006FFF94F84030012B45D0012384F8403017
:10C6680094F84130012B5FFA83F907D04FF00209A3
:10C678000023484684F84030BDE8F0870023804610
:10C68800D4F848A06364822384F84130BAF1FF3FAC
:10C69800256814D1AB689A06FCD42B68726823F01D
:10C6A8000803082A43EA02032B6021D04FF04062B6
:10C6B800394620464FF00009FFF79CFCD8E7AB68E5
:10C6C8009B06EAD5FBF734FFA0EB0800824502D3AE
:10C6D800BAF1000FDAD1042384F84130636C43F0D7
:10C6E80001036364C4E74FF002094846BDE8F087D8
:10C6F800326810232A63EB602B6843F480132B60A5
:10C70800D4E700BF704700BF08B5006C00238363FF
:10C71800C36290F84130082B0BD103680222DA601B
:10C728001A6842F400321A601A6842F002021A606B
:10C7380008BD012380F84130FFF7E4FF08BD00BFC2
:10C74800704700BF704700BF704700BF704700BF09
:10C75800704700BF704700BF704700BF38B5036817
:10C7680004469A68196855070ED548030CD594F8FD
:10C778004120122A75D094F84120222A00F0A18085
:10C788002046FFF7E5FF38BD950726D5880324D551
:10C798000222DA601A6822F4E0221A6094F8412032
:10C7A800122A7AD094F84120222A00F0A98094F81D
:10C7B8004120022A00F0D08094F84120082AE2D1D2
:10C7C8005A690121204622F040625A6184F84110DA
:10C7D800636C3BBBFFF7B4FF38BD150725D4D507FD
:10C7E80035D5C80333D50125DD601A6822F47022D7
:10C7F8001A60626C42F0020262641A68520779D5C4
:10C808001A68E06B22F004021A60574B836506F041
:10C8180065FF0028B7D0636C204643F004036364C7
:10C8280084F84150FFF76EFF38BD0803D7D50822BA
:10C83800DA601A68520206D51A68012122F4102219
:10C848001A6084F841102046FFF784FF38BDD006EF
:10C8580099D5CA0297D510222046DA60FFF77CFFE7
:10C8680038BD9A6850078BD518460EE0626A127870
:10C8780083F82020E16A20680139626AE1620132A6
:10C88800816862624D077FF57BAFE26A002AEDD1CD
:10C89800036823F48023036072E71A68510709D5F7
:10C8A8001A68E16B22F0040209681A60CB6823F069
:10C8B8000103CB600123204684F84130FFF746FF8F
:10C8C80038BD9A6852077FF55BAF18460EE093F8BB
:10C8D8002010226B1170A16B20680139226BA163B3
:10C8E80001328168226349077FF54AAFA26B002AAB
:10C8F800EDD1CDE7204684F84150FFF703FF38BD5E
:10C908001A6852071DD49A6812F47C5F0FD111E09F
:10C9180093F82010226B1170A16B20680139226BEB
:10C92800A16301328168226311F47C5F02D0A26B9B
:10C93800002AEDD10123204684F84130FFF704FF97
:10C9480038BD1A68E16B22F0040209681A60CB68E6
:10C9580023F00103CB60EDE70123204684F8413042
:10C96800FFF7F0FE38BD00BF11C70008002800F02F
:10C97800DE81F8B503680446D80730D59F490A69AF
:10C98800896A02F03802102A00F00081182A00F0A3
:10C99800F8806368B3F5803F00F02081002B00F039
:10C9A8005E81B3F5A02F954B1A6800F02F8222F410
:10C9B80080321A601A6822F480221A60FBF7B8FDE8
:10C9C8008E4E41F28837054605E0FBF7B1FD401B66
:10C9D800B84200F2428133689A03F6D523689D076E
:10C9E80000F18580D9062FD5844A1369926A03F02D
:10C9F8003803082B00F0DA80182B00F0D280E369A6
:10CA08007E4D002B00F065812B6843F080032B607E
:10CA1800FBF78EFD064605E0FBF78AFD801B022822
:10CA280000F21B812B68DB05F6D5FBF799FD41F277
:10CA38000303984200F20B826B68226A23F0F843E2
:10CA480043EA82636B6023681D0716D563696B4DE3
:10CA5800002B00F01C816B6F43F001036B67FBF741
:10CA680067FD064605E0FBF763FD801B022800F220
:10CA7800F4806B6F9807F6D523689A0616D5A369D4
:10CA88005E4D002B00F014812B6843F480532B601B
:10CA9800FBF74EFD064605E0FBF74AFD801B022822
:10CAA80000F2DB802B689F04F6D52368590700F154
:10CAB8009B80636ACBB1514D2A6902F03802182A6B
:10CAC8006DD0022B2B6823F080732B6000F0398126
:10CAD800FBF72EFD044605E0FBF72AFD001B0228A4
:10CAE80000F2BB802B689B01F6D40020F8BD434AB6
:10CAF8001369926A13F0380329D1404BE2681B6826
:10CB0800590701D5002A4AD03C4D2B6823F0190358
:10CB180013432B60FBF70CFD064605E0FBF708FD09
:10CB2800801B022800F299802B685B07F6D5FBF77B
:10CB380017FD41F20303226998426B6800F2F08006
:10CB480023F47C3343EA02336B6023684AE7182BEB
:10CB580000F0E280294DE2682B68002A00F0CB80C3
:10CB680023F0190313432B60FBF7E2FC064604E0AD
:10CB7800FBF7DEFC801B02286FD82B685F07F7D510
:10CB8800D5E701F0030102297FF403AF1B4A1268BD
:10CB980091037FF524AF6268002A7FF420AF01205B
:10CBA800F8BD02F00302012A7FF429AF134B1B687A
:10CBB800DA0502D5E369802BF1D1FBF7D1FC41F20C
:10CBC80003030E4A9842216A00F2B380536823F0A7
:10CBD800F84343EA81635360236835E7074A1368DB
:10CBE80043F480331360E9E6054D2B6843F4807302
:10CBF8002B60FBF79DFC064609E000BF0044025885
:10CC080000480258FBF794FC801B642825D82B6841
:10CC1800DA05F7D5A368012B00F02281002B00F07C
:10CC2800FD80052B954B1A6F00F0208122F0010240
:10CC38001A671A6F22F004021A67FBF779FC8F4E05
:10CC480041F28837054604E0FBF772FC401BB84206
:10CC580003D8336F9B07F7D52BE70320F8BD874D23
:10CC680041F288372B6823F480332B602B6823F438
:10CC780080232B60FBF75CFC064604E0FBF758FCBE
:10CC8800801BB842E9D82B689B03F7D4A6E66B6FE4
:10CC980023F001036B67FBF74BFC064604E0FBF748
:10CCA80047FC801B0228D8D86B6F9907F7D4E3E6B6
:10CCB8002B6823F480532B60FBF73AFC064604E00C
:10CCC800FBF736FC801B0228C7D82B689804F7D4DA
:10CCD800EBE62B6823F080032B60FBF729FC064664
:10CCE80004E0FBF725FC801B0228B6D82B68DF057B
:10CCF800F7D42368A8E623F001032B60FBF718FCA0
:10CD0800064604E0FBF714FC801B0228A5D82B6814
:10CD18005807F7D4236865E690077FF41BAFECE665
:10CD280023F0FE4343EA02636B6023685AE601205E
:10CD38007047D36823F07C5343EA0163D3602368C8
:10CD480082E6FBF7F5FB064604E0FBF7F1FB801BE8
:10CD5800022882D82B689901F7D4A96A484BA26A9D
:10CD68000B404849454E1343E26A43EA0213AB625B
:10CD7800D4E90D32013B013A5B0212049BB202F482
:10CD8800FE021343226B013AC2F308021343E26B1B
:10CD9800013A120602F0FE4213432B63EB6A23F0BA
:10CDA8000103EB626A6BA36C114041EAC30169633A
:10CDB800EB6A226C23F00C031343EB62EB6A626CA0
:10CDC80023F002031343EB62EB6A43F48033EB6214
:10CDD800EB6A43F40033EB62EB6A43F48023EB62C3
:10CDE800EB6A43F00103EB622B6843F080732B601E
:10CDF800FBF79EFB044605E0FBF79AFB001B0228A5
:10CE08003FF62BAF33689A01F6D56EE642F48022DE
:10CE18001A601A6842F480321A60CFE5174D41F261
:10CE280088372B6F23F001032B672B6F23F0040344
:10CE38002B67FBF77DFB064605E0FBF779FB801BBC
:10CE4800B8423FF60AAF2B6F9807F6D431E6EB6885
:10CE5800226A23F07C5343EA0263EB602368F3E51C
:10CE6800064A136F43F001031367E6E642F0040233
:10CE78001A671A6F42F001021A67DEE60044025888
:10CE88000CFCFFFF0700FFFF474A136903F0380354
:10CE9800102B04D0182B0DD01BB1444870474448C0
:10CEA8007047136899064AD513684248C3F3C1030B
:10CEB800D8407047936A30B4946AD56A14F47C7F7A
:10CEC800516BC4F3051038D0C1F3CC0105F001054E
:10CED80003F0030305FB01F1012B07EE901AB8EEEE
:10CEE800E77A02D0022B2CD093B307EE900A9FED7D
:10CEF800325AF8EEE77A136BC5EE276ADFED2F5A40
:10CF0800C3F3080307EE903AB7EE006AF8EEE77A43
:10CF1800E7EE257A77EE867A66EEA76A224B1B6BD8
:10CF2800C3F34623013307EE903AB8EEE77AC6EE2C
:10CF3800877AFCEEE77A17EE900A30BC70471D48F6
:10CF4800704707EE900A9FED1E5AF8EEE77AD2E78F
:10CF580013689B0620D5146807EE900A1549F7EE6A
:10CF6800005A136BC4F3C104F8EEE77A9FED135A25
:10CF7800C3F30803E14006EE903A06EE101AF8EE05
:10CF8800E66AB8EEC66AE7EE056A86EE277A76EEB6
:10CF9800A56A66EE876AC1E707EE900A9FED095A0F
:10CFA800F8EEE77AA7E700BF0044025800093D0001
:10CFB8000024F4000090D0030024744A00000039D3
:10CFC8000024744B0024744C002800F00281874A26
:10CFD800136803F00F038B422DE9F04104460D4618
:10CFE8000CD2136823F00F030B431360136803F08C
:10CFF8000F038B4202D00120BDE8F08123685F0750
:10D008000BD57B4920698A6902F07002904204D9E5
:10D018008A6922F0700202438A611E070BD574499F
:10D028006069CA6902F07002904204D9CA6922F0A4
:10D0380070020243CA61D8060BD56D49A069CA6956
:10D0480002F4E062904204D9CA6922F4E062024321
:10D05800CA6199060BD56649E0690A6A02F070024E
:10D06800904204D90A6A22F0700202430A629A07BF
:10D0780040F1A1805E48E168826902F00F029142A6
:10D0880004D9826922F00F020A438261D80730D599
:10D09800574AA168936923F470630B4393616168ED
:10D0A8001368022900F09780032900F08E80012977
:10D0B80000F0978058079ED54D4E41F28838336965
:10D0C80023F007030B433361FBF732FA074605E009
:10D0D800FBF72EFAC01B404500F281803369626875
:10D0E80003F03803B3EBC20FF2D12368990706D5D2
:10D0F800E1683F48826902F00F028A425FD83B49E3
:10D108000A6802F00F02AA420AD90A6822F00F023E
:10D118002A430A600A6802F00F02AA427FF46BAF42
:10D128005A070BD5324920698A6902F07002904289
:10D1380004D28A6922F0700202438A611F070BD564
:10D148002B496069CA6902F07002904204D2CA6928
:10D1580022F070020243CA61DE060BD52449A06999
:10D16800CA6902F4E062904204D2CA6922F4E06219
:10D178000243CA619D060BD51D4AE169136A03F093
:10D188007003994204D2136A23F070030B431362AD
:10D19800FFF77AFE164A0346164892691649C2F303
:10D1A8000322825C0E2002F01F02D340BDE8F0414A
:10D1B8000B60FBF75BB9DA073FF56AAF9FE7826957
:10D1C80022F00F021143816199E79F013FF574AF87
:10D1D80011E7012070479B033FF56EAF0BE7032073
:10D1E8000AE7DE053FF568AF05E700BF00200052FB
:10D1F80000440258EC4701086C03002408B501F00C
:10D2080095F9064B06499B69064A03F00F03CB5C68
:10D2180003F01F03D840106008BD00BF0044025847
:10D22800EC4701087003002410B501F07FF90949A3
:10D23800094A8B69094C03F00F03D35C03F01F0301
:10D24800D8402060CB69C3F30213D35C03F01F03FB
:10D25800D84010BD00440258EC4701087003002470
:10D2680010B501F063F90949094A8B69094C03F0C3
:10D278000F03D35C03F01F03D8402060CB69C3F3CE
:10D288000223D35C03F01F03D84010BD00440258AA
:10D29800EC47010870030024F8B53A4CA36A03F080
:10D2A8000303032B67D0236806460F4623F08063E9
:10D2B8002360FBF73DF9054604E0FBF739F9431B0A
:10D2C800022B56D823681A01F7D4A36A326823F4CC
:10D2D8007C3343EA0233A362D6E90232013B013AC6
:10D2E8005B0212049BB202F4FE0213437268013A15
:10D2F800C2F3080213433269013A120602F0FE42F1
:10D308001343A363E36A726923F0C0031343E36220
:10D31800E26AB36922F020021A431B4BE262E26A16
:10D3280022F01002E262E16BF2690B4043EAC203A9
:10D33800E363E36A43F01003E362E36AEFB1012FAA
:10D348000CBF43F4801343F40013E3620D4C2368CD
:10D3580043F080632360FBF7EBF8054604E0FBF736
:10D36800E7F8401B022804D823681B01F7D50020E2
:10D37800F8BD0320F8BD0120F8BD43F40023E362A3
:10D38800E4E700BF004402580700FFFFF8B53A4C35
:10D39800A36A03F00303032B67D0236806460F46EE
:10D3A80023F080532360FBF7C3F8054604E0FBF73E
:10D3B800BFF8431B022B56D823689A00F7D4A36AF8
:10D3C800326823F07C7343EA0253A362D6E902323F
:10D3D800013B013A5B0212049BB202F4FE021343C2
:10D3E8007268013AC2F3080213433269013A12061D
:10D3F80002F0FE4213432364E36A726923F4406334
:10D408001343E362E26AB36922F400721A431B4BC6
:10D41800E262E26A22F48072E262616CF2690B40B5
:10D4280043EAC2036364E36A43F48073E362E36A32
:10D43800EFB1012F0CBF43F4000343F08073E362A4
:10D448000D4C236843F080532360FBF771F80546C1
:10D4580004E0FBF76DF8401B022804D823689B0002
:10D46800F7D50020F8BD0320F8BD0120F8BD43F42E
:10D478008003E362E4E700BF004402580700FFFFAF
:10D488002DE9F8430368044613F0006622D0426E83
:10D49800B2F5001F00F0CE8411D8002A00F0F884FD
:10D4A800B2F5801F40F0F18402210430FFF7F4FE4A
:10D4B8000646002E40F08684626E236803E0B2F5CB
:10D4C800401F40F0E284A8480026016D21F4401175
:10D4D8000A430265DD050AD5626D042A06D8DFE82D
:10D4E80012F0A20493049A04DF02DF0201263546F3
:10D4F80098051BD5A26D802A00F05B8400F2EC80B1
:10D50800002A00F08B83402A40F0ED800021201D86
:10D51800FFF7C2FE23680546002D40F06783924955
:10D52800A06D0A6D22F4E07202430A6559051FD501
:10D53800D4F8A420B2F5800F00F0478400F2D6801A
:10D54800002A00F07183B2F5001F40F0D780002157
:10D55800201DFFF7A1FE23680546002D40F04483F7
:10D568008149D4F8A4008A6D22F4600202438A65D6
:10D578001A051FD5D4F8A820B2F1007F00F02E8438
:10D5880000F2BF80002A00F05583B2F1807F40F09E
:10D59800C0800021201DFFF77FFE23680546002D6F
:10D5A80040F02A837049D4F8A8008A6D22F0E0621E
:10D5B80002438A659F0118D5A26C202A00F0DA83FD
:10D5C80000F2AA803AB1102A40F0A9806649CA6AD6
:10D5D80042F40032CA62002D40F059836249A06CBF
:10D5E800CA6C22F030020243CA64D8041DD5E26D29
:10D5F800B2F5005F00F0FB8300F29480002A00F08F
:10D608001F83B2F5805F40F095800021201DFFF751
:10D6180043FE23680546002D40F0EC825249E06D38
:10D628000A6D22F4E04202430A6599041AD5226E73
:10D63800B2F5003F00F074837FD84AB1B2F5803F5D
:10D6480040F083800121201DFFF726FE2368054650
:10D65800002D40F01E834449206E0A6D22F4E0221A
:10D6680002430A655A041BD5D4F8AC20B2F1005F16
:10D6780000F060836CD842B1B2F1805F70D10121B3
:10D68800201DFFF709FE23680546002D40F003839F
:10D698003549D4F8AC008A6D22F0E04202438A652D
:10D6A8001F040DD5E26EB2F1805F00F03183B2F154
:10D6B800005F00F00182002A00F00482012635464E
:10D6C800D8015DD5626C032A00F20A84DFE812F003
:10D6D800540017034E005400C02A3FF41DAFB2F5A2
:10D6E800807F3FF419AF012635461FE7B2F5C00F1A
:10D6F8003FF433AFB2F5000F3FF42FAF01263546A4
:10D7080036E7B2F1407F3FF44AAFB2F1806F3FF4A1
:10D7180046AF012635464DE7302A3FF45CAF012677
:10D72800354662E7B2F5405F3FF475AFB2F5804F1A
:10D738003FF471AF0126354677E722F48031B1F521
:10D74800802F85D0B2F5403F82D00126354689E743
:10D7580022F08051B1F1804F97D0B2F1405F94D060
:10D76800012635469CE700BF004402580221201DCF
:10D77800FFF792FD23680546002D00F06B822E46C8
:10D78800590200F1F081DF072FD5A26F282A2AD885
:10D79800DFE812F0D3012900290029002900290017
:10D7A800290029006D0329002900290029002900E2
:10D7B80029002900CC012900290029002900290075
:10D7C80029002900D301290029002900290029005E
:10D7D80029002900D301290029002900290029004E
:10D7E80029002900D30101263546980716D5626F0E
:10D7F800052A00F27883DFE812F00D0030030600F6
:10D808000D000D000D00012104F12400FFF7BEFDFD
:10D8180023680546002D00F025822E46590717D5A6
:10D82800D4F89020052A00F26183DFE812F00D0099
:10D838000C0306000D000D000D00012104F1240069
:10D84800FFF7A4FD23680546002D00F013822E463D
:10D858009A061DD5D4F88C20B2F1005F00F04582FD
:10D8680000F2DC804AB1B2F1805F40F0E180002133
:10D87800201DFFF711FD23680546002D40F00582A5
:10D88800A949D4F88C004A6D22F0E04202434A6567
:10D898005F061DD5D4F89820B2F5006F00F05482C9
:10D8A80000F2C9804AB1B2F5806F40F0CE80002105
:10D8B800201DFFF7F1FC23680546002D40F0C881C4
:10D8C8009949D4F898008A6D22F4E05202438A6597
:10D8D80018061DD5D4F89C20B2F5804F00F03F8281
:10D8E80000F2B6804AB1B2F5005F40F0BB8000217B
:10D8F800201DFFF7D1FC23680546002D40F0A681C6
:10D908008949D4F89C008A6D22F4604202438A65F2
:10D9180019070BD5D4F88010B1F5805F00F03E826E
:10D928008148426D22F440520A434265DA060BD51B
:10D93800D4F89410B1F5807F00F025827A48826D82
:10D9480022F440720A4382651F030ED5D4F8A01052
:10D95800B1F5803F00F0D480B1F5003F00F0D780EA
:10D96800002900F0BA810126354658030FD5D4F8AE
:10D978008420B2F5001F00F0B080B2F5401F00F01F
:10D98800B380B2F5801F00F0A08101263546D90387
:10D9980009D5E26C002A00F08681B2F5803F00F0DC
:10D9A8002D81012635469A0000F1D2809F035CD470
:10D9B800301E18BF0120DE0206D55B49256F0A6DAF
:10D9C80022F000422A430A65DD0007D55649D4F8FB
:10D9D800B4500A6922F480422A430A61990206D5A2
:10D9E8005149A56E0A6D22F080722A430A655A00D1
:10D9F80009D54D4A116921F4004111611169D4F822
:10DA0800B85029431161002B06DA474A216DD36CBF
:10DA180023F040530B43D364BDE8F88322F08051D0
:10DA2800B1F1804F3FF429AFB2F1405F3FF425AF29
:10DA3800012635462CE722F48061B1F5805F3FF47A
:10DA48003CAFB2F5406F3FF438AF012635463FE7AB
:10DA580022F40051B1F5004F3FF44FAFB2F5C04F7B
:10DA68003FF44BAF0126354652E7E26FB2F5807FAF
:10DA780000F0228106D922F48071B1F5007F03D02D
:10DA8800012098E7002AFBD1002DF9D1264D301E40
:10DA9800696D18BF012021F440710A436A658AE75D
:10DAA8003546002D40F0A4801F49606D0A6D22F0B4
:10DAB800070202430A651BE50121201DFFF7ECFB65
:10DAC80023680546002D40F0DE801749E06E0A6D98
:10DAD80022F0405202430A65F2E5012104F12400D4
:10DAE800FFF754FC23680546002D40F0DA800E4904
:10DAF800D4F884004A6D22F4401202434A6546E78E
:10DB0800022104F12400FFF741FC23680546002D9B
:10DB180040F0C5800449D4F8A0008A6D22F4403250
:10DB280002438A6521E700BF00440258012104F13D
:10DB38002400FFF72BFC23680546002D40F0AD803C
:10DB4800AF49A06F4A6D22F0380202434A654CE69D
:10DB5800022104F12400FFF719FC236800283FF490
:10DB680025AF012622E7A74F3B6843F480733B604B
:10DB7800FAF7DEFC804606E0FAF7DAFCA0EB0800CC
:10DB8800642800F27E813B68DA05F5D5002D40F067
:10DB9800A4819B4AD4F8B030116F594011F4407FEA
:10DBA8000BD0116F106F21F4407140F48030106772
:10DBB800106F20F4803010671167B3F5807F00F094
:10DBC8006E8103F44072B2F5407F00F07C818C498D
:10DBD8000A6922F47C520A61894AC3F30B03116F64
:10DBE8000B4313672368CEE52E46C1E42E469DE419
:10DBF8002E467DE42E4618E52E46DBE40221201D44
:10DC0800FFF74AFB05462368002D53D17C49E06C99
:10DC1800CA6C22F480320243CA64C4E67849CA6AEC
:10DC280042F40032CA6277E47549CA6A42F40032A3
:10DC3800CA6292E47249CA6A42F40032CA62AEE425
:10DC48006F49CA6A42F40032CA62E4E42E465FE6CB
:10DC58002E463DE66A49606CCA6C22F00302024314
:10DC6800CA648DE56649606F4A6D22F00702024377
:10DC78004A65D3E56249D4F890008A6D22F007021C
:10DC880002438A65E4E52E461AE52E4600E62E464E
:10DC9800ABE42E46E6E42E4602E52E46A5E52E46E2
:10DCA80063E62E4673E65649CA6A42F40032CA62EF
:10DCB800002DABD02E4676E65148C16A41F40031BA
:10DCC800C162002D7FF4DCAEE0E64D49CA6A42F439
:10DCD8000032CA62002DE4D109E7201DFFF7DCFA03
:10DCE80005462368002DDAD114E7022104F1240047
:10DCF800FFF74CFB05462368002DC6D1C0E5404917
:10DD0800CA6A42F40032CA62002D7FF438ADA1E736
:10DD18003B49CA6A42F40032CA62002DB3D1D4E644
:10DD2800012104F12400FFF731FB05462368002D8B
:10DD3800AFD190E4012104F12400FFF727FB054649
:10DD48002368002DA7D1A3E4022104F12400FFF7E2
:10DD58001DFB05462368002D7FF47AAFB0E502214C
:10DD680004F12400FFF712FB05462368002D7FF419
:10DD78006DAFC5E50221201DFFF78EFA0546236821
:10DD8800002D84D12AE4022104F12400FFF7FEFAD1
:10DD9800236800283FF4D8AD0126D5E5022104F117
:10DDA8002400FFF7F3FA236800283FF4BFAD0126EB
:10DDB800BCE5002104F12400FFF7E8FA23680546D2
:10DDC800FFF7AABB2368FFF785BB002104F12400F5
:10DDD800FFF7DCFA23680546FFF7BFBB002104F113
:10DDE8002400FFF7D3FA23680546FFF7D8BB0021C4
:10DDF80004F12400FFF7CAFA236805460BE400BFC4
:10DE080000440258004802580021201DFFF744FA38
:10DE18002368054645E6002104F12400FFF7B6FA19
:10DE2800236805463DE633493546CA6A42F400325E
:10DE3800CA6236E602212430FFF7A8FA0646002E09
:10DE48003FF43AABBEE70121201DFFF725FA05464E
:10DE58002368002D7FF4FBAC0CE70121201DFFF7A0
:10DE68001BFA05462368002D7FF4D7ACFAE601219A
:10DE7800201DFFF711FA05462368002D7FF40DAF2A
:10DE88005EE60326236835467DE40126FFF722BBBC
:10DE98001848C16A41F40031C162FFF714BBFAF7B0
:10DEA80047FBDFF85080074641F2883904E0FAF76B
:10DEB8003FFBC01B4845E4D8D8F870309B07F6D51F
:10DEC800D4F8B0307DE60B480B4A016902EA131218
:10DED80021F47C510A4302617EE623682E4652E40F
:10DEE800012635464CE40126354697E40126354699
:10DEF800AEE400BF00440258CFFFFF0008B5FFF7AB
:10DF08007DF9054B054A1B6AC3F30213D35C03F082
:10DF18001F03D84008BD00BF00440258EC47010861
:10DF2800584B70B4996A9D6ADE6A15F47C3FC5F354
:10DF38000532DC6B5CD0C4F3CC0406F0100601F0AB
:10DF4800030106FB04F4012907EE904AB8EEE77ACC
:10DF580003D0022975D000294FD007EE902ADFEDB3
:10DF68004A6AF8EEE77A9B6B86EEA76A9FED475AF6
:10DF7800C3F3080306EE903AF7EE005AF8EEE66AA5
:10DF8800E7EE056A76EEA56A66EE266A3D4AB7EEC2
:10DF9800006A936BC3F3462307EE103AB8EEC77ACC
:10DFA80070BC37EE067AC6EE877AFCEEE77AC0EDEB
:10DFB800007A936BC3F3064307EE103AB8EEC77ABC
:10DFC80037EE067AC6EE877AFCEEE77AC0ED017A7C
:10DFD800936BC3F3066307EE903AF8EEE77A77EEB1
:10DFE800867A86EEA77ABCEEC77A80ED027A704709
:10DFF80070BCC0E90022826070471968890627D57D
:10E008001C6807EE902A2249F7EE005A9B6BC4F36E
:10E01800C102F8EEE77A9FED1D5AC3F30803D14019
:10E0280006EE903A06EE101AF8EEE66AB8EEC66A00
:10E03800E7EE056A86EE277A76EEA56A66EE876AC7
:10E04800A4E707EE902ADFED136AF8EEE77A8AE78D
:10E0580007EE902A9FED105A9B6BB7EE006AF8EE18
:10E06800E77ADFED0A5AC3F30803C5EE276A07EE1D
:10E07800903AF8EEE77AE7EE257A77EE867A66EE5A
:10E08800A76A83E7004402580024744A0000003954
:10E098000090D0030024744B0024744C584B70B487
:10E0A800996A9D6ADE6A15F07C7FC5F305525C6C3F
:10E0B8005CD0C4F3CC0406F4807601F0030106FBBF
:10E0C80004F4012907EE904AB8EEE77A03D0022952
:10E0D80075D000294FD007EE902ADFED4A6AF8EE96
:10E0E800E77A1B6C86EEA76A9FED475AC3F30803CD
:10E0F80006EE903AF7EE005AF8EEE66AE7EE056AA1
:10E1080076EEA56A66EE266A3D4AB7EE006A136C9B
:10E11800C3F3462307EE103AB8EEC77A70BC37EE61
:10E12800067AC6EE877AFCEEE77AC0ED007A136CC1
:10E13800C3F3064307EE103AB8EEC77A37EE067A0D
:10E14800C6EE877AFCEEE77AC0ED017A136CC3F36A
:10E15800066307EE903AF8EEE77A77EE867A86EE6F
:10E16800A77ABCEEC77A80ED027A704770BCC0E926
:10E178000022826070471968890627D51C6807EE57
:10E18800902A2249F7EE005A1B6CC4F3C102F8EE3C
:10E19800E77A9FED1D5AC3F30803D14006EE903A83
:10E1A80006EE101AF8EEE66AB8EEC66AE7EE056AF9
:10E1B80086EE277A76EEA56A66EE876AA4E707EE0A
:10E1C800902ADFED136AF8EEE77A8AE707EE902ADD
:10E1D8009FED105A1B6CB7EE006AF8EEE77ADFED98
:10E1E8000A5AC3F30803C5EE276A07EE903AF8EE19
:10E1F800E77AE7EE257A77EE867A66EEA76A83E70E
:10E20800004402580024744A000000390090D003EA
:10E218000024744B0024744C584B70B4996A9D6A5E
:10E22800DE6A15F47C7FC5F305125C6B5CD0C4F321
:10E23800CC0406F0010601F0030106FB04F40129F1
:10E2480007EE904AB8EEE77A03D0022975D0002984
:10E258004FD007EE902ADFED4A6AF8EEE77A1B6B9B
:10E2680086EEA76A9FED475AC3F3080306EE903A75
:10E27800F7EE005AF8EEE66AE7EE056A76EEA56A6A
:10E2880066EE266A3D4AB7EE006A136BC3F346236F
:10E2980007EE103AB8EEC77A70BC37EE067AC6EECB
:10E2A800877AFCEEE77AC0ED007A136BC3F3064376
:10E2B80007EE103AB8EEC77A37EE067AC6EE877AD6
:10E2C800FCEEE77AC0ED017A136BC3F3066307EE41
:10E2D800903AF8EEE77A77EE867A86EEA77ABCEE81
:10E2E800C77A80ED027A704770BCC0E9002282606C
:10E2F80070471968890627D51C6807EE902A2249B5
:10E30800F7EE005A1B6BC4F3C102F8EEE77A9FEDF3
:10E318001D5AC3F30803D14006EE903A06EE101AD0
:10E32800F8EEE66AB8EEC66AE7EE056A86EE277A80
:10E3380076EEA56A66EE876AA4E707EE902ADFED17
:10E34800136AF8EEE77A8AE707EE902A9FED105AEB
:10E358001B6BB7EE006AF8EEE77ADFED0A5AC3F3F3
:10E368000803C5EE276A07EE903AF8EEE77AE7EE7B
:10E37800257A77EE867A66EEA76A83E70044025824
:10E388000024744A000000390090D0030024744B24
:10E398000024744CB0F5807F00B585B048D0B0F546
:10E3A800007F11D0B0F5806F00F08280B0F5006F6B
:10E3B80052D0B0F5805F2CD0B0F5002F00F09680D9
:10E3C800002005B05DF804FB534A136D03F4E073B5
:10E3D800802B59D012D9C02B26D0B3F5807FEFD12E
:10E3E800D36C13F040535BD0B3F1805F00F08D80A5
:10E3F800B3F1005F494818BF0020E2E7002B3CD08A
:10E40800402BDDD101A8FFF78BFD019805B05DF821
:10E4180004FB414A136D03F4E043B3F5005F33D0C6
:10E4280029D9B3F5405F58D13D4805B05DF804FBE4
:10E43800394B1B6D03F00703042BC1D801A252F816
:10E4480023F000BF83E400080DE4000891E400080D
:10E4580031E400089FE400082F4A936D03F0E0635D
:10E46800B3F1007F10D01DD9B3F1407FDCD0B3F1F8
:10E47800806FB5D0A4E7002B34D101A8FFF7CCFEFC
:10E48800029805B05DF804FB01A8FFF707FE0198A4
:10E4980005B05DF804FB204BDB6C13F04053A3D1AF
:10E4A80020488EE7002BE8D0B3F1807FAAD087E719
:10E4B800194A936D03F46003B3F5800FE4D005D8CF
:10E4C800002BDAD0B3F5001F9CD079E7B3F5C00F65
:10E4D800AAD0B3F5000F83D072E7B3F5804F3FF4AD
:10E4E8007FAF6DE7B3F5805F8CD069E70A4A936D1B
:10E4F80003F44033B3F5803F09D0B3F5003F3FF450
:10E508006FAF002B7FF45CAF7CE7074859E701A8A1
:10E51800FFF7C4FD039854E7004402580024F400B0
:10E528000080BB000090D00300093D0008B5FEF74D
:10E53800ABFC064B06499B69064AC3F30323CB5C35
:10E5480003F01F03D840106008BD00BF0044025804
:10E55800EC4701086C030024F8B501680546AC4B8C
:10E5680099421FD0203399421CD003F57873994201
:10E5780058D02033994255D003F57873994200F06A
:10E588001E812033994200F01A8195F89130A14EEE
:10E5980003F0FF026BB9284685F89020F7F76EF86C
:10E5A800296806E09C4E95F8913003F0FF02002B95
:10E5B800F1D09A4B9A4A1B68A2FB03230A681B0BEB
:10E5C80022F480329B000A6023B30C68013B14F4E8
:10E5D8008034F9D1022385F89130EB68012B00F0E3
:10E5E8001081022B15BF032023200227222715BFE5
:10E5F8004FF0010C4FF0210C00222022AB68013BA8
:10E60800042B00F24B81DFE813F0CF001000D60096
:10E618000F00D200D5F89430012043F04003C5F82C
:10E628009430F8BD7F4EBEE73A464FF400672B6A38
:10E638003260002B44D0764B994200F01E817A4814
:10E64800081AB0FA80F04009002840F01681774B8C
:10E65800994200F00C812033994200F00881744BF4
:10E66800994200F0FE802033994200F0FA80714B05
:10E67800994200F00881704B994200F00A81AB6919
:10E6880000EB8000B3F5002F4FEA400300F0E28072
:10E69800AA6A296AB2F1806F0CBF0222012201FB2B
:10E6A80002F21202B3FBF2F3644AA2FB0312D2088D
:10E6B80002EB8201A3EB4103092B08BF01326A6216
:10E6C8006B6833F002032B6D40F09680012B14BF6A
:10E6D8004FF400740024F9F743FF696CB0F5005F4C
:10E6E800D5E9003242EA0102A96C42EA0102E96C6A
:10E6F80042EA0102E96A42EA0102696942EA010260
:10E7080072D3A96918680A43A96A0A434C490140A7
:10E71800196029690A4319680A43696A42EA015279
:10E7280048493A4322431A605A68286B1140EA69FB
:10E738000243686B5960024359680A4342495A6068
:10E748009A6811406A6E9960E96D98680A43296E63
:10E758000A43696D01390A43A96D013942EA012268
:10E7680002434FF220009A60D968AA6E0140D9602E
:10E77800E96ED8680A43696F42EA0142296F013994
:10E7880042EA0122224902438B42DA6019D0294A1F
:10E79800934216D000230122C5F89430184685F814
:10E7A800903085F89120F8BD4FF480673FE7024626
:10E7B8004FF400673BE762464FF4006737E7234EA4
:10E7C800F1E6736C23F00103736495F83830012B7C
:10E7D800E0D1D5E90F23013A43EA02137364736C5D
:10E7E80043F001037364D5E7A96918680A43184917
:10E7F80001401960A96A8DE7012B08BF4FF4007426
:10E8080069E7132012274FF0110C1022F6E600BF1B
:10E818000458014000540058005801406C0300247B
:10E828001BECCB95005C014024580140045C01407E
:10E83800046001400454005824540058CDCCCCCC7A
:10E8480010C005F0F01FFFFF0080F8FF00600140D6
:10E8580010C005F82A6A696D01FB02F2B3FBF2F3F6
:10E8680022E74FF40070FFF795FD2968FFE64FF4A3
:10E878000070FFF78FFD2968F1E64FF48070FFF70D
:10E8880089FD2968E3E64FF48060FFF783FD296876
:10E89800F1E64FF40060FFF77DFDF0E60027C6E6DD
:10E8A800022938B5044635D9C81E012830D80020B9
:10E8B80023676064E064E065A0664FF6FF706067F8
:10E8C800606830F002000CBF0125002504294FF4D0
:10E8D800003125650CBF01200D2021664FF48021F1
:10E8E800A0656166032A13D8DFE802F0474E543664
:10E8F8002368484A934205D002F1C052A2F58232F9
:10E90800934205D16368012B02D1636C002B2FD091
:10E91800012038BD002023676064E064A066606859
:10E9280030F0020014BF0120002020654FF4803031
:10E93800E0654FF6FF70606713F00100E8D14D1EE7
:10E94800012D29D860664FF400302066032ADFD8ED
:10E95800DFE802F05546362CE0215B018022A164F5
:10E968006365E266F9F7FCFD94F83830012BBFD0F7
:10E978002046BDE83840FFF7EFBD80211B0140224B
:10E98800A1646365E266EDE780225B01A2646365CA
:10E99800E266E7E7C021E0E720664FF48020606682
:10E9A800032AB5D8DFE802F02B1C0C025B08E02034
:10E9B80080219A01A0645B01E166C4E91523D1E7CF
:10E9C8005B08C022802502294FEA8310A2644FEA1F
:10E9D8004313E5666065A365C4D10823A366C1E750
:10E9E8005B08802202294FEA8310A2644FEA43138E
:10E9F800E266C4E91503B5D11023A366B2E75B0844
:10EA0800802040215A01A0641B01E166C4E9152356
:10EA1800A8E700BF045801402DE9F8430F46044613
:10EA28001546F9F785FD002F61D0B5FA85F84FEA4C
:10EA38005818002D5BD094F89130012B5FFA83F9B8
:10EA480050D194F89030012B4CD04346C4F89480B0
:10EA58000646D4F8800065F30F03226884F8909086
:10EA6800394665F31F43A7671C32E3672B46122517
:10EA780084F891502E4DC0F8508005642D4DC56323
:10EA88002D4DC564FBF700F800283ED1636C082BB8
:10EA9800636831D005216122023B012B98BF1146E2
:10EAA800226813690B431361136843F4003313603E
:10EAB80006E0F9F73DFD831BB3F57A7F2AD8226873
:10EAC800556915F4E025F4D01368DB0303D4136803
:10EAD80043F4803313600023994684F89030484605
:10EAE800BDE8F8834FF002094846BDE8F8834FF0C7
:10EAF80001094846BDE8F88323F00202012A0BBF4A
:10EB08001521052171226122C6E7484684F89080C4
:10EB1800BDE8F883D4F894304FF0030984F8905096
:10EB280043F040034846C4F89430BDE8F88300BF7A
:10EB380081EC000819EC000801ED0008F8B500297F
:10EB48004ED0B2FA82F513466D09002A48D090F8E3
:10EB580091200446012AD6B23FD190F89020012A8C
:10EB68003BD081670A462946222780F8906063F3E4
:10EB78000F01C0F8945063F31F41C167D0F88400B7
:10EB880084F891701E4F216807641E4F1C3105657B
:10EB9800C7631D4FC764FAF777FF20BB23681A685D
:10EBA800D20303D41A6842F480321A60626C082ACD
:10EBB80062681CD005216120023A012A98BF0146EB
:10EBC8001A6900200A4306461A611A6842F400329C
:10EBD8001A6084F890003046F8BD02263046F8BD29
:10EBE80001263046F8BD304684F89050F8BD22F032
:10EBF800020101290BBF1521052171206120DBE7E6
:10EC0800F1EC00088DEC000801ED0008704700BF2A
:10EC180008B5C369806BB3F5807F1BD003684FF0DC
:10EC2800000C416C1A680829A0F87EC022F4003252
:10EC38001A60426811D06FF0610C6FF00501023A5A
:10EC4800012A98BF61461A694FF0010C0A401A61FF
:10EC580080F891C0FFF7DAFF08BD22F00201012910
:10EC68000BBF6FF0710C6FF0610C6FF015016FF056
:10EC78000501E4E7704700BF806B08B5FFF7FAFFAE
:10EC880008BD00BF08B5C369806BB3F5807F1BD092
:10EC980003684FF0000C416C1A68082922F400320E
:10ECA8001A604268A0F87EC011D06FF0610C6FF056
:10ECB8000501023A012A98BF61461A694FF0010C12
:10ECC8000A401A6180F891C0F6F7DEFD08BD22F00F
:10ECD800020101290BBF6FF0710C6FF0610C6FF02E
:10ECE80015016FF00501E4E7806B08B5F6F790FDB4
:10ECF80008BD00BF704700BF10B5846BFBF7CEFBA3
:10ED0800022823D0D4F89420216842F08002134BC3
:10ED18001348C4F894201B680A68A0FB030322F474
:10ED280000321B0B0A600A689B0022F480320A60DA
:10ED38006BB10A68013BD203FAD4012200232046B2
:10ED480084F89120A4F87E30FFF7D4FF10BDD4F8E2
:10ED5800943043F04003C4F89430EEE76C03002489
:10ED68001BECCB9518B338B590F82C3004460D46FB
:10ED780003F0FF02B3B12146022384F82C3051F886
:10ED8800040B02F0FFFF62682946206803F038F898
:10ED9800084A01210020136843F00043136084F8F7
:10EDA8002C1038BD80F82D20F3F704FFE3E701208D
:10EDB800704700BF0040005270B590F82C300446F0
:10EDC800022BD8B204D000F0FB06012E01D001209E
:10EDD80070BD02230D46206884F82C3003F05CF8DF
:10EDE8002B68022B03D0002084F82C6070BD05230B
:10EDF800002084F82C3070BD38B590F82C300446CB
:10EE0800022BD8B205D094F82C30012BDDB201D0FA
:10EE1800012038BD0223206884F82C3003F050F814
:10EE2800002084F82C5038BD03682C495A6910B466
:10EE38009C6944F008049C619C6944F010049C613E
:10EE48001C6824F001041C601C6921401961996840
:10EE580021F44041996090F88110042901D091066D
:10EE680030D490F88110032901D054061FD491059D
:10EE780009D5D0F8841041F00101C0F884109969CF
:10EE880041F400719961D20509D5D0F8842042F087
:10EE98000802C0F884209A6942F480729A610023BB
:10EEA8005DF8044BA0F86230A0F86A307047D0F8DB
:10EEB800841041F00401C0F88410996941F04001C0
:10EEC8009961D4E7D0F8841041F08001C0F884102B
:10EED800996941F020019961C3E700BF90FCFFFFE9
:10EEE800002800F0A48002680021F8B5514B0446C0
:10EEF80081629A4216D0A3F578439A4212D003F55C
:10EF08008063C0689A4200F08A800F2808D8E16BB5
:10EF180000F108034D09DB0805FB0333082B15D95D
:10EF28000120F8BDE068E16B00F10803414E4D098E
:10EF3800DB0805FB0333404DAA4218BFB24203D099
:10EF480005F58065AA4201D1102BE9D894F88130E3
:10EF580003F0FF05002B58D0002702236568A66B35
:10EF680084F88130136823F001031360A369B3F1B7
:10EF7800806F3ED03943676B3B43676A3B432769E1
:10EF88003B4367693B43276A3B43E76C3B43A768BE
:10EF98003B43A76C3B43A76D3B432B433343E66995
:10EFA800314308439060D360B5B9936823F4C053E4
:10EFB80043F400639360936823F4C06343F480636D
:10EFC8009360136D23F00103136500200123C4F837
:10EFD800840084F88130F8BD136D23F001031365B4
:10EFE8006B02F2D5D368616D23F000430B43D36005
:10EFF800EBE7B5F5800FBDD1002EBBD1D2F800C02C
:10F008004CF4805CC2F800C0B4E7204684F8805015
:10F01800F7F7BEF82268A76AE16BE0689DE7E16B45
:10F0280000F108034D09DB0805FB03338CE70120D9
:10F03800704700BF00300140003800402DE9F84318
:10F048001D4690F88030012B7FD001230446894665
:10F05800904680F88030F9F76BFA94F881300646CC
:10F06800012BDFB26AD1B9F1000F00F0F880B8FACD
:10F0780088F35B09B8F1000F00F0F18003226366A2
:10F08800A4F8683084F88120C4F88430A4F8628039
:10F09800A4F86A302168C4F85C90A4F86080C4E9D8
:10F0A8001C33A368B3F5C02F03D10B6843F4006386
:10F0B8000B604A68A54B134043EA08034B600B6892
:10F0C80043F001030B606368B3F5800F03D10B684D
:10F0D80043F400730B60E3680F2B75D8072BB4F863
:10F0E80062309BB252D9002B00F01481CDB9D4E024
:10F0F800B4F862309BB2012B40F2E680E36B002B40
:10F1080000F0E280E26D52F8043B0B62B4F8623022
:10F11800E265023B9BB2A4F86230B4F862309BB25D
:10F1280003B34B699807E3D4F9F702FA801B8542C9
:10F1380002D8691C40F081802168EEE7002302278D
:10F1480084F880303846BDE8F88302273846BDE8A1
:10F15800F883F9F7EDF9801B854202D86A1C40F064
:10F16800E28021684B691907F3D52046FFF75CFE5A
:10F178000122002384F88120D4F8847084F8803038
:10F18800FF1A18BF01273846BDE8F883002B00F0A6
:10F19800C1804B699B0740F1B280B4F862309BB2E2
:10F1A800032B7ED9E36B402B7BD9E36D53F8042BFB
:10F1B8000A62E365B4F86230043B9BB2A4F862309B
:10F1C800B4F862309BB2E1E7B4F862309BB2002B2E
:10F1D80000F0A08085B92BE0E36D53F8042B0A6298
:10F1E800B4F86220E365013A92B2A4F86220B4F858
:10F1F80062309BB2002BB5D04B699A07ECD4F9F773
:10F2080097F9801B854201D86B1C16D12168EEE75F
:10F21800E26D52F8043B0B62B4F86230E265013BE0
:10F228009BB2A4F86230B4F862309BB2002B74D061
:10F238004B699D07ECD4F9F77BF92046FFF7F4FDFD
:10F24800D4F884300021012243F48073384684F8CE
:10F258008010C4F8843084F88120BDE8F883002346
:10F26800384684F88030BDE8F883B4F862309BB241
:10F27800012B5FD9E36B002B5CD0E26D52F8043BA5
:10F288000B62B4F86230E265023B9BB2A4F86230CC
:10F29800B4F862309BB2002B3FD04B699A07CAD5AD
:10F2A800E3E7B4F862309BB2012B19D9E36BBBB129
:10F2B800E36D33F8022B0A84E365B4F86230023B4D
:10F2C8009BB2A4F862307BE7E26D32F8023B0B8414
:10F2D800B4F86230E265013B9BB2A4F862301CE7E7
:10F2E800E36D1B7881F82030E36D21680133E36515
:10F2F800B4F86230013B9BB2A4F8623060E7F9F7DA
:10F3080017F9801BA84201D3681C96D1002D94D010
:10F31800216855E7002D7FF425AF4B691B073FF5A2
:10F3280024AFF9F705F9D4F8843043F02003C4F882
:10F3380084301AE7E26D32F8023B0B84B4F862308D
:10F34800E265013B9BB2A4F86230A1E70000FFFF31
:10F35800F8B590F88030012B00F08C8090F881305F
:10F36800154601220446DEB2934280F880206AD115
:10F37800002963D0B5FA85F35B09002D5ED003221E
:10F388004366A0F8683080F88120C0F88430A0F87F
:10F398006250A0F86A30C165A0F86050C0E91C331B
:10F3A8008368B3F5C02F04D10268136843F400637F
:10F3B8001360E368A06F0F2B4BD98369B3F5804FB7
:10F3C8003CD122683A4B3B4F2032036452F8183C38
:10F3D800C763394F23F40043C7640027076542F821
:10F3E800183CB4F862309BB2FAF74EFB002844D1BF
:10F3F800A36F324ADB69B3F5807F2368596802EA54
:10F40800010218BF2A435A609A68616842F40042B0
:10F41800B1F5800F9A601A6942F448721A611A6845
:10F4280042F001021A6003D11A6842F400721A60AD
:10F4380000231E4684F880303046F8BD002384F847
:10F4480080303046F8BD0023022680F880303046F0
:10F45800F8BD072B83691AD8B3F5005F20D0B3F540
:10F46800804FAED1B4F862309BB203339B08A4F846
:10F478006230A6E702263046F8BDD4F8843001226F
:10F4880043F01003C4F8843084F88120D9E7B3F539
:10F49800804F05D0B3F5005FD0D1B3F5804F90D140
:10F4A800B4F862309BB201335B08A4F8623088E795
:10F4B80011F9000895F800083DF900080000FFFF61
:10F4C80070B51D4690F88030012B00F0B9800123FB
:10F4D800044680F8803090F881304068DBB2B0F59F
:10F4E800800F7DD0012B40F08580002D18BF002AA9
:10F4F80071D000296FD094F88130042B02D00523F5
:10F5080084F881300023E1652168C4F88430A4F8C8
:10F518006250A4F86A50A4F860506266A4F8685073
:10F52800C4E91C338B6823F440438B60E3680F2BDA
:10F5380065D9E06F8369B3F5804F4CD194F8813079
:10F54800042B00F08A805E4B03645E4BC3635E4EFF
:10F558003031B4F86A30C66400269BB20665FAF703
:10F5680093FA00286ED12268A16F9368203243F481
:10F57800804342F8183CB4F86230C1E90F00C1E991
:10F5880013009BB20846E16DFAF77EFA002859D1BC
:10F59800A36FDB69B3F5807F236863D059684B4A52
:10F5A8000A402A435A609A68616842F40042B1F5F9
:10F5B800800F9A601A6942F458721A611A6842F008
:10F5C80001021A6003D11A6842F400721A6000231B
:10F5D80084F8803070BD0023012084F8803070BD2D
:10F5E800A06800287FF47EAF042B3FF47EAF012B88
:10F5F8003FF47BAF0023022084F8803070BD072BD6
:10F6080035D8A36F9B69B3F5005F50D0B3F5804F31
:10F6180006D1B4F862309BB203339B08A4F8623079
:10F62800E06F8369B3F5005F39D0B3F5804F85D1BA
:10F63800B4F86A309BB203339B08A4F86A307DE7BC
:10F64800022070BDD4F88430012243F01003104624
:10F65800C4F8843084F8812070BD1D4B03641D4BB1
:10F66800C36374E75968194A0A405A609BE7E06F18
:10F678008369B3F5005F02D0B3F5804FABD1A66FB5
:10F68800B669B6F5804F06D1B4F86260B6B20136F5
:10F698007608A4F86260B3F5804F7FF44FAFB4F8F2
:10F6A8006A309BB201335B08A4F86A3046E7B4F8C5
:10F6B80062309BB201335B08A4F86230B0E700BF48
:10F6C80031F90008E5F800083DF900080000FFFFDF
:10F6D80021F90008BDF800082DE9F04115468268B7
:10F6E80004460E4622B94368B3F5800F00F09580B2
:10F6F80094F88030012B00F09980012384F8803041
:10F7080094F88130012BDFB269D1002E61D0B5FAAF
:10F7180085F35B09002D5CD00421B2F5C02F666625
:10F7280084F88110A4F86850C4F88430A4F86030D4
:10F73800A4F86A50A4F86230C4E91C3304D12268E2
:10F74800136823F400631360E3680F2B4ED9E06F4E
:10F758008369B3F5804F3CD121688B6823F48043DB
:10F768008B603246454EB4F86A3030310664444EF8
:10F778009BB2C663434EC66400260665FAF784F951
:10F78800002857D1E36F404ADB69B3F5807F2368CF
:10F79800596802EA010218BF2A435A609A686168E8
:10F7A80042F48042B1F5800F9A601A6942F45072AF
:10F7B8001A611A6842F001021A6003D11A6842F409
:10F7C80000721A6000231F4684F880303846BDE86E
:10F7D800F081002384F880303846BDE8F0810023AA
:10F7E800022784F880303846BDE8F081072B2BD8F3
:10F7F8002168E06F8B6823F480438B608369B3F5DD
:10F80800005F32D0B3F5804FABD1B4F86A309BB209
:10F8180003339B08A4F86A30A3E72B4604250A465D
:10F8280080F88150BDE8F041FFF74ABE022738460C
:10F83800BDE8F081D4F88430012243F01003C4F805
:10F84800843084F88120C7E7E06F8269B2F5804F81
:10F8580002D0B2F5005FBCD12168B2F5804F8B6849
:10F8680023F480438B607FF47CAFB4F86A309BB29A
:10F8780001335B08A4F86A3073E700BF21F9000878
:10F88800BDF800083DF900080000FFFF806B08B5CF
:10F8980090F88130072B09D0836FDB69B3F5807F3F
:10F8A80005D00268136943F00803136108BDF6F731
:10F8B800D7FD08BD806B08B590F88130072B09D0BB
:10F8C800C36FDB69B3F5807F05D00268136943F025
:10F8D8000803136108BDF6F725FE08BD806B08B55F
:10F8E80090F88130072B09D0836FDB69B3F5807FEF
:10F8F80005D00268136943F00803136108BDF6F7E1
:10F9080073FE08BD704700BF806B08B5FFF7FAFFAC
:10F9180008BD00BF704700BF806B08B5FFF7FAFF4E
:10F9280008BD00BF704700BF806B08B5FFF7FAFF3E
:10F9380008BD00BF10B5846BFAF7B0FD022800D1EE
:10F9480010BD236830495A69986940F008009861E9
:10F95800986940F010009861186820F0010018605C
:10F96800186901401961996821F44041996094F837
:10F978008110042901D091063AD494F88110032902
:10F9880001D0500629D4910509D5D4F8841041F046
:10F998000101C4F88410996941F400719961D20594
:10F9A80009D5D4F8842042F00802C4F884209A6962
:10F9B80042F480729A61002301222046A4F8623042
:10F9C800A4F86A30D4F8843043F01003C4F88430C3
:10F9D80084F88120F6F76AFE10BDD4F8841041F04F
:10F9E8000401C4F88410996941F040019961CAE79B
:10F9F800D4F8841041F08001C4F88410996941F06A
:10FA080020019961B9E700BF90FCFFFF03681969FD
:10FA18005A692DE9F04101EA02059F68044690F809
:10FA2800816005F0640CBCF1040F2FD005F045008F
:10FA3800012834D005F02600022800F0DF802807CE
:10FA480070D59A6917F4404FF6B242F008029A61ED
:10FA58009A6942F010029A619A6942F400629A61C6
:10FA68001A6922F008021A6123D0042E00F0DE8001
:10FA7800A26FD269EAB1032E50D0E26FD269C2B147
:10FA8800052E14D12046F6F7AFFD10E0436F9847D6
:10FA9800236F2046984705F04503012B02D1236FB9
:10FAA8002046984705F02605022D00F0A780BDE8FE
:10FAB800F0819A6812F4404F1FD1B4F86A2092B2CC
:10FAC800DAB1626E0EE01B6B42F8043B6266B4F872
:10FAD8006A30013B9BB2A4F86A30B4F86A309BB232
:10FAE8005BB12368E1680F29EDD8072940F29280BD
:10FAF8001B8E22F8023B6266E9E72046FFF794F97D
:10FB0800012384F88130D4F88430002B7FD1052E6E
:10FB1800B8D0042E00F08F80032EC8D12046F6F707
:10FB28009FFCC4E7100501D50A077AD415F4587F5D
:10FB3800BDD06E0609D5D4F8842042F00402C4F87A
:10FB480084209A6942F040029A61A80509D5D4F840
:10FB5800842042F00102C4F884209A6942F40072B9
:10FB68009A61E90509D5D4F8842042F00802C4F85E
:10FB780084209A6942F480729A61AA0609D5D4F859
:10FB8800842042F08002C4F884209A6942F020025E
:10FB98009A61D4F88420002A89D0196807F440476C
:10FBA800274A21F00101B7F5404F1960196902EAA7
:10FBB80001021A6127D19A68E06F22F440429A60E4
:10FBC80050B1204B0365FAF77FF828B1D4F8843098
:10FBD80043F04003C4F88430A06F00283FF467AFB7
:10FBE800184B0365FAF770F800283FF460AFD4F8B3
:10FBF800843043F04003C4F8843058E7636F2046EC
:10FC0800BDE8F04118470123204684F88130F6F713
:10FC18004DFD4CE793F830301370626E0132626626
:10FC280055E79A6942F400629A6140E7E26FD26947
:10FC3800002A3FF43EAF2046F6F774FC37E700BFD2
:10FC480094FCFFFF51FC000808B5806B00230122DB
:10FC5800A0F86A30A0F8623080F88120F6F726FD17
:10FC680008BD00BF90F88100704700BF002800F071
:10FC78008F8038B590F83D30044603F0FF02002B22
:10FC880060D0226802234349B2F1804F84F83D30A6
:10FC9800A2EB01011368B1FA81F14FEA511127D0A3
:10FCA80031BB3D483D4D824251D000F580608242D3
:10FCB8004DD0551B00F58060B5FA85F582424FEAB4
:10FCC80055154DD0002D4BD1354836498A4218BFBD
:10FCD80082424FD001F580618A424BD0A06923F05F
:10FCE8008003E168034313606368D162936223E091
:10FCF8002A4D23F07003A068551B0343B5FA85F518
:10FD08006D09206923F440730343A06923F080033D
:10FD180003431360E368D3626368936251B94DB9D2
:10FD28001F49204B9A4218BF8A4203D003F58063CB
:10FD38009A4201D16369136301230020536184F857
:10FD48003D3038BD80F83C2003F008FB99E7551B8F
:10FD580023F07003A068B5FA85F503436D09D0E771
:10FD6800A06823F0700303430F488242C9D0002DD6
:10FD7800C7D1A9E7206923F44073A1690343E06868
:10FD880023F080030B4361681360D0629162C7E778
:10FD980001207047000001400004004000040140B9
:10FDA8000040014000440140000C00404FF0020CAC
:10FDB80001680A4A034680F83DC088680240062A5E
:10FDC80006D0B2F5803F03D00A6842F001020A600B
:10FDD8000122002083F83D20704700BF0700010082
:10FDE8000368094AD96841F00101D96099680A4055
:10FDF800062A06D0B2F5803F03D01A6842F0010205
:10FE08001A600020704700BF0700010090F83C30DE
:10FE1800012B7DD002460223006830B4012482F809
:10FE28003D3082F83C40544C83681C400B68602B82
:10FE380084606FD01DD9B3F5005F59D042D94F49BE
:10FE48008B4206D038D94E498B4202D010318B42B2
:10FE580006D184684B4921400B4343F00703836074
:10FE680000230121184682F83D1082F83C3030BC4E
:10FE78007047402B67D019D9502BF1D1036A4C68D1
:10FE8800CD6823F00A03016A1C433E4B21F00101AF
:10FE98000162816921F0F00141EA05118161046282
:10FEA80081680B4043F057038360D9E7202BD0D0FB
:10FEB8001AD9302BD4D1CCE723F01001B1F5801F2B
:10FEC800CED1C6E7702BCBD18468D1E901532B433F
:10FED800CD6824F47F4143EA05230B43836083689C
:10FEE80043F077038360BBE733F01001B8D1B0E784
:10FEF800D1E9015384682B43CD6824F47F4143EA58
:10FF080005230B438360836843F480438360A7E73A
:10FF180002207047046A4D6824F01004C96804621E
:10FF2800836923F4704343EA0133016A21F0A00195
:10FF38008361144B41EA0511016281680B4043F06B
:10FF4800670383608CE7036A4C68CD6823F00A0373
:10FF5800016A1C430B4B21F001010162816921F008
:10FF6800F00141EA05118161046281680B4043F0A8
:10FF78004703836074E700BF8800CEFF20001000AD
:10FF8800300010008FFFCFFF704700BF704700BFE1
:10FF9800704700BF704700BF03681A69910710B522
:10FFA800044602D5DA68920768D41A69520702D55E
:10FFB800DA6850074FD41A69110702D5DA681207B0
:10FFC80037D41A69D00602D5DA68D1061ED41A6960
:10FFD800D20702D5DA68D00769D41A69110602D5A2
:10FFE800DA6812066BD41A69D00502D5DA681106E8
:08FFF8006DD41A69520602D50E
:020000040801F1
:10000000DA6850066FD41A69910602D5DA6892064A
:1000100049D410BD6FF010010822204619612277E3
:10002000DB6913F4407F6FD1FFF7B2FF2046FFF783
:10003000B3FF002223682277CDE76FF00801042286
:10004000204619612277DB699B075AD1FFF7A0FF91
:100050002046FFF7A1FF002223682277B5E76FF063
:10006000040102222046196122779B6913F4407F24
:1000700044D1FFF78DFF2046FFF78EFF0022236853
:1000800022779CE76FF002010122196102779B69D8
:10009000990730D1FFF77CFF2046FFF77DFF002254
:1000A0002368227785E76FF0200220461A61BDE8B9
:1000B000104000F05FB86FF0010220461A6103F0B3
:1000C00041FA23688DE76FF0800220461A6100F044
:1000D00053F823688BE76FF4807220461A6100F0B2
:1000E0004DF8236889E76FF0400220461A61FFF758
:1000F00055FF236887E7FFF74DFFD0E7FFF74AFF7B
:10010000BCE7FFF747FFA6E7FFF744FF91E700BF13
:1001100090F83C20012A28D003460068022230B41F
:10012000134D83F83D20A8424268846818D005F535
:100130008065A84214D024F0800C22F070020C6874
:100140008968224300244CEA01014FF0010C42600F
:100150008160204683F83DC083F83C4030BC704746
:1001600022F470024D682A43E5E70220704700BF81
:1001700000000140704700BF704700BF704700BFDC
:10018000F8B5D0F88070202F44D1002940D0B2FAC1
:1001900082F67609002A3BD0044690F87C000128BC
:1001A00038D001252123606FA4F856202165C4F8BA
:1001B0008860A4F8542084F87C50C4F88030D8B10A
:1001C000DFF854C013462268C0F83CC0DFF84CC0CA
:1001D00028320665C0F840C0DFF844C0C0F84CC003
:1001E000F9F756FC40B11023284684F87C60C4F827
:1001F0008830C4F88070F8BD236800224021104682
:10020000196284F87C209A6842F080029A60F8BDF6
:100210000120F8BD0220F8BDD10201080103010848
:1002200051030108F8B5D0F88470202F48D1002977
:1002300044D0B2FA82F67609002A3FD090F87C309A
:100240000446012B3CD001252223C0F8886081653B
:10025000A0F85C2080F87C50C0F88430806FE0B15A
:10026000DFF860C013460A462168C0F83CC0DFF8DA
:1002700058C024310665C0F840C0DFF850C0C0F84F
:100280004CC0F9F705FC40B11023284684F87C6087
:10029000C4F88830C4F88070F8BD2368002084F862
:1002A0007C001A6842F480721A609A6842F0010277
:1002B0009A609A6842F040029A60F8BD0120F8BD49
:1002C0000220F8BD0D030108450301085103010890
:1002D00008B5C369806BB3F5807F0CD0036800223A
:1002E000A0F856209A6822F080029A601A6842F0BC
:1002F00040021A6008BDF7F727F908BD704700BF34
:10030000806B08B5FFF7FAFF08BD00BF08B5C369E9
:10031000806BB3F5807F12D0036800222021A0F803
:100320005E201A6822F480721A609A6822F0010234
:100330009A609A6822F040029A60C0F88410F7F739
:1003400007F908BD806B08B5F7F74CF908BD00BF89
:10035000806B38B50368D0F88040D0F884109A6874
:10036000150601D5212C1DD09A68520601D52229E7
:1003700008D0D0F8883043F01003C0F88830F7F781
:1003800079F938BD00240F4A2025A0F85E4019688D
:1003900021F49071196099680A409A60C0F88450FD
:1003A000C466E6E700222024A0F856201A6822F04E
:1003B000C0021A609A6822F400029A60C0F8804075
:1003C000D2E700BFFEFFFFEF0268D36970B51E07DA
:1003D00015680446916800F084806C4805F4907CB0
:1003E00008405CEA00061DD1D80202D54E0200F199
:1003F0009D80180606D501F4000105F08000014338
:1004000040F08C805E0602D5680600F19B801902E0
:1004100002D56A0000F1A380DB0102D5002DC0F2F5
:10042000AA8070BDDE0709D5EE0507D50126166244
:10043000D4F8886046F00106C4F888609E0760D54D
:10044000CE0709D502261662D4F8886046F0040665
:10045000C4F888605E0758D41E070CD505F0200C40
:100460005CEA000007D008201062D4F8880040F051
:100470000800C4F88800D4F888000028D1D09E066F
:1004800006D505F0200501F0805155EA01036BD136
:10049000D4F88850936805F0080503F040031D4325
:1004A0006ED0116820203A4B21F490711160916850
:1004B0000B4000219360C4F884009368E1665D06F8
:1004C0003CD59368A06F23F040039360002835D09B
:1004D000304B0365F9F7FCFB0028A2D0A06F036D39
:1004E0000CE09E0680D505F0200C01F0805E5CEAF1
:1004F0000E063FF479AFC36E002B92D0BDE870407A
:1005000018475E07A8D5CE07A6D504261662D4F8EC
:10051000886046F00206C4F888609DE7236F002BD0
:100520003FF47FAF2046BDE8704018474FF480137A
:1005300020461362BDE8704001F068BB2046F7F723
:1005400099F870BD13682020002123F04003136048
:10055000C4F8800020462167F6F7F6FF70BD2046FC
:10056000BDE8704001F056BBE36E002B90D02046F2
:10057000984722688CE72046BDE8704001F048BBF0
:100580002046F7F777F8C4F8885070BD01000010D6
:10059000FEFFFFEF9905010808B5806B0023A0F866
:1005A0005E30A0F85630F7F765F808BDD0F8802027
:1005B000D0F8840010437047F0B58268044687B0D5
:1005C0002368D0E904101D680A43616E0243E069A4
:1005D00002430A43A8492940A84D0A43E168AB42B7
:1005E0001A605A6822F4405242EA0102A1695A6034
:1005F00000F09D80226A9D681143A14A666A2A40E4
:1006000011439960DA6A22F00F023243DA629D4A9E
:10061000934224D09C4A934255D09C4A934200F086
:100620002F829B4A934200F09B829A4A934200F0A9
:10063000E980994A934200F09D82984A934200F0E3
:10064000D885974A934200F0D682012500234FF0C7
:10065000011228462367C4E91A2307B0F0BD914B65
:100660005B6D03F03803282BEFD88F4AD55CB0F5CB
:10067000004F33D0202D00F2D981202D00F2B6801A
:10068000DFE815F0A8017B01B400B4007201B400EA
:10069000B400B4004901B400B400B400B400B40024
:1006A000B400B4001C01B400B400B400B400B40041
:1006B000B400B400B400B400B400B400B400B4009A
:1006C000B400B400CA00774B5B6D03F00703052B41
:1006D000BBD8764AB0F5004FD55CCBD1202D00F2C7
:1006E0001482202D00F20082DFE815F08A035804FE
:1006F000FE01FE012804FE01FE01FE018604FE014A
:10070000FE01FE01FE01FE01FE01FE01F203FE01FB
:10071000FE01FE01FE01FE01FE01FE01FE01FE01E1
:10072000FE01FE01FE01FE01FE01FE01B703986815
:10073000534A02405B480A439A60DA6A616A22F0CF
:100740000F020A43DA62836D03F00703052B3FF6BD
:100750007CAF574AD65C202E00F29C81012E7FF69A
:1007600074AFB31E1E2B3FF670AF01A252F823F0F8
:10077000270D01084B060108D10C01084B060108A2
:100780004B0601084B0601089B0D01084B060108AA
:100790004B0601084B0601084B0601084B060108F1
:1007A0004B0601084B0601083B0D01084B060108EA
:1007B0004B0601084B0601084B0601084B060108D1
:1007C0004B0601084B0601084B0601084B060108C1
:1007D0004B0601084B0601084B0601084B060108B1
:1007E0004B0601084B060108B10D01080125002345
:1007F000A3F110014FF6EF7291423FF626AF226847
:10080000D36023E7274B5B6D03F00703052B3FF60F
:100810001CAF284AD55C2AE7002E00F0B581012ED6
:1008200000F09E85022E00F0B185032E00F0D885E1
:10083000042E00F0F485052E00F08486062E00F0CC
:10084000BE86072E00F0FD86082E00F05087092E88
:1008500000F07B870A2E00F0DC8743F60953164A26
:100860000B2E18BF13466268002503EB5203B3FB3F
:10087000F2F39BB2BCE700BFF369FFCF000C005856
:10088000FFF4FF1100100140004400400048004008
:10089000004C00400050004000140140007800402F
:1008A000007C004000440258C84F0108F44F010882
:1008B000FC4F0108F44F010800093D00B34B1A68D2
:1008C000920640F16F811A68B14BC2F3C102D34066
:1008D000002EC8D0012E00F0EF81022E00F0C5845A
:1008E000032E00F0BF84042E00F02B85052E00F0AF
:1008F0009D86062E00F0DC86072E00F01C86082E52
:1009000000F04E86092E00F08E860A2E00F0E38657
:100910000B2EA8D126E003A8FDF7C4FB626A049B56
:10092000002AA0D0012A00F0C781022A00F09D848D
:10093000032A00F09784042A00F00385052A00F0BA
:10094000FD84062A00F07E85072A00F0F485082A37
:1009500000F02686092A00F066860A2A00F0BB8687
:100960000B2A80D11B0A7EE76846FDF7DDFA626A32
:10097000019B002A3FF477AFD4E7FCF775FC636A6C
:1009800003B3012B00F0F384022B00F0CE84032B81
:1009900000F0C884042B00F01785052B00F01185AA
:1009A000062B00F00686072B00F04886082B00F087
:1009B0009B86092B00F0E1860A2B00F03B870B2B6E
:1009C00008BF000A6268002500EB5203B3FBF2F394
:1009D0009BB20DE7FCF72CFC636A03B3012B00F01C
:1009E000C984022B00F0A784032B00F0A184042B00
:1009F00000F0E484052B00F0DE84062B00F0E68591
:100A0000072B00F03686082B00F08786092B00F0B4
:100A1000B1860A2B00F0FA860B2B08BF000A626829
:100A200000EB5203B3FBF2F39BB2E1E6402D7FF4FF
:100A30000CAE002E00F0DC80012E00F09484022E1B
:100A400000F0A784032E00F0C784042E00F0EC848D
:100A5000052E00F07A85062E00F0B485072E00F0F2
:100A6000FE85082E00F04986092E00F08B860A2E9E
:100A700000F029870B2E0CBF80234FF40043F2E6D1
:100A8000424B5B6D03F00703052B3FF6DEAD414A99
:100A9000D55CECE5402E7FF4D8AD002900F0B580A0
:100AA000012900F06E84022900F08284032900F0FD
:100AB000AF84042900F03B85052900F069850629EB
:100AC00000F0AD85072900F0EF85082900F0368693
:100AD000092900F05B860A2900F0F9860B290CBF72
:100AE00080254FF4004592E001250023A3F1100179
:100AF0004FF6EF7291423FF6A8AD23F00F02C3F319
:100B0000420313432268D360A0E5402D7FF49DADDE
:100B1000002E00F0D380012E00F0D280022E00F0D3
:100B20006D84032E00F0F484042E00F02585052E3C
:100B300000F06885062E00F0C285072E00F01086B2
:100B4000082E00F04886092E00F059860A2E00F083
:100B5000EC860B2E0CBF4FF480704FF48030AFE06A
:100B60000A4B5B6D03F00703052B3FF66EAD0A4A97
:100B7000D55C7CE5054B5B6D03F03803282B3FF615
:100B800064AD064AD55C72E5054B6CE6004402583C
:100B90000090D003F44F0108F44F0108C84F01083A
:100BA00000093D00002E00F0BA83012E00F0FD8305
:100BB000022E00F02A84032E00F0B684042E00F0EA
:100BC000E484052E00F02885062E00F08785072E88
:100BD000DAD0082E00F0C483092E00F0D7830A2E45
:100BE00000F01D84B44BB54A0B2E18BF13463AE6ED
:100BF0004FF4004337E6B24B5B6D03F00703052B60
:100C00003FF623ADAF4AD55C31E54FF40045676848
:100C100007EB4703AB423FF618ADB5EB073F3FF696
:100C200014AD202E00F2F082012E7FF60EAD023EB2
:100C30001E2E3FF60AAD01A353F826F079110108E4
:100C40004B0601084F1101084B0601084B0601082D
:100C50004B060108ED1001084B0601084B06010880
:100C60004B0601084B0601084B0601084B0601081C
:100C70004B060108811001084B0601084B060108CC
:100C80004B0601084B0601084B0601084B060108FC
:100C90004B0601084B0601084B0601084B060108EC
:100CA0004B0601084B0601084B0601084B060108DC
:100CB0004B060108091001085B08D4E54FF48030A9
:100CC0006268002500EB5203B3FBF2F39BB20DE721
:100CD0006846FDF729F9636A019D03B3012B00F013
:100CE000CF82022B00F0C782032B00F0C182042BBD
:100CF00000F02F83052B00F02983062B00F098834A
:100D0000072B00F02684082B00F04D84092B00F0FF
:100D10009B840A2B00F0FB840B2B00F06582002DD6
:100D20003FF494AC73E7FDF7EDF8636A0546002BDA
:100D3000D4D1002D3FF48AAC69E7614B1A6895065F
:100D400040F1A5821B685D4DC3F3C103DD4000295E
:100D50003FF45DAF012900F04D83022900F0468386
:100D6000032900F04083042900F04584052900F0A0
:100D70008384062900F0D484072900F020850829FF
:100D800000F04F85092900F0F9850A2900F0FD855A
:100D90000B297FF43CAF2D0A39E703A8FDF782F950
:100DA000636A049D002B99D1002D3FF44FAC2EE7D0
:100DB000002900F06A82012900F0DF82022900F098
:100DC000F282032900F02883042900F0AA83052970
:100DD00000F0D883062900F02E84072900F06184F2
:100DE000082900F0AF84092900F0EF840A2900F0F7
:100DF000148543F60955344B0B2918BF1D4606E7E9
:100E0000FCF716FA636A03B3012B00F0CA82022BC7
:100E100000F0F782032B00F07F83042B00F0B083F7
:100E2000052B00F0EB83062B00F05084072B00F01D
:100E30009E84082B00F0B984092B00F0E4840A2B6F
:100E400000F070850B2B08BF000A61684A0802EBAE
:100E50004003B3FBF1F39BB248E6002E00F03A8268
:100E6000012E00F09A82022E00F0C682032E00F0BE
:100E70004D83042E00F07E83052E00F0BA83062EEB
:100E800000F02184072E00F06F84082E00F0828489
:100E9000092E00F0CC840A2E00F06C8547F6122350
:100EA0000A4A0B2E18BF13466268002503EB520353
:100EB000B3FBF2F39BB219E690D003000090D0038D
:100EC00000440258F44F010800093D0000127A0066
:100ED000A44B1A68910640F1FF811A68A24BC2F335
:100EE000C10223FA02F206B3012E00F0B182022EF3
:100EF00000F03783032E00F06F83042E00F0C683CA
:100F0000052E00F00084062E00F06F84072E00F0FE
:100F10007184082E00F00385092E00F03C850A2E0E
:100F200000F036850B2E08BF120A616800254B08B9
:100F300003EB4203B3FBF1F39BB2D7E56846FCF742
:100F4000F3FF626A019902B3012A00F00782022AC4
:100F500000F01A82032A00F03A82042A00F062822A
:100F6000052A00F0EB82062A00F01683072A00F01B
:100F70007483082A00F0A183092A00F001840A2A58
:100F800000F05B840B2A08BF090A62680025530839
:100F900003EB4103B3FBF2F39BB2A7E5FCF764F963
:100FA000636A03B3012B00F0FA81022B00F02B825D
:100FB000032B00F08382042B00F0DA82052B00F073
:100FC0002583062B00F06983072B00F0C283082BD2
:100FD00000F0EE83092B00F07E840A2B00F08D8454
:100FE0000B2B08BF000A616800254A0802EB40038A
:100FF000B3FBF1F39BB279E503A8FDF753F8626AFE
:101000000499002AC1D09FE7616A002900F0548248
:10101000012900F01F83022900F08B83032900F0CF
:10102000BF83042900F00084052900F0AA84062962
:1010300000F08E84072900F08784082900F0E584F9
:10104000092900F0DE840A2900F0A8844748484BAB
:101050000B2918BF184600217B083A4618184FF094
:10106000000341F10001EFF7F3FAA0F54073414AA4
:1010700093423FF6EAAA23680025D860FFF7E6BA54
:10108000384A116811F0200100F0E781136800214F
:101090003548C3F3C103D840636A0BB3012B00F09A
:1010A0004B83022B00F07F83032B00F00584042B7D
:1010B00000F05D84052B00F02C84062B00F0A98441
:1010C000072B00F0B484082B00F0AD84092B00F04E
:1010D00094840A2B00F08D840B2B01D1000A00218F
:1010E0000902030241EA10617808B6E703A8FCF799
:1010F000D9FF0498636A002102460BB3012B00F06C
:101100003582022B00F08682032B00F0C182042B73
:1011100000F02183052B00F04D83062B00F0908317
:10112000072B00F02184082B00F00B84092B00F022
:1011300004840A2B00F052840B2B01D1100A0021E9
:1011400062680902030241EA1061500886E76846B6
:10115000FCF7EAFE0198636A00210246002BEFD0FB
:10116000CCE700BF004402580090D00300093D00C6
:101170000000093DFFFC0F00FCF7C4FE626A00217D
:1011800003460AB3012A00F06E82022A00F0B982F7
:10119000032A00F02483042A00F09383052A00F038
:1011A000A683062A00F0DA83072A00F0D583082AEE
:1011B00000F01C84092A00F015840A2A00F02F840C
:1011C0000B2A01D1030A002162680902180241EAD0
:1011D00013615308C0184FF0000341F10001EFF70D
:1011E00037FAA0F5407342E72D0A002D3FF42EAAEE
:1011F0000DE5B54B5B6D03F00703052B3FF625AA04
:10120000B24AD55CFFF733BA402E7FF41EAA616A5A
:10121000002900F04E81012900F02782022900F008
:101220008482032900F0CE82042900F05783052927
:1012300000F05983062900F06883072900F06083D5
:10124000082900F0B783092900F0AF830A2900F0CC
:10125000C0830B294FF000010CBF4FF400404FF446
:101260000000F9E69A4AA2FB03239B08FFF7FBBAAA
:10127000974BA3FB0535AD08002D3FF4E7A9C6E465
:101280006D08002D3FF4E2A9C1E4924DBFE40029AE
:101290005AD0012900F0AC80022900F0DB8003293C
:1012A00000F06181042900F0A181052900F0EB81A3
:1012B000062900F016820729E7D008295DD0092900
:1012C00071D00A2900F02D81834D844B0B2918BF62
:1012D0001D469CE4824BE7E5002E50D0012E00F025
:1012E000AF80022E00F03B81032E00F07A81042EA5
:1012F00000F0C781052E00F0FD81062E00F04D8222
:10130000072EE7D0082E48D0092E75D00A2E00F0FF
:101310003181744B744A0B2E18BF1346C4E56F4BD2
:10132000FFF7A1BA6A4BA3FB00308008FFF74ABB66
:10133000674BA3FB00308008FFF771BB6B4AA2FB31
:101340000323DB08FFF78FBA644D60E4674BA3FB10
:101350000535ED08002D3FF479A958E4490814E655
:10136000634BFFF780BA4FF48043FFF77CBA400825
:10137000FFF728BB4008FFF752BB5D4D47E45A4BCF
:1013800092E54FF4804542E48908FEE5594BFFF7AA
:101390006ABA4FF40053FFF766BA4E4B84E5400833
:1013A00021E6400851E5534D31E4534BFFF75BBA5A
:1013B0004FF400552BE44D4BA3FB0030C008FFF762
:1013C0002EBB4A4BA3FB0030C008FFF7FBBA404BD3
:1013D000A3FB01239908D8E541F25553FFF743BA1F
:1013E000464BFFF740BA3A4BA3FB0535AD080EE478
:1013F000414D0CE46D080AE43D4B55E54FF4804047
:101400005EE4800821E58008EDE53D4BFFF72BBA4F
:1014100041F25555FFF7FBBB384DFFF7F8BB314B99
:10142000FFF721BAC908B0E54FF48053FFF71BBAA4
:101430000C23B5FBF3F5002D3FF408A9FFF7E7BB3C
:10144000264B31E5224AA2FB0323DB08FFF70BBA48
:1014500052086AE52A4DFFF7DABB626A002A00F0FB
:10146000C280012A00F07981022A00F0B281032AA9
:1014700000F0C381042A00F05E82052A00F0598240
:10148000062A00F09E82072A00F09982082A00F0BE
:101490009D82092A00F097820A2A00F083820B2A93
:1014A000184A0E4B0EBF00210321134678083A4616
:1014B00090E64FF40000CFE51348CDE5044BA3FBC5
:1014C000002398088FE500BF00440258F44F01083C
:1014D000ABAAAAAA00093D0090D003000090D00357
:1014E00000127A0020A107000020A107CDCCCCCCAF
:1014F00080841E0040420F000048E8012A2C0A00A8
:101500000024F400000090D00000093DCF4BCBE454
:1015100042F6AA20FFF7D4BBCD4BA3FB00239808CB
:1015200093E4CC4DFFF773BBCB4BFFF79CB94FF463
:101530008055FFF76CBB1B09FFF795B90A23B1FB78
:10154000F3F122E5C54BFFF78EB940F6CC43FFF728
:101550008AB92D09002D3FF479A8FFF758BBC04B7D
:10156000A2E49208E1E4BC4DFFF751BB4008E7E577
:10157000C00838E5BB4B97E44FF40050FFF7A0BB21
:10158000C00862E4B54DFFF742BBB74BFFF76BB93C
:1015900040F6CC45FFF73BBB0C23B1FBF3F1F4E481
:1015A0005B09FFF760B96D09002D3FF44FA8FFF705
:1015B0002EBBA74BA3FB0030C008FFF703BAAB4B11
:1015C000FFF751B940F6AA23FFF74DB9A04BA3FB93
:1015D0000030C008FFF723BA9D4BA3FB02239A08F3
:1015E000A3E4A34B60E4A34B03215FE79E4DFFF709
:1015F0000EBBA14B58E4ED08FFF709BB0A23B0FB73
:10160000F3F022E441F69810FFF75ABB0A23B0FB2F
:10161000F3F0E8E4800893E5984BFFF724B940F62F
:10162000AA25FFF7F4BA9B09FFF71DB90A22B3FBFD
:10163000F2F3FFF718B98D4DFFF7E9BA0009FFF78C
:10164000C1B98F4BFFF70FB9AD09002D3EF4FEAFC6
:10165000FFF7DDBA8B480021FEE4090995E44FF459
:101660000063FFF700B94308AEE54FF480000021A6
:10167000F2E40009FFF7D3B90A23B5FBF3F5FFF74E
:10168000C6BA814B10E47D4DFFF7C1BAD2084CE4D5
:1016900006220023EEF7DCFF52E50C23B0FBF3F04B
:1016A000A1E4774DFFF7B3BA4FF40065FFF7AFBA87
:1016B0000C22B3FBF2F3FFF7D6B8490965E441F217
:1016C0005450FFF7FDBA714BFFF7EEBB0C23B0FB94
:1016D000F3F0FFF7BABBDB09FFF7C5B86C4BFFF7B8
:1016E000C2B86B4DFFF793BA4009FFF76BB9694B6E
:1016F000FFF7B9B8684BFFF7D7BB4FF48063FFF72C
:10170000B2B8830860E50A23B2FBF3F20DE4ED09F9
:10171000002D3EF49BAFFFF77ABA4009FFF77FB97F
:101720000C23B5FBF3F5FFF772BA4FF4001000215C
:1017300092E45A4800218FE44008D1E44FF48065D8
:10174000FFF765BA534DFFF762BA4FF22443FFF734
:101750008AB8000947E4C008F2E4514B1146A5E6F7
:101760004FF48050FFF7ACBA3A4BFFF79DBB00092E
:10177000FFF76BBB8009FFF752B98009FFF722B969
:10178000890902E44FF40073FFF76DB84FF4007558
:10179000FFF73DBA3A4BFFF787BB2F4BFFF784BBF0
:1017A0004048002158E480089AE44009FFF74DBB07
:1017B000400918E40A220023EEF74AFFC0E42D098D
:1017C000FFF725BA3848002146E44FF22445FFF7D9
:1017D0001EBA364B6AE64FF40060FFF771BA002379
:1017E0000622EEF735FF0346EEE40C23B2FBF3F2DC
:1017F000FFF79BBB1209FFF798BB2D4B56E64FF442
:101800008060FFF75DBA8009FFF71FBBC009FFF7D3
:1018100006B947F61223FFF726B847F61225FFF759
:10182000F6B96D09FFF7F3B92248002114E4194B0A
:10183000FFF73ABBC009FFF7C5B8C909FFF7A5BB59
:101840000C220023EEF704FF7AE400BF5458140082
:10185000ABAAAAAA20A10700AAC2A200801A060069
:101860000048E80140420F0000127A0015160500FA
:1018700054854501000090D000350C0000A861009F
:1018800090D003000080841E0024F4002A2C0A005B
:101890005561510048E801000050C3000040420F6C
:1018A000000048E8002A2C0A00551500000024F426
:1018B00000AAC2A20020A10706220023EEF7C8FE5C
:1018C0000EE4C30880E44FF48073FEF7CCBF4FF4FE
:1018D0008075FFF79CB98009FFF785BB4FF4801036
:1018E0000021FFF7B9BB53480021FFF7B5BB002328
:1018F0000A22EEF7ADFE034666E4C009FFF773BBAC
:101900004FF400200021FFF7A7BB4B480021FFF751
:10191000A3BB0A220023EEF79BFEFFF7E1BB5209AF
:10192000FFF703BBC009FFF790BA4FF40070FFF751
:10193000C7B9424BBAE5424BB8E590090021FFF721
:10194000FFBB4009FFF7FCBB3E480021FFF784BB0B
:101950003D480021FFF780BB030935E400230C223A
:10196000EEF776FE03462FE40009FFF7E9BBC00857
:10197000FFF7B6BB4FF22443FFF796BAAD09FFF766
:1019800046B932480021FFF767BBED09FFF73FB9C1
:10199000D209FFF7CABA9209FFF7C7BA2C4800214B
:1019A000FFF75ABB2B4B002180E54FF4003000219C
:1019B000FFF752BB4FF480200021FFF74DBB264BB1
:1019C00074E5264B72E5264B00216FE5254B00217F
:1019D0006CE54FF480300021FFF73EBBD0090021B9
:1019E000FFF7AEBB83090021FFF7EEBB4309FFF70A
:1019F000EBBBC0090021FFF773BB80090021FFF793
:101A00006FBB19480021FFF727BB18480021FFF7DB
:101A100023BB0C220023EEF71BFEFFF761BBC309BB
:101A20000021FFF7D1BB40090021FFF759BB000996
:101A3000FFF756BB00CC0C0000AA0A000000A8610A
:101A40000000127A0090D0030015160500801A06D7
:101A500000127A000020A1070000093D00556151E5
:101A60000040420F0080841E0024F4000048E8017A
:101A7000836ADA0710B406D50168C46A4A6822F49A
:101A8000003222434A609C0706D50168046B4A680D
:101A900022F4803222434A60590706D50168446B1C
:101AA0004A6822F4802222434A601A0706D5016858
:101AB000846B4A6822F4004222434A60DC0606D561
:101AC0000168C46B8A6822F4805222438A609906B6
:101AD00006D50168046C8A6822F4005222438A60A9
:101AE0005A060AD50168446C4A68B4F5801F22F48E
:101AF000801242EA04024A600BD01B0606D5026837
:101B0000C16C536823F400230B4353605DF8044B0E
:101B100070474A68846C22F4C00222434A60ECE7B2
:101B2000002370B50446C0F88830F6F705FD054679
:101B300023681A6811070CD41A68520725D420228A
:101B40000023C4F880201846C4F8842084F87C3030
:101B500070BDDE6916F40016EED1F6F7EDFC431BFE
:101B6000B3F1007F2368F4D31A682021032022F404
:101B7000D0721A609A6822F001029A60C4F880104C
:101B800084F87C60C4F8841070BDDE6916F48006A9
:101B9000D5D1F6F7D1FC431BB3F1007F2368F4D312
:101BA000E2E700BF80B3D0F8803010B5044633B30D
:101BB000226824232046C4F88030136823F00103F0
:101BC0001360FEF7F9FC012817D0A36A8BB92368CC
:101BD00020465A6822F490425A609A6822F02A02FB
:101BE0009A601A6842F00102BDE810401A60FFF7DF
:101BF00097BF2046FFF73CFFE9E7012010BD80F8C2
:101C00007C30F5F7F5F9D3E701207047704700BF46
:101C1000704700BF704700BF90F87C20012A17D0A2
:101C2000026803462420002130B4C3F88000202538
:101C30001068146820F0005024F001041460596604
:101C400010600846C3F8805083F87C1030BC7047A1
:101C50000220704790F87C20012A43D00268034696
:101C6000242030B4C3F8800084B014681068EC46B7
:101C700004AD20F001001060906820F06040014346
:101C80001948916003C88CE80300184903C905E9A5
:101C90000300596E19B391689068C1F3426C05EB6B
:101CA0005071AC4411F8100C11F8081CC0001CF85D
:101CB000085CB0FBF1F01CF8101CC900B1FBF5F199
:101CC000A3F868100021A3F86A00202508461460D4
:101CD000C3F8805083F87C1004B030BC70470121F9
:101CE0000846EDE7022070475046010804500108FD
:101CF00090F87C20012A43D002680346242030B4A7
:101D0000C3F8800084B014681068EC4604AD20F07D
:101D100001001060906820F06060014319489160F4
:101D200003C88CE80300184903C905E90300596E8C
:101D300019B391689068C1F3426C05EB5071AC44E3
:101D400011F8100C11F8081CC0001CF8085CB0FB5E
:101D5000F1F01CF8101CC900B1FBF5F1A3F86810F4
:101D60000021A3F86A00202508461460C3F88050BB
:101D700083F87C1004B030BC704701210846EDE7C1
:101D80000220704750460108045001080B6810B447
:101D9000D3B90468A3F500434A6823401343D1E94B
:101DA000024223431343D1E9044223431343D1E9BD
:101DB000064223431343D1E9084223435DF8044B11
:101DC00013430360002070470268D1E9074322F4FF
:101DD000F84222434C6A1A430A4B2243026042688B
:101DE0001340D1E9014223431343D1E90342234382
:101DF0001343D1E9054223435DF8044B1343436089
:101E0000002070470080FFFF30B40ABB8368D1E92F
:101E1000002403F07043013C013A43EA04131343E6
:101E2000D1E90224013A013C43EA022343EA0432A5
:101E3000D1E904348969013B013C013942EA034399
:101E400043EA045343EA016330BC836000207047D7
:101E50008268CC68114B013C13404A6943EA043361
:101E6000541E43EA0454D1E900258460C3686C1E03
:101E7000013A03F0704343EA04130C691A438B6878
:101E8000013C8969013B013942EA032343EA0443E7
:101E900043EA016330BCC36000207047FF0F0FFFAF
:101EA0000246D1E9003010B403431469D1E90210AD
:101EB00023435DF8044B013943EA4023002043EA01
:101EC00041131361704700BF0246054B002010B458
:101ED000546923405DF8044B43EA41015161704766
:101EE00001C0FFFF022A82B0844613D00923019368
:101EF000DCF80C30002023F47053CCF80C30019B3C
:101F0000DCF80C209B0203F470531343CCF80C3024
:101F100002B07047224B234A0B44934207D9224B0D
:101F2000224A0B44934205D80E230193E0E70F2386
:101F30000193DDE71E4B1F4A0B44934207D91E4B0A
:101F40001E4A0B44934205D20C230193D0E70D2384
:101F50000193CDE71A4B1B4A0B44934202D80B2343
:101F60000193C5E7184B194A0B44934202D20A2346
:101F70000193BDE7164B174A0B449342B6D3164B59
:101F8000164A0B44934202D208230193B0E7144B44
:101F9000144A0B44934234BF072306230193A7E757
:101FA000405327FFFF340C00401E1BFF3F420F0031
:101FB00000DC0BFF7F4F1200808CF9FE20D613004F
:101FC00060B6E5FE5FE3160000D3CEFE40771B004F
:101FD000C05BB3FEC091210000CA91FE207538009D
:101FE000E05459FEE09C4100890182B000230A4A76
:101FF00041F020010193016103E0036913F0200324
:1020000007D0019B013393420193F6D9032002B01C
:102010007047184602B07047400D0300D0F80838EA
:1020200082B003F006030193019838B101980228A9
:1020300004D0019B062B0CBF02200F2002B070477A
:1020400030B44B780A78012B20D002F00F0C4FF4FB
:102050008033D0F81C4800EB421203FA0CF3234300
:10206000C0F81C38D2F8003B1B040CD48B68D2F8A3
:10207000004BC3F30A03C8781449234343EA80435F
:102080001943C2F8001B002030BC704700F5006403
:1020900002F00F0500EB4210AB40E5692B43E36112
:1020A000D0F800391C04EED48B68D0F80059C3F383
:1020B0000A03CC7805492B4343EA844343EA82521E
:1020C000114330BCC0F80019002070470080001098
:1020D0002DE9F0414B7891F800C0012B51D000EB75
:1020E0004C1C844CDCF8105B0CF530632C401C61FC
:1020F000814C1D692C401C614C6984B38D68012A98
:102100007E4E2C4404F1FF34B4FBF5F406EAC44ED1
:10211000A4B205FB04F41D694EEA0505C4F31204DC
:102120001D611D6944EA05041C6125D0CB78012B93
:102130000CD1D0F8083813F4807FDCF8003B0CBFDA
:1021400043F0005343F08053CCF8003BDCF8003BF5
:1021500043F00443CCF8003B0020BDE8F0818C68DC
:10216000012A1D69C4F3120444EA05041C611C69B8
:1021700044F400241C61D9D1CA68002AD6D05A611F
:10218000D4E74D69002D3DD000EB4C14594ED1F8E9
:1021900008E0D4F81089584F08EA0606C4F8106918
:1021A00005EB0E06013EB6FBFEFED4F81069374083
:1021B000524EC4F8107906EACE46D4F810793E4360
:1021C000C4F81069C5F31206D4F810793E43C4F878
:1021D000106904F5106691F803E0BEF1010F57D0C5
:1021E000012A72D0D4F800290CF00F0C42F00442FE
:1021F00003FA0CF3C4F80029D0F834281343C0F8CC
:102200003438A9E700EB4C133B4E3A4C012AD3F883
:10221000107906EA0706C3F81069D3F8106946F486
:102220000026C3F81069D3F8106904EA060403F520
:102230001066C3F8104991F803E03AD0D3F800498A
:10224000BEF1010F44F00444C3F8004984D1D0F832
:10225000083813F4807F33680CBF43F0005343F019
:1022600080533360002A7FF477AFADB20335AD08F9
:102270003FF472AFCB6800EB0C3C03EB85010CF52F
:10228000805C53F8042B8B42CCF80020F9D163E733
:102290003369012A23F0C0433361336943F00053AB
:1022A000336117D0D4F8003943F00443C4F800393F
:1022B000CDE70B6963B9BEF1010F0ED03368002082
:1022C00043F004433360BDE8F0810B69002BF5D087
:1022D0007361F0E70B69002BFAD1D0F8083813F4DA
:1022E000807F33680CBF43F0005343F0805333606A
:1022F000E4E700BF0000F8FFFFFF07E00000F81F61
:10230000F0B54C780B78012C26D000EB4310574CDD
:10231000D0F8105B00F530632C401C61544C1D69F3
:102320002C401C614C69A4B98C681D69C4F312046B
:10233000012A45F400251D611D6944EA05041C615C
:1023400049D0D0F8003B43F00443C0F8003B0020E4
:10235000F0BD8C684C61E8E74C69002C40D000EB84
:102360004315424FD1F808E0D5F810C9404E7445E6
:102370000CEA070705F5106CC5F81079D5F8107947
:1023800006EA0706C5F8106958D9DCF81040012A9A
:10239000C1F814E044F40024CCF81040CEF3120449
:1023A000DCF8106044EA0604CCF810403AD0D5F8C6
:1023B000002942F00442C5F80029BEF1000FC6D042
:1023C00003F00F010123D0F834288B401343C0F8E9
:1023D00034380020F0BDCA68002AB2D05A61B0E794
:1023E00000EB4310224B012AD0F8104900F5106C85
:1023F00003EA0403CCF81030DCF8103043F4002377
:10240000CCF81030194BDCF8104003EA0403CCF888
:10241000103007D0D0F8003943F00443C0F8003939
:102420000020F0BD0B690BB1CCF81430DCF80030A3
:10243000002043F00443CCF80030F0BDDCF810601D
:10244000C4F31204012A46F40026CCF81060DCF82C
:10245000106044EA0604CCF81040E3D0D5F8002917
:1024600042F00442C5F80029AAE700BF0000F8FFC7
:10247000FFFF07E010B49DF8044064B903339B08E4
:1024800009D0013201EB830300EB023051F8042B39
:102490008B420260FAD100205DF8044B704700BF08
:1024A000033292080AD000F5805C01EB8200DCF870
:1024B000003041F8043B8842F9D170470846704724
:1024C0004A780B78012A00EB43100CD0D0F8002B8F
:1024D0000BB1002A14DAD0F8003B43F40013C0F823
:1024E000003B00207047D0F80029002A00DB73B9B8
:1024F000D0F8003943F40013C0F8003900207047C9
:10250000D0F8003B23F08043C0F8003BE3E7D0F86D
:10251000003923F08043C0F80039D0F8003943F483
:102520000013C0F80039E9E74A780B78012A00EB7C
:10253000431013D0D0F8003B23F40013C0F8003B45
:10254000CB78023B012B01D900207047D0F8003B2B
:1025500043F08053C0F8003B00207047D0F80039AA
:1025600023F40013C0F80039CB78023B012BEBD8E1
:10257000D0F8003943F08053C0F80039002070478C
:10258000034609010020D3F8002801F4FE6122F47B
:10259000FE62C3F80028D3F800281143C3F80018DE
:1025A000704700BF82B0436901938269019B134069
:1025B0000193019802B0704782B0D0F818380193A7
:1025C000D0F81C28019B134001930198000C02B025
:1025D000704700BF82B0D0F818380193D0F81C289B
:1025E000019B13400193019880B202B0704700BF75
:1025F00000EB411182B0D1F8083B0193D0F81428C8
:10260000019B13400193019802B0704784B0D0F849
:10261000103801F00F0C00EB41110293D0F8343860
:102620000393039B029A23FA0CF3DB01DBB21343FF
:102630000293D1F80839029A13400193019804B02B
:10264000704700BF406900F001007047D0F80019E2
:1026500000F500630A4A0A40C0F800299A6802F0AF
:102660000602042A05D1D0F8002942F00302C0F87E
:1026700000295A68002042F480725A60704700BFF7
:1026800000F8FFFF144B10B4046C9C421AD800F5FC
:102690003060002301290361036943F400230361CF
:1026A000036943F018030361036943F0C043036106
:1026B00004D14261036843F08023036000205DF889
:1026C000044B7047D0F8003B00F53060002BE0DA97
:1026D00000205DF8044B70470A30544FD0F80024B6
:1026E00001F00303012900F5806C22F00302C0F819
:1026F0000024D0F8002443EA0203C0F8003409D0D3
:10270000022901D00020704741F270730020CCF8FC
:10271000043070474BF680330020CCF8043070470B
:10272000D0F8140480B2704700EB4111002382B04E
:1027300001F5A0620193D1F8003513F4802FD1F890
:10274000003543F08043C1F8003522D1C36A13F449
:102750007F0FD1F8003523D123F00043C1F80035B5
:10276000D1F8003543F00043C1F80035D1F8003509
:1027700023F40043C1F8003502E01368002B13DA9C
:10278000019B0133B3F57A7F0193F6D9002002B0A3
:102790007047D0F8103413F47F0FD1F8003506D00D
:1027A00043F00043C1F80035002002B0704723F029
:1027B0000043C1F80035D1F8003543F00043C1F8BB
:1027C0000035D1F8003523F40043C1F8003502E0AC
:1027D0001368002BE8DA019B0133B3F57A7F01938C
:1027E000F6D9002002B0704730B4002484B04FF412
:1027F0008465AA4A00940146836823F0010383603C
:102800000394056102E00B69980604D5039B01332C
:1028100093420393F7D900201023A04A02900B6142
:1028200002E00B69DB0604D5029B0133934202935D
:10283000F7D9D1F8003501F5A06201F5E060019308
:10284000019B43F080430193019B23F000430193DC
:10285000019B23F400430193019BC1F80035D1F89B
:1028600020350193019B43F080430193019B23F0AA
:1028700000430193019B23F400430193019BC1F8A2
:102880002035D1F840350193019B43F080430193FB
:10289000019B23F000430193019B23F40043019328
:1028A000019BC1F84035D1F860350193019B43F09D
:1028B00080430193019B23F000430193019B23F488
:1028C00000430193019BC1F86035D1F88035019335
:1028D000019B43F080430193019B23F0004301934C
:1028E000019B23F400430193019BC1F88035D1F88B
:1028F000A0350193019B43F080430193019B23F09A
:1029000000430193019B23F400430193019BC1F811
:10291000A035D1F8C0350193019B43F0804301936A
:10292000019B23F000430193019B23F40043019397
:10293000019BC1F8C035D1F8E0350193019B43F00C
:1029400080430193019B23F000430193019B23F4F7
:1029500000430193019BC1F8E035D1F800360193A3
:10296000019B43F080430193019B23F000430193BB
:10297000019B23F400430193019BC1F80036D1F879
:1029800020360193019B43F080430193019B23F088
:1029900000430193019B23F400430193019BC1F881
:1029A0002036D1F840360193019B43F080430193D8
:1029B000019B23F000430193019B23F40043019307
:1029C000019BC1F84036D1F860360193019B43F07A
:1029D00080430193019B23F000430193019B23F467
:1029E00000430193019BC1F86036D1F88036019312
:1029F000019B43F080430193019B23F0004301932B
:102A0000019B23F400430193019BC1F88036D1F868
:102A1000A0360193019B43F080430193019B23F077
:102A200000430193019B23F400430193019BC1F8F0
:102A3000A036D1F8C0360193019B43F08043019347
:102A4000019B23F000430193019B23F40043019376
:102A5000019BC1F8C036D1F8E0360193019B43F0E9
:102A600080430193019B23F000430193019B23F4D6
:102A700000430193019BC1F8E03613680193019B69
:102A800043F080430193019B43F000430193019B7A
:102A900023F400430193019B136004E0400D030005
:102AA0001368002B05DA009B0133B3F57A7F00939E
:102AB000F6D920328242E0D14FF0FF330020C1F836
:102AC00014344B618B6843F001038B6004B030BC5D
:102AD000704700BF08B5D0F88C321BB11B6898470F
:102AE00000B908BD022008BD08B5D0F88C325B687B
:102AF0009847002008BD00BF38B500F52075044692
:102B0000284600F07DFB0122B4F8863294F880124A
:102B1000C4E99B2301F01F03934209D0022B13D079
:102B200063B101F080012046F5F76CFB002038BD51
:102B30002946204600F092FA002038BD294620465A
:102B400000F00AF9002038BD2946204600F0BAFA04
:102B5000002038BD38B5054669B91346D0F86C2257
:102B6000032A15D0052A0C460ED1C5F86C12F5F7CC
:102B700049FB204638BDD0F88C329B6933B190F8C0
:102B80007422032A02D19847002038BD022038BDA4
:102B9000D0E9531291420CD9891A8A42C0F84C11DB
:102BA00088BF8AB2194698BF92B200F055FB002048
:102BB00038BDD0F88C321B691BB190F87422032AFF
:102BC00004D0284600F052FB002038BD9847F8E7B3
:102BD00070B5044661B9D0F86C32022B15D033F0D1
:102BE000040337D094F87832012B2ED0002070BD2A
:102BF000D0F88C325B6933B190F87422032A02D189
:102C00009847002070BD022070BDD0E908630D46D2
:102C10009E4223D8C669B6FBF3F203FB12620AB9DF
:102C2000B34228D9D4F88C32DB681BB194F87422F3
:102C3000032A30D080212046F5F7E4FA204600F040
:102C400021FB94F87832012BD0D10023184684F868
:102C5000783270BD8021F5F7D5FAC3E7F31A114633
:102C600003629AB200F0EEFA2B462A462946204625
:102C7000F5F714FBB6E7D0F870329E42D2D20A467E
:102C800000F0E0FA2B462A4629462046C4F8705246
:102C9000F5F704FBA6E720469847CBE770B500227E
:102CA00040260446012511463346F5F799FA334686
:102CB000802100222046C4F84451C4F85061F5F741
:102CC0008FFA0021D4F89032A561666284F87452BC
:102CD000C4F86C126160C4F87C1223B1D4F88C3251
:102CE00020465B689847002070BD00BF0346002067
:102CF0001974704703460421002093F8742283F866
:102D0000741283F8752270470346002093F87522E9
:102D100083F87422704700BF90F87422032A01D010
:102D20000020704708B5D0F88C32DB6903B19847B2
:102D3000002008BD00207047002070470020704729
:102D4000D0F88C22012108B580F8741201795368FB
:102D50009847002008BD00BF30B50B7883B00D4602
:102D6000044603F06003202B0DD0402B0BD09BB109
:102D700080212046F5F746FA00212046F5F742FA71
:102D8000002003B030BDD4F88C32294620469B6821
:102D90009847002003B030BD4B78092BE8D801A23A
:102DA00052F823F0FF2D01082B2E0108712D010888
:102DB000492E0108712D0108512E0108892E0108A4
:102DC000712D0108B92E0108CD2D01088978A24D79
:102DD00001292970CCD890F87432022B00F01281AE
:102DE000032B00F000818021F5F70CFA002120462A
:102DF000F5F708FA29782046FFF776FEC0E790F845
:102E00007432013B022BB3D8CB88022BB0D1012204
:102E1000D0F87C32C2600BB10323C360022204F1FC
:102E20000C01204600F000FAAAE790F87432013B4A
:102E3000022B9DD84B88012BA2D100232046C4F839
:102E40007C3200F013FA9BE74B88012B98D1F5E711
:102E50008B88002B8CD1CB88002B89D14D887F2D7E
:102E600086D890F87432032B82D0E9B280F87612BB
:102E7000F5F7F8F9204600F0F9F9002D00F0E080B0
:102E8000022384F874327BE74A88130A013B062B3D
:102E90003FF66EAF01A151F823F000BF4D2F01089E
:102EA000352F0108232F0108712D0108712D01080C
:102EB0000D2F0108DF2E0108CA88012A7FF458AFC0
:102EC00090F87432022B00F28780002B3FF450AF51
:102ED0000146002341F8083F00F0A6F950E7037CC3
:102EE000002B7FF445AFD0F88C320DF106001B6B40
:102EF000984707234370BDF80620002A67D0EB8867
:102F0000002B5BD1204600F0B1F939E7037C002BA0
:102F10007FF42EAFD0F88C320DF106005B6B984732
:102F2000E9E7D1B2052900F28F80DFE801F0271F21
:102F300017372F3F037C002B72D1D0F88C320DF164
:102F400006009B6A984702234370D4E7D0F8883282
:102F50000DF10601007C1B689847CCE7D0F8883259
:102F60000DF10601007CDB689847C4E7D0F8883291
:102F70000DF10601007C9B689847BCE7D0F88832C9
:102F80000DF10601007C5B689847B4E7D0F8883201
:102F90000DF10601007C5B699847ACE7D0F88832F8
:102FA0000DF10601007C1B699847A4E7D0F8883230
:102FB0000DF10601007C9B6998479CE79A42014607
:102FC000204628BF1A46ADF8062000F02DF9EB8800
:102FD000002B7FF4D5AE95E7032B7FF4C9AE011D1E
:102FE00000F022F9CCE621B3416801298AD0C9B2A8
:102FF000FFF77AFD297820466160FFF76BFD022814
:1030000080D1B5E600293FF47DAF01210323416063
:1030100080F87432FFF75EFD02287FF473AFA7E6F5
:10302000D0F88C320DF10600DB6A9847022343701A
:1030300061E70223416080F87432FFF755FD61E7D4
:10304000012384F874329BE6D0F88C320DF106022D
:103050009B6B98474FE700BF40C8002438B50B78FA
:103060000D46044603F06002402A0AD05B0608D5EC
:103070008021F5F7C7F800212046F5F7C3F80020B6
:1030800038BD94F87432013B022B11D82B79012BF7
:103090000ED8D4F88C32294620469B689847EB8896
:1030A000002BECD10028EAD1204600F0DFF8E6E75B
:1030B00080212046F5F7A6F800212046F5F7A2F872
:1030C000002038BD38B50B78044603F06003202B90
:1030D0000CD0402B0AD083B180212046F5F792F81E
:1030E00000212046F5F78EF8002038BDD4F88C3248
:1030F00020469B689847002038BD4B788A88012B72
:103100005FFA82FC37D0032B23D0002BE4D190F858
:103110007432022B4AD0032BDED10CF00F031206BF
:1031200003EB830300EB830351D4D3F84431002B2A
:10313000D2D00CF07F03142505FB030505F5A0751F
:10314000002B4FD12B6002222946204600F06CF85C
:10315000CAE790F87432022B1DD0032BBCD14B88E8
:103160002BB91CF07F0F02D0CB88002B43D0204618
:1031700000F07CF8B8E790F87432022B0BD0032BE8
:10318000AAD14B88002BAFD11CF07F0FEFD0614646
:10319000F5F746F8EBE71CF07F0F9DD06146F5F799
:1031A00031F880212046F5F72DF89DE71CF07F0FC0
:1031B00092D111064FF000034FF002024CBF00F114
:1031C000140100F5A0710B6000F02EF88CE79B69EC
:1031D000002B81D00CF07F035D1C05EB850500EB17
:1031E0008505ADE761462046F5F728F808B10123CB
:1031F000A8E72860A7E76146F5F704F8B7E700BF3E
:103200000B7803704B784370CA788B7803EB0223FA
:1032100043804A790B7903EB02238380CA798B7947
:1032200003EB0223C380704710B5134602240A46FD
:103230000021C0F86C42C0E90733F5F721F80020FF
:1032400010BD00BF8C46002108B513466246F5F755
:1032500017F8002008BD00BF8C46002108B51346B2
:103260006246F5F71BF8002008BD00BF08B5042131
:103270000023C0F86C121A461946F5F701F8002031
:1032800008BD00BF08B505210023C0F86C121A461E
:103290001946F5F703F8002008BD00BFD0F8C42395
:1032A0000132C0F8C42302780B2A00D07047D0F84E
:1032B0007C33002BFAD09B69184700BF012380F8AC
:1032C00023337047002380F82333704703460022DE
:1032D0000121104683F8201383F8212383F8222349
:1032E000704700BF38B501230025044680F821331C
:1032F00080F8235380F82053F4F7F4FF2179204617
:1033000000F006F86179204600F002F8284638BD42
:103310000A2907D800EB8100D0F88433C3F30E03E9
:10332000C0F88433002070470C4A82B00C4BD2F8AE
:10333000DC1041F04001C2F8DC10D2F8DC2002F0D1
:1033400040020192019A1A6822F020021A601A685B
:1033500042F004021A6002B0704700BF00440258F5
:1033600000180248714A036811698B4200B587B0A2
:103370004BD0916E8B4200F0B680D2F8C0108B42D9
:1033800000F0B380D2F818118B4200F0B080B3F196
:10339000804F1ED0664A93420DD0664A934200F099
:1033A000A880654A934200F0B280644A93421ED0DE
:1033B00007B05DF804FB624BD3F8E82042F002024C
:1033C000C3F8E820D3F8E83003F002030293029B2D
:1033D000EEE75B4BD3F8E82042F00102C3F8E820A7
:1033E000D3F8E83003F001030193019BE0E7544B6D
:1033F000D3F8E82042F01002C3F8E820D3F8E83010
:1034000003F010030593059BD2E700205821B3F188
:10341000804F01FB0022127B1ED045498B4235D0E4
:1034200044498B4248D044498B42BED1444BD3F8E7
:10343000E81041F00801C3F8E810D3F8E83003F0D1
:1034400008030493049B002AB2D0322000220F21EB
:10345000F5F782FE322014E0394BD3F8E81041F042
:103460000101C3F8E810D3F8E83003F00103019339
:10347000019B002A9CD01C2000220F21F5F76CFE36
:103480001C2007B05DF804EBF5F7A4BE2C4BD3F875
:10349000E81041F00201C3F8E810D3F8E83003F077
:1034A00002030293029B002A82D01D2000220F21DA
:1034B000F5F752FE1D20E4E7214BD3F8E81041F068
:1034C0000401C3F8E810D3F8E83003F004030393D1
:1034D000039B002A3FF46CAF1E2000220F21F5F75A
:1034E0003BFE1E20CDE7012090E702208EE703205F
:1034F0008CE7134BD3F8E82042F00402C3F8E8202D
:10350000D3F8E83003F004030393039B50E70C4B1C
:10351000D3F8E82042F00802C3F8E820D3F8E830F6
:1035200003F008030493049B42E700BF44C800244F
:103530000004004000080040000C00400010004063
:10354000004402580F4B026819698A420BD0996EE9
:103550008A4211D0D3F8C0108A420FD0D3F8181184
:103560008A420DD070470021582202FB01331A6DA8
:10357000002AF7D0586D10470121F5E70221F3E743
:103580000321F1E744C800240148FCF709BD00BF4E
:1035900054C800240148FCF703BD00BFACC8002498
:1035A0000148FCF7FDBC00BF04C900240148FCF73A
:1035B000F7BC00BF5CC90024F0B54FF0580C0F6891
:1035C0002E4D8DB00CFB07FC032F05EB0C0606609F
:1035D00047DC0B460868344649689A6807C41B7B79
:1035E000237004AC7268264B002A4FF0000272610F
:1035F00018BF1022B2610FCB84E80F000CAB03EBB5
:10360000870353F8203CB3F1804F336124D01D4A27
:10361000934221D030890CF11004582300218022DC
:1036200003FB07532C44C3E907019A622046FCF7C9
:1036300021FB034600B1FEE74FF4805208A9204663
:10364000099301930892CDE90A33CDE90233FCF7DF
:10365000E1FB034640B1FEE7582303FB075398689C
:10366000D9E701200DB0F0BD01A9204601930393D5
:10367000FCF74EFD0028F5D0FEE700BF44C800244B
:1036800058460108000C0040006808B5037B103064
:103690002BB1FCF7A9FB003818BF012008BDFCF7CF
:1036A00089FB003818BF012008BD00BF0C4B002269
:1036B0004FF0FF311A739960196683F86420C3F8DC
:1036C000B81083F8BC20C3F8101183F81421C3E9A3
:1036D0000022C3E91622C3E92C22C3E94222704723
:1036E00044C80024034688B190F83D20022A03D044
:1036F000802201209A66704702680421002083F826
:103700003D10D36823F00103D36070470120704758
:10371000B0EE087A00234FF07C524FF07A51DFF878
:1037200034C0C0EE077A80ED000A8260C0F804C0A1
:10373000C2604264016143618361C36103624362A9
:103740008362C362036403634363C3638363C0ED43
:10375000127A704700004843B0EE402A90ED097A93
:1037600090ED044AF6EE007AD0ED054AF0EE476A95
:10377000D0ED075AA4EEC72A90ED036AE7EE045A8B
:1037800080ED0B0A27EE065A25EE075A72EE652ADF
:10379000E4EE226A75EEE21AE7EE456AB0EE657A6B
:1037A000A4EEE60AA4EE267AB0EE665A26EE266A63
:1037B00026EE266A80ED060A70EE474A80ED077A0B
:1037C00027EE273A60EE273AA4EE245AC0ED084AC5
:1037D000A5EEA73A37EE647A24EEA74AE2EE273A3E
:1037E00027EE277AF0EE455AF0EE444A80ED0C3A87
:1037F000A1EEA77AE6EEC65AE2EEA74AC0ED103A6D
:1038000080ED0F7A25EEA76AC0ED095AC0ED0D4A8A
:10381000B0EE467AA6EEA77A80ED0E7A704700BF2A
:1038200090ED007AB5EE006ADFED2C7A37EE077A7C
:1038300080FE270AD0ED127AC0FE677AC7EE876A4B
:10384000C0ED017A10B504462DED028BF4EEC66A88
:10385000F1EE10FA2FDC9FED220A26EE800A00F02E
:103860002BFD70EE007AC4ED047AF5EE000A94EDBB
:10387000020AB7EE008A00F08BFBB0EE007AD4EDBE
:10388000046AB6EE006A78EE407A87EE260A77EE92
:10389000A77AA6EEC60AB4EE470AF1EE10FA37FE92
:1038A000000AF4EEC07AF1EE10FA07D484ED050AAE
:1038B000BDEC028B10BDDFED0B7AD4E7F5EE000A0C
:1038C00094ED020A00F064FB38EE400ABDEC028B76
:1038D00030EE000A84ED050A10BD00BFBD37863505
:1038E000DB0F4940F304B53FDFED217AF5EE000A26
:1038F00080FE270A10B504462DED028BB7EE008A34
:1039000080FE480A80ED020A00F042FBB0EE007A29
:10391000D4ED046A78EE407AB6EE006A87EE260AA5
:1039200077EEA77AA6EEC60AB4EE470AF1EE10FAD1
:1039300037FE000AF4EEC07AF1EE10FA0CD4D4EDA2
:10394000117A94ED027A84ED050A67EE877ABDEC70
:10395000028BC4ED037A10BDF5EE000A94ED020A65
:1039600000F016FB38EE400A30EE000AE7E700BF31
:1039700000000000037810B504462DED028B072BE4
:1039800000F2A581DFE813F05200A200B500870025
:103990009200C2001101080090ED068AF7EE006A5D
:1039A000D0ED037ABFEE000A90ED077AF4EEC87A04
:1039B000F1EE10FAB4EEC87A36FE800AF1EE10FA93
:1039C00000F3788136EEC76AB4EEC68AF1EE10FADB
:1039D00000F32981B7EE006A76EE677A77EE887A8F
:1039E000FDEEE76AF8EEE66A77EEE67AB4EEE77A9D
:1039F000F1EE10FA00F3268176EE476AF4EEE67AED
:103A0000F1EE10FA0DDD77EEC67AC7EE876AF0EEBA
:103A1000667AE6EEA67A76EEA76A36EE866A30EE2B
:103A2000460ADFEDAE7A20EE270A09E090ED068A1D
:103A30009FEDAB0A28EE000A00F03EFC94ED077AF9
:103A400077EE087AF7EE006AF4EEE67AF1EE10FA15
:103A500040F3D68077EEE67A0123C4ED067A37EE9E
:103A6000C77A84F82930F6EE006AB4EEE67AF1EE11
:103A700010FA40F1C380F4EEE67AF1EE10FAACBF32
:103A800001230023D4ED017A84F8283020EE270AA0
:103A9000BDEC028B10BDF0EE007A90ED068ABFEE11
:103AA000000A90ED077AA8EE270AC9E790ED068A8A
:103AB000D0ED037A90ED077AB4EEE78AF1EE10FAD2
:103AC0004CBFB7EE000ABFEE000AB9E7F0EE006A9D
:103AD00090ED068ABFEE000A90ED077AF6EE007AC6
:103AE000A8EE260AB0EEC00A30EE670A30EE000AF1
:103AF000A6E7F0EE007A90ED068ABFEE000A90EDA0
:103B0000077AA8EE270AB1EE400A99E7F6EE006AB6
:103B100090ED068A90ED077AF7EE007AFFEE005AF4
:103B2000B4EEE68AF1EE10FAB4EEC87A48BFF0EED1
:103B3000675AF1EE10FA00F3AE8077EEC76AB4EE82
:103B4000E68AF1EE10FA5FDCF6EE007A78EE277A7C
:103B5000BDEEE76AB8EEC66A77EEC67AB4EEE77AEB
:103B6000F1EE10FA7BDCF4EEE67AF1EE10FA0FDDFE
:103B7000B7EE005A77EEC57A87EE876AF0EE467A9E
:103B8000E6EE067A36EE276A36EE056A75EEC65A16
:103B9000D4ED087AB1EE000A66EEA76AE7EE256A70
:103BA00026EE800AC4ED086A4AE790ED068AF0EE38
:103BB000007A90ED077ABFEE000AB4EEC87AA8EE5C
:103BC000270AF1EE10FA59DCF7EE006A76EEC77AB2
:103BD000B4EEE78AF1EE10FA0DDD38EE666AC6EE55
:103BE000077AB0EE676AA7EEA76A77EE867A77EE75
:103BF000A67A30EE670AB1EE400A21E7002341E7DA
:103C00000023C4ED067A2AE738EE675A85EE076A84
:103C1000B0EE465AA6EE065A36EE056A76EE277ADA
:103C200075EEA75A90E778EE665A85EE876AF0EE51
:103C3000465AE6EE065A36EE256A76EE266A30EEEB
:103C4000260AC7E6C7EE876AF0EE005A66EEE67A05
:103C5000E6EEA57A37EEC66A30EE460AE1E687EE72
:103C6000876AF0EE004AB7EE005A66EE467AE6EE54
:103C7000247A77EEC57A75EEE75A89E788EE076A07
:103C8000F7EE005A66EE466AE6EE276A76EEE57AC9
:103C900030EE670AAFE788EE075AF0EE004A77EE9B
:103CA000C76A25EE456AA5EE246A76EE677A75EE58
:103CB000A75A49E7C8EE075AB0EE005A25EEE56A62
:103CC000A5EE856A76EE666A30EE260A82E690ED0B
:103CD000077A90ED068A9FED030AB1E6F4FD343FC2
:103CE000DB0FC94000000000D0ED057A20EE270A66
:103CF000704700BF0B460146184600F0E3BB00F0DA
:103D000015B80AB100F01EBC7047012A10B404D1E6
:103D10000A785DF8044B027070475DF8044BFFF7BA
:103D2000F0BF08B5521AFFF7F0FF08BD00F002BC63
:103D300038B510EE104AC4F30A53B3F57D7FB7EEE1
:103D4000C07A1ED227EE077BB3F5667F6FD327EECE
:103D5000071B634B93ED142B93ED125B93ED0E3B1E
:103D6000A7EE025B93ED0C0B93ED104BA7EE030B4C
:103D700027EE017BA1EE040BA5EE070BB7EEC00BFF
:103D800038BD40F22E42934254D8554991ED086B0C
:103D900027EE066BFDEEC66B91ED0A5B16EE903AD0
:103DA00003F500031B1613F0020F06EE903A01F123
:103DB000700208BF0A46D807B8EEE66BA6EE457B50
:103DC00027EE076B1AD503F0030301EBC30393ED52
:103DD000002B92ED1A4B92ED185B92ED163BA6EE7E
:103DE000045B27EE027B27EE064B26EE046BA4EE67
:103DF000037BA5EE067BB7EEC70B38BD92ED142B07
:103E000092ED127B92ED0E3B92ED0C0B92ED104B6E
:103E100026EE065BA6EE027BA6EE030B26EE056BF6
:103E2000A5EE040BA7EE060BB7EEC00B38BDB7EE40
:103E3000000A38BDB3F5FF6F3DD22A4BC4F383624D
:103E400003EB820153F822200D69C4F31603C4F377
:103E5000C25043F400038340086A03FB02F2A3FB51
:103E60000010E3FB050202F100518D0F01F040410B
:103E7000511AECF7BFFB1C4B9FED177B05EBD4747D
:103E800041EC160B14F0020FA3F1700208BF1346A9
:103E9000E90726EE077B27EE076B10D504F0030435
:103EA00002EBC40494ED002B93ED1A4B93ED185BD9
:103EB00093ED163B93E7BDE8384000F057B893ED1B
:103EC000142B93ED127B93ED0E3B93ED0C0B93EDC6
:103ED000104B9DE7AFF30080182D4454FB21193C93
:103EE00098510108385101080852010810B582B0F4
:103EF0008DED010A044600F0F3FA9DED010A04601D
:103F000002B010BD30B1F1EE407A27EE800A2220D7
:103F1000FFF7ECBFF0EE407A27EE800A2220FFF791
:103F2000E5BF00BF9FED010AFFF7ECBF00000010E6
:103F30009FED010AFFF7E6BF0000201A9FED010A7E
:103F4000FFF7E0BF000000709FED070AFFEE007A68
:103F5000B7EE007A00284FF0220047FE277A87EE5E
:103F6000800AFFF7C3BF00BF0000000070EE407A78
:103F7000B4EE400A87EEA77AF1EE10FAB0EE470AE7
:103F800002D62120FFF7B2BF704700BF000000003B
:103F900030B410EE103A2DED028BA3F5000110EEB7
:103FA000902AB1F1FE4F10EE104A82B04FEA420162
:103FB0007ED201F1FF3C6FF08070844580F0F98083
:103FC000002004F1404303F54D03C3F3C341DB0D6F
:103FD000DB05E21ADB1507EE903ABFEE001BB24B91
:103FE00003EB011191ED004B05EE102AB7EEC55A17
:103FF000A4EE051B93ED444B21EE012B93ED465BA4
:1040000093ED403BA1EE045B93ED426B93ED484B87
:10401000A1EE036B22EE023BB8EEE78BB7EEE07A3F
:1040200091ED020B38EE000BA1EE040BA2EE050B96
:10403000A6EE030B27EE000B10EE903A48F2BF02FB
:10404000C3F3CF33934252D2B7EE007B974B93ED3D
:10405000402B30EE023B13EE102A33EE423B02F0CF
:104060001F01821803EBC10053F83140456830EE60
:10407000433B93ED465B93ED424BA3EE057BB0EEE5
:10408000470B93ED446B0023181905EBC23141EC4B
:10409000170BA3EE046B23EE034BA6EE040B20EEEE
:1040A000070BB7EEC00B02B0BDEC028B30BC704703
:1040B0004D1E6FF08070854280F0CE8059004D1EFD
:1040C000854280F09280002B55DB0020B4F5000F74
:1040D000BFF477AFDFED767A07EE103A67EE277A16
:1040E00017EE904A24F00044A4F1386469E79FED8C
:1040F000667BB4EEC70BF1EE10FA15DC9FED647B26
:10410000B4EEC70BF1EE10FA20DD4FF04C5388B13E
:104110000193DDED017ABFEE007A77EE677AF4EE77
:10412000477AF1EE10FA11D002B0BDEC028B30BC30
:10413000FFF704BF0093DDED007AB7EE007A77EE6B
:10414000877AF4EE477AF1EE10FAEDD19FED527BCB
:10415000B4EEC70BF1EE10FA57D99FED517BB4EED8
:10416000C70BF1EE10FA7FF56FAF02B0BDEC028B1A
:1041700030BCFFF7DDBEC2F3C7517E2911DD9629A1
:1041800054DC0120C1F1960100FA01F1481E1042F1
:1041900007D111EA020018BF4FF4803024F0004428
:1041A00094E700EE103A02B0BDEC028B30BCFFF792
:1041B000DDBE002952D0B3F17E5F2CD06400B4F193
:1041C0007F4F2ED8B1F17F4F2BD1B4F1FE4F4BD0A2
:1041D000B4F1FE4F6FEA020234BF00240124D20F73
:1041E00094424CD09FED330A5DE7002B20EE000A8D
:1041F0001EDB002000293AD1002ABFF654AF02B0DE
:10420000BDEC028B30BCFFF79FBE02B0BDEC028B51
:1042100030BCFFF787BE82F48002520012F5000F17
:1042200022D907EE903A37EEA00A3CE70020B5E726
:10423000C2F3C753A3F17F001728DAD8C3F1960061
:10424000012303FA00F0441E1442D2D11040D1D011
:10425000B1EE400A1846CDE70029AFD184F48002C0
:10426000520012F5000FDCD8B7EE000A1BE7002A57
:10427000BFF619AFF7EE007A87EE800A13E720EE5B
:10428000A00A10E7AFF3008071D5D1FFFFFF5F40B8
:10429000E2AAA3FFFFFF5F400000000000C062C071
:1042A0000000000000A062C0105001087852010810
:1042B0000000004B0000000030B510EE104AC4F3BF
:1042C0000A53B3F57D7FB7EEC06A83B01BD226EEEA
:1042D000065BB3F5667F70D326EE052B25EE021B39
:1042E000754B93ED1A3B93ED187B93ED164BA5EEB2
:1042F000037BA2EE046BB0EE460BA7EE010BB7EE0C
:10430000C00B03B030BD40F22E42934260D86A49E0
:1043100091ED087B26EE077BFDEEC77B91ED0A5BF6
:1043200017EE903A03F500031B1613F0020F07EE89
:10433000903A01F1700208BF0A46D807B8EEE77B51
:10434000A7EE456BB0EE460B26EE067B1BD403F0C2
:10435000030301EBC30392ED1A5B93ED003B92ED77
:10436000186B20EE030B92ED164BA7EE056B20EEBB
:10437000075B27EE057BA5EE040BA6EE070BB7EE59
:10438000C00B03B030BD92ED142B27EE075B92ED0E
:10439000126B92ED0E3BA7EE026B92ED0C0B92EDC1
:1043A000104BA7EE030B27EE057BA5EE040BA6EE44
:1043B000070BB7EEC00B03B030BD220D12F4FF6F38
:1043C000DFD1B7EEC55B00EE104A8DED015AD8E79C
:1043D000B3F5FF6F4BD2394BC4F3836203EB820119
:1043E00053F822200D69C4F31603C4F3C25043F4FA
:1043F00000038340086A03FB02F2A3FB0010E3FB07
:10440000050202F100518D0F01F04041511AECF705
:10441000F1F82B4B9FED267B05EBD47441EC160B8A
:1044200014F0020FA3F1700208BF1346E90726EE4D
:10443000077B27EE076B1FD404F0030402EBC404D0
:1044400093ED1A4B94ED002B93ED185B27EE027B56
:1044500093ED163BA6EE045B27EE064B26EE046BAF
:10446000A4EE037BA5EE067BB7EEC70B89E703B08E
:10447000BDE83040FFF77ABD93ED142B26EE065BC6
:1044800093ED127B93ED0E3BA6EE027B93ED0C0BAE
:1044900093ED104BA6EE030B26EE056BA5EE040B79
:1044A000A7EE060BB7EEC00B6BE700BFAFF30080C3
:1044B000182D4454FB21193C98510108385101082A
:1044C0000852010810B5054C13462CB10A460146A6
:1044D0000220AFF3008010BD2046FCE70000000082
:1044E000014B1868704700BF8403002470B50D4D60
:1044F0000D4C641BA4100026A64209D10B4D0C4C98
:1045000000F08EFF641BA4100026A64205D170BDEA
:1045100055F8043B98470136EEE755F8043B9847B9
:104520000136F2E7405401084054010840540108A4
:1045300064540108024B0146186800F019B800BF26
:10454000840300240A44914200F1FF3300D17047F4
:1045500010B511F8014B03F8014F9142F9D110BD8C
:1045600002440346934200D1704703F8011BF9E768
:1045700037B5002944D051F8043C0190002BA1F13B
:104580000404B8BFE41800F041F81E4A019813680B
:1045900033B96360146003B0BDE8304000F03CB84C
:1045A000A34208D9256861198B4201BF19685B686D
:1045B00049192160EDE71A465B680BB1A342FAD9AD
:1045C00011685518A5420BD1246821445418A34200
:1045D0001160E0D11C685B68536021441160DAE728
:1045E00002D90C230360D6E7256861198B4204BF0A
:1045F00019685B68636004BF491921605460CAE7A9
:1046000003B030BDA4C90024704770470148FFF7CC
:10461000FBBF00BFA8C900240148FFF7F6BF00BFD9
:10462000A8C9002401070000010600000054004052
:1046300000580040005C0040001C00582500260087
:104640002700340035004700520053008E00000060
:1046500001010103070100000000004000040040C8
:1046600000080040000C00404D6964690000000033
:104670000000000000000000A9090008110A00085D
:10468000AD090008B1090008B50900087D1200084D
:10469000C112000839180008C1130008ED0C000809
:1046A0002D0B00088D0E0008A10A00080201000071
:1046B00000060000060000000C00000012000000D0
:1046C0001800000000010000060100000C010000BD
:1046D00012010000180100000002000006020000A4
:1046E0000C0200001202000018020000000300008B
:1046F00006030000000203000000000001000000AB
:10470000000000000000FA4500007A460000FA466A
:1047100000803B470080BB4700300140003800402C
:10472000003C00400034014000500140001400589B
:104730000000000400000000000000200B00FF004B
:10474000940000247C000024880000244C000024F5
:10475000B8000024A0000024AC000024580000246D
:10476000DC000024C4000024D000002464000024E5
:10477000C4B10024ACB10024B8B1002494B1002429
:10478000E8B10024D0B10024DCB10024A0B10024A1
:1047900000010024E8000024F4000024700000243C
:1047A000001001400044004000480040004C004020
:1047B000005000400014014000780040007C0040A0
:1047C000000C00580000000000040000000600007B
:1047D0000010000000000000003000000020000079
:1047E00000000010000000000010000000000000A9
:1047F0000102030401020304060708090002010282
:104800000002010201000200040008001000200064
:104810004000800000010002000400080010002099
:1048200000400080000002580004025800080258AE
:10483000000C0258001002580014025800180258C8
:10484000001C025800200258002402580028025878
:104850000000000000000000000000000000000058
:104860000000000000000000001000100010001008
:1048700000100010000000100000000000280028B8
:104880000028000000000000000000000000000000
:1048900000240024007C00240048007C00480048DC
:1048A000000000000038005400500038001400548C
:1048B0000054003800100000002000540058003060
:1048C0000028005400140008000000000010002818
:1048D00000280010003400480048003400000000A8
:1048E0000010001000100000000000000000000098
:1048F0000000000000080010002000200020002020
:10490000002000200010000800200010000800080F
:1049100000080008000800080010002000100038FF
:10492000001000280000000000000000000000004F
:104930000000000000100010007C001000100000BB
:104940000000000000000000000000000000000067
:104950000000001000100010000000000000000027
:10496000000000380000000000000000000000000F
:104970000000000000000000000000100000000027
:104980000008000800100010001000100020002097
:10499000000000000038004400440054004400447B
:1049A00000440038000000000010003000500010EB
:1049B000001000100010001000000000003800443B
:1049C00000440004000800100020007C00000000EB
:1049D00000380044000400180004000400440038BB
:1049E0000000000000080018002800280048007C93
:1049F0000008000800000000007C00400040007833
:104A000000040004004400380000000000380044A6
:104A100000400078004400440044003800000000DA
:104A2000007C00040008001000100020002000207E
:104A300000000000003800440044003800440044F6
:104A400000440038000000000038004400440044E6
:104A5000003C00040044003800000000000000009A
:104A60000010000000000000000000100000000026
:104A70000000000000000010000000000000001016
:104A80000010001000000000000C0030004000305A
:104A9000000C000000000000000000000000007C8E
:104AA0000000007C0000000000000000000000008A
:104AB0000060001800040018006000000000000002
:104AC000003800440004000800100010000000102E
:104AD0000000000000380044004C0054005C00401E
:104AE00000400038000000000010002800280028C6
:104AF0000028007C004400440000000000780044CE
:104B000000440078004400440044007800000000A5
:104B1000003800440040004000400040004400389D
:104B200000000000007000480044004400440044BD
:104B30000048007000000000007C00400040007C45
:104B4000004000400040007C00000000007C00406D
:104B5000004000780040004000400040000000009D
:104B60000038004400400040005C0044004400382D
:104B700000000000004400440044007C0044004465
:104B80000044004400000000003800100010001035
:104B900000100010001000380000000000040004A5
:104BA0000004000400040004004400380000000079
:104BB0000044004800500060005000480048004495
:104BC0000000000000400040004000400040004065
:104BD0000040007C000000000044006C006C0054A9
:104BE000004400440044004400000000004400640D
:104BF000006400540054004C004C004400000000CD
:104C0000003800440044004400440044004400389C
:104C10000000000000780044004400440078004098
:104C20000040004000000000003800440044004400
:104C300000440044005400380004000000780044A0
:104C40000044004400780048004800440000000090
:104C500000380044004000300008000400440038E0
:104C600000000000007C0010001000100010001078
:104C70000010001000000000004400440044004404
:104C80000044004400440038000000000044004498
:104C90000044002800280028001000100000000038
:104CA00000440044005400540054006C00280028C4
:104CB0000000000000440028002800100010002818
:104CC00000280044000000000044004400280028A0
:104CD000001000100010001000000000007C000414
:104CE00000080010001000200040007C00000000C0
:104CF000001800100010001000100010001000102C
:104D000000100018002000200010001000100010FB
:104D10000008000800000000003000100010001023
:104D200000100010001000100010003000100028CB
:104D30000028004400000000000000000000000007
:104D40000000000000000000000000000000000063
:104D5000000000FE00200010000000000000000025
:104D600000000000000000000000000000380044C7
:104D7000003C0044004C00340000000000400040B3
:104D80000058006400440044006400580000000023
:104D9000000000000038004400400040004400389B
:104DA00000000000000400040034004C00440044F3
:104DB000004C0034000000000000000000380044F7
:104DC000007C00400044003800000000000C00108F
:104DD000007C001000100010001000100000000007
:104DE000000000000034004C00440044004C00343B
:104DF0000004007800400040005800640044004473
:104E0000004400440000000000100000007000108A
:104E10000010001000100010000000000010000042
:104E2000007000100010001000100010001000E0D2
:104E3000004000400048005000600050004800441E
:104E400000000000007000100010001000100010A2
:104E50000010001000000000000000000078005466
:104E600000540054005400540000000000000000F2
:104E70000058006400440044004400440000000066
:104E800000000000003800440044004400440038A2
:104E900000000000000000000058006400440044CE
:104EA0000064005800400040000000000034004C46
:104EB00000440044004C00340004000400000000E2
:104EC0000058006400400040004000400000000026
:104ED00000000000003800440030000800440038A2
:104EE00000000000002000200078002000200020AA
:104EF00000200018000000000000000000440044F2
:104F000000440044004C0034000000000000000099
:104F10000044004400280028002800100000000081
:104F200000000000005400540054006C00280028C9
:104F300000000000000000000044002800100010E5
:104F4000002800440000000000000000004400446D
:104F50000028002800100010001000600000000071
:104F6000007C0008001000200040007C00000000D1
:104F70000018001000100010002000200010001089
:104F80000010001800100010001000100010001099
:104F90000010001000100010003000100010001071
:104FA0000008000800100010001000300000000091
:104FB00000000074004C0000000000000000000031
:104FC0000006101600061016018080808080808008
:104FD00004808080808080800880808080808080C5
:104FE0001080808080808080208080808080808091
:104FF00040000000000408102040000002040810D7
:105000002040000008040204080101010000000023
:10501000BEF3F879EC61F63F1930965BC6FEDEBF51
:105020003D88AF4AED71F53FA4FCD432680BDBBF7D
:10503000B010F0F03995F43F7BB71F0A8B41D7BF12
:105040008503B8B095C9F33F7BCF6D1AE99DD3BFF7
:10505000A564880C190DF33F31B6F2F39B1DD0BF48
:10506000A08E0B7B225EF23FF07A3B1B1D7CC9BFFA
:105070003F341A4A4ABBF13F9F3CAF93E3F9C2BFAA
:10508000BAE58AF05823F13F5C8D78BFCB60B9BF99
:10509000A70099413F95F03FCE5F47B69D6FAABFED
:1050A000000000000000F03F0000000000000000D1
:1050B000AC479AFD8C60EE3F3DF5249FCA38B33F64
:1050C000A06A021FB3A4EC3FBA913854A976C43F3A
:1050D000E6FC6A573620EB3FD2E4C44A0B84CE3F4D
:1050E0002DAAA163D1C2E93F1C65C6F04506D43F95
:1050F000ED417803E686E83FF89F1B2C9C8ED83F55
:10510000624853F5DC67E73FCC7BB14EA4E0DC3F5F
:105110000B6E49C91676D23F7AC675A06919D7BFFA
:10512000DDBAA76C0AC7DE3FC8F6BE484715E7BF21
:105130002BB82A654715F73FA2000000F9A200002E
:1051400083F9A2006E83F9A24E6E83F9444E6E83FA
:1051500015444E6E2915444EFC29154427FC29158B
:105160005727FC29D15727FCF5D1572734F5D157BC
:10517000DD34F5D1C0DD34F5DBC0DD3462DBC0DD0C
:105180009562DBC0999562DB3C999562433C9995A9
:1051900090433C994190433C000000000000F03FE8
:1051A000000000000000F0BF000000000000F0BFA1
:1051B000000000000000F03F83C8C96D305F64410B
:1051C000182D4454FB21F93F000000000000F03F7F
:1051D0001C620CFDFFFFDFBF198F06E15355A53F91
:1051E0009D359AE887C056BFC3F87B024393F93ECA
:1051F00003A695595455C5BFC40B23057610813FAE
:1052000024CF7437EB9429BF000000000000F03F6A
:10521000000000000000F0BF000000000000F0BF30
:10522000000000000000F03F83C8C96D305F64419A
:10523000182D4454FB21F93F000000000000F0BF8E
:105240001C620CFDFFFFDF3F198F06E15355A5BF20
:105250009D359AE887C0563FC3F87B024393F9BE59
:1052600003A695595455C5BFC40B23057610813F3D
:1052700024CF7437EB9429BF000000000000F03FFA
:10528000748515D3B0D9EF3F0F89F96C58B5EF3F4E
:10529000515B12D00193EF3F7B517D3CB872EF3FE1
:1052A000AAB968318754EF3F3862756E7A38EF3F9C
:1052B000E1DE1FF59D1EEF3F15B7310AFE06EF3FF9
:1052C000CBA93A37A7F1EE3F2234124CA6DEEE3FCF
:1052D0002D89616008CEEE3F272A36D5DABFEE3F32
:1052E000824F9D562BB4EE3F295448DD07ABEE3F6D
:1052F00085553AB07EA4EE3FCD3B7F669EA0EE3F43
:10530000745FECE8759FEE3F8701EB7314A1EE3FED
:1053100013CE4C9989A5EE3FDBA02A42E5ACEE3FC7
:10532000E5C5CDB037B7EE3F90F0A38291C4EE3F14
:105330005D253EB203D5EE3FADD35A999FE8EE3FCF
:10534000475EFBF276FFEE3F9C5285DD9B19EF3FF7
:105350006990EFDC2037EF3F87A4FBDC1858EF3F64
:105360005F9B7B33977CEF3FDA90A4A2AFA4EF3F23
:1053700040456E5B76D0EF3F000000000000E84241
:105380009423914BF86AAC3FF3C4FA50CEBFCE3FA2
:10539000D6520CFF422EE63F0000000000003843CA
:1053A000FE822B65471547409423914BF86ABC3E1B
:1053B000F3C4FA50CEBF2E3FD6520CFF422E963F7A
:1053C00000000000000000000000000000000000DD
:1053D00000000000000000000000000000000000CD
:1053E00000000000000000000000000000000000BD
:1053F00000000000000000000000000000000000AD
:10540000000000000000000000000000000000009C
:10541000000000000000000000000000000000008C
:10542000F8B500BFF8BC08BC9E467047F8B500BF91
:08543000F8BC08BC9E46704761
:0854380048B2FE7F01000000F4
:10544000BD0200085D1F00086D3A0008ED4E00081F
:1054500015550008A16800086D78000871800008E3
:04546000AD3601085C
:0454640099020008A1
:105468000000000010000000000000000000000024
:105478000000000000000000000000001000000014
:105488000000000000000000000000000000000014
:1054980000000000100000000000000000000000F4
:1054A800000000000000000000000000060A0500DF
:1054B8000405000000000000010C050104070109B3
:1054C80005000000000406000000000000000000C5
:1054D80000040800000000000000000001040500AE
:1054E800060506090500000001050500070500007E
:1054F80000000000060B0500050500000000000084
:10550800010E05020205000000000000020105016D
:105518000F0502030500000003030500000000005A
:1055280000000000020B0601040600000000000055
:10553800020C06010507000000000000020A060030
:105548000000000000000000010408000608000038
:105558000000000001050800070800000000000026
:105568000005080000000000000000000000000026
:105578000000000000000000000000000000000023
:105588000000000001000000000000000000000012
:105598000000000000000000000000000000000003
:1055A80001000000000000000000000000000000F2
:1055B80000000000000000000000000001000000E2
:1055C80000000000000000000000000000000000D3
:1055D80000000000000000000100000000000000C2
:1055E80000000000000000000000000000000000B3
:1055F80000000000010000000000000000000000A2
:105608000000000000000000000000000000000092
:105618000100000000000000000000000000000081
:105628000000000000000000000000000100000071
:105638000000000000000000000000000000000062
:105648000000000000000000010000000000000051
:105658000000000000000000000000000000000042
:105668000000000001000000000000000000000031
:105678000000000000000000000000000000000022
:105688000100000000000000000000000000000011
:105698000000000000000000000000000100000001
:1056A80000000000000000000000000000000000F2
:1056B80000000000000000000100000000000000E1
:1056C80000000000000000000000000000000000D2
:1056D80000000000010000000107080000000000B1
:1056E80000000000010608000000000000000000A3
:1056F8000B00FF0024030024180300243C030024AB
:10570800300300245403002448030024E802002442
:10571800DC02002400030024F402002460C10024F9
:10572800600300240C0300243CC1002454C100245D
:1057380048C10024840200247802002401080802D9
:105748000B08000108000000010908020A0800000F
:1057580008000000010C0E03020801050E000000FD
:10576800020C0801060E00000000000001040B00F6
:105778000000000000000000010707010F040000FE
:1057880000000000010607010E04000000000000F0
:1057980000030700000000000000000000020700EE
:1057A8000000000000000000020B070000000000DD
:1057B80000000000020A07000000000000000000CE
:1057C8000609070000000000000000000090D00358
:1057D8000090D003070A00005448010801000000A7
:1057E800100000008803002400000000E0530108B6
:1057F80000540108C0530108000000000000000028
:105808000000000000000000000000000000000090
:105818000000000000000000000000000000000080
:105828000000000000000000000000000000000070
:105838000000000000000000000000000000000060
:08584800000000000000000058
:04000005080009598D
:00000001FF
