ARM GAS  /tmp/ccM1IMph.s 			page 1


   1              		.cpu cortex-m7
   2              		.eabi_attribute 28, 1
   3              		.eabi_attribute 20, 1
   4              		.eabi_attribute 21, 1
   5              		.eabi_attribute 23, 3
   6              		.eabi_attribute 24, 1
   7              		.eabi_attribute 25, 1
   8              		.eabi_attribute 26, 1
   9              		.eabi_attribute 30, 2
  10              		.eabi_attribute 34, 1
  11              		.eabi_attribute 18, 4
  12              		.file	"Midi.cpp"
  13              		.text
  14              	.Ltext0:
  15              		.cfi_sections	.debug_frame
  16              		.section	.text._ZN5daisy10DaisyPatchD2Ev,"axG",%progbits,_ZN5daisy10DaisyPatchD5Ev,comdat
  17              		.align	1
  18              		.p2align 2,,3
  19              		.weak	_ZN5daisy10DaisyPatchD2Ev
  20              		.arch armv7e-m
  21              		.syntax unified
  22              		.thumb
  23              		.thumb_func
  24              		.fpu fpv5-d16
  26              	_ZN5daisy10DaisyPatchD2Ev:
  27              	.LVL0:
  28              	.LFB2592:
  29              		.file 1 "../../libDaisy/src/daisy_patch.h"
   1:../../libDaisy/src/daisy_patch.h **** #pragma once
   2:../../libDaisy/src/daisy_patch.h **** #ifndef DSY_PATCH_BSP_H
   3:../../libDaisy/src/daisy_patch.h **** #define DSY_PATCH_BSP_H
   4:../../libDaisy/src/daisy_patch.h **** #include "daisy_seed.h"
   5:../../libDaisy/src/daisy_patch.h **** #include "dev/oled_ssd130x.h"
   6:../../libDaisy/src/daisy_patch.h **** 
   7:../../libDaisy/src/daisy_patch.h **** namespace daisy
   8:../../libDaisy/src/daisy_patch.h **** {
   9:../../libDaisy/src/daisy_patch.h **** /**
  10:../../libDaisy/src/daisy_patch.h ****     @brief Class that handles initializing all of the hardware specific to the Daisy Patch Board. \
  11:../../libDaisy/src/daisy_patch.h ****     Helper funtions are also in place to provide easy access to built-in controls and peripherals.
  12:../../libDaisy/src/daisy_patch.h ****     @author Stephen Hensley
  13:../../libDaisy/src/daisy_patch.h ****     @date November 2019
  14:../../libDaisy/src/daisy_patch.h ****     @ingroup boards
  15:../../libDaisy/src/daisy_patch.h **** */
  16:../../libDaisy/src/daisy_patch.h **** class DaisyPatch
  17:../../libDaisy/src/daisy_patch.h **** {
  18:../../libDaisy/src/daisy_patch.h ****   public:
  19:../../libDaisy/src/daisy_patch.h ****     /** Enum of Ctrls to represent the four CV/Knob combos on the Patch
  20:../../libDaisy/src/daisy_patch.h ****      */
  21:../../libDaisy/src/daisy_patch.h ****     enum Ctrl
  22:../../libDaisy/src/daisy_patch.h ****     {
  23:../../libDaisy/src/daisy_patch.h ****         CTRL_1,    /**< */
  24:../../libDaisy/src/daisy_patch.h ****         CTRL_2,    /**< */
  25:../../libDaisy/src/daisy_patch.h ****         CTRL_3,    /**< */
  26:../../libDaisy/src/daisy_patch.h ****         CTRL_4,    /**< */
  27:../../libDaisy/src/daisy_patch.h ****         CTRL_LAST, /**< */
  28:../../libDaisy/src/daisy_patch.h ****     };
  29:../../libDaisy/src/daisy_patch.h **** 
ARM GAS  /tmp/ccM1IMph.s 			page 2


  30:../../libDaisy/src/daisy_patch.h ****     /** Daisy patch gate inputs */
  31:../../libDaisy/src/daisy_patch.h ****     enum GateInput
  32:../../libDaisy/src/daisy_patch.h ****     {
  33:../../libDaisy/src/daisy_patch.h ****         GATE_IN_1,    /**< */
  34:../../libDaisy/src/daisy_patch.h ****         GATE_IN_2,    /** <*/
  35:../../libDaisy/src/daisy_patch.h ****         GATE_IN_LAST, /**< */
  36:../../libDaisy/src/daisy_patch.h ****     };
  37:../../libDaisy/src/daisy_patch.h **** 
  38:../../libDaisy/src/daisy_patch.h ****     /** Constructor */
  39:../../libDaisy/src/daisy_patch.h ****     DaisyPatch() {}
  40:../../libDaisy/src/daisy_patch.h ****     /** Destructor */
  41:../../libDaisy/src/daisy_patch.h ****     ~DaisyPatch() {}
  30              		.loc 1 41 5 view -0
  31              		.cfi_startproc
  32              		@ args = 0, pretend = 0, frame = 0
  33              		@ frame_needed = 0, uses_anonymous_args = 0
  34              		@ link register save eliminated.
  35              	.LBB566:
  36              	.LBI566:
  37              		.file 2 "../../libDaisy/src/hid/disp/oled_display.h"
   1:../../libDaisy/src/hid/disp/oled_display.h **** #pragma once
   2:../../libDaisy/src/hid/disp/oled_display.h **** #ifndef DSY_OLED_DISPLAY_H
   3:../../libDaisy/src/hid/disp/oled_display.h **** #define DSY_OLED_DISPLAY_H /**< Macro */
   4:../../libDaisy/src/hid/disp/oled_display.h **** 
   5:../../libDaisy/src/hid/disp/oled_display.h **** #include "display.h"
   6:../../libDaisy/src/hid/disp/oled_display.h **** 
   7:../../libDaisy/src/hid/disp/oled_display.h **** namespace daisy
   8:../../libDaisy/src/hid/disp/oled_display.h **** {
   9:../../libDaisy/src/hid/disp/oled_display.h **** /** 
  10:../../libDaisy/src/hid/disp/oled_display.h ****  * This class is for drawing to a monochrome OLED display. 
  11:../../libDaisy/src/hid/disp/oled_display.h ****  * @ingroup device
  12:../../libDaisy/src/hid/disp/oled_display.h **** */
  13:../../libDaisy/src/hid/disp/oled_display.h **** template <typename DisplayDriver>
  14:../../libDaisy/src/hid/disp/oled_display.h **** class OledDisplay : public OneBitGraphicsDisplayImpl<OledDisplay<DisplayDriver>>
  15:../../libDaisy/src/hid/disp/oled_display.h **** {
  16:../../libDaisy/src/hid/disp/oled_display.h ****   public:
  17:../../libDaisy/src/hid/disp/oled_display.h ****     OledDisplay() {}
  18:../../libDaisy/src/hid/disp/oled_display.h ****     virtual ~OledDisplay() {}
  38              		.loc 2 18 13 view .LVU1
  39              	.LBB567:
  40              	.LBI567:
  41              		.file 3 "../../libDaisy/src/hid/disp/display.h"
   1:../../libDaisy/src/hid/disp/display.h **** #pragma once
   2:../../libDaisy/src/hid/disp/display.h **** #ifndef DSY_DISPLAY_H
   3:../../libDaisy/src/hid/disp/display.h **** #define DSY_DISPLAY_H /**< Macro */
   4:../../libDaisy/src/hid/disp/display.h **** #include <cmath>
   5:../../libDaisy/src/hid/disp/display.h **** #include "util/oled_fonts.h"
   6:../../libDaisy/src/hid/disp/display.h **** #include "daisy_core.h"
   7:../../libDaisy/src/hid/disp/display.h **** #include "graphics_common.h"
   8:../../libDaisy/src/hid/disp/display.h **** 
   9:../../libDaisy/src/hid/disp/display.h **** #ifndef deg2rad
  10:../../libDaisy/src/hid/disp/display.h **** #define deg2rad(deg) ((deg)*3.141592 / 180.0)
  11:../../libDaisy/src/hid/disp/display.h **** #endif
  12:../../libDaisy/src/hid/disp/display.h **** 
  13:../../libDaisy/src/hid/disp/display.h **** namespace daisy
  14:../../libDaisy/src/hid/disp/display.h **** {
  15:../../libDaisy/src/hid/disp/display.h **** /** 
ARM GAS  /tmp/ccM1IMph.s 			page 3


  16:../../libDaisy/src/hid/disp/display.h ****  * This interface is used as a base class for all types of 1bit-per-pixel
  17:../../libDaisy/src/hid/disp/display.h ****  * graphics displays.
  18:../../libDaisy/src/hid/disp/display.h **** */
  19:../../libDaisy/src/hid/disp/display.h **** class OneBitGraphicsDisplay
  20:../../libDaisy/src/hid/disp/display.h **** {
  21:../../libDaisy/src/hid/disp/display.h ****   public:
  22:../../libDaisy/src/hid/disp/display.h ****     OneBitGraphicsDisplay() {}
  23:../../libDaisy/src/hid/disp/display.h ****     virtual ~OneBitGraphicsDisplay() {}
  24:../../libDaisy/src/hid/disp/display.h **** 
  25:../../libDaisy/src/hid/disp/display.h ****     virtual uint16_t Height() const = 0;
  26:../../libDaisy/src/hid/disp/display.h ****     virtual uint16_t Width() const  = 0;
  27:../../libDaisy/src/hid/disp/display.h **** 
  28:../../libDaisy/src/hid/disp/display.h ****     Rectangle GetBounds() const
  29:../../libDaisy/src/hid/disp/display.h ****     {
  30:../../libDaisy/src/hid/disp/display.h ****         return Rectangle(int16_t(Width()), int16_t(Height()));
  31:../../libDaisy/src/hid/disp/display.h ****     }
  32:../../libDaisy/src/hid/disp/display.h **** 
  33:../../libDaisy/src/hid/disp/display.h **** 
  34:../../libDaisy/src/hid/disp/display.h ****     size_t CurrentX() { return currentX_; };
  35:../../libDaisy/src/hid/disp/display.h ****     size_t CurrentY() { return currentY_; };
  36:../../libDaisy/src/hid/disp/display.h **** 
  37:../../libDaisy/src/hid/disp/display.h ****     /** 
  38:../../libDaisy/src/hid/disp/display.h ****     Fills the entire display with either on/off.
  39:../../libDaisy/src/hid/disp/display.h ****     \param on Sets on or off.
  40:../../libDaisy/src/hid/disp/display.h ****     */
  41:../../libDaisy/src/hid/disp/display.h ****     virtual void Fill(bool on) = 0;
  42:../../libDaisy/src/hid/disp/display.h **** 
  43:../../libDaisy/src/hid/disp/display.h ****     /**
  44:../../libDaisy/src/hid/disp/display.h ****     Sets the pixel at the specified coordinate to be on/off.
  45:../../libDaisy/src/hid/disp/display.h ****     \param x   x Coordinate
  46:../../libDaisy/src/hid/disp/display.h ****     \param y   y coordinate
  47:../../libDaisy/src/hid/disp/display.h ****     \param on  on or off
  48:../../libDaisy/src/hid/disp/display.h ****     */
  49:../../libDaisy/src/hid/disp/display.h ****     virtual void DrawPixel(uint_fast8_t x, uint_fast8_t y, bool on) = 0;
  50:../../libDaisy/src/hid/disp/display.h **** 
  51:../../libDaisy/src/hid/disp/display.h ****     /**
  52:../../libDaisy/src/hid/disp/display.h ****     Draws a line from (x1, y1) to (y1, y2)
  53:../../libDaisy/src/hid/disp/display.h ****     \param x1  x Coordinate of the starting point
  54:../../libDaisy/src/hid/disp/display.h ****     \param y1  y Coordinate of the starting point
  55:../../libDaisy/src/hid/disp/display.h ****     \param x2  x Coordinate of the ending point
  56:../../libDaisy/src/hid/disp/display.h ****     \param y2  y Coordinate of the ending point
  57:../../libDaisy/src/hid/disp/display.h ****     \param on  on or off
  58:../../libDaisy/src/hid/disp/display.h ****     */
  59:../../libDaisy/src/hid/disp/display.h ****     virtual void DrawLine(uint_fast8_t x1,
  60:../../libDaisy/src/hid/disp/display.h ****                           uint_fast8_t y1,
  61:../../libDaisy/src/hid/disp/display.h ****                           uint_fast8_t x2,
  62:../../libDaisy/src/hid/disp/display.h ****                           uint_fast8_t y2,
  63:../../libDaisy/src/hid/disp/display.h ****                           bool         on)
  64:../../libDaisy/src/hid/disp/display.h ****         = 0;
  65:../../libDaisy/src/hid/disp/display.h **** 
  66:../../libDaisy/src/hid/disp/display.h ****     /**
  67:../../libDaisy/src/hid/disp/display.h ****     Draws a rectangle based on two coordinates.
  68:../../libDaisy/src/hid/disp/display.h ****     \param x1 x Coordinate of the first point
  69:../../libDaisy/src/hid/disp/display.h ****     \param y1 y Coordinate of the first point
  70:../../libDaisy/src/hid/disp/display.h ****     \param x2 x Coordinate of the second point
  71:../../libDaisy/src/hid/disp/display.h ****     \param y2 y Coordinate of the second point
  72:../../libDaisy/src/hid/disp/display.h ****     \param on on or off
ARM GAS  /tmp/ccM1IMph.s 			page 4


  73:../../libDaisy/src/hid/disp/display.h ****     \param fill fill the rectangle or draw only the outline
  74:../../libDaisy/src/hid/disp/display.h ****     */
  75:../../libDaisy/src/hid/disp/display.h ****     virtual void DrawRect(uint_fast8_t x1,
  76:../../libDaisy/src/hid/disp/display.h ****                           uint_fast8_t y1,
  77:../../libDaisy/src/hid/disp/display.h ****                           uint_fast8_t x2,
  78:../../libDaisy/src/hid/disp/display.h ****                           uint_fast8_t y2,
  79:../../libDaisy/src/hid/disp/display.h ****                           bool         on,
  80:../../libDaisy/src/hid/disp/display.h ****                           bool         fill = false)
  81:../../libDaisy/src/hid/disp/display.h ****         = 0;
  82:../../libDaisy/src/hid/disp/display.h **** 
  83:../../libDaisy/src/hid/disp/display.h ****     /**
  84:../../libDaisy/src/hid/disp/display.h ****     Draws a rectangle.
  85:../../libDaisy/src/hid/disp/display.h ****     \param rect the rectangle
  86:../../libDaisy/src/hid/disp/display.h ****     \param on   on or off
  87:../../libDaisy/src/hid/disp/display.h ****     \param fill fill the rectangle or draw only the outline
  88:../../libDaisy/src/hid/disp/display.h ****     */
  89:../../libDaisy/src/hid/disp/display.h ****     void DrawRect(const Rectangle& rect, bool on, bool fill = false)
  90:../../libDaisy/src/hid/disp/display.h ****     {
  91:../../libDaisy/src/hid/disp/display.h ****         DrawRect(rect.GetX(),
  92:../../libDaisy/src/hid/disp/display.h ****                  rect.GetY(),
  93:../../libDaisy/src/hid/disp/display.h ****                  rect.GetRight(),
  94:../../libDaisy/src/hid/disp/display.h ****                  rect.GetBottom(),
  95:../../libDaisy/src/hid/disp/display.h ****                  on,
  96:../../libDaisy/src/hid/disp/display.h ****                  fill);
  97:../../libDaisy/src/hid/disp/display.h ****     }
  98:../../libDaisy/src/hid/disp/display.h **** 
  99:../../libDaisy/src/hid/disp/display.h ****     /**
 100:../../libDaisy/src/hid/disp/display.h ****     Draws an arc around the specified coordinate
 101:../../libDaisy/src/hid/disp/display.h ****     \param x           x Coordinate of the center of the arc
 102:../../libDaisy/src/hid/disp/display.h ****     \param y           y Coordinate of the center of the arc
 103:../../libDaisy/src/hid/disp/display.h ****     \param radius      radius of the arc
 104:../../libDaisy/src/hid/disp/display.h ****     \param start_angle angle where to start the arc
 105:../../libDaisy/src/hid/disp/display.h ****     \param sweep       total angle of the arc
 106:../../libDaisy/src/hid/disp/display.h ****     \param on  on or off
 107:../../libDaisy/src/hid/disp/display.h ****     */
 108:../../libDaisy/src/hid/disp/display.h ****     virtual void DrawArc(uint_fast8_t x,
 109:../../libDaisy/src/hid/disp/display.h ****                          uint_fast8_t y,
 110:../../libDaisy/src/hid/disp/display.h ****                          uint_fast8_t radius,
 111:../../libDaisy/src/hid/disp/display.h ****                          int_fast16_t start_angle,
 112:../../libDaisy/src/hid/disp/display.h ****                          int_fast16_t sweep,
 113:../../libDaisy/src/hid/disp/display.h ****                          bool         on)
 114:../../libDaisy/src/hid/disp/display.h ****         = 0;
 115:../../libDaisy/src/hid/disp/display.h **** 
 116:../../libDaisy/src/hid/disp/display.h ****     /**
 117:../../libDaisy/src/hid/disp/display.h ****     Draws a circle around the specified coordinate
 118:../../libDaisy/src/hid/disp/display.h ****     \param x           x Coordinate of the center of the circle
 119:../../libDaisy/src/hid/disp/display.h ****     \param y           y Coordinate of the center of the circle
 120:../../libDaisy/src/hid/disp/display.h ****     \param radius      radius of the circle
 121:../../libDaisy/src/hid/disp/display.h ****     \param on  on or off
 122:../../libDaisy/src/hid/disp/display.h ****     */
 123:../../libDaisy/src/hid/disp/display.h ****     void
 124:../../libDaisy/src/hid/disp/display.h ****     DrawCircle(uint_fast8_t x, uint_fast8_t y, uint_fast8_t radius, bool on)
 125:../../libDaisy/src/hid/disp/display.h ****     {
 126:../../libDaisy/src/hid/disp/display.h ****         DrawArc(x, y, radius, 0, 360, on);
 127:../../libDaisy/src/hid/disp/display.h ****     };
 128:../../libDaisy/src/hid/disp/display.h **** 
 129:../../libDaisy/src/hid/disp/display.h ****     /** 
ARM GAS  /tmp/ccM1IMph.s 			page 5


 130:../../libDaisy/src/hid/disp/display.h ****     Writes the character with the specific FontDef
 131:../../libDaisy/src/hid/disp/display.h ****     to the display buffer at the current Cursor position.
 132:../../libDaisy/src/hid/disp/display.h ****     \param ch character to be written
 133:../../libDaisy/src/hid/disp/display.h ****     \param font font to be written in
 134:../../libDaisy/src/hid/disp/display.h ****     \param on    on or off
 135:../../libDaisy/src/hid/disp/display.h ****     \return &
 136:../../libDaisy/src/hid/disp/display.h ****     */
 137:../../libDaisy/src/hid/disp/display.h ****     virtual char WriteChar(char ch, FontDef font, bool on) = 0;
 138:../../libDaisy/src/hid/disp/display.h **** 
 139:../../libDaisy/src/hid/disp/display.h ****     /** 
 140:../../libDaisy/src/hid/disp/display.h ****     Similar to WriteChar, except it will handle an entire String.
 141:../../libDaisy/src/hid/disp/display.h ****     Wrapping does not happen automatically, so the width
 142:../../libDaisy/src/hid/disp/display.h ****     of the string must be kept within the dimensions of the screen.
 143:../../libDaisy/src/hid/disp/display.h ****     \param str string to be written
 144:../../libDaisy/src/hid/disp/display.h ****     \param font font to use
 145:../../libDaisy/src/hid/disp/display.h ****     \param on  on or off
 146:../../libDaisy/src/hid/disp/display.h ****     \return &
 147:../../libDaisy/src/hid/disp/display.h ****     */
 148:../../libDaisy/src/hid/disp/display.h ****     virtual char WriteString(const char* str, FontDef font, bool on) = 0;
 149:../../libDaisy/src/hid/disp/display.h **** 
 150:../../libDaisy/src/hid/disp/display.h ****     /** 
 151:../../libDaisy/src/hid/disp/display.h ****     Similar to WriteString but justified within a bounding box.
 152:../../libDaisy/src/hid/disp/display.h ****     \param str          string to be written
 153:../../libDaisy/src/hid/disp/display.h ****     \param font         font to use
 154:../../libDaisy/src/hid/disp/display.h ****     \param boundingBox  the bounding box to draw the text in
 155:../../libDaisy/src/hid/disp/display.h ****     \param alignment    the alignment to use
 156:../../libDaisy/src/hid/disp/display.h ****     \param on           on or off
 157:../../libDaisy/src/hid/disp/display.h ****     \return The rectangle that was drawn to
 158:../../libDaisy/src/hid/disp/display.h ****     */
 159:../../libDaisy/src/hid/disp/display.h ****     virtual Rectangle WriteStringAligned(const char*    str,
 160:../../libDaisy/src/hid/disp/display.h ****                                          const FontDef& font,
 161:../../libDaisy/src/hid/disp/display.h ****                                          Rectangle      boundingBox,
 162:../../libDaisy/src/hid/disp/display.h ****                                          Alignment      alignment,
 163:../../libDaisy/src/hid/disp/display.h ****                                          bool           on)
 164:../../libDaisy/src/hid/disp/display.h ****         = 0;
 165:../../libDaisy/src/hid/disp/display.h **** 
 166:../../libDaisy/src/hid/disp/display.h ****     /** 
 167:../../libDaisy/src/hid/disp/display.h ****     Moves the 'Cursor' position used for WriteChar, and WriteStr to the specified coordinate.
 168:../../libDaisy/src/hid/disp/display.h ****     \param x x pos
 169:../../libDaisy/src/hid/disp/display.h ****     \param y y pos
 170:../../libDaisy/src/hid/disp/display.h ****     */
 171:../../libDaisy/src/hid/disp/display.h ****     void SetCursor(uint16_t x, uint16_t y)
 172:../../libDaisy/src/hid/disp/display.h ****     {
 173:../../libDaisy/src/hid/disp/display.h ****         currentX_ = (x >= Width()) ? Width() - 1 : x;
 174:../../libDaisy/src/hid/disp/display.h ****         currentY_ = (y >= Height()) ? Height() - 1 : y;
 175:../../libDaisy/src/hid/disp/display.h ****     }
 176:../../libDaisy/src/hid/disp/display.h **** 
 177:../../libDaisy/src/hid/disp/display.h ****     /** 
 178:../../libDaisy/src/hid/disp/display.h ****     Writes the current display buffer to the OLED device using SPI or I2C depending on 
 179:../../libDaisy/src/hid/disp/display.h ****     how the object was initialized.
 180:../../libDaisy/src/hid/disp/display.h ****     */
 181:../../libDaisy/src/hid/disp/display.h ****     virtual void Update() = 0;
 182:../../libDaisy/src/hid/disp/display.h **** 
 183:../../libDaisy/src/hid/disp/display.h ****   protected:
 184:../../libDaisy/src/hid/disp/display.h ****     uint16_t currentX_;
 185:../../libDaisy/src/hid/disp/display.h ****     uint16_t currentY_;
 186:../../libDaisy/src/hid/disp/display.h **** };
ARM GAS  /tmp/ccM1IMph.s 			page 6


 187:../../libDaisy/src/hid/disp/display.h **** 
 188:../../libDaisy/src/hid/disp/display.h **** /** This class is intended as a intermediary class for your actual implementation of the OneBitGrap
 189:../../libDaisy/src/hid/disp/display.h ****  *  interface. It uses the CRTP design pattern where the template argument is the child class. It p
 190:../../libDaisy/src/hid/disp/display.h ****  *  implementations for most of the functions, except DrawPixel(), Update() and Fill(), which you'l
 191:../../libDaisy/src/hid/disp/display.h ****  *  to provide in your child class.
 192:../../libDaisy/src/hid/disp/display.h ****  *  The main goal of this class is to provide common drawing functions without relying on massive a
 193:../../libDaisy/src/hid/disp/display.h ****  *  virtual function calls that would result in a performance loss. To achieve this, any drawing fu
 194:../../libDaisy/src/hid/disp/display.h ****  *  is implemented here and internally calls other drawing functions (e.g. DrawRect() which interna
 195:../../libDaisy/src/hid/disp/display.h ****  *  DrawPixel() and DrawLine()) makes these calls via the qualified name of these functions to expl
 196:../../libDaisy/src/hid/disp/display.h ****  *  suppress the virtual dispatch mechanism like this:
 197:../../libDaisy/src/hid/disp/display.h ****  * 
 198:../../libDaisy/src/hid/disp/display.h ****  *      ChildType::DrawPixel(...); // no virtual function call; direct call into the child class fu
 199:../../libDaisy/src/hid/disp/display.h ****  *  
 200:../../libDaisy/src/hid/disp/display.h ****  *  To create a custom OneBitGraphicsDisplay implementation, you can 
 201:../../libDaisy/src/hid/disp/display.h ****  *  A) inherit from OneBitGraphicsDisplay directly and provide all the drawing functions yourself
 202:../../libDaisy/src/hid/disp/display.h ****  *  B) Inherit from OneBitGraphicsDisplayImpl and only provide DrawPixel(), Fill() and Update()
 203:../../libDaisy/src/hid/disp/display.h ****  *     like this:
 204:../../libDaisy/src/hid/disp/display.h ****  *  
 205:../../libDaisy/src/hid/disp/display.h ****  *      class MyDisplayClass : public OneBitGraphicsDisplayImpl<MyDisplayClass> 
 206:../../libDaisy/src/hid/disp/display.h ****  *      {
 207:../../libDaisy/src/hid/disp/display.h ****  *      public:
 208:../../libDaisy/src/hid/disp/display.h ****  *          void Fill() override { ... };
 209:../../libDaisy/src/hid/disp/display.h ****  *          void DrawPixel(uint_fast8_t x, uint_fast8_t y, bool on) override { ... };
 210:../../libDaisy/src/hid/disp/display.h ****  *          void Update() override { ... }
 211:../../libDaisy/src/hid/disp/display.h ****  *      };
 212:../../libDaisy/src/hid/disp/display.h ****  *  
 213:../../libDaisy/src/hid/disp/display.h ****  */
 214:../../libDaisy/src/hid/disp/display.h **** template <class ChildType>
 215:../../libDaisy/src/hid/disp/display.h **** class OneBitGraphicsDisplayImpl : public OneBitGraphicsDisplay
 216:../../libDaisy/src/hid/disp/display.h **** {
 217:../../libDaisy/src/hid/disp/display.h ****   public:
 218:../../libDaisy/src/hid/disp/display.h ****     OneBitGraphicsDisplayImpl() {}
 219:../../libDaisy/src/hid/disp/display.h ****     virtual ~OneBitGraphicsDisplayImpl() {}
  42              		.loc 3 219 13 view .LVU2
  43              	.LBB568:
  44              	.LBI568:
  23:../../libDaisy/src/hid/disp/display.h **** 
  45              		.loc 3 23 13 view .LVU3
  23:../../libDaisy/src/hid/disp/display.h **** 
  46              		.loc 3 23 13 is_stmt 0 view .LVU4
  47              	.LBE568:
  48              	.LBE567:
  49              	.LBE566:
  50              	.LBB569:
  51              	.LBI569:
  52              		.file 4 "../../libDaisy/src/hid/midi.h"
   1:../../libDaisy/src/hid/midi.h **** #pragma once
   2:../../libDaisy/src/hid/midi.h **** #ifndef DSY_MIDI_H
   3:../../libDaisy/src/hid/midi.h **** #define DSY_MIDI_H
   4:../../libDaisy/src/hid/midi.h **** 
   5:../../libDaisy/src/hid/midi.h **** #include <stdint.h>
   6:../../libDaisy/src/hid/midi.h **** #include <stdlib.h>
   7:../../libDaisy/src/hid/midi.h **** #include <algorithm>
   8:../../libDaisy/src/hid/midi.h **** #include "per/uart.h"
   9:../../libDaisy/src/hid/midi.h **** #include "util/ringbuffer.h"
  10:../../libDaisy/src/hid/midi.h **** #include "util/FIFO.h"
  11:../../libDaisy/src/hid/midi.h **** #include "hid/midi_parser.h"
ARM GAS  /tmp/ccM1IMph.s 			page 7


  12:../../libDaisy/src/hid/midi.h **** #include "hid/usb_midi.h"
  13:../../libDaisy/src/hid/midi.h **** #include "sys/dma.h"
  14:../../libDaisy/src/hid/midi.h **** #include "sys/system.h"
  15:../../libDaisy/src/hid/midi.h **** 
  16:../../libDaisy/src/hid/midi.h **** namespace daisy
  17:../../libDaisy/src/hid/midi.h **** {
  18:../../libDaisy/src/hid/midi.h **** /** @brief   Transport layer for sending and receiving MIDI data over UART
  19:../../libDaisy/src/hid/midi.h ****  *  @details This is the mode of communication used for TRS and DIN MIDI
  20:../../libDaisy/src/hid/midi.h ****  *           There is an additional 2kB of RAM data used within this class
  21:../../libDaisy/src/hid/midi.h ****  *           for processing bulk data from the UART peripheral
  22:../../libDaisy/src/hid/midi.h ****  *  @ingroup midi
  23:../../libDaisy/src/hid/midi.h **** */
  24:../../libDaisy/src/hid/midi.h **** class MidiUartTransport
  25:../../libDaisy/src/hid/midi.h **** {
  26:../../libDaisy/src/hid/midi.h ****   public:
  27:../../libDaisy/src/hid/midi.h ****     typedef void (*MidiRxParseCallback)(uint8_t* data,
  28:../../libDaisy/src/hid/midi.h ****                                         size_t   size,
  29:../../libDaisy/src/hid/midi.h ****                                         void*    context);
  30:../../libDaisy/src/hid/midi.h **** 
  31:../../libDaisy/src/hid/midi.h ****     MidiUartTransport() {}
  32:../../libDaisy/src/hid/midi.h ****     ~MidiUartTransport() {}
  33:../../libDaisy/src/hid/midi.h **** 
  34:../../libDaisy/src/hid/midi.h ****     /** @brief Configuration structure for UART MIDI */
  35:../../libDaisy/src/hid/midi.h ****     struct Config
  36:../../libDaisy/src/hid/midi.h ****     {
  37:../../libDaisy/src/hid/midi.h ****         UartHandler::Config::Peripheral periph;
  38:../../libDaisy/src/hid/midi.h ****         dsy_gpio_pin                    rx;
  39:../../libDaisy/src/hid/midi.h ****         dsy_gpio_pin                    tx;
  40:../../libDaisy/src/hid/midi.h **** 
  41:../../libDaisy/src/hid/midi.h ****         /** Pointer to buffer for DMA UART rx byte transfer in background.
  42:../../libDaisy/src/hid/midi.h ****          *
  43:../../libDaisy/src/hid/midi.h ****          *  @details By default this uses a shared buffer in DMA_BUFFER_MEM_SECTION,
  44:../../libDaisy/src/hid/midi.h ****          *           which can only be utilized for a single UART peripheral. To
  45:../../libDaisy/src/hid/midi.h ****          *           use MIDI with multiple UART peripherals, you must provide your own
  46:../../libDaisy/src/hid/midi.h ****          *           buffer, allocated to a DMA-capable memory section.
  47:../../libDaisy/src/hid/midi.h ****          */
  48:../../libDaisy/src/hid/midi.h ****         uint8_t* rx_buffer;
  49:../../libDaisy/src/hid/midi.h **** 
  50:../../libDaisy/src/hid/midi.h ****         /** Size in bytes of rx_buffer.
  51:../../libDaisy/src/hid/midi.h ****          *
  52:../../libDaisy/src/hid/midi.h ****          *  @details This size determines the maximum Rx bytes readable by the UART in the backgrou
  53:../../libDaisy/src/hid/midi.h ****          *           By default it's set to the size of the default shared rx_buffer (256 bytes).
  54:../../libDaisy/src/hid/midi.h ****          *           While much smaller sizes can be used, data can get missed if the buffer is too
  55:../../libDaisy/src/hid/midi.h ****          */
  56:../../libDaisy/src/hid/midi.h ****         size_t rx_buffer_size;
  57:../../libDaisy/src/hid/midi.h **** 
  58:../../libDaisy/src/hid/midi.h ****         Config();
  59:../../libDaisy/src/hid/midi.h ****     };
  60:../../libDaisy/src/hid/midi.h **** 
  61:../../libDaisy/src/hid/midi.h ****     /** @brief Initialization of UART using config struct */
  62:../../libDaisy/src/hid/midi.h ****     inline void Init(Config config)
  63:../../libDaisy/src/hid/midi.h ****     {
  64:../../libDaisy/src/hid/midi.h ****         UartHandler::Config uart_config;
  65:../../libDaisy/src/hid/midi.h **** 
  66:../../libDaisy/src/hid/midi.h ****         //defaults
  67:../../libDaisy/src/hid/midi.h ****         uart_config.baudrate   = 31250;
  68:../../libDaisy/src/hid/midi.h ****         uart_config.stopbits   = UartHandler::Config::StopBits::BITS_1;
ARM GAS  /tmp/ccM1IMph.s 			page 8


  69:../../libDaisy/src/hid/midi.h ****         uart_config.parity     = UartHandler::Config::Parity::NONE;
  70:../../libDaisy/src/hid/midi.h ****         uart_config.mode       = UartHandler::Config::Mode::TX_RX;
  71:../../libDaisy/src/hid/midi.h ****         uart_config.wordlength = UartHandler::Config::WordLength::BITS_8;
  72:../../libDaisy/src/hid/midi.h **** 
  73:../../libDaisy/src/hid/midi.h ****         //user settings
  74:../../libDaisy/src/hid/midi.h ****         uart_config.periph        = config.periph;
  75:../../libDaisy/src/hid/midi.h ****         uart_config.pin_config.rx = config.rx;
  76:../../libDaisy/src/hid/midi.h ****         uart_config.pin_config.tx = config.tx;
  77:../../libDaisy/src/hid/midi.h **** 
  78:../../libDaisy/src/hid/midi.h ****         rx_buffer      = config.rx_buffer;
  79:../../libDaisy/src/hid/midi.h ****         rx_buffer_size = config.rx_buffer_size;
  80:../../libDaisy/src/hid/midi.h **** 
  81:../../libDaisy/src/hid/midi.h ****         /** zero the buffer to ensure emptiness regardless of source memory */
  82:../../libDaisy/src/hid/midi.h ****         std::fill(rx_buffer, rx_buffer + rx_buffer_size, 0);
  83:../../libDaisy/src/hid/midi.h **** 
  84:../../libDaisy/src/hid/midi.h ****         uart_.Init(uart_config);
  85:../../libDaisy/src/hid/midi.h ****     }
  86:../../libDaisy/src/hid/midi.h **** 
  87:../../libDaisy/src/hid/midi.h ****     /** @brief Start the UART peripheral in listening mode.
  88:../../libDaisy/src/hid/midi.h ****      *  This will fill an internal data structure in the background */
  89:../../libDaisy/src/hid/midi.h ****     inline void StartRx(MidiRxParseCallback parse_callback, void* context)
  90:../../libDaisy/src/hid/midi.h ****     {
  91:../../libDaisy/src/hid/midi.h ****         parse_context_  = context;
  92:../../libDaisy/src/hid/midi.h ****         parse_callback_ = parse_callback;
  93:../../libDaisy/src/hid/midi.h ****         dsy_dma_clear_cache_for_buffer((uint8_t*)this,
  94:../../libDaisy/src/hid/midi.h ****                                        sizeof(MidiUartTransport));
  95:../../libDaisy/src/hid/midi.h ****         uart_.DmaListenStart(
  96:../../libDaisy/src/hid/midi.h ****             rx_buffer, rx_buffer_size, MidiUartTransport::rxCallback, this);
  97:../../libDaisy/src/hid/midi.h ****     }
  98:../../libDaisy/src/hid/midi.h **** 
  99:../../libDaisy/src/hid/midi.h ****     /** @brief returns whether the UART peripheral is actively listening in the background or not *
 100:../../libDaisy/src/hid/midi.h ****     inline bool RxActive() { return uart_.IsListening(); }
 101:../../libDaisy/src/hid/midi.h **** 
 102:../../libDaisy/src/hid/midi.h ****     /** @brief This is a no-op for UART transport - Rx is via DMA callback with circular buffer */
 103:../../libDaisy/src/hid/midi.h ****     inline void FlushRx() {}
 104:../../libDaisy/src/hid/midi.h **** 
 105:../../libDaisy/src/hid/midi.h ****     /** @brief sends the buffer of bytes out of the UART peripheral */
 106:../../libDaisy/src/hid/midi.h ****     inline void Tx(uint8_t* buff, size_t size) { uart_.PollTx(buff, size); }
 107:../../libDaisy/src/hid/midi.h **** 
 108:../../libDaisy/src/hid/midi.h ****   private:
 109:../../libDaisy/src/hid/midi.h ****     UartHandler         uart_;
 110:../../libDaisy/src/hid/midi.h ****     uint8_t*            rx_buffer;
 111:../../libDaisy/src/hid/midi.h ****     size_t              rx_buffer_size;
 112:../../libDaisy/src/hid/midi.h ****     void*               parse_context_;
 113:../../libDaisy/src/hid/midi.h ****     MidiRxParseCallback parse_callback_;
 114:../../libDaisy/src/hid/midi.h **** 
 115:../../libDaisy/src/hid/midi.h ****     /** Static callback for Uart MIDI that occurs when
 116:../../libDaisy/src/hid/midi.h ****          *  new data is available from the peripheral.
 117:../../libDaisy/src/hid/midi.h ****          *  The new data is transferred from the peripheral to the
 118:../../libDaisy/src/hid/midi.h ****          *  MIDI instance's byte FIFO that feeds the MIDI parser.
 119:../../libDaisy/src/hid/midi.h ****          *
 120:../../libDaisy/src/hid/midi.h ****          *  TODO: Handle UartHandler errors better/at all.
 121:../../libDaisy/src/hid/midi.h ****          *  (If there is a UART error, there's not really any recovery
 122:../../libDaisy/src/hid/midi.h ****          *  option at the moment)
 123:../../libDaisy/src/hid/midi.h ****          */
 124:../../libDaisy/src/hid/midi.h ****     static void rxCallback(uint8_t*            data,
 125:../../libDaisy/src/hid/midi.h ****                            size_t              size,
ARM GAS  /tmp/ccM1IMph.s 			page 9


 126:../../libDaisy/src/hid/midi.h ****                            void*               context,
 127:../../libDaisy/src/hid/midi.h ****                            UartHandler::Result res)
 128:../../libDaisy/src/hid/midi.h ****     {
 129:../../libDaisy/src/hid/midi.h ****         /** Read context as transport type */
 130:../../libDaisy/src/hid/midi.h ****         MidiUartTransport* transport
 131:../../libDaisy/src/hid/midi.h ****             = reinterpret_cast<MidiUartTransport*>(context);
 132:../../libDaisy/src/hid/midi.h ****         if(res == UartHandler::Result::OK)
 133:../../libDaisy/src/hid/midi.h ****         {
 134:../../libDaisy/src/hid/midi.h ****             if(transport->parse_callback_)
 135:../../libDaisy/src/hid/midi.h ****             {
 136:../../libDaisy/src/hid/midi.h ****                 transport->parse_callback_(
 137:../../libDaisy/src/hid/midi.h ****                     data, size, transport->parse_context_);
 138:../../libDaisy/src/hid/midi.h ****             }
 139:../../libDaisy/src/hid/midi.h ****         }
 140:../../libDaisy/src/hid/midi.h ****     }
 141:../../libDaisy/src/hid/midi.h **** };
 142:../../libDaisy/src/hid/midi.h **** 
 143:../../libDaisy/src/hid/midi.h **** /**
 144:../../libDaisy/src/hid/midi.h ****     @brief Simple MIDI Handler \n
 145:../../libDaisy/src/hid/midi.h ****     Parses bytes from an input into valid MidiEvents. \n
 146:../../libDaisy/src/hid/midi.h ****     The MidiEvents fill a FIFO queue that the user can pop messages from.
 147:../../libDaisy/src/hid/midi.h ****     @author shensley
 148:../../libDaisy/src/hid/midi.h ****     @date March 2020
 149:../../libDaisy/src/hid/midi.h ****     @ingroup midi
 150:../../libDaisy/src/hid/midi.h **** */
 151:../../libDaisy/src/hid/midi.h **** template <typename Transport>
 152:../../libDaisy/src/hid/midi.h **** class MidiHandler
 153:../../libDaisy/src/hid/midi.h **** {
 154:../../libDaisy/src/hid/midi.h ****   public:
 155:../../libDaisy/src/hid/midi.h ****     MidiHandler() {}
 156:../../libDaisy/src/hid/midi.h ****     ~MidiHandler() {}
  53              		.loc 4 156 5 is_stmt 1 view .LVU5
  54              	.LBB570:
  55              	.LBI570:
  56              		.file 5 "../../libDaisy/src/util/FIFO.h"
   1:../../libDaisy/src/util/FIFO.h **** #pragma once
   2:../../libDaisy/src/util/FIFO.h **** 
   3:../../libDaisy/src/util/FIFO.h **** #include <stdint.h>
   4:../../libDaisy/src/util/FIFO.h **** #include <stddef.h>
   5:../../libDaisy/src/util/FIFO.h **** #include <initializer_list>
   6:../../libDaisy/src/util/FIFO.h **** 
   7:../../libDaisy/src/util/FIFO.h **** namespace daisy
   8:../../libDaisy/src/util/FIFO.h **** {
   9:../../libDaisy/src/util/FIFO.h **** /** Capacity-independent base class for FIFO. Use FIFO instead. */
  10:../../libDaisy/src/util/FIFO.h **** template <typename T>
  11:../../libDaisy/src/util/FIFO.h **** class FIFOBase
  12:../../libDaisy/src/util/FIFO.h **** {
  13:../../libDaisy/src/util/FIFO.h ****   protected:
  14:../../libDaisy/src/util/FIFO.h ****     FIFOBase(T* buffer, size_t bufferSize)
  15:../../libDaisy/src/util/FIFO.h ****     : buffer_(buffer), bufferSize_(bufferSize), bufferIn_(0), bufferOut_(0)
  16:../../libDaisy/src/util/FIFO.h ****     {
  17:../../libDaisy/src/util/FIFO.h ****     }
  18:../../libDaisy/src/util/FIFO.h **** 
  19:../../libDaisy/src/util/FIFO.h ****     FIFOBase(T* buffer, size_t bufferSize, std::initializer_list<T> valuesToAdd)
  20:../../libDaisy/src/util/FIFO.h ****     : buffer_(buffer), bufferSize_(bufferSize), bufferIn_(0), bufferOut_(0)
  21:../../libDaisy/src/util/FIFO.h ****     {
  22:../../libDaisy/src/util/FIFO.h ****         PushBack(valuesToAdd);
ARM GAS  /tmp/ccM1IMph.s 			page 10


  23:../../libDaisy/src/util/FIFO.h ****     }
  24:../../libDaisy/src/util/FIFO.h **** 
  25:../../libDaisy/src/util/FIFO.h ****   public:
  26:../../libDaisy/src/util/FIFO.h ****     /** Copies all elements from another FIFO */
  27:../../libDaisy/src/util/FIFO.h ****     FIFOBase<T>& operator=(const FIFOBase<T>& other)
  28:../../libDaisy/src/util/FIFO.h ****     {
  29:../../libDaisy/src/util/FIFO.h ****         bufferIn_ = bufferOut_ = 0;
  30:../../libDaisy/src/util/FIFO.h ****         if(!other.IsEmpty())
  31:../../libDaisy/src/util/FIFO.h ****         {
  32:../../libDaisy/src/util/FIFO.h ****             int readPtr = other.bufferOut_;
  33:../../libDaisy/src/util/FIFO.h ****             while((readPtr != other.bufferIn_) && (bufferIn_ < bufferSize_))
  34:../../libDaisy/src/util/FIFO.h ****             {
  35:../../libDaisy/src/util/FIFO.h ****                 buffer_[bufferIn_++] = other.buffer_[readPtr++];
  36:../../libDaisy/src/util/FIFO.h ****                 if(readPtr >= other.bufferSize_)
  37:../../libDaisy/src/util/FIFO.h ****                     readPtr -= other.bufferSize_;
  38:../../libDaisy/src/util/FIFO.h ****             }
  39:../../libDaisy/src/util/FIFO.h ****         }
  40:../../libDaisy/src/util/FIFO.h ****         return *this;
  41:../../libDaisy/src/util/FIFO.h ****     }
  42:../../libDaisy/src/util/FIFO.h ****     ~FIFOBase() {}
  43:../../libDaisy/src/util/FIFO.h **** 
  44:../../libDaisy/src/util/FIFO.h ****     /** Removes all elements from the FIFO */
  45:../../libDaisy/src/util/FIFO.h ****     void Clear() { bufferIn_ = bufferOut_ = 0; }
  46:../../libDaisy/src/util/FIFO.h **** 
  47:../../libDaisy/src/util/FIFO.h ****     /** Adds an element to the back of the buffer, returning true on
  48:../../libDaisy/src/util/FIFO.h ****         success */
  49:../../libDaisy/src/util/FIFO.h ****     bool PushBack(const T& elementToAdd)
  50:../../libDaisy/src/util/FIFO.h ****     {
  51:../../libDaisy/src/util/FIFO.h ****         if(!IsFull())
  52:../../libDaisy/src/util/FIFO.h ****         {
  53:../../libDaisy/src/util/FIFO.h ****             buffer_[bufferIn_++] = elementToAdd;
  54:../../libDaisy/src/util/FIFO.h ****             if(bufferIn_ >= bufferSize_)
  55:../../libDaisy/src/util/FIFO.h ****                 bufferIn_ -= bufferSize_;
  56:../../libDaisy/src/util/FIFO.h ****             return true;
  57:../../libDaisy/src/util/FIFO.h ****         }
  58:../../libDaisy/src/util/FIFO.h ****         return false;
  59:../../libDaisy/src/util/FIFO.h ****     }
  60:../../libDaisy/src/util/FIFO.h **** 
  61:../../libDaisy/src/util/FIFO.h ****     /** Adds multiple elements and returns the number of elements that were added */
  62:../../libDaisy/src/util/FIFO.h ****     int PushBack(std::initializer_list<T> valuesToAdd)
  63:../../libDaisy/src/util/FIFO.h ****     {
  64:../../libDaisy/src/util/FIFO.h ****         int numAdded = 0;
  65:../../libDaisy/src/util/FIFO.h ****         for(const auto& v : valuesToAdd)
  66:../../libDaisy/src/util/FIFO.h ****         {
  67:../../libDaisy/src/util/FIFO.h ****             if(IsFull())
  68:../../libDaisy/src/util/FIFO.h ****                 return numAdded;
  69:../../libDaisy/src/util/FIFO.h **** 
  70:../../libDaisy/src/util/FIFO.h ****             PushBack(v);
  71:../../libDaisy/src/util/FIFO.h ****             numAdded++;
  72:../../libDaisy/src/util/FIFO.h ****         }
  73:../../libDaisy/src/util/FIFO.h ****         return numAdded;
  74:../../libDaisy/src/util/FIFO.h ****     }
  75:../../libDaisy/src/util/FIFO.h **** 
  76:../../libDaisy/src/util/FIFO.h ****     /** returns a reference to the last element */
  77:../../libDaisy/src/util/FIFO.h ****     T& Back()
  78:../../libDaisy/src/util/FIFO.h ****     {
  79:../../libDaisy/src/util/FIFO.h ****         if(IsEmpty())
ARM GAS  /tmp/ccM1IMph.s 			page 11


  80:../../libDaisy/src/util/FIFO.h ****             // invalid, but better not pass a temporary T() object as a reference...
  81:../../libDaisy/src/util/FIFO.h ****             return buffer_[0];
  82:../../libDaisy/src/util/FIFO.h ****         int idx = bufferIn_ - 1;
  83:../../libDaisy/src/util/FIFO.h ****         if(idx < 0)
  84:../../libDaisy/src/util/FIFO.h ****             idx += bufferSize_;
  85:../../libDaisy/src/util/FIFO.h ****         return buffer_[idx];
  86:../../libDaisy/src/util/FIFO.h ****     }
  87:../../libDaisy/src/util/FIFO.h **** 
  88:../../libDaisy/src/util/FIFO.h ****     /** returns a reference to the last element */
  89:../../libDaisy/src/util/FIFO.h ****     const T& Back() const
  90:../../libDaisy/src/util/FIFO.h ****     {
  91:../../libDaisy/src/util/FIFO.h ****         if(IsEmpty())
  92:../../libDaisy/src/util/FIFO.h ****             // invalid, but better not pass a temporary T() object as a reference...
  93:../../libDaisy/src/util/FIFO.h ****             return buffer_[0];
  94:../../libDaisy/src/util/FIFO.h ****         int idx = bufferIn_ - 1;
  95:../../libDaisy/src/util/FIFO.h ****         if(idx < 0)
  96:../../libDaisy/src/util/FIFO.h ****             idx += bufferSize_;
  97:../../libDaisy/src/util/FIFO.h ****         return buffer_[idx];
  98:../../libDaisy/src/util/FIFO.h ****     }
  99:../../libDaisy/src/util/FIFO.h **** 
 100:../../libDaisy/src/util/FIFO.h ****     /** removes and returns an element from the front of the buffer */
 101:../../libDaisy/src/util/FIFO.h ****     T PopFront()
 102:../../libDaisy/src/util/FIFO.h ****     {
 103:../../libDaisy/src/util/FIFO.h ****         if(IsEmpty())
 104:../../libDaisy/src/util/FIFO.h ****             return T();
 105:../../libDaisy/src/util/FIFO.h ****         else
 106:../../libDaisy/src/util/FIFO.h ****         {
 107:../../libDaisy/src/util/FIFO.h ****             const auto result = buffer_[bufferOut_];
 108:../../libDaisy/src/util/FIFO.h ****             bufferOut_++;
 109:../../libDaisy/src/util/FIFO.h ****             if(bufferOut_ >= bufferSize_)
 110:../../libDaisy/src/util/FIFO.h ****                 bufferOut_ -= bufferSize_;
 111:../../libDaisy/src/util/FIFO.h ****             return result;
 112:../../libDaisy/src/util/FIFO.h ****         }
 113:../../libDaisy/src/util/FIFO.h ****     }
 114:../../libDaisy/src/util/FIFO.h **** 
 115:../../libDaisy/src/util/FIFO.h ****     /** returns a copy of the first element */
 116:../../libDaisy/src/util/FIFO.h ****     T& Front()
 117:../../libDaisy/src/util/FIFO.h ****     {
 118:../../libDaisy/src/util/FIFO.h ****         if(IsEmpty())
 119:../../libDaisy/src/util/FIFO.h ****             // invalid, but better not pass a temporary T() object as a reference...
 120:../../libDaisy/src/util/FIFO.h ****             return buffer_[0];
 121:../../libDaisy/src/util/FIFO.h ****         return buffer_[bufferOut_];
 122:../../libDaisy/src/util/FIFO.h ****     }
 123:../../libDaisy/src/util/FIFO.h **** 
 124:../../libDaisy/src/util/FIFO.h ****     /** returns a reference to the first element */
 125:../../libDaisy/src/util/FIFO.h ****     const T& Front() const
 126:../../libDaisy/src/util/FIFO.h ****     {
 127:../../libDaisy/src/util/FIFO.h ****         if(IsEmpty())
 128:../../libDaisy/src/util/FIFO.h ****             // invalid, but better not pass a temporary T() object as a reference...
 129:../../libDaisy/src/util/FIFO.h ****             return buffer_[0];
 130:../../libDaisy/src/util/FIFO.h ****         return buffer_[bufferOut_];
 131:../../libDaisy/src/util/FIFO.h ****     }
 132:../../libDaisy/src/util/FIFO.h **** 
 133:../../libDaisy/src/util/FIFO.h ****     /** Returns true if the buffer contains an element equal to the provided value */
 134:../../libDaisy/src/util/FIFO.h ****     bool Contains(const T& element)
 135:../../libDaisy/src/util/FIFO.h ****     {
 136:../../libDaisy/src/util/FIFO.h ****         auto idx = bufferOut_;
ARM GAS  /tmp/ccM1IMph.s 			page 12


 137:../../libDaisy/src/util/FIFO.h ****         while(idx != bufferIn_)
 138:../../libDaisy/src/util/FIFO.h ****         {
 139:../../libDaisy/src/util/FIFO.h ****             if(buffer_[idx] == element)
 140:../../libDaisy/src/util/FIFO.h ****                 return true;
 141:../../libDaisy/src/util/FIFO.h ****             idx++;
 142:../../libDaisy/src/util/FIFO.h ****             if(idx >= bufferSize_)
 143:../../libDaisy/src/util/FIFO.h ****                 idx -= bufferSize_;
 144:../../libDaisy/src/util/FIFO.h ****         }
 145:../../libDaisy/src/util/FIFO.h ****         return false;
 146:../../libDaisy/src/util/FIFO.h ****     }
 147:../../libDaisy/src/util/FIFO.h **** 
 148:../../libDaisy/src/util/FIFO.h ****     /** Returns the number of elements in the buffer that are equal to the provided value */
 149:../../libDaisy/src/util/FIFO.h ****     size_t CountEqualTo(const T& element)
 150:../../libDaisy/src/util/FIFO.h ****     {
 151:../../libDaisy/src/util/FIFO.h ****         size_t result = 0;
 152:../../libDaisy/src/util/FIFO.h ****         size_t idx    = bufferOut_;
 153:../../libDaisy/src/util/FIFO.h ****         while(idx != bufferIn_)
 154:../../libDaisy/src/util/FIFO.h ****         {
 155:../../libDaisy/src/util/FIFO.h ****             if(buffer_[idx] == element)
 156:../../libDaisy/src/util/FIFO.h ****                 result++;
 157:../../libDaisy/src/util/FIFO.h ****             idx++;
 158:../../libDaisy/src/util/FIFO.h ****             if(idx >= bufferSize_)
 159:../../libDaisy/src/util/FIFO.h ****                 idx -= bufferSize_;
 160:../../libDaisy/src/util/FIFO.h ****         }
 161:../../libDaisy/src/util/FIFO.h ****         return result;
 162:../../libDaisy/src/util/FIFO.h ****     }
 163:../../libDaisy/src/util/FIFO.h **** 
 164:../../libDaisy/src/util/FIFO.h ****     /** returns true, if the buffer is empty */
 165:../../libDaisy/src/util/FIFO.h ****     bool IsEmpty() const { return bufferIn_ == bufferOut_; }
 166:../../libDaisy/src/util/FIFO.h **** 
 167:../../libDaisy/src/util/FIFO.h ****     /** returns true, if the buffer is Full */
 168:../../libDaisy/src/util/FIFO.h ****     bool IsFull() const { return GetNumElements() == bufferSize_ - 1; }
 169:../../libDaisy/src/util/FIFO.h **** 
 170:../../libDaisy/src/util/FIFO.h ****     /** returns the number of elements in the buffer */
 171:../../libDaisy/src/util/FIFO.h ****     size_t GetNumElements() const
 172:../../libDaisy/src/util/FIFO.h ****     {
 173:../../libDaisy/src/util/FIFO.h ****         int32_t numElements = bufferIn_ - bufferOut_;
 174:../../libDaisy/src/util/FIFO.h ****         if(numElements < 0)
 175:../../libDaisy/src/util/FIFO.h ****             numElements += bufferSize_;
 176:../../libDaisy/src/util/FIFO.h ****         return size_t(numElements);
 177:../../libDaisy/src/util/FIFO.h ****     }
 178:../../libDaisy/src/util/FIFO.h **** 
 179:../../libDaisy/src/util/FIFO.h ****     /** inserts an element "idx" positions behind the first element and returns true if successful 
 180:../../libDaisy/src/util/FIFO.h ****     bool Insert(size_t idx, const T& element)
 181:../../libDaisy/src/util/FIFO.h ****     {
 182:../../libDaisy/src/util/FIFO.h ****         if(idx > GetNumElements())
 183:../../libDaisy/src/util/FIFO.h ****             return false;
 184:../../libDaisy/src/util/FIFO.h ****         if(IsFull())
 185:../../libDaisy/src/util/FIFO.h ****             return false;
 186:../../libDaisy/src/util/FIFO.h ****         if(idx == GetNumElements())
 187:../../libDaisy/src/util/FIFO.h ****         {
 188:../../libDaisy/src/util/FIFO.h ****             PushBack(element);
 189:../../libDaisy/src/util/FIFO.h ****             return true;
 190:../../libDaisy/src/util/FIFO.h ****         }
 191:../../libDaisy/src/util/FIFO.h ****         // copy last element
 192:../../libDaisy/src/util/FIFO.h ****         PushBack(Back());
 193:../../libDaisy/src/util/FIFO.h ****         // move remaining elements: n => n+1
ARM GAS  /tmp/ccM1IMph.s 			page 13


 194:../../libDaisy/src/util/FIFO.h ****         for(int i = GetNumElements() - 2; i > int(idx); i--)
 195:../../libDaisy/src/util/FIFO.h ****             (*this)[i] = (*this)[i - 1];
 196:../../libDaisy/src/util/FIFO.h ****         // insert element
 197:../../libDaisy/src/util/FIFO.h ****         (*this)[idx] = element;
 198:../../libDaisy/src/util/FIFO.h ****         return true;
 199:../../libDaisy/src/util/FIFO.h ****     }
 200:../../libDaisy/src/util/FIFO.h **** 
 201:../../libDaisy/src/util/FIFO.h ****     /** removes the element "idx" positions behind the first element 
 202:../../libDaisy/src/util/FIFO.h ****      *  and returns true if successful */
 203:../../libDaisy/src/util/FIFO.h ****     bool Remove(size_t idx)
 204:../../libDaisy/src/util/FIFO.h ****     {
 205:../../libDaisy/src/util/FIFO.h ****         if(idx >= GetNumElements())
 206:../../libDaisy/src/util/FIFO.h ****             return false;
 207:../../libDaisy/src/util/FIFO.h **** 
 208:../../libDaisy/src/util/FIFO.h ****         size_t index = bufferOut_ + idx;
 209:../../libDaisy/src/util/FIFO.h ****         if(index >= bufferSize_)
 210:../../libDaisy/src/util/FIFO.h ****             index -= bufferSize_;
 211:../../libDaisy/src/util/FIFO.h ****         size_t nextIndex = index + 1;
 212:../../libDaisy/src/util/FIFO.h ****         if(nextIndex >= bufferSize_)
 213:../../libDaisy/src/util/FIFO.h ****             nextIndex -= bufferSize_;
 214:../../libDaisy/src/util/FIFO.h **** 
 215:../../libDaisy/src/util/FIFO.h ****         while(nextIndex != bufferIn_)
 216:../../libDaisy/src/util/FIFO.h ****         {
 217:../../libDaisy/src/util/FIFO.h ****             buffer_[index] = buffer_[nextIndex];
 218:../../libDaisy/src/util/FIFO.h ****             index++;
 219:../../libDaisy/src/util/FIFO.h ****             nextIndex++;
 220:../../libDaisy/src/util/FIFO.h ****             if(index >= bufferSize_)
 221:../../libDaisy/src/util/FIFO.h ****                 index -= bufferSize_;
 222:../../libDaisy/src/util/FIFO.h ****             if(nextIndex >= bufferSize_)
 223:../../libDaisy/src/util/FIFO.h ****                 nextIndex -= bufferSize_;
 224:../../libDaisy/src/util/FIFO.h ****         }
 225:../../libDaisy/src/util/FIFO.h **** 
 226:../../libDaisy/src/util/FIFO.h ****         int32_t nextBufferIn = int32_t(bufferIn_) - 1;
 227:../../libDaisy/src/util/FIFO.h ****         if(nextBufferIn < 0)
 228:../../libDaisy/src/util/FIFO.h ****             nextBufferIn += bufferSize_;
 229:../../libDaisy/src/util/FIFO.h ****         bufferIn_ = size_t(nextBufferIn);
 230:../../libDaisy/src/util/FIFO.h **** 
 231:../../libDaisy/src/util/FIFO.h ****         return true;
 232:../../libDaisy/src/util/FIFO.h ****     }
 233:../../libDaisy/src/util/FIFO.h **** 
 234:../../libDaisy/src/util/FIFO.h ****     /** removes all elements from the buffer for which
 235:../../libDaisy/src/util/FIFO.h ****         (buffer(index) == element) returns true and returns the number of
 236:../../libDaisy/src/util/FIFO.h ****         elements that were removed. */
 237:../../libDaisy/src/util/FIFO.h ****     size_t RemoveAllEqualTo(const T& element)
 238:../../libDaisy/src/util/FIFO.h ****     {
 239:../../libDaisy/src/util/FIFO.h ****         size_t numRemoved = 0;
 240:../../libDaisy/src/util/FIFO.h ****         int    idx        = GetNumElements() - 1;
 241:../../libDaisy/src/util/FIFO.h ****         while(idx >= 0)
 242:../../libDaisy/src/util/FIFO.h ****         {
 243:../../libDaisy/src/util/FIFO.h ****             if((*this)[idx] == element)
 244:../../libDaisy/src/util/FIFO.h ****             {
 245:../../libDaisy/src/util/FIFO.h ****                 numRemoved++;
 246:../../libDaisy/src/util/FIFO.h ****                 Remove(idx);
 247:../../libDaisy/src/util/FIFO.h ****                 // was that the last element?
 248:../../libDaisy/src/util/FIFO.h ****                 if(idx == int(GetNumElements()) - 1)
 249:../../libDaisy/src/util/FIFO.h ****                     idx--;
 250:../../libDaisy/src/util/FIFO.h ****             }
ARM GAS  /tmp/ccM1IMph.s 			page 14


 251:../../libDaisy/src/util/FIFO.h ****             else
 252:../../libDaisy/src/util/FIFO.h ****                 idx--;
 253:../../libDaisy/src/util/FIFO.h ****         }
 254:../../libDaisy/src/util/FIFO.h ****         return numRemoved;
 255:../../libDaisy/src/util/FIFO.h ****     }
 256:../../libDaisy/src/util/FIFO.h **** 
 257:../../libDaisy/src/util/FIFO.h ****     /** returns the element "idx" positions behind the first element */
 258:../../libDaisy/src/util/FIFO.h ****     T& operator[](size_t idx)
 259:../../libDaisy/src/util/FIFO.h ****     {
 260:../../libDaisy/src/util/FIFO.h ****         if(idx >= GetNumElements())
 261:../../libDaisy/src/util/FIFO.h ****             // invalid, but better not pass a temporary T() object as a reference...
 262:../../libDaisy/src/util/FIFO.h ****             return buffer_[0];
 263:../../libDaisy/src/util/FIFO.h **** 
 264:../../libDaisy/src/util/FIFO.h ****         size_t index = bufferOut_ + idx;
 265:../../libDaisy/src/util/FIFO.h ****         if(index >= bufferSize_)
 266:../../libDaisy/src/util/FIFO.h ****             index -= bufferSize_;
 267:../../libDaisy/src/util/FIFO.h ****         return buffer_[index];
 268:../../libDaisy/src/util/FIFO.h ****     }
 269:../../libDaisy/src/util/FIFO.h **** 
 270:../../libDaisy/src/util/FIFO.h ****     /** returns the element "idx" positions behind the first element */
 271:../../libDaisy/src/util/FIFO.h ****     const T& operator[](size_t idx) const
 272:../../libDaisy/src/util/FIFO.h ****     {
 273:../../libDaisy/src/util/FIFO.h ****         if(idx >= GetNumElements())
 274:../../libDaisy/src/util/FIFO.h ****             // invalid, but better not pass a temporary T() object as a reference...
 275:../../libDaisy/src/util/FIFO.h ****             return buffer_[0];
 276:../../libDaisy/src/util/FIFO.h **** 
 277:../../libDaisy/src/util/FIFO.h ****         size_t index = bufferOut_ + idx;
 278:../../libDaisy/src/util/FIFO.h ****         if(index >= bufferSize_)
 279:../../libDaisy/src/util/FIFO.h ****             index -= bufferSize_;
 280:../../libDaisy/src/util/FIFO.h ****         return buffer_[index];
 281:../../libDaisy/src/util/FIFO.h ****     }
 282:../../libDaisy/src/util/FIFO.h **** 
 283:../../libDaisy/src/util/FIFO.h ****     /** returns the total capacity */
 284:../../libDaisy/src/util/FIFO.h ****     size_t GetCapacity() const { return bufferSize_ - 1; }
 285:../../libDaisy/src/util/FIFO.h **** 
 286:../../libDaisy/src/util/FIFO.h ****   private:
 287:../../libDaisy/src/util/FIFO.h ****     FIFOBase(const FIFOBase<T>&) {} // non copyable
 288:../../libDaisy/src/util/FIFO.h **** 
 289:../../libDaisy/src/util/FIFO.h ****   private:
 290:../../libDaisy/src/util/FIFO.h ****     T*           buffer_;
 291:../../libDaisy/src/util/FIFO.h ****     const size_t bufferSize_;
 292:../../libDaisy/src/util/FIFO.h ****     size_t       bufferIn_;
 293:../../libDaisy/src/util/FIFO.h ****     size_t       bufferOut_;
 294:../../libDaisy/src/util/FIFO.h **** };
 295:../../libDaisy/src/util/FIFO.h **** 
 296:../../libDaisy/src/util/FIFO.h **** /** A simple FIFO ring buffer with a fixed size. */
 297:../../libDaisy/src/util/FIFO.h **** template <typename T, size_t capacity>
 298:../../libDaisy/src/util/FIFO.h **** class FIFO : public FIFOBase<T>
  57              		.loc 5 298 7 view .LVU6
  58              	.LBB571:
  59              	.LBI571:
  42:../../libDaisy/src/util/FIFO.h **** 
  60              		.loc 5 42 5 view .LVU7
  42:../../libDaisy/src/util/FIFO.h **** 
  61              		.loc 5 42 5 is_stmt 0 view .LVU8
  62              	.LBE571:
  63              	.LBE570:
ARM GAS  /tmp/ccM1IMph.s 			page 15


  64              	.LBB572:
  65              	.LBI572:
  66              		.file 6 "../../libDaisy/src/hid/midi_parser.h"
   1:../../libDaisy/src/hid/midi_parser.h **** #pragma once
   2:../../libDaisy/src/hid/midi_parser.h **** #ifndef DSY_MIDI_PARSER_H
   3:../../libDaisy/src/hid/midi_parser.h **** #define DSY_MIDI_PARSER_H
   4:../../libDaisy/src/hid/midi_parser.h **** 
   5:../../libDaisy/src/hid/midi_parser.h **** #include <stdint.h>
   6:../../libDaisy/src/hid/midi_parser.h **** #include <stdlib.h>
   7:../../libDaisy/src/hid/midi_parser.h **** #include "hid/MidiEvent.h"
   8:../../libDaisy/src/hid/midi_parser.h **** 
   9:../../libDaisy/src/hid/midi_parser.h **** namespace daisy
  10:../../libDaisy/src/hid/midi_parser.h **** {
  11:../../libDaisy/src/hid/midi_parser.h **** /** @brief   Utility class for parsing raw byte streams into MIDI messages
  12:../../libDaisy/src/hid/midi_parser.h ****  *  @details Implemented as a state machine designed to parse one byte at a time
  13:../../libDaisy/src/hid/midi_parser.h ****  *  @ingroup midi
  14:../../libDaisy/src/hid/midi_parser.h ****  */
  15:../../libDaisy/src/hid/midi_parser.h **** class MidiParser
  16:../../libDaisy/src/hid/midi_parser.h **** {
  17:../../libDaisy/src/hid/midi_parser.h ****   public:
  18:../../libDaisy/src/hid/midi_parser.h ****     MidiParser(){};
  19:../../libDaisy/src/hid/midi_parser.h ****     ~MidiParser() {}
  67              		.loc 6 19 5 is_stmt 1 view .LVU9
  68              		.loc 6 19 5 is_stmt 0 view .LVU10
  69              	.LBE572:
  70              	.LBB573:
  71              	.LBI573:
  32:../../libDaisy/src/hid/midi.h **** 
  72              		.loc 4 32 5 is_stmt 1 view .LVU11
  32:../../libDaisy/src/hid/midi.h **** 
  73              		.loc 4 32 5 is_stmt 0 view .LVU12
  74              	.LBE573:
  75              	.LBE569:
  76              	.LBB574:
  77              	.LBI574:
  78              		.file 7 "../../libDaisy/src/hid/encoder.h"
   1:../../libDaisy/src/hid/encoder.h **** #pragma once
   2:../../libDaisy/src/hid/encoder.h **** #ifndef DSY_ENCODER_H
   3:../../libDaisy/src/hid/encoder.h **** #define DSY_ENCODER_H
   4:../../libDaisy/src/hid/encoder.h **** #include "daisy_core.h"
   5:../../libDaisy/src/hid/encoder.h **** #include "per/gpio.h"
   6:../../libDaisy/src/hid/encoder.h **** #include "hid/switch.h"
   7:../../libDaisy/src/hid/encoder.h **** 
   8:../../libDaisy/src/hid/encoder.h **** namespace daisy
   9:../../libDaisy/src/hid/encoder.h **** {
  10:../../libDaisy/src/hid/encoder.h **** /** 
  11:../../libDaisy/src/hid/encoder.h ****     @brief Generic Class for handling Quadrature Encoders \n 
  12:../../libDaisy/src/hid/encoder.h ****     Inspired/influenced by Mutable Instruments (pichenettes) Encoder classes
  13:../../libDaisy/src/hid/encoder.h ****     @author Stephen Hensley
  14:../../libDaisy/src/hid/encoder.h ****     @date December 2019
  15:../../libDaisy/src/hid/encoder.h ****     @ingroup controls
  16:../../libDaisy/src/hid/encoder.h **** */
  17:../../libDaisy/src/hid/encoder.h **** class Encoder
  18:../../libDaisy/src/hid/encoder.h **** {
  19:../../libDaisy/src/hid/encoder.h ****   public:
  20:../../libDaisy/src/hid/encoder.h ****     Encoder() {}
  21:../../libDaisy/src/hid/encoder.h ****     ~Encoder() {}
ARM GAS  /tmp/ccM1IMph.s 			page 16


  79              		.loc 7 21 5 is_stmt 1 view .LVU13
  80              	.LBB575:
  81              	.LBI575:
  82              		.file 8 "../../libDaisy/src/hid/switch.h"
   1:../../libDaisy/src/hid/switch.h **** #pragma once
   2:../../libDaisy/src/hid/switch.h **** #ifndef DSY_SWITCH_H
   3:../../libDaisy/src/hid/switch.h **** #define DSY_SWITCH_H
   4:../../libDaisy/src/hid/switch.h **** #include "daisy_core.h"
   5:../../libDaisy/src/hid/switch.h **** #include "per/gpio.h"
   6:../../libDaisy/src/hid/switch.h **** #include "sys/system.h"
   7:../../libDaisy/src/hid/switch.h **** 
   8:../../libDaisy/src/hid/switch.h **** namespace daisy
   9:../../libDaisy/src/hid/switch.h **** {
  10:../../libDaisy/src/hid/switch.h **** /** 
  11:../../libDaisy/src/hid/switch.h ****     Generic Class for handling momentary/latching switches \n 
  12:../../libDaisy/src/hid/switch.h ****     Inspired/influenced by Mutable Instruments (pichenettes) Switch classes
  13:../../libDaisy/src/hid/switch.h ****     @author Stephen Hensley
  14:../../libDaisy/src/hid/switch.h ****     @date December 2019
  15:../../libDaisy/src/hid/switch.h ****     @ingroup controls
  16:../../libDaisy/src/hid/switch.h **** */
  17:../../libDaisy/src/hid/switch.h **** class Switch
  18:../../libDaisy/src/hid/switch.h **** {
  19:../../libDaisy/src/hid/switch.h ****   public:
  20:../../libDaisy/src/hid/switch.h ****     /** Specifies the expected behavior of the switch */
  21:../../libDaisy/src/hid/switch.h ****     enum Type
  22:../../libDaisy/src/hid/switch.h ****     {
  23:../../libDaisy/src/hid/switch.h ****         TYPE_TOGGLE,    /**< & */
  24:../../libDaisy/src/hid/switch.h ****         TYPE_MOMENTARY, /**< & */
  25:../../libDaisy/src/hid/switch.h ****     };
  26:../../libDaisy/src/hid/switch.h ****     /** Specifies whether the pressed is HIGH or LOW. */
  27:../../libDaisy/src/hid/switch.h ****     enum Polarity
  28:../../libDaisy/src/hid/switch.h ****     {
  29:../../libDaisy/src/hid/switch.h ****         POLARITY_NORMAL,   /**< & */
  30:../../libDaisy/src/hid/switch.h ****         POLARITY_INVERTED, /**< & */
  31:../../libDaisy/src/hid/switch.h ****     };
  32:../../libDaisy/src/hid/switch.h **** 
  33:../../libDaisy/src/hid/switch.h ****     /** Specifies whether to use built-in Pull Up/Down resistors to hold button at a given state wh
  34:../../libDaisy/src/hid/switch.h ****     enum Pull
  35:../../libDaisy/src/hid/switch.h ****     {
  36:../../libDaisy/src/hid/switch.h ****         PULL_UP,   /**< & */
  37:../../libDaisy/src/hid/switch.h ****         PULL_DOWN, /**< & */
  38:../../libDaisy/src/hid/switch.h ****         PULL_NONE, /**< & */
  39:../../libDaisy/src/hid/switch.h ****     };
  40:../../libDaisy/src/hid/switch.h **** 
  41:../../libDaisy/src/hid/switch.h ****     Switch() {}
  42:../../libDaisy/src/hid/switch.h ****     ~Switch() {}
  83              		.loc 8 42 5 view .LVU14
  84              		.loc 8 42 5 is_stmt 0 view .LVU15
  85              	.LBE575:
  86              	.LBE574:
  87              	.LBB576:
  88              	.LBI576:
  89              		.file 9 "../../libDaisy/src/daisy_seed.h"
   1:../../libDaisy/src/daisy_seed.h **** #pragma once
   2:../../libDaisy/src/daisy_seed.h **** #ifndef DSY_SEED_H
   3:../../libDaisy/src/daisy_seed.h **** #define DSY_SEED_H
   4:../../libDaisy/src/daisy_seed.h **** 
ARM GAS  /tmp/ccM1IMph.s 			page 17


   5:../../libDaisy/src/daisy_seed.h **** #include "daisy.h"
   6:../../libDaisy/src/daisy_seed.h **** 
   7:../../libDaisy/src/daisy_seed.h **** //Uncomment this out if you're still using the rev2 hardware
   8:../../libDaisy/src/daisy_seed.h **** //#define SEED_REV2
   9:../../libDaisy/src/daisy_seed.h **** 
  10:../../libDaisy/src/daisy_seed.h **** namespace daisy
  11:../../libDaisy/src/daisy_seed.h **** {
  12:../../libDaisy/src/daisy_seed.h **** /**
  13:../../libDaisy/src/daisy_seed.h ****    @brief This is the higher-level interface for the Daisy board. \n 
  14:../../libDaisy/src/daisy_seed.h ****     All basic peripheral configuration/initialization is setup here. \n
  15:../../libDaisy/src/daisy_seed.h **** 
  16:../../libDaisy/src/daisy_seed.h ****    @ingroup boards
  17:../../libDaisy/src/daisy_seed.h **** */
  18:../../libDaisy/src/daisy_seed.h **** class DaisySeed
  19:../../libDaisy/src/daisy_seed.h **** {
  20:../../libDaisy/src/daisy_seed.h ****   public:
  21:../../libDaisy/src/daisy_seed.h ****     DaisySeed() {}
  22:../../libDaisy/src/daisy_seed.h ****     ~DaisySeed() {}
  90              		.loc 9 22 5 is_stmt 1 view .LVU16
  91              	.LBB577:
  92              	.LBI577:
  93              		.file 10 "../../libDaisy/src/sys/system.h"
   1:../../libDaisy/src/sys/system.h **** #ifndef DSY_SYSTEM_H
   2:../../libDaisy/src/sys/system.h **** #define DSY_SYSTEM_H
   3:../../libDaisy/src/sys/system.h **** 
   4:../../libDaisy/src/sys/system.h **** #ifndef UNIT_TEST // for unit tests, a dummy implementation is provided below
   5:../../libDaisy/src/sys/system.h **** 
   6:../../libDaisy/src/sys/system.h **** #include <cstdint>
   7:../../libDaisy/src/sys/system.h **** #include "per/tim.h"
   8:../../libDaisy/src/sys/system.h **** 
   9:../../libDaisy/src/sys/system.h **** namespace daisy
  10:../../libDaisy/src/sys/system.h **** {
  11:../../libDaisy/src/sys/system.h **** /** A handle for interacting with the Core System.
  12:../../libDaisy/src/sys/system.h ****  ** This includes the Clock tree, MPU, global DMA initialization,
  13:../../libDaisy/src/sys/system.h ****  ** cache handling, and any other necessary global initiailzation
  14:../../libDaisy/src/sys/system.h ****  **
  15:../../libDaisy/src/sys/system.h ****  ** @author shensley
  16:../../libDaisy/src/sys/system.h ****  ** @ingroup system
  17:../../libDaisy/src/sys/system.h ****  */
  18:../../libDaisy/src/sys/system.h **** class System
  19:../../libDaisy/src/sys/system.h **** {
  20:../../libDaisy/src/sys/system.h ****   public:
  21:../../libDaisy/src/sys/system.h ****     /** Contains settings for initializing the System */
  22:../../libDaisy/src/sys/system.h ****     struct Config
  23:../../libDaisy/src/sys/system.h ****     {
  24:../../libDaisy/src/sys/system.h ****         /** Specifies the system clock frequency that feeds APB/AHB clocks, etc. */
  25:../../libDaisy/src/sys/system.h ****         enum class SysClkFreq
  26:../../libDaisy/src/sys/system.h ****         {
  27:../../libDaisy/src/sys/system.h ****             FREQ_400MHZ,
  28:../../libDaisy/src/sys/system.h ****             FREQ_480MHZ,
  29:../../libDaisy/src/sys/system.h ****         };
  30:../../libDaisy/src/sys/system.h **** 
  31:../../libDaisy/src/sys/system.h ****         /** Method to call on the struct to set to defaults
  32:../../libDaisy/src/sys/system.h ****          ** CPU Freq set to 400MHz
  33:../../libDaisy/src/sys/system.h ****          ** Cache Enabled
  34:../../libDaisy/src/sys/system.h ****          ** */
  35:../../libDaisy/src/sys/system.h ****         void Defaults()
ARM GAS  /tmp/ccM1IMph.s 			page 18


  36:../../libDaisy/src/sys/system.h ****         {
  37:../../libDaisy/src/sys/system.h ****             cpu_freq    = SysClkFreq::FREQ_400MHZ;
  38:../../libDaisy/src/sys/system.h ****             use_dcache  = true;
  39:../../libDaisy/src/sys/system.h ****             use_icache  = true;
  40:../../libDaisy/src/sys/system.h ****             skip_clocks = false;
  41:../../libDaisy/src/sys/system.h ****         }
  42:../../libDaisy/src/sys/system.h **** 
  43:../../libDaisy/src/sys/system.h ****         /** Method to call on the struct to set to boost mode:
  44:../../libDaisy/src/sys/system.h ****          ** CPU Freq set to 480MHz
  45:../../libDaisy/src/sys/system.h ****          ** Cache Enabled
  46:../../libDaisy/src/sys/system.h ****          ** */
  47:../../libDaisy/src/sys/system.h ****         void Boost()
  48:../../libDaisy/src/sys/system.h ****         {
  49:../../libDaisy/src/sys/system.h ****             cpu_freq    = SysClkFreq::FREQ_480MHZ;
  50:../../libDaisy/src/sys/system.h ****             use_dcache  = true;
  51:../../libDaisy/src/sys/system.h ****             use_icache  = true;
  52:../../libDaisy/src/sys/system.h ****             skip_clocks = false;
  53:../../libDaisy/src/sys/system.h ****         }
  54:../../libDaisy/src/sys/system.h **** 
  55:../../libDaisy/src/sys/system.h ****         SysClkFreq cpu_freq;
  56:../../libDaisy/src/sys/system.h ****         bool       use_dcache;
  57:../../libDaisy/src/sys/system.h ****         bool       use_icache;
  58:../../libDaisy/src/sys/system.h ****         bool       skip_clocks;
  59:../../libDaisy/src/sys/system.h ****     };
  60:../../libDaisy/src/sys/system.h **** 
  61:../../libDaisy/src/sys/system.h ****     /** Describes the different regions of memory available to the Daisy */
  62:../../libDaisy/src/sys/system.h ****     enum MemoryRegion
  63:../../libDaisy/src/sys/system.h ****     {
  64:../../libDaisy/src/sys/system.h ****         INTERNAL_FLASH = 0,
  65:../../libDaisy/src/sys/system.h ****         ITCMRAM,
  66:../../libDaisy/src/sys/system.h ****         DTCMRAM,
  67:../../libDaisy/src/sys/system.h ****         SRAM_D1,
  68:../../libDaisy/src/sys/system.h ****         SRAM_D2,
  69:../../libDaisy/src/sys/system.h ****         SRAM_D3,
  70:../../libDaisy/src/sys/system.h ****         SDRAM,
  71:../../libDaisy/src/sys/system.h ****         QSPI,
  72:../../libDaisy/src/sys/system.h ****         INVALID_ADDRESS,
  73:../../libDaisy/src/sys/system.h ****     };
  74:../../libDaisy/src/sys/system.h **** 
  75:../../libDaisy/src/sys/system.h ****     /** Bootloader struct for controlling bootloading parameters */
  76:../../libDaisy/src/sys/system.h ****     struct BootInfo
  77:../../libDaisy/src/sys/system.h ****     {
  78:../../libDaisy/src/sys/system.h ****         enum class Type : uint32_t
  79:../../libDaisy/src/sys/system.h ****         {
  80:../../libDaisy/src/sys/system.h ****             INVALID      = 0x00000000,
  81:../../libDaisy/src/sys/system.h ****             JUMP         = 0xDEADBEEF,
  82:../../libDaisy/src/sys/system.h ****             SKIP_TIMEOUT = 0x5AFEB007,
  83:../../libDaisy/src/sys/system.h ****             INF_TIMEOUT  = 0xB0074EFA,
  84:../../libDaisy/src/sys/system.h ****         } status;
  85:../../libDaisy/src/sys/system.h ****         uint32_t data;
  86:../../libDaisy/src/sys/system.h ****         enum class Version : uint32_t
  87:../../libDaisy/src/sys/system.h ****         {
  88:../../libDaisy/src/sys/system.h ****             LT_v6_0 = 0, // Less than v6.0
  89:../../libDaisy/src/sys/system.h ****             NONE,        // No bootloader present
  90:../../libDaisy/src/sys/system.h ****             v6_0,        // v6.0
  91:../../libDaisy/src/sys/system.h ****             v6_1,        // v6.1 or greater
  92:../../libDaisy/src/sys/system.h ****             LAST
ARM GAS  /tmp/ccM1IMph.s 			page 19


  93:../../libDaisy/src/sys/system.h ****         } version;
  94:../../libDaisy/src/sys/system.h ****     };
  95:../../libDaisy/src/sys/system.h **** 
  96:../../libDaisy/src/sys/system.h ****     System() {}
  97:../../libDaisy/src/sys/system.h ****     ~System() {}
  94              		.loc 10 97 5 view .LVU17
  95              		.loc 10 97 5 is_stmt 0 view .LVU18
  96              	.LBE577:
  97              	.LBB578:
  98              	.LBI578:
  99              		.file 11 "../../libDaisy/src/hid/usb.h"
   1:../../libDaisy/src/hid/usb.h **** #pragma once
   2:../../libDaisy/src/hid/usb.h **** #ifndef DSY_HID_USB_H
   3:../../libDaisy/src/hid/usb.h **** #define DSY_HID_USB_H
   4:../../libDaisy/src/hid/usb.h **** #include <stdint.h>
   5:../../libDaisy/src/hid/usb.h **** #include <stdlib.h>
   6:../../libDaisy/src/hid/usb.h **** 
   7:../../libDaisy/src/hid/usb.h **** namespace daisy
   8:../../libDaisy/src/hid/usb.h **** /** @addtogroup human_interface
   9:../../libDaisy/src/hid/usb.h ****     @{
  10:../../libDaisy/src/hid/usb.h **** */
  11:../../libDaisy/src/hid/usb.h **** 
  12:../../libDaisy/src/hid/usb.h **** {
  13:../../libDaisy/src/hid/usb.h **** /** 
  14:../../libDaisy/src/hid/usb.h ****     @brief Interface for initializing and using the USB Peripherals on the daisy
  15:../../libDaisy/src/hid/usb.h ****     @author Stephen Hensley
  16:../../libDaisy/src/hid/usb.h ****     @date December 2019
  17:../../libDaisy/src/hid/usb.h **** */
  18:../../libDaisy/src/hid/usb.h **** class UsbHandle
  19:../../libDaisy/src/hid/usb.h **** {
  20:../../libDaisy/src/hid/usb.h ****   public:
  21:../../libDaisy/src/hid/usb.h ****     /** Return values for USBHandle Functions */
  22:../../libDaisy/src/hid/usb.h ****     enum class Result
  23:../../libDaisy/src/hid/usb.h ****     {
  24:../../libDaisy/src/hid/usb.h ****         OK,
  25:../../libDaisy/src/hid/usb.h ****         ERR,
  26:../../libDaisy/src/hid/usb.h ****     };
  27:../../libDaisy/src/hid/usb.h **** 
  28:../../libDaisy/src/hid/usb.h ****     /** Specified which of the two USB Peripherals to initialize. */
  29:../../libDaisy/src/hid/usb.h ****     enum UsbPeriph
  30:../../libDaisy/src/hid/usb.h ****     {
  31:../../libDaisy/src/hid/usb.h ****         FS_INTERNAL, /**< Internal pin */
  32:../../libDaisy/src/hid/usb.h ****         FS_EXTERNAL, /**< FS External D+ pin is Pin 38 (GPIO32). FS External D- pin is Pin 37 (GPIO
  33:../../libDaisy/src/hid/usb.h ****         FS_BOTH,     /**< Both */
  34:../../libDaisy/src/hid/usb.h ****     };
  35:../../libDaisy/src/hid/usb.h **** 
  36:../../libDaisy/src/hid/usb.h **** 
  37:../../libDaisy/src/hid/usb.h ****     /** Function called upon reception of a buffer */
  38:../../libDaisy/src/hid/usb.h ****     typedef void (*ReceiveCallback)(uint8_t* buff, uint32_t* len);
  39:../../libDaisy/src/hid/usb.h **** 
  40:../../libDaisy/src/hid/usb.h ****     UsbHandle() {}
  41:../../libDaisy/src/hid/usb.h **** 
  42:../../libDaisy/src/hid/usb.h ****     ~UsbHandle() {}
 100              		.loc 11 42 5 is_stmt 1 view .LVU19
 101              		.loc 11 42 5 is_stmt 0 view .LVU20
 102              	.LBE578:
 103              	.LBB579:
ARM GAS  /tmp/ccM1IMph.s 			page 20


 104              	.LBI579:
 105              		.file 12 "../../libDaisy/src/per/adc.h"
   1:../../libDaisy/src/per/adc.h **** #pragma once
   2:../../libDaisy/src/per/adc.h **** #ifndef DSY_ADC_H
   3:../../libDaisy/src/per/adc.h **** #define DSY_ADC_H /**< Macro */
   4:../../libDaisy/src/per/adc.h **** #include <stdint.h>
   5:../../libDaisy/src/per/adc.h **** #include <stdlib.h>
   6:../../libDaisy/src/per/adc.h **** #include "daisy_core.h"
   7:../../libDaisy/src/per/adc.h **** #include "per/gpio.h"
   8:../../libDaisy/src/per/adc.h **** 
   9:../../libDaisy/src/per/adc.h **** #define DSY_ADC_MAX_CHANNELS 16 /**< Maximum number of ADC channels */
  10:../../libDaisy/src/per/adc.h **** 
  11:../../libDaisy/src/per/adc.h **** namespace daisy
  12:../../libDaisy/src/per/adc.h **** {
  13:../../libDaisy/src/per/adc.h **** /** @addtogroup per_analog
  14:../../libDaisy/src/per/adc.h ****     @{
  15:../../libDaisy/src/per/adc.h **** */
  16:../../libDaisy/src/per/adc.h **** 
  17:../../libDaisy/src/per/adc.h **** /* While there may not be many configuration options here,
  18:../../libDaisy/src/per/adc.h **** using a struct like this allows us to add more configuration
  19:../../libDaisy/src/per/adc.h **** later without breaking existing functionality.
  20:../../libDaisy/src/per/adc.h **** */
  21:../../libDaisy/src/per/adc.h **** 
  22:../../libDaisy/src/per/adc.h **** /** @brief   Configuration Structure for an ADC Channel 
  23:../../libDaisy/src/per/adc.h ****  *  @details This can be used to configure a a single input, 
  24:../../libDaisy/src/per/adc.h ****  *           or a multiplexed input, allowing up to 8 inputs on 
  25:../../libDaisy/src/per/adc.h ****  *           one channel.
  26:../../libDaisy/src/per/adc.h ****  *  @note    Sharing data lines to multiple muxes _is_ possible, but
  27:../../libDaisy/src/per/adc.h ****  *           each channel sharing data lines must be set to the maximum
  28:../../libDaisy/src/per/adc.h ****  *           number of channels, even if some multiplexers have fewer
  29:../../libDaisy/src/per/adc.h ****  *           inputs connected.
  30:../../libDaisy/src/per/adc.h **** */
  31:../../libDaisy/src/per/adc.h **** struct AdcChannelConfig
  32:../../libDaisy/src/per/adc.h **** {
  33:../../libDaisy/src/per/adc.h ****     /** Which pin to use for multiplexing */
  34:../../libDaisy/src/per/adc.h ****     enum MuxPin
  35:../../libDaisy/src/per/adc.h ****     {
  36:../../libDaisy/src/per/adc.h ****         MUX_SEL_0,    /**< & */
  37:../../libDaisy/src/per/adc.h ****         MUX_SEL_1,    /**< & */
  38:../../libDaisy/src/per/adc.h ****         MUX_SEL_2,    /**< & */
  39:../../libDaisy/src/per/adc.h ****         MUX_SEL_LAST, /**< & */
  40:../../libDaisy/src/per/adc.h ****     };
  41:../../libDaisy/src/per/adc.h **** 
  42:../../libDaisy/src/per/adc.h ****     /** \brief per channel conversion speed added to fixed time based on bitdepth, etc. */
  43:../../libDaisy/src/per/adc.h ****     enum ConversionSpeed
  44:../../libDaisy/src/per/adc.h ****     {
  45:../../libDaisy/src/per/adc.h ****         SPEED_1CYCLES_5,
  46:../../libDaisy/src/per/adc.h ****         SPEED_2CYCLES_5,
  47:../../libDaisy/src/per/adc.h ****         SPEED_8CYCLES_5,
  48:../../libDaisy/src/per/adc.h ****         SPEED_16CYCLES_5,
  49:../../libDaisy/src/per/adc.h ****         SPEED_32CYCLES_5,
  50:../../libDaisy/src/per/adc.h ****         SPEED_64CYCLES_5,
  51:../../libDaisy/src/per/adc.h ****         SPEED_387CYCLES_5,
  52:../../libDaisy/src/per/adc.h ****         SPEED_810CYCLES_5,
  53:../../libDaisy/src/per/adc.h ****     };
  54:../../libDaisy/src/per/adc.h **** 
  55:../../libDaisy/src/per/adc.h ****     /** Initializes a single ADC pin as an ADC. 
ARM GAS  /tmp/ccM1IMph.s 			page 21


  56:../../libDaisy/src/per/adc.h ****     \param pin Pin to init.
  57:../../libDaisy/src/per/adc.h ****     \param speed conversion speed for this pin defaults to 8.5 cycles
  58:../../libDaisy/src/per/adc.h ****      */
  59:../../libDaisy/src/per/adc.h ****     void InitSingle(dsy_gpio_pin pin, ConversionSpeed speed = SPEED_8CYCLES_5);
  60:../../libDaisy/src/per/adc.h **** 
  61:../../libDaisy/src/per/adc.h ****     /** 
  62:../../libDaisy/src/per/adc.h ****     Initializes a single ADC pin as a Multiplexed ADC.
  63:../../libDaisy/src/per/adc.h ****     Requires a CD405X Multiplexer connected to the pin.
  64:../../libDaisy/src/per/adc.h ****     You only need to supply the mux pins that are required,
  65:../../libDaisy/src/per/adc.h ****     e.g. a 4052 mux would only require mux_0 and mux_1.
  66:../../libDaisy/src/per/adc.h ****     Internal Callbacks handle the pin addressing.
  67:../../libDaisy/src/per/adc.h ****     \param adc_pin &
  68:../../libDaisy/src/per/adc.h ****     \param mux_channels must be 1-8
  69:../../libDaisy/src/per/adc.h ****     \param mux_0 First mux pin
  70:../../libDaisy/src/per/adc.h ****     \param mux_1 Second mux pin
  71:../../libDaisy/src/per/adc.h ****     \param mux_2 Third mux pin
  72:../../libDaisy/src/per/adc.h ****     \param speed conversion speed for this pin defaults to 8.5 cycles
  73:../../libDaisy/src/per/adc.h ****     */
  74:../../libDaisy/src/per/adc.h ****     void InitMux(dsy_gpio_pin    adc_pin,
  75:../../libDaisy/src/per/adc.h ****                  size_t          mux_channels,
  76:../../libDaisy/src/per/adc.h ****                  dsy_gpio_pin    mux_0,
  77:../../libDaisy/src/per/adc.h ****                  dsy_gpio_pin    mux_1 = {DSY_GPIOX, 0},
  78:../../libDaisy/src/per/adc.h ****                  dsy_gpio_pin    mux_2 = {DSY_GPIOX, 0},
  79:../../libDaisy/src/per/adc.h ****                  ConversionSpeed speed = SPEED_8CYCLES_5);
  80:../../libDaisy/src/per/adc.h **** 
  81:../../libDaisy/src/per/adc.h ****     dsy_gpio        pin_;                   /**< & */
  82:../../libDaisy/src/per/adc.h ****     dsy_gpio        mux_pin_[MUX_SEL_LAST]; /**< & */
  83:../../libDaisy/src/per/adc.h ****     uint8_t         mux_channels_;          /**< & */
  84:../../libDaisy/src/per/adc.h ****     ConversionSpeed speed_;
  85:../../libDaisy/src/per/adc.h **** };
  86:../../libDaisy/src/per/adc.h **** 
  87:../../libDaisy/src/per/adc.h **** /**
  88:../../libDaisy/src/per/adc.h ****    @brief Handler for analog to digital conversion
  89:../../libDaisy/src/per/adc.h **** */
  90:../../libDaisy/src/per/adc.h **** class AdcHandle
  91:../../libDaisy/src/per/adc.h **** {
  92:../../libDaisy/src/per/adc.h ****   public:
  93:../../libDaisy/src/per/adc.h ****     /** Supported oversampling amounts */
  94:../../libDaisy/src/per/adc.h ****     enum OverSampling
  95:../../libDaisy/src/per/adc.h ****     {
  96:../../libDaisy/src/per/adc.h ****         OVS_NONE, /**< & */
  97:../../libDaisy/src/per/adc.h ****         OVS_4,    /**< & */
  98:../../libDaisy/src/per/adc.h ****         OVS_8,    /**< & */
  99:../../libDaisy/src/per/adc.h ****         OVS_16,   /**< & */
 100:../../libDaisy/src/per/adc.h ****         OVS_32,   /**< & */
 101:../../libDaisy/src/per/adc.h ****         OVS_64,   /**< & */
 102:../../libDaisy/src/per/adc.h ****         OVS_128,  /**< & */
 103:../../libDaisy/src/per/adc.h ****         OVS_256,  /**< & */
 104:../../libDaisy/src/per/adc.h ****         OVS_512,  /**< & */
 105:../../libDaisy/src/per/adc.h ****         OVS_1024, /**< & */
 106:../../libDaisy/src/per/adc.h ****         OVS_LAST, /**< & */
 107:../../libDaisy/src/per/adc.h ****     };
 108:../../libDaisy/src/per/adc.h **** 
 109:../../libDaisy/src/per/adc.h ****     AdcHandle() {}
 110:../../libDaisy/src/per/adc.h ****     ~AdcHandle() {}
 106              		.loc 12 110 5 is_stmt 1 view .LVU21
 107              		.loc 12 110 5 is_stmt 0 view .LVU22
ARM GAS  /tmp/ccM1IMph.s 			page 22


 108              	.LBE579:
 109              	.LBB580:
 110              	.LBI580:
 111              		.file 13 "../../libDaisy/src/hid/audio.h"
   1:../../libDaisy/src/hid/audio.h **** #ifndef DSY_AUDIO_H
   2:../../libDaisy/src/hid/audio.h **** #define DSY_AUDIO_H /**< & */
   3:../../libDaisy/src/hid/audio.h **** 
   4:../../libDaisy/src/hid/audio.h **** #include "per/sai.h"
   5:../../libDaisy/src/hid/audio.h **** 
   6:../../libDaisy/src/hid/audio.h **** namespace daisy
   7:../../libDaisy/src/hid/audio.h **** {
   8:../../libDaisy/src/hid/audio.h **** /** @brief Audio Engine Handle
   9:../../libDaisy/src/hid/audio.h ****  *  @ingroup audio 
  10:../../libDaisy/src/hid/audio.h ****  *  @details This class allows for higher level access to an audio engine.
  11:../../libDaisy/src/hid/audio.h ****  *           If you're using a SOM like the DaisySeed or DaisyPatchSM (or any 
  12:../../libDaisy/src/hid/audio.h ****  *            board that includes one of those objects) then the intialization
  13:../../libDaisy/src/hid/audio.h ****  *            is already taken  care of.
  14:../../libDaisy/src/hid/audio.h ****  *           If you're setting up your own custom hardware, or need to make changes
  15:../../libDaisy/src/hid/audio.h ****  *           you will have to take the following steps:
  16:../../libDaisy/src/hid/audio.h ****  *             1. Create and Initialize an SaiHandle or two depending on your requirements
  17:../../libDaisy/src/hid/audio.h ****  *             2. Initialize the Audio Handle with the desired settings and the Initialized SaiHand
  18:../../libDaisy/src/hid/audio.h ****  *             3. If the connected codec requires special configuration or initialization, do so
  19:../../libDaisy/src/hid/audio.h ****  *             4. Write a callback method using either the AudioCallback or the InterleavingAudioCa
  20:../../libDaisy/src/hid/audio.h ****  *             5. Start the Audio using one of the StartAudio function
  21:../../libDaisy/src/hid/audio.h ****  */
  22:../../libDaisy/src/hid/audio.h **** class AudioHandle
  23:../../libDaisy/src/hid/audio.h **** {
  24:../../libDaisy/src/hid/audio.h ****   public:
  25:../../libDaisy/src/hid/audio.h ****     /** Manually configurable details about the Audio Engine */
  26:../../libDaisy/src/hid/audio.h ****     /** TODO: Figure out how to get samplerate in here. */
  27:../../libDaisy/src/hid/audio.h ****     struct Config
  28:../../libDaisy/src/hid/audio.h ****     {
  29:../../libDaisy/src/hid/audio.h ****         /** number of samples to process per callback */
  30:../../libDaisy/src/hid/audio.h ****         size_t blocksize;
  31:../../libDaisy/src/hid/audio.h **** 
  32:../../libDaisy/src/hid/audio.h ****         /**< Sample rate of audio */
  33:../../libDaisy/src/hid/audio.h ****         SaiHandle::Config::SampleRate samplerate;
  34:../../libDaisy/src/hid/audio.h **** 
  35:../../libDaisy/src/hid/audio.h ****         /** factor for adjustment before and after callback for hardware that may have extra headro
  36:../../libDaisy/src/hid/audio.h ****         float postgain;
  37:../../libDaisy/src/hid/audio.h **** 
  38:../../libDaisy/src/hid/audio.h ****         /** factor for additional one-sided compensation to audio path for hardware that may
  39:../../libDaisy/src/hid/audio.h ****          *  have unequal input/output ranges
  40:../../libDaisy/src/hid/audio.h ****          */
  41:../../libDaisy/src/hid/audio.h ****         float output_compensation;
  42:../../libDaisy/src/hid/audio.h **** 
  43:../../libDaisy/src/hid/audio.h ****         /** Sets default values for config struct */
  44:../../libDaisy/src/hid/audio.h ****         Config()
  45:../../libDaisy/src/hid/audio.h ****         : blocksize(48),
  46:../../libDaisy/src/hid/audio.h ****           samplerate(SaiHandle::Config::SampleRate::SAI_48KHZ),
  47:../../libDaisy/src/hid/audio.h ****           postgain(1.f),
  48:../../libDaisy/src/hid/audio.h ****           output_compensation(1.f)
  49:../../libDaisy/src/hid/audio.h ****         {
  50:../../libDaisy/src/hid/audio.h ****         }
  51:../../libDaisy/src/hid/audio.h ****     };
  52:../../libDaisy/src/hid/audio.h **** 
  53:../../libDaisy/src/hid/audio.h ****     enum class Result
ARM GAS  /tmp/ccM1IMph.s 			page 23


  54:../../libDaisy/src/hid/audio.h ****     {
  55:../../libDaisy/src/hid/audio.h ****         OK,
  56:../../libDaisy/src/hid/audio.h ****         ERR,
  57:../../libDaisy/src/hid/audio.h ****     };
  58:../../libDaisy/src/hid/audio.h **** 
  59:../../libDaisy/src/hid/audio.h ****     /** Non-Interleaving input buffer
  60:../../libDaisy/src/hid/audio.h ****      * Buffer arranged by float[chn][sample] 
  61:../../libDaisy/src/hid/audio.h ****      * const so that the user can't modify the input
  62:../../libDaisy/src/hid/audio.h ****      */
  63:../../libDaisy/src/hid/audio.h ****     typedef const float* const* InputBuffer;
  64:../../libDaisy/src/hid/audio.h **** 
  65:../../libDaisy/src/hid/audio.h ****     /** Non-Interleaving output buffer
  66:../../libDaisy/src/hid/audio.h ****      * Arranged by float[chn][sample] 
  67:../../libDaisy/src/hid/audio.h ****      */
  68:../../libDaisy/src/hid/audio.h ****     typedef float** OutputBuffer;
  69:../../libDaisy/src/hid/audio.h **** 
  70:../../libDaisy/src/hid/audio.h ****     /** Type for a Non-Interleaving audio callback 
  71:../../libDaisy/src/hid/audio.h ****      * Non-Interleaving audio callbacks in daisy will be of this type
  72:../../libDaisy/src/hid/audio.h ****      */
  73:../../libDaisy/src/hid/audio.h ****     typedef void (*AudioCallback)(InputBuffer  in,
  74:../../libDaisy/src/hid/audio.h ****                                   OutputBuffer out,
  75:../../libDaisy/src/hid/audio.h ****                                   size_t       size);
  76:../../libDaisy/src/hid/audio.h **** 
  77:../../libDaisy/src/hid/audio.h ****     /** Interleaving Input buffer
  78:../../libDaisy/src/hid/audio.h ****      ** audio is prepared as { L0, R0, L1, R1, . . . LN, RN }]
  79:../../libDaisy/src/hid/audio.h ****      ** this is const, as the user shouldn't modify it
  80:../../libDaisy/src/hid/audio.h ****     */
  81:../../libDaisy/src/hid/audio.h ****     typedef const float* InterleavingInputBuffer;
  82:../../libDaisy/src/hid/audio.h **** 
  83:../../libDaisy/src/hid/audio.h ****     /** Interleaving Output buffer 
  84:../../libDaisy/src/hid/audio.h ****      ** audio is prepared as { L0, R0, L1, R1, . . . LN, RN }
  85:../../libDaisy/src/hid/audio.h ****     */
  86:../../libDaisy/src/hid/audio.h ****     typedef float* InterleavingOutputBuffer;
  87:../../libDaisy/src/hid/audio.h **** 
  88:../../libDaisy/src/hid/audio.h ****     /** Interleaving Audio Callback 
  89:../../libDaisy/src/hid/audio.h ****      * Interleaving audio callbacks in daisy must be of this type
  90:../../libDaisy/src/hid/audio.h ****      */
  91:../../libDaisy/src/hid/audio.h ****     typedef void (*InterleavingAudioCallback)(InterleavingInputBuffer  in,
  92:../../libDaisy/src/hid/audio.h ****                                               InterleavingOutputBuffer out,
  93:../../libDaisy/src/hid/audio.h ****                                               size_t                   size);
  94:../../libDaisy/src/hid/audio.h **** 
  95:../../libDaisy/src/hid/audio.h ****     AudioHandle() : pimpl_(nullptr) {}
  96:../../libDaisy/src/hid/audio.h ****     ~AudioHandle() {}
 112              		.loc 13 96 5 is_stmt 1 view .LVU23
 113              		.loc 13 96 5 is_stmt 0 view .LVU24
 114              	.LBE580:
 115              	.LBE576:
 116              		.loc 1 41 20 view .LVU25
 117 0000 7047     		bx	lr
 118              		.cfi_endproc
 119              	.LFE2592:
 121              		.weak	_ZN5daisy10DaisyPatchD1Ev
 122              		.thumb_set _ZN5daisy10DaisyPatchD1Ev,_ZN5daisy10DaisyPatchD2Ev
 123 0002 00BF     		.section	.text._ZN7daisysp10OscillatorD2Ev,"axG",%progbits,_ZN7daisysp10OscillatorD5Ev,comdat
 124              		.align	1
 125              		.p2align 2,,3
 126              		.weak	_ZN7daisysp10OscillatorD2Ev
ARM GAS  /tmp/ccM1IMph.s 			page 24


 127              		.syntax unified
 128              		.thumb
 129              		.thumb_func
 130              		.fpu fpv5-d16
 132              	_ZN7daisysp10OscillatorD2Ev:
 133              	.LVL1:
 134              	.LFB4275:
 135              		.file 14 "../../DaisySP/Source/Synthesis/oscillator.h"
   1:../../DaisySP/Source/Synthesis/oscillator.h **** /*
   2:../../DaisySP/Source/Synthesis/oscillator.h **** Copyright (c) 2020 Electrosmith, Corp
   3:../../DaisySP/Source/Synthesis/oscillator.h **** 
   4:../../DaisySP/Source/Synthesis/oscillator.h **** Use of this source code is governed by an MIT-style
   5:../../DaisySP/Source/Synthesis/oscillator.h **** license that can be found in the LICENSE file or at
   6:../../DaisySP/Source/Synthesis/oscillator.h **** https://opensource.org/licenses/MIT.
   7:../../DaisySP/Source/Synthesis/oscillator.h **** */
   8:../../DaisySP/Source/Synthesis/oscillator.h **** 
   9:../../DaisySP/Source/Synthesis/oscillator.h **** #pragma once
  10:../../DaisySP/Source/Synthesis/oscillator.h **** #ifndef DSY_OSCILLATOR_H
  11:../../DaisySP/Source/Synthesis/oscillator.h **** #define DSY_OSCILLATOR_H
  12:../../DaisySP/Source/Synthesis/oscillator.h **** #include <stdint.h>
  13:../../DaisySP/Source/Synthesis/oscillator.h **** #include "Utility/dsp.h"
  14:../../DaisySP/Source/Synthesis/oscillator.h **** #ifdef __cplusplus
  15:../../DaisySP/Source/Synthesis/oscillator.h **** 
  16:../../DaisySP/Source/Synthesis/oscillator.h **** namespace daisysp
  17:../../DaisySP/Source/Synthesis/oscillator.h **** {
  18:../../DaisySP/Source/Synthesis/oscillator.h **** /** Synthesis of several waveforms, including polyBLEP bandlimited waveforms.
  19:../../DaisySP/Source/Synthesis/oscillator.h **** */
  20:../../DaisySP/Source/Synthesis/oscillator.h **** class Oscillator
  21:../../DaisySP/Source/Synthesis/oscillator.h **** {
  22:../../DaisySP/Source/Synthesis/oscillator.h ****   public:
  23:../../DaisySP/Source/Synthesis/oscillator.h ****     Oscillator() {}
  24:../../DaisySP/Source/Synthesis/oscillator.h ****     ~Oscillator() {}
 136              		.loc 14 24 5 is_stmt 1 view -0
 137              		.cfi_startproc
 138              		@ args = 0, pretend = 0, frame = 0
 139              		@ frame_needed = 0, uses_anonymous_args = 0
 140              		@ link register save eliminated.
 141              		.loc 14 24 20 is_stmt 0 view .LVU27
 142 0000 7047     		bx	lr
 143              		.cfi_endproc
 144              	.LFE4275:
 146              		.weak	_ZN7daisysp10OscillatorD1Ev
 147              		.thumb_set _ZN7daisysp10OscillatorD1Ev,_ZN7daisysp10OscillatorD2Ev
 148 0002 00BF     		.section	.text._ZN7daisysp3SvfD2Ev,"axG",%progbits,_ZN7daisysp3SvfD5Ev,comdat
 149              		.align	1
 150              		.p2align 2,,3
 151              		.weak	_ZN7daisysp3SvfD2Ev
 152              		.syntax unified
 153              		.thumb
 154              		.thumb_func
 155              		.fpu fpv5-d16
 157              	_ZN7daisysp3SvfD2Ev:
 158              	.LVL2:
 159              	.LFB4292:
 160              		.file 15 "../../DaisySP/Source/Filters/svf.h"
   1:../../DaisySP/Source/Filters/svf.h **** /*
   2:../../DaisySP/Source/Filters/svf.h **** Copyright (c) 2020 Electrosmith, Corp
ARM GAS  /tmp/ccM1IMph.s 			page 25


   3:../../DaisySP/Source/Filters/svf.h **** 
   4:../../DaisySP/Source/Filters/svf.h **** Use of this source code is governed by an MIT-style
   5:../../DaisySP/Source/Filters/svf.h **** license that can be found in the LICENSE file or at
   6:../../DaisySP/Source/Filters/svf.h **** https://opensource.org/licenses/MIT.
   7:../../DaisySP/Source/Filters/svf.h **** */
   8:../../DaisySP/Source/Filters/svf.h **** 
   9:../../DaisySP/Source/Filters/svf.h **** #pragma once
  10:../../DaisySP/Source/Filters/svf.h **** #ifndef DSY_SVF_H
  11:../../DaisySP/Source/Filters/svf.h **** #define DSY_SVF_H
  12:../../DaisySP/Source/Filters/svf.h **** 
  13:../../DaisySP/Source/Filters/svf.h **** namespace daisysp
  14:../../DaisySP/Source/Filters/svf.h **** {
  15:../../DaisySP/Source/Filters/svf.h **** /**      Double Sampled, Stable State Variable Filter
  16:../../DaisySP/Source/Filters/svf.h **** 
  17:../../DaisySP/Source/Filters/svf.h **** Credit to Andrew Simper from musicdsp.org
  18:../../DaisySP/Source/Filters/svf.h **** 
  19:../../DaisySP/Source/Filters/svf.h **** This is his "State Variable Filter (Double Sampled, Stable)"
  20:../../DaisySP/Source/Filters/svf.h **** 
  21:../../DaisySP/Source/Filters/svf.h **** Additional thanks to Laurent de Soras for stability limit, and 
  22:../../DaisySP/Source/Filters/svf.h **** Stefan Diedrichsen for the correct notch output
  23:../../DaisySP/Source/Filters/svf.h **** 
  24:../../DaisySP/Source/Filters/svf.h **** Ported by: Stephen Hensley
  25:../../DaisySP/Source/Filters/svf.h **** */
  26:../../DaisySP/Source/Filters/svf.h **** class Svf
  27:../../DaisySP/Source/Filters/svf.h **** {
  28:../../DaisySP/Source/Filters/svf.h ****   public:
  29:../../DaisySP/Source/Filters/svf.h ****     Svf() {}
  30:../../DaisySP/Source/Filters/svf.h ****     ~Svf() {}
 161              		.loc 15 30 5 is_stmt 1 view -0
 162              		.cfi_startproc
 163              		@ args = 0, pretend = 0, frame = 0
 164              		@ frame_needed = 0, uses_anonymous_args = 0
 165              		@ link register save eliminated.
 166              		.loc 15 30 13 is_stmt 0 view .LVU29
 167 0000 7047     		bx	lr
 168              		.cfi_endproc
 169              	.LFE4292:
 171              		.weak	_ZN7daisysp3SvfD1Ev
 172              		.thumb_set _ZN7daisysp3SvfD1Ev,_ZN7daisysp3SvfD2Ev
 173 0002 00BF     		.section	.text._ZN5daisy11OledDisplayINS_13SSD130xDriverILj128ELj64ENS_24SSD130x4WireSpiTransportE
 174              		.align	1
 175              		.p2align 2,,3
 176              		.weak	_ZN5daisy11OledDisplayINS_13SSD130xDriverILj128ELj64ENS_24SSD130x4WireSpiTransportEEEED2Ev
 177              		.syntax unified
 178              		.thumb
 179              		.thumb_func
 180              		.fpu fpv5-d16
 182              	_ZN5daisy11OledDisplayINS_13SSD130xDriverILj128ELj64ENS_24SSD130x4WireSpiTransportEEEED2Ev:
 183              	.LVL3:
 184              	.LFB4751:
 185              		.loc 2 18 13 is_stmt 1 view -0
 186              		.cfi_startproc
 187              		@ args = 0, pretend = 0, frame = 0
 188              		@ frame_needed = 0, uses_anonymous_args = 0
 189              		@ link register save eliminated.
 190              	.LBB581:
 191              	.LBI581:
ARM GAS  /tmp/ccM1IMph.s 			page 26


 192              		.loc 3 219 13 view .LVU31
 193              	.LBB582:
 194              	.LBI582:
  23:../../libDaisy/src/hid/disp/display.h **** 
 195              		.loc 3 23 13 view .LVU32
  23:../../libDaisy/src/hid/disp/display.h **** 
 196              		.loc 3 23 13 is_stmt 0 view .LVU33
 197              	.LBE582:
 198              	.LBE581:
 199              		.loc 2 18 29 view .LVU34
 200 0000 7047     		bx	lr
 201              		.cfi_endproc
 202              	.LFE4751:
 204              		.weak	_ZN5daisy11OledDisplayINS_13SSD130xDriverILj128ELj64ENS_24SSD130x4WireSpiTransportEEEED1Ev
 205              		.thumb_set _ZN5daisy11OledDisplayINS_13SSD130xDriverILj128ELj64ENS_24SSD130x4WireSpiTransportEEEED
 206 0002 00BF     		.section	.text._ZNK5daisy11OledDisplayINS_13SSD130xDriverILj128ELj64ENS_24SSD130x4WireSpiTransport
 207              		.align	1
 208              		.p2align 2,,3
 209              		.weak	_ZNK5daisy11OledDisplayINS_13SSD130xDriverILj128ELj64ENS_24SSD130x4WireSpiTransportEEEE6Heig
 210              		.syntax unified
 211              		.thumb
 212              		.thumb_func
 213              		.fpu fpv5-d16
 215              	_ZNK5daisy11OledDisplayINS_13SSD130xDriverILj128ELj64ENS_24SSD130x4WireSpiTransportEEEE6HeightEv:
 216              	.LVL4:
 217              	.LFB5339:
  19:../../libDaisy/src/hid/disp/oled_display.h **** 
  20:../../libDaisy/src/hid/disp/oled_display.h ****     struct Config
  21:../../libDaisy/src/hid/disp/oled_display.h ****     {
  22:../../libDaisy/src/hid/disp/oled_display.h ****         typename DisplayDriver::Config driver_config;
  23:../../libDaisy/src/hid/disp/oled_display.h ****     };
  24:../../libDaisy/src/hid/disp/oled_display.h **** 
  25:../../libDaisy/src/hid/disp/oled_display.h ****     void Init(Config config) { driver_.Init(config.driver_config); }
  26:../../libDaisy/src/hid/disp/oled_display.h **** 
  27:../../libDaisy/src/hid/disp/oled_display.h ****     uint16_t Height() const override { return driver_.Height(); }
 218              		.loc 2 27 14 is_stmt 1 view -0
 219              		.cfi_startproc
 220              		@ args = 0, pretend = 0, frame = 0
 221              		@ frame_needed = 0, uses_anonymous_args = 0
 222              		@ link register save eliminated.
 223              		.loc 2 27 65 is_stmt 0 view .LVU36
 224 0000 4020     		movs	r0, #64
 225              	.LVL5:
 226              		.loc 2 27 65 view .LVU37
 227 0002 7047     		bx	lr
 228              		.cfi_endproc
 229              	.LFE5339:
 231              		.section	.text._ZNK5daisy11OledDisplayINS_13SSD130xDriverILj128ELj64ENS_24SSD130x4WireSpiTransport
 232              		.align	1
 233              		.p2align 2,,3
 234              		.weak	_ZNK5daisy11OledDisplayINS_13SSD130xDriverILj128ELj64ENS_24SSD130x4WireSpiTransportEEEE5Widt
 235              		.syntax unified
 236              		.thumb
 237              		.thumb_func
 238              		.fpu fpv5-d16
 240              	_ZNK5daisy11OledDisplayINS_13SSD130xDriverILj128ELj64ENS_24SSD130x4WireSpiTransportEEEE5WidthEv:
 241              	.LVL6:
ARM GAS  /tmp/ccM1IMph.s 			page 27


 242              	.LFB5340:
  28:../../libDaisy/src/hid/disp/oled_display.h ****     uint16_t Width() const override { return driver_.Width(); }
 243              		.loc 2 28 14 is_stmt 1 view -0
 244              		.cfi_startproc
 245              		@ args = 0, pretend = 0, frame = 0
 246              		@ frame_needed = 0, uses_anonymous_args = 0
 247              		@ link register save eliminated.
 248              		.loc 2 28 63 is_stmt 0 view .LVU39
 249 0000 8020     		movs	r0, #128
 250              	.LVL7:
 251              		.loc 2 28 63 view .LVU40
 252 0002 7047     		bx	lr
 253              		.cfi_endproc
 254              	.LFE5340:
 256              		.section	.text._ZN5daisy11OledDisplayINS_13SSD130xDriverILj128ELj64ENS_24SSD130x4WireSpiTransportE
 257              		.align	1
 258              		.p2align 2,,3
 259              		.weak	_ZN5daisy11OledDisplayINS_13SSD130xDriverILj128ELj64ENS_24SSD130x4WireSpiTransportEEEE4FillE
 260              		.syntax unified
 261              		.thumb
 262              		.thumb_func
 263              		.fpu fpv5-d16
 265              	_ZN5daisy11OledDisplayINS_13SSD130xDriverILj128ELj64ENS_24SSD130x4WireSpiTransportEEEE4FillEb:
 266              	.LVL8:
 267              	.LFB5341:
  29:../../libDaisy/src/hid/disp/oled_display.h **** 
  30:../../libDaisy/src/hid/disp/oled_display.h ****     /** 
  31:../../libDaisy/src/hid/disp/oled_display.h ****     Fills the entire display with either on/off.
  32:../../libDaisy/src/hid/disp/oled_display.h ****     \param on Sets on or off.
  33:../../libDaisy/src/hid/disp/oled_display.h ****     */
  34:../../libDaisy/src/hid/disp/oled_display.h ****     void Fill(bool on) override { driver_.Fill(on); }
 268              		.loc 2 34 10 is_stmt 1 view -0
 269              		.cfi_startproc
 270              		@ args = 0, pretend = 0, frame = 0
 271              		@ frame_needed = 0, uses_anonymous_args = 0
 272              		@ link register save eliminated.
 273              	.LBB583:
 274              	.LBI583:
 275              		.file 16 "../../libDaisy/src/dev/oled_ssd130x.h"
   1:../../libDaisy/src/dev/oled_ssd130x.h **** #pragma once
   2:../../libDaisy/src/dev/oled_ssd130x.h **** #ifndef SA_OLED_SSD130X_H
   3:../../libDaisy/src/dev/oled_ssd130x.h **** #define SA_OLED_SSD130X_H /**< & */
   4:../../libDaisy/src/dev/oled_ssd130x.h **** 
   5:../../libDaisy/src/dev/oled_ssd130x.h **** #include "per/i2c.h"
   6:../../libDaisy/src/dev/oled_ssd130x.h **** #include "per/spi.h"
   7:../../libDaisy/src/dev/oled_ssd130x.h **** #include "per/gpio.h"
   8:../../libDaisy/src/dev/oled_ssd130x.h **** #include "sys/system.h"
   9:../../libDaisy/src/dev/oled_ssd130x.h **** 
  10:../../libDaisy/src/dev/oled_ssd130x.h **** namespace daisy
  11:../../libDaisy/src/dev/oled_ssd130x.h **** {
  12:../../libDaisy/src/dev/oled_ssd130x.h **** /**
  13:../../libDaisy/src/dev/oled_ssd130x.h ****  * I2C Transport for SSD1306 / SSD1309 OLED display devices
  14:../../libDaisy/src/dev/oled_ssd130x.h ****  */
  15:../../libDaisy/src/dev/oled_ssd130x.h **** class SSD130xI2CTransport
  16:../../libDaisy/src/dev/oled_ssd130x.h **** {
  17:../../libDaisy/src/dev/oled_ssd130x.h ****   public:
  18:../../libDaisy/src/dev/oled_ssd130x.h ****     struct Config
ARM GAS  /tmp/ccM1IMph.s 			page 28


  19:../../libDaisy/src/dev/oled_ssd130x.h ****     {
  20:../../libDaisy/src/dev/oled_ssd130x.h ****         Config()
  21:../../libDaisy/src/dev/oled_ssd130x.h ****         {
  22:../../libDaisy/src/dev/oled_ssd130x.h ****             // Intialize using defaults
  23:../../libDaisy/src/dev/oled_ssd130x.h ****             Defaults();
  24:../../libDaisy/src/dev/oled_ssd130x.h ****         }
  25:../../libDaisy/src/dev/oled_ssd130x.h ****         I2CHandle::Config i2c_config;
  26:../../libDaisy/src/dev/oled_ssd130x.h ****         uint8_t           i2c_address;
  27:../../libDaisy/src/dev/oled_ssd130x.h ****         void              Defaults()
  28:../../libDaisy/src/dev/oled_ssd130x.h ****         {
  29:../../libDaisy/src/dev/oled_ssd130x.h ****             i2c_config.periph         = I2CHandle::Config::Peripheral::I2C_1;
  30:../../libDaisy/src/dev/oled_ssd130x.h ****             i2c_config.speed          = I2CHandle::Config::Speed::I2C_1MHZ;
  31:../../libDaisy/src/dev/oled_ssd130x.h ****             i2c_config.mode           = I2CHandle::Config::Mode::I2C_MASTER;
  32:../../libDaisy/src/dev/oled_ssd130x.h ****             i2c_config.pin_config.scl = {DSY_GPIOB, 8};
  33:../../libDaisy/src/dev/oled_ssd130x.h ****             i2c_config.pin_config.sda = {DSY_GPIOB, 9};
  34:../../libDaisy/src/dev/oled_ssd130x.h ****             i2c_address               = 0x3C;
  35:../../libDaisy/src/dev/oled_ssd130x.h ****         }
  36:../../libDaisy/src/dev/oled_ssd130x.h ****     };
  37:../../libDaisy/src/dev/oled_ssd130x.h ****     void Init(const Config& config)
  38:../../libDaisy/src/dev/oled_ssd130x.h ****     {
  39:../../libDaisy/src/dev/oled_ssd130x.h ****         i2c_address_ = config.i2c_address;
  40:../../libDaisy/src/dev/oled_ssd130x.h ****         i2c_.Init(config.i2c_config);
  41:../../libDaisy/src/dev/oled_ssd130x.h ****     };
  42:../../libDaisy/src/dev/oled_ssd130x.h ****     void SendCommand(uint8_t cmd)
  43:../../libDaisy/src/dev/oled_ssd130x.h ****     {
  44:../../libDaisy/src/dev/oled_ssd130x.h ****         uint8_t buf[2] = {0X00, cmd};
  45:../../libDaisy/src/dev/oled_ssd130x.h ****         i2c_.TransmitBlocking(i2c_address_, buf, 2, 1000);
  46:../../libDaisy/src/dev/oled_ssd130x.h ****     };
  47:../../libDaisy/src/dev/oled_ssd130x.h **** 
  48:../../libDaisy/src/dev/oled_ssd130x.h ****     void SendData(uint8_t* buff, size_t size)
  49:../../libDaisy/src/dev/oled_ssd130x.h ****     {
  50:../../libDaisy/src/dev/oled_ssd130x.h ****         for(size_t i = 0; i < size; i++)
  51:../../libDaisy/src/dev/oled_ssd130x.h ****         {
  52:../../libDaisy/src/dev/oled_ssd130x.h ****             uint8_t buf[2] = {0X40, buff[i]};
  53:../../libDaisy/src/dev/oled_ssd130x.h ****             i2c_.TransmitBlocking(i2c_address_, buf, 2, 1000);
  54:../../libDaisy/src/dev/oled_ssd130x.h ****         }
  55:../../libDaisy/src/dev/oled_ssd130x.h ****     };
  56:../../libDaisy/src/dev/oled_ssd130x.h **** 
  57:../../libDaisy/src/dev/oled_ssd130x.h ****   private:
  58:../../libDaisy/src/dev/oled_ssd130x.h ****     daisy::I2CHandle i2c_;
  59:../../libDaisy/src/dev/oled_ssd130x.h ****     uint8_t          i2c_address_;
  60:../../libDaisy/src/dev/oled_ssd130x.h **** };
  61:../../libDaisy/src/dev/oled_ssd130x.h **** 
  62:../../libDaisy/src/dev/oled_ssd130x.h **** /**
  63:../../libDaisy/src/dev/oled_ssd130x.h ****  * 4 Wire SPI Transport for SSD1306 / SSD1309 OLED display devices
  64:../../libDaisy/src/dev/oled_ssd130x.h ****  */
  65:../../libDaisy/src/dev/oled_ssd130x.h **** class SSD130x4WireSpiTransport
  66:../../libDaisy/src/dev/oled_ssd130x.h **** {
  67:../../libDaisy/src/dev/oled_ssd130x.h ****   public:
  68:../../libDaisy/src/dev/oled_ssd130x.h ****     struct Config
  69:../../libDaisy/src/dev/oled_ssd130x.h ****     {
  70:../../libDaisy/src/dev/oled_ssd130x.h ****         Config()
  71:../../libDaisy/src/dev/oled_ssd130x.h ****         {
  72:../../libDaisy/src/dev/oled_ssd130x.h ****             // Initialize using defaults
  73:../../libDaisy/src/dev/oled_ssd130x.h ****             Defaults();
  74:../../libDaisy/src/dev/oled_ssd130x.h ****         }
  75:../../libDaisy/src/dev/oled_ssd130x.h ****         SpiHandle::Config spi_config;
ARM GAS  /tmp/ccM1IMph.s 			page 29


  76:../../libDaisy/src/dev/oled_ssd130x.h ****         struct
  77:../../libDaisy/src/dev/oled_ssd130x.h ****         {
  78:../../libDaisy/src/dev/oled_ssd130x.h ****             dsy_gpio_pin dc;    /**< & */
  79:../../libDaisy/src/dev/oled_ssd130x.h ****             dsy_gpio_pin reset; /**< & */
  80:../../libDaisy/src/dev/oled_ssd130x.h ****         } pin_config;
  81:../../libDaisy/src/dev/oled_ssd130x.h ****         void Defaults()
  82:../../libDaisy/src/dev/oled_ssd130x.h ****         {
  83:../../libDaisy/src/dev/oled_ssd130x.h ****             // SPI peripheral config
  84:../../libDaisy/src/dev/oled_ssd130x.h ****             spi_config.periph = SpiHandle::Config::Peripheral::SPI_1;
  85:../../libDaisy/src/dev/oled_ssd130x.h ****             spi_config.mode   = SpiHandle::Config::Mode::MASTER;
  86:../../libDaisy/src/dev/oled_ssd130x.h ****             spi_config.direction
  87:../../libDaisy/src/dev/oled_ssd130x.h ****                 = SpiHandle::Config::Direction::TWO_LINES_TX_ONLY;
  88:../../libDaisy/src/dev/oled_ssd130x.h ****             spi_config.datasize       = 8;
  89:../../libDaisy/src/dev/oled_ssd130x.h ****             spi_config.clock_polarity = SpiHandle::Config::ClockPolarity::LOW;
  90:../../libDaisy/src/dev/oled_ssd130x.h ****             spi_config.clock_phase    = SpiHandle::Config::ClockPhase::ONE_EDGE;
  91:../../libDaisy/src/dev/oled_ssd130x.h ****             spi_config.nss            = SpiHandle::Config::NSS::HARD_OUTPUT;
  92:../../libDaisy/src/dev/oled_ssd130x.h ****             spi_config.baud_prescaler = SpiHandle::Config::BaudPrescaler::PS_8;
  93:../../libDaisy/src/dev/oled_ssd130x.h ****             // SPI pin config
  94:../../libDaisy/src/dev/oled_ssd130x.h ****             spi_config.pin_config.sclk = {DSY_GPIOG, 11};
  95:../../libDaisy/src/dev/oled_ssd130x.h ****             spi_config.pin_config.miso = {DSY_GPIOX, 0};
  96:../../libDaisy/src/dev/oled_ssd130x.h ****             spi_config.pin_config.mosi = {DSY_GPIOB, 5};
  97:../../libDaisy/src/dev/oled_ssd130x.h ****             spi_config.pin_config.nss  = {DSY_GPIOG, 10};
  98:../../libDaisy/src/dev/oled_ssd130x.h ****             // SSD130x control pin config
  99:../../libDaisy/src/dev/oled_ssd130x.h ****             pin_config.dc    = {DSY_GPIOB, 4};
 100:../../libDaisy/src/dev/oled_ssd130x.h ****             pin_config.reset = {DSY_GPIOB, 15};
 101:../../libDaisy/src/dev/oled_ssd130x.h ****         }
 102:../../libDaisy/src/dev/oled_ssd130x.h ****     };
 103:../../libDaisy/src/dev/oled_ssd130x.h ****     void Init(const Config& config)
 104:../../libDaisy/src/dev/oled_ssd130x.h ****     {
 105:../../libDaisy/src/dev/oled_ssd130x.h ****         // Initialize both GPIO
 106:../../libDaisy/src/dev/oled_ssd130x.h ****         pin_dc_.mode = DSY_GPIO_MODE_OUTPUT_PP;
 107:../../libDaisy/src/dev/oled_ssd130x.h ****         pin_dc_.pin  = config.pin_config.dc;
 108:../../libDaisy/src/dev/oled_ssd130x.h ****         dsy_gpio_init(&pin_dc_);
 109:../../libDaisy/src/dev/oled_ssd130x.h ****         pin_reset_.mode = DSY_GPIO_MODE_OUTPUT_PP;
 110:../../libDaisy/src/dev/oled_ssd130x.h ****         pin_reset_.pin  = config.pin_config.reset;
 111:../../libDaisy/src/dev/oled_ssd130x.h ****         dsy_gpio_init(&pin_reset_);
 112:../../libDaisy/src/dev/oled_ssd130x.h **** 
 113:../../libDaisy/src/dev/oled_ssd130x.h ****         // Initialize SPI
 114:../../libDaisy/src/dev/oled_ssd130x.h ****         spi_.Init(config.spi_config);
 115:../../libDaisy/src/dev/oled_ssd130x.h **** 
 116:../../libDaisy/src/dev/oled_ssd130x.h ****         // Reset and Configure OLED.
 117:../../libDaisy/src/dev/oled_ssd130x.h ****         dsy_gpio_write(&pin_reset_, 0);
 118:../../libDaisy/src/dev/oled_ssd130x.h ****         System::Delay(10);
 119:../../libDaisy/src/dev/oled_ssd130x.h ****         dsy_gpio_write(&pin_reset_, 1);
 120:../../libDaisy/src/dev/oled_ssd130x.h ****         System::Delay(10);
 121:../../libDaisy/src/dev/oled_ssd130x.h ****     };
 122:../../libDaisy/src/dev/oled_ssd130x.h ****     void SendCommand(uint8_t cmd)
 123:../../libDaisy/src/dev/oled_ssd130x.h ****     {
 124:../../libDaisy/src/dev/oled_ssd130x.h ****         dsy_gpio_write(&pin_dc_, 0);
 125:../../libDaisy/src/dev/oled_ssd130x.h ****         spi_.BlockingTransmit(&cmd, 1);
 126:../../libDaisy/src/dev/oled_ssd130x.h ****     };
 127:../../libDaisy/src/dev/oled_ssd130x.h **** 
 128:../../libDaisy/src/dev/oled_ssd130x.h ****     void SendData(uint8_t* buff, size_t size)
 129:../../libDaisy/src/dev/oled_ssd130x.h ****     {
 130:../../libDaisy/src/dev/oled_ssd130x.h ****         dsy_gpio_write(&pin_dc_, 1);
 131:../../libDaisy/src/dev/oled_ssd130x.h ****         spi_.BlockingTransmit(buff, size);
 132:../../libDaisy/src/dev/oled_ssd130x.h ****     };
ARM GAS  /tmp/ccM1IMph.s 			page 30


 133:../../libDaisy/src/dev/oled_ssd130x.h **** 
 134:../../libDaisy/src/dev/oled_ssd130x.h ****   private:
 135:../../libDaisy/src/dev/oled_ssd130x.h ****     SpiHandle spi_;
 136:../../libDaisy/src/dev/oled_ssd130x.h ****     dsy_gpio  pin_reset_;
 137:../../libDaisy/src/dev/oled_ssd130x.h ****     dsy_gpio  pin_dc_;
 138:../../libDaisy/src/dev/oled_ssd130x.h **** };
 139:../../libDaisy/src/dev/oled_ssd130x.h **** 
 140:../../libDaisy/src/dev/oled_ssd130x.h **** /**
 141:../../libDaisy/src/dev/oled_ssd130x.h ****  * Soft SPI Transport for SSD1306 / SSD1309 OLED display devices
 142:../../libDaisy/src/dev/oled_ssd130x.h ****  */
 143:../../libDaisy/src/dev/oled_ssd130x.h **** class SSD130x4WireSoftSpiTransport
 144:../../libDaisy/src/dev/oled_ssd130x.h **** {
 145:../../libDaisy/src/dev/oled_ssd130x.h ****   public:
 146:../../libDaisy/src/dev/oled_ssd130x.h ****     struct Config
 147:../../libDaisy/src/dev/oled_ssd130x.h ****     {
 148:../../libDaisy/src/dev/oled_ssd130x.h ****         Config()
 149:../../libDaisy/src/dev/oled_ssd130x.h ****         {
 150:../../libDaisy/src/dev/oled_ssd130x.h ****             // Initialize using defaults
 151:../../libDaisy/src/dev/oled_ssd130x.h ****             Defaults();
 152:../../libDaisy/src/dev/oled_ssd130x.h ****         }
 153:../../libDaisy/src/dev/oled_ssd130x.h ****         struct
 154:../../libDaisy/src/dev/oled_ssd130x.h ****         {
 155:../../libDaisy/src/dev/oled_ssd130x.h ****             uint32_t     sclk_delay;
 156:../../libDaisy/src/dev/oled_ssd130x.h ****             dsy_gpio_pin sclk;
 157:../../libDaisy/src/dev/oled_ssd130x.h ****             dsy_gpio_pin mosi;
 158:../../libDaisy/src/dev/oled_ssd130x.h ****             dsy_gpio_pin dc;
 159:../../libDaisy/src/dev/oled_ssd130x.h ****             dsy_gpio_pin reset;
 160:../../libDaisy/src/dev/oled_ssd130x.h ****         } pin_config;
 161:../../libDaisy/src/dev/oled_ssd130x.h ****         void Defaults()
 162:../../libDaisy/src/dev/oled_ssd130x.h ****         {
 163:../../libDaisy/src/dev/oled_ssd130x.h ****             pin_config.sclk_delay = 0; // fast as possible?!
 164:../../libDaisy/src/dev/oled_ssd130x.h ****             // SPI peripheral config
 165:../../libDaisy/src/dev/oled_ssd130x.h ****             pin_config.sclk = {DSY_GPIOD, 3}; /**< D10 - SPI2 SCK  */
 166:../../libDaisy/src/dev/oled_ssd130x.h ****             pin_config.mosi = {DSY_GPIOC, 3}; /**< D9  - SPI2 MOSI */
 167:../../libDaisy/src/dev/oled_ssd130x.h ****             // SSD130x control pin config
 168:../../libDaisy/src/dev/oled_ssd130x.h ****             pin_config.dc    = {DSY_GPIOC, 11}; //D2
 169:../../libDaisy/src/dev/oled_ssd130x.h ****             pin_config.reset = {DSY_GPIOC, 10}; //D3
 170:../../libDaisy/src/dev/oled_ssd130x.h ****         }
 171:../../libDaisy/src/dev/oled_ssd130x.h ****     };
 172:../../libDaisy/src/dev/oled_ssd130x.h ****     void Init(const Config& config)
 173:../../libDaisy/src/dev/oled_ssd130x.h ****     {
 174:../../libDaisy/src/dev/oled_ssd130x.h ****         // Initialize both GPIO
 175:../../libDaisy/src/dev/oled_ssd130x.h ****         pin_sclk_.mode = DSY_GPIO_MODE_OUTPUT_PP;
 176:../../libDaisy/src/dev/oled_ssd130x.h ****         pin_sclk_.pin  = config.pin_config.sclk;
 177:../../libDaisy/src/dev/oled_ssd130x.h ****         dsy_gpio_init(&pin_sclk_);
 178:../../libDaisy/src/dev/oled_ssd130x.h ****         dsy_gpio_write(&pin_sclk_, 1); //ClockPolarity::LOW
 179:../../libDaisy/src/dev/oled_ssd130x.h ****         clk_delay      = config.pin_config.sclk_delay;
 180:../../libDaisy/src/dev/oled_ssd130x.h ****         pin_mosi_.mode = DSY_GPIO_MODE_OUTPUT_PP;
 181:../../libDaisy/src/dev/oled_ssd130x.h ****         pin_mosi_.pin  = config.pin_config.mosi;
 182:../../libDaisy/src/dev/oled_ssd130x.h ****         dsy_gpio_init(&pin_mosi_);
 183:../../libDaisy/src/dev/oled_ssd130x.h ****         dsy_gpio_write(&pin_mosi_, 0);
 184:../../libDaisy/src/dev/oled_ssd130x.h **** 
 185:../../libDaisy/src/dev/oled_ssd130x.h ****         pin_dc_.mode = DSY_GPIO_MODE_OUTPUT_PP;
 186:../../libDaisy/src/dev/oled_ssd130x.h ****         pin_dc_.pin  = config.pin_config.dc;
 187:../../libDaisy/src/dev/oled_ssd130x.h ****         dsy_gpio_init(&pin_dc_);
 188:../../libDaisy/src/dev/oled_ssd130x.h ****         pin_reset_.mode = DSY_GPIO_MODE_OUTPUT_PP;
 189:../../libDaisy/src/dev/oled_ssd130x.h ****         pin_reset_.pin  = config.pin_config.reset;
ARM GAS  /tmp/ccM1IMph.s 			page 31


 190:../../libDaisy/src/dev/oled_ssd130x.h ****         dsy_gpio_init(&pin_reset_);
 191:../../libDaisy/src/dev/oled_ssd130x.h **** 
 192:../../libDaisy/src/dev/oled_ssd130x.h ****         // Reset and Configure OLED.
 193:../../libDaisy/src/dev/oled_ssd130x.h ****         dsy_gpio_write(&pin_reset_, 0);
 194:../../libDaisy/src/dev/oled_ssd130x.h ****         System::Delay(10);
 195:../../libDaisy/src/dev/oled_ssd130x.h ****         dsy_gpio_write(&pin_reset_, 1);
 196:../../libDaisy/src/dev/oled_ssd130x.h ****         System::Delay(10);
 197:../../libDaisy/src/dev/oled_ssd130x.h ****     };
 198:../../libDaisy/src/dev/oled_ssd130x.h ****     void SendCommand(uint8_t cmd)
 199:../../libDaisy/src/dev/oled_ssd130x.h ****     {
 200:../../libDaisy/src/dev/oled_ssd130x.h ****         dsy_gpio_write(&pin_dc_, 0);
 201:../../libDaisy/src/dev/oled_ssd130x.h ****         SoftSpiTransmit(cmd);
 202:../../libDaisy/src/dev/oled_ssd130x.h ****     };
 203:../../libDaisy/src/dev/oled_ssd130x.h **** 
 204:../../libDaisy/src/dev/oled_ssd130x.h ****     void SendData(uint8_t* buff, size_t size)
 205:../../libDaisy/src/dev/oled_ssd130x.h ****     {
 206:../../libDaisy/src/dev/oled_ssd130x.h ****         dsy_gpio_write(&pin_dc_, 1);
 207:../../libDaisy/src/dev/oled_ssd130x.h ****         for(size_t i = 0; i < size; i++)
 208:../../libDaisy/src/dev/oled_ssd130x.h ****             SoftSpiTransmit(buff[i]);
 209:../../libDaisy/src/dev/oled_ssd130x.h ****     };
 210:../../libDaisy/src/dev/oled_ssd130x.h **** 
 211:../../libDaisy/src/dev/oled_ssd130x.h ****   private:
 212:../../libDaisy/src/dev/oled_ssd130x.h ****     void SoftSpiTransmit(uint8_t val)
 213:../../libDaisy/src/dev/oled_ssd130x.h ****     {
 214:../../libDaisy/src/dev/oled_ssd130x.h ****         // bit flip
 215:../../libDaisy/src/dev/oled_ssd130x.h ****         val = ((val & 0x01) << 7) | ((val & 0x02) << 5) | ((val & 0x04) << 3)
 216:../../libDaisy/src/dev/oled_ssd130x.h ****               | ((val & 0x08) << 1) | ((val & 0x10) >> 1) | ((val & 0x20) >> 3)
 217:../../libDaisy/src/dev/oled_ssd130x.h ****               | ((val & 0x40) >> 5) | ((val & 0x80) >> 7);
 218:../../libDaisy/src/dev/oled_ssd130x.h **** 
 219:../../libDaisy/src/dev/oled_ssd130x.h ****         for(uint8_t bit = 0u; bit < 8u; bit++)
 220:../../libDaisy/src/dev/oled_ssd130x.h ****         {
 221:../../libDaisy/src/dev/oled_ssd130x.h ****             dsy_gpio_write(&pin_mosi_, ((val & (1 << bit)) ? 1 : 0));
 222:../../libDaisy/src/dev/oled_ssd130x.h **** 
 223:../../libDaisy/src/dev/oled_ssd130x.h ****             System::DelayTicks(clk_delay);
 224:../../libDaisy/src/dev/oled_ssd130x.h **** 
 225:../../libDaisy/src/dev/oled_ssd130x.h ****             dsy_gpio_toggle(&pin_sclk_);
 226:../../libDaisy/src/dev/oled_ssd130x.h **** 
 227:../../libDaisy/src/dev/oled_ssd130x.h ****             System::DelayTicks(clk_delay);
 228:../../libDaisy/src/dev/oled_ssd130x.h **** 
 229:../../libDaisy/src/dev/oled_ssd130x.h ****             dsy_gpio_toggle(&pin_sclk_);
 230:../../libDaisy/src/dev/oled_ssd130x.h ****         }
 231:../../libDaisy/src/dev/oled_ssd130x.h ****     }
 232:../../libDaisy/src/dev/oled_ssd130x.h **** 
 233:../../libDaisy/src/dev/oled_ssd130x.h ****     uint32_t clk_delay;
 234:../../libDaisy/src/dev/oled_ssd130x.h ****     dsy_gpio pin_sclk_;
 235:../../libDaisy/src/dev/oled_ssd130x.h ****     dsy_gpio pin_mosi_;
 236:../../libDaisy/src/dev/oled_ssd130x.h ****     dsy_gpio pin_reset_;
 237:../../libDaisy/src/dev/oled_ssd130x.h ****     dsy_gpio pin_dc_;
 238:../../libDaisy/src/dev/oled_ssd130x.h **** };
 239:../../libDaisy/src/dev/oled_ssd130x.h **** 
 240:../../libDaisy/src/dev/oled_ssd130x.h **** 
 241:../../libDaisy/src/dev/oled_ssd130x.h **** /**
 242:../../libDaisy/src/dev/oled_ssd130x.h ****  * A driver implementation for the SSD1306/SSD1309
 243:../../libDaisy/src/dev/oled_ssd130x.h ****  */
 244:../../libDaisy/src/dev/oled_ssd130x.h **** template <size_t width, size_t height, typename Transport>
 245:../../libDaisy/src/dev/oled_ssd130x.h **** class SSD130xDriver
 246:../../libDaisy/src/dev/oled_ssd130x.h **** {
ARM GAS  /tmp/ccM1IMph.s 			page 32


 247:../../libDaisy/src/dev/oled_ssd130x.h ****   public:
 248:../../libDaisy/src/dev/oled_ssd130x.h ****     struct Config
 249:../../libDaisy/src/dev/oled_ssd130x.h ****     {
 250:../../libDaisy/src/dev/oled_ssd130x.h ****         typename Transport::Config transport_config;
 251:../../libDaisy/src/dev/oled_ssd130x.h ****     };
 252:../../libDaisy/src/dev/oled_ssd130x.h **** 
 253:../../libDaisy/src/dev/oled_ssd130x.h ****     void Init(Config config)
 254:../../libDaisy/src/dev/oled_ssd130x.h ****     {
 255:../../libDaisy/src/dev/oled_ssd130x.h ****         transport_.Init(config.transport_config);
 256:../../libDaisy/src/dev/oled_ssd130x.h **** 
 257:../../libDaisy/src/dev/oled_ssd130x.h ****         // Init routine...
 258:../../libDaisy/src/dev/oled_ssd130x.h **** 
 259:../../libDaisy/src/dev/oled_ssd130x.h ****         // Display Off
 260:../../libDaisy/src/dev/oled_ssd130x.h ****         transport_.SendCommand(0xaE);
 261:../../libDaisy/src/dev/oled_ssd130x.h ****         // Dimension dependent commands...
 262:../../libDaisy/src/dev/oled_ssd130x.h ****         switch(height)
 263:../../libDaisy/src/dev/oled_ssd130x.h ****         {
 264:../../libDaisy/src/dev/oled_ssd130x.h ****             case 16:
 265:../../libDaisy/src/dev/oled_ssd130x.h ****                 // Display Clock Divide Ratio
 266:../../libDaisy/src/dev/oled_ssd130x.h ****                 transport_.SendCommand(0xD5);
 267:../../libDaisy/src/dev/oled_ssd130x.h ****                 transport_.SendCommand(0x60);
 268:../../libDaisy/src/dev/oled_ssd130x.h ****                 // Multiplex Ratio
 269:../../libDaisy/src/dev/oled_ssd130x.h ****                 transport_.SendCommand(0xA8);
 270:../../libDaisy/src/dev/oled_ssd130x.h ****                 transport_.SendCommand(0x0F);
 271:../../libDaisy/src/dev/oled_ssd130x.h ****                 // COM Pins
 272:../../libDaisy/src/dev/oled_ssd130x.h ****                 transport_.SendCommand(0xDA);
 273:../../libDaisy/src/dev/oled_ssd130x.h ****                 transport_.SendCommand(0x02);
 274:../../libDaisy/src/dev/oled_ssd130x.h ****                 break;
 275:../../libDaisy/src/dev/oled_ssd130x.h ****             case 32:
 276:../../libDaisy/src/dev/oled_ssd130x.h ****                 // Display Clock Divide Ratio
 277:../../libDaisy/src/dev/oled_ssd130x.h ****                 transport_.SendCommand(0xD5);
 278:../../libDaisy/src/dev/oled_ssd130x.h ****                 transport_.SendCommand(0x80);
 279:../../libDaisy/src/dev/oled_ssd130x.h ****                 // Multiplex Ratio
 280:../../libDaisy/src/dev/oled_ssd130x.h ****                 transport_.SendCommand(0xA8);
 281:../../libDaisy/src/dev/oled_ssd130x.h ****                 transport_.SendCommand(0x1F);
 282:../../libDaisy/src/dev/oled_ssd130x.h ****                 // COM Pins
 283:../../libDaisy/src/dev/oled_ssd130x.h ****                 transport_.SendCommand(0xDA);
 284:../../libDaisy/src/dev/oled_ssd130x.h ****                 if(width == 64)
 285:../../libDaisy/src/dev/oled_ssd130x.h ****                 {
 286:../../libDaisy/src/dev/oled_ssd130x.h ****                     transport_.SendCommand(0x12);
 287:../../libDaisy/src/dev/oled_ssd130x.h ****                 }
 288:../../libDaisy/src/dev/oled_ssd130x.h ****                 else
 289:../../libDaisy/src/dev/oled_ssd130x.h ****                 {
 290:../../libDaisy/src/dev/oled_ssd130x.h ****                     transport_.SendCommand(0x02);
 291:../../libDaisy/src/dev/oled_ssd130x.h ****                 }
 292:../../libDaisy/src/dev/oled_ssd130x.h **** 
 293:../../libDaisy/src/dev/oled_ssd130x.h ****                 break;
 294:../../libDaisy/src/dev/oled_ssd130x.h ****             case 48:
 295:../../libDaisy/src/dev/oled_ssd130x.h ****                 // Display Clock Divide Ratio
 296:../../libDaisy/src/dev/oled_ssd130x.h ****                 transport_.SendCommand(0xD5);
 297:../../libDaisy/src/dev/oled_ssd130x.h ****                 transport_.SendCommand(0x80);
 298:../../libDaisy/src/dev/oled_ssd130x.h ****                 // Multiplex Ratio
 299:../../libDaisy/src/dev/oled_ssd130x.h ****                 transport_.SendCommand(0xA8);
 300:../../libDaisy/src/dev/oled_ssd130x.h ****                 transport_.SendCommand(0x2F);
 301:../../libDaisy/src/dev/oled_ssd130x.h ****                 // COM Pins
 302:../../libDaisy/src/dev/oled_ssd130x.h ****                 transport_.SendCommand(0xDA);
 303:../../libDaisy/src/dev/oled_ssd130x.h ****                 transport_.SendCommand(0x12);
ARM GAS  /tmp/ccM1IMph.s 			page 33


 304:../../libDaisy/src/dev/oled_ssd130x.h ****                 break;
 305:../../libDaisy/src/dev/oled_ssd130x.h ****             default: // 128
 306:../../libDaisy/src/dev/oled_ssd130x.h ****                 // Display Clock Divide Ratio
 307:../../libDaisy/src/dev/oled_ssd130x.h ****                 transport_.SendCommand(0xD5);
 308:../../libDaisy/src/dev/oled_ssd130x.h ****                 transport_.SendCommand(0x80);
 309:../../libDaisy/src/dev/oled_ssd130x.h ****                 // Multiplex Ratio
 310:../../libDaisy/src/dev/oled_ssd130x.h ****                 transport_.SendCommand(0xA8);
 311:../../libDaisy/src/dev/oled_ssd130x.h ****                 transport_.SendCommand(0x3F);
 312:../../libDaisy/src/dev/oled_ssd130x.h ****                 // COM Pins
 313:../../libDaisy/src/dev/oled_ssd130x.h ****                 transport_.SendCommand(0xDA);
 314:../../libDaisy/src/dev/oled_ssd130x.h ****                 transport_.SendCommand(0x12);
 315:../../libDaisy/src/dev/oled_ssd130x.h ****                 break;
 316:../../libDaisy/src/dev/oled_ssd130x.h ****         }
 317:../../libDaisy/src/dev/oled_ssd130x.h **** 
 318:../../libDaisy/src/dev/oled_ssd130x.h ****         // Display Offset
 319:../../libDaisy/src/dev/oled_ssd130x.h ****         transport_.SendCommand(0xD3);
 320:../../libDaisy/src/dev/oled_ssd130x.h ****         transport_.SendCommand(0x00);
 321:../../libDaisy/src/dev/oled_ssd130x.h ****         // Start Line Address
 322:../../libDaisy/src/dev/oled_ssd130x.h ****         transport_.SendCommand(0x40);
 323:../../libDaisy/src/dev/oled_ssd130x.h ****         // Normal Display
 324:../../libDaisy/src/dev/oled_ssd130x.h ****         transport_.SendCommand(0xA6);
 325:../../libDaisy/src/dev/oled_ssd130x.h ****         // All On Resume
 326:../../libDaisy/src/dev/oled_ssd130x.h ****         transport_.SendCommand(0xA4);
 327:../../libDaisy/src/dev/oled_ssd130x.h ****         // Charge Pump
 328:../../libDaisy/src/dev/oled_ssd130x.h ****         transport_.SendCommand(0x8D);
 329:../../libDaisy/src/dev/oled_ssd130x.h ****         transport_.SendCommand(0x14);
 330:../../libDaisy/src/dev/oled_ssd130x.h ****         // Set Segment Remap
 331:../../libDaisy/src/dev/oled_ssd130x.h ****         transport_.SendCommand(0xA1);
 332:../../libDaisy/src/dev/oled_ssd130x.h ****         // COM Output Scan Direction
 333:../../libDaisy/src/dev/oled_ssd130x.h ****         transport_.SendCommand(0xC8);
 334:../../libDaisy/src/dev/oled_ssd130x.h ****         // Contrast Control
 335:../../libDaisy/src/dev/oled_ssd130x.h ****         transport_.SendCommand(0x81);
 336:../../libDaisy/src/dev/oled_ssd130x.h ****         transport_.SendCommand(0x8F);
 337:../../libDaisy/src/dev/oled_ssd130x.h ****         // Pre Charge
 338:../../libDaisy/src/dev/oled_ssd130x.h ****         transport_.SendCommand(0xD9);
 339:../../libDaisy/src/dev/oled_ssd130x.h ****         transport_.SendCommand(0x25);
 340:../../libDaisy/src/dev/oled_ssd130x.h ****         // VCOM Detect
 341:../../libDaisy/src/dev/oled_ssd130x.h ****         transport_.SendCommand(0xDB);
 342:../../libDaisy/src/dev/oled_ssd130x.h ****         transport_.SendCommand(0x34);
 343:../../libDaisy/src/dev/oled_ssd130x.h **** 
 344:../../libDaisy/src/dev/oled_ssd130x.h **** 
 345:../../libDaisy/src/dev/oled_ssd130x.h ****         // Display On
 346:../../libDaisy/src/dev/oled_ssd130x.h ****         transport_.SendCommand(0xAF); //--turn on oled panel
 347:../../libDaisy/src/dev/oled_ssd130x.h ****     };
 348:../../libDaisy/src/dev/oled_ssd130x.h **** 
 349:../../libDaisy/src/dev/oled_ssd130x.h ****     size_t Width() const { return width; };
 350:../../libDaisy/src/dev/oled_ssd130x.h ****     size_t Height() const { return height; };
 351:../../libDaisy/src/dev/oled_ssd130x.h **** 
 352:../../libDaisy/src/dev/oled_ssd130x.h ****     void DrawPixel(uint_fast8_t x, uint_fast8_t y, bool on)
 353:../../libDaisy/src/dev/oled_ssd130x.h ****     {
 354:../../libDaisy/src/dev/oled_ssd130x.h ****         if(x >= width || y >= height)
 355:../../libDaisy/src/dev/oled_ssd130x.h ****             return;
 356:../../libDaisy/src/dev/oled_ssd130x.h ****         if(on)
 357:../../libDaisy/src/dev/oled_ssd130x.h ****             buffer_[x + (y / 8) * width] |= (1 << (y % 8));
 358:../../libDaisy/src/dev/oled_ssd130x.h ****         else
 359:../../libDaisy/src/dev/oled_ssd130x.h ****             buffer_[x + (y / 8) * width] &= ~(1 << (y % 8));
 360:../../libDaisy/src/dev/oled_ssd130x.h ****     }
ARM GAS  /tmp/ccM1IMph.s 			page 34


 361:../../libDaisy/src/dev/oled_ssd130x.h **** 
 362:../../libDaisy/src/dev/oled_ssd130x.h ****     void Fill(bool on)
 276              		.loc 16 362 10 view .LVU42
 277              	.LBB584:
 363:../../libDaisy/src/dev/oled_ssd130x.h ****     {
 364:../../libDaisy/src/dev/oled_ssd130x.h ****         for(size_t i = 0; i < sizeof(buffer_); i++)
 278              		.loc 16 364 29 view .LVU43
 365:../../libDaisy/src/dev/oled_ssd130x.h ****         {
 366:../../libDaisy/src/dev/oled_ssd130x.h ****             buffer_[i] = on ? 0xff : 0x00;
 279              		.loc 16 366 24 is_stmt 0 view .LVU44
 280 0000 4942     		rsbs	r1, r1, #0
 281              	.LVL9:
 282              		.loc 16 366 24 view .LVU45
 283 0002 4FF48062 		mov	r2, #1024
 284 0006 1430     		adds	r0, r0, #20
 285              	.LVL10:
 286              		.loc 16 366 24 view .LVU46
 287 0008 C9B2     		uxtb	r1, r1
 288 000a FFF7FEBF 		b	memset
 289              	.LVL11:
 290              		.loc 16 366 24 view .LVU47
 291              	.LBE584:
 292              	.LBE583:
 293              		.cfi_endproc
 294              	.LFE5341:
 296 000e 00BF     		.section	.text._Z13AudioCallbackPKPKfPPfj,"ax",%progbits
 297              		.align	1
 298              		.p2align 2,,3
 299              		.global	_Z13AudioCallbackPKPKfPPfj
 300              		.syntax unified
 301              		.thumb
 302              		.thumb_func
 303              		.fpu fpv5-d16
 305              	_Z13AudioCallbackPKPKfPPfj:
 306              	.LVL12:
 307              	.LFB4716:
 308              		.file 17 "Midi.cpp"
   1:Midi.cpp      **** #include "daisy_patch.h"
   2:Midi.cpp      **** #include "daisysp.h"
   3:Midi.cpp      **** #include <string>
   4:Midi.cpp      **** 
   5:Midi.cpp      **** using namespace daisy;
   6:Midi.cpp      **** using namespace daisysp;
   7:Midi.cpp      **** 
   8:Midi.cpp      **** DaisyPatch hw;
   9:Midi.cpp      **** Oscillator osc;
  10:Midi.cpp      **** Svf        filt;
  11:Midi.cpp      **** 
  12:Midi.cpp      **** void AudioCallback(AudioHandle::InputBuffer  in,
  13:Midi.cpp      ****                    AudioHandle::OutputBuffer out,
  14:Midi.cpp      ****                    size_t                    size)
  15:Midi.cpp      **** {
 309              		.loc 17 15 1 is_stmt 1 view -0
 310              		.cfi_startproc
 311              		@ args = 0, pretend = 0, frame = 0
 312              		@ frame_needed = 0, uses_anonymous_args = 0
  16:Midi.cpp      ****     float sig;
ARM GAS  /tmp/ccM1IMph.s 			page 35


 313              		.loc 17 16 5 view .LVU49
  17:Midi.cpp      ****     for(size_t i = 0; i < size; i++)
 314              		.loc 17 17 5 view .LVU50
 315              	.LBB585:
 316              		.loc 17 17 25 view .LVU51
 317 0000 F2B1     		cbz	r2, .L19
 318              	.LBE585:
  15:Midi.cpp      ****     float sig;
 319              		.loc 17 15 1 is_stmt 0 view .LVU52
 320 0002 2DE9F041 		push	{r4, r5, r6, r7, r8, lr}
 321              		.cfi_def_cfa_offset 24
 322              		.cfi_offset 4, -24
 323              		.cfi_offset 5, -20
 324              		.cfi_offset 6, -16
 325              		.cfi_offset 7, -12
 326              		.cfi_offset 8, -8
 327              		.cfi_offset 14, -4
 328 0006 1546     		mov	r5, r2
 329              	.LBB592:
 330              		.loc 17 17 16 view .LVU53
 331 0008 4FF00008 		mov	r8, #0
 332 000c 0E1F     		subs	r6, r1, #4
 333 000e 01F10C04 		add	r4, r1, #12
 334 0012 0C4F     		ldr	r7, .L22
 335              	.LVL13:
 336              	.L12:
 337              	.LBB586:
  18:Midi.cpp      ****     {
  19:Midi.cpp      ****         sig = osc.Process();
 338              		.loc 17 19 9 is_stmt 1 view .LVU54
 339              		.loc 17 19 26 is_stmt 0 view .LVU55
 340 0014 0C48     		ldr	r0, .L22+4
 341 0016 FFF7FEFF 		bl	_ZN7daisysp10Oscillator7ProcessEv
 342              	.LVL14:
  20:Midi.cpp      ****         filt.Process(sig);
 343              		.loc 17 20 9 is_stmt 1 view .LVU56
 344              		.loc 17 20 21 is_stmt 0 view .LVU57
 345 001a 0A48     		ldr	r0, .L22
 346 001c FFF7FEFF 		bl	_ZN7daisysp3Svf7ProcessEf
 347              	.LVL15:
  21:Midi.cpp      ****         for(size_t chn = 0; chn < 4; chn++)
 348              		.loc 17 21 9 is_stmt 1 view .LVU58
 349              	.LBB587:
 350              		.loc 17 21 33 view .LVU59
 351 0020 3146     		mov	r1, r6
 352 0022 4FEA880C 		lsl	ip, r8, #2
 353              	.LVL16:
 354              	.L11:
  22:Midi.cpp      ****         {
  23:Midi.cpp      ****             out[chn][i] = filt.Low();
 355              		.loc 17 23 13 discriminator 2 view .LVU60
 356              	.LBB588:
 357              	.LBI588:
  31:../../DaisySP/Source/Filters/svf.h ****     /** Initializes the filter
  32:../../DaisySP/Source/Filters/svf.h ****         float sample_rate - sample rate of the audio engine being run, and the frequency that the P
  33:../../DaisySP/Source/Filters/svf.h ****     */
  34:../../DaisySP/Source/Filters/svf.h ****     void Init(float sample_rate);
ARM GAS  /tmp/ccM1IMph.s 			page 36


  35:../../DaisySP/Source/Filters/svf.h **** 
  36:../../DaisySP/Source/Filters/svf.h **** 
  37:../../DaisySP/Source/Filters/svf.h ****     /** 
  38:../../DaisySP/Source/Filters/svf.h ****         Process the input signal, updating all of the outputs.
  39:../../DaisySP/Source/Filters/svf.h ****     */
  40:../../DaisySP/Source/Filters/svf.h ****     void Process(float in);
  41:../../DaisySP/Source/Filters/svf.h **** 
  42:../../DaisySP/Source/Filters/svf.h **** 
  43:../../DaisySP/Source/Filters/svf.h ****     /** sets the frequency of the cutoff frequency. 
  44:../../DaisySP/Source/Filters/svf.h ****         f must be between 0.0 and sample_rate / 3
  45:../../DaisySP/Source/Filters/svf.h ****     */
  46:../../DaisySP/Source/Filters/svf.h ****     void SetFreq(float f);
  47:../../DaisySP/Source/Filters/svf.h **** 
  48:../../DaisySP/Source/Filters/svf.h ****     /** sets the resonance of the filter.
  49:../../DaisySP/Source/Filters/svf.h ****         Must be between 0.0 and 1.0 to ensure stability.
  50:../../DaisySP/Source/Filters/svf.h ****     */
  51:../../DaisySP/Source/Filters/svf.h ****     void SetRes(float r);
  52:../../DaisySP/Source/Filters/svf.h **** 
  53:../../DaisySP/Source/Filters/svf.h ****     /** sets the drive of the filter 
  54:../../DaisySP/Source/Filters/svf.h ****         affects the response of the resonance of the filter
  55:../../DaisySP/Source/Filters/svf.h ****     */
  56:../../DaisySP/Source/Filters/svf.h ****     void SetDrive(float d);
  57:../../DaisySP/Source/Filters/svf.h ****     /** lowpass output
  58:../../DaisySP/Source/Filters/svf.h ****         \return low pass output of the filter
  59:../../DaisySP/Source/Filters/svf.h ****     */
  60:../../DaisySP/Source/Filters/svf.h ****     inline float Low() { return out_low_; }
 358              		.loc 15 60 18 discriminator 2 view .LVU61
 359              	.LBB589:
 360              		.loc 15 60 26 discriminator 2 view .LVU62
 361              	.LBE589:
 362              	.LBE588:
 363              		.loc 17 23 25 is_stmt 0 discriminator 2 view .LVU63
 364 0026 51F8043F 		ldr	r3, [r1, #4]!
 365              	.LBB591:
 366              	.LBB590:
 367              		.loc 15 60 33 discriminator 2 view .LVU64
 368 002a 386B     		ldr	r0, [r7, #48]	@ float
 369              	.LVL17:
 370              		.loc 15 60 33 discriminator 2 view .LVU65
 371              	.LBE590:
 372              	.LBE591:
 373              		.loc 17 23 25 discriminator 2 view .LVU66
 374 002c 6344     		add	r3, r3, ip
  21:Midi.cpp      ****         {
 375              		.loc 17 21 33 discriminator 2 view .LVU67
 376 002e A142     		cmp	r1, r4
 377              		.loc 17 23 25 discriminator 2 view .LVU68
 378 0030 1860     		str	r0, [r3]	@ float
  21:Midi.cpp      ****         {
 379              		.loc 17 21 9 is_stmt 1 discriminator 2 view .LVU69
  21:Midi.cpp      ****         {
 380              		.loc 17 21 33 discriminator 2 view .LVU70
 381 0032 F8D1     		bne	.L11
 382              	.LBE587:
 383              	.LBE586:
  17:Midi.cpp      ****     {
 384              		.loc 17 17 5 discriminator 2 view .LVU71
ARM GAS  /tmp/ccM1IMph.s 			page 37


 385 0034 08F10108 		add	r8, r8, #1
 386              	.LVL18:
  17:Midi.cpp      ****     {
 387              		.loc 17 17 25 discriminator 2 view .LVU72
 388 0038 4545     		cmp	r5, r8
 389 003a EBD1     		bne	.L12
 390              	.LBE592:
  24:Midi.cpp      ****         }
  25:Midi.cpp      ****     }
  26:Midi.cpp      **** }
 391              		.loc 17 26 1 is_stmt 0 view .LVU73
 392 003c BDE8F081 		pop	{r4, r5, r6, r7, r8, pc}
 393              	.LVL19:
 394              	.L19:
 395              		.cfi_def_cfa_offset 0
 396              		.cfi_restore 4
 397              		.cfi_restore 5
 398              		.cfi_restore 6
 399              		.cfi_restore 7
 400              		.cfi_restore 8
 401              		.cfi_restore 14
 402              		.loc 17 26 1 view .LVU74
 403 0040 7047     		bx	lr
 404              	.L23:
 405 0042 00BF     		.align	2
 406              	.L22:
 407 0044 00000000 		.word	.LANCHOR1
 408 0048 00000000 		.word	.LANCHOR0
 409              		.cfi_endproc
 410              	.LFE4716:
 412              		.section	.text._ZN5daisy11OledDisplayINS_13SSD130xDriverILj128ELj64ENS_24SSD130x4WireSpiTransportE
 413              		.align	1
 414              		.p2align 2,,3
 415              		.weak	_ZN5daisy11OledDisplayINS_13SSD130xDriverILj128ELj64ENS_24SSD130x4WireSpiTransportEEEED0Ev
 416              		.syntax unified
 417              		.thumb
 418              		.thumb_func
 419              		.fpu fpv5-d16
 421              	_ZN5daisy11OledDisplayINS_13SSD130xDriverILj128ELj64ENS_24SSD130x4WireSpiTransportEEEED0Ev:
 422              	.LVL20:
 423              	.LFB4753:
  18:../../libDaisy/src/hid/disp/oled_display.h **** 
 424              		.loc 2 18 13 is_stmt 1 view -0
 425              		.cfi_startproc
 426              		@ args = 0, pretend = 0, frame = 0
 427              		@ frame_needed = 0, uses_anonymous_args = 0
  18:../../libDaisy/src/hid/disp/oled_display.h **** 
 428              		.loc 2 18 13 is_stmt 0 view .LVU76
 429 0000 10B5     		push	{r4, lr}
 430              		.cfi_def_cfa_offset 8
 431              		.cfi_offset 4, -8
 432              		.cfi_offset 14, -4
  18:../../libDaisy/src/hid/disp/oled_display.h **** 
 433              		.loc 2 18 13 view .LVU77
 434 0002 0446     		mov	r4, r0
 435              	.LVL21:
 436              	.LBB593:
ARM GAS  /tmp/ccM1IMph.s 			page 38


 437              	.LBI593:
  18:../../libDaisy/src/hid/disp/oled_display.h **** 
 438              		.loc 2 18 13 is_stmt 1 view .LVU78
 439              	.LBB594:
 440              	.LBI594:
 441              		.loc 3 219 13 view .LVU79
 442              	.LBB595:
 443              	.LBI595:
  23:../../libDaisy/src/hid/disp/display.h **** 
 444              		.loc 3 23 13 view .LVU80
  23:../../libDaisy/src/hid/disp/display.h **** 
 445              		.loc 3 23 13 is_stmt 0 view .LVU81
 446              	.LBE595:
 447              	.LBE594:
 448              	.LBE593:
  18:../../libDaisy/src/hid/disp/oled_display.h **** 
 449              		.loc 2 18 29 view .LVU82
 450 0004 40F21441 		movw	r1, #1044
 451 0008 FFF7FEFF 		bl	_ZdlPvj
 452              	.LVL22:
  18:../../libDaisy/src/hid/disp/oled_display.h **** 
 453              		.loc 2 18 29 view .LVU83
 454 000c 2046     		mov	r0, r4
 455 000e 10BD     		pop	{r4, pc}
  18:../../libDaisy/src/hid/disp/oled_display.h **** 
 456              		.loc 2 18 29 view .LVU84
 457              		.cfi_endproc
 458              	.LFE4753:
 460              		.section	.text._ZN5daisy17MidiUartTransport10rxCallbackEPhjPvNS_11UartHandler6ResultE,"axG",%progb
 461              		.align	1
 462              		.p2align 2,,3
 463              		.weak	_ZN5daisy17MidiUartTransport10rxCallbackEPhjPvNS_11UartHandler6ResultE
 464              		.syntax unified
 465              		.thumb
 466              		.thumb_func
 467              		.fpu fpv5-d16
 469              	_ZN5daisy17MidiUartTransport10rxCallbackEPhjPvNS_11UartHandler6ResultE:
 470              	.LVL23:
 471              	.LFB1624:
 124:../../libDaisy/src/hid/midi.h ****                            size_t              size,
 472              		.loc 4 124 17 is_stmt 1 view -0
 473              		.cfi_startproc
 474              		@ args = 0, pretend = 0, frame = 0
 475              		@ frame_needed = 0, uses_anonymous_args = 0
 476              		@ link register save eliminated.
 130:../../libDaisy/src/hid/midi.h ****             = reinterpret_cast<MidiUartTransport*>(context);
 477              		.loc 4 130 9 view .LVU86
 132:../../libDaisy/src/hid/midi.h ****         {
 478              		.loc 4 132 9 view .LVU87
 479 0000 1BB9     		cbnz	r3, .L26
 480              	.LVL24:
 481              	.LBB598:
 482              	.LBI598:
 124:../../libDaisy/src/hid/midi.h ****                            size_t              size,
 483              		.loc 4 124 17 view .LVU88
 484              	.LBB599:
 134:../../libDaisy/src/hid/midi.h ****             {
ARM GAS  /tmp/ccM1IMph.s 			page 39


 485              		.loc 4 134 13 view .LVU89
 134:../../libDaisy/src/hid/midi.h ****             {
 486              		.loc 4 134 27 is_stmt 0 view .LVU90
 487 0002 1369     		ldr	r3, [r2, #16]
 488              	.LVL25:
 134:../../libDaisy/src/hid/midi.h ****             {
 489              		.loc 4 134 13 view .LVU91
 490 0004 0BB1     		cbz	r3, .L26
 136:../../libDaisy/src/hid/midi.h ****                     data, size, transport->parse_context_);
 491              		.loc 4 136 17 is_stmt 1 view .LVU92
 136:../../libDaisy/src/hid/midi.h ****                     data, size, transport->parse_context_);
 492              		.loc 4 136 43 is_stmt 0 view .LVU93
 493 0006 D268     		ldr	r2, [r2, #12]
 494              	.LVL26:
 136:../../libDaisy/src/hid/midi.h ****                     data, size, transport->parse_context_);
 495              		.loc 4 136 43 view .LVU94
 496 0008 1847     		bx	r3	@ indirect register sibling call
 497              	.LVL27:
 498              	.L26:
 136:../../libDaisy/src/hid/midi.h ****                     data, size, transport->parse_context_);
 499              		.loc 4 136 43 view .LVU95
 500              	.LBE599:
 501              	.LBE598:
 140:../../libDaisy/src/hid/midi.h **** };
 502              		.loc 4 140 5 view .LVU96
 503 000a 7047     		bx	lr
 504              		.cfi_endproc
 505              	.LFE1624:
 507              		.section	.text._ZN5daisy11MidiHandlerINS_17MidiUartTransportEE13ParseCallbackEPhjPv,"axG",%progbit
 508              		.align	1
 509              		.p2align 2,,3
 510              		.weak	_ZN5daisy11MidiHandlerINS_17MidiUartTransportEE13ParseCallbackEPhjPv
 511              		.syntax unified
 512              		.thumb
 513              		.thumb_func
 514              		.fpu fpv5-d16
 516              	_ZN5daisy11MidiHandlerINS_17MidiUartTransportEE13ParseCallbackEPhjPv:
 517              	.LVL28:
 518              	.LFB5187:
 157:../../libDaisy/src/hid/midi.h **** 
 158:../../libDaisy/src/hid/midi.h ****     struct Config
 159:../../libDaisy/src/hid/midi.h ****     {
 160:../../libDaisy/src/hid/midi.h ****         typename Transport::Config transport_config;
 161:../../libDaisy/src/hid/midi.h ****     };
 162:../../libDaisy/src/hid/midi.h **** 
 163:../../libDaisy/src/hid/midi.h ****     /** Initializes the MidiHandler
 164:../../libDaisy/src/hid/midi.h ****      *  \param config Configuration structure used to define specifics to the MIDI Handler.
 165:../../libDaisy/src/hid/midi.h ****      */
 166:../../libDaisy/src/hid/midi.h ****     void Init(Config config)
 167:../../libDaisy/src/hid/midi.h ****     {
 168:../../libDaisy/src/hid/midi.h ****         config_ = config;
 169:../../libDaisy/src/hid/midi.h ****         transport_.Init(config_.transport_config);
 170:../../libDaisy/src/hid/midi.h ****         parser_.Init();
 171:../../libDaisy/src/hid/midi.h ****     }
 172:../../libDaisy/src/hid/midi.h **** 
 173:../../libDaisy/src/hid/midi.h ****     /** Starts listening on the selected input mode(s).
 174:../../libDaisy/src/hid/midi.h ****      * MidiEvent Queue will begin to fill, and can be checked with HasEvents() */
ARM GAS  /tmp/ccM1IMph.s 			page 40


 175:../../libDaisy/src/hid/midi.h ****     void StartReceive()
 176:../../libDaisy/src/hid/midi.h ****     {
 177:../../libDaisy/src/hid/midi.h ****         transport_.StartRx(MidiHandler::ParseCallback, this);
 178:../../libDaisy/src/hid/midi.h ****     }
 179:../../libDaisy/src/hid/midi.h **** 
 180:../../libDaisy/src/hid/midi.h ****     /** Start listening */
 181:../../libDaisy/src/hid/midi.h ****     void Listen()
 182:../../libDaisy/src/hid/midi.h ****     {
 183:../../libDaisy/src/hid/midi.h ****         // In case of UART Error, (particularly
 184:../../libDaisy/src/hid/midi.h ****         //  overrun error), UART disables itself.
 185:../../libDaisy/src/hid/midi.h ****         // Flush the buff, and restart.
 186:../../libDaisy/src/hid/midi.h ****         if(!transport_.RxActive())
 187:../../libDaisy/src/hid/midi.h ****         {
 188:../../libDaisy/src/hid/midi.h ****             parser_.Reset();
 189:../../libDaisy/src/hid/midi.h ****             transport_.FlushRx();
 190:../../libDaisy/src/hid/midi.h ****             StartReceive();
 191:../../libDaisy/src/hid/midi.h ****         }
 192:../../libDaisy/src/hid/midi.h ****     }
 193:../../libDaisy/src/hid/midi.h **** 
 194:../../libDaisy/src/hid/midi.h ****     /** Checks if there are unhandled messages in the queue
 195:../../libDaisy/src/hid/midi.h ****     \return True if there are events to be handled, else false.
 196:../../libDaisy/src/hid/midi.h ****      */
 197:../../libDaisy/src/hid/midi.h ****     bool HasEvents() const { return event_q_.GetNumElements() > 0; }
 198:../../libDaisy/src/hid/midi.h **** 
 199:../../libDaisy/src/hid/midi.h **** 
 200:../../libDaisy/src/hid/midi.h ****     /** Pops the oldest unhandled MidiEvent from the internal queue
 201:../../libDaisy/src/hid/midi.h ****     \return The event to be handled
 202:../../libDaisy/src/hid/midi.h ****      */
 203:../../libDaisy/src/hid/midi.h ****     MidiEvent PopEvent() { return event_q_.PopFront(); }
 204:../../libDaisy/src/hid/midi.h **** 
 205:../../libDaisy/src/hid/midi.h ****     /** SendMessage
 206:../../libDaisy/src/hid/midi.h ****     Send raw bytes as message
 207:../../libDaisy/src/hid/midi.h ****     */
 208:../../libDaisy/src/hid/midi.h ****     void SendMessage(uint8_t* bytes, size_t size)
 209:../../libDaisy/src/hid/midi.h ****     {
 210:../../libDaisy/src/hid/midi.h ****         transport_.Tx(bytes, size);
 211:../../libDaisy/src/hid/midi.h ****     }
 212:../../libDaisy/src/hid/midi.h **** 
 213:../../libDaisy/src/hid/midi.h ****     /** Feed in bytes to parser state machine from an external source.
 214:../../libDaisy/src/hid/midi.h ****         Populates internal FIFO queue with MIDI Messages.
 215:../../libDaisy/src/hid/midi.h **** 
 216:../../libDaisy/src/hid/midi.h ****         \note  Normally application code won't need to use this method directly.
 217:../../libDaisy/src/hid/midi.h ****         \param byte MIDI byte to be parsed
 218:../../libDaisy/src/hid/midi.h ****     */
 219:../../libDaisy/src/hid/midi.h ****     void Parse(uint8_t byte)
 220:../../libDaisy/src/hid/midi.h ****     {
 221:../../libDaisy/src/hid/midi.h ****         MidiEvent event;
 222:../../libDaisy/src/hid/midi.h ****         if(parser_.Parse(byte, &event))
 223:../../libDaisy/src/hid/midi.h ****         {
 224:../../libDaisy/src/hid/midi.h ****             event_q_.PushBack(event);
 225:../../libDaisy/src/hid/midi.h ****         }
 226:../../libDaisy/src/hid/midi.h ****     }
 227:../../libDaisy/src/hid/midi.h **** 
 228:../../libDaisy/src/hid/midi.h ****   private:
 229:../../libDaisy/src/hid/midi.h ****     Config               config_;
 230:../../libDaisy/src/hid/midi.h ****     Transport            transport_;
 231:../../libDaisy/src/hid/midi.h ****     MidiParser           parser_;
ARM GAS  /tmp/ccM1IMph.s 			page 41


 232:../../libDaisy/src/hid/midi.h ****     FIFO<MidiEvent, 256> event_q_;
 233:../../libDaisy/src/hid/midi.h **** 
 234:../../libDaisy/src/hid/midi.h ****     static void ParseCallback(uint8_t* data, size_t size, void* context)
 519              		.loc 4 234 17 is_stmt 1 view -0
 520              		.cfi_startproc
 521              		@ args = 0, pretend = 0, frame = 144
 522              		@ frame_needed = 0, uses_anonymous_args = 0
 523              	.LBB609:
 235:../../libDaisy/src/hid/midi.h ****     {
 236:../../libDaisy/src/hid/midi.h ****         MidiHandler* handler = reinterpret_cast<MidiHandler*>(context);
 237:../../libDaisy/src/hid/midi.h ****         for(size_t i = 0; i < size; i++)
 524              		.loc 4 237 29 view .LVU98
 525 0000 B9B3     		cbz	r1, .L41
 526 0002 0144     		add	r1, r1, r0
 527              	.LVL29:
 528              		.loc 4 237 29 is_stmt 0 view .LVU99
 529              	.LBE609:
 234:../../libDaisy/src/hid/midi.h ****     {
 530              		.loc 4 234 17 view .LVU100
 531 0004 F0B5     		push	{r4, r5, r6, r7, lr}
 532              		.cfi_def_cfa_offset 20
 533              		.cfi_offset 4, -20
 534              		.cfi_offset 5, -16
 535              		.cfi_offset 6, -12
 536              		.cfi_offset 7, -8
 537              		.cfi_offset 14, -4
 538 0006 1546     		mov	r5, r2
 539 0008 A5B0     		sub	sp, sp, #148
 540              		.cfi_def_cfa_offset 168
 541              	.LBB628:
 542              	.LBB610:
 543              	.LBB611:
 222:../../libDaisy/src/hid/midi.h ****         {
 544              		.loc 4 222 25 view .LVU101
 545 000a 02F12407 		add	r7, r2, #36
 546 000e 441E     		subs	r4, r0, #1
 547 0010 4E1E     		subs	r6, r1, #1
 548 0012 01E0     		b	.L39
 549              	.LVL30:
 550              	.L34:
 222:../../libDaisy/src/hid/midi.h ****         {
 551              		.loc 4 222 25 view .LVU102
 552              	.LBE611:
 553              	.LBE610:
 554              		.loc 4 237 9 is_stmt 1 view .LVU103
 555              		.loc 4 237 29 view .LVU104
 556 0014 A642     		cmp	r6, r4
 557 0016 2AD0     		beq	.L44
 558              	.LVL31:
 559              	.L39:
 560              	.LBB627:
 561              	.LBI610:
 219:../../libDaisy/src/hid/midi.h ****     {
 562              		.loc 4 219 10 discriminator 2 view .LVU105
 563              	.LBB626:
 222:../../libDaisy/src/hid/midi.h ****         {
 564              		.loc 4 222 25 is_stmt 0 discriminator 2 view .LVU106
ARM GAS  /tmp/ccM1IMph.s 			page 42


 565 0018 14F8011F 		ldrb	r1, [r4, #1]!	@ zero_extendqisi2
 566              	.LVL32:
 222:../../libDaisy/src/hid/midi.h ****         {
 567              		.loc 4 222 25 discriminator 2 view .LVU107
 568 001c 6A46     		mov	r2, sp
 569 001e 3846     		mov	r0, r7
 570 0020 FFF7FEFF 		bl	_ZN5daisy10MidiParser5ParseEhPNS_9MidiEventE
 571              	.LVL33:
 222:../../libDaisy/src/hid/midi.h ****         {
 572              		.loc 4 222 9 discriminator 2 view .LVU108
 573 0024 0028     		cmp	r0, #0
 574 0026 F5D0     		beq	.L34
 575              	.LVL34:
 576              	.LBB612:
 577              	.LBI612:
  49:../../libDaisy/src/util/FIFO.h ****     {
 578              		.loc 5 49 10 is_stmt 1 view .LVU109
 579              	.LBB613:
 580              	.LBB614:
 581              	.LBI614:
 168:../../libDaisy/src/util/FIFO.h **** 
 582              		.loc 5 168 10 view .LVU110
 583              	.LBB615:
 584              	.LBB616:
 585              	.LBI616:
 171:../../libDaisy/src/util/FIFO.h ****     {
 586              		.loc 5 171 12 view .LVU111
 587              	.LBB617:
 175:../../libDaisy/src/util/FIFO.h ****         return size_t(numElements);
 588              		.loc 5 175 28 is_stmt 0 view .LVU112
 589 0028 D5F8C4C0 		ldr	ip, [r5, #196]
 590              	.LBE617:
 591              	.LBE616:
 592              	.LBE615:
 593              	.LBE614:
  53:../../libDaisy/src/util/FIFO.h ****             if(bufferIn_ >= bufferSize_)
 594              		.loc 5 53 13 view .LVU113
 595 002c 9022     		movs	r2, #144
 596 002e 6946     		mov	r1, sp
 597              	.LBB624:
 598              	.LBB622:
 599              	.LBB620:
 600              	.LBB618:
 173:../../libDaisy/src/util/FIFO.h ****         if(numElements < 0)
 601              		.loc 5 173 41 view .LVU114
 602 0030 D5E93203 		ldrd	r0, r3, [r5, #200]
 603              	.LVL35:
 174:../../libDaisy/src/util/FIFO.h ****             numElements += bufferSize_;
 604              		.loc 5 174 9 view .LVU115
 605 0034 C31A     		subs	r3, r0, r3
 606              	.LVL36:
 174:../../libDaisy/src/util/FIFO.h ****             numElements += bufferSize_;
 607              		.loc 5 174 9 view .LVU116
 608              	.LBE618:
 609              	.LBE620:
 610              	.LBE622:
 611              	.LBE624:
ARM GAS  /tmp/ccM1IMph.s 			page 43


  53:../../libDaisy/src/util/FIFO.h ****             if(bufferIn_ >= bufferSize_)
 612              		.loc 5 53 13 view .LVU117
 613 0036 00F1010E 		add	lr, r0, #1
 614 003a 00EBC000 		add	r0, r0, r0, lsl #3
 615              	.LBB625:
 616              	.LBB623:
 617              	.LBB621:
 618              	.LBB619:
 175:../../libDaisy/src/util/FIFO.h ****         return size_t(numElements);
 619              		.loc 5 175 25 view .LVU118
 620 003e 48BF     		it	mi
 621 0040 6344     		addmi	r3, r3, ip
 622              	.LVL37:
 175:../../libDaisy/src/util/FIFO.h ****         return size_t(numElements);
 623              		.loc 5 175 25 view .LVU119
 624              	.LBE619:
 625              	.LBE621:
 168:../../libDaisy/src/util/FIFO.h **** 
 626              		.loc 5 168 66 view .LVU120
 627 0042 0CF1FF3C 		add	ip, ip, #-1
 628              	.LBE623:
 629              	.LBE625:
  51:../../libDaisy/src/util/FIFO.h ****         {
 630              		.loc 5 51 9 view .LVU121
 631 0046 9C45     		cmp	ip, r3
 632 0048 E4D0     		beq	.L34
  53:../../libDaisy/src/util/FIFO.h ****             if(bufferIn_ >= bufferSize_)
 633              		.loc 5 53 13 view .LVU122
 634 004a D5F8C030 		ldr	r3, [r5, #192]
 635 004e C5F8C8E0 		str	lr, [r5, #200]
 636 0052 03EB0010 		add	r0, r3, r0, lsl #4
 637 0056 FFF7FEFF 		bl	memcpy
 638              	.LVL38:
  54:../../libDaisy/src/util/FIFO.h ****                 bufferIn_ -= bufferSize_;
 639              		.loc 5 54 29 view .LVU123
 640 005a D5E93123 		ldrd	r2, r3, [r5, #196]
  54:../../libDaisy/src/util/FIFO.h ****                 bufferIn_ -= bufferSize_;
 641              		.loc 5 54 13 view .LVU124
 642 005e 9342     		cmp	r3, r2
  55:../../libDaisy/src/util/FIFO.h ****             return true;
 643              		.loc 5 55 27 view .LVU125
 644 0060 A3EB0203 		sub	r3, r3, r2
 645 0064 28BF     		it	cs
 646 0066 C5F8C830 		strcs	r3, [r5, #200]
 647              	.LVL39:
  55:../../libDaisy/src/util/FIFO.h ****             return true;
 648              		.loc 5 55 27 view .LVU126
 649              	.LBE613:
 650              	.LBE612:
 651              	.LBE626:
 652              	.LBE627:
 653              		.loc 4 237 9 is_stmt 1 view .LVU127
 654              		.loc 4 237 29 view .LVU128
 655 006a A642     		cmp	r6, r4
 656 006c D4D1     		bne	.L39
 657              	.LVL40:
 658              	.L44:
ARM GAS  /tmp/ccM1IMph.s 			page 44


 659              		.loc 4 237 29 is_stmt 0 view .LVU129
 660              	.LBE628:
 238:../../libDaisy/src/hid/midi.h ****         {
 239:../../libDaisy/src/hid/midi.h ****             handler->Parse(data[i]);
 240:../../libDaisy/src/hid/midi.h ****         }
 241:../../libDaisy/src/hid/midi.h ****     }
 661              		.loc 4 241 5 view .LVU130
 662 006e 25B0     		add	sp, sp, #148
 663              		.cfi_def_cfa_offset 20
 664              		@ sp needed
 665 0070 F0BD     		pop	{r4, r5, r6, r7, pc}
 666              	.LVL41:
 667              	.L41:
 668              		.cfi_def_cfa_offset 0
 669              		.cfi_restore 4
 670              		.cfi_restore 5
 671              		.cfi_restore 6
 672              		.cfi_restore 7
 673              		.cfi_restore 14
 674              		.loc 4 241 5 view .LVU131
 675 0072 7047     		bx	lr
 676              		.cfi_endproc
 677              	.LFE5187:
 679              		.section	.text._ZN5daisy11OledDisplayINS_13SSD130xDriverILj128ELj64ENS_24SSD130x4WireSpiTransportE
 680              		.align	1
 681              		.p2align 2,,3
 682              		.weak	_ZN5daisy11OledDisplayINS_13SSD130xDriverILj128ELj64ENS_24SSD130x4WireSpiTransportEEEE6Updat
 683              		.syntax unified
 684              		.thumb
 685              		.thumb_func
 686              		.fpu fpv5-d16
 688              	_ZN5daisy11OledDisplayINS_13SSD130xDriverILj128ELj64ENS_24SSD130x4WireSpiTransportEEEE6UpdateEv:
 689              	.LVL42:
 690              	.LFB5050:
  35:../../libDaisy/src/hid/disp/oled_display.h **** 
  36:../../libDaisy/src/hid/disp/oled_display.h ****     /**
  37:../../libDaisy/src/hid/disp/oled_display.h ****     Sets the pixel at the specified coordinate to be on/off.
  38:../../libDaisy/src/hid/disp/oled_display.h ****     \param x   x Coordinate
  39:../../libDaisy/src/hid/disp/oled_display.h ****     \param y   y coordinate
  40:../../libDaisy/src/hid/disp/oled_display.h ****     \param on  on or off
  41:../../libDaisy/src/hid/disp/oled_display.h ****     */
  42:../../libDaisy/src/hid/disp/oled_display.h ****     void DrawPixel(uint_fast8_t x, uint_fast8_t y, bool on) override
  43:../../libDaisy/src/hid/disp/oled_display.h ****     {
  44:../../libDaisy/src/hid/disp/oled_display.h ****         driver_.DrawPixel(x, y, on);
  45:../../libDaisy/src/hid/disp/oled_display.h ****     }
  46:../../libDaisy/src/hid/disp/oled_display.h **** 
  47:../../libDaisy/src/hid/disp/oled_display.h ****     /** 
  48:../../libDaisy/src/hid/disp/oled_display.h ****     Writes the current display buffer to the OLED device using SPI or I2C depending on 
  49:../../libDaisy/src/hid/disp/oled_display.h ****     how the object was initialized.
  50:../../libDaisy/src/hid/disp/oled_display.h ****     */
  51:../../libDaisy/src/hid/disp/oled_display.h ****     void Update() override { driver_.Update(); }
 691              		.loc 2 51 10 is_stmt 1 view -0
 692              		.cfi_startproc
 693              		@ args = 0, pretend = 0, frame = 8
 694              		@ frame_needed = 0, uses_anonymous_args = 0
 695              	.LBB639:
 696              	.LBI639:
ARM GAS  /tmp/ccM1IMph.s 			page 45


 367:../../libDaisy/src/dev/oled_ssd130x.h ****         }
 368:../../libDaisy/src/dev/oled_ssd130x.h ****     };
 369:../../libDaisy/src/dev/oled_ssd130x.h **** 
 370:../../libDaisy/src/dev/oled_ssd130x.h ****     /**
 371:../../libDaisy/src/dev/oled_ssd130x.h ****      * Update the display 
 372:../../libDaisy/src/dev/oled_ssd130x.h ****     */
 373:../../libDaisy/src/dev/oled_ssd130x.h ****     void Update()
 697              		.loc 16 373 10 view .LVU133
 698              	.LBB640:
 374:../../libDaisy/src/dev/oled_ssd130x.h ****     {
 375:../../libDaisy/src/dev/oled_ssd130x.h ****         uint8_t i;
 376:../../libDaisy/src/dev/oled_ssd130x.h ****         uint8_t high_column_addr;
 377:../../libDaisy/src/dev/oled_ssd130x.h ****         switch(height)
 378:../../libDaisy/src/dev/oled_ssd130x.h ****         {
 379:../../libDaisy/src/dev/oled_ssd130x.h ****             case 32: high_column_addr = 0x12; break;
 380:../../libDaisy/src/dev/oled_ssd130x.h **** 
 381:../../libDaisy/src/dev/oled_ssd130x.h ****             default: high_column_addr = 0x10; break;
 382:../../libDaisy/src/dev/oled_ssd130x.h ****         }
 383:../../libDaisy/src/dev/oled_ssd130x.h ****         for(i = 0; i < (height / 8); i++)
 699              		.loc 16 383 22 view .LVU134
 700              	.LBE640:
 701              	.LBE639:
 702              		.loc 2 51 10 is_stmt 0 view .LVU135
 703 0000 2DE9F041 		push	{r4, r5, r6, r7, r8, lr}
 704              		.cfi_def_cfa_offset 24
 705              		.cfi_offset 4, -24
 706              		.cfi_offset 5, -20
 707              		.cfi_offset 6, -16
 708              		.cfi_offset 7, -12
 709              		.cfi_offset 8, -8
 710              		.cfi_offset 14, -4
 711              	.LBB662:
 712              	.LBB660:
 713              	.LBB641:
 714              	.LBB642:
 125:../../libDaisy/src/dev/oled_ssd130x.h ****     };
 715              		.loc 16 125 30 view .LVU136
 716 0004 B024     		movs	r4, #176
 717              	.LBE642:
 718              	.LBE641:
 719              	.LBE660:
 720              	.LBE662:
 721              		.loc 2 51 10 view .LVU137
 722 0006 82B0     		sub	sp, sp, #8
 723              		.cfi_def_cfa_offset 32
 724              	.LBB663:
 725              	.LBB661:
 726              	.LBB647:
 727              	.LBB643:
 124:../../libDaisy/src/dev/oled_ssd130x.h ****         spi_.BlockingTransmit(&cmd, 1);
 728              		.loc 16 124 24 view .LVU138
 729 0008 00F10806 		add	r6, r0, #8
 730 000c 00F11005 		add	r5, r0, #16
 731 0010 00F11408 		add	r8, r0, #20
 732              	.LVL43:
 733              	.L46:
 124:../../libDaisy/src/dev/oled_ssd130x.h ****         spi_.BlockingTransmit(&cmd, 1);
ARM GAS  /tmp/ccM1IMph.s 			page 46


 734              		.loc 16 124 24 view .LVU139
 735 0014 0027     		movs	r7, #0
 124:../../libDaisy/src/dev/oled_ssd130x.h ****         spi_.BlockingTransmit(&cmd, 1);
 736              		.loc 16 124 23 view .LVU140
 737 0016 2846     		mov	r0, r5
 738 0018 8DF80740 		strb	r4, [sp, #7]
 739              	.LVL44:
 124:../../libDaisy/src/dev/oled_ssd130x.h ****         spi_.BlockingTransmit(&cmd, 1);
 740              		.loc 16 124 23 view .LVU141
 741              	.LBE643:
 742              	.LBI641:
 122:../../libDaisy/src/dev/oled_ssd130x.h ****     {
 743              		.loc 16 122 10 is_stmt 1 view .LVU142
 744              	.LBB644:
 124:../../libDaisy/src/dev/oled_ssd130x.h ****         spi_.BlockingTransmit(&cmd, 1);
 745              		.loc 16 124 9 view .LVU143
 746              	.LBE644:
 747              	.LBE647:
 748              		.loc 16 383 22 is_stmt 0 view .LVU144
 749 001c 0134     		adds	r4, r4, #1
 750              	.LVL45:
 751              	.LBB648:
 752              	.LBB645:
 124:../../libDaisy/src/dev/oled_ssd130x.h ****         spi_.BlockingTransmit(&cmd, 1);
 753              		.loc 16 124 23 view .LVU145
 754 001e 3946     		mov	r1, r7
 755 0020 FFF7FEFF 		bl	dsy_gpio_write
 756              	.LVL46:
 125:../../libDaisy/src/dev/oled_ssd130x.h ****     };
 757              		.loc 16 125 9 is_stmt 1 view .LVU146
 125:../../libDaisy/src/dev/oled_ssd130x.h ****     };
 758              		.loc 16 125 30 is_stmt 0 view .LVU147
 759 0024 6423     		movs	r3, #100
 760 0026 0122     		movs	r2, #1
 761 0028 0DF10701 		add	r1, sp, #7
 762 002c 3046     		mov	r0, r6
 763              	.LBE645:
 764              	.LBE648:
 765              		.loc 16 383 22 view .LVU148
 766 002e E4B2     		uxtb	r4, r4
 767              	.LBB649:
 768              	.LBB646:
 125:../../libDaisy/src/dev/oled_ssd130x.h ****     };
 769              		.loc 16 125 30 view .LVU149
 770 0030 FFF7FEFF 		bl	_ZN5daisy9SpiHandle16BlockingTransmitEPhjm
 771              	.LVL47:
 125:../../libDaisy/src/dev/oled_ssd130x.h ****     };
 772              		.loc 16 125 30 view .LVU150
 773              	.LBE646:
 774              	.LBE649:
 775              	.LBB650:
 776              	.LBB651:
 124:../../libDaisy/src/dev/oled_ssd130x.h ****         spi_.BlockingTransmit(&cmd, 1);
 777              		.loc 16 124 23 view .LVU151
 778 0034 3946     		mov	r1, r7
 779 0036 2846     		mov	r0, r5
 780 0038 8DF80770 		strb	r7, [sp, #7]
ARM GAS  /tmp/ccM1IMph.s 			page 47


 781              	.LVL48:
 124:../../libDaisy/src/dev/oled_ssd130x.h ****         spi_.BlockingTransmit(&cmd, 1);
 782              		.loc 16 124 23 view .LVU152
 783              	.LBE651:
 784              	.LBI650:
 122:../../libDaisy/src/dev/oled_ssd130x.h ****     {
 785              		.loc 16 122 10 is_stmt 1 view .LVU153
 786              	.LBB652:
 124:../../libDaisy/src/dev/oled_ssd130x.h ****         spi_.BlockingTransmit(&cmd, 1);
 787              		.loc 16 124 9 view .LVU154
 124:../../libDaisy/src/dev/oled_ssd130x.h ****         spi_.BlockingTransmit(&cmd, 1);
 788              		.loc 16 124 23 is_stmt 0 view .LVU155
 789 003c FFF7FEFF 		bl	dsy_gpio_write
 790              	.LVL49:
 125:../../libDaisy/src/dev/oled_ssd130x.h ****     };
 791              		.loc 16 125 9 is_stmt 1 view .LVU156
 125:../../libDaisy/src/dev/oled_ssd130x.h ****     };
 792              		.loc 16 125 30 is_stmt 0 view .LVU157
 793 0040 0122     		movs	r2, #1
 794 0042 6423     		movs	r3, #100
 795 0044 0DF10701 		add	r1, sp, #7
 796 0048 3046     		mov	r0, r6
 797 004a FFF7FEFF 		bl	_ZN5daisy9SpiHandle16BlockingTransmitEPhjm
 798              	.LVL50:
 125:../../libDaisy/src/dev/oled_ssd130x.h ****     };
 799              		.loc 16 125 30 view .LVU158
 800 004e 1023     		movs	r3, #16
 801              	.LBE652:
 802              	.LBE650:
 803              	.LBB653:
 804              	.LBB654:
 124:../../libDaisy/src/dev/oled_ssd130x.h ****         spi_.BlockingTransmit(&cmd, 1);
 805              		.loc 16 124 23 view .LVU159
 806 0050 3946     		mov	r1, r7
 807 0052 2846     		mov	r0, r5
 808 0054 8DF80730 		strb	r3, [sp, #7]
 809              	.LVL51:
 124:../../libDaisy/src/dev/oled_ssd130x.h ****         spi_.BlockingTransmit(&cmd, 1);
 810              		.loc 16 124 23 view .LVU160
 811              	.LBE654:
 812              	.LBI653:
 122:../../libDaisy/src/dev/oled_ssd130x.h ****     {
 813              		.loc 16 122 10 is_stmt 1 view .LVU161
 814              	.LBB655:
 124:../../libDaisy/src/dev/oled_ssd130x.h ****         spi_.BlockingTransmit(&cmd, 1);
 815              		.loc 16 124 9 view .LVU162
 124:../../libDaisy/src/dev/oled_ssd130x.h ****         spi_.BlockingTransmit(&cmd, 1);
 816              		.loc 16 124 23 is_stmt 0 view .LVU163
 817 0058 FFF7FEFF 		bl	dsy_gpio_write
 818              	.LVL52:
 125:../../libDaisy/src/dev/oled_ssd130x.h ****     };
 819              		.loc 16 125 9 is_stmt 1 view .LVU164
 125:../../libDaisy/src/dev/oled_ssd130x.h ****     };
 820              		.loc 16 125 30 is_stmt 0 view .LVU165
 821 005c 6423     		movs	r3, #100
 822 005e 0122     		movs	r2, #1
 823 0060 0DF10701 		add	r1, sp, #7
ARM GAS  /tmp/ccM1IMph.s 			page 48


 824 0064 3046     		mov	r0, r6
 825 0066 FFF7FEFF 		bl	_ZN5daisy9SpiHandle16BlockingTransmitEPhjm
 826              	.LVL53:
 125:../../libDaisy/src/dev/oled_ssd130x.h ****     };
 827              		.loc 16 125 30 view .LVU166
 828              	.LBE655:
 829              	.LBE653:
 830              	.LBB656:
 831              	.LBI656:
 128:../../libDaisy/src/dev/oled_ssd130x.h ****     {
 832              		.loc 16 128 10 is_stmt 1 view .LVU167
 833              	.LBB657:
 130:../../libDaisy/src/dev/oled_ssd130x.h ****         spi_.BlockingTransmit(buff, size);
 834              		.loc 16 130 9 view .LVU168
 130:../../libDaisy/src/dev/oled_ssd130x.h ****         spi_.BlockingTransmit(buff, size);
 835              		.loc 16 130 23 is_stmt 0 view .LVU169
 836 006a 0121     		movs	r1, #1
 837 006c 2846     		mov	r0, r5
 838 006e FFF7FEFF 		bl	dsy_gpio_write
 839              	.LVL54:
 131:../../libDaisy/src/dev/oled_ssd130x.h ****     };
 840              		.loc 16 131 9 is_stmt 1 view .LVU170
 131:../../libDaisy/src/dev/oled_ssd130x.h ****     };
 841              		.loc 16 131 30 is_stmt 0 view .LVU171
 842 0072 8022     		movs	r2, #128
 843 0074 4146     		mov	r1, r8
 844 0076 6423     		movs	r3, #100
 845 0078 3046     		mov	r0, r6
 846              	.LBE657:
 847              	.LBE656:
 848              		.loc 16 383 22 view .LVU172
 849 007a 9044     		add	r8, r8, r2
 850              	.LVL55:
 851              	.LBB659:
 852              	.LBB658:
 131:../../libDaisy/src/dev/oled_ssd130x.h ****     };
 853              		.loc 16 131 30 view .LVU173
 854 007c FFF7FEFF 		bl	_ZN5daisy9SpiHandle16BlockingTransmitEPhjm
 855              	.LVL56:
 131:../../libDaisy/src/dev/oled_ssd130x.h ****     };
 856              		.loc 16 131 30 view .LVU174
 857              	.LBE658:
 858              	.LBE659:
 859              		.loc 16 383 9 is_stmt 1 view .LVU175
 860              		.loc 16 383 22 view .LVU176
 861 0080 B82C     		cmp	r4, #184
 862 0082 C7D1     		bne	.L46
 863              	.LBE661:
 864              	.LBE663:
 865              		.loc 2 51 48 is_stmt 0 view .LVU177
 866 0084 02B0     		add	sp, sp, #8
 867              		.cfi_def_cfa_offset 24
 868              		@ sp needed
 869 0086 BDE8F081 		pop	{r4, r5, r6, r7, r8, pc}
 870              		.loc 2 51 48 view .LVU178
 871              		.cfi_endproc
 872              	.LFE5050:
ARM GAS  /tmp/ccM1IMph.s 			page 49


 874 008a 00BF     		.section	.text._ZN5daisy25OneBitGraphicsDisplayImplINS_11OledDisplayINS_13SSD130xDriverILj128ELj64
 875              		.align	1
 876              		.p2align 2,,3
 877              		.weak	_ZN5daisy25OneBitGraphicsDisplayImplINS_11OledDisplayINS_13SSD130xDriverILj128ELj64ENS_24SSD
 878              		.syntax unified
 879              		.thumb
 880              		.thumb_func
 881              		.fpu fpv5-d16
 883              	_ZN5daisy25OneBitGraphicsDisplayImplINS_11OledDisplayINS_13SSD130xDriverILj128ELj64ENS_24SSD130x4Wi
 884              	.LVL57:
 885              	.LFB5049:
 220:../../libDaisy/src/hid/disp/display.h **** 
 221:../../libDaisy/src/hid/disp/display.h ****     void DrawLine(uint_fast8_t x1,
 222:../../libDaisy/src/hid/disp/display.h ****                   uint_fast8_t y1,
 223:../../libDaisy/src/hid/disp/display.h ****                   uint_fast8_t x2,
 224:../../libDaisy/src/hid/disp/display.h ****                   uint_fast8_t y2,
 225:../../libDaisy/src/hid/disp/display.h ****                   bool         on) override
 226:../../libDaisy/src/hid/disp/display.h ****     {
 227:../../libDaisy/src/hid/disp/display.h ****         int_fast16_t deltaX = abs((int_fast16_t)x2 - (int_fast16_t)x1);
 228:../../libDaisy/src/hid/disp/display.h ****         int_fast16_t deltaY = abs((int_fast16_t)y2 - (int_fast16_t)y1);
 229:../../libDaisy/src/hid/disp/display.h ****         int_fast16_t signX  = ((x1 < x2) ? 1 : -1);
 230:../../libDaisy/src/hid/disp/display.h ****         int_fast16_t signY  = ((y1 < y2) ? 1 : -1);
 231:../../libDaisy/src/hid/disp/display.h ****         int_fast16_t error  = deltaX - deltaY;
 232:../../libDaisy/src/hid/disp/display.h ****         int_fast16_t error2;
 233:../../libDaisy/src/hid/disp/display.h **** 
 234:../../libDaisy/src/hid/disp/display.h ****         // If we write "ChildType::DrawPixel(x2, y2, on);", we end up with
 235:../../libDaisy/src/hid/disp/display.h ****         // all sorts of weird compiler errors when the Child class is a template
 236:../../libDaisy/src/hid/disp/display.h ****         // class. The only way around this is to use this very verbose syntax:
 237:../../libDaisy/src/hid/disp/display.h ****         ((ChildType*)(this))->ChildType::DrawPixel(x2, y2, on);
 238:../../libDaisy/src/hid/disp/display.h **** 
 239:../../libDaisy/src/hid/disp/display.h ****         while((x1 != x2) || (y1 != y2))
 240:../../libDaisy/src/hid/disp/display.h ****         {
 241:../../libDaisy/src/hid/disp/display.h ****             ((ChildType*)(this))->ChildType::DrawPixel(x1, y1, on);
 242:../../libDaisy/src/hid/disp/display.h ****             error2 = error * 2;
 243:../../libDaisy/src/hid/disp/display.h ****             if(error2 > -deltaY)
 244:../../libDaisy/src/hid/disp/display.h ****             {
 245:../../libDaisy/src/hid/disp/display.h ****                 error -= deltaY;
 246:../../libDaisy/src/hid/disp/display.h ****                 x1 += signX;
 247:../../libDaisy/src/hid/disp/display.h ****             }
 248:../../libDaisy/src/hid/disp/display.h **** 
 249:../../libDaisy/src/hid/disp/display.h ****             if(error2 < deltaX)
 250:../../libDaisy/src/hid/disp/display.h ****             {
 251:../../libDaisy/src/hid/disp/display.h ****                 error += deltaX;
 252:../../libDaisy/src/hid/disp/display.h ****                 y1 += signY;
 253:../../libDaisy/src/hid/disp/display.h ****             }
 254:../../libDaisy/src/hid/disp/display.h ****         }
 255:../../libDaisy/src/hid/disp/display.h ****     }
 256:../../libDaisy/src/hid/disp/display.h **** 
 257:../../libDaisy/src/hid/disp/display.h ****     void DrawRect(uint_fast8_t x1,
 258:../../libDaisy/src/hid/disp/display.h ****                   uint_fast8_t y1,
 259:../../libDaisy/src/hid/disp/display.h ****                   uint_fast8_t x2,
 260:../../libDaisy/src/hid/disp/display.h ****                   uint_fast8_t y2,
 261:../../libDaisy/src/hid/disp/display.h ****                   bool         on,
 262:../../libDaisy/src/hid/disp/display.h ****                   bool         fill = false) override
 263:../../libDaisy/src/hid/disp/display.h ****     {
 264:../../libDaisy/src/hid/disp/display.h ****         if(fill)
 265:../../libDaisy/src/hid/disp/display.h ****         {
ARM GAS  /tmp/ccM1IMph.s 			page 50


 266:../../libDaisy/src/hid/disp/display.h ****             for(uint_fast8_t x = x1; x <= x2; x++)
 267:../../libDaisy/src/hid/disp/display.h ****             {
 268:../../libDaisy/src/hid/disp/display.h ****                 for(uint_fast8_t y = y1; y <= y2; y++)
 269:../../libDaisy/src/hid/disp/display.h ****                 {
 270:../../libDaisy/src/hid/disp/display.h ****                     ((ChildType*)(this))->ChildType::DrawPixel(x, y, on);
 271:../../libDaisy/src/hid/disp/display.h ****                 }
 272:../../libDaisy/src/hid/disp/display.h ****             }
 273:../../libDaisy/src/hid/disp/display.h ****         }
 274:../../libDaisy/src/hid/disp/display.h ****         else
 275:../../libDaisy/src/hid/disp/display.h ****         {
 276:../../libDaisy/src/hid/disp/display.h ****             ((ChildType*)(this))->ChildType::DrawLine(x1, y1, x2, y1, on);
 277:../../libDaisy/src/hid/disp/display.h ****             ((ChildType*)(this))->ChildType::DrawLine(x2, y1, x2, y2, on);
 278:../../libDaisy/src/hid/disp/display.h ****             ((ChildType*)(this))->ChildType::DrawLine(x2, y2, x1, y2, on);
 279:../../libDaisy/src/hid/disp/display.h ****             ((ChildType*)(this))->ChildType::DrawLine(x1, y2, x1, y1, on);
 280:../../libDaisy/src/hid/disp/display.h ****         }
 281:../../libDaisy/src/hid/disp/display.h ****     }
 282:../../libDaisy/src/hid/disp/display.h **** 
 283:../../libDaisy/src/hid/disp/display.h ****     void DrawArc(uint_fast8_t x,
 284:../../libDaisy/src/hid/disp/display.h ****                  uint_fast8_t y,
 285:../../libDaisy/src/hid/disp/display.h ****                  uint_fast8_t radius,
 286:../../libDaisy/src/hid/disp/display.h ****                  int_fast16_t start_angle,
 287:../../libDaisy/src/hid/disp/display.h ****                  int_fast16_t sweep,
 288:../../libDaisy/src/hid/disp/display.h ****                  bool         on) override
 289:../../libDaisy/src/hid/disp/display.h ****     {
 290:../../libDaisy/src/hid/disp/display.h ****         // Values to calculate the circle
 291:../../libDaisy/src/hid/disp/display.h ****         int_fast16_t t_x, t_y, err, e2;
 292:../../libDaisy/src/hid/disp/display.h **** 
 293:../../libDaisy/src/hid/disp/display.h ****         // Temporary values to speed up comparisons
 294:../../libDaisy/src/hid/disp/display.h ****         float t_sxy, t_syx, t_sxny, t_synx;
 295:../../libDaisy/src/hid/disp/display.h ****         float t_exy, t_eyx, t_exny, t_eynx;
 296:../../libDaisy/src/hid/disp/display.h **** 
 297:../../libDaisy/src/hid/disp/display.h ****         float start_angle_rad, end_angle_rad;
 298:../../libDaisy/src/hid/disp/display.h ****         float start_x, start_y, end_x, end_y;
 299:../../libDaisy/src/hid/disp/display.h **** 
 300:../../libDaisy/src/hid/disp/display.h ****         bool d1, d2, d3, d4;
 301:../../libDaisy/src/hid/disp/display.h **** 
 302:../../libDaisy/src/hid/disp/display.h ****         d1 = d2 = d3 = d4 = true;
 303:../../libDaisy/src/hid/disp/display.h **** 
 304:../../libDaisy/src/hid/disp/display.h ****         bool circle = false;
 305:../../libDaisy/src/hid/disp/display.h **** 
 306:../../libDaisy/src/hid/disp/display.h ****         if(sweep < 0)
 307:../../libDaisy/src/hid/disp/display.h ****         {
 308:../../libDaisy/src/hid/disp/display.h ****             start_angle += sweep;
 309:../../libDaisy/src/hid/disp/display.h ****             sweep = -sweep;
 310:../../libDaisy/src/hid/disp/display.h ****         }
 311:../../libDaisy/src/hid/disp/display.h **** 
 312:../../libDaisy/src/hid/disp/display.h ****         start_angle_rad = deg2rad(start_angle);
 313:../../libDaisy/src/hid/disp/display.h ****         end_angle_rad   = deg2rad(start_angle + sweep);
 314:../../libDaisy/src/hid/disp/display.h **** 
 315:../../libDaisy/src/hid/disp/display.h ****         start_x = cos(start_angle_rad) * radius;
 316:../../libDaisy/src/hid/disp/display.h ****         start_y = -sin(start_angle_rad) * radius;
 317:../../libDaisy/src/hid/disp/display.h ****         end_x   = cos(end_angle_rad) * radius;
 318:../../libDaisy/src/hid/disp/display.h ****         end_y   = -sin(end_angle_rad) * radius;
 319:../../libDaisy/src/hid/disp/display.h **** 
 320:../../libDaisy/src/hid/disp/display.h ****         // Check if start and endpoint are very near
 321:../../libDaisy/src/hid/disp/display.h ****         if((end_x - start_x) * (end_x - start_x)
 322:../../libDaisy/src/hid/disp/display.h ****                + (end_y - start_y) * (end_y - start_y)
ARM GAS  /tmp/ccM1IMph.s 			page 51


 323:../../libDaisy/src/hid/disp/display.h ****            < 2.0f)
 324:../../libDaisy/src/hid/disp/display.h ****         {
 325:../../libDaisy/src/hid/disp/display.h ****             if(sweep > 180)
 326:../../libDaisy/src/hid/disp/display.h ****                 circle = true;
 327:../../libDaisy/src/hid/disp/display.h ****             else
 328:../../libDaisy/src/hid/disp/display.h ****                 // Nothing to draw
 329:../../libDaisy/src/hid/disp/display.h ****                 return;
 330:../../libDaisy/src/hid/disp/display.h ****         }
 331:../../libDaisy/src/hid/disp/display.h **** 
 332:../../libDaisy/src/hid/disp/display.h ****         t_x = -radius;
 333:../../libDaisy/src/hid/disp/display.h ****         t_y = 0;
 334:../../libDaisy/src/hid/disp/display.h ****         err = 2 - 2 * radius;
 335:../../libDaisy/src/hid/disp/display.h **** 
 336:../../libDaisy/src/hid/disp/display.h ****         do
 337:../../libDaisy/src/hid/disp/display.h ****         {
 338:../../libDaisy/src/hid/disp/display.h ****             if(!circle)
 339:../../libDaisy/src/hid/disp/display.h ****             {
 340:../../libDaisy/src/hid/disp/display.h ****                 t_sxy  = start_x * t_y;
 341:../../libDaisy/src/hid/disp/display.h ****                 t_syx  = start_y * t_x;
 342:../../libDaisy/src/hid/disp/display.h ****                 t_sxny = start_x * -t_y;
 343:../../libDaisy/src/hid/disp/display.h ****                 t_synx = start_y * -t_x;
 344:../../libDaisy/src/hid/disp/display.h ****                 t_exy  = end_x * t_y;
 345:../../libDaisy/src/hid/disp/display.h ****                 t_eyx  = end_y * t_x;
 346:../../libDaisy/src/hid/disp/display.h ****                 t_exny = end_x * -t_y;
 347:../../libDaisy/src/hid/disp/display.h ****                 t_eynx = end_y * -t_x;
 348:../../libDaisy/src/hid/disp/display.h **** 
 349:../../libDaisy/src/hid/disp/display.h ****                 if(sweep > 180)
 350:../../libDaisy/src/hid/disp/display.h ****                 {
 351:../../libDaisy/src/hid/disp/display.h ****                     d1 = (t_sxy - t_synx < 0 || t_exy - t_eynx > 0);
 352:../../libDaisy/src/hid/disp/display.h ****                     d2 = (t_sxy - t_syx < 0 || t_exy - t_eyx > 0);
 353:../../libDaisy/src/hid/disp/display.h ****                     d3 = (t_sxny - t_syx < 0 || t_exny - t_eyx > 0);
 354:../../libDaisy/src/hid/disp/display.h ****                     d4 = (t_sxny - t_synx < 0 || t_exny - t_eynx > 0);
 355:../../libDaisy/src/hid/disp/display.h ****                 }
 356:../../libDaisy/src/hid/disp/display.h ****                 else
 357:../../libDaisy/src/hid/disp/display.h ****                 {
 358:../../libDaisy/src/hid/disp/display.h ****                     d1 = (t_sxy - t_synx < 0 && t_exy - t_eynx > 0);
 359:../../libDaisy/src/hid/disp/display.h ****                     d2 = (t_sxy - t_syx < 0 && t_exy - t_eyx > 0);
 360:../../libDaisy/src/hid/disp/display.h ****                     d3 = (t_sxny - t_syx < 0 && t_exny - t_eyx > 0);
 361:../../libDaisy/src/hid/disp/display.h ****                     d4 = (t_sxny - t_synx < 0 && t_exny - t_eynx > 0);
 362:../../libDaisy/src/hid/disp/display.h ****                 }
 363:../../libDaisy/src/hid/disp/display.h ****             }
 364:../../libDaisy/src/hid/disp/display.h **** 
 365:../../libDaisy/src/hid/disp/display.h ****             if(d1)
 366:../../libDaisy/src/hid/disp/display.h ****                 ((ChildType*)(this))
 367:../../libDaisy/src/hid/disp/display.h ****                     ->ChildType::DrawPixel(x - t_x, y + t_y, on);
 368:../../libDaisy/src/hid/disp/display.h ****             if(d2)
 369:../../libDaisy/src/hid/disp/display.h ****                 ((ChildType*)(this))
 370:../../libDaisy/src/hid/disp/display.h ****                     ->ChildType::DrawPixel(x + t_x, y + t_y, on);
 371:../../libDaisy/src/hid/disp/display.h ****             if(d3)
 372:../../libDaisy/src/hid/disp/display.h ****                 ((ChildType*)(this))
 373:../../libDaisy/src/hid/disp/display.h ****                     ->ChildType::DrawPixel(x + t_x, y - t_y, on);
 374:../../libDaisy/src/hid/disp/display.h ****             if(d4)
 375:../../libDaisy/src/hid/disp/display.h ****                 ((ChildType*)(this))
 376:../../libDaisy/src/hid/disp/display.h ****                     ->ChildType::DrawPixel(x - t_x, y - t_y, on);
 377:../../libDaisy/src/hid/disp/display.h **** 
 378:../../libDaisy/src/hid/disp/display.h ****             e2 = err;
 379:../../libDaisy/src/hid/disp/display.h ****             if(e2 <= t_y)
ARM GAS  /tmp/ccM1IMph.s 			page 52


 380:../../libDaisy/src/hid/disp/display.h ****             {
 381:../../libDaisy/src/hid/disp/display.h ****                 t_y++;
 382:../../libDaisy/src/hid/disp/display.h ****                 err = err + (t_y * 2 + 1);
 383:../../libDaisy/src/hid/disp/display.h ****                 if(-t_x == t_y && e2 <= t_x)
 384:../../libDaisy/src/hid/disp/display.h ****                 {
 385:../../libDaisy/src/hid/disp/display.h ****                     e2 = 0;
 386:../../libDaisy/src/hid/disp/display.h ****                 }
 387:../../libDaisy/src/hid/disp/display.h ****             }
 388:../../libDaisy/src/hid/disp/display.h ****             if(e2 > t_x)
 389:../../libDaisy/src/hid/disp/display.h ****             {
 390:../../libDaisy/src/hid/disp/display.h ****                 t_x++;
 391:../../libDaisy/src/hid/disp/display.h ****                 err = err + (t_x * 2 + 1);
 392:../../libDaisy/src/hid/disp/display.h ****             }
 393:../../libDaisy/src/hid/disp/display.h ****         } while(t_x <= 0);
 394:../../libDaisy/src/hid/disp/display.h ****     }
 395:../../libDaisy/src/hid/disp/display.h **** 
 396:../../libDaisy/src/hid/disp/display.h ****     char WriteChar(char ch, FontDef font, bool on) override
 397:../../libDaisy/src/hid/disp/display.h ****     {
 398:../../libDaisy/src/hid/disp/display.h ****         uint32_t i, b, j;
 399:../../libDaisy/src/hid/disp/display.h **** 
 400:../../libDaisy/src/hid/disp/display.h ****         // Check if character is valid
 401:../../libDaisy/src/hid/disp/display.h ****         if(ch < 32 || ch > 126)
 402:../../libDaisy/src/hid/disp/display.h ****             return 0;
 403:../../libDaisy/src/hid/disp/display.h **** 
 404:../../libDaisy/src/hid/disp/display.h ****         // Check remaining space on current line
 405:../../libDaisy/src/hid/disp/display.h ****         if(Width() < (currentX_ + font.FontWidth)
 406:../../libDaisy/src/hid/disp/display.h ****            || Height() < (currentY_ + font.FontHeight))
 407:../../libDaisy/src/hid/disp/display.h ****         {
 408:../../libDaisy/src/hid/disp/display.h ****             // Not enough space on current line
 409:../../libDaisy/src/hid/disp/display.h ****             return 0;
 410:../../libDaisy/src/hid/disp/display.h ****         }
 411:../../libDaisy/src/hid/disp/display.h **** 
 412:../../libDaisy/src/hid/disp/display.h ****         // Use the font to write
 413:../../libDaisy/src/hid/disp/display.h ****         for(i = 0; i < font.FontHeight; i++)
 414:../../libDaisy/src/hid/disp/display.h ****         {
 415:../../libDaisy/src/hid/disp/display.h ****             b = font.data[(ch - 32) * font.FontHeight + i];
 416:../../libDaisy/src/hid/disp/display.h ****             for(j = 0; j < font.FontWidth; j++)
 417:../../libDaisy/src/hid/disp/display.h ****             {
 418:../../libDaisy/src/hid/disp/display.h ****                 if((b << j) & 0x8000)
 419:../../libDaisy/src/hid/disp/display.h ****                 {
 420:../../libDaisy/src/hid/disp/display.h ****                     ((ChildType*)(this))
 421:../../libDaisy/src/hid/disp/display.h ****                         ->ChildType::DrawPixel(
 422:../../libDaisy/src/hid/disp/display.h ****                             currentX_ + j, (currentY_ + i), on);
 423:../../libDaisy/src/hid/disp/display.h ****                 }
 424:../../libDaisy/src/hid/disp/display.h ****                 else
 425:../../libDaisy/src/hid/disp/display.h ****                 {
 426:../../libDaisy/src/hid/disp/display.h ****                     ((ChildType*)(this))
 427:../../libDaisy/src/hid/disp/display.h ****                         ->ChildType::DrawPixel(
 428:../../libDaisy/src/hid/disp/display.h ****                             currentX_ + j, (currentY_ + i), !on);
 429:../../libDaisy/src/hid/disp/display.h ****                 }
 430:../../libDaisy/src/hid/disp/display.h ****             }
 431:../../libDaisy/src/hid/disp/display.h ****         }
 432:../../libDaisy/src/hid/disp/display.h **** 
 433:../../libDaisy/src/hid/disp/display.h ****         // The current space is now taken
 434:../../libDaisy/src/hid/disp/display.h ****         SetCursor(currentX_ + font.FontWidth, currentY_);
 435:../../libDaisy/src/hid/disp/display.h **** 
 436:../../libDaisy/src/hid/disp/display.h ****         // Return written char for validation
ARM GAS  /tmp/ccM1IMph.s 			page 53


 437:../../libDaisy/src/hid/disp/display.h ****         return ch;
 438:../../libDaisy/src/hid/disp/display.h ****     }
 439:../../libDaisy/src/hid/disp/display.h **** 
 440:../../libDaisy/src/hid/disp/display.h ****     char WriteString(const char* str, FontDef font, bool on) override
 886              		.loc 3 440 10 is_stmt 1 view -0
 887              		.cfi_startproc
 888              		@ args = 4, pretend = 0, frame = 32
 889              		@ frame_needed = 0, uses_anonymous_args = 0
 890              		.loc 3 440 10 is_stmt 0 view .LVU180
 891 0000 2DE9F04F 		push	{r4, r5, r6, r7, r8, r9, r10, fp, lr}
 892              		.cfi_def_cfa_offset 36
 893              		.cfi_offset 4, -36
 894              		.cfi_offset 5, -32
 895              		.cfi_offset 6, -28
 896              		.cfi_offset 7, -24
 897              		.cfi_offset 8, -20
 898              		.cfi_offset 9, -16
 899              		.cfi_offset 10, -12
 900              		.cfi_offset 11, -8
 901              		.cfi_offset 14, -4
 902 0004 89B0     		sub	sp, sp, #36
 903              		.cfi_def_cfa_offset 72
 904              		.loc 3 440 10 view .LVU181
 905 0006 08AC     		add	r4, sp, #32
 906 0008 9DF84870 		ldrb	r7, [sp, #72]	@ zero_extendqisi2
 907 000c 0191     		str	r1, [sp, #4]
 908 000e 04E90C00 		stmdb	r4, {r2, r3}
 441:../../libDaisy/src/hid/disp/display.h ****     {
 442:../../libDaisy/src/hid/disp/display.h ****         // Write until null-byte
 443:../../libDaisy/src/hid/disp/display.h ****         while(*str)
 909              		.loc 3 443 9 is_stmt 1 view .LVU182
 910 0012 0B78     		ldrb	r3, [r1]	@ zero_extendqisi2
 911 0014 002B     		cmp	r3, #0
 912 0016 00F0AB80 		beq	.L73
 913 001a 1A46     		mov	r2, r3
 914 001c 9DF81880 		ldrb	r8, [sp, #24]	@ zero_extendqisi2
 915 0020 9DF81930 		ldrb	r3, [sp, #25]	@ zero_extendqisi2
 916 0024 0646     		mov	r6, r0
 917 0026 4546     		mov	r5, r8
 918 0028 9046     		mov	r8, r2
 919 002a 0393     		str	r3, [sp, #12]
 920 002c 079B     		ldr	r3, [sp, #28]
 921 002e 0593     		str	r3, [sp, #20]
 922              	.LVL58:
 923              	.L74:
 924              	.LBB692:
 925              	.LBI692:
 396:../../libDaisy/src/hid/disp/display.h ****     {
 926              		.loc 3 396 10 view .LVU183
 927              	.LBB693:
 401:../../libDaisy/src/hid/disp/display.h ****             return 0;
 928              		.loc 3 401 20 is_stmt 0 view .LVU184
 929 0030 A8F12004 		sub	r4, r8, #32
 401:../../libDaisy/src/hid/disp/display.h ****             return 0;
 930              		.loc 3 401 9 view .LVU185
 931 0034 E3B2     		uxtb	r3, r4
 932 0036 5E2B     		cmp	r3, #94
ARM GAS  /tmp/ccM1IMph.s 			page 54


 933 0038 00F29E80 		bhi	.L55
 405:../../libDaisy/src/hid/disp/display.h ****            || Height() < (currentY_ + font.FontHeight))
 934              		.loc 3 405 17 view .LVU186
 935 003c 3368     		ldr	r3, [r6]
 936 003e 5E4A     		ldr	r2, .L95
 937 0040 DB68     		ldr	r3, [r3, #12]
 938 0042 9342     		cmp	r3, r2
 939 0044 40F09B80 		bne	.L88
 940 0048 8020     		movs	r0, #128
 941              	.L54:
 405:../../libDaisy/src/hid/disp/display.h ****            || Height() < (currentY_ + font.FontHeight))
 942              		.loc 3 405 23 view .LVU187
 943 004a B388     		ldrh	r3, [r6, #4]
 405:../../libDaisy/src/hid/disp/display.h ****            || Height() < (currentY_ + font.FontHeight))
 944              		.loc 3 405 33 view .LVU188
 945 004c 2B44     		add	r3, r3, r5
 406:../../libDaisy/src/hid/disp/display.h ****         {
 946              		.loc 3 406 12 view .LVU189
 947 004e 8342     		cmp	r3, r0
 948 0050 00F39280 		bgt	.L55
 406:../../libDaisy/src/hid/disp/display.h ****         {
 949              		.loc 3 406 21 view .LVU190
 950 0054 3368     		ldr	r3, [r6]
 951 0056 594A     		ldr	r2, .L95+4
 952 0058 9B68     		ldr	r3, [r3, #8]
 953 005a 9342     		cmp	r3, r2
 954 005c 40F09280 		bne	.L89
 955 0060 4020     		movs	r0, #64
 956              	.L56:
 406:../../libDaisy/src/hid/disp/display.h ****         {
 957              		.loc 3 406 27 view .LVU191
 958 0062 F188     		ldrh	r1, [r6, #6]
 406:../../libDaisy/src/hid/disp/display.h ****         {
 959              		.loc 3 406 37 view .LVU192
 960 0064 039A     		ldr	r2, [sp, #12]
 406:../../libDaisy/src/hid/disp/display.h ****         {
 961              		.loc 3 406 27 view .LVU193
 962 0066 0291     		str	r1, [sp, #8]
 406:../../libDaisy/src/hid/disp/display.h ****         {
 963              		.loc 3 406 37 view .LVU194
 964 0068 8B18     		adds	r3, r1, r2
 406:../../libDaisy/src/hid/disp/display.h ****         {
 965              		.loc 3 406 12 view .LVU195
 966 006a 8342     		cmp	r3, r0
 967 006c 00F38480 		bgt	.L55
 968              	.LVL59:
 413:../../libDaisy/src/hid/disp/display.h ****         {
 969              		.loc 3 413 22 is_stmt 1 view .LVU196
 970 0070 002A     		cmp	r2, #0
 971 0072 00F09180 		beq	.L57
 415:../../libDaisy/src/hid/disp/display.h ****             for(j = 0; j < font.FontWidth; j++)
 972              		.loc 3 415 37 is_stmt 0 view .LVU197
 973 0076 02FB04F4 		mul	r4, r2, r4
 974 007a 6FF00049 		mvn	r9, #-2147483648
 975 007e 059B     		ldr	r3, [sp, #20]
 976 0080 A144     		add	r9, r9, r4
 977 0082 1444     		add	r4, r4, r2
ARM GAS  /tmp/ccM1IMph.s 			page 55


 434:../../libDaisy/src/hid/disp/display.h **** 
 978              		.loc 3 434 19 view .LVU198
 979 0084 B6F804B0 		ldrh	fp, [r6, #4]
 980 0088 03EB4909 		add	r9, r3, r9, lsl #1
 981 008c 023B     		subs	r3, r3, #2
 982 008e CDF81080 		str	r8, [sp, #16]
 983 0092 03EB4403 		add	r3, r3, r4, lsl #1
 984 0096 0C46     		mov	r4, r1
 985 0098 9A46     		mov	r10, r3
 986              	.LVL60:
 987              	.L60:
 415:../../libDaisy/src/hid/disp/display.h ****             for(j = 0; j < font.FontWidth; j++)
 988              		.loc 3 415 15 view .LVU199
 989 009a 39F802CF 		ldrh	ip, [r9, #2]!
 990              	.LVL61:
 416:../../libDaisy/src/hid/disp/display.h ****             {
 991              		.loc 3 416 26 is_stmt 1 view .LVU200
 992 009e A5B3     		cbz	r5, .L65
 993              	.LBB694:
 994              	.LBB695:
 995              	.LBB696:
 996              	.LBB697:
 997              	.LBB698:
 359:../../libDaisy/src/dev/oled_ssd130x.h ****     }
 998              		.loc 16 359 55 is_stmt 0 view .LVU201
 999 00a0 04F00703 		and	r3, r4, #7
 359:../../libDaisy/src/dev/oled_ssd130x.h ****     }
 1000              		.loc 16 359 49 view .LVU202
 1001 00a4 4FF0010E 		mov	lr, #1
 359:../../libDaisy/src/dev/oled_ssd130x.h ****     }
 1002              		.loc 16 359 28 view .LVU203
 1003 00a8 E208     		lsrs	r2, r4, #3
 1004 00aa 5946     		mov	r1, fp
 359:../../libDaisy/src/dev/oled_ssd130x.h ****     }
 1005              		.loc 16 359 49 view .LVU204
 1006 00ac 0EFA03FE 		lsl	lr, lr, r3
 1007 00b0 0BF11403 		add	r3, fp, #20
 359:../../libDaisy/src/dev/oled_ssd130x.h ****     }
 1008              		.loc 16 359 42 view .LVU205
 1009 00b4 4FFA8EFE 		sxtb	lr, lr
 1010 00b8 03EBC212 		add	r2, r3, r2, lsl #7
 1011              	.LBE698:
 1012              	.LBE697:
 1013              	.LBE696:
 1014              	.LBE695:
 1015              	.LBE694:
 416:../../libDaisy/src/hid/disp/display.h ****             {
 1016              		.loc 3 416 19 view .LVU206
 1017 00bc 0023     		movs	r3, #0
 1018              	.LBB716:
 1019              	.LBB711:
 1020              	.LBB706:
 1021              	.LBB702:
 1022              	.LBB699:
 359:../../libDaisy/src/dev/oled_ssd130x.h ****     }
 1023              		.loc 16 359 42 view .LVU207
 1024 00be 6FEA0E08 		mvn	r8, lr
ARM GAS  /tmp/ccM1IMph.s 			page 56


 1025 00c2 3244     		add	r2, r2, r6
 1026 00c4 0DE0     		b	.L66
 1027              	.LVL62:
 1028              	.L90:
 359:../../libDaisy/src/dev/oled_ssd130x.h ****     }
 1029              		.loc 16 359 42 view .LVU208
 1030              	.LBE699:
 1031              	.LBE702:
 1032              	.LBE706:
 1033              	.LBE711:
 1034              	.LBE716:
 1035              	.LBB717:
 1036              	.LBI717:
  42:../../libDaisy/src/hid/disp/oled_display.h ****     {
 1037              		.loc 2 42 10 is_stmt 1 view .LVU209
 1038              	.LBB718:
 1039              	.LBI718:
 352:../../libDaisy/src/dev/oled_ssd130x.h ****     {
 1040              		.loc 16 352 10 view .LVU210
 1041              	.LBB719:
 354:../../libDaisy/src/dev/oled_ssd130x.h ****             return;
 1042              		.loc 16 354 9 is_stmt 0 view .LVU211
 1043 00c6 7F29     		cmp	r1, #127
 1044 00c8 06D8     		bhi	.L62
 1045 00ca 3F2C     		cmp	r4, #63
 1046 00cc 04D8     		bhi	.L62
 357:../../libDaisy/src/dev/oled_ssd130x.h ****         else
 1047              		.loc 16 357 42 view .LVU212
 1048 00ce 1078     		ldrb	r0, [r2]	@ zero_extendqisi2
 356:../../libDaisy/src/dev/oled_ssd130x.h ****             buffer_[x + (y / 8) * width] |= (1 << (y % 8));
 1049              		.loc 16 356 9 view .LVU213
 1050 00d0 97B1     		cbz	r7, .L64
 1051              	.L87:
 356:../../libDaisy/src/dev/oled_ssd130x.h ****             buffer_[x + (y / 8) * width] |= (1 << (y % 8));
 1052              		.loc 16 356 9 view .LVU214
 1053              	.LBE719:
 1054              	.LBE718:
 1055              	.LBE717:
 1056              	.LBB720:
 1057              	.LBB712:
 1058              	.LBB707:
 357:../../libDaisy/src/dev/oled_ssd130x.h ****         else
 1059              		.loc 16 357 42 view .LVU215
 1060 00d2 4EEA0000 		orr	r0, lr, r0
 1061 00d6 1070     		strb	r0, [r2]
 1062              	.L62:
 1063              	.LBE707:
 1064              	.LBE712:
 1065              	.LBE720:
 416:../../libDaisy/src/hid/disp/display.h ****             {
 1066              		.loc 3 416 13 is_stmt 1 view .LVU216
 1067 00d8 0133     		adds	r3, r3, #1
 1068              	.LVL63:
 416:../../libDaisy/src/hid/disp/display.h ****             {
 1069              		.loc 3 416 26 view .LVU217
 1070 00da 0132     		adds	r2, r2, #1
 1071 00dc 0131     		adds	r1, r1, #1
ARM GAS  /tmp/ccM1IMph.s 			page 57


 1072 00de AB42     		cmp	r3, r5
 1073 00e0 13D0     		beq	.L65
 1074              	.LVL64:
 1075              	.L66:
 418:../../libDaisy/src/hid/disp/display.h ****                 {
 1076              		.loc 3 418 23 is_stmt 0 view .LVU218
 1077 00e2 0CFA03F0 		lsl	r0, ip, r3
 418:../../libDaisy/src/hid/disp/display.h ****                 {
 1078              		.loc 3 418 17 view .LVU219
 1079 00e6 0004     		lsls	r0, r0, #16
 1080 00e8 EDD4     		bmi	.L90
 1081              	.LVL65:
 1082              	.LBB721:
 1083              	.LBI694:
  42:../../libDaisy/src/hid/disp/oled_display.h ****     {
 1084              		.loc 2 42 10 is_stmt 1 view .LVU220
 1085              	.LBB713:
 1086              	.LBI695:
 352:../../libDaisy/src/dev/oled_ssd130x.h ****     {
 1087              		.loc 16 352 10 view .LVU221
 1088              	.LBB708:
 354:../../libDaisy/src/dev/oled_ssd130x.h ****             return;
 1089              		.loc 16 354 9 is_stmt 0 view .LVU222
 1090 00ea 7F29     		cmp	r1, #127
 1091 00ec F4D8     		bhi	.L62
 1092 00ee 3F2C     		cmp	r4, #63
 1093 00f0 F2D8     		bhi	.L62
 357:../../libDaisy/src/dev/oled_ssd130x.h ****         else
 1094              		.loc 16 357 42 view .LVU223
 1095 00f2 1078     		ldrb	r0, [r2]	@ zero_extendqisi2
 356:../../libDaisy/src/dev/oled_ssd130x.h ****             buffer_[x + (y / 8) * width] |= (1 << (y % 8));
 1096              		.loc 16 356 9 view .LVU224
 1097 00f4 002F     		cmp	r7, #0
 1098 00f6 ECD0     		beq	.L87
 1099              	.L64:
 1100              	.LVL66:
 1101              	.LBB703:
 1102              	.LBI697:
 352:../../libDaisy/src/dev/oled_ssd130x.h ****     {
 1103              		.loc 16 352 10 is_stmt 1 view .LVU225
 352:../../libDaisy/src/dev/oled_ssd130x.h ****     {
 1104              		.loc 16 352 10 is_stmt 0 view .LVU226
 1105              	.LBE703:
 1106              	.LBE708:
 1107              	.LBE713:
 1108              	.LBE721:
 416:../../libDaisy/src/hid/disp/display.h ****             {
 1109              		.loc 3 416 13 view .LVU227
 1110 00f8 0133     		adds	r3, r3, #1
 1111              	.LVL67:
 1112              	.LBB722:
 1113              	.LBB714:
 1114              	.LBB709:
 1115              	.LBB704:
 1116              	.LBB700:
 359:../../libDaisy/src/dev/oled_ssd130x.h ****     }
 1117              		.loc 16 359 42 view .LVU228
ARM GAS  /tmp/ccM1IMph.s 			page 58


 1118 00fa 08EA0000 		and	r0, r8, r0
 1119              	.LBE700:
 1120              	.LBE704:
 1121              	.LBE709:
 1122              	.LBE714:
 1123              	.LBE722:
 416:../../libDaisy/src/hid/disp/display.h ****             {
 1124              		.loc 3 416 26 view .LVU229
 1125 00fe 0132     		adds	r2, r2, #1
 1126 0100 0131     		adds	r1, r1, #1
 1127 0102 AB42     		cmp	r3, r5
 1128              	.LBB723:
 1129              	.LBB715:
 1130              	.LBB710:
 1131              	.LBB705:
 1132              	.LBB701:
 359:../../libDaisy/src/dev/oled_ssd130x.h ****     }
 1133              		.loc 16 359 42 view .LVU230
 1134 0104 02F8010C 		strb	r0, [r2, #-1]
 359:../../libDaisy/src/dev/oled_ssd130x.h ****     }
 1135              		.loc 16 359 42 view .LVU231
 1136              	.LBE701:
 1137              	.LBE705:
 1138              	.LBE710:
 1139              	.LBE715:
 1140              	.LBE723:
 416:../../libDaisy/src/hid/disp/display.h ****             {
 1141              		.loc 3 416 13 is_stmt 1 view .LVU232
 1142              	.LVL68:
 416:../../libDaisy/src/hid/disp/display.h ****             {
 1143              		.loc 3 416 26 view .LVU233
 1144 0108 EBD1     		bne	.L66
 1145              	.LVL69:
 1146              	.L65:
 413:../../libDaisy/src/hid/disp/display.h ****         {
 1147              		.loc 3 413 9 view .LVU234
 413:../../libDaisy/src/hid/disp/display.h ****         {
 1148              		.loc 3 413 22 view .LVU235
 1149 010a D145     		cmp	r9, r10
 1150 010c 04F10104 		add	r4, r4, #1
 1151 0110 C3D1     		bne	.L60
 1152 0112 DDF81080 		ldr	r8, [sp, #16]
 1153              	.LVL70:
 1154              	.L59:
 1155              	.LBB724:
 1156              	.LBB725:
 173:../../libDaisy/src/hid/disp/display.h ****         currentY_ = (y >= Height()) ? Height() - 1 : y;
 1157              		.loc 3 173 33 is_stmt 0 view .LVU236
 1158 0116 3268     		ldr	r2, [r6]
 1159              	.LBE725:
 1160              	.LBE724:
 434:../../libDaisy/src/hid/disp/display.h **** 
 1161              		.loc 3 434 18 view .LVU237
 1162 0118 0BEB0504 		add	r4, fp, r5
 1163 011c 2649     		ldr	r1, .L95
 1164              	.LBB730:
 1165              	.LBB726:
ARM GAS  /tmp/ccM1IMph.s 			page 59


 173:../../libDaisy/src/hid/disp/display.h ****         currentY_ = (y >= Height()) ? Height() - 1 : y;
 1166              		.loc 3 173 33 view .LVU238
 1167 011e D368     		ldr	r3, [r2, #12]
 1168              	.LBE726:
 1169              	.LBE730:
 434:../../libDaisy/src/hid/disp/display.h **** 
 1170              		.loc 3 434 18 view .LVU239
 1171 0120 A4B2     		uxth	r4, r4
 1172              	.LVL71:
 1173              	.LBB731:
 1174              	.LBI724:
 171:../../libDaisy/src/hid/disp/display.h ****     {
 1175              		.loc 3 171 10 is_stmt 1 view .LVU240
 1176              	.LBB727:
 173:../../libDaisy/src/hid/disp/display.h ****         currentY_ = (y >= Height()) ? Height() - 1 : y;
 1177              		.loc 3 173 9 view .LVU241
 1178 0122 8B42     		cmp	r3, r1
 1179 0124 34D1     		bne	.L91
 173:../../libDaisy/src/hid/disp/display.h ****         currentY_ = (y >= Height()) ? Height() - 1 : y;
 1180              		.loc 3 173 33 is_stmt 0 view .LVU242
 1181 0126 8020     		movs	r0, #128
 1182              	.L67:
 173:../../libDaisy/src/hid/disp/display.h ****         currentY_ = (y >= Height()) ? Height() - 1 : y;
 1183              		.loc 3 173 19 view .LVU243
 1184 0128 8442     		cmp	r4, r0
 1185 012a 04D3     		bcc	.L68
 173:../../libDaisy/src/hid/disp/display.h ****         currentY_ = (y >= Height()) ? Height() - 1 : y;
 1186              		.loc 3 173 44 view .LVU244
 1187 012c D368     		ldr	r3, [r2, #12]
 1188 012e 2249     		ldr	r1, .L95
 1189 0130 8B42     		cmp	r3, r1
 1190 0132 3AD1     		bne	.L92
 1191 0134 7F24     		movs	r4, #127
 1192              	.LVL72:
 1193              	.L68:
 174:../../libDaisy/src/hid/disp/display.h ****     }
 1194              		.loc 3 174 34 view .LVU245
 1195 0136 9368     		ldr	r3, [r2, #8]
 1196 0138 204A     		ldr	r2, .L95+4
 173:../../libDaisy/src/hid/disp/display.h ****         currentY_ = (y >= Height()) ? Height() - 1 : y;
 1197              		.loc 3 173 19 view .LVU246
 1198 013a B480     		strh	r4, [r6, #4]	@ movhi
 174:../../libDaisy/src/hid/disp/display.h ****     }
 1199              		.loc 3 174 9 is_stmt 1 view .LVU247
 1200 013c 9342     		cmp	r3, r2
 1201 013e 24D1     		bne	.L93
 174:../../libDaisy/src/hid/disp/display.h ****     }
 1202              		.loc 3 174 34 is_stmt 0 view .LVU248
 1203 0140 4020     		movs	r0, #64
 1204              	.L70:
 174:../../libDaisy/src/hid/disp/display.h ****     }
 1205              		.loc 3 174 19 view .LVU249
 1206 0142 029B     		ldr	r3, [sp, #8]
 1207 0144 8342     		cmp	r3, r0
 1208 0146 06D3     		bcc	.L71
 174:../../libDaisy/src/hid/disp/display.h ****     }
 1209              		.loc 3 174 46 view .LVU250
ARM GAS  /tmp/ccM1IMph.s 			page 60


 1210 0148 3368     		ldr	r3, [r6]
 1211 014a 1C4A     		ldr	r2, .L95+4
 1212 014c 9B68     		ldr	r3, [r3, #8]
 1213 014e 9342     		cmp	r3, r2
 1214 0150 25D1     		bne	.L94
 1215 0152 3F23     		movs	r3, #63
 1216 0154 0293     		str	r3, [sp, #8]
 1217              	.LVL73:
 1218              	.L71:
 174:../../libDaisy/src/hid/disp/display.h ****     }
 1219              		.loc 3 174 19 view .LVU251
 1220 0156 029B     		ldr	r3, [sp, #8]
 1221 0158 F380     		strh	r3, [r6, #6]	@ movhi
 1222              	.LVL74:
 1223              	.L53:
 174:../../libDaisy/src/hid/disp/display.h ****     }
 1224              		.loc 3 174 19 view .LVU252
 1225              	.LBE727:
 1226              	.LBE731:
 1227              	.LBE693:
 1228              	.LBE692:
 444:../../libDaisy/src/hid/disp/display.h ****         {
 445:../../libDaisy/src/hid/disp/display.h ****             if(((ChildType*)(this))->ChildType::WriteChar(*str, font, on)
 446:../../libDaisy/src/hid/disp/display.h ****                != *str)
 1229              		.loc 3 446 16 view .LVU253
 1230 015a 019B     		ldr	r3, [sp, #4]
 1231 015c 1878     		ldrb	r0, [r3]	@ zero_extendqisi2
 445:../../libDaisy/src/hid/disp/display.h ****                != *str)
 1232              		.loc 3 445 13 view .LVU254
 1233 015e 4045     		cmp	r0, r8
 1234 0160 07D1     		bne	.L51
 1235              	.LVL75:
 443:../../libDaisy/src/hid/disp/display.h ****         {
 1236              		.loc 3 443 9 is_stmt 1 view .LVU255
 1237 0162 13F8018F 		ldrb	r8, [r3, #1]!	@ zero_extendqisi2
 1238              	.LVL76:
 443:../../libDaisy/src/hid/disp/display.h ****         {
 1239              		.loc 3 443 9 is_stmt 0 view .LVU256
 1240 0166 0193     		str	r3, [sp, #4]
 1241 0168 B8F1000F 		cmp	r8, #0
 1242 016c 7FF460AF 		bne	.L74
 1243              	.LVL77:
 1244              	.L73:
 1245              	.LBB736:
 1246              	.LBB734:
 402:../../libDaisy/src/hid/disp/display.h **** 
 1247              		.loc 3 402 20 view .LVU257
 1248 0170 0020     		movs	r0, #0
 1249              	.L51:
 1250              	.LBE734:
 1251              	.LBE736:
 447:../../libDaisy/src/hid/disp/display.h ****             {
 448:../../libDaisy/src/hid/disp/display.h ****                 // Char could not be written
 449:../../libDaisy/src/hid/disp/display.h ****                 return *str;
 450:../../libDaisy/src/hid/disp/display.h ****             }
 451:../../libDaisy/src/hid/disp/display.h **** 
 452:../../libDaisy/src/hid/disp/display.h ****             // Next char
ARM GAS  /tmp/ccM1IMph.s 			page 61


 453:../../libDaisy/src/hid/disp/display.h ****             str++;
 454:../../libDaisy/src/hid/disp/display.h ****         }
 455:../../libDaisy/src/hid/disp/display.h **** 
 456:../../libDaisy/src/hid/disp/display.h ****         // Everything ok
 457:../../libDaisy/src/hid/disp/display.h ****         return *str;
 458:../../libDaisy/src/hid/disp/display.h ****     }
 1252              		.loc 3 458 5 view .LVU258
 1253 0172 09B0     		add	sp, sp, #36
 1254              		.cfi_remember_state
 1255              		.cfi_def_cfa_offset 36
 1256              		@ sp needed
 1257 0174 BDE8F08F 		pop	{r4, r5, r6, r7, r8, r9, r10, fp, pc}
 1258              	.LVL78:
 1259              	.L55:
 1260              		.cfi_restore_state
 1261              	.LBB737:
 1262              	.LBB735:
 402:../../libDaisy/src/hid/disp/display.h **** 
 1263              		.loc 3 402 20 view .LVU259
 1264 0178 4FF00008 		mov	r8, #0
 1265              	.LVL79:
 402:../../libDaisy/src/hid/disp/display.h **** 
 1266              		.loc 3 402 20 view .LVU260
 1267 017c EDE7     		b	.L53
 1268              	.LVL80:
 1269              	.L88:
 405:../../libDaisy/src/hid/disp/display.h ****            || Height() < (currentY_ + font.FontHeight))
 1270              		.loc 3 405 17 view .LVU261
 1271 017e 3046     		mov	r0, r6
 1272 0180 9847     		blx	r3
 1273              	.LVL81:
 1274 0182 62E7     		b	.L54
 1275              	.L89:
 406:../../libDaisy/src/hid/disp/display.h ****         {
 1276              		.loc 3 406 21 view .LVU262
 1277 0184 3046     		mov	r0, r6
 1278 0186 9847     		blx	r3
 1279              	.LVL82:
 1280 0188 6BE7     		b	.L56
 1281              	.LVL83:
 1282              	.L93:
 1283              	.LBB732:
 1284              	.LBB728:
 174:../../libDaisy/src/hid/disp/display.h ****     }
 1285              		.loc 3 174 33 view .LVU263
 1286 018a 3046     		mov	r0, r6
 1287 018c 9847     		blx	r3
 1288              	.LVL84:
 1289 018e D8E7     		b	.L70
 1290              	.LVL85:
 1291              	.L91:
 173:../../libDaisy/src/hid/disp/display.h ****         currentY_ = (y >= Height()) ? Height() - 1 : y;
 1292              		.loc 3 173 32 view .LVU264
 1293 0190 3046     		mov	r0, r6
 1294 0192 9847     		blx	r3
 1295              	.LVL86:
 173:../../libDaisy/src/hid/disp/display.h ****         currentY_ = (y >= Height()) ? Height() - 1 : y;
ARM GAS  /tmp/ccM1IMph.s 			page 62


 1296              		.loc 3 173 44 view .LVU265
 1297 0194 3268     		ldr	r2, [r6]
 1298 0196 C7E7     		b	.L67
 1299              	.LVL87:
 1300              	.L57:
 173:../../libDaisy/src/hid/disp/display.h ****         currentY_ = (y >= Height()) ? Height() - 1 : y;
 1301              		.loc 3 173 44 view .LVU266
 1302              	.LBE728:
 1303              	.LBE732:
 434:../../libDaisy/src/hid/disp/display.h **** 
 1304              		.loc 3 434 19 view .LVU267
 1305 0198 B6F804B0 		ldrh	fp, [r6, #4]
 1306 019c BBE7     		b	.L59
 1307              	.LVL88:
 1308              	.L94:
 1309              	.LBB733:
 1310              	.LBB729:
 174:../../libDaisy/src/hid/disp/display.h ****     }
 1311              		.loc 3 174 45 view .LVU268
 1312 019e 3046     		mov	r0, r6
 1313 01a0 9847     		blx	r3
 1314              	.LVL89:
 174:../../libDaisy/src/hid/disp/display.h ****     }
 1315              		.loc 3 174 19 view .LVU269
 1316 01a2 0138     		subs	r0, r0, #1
 1317 01a4 83B2     		uxth	r3, r0
 1318 01a6 0293     		str	r3, [sp, #8]
 1319              	.LVL90:
 174:../../libDaisy/src/hid/disp/display.h ****     }
 1320              		.loc 3 174 19 view .LVU270
 1321 01a8 D5E7     		b	.L71
 1322              	.LVL91:
 1323              	.L92:
 173:../../libDaisy/src/hid/disp/display.h ****         currentY_ = (y >= Height()) ? Height() - 1 : y;
 1324              		.loc 3 173 43 view .LVU271
 1325 01aa 3046     		mov	r0, r6
 1326 01ac 9847     		blx	r3
 1327              	.LVL92:
 173:../../libDaisy/src/hid/disp/display.h ****         currentY_ = (y >= Height()) ? Height() - 1 : y;
 1328              		.loc 3 173 19 view .LVU272
 1329 01ae 0138     		subs	r0, r0, #1
 174:../../libDaisy/src/hid/disp/display.h ****     }
 1330              		.loc 3 174 34 view .LVU273
 1331 01b0 3268     		ldr	r2, [r6]
 173:../../libDaisy/src/hid/disp/display.h ****         currentY_ = (y >= Height()) ? Height() - 1 : y;
 1332              		.loc 3 173 19 view .LVU274
 1333 01b2 84B2     		uxth	r4, r0
 1334              	.LVL93:
 173:../../libDaisy/src/hid/disp/display.h ****         currentY_ = (y >= Height()) ? Height() - 1 : y;
 1335              		.loc 3 173 19 view .LVU275
 1336 01b4 BFE7     		b	.L68
 1337              	.L96:
 1338 01b6 00BF     		.align	2
 1339              	.L95:
 1340 01b8 00000000 		.word	_ZNK5daisy11OledDisplayINS_13SSD130xDriverILj128ELj64ENS_24SSD130x4WireSpiTransportEEEE5Widt
 1341 01bc 00000000 		.word	_ZNK5daisy11OledDisplayINS_13SSD130xDriverILj128ELj64ENS_24SSD130x4WireSpiTransportEEEE6Heig
 1342              	.LBE729:
ARM GAS  /tmp/ccM1IMph.s 			page 63


 1343              	.LBE733:
 1344              	.LBE735:
 1345              	.LBE737:
 1346              		.cfi_endproc
 1347              	.LFE5049:
 1349              		.section	.text._ZN5daisy25OneBitGraphicsDisplayImplINS_11OledDisplayINS_13SSD130xDriverILj128ELj64
 1350              		.align	1
 1351              		.p2align 2,,3
 1352              		.weak	_ZN5daisy25OneBitGraphicsDisplayImplINS_11OledDisplayINS_13SSD130xDriverILj128ELj64ENS_24SSD
 1353              		.syntax unified
 1354              		.thumb
 1355              		.thumb_func
 1356              		.fpu fpv5-d16
 1358              	_ZN5daisy25OneBitGraphicsDisplayImplINS_11OledDisplayINS_13SSD130xDriverILj128ELj64ENS_24SSD130x4Wi
 1359              	.LVL94:
 1360              	.LFB5185:
 396:../../libDaisy/src/hid/disp/display.h ****     {
 1361              		.loc 3 396 10 is_stmt 1 view -0
 1362              		.cfi_startproc
 1363              		@ args = 4, pretend = 0, frame = 16
 1364              		@ frame_needed = 0, uses_anonymous_args = 0
 396:../../libDaisy/src/hid/disp/display.h ****     {
 1365              		.loc 3 396 10 is_stmt 0 view .LVU277
 1366 0000 2DE9F04F 		push	{r4, r5, r6, r7, r8, r9, r10, fp, lr}
 1367              		.cfi_def_cfa_offset 36
 1368              		.cfi_offset 4, -36
 1369              		.cfi_offset 5, -32
 1370              		.cfi_offset 6, -28
 1371              		.cfi_offset 7, -24
 1372              		.cfi_offset 8, -20
 1373              		.cfi_offset 9, -16
 1374              		.cfi_offset 10, -12
 1375              		.cfi_offset 11, -8
 1376              		.cfi_offset 14, -4
 1377 0004 85B0     		sub	sp, sp, #20
 1378              		.cfi_def_cfa_offset 56
 1379              	.LVL95:
 401:../../libDaisy/src/hid/disp/display.h ****             return 0;
 1380              		.loc 3 401 20 view .LVU278
 1381 0006 A1F12005 		sub	r5, r1, #32
 396:../../libDaisy/src/hid/disp/display.h ****     {
 1382              		.loc 3 396 10 view .LVU279
 1383 000a 04AC     		add	r4, sp, #16
 1384 000c 9DF83870 		ldrb	r7, [sp, #56]	@ zero_extendqisi2
 1385 0010 0091     		str	r1, [sp]
 1386 0012 04E90C00 		stmdb	r4, {r2, r3}
 1387              	.LVL96:
 401:../../libDaisy/src/hid/disp/display.h ****             return 0;
 1388              		.loc 3 401 9 view .LVU280
 1389 0016 EBB2     		uxtb	r3, r5
 1390 0018 5E2B     		cmp	r3, #94
 1391 001a 00F29580 		bhi	.L101
 405:../../libDaisy/src/hid/disp/display.h ****            || Height() < (currentY_ + font.FontHeight))
 1392              		.loc 3 405 17 view .LVU281
 1393 001e 0368     		ldr	r3, [r0]
 1394 0020 8046     		mov	r8, r0
 1395 0022 5D4A     		ldr	r2, .L136
ARM GAS  /tmp/ccM1IMph.s 			page 64


 1396 0024 DB68     		ldr	r3, [r3, #12]
 1397 0026 9DF80840 		ldrb	r4, [sp, #8]	@ zero_extendqisi2
 1398 002a 9342     		cmp	r3, r2
 1399 002c 9DF80960 		ldrb	r6, [sp, #9]	@ zero_extendqisi2
 1400 0030 40F09480 		bne	.L128
 1401 0034 8020     		movs	r0, #128
 1402              	.LVL97:
 1403              	.L100:
 405:../../libDaisy/src/hid/disp/display.h ****            || Height() < (currentY_ + font.FontHeight))
 1404              		.loc 3 405 23 view .LVU282
 1405 0036 B8F80430 		ldrh	r3, [r8, #4]
 405:../../libDaisy/src/hid/disp/display.h ****            || Height() < (currentY_ + font.FontHeight))
 1406              		.loc 3 405 33 view .LVU283
 1407 003a 2344     		add	r3, r3, r4
 406:../../libDaisy/src/hid/disp/display.h ****         {
 1408              		.loc 3 406 12 view .LVU284
 1409 003c 8342     		cmp	r3, r0
 1410 003e 00F38380 		bgt	.L101
 406:../../libDaisy/src/hid/disp/display.h ****         {
 1411              		.loc 3 406 21 discriminator 2 view .LVU285
 1412 0042 D8F80030 		ldr	r3, [r8]
 1413 0046 554A     		ldr	r2, .L136+4
 1414 0048 9B68     		ldr	r3, [r3, #8]
 1415 004a 9342     		cmp	r3, r2
 1416 004c 40F08880 		bne	.L129
 406:../../libDaisy/src/hid/disp/display.h ****         {
 1417              		.loc 3 406 21 view .LVU286
 1418 0050 4020     		movs	r0, #64
 1419              	.L102:
 406:../../libDaisy/src/hid/disp/display.h ****         {
 1420              		.loc 3 406 27 discriminator 2 view .LVU287
 1421 0052 B8F80620 		ldrh	r2, [r8, #6]
 406:../../libDaisy/src/hid/disp/display.h ****         {
 1422              		.loc 3 406 37 discriminator 2 view .LVU288
 1423 0056 9319     		adds	r3, r2, r6
 406:../../libDaisy/src/hid/disp/display.h ****         {
 1424              		.loc 3 406 27 discriminator 2 view .LVU289
 1425 0058 0192     		str	r2, [sp, #4]
 406:../../libDaisy/src/hid/disp/display.h ****         {
 1426              		.loc 3 406 12 discriminator 2 view .LVU290
 1427 005a 8342     		cmp	r3, r0
 1428 005c 74DC     		bgt	.L101
 1429              	.LVL98:
 413:../../libDaisy/src/hid/disp/display.h ****         {
 1430              		.loc 3 413 22 is_stmt 1 view .LVU291
 1431 005e 002E     		cmp	r6, #0
 1432 0060 00F08980 		beq	.L103
 415:../../libDaisy/src/hid/disp/display.h ****             for(j = 0; j < font.FontWidth; j++)
 1433              		.loc 3 415 37 is_stmt 0 view .LVU292
 1434 0064 06FB05F5 		mul	r5, r6, r5
 1435 0068 6FF00040 		mvn	r0, #-2147483648
 415:../../libDaisy/src/hid/disp/display.h ****             for(j = 0; j < font.FontWidth; j++)
 1436              		.loc 3 415 22 view .LVU293
 1437 006c 039B     		ldr	r3, [sp, #12]
 1438 006e 9646     		mov	lr, r2
 1439 0070 2844     		add	r0, r0, r5
 1440 0072 2E44     		add	r6, r6, r5
ARM GAS  /tmp/ccM1IMph.s 			page 65


 434:../../libDaisy/src/hid/disp/display.h **** 
 1441              		.loc 3 434 19 view .LVU294
 1442 0074 B8F804A0 		ldrh	r10, [r8, #4]
 1443 0078 03EB4000 		add	r0, r3, r0, lsl #1
 1444 007c 023B     		subs	r3, r3, #2
 1445 007e 03EB460B 		add	fp, r3, r6, lsl #1
 1446              	.LVL99:
 1447              	.L106:
 415:../../libDaisy/src/hid/disp/display.h ****             for(j = 0; j < font.FontWidth; j++)
 1448              		.loc 3 415 15 view .LVU295
 1449 0082 30F8026F 		ldrh	r6, [r0, #2]!
 1450              	.LVL100:
 416:../../libDaisy/src/hid/disp/display.h ****             {
 1451              		.loc 3 416 26 is_stmt 1 view .LVU296
 1452 0086 BCB3     		cbz	r4, .L111
 1453              	.LBB768:
 1454              	.LBB769:
 1455              	.LBB770:
 1456              	.LBB771:
 1457              	.LBB772:
 359:../../libDaisy/src/dev/oled_ssd130x.h ****     }
 1458              		.loc 16 359 55 is_stmt 0 view .LVU297
 1459 0088 0EF00703 		and	r3, lr, #7
 359:../../libDaisy/src/dev/oled_ssd130x.h ****     }
 1460              		.loc 16 359 49 view .LVU298
 1461 008c 4FF0010C 		mov	ip, #1
 359:../../libDaisy/src/dev/oled_ssd130x.h ****     }
 1462              		.loc 16 359 28 view .LVU299
 1463 0090 4FEADE02 		lsr	r2, lr, #3
 1464 0094 5146     		mov	r1, r10
 359:../../libDaisy/src/dev/oled_ssd130x.h ****     }
 1465              		.loc 16 359 49 view .LVU300
 1466 0096 0CFA03FC 		lsl	ip, ip, r3
 1467 009a 0AF11403 		add	r3, r10, #20
 359:../../libDaisy/src/dev/oled_ssd130x.h ****     }
 1468              		.loc 16 359 42 view .LVU301
 1469 009e 4FFA8CFC 		sxtb	ip, ip
 1470 00a2 03EBC212 		add	r2, r3, r2, lsl #7
 1471              	.LBE772:
 1472              	.LBE771:
 1473              	.LBE770:
 1474              	.LBE769:
 1475              	.LBE768:
 416:../../libDaisy/src/hid/disp/display.h ****             {
 1476              		.loc 3 416 19 view .LVU302
 1477 00a6 0023     		movs	r3, #0
 1478              	.LBB790:
 1479              	.LBB785:
 1480              	.LBB780:
 1481              	.LBB776:
 1482              	.LBB773:
 359:../../libDaisy/src/dev/oled_ssd130x.h ****     }
 1483              		.loc 16 359 42 view .LVU303
 1484 00a8 6FEA0C09 		mvn	r9, ip
 1485 00ac 4244     		add	r2, r2, r8
 1486 00ae 0EE0     		b	.L112
 1487              	.LVL101:
ARM GAS  /tmp/ccM1IMph.s 			page 66


 1488              	.L130:
 359:../../libDaisy/src/dev/oled_ssd130x.h ****     }
 1489              		.loc 16 359 42 view .LVU304
 1490              	.LBE773:
 1491              	.LBE776:
 1492              	.LBE780:
 1493              	.LBE785:
 1494              	.LBE790:
 1495              	.LBB791:
 1496              	.LBI791:
  42:../../libDaisy/src/hid/disp/oled_display.h ****     {
 1497              		.loc 2 42 10 is_stmt 1 view .LVU305
 1498              	.LBB792:
 1499              	.LBI792:
 352:../../libDaisy/src/dev/oled_ssd130x.h ****     {
 1500              		.loc 16 352 10 view .LVU306
 1501              	.LBB793:
 354:../../libDaisy/src/dev/oled_ssd130x.h ****             return;
 1502              		.loc 16 354 9 is_stmt 0 view .LVU307
 1503 00b0 7F29     		cmp	r1, #127
 1504 00b2 07D8     		bhi	.L108
 1505 00b4 BEF13F0F 		cmp	lr, #63
 1506 00b8 04D8     		bhi	.L108
 357:../../libDaisy/src/dev/oled_ssd130x.h ****         else
 1507              		.loc 16 357 42 view .LVU308
 1508 00ba 1578     		ldrb	r5, [r2]	@ zero_extendqisi2
 356:../../libDaisy/src/dev/oled_ssd130x.h ****             buffer_[x + (y / 8) * width] |= (1 << (y % 8));
 1509              		.loc 16 356 9 view .LVU309
 1510 00bc 9FB1     		cbz	r7, .L110
 1511              	.L127:
 356:../../libDaisy/src/dev/oled_ssd130x.h ****             buffer_[x + (y / 8) * width] |= (1 << (y % 8));
 1512              		.loc 16 356 9 view .LVU310
 1513              	.LBE793:
 1514              	.LBE792:
 1515              	.LBE791:
 1516              	.LBB794:
 1517              	.LBB786:
 1518              	.LBB781:
 357:../../libDaisy/src/dev/oled_ssd130x.h ****         else
 1519              		.loc 16 357 42 view .LVU311
 1520 00be 4CEA0505 		orr	r5, ip, r5
 1521 00c2 1570     		strb	r5, [r2]
 1522              	.L108:
 1523              	.LBE781:
 1524              	.LBE786:
 1525              	.LBE794:
 416:../../libDaisy/src/hid/disp/display.h ****             {
 1526              		.loc 3 416 13 is_stmt 1 discriminator 2 view .LVU312
 1527 00c4 0133     		adds	r3, r3, #1
 1528              	.LVL102:
 416:../../libDaisy/src/hid/disp/display.h ****             {
 1529              		.loc 3 416 26 discriminator 2 view .LVU313
 1530 00c6 0132     		adds	r2, r2, #1
 1531 00c8 0131     		adds	r1, r1, #1
 1532 00ca 9C42     		cmp	r4, r3
 1533 00cc 14D0     		beq	.L111
 1534              	.LVL103:
ARM GAS  /tmp/ccM1IMph.s 			page 67


 1535              	.L112:
 418:../../libDaisy/src/hid/disp/display.h ****                 {
 1536              		.loc 3 418 23 is_stmt 0 view .LVU314
 1537 00ce 06FA03F5 		lsl	r5, r6, r3
 418:../../libDaisy/src/hid/disp/display.h ****                 {
 1538              		.loc 3 418 17 view .LVU315
 1539 00d2 2D04     		lsls	r5, r5, #16
 1540 00d4 ECD4     		bmi	.L130
 1541              	.LVL104:
 1542              	.LBB795:
 1543              	.LBI768:
  42:../../libDaisy/src/hid/disp/oled_display.h ****     {
 1544              		.loc 2 42 10 is_stmt 1 view .LVU316
 1545              	.LBB787:
 1546              	.LBI769:
 352:../../libDaisy/src/dev/oled_ssd130x.h ****     {
 1547              		.loc 16 352 10 view .LVU317
 1548              	.LBB782:
 354:../../libDaisy/src/dev/oled_ssd130x.h ****             return;
 1549              		.loc 16 354 9 is_stmt 0 view .LVU318
 1550 00d6 7F29     		cmp	r1, #127
 1551 00d8 F4D8     		bhi	.L108
 1552 00da BEF13F0F 		cmp	lr, #63
 1553 00de F1D8     		bhi	.L108
 357:../../libDaisy/src/dev/oled_ssd130x.h ****         else
 1554              		.loc 16 357 42 view .LVU319
 1555 00e0 1578     		ldrb	r5, [r2]	@ zero_extendqisi2
 356:../../libDaisy/src/dev/oled_ssd130x.h ****             buffer_[x + (y / 8) * width] |= (1 << (y % 8));
 1556              		.loc 16 356 9 view .LVU320
 1557 00e2 002F     		cmp	r7, #0
 1558 00e4 EBD0     		beq	.L127
 1559              	.L110:
 1560              	.LVL105:
 1561              	.LBB777:
 1562              	.LBI771:
 352:../../libDaisy/src/dev/oled_ssd130x.h ****     {
 1563              		.loc 16 352 10 is_stmt 1 view .LVU321
 352:../../libDaisy/src/dev/oled_ssd130x.h ****     {
 1564              		.loc 16 352 10 is_stmt 0 view .LVU322
 1565              	.LBE777:
 1566              	.LBE782:
 1567              	.LBE787:
 1568              	.LBE795:
 416:../../libDaisy/src/hid/disp/display.h ****             {
 1569              		.loc 3 416 13 view .LVU323
 1570 00e6 0133     		adds	r3, r3, #1
 1571              	.LVL106:
 1572              	.LBB796:
 1573              	.LBB788:
 1574              	.LBB783:
 1575              	.LBB778:
 1576              	.LBB774:
 359:../../libDaisy/src/dev/oled_ssd130x.h ****     }
 1577              		.loc 16 359 42 view .LVU324
 1578 00e8 09EA0505 		and	r5, r9, r5
 1579              	.LBE774:
 1580              	.LBE778:
ARM GAS  /tmp/ccM1IMph.s 			page 68


 1581              	.LBE783:
 1582              	.LBE788:
 1583              	.LBE796:
 416:../../libDaisy/src/hid/disp/display.h ****             {
 1584              		.loc 3 416 26 view .LVU325
 1585 00ec 0132     		adds	r2, r2, #1
 1586 00ee 0131     		adds	r1, r1, #1
 1587 00f0 9C42     		cmp	r4, r3
 1588              	.LBB797:
 1589              	.LBB789:
 1590              	.LBB784:
 1591              	.LBB779:
 1592              	.LBB775:
 359:../../libDaisy/src/dev/oled_ssd130x.h ****     }
 1593              		.loc 16 359 42 view .LVU326
 1594 00f2 02F8015C 		strb	r5, [r2, #-1]
 359:../../libDaisy/src/dev/oled_ssd130x.h ****     }
 1595              		.loc 16 359 42 view .LVU327
 1596              	.LBE775:
 1597              	.LBE779:
 1598              	.LBE784:
 1599              	.LBE789:
 1600              	.LBE797:
 416:../../libDaisy/src/hid/disp/display.h ****             {
 1601              		.loc 3 416 13 is_stmt 1 view .LVU328
 1602              	.LVL107:
 416:../../libDaisy/src/hid/disp/display.h ****             {
 1603              		.loc 3 416 26 view .LVU329
 1604 00f6 EAD1     		bne	.L112
 1605              	.LVL108:
 1606              	.L111:
 413:../../libDaisy/src/hid/disp/display.h ****         {
 1607              		.loc 3 413 9 view .LVU330
 413:../../libDaisy/src/hid/disp/display.h ****         {
 1608              		.loc 3 413 22 view .LVU331
 1609 00f8 5845     		cmp	r0, fp
 1610 00fa 0EF1010E 		add	lr, lr, #1
 1611 00fe C0D1     		bne	.L106
 1612              	.LVL109:
 1613              	.L105:
 1614              	.LBB798:
 1615              	.LBB799:
 173:../../libDaisy/src/hid/disp/display.h ****         currentY_ = (y >= Height()) ? Height() - 1 : y;
 1616              		.loc 3 173 33 is_stmt 0 view .LVU332
 1617 0100 D8F80030 		ldr	r3, [r8]
 1618              	.LBE799:
 1619              	.LBE798:
 434:../../libDaisy/src/hid/disp/display.h **** 
 1620              		.loc 3 434 18 view .LVU333
 1621 0104 5444     		add	r4, r4, r10
 1622 0106 2449     		ldr	r1, .L136
 1623              	.LBB805:
 1624              	.LBB800:
 173:../../libDaisy/src/hid/disp/display.h ****         currentY_ = (y >= Height()) ? Height() - 1 : y;
 1625              		.loc 3 173 33 view .LVU334
 1626 0108 DA68     		ldr	r2, [r3, #12]
 1627              	.LBE800:
ARM GAS  /tmp/ccM1IMph.s 			page 69


 1628              	.LBE805:
 434:../../libDaisy/src/hid/disp/display.h **** 
 1629              		.loc 3 434 18 view .LVU335
 1630 010a A4B2     		uxth	r4, r4
 1631              	.LVL110:
 1632              	.LBB806:
 1633              	.LBI798:
 171:../../libDaisy/src/hid/disp/display.h ****     {
 1634              		.loc 3 171 10 is_stmt 1 view .LVU336
 1635              	.LBB801:
 173:../../libDaisy/src/hid/disp/display.h ****         currentY_ = (y >= Height()) ? Height() - 1 : y;
 1636              		.loc 3 173 9 view .LVU337
 1637 010c 8A42     		cmp	r2, r1
 1638 010e 2DD1     		bne	.L131
 173:../../libDaisy/src/hid/disp/display.h ****         currentY_ = (y >= Height()) ? Height() - 1 : y;
 1639              		.loc 3 173 33 is_stmt 0 view .LVU338
 1640 0110 8020     		movs	r0, #128
 1641              	.L113:
 173:../../libDaisy/src/hid/disp/display.h ****         currentY_ = (y >= Height()) ? Height() - 1 : y;
 1642              		.loc 3 173 19 view .LVU339
 1643 0112 8442     		cmp	r4, r0
 1644 0114 1CD2     		bcs	.L132
 1645              	.LVL111:
 1646              	.L114:
 174:../../libDaisy/src/hid/disp/display.h ****     }
 1647              		.loc 3 174 34 view .LVU340
 1648 0116 9B68     		ldr	r3, [r3, #8]
 1649 0118 204A     		ldr	r2, .L136+4
 173:../../libDaisy/src/hid/disp/display.h ****         currentY_ = (y >= Height()) ? Height() - 1 : y;
 1650              		.loc 3 173 19 view .LVU341
 1651 011a A8F80440 		strh	r4, [r8, #4]	@ movhi
 174:../../libDaisy/src/hid/disp/display.h ****     }
 1652              		.loc 3 174 9 is_stmt 1 view .LVU342
 1653 011e 9342     		cmp	r3, r2
 1654 0120 21D1     		bne	.L133
 174:../../libDaisy/src/hid/disp/display.h ****     }
 1655              		.loc 3 174 34 is_stmt 0 view .LVU343
 1656 0122 4020     		movs	r0, #64
 1657              	.L116:
 174:../../libDaisy/src/hid/disp/display.h ****     }
 1658              		.loc 3 174 19 view .LVU344
 1659 0124 019B     		ldr	r3, [sp, #4]
 1660 0126 8342     		cmp	r3, r0
 1661 0128 07D3     		bcc	.L117
 174:../../libDaisy/src/hid/disp/display.h ****     }
 1662              		.loc 3 174 46 view .LVU345
 1663 012a D8F80030 		ldr	r3, [r8]
 1664 012e 1B4A     		ldr	r2, .L136+4
 1665 0130 9B68     		ldr	r3, [r3, #8]
 1666 0132 9342     		cmp	r3, r2
 1667 0134 29D1     		bne	.L134
 1668 0136 3F23     		movs	r3, #63
 1669 0138 0193     		str	r3, [sp, #4]
 1670              	.LVL112:
 1671              	.L117:
 174:../../libDaisy/src/hid/disp/display.h ****     }
 1672              		.loc 3 174 19 view .LVU346
ARM GAS  /tmp/ccM1IMph.s 			page 70


 1673 013a DDE90003 		ldrd	r0, r3, [sp]
 1674 013e A8F80630 		strh	r3, [r8, #6]	@ movhi
 1675              	.LVL113:
 174:../../libDaisy/src/hid/disp/display.h ****     }
 1676              		.loc 3 174 19 view .LVU347
 1677              	.LBE801:
 1678              	.LBE806:
 438:../../libDaisy/src/hid/disp/display.h **** 
 1679              		.loc 3 438 5 view .LVU348
 1680 0142 05B0     		add	sp, sp, #20
 1681              		.cfi_remember_state
 1682              		.cfi_def_cfa_offset 36
 1683              		@ sp needed
 1684 0144 BDE8F08F 		pop	{r4, r5, r6, r7, r8, r9, r10, fp, pc}
 1685              	.LVL114:
 1686              	.L101:
 1687              		.cfi_restore_state
 402:../../libDaisy/src/hid/disp/display.h **** 
 1688              		.loc 3 402 20 view .LVU349
 1689 0148 0020     		movs	r0, #0
 438:../../libDaisy/src/hid/disp/display.h **** 
 1690              		.loc 3 438 5 view .LVU350
 1691 014a 05B0     		add	sp, sp, #20
 1692              		.cfi_remember_state
 1693              		.cfi_def_cfa_offset 36
 1694              		@ sp needed
 1695 014c BDE8F08F 		pop	{r4, r5, r6, r7, r8, r9, r10, fp, pc}
 1696              	.LVL115:
 1697              	.L132:
 1698              		.cfi_restore_state
 1699              	.LBB807:
 1700              	.LBB802:
 173:../../libDaisy/src/hid/disp/display.h ****         currentY_ = (y >= Height()) ? Height() - 1 : y;
 1701              		.loc 3 173 44 view .LVU351
 1702 0150 DA68     		ldr	r2, [r3, #12]
 1703 0152 1149     		ldr	r1, .L136
 1704 0154 8A42     		cmp	r2, r1
 1705 0156 11D1     		bne	.L135
 1706 0158 7F24     		movs	r4, #127
 1707              	.LVL116:
 173:../../libDaisy/src/hid/disp/display.h ****         currentY_ = (y >= Height()) ? Height() - 1 : y;
 1708              		.loc 3 173 44 view .LVU352
 1709 015a DCE7     		b	.L114
 1710              	.LVL117:
 1711              	.L128:
 173:../../libDaisy/src/hid/disp/display.h ****         currentY_ = (y >= Height()) ? Height() - 1 : y;
 1712              		.loc 3 173 44 view .LVU353
 1713              	.LBE802:
 1714              	.LBE807:
 405:../../libDaisy/src/hid/disp/display.h ****            || Height() < (currentY_ + font.FontHeight))
 1715              		.loc 3 405 17 view .LVU354
 1716 015c 9847     		blx	r3
 1717              	.LVL118:
 405:../../libDaisy/src/hid/disp/display.h ****            || Height() < (currentY_ + font.FontHeight))
 1718              		.loc 3 405 17 view .LVU355
 1719 015e 6AE7     		b	.L100
 1720              	.L129:
ARM GAS  /tmp/ccM1IMph.s 			page 71


 406:../../libDaisy/src/hid/disp/display.h ****         {
 1721              		.loc 3 406 21 discriminator 2 view .LVU356
 1722 0160 4046     		mov	r0, r8
 1723 0162 9847     		blx	r3
 1724              	.LVL119:
 1725 0164 75E7     		b	.L102
 1726              	.LVL120:
 1727              	.L133:
 1728              	.LBB808:
 1729              	.LBB803:
 174:../../libDaisy/src/hid/disp/display.h ****     }
 1730              		.loc 3 174 33 view .LVU357
 1731 0166 4046     		mov	r0, r8
 1732 0168 9847     		blx	r3
 1733              	.LVL121:
 1734 016a DBE7     		b	.L116
 1735              	.LVL122:
 1736              	.L131:
 173:../../libDaisy/src/hid/disp/display.h ****         currentY_ = (y >= Height()) ? Height() - 1 : y;
 1737              		.loc 3 173 32 view .LVU358
 1738 016c 4046     		mov	r0, r8
 1739 016e 9047     		blx	r2
 1740              	.LVL123:
 173:../../libDaisy/src/hid/disp/display.h ****         currentY_ = (y >= Height()) ? Height() - 1 : y;
 1741              		.loc 3 173 44 view .LVU359
 1742 0170 D8F80030 		ldr	r3, [r8]
 1743 0174 CDE7     		b	.L113
 1744              	.LVL124:
 1745              	.L103:
 173:../../libDaisy/src/hid/disp/display.h ****         currentY_ = (y >= Height()) ? Height() - 1 : y;
 1746              		.loc 3 173 44 view .LVU360
 1747              	.LBE803:
 1748              	.LBE808:
 434:../../libDaisy/src/hid/disp/display.h **** 
 1749              		.loc 3 434 19 view .LVU361
 1750 0176 B8F804A0 		ldrh	r10, [r8, #4]
 1751 017a C1E7     		b	.L105
 1752              	.LVL125:
 1753              	.L135:
 1754              	.LBB809:
 1755              	.LBB804:
 173:../../libDaisy/src/hid/disp/display.h ****         currentY_ = (y >= Height()) ? Height() - 1 : y;
 1756              		.loc 3 173 43 view .LVU362
 1757 017c 4046     		mov	r0, r8
 1758 017e 9047     		blx	r2
 1759              	.LVL126:
 173:../../libDaisy/src/hid/disp/display.h ****         currentY_ = (y >= Height()) ? Height() - 1 : y;
 1760              		.loc 3 173 19 view .LVU363
 1761 0180 0138     		subs	r0, r0, #1
 174:../../libDaisy/src/hid/disp/display.h ****     }
 1762              		.loc 3 174 34 view .LVU364
 1763 0182 D8F80030 		ldr	r3, [r8]
 173:../../libDaisy/src/hid/disp/display.h ****         currentY_ = (y >= Height()) ? Height() - 1 : y;
 1764              		.loc 3 173 19 view .LVU365
 1765 0186 84B2     		uxth	r4, r0
 1766              	.LVL127:
 173:../../libDaisy/src/hid/disp/display.h ****         currentY_ = (y >= Height()) ? Height() - 1 : y;
ARM GAS  /tmp/ccM1IMph.s 			page 72


 1767              		.loc 3 173 19 view .LVU366
 1768 0188 C5E7     		b	.L114
 1769              	.L134:
 174:../../libDaisy/src/hid/disp/display.h ****     }
 1770              		.loc 3 174 45 view .LVU367
 1771 018a 4046     		mov	r0, r8
 1772 018c 9847     		blx	r3
 1773              	.LVL128:
 174:../../libDaisy/src/hid/disp/display.h ****     }
 1774              		.loc 3 174 19 view .LVU368
 1775 018e 0138     		subs	r0, r0, #1
 1776 0190 83B2     		uxth	r3, r0
 1777 0192 0193     		str	r3, [sp, #4]
 1778              	.LVL129:
 174:../../libDaisy/src/hid/disp/display.h ****     }
 1779              		.loc 3 174 19 view .LVU369
 1780 0194 D1E7     		b	.L117
 1781              	.L137:
 1782 0196 00BF     		.align	2
 1783              	.L136:
 1784 0198 00000000 		.word	_ZNK5daisy11OledDisplayINS_13SSD130xDriverILj128ELj64ENS_24SSD130x4WireSpiTransportEEEE5Widt
 1785 019c 00000000 		.word	_ZNK5daisy11OledDisplayINS_13SSD130xDriverILj128ELj64ENS_24SSD130x4WireSpiTransportEEEE6Heig
 1786              	.LBE804:
 1787              	.LBE809:
 1788              		.cfi_endproc
 1789              	.LFE5185:
 1791              		.section	.text._ZN5daisy25OneBitGraphicsDisplayImplINS_11OledDisplayINS_13SSD130xDriverILj128ELj64
 1792              		.align	1
 1793              		.p2align 2,,3
 1794              		.weak	_ZN5daisy25OneBitGraphicsDisplayImplINS_11OledDisplayINS_13SSD130xDriverILj128ELj64ENS_24SSD
 1795              		.syntax unified
 1796              		.thumb
 1797              		.thumb_func
 1798              		.fpu fpv5-d16
 1800              	_ZN5daisy25OneBitGraphicsDisplayImplINS_11OledDisplayINS_13SSD130xDriverILj128ELj64ENS_24SSD130x4Wi
 1801              	.LVL130:
 1802              	.LFB5345:
 459:../../libDaisy/src/hid/disp/display.h **** 
 460:../../libDaisy/src/hid/disp/display.h ****     Rectangle WriteStringAligned(const char*    str,
 1803              		.loc 3 460 15 is_stmt 1 view -0
 1804              		.cfi_startproc
 1805              		@ args = 12, pretend = 0, frame = 32
 1806              		@ frame_needed = 0, uses_anonymous_args = 0
 1807              		.loc 3 460 15 is_stmt 0 view .LVU371
 1808 0000 2DE9F04F 		push	{r4, r5, r6, r7, r8, r9, r10, fp, lr}
 1809              		.cfi_def_cfa_offset 36
 1810              		.cfi_offset 4, -36
 1811              		.cfi_offset 5, -32
 1812              		.cfi_offset 6, -28
 1813              		.cfi_offset 7, -24
 1814              		.cfi_offset 8, -20
 1815              		.cfi_offset 9, -16
 1816              		.cfi_offset 10, -12
 1817              		.cfi_offset 11, -8
 1818              		.cfi_offset 14, -4
 1819 0004 89B0     		sub	sp, sp, #36
 1820              		.cfi_def_cfa_offset 72
ARM GAS  /tmp/ccM1IMph.s 			page 73


 1821              		.loc 3 460 15 view .LVU372
 1822 0006 1D46     		mov	r5, r3
 1823 0008 8846     		mov	r8, r1
 1824              	.LVL131:
 1825              	.LBB948:
 1826              	.LBI948:
 461:../../libDaisy/src/hid/disp/display.h ****                                  const FontDef& font,
 462:../../libDaisy/src/hid/disp/display.h ****                                  Rectangle      boundingBox,
 463:../../libDaisy/src/hid/disp/display.h ****                                  Alignment      alignment,
 464:../../libDaisy/src/hid/disp/display.h ****                                  bool           on) override
 465:../../libDaisy/src/hid/disp/display.h ****     {
 466:../../libDaisy/src/hid/disp/display.h ****         const auto alignedRect
 467:../../libDaisy/src/hid/disp/display.h ****             = GetTextRect(str, font).AlignedWithin(boundingBox, alignment);
 468:../../libDaisy/src/hid/disp/display.h ****         SetCursor(alignedRect.GetX(), alignedRect.GetY());
 469:../../libDaisy/src/hid/disp/display.h ****         ((ChildType*)(this))->ChildType::WriteString(str, font, on);
 470:../../libDaisy/src/hid/disp/display.h ****         return alignedRect;
 471:../../libDaisy/src/hid/disp/display.h ****     }
 472:../../libDaisy/src/hid/disp/display.h **** 
 473:../../libDaisy/src/hid/disp/display.h ****   private:
 474:../../libDaisy/src/hid/disp/display.h ****     uint32_t strlen(const char* string)
 475:../../libDaisy/src/hid/disp/display.h ****     {
 476:../../libDaisy/src/hid/disp/display.h ****         uint32_t result = 0;
 477:../../libDaisy/src/hid/disp/display.h ****         while(*string++ != '\0')
 478:../../libDaisy/src/hid/disp/display.h ****             result++;
 479:../../libDaisy/src/hid/disp/display.h ****         return result;
 480:../../libDaisy/src/hid/disp/display.h ****     }
 481:../../libDaisy/src/hid/disp/display.h **** 
 482:../../libDaisy/src/hid/disp/display.h ****     Rectangle GetTextRect(const char* text, const FontDef& font)
 1827              		.loc 3 482 15 is_stmt 1 view .LVU373
 1828              	.LBB949:
 1829              	.LBB950:
 1830              	.LBI950:
 474:../../libDaisy/src/hid/disp/display.h ****     {
 1831              		.loc 3 474 14 view .LVU374
 1832              	.LBB951:
 477:../../libDaisy/src/hid/disp/display.h ****             result++;
 1833              		.loc 3 477 25 view .LVU375
 1834              	.LBE951:
 1835              	.LBE950:
 1836              	.LBE949:
 1837              	.LBE948:
 460:../../libDaisy/src/hid/disp/display.h ****                                  const FontDef& font,
 1838              		.loc 3 460 15 is_stmt 0 view .LVU376
 1839 000a 0690     		str	r0, [sp, #24]
 1840              	.LBB966:
 1841              	.LBB962:
 1842              	.LBB955:
 1843              	.LBB952:
 477:../../libDaisy/src/hid/disp/display.h ****             result++;
 1844              		.loc 3 477 25 view .LVU377
 1845 000c 1046     		mov	r0, r2
 1846              	.LVL132:
 477:../../libDaisy/src/hid/disp/display.h ****             result++;
 1847              		.loc 3 477 25 view .LVU378
 1848              	.LBE952:
 1849              	.LBE955:
 1850              	.LBE962:
ARM GAS  /tmp/ccM1IMph.s 			page 74


 1851              	.LBE966:
 460:../../libDaisy/src/hid/disp/display.h ****                                  const FontDef& font,
 1852              		.loc 3 460 15 view .LVU379
 1853 000e 129C     		ldr	r4, [sp, #72]
 1854              	.LBB967:
 1855              	.LBB963:
 1856              	.LBB956:
 1857              	.LBB953:
 477:../../libDaisy/src/hid/disp/display.h ****             result++;
 1858              		.loc 3 477 25 view .LVU380
 1859 0010 10F8013B 		ldrb	r3, [r0], #1	@ zero_extendqisi2
 1860              	.LVL133:
 477:../../libDaisy/src/hid/disp/display.h ****             result++;
 1861              		.loc 3 477 25 view .LVU381
 1862              	.LBE953:
 1863              	.LBE956:
 1864              	.LBE963:
 1865              	.LBE967:
 460:../../libDaisy/src/hid/disp/display.h ****                                  const FontDef& font,
 1866              		.loc 3 460 15 view .LVU382
 1867 0014 1399     		ldr	r1, [sp, #76]
 1868              	.LVL134:
 460:../../libDaisy/src/hid/disp/display.h ****                                  const FontDef& font,
 1869              		.loc 3 460 15 view .LVU383
 1870 0016 9DF85060 		ldrb	r6, [sp, #80]	@ zero_extendqisi2
 1871 001a 0092     		str	r2, [sp]
 1872              	.LBB968:
 1873              	.LBB964:
 1874              	.LBB957:
 1875              	.LBB954:
 477:../../libDaisy/src/hid/disp/display.h ****             result++;
 1876              		.loc 3 477 25 view .LVU384
 1877 001c 33B1     		cbz	r3, .L139
 476:../../libDaisy/src/hid/disp/display.h ****         while(*string++ != '\0')
 1878              		.loc 3 476 18 view .LVU385
 1879 001e 0022     		movs	r2, #0
 1880              	.LVL135:
 1881              	.L140:
 477:../../libDaisy/src/hid/disp/display.h ****             result++;
 1882              		.loc 3 477 25 view .LVU386
 1883 0020 10F8013B 		ldrb	r3, [r0], #1	@ zero_extendqisi2
 1884              	.LVL136:
 478:../../libDaisy/src/hid/disp/display.h ****         return result;
 1885              		.loc 3 478 13 view .LVU387
 1886 0024 0132     		adds	r2, r2, #1
 1887              	.LVL137:
 477:../../libDaisy/src/hid/disp/display.h ****             result++;
 1888              		.loc 3 477 25 is_stmt 1 view .LVU388
 1889 0026 002B     		cmp	r3, #0
 1890 0028 FAD1     		bne	.L140
 1891              	.LBE954:
 1892              	.LBE957:
 483:../../libDaisy/src/hid/disp/display.h ****     {
 484:../../libDaisy/src/hid/disp/display.h ****         const auto numChars = strlen(text);
 485:../../libDaisy/src/hid/disp/display.h ****         return {int16_t(numChars * font.FontWidth), font.FontHeight};
 1893              		.loc 3 485 68 is_stmt 0 view .LVU389
 1894 002a 93B2     		uxth	r3, r2
ARM GAS  /tmp/ccM1IMph.s 			page 75


 1895              	.LVL138:
 1896              	.L139:
 1897              		.loc 3 485 68 view .LVU390
 1898 002c 2A78     		ldrb	r2, [r5]	@ zero_extendqisi2
 1899              		.loc 3 485 58 view .LVU391
 1900 002e 6878     		ldrb	r0, [r5, #1]	@ zero_extendqisi2
 1901              		.loc 3 485 68 view .LVU392
 1902 0030 12FB03F3 		smulbb	r3, r2, r3
 1903 0034 02B2     		sxth	r2, r0
 1904              	.LVL139:
 1905              	.LBB958:
 1906              	.LBI958:
 1907              		.file 18 "../../libDaisy/src/hid/disp/graphics_common.h"
   1:../../libDaisy/src/hid/disp/graphics_common.h **** #pragma once
   2:../../libDaisy/src/hid/disp/graphics_common.h **** 
   3:../../libDaisy/src/hid/disp/graphics_common.h **** #include <cstdint>
   4:../../libDaisy/src/hid/disp/graphics_common.h **** 
   5:../../libDaisy/src/hid/disp/graphics_common.h **** namespace daisy
   6:../../libDaisy/src/hid/disp/graphics_common.h **** {
   7:../../libDaisy/src/hid/disp/graphics_common.h **** /** Justifications */
   8:../../libDaisy/src/hid/disp/graphics_common.h **** enum class Alignment
   9:../../libDaisy/src/hid/disp/graphics_common.h **** {
  10:../../libDaisy/src/hid/disp/graphics_common.h ****     centered,
  11:../../libDaisy/src/hid/disp/graphics_common.h ****     topLeft,
  12:../../libDaisy/src/hid/disp/graphics_common.h ****     topCentered,
  13:../../libDaisy/src/hid/disp/graphics_common.h ****     topRight,
  14:../../libDaisy/src/hid/disp/graphics_common.h ****     bottomLeft,
  15:../../libDaisy/src/hid/disp/graphics_common.h ****     bottomCentered,
  16:../../libDaisy/src/hid/disp/graphics_common.h ****     bottomRight,
  17:../../libDaisy/src/hid/disp/graphics_common.h ****     centeredLeft,
  18:../../libDaisy/src/hid/disp/graphics_common.h ****     centeredRight
  19:../../libDaisy/src/hid/disp/graphics_common.h **** };
  20:../../libDaisy/src/hid/disp/graphics_common.h **** 
  21:../../libDaisy/src/hid/disp/graphics_common.h **** class Rectangle
  22:../../libDaisy/src/hid/disp/graphics_common.h **** {
  23:../../libDaisy/src/hid/disp/graphics_common.h ****   public:
  24:../../libDaisy/src/hid/disp/graphics_common.h ****     Rectangle() : x_(0), y_(0), width_(0), height_(0) {}
  25:../../libDaisy/src/hid/disp/graphics_common.h **** 
  26:../../libDaisy/src/hid/disp/graphics_common.h ****     Rectangle(int16_t width, int16_t height)
 1908              		.loc 18 26 5 is_stmt 1 view .LVU393
 1909              	.LBB959:
 1910              	.LBI959:
  27:../../libDaisy/src/hid/disp/graphics_common.h ****     : x_(0), y_(0), width_(max(0, width)), height_(max(0, height))
  28:../../libDaisy/src/hid/disp/graphics_common.h ****     {
  29:../../libDaisy/src/hid/disp/graphics_common.h ****     }
  30:../../libDaisy/src/hid/disp/graphics_common.h **** 
  31:../../libDaisy/src/hid/disp/graphics_common.h ****     Rectangle(int16_t x, int16_t y, int16_t width, int16_t height)
  32:../../libDaisy/src/hid/disp/graphics_common.h ****     : x_(x), y_(y), width_(max(0, width)), height_(max(0, height))
  33:../../libDaisy/src/hid/disp/graphics_common.h ****     {
  34:../../libDaisy/src/hid/disp/graphics_common.h ****     }
  35:../../libDaisy/src/hid/disp/graphics_common.h **** 
  36:../../libDaisy/src/hid/disp/graphics_common.h ****     Rectangle(const Rectangle& other) { *this = other; }
  37:../../libDaisy/src/hid/disp/graphics_common.h **** 
  38:../../libDaisy/src/hid/disp/graphics_common.h ****     Rectangle& operator=(const Rectangle& other)
  39:../../libDaisy/src/hid/disp/graphics_common.h ****     {
  40:../../libDaisy/src/hid/disp/graphics_common.h ****         x_      = other.x_;
  41:../../libDaisy/src/hid/disp/graphics_common.h ****         y_      = other.y_;
ARM GAS  /tmp/ccM1IMph.s 			page 76


  42:../../libDaisy/src/hid/disp/graphics_common.h ****         width_  = other.width_;
  43:../../libDaisy/src/hid/disp/graphics_common.h ****         height_ = other.height_;
  44:../../libDaisy/src/hid/disp/graphics_common.h ****         return *this;
  45:../../libDaisy/src/hid/disp/graphics_common.h ****     }
  46:../../libDaisy/src/hid/disp/graphics_common.h **** 
  47:../../libDaisy/src/hid/disp/graphics_common.h ****     bool operator==(const Rectangle& other) const
  48:../../libDaisy/src/hid/disp/graphics_common.h ****     {
  49:../../libDaisy/src/hid/disp/graphics_common.h ****         return (x_ == other.x_) && (y_ == other.y_) && (width_ == other.width_)
  50:../../libDaisy/src/hid/disp/graphics_common.h ****                && (height_ == other.height_);
  51:../../libDaisy/src/hid/disp/graphics_common.h ****     }
  52:../../libDaisy/src/hid/disp/graphics_common.h ****     bool operator!=(const Rectangle& other) const { return !(*this == other); }
  53:../../libDaisy/src/hid/disp/graphics_common.h **** 
  54:../../libDaisy/src/hid/disp/graphics_common.h ****     bool IsEmpty() const { return (width_ <= 0) || (height_ <= 0); }
  55:../../libDaisy/src/hid/disp/graphics_common.h **** 
  56:../../libDaisy/src/hid/disp/graphics_common.h ****     int16_t GetX() const { return x_; }
  57:../../libDaisy/src/hid/disp/graphics_common.h ****     int16_t GetY() const { return y_; }
  58:../../libDaisy/src/hid/disp/graphics_common.h ****     int16_t GetWidth() const { return width_; }
  59:../../libDaisy/src/hid/disp/graphics_common.h ****     int16_t GetHeight() const { return height_; }
  60:../../libDaisy/src/hid/disp/graphics_common.h ****     int16_t GetRight() const { return x_ + width_; }
  61:../../libDaisy/src/hid/disp/graphics_common.h ****     int16_t GetBottom() const { return y_ + height_; }
  62:../../libDaisy/src/hid/disp/graphics_common.h ****     int16_t GetCenterX() const { return x_ + width_ / 2; }
  63:../../libDaisy/src/hid/disp/graphics_common.h ****     int16_t GetCenterY() const { return y_ + height_ / 2; }
  64:../../libDaisy/src/hid/disp/graphics_common.h **** 
  65:../../libDaisy/src/hid/disp/graphics_common.h ****     Rectangle WithX(int16_t x) const { return {x, y_, width_, height_}; }
  66:../../libDaisy/src/hid/disp/graphics_common.h ****     Rectangle WithY(int16_t y) const { return {x_, y, width_, height_}; }
  67:../../libDaisy/src/hid/disp/graphics_common.h ****     Rectangle WithWidth(int16_t width) const
  68:../../libDaisy/src/hid/disp/graphics_common.h ****     {
  69:../../libDaisy/src/hid/disp/graphics_common.h ****         return {x_, y_, width, height_};
  70:../../libDaisy/src/hid/disp/graphics_common.h ****     }
  71:../../libDaisy/src/hid/disp/graphics_common.h ****     Rectangle WithHeight(int16_t height) const
  72:../../libDaisy/src/hid/disp/graphics_common.h ****     {
  73:../../libDaisy/src/hid/disp/graphics_common.h ****         return {x_, y_, width_, height};
  74:../../libDaisy/src/hid/disp/graphics_common.h ****     }
  75:../../libDaisy/src/hid/disp/graphics_common.h ****     Rectangle WithSize(int16_t width, int16_t height) const
  76:../../libDaisy/src/hid/disp/graphics_common.h ****     {
  77:../../libDaisy/src/hid/disp/graphics_common.h ****         return {x_, y_, width, height};
  78:../../libDaisy/src/hid/disp/graphics_common.h ****     }
  79:../../libDaisy/src/hid/disp/graphics_common.h ****     Rectangle WithWidthKeepingCenter(int16_t width) const
  80:../../libDaisy/src/hid/disp/graphics_common.h ****     {
  81:../../libDaisy/src/hid/disp/graphics_common.h ****         return Rectangle(x_, y_, width, height_)
  82:../../libDaisy/src/hid/disp/graphics_common.h ****             .WithCenter(GetCenterX(), GetCenterY());
  83:../../libDaisy/src/hid/disp/graphics_common.h ****     }
  84:../../libDaisy/src/hid/disp/graphics_common.h ****     Rectangle WithHeightKeepingCenter(int16_t height) const
  85:../../libDaisy/src/hid/disp/graphics_common.h ****     {
  86:../../libDaisy/src/hid/disp/graphics_common.h ****         return Rectangle(x_, y_, width_, height)
  87:../../libDaisy/src/hid/disp/graphics_common.h ****             .WithCenter(GetCenterX(), GetCenterY());
  88:../../libDaisy/src/hid/disp/graphics_common.h ****     }
  89:../../libDaisy/src/hid/disp/graphics_common.h ****     Rectangle WithSizeKeepingCenter(int16_t width, int16_t height) const
  90:../../libDaisy/src/hid/disp/graphics_common.h ****     {
  91:../../libDaisy/src/hid/disp/graphics_common.h ****         return Rectangle(x_, y_, width, height)
  92:../../libDaisy/src/hid/disp/graphics_common.h ****             .WithCenter(GetCenterX(), GetCenterY());
  93:../../libDaisy/src/hid/disp/graphics_common.h ****     }
  94:../../libDaisy/src/hid/disp/graphics_common.h **** 
  95:../../libDaisy/src/hid/disp/graphics_common.h ****     Rectangle Reduced(int16_t sizeToReduce) const
  96:../../libDaisy/src/hid/disp/graphics_common.h ****     {
  97:../../libDaisy/src/hid/disp/graphics_common.h ****         return {int16_t(x_ + sizeToReduce),
  98:../../libDaisy/src/hid/disp/graphics_common.h ****                 int16_t(y_ + sizeToReduce),
ARM GAS  /tmp/ccM1IMph.s 			page 77


  99:../../libDaisy/src/hid/disp/graphics_common.h ****                 int16_t(width_ - 2 * sizeToReduce),
 100:../../libDaisy/src/hid/disp/graphics_common.h ****                 int16_t(height_ - 2 * sizeToReduce)};
 101:../../libDaisy/src/hid/disp/graphics_common.h ****     }
 102:../../libDaisy/src/hid/disp/graphics_common.h ****     Rectangle Reduced(int16_t xToReduce, int16_t yToReduce) const
 103:../../libDaisy/src/hid/disp/graphics_common.h ****     {
 104:../../libDaisy/src/hid/disp/graphics_common.h ****         return {int16_t(x_ + xToReduce),
 105:../../libDaisy/src/hid/disp/graphics_common.h ****                 int16_t(y_ + yToReduce),
 106:../../libDaisy/src/hid/disp/graphics_common.h ****                 int16_t(width_ - 2 * xToReduce),
 107:../../libDaisy/src/hid/disp/graphics_common.h ****                 int16_t(height_ - 2 * yToReduce)};
 108:../../libDaisy/src/hid/disp/graphics_common.h ****     }
 109:../../libDaisy/src/hid/disp/graphics_common.h **** 
 110:../../libDaisy/src/hid/disp/graphics_common.h ****     Rectangle Translated(int16_t x, int16_t y) const
 111:../../libDaisy/src/hid/disp/graphics_common.h ****     {
 112:../../libDaisy/src/hid/disp/graphics_common.h ****         return {int16_t(x_ + x), int16_t(y_ + y), width_, height_};
 113:../../libDaisy/src/hid/disp/graphics_common.h ****     }
 114:../../libDaisy/src/hid/disp/graphics_common.h **** 
 115:../../libDaisy/src/hid/disp/graphics_common.h ****     Rectangle WithLeft(int16_t left) const
 116:../../libDaisy/src/hid/disp/graphics_common.h ****     {
 117:../../libDaisy/src/hid/disp/graphics_common.h ****         const auto newWidth = int16_t((x_ - left) + width_);
 118:../../libDaisy/src/hid/disp/graphics_common.h ****         return {left, y_, newWidth, height_};
 119:../../libDaisy/src/hid/disp/graphics_common.h ****     }
 120:../../libDaisy/src/hid/disp/graphics_common.h **** 
 121:../../libDaisy/src/hid/disp/graphics_common.h ****     Rectangle WithRight(int16_t right) const
 122:../../libDaisy/src/hid/disp/graphics_common.h ****     {
 123:../../libDaisy/src/hid/disp/graphics_common.h ****         const auto newWidth = int16_t(right - x_);
 124:../../libDaisy/src/hid/disp/graphics_common.h ****         return {x_, y_, newWidth, height_};
 125:../../libDaisy/src/hid/disp/graphics_common.h ****     }
 126:../../libDaisy/src/hid/disp/graphics_common.h **** 
 127:../../libDaisy/src/hid/disp/graphics_common.h ****     Rectangle WithTop(int16_t top) const
 128:../../libDaisy/src/hid/disp/graphics_common.h ****     {
 129:../../libDaisy/src/hid/disp/graphics_common.h ****         const auto newHeight = int16_t((y_ - top) + height_);
 130:../../libDaisy/src/hid/disp/graphics_common.h ****         return {x_, top, width_, newHeight};
 131:../../libDaisy/src/hid/disp/graphics_common.h ****     }
 132:../../libDaisy/src/hid/disp/graphics_common.h **** 
 133:../../libDaisy/src/hid/disp/graphics_common.h ****     Rectangle WithBottom(int16_t bottom) const
 134:../../libDaisy/src/hid/disp/graphics_common.h ****     {
 135:../../libDaisy/src/hid/disp/graphics_common.h ****         const auto newHeight = int16_t(bottom - y_);
 136:../../libDaisy/src/hid/disp/graphics_common.h ****         return {x_, y_, width_, newHeight};
 137:../../libDaisy/src/hid/disp/graphics_common.h ****     }
 138:../../libDaisy/src/hid/disp/graphics_common.h **** 
 139:../../libDaisy/src/hid/disp/graphics_common.h ****     Rectangle WithTrimmedLeft(int16_t pxToTrim) const
 140:../../libDaisy/src/hid/disp/graphics_common.h ****     {
 141:../../libDaisy/src/hid/disp/graphics_common.h ****         return {
 142:../../libDaisy/src/hid/disp/graphics_common.h ****             int16_t(x_ + pxToTrim), y_, int16_t(width_ - pxToTrim), height_};
 143:../../libDaisy/src/hid/disp/graphics_common.h ****     }
 144:../../libDaisy/src/hid/disp/graphics_common.h **** 
 145:../../libDaisy/src/hid/disp/graphics_common.h ****     Rectangle WithTrimmedRight(int16_t pxToTrim) const
 146:../../libDaisy/src/hid/disp/graphics_common.h ****     {
 147:../../libDaisy/src/hid/disp/graphics_common.h ****         return {x_, y_, int16_t(width_ - pxToTrim), height_};
 148:../../libDaisy/src/hid/disp/graphics_common.h ****     }
 149:../../libDaisy/src/hid/disp/graphics_common.h **** 
 150:../../libDaisy/src/hid/disp/graphics_common.h ****     Rectangle WithTrimmedTop(int16_t pxToTrim) const
 151:../../libDaisy/src/hid/disp/graphics_common.h ****     {
 152:../../libDaisy/src/hid/disp/graphics_common.h ****         return {
 153:../../libDaisy/src/hid/disp/graphics_common.h ****             x_, int16_t(y_ + pxToTrim), width_, int16_t(height_ - pxToTrim)};
 154:../../libDaisy/src/hid/disp/graphics_common.h ****     }
 155:../../libDaisy/src/hid/disp/graphics_common.h **** 
ARM GAS  /tmp/ccM1IMph.s 			page 78


 156:../../libDaisy/src/hid/disp/graphics_common.h ****     Rectangle WithTrimmedBottom(int16_t pxToTrim) const
 157:../../libDaisy/src/hid/disp/graphics_common.h ****     {
 158:../../libDaisy/src/hid/disp/graphics_common.h ****         return {x_, y_, width_, int16_t(height_ - pxToTrim)};
 159:../../libDaisy/src/hid/disp/graphics_common.h ****     }
 160:../../libDaisy/src/hid/disp/graphics_common.h **** 
 161:../../libDaisy/src/hid/disp/graphics_common.h ****     Rectangle WithCenterX(int16_t centerX) const
 162:../../libDaisy/src/hid/disp/graphics_common.h ****     {
 163:../../libDaisy/src/hid/disp/graphics_common.h ****         return {int16_t(x_ + centerX - GetCenterX()), y_, width_, height_};
 164:../../libDaisy/src/hid/disp/graphics_common.h ****     }
 165:../../libDaisy/src/hid/disp/graphics_common.h **** 
 166:../../libDaisy/src/hid/disp/graphics_common.h ****     Rectangle WithCenterY(int16_t centerY) const
 167:../../libDaisy/src/hid/disp/graphics_common.h ****     {
 168:../../libDaisy/src/hid/disp/graphics_common.h ****         return {x_, int16_t(y_ + centerY - GetCenterY()), width_, height_};
 169:../../libDaisy/src/hid/disp/graphics_common.h ****     }
 170:../../libDaisy/src/hid/disp/graphics_common.h **** 
 171:../../libDaisy/src/hid/disp/graphics_common.h ****     Rectangle WithCenter(int16_t centerX, int16_t centerY) const
 172:../../libDaisy/src/hid/disp/graphics_common.h ****     {
 173:../../libDaisy/src/hid/disp/graphics_common.h ****         return {int16_t(x_ + centerX - GetCenterX()),
 174:../../libDaisy/src/hid/disp/graphics_common.h ****                 int16_t(y_ + centerY - GetCenterY()),
 175:../../libDaisy/src/hid/disp/graphics_common.h ****                 width_,
 176:../../libDaisy/src/hid/disp/graphics_common.h ****                 height_};
 177:../../libDaisy/src/hid/disp/graphics_common.h ****     }
 178:../../libDaisy/src/hid/disp/graphics_common.h **** 
 179:../../libDaisy/src/hid/disp/graphics_common.h ****     Rectangle RemoveFromLeft(int16_t pxToRemove)
 180:../../libDaisy/src/hid/disp/graphics_common.h ****     {
 181:../../libDaisy/src/hid/disp/graphics_common.h ****         const auto result = this->WithWidth(min(pxToRemove, width_));
 182:../../libDaisy/src/hid/disp/graphics_common.h ****         x_ += min(pxToRemove, width_);
 183:../../libDaisy/src/hid/disp/graphics_common.h ****         width_ = max(int16_t(width_ - pxToRemove), 0);
 184:../../libDaisy/src/hid/disp/graphics_common.h ****         return result;
 185:../../libDaisy/src/hid/disp/graphics_common.h ****     }
 186:../../libDaisy/src/hid/disp/graphics_common.h **** 
 187:../../libDaisy/src/hid/disp/graphics_common.h ****     Rectangle RemoveFromRight(int16_t pxToRemove)
 188:../../libDaisy/src/hid/disp/graphics_common.h ****     {
 189:../../libDaisy/src/hid/disp/graphics_common.h ****         const auto canRemove = min(pxToRemove, width_);
 190:../../libDaisy/src/hid/disp/graphics_common.h ****         width_ -= canRemove;
 191:../../libDaisy/src/hid/disp/graphics_common.h ****         return {int16_t(x_ + width_), y_, canRemove, height_};
 192:../../libDaisy/src/hid/disp/graphics_common.h ****     }
 193:../../libDaisy/src/hid/disp/graphics_common.h **** 
 194:../../libDaisy/src/hid/disp/graphics_common.h ****     Rectangle RemoveFromTop(int16_t pxToRemove)
 195:../../libDaisy/src/hid/disp/graphics_common.h ****     {
 196:../../libDaisy/src/hid/disp/graphics_common.h ****         const auto result = this->WithHeight(min(pxToRemove, height_));
 197:../../libDaisy/src/hid/disp/graphics_common.h ****         y_ += min(pxToRemove, height_);
 198:../../libDaisy/src/hid/disp/graphics_common.h ****         height_ = max(height_ - pxToRemove, 0);
 199:../../libDaisy/src/hid/disp/graphics_common.h ****         return result;
 200:../../libDaisy/src/hid/disp/graphics_common.h ****     }
 201:../../libDaisy/src/hid/disp/graphics_common.h **** 
 202:../../libDaisy/src/hid/disp/graphics_common.h ****     Rectangle RemoveFromBottom(int16_t pxToRemove)
 203:../../libDaisy/src/hid/disp/graphics_common.h ****     {
 204:../../libDaisy/src/hid/disp/graphics_common.h ****         const auto canRemove = min(pxToRemove, height_);
 205:../../libDaisy/src/hid/disp/graphics_common.h ****         height_ -= canRemove;
 206:../../libDaisy/src/hid/disp/graphics_common.h ****         return {x_, int16_t(y_ + height_), width_, canRemove};
 207:../../libDaisy/src/hid/disp/graphics_common.h ****     }
 208:../../libDaisy/src/hid/disp/graphics_common.h **** 
 209:../../libDaisy/src/hid/disp/graphics_common.h ****     Rectangle AlignedWithin(const Rectangle& other, Alignment alignment) const
 210:../../libDaisy/src/hid/disp/graphics_common.h ****     {
 211:../../libDaisy/src/hid/disp/graphics_common.h ****         switch(alignment)
 212:../../libDaisy/src/hid/disp/graphics_common.h ****         {
ARM GAS  /tmp/ccM1IMph.s 			page 79


 213:../../libDaisy/src/hid/disp/graphics_common.h ****             case Alignment::topLeft:
 214:../../libDaisy/src/hid/disp/graphics_common.h ****                 return {other.x_, other.y_, width_, height_};
 215:../../libDaisy/src/hid/disp/graphics_common.h ****             case Alignment::topRight:
 216:../../libDaisy/src/hid/disp/graphics_common.h ****                 return {int16_t(other.GetRight() - width_),
 217:../../libDaisy/src/hid/disp/graphics_common.h ****                         other.y_,
 218:../../libDaisy/src/hid/disp/graphics_common.h ****                         width_,
 219:../../libDaisy/src/hid/disp/graphics_common.h ****                         height_};
 220:../../libDaisy/src/hid/disp/graphics_common.h ****             case Alignment::topCentered:
 221:../../libDaisy/src/hid/disp/graphics_common.h ****                 return {int16_t(x_ + (other.GetCenterX() - GetCenterX())),
 222:../../libDaisy/src/hid/disp/graphics_common.h ****                         other.y_,
 223:../../libDaisy/src/hid/disp/graphics_common.h ****                         width_,
 224:../../libDaisy/src/hid/disp/graphics_common.h ****                         height_};
 225:../../libDaisy/src/hid/disp/graphics_common.h ****             case Alignment::bottomLeft:
 226:../../libDaisy/src/hid/disp/graphics_common.h ****                 return {other.x_,
 227:../../libDaisy/src/hid/disp/graphics_common.h ****                         int16_t(other.GetBottom() - height_),
 228:../../libDaisy/src/hid/disp/graphics_common.h ****                         width_,
 229:../../libDaisy/src/hid/disp/graphics_common.h ****                         height_};
 230:../../libDaisy/src/hid/disp/graphics_common.h ****             case Alignment::bottomRight:
 231:../../libDaisy/src/hid/disp/graphics_common.h ****                 return {int16_t(other.GetRight() - width_),
 232:../../libDaisy/src/hid/disp/graphics_common.h ****                         int16_t(other.GetBottom() - height_),
 233:../../libDaisy/src/hid/disp/graphics_common.h ****                         width_,
 234:../../libDaisy/src/hid/disp/graphics_common.h ****                         height_};
 235:../../libDaisy/src/hid/disp/graphics_common.h ****             case Alignment::bottomCentered:
 236:../../libDaisy/src/hid/disp/graphics_common.h ****                 return {int16_t(x_ + (other.GetCenterX() - GetCenterX())),
 237:../../libDaisy/src/hid/disp/graphics_common.h ****                         int16_t(other.GetBottom() - height_),
 238:../../libDaisy/src/hid/disp/graphics_common.h ****                         width_,
 239:../../libDaisy/src/hid/disp/graphics_common.h ****                         height_};
 240:../../libDaisy/src/hid/disp/graphics_common.h ****             case Alignment::centeredLeft:
 241:../../libDaisy/src/hid/disp/graphics_common.h ****                 return {other.x_,
 242:../../libDaisy/src/hid/disp/graphics_common.h ****                         int16_t(y_ + (other.GetCenterY() - GetCenterY())),
 243:../../libDaisy/src/hid/disp/graphics_common.h ****                         width_,
 244:../../libDaisy/src/hid/disp/graphics_common.h ****                         height_};
 245:../../libDaisy/src/hid/disp/graphics_common.h ****             case Alignment::centeredRight:
 246:../../libDaisy/src/hid/disp/graphics_common.h ****                 return {int16_t(other.GetRight() - width_),
 247:../../libDaisy/src/hid/disp/graphics_common.h ****                         int16_t(y_ + (other.GetCenterY() - GetCenterY())),
 248:../../libDaisy/src/hid/disp/graphics_common.h ****                         width_,
 249:../../libDaisy/src/hid/disp/graphics_common.h ****                         height_};
 250:../../libDaisy/src/hid/disp/graphics_common.h ****             case Alignment::centered:
 251:../../libDaisy/src/hid/disp/graphics_common.h ****                 return {int16_t(x_ + (other.GetCenterX() - GetCenterX())),
 252:../../libDaisy/src/hid/disp/graphics_common.h ****                         int16_t(y_ + (other.GetCenterY() - GetCenterY())),
 253:../../libDaisy/src/hid/disp/graphics_common.h ****                         width_,
 254:../../libDaisy/src/hid/disp/graphics_common.h ****                         height_};
 255:../../libDaisy/src/hid/disp/graphics_common.h ****             default: return {};
 256:../../libDaisy/src/hid/disp/graphics_common.h ****         }
 257:../../libDaisy/src/hid/disp/graphics_common.h ****     }
 258:../../libDaisy/src/hid/disp/graphics_common.h **** 
 259:../../libDaisy/src/hid/disp/graphics_common.h ****   private:
 260:../../libDaisy/src/hid/disp/graphics_common.h ****     int16_t x_, y_, width_, height_;
 261:../../libDaisy/src/hid/disp/graphics_common.h ****     int16_t max(int16_t a, int16_t b) { return (a > b) ? a : b; }
 1911              		.loc 18 261 13 view .LVU394
 1912              	.LBE959:
 1913              	.LBE958:
 1914              	.LBE964:
 1915              	.LBE968:
 1916              		.loc 18 261 41 view .LVU395
 1917              	.LBB969:
 1918              	.LBB965:
ARM GAS  /tmp/ccM1IMph.s 			page 80


 1919              	.LBB961:
 1920              	.LBB960:
 1921              	.LBI960:
 1922              		.loc 18 261 13 view .LVU396
 1923              	.LBE960:
 1924              	.LBE961:
 1925              	.LBE965:
 1926              	.LBE969:
 1927              		.loc 18 261 41 view .LVU397
 1928              	.LBB970:
 1929              	.LBI970:
 209:../../libDaisy/src/hid/disp/graphics_common.h ****     {
 1930              		.loc 18 209 15 view .LVU398
 1931              	.LBB971:
 211:../../libDaisy/src/hid/disp/graphics_common.h ****         {
 1932              		.loc 18 211 9 view .LVU399
 1933 0036 1BB2     		sxth	r3, r3
 1934 0038 23EAE373 		bic	r3, r3, r3, asr #31
 1935 003c 0829     		cmp	r1, #8
 1936 003e 00F2A981 		bhi	.L141
 1937 0042 DFE811F0 		tbh	[pc, r1, lsl #1]
 1938              	.L143:
 1939 0046 0201     		.2byte	(.L151-.L143)/2
 1940 0048 1401     		.2byte	(.L150-.L143)/2
 1941 004a 2001     		.2byte	(.L149-.L143)/2
 1942 004c 3401     		.2byte	(.L148-.L143)/2
 1943 004e 4201     		.2byte	(.L147-.L143)/2
 1944 0050 5001     		.2byte	(.L146-.L143)/2
 1945 0052 6701     		.2byte	(.L145-.L143)/2
 1946 0054 7101     		.2byte	(.L144-.L143)/2
 1947 0056 0900     		.2byte	(.L142-.L143)/2
 1948              		.p2align 1
 1949              	.L142:
 245:../../libDaisy/src/hid/disp/graphics_common.h ****                 return {int16_t(other.GetRight() - width_),
 1950              		.loc 18 245 13 view .LVU400
 246:../../libDaisy/src/hid/disp/graphics_common.h ****                         int16_t(y_ + (other.GetCenterY() - GetCenterY())),
 1951              		.loc 18 246 17 view .LVU401
 1952              	.LVL140:
 1953              	.LBB972:
 1954              	.LBI972:
  60:../../libDaisy/src/hid/disp/graphics_common.h ****     int16_t GetBottom() const { return y_ + height_; }
 1955              		.loc 18 60 13 view .LVU402
 1956              	.LBB973:
  60:../../libDaisy/src/hid/disp/graphics_common.h ****     int16_t GetBottom() const { return y_ + height_; }
 1957              		.loc 18 60 32 view .LVU403
  60:../../libDaisy/src/hid/disp/graphics_common.h ****     int16_t GetBottom() const { return y_ + height_; }
 1958              		.loc 18 60 42 is_stmt 0 view .LVU404
 1959 0058 A188     		ldrh	r1, [r4, #4]
 1960              	.LVL141:
  60:../../libDaisy/src/hid/disp/graphics_common.h ****     int16_t GetBottom() const { return y_ + height_; }
 1961              		.loc 18 60 42 view .LVU405
 1962 005a 2788     		ldrh	r7, [r4]
 1963 005c 0F44     		add	r7, r7, r1
 1964              	.LBE973:
 1965              	.LBE972:
 1966              	.LBB974:
 1967              	.LBB975:
ARM GAS  /tmp/ccM1IMph.s 			page 81


  63:../../libDaisy/src/hid/disp/graphics_common.h **** 
 1968              		.loc 18 63 54 view .LVU406
 1969 005e B4F90610 		ldrsh	r1, [r4, #6]
 1970              	.LBE975:
 1971              	.LBE974:
 246:../../libDaisy/src/hid/disp/graphics_common.h ****                         int16_t(y_ + (other.GetCenterY() - GetCenterY())),
 1972              		.loc 18 246 50 view .LVU407
 1973 0062 FF1A     		subs	r7, r7, r3
 1974              	.LBB979:
 1975              	.LBB976:
  63:../../libDaisy/src/hid/disp/graphics_common.h **** 
 1976              		.loc 18 63 54 view .LVU408
 1977 0064 0029     		cmp	r1, #0
 1978              	.LBE976:
 1979              	.LBE979:
 246:../../libDaisy/src/hid/disp/graphics_common.h ****                         int16_t(y_ + (other.GetCenterY() - GetCenterY())),
 1980              		.loc 18 246 50 view .LVU409
 1981 0066 BFB2     		uxth	r7, r7
 1982              	.LVL142:
 1983              	.LBB980:
 1984              	.LBI974:
  63:../../libDaisy/src/hid/disp/graphics_common.h **** 
 1985              		.loc 18 63 13 is_stmt 1 view .LVU410
 1986              	.LBB977:
  63:../../libDaisy/src/hid/disp/graphics_common.h **** 
 1987              		.loc 18 63 34 view .LVU411
  63:../../libDaisy/src/hid/disp/graphics_common.h **** 
 1988              		.loc 18 63 34 is_stmt 0 view .LVU412
 1989              	.LBE977:
 1990              	.LBE980:
 1991              	.LBB981:
 1992              	.LBI981:
  63:../../libDaisy/src/hid/disp/graphics_common.h **** 
 1993              		.loc 18 63 13 is_stmt 1 view .LVU413
 1994              	.LBB982:
  63:../../libDaisy/src/hid/disp/graphics_common.h **** 
 1995              		.loc 18 63 34 view .LVU414
  63:../../libDaisy/src/hid/disp/graphics_common.h **** 
 1996              		.loc 18 63 34 is_stmt 0 view .LVU415
 1997              	.LBE982:
 1998              	.LBE981:
 1999              	.LBB983:
 2000              	.LBB978:
  63:../../libDaisy/src/hid/disp/graphics_common.h **** 
 2001              		.loc 18 63 54 view .LVU416
 2002 0068 C0F2FF80 		blt	.L214
 2003              	.L158:
  63:../../libDaisy/src/hid/disp/graphics_common.h **** 
 2004              		.loc 18 63 54 view .LVU417
 2005              	.LBE978:
 2006              	.LBE983:
 2007              	.LBB984:
 2008              	.LBB985:
  63:../../libDaisy/src/hid/disp/graphics_common.h **** 
 2009              		.loc 18 63 44 view .LVU418
 2010 006c B4F802C0 		ldrh	ip, [r4, #2]
 2011              	.LBE985:
ARM GAS  /tmp/ccM1IMph.s 			page 82


 2012              	.LBE984:
 2013              	.LBB991:
 2014              	.LBB992:
 2015              	.LBB993:
  32:../../libDaisy/src/hid/disp/graphics_common.h ****     {
 2016              		.loc 18 32 66 view .LVU419
 2017 0070 0698     		ldr	r0, [sp, #24]
 2018              	.LBE993:
 2019              	.LBE992:
 2020              	.LBE991:
 2021              	.LBB1004:
 2022              	.LBB986:
  63:../../libDaisy/src/hid/disp/graphics_common.h **** 
 2023              		.loc 18 63 44 view .LVU420
 2024 0072 0CEB6104 		add	r4, ip, r1, asr #1
 2025              	.LVL143:
  63:../../libDaisy/src/hid/disp/graphics_common.h **** 
 2026              		.loc 18 63 44 view .LVU421
 2027              	.LBE986:
 2028              	.LBE1004:
 2029              	.LBB1005:
 2030              	.LBB1000:
 2031              	.LBB996:
  32:../../libDaisy/src/hid/disp/graphics_common.h ****     {
 2032              		.loc 18 32 66 view .LVU422
 2033 0076 C280     		strh	r2, [r0, #6]	@ movhi
 2034              	.LBE996:
 2035              	.LBE1000:
 2036              	.LBE1005:
 252:../../libDaisy/src/hid/disp/graphics_common.h ****                         width_,
 2037              		.loc 18 252 58 view .LVU423
 2038 0078 A4EB5202 		sub	r2, r4, r2, lsr #1
 2039              	.LBB1006:
 2040              	.LBB1001:
 2041              	.LBB997:
  32:../../libDaisy/src/hid/disp/graphics_common.h ****     {
 2042              		.loc 18 32 66 view .LVU424
 2043 007c 8380     		strh	r3, [r0, #4]	@ movhi
 2044 007e 0780     		strh	r7, [r0]	@ movhi
 2045              	.LBE997:
 2046              	.LBE1001:
 2047              	.LBE1006:
 252:../../libDaisy/src/hid/disp/graphics_common.h ****                         width_,
 2048              		.loc 18 252 58 view .LVU425
 2049 0080 94B2     		uxth	r4, r2
 2050              	.LVL144:
 2051              	.LBB1007:
 2052              	.LBI991:
  31:../../libDaisy/src/hid/disp/graphics_common.h ****     : x_(x), y_(y), width_(max(0, width)), height_(max(0, height))
 2053              		.loc 18 31 5 is_stmt 1 view .LVU426
 2054              	.LBB1002:
 2055              	.LBB998:
  32:../../libDaisy/src/hid/disp/graphics_common.h ****     {
 2056              		.loc 18 32 66 is_stmt 0 view .LVU427
 2057 0082 4480     		strh	r4, [r0, #2]	@ movhi
 2058              	.LVL145:
 2059              	.LBB994:
ARM GAS  /tmp/ccM1IMph.s 			page 83


 2060              	.LBI994:
 2061              		.loc 18 261 13 is_stmt 1 view .LVU428
 2062              	.LBE994:
 2063              	.LBE998:
 2064              	.LBE1002:
 2065              	.LBE1007:
 2066              	.LBE971:
 2067              	.LBE970:
 2068              		.loc 18 261 41 view .LVU429
 2069              	.LBB1194:
 2070              	.LBB1172:
 2071              	.LBB1008:
 2072              	.LBB1003:
 2073              	.LBB999:
 2074              	.LBB995:
 2075              	.LBI995:
 2076              		.loc 18 261 13 view .LVU430
 2077              	.LBE995:
 2078              	.LBE999:
 2079              	.LBE1003:
 2080              	.LBE1008:
 2081              	.LBE1172:
 2082              	.LBE1194:
 2083              		.loc 18 261 41 view .LVU431
 2084              	.L152:
  56:../../libDaisy/src/hid/disp/graphics_common.h ****     int16_t GetY() const { return y_; }
 2085              		.loc 18 56 28 view .LVU432
  57:../../libDaisy/src/hid/disp/graphics_common.h ****     int16_t GetWidth() const { return width_; }
 2086              		.loc 18 57 28 view .LVU433
 2087              	.LBB1195:
 2088              	.LBI1195:
 171:../../libDaisy/src/hid/disp/display.h ****     {
 2089              		.loc 3 171 10 view .LVU434
 2090              	.LBB1196:
 173:../../libDaisy/src/hid/disp/display.h ****         currentY_ = (y >= Height()) ? Height() - 1 : y;
 2091              		.loc 3 173 9 view .LVU435
 2092 0084 A64A     		ldr	r2, .L224
 173:../../libDaisy/src/hid/disp/display.h ****         currentY_ = (y >= Height()) ? Height() - 1 : y;
 2093              		.loc 3 173 33 is_stmt 0 view .LVU436
 2094 0086 D8F80030 		ldr	r3, [r8]
 2095 008a 1146     		mov	r1, r2
 2096 008c 0192     		str	r2, [sp, #4]
 2097 008e DA68     		ldr	r2, [r3, #12]
 2098 0090 8A42     		cmp	r2, r1
 2099 0092 40F08D81 		bne	.L160
 2100 0096 8020     		movs	r0, #128
 2101              	.LVL146:
 2102              	.L161:
 173:../../libDaisy/src/hid/disp/display.h ****         currentY_ = (y >= Height()) ? Height() - 1 : y;
 2103              		.loc 3 173 19 view .LVU437
 2104 0098 B842     		cmp	r0, r7
 2105 009a 05D8     		bhi	.L162
 173:../../libDaisy/src/hid/disp/display.h ****         currentY_ = (y >= Height()) ? Height() - 1 : y;
 2106              		.loc 3 173 44 view .LVU438
 2107 009c DA68     		ldr	r2, [r3, #12]
 2108 009e 0199     		ldr	r1, [sp, #4]
 2109 00a0 8A42     		cmp	r2, r1
ARM GAS  /tmp/ccM1IMph.s 			page 84


 2110 00a2 40F09A81 		bne	.L215
 2111 00a6 7F27     		movs	r7, #127
 2112              	.L162:
 2113 00a8 9E4A     		ldr	r2, .L224+4
 174:../../libDaisy/src/hid/disp/display.h ****     }
 2114              		.loc 3 174 34 view .LVU439
 2115 00aa 9B68     		ldr	r3, [r3, #8]
 173:../../libDaisy/src/hid/disp/display.h ****         currentY_ = (y >= Height()) ? Height() - 1 : y;
 2116              		.loc 3 173 19 view .LVU440
 2117 00ac A8F80470 		strh	r7, [r8, #4]	@ movhi
 174:../../libDaisy/src/hid/disp/display.h ****     }
 2118              		.loc 3 174 9 is_stmt 1 view .LVU441
 2119 00b0 9342     		cmp	r3, r2
 2120 00b2 0392     		str	r2, [sp, #12]
 2121 00b4 40F08981 		bne	.L192
 174:../../libDaisy/src/hid/disp/display.h ****     }
 2122              		.loc 3 174 34 is_stmt 0 view .LVU442
 2123 00b8 4020     		movs	r0, #64
 2124              	.L164:
 174:../../libDaisy/src/hid/disp/display.h ****     }
 2125              		.loc 3 174 19 view .LVU443
 2126 00ba A042     		cmp	r0, r4
 2127 00bc 07D8     		bhi	.L166
 174:../../libDaisy/src/hid/disp/display.h ****     }
 2128              		.loc 3 174 46 view .LVU444
 2129 00be D8F80030 		ldr	r3, [r8]
 2130 00c2 039A     		ldr	r2, [sp, #12]
 2131 00c4 9B68     		ldr	r3, [r3, #8]
 2132 00c6 9342     		cmp	r3, r2
 2133 00c8 40F08281 		bne	.L216
 2134 00cc 3F24     		movs	r4, #63
 2135              	.L166:
 174:../../libDaisy/src/hid/disp/display.h ****     }
 2136              		.loc 3 174 46 view .LVU445
 2137              	.LBE1196:
 2138              	.LBE1195:
 2139              	.LBB1200:
 2140              	.LBB1201:
 443:../../libDaisy/src/hid/disp/display.h ****         {
 2141              		.loc 3 443 9 view .LVU446
 2142 00ce 009B     		ldr	r3, [sp]
 2143              	.LBE1201:
 2144              	.LBE1200:
 2145              	.LBB1249:
 2146              	.LBB1197:
 174:../../libDaisy/src/hid/disp/display.h ****     }
 2147              		.loc 3 174 19 view .LVU447
 2148 00d0 A8F80640 		strh	r4, [r8, #6]	@ movhi
 2149              	.LVL147:
 174:../../libDaisy/src/hid/disp/display.h ****     }
 2150              		.loc 3 174 19 view .LVU448
 2151              	.LBE1197:
 2152              	.LBE1249:
 2153              	.LBB1250:
 2154              	.LBB1246:
 443:../../libDaisy/src/hid/disp/display.h ****         {
 2155              		.loc 3 443 9 view .LVU449
ARM GAS  /tmp/ccM1IMph.s 			page 85


 2156 00d4 93F800B0 		ldrb	fp, [r3]	@ zero_extendqisi2
 2157 00d8 6B78     		ldrb	r3, [r5, #1]	@ zero_extendqisi2
 2158              	.LVL148:
 443:../../libDaisy/src/hid/disp/display.h ****         {
 2159              		.loc 3 443 9 view .LVU450
 2160 00da 2C78     		ldrb	r4, [r5]	@ zero_extendqisi2
 2161              	.LVL149:
 443:../../libDaisy/src/hid/disp/display.h ****         {
 2162              		.loc 3 443 9 view .LVU451
 2163 00dc 0493     		str	r3, [sp, #16]
 2164              	.LVL150:
 443:../../libDaisy/src/hid/disp/display.h ****         {
 2165              		.loc 3 443 9 view .LVU452
 2166 00de 6B68     		ldr	r3, [r5, #4]
 2167 00e0 0793     		str	r3, [sp, #28]
 2168              	.LVL151:
 443:../../libDaisy/src/hid/disp/display.h ****         {
 2169              		.loc 3 443 9 view .LVU453
 2170              	.LBE1246:
 2171              	.LBI1200:
 440:../../libDaisy/src/hid/disp/display.h ****     {
 2172              		.loc 3 440 10 is_stmt 1 view .LVU454
 2173              	.LBB1247:
 443:../../libDaisy/src/hid/disp/display.h ****         {
 2174              		.loc 3 443 9 view .LVU455
 2175 00e2 BBF1000F 		cmp	fp, #0
 2176 00e6 00F0AC80 		beq	.L138
 2177              	.LVL152:
 2178              	.L168:
 2179              	.LBB1202:
 2180              	.LBI1202:
 396:../../libDaisy/src/hid/disp/display.h ****     {
 2181              		.loc 3 396 10 view .LVU456
 2182              	.LBB1203:
 401:../../libDaisy/src/hid/disp/display.h ****             return 0;
 2183              		.loc 3 401 20 is_stmt 0 view .LVU457
 2184 00ea ABF12005 		sub	r5, fp, #32
 401:../../libDaisy/src/hid/disp/display.h ****             return 0;
 2185              		.loc 3 401 9 view .LVU458
 2186 00ee EBB2     		uxtb	r3, r5
 2187 00f0 5E2B     		cmp	r3, #94
 2188 00f2 00F22E81 		bhi	.L172
 405:../../libDaisy/src/hid/disp/display.h ****            || Height() < (currentY_ + font.FontHeight))
 2189              		.loc 3 405 17 view .LVU459
 2190 00f6 D8F80030 		ldr	r3, [r8]
 2191 00fa 019A     		ldr	r2, [sp, #4]
 2192 00fc DB68     		ldr	r3, [r3, #12]
 2193 00fe 9342     		cmp	r3, r2
 2194 0100 40F02A81 		bne	.L217
 2195 0104 8020     		movs	r0, #128
 2196              	.L171:
 405:../../libDaisy/src/hid/disp/display.h ****            || Height() < (currentY_ + font.FontHeight))
 2197              		.loc 3 405 23 view .LVU460
 2198 0106 B8F80430 		ldrh	r3, [r8, #4]
 405:../../libDaisy/src/hid/disp/display.h ****            || Height() < (currentY_ + font.FontHeight))
 2199              		.loc 3 405 33 view .LVU461
 2200 010a 2344     		add	r3, r3, r4
ARM GAS  /tmp/ccM1IMph.s 			page 86


 406:../../libDaisy/src/hid/disp/display.h ****         {
 2201              		.loc 3 406 12 view .LVU462
 2202 010c 9842     		cmp	r0, r3
 2203 010e C0F22081 		blt	.L172
 406:../../libDaisy/src/hid/disp/display.h ****         {
 2204              		.loc 3 406 21 view .LVU463
 2205 0112 D8F80030 		ldr	r3, [r8]
 2206 0116 039A     		ldr	r2, [sp, #12]
 2207 0118 9B68     		ldr	r3, [r3, #8]
 2208 011a 9342     		cmp	r3, r2
 2209 011c 40F01F81 		bne	.L218
 2210 0120 4020     		movs	r0, #64
 2211              	.L173:
 406:../../libDaisy/src/hid/disp/display.h ****         {
 2212              		.loc 3 406 27 view .LVU464
 2213 0122 B8F80610 		ldrh	r1, [r8, #6]
 406:../../libDaisy/src/hid/disp/display.h ****         {
 2214              		.loc 3 406 37 view .LVU465
 2215 0126 049A     		ldr	r2, [sp, #16]
 406:../../libDaisy/src/hid/disp/display.h ****         {
 2216              		.loc 3 406 27 view .LVU466
 2217 0128 0291     		str	r1, [sp, #8]
 406:../../libDaisy/src/hid/disp/display.h ****         {
 2218              		.loc 3 406 37 view .LVU467
 2219 012a 8B18     		adds	r3, r1, r2
 406:../../libDaisy/src/hid/disp/display.h ****         {
 2220              		.loc 3 406 12 view .LVU468
 2221 012c 9842     		cmp	r0, r3
 2222 012e C0F21081 		blt	.L172
 2223              	.LVL153:
 413:../../libDaisy/src/hid/disp/display.h ****         {
 2224              		.loc 3 413 22 is_stmt 1 view .LVU469
 2225 0132 002A     		cmp	r2, #0
 2226 0134 00F01E81 		beq	.L174
 415:../../libDaisy/src/hid/disp/display.h ****             for(j = 0; j < font.FontWidth; j++)
 2227              		.loc 3 415 37 is_stmt 0 view .LVU470
 2228 0138 02FB05F5 		mul	r5, r2, r5
 2229 013c 6FF0004E 		mvn	lr, #-2147483648
 2230 0140 079B     		ldr	r3, [sp, #28]
 2231 0142 AE44     		add	lr, lr, r5
 2232 0144 1544     		add	r5, r5, r2
 2233 0146 CDF814B0 		str	fp, [sp, #20]
 2234 014a 03EB4E0E 		add	lr, r3, lr, lsl #1
 2235 014e 023B     		subs	r3, r3, #2
 434:../../libDaisy/src/hid/disp/display.h **** 
 2236              		.loc 3 434 19 view .LVU471
 2237 0150 B8F804A0 		ldrh	r10, [r8, #4]
 2238 0154 03EB4503 		add	r3, r3, r5, lsl #1
 2239 0158 0D46     		mov	r5, r1
 2240 015a 9B46     		mov	fp, r3
 2241              	.LVL154:
 2242              	.L177:
 415:../../libDaisy/src/hid/disp/display.h ****             for(j = 0; j < font.FontWidth; j++)
 2243              		.loc 3 415 15 view .LVU472
 2244 015c 3EF8027F 		ldrh	r7, [lr, #2]!
 2245              	.LVL155:
 416:../../libDaisy/src/hid/disp/display.h ****             {
ARM GAS  /tmp/ccM1IMph.s 			page 87


 2246              		.loc 3 416 26 is_stmt 1 view .LVU473
 2247 0160 A4B3     		cbz	r4, .L182
 2248              	.LBB1204:
 2249              	.LBB1205:
 2250              	.LBB1206:
 2251              	.LBB1207:
 2252              	.LBB1208:
 359:../../libDaisy/src/dev/oled_ssd130x.h ****     }
 2253              		.loc 16 359 55 is_stmt 0 view .LVU474
 2254 0162 05F00703 		and	r3, r5, #7
 359:../../libDaisy/src/dev/oled_ssd130x.h ****     }
 2255              		.loc 16 359 49 view .LVU475
 2256 0166 4FF0010C 		mov	ip, #1
 359:../../libDaisy/src/dev/oled_ssd130x.h ****     }
 2257              		.loc 16 359 28 view .LVU476
 2258 016a EA08     		lsrs	r2, r5, #3
 2259 016c 5146     		mov	r1, r10
 359:../../libDaisy/src/dev/oled_ssd130x.h ****     }
 2260              		.loc 16 359 49 view .LVU477
 2261 016e 0CFA03FC 		lsl	ip, ip, r3
 2262 0172 0AF11403 		add	r3, r10, #20
 359:../../libDaisy/src/dev/oled_ssd130x.h ****     }
 2263              		.loc 16 359 42 view .LVU478
 2264 0176 4FFA8CFC 		sxtb	ip, ip
 2265 017a 03EBC212 		add	r2, r3, r2, lsl #7
 2266              	.LBE1208:
 2267              	.LBE1207:
 2268              	.LBE1206:
 2269              	.LBE1205:
 2270              	.LBE1204:
 416:../../libDaisy/src/hid/disp/display.h ****             {
 2271              		.loc 3 416 19 view .LVU479
 2272 017e 0023     		movs	r3, #0
 2273              	.LBB1226:
 2274              	.LBB1221:
 2275              	.LBB1216:
 2276              	.LBB1212:
 2277              	.LBB1209:
 359:../../libDaisy/src/dev/oled_ssd130x.h ****     }
 2278              		.loc 16 359 42 view .LVU480
 2279 0180 6FEA0C09 		mvn	r9, ip
 2280 0184 4244     		add	r2, r2, r8
 2281 0186 0DE0     		b	.L183
 2282              	.LVL156:
 2283              	.L219:
 359:../../libDaisy/src/dev/oled_ssd130x.h ****     }
 2284              		.loc 16 359 42 view .LVU481
 2285              	.LBE1209:
 2286              	.LBE1212:
 2287              	.LBE1216:
 2288              	.LBE1221:
 2289              	.LBE1226:
 2290              	.LBB1227:
 2291              	.LBI1227:
  42:../../libDaisy/src/hid/disp/oled_display.h ****     {
 2292              		.loc 2 42 10 is_stmt 1 view .LVU482
 2293              	.LBB1228:
ARM GAS  /tmp/ccM1IMph.s 			page 88


 2294              	.LBI1228:
 352:../../libDaisy/src/dev/oled_ssd130x.h ****     {
 2295              		.loc 16 352 10 view .LVU483
 2296              	.LBB1229:
 354:../../libDaisy/src/dev/oled_ssd130x.h ****             return;
 2297              		.loc 16 354 9 is_stmt 0 view .LVU484
 2298 0188 7F29     		cmp	r1, #127
 2299 018a 06D8     		bhi	.L179
 2300 018c 3F2D     		cmp	r5, #63
 2301 018e 04D8     		bhi	.L179
 357:../../libDaisy/src/dev/oled_ssd130x.h ****         else
 2302              		.loc 16 357 42 view .LVU485
 2303 0190 1078     		ldrb	r0, [r2]	@ zero_extendqisi2
 356:../../libDaisy/src/dev/oled_ssd130x.h ****             buffer_[x + (y / 8) * width] |= (1 << (y % 8));
 2304              		.loc 16 356 9 view .LVU486
 2305 0192 96B1     		cbz	r6, .L181
 2306              	.L213:
 356:../../libDaisy/src/dev/oled_ssd130x.h ****             buffer_[x + (y / 8) * width] |= (1 << (y % 8));
 2307              		.loc 16 356 9 view .LVU487
 2308              	.LBE1229:
 2309              	.LBE1228:
 2310              	.LBE1227:
 2311              	.LBB1230:
 2312              	.LBB1222:
 2313              	.LBB1217:
 357:../../libDaisy/src/dev/oled_ssd130x.h ****         else
 2314              		.loc 16 357 42 view .LVU488
 2315 0194 4CEA0000 		orr	r0, ip, r0
 2316 0198 1070     		strb	r0, [r2]
 2317              	.L179:
 2318              	.LBE1217:
 2319              	.LBE1222:
 2320              	.LBE1230:
 416:../../libDaisy/src/hid/disp/display.h ****             {
 2321              		.loc 3 416 13 is_stmt 1 view .LVU489
 2322 019a 0133     		adds	r3, r3, #1
 2323              	.LVL157:
 416:../../libDaisy/src/hid/disp/display.h ****             {
 2324              		.loc 3 416 26 view .LVU490
 2325 019c 0132     		adds	r2, r2, #1
 2326 019e 0131     		adds	r1, r1, #1
 2327 01a0 9C42     		cmp	r4, r3
 2328 01a2 13D0     		beq	.L182
 2329              	.LVL158:
 2330              	.L183:
 418:../../libDaisy/src/hid/disp/display.h ****                 {
 2331              		.loc 3 418 23 is_stmt 0 view .LVU491
 2332 01a4 07FA03F0 		lsl	r0, r7, r3
 418:../../libDaisy/src/hid/disp/display.h ****                 {
 2333              		.loc 3 418 17 view .LVU492
 2334 01a8 0004     		lsls	r0, r0, #16
 2335 01aa EDD4     		bmi	.L219
 2336              	.LVL159:
 2337              	.LBB1231:
 2338              	.LBI1204:
  42:../../libDaisy/src/hid/disp/oled_display.h ****     {
 2339              		.loc 2 42 10 is_stmt 1 view .LVU493
ARM GAS  /tmp/ccM1IMph.s 			page 89


 2340              	.LBB1223:
 2341              	.LBI1205:
 352:../../libDaisy/src/dev/oled_ssd130x.h ****     {
 2342              		.loc 16 352 10 view .LVU494
 2343              	.LBB1218:
 354:../../libDaisy/src/dev/oled_ssd130x.h ****             return;
 2344              		.loc 16 354 9 is_stmt 0 view .LVU495
 2345 01ac 7F29     		cmp	r1, #127
 2346 01ae F4D8     		bhi	.L179
 2347 01b0 3F2D     		cmp	r5, #63
 2348 01b2 F2D8     		bhi	.L179
 357:../../libDaisy/src/dev/oled_ssd130x.h ****         else
 2349              		.loc 16 357 42 view .LVU496
 2350 01b4 1078     		ldrb	r0, [r2]	@ zero_extendqisi2
 356:../../libDaisy/src/dev/oled_ssd130x.h ****             buffer_[x + (y / 8) * width] |= (1 << (y % 8));
 2351              		.loc 16 356 9 view .LVU497
 2352 01b6 002E     		cmp	r6, #0
 2353 01b8 ECD0     		beq	.L213
 2354              	.L181:
 2355              	.LVL160:
 2356              	.LBB1213:
 2357              	.LBI1207:
 352:../../libDaisy/src/dev/oled_ssd130x.h ****     {
 2358              		.loc 16 352 10 is_stmt 1 view .LVU498
 352:../../libDaisy/src/dev/oled_ssd130x.h ****     {
 2359              		.loc 16 352 10 is_stmt 0 view .LVU499
 2360              	.LBE1213:
 2361              	.LBE1218:
 2362              	.LBE1223:
 2363              	.LBE1231:
 416:../../libDaisy/src/hid/disp/display.h ****             {
 2364              		.loc 3 416 13 view .LVU500
 2365 01ba 0133     		adds	r3, r3, #1
 2366              	.LVL161:
 2367              	.LBB1232:
 2368              	.LBB1224:
 2369              	.LBB1219:
 2370              	.LBB1214:
 2371              	.LBB1210:
 359:../../libDaisy/src/dev/oled_ssd130x.h ****     }
 2372              		.loc 16 359 42 view .LVU501
 2373 01bc 09EA0000 		and	r0, r9, r0
 2374              	.LBE1210:
 2375              	.LBE1214:
 2376              	.LBE1219:
 2377              	.LBE1224:
 2378              	.LBE1232:
 416:../../libDaisy/src/hid/disp/display.h ****             {
 2379              		.loc 3 416 26 view .LVU502
 2380 01c0 0132     		adds	r2, r2, #1
 2381 01c2 0131     		adds	r1, r1, #1
 2382 01c4 9C42     		cmp	r4, r3
 2383              	.LBB1233:
 2384              	.LBB1225:
 2385              	.LBB1220:
 2386              	.LBB1215:
 2387              	.LBB1211:
ARM GAS  /tmp/ccM1IMph.s 			page 90


 359:../../libDaisy/src/dev/oled_ssd130x.h ****     }
 2388              		.loc 16 359 42 view .LVU503
 2389 01c6 02F8010C 		strb	r0, [r2, #-1]
 359:../../libDaisy/src/dev/oled_ssd130x.h ****     }
 2390              		.loc 16 359 42 view .LVU504
 2391              	.LBE1211:
 2392              	.LBE1215:
 2393              	.LBE1220:
 2394              	.LBE1225:
 2395              	.LBE1233:
 416:../../libDaisy/src/hid/disp/display.h ****             {
 2396              		.loc 3 416 13 is_stmt 1 view .LVU505
 2397              	.LVL162:
 416:../../libDaisy/src/hid/disp/display.h ****             {
 2398              		.loc 3 416 26 view .LVU506
 2399 01ca EBD1     		bne	.L183
 2400              	.LVL163:
 2401              	.L182:
 413:../../libDaisy/src/hid/disp/display.h ****         {
 2402              		.loc 3 413 9 view .LVU507
 413:../../libDaisy/src/hid/disp/display.h ****         {
 2403              		.loc 3 413 22 view .LVU508
 2404 01cc F345     		cmp	fp, lr
 2405 01ce 05F10105 		add	r5, r5, #1
 2406 01d2 C3D1     		bne	.L177
 2407 01d4 DDF814B0 		ldr	fp, [sp, #20]
 2408              	.LVL164:
 2409              	.L176:
 2410              	.LBB1234:
 2411              	.LBB1235:
 173:../../libDaisy/src/hid/disp/display.h ****         currentY_ = (y >= Height()) ? Height() - 1 : y;
 2412              		.loc 3 173 33 is_stmt 0 view .LVU509
 2413 01d8 D8F80020 		ldr	r2, [r8]
 2414              	.LBE1235:
 2415              	.LBE1234:
 434:../../libDaisy/src/hid/disp/display.h **** 
 2416              		.loc 3 434 18 view .LVU510
 2417 01dc 0AEB0405 		add	r5, r10, r4
 2418 01e0 0199     		ldr	r1, [sp, #4]
 2419              	.LBB1240:
 2420              	.LBB1236:
 173:../../libDaisy/src/hid/disp/display.h ****         currentY_ = (y >= Height()) ? Height() - 1 : y;
 2421              		.loc 3 173 33 view .LVU511
 2422 01e2 D368     		ldr	r3, [r2, #12]
 2423              	.LBE1236:
 2424              	.LBE1240:
 434:../../libDaisy/src/hid/disp/display.h **** 
 2425              		.loc 3 434 18 view .LVU512
 2426 01e4 ADB2     		uxth	r5, r5
 2427              	.LVL165:
 2428              	.LBB1241:
 2429              	.LBI1234:
 171:../../libDaisy/src/hid/disp/display.h ****     {
 2430              		.loc 3 171 10 is_stmt 1 view .LVU513
 2431              	.LBB1237:
 173:../../libDaisy/src/hid/disp/display.h ****         currentY_ = (y >= Height()) ? Height() - 1 : y;
 2432              		.loc 3 173 9 view .LVU514
ARM GAS  /tmp/ccM1IMph.s 			page 91


 2433 01e6 8B42     		cmp	r3, r1
 2434 01e8 40F0BF80 		bne	.L220
 173:../../libDaisy/src/hid/disp/display.h ****         currentY_ = (y >= Height()) ? Height() - 1 : y;
 2435              		.loc 3 173 33 is_stmt 0 view .LVU515
 2436 01ec 8020     		movs	r0, #128
 2437              	.L184:
 173:../../libDaisy/src/hid/disp/display.h ****         currentY_ = (y >= Height()) ? Height() - 1 : y;
 2438              		.loc 3 173 19 view .LVU516
 2439 01ee 8542     		cmp	r5, r0
 2440 01f0 05D3     		bcc	.L185
 173:../../libDaisy/src/hid/disp/display.h ****         currentY_ = (y >= Height()) ? Height() - 1 : y;
 2441              		.loc 3 173 44 view .LVU517
 2442 01f2 D368     		ldr	r3, [r2, #12]
 2443 01f4 0199     		ldr	r1, [sp, #4]
 2444 01f6 8B42     		cmp	r3, r1
 2445 01f8 40F0C580 		bne	.L221
 2446 01fc 7F25     		movs	r5, #127
 2447              	.LVL166:
 2448              	.L185:
 174:../../libDaisy/src/hid/disp/display.h ****     }
 2449              		.loc 3 174 34 view .LVU518
 2450 01fe 9368     		ldr	r3, [r2, #8]
 2451 0200 039A     		ldr	r2, [sp, #12]
 173:../../libDaisy/src/hid/disp/display.h ****         currentY_ = (y >= Height()) ? Height() - 1 : y;
 2452              		.loc 3 173 19 view .LVU519
 2453 0202 A8F80450 		strh	r5, [r8, #4]	@ movhi
 174:../../libDaisy/src/hid/disp/display.h ****     }
 2454              		.loc 3 174 9 is_stmt 1 view .LVU520
 2455 0206 9342     		cmp	r3, r2
 2456 0208 40F0AC80 		bne	.L222
 174:../../libDaisy/src/hid/disp/display.h ****     }
 2457              		.loc 3 174 34 is_stmt 0 view .LVU521
 2458 020c 4020     		movs	r0, #64
 2459              	.L187:
 174:../../libDaisy/src/hid/disp/display.h ****     }
 2460              		.loc 3 174 19 view .LVU522
 2461 020e 029B     		ldr	r3, [sp, #8]
 2462 0210 8342     		cmp	r3, r0
 2463 0212 08D3     		bcc	.L188
 174:../../libDaisy/src/hid/disp/display.h ****     }
 2464              		.loc 3 174 46 view .LVU523
 2465 0214 D8F80030 		ldr	r3, [r8]
 2466 0218 039A     		ldr	r2, [sp, #12]
 2467 021a 9B68     		ldr	r3, [r3, #8]
 2468 021c 9342     		cmp	r3, r2
 2469 021e 40F0AC80 		bne	.L223
 2470 0222 3F23     		movs	r3, #63
 2471 0224 0293     		str	r3, [sp, #8]
 2472              	.LVL167:
 2473              	.L188:
 174:../../libDaisy/src/hid/disp/display.h ****     }
 2474              		.loc 3 174 19 view .LVU524
 2475 0226 029B     		ldr	r3, [sp, #8]
 2476 0228 A8F80630 		strh	r3, [r8, #6]	@ movhi
 2477              	.LVL168:
 2478              	.L170:
 174:../../libDaisy/src/hid/disp/display.h ****     }
ARM GAS  /tmp/ccM1IMph.s 			page 92


 2479              		.loc 3 174 19 view .LVU525
 2480              	.LBE1237:
 2481              	.LBE1241:
 2482              	.LBE1203:
 2483              	.LBE1202:
 445:../../libDaisy/src/hid/disp/display.h ****                != *str)
 2484              		.loc 3 445 13 view .LVU526
 2485 022c 009A     		ldr	r2, [sp]
 2486 022e 1378     		ldrb	r3, [r2]	@ zero_extendqisi2
 2487 0230 5B45     		cmp	r3, fp
 2488 0232 06D1     		bne	.L138
 2489              	.LVL169:
 443:../../libDaisy/src/hid/disp/display.h ****         {
 2490              		.loc 3 443 9 is_stmt 1 view .LVU527
 2491 0234 12F801BF 		ldrb	fp, [r2, #1]!	@ zero_extendqisi2
 2492              	.LVL170:
 443:../../libDaisy/src/hid/disp/display.h ****         {
 2493              		.loc 3 443 9 is_stmt 0 view .LVU528
 2494 0238 0092     		str	r2, [sp]
 2495 023a BBF1000F 		cmp	fp, #0
 2496 023e 7FF454AF 		bne	.L168
 2497              	.LVL171:
 2498              	.L138:
 443:../../libDaisy/src/hid/disp/display.h ****         {
 2499              		.loc 3 443 9 view .LVU529
 2500              	.LBE1247:
 2501              	.LBE1250:
 471:../../libDaisy/src/hid/disp/display.h **** 
 2502              		.loc 3 471 5 view .LVU530
 2503 0242 0698     		ldr	r0, [sp, #24]
 2504 0244 09B0     		add	sp, sp, #36
 2505              		.cfi_remember_state
 2506              		.cfi_def_cfa_offset 36
 2507              		@ sp needed
 2508 0246 BDE8F08F 		pop	{r4, r5, r6, r7, r8, r9, r10, fp, pc}
 2509              	.LVL172:
 2510              	.L151:
 2511              		.cfi_restore_state
 2512              	.LBB1251:
 2513              	.LBB1173:
 250:../../libDaisy/src/hid/disp/graphics_common.h ****                 return {int16_t(x_ + (other.GetCenterX() - GetCenterX())),
 2514              		.loc 18 250 13 is_stmt 1 view .LVU531
 251:../../libDaisy/src/hid/disp/graphics_common.h ****                         int16_t(y_ + (other.GetCenterY() - GetCenterY())),
 2515              		.loc 18 251 17 view .LVU532
 2516              	.LBB1009:
 2517              	.LBI1009:
  62:../../libDaisy/src/hid/disp/graphics_common.h ****     int16_t GetCenterY() const { return y_ + height_ / 2; }
 2518              		.loc 18 62 13 view .LVU533
 2519              	.LBB1010:
  62:../../libDaisy/src/hid/disp/graphics_common.h ****     int16_t GetCenterY() const { return y_ + height_ / 2; }
 2520              		.loc 18 62 34 view .LVU534
  62:../../libDaisy/src/hid/disp/graphics_common.h ****     int16_t GetCenterY() const { return y_ + height_ / 2; }
 2521              		.loc 18 62 34 is_stmt 0 view .LVU535
 2522              	.LBE1010:
 2523              	.LBE1009:
 2524              	.LBB1012:
 2525              	.LBI1012:
ARM GAS  /tmp/ccM1IMph.s 			page 93


  62:../../libDaisy/src/hid/disp/graphics_common.h ****     int16_t GetCenterY() const { return y_ + height_ / 2; }
 2526              		.loc 18 62 13 is_stmt 1 view .LVU536
 2527              	.LBB1013:
  62:../../libDaisy/src/hid/disp/graphics_common.h ****     int16_t GetCenterY() const { return y_ + height_ / 2; }
 2528              		.loc 18 62 34 view .LVU537
  62:../../libDaisy/src/hid/disp/graphics_common.h ****     int16_t GetCenterY() const { return y_ + height_ / 2; }
 2529              		.loc 18 62 34 is_stmt 0 view .LVU538
 2530              	.LBE1013:
 2531              	.LBE1012:
 2532              	.LBB1014:
 2533              	.LBB1011:
  62:../../libDaisy/src/hid/disp/graphics_common.h ****     int16_t GetCenterY() const { return y_ + height_ / 2; }
 2534              		.loc 18 62 53 view .LVU539
 2535 024a B4F90410 		ldrsh	r1, [r4, #4]
 2536              	.LVL173:
  62:../../libDaisy/src/hid/disp/graphics_common.h ****     int16_t GetCenterY() const { return y_ + height_ / 2; }
 2537              		.loc 18 62 44 view .LVU540
 2538 024e 2788     		ldrh	r7, [r4]
  62:../../libDaisy/src/hid/disp/graphics_common.h ****     int16_t GetCenterY() const { return y_ + height_ / 2; }
 2539              		.loc 18 62 53 view .LVU541
 2540 0250 0029     		cmp	r1, #0
 2541 0252 B8BF     		it	lt
 2542 0254 0131     		addlt	r1, r1, #1
  62:../../libDaisy/src/hid/disp/graphics_common.h ****     int16_t GetCenterY() const { return y_ + height_ / 2; }
 2543              		.loc 18 62 44 view .LVU542
 2544 0256 07EB6107 		add	r7, r7, r1, asr #1
 2545              	.LBE1011:
 2546              	.LBE1014:
 2547              	.LBB1015:
 2548              	.LBB987:
  63:../../libDaisy/src/hid/disp/graphics_common.h **** 
 2549              		.loc 18 63 54 view .LVU543
 2550 025a B4F90610 		ldrsh	r1, [r4, #6]
 2551              	.LBE987:
 2552              	.LBE1015:
 251:../../libDaisy/src/hid/disp/graphics_common.h ****                         int16_t(y_ + (other.GetCenterY() - GetCenterY())),
 2553              		.loc 18 251 58 view .LVU544
 2554 025e A7EB6307 		sub	r7, r7, r3, asr #1
 2555              	.LBB1016:
 2556              	.LBB988:
  63:../../libDaisy/src/hid/disp/graphics_common.h **** 
 2557              		.loc 18 63 54 view .LVU545
 2558 0262 0029     		cmp	r1, #0
 2559              	.LBE988:
 2560              	.LBE1016:
 251:../../libDaisy/src/hid/disp/graphics_common.h ****                         int16_t(y_ + (other.GetCenterY() - GetCenterY())),
 2561              		.loc 18 251 58 view .LVU546
 2562 0264 BFB2     		uxth	r7, r7
 2563              	.LVL174:
 2564              	.LBB1017:
 2565              	.LBI984:
  63:../../libDaisy/src/hid/disp/graphics_common.h **** 
 2566              		.loc 18 63 13 is_stmt 1 view .LVU547
 2567              	.LBB989:
  63:../../libDaisy/src/hid/disp/graphics_common.h **** 
 2568              		.loc 18 63 34 view .LVU548
  63:../../libDaisy/src/hid/disp/graphics_common.h **** 
ARM GAS  /tmp/ccM1IMph.s 			page 94


 2569              		.loc 18 63 34 is_stmt 0 view .LVU549
 2570              	.LBE989:
 2571              	.LBE1017:
 2572              	.LBB1018:
 2573              	.LBI1018:
  63:../../libDaisy/src/hid/disp/graphics_common.h **** 
 2574              		.loc 18 63 13 is_stmt 1 view .LVU550
 2575              	.LBB1019:
  63:../../libDaisy/src/hid/disp/graphics_common.h **** 
 2576              		.loc 18 63 34 view .LVU551
  63:../../libDaisy/src/hid/disp/graphics_common.h **** 
 2577              		.loc 18 63 34 is_stmt 0 view .LVU552
 2578              	.LBE1019:
 2579              	.LBE1018:
 2580              	.LBB1020:
 2581              	.LBB990:
  63:../../libDaisy/src/hid/disp/graphics_common.h **** 
 2582              		.loc 18 63 54 view .LVU553
 2583 0266 BFF601AF 		bge	.L158
 2584              	.L214:
  63:../../libDaisy/src/hid/disp/graphics_common.h **** 
 2585              		.loc 18 63 54 view .LVU554
 2586 026a 0131     		adds	r1, r1, #1
 2587 026c FEE6     		b	.L158
 2588              	.LVL175:
 2589              	.L150:
  63:../../libDaisy/src/hid/disp/graphics_common.h **** 
 2590              		.loc 18 63 54 view .LVU555
 2591              	.LBE990:
 2592              	.LBE1020:
 213:../../libDaisy/src/hid/disp/graphics_common.h ****                 return {other.x_, other.y_, width_, height_};
 2593              		.loc 18 213 13 is_stmt 1 view .LVU556
 214:../../libDaisy/src/hid/disp/graphics_common.h ****             case Alignment::topRight:
 2594              		.loc 18 214 17 view .LVU557
 214:../../libDaisy/src/hid/disp/graphics_common.h ****             case Alignment::topRight:
 2595              		.loc 18 214 31 is_stmt 0 view .LVU558
 2596 026e B4F90070 		ldrsh	r7, [r4]
 2597              	.LBB1021:
 2598              	.LBB1022:
 2599              	.LBB1023:
  32:../../libDaisy/src/hid/disp/graphics_common.h ****     {
 2600              		.loc 18 32 66 view .LVU559
 2601 0272 0699     		ldr	r1, [sp, #24]
 2602              	.LVL176:
  32:../../libDaisy/src/hid/disp/graphics_common.h ****     {
 2603              		.loc 18 32 66 view .LVU560
 2604              	.LBE1023:
 2605              	.LBE1022:
 2606              	.LBE1021:
 214:../../libDaisy/src/hid/disp/graphics_common.h ****             case Alignment::topRight:
 2607              		.loc 18 214 41 view .LVU561
 2608 0274 B4F90240 		ldrsh	r4, [r4, #2]
 2609              	.LVL177:
 2610              	.LBB1036:
 2611              	.LBI1021:
  31:../../libDaisy/src/hid/disp/graphics_common.h ****     : x_(x), y_(y), width_(max(0, width)), height_(max(0, height))
 2612              		.loc 18 31 5 is_stmt 1 view .LVU562
ARM GAS  /tmp/ccM1IMph.s 			page 95


 2613              	.LBB1031:
 2614              	.LBB1026:
  32:../../libDaisy/src/hid/disp/graphics_common.h ****     {
 2615              		.loc 18 32 66 is_stmt 0 view .LVU563
 2616 0278 0F80     		strh	r7, [r1]	@ movhi
 2617              	.LBE1026:
 2618              	.LBE1031:
 2619              	.LBE1036:
 2620              	.LBE1173:
 2621              	.LBE1251:
 468:../../libDaisy/src/hid/disp/display.h ****         ((ChildType*)(this))->ChildType::WriteString(str, font, on);
 2622              		.loc 3 468 18 view .LVU564
 2623 027a BFB2     		uxth	r7, r7
 2624              	.LVL178:
 2625              	.LBB1252:
 2626              	.LBB1174:
 2627              	.LBB1037:
 2628              	.LBB1032:
 2629              	.LBB1027:
  32:../../libDaisy/src/hid/disp/graphics_common.h ****     {
 2630              		.loc 18 32 66 view .LVU565
 2631 027c 4C80     		strh	r4, [r1, #2]	@ movhi
 2632              	.LBE1027:
 2633              	.LBE1032:
 2634              	.LBE1037:
 2635              	.LBE1174:
 2636              	.LBE1252:
 468:../../libDaisy/src/hid/disp/display.h ****         ((ChildType*)(this))->ChildType::WriteString(str, font, on);
 2637              		.loc 3 468 18 view .LVU566
 2638 027e A4B2     		uxth	r4, r4
 2639              	.LVL179:
 2640              	.LBB1253:
 2641              	.LBB1175:
 2642              	.LBB1038:
 2643              	.LBB1033:
 2644              	.LBB1028:
  32:../../libDaisy/src/hid/disp/graphics_common.h ****     {
 2645              		.loc 18 32 66 view .LVU567
 2646 0280 8B80     		strh	r3, [r1, #4]	@ movhi
 2647              	.LVL180:
 2648              	.LBB1024:
 2649              	.LBI1024:
 2650              		.loc 18 261 13 is_stmt 1 view .LVU568
 2651              	.LBE1024:
 2652              	.LBE1028:
 2653              	.LBE1033:
 2654              	.LBE1038:
 2655              	.LBE1175:
 2656              	.LBE1253:
 2657              		.loc 18 261 41 view .LVU569
 2658              	.LBB1254:
 2659              	.LBB1176:
 2660              	.LBB1039:
 2661              	.LBB1034:
 2662              	.LBB1029:
 2663              	.LBB1025:
 2664              	.LBI1025:
ARM GAS  /tmp/ccM1IMph.s 			page 96


 2665              		.loc 18 261 13 view .LVU570
 2666              	.LBE1025:
 2667              	.LBE1029:
 2668              	.LBE1034:
 2669              	.LBE1039:
 2670              	.LBE1176:
 2671              	.LBE1254:
 2672              		.loc 18 261 41 view .LVU571
 2673              	.LBB1255:
 2674              	.LBB1177:
 2675              	.LBB1040:
 2676              	.LBB1035:
 2677              	.LBB1030:
  32:../../libDaisy/src/hid/disp/graphics_common.h ****     {
 2678              		.loc 18 32 66 is_stmt 0 view .LVU572
 2679 0282 CA80     		strh	r2, [r1, #6]	@ movhi
 2680              	.LBE1030:
  34:../../libDaisy/src/hid/disp/graphics_common.h **** 
 2681              		.loc 18 34 5 view .LVU573
 2682 0284 FEE6     		b	.L152
 2683              	.LVL181:
 2684              	.L149:
  34:../../libDaisy/src/hid/disp/graphics_common.h **** 
 2685              		.loc 18 34 5 view .LVU574
 2686              	.LBE1035:
 2687              	.LBE1040:
 220:../../libDaisy/src/hid/disp/graphics_common.h ****                 return {int16_t(x_ + (other.GetCenterX() - GetCenterX())),
 2688              		.loc 18 220 13 is_stmt 1 view .LVU575
 221:../../libDaisy/src/hid/disp/graphics_common.h ****                         other.y_,
 2689              		.loc 18 221 17 view .LVU576
 2690              	.LBB1041:
 2691              	.LBI1041:
  62:../../libDaisy/src/hid/disp/graphics_common.h ****     int16_t GetCenterY() const { return y_ + height_ / 2; }
 2692              		.loc 18 62 13 view .LVU577
 2693              	.LBB1042:
  62:../../libDaisy/src/hid/disp/graphics_common.h ****     int16_t GetCenterY() const { return y_ + height_ / 2; }
 2694              		.loc 18 62 34 view .LVU578
  62:../../libDaisy/src/hid/disp/graphics_common.h ****     int16_t GetCenterY() const { return y_ + height_ / 2; }
 2695              		.loc 18 62 34 is_stmt 0 view .LVU579
 2696              	.LBE1042:
 2697              	.LBE1041:
 2698              	.LBB1045:
 2699              	.LBI1045:
  62:../../libDaisy/src/hid/disp/graphics_common.h ****     int16_t GetCenterY() const { return y_ + height_ / 2; }
 2700              		.loc 18 62 13 is_stmt 1 view .LVU580
 2701              	.LBB1046:
  62:../../libDaisy/src/hid/disp/graphics_common.h ****     int16_t GetCenterY() const { return y_ + height_ / 2; }
 2702              		.loc 18 62 34 view .LVU581
  62:../../libDaisy/src/hid/disp/graphics_common.h ****     int16_t GetCenterY() const { return y_ + height_ / 2; }
 2703              		.loc 18 62 34 is_stmt 0 view .LVU582
 2704              	.LBE1046:
 2705              	.LBE1045:
 2706              	.LBB1047:
 2707              	.LBB1043:
  62:../../libDaisy/src/hid/disp/graphics_common.h ****     int16_t GetCenterY() const { return y_ + height_ / 2; }
 2708              		.loc 18 62 53 view .LVU583
 2709 0286 B4F90410 		ldrsh	r1, [r4, #4]
ARM GAS  /tmp/ccM1IMph.s 			page 97


 2710              	.LVL182:
  62:../../libDaisy/src/hid/disp/graphics_common.h ****     int16_t GetCenterY() const { return y_ + height_ / 2; }
 2711              		.loc 18 62 44 view .LVU584
 2712 028a 2788     		ldrh	r7, [r4]
  62:../../libDaisy/src/hid/disp/graphics_common.h ****     int16_t GetCenterY() const { return y_ + height_ / 2; }
 2713              		.loc 18 62 53 view .LVU585
 2714 028c 0029     		cmp	r1, #0
 2715              	.LBE1043:
 2716              	.LBE1047:
 222:../../libDaisy/src/hid/disp/graphics_common.h ****                         width_,
 2717              		.loc 18 222 31 view .LVU586
 2718 028e B4F90240 		ldrsh	r4, [r4, #2]
 2719              	.LVL183:
 2720              	.LBB1048:
 2721              	.LBB1044:
  62:../../libDaisy/src/hid/disp/graphics_common.h ****     int16_t GetCenterY() const { return y_ + height_ / 2; }
 2722              		.loc 18 62 53 view .LVU587
 2723 0292 B8BF     		it	lt
 2724 0294 0131     		addlt	r1, r1, #1
  62:../../libDaisy/src/hid/disp/graphics_common.h ****     int16_t GetCenterY() const { return y_ + height_ / 2; }
 2725              		.loc 18 62 44 view .LVU588
 2726 0296 07EB6107 		add	r7, r7, r1, asr #1
 2727              	.LBE1044:
 2728              	.LBE1048:
 2729              	.LBB1049:
 2730              	.LBB1050:
 2731              	.LBB1051:
  32:../../libDaisy/src/hid/disp/graphics_common.h ****     {
 2732              		.loc 18 32 66 view .LVU589
 2733 029a 0699     		ldr	r1, [sp, #24]
 2734 029c 8B80     		strh	r3, [r1, #4]	@ movhi
 2735              	.LBE1051:
 2736              	.LBE1050:
 2737              	.LBE1049:
 221:../../libDaisy/src/hid/disp/graphics_common.h ****                         other.y_,
 2738              		.loc 18 221 58 view .LVU590
 2739 029e A7EB6303 		sub	r3, r7, r3, asr #1
 2740              	.LBB1062:
 2741              	.LBB1058:
 2742              	.LBB1054:
  32:../../libDaisy/src/hid/disp/graphics_common.h ****     {
 2743              		.loc 18 32 66 view .LVU591
 2744 02a2 4C80     		strh	r4, [r1, #2]	@ movhi
 2745              	.LBE1054:
 2746              	.LBE1058:
 2747              	.LBE1062:
 2748              	.LBE1177:
 2749              	.LBE1255:
 468:../../libDaisy/src/hid/disp/display.h ****         ((ChildType*)(this))->ChildType::WriteString(str, font, on);
 2750              		.loc 3 468 18 view .LVU592
 2751 02a4 A4B2     		uxth	r4, r4
 2752              	.LBB1256:
 2753              	.LBB1178:
 221:../../libDaisy/src/hid/disp/graphics_common.h ****                         other.y_,
 2754              		.loc 18 221 58 view .LVU593
 2755 02a6 9FB2     		uxth	r7, r3
 2756              	.LVL184:
ARM GAS  /tmp/ccM1IMph.s 			page 98


 2757              	.LBB1063:
 2758              	.LBI1049:
  31:../../libDaisy/src/hid/disp/graphics_common.h ****     : x_(x), y_(y), width_(max(0, width)), height_(max(0, height))
 2759              		.loc 18 31 5 is_stmt 1 view .LVU594
 2760              	.LBB1059:
 2761              	.LBB1055:
 2762              	.LBB1052:
 2763              	.LBI1052:
 2764              		.loc 18 261 13 view .LVU595
 2765              	.LBE1052:
 2766              	.LBE1055:
 2767              	.LBE1059:
 2768              	.LBE1063:
 2769              	.LBE1178:
 2770              	.LBE1256:
 2771              		.loc 18 261 41 view .LVU596
 2772              	.LBB1257:
 2773              	.LBB1179:
 2774              	.LBB1064:
 2775              	.LBB1060:
 2776              	.LBB1056:
 2777              	.LBB1053:
 2778              	.LBI1053:
 2779              		.loc 18 261 13 view .LVU597
 2780              	.LBE1053:
 2781              	.LBE1056:
 2782              	.LBE1060:
 2783              	.LBE1064:
 2784              	.LBE1179:
 2785              	.LBE1257:
 2786              		.loc 18 261 41 view .LVU598
 2787              	.LBB1258:
 2788              	.LBB1180:
 2789              	.LBB1065:
 2790              	.LBB1061:
 2791              	.LBB1057:
  32:../../libDaisy/src/hid/disp/graphics_common.h ****     {
 2792              		.loc 18 32 66 is_stmt 0 view .LVU599
 2793 02a8 CA80     		strh	r2, [r1, #6]	@ movhi
 2794 02aa 0F80     		strh	r7, [r1]	@ movhi
 2795              	.LBE1057:
  34:../../libDaisy/src/hid/disp/graphics_common.h **** 
 2796              		.loc 18 34 5 view .LVU600
 2797 02ac EAE6     		b	.L152
 2798              	.LVL185:
 2799              	.L148:
  34:../../libDaisy/src/hid/disp/graphics_common.h **** 
 2800              		.loc 18 34 5 view .LVU601
 2801              	.LBE1061:
 2802              	.LBE1065:
 215:../../libDaisy/src/hid/disp/graphics_common.h ****                 return {int16_t(other.GetRight() - width_),
 2803              		.loc 18 215 13 is_stmt 1 view .LVU602
 216:../../libDaisy/src/hid/disp/graphics_common.h ****                         other.y_,
 2804              		.loc 18 216 17 view .LVU603
 2805              	.LBB1066:
 2806              	.LBI1066:
  60:../../libDaisy/src/hid/disp/graphics_common.h ****     int16_t GetBottom() const { return y_ + height_; }
ARM GAS  /tmp/ccM1IMph.s 			page 99


 2807              		.loc 18 60 13 view .LVU604
 2808              	.LBB1067:
  60:../../libDaisy/src/hid/disp/graphics_common.h ****     int16_t GetBottom() const { return y_ + height_; }
 2809              		.loc 18 60 32 view .LVU605
  60:../../libDaisy/src/hid/disp/graphics_common.h ****     int16_t GetBottom() const { return y_ + height_; }
 2810              		.loc 18 60 42 is_stmt 0 view .LVU606
 2811 02ae A188     		ldrh	r1, [r4, #4]
 2812              	.LVL186:
  60:../../libDaisy/src/hid/disp/graphics_common.h ****     int16_t GetBottom() const { return y_ + height_; }
 2813              		.loc 18 60 42 view .LVU607
 2814 02b0 2788     		ldrh	r7, [r4]
 2815              	.LBE1067:
 2816              	.LBE1066:
 217:../../libDaisy/src/hid/disp/graphics_common.h ****                         width_,
 2817              		.loc 18 217 31 view .LVU608
 2818 02b2 B4F90240 		ldrsh	r4, [r4, #2]
 2819              	.LVL187:
 2820              	.LBB1069:
 2821              	.LBB1068:
  60:../../libDaisy/src/hid/disp/graphics_common.h ****     int16_t GetBottom() const { return y_ + height_; }
 2822              		.loc 18 60 42 view .LVU609
 2823 02b6 0F44     		add	r7, r7, r1
 2824              	.LBE1068:
 2825              	.LBE1069:
 2826              	.LBB1070:
 2827              	.LBB1071:
 2828              	.LBB1072:
  32:../../libDaisy/src/hid/disp/graphics_common.h ****     {
 2829              		.loc 18 32 66 view .LVU610
 2830 02b8 0699     		ldr	r1, [sp, #24]
 2831 02ba 8B80     		strh	r3, [r1, #4]	@ movhi
 2832              	.LBE1072:
 2833              	.LBE1071:
 2834              	.LBE1070:
 216:../../libDaisy/src/hid/disp/graphics_common.h ****                         other.y_,
 2835              		.loc 18 216 50 view .LVU611
 2836 02bc FB1A     		subs	r3, r7, r3
 2837              	.LBB1083:
 2838              	.LBB1079:
 2839              	.LBB1075:
  32:../../libDaisy/src/hid/disp/graphics_common.h ****     {
 2840              		.loc 18 32 66 view .LVU612
 2841 02be 4C80     		strh	r4, [r1, #2]	@ movhi
 2842              	.LBE1075:
 2843              	.LBE1079:
 2844              	.LBE1083:
 2845              	.LBE1180:
 2846              	.LBE1258:
 468:../../libDaisy/src/hid/disp/display.h ****         ((ChildType*)(this))->ChildType::WriteString(str, font, on);
 2847              		.loc 3 468 18 view .LVU613
 2848 02c0 A4B2     		uxth	r4, r4
 2849              	.LBB1259:
 2850              	.LBB1181:
 216:../../libDaisy/src/hid/disp/graphics_common.h ****                         other.y_,
 2851              		.loc 18 216 50 view .LVU614
 2852 02c2 9FB2     		uxth	r7, r3
 2853              	.LVL188:
ARM GAS  /tmp/ccM1IMph.s 			page 100


 2854              	.LBB1084:
 2855              	.LBI1070:
  31:../../libDaisy/src/hid/disp/graphics_common.h ****     : x_(x), y_(y), width_(max(0, width)), height_(max(0, height))
 2856              		.loc 18 31 5 is_stmt 1 view .LVU615
 2857              	.LBB1080:
 2858              	.LBB1076:
 2859              	.LBB1073:
 2860              	.LBI1073:
 2861              		.loc 18 261 13 view .LVU616
 2862              	.LBE1073:
 2863              	.LBE1076:
 2864              	.LBE1080:
 2865              	.LBE1084:
 2866              	.LBE1181:
 2867              	.LBE1259:
 2868              		.loc 18 261 41 view .LVU617
 2869              	.LBB1260:
 2870              	.LBB1182:
 2871              	.LBB1085:
 2872              	.LBB1081:
 2873              	.LBB1077:
 2874              	.LBB1074:
 2875              	.LBI1074:
 2876              		.loc 18 261 13 view .LVU618
 2877              	.LBE1074:
 2878              	.LBE1077:
 2879              	.LBE1081:
 2880              	.LBE1085:
 2881              	.LBE1182:
 2882              	.LBE1260:
 2883              		.loc 18 261 41 view .LVU619
 2884              	.LBB1261:
 2885              	.LBB1183:
 2886              	.LBB1086:
 2887              	.LBB1082:
 2888              	.LBB1078:
  32:../../libDaisy/src/hid/disp/graphics_common.h ****     {
 2889              		.loc 18 32 66 is_stmt 0 view .LVU620
 2890 02c4 CA80     		strh	r2, [r1, #6]	@ movhi
 2891 02c6 0F80     		strh	r7, [r1]	@ movhi
 2892              	.LBE1078:
  34:../../libDaisy/src/hid/disp/graphics_common.h **** 
 2893              		.loc 18 34 5 view .LVU621
 2894 02c8 DCE6     		b	.L152
 2895              	.LVL189:
 2896              	.L147:
  34:../../libDaisy/src/hid/disp/graphics_common.h **** 
 2897              		.loc 18 34 5 view .LVU622
 2898              	.LBE1082:
 2899              	.LBE1086:
 225:../../libDaisy/src/hid/disp/graphics_common.h ****                 return {other.x_,
 2900              		.loc 18 225 13 is_stmt 1 view .LVU623
 226:../../libDaisy/src/hid/disp/graphics_common.h ****                         int16_t(other.GetBottom() - height_),
 2901              		.loc 18 226 17 view .LVU624
 2902              	.LBB1087:
 2903              	.LBB1088:
  61:../../libDaisy/src/hid/disp/graphics_common.h ****     int16_t GetCenterX() const { return x_ + width_ / 2; }
ARM GAS  /tmp/ccM1IMph.s 			page 101


 2904              		.loc 18 61 43 is_stmt 0 view .LVU625
 2905 02ca E788     		ldrh	r7, [r4, #6]
 2906 02cc 6188     		ldrh	r1, [r4, #2]
 2907              	.LVL190:
  61:../../libDaisy/src/hid/disp/graphics_common.h ****     int16_t GetCenterX() const { return x_ + width_ / 2; }
 2908              		.loc 18 61 43 view .LVU626
 2909 02ce 3944     		add	r1, r1, r7
 2910              	.LBE1088:
 2911              	.LBE1087:
 226:../../libDaisy/src/hid/disp/graphics_common.h ****                         int16_t(other.GetBottom() - height_),
 2912              		.loc 18 226 31 view .LVU627
 2913 02d0 B4F90070 		ldrsh	r7, [r4]
 227:../../libDaisy/src/hid/disp/graphics_common.h ****                         width_,
 2914              		.loc 18 227 51 view .LVU628
 2915 02d4 081A     		subs	r0, r1, r0
 2916              	.LVL191:
 2917              	.LBB1090:
 2918              	.LBI1087:
  61:../../libDaisy/src/hid/disp/graphics_common.h ****     int16_t GetCenterX() const { return x_ + width_ / 2; }
 2919              		.loc 18 61 13 is_stmt 1 view .LVU629
 2920              	.LBB1089:
  61:../../libDaisy/src/hid/disp/graphics_common.h ****     int16_t GetCenterX() const { return x_ + width_ / 2; }
 2921              		.loc 18 61 33 view .LVU630
  61:../../libDaisy/src/hid/disp/graphics_common.h ****     int16_t GetCenterX() const { return x_ + width_ / 2; }
 2922              		.loc 18 61 33 is_stmt 0 view .LVU631
 2923              	.LBE1089:
 2924              	.LBE1090:
 2925              	.LBB1091:
 2926              	.LBB1092:
 2927              	.LBB1093:
  32:../../libDaisy/src/hid/disp/graphics_common.h ****     {
 2928              		.loc 18 32 66 view .LVU632
 2929 02d6 0699     		ldr	r1, [sp, #24]
 2930              	.LBE1093:
 2931              	.LBE1092:
 2932              	.LBE1091:
 227:../../libDaisy/src/hid/disp/graphics_common.h ****                         width_,
 2933              		.loc 18 227 51 view .LVU633
 2934 02d8 84B2     		uxth	r4, r0
 2935              	.LVL192:
 2936              	.LBB1103:
 2937              	.LBB1099:
 2938              	.LBB1096:
  32:../../libDaisy/src/hid/disp/graphics_common.h ****     {
 2939              		.loc 18 32 66 view .LVU634
 2940 02da 0F80     		strh	r7, [r1]	@ movhi
 2941 02dc 8B80     		strh	r3, [r1, #4]	@ movhi
 2942              	.LVL193:
  32:../../libDaisy/src/hid/disp/graphics_common.h ****     {
 2943              		.loc 18 32 66 view .LVU635
 2944              	.LBE1096:
 2945              	.LBE1099:
 2946              	.LBI1091:
  31:../../libDaisy/src/hid/disp/graphics_common.h ****     : x_(x), y_(y), width_(max(0, width)), height_(max(0, height))
 2947              		.loc 18 31 5 is_stmt 1 view .LVU636
 2948              	.LBE1103:
 2949              	.LBE1183:
ARM GAS  /tmp/ccM1IMph.s 			page 102


 2950              	.LBE1261:
 468:../../libDaisy/src/hid/disp/display.h ****         ((ChildType*)(this))->ChildType::WriteString(str, font, on);
 2951              		.loc 3 468 18 is_stmt 0 view .LVU637
 2952 02de BFB2     		uxth	r7, r7
 2953              	.LVL194:
 2954              	.LBB1262:
 2955              	.LBB1184:
 2956              	.LBB1104:
 2957              	.LBB1100:
 2958              	.LBB1097:
  32:../../libDaisy/src/hid/disp/graphics_common.h ****     {
 2959              		.loc 18 32 66 view .LVU638
 2960 02e0 CA80     		strh	r2, [r1, #6]	@ movhi
 2961 02e2 4C80     		strh	r4, [r1, #2]	@ movhi
 2962              	.LVL195:
 2963              	.LBB1094:
 2964              	.LBI1094:
 2965              		.loc 18 261 13 is_stmt 1 view .LVU639
 2966              	.LBE1094:
 2967              	.LBE1097:
 2968              	.LBE1100:
 2969              	.LBE1104:
 2970              	.LBE1184:
 2971              	.LBE1262:
 2972              		.loc 18 261 41 view .LVU640
 2973              	.LBB1263:
 2974              	.LBB1185:
 2975              	.LBB1105:
 2976              	.LBB1101:
 2977              	.LBB1098:
 2978              	.LBB1095:
 2979              	.LBI1095:
 2980              		.loc 18 261 13 view .LVU641
 2981              	.LBE1095:
 2982              	.LBE1098:
 2983              	.LBE1101:
 2984              	.LBE1105:
 2985              	.LBE1185:
 2986              	.LBE1263:
 2987              		.loc 18 261 41 view .LVU642
 2988              	.LBB1264:
 2989              	.LBB1186:
 2990              	.LBB1106:
 2991              	.LBB1102:
  34:../../libDaisy/src/hid/disp/graphics_common.h **** 
 2992              		.loc 18 34 5 is_stmt 0 view .LVU643
 2993 02e4 CEE6     		b	.L152
 2994              	.LVL196:
 2995              	.L146:
  34:../../libDaisy/src/hid/disp/graphics_common.h **** 
 2996              		.loc 18 34 5 view .LVU644
 2997              	.LBE1102:
 2998              	.LBE1106:
 235:../../libDaisy/src/hid/disp/graphics_common.h ****                 return {int16_t(x_ + (other.GetCenterX() - GetCenterX())),
 2999              		.loc 18 235 13 is_stmt 1 view .LVU645
 236:../../libDaisy/src/hid/disp/graphics_common.h ****                         int16_t(other.GetBottom() - height_),
 3000              		.loc 18 236 17 view .LVU646
ARM GAS  /tmp/ccM1IMph.s 			page 103


 3001              	.LBB1107:
 3002              	.LBI1107:
  62:../../libDaisy/src/hid/disp/graphics_common.h ****     int16_t GetCenterY() const { return y_ + height_ / 2; }
 3003              		.loc 18 62 13 view .LVU647
 3004              	.LBB1108:
  62:../../libDaisy/src/hid/disp/graphics_common.h ****     int16_t GetCenterY() const { return y_ + height_ / 2; }
 3005              		.loc 18 62 34 view .LVU648
  62:../../libDaisy/src/hid/disp/graphics_common.h ****     int16_t GetCenterY() const { return y_ + height_ / 2; }
 3006              		.loc 18 62 34 is_stmt 0 view .LVU649
 3007              	.LBE1108:
 3008              	.LBE1107:
 3009              	.LBB1110:
 3010              	.LBI1110:
  62:../../libDaisy/src/hid/disp/graphics_common.h ****     int16_t GetCenterY() const { return y_ + height_ / 2; }
 3011              		.loc 18 62 13 is_stmt 1 view .LVU650
 3012              	.LBB1111:
  62:../../libDaisy/src/hid/disp/graphics_common.h ****     int16_t GetCenterY() const { return y_ + height_ / 2; }
 3013              		.loc 18 62 34 view .LVU651
  62:../../libDaisy/src/hid/disp/graphics_common.h ****     int16_t GetCenterY() const { return y_ + height_ / 2; }
 3014              		.loc 18 62 34 is_stmt 0 view .LVU652
 3015              	.LBE1111:
 3016              	.LBE1110:
 3017              	.LBB1112:
 3018              	.LBB1109:
  62:../../libDaisy/src/hid/disp/graphics_common.h ****     int16_t GetCenterY() const { return y_ + height_ / 2; }
 3019              		.loc 18 62 53 view .LVU653
 3020 02e6 B4F90410 		ldrsh	r1, [r4, #4]
 3021              	.LVL197:
  62:../../libDaisy/src/hid/disp/graphics_common.h ****     int16_t GetCenterY() const { return y_ + height_ / 2; }
 3022              		.loc 18 62 44 view .LVU654
 3023 02ea 2788     		ldrh	r7, [r4]
  62:../../libDaisy/src/hid/disp/graphics_common.h ****     int16_t GetCenterY() const { return y_ + height_ / 2; }
 3024              		.loc 18 62 53 view .LVU655
 3025 02ec 0029     		cmp	r1, #0
 3026 02ee B8BF     		it	lt
 3027 02f0 0131     		addlt	r1, r1, #1
  62:../../libDaisy/src/hid/disp/graphics_common.h ****     int16_t GetCenterY() const { return y_ + height_ / 2; }
 3028              		.loc 18 62 44 view .LVU656
 3029 02f2 07EB6107 		add	r7, r7, r1, asr #1
 3030              	.LBE1109:
 3031              	.LBE1112:
 236:../../libDaisy/src/hid/disp/graphics_common.h ****                         int16_t(other.GetBottom() - height_),
 3032              		.loc 18 236 58 view .LVU657
 3033 02f6 A7EB6307 		sub	r7, r7, r3, asr #1
 3034              	.L212:
 3035              	.LBB1113:
 3036              	.LBB1114:
  61:../../libDaisy/src/hid/disp/graphics_common.h ****     int16_t GetCenterX() const { return x_ + width_ / 2; }
 3037              		.loc 18 61 43 view .LVU658
 3038 02fa B4F802C0 		ldrh	ip, [r4, #2]
 3039              	.LBE1114:
 3040              	.LBE1113:
 236:../../libDaisy/src/hid/disp/graphics_common.h ****                         int16_t(other.GetBottom() - height_),
 3041              		.loc 18 236 58 view .LVU659
 3042 02fe BFB2     		uxth	r7, r7
 3043              	.LVL198:
 3044              	.LBB1117:
ARM GAS  /tmp/ccM1IMph.s 			page 104


 3045              	.LBI1113:
  61:../../libDaisy/src/hid/disp/graphics_common.h ****     int16_t GetCenterX() const { return x_ + width_ / 2; }
 3046              		.loc 18 61 13 is_stmt 1 view .LVU660
 3047              	.LBB1115:
  61:../../libDaisy/src/hid/disp/graphics_common.h ****     int16_t GetCenterX() const { return x_ + width_ / 2; }
 3048              		.loc 18 61 33 view .LVU661
  61:../../libDaisy/src/hid/disp/graphics_common.h ****     int16_t GetCenterX() const { return x_ + width_ / 2; }
 3049              		.loc 18 61 43 is_stmt 0 view .LVU662
 3050 0300 E488     		ldrh	r4, [r4, #6]
 3051              	.LVL199:
  61:../../libDaisy/src/hid/disp/graphics_common.h ****     int16_t GetCenterX() const { return x_ + width_ / 2; }
 3052              		.loc 18 61 43 view .LVU663
 3053              	.LBE1115:
 3054              	.LBE1117:
 3055              	.LBB1118:
 3056              	.LBB1119:
 3057              	.LBB1120:
  32:../../libDaisy/src/hid/disp/graphics_common.h ****     {
 3058              		.loc 18 32 66 view .LVU664
 3059 0302 0699     		ldr	r1, [sp, #24]
 3060              	.LBE1120:
 3061              	.LBE1119:
 3062              	.LBE1118:
 3063              	.LBB1132:
 3064              	.LBB1116:
  61:../../libDaisy/src/hid/disp/graphics_common.h ****     int16_t GetCenterX() const { return x_ + width_ / 2; }
 3065              		.loc 18 61 43 view .LVU665
 3066 0304 6444     		add	r4, r4, ip
 3067              	.LBE1116:
 3068              	.LBE1132:
 3069              	.LBB1133:
 3070              	.LBB1127:
 3071              	.LBB1123:
  32:../../libDaisy/src/hid/disp/graphics_common.h ****     {
 3072              		.loc 18 32 66 view .LVU666
 3073 0306 8B80     		strh	r3, [r1, #4]	@ movhi
 3074              	.LBE1123:
 3075              	.LBE1127:
 3076              	.LBE1133:
 237:../../libDaisy/src/hid/disp/graphics_common.h ****                         width_,
 3077              		.loc 18 237 51 view .LVU667
 3078 0308 201A     		subs	r0, r4, r0
 3079              	.LBB1134:
 3080              	.LBB1128:
 3081              	.LBB1124:
  32:../../libDaisy/src/hid/disp/graphics_common.h ****     {
 3082              		.loc 18 32 66 view .LVU668
 3083 030a CA80     		strh	r2, [r1, #6]	@ movhi
 3084 030c 0F80     		strh	r7, [r1]	@ movhi
 3085              	.LBE1124:
 3086              	.LBE1128:
 3087              	.LBE1134:
 237:../../libDaisy/src/hid/disp/graphics_common.h ****                         width_,
 3088              		.loc 18 237 51 view .LVU669
 3089 030e 84B2     		uxth	r4, r0
 3090              	.LVL200:
 3091              	.LBB1135:
ARM GAS  /tmp/ccM1IMph.s 			page 105


 3092              	.LBI1118:
  31:../../libDaisy/src/hid/disp/graphics_common.h ****     : x_(x), y_(y), width_(max(0, width)), height_(max(0, height))
 3093              		.loc 18 31 5 is_stmt 1 view .LVU670
 3094              	.LBB1129:
 3095              	.LBB1125:
  32:../../libDaisy/src/hid/disp/graphics_common.h ****     {
 3096              		.loc 18 32 66 is_stmt 0 view .LVU671
 3097 0310 4C80     		strh	r4, [r1, #2]	@ movhi
 3098              	.LVL201:
 3099              	.LBB1121:
 3100              	.LBI1121:
 3101              		.loc 18 261 13 is_stmt 1 view .LVU672
 3102              	.LBE1121:
 3103              	.LBE1125:
 3104              	.LBE1129:
 3105              	.LBE1135:
 3106              	.LBE1186:
 3107              	.LBE1264:
 3108              		.loc 18 261 41 view .LVU673
 3109              	.LBB1265:
 3110              	.LBB1187:
 3111              	.LBB1136:
 3112              	.LBB1130:
 3113              	.LBB1126:
 3114              	.LBB1122:
 3115              	.LBI1122:
 3116              		.loc 18 261 13 view .LVU674
 3117              	.LBE1122:
 3118              	.LBE1126:
 3119              	.LBE1130:
 3120              	.LBE1136:
 3121              	.LBE1187:
 3122              	.LBE1265:
 3123              		.loc 18 261 41 view .LVU675
 3124              	.LBB1266:
 3125              	.LBB1188:
 3126              	.LBB1137:
 3127              	.LBB1131:
  34:../../libDaisy/src/hid/disp/graphics_common.h **** 
 3128              		.loc 18 34 5 is_stmt 0 view .LVU676
 3129 0312 B7E6     		b	.L152
 3130              	.LVL202:
 3131              	.L145:
  34:../../libDaisy/src/hid/disp/graphics_common.h **** 
 3132              		.loc 18 34 5 view .LVU677
 3133              	.LBE1131:
 3134              	.LBE1137:
 230:../../libDaisy/src/hid/disp/graphics_common.h ****                 return {int16_t(other.GetRight() - width_),
 3135              		.loc 18 230 13 is_stmt 1 view .LVU678
 231:../../libDaisy/src/hid/disp/graphics_common.h ****                         int16_t(other.GetBottom() - height_),
 3136              		.loc 18 231 17 view .LVU679
 3137              	.LBB1138:
 3138              	.LBI1138:
  60:../../libDaisy/src/hid/disp/graphics_common.h ****     int16_t GetBottom() const { return y_ + height_; }
 3139              		.loc 18 60 13 view .LVU680
 3140              	.LBB1139:
  60:../../libDaisy/src/hid/disp/graphics_common.h ****     int16_t GetBottom() const { return y_ + height_; }
ARM GAS  /tmp/ccM1IMph.s 			page 106


 3141              		.loc 18 60 32 view .LVU681
  60:../../libDaisy/src/hid/disp/graphics_common.h ****     int16_t GetBottom() const { return y_ + height_; }
 3142              		.loc 18 60 42 is_stmt 0 view .LVU682
 3143 0314 2788     		ldrh	r7, [r4]
 3144 0316 A188     		ldrh	r1, [r4, #4]
 3145              	.LVL203:
  60:../../libDaisy/src/hid/disp/graphics_common.h ****     int16_t GetBottom() const { return y_ + height_; }
 3146              		.loc 18 60 42 view .LVU683
 3147 0318 0F44     		add	r7, r7, r1
 3148              	.LBE1139:
 3149              	.LBE1138:
 231:../../libDaisy/src/hid/disp/graphics_common.h ****                         int16_t(other.GetBottom() - height_),
 3150              		.loc 18 231 50 view .LVU684
 3151 031a FF1A     		subs	r7, r7, r3
 3152 031c EDE7     		b	.L212
 3153              	.L225:
 3154 031e 00BF     		.align	2
 3155              	.L224:
 3156 0320 00000000 		.word	_ZNK5daisy11OledDisplayINS_13SSD130xDriverILj128ELj64ENS_24SSD130x4WireSpiTransportEEEE5Widt
 3157 0324 00000000 		.word	_ZNK5daisy11OledDisplayINS_13SSD130xDriverILj128ELj64ENS_24SSD130x4WireSpiTransportEEEE6Heig
 3158              	.LVL204:
 3159              	.L144:
 240:../../libDaisy/src/hid/disp/graphics_common.h ****                 return {other.x_,
 3160              		.loc 18 240 13 is_stmt 1 view .LVU685
 241:../../libDaisy/src/hid/disp/graphics_common.h ****                         int16_t(y_ + (other.GetCenterY() - GetCenterY())),
 3161              		.loc 18 241 17 view .LVU686
 3162              	.LBB1140:
 3163              	.LBB1141:
  63:../../libDaisy/src/hid/disp/graphics_common.h **** 
 3164              		.loc 18 63 54 is_stmt 0 view .LVU687
 3165 0328 B4F90610 		ldrsh	r1, [r4, #6]
 3166              	.LVL205:
  63:../../libDaisy/src/hid/disp/graphics_common.h **** 
 3167              		.loc 18 63 44 view .LVU688
 3168 032c B4F802C0 		ldrh	ip, [r4, #2]
  63:../../libDaisy/src/hid/disp/graphics_common.h **** 
 3169              		.loc 18 63 54 view .LVU689
 3170 0330 0029     		cmp	r1, #0
 3171              	.LBE1141:
 3172              	.LBE1140:
 241:../../libDaisy/src/hid/disp/graphics_common.h ****                         int16_t(y_ + (other.GetCenterY() - GetCenterY())),
 3173              		.loc 18 241 31 view .LVU690
 3174 0332 B4F90070 		ldrsh	r7, [r4]
 3175              	.LVL206:
 3176              	.LBB1145:
 3177              	.LBI1140:
  63:../../libDaisy/src/hid/disp/graphics_common.h **** 
 3178              		.loc 18 63 13 is_stmt 1 view .LVU691
 3179              	.LBB1142:
  63:../../libDaisy/src/hid/disp/graphics_common.h **** 
 3180              		.loc 18 63 34 view .LVU692
  63:../../libDaisy/src/hid/disp/graphics_common.h **** 
 3181              		.loc 18 63 34 is_stmt 0 view .LVU693
 3182              	.LBE1142:
 3183              	.LBE1145:
 3184              	.LBB1146:
 3185              	.LBI1146:
ARM GAS  /tmp/ccM1IMph.s 			page 107


  63:../../libDaisy/src/hid/disp/graphics_common.h **** 
 3186              		.loc 18 63 13 is_stmt 1 view .LVU694
 3187              	.LBB1147:
  63:../../libDaisy/src/hid/disp/graphics_common.h **** 
 3188              		.loc 18 63 34 view .LVU695
  63:../../libDaisy/src/hid/disp/graphics_common.h **** 
 3189              		.loc 18 63 34 is_stmt 0 view .LVU696
 3190              	.LBE1147:
 3191              	.LBE1146:
 3192              	.LBB1148:
 3193              	.LBB1149:
 3194              	.LBB1150:
  32:../../libDaisy/src/hid/disp/graphics_common.h ****     {
 3195              		.loc 18 32 66 view .LVU697
 3196 0336 0698     		ldr	r0, [sp, #24]
 3197              	.LBE1150:
 3198              	.LBE1149:
 3199              	.LBE1148:
 3200              	.LBB1162:
 3201              	.LBB1143:
  63:../../libDaisy/src/hid/disp/graphics_common.h **** 
 3202              		.loc 18 63 54 view .LVU698
 3203 0338 B8BF     		it	lt
 3204 033a 0131     		addlt	r1, r1, #1
 3205              	.LBE1143:
 3206              	.LBE1162:
 3207              	.LBB1163:
 3208              	.LBB1157:
 3209              	.LBB1153:
  32:../../libDaisy/src/hid/disp/graphics_common.h ****     {
 3210              		.loc 18 32 66 view .LVU699
 3211 033c C280     		strh	r2, [r0, #6]	@ movhi
 3212              	.LBE1153:
 3213              	.LBE1157:
 3214              	.LBE1163:
 3215              	.LBB1164:
 3216              	.LBB1144:
  63:../../libDaisy/src/hid/disp/graphics_common.h **** 
 3217              		.loc 18 63 44 view .LVU700
 3218 033e 0CEB6104 		add	r4, ip, r1, asr #1
 3219              	.LVL207:
  63:../../libDaisy/src/hid/disp/graphics_common.h **** 
 3220              		.loc 18 63 44 view .LVU701
 3221              	.LBE1144:
 3222              	.LBE1164:
 3223              	.LBB1165:
 3224              	.LBB1158:
 3225              	.LBB1154:
  32:../../libDaisy/src/hid/disp/graphics_common.h ****     {
 3226              		.loc 18 32 66 view .LVU702
 3227 0342 0780     		strh	r7, [r0]	@ movhi
 3228 0344 8380     		strh	r3, [r0, #4]	@ movhi
 3229              	.LBE1154:
 3230              	.LBE1158:
 3231              	.LBE1165:
 3232              	.LBE1188:
 3233              	.LBE1266:
ARM GAS  /tmp/ccM1IMph.s 			page 108


 468:../../libDaisy/src/hid/disp/display.h ****         ((ChildType*)(this))->ChildType::WriteString(str, font, on);
 3234              		.loc 3 468 18 view .LVU703
 3235 0346 BFB2     		uxth	r7, r7
 3236              	.LBB1267:
 3237              	.LBB1189:
 242:../../libDaisy/src/hid/disp/graphics_common.h ****                         width_,
 3238              		.loc 18 242 58 view .LVU704
 3239 0348 A4EB5202 		sub	r2, r4, r2, lsr #1
 3240 034c 94B2     		uxth	r4, r2
 3241              	.LVL208:
 3242              	.LBB1166:
 3243              	.LBI1148:
  31:../../libDaisy/src/hid/disp/graphics_common.h ****     : x_(x), y_(y), width_(max(0, width)), height_(max(0, height))
 3244              		.loc 18 31 5 is_stmt 1 view .LVU705
 3245              	.LBB1159:
 3246              	.LBB1155:
  32:../../libDaisy/src/hid/disp/graphics_common.h ****     {
 3247              		.loc 18 32 66 is_stmt 0 view .LVU706
 3248 034e 4480     		strh	r4, [r0, #2]	@ movhi
 3249              	.LVL209:
 3250              	.LBB1151:
 3251              	.LBI1151:
 3252              		.loc 18 261 13 is_stmt 1 view .LVU707
 3253              	.LBE1151:
 3254              	.LBE1155:
 3255              	.LBE1159:
 3256              	.LBE1166:
 3257              	.LBE1189:
 3258              	.LBE1267:
 3259              		.loc 18 261 41 view .LVU708
 3260              	.LBB1268:
 3261              	.LBB1190:
 3262              	.LBB1167:
 3263              	.LBB1160:
 3264              	.LBB1156:
 3265              	.LBB1152:
 3266              	.LBI1152:
 3267              		.loc 18 261 13 view .LVU709
 3268              	.LBE1152:
 3269              	.LBE1156:
 3270              	.LBE1160:
 3271              	.LBE1167:
 3272              	.LBE1190:
 3273              	.LBE1268:
 3274              		.loc 18 261 41 view .LVU710
 3275              	.LBB1269:
 3276              	.LBB1191:
 3277              	.LBB1168:
 3278              	.LBB1161:
  34:../../libDaisy/src/hid/disp/graphics_common.h **** 
 3279              		.loc 18 34 5 is_stmt 0 view .LVU711
 3280 0350 98E6     		b	.L152
 3281              	.LVL210:
 3282              	.L172:
  34:../../libDaisy/src/hid/disp/graphics_common.h **** 
 3283              		.loc 18 34 5 view .LVU712
 3284              	.LBE1161:
ARM GAS  /tmp/ccM1IMph.s 			page 109


 3285              	.LBE1168:
 3286              	.LBE1191:
 3287              	.LBE1269:
 3288              	.LBB1270:
 3289              	.LBB1248:
 3290              	.LBB1245:
 3291              	.LBB1244:
 402:../../libDaisy/src/hid/disp/display.h **** 
 3292              		.loc 3 402 20 view .LVU713
 3293 0352 4FF0000B 		mov	fp, #0
 3294              	.LVL211:
 402:../../libDaisy/src/hid/disp/display.h **** 
 3295              		.loc 3 402 20 view .LVU714
 3296 0356 69E7     		b	.L170
 3297              	.LVL212:
 3298              	.L217:
 405:../../libDaisy/src/hid/disp/display.h ****            || Height() < (currentY_ + font.FontHeight))
 3299              		.loc 3 405 17 view .LVU715
 3300 0358 4046     		mov	r0, r8
 3301 035a 9847     		blx	r3
 3302              	.LVL213:
 3303 035c D3E6     		b	.L171
 3304              	.L218:
 406:../../libDaisy/src/hid/disp/display.h ****         {
 3305              		.loc 3 406 21 view .LVU716
 3306 035e 4046     		mov	r0, r8
 3307 0360 9847     		blx	r3
 3308              	.LVL214:
 3309 0362 DEE6     		b	.L173
 3310              	.LVL215:
 3311              	.L222:
 3312              	.LBB1242:
 3313              	.LBB1238:
 174:../../libDaisy/src/hid/disp/display.h ****     }
 3314              		.loc 3 174 33 view .LVU717
 3315 0364 4046     		mov	r0, r8
 3316 0366 9847     		blx	r3
 3317              	.LVL216:
 3318 0368 51E7     		b	.L187
 3319              	.LVL217:
 3320              	.L220:
 173:../../libDaisy/src/hid/disp/display.h ****         currentY_ = (y >= Height()) ? Height() - 1 : y;
 3321              		.loc 3 173 32 view .LVU718
 3322 036a 4046     		mov	r0, r8
 3323 036c 9847     		blx	r3
 3324              	.LVL218:
 173:../../libDaisy/src/hid/disp/display.h ****         currentY_ = (y >= Height()) ? Height() - 1 : y;
 3325              		.loc 3 173 44 view .LVU719
 3326 036e D8F80020 		ldr	r2, [r8]
 3327 0372 3CE7     		b	.L184
 3328              	.LVL219:
 3329              	.L174:
 173:../../libDaisy/src/hid/disp/display.h ****         currentY_ = (y >= Height()) ? Height() - 1 : y;
 3330              		.loc 3 173 44 view .LVU720
 3331              	.LBE1238:
 3332              	.LBE1242:
 434:../../libDaisy/src/hid/disp/display.h **** 
ARM GAS  /tmp/ccM1IMph.s 			page 110


 3333              		.loc 3 434 19 view .LVU721
 3334 0374 B8F804A0 		ldrh	r10, [r8, #4]
 3335 0378 2EE7     		b	.L176
 3336              	.LVL220:
 3337              	.L223:
 3338              	.LBB1243:
 3339              	.LBB1239:
 174:../../libDaisy/src/hid/disp/display.h ****     }
 3340              		.loc 3 174 45 view .LVU722
 3341 037a 4046     		mov	r0, r8
 3342 037c 9847     		blx	r3
 3343              	.LVL221:
 174:../../libDaisy/src/hid/disp/display.h ****     }
 3344              		.loc 3 174 19 view .LVU723
 3345 037e 0138     		subs	r0, r0, #1
 3346 0380 83B2     		uxth	r3, r0
 3347 0382 0293     		str	r3, [sp, #8]
 3348              	.LVL222:
 174:../../libDaisy/src/hid/disp/display.h ****     }
 3349              		.loc 3 174 19 view .LVU724
 3350 0384 4FE7     		b	.L188
 3351              	.LVL223:
 3352              	.L221:
 173:../../libDaisy/src/hid/disp/display.h ****         currentY_ = (y >= Height()) ? Height() - 1 : y;
 3353              		.loc 3 173 43 view .LVU725
 3354 0386 4046     		mov	r0, r8
 3355 0388 9847     		blx	r3
 3356              	.LVL224:
 173:../../libDaisy/src/hid/disp/display.h ****         currentY_ = (y >= Height()) ? Height() - 1 : y;
 3357              		.loc 3 173 19 view .LVU726
 3358 038a 0138     		subs	r0, r0, #1
 174:../../libDaisy/src/hid/disp/display.h ****     }
 3359              		.loc 3 174 34 view .LVU727
 3360 038c D8F80020 		ldr	r2, [r8]
 173:../../libDaisy/src/hid/disp/display.h ****         currentY_ = (y >= Height()) ? Height() - 1 : y;
 3361              		.loc 3 173 19 view .LVU728
 3362 0390 85B2     		uxth	r5, r0
 3363              	.LVL225:
 173:../../libDaisy/src/hid/disp/display.h ****         currentY_ = (y >= Height()) ? Height() - 1 : y;
 3364              		.loc 3 173 19 view .LVU729
 3365 0392 34E7     		b	.L185
 3366              	.LVL226:
 3367              	.L141:
 173:../../libDaisy/src/hid/disp/display.h ****         currentY_ = (y >= Height()) ? Height() - 1 : y;
 3368              		.loc 3 173 19 view .LVU730
 3369              	.LBE1239:
 3370              	.LBE1243:
 3371              	.LBE1244:
 3372              	.LBE1245:
 3373              	.LBE1248:
 3374              	.LBE1270:
 3375              	.LBB1271:
 3376              	.LBB1192:
 255:../../libDaisy/src/hid/disp/graphics_common.h ****         }
 3377              		.loc 18 255 13 is_stmt 1 view .LVU731
 255:../../libDaisy/src/hid/disp/graphics_common.h ****         }
 3378              		.loc 18 255 22 view .LVU732
ARM GAS  /tmp/ccM1IMph.s 			page 111


 3379              	.LBB1169:
 3380              	.LBI1169:
  24:../../libDaisy/src/hid/disp/graphics_common.h **** 
 3381              		.loc 18 24 5 view .LVU733
 3382              	.LBE1169:
 3383              	.LBE1192:
 3384              	.LBE1271:
 3385              	.LBB1272:
 3386              	.LBB1198:
 173:../../libDaisy/src/hid/disp/display.h ****         currentY_ = (y >= Height()) ? Height() - 1 : y;
 3387              		.loc 3 173 33 is_stmt 0 view .LVU734
 3388 0394 D8F80030 		ldr	r3, [r8]
 3389              	.LBE1198:
 3390              	.LBE1272:
 3391              	.LBB1273:
 3392              	.LBB1193:
 3393              	.LBB1171:
 3394              	.LBB1170:
  24:../../libDaisy/src/hid/disp/graphics_common.h **** 
 3395              		.loc 18 24 53 view .LVU735
 3396 0398 0024     		movs	r4, #0
 3397              	.LVL227:
  24:../../libDaisy/src/hid/disp/graphics_common.h **** 
 3398              		.loc 18 24 53 view .LVU736
 3399 039a 069A     		ldr	r2, [sp, #24]
 3400 039c 1249     		ldr	r1, .L226
 3401              	.LVL228:
  24:../../libDaisy/src/hid/disp/graphics_common.h **** 
 3402              		.loc 18 24 53 view .LVU737
 3403 039e 1480     		strh	r4, [r2]	@ movhi
 3404 03a0 5480     		strh	r4, [r2, #2]	@ movhi
 3405 03a2 9480     		strh	r4, [r2, #4]	@ movhi
 3406 03a4 D480     		strh	r4, [r2, #6]	@ movhi
 3407              	.LVL229:
  24:../../libDaisy/src/hid/disp/graphics_common.h **** 
 3408              		.loc 18 24 53 view .LVU738
 3409              	.LBE1170:
 3410              	.LBE1171:
 3411              	.LBE1193:
 3412              	.LBE1273:
  56:../../libDaisy/src/hid/disp/graphics_common.h ****     int16_t GetY() const { return y_; }
 3413              		.loc 18 56 28 is_stmt 1 view .LVU739
  57:../../libDaisy/src/hid/disp/graphics_common.h ****     int16_t GetWidth() const { return width_; }
 3414              		.loc 18 57 28 view .LVU740
 3415              	.LBB1274:
 171:../../libDaisy/src/hid/disp/display.h ****     {
 3416              		.loc 3 171 10 view .LVU741
 3417              	.LBB1199:
 173:../../libDaisy/src/hid/disp/display.h ****         currentY_ = (y >= Height()) ? Height() - 1 : y;
 3418              		.loc 3 173 9 view .LVU742
 173:../../libDaisy/src/hid/disp/display.h ****         currentY_ = (y >= Height()) ? Height() - 1 : y;
 3419              		.loc 3 173 33 is_stmt 0 view .LVU743
 3420 03a6 DA68     		ldr	r2, [r3, #12]
 3421 03a8 0191     		str	r1, [sp, #4]
 3422 03aa 8A42     		cmp	r2, r1
 3423 03ac 05D0     		beq	.L159
 3424 03ae 2746     		mov	r7, r4
ARM GAS  /tmp/ccM1IMph.s 			page 112


 3425              	.LVL230:
 3426              	.L160:
 173:../../libDaisy/src/hid/disp/display.h ****         currentY_ = (y >= Height()) ? Height() - 1 : y;
 3427              		.loc 3 173 32 view .LVU744
 3428 03b0 4046     		mov	r0, r8
 3429 03b2 9047     		blx	r2
 3430              	.LVL231:
 173:../../libDaisy/src/hid/disp/display.h ****         currentY_ = (y >= Height()) ? Height() - 1 : y;
 3431              		.loc 3 173 44 view .LVU745
 3432 03b4 D8F80030 		ldr	r3, [r8]
 3433 03b8 6EE6     		b	.L161
 3434              	.LVL232:
 3435              	.L159:
 174:../../libDaisy/src/hid/disp/display.h ****     }
 3436              		.loc 3 174 34 view .LVU746
 3437 03ba 9B68     		ldr	r3, [r3, #8]
 3438 03bc 0B4A     		ldr	r2, .L226+4
 173:../../libDaisy/src/hid/disp/display.h ****         currentY_ = (y >= Height()) ? Height() - 1 : y;
 3439              		.loc 3 173 19 view .LVU747
 3440 03be A8F80440 		strh	r4, [r8, #4]	@ movhi
 174:../../libDaisy/src/hid/disp/display.h ****     }
 3441              		.loc 3 174 9 is_stmt 1 view .LVU748
 3442 03c2 9342     		cmp	r3, r2
 3443 03c4 0392     		str	r2, [sp, #12]
 3444 03c6 3FF482AE 		beq	.L166
 3445              	.LVL233:
 3446              	.L192:
 174:../../libDaisy/src/hid/disp/display.h ****     }
 3447              		.loc 3 174 33 is_stmt 0 view .LVU749
 3448 03ca 4046     		mov	r0, r8
 3449 03cc 9847     		blx	r3
 3450              	.LVL234:
 3451 03ce 74E6     		b	.L164
 3452              	.L216:
 174:../../libDaisy/src/hid/disp/display.h ****     }
 3453              		.loc 3 174 45 view .LVU750
 3454 03d0 4046     		mov	r0, r8
 3455 03d2 9847     		blx	r3
 3456              	.LVL235:
 174:../../libDaisy/src/hid/disp/display.h ****     }
 3457              		.loc 3 174 19 view .LVU751
 3458 03d4 0138     		subs	r0, r0, #1
 3459 03d6 84B2     		uxth	r4, r0
 3460 03d8 79E6     		b	.L166
 3461              	.L215:
 173:../../libDaisy/src/hid/disp/display.h ****         currentY_ = (y >= Height()) ? Height() - 1 : y;
 3462              		.loc 3 173 43 view .LVU752
 3463 03da 4046     		mov	r0, r8
 3464 03dc 9047     		blx	r2
 3465              	.LVL236:
 173:../../libDaisy/src/hid/disp/display.h ****         currentY_ = (y >= Height()) ? Height() - 1 : y;
 3466              		.loc 3 173 19 view .LVU753
 3467 03de 0138     		subs	r0, r0, #1
 174:../../libDaisy/src/hid/disp/display.h ****     }
 3468              		.loc 3 174 34 view .LVU754
 3469 03e0 D8F80030 		ldr	r3, [r8]
 173:../../libDaisy/src/hid/disp/display.h ****         currentY_ = (y >= Height()) ? Height() - 1 : y;
ARM GAS  /tmp/ccM1IMph.s 			page 113


 3470              		.loc 3 173 19 view .LVU755
 3471 03e4 87B2     		uxth	r7, r0
 3472 03e6 5FE6     		b	.L162
 3473              	.L227:
 3474              		.align	2
 3475              	.L226:
 3476 03e8 00000000 		.word	_ZNK5daisy11OledDisplayINS_13SSD130xDriverILj128ELj64ENS_24SSD130x4WireSpiTransportEEEE5Widt
 3477 03ec 00000000 		.word	_ZNK5daisy11OledDisplayINS_13SSD130xDriverILj128ELj64ENS_24SSD130x4WireSpiTransportEEEE6Heig
 3478              	.LBE1199:
 3479              	.LBE1274:
 3480              		.cfi_endproc
 3481              	.LFE5345:
 3483              		.section	.text._ZN5daisy11OledDisplayINS_13SSD130xDriverILj128ELj64ENS_24SSD130x4WireSpiTransportE
 3484              		.align	1
 3485              		.p2align 2,,3
 3486              		.weak	_ZN5daisy11OledDisplayINS_13SSD130xDriverILj128ELj64ENS_24SSD130x4WireSpiTransportEEEE9DrawP
 3487              		.syntax unified
 3488              		.thumb
 3489              		.thumb_func
 3490              		.fpu fpv5-d16
 3492              	_ZN5daisy11OledDisplayINS_13SSD130xDriverILj128ELj64ENS_24SSD130x4WireSpiTransportEEEE9DrawPixelEjj
 3493              	.LVL237:
 3494              	.LFB5232:
  42:../../libDaisy/src/hid/disp/oled_display.h ****     {
 3495              		.loc 2 42 10 is_stmt 1 view -0
 3496              		.cfi_startproc
 3497              		@ args = 0, pretend = 0, frame = 0
 3498              		@ frame_needed = 0, uses_anonymous_args = 0
 3499              		@ link register save eliminated.
 3500              	.LBB1279:
 3501              	.LBI1279:
 352:../../libDaisy/src/dev/oled_ssd130x.h ****     {
 3502              		.loc 16 352 10 view .LVU757
 3503              	.LBB1280:
 354:../../libDaisy/src/dev/oled_ssd130x.h ****             return;
 3504              		.loc 16 354 9 is_stmt 0 view .LVU758
 3505 0000 7F29     		cmp	r1, #127
 3506 0002 1ED8     		bhi	.L228
 3507 0004 3F2A     		cmp	r2, #63
 3508 0006 1CD8     		bhi	.L228
 356:../../libDaisy/src/dev/oled_ssd130x.h ****             buffer_[x + (y / 8) * width] |= (1 << (y % 8));
 3509              		.loc 16 356 9 view .LVU759
 3510 0008 6BB1     		cbz	r3, .L230
 357:../../libDaisy/src/dev/oled_ssd130x.h ****         else
 3511              		.loc 16 357 28 view .LVU760
 3512 000a D308     		lsrs	r3, r2, #3
 3513              	.LVL238:
 357:../../libDaisy/src/dev/oled_ssd130x.h ****         else
 3514              		.loc 16 357 48 view .LVU761
 3515 000c 4FF0010C 		mov	ip, #1
 357:../../libDaisy/src/dev/oled_ssd130x.h ****         else
 3516              		.loc 16 357 54 view .LVU762
 3517 0010 02F00702 		and	r2, r2, #7
 3518              	.LVL239:
 357:../../libDaisy/src/dev/oled_ssd130x.h ****         else
 3519              		.loc 16 357 42 view .LVU763
 3520 0014 01EBC313 		add	r3, r1, r3, lsl #7
ARM GAS  /tmp/ccM1IMph.s 			page 114


 357:../../libDaisy/src/dev/oled_ssd130x.h ****         else
 3521              		.loc 16 357 48 view .LVU764
 3522 0018 0CFA02F2 		lsl	r2, ip, r2
 357:../../libDaisy/src/dev/oled_ssd130x.h ****         else
 3523              		.loc 16 357 42 view .LVU765
 3524 001c C118     		adds	r1, r0, r3
 3525              	.LVL240:
 357:../../libDaisy/src/dev/oled_ssd130x.h ****         else
 3526              		.loc 16 357 42 view .LVU766
 3527 001e 0B7D     		ldrb	r3, [r1, #20]	@ zero_extendqisi2
 3528 0020 1A43     		orrs	r2, r2, r3
 3529 0022 0A75     		strb	r2, [r1, #20]
 3530 0024 7047     		bx	lr
 3531              	.LVL241:
 3532              	.L230:
 3533              	.LBB1281:
 3534              	.LBI1281:
 352:../../libDaisy/src/dev/oled_ssd130x.h ****     {
 3535              		.loc 16 352 10 is_stmt 1 view .LVU767
 3536              	.LBB1282:
 359:../../libDaisy/src/dev/oled_ssd130x.h ****     }
 3537              		.loc 16 359 28 is_stmt 0 view .LVU768
 3538 0026 D308     		lsrs	r3, r2, #3
 3539              	.LVL242:
 359:../../libDaisy/src/dev/oled_ssd130x.h ****     }
 3540              		.loc 16 359 49 view .LVU769
 3541 0028 4FF0010C 		mov	ip, #1
 359:../../libDaisy/src/dev/oled_ssd130x.h ****     }
 3542              		.loc 16 359 55 view .LVU770
 3543 002c 02F00702 		and	r2, r2, #7
 3544              	.LVL243:
 359:../../libDaisy/src/dev/oled_ssd130x.h ****     }
 3545              		.loc 16 359 42 view .LVU771
 3546 0030 01EBC313 		add	r3, r1, r3, lsl #7
 359:../../libDaisy/src/dev/oled_ssd130x.h ****     }
 3547              		.loc 16 359 49 view .LVU772
 3548 0034 0CFA02FC 		lsl	ip, ip, r2
 359:../../libDaisy/src/dev/oled_ssd130x.h ****     }
 3549              		.loc 16 359 42 view .LVU773
 3550 0038 C118     		adds	r1, r0, r3
 3551              	.LVL244:
 359:../../libDaisy/src/dev/oled_ssd130x.h ****     }
 3552              		.loc 16 359 42 view .LVU774
 3553 003a 0A7D     		ldrb	r2, [r1, #20]	@ zero_extendqisi2
 3554 003c 22EA0C02 		bic	r2, r2, ip
 3555 0040 0A75     		strb	r2, [r1, #20]
 3556              	.LVL245:
 3557              	.L228:
 359:../../libDaisy/src/dev/oled_ssd130x.h ****     }
 3558              		.loc 16 359 42 view .LVU775
 3559              	.LBE1282:
 3560              	.LBE1281:
 3561              	.LBE1280:
 3562              	.LBE1279:
  45:../../libDaisy/src/hid/disp/oled_display.h **** 
 3563              		.loc 2 45 5 view .LVU776
 3564 0042 7047     		bx	lr
ARM GAS  /tmp/ccM1IMph.s 			page 115


 3565              		.cfi_endproc
 3566              	.LFE5232:
 3568              		.section	.text._ZN5daisy25OneBitGraphicsDisplayImplINS_11OledDisplayINS_13SSD130xDriverILj128ELj64
 3569              		.align	1
 3570              		.p2align 2,,3
 3571              		.weak	_ZN5daisy25OneBitGraphicsDisplayImplINS_11OledDisplayINS_13SSD130xDriverILj128ELj64ENS_24SSD
 3572              		.syntax unified
 3573              		.thumb
 3574              		.thumb_func
 3575              		.fpu fpv5-d16
 3577              	_ZN5daisy25OneBitGraphicsDisplayImplINS_11OledDisplayINS_13SSD130xDriverILj128ELj64ENS_24SSD130x4Wi
 3578              	.LVL246:
 3579              	.LFB5342:
 221:../../libDaisy/src/hid/disp/display.h ****                   uint_fast8_t y1,
 3580              		.loc 3 221 10 is_stmt 1 view -0
 3581              		.cfi_startproc
 3582              		@ args = 8, pretend = 0, frame = 8
 3583              		@ frame_needed = 0, uses_anonymous_args = 0
 221:../../libDaisy/src/hid/disp/display.h ****                   uint_fast8_t y1,
 3584              		.loc 3 221 10 is_stmt 0 view .LVU778
 3585 0000 2DE9F04F 		push	{r4, r5, r6, r7, r8, r9, r10, fp, lr}
 3586              		.cfi_def_cfa_offset 36
 3587              		.cfi_offset 4, -36
 3588              		.cfi_offset 5, -32
 3589              		.cfi_offset 6, -28
 3590              		.cfi_offset 7, -24
 3591              		.cfi_offset 8, -20
 3592              		.cfi_offset 9, -16
 3593              		.cfi_offset 10, -12
 3594              		.cfi_offset 11, -8
 3595              		.cfi_offset 14, -4
 3596 0004 83B0     		sub	sp, sp, #12
 3597              		.cfi_def_cfa_offset 48
 227:../../libDaisy/src/hid/disp/display.h ****         int_fast16_t deltaY = abs((int_fast16_t)y2 - (int_fast16_t)y1);
 3598              		.loc 3 227 52 view .LVU779
 3599 0006 5C1A     		subs	r4, r3, r1
 221:../../libDaisy/src/hid/disp/display.h ****                   uint_fast8_t y1,
 3600              		.loc 3 221 10 view .LVU780
 3601 0008 0C9E     		ldr	r6, [sp, #48]
 227:../../libDaisy/src/hid/disp/display.h ****         int_fast16_t deltaY = abs((int_fast16_t)y2 - (int_fast16_t)y1);
 3602              		.loc 3 227 22 view .LVU781
 3603 000a 002C     		cmp	r4, #0
 221:../../libDaisy/src/hid/disp/display.h ****                   uint_fast8_t y1,
 3604              		.loc 3 221 10 view .LVU782
 3605 000c 9DF83490 		ldrb	r9, [sp, #52]	@ zero_extendqisi2
 228:../../libDaisy/src/hid/disp/display.h ****         int_fast16_t signX  = ((x1 < x2) ? 1 : -1);
 3606              		.loc 3 228 52 view .LVU783
 3607 0010 A6EB0208 		sub	r8, r6, r2
 227:../../libDaisy/src/hid/disp/display.h ****         int_fast16_t deltaY = abs((int_fast16_t)y2 - (int_fast16_t)y1);
 3608              		.loc 3 227 22 view .LVU784
 3609 0014 B8BF     		it	lt
 3610 0016 6442     		rsblt	r4, r4, #0
 3611              	.LVL247:
 228:../../libDaisy/src/hid/disp/display.h ****         int_fast16_t signX  = ((x1 < x2) ? 1 : -1);
 3612              		.loc 3 228 22 view .LVU785
 3613 0018 B8F1000F 		cmp	r8, #0
 3614 001c B8BF     		it	lt
ARM GAS  /tmp/ccM1IMph.s 			page 116


 3615 001e C8F10008 		rsblt	r8, r8, #0
 3616              	.LVL248:
 229:../../libDaisy/src/hid/disp/display.h ****         int_fast16_t signY  = ((y1 < y2) ? 1 : -1);
 3617              		.loc 3 229 42 view .LVU786
 3618 0022 8B42     		cmp	r3, r1
 3619 0024 8CBF     		ite	hi
 3620 0026 4FF0010A 		movhi	r10, #1
 3621 002a 4FF0FF3A 		movls	r10, #-1
 3622              	.LVL249:
 230:../../libDaisy/src/hid/disp/display.h ****         int_fast16_t error  = deltaX - deltaY;
 3623              		.loc 3 230 42 view .LVU787
 3624 002e 9642     		cmp	r6, r2
 231:../../libDaisy/src/hid/disp/display.h ****         int_fast16_t error2;
 3625              		.loc 3 231 22 view .LVU788
 3626 0030 A4EB080C 		sub	ip, r4, r8
 230:../../libDaisy/src/hid/disp/display.h ****         int_fast16_t error  = deltaX - deltaY;
 3627              		.loc 3 230 42 view .LVU789
 3628 0034 51D8     		bhi	.L233
 3629              	.LVL250:
 3630              	.LBB1299:
 3631              	.LBI1299:
  42:../../libDaisy/src/hid/disp/oled_display.h ****     {
 3632              		.loc 2 42 10 is_stmt 1 discriminator 4 view .LVU790
 3633              	.LBB1300:
 3634              	.LBI1300:
 352:../../libDaisy/src/dev/oled_ssd130x.h ****     {
 3635              		.loc 16 352 10 discriminator 4 view .LVU791
 3636              	.LBE1300:
 3637              	.LBE1299:
 230:../../libDaisy/src/hid/disp/display.h ****         int_fast16_t error  = deltaX - deltaY;
 3638              		.loc 3 230 42 is_stmt 0 discriminator 4 view .LVU792
 3639 0036 4FF0FF35 		mov	r5, #-1
 3640              	.LBB1316:
 3641              	.LBB1310:
 3642              	.LBB1301:
 354:../../libDaisy/src/dev/oled_ssd130x.h ****             return;
 3643              		.loc 16 354 9 discriminator 4 view .LVU793
 3644 003a 7F2B     		cmp	r3, #127
 3645              	.LBE1301:
 3646              	.LBE1310:
 3647              	.LBE1316:
 230:../../libDaisy/src/hid/disp/display.h ****         int_fast16_t error  = deltaX - deltaY;
 3648              		.loc 3 230 42 discriminator 4 view .LVU794
 3649 003c 0195     		str	r5, [sp, #4]
 3650              	.LBB1317:
 3651              	.LBB1311:
 3652              	.LBB1306:
 354:../../libDaisy/src/dev/oled_ssd130x.h ****             return;
 3653              		.loc 16 354 9 discriminator 4 view .LVU795
 3654 003e 12D8     		bhi	.L234
 3655 0040 3F2E     		cmp	r6, #63
 3656 0042 10D8     		bhi	.L234
 3657              	.LVL251:
 3658              	.L245:
 357:../../libDaisy/src/dev/oled_ssd130x.h ****         else
 3659              		.loc 16 357 28 view .LVU796
 3660 0044 F508     		lsrs	r5, r6, #3
ARM GAS  /tmp/ccM1IMph.s 			page 117


 357:../../libDaisy/src/dev/oled_ssd130x.h ****         else
 3661              		.loc 16 357 54 view .LVU797
 3662 0046 06F0070E 		and	lr, r6, #7
 357:../../libDaisy/src/dev/oled_ssd130x.h ****         else
 3663              		.loc 16 357 48 view .LVU798
 3664 004a 0127     		movs	r7, #1
 357:../../libDaisy/src/dev/oled_ssd130x.h ****         else
 3665              		.loc 16 357 42 view .LVU799
 3666 004c 03EBC515 		add	r5, r3, r5, lsl #7
 3667 0050 0544     		add	r5, r5, r0
 356:../../libDaisy/src/dev/oled_ssd130x.h ****             buffer_[x + (y / 8) * width] |= (1 << (y % 8));
 3668              		.loc 16 356 9 view .LVU800
 3669 0052 B9F1000F 		cmp	r9, #0
 3670 0056 47D0     		beq	.L235
 357:../../libDaisy/src/dev/oled_ssd130x.h ****         else
 3671              		.loc 16 357 48 view .LVU801
 3672 0058 07FA0EF7 		lsl	r7, r7, lr
 357:../../libDaisy/src/dev/oled_ssd130x.h ****         else
 3673              		.loc 16 357 42 view .LVU802
 3674 005c 95F814E0 		ldrb	lr, [r5, #20]	@ zero_extendqisi2
 3675 0060 47EA0E07 		orr	r7, r7, lr
 3676 0064 2F75     		strb	r7, [r5, #20]
 3677              	.LVL252:
 3678              	.L234:
 357:../../libDaisy/src/dev/oled_ssd130x.h ****         else
 3679              		.loc 16 357 42 view .LVU803
 3680              	.LBE1306:
 3681              	.LBE1311:
 3682              	.LBE1317:
 239:../../libDaisy/src/hid/disp/display.h ****         {
 3683              		.loc 3 239 26 is_stmt 1 view .LVU804
 3684 0066 9642     		cmp	r6, r2
 3685 0068 01D1     		bne	.L238
 3686              	.L257:
 239:../../libDaisy/src/hid/disp/display.h ****         {
 3687              		.loc 3 239 26 is_stmt 0 view .LVU805
 3688 006a 8B42     		cmp	r3, r1
 3689 006c 29D0     		beq	.L231
 3690              	.L238:
 3691              	.LVL253:
 243:../../libDaisy/src/hid/disp/display.h ****             {
 3692              		.loc 3 243 23 view .LVU806
 3693 006e C8F10007 		rsb	r7, r8, #0
 3694              	.L240:
 3695              	.LVL254:
 3696              	.LBB1318:
 3697              	.LBI1318:
  42:../../libDaisy/src/hid/disp/oled_display.h ****     {
 3698              		.loc 2 42 10 is_stmt 1 view .LVU807
 3699              	.LBB1319:
 3700              	.LBI1319:
 352:../../libDaisy/src/dev/oled_ssd130x.h ****     {
 3701              		.loc 16 352 10 view .LVU808
 3702              	.LBB1320:
 354:../../libDaisy/src/dev/oled_ssd130x.h ****             return;
 3703              		.loc 16 354 9 is_stmt 0 view .LVU809
 3704 0072 7F29     		cmp	r1, #127
ARM GAS  /tmp/ccM1IMph.s 			page 118


 3705 0074 14D8     		bhi	.L241
 3706 0076 3F2A     		cmp	r2, #63
 3707 0078 12D8     		bhi	.L241
 357:../../libDaisy/src/dev/oled_ssd130x.h ****         else
 3708              		.loc 16 357 28 view .LVU810
 3709 007a D508     		lsrs	r5, r2, #3
 357:../../libDaisy/src/dev/oled_ssd130x.h ****         else
 3710              		.loc 16 357 54 view .LVU811
 3711 007c 02F0070B 		and	fp, r2, #7
 357:../../libDaisy/src/dev/oled_ssd130x.h ****         else
 3712              		.loc 16 357 48 view .LVU812
 3713 0080 4FF0010E 		mov	lr, #1
 357:../../libDaisy/src/dev/oled_ssd130x.h ****         else
 3714              		.loc 16 357 42 view .LVU813
 3715 0084 01EBC515 		add	r5, r1, r5, lsl #7
 3716 0088 0544     		add	r5, r5, r0
 356:../../libDaisy/src/dev/oled_ssd130x.h ****             buffer_[x + (y / 8) * width] |= (1 << (y % 8));
 3717              		.loc 16 356 9 view .LVU814
 3718 008a B9F1000F 		cmp	r9, #0
 3719 008e 1BD0     		beq	.L242
 357:../../libDaisy/src/dev/oled_ssd130x.h ****         else
 3720              		.loc 16 357 48 view .LVU815
 3721 0090 0EFA0BFE 		lsl	lr, lr, fp
 357:../../libDaisy/src/dev/oled_ssd130x.h ****         else
 3722              		.loc 16 357 42 view .LVU816
 3723 0094 95F814B0 		ldrb	fp, [r5, #20]	@ zero_extendqisi2
 3724 0098 4EEA0B0E 		orr	lr, lr, fp
 3725 009c 85F814E0 		strb	lr, [r5, #20]
 3726              	.L241:
 3727              	.LVL255:
 357:../../libDaisy/src/dev/oled_ssd130x.h ****         else
 3728              		.loc 16 357 42 view .LVU817
 3729              	.LBE1320:
 3730              	.LBE1319:
 3731              	.LBE1318:
 243:../../libDaisy/src/hid/disp/display.h ****             {
 3732              		.loc 3 243 13 view .LVU818
 3733 00a0 B7EB4C0F 		cmp	r7, ip, lsl #1
 242:../../libDaisy/src/hid/disp/display.h ****             if(error2 > -deltaY)
 3734              		.loc 3 242 20 view .LVU819
 3735 00a4 4FEA4C05 		lsl	r5, ip, #1
 3736              	.LVL256:
 243:../../libDaisy/src/hid/disp/display.h ****             {
 3737              		.loc 3 243 13 view .LVU820
 3738 00a8 02DA     		bge	.L243
 245:../../libDaisy/src/hid/disp/display.h ****                 x1 += signX;
 3739              		.loc 3 245 23 view .LVU821
 3740 00aa ACEB080C 		sub	ip, ip, r8
 3741              	.LVL257:
 246:../../libDaisy/src/hid/disp/display.h ****             }
 3742              		.loc 3 246 20 view .LVU822
 3743 00ae 5144     		add	r1, r1, r10
 3744              	.LVL258:
 3745              	.L243:
 249:../../libDaisy/src/hid/disp/display.h ****             {
 3746              		.loc 3 249 13 view .LVU823
 3747 00b0 AC42     		cmp	r4, r5
ARM GAS  /tmp/ccM1IMph.s 			page 119


 3748 00b2 02DD     		ble	.L244
 252:../../libDaisy/src/hid/disp/display.h ****             }
 3749              		.loc 3 252 20 view .LVU824
 3750 00b4 019D     		ldr	r5, [sp, #4]
 3751              	.LVL259:
 251:../../libDaisy/src/hid/disp/display.h ****                 y1 += signY;
 3752              		.loc 3 251 23 view .LVU825
 3753 00b6 A444     		add	ip, ip, r4
 3754              	.LVL260:
 252:../../libDaisy/src/hid/disp/display.h ****             }
 3755              		.loc 3 252 20 view .LVU826
 3756 00b8 2A44     		add	r2, r2, r5
 3757              	.LVL261:
 3758              	.L244:
 239:../../libDaisy/src/hid/disp/display.h ****         {
 3759              		.loc 3 239 26 is_stmt 1 view .LVU827
 3760 00ba 9942     		cmp	r1, r3
 3761 00bc D9D1     		bne	.L240
 239:../../libDaisy/src/hid/disp/display.h ****         {
 3762              		.loc 3 239 26 is_stmt 0 view .LVU828
 3763 00be 9642     		cmp	r6, r2
 3764 00c0 D7D1     		bne	.L240
 3765              	.L231:
 255:../../libDaisy/src/hid/disp/display.h **** 
 3766              		.loc 3 255 5 view .LVU829
 3767 00c2 03B0     		add	sp, sp, #12
 3768              		.cfi_remember_state
 3769              		.cfi_def_cfa_offset 36
 3770              		@ sp needed
 3771 00c4 BDE8F08F 		pop	{r4, r5, r6, r7, r8, r9, r10, fp, pc}
 3772              	.LVL262:
 3773              	.L242:
 3774              		.cfi_restore_state
 3775              	.LBB1325:
 3776              	.LBB1324:
 3777              	.LBB1323:
 3778              	.LBB1321:
 3779              	.LBI1321:
 352:../../libDaisy/src/dev/oled_ssd130x.h ****     {
 3780              		.loc 16 352 10 is_stmt 1 view .LVU830
 3781              	.LBB1322:
 359:../../libDaisy/src/dev/oled_ssd130x.h ****     }
 3782              		.loc 16 359 49 is_stmt 0 view .LVU831
 3783 00c8 0EFA0BFB 		lsl	fp, lr, fp
 359:../../libDaisy/src/dev/oled_ssd130x.h ****     }
 3784              		.loc 16 359 42 view .LVU832
 3785 00cc 95F814E0 		ldrb	lr, [r5, #20]	@ zero_extendqisi2
 3786 00d0 2EEA0B0E 		bic	lr, lr, fp
 3787 00d4 85F814E0 		strb	lr, [r5, #20]
 3788 00d8 E2E7     		b	.L241
 3789              	.LVL263:
 3790              	.L233:
 359:../../libDaisy/src/dev/oled_ssd130x.h ****     }
 3791              		.loc 16 359 42 view .LVU833
 3792              	.LBE1322:
 3793              	.LBE1321:
 3794              	.LBE1323:
ARM GAS  /tmp/ccM1IMph.s 			page 120


 3795              	.LBE1324:
 3796              	.LBE1325:
 3797              	.LBB1326:
  42:../../libDaisy/src/hid/disp/oled_display.h ****     {
 3798              		.loc 2 42 10 is_stmt 1 view .LVU834
 3799              	.LBB1312:
 352:../../libDaisy/src/dev/oled_ssd130x.h ****     {
 3800              		.loc 16 352 10 view .LVU835
 3801              	.LBE1312:
 3802              	.LBE1326:
 230:../../libDaisy/src/hid/disp/display.h ****         int_fast16_t error  = deltaX - deltaY;
 3803              		.loc 3 230 42 is_stmt 0 view .LVU836
 3804 00da 0125     		movs	r5, #1
 3805              	.LBB1327:
 3806              	.LBB1313:
 3807              	.LBB1307:
 354:../../libDaisy/src/dev/oled_ssd130x.h ****             return;
 3808              		.loc 16 354 9 view .LVU837
 3809 00dc 7F2B     		cmp	r3, #127
 3810              	.LBE1307:
 3811              	.LBE1313:
 3812              	.LBE1327:
 230:../../libDaisy/src/hid/disp/display.h ****         int_fast16_t error  = deltaX - deltaY;
 3813              		.loc 3 230 42 view .LVU838
 3814 00de 0195     		str	r5, [sp, #4]
 3815              	.LBB1328:
 3816              	.LBB1314:
 3817              	.LBB1308:
 354:../../libDaisy/src/dev/oled_ssd130x.h ****             return;
 3818              		.loc 16 354 9 view .LVU839
 3819 00e0 C5D8     		bhi	.L238
 3820 00e2 3F2E     		cmp	r6, #63
 3821 00e4 AED9     		bls	.L245
 3822 00e6 C2E7     		b	.L238
 3823              	.LVL264:
 3824              	.L235:
 3825              	.LBB1302:
 3826              	.LBI1302:
 352:../../libDaisy/src/dev/oled_ssd130x.h ****     {
 3827              		.loc 16 352 10 is_stmt 1 view .LVU840
 3828              	.LBB1303:
 359:../../libDaisy/src/dev/oled_ssd130x.h ****     }
 3829              		.loc 16 359 49 is_stmt 0 view .LVU841
 3830 00e8 07FA0EFE 		lsl	lr, r7, lr
 359:../../libDaisy/src/dev/oled_ssd130x.h ****     }
 3831              		.loc 16 359 42 view .LVU842
 3832 00ec 2F7D     		ldrb	r7, [r5, #20]	@ zero_extendqisi2
 3833              	.LBE1303:
 3834              	.LBE1302:
 3835              	.LBE1308:
 3836              	.LBE1314:
 3837              	.LBE1328:
 239:../../libDaisy/src/hid/disp/display.h ****         {
 3838              		.loc 3 239 26 view .LVU843
 3839 00ee 9642     		cmp	r6, r2
 3840              	.LBB1329:
 3841              	.LBB1315:
ARM GAS  /tmp/ccM1IMph.s 			page 121


 3842              	.LBB1309:
 3843              	.LBB1305:
 3844              	.LBB1304:
 359:../../libDaisy/src/dev/oled_ssd130x.h ****     }
 3845              		.loc 16 359 42 view .LVU844
 3846 00f0 27EA0E07 		bic	r7, r7, lr
 3847 00f4 2F75     		strb	r7, [r5, #20]
 3848              	.LVL265:
 359:../../libDaisy/src/dev/oled_ssd130x.h ****     }
 3849              		.loc 16 359 42 view .LVU845
 3850              	.LBE1304:
 3851              	.LBE1305:
 3852              	.LBE1309:
 3853              	.LBE1315:
 3854              	.LBE1329:
 239:../../libDaisy/src/hid/disp/display.h ****         {
 3855              		.loc 3 239 26 is_stmt 1 view .LVU846
 3856 00f6 B8D0     		beq	.L257
 3857 00f8 B9E7     		b	.L238
 3858              		.cfi_endproc
 3859              	.LFE5342:
 3861 00fa 00BF     		.section	.text._ZN5daisy25OneBitGraphicsDisplayImplINS_11OledDisplayINS_13SSD130xDriverILj128ELj64
 3862              		.align	1
 3863              		.p2align 2,,3
 3864              		.weak	_ZN5daisy25OneBitGraphicsDisplayImplINS_11OledDisplayINS_13SSD130xDriverILj128ELj64ENS_24SSD
 3865              		.syntax unified
 3866              		.thumb
 3867              		.thumb_func
 3868              		.fpu fpv5-d16
 3870              	_ZN5daisy25OneBitGraphicsDisplayImplINS_11OledDisplayINS_13SSD130xDriverILj128ELj64ENS_24SSD130x4Wi
 3871              	.LVL266:
 3872              	.LFB5344:
 283:../../libDaisy/src/hid/disp/display.h ****                  uint_fast8_t y,
 3873              		.loc 3 283 10 view -0
 3874              		.cfi_startproc
 3875              		@ args = 12, pretend = 0, frame = 8
 3876              		@ frame_needed = 0, uses_anonymous_args = 0
 283:../../libDaisy/src/hid/disp/display.h ****                  uint_fast8_t y,
 3877              		.loc 3 283 10 is_stmt 0 view .LVU848
 3878 0000 2DE9F04F 		push	{r4, r5, r6, r7, r8, r9, r10, fp, lr}
 3879              		.cfi_def_cfa_offset 36
 3880              		.cfi_offset 4, -36
 3881              		.cfi_offset 5, -32
 3882              		.cfi_offset 6, -28
 3883              		.cfi_offset 7, -24
 3884              		.cfi_offset 8, -20
 3885              		.cfi_offset 9, -16
 3886              		.cfi_offset 10, -12
 3887              		.cfi_offset 11, -8
 3888              		.cfi_offset 14, -4
 3889 0004 2DED068B 		vpush.64	{d8, d9, d10}
 3890              		.cfi_def_cfa_offset 60
 3891              		.cfi_offset 80, -60
 3892              		.cfi_offset 81, -56
 3893              		.cfi_offset 82, -52
 3894              		.cfi_offset 83, -48
 3895              		.cfi_offset 84, -44
ARM GAS  /tmp/ccM1IMph.s 			page 122


 3896              		.cfi_offset 85, -40
 3897 0008 83B0     		sub	sp, sp, #12
 3898              		.cfi_def_cfa_offset 72
 283:../../libDaisy/src/hid/disp/display.h ****                  uint_fast8_t y,
 3899              		.loc 3 283 10 view .LVU849
 3900 000a 1F46     		mov	r7, r3
 3901 000c 8046     		mov	r8, r0
 3902 000e 0D46     		mov	r5, r1
 3903 0010 9DF85030 		ldrb	r3, [sp, #80]	@ zero_extendqisi2
 3904              	.LVL267:
 283:../../libDaisy/src/hid/disp/display.h ****                  uint_fast8_t y,
 3905              		.loc 3 283 10 view .LVU850
 3906 0014 1646     		mov	r6, r2
 3907 0016 0193     		str	r3, [sp, #4]
 306:../../libDaisy/src/hid/disp/display.h ****         {
 3908              		.loc 3 306 9 view .LVU851
 3909 0018 139B     		ldr	r3, [sp, #76]
 3910 001a 002B     		cmp	r3, #0
 3911 001c C0F22182 		blt	.L259
 313:../../libDaisy/src/hid/disp/display.h **** 
 3912              		.loc 3 313 27 view .LVU852
 3913 0020 129A     		ldr	r2, [sp, #72]
 3914              	.LVL268:
 313:../../libDaisy/src/hid/disp/display.h **** 
 3915              		.loc 3 313 27 view .LVU853
 3916 0022 1344     		add	r3, r3, r2
 3917 0024 06EE103A 		vmov	s12, r3	@ int
 3918              	.LVL269:
 3919              	.L260:
 312:../../libDaisy/src/hid/disp/display.h ****         end_angle_rad   = deg2rad(start_angle + sweep);
 3920              		.loc 3 312 27 view .LVU854
 3921 0028 DDED127A 		vldr.32	s15, [sp, #72]	@ int
 313:../../libDaisy/src/hid/disp/display.h **** 
 3922              		.loc 3 313 27 view .LVU855
 3923 002c B8EEC66B 		vcvt.f64.s32	d6, s12
 312:../../libDaisy/src/hid/disp/display.h ****         end_angle_rad   = deg2rad(start_angle + sweep);
 3924              		.loc 3 312 27 view .LVU856
 3925 0030 9FEDCD4B 		vldr.64	d4, .L335
 3926 0034 B8EEE77B 		vcvt.f64.s32	d7, s15
 3927 0038 9FEDCD5B 		vldr.64	d5, .L335+8
 3928 003c 27EE047B 		vmul.f64	d7, d7, d4
 313:../../libDaisy/src/hid/disp/display.h **** 
 3929              		.loc 3 313 27 view .LVU857
 3930 0040 26EE046B 		vmul.f64	d6, d6, d4
 312:../../libDaisy/src/hid/disp/display.h ****         end_angle_rad   = deg2rad(start_angle + sweep);
 3931              		.loc 3 312 27 view .LVU858
 3932 0044 87EE050B 		vdiv.f64	d0, d7, d5
 313:../../libDaisy/src/hid/disp/display.h **** 
 3933              		.loc 3 313 27 view .LVU859
 3934 0048 86EE05AB 		vdiv.f64	d10, d6, d5
 312:../../libDaisy/src/hid/disp/display.h ****         end_angle_rad   = deg2rad(start_angle + sweep);
 3935              		.loc 3 312 25 view .LVU860
 3936 004c F7EEC08B 		vcvt.f32.f64	s17, d0
 3937              	.LVL270:
 3938              	.LBB1362:
 3939              	.LBB1363:
 3940              		.file 19 "/usr/bin/gcc-arm-none-eabi-10-2020-q4-major/arm-none-eabi/include/c++/10.2.1/cmath"
ARM GAS  /tmp/ccM1IMph.s 			page 123


   1:/usr/bin/gcc-arm-none-eabi-10-2020-q4-major/arm-none-eabi/include/c++/10.2.1/cmath **** // -*- C++ -*- C forwarding header.
   2:/usr/bin/gcc-arm-none-eabi-10-2020-q4-major/arm-none-eabi/include/c++/10.2.1/cmath **** 
   3:/usr/bin/gcc-arm-none-eabi-10-2020-q4-major/arm-none-eabi/include/c++/10.2.1/cmath **** // Copyright (C) 1997-2020 Free Software Foundation, Inc.
   4:/usr/bin/gcc-arm-none-eabi-10-2020-q4-major/arm-none-eabi/include/c++/10.2.1/cmath **** //
   5:/usr/bin/gcc-arm-none-eabi-10-2020-q4-major/arm-none-eabi/include/c++/10.2.1/cmath **** // This file is part of the GNU ISO C++ Library.  This library is free
   6:/usr/bin/gcc-arm-none-eabi-10-2020-q4-major/arm-none-eabi/include/c++/10.2.1/cmath **** // software; you can redistribute it and/or modify it under the
   7:/usr/bin/gcc-arm-none-eabi-10-2020-q4-major/arm-none-eabi/include/c++/10.2.1/cmath **** // terms of the GNU General Public License as published by the
   8:/usr/bin/gcc-arm-none-eabi-10-2020-q4-major/arm-none-eabi/include/c++/10.2.1/cmath **** // Free Software Foundation; either version 3, or (at your option)
   9:/usr/bin/gcc-arm-none-eabi-10-2020-q4-major/arm-none-eabi/include/c++/10.2.1/cmath **** // any later version.
  10:/usr/bin/gcc-arm-none-eabi-10-2020-q4-major/arm-none-eabi/include/c++/10.2.1/cmath **** 
  11:/usr/bin/gcc-arm-none-eabi-10-2020-q4-major/arm-none-eabi/include/c++/10.2.1/cmath **** // This library is distributed in the hope that it will be useful,
  12:/usr/bin/gcc-arm-none-eabi-10-2020-q4-major/arm-none-eabi/include/c++/10.2.1/cmath **** // but WITHOUT ANY WARRANTY; without even the implied warranty of
  13:/usr/bin/gcc-arm-none-eabi-10-2020-q4-major/arm-none-eabi/include/c++/10.2.1/cmath **** // MERCHANTABILITY or FITNESS FOR A PARTICULAR PURPOSE.  See the
  14:/usr/bin/gcc-arm-none-eabi-10-2020-q4-major/arm-none-eabi/include/c++/10.2.1/cmath **** // GNU General Public License for more details.
  15:/usr/bin/gcc-arm-none-eabi-10-2020-q4-major/arm-none-eabi/include/c++/10.2.1/cmath **** 
  16:/usr/bin/gcc-arm-none-eabi-10-2020-q4-major/arm-none-eabi/include/c++/10.2.1/cmath **** // Under Section 7 of GPL version 3, you are granted additional
  17:/usr/bin/gcc-arm-none-eabi-10-2020-q4-major/arm-none-eabi/include/c++/10.2.1/cmath **** // permissions described in the GCC Runtime Library Exception, version
  18:/usr/bin/gcc-arm-none-eabi-10-2020-q4-major/arm-none-eabi/include/c++/10.2.1/cmath **** // 3.1, as published by the Free Software Foundation.
  19:/usr/bin/gcc-arm-none-eabi-10-2020-q4-major/arm-none-eabi/include/c++/10.2.1/cmath **** 
  20:/usr/bin/gcc-arm-none-eabi-10-2020-q4-major/arm-none-eabi/include/c++/10.2.1/cmath **** // You should have received a copy of the GNU General Public License and
  21:/usr/bin/gcc-arm-none-eabi-10-2020-q4-major/arm-none-eabi/include/c++/10.2.1/cmath **** // a copy of the GCC Runtime Library Exception along with this program;
  22:/usr/bin/gcc-arm-none-eabi-10-2020-q4-major/arm-none-eabi/include/c++/10.2.1/cmath **** // see the files COPYING3 and COPYING.RUNTIME respectively.  If not, see
  23:/usr/bin/gcc-arm-none-eabi-10-2020-q4-major/arm-none-eabi/include/c++/10.2.1/cmath **** // <http://www.gnu.org/licenses/>.
  24:/usr/bin/gcc-arm-none-eabi-10-2020-q4-major/arm-none-eabi/include/c++/10.2.1/cmath **** 
  25:/usr/bin/gcc-arm-none-eabi-10-2020-q4-major/arm-none-eabi/include/c++/10.2.1/cmath **** /** @file include/cmath
  26:/usr/bin/gcc-arm-none-eabi-10-2020-q4-major/arm-none-eabi/include/c++/10.2.1/cmath ****  *  This is a Standard C++ Library file.  You should @c \#include this file
  27:/usr/bin/gcc-arm-none-eabi-10-2020-q4-major/arm-none-eabi/include/c++/10.2.1/cmath ****  *  in your programs, rather than any of the @a *.h implementation files.
  28:/usr/bin/gcc-arm-none-eabi-10-2020-q4-major/arm-none-eabi/include/c++/10.2.1/cmath ****  *
  29:/usr/bin/gcc-arm-none-eabi-10-2020-q4-major/arm-none-eabi/include/c++/10.2.1/cmath ****  *  This is the C++ version of the Standard C Library header @c math.h,
  30:/usr/bin/gcc-arm-none-eabi-10-2020-q4-major/arm-none-eabi/include/c++/10.2.1/cmath ****  *  and its contents are (mostly) the same as that header, but are all
  31:/usr/bin/gcc-arm-none-eabi-10-2020-q4-major/arm-none-eabi/include/c++/10.2.1/cmath ****  *  contained in the namespace @c std (except for names which are defined
  32:/usr/bin/gcc-arm-none-eabi-10-2020-q4-major/arm-none-eabi/include/c++/10.2.1/cmath ****  *  as macros in C).
  33:/usr/bin/gcc-arm-none-eabi-10-2020-q4-major/arm-none-eabi/include/c++/10.2.1/cmath ****  */
  34:/usr/bin/gcc-arm-none-eabi-10-2020-q4-major/arm-none-eabi/include/c++/10.2.1/cmath **** 
  35:/usr/bin/gcc-arm-none-eabi-10-2020-q4-major/arm-none-eabi/include/c++/10.2.1/cmath **** //
  36:/usr/bin/gcc-arm-none-eabi-10-2020-q4-major/arm-none-eabi/include/c++/10.2.1/cmath **** // ISO C++ 14882: 26.5  C library
  37:/usr/bin/gcc-arm-none-eabi-10-2020-q4-major/arm-none-eabi/include/c++/10.2.1/cmath **** //
  38:/usr/bin/gcc-arm-none-eabi-10-2020-q4-major/arm-none-eabi/include/c++/10.2.1/cmath **** 
  39:/usr/bin/gcc-arm-none-eabi-10-2020-q4-major/arm-none-eabi/include/c++/10.2.1/cmath **** #pragma GCC system_header
  40:/usr/bin/gcc-arm-none-eabi-10-2020-q4-major/arm-none-eabi/include/c++/10.2.1/cmath **** 
  41:/usr/bin/gcc-arm-none-eabi-10-2020-q4-major/arm-none-eabi/include/c++/10.2.1/cmath **** #include <bits/c++config.h>
  42:/usr/bin/gcc-arm-none-eabi-10-2020-q4-major/arm-none-eabi/include/c++/10.2.1/cmath **** #include <bits/cpp_type_traits.h>
  43:/usr/bin/gcc-arm-none-eabi-10-2020-q4-major/arm-none-eabi/include/c++/10.2.1/cmath **** #include <ext/type_traits.h>
  44:/usr/bin/gcc-arm-none-eabi-10-2020-q4-major/arm-none-eabi/include/c++/10.2.1/cmath **** #define _GLIBCXX_INCLUDE_NEXT_C_HEADERS
  45:/usr/bin/gcc-arm-none-eabi-10-2020-q4-major/arm-none-eabi/include/c++/10.2.1/cmath **** #include_next <math.h>
  46:/usr/bin/gcc-arm-none-eabi-10-2020-q4-major/arm-none-eabi/include/c++/10.2.1/cmath **** #undef _GLIBCXX_INCLUDE_NEXT_C_HEADERS
  47:/usr/bin/gcc-arm-none-eabi-10-2020-q4-major/arm-none-eabi/include/c++/10.2.1/cmath **** #include <bits/std_abs.h>
  48:/usr/bin/gcc-arm-none-eabi-10-2020-q4-major/arm-none-eabi/include/c++/10.2.1/cmath **** 
  49:/usr/bin/gcc-arm-none-eabi-10-2020-q4-major/arm-none-eabi/include/c++/10.2.1/cmath **** #ifndef _GLIBCXX_CMATH
  50:/usr/bin/gcc-arm-none-eabi-10-2020-q4-major/arm-none-eabi/include/c++/10.2.1/cmath **** #define _GLIBCXX_CMATH 1
  51:/usr/bin/gcc-arm-none-eabi-10-2020-q4-major/arm-none-eabi/include/c++/10.2.1/cmath **** 
  52:/usr/bin/gcc-arm-none-eabi-10-2020-q4-major/arm-none-eabi/include/c++/10.2.1/cmath **** // Get rid of those macros defined in <math.h> in lieu of real functions.
  53:/usr/bin/gcc-arm-none-eabi-10-2020-q4-major/arm-none-eabi/include/c++/10.2.1/cmath **** #undef div
  54:/usr/bin/gcc-arm-none-eabi-10-2020-q4-major/arm-none-eabi/include/c++/10.2.1/cmath **** #undef acos
  55:/usr/bin/gcc-arm-none-eabi-10-2020-q4-major/arm-none-eabi/include/c++/10.2.1/cmath **** #undef asin
  56:/usr/bin/gcc-arm-none-eabi-10-2020-q4-major/arm-none-eabi/include/c++/10.2.1/cmath **** #undef atan
  57:/usr/bin/gcc-arm-none-eabi-10-2020-q4-major/arm-none-eabi/include/c++/10.2.1/cmath **** #undef atan2
ARM GAS  /tmp/ccM1IMph.s 			page 124


  58:/usr/bin/gcc-arm-none-eabi-10-2020-q4-major/arm-none-eabi/include/c++/10.2.1/cmath **** #undef ceil
  59:/usr/bin/gcc-arm-none-eabi-10-2020-q4-major/arm-none-eabi/include/c++/10.2.1/cmath **** #undef cos
  60:/usr/bin/gcc-arm-none-eabi-10-2020-q4-major/arm-none-eabi/include/c++/10.2.1/cmath **** #undef cosh
  61:/usr/bin/gcc-arm-none-eabi-10-2020-q4-major/arm-none-eabi/include/c++/10.2.1/cmath **** #undef exp
  62:/usr/bin/gcc-arm-none-eabi-10-2020-q4-major/arm-none-eabi/include/c++/10.2.1/cmath **** #undef fabs
  63:/usr/bin/gcc-arm-none-eabi-10-2020-q4-major/arm-none-eabi/include/c++/10.2.1/cmath **** #undef floor
  64:/usr/bin/gcc-arm-none-eabi-10-2020-q4-major/arm-none-eabi/include/c++/10.2.1/cmath **** #undef fmod
  65:/usr/bin/gcc-arm-none-eabi-10-2020-q4-major/arm-none-eabi/include/c++/10.2.1/cmath **** #undef frexp
  66:/usr/bin/gcc-arm-none-eabi-10-2020-q4-major/arm-none-eabi/include/c++/10.2.1/cmath **** #undef ldexp
  67:/usr/bin/gcc-arm-none-eabi-10-2020-q4-major/arm-none-eabi/include/c++/10.2.1/cmath **** #undef log
  68:/usr/bin/gcc-arm-none-eabi-10-2020-q4-major/arm-none-eabi/include/c++/10.2.1/cmath **** #undef log10
  69:/usr/bin/gcc-arm-none-eabi-10-2020-q4-major/arm-none-eabi/include/c++/10.2.1/cmath **** #undef modf
  70:/usr/bin/gcc-arm-none-eabi-10-2020-q4-major/arm-none-eabi/include/c++/10.2.1/cmath **** #undef pow
  71:/usr/bin/gcc-arm-none-eabi-10-2020-q4-major/arm-none-eabi/include/c++/10.2.1/cmath **** #undef sin
  72:/usr/bin/gcc-arm-none-eabi-10-2020-q4-major/arm-none-eabi/include/c++/10.2.1/cmath **** #undef sinh
  73:/usr/bin/gcc-arm-none-eabi-10-2020-q4-major/arm-none-eabi/include/c++/10.2.1/cmath **** #undef sqrt
  74:/usr/bin/gcc-arm-none-eabi-10-2020-q4-major/arm-none-eabi/include/c++/10.2.1/cmath **** #undef tan
  75:/usr/bin/gcc-arm-none-eabi-10-2020-q4-major/arm-none-eabi/include/c++/10.2.1/cmath **** #undef tanh
  76:/usr/bin/gcc-arm-none-eabi-10-2020-q4-major/arm-none-eabi/include/c++/10.2.1/cmath **** 
  77:/usr/bin/gcc-arm-none-eabi-10-2020-q4-major/arm-none-eabi/include/c++/10.2.1/cmath **** extern "C++"
  78:/usr/bin/gcc-arm-none-eabi-10-2020-q4-major/arm-none-eabi/include/c++/10.2.1/cmath **** {
  79:/usr/bin/gcc-arm-none-eabi-10-2020-q4-major/arm-none-eabi/include/c++/10.2.1/cmath **** namespace std _GLIBCXX_VISIBILITY(default)
  80:/usr/bin/gcc-arm-none-eabi-10-2020-q4-major/arm-none-eabi/include/c++/10.2.1/cmath **** {
  81:/usr/bin/gcc-arm-none-eabi-10-2020-q4-major/arm-none-eabi/include/c++/10.2.1/cmath **** _GLIBCXX_BEGIN_NAMESPACE_VERSION
  82:/usr/bin/gcc-arm-none-eabi-10-2020-q4-major/arm-none-eabi/include/c++/10.2.1/cmath **** 
  83:/usr/bin/gcc-arm-none-eabi-10-2020-q4-major/arm-none-eabi/include/c++/10.2.1/cmath ****   using ::acos;
  84:/usr/bin/gcc-arm-none-eabi-10-2020-q4-major/arm-none-eabi/include/c++/10.2.1/cmath **** 
  85:/usr/bin/gcc-arm-none-eabi-10-2020-q4-major/arm-none-eabi/include/c++/10.2.1/cmath **** #ifndef __CORRECT_ISO_CPP_MATH_H_PROTO
  86:/usr/bin/gcc-arm-none-eabi-10-2020-q4-major/arm-none-eabi/include/c++/10.2.1/cmath ****   inline _GLIBCXX_CONSTEXPR float
  87:/usr/bin/gcc-arm-none-eabi-10-2020-q4-major/arm-none-eabi/include/c++/10.2.1/cmath ****   acos(float __x)
  88:/usr/bin/gcc-arm-none-eabi-10-2020-q4-major/arm-none-eabi/include/c++/10.2.1/cmath ****   { return __builtin_acosf(__x); }
  89:/usr/bin/gcc-arm-none-eabi-10-2020-q4-major/arm-none-eabi/include/c++/10.2.1/cmath **** 
  90:/usr/bin/gcc-arm-none-eabi-10-2020-q4-major/arm-none-eabi/include/c++/10.2.1/cmath ****   inline _GLIBCXX_CONSTEXPR long double
  91:/usr/bin/gcc-arm-none-eabi-10-2020-q4-major/arm-none-eabi/include/c++/10.2.1/cmath ****   acos(long double __x)
  92:/usr/bin/gcc-arm-none-eabi-10-2020-q4-major/arm-none-eabi/include/c++/10.2.1/cmath ****   { return __builtin_acosl(__x); }
  93:/usr/bin/gcc-arm-none-eabi-10-2020-q4-major/arm-none-eabi/include/c++/10.2.1/cmath **** #endif
  94:/usr/bin/gcc-arm-none-eabi-10-2020-q4-major/arm-none-eabi/include/c++/10.2.1/cmath **** 
  95:/usr/bin/gcc-arm-none-eabi-10-2020-q4-major/arm-none-eabi/include/c++/10.2.1/cmath ****   template<typename _Tp>
  96:/usr/bin/gcc-arm-none-eabi-10-2020-q4-major/arm-none-eabi/include/c++/10.2.1/cmath ****     inline _GLIBCXX_CONSTEXPR
  97:/usr/bin/gcc-arm-none-eabi-10-2020-q4-major/arm-none-eabi/include/c++/10.2.1/cmath ****     typename __gnu_cxx::__enable_if<__is_integer<_Tp>::__value, 
  98:/usr/bin/gcc-arm-none-eabi-10-2020-q4-major/arm-none-eabi/include/c++/10.2.1/cmath ****                                     double>::__type
  99:/usr/bin/gcc-arm-none-eabi-10-2020-q4-major/arm-none-eabi/include/c++/10.2.1/cmath ****     acos(_Tp __x)
 100:/usr/bin/gcc-arm-none-eabi-10-2020-q4-major/arm-none-eabi/include/c++/10.2.1/cmath ****     { return __builtin_acos(__x); }
 101:/usr/bin/gcc-arm-none-eabi-10-2020-q4-major/arm-none-eabi/include/c++/10.2.1/cmath **** 
 102:/usr/bin/gcc-arm-none-eabi-10-2020-q4-major/arm-none-eabi/include/c++/10.2.1/cmath ****   using ::asin;
 103:/usr/bin/gcc-arm-none-eabi-10-2020-q4-major/arm-none-eabi/include/c++/10.2.1/cmath **** 
 104:/usr/bin/gcc-arm-none-eabi-10-2020-q4-major/arm-none-eabi/include/c++/10.2.1/cmath **** #ifndef __CORRECT_ISO_CPP_MATH_H_PROTO
 105:/usr/bin/gcc-arm-none-eabi-10-2020-q4-major/arm-none-eabi/include/c++/10.2.1/cmath ****   inline _GLIBCXX_CONSTEXPR float
 106:/usr/bin/gcc-arm-none-eabi-10-2020-q4-major/arm-none-eabi/include/c++/10.2.1/cmath ****   asin(float __x)
 107:/usr/bin/gcc-arm-none-eabi-10-2020-q4-major/arm-none-eabi/include/c++/10.2.1/cmath ****   { return __builtin_asinf(__x); }
 108:/usr/bin/gcc-arm-none-eabi-10-2020-q4-major/arm-none-eabi/include/c++/10.2.1/cmath **** 
 109:/usr/bin/gcc-arm-none-eabi-10-2020-q4-major/arm-none-eabi/include/c++/10.2.1/cmath ****   inline _GLIBCXX_CONSTEXPR long double
 110:/usr/bin/gcc-arm-none-eabi-10-2020-q4-major/arm-none-eabi/include/c++/10.2.1/cmath ****   asin(long double __x)
 111:/usr/bin/gcc-arm-none-eabi-10-2020-q4-major/arm-none-eabi/include/c++/10.2.1/cmath ****   { return __builtin_asinl(__x); }
 112:/usr/bin/gcc-arm-none-eabi-10-2020-q4-major/arm-none-eabi/include/c++/10.2.1/cmath **** #endif
 113:/usr/bin/gcc-arm-none-eabi-10-2020-q4-major/arm-none-eabi/include/c++/10.2.1/cmath **** 
 114:/usr/bin/gcc-arm-none-eabi-10-2020-q4-major/arm-none-eabi/include/c++/10.2.1/cmath ****   template<typename _Tp>
ARM GAS  /tmp/ccM1IMph.s 			page 125


 115:/usr/bin/gcc-arm-none-eabi-10-2020-q4-major/arm-none-eabi/include/c++/10.2.1/cmath ****     inline _GLIBCXX_CONSTEXPR
 116:/usr/bin/gcc-arm-none-eabi-10-2020-q4-major/arm-none-eabi/include/c++/10.2.1/cmath ****     typename __gnu_cxx::__enable_if<__is_integer<_Tp>::__value,
 117:/usr/bin/gcc-arm-none-eabi-10-2020-q4-major/arm-none-eabi/include/c++/10.2.1/cmath ****                                     double>::__type
 118:/usr/bin/gcc-arm-none-eabi-10-2020-q4-major/arm-none-eabi/include/c++/10.2.1/cmath ****     asin(_Tp __x)
 119:/usr/bin/gcc-arm-none-eabi-10-2020-q4-major/arm-none-eabi/include/c++/10.2.1/cmath ****     { return __builtin_asin(__x); }
 120:/usr/bin/gcc-arm-none-eabi-10-2020-q4-major/arm-none-eabi/include/c++/10.2.1/cmath **** 
 121:/usr/bin/gcc-arm-none-eabi-10-2020-q4-major/arm-none-eabi/include/c++/10.2.1/cmath ****   using ::atan;
 122:/usr/bin/gcc-arm-none-eabi-10-2020-q4-major/arm-none-eabi/include/c++/10.2.1/cmath **** 
 123:/usr/bin/gcc-arm-none-eabi-10-2020-q4-major/arm-none-eabi/include/c++/10.2.1/cmath **** #ifndef __CORRECT_ISO_CPP_MATH_H_PROTO
 124:/usr/bin/gcc-arm-none-eabi-10-2020-q4-major/arm-none-eabi/include/c++/10.2.1/cmath ****   inline _GLIBCXX_CONSTEXPR float
 125:/usr/bin/gcc-arm-none-eabi-10-2020-q4-major/arm-none-eabi/include/c++/10.2.1/cmath ****   atan(float __x)
 126:/usr/bin/gcc-arm-none-eabi-10-2020-q4-major/arm-none-eabi/include/c++/10.2.1/cmath ****   { return __builtin_atanf(__x); }
 127:/usr/bin/gcc-arm-none-eabi-10-2020-q4-major/arm-none-eabi/include/c++/10.2.1/cmath **** 
 128:/usr/bin/gcc-arm-none-eabi-10-2020-q4-major/arm-none-eabi/include/c++/10.2.1/cmath ****   inline _GLIBCXX_CONSTEXPR long double
 129:/usr/bin/gcc-arm-none-eabi-10-2020-q4-major/arm-none-eabi/include/c++/10.2.1/cmath ****   atan(long double __x)
 130:/usr/bin/gcc-arm-none-eabi-10-2020-q4-major/arm-none-eabi/include/c++/10.2.1/cmath ****   { return __builtin_atanl(__x); }
 131:/usr/bin/gcc-arm-none-eabi-10-2020-q4-major/arm-none-eabi/include/c++/10.2.1/cmath **** #endif
 132:/usr/bin/gcc-arm-none-eabi-10-2020-q4-major/arm-none-eabi/include/c++/10.2.1/cmath **** 
 133:/usr/bin/gcc-arm-none-eabi-10-2020-q4-major/arm-none-eabi/include/c++/10.2.1/cmath ****   template<typename _Tp>
 134:/usr/bin/gcc-arm-none-eabi-10-2020-q4-major/arm-none-eabi/include/c++/10.2.1/cmath ****     inline _GLIBCXX_CONSTEXPR
 135:/usr/bin/gcc-arm-none-eabi-10-2020-q4-major/arm-none-eabi/include/c++/10.2.1/cmath ****     typename __gnu_cxx::__enable_if<__is_integer<_Tp>::__value,
 136:/usr/bin/gcc-arm-none-eabi-10-2020-q4-major/arm-none-eabi/include/c++/10.2.1/cmath ****                                     double>::__type
 137:/usr/bin/gcc-arm-none-eabi-10-2020-q4-major/arm-none-eabi/include/c++/10.2.1/cmath ****     atan(_Tp __x)
 138:/usr/bin/gcc-arm-none-eabi-10-2020-q4-major/arm-none-eabi/include/c++/10.2.1/cmath ****     { return __builtin_atan(__x); }
 139:/usr/bin/gcc-arm-none-eabi-10-2020-q4-major/arm-none-eabi/include/c++/10.2.1/cmath **** 
 140:/usr/bin/gcc-arm-none-eabi-10-2020-q4-major/arm-none-eabi/include/c++/10.2.1/cmath ****   using ::atan2;
 141:/usr/bin/gcc-arm-none-eabi-10-2020-q4-major/arm-none-eabi/include/c++/10.2.1/cmath **** 
 142:/usr/bin/gcc-arm-none-eabi-10-2020-q4-major/arm-none-eabi/include/c++/10.2.1/cmath **** #ifndef __CORRECT_ISO_CPP_MATH_H_PROTO
 143:/usr/bin/gcc-arm-none-eabi-10-2020-q4-major/arm-none-eabi/include/c++/10.2.1/cmath ****   inline _GLIBCXX_CONSTEXPR float
 144:/usr/bin/gcc-arm-none-eabi-10-2020-q4-major/arm-none-eabi/include/c++/10.2.1/cmath ****   atan2(float __y, float __x)
 145:/usr/bin/gcc-arm-none-eabi-10-2020-q4-major/arm-none-eabi/include/c++/10.2.1/cmath ****   { return __builtin_atan2f(__y, __x); }
 146:/usr/bin/gcc-arm-none-eabi-10-2020-q4-major/arm-none-eabi/include/c++/10.2.1/cmath **** 
 147:/usr/bin/gcc-arm-none-eabi-10-2020-q4-major/arm-none-eabi/include/c++/10.2.1/cmath ****   inline _GLIBCXX_CONSTEXPR long double
 148:/usr/bin/gcc-arm-none-eabi-10-2020-q4-major/arm-none-eabi/include/c++/10.2.1/cmath ****   atan2(long double __y, long double __x)
 149:/usr/bin/gcc-arm-none-eabi-10-2020-q4-major/arm-none-eabi/include/c++/10.2.1/cmath ****   { return __builtin_atan2l(__y, __x); }
 150:/usr/bin/gcc-arm-none-eabi-10-2020-q4-major/arm-none-eabi/include/c++/10.2.1/cmath **** #endif
 151:/usr/bin/gcc-arm-none-eabi-10-2020-q4-major/arm-none-eabi/include/c++/10.2.1/cmath **** 
 152:/usr/bin/gcc-arm-none-eabi-10-2020-q4-major/arm-none-eabi/include/c++/10.2.1/cmath ****   template<typename _Tp, typename _Up>
 153:/usr/bin/gcc-arm-none-eabi-10-2020-q4-major/arm-none-eabi/include/c++/10.2.1/cmath ****     inline _GLIBCXX_CONSTEXPR
 154:/usr/bin/gcc-arm-none-eabi-10-2020-q4-major/arm-none-eabi/include/c++/10.2.1/cmath ****     typename __gnu_cxx::__promote_2<_Tp, _Up>::__type
 155:/usr/bin/gcc-arm-none-eabi-10-2020-q4-major/arm-none-eabi/include/c++/10.2.1/cmath ****     atan2(_Tp __y, _Up __x)
 156:/usr/bin/gcc-arm-none-eabi-10-2020-q4-major/arm-none-eabi/include/c++/10.2.1/cmath ****     {
 157:/usr/bin/gcc-arm-none-eabi-10-2020-q4-major/arm-none-eabi/include/c++/10.2.1/cmath ****       typedef typename __gnu_cxx::__promote_2<_Tp, _Up>::__type __type;
 158:/usr/bin/gcc-arm-none-eabi-10-2020-q4-major/arm-none-eabi/include/c++/10.2.1/cmath ****       return atan2(__type(__y), __type(__x));
 159:/usr/bin/gcc-arm-none-eabi-10-2020-q4-major/arm-none-eabi/include/c++/10.2.1/cmath ****     }
 160:/usr/bin/gcc-arm-none-eabi-10-2020-q4-major/arm-none-eabi/include/c++/10.2.1/cmath **** 
 161:/usr/bin/gcc-arm-none-eabi-10-2020-q4-major/arm-none-eabi/include/c++/10.2.1/cmath ****   using ::ceil;
 162:/usr/bin/gcc-arm-none-eabi-10-2020-q4-major/arm-none-eabi/include/c++/10.2.1/cmath **** 
 163:/usr/bin/gcc-arm-none-eabi-10-2020-q4-major/arm-none-eabi/include/c++/10.2.1/cmath **** #ifndef __CORRECT_ISO_CPP_MATH_H_PROTO
 164:/usr/bin/gcc-arm-none-eabi-10-2020-q4-major/arm-none-eabi/include/c++/10.2.1/cmath ****   inline _GLIBCXX_CONSTEXPR float
 165:/usr/bin/gcc-arm-none-eabi-10-2020-q4-major/arm-none-eabi/include/c++/10.2.1/cmath ****   ceil(float __x)
 166:/usr/bin/gcc-arm-none-eabi-10-2020-q4-major/arm-none-eabi/include/c++/10.2.1/cmath ****   { return __builtin_ceilf(__x); }
 167:/usr/bin/gcc-arm-none-eabi-10-2020-q4-major/arm-none-eabi/include/c++/10.2.1/cmath **** 
 168:/usr/bin/gcc-arm-none-eabi-10-2020-q4-major/arm-none-eabi/include/c++/10.2.1/cmath ****   inline _GLIBCXX_CONSTEXPR long double
 169:/usr/bin/gcc-arm-none-eabi-10-2020-q4-major/arm-none-eabi/include/c++/10.2.1/cmath ****   ceil(long double __x)
 170:/usr/bin/gcc-arm-none-eabi-10-2020-q4-major/arm-none-eabi/include/c++/10.2.1/cmath ****   { return __builtin_ceill(__x); }
 171:/usr/bin/gcc-arm-none-eabi-10-2020-q4-major/arm-none-eabi/include/c++/10.2.1/cmath **** #endif
ARM GAS  /tmp/ccM1IMph.s 			page 126


 172:/usr/bin/gcc-arm-none-eabi-10-2020-q4-major/arm-none-eabi/include/c++/10.2.1/cmath **** 
 173:/usr/bin/gcc-arm-none-eabi-10-2020-q4-major/arm-none-eabi/include/c++/10.2.1/cmath ****   template<typename _Tp>
 174:/usr/bin/gcc-arm-none-eabi-10-2020-q4-major/arm-none-eabi/include/c++/10.2.1/cmath ****     inline _GLIBCXX_CONSTEXPR
 175:/usr/bin/gcc-arm-none-eabi-10-2020-q4-major/arm-none-eabi/include/c++/10.2.1/cmath ****     typename __gnu_cxx::__enable_if<__is_integer<_Tp>::__value, 
 176:/usr/bin/gcc-arm-none-eabi-10-2020-q4-major/arm-none-eabi/include/c++/10.2.1/cmath ****                                     double>::__type
 177:/usr/bin/gcc-arm-none-eabi-10-2020-q4-major/arm-none-eabi/include/c++/10.2.1/cmath ****     ceil(_Tp __x)
 178:/usr/bin/gcc-arm-none-eabi-10-2020-q4-major/arm-none-eabi/include/c++/10.2.1/cmath ****     { return __builtin_ceil(__x); }
 179:/usr/bin/gcc-arm-none-eabi-10-2020-q4-major/arm-none-eabi/include/c++/10.2.1/cmath **** 
 180:/usr/bin/gcc-arm-none-eabi-10-2020-q4-major/arm-none-eabi/include/c++/10.2.1/cmath ****   using ::cos;
 181:/usr/bin/gcc-arm-none-eabi-10-2020-q4-major/arm-none-eabi/include/c++/10.2.1/cmath **** 
 182:/usr/bin/gcc-arm-none-eabi-10-2020-q4-major/arm-none-eabi/include/c++/10.2.1/cmath **** #ifndef __CORRECT_ISO_CPP_MATH_H_PROTO
 183:/usr/bin/gcc-arm-none-eabi-10-2020-q4-major/arm-none-eabi/include/c++/10.2.1/cmath ****   inline _GLIBCXX_CONSTEXPR float
 184:/usr/bin/gcc-arm-none-eabi-10-2020-q4-major/arm-none-eabi/include/c++/10.2.1/cmath ****   cos(float __x)
 185:/usr/bin/gcc-arm-none-eabi-10-2020-q4-major/arm-none-eabi/include/c++/10.2.1/cmath ****   { return __builtin_cosf(__x); }
 3941              		.loc 19 185 26 view .LVU861
 3942 0050 B0EE680A 		vmov.f32	s0, s17
 3943 0054 FFF7FEFF 		bl	cosf
 3944              	.LVL271:
 3945              		.loc 19 185 26 view .LVU862
 3946              	.LBE1363:
 3947              	.LBE1362:
 315:../../libDaisy/src/hid/disp/display.h ****         start_y = -sin(start_angle_rad) * radius;
 3948              		.loc 3 315 17 view .LVU863
 3949 0058 07EE907A 		vmov	s15, r7	@ int
 313:../../libDaisy/src/hid/disp/display.h **** 
 3950              		.loc 3 313 25 view .LVU864
 3951 005c B7EECAAB 		vcvt.f32.f64	s20, d10
 3952              	.LVL272:
 3953              	.LBB1366:
 3954              	.LBI1362:
 184:/usr/bin/gcc-arm-none-eabi-10-2020-q4-major/arm-none-eabi/include/c++/10.2.1/cmath ****   { return __builtin_cosf(__x); }
 3955              		.loc 19 184 3 is_stmt 1 view .LVU865
 3956              	.LBB1364:
 3957              		.loc 19 185 5 view .LVU866
 3958              		.loc 19 185 5 is_stmt 0 view .LVU867
 3959              	.LBE1364:
 3960              	.LBE1366:
 315:../../libDaisy/src/hid/disp/display.h ****         start_y = -sin(start_angle_rad) * radius;
 3961              		.loc 3 315 17 view .LVU868
 3962 0060 F8EE679A 		vcvt.f32.u32	s19, s15
 3963              	.LBB1367:
 3964              	.LBB1365:
 3965              		.loc 19 185 26 view .LVU869
 3966 0064 B0EE408A 		vmov.f32	s16, s0
 3967              	.LBE1365:
 3968              	.LBE1367:
 3969              	.LBB1368:
 3970              	.LBB1369:
 186:/usr/bin/gcc-arm-none-eabi-10-2020-q4-major/arm-none-eabi/include/c++/10.2.1/cmath **** 
 187:/usr/bin/gcc-arm-none-eabi-10-2020-q4-major/arm-none-eabi/include/c++/10.2.1/cmath ****   inline _GLIBCXX_CONSTEXPR long double
 188:/usr/bin/gcc-arm-none-eabi-10-2020-q4-major/arm-none-eabi/include/c++/10.2.1/cmath ****   cos(long double __x)
 189:/usr/bin/gcc-arm-none-eabi-10-2020-q4-major/arm-none-eabi/include/c++/10.2.1/cmath ****   { return __builtin_cosl(__x); }
 190:/usr/bin/gcc-arm-none-eabi-10-2020-q4-major/arm-none-eabi/include/c++/10.2.1/cmath **** #endif
 191:/usr/bin/gcc-arm-none-eabi-10-2020-q4-major/arm-none-eabi/include/c++/10.2.1/cmath **** 
 192:/usr/bin/gcc-arm-none-eabi-10-2020-q4-major/arm-none-eabi/include/c++/10.2.1/cmath ****   template<typename _Tp>
 193:/usr/bin/gcc-arm-none-eabi-10-2020-q4-major/arm-none-eabi/include/c++/10.2.1/cmath ****     inline _GLIBCXX_CONSTEXPR
 194:/usr/bin/gcc-arm-none-eabi-10-2020-q4-major/arm-none-eabi/include/c++/10.2.1/cmath ****     typename __gnu_cxx::__enable_if<__is_integer<_Tp>::__value,
ARM GAS  /tmp/ccM1IMph.s 			page 127


 195:/usr/bin/gcc-arm-none-eabi-10-2020-q4-major/arm-none-eabi/include/c++/10.2.1/cmath ****                                     double>::__type
 196:/usr/bin/gcc-arm-none-eabi-10-2020-q4-major/arm-none-eabi/include/c++/10.2.1/cmath ****     cos(_Tp __x)
 197:/usr/bin/gcc-arm-none-eabi-10-2020-q4-major/arm-none-eabi/include/c++/10.2.1/cmath ****     { return __builtin_cos(__x); }
 198:/usr/bin/gcc-arm-none-eabi-10-2020-q4-major/arm-none-eabi/include/c++/10.2.1/cmath **** 
 199:/usr/bin/gcc-arm-none-eabi-10-2020-q4-major/arm-none-eabi/include/c++/10.2.1/cmath ****   using ::cosh;
 200:/usr/bin/gcc-arm-none-eabi-10-2020-q4-major/arm-none-eabi/include/c++/10.2.1/cmath **** 
 201:/usr/bin/gcc-arm-none-eabi-10-2020-q4-major/arm-none-eabi/include/c++/10.2.1/cmath **** #ifndef __CORRECT_ISO_CPP_MATH_H_PROTO
 202:/usr/bin/gcc-arm-none-eabi-10-2020-q4-major/arm-none-eabi/include/c++/10.2.1/cmath ****   inline _GLIBCXX_CONSTEXPR float
 203:/usr/bin/gcc-arm-none-eabi-10-2020-q4-major/arm-none-eabi/include/c++/10.2.1/cmath ****   cosh(float __x)
 204:/usr/bin/gcc-arm-none-eabi-10-2020-q4-major/arm-none-eabi/include/c++/10.2.1/cmath ****   { return __builtin_coshf(__x); }
 205:/usr/bin/gcc-arm-none-eabi-10-2020-q4-major/arm-none-eabi/include/c++/10.2.1/cmath **** 
 206:/usr/bin/gcc-arm-none-eabi-10-2020-q4-major/arm-none-eabi/include/c++/10.2.1/cmath ****   inline _GLIBCXX_CONSTEXPR long double
 207:/usr/bin/gcc-arm-none-eabi-10-2020-q4-major/arm-none-eabi/include/c++/10.2.1/cmath ****   cosh(long double __x)
 208:/usr/bin/gcc-arm-none-eabi-10-2020-q4-major/arm-none-eabi/include/c++/10.2.1/cmath ****   { return __builtin_coshl(__x); }
 209:/usr/bin/gcc-arm-none-eabi-10-2020-q4-major/arm-none-eabi/include/c++/10.2.1/cmath **** #endif
 210:/usr/bin/gcc-arm-none-eabi-10-2020-q4-major/arm-none-eabi/include/c++/10.2.1/cmath **** 
 211:/usr/bin/gcc-arm-none-eabi-10-2020-q4-major/arm-none-eabi/include/c++/10.2.1/cmath ****   template<typename _Tp>
 212:/usr/bin/gcc-arm-none-eabi-10-2020-q4-major/arm-none-eabi/include/c++/10.2.1/cmath ****     inline _GLIBCXX_CONSTEXPR
 213:/usr/bin/gcc-arm-none-eabi-10-2020-q4-major/arm-none-eabi/include/c++/10.2.1/cmath ****     typename __gnu_cxx::__enable_if<__is_integer<_Tp>::__value,
 214:/usr/bin/gcc-arm-none-eabi-10-2020-q4-major/arm-none-eabi/include/c++/10.2.1/cmath ****                                     double>::__type
 215:/usr/bin/gcc-arm-none-eabi-10-2020-q4-major/arm-none-eabi/include/c++/10.2.1/cmath ****     cosh(_Tp __x)
 216:/usr/bin/gcc-arm-none-eabi-10-2020-q4-major/arm-none-eabi/include/c++/10.2.1/cmath ****     { return __builtin_cosh(__x); }
 217:/usr/bin/gcc-arm-none-eabi-10-2020-q4-major/arm-none-eabi/include/c++/10.2.1/cmath **** 
 218:/usr/bin/gcc-arm-none-eabi-10-2020-q4-major/arm-none-eabi/include/c++/10.2.1/cmath ****   using ::exp;
 219:/usr/bin/gcc-arm-none-eabi-10-2020-q4-major/arm-none-eabi/include/c++/10.2.1/cmath **** 
 220:/usr/bin/gcc-arm-none-eabi-10-2020-q4-major/arm-none-eabi/include/c++/10.2.1/cmath **** #ifndef __CORRECT_ISO_CPP_MATH_H_PROTO
 221:/usr/bin/gcc-arm-none-eabi-10-2020-q4-major/arm-none-eabi/include/c++/10.2.1/cmath ****   inline _GLIBCXX_CONSTEXPR float
 222:/usr/bin/gcc-arm-none-eabi-10-2020-q4-major/arm-none-eabi/include/c++/10.2.1/cmath ****   exp(float __x)
 223:/usr/bin/gcc-arm-none-eabi-10-2020-q4-major/arm-none-eabi/include/c++/10.2.1/cmath ****   { return __builtin_expf(__x); }
 224:/usr/bin/gcc-arm-none-eabi-10-2020-q4-major/arm-none-eabi/include/c++/10.2.1/cmath **** 
 225:/usr/bin/gcc-arm-none-eabi-10-2020-q4-major/arm-none-eabi/include/c++/10.2.1/cmath ****   inline _GLIBCXX_CONSTEXPR long double
 226:/usr/bin/gcc-arm-none-eabi-10-2020-q4-major/arm-none-eabi/include/c++/10.2.1/cmath ****   exp(long double __x)
 227:/usr/bin/gcc-arm-none-eabi-10-2020-q4-major/arm-none-eabi/include/c++/10.2.1/cmath ****   { return __builtin_expl(__x); }
 228:/usr/bin/gcc-arm-none-eabi-10-2020-q4-major/arm-none-eabi/include/c++/10.2.1/cmath **** #endif
 229:/usr/bin/gcc-arm-none-eabi-10-2020-q4-major/arm-none-eabi/include/c++/10.2.1/cmath **** 
 230:/usr/bin/gcc-arm-none-eabi-10-2020-q4-major/arm-none-eabi/include/c++/10.2.1/cmath ****   template<typename _Tp>
 231:/usr/bin/gcc-arm-none-eabi-10-2020-q4-major/arm-none-eabi/include/c++/10.2.1/cmath ****     inline _GLIBCXX_CONSTEXPR
 232:/usr/bin/gcc-arm-none-eabi-10-2020-q4-major/arm-none-eabi/include/c++/10.2.1/cmath ****     typename __gnu_cxx::__enable_if<__is_integer<_Tp>::__value,
 233:/usr/bin/gcc-arm-none-eabi-10-2020-q4-major/arm-none-eabi/include/c++/10.2.1/cmath ****                                     double>::__type
 234:/usr/bin/gcc-arm-none-eabi-10-2020-q4-major/arm-none-eabi/include/c++/10.2.1/cmath ****     exp(_Tp __x)
 235:/usr/bin/gcc-arm-none-eabi-10-2020-q4-major/arm-none-eabi/include/c++/10.2.1/cmath ****     { return __builtin_exp(__x); }
 236:/usr/bin/gcc-arm-none-eabi-10-2020-q4-major/arm-none-eabi/include/c++/10.2.1/cmath **** 
 237:/usr/bin/gcc-arm-none-eabi-10-2020-q4-major/arm-none-eabi/include/c++/10.2.1/cmath ****   using ::fabs;
 238:/usr/bin/gcc-arm-none-eabi-10-2020-q4-major/arm-none-eabi/include/c++/10.2.1/cmath **** 
 239:/usr/bin/gcc-arm-none-eabi-10-2020-q4-major/arm-none-eabi/include/c++/10.2.1/cmath **** #ifndef __CORRECT_ISO_CPP_MATH_H_PROTO
 240:/usr/bin/gcc-arm-none-eabi-10-2020-q4-major/arm-none-eabi/include/c++/10.2.1/cmath ****   inline _GLIBCXX_CONSTEXPR float
 241:/usr/bin/gcc-arm-none-eabi-10-2020-q4-major/arm-none-eabi/include/c++/10.2.1/cmath ****   fabs(float __x)
 242:/usr/bin/gcc-arm-none-eabi-10-2020-q4-major/arm-none-eabi/include/c++/10.2.1/cmath ****   { return __builtin_fabsf(__x); }
 243:/usr/bin/gcc-arm-none-eabi-10-2020-q4-major/arm-none-eabi/include/c++/10.2.1/cmath **** 
 244:/usr/bin/gcc-arm-none-eabi-10-2020-q4-major/arm-none-eabi/include/c++/10.2.1/cmath ****   inline _GLIBCXX_CONSTEXPR long double
 245:/usr/bin/gcc-arm-none-eabi-10-2020-q4-major/arm-none-eabi/include/c++/10.2.1/cmath ****   fabs(long double __x)
 246:/usr/bin/gcc-arm-none-eabi-10-2020-q4-major/arm-none-eabi/include/c++/10.2.1/cmath ****   { return __builtin_fabsl(__x); }
 247:/usr/bin/gcc-arm-none-eabi-10-2020-q4-major/arm-none-eabi/include/c++/10.2.1/cmath **** #endif
 248:/usr/bin/gcc-arm-none-eabi-10-2020-q4-major/arm-none-eabi/include/c++/10.2.1/cmath **** 
 249:/usr/bin/gcc-arm-none-eabi-10-2020-q4-major/arm-none-eabi/include/c++/10.2.1/cmath ****   template<typename _Tp>
 250:/usr/bin/gcc-arm-none-eabi-10-2020-q4-major/arm-none-eabi/include/c++/10.2.1/cmath ****     inline _GLIBCXX_CONSTEXPR
 251:/usr/bin/gcc-arm-none-eabi-10-2020-q4-major/arm-none-eabi/include/c++/10.2.1/cmath ****     typename __gnu_cxx::__enable_if<__is_integer<_Tp>::__value,
ARM GAS  /tmp/ccM1IMph.s 			page 128


 252:/usr/bin/gcc-arm-none-eabi-10-2020-q4-major/arm-none-eabi/include/c++/10.2.1/cmath ****                                     double>::__type
 253:/usr/bin/gcc-arm-none-eabi-10-2020-q4-major/arm-none-eabi/include/c++/10.2.1/cmath ****     fabs(_Tp __x)
 254:/usr/bin/gcc-arm-none-eabi-10-2020-q4-major/arm-none-eabi/include/c++/10.2.1/cmath ****     { return __builtin_fabs(__x); }
 255:/usr/bin/gcc-arm-none-eabi-10-2020-q4-major/arm-none-eabi/include/c++/10.2.1/cmath **** 
 256:/usr/bin/gcc-arm-none-eabi-10-2020-q4-major/arm-none-eabi/include/c++/10.2.1/cmath ****   using ::floor;
 257:/usr/bin/gcc-arm-none-eabi-10-2020-q4-major/arm-none-eabi/include/c++/10.2.1/cmath **** 
 258:/usr/bin/gcc-arm-none-eabi-10-2020-q4-major/arm-none-eabi/include/c++/10.2.1/cmath **** #ifndef __CORRECT_ISO_CPP_MATH_H_PROTO
 259:/usr/bin/gcc-arm-none-eabi-10-2020-q4-major/arm-none-eabi/include/c++/10.2.1/cmath ****   inline _GLIBCXX_CONSTEXPR float
 260:/usr/bin/gcc-arm-none-eabi-10-2020-q4-major/arm-none-eabi/include/c++/10.2.1/cmath ****   floor(float __x)
 261:/usr/bin/gcc-arm-none-eabi-10-2020-q4-major/arm-none-eabi/include/c++/10.2.1/cmath ****   { return __builtin_floorf(__x); }
 262:/usr/bin/gcc-arm-none-eabi-10-2020-q4-major/arm-none-eabi/include/c++/10.2.1/cmath **** 
 263:/usr/bin/gcc-arm-none-eabi-10-2020-q4-major/arm-none-eabi/include/c++/10.2.1/cmath ****   inline _GLIBCXX_CONSTEXPR long double
 264:/usr/bin/gcc-arm-none-eabi-10-2020-q4-major/arm-none-eabi/include/c++/10.2.1/cmath ****   floor(long double __x)
 265:/usr/bin/gcc-arm-none-eabi-10-2020-q4-major/arm-none-eabi/include/c++/10.2.1/cmath ****   { return __builtin_floorl(__x); }
 266:/usr/bin/gcc-arm-none-eabi-10-2020-q4-major/arm-none-eabi/include/c++/10.2.1/cmath **** #endif
 267:/usr/bin/gcc-arm-none-eabi-10-2020-q4-major/arm-none-eabi/include/c++/10.2.1/cmath **** 
 268:/usr/bin/gcc-arm-none-eabi-10-2020-q4-major/arm-none-eabi/include/c++/10.2.1/cmath ****   template<typename _Tp>
 269:/usr/bin/gcc-arm-none-eabi-10-2020-q4-major/arm-none-eabi/include/c++/10.2.1/cmath ****     inline _GLIBCXX_CONSTEXPR
 270:/usr/bin/gcc-arm-none-eabi-10-2020-q4-major/arm-none-eabi/include/c++/10.2.1/cmath ****     typename __gnu_cxx::__enable_if<__is_integer<_Tp>::__value,
 271:/usr/bin/gcc-arm-none-eabi-10-2020-q4-major/arm-none-eabi/include/c++/10.2.1/cmath ****                                     double>::__type
 272:/usr/bin/gcc-arm-none-eabi-10-2020-q4-major/arm-none-eabi/include/c++/10.2.1/cmath ****     floor(_Tp __x)
 273:/usr/bin/gcc-arm-none-eabi-10-2020-q4-major/arm-none-eabi/include/c++/10.2.1/cmath ****     { return __builtin_floor(__x); }
 274:/usr/bin/gcc-arm-none-eabi-10-2020-q4-major/arm-none-eabi/include/c++/10.2.1/cmath **** 
 275:/usr/bin/gcc-arm-none-eabi-10-2020-q4-major/arm-none-eabi/include/c++/10.2.1/cmath ****   using ::fmod;
 276:/usr/bin/gcc-arm-none-eabi-10-2020-q4-major/arm-none-eabi/include/c++/10.2.1/cmath **** 
 277:/usr/bin/gcc-arm-none-eabi-10-2020-q4-major/arm-none-eabi/include/c++/10.2.1/cmath **** #ifndef __CORRECT_ISO_CPP_MATH_H_PROTO
 278:/usr/bin/gcc-arm-none-eabi-10-2020-q4-major/arm-none-eabi/include/c++/10.2.1/cmath ****   inline _GLIBCXX_CONSTEXPR float
 279:/usr/bin/gcc-arm-none-eabi-10-2020-q4-major/arm-none-eabi/include/c++/10.2.1/cmath ****   fmod(float __x, float __y)
 280:/usr/bin/gcc-arm-none-eabi-10-2020-q4-major/arm-none-eabi/include/c++/10.2.1/cmath ****   { return __builtin_fmodf(__x, __y); }
 281:/usr/bin/gcc-arm-none-eabi-10-2020-q4-major/arm-none-eabi/include/c++/10.2.1/cmath **** 
 282:/usr/bin/gcc-arm-none-eabi-10-2020-q4-major/arm-none-eabi/include/c++/10.2.1/cmath ****   inline _GLIBCXX_CONSTEXPR long double
 283:/usr/bin/gcc-arm-none-eabi-10-2020-q4-major/arm-none-eabi/include/c++/10.2.1/cmath ****   fmod(long double __x, long double __y)
 284:/usr/bin/gcc-arm-none-eabi-10-2020-q4-major/arm-none-eabi/include/c++/10.2.1/cmath ****   { return __builtin_fmodl(__x, __y); }
 285:/usr/bin/gcc-arm-none-eabi-10-2020-q4-major/arm-none-eabi/include/c++/10.2.1/cmath **** #endif
 286:/usr/bin/gcc-arm-none-eabi-10-2020-q4-major/arm-none-eabi/include/c++/10.2.1/cmath **** 
 287:/usr/bin/gcc-arm-none-eabi-10-2020-q4-major/arm-none-eabi/include/c++/10.2.1/cmath ****   template<typename _Tp, typename _Up>
 288:/usr/bin/gcc-arm-none-eabi-10-2020-q4-major/arm-none-eabi/include/c++/10.2.1/cmath ****     inline _GLIBCXX_CONSTEXPR
 289:/usr/bin/gcc-arm-none-eabi-10-2020-q4-major/arm-none-eabi/include/c++/10.2.1/cmath ****     typename __gnu_cxx::__promote_2<_Tp, _Up>::__type
 290:/usr/bin/gcc-arm-none-eabi-10-2020-q4-major/arm-none-eabi/include/c++/10.2.1/cmath ****     fmod(_Tp __x, _Up __y)
 291:/usr/bin/gcc-arm-none-eabi-10-2020-q4-major/arm-none-eabi/include/c++/10.2.1/cmath ****     {
 292:/usr/bin/gcc-arm-none-eabi-10-2020-q4-major/arm-none-eabi/include/c++/10.2.1/cmath ****       typedef typename __gnu_cxx::__promote_2<_Tp, _Up>::__type __type;
 293:/usr/bin/gcc-arm-none-eabi-10-2020-q4-major/arm-none-eabi/include/c++/10.2.1/cmath ****       return fmod(__type(__x), __type(__y));
 294:/usr/bin/gcc-arm-none-eabi-10-2020-q4-major/arm-none-eabi/include/c++/10.2.1/cmath ****     }
 295:/usr/bin/gcc-arm-none-eabi-10-2020-q4-major/arm-none-eabi/include/c++/10.2.1/cmath **** 
 296:/usr/bin/gcc-arm-none-eabi-10-2020-q4-major/arm-none-eabi/include/c++/10.2.1/cmath ****   using ::frexp;
 297:/usr/bin/gcc-arm-none-eabi-10-2020-q4-major/arm-none-eabi/include/c++/10.2.1/cmath **** 
 298:/usr/bin/gcc-arm-none-eabi-10-2020-q4-major/arm-none-eabi/include/c++/10.2.1/cmath **** #ifndef __CORRECT_ISO_CPP_MATH_H_PROTO
 299:/usr/bin/gcc-arm-none-eabi-10-2020-q4-major/arm-none-eabi/include/c++/10.2.1/cmath ****   inline float
 300:/usr/bin/gcc-arm-none-eabi-10-2020-q4-major/arm-none-eabi/include/c++/10.2.1/cmath ****   frexp(float __x, int* __exp)
 301:/usr/bin/gcc-arm-none-eabi-10-2020-q4-major/arm-none-eabi/include/c++/10.2.1/cmath ****   { return __builtin_frexpf(__x, __exp); }
 302:/usr/bin/gcc-arm-none-eabi-10-2020-q4-major/arm-none-eabi/include/c++/10.2.1/cmath **** 
 303:/usr/bin/gcc-arm-none-eabi-10-2020-q4-major/arm-none-eabi/include/c++/10.2.1/cmath ****   inline long double
 304:/usr/bin/gcc-arm-none-eabi-10-2020-q4-major/arm-none-eabi/include/c++/10.2.1/cmath ****   frexp(long double __x, int* __exp)
 305:/usr/bin/gcc-arm-none-eabi-10-2020-q4-major/arm-none-eabi/include/c++/10.2.1/cmath ****   { return __builtin_frexpl(__x, __exp); }
 306:/usr/bin/gcc-arm-none-eabi-10-2020-q4-major/arm-none-eabi/include/c++/10.2.1/cmath **** #endif
 307:/usr/bin/gcc-arm-none-eabi-10-2020-q4-major/arm-none-eabi/include/c++/10.2.1/cmath **** 
 308:/usr/bin/gcc-arm-none-eabi-10-2020-q4-major/arm-none-eabi/include/c++/10.2.1/cmath ****   template<typename _Tp>
ARM GAS  /tmp/ccM1IMph.s 			page 129


 309:/usr/bin/gcc-arm-none-eabi-10-2020-q4-major/arm-none-eabi/include/c++/10.2.1/cmath ****     inline _GLIBCXX_CONSTEXPR
 310:/usr/bin/gcc-arm-none-eabi-10-2020-q4-major/arm-none-eabi/include/c++/10.2.1/cmath ****     typename __gnu_cxx::__enable_if<__is_integer<_Tp>::__value, 
 311:/usr/bin/gcc-arm-none-eabi-10-2020-q4-major/arm-none-eabi/include/c++/10.2.1/cmath ****                                     double>::__type
 312:/usr/bin/gcc-arm-none-eabi-10-2020-q4-major/arm-none-eabi/include/c++/10.2.1/cmath ****     frexp(_Tp __x, int* __exp)
 313:/usr/bin/gcc-arm-none-eabi-10-2020-q4-major/arm-none-eabi/include/c++/10.2.1/cmath ****     { return __builtin_frexp(__x, __exp); }
 314:/usr/bin/gcc-arm-none-eabi-10-2020-q4-major/arm-none-eabi/include/c++/10.2.1/cmath **** 
 315:/usr/bin/gcc-arm-none-eabi-10-2020-q4-major/arm-none-eabi/include/c++/10.2.1/cmath ****   using ::ldexp;
 316:/usr/bin/gcc-arm-none-eabi-10-2020-q4-major/arm-none-eabi/include/c++/10.2.1/cmath **** 
 317:/usr/bin/gcc-arm-none-eabi-10-2020-q4-major/arm-none-eabi/include/c++/10.2.1/cmath **** #ifndef __CORRECT_ISO_CPP_MATH_H_PROTO
 318:/usr/bin/gcc-arm-none-eabi-10-2020-q4-major/arm-none-eabi/include/c++/10.2.1/cmath ****   inline _GLIBCXX_CONSTEXPR float
 319:/usr/bin/gcc-arm-none-eabi-10-2020-q4-major/arm-none-eabi/include/c++/10.2.1/cmath ****   ldexp(float __x, int __exp)
 320:/usr/bin/gcc-arm-none-eabi-10-2020-q4-major/arm-none-eabi/include/c++/10.2.1/cmath ****   { return __builtin_ldexpf(__x, __exp); }
 321:/usr/bin/gcc-arm-none-eabi-10-2020-q4-major/arm-none-eabi/include/c++/10.2.1/cmath **** 
 322:/usr/bin/gcc-arm-none-eabi-10-2020-q4-major/arm-none-eabi/include/c++/10.2.1/cmath ****   inline _GLIBCXX_CONSTEXPR long double
 323:/usr/bin/gcc-arm-none-eabi-10-2020-q4-major/arm-none-eabi/include/c++/10.2.1/cmath ****   ldexp(long double __x, int __exp)
 324:/usr/bin/gcc-arm-none-eabi-10-2020-q4-major/arm-none-eabi/include/c++/10.2.1/cmath ****   { return __builtin_ldexpl(__x, __exp); }
 325:/usr/bin/gcc-arm-none-eabi-10-2020-q4-major/arm-none-eabi/include/c++/10.2.1/cmath **** #endif
 326:/usr/bin/gcc-arm-none-eabi-10-2020-q4-major/arm-none-eabi/include/c++/10.2.1/cmath **** 
 327:/usr/bin/gcc-arm-none-eabi-10-2020-q4-major/arm-none-eabi/include/c++/10.2.1/cmath ****   template<typename _Tp>
 328:/usr/bin/gcc-arm-none-eabi-10-2020-q4-major/arm-none-eabi/include/c++/10.2.1/cmath ****     inline _GLIBCXX_CONSTEXPR
 329:/usr/bin/gcc-arm-none-eabi-10-2020-q4-major/arm-none-eabi/include/c++/10.2.1/cmath ****     typename __gnu_cxx::__enable_if<__is_integer<_Tp>::__value, 
 330:/usr/bin/gcc-arm-none-eabi-10-2020-q4-major/arm-none-eabi/include/c++/10.2.1/cmath ****                                     double>::__type
 331:/usr/bin/gcc-arm-none-eabi-10-2020-q4-major/arm-none-eabi/include/c++/10.2.1/cmath ****     ldexp(_Tp __x, int __exp)
 332:/usr/bin/gcc-arm-none-eabi-10-2020-q4-major/arm-none-eabi/include/c++/10.2.1/cmath ****     { return __builtin_ldexp(__x, __exp); }
 333:/usr/bin/gcc-arm-none-eabi-10-2020-q4-major/arm-none-eabi/include/c++/10.2.1/cmath **** 
 334:/usr/bin/gcc-arm-none-eabi-10-2020-q4-major/arm-none-eabi/include/c++/10.2.1/cmath ****   using ::log;
 335:/usr/bin/gcc-arm-none-eabi-10-2020-q4-major/arm-none-eabi/include/c++/10.2.1/cmath **** 
 336:/usr/bin/gcc-arm-none-eabi-10-2020-q4-major/arm-none-eabi/include/c++/10.2.1/cmath **** #ifndef __CORRECT_ISO_CPP_MATH_H_PROTO
 337:/usr/bin/gcc-arm-none-eabi-10-2020-q4-major/arm-none-eabi/include/c++/10.2.1/cmath ****   inline _GLIBCXX_CONSTEXPR float
 338:/usr/bin/gcc-arm-none-eabi-10-2020-q4-major/arm-none-eabi/include/c++/10.2.1/cmath ****   log(float __x)
 339:/usr/bin/gcc-arm-none-eabi-10-2020-q4-major/arm-none-eabi/include/c++/10.2.1/cmath ****   { return __builtin_logf(__x); }
 340:/usr/bin/gcc-arm-none-eabi-10-2020-q4-major/arm-none-eabi/include/c++/10.2.1/cmath **** 
 341:/usr/bin/gcc-arm-none-eabi-10-2020-q4-major/arm-none-eabi/include/c++/10.2.1/cmath ****   inline _GLIBCXX_CONSTEXPR long double
 342:/usr/bin/gcc-arm-none-eabi-10-2020-q4-major/arm-none-eabi/include/c++/10.2.1/cmath ****   log(long double __x)
 343:/usr/bin/gcc-arm-none-eabi-10-2020-q4-major/arm-none-eabi/include/c++/10.2.1/cmath ****   { return __builtin_logl(__x); }
 344:/usr/bin/gcc-arm-none-eabi-10-2020-q4-major/arm-none-eabi/include/c++/10.2.1/cmath **** #endif
 345:/usr/bin/gcc-arm-none-eabi-10-2020-q4-major/arm-none-eabi/include/c++/10.2.1/cmath **** 
 346:/usr/bin/gcc-arm-none-eabi-10-2020-q4-major/arm-none-eabi/include/c++/10.2.1/cmath ****   template<typename _Tp>
 347:/usr/bin/gcc-arm-none-eabi-10-2020-q4-major/arm-none-eabi/include/c++/10.2.1/cmath ****     inline _GLIBCXX_CONSTEXPR
 348:/usr/bin/gcc-arm-none-eabi-10-2020-q4-major/arm-none-eabi/include/c++/10.2.1/cmath ****     typename __gnu_cxx::__enable_if<__is_integer<_Tp>::__value, 
 349:/usr/bin/gcc-arm-none-eabi-10-2020-q4-major/arm-none-eabi/include/c++/10.2.1/cmath ****                                     double>::__type
 350:/usr/bin/gcc-arm-none-eabi-10-2020-q4-major/arm-none-eabi/include/c++/10.2.1/cmath ****     log(_Tp __x)
 351:/usr/bin/gcc-arm-none-eabi-10-2020-q4-major/arm-none-eabi/include/c++/10.2.1/cmath ****     { return __builtin_log(__x); }
 352:/usr/bin/gcc-arm-none-eabi-10-2020-q4-major/arm-none-eabi/include/c++/10.2.1/cmath **** 
 353:/usr/bin/gcc-arm-none-eabi-10-2020-q4-major/arm-none-eabi/include/c++/10.2.1/cmath ****   using ::log10;
 354:/usr/bin/gcc-arm-none-eabi-10-2020-q4-major/arm-none-eabi/include/c++/10.2.1/cmath **** 
 355:/usr/bin/gcc-arm-none-eabi-10-2020-q4-major/arm-none-eabi/include/c++/10.2.1/cmath **** #ifndef __CORRECT_ISO_CPP_MATH_H_PROTO
 356:/usr/bin/gcc-arm-none-eabi-10-2020-q4-major/arm-none-eabi/include/c++/10.2.1/cmath ****   inline _GLIBCXX_CONSTEXPR float
 357:/usr/bin/gcc-arm-none-eabi-10-2020-q4-major/arm-none-eabi/include/c++/10.2.1/cmath ****   log10(float __x)
 358:/usr/bin/gcc-arm-none-eabi-10-2020-q4-major/arm-none-eabi/include/c++/10.2.1/cmath ****   { return __builtin_log10f(__x); }
 359:/usr/bin/gcc-arm-none-eabi-10-2020-q4-major/arm-none-eabi/include/c++/10.2.1/cmath **** 
 360:/usr/bin/gcc-arm-none-eabi-10-2020-q4-major/arm-none-eabi/include/c++/10.2.1/cmath ****   inline _GLIBCXX_CONSTEXPR long double
 361:/usr/bin/gcc-arm-none-eabi-10-2020-q4-major/arm-none-eabi/include/c++/10.2.1/cmath ****   log10(long double __x)
 362:/usr/bin/gcc-arm-none-eabi-10-2020-q4-major/arm-none-eabi/include/c++/10.2.1/cmath ****   { return __builtin_log10l(__x); }
 363:/usr/bin/gcc-arm-none-eabi-10-2020-q4-major/arm-none-eabi/include/c++/10.2.1/cmath **** #endif
 364:/usr/bin/gcc-arm-none-eabi-10-2020-q4-major/arm-none-eabi/include/c++/10.2.1/cmath **** 
 365:/usr/bin/gcc-arm-none-eabi-10-2020-q4-major/arm-none-eabi/include/c++/10.2.1/cmath ****   template<typename _Tp>
ARM GAS  /tmp/ccM1IMph.s 			page 130


 366:/usr/bin/gcc-arm-none-eabi-10-2020-q4-major/arm-none-eabi/include/c++/10.2.1/cmath ****     inline _GLIBCXX_CONSTEXPR
 367:/usr/bin/gcc-arm-none-eabi-10-2020-q4-major/arm-none-eabi/include/c++/10.2.1/cmath ****     typename __gnu_cxx::__enable_if<__is_integer<_Tp>::__value,
 368:/usr/bin/gcc-arm-none-eabi-10-2020-q4-major/arm-none-eabi/include/c++/10.2.1/cmath ****                                     double>::__type
 369:/usr/bin/gcc-arm-none-eabi-10-2020-q4-major/arm-none-eabi/include/c++/10.2.1/cmath ****     log10(_Tp __x)
 370:/usr/bin/gcc-arm-none-eabi-10-2020-q4-major/arm-none-eabi/include/c++/10.2.1/cmath ****     { return __builtin_log10(__x); }
 371:/usr/bin/gcc-arm-none-eabi-10-2020-q4-major/arm-none-eabi/include/c++/10.2.1/cmath **** 
 372:/usr/bin/gcc-arm-none-eabi-10-2020-q4-major/arm-none-eabi/include/c++/10.2.1/cmath ****   using ::modf;
 373:/usr/bin/gcc-arm-none-eabi-10-2020-q4-major/arm-none-eabi/include/c++/10.2.1/cmath **** 
 374:/usr/bin/gcc-arm-none-eabi-10-2020-q4-major/arm-none-eabi/include/c++/10.2.1/cmath **** #ifndef __CORRECT_ISO_CPP_MATH_H_PROTO
 375:/usr/bin/gcc-arm-none-eabi-10-2020-q4-major/arm-none-eabi/include/c++/10.2.1/cmath ****   inline float
 376:/usr/bin/gcc-arm-none-eabi-10-2020-q4-major/arm-none-eabi/include/c++/10.2.1/cmath ****   modf(float __x, float* __iptr)
 377:/usr/bin/gcc-arm-none-eabi-10-2020-q4-major/arm-none-eabi/include/c++/10.2.1/cmath ****   { return __builtin_modff(__x, __iptr); }
 378:/usr/bin/gcc-arm-none-eabi-10-2020-q4-major/arm-none-eabi/include/c++/10.2.1/cmath **** 
 379:/usr/bin/gcc-arm-none-eabi-10-2020-q4-major/arm-none-eabi/include/c++/10.2.1/cmath ****   inline long double
 380:/usr/bin/gcc-arm-none-eabi-10-2020-q4-major/arm-none-eabi/include/c++/10.2.1/cmath ****   modf(long double __x, long double* __iptr)
 381:/usr/bin/gcc-arm-none-eabi-10-2020-q4-major/arm-none-eabi/include/c++/10.2.1/cmath ****   { return __builtin_modfl(__x, __iptr); }
 382:/usr/bin/gcc-arm-none-eabi-10-2020-q4-major/arm-none-eabi/include/c++/10.2.1/cmath **** #endif
 383:/usr/bin/gcc-arm-none-eabi-10-2020-q4-major/arm-none-eabi/include/c++/10.2.1/cmath **** 
 384:/usr/bin/gcc-arm-none-eabi-10-2020-q4-major/arm-none-eabi/include/c++/10.2.1/cmath ****   using ::pow;
 385:/usr/bin/gcc-arm-none-eabi-10-2020-q4-major/arm-none-eabi/include/c++/10.2.1/cmath **** 
 386:/usr/bin/gcc-arm-none-eabi-10-2020-q4-major/arm-none-eabi/include/c++/10.2.1/cmath **** #ifndef __CORRECT_ISO_CPP_MATH_H_PROTO
 387:/usr/bin/gcc-arm-none-eabi-10-2020-q4-major/arm-none-eabi/include/c++/10.2.1/cmath ****   inline _GLIBCXX_CONSTEXPR float
 388:/usr/bin/gcc-arm-none-eabi-10-2020-q4-major/arm-none-eabi/include/c++/10.2.1/cmath ****   pow(float __x, float __y)
 389:/usr/bin/gcc-arm-none-eabi-10-2020-q4-major/arm-none-eabi/include/c++/10.2.1/cmath ****   { return __builtin_powf(__x, __y); }
 390:/usr/bin/gcc-arm-none-eabi-10-2020-q4-major/arm-none-eabi/include/c++/10.2.1/cmath **** 
 391:/usr/bin/gcc-arm-none-eabi-10-2020-q4-major/arm-none-eabi/include/c++/10.2.1/cmath ****   inline _GLIBCXX_CONSTEXPR long double
 392:/usr/bin/gcc-arm-none-eabi-10-2020-q4-major/arm-none-eabi/include/c++/10.2.1/cmath ****   pow(long double __x, long double __y)
 393:/usr/bin/gcc-arm-none-eabi-10-2020-q4-major/arm-none-eabi/include/c++/10.2.1/cmath ****   { return __builtin_powl(__x, __y); }
 394:/usr/bin/gcc-arm-none-eabi-10-2020-q4-major/arm-none-eabi/include/c++/10.2.1/cmath **** 
 395:/usr/bin/gcc-arm-none-eabi-10-2020-q4-major/arm-none-eabi/include/c++/10.2.1/cmath **** #if __cplusplus < 201103L
 396:/usr/bin/gcc-arm-none-eabi-10-2020-q4-major/arm-none-eabi/include/c++/10.2.1/cmath ****   // _GLIBCXX_RESOLVE_LIB_DEFECTS
 397:/usr/bin/gcc-arm-none-eabi-10-2020-q4-major/arm-none-eabi/include/c++/10.2.1/cmath ****   // DR 550. What should the return type of pow(float,int) be?
 398:/usr/bin/gcc-arm-none-eabi-10-2020-q4-major/arm-none-eabi/include/c++/10.2.1/cmath ****   inline double
 399:/usr/bin/gcc-arm-none-eabi-10-2020-q4-major/arm-none-eabi/include/c++/10.2.1/cmath ****   pow(double __x, int __i)
 400:/usr/bin/gcc-arm-none-eabi-10-2020-q4-major/arm-none-eabi/include/c++/10.2.1/cmath ****   { return __builtin_powi(__x, __i); }
 401:/usr/bin/gcc-arm-none-eabi-10-2020-q4-major/arm-none-eabi/include/c++/10.2.1/cmath **** 
 402:/usr/bin/gcc-arm-none-eabi-10-2020-q4-major/arm-none-eabi/include/c++/10.2.1/cmath ****   inline float
 403:/usr/bin/gcc-arm-none-eabi-10-2020-q4-major/arm-none-eabi/include/c++/10.2.1/cmath ****   pow(float __x, int __n)
 404:/usr/bin/gcc-arm-none-eabi-10-2020-q4-major/arm-none-eabi/include/c++/10.2.1/cmath ****   { return __builtin_powif(__x, __n); }
 405:/usr/bin/gcc-arm-none-eabi-10-2020-q4-major/arm-none-eabi/include/c++/10.2.1/cmath **** 
 406:/usr/bin/gcc-arm-none-eabi-10-2020-q4-major/arm-none-eabi/include/c++/10.2.1/cmath ****   inline long double
 407:/usr/bin/gcc-arm-none-eabi-10-2020-q4-major/arm-none-eabi/include/c++/10.2.1/cmath ****   pow(long double __x, int __n)
 408:/usr/bin/gcc-arm-none-eabi-10-2020-q4-major/arm-none-eabi/include/c++/10.2.1/cmath ****   { return __builtin_powil(__x, __n); }
 409:/usr/bin/gcc-arm-none-eabi-10-2020-q4-major/arm-none-eabi/include/c++/10.2.1/cmath **** #endif
 410:/usr/bin/gcc-arm-none-eabi-10-2020-q4-major/arm-none-eabi/include/c++/10.2.1/cmath **** #endif
 411:/usr/bin/gcc-arm-none-eabi-10-2020-q4-major/arm-none-eabi/include/c++/10.2.1/cmath **** 
 412:/usr/bin/gcc-arm-none-eabi-10-2020-q4-major/arm-none-eabi/include/c++/10.2.1/cmath ****   template<typename _Tp, typename _Up>
 413:/usr/bin/gcc-arm-none-eabi-10-2020-q4-major/arm-none-eabi/include/c++/10.2.1/cmath ****     inline _GLIBCXX_CONSTEXPR
 414:/usr/bin/gcc-arm-none-eabi-10-2020-q4-major/arm-none-eabi/include/c++/10.2.1/cmath ****     typename __gnu_cxx::__promote_2<_Tp, _Up>::__type
 415:/usr/bin/gcc-arm-none-eabi-10-2020-q4-major/arm-none-eabi/include/c++/10.2.1/cmath ****     pow(_Tp __x, _Up __y)
 416:/usr/bin/gcc-arm-none-eabi-10-2020-q4-major/arm-none-eabi/include/c++/10.2.1/cmath ****     {
 417:/usr/bin/gcc-arm-none-eabi-10-2020-q4-major/arm-none-eabi/include/c++/10.2.1/cmath ****       typedef typename __gnu_cxx::__promote_2<_Tp, _Up>::__type __type;
 418:/usr/bin/gcc-arm-none-eabi-10-2020-q4-major/arm-none-eabi/include/c++/10.2.1/cmath ****       return pow(__type(__x), __type(__y));
 419:/usr/bin/gcc-arm-none-eabi-10-2020-q4-major/arm-none-eabi/include/c++/10.2.1/cmath ****     }
 420:/usr/bin/gcc-arm-none-eabi-10-2020-q4-major/arm-none-eabi/include/c++/10.2.1/cmath **** 
 421:/usr/bin/gcc-arm-none-eabi-10-2020-q4-major/arm-none-eabi/include/c++/10.2.1/cmath ****   using ::sin;
 422:/usr/bin/gcc-arm-none-eabi-10-2020-q4-major/arm-none-eabi/include/c++/10.2.1/cmath **** 
ARM GAS  /tmp/ccM1IMph.s 			page 131


 423:/usr/bin/gcc-arm-none-eabi-10-2020-q4-major/arm-none-eabi/include/c++/10.2.1/cmath **** #ifndef __CORRECT_ISO_CPP_MATH_H_PROTO
 424:/usr/bin/gcc-arm-none-eabi-10-2020-q4-major/arm-none-eabi/include/c++/10.2.1/cmath ****   inline _GLIBCXX_CONSTEXPR float
 425:/usr/bin/gcc-arm-none-eabi-10-2020-q4-major/arm-none-eabi/include/c++/10.2.1/cmath ****   sin(float __x)
 426:/usr/bin/gcc-arm-none-eabi-10-2020-q4-major/arm-none-eabi/include/c++/10.2.1/cmath ****   { return __builtin_sinf(__x); }
 3971              		.loc 19 426 26 view .LVU870
 3972 0068 B0EE680A 		vmov.f32	s0, s17
 3973 006c FFF7FEFF 		bl	sinf
 3974              	.LVL273:
 3975              	.LBE1369:
 3976              	.LBE1368:
 316:../../libDaisy/src/hid/disp/display.h ****         end_x   = cos(end_angle_rad) * radius;
 3977              		.loc 3 316 17 view .LVU871
 3978 0070 60EE698A 		vnmul.f32	s17, s0, s19
 3979              	.LVL274:
 3980              	.LBB1371:
 3981              	.LBB1372:
 185:/usr/bin/gcc-arm-none-eabi-10-2020-q4-major/arm-none-eabi/include/c++/10.2.1/cmath **** 
 3982              		.loc 19 185 26 view .LVU872
 3983 0074 B0EE4A0A 		vmov.f32	s0, s20
 3984 0078 FFF7FEFF 		bl	cosf
 3985              	.LVL275:
 3986 007c B0EE409A 		vmov.f32	s18, s0
 3987              	.LBE1372:
 3988              	.LBE1371:
 3989              	.LBB1374:
 3990              	.LBB1375:
 3991              		.loc 19 426 26 view .LVU873
 3992 0080 B0EE4A0A 		vmov.f32	s0, s20
 3993 0084 FFF7FEFF 		bl	sinf
 3994              	.LVL276:
 3995              	.LBE1375:
 3996              	.LBE1374:
 318:../../libDaisy/src/hid/disp/display.h **** 
 3997              		.loc 3 318 17 view .LVU874
 3998 0088 20EE690A 		vnmul.f32	s0, s0, s19
 315:../../libDaisy/src/hid/disp/display.h ****         start_y = -sin(start_angle_rad) * radius;
 3999              		.loc 3 315 17 view .LVU875
 4000 008c 29EE888A 		vmul.f32	s16, s19, s16
 4001              	.LVL277:
 4002              	.LBB1377:
 4003              	.LBI1368:
 425:/usr/bin/gcc-arm-none-eabi-10-2020-q4-major/arm-none-eabi/include/c++/10.2.1/cmath ****   { return __builtin_sinf(__x); }
 4004              		.loc 19 425 3 is_stmt 1 view .LVU876
 4005              	.LBB1370:
 4006              		.loc 19 426 5 view .LVU877
 4007              		.loc 19 426 5 is_stmt 0 view .LVU878
 4008              	.LBE1370:
 4009              	.LBE1377:
 4010              	.LBB1378:
 4011              	.LBI1371:
 184:/usr/bin/gcc-arm-none-eabi-10-2020-q4-major/arm-none-eabi/include/c++/10.2.1/cmath ****   { return __builtin_cosf(__x); }
 4012              		.loc 19 184 3 is_stmt 1 view .LVU879
 4013              	.LBB1373:
 185:/usr/bin/gcc-arm-none-eabi-10-2020-q4-major/arm-none-eabi/include/c++/10.2.1/cmath **** 
 4014              		.loc 19 185 5 view .LVU880
 185:/usr/bin/gcc-arm-none-eabi-10-2020-q4-major/arm-none-eabi/include/c++/10.2.1/cmath **** 
 4015              		.loc 19 185 5 is_stmt 0 view .LVU881
ARM GAS  /tmp/ccM1IMph.s 			page 132


 4016              	.LBE1373:
 4017              	.LBE1378:
 317:../../libDaisy/src/hid/disp/display.h ****         end_y   = -sin(end_angle_rad) * radius;
 4018              		.loc 3 317 17 view .LVU882
 4019 0090 29EE899A 		vmul.f32	s18, s19, s18
 4020              	.LVL278:
 4021              	.LBB1379:
 4022              	.LBI1374:
 425:/usr/bin/gcc-arm-none-eabi-10-2020-q4-major/arm-none-eabi/include/c++/10.2.1/cmath ****   { return __builtin_sinf(__x); }
 4023              		.loc 19 425 3 is_stmt 1 view .LVU883
 4024              	.LBB1376:
 4025              		.loc 19 426 5 view .LVU884
 4026              		.loc 19 426 5 is_stmt 0 view .LVU885
 4027              	.LBE1376:
 4028              	.LBE1379:
 322:../../libDaisy/src/hid/disp/display.h ****            < 2.0f)
 4029              		.loc 3 322 25 view .LVU886
 4030 0094 70EE687A 		vsub.f32	s15, s0, s17
 321:../../libDaisy/src/hid/disp/display.h ****                + (end_y - start_y) * (end_y - start_y)
 4031              		.loc 3 321 9 view .LVU887
 4032 0098 F0EE006A 		vmov.f32	s13, #2.0e+0
 321:../../libDaisy/src/hid/disp/display.h ****                + (end_y - start_y) * (end_y - start_y)
 4033              		.loc 3 321 19 view .LVU888
 4034 009c 39EE487A 		vsub.f32	s14, s18, s16
 322:../../libDaisy/src/hid/disp/display.h ****            < 2.0f)
 4035              		.loc 3 322 36 view .LVU889
 4036 00a0 67EEA77A 		vmul.f32	s15, s15, s15
 322:../../libDaisy/src/hid/disp/display.h ****            < 2.0f)
 4037              		.loc 3 322 16 view .LVU890
 4038 00a4 E7EE077A 		vfma.f32	s15, s14, s14
 321:../../libDaisy/src/hid/disp/display.h ****                + (end_y - start_y) * (end_y - start_y)
 4039              		.loc 3 321 9 view .LVU891
 4040 00a8 F4EEE67A 		vcmpe.f32	s15, s13
 4041 00ac F1EE10FA 		vmrs	APSR_nzcv, FPSCR
 4042 00b0 06D5     		bpl	.L317
 325:../../libDaisy/src/hid/disp/display.h ****                 circle = true;
 4043              		.loc 3 325 13 view .LVU892
 4044 00b2 139B     		ldr	r3, [sp, #76]
 4045 00b4 B42B     		cmp	r3, #180
 4046 00b6 40F39680 		ble	.L258
 326:../../libDaisy/src/hid/disp/display.h ****             else
 4047              		.loc 3 326 24 view .LVU893
 4048 00ba 4FF00109 		mov	r9, #1
 4049 00be 01E0     		b	.L261
 4050              	.L317:
 304:../../libDaisy/src/hid/disp/display.h **** 
 4051              		.loc 3 304 14 view .LVU894
 4052 00c0 4FF00009 		mov	r9, #0
 4053              	.L261:
 4054              	.LVL279:
 302:../../libDaisy/src/hid/disp/display.h **** 
 4055              		.loc 3 302 27 view .LVU895
 4056 00c4 0124     		movs	r4, #1
 332:../../libDaisy/src/hid/disp/display.h ****         t_y = 0;
 4057              		.loc 3 332 13 view .LVU896
 4058 00c6 7842     		rsbs	r0, r7, #0
 4059              	.LVL280:
ARM GAS  /tmp/ccM1IMph.s 			page 133


 333:../../libDaisy/src/hid/disp/display.h ****         err = 2 - 2 * radius;
 4060              		.loc 3 333 13 view .LVU897
 4061 00c8 4FF0000C 		mov	ip, #0
 4062 00cc 0095     		str	r5, [sp]
 334:../../libDaisy/src/hid/disp/display.h **** 
 4063              		.loc 3 334 17 view .LVU898
 4064 00ce E31B     		subs	r3, r4, r7
 302:../../libDaisy/src/hid/disp/display.h **** 
 4065              		.loc 3 302 17 view .LVU899
 4066 00d0 2146     		mov	r1, r4
 302:../../libDaisy/src/hid/disp/display.h **** 
 4067              		.loc 3 302 22 view .LVU900
 4068 00d2 2746     		mov	r7, r4
 4069              	.LVL281:
 302:../../libDaisy/src/hid/disp/display.h **** 
 4070              		.loc 3 302 12 view .LVU901
 4071 00d4 2246     		mov	r2, r4
 334:../../libDaisy/src/hid/disp/display.h **** 
 4072              		.loc 3 334 17 view .LVU902
 4073 00d6 A340     		lsls	r3, r3, r4
 4074              	.LVL282:
 4075              	.L287:
 338:../../libDaisy/src/hid/disp/display.h ****             {
 4076              		.loc 3 338 13 view .LVU903
 4077 00d8 B9F1000F 		cmp	r9, #0
 4078 00dc 6AD1     		bne	.L263
 343:../../libDaisy/src/hid/disp/display.h ****                 t_exy  = end_x * t_y;
 4079              		.loc 3 343 34 view .LVU904
 4080 00de 4242     		rsbs	r2, r0, #0
 4081              	.LVL283:
 340:../../libDaisy/src/hid/disp/display.h ****                 t_syx  = start_y * t_x;
 4082              		.loc 3 340 24 view .LVU905
 4083 00e0 06EE90CA 		vmov	s13, ip	@ int
 342:../../libDaisy/src/hid/disp/display.h ****                 t_synx = start_y * -t_x;
 4084              		.loc 3 342 34 view .LVU906
 4085 00e4 CCF10001 		rsb	r1, ip, #0
 4086              	.LVL284:
 343:../../libDaisy/src/hid/disp/display.h ****                 t_exy  = end_x * t_y;
 4087              		.loc 3 343 34 view .LVU907
 4088 00e8 07EE102A 		vmov	s14, r2	@ int
 340:../../libDaisy/src/hid/disp/display.h ****                 t_syx  = start_y * t_x;
 4089              		.loc 3 340 24 view .LVU908
 4090 00ec B8EEE66A 		vcvt.f32.s32	s12, s13
 342:../../libDaisy/src/hid/disp/display.h ****                 t_synx = start_y * -t_x;
 4091              		.loc 3 342 34 view .LVU909
 4092 00f0 07EE901A 		vmov	s15, r1	@ int
 341:../../libDaisy/src/hid/disp/display.h ****                 t_sxny = start_x * -t_y;
 4093              		.loc 3 341 24 view .LVU910
 4094 00f4 06EE900A 		vmov	s13, r0	@ int
 343:../../libDaisy/src/hid/disp/display.h ****                 t_exy  = end_x * t_y;
 4095              		.loc 3 343 34 view .LVU911
 4096 00f8 B8EEC77A 		vcvt.f32.s32	s14, s14
 349:../../libDaisy/src/hid/disp/display.h ****                 {
 4097              		.loc 3 349 17 view .LVU912
 4098 00fc 139A     		ldr	r2, [sp, #76]
 340:../../libDaisy/src/hid/disp/display.h ****                 t_syx  = start_y * t_x;
 4099              		.loc 3 340 24 view .LVU913
ARM GAS  /tmp/ccM1IMph.s 			page 134


 4100 00fe 66EE084A 		vmul.f32	s9, s12, s16
 4101              	.LVL285:
 342:../../libDaisy/src/hid/disp/display.h ****                 t_synx = start_y * -t_x;
 4102              		.loc 3 342 34 view .LVU914
 4103 0102 F8EEE77A 		vcvt.f32.s32	s15, s15
 349:../../libDaisy/src/hid/disp/display.h ****                 {
 4104              		.loc 3 349 17 view .LVU915
 4105 0106 B42A     		cmp	r2, #180
 343:../../libDaisy/src/hid/disp/display.h ****                 t_exy  = end_x * t_y;
 4106              		.loc 3 343 24 view .LVU916
 4107 0108 27EE284A 		vmul.f32	s8, s14, s17
 341:../../libDaisy/src/hid/disp/display.h ****                 t_sxny = start_x * -t_y;
 4108              		.loc 3 341 24 view .LVU917
 4109 010c F8EEE66A 		vcvt.f32.s32	s13, s13
 342:../../libDaisy/src/hid/disp/display.h ****                 t_synx = start_y * -t_x;
 4110              		.loc 3 342 24 view .LVU918
 4111 0110 67EE885A 		vmul.f32	s11, s15, s16
 351:../../libDaisy/src/hid/disp/display.h ****                     d2 = (t_sxy - t_syx < 0 || t_exy - t_eyx > 0);
 4112              		.loc 3 351 33 view .LVU919
 4113 0114 74EEC43A 		vsub.f32	s7, s9, s8
 341:../../libDaisy/src/hid/disp/display.h ****                 t_sxny = start_x * -t_y;
 4114              		.loc 3 341 24 view .LVU920
 4115 0118 26EEA85A 		vmul.f32	s10, s13, s17
 4116              	.LVL286:
 344:../../libDaisy/src/hid/disp/display.h ****                 t_eyx  = end_y * t_x;
 4117              		.loc 3 344 24 view .LVU921
 4118 011c 26EE096A 		vmul.f32	s12, s12, s18
 4119              	.LVL287:
 345:../../libDaisy/src/hid/disp/display.h ****                 t_exny = end_x * -t_y;
 4120              		.loc 3 345 24 view .LVU922
 4121 0120 66EE806A 		vmul.f32	s13, s13, s0
 4122              	.LVL288:
 346:../../libDaisy/src/hid/disp/display.h ****                 t_eynx = end_y * -t_x;
 4123              		.loc 3 346 24 view .LVU923
 4124 0124 67EE897A 		vmul.f32	s15, s15, s18
 4125              	.LVL289:
 347:../../libDaisy/src/hid/disp/display.h **** 
 4126              		.loc 3 347 24 view .LVU924
 4127 0128 27EE007A 		vmul.f32	s14, s14, s0
 4128              	.LVL290:
 351:../../libDaisy/src/hid/disp/display.h ****                     d2 = (t_sxy - t_syx < 0 || t_exy - t_eyx > 0);
 4129              		.loc 3 351 46 view .LVU925
 4130 012c F5EEC03A 		vcmpe.f32	s7, #0
 349:../../libDaisy/src/hid/disp/display.h ****                 {
 4131              		.loc 3 349 17 view .LVU926
 4132 0130 40F3F280 		ble	.L264
 351:../../libDaisy/src/hid/disp/display.h ****                     d2 = (t_sxy - t_syx < 0 || t_exy - t_eyx > 0);
 4133              		.loc 3 351 46 view .LVU927
 4134 0134 F1EE10FA 		vmrs	APSR_nzcv, FPSCR
 4135 0138 00F17F81 		bmi	.L290
 351:../../libDaisy/src/hid/disp/display.h ****                     d2 = (t_sxy - t_syx < 0 || t_exy - t_eyx > 0);
 4136              		.loc 3 351 55 discriminator 2 view .LVU928
 4137 013c 76EE473A 		vsub.f32	s7, s12, s14
 352:../../libDaisy/src/hid/disp/display.h ****                     d3 = (t_sxny - t_syx < 0 || t_exny - t_eyx > 0);
 4138              		.loc 3 352 33 discriminator 2 view .LVU929
 4139 0140 74EEC54A 		vsub.f32	s9, s9, s10
 4140              	.LVL291:
ARM GAS  /tmp/ccM1IMph.s 			page 135


 351:../../libDaisy/src/hid/disp/display.h ****                     d2 = (t_sxy - t_syx < 0 || t_exy - t_eyx > 0);
 4141              		.loc 3 351 46 discriminator 2 view .LVU930
 4142 0144 F5EEC03A 		vcmpe.f32	s7, #0
 4143 0148 F1EE10FA 		vmrs	APSR_nzcv, FPSCR
 352:../../libDaisy/src/hid/disp/display.h ****                     d3 = (t_sxny - t_syx < 0 || t_exny - t_eyx > 0);
 4144              		.loc 3 352 45 discriminator 2 view .LVU931
 4145 014c F5EEC04A 		vcmpe.f32	s9, #0
 351:../../libDaisy/src/hid/disp/display.h ****                     d2 = (t_sxy - t_syx < 0 || t_exy - t_eyx > 0);
 4146              		.loc 3 351 46 discriminator 2 view .LVU932
 4147 0150 CCBF     		ite	gt
 4148 0152 0122     		movgt	r2, #1
 4149 0154 0022     		movle	r2, #0
 4150              	.LVL292:
 352:../../libDaisy/src/hid/disp/display.h ****                     d3 = (t_sxny - t_syx < 0 || t_exny - t_eyx > 0);
 4151              		.loc 3 352 45 discriminator 2 view .LVU933
 4152 0156 F1EE10FA 		vmrs	APSR_nzcv, FPSCR
 4153 015a 00F17781 		bmi	.L291
 4154              	.L333:
 352:../../libDaisy/src/hid/disp/display.h ****                     d3 = (t_sxny - t_syx < 0 || t_exny - t_eyx > 0);
 4155              		.loc 3 352 54 discriminator 2 view .LVU934
 4156 015e 36EE666A 		vsub.f32	s12, s12, s13
 4157              	.LVL293:
 353:../../libDaisy/src/hid/disp/display.h ****                     d4 = (t_sxny - t_synx < 0 || t_exny - t_eynx > 0);
 4158              		.loc 3 353 34 discriminator 2 view .LVU935
 4159 0162 35EEC55A 		vsub.f32	s10, s11, s10
 4160              	.LVL294:
 352:../../libDaisy/src/hid/disp/display.h ****                     d3 = (t_sxny - t_syx < 0 || t_exny - t_eyx > 0);
 4161              		.loc 3 352 45 discriminator 2 view .LVU936
 4162 0166 B5EEC06A 		vcmpe.f32	s12, #0
 4163 016a F1EE10FA 		vmrs	APSR_nzcv, FPSCR
 353:../../libDaisy/src/hid/disp/display.h ****                     d4 = (t_sxny - t_synx < 0 || t_exny - t_eynx > 0);
 4164              		.loc 3 353 46 discriminator 2 view .LVU937
 4165 016e B5EEC05A 		vcmpe.f32	s10, #0
 352:../../libDaisy/src/hid/disp/display.h ****                     d3 = (t_sxny - t_syx < 0 || t_exny - t_eyx > 0);
 4166              		.loc 3 352 45 discriminator 2 view .LVU938
 4167 0172 CCBF     		ite	gt
 4168 0174 0121     		movgt	r1, #1
 4169 0176 0021     		movle	r1, #0
 4170              	.LVL295:
 353:../../libDaisy/src/hid/disp/display.h ****                     d4 = (t_sxny - t_synx < 0 || t_exny - t_eynx > 0);
 4171              		.loc 3 353 46 discriminator 2 view .LVU939
 4172 0178 F1EE10FA 		vmrs	APSR_nzcv, FPSCR
 4173 017c 00F16F81 		bmi	.L292
 4174              	.L334:
 353:../../libDaisy/src/hid/disp/display.h ****                     d4 = (t_sxny - t_synx < 0 || t_exny - t_eynx > 0);
 4175              		.loc 3 353 56 discriminator 2 view .LVU940
 4176 0180 77EEE66A 		vsub.f32	s13, s15, s13
 4177              	.LVL296:
 353:../../libDaisy/src/hid/disp/display.h ****                     d4 = (t_sxny - t_synx < 0 || t_exny - t_eynx > 0);
 4178              		.loc 3 353 46 discriminator 2 view .LVU941
 4179 0184 F5EEC06A 		vcmpe.f32	s13, #0
 4180 0188 F1EE10FA 		vmrs	APSR_nzcv, FPSCR
 4181 018c CCBF     		ite	gt
 4182 018e 0127     		movgt	r7, #1
 4183              	.LVL297:
 353:../../libDaisy/src/hid/disp/display.h ****                     d4 = (t_sxny - t_synx < 0 || t_exny - t_eynx > 0);
 4184              		.loc 3 353 46 discriminator 2 view .LVU942
ARM GAS  /tmp/ccM1IMph.s 			page 136


 4185 0190 0027     		movle	r7, #0
 4186              	.L267:
 4187              	.LVL298:
 354:../../libDaisy/src/hid/disp/display.h ****                 }
 4188              		.loc 3 354 34 discriminator 6 view .LVU943
 4189 0192 75EEC45A 		vsub.f32	s11, s11, s8
 4190              	.LVL299:
 354:../../libDaisy/src/hid/disp/display.h ****                 }
 4191              		.loc 3 354 47 discriminator 6 view .LVU944
 4192 0196 F5EEC05A 		vcmpe.f32	s11, #0
 4193 019a F1EE10FA 		vmrs	APSR_nzcv, FPSCR
 4194 019e 00F14781 		bmi	.L293
 4195              	.L323:
 361:../../libDaisy/src/hid/disp/display.h ****                 }
 4196              		.loc 3 361 57 discriminator 1 view .LVU945
 4197 01a2 77EEC77A 		vsub.f32	s15, s15, s14
 4198              	.LVL300:
 361:../../libDaisy/src/hid/disp/display.h ****                 }
 4199              		.loc 3 361 47 discriminator 1 view .LVU946
 4200 01a6 F5EEC07A 		vcmpe.f32	s15, #0
 4201 01aa F1EE10FA 		vmrs	APSR_nzcv, FPSCR
 4202 01ae CCBF     		ite	gt
 4203 01b0 0124     		movgt	r4, #1
 4204              	.LVL301:
 361:../../libDaisy/src/hid/disp/display.h ****                 }
 4205              		.loc 3 361 47 discriminator 1 view .LVU947
 4206 01b2 0024     		movle	r4, #0
 4207              	.LVL302:
 4208              	.L263:
 365:../../libDaisy/src/hid/disp/display.h ****                 ((ChildType*)(this))
 4209              		.loc 3 365 13 view .LVU948
 4210 01b4 002A     		cmp	r2, #0
 4211 01b6 40F08A80 		bne	.L324
 4212              	.L275:
 368:../../libDaisy/src/hid/disp/display.h ****                 ((ChildType*)(this))
 4213              		.loc 3 368 13 view .LVU949
 4214 01ba 0029     		cmp	r1, #0
 4215 01bc 64D1     		bne	.L325
 4216              	.L277:
 371:../../libDaisy/src/hid/disp/display.h ****                 ((ChildType*)(this))
 4217              		.loc 3 371 13 view .LVU950
 4218 01be BFB9     		cbnz	r7, .L326
 4219              	.L279:
 374:../../libDaisy/src/hid/disp/display.h ****                 ((ChildType*)(this))
 4220              		.loc 3 374 13 view .LVU951
 4221 01c0 C4BB     		cbnz	r4, .L327
 4222              	.L281:
 4223              	.LVL303:
 379:../../libDaisy/src/hid/disp/display.h ****             {
 4224              		.loc 3 379 13 view .LVU952
 4225 01c2 9C45     		cmp	ip, r3
 4226 01c4 58DB     		blt	.L298
 4227              	.L329:
 381:../../libDaisy/src/hid/disp/display.h ****                 err = err + (t_y * 2 + 1);
 4228              		.loc 3 381 17 view .LVU953
 4229 01c6 0CF1010C 		add	ip, ip, #1
 4230              	.LVL304:
ARM GAS  /tmp/ccM1IMph.s 			page 137


 382:../../libDaisy/src/hid/disp/display.h ****                 if(-t_x == t_y && e2 <= t_x)
 4231              		.loc 3 382 38 view .LVU954
 4232 01ca 03EB4C0E 		add	lr, r3, ip, lsl #1
 383:../../libDaisy/src/hid/disp/display.h ****                 {
 4233              		.loc 3 383 17 view .LVU955
 4234 01ce 1CEB000F 		cmn	ip, r0
 382:../../libDaisy/src/hid/disp/display.h ****                 if(-t_x == t_y && e2 <= t_x)
 4235              		.loc 3 382 21 view .LVU956
 4236 01d2 0EF1010E 		add	lr, lr, #1
 4237              	.LVL305:
 383:../../libDaisy/src/hid/disp/display.h ****                 {
 4238              		.loc 3 383 17 view .LVU957
 4239 01d6 00F0C080 		beq	.L328
 4240              	.LVL306:
 4241              	.L283:
 388:../../libDaisy/src/hid/disp/display.h ****             {
 4242              		.loc 3 388 13 view .LVU958
 4243 01da 9842     		cmp	r0, r3
 4244 01dc 4FDB     		blt	.L284
 4245              	.L299:
 388:../../libDaisy/src/hid/disp/display.h ****             {
 4246              		.loc 3 388 13 view .LVU959
 4247 01de 7346     		mov	r3, lr
 4248              	.LVL307:
 4249              	.L285:
 393:../../libDaisy/src/hid/disp/display.h ****     }
 4250              		.loc 3 393 21 is_stmt 1 view .LVU960
 4251 01e0 0028     		cmp	r0, #0
 4252 01e2 7FF779AF 		ble	.L287
 4253              	.LVL308:
 4254              	.L258:
 394:../../libDaisy/src/hid/disp/display.h **** 
 4255              		.loc 3 394 5 is_stmt 0 view .LVU961
 4256 01e6 03B0     		add	sp, sp, #12
 4257              		.cfi_remember_state
 4258              		.cfi_def_cfa_offset 60
 4259              		@ sp needed
 4260 01e8 BDEC068B 		vldm	sp!, {d8-d10}
 4261              		.cfi_restore 84
 4262              		.cfi_restore 85
 4263              		.cfi_restore 82
 4264              		.cfi_restore 83
 4265              		.cfi_restore 80
 4266              		.cfi_restore 81
 4267              		.cfi_def_cfa_offset 36
 4268              	.LVL309:
 394:../../libDaisy/src/hid/disp/display.h **** 
 4269              		.loc 3 394 5 view .LVU962
 4270 01ec BDE8F08F 		pop	{r4, r5, r6, r7, r8, r9, r10, fp, pc}
 4271              	.LVL310:
 4272              	.L326:
 4273              		.cfi_restore_state
 373:../../libDaisy/src/hid/disp/display.h ****             if(d4)
 4274              		.loc 3 373 43 view .LVU963
 4275 01f0 009D     		ldr	r5, [sp]
 4276 01f2 A6EB0C0E 		sub	lr, r6, ip
 4277 01f6 00EB050A 		add	r10, r0, r5
ARM GAS  /tmp/ccM1IMph.s 			page 138


 4278              	.LVL311:
 4279              	.LBB1380:
 4280              	.LBI1380:
  42:../../libDaisy/src/hid/disp/oled_display.h ****     {
 4281              		.loc 2 42 10 is_stmt 1 view .LVU964
 4282              	.LBB1381:
 4283              	.LBI1381:
 352:../../libDaisy/src/dev/oled_ssd130x.h ****     {
 4284              		.loc 16 352 10 view .LVU965
 4285              	.LBB1382:
 354:../../libDaisy/src/dev/oled_ssd130x.h ****             return;
 4286              		.loc 16 354 9 is_stmt 0 view .LVU966
 4287 01fa BAF17F0F 		cmp	r10, #127
 4288 01fe DFD8     		bhi	.L279
 4289 0200 BEF13F0F 		cmp	lr, #63
 4290 0204 DCD8     		bhi	.L279
 357:../../libDaisy/src/dev/oled_ssd130x.h ****         else
 4291              		.loc 16 357 28 view .LVU967
 4292 0206 4FEADE0B 		lsr	fp, lr, #3
 356:../../libDaisy/src/dev/oled_ssd130x.h ****             buffer_[x + (y / 8) * width] |= (1 << (y % 8));
 4293              		.loc 16 356 9 view .LVU968
 4294 020a 019D     		ldr	r5, [sp, #4]
 357:../../libDaisy/src/dev/oled_ssd130x.h ****         else
 4295              		.loc 16 357 42 view .LVU969
 4296 020c 0AEBCB1A 		add	r10, r10, fp, lsl #7
 4297              	.LVL312:
 356:../../libDaisy/src/dev/oled_ssd130x.h ****             buffer_[x + (y / 8) * width] |= (1 << (y % 8));
 4298              		.loc 16 356 9 view .LVU970
 4299 0210 002D     		cmp	r5, #0
 4300 0212 00F0B180 		beq	.L280
 357:../../libDaisy/src/dev/oled_ssd130x.h ****         else
 4301              		.loc 16 357 54 view .LVU971
 4302 0216 0EF0070B 		and	fp, lr, #7
 357:../../libDaisy/src/dev/oled_ssd130x.h ****         else
 4303              		.loc 16 357 42 view .LVU972
 4304 021a C244     		add	r10, r10, r8
 357:../../libDaisy/src/dev/oled_ssd130x.h ****         else
 4305              		.loc 16 357 48 view .LVU973
 4306 021c 4FF0010E 		mov	lr, #1
 4307              	.LVL313:
 357:../../libDaisy/src/dev/oled_ssd130x.h ****         else
 4308              		.loc 16 357 48 view .LVU974
 4309 0220 0EFA0BFE 		lsl	lr, lr, fp
 357:../../libDaisy/src/dev/oled_ssd130x.h ****         else
 4310              		.loc 16 357 42 view .LVU975
 4311 0224 9AF814B0 		ldrb	fp, [r10, #20]	@ zero_extendqisi2
 4312 0228 4EEA0B0E 		orr	lr, lr, fp
 4313 022c 8AF814E0 		strb	lr, [r10, #20]
 4314              	.LVL314:
 357:../../libDaisy/src/dev/oled_ssd130x.h ****         else
 4315              		.loc 16 357 42 view .LVU976
 4316              	.LBE1382:
 4317              	.LBE1381:
 4318              	.LBE1380:
 374:../../libDaisy/src/hid/disp/display.h ****                 ((ChildType*)(this))
 4319              		.loc 3 374 13 view .LVU977
 4320 0230 002C     		cmp	r4, #0
ARM GAS  /tmp/ccM1IMph.s 			page 139


 4321 0232 C6D0     		beq	.L281
 4322              	.L327:
 376:../../libDaisy/src/hid/disp/display.h **** 
 4323              		.loc 3 376 43 view .LVU978
 4324 0234 009D     		ldr	r5, [sp]
 4325 0236 A6EB0C0E 		sub	lr, r6, ip
 4326 023a A5EB000A 		sub	r10, r5, r0
 4327              	.LVL315:
 4328              	.LBB1387:
 4329              	.LBI1387:
  42:../../libDaisy/src/hid/disp/oled_display.h ****     {
 4330              		.loc 2 42 10 is_stmt 1 view .LVU979
 4331              	.LBB1388:
 4332              	.LBI1388:
 352:../../libDaisy/src/dev/oled_ssd130x.h ****     {
 4333              		.loc 16 352 10 view .LVU980
 4334              	.LBB1389:
 354:../../libDaisy/src/dev/oled_ssd130x.h ****             return;
 4335              		.loc 16 354 9 is_stmt 0 view .LVU981
 4336 023e BAF17F0F 		cmp	r10, #127
 4337 0242 BED8     		bhi	.L281
 4338 0244 BEF13F0F 		cmp	lr, #63
 4339 0248 BBD8     		bhi	.L281
 357:../../libDaisy/src/dev/oled_ssd130x.h ****         else
 4340              		.loc 16 357 28 view .LVU982
 4341 024a 4FEADE0B 		lsr	fp, lr, #3
 356:../../libDaisy/src/dev/oled_ssd130x.h ****             buffer_[x + (y / 8) * width] |= (1 << (y % 8));
 4342              		.loc 16 356 9 view .LVU983
 4343 024e 019D     		ldr	r5, [sp, #4]
 357:../../libDaisy/src/dev/oled_ssd130x.h ****         else
 4344              		.loc 16 357 42 view .LVU984
 4345 0250 0AEBCB1A 		add	r10, r10, fp, lsl #7
 4346              	.LVL316:
 356:../../libDaisy/src/dev/oled_ssd130x.h ****             buffer_[x + (y / 8) * width] |= (1 << (y % 8));
 4347              		.loc 16 356 9 view .LVU985
 4348 0254 002D     		cmp	r5, #0
 4349 0256 00F0AE80 		beq	.L282
 357:../../libDaisy/src/dev/oled_ssd130x.h ****         else
 4350              		.loc 16 357 54 view .LVU986
 4351 025a 0EF0070B 		and	fp, lr, #7
 357:../../libDaisy/src/dev/oled_ssd130x.h ****         else
 4352              		.loc 16 357 42 view .LVU987
 4353 025e C244     		add	r10, r10, r8
 357:../../libDaisy/src/dev/oled_ssd130x.h ****         else
 4354              		.loc 16 357 48 view .LVU988
 4355 0260 4FF0010E 		mov	lr, #1
 4356              	.LVL317:
 357:../../libDaisy/src/dev/oled_ssd130x.h ****         else
 4357              		.loc 16 357 48 view .LVU989
 4358              	.LBE1389:
 4359              	.LBE1388:
 4360              	.LBE1387:
 379:../../libDaisy/src/hid/disp/display.h ****             {
 4361              		.loc 3 379 13 view .LVU990
 4362 0264 9C45     		cmp	ip, r3
 4363              	.LBB1396:
 4364              	.LBB1394:
ARM GAS  /tmp/ccM1IMph.s 			page 140


 4365              	.LBB1392:
 357:../../libDaisy/src/dev/oled_ssd130x.h ****         else
 4366              		.loc 16 357 48 view .LVU991
 4367 0266 0EFA0BFE 		lsl	lr, lr, fp
 357:../../libDaisy/src/dev/oled_ssd130x.h ****         else
 4368              		.loc 16 357 42 view .LVU992
 4369 026a 9AF814B0 		ldrb	fp, [r10, #20]	@ zero_extendqisi2
 4370 026e 4EEA0B0E 		orr	lr, lr, fp
 4371 0272 8AF814E0 		strb	lr, [r10, #20]
 4372              	.LVL318:
 357:../../libDaisy/src/dev/oled_ssd130x.h ****         else
 4373              		.loc 16 357 42 view .LVU993
 4374              	.LBE1392:
 4375              	.LBE1394:
 4376              	.LBE1396:
 379:../../libDaisy/src/hid/disp/display.h ****             {
 4377              		.loc 3 379 13 view .LVU994
 4378 0276 A6DA     		bge	.L329
 4379              	.L298:
 388:../../libDaisy/src/hid/disp/display.h ****             {
 4380              		.loc 3 388 13 view .LVU995
 4381 0278 9842     		cmp	r0, r3
 4382 027a 9E46     		mov	lr, r3
 4383              	.LVL319:
 388:../../libDaisy/src/hid/disp/display.h ****             {
 4384              		.loc 3 388 13 view .LVU996
 4385 027c AFDA     		bge	.L299
 4386              	.LVL320:
 4387              	.L284:
 390:../../libDaisy/src/hid/disp/display.h ****                 err = err + (t_x * 2 + 1);
 4388              		.loc 3 390 17 view .LVU997
 4389 027e 0130     		adds	r0, r0, #1
 4390              	.LVL321:
 391:../../libDaisy/src/hid/disp/display.h ****             }
 4391              		.loc 3 391 38 view .LVU998
 4392 0280 0EEB4003 		add	r3, lr, r0, lsl #1
 391:../../libDaisy/src/hid/disp/display.h ****             }
 4393              		.loc 3 391 21 view .LVU999
 4394 0284 0133     		adds	r3, r3, #1
 4395              	.LVL322:
 391:../../libDaisy/src/hid/disp/display.h ****             }
 4396              		.loc 3 391 21 view .LVU1000
 4397 0286 ABE7     		b	.L285
 4398              	.L325:
 370:../../libDaisy/src/hid/disp/display.h ****             if(d3)
 4399              		.loc 3 370 43 view .LVU1001
 4400 0288 009D     		ldr	r5, [sp]
 4401 028a 0CEB060E 		add	lr, ip, r6
 4402 028e 00EB050A 		add	r10, r0, r5
 4403              	.LVL323:
 4404              	.LBB1397:
 4405              	.LBI1397:
  42:../../libDaisy/src/hid/disp/oled_display.h ****     {
 4406              		.loc 2 42 10 is_stmt 1 view .LVU1002
 4407              	.LBB1398:
 4408              	.LBI1398:
 352:../../libDaisy/src/dev/oled_ssd130x.h ****     {
ARM GAS  /tmp/ccM1IMph.s 			page 141


 4409              		.loc 16 352 10 view .LVU1003
 4410              	.LBB1399:
 354:../../libDaisy/src/dev/oled_ssd130x.h ****             return;
 4411              		.loc 16 354 9 is_stmt 0 view .LVU1004
 4412 0292 BAF17F0F 		cmp	r10, #127
 4413 0296 92D8     		bhi	.L277
 4414 0298 BEF13F0F 		cmp	lr, #63
 4415 029c 8FD8     		bhi	.L277
 357:../../libDaisy/src/dev/oled_ssd130x.h ****         else
 4416              		.loc 16 357 28 view .LVU1005
 4417 029e 4FEADE0B 		lsr	fp, lr, #3
 356:../../libDaisy/src/dev/oled_ssd130x.h ****             buffer_[x + (y / 8) * width] |= (1 << (y % 8));
 4418              		.loc 16 356 9 view .LVU1006
 4419 02a2 019D     		ldr	r5, [sp, #4]
 357:../../libDaisy/src/dev/oled_ssd130x.h ****         else
 4420              		.loc 16 357 42 view .LVU1007
 4421 02a4 0AEBCB1A 		add	r10, r10, fp, lsl #7
 4422              	.LVL324:
 356:../../libDaisy/src/dev/oled_ssd130x.h ****             buffer_[x + (y / 8) * width] |= (1 << (y % 8));
 4423              		.loc 16 356 9 view .LVU1008
 4424 02a8 002D     		cmp	r5, #0
 4425 02aa 73D0     		beq	.L278
 357:../../libDaisy/src/dev/oled_ssd130x.h ****         else
 4426              		.loc 16 357 54 view .LVU1009
 4427 02ac 0EF0070B 		and	fp, lr, #7
 357:../../libDaisy/src/dev/oled_ssd130x.h ****         else
 4428              		.loc 16 357 42 view .LVU1010
 4429 02b0 C244     		add	r10, r10, r8
 357:../../libDaisy/src/dev/oled_ssd130x.h ****         else
 4430              		.loc 16 357 48 view .LVU1011
 4431 02b2 4FF0010E 		mov	lr, #1
 4432              	.LVL325:
 357:../../libDaisy/src/dev/oled_ssd130x.h ****         else
 4433              		.loc 16 357 48 view .LVU1012
 4434 02b6 0EFA0BFE 		lsl	lr, lr, fp
 357:../../libDaisy/src/dev/oled_ssd130x.h ****         else
 4435              		.loc 16 357 42 view .LVU1013
 4436 02ba 9AF814B0 		ldrb	fp, [r10, #20]	@ zero_extendqisi2
 4437 02be 4EEA0B0E 		orr	lr, lr, fp
 4438 02c2 8AF814E0 		strb	lr, [r10, #20]
 4439              	.LVL326:
 357:../../libDaisy/src/dev/oled_ssd130x.h ****         else
 4440              		.loc 16 357 42 view .LVU1014
 4441              	.LBE1399:
 4442              	.LBE1398:
 4443              	.LBE1397:
 371:../../libDaisy/src/hid/disp/display.h ****                 ((ChildType*)(this))
 4444              		.loc 3 371 13 view .LVU1015
 4445 02c6 002F     		cmp	r7, #0
 4446 02c8 3FF47AAF 		beq	.L279
 4447 02cc 90E7     		b	.L326
 4448              	.L324:
 367:../../libDaisy/src/hid/disp/display.h ****             if(d2)
 4449              		.loc 3 367 43 view .LVU1016
 4450 02ce 009D     		ldr	r5, [sp]
 4451 02d0 0CEB060E 		add	lr, ip, r6
 4452 02d4 A5EB000A 		sub	r10, r5, r0
ARM GAS  /tmp/ccM1IMph.s 			page 142


 4453              	.LVL327:
 4454              	.LBB1404:
 4455              	.LBI1404:
  42:../../libDaisy/src/hid/disp/oled_display.h ****     {
 4456              		.loc 2 42 10 is_stmt 1 view .LVU1017
 4457              	.LBB1405:
 4458              	.LBI1405:
 352:../../libDaisy/src/dev/oled_ssd130x.h ****     {
 4459              		.loc 16 352 10 view .LVU1018
 4460              	.LBB1406:
 354:../../libDaisy/src/dev/oled_ssd130x.h ****             return;
 4461              		.loc 16 354 9 is_stmt 0 view .LVU1019
 4462 02d8 BAF17F0F 		cmp	r10, #127
 4463 02dc 3FF66DAF 		bhi	.L275
 4464 02e0 BEF13F0F 		cmp	lr, #63
 4465 02e4 3FF669AF 		bhi	.L275
 357:../../libDaisy/src/dev/oled_ssd130x.h ****         else
 4466              		.loc 16 357 28 view .LVU1020
 4467 02e8 4FEADE0B 		lsr	fp, lr, #3
 356:../../libDaisy/src/dev/oled_ssd130x.h ****             buffer_[x + (y / 8) * width] |= (1 << (y % 8));
 4468              		.loc 16 356 9 view .LVU1021
 4469 02ec 019D     		ldr	r5, [sp, #4]
 357:../../libDaisy/src/dev/oled_ssd130x.h ****         else
 4470              		.loc 16 357 42 view .LVU1022
 4471 02ee 0AEBCB1A 		add	r10, r10, fp, lsl #7
 4472              	.LVL328:
 356:../../libDaisy/src/dev/oled_ssd130x.h ****             buffer_[x + (y / 8) * width] |= (1 << (y % 8));
 4473              		.loc 16 356 9 view .LVU1023
 4474 02f2 002D     		cmp	r5, #0
 4475 02f4 6DD0     		beq	.L276
 357:../../libDaisy/src/dev/oled_ssd130x.h ****         else
 4476              		.loc 16 357 54 view .LVU1024
 4477 02f6 0EF0070B 		and	fp, lr, #7
 357:../../libDaisy/src/dev/oled_ssd130x.h ****         else
 4478              		.loc 16 357 42 view .LVU1025
 4479 02fa C244     		add	r10, r10, r8
 357:../../libDaisy/src/dev/oled_ssd130x.h ****         else
 4480              		.loc 16 357 48 view .LVU1026
 4481 02fc 4FF0010E 		mov	lr, #1
 4482              	.LVL329:
 357:../../libDaisy/src/dev/oled_ssd130x.h ****         else
 4483              		.loc 16 357 48 view .LVU1027
 4484 0300 0EFA0BFE 		lsl	lr, lr, fp
 357:../../libDaisy/src/dev/oled_ssd130x.h ****         else
 4485              		.loc 16 357 42 view .LVU1028
 4486 0304 9AF814B0 		ldrb	fp, [r10, #20]	@ zero_extendqisi2
 4487 0308 4EEA0B0E 		orr	lr, lr, fp
 4488 030c 8AF814E0 		strb	lr, [r10, #20]
 4489              	.LVL330:
 357:../../libDaisy/src/dev/oled_ssd130x.h ****         else
 4490              		.loc 16 357 42 view .LVU1029
 4491              	.LBE1406:
 4492              	.LBE1405:
 4493              	.LBE1404:
 368:../../libDaisy/src/hid/disp/display.h ****                 ((ChildType*)(this))
 4494              		.loc 3 368 13 view .LVU1030
 4495 0310 0029     		cmp	r1, #0
ARM GAS  /tmp/ccM1IMph.s 			page 143


 4496 0312 3FF454AF 		beq	.L277
 4497 0316 B7E7     		b	.L325
 4498              	.LVL331:
 4499              	.L264:
 358:../../libDaisy/src/hid/disp/display.h ****                     d2 = (t_sxy - t_syx < 0 && t_exy - t_eyx > 0);
 4500              		.loc 3 358 46 view .LVU1031
 4501 0318 F1EE10FA 		vmrs	APSR_nzcv, FPSCR
 4502 031c 7ED4     		bmi	.L330
 4503 031e 4A46     		mov	r2, r9
 4504              	.L268:
 4505              	.LVL332:
 359:../../libDaisy/src/hid/disp/display.h ****                     d3 = (t_sxny - t_syx < 0 && t_exny - t_eyx > 0);
 4506              		.loc 3 359 33 discriminator 6 view .LVU1032
 4507 0320 74EEC54A 		vsub.f32	s9, s9, s10
 4508              	.LVL333:
 359:../../libDaisy/src/hid/disp/display.h ****                     d3 = (t_sxny - t_syx < 0 && t_exny - t_eyx > 0);
 4509              		.loc 3 359 45 discriminator 6 view .LVU1033
 4510 0324 F5EEC04A 		vcmpe.f32	s9, #0
 4511 0328 F1EE10FA 		vmrs	APSR_nzcv, FPSCR
 4512 032c 6CD4     		bmi	.L331
 359:../../libDaisy/src/hid/disp/display.h ****                     d3 = (t_sxny - t_syx < 0 && t_exny - t_eyx > 0);
 4513              		.loc 3 359 45 view .LVU1034
 4514 032e 0021     		movs	r1, #0
 4515              	.LVL334:
 4516              	.L270:
 360:../../libDaisy/src/hid/disp/display.h ****                     d4 = (t_sxny - t_synx < 0 && t_exny - t_eynx > 0);
 4517              		.loc 3 360 34 discriminator 6 view .LVU1035
 4518 0330 35EEC55A 		vsub.f32	s10, s11, s10
 4519              	.LVL335:
 360:../../libDaisy/src/hid/disp/display.h ****                     d4 = (t_sxny - t_synx < 0 && t_exny - t_eynx > 0);
 4520              		.loc 3 360 46 discriminator 6 view .LVU1036
 4521 0334 B5EEC05A 		vcmpe.f32	s10, #0
 4522 0338 F1EE10FA 		vmrs	APSR_nzcv, FPSCR
 4523 033c 5AD4     		bmi	.L332
 360:../../libDaisy/src/hid/disp/display.h ****                     d4 = (t_sxny - t_synx < 0 && t_exny - t_eynx > 0);
 4524              		.loc 3 360 46 view .LVU1037
 4525 033e 0027     		movs	r7, #0
 4526              	.LVL336:
 4527              	.L272:
 361:../../libDaisy/src/hid/disp/display.h ****                 }
 4528              		.loc 3 361 34 discriminator 6 view .LVU1038
 4529 0340 75EEC45A 		vsub.f32	s11, s11, s8
 4530              	.LVL337:
 361:../../libDaisy/src/hid/disp/display.h ****                 }
 4531              		.loc 3 361 47 discriminator 6 view .LVU1039
 4532 0344 F5EEC05A 		vcmpe.f32	s11, #0
 4533 0348 F1EE10FA 		vmrs	APSR_nzcv, FPSCR
 4534 034c 3FF529AF 		bmi	.L323
 361:../../libDaisy/src/hid/disp/display.h ****                 }
 4535              		.loc 3 361 47 view .LVU1040
 4536 0350 0024     		movs	r4, #0
 4537              	.LVL338:
 365:../../libDaisy/src/hid/disp/display.h ****                 ((ChildType*)(this))
 4538              		.loc 3 365 13 view .LVU1041
 4539 0352 002A     		cmp	r2, #0
 4540 0354 3FF431AF 		beq	.L275
 4541 0358 B9E7     		b	.L324
ARM GAS  /tmp/ccM1IMph.s 			page 144


 4542              	.LVL339:
 4543              	.L328:
 383:../../libDaisy/src/hid/disp/display.h ****                 {
 4544              		.loc 3 383 32 discriminator 1 view .LVU1042
 4545 035a 9842     		cmp	r0, r3
 4546 035c 8FDB     		blt	.L284
 385:../../libDaisy/src/hid/disp/display.h ****                 }
 4547              		.loc 3 385 24 view .LVU1043
 4548 035e 0023     		movs	r3, #0
 4549              	.LVL340:
 385:../../libDaisy/src/hid/disp/display.h ****                 }
 4550              		.loc 3 385 24 view .LVU1044
 4551 0360 3BE7     		b	.L283
 4552              	.L336:
 4553 0362 00BFAFF3 		.align	3
 4553      0080
 4554              	.L335:
 4555 0368 7A008BFC 		.word	-57999238
 4556 036c FA210940 		.word	1074340346
 4557 0370 00000000 		.word	0
 4558 0374 00806640 		.word	1080459264
 4559              	.LVL341:
 4560              	.L280:
 4561              	.LBB1411:
 4562              	.LBB1386:
 4563              	.LBB1385:
 4564              	.LBB1383:
 4565              	.LBI1383:
 352:../../libDaisy/src/dev/oled_ssd130x.h ****     {
 4566              		.loc 16 352 10 is_stmt 1 view .LVU1045
 4567              	.LBB1384:
 359:../../libDaisy/src/dev/oled_ssd130x.h ****     }
 4568              		.loc 16 359 42 is_stmt 0 view .LVU1046
 4569 0378 C244     		add	r10, r10, r8
 4570              	.LVL342:
 359:../../libDaisy/src/dev/oled_ssd130x.h ****     }
 4571              		.loc 16 359 49 view .LVU1047
 4572 037a 4FF0010B 		mov	fp, #1
 4573              	.LVL343:
 359:../../libDaisy/src/dev/oled_ssd130x.h ****     }
 4574              		.loc 16 359 55 view .LVU1048
 4575 037e 0EF0070E 		and	lr, lr, #7
 4576              	.LVL344:
 359:../../libDaisy/src/dev/oled_ssd130x.h ****     }
 4577              		.loc 16 359 49 view .LVU1049
 4578 0382 0BFA0EFE 		lsl	lr, fp, lr
 359:../../libDaisy/src/dev/oled_ssd130x.h ****     }
 4579              		.loc 16 359 42 view .LVU1050
 4580 0386 9AF814B0 		ldrb	fp, [r10, #20]	@ zero_extendqisi2
 4581 038a 2BEA0E0E 		bic	lr, fp, lr
 4582 038e 8AF814E0 		strb	lr, [r10, #20]
 4583              	.LVL345:
 359:../../libDaisy/src/dev/oled_ssd130x.h ****     }
 4584              		.loc 16 359 42 view .LVU1051
 4585 0392 15E7     		b	.L279
 4586              	.LVL346:
 4587              	.L278:
ARM GAS  /tmp/ccM1IMph.s 			page 145


 359:../../libDaisy/src/dev/oled_ssd130x.h ****     }
 4588              		.loc 16 359 42 view .LVU1052
 4589              	.LBE1384:
 4590              	.LBE1383:
 4591              	.LBE1385:
 4592              	.LBE1386:
 4593              	.LBE1411:
 4594              	.LBB1412:
 4595              	.LBB1403:
 4596              	.LBB1402:
 4597              	.LBB1400:
 4598              	.LBI1400:
 352:../../libDaisy/src/dev/oled_ssd130x.h ****     {
 4599              		.loc 16 352 10 is_stmt 1 view .LVU1053
 4600              	.LBB1401:
 359:../../libDaisy/src/dev/oled_ssd130x.h ****     }
 4601              		.loc 16 359 42 is_stmt 0 view .LVU1054
 4602 0394 C244     		add	r10, r10, r8
 4603              	.LVL347:
 359:../../libDaisy/src/dev/oled_ssd130x.h ****     }
 4604              		.loc 16 359 49 view .LVU1055
 4605 0396 4FF0010B 		mov	fp, #1
 4606              	.LVL348:
 359:../../libDaisy/src/dev/oled_ssd130x.h ****     }
 4607              		.loc 16 359 55 view .LVU1056
 4608 039a 0EF0070E 		and	lr, lr, #7
 4609              	.LVL349:
 359:../../libDaisy/src/dev/oled_ssd130x.h ****     }
 4610              		.loc 16 359 49 view .LVU1057
 4611 039e 0BFA0EFE 		lsl	lr, fp, lr
 359:../../libDaisy/src/dev/oled_ssd130x.h ****     }
 4612              		.loc 16 359 42 view .LVU1058
 4613 03a2 9AF814B0 		ldrb	fp, [r10, #20]	@ zero_extendqisi2
 4614 03a6 2BEA0E0E 		bic	lr, fp, lr
 4615 03aa 8AF814E0 		strb	lr, [r10, #20]
 4616              	.LVL350:
 359:../../libDaisy/src/dev/oled_ssd130x.h ****     }
 4617              		.loc 16 359 42 view .LVU1059
 4618              	.LBE1401:
 4619              	.LBE1400:
 4620              	.LBE1402:
 4621              	.LBE1403:
 4622              	.LBE1412:
 371:../../libDaisy/src/hid/disp/display.h ****                 ((ChildType*)(this))
 4623              		.loc 3 371 13 view .LVU1060
 4624 03ae 002F     		cmp	r7, #0
 4625 03b0 3FF406AF 		beq	.L279
 4626 03b4 1CE7     		b	.L326
 4627              	.LVL351:
 4628              	.L282:
 4629              	.LBB1413:
 4630              	.LBB1395:
 4631              	.LBB1393:
 4632              	.LBB1390:
 4633              	.LBI1390:
 352:../../libDaisy/src/dev/oled_ssd130x.h ****     {
 4634              		.loc 16 352 10 is_stmt 1 view .LVU1061
ARM GAS  /tmp/ccM1IMph.s 			page 146


 4635              	.LBB1391:
 359:../../libDaisy/src/dev/oled_ssd130x.h ****     }
 4636              		.loc 16 359 42 is_stmt 0 view .LVU1062
 4637 03b6 C244     		add	r10, r10, r8
 4638              	.LVL352:
 359:../../libDaisy/src/dev/oled_ssd130x.h ****     }
 4639              		.loc 16 359 49 view .LVU1063
 4640 03b8 4FF0010B 		mov	fp, #1
 4641              	.LVL353:
 359:../../libDaisy/src/dev/oled_ssd130x.h ****     }
 4642              		.loc 16 359 55 view .LVU1064
 4643 03bc 0EF0070E 		and	lr, lr, #7
 4644              	.LVL354:
 359:../../libDaisy/src/dev/oled_ssd130x.h ****     }
 4645              		.loc 16 359 49 view .LVU1065
 4646 03c0 0BFA0EFE 		lsl	lr, fp, lr
 359:../../libDaisy/src/dev/oled_ssd130x.h ****     }
 4647              		.loc 16 359 42 view .LVU1066
 4648 03c4 9AF814B0 		ldrb	fp, [r10, #20]	@ zero_extendqisi2
 4649 03c8 2BEA0E0E 		bic	lr, fp, lr
 4650 03cc 8AF814E0 		strb	lr, [r10, #20]
 4651              	.LVL355:
 359:../../libDaisy/src/dev/oled_ssd130x.h ****     }
 4652              		.loc 16 359 42 view .LVU1067
 4653 03d0 F7E6     		b	.L281
 4654              	.LVL356:
 4655              	.L276:
 359:../../libDaisy/src/dev/oled_ssd130x.h ****     }
 4656              		.loc 16 359 42 view .LVU1068
 4657              	.LBE1391:
 4658              	.LBE1390:
 4659              	.LBE1393:
 4660              	.LBE1395:
 4661              	.LBE1413:
 4662              	.LBB1414:
 4663              	.LBB1410:
 4664              	.LBB1409:
 4665              	.LBB1407:
 4666              	.LBI1407:
 352:../../libDaisy/src/dev/oled_ssd130x.h ****     {
 4667              		.loc 16 352 10 is_stmt 1 view .LVU1069
 4668              	.LBB1408:
 359:../../libDaisy/src/dev/oled_ssd130x.h ****     }
 4669              		.loc 16 359 42 is_stmt 0 view .LVU1070
 4670 03d2 C244     		add	r10, r10, r8
 4671              	.LVL357:
 359:../../libDaisy/src/dev/oled_ssd130x.h ****     }
 4672              		.loc 16 359 49 view .LVU1071
 4673 03d4 4FF0010B 		mov	fp, #1
 4674              	.LVL358:
 359:../../libDaisy/src/dev/oled_ssd130x.h ****     }
 4675              		.loc 16 359 55 view .LVU1072
 4676 03d8 0EF0070E 		and	lr, lr, #7
 4677              	.LVL359:
 359:../../libDaisy/src/dev/oled_ssd130x.h ****     }
 4678              		.loc 16 359 49 view .LVU1073
 4679 03dc 0BFA0EFE 		lsl	lr, fp, lr
ARM GAS  /tmp/ccM1IMph.s 			page 147


 359:../../libDaisy/src/dev/oled_ssd130x.h ****     }
 4680              		.loc 16 359 42 view .LVU1074
 4681 03e0 9AF814B0 		ldrb	fp, [r10, #20]	@ zero_extendqisi2
 4682 03e4 2BEA0E0E 		bic	lr, fp, lr
 4683 03e8 8AF814E0 		strb	lr, [r10, #20]
 4684              	.LVL360:
 359:../../libDaisy/src/dev/oled_ssd130x.h ****     }
 4685              		.loc 16 359 42 view .LVU1075
 4686              	.LBE1408:
 4687              	.LBE1407:
 4688              	.LBE1409:
 4689              	.LBE1410:
 4690              	.LBE1414:
 368:../../libDaisy/src/hid/disp/display.h ****                 ((ChildType*)(this))
 4691              		.loc 3 368 13 view .LVU1076
 4692 03ec 0029     		cmp	r1, #0
 4693 03ee 3FF4E6AE 		beq	.L277
 4694 03f2 49E7     		b	.L325
 4695              	.LVL361:
 4696              	.L332:
 360:../../libDaisy/src/hid/disp/display.h ****                     d4 = (t_sxny - t_synx < 0 && t_exny - t_eynx > 0);
 4697              		.loc 3 360 56 discriminator 1 view .LVU1077
 4698 03f4 77EEE66A 		vsub.f32	s13, s15, s13
 4699              	.LVL362:
 360:../../libDaisy/src/hid/disp/display.h ****                     d4 = (t_sxny - t_synx < 0 && t_exny - t_eynx > 0);
 4700              		.loc 3 360 46 discriminator 1 view .LVU1078
 4701 03f8 F5EEC06A 		vcmpe.f32	s13, #0
 4702 03fc F1EE10FA 		vmrs	APSR_nzcv, FPSCR
 4703 0400 CCBF     		ite	gt
 4704 0402 0127     		movgt	r7, #1
 4705              	.LVL363:
 360:../../libDaisy/src/hid/disp/display.h ****                     d4 = (t_sxny - t_synx < 0 && t_exny - t_eynx > 0);
 4706              		.loc 3 360 46 discriminator 1 view .LVU1079
 4707 0404 0027     		movle	r7, #0
 4708 0406 9BE7     		b	.L272
 4709              	.LVL364:
 4710              	.L331:
 359:../../libDaisy/src/hid/disp/display.h ****                     d3 = (t_sxny - t_syx < 0 && t_exny - t_eyx > 0);
 4711              		.loc 3 359 54 discriminator 1 view .LVU1080
 4712 0408 36EE666A 		vsub.f32	s12, s12, s13
 4713              	.LVL365:
 359:../../libDaisy/src/hid/disp/display.h ****                     d3 = (t_sxny - t_syx < 0 && t_exny - t_eyx > 0);
 4714              		.loc 3 359 45 discriminator 1 view .LVU1081
 4715 040c B5EEC06A 		vcmpe.f32	s12, #0
 4716 0410 F1EE10FA 		vmrs	APSR_nzcv, FPSCR
 4717 0414 CCBF     		ite	gt
 4718 0416 0121     		movgt	r1, #1
 4719 0418 0021     		movle	r1, #0
 4720 041a 89E7     		b	.L270
 4721              	.LVL366:
 4722              	.L330:
 358:../../libDaisy/src/hid/disp/display.h ****                     d2 = (t_sxy - t_syx < 0 && t_exy - t_eyx > 0);
 4723              		.loc 3 358 55 discriminator 1 view .LVU1082
 4724 041c 76EE473A 		vsub.f32	s7, s12, s14
 358:../../libDaisy/src/hid/disp/display.h ****                     d2 = (t_sxy - t_syx < 0 && t_exy - t_eyx > 0);
 4725              		.loc 3 358 46 discriminator 1 view .LVU1083
 4726 0420 F5EEC03A 		vcmpe.f32	s7, #0
ARM GAS  /tmp/ccM1IMph.s 			page 148


 4727 0424 F1EE10FA 		vmrs	APSR_nzcv, FPSCR
 4728 0428 CCBF     		ite	gt
 4729 042a 0122     		movgt	r2, #1
 4730 042c 0022     		movle	r2, #0
 4731 042e 77E7     		b	.L268
 4732              	.LVL367:
 4733              	.L293:
 354:../../libDaisy/src/hid/disp/display.h ****                 }
 4734              		.loc 3 354 47 view .LVU1084
 4735 0430 0124     		movs	r4, #1
 4736              	.LVL368:
 365:../../libDaisy/src/hid/disp/display.h ****                 ((ChildType*)(this))
 4737              		.loc 3 365 13 view .LVU1085
 4738 0432 002A     		cmp	r2, #0
 4739 0434 3FF4C1AE 		beq	.L275
 365:../../libDaisy/src/hid/disp/display.h ****                 ((ChildType*)(this))
 4740              		.loc 3 365 13 view .LVU1086
 4741 0438 49E7     		b	.L324
 4742              	.LVL369:
 4743              	.L290:
 352:../../libDaisy/src/hid/disp/display.h ****                     d3 = (t_sxny - t_syx < 0 || t_exny - t_eyx > 0);
 4744              		.loc 3 352 33 view .LVU1087
 4745 043a 74EEC54A 		vsub.f32	s9, s9, s10
 4746              	.LVL370:
 351:../../libDaisy/src/hid/disp/display.h ****                     d2 = (t_sxy - t_syx < 0 || t_exy - t_eyx > 0);
 4747              		.loc 3 351 46 view .LVU1088
 4748 043e 0122     		movs	r2, #1
 4749              	.LVL371:
 352:../../libDaisy/src/hid/disp/display.h ****                     d3 = (t_sxny - t_syx < 0 || t_exny - t_eyx > 0);
 4750              		.loc 3 352 45 view .LVU1089
 4751 0440 F5EEC04A 		vcmpe.f32	s9, #0
 4752 0444 F1EE10FA 		vmrs	APSR_nzcv, FPSCR
 4753 0448 7FF589AE 		bpl	.L333
 4754              	.L291:
 353:../../libDaisy/src/hid/disp/display.h ****                     d4 = (t_sxny - t_synx < 0 || t_exny - t_eynx > 0);
 4755              		.loc 3 353 34 view .LVU1090
 4756 044c 35EEC55A 		vsub.f32	s10, s11, s10
 4757              	.LVL372:
 352:../../libDaisy/src/hid/disp/display.h ****                     d3 = (t_sxny - t_syx < 0 || t_exny - t_eyx > 0);
 4758              		.loc 3 352 45 view .LVU1091
 4759 0450 0121     		movs	r1, #1
 4760              	.LVL373:
 353:../../libDaisy/src/hid/disp/display.h ****                     d4 = (t_sxny - t_synx < 0 || t_exny - t_eynx > 0);
 4761              		.loc 3 353 46 view .LVU1092
 4762 0452 B5EEC05A 		vcmpe.f32	s10, #0
 4763 0456 F1EE10FA 		vmrs	APSR_nzcv, FPSCR
 4764 045a 7FF591AE 		bpl	.L334
 4765              	.LVL374:
 4766              	.L292:
 353:../../libDaisy/src/hid/disp/display.h ****                     d4 = (t_sxny - t_synx < 0 || t_exny - t_eynx > 0);
 4767              		.loc 3 353 46 view .LVU1093
 4768 045e 0127     		movs	r7, #1
 4769              	.LVL375:
 353:../../libDaisy/src/hid/disp/display.h ****                     d4 = (t_sxny - t_synx < 0 || t_exny - t_eynx > 0);
 4770              		.loc 3 353 46 view .LVU1094
 4771 0460 97E6     		b	.L267
 4772              	.LVL376:
ARM GAS  /tmp/ccM1IMph.s 			page 149


 4773              	.L259:
 308:../../libDaisy/src/hid/disp/display.h ****             sweep = -sweep;
 4774              		.loc 3 308 25 view .LVU1095
 4775 0462 DDE91223 		ldrd	r2, r3, [sp, #72]
 4776              	.LVL377:
 308:../../libDaisy/src/hid/disp/display.h ****             sweep = -sweep;
 4777              		.loc 3 308 25 view .LVU1096
 4778 0466 1344     		add	r3, r3, r2
 4779              	.LVL378:
 308:../../libDaisy/src/hid/disp/display.h ****             sweep = -sweep;
 4780              		.loc 3 308 25 view .LVU1097
 4781 0468 06EE102A 		vmov	s12, r2	@ int
 4782 046c 1293     		str	r3, [sp, #72]
 4783 046e 139B     		ldr	r3, [sp, #76]
 4784              	.LVL379:
 308:../../libDaisy/src/hid/disp/display.h ****             sweep = -sweep;
 4785              		.loc 3 308 25 view .LVU1098
 4786 0470 5B42     		rsbs	r3, r3, #0
 4787 0472 1393     		str	r3, [sp, #76]
 4788              	.LVL380:
 308:../../libDaisy/src/hid/disp/display.h ****             sweep = -sweep;
 4789              		.loc 3 308 25 view .LVU1099
 4790 0474 D8E5     		b	.L260
 4791              		.cfi_endproc
 4792              	.LFE5344:
 4794 0476 00BF     		.section	.text._ZN5daisy25OneBitGraphicsDisplayImplINS_11OledDisplayINS_13SSD130xDriverILj128ELj64
 4795              		.align	1
 4796              		.p2align 2,,3
 4797              		.weak	_ZN5daisy25OneBitGraphicsDisplayImplINS_11OledDisplayINS_13SSD130xDriverILj128ELj64ENS_24SSD
 4798              		.syntax unified
 4799              		.thumb
 4800              		.thumb_func
 4801              		.fpu fpv5-d16
 4803              	_ZN5daisy25OneBitGraphicsDisplayImplINS_11OledDisplayINS_13SSD130xDriverILj128ELj64ENS_24SSD130x4Wi
 4804              	.LVL381:
 4805              	.LFB5343:
 257:../../libDaisy/src/hid/disp/display.h ****                   uint_fast8_t y1,
 4806              		.loc 3 257 10 is_stmt 1 view -0
 4807              		.cfi_startproc
 4808              		@ args = 12, pretend = 0, frame = 24
 4809              		@ frame_needed = 0, uses_anonymous_args = 0
 257:../../libDaisy/src/hid/disp/display.h ****                   uint_fast8_t y1,
 4810              		.loc 3 257 10 is_stmt 0 view .LVU1101
 4811 0000 2DE9F04F 		push	{r4, r5, r6, r7, r8, r9, r10, fp, lr}
 4812              		.cfi_def_cfa_offset 36
 4813              		.cfi_offset 4, -36
 4814              		.cfi_offset 5, -32
 4815              		.cfi_offset 6, -28
 4816              		.cfi_offset 7, -24
 4817              		.cfi_offset 8, -20
 4818              		.cfi_offset 9, -16
 4819              		.cfi_offset 10, -12
 4820              		.cfi_offset 11, -8
 4821              		.cfi_offset 14, -4
 4822 0004 87B0     		sub	sp, sp, #28
 4823              		.cfi_def_cfa_offset 64
 257:../../libDaisy/src/hid/disp/display.h ****                   uint_fast8_t y1,
ARM GAS  /tmp/ccM1IMph.s 			page 150


 4824              		.loc 3 257 10 view .LVU1102
 4825 0006 9DF84850 		ldrb	r5, [sp, #72]	@ zero_extendqisi2
 4826 000a 109C     		ldr	r4, [sp, #64]
 4827 000c 2E46     		mov	r6, r5
 4828 000e 0195     		str	r5, [sp, #4]
 4829 0010 9DF84450 		ldrb	r5, [sp, #68]	@ zero_extendqisi2
 4830              	.LBB1484:
 264:../../libDaisy/src/hid/disp/display.h ****         {
 4831              		.loc 3 264 9 view .LVU1103
 4832 0014 9EB3     		cbz	r6, .L338
 4833              	.LVL382:
 264:../../libDaisy/src/hid/disp/display.h ****         {
 4834              		.loc 3 264 9 view .LVU1104
 4835              	.LBE1484:
 4836              	.LBB1606:
 4837              	.LBB1607:
 266:../../libDaisy/src/hid/disp/display.h ****             {
 4838              		.loc 3 266 40 is_stmt 1 view .LVU1105
 4839 0016 9942     		cmp	r1, r3
 4840 0018 2ED8     		bhi	.L337
 4841 001a 9946     		mov	r9, r3
 4842              	.LVL383:
 4843              	.L341:
 4844              	.LBB1608:
 268:../../libDaisy/src/hid/disp/display.h ****                 {
 4845              		.loc 3 268 44 view .LVU1106
 4846 001c A242     		cmp	r2, r4
 4847 001e 28D8     		bhi	.L344
 4848              	.LBB1609:
 4849              	.LBB1610:
 4850              	.LBB1611:
 354:../../libDaisy/src/dev/oled_ssd130x.h ****             return;
 4851              		.loc 16 354 14 is_stmt 0 view .LVU1107
 4852 0020 7F29     		cmp	r1, #127
 4853 0022 1646     		mov	r6, r2
 4854 0024 94BF     		ite	ls
 4855 0026 0023     		movls	r3, #0
 4856 0028 0123     		movhi	r3, #1
 4857 002a 08E0     		b	.L345
 4858              	.LVL384:
 4859              	.L428:
 357:../../libDaisy/src/dev/oled_ssd130x.h ****         else
 4860              		.loc 16 357 42 view .LVU1108
 4861 002c 9CF81480 		ldrb	r8, [ip, #20]	@ zero_extendqisi2
 4862 0030 4EEA080E 		orr	lr, lr, r8
 4863 0034 8CF814E0 		strb	lr, [ip, #20]
 4864              	.LVL385:
 4865              	.L342:
 357:../../libDaisy/src/dev/oled_ssd130x.h ****         else
 4866              		.loc 16 357 42 view .LVU1109
 4867              	.LBE1611:
 4868              	.LBE1610:
 4869              	.LBE1609:
 268:../../libDaisy/src/hid/disp/display.h ****                 {
 4870              		.loc 3 268 17 is_stmt 1 view .LVU1110
 4871 0038 0136     		adds	r6, r6, #1
 4872              	.LVL386:
ARM GAS  /tmp/ccM1IMph.s 			page 151


 268:../../libDaisy/src/hid/disp/display.h ****                 {
 4873              		.loc 3 268 44 view .LVU1111
 4874 003a B442     		cmp	r4, r6
 4875 003c 19D3     		bcc	.L344
 4876              	.L345:
 4877              	.LVL387:
 4878              	.LBB1625:
 4879              	.LBI1609:
  42:../../libDaisy/src/hid/disp/oled_display.h ****     {
 4880              		.loc 2 42 10 view .LVU1112
 4881              	.LBB1622:
 4882              	.LBI1610:
 352:../../libDaisy/src/dev/oled_ssd130x.h ****     {
 4883              		.loc 16 352 10 view .LVU1113
 4884              	.LBB1619:
 354:../../libDaisy/src/dev/oled_ssd130x.h ****             return;
 4885              		.loc 16 354 9 is_stmt 0 view .LVU1114
 4886 003e 3F2E     		cmp	r6, #63
 4887 0040 FAD8     		bhi	.L342
 354:../../libDaisy/src/dev/oled_ssd130x.h ****             return;
 4888              		.loc 16 354 9 view .LVU1115
 4889 0042 002B     		cmp	r3, #0
 4890 0044 F8D1     		bne	.L342
 4891              	.LVL388:
 4892              	.LBB1612:
 4893              	.LBI1612:
 352:../../libDaisy/src/dev/oled_ssd130x.h ****     {
 4894              		.loc 16 352 10 is_stmt 1 view .LVU1116
 352:../../libDaisy/src/dev/oled_ssd130x.h ****     {
 4895              		.loc 16 352 10 is_stmt 0 view .LVU1117
 4896              	.LBE1612:
 357:../../libDaisy/src/dev/oled_ssd130x.h ****         else
 4897              		.loc 16 357 28 view .LVU1118
 4898 0046 4FEAD60C 		lsr	ip, r6, #3
 357:../../libDaisy/src/dev/oled_ssd130x.h ****         else
 4899              		.loc 16 357 54 view .LVU1119
 4900 004a 06F0070E 		and	lr, r6, #7
 357:../../libDaisy/src/dev/oled_ssd130x.h ****         else
 4901              		.loc 16 357 48 view .LVU1120
 4902 004e 4FF00108 		mov	r8, #1
 357:../../libDaisy/src/dev/oled_ssd130x.h ****         else
 4903              		.loc 16 357 42 view .LVU1121
 4904 0052 01EBCC1C 		add	ip, r1, ip, lsl #7
 357:../../libDaisy/src/dev/oled_ssd130x.h ****         else
 4905              		.loc 16 357 48 view .LVU1122
 4906 0056 08FA0EFE 		lsl	lr, r8, lr
 357:../../libDaisy/src/dev/oled_ssd130x.h ****         else
 4907              		.loc 16 357 42 view .LVU1123
 4908 005a 8444     		add	ip, ip, r0
 356:../../libDaisy/src/dev/oled_ssd130x.h ****             buffer_[x + (y / 8) * width] |= (1 << (y % 8));
 4909              		.loc 16 356 9 view .LVU1124
 4910 005c 002D     		cmp	r5, #0
 4911 005e E5D1     		bne	.L428
 4912              	.LBB1616:
 4913              	.LBB1613:
 359:../../libDaisy/src/dev/oled_ssd130x.h ****     }
 4914              		.loc 16 359 42 view .LVU1125
ARM GAS  /tmp/ccM1IMph.s 			page 152


 4915 0060 9CF814B0 		ldrb	fp, [ip, #20]	@ zero_extendqisi2
 4916              	.LBE1613:
 4917              	.LBE1616:
 4918              	.LBE1619:
 4919              	.LBE1622:
 4920              	.LBE1625:
 268:../../libDaisy/src/hid/disp/display.h ****                 {
 4921              		.loc 3 268 17 view .LVU1126
 4922 0064 0136     		adds	r6, r6, #1
 4923              	.LVL389:
 4924              	.LBB1626:
 4925              	.LBB1623:
 4926              	.LBB1620:
 4927              	.LBB1617:
 4928              	.LBB1614:
 359:../../libDaisy/src/dev/oled_ssd130x.h ****     }
 4929              		.loc 16 359 42 view .LVU1127
 4930 0066 2BEA0E0A 		bic	r10, fp, lr
 4931              	.LBE1614:
 4932              	.LBE1617:
 4933              	.LBE1620:
 4934              	.LBE1623:
 4935              	.LBE1626:
 268:../../libDaisy/src/hid/disp/display.h ****                 {
 4936              		.loc 3 268 44 view .LVU1128
 4937 006a B442     		cmp	r4, r6
 4938              	.LBB1627:
 4939              	.LBB1624:
 4940              	.LBB1621:
 4941              	.LBB1618:
 4942              	.LBB1615:
 359:../../libDaisy/src/dev/oled_ssd130x.h ****     }
 4943              		.loc 16 359 42 view .LVU1129
 4944 006c 8CF814A0 		strb	r10, [ip, #20]
 4945              	.LVL390:
 359:../../libDaisy/src/dev/oled_ssd130x.h ****     }
 4946              		.loc 16 359 42 view .LVU1130
 4947              	.LBE1615:
 4948              	.LBE1618:
 4949              	.LBE1621:
 4950              	.LBE1624:
 4951              	.LBE1627:
 268:../../libDaisy/src/hid/disp/display.h ****                 {
 4952              		.loc 3 268 17 is_stmt 1 view .LVU1131
 268:../../libDaisy/src/hid/disp/display.h ****                 {
 4953              		.loc 3 268 44 view .LVU1132
 4954 0070 E5D2     		bcs	.L345
 4955              	.LVL391:
 4956              	.L344:
 268:../../libDaisy/src/hid/disp/display.h ****                 {
 4957              		.loc 3 268 44 is_stmt 0 view .LVU1133
 4958              	.LBE1608:
 266:../../libDaisy/src/hid/disp/display.h ****             {
 4959              		.loc 3 266 13 is_stmt 1 view .LVU1134
 4960 0072 0131     		adds	r1, r1, #1
 4961              	.LVL392:
 266:../../libDaisy/src/hid/disp/display.h ****             {
ARM GAS  /tmp/ccM1IMph.s 			page 153


 4962              		.loc 3 266 40 view .LVU1135
 4963 0074 8945     		cmp	r9, r1
 4964 0076 D1D2     		bcs	.L341
 4965              	.LVL393:
 4966              	.L337:
 266:../../libDaisy/src/hid/disp/display.h ****             {
 4967              		.loc 3 266 40 is_stmt 0 view .LVU1136
 4968              	.LBE1607:
 4969              	.LBE1606:
 281:../../libDaisy/src/hid/disp/display.h **** 
 4970              		.loc 3 281 5 view .LVU1137
 4971 0078 07B0     		add	sp, sp, #28
 4972              		.cfi_remember_state
 4973              		.cfi_def_cfa_offset 36
 4974              		@ sp needed
 4975 007a BDE8F08F 		pop	{r4, r5, r6, r7, r8, r9, r10, fp, pc}
 4976              	.LVL394:
 4977              	.L338:
 4978              		.cfi_restore_state
 4979              	.LBB1628:
 4980              	.LBB1485:
 4981              	.LBI1485:
 221:../../libDaisy/src/hid/disp/display.h ****                   uint_fast8_t y1,
 4982              		.loc 3 221 10 is_stmt 1 view .LVU1138
 4983              	.LBB1486:
 227:../../libDaisy/src/hid/disp/display.h ****         int_fast16_t deltaY = abs((int_fast16_t)y2 - (int_fast16_t)y1);
 4984              		.loc 3 227 52 is_stmt 0 view .LVU1139
 4985 007e A3EB0108 		sub	r8, r3, r1
 227:../../libDaisy/src/hid/disp/display.h ****         int_fast16_t deltaY = abs((int_fast16_t)y2 - (int_fast16_t)y1);
 4986              		.loc 3 227 22 view .LVU1140
 4987 0082 B8F1000F 		cmp	r8, #0
 4988 0086 B8BF     		it	lt
 4989 0088 C8F10008 		rsblt	r8, r8, #0
 4990              	.LVL395:
 229:../../libDaisy/src/hid/disp/display.h ****         int_fast16_t signY  = ((y1 < y2) ? 1 : -1);
 4991              		.loc 3 229 42 view .LVU1141
 4992 008c 9942     		cmp	r1, r3
 4993 008e C0F04E81 		bcc	.L346
 4994              	.LVL396:
 4995              	.LBB1487:
 4996              	.LBI1487:
  42:../../libDaisy/src/hid/disp/oled_display.h ****     {
 4997              		.loc 2 42 10 is_stmt 1 view .LVU1142
 4998              	.LBB1488:
 4999              	.LBI1488:
 352:../../libDaisy/src/dev/oled_ssd130x.h ****     {
 5000              		.loc 16 352 10 view .LVU1143
 5001              	.LBB1489:
 354:../../libDaisy/src/dev/oled_ssd130x.h ****             return;
 5002              		.loc 16 354 14 is_stmt 0 view .LVU1144
 5003 0092 7F2B     		cmp	r3, #127
 5004              	.LBE1489:
 5005              	.LBE1488:
 5006              	.LBE1487:
 229:../../libDaisy/src/hid/disp/display.h ****         int_fast16_t signY  = ((y1 < y2) ? 1 : -1);
 5007              		.loc 3 229 42 view .LVU1145
 5008 0094 4FF0FF3A 		mov	r10, #-1
ARM GAS  /tmp/ccM1IMph.s 			page 154


 5009              	.LBB1500:
 5010              	.LBB1496:
 5011              	.LBB1492:
 354:../../libDaisy/src/dev/oled_ssd130x.h ****             return;
 5012              		.loc 16 354 14 view .LVU1146
 5013 0098 94BF     		ite	ls
 5014 009a 0026     		movls	r6, #0
 5015 009c 0126     		movhi	r6, #1
 354:../../libDaisy/src/dev/oled_ssd130x.h ****             return;
 5016              		.loc 16 354 28 view .LVU1147
 5017 009e 3F2A     		cmp	r2, #63
 354:../../libDaisy/src/dev/oled_ssd130x.h ****             return;
 5018              		.loc 16 354 14 view .LVU1148
 5019 00a0 0096     		str	r6, [sp]
 354:../../libDaisy/src/dev/oled_ssd130x.h ****             return;
 5020              		.loc 16 354 28 view .LVU1149
 5021 00a2 94BF     		ite	ls
 5022 00a4 0027     		movls	r7, #0
 5023 00a6 0127     		movhi	r7, #1
 5024 00a8 0297     		str	r7, [sp, #8]
 354:../../libDaisy/src/dev/oled_ssd130x.h ****             return;
 5025              		.loc 16 354 9 view .LVU1150
 5026 00aa A6B9     		cbnz	r6, .L347
 5027 00ac 9FB9     		cbnz	r7, .L347
 5028              	.LVL397:
 5029              	.L388:
 357:../../libDaisy/src/dev/oled_ssd130x.h ****         else
 5030              		.loc 16 357 28 view .LVU1151
 5031 00ae D608     		lsrs	r6, r2, #3
 357:../../libDaisy/src/dev/oled_ssd130x.h ****         else
 5032              		.loc 16 357 54 view .LVU1152
 5033 00b0 02F0070C 		and	ip, r2, #7
 357:../../libDaisy/src/dev/oled_ssd130x.h ****         else
 5034              		.loc 16 357 48 view .LVU1153
 5035 00b4 0127     		movs	r7, #1
 357:../../libDaisy/src/dev/oled_ssd130x.h ****         else
 5036              		.loc 16 357 42 view .LVU1154
 5037 00b6 03EBC616 		add	r6, r3, r6, lsl #7
 5038 00ba 0644     		add	r6, r6, r0
 356:../../libDaisy/src/dev/oled_ssd130x.h ****             buffer_[x + (y / 8) * width] |= (1 << (y % 8));
 5039              		.loc 16 356 9 view .LVU1155
 5040 00bc 002D     		cmp	r5, #0
 5041 00be 00F09481 		beq	.L348
 357:../../libDaisy/src/dev/oled_ssd130x.h ****         else
 5042              		.loc 16 357 48 view .LVU1156
 5043 00c2 07FA0CF7 		lsl	r7, r7, ip
 357:../../libDaisy/src/dev/oled_ssd130x.h ****         else
 5044              		.loc 16 357 42 view .LVU1157
 5045 00c6 96F814C0 		ldrb	ip, [r6, #20]	@ zero_extendqisi2
 5046 00ca 47EA0C07 		orr	r7, r7, ip
 5047 00ce 3775     		strb	r7, [r6, #20]
 5048 00d0 0026     		movs	r6, #0
 5049 00d2 0296     		str	r6, [sp, #8]
 5050 00d4 0096     		str	r6, [sp]
 5051              	.L347:
 5052              	.LVL398:
 357:../../libDaisy/src/dev/oled_ssd130x.h ****         else
ARM GAS  /tmp/ccM1IMph.s 			page 155


 5053              		.loc 16 357 42 view .LVU1158
 5054              	.LBE1492:
 5055              	.LBE1496:
 5056              	.LBE1500:
 239:../../libDaisy/src/hid/disp/display.h ****         {
 5057              		.loc 3 239 26 is_stmt 1 view .LVU1159
 5058 00d6 9942     		cmp	r1, r3
 5059 00d8 00F09781 		beq	.L429
 5060              	.L350:
 5061              	.LVL399:
 227:../../libDaisy/src/hid/disp/display.h ****         int_fast16_t deltaY = abs((int_fast16_t)y2 - (int_fast16_t)y1);
 5062              		.loc 3 227 22 is_stmt 0 view .LVU1160
 5063 00dc 4646     		mov	r6, r8
 5064 00de 9446     		mov	ip, r2
 5065 00e0 8E46     		mov	lr, r1
 5066              	.LVL400:
 5067              	.L352:
 5068              	.LBB1501:
 5069              	.LBI1501:
  42:../../libDaisy/src/hid/disp/oled_display.h ****     {
 5070              		.loc 2 42 10 is_stmt 1 view .LVU1161
 5071              	.LBB1502:
 5072              	.LBI1502:
 352:../../libDaisy/src/dev/oled_ssd130x.h ****     {
 5073              		.loc 16 352 10 view .LVU1162
 5074              	.LBB1503:
 354:../../libDaisy/src/dev/oled_ssd130x.h ****             return;
 5075              		.loc 16 354 9 is_stmt 0 view .LVU1163
 5076 00e2 BEF17F0F 		cmp	lr, #127
 5077 00e6 16D8     		bhi	.L353
 5078 00e8 BCF13F0F 		cmp	ip, #63
 5079 00ec 13D8     		bhi	.L353
 357:../../libDaisy/src/dev/oled_ssd130x.h ****         else
 5080              		.loc 16 357 28 view .LVU1164
 5081 00ee 4FEADC07 		lsr	r7, ip, #3
 357:../../libDaisy/src/dev/oled_ssd130x.h ****         else
 5082              		.loc 16 357 54 view .LVU1165
 5083 00f2 0CF0070B 		and	fp, ip, #7
 357:../../libDaisy/src/dev/oled_ssd130x.h ****         else
 5084              		.loc 16 357 48 view .LVU1166
 5085 00f6 4FF00109 		mov	r9, #1
 357:../../libDaisy/src/dev/oled_ssd130x.h ****         else
 5086              		.loc 16 357 42 view .LVU1167
 5087 00fa 0EEBC717 		add	r7, lr, r7, lsl #7
 5088 00fe 0744     		add	r7, r7, r0
 356:../../libDaisy/src/dev/oled_ssd130x.h ****             buffer_[x + (y / 8) * width] |= (1 << (y % 8));
 5089              		.loc 16 356 9 view .LVU1168
 5090 0100 002D     		cmp	r5, #0
 5091 0102 00F03981 		beq	.L354
 357:../../libDaisy/src/dev/oled_ssd130x.h ****         else
 5092              		.loc 16 357 48 view .LVU1169
 5093 0106 09FA0BF9 		lsl	r9, r9, fp
 357:../../libDaisy/src/dev/oled_ssd130x.h ****         else
 5094              		.loc 16 357 42 view .LVU1170
 5095 010a 97F814B0 		ldrb	fp, [r7, #20]	@ zero_extendqisi2
 5096 010e 49EA0B09 		orr	r9, r9, fp
 5097 0112 87F81490 		strb	r9, [r7, #20]
ARM GAS  /tmp/ccM1IMph.s 			page 156


 5098              	.L353:
 5099              	.LVL401:
 357:../../libDaisy/src/dev/oled_ssd130x.h ****         else
 5100              		.loc 16 357 42 view .LVU1171
 5101              	.LBE1503:
 5102              	.LBE1502:
 5103              	.LBE1501:
 243:../../libDaisy/src/hid/disp/display.h ****             {
 5104              		.loc 3 243 13 view .LVU1172
 5105 0116 7700     		lsls	r7, r6, #1
 5106              	.LVL402:
 246:../../libDaisy/src/hid/disp/display.h ****             }
 5107              		.loc 3 246 20 view .LVU1173
 5108 0118 18BF     		it	ne
 5109 011a D644     		addne	lr, lr, r10
 5110              	.LVL403:
 249:../../libDaisy/src/hid/disp/display.h ****             {
 5111              		.loc 3 249 13 view .LVU1174
 5112 011c B845     		cmp	r8, r7
 5113 011e 02DD     		ble	.L356
 251:../../libDaisy/src/hid/disp/display.h ****                 y1 += signY;
 5114              		.loc 3 251 23 view .LVU1175
 5115 0120 4644     		add	r6, r6, r8
 5116              	.LVL404:
 252:../../libDaisy/src/hid/disp/display.h ****             }
 5117              		.loc 3 252 20 view .LVU1176
 5118 0122 0CF1FF3C 		add	ip, ip, #-1
 5119              	.LVL405:
 5120              	.L356:
 239:../../libDaisy/src/hid/disp/display.h ****         {
 5121              		.loc 3 239 26 is_stmt 1 view .LVU1177
 5122 0126 7345     		cmp	r3, lr
 5123 0128 DBD1     		bne	.L352
 239:../../libDaisy/src/hid/disp/display.h ****         {
 5124              		.loc 3 239 26 is_stmt 0 view .LVU1178
 5125 012a 6245     		cmp	r2, ip
 5126 012c D9D1     		bne	.L352
 5127 012e 0026     		movs	r6, #0
 5128              	.LVL406:
 239:../../libDaisy/src/hid/disp/display.h ****         {
 5129              		.loc 3 239 26 view .LVU1179
 5130 0130 0496     		str	r6, [sp, #16]
 5131              	.LVL407:
 5132              	.L349:
 239:../../libDaisy/src/hid/disp/display.h ****         {
 5133              		.loc 3 239 26 view .LVU1180
 5134              	.LBE1486:
 5135              	.LBE1485:
 5136              	.LBB1516:
 5137              	.LBI1516:
 221:../../libDaisy/src/hid/disp/display.h ****                   uint_fast8_t y1,
 5138              		.loc 3 221 10 is_stmt 1 view .LVU1181
 5139              	.LBB1517:
 228:../../libDaisy/src/hid/disp/display.h ****         int_fast16_t signX  = ((x1 < x2) ? 1 : -1);
 5140              		.loc 3 228 52 is_stmt 0 view .LVU1182
 5141 0132 A4EB0209 		sub	r9, r4, r2
 5142              	.LBB1518:
ARM GAS  /tmp/ccM1IMph.s 			page 157


 5143              	.LBB1519:
 5144              	.LBB1520:
 354:../../libDaisy/src/dev/oled_ssd130x.h ****             return;
 5145              		.loc 16 354 9 view .LVU1183
 5146 0136 009F     		ldr	r7, [sp]
 5147              	.LBE1520:
 5148              	.LBE1519:
 5149              	.LBE1518:
 228:../../libDaisy/src/hid/disp/display.h ****         int_fast16_t signX  = ((x1 < x2) ? 1 : -1);
 5150              		.loc 3 228 22 view .LVU1184
 5151 0138 B9F1000F 		cmp	r9, #0
 5152 013c B8BF     		it	lt
 5153 013e C9F10009 		rsblt	r9, r9, #0
 5154              	.LVL408:
 5155              	.LBB1535:
 5156              	.LBB1529:
 5157              	.LBB1523:
 354:../../libDaisy/src/dev/oled_ssd130x.h ****             return;
 5158              		.loc 16 354 28 view .LVU1185
 5159 0142 3F2C     		cmp	r4, #63
 5160 0144 94BF     		ite	ls
 5161 0146 0026     		movls	r6, #0
 5162 0148 0126     		movhi	r6, #1
 5163              	.LBE1523:
 5164              	.LBE1529:
 5165              	.LBE1535:
 230:../../libDaisy/src/hid/disp/display.h ****         int_fast16_t error  = deltaX - deltaY;
 5166              		.loc 3 230 42 view .LVU1186
 5167 014a A242     		cmp	r2, r4
 231:../../libDaisy/src/hid/disp/display.h ****         int_fast16_t error2;
 5168              		.loc 3 231 22 view .LVU1187
 5169 014c C9F10008 		rsb	r8, r9, #0
 5170              	.LVL409:
 5171              	.LBB1536:
 5172              	.LBI1518:
  42:../../libDaisy/src/hid/disp/oled_display.h ****     {
 5173              		.loc 2 42 10 is_stmt 1 view .LVU1188
 5174              	.LBB1530:
 5175              	.LBI1519:
 352:../../libDaisy/src/dev/oled_ssd130x.h ****     {
 5176              		.loc 16 352 10 view .LVU1189
 5177              	.LBB1524:
 354:../../libDaisy/src/dev/oled_ssd130x.h ****             return;
 5178              		.loc 16 354 28 is_stmt 0 view .LVU1190
 5179 0150 0396     		str	r6, [sp, #12]
 5180              	.LBE1524:
 5181              	.LBE1530:
 5182              	.LBE1536:
 230:../../libDaisy/src/hid/disp/display.h ****         int_fast16_t error  = deltaX - deltaY;
 5183              		.loc 3 230 42 view .LVU1191
 5184 0152 C0F02381 		bcc	.L357
 5185              	.LVL410:
 5186              	.LBB1537:
 5187              	.LBB1531:
 5188              	.LBB1525:
 354:../../libDaisy/src/dev/oled_ssd130x.h ****             return;
 5189              		.loc 16 354 9 view .LVU1192
ARM GAS  /tmp/ccM1IMph.s 			page 158


 5190 0156 002F     		cmp	r7, #0
 5191 0158 40F05081 		bne	.L392
 5192 015c 002E     		cmp	r6, #0
 5193 015e 40F04D81 		bne	.L392
 5194              	.LBE1525:
 5195              	.LBE1531:
 5196              	.LBE1537:
 230:../../libDaisy/src/hid/disp/display.h ****         int_fast16_t error  = deltaX - deltaY;
 5197              		.loc 3 230 42 view .LVU1193
 5198 0162 4FF0FF36 		mov	r6, #-1
 5199 0166 0096     		str	r6, [sp]
 5200              	.LBB1538:
 5201              	.LBB1532:
 5202              	.LBB1526:
 357:../../libDaisy/src/dev/oled_ssd130x.h ****         else
 5203              		.loc 16 357 28 view .LVU1194
 5204 0168 E608     		lsrs	r6, r4, #3
 357:../../libDaisy/src/dev/oled_ssd130x.h ****         else
 5205              		.loc 16 357 42 view .LVU1195
 5206 016a 03EBC616 		add	r6, r3, r6, lsl #7
 5207 016e 0644     		add	r6, r6, r0
 356:../../libDaisy/src/dev/oled_ssd130x.h ****             buffer_[x + (y / 8) * width] |= (1 << (y % 8));
 5208              		.loc 16 356 9 view .LVU1196
 5209 0170 002D     		cmp	r5, #0
 5210 0172 00F01E81 		beq	.L359
 5211              	.LVL411:
 5212              	.L431:
 357:../../libDaisy/src/dev/oled_ssd130x.h ****         else
 5213              		.loc 16 357 48 view .LVU1197
 5214 0176 4FF0010C 		mov	ip, #1
 357:../../libDaisy/src/dev/oled_ssd130x.h ****         else
 5215              		.loc 16 357 54 view .LVU1198
 5216 017a 04F00707 		and	r7, r4, #7
 357:../../libDaisy/src/dev/oled_ssd130x.h ****         else
 5217              		.loc 16 357 48 view .LVU1199
 5218 017e 0CFA07F7 		lsl	r7, ip, r7
 357:../../libDaisy/src/dev/oled_ssd130x.h ****         else
 5219              		.loc 16 357 42 view .LVU1200
 5220 0182 96F814C0 		ldrb	ip, [r6, #20]	@ zero_extendqisi2
 5221 0186 47EA0C07 		orr	r7, r7, ip
 5222 018a 3775     		strb	r7, [r6, #20]
 5223 018c 0026     		movs	r6, #0
 5224 018e 0396     		str	r6, [sp, #12]
 5225              	.L358:
 5226              	.LVL412:
 357:../../libDaisy/src/dev/oled_ssd130x.h ****         else
 5227              		.loc 16 357 42 view .LVU1201
 5228              	.LBE1526:
 5229              	.LBE1532:
 5230              	.LBE1538:
 239:../../libDaisy/src/hid/disp/display.h ****         {
 5231              		.loc 3 239 26 is_stmt 1 view .LVU1202
 5232 0190 A242     		cmp	r2, r4
 5233 0192 00F03D81 		beq	.L430
 5234              	.L361:
 5235              	.LVL413:
 230:../../libDaisy/src/hid/disp/display.h ****         int_fast16_t error  = deltaX - deltaY;
ARM GAS  /tmp/ccM1IMph.s 			page 159


 5236              		.loc 3 230 42 is_stmt 0 view .LVU1203
 5237 0196 C446     		mov	ip, r8
 5238 0198 1646     		mov	r6, r2
 5239 019a 1F46     		mov	r7, r3
 5240 019c 0592     		str	r2, [sp, #20]
 5241              	.LVL414:
 5242              	.L363:
 5243              	.LBB1539:
 5244              	.LBI1539:
  42:../../libDaisy/src/hid/disp/oled_display.h ****     {
 5245              		.loc 2 42 10 is_stmt 1 view .LVU1204
 5246              	.LBB1540:
 5247              	.LBI1540:
 352:../../libDaisy/src/dev/oled_ssd130x.h ****     {
 5248              		.loc 16 352 10 view .LVU1205
 5249              	.LBB1541:
 354:../../libDaisy/src/dev/oled_ssd130x.h ****             return;
 5250              		.loc 16 354 9 is_stmt 0 view .LVU1206
 5251 019e 7F2F     		cmp	r7, #127
 5252 01a0 15D8     		bhi	.L364
 5253 01a2 3F2E     		cmp	r6, #63
 5254 01a4 13D8     		bhi	.L364
 357:../../libDaisy/src/dev/oled_ssd130x.h ****         else
 5255              		.loc 16 357 28 view .LVU1207
 5256 01a6 4FEAD60E 		lsr	lr, r6, #3
 357:../../libDaisy/src/dev/oled_ssd130x.h ****         else
 5257              		.loc 16 357 54 view .LVU1208
 5258 01aa 06F0070B 		and	fp, r6, #7
 357:../../libDaisy/src/dev/oled_ssd130x.h ****         else
 5259              		.loc 16 357 48 view .LVU1209
 5260 01ae 4FF0010A 		mov	r10, #1
 357:../../libDaisy/src/dev/oled_ssd130x.h ****         else
 5261              		.loc 16 357 42 view .LVU1210
 5262 01b2 07EBCE1E 		add	lr, r7, lr, lsl #7
 5263 01b6 8644     		add	lr, lr, r0
 356:../../libDaisy/src/dev/oled_ssd130x.h ****             buffer_[x + (y / 8) * width] |= (1 << (y % 8));
 5264              		.loc 16 356 9 view .LVU1211
 5265 01b8 002D     		cmp	r5, #0
 5266 01ba 00F0E680 		beq	.L365
 357:../../libDaisy/src/dev/oled_ssd130x.h ****         else
 5267              		.loc 16 357 48 view .LVU1212
 5268 01be 0AFA0BFA 		lsl	r10, r10, fp
 357:../../libDaisy/src/dev/oled_ssd130x.h ****         else
 5269              		.loc 16 357 42 view .LVU1213
 5270 01c2 9EF814B0 		ldrb	fp, [lr, #20]	@ zero_extendqisi2
 5271 01c6 4AEA0B0A 		orr	r10, r10, fp
 5272 01ca 8EF814A0 		strb	r10, [lr, #20]
 5273              	.L364:
 5274              	.LVL415:
 357:../../libDaisy/src/dev/oled_ssd130x.h ****         else
 5275              		.loc 16 357 42 view .LVU1214
 5276              	.LBE1541:
 5277              	.LBE1540:
 5278              	.LBE1539:
 243:../../libDaisy/src/hid/disp/display.h ****             {
 5279              		.loc 3 243 13 view .LVU1215
 5280 01ce B8EB4C0F 		cmp	r8, ip, lsl #1
ARM GAS  /tmp/ccM1IMph.s 			page 160


 242:../../libDaisy/src/hid/disp/display.h ****             if(error2 > -deltaY)
 5281              		.loc 3 242 20 view .LVU1216
 5282 01d2 4FEA4C0E 		lsl	lr, ip, #1
 5283              	.LVL416:
 243:../../libDaisy/src/hid/disp/display.h ****             {
 5284              		.loc 3 243 13 view .LVU1217
 5285 01d6 02DA     		bge	.L366
 245:../../libDaisy/src/hid/disp/display.h ****                 x1 += signX;
 5286              		.loc 3 245 23 view .LVU1218
 5287 01d8 ACEB090C 		sub	ip, ip, r9
 5288              	.LVL417:
 246:../../libDaisy/src/hid/disp/display.h ****             }
 5289              		.loc 3 246 20 view .LVU1219
 5290 01dc 013F     		subs	r7, r7, #1
 5291              	.LVL418:
 5292              	.L366:
 249:../../libDaisy/src/hid/disp/display.h ****             {
 5293              		.loc 3 249 13 view .LVU1220
 5294 01de BEF1000F 		cmp	lr, #0
 5295 01e2 01D0     		beq	.L367
 252:../../libDaisy/src/hid/disp/display.h ****             }
 5296              		.loc 3 252 20 view .LVU1221
 5297 01e4 009A     		ldr	r2, [sp]
 5298 01e6 1644     		add	r6, r6, r2
 5299              	.LVL419:
 5300              	.L367:
 239:../../libDaisy/src/hid/disp/display.h ****         {
 5301              		.loc 3 239 26 is_stmt 1 view .LVU1222
 5302 01e8 BB42     		cmp	r3, r7
 5303 01ea D8D1     		bne	.L363
 239:../../libDaisy/src/hid/disp/display.h ****         {
 5304              		.loc 3 239 26 is_stmt 0 view .LVU1223
 5305 01ec B442     		cmp	r4, r6
 5306 01ee D6D1     		bne	.L363
 5307 01f0 059A     		ldr	r2, [sp, #20]
 5308              	.LVL420:
 5309              	.L360:
 239:../../libDaisy/src/hid/disp/display.h ****         {
 5310              		.loc 3 239 26 view .LVU1224
 5311              	.LBE1517:
 5312              	.LBE1516:
 5313              	.LBB1552:
 5314              	.LBI1552:
 221:../../libDaisy/src/hid/disp/display.h ****                   uint_fast8_t y1,
 5315              		.loc 3 221 10 is_stmt 1 view .LVU1225
 5316              	.LBB1553:
 227:../../libDaisy/src/hid/disp/display.h ****         int_fast16_t deltaY = abs((int_fast16_t)y2 - (int_fast16_t)y1);
 5317              		.loc 3 227 52 is_stmt 0 view .LVU1226
 5318 01f2 A1EB030E 		sub	lr, r1, r3
 227:../../libDaisy/src/hid/disp/display.h ****         int_fast16_t deltaY = abs((int_fast16_t)y2 - (int_fast16_t)y1);
 5319              		.loc 3 227 22 view .LVU1227
 5320 01f6 BEF1000F 		cmp	lr, #0
 5321 01fa B8BF     		it	lt
 5322 01fc CEF1000E 		rsblt	lr, lr, #0
 5323              	.LVL421:
 5324              	.LBB1554:
 5325              	.LBB1555:
ARM GAS  /tmp/ccM1IMph.s 			page 161


 5326              	.LBB1556:
 354:../../libDaisy/src/dev/oled_ssd130x.h ****             return;
 5327              		.loc 16 354 14 view .LVU1228
 5328 0200 7F29     		cmp	r1, #127
 5329 0202 94BF     		ite	ls
 5330 0204 4FF0000A 		movls	r10, #0
 5331 0208 4FF0010A 		movhi	r10, #1
 5332              	.LBE1556:
 5333              	.LBE1555:
 5334              	.LBE1554:
 229:../../libDaisy/src/hid/disp/display.h ****         int_fast16_t signY  = ((y1 < y2) ? 1 : -1);
 5335              		.loc 3 229 42 view .LVU1229
 5336 020c 9942     		cmp	r1, r3
 5337 020e 8CBF     		ite	hi
 5338 0210 4FF00109 		movhi	r9, #1
 5339 0214 4FF0FF39 		movls	r9, #-1
 5340              	.LVL422:
 5341              	.LBB1563:
 5342              	.LBI1554:
  42:../../libDaisy/src/hid/disp/oled_display.h ****     {
 5343              		.loc 2 42 10 is_stmt 1 view .LVU1230
 5344              	.LBB1561:
 5345              	.LBI1555:
 352:../../libDaisy/src/dev/oled_ssd130x.h ****     {
 5346              		.loc 16 352 10 view .LVU1231
 5347              	.LBB1559:
 354:../../libDaisy/src/dev/oled_ssd130x.h ****             return;
 5348              		.loc 16 354 9 is_stmt 0 view .LVU1232
 5349 0218 BAF1000F 		cmp	r10, #0
 5350 021c 13D1     		bne	.L369
 5351 021e 039E     		ldr	r6, [sp, #12]
 5352 0220 8EB9     		cbnz	r6, .L369
 357:../../libDaisy/src/dev/oled_ssd130x.h ****         else
 5353              		.loc 16 357 28 view .LVU1233
 5354 0222 E608     		lsrs	r6, r4, #3
 357:../../libDaisy/src/dev/oled_ssd130x.h ****         else
 5355              		.loc 16 357 42 view .LVU1234
 5356 0224 01EBC616 		add	r6, r1, r6, lsl #7
 5357 0228 0644     		add	r6, r6, r0
 356:../../libDaisy/src/dev/oled_ssd130x.h ****             buffer_[x + (y / 8) * width] |= (1 << (y % 8));
 5358              		.loc 16 356 9 view .LVU1235
 5359 022a 002D     		cmp	r5, #0
 5360 022c 00F0D380 		beq	.L370
 357:../../libDaisy/src/dev/oled_ssd130x.h ****         else
 5361              		.loc 16 357 48 view .LVU1236
 5362 0230 4FF0010C 		mov	ip, #1
 357:../../libDaisy/src/dev/oled_ssd130x.h ****         else
 5363              		.loc 16 357 54 view .LVU1237
 5364 0234 04F00707 		and	r7, r4, #7
 357:../../libDaisy/src/dev/oled_ssd130x.h ****         else
 5365              		.loc 16 357 48 view .LVU1238
 5366 0238 0CFA07F7 		lsl	r7, ip, r7
 357:../../libDaisy/src/dev/oled_ssd130x.h ****         else
 5367              		.loc 16 357 42 view .LVU1239
 5368 023c 96F814C0 		ldrb	ip, [r6, #20]	@ zero_extendqisi2
 5369 0240 47EA0C07 		orr	r7, r7, ip
 5370 0244 3775     		strb	r7, [r6, #20]
ARM GAS  /tmp/ccM1IMph.s 			page 162


 5371              	.L369:
 5372              	.LVL423:
 357:../../libDaisy/src/dev/oled_ssd130x.h ****         else
 5373              		.loc 16 357 42 view .LVU1240
 5374              	.LBE1559:
 5375              	.LBE1561:
 5376              	.LBE1563:
 239:../../libDaisy/src/hid/disp/display.h ****         {
 5377              		.loc 3 239 26 is_stmt 1 view .LVU1241
 5378 0246 049E     		ldr	r6, [sp, #16]
 5379 0248 26BB     		cbnz	r6, .L371
 227:../../libDaisy/src/hid/disp/display.h ****         int_fast16_t deltaY = abs((int_fast16_t)y2 - (int_fast16_t)y1);
 5380              		.loc 3 227 22 is_stmt 0 view .LVU1242
 5381 024a 7746     		mov	r7, lr
 239:../../libDaisy/src/hid/disp/display.h ****         {
 5382              		.loc 3 239 26 view .LVU1243
 5383 024c 2646     		mov	r6, r4
 5384              	.LVL424:
 5385              	.L372:
 5386              	.LBB1564:
 5387              	.LBI1564:
  42:../../libDaisy/src/hid/disp/oled_display.h ****     {
 5388              		.loc 2 42 10 is_stmt 1 view .LVU1244
 5389              	.LBB1565:
 5390              	.LBI1565:
 352:../../libDaisy/src/dev/oled_ssd130x.h ****     {
 5391              		.loc 16 352 10 view .LVU1245
 5392              	.LBB1566:
 354:../../libDaisy/src/dev/oled_ssd130x.h ****             return;
 5393              		.loc 16 354 9 is_stmt 0 view .LVU1246
 5394 024e 7F2B     		cmp	r3, #127
 5395 0250 14D8     		bhi	.L374
 354:../../libDaisy/src/dev/oled_ssd130x.h ****             return;
 5396              		.loc 16 354 9 view .LVU1247
 5397 0252 3F2E     		cmp	r6, #63
 5398 0254 12D8     		bhi	.L374
 357:../../libDaisy/src/dev/oled_ssd130x.h ****         else
 5399              		.loc 16 357 28 view .LVU1248
 5400 0256 4FEAD60C 		lsr	ip, r6, #3
 357:../../libDaisy/src/dev/oled_ssd130x.h ****         else
 5401              		.loc 16 357 54 view .LVU1249
 5402 025a 06F0070B 		and	fp, r6, #7
 357:../../libDaisy/src/dev/oled_ssd130x.h ****         else
 5403              		.loc 16 357 48 view .LVU1250
 5404 025e 4FF00108 		mov	r8, #1
 357:../../libDaisy/src/dev/oled_ssd130x.h ****         else
 5405              		.loc 16 357 42 view .LVU1251
 5406 0262 03EBCC1C 		add	ip, r3, ip, lsl #7
 5407 0266 8444     		add	ip, ip, r0
 356:../../libDaisy/src/dev/oled_ssd130x.h ****             buffer_[x + (y / 8) * width] |= (1 << (y % 8));
 5408              		.loc 16 356 9 view .LVU1252
 5409 0268 002D     		cmp	r5, #0
 5410 026a 73D0     		beq	.L375
 357:../../libDaisy/src/dev/oled_ssd130x.h ****         else
 5411              		.loc 16 357 48 view .LVU1253
 5412 026c 08FA0BF8 		lsl	r8, r8, fp
 357:../../libDaisy/src/dev/oled_ssd130x.h ****         else
ARM GAS  /tmp/ccM1IMph.s 			page 163


 5413              		.loc 16 357 42 view .LVU1254
 5414 0270 9CF814B0 		ldrb	fp, [ip, #20]	@ zero_extendqisi2
 5415 0274 48EA0B08 		orr	r8, r8, fp
 5416 0278 8CF81480 		strb	r8, [ip, #20]
 5417              	.L374:
 5418              	.LVL425:
 357:../../libDaisy/src/dev/oled_ssd130x.h ****         else
 5419              		.loc 16 357 42 view .LVU1255
 5420              	.LBE1566:
 5421              	.LBE1565:
 5422              	.LBE1564:
 243:../../libDaisy/src/hid/disp/display.h ****             {
 5423              		.loc 3 243 13 view .LVU1256
 5424 027c 5FEA470C 		lsls	ip, r7, #1
 5425              	.LVL426:
 246:../../libDaisy/src/hid/disp/display.h ****             }
 5426              		.loc 3 246 20 view .LVU1257
 5427 0280 18BF     		it	ne
 5428 0282 4B44     		addne	r3, r3, r9
 5429              	.LVL427:
 249:../../libDaisy/src/hid/disp/display.h ****             {
 5430              		.loc 3 249 13 view .LVU1258
 5431 0284 E645     		cmp	lr, ip
 5432 0286 01DD     		ble	.L377
 251:../../libDaisy/src/hid/disp/display.h ****                 y1 += signY;
 5433              		.loc 3 251 23 view .LVU1259
 5434 0288 7744     		add	r7, r7, lr
 5435              	.LVL428:
 252:../../libDaisy/src/hid/disp/display.h ****             }
 5436              		.loc 3 252 20 view .LVU1260
 5437 028a 013E     		subs	r6, r6, #1
 5438              	.LVL429:
 5439              	.L377:
 239:../../libDaisy/src/hid/disp/display.h ****         {
 5440              		.loc 3 239 26 is_stmt 1 view .LVU1261
 5441 028c 9942     		cmp	r1, r3
 5442 028e DED1     		bne	.L372
 239:../../libDaisy/src/hid/disp/display.h ****         {
 5443              		.loc 3 239 26 is_stmt 0 view .LVU1262
 5444 0290 B442     		cmp	r4, r6
 5445 0292 DCD1     		bne	.L372
 5446              	.LVL430:
 5447              	.L371:
 239:../../libDaisy/src/hid/disp/display.h ****         {
 5448              		.loc 3 239 26 view .LVU1263
 5449              	.LBE1553:
 5450              	.LBE1552:
 5451              	.LBB1575:
 5452              	.LBI1575:
 221:../../libDaisy/src/hid/disp/display.h ****                   uint_fast8_t y1,
 5453              		.loc 3 221 10 is_stmt 1 view .LVU1264
 5454              	.LBB1576:
 228:../../libDaisy/src/hid/disp/display.h ****         int_fast16_t signX  = ((x1 < x2) ? 1 : -1);
 5455              		.loc 3 228 52 is_stmt 0 view .LVU1265
 5456 0294 A2EB040E 		sub	lr, r2, r4
 228:../../libDaisy/src/hid/disp/display.h ****         int_fast16_t signX  = ((x1 < x2) ? 1 : -1);
 5457              		.loc 3 228 22 view .LVU1266
ARM GAS  /tmp/ccM1IMph.s 			page 164


 5458 0298 BEF1000F 		cmp	lr, #0
 5459 029c B8BF     		it	lt
 5460 029e CEF1000E 		rsblt	lr, lr, #0
 5461              	.LVL431:
 230:../../libDaisy/src/hid/disp/display.h ****         int_fast16_t error  = deltaX - deltaY;
 5462              		.loc 3 230 42 view .LVU1267
 5463 02a2 A242     		cmp	r2, r4
 5464 02a4 8CBF     		ite	hi
 5465 02a6 4FF00108 		movhi	r8, #1
 5466 02aa 4FF0FF38 		movls	r8, #-1
 5467              	.LVL432:
 231:../../libDaisy/src/hid/disp/display.h ****         int_fast16_t error2;
 5468              		.loc 3 231 22 view .LVU1268
 5469 02ae CEF1000C 		rsb	ip, lr, #0
 5470              	.LVL433:
 5471              	.LBB1577:
 5472              	.LBI1577:
  42:../../libDaisy/src/hid/disp/oled_display.h ****     {
 5473              		.loc 2 42 10 is_stmt 1 view .LVU1269
 5474              	.LBB1578:
 5475              	.LBI1578:
 352:../../libDaisy/src/dev/oled_ssd130x.h ****     {
 5476              		.loc 16 352 10 view .LVU1270
 5477              	.LBB1579:
 354:../../libDaisy/src/dev/oled_ssd130x.h ****             return;
 5478              		.loc 16 354 9 is_stmt 0 view .LVU1271
 5479 02b2 BAF1000F 		cmp	r10, #0
 5480 02b6 0ED1     		bne	.L379
 5481 02b8 029B     		ldr	r3, [sp, #8]
 5482 02ba 63B9     		cbnz	r3, .L379
 357:../../libDaisy/src/dev/oled_ssd130x.h ****         else
 5483              		.loc 16 357 28 view .LVU1272
 5484 02bc D308     		lsrs	r3, r2, #3
 357:../../libDaisy/src/dev/oled_ssd130x.h ****         else
 5485              		.loc 16 357 54 view .LVU1273
 5486 02be 02F00707 		and	r7, r2, #7
 357:../../libDaisy/src/dev/oled_ssd130x.h ****         else
 5487              		.loc 16 357 48 view .LVU1274
 5488 02c2 0126     		movs	r6, #1
 357:../../libDaisy/src/dev/oled_ssd130x.h ****         else
 5489              		.loc 16 357 42 view .LVU1275
 5490 02c4 01EBC313 		add	r3, r1, r3, lsl #7
 5491 02c8 0344     		add	r3, r3, r0
 356:../../libDaisy/src/dev/oled_ssd130x.h ****             buffer_[x + (y / 8) * width] |= (1 << (y % 8));
 5492              		.loc 16 356 9 view .LVU1276
 5493 02ca 002D     		cmp	r5, #0
 5494 02cc 7CD0     		beq	.L380
 357:../../libDaisy/src/dev/oled_ssd130x.h ****         else
 5495              		.loc 16 357 48 view .LVU1277
 5496 02ce BE40     		lsls	r6, r6, r7
 357:../../libDaisy/src/dev/oled_ssd130x.h ****         else
 5497              		.loc 16 357 42 view .LVU1278
 5498 02d0 1F7D     		ldrb	r7, [r3, #20]	@ zero_extendqisi2
 5499 02d2 3E43     		orrs	r6, r6, r7
 5500 02d4 1E75     		strb	r6, [r3, #20]
 5501              	.L379:
 5502              	.LVL434:
ARM GAS  /tmp/ccM1IMph.s 			page 165


 357:../../libDaisy/src/dev/oled_ssd130x.h ****         else
 5503              		.loc 16 357 42 view .LVU1279
 5504              	.LBE1579:
 5505              	.LBE1578:
 5506              	.LBE1577:
 239:../../libDaisy/src/hid/disp/display.h ****         {
 5507              		.loc 3 239 26 is_stmt 1 view .LVU1280
 5508 02d6 019B     		ldr	r3, [sp, #4]
 5509 02d8 002B     		cmp	r3, #0
 5510 02da 7FF4CDAE 		bne	.L337
 5511 02de 6646     		mov	r6, ip
 5512 02e0 0B46     		mov	r3, r1
 5513              	.LVL435:
 5514              	.L381:
 5515              	.LBB1584:
 5516              	.LBI1584:
  42:../../libDaisy/src/hid/disp/oled_display.h ****     {
 5517              		.loc 2 42 10 view .LVU1281
 5518              	.LBB1585:
 5519              	.LBI1585:
 352:../../libDaisy/src/dev/oled_ssd130x.h ****     {
 5520              		.loc 16 352 10 view .LVU1282
 5521              	.LBB1586:
 354:../../libDaisy/src/dev/oled_ssd130x.h ****             return;
 5522              		.loc 16 354 9 is_stmt 0 view .LVU1283
 5523 02e2 7F2B     		cmp	r3, #127
 5524 02e4 12D8     		bhi	.L383
 354:../../libDaisy/src/dev/oled_ssd130x.h ****             return;
 5525              		.loc 16 354 9 view .LVU1284
 5526 02e6 3F2C     		cmp	r4, #63
 5527 02e8 10D8     		bhi	.L383
 357:../../libDaisy/src/dev/oled_ssd130x.h ****         else
 5528              		.loc 16 357 28 view .LVU1285
 5529 02ea E708     		lsrs	r7, r4, #3
 357:../../libDaisy/src/dev/oled_ssd130x.h ****         else
 5530              		.loc 16 357 54 view .LVU1286
 5531 02ec 04F0070A 		and	r10, r4, #7
 357:../../libDaisy/src/dev/oled_ssd130x.h ****         else
 5532              		.loc 16 357 48 view .LVU1287
 5533 02f0 4FF00109 		mov	r9, #1
 357:../../libDaisy/src/dev/oled_ssd130x.h ****         else
 5534              		.loc 16 357 42 view .LVU1288
 5535 02f4 03EBC717 		add	r7, r3, r7, lsl #7
 5536 02f8 0744     		add	r7, r7, r0
 356:../../libDaisy/src/dev/oled_ssd130x.h ****             buffer_[x + (y / 8) * width] |= (1 << (y % 8));
 5537              		.loc 16 356 9 view .LVU1289
 5538 02fa A5B3     		cbz	r5, .L384
 357:../../libDaisy/src/dev/oled_ssd130x.h ****         else
 5539              		.loc 16 357 48 view .LVU1290
 5540 02fc 09FA0AF9 		lsl	r9, r9, r10
 357:../../libDaisy/src/dev/oled_ssd130x.h ****         else
 5541              		.loc 16 357 42 view .LVU1291
 5542 0300 97F814A0 		ldrb	r10, [r7, #20]	@ zero_extendqisi2
 5543 0304 49EA0A09 		orr	r9, r9, r10
 5544 0308 87F81490 		strb	r9, [r7, #20]
 5545              	.L383:
 5546              	.LVL436:
ARM GAS  /tmp/ccM1IMph.s 			page 166


 357:../../libDaisy/src/dev/oled_ssd130x.h ****         else
 5547              		.loc 16 357 42 view .LVU1292
 5548              	.LBE1586:
 5549              	.LBE1585:
 5550              	.LBE1584:
 243:../../libDaisy/src/hid/disp/display.h ****             {
 5551              		.loc 3 243 13 view .LVU1293
 5552 030c BCEB460F 		cmp	ip, r6, lsl #1
 242:../../libDaisy/src/hid/disp/display.h ****             if(error2 > -deltaY)
 5553              		.loc 3 242 20 view .LVU1294
 5554 0310 4FEA4607 		lsl	r7, r6, #1
 5555              	.LVL437:
 243:../../libDaisy/src/hid/disp/display.h ****             {
 5556              		.loc 3 243 13 view .LVU1295
 5557 0314 02DA     		bge	.L385
 245:../../libDaisy/src/hid/disp/display.h ****                 x1 += signX;
 5558              		.loc 3 245 23 view .LVU1296
 5559 0316 A6EB0E06 		sub	r6, r6, lr
 5560              	.LVL438:
 246:../../libDaisy/src/hid/disp/display.h ****             }
 5561              		.loc 3 246 20 view .LVU1297
 5562 031a 013B     		subs	r3, r3, #1
 5563              	.LVL439:
 5564              	.L385:
 249:../../libDaisy/src/hid/disp/display.h ****             {
 5565              		.loc 3 249 13 view .LVU1298
 5566 031c 07B1     		cbz	r7, .L386
 252:../../libDaisy/src/hid/disp/display.h ****             }
 5567              		.loc 3 252 20 view .LVU1299
 5568 031e 4444     		add	r4, r4, r8
 5569              	.LVL440:
 5570              	.L386:
 239:../../libDaisy/src/hid/disp/display.h ****         {
 5571              		.loc 3 239 26 is_stmt 1 view .LVU1300
 5572 0320 9942     		cmp	r1, r3
 5573 0322 DED1     		bne	.L381
 239:../../libDaisy/src/hid/disp/display.h ****         {
 5574              		.loc 3 239 26 is_stmt 0 view .LVU1301
 5575 0324 A242     		cmp	r2, r4
 5576 0326 DCD1     		bne	.L381
 5577              	.LBE1576:
 5578              	.LBE1575:
 5579              	.LBE1628:
 281:../../libDaisy/src/hid/disp/display.h **** 
 5580              		.loc 3 281 5 view .LVU1302
 5581 0328 07B0     		add	sp, sp, #28
 5582              		.cfi_remember_state
 5583              		.cfi_def_cfa_offset 36
 5584              		@ sp needed
 5585 032a BDE8F08F 		pop	{r4, r5, r6, r7, r8, r9, r10, fp, pc}
 5586              	.LVL441:
 5587              	.L346:
 5588              		.cfi_restore_state
 5589              	.LBB1629:
 5590              	.LBB1595:
 5591              	.LBB1512:
 5592              	.LBB1508:
ARM GAS  /tmp/ccM1IMph.s 			page 167


  42:../../libDaisy/src/hid/disp/oled_display.h ****     {
 5593              		.loc 2 42 10 is_stmt 1 view .LVU1303
 5594              	.LBB1497:
 352:../../libDaisy/src/dev/oled_ssd130x.h ****     {
 5595              		.loc 16 352 10 view .LVU1304
 5596              	.LBB1493:
 354:../../libDaisy/src/dev/oled_ssd130x.h ****             return;
 5597              		.loc 16 354 28 is_stmt 0 view .LVU1305
 5598 032e 3F2A     		cmp	r2, #63
 5599              	.LBE1493:
 5600              	.LBE1497:
 5601              	.LBE1508:
 229:../../libDaisy/src/hid/disp/display.h ****         int_fast16_t signY  = ((y1 < y2) ? 1 : -1);
 5602              		.loc 3 229 42 view .LVU1306
 5603 0330 4FF0010A 		mov	r10, #1
 5604              	.LBB1509:
 5605              	.LBB1498:
 5606              	.LBB1494:
 354:../../libDaisy/src/dev/oled_ssd130x.h ****             return;
 5607              		.loc 16 354 28 view .LVU1307
 5608 0334 94BF     		ite	ls
 5609 0336 0026     		movls	r6, #0
 5610 0338 0126     		movhi	r6, #1
 354:../../libDaisy/src/dev/oled_ssd130x.h ****             return;
 5611              		.loc 16 354 14 view .LVU1308
 5612 033a 7F2B     		cmp	r3, #127
 354:../../libDaisy/src/dev/oled_ssd130x.h ****             return;
 5613              		.loc 16 354 28 view .LVU1309
 5614 033c 0296     		str	r6, [sp, #8]
 354:../../libDaisy/src/dev/oled_ssd130x.h ****             return;
 5615              		.loc 16 354 14 view .LVU1310
 5616 033e 94BF     		ite	ls
 5617 0340 0027     		movls	r7, #0
 5618 0342 0127     		movhi	r7, #1
 5619 0344 0097     		str	r7, [sp]
 354:../../libDaisy/src/dev/oled_ssd130x.h ****             return;
 5620              		.loc 16 354 9 view .LVU1311
 5621 0346 002E     		cmp	r6, #0
 5622 0348 7FF4C8AE 		bne	.L350
 5623 034c 002F     		cmp	r7, #0
 5624 034e 3FF4AEAE 		beq	.L388
 5625 0352 C3E6     		b	.L350
 5626              	.LVL442:
 5627              	.L375:
 354:../../libDaisy/src/dev/oled_ssd130x.h ****             return;
 5628              		.loc 16 354 9 view .LVU1312
 5629              	.LBE1494:
 5630              	.LBE1498:
 5631              	.LBE1509:
 5632              	.LBE1512:
 5633              	.LBE1595:
 5634              	.LBB1596:
 5635              	.LBB1573:
 5636              	.LBB1571:
 5637              	.LBB1570:
 5638              	.LBB1569:
 5639              	.LBB1567:
ARM GAS  /tmp/ccM1IMph.s 			page 168


 5640              	.LBI1567:
 352:../../libDaisy/src/dev/oled_ssd130x.h ****     {
 5641              		.loc 16 352 10 is_stmt 1 view .LVU1313
 5642              	.LBB1568:
 359:../../libDaisy/src/dev/oled_ssd130x.h ****     }
 5643              		.loc 16 359 49 is_stmt 0 view .LVU1314
 5644 0354 08FA0BFB 		lsl	fp, r8, fp
 359:../../libDaisy/src/dev/oled_ssd130x.h ****     }
 5645              		.loc 16 359 42 view .LVU1315
 5646 0358 9CF81480 		ldrb	r8, [ip, #20]	@ zero_extendqisi2
 5647 035c 28EA0B08 		bic	r8, r8, fp
 5648 0360 8CF81480 		strb	r8, [ip, #20]
 5649 0364 8AE7     		b	.L374
 5650              	.LVL443:
 5651              	.L384:
 359:../../libDaisy/src/dev/oled_ssd130x.h ****     }
 5652              		.loc 16 359 42 view .LVU1316
 5653              	.LBE1568:
 5654              	.LBE1567:
 5655              	.LBE1569:
 5656              	.LBE1570:
 5657              	.LBE1571:
 5658              	.LBE1573:
 5659              	.LBE1596:
 5660              	.LBB1597:
 5661              	.LBB1593:
 5662              	.LBB1591:
 5663              	.LBB1590:
 5664              	.LBB1589:
 5665              	.LBB1587:
 5666              	.LBI1587:
 352:../../libDaisy/src/dev/oled_ssd130x.h ****     {
 5667              		.loc 16 352 10 is_stmt 1 view .LVU1317
 5668              	.LBB1588:
 359:../../libDaisy/src/dev/oled_ssd130x.h ****     }
 5669              		.loc 16 359 49 is_stmt 0 view .LVU1318
 5670 0366 09FA0AFA 		lsl	r10, r9, r10
 359:../../libDaisy/src/dev/oled_ssd130x.h ****     }
 5671              		.loc 16 359 42 view .LVU1319
 5672 036a 97F81490 		ldrb	r9, [r7, #20]	@ zero_extendqisi2
 5673 036e 29EA0A09 		bic	r9, r9, r10
 5674 0372 87F81490 		strb	r9, [r7, #20]
 5675 0376 C9E7     		b	.L383
 5676              	.LVL444:
 5677              	.L354:
 359:../../libDaisy/src/dev/oled_ssd130x.h ****     }
 5678              		.loc 16 359 42 view .LVU1320
 5679              	.LBE1588:
 5680              	.LBE1587:
 5681              	.LBE1589:
 5682              	.LBE1590:
 5683              	.LBE1591:
 5684              	.LBE1593:
 5685              	.LBE1597:
 5686              	.LBB1598:
 5687              	.LBB1513:
 5688              	.LBB1510:
ARM GAS  /tmp/ccM1IMph.s 			page 169


 5689              	.LBB1507:
 5690              	.LBB1506:
 5691              	.LBB1504:
 5692              	.LBI1504:
 352:../../libDaisy/src/dev/oled_ssd130x.h ****     {
 5693              		.loc 16 352 10 is_stmt 1 view .LVU1321
 5694              	.LBB1505:
 359:../../libDaisy/src/dev/oled_ssd130x.h ****     }
 5695              		.loc 16 359 49 is_stmt 0 view .LVU1322
 5696 0378 09FA0BFB 		lsl	fp, r9, fp
 359:../../libDaisy/src/dev/oled_ssd130x.h ****     }
 5697              		.loc 16 359 42 view .LVU1323
 5698 037c 97F81490 		ldrb	r9, [r7, #20]	@ zero_extendqisi2
 5699 0380 29EA0B09 		bic	r9, r9, fp
 5700 0384 87F81490 		strb	r9, [r7, #20]
 5701 0388 C5E6     		b	.L353
 5702              	.LVL445:
 5703              	.L365:
 359:../../libDaisy/src/dev/oled_ssd130x.h ****     }
 5704              		.loc 16 359 42 view .LVU1324
 5705              	.LBE1505:
 5706              	.LBE1504:
 5707              	.LBE1506:
 5708              	.LBE1507:
 5709              	.LBE1510:
 5710              	.LBE1513:
 5711              	.LBE1598:
 5712              	.LBB1599:
 5713              	.LBB1549:
 5714              	.LBB1546:
 5715              	.LBB1545:
 5716              	.LBB1544:
 5717              	.LBB1542:
 5718              	.LBI1542:
 352:../../libDaisy/src/dev/oled_ssd130x.h ****     {
 5719              		.loc 16 352 10 is_stmt 1 view .LVU1325
 5720              	.LBB1543:
 359:../../libDaisy/src/dev/oled_ssd130x.h ****     }
 5721              		.loc 16 359 49 is_stmt 0 view .LVU1326
 5722 038a 0AFA0BFB 		lsl	fp, r10, fp
 359:../../libDaisy/src/dev/oled_ssd130x.h ****     }
 5723              		.loc 16 359 42 view .LVU1327
 5724 038e 9EF814A0 		ldrb	r10, [lr, #20]	@ zero_extendqisi2
 5725 0392 2AEA0B0A 		bic	r10, r10, fp
 5726 0396 8EF814A0 		strb	r10, [lr, #20]
 5727 039a 18E7     		b	.L364
 5728              	.LVL446:
 5729              	.L357:
 359:../../libDaisy/src/dev/oled_ssd130x.h ****     }
 5730              		.loc 16 359 42 view .LVU1328
 5731              	.LBE1543:
 5732              	.LBE1542:
 5733              	.LBE1544:
 5734              	.LBE1545:
 5735              	.LBE1546:
 5736              	.LBB1547:
 5737              	.LBB1533:
ARM GAS  /tmp/ccM1IMph.s 			page 170


 5738              	.LBB1527:
 354:../../libDaisy/src/dev/oled_ssd130x.h ****             return;
 5739              		.loc 16 354 9 view .LVU1329
 5740 039c 97BB     		cbnz	r7, .L396
 5741 039e 8EBB     		cbnz	r6, .L396
 5742              	.LBE1527:
 5743              	.LBE1533:
 5744              	.LBE1547:
 230:../../libDaisy/src/hid/disp/display.h ****         int_fast16_t error  = deltaX - deltaY;
 5745              		.loc 3 230 42 view .LVU1330
 5746 03a0 0126     		movs	r6, #1
 5747 03a2 0096     		str	r6, [sp]
 5748              	.LBB1548:
 5749              	.LBB1534:
 5750              	.LBB1528:
 357:../../libDaisy/src/dev/oled_ssd130x.h ****         else
 5751              		.loc 16 357 28 view .LVU1331
 5752 03a4 E608     		lsrs	r6, r4, #3
 357:../../libDaisy/src/dev/oled_ssd130x.h ****         else
 5753              		.loc 16 357 42 view .LVU1332
 5754 03a6 03EBC616 		add	r6, r3, r6, lsl #7
 5755 03aa 0644     		add	r6, r6, r0
 356:../../libDaisy/src/dev/oled_ssd130x.h ****             buffer_[x + (y / 8) * width] |= (1 << (y % 8));
 5756              		.loc 16 356 9 view .LVU1333
 5757 03ac 002D     		cmp	r5, #0
 5758 03ae 7FF4E2AE 		bne	.L431
 5759              	.LVL447:
 5760              	.L359:
 5761              	.LBB1521:
 5762              	.LBI1521:
 352:../../libDaisy/src/dev/oled_ssd130x.h ****     {
 5763              		.loc 16 352 10 is_stmt 1 view .LVU1334
 5764              	.LBB1522:
 359:../../libDaisy/src/dev/oled_ssd130x.h ****     }
 5765              		.loc 16 359 49 is_stmt 0 view .LVU1335
 5766 03b2 0127     		movs	r7, #1
 359:../../libDaisy/src/dev/oled_ssd130x.h ****     }
 5767              		.loc 16 359 55 view .LVU1336
 5768 03b4 04F0070C 		and	ip, r4, #7
 359:../../libDaisy/src/dev/oled_ssd130x.h ****     }
 5769              		.loc 16 359 42 view .LVU1337
 5770 03b8 0395     		str	r5, [sp, #12]
 359:../../libDaisy/src/dev/oled_ssd130x.h ****     }
 5771              		.loc 16 359 49 view .LVU1338
 5772 03ba 07FA0CFC 		lsl	ip, r7, ip
 359:../../libDaisy/src/dev/oled_ssd130x.h ****     }
 5773              		.loc 16 359 42 view .LVU1339
 5774 03be 377D     		ldrb	r7, [r6, #20]	@ zero_extendqisi2
 5775 03c0 27EA0C07 		bic	r7, r7, ip
 5776 03c4 3775     		strb	r7, [r6, #20]
 5777 03c6 E3E6     		b	.L358
 5778              	.LVL448:
 5779              	.L380:
 359:../../libDaisy/src/dev/oled_ssd130x.h ****     }
 5780              		.loc 16 359 42 view .LVU1340
 5781              	.LBE1522:
 5782              	.LBE1521:
ARM GAS  /tmp/ccM1IMph.s 			page 171


 5783              	.LBE1528:
 5784              	.LBE1534:
 5785              	.LBE1548:
 5786              	.LBE1549:
 5787              	.LBE1599:
 5788              	.LBB1600:
 5789              	.LBB1594:
 5790              	.LBB1592:
 5791              	.LBB1583:
 5792              	.LBB1582:
 5793              	.LBB1580:
 5794              	.LBI1580:
 352:../../libDaisy/src/dev/oled_ssd130x.h ****     {
 5795              		.loc 16 352 10 is_stmt 1 view .LVU1341
 5796              	.LBB1581:
 359:../../libDaisy/src/dev/oled_ssd130x.h ****     }
 5797              		.loc 16 359 49 is_stmt 0 view .LVU1342
 5798 03c8 06FA07F7 		lsl	r7, r6, r7
 359:../../libDaisy/src/dev/oled_ssd130x.h ****     }
 5799              		.loc 16 359 42 view .LVU1343
 5800 03cc 1E7D     		ldrb	r6, [r3, #20]	@ zero_extendqisi2
 5801 03ce 26EA0706 		bic	r6, r6, r7
 5802 03d2 1E75     		strb	r6, [r3, #20]
 5803 03d4 7FE7     		b	.L379
 5804              	.LVL449:
 5805              	.L370:
 359:../../libDaisy/src/dev/oled_ssd130x.h ****     }
 5806              		.loc 16 359 42 view .LVU1344
 5807              	.LBE1581:
 5808              	.LBE1580:
 5809              	.LBE1582:
 5810              	.LBE1583:
 5811              	.LBE1592:
 5812              	.LBE1594:
 5813              	.LBE1600:
 5814              	.LBB1601:
 5815              	.LBB1574:
 5816              	.LBB1572:
 5817              	.LBB1562:
 5818              	.LBB1560:
 5819              	.LBB1557:
 5820              	.LBI1557:
 352:../../libDaisy/src/dev/oled_ssd130x.h ****     {
 5821              		.loc 16 352 10 is_stmt 1 view .LVU1345
 5822              	.LBB1558:
 359:../../libDaisy/src/dev/oled_ssd130x.h ****     }
 5823              		.loc 16 359 49 is_stmt 0 view .LVU1346
 5824 03d6 0127     		movs	r7, #1
 359:../../libDaisy/src/dev/oled_ssd130x.h ****     }
 5825              		.loc 16 359 55 view .LVU1347
 5826 03d8 04F0070C 		and	ip, r4, #7
 359:../../libDaisy/src/dev/oled_ssd130x.h ****     }
 5827              		.loc 16 359 49 view .LVU1348
 5828 03dc 07FA0CFC 		lsl	ip, r7, ip
 359:../../libDaisy/src/dev/oled_ssd130x.h ****     }
 5829              		.loc 16 359 42 view .LVU1349
 5830 03e0 377D     		ldrb	r7, [r6, #20]	@ zero_extendqisi2
ARM GAS  /tmp/ccM1IMph.s 			page 172


 5831 03e2 27EA0C07 		bic	r7, r7, ip
 5832 03e6 3775     		strb	r7, [r6, #20]
 5833 03e8 2DE7     		b	.L369
 5834              	.LVL450:
 5835              	.L348:
 359:../../libDaisy/src/dev/oled_ssd130x.h ****     }
 5836              		.loc 16 359 42 view .LVU1350
 5837              	.LBE1558:
 5838              	.LBE1557:
 5839              	.LBE1560:
 5840              	.LBE1562:
 5841              	.LBE1572:
 5842              	.LBE1574:
 5843              	.LBE1601:
 5844              	.LBB1602:
 5845              	.LBB1514:
 5846              	.LBB1511:
 5847              	.LBB1499:
 5848              	.LBB1495:
 5849              	.LBB1490:
 5850              	.LBI1490:
 352:../../libDaisy/src/dev/oled_ssd130x.h ****     {
 5851              		.loc 16 352 10 is_stmt 1 view .LVU1351
 5852              	.LBB1491:
 359:../../libDaisy/src/dev/oled_ssd130x.h ****     }
 5853              		.loc 16 359 49 is_stmt 0 view .LVU1352
 5854 03ea 07FA0CFC 		lsl	ip, r7, ip
 359:../../libDaisy/src/dev/oled_ssd130x.h ****     }
 5855              		.loc 16 359 42 view .LVU1353
 5856 03ee 377D     		ldrb	r7, [r6, #20]	@ zero_extendqisi2
 5857 03f0 0295     		str	r5, [sp, #8]
 5858 03f2 27EA0C07 		bic	r7, r7, ip
 5859 03f6 0095     		str	r5, [sp]
 5860 03f8 3775     		strb	r7, [r6, #20]
 5861 03fa 6CE6     		b	.L347
 5862              	.LVL451:
 5863              	.L392:
 359:../../libDaisy/src/dev/oled_ssd130x.h ****     }
 5864              		.loc 16 359 42 view .LVU1354
 5865              	.LBE1491:
 5866              	.LBE1490:
 5867              	.LBE1495:
 5868              	.LBE1499:
 5869              	.LBE1511:
 5870              	.LBE1514:
 5871              	.LBE1602:
 5872              	.LBB1603:
 5873              	.LBB1550:
 230:../../libDaisy/src/hid/disp/display.h ****         int_fast16_t error  = deltaX - deltaY;
 5874              		.loc 3 230 42 view .LVU1355
 5875 03fc 4FF0FF36 		mov	r6, #-1
 5876 0400 0096     		str	r6, [sp]
 5877 0402 C5E6     		b	.L358
 5878              	.LVL452:
 5879              	.L396:
 230:../../libDaisy/src/hid/disp/display.h ****         int_fast16_t error  = deltaX - deltaY;
 5880              		.loc 3 230 42 view .LVU1356
ARM GAS  /tmp/ccM1IMph.s 			page 173


 5881 0404 0126     		movs	r6, #1
 5882 0406 0096     		str	r6, [sp]
 5883 0408 C5E6     		b	.L361
 5884              	.LVL453:
 5885              	.L429:
 230:../../libDaisy/src/hid/disp/display.h ****         int_fast16_t error  = deltaX - deltaY;
 5886              		.loc 3 230 42 view .LVU1357
 5887              	.LBE1550:
 5888              	.LBE1603:
 5889              	.LBB1604:
 5890              	.LBB1515:
 239:../../libDaisy/src/hid/disp/display.h ****         {
 5891              		.loc 3 239 19 view .LVU1358
 5892 040a 0126     		movs	r6, #1
 5893 040c 0496     		str	r6, [sp, #16]
 5894 040e 90E6     		b	.L349
 5895              	.LVL454:
 5896              	.L430:
 239:../../libDaisy/src/hid/disp/display.h ****         {
 5897              		.loc 3 239 19 view .LVU1359
 5898              	.LBE1515:
 5899              	.LBE1604:
 5900              	.LBB1605:
 5901              	.LBB1551:
 239:../../libDaisy/src/hid/disp/display.h ****         {
 5902              		.loc 3 239 33 view .LVU1360
 5903 0410 0126     		movs	r6, #1
 5904 0412 0196     		str	r6, [sp, #4]
 5905 0414 EDE6     		b	.L360
 5906              	.LBE1551:
 5907              	.LBE1605:
 5908              	.LBE1629:
 5909              		.cfi_endproc
 5910              	.LFE5343:
 5912 0416 00BF     		.section	.text._Z17HandleMidiMessageN5daisy9MidiEventE,"ax",%progbits
 5913              		.align	1
 5914              		.p2align 2,,3
 5915              		.global	_Z17HandleMidiMessageN5daisy9MidiEventE
 5916              		.syntax unified
 5917              		.thumb
 5918              		.thumb_func
 5919              		.fpu fpv5-d16
 5921              	_Z17HandleMidiMessageN5daisy9MidiEventE:
 5922              	.LFB4717:
  27:Midi.cpp      **** 
  28:Midi.cpp      **** // Typical Switch case for Message Type.
  29:Midi.cpp      **** void HandleMidiMessage(MidiEvent m)
  30:Midi.cpp      **** {
 5923              		.loc 17 30 1 is_stmt 1 view -0
 5924              		.cfi_startproc
 5925              		@ args = 144, pretend = 16, frame = 0
 5926              		@ frame_needed = 0, uses_anonymous_args = 0
 5927 0000 84B0     		sub	sp, sp, #16
 5928              		.cfi_def_cfa_offset 16
 5929 0002 38B5     		push	{r3, r4, r5, lr}
 5930              		.cfi_def_cfa_offset 32
 5931              		.cfi_offset 3, -32
ARM GAS  /tmp/ccM1IMph.s 			page 174


 5932              		.cfi_offset 4, -28
 5933              		.cfi_offset 5, -24
 5934              		.cfi_offset 14, -20
 5935              	.LVL455:
 5936              		.loc 17 30 1 is_stmt 0 view .LVU1362
 5937 0004 04AC     		add	r4, sp, #16
 5938 0006 84E80F00 		stm	r4, {r0, r1, r2, r3}
 5939              	.LVL456:
 5940              	.LBB1648:
  31:Midi.cpp      ****     switch(m.type)
 5941              		.loc 17 31 14 view .LVU1363
 5942 000a 9DF81030 		ldrb	r3, [sp, #16]	@ zero_extendqisi2
 5943 000e 9DF81820 		ldrb	r2, [sp, #24]	@ zero_extendqisi2
 5944              	.LVL457:
 5945              		.loc 17 31 5 view .LVU1364
 5946 0012 012B     		cmp	r3, #1
 5947 0014 9DF81940 		ldrb	r4, [sp, #25]	@ zero_extendqisi2
 5948              	.LVL458:
 5949              		.loc 17 31 5 view .LVU1365
 5950              	.LBE1648:
 5951              		.loc 17 31 5 is_stmt 1 view .LVU1366
 5952              	.LBB1687:
 5953 0018 09D0     		beq	.L433
 5954 001a 032B     		cmp	r3, #3
 5955 001c 03D1     		bne	.L432
 5956              	.LBE1687:
  32:Midi.cpp      ****     {
  33:Midi.cpp      ****         case NoteOn:
  34:Midi.cpp      ****         {
  35:Midi.cpp      ****             NoteOnEvent p = m.AsNoteOn();
  36:Midi.cpp      ****             // This is to avoid Max/MSP Note outs for now..
  37:Midi.cpp      ****             if(m.data[1] != 0)
  38:Midi.cpp      ****             {
  39:Midi.cpp      ****                 p = m.AsNoteOn();
  40:Midi.cpp      ****                 osc.SetFreq(mtof(p.note));
  41:Midi.cpp      ****                 osc.SetAmp((p.velocity / 127.0f));
  42:Midi.cpp      ****             }
  43:Midi.cpp      ****         }
  44:Midi.cpp      ****         break;
  45:Midi.cpp      ****         case ControlChange:
 5957              		.loc 17 45 9 view .LVU1367
  46:Midi.cpp      ****         {
 5958              		.loc 17 46 9 view .LVU1368
 5959              	.LBB1688:
 5960              	.LBB1649:
  47:Midi.cpp      ****             ControlChangeEvent p = m.AsControlChange();
 5961              		.loc 17 47 13 view .LVU1369
 5962              	.LVL459:
 5963              	.LBB1650:
 5964              	.LBI1650:
 5965              		.file 20 "../../libDaisy/src/hid/MidiEvent.h"
   1:../../libDaisy/src/hid/MidiEvent.h **** // TODO: make this adjustable
   2:../../libDaisy/src/hid/MidiEvent.h **** #define SYSEX_BUFFER_LEN 128
   3:../../libDaisy/src/hid/MidiEvent.h **** 
   4:../../libDaisy/src/hid/MidiEvent.h **** namespace daisy
   5:../../libDaisy/src/hid/MidiEvent.h **** {
   6:../../libDaisy/src/hid/MidiEvent.h **** /** @addtogroup midi MIDI
ARM GAS  /tmp/ccM1IMph.s 			page 175


   7:../../libDaisy/src/hid/MidiEvent.h ****  *  @ingroup human_interface
   8:../../libDaisy/src/hid/MidiEvent.h ****  *  @ingroup libdaisy
   9:../../libDaisy/src/hid/MidiEvent.h ****  *  @brief MIDI handlers, transports, and message types
  10:../../libDaisy/src/hid/MidiEvent.h ****  *  @{
  11:../../libDaisy/src/hid/MidiEvent.h ****  */
  12:../../libDaisy/src/hid/MidiEvent.h **** 
  13:../../libDaisy/src/hid/MidiEvent.h **** /** @defgroup midi_events MIDI_EVENTS
  14:../../libDaisy/src/hid/MidiEvent.h ****  *  @{
  15:../../libDaisy/src/hid/MidiEvent.h **** */
  16:../../libDaisy/src/hid/MidiEvent.h **** 
  17:../../libDaisy/src/hid/MidiEvent.h **** /** Parsed from the Status Byte, these are the common Midi Messages that can be handled. \n
  18:../../libDaisy/src/hid/MidiEvent.h **** At this time only 3-byte messages are correctly parsed into MidiEvents.
  19:../../libDaisy/src/hid/MidiEvent.h **** */
  20:../../libDaisy/src/hid/MidiEvent.h **** enum MidiMessageType
  21:../../libDaisy/src/hid/MidiEvent.h **** {
  22:../../libDaisy/src/hid/MidiEvent.h ****     NoteOff,               /**< & */
  23:../../libDaisy/src/hid/MidiEvent.h ****     NoteOn,                /**< & */
  24:../../libDaisy/src/hid/MidiEvent.h ****     PolyphonicKeyPressure, /**< & */
  25:../../libDaisy/src/hid/MidiEvent.h ****     ControlChange,         /**< & */
  26:../../libDaisy/src/hid/MidiEvent.h ****     ProgramChange,         /**< & */
  27:../../libDaisy/src/hid/MidiEvent.h ****     ChannelPressure,       /**< & */
  28:../../libDaisy/src/hid/MidiEvent.h ****     PitchBend,             /**< & */
  29:../../libDaisy/src/hid/MidiEvent.h ****     SystemCommon,          /**< & */
  30:../../libDaisy/src/hid/MidiEvent.h ****     SystemRealTime,        /**< & */
  31:../../libDaisy/src/hid/MidiEvent.h ****     ChannelMode,           /**< & */
  32:../../libDaisy/src/hid/MidiEvent.h ****     MessageLast,           /**< & */
  33:../../libDaisy/src/hid/MidiEvent.h **** };
  34:../../libDaisy/src/hid/MidiEvent.h **** 
  35:../../libDaisy/src/hid/MidiEvent.h **** enum SystemCommonType
  36:../../libDaisy/src/hid/MidiEvent.h **** {
  37:../../libDaisy/src/hid/MidiEvent.h ****     SystemExclusive,     /**< & */
  38:../../libDaisy/src/hid/MidiEvent.h ****     MTCQuarterFrame,     /**< & */
  39:../../libDaisy/src/hid/MidiEvent.h ****     SongPositionPointer, /**< & */
  40:../../libDaisy/src/hid/MidiEvent.h ****     SongSelect,          /**< & */
  41:../../libDaisy/src/hid/MidiEvent.h ****     SCUndefined0,        /**< & */
  42:../../libDaisy/src/hid/MidiEvent.h ****     SCUndefined1,        /**< & */
  43:../../libDaisy/src/hid/MidiEvent.h ****     TuneRequest,         /**< & */
  44:../../libDaisy/src/hid/MidiEvent.h ****     SysExEnd,            /**< & */
  45:../../libDaisy/src/hid/MidiEvent.h ****     SystemCommonLast,    /**< & */
  46:../../libDaisy/src/hid/MidiEvent.h **** };
  47:../../libDaisy/src/hid/MidiEvent.h **** 
  48:../../libDaisy/src/hid/MidiEvent.h **** enum SystemRealTimeType
  49:../../libDaisy/src/hid/MidiEvent.h **** {
  50:../../libDaisy/src/hid/MidiEvent.h ****     TimingClock,        /**< & */
  51:../../libDaisy/src/hid/MidiEvent.h ****     SRTUndefined0,      /**< & */
  52:../../libDaisy/src/hid/MidiEvent.h ****     Start,              /**< & */
  53:../../libDaisy/src/hid/MidiEvent.h ****     Continue,           /**< & */
  54:../../libDaisy/src/hid/MidiEvent.h ****     Stop,               /**< & */
  55:../../libDaisy/src/hid/MidiEvent.h ****     SRTUndefined1,      /**< & */
  56:../../libDaisy/src/hid/MidiEvent.h ****     ActiveSensing,      /**< & */
  57:../../libDaisy/src/hid/MidiEvent.h ****     Reset,              /**< & */
  58:../../libDaisy/src/hid/MidiEvent.h ****     SystemRealTimeLast, /**< & */
  59:../../libDaisy/src/hid/MidiEvent.h **** };
  60:../../libDaisy/src/hid/MidiEvent.h **** 
  61:../../libDaisy/src/hid/MidiEvent.h **** enum ChannelModeType
  62:../../libDaisy/src/hid/MidiEvent.h **** {
  63:../../libDaisy/src/hid/MidiEvent.h ****     AllSoundOff,         /**< & */
ARM GAS  /tmp/ccM1IMph.s 			page 176


  64:../../libDaisy/src/hid/MidiEvent.h ****     ResetAllControllers, /**< & */
  65:../../libDaisy/src/hid/MidiEvent.h ****     LocalControl,        /**< & */
  66:../../libDaisy/src/hid/MidiEvent.h ****     AllNotesOff,         /**< & */
  67:../../libDaisy/src/hid/MidiEvent.h ****     OmniModeOff,         /**< & */
  68:../../libDaisy/src/hid/MidiEvent.h ****     OmniModeOn,          /**< & */
  69:../../libDaisy/src/hid/MidiEvent.h ****     MonoModeOn,          /**< & */
  70:../../libDaisy/src/hid/MidiEvent.h ****     PolyModeOn,          /**< & */
  71:../../libDaisy/src/hid/MidiEvent.h ****     ChannelModeLast,     /**< & */
  72:../../libDaisy/src/hid/MidiEvent.h **** };
  73:../../libDaisy/src/hid/MidiEvent.h **** 
  74:../../libDaisy/src/hid/MidiEvent.h **** /** Struct containing note, and velocity data for a given channel.
  75:../../libDaisy/src/hid/MidiEvent.h **** Can be made from MidiEvent
  76:../../libDaisy/src/hid/MidiEvent.h **** */
  77:../../libDaisy/src/hid/MidiEvent.h **** struct NoteOffEvent
  78:../../libDaisy/src/hid/MidiEvent.h **** {
  79:../../libDaisy/src/hid/MidiEvent.h ****     int     channel;  /**< & */
  80:../../libDaisy/src/hid/MidiEvent.h ****     uint8_t note;     /**< & */
  81:../../libDaisy/src/hid/MidiEvent.h ****     uint8_t velocity; /**< & */
  82:../../libDaisy/src/hid/MidiEvent.h **** };
  83:../../libDaisy/src/hid/MidiEvent.h **** 
  84:../../libDaisy/src/hid/MidiEvent.h **** 
  85:../../libDaisy/src/hid/MidiEvent.h **** /** Struct containing note, and velocity data for a given channel.
  86:../../libDaisy/src/hid/MidiEvent.h **** Can be made from MidiEvent
  87:../../libDaisy/src/hid/MidiEvent.h **** */
  88:../../libDaisy/src/hid/MidiEvent.h **** struct NoteOnEvent
  89:../../libDaisy/src/hid/MidiEvent.h **** {
  90:../../libDaisy/src/hid/MidiEvent.h ****     int     channel;  /**< & */
  91:../../libDaisy/src/hid/MidiEvent.h ****     uint8_t note;     /**< & */
  92:../../libDaisy/src/hid/MidiEvent.h ****     uint8_t velocity; /**< & */
  93:../../libDaisy/src/hid/MidiEvent.h **** };
  94:../../libDaisy/src/hid/MidiEvent.h **** /** Struct containing note, and pressure data for a given channel.
  95:../../libDaisy/src/hid/MidiEvent.h **** Can be made from MidiEvent
  96:../../libDaisy/src/hid/MidiEvent.h **** */
  97:../../libDaisy/src/hid/MidiEvent.h **** struct PolyphonicKeyPressureEvent
  98:../../libDaisy/src/hid/MidiEvent.h **** {
  99:../../libDaisy/src/hid/MidiEvent.h ****     int     channel;
 100:../../libDaisy/src/hid/MidiEvent.h ****     uint8_t note;
 101:../../libDaisy/src/hid/MidiEvent.h ****     uint8_t pressure;
 102:../../libDaisy/src/hid/MidiEvent.h **** };
 103:../../libDaisy/src/hid/MidiEvent.h **** /** Struct containing control number, and value for a given channel.
 104:../../libDaisy/src/hid/MidiEvent.h **** Can be made from MidiEvent
 105:../../libDaisy/src/hid/MidiEvent.h **** */
 106:../../libDaisy/src/hid/MidiEvent.h **** struct ControlChangeEvent
 107:../../libDaisy/src/hid/MidiEvent.h **** {
 108:../../libDaisy/src/hid/MidiEvent.h ****     int     channel;        /**< & */
 109:../../libDaisy/src/hid/MidiEvent.h ****     uint8_t control_number; /**< & */
 110:../../libDaisy/src/hid/MidiEvent.h ****     uint8_t value;          /**< & */
 111:../../libDaisy/src/hid/MidiEvent.h **** };
 112:../../libDaisy/src/hid/MidiEvent.h **** /** Struct containing new program number, for a given channel.
 113:../../libDaisy/src/hid/MidiEvent.h **** Can be made from MidiEvent
 114:../../libDaisy/src/hid/MidiEvent.h **** */
 115:../../libDaisy/src/hid/MidiEvent.h **** struct ProgramChangeEvent
 116:../../libDaisy/src/hid/MidiEvent.h **** {
 117:../../libDaisy/src/hid/MidiEvent.h ****     int     channel; /**< & */
 118:../../libDaisy/src/hid/MidiEvent.h ****     uint8_t program; /**< & */
 119:../../libDaisy/src/hid/MidiEvent.h **** };
 120:../../libDaisy/src/hid/MidiEvent.h **** /** Struct containing pressure (aftertouch), for a given channel.
ARM GAS  /tmp/ccM1IMph.s 			page 177


 121:../../libDaisy/src/hid/MidiEvent.h **** Can be made from MidiEvent
 122:../../libDaisy/src/hid/MidiEvent.h **** */
 123:../../libDaisy/src/hid/MidiEvent.h **** struct ChannelPressureEvent
 124:../../libDaisy/src/hid/MidiEvent.h **** {
 125:../../libDaisy/src/hid/MidiEvent.h ****     int     channel;  /**< & */
 126:../../libDaisy/src/hid/MidiEvent.h ****     uint8_t pressure; /**< & */
 127:../../libDaisy/src/hid/MidiEvent.h **** };
 128:../../libDaisy/src/hid/MidiEvent.h **** /** Struct containing pitch bend value for a given channel.
 129:../../libDaisy/src/hid/MidiEvent.h **** Can be made from MidiEvent
 130:../../libDaisy/src/hid/MidiEvent.h **** */
 131:../../libDaisy/src/hid/MidiEvent.h **** struct PitchBendEvent
 132:../../libDaisy/src/hid/MidiEvent.h **** {
 133:../../libDaisy/src/hid/MidiEvent.h ****     int     channel; /**< & */
 134:../../libDaisy/src/hid/MidiEvent.h ****     int16_t value;   /**< & */
 135:../../libDaisy/src/hid/MidiEvent.h **** };
 136:../../libDaisy/src/hid/MidiEvent.h **** /** Struct containing channel mode event for a given channel.
 137:../../libDaisy/src/hid/MidiEvent.h **** Can be made from MidiEvent
 138:../../libDaisy/src/hid/MidiEvent.h **** */
 139:../../libDaisy/src/hid/MidiEvent.h **** struct ChannelModeEvent
 140:../../libDaisy/src/hid/MidiEvent.h **** {
 141:../../libDaisy/src/hid/MidiEvent.h ****     int             channel;    /**< & */
 142:../../libDaisy/src/hid/MidiEvent.h ****     ChannelModeType event_type; /**< & */
 143:../../libDaisy/src/hid/MidiEvent.h ****     int16_t         value;      /**< & */
 144:../../libDaisy/src/hid/MidiEvent.h **** };
 145:../../libDaisy/src/hid/MidiEvent.h **** /** Struct containing sysex data.
 146:../../libDaisy/src/hid/MidiEvent.h **** Can be made from MidiEvent
 147:../../libDaisy/src/hid/MidiEvent.h **** */
 148:../../libDaisy/src/hid/MidiEvent.h **** struct SystemExclusiveEvent
 149:../../libDaisy/src/hid/MidiEvent.h **** {
 150:../../libDaisy/src/hid/MidiEvent.h ****     int     length;
 151:../../libDaisy/src/hid/MidiEvent.h ****     uint8_t data[SYSEX_BUFFER_LEN]; /**< & */
 152:../../libDaisy/src/hid/MidiEvent.h **** };
 153:../../libDaisy/src/hid/MidiEvent.h **** /** Struct containing QuarterFrame data.
 154:../../libDaisy/src/hid/MidiEvent.h **** Can be made from MidiEvent
 155:../../libDaisy/src/hid/MidiEvent.h **** */
 156:../../libDaisy/src/hid/MidiEvent.h **** struct MTCQuarterFrameEvent
 157:../../libDaisy/src/hid/MidiEvent.h **** {
 158:../../libDaisy/src/hid/MidiEvent.h ****     uint8_t message_type; /**< & */
 159:../../libDaisy/src/hid/MidiEvent.h ****     uint8_t value;        /**< & */
 160:../../libDaisy/src/hid/MidiEvent.h **** };
 161:../../libDaisy/src/hid/MidiEvent.h **** /** Struct containing song position data.
 162:../../libDaisy/src/hid/MidiEvent.h **** Can be made from MidiEvent
 163:../../libDaisy/src/hid/MidiEvent.h **** */
 164:../../libDaisy/src/hid/MidiEvent.h **** struct SongPositionPointerEvent
 165:../../libDaisy/src/hid/MidiEvent.h **** {
 166:../../libDaisy/src/hid/MidiEvent.h ****     uint16_t position; /**< & */
 167:../../libDaisy/src/hid/MidiEvent.h **** };
 168:../../libDaisy/src/hid/MidiEvent.h **** /** Struct containing song select data.
 169:../../libDaisy/src/hid/MidiEvent.h **** Can be made from MidiEvent
 170:../../libDaisy/src/hid/MidiEvent.h **** */
 171:../../libDaisy/src/hid/MidiEvent.h **** struct SongSelectEvent
 172:../../libDaisy/src/hid/MidiEvent.h **** {
 173:../../libDaisy/src/hid/MidiEvent.h ****     uint8_t song; /**< & */
 174:../../libDaisy/src/hid/MidiEvent.h **** };
 175:../../libDaisy/src/hid/MidiEvent.h **** /** Struct containing sound off data.
 176:../../libDaisy/src/hid/MidiEvent.h **** Can be made from MidiEvent
 177:../../libDaisy/src/hid/MidiEvent.h **** */
ARM GAS  /tmp/ccM1IMph.s 			page 178


 178:../../libDaisy/src/hid/MidiEvent.h **** struct AllSoundOffEvent
 179:../../libDaisy/src/hid/MidiEvent.h **** {
 180:../../libDaisy/src/hid/MidiEvent.h ****     int channel; /**< & */
 181:../../libDaisy/src/hid/MidiEvent.h **** };
 182:../../libDaisy/src/hid/MidiEvent.h **** /** Struct containing ResetAllControllersEvent data.
 183:../../libDaisy/src/hid/MidiEvent.h **** Can be made from MidiEvent
 184:../../libDaisy/src/hid/MidiEvent.h **** */
 185:../../libDaisy/src/hid/MidiEvent.h **** struct ResetAllControllersEvent
 186:../../libDaisy/src/hid/MidiEvent.h **** {
 187:../../libDaisy/src/hid/MidiEvent.h ****     int     channel; /**< & */
 188:../../libDaisy/src/hid/MidiEvent.h ****     uint8_t value;   /**< & */
 189:../../libDaisy/src/hid/MidiEvent.h **** };
 190:../../libDaisy/src/hid/MidiEvent.h **** /** Struct containing LocalControlEvent data.
 191:../../libDaisy/src/hid/MidiEvent.h **** Can be made from MidiEvent
 192:../../libDaisy/src/hid/MidiEvent.h **** */
 193:../../libDaisy/src/hid/MidiEvent.h **** struct LocalControlEvent
 194:../../libDaisy/src/hid/MidiEvent.h **** {
 195:../../libDaisy/src/hid/MidiEvent.h ****     int  channel;           /**< & */
 196:../../libDaisy/src/hid/MidiEvent.h ****     bool local_control_off; /**< & */
 197:../../libDaisy/src/hid/MidiEvent.h ****     bool local_control_on;  /**< & */
 198:../../libDaisy/src/hid/MidiEvent.h **** };
 199:../../libDaisy/src/hid/MidiEvent.h **** /** Struct containing AllNotesOffEvent data.
 200:../../libDaisy/src/hid/MidiEvent.h **** Can be made from MidiEvent
 201:../../libDaisy/src/hid/MidiEvent.h **** */
 202:../../libDaisy/src/hid/MidiEvent.h **** struct AllNotesOffEvent
 203:../../libDaisy/src/hid/MidiEvent.h **** {
 204:../../libDaisy/src/hid/MidiEvent.h ****     int channel; /**< & */
 205:../../libDaisy/src/hid/MidiEvent.h **** };
 206:../../libDaisy/src/hid/MidiEvent.h **** /** Struct containing OmniModeOffEvent data.
 207:../../libDaisy/src/hid/MidiEvent.h ****  * Can be made from MidiEvent
 208:../../libDaisy/src/hid/MidiEvent.h **** */
 209:../../libDaisy/src/hid/MidiEvent.h **** struct OmniModeOffEvent
 210:../../libDaisy/src/hid/MidiEvent.h **** {
 211:../../libDaisy/src/hid/MidiEvent.h ****     int channel; /**< & */
 212:../../libDaisy/src/hid/MidiEvent.h **** };
 213:../../libDaisy/src/hid/MidiEvent.h **** /** Struct containing OmniModeOnEvent data.
 214:../../libDaisy/src/hid/MidiEvent.h **** Can be made from MidiEvent
 215:../../libDaisy/src/hid/MidiEvent.h **** */
 216:../../libDaisy/src/hid/MidiEvent.h **** struct OmniModeOnEvent
 217:../../libDaisy/src/hid/MidiEvent.h **** {
 218:../../libDaisy/src/hid/MidiEvent.h ****     int channel; /**< & */
 219:../../libDaisy/src/hid/MidiEvent.h **** };
 220:../../libDaisy/src/hid/MidiEvent.h **** /** Struct containing MonoModeOnEvent data.
 221:../../libDaisy/src/hid/MidiEvent.h **** Can be made from MidiEvent
 222:../../libDaisy/src/hid/MidiEvent.h **** */
 223:../../libDaisy/src/hid/MidiEvent.h **** struct MonoModeOnEvent
 224:../../libDaisy/src/hid/MidiEvent.h **** {
 225:../../libDaisy/src/hid/MidiEvent.h ****     int     channel;      /**< & */
 226:../../libDaisy/src/hid/MidiEvent.h ****     uint8_t num_channels; /**< & */
 227:../../libDaisy/src/hid/MidiEvent.h **** };
 228:../../libDaisy/src/hid/MidiEvent.h **** /** Struct containing PolyModeOnEvent data.
 229:../../libDaisy/src/hid/MidiEvent.h **** Can be made from MidiEvent
 230:../../libDaisy/src/hid/MidiEvent.h **** */
 231:../../libDaisy/src/hid/MidiEvent.h **** struct PolyModeOnEvent
 232:../../libDaisy/src/hid/MidiEvent.h **** {
 233:../../libDaisy/src/hid/MidiEvent.h ****     int channel; /**< & */
 234:../../libDaisy/src/hid/MidiEvent.h **** };
ARM GAS  /tmp/ccM1IMph.s 			page 179


 235:../../libDaisy/src/hid/MidiEvent.h **** 
 236:../../libDaisy/src/hid/MidiEvent.h **** 
 237:../../libDaisy/src/hid/MidiEvent.h **** /** Simple MidiEvent with message type, channel, and data[2] members.
 238:../../libDaisy/src/hid/MidiEvent.h **** */
 239:../../libDaisy/src/hid/MidiEvent.h **** struct MidiEvent
 240:../../libDaisy/src/hid/MidiEvent.h **** {
 241:../../libDaisy/src/hid/MidiEvent.h ****     // Newer ish.
 242:../../libDaisy/src/hid/MidiEvent.h ****     MidiMessageType    type;                         /**< & */
 243:../../libDaisy/src/hid/MidiEvent.h ****     int                channel;                      /**< & */
 244:../../libDaisy/src/hid/MidiEvent.h ****     uint8_t            data[2];                      /**< & */
 245:../../libDaisy/src/hid/MidiEvent.h ****     uint8_t            sysex_data[SYSEX_BUFFER_LEN]; /**< & */
 246:../../libDaisy/src/hid/MidiEvent.h ****     uint8_t            sysex_message_len;
 247:../../libDaisy/src/hid/MidiEvent.h ****     SystemCommonType   sc_type;
 248:../../libDaisy/src/hid/MidiEvent.h ****     SystemRealTimeType srt_type;
 249:../../libDaisy/src/hid/MidiEvent.h ****     ChannelModeType    cm_type;
 250:../../libDaisy/src/hid/MidiEvent.h **** 
 251:../../libDaisy/src/hid/MidiEvent.h ****     /** Returns the data within the MidiEvent as a NoteOffEvent struct */
 252:../../libDaisy/src/hid/MidiEvent.h ****     NoteOffEvent AsNoteOff()
 253:../../libDaisy/src/hid/MidiEvent.h ****     {
 254:../../libDaisy/src/hid/MidiEvent.h ****         NoteOffEvent m;
 255:../../libDaisy/src/hid/MidiEvent.h ****         m.channel  = channel;
 256:../../libDaisy/src/hid/MidiEvent.h ****         m.note     = data[0];
 257:../../libDaisy/src/hid/MidiEvent.h ****         m.velocity = data[1];
 258:../../libDaisy/src/hid/MidiEvent.h ****         return m;
 259:../../libDaisy/src/hid/MidiEvent.h ****     }
 260:../../libDaisy/src/hid/MidiEvent.h **** 
 261:../../libDaisy/src/hid/MidiEvent.h ****     /** Returns the data within the MidiEvent as a NoteOnEvent struct */
 262:../../libDaisy/src/hid/MidiEvent.h ****     NoteOnEvent AsNoteOn()
 263:../../libDaisy/src/hid/MidiEvent.h ****     {
 264:../../libDaisy/src/hid/MidiEvent.h ****         NoteOnEvent m;
 265:../../libDaisy/src/hid/MidiEvent.h ****         m.channel  = channel;
 266:../../libDaisy/src/hid/MidiEvent.h ****         m.note     = data[0];
 267:../../libDaisy/src/hid/MidiEvent.h ****         m.velocity = data[1];
 268:../../libDaisy/src/hid/MidiEvent.h ****         return m;
 269:../../libDaisy/src/hid/MidiEvent.h ****     }
 270:../../libDaisy/src/hid/MidiEvent.h **** 
 271:../../libDaisy/src/hid/MidiEvent.h ****     /** Returns the data within the MidiEvent as a PolyphonicKeyPressureEvent struct */
 272:../../libDaisy/src/hid/MidiEvent.h ****     PolyphonicKeyPressureEvent AsPolyphonicKeyPressure()
 273:../../libDaisy/src/hid/MidiEvent.h ****     {
 274:../../libDaisy/src/hid/MidiEvent.h ****         PolyphonicKeyPressureEvent m;
 275:../../libDaisy/src/hid/MidiEvent.h ****         m.channel  = channel;
 276:../../libDaisy/src/hid/MidiEvent.h ****         m.note     = data[0];
 277:../../libDaisy/src/hid/MidiEvent.h ****         m.pressure = data[1];
 278:../../libDaisy/src/hid/MidiEvent.h ****         return m;
 279:../../libDaisy/src/hid/MidiEvent.h ****     }
 280:../../libDaisy/src/hid/MidiEvent.h **** 
 281:../../libDaisy/src/hid/MidiEvent.h ****     /** Returns the data within the MidiEvent as a ControlChangeEvent struct.*/
 282:../../libDaisy/src/hid/MidiEvent.h ****     ControlChangeEvent AsControlChange()
 5966              		.loc 20 282 24 view .LVU1370
 5967              	.LBB1651:
 283:../../libDaisy/src/hid/MidiEvent.h ****     {
 284:../../libDaisy/src/hid/MidiEvent.h ****         ControlChangeEvent m;
 5968              		.loc 20 284 9 view .LVU1371
 285:../../libDaisy/src/hid/MidiEvent.h ****         m.channel        = channel;
 5969              		.loc 20 285 9 view .LVU1372
 286:../../libDaisy/src/hid/MidiEvent.h ****         m.control_number = data[0];
 5970              		.loc 20 286 9 view .LVU1373
ARM GAS  /tmp/ccM1IMph.s 			page 180


 287:../../libDaisy/src/hid/MidiEvent.h ****         m.value          = data[1];
 5971              		.loc 20 287 9 view .LVU1374
 288:../../libDaisy/src/hid/MidiEvent.h ****         return m;
 5972              		.loc 20 288 9 view .LVU1375
 5973              		.loc 20 288 9 is_stmt 0 view .LVU1376
 5974              	.LBE1651:
 5975              	.LBE1650:
  48:Midi.cpp      ****             switch(p.control_number)
 5976              		.loc 17 48 13 is_stmt 1 view .LVU1377
 5977 001e 012A     		cmp	r2, #1
 5978 0020 3FD0     		beq	.L436
 5979 0022 022A     		cmp	r2, #2
 5980 0024 2FD0     		beq	.L437
 5981              	.LVL460:
 5982              	.L432:
 5983              		.loc 17 48 13 is_stmt 0 view .LVU1378
 5984              	.LBE1649:
 5985              	.LBE1688:
  49:Midi.cpp      ****             {
  50:Midi.cpp      ****                 case 1:
  51:Midi.cpp      ****                     // CC 1 for cutoff.
  52:Midi.cpp      ****                     filt.SetFreq(mtof((float)p.value));
  53:Midi.cpp      ****                     break;
  54:Midi.cpp      ****                 case 2:
  55:Midi.cpp      ****                     // CC 2 for res.
  56:Midi.cpp      ****                     filt.SetRes(((float)p.value / 127.0f));
  57:Midi.cpp      ****                     break;
  58:Midi.cpp      ****                 default: break;
  59:Midi.cpp      ****             }
  60:Midi.cpp      ****             break;
  61:Midi.cpp      ****         }
  62:Midi.cpp      ****         default: break;
  63:Midi.cpp      ****     }
  64:Midi.cpp      **** }
 5986              		.loc 17 64 1 view .LVU1379
 5987 0026 BDE83840 		pop	{r3, r4, r5, lr}
 5988              		.cfi_remember_state
 5989              		.cfi_restore 14
 5990              		.cfi_restore 5
 5991              		.cfi_restore 4
 5992              		.cfi_restore 3
 5993              		.cfi_def_cfa_offset 16
 5994              	.LVL461:
 5995              		.loc 17 64 1 view .LVU1380
 5996 002a 04B0     		add	sp, sp, #16
 5997              		.cfi_def_cfa_offset 0
 5998 002c 7047     		bx	lr
 5999              	.LVL462:
 6000              	.L433:
 6001              		.cfi_restore_state
  33:Midi.cpp      ****         {
 6002              		.loc 17 33 9 is_stmt 1 view .LVU1381
  34:Midi.cpp      ****             NoteOnEvent p = m.AsNoteOn();
 6003              		.loc 17 34 9 view .LVU1382
 6004              	.LBB1689:
 6005              	.LBB1658:
  35:Midi.cpp      ****             // This is to avoid Max/MSP Note outs for now..
ARM GAS  /tmp/ccM1IMph.s 			page 181


 6006              		.loc 17 35 13 view .LVU1383
 6007              	.LBB1659:
 6008              	.LBI1659:
 262:../../libDaisy/src/hid/MidiEvent.h ****     {
 6009              		.loc 20 262 17 view .LVU1384
 6010              	.LBB1660:
 264:../../libDaisy/src/hid/MidiEvent.h ****         m.channel  = channel;
 6011              		.loc 20 264 9 view .LVU1385
 265:../../libDaisy/src/hid/MidiEvent.h ****         m.note     = data[0];
 6012              		.loc 20 265 9 view .LVU1386
 266:../../libDaisy/src/hid/MidiEvent.h ****         m.velocity = data[1];
 6013              		.loc 20 266 9 view .LVU1387
 267:../../libDaisy/src/hid/MidiEvent.h ****         return m;
 6014              		.loc 20 267 9 view .LVU1388
 268:../../libDaisy/src/hid/MidiEvent.h ****     }
 6015              		.loc 20 268 9 view .LVU1389
 268:../../libDaisy/src/hid/MidiEvent.h ****     }
 6016              		.loc 20 268 9 is_stmt 0 view .LVU1390
 6017              	.LBE1660:
 6018              	.LBE1659:
  37:Midi.cpp      ****             {
 6019              		.loc 17 37 13 is_stmt 1 view .LVU1391
 6020 002e 002C     		cmp	r4, #0
 6021 0030 F9D0     		beq	.L432
  39:Midi.cpp      ****                 osc.SetFreq(mtof(p.note));
 6022              		.loc 17 39 17 view .LVU1392
 6023              	.LVL463:
 6024              	.LBB1661:
 6025              	.LBI1661:
 262:../../libDaisy/src/hid/MidiEvent.h ****     {
 6026              		.loc 20 262 17 view .LVU1393
 6027              	.LBB1662:
 264:../../libDaisy/src/hid/MidiEvent.h ****         m.channel  = channel;
 6028              		.loc 20 264 9 view .LVU1394
 265:../../libDaisy/src/hid/MidiEvent.h ****         m.note     = data[0];
 6029              		.loc 20 265 9 view .LVU1395
 266:../../libDaisy/src/hid/MidiEvent.h ****         m.velocity = data[1];
 6030              		.loc 20 266 9 view .LVU1396
 267:../../libDaisy/src/hid/MidiEvent.h ****         return m;
 6031              		.loc 20 267 9 view .LVU1397
 268:../../libDaisy/src/hid/MidiEvent.h ****     }
 6032              		.loc 20 268 9 view .LVU1398
 268:../../libDaisy/src/hid/MidiEvent.h ****     }
 6033              		.loc 20 268 9 is_stmt 0 view .LVU1399
 6034              	.LBE1662:
 6035              	.LBE1661:
  40:Midi.cpp      ****                 osc.SetAmp((p.velocity / 127.0f));
 6036              		.loc 17 40 17 is_stmt 1 view .LVU1400
 6037              	.LBB1663:
 6038              	.LBI1663:
 6039              		.file 21 "../../DaisySP/Source/Utility/dsp.h"
   1:../../DaisySP/Source/Utility/dsp.h **** /*
   2:../../DaisySP/Source/Utility/dsp.h **** Copyright (c) 2020 Electrosmith, Corp, Emilie Gillet
   3:../../DaisySP/Source/Utility/dsp.h **** 
   4:../../DaisySP/Source/Utility/dsp.h **** Use of this source code is governed by an MIT-style
   5:../../DaisySP/Source/Utility/dsp.h **** license that can be found in the LICENSE file or at
   6:../../DaisySP/Source/Utility/dsp.h **** https://opensource.org/licenses/MIT.
ARM GAS  /tmp/ccM1IMph.s 			page 182


   7:../../DaisySP/Source/Utility/dsp.h **** */
   8:../../DaisySP/Source/Utility/dsp.h **** 
   9:../../DaisySP/Source/Utility/dsp.h **** /** Helpful defines, functions, and other utilities for use in/with daisysp modules.
  10:../../DaisySP/Source/Utility/dsp.h **** */
  11:../../DaisySP/Source/Utility/dsp.h **** #pragma once
  12:../../DaisySP/Source/Utility/dsp.h **** #ifndef DSY_CORE_DSP
  13:../../DaisySP/Source/Utility/dsp.h **** #define DSY_CORE_DSP
  14:../../DaisySP/Source/Utility/dsp.h **** #include <cassert>
  15:../../DaisySP/Source/Utility/dsp.h **** #include <cstdint>
  16:../../DaisySP/Source/Utility/dsp.h **** #include <random>
  17:../../DaisySP/Source/Utility/dsp.h **** #include <cmath>
  18:../../DaisySP/Source/Utility/dsp.h **** 
  19:../../DaisySP/Source/Utility/dsp.h **** /** PIs
  20:../../DaisySP/Source/Utility/dsp.h **** */
  21:../../DaisySP/Source/Utility/dsp.h **** #define PI_F 3.1415927410125732421875f
  22:../../DaisySP/Source/Utility/dsp.h **** #define TWOPI_F (2.0f * PI_F)
  23:../../DaisySP/Source/Utility/dsp.h **** #define HALFPI_F (PI_F * 0.5f)
  24:../../DaisySP/Source/Utility/dsp.h **** #define DSY_MIN(in, mn) (in < mn ? in : mn)
  25:../../DaisySP/Source/Utility/dsp.h **** #define DSY_MAX(in, mx) (in > mx ? in : mx)
  26:../../DaisySP/Source/Utility/dsp.h **** #define DSY_CLAMP(in, mn, mx) (DSY_MIN(DSY_MAX(in, mn), mx))
  27:../../DaisySP/Source/Utility/dsp.h **** #define DSY_COUNTOF(_arr) (sizeof(_arr) / sizeof(_arr[0]))
  28:../../DaisySP/Source/Utility/dsp.h **** 
  29:../../DaisySP/Source/Utility/dsp.h **** namespace daisysp
  30:../../DaisySP/Source/Utility/dsp.h **** {
  31:../../DaisySP/Source/Utility/dsp.h **** //Avoids division for random floats. e.g. rand() * kRandFrac
  32:../../DaisySP/Source/Utility/dsp.h **** static constexpr float kRandFrac = 1.f / (float)RAND_MAX;
  33:../../DaisySP/Source/Utility/dsp.h **** 
  34:../../DaisySP/Source/Utility/dsp.h **** //Convert from semitones to other units. e.g. 2 ^ (kOneTwelfth * x)
  35:../../DaisySP/Source/Utility/dsp.h **** static constexpr float kOneTwelfth = 1.f / 12.f;
  36:../../DaisySP/Source/Utility/dsp.h **** 
  37:../../DaisySP/Source/Utility/dsp.h **** /** efficient floating point min/max
  38:../../DaisySP/Source/Utility/dsp.h **** c/o stephen mccaul
  39:../../DaisySP/Source/Utility/dsp.h **** */
  40:../../DaisySP/Source/Utility/dsp.h **** inline float fmax(float a, float b)
  41:../../DaisySP/Source/Utility/dsp.h **** {
  42:../../DaisySP/Source/Utility/dsp.h ****     float r;
  43:../../DaisySP/Source/Utility/dsp.h **** #ifdef __arm__
  44:../../DaisySP/Source/Utility/dsp.h ****     asm("vmaxnm.f32 %[d], %[n], %[m]" : [d] "=t"(r) : [n] "t"(a), [m] "t"(b) :);
  45:../../DaisySP/Source/Utility/dsp.h **** #else
  46:../../DaisySP/Source/Utility/dsp.h ****     r = (a > b) ? a : b;
  47:../../DaisySP/Source/Utility/dsp.h **** #endif // __arm__
  48:../../DaisySP/Source/Utility/dsp.h ****     return r;
  49:../../DaisySP/Source/Utility/dsp.h **** }
  50:../../DaisySP/Source/Utility/dsp.h **** 
  51:../../DaisySP/Source/Utility/dsp.h **** inline float fmin(float a, float b)
  52:../../DaisySP/Source/Utility/dsp.h **** {
  53:../../DaisySP/Source/Utility/dsp.h ****     float r;
  54:../../DaisySP/Source/Utility/dsp.h **** #ifdef __arm__
  55:../../DaisySP/Source/Utility/dsp.h ****     asm("vminnm.f32 %[d], %[n], %[m]" : [d] "=t"(r) : [n] "t"(a), [m] "t"(b) :);
  56:../../DaisySP/Source/Utility/dsp.h **** #else
  57:../../DaisySP/Source/Utility/dsp.h ****     r = (a < b) ? a : b;
  58:../../DaisySP/Source/Utility/dsp.h **** #endif // __arm__
  59:../../DaisySP/Source/Utility/dsp.h ****     return r;
  60:../../DaisySP/Source/Utility/dsp.h **** }
  61:../../DaisySP/Source/Utility/dsp.h **** 
  62:../../DaisySP/Source/Utility/dsp.h **** /** quick fp clamp
  63:../../DaisySP/Source/Utility/dsp.h **** */
ARM GAS  /tmp/ccM1IMph.s 			page 183


  64:../../DaisySP/Source/Utility/dsp.h **** inline float fclamp(float in, float min, float max)
  65:../../DaisySP/Source/Utility/dsp.h **** {
  66:../../DaisySP/Source/Utility/dsp.h ****     return fmin(fmax(in, min), max);
  67:../../DaisySP/Source/Utility/dsp.h **** }
  68:../../DaisySP/Source/Utility/dsp.h **** 
  69:../../DaisySP/Source/Utility/dsp.h **** /** From Musicdsp.org "Fast power and root estimates for 32bit floats)
  70:../../DaisySP/Source/Utility/dsp.h **** Original code by Stefan Stenzel
  71:../../DaisySP/Source/Utility/dsp.h **** These are approximations
  72:../../DaisySP/Source/Utility/dsp.h **** */
  73:../../DaisySP/Source/Utility/dsp.h **** inline float fastpower(float f, int n)
  74:../../DaisySP/Source/Utility/dsp.h **** {
  75:../../DaisySP/Source/Utility/dsp.h ****     long *lp, l;
  76:../../DaisySP/Source/Utility/dsp.h ****     lp = (long *)(&f);
  77:../../DaisySP/Source/Utility/dsp.h ****     l  = *lp;
  78:../../DaisySP/Source/Utility/dsp.h ****     l -= 0x3F800000;
  79:../../DaisySP/Source/Utility/dsp.h ****     l <<= (n - 1);
  80:../../DaisySP/Source/Utility/dsp.h ****     l += 0x3F800000;
  81:../../DaisySP/Source/Utility/dsp.h ****     *lp = l;
  82:../../DaisySP/Source/Utility/dsp.h ****     return f;
  83:../../DaisySP/Source/Utility/dsp.h **** }
  84:../../DaisySP/Source/Utility/dsp.h **** 
  85:../../DaisySP/Source/Utility/dsp.h **** inline float fastroot(float f, int n)
  86:../../DaisySP/Source/Utility/dsp.h **** {
  87:../../DaisySP/Source/Utility/dsp.h ****     long *lp, l;
  88:../../DaisySP/Source/Utility/dsp.h ****     lp = (long *)(&f);
  89:../../DaisySP/Source/Utility/dsp.h ****     l  = *lp;
  90:../../DaisySP/Source/Utility/dsp.h ****     l -= 0x3F800000;
  91:../../DaisySP/Source/Utility/dsp.h ****     l >>= (n - 1);
  92:../../DaisySP/Source/Utility/dsp.h ****     l += 0x3F800000;
  93:../../DaisySP/Source/Utility/dsp.h ****     *lp = l;
  94:../../DaisySP/Source/Utility/dsp.h ****     return f;
  95:../../DaisySP/Source/Utility/dsp.h **** }
  96:../../DaisySP/Source/Utility/dsp.h **** 
  97:../../DaisySP/Source/Utility/dsp.h **** /** Significantly more efficient than fmodf(x, 1.0f) for calculating
  98:../../DaisySP/Source/Utility/dsp.h ****  *  the decimal part of a floating point value.
  99:../../DaisySP/Source/Utility/dsp.h ****  */
 100:../../DaisySP/Source/Utility/dsp.h **** inline float fastmod1f(float x)
 101:../../DaisySP/Source/Utility/dsp.h **** {
 102:../../DaisySP/Source/Utility/dsp.h ****     return x - static_cast<int>(x);
 103:../../DaisySP/Source/Utility/dsp.h **** }
 104:../../DaisySP/Source/Utility/dsp.h **** 
 105:../../DaisySP/Source/Utility/dsp.h **** /** From http://openaudio.blogspot.com/2017/02/faster-log10-and-pow.html
 106:../../DaisySP/Source/Utility/dsp.h **** No approximation, pow10f(x) gives a 90% speed increase over powf(10.f, x)
 107:../../DaisySP/Source/Utility/dsp.h **** */
 108:../../DaisySP/Source/Utility/dsp.h **** inline float pow10f(float f)
 109:../../DaisySP/Source/Utility/dsp.h **** {
 110:../../DaisySP/Source/Utility/dsp.h ****     return expf(2.302585092994046f * f);
 111:../../DaisySP/Source/Utility/dsp.h **** }
 112:../../DaisySP/Source/Utility/dsp.h **** 
 113:../../DaisySP/Source/Utility/dsp.h **** /* Original code for fastlog2f by Dr. Paul Beckmann from the ARM community forum, adapted from the 
 114:../../DaisySP/Source/Utility/dsp.h **** About 25% performance increase over std::log10f
 115:../../DaisySP/Source/Utility/dsp.h **** */
 116:../../DaisySP/Source/Utility/dsp.h **** inline float fastlog2f(float f)
 117:../../DaisySP/Source/Utility/dsp.h **** {
 118:../../DaisySP/Source/Utility/dsp.h ****     float frac;
 119:../../DaisySP/Source/Utility/dsp.h ****     int   exp;
 120:../../DaisySP/Source/Utility/dsp.h ****     frac = frexpf(fabsf(f), &exp);
ARM GAS  /tmp/ccM1IMph.s 			page 184


 121:../../DaisySP/Source/Utility/dsp.h ****     f    = 1.23149591368684f;
 122:../../DaisySP/Source/Utility/dsp.h ****     f *= frac;
 123:../../DaisySP/Source/Utility/dsp.h ****     f += -4.11852516267426f;
 124:../../DaisySP/Source/Utility/dsp.h ****     f *= frac;
 125:../../DaisySP/Source/Utility/dsp.h ****     f += 6.02197014179219f;
 126:../../DaisySP/Source/Utility/dsp.h ****     f *= frac;
 127:../../DaisySP/Source/Utility/dsp.h ****     f += -3.13396450166353f;
 128:../../DaisySP/Source/Utility/dsp.h ****     f += exp;
 129:../../DaisySP/Source/Utility/dsp.h ****     return (f);
 130:../../DaisySP/Source/Utility/dsp.h **** }
 131:../../DaisySP/Source/Utility/dsp.h **** 
 132:../../DaisySP/Source/Utility/dsp.h **** inline float fastlog10f(float f)
 133:../../DaisySP/Source/Utility/dsp.h **** {
 134:../../DaisySP/Source/Utility/dsp.h ****     return fastlog2f(f) * 0.3010299956639812f;
 135:../../DaisySP/Source/Utility/dsp.h **** }
 136:../../DaisySP/Source/Utility/dsp.h **** 
 137:../../DaisySP/Source/Utility/dsp.h **** /** Midi to frequency helper
 138:../../DaisySP/Source/Utility/dsp.h **** */
 139:../../DaisySP/Source/Utility/dsp.h **** inline float mtof(float m)
 6040              		.loc 21 139 14 view .LVU1401
 6041              	.LBB1664:
 140:../../DaisySP/Source/Utility/dsp.h **** {
 141:../../DaisySP/Source/Utility/dsp.h ****     return powf(2, (m - 69.0f) / 12.0f) * 440.0f;
 6042              		.loc 21 141 5 view .LVU1402
 6043              	.LBE1664:
 6044              	.LBE1663:
  40:Midi.cpp      ****                 osc.SetAmp((p.velocity / 127.0f));
 6045              		.loc 17 40 28 is_stmt 0 view .LVU1403
 6046 0032 07EE902A 		vmov	s15, r2	@ int
 6047              	.LBB1668:
 6048              	.LBB1665:
 6049              		.loc 21 141 23 view .LVU1404
 6050 0036 9FED287A 		vldr.32	s14, .L442
 6051              		.loc 21 141 16 view .LVU1405
 6052 003a F2EE080A 		vmov.f32	s1, #1.2e+1
 6053              	.LBE1665:
 6054              	.LBE1668:
 6055              	.LBB1669:
 6056              	.LBB1670:
  25:../../DaisySP/Source/Synthesis/oscillator.h ****     /** Choices for output waveforms, POLYBLEP are appropriately labeled. Others are naive forms.
  26:../../DaisySP/Source/Synthesis/oscillator.h ****     */
  27:../../DaisySP/Source/Synthesis/oscillator.h ****     enum
  28:../../DaisySP/Source/Synthesis/oscillator.h ****     {
  29:../../DaisySP/Source/Synthesis/oscillator.h ****         WAVE_SIN,
  30:../../DaisySP/Source/Synthesis/oscillator.h ****         WAVE_TRI,
  31:../../DaisySP/Source/Synthesis/oscillator.h ****         WAVE_SAW,
  32:../../DaisySP/Source/Synthesis/oscillator.h ****         WAVE_RAMP,
  33:../../DaisySP/Source/Synthesis/oscillator.h ****         WAVE_SQUARE,
  34:../../DaisySP/Source/Synthesis/oscillator.h ****         WAVE_POLYBLEP_TRI,
  35:../../DaisySP/Source/Synthesis/oscillator.h ****         WAVE_POLYBLEP_SAW,
  36:../../DaisySP/Source/Synthesis/oscillator.h ****         WAVE_POLYBLEP_SQUARE,
  37:../../DaisySP/Source/Synthesis/oscillator.h ****         WAVE_LAST,
  38:../../DaisySP/Source/Synthesis/oscillator.h ****     };
  39:../../DaisySP/Source/Synthesis/oscillator.h **** 
  40:../../DaisySP/Source/Synthesis/oscillator.h **** 
  41:../../DaisySP/Source/Synthesis/oscillator.h ****     /** Initializes the Oscillator
  42:../../DaisySP/Source/Synthesis/oscillator.h **** 
ARM GAS  /tmp/ccM1IMph.s 			page 185


  43:../../DaisySP/Source/Synthesis/oscillator.h ****         \param sample_rate - sample rate of the audio engine being run, and the frequency that the 
  44:../../DaisySP/Source/Synthesis/oscillator.h **** 
  45:../../DaisySP/Source/Synthesis/oscillator.h ****         Defaults:
  46:../../DaisySP/Source/Synthesis/oscillator.h ****         - freq_ = 100 Hz
  47:../../DaisySP/Source/Synthesis/oscillator.h ****         - amp_ = 0.5
  48:../../DaisySP/Source/Synthesis/oscillator.h ****         - waveform_ = sine wave.
  49:../../DaisySP/Source/Synthesis/oscillator.h ****     */
  50:../../DaisySP/Source/Synthesis/oscillator.h ****     void Init(float sample_rate)
  51:../../DaisySP/Source/Synthesis/oscillator.h ****     {
  52:../../DaisySP/Source/Synthesis/oscillator.h ****         sr_        = sample_rate;
  53:../../DaisySP/Source/Synthesis/oscillator.h ****         sr_recip_  = 1.0f / sample_rate;
  54:../../DaisySP/Source/Synthesis/oscillator.h ****         freq_      = 100.0f;
  55:../../DaisySP/Source/Synthesis/oscillator.h ****         amp_       = 0.5f;
  56:../../DaisySP/Source/Synthesis/oscillator.h ****         pw_        = 0.5f;
  57:../../DaisySP/Source/Synthesis/oscillator.h ****         phase_     = 0.0f;
  58:../../DaisySP/Source/Synthesis/oscillator.h ****         phase_inc_ = CalcPhaseInc(freq_);
  59:../../DaisySP/Source/Synthesis/oscillator.h ****         waveform_  = WAVE_SIN;
  60:../../DaisySP/Source/Synthesis/oscillator.h ****         eoc_       = true;
  61:../../DaisySP/Source/Synthesis/oscillator.h ****         eor_       = true;
  62:../../DaisySP/Source/Synthesis/oscillator.h ****     }
  63:../../DaisySP/Source/Synthesis/oscillator.h **** 
  64:../../DaisySP/Source/Synthesis/oscillator.h **** 
  65:../../DaisySP/Source/Synthesis/oscillator.h ****     /** Changes the frequency of the Oscillator, and recalculates phase increment.
  66:../../DaisySP/Source/Synthesis/oscillator.h ****     */
  67:../../DaisySP/Source/Synthesis/oscillator.h ****     inline void SetFreq(const float f)
  68:../../DaisySP/Source/Synthesis/oscillator.h ****     {
  69:../../DaisySP/Source/Synthesis/oscillator.h ****         freq_      = f;
 6057              		.loc 14 69 20 view .LVU1406
 6058 003e 274D     		ldr	r5, .L442+4
 6059              	.LBE1670:
 6060              	.LBE1669:
  40:Midi.cpp      ****                 osc.SetAmp((p.velocity / 127.0f));
 6061              		.loc 17 40 28 view .LVU1407
 6062 0040 F8EE677A 		vcvt.f32.u32	s15, s15
 6063              	.LBB1674:
 6064              	.LBB1666:
 6065              		.loc 21 141 16 view .LVU1408
 6066 0044 B0EE000A 		vmov.f32	s0, #2.0e+0
 6067              		.loc 21 141 23 view .LVU1409
 6068 0048 77EEC77A 		vsub.f32	s15, s15, s14
 6069              		.loc 21 141 16 view .LVU1410
 6070 004c C7EEA00A 		vdiv.f32	s1, s15, s1
 6071 0050 FFF7FEFF 		bl	powf
 6072              	.LVL464:
 6073              		.loc 21 141 43 view .LVU1411
 6074 0054 DFED227A 		vldr.32	s15, .L442+8
 6075              	.LBE1666:
 6076              	.LBE1674:
 6077              	.LBB1675:
 6078              	.LBB1671:
  70:../../DaisySP/Source/Synthesis/oscillator.h ****         phase_inc_ = CalcPhaseInc(f);
 6079              		.loc 14 70 34 view .LVU1412
 6080 0058 2846     		mov	r0, r5
 6081              	.LBE1671:
 6082              	.LBE1675:
 6083              	.LBB1676:
 6084              	.LBB1667:
ARM GAS  /tmp/ccM1IMph.s 			page 186


 6085              		.loc 21 141 43 view .LVU1413
 6086 005a 20EE270A 		vmul.f32	s0, s0, s15
 6087              	.LVL465:
 6088              		.loc 21 141 43 view .LVU1414
 6089              	.LBE1667:
 6090              	.LBE1676:
 6091              	.LBB1677:
 6092              	.LBI1669:
  67:../../DaisySP/Source/Synthesis/oscillator.h ****     {
 6093              		.loc 14 67 17 is_stmt 1 view .LVU1415
 6094              	.LBB1672:
  69:../../DaisySP/Source/Synthesis/oscillator.h ****         phase_inc_ = CalcPhaseInc(f);
 6095              		.loc 14 69 9 view .LVU1416
  69:../../DaisySP/Source/Synthesis/oscillator.h ****         phase_inc_ = CalcPhaseInc(f);
 6096              		.loc 14 69 20 is_stmt 0 view .LVU1417
 6097 005e 85ED020A 		vstr.32	s0, [r5, #8]
 6098              		.loc 14 70 9 is_stmt 1 view .LVU1418
 6099              		.loc 14 70 34 is_stmt 0 view .LVU1419
 6100 0062 FFF7FEFF 		bl	_ZN7daisysp10Oscillator12CalcPhaseIncEf
 6101              	.LVL466:
 6102              		.loc 14 70 34 view .LVU1420
 6103              	.LBE1672:
 6104              	.LBE1677:
  41:Midi.cpp      ****             }
 6105              		.loc 17 41 27 view .LVU1421
 6106 0066 07EE904A 		vmov	s15, r4	@ int
 6107 006a DFED1E6A 		vldr.32	s13, .L442+12
 6108              	.LBB1678:
 6109              	.LBB1673:
 6110              		.loc 14 70 20 view .LVU1422
 6111 006e 85ED070A 		vstr.32	s0, [r5, #28]
 6112              	.LVL467:
 6113              		.loc 14 70 20 view .LVU1423
 6114              	.LBE1673:
 6115              	.LBE1678:
  41:Midi.cpp      ****             }
 6116              		.loc 17 41 17 is_stmt 1 view .LVU1424
 6117              	.LBB1679:
 6118              	.LBI1679:
  71:../../DaisySP/Source/Synthesis/oscillator.h ****     }
  72:../../DaisySP/Source/Synthesis/oscillator.h **** 
  73:../../DaisySP/Source/Synthesis/oscillator.h **** 
  74:../../DaisySP/Source/Synthesis/oscillator.h ****     /** Sets the amplitude of the waveform.
  75:../../DaisySP/Source/Synthesis/oscillator.h ****     */
  76:../../DaisySP/Source/Synthesis/oscillator.h ****     inline void SetAmp(const float a) { amp_ = a; }
 6119              		.loc 14 76 17 view .LVU1425
 6120              	.LBB1680:
 6121              		.loc 14 76 41 view .LVU1426
 6122              	.LBE1680:
 6123              	.LBE1679:
  41:Midi.cpp      ****             }
 6124              		.loc 17 41 27 is_stmt 0 view .LVU1427
 6125 0072 F8EEE77A 		vcvt.f32.s32	s15, s15
 6126              	.LVL468:
  41:Midi.cpp      ****             }
 6127              		.loc 17 41 27 view .LVU1428
 6128 0076 87EEA67A 		vdiv.f32	s14, s15, s13
ARM GAS  /tmp/ccM1IMph.s 			page 187


 6129              	.LBB1682:
 6130              	.LBB1681:
 6131              		.loc 14 76 46 view .LVU1429
 6132 007a 85ED017A 		vstr.32	s14, [r5, #4]
 6133              	.LBE1681:
 6134              	.LBE1682:
 6135              	.LBE1658:
 6136              	.LBE1689:
 6137              		.loc 17 64 1 view .LVU1430
 6138 007e BDE83840 		pop	{r3, r4, r5, lr}
 6139              		.cfi_remember_state
 6140              		.cfi_restore 14
 6141              		.cfi_restore 5
 6142              		.cfi_restore 4
 6143              		.cfi_restore 3
 6144              		.cfi_def_cfa_offset 16
 6145              	.LVL469:
 6146              		.loc 17 64 1 view .LVU1431
 6147 0082 04B0     		add	sp, sp, #16
 6148              		.cfi_def_cfa_offset 0
 6149 0084 7047     		bx	lr
 6150              	.LVL470:
 6151              	.L437:
 6152              		.cfi_restore_state
 6153              	.LBB1690:
 6154              	.LBB1683:
  54:Midi.cpp      ****                     // CC 2 for res.
 6155              		.loc 17 54 17 is_stmt 1 view .LVU1432
  56:Midi.cpp      ****                     break;
 6156              		.loc 17 56 21 view .LVU1433
  56:Midi.cpp      ****                     break;
 6157              		.loc 17 56 34 is_stmt 0 view .LVU1434
 6158 0086 07EE904A 		vmov	s15, r4	@ int
  56:Midi.cpp      ****                     break;
 6159              		.loc 17 56 32 view .LVU1435
 6160 008a 9FED160A 		vldr.32	s0, .L442+12
 6161 008e 1648     		ldr	r0, .L442+16
  56:Midi.cpp      ****                     break;
 6162              		.loc 17 56 34 view .LVU1436
 6163 0090 F8EE677A 		vcvt.f32.u32	s15, s15
 6164              	.LBE1683:
 6165              	.LBE1690:
 6166              		.loc 17 64 1 view .LVU1437
 6167 0094 BDE83840 		pop	{r3, r4, r5, lr}
 6168              		.cfi_remember_state
 6169              		.cfi_restore 14
 6170              		.cfi_restore 5
 6171              		.cfi_restore 4
 6172              		.cfi_restore 3
 6173              		.cfi_def_cfa_offset 16
 6174              	.LVL471:
 6175              	.LBB1691:
 6176              	.LBB1684:
  56:Midi.cpp      ****                     break;
 6177              		.loc 17 56 32 view .LVU1438
 6178 0098 87EE800A 		vdiv.f32	s0, s15, s0
 6179              	.LBE1684:
ARM GAS  /tmp/ccM1IMph.s 			page 188


 6180              	.LBE1691:
 6181              		.loc 17 64 1 view .LVU1439
 6182 009c 04B0     		add	sp, sp, #16
 6183              		.cfi_def_cfa_offset 0
 6184              	.LBB1692:
 6185              	.LBB1685:
  56:Midi.cpp      ****                     break;
 6186              		.loc 17 56 32 view .LVU1440
 6187 009e FFF7FEBF 		b	_ZN7daisysp3Svf6SetResEf
 6188              	.LVL472:
 6189              	.L436:
 6190              		.cfi_restore_state
  50:Midi.cpp      ****                     // CC 1 for cutoff.
 6191              		.loc 17 50 17 is_stmt 1 view .LVU1441
  52:Midi.cpp      ****                     break;
 6192              		.loc 17 52 21 view .LVU1442
 6193              	.LBB1652:
 6194              	.LBI1652:
 139:../../DaisySP/Source/Utility/dsp.h **** {
 6195              		.loc 21 139 14 view .LVU1443
 6196              	.LBB1653:
 6197              		.loc 21 141 5 view .LVU1444
 6198              	.LBE1653:
 6199              	.LBE1652:
  52:Midi.cpp      ****                     break;
 6200              		.loc 17 52 33 is_stmt 0 view .LVU1445
 6201 00a2 07EE904A 		vmov	s15, r4	@ int
 6202              	.LBB1656:
 6203              	.LBB1654:
 6204              		.loc 21 141 23 view .LVU1446
 6205 00a6 9FED0C7A 		vldr.32	s14, .L442
 6206              		.loc 21 141 16 view .LVU1447
 6207 00aa F2EE080A 		vmov.f32	s1, #1.2e+1
 6208              	.LBE1654:
 6209              	.LBE1656:
  52:Midi.cpp      ****                     break;
 6210              		.loc 17 52 33 view .LVU1448
 6211 00ae F8EE677A 		vcvt.f32.u32	s15, s15
 6212              	.LBB1657:
 6213              	.LBB1655:
 6214              		.loc 21 141 16 view .LVU1449
 6215 00b2 B0EE000A 		vmov.f32	s0, #2.0e+0
 6216              		.loc 21 141 23 view .LVU1450
 6217 00b6 77EEC77A 		vsub.f32	s15, s15, s14
 6218              		.loc 21 141 16 view .LVU1451
 6219 00ba C7EEA00A 		vdiv.f32	s1, s15, s1
 6220 00be FFF7FEFF 		bl	powf
 6221              	.LVL473:
 6222              		.loc 21 141 43 view .LVU1452
 6223 00c2 DFED077A 		vldr.32	s15, .L442+8
 6224              	.LBE1655:
 6225              	.LBE1657:
  52:Midi.cpp      ****                     break;
 6226              		.loc 17 52 33 view .LVU1453
 6227 00c6 0848     		ldr	r0, .L442+16
 6228 00c8 20EE270A 		vmul.f32	s0, s0, s15
 6229              	.LBE1685:
ARM GAS  /tmp/ccM1IMph.s 			page 189


 6230              	.LBE1692:
 6231              		.loc 17 64 1 view .LVU1454
 6232 00cc BDE83840 		pop	{r3, r4, r5, lr}
 6233              		.cfi_restore 14
 6234              		.cfi_restore 5
 6235              		.cfi_restore 4
 6236              		.cfi_restore 3
 6237              		.cfi_def_cfa_offset 16
 6238              	.LVL474:
 6239              		.loc 17 64 1 view .LVU1455
 6240 00d0 04B0     		add	sp, sp, #16
 6241              		.cfi_def_cfa_offset 0
 6242              	.LBB1693:
 6243              	.LBB1686:
  52:Midi.cpp      ****                     break;
 6244              		.loc 17 52 33 view .LVU1456
 6245 00d2 FFF7FEBF 		b	_ZN7daisysp3Svf7SetFreqEf
 6246              	.LVL475:
 6247              	.L443:
 6248 00d6 00BF     		.align	2
 6249              	.L442:
 6250 00d8 00008A42 		.word	1116340224
 6251 00dc 00000000 		.word	.LANCHOR0
 6252 00e0 0000DC43 		.word	1138491392
 6253 00e4 0000FE42 		.word	1123942400
 6254 00e8 00000000 		.word	.LANCHOR1
 6255              	.LBE1686:
 6256              	.LBE1693:
 6257              		.cfi_endproc
 6258              	.LFE4717:
 6260              		.section	.text._ZN5daisy13SSD130xDriverILj128ELj64ENS_24SSD130x4WireSpiTransportEE6UpdateEv,"axG",
 6261              		.align	1
 6262              		.p2align 2,,3
 6263              		.weak	_ZN5daisy13SSD130xDriverILj128ELj64ENS_24SSD130x4WireSpiTransportEE6UpdateEv
 6264              		.syntax unified
 6265              		.thumb
 6266              		.thumb_func
 6267              		.fpu fpv5-d16
 6269              	_ZN5daisy13SSD130xDriverILj128ELj64ENS_24SSD130x4WireSpiTransportEE6UpdateEv:
 6270              	.LVL476:
 6271              	.LFB5186:
 373:../../libDaisy/src/dev/oled_ssd130x.h ****     {
 6272              		.loc 16 373 10 is_stmt 1 view -0
 6273              		.cfi_startproc
 6274              		@ args = 0, pretend = 0, frame = 8
 6275              		@ frame_needed = 0, uses_anonymous_args = 0
 6276              		.loc 16 383 22 view .LVU1458
 373:../../libDaisy/src/dev/oled_ssd130x.h ****     {
 6277              		.loc 16 373 10 is_stmt 0 view .LVU1459
 6278 0000 2DE9F041 		push	{r4, r5, r6, r7, r8, lr}
 6279              		.cfi_def_cfa_offset 24
 6280              		.cfi_offset 4, -24
 6281              		.cfi_offset 5, -20
 6282              		.cfi_offset 6, -16
 6283              		.cfi_offset 7, -12
 6284              		.cfi_offset 8, -8
 6285              		.cfi_offset 14, -4
ARM GAS  /tmp/ccM1IMph.s 			page 190


 6286              	.LBB1702:
 6287              	.LBB1703:
 125:../../libDaisy/src/dev/oled_ssd130x.h ****     };
 6288              		.loc 16 125 30 view .LVU1460
 6289 0004 B024     		movs	r4, #176
 6290              	.LBE1703:
 6291              	.LBE1702:
 373:../../libDaisy/src/dev/oled_ssd130x.h ****     {
 6292              		.loc 16 373 10 view .LVU1461
 6293 0006 82B0     		sub	sp, sp, #8
 6294              		.cfi_def_cfa_offset 32
 373:../../libDaisy/src/dev/oled_ssd130x.h ****     {
 6295              		.loc 16 373 10 view .LVU1462
 6296 0008 0546     		mov	r5, r0
 6297              	.LBB1708:
 6298              	.LBB1704:
 124:../../libDaisy/src/dev/oled_ssd130x.h ****         spi_.BlockingTransmit(&cmd, 1);
 6299              		.loc 16 124 24 view .LVU1463
 6300 000a 00F10806 		add	r6, r0, #8
 6301 000e 00F10C08 		add	r8, r0, #12
 6302              	.LVL477:
 6303              	.L445:
 124:../../libDaisy/src/dev/oled_ssd130x.h ****         spi_.BlockingTransmit(&cmd, 1);
 6304              		.loc 16 124 24 view .LVU1464
 6305 0012 0027     		movs	r7, #0
 124:../../libDaisy/src/dev/oled_ssd130x.h ****         spi_.BlockingTransmit(&cmd, 1);
 6306              		.loc 16 124 23 discriminator 2 view .LVU1465
 6307 0014 3046     		mov	r0, r6
 6308 0016 8DF80740 		strb	r4, [sp, #7]
 6309              	.LVL478:
 124:../../libDaisy/src/dev/oled_ssd130x.h ****         spi_.BlockingTransmit(&cmd, 1);
 6310              		.loc 16 124 23 discriminator 2 view .LVU1466
 6311              	.LBE1704:
 6312              	.LBI1702:
 122:../../libDaisy/src/dev/oled_ssd130x.h ****     {
 6313              		.loc 16 122 10 is_stmt 1 discriminator 2 view .LVU1467
 6314              	.LBB1705:
 124:../../libDaisy/src/dev/oled_ssd130x.h ****         spi_.BlockingTransmit(&cmd, 1);
 6315              		.loc 16 124 9 discriminator 2 view .LVU1468
 6316              	.LBE1705:
 6317              	.LBE1708:
 6318              		.loc 16 383 22 is_stmt 0 discriminator 2 view .LVU1469
 6319 001a 0134     		adds	r4, r4, #1
 6320              	.LVL479:
 6321              	.LBB1709:
 6322              	.LBB1706:
 124:../../libDaisy/src/dev/oled_ssd130x.h ****         spi_.BlockingTransmit(&cmd, 1);
 6323              		.loc 16 124 23 discriminator 2 view .LVU1470
 6324 001c 3946     		mov	r1, r7
 6325 001e FFF7FEFF 		bl	dsy_gpio_write
 6326              	.LVL480:
 125:../../libDaisy/src/dev/oled_ssd130x.h ****     };
 6327              		.loc 16 125 9 is_stmt 1 discriminator 2 view .LVU1471
 125:../../libDaisy/src/dev/oled_ssd130x.h ****     };
 6328              		.loc 16 125 30 is_stmt 0 discriminator 2 view .LVU1472
 6329 0022 6423     		movs	r3, #100
 6330 0024 0122     		movs	r2, #1
ARM GAS  /tmp/ccM1IMph.s 			page 191


 6331 0026 0DF10701 		add	r1, sp, #7
 6332 002a 2846     		mov	r0, r5
 6333              	.LBE1706:
 6334              	.LBE1709:
 6335              		.loc 16 383 22 discriminator 2 view .LVU1473
 6336 002c E4B2     		uxtb	r4, r4
 6337              	.LBB1710:
 6338              	.LBB1707:
 125:../../libDaisy/src/dev/oled_ssd130x.h ****     };
 6339              		.loc 16 125 30 discriminator 2 view .LVU1474
 6340 002e FFF7FEFF 		bl	_ZN5daisy9SpiHandle16BlockingTransmitEPhjm
 6341              	.LVL481:
 125:../../libDaisy/src/dev/oled_ssd130x.h ****     };
 6342              		.loc 16 125 30 discriminator 2 view .LVU1475
 6343              	.LBE1707:
 6344              	.LBE1710:
 6345              	.LBB1711:
 6346              	.LBB1712:
 124:../../libDaisy/src/dev/oled_ssd130x.h ****         spi_.BlockingTransmit(&cmd, 1);
 6347              		.loc 16 124 23 discriminator 2 view .LVU1476
 6348 0032 3946     		mov	r1, r7
 6349 0034 3046     		mov	r0, r6
 6350 0036 8DF80770 		strb	r7, [sp, #7]
 6351              	.LVL482:
 124:../../libDaisy/src/dev/oled_ssd130x.h ****         spi_.BlockingTransmit(&cmd, 1);
 6352              		.loc 16 124 23 discriminator 2 view .LVU1477
 6353              	.LBE1712:
 6354              	.LBI1711:
 122:../../libDaisy/src/dev/oled_ssd130x.h ****     {
 6355              		.loc 16 122 10 is_stmt 1 discriminator 2 view .LVU1478
 6356              	.LBB1713:
 124:../../libDaisy/src/dev/oled_ssd130x.h ****         spi_.BlockingTransmit(&cmd, 1);
 6357              		.loc 16 124 9 discriminator 2 view .LVU1479
 124:../../libDaisy/src/dev/oled_ssd130x.h ****         spi_.BlockingTransmit(&cmd, 1);
 6358              		.loc 16 124 23 is_stmt 0 discriminator 2 view .LVU1480
 6359 003a FFF7FEFF 		bl	dsy_gpio_write
 6360              	.LVL483:
 125:../../libDaisy/src/dev/oled_ssd130x.h ****     };
 6361              		.loc 16 125 9 is_stmt 1 discriminator 2 view .LVU1481
 125:../../libDaisy/src/dev/oled_ssd130x.h ****     };
 6362              		.loc 16 125 30 is_stmt 0 discriminator 2 view .LVU1482
 6363 003e 0122     		movs	r2, #1
 6364 0040 6423     		movs	r3, #100
 6365 0042 0DF10701 		add	r1, sp, #7
 6366 0046 2846     		mov	r0, r5
 6367 0048 FFF7FEFF 		bl	_ZN5daisy9SpiHandle16BlockingTransmitEPhjm
 6368              	.LVL484:
 125:../../libDaisy/src/dev/oled_ssd130x.h ****     };
 6369              		.loc 16 125 30 discriminator 2 view .LVU1483
 6370 004c 1023     		movs	r3, #16
 6371              	.LBE1713:
 6372              	.LBE1711:
 6373              	.LBB1714:
 6374              	.LBB1715:
 124:../../libDaisy/src/dev/oled_ssd130x.h ****         spi_.BlockingTransmit(&cmd, 1);
 6375              		.loc 16 124 23 discriminator 2 view .LVU1484
 6376 004e 3946     		mov	r1, r7
ARM GAS  /tmp/ccM1IMph.s 			page 192


 6377 0050 3046     		mov	r0, r6
 6378 0052 8DF80730 		strb	r3, [sp, #7]
 6379              	.LVL485:
 124:../../libDaisy/src/dev/oled_ssd130x.h ****         spi_.BlockingTransmit(&cmd, 1);
 6380              		.loc 16 124 23 discriminator 2 view .LVU1485
 6381              	.LBE1715:
 6382              	.LBI1714:
 122:../../libDaisy/src/dev/oled_ssd130x.h ****     {
 6383              		.loc 16 122 10 is_stmt 1 discriminator 2 view .LVU1486
 6384              	.LBB1716:
 124:../../libDaisy/src/dev/oled_ssd130x.h ****         spi_.BlockingTransmit(&cmd, 1);
 6385              		.loc 16 124 9 discriminator 2 view .LVU1487
 124:../../libDaisy/src/dev/oled_ssd130x.h ****         spi_.BlockingTransmit(&cmd, 1);
 6386              		.loc 16 124 23 is_stmt 0 discriminator 2 view .LVU1488
 6387 0056 FFF7FEFF 		bl	dsy_gpio_write
 6388              	.LVL486:
 125:../../libDaisy/src/dev/oled_ssd130x.h ****     };
 6389              		.loc 16 125 9 is_stmt 1 discriminator 2 view .LVU1489
 125:../../libDaisy/src/dev/oled_ssd130x.h ****     };
 6390              		.loc 16 125 30 is_stmt 0 discriminator 2 view .LVU1490
 6391 005a 6423     		movs	r3, #100
 6392 005c 0122     		movs	r2, #1
 6393 005e 0DF10701 		add	r1, sp, #7
 6394 0062 2846     		mov	r0, r5
 6395 0064 FFF7FEFF 		bl	_ZN5daisy9SpiHandle16BlockingTransmitEPhjm
 6396              	.LVL487:
 125:../../libDaisy/src/dev/oled_ssd130x.h ****     };
 6397              		.loc 16 125 30 discriminator 2 view .LVU1491
 6398              	.LBE1716:
 6399              	.LBE1714:
 6400              	.LBB1717:
 6401              	.LBI1717:
 128:../../libDaisy/src/dev/oled_ssd130x.h ****     {
 6402              		.loc 16 128 10 is_stmt 1 discriminator 2 view .LVU1492
 6403              	.LBB1718:
 130:../../libDaisy/src/dev/oled_ssd130x.h ****         spi_.BlockingTransmit(buff, size);
 6404              		.loc 16 130 9 discriminator 2 view .LVU1493
 130:../../libDaisy/src/dev/oled_ssd130x.h ****         spi_.BlockingTransmit(buff, size);
 6405              		.loc 16 130 23 is_stmt 0 discriminator 2 view .LVU1494
 6406 0068 0121     		movs	r1, #1
 6407 006a 3046     		mov	r0, r6
 6408 006c FFF7FEFF 		bl	dsy_gpio_write
 6409              	.LVL488:
 131:../../libDaisy/src/dev/oled_ssd130x.h ****     };
 6410              		.loc 16 131 9 is_stmt 1 discriminator 2 view .LVU1495
 131:../../libDaisy/src/dev/oled_ssd130x.h ****     };
 6411              		.loc 16 131 30 is_stmt 0 discriminator 2 view .LVU1496
 6412 0070 8022     		movs	r2, #128
 6413 0072 4146     		mov	r1, r8
 6414 0074 6423     		movs	r3, #100
 6415 0076 2846     		mov	r0, r5
 6416              	.LBE1718:
 6417              	.LBE1717:
 6418              		.loc 16 383 22 discriminator 2 view .LVU1497
 6419 0078 9044     		add	r8, r8, r2
 6420              	.LVL489:
 6421              	.LBB1720:
ARM GAS  /tmp/ccM1IMph.s 			page 193


 6422              	.LBB1719:
 131:../../libDaisy/src/dev/oled_ssd130x.h ****     };
 6423              		.loc 16 131 30 discriminator 2 view .LVU1498
 6424 007a FFF7FEFF 		bl	_ZN5daisy9SpiHandle16BlockingTransmitEPhjm
 6425              	.LVL490:
 131:../../libDaisy/src/dev/oled_ssd130x.h ****     };
 6426              		.loc 16 131 30 discriminator 2 view .LVU1499
 6427              	.LBE1719:
 6428              	.LBE1720:
 6429              		.loc 16 383 9 is_stmt 1 discriminator 2 view .LVU1500
 6430              		.loc 16 383 22 discriminator 2 view .LVU1501
 6431 007e B82C     		cmp	r4, #184
 6432 0080 C7D1     		bne	.L445
 384:../../libDaisy/src/dev/oled_ssd130x.h ****         {
 385:../../libDaisy/src/dev/oled_ssd130x.h ****             transport_.SendCommand(0xB0 + i);
 386:../../libDaisy/src/dev/oled_ssd130x.h ****             transport_.SendCommand(0x00);
 387:../../libDaisy/src/dev/oled_ssd130x.h ****             transport_.SendCommand(high_column_addr);
 388:../../libDaisy/src/dev/oled_ssd130x.h ****             transport_.SendData(&buffer_[width * i], width);
 389:../../libDaisy/src/dev/oled_ssd130x.h ****         }
 390:../../libDaisy/src/dev/oled_ssd130x.h ****     };
 6433              		.loc 16 390 5 is_stmt 0 view .LVU1502
 6434 0082 02B0     		add	sp, sp, #8
 6435              		.cfi_def_cfa_offset 24
 6436              		@ sp needed
 6437 0084 BDE8F081 		pop	{r4, r5, r6, r7, r8, pc}
 6438              		.loc 16 390 5 view .LVU1503
 6439              		.cfi_endproc
 6440              	.LFE5186:
 6442              		.section	.rodata.main.str1.4,"aMS",%progbits,1
 6443              		.align	2
 6444              	.LC0:
 6445 0000 4D696469 		.ascii	"Midi\000"
 6445      00
 6446              		.section	.text.startup.main,"ax",%progbits
 6447              		.align	1
 6448              		.p2align 2,,3
 6449              		.global	main
 6450              		.syntax unified
 6451              		.thumb
 6452              		.thumb_func
 6453              		.fpu fpv5-d16
 6455              	main:
 6456              	.LFB4718:
  65:Midi.cpp      **** 
  66:Midi.cpp      **** 
  67:Midi.cpp      **** // Main -- Init, and Midi Handling
  68:Midi.cpp      **** int main(void)
  69:Midi.cpp      **** {
 6457              		.loc 17 69 1 is_stmt 1 view -0
 6458              		.cfi_startproc
 6459              		@ args = 0, pretend = 0, frame = 312
 6460              		@ frame_needed = 0, uses_anonymous_args = 0
  70:Midi.cpp      ****     // Init
  71:Midi.cpp      ****     float samplerate;
 6461              		.loc 17 71 5 view .LVU1505
  72:Midi.cpp      ****     hw.Init();
 6462              		.loc 17 72 5 view .LVU1506
ARM GAS  /tmp/ccM1IMph.s 			page 194


  69:Midi.cpp      ****     // Init
 6463              		.loc 17 69 1 is_stmt 0 view .LVU1507
 6464 0000 2DE9F047 		push	{r4, r5, r6, r7, r8, r9, r10, lr}
 6465              		.cfi_def_cfa_offset 32
 6466              		.cfi_offset 4, -32
 6467              		.cfi_offset 5, -28
 6468              		.cfi_offset 6, -24
 6469              		.cfi_offset 7, -20
 6470              		.cfi_offset 8, -16
 6471              		.cfi_offset 9, -12
 6472              		.cfi_offset 10, -8
 6473              		.cfi_offset 14, -4
 6474              		.loc 17 72 12 view .LVU1508
 6475 0004 574D     		ldr	r5, .L462
 6476 0006 0021     		movs	r1, #0
 6477              	.LBB1802:
 6478              	.LBB1803:
  52:../../DaisySP/Source/Synthesis/oscillator.h ****         sr_recip_  = 1.0f / sample_rate;
 6479              		.loc 14 52 20 view .LVU1509
 6480 0008 574C     		ldr	r4, .L462+4
 6481              	.LBE1803:
 6482              	.LBE1802:
 6483              		.loc 17 72 12 view .LVU1510
 6484 000a 2846     		mov	r0, r5
 6485              	.LBB1808:
 6486              	.LBB1809:
 6487              	.LBB1810:
 6488              	.LBB1811:
  93:../../libDaisy/src/hid/midi.h ****                                        sizeof(MidiUartTransport));
 6489              		.loc 4 93 39 view .LVU1511
 6490 000c 05F5947A 		add	r10, r5, #296
  91:../../libDaisy/src/hid/midi.h ****         parse_callback_ = parse_callback;
 6491              		.loc 4 91 25 view .LVU1512
 6492 0010 05F58C79 		add	r9, r5, #280
  92:../../libDaisy/src/hid/midi.h ****         dsy_dma_clear_cache_for_buffer((uint8_t*)this,
 6493              		.loc 4 92 25 view .LVU1513
 6494 0014 DFF87C81 		ldr	r8, .L462+48
 6495              	.LBE1811:
 6496              	.LBE1810:
 6497              	.LBE1809:
 6498              	.LBE1808:
  69:Midi.cpp      ****     // Init
 6499              		.loc 17 69 1 view .LVU1514
 6500 0018 2DED028B 		vpush.64	{d8}
 6501              		.cfi_def_cfa_offset 40
 6502              		.cfi_offset 80, -40
 6503              		.cfi_offset 81, -36
 6504 001c EEB0     		sub	sp, sp, #440
 6505              		.cfi_def_cfa_offset 480
 6506              		.loc 17 72 12 view .LVU1515
 6507 001e FFF7FEFF 		bl	_ZN5daisy10DaisyPatch4InitEb
 6508              	.LVL491:
  73:Midi.cpp      ****     samplerate = hw.AudioSampleRate();
 6509              		.loc 17 73 5 is_stmt 1 view .LVU1516
 6510              		.loc 17 73 36 is_stmt 0 view .LVU1517
 6511 0022 2846     		mov	r0, r5
 6512 0024 FFF7FEFF 		bl	_ZN5daisy10DaisyPatch15AudioSampleRateEv
ARM GAS  /tmp/ccM1IMph.s 			page 195


 6513              	.LVL492:
 6514              	.LBB1815:
 6515              	.LBB1804:
  53:../../DaisySP/Source/Synthesis/oscillator.h ****         freq_      = 100.0f;
 6516              		.loc 14 53 27 view .LVU1518
 6517 0028 B7EE007A 		vmov.f32	s14, #1.0e+0
 6518              	.LBE1804:
 6519              	.LBE1815:
 6520              		.loc 17 73 36 view .LVU1519
 6521 002c B0EE408A 		vmov.f32	s16, s0
 6522              	.LVL493:
  74:Midi.cpp      **** 
  75:Midi.cpp      ****     // Synthesis
  76:Midi.cpp      ****     osc.Init(samplerate);
 6523              		.loc 17 76 5 is_stmt 1 view .LVU1520
 6524              	.LBB1816:
 6525              	.LBI1802:
  50:../../DaisySP/Source/Synthesis/oscillator.h ****     {
 6526              		.loc 14 50 10 view .LVU1521
 6527              	.LBB1805:
  52:../../DaisySP/Source/Synthesis/oscillator.h ****         sr_recip_  = 1.0f / sample_rate;
 6528              		.loc 14 52 9 view .LVU1522
  55:../../DaisySP/Source/Synthesis/oscillator.h ****         pw_        = 0.5f;
 6529              		.loc 14 55 20 is_stmt 0 view .LVU1523
 6530 0030 4FF07C53 		mov	r3, #1056964608
  57:../../DaisySP/Source/Synthesis/oscillator.h ****         phase_inc_ = CalcPhaseInc(freq_);
 6531              		.loc 14 57 20 view .LVU1524
 6532 0034 0022     		movs	r2, #0
  54:../../DaisySP/Source/Synthesis/oscillator.h ****         amp_       = 0.5f;
 6533              		.loc 14 54 20 view .LVU1525
 6534 0036 9FED4D0A 		vldr.32	s0, .L462+8
 6535              	.LVL494:
  58:../../DaisySP/Source/Synthesis/oscillator.h ****         waveform_  = WAVE_SIN;
 6536              		.loc 14 58 34 view .LVU1526
 6537 003a 2046     		mov	r0, r4
  55:../../DaisySP/Source/Synthesis/oscillator.h ****         pw_        = 0.5f;
 6538              		.loc 14 55 20 view .LVU1527
 6539 003c 6360     		str	r3, [r4, #4]	@ float
  53:../../DaisySP/Source/Synthesis/oscillator.h ****         freq_      = 100.0f;
 6540              		.loc 14 53 27 view .LVU1528
 6541 003e C7EE087A 		vdiv.f32	s15, s14, s16
  57:../../DaisySP/Source/Synthesis/oscillator.h ****         phase_inc_ = CalcPhaseInc(freq_);
 6542              		.loc 14 57 20 view .LVU1529
 6543 0042 A261     		str	r2, [r4, #24]	@ float
  56:../../DaisySP/Source/Synthesis/oscillator.h ****         phase_     = 0.0f;
 6544              		.loc 14 56 20 view .LVU1530
 6545 0044 E360     		str	r3, [r4, #12]	@ float
 6546 0046 26AE     		add	r6, sp, #152
  52:../../DaisySP/Source/Synthesis/oscillator.h ****         sr_recip_  = 1.0f / sample_rate;
 6547              		.loc 14 52 20 view .LVU1531
 6548 0048 84ED048A 		vstr.32	s16, [r4, #16]
  53:../../DaisySP/Source/Synthesis/oscillator.h ****         freq_      = 100.0f;
 6549              		.loc 14 53 9 is_stmt 1 view .LVU1532
  54:../../DaisySP/Source/Synthesis/oscillator.h ****         amp_       = 0.5f;
 6550              		.loc 14 54 20 is_stmt 0 view .LVU1533
 6551 004c 84ED020A 		vstr.32	s0, [r4, #8]
  53:../../DaisySP/Source/Synthesis/oscillator.h ****         freq_      = 100.0f;
ARM GAS  /tmp/ccM1IMph.s 			page 196


 6552              		.loc 14 53 20 view .LVU1534
 6553 0050 C4ED057A 		vstr.32	s15, [r4, #20]
  54:../../DaisySP/Source/Synthesis/oscillator.h ****         amp_       = 0.5f;
 6554              		.loc 14 54 9 is_stmt 1 view .LVU1535
  55:../../DaisySP/Source/Synthesis/oscillator.h ****         pw_        = 0.5f;
 6555              		.loc 14 55 9 view .LVU1536
  56:../../DaisySP/Source/Synthesis/oscillator.h ****         phase_     = 0.0f;
 6556              		.loc 14 56 9 view .LVU1537
  57:../../DaisySP/Source/Synthesis/oscillator.h ****         phase_inc_ = CalcPhaseInc(freq_);
 6557              		.loc 14 57 9 view .LVU1538
  58:../../DaisySP/Source/Synthesis/oscillator.h ****         waveform_  = WAVE_SIN;
 6558              		.loc 14 58 9 view .LVU1539
  58:../../DaisySP/Source/Synthesis/oscillator.h ****         waveform_  = WAVE_SIN;
 6559              		.loc 14 58 34 is_stmt 0 view .LVU1540
 6560 0054 FFF7FEFF 		bl	_ZN7daisysp10Oscillator12CalcPhaseIncEf
 6561              	.LVL495:
  61:../../DaisySP/Source/Synthesis/oscillator.h ****     }
 6562              		.loc 14 61 20 view .LVU1541
 6563 0058 40F20113 		movw	r3, #257
  58:../../DaisySP/Source/Synthesis/oscillator.h ****         waveform_  = WAVE_SIN;
 6564              		.loc 14 58 34 view .LVU1542
 6565 005c F0EE407A 		vmov.f32	s15, s0
 6566              	.LBE1805:
 6567              	.LBE1816:
  77:Midi.cpp      ****     osc.SetWaveform(Oscillator::WAVE_POLYBLEP_SAW);
  78:Midi.cpp      ****     filt.Init(samplerate);
 6568              		.loc 17 78 14 view .LVU1543
 6569 0060 4348     		ldr	r0, .L462+12
 6570 0062 B0EE480A 		vmov.f32	s0, s16
 6571              	.LBB1817:
 6572              	.LBB1806:
  61:../../DaisySP/Source/Synthesis/oscillator.h ****     }
 6573              		.loc 14 61 20 view .LVU1544
 6574 0066 2385     		strh	r3, [r4, #40]	@ movhi
 6575              	.LBE1806:
 6576              	.LBE1817:
 6577              	.LBB1818:
 6578              	.LBB1819:
  77:../../DaisySP/Source/Synthesis/oscillator.h ****     /** Sets the waveform to be synthesized by the Process() function.
  78:../../DaisySP/Source/Synthesis/oscillator.h ****     */
  79:../../DaisySP/Source/Synthesis/oscillator.h ****     inline void SetWaveform(const uint8_t wf)
  80:../../DaisySP/Source/Synthesis/oscillator.h ****     {
  81:../../DaisySP/Source/Synthesis/oscillator.h ****         waveform_ = wf < WAVE_LAST ? wf : WAVE_SIN;
 6579              		.loc 14 81 19 view .LVU1545
 6580 0068 0623     		movs	r3, #6
 6581              	.LBE1819:
 6582              	.LBE1818:
 6583              	.LBB1821:
 6584              	.LBB1807:
  58:../../DaisySP/Source/Synthesis/oscillator.h ****         waveform_  = WAVE_SIN;
 6585              		.loc 14 58 20 view .LVU1546
 6586 006a C4ED077A 		vstr.32	s15, [r4, #28]
  59:../../DaisySP/Source/Synthesis/oscillator.h ****         eoc_       = true;
 6587              		.loc 14 59 9 is_stmt 1 view .LVU1547
  60:../../DaisySP/Source/Synthesis/oscillator.h ****         eor_       = true;
 6588              		.loc 14 60 9 view .LVU1548
  61:../../DaisySP/Source/Synthesis/oscillator.h ****     }
ARM GAS  /tmp/ccM1IMph.s 			page 197


 6589              		.loc 14 61 9 view .LVU1549
 6590              	.LVL496:
  61:../../DaisySP/Source/Synthesis/oscillator.h ****     }
 6591              		.loc 14 61 9 is_stmt 0 view .LVU1550
 6592              	.LBE1807:
 6593              	.LBE1821:
  77:Midi.cpp      ****     filt.Init(samplerate);
 6594              		.loc 17 77 5 is_stmt 1 view .LVU1551
 6595              	.LBB1822:
 6596              	.LBI1818:
  79:../../DaisySP/Source/Synthesis/oscillator.h ****     {
 6597              		.loc 14 79 17 view .LVU1552
 6598              	.LBB1820:
 6599              		.loc 14 81 9 view .LVU1553
 6600              		.loc 14 81 19 is_stmt 0 view .LVU1554
 6601 006e 2370     		strb	r3, [r4]
 6602              	.LVL497:
 6603              		.loc 14 81 19 view .LVU1555
 6604              	.LBE1820:
 6605              	.LBE1822:
 6606              		.loc 17 78 5 is_stmt 1 view .LVU1556
 6607              		.loc 17 78 14 is_stmt 0 view .LVU1557
 6608 0070 FFF7FEFF 		bl	_ZN7daisysp3Svf4InitEf
 6609              	.LVL498:
  79:Midi.cpp      **** 
  80:Midi.cpp      ****     //display
  81:Midi.cpp      ****     std::string str  = "Midi";
 6610              		.loc 17 81 5 is_stmt 1 view .LVU1558
 6611              	.LBB1823:
 6612              	.LBI1823:
 6613              		.file 22 "/usr/bin/gcc-arm-none-eabi-10-2020-q4-major/arm-none-eabi/include/c++/10.2.1/bits/alloca
   1:/usr/bin/gcc-arm-none-eabi-10-2020-q4-major/arm-none-eabi/include/c++/10.2.1/bits/allocator.h **** // Allocators -*- C++ -*-
   2:/usr/bin/gcc-arm-none-eabi-10-2020-q4-major/arm-none-eabi/include/c++/10.2.1/bits/allocator.h **** 
   3:/usr/bin/gcc-arm-none-eabi-10-2020-q4-major/arm-none-eabi/include/c++/10.2.1/bits/allocator.h **** // Copyright (C) 2001-2020 Free Software Foundation, Inc.
   4:/usr/bin/gcc-arm-none-eabi-10-2020-q4-major/arm-none-eabi/include/c++/10.2.1/bits/allocator.h **** //
   5:/usr/bin/gcc-arm-none-eabi-10-2020-q4-major/arm-none-eabi/include/c++/10.2.1/bits/allocator.h **** // This file is part of the GNU ISO C++ Library.  This library is free
   6:/usr/bin/gcc-arm-none-eabi-10-2020-q4-major/arm-none-eabi/include/c++/10.2.1/bits/allocator.h **** // software; you can redistribute it and/or modify it under the
   7:/usr/bin/gcc-arm-none-eabi-10-2020-q4-major/arm-none-eabi/include/c++/10.2.1/bits/allocator.h **** // terms of the GNU General Public License as published by the
   8:/usr/bin/gcc-arm-none-eabi-10-2020-q4-major/arm-none-eabi/include/c++/10.2.1/bits/allocator.h **** // Free Software Foundation; either version 3, or (at your option)
   9:/usr/bin/gcc-arm-none-eabi-10-2020-q4-major/arm-none-eabi/include/c++/10.2.1/bits/allocator.h **** // any later version.
  10:/usr/bin/gcc-arm-none-eabi-10-2020-q4-major/arm-none-eabi/include/c++/10.2.1/bits/allocator.h **** 
  11:/usr/bin/gcc-arm-none-eabi-10-2020-q4-major/arm-none-eabi/include/c++/10.2.1/bits/allocator.h **** // This library is distributed in the hope that it will be useful,
  12:/usr/bin/gcc-arm-none-eabi-10-2020-q4-major/arm-none-eabi/include/c++/10.2.1/bits/allocator.h **** // but WITHOUT ANY WARRANTY; without even the implied warranty of
  13:/usr/bin/gcc-arm-none-eabi-10-2020-q4-major/arm-none-eabi/include/c++/10.2.1/bits/allocator.h **** // MERCHANTABILITY or FITNESS FOR A PARTICULAR PURPOSE.  See the
  14:/usr/bin/gcc-arm-none-eabi-10-2020-q4-major/arm-none-eabi/include/c++/10.2.1/bits/allocator.h **** // GNU General Public License for more details.
  15:/usr/bin/gcc-arm-none-eabi-10-2020-q4-major/arm-none-eabi/include/c++/10.2.1/bits/allocator.h **** 
  16:/usr/bin/gcc-arm-none-eabi-10-2020-q4-major/arm-none-eabi/include/c++/10.2.1/bits/allocator.h **** // Under Section 7 of GPL version 3, you are granted additional
  17:/usr/bin/gcc-arm-none-eabi-10-2020-q4-major/arm-none-eabi/include/c++/10.2.1/bits/allocator.h **** // permissions described in the GCC Runtime Library Exception, version
  18:/usr/bin/gcc-arm-none-eabi-10-2020-q4-major/arm-none-eabi/include/c++/10.2.1/bits/allocator.h **** // 3.1, as published by the Free Software Foundation.
  19:/usr/bin/gcc-arm-none-eabi-10-2020-q4-major/arm-none-eabi/include/c++/10.2.1/bits/allocator.h **** 
  20:/usr/bin/gcc-arm-none-eabi-10-2020-q4-major/arm-none-eabi/include/c++/10.2.1/bits/allocator.h **** // You should have received a copy of the GNU General Public License and
  21:/usr/bin/gcc-arm-none-eabi-10-2020-q4-major/arm-none-eabi/include/c++/10.2.1/bits/allocator.h **** // a copy of the GCC Runtime Library Exception along with this program;
  22:/usr/bin/gcc-arm-none-eabi-10-2020-q4-major/arm-none-eabi/include/c++/10.2.1/bits/allocator.h **** // see the files COPYING3 and COPYING.RUNTIME respectively.  If not, see
  23:/usr/bin/gcc-arm-none-eabi-10-2020-q4-major/arm-none-eabi/include/c++/10.2.1/bits/allocator.h **** // <http://www.gnu.org/licenses/>.
  24:/usr/bin/gcc-arm-none-eabi-10-2020-q4-major/arm-none-eabi/include/c++/10.2.1/bits/allocator.h **** 
  25:/usr/bin/gcc-arm-none-eabi-10-2020-q4-major/arm-none-eabi/include/c++/10.2.1/bits/allocator.h **** /*
  26:/usr/bin/gcc-arm-none-eabi-10-2020-q4-major/arm-none-eabi/include/c++/10.2.1/bits/allocator.h ****  * Copyright (c) 1996-1997
ARM GAS  /tmp/ccM1IMph.s 			page 198


  27:/usr/bin/gcc-arm-none-eabi-10-2020-q4-major/arm-none-eabi/include/c++/10.2.1/bits/allocator.h ****  * Silicon Graphics Computer Systems, Inc.
  28:/usr/bin/gcc-arm-none-eabi-10-2020-q4-major/arm-none-eabi/include/c++/10.2.1/bits/allocator.h ****  *
  29:/usr/bin/gcc-arm-none-eabi-10-2020-q4-major/arm-none-eabi/include/c++/10.2.1/bits/allocator.h ****  * Permission to use, copy, modify, distribute and sell this software
  30:/usr/bin/gcc-arm-none-eabi-10-2020-q4-major/arm-none-eabi/include/c++/10.2.1/bits/allocator.h ****  * and its documentation for any purpose is hereby granted without fee,
  31:/usr/bin/gcc-arm-none-eabi-10-2020-q4-major/arm-none-eabi/include/c++/10.2.1/bits/allocator.h ****  * provided that the above copyright notice appear in all copies and
  32:/usr/bin/gcc-arm-none-eabi-10-2020-q4-major/arm-none-eabi/include/c++/10.2.1/bits/allocator.h ****  * that both that copyright notice and this permission notice appear
  33:/usr/bin/gcc-arm-none-eabi-10-2020-q4-major/arm-none-eabi/include/c++/10.2.1/bits/allocator.h ****  * in supporting documentation.  Silicon Graphics makes no
  34:/usr/bin/gcc-arm-none-eabi-10-2020-q4-major/arm-none-eabi/include/c++/10.2.1/bits/allocator.h ****  * representations about the suitability of this software for any
  35:/usr/bin/gcc-arm-none-eabi-10-2020-q4-major/arm-none-eabi/include/c++/10.2.1/bits/allocator.h ****  * purpose.  It is provided "as is" without express or implied warranty.
  36:/usr/bin/gcc-arm-none-eabi-10-2020-q4-major/arm-none-eabi/include/c++/10.2.1/bits/allocator.h ****  */
  37:/usr/bin/gcc-arm-none-eabi-10-2020-q4-major/arm-none-eabi/include/c++/10.2.1/bits/allocator.h **** 
  38:/usr/bin/gcc-arm-none-eabi-10-2020-q4-major/arm-none-eabi/include/c++/10.2.1/bits/allocator.h **** /** @file bits/allocator.h
  39:/usr/bin/gcc-arm-none-eabi-10-2020-q4-major/arm-none-eabi/include/c++/10.2.1/bits/allocator.h ****  *  This is an internal header file, included by other library headers.
  40:/usr/bin/gcc-arm-none-eabi-10-2020-q4-major/arm-none-eabi/include/c++/10.2.1/bits/allocator.h ****  *  Do not attempt to use it directly. @headername{memory}
  41:/usr/bin/gcc-arm-none-eabi-10-2020-q4-major/arm-none-eabi/include/c++/10.2.1/bits/allocator.h ****  */
  42:/usr/bin/gcc-arm-none-eabi-10-2020-q4-major/arm-none-eabi/include/c++/10.2.1/bits/allocator.h **** 
  43:/usr/bin/gcc-arm-none-eabi-10-2020-q4-major/arm-none-eabi/include/c++/10.2.1/bits/allocator.h **** #ifndef _ALLOCATOR_H
  44:/usr/bin/gcc-arm-none-eabi-10-2020-q4-major/arm-none-eabi/include/c++/10.2.1/bits/allocator.h **** #define _ALLOCATOR_H 1
  45:/usr/bin/gcc-arm-none-eabi-10-2020-q4-major/arm-none-eabi/include/c++/10.2.1/bits/allocator.h **** 
  46:/usr/bin/gcc-arm-none-eabi-10-2020-q4-major/arm-none-eabi/include/c++/10.2.1/bits/allocator.h **** #include <bits/c++allocator.h> // Define the base class to std::allocator.
  47:/usr/bin/gcc-arm-none-eabi-10-2020-q4-major/arm-none-eabi/include/c++/10.2.1/bits/allocator.h **** #include <bits/memoryfwd.h>
  48:/usr/bin/gcc-arm-none-eabi-10-2020-q4-major/arm-none-eabi/include/c++/10.2.1/bits/allocator.h **** #if __cplusplus >= 201103L
  49:/usr/bin/gcc-arm-none-eabi-10-2020-q4-major/arm-none-eabi/include/c++/10.2.1/bits/allocator.h **** #include <type_traits>
  50:/usr/bin/gcc-arm-none-eabi-10-2020-q4-major/arm-none-eabi/include/c++/10.2.1/bits/allocator.h **** #endif
  51:/usr/bin/gcc-arm-none-eabi-10-2020-q4-major/arm-none-eabi/include/c++/10.2.1/bits/allocator.h **** 
  52:/usr/bin/gcc-arm-none-eabi-10-2020-q4-major/arm-none-eabi/include/c++/10.2.1/bits/allocator.h **** #define __cpp_lib_incomplete_container_elements 201505
  53:/usr/bin/gcc-arm-none-eabi-10-2020-q4-major/arm-none-eabi/include/c++/10.2.1/bits/allocator.h **** 
  54:/usr/bin/gcc-arm-none-eabi-10-2020-q4-major/arm-none-eabi/include/c++/10.2.1/bits/allocator.h **** namespace std _GLIBCXX_VISIBILITY(default)
  55:/usr/bin/gcc-arm-none-eabi-10-2020-q4-major/arm-none-eabi/include/c++/10.2.1/bits/allocator.h **** {
  56:/usr/bin/gcc-arm-none-eabi-10-2020-q4-major/arm-none-eabi/include/c++/10.2.1/bits/allocator.h **** _GLIBCXX_BEGIN_NAMESPACE_VERSION
  57:/usr/bin/gcc-arm-none-eabi-10-2020-q4-major/arm-none-eabi/include/c++/10.2.1/bits/allocator.h **** 
  58:/usr/bin/gcc-arm-none-eabi-10-2020-q4-major/arm-none-eabi/include/c++/10.2.1/bits/allocator.h ****   /**
  59:/usr/bin/gcc-arm-none-eabi-10-2020-q4-major/arm-none-eabi/include/c++/10.2.1/bits/allocator.h ****    *  @addtogroup allocators
  60:/usr/bin/gcc-arm-none-eabi-10-2020-q4-major/arm-none-eabi/include/c++/10.2.1/bits/allocator.h ****    *  @{
  61:/usr/bin/gcc-arm-none-eabi-10-2020-q4-major/arm-none-eabi/include/c++/10.2.1/bits/allocator.h ****    */
  62:/usr/bin/gcc-arm-none-eabi-10-2020-q4-major/arm-none-eabi/include/c++/10.2.1/bits/allocator.h **** 
  63:/usr/bin/gcc-arm-none-eabi-10-2020-q4-major/arm-none-eabi/include/c++/10.2.1/bits/allocator.h ****   /// allocator<void> specialization.
  64:/usr/bin/gcc-arm-none-eabi-10-2020-q4-major/arm-none-eabi/include/c++/10.2.1/bits/allocator.h ****   template<>
  65:/usr/bin/gcc-arm-none-eabi-10-2020-q4-major/arm-none-eabi/include/c++/10.2.1/bits/allocator.h ****     class allocator<void>
  66:/usr/bin/gcc-arm-none-eabi-10-2020-q4-major/arm-none-eabi/include/c++/10.2.1/bits/allocator.h ****     {
  67:/usr/bin/gcc-arm-none-eabi-10-2020-q4-major/arm-none-eabi/include/c++/10.2.1/bits/allocator.h ****     public:
  68:/usr/bin/gcc-arm-none-eabi-10-2020-q4-major/arm-none-eabi/include/c++/10.2.1/bits/allocator.h ****       typedef void        value_type;
  69:/usr/bin/gcc-arm-none-eabi-10-2020-q4-major/arm-none-eabi/include/c++/10.2.1/bits/allocator.h ****       typedef size_t      size_type;
  70:/usr/bin/gcc-arm-none-eabi-10-2020-q4-major/arm-none-eabi/include/c++/10.2.1/bits/allocator.h ****       typedef ptrdiff_t   difference_type;
  71:/usr/bin/gcc-arm-none-eabi-10-2020-q4-major/arm-none-eabi/include/c++/10.2.1/bits/allocator.h **** #if __cplusplus <= 201703L
  72:/usr/bin/gcc-arm-none-eabi-10-2020-q4-major/arm-none-eabi/include/c++/10.2.1/bits/allocator.h ****       typedef void*       pointer;
  73:/usr/bin/gcc-arm-none-eabi-10-2020-q4-major/arm-none-eabi/include/c++/10.2.1/bits/allocator.h ****       typedef const void* const_pointer;
  74:/usr/bin/gcc-arm-none-eabi-10-2020-q4-major/arm-none-eabi/include/c++/10.2.1/bits/allocator.h **** 
  75:/usr/bin/gcc-arm-none-eabi-10-2020-q4-major/arm-none-eabi/include/c++/10.2.1/bits/allocator.h ****       template<typename _Tp1>
  76:/usr/bin/gcc-arm-none-eabi-10-2020-q4-major/arm-none-eabi/include/c++/10.2.1/bits/allocator.h **** 	struct rebind
  77:/usr/bin/gcc-arm-none-eabi-10-2020-q4-major/arm-none-eabi/include/c++/10.2.1/bits/allocator.h **** 	{ typedef allocator<_Tp1> other; };
  78:/usr/bin/gcc-arm-none-eabi-10-2020-q4-major/arm-none-eabi/include/c++/10.2.1/bits/allocator.h **** #else
  79:/usr/bin/gcc-arm-none-eabi-10-2020-q4-major/arm-none-eabi/include/c++/10.2.1/bits/allocator.h ****       allocator() = default;
  80:/usr/bin/gcc-arm-none-eabi-10-2020-q4-major/arm-none-eabi/include/c++/10.2.1/bits/allocator.h **** 
  81:/usr/bin/gcc-arm-none-eabi-10-2020-q4-major/arm-none-eabi/include/c++/10.2.1/bits/allocator.h ****       template<typename _Up>
  82:/usr/bin/gcc-arm-none-eabi-10-2020-q4-major/arm-none-eabi/include/c++/10.2.1/bits/allocator.h **** 	constexpr
  83:/usr/bin/gcc-arm-none-eabi-10-2020-q4-major/arm-none-eabi/include/c++/10.2.1/bits/allocator.h **** 	allocator(const allocator<_Up>&) { }
ARM GAS  /tmp/ccM1IMph.s 			page 199


  84:/usr/bin/gcc-arm-none-eabi-10-2020-q4-major/arm-none-eabi/include/c++/10.2.1/bits/allocator.h **** #endif // ! C++20
  85:/usr/bin/gcc-arm-none-eabi-10-2020-q4-major/arm-none-eabi/include/c++/10.2.1/bits/allocator.h **** 
  86:/usr/bin/gcc-arm-none-eabi-10-2020-q4-major/arm-none-eabi/include/c++/10.2.1/bits/allocator.h **** #if __cplusplus >= 201103L && __cplusplus <= 201703L
  87:/usr/bin/gcc-arm-none-eabi-10-2020-q4-major/arm-none-eabi/include/c++/10.2.1/bits/allocator.h ****       // _GLIBCXX_RESOLVE_LIB_DEFECTS
  88:/usr/bin/gcc-arm-none-eabi-10-2020-q4-major/arm-none-eabi/include/c++/10.2.1/bits/allocator.h ****       // 2103. std::allocator propagate_on_container_move_assignment
  89:/usr/bin/gcc-arm-none-eabi-10-2020-q4-major/arm-none-eabi/include/c++/10.2.1/bits/allocator.h ****       typedef true_type propagate_on_container_move_assignment;
  90:/usr/bin/gcc-arm-none-eabi-10-2020-q4-major/arm-none-eabi/include/c++/10.2.1/bits/allocator.h **** 
  91:/usr/bin/gcc-arm-none-eabi-10-2020-q4-major/arm-none-eabi/include/c++/10.2.1/bits/allocator.h ****       typedef true_type is_always_equal;
  92:/usr/bin/gcc-arm-none-eabi-10-2020-q4-major/arm-none-eabi/include/c++/10.2.1/bits/allocator.h **** 
  93:/usr/bin/gcc-arm-none-eabi-10-2020-q4-major/arm-none-eabi/include/c++/10.2.1/bits/allocator.h ****       template<typename _Up, typename... _Args>
  94:/usr/bin/gcc-arm-none-eabi-10-2020-q4-major/arm-none-eabi/include/c++/10.2.1/bits/allocator.h **** 	void
  95:/usr/bin/gcc-arm-none-eabi-10-2020-q4-major/arm-none-eabi/include/c++/10.2.1/bits/allocator.h **** 	construct(_Up* __p, _Args&&... __args)
  96:/usr/bin/gcc-arm-none-eabi-10-2020-q4-major/arm-none-eabi/include/c++/10.2.1/bits/allocator.h **** 	noexcept(std::is_nothrow_constructible<_Up, _Args...>::value)
  97:/usr/bin/gcc-arm-none-eabi-10-2020-q4-major/arm-none-eabi/include/c++/10.2.1/bits/allocator.h **** 	{ ::new((void *)__p) _Up(std::forward<_Args>(__args)...); }
  98:/usr/bin/gcc-arm-none-eabi-10-2020-q4-major/arm-none-eabi/include/c++/10.2.1/bits/allocator.h **** 
  99:/usr/bin/gcc-arm-none-eabi-10-2020-q4-major/arm-none-eabi/include/c++/10.2.1/bits/allocator.h ****       template<typename _Up>
 100:/usr/bin/gcc-arm-none-eabi-10-2020-q4-major/arm-none-eabi/include/c++/10.2.1/bits/allocator.h **** 	void
 101:/usr/bin/gcc-arm-none-eabi-10-2020-q4-major/arm-none-eabi/include/c++/10.2.1/bits/allocator.h **** 	destroy(_Up* __p)
 102:/usr/bin/gcc-arm-none-eabi-10-2020-q4-major/arm-none-eabi/include/c++/10.2.1/bits/allocator.h **** 	noexcept(std::is_nothrow_destructible<_Up>::value)
 103:/usr/bin/gcc-arm-none-eabi-10-2020-q4-major/arm-none-eabi/include/c++/10.2.1/bits/allocator.h **** 	{ __p->~_Up(); }
 104:/usr/bin/gcc-arm-none-eabi-10-2020-q4-major/arm-none-eabi/include/c++/10.2.1/bits/allocator.h **** #endif // C++11 to C++17
 105:/usr/bin/gcc-arm-none-eabi-10-2020-q4-major/arm-none-eabi/include/c++/10.2.1/bits/allocator.h ****     };
 106:/usr/bin/gcc-arm-none-eabi-10-2020-q4-major/arm-none-eabi/include/c++/10.2.1/bits/allocator.h **** 
 107:/usr/bin/gcc-arm-none-eabi-10-2020-q4-major/arm-none-eabi/include/c++/10.2.1/bits/allocator.h ****   /**
 108:/usr/bin/gcc-arm-none-eabi-10-2020-q4-major/arm-none-eabi/include/c++/10.2.1/bits/allocator.h ****    * @brief  The @a standard allocator, as per [20.4].
 109:/usr/bin/gcc-arm-none-eabi-10-2020-q4-major/arm-none-eabi/include/c++/10.2.1/bits/allocator.h ****    *
 110:/usr/bin/gcc-arm-none-eabi-10-2020-q4-major/arm-none-eabi/include/c++/10.2.1/bits/allocator.h ****    *  See https://gcc.gnu.org/onlinedocs/libstdc++/manual/memory.html#std.util.memory.allocator
 111:/usr/bin/gcc-arm-none-eabi-10-2020-q4-major/arm-none-eabi/include/c++/10.2.1/bits/allocator.h ****    *  for further details.
 112:/usr/bin/gcc-arm-none-eabi-10-2020-q4-major/arm-none-eabi/include/c++/10.2.1/bits/allocator.h ****    *
 113:/usr/bin/gcc-arm-none-eabi-10-2020-q4-major/arm-none-eabi/include/c++/10.2.1/bits/allocator.h ****    *  @tparam  _Tp  Type of allocated object.
 114:/usr/bin/gcc-arm-none-eabi-10-2020-q4-major/arm-none-eabi/include/c++/10.2.1/bits/allocator.h ****    */
 115:/usr/bin/gcc-arm-none-eabi-10-2020-q4-major/arm-none-eabi/include/c++/10.2.1/bits/allocator.h ****   template<typename _Tp>
 116:/usr/bin/gcc-arm-none-eabi-10-2020-q4-major/arm-none-eabi/include/c++/10.2.1/bits/allocator.h ****     class allocator : public __allocator_base<_Tp>
 117:/usr/bin/gcc-arm-none-eabi-10-2020-q4-major/arm-none-eabi/include/c++/10.2.1/bits/allocator.h ****     {
 118:/usr/bin/gcc-arm-none-eabi-10-2020-q4-major/arm-none-eabi/include/c++/10.2.1/bits/allocator.h ****     public:
 119:/usr/bin/gcc-arm-none-eabi-10-2020-q4-major/arm-none-eabi/include/c++/10.2.1/bits/allocator.h ****       typedef _Tp        value_type;
 120:/usr/bin/gcc-arm-none-eabi-10-2020-q4-major/arm-none-eabi/include/c++/10.2.1/bits/allocator.h ****       typedef size_t     size_type;
 121:/usr/bin/gcc-arm-none-eabi-10-2020-q4-major/arm-none-eabi/include/c++/10.2.1/bits/allocator.h ****       typedef ptrdiff_t  difference_type;
 122:/usr/bin/gcc-arm-none-eabi-10-2020-q4-major/arm-none-eabi/include/c++/10.2.1/bits/allocator.h **** #if __cplusplus <= 201703L
 123:/usr/bin/gcc-arm-none-eabi-10-2020-q4-major/arm-none-eabi/include/c++/10.2.1/bits/allocator.h ****       typedef _Tp*       pointer;
 124:/usr/bin/gcc-arm-none-eabi-10-2020-q4-major/arm-none-eabi/include/c++/10.2.1/bits/allocator.h ****       typedef const _Tp* const_pointer;
 125:/usr/bin/gcc-arm-none-eabi-10-2020-q4-major/arm-none-eabi/include/c++/10.2.1/bits/allocator.h ****       typedef _Tp&       reference;
 126:/usr/bin/gcc-arm-none-eabi-10-2020-q4-major/arm-none-eabi/include/c++/10.2.1/bits/allocator.h ****       typedef const _Tp& const_reference;
 127:/usr/bin/gcc-arm-none-eabi-10-2020-q4-major/arm-none-eabi/include/c++/10.2.1/bits/allocator.h **** 
 128:/usr/bin/gcc-arm-none-eabi-10-2020-q4-major/arm-none-eabi/include/c++/10.2.1/bits/allocator.h ****       template<typename _Tp1>
 129:/usr/bin/gcc-arm-none-eabi-10-2020-q4-major/arm-none-eabi/include/c++/10.2.1/bits/allocator.h **** 	struct rebind
 130:/usr/bin/gcc-arm-none-eabi-10-2020-q4-major/arm-none-eabi/include/c++/10.2.1/bits/allocator.h **** 	{ typedef allocator<_Tp1> other; };
 131:/usr/bin/gcc-arm-none-eabi-10-2020-q4-major/arm-none-eabi/include/c++/10.2.1/bits/allocator.h **** #endif
 132:/usr/bin/gcc-arm-none-eabi-10-2020-q4-major/arm-none-eabi/include/c++/10.2.1/bits/allocator.h **** 
 133:/usr/bin/gcc-arm-none-eabi-10-2020-q4-major/arm-none-eabi/include/c++/10.2.1/bits/allocator.h **** #if __cplusplus >= 201103L
 134:/usr/bin/gcc-arm-none-eabi-10-2020-q4-major/arm-none-eabi/include/c++/10.2.1/bits/allocator.h ****       // _GLIBCXX_RESOLVE_LIB_DEFECTS
 135:/usr/bin/gcc-arm-none-eabi-10-2020-q4-major/arm-none-eabi/include/c++/10.2.1/bits/allocator.h ****       // 2103. std::allocator propagate_on_container_move_assignment
 136:/usr/bin/gcc-arm-none-eabi-10-2020-q4-major/arm-none-eabi/include/c++/10.2.1/bits/allocator.h ****       typedef true_type propagate_on_container_move_assignment;
 137:/usr/bin/gcc-arm-none-eabi-10-2020-q4-major/arm-none-eabi/include/c++/10.2.1/bits/allocator.h **** 
 138:/usr/bin/gcc-arm-none-eabi-10-2020-q4-major/arm-none-eabi/include/c++/10.2.1/bits/allocator.h ****       typedef true_type is_always_equal;
 139:/usr/bin/gcc-arm-none-eabi-10-2020-q4-major/arm-none-eabi/include/c++/10.2.1/bits/allocator.h **** #endif
 140:/usr/bin/gcc-arm-none-eabi-10-2020-q4-major/arm-none-eabi/include/c++/10.2.1/bits/allocator.h **** 
ARM GAS  /tmp/ccM1IMph.s 			page 200


 141:/usr/bin/gcc-arm-none-eabi-10-2020-q4-major/arm-none-eabi/include/c++/10.2.1/bits/allocator.h ****       // _GLIBCXX_RESOLVE_LIB_DEFECTS
 142:/usr/bin/gcc-arm-none-eabi-10-2020-q4-major/arm-none-eabi/include/c++/10.2.1/bits/allocator.h ****       // 3035. std::allocator's constructors should be constexpr
 143:/usr/bin/gcc-arm-none-eabi-10-2020-q4-major/arm-none-eabi/include/c++/10.2.1/bits/allocator.h ****       _GLIBCXX20_CONSTEXPR
 144:/usr/bin/gcc-arm-none-eabi-10-2020-q4-major/arm-none-eabi/include/c++/10.2.1/bits/allocator.h ****       allocator() _GLIBCXX_NOTHROW { }
 6614              		.loc 22 144 7 view .LVU1559
 6615              	.LBB1824:
 6616              	.LBI1824:
 6617              		.file 23 "/usr/bin/gcc-arm-none-eabi-10-2020-q4-major/arm-none-eabi/include/c++/10.2.1/ext/new_all
   1:/usr/bin/gcc-arm-none-eabi-10-2020-q4-major/arm-none-eabi/include/c++/10.2.1/ext/new_allocator.h **** // Allocator that wraps operator new -*- C++ -*-
   2:/usr/bin/gcc-arm-none-eabi-10-2020-q4-major/arm-none-eabi/include/c++/10.2.1/ext/new_allocator.h **** 
   3:/usr/bin/gcc-arm-none-eabi-10-2020-q4-major/arm-none-eabi/include/c++/10.2.1/ext/new_allocator.h **** // Copyright (C) 2001-2020 Free Software Foundation, Inc.
   4:/usr/bin/gcc-arm-none-eabi-10-2020-q4-major/arm-none-eabi/include/c++/10.2.1/ext/new_allocator.h **** //
   5:/usr/bin/gcc-arm-none-eabi-10-2020-q4-major/arm-none-eabi/include/c++/10.2.1/ext/new_allocator.h **** // This file is part of the GNU ISO C++ Library.  This library is free
   6:/usr/bin/gcc-arm-none-eabi-10-2020-q4-major/arm-none-eabi/include/c++/10.2.1/ext/new_allocator.h **** // software; you can redistribute it and/or modify it under the
   7:/usr/bin/gcc-arm-none-eabi-10-2020-q4-major/arm-none-eabi/include/c++/10.2.1/ext/new_allocator.h **** // terms of the GNU General Public License as published by the
   8:/usr/bin/gcc-arm-none-eabi-10-2020-q4-major/arm-none-eabi/include/c++/10.2.1/ext/new_allocator.h **** // Free Software Foundation; either version 3, or (at your option)
   9:/usr/bin/gcc-arm-none-eabi-10-2020-q4-major/arm-none-eabi/include/c++/10.2.1/ext/new_allocator.h **** // any later version.
  10:/usr/bin/gcc-arm-none-eabi-10-2020-q4-major/arm-none-eabi/include/c++/10.2.1/ext/new_allocator.h **** 
  11:/usr/bin/gcc-arm-none-eabi-10-2020-q4-major/arm-none-eabi/include/c++/10.2.1/ext/new_allocator.h **** // This library is distributed in the hope that it will be useful,
  12:/usr/bin/gcc-arm-none-eabi-10-2020-q4-major/arm-none-eabi/include/c++/10.2.1/ext/new_allocator.h **** // but WITHOUT ANY WARRANTY; without even the implied warranty of
  13:/usr/bin/gcc-arm-none-eabi-10-2020-q4-major/arm-none-eabi/include/c++/10.2.1/ext/new_allocator.h **** // MERCHANTABILITY or FITNESS FOR A PARTICULAR PURPOSE.  See the
  14:/usr/bin/gcc-arm-none-eabi-10-2020-q4-major/arm-none-eabi/include/c++/10.2.1/ext/new_allocator.h **** // GNU General Public License for more details.
  15:/usr/bin/gcc-arm-none-eabi-10-2020-q4-major/arm-none-eabi/include/c++/10.2.1/ext/new_allocator.h **** 
  16:/usr/bin/gcc-arm-none-eabi-10-2020-q4-major/arm-none-eabi/include/c++/10.2.1/ext/new_allocator.h **** // Under Section 7 of GPL version 3, you are granted additional
  17:/usr/bin/gcc-arm-none-eabi-10-2020-q4-major/arm-none-eabi/include/c++/10.2.1/ext/new_allocator.h **** // permissions described in the GCC Runtime Library Exception, version
  18:/usr/bin/gcc-arm-none-eabi-10-2020-q4-major/arm-none-eabi/include/c++/10.2.1/ext/new_allocator.h **** // 3.1, as published by the Free Software Foundation.
  19:/usr/bin/gcc-arm-none-eabi-10-2020-q4-major/arm-none-eabi/include/c++/10.2.1/ext/new_allocator.h **** 
  20:/usr/bin/gcc-arm-none-eabi-10-2020-q4-major/arm-none-eabi/include/c++/10.2.1/ext/new_allocator.h **** // You should have received a copy of the GNU General Public License and
  21:/usr/bin/gcc-arm-none-eabi-10-2020-q4-major/arm-none-eabi/include/c++/10.2.1/ext/new_allocator.h **** // a copy of the GCC Runtime Library Exception along with this program;
  22:/usr/bin/gcc-arm-none-eabi-10-2020-q4-major/arm-none-eabi/include/c++/10.2.1/ext/new_allocator.h **** // see the files COPYING3 and COPYING.RUNTIME respectively.  If not, see
  23:/usr/bin/gcc-arm-none-eabi-10-2020-q4-major/arm-none-eabi/include/c++/10.2.1/ext/new_allocator.h **** // <http://www.gnu.org/licenses/>.
  24:/usr/bin/gcc-arm-none-eabi-10-2020-q4-major/arm-none-eabi/include/c++/10.2.1/ext/new_allocator.h **** 
  25:/usr/bin/gcc-arm-none-eabi-10-2020-q4-major/arm-none-eabi/include/c++/10.2.1/ext/new_allocator.h **** /** @file ext/new_allocator.h
  26:/usr/bin/gcc-arm-none-eabi-10-2020-q4-major/arm-none-eabi/include/c++/10.2.1/ext/new_allocator.h ****  *  This file is a GNU extension to the Standard C++ Library.
  27:/usr/bin/gcc-arm-none-eabi-10-2020-q4-major/arm-none-eabi/include/c++/10.2.1/ext/new_allocator.h ****  */
  28:/usr/bin/gcc-arm-none-eabi-10-2020-q4-major/arm-none-eabi/include/c++/10.2.1/ext/new_allocator.h **** 
  29:/usr/bin/gcc-arm-none-eabi-10-2020-q4-major/arm-none-eabi/include/c++/10.2.1/ext/new_allocator.h **** #ifndef _NEW_ALLOCATOR_H
  30:/usr/bin/gcc-arm-none-eabi-10-2020-q4-major/arm-none-eabi/include/c++/10.2.1/ext/new_allocator.h **** #define _NEW_ALLOCATOR_H 1
  31:/usr/bin/gcc-arm-none-eabi-10-2020-q4-major/arm-none-eabi/include/c++/10.2.1/ext/new_allocator.h **** 
  32:/usr/bin/gcc-arm-none-eabi-10-2020-q4-major/arm-none-eabi/include/c++/10.2.1/ext/new_allocator.h **** #include <bits/c++config.h>
  33:/usr/bin/gcc-arm-none-eabi-10-2020-q4-major/arm-none-eabi/include/c++/10.2.1/ext/new_allocator.h **** #include <new>
  34:/usr/bin/gcc-arm-none-eabi-10-2020-q4-major/arm-none-eabi/include/c++/10.2.1/ext/new_allocator.h **** #include <bits/functexcept.h>
  35:/usr/bin/gcc-arm-none-eabi-10-2020-q4-major/arm-none-eabi/include/c++/10.2.1/ext/new_allocator.h **** #include <bits/move.h>
  36:/usr/bin/gcc-arm-none-eabi-10-2020-q4-major/arm-none-eabi/include/c++/10.2.1/ext/new_allocator.h **** #if __cplusplus >= 201103L
  37:/usr/bin/gcc-arm-none-eabi-10-2020-q4-major/arm-none-eabi/include/c++/10.2.1/ext/new_allocator.h **** #include <type_traits>
  38:/usr/bin/gcc-arm-none-eabi-10-2020-q4-major/arm-none-eabi/include/c++/10.2.1/ext/new_allocator.h **** #endif
  39:/usr/bin/gcc-arm-none-eabi-10-2020-q4-major/arm-none-eabi/include/c++/10.2.1/ext/new_allocator.h **** 
  40:/usr/bin/gcc-arm-none-eabi-10-2020-q4-major/arm-none-eabi/include/c++/10.2.1/ext/new_allocator.h **** namespace __gnu_cxx _GLIBCXX_VISIBILITY(default)
  41:/usr/bin/gcc-arm-none-eabi-10-2020-q4-major/arm-none-eabi/include/c++/10.2.1/ext/new_allocator.h **** {
  42:/usr/bin/gcc-arm-none-eabi-10-2020-q4-major/arm-none-eabi/include/c++/10.2.1/ext/new_allocator.h **** _GLIBCXX_BEGIN_NAMESPACE_VERSION
  43:/usr/bin/gcc-arm-none-eabi-10-2020-q4-major/arm-none-eabi/include/c++/10.2.1/ext/new_allocator.h **** 
  44:/usr/bin/gcc-arm-none-eabi-10-2020-q4-major/arm-none-eabi/include/c++/10.2.1/ext/new_allocator.h ****   /**
  45:/usr/bin/gcc-arm-none-eabi-10-2020-q4-major/arm-none-eabi/include/c++/10.2.1/ext/new_allocator.h ****    *  @brief  An allocator that uses global new, as per [20.4].
  46:/usr/bin/gcc-arm-none-eabi-10-2020-q4-major/arm-none-eabi/include/c++/10.2.1/ext/new_allocator.h ****    *  @ingroup allocators
  47:/usr/bin/gcc-arm-none-eabi-10-2020-q4-major/arm-none-eabi/include/c++/10.2.1/ext/new_allocator.h ****    *
  48:/usr/bin/gcc-arm-none-eabi-10-2020-q4-major/arm-none-eabi/include/c++/10.2.1/ext/new_allocator.h ****    *  This is precisely the allocator defined in the C++ Standard.
  49:/usr/bin/gcc-arm-none-eabi-10-2020-q4-major/arm-none-eabi/include/c++/10.2.1/ext/new_allocator.h ****    *    - all allocation calls operator new
ARM GAS  /tmp/ccM1IMph.s 			page 201


  50:/usr/bin/gcc-arm-none-eabi-10-2020-q4-major/arm-none-eabi/include/c++/10.2.1/ext/new_allocator.h ****    *    - all deallocation calls operator delete
  51:/usr/bin/gcc-arm-none-eabi-10-2020-q4-major/arm-none-eabi/include/c++/10.2.1/ext/new_allocator.h ****    *
  52:/usr/bin/gcc-arm-none-eabi-10-2020-q4-major/arm-none-eabi/include/c++/10.2.1/ext/new_allocator.h ****    *  @tparam  _Tp  Type of allocated object.
  53:/usr/bin/gcc-arm-none-eabi-10-2020-q4-major/arm-none-eabi/include/c++/10.2.1/ext/new_allocator.h ****    */
  54:/usr/bin/gcc-arm-none-eabi-10-2020-q4-major/arm-none-eabi/include/c++/10.2.1/ext/new_allocator.h ****   template<typename _Tp>
  55:/usr/bin/gcc-arm-none-eabi-10-2020-q4-major/arm-none-eabi/include/c++/10.2.1/ext/new_allocator.h ****     class new_allocator
  56:/usr/bin/gcc-arm-none-eabi-10-2020-q4-major/arm-none-eabi/include/c++/10.2.1/ext/new_allocator.h ****     {
  57:/usr/bin/gcc-arm-none-eabi-10-2020-q4-major/arm-none-eabi/include/c++/10.2.1/ext/new_allocator.h ****     public:
  58:/usr/bin/gcc-arm-none-eabi-10-2020-q4-major/arm-none-eabi/include/c++/10.2.1/ext/new_allocator.h ****       typedef _Tp        value_type;
  59:/usr/bin/gcc-arm-none-eabi-10-2020-q4-major/arm-none-eabi/include/c++/10.2.1/ext/new_allocator.h ****       typedef std::size_t     size_type;
  60:/usr/bin/gcc-arm-none-eabi-10-2020-q4-major/arm-none-eabi/include/c++/10.2.1/ext/new_allocator.h ****       typedef std::ptrdiff_t  difference_type;
  61:/usr/bin/gcc-arm-none-eabi-10-2020-q4-major/arm-none-eabi/include/c++/10.2.1/ext/new_allocator.h **** #if __cplusplus <= 201703L
  62:/usr/bin/gcc-arm-none-eabi-10-2020-q4-major/arm-none-eabi/include/c++/10.2.1/ext/new_allocator.h ****       typedef _Tp*       pointer;
  63:/usr/bin/gcc-arm-none-eabi-10-2020-q4-major/arm-none-eabi/include/c++/10.2.1/ext/new_allocator.h ****       typedef const _Tp* const_pointer;
  64:/usr/bin/gcc-arm-none-eabi-10-2020-q4-major/arm-none-eabi/include/c++/10.2.1/ext/new_allocator.h ****       typedef _Tp&       reference;
  65:/usr/bin/gcc-arm-none-eabi-10-2020-q4-major/arm-none-eabi/include/c++/10.2.1/ext/new_allocator.h ****       typedef const _Tp& const_reference;
  66:/usr/bin/gcc-arm-none-eabi-10-2020-q4-major/arm-none-eabi/include/c++/10.2.1/ext/new_allocator.h **** 
  67:/usr/bin/gcc-arm-none-eabi-10-2020-q4-major/arm-none-eabi/include/c++/10.2.1/ext/new_allocator.h ****       template<typename _Tp1>
  68:/usr/bin/gcc-arm-none-eabi-10-2020-q4-major/arm-none-eabi/include/c++/10.2.1/ext/new_allocator.h **** 	struct rebind
  69:/usr/bin/gcc-arm-none-eabi-10-2020-q4-major/arm-none-eabi/include/c++/10.2.1/ext/new_allocator.h **** 	{ typedef new_allocator<_Tp1> other; };
  70:/usr/bin/gcc-arm-none-eabi-10-2020-q4-major/arm-none-eabi/include/c++/10.2.1/ext/new_allocator.h **** #endif
  71:/usr/bin/gcc-arm-none-eabi-10-2020-q4-major/arm-none-eabi/include/c++/10.2.1/ext/new_allocator.h **** 
  72:/usr/bin/gcc-arm-none-eabi-10-2020-q4-major/arm-none-eabi/include/c++/10.2.1/ext/new_allocator.h **** #if __cplusplus >= 201103L
  73:/usr/bin/gcc-arm-none-eabi-10-2020-q4-major/arm-none-eabi/include/c++/10.2.1/ext/new_allocator.h ****       // _GLIBCXX_RESOLVE_LIB_DEFECTS
  74:/usr/bin/gcc-arm-none-eabi-10-2020-q4-major/arm-none-eabi/include/c++/10.2.1/ext/new_allocator.h ****       // 2103. propagate_on_container_move_assignment
  75:/usr/bin/gcc-arm-none-eabi-10-2020-q4-major/arm-none-eabi/include/c++/10.2.1/ext/new_allocator.h ****       typedef std::true_type propagate_on_container_move_assignment;
  76:/usr/bin/gcc-arm-none-eabi-10-2020-q4-major/arm-none-eabi/include/c++/10.2.1/ext/new_allocator.h **** #endif
  77:/usr/bin/gcc-arm-none-eabi-10-2020-q4-major/arm-none-eabi/include/c++/10.2.1/ext/new_allocator.h **** 
  78:/usr/bin/gcc-arm-none-eabi-10-2020-q4-major/arm-none-eabi/include/c++/10.2.1/ext/new_allocator.h ****       _GLIBCXX20_CONSTEXPR
  79:/usr/bin/gcc-arm-none-eabi-10-2020-q4-major/arm-none-eabi/include/c++/10.2.1/ext/new_allocator.h ****       new_allocator() _GLIBCXX_USE_NOEXCEPT { }
 6618              		.loc 23 79 7 view .LVU1560
 6619              		.loc 23 79 7 is_stmt 0 view .LVU1561
 6620              	.LBE1824:
 6621              	.LBE1823:
 6622              	.LBB1825:
 6623              	.LBI1825:
 6624              		.file 24 "/usr/bin/gcc-arm-none-eabi-10-2020-q4-major/arm-none-eabi/include/c++/10.2.1/bits/basic_
   1:/usr/bin/gcc-arm-none-eabi-10-2020-q4-major/arm-none-eabi/include/c++/10.2.1/bits/basic_string.h **** // Components for manipulating sequences of characters -*- C++ -*-
   2:/usr/bin/gcc-arm-none-eabi-10-2020-q4-major/arm-none-eabi/include/c++/10.2.1/bits/basic_string.h **** 
   3:/usr/bin/gcc-arm-none-eabi-10-2020-q4-major/arm-none-eabi/include/c++/10.2.1/bits/basic_string.h **** // Copyright (C) 1997-2020 Free Software Foundation, Inc.
   4:/usr/bin/gcc-arm-none-eabi-10-2020-q4-major/arm-none-eabi/include/c++/10.2.1/bits/basic_string.h **** //
   5:/usr/bin/gcc-arm-none-eabi-10-2020-q4-major/arm-none-eabi/include/c++/10.2.1/bits/basic_string.h **** // This file is part of the GNU ISO C++ Library.  This library is free
   6:/usr/bin/gcc-arm-none-eabi-10-2020-q4-major/arm-none-eabi/include/c++/10.2.1/bits/basic_string.h **** // software; you can redistribute it and/or modify it under the
   7:/usr/bin/gcc-arm-none-eabi-10-2020-q4-major/arm-none-eabi/include/c++/10.2.1/bits/basic_string.h **** // terms of the GNU General Public License as published by the
   8:/usr/bin/gcc-arm-none-eabi-10-2020-q4-major/arm-none-eabi/include/c++/10.2.1/bits/basic_string.h **** // Free Software Foundation; either version 3, or (at your option)
   9:/usr/bin/gcc-arm-none-eabi-10-2020-q4-major/arm-none-eabi/include/c++/10.2.1/bits/basic_string.h **** // any later version.
  10:/usr/bin/gcc-arm-none-eabi-10-2020-q4-major/arm-none-eabi/include/c++/10.2.1/bits/basic_string.h **** 
  11:/usr/bin/gcc-arm-none-eabi-10-2020-q4-major/arm-none-eabi/include/c++/10.2.1/bits/basic_string.h **** // This library is distributed in the hope that it will be useful,
  12:/usr/bin/gcc-arm-none-eabi-10-2020-q4-major/arm-none-eabi/include/c++/10.2.1/bits/basic_string.h **** // but WITHOUT ANY WARRANTY; without even the implied warranty of
  13:/usr/bin/gcc-arm-none-eabi-10-2020-q4-major/arm-none-eabi/include/c++/10.2.1/bits/basic_string.h **** // MERCHANTABILITY or FITNESS FOR A PARTICULAR PURPOSE.  See the
  14:/usr/bin/gcc-arm-none-eabi-10-2020-q4-major/arm-none-eabi/include/c++/10.2.1/bits/basic_string.h **** // GNU General Public License for more details.
  15:/usr/bin/gcc-arm-none-eabi-10-2020-q4-major/arm-none-eabi/include/c++/10.2.1/bits/basic_string.h **** 
  16:/usr/bin/gcc-arm-none-eabi-10-2020-q4-major/arm-none-eabi/include/c++/10.2.1/bits/basic_string.h **** // Under Section 7 of GPL version 3, you are granted additional
  17:/usr/bin/gcc-arm-none-eabi-10-2020-q4-major/arm-none-eabi/include/c++/10.2.1/bits/basic_string.h **** // permissions described in the GCC Runtime Library Exception, version
  18:/usr/bin/gcc-arm-none-eabi-10-2020-q4-major/arm-none-eabi/include/c++/10.2.1/bits/basic_string.h **** // 3.1, as published by the Free Software Foundation.
  19:/usr/bin/gcc-arm-none-eabi-10-2020-q4-major/arm-none-eabi/include/c++/10.2.1/bits/basic_string.h **** 
  20:/usr/bin/gcc-arm-none-eabi-10-2020-q4-major/arm-none-eabi/include/c++/10.2.1/bits/basic_string.h **** // You should have received a copy of the GNU General Public License and
ARM GAS  /tmp/ccM1IMph.s 			page 202


  21:/usr/bin/gcc-arm-none-eabi-10-2020-q4-major/arm-none-eabi/include/c++/10.2.1/bits/basic_string.h **** // a copy of the GCC Runtime Library Exception along with this program;
  22:/usr/bin/gcc-arm-none-eabi-10-2020-q4-major/arm-none-eabi/include/c++/10.2.1/bits/basic_string.h **** // see the files COPYING3 and COPYING.RUNTIME respectively.  If not, see
  23:/usr/bin/gcc-arm-none-eabi-10-2020-q4-major/arm-none-eabi/include/c++/10.2.1/bits/basic_string.h **** // <http://www.gnu.org/licenses/>.
  24:/usr/bin/gcc-arm-none-eabi-10-2020-q4-major/arm-none-eabi/include/c++/10.2.1/bits/basic_string.h **** 
  25:/usr/bin/gcc-arm-none-eabi-10-2020-q4-major/arm-none-eabi/include/c++/10.2.1/bits/basic_string.h **** /** @file bits/basic_string.h
  26:/usr/bin/gcc-arm-none-eabi-10-2020-q4-major/arm-none-eabi/include/c++/10.2.1/bits/basic_string.h ****  *  This is an internal header file, included by other library headers.
  27:/usr/bin/gcc-arm-none-eabi-10-2020-q4-major/arm-none-eabi/include/c++/10.2.1/bits/basic_string.h ****  *  Do not attempt to use it directly. @headername{string}
  28:/usr/bin/gcc-arm-none-eabi-10-2020-q4-major/arm-none-eabi/include/c++/10.2.1/bits/basic_string.h ****  */
  29:/usr/bin/gcc-arm-none-eabi-10-2020-q4-major/arm-none-eabi/include/c++/10.2.1/bits/basic_string.h **** 
  30:/usr/bin/gcc-arm-none-eabi-10-2020-q4-major/arm-none-eabi/include/c++/10.2.1/bits/basic_string.h **** //
  31:/usr/bin/gcc-arm-none-eabi-10-2020-q4-major/arm-none-eabi/include/c++/10.2.1/bits/basic_string.h **** // ISO C++ 14882: 21 Strings library
  32:/usr/bin/gcc-arm-none-eabi-10-2020-q4-major/arm-none-eabi/include/c++/10.2.1/bits/basic_string.h **** //
  33:/usr/bin/gcc-arm-none-eabi-10-2020-q4-major/arm-none-eabi/include/c++/10.2.1/bits/basic_string.h **** 
  34:/usr/bin/gcc-arm-none-eabi-10-2020-q4-major/arm-none-eabi/include/c++/10.2.1/bits/basic_string.h **** #ifndef _BASIC_STRING_H
  35:/usr/bin/gcc-arm-none-eabi-10-2020-q4-major/arm-none-eabi/include/c++/10.2.1/bits/basic_string.h **** #define _BASIC_STRING_H 1
  36:/usr/bin/gcc-arm-none-eabi-10-2020-q4-major/arm-none-eabi/include/c++/10.2.1/bits/basic_string.h **** 
  37:/usr/bin/gcc-arm-none-eabi-10-2020-q4-major/arm-none-eabi/include/c++/10.2.1/bits/basic_string.h **** #pragma GCC system_header
  38:/usr/bin/gcc-arm-none-eabi-10-2020-q4-major/arm-none-eabi/include/c++/10.2.1/bits/basic_string.h **** 
  39:/usr/bin/gcc-arm-none-eabi-10-2020-q4-major/arm-none-eabi/include/c++/10.2.1/bits/basic_string.h **** #include <ext/atomicity.h>
  40:/usr/bin/gcc-arm-none-eabi-10-2020-q4-major/arm-none-eabi/include/c++/10.2.1/bits/basic_string.h **** #include <ext/alloc_traits.h>
  41:/usr/bin/gcc-arm-none-eabi-10-2020-q4-major/arm-none-eabi/include/c++/10.2.1/bits/basic_string.h **** #include <debug/debug.h>
  42:/usr/bin/gcc-arm-none-eabi-10-2020-q4-major/arm-none-eabi/include/c++/10.2.1/bits/basic_string.h **** 
  43:/usr/bin/gcc-arm-none-eabi-10-2020-q4-major/arm-none-eabi/include/c++/10.2.1/bits/basic_string.h **** #if __cplusplus >= 201103L
  44:/usr/bin/gcc-arm-none-eabi-10-2020-q4-major/arm-none-eabi/include/c++/10.2.1/bits/basic_string.h **** #include <initializer_list>
  45:/usr/bin/gcc-arm-none-eabi-10-2020-q4-major/arm-none-eabi/include/c++/10.2.1/bits/basic_string.h **** #endif
  46:/usr/bin/gcc-arm-none-eabi-10-2020-q4-major/arm-none-eabi/include/c++/10.2.1/bits/basic_string.h **** 
  47:/usr/bin/gcc-arm-none-eabi-10-2020-q4-major/arm-none-eabi/include/c++/10.2.1/bits/basic_string.h **** #if __cplusplus >= 201703L
  48:/usr/bin/gcc-arm-none-eabi-10-2020-q4-major/arm-none-eabi/include/c++/10.2.1/bits/basic_string.h **** # include <string_view>
  49:/usr/bin/gcc-arm-none-eabi-10-2020-q4-major/arm-none-eabi/include/c++/10.2.1/bits/basic_string.h **** #endif
  50:/usr/bin/gcc-arm-none-eabi-10-2020-q4-major/arm-none-eabi/include/c++/10.2.1/bits/basic_string.h **** 
  51:/usr/bin/gcc-arm-none-eabi-10-2020-q4-major/arm-none-eabi/include/c++/10.2.1/bits/basic_string.h **** 
  52:/usr/bin/gcc-arm-none-eabi-10-2020-q4-major/arm-none-eabi/include/c++/10.2.1/bits/basic_string.h **** namespace std _GLIBCXX_VISIBILITY(default)
  53:/usr/bin/gcc-arm-none-eabi-10-2020-q4-major/arm-none-eabi/include/c++/10.2.1/bits/basic_string.h **** {
  54:/usr/bin/gcc-arm-none-eabi-10-2020-q4-major/arm-none-eabi/include/c++/10.2.1/bits/basic_string.h **** _GLIBCXX_BEGIN_NAMESPACE_VERSION
  55:/usr/bin/gcc-arm-none-eabi-10-2020-q4-major/arm-none-eabi/include/c++/10.2.1/bits/basic_string.h **** 
  56:/usr/bin/gcc-arm-none-eabi-10-2020-q4-major/arm-none-eabi/include/c++/10.2.1/bits/basic_string.h **** #if _GLIBCXX_USE_CXX11_ABI
  57:/usr/bin/gcc-arm-none-eabi-10-2020-q4-major/arm-none-eabi/include/c++/10.2.1/bits/basic_string.h **** _GLIBCXX_BEGIN_NAMESPACE_CXX11
  58:/usr/bin/gcc-arm-none-eabi-10-2020-q4-major/arm-none-eabi/include/c++/10.2.1/bits/basic_string.h ****   /**
  59:/usr/bin/gcc-arm-none-eabi-10-2020-q4-major/arm-none-eabi/include/c++/10.2.1/bits/basic_string.h ****    *  @class basic_string basic_string.h <string>
  60:/usr/bin/gcc-arm-none-eabi-10-2020-q4-major/arm-none-eabi/include/c++/10.2.1/bits/basic_string.h ****    *  @brief  Managing sequences of characters and character-like objects.
  61:/usr/bin/gcc-arm-none-eabi-10-2020-q4-major/arm-none-eabi/include/c++/10.2.1/bits/basic_string.h ****    *
  62:/usr/bin/gcc-arm-none-eabi-10-2020-q4-major/arm-none-eabi/include/c++/10.2.1/bits/basic_string.h ****    *  @ingroup strings
  63:/usr/bin/gcc-arm-none-eabi-10-2020-q4-major/arm-none-eabi/include/c++/10.2.1/bits/basic_string.h ****    *  @ingroup sequences
  64:/usr/bin/gcc-arm-none-eabi-10-2020-q4-major/arm-none-eabi/include/c++/10.2.1/bits/basic_string.h ****    *
  65:/usr/bin/gcc-arm-none-eabi-10-2020-q4-major/arm-none-eabi/include/c++/10.2.1/bits/basic_string.h ****    *  @tparam _CharT  Type of character
  66:/usr/bin/gcc-arm-none-eabi-10-2020-q4-major/arm-none-eabi/include/c++/10.2.1/bits/basic_string.h ****    *  @tparam _Traits  Traits for character type, defaults to
  67:/usr/bin/gcc-arm-none-eabi-10-2020-q4-major/arm-none-eabi/include/c++/10.2.1/bits/basic_string.h ****    *                   char_traits<_CharT>.
  68:/usr/bin/gcc-arm-none-eabi-10-2020-q4-major/arm-none-eabi/include/c++/10.2.1/bits/basic_string.h ****    *  @tparam _Alloc  Allocator type, defaults to allocator<_CharT>.
  69:/usr/bin/gcc-arm-none-eabi-10-2020-q4-major/arm-none-eabi/include/c++/10.2.1/bits/basic_string.h ****    *
  70:/usr/bin/gcc-arm-none-eabi-10-2020-q4-major/arm-none-eabi/include/c++/10.2.1/bits/basic_string.h ****    *  Meets the requirements of a <a href="tables.html#65">container</a>, a
  71:/usr/bin/gcc-arm-none-eabi-10-2020-q4-major/arm-none-eabi/include/c++/10.2.1/bits/basic_string.h ****    *  <a href="tables.html#66">reversible container</a>, and a
  72:/usr/bin/gcc-arm-none-eabi-10-2020-q4-major/arm-none-eabi/include/c++/10.2.1/bits/basic_string.h ****    *  <a href="tables.html#67">sequence</a>.  Of the
  73:/usr/bin/gcc-arm-none-eabi-10-2020-q4-major/arm-none-eabi/include/c++/10.2.1/bits/basic_string.h ****    *  <a href="tables.html#68">optional sequence requirements</a>, only
  74:/usr/bin/gcc-arm-none-eabi-10-2020-q4-major/arm-none-eabi/include/c++/10.2.1/bits/basic_string.h ****    *  @c push_back, @c at, and @c %array access are supported.
  75:/usr/bin/gcc-arm-none-eabi-10-2020-q4-major/arm-none-eabi/include/c++/10.2.1/bits/basic_string.h ****    */
  76:/usr/bin/gcc-arm-none-eabi-10-2020-q4-major/arm-none-eabi/include/c++/10.2.1/bits/basic_string.h ****   template<typename _CharT, typename _Traits, typename _Alloc>
  77:/usr/bin/gcc-arm-none-eabi-10-2020-q4-major/arm-none-eabi/include/c++/10.2.1/bits/basic_string.h ****     class basic_string
ARM GAS  /tmp/ccM1IMph.s 			page 203


  78:/usr/bin/gcc-arm-none-eabi-10-2020-q4-major/arm-none-eabi/include/c++/10.2.1/bits/basic_string.h ****     {
  79:/usr/bin/gcc-arm-none-eabi-10-2020-q4-major/arm-none-eabi/include/c++/10.2.1/bits/basic_string.h ****       typedef typename __gnu_cxx::__alloc_traits<_Alloc>::template
  80:/usr/bin/gcc-arm-none-eabi-10-2020-q4-major/arm-none-eabi/include/c++/10.2.1/bits/basic_string.h **** 	rebind<_CharT>::other _Char_alloc_type;
  81:/usr/bin/gcc-arm-none-eabi-10-2020-q4-major/arm-none-eabi/include/c++/10.2.1/bits/basic_string.h ****       typedef __gnu_cxx::__alloc_traits<_Char_alloc_type> _Alloc_traits;
  82:/usr/bin/gcc-arm-none-eabi-10-2020-q4-major/arm-none-eabi/include/c++/10.2.1/bits/basic_string.h **** 
  83:/usr/bin/gcc-arm-none-eabi-10-2020-q4-major/arm-none-eabi/include/c++/10.2.1/bits/basic_string.h ****       // Types:
  84:/usr/bin/gcc-arm-none-eabi-10-2020-q4-major/arm-none-eabi/include/c++/10.2.1/bits/basic_string.h ****     public:
  85:/usr/bin/gcc-arm-none-eabi-10-2020-q4-major/arm-none-eabi/include/c++/10.2.1/bits/basic_string.h ****       typedef _Traits					traits_type;
  86:/usr/bin/gcc-arm-none-eabi-10-2020-q4-major/arm-none-eabi/include/c++/10.2.1/bits/basic_string.h ****       typedef typename _Traits::char_type		value_type;
  87:/usr/bin/gcc-arm-none-eabi-10-2020-q4-major/arm-none-eabi/include/c++/10.2.1/bits/basic_string.h ****       typedef _Char_alloc_type				allocator_type;
  88:/usr/bin/gcc-arm-none-eabi-10-2020-q4-major/arm-none-eabi/include/c++/10.2.1/bits/basic_string.h ****       typedef typename _Alloc_traits::size_type		size_type;
  89:/usr/bin/gcc-arm-none-eabi-10-2020-q4-major/arm-none-eabi/include/c++/10.2.1/bits/basic_string.h ****       typedef typename _Alloc_traits::difference_type	difference_type;
  90:/usr/bin/gcc-arm-none-eabi-10-2020-q4-major/arm-none-eabi/include/c++/10.2.1/bits/basic_string.h ****       typedef typename _Alloc_traits::reference		reference;
  91:/usr/bin/gcc-arm-none-eabi-10-2020-q4-major/arm-none-eabi/include/c++/10.2.1/bits/basic_string.h ****       typedef typename _Alloc_traits::const_reference	const_reference;
  92:/usr/bin/gcc-arm-none-eabi-10-2020-q4-major/arm-none-eabi/include/c++/10.2.1/bits/basic_string.h ****       typedef typename _Alloc_traits::pointer		pointer;
  93:/usr/bin/gcc-arm-none-eabi-10-2020-q4-major/arm-none-eabi/include/c++/10.2.1/bits/basic_string.h ****       typedef typename _Alloc_traits::const_pointer	const_pointer;
  94:/usr/bin/gcc-arm-none-eabi-10-2020-q4-major/arm-none-eabi/include/c++/10.2.1/bits/basic_string.h ****       typedef __gnu_cxx::__normal_iterator<pointer, basic_string>  iterator;
  95:/usr/bin/gcc-arm-none-eabi-10-2020-q4-major/arm-none-eabi/include/c++/10.2.1/bits/basic_string.h ****       typedef __gnu_cxx::__normal_iterator<const_pointer, basic_string>
  96:/usr/bin/gcc-arm-none-eabi-10-2020-q4-major/arm-none-eabi/include/c++/10.2.1/bits/basic_string.h **** 							const_iterator;
  97:/usr/bin/gcc-arm-none-eabi-10-2020-q4-major/arm-none-eabi/include/c++/10.2.1/bits/basic_string.h ****       typedef std::reverse_iterator<const_iterator>	const_reverse_iterator;
  98:/usr/bin/gcc-arm-none-eabi-10-2020-q4-major/arm-none-eabi/include/c++/10.2.1/bits/basic_string.h ****       typedef std::reverse_iterator<iterator>		reverse_iterator;
  99:/usr/bin/gcc-arm-none-eabi-10-2020-q4-major/arm-none-eabi/include/c++/10.2.1/bits/basic_string.h **** 
 100:/usr/bin/gcc-arm-none-eabi-10-2020-q4-major/arm-none-eabi/include/c++/10.2.1/bits/basic_string.h ****       ///  Value returned by various member functions when they fail.
 101:/usr/bin/gcc-arm-none-eabi-10-2020-q4-major/arm-none-eabi/include/c++/10.2.1/bits/basic_string.h ****       static const size_type	npos = static_cast<size_type>(-1);
 102:/usr/bin/gcc-arm-none-eabi-10-2020-q4-major/arm-none-eabi/include/c++/10.2.1/bits/basic_string.h **** 
 103:/usr/bin/gcc-arm-none-eabi-10-2020-q4-major/arm-none-eabi/include/c++/10.2.1/bits/basic_string.h ****     protected:
 104:/usr/bin/gcc-arm-none-eabi-10-2020-q4-major/arm-none-eabi/include/c++/10.2.1/bits/basic_string.h ****       // type used for positions in insert, erase etc.
 105:/usr/bin/gcc-arm-none-eabi-10-2020-q4-major/arm-none-eabi/include/c++/10.2.1/bits/basic_string.h **** #if __cplusplus < 201103L
 106:/usr/bin/gcc-arm-none-eabi-10-2020-q4-major/arm-none-eabi/include/c++/10.2.1/bits/basic_string.h ****       typedef iterator __const_iterator;
 107:/usr/bin/gcc-arm-none-eabi-10-2020-q4-major/arm-none-eabi/include/c++/10.2.1/bits/basic_string.h **** #else
 108:/usr/bin/gcc-arm-none-eabi-10-2020-q4-major/arm-none-eabi/include/c++/10.2.1/bits/basic_string.h ****       typedef const_iterator __const_iterator;
 109:/usr/bin/gcc-arm-none-eabi-10-2020-q4-major/arm-none-eabi/include/c++/10.2.1/bits/basic_string.h **** #endif
 110:/usr/bin/gcc-arm-none-eabi-10-2020-q4-major/arm-none-eabi/include/c++/10.2.1/bits/basic_string.h **** 
 111:/usr/bin/gcc-arm-none-eabi-10-2020-q4-major/arm-none-eabi/include/c++/10.2.1/bits/basic_string.h ****     private:
 112:/usr/bin/gcc-arm-none-eabi-10-2020-q4-major/arm-none-eabi/include/c++/10.2.1/bits/basic_string.h **** #if __cplusplus >= 201703L
 113:/usr/bin/gcc-arm-none-eabi-10-2020-q4-major/arm-none-eabi/include/c++/10.2.1/bits/basic_string.h ****       // A helper type for avoiding boiler-plate.
 114:/usr/bin/gcc-arm-none-eabi-10-2020-q4-major/arm-none-eabi/include/c++/10.2.1/bits/basic_string.h ****       typedef basic_string_view<_CharT, _Traits> __sv_type;
 115:/usr/bin/gcc-arm-none-eabi-10-2020-q4-major/arm-none-eabi/include/c++/10.2.1/bits/basic_string.h **** 
 116:/usr/bin/gcc-arm-none-eabi-10-2020-q4-major/arm-none-eabi/include/c++/10.2.1/bits/basic_string.h ****       template<typename _Tp, typename _Res>
 117:/usr/bin/gcc-arm-none-eabi-10-2020-q4-major/arm-none-eabi/include/c++/10.2.1/bits/basic_string.h **** 	using _If_sv = enable_if_t<
 118:/usr/bin/gcc-arm-none-eabi-10-2020-q4-major/arm-none-eabi/include/c++/10.2.1/bits/basic_string.h **** 	  __and_<is_convertible<const _Tp&, __sv_type>,
 119:/usr/bin/gcc-arm-none-eabi-10-2020-q4-major/arm-none-eabi/include/c++/10.2.1/bits/basic_string.h **** 		 __not_<is_convertible<const _Tp*, const basic_string*>>,
 120:/usr/bin/gcc-arm-none-eabi-10-2020-q4-major/arm-none-eabi/include/c++/10.2.1/bits/basic_string.h **** 		 __not_<is_convertible<const _Tp&, const _CharT*>>>::value,
 121:/usr/bin/gcc-arm-none-eabi-10-2020-q4-major/arm-none-eabi/include/c++/10.2.1/bits/basic_string.h **** 	  _Res>;
 122:/usr/bin/gcc-arm-none-eabi-10-2020-q4-major/arm-none-eabi/include/c++/10.2.1/bits/basic_string.h **** 
 123:/usr/bin/gcc-arm-none-eabi-10-2020-q4-major/arm-none-eabi/include/c++/10.2.1/bits/basic_string.h ****       // Allows an implicit conversion to __sv_type.
 124:/usr/bin/gcc-arm-none-eabi-10-2020-q4-major/arm-none-eabi/include/c++/10.2.1/bits/basic_string.h ****       static __sv_type
 125:/usr/bin/gcc-arm-none-eabi-10-2020-q4-major/arm-none-eabi/include/c++/10.2.1/bits/basic_string.h ****       _S_to_string_view(__sv_type __svt) noexcept
 126:/usr/bin/gcc-arm-none-eabi-10-2020-q4-major/arm-none-eabi/include/c++/10.2.1/bits/basic_string.h ****       { return __svt; }
 127:/usr/bin/gcc-arm-none-eabi-10-2020-q4-major/arm-none-eabi/include/c++/10.2.1/bits/basic_string.h **** 
 128:/usr/bin/gcc-arm-none-eabi-10-2020-q4-major/arm-none-eabi/include/c++/10.2.1/bits/basic_string.h ****       // Wraps a string_view by explicit conversion and thus
 129:/usr/bin/gcc-arm-none-eabi-10-2020-q4-major/arm-none-eabi/include/c++/10.2.1/bits/basic_string.h ****       // allows to add an internal constructor that does not
 130:/usr/bin/gcc-arm-none-eabi-10-2020-q4-major/arm-none-eabi/include/c++/10.2.1/bits/basic_string.h ****       // participate in overload resolution when a string_view
 131:/usr/bin/gcc-arm-none-eabi-10-2020-q4-major/arm-none-eabi/include/c++/10.2.1/bits/basic_string.h ****       // is provided.
 132:/usr/bin/gcc-arm-none-eabi-10-2020-q4-major/arm-none-eabi/include/c++/10.2.1/bits/basic_string.h ****       struct __sv_wrapper
 133:/usr/bin/gcc-arm-none-eabi-10-2020-q4-major/arm-none-eabi/include/c++/10.2.1/bits/basic_string.h ****       {
 134:/usr/bin/gcc-arm-none-eabi-10-2020-q4-major/arm-none-eabi/include/c++/10.2.1/bits/basic_string.h **** 	explicit __sv_wrapper(__sv_type __sv) noexcept : _M_sv(__sv) { }
ARM GAS  /tmp/ccM1IMph.s 			page 204


 135:/usr/bin/gcc-arm-none-eabi-10-2020-q4-major/arm-none-eabi/include/c++/10.2.1/bits/basic_string.h **** 	__sv_type _M_sv;
 136:/usr/bin/gcc-arm-none-eabi-10-2020-q4-major/arm-none-eabi/include/c++/10.2.1/bits/basic_string.h ****       };
 137:/usr/bin/gcc-arm-none-eabi-10-2020-q4-major/arm-none-eabi/include/c++/10.2.1/bits/basic_string.h **** 
 138:/usr/bin/gcc-arm-none-eabi-10-2020-q4-major/arm-none-eabi/include/c++/10.2.1/bits/basic_string.h ****       /**
 139:/usr/bin/gcc-arm-none-eabi-10-2020-q4-major/arm-none-eabi/include/c++/10.2.1/bits/basic_string.h ****        *  @brief  Only internally used: Construct string from a string view
 140:/usr/bin/gcc-arm-none-eabi-10-2020-q4-major/arm-none-eabi/include/c++/10.2.1/bits/basic_string.h ****        *          wrapper.
 141:/usr/bin/gcc-arm-none-eabi-10-2020-q4-major/arm-none-eabi/include/c++/10.2.1/bits/basic_string.h ****        *  @param  __svw  string view wrapper.
 142:/usr/bin/gcc-arm-none-eabi-10-2020-q4-major/arm-none-eabi/include/c++/10.2.1/bits/basic_string.h ****        *  @param  __a  Allocator to use.
 143:/usr/bin/gcc-arm-none-eabi-10-2020-q4-major/arm-none-eabi/include/c++/10.2.1/bits/basic_string.h ****        */
 144:/usr/bin/gcc-arm-none-eabi-10-2020-q4-major/arm-none-eabi/include/c++/10.2.1/bits/basic_string.h ****       explicit
 145:/usr/bin/gcc-arm-none-eabi-10-2020-q4-major/arm-none-eabi/include/c++/10.2.1/bits/basic_string.h ****       basic_string(__sv_wrapper __svw, const _Alloc& __a)
 146:/usr/bin/gcc-arm-none-eabi-10-2020-q4-major/arm-none-eabi/include/c++/10.2.1/bits/basic_string.h ****       : basic_string(__svw._M_sv.data(), __svw._M_sv.size(), __a) { }
 147:/usr/bin/gcc-arm-none-eabi-10-2020-q4-major/arm-none-eabi/include/c++/10.2.1/bits/basic_string.h **** #endif
 148:/usr/bin/gcc-arm-none-eabi-10-2020-q4-major/arm-none-eabi/include/c++/10.2.1/bits/basic_string.h **** 
 149:/usr/bin/gcc-arm-none-eabi-10-2020-q4-major/arm-none-eabi/include/c++/10.2.1/bits/basic_string.h ****       // Use empty-base optimization: http://www.cantrip.org/emptyopt.html
 150:/usr/bin/gcc-arm-none-eabi-10-2020-q4-major/arm-none-eabi/include/c++/10.2.1/bits/basic_string.h ****       struct _Alloc_hider : allocator_type // TODO check __is_final
 151:/usr/bin/gcc-arm-none-eabi-10-2020-q4-major/arm-none-eabi/include/c++/10.2.1/bits/basic_string.h ****       {
 152:/usr/bin/gcc-arm-none-eabi-10-2020-q4-major/arm-none-eabi/include/c++/10.2.1/bits/basic_string.h **** #if __cplusplus < 201103L
 153:/usr/bin/gcc-arm-none-eabi-10-2020-q4-major/arm-none-eabi/include/c++/10.2.1/bits/basic_string.h **** 	_Alloc_hider(pointer __dat, const _Alloc& __a = _Alloc())
 154:/usr/bin/gcc-arm-none-eabi-10-2020-q4-major/arm-none-eabi/include/c++/10.2.1/bits/basic_string.h **** 	: allocator_type(__a), _M_p(__dat) { }
 155:/usr/bin/gcc-arm-none-eabi-10-2020-q4-major/arm-none-eabi/include/c++/10.2.1/bits/basic_string.h **** #else
 156:/usr/bin/gcc-arm-none-eabi-10-2020-q4-major/arm-none-eabi/include/c++/10.2.1/bits/basic_string.h **** 	_Alloc_hider(pointer __dat, const _Alloc& __a)
 157:/usr/bin/gcc-arm-none-eabi-10-2020-q4-major/arm-none-eabi/include/c++/10.2.1/bits/basic_string.h **** 	: allocator_type(__a), _M_p(__dat) { }
 158:/usr/bin/gcc-arm-none-eabi-10-2020-q4-major/arm-none-eabi/include/c++/10.2.1/bits/basic_string.h **** 
 159:/usr/bin/gcc-arm-none-eabi-10-2020-q4-major/arm-none-eabi/include/c++/10.2.1/bits/basic_string.h **** 	_Alloc_hider(pointer __dat, _Alloc&& __a = _Alloc())
 160:/usr/bin/gcc-arm-none-eabi-10-2020-q4-major/arm-none-eabi/include/c++/10.2.1/bits/basic_string.h **** 	: allocator_type(std::move(__a)), _M_p(__dat) { }
 161:/usr/bin/gcc-arm-none-eabi-10-2020-q4-major/arm-none-eabi/include/c++/10.2.1/bits/basic_string.h **** #endif
 162:/usr/bin/gcc-arm-none-eabi-10-2020-q4-major/arm-none-eabi/include/c++/10.2.1/bits/basic_string.h **** 
 163:/usr/bin/gcc-arm-none-eabi-10-2020-q4-major/arm-none-eabi/include/c++/10.2.1/bits/basic_string.h **** 	pointer _M_p; // The actual data.
 164:/usr/bin/gcc-arm-none-eabi-10-2020-q4-major/arm-none-eabi/include/c++/10.2.1/bits/basic_string.h ****       };
 165:/usr/bin/gcc-arm-none-eabi-10-2020-q4-major/arm-none-eabi/include/c++/10.2.1/bits/basic_string.h **** 
 166:/usr/bin/gcc-arm-none-eabi-10-2020-q4-major/arm-none-eabi/include/c++/10.2.1/bits/basic_string.h ****       _Alloc_hider	_M_dataplus;
 167:/usr/bin/gcc-arm-none-eabi-10-2020-q4-major/arm-none-eabi/include/c++/10.2.1/bits/basic_string.h ****       size_type		_M_string_length;
 168:/usr/bin/gcc-arm-none-eabi-10-2020-q4-major/arm-none-eabi/include/c++/10.2.1/bits/basic_string.h **** 
 169:/usr/bin/gcc-arm-none-eabi-10-2020-q4-major/arm-none-eabi/include/c++/10.2.1/bits/basic_string.h ****       enum { _S_local_capacity = 15 / sizeof(_CharT) };
 170:/usr/bin/gcc-arm-none-eabi-10-2020-q4-major/arm-none-eabi/include/c++/10.2.1/bits/basic_string.h **** 
 171:/usr/bin/gcc-arm-none-eabi-10-2020-q4-major/arm-none-eabi/include/c++/10.2.1/bits/basic_string.h ****       union
 172:/usr/bin/gcc-arm-none-eabi-10-2020-q4-major/arm-none-eabi/include/c++/10.2.1/bits/basic_string.h ****       {
 173:/usr/bin/gcc-arm-none-eabi-10-2020-q4-major/arm-none-eabi/include/c++/10.2.1/bits/basic_string.h **** 	_CharT           _M_local_buf[_S_local_capacity + 1];
 174:/usr/bin/gcc-arm-none-eabi-10-2020-q4-major/arm-none-eabi/include/c++/10.2.1/bits/basic_string.h **** 	size_type        _M_allocated_capacity;
 175:/usr/bin/gcc-arm-none-eabi-10-2020-q4-major/arm-none-eabi/include/c++/10.2.1/bits/basic_string.h ****       };
 176:/usr/bin/gcc-arm-none-eabi-10-2020-q4-major/arm-none-eabi/include/c++/10.2.1/bits/basic_string.h **** 
 177:/usr/bin/gcc-arm-none-eabi-10-2020-q4-major/arm-none-eabi/include/c++/10.2.1/bits/basic_string.h ****       void
 178:/usr/bin/gcc-arm-none-eabi-10-2020-q4-major/arm-none-eabi/include/c++/10.2.1/bits/basic_string.h ****       _M_data(pointer __p)
 179:/usr/bin/gcc-arm-none-eabi-10-2020-q4-major/arm-none-eabi/include/c++/10.2.1/bits/basic_string.h ****       { _M_dataplus._M_p = __p; }
 180:/usr/bin/gcc-arm-none-eabi-10-2020-q4-major/arm-none-eabi/include/c++/10.2.1/bits/basic_string.h **** 
 181:/usr/bin/gcc-arm-none-eabi-10-2020-q4-major/arm-none-eabi/include/c++/10.2.1/bits/basic_string.h ****       void
 182:/usr/bin/gcc-arm-none-eabi-10-2020-q4-major/arm-none-eabi/include/c++/10.2.1/bits/basic_string.h ****       _M_length(size_type __length)
 183:/usr/bin/gcc-arm-none-eabi-10-2020-q4-major/arm-none-eabi/include/c++/10.2.1/bits/basic_string.h ****       { _M_string_length = __length; }
 184:/usr/bin/gcc-arm-none-eabi-10-2020-q4-major/arm-none-eabi/include/c++/10.2.1/bits/basic_string.h **** 
 185:/usr/bin/gcc-arm-none-eabi-10-2020-q4-major/arm-none-eabi/include/c++/10.2.1/bits/basic_string.h ****       pointer
 186:/usr/bin/gcc-arm-none-eabi-10-2020-q4-major/arm-none-eabi/include/c++/10.2.1/bits/basic_string.h ****       _M_data() const
 187:/usr/bin/gcc-arm-none-eabi-10-2020-q4-major/arm-none-eabi/include/c++/10.2.1/bits/basic_string.h ****       { return _M_dataplus._M_p; }
 188:/usr/bin/gcc-arm-none-eabi-10-2020-q4-major/arm-none-eabi/include/c++/10.2.1/bits/basic_string.h **** 
 189:/usr/bin/gcc-arm-none-eabi-10-2020-q4-major/arm-none-eabi/include/c++/10.2.1/bits/basic_string.h ****       pointer
 190:/usr/bin/gcc-arm-none-eabi-10-2020-q4-major/arm-none-eabi/include/c++/10.2.1/bits/basic_string.h ****       _M_local_data()
 191:/usr/bin/gcc-arm-none-eabi-10-2020-q4-major/arm-none-eabi/include/c++/10.2.1/bits/basic_string.h ****       {
ARM GAS  /tmp/ccM1IMph.s 			page 205


 192:/usr/bin/gcc-arm-none-eabi-10-2020-q4-major/arm-none-eabi/include/c++/10.2.1/bits/basic_string.h **** #if __cplusplus >= 201103L
 193:/usr/bin/gcc-arm-none-eabi-10-2020-q4-major/arm-none-eabi/include/c++/10.2.1/bits/basic_string.h **** 	return std::pointer_traits<pointer>::pointer_to(*_M_local_buf);
 194:/usr/bin/gcc-arm-none-eabi-10-2020-q4-major/arm-none-eabi/include/c++/10.2.1/bits/basic_string.h **** #else
 195:/usr/bin/gcc-arm-none-eabi-10-2020-q4-major/arm-none-eabi/include/c++/10.2.1/bits/basic_string.h **** 	return pointer(_M_local_buf);
 196:/usr/bin/gcc-arm-none-eabi-10-2020-q4-major/arm-none-eabi/include/c++/10.2.1/bits/basic_string.h **** #endif
 197:/usr/bin/gcc-arm-none-eabi-10-2020-q4-major/arm-none-eabi/include/c++/10.2.1/bits/basic_string.h ****       }
 198:/usr/bin/gcc-arm-none-eabi-10-2020-q4-major/arm-none-eabi/include/c++/10.2.1/bits/basic_string.h **** 
 199:/usr/bin/gcc-arm-none-eabi-10-2020-q4-major/arm-none-eabi/include/c++/10.2.1/bits/basic_string.h ****       const_pointer
 200:/usr/bin/gcc-arm-none-eabi-10-2020-q4-major/arm-none-eabi/include/c++/10.2.1/bits/basic_string.h ****       _M_local_data() const
 201:/usr/bin/gcc-arm-none-eabi-10-2020-q4-major/arm-none-eabi/include/c++/10.2.1/bits/basic_string.h ****       {
 202:/usr/bin/gcc-arm-none-eabi-10-2020-q4-major/arm-none-eabi/include/c++/10.2.1/bits/basic_string.h **** #if __cplusplus >= 201103L
 203:/usr/bin/gcc-arm-none-eabi-10-2020-q4-major/arm-none-eabi/include/c++/10.2.1/bits/basic_string.h **** 	return std::pointer_traits<const_pointer>::pointer_to(*_M_local_buf);
 204:/usr/bin/gcc-arm-none-eabi-10-2020-q4-major/arm-none-eabi/include/c++/10.2.1/bits/basic_string.h **** #else
 205:/usr/bin/gcc-arm-none-eabi-10-2020-q4-major/arm-none-eabi/include/c++/10.2.1/bits/basic_string.h **** 	return const_pointer(_M_local_buf);
 206:/usr/bin/gcc-arm-none-eabi-10-2020-q4-major/arm-none-eabi/include/c++/10.2.1/bits/basic_string.h **** #endif
 207:/usr/bin/gcc-arm-none-eabi-10-2020-q4-major/arm-none-eabi/include/c++/10.2.1/bits/basic_string.h ****       }
 208:/usr/bin/gcc-arm-none-eabi-10-2020-q4-major/arm-none-eabi/include/c++/10.2.1/bits/basic_string.h **** 
 209:/usr/bin/gcc-arm-none-eabi-10-2020-q4-major/arm-none-eabi/include/c++/10.2.1/bits/basic_string.h ****       void
 210:/usr/bin/gcc-arm-none-eabi-10-2020-q4-major/arm-none-eabi/include/c++/10.2.1/bits/basic_string.h ****       _M_capacity(size_type __capacity)
 211:/usr/bin/gcc-arm-none-eabi-10-2020-q4-major/arm-none-eabi/include/c++/10.2.1/bits/basic_string.h ****       { _M_allocated_capacity = __capacity; }
 212:/usr/bin/gcc-arm-none-eabi-10-2020-q4-major/arm-none-eabi/include/c++/10.2.1/bits/basic_string.h **** 
 213:/usr/bin/gcc-arm-none-eabi-10-2020-q4-major/arm-none-eabi/include/c++/10.2.1/bits/basic_string.h ****       void
 214:/usr/bin/gcc-arm-none-eabi-10-2020-q4-major/arm-none-eabi/include/c++/10.2.1/bits/basic_string.h ****       _M_set_length(size_type __n)
 215:/usr/bin/gcc-arm-none-eabi-10-2020-q4-major/arm-none-eabi/include/c++/10.2.1/bits/basic_string.h ****       {
 216:/usr/bin/gcc-arm-none-eabi-10-2020-q4-major/arm-none-eabi/include/c++/10.2.1/bits/basic_string.h **** 	_M_length(__n);
 217:/usr/bin/gcc-arm-none-eabi-10-2020-q4-major/arm-none-eabi/include/c++/10.2.1/bits/basic_string.h **** 	traits_type::assign(_M_data()[__n], _CharT());
 218:/usr/bin/gcc-arm-none-eabi-10-2020-q4-major/arm-none-eabi/include/c++/10.2.1/bits/basic_string.h ****       }
 219:/usr/bin/gcc-arm-none-eabi-10-2020-q4-major/arm-none-eabi/include/c++/10.2.1/bits/basic_string.h **** 
 220:/usr/bin/gcc-arm-none-eabi-10-2020-q4-major/arm-none-eabi/include/c++/10.2.1/bits/basic_string.h ****       bool
 221:/usr/bin/gcc-arm-none-eabi-10-2020-q4-major/arm-none-eabi/include/c++/10.2.1/bits/basic_string.h ****       _M_is_local() const
 222:/usr/bin/gcc-arm-none-eabi-10-2020-q4-major/arm-none-eabi/include/c++/10.2.1/bits/basic_string.h ****       { return _M_data() == _M_local_data(); }
 223:/usr/bin/gcc-arm-none-eabi-10-2020-q4-major/arm-none-eabi/include/c++/10.2.1/bits/basic_string.h **** 
 224:/usr/bin/gcc-arm-none-eabi-10-2020-q4-major/arm-none-eabi/include/c++/10.2.1/bits/basic_string.h ****       // Create & Destroy
 225:/usr/bin/gcc-arm-none-eabi-10-2020-q4-major/arm-none-eabi/include/c++/10.2.1/bits/basic_string.h ****       pointer
 226:/usr/bin/gcc-arm-none-eabi-10-2020-q4-major/arm-none-eabi/include/c++/10.2.1/bits/basic_string.h ****       _M_create(size_type&, size_type);
 227:/usr/bin/gcc-arm-none-eabi-10-2020-q4-major/arm-none-eabi/include/c++/10.2.1/bits/basic_string.h **** 
 228:/usr/bin/gcc-arm-none-eabi-10-2020-q4-major/arm-none-eabi/include/c++/10.2.1/bits/basic_string.h ****       void
 229:/usr/bin/gcc-arm-none-eabi-10-2020-q4-major/arm-none-eabi/include/c++/10.2.1/bits/basic_string.h ****       _M_dispose()
 230:/usr/bin/gcc-arm-none-eabi-10-2020-q4-major/arm-none-eabi/include/c++/10.2.1/bits/basic_string.h ****       {
 231:/usr/bin/gcc-arm-none-eabi-10-2020-q4-major/arm-none-eabi/include/c++/10.2.1/bits/basic_string.h **** 	if (!_M_is_local())
 232:/usr/bin/gcc-arm-none-eabi-10-2020-q4-major/arm-none-eabi/include/c++/10.2.1/bits/basic_string.h **** 	  _M_destroy(_M_allocated_capacity);
 233:/usr/bin/gcc-arm-none-eabi-10-2020-q4-major/arm-none-eabi/include/c++/10.2.1/bits/basic_string.h ****       }
 234:/usr/bin/gcc-arm-none-eabi-10-2020-q4-major/arm-none-eabi/include/c++/10.2.1/bits/basic_string.h **** 
 235:/usr/bin/gcc-arm-none-eabi-10-2020-q4-major/arm-none-eabi/include/c++/10.2.1/bits/basic_string.h ****       void
 236:/usr/bin/gcc-arm-none-eabi-10-2020-q4-major/arm-none-eabi/include/c++/10.2.1/bits/basic_string.h ****       _M_destroy(size_type __size) throw()
 237:/usr/bin/gcc-arm-none-eabi-10-2020-q4-major/arm-none-eabi/include/c++/10.2.1/bits/basic_string.h ****       { _Alloc_traits::deallocate(_M_get_allocator(), _M_data(), __size + 1); }
 238:/usr/bin/gcc-arm-none-eabi-10-2020-q4-major/arm-none-eabi/include/c++/10.2.1/bits/basic_string.h **** 
 239:/usr/bin/gcc-arm-none-eabi-10-2020-q4-major/arm-none-eabi/include/c++/10.2.1/bits/basic_string.h ****       // _M_construct_aux is used to implement the 21.3.1 para 15 which
 240:/usr/bin/gcc-arm-none-eabi-10-2020-q4-major/arm-none-eabi/include/c++/10.2.1/bits/basic_string.h ****       // requires special behaviour if _InIterator is an integral type
 241:/usr/bin/gcc-arm-none-eabi-10-2020-q4-major/arm-none-eabi/include/c++/10.2.1/bits/basic_string.h ****       template<typename _InIterator>
 242:/usr/bin/gcc-arm-none-eabi-10-2020-q4-major/arm-none-eabi/include/c++/10.2.1/bits/basic_string.h ****         void
 243:/usr/bin/gcc-arm-none-eabi-10-2020-q4-major/arm-none-eabi/include/c++/10.2.1/bits/basic_string.h ****         _M_construct_aux(_InIterator __beg, _InIterator __end,
 244:/usr/bin/gcc-arm-none-eabi-10-2020-q4-major/arm-none-eabi/include/c++/10.2.1/bits/basic_string.h **** 			 std::__false_type)
 245:/usr/bin/gcc-arm-none-eabi-10-2020-q4-major/arm-none-eabi/include/c++/10.2.1/bits/basic_string.h **** 	{
 246:/usr/bin/gcc-arm-none-eabi-10-2020-q4-major/arm-none-eabi/include/c++/10.2.1/bits/basic_string.h ****           typedef typename iterator_traits<_InIterator>::iterator_category _Tag;
 247:/usr/bin/gcc-arm-none-eabi-10-2020-q4-major/arm-none-eabi/include/c++/10.2.1/bits/basic_string.h ****           _M_construct(__beg, __end, _Tag());
 248:/usr/bin/gcc-arm-none-eabi-10-2020-q4-major/arm-none-eabi/include/c++/10.2.1/bits/basic_string.h **** 	}
ARM GAS  /tmp/ccM1IMph.s 			page 206


 249:/usr/bin/gcc-arm-none-eabi-10-2020-q4-major/arm-none-eabi/include/c++/10.2.1/bits/basic_string.h **** 
 250:/usr/bin/gcc-arm-none-eabi-10-2020-q4-major/arm-none-eabi/include/c++/10.2.1/bits/basic_string.h ****       // _GLIBCXX_RESOLVE_LIB_DEFECTS
 251:/usr/bin/gcc-arm-none-eabi-10-2020-q4-major/arm-none-eabi/include/c++/10.2.1/bits/basic_string.h ****       // 438. Ambiguity in the "do the right thing" clause
 252:/usr/bin/gcc-arm-none-eabi-10-2020-q4-major/arm-none-eabi/include/c++/10.2.1/bits/basic_string.h ****       template<typename _Integer>
 253:/usr/bin/gcc-arm-none-eabi-10-2020-q4-major/arm-none-eabi/include/c++/10.2.1/bits/basic_string.h ****         void
 254:/usr/bin/gcc-arm-none-eabi-10-2020-q4-major/arm-none-eabi/include/c++/10.2.1/bits/basic_string.h ****         _M_construct_aux(_Integer __beg, _Integer __end, std::__true_type)
 255:/usr/bin/gcc-arm-none-eabi-10-2020-q4-major/arm-none-eabi/include/c++/10.2.1/bits/basic_string.h **** 	{ _M_construct_aux_2(static_cast<size_type>(__beg), __end); }
 256:/usr/bin/gcc-arm-none-eabi-10-2020-q4-major/arm-none-eabi/include/c++/10.2.1/bits/basic_string.h **** 
 257:/usr/bin/gcc-arm-none-eabi-10-2020-q4-major/arm-none-eabi/include/c++/10.2.1/bits/basic_string.h ****       void
 258:/usr/bin/gcc-arm-none-eabi-10-2020-q4-major/arm-none-eabi/include/c++/10.2.1/bits/basic_string.h ****       _M_construct_aux_2(size_type __req, _CharT __c)
 259:/usr/bin/gcc-arm-none-eabi-10-2020-q4-major/arm-none-eabi/include/c++/10.2.1/bits/basic_string.h ****       { _M_construct(__req, __c); }
 260:/usr/bin/gcc-arm-none-eabi-10-2020-q4-major/arm-none-eabi/include/c++/10.2.1/bits/basic_string.h **** 
 261:/usr/bin/gcc-arm-none-eabi-10-2020-q4-major/arm-none-eabi/include/c++/10.2.1/bits/basic_string.h ****       template<typename _InIterator>
 262:/usr/bin/gcc-arm-none-eabi-10-2020-q4-major/arm-none-eabi/include/c++/10.2.1/bits/basic_string.h ****         void
 263:/usr/bin/gcc-arm-none-eabi-10-2020-q4-major/arm-none-eabi/include/c++/10.2.1/bits/basic_string.h ****         _M_construct(_InIterator __beg, _InIterator __end)
 264:/usr/bin/gcc-arm-none-eabi-10-2020-q4-major/arm-none-eabi/include/c++/10.2.1/bits/basic_string.h **** 	{
 265:/usr/bin/gcc-arm-none-eabi-10-2020-q4-major/arm-none-eabi/include/c++/10.2.1/bits/basic_string.h **** 	  typedef typename std::__is_integer<_InIterator>::__type _Integral;
 266:/usr/bin/gcc-arm-none-eabi-10-2020-q4-major/arm-none-eabi/include/c++/10.2.1/bits/basic_string.h **** 	  _M_construct_aux(__beg, __end, _Integral());
 267:/usr/bin/gcc-arm-none-eabi-10-2020-q4-major/arm-none-eabi/include/c++/10.2.1/bits/basic_string.h ****         }
 268:/usr/bin/gcc-arm-none-eabi-10-2020-q4-major/arm-none-eabi/include/c++/10.2.1/bits/basic_string.h **** 
 269:/usr/bin/gcc-arm-none-eabi-10-2020-q4-major/arm-none-eabi/include/c++/10.2.1/bits/basic_string.h ****       // For Input Iterators, used in istreambuf_iterators, etc.
 270:/usr/bin/gcc-arm-none-eabi-10-2020-q4-major/arm-none-eabi/include/c++/10.2.1/bits/basic_string.h ****       template<typename _InIterator>
 271:/usr/bin/gcc-arm-none-eabi-10-2020-q4-major/arm-none-eabi/include/c++/10.2.1/bits/basic_string.h ****         void
 272:/usr/bin/gcc-arm-none-eabi-10-2020-q4-major/arm-none-eabi/include/c++/10.2.1/bits/basic_string.h ****         _M_construct(_InIterator __beg, _InIterator __end,
 273:/usr/bin/gcc-arm-none-eabi-10-2020-q4-major/arm-none-eabi/include/c++/10.2.1/bits/basic_string.h **** 		     std::input_iterator_tag);
 274:/usr/bin/gcc-arm-none-eabi-10-2020-q4-major/arm-none-eabi/include/c++/10.2.1/bits/basic_string.h **** 
 275:/usr/bin/gcc-arm-none-eabi-10-2020-q4-major/arm-none-eabi/include/c++/10.2.1/bits/basic_string.h ****       // For forward_iterators up to random_access_iterators, used for
 276:/usr/bin/gcc-arm-none-eabi-10-2020-q4-major/arm-none-eabi/include/c++/10.2.1/bits/basic_string.h ****       // string::iterator, _CharT*, etc.
 277:/usr/bin/gcc-arm-none-eabi-10-2020-q4-major/arm-none-eabi/include/c++/10.2.1/bits/basic_string.h ****       template<typename _FwdIterator>
 278:/usr/bin/gcc-arm-none-eabi-10-2020-q4-major/arm-none-eabi/include/c++/10.2.1/bits/basic_string.h ****         void
 279:/usr/bin/gcc-arm-none-eabi-10-2020-q4-major/arm-none-eabi/include/c++/10.2.1/bits/basic_string.h ****         _M_construct(_FwdIterator __beg, _FwdIterator __end,
 280:/usr/bin/gcc-arm-none-eabi-10-2020-q4-major/arm-none-eabi/include/c++/10.2.1/bits/basic_string.h **** 		     std::forward_iterator_tag);
 281:/usr/bin/gcc-arm-none-eabi-10-2020-q4-major/arm-none-eabi/include/c++/10.2.1/bits/basic_string.h **** 
 282:/usr/bin/gcc-arm-none-eabi-10-2020-q4-major/arm-none-eabi/include/c++/10.2.1/bits/basic_string.h ****       void
 283:/usr/bin/gcc-arm-none-eabi-10-2020-q4-major/arm-none-eabi/include/c++/10.2.1/bits/basic_string.h ****       _M_construct(size_type __req, _CharT __c);
 284:/usr/bin/gcc-arm-none-eabi-10-2020-q4-major/arm-none-eabi/include/c++/10.2.1/bits/basic_string.h **** 
 285:/usr/bin/gcc-arm-none-eabi-10-2020-q4-major/arm-none-eabi/include/c++/10.2.1/bits/basic_string.h ****       allocator_type&
 286:/usr/bin/gcc-arm-none-eabi-10-2020-q4-major/arm-none-eabi/include/c++/10.2.1/bits/basic_string.h ****       _M_get_allocator()
 287:/usr/bin/gcc-arm-none-eabi-10-2020-q4-major/arm-none-eabi/include/c++/10.2.1/bits/basic_string.h ****       { return _M_dataplus; }
 288:/usr/bin/gcc-arm-none-eabi-10-2020-q4-major/arm-none-eabi/include/c++/10.2.1/bits/basic_string.h **** 
 289:/usr/bin/gcc-arm-none-eabi-10-2020-q4-major/arm-none-eabi/include/c++/10.2.1/bits/basic_string.h ****       const allocator_type&
 290:/usr/bin/gcc-arm-none-eabi-10-2020-q4-major/arm-none-eabi/include/c++/10.2.1/bits/basic_string.h ****       _M_get_allocator() const
 291:/usr/bin/gcc-arm-none-eabi-10-2020-q4-major/arm-none-eabi/include/c++/10.2.1/bits/basic_string.h ****       { return _M_dataplus; }
 292:/usr/bin/gcc-arm-none-eabi-10-2020-q4-major/arm-none-eabi/include/c++/10.2.1/bits/basic_string.h **** 
 293:/usr/bin/gcc-arm-none-eabi-10-2020-q4-major/arm-none-eabi/include/c++/10.2.1/bits/basic_string.h ****     private:
 294:/usr/bin/gcc-arm-none-eabi-10-2020-q4-major/arm-none-eabi/include/c++/10.2.1/bits/basic_string.h **** 
 295:/usr/bin/gcc-arm-none-eabi-10-2020-q4-major/arm-none-eabi/include/c++/10.2.1/bits/basic_string.h **** #ifdef _GLIBCXX_DISAMBIGUATE_REPLACE_INST
 296:/usr/bin/gcc-arm-none-eabi-10-2020-q4-major/arm-none-eabi/include/c++/10.2.1/bits/basic_string.h ****       // The explicit instantiations in misc-inst.cc require this due to
 297:/usr/bin/gcc-arm-none-eabi-10-2020-q4-major/arm-none-eabi/include/c++/10.2.1/bits/basic_string.h ****       // https://gcc.gnu.org/bugzilla/show_bug.cgi?id=64063
 298:/usr/bin/gcc-arm-none-eabi-10-2020-q4-major/arm-none-eabi/include/c++/10.2.1/bits/basic_string.h ****       template<typename _Tp, bool _Requires =
 299:/usr/bin/gcc-arm-none-eabi-10-2020-q4-major/arm-none-eabi/include/c++/10.2.1/bits/basic_string.h **** 	       !__are_same<_Tp, _CharT*>::__value
 300:/usr/bin/gcc-arm-none-eabi-10-2020-q4-major/arm-none-eabi/include/c++/10.2.1/bits/basic_string.h **** 	       && !__are_same<_Tp, const _CharT*>::__value
 301:/usr/bin/gcc-arm-none-eabi-10-2020-q4-major/arm-none-eabi/include/c++/10.2.1/bits/basic_string.h **** 	       && !__are_same<_Tp, iterator>::__value
 302:/usr/bin/gcc-arm-none-eabi-10-2020-q4-major/arm-none-eabi/include/c++/10.2.1/bits/basic_string.h **** 	       && !__are_same<_Tp, const_iterator>::__value>
 303:/usr/bin/gcc-arm-none-eabi-10-2020-q4-major/arm-none-eabi/include/c++/10.2.1/bits/basic_string.h **** 	struct __enable_if_not_native_iterator
 304:/usr/bin/gcc-arm-none-eabi-10-2020-q4-major/arm-none-eabi/include/c++/10.2.1/bits/basic_string.h **** 	{ typedef basic_string& __type; };
 305:/usr/bin/gcc-arm-none-eabi-10-2020-q4-major/arm-none-eabi/include/c++/10.2.1/bits/basic_string.h ****       template<typename _Tp>
ARM GAS  /tmp/ccM1IMph.s 			page 207


 306:/usr/bin/gcc-arm-none-eabi-10-2020-q4-major/arm-none-eabi/include/c++/10.2.1/bits/basic_string.h **** 	struct __enable_if_not_native_iterator<_Tp, false> { };
 307:/usr/bin/gcc-arm-none-eabi-10-2020-q4-major/arm-none-eabi/include/c++/10.2.1/bits/basic_string.h **** #endif
 308:/usr/bin/gcc-arm-none-eabi-10-2020-q4-major/arm-none-eabi/include/c++/10.2.1/bits/basic_string.h **** 
 309:/usr/bin/gcc-arm-none-eabi-10-2020-q4-major/arm-none-eabi/include/c++/10.2.1/bits/basic_string.h ****       size_type
 310:/usr/bin/gcc-arm-none-eabi-10-2020-q4-major/arm-none-eabi/include/c++/10.2.1/bits/basic_string.h ****       _M_check(size_type __pos, const char* __s) const
 311:/usr/bin/gcc-arm-none-eabi-10-2020-q4-major/arm-none-eabi/include/c++/10.2.1/bits/basic_string.h ****       {
 312:/usr/bin/gcc-arm-none-eabi-10-2020-q4-major/arm-none-eabi/include/c++/10.2.1/bits/basic_string.h **** 	if (__pos > this->size())
 313:/usr/bin/gcc-arm-none-eabi-10-2020-q4-major/arm-none-eabi/include/c++/10.2.1/bits/basic_string.h **** 	  __throw_out_of_range_fmt(__N("%s: __pos (which is %zu) > "
 314:/usr/bin/gcc-arm-none-eabi-10-2020-q4-major/arm-none-eabi/include/c++/10.2.1/bits/basic_string.h **** 				       "this->size() (which is %zu)"),
 315:/usr/bin/gcc-arm-none-eabi-10-2020-q4-major/arm-none-eabi/include/c++/10.2.1/bits/basic_string.h **** 				   __s, __pos, this->size());
 316:/usr/bin/gcc-arm-none-eabi-10-2020-q4-major/arm-none-eabi/include/c++/10.2.1/bits/basic_string.h **** 	return __pos;
 317:/usr/bin/gcc-arm-none-eabi-10-2020-q4-major/arm-none-eabi/include/c++/10.2.1/bits/basic_string.h ****       }
 318:/usr/bin/gcc-arm-none-eabi-10-2020-q4-major/arm-none-eabi/include/c++/10.2.1/bits/basic_string.h **** 
 319:/usr/bin/gcc-arm-none-eabi-10-2020-q4-major/arm-none-eabi/include/c++/10.2.1/bits/basic_string.h ****       void
 320:/usr/bin/gcc-arm-none-eabi-10-2020-q4-major/arm-none-eabi/include/c++/10.2.1/bits/basic_string.h ****       _M_check_length(size_type __n1, size_type __n2, const char* __s) const
 321:/usr/bin/gcc-arm-none-eabi-10-2020-q4-major/arm-none-eabi/include/c++/10.2.1/bits/basic_string.h ****       {
 322:/usr/bin/gcc-arm-none-eabi-10-2020-q4-major/arm-none-eabi/include/c++/10.2.1/bits/basic_string.h **** 	if (this->max_size() - (this->size() - __n1) < __n2)
 323:/usr/bin/gcc-arm-none-eabi-10-2020-q4-major/arm-none-eabi/include/c++/10.2.1/bits/basic_string.h **** 	  __throw_length_error(__N(__s));
 324:/usr/bin/gcc-arm-none-eabi-10-2020-q4-major/arm-none-eabi/include/c++/10.2.1/bits/basic_string.h ****       }
 325:/usr/bin/gcc-arm-none-eabi-10-2020-q4-major/arm-none-eabi/include/c++/10.2.1/bits/basic_string.h **** 
 326:/usr/bin/gcc-arm-none-eabi-10-2020-q4-major/arm-none-eabi/include/c++/10.2.1/bits/basic_string.h **** 
 327:/usr/bin/gcc-arm-none-eabi-10-2020-q4-major/arm-none-eabi/include/c++/10.2.1/bits/basic_string.h ****       // NB: _M_limit doesn't check for a bad __pos value.
 328:/usr/bin/gcc-arm-none-eabi-10-2020-q4-major/arm-none-eabi/include/c++/10.2.1/bits/basic_string.h ****       size_type
 329:/usr/bin/gcc-arm-none-eabi-10-2020-q4-major/arm-none-eabi/include/c++/10.2.1/bits/basic_string.h ****       _M_limit(size_type __pos, size_type __off) const _GLIBCXX_NOEXCEPT
 330:/usr/bin/gcc-arm-none-eabi-10-2020-q4-major/arm-none-eabi/include/c++/10.2.1/bits/basic_string.h ****       {
 331:/usr/bin/gcc-arm-none-eabi-10-2020-q4-major/arm-none-eabi/include/c++/10.2.1/bits/basic_string.h **** 	const bool __testoff =  __off < this->size() - __pos;
 332:/usr/bin/gcc-arm-none-eabi-10-2020-q4-major/arm-none-eabi/include/c++/10.2.1/bits/basic_string.h **** 	return __testoff ? __off : this->size() - __pos;
 333:/usr/bin/gcc-arm-none-eabi-10-2020-q4-major/arm-none-eabi/include/c++/10.2.1/bits/basic_string.h ****       }
 334:/usr/bin/gcc-arm-none-eabi-10-2020-q4-major/arm-none-eabi/include/c++/10.2.1/bits/basic_string.h **** 
 335:/usr/bin/gcc-arm-none-eabi-10-2020-q4-major/arm-none-eabi/include/c++/10.2.1/bits/basic_string.h ****       // True if _Rep and source do not overlap.
 336:/usr/bin/gcc-arm-none-eabi-10-2020-q4-major/arm-none-eabi/include/c++/10.2.1/bits/basic_string.h ****       bool
 337:/usr/bin/gcc-arm-none-eabi-10-2020-q4-major/arm-none-eabi/include/c++/10.2.1/bits/basic_string.h ****       _M_disjunct(const _CharT* __s) const _GLIBCXX_NOEXCEPT
 338:/usr/bin/gcc-arm-none-eabi-10-2020-q4-major/arm-none-eabi/include/c++/10.2.1/bits/basic_string.h ****       {
 339:/usr/bin/gcc-arm-none-eabi-10-2020-q4-major/arm-none-eabi/include/c++/10.2.1/bits/basic_string.h **** 	return (less<const _CharT*>()(__s, _M_data())
 340:/usr/bin/gcc-arm-none-eabi-10-2020-q4-major/arm-none-eabi/include/c++/10.2.1/bits/basic_string.h **** 		|| less<const _CharT*>()(_M_data() + this->size(), __s));
 341:/usr/bin/gcc-arm-none-eabi-10-2020-q4-major/arm-none-eabi/include/c++/10.2.1/bits/basic_string.h ****       }
 342:/usr/bin/gcc-arm-none-eabi-10-2020-q4-major/arm-none-eabi/include/c++/10.2.1/bits/basic_string.h **** 
 343:/usr/bin/gcc-arm-none-eabi-10-2020-q4-major/arm-none-eabi/include/c++/10.2.1/bits/basic_string.h ****       // When __n = 1 way faster than the general multichar
 344:/usr/bin/gcc-arm-none-eabi-10-2020-q4-major/arm-none-eabi/include/c++/10.2.1/bits/basic_string.h ****       // traits_type::copy/move/assign.
 345:/usr/bin/gcc-arm-none-eabi-10-2020-q4-major/arm-none-eabi/include/c++/10.2.1/bits/basic_string.h ****       static void
 346:/usr/bin/gcc-arm-none-eabi-10-2020-q4-major/arm-none-eabi/include/c++/10.2.1/bits/basic_string.h ****       _S_copy(_CharT* __d, const _CharT* __s, size_type __n)
 347:/usr/bin/gcc-arm-none-eabi-10-2020-q4-major/arm-none-eabi/include/c++/10.2.1/bits/basic_string.h ****       {
 348:/usr/bin/gcc-arm-none-eabi-10-2020-q4-major/arm-none-eabi/include/c++/10.2.1/bits/basic_string.h **** 	if (__n == 1)
 349:/usr/bin/gcc-arm-none-eabi-10-2020-q4-major/arm-none-eabi/include/c++/10.2.1/bits/basic_string.h **** 	  traits_type::assign(*__d, *__s);
 350:/usr/bin/gcc-arm-none-eabi-10-2020-q4-major/arm-none-eabi/include/c++/10.2.1/bits/basic_string.h **** 	else
 351:/usr/bin/gcc-arm-none-eabi-10-2020-q4-major/arm-none-eabi/include/c++/10.2.1/bits/basic_string.h **** 	  traits_type::copy(__d, __s, __n);
 352:/usr/bin/gcc-arm-none-eabi-10-2020-q4-major/arm-none-eabi/include/c++/10.2.1/bits/basic_string.h ****       }
 353:/usr/bin/gcc-arm-none-eabi-10-2020-q4-major/arm-none-eabi/include/c++/10.2.1/bits/basic_string.h **** 
 354:/usr/bin/gcc-arm-none-eabi-10-2020-q4-major/arm-none-eabi/include/c++/10.2.1/bits/basic_string.h ****       static void
 355:/usr/bin/gcc-arm-none-eabi-10-2020-q4-major/arm-none-eabi/include/c++/10.2.1/bits/basic_string.h ****       _S_move(_CharT* __d, const _CharT* __s, size_type __n)
 356:/usr/bin/gcc-arm-none-eabi-10-2020-q4-major/arm-none-eabi/include/c++/10.2.1/bits/basic_string.h ****       {
 357:/usr/bin/gcc-arm-none-eabi-10-2020-q4-major/arm-none-eabi/include/c++/10.2.1/bits/basic_string.h **** 	if (__n == 1)
 358:/usr/bin/gcc-arm-none-eabi-10-2020-q4-major/arm-none-eabi/include/c++/10.2.1/bits/basic_string.h **** 	  traits_type::assign(*__d, *__s);
 359:/usr/bin/gcc-arm-none-eabi-10-2020-q4-major/arm-none-eabi/include/c++/10.2.1/bits/basic_string.h **** 	else
 360:/usr/bin/gcc-arm-none-eabi-10-2020-q4-major/arm-none-eabi/include/c++/10.2.1/bits/basic_string.h **** 	  traits_type::move(__d, __s, __n);
 361:/usr/bin/gcc-arm-none-eabi-10-2020-q4-major/arm-none-eabi/include/c++/10.2.1/bits/basic_string.h ****       }
 362:/usr/bin/gcc-arm-none-eabi-10-2020-q4-major/arm-none-eabi/include/c++/10.2.1/bits/basic_string.h **** 
ARM GAS  /tmp/ccM1IMph.s 			page 208


 363:/usr/bin/gcc-arm-none-eabi-10-2020-q4-major/arm-none-eabi/include/c++/10.2.1/bits/basic_string.h ****       static void
 364:/usr/bin/gcc-arm-none-eabi-10-2020-q4-major/arm-none-eabi/include/c++/10.2.1/bits/basic_string.h ****       _S_assign(_CharT* __d, size_type __n, _CharT __c)
 365:/usr/bin/gcc-arm-none-eabi-10-2020-q4-major/arm-none-eabi/include/c++/10.2.1/bits/basic_string.h ****       {
 366:/usr/bin/gcc-arm-none-eabi-10-2020-q4-major/arm-none-eabi/include/c++/10.2.1/bits/basic_string.h **** 	if (__n == 1)
 367:/usr/bin/gcc-arm-none-eabi-10-2020-q4-major/arm-none-eabi/include/c++/10.2.1/bits/basic_string.h **** 	  traits_type::assign(*__d, __c);
 368:/usr/bin/gcc-arm-none-eabi-10-2020-q4-major/arm-none-eabi/include/c++/10.2.1/bits/basic_string.h **** 	else
 369:/usr/bin/gcc-arm-none-eabi-10-2020-q4-major/arm-none-eabi/include/c++/10.2.1/bits/basic_string.h **** 	  traits_type::assign(__d, __n, __c);
 370:/usr/bin/gcc-arm-none-eabi-10-2020-q4-major/arm-none-eabi/include/c++/10.2.1/bits/basic_string.h ****       }
 371:/usr/bin/gcc-arm-none-eabi-10-2020-q4-major/arm-none-eabi/include/c++/10.2.1/bits/basic_string.h **** 
 372:/usr/bin/gcc-arm-none-eabi-10-2020-q4-major/arm-none-eabi/include/c++/10.2.1/bits/basic_string.h ****       // _S_copy_chars is a separate template to permit specialization
 373:/usr/bin/gcc-arm-none-eabi-10-2020-q4-major/arm-none-eabi/include/c++/10.2.1/bits/basic_string.h ****       // to optimize for the common case of pointers as iterators.
 374:/usr/bin/gcc-arm-none-eabi-10-2020-q4-major/arm-none-eabi/include/c++/10.2.1/bits/basic_string.h ****       template<class _Iterator>
 375:/usr/bin/gcc-arm-none-eabi-10-2020-q4-major/arm-none-eabi/include/c++/10.2.1/bits/basic_string.h ****         static void
 376:/usr/bin/gcc-arm-none-eabi-10-2020-q4-major/arm-none-eabi/include/c++/10.2.1/bits/basic_string.h ****         _S_copy_chars(_CharT* __p, _Iterator __k1, _Iterator __k2)
 377:/usr/bin/gcc-arm-none-eabi-10-2020-q4-major/arm-none-eabi/include/c++/10.2.1/bits/basic_string.h ****         {
 378:/usr/bin/gcc-arm-none-eabi-10-2020-q4-major/arm-none-eabi/include/c++/10.2.1/bits/basic_string.h **** 	  for (; __k1 != __k2; ++__k1, (void)++__p)
 379:/usr/bin/gcc-arm-none-eabi-10-2020-q4-major/arm-none-eabi/include/c++/10.2.1/bits/basic_string.h **** 	    traits_type::assign(*__p, *__k1); // These types are off.
 380:/usr/bin/gcc-arm-none-eabi-10-2020-q4-major/arm-none-eabi/include/c++/10.2.1/bits/basic_string.h **** 	}
 381:/usr/bin/gcc-arm-none-eabi-10-2020-q4-major/arm-none-eabi/include/c++/10.2.1/bits/basic_string.h **** 
 382:/usr/bin/gcc-arm-none-eabi-10-2020-q4-major/arm-none-eabi/include/c++/10.2.1/bits/basic_string.h ****       static void
 383:/usr/bin/gcc-arm-none-eabi-10-2020-q4-major/arm-none-eabi/include/c++/10.2.1/bits/basic_string.h ****       _S_copy_chars(_CharT* __p, iterator __k1, iterator __k2) _GLIBCXX_NOEXCEPT
 384:/usr/bin/gcc-arm-none-eabi-10-2020-q4-major/arm-none-eabi/include/c++/10.2.1/bits/basic_string.h ****       { _S_copy_chars(__p, __k1.base(), __k2.base()); }
 385:/usr/bin/gcc-arm-none-eabi-10-2020-q4-major/arm-none-eabi/include/c++/10.2.1/bits/basic_string.h **** 
 386:/usr/bin/gcc-arm-none-eabi-10-2020-q4-major/arm-none-eabi/include/c++/10.2.1/bits/basic_string.h ****       static void
 387:/usr/bin/gcc-arm-none-eabi-10-2020-q4-major/arm-none-eabi/include/c++/10.2.1/bits/basic_string.h ****       _S_copy_chars(_CharT* __p, const_iterator __k1, const_iterator __k2)
 388:/usr/bin/gcc-arm-none-eabi-10-2020-q4-major/arm-none-eabi/include/c++/10.2.1/bits/basic_string.h ****       _GLIBCXX_NOEXCEPT
 389:/usr/bin/gcc-arm-none-eabi-10-2020-q4-major/arm-none-eabi/include/c++/10.2.1/bits/basic_string.h ****       { _S_copy_chars(__p, __k1.base(), __k2.base()); }
 390:/usr/bin/gcc-arm-none-eabi-10-2020-q4-major/arm-none-eabi/include/c++/10.2.1/bits/basic_string.h **** 
 391:/usr/bin/gcc-arm-none-eabi-10-2020-q4-major/arm-none-eabi/include/c++/10.2.1/bits/basic_string.h ****       static void
 392:/usr/bin/gcc-arm-none-eabi-10-2020-q4-major/arm-none-eabi/include/c++/10.2.1/bits/basic_string.h ****       _S_copy_chars(_CharT* __p, _CharT* __k1, _CharT* __k2) _GLIBCXX_NOEXCEPT
 393:/usr/bin/gcc-arm-none-eabi-10-2020-q4-major/arm-none-eabi/include/c++/10.2.1/bits/basic_string.h ****       { _S_copy(__p, __k1, __k2 - __k1); }
 394:/usr/bin/gcc-arm-none-eabi-10-2020-q4-major/arm-none-eabi/include/c++/10.2.1/bits/basic_string.h **** 
 395:/usr/bin/gcc-arm-none-eabi-10-2020-q4-major/arm-none-eabi/include/c++/10.2.1/bits/basic_string.h ****       static void
 396:/usr/bin/gcc-arm-none-eabi-10-2020-q4-major/arm-none-eabi/include/c++/10.2.1/bits/basic_string.h ****       _S_copy_chars(_CharT* __p, const _CharT* __k1, const _CharT* __k2)
 397:/usr/bin/gcc-arm-none-eabi-10-2020-q4-major/arm-none-eabi/include/c++/10.2.1/bits/basic_string.h ****       _GLIBCXX_NOEXCEPT
 398:/usr/bin/gcc-arm-none-eabi-10-2020-q4-major/arm-none-eabi/include/c++/10.2.1/bits/basic_string.h ****       { _S_copy(__p, __k1, __k2 - __k1); }
 399:/usr/bin/gcc-arm-none-eabi-10-2020-q4-major/arm-none-eabi/include/c++/10.2.1/bits/basic_string.h **** 
 400:/usr/bin/gcc-arm-none-eabi-10-2020-q4-major/arm-none-eabi/include/c++/10.2.1/bits/basic_string.h ****       static int
 401:/usr/bin/gcc-arm-none-eabi-10-2020-q4-major/arm-none-eabi/include/c++/10.2.1/bits/basic_string.h ****       _S_compare(size_type __n1, size_type __n2) _GLIBCXX_NOEXCEPT
 402:/usr/bin/gcc-arm-none-eabi-10-2020-q4-major/arm-none-eabi/include/c++/10.2.1/bits/basic_string.h ****       {
 403:/usr/bin/gcc-arm-none-eabi-10-2020-q4-major/arm-none-eabi/include/c++/10.2.1/bits/basic_string.h **** 	const difference_type __d = difference_type(__n1 - __n2);
 404:/usr/bin/gcc-arm-none-eabi-10-2020-q4-major/arm-none-eabi/include/c++/10.2.1/bits/basic_string.h **** 
 405:/usr/bin/gcc-arm-none-eabi-10-2020-q4-major/arm-none-eabi/include/c++/10.2.1/bits/basic_string.h **** 	if (__d > __gnu_cxx::__numeric_traits<int>::__max)
 406:/usr/bin/gcc-arm-none-eabi-10-2020-q4-major/arm-none-eabi/include/c++/10.2.1/bits/basic_string.h **** 	  return __gnu_cxx::__numeric_traits<int>::__max;
 407:/usr/bin/gcc-arm-none-eabi-10-2020-q4-major/arm-none-eabi/include/c++/10.2.1/bits/basic_string.h **** 	else if (__d < __gnu_cxx::__numeric_traits<int>::__min)
 408:/usr/bin/gcc-arm-none-eabi-10-2020-q4-major/arm-none-eabi/include/c++/10.2.1/bits/basic_string.h **** 	  return __gnu_cxx::__numeric_traits<int>::__min;
 409:/usr/bin/gcc-arm-none-eabi-10-2020-q4-major/arm-none-eabi/include/c++/10.2.1/bits/basic_string.h **** 	else
 410:/usr/bin/gcc-arm-none-eabi-10-2020-q4-major/arm-none-eabi/include/c++/10.2.1/bits/basic_string.h **** 	  return int(__d);
 411:/usr/bin/gcc-arm-none-eabi-10-2020-q4-major/arm-none-eabi/include/c++/10.2.1/bits/basic_string.h ****       }
 412:/usr/bin/gcc-arm-none-eabi-10-2020-q4-major/arm-none-eabi/include/c++/10.2.1/bits/basic_string.h **** 
 413:/usr/bin/gcc-arm-none-eabi-10-2020-q4-major/arm-none-eabi/include/c++/10.2.1/bits/basic_string.h ****       void
 414:/usr/bin/gcc-arm-none-eabi-10-2020-q4-major/arm-none-eabi/include/c++/10.2.1/bits/basic_string.h ****       _M_assign(const basic_string&);
 415:/usr/bin/gcc-arm-none-eabi-10-2020-q4-major/arm-none-eabi/include/c++/10.2.1/bits/basic_string.h **** 
 416:/usr/bin/gcc-arm-none-eabi-10-2020-q4-major/arm-none-eabi/include/c++/10.2.1/bits/basic_string.h ****       void
 417:/usr/bin/gcc-arm-none-eabi-10-2020-q4-major/arm-none-eabi/include/c++/10.2.1/bits/basic_string.h ****       _M_mutate(size_type __pos, size_type __len1, const _CharT* __s,
 418:/usr/bin/gcc-arm-none-eabi-10-2020-q4-major/arm-none-eabi/include/c++/10.2.1/bits/basic_string.h **** 		size_type __len2);
 419:/usr/bin/gcc-arm-none-eabi-10-2020-q4-major/arm-none-eabi/include/c++/10.2.1/bits/basic_string.h **** 
ARM GAS  /tmp/ccM1IMph.s 			page 209


 420:/usr/bin/gcc-arm-none-eabi-10-2020-q4-major/arm-none-eabi/include/c++/10.2.1/bits/basic_string.h ****       void
 421:/usr/bin/gcc-arm-none-eabi-10-2020-q4-major/arm-none-eabi/include/c++/10.2.1/bits/basic_string.h ****       _M_erase(size_type __pos, size_type __n);
 422:/usr/bin/gcc-arm-none-eabi-10-2020-q4-major/arm-none-eabi/include/c++/10.2.1/bits/basic_string.h **** 
 423:/usr/bin/gcc-arm-none-eabi-10-2020-q4-major/arm-none-eabi/include/c++/10.2.1/bits/basic_string.h ****     public:
 424:/usr/bin/gcc-arm-none-eabi-10-2020-q4-major/arm-none-eabi/include/c++/10.2.1/bits/basic_string.h ****       // Construct/copy/destroy:
 425:/usr/bin/gcc-arm-none-eabi-10-2020-q4-major/arm-none-eabi/include/c++/10.2.1/bits/basic_string.h ****       // NB: We overload ctors in some cases instead of using default
 426:/usr/bin/gcc-arm-none-eabi-10-2020-q4-major/arm-none-eabi/include/c++/10.2.1/bits/basic_string.h ****       // arguments, per 17.4.4.4 para. 2 item 2.
 427:/usr/bin/gcc-arm-none-eabi-10-2020-q4-major/arm-none-eabi/include/c++/10.2.1/bits/basic_string.h **** 
 428:/usr/bin/gcc-arm-none-eabi-10-2020-q4-major/arm-none-eabi/include/c++/10.2.1/bits/basic_string.h ****       /**
 429:/usr/bin/gcc-arm-none-eabi-10-2020-q4-major/arm-none-eabi/include/c++/10.2.1/bits/basic_string.h ****        *  @brief  Default constructor creates an empty string.
 430:/usr/bin/gcc-arm-none-eabi-10-2020-q4-major/arm-none-eabi/include/c++/10.2.1/bits/basic_string.h ****        */
 431:/usr/bin/gcc-arm-none-eabi-10-2020-q4-major/arm-none-eabi/include/c++/10.2.1/bits/basic_string.h ****       basic_string()
 432:/usr/bin/gcc-arm-none-eabi-10-2020-q4-major/arm-none-eabi/include/c++/10.2.1/bits/basic_string.h ****       _GLIBCXX_NOEXCEPT_IF(is_nothrow_default_constructible<_Alloc>::value)
 433:/usr/bin/gcc-arm-none-eabi-10-2020-q4-major/arm-none-eabi/include/c++/10.2.1/bits/basic_string.h ****       : _M_dataplus(_M_local_data())
 434:/usr/bin/gcc-arm-none-eabi-10-2020-q4-major/arm-none-eabi/include/c++/10.2.1/bits/basic_string.h ****       { _M_set_length(0); }
 435:/usr/bin/gcc-arm-none-eabi-10-2020-q4-major/arm-none-eabi/include/c++/10.2.1/bits/basic_string.h **** 
 436:/usr/bin/gcc-arm-none-eabi-10-2020-q4-major/arm-none-eabi/include/c++/10.2.1/bits/basic_string.h ****       /**
 437:/usr/bin/gcc-arm-none-eabi-10-2020-q4-major/arm-none-eabi/include/c++/10.2.1/bits/basic_string.h ****        *  @brief  Construct an empty string using allocator @a a.
 438:/usr/bin/gcc-arm-none-eabi-10-2020-q4-major/arm-none-eabi/include/c++/10.2.1/bits/basic_string.h ****        */
 439:/usr/bin/gcc-arm-none-eabi-10-2020-q4-major/arm-none-eabi/include/c++/10.2.1/bits/basic_string.h ****       explicit
 440:/usr/bin/gcc-arm-none-eabi-10-2020-q4-major/arm-none-eabi/include/c++/10.2.1/bits/basic_string.h ****       basic_string(const _Alloc& __a) _GLIBCXX_NOEXCEPT
 441:/usr/bin/gcc-arm-none-eabi-10-2020-q4-major/arm-none-eabi/include/c++/10.2.1/bits/basic_string.h ****       : _M_dataplus(_M_local_data(), __a)
 442:/usr/bin/gcc-arm-none-eabi-10-2020-q4-major/arm-none-eabi/include/c++/10.2.1/bits/basic_string.h ****       { _M_set_length(0); }
 443:/usr/bin/gcc-arm-none-eabi-10-2020-q4-major/arm-none-eabi/include/c++/10.2.1/bits/basic_string.h **** 
 444:/usr/bin/gcc-arm-none-eabi-10-2020-q4-major/arm-none-eabi/include/c++/10.2.1/bits/basic_string.h ****       /**
 445:/usr/bin/gcc-arm-none-eabi-10-2020-q4-major/arm-none-eabi/include/c++/10.2.1/bits/basic_string.h ****        *  @brief  Construct string with copy of value of @a __str.
 446:/usr/bin/gcc-arm-none-eabi-10-2020-q4-major/arm-none-eabi/include/c++/10.2.1/bits/basic_string.h ****        *  @param  __str  Source string.
 447:/usr/bin/gcc-arm-none-eabi-10-2020-q4-major/arm-none-eabi/include/c++/10.2.1/bits/basic_string.h ****        */
 448:/usr/bin/gcc-arm-none-eabi-10-2020-q4-major/arm-none-eabi/include/c++/10.2.1/bits/basic_string.h ****       basic_string(const basic_string& __str)
 449:/usr/bin/gcc-arm-none-eabi-10-2020-q4-major/arm-none-eabi/include/c++/10.2.1/bits/basic_string.h ****       : _M_dataplus(_M_local_data(),
 450:/usr/bin/gcc-arm-none-eabi-10-2020-q4-major/arm-none-eabi/include/c++/10.2.1/bits/basic_string.h **** 		    _Alloc_traits::_S_select_on_copy(__str._M_get_allocator()))
 451:/usr/bin/gcc-arm-none-eabi-10-2020-q4-major/arm-none-eabi/include/c++/10.2.1/bits/basic_string.h ****       { _M_construct(__str._M_data(), __str._M_data() + __str.length()); }
 452:/usr/bin/gcc-arm-none-eabi-10-2020-q4-major/arm-none-eabi/include/c++/10.2.1/bits/basic_string.h **** 
 453:/usr/bin/gcc-arm-none-eabi-10-2020-q4-major/arm-none-eabi/include/c++/10.2.1/bits/basic_string.h ****       // _GLIBCXX_RESOLVE_LIB_DEFECTS
 454:/usr/bin/gcc-arm-none-eabi-10-2020-q4-major/arm-none-eabi/include/c++/10.2.1/bits/basic_string.h ****       // 2583. no way to supply an allocator for basic_string(str, pos)
 455:/usr/bin/gcc-arm-none-eabi-10-2020-q4-major/arm-none-eabi/include/c++/10.2.1/bits/basic_string.h ****       /**
 456:/usr/bin/gcc-arm-none-eabi-10-2020-q4-major/arm-none-eabi/include/c++/10.2.1/bits/basic_string.h ****        *  @brief  Construct string as copy of a substring.
 457:/usr/bin/gcc-arm-none-eabi-10-2020-q4-major/arm-none-eabi/include/c++/10.2.1/bits/basic_string.h ****        *  @param  __str  Source string.
 458:/usr/bin/gcc-arm-none-eabi-10-2020-q4-major/arm-none-eabi/include/c++/10.2.1/bits/basic_string.h ****        *  @param  __pos  Index of first character to copy from.
 459:/usr/bin/gcc-arm-none-eabi-10-2020-q4-major/arm-none-eabi/include/c++/10.2.1/bits/basic_string.h ****        *  @param  __a  Allocator to use.
 460:/usr/bin/gcc-arm-none-eabi-10-2020-q4-major/arm-none-eabi/include/c++/10.2.1/bits/basic_string.h ****        */
 461:/usr/bin/gcc-arm-none-eabi-10-2020-q4-major/arm-none-eabi/include/c++/10.2.1/bits/basic_string.h ****       basic_string(const basic_string& __str, size_type __pos,
 462:/usr/bin/gcc-arm-none-eabi-10-2020-q4-major/arm-none-eabi/include/c++/10.2.1/bits/basic_string.h **** 		   const _Alloc& __a = _Alloc())
 463:/usr/bin/gcc-arm-none-eabi-10-2020-q4-major/arm-none-eabi/include/c++/10.2.1/bits/basic_string.h ****       : _M_dataplus(_M_local_data(), __a)
 464:/usr/bin/gcc-arm-none-eabi-10-2020-q4-major/arm-none-eabi/include/c++/10.2.1/bits/basic_string.h ****       {
 465:/usr/bin/gcc-arm-none-eabi-10-2020-q4-major/arm-none-eabi/include/c++/10.2.1/bits/basic_string.h **** 	const _CharT* __start = __str._M_data()
 466:/usr/bin/gcc-arm-none-eabi-10-2020-q4-major/arm-none-eabi/include/c++/10.2.1/bits/basic_string.h **** 	  + __str._M_check(__pos, "basic_string::basic_string");
 467:/usr/bin/gcc-arm-none-eabi-10-2020-q4-major/arm-none-eabi/include/c++/10.2.1/bits/basic_string.h **** 	_M_construct(__start, __start + __str._M_limit(__pos, npos));
 468:/usr/bin/gcc-arm-none-eabi-10-2020-q4-major/arm-none-eabi/include/c++/10.2.1/bits/basic_string.h ****       }
 469:/usr/bin/gcc-arm-none-eabi-10-2020-q4-major/arm-none-eabi/include/c++/10.2.1/bits/basic_string.h **** 
 470:/usr/bin/gcc-arm-none-eabi-10-2020-q4-major/arm-none-eabi/include/c++/10.2.1/bits/basic_string.h ****       /**
 471:/usr/bin/gcc-arm-none-eabi-10-2020-q4-major/arm-none-eabi/include/c++/10.2.1/bits/basic_string.h ****        *  @brief  Construct string as copy of a substring.
 472:/usr/bin/gcc-arm-none-eabi-10-2020-q4-major/arm-none-eabi/include/c++/10.2.1/bits/basic_string.h ****        *  @param  __str  Source string.
 473:/usr/bin/gcc-arm-none-eabi-10-2020-q4-major/arm-none-eabi/include/c++/10.2.1/bits/basic_string.h ****        *  @param  __pos  Index of first character to copy from.
 474:/usr/bin/gcc-arm-none-eabi-10-2020-q4-major/arm-none-eabi/include/c++/10.2.1/bits/basic_string.h ****        *  @param  __n  Number of characters to copy.
 475:/usr/bin/gcc-arm-none-eabi-10-2020-q4-major/arm-none-eabi/include/c++/10.2.1/bits/basic_string.h ****        */
 476:/usr/bin/gcc-arm-none-eabi-10-2020-q4-major/arm-none-eabi/include/c++/10.2.1/bits/basic_string.h ****       basic_string(const basic_string& __str, size_type __pos,
ARM GAS  /tmp/ccM1IMph.s 			page 210


 477:/usr/bin/gcc-arm-none-eabi-10-2020-q4-major/arm-none-eabi/include/c++/10.2.1/bits/basic_string.h **** 		   size_type __n)
 478:/usr/bin/gcc-arm-none-eabi-10-2020-q4-major/arm-none-eabi/include/c++/10.2.1/bits/basic_string.h ****       : _M_dataplus(_M_local_data())
 479:/usr/bin/gcc-arm-none-eabi-10-2020-q4-major/arm-none-eabi/include/c++/10.2.1/bits/basic_string.h ****       {
 480:/usr/bin/gcc-arm-none-eabi-10-2020-q4-major/arm-none-eabi/include/c++/10.2.1/bits/basic_string.h **** 	const _CharT* __start = __str._M_data()
 481:/usr/bin/gcc-arm-none-eabi-10-2020-q4-major/arm-none-eabi/include/c++/10.2.1/bits/basic_string.h **** 	  + __str._M_check(__pos, "basic_string::basic_string");
 482:/usr/bin/gcc-arm-none-eabi-10-2020-q4-major/arm-none-eabi/include/c++/10.2.1/bits/basic_string.h **** 	_M_construct(__start, __start + __str._M_limit(__pos, __n));
 483:/usr/bin/gcc-arm-none-eabi-10-2020-q4-major/arm-none-eabi/include/c++/10.2.1/bits/basic_string.h ****       }
 484:/usr/bin/gcc-arm-none-eabi-10-2020-q4-major/arm-none-eabi/include/c++/10.2.1/bits/basic_string.h **** 
 485:/usr/bin/gcc-arm-none-eabi-10-2020-q4-major/arm-none-eabi/include/c++/10.2.1/bits/basic_string.h ****       /**
 486:/usr/bin/gcc-arm-none-eabi-10-2020-q4-major/arm-none-eabi/include/c++/10.2.1/bits/basic_string.h ****        *  @brief  Construct string as copy of a substring.
 487:/usr/bin/gcc-arm-none-eabi-10-2020-q4-major/arm-none-eabi/include/c++/10.2.1/bits/basic_string.h ****        *  @param  __str  Source string.
 488:/usr/bin/gcc-arm-none-eabi-10-2020-q4-major/arm-none-eabi/include/c++/10.2.1/bits/basic_string.h ****        *  @param  __pos  Index of first character to copy from.
 489:/usr/bin/gcc-arm-none-eabi-10-2020-q4-major/arm-none-eabi/include/c++/10.2.1/bits/basic_string.h ****        *  @param  __n  Number of characters to copy.
 490:/usr/bin/gcc-arm-none-eabi-10-2020-q4-major/arm-none-eabi/include/c++/10.2.1/bits/basic_string.h ****        *  @param  __a  Allocator to use.
 491:/usr/bin/gcc-arm-none-eabi-10-2020-q4-major/arm-none-eabi/include/c++/10.2.1/bits/basic_string.h ****        */
 492:/usr/bin/gcc-arm-none-eabi-10-2020-q4-major/arm-none-eabi/include/c++/10.2.1/bits/basic_string.h ****       basic_string(const basic_string& __str, size_type __pos,
 493:/usr/bin/gcc-arm-none-eabi-10-2020-q4-major/arm-none-eabi/include/c++/10.2.1/bits/basic_string.h **** 		   size_type __n, const _Alloc& __a)
 494:/usr/bin/gcc-arm-none-eabi-10-2020-q4-major/arm-none-eabi/include/c++/10.2.1/bits/basic_string.h ****       : _M_dataplus(_M_local_data(), __a)
 495:/usr/bin/gcc-arm-none-eabi-10-2020-q4-major/arm-none-eabi/include/c++/10.2.1/bits/basic_string.h ****       {
 496:/usr/bin/gcc-arm-none-eabi-10-2020-q4-major/arm-none-eabi/include/c++/10.2.1/bits/basic_string.h **** 	const _CharT* __start
 497:/usr/bin/gcc-arm-none-eabi-10-2020-q4-major/arm-none-eabi/include/c++/10.2.1/bits/basic_string.h **** 	  = __str._M_data() + __str._M_check(__pos, "string::string");
 498:/usr/bin/gcc-arm-none-eabi-10-2020-q4-major/arm-none-eabi/include/c++/10.2.1/bits/basic_string.h **** 	_M_construct(__start, __start + __str._M_limit(__pos, __n));
 499:/usr/bin/gcc-arm-none-eabi-10-2020-q4-major/arm-none-eabi/include/c++/10.2.1/bits/basic_string.h ****       }
 500:/usr/bin/gcc-arm-none-eabi-10-2020-q4-major/arm-none-eabi/include/c++/10.2.1/bits/basic_string.h **** 
 501:/usr/bin/gcc-arm-none-eabi-10-2020-q4-major/arm-none-eabi/include/c++/10.2.1/bits/basic_string.h ****       /**
 502:/usr/bin/gcc-arm-none-eabi-10-2020-q4-major/arm-none-eabi/include/c++/10.2.1/bits/basic_string.h ****        *  @brief  Construct string initialized by a character %array.
 503:/usr/bin/gcc-arm-none-eabi-10-2020-q4-major/arm-none-eabi/include/c++/10.2.1/bits/basic_string.h ****        *  @param  __s  Source character %array.
 504:/usr/bin/gcc-arm-none-eabi-10-2020-q4-major/arm-none-eabi/include/c++/10.2.1/bits/basic_string.h ****        *  @param  __n  Number of characters to copy.
 505:/usr/bin/gcc-arm-none-eabi-10-2020-q4-major/arm-none-eabi/include/c++/10.2.1/bits/basic_string.h ****        *  @param  __a  Allocator to use (default is default allocator).
 506:/usr/bin/gcc-arm-none-eabi-10-2020-q4-major/arm-none-eabi/include/c++/10.2.1/bits/basic_string.h ****        *
 507:/usr/bin/gcc-arm-none-eabi-10-2020-q4-major/arm-none-eabi/include/c++/10.2.1/bits/basic_string.h ****        *  NB: @a __s must have at least @a __n characters, &apos;\\0&apos;
 508:/usr/bin/gcc-arm-none-eabi-10-2020-q4-major/arm-none-eabi/include/c++/10.2.1/bits/basic_string.h ****        *  has no special meaning.
 509:/usr/bin/gcc-arm-none-eabi-10-2020-q4-major/arm-none-eabi/include/c++/10.2.1/bits/basic_string.h ****        */
 510:/usr/bin/gcc-arm-none-eabi-10-2020-q4-major/arm-none-eabi/include/c++/10.2.1/bits/basic_string.h ****       basic_string(const _CharT* __s, size_type __n,
 511:/usr/bin/gcc-arm-none-eabi-10-2020-q4-major/arm-none-eabi/include/c++/10.2.1/bits/basic_string.h **** 		   const _Alloc& __a = _Alloc())
 512:/usr/bin/gcc-arm-none-eabi-10-2020-q4-major/arm-none-eabi/include/c++/10.2.1/bits/basic_string.h ****       : _M_dataplus(_M_local_data(), __a)
 513:/usr/bin/gcc-arm-none-eabi-10-2020-q4-major/arm-none-eabi/include/c++/10.2.1/bits/basic_string.h ****       { _M_construct(__s, __s + __n); }
 514:/usr/bin/gcc-arm-none-eabi-10-2020-q4-major/arm-none-eabi/include/c++/10.2.1/bits/basic_string.h **** 
 515:/usr/bin/gcc-arm-none-eabi-10-2020-q4-major/arm-none-eabi/include/c++/10.2.1/bits/basic_string.h ****       /**
 516:/usr/bin/gcc-arm-none-eabi-10-2020-q4-major/arm-none-eabi/include/c++/10.2.1/bits/basic_string.h ****        *  @brief  Construct string as copy of a C string.
 517:/usr/bin/gcc-arm-none-eabi-10-2020-q4-major/arm-none-eabi/include/c++/10.2.1/bits/basic_string.h ****        *  @param  __s  Source C string.
 518:/usr/bin/gcc-arm-none-eabi-10-2020-q4-major/arm-none-eabi/include/c++/10.2.1/bits/basic_string.h ****        *  @param  __a  Allocator to use (default is default allocator).
 519:/usr/bin/gcc-arm-none-eabi-10-2020-q4-major/arm-none-eabi/include/c++/10.2.1/bits/basic_string.h ****        */
 520:/usr/bin/gcc-arm-none-eabi-10-2020-q4-major/arm-none-eabi/include/c++/10.2.1/bits/basic_string.h **** #if __cpp_deduction_guides && ! defined _GLIBCXX_DEFINING_STRING_INSTANTIATIONS
 521:/usr/bin/gcc-arm-none-eabi-10-2020-q4-major/arm-none-eabi/include/c++/10.2.1/bits/basic_string.h ****       // _GLIBCXX_RESOLVE_LIB_DEFECTS
 522:/usr/bin/gcc-arm-none-eabi-10-2020-q4-major/arm-none-eabi/include/c++/10.2.1/bits/basic_string.h ****       // 3076. basic_string CTAD ambiguity
 523:/usr/bin/gcc-arm-none-eabi-10-2020-q4-major/arm-none-eabi/include/c++/10.2.1/bits/basic_string.h ****       template<typename = _RequireAllocator<_Alloc>>
 524:/usr/bin/gcc-arm-none-eabi-10-2020-q4-major/arm-none-eabi/include/c++/10.2.1/bits/basic_string.h **** #endif
 525:/usr/bin/gcc-arm-none-eabi-10-2020-q4-major/arm-none-eabi/include/c++/10.2.1/bits/basic_string.h ****       basic_string(const _CharT* __s, const _Alloc& __a = _Alloc())
 6625              		.loc 24 525 7 is_stmt 1 view .LVU1562
 6626              	.LBB1826:
 6627              	.LBB1827:
 6628              	.LBB1828:
 6629              	.LBI1828:
 190:/usr/bin/gcc-arm-none-eabi-10-2020-q4-major/arm-none-eabi/include/c++/10.2.1/bits/basic_string.h ****       {
 6630              		.loc 24 190 7 view .LVU1563
 190:/usr/bin/gcc-arm-none-eabi-10-2020-q4-major/arm-none-eabi/include/c++/10.2.1/bits/basic_string.h ****       {
ARM GAS  /tmp/ccM1IMph.s 			page 211


 6631              		.loc 24 190 7 is_stmt 0 view .LVU1564
 6632              	.LBE1828:
 6633              	.LBB1829:
 6634              	.LBI1829:
 156:/usr/bin/gcc-arm-none-eabi-10-2020-q4-major/arm-none-eabi/include/c++/10.2.1/bits/basic_string.h **** 	: allocator_type(__a), _M_p(__dat) { }
 6635              		.loc 24 156 2 is_stmt 1 view .LVU1565
 6636              	.LBB1830:
 6637              	.LBB1831:
 6638              	.LBB1832:
 6639              	.LBI1832:
 145:/usr/bin/gcc-arm-none-eabi-10-2020-q4-major/arm-none-eabi/include/c++/10.2.1/bits/allocator.h **** 
 146:/usr/bin/gcc-arm-none-eabi-10-2020-q4-major/arm-none-eabi/include/c++/10.2.1/bits/allocator.h ****       _GLIBCXX20_CONSTEXPR
 147:/usr/bin/gcc-arm-none-eabi-10-2020-q4-major/arm-none-eabi/include/c++/10.2.1/bits/allocator.h ****       allocator(const allocator& __a) _GLIBCXX_NOTHROW
 6640              		.loc 22 147 7 view .LVU1566
 6641              	.LBB1833:
 6642              	.LBI1833:
  80:/usr/bin/gcc-arm-none-eabi-10-2020-q4-major/arm-none-eabi/include/c++/10.2.1/ext/new_allocator.h **** 
  81:/usr/bin/gcc-arm-none-eabi-10-2020-q4-major/arm-none-eabi/include/c++/10.2.1/ext/new_allocator.h ****       _GLIBCXX20_CONSTEXPR
  82:/usr/bin/gcc-arm-none-eabi-10-2020-q4-major/arm-none-eabi/include/c++/10.2.1/ext/new_allocator.h ****       new_allocator(const new_allocator&) _GLIBCXX_USE_NOEXCEPT { }
 6643              		.loc 23 82 7 view .LVU1567
 6644              		.loc 23 82 7 is_stmt 0 view .LVU1568
 6645              	.LBE1833:
 6646              	.LBE1832:
 6647              	.LBE1831:
 6648              	.LBE1830:
 6649              	.LBE1829:
 6650              	.LBB1838:
 6651              	.LBB1839:
 6652              	.LBB1840:
 6653              	.LBB1841:
 6654              	.LBB1842:
 6655              	.LBB1843:
 6656              		.file 25 "/usr/bin/gcc-arm-none-eabi-10-2020-q4-major/arm-none-eabi/include/c++/10.2.1/bits/basic_
   1:/usr/bin/gcc-arm-none-eabi-10-2020-q4-major/arm-none-eabi/include/c++/10.2.1/bits/basic_string.tcc **** // Components for manipulating sequences of characters -*- C++ -*-
   2:/usr/bin/gcc-arm-none-eabi-10-2020-q4-major/arm-none-eabi/include/c++/10.2.1/bits/basic_string.tcc **** 
   3:/usr/bin/gcc-arm-none-eabi-10-2020-q4-major/arm-none-eabi/include/c++/10.2.1/bits/basic_string.tcc **** // Copyright (C) 1997-2020 Free Software Foundation, Inc.
   4:/usr/bin/gcc-arm-none-eabi-10-2020-q4-major/arm-none-eabi/include/c++/10.2.1/bits/basic_string.tcc **** //
   5:/usr/bin/gcc-arm-none-eabi-10-2020-q4-major/arm-none-eabi/include/c++/10.2.1/bits/basic_string.tcc **** // This file is part of the GNU ISO C++ Library.  This library is free
   6:/usr/bin/gcc-arm-none-eabi-10-2020-q4-major/arm-none-eabi/include/c++/10.2.1/bits/basic_string.tcc **** // software; you can redistribute it and/or modify it under the
   7:/usr/bin/gcc-arm-none-eabi-10-2020-q4-major/arm-none-eabi/include/c++/10.2.1/bits/basic_string.tcc **** // terms of the GNU General Public License as published by the
   8:/usr/bin/gcc-arm-none-eabi-10-2020-q4-major/arm-none-eabi/include/c++/10.2.1/bits/basic_string.tcc **** // Free Software Foundation; either version 3, or (at your option)
   9:/usr/bin/gcc-arm-none-eabi-10-2020-q4-major/arm-none-eabi/include/c++/10.2.1/bits/basic_string.tcc **** // any later version.
  10:/usr/bin/gcc-arm-none-eabi-10-2020-q4-major/arm-none-eabi/include/c++/10.2.1/bits/basic_string.tcc **** 
  11:/usr/bin/gcc-arm-none-eabi-10-2020-q4-major/arm-none-eabi/include/c++/10.2.1/bits/basic_string.tcc **** // This library is distributed in the hope that it will be useful,
  12:/usr/bin/gcc-arm-none-eabi-10-2020-q4-major/arm-none-eabi/include/c++/10.2.1/bits/basic_string.tcc **** // but WITHOUT ANY WARRANTY; without even the implied warranty of
  13:/usr/bin/gcc-arm-none-eabi-10-2020-q4-major/arm-none-eabi/include/c++/10.2.1/bits/basic_string.tcc **** // MERCHANTABILITY or FITNESS FOR A PARTICULAR PURPOSE.  See the
  14:/usr/bin/gcc-arm-none-eabi-10-2020-q4-major/arm-none-eabi/include/c++/10.2.1/bits/basic_string.tcc **** // GNU General Public License for more details.
  15:/usr/bin/gcc-arm-none-eabi-10-2020-q4-major/arm-none-eabi/include/c++/10.2.1/bits/basic_string.tcc **** 
  16:/usr/bin/gcc-arm-none-eabi-10-2020-q4-major/arm-none-eabi/include/c++/10.2.1/bits/basic_string.tcc **** // Under Section 7 of GPL version 3, you are granted additional
  17:/usr/bin/gcc-arm-none-eabi-10-2020-q4-major/arm-none-eabi/include/c++/10.2.1/bits/basic_string.tcc **** // permissions described in the GCC Runtime Library Exception, version
  18:/usr/bin/gcc-arm-none-eabi-10-2020-q4-major/arm-none-eabi/include/c++/10.2.1/bits/basic_string.tcc **** // 3.1, as published by the Free Software Foundation.
  19:/usr/bin/gcc-arm-none-eabi-10-2020-q4-major/arm-none-eabi/include/c++/10.2.1/bits/basic_string.tcc **** 
  20:/usr/bin/gcc-arm-none-eabi-10-2020-q4-major/arm-none-eabi/include/c++/10.2.1/bits/basic_string.tcc **** // You should have received a copy of the GNU General Public License and
  21:/usr/bin/gcc-arm-none-eabi-10-2020-q4-major/arm-none-eabi/include/c++/10.2.1/bits/basic_string.tcc **** // a copy of the GCC Runtime Library Exception along with this program;
  22:/usr/bin/gcc-arm-none-eabi-10-2020-q4-major/arm-none-eabi/include/c++/10.2.1/bits/basic_string.tcc **** // see the files COPYING3 and COPYING.RUNTIME respectively.  If not, see
  23:/usr/bin/gcc-arm-none-eabi-10-2020-q4-major/arm-none-eabi/include/c++/10.2.1/bits/basic_string.tcc **** // <http://www.gnu.org/licenses/>.
  24:/usr/bin/gcc-arm-none-eabi-10-2020-q4-major/arm-none-eabi/include/c++/10.2.1/bits/basic_string.tcc **** 
ARM GAS  /tmp/ccM1IMph.s 			page 212


  25:/usr/bin/gcc-arm-none-eabi-10-2020-q4-major/arm-none-eabi/include/c++/10.2.1/bits/basic_string.tcc **** /** @file bits/basic_string.tcc
  26:/usr/bin/gcc-arm-none-eabi-10-2020-q4-major/arm-none-eabi/include/c++/10.2.1/bits/basic_string.tcc ****  *  This is an internal header file, included by other library headers.
  27:/usr/bin/gcc-arm-none-eabi-10-2020-q4-major/arm-none-eabi/include/c++/10.2.1/bits/basic_string.tcc ****  *  Do not attempt to use it directly. @headername{string}
  28:/usr/bin/gcc-arm-none-eabi-10-2020-q4-major/arm-none-eabi/include/c++/10.2.1/bits/basic_string.tcc ****  */
  29:/usr/bin/gcc-arm-none-eabi-10-2020-q4-major/arm-none-eabi/include/c++/10.2.1/bits/basic_string.tcc **** 
  30:/usr/bin/gcc-arm-none-eabi-10-2020-q4-major/arm-none-eabi/include/c++/10.2.1/bits/basic_string.tcc **** //
  31:/usr/bin/gcc-arm-none-eabi-10-2020-q4-major/arm-none-eabi/include/c++/10.2.1/bits/basic_string.tcc **** // ISO C++ 14882: 21  Strings library
  32:/usr/bin/gcc-arm-none-eabi-10-2020-q4-major/arm-none-eabi/include/c++/10.2.1/bits/basic_string.tcc **** //
  33:/usr/bin/gcc-arm-none-eabi-10-2020-q4-major/arm-none-eabi/include/c++/10.2.1/bits/basic_string.tcc **** 
  34:/usr/bin/gcc-arm-none-eabi-10-2020-q4-major/arm-none-eabi/include/c++/10.2.1/bits/basic_string.tcc **** // Written by Jason Merrill based upon the specification by Takanori Adachi
  35:/usr/bin/gcc-arm-none-eabi-10-2020-q4-major/arm-none-eabi/include/c++/10.2.1/bits/basic_string.tcc **** // in ANSI X3J16/94-0013R2.  Rewritten by Nathan Myers to ISO-14882.
  36:/usr/bin/gcc-arm-none-eabi-10-2020-q4-major/arm-none-eabi/include/c++/10.2.1/bits/basic_string.tcc **** // Non-reference-counted implementation written by Paolo Carlini and
  37:/usr/bin/gcc-arm-none-eabi-10-2020-q4-major/arm-none-eabi/include/c++/10.2.1/bits/basic_string.tcc **** // updated by Jonathan Wakely for ISO-14882-2011.
  38:/usr/bin/gcc-arm-none-eabi-10-2020-q4-major/arm-none-eabi/include/c++/10.2.1/bits/basic_string.tcc **** 
  39:/usr/bin/gcc-arm-none-eabi-10-2020-q4-major/arm-none-eabi/include/c++/10.2.1/bits/basic_string.tcc **** #ifndef _BASIC_STRING_TCC
  40:/usr/bin/gcc-arm-none-eabi-10-2020-q4-major/arm-none-eabi/include/c++/10.2.1/bits/basic_string.tcc **** #define _BASIC_STRING_TCC 1
  41:/usr/bin/gcc-arm-none-eabi-10-2020-q4-major/arm-none-eabi/include/c++/10.2.1/bits/basic_string.tcc **** 
  42:/usr/bin/gcc-arm-none-eabi-10-2020-q4-major/arm-none-eabi/include/c++/10.2.1/bits/basic_string.tcc **** #pragma GCC system_header
  43:/usr/bin/gcc-arm-none-eabi-10-2020-q4-major/arm-none-eabi/include/c++/10.2.1/bits/basic_string.tcc **** 
  44:/usr/bin/gcc-arm-none-eabi-10-2020-q4-major/arm-none-eabi/include/c++/10.2.1/bits/basic_string.tcc **** #include <bits/cxxabi_forced.h>
  45:/usr/bin/gcc-arm-none-eabi-10-2020-q4-major/arm-none-eabi/include/c++/10.2.1/bits/basic_string.tcc **** 
  46:/usr/bin/gcc-arm-none-eabi-10-2020-q4-major/arm-none-eabi/include/c++/10.2.1/bits/basic_string.tcc **** namespace std _GLIBCXX_VISIBILITY(default)
  47:/usr/bin/gcc-arm-none-eabi-10-2020-q4-major/arm-none-eabi/include/c++/10.2.1/bits/basic_string.tcc **** {
  48:/usr/bin/gcc-arm-none-eabi-10-2020-q4-major/arm-none-eabi/include/c++/10.2.1/bits/basic_string.tcc **** _GLIBCXX_BEGIN_NAMESPACE_VERSION
  49:/usr/bin/gcc-arm-none-eabi-10-2020-q4-major/arm-none-eabi/include/c++/10.2.1/bits/basic_string.tcc **** 
  50:/usr/bin/gcc-arm-none-eabi-10-2020-q4-major/arm-none-eabi/include/c++/10.2.1/bits/basic_string.tcc **** #if _GLIBCXX_USE_CXX11_ABI
  51:/usr/bin/gcc-arm-none-eabi-10-2020-q4-major/arm-none-eabi/include/c++/10.2.1/bits/basic_string.tcc **** 
  52:/usr/bin/gcc-arm-none-eabi-10-2020-q4-major/arm-none-eabi/include/c++/10.2.1/bits/basic_string.tcc ****   template<typename _CharT, typename _Traits, typename _Alloc>
  53:/usr/bin/gcc-arm-none-eabi-10-2020-q4-major/arm-none-eabi/include/c++/10.2.1/bits/basic_string.tcc ****     const typename basic_string<_CharT, _Traits, _Alloc>::size_type
  54:/usr/bin/gcc-arm-none-eabi-10-2020-q4-major/arm-none-eabi/include/c++/10.2.1/bits/basic_string.tcc ****     basic_string<_CharT, _Traits, _Alloc>::npos;
  55:/usr/bin/gcc-arm-none-eabi-10-2020-q4-major/arm-none-eabi/include/c++/10.2.1/bits/basic_string.tcc **** 
  56:/usr/bin/gcc-arm-none-eabi-10-2020-q4-major/arm-none-eabi/include/c++/10.2.1/bits/basic_string.tcc ****   template<typename _CharT, typename _Traits, typename _Alloc>
  57:/usr/bin/gcc-arm-none-eabi-10-2020-q4-major/arm-none-eabi/include/c++/10.2.1/bits/basic_string.tcc ****     void
  58:/usr/bin/gcc-arm-none-eabi-10-2020-q4-major/arm-none-eabi/include/c++/10.2.1/bits/basic_string.tcc ****     basic_string<_CharT, _Traits, _Alloc>::
  59:/usr/bin/gcc-arm-none-eabi-10-2020-q4-major/arm-none-eabi/include/c++/10.2.1/bits/basic_string.tcc ****     swap(basic_string& __s) _GLIBCXX_NOEXCEPT
  60:/usr/bin/gcc-arm-none-eabi-10-2020-q4-major/arm-none-eabi/include/c++/10.2.1/bits/basic_string.tcc ****     {
  61:/usr/bin/gcc-arm-none-eabi-10-2020-q4-major/arm-none-eabi/include/c++/10.2.1/bits/basic_string.tcc ****       if (this == &__s)
  62:/usr/bin/gcc-arm-none-eabi-10-2020-q4-major/arm-none-eabi/include/c++/10.2.1/bits/basic_string.tcc **** 	return;
  63:/usr/bin/gcc-arm-none-eabi-10-2020-q4-major/arm-none-eabi/include/c++/10.2.1/bits/basic_string.tcc **** 
  64:/usr/bin/gcc-arm-none-eabi-10-2020-q4-major/arm-none-eabi/include/c++/10.2.1/bits/basic_string.tcc ****       _Alloc_traits::_S_on_swap(_M_get_allocator(), __s._M_get_allocator());
  65:/usr/bin/gcc-arm-none-eabi-10-2020-q4-major/arm-none-eabi/include/c++/10.2.1/bits/basic_string.tcc **** 
  66:/usr/bin/gcc-arm-none-eabi-10-2020-q4-major/arm-none-eabi/include/c++/10.2.1/bits/basic_string.tcc ****       if (_M_is_local())
  67:/usr/bin/gcc-arm-none-eabi-10-2020-q4-major/arm-none-eabi/include/c++/10.2.1/bits/basic_string.tcc **** 	if (__s._M_is_local())
  68:/usr/bin/gcc-arm-none-eabi-10-2020-q4-major/arm-none-eabi/include/c++/10.2.1/bits/basic_string.tcc **** 	  {
  69:/usr/bin/gcc-arm-none-eabi-10-2020-q4-major/arm-none-eabi/include/c++/10.2.1/bits/basic_string.tcc **** 	    if (length() && __s.length())
  70:/usr/bin/gcc-arm-none-eabi-10-2020-q4-major/arm-none-eabi/include/c++/10.2.1/bits/basic_string.tcc **** 	      {
  71:/usr/bin/gcc-arm-none-eabi-10-2020-q4-major/arm-none-eabi/include/c++/10.2.1/bits/basic_string.tcc **** 		_CharT __tmp_data[_S_local_capacity + 1];
  72:/usr/bin/gcc-arm-none-eabi-10-2020-q4-major/arm-none-eabi/include/c++/10.2.1/bits/basic_string.tcc **** 		traits_type::copy(__tmp_data, __s._M_local_buf,
  73:/usr/bin/gcc-arm-none-eabi-10-2020-q4-major/arm-none-eabi/include/c++/10.2.1/bits/basic_string.tcc **** 				  _S_local_capacity + 1);
  74:/usr/bin/gcc-arm-none-eabi-10-2020-q4-major/arm-none-eabi/include/c++/10.2.1/bits/basic_string.tcc **** 		traits_type::copy(__s._M_local_buf, _M_local_buf,
  75:/usr/bin/gcc-arm-none-eabi-10-2020-q4-major/arm-none-eabi/include/c++/10.2.1/bits/basic_string.tcc **** 				  _S_local_capacity + 1);
  76:/usr/bin/gcc-arm-none-eabi-10-2020-q4-major/arm-none-eabi/include/c++/10.2.1/bits/basic_string.tcc **** 		traits_type::copy(_M_local_buf, __tmp_data,
  77:/usr/bin/gcc-arm-none-eabi-10-2020-q4-major/arm-none-eabi/include/c++/10.2.1/bits/basic_string.tcc **** 				  _S_local_capacity + 1);
  78:/usr/bin/gcc-arm-none-eabi-10-2020-q4-major/arm-none-eabi/include/c++/10.2.1/bits/basic_string.tcc **** 	      }
  79:/usr/bin/gcc-arm-none-eabi-10-2020-q4-major/arm-none-eabi/include/c++/10.2.1/bits/basic_string.tcc **** 	    else if (__s.length())
  80:/usr/bin/gcc-arm-none-eabi-10-2020-q4-major/arm-none-eabi/include/c++/10.2.1/bits/basic_string.tcc **** 	      {
  81:/usr/bin/gcc-arm-none-eabi-10-2020-q4-major/arm-none-eabi/include/c++/10.2.1/bits/basic_string.tcc **** 		traits_type::copy(_M_local_buf, __s._M_local_buf,
ARM GAS  /tmp/ccM1IMph.s 			page 213


  82:/usr/bin/gcc-arm-none-eabi-10-2020-q4-major/arm-none-eabi/include/c++/10.2.1/bits/basic_string.tcc **** 				  _S_local_capacity + 1);
  83:/usr/bin/gcc-arm-none-eabi-10-2020-q4-major/arm-none-eabi/include/c++/10.2.1/bits/basic_string.tcc **** 		_M_length(__s.length());
  84:/usr/bin/gcc-arm-none-eabi-10-2020-q4-major/arm-none-eabi/include/c++/10.2.1/bits/basic_string.tcc **** 		__s._M_set_length(0);
  85:/usr/bin/gcc-arm-none-eabi-10-2020-q4-major/arm-none-eabi/include/c++/10.2.1/bits/basic_string.tcc **** 		return;
  86:/usr/bin/gcc-arm-none-eabi-10-2020-q4-major/arm-none-eabi/include/c++/10.2.1/bits/basic_string.tcc **** 	      }
  87:/usr/bin/gcc-arm-none-eabi-10-2020-q4-major/arm-none-eabi/include/c++/10.2.1/bits/basic_string.tcc **** 	    else if (length())
  88:/usr/bin/gcc-arm-none-eabi-10-2020-q4-major/arm-none-eabi/include/c++/10.2.1/bits/basic_string.tcc **** 	      {
  89:/usr/bin/gcc-arm-none-eabi-10-2020-q4-major/arm-none-eabi/include/c++/10.2.1/bits/basic_string.tcc **** 		traits_type::copy(__s._M_local_buf, _M_local_buf,
  90:/usr/bin/gcc-arm-none-eabi-10-2020-q4-major/arm-none-eabi/include/c++/10.2.1/bits/basic_string.tcc **** 				  _S_local_capacity + 1);
  91:/usr/bin/gcc-arm-none-eabi-10-2020-q4-major/arm-none-eabi/include/c++/10.2.1/bits/basic_string.tcc **** 		__s._M_length(length());
  92:/usr/bin/gcc-arm-none-eabi-10-2020-q4-major/arm-none-eabi/include/c++/10.2.1/bits/basic_string.tcc **** 		_M_set_length(0);
  93:/usr/bin/gcc-arm-none-eabi-10-2020-q4-major/arm-none-eabi/include/c++/10.2.1/bits/basic_string.tcc **** 		return;
  94:/usr/bin/gcc-arm-none-eabi-10-2020-q4-major/arm-none-eabi/include/c++/10.2.1/bits/basic_string.tcc **** 	      }
  95:/usr/bin/gcc-arm-none-eabi-10-2020-q4-major/arm-none-eabi/include/c++/10.2.1/bits/basic_string.tcc **** 	  }
  96:/usr/bin/gcc-arm-none-eabi-10-2020-q4-major/arm-none-eabi/include/c++/10.2.1/bits/basic_string.tcc **** 	else
  97:/usr/bin/gcc-arm-none-eabi-10-2020-q4-major/arm-none-eabi/include/c++/10.2.1/bits/basic_string.tcc **** 	  {
  98:/usr/bin/gcc-arm-none-eabi-10-2020-q4-major/arm-none-eabi/include/c++/10.2.1/bits/basic_string.tcc **** 	    const size_type __tmp_capacity = __s._M_allocated_capacity;
  99:/usr/bin/gcc-arm-none-eabi-10-2020-q4-major/arm-none-eabi/include/c++/10.2.1/bits/basic_string.tcc **** 	    traits_type::copy(__s._M_local_buf, _M_local_buf,
 100:/usr/bin/gcc-arm-none-eabi-10-2020-q4-major/arm-none-eabi/include/c++/10.2.1/bits/basic_string.tcc **** 			      _S_local_capacity + 1);
 101:/usr/bin/gcc-arm-none-eabi-10-2020-q4-major/arm-none-eabi/include/c++/10.2.1/bits/basic_string.tcc **** 	    _M_data(__s._M_data());
 102:/usr/bin/gcc-arm-none-eabi-10-2020-q4-major/arm-none-eabi/include/c++/10.2.1/bits/basic_string.tcc **** 	    __s._M_data(__s._M_local_buf);
 103:/usr/bin/gcc-arm-none-eabi-10-2020-q4-major/arm-none-eabi/include/c++/10.2.1/bits/basic_string.tcc **** 	    _M_capacity(__tmp_capacity);
 104:/usr/bin/gcc-arm-none-eabi-10-2020-q4-major/arm-none-eabi/include/c++/10.2.1/bits/basic_string.tcc **** 	  }
 105:/usr/bin/gcc-arm-none-eabi-10-2020-q4-major/arm-none-eabi/include/c++/10.2.1/bits/basic_string.tcc ****       else
 106:/usr/bin/gcc-arm-none-eabi-10-2020-q4-major/arm-none-eabi/include/c++/10.2.1/bits/basic_string.tcc **** 	{
 107:/usr/bin/gcc-arm-none-eabi-10-2020-q4-major/arm-none-eabi/include/c++/10.2.1/bits/basic_string.tcc **** 	  const size_type __tmp_capacity = _M_allocated_capacity;
 108:/usr/bin/gcc-arm-none-eabi-10-2020-q4-major/arm-none-eabi/include/c++/10.2.1/bits/basic_string.tcc **** 	  if (__s._M_is_local())
 109:/usr/bin/gcc-arm-none-eabi-10-2020-q4-major/arm-none-eabi/include/c++/10.2.1/bits/basic_string.tcc **** 	    {
 110:/usr/bin/gcc-arm-none-eabi-10-2020-q4-major/arm-none-eabi/include/c++/10.2.1/bits/basic_string.tcc **** 	      traits_type::copy(_M_local_buf, __s._M_local_buf,
 111:/usr/bin/gcc-arm-none-eabi-10-2020-q4-major/arm-none-eabi/include/c++/10.2.1/bits/basic_string.tcc **** 				_S_local_capacity + 1);
 112:/usr/bin/gcc-arm-none-eabi-10-2020-q4-major/arm-none-eabi/include/c++/10.2.1/bits/basic_string.tcc **** 	      __s._M_data(_M_data());
 113:/usr/bin/gcc-arm-none-eabi-10-2020-q4-major/arm-none-eabi/include/c++/10.2.1/bits/basic_string.tcc **** 	      _M_data(_M_local_buf);
 114:/usr/bin/gcc-arm-none-eabi-10-2020-q4-major/arm-none-eabi/include/c++/10.2.1/bits/basic_string.tcc **** 	    }
 115:/usr/bin/gcc-arm-none-eabi-10-2020-q4-major/arm-none-eabi/include/c++/10.2.1/bits/basic_string.tcc **** 	  else
 116:/usr/bin/gcc-arm-none-eabi-10-2020-q4-major/arm-none-eabi/include/c++/10.2.1/bits/basic_string.tcc **** 	    {
 117:/usr/bin/gcc-arm-none-eabi-10-2020-q4-major/arm-none-eabi/include/c++/10.2.1/bits/basic_string.tcc **** 	      pointer __tmp_ptr = _M_data();
 118:/usr/bin/gcc-arm-none-eabi-10-2020-q4-major/arm-none-eabi/include/c++/10.2.1/bits/basic_string.tcc **** 	      _M_data(__s._M_data());
 119:/usr/bin/gcc-arm-none-eabi-10-2020-q4-major/arm-none-eabi/include/c++/10.2.1/bits/basic_string.tcc **** 	      __s._M_data(__tmp_ptr);
 120:/usr/bin/gcc-arm-none-eabi-10-2020-q4-major/arm-none-eabi/include/c++/10.2.1/bits/basic_string.tcc **** 	      _M_capacity(__s._M_allocated_capacity);
 121:/usr/bin/gcc-arm-none-eabi-10-2020-q4-major/arm-none-eabi/include/c++/10.2.1/bits/basic_string.tcc **** 	    }
 122:/usr/bin/gcc-arm-none-eabi-10-2020-q4-major/arm-none-eabi/include/c++/10.2.1/bits/basic_string.tcc **** 	  __s._M_capacity(__tmp_capacity);
 123:/usr/bin/gcc-arm-none-eabi-10-2020-q4-major/arm-none-eabi/include/c++/10.2.1/bits/basic_string.tcc **** 	}
 124:/usr/bin/gcc-arm-none-eabi-10-2020-q4-major/arm-none-eabi/include/c++/10.2.1/bits/basic_string.tcc **** 
 125:/usr/bin/gcc-arm-none-eabi-10-2020-q4-major/arm-none-eabi/include/c++/10.2.1/bits/basic_string.tcc ****       const size_type __tmp_length = length();
 126:/usr/bin/gcc-arm-none-eabi-10-2020-q4-major/arm-none-eabi/include/c++/10.2.1/bits/basic_string.tcc ****       _M_length(__s.length());
 127:/usr/bin/gcc-arm-none-eabi-10-2020-q4-major/arm-none-eabi/include/c++/10.2.1/bits/basic_string.tcc ****       __s._M_length(__tmp_length);
 128:/usr/bin/gcc-arm-none-eabi-10-2020-q4-major/arm-none-eabi/include/c++/10.2.1/bits/basic_string.tcc ****     }
 129:/usr/bin/gcc-arm-none-eabi-10-2020-q4-major/arm-none-eabi/include/c++/10.2.1/bits/basic_string.tcc **** 
 130:/usr/bin/gcc-arm-none-eabi-10-2020-q4-major/arm-none-eabi/include/c++/10.2.1/bits/basic_string.tcc ****   template<typename _CharT, typename _Traits, typename _Alloc>
 131:/usr/bin/gcc-arm-none-eabi-10-2020-q4-major/arm-none-eabi/include/c++/10.2.1/bits/basic_string.tcc ****     typename basic_string<_CharT, _Traits, _Alloc>::pointer
 132:/usr/bin/gcc-arm-none-eabi-10-2020-q4-major/arm-none-eabi/include/c++/10.2.1/bits/basic_string.tcc ****     basic_string<_CharT, _Traits, _Alloc>::
 133:/usr/bin/gcc-arm-none-eabi-10-2020-q4-major/arm-none-eabi/include/c++/10.2.1/bits/basic_string.tcc ****     _M_create(size_type& __capacity, size_type __old_capacity)
 134:/usr/bin/gcc-arm-none-eabi-10-2020-q4-major/arm-none-eabi/include/c++/10.2.1/bits/basic_string.tcc ****     {
 135:/usr/bin/gcc-arm-none-eabi-10-2020-q4-major/arm-none-eabi/include/c++/10.2.1/bits/basic_string.tcc ****       // _GLIBCXX_RESOLVE_LIB_DEFECTS
 136:/usr/bin/gcc-arm-none-eabi-10-2020-q4-major/arm-none-eabi/include/c++/10.2.1/bits/basic_string.tcc ****       // 83.  String::npos vs. string::max_size()
 137:/usr/bin/gcc-arm-none-eabi-10-2020-q4-major/arm-none-eabi/include/c++/10.2.1/bits/basic_string.tcc ****       if (__capacity > max_size())
 138:/usr/bin/gcc-arm-none-eabi-10-2020-q4-major/arm-none-eabi/include/c++/10.2.1/bits/basic_string.tcc **** 	std::__throw_length_error(__N("basic_string::_M_create"));
ARM GAS  /tmp/ccM1IMph.s 			page 214


 139:/usr/bin/gcc-arm-none-eabi-10-2020-q4-major/arm-none-eabi/include/c++/10.2.1/bits/basic_string.tcc **** 
 140:/usr/bin/gcc-arm-none-eabi-10-2020-q4-major/arm-none-eabi/include/c++/10.2.1/bits/basic_string.tcc ****       // The below implements an exponential growth policy, necessary to
 141:/usr/bin/gcc-arm-none-eabi-10-2020-q4-major/arm-none-eabi/include/c++/10.2.1/bits/basic_string.tcc ****       // meet amortized linear time requirements of the library: see
 142:/usr/bin/gcc-arm-none-eabi-10-2020-q4-major/arm-none-eabi/include/c++/10.2.1/bits/basic_string.tcc ****       // http://gcc.gnu.org/ml/libstdc++/2001-07/msg00085.html.
 143:/usr/bin/gcc-arm-none-eabi-10-2020-q4-major/arm-none-eabi/include/c++/10.2.1/bits/basic_string.tcc ****       if (__capacity > __old_capacity && __capacity < 2 * __old_capacity)
 144:/usr/bin/gcc-arm-none-eabi-10-2020-q4-major/arm-none-eabi/include/c++/10.2.1/bits/basic_string.tcc **** 	{
 145:/usr/bin/gcc-arm-none-eabi-10-2020-q4-major/arm-none-eabi/include/c++/10.2.1/bits/basic_string.tcc **** 	  __capacity = 2 * __old_capacity;
 146:/usr/bin/gcc-arm-none-eabi-10-2020-q4-major/arm-none-eabi/include/c++/10.2.1/bits/basic_string.tcc **** 	  // Never allocate a string bigger than max_size.
 147:/usr/bin/gcc-arm-none-eabi-10-2020-q4-major/arm-none-eabi/include/c++/10.2.1/bits/basic_string.tcc **** 	  if (__capacity > max_size())
 148:/usr/bin/gcc-arm-none-eabi-10-2020-q4-major/arm-none-eabi/include/c++/10.2.1/bits/basic_string.tcc **** 	    __capacity = max_size();
 149:/usr/bin/gcc-arm-none-eabi-10-2020-q4-major/arm-none-eabi/include/c++/10.2.1/bits/basic_string.tcc **** 	}
 150:/usr/bin/gcc-arm-none-eabi-10-2020-q4-major/arm-none-eabi/include/c++/10.2.1/bits/basic_string.tcc **** 
 151:/usr/bin/gcc-arm-none-eabi-10-2020-q4-major/arm-none-eabi/include/c++/10.2.1/bits/basic_string.tcc ****       // NB: Need an array of char_type[__capacity], plus a terminating
 152:/usr/bin/gcc-arm-none-eabi-10-2020-q4-major/arm-none-eabi/include/c++/10.2.1/bits/basic_string.tcc ****       // null char_type() element.
 153:/usr/bin/gcc-arm-none-eabi-10-2020-q4-major/arm-none-eabi/include/c++/10.2.1/bits/basic_string.tcc ****       return _Alloc_traits::allocate(_M_get_allocator(), __capacity + 1);
 154:/usr/bin/gcc-arm-none-eabi-10-2020-q4-major/arm-none-eabi/include/c++/10.2.1/bits/basic_string.tcc ****     }
 155:/usr/bin/gcc-arm-none-eabi-10-2020-q4-major/arm-none-eabi/include/c++/10.2.1/bits/basic_string.tcc **** 
 156:/usr/bin/gcc-arm-none-eabi-10-2020-q4-major/arm-none-eabi/include/c++/10.2.1/bits/basic_string.tcc ****   // NB: This is the special case for Input Iterators, used in
 157:/usr/bin/gcc-arm-none-eabi-10-2020-q4-major/arm-none-eabi/include/c++/10.2.1/bits/basic_string.tcc ****   // istreambuf_iterators, etc.
 158:/usr/bin/gcc-arm-none-eabi-10-2020-q4-major/arm-none-eabi/include/c++/10.2.1/bits/basic_string.tcc ****   // Input Iterators have a cost structure very different from
 159:/usr/bin/gcc-arm-none-eabi-10-2020-q4-major/arm-none-eabi/include/c++/10.2.1/bits/basic_string.tcc ****   // pointers, calling for a different coding style.
 160:/usr/bin/gcc-arm-none-eabi-10-2020-q4-major/arm-none-eabi/include/c++/10.2.1/bits/basic_string.tcc ****   template<typename _CharT, typename _Traits, typename _Alloc>
 161:/usr/bin/gcc-arm-none-eabi-10-2020-q4-major/arm-none-eabi/include/c++/10.2.1/bits/basic_string.tcc ****     template<typename _InIterator>
 162:/usr/bin/gcc-arm-none-eabi-10-2020-q4-major/arm-none-eabi/include/c++/10.2.1/bits/basic_string.tcc ****       void
 163:/usr/bin/gcc-arm-none-eabi-10-2020-q4-major/arm-none-eabi/include/c++/10.2.1/bits/basic_string.tcc ****       basic_string<_CharT, _Traits, _Alloc>::
 164:/usr/bin/gcc-arm-none-eabi-10-2020-q4-major/arm-none-eabi/include/c++/10.2.1/bits/basic_string.tcc ****       _M_construct(_InIterator __beg, _InIterator __end,
 165:/usr/bin/gcc-arm-none-eabi-10-2020-q4-major/arm-none-eabi/include/c++/10.2.1/bits/basic_string.tcc **** 		   std::input_iterator_tag)
 166:/usr/bin/gcc-arm-none-eabi-10-2020-q4-major/arm-none-eabi/include/c++/10.2.1/bits/basic_string.tcc ****       {
 167:/usr/bin/gcc-arm-none-eabi-10-2020-q4-major/arm-none-eabi/include/c++/10.2.1/bits/basic_string.tcc **** 	size_type __len = 0;
 168:/usr/bin/gcc-arm-none-eabi-10-2020-q4-major/arm-none-eabi/include/c++/10.2.1/bits/basic_string.tcc **** 	size_type __capacity = size_type(_S_local_capacity);
 169:/usr/bin/gcc-arm-none-eabi-10-2020-q4-major/arm-none-eabi/include/c++/10.2.1/bits/basic_string.tcc **** 
 170:/usr/bin/gcc-arm-none-eabi-10-2020-q4-major/arm-none-eabi/include/c++/10.2.1/bits/basic_string.tcc **** 	while (__beg != __end && __len < __capacity)
 171:/usr/bin/gcc-arm-none-eabi-10-2020-q4-major/arm-none-eabi/include/c++/10.2.1/bits/basic_string.tcc **** 	  {
 172:/usr/bin/gcc-arm-none-eabi-10-2020-q4-major/arm-none-eabi/include/c++/10.2.1/bits/basic_string.tcc **** 	    _M_data()[__len++] = *__beg;
 173:/usr/bin/gcc-arm-none-eabi-10-2020-q4-major/arm-none-eabi/include/c++/10.2.1/bits/basic_string.tcc **** 	    ++__beg;
 174:/usr/bin/gcc-arm-none-eabi-10-2020-q4-major/arm-none-eabi/include/c++/10.2.1/bits/basic_string.tcc **** 	  }
 175:/usr/bin/gcc-arm-none-eabi-10-2020-q4-major/arm-none-eabi/include/c++/10.2.1/bits/basic_string.tcc **** 
 176:/usr/bin/gcc-arm-none-eabi-10-2020-q4-major/arm-none-eabi/include/c++/10.2.1/bits/basic_string.tcc **** 	__try
 177:/usr/bin/gcc-arm-none-eabi-10-2020-q4-major/arm-none-eabi/include/c++/10.2.1/bits/basic_string.tcc **** 	  {
 178:/usr/bin/gcc-arm-none-eabi-10-2020-q4-major/arm-none-eabi/include/c++/10.2.1/bits/basic_string.tcc **** 	    while (__beg != __end)
 179:/usr/bin/gcc-arm-none-eabi-10-2020-q4-major/arm-none-eabi/include/c++/10.2.1/bits/basic_string.tcc **** 	      {
 180:/usr/bin/gcc-arm-none-eabi-10-2020-q4-major/arm-none-eabi/include/c++/10.2.1/bits/basic_string.tcc **** 		if (__len == __capacity)
 181:/usr/bin/gcc-arm-none-eabi-10-2020-q4-major/arm-none-eabi/include/c++/10.2.1/bits/basic_string.tcc **** 		  {
 182:/usr/bin/gcc-arm-none-eabi-10-2020-q4-major/arm-none-eabi/include/c++/10.2.1/bits/basic_string.tcc **** 		    // Allocate more space.
 183:/usr/bin/gcc-arm-none-eabi-10-2020-q4-major/arm-none-eabi/include/c++/10.2.1/bits/basic_string.tcc **** 		    __capacity = __len + 1;
 184:/usr/bin/gcc-arm-none-eabi-10-2020-q4-major/arm-none-eabi/include/c++/10.2.1/bits/basic_string.tcc **** 		    pointer __another = _M_create(__capacity, __len);
 185:/usr/bin/gcc-arm-none-eabi-10-2020-q4-major/arm-none-eabi/include/c++/10.2.1/bits/basic_string.tcc **** 		    this->_S_copy(__another, _M_data(), __len);
 186:/usr/bin/gcc-arm-none-eabi-10-2020-q4-major/arm-none-eabi/include/c++/10.2.1/bits/basic_string.tcc **** 		    _M_dispose();
 187:/usr/bin/gcc-arm-none-eabi-10-2020-q4-major/arm-none-eabi/include/c++/10.2.1/bits/basic_string.tcc **** 		    _M_data(__another);
 188:/usr/bin/gcc-arm-none-eabi-10-2020-q4-major/arm-none-eabi/include/c++/10.2.1/bits/basic_string.tcc **** 		    _M_capacity(__capacity);
 189:/usr/bin/gcc-arm-none-eabi-10-2020-q4-major/arm-none-eabi/include/c++/10.2.1/bits/basic_string.tcc **** 		  }
 190:/usr/bin/gcc-arm-none-eabi-10-2020-q4-major/arm-none-eabi/include/c++/10.2.1/bits/basic_string.tcc **** 		_M_data()[__len++] = *__beg;
 191:/usr/bin/gcc-arm-none-eabi-10-2020-q4-major/arm-none-eabi/include/c++/10.2.1/bits/basic_string.tcc **** 		++__beg;
 192:/usr/bin/gcc-arm-none-eabi-10-2020-q4-major/arm-none-eabi/include/c++/10.2.1/bits/basic_string.tcc **** 	      }
 193:/usr/bin/gcc-arm-none-eabi-10-2020-q4-major/arm-none-eabi/include/c++/10.2.1/bits/basic_string.tcc **** 	  }
 194:/usr/bin/gcc-arm-none-eabi-10-2020-q4-major/arm-none-eabi/include/c++/10.2.1/bits/basic_string.tcc **** 	__catch(...)
 195:/usr/bin/gcc-arm-none-eabi-10-2020-q4-major/arm-none-eabi/include/c++/10.2.1/bits/basic_string.tcc **** 	  {
ARM GAS  /tmp/ccM1IMph.s 			page 215


 196:/usr/bin/gcc-arm-none-eabi-10-2020-q4-major/arm-none-eabi/include/c++/10.2.1/bits/basic_string.tcc **** 	    _M_dispose();
 197:/usr/bin/gcc-arm-none-eabi-10-2020-q4-major/arm-none-eabi/include/c++/10.2.1/bits/basic_string.tcc **** 	    __throw_exception_again;
 198:/usr/bin/gcc-arm-none-eabi-10-2020-q4-major/arm-none-eabi/include/c++/10.2.1/bits/basic_string.tcc **** 	  }
 199:/usr/bin/gcc-arm-none-eabi-10-2020-q4-major/arm-none-eabi/include/c++/10.2.1/bits/basic_string.tcc **** 
 200:/usr/bin/gcc-arm-none-eabi-10-2020-q4-major/arm-none-eabi/include/c++/10.2.1/bits/basic_string.tcc **** 	_M_set_length(__len);
 201:/usr/bin/gcc-arm-none-eabi-10-2020-q4-major/arm-none-eabi/include/c++/10.2.1/bits/basic_string.tcc ****       }
 202:/usr/bin/gcc-arm-none-eabi-10-2020-q4-major/arm-none-eabi/include/c++/10.2.1/bits/basic_string.tcc **** 
 203:/usr/bin/gcc-arm-none-eabi-10-2020-q4-major/arm-none-eabi/include/c++/10.2.1/bits/basic_string.tcc ****   template<typename _CharT, typename _Traits, typename _Alloc>
 204:/usr/bin/gcc-arm-none-eabi-10-2020-q4-major/arm-none-eabi/include/c++/10.2.1/bits/basic_string.tcc ****     template<typename _InIterator>
 205:/usr/bin/gcc-arm-none-eabi-10-2020-q4-major/arm-none-eabi/include/c++/10.2.1/bits/basic_string.tcc ****       void
 206:/usr/bin/gcc-arm-none-eabi-10-2020-q4-major/arm-none-eabi/include/c++/10.2.1/bits/basic_string.tcc ****       basic_string<_CharT, _Traits, _Alloc>::
 207:/usr/bin/gcc-arm-none-eabi-10-2020-q4-major/arm-none-eabi/include/c++/10.2.1/bits/basic_string.tcc ****       _M_construct(_InIterator __beg, _InIterator __end,
 208:/usr/bin/gcc-arm-none-eabi-10-2020-q4-major/arm-none-eabi/include/c++/10.2.1/bits/basic_string.tcc **** 		   std::forward_iterator_tag)
 209:/usr/bin/gcc-arm-none-eabi-10-2020-q4-major/arm-none-eabi/include/c++/10.2.1/bits/basic_string.tcc ****       {
 210:/usr/bin/gcc-arm-none-eabi-10-2020-q4-major/arm-none-eabi/include/c++/10.2.1/bits/basic_string.tcc **** 	// NB: Not required, but considered best practice.
 211:/usr/bin/gcc-arm-none-eabi-10-2020-q4-major/arm-none-eabi/include/c++/10.2.1/bits/basic_string.tcc **** 	if (__gnu_cxx::__is_null_pointer(__beg) && __beg != __end)
 212:/usr/bin/gcc-arm-none-eabi-10-2020-q4-major/arm-none-eabi/include/c++/10.2.1/bits/basic_string.tcc **** 	  std::__throw_logic_error(__N("basic_string::"
 213:/usr/bin/gcc-arm-none-eabi-10-2020-q4-major/arm-none-eabi/include/c++/10.2.1/bits/basic_string.tcc **** 				       "_M_construct null not valid"));
 214:/usr/bin/gcc-arm-none-eabi-10-2020-q4-major/arm-none-eabi/include/c++/10.2.1/bits/basic_string.tcc **** 
 215:/usr/bin/gcc-arm-none-eabi-10-2020-q4-major/arm-none-eabi/include/c++/10.2.1/bits/basic_string.tcc **** 	size_type __dnew = static_cast<size_type>(std::distance(__beg, __end));
 216:/usr/bin/gcc-arm-none-eabi-10-2020-q4-major/arm-none-eabi/include/c++/10.2.1/bits/basic_string.tcc **** 
 217:/usr/bin/gcc-arm-none-eabi-10-2020-q4-major/arm-none-eabi/include/c++/10.2.1/bits/basic_string.tcc **** 	if (__dnew > size_type(_S_local_capacity))
 218:/usr/bin/gcc-arm-none-eabi-10-2020-q4-major/arm-none-eabi/include/c++/10.2.1/bits/basic_string.tcc **** 	  {
 219:/usr/bin/gcc-arm-none-eabi-10-2020-q4-major/arm-none-eabi/include/c++/10.2.1/bits/basic_string.tcc **** 	    _M_data(_M_create(__dnew, size_type(0)));
 220:/usr/bin/gcc-arm-none-eabi-10-2020-q4-major/arm-none-eabi/include/c++/10.2.1/bits/basic_string.tcc **** 	    _M_capacity(__dnew);
 221:/usr/bin/gcc-arm-none-eabi-10-2020-q4-major/arm-none-eabi/include/c++/10.2.1/bits/basic_string.tcc **** 	  }
 222:/usr/bin/gcc-arm-none-eabi-10-2020-q4-major/arm-none-eabi/include/c++/10.2.1/bits/basic_string.tcc **** 
 223:/usr/bin/gcc-arm-none-eabi-10-2020-q4-major/arm-none-eabi/include/c++/10.2.1/bits/basic_string.tcc **** 	// Check for out_of_range and length_error exceptions.
 224:/usr/bin/gcc-arm-none-eabi-10-2020-q4-major/arm-none-eabi/include/c++/10.2.1/bits/basic_string.tcc **** 	__try
 225:/usr/bin/gcc-arm-none-eabi-10-2020-q4-major/arm-none-eabi/include/c++/10.2.1/bits/basic_string.tcc **** 	  { this->_S_copy_chars(_M_data(), __beg, __end); }
 6657              		.loc 25 225 25 view .LVU1569
 6658 0074 3F4A     		ldr	r2, .L462+16
 6659              	.LBE1843:
 6660              	.LBE1842:
 6661              	.LBE1841:
 6662              	.LBE1840:
 6663              	.LBE1839:
 6664              	.LBE1838:
 6665              	.LBB1874:
 6666              	.LBB1836:
 6667              	.LBB1834:
 157:/usr/bin/gcc-arm-none-eabi-10-2020-q4-major/arm-none-eabi/include/c++/10.2.1/bits/basic_string.h **** 
 6668              		.loc 24 157 35 view .LVU1570
 6669 0076 22A8     		add	r0, sp, #136
 6670              	.LVL499:
 157:/usr/bin/gcc-arm-none-eabi-10-2020-q4-major/arm-none-eabi/include/c++/10.2.1/bits/basic_string.h **** 
 6671              		.loc 24 157 35 view .LVU1571
 6672              	.LBE1834:
 6673              	.LBE1836:
 6674              	.LBE1874:
 6675              	.LBB1875:
 6676              	.LBB1871:
 6677              	.LBB1868:
 6678              	.LBB1865:
 6679              	.LBB1862:
 6680              	.LBB1859:
 6681              		.loc 25 225 25 view .LVU1572
ARM GAS  /tmp/ccM1IMph.s 			page 216


 6682 0078 111F     		subs	r1, r2, #4
 6683              	.LBE1859:
 6684              	.LBE1862:
 6685              	.LBE1865:
 6686              	.LBE1868:
 6687              	.LBE1871:
 6688              	.LBE1875:
 6689              	.LBB1876:
 6690              	.LBB1837:
 6691              	.LBB1835:
 157:/usr/bin/gcc-arm-none-eabi-10-2020-q4-major/arm-none-eabi/include/c++/10.2.1/bits/basic_string.h **** 
 6692              		.loc 24 157 35 view .LVU1573
 6693 007a 2090     		str	r0, [sp, #128]
 6694              	.LVL500:
 157:/usr/bin/gcc-arm-none-eabi-10-2020-q4-major/arm-none-eabi/include/c++/10.2.1/bits/basic_string.h **** 
 6695              		.loc 24 157 35 view .LVU1574
 6696              	.LBE1835:
 6697              	.LBE1837:
 6698              	.LBE1876:
 6699              	.LBB1877:
 6700              	.LBI1877:
 6701              		.file 26 "/usr/bin/gcc-arm-none-eabi-10-2020-q4-major/arm-none-eabi/include/c++/10.2.1/bits/char_t
   1:/usr/bin/gcc-arm-none-eabi-10-2020-q4-major/arm-none-eabi/include/c++/10.2.1/bits/char_traits.h **** // Character Traits for use by standard string and iostream -*- C++ -*-
   2:/usr/bin/gcc-arm-none-eabi-10-2020-q4-major/arm-none-eabi/include/c++/10.2.1/bits/char_traits.h **** 
   3:/usr/bin/gcc-arm-none-eabi-10-2020-q4-major/arm-none-eabi/include/c++/10.2.1/bits/char_traits.h **** // Copyright (C) 1997-2020 Free Software Foundation, Inc.
   4:/usr/bin/gcc-arm-none-eabi-10-2020-q4-major/arm-none-eabi/include/c++/10.2.1/bits/char_traits.h **** //
   5:/usr/bin/gcc-arm-none-eabi-10-2020-q4-major/arm-none-eabi/include/c++/10.2.1/bits/char_traits.h **** // This file is part of the GNU ISO C++ Library.  This library is free
   6:/usr/bin/gcc-arm-none-eabi-10-2020-q4-major/arm-none-eabi/include/c++/10.2.1/bits/char_traits.h **** // software; you can redistribute it and/or modify it under the
   7:/usr/bin/gcc-arm-none-eabi-10-2020-q4-major/arm-none-eabi/include/c++/10.2.1/bits/char_traits.h **** // terms of the GNU General Public License as published by the
   8:/usr/bin/gcc-arm-none-eabi-10-2020-q4-major/arm-none-eabi/include/c++/10.2.1/bits/char_traits.h **** // Free Software Foundation; either version 3, or (at your option)
   9:/usr/bin/gcc-arm-none-eabi-10-2020-q4-major/arm-none-eabi/include/c++/10.2.1/bits/char_traits.h **** // any later version.
  10:/usr/bin/gcc-arm-none-eabi-10-2020-q4-major/arm-none-eabi/include/c++/10.2.1/bits/char_traits.h **** 
  11:/usr/bin/gcc-arm-none-eabi-10-2020-q4-major/arm-none-eabi/include/c++/10.2.1/bits/char_traits.h **** // This library is distributed in the hope that it will be useful,
  12:/usr/bin/gcc-arm-none-eabi-10-2020-q4-major/arm-none-eabi/include/c++/10.2.1/bits/char_traits.h **** // but WITHOUT ANY WARRANTY; without even the implied warranty of
  13:/usr/bin/gcc-arm-none-eabi-10-2020-q4-major/arm-none-eabi/include/c++/10.2.1/bits/char_traits.h **** // MERCHANTABILITY or FITNESS FOR A PARTICULAR PURPOSE.  See the
  14:/usr/bin/gcc-arm-none-eabi-10-2020-q4-major/arm-none-eabi/include/c++/10.2.1/bits/char_traits.h **** // GNU General Public License for more details.
  15:/usr/bin/gcc-arm-none-eabi-10-2020-q4-major/arm-none-eabi/include/c++/10.2.1/bits/char_traits.h **** 
  16:/usr/bin/gcc-arm-none-eabi-10-2020-q4-major/arm-none-eabi/include/c++/10.2.1/bits/char_traits.h **** // Under Section 7 of GPL version 3, you are granted additional
  17:/usr/bin/gcc-arm-none-eabi-10-2020-q4-major/arm-none-eabi/include/c++/10.2.1/bits/char_traits.h **** // permissions described in the GCC Runtime Library Exception, version
  18:/usr/bin/gcc-arm-none-eabi-10-2020-q4-major/arm-none-eabi/include/c++/10.2.1/bits/char_traits.h **** // 3.1, as published by the Free Software Foundation.
  19:/usr/bin/gcc-arm-none-eabi-10-2020-q4-major/arm-none-eabi/include/c++/10.2.1/bits/char_traits.h **** 
  20:/usr/bin/gcc-arm-none-eabi-10-2020-q4-major/arm-none-eabi/include/c++/10.2.1/bits/char_traits.h **** // You should have received a copy of the GNU General Public License and
  21:/usr/bin/gcc-arm-none-eabi-10-2020-q4-major/arm-none-eabi/include/c++/10.2.1/bits/char_traits.h **** // a copy of the GCC Runtime Library Exception along with this program;
  22:/usr/bin/gcc-arm-none-eabi-10-2020-q4-major/arm-none-eabi/include/c++/10.2.1/bits/char_traits.h **** // see the files COPYING3 and COPYING.RUNTIME respectively.  If not, see
  23:/usr/bin/gcc-arm-none-eabi-10-2020-q4-major/arm-none-eabi/include/c++/10.2.1/bits/char_traits.h **** // <http://www.gnu.org/licenses/>.
  24:/usr/bin/gcc-arm-none-eabi-10-2020-q4-major/arm-none-eabi/include/c++/10.2.1/bits/char_traits.h **** 
  25:/usr/bin/gcc-arm-none-eabi-10-2020-q4-major/arm-none-eabi/include/c++/10.2.1/bits/char_traits.h **** /** @file bits/char_traits.h
  26:/usr/bin/gcc-arm-none-eabi-10-2020-q4-major/arm-none-eabi/include/c++/10.2.1/bits/char_traits.h ****  *  This is an internal header file, included by other library headers.
  27:/usr/bin/gcc-arm-none-eabi-10-2020-q4-major/arm-none-eabi/include/c++/10.2.1/bits/char_traits.h ****  *  Do not attempt to use it directly. @headername{string}
  28:/usr/bin/gcc-arm-none-eabi-10-2020-q4-major/arm-none-eabi/include/c++/10.2.1/bits/char_traits.h ****  */
  29:/usr/bin/gcc-arm-none-eabi-10-2020-q4-major/arm-none-eabi/include/c++/10.2.1/bits/char_traits.h **** 
  30:/usr/bin/gcc-arm-none-eabi-10-2020-q4-major/arm-none-eabi/include/c++/10.2.1/bits/char_traits.h **** //
  31:/usr/bin/gcc-arm-none-eabi-10-2020-q4-major/arm-none-eabi/include/c++/10.2.1/bits/char_traits.h **** // ISO C++ 14882: 21  Strings library
  32:/usr/bin/gcc-arm-none-eabi-10-2020-q4-major/arm-none-eabi/include/c++/10.2.1/bits/char_traits.h **** //
  33:/usr/bin/gcc-arm-none-eabi-10-2020-q4-major/arm-none-eabi/include/c++/10.2.1/bits/char_traits.h **** 
  34:/usr/bin/gcc-arm-none-eabi-10-2020-q4-major/arm-none-eabi/include/c++/10.2.1/bits/char_traits.h **** #ifndef _CHAR_TRAITS_H
  35:/usr/bin/gcc-arm-none-eabi-10-2020-q4-major/arm-none-eabi/include/c++/10.2.1/bits/char_traits.h **** #define _CHAR_TRAITS_H 1
ARM GAS  /tmp/ccM1IMph.s 			page 217


  36:/usr/bin/gcc-arm-none-eabi-10-2020-q4-major/arm-none-eabi/include/c++/10.2.1/bits/char_traits.h **** 
  37:/usr/bin/gcc-arm-none-eabi-10-2020-q4-major/arm-none-eabi/include/c++/10.2.1/bits/char_traits.h **** #pragma GCC system_header
  38:/usr/bin/gcc-arm-none-eabi-10-2020-q4-major/arm-none-eabi/include/c++/10.2.1/bits/char_traits.h **** 
  39:/usr/bin/gcc-arm-none-eabi-10-2020-q4-major/arm-none-eabi/include/c++/10.2.1/bits/char_traits.h **** #include <bits/stl_algobase.h>  // std::copy, std::fill_n
  40:/usr/bin/gcc-arm-none-eabi-10-2020-q4-major/arm-none-eabi/include/c++/10.2.1/bits/char_traits.h **** #include <bits/postypes.h>      // For streampos
  41:/usr/bin/gcc-arm-none-eabi-10-2020-q4-major/arm-none-eabi/include/c++/10.2.1/bits/char_traits.h **** #include <cwchar>               // For WEOF, wmemmove, wmemset, etc.
  42:/usr/bin/gcc-arm-none-eabi-10-2020-q4-major/arm-none-eabi/include/c++/10.2.1/bits/char_traits.h **** #if __cplusplus > 201703L
  43:/usr/bin/gcc-arm-none-eabi-10-2020-q4-major/arm-none-eabi/include/c++/10.2.1/bits/char_traits.h **** # include <compare>
  44:/usr/bin/gcc-arm-none-eabi-10-2020-q4-major/arm-none-eabi/include/c++/10.2.1/bits/char_traits.h **** #endif
  45:/usr/bin/gcc-arm-none-eabi-10-2020-q4-major/arm-none-eabi/include/c++/10.2.1/bits/char_traits.h **** 
  46:/usr/bin/gcc-arm-none-eabi-10-2020-q4-major/arm-none-eabi/include/c++/10.2.1/bits/char_traits.h **** #ifndef _GLIBCXX_ALWAYS_INLINE
  47:/usr/bin/gcc-arm-none-eabi-10-2020-q4-major/arm-none-eabi/include/c++/10.2.1/bits/char_traits.h **** # define _GLIBCXX_ALWAYS_INLINE inline __attribute__((__always_inline__))
  48:/usr/bin/gcc-arm-none-eabi-10-2020-q4-major/arm-none-eabi/include/c++/10.2.1/bits/char_traits.h **** #endif
  49:/usr/bin/gcc-arm-none-eabi-10-2020-q4-major/arm-none-eabi/include/c++/10.2.1/bits/char_traits.h **** 
  50:/usr/bin/gcc-arm-none-eabi-10-2020-q4-major/arm-none-eabi/include/c++/10.2.1/bits/char_traits.h **** namespace __gnu_cxx _GLIBCXX_VISIBILITY(default)
  51:/usr/bin/gcc-arm-none-eabi-10-2020-q4-major/arm-none-eabi/include/c++/10.2.1/bits/char_traits.h **** {
  52:/usr/bin/gcc-arm-none-eabi-10-2020-q4-major/arm-none-eabi/include/c++/10.2.1/bits/char_traits.h **** _GLIBCXX_BEGIN_NAMESPACE_VERSION
  53:/usr/bin/gcc-arm-none-eabi-10-2020-q4-major/arm-none-eabi/include/c++/10.2.1/bits/char_traits.h **** 
  54:/usr/bin/gcc-arm-none-eabi-10-2020-q4-major/arm-none-eabi/include/c++/10.2.1/bits/char_traits.h ****   /**
  55:/usr/bin/gcc-arm-none-eabi-10-2020-q4-major/arm-none-eabi/include/c++/10.2.1/bits/char_traits.h ****    *  @brief  Mapping from character type to associated types.
  56:/usr/bin/gcc-arm-none-eabi-10-2020-q4-major/arm-none-eabi/include/c++/10.2.1/bits/char_traits.h ****    *
  57:/usr/bin/gcc-arm-none-eabi-10-2020-q4-major/arm-none-eabi/include/c++/10.2.1/bits/char_traits.h ****    *  @note This is an implementation class for the generic version
  58:/usr/bin/gcc-arm-none-eabi-10-2020-q4-major/arm-none-eabi/include/c++/10.2.1/bits/char_traits.h ****    *  of char_traits.  It defines int_type, off_type, pos_type, and
  59:/usr/bin/gcc-arm-none-eabi-10-2020-q4-major/arm-none-eabi/include/c++/10.2.1/bits/char_traits.h ****    *  state_type.  By default these are unsigned long, streamoff,
  60:/usr/bin/gcc-arm-none-eabi-10-2020-q4-major/arm-none-eabi/include/c++/10.2.1/bits/char_traits.h ****    *  streampos, and mbstate_t.  Users who need a different set of
  61:/usr/bin/gcc-arm-none-eabi-10-2020-q4-major/arm-none-eabi/include/c++/10.2.1/bits/char_traits.h ****    *  types, but who don't need to change the definitions of any function
  62:/usr/bin/gcc-arm-none-eabi-10-2020-q4-major/arm-none-eabi/include/c++/10.2.1/bits/char_traits.h ****    *  defined in char_traits, can specialize __gnu_cxx::_Char_types
  63:/usr/bin/gcc-arm-none-eabi-10-2020-q4-major/arm-none-eabi/include/c++/10.2.1/bits/char_traits.h ****    *  while leaving __gnu_cxx::char_traits alone. */
  64:/usr/bin/gcc-arm-none-eabi-10-2020-q4-major/arm-none-eabi/include/c++/10.2.1/bits/char_traits.h ****   template<typename _CharT>
  65:/usr/bin/gcc-arm-none-eabi-10-2020-q4-major/arm-none-eabi/include/c++/10.2.1/bits/char_traits.h ****     struct _Char_types
  66:/usr/bin/gcc-arm-none-eabi-10-2020-q4-major/arm-none-eabi/include/c++/10.2.1/bits/char_traits.h ****     {
  67:/usr/bin/gcc-arm-none-eabi-10-2020-q4-major/arm-none-eabi/include/c++/10.2.1/bits/char_traits.h ****       typedef unsigned long   int_type;
  68:/usr/bin/gcc-arm-none-eabi-10-2020-q4-major/arm-none-eabi/include/c++/10.2.1/bits/char_traits.h ****       typedef std::streampos  pos_type;
  69:/usr/bin/gcc-arm-none-eabi-10-2020-q4-major/arm-none-eabi/include/c++/10.2.1/bits/char_traits.h ****       typedef std::streamoff  off_type;
  70:/usr/bin/gcc-arm-none-eabi-10-2020-q4-major/arm-none-eabi/include/c++/10.2.1/bits/char_traits.h ****       typedef std::mbstate_t  state_type;
  71:/usr/bin/gcc-arm-none-eabi-10-2020-q4-major/arm-none-eabi/include/c++/10.2.1/bits/char_traits.h ****     };
  72:/usr/bin/gcc-arm-none-eabi-10-2020-q4-major/arm-none-eabi/include/c++/10.2.1/bits/char_traits.h **** 
  73:/usr/bin/gcc-arm-none-eabi-10-2020-q4-major/arm-none-eabi/include/c++/10.2.1/bits/char_traits.h **** 
  74:/usr/bin/gcc-arm-none-eabi-10-2020-q4-major/arm-none-eabi/include/c++/10.2.1/bits/char_traits.h ****   /**
  75:/usr/bin/gcc-arm-none-eabi-10-2020-q4-major/arm-none-eabi/include/c++/10.2.1/bits/char_traits.h ****    *  @brief  Base class used to implement std::char_traits.
  76:/usr/bin/gcc-arm-none-eabi-10-2020-q4-major/arm-none-eabi/include/c++/10.2.1/bits/char_traits.h ****    *
  77:/usr/bin/gcc-arm-none-eabi-10-2020-q4-major/arm-none-eabi/include/c++/10.2.1/bits/char_traits.h ****    *  @note For any given actual character type, this definition is
  78:/usr/bin/gcc-arm-none-eabi-10-2020-q4-major/arm-none-eabi/include/c++/10.2.1/bits/char_traits.h ****    *  probably wrong.  (Most of the member functions are likely to be
  79:/usr/bin/gcc-arm-none-eabi-10-2020-q4-major/arm-none-eabi/include/c++/10.2.1/bits/char_traits.h ****    *  right, but the int_type and state_type typedefs, and the eof()
  80:/usr/bin/gcc-arm-none-eabi-10-2020-q4-major/arm-none-eabi/include/c++/10.2.1/bits/char_traits.h ****    *  member function, are likely to be wrong.)  The reason this class
  81:/usr/bin/gcc-arm-none-eabi-10-2020-q4-major/arm-none-eabi/include/c++/10.2.1/bits/char_traits.h ****    *  exists is so users can specialize it.  Classes in namespace std
  82:/usr/bin/gcc-arm-none-eabi-10-2020-q4-major/arm-none-eabi/include/c++/10.2.1/bits/char_traits.h ****    *  may not be specialized for fundamental types, but classes in
  83:/usr/bin/gcc-arm-none-eabi-10-2020-q4-major/arm-none-eabi/include/c++/10.2.1/bits/char_traits.h ****    *  namespace __gnu_cxx may be.
  84:/usr/bin/gcc-arm-none-eabi-10-2020-q4-major/arm-none-eabi/include/c++/10.2.1/bits/char_traits.h ****    *
  85:/usr/bin/gcc-arm-none-eabi-10-2020-q4-major/arm-none-eabi/include/c++/10.2.1/bits/char_traits.h ****    *  See https://gcc.gnu.org/onlinedocs/libstdc++/manual/strings.html#strings.string.character_typ
  86:/usr/bin/gcc-arm-none-eabi-10-2020-q4-major/arm-none-eabi/include/c++/10.2.1/bits/char_traits.h ****    *  for advice on how to make use of this class for @a unusual character
  87:/usr/bin/gcc-arm-none-eabi-10-2020-q4-major/arm-none-eabi/include/c++/10.2.1/bits/char_traits.h ****    *  types. Also, check out include/ext/pod_char_traits.h.  
  88:/usr/bin/gcc-arm-none-eabi-10-2020-q4-major/arm-none-eabi/include/c++/10.2.1/bits/char_traits.h ****    */
  89:/usr/bin/gcc-arm-none-eabi-10-2020-q4-major/arm-none-eabi/include/c++/10.2.1/bits/char_traits.h ****   template<typename _CharT>
  90:/usr/bin/gcc-arm-none-eabi-10-2020-q4-major/arm-none-eabi/include/c++/10.2.1/bits/char_traits.h ****     struct char_traits
  91:/usr/bin/gcc-arm-none-eabi-10-2020-q4-major/arm-none-eabi/include/c++/10.2.1/bits/char_traits.h ****     {
  92:/usr/bin/gcc-arm-none-eabi-10-2020-q4-major/arm-none-eabi/include/c++/10.2.1/bits/char_traits.h ****       typedef _CharT                                    char_type;
ARM GAS  /tmp/ccM1IMph.s 			page 218


  93:/usr/bin/gcc-arm-none-eabi-10-2020-q4-major/arm-none-eabi/include/c++/10.2.1/bits/char_traits.h ****       typedef typename _Char_types<_CharT>::int_type    int_type;
  94:/usr/bin/gcc-arm-none-eabi-10-2020-q4-major/arm-none-eabi/include/c++/10.2.1/bits/char_traits.h ****       typedef typename _Char_types<_CharT>::pos_type    pos_type;
  95:/usr/bin/gcc-arm-none-eabi-10-2020-q4-major/arm-none-eabi/include/c++/10.2.1/bits/char_traits.h ****       typedef typename _Char_types<_CharT>::off_type    off_type;
  96:/usr/bin/gcc-arm-none-eabi-10-2020-q4-major/arm-none-eabi/include/c++/10.2.1/bits/char_traits.h ****       typedef typename _Char_types<_CharT>::state_type  state_type;
  97:/usr/bin/gcc-arm-none-eabi-10-2020-q4-major/arm-none-eabi/include/c++/10.2.1/bits/char_traits.h **** #if __cpp_lib_three_way_comparison
  98:/usr/bin/gcc-arm-none-eabi-10-2020-q4-major/arm-none-eabi/include/c++/10.2.1/bits/char_traits.h ****       using comparison_category = std::strong_ordering;
  99:/usr/bin/gcc-arm-none-eabi-10-2020-q4-major/arm-none-eabi/include/c++/10.2.1/bits/char_traits.h **** #endif
 100:/usr/bin/gcc-arm-none-eabi-10-2020-q4-major/arm-none-eabi/include/c++/10.2.1/bits/char_traits.h **** 
 101:/usr/bin/gcc-arm-none-eabi-10-2020-q4-major/arm-none-eabi/include/c++/10.2.1/bits/char_traits.h ****       static _GLIBCXX14_CONSTEXPR void
 102:/usr/bin/gcc-arm-none-eabi-10-2020-q4-major/arm-none-eabi/include/c++/10.2.1/bits/char_traits.h ****       assign(char_type& __c1, const char_type& __c2)
 103:/usr/bin/gcc-arm-none-eabi-10-2020-q4-major/arm-none-eabi/include/c++/10.2.1/bits/char_traits.h ****       { __c1 = __c2; }
 104:/usr/bin/gcc-arm-none-eabi-10-2020-q4-major/arm-none-eabi/include/c++/10.2.1/bits/char_traits.h **** 
 105:/usr/bin/gcc-arm-none-eabi-10-2020-q4-major/arm-none-eabi/include/c++/10.2.1/bits/char_traits.h ****       static _GLIBCXX_CONSTEXPR bool
 106:/usr/bin/gcc-arm-none-eabi-10-2020-q4-major/arm-none-eabi/include/c++/10.2.1/bits/char_traits.h ****       eq(const char_type& __c1, const char_type& __c2)
 107:/usr/bin/gcc-arm-none-eabi-10-2020-q4-major/arm-none-eabi/include/c++/10.2.1/bits/char_traits.h ****       { return __c1 == __c2; }
 108:/usr/bin/gcc-arm-none-eabi-10-2020-q4-major/arm-none-eabi/include/c++/10.2.1/bits/char_traits.h **** 
 109:/usr/bin/gcc-arm-none-eabi-10-2020-q4-major/arm-none-eabi/include/c++/10.2.1/bits/char_traits.h ****       static _GLIBCXX_CONSTEXPR bool
 110:/usr/bin/gcc-arm-none-eabi-10-2020-q4-major/arm-none-eabi/include/c++/10.2.1/bits/char_traits.h ****       lt(const char_type& __c1, const char_type& __c2)
 111:/usr/bin/gcc-arm-none-eabi-10-2020-q4-major/arm-none-eabi/include/c++/10.2.1/bits/char_traits.h ****       { return __c1 < __c2; }
 112:/usr/bin/gcc-arm-none-eabi-10-2020-q4-major/arm-none-eabi/include/c++/10.2.1/bits/char_traits.h **** 
 113:/usr/bin/gcc-arm-none-eabi-10-2020-q4-major/arm-none-eabi/include/c++/10.2.1/bits/char_traits.h ****       static _GLIBCXX14_CONSTEXPR int
 114:/usr/bin/gcc-arm-none-eabi-10-2020-q4-major/arm-none-eabi/include/c++/10.2.1/bits/char_traits.h ****       compare(const char_type* __s1, const char_type* __s2, std::size_t __n);
 115:/usr/bin/gcc-arm-none-eabi-10-2020-q4-major/arm-none-eabi/include/c++/10.2.1/bits/char_traits.h **** 
 116:/usr/bin/gcc-arm-none-eabi-10-2020-q4-major/arm-none-eabi/include/c++/10.2.1/bits/char_traits.h ****       static _GLIBCXX14_CONSTEXPR std::size_t
 117:/usr/bin/gcc-arm-none-eabi-10-2020-q4-major/arm-none-eabi/include/c++/10.2.1/bits/char_traits.h ****       length(const char_type* __s);
 118:/usr/bin/gcc-arm-none-eabi-10-2020-q4-major/arm-none-eabi/include/c++/10.2.1/bits/char_traits.h **** 
 119:/usr/bin/gcc-arm-none-eabi-10-2020-q4-major/arm-none-eabi/include/c++/10.2.1/bits/char_traits.h ****       static _GLIBCXX14_CONSTEXPR const char_type*
 120:/usr/bin/gcc-arm-none-eabi-10-2020-q4-major/arm-none-eabi/include/c++/10.2.1/bits/char_traits.h ****       find(const char_type* __s, std::size_t __n, const char_type& __a);
 121:/usr/bin/gcc-arm-none-eabi-10-2020-q4-major/arm-none-eabi/include/c++/10.2.1/bits/char_traits.h **** 
 122:/usr/bin/gcc-arm-none-eabi-10-2020-q4-major/arm-none-eabi/include/c++/10.2.1/bits/char_traits.h ****       static _GLIBCXX20_CONSTEXPR char_type*
 123:/usr/bin/gcc-arm-none-eabi-10-2020-q4-major/arm-none-eabi/include/c++/10.2.1/bits/char_traits.h ****       move(char_type* __s1, const char_type* __s2, std::size_t __n);
 124:/usr/bin/gcc-arm-none-eabi-10-2020-q4-major/arm-none-eabi/include/c++/10.2.1/bits/char_traits.h **** 
 125:/usr/bin/gcc-arm-none-eabi-10-2020-q4-major/arm-none-eabi/include/c++/10.2.1/bits/char_traits.h ****       static _GLIBCXX20_CONSTEXPR char_type*
 126:/usr/bin/gcc-arm-none-eabi-10-2020-q4-major/arm-none-eabi/include/c++/10.2.1/bits/char_traits.h ****       copy(char_type* __s1, const char_type* __s2, std::size_t __n);
 127:/usr/bin/gcc-arm-none-eabi-10-2020-q4-major/arm-none-eabi/include/c++/10.2.1/bits/char_traits.h **** 
 128:/usr/bin/gcc-arm-none-eabi-10-2020-q4-major/arm-none-eabi/include/c++/10.2.1/bits/char_traits.h ****       static _GLIBCXX20_CONSTEXPR char_type*
 129:/usr/bin/gcc-arm-none-eabi-10-2020-q4-major/arm-none-eabi/include/c++/10.2.1/bits/char_traits.h ****       assign(char_type* __s, std::size_t __n, char_type __a);
 130:/usr/bin/gcc-arm-none-eabi-10-2020-q4-major/arm-none-eabi/include/c++/10.2.1/bits/char_traits.h **** 
 131:/usr/bin/gcc-arm-none-eabi-10-2020-q4-major/arm-none-eabi/include/c++/10.2.1/bits/char_traits.h ****       static _GLIBCXX_CONSTEXPR char_type
 132:/usr/bin/gcc-arm-none-eabi-10-2020-q4-major/arm-none-eabi/include/c++/10.2.1/bits/char_traits.h ****       to_char_type(const int_type& __c)
 133:/usr/bin/gcc-arm-none-eabi-10-2020-q4-major/arm-none-eabi/include/c++/10.2.1/bits/char_traits.h ****       { return static_cast<char_type>(__c); }
 134:/usr/bin/gcc-arm-none-eabi-10-2020-q4-major/arm-none-eabi/include/c++/10.2.1/bits/char_traits.h **** 
 135:/usr/bin/gcc-arm-none-eabi-10-2020-q4-major/arm-none-eabi/include/c++/10.2.1/bits/char_traits.h ****       static _GLIBCXX_CONSTEXPR int_type
 136:/usr/bin/gcc-arm-none-eabi-10-2020-q4-major/arm-none-eabi/include/c++/10.2.1/bits/char_traits.h ****       to_int_type(const char_type& __c)
 137:/usr/bin/gcc-arm-none-eabi-10-2020-q4-major/arm-none-eabi/include/c++/10.2.1/bits/char_traits.h ****       { return static_cast<int_type>(__c); }
 138:/usr/bin/gcc-arm-none-eabi-10-2020-q4-major/arm-none-eabi/include/c++/10.2.1/bits/char_traits.h **** 
 139:/usr/bin/gcc-arm-none-eabi-10-2020-q4-major/arm-none-eabi/include/c++/10.2.1/bits/char_traits.h ****       static _GLIBCXX_CONSTEXPR bool
 140:/usr/bin/gcc-arm-none-eabi-10-2020-q4-major/arm-none-eabi/include/c++/10.2.1/bits/char_traits.h ****       eq_int_type(const int_type& __c1, const int_type& __c2)
 141:/usr/bin/gcc-arm-none-eabi-10-2020-q4-major/arm-none-eabi/include/c++/10.2.1/bits/char_traits.h ****       { return __c1 == __c2; }
 142:/usr/bin/gcc-arm-none-eabi-10-2020-q4-major/arm-none-eabi/include/c++/10.2.1/bits/char_traits.h **** 
 143:/usr/bin/gcc-arm-none-eabi-10-2020-q4-major/arm-none-eabi/include/c++/10.2.1/bits/char_traits.h ****       static _GLIBCXX_CONSTEXPR int_type
 144:/usr/bin/gcc-arm-none-eabi-10-2020-q4-major/arm-none-eabi/include/c++/10.2.1/bits/char_traits.h ****       eof()
 145:/usr/bin/gcc-arm-none-eabi-10-2020-q4-major/arm-none-eabi/include/c++/10.2.1/bits/char_traits.h ****       { return static_cast<int_type>(_GLIBCXX_STDIO_EOF); }
 146:/usr/bin/gcc-arm-none-eabi-10-2020-q4-major/arm-none-eabi/include/c++/10.2.1/bits/char_traits.h **** 
 147:/usr/bin/gcc-arm-none-eabi-10-2020-q4-major/arm-none-eabi/include/c++/10.2.1/bits/char_traits.h ****       static _GLIBCXX_CONSTEXPR int_type
 148:/usr/bin/gcc-arm-none-eabi-10-2020-q4-major/arm-none-eabi/include/c++/10.2.1/bits/char_traits.h ****       not_eof(const int_type& __c)
 149:/usr/bin/gcc-arm-none-eabi-10-2020-q4-major/arm-none-eabi/include/c++/10.2.1/bits/char_traits.h ****       { return !eq_int_type(__c, eof()) ? __c : to_int_type(char_type()); }
ARM GAS  /tmp/ccM1IMph.s 			page 219


 150:/usr/bin/gcc-arm-none-eabi-10-2020-q4-major/arm-none-eabi/include/c++/10.2.1/bits/char_traits.h ****     };
 151:/usr/bin/gcc-arm-none-eabi-10-2020-q4-major/arm-none-eabi/include/c++/10.2.1/bits/char_traits.h **** 
 152:/usr/bin/gcc-arm-none-eabi-10-2020-q4-major/arm-none-eabi/include/c++/10.2.1/bits/char_traits.h ****   template<typename _CharT>
 153:/usr/bin/gcc-arm-none-eabi-10-2020-q4-major/arm-none-eabi/include/c++/10.2.1/bits/char_traits.h ****     _GLIBCXX14_CONSTEXPR int
 154:/usr/bin/gcc-arm-none-eabi-10-2020-q4-major/arm-none-eabi/include/c++/10.2.1/bits/char_traits.h ****     char_traits<_CharT>::
 155:/usr/bin/gcc-arm-none-eabi-10-2020-q4-major/arm-none-eabi/include/c++/10.2.1/bits/char_traits.h ****     compare(const char_type* __s1, const char_type* __s2, std::size_t __n)
 156:/usr/bin/gcc-arm-none-eabi-10-2020-q4-major/arm-none-eabi/include/c++/10.2.1/bits/char_traits.h ****     {
 157:/usr/bin/gcc-arm-none-eabi-10-2020-q4-major/arm-none-eabi/include/c++/10.2.1/bits/char_traits.h ****       for (std::size_t __i = 0; __i < __n; ++__i)
 158:/usr/bin/gcc-arm-none-eabi-10-2020-q4-major/arm-none-eabi/include/c++/10.2.1/bits/char_traits.h **** 	if (lt(__s1[__i], __s2[__i]))
 159:/usr/bin/gcc-arm-none-eabi-10-2020-q4-major/arm-none-eabi/include/c++/10.2.1/bits/char_traits.h **** 	  return -1;
 160:/usr/bin/gcc-arm-none-eabi-10-2020-q4-major/arm-none-eabi/include/c++/10.2.1/bits/char_traits.h **** 	else if (lt(__s2[__i], __s1[__i]))
 161:/usr/bin/gcc-arm-none-eabi-10-2020-q4-major/arm-none-eabi/include/c++/10.2.1/bits/char_traits.h **** 	  return 1;
 162:/usr/bin/gcc-arm-none-eabi-10-2020-q4-major/arm-none-eabi/include/c++/10.2.1/bits/char_traits.h ****       return 0;
 163:/usr/bin/gcc-arm-none-eabi-10-2020-q4-major/arm-none-eabi/include/c++/10.2.1/bits/char_traits.h ****     }
 164:/usr/bin/gcc-arm-none-eabi-10-2020-q4-major/arm-none-eabi/include/c++/10.2.1/bits/char_traits.h **** 
 165:/usr/bin/gcc-arm-none-eabi-10-2020-q4-major/arm-none-eabi/include/c++/10.2.1/bits/char_traits.h ****   template<typename _CharT>
 166:/usr/bin/gcc-arm-none-eabi-10-2020-q4-major/arm-none-eabi/include/c++/10.2.1/bits/char_traits.h ****     _GLIBCXX14_CONSTEXPR std::size_t
 167:/usr/bin/gcc-arm-none-eabi-10-2020-q4-major/arm-none-eabi/include/c++/10.2.1/bits/char_traits.h ****     char_traits<_CharT>::
 168:/usr/bin/gcc-arm-none-eabi-10-2020-q4-major/arm-none-eabi/include/c++/10.2.1/bits/char_traits.h ****     length(const char_type* __p)
 169:/usr/bin/gcc-arm-none-eabi-10-2020-q4-major/arm-none-eabi/include/c++/10.2.1/bits/char_traits.h ****     {
 170:/usr/bin/gcc-arm-none-eabi-10-2020-q4-major/arm-none-eabi/include/c++/10.2.1/bits/char_traits.h ****       std::size_t __i = 0;
 171:/usr/bin/gcc-arm-none-eabi-10-2020-q4-major/arm-none-eabi/include/c++/10.2.1/bits/char_traits.h ****       while (!eq(__p[__i], char_type()))
 172:/usr/bin/gcc-arm-none-eabi-10-2020-q4-major/arm-none-eabi/include/c++/10.2.1/bits/char_traits.h ****         ++__i;
 173:/usr/bin/gcc-arm-none-eabi-10-2020-q4-major/arm-none-eabi/include/c++/10.2.1/bits/char_traits.h ****       return __i;
 174:/usr/bin/gcc-arm-none-eabi-10-2020-q4-major/arm-none-eabi/include/c++/10.2.1/bits/char_traits.h ****     }
 175:/usr/bin/gcc-arm-none-eabi-10-2020-q4-major/arm-none-eabi/include/c++/10.2.1/bits/char_traits.h **** 
 176:/usr/bin/gcc-arm-none-eabi-10-2020-q4-major/arm-none-eabi/include/c++/10.2.1/bits/char_traits.h ****   template<typename _CharT>
 177:/usr/bin/gcc-arm-none-eabi-10-2020-q4-major/arm-none-eabi/include/c++/10.2.1/bits/char_traits.h ****     _GLIBCXX14_CONSTEXPR const typename char_traits<_CharT>::char_type*
 178:/usr/bin/gcc-arm-none-eabi-10-2020-q4-major/arm-none-eabi/include/c++/10.2.1/bits/char_traits.h ****     char_traits<_CharT>::
 179:/usr/bin/gcc-arm-none-eabi-10-2020-q4-major/arm-none-eabi/include/c++/10.2.1/bits/char_traits.h ****     find(const char_type* __s, std::size_t __n, const char_type& __a)
 180:/usr/bin/gcc-arm-none-eabi-10-2020-q4-major/arm-none-eabi/include/c++/10.2.1/bits/char_traits.h ****     {
 181:/usr/bin/gcc-arm-none-eabi-10-2020-q4-major/arm-none-eabi/include/c++/10.2.1/bits/char_traits.h ****       for (std::size_t __i = 0; __i < __n; ++__i)
 182:/usr/bin/gcc-arm-none-eabi-10-2020-q4-major/arm-none-eabi/include/c++/10.2.1/bits/char_traits.h ****         if (eq(__s[__i], __a))
 183:/usr/bin/gcc-arm-none-eabi-10-2020-q4-major/arm-none-eabi/include/c++/10.2.1/bits/char_traits.h ****           return __s + __i;
 184:/usr/bin/gcc-arm-none-eabi-10-2020-q4-major/arm-none-eabi/include/c++/10.2.1/bits/char_traits.h ****       return 0;
 185:/usr/bin/gcc-arm-none-eabi-10-2020-q4-major/arm-none-eabi/include/c++/10.2.1/bits/char_traits.h ****     }
 186:/usr/bin/gcc-arm-none-eabi-10-2020-q4-major/arm-none-eabi/include/c++/10.2.1/bits/char_traits.h **** 
 187:/usr/bin/gcc-arm-none-eabi-10-2020-q4-major/arm-none-eabi/include/c++/10.2.1/bits/char_traits.h ****   template<typename _CharT>
 188:/usr/bin/gcc-arm-none-eabi-10-2020-q4-major/arm-none-eabi/include/c++/10.2.1/bits/char_traits.h ****     _GLIBCXX20_CONSTEXPR
 189:/usr/bin/gcc-arm-none-eabi-10-2020-q4-major/arm-none-eabi/include/c++/10.2.1/bits/char_traits.h ****     typename char_traits<_CharT>::char_type*
 190:/usr/bin/gcc-arm-none-eabi-10-2020-q4-major/arm-none-eabi/include/c++/10.2.1/bits/char_traits.h ****     char_traits<_CharT>::
 191:/usr/bin/gcc-arm-none-eabi-10-2020-q4-major/arm-none-eabi/include/c++/10.2.1/bits/char_traits.h ****     move(char_type* __s1, const char_type* __s2, std::size_t __n)
 192:/usr/bin/gcc-arm-none-eabi-10-2020-q4-major/arm-none-eabi/include/c++/10.2.1/bits/char_traits.h ****     {
 193:/usr/bin/gcc-arm-none-eabi-10-2020-q4-major/arm-none-eabi/include/c++/10.2.1/bits/char_traits.h ****       if (__n == 0)
 194:/usr/bin/gcc-arm-none-eabi-10-2020-q4-major/arm-none-eabi/include/c++/10.2.1/bits/char_traits.h **** 	return __s1;
 195:/usr/bin/gcc-arm-none-eabi-10-2020-q4-major/arm-none-eabi/include/c++/10.2.1/bits/char_traits.h **** #ifdef __cpp_lib_is_constant_evaluated
 196:/usr/bin/gcc-arm-none-eabi-10-2020-q4-major/arm-none-eabi/include/c++/10.2.1/bits/char_traits.h ****       if (std::is_constant_evaluated())
 197:/usr/bin/gcc-arm-none-eabi-10-2020-q4-major/arm-none-eabi/include/c++/10.2.1/bits/char_traits.h **** 	{
 198:/usr/bin/gcc-arm-none-eabi-10-2020-q4-major/arm-none-eabi/include/c++/10.2.1/bits/char_traits.h **** 	  if (__s1 > __s2 && __s1 < __s2 + __n)
 199:/usr/bin/gcc-arm-none-eabi-10-2020-q4-major/arm-none-eabi/include/c++/10.2.1/bits/char_traits.h **** 	    std::copy_backward(__s2, __s2 + __n, __s1);
 200:/usr/bin/gcc-arm-none-eabi-10-2020-q4-major/arm-none-eabi/include/c++/10.2.1/bits/char_traits.h **** 	  else
 201:/usr/bin/gcc-arm-none-eabi-10-2020-q4-major/arm-none-eabi/include/c++/10.2.1/bits/char_traits.h **** 	    std::copy(__s2, __s2 + __n, __s1);
 202:/usr/bin/gcc-arm-none-eabi-10-2020-q4-major/arm-none-eabi/include/c++/10.2.1/bits/char_traits.h **** 	  return __s1;
 203:/usr/bin/gcc-arm-none-eabi-10-2020-q4-major/arm-none-eabi/include/c++/10.2.1/bits/char_traits.h **** 	}
 204:/usr/bin/gcc-arm-none-eabi-10-2020-q4-major/arm-none-eabi/include/c++/10.2.1/bits/char_traits.h **** #endif
 205:/usr/bin/gcc-arm-none-eabi-10-2020-q4-major/arm-none-eabi/include/c++/10.2.1/bits/char_traits.h ****       return static_cast<_CharT*>(__builtin_memmove(__s1, __s2,
 206:/usr/bin/gcc-arm-none-eabi-10-2020-q4-major/arm-none-eabi/include/c++/10.2.1/bits/char_traits.h **** 						    __n * sizeof(char_type)));
ARM GAS  /tmp/ccM1IMph.s 			page 220


 207:/usr/bin/gcc-arm-none-eabi-10-2020-q4-major/arm-none-eabi/include/c++/10.2.1/bits/char_traits.h ****     }
 208:/usr/bin/gcc-arm-none-eabi-10-2020-q4-major/arm-none-eabi/include/c++/10.2.1/bits/char_traits.h **** 
 209:/usr/bin/gcc-arm-none-eabi-10-2020-q4-major/arm-none-eabi/include/c++/10.2.1/bits/char_traits.h ****   template<typename _CharT>
 210:/usr/bin/gcc-arm-none-eabi-10-2020-q4-major/arm-none-eabi/include/c++/10.2.1/bits/char_traits.h ****     _GLIBCXX20_CONSTEXPR
 211:/usr/bin/gcc-arm-none-eabi-10-2020-q4-major/arm-none-eabi/include/c++/10.2.1/bits/char_traits.h ****     typename char_traits<_CharT>::char_type*
 212:/usr/bin/gcc-arm-none-eabi-10-2020-q4-major/arm-none-eabi/include/c++/10.2.1/bits/char_traits.h ****     char_traits<_CharT>::
 213:/usr/bin/gcc-arm-none-eabi-10-2020-q4-major/arm-none-eabi/include/c++/10.2.1/bits/char_traits.h ****     copy(char_type* __s1, const char_type* __s2, std::size_t __n)
 214:/usr/bin/gcc-arm-none-eabi-10-2020-q4-major/arm-none-eabi/include/c++/10.2.1/bits/char_traits.h ****     {
 215:/usr/bin/gcc-arm-none-eabi-10-2020-q4-major/arm-none-eabi/include/c++/10.2.1/bits/char_traits.h ****       // NB: Inline std::copy so no recursive dependencies.
 216:/usr/bin/gcc-arm-none-eabi-10-2020-q4-major/arm-none-eabi/include/c++/10.2.1/bits/char_traits.h ****       std::copy(__s2, __s2 + __n, __s1);
 217:/usr/bin/gcc-arm-none-eabi-10-2020-q4-major/arm-none-eabi/include/c++/10.2.1/bits/char_traits.h ****       return __s1;
 218:/usr/bin/gcc-arm-none-eabi-10-2020-q4-major/arm-none-eabi/include/c++/10.2.1/bits/char_traits.h ****     }
 219:/usr/bin/gcc-arm-none-eabi-10-2020-q4-major/arm-none-eabi/include/c++/10.2.1/bits/char_traits.h **** 
 220:/usr/bin/gcc-arm-none-eabi-10-2020-q4-major/arm-none-eabi/include/c++/10.2.1/bits/char_traits.h ****   template<typename _CharT>
 221:/usr/bin/gcc-arm-none-eabi-10-2020-q4-major/arm-none-eabi/include/c++/10.2.1/bits/char_traits.h ****     _GLIBCXX20_CONSTEXPR
 222:/usr/bin/gcc-arm-none-eabi-10-2020-q4-major/arm-none-eabi/include/c++/10.2.1/bits/char_traits.h ****     typename char_traits<_CharT>::char_type*
 223:/usr/bin/gcc-arm-none-eabi-10-2020-q4-major/arm-none-eabi/include/c++/10.2.1/bits/char_traits.h ****     char_traits<_CharT>::
 224:/usr/bin/gcc-arm-none-eabi-10-2020-q4-major/arm-none-eabi/include/c++/10.2.1/bits/char_traits.h ****     assign(char_type* __s, std::size_t __n, char_type __a)
 225:/usr/bin/gcc-arm-none-eabi-10-2020-q4-major/arm-none-eabi/include/c++/10.2.1/bits/char_traits.h ****     {
 226:/usr/bin/gcc-arm-none-eabi-10-2020-q4-major/arm-none-eabi/include/c++/10.2.1/bits/char_traits.h ****       // NB: Inline std::fill_n so no recursive dependencies.
 227:/usr/bin/gcc-arm-none-eabi-10-2020-q4-major/arm-none-eabi/include/c++/10.2.1/bits/char_traits.h ****       std::fill_n(__s, __n, __a);
 228:/usr/bin/gcc-arm-none-eabi-10-2020-q4-major/arm-none-eabi/include/c++/10.2.1/bits/char_traits.h ****       return __s;
 229:/usr/bin/gcc-arm-none-eabi-10-2020-q4-major/arm-none-eabi/include/c++/10.2.1/bits/char_traits.h ****     }
 230:/usr/bin/gcc-arm-none-eabi-10-2020-q4-major/arm-none-eabi/include/c++/10.2.1/bits/char_traits.h **** 
 231:/usr/bin/gcc-arm-none-eabi-10-2020-q4-major/arm-none-eabi/include/c++/10.2.1/bits/char_traits.h **** _GLIBCXX_END_NAMESPACE_VERSION
 232:/usr/bin/gcc-arm-none-eabi-10-2020-q4-major/arm-none-eabi/include/c++/10.2.1/bits/char_traits.h **** } // namespace
 233:/usr/bin/gcc-arm-none-eabi-10-2020-q4-major/arm-none-eabi/include/c++/10.2.1/bits/char_traits.h **** 
 234:/usr/bin/gcc-arm-none-eabi-10-2020-q4-major/arm-none-eabi/include/c++/10.2.1/bits/char_traits.h **** namespace std _GLIBCXX_VISIBILITY(default)
 235:/usr/bin/gcc-arm-none-eabi-10-2020-q4-major/arm-none-eabi/include/c++/10.2.1/bits/char_traits.h **** {
 236:/usr/bin/gcc-arm-none-eabi-10-2020-q4-major/arm-none-eabi/include/c++/10.2.1/bits/char_traits.h **** _GLIBCXX_BEGIN_NAMESPACE_VERSION
 237:/usr/bin/gcc-arm-none-eabi-10-2020-q4-major/arm-none-eabi/include/c++/10.2.1/bits/char_traits.h **** 
 238:/usr/bin/gcc-arm-none-eabi-10-2020-q4-major/arm-none-eabi/include/c++/10.2.1/bits/char_traits.h **** #if __cplusplus >= 201703L
 239:/usr/bin/gcc-arm-none-eabi-10-2020-q4-major/arm-none-eabi/include/c++/10.2.1/bits/char_traits.h **** #define __cpp_lib_constexpr_char_traits 201611
 240:/usr/bin/gcc-arm-none-eabi-10-2020-q4-major/arm-none-eabi/include/c++/10.2.1/bits/char_traits.h **** 
 241:/usr/bin/gcc-arm-none-eabi-10-2020-q4-major/arm-none-eabi/include/c++/10.2.1/bits/char_traits.h ****   /**
 242:/usr/bin/gcc-arm-none-eabi-10-2020-q4-major/arm-none-eabi/include/c++/10.2.1/bits/char_traits.h ****    *  @brief Determine whether the characters of a NULL-terminated
 243:/usr/bin/gcc-arm-none-eabi-10-2020-q4-major/arm-none-eabi/include/c++/10.2.1/bits/char_traits.h ****    *  string are known at compile time.
 244:/usr/bin/gcc-arm-none-eabi-10-2020-q4-major/arm-none-eabi/include/c++/10.2.1/bits/char_traits.h ****    *  @param  __s  The string.
 245:/usr/bin/gcc-arm-none-eabi-10-2020-q4-major/arm-none-eabi/include/c++/10.2.1/bits/char_traits.h ****    *
 246:/usr/bin/gcc-arm-none-eabi-10-2020-q4-major/arm-none-eabi/include/c++/10.2.1/bits/char_traits.h ****    *  Assumes that _CharT is a built-in character type.
 247:/usr/bin/gcc-arm-none-eabi-10-2020-q4-major/arm-none-eabi/include/c++/10.2.1/bits/char_traits.h ****    */
 248:/usr/bin/gcc-arm-none-eabi-10-2020-q4-major/arm-none-eabi/include/c++/10.2.1/bits/char_traits.h ****   template<typename _CharT>
 249:/usr/bin/gcc-arm-none-eabi-10-2020-q4-major/arm-none-eabi/include/c++/10.2.1/bits/char_traits.h ****     static _GLIBCXX_ALWAYS_INLINE constexpr bool
 250:/usr/bin/gcc-arm-none-eabi-10-2020-q4-major/arm-none-eabi/include/c++/10.2.1/bits/char_traits.h ****     __constant_string_p(const _CharT* __s)
 251:/usr/bin/gcc-arm-none-eabi-10-2020-q4-major/arm-none-eabi/include/c++/10.2.1/bits/char_traits.h ****     {
 252:/usr/bin/gcc-arm-none-eabi-10-2020-q4-major/arm-none-eabi/include/c++/10.2.1/bits/char_traits.h **** #ifdef _GLIBCXX_HAVE_BUILTIN_IS_CONSTANT_EVALUATED
 253:/usr/bin/gcc-arm-none-eabi-10-2020-q4-major/arm-none-eabi/include/c++/10.2.1/bits/char_traits.h ****       (void) __s;
 254:/usr/bin/gcc-arm-none-eabi-10-2020-q4-major/arm-none-eabi/include/c++/10.2.1/bits/char_traits.h ****       // In constexpr contexts all strings should be constant.
 255:/usr/bin/gcc-arm-none-eabi-10-2020-q4-major/arm-none-eabi/include/c++/10.2.1/bits/char_traits.h ****       return __builtin_is_constant_evaluated();
 256:/usr/bin/gcc-arm-none-eabi-10-2020-q4-major/arm-none-eabi/include/c++/10.2.1/bits/char_traits.h **** #else
 257:/usr/bin/gcc-arm-none-eabi-10-2020-q4-major/arm-none-eabi/include/c++/10.2.1/bits/char_traits.h ****       while (__builtin_constant_p(*__s) && *__s)
 258:/usr/bin/gcc-arm-none-eabi-10-2020-q4-major/arm-none-eabi/include/c++/10.2.1/bits/char_traits.h **** 	__s++;
 259:/usr/bin/gcc-arm-none-eabi-10-2020-q4-major/arm-none-eabi/include/c++/10.2.1/bits/char_traits.h ****       return __builtin_constant_p(*__s);
 260:/usr/bin/gcc-arm-none-eabi-10-2020-q4-major/arm-none-eabi/include/c++/10.2.1/bits/char_traits.h **** #endif
 261:/usr/bin/gcc-arm-none-eabi-10-2020-q4-major/arm-none-eabi/include/c++/10.2.1/bits/char_traits.h ****     }
 262:/usr/bin/gcc-arm-none-eabi-10-2020-q4-major/arm-none-eabi/include/c++/10.2.1/bits/char_traits.h **** 
 263:/usr/bin/gcc-arm-none-eabi-10-2020-q4-major/arm-none-eabi/include/c++/10.2.1/bits/char_traits.h ****   /**
ARM GAS  /tmp/ccM1IMph.s 			page 221


 264:/usr/bin/gcc-arm-none-eabi-10-2020-q4-major/arm-none-eabi/include/c++/10.2.1/bits/char_traits.h ****    *  @brief Determine whether the characters of a character array are
 265:/usr/bin/gcc-arm-none-eabi-10-2020-q4-major/arm-none-eabi/include/c++/10.2.1/bits/char_traits.h ****    *  known at compile time.
 266:/usr/bin/gcc-arm-none-eabi-10-2020-q4-major/arm-none-eabi/include/c++/10.2.1/bits/char_traits.h ****    *  @param  __a  The character array.
 267:/usr/bin/gcc-arm-none-eabi-10-2020-q4-major/arm-none-eabi/include/c++/10.2.1/bits/char_traits.h ****    *  @param  __n  Number of characters.
 268:/usr/bin/gcc-arm-none-eabi-10-2020-q4-major/arm-none-eabi/include/c++/10.2.1/bits/char_traits.h ****    *
 269:/usr/bin/gcc-arm-none-eabi-10-2020-q4-major/arm-none-eabi/include/c++/10.2.1/bits/char_traits.h ****    *  Assumes that _CharT is a built-in character type.
 270:/usr/bin/gcc-arm-none-eabi-10-2020-q4-major/arm-none-eabi/include/c++/10.2.1/bits/char_traits.h ****    */
 271:/usr/bin/gcc-arm-none-eabi-10-2020-q4-major/arm-none-eabi/include/c++/10.2.1/bits/char_traits.h ****   template<typename _CharT>
 272:/usr/bin/gcc-arm-none-eabi-10-2020-q4-major/arm-none-eabi/include/c++/10.2.1/bits/char_traits.h ****     static _GLIBCXX_ALWAYS_INLINE constexpr bool
 273:/usr/bin/gcc-arm-none-eabi-10-2020-q4-major/arm-none-eabi/include/c++/10.2.1/bits/char_traits.h ****     __constant_char_array_p(const _CharT* __a, size_t __n)
 274:/usr/bin/gcc-arm-none-eabi-10-2020-q4-major/arm-none-eabi/include/c++/10.2.1/bits/char_traits.h ****     {
 275:/usr/bin/gcc-arm-none-eabi-10-2020-q4-major/arm-none-eabi/include/c++/10.2.1/bits/char_traits.h **** #ifdef _GLIBCXX_HAVE_BUILTIN_IS_CONSTANT_EVALUATED
 276:/usr/bin/gcc-arm-none-eabi-10-2020-q4-major/arm-none-eabi/include/c++/10.2.1/bits/char_traits.h ****       (void) __a;
 277:/usr/bin/gcc-arm-none-eabi-10-2020-q4-major/arm-none-eabi/include/c++/10.2.1/bits/char_traits.h ****       (void) __n;
 278:/usr/bin/gcc-arm-none-eabi-10-2020-q4-major/arm-none-eabi/include/c++/10.2.1/bits/char_traits.h ****       // In constexpr contexts all character arrays should be constant.
 279:/usr/bin/gcc-arm-none-eabi-10-2020-q4-major/arm-none-eabi/include/c++/10.2.1/bits/char_traits.h ****       return __builtin_is_constant_evaluated();
 280:/usr/bin/gcc-arm-none-eabi-10-2020-q4-major/arm-none-eabi/include/c++/10.2.1/bits/char_traits.h **** #else
 281:/usr/bin/gcc-arm-none-eabi-10-2020-q4-major/arm-none-eabi/include/c++/10.2.1/bits/char_traits.h ****       size_t __i = 0;
 282:/usr/bin/gcc-arm-none-eabi-10-2020-q4-major/arm-none-eabi/include/c++/10.2.1/bits/char_traits.h ****       while (__i < __n && __builtin_constant_p(__a[__i]))
 283:/usr/bin/gcc-arm-none-eabi-10-2020-q4-major/arm-none-eabi/include/c++/10.2.1/bits/char_traits.h **** 	__i++;
 284:/usr/bin/gcc-arm-none-eabi-10-2020-q4-major/arm-none-eabi/include/c++/10.2.1/bits/char_traits.h ****       return __i == __n;
 285:/usr/bin/gcc-arm-none-eabi-10-2020-q4-major/arm-none-eabi/include/c++/10.2.1/bits/char_traits.h **** #endif
 286:/usr/bin/gcc-arm-none-eabi-10-2020-q4-major/arm-none-eabi/include/c++/10.2.1/bits/char_traits.h ****     }
 287:/usr/bin/gcc-arm-none-eabi-10-2020-q4-major/arm-none-eabi/include/c++/10.2.1/bits/char_traits.h **** #endif
 288:/usr/bin/gcc-arm-none-eabi-10-2020-q4-major/arm-none-eabi/include/c++/10.2.1/bits/char_traits.h **** 
 289:/usr/bin/gcc-arm-none-eabi-10-2020-q4-major/arm-none-eabi/include/c++/10.2.1/bits/char_traits.h ****   // 21.1
 290:/usr/bin/gcc-arm-none-eabi-10-2020-q4-major/arm-none-eabi/include/c++/10.2.1/bits/char_traits.h ****   /**
 291:/usr/bin/gcc-arm-none-eabi-10-2020-q4-major/arm-none-eabi/include/c++/10.2.1/bits/char_traits.h ****    *  @brief  Basis for explicit traits specializations.
 292:/usr/bin/gcc-arm-none-eabi-10-2020-q4-major/arm-none-eabi/include/c++/10.2.1/bits/char_traits.h ****    *
 293:/usr/bin/gcc-arm-none-eabi-10-2020-q4-major/arm-none-eabi/include/c++/10.2.1/bits/char_traits.h ****    *  @note  For any given actual character type, this definition is
 294:/usr/bin/gcc-arm-none-eabi-10-2020-q4-major/arm-none-eabi/include/c++/10.2.1/bits/char_traits.h ****    *  probably wrong.  Since this is just a thin wrapper around
 295:/usr/bin/gcc-arm-none-eabi-10-2020-q4-major/arm-none-eabi/include/c++/10.2.1/bits/char_traits.h ****    *  __gnu_cxx::char_traits, it is possible to achieve a more
 296:/usr/bin/gcc-arm-none-eabi-10-2020-q4-major/arm-none-eabi/include/c++/10.2.1/bits/char_traits.h ****    *  appropriate definition by specializing __gnu_cxx::char_traits.
 297:/usr/bin/gcc-arm-none-eabi-10-2020-q4-major/arm-none-eabi/include/c++/10.2.1/bits/char_traits.h ****    *
 298:/usr/bin/gcc-arm-none-eabi-10-2020-q4-major/arm-none-eabi/include/c++/10.2.1/bits/char_traits.h ****    *  See https://gcc.gnu.org/onlinedocs/libstdc++/manual/strings.html#strings.string.character_typ
 299:/usr/bin/gcc-arm-none-eabi-10-2020-q4-major/arm-none-eabi/include/c++/10.2.1/bits/char_traits.h ****    *  for advice on how to make use of this class for @a unusual character
 300:/usr/bin/gcc-arm-none-eabi-10-2020-q4-major/arm-none-eabi/include/c++/10.2.1/bits/char_traits.h ****    *  types. Also, check out include/ext/pod_char_traits.h.
 301:/usr/bin/gcc-arm-none-eabi-10-2020-q4-major/arm-none-eabi/include/c++/10.2.1/bits/char_traits.h ****   */
 302:/usr/bin/gcc-arm-none-eabi-10-2020-q4-major/arm-none-eabi/include/c++/10.2.1/bits/char_traits.h ****   template<class _CharT>
 303:/usr/bin/gcc-arm-none-eabi-10-2020-q4-major/arm-none-eabi/include/c++/10.2.1/bits/char_traits.h ****     struct char_traits : public __gnu_cxx::char_traits<_CharT>
 304:/usr/bin/gcc-arm-none-eabi-10-2020-q4-major/arm-none-eabi/include/c++/10.2.1/bits/char_traits.h ****     { };
 305:/usr/bin/gcc-arm-none-eabi-10-2020-q4-major/arm-none-eabi/include/c++/10.2.1/bits/char_traits.h **** 
 306:/usr/bin/gcc-arm-none-eabi-10-2020-q4-major/arm-none-eabi/include/c++/10.2.1/bits/char_traits.h **** 
 307:/usr/bin/gcc-arm-none-eabi-10-2020-q4-major/arm-none-eabi/include/c++/10.2.1/bits/char_traits.h ****   /// 21.1.3.1  char_traits specializations
 308:/usr/bin/gcc-arm-none-eabi-10-2020-q4-major/arm-none-eabi/include/c++/10.2.1/bits/char_traits.h ****   template<>
 309:/usr/bin/gcc-arm-none-eabi-10-2020-q4-major/arm-none-eabi/include/c++/10.2.1/bits/char_traits.h ****     struct char_traits<char>
 310:/usr/bin/gcc-arm-none-eabi-10-2020-q4-major/arm-none-eabi/include/c++/10.2.1/bits/char_traits.h ****     {
 311:/usr/bin/gcc-arm-none-eabi-10-2020-q4-major/arm-none-eabi/include/c++/10.2.1/bits/char_traits.h ****       typedef char              char_type;
 312:/usr/bin/gcc-arm-none-eabi-10-2020-q4-major/arm-none-eabi/include/c++/10.2.1/bits/char_traits.h ****       typedef int               int_type;
 313:/usr/bin/gcc-arm-none-eabi-10-2020-q4-major/arm-none-eabi/include/c++/10.2.1/bits/char_traits.h ****       typedef streampos         pos_type;
 314:/usr/bin/gcc-arm-none-eabi-10-2020-q4-major/arm-none-eabi/include/c++/10.2.1/bits/char_traits.h ****       typedef streamoff         off_type;
 315:/usr/bin/gcc-arm-none-eabi-10-2020-q4-major/arm-none-eabi/include/c++/10.2.1/bits/char_traits.h ****       typedef mbstate_t         state_type;
 316:/usr/bin/gcc-arm-none-eabi-10-2020-q4-major/arm-none-eabi/include/c++/10.2.1/bits/char_traits.h **** #if __cpp_lib_three_way_comparison
 317:/usr/bin/gcc-arm-none-eabi-10-2020-q4-major/arm-none-eabi/include/c++/10.2.1/bits/char_traits.h ****       using comparison_category = strong_ordering;
 318:/usr/bin/gcc-arm-none-eabi-10-2020-q4-major/arm-none-eabi/include/c++/10.2.1/bits/char_traits.h **** #endif
 319:/usr/bin/gcc-arm-none-eabi-10-2020-q4-major/arm-none-eabi/include/c++/10.2.1/bits/char_traits.h **** 
 320:/usr/bin/gcc-arm-none-eabi-10-2020-q4-major/arm-none-eabi/include/c++/10.2.1/bits/char_traits.h ****       static _GLIBCXX17_CONSTEXPR void
ARM GAS  /tmp/ccM1IMph.s 			page 222


 321:/usr/bin/gcc-arm-none-eabi-10-2020-q4-major/arm-none-eabi/include/c++/10.2.1/bits/char_traits.h ****       assign(char_type& __c1, const char_type& __c2) _GLIBCXX_NOEXCEPT
 322:/usr/bin/gcc-arm-none-eabi-10-2020-q4-major/arm-none-eabi/include/c++/10.2.1/bits/char_traits.h ****       { __c1 = __c2; }
 323:/usr/bin/gcc-arm-none-eabi-10-2020-q4-major/arm-none-eabi/include/c++/10.2.1/bits/char_traits.h **** 
 324:/usr/bin/gcc-arm-none-eabi-10-2020-q4-major/arm-none-eabi/include/c++/10.2.1/bits/char_traits.h ****       static _GLIBCXX_CONSTEXPR bool
 325:/usr/bin/gcc-arm-none-eabi-10-2020-q4-major/arm-none-eabi/include/c++/10.2.1/bits/char_traits.h ****       eq(const char_type& __c1, const char_type& __c2) _GLIBCXX_NOEXCEPT
 326:/usr/bin/gcc-arm-none-eabi-10-2020-q4-major/arm-none-eabi/include/c++/10.2.1/bits/char_traits.h ****       { return __c1 == __c2; }
 327:/usr/bin/gcc-arm-none-eabi-10-2020-q4-major/arm-none-eabi/include/c++/10.2.1/bits/char_traits.h **** 
 328:/usr/bin/gcc-arm-none-eabi-10-2020-q4-major/arm-none-eabi/include/c++/10.2.1/bits/char_traits.h ****       static _GLIBCXX_CONSTEXPR bool
 329:/usr/bin/gcc-arm-none-eabi-10-2020-q4-major/arm-none-eabi/include/c++/10.2.1/bits/char_traits.h ****       lt(const char_type& __c1, const char_type& __c2) _GLIBCXX_NOEXCEPT
 330:/usr/bin/gcc-arm-none-eabi-10-2020-q4-major/arm-none-eabi/include/c++/10.2.1/bits/char_traits.h ****       {
 331:/usr/bin/gcc-arm-none-eabi-10-2020-q4-major/arm-none-eabi/include/c++/10.2.1/bits/char_traits.h **** 	// LWG 467.
 332:/usr/bin/gcc-arm-none-eabi-10-2020-q4-major/arm-none-eabi/include/c++/10.2.1/bits/char_traits.h **** 	return (static_cast<unsigned char>(__c1)
 333:/usr/bin/gcc-arm-none-eabi-10-2020-q4-major/arm-none-eabi/include/c++/10.2.1/bits/char_traits.h **** 		< static_cast<unsigned char>(__c2));
 334:/usr/bin/gcc-arm-none-eabi-10-2020-q4-major/arm-none-eabi/include/c++/10.2.1/bits/char_traits.h ****       }
 335:/usr/bin/gcc-arm-none-eabi-10-2020-q4-major/arm-none-eabi/include/c++/10.2.1/bits/char_traits.h **** 
 336:/usr/bin/gcc-arm-none-eabi-10-2020-q4-major/arm-none-eabi/include/c++/10.2.1/bits/char_traits.h ****       static _GLIBCXX17_CONSTEXPR int
 337:/usr/bin/gcc-arm-none-eabi-10-2020-q4-major/arm-none-eabi/include/c++/10.2.1/bits/char_traits.h ****       compare(const char_type* __s1, const char_type* __s2, size_t __n)
 338:/usr/bin/gcc-arm-none-eabi-10-2020-q4-major/arm-none-eabi/include/c++/10.2.1/bits/char_traits.h ****       {
 339:/usr/bin/gcc-arm-none-eabi-10-2020-q4-major/arm-none-eabi/include/c++/10.2.1/bits/char_traits.h **** 	if (__n == 0)
 340:/usr/bin/gcc-arm-none-eabi-10-2020-q4-major/arm-none-eabi/include/c++/10.2.1/bits/char_traits.h **** 	  return 0;
 341:/usr/bin/gcc-arm-none-eabi-10-2020-q4-major/arm-none-eabi/include/c++/10.2.1/bits/char_traits.h **** #if __cplusplus >= 201703L
 342:/usr/bin/gcc-arm-none-eabi-10-2020-q4-major/arm-none-eabi/include/c++/10.2.1/bits/char_traits.h **** 	if (__builtin_constant_p(__n)
 343:/usr/bin/gcc-arm-none-eabi-10-2020-q4-major/arm-none-eabi/include/c++/10.2.1/bits/char_traits.h **** 	    && __constant_char_array_p(__s1, __n)
 344:/usr/bin/gcc-arm-none-eabi-10-2020-q4-major/arm-none-eabi/include/c++/10.2.1/bits/char_traits.h **** 	    && __constant_char_array_p(__s2, __n))
 345:/usr/bin/gcc-arm-none-eabi-10-2020-q4-major/arm-none-eabi/include/c++/10.2.1/bits/char_traits.h **** 	  return __gnu_cxx::char_traits<char_type>::compare(__s1, __s2, __n);
 346:/usr/bin/gcc-arm-none-eabi-10-2020-q4-major/arm-none-eabi/include/c++/10.2.1/bits/char_traits.h **** #endif
 347:/usr/bin/gcc-arm-none-eabi-10-2020-q4-major/arm-none-eabi/include/c++/10.2.1/bits/char_traits.h **** 	return __builtin_memcmp(__s1, __s2, __n);
 348:/usr/bin/gcc-arm-none-eabi-10-2020-q4-major/arm-none-eabi/include/c++/10.2.1/bits/char_traits.h ****       }
 349:/usr/bin/gcc-arm-none-eabi-10-2020-q4-major/arm-none-eabi/include/c++/10.2.1/bits/char_traits.h **** 
 350:/usr/bin/gcc-arm-none-eabi-10-2020-q4-major/arm-none-eabi/include/c++/10.2.1/bits/char_traits.h ****       static _GLIBCXX17_CONSTEXPR size_t
 351:/usr/bin/gcc-arm-none-eabi-10-2020-q4-major/arm-none-eabi/include/c++/10.2.1/bits/char_traits.h ****       length(const char_type* __s)
 6702              		.loc 26 351 7 is_stmt 1 view .LVU1575
 6703              	.LBE1877:
 6704              	.LBE1827:
 6705              	.LBE1826:
 6706              	.LBE1825:
 352:/usr/bin/gcc-arm-none-eabi-10-2020-q4-major/arm-none-eabi/include/c++/10.2.1/bits/char_traits.h ****       {
 353:/usr/bin/gcc-arm-none-eabi-10-2020-q4-major/arm-none-eabi/include/c++/10.2.1/bits/char_traits.h **** #if __cplusplus >= 201703L
 354:/usr/bin/gcc-arm-none-eabi-10-2020-q4-major/arm-none-eabi/include/c++/10.2.1/bits/char_traits.h **** 	if (__constant_string_p(__s))
 355:/usr/bin/gcc-arm-none-eabi-10-2020-q4-major/arm-none-eabi/include/c++/10.2.1/bits/char_traits.h **** 	  return __gnu_cxx::char_traits<char_type>::length(__s);
 356:/usr/bin/gcc-arm-none-eabi-10-2020-q4-major/arm-none-eabi/include/c++/10.2.1/bits/char_traits.h **** #endif
 357:/usr/bin/gcc-arm-none-eabi-10-2020-q4-major/arm-none-eabi/include/c++/10.2.1/bits/char_traits.h **** 	return __builtin_strlen(__s);
 6707              		.loc 26 357 2 view .LVU1576
 6708              	.LBB1884:
 6709              	.LBB1882:
 6710              	.LBB1880:
 6711              	.LBB1878:
 6712              	.LBI1838:
 263:/usr/bin/gcc-arm-none-eabi-10-2020-q4-major/arm-none-eabi/include/c++/10.2.1/bits/basic_string.h **** 	{
 6713              		.loc 24 263 9 view .LVU1577
 6714              	.LBB1872:
 6715              	.LBB1869:
 6716              	.LBI1840:
 243:/usr/bin/gcc-arm-none-eabi-10-2020-q4-major/arm-none-eabi/include/c++/10.2.1/bits/basic_string.h **** 			 std::__false_type)
 6717              		.loc 24 243 9 view .LVU1578
 6718              	.LBB1866:
 6719              	.LBB1863:
ARM GAS  /tmp/ccM1IMph.s 			page 223


 6720              	.LBI1842:
 206:/usr/bin/gcc-arm-none-eabi-10-2020-q4-major/arm-none-eabi/include/c++/10.2.1/bits/basic_string.tcc ****       _M_construct(_InIterator __beg, _InIterator __end,
 6721              		.loc 25 206 7 view .LVU1579
 6722              	.LBB1860:
 6723              		.loc 25 225 25 is_stmt 0 view .LVU1580
 6724 007c FFF7FEFF 		bl	_ZNSt7__cxx1112basic_stringIcSt11char_traitsIcESaIcEE13_S_copy_charsEPcPKcS7_
 6725              	.LVL501:
 6726              	.LBB1844:
 6727              	.LBI1844:
 214:/usr/bin/gcc-arm-none-eabi-10-2020-q4-major/arm-none-eabi/include/c++/10.2.1/bits/basic_string.h ****       {
 6728              		.loc 24 214 7 is_stmt 1 view .LVU1581
 6729              	.LBB1845:
 6730              	.LBI1845:
 182:/usr/bin/gcc-arm-none-eabi-10-2020-q4-major/arm-none-eabi/include/c++/10.2.1/bits/basic_string.h ****       { _M_string_length = __length; }
 6731              		.loc 24 182 7 view .LVU1582
 6732              	.LBB1846:
 183:/usr/bin/gcc-arm-none-eabi-10-2020-q4-major/arm-none-eabi/include/c++/10.2.1/bits/basic_string.h **** 
 6733              		.loc 24 183 26 is_stmt 0 view .LVU1583
 6734 0080 0423     		movs	r3, #4
 6735              	.LBE1846:
 6736              	.LBE1845:
 6737              	.LBB1848:
 6738              	.LBB1849:
 187:/usr/bin/gcc-arm-none-eabi-10-2020-q4-major/arm-none-eabi/include/c++/10.2.1/bits/basic_string.h **** 
 6739              		.loc 24 187 28 view .LVU1584
 6740 0082 2099     		ldr	r1, [sp, #128]
 6741              	.LBE1849:
 6742              	.LBE1848:
 6743              	.LBB1850:
 6744              	.LBB1851:
 322:/usr/bin/gcc-arm-none-eabi-10-2020-q4-major/arm-none-eabi/include/c++/10.2.1/bits/char_traits.h **** 
 6745              		.loc 26 322 14 view .LVU1585
 6746 0084 0020     		movs	r0, #0
 6747              	.LBE1851:
 6748              	.LBE1850:
 6749              	.LBB1854:
 6750              	.LBB1847:
 183:/usr/bin/gcc-arm-none-eabi-10-2020-q4-major/arm-none-eabi/include/c++/10.2.1/bits/basic_string.h **** 
 6751              		.loc 24 183 26 view .LVU1586
 6752 0086 2193     		str	r3, [sp, #132]
 6753              	.LVL502:
 183:/usr/bin/gcc-arm-none-eabi-10-2020-q4-major/arm-none-eabi/include/c++/10.2.1/bits/basic_string.h **** 
 6754              		.loc 24 183 26 view .LVU1587
 6755              	.LBE1847:
 6756              	.LBE1854:
 6757              	.LBB1855:
 6758              	.LBI1848:
 186:/usr/bin/gcc-arm-none-eabi-10-2020-q4-major/arm-none-eabi/include/c++/10.2.1/bits/basic_string.h ****       { return _M_dataplus._M_p; }
 6759              		.loc 24 186 7 is_stmt 1 view .LVU1588
 186:/usr/bin/gcc-arm-none-eabi-10-2020-q4-major/arm-none-eabi/include/c++/10.2.1/bits/basic_string.h ****       { return _M_dataplus._M_p; }
 6760              		.loc 24 186 7 is_stmt 0 view .LVU1589
 6761              	.LBE1855:
 6762              	.LBB1856:
 6763              	.LBI1850:
 321:/usr/bin/gcc-arm-none-eabi-10-2020-q4-major/arm-none-eabi/include/c++/10.2.1/bits/char_traits.h ****       { __c1 = __c2; }
 6764              		.loc 26 321 7 is_stmt 1 view .LVU1590
 6765              	.LBB1852:
ARM GAS  /tmp/ccM1IMph.s 			page 224


 322:/usr/bin/gcc-arm-none-eabi-10-2020-q4-major/arm-none-eabi/include/c++/10.2.1/bits/char_traits.h **** 
 6766              		.loc 26 322 9 view .LVU1591
 6767              	.LBE1852:
 6768              	.LBE1856:
 6769              	.LBE1844:
 6770              	.LBE1860:
 6771              	.LBE1863:
 6772              	.LBE1866:
 6773              	.LBE1869:
 6774              	.LBE1872:
 6775              	.LBE1878:
 6776              	.LBE1880:
 6777              	.LBE1882:
 6778              	.LBE1884:
  82:Midi.cpp      ****     char*       cstr = &str[0];
  83:Midi.cpp      ****     hw.display.WriteString(cstr, Font_7x10, true);
 6779              		.loc 17 83 27 is_stmt 0 view .LVU1592
 6780 0088 0122     		movs	r2, #1
 6781 008a 3B4B     		ldr	r3, .L462+20
 6782              	.LBB1885:
 6783              	.LBB1883:
 6784              	.LBB1881:
 6785              	.LBB1879:
 6786              	.LBB1873:
 6787              	.LBB1870:
 6788              	.LBB1867:
 6789              	.LBB1864:
 6790              	.LBB1861:
 6791              	.LBB1858:
 6792              	.LBB1857:
 6793              	.LBB1853:
 322:/usr/bin/gcc-arm-none-eabi-10-2020-q4-major/arm-none-eabi/include/c++/10.2.1/bits/char_traits.h **** 
 6794              		.loc 26 322 14 view .LVU1593
 6795 008c 0871     		strb	r0, [r1, #4]
 6796              	.LVL503:
 322:/usr/bin/gcc-arm-none-eabi-10-2020-q4-major/arm-none-eabi/include/c++/10.2.1/bits/char_traits.h **** 
 6797              		.loc 26 322 14 view .LVU1594
 6798              	.LBE1853:
 6799              	.LBE1857:
 6800              	.LBE1858:
 6801              	.LBE1861:
 6802              	.LBE1864:
 6803              	.LBE1867:
 6804              	.LBE1870:
 6805              	.LBE1873:
 6806              	.LBE1879:
 6807              	.LBE1881:
 6808              	.LBE1883:
 6809              	.LBE1885:
 6810              	.LBB1886:
 6811              	.LBI1886:
 148:/usr/bin/gcc-arm-none-eabi-10-2020-q4-major/arm-none-eabi/include/c++/10.2.1/bits/allocator.h ****       : __allocator_base<_Tp>(__a) { }
 149:/usr/bin/gcc-arm-none-eabi-10-2020-q4-major/arm-none-eabi/include/c++/10.2.1/bits/allocator.h **** 
 150:/usr/bin/gcc-arm-none-eabi-10-2020-q4-major/arm-none-eabi/include/c++/10.2.1/bits/allocator.h **** #if __cplusplus >= 201103L
 151:/usr/bin/gcc-arm-none-eabi-10-2020-q4-major/arm-none-eabi/include/c++/10.2.1/bits/allocator.h ****       // Avoid implicit deprecation.
 152:/usr/bin/gcc-arm-none-eabi-10-2020-q4-major/arm-none-eabi/include/c++/10.2.1/bits/allocator.h ****       allocator& operator=(const allocator&) = default;
 153:/usr/bin/gcc-arm-none-eabi-10-2020-q4-major/arm-none-eabi/include/c++/10.2.1/bits/allocator.h **** #endif
ARM GAS  /tmp/ccM1IMph.s 			page 225


 154:/usr/bin/gcc-arm-none-eabi-10-2020-q4-major/arm-none-eabi/include/c++/10.2.1/bits/allocator.h **** 
 155:/usr/bin/gcc-arm-none-eabi-10-2020-q4-major/arm-none-eabi/include/c++/10.2.1/bits/allocator.h ****       template<typename _Tp1>
 156:/usr/bin/gcc-arm-none-eabi-10-2020-q4-major/arm-none-eabi/include/c++/10.2.1/bits/allocator.h **** 	_GLIBCXX20_CONSTEXPR
 157:/usr/bin/gcc-arm-none-eabi-10-2020-q4-major/arm-none-eabi/include/c++/10.2.1/bits/allocator.h **** 	allocator(const allocator<_Tp1>&) _GLIBCXX_NOTHROW { }
 158:/usr/bin/gcc-arm-none-eabi-10-2020-q4-major/arm-none-eabi/include/c++/10.2.1/bits/allocator.h **** 
 159:/usr/bin/gcc-arm-none-eabi-10-2020-q4-major/arm-none-eabi/include/c++/10.2.1/bits/allocator.h **** #if __cpp_constexpr_dynamic_alloc
 160:/usr/bin/gcc-arm-none-eabi-10-2020-q4-major/arm-none-eabi/include/c++/10.2.1/bits/allocator.h ****       constexpr
 161:/usr/bin/gcc-arm-none-eabi-10-2020-q4-major/arm-none-eabi/include/c++/10.2.1/bits/allocator.h **** #endif
 162:/usr/bin/gcc-arm-none-eabi-10-2020-q4-major/arm-none-eabi/include/c++/10.2.1/bits/allocator.h ****       ~allocator() _GLIBCXX_NOTHROW { }
 6812              		.loc 22 162 7 is_stmt 1 view .LVU1595
 6813              	.LBB1887:
 6814              	.LBI1887:
  83:/usr/bin/gcc-arm-none-eabi-10-2020-q4-major/arm-none-eabi/include/c++/10.2.1/ext/new_allocator.h **** 
  84:/usr/bin/gcc-arm-none-eabi-10-2020-q4-major/arm-none-eabi/include/c++/10.2.1/ext/new_allocator.h ****       template<typename _Tp1>
  85:/usr/bin/gcc-arm-none-eabi-10-2020-q4-major/arm-none-eabi/include/c++/10.2.1/ext/new_allocator.h **** 	_GLIBCXX20_CONSTEXPR
  86:/usr/bin/gcc-arm-none-eabi-10-2020-q4-major/arm-none-eabi/include/c++/10.2.1/ext/new_allocator.h **** 	new_allocator(const new_allocator<_Tp1>&) _GLIBCXX_USE_NOEXCEPT { }
  87:/usr/bin/gcc-arm-none-eabi-10-2020-q4-major/arm-none-eabi/include/c++/10.2.1/ext/new_allocator.h **** 
  88:/usr/bin/gcc-arm-none-eabi-10-2020-q4-major/arm-none-eabi/include/c++/10.2.1/ext/new_allocator.h **** #if __cplusplus <= 201703L
  89:/usr/bin/gcc-arm-none-eabi-10-2020-q4-major/arm-none-eabi/include/c++/10.2.1/ext/new_allocator.h ****       ~new_allocator() _GLIBCXX_USE_NOEXCEPT { }
 6815              		.loc 23 89 7 view .LVU1596
 6816              		.loc 23 89 7 is_stmt 0 view .LVU1597
 6817              	.LBE1887:
 6818              	.LBE1886:
  82:Midi.cpp      ****     hw.display.WriteString(cstr, Font_7x10, true);
 6819              		.loc 17 82 5 is_stmt 1 view .LVU1598
 6820              		.loc 17 83 5 view .LVU1599
 6821              		.loc 17 83 27 is_stmt 0 view .LVU1600
 6822 008e 0092     		str	r2, [sp]
 6823 0090 3A48     		ldr	r0, .L462+24
 6824 0092 0CCB     		ldm	r3, {r2, r3}
 6825 0094 FFF7FEFF 		bl	_ZN5daisy25OneBitGraphicsDisplayImplINS_11OledDisplayINS_13SSD130xDriverILj128ELj64ENS_24SSD130
 6826              	.LVL504:
  84:Midi.cpp      ****     hw.display.Update();
 6827              		.loc 17 84 5 is_stmt 1 view .LVU1601
 6828              	.LBB1888:
 6829              	.LBI1888:
 6830              		.loc 2 51 10 view .LVU1602
 6831              	.LBB1889:
 6832              		.loc 2 51 44 is_stmt 0 view .LVU1603
 6833 0098 3948     		ldr	r0, .L462+28
 6834 009a FFF7FEFF 		bl	_ZN5daisy13SSD130xDriverILj128ELj64ENS_24SSD130x4WireSpiTransportEE6UpdateEv
 6835              	.LVL505:
 6836              		.loc 2 51 44 view .LVU1604
 6837              	.LBE1889:
 6838              	.LBE1888:
  85:Midi.cpp      **** 
  86:Midi.cpp      ****     // Start stuff.
  87:Midi.cpp      ****     hw.midi.StartReceive();
 6839              		.loc 17 87 5 is_stmt 1 view .LVU1605
 6840              	.LBB1890:
 6841              	.LBI1808:
 175:../../libDaisy/src/hid/midi.h ****     {
 6842              		.loc 4 175 10 view .LVU1606
 6843              	.LBB1814:
 6844              	.LBB1813:
 6845              	.LBI1810:
  89:../../libDaisy/src/hid/midi.h ****     {
ARM GAS  /tmp/ccM1IMph.s 			page 226


 6846              		.loc 4 89 17 view .LVU1607
 6847              	.LBB1812:
  91:../../libDaisy/src/hid/midi.h ****         parse_callback_ = parse_callback;
 6848              		.loc 4 91 9 view .LVU1608
  93:../../libDaisy/src/hid/midi.h ****                                        sizeof(MidiUartTransport));
 6849              		.loc 4 93 39 is_stmt 0 view .LVU1609
 6850 009e 1421     		movs	r1, #20
 6851 00a0 5046     		mov	r0, r10
  92:../../libDaisy/src/hid/midi.h ****         dsy_dma_clear_cache_for_buffer((uint8_t*)this,
 6852              		.loc 4 92 25 view .LVU1610
 6853 00a2 C5E94D98 		strd	r9, r8, [r5, #308]
  93:../../libDaisy/src/hid/midi.h ****                                        sizeof(MidiUartTransport));
 6854              		.loc 4 93 9 is_stmt 1 view .LVU1611
  93:../../libDaisy/src/hid/midi.h ****                                        sizeof(MidiUartTransport));
 6855              		.loc 4 93 39 is_stmt 0 view .LVU1612
 6856 00a6 FFF7FEFF 		bl	dsy_dma_clear_cache_for_buffer
 6857              	.LVL506:
  95:../../libDaisy/src/hid/midi.h ****             rx_buffer, rx_buffer_size, MidiUartTransport::rxCallback, this);
 6858              		.loc 4 95 9 is_stmt 1 view .LVU1613
  95:../../libDaisy/src/hid/midi.h ****             rx_buffer, rx_buffer_size, MidiUartTransport::rxCallback, this);
 6859              		.loc 4 95 29 is_stmt 0 view .LVU1614
 6860 00aa 364B     		ldr	r3, .L462+32
 6861 00ac 5046     		mov	r0, r10
 6862 00ae CDF800A0 		str	r10, [sp]
 6863 00b2 D5E94B12 		ldrd	r1, r2, [r5, #300]
 6864 00b6 FFF7FEFF 		bl	_ZN5daisy11UartHandler14DmaListenStartEPhjPFvS1_jPvNS0_6ResultEES2_
 6865              	.LVL507:
  95:../../libDaisy/src/hid/midi.h ****             rx_buffer, rx_buffer_size, MidiUartTransport::rxCallback, this);
 6866              		.loc 4 95 29 view .LVU1615
 6867              	.LBE1812:
 6868              	.LBE1813:
 6869              	.LBE1814:
 6870              	.LBE1890:
  88:Midi.cpp      ****     hw.StartAdc();
 6871              		.loc 17 88 5 is_stmt 1 view .LVU1616
 6872              		.loc 17 88 16 is_stmt 0 view .LVU1617
 6873 00ba 2846     		mov	r0, r5
 6874 00bc FFF7FEFF 		bl	_ZN5daisy10DaisyPatch8StartAdcEv
 6875              	.LVL508:
  89:Midi.cpp      ****     hw.StartAudio(AudioCallback);
 6876              		.loc 17 89 5 is_stmt 1 view .LVU1618
 6877              		.loc 17 89 18 is_stmt 0 view .LVU1619
 6878 00c0 3149     		ldr	r1, .L462+36
 6879 00c2 2846     		mov	r0, r5
 6880 00c4 FFF7FEFF 		bl	_ZN5daisy10DaisyPatch10StartAudioEPFvPKPKfPPfjE
 6881              	.LVL509:
 6882              	.L451:
  90:Midi.cpp      ****     for(;;)
 6883              		.loc 17 90 5 is_stmt 1 view .LVU1620
  91:Midi.cpp      ****     {
  92:Midi.cpp      ****         hw.midi.Listen();
 6884              		.loc 17 92 9 view .LVU1621
 6885              	.LBB1891:
 6886              	.LBI1891:
 181:../../libDaisy/src/hid/midi.h ****     {
 6887              		.loc 4 181 10 view .LVU1622
 6888              	.LBB1892:
ARM GAS  /tmp/ccM1IMph.s 			page 227


 6889              	.LBB1893:
 6890              	.LBI1893:
 100:../../libDaisy/src/hid/midi.h **** 
 6891              		.loc 4 100 17 view .LVU1623
 6892              	.LBB1894:
 100:../../libDaisy/src/hid/midi.h **** 
 6893              		.loc 4 100 30 view .LVU1624
 100:../../libDaisy/src/hid/midi.h **** 
 6894              		.loc 4 100 54 is_stmt 0 view .LVU1625
 6895 00c8 3048     		ldr	r0, .L462+40
 6896              	.LVL510:
 100:../../libDaisy/src/hid/midi.h **** 
 6897              		.loc 4 100 54 view .LVU1626
 6898 00ca FFF7FEFF 		bl	_ZNK5daisy11UartHandler11IsListeningEv
 6899              	.LVL511:
 100:../../libDaisy/src/hid/midi.h **** 
 6900              		.loc 4 100 54 view .LVU1627
 6901              	.LBE1894:
 6902              	.LBE1893:
 186:../../libDaisy/src/hid/midi.h ****         {
 6903              		.loc 4 186 9 view .LVU1628
 6904 00ce B0B3     		cbz	r0, .L459
 6905              	.LVL512:
 6906              	.L455:
 186:../../libDaisy/src/hid/midi.h ****         {
 6907              		.loc 4 186 9 view .LVU1629
 6908              	.LBE1892:
 6909              	.LBE1891:
  93:Midi.cpp      ****         // Handle MIDI Events
  94:Midi.cpp      ****         while(hw.midi.HasEvents())
 6910              		.loc 17 94 9 is_stmt 1 view .LVU1630
 6911              		.loc 17 94 32 view .LVU1631
 6912              	.LBB1902:
 6913              	.LBI1902:
 197:../../libDaisy/src/hid/midi.h **** 
 6914              		.loc 4 197 10 view .LVU1632
 6915              	.LBB1903:
 6916              	.LBI1903:
 171:../../libDaisy/src/util/FIFO.h ****     {
 6917              		.loc 5 171 12 view .LVU1633
 171:../../libDaisy/src/util/FIFO.h ****     {
 6918              		.loc 5 171 12 is_stmt 0 view .LVU1634
 6919              	.LBE1903:
 6920              	.LBE1902:
  95:Midi.cpp      ****         {
  96:Midi.cpp      ****             HandleMidiMessage(hw.midi.PopEvent());
 6921              		.loc 17 96 13 is_stmt 1 view .LVU1635
 6922              	.LBB1910:
 6923              	.LBI1910:
 203:../../libDaisy/src/hid/midi.h **** 
 6924              		.loc 4 203 15 view .LVU1636
 6925              	.LBB1911:
 6926              	.LBI1911:
 101:../../libDaisy/src/util/FIFO.h ****     {
 6927              		.loc 5 101 7 view .LVU1637
 6928              	.LBB1912:
 6929              	.LBB1913:
ARM GAS  /tmp/ccM1IMph.s 			page 228


 107:../../libDaisy/src/util/FIFO.h ****             bufferOut_++;
 6930              		.loc 5 107 24 is_stmt 0 view .LVU1638
 6931 00d0 9022     		movs	r2, #144
 6932 00d2 4AA8     		add	r0, sp, #296
 6933              	.LBE1913:
 6934              	.LBE1912:
 6935              	.LBE1911:
 6936              	.LBE1910:
 6937              	.LBB1923:
 6938              	.LBB1907:
 6939              	.LBB1904:
 173:../../libDaisy/src/util/FIFO.h ****         if(numElements < 0)
 6940              		.loc 5 173 31 view .LVU1639
 6941 00d4 D5E97814 		ldrd	r1, r4, [r5, #480]
 6942              	.LVL513:
 174:../../libDaisy/src/util/FIFO.h ****             numElements += bufferSize_;
 6943              		.loc 5 174 9 view .LVU1640
 6944 00d8 0B1B     		subs	r3, r1, r4
 6945              	.LVL514:
 174:../../libDaisy/src/util/FIFO.h ****             numElements += bufferSize_;
 6946              		.loc 5 174 9 view .LVU1641
 6947              	.LBE1904:
 6948              	.LBE1907:
 6949              	.LBE1923:
 6950              	.LBB1924:
 6951              	.LBB1920:
 6952              	.LBB1916:
 6953              	.LBB1914:
 107:../../libDaisy/src/util/FIFO.h ****             bufferOut_++;
 6954              		.loc 5 107 24 view .LVU1642
 6955 00da 04EBC40E 		add	lr, r4, r4, lsl #3
 6956              	.LBE1914:
 6957              	.LBE1916:
 6958              	.LBE1920:
 6959              	.LBE1924:
 6960              	.LBB1925:
 6961              	.LBB1908:
 6962              	.LBB1905:
 174:../../libDaisy/src/util/FIFO.h ****             numElements += bufferSize_;
 6963              		.loc 5 174 9 view .LVU1643
 6964 00de 24D4     		bmi	.L460
 6965              	.LVL515:
 6966              	.L450:
 174:../../libDaisy/src/util/FIFO.h ****             numElements += bufferSize_;
 6967              		.loc 5 174 9 view .LVU1644
 6968              	.LBE1905:
 6969              	.LBE1908:
 6970              	.LBE1925:
  94:Midi.cpp      ****         {
 6971              		.loc 17 94 32 view .LVU1645
 6972 00e0 002B     		cmp	r3, #0
 6973 00e2 F1D0     		beq	.L451
 6974              	.LBB1926:
 6975              	.LBB1921:
 6976              	.LBB1917:
 103:../../libDaisy/src/util/FIFO.h ****             return T();
 6977              		.loc 5 103 9 view .LVU1646
ARM GAS  /tmp/ccM1IMph.s 			page 229


 6978 00e4 A142     		cmp	r1, r4
 6979 00e6 24D0     		beq	.L461
 6980              	.LBB1915:
 107:../../libDaisy/src/util/FIFO.h ****             bufferOut_++;
 6981              		.loc 5 107 24 view .LVU1647
 6982 00e8 D5F8D811 		ldr	r1, [r5, #472]
 108:../../libDaisy/src/util/FIFO.h ****             if(bufferOut_ >= bufferSize_)
 6983              		.loc 5 108 13 view .LVU1648
 6984 00ec 0134     		adds	r4, r4, #1
 107:../../libDaisy/src/util/FIFO.h ****             bufferOut_++;
 6985              		.loc 5 107 24 view .LVU1649
 6986 00ee 01EB0E11 		add	r1, r1, lr, lsl #4
 6987 00f2 FFF7FEFF 		bl	memcpy
 6988              	.LVL516:
 109:../../libDaisy/src/util/FIFO.h ****                 bufferOut_ -= bufferSize_;
 6989              		.loc 5 109 30 view .LVU1650
 6990 00f6 D5F8DC31 		ldr	r3, [r5, #476]
 108:../../libDaisy/src/util/FIFO.h ****             if(bufferOut_ >= bufferSize_)
 6991              		.loc 5 108 13 view .LVU1651
 6992 00fa C5F8E441 		str	r4, [r5, #484]
 111:../../libDaisy/src/util/FIFO.h ****         }
 6993              		.loc 5 111 20 view .LVU1652
 6994 00fe 4AA9     		add	r1, sp, #296
 109:../../libDaisy/src/util/FIFO.h ****                 bufferOut_ -= bufferSize_;
 6995              		.loc 5 109 13 view .LVU1653
 6996 0100 9C42     		cmp	r4, r3
 110:../../libDaisy/src/util/FIFO.h ****             return result;
 6997              		.loc 5 110 28 view .LVU1654
 6998 0102 A4EB0304 		sub	r4, r4, r3
 111:../../libDaisy/src/util/FIFO.h ****         }
 6999              		.loc 5 111 20 view .LVU1655
 7000 0106 4FF09002 		mov	r2, #144
 7001 010a 3046     		mov	r0, r6
 110:../../libDaisy/src/util/FIFO.h ****             return result;
 7002              		.loc 5 110 28 view .LVU1656
 7003 010c 28BF     		it	cs
 7004 010e C5F8E441 		strcs	r4, [r5, #484]
 111:../../libDaisy/src/util/FIFO.h ****         }
 7005              		.loc 5 111 20 view .LVU1657
 7006 0112 FFF7FEFF 		bl	memcpy
 7007              	.LVL517:
 7008              	.L453:
 111:../../libDaisy/src/util/FIFO.h ****         }
 7009              		.loc 5 111 20 view .LVU1658
 7010              	.LBE1915:
 7011              	.LBE1917:
 7012              	.LBE1921:
 7013              	.LBE1926:
 7014              		.loc 17 96 30 view .LVU1659
 7015 0116 2AA9     		add	r1, sp, #168
 7016 0118 8022     		movs	r2, #128
 7017 011a 6846     		mov	r0, sp
 7018 011c FFF7FEFF 		bl	memcpy
 7019              	.LVL518:
 7020 0120 96E80F00 		ldm	r6, {r0, r1, r2, r3}
 7021 0124 FFF7FEFF 		bl	_Z17HandleMidiMessageN5daisy9MidiEventE
 7022              	.LVL519:
ARM GAS  /tmp/ccM1IMph.s 			page 230


  94:Midi.cpp      ****         {
 7023              		.loc 17 94 9 view .LVU1660
 7024 0128 D2E7     		b	.L455
 7025              	.LVL520:
 7026              	.L460:
 7027              	.LBB1927:
 7028              	.LBB1909:
 7029              	.LBB1906:
 175:../../libDaisy/src/util/FIFO.h ****         return size_t(numElements);
 7030              		.loc 5 175 25 view .LVU1661
 7031 012a D5F8DC71 		ldr	r7, [r5, #476]
 7032 012e 3B44     		add	r3, r3, r7
 7033              	.LVL521:
 175:../../libDaisy/src/util/FIFO.h ****         return size_t(numElements);
 7034              		.loc 5 175 25 view .LVU1662
 7035 0130 D6E7     		b	.L450
 7036              	.LVL522:
 7037              	.L461:
 175:../../libDaisy/src/util/FIFO.h ****         return size_t(numElements);
 7038              		.loc 5 175 25 view .LVU1663
 7039              	.LBE1906:
 7040              	.LBE1909:
 7041              	.LBE1927:
 7042              	.LBB1928:
 7043              	.LBB1922:
 7044              	.LBB1918:
 7045              	.LBI1918:
 101:../../libDaisy/src/util/FIFO.h ****     {
 7046              		.loc 5 101 7 is_stmt 1 view .LVU1664
 7047              	.LBB1919:
 104:../../libDaisy/src/util/FIFO.h ****         else
 7048              		.loc 5 104 22 is_stmt 0 view .LVU1665
 7049 0132 9022     		movs	r2, #144
 7050 0134 0021     		movs	r1, #0
 7051 0136 3046     		mov	r0, r6
 7052 0138 FFF7FEFF 		bl	memset
 7053              	.LVL523:
 7054 013c EBE7     		b	.L453
 7055              	.LVL524:
 7056              	.L459:
 104:../../libDaisy/src/util/FIFO.h ****         else
 7057              		.loc 5 104 22 view .LVU1666
 7058              	.LBE1919:
 7059              	.LBE1918:
 7060              	.LBE1922:
 7061              	.LBE1928:
 7062              	.LBB1929:
 7063              	.LBB1901:
 7064              	.LBB1895:
 7065              	.LBI1895:
 181:../../libDaisy/src/hid/midi.h ****     {
 7066              		.loc 4 181 10 is_stmt 1 view .LVU1667
 7067              	.LBB1896:
 188:../../libDaisy/src/hid/midi.h ****             transport_.FlushRx();
 7068              		.loc 4 188 26 is_stmt 0 view .LVU1668
 7069 013e 1448     		ldr	r0, .L462+44
 7070 0140 FFF7FEFF 		bl	_ZN5daisy10MidiParser5ResetEv
ARM GAS  /tmp/ccM1IMph.s 			page 231


 7071              	.LVL525:
 7072              	.LBB1897:
 7073              	.LBI1897:
 175:../../libDaisy/src/hid/midi.h ****     {
 7074              		.loc 4 175 10 is_stmt 1 view .LVU1669
 7075              	.LBB1898:
 7076              	.LBB1899:
 7077              	.LBI1899:
  89:../../libDaisy/src/hid/midi.h ****     {
 7078              		.loc 4 89 17 view .LVU1670
 7079              	.LBB1900:
  91:../../libDaisy/src/hid/midi.h ****         parse_callback_ = parse_callback;
 7080              		.loc 4 91 9 view .LVU1671
  93:../../libDaisy/src/hid/midi.h ****                                        sizeof(MidiUartTransport));
 7081              		.loc 4 93 39 is_stmt 0 view .LVU1672
 7082 0144 1421     		movs	r1, #20
 7083 0146 1148     		ldr	r0, .L462+40
 7084              	.LVL526:
  92:../../libDaisy/src/hid/midi.h ****         dsy_dma_clear_cache_for_buffer((uint8_t*)this,
 7085              		.loc 4 92 25 view .LVU1673
 7086 0148 C5E94D98 		strd	r9, r8, [r5, #308]
  93:../../libDaisy/src/hid/midi.h ****                                        sizeof(MidiUartTransport));
 7087              		.loc 4 93 9 is_stmt 1 view .LVU1674
  93:../../libDaisy/src/hid/midi.h ****                                        sizeof(MidiUartTransport));
 7088              		.loc 4 93 39 is_stmt 0 view .LVU1675
 7089 014c FFF7FEFF 		bl	dsy_dma_clear_cache_for_buffer
 7090              	.LVL527:
  95:../../libDaisy/src/hid/midi.h ****             rx_buffer, rx_buffer_size, MidiUartTransport::rxCallback, this);
 7091              		.loc 4 95 9 is_stmt 1 view .LVU1676
  95:../../libDaisy/src/hid/midi.h ****             rx_buffer, rx_buffer_size, MidiUartTransport::rxCallback, this);
 7092              		.loc 4 95 29 is_stmt 0 view .LVU1677
 7093 0150 0C4B     		ldr	r3, .L462+32
 7094 0152 CDF800A0 		str	r10, [sp]
 7095 0156 0D48     		ldr	r0, .L462+40
 7096              	.LVL528:
  95:../../libDaisy/src/hid/midi.h ****             rx_buffer, rx_buffer_size, MidiUartTransport::rxCallback, this);
 7097              		.loc 4 95 29 view .LVU1678
 7098 0158 D5E94B12 		ldrd	r1, r2, [r5, #300]
 7099 015c FFF7FEFF 		bl	_ZN5daisy11UartHandler14DmaListenStartEPhjPFvS1_jPvNS0_6ResultEES2_
 7100              	.LVL529:
  97:../../libDaisy/src/hid/midi.h **** 
 7101              		.loc 4 97 5 view .LVU1679
 7102 0160 B6E7     		b	.L455
 7103              	.L463:
 7104 0162 00BF     		.align	2
 7105              	.L462:
 7106 0164 00000000 		.word	hw
 7107 0168 00000000 		.word	.LANCHOR0
 7108 016c 0000C842 		.word	1120403456
 7109 0170 00000000 		.word	.LANCHOR1
 7110 0174 04000000 		.word	.LC0+4
 7111 0178 00000000 		.word	Font_7x10
 7112 017c 78920000 		.word	hw+37496
 7113 0180 80920000 		.word	hw+37504
 7114 0184 00000000 		.word	_ZN5daisy17MidiUartTransport10rxCallbackEPhjPvNS_11UartHandler6ResultE
 7115 0188 00000000 		.word	_Z13AudioCallbackPKPKfPPfj
 7116 018c 28010000 		.word	hw+296
ARM GAS  /tmp/ccM1IMph.s 			page 232


 7117 0190 3C010000 		.word	hw+316
 7118 0194 00000000 		.word	_ZN5daisy11MidiHandlerINS_17MidiUartTransportEE13ParseCallbackEPhjPv
 7119              	.LBE1900:
 7120              	.LBE1899:
 7121              	.LBE1898:
 7122              	.LBE1897:
 7123              	.LBE1896:
 7124              	.LBE1895:
 7125              	.LBE1901:
 7126              	.LBE1929:
 7127              		.cfi_endproc
 7128              	.LFE4718:
 7130              		.section	.text.startup._GLOBAL__sub_I_hw,"ax",%progbits
 7131              		.align	1
 7132              		.p2align 2,,3
 7133              		.syntax unified
 7134              		.thumb
 7135              		.thumb_func
 7136              		.fpu fpv5-d16
 7138              	_GLOBAL__sub_I_hw:
 7139              	.LFB5351:
  97:Midi.cpp      ****         }
  98:Midi.cpp      ****     }
  99:Midi.cpp      **** }
 7140              		.loc 17 99 1 is_stmt 1 view -0
 7141              		.cfi_startproc
 7142              		@ args = 0, pretend = 0, frame = 0
 7143              		@ frame_needed = 0, uses_anonymous_args = 0
 7144              	.LBB2002:
 7145              	.LBI2002:
 7146              		.loc 17 99 1 view .LVU1681
 7147              	.LVL530:
 7148              	.LBB2003:
 7149              	.LBB2004:
 7150              	.LBI2004:
  39:../../libDaisy/src/daisy_patch.h ****     /** Destructor */
 7151              		.loc 1 39 5 view .LVU1682
 7152              	.LBB2005:
 7153              	.LBB2006:
 7154              	.LBI2006:
  21:../../libDaisy/src/daisy_seed.h ****     ~DaisySeed() {}
 7155              		.loc 9 21 5 view .LVU1683
 7156              	.LBB2007:
 7157              	.LBB2008:
 7158              	.LBI2008:
 7159              		.file 27 "../../libDaisy/src/per/qspi.h"
   1:../../libDaisy/src/per/qspi.h **** #ifndef DSY_QSPI
   2:../../libDaisy/src/per/qspi.h **** #define DSY_QSPI /**< Macro */
   3:../../libDaisy/src/per/qspi.h **** 
   4:../../libDaisy/src/per/qspi.h **** #ifndef UNIT_TEST // for unit tests, a dummy implementation
   5:../../libDaisy/src/per/qspi.h **** 
   6:../../libDaisy/src/per/qspi.h **** #include <cstdint>
   7:../../libDaisy/src/per/qspi.h **** #include "daisy_core.h" // Added for dsy_gpio_pin typedef
   8:../../libDaisy/src/per/qspi.h **** 
   9:../../libDaisy/src/per/qspi.h **** #define DSY_QSPI_TEXT       \
  10:../../libDaisy/src/per/qspi.h ****     __attribute__((section( \
  11:../../libDaisy/src/per/qspi.h ****         ".qspiflash_text"))) /**< used for reading memory in memory_mapped mode. */
ARM GAS  /tmp/ccM1IMph.s 			page 233


  12:../../libDaisy/src/per/qspi.h **** #define DSY_QSPI_DATA       \
  13:../../libDaisy/src/per/qspi.h ****     __attribute__((section( \
  14:../../libDaisy/src/per/qspi.h ****         ".qspiflash_data"))) /**< used for reading memory in memory_mapped mode. */
  15:../../libDaisy/src/per/qspi.h **** #define DSY_QSPI_BSS        \
  16:../../libDaisy/src/per/qspi.h ****     __attribute__((section( \
  17:../../libDaisy/src/per/qspi.h ****         ".qspiflash_bss"))) /**< used for reading memory in memory_mapped mode. */
  18:../../libDaisy/src/per/qspi.h **** 
  19:../../libDaisy/src/per/qspi.h **** namespace daisy
  20:../../libDaisy/src/per/qspi.h **** {
  21:../../libDaisy/src/per/qspi.h **** /** @addtogroup serial
  22:../../libDaisy/src/per/qspi.h **** @{
  23:../../libDaisy/src/per/qspi.h **** */
  24:../../libDaisy/src/per/qspi.h **** 
  25:../../libDaisy/src/per/qspi.h **** /** 
  26:../../libDaisy/src/per/qspi.h ****  Driver for QSPI peripheral to interface with external flash memory. \n 
  27:../../libDaisy/src/per/qspi.h ****     Currently supported QSPI Devices: \n 
  28:../../libDaisy/src/per/qspi.h ****     * IS25LP080D
  29:../../libDaisy/src/per/qspi.h **** */
  30:../../libDaisy/src/per/qspi.h **** class QSPIHandle
  31:../../libDaisy/src/per/qspi.h **** {
  32:../../libDaisy/src/per/qspi.h ****   public:
  33:../../libDaisy/src/per/qspi.h ****     enum Result
  34:../../libDaisy/src/per/qspi.h ****     {
  35:../../libDaisy/src/per/qspi.h ****         OK = 0,
  36:../../libDaisy/src/per/qspi.h ****         ERR
  37:../../libDaisy/src/per/qspi.h ****     };
  38:../../libDaisy/src/per/qspi.h **** 
  39:../../libDaisy/src/per/qspi.h ****     /** Indicates the current status of the module. 
  40:../../libDaisy/src/per/qspi.h ****          *  Warnings are indicated by a leading W.
  41:../../libDaisy/src/per/qspi.h ****          *  Errors are indicated by a leading E and cause an immediate exit.
  42:../../libDaisy/src/per/qspi.h ****          * 
  43:../../libDaisy/src/per/qspi.h ****          *  \param GOOD - No errors have been reported.
  44:../../libDaisy/src/per/qspi.h ****          *  \param E_HAL_ERROR - HAL code did not return HAL_OK.
  45:../../libDaisy/src/per/qspi.h ****          *  \param E_SWITCHING_MODES - An error was encountered while switching QSPI peripheral mod
  46:../../libDaisy/src/per/qspi.h ****          *  \param E_INVALID_MODE - QSPI should not be written to while the program is executing fr
  47:../../libDaisy/src/per/qspi.h ****          */
  48:../../libDaisy/src/per/qspi.h ****     enum Status
  49:../../libDaisy/src/per/qspi.h ****     {
  50:../../libDaisy/src/per/qspi.h ****         GOOD = 0,
  51:../../libDaisy/src/per/qspi.h ****         E_HAL_ERROR,
  52:../../libDaisy/src/per/qspi.h ****         E_SWITCHING_MODES,
  53:../../libDaisy/src/per/qspi.h ****         E_INVALID_MODE,
  54:../../libDaisy/src/per/qspi.h ****     };
  55:../../libDaisy/src/per/qspi.h **** 
  56:../../libDaisy/src/per/qspi.h ****     /** Configuration structure for interfacing with QSPI Driver */
  57:../../libDaisy/src/per/qspi.h ****     struct Config
  58:../../libDaisy/src/per/qspi.h ****     {
  59:../../libDaisy/src/per/qspi.h ****         /** Flash Devices supported. (Both of these are more-or-less the same, just different sizes
  60:../../libDaisy/src/per/qspi.h ****         enum Device
  61:../../libDaisy/src/per/qspi.h ****         {
  62:../../libDaisy/src/per/qspi.h ****             IS25LP080D,  /**< & */
  63:../../libDaisy/src/per/qspi.h ****             IS25LP064A,  /**< & */
  64:../../libDaisy/src/per/qspi.h ****             DEVICE_LAST, /**< & */
  65:../../libDaisy/src/per/qspi.h ****         };
  66:../../libDaisy/src/per/qspi.h **** 
  67:../../libDaisy/src/per/qspi.h ****         /** 
  68:../../libDaisy/src/per/qspi.h ****         Modes of operation.
ARM GAS  /tmp/ccM1IMph.s 			page 234


  69:../../libDaisy/src/per/qspi.h ****         Memory Mapped mode: QSPI configured so that the QSPI can be
  70:../../libDaisy/src/per/qspi.h ****         read from starting address 0x90000000. Writing is not
  71:../../libDaisy/src/per/qspi.h ****         possible in this mode. \n 
  72:../../libDaisy/src/per/qspi.h ****         Indirect Polling mode: Device driver enabled. 
  73:../../libDaisy/src/per/qspi.h ****         */
  74:../../libDaisy/src/per/qspi.h ****         enum Mode
  75:../../libDaisy/src/per/qspi.h ****         {
  76:../../libDaisy/src/per/qspi.h ****             MEMORY_MAPPED,    /**< & */
  77:../../libDaisy/src/per/qspi.h ****             INDIRECT_POLLING, /**< & */
  78:../../libDaisy/src/per/qspi.h ****             MODE_LAST,
  79:../../libDaisy/src/per/qspi.h ****         };
  80:../../libDaisy/src/per/qspi.h **** 
  81:../../libDaisy/src/per/qspi.h ****         //SCK,  CE# (active low)
  82:../../libDaisy/src/per/qspi.h ****         struct
  83:../../libDaisy/src/per/qspi.h ****         {
  84:../../libDaisy/src/per/qspi.h ****             dsy_gpio_pin io0; /**< & */
  85:../../libDaisy/src/per/qspi.h ****             dsy_gpio_pin io1; /**< & */
  86:../../libDaisy/src/per/qspi.h ****             dsy_gpio_pin io2; /**< & */
  87:../../libDaisy/src/per/qspi.h ****             dsy_gpio_pin io3; /**< & */
  88:../../libDaisy/src/per/qspi.h ****             dsy_gpio_pin clk; /**< & */
  89:../../libDaisy/src/per/qspi.h ****             dsy_gpio_pin ncs; /**< & */
  90:../../libDaisy/src/per/qspi.h ****         } pin_config;
  91:../../libDaisy/src/per/qspi.h **** 
  92:../../libDaisy/src/per/qspi.h ****         Device device;
  93:../../libDaisy/src/per/qspi.h ****         Mode   mode;
  94:../../libDaisy/src/per/qspi.h ****     };
  95:../../libDaisy/src/per/qspi.h **** 
  96:../../libDaisy/src/per/qspi.h ****     /** 
  97:../../libDaisy/src/per/qspi.h ****         Initializes QSPI peripheral, and Resets, and prepares memory for access.
  98:../../libDaisy/src/per/qspi.h ****         \param config should be populated with the mode, device and pin_config before calling this 
  99:../../libDaisy/src/per/qspi.h ****         \return Result::OK or Result::ERR
 100:../../libDaisy/src/per/qspi.h ****         */
 101:../../libDaisy/src/per/qspi.h ****     Result Init(const Config& config);
 102:../../libDaisy/src/per/qspi.h **** 
 103:../../libDaisy/src/per/qspi.h ****     /** Returns the current config. */
 104:../../libDaisy/src/per/qspi.h ****     const Config& GetConfig() const;
 105:../../libDaisy/src/per/qspi.h **** 
 106:../../libDaisy/src/per/qspi.h ****     // Couldn't this just be called before anything else in init? That
 107:../../libDaisy/src/per/qspi.h ****     // would make manually calling it unnecessary.
 108:../../libDaisy/src/per/qspi.h ****     /** 
 109:../../libDaisy/src/per/qspi.h ****         Deinitializes the peripheral
 110:../../libDaisy/src/per/qspi.h ****         This should be called before reinitializing QSPI in a different mode.
 111:../../libDaisy/src/per/qspi.h ****         \return Result::OK or Result::ERR
 112:../../libDaisy/src/per/qspi.h ****         */
 113:../../libDaisy/src/per/qspi.h ****     Result DeInit();
 114:../../libDaisy/src/per/qspi.h **** 
 115:../../libDaisy/src/per/qspi.h ****     /** 
 116:../../libDaisy/src/per/qspi.h ****         Writes a single page to to the specified address on the QSPI chip.
 117:../../libDaisy/src/per/qspi.h ****         For IS25LP*, page size is 256 bytes.
 118:../../libDaisy/src/per/qspi.h ****         \param address Address to write to
 119:../../libDaisy/src/per/qspi.h ****         \param size Buffer size
 120:../../libDaisy/src/per/qspi.h ****         \param buffer Buffer to write
 121:../../libDaisy/src/per/qspi.h ****         \return Result::OK or Result::ERR
 122:../../libDaisy/src/per/qspi.h ****         */
 123:../../libDaisy/src/per/qspi.h ****     Result WritePage(uint32_t address, uint32_t size, uint8_t* buffer);
 124:../../libDaisy/src/per/qspi.h **** 
 125:../../libDaisy/src/per/qspi.h ****     /** 
ARM GAS  /tmp/ccM1IMph.s 			page 235


 126:../../libDaisy/src/per/qspi.h ****         Writes data in buffer to to the QSPI. Starting at address to address+size 
 127:../../libDaisy/src/per/qspi.h ****         \param address Address to write to
 128:../../libDaisy/src/per/qspi.h ****         \param size Buffer size
 129:../../libDaisy/src/per/qspi.h ****         \param buffer Buffer to write
 130:../../libDaisy/src/per/qspi.h ****         \return Result::OK or Result::ERR
 131:../../libDaisy/src/per/qspi.h ****         */
 132:../../libDaisy/src/per/qspi.h ****     Result Write(uint32_t address, uint32_t size, uint8_t* buffer);
 133:../../libDaisy/src/per/qspi.h **** 
 134:../../libDaisy/src/per/qspi.h ****     /** 
 135:../../libDaisy/src/per/qspi.h ****         Erases the area specified on the chip.
 136:../../libDaisy/src/per/qspi.h ****         Erasures will happen by 4K, 32K or 64K increments.
 137:../../libDaisy/src/per/qspi.h ****         Smallest erase possible is 4kB at a time. (on IS25LP*)
 138:../../libDaisy/src/per/qspi.h ****         \param start_addr Address to begin erasing from
 139:../../libDaisy/src/per/qspi.h ****         \param end_addr  Address to stop erasing at
 140:../../libDaisy/src/per/qspi.h ****         \return Result::OK or Result::ERR
 141:../../libDaisy/src/per/qspi.h ****         */
 142:../../libDaisy/src/per/qspi.h ****     Result Erase(uint32_t start_addr, uint32_t end_addr);
 143:../../libDaisy/src/per/qspi.h **** 
 144:../../libDaisy/src/per/qspi.h ****     /**  
 145:../../libDaisy/src/per/qspi.h ****          Erases a single sector of the chip.  
 146:../../libDaisy/src/per/qspi.h ****         TODO: Document the size of this function. 
 147:../../libDaisy/src/per/qspi.h ****         \param address Address of sector to erase
 148:../../libDaisy/src/per/qspi.h ****         \return Result::OK or Result::ERR
 149:../../libDaisy/src/per/qspi.h ****         */
 150:../../libDaisy/src/per/qspi.h ****     Result EraseSector(uint32_t address);
 151:../../libDaisy/src/per/qspi.h **** 
 152:../../libDaisy/src/per/qspi.h ****     /** Returns the current class status. Useful for debugging.
 153:../../libDaisy/src/per/qspi.h ****      *  \returns Status
 154:../../libDaisy/src/per/qspi.h ****      */
 155:../../libDaisy/src/per/qspi.h ****     Status GetStatus();
 156:../../libDaisy/src/per/qspi.h **** 
 157:../../libDaisy/src/per/qspi.h ****     /** Returns a pointer to the actual memory used 
 158:../../libDaisy/src/per/qspi.h ****      *  The memory at this address is read-only
 159:../../libDaisy/src/per/qspi.h ****      *  to write to it use the Write function.
 160:../../libDaisy/src/per/qspi.h ****      * 
 161:../../libDaisy/src/per/qspi.h ****      *  \param offset returns the pointer starting this 
 162:../../libDaisy/src/per/qspi.h ****      *                many bytes into the memory
 163:../../libDaisy/src/per/qspi.h ****     */
 164:../../libDaisy/src/per/qspi.h ****     void* GetData(uint32_t offset = 0);
 165:../../libDaisy/src/per/qspi.h **** 
 166:../../libDaisy/src/per/qspi.h ****     QSPIHandle() : pimpl_(nullptr) {}
 7160              		.loc 27 166 5 view .LVU1684
 7161              		.loc 27 166 5 is_stmt 0 view .LVU1685
 7162              	.LBE2008:
 7163              	.LBB2013:
 7164              	.LBI2013:
  95:../../libDaisy/src/hid/audio.h ****     ~AudioHandle() {}
 7165              		.loc 13 95 5 is_stmt 1 view .LVU1686
  95:../../libDaisy/src/hid/audio.h ****     ~AudioHandle() {}
 7166              		.loc 13 95 5 is_stmt 0 view .LVU1687
 7167              	.LBE2013:
 7168              	.LBB2016:
 7169              	.LBI2016:
 109:../../libDaisy/src/per/adc.h ****     ~AdcHandle() {}
 7170              		.loc 12 109 5 is_stmt 1 view .LVU1688
 109:../../libDaisy/src/per/adc.h ****     ~AdcHandle() {}
 7171              		.loc 12 109 5 is_stmt 0 view .LVU1689
ARM GAS  /tmp/ccM1IMph.s 			page 236


 7172              	.LBE2016:
 7173              	.LBB2017:
 7174              	.LBI2017:
 7175              		.file 28 "../../libDaisy/src/per/dac.h"
   1:../../libDaisy/src/per/dac.h **** #pragma once
   2:../../libDaisy/src/per/dac.h **** #ifndef DSY_DAC_H
   3:../../libDaisy/src/per/dac.h **** #define DSY_DAC_H
   4:../../libDaisy/src/per/dac.h **** 
   5:../../libDaisy/src/per/dac.h **** #include "daisy_core.h"
   6:../../libDaisy/src/per/dac.h **** 
   7:../../libDaisy/src/per/dac.h **** namespace daisy
   8:../../libDaisy/src/per/dac.h **** {
   9:../../libDaisy/src/per/dac.h **** /** @brief DAC handle for Built-in DAC Peripheral 
  10:../../libDaisy/src/per/dac.h ****  *  @ingroup per_analog
  11:../../libDaisy/src/per/dac.h ****  ** 
  12:../../libDaisy/src/per/dac.h ****  ** For now only Normal Mode is supported,
  13:../../libDaisy/src/per/dac.h ****  ** Sample and hold mode provides reduced power consumption, but requires a bit more setup.
  14:../../libDaisy/src/per/dac.h ****  **
  15:../../libDaisy/src/per/dac.h ****  ** For now connecting the DAC through other internal peripherals is also not supported.
  16:../../libDaisy/src/per/dac.h ****  **
  17:../../libDaisy/src/per/dac.h ****  ** Since the DAC channels have dedicated pins we don't need to pass in a pin config like with
  18:../../libDaisy/src/per/dac.h ****  ** other modules. However, it is still important to not try to use the DAC pins for anything else.
  19:../../libDaisy/src/per/dac.h ****  ** DAC Channel 1 is on PA4, and DAC Channel 2 is on PA5
  20:../../libDaisy/src/per/dac.h ****  ***/
  21:../../libDaisy/src/per/dac.h **** class DacHandle
  22:../../libDaisy/src/per/dac.h **** {
  23:../../libDaisy/src/per/dac.h ****   public:
  24:../../libDaisy/src/per/dac.h ****     /** Return Values for the DacHandle class */
  25:../../libDaisy/src/per/dac.h ****     enum class Result
  26:../../libDaisy/src/per/dac.h ****     {
  27:../../libDaisy/src/per/dac.h ****         OK,
  28:../../libDaisy/src/per/dac.h ****         ERR,
  29:../../libDaisy/src/per/dac.h ****     };
  30:../../libDaisy/src/per/dac.h **** 
  31:../../libDaisy/src/per/dac.h ****     /** Selects which channel(s) will be configured for use. */
  32:../../libDaisy/src/per/dac.h ****     enum class Channel
  33:../../libDaisy/src/per/dac.h ****     {
  34:../../libDaisy/src/per/dac.h ****         ONE,
  35:../../libDaisy/src/per/dac.h ****         TWO,
  36:../../libDaisy/src/per/dac.h ****         BOTH,
  37:../../libDaisy/src/per/dac.h ****     };
  38:../../libDaisy/src/per/dac.h **** 
  39:../../libDaisy/src/per/dac.h ****     /** Sets the Mode for the DAC channels.
  40:../../libDaisy/src/per/dac.h ****      **
  41:../../libDaisy/src/per/dac.h ****      ** Polling mode uses the blocking mode to transmit a single value at a time.
  42:../../libDaisy/src/per/dac.h ****      **
  43:../../libDaisy/src/per/dac.h ****      ** DMA mode uses a buffer, and periodically transmits it triggering a 
  44:../../libDaisy/src/per/dac.h ****      ** callback to fill the buffer when it is ready for more samples.
  45:../../libDaisy/src/per/dac.h ****      ***/
  46:../../libDaisy/src/per/dac.h ****     enum class Mode
  47:../../libDaisy/src/per/dac.h ****     {
  48:../../libDaisy/src/per/dac.h ****         POLLING,
  49:../../libDaisy/src/per/dac.h ****         DMA,
  50:../../libDaisy/src/per/dac.h ****     };
  51:../../libDaisy/src/per/dac.h **** 
  52:../../libDaisy/src/per/dac.h ****     /** Sets the number of bits per sample transmitted out of the DAC.
  53:../../libDaisy/src/per/dac.h ****      ** The output range will be: 0V - VDDA
ARM GAS  /tmp/ccM1IMph.s 			page 237


  54:../../libDaisy/src/per/dac.h ****      ** The resolution will be roughly: bitdepth / (VDDA - 0V) 
  55:../../libDaisy/src/per/dac.h ****      ***/
  56:../../libDaisy/src/per/dac.h ****     enum class BitDepth
  57:../../libDaisy/src/per/dac.h ****     {
  58:../../libDaisy/src/per/dac.h ****         BITS_8,
  59:../../libDaisy/src/per/dac.h ****         BITS_12
  60:../../libDaisy/src/per/dac.h ****     };
  61:../../libDaisy/src/per/dac.h **** 
  62:../../libDaisy/src/per/dac.h ****     /** Sets whether the DAC output is buffered for higher drive ability. */
  63:../../libDaisy/src/per/dac.h ****     enum class BufferState
  64:../../libDaisy/src/per/dac.h ****     {
  65:../../libDaisy/src/per/dac.h ****         ENABLED,
  66:../../libDaisy/src/per/dac.h ****         DISABLED,
  67:../../libDaisy/src/per/dac.h ****     };
  68:../../libDaisy/src/per/dac.h **** 
  69:../../libDaisy/src/per/dac.h ****     /** Configuration structure for initializing the DAC structure. */
  70:../../libDaisy/src/per/dac.h ****     struct Config
  71:../../libDaisy/src/per/dac.h ****     {
  72:../../libDaisy/src/per/dac.h ****         /** Target Samplerate in Hz used to configure the internal 
  73:../../libDaisy/src/per/dac.h ****          ** timebase for DMA mode. Does nothing in POLLING mode.
  74:../../libDaisy/src/per/dac.h ****          ** If the value is 0 at Init time this will default to 48000Hz 
  75:../../libDaisy/src/per/dac.h ****          ** otherwise the driver will attempt meet the target.*/
  76:../../libDaisy/src/per/dac.h ****         uint32_t target_samplerate;
  77:../../libDaisy/src/per/dac.h **** 
  78:../../libDaisy/src/per/dac.h ****         Channel     chn;
  79:../../libDaisy/src/per/dac.h ****         Mode        mode;
  80:../../libDaisy/src/per/dac.h ****         BitDepth    bitdepth;
  81:../../libDaisy/src/per/dac.h ****         BufferState buff_state;
  82:../../libDaisy/src/per/dac.h ****     };
  83:../../libDaisy/src/per/dac.h **** 
  84:../../libDaisy/src/per/dac.h ****     DacHandle() : pimpl_(nullptr) {}
 7176              		.loc 28 84 5 is_stmt 1 view .LVU1690
 7177              		.loc 28 84 5 is_stmt 0 view .LVU1691
 7178              	.LBE2017:
 7179              	.LBB2020:
 7180              	.LBI2020:
  40:../../libDaisy/src/hid/usb.h **** 
 7181              		.loc 11 40 5 is_stmt 1 view .LVU1692
  40:../../libDaisy/src/hid/usb.h **** 
 7182              		.loc 11 40 5 is_stmt 0 view .LVU1693
 7183              	.LBE2020:
 7184              	.LBB2021:
 7185              	.LBI2021:
  96:../../libDaisy/src/sys/system.h ****     ~System() {}
 7186              		.loc 10 96 5 is_stmt 1 view .LVU1694
  96:../../libDaisy/src/sys/system.h ****     ~System() {}
 7187              		.loc 10 96 5 is_stmt 0 view .LVU1695
 7188              	.LBE2021:
 7189              	.LBB2022:
 7190              	.LBI2022:
 7191              		.file 29 "../../libDaisy/src/per/sai.h"
   1:../../libDaisy/src/per/sai.h **** #pragma once
   2:../../libDaisy/src/per/sai.h **** #ifndef DSY_SAI_H
   3:../../libDaisy/src/per/sai.h **** #define DSY_SAI_H
   4:../../libDaisy/src/per/sai.h **** 
   5:../../libDaisy/src/per/sai.h **** #include "daisy_core.h"
   6:../../libDaisy/src/per/sai.h **** 
ARM GAS  /tmp/ccM1IMph.s 			page 238


   7:../../libDaisy/src/per/sai.h **** namespace daisy
   8:../../libDaisy/src/per/sai.h **** {
   9:../../libDaisy/src/per/sai.h **** /** 
  10:../../libDaisy/src/per/sai.h ****  * Support for I2S Audio Protocol with different bit-depth, samplerate options
  11:../../libDaisy/src/per/sai.h ****  * Allows for master or slave, as well as freedom of selecting direction, 
  12:../../libDaisy/src/per/sai.h ****  * and other behavior for each peripheral, and block.
  13:../../libDaisy/src/per/sai.h ****  * 
  14:../../libDaisy/src/per/sai.h ****  * DMA Transfer commands must use buffers located within non-cached memory or use cache maintenance
  15:../../libDaisy/src/per/sai.h ****  * To declare an unitialized global element in the DMA memory section:
  16:../../libDaisy/src/per/sai.h ****  *    int32_t DSY_DMA_BUFFER_SECTOR my_buffer[96];
  17:../../libDaisy/src/per/sai.h ****  *
  18:../../libDaisy/src/per/sai.h ****  * Callback functions will be called once per half of the buffer. In the above example, 
  19:../../libDaisy/src/per/sai.h ****  * the callback function would be called once for every 48 samples.
  20:../../libDaisy/src/per/sai.h ****  * 
  21:../../libDaisy/src/per/sai.h ****  * Use SAI Handle like this:
  22:../../libDaisy/src/per/sai.h ****  * 
  23:../../libDaisy/src/per/sai.h ****  *  SaiHandle::Config sai_config;
  24:../../libDaisy/src/per/sai.h ****  *  sai_config.periph          = SaiHandle::Config::Peripheral::SAI_1;
  25:../../libDaisy/src/per/sai.h ****  *  sai_config.sr              = SaiHandle::Config::SampleRate::SAI_48KHZ;
  26:../../libDaisy/src/per/sai.h ****  *  sai_config.bit_depth       = SaiHandle::Config::BitDepth::SAI_24BIT;
  27:../../libDaisy/src/per/sai.h ****  *  sai_config.a_sync          = SaiHandle::Config::Sync::MASTER;
  28:../../libDaisy/src/per/sai.h ****  *  sai_config.b_sync          = SaiHandle::Config::Sync::SLAVE;
  29:../../libDaisy/src/per/sai.h ****  *  sai_config.a_dir           = SaiHandle::Config::Direction::RECEIVE;
  30:../../libDaisy/src/per/sai.h ****  *  sai_config.b_dir           = SaiHandle::Config::Direction::TRANSMIT;
  31:../../libDaisy/src/per/sai.h ****  *  sai_config.pin_config.fs   = {DSY_GPIOE, 4};
  32:../../libDaisy/src/per/sai.h ****  *  sai_config.pin_config.mclk = {DSY_GPIOE, 2};
  33:../../libDaisy/src/per/sai.h ****  *  sai_config.pin_config.sck  = {DSY_GPIOE, 5};
  34:../../libDaisy/src/per/sai.h ****  *  sai_config.pin_config.sa   = {DSY_GPIOE, 6};
  35:../../libDaisy/src/per/sai.h ****  *  sai_config.pin_config.sb   = {DSY_GPIOE, 3};
  36:../../libDaisy/src/per/sai.h ****  *  // Then Initialize
  37:../../libDaisy/src/per/sai.h ****  *  SaiHandle sai;
  38:../../libDaisy/src/per/sai.h ****  *  sai.Init(sai_config);
  39:../../libDaisy/src/per/sai.h ****  *  // Now you can use it:
  40:../../libDaisy/src/per/sai.h ****  *  sai.StartDma(. . .);
  41:../../libDaisy/src/per/sai.h ****  */
  42:../../libDaisy/src/per/sai.h **** class SaiHandle
  43:../../libDaisy/src/per/sai.h **** {
  44:../../libDaisy/src/per/sai.h ****   public:
  45:../../libDaisy/src/per/sai.h ****     /** Contains settings for initialising an SAI Interface */
  46:../../libDaisy/src/per/sai.h ****     struct Config
  47:../../libDaisy/src/per/sai.h ****     {
  48:../../libDaisy/src/per/sai.h ****         /** Specifies the internal peripheral to use (mapped to different hardware pins) */
  49:../../libDaisy/src/per/sai.h ****         enum class Peripheral
  50:../../libDaisy/src/per/sai.h ****         {
  51:../../libDaisy/src/per/sai.h ****             SAI_1,
  52:../../libDaisy/src/per/sai.h ****             SAI_2,
  53:../../libDaisy/src/per/sai.h ****         };
  54:../../libDaisy/src/per/sai.h **** 
  55:../../libDaisy/src/per/sai.h ****         /** Rate at which samples will be streaming to/from the device. */
  56:../../libDaisy/src/per/sai.h ****         enum class SampleRate
  57:../../libDaisy/src/per/sai.h ****         {
  58:../../libDaisy/src/per/sai.h ****             SAI_8KHZ,
  59:../../libDaisy/src/per/sai.h ****             SAI_16KHZ,
  60:../../libDaisy/src/per/sai.h ****             SAI_32KHZ,
  61:../../libDaisy/src/per/sai.h ****             SAI_48KHZ,
  62:../../libDaisy/src/per/sai.h ****             SAI_96KHZ,
  63:../../libDaisy/src/per/sai.h ****         };
ARM GAS  /tmp/ccM1IMph.s 			page 239


  64:../../libDaisy/src/per/sai.h **** 
  65:../../libDaisy/src/per/sai.h ****         /** Bit Depth that the hardware expects to be transferred to/from the device. */
  66:../../libDaisy/src/per/sai.h ****         enum class BitDepth
  67:../../libDaisy/src/per/sai.h ****         {
  68:../../libDaisy/src/per/sai.h ****             SAI_16BIT,
  69:../../libDaisy/src/per/sai.h ****             SAI_24BIT,
  70:../../libDaisy/src/per/sai.h ****             SAI_32BIT,
  71:../../libDaisy/src/per/sai.h ****         };
  72:../../libDaisy/src/per/sai.h **** 
  73:../../libDaisy/src/per/sai.h ****         /** Specifies whether a particular block is the master or the slave 
  74:../../libDaisy/src/per/sai.h ****          ** If both are set to slave, no MCLK signal will be used, and it is
  75:../../libDaisy/src/per/sai.h ****          ** expected that the codec will have its own xtal.
  76:../../libDaisy/src/per/sai.h ****          */
  77:../../libDaisy/src/per/sai.h ****         enum class Sync
  78:../../libDaisy/src/per/sai.h ****         {
  79:../../libDaisy/src/per/sai.h ****             MASTER,
  80:../../libDaisy/src/per/sai.h ****             SLAVE,
  81:../../libDaisy/src/per/sai.h ****         };
  82:../../libDaisy/src/per/sai.h **** 
  83:../../libDaisy/src/per/sai.h ****         /** Specifies the direction for each peripheral block. */
  84:../../libDaisy/src/per/sai.h ****         enum class Direction
  85:../../libDaisy/src/per/sai.h ****         {
  86:../../libDaisy/src/per/sai.h ****             TRANSMIT,
  87:../../libDaisy/src/per/sai.h ****             RECEIVE,
  88:../../libDaisy/src/per/sai.h ****         };
  89:../../libDaisy/src/per/sai.h **** 
  90:../../libDaisy/src/per/sai.h ****         Peripheral periph;
  91:../../libDaisy/src/per/sai.h ****         struct
  92:../../libDaisy/src/per/sai.h ****         {
  93:../../libDaisy/src/per/sai.h ****             dsy_gpio_pin mclk, fs, sck, sa, sb;
  94:../../libDaisy/src/per/sai.h ****         } pin_config;
  95:../../libDaisy/src/per/sai.h ****         SampleRate sr;
  96:../../libDaisy/src/per/sai.h ****         BitDepth   bit_depth;
  97:../../libDaisy/src/per/sai.h ****         Sync       a_sync, b_sync;
  98:../../libDaisy/src/per/sai.h ****         Direction  a_dir, b_dir;
  99:../../libDaisy/src/per/sai.h ****     };
 100:../../libDaisy/src/per/sai.h **** 
 101:../../libDaisy/src/per/sai.h ****     /** Return values for SAI functions */
 102:../../libDaisy/src/per/sai.h ****     enum class Result
 103:../../libDaisy/src/per/sai.h ****     {
 104:../../libDaisy/src/per/sai.h ****         OK,
 105:../../libDaisy/src/per/sai.h ****         ERR,
 106:../../libDaisy/src/per/sai.h ****     };
 107:../../libDaisy/src/per/sai.h **** 
 108:../../libDaisy/src/per/sai.h ****     SaiHandle() : pimpl_(nullptr) {}
 7192              		.loc 29 108 5 is_stmt 1 view .LVU1696
 7193              		.loc 29 108 5 is_stmt 0 view .LVU1697
 7194              	.LBE2022:
 7195              	.LBE2007:
 7196              	.LBE2006:
 7197              	.LBB2032:
 7198              	.LBI2032:
  20:../../libDaisy/src/hid/encoder.h ****     ~Encoder() {}
 7199              		.loc 7 20 5 is_stmt 1 view .LVU1698
 7200              	.LBB2033:
 7201              	.LBB2034:
 7202              	.LBI2034:
ARM GAS  /tmp/ccM1IMph.s 			page 240


  41:../../libDaisy/src/hid/switch.h ****     ~Switch() {}
 7203              		.loc 8 41 5 view .LVU1699
  41:../../libDaisy/src/hid/switch.h ****     ~Switch() {}
 7204              		.loc 8 41 5 is_stmt 0 view .LVU1700
 7205              	.LBE2034:
 7206              	.LBE2033:
 7207              	.LBE2032:
 7208              	.LBE2005:
 7209              	.LBE2004:
 7210              	.LBE2003:
 7211              	.LBE2002:
  39:../../libDaisy/src/daisy_patch.h ****     /** Destructor */
 7212              		.loc 1 39 18 is_stmt 1 view .LVU1701
  39:../../libDaisy/src/daisy_patch.h ****     /** Destructor */
 7213              		.loc 1 39 18 view .LVU1702
 7214              	.LBB2152:
 7215              	.LBB2147:
 7216              	.LBB2138:
 7217              	.LBB2131:
 7218              	.LBB2035:
 7219              	.LBI2035:
 7220              		.file 30 "../../libDaisy/src/hid/gatein.h"
   1:../../libDaisy/src/hid/gatein.h **** #pragma once
   2:../../libDaisy/src/hid/gatein.h **** #ifndef DSY_GATEIN_H
   3:../../libDaisy/src/hid/gatein.h **** #define DSY_GATEIN_H
   4:../../libDaisy/src/hid/gatein.h **** #include "per/gpio.h"
   5:../../libDaisy/src/hid/gatein.h **** 
   6:../../libDaisy/src/hid/gatein.h **** namespace daisy
   7:../../libDaisy/src/hid/gatein.h **** {
   8:../../libDaisy/src/hid/gatein.h **** /**
   9:../../libDaisy/src/hid/gatein.h ****    @brief Generic Class for handling gate inputs through GPIO.
  10:../../libDaisy/src/hid/gatein.h ****    @author Stephen Hensley
  11:../../libDaisy/src/hid/gatein.h ****    @date    March 2020
  12:../../libDaisy/src/hid/gatein.h ****    @ingroup controls
  13:../../libDaisy/src/hid/gatein.h **** */
  14:../../libDaisy/src/hid/gatein.h **** class GateIn
  15:../../libDaisy/src/hid/gatein.h **** {
  16:../../libDaisy/src/hid/gatein.h ****   public:
  17:../../libDaisy/src/hid/gatein.h ****     /** GateIn Constructor */
  18:../../libDaisy/src/hid/gatein.h ****     GateIn() {}
 7221              		.loc 30 18 5 view .LVU1703
 7222              	.LBB2036:
 7223              	.LBB2037:
 7224              	.LBI2037:
 7225              		.file 31 "../../libDaisy/src/per/gpio.h"
   1:../../libDaisy/src/per/gpio.h **** #pragma once
   2:../../libDaisy/src/per/gpio.h **** #ifndef DSY_GPIO_H
   3:../../libDaisy/src/per/gpio.h **** #define DSY_GPIO_H
   4:../../libDaisy/src/per/gpio.h **** #include "daisy_core.h"
   5:../../libDaisy/src/per/gpio.h **** 
   6:../../libDaisy/src/per/gpio.h **** #ifdef __cplusplus
   7:../../libDaisy/src/per/gpio.h **** 
   8:../../libDaisy/src/per/gpio.h **** namespace daisy
   9:../../libDaisy/src/per/gpio.h **** {
  10:../../libDaisy/src/per/gpio.h **** /** @brief General Purpose I/O control 
  11:../../libDaisy/src/per/gpio.h ****  *  @details peripheral control over a single GPIO
  12:../../libDaisy/src/per/gpio.h ****  *  @ingroup peripheral
ARM GAS  /tmp/ccM1IMph.s 			page 241


  13:../../libDaisy/src/per/gpio.h ****  *   
  14:../../libDaisy/src/per/gpio.h ****  *  Button Input (with internal Pullup resistor)
  15:../../libDaisy/src/per/gpio.h ****  *  @include GPIO_Input.cpp 
  16:../../libDaisy/src/per/gpio.h ****  * 
  17:../../libDaisy/src/per/gpio.h ****  *  Output Example (perfect for blinking an LED)
  18:../../libDaisy/src/per/gpio.h ****  *  @include GPIO_Output.cpp
  19:../../libDaisy/src/per/gpio.h ****  * 
  20:../../libDaisy/src/per/gpio.h **** */
  21:../../libDaisy/src/per/gpio.h **** class GPIO
  22:../../libDaisy/src/per/gpio.h **** {
  23:../../libDaisy/src/per/gpio.h ****   public:
  24:../../libDaisy/src/per/gpio.h ****     /** @brief Mode of operation for the specified GPIO */
  25:../../libDaisy/src/per/gpio.h ****     enum class Mode
  26:../../libDaisy/src/per/gpio.h ****     {
  27:../../libDaisy/src/per/gpio.h ****         INPUT,     /**< Input for reading state of pin */
  28:../../libDaisy/src/per/gpio.h ****         OUTPUT,    /**< Output w/ push-pull configuration */
  29:../../libDaisy/src/per/gpio.h ****         OUTPUT_OD, /**< Output w/ open-drain configuration */
  30:../../libDaisy/src/per/gpio.h ****         ANALOG,    /**< Analog for connection to ADC or DAC peripheral */
  31:../../libDaisy/src/per/gpio.h ****     };
  32:../../libDaisy/src/per/gpio.h **** 
  33:../../libDaisy/src/per/gpio.h ****     /** @brief Configures whether an internal Pull up or Pull down resistor is used. 
  34:../../libDaisy/src/per/gpio.h ****      *  
  35:../../libDaisy/src/per/gpio.h ****      * Internal Pull up/down resistors are typically 40k ohms, and will be between
  36:../../libDaisy/src/per/gpio.h ****      * 30k and 50k
  37:../../libDaisy/src/per/gpio.h ****      * 
  38:../../libDaisy/src/per/gpio.h ****      * When the Pin is configured in Analog mode, the pull up/down resistors are
  39:../../libDaisy/src/per/gpio.h ****      * disabled by hardware. 
  40:../../libDaisy/src/per/gpio.h ****      */
  41:../../libDaisy/src/per/gpio.h ****     enum class Pull
  42:../../libDaisy/src/per/gpio.h ****     {
  43:../../libDaisy/src/per/gpio.h ****         NOPULL,   /**< No pull up resistor */
  44:../../libDaisy/src/per/gpio.h ****         PULLUP,   /**< Internal pull up enabled */
  45:../../libDaisy/src/per/gpio.h ****         PULLDOWN, /**< Internal pull down enabled*/
  46:../../libDaisy/src/per/gpio.h ****     };
  47:../../libDaisy/src/per/gpio.h **** 
  48:../../libDaisy/src/per/gpio.h ****     /** @brief Output speed controls the drive strength, and slew rate of the pin */
  49:../../libDaisy/src/per/gpio.h ****     enum class Speed
  50:../../libDaisy/src/per/gpio.h ****     {
  51:../../libDaisy/src/per/gpio.h ****         LOW,
  52:../../libDaisy/src/per/gpio.h ****         MEDIUM,
  53:../../libDaisy/src/per/gpio.h ****         HIGH,
  54:../../libDaisy/src/per/gpio.h ****         VERY_HIGH,
  55:../../libDaisy/src/per/gpio.h ****     };
  56:../../libDaisy/src/per/gpio.h **** 
  57:../../libDaisy/src/per/gpio.h ****     /** @brief Configuration for a given GPIO */
  58:../../libDaisy/src/per/gpio.h ****     struct Config
  59:../../libDaisy/src/per/gpio.h ****     {
  60:../../libDaisy/src/per/gpio.h ****         Pin   pin;
  61:../../libDaisy/src/per/gpio.h ****         Mode  mode;
  62:../../libDaisy/src/per/gpio.h ****         Pull  pull;
  63:../../libDaisy/src/per/gpio.h ****         Speed speed;
  64:../../libDaisy/src/per/gpio.h **** 
  65:../../libDaisy/src/per/gpio.h ****         /** Constructor with no arguments will prepare an invalid GPIO set as
  66:../../libDaisy/src/per/gpio.h ****          *  an input, with no pullup. 
  67:../../libDaisy/src/per/gpio.h ****          */
  68:../../libDaisy/src/per/gpio.h ****         Config()
  69:../../libDaisy/src/per/gpio.h ****         : pin(), mode(Mode::INPUT), pull(Pull::NOPULL), speed(Speed::LOW)
ARM GAS  /tmp/ccM1IMph.s 			page 242


  70:../../libDaisy/src/per/gpio.h ****         {
  71:../../libDaisy/src/per/gpio.h ****         }
  72:../../libDaisy/src/per/gpio.h ****     };
  73:../../libDaisy/src/per/gpio.h **** 
  74:../../libDaisy/src/per/gpio.h ****     GPIO() {}
 7226              		.loc 31 74 5 view .LVU1704
 7227              	.LBB2038:
 7228              	.LBB2039:
 7229              	.LBI2039:
  68:../../libDaisy/src/per/gpio.h ****         : pin(), mode(Mode::INPUT), pull(Pull::NOPULL), speed(Speed::LOW)
 7230              		.loc 31 68 9 view .LVU1705
 7231              	.LBB2040:
 7232              	.LBB2041:
 7233              	.LBB2042:
 7234              	.LBI2042:
 7235              		.file 32 "../../libDaisy/src/daisy_core.h"
   1:../../libDaisy/src/daisy_core.h **** #pragma once
   2:../../libDaisy/src/daisy_core.h **** #ifndef DSY_CORE_HW_H
   3:../../libDaisy/src/daisy_core.h **** #define DSY_CORE_HW_H /**< & */
   4:../../libDaisy/src/daisy_core.h **** #include <stdint.h>
   5:../../libDaisy/src/daisy_core.h **** #include <stdlib.h>
   6:../../libDaisy/src/daisy_core.h **** 
   7:../../libDaisy/src/daisy_core.h **** #if defined(_MSC_VER)
   8:../../libDaisy/src/daisy_core.h **** #define FORCE_INLINE __forceinline /**< & */
   9:../../libDaisy/src/daisy_core.h **** #elif defined(__clang__)
  10:../../libDaisy/src/daisy_core.h **** #define FORCE_INLINE inline __attribute__((always_inline)) /**< & */
  11:../../libDaisy/src/daisy_core.h **** #pragma clang diagnostic ignored "-Wduplicate-decl-specifier"
  12:../../libDaisy/src/daisy_core.h **** #elif defined(__GNUC__)
  13:../../libDaisy/src/daisy_core.h **** #define FORCE_INLINE inline __attribute__((always_inline)) /**< & */
  14:../../libDaisy/src/daisy_core.h **** #else
  15:../../libDaisy/src/daisy_core.h **** #error unknown compiler
  16:../../libDaisy/src/daisy_core.h **** #endif
  17:../../libDaisy/src/daisy_core.h **** 
  18:../../libDaisy/src/daisy_core.h **** /** @addtogroup utility
  19:../../libDaisy/src/daisy_core.h ****     @{
  20:../../libDaisy/src/daisy_core.h **** */
  21:../../libDaisy/src/daisy_core.h **** 
  22:../../libDaisy/src/daisy_core.h **** /** Macro for area of memory that is configured as cacheless
  23:../../libDaisy/src/daisy_core.h **** This should be used primarily for DMA buffers, and the like.
  24:../../libDaisy/src/daisy_core.h **** */
  25:../../libDaisy/src/daisy_core.h **** #define DMA_BUFFER_MEM_SECTION __attribute__((section(".sram1_bss")))
  26:../../libDaisy/src/daisy_core.h **** /** 
  27:../../libDaisy/src/daisy_core.h **** THE DTCM RAM section is also non-cached. However, is not suitable 
  28:../../libDaisy/src/daisy_core.h **** for DMA transfers. Performance is on par with internal SRAM w/ 
  29:../../libDaisy/src/daisy_core.h **** cache enabled.
  30:../../libDaisy/src/daisy_core.h **** */
  31:../../libDaisy/src/daisy_core.h **** #define DTCM_MEM_SECTION __attribute__((section(".dtcmram_bss")))
  32:../../libDaisy/src/daisy_core.h **** 
  33:../../libDaisy/src/daisy_core.h **** #define FBIPMAX 0.999985f             /**< close to 1.0f-LSB at 16 bit */
  34:../../libDaisy/src/daisy_core.h **** #define FBIPMIN (-FBIPMAX)            /**< - (1 - LSB) */
  35:../../libDaisy/src/daisy_core.h **** #define U82F_SCALE 0.0078740f         /**< 1 / 127 */
  36:../../libDaisy/src/daisy_core.h **** #define F2U8_SCALE 127.0f             /**< 128 - 1 */
  37:../../libDaisy/src/daisy_core.h **** #define S82F_SCALE 0.0078125f         /**< 1 / (2**7) */
  38:../../libDaisy/src/daisy_core.h **** #define F2S8_SCALE 127.0f             /**< (2 ** 7) - 1 */
  39:../../libDaisy/src/daisy_core.h **** #define S162F_SCALE 3.0517578125e-05f /**< 1 / (2** 15) */
  40:../../libDaisy/src/daisy_core.h **** #define F2S16_SCALE 32767.0f          /**< (2 ** 15) - 1 */
  41:../../libDaisy/src/daisy_core.h **** #define F2S24_SCALE 8388608.0f        /**< 2 ** 23 */
ARM GAS  /tmp/ccM1IMph.s 			page 243


  42:../../libDaisy/src/daisy_core.h **** #define S242F_SCALE 1.192092896e-07f  /**< 1 / (2 ** 23) */
  43:../../libDaisy/src/daisy_core.h **** #define S24SIGN 0x800000              /**< 2 ** 23 */
  44:../../libDaisy/src/daisy_core.h **** #define S322F_SCALE 4.6566129e-10f    /**< 1 / (2** 31) */
  45:../../libDaisy/src/daisy_core.h **** #define F2S32_SCALE 2147483647.f      /**< (2 ** 31) - 1 */
  46:../../libDaisy/src/daisy_core.h **** 
  47:../../libDaisy/src/daisy_core.h **** 
  48:../../libDaisy/src/daisy_core.h **** /** shorthand macro for simplifying the reading of the left 
  49:../../libDaisy/src/daisy_core.h ****  *  channel of a non-interleaved output buffer named out */
  50:../../libDaisy/src/daisy_core.h **** #define OUT_L out[0]
  51:../../libDaisy/src/daisy_core.h **** 
  52:../../libDaisy/src/daisy_core.h **** /** shorthand macro for simplifying the reading of the right 
  53:../../libDaisy/src/daisy_core.h ****  *  channel of a non-interleaved output buffer named out */
  54:../../libDaisy/src/daisy_core.h **** #define OUT_R out[1]
  55:../../libDaisy/src/daisy_core.h **** 
  56:../../libDaisy/src/daisy_core.h **** /** shorthand macro for simplifying the reading of the left 
  57:../../libDaisy/src/daisy_core.h ****  *  channel of a non-interleaved input buffer named in */
  58:../../libDaisy/src/daisy_core.h **** #define IN_L in[0]
  59:../../libDaisy/src/daisy_core.h **** 
  60:../../libDaisy/src/daisy_core.h **** /** shorthand macro for simplifying the reading of the right 
  61:../../libDaisy/src/daisy_core.h ****  *  channel of a non-interleaved input buffer named in */
  62:../../libDaisy/src/daisy_core.h **** #define IN_R in[1]
  63:../../libDaisy/src/daisy_core.h **** 
  64:../../libDaisy/src/daisy_core.h **** /** 
  65:../../libDaisy/src/daisy_core.h ****     Computes cube.
  66:../../libDaisy/src/daisy_core.h ****     \param x Number to be cubed
  67:../../libDaisy/src/daisy_core.h ****     \return x ^ 3
  68:../../libDaisy/src/daisy_core.h **** */
  69:../../libDaisy/src/daisy_core.h **** FORCE_INLINE float cube(float x)
  70:../../libDaisy/src/daisy_core.h **** {
  71:../../libDaisy/src/daisy_core.h ****     return (x * x) * x;
  72:../../libDaisy/src/daisy_core.h **** }
  73:../../libDaisy/src/daisy_core.h **** 
  74:../../libDaisy/src/daisy_core.h **** /** 
  75:../../libDaisy/src/daisy_core.h ****     Converts unsigned 8-bit to float
  76:../../libDaisy/src/daisy_core.h ****     \param x Number to be scaled.
  77:../../libDaisy/src/daisy_core.h ****     \return Scaled number.
  78:../../libDaisy/src/daisy_core.h **** */
  79:../../libDaisy/src/daisy_core.h **** FORCE_INLINE float u82f(uint8_t x)
  80:../../libDaisy/src/daisy_core.h **** {
  81:../../libDaisy/src/daisy_core.h ****     return ((float)x - 127.f) * U82F_SCALE;
  82:../../libDaisy/src/daisy_core.h **** }
  83:../../libDaisy/src/daisy_core.h **** 
  84:../../libDaisy/src/daisy_core.h **** /**
  85:../../libDaisy/src/daisy_core.h ****     Converts float to unsigned 8-bit
  86:../../libDaisy/src/daisy_core.h **** */
  87:../../libDaisy/src/daisy_core.h **** FORCE_INLINE uint8_t f2u8(float x)
  88:../../libDaisy/src/daisy_core.h **** {
  89:../../libDaisy/src/daisy_core.h ****     x = x <= FBIPMIN ? FBIPMIN : x;
  90:../../libDaisy/src/daisy_core.h ****     x = x >= FBIPMAX ? FBIPMAX : x;
  91:../../libDaisy/src/daisy_core.h ****     return (uint8_t)((x * F2U8_SCALE) + F2U8_SCALE);
  92:../../libDaisy/src/daisy_core.h **** }
  93:../../libDaisy/src/daisy_core.h **** 
  94:../../libDaisy/src/daisy_core.h **** 
  95:../../libDaisy/src/daisy_core.h **** /** 
  96:../../libDaisy/src/daisy_core.h ****     Converts Signed 8-bit to float
  97:../../libDaisy/src/daisy_core.h ****     \param x Number to be scaled.
  98:../../libDaisy/src/daisy_core.h ****     \return Scaled number.
ARM GAS  /tmp/ccM1IMph.s 			page 244


  99:../../libDaisy/src/daisy_core.h **** */
 100:../../libDaisy/src/daisy_core.h **** FORCE_INLINE float s82f(int8_t x)
 101:../../libDaisy/src/daisy_core.h **** {
 102:../../libDaisy/src/daisy_core.h ****     return (float)x * S82F_SCALE;
 103:../../libDaisy/src/daisy_core.h **** }
 104:../../libDaisy/src/daisy_core.h **** 
 105:../../libDaisy/src/daisy_core.h **** /**
 106:../../libDaisy/src/daisy_core.h ****     Converts float to Signed 8-bit
 107:../../libDaisy/src/daisy_core.h **** */
 108:../../libDaisy/src/daisy_core.h **** FORCE_INLINE int8_t f2s8(float x)
 109:../../libDaisy/src/daisy_core.h **** {
 110:../../libDaisy/src/daisy_core.h ****     x = x <= FBIPMIN ? FBIPMIN : x;
 111:../../libDaisy/src/daisy_core.h ****     x = x >= FBIPMAX ? FBIPMAX : x;
 112:../../libDaisy/src/daisy_core.h ****     return (int32_t)(x * F2S8_SCALE);
 113:../../libDaisy/src/daisy_core.h **** }
 114:../../libDaisy/src/daisy_core.h **** 
 115:../../libDaisy/src/daisy_core.h **** /** 
 116:../../libDaisy/src/daisy_core.h ****     Converts Signed 16-bit to float
 117:../../libDaisy/src/daisy_core.h ****     \param x Number to be scaled.
 118:../../libDaisy/src/daisy_core.h ****     \return Scaled number.
 119:../../libDaisy/src/daisy_core.h **** */
 120:../../libDaisy/src/daisy_core.h **** FORCE_INLINE float s162f(int16_t x)
 121:../../libDaisy/src/daisy_core.h **** {
 122:../../libDaisy/src/daisy_core.h ****     return (float)x * S162F_SCALE;
 123:../../libDaisy/src/daisy_core.h **** }
 124:../../libDaisy/src/daisy_core.h **** 
 125:../../libDaisy/src/daisy_core.h **** /**
 126:../../libDaisy/src/daisy_core.h ****     Converts float to Signed 16-bit
 127:../../libDaisy/src/daisy_core.h **** */
 128:../../libDaisy/src/daisy_core.h **** FORCE_INLINE int16_t f2s16(float x)
 129:../../libDaisy/src/daisy_core.h **** {
 130:../../libDaisy/src/daisy_core.h ****     x = x <= FBIPMIN ? FBIPMIN : x;
 131:../../libDaisy/src/daisy_core.h ****     x = x >= FBIPMAX ? FBIPMAX : x;
 132:../../libDaisy/src/daisy_core.h ****     return (int32_t)(x * F2S16_SCALE);
 133:../../libDaisy/src/daisy_core.h **** }
 134:../../libDaisy/src/daisy_core.h **** 
 135:../../libDaisy/src/daisy_core.h **** /**
 136:../../libDaisy/src/daisy_core.h ****     Converts Signed 24-bit to float
 137:../../libDaisy/src/daisy_core.h ****  */
 138:../../libDaisy/src/daisy_core.h **** FORCE_INLINE float s242f(int32_t x)
 139:../../libDaisy/src/daisy_core.h **** {
 140:../../libDaisy/src/daisy_core.h ****     x = (x ^ S24SIGN) - S24SIGN; //sign extend aka ((x<<8)>>8)
 141:../../libDaisy/src/daisy_core.h ****     return (float)x * S242F_SCALE;
 142:../../libDaisy/src/daisy_core.h **** }
 143:../../libDaisy/src/daisy_core.h **** /**
 144:../../libDaisy/src/daisy_core.h ****     Converts float to Signed 24-bit
 145:../../libDaisy/src/daisy_core.h ****  */
 146:../../libDaisy/src/daisy_core.h **** FORCE_INLINE int32_t f2s24(float x)
 147:../../libDaisy/src/daisy_core.h **** {
 148:../../libDaisy/src/daisy_core.h ****     x = x <= FBIPMIN ? FBIPMIN : x;
 149:../../libDaisy/src/daisy_core.h ****     x = x >= FBIPMAX ? FBIPMAX : x;
 150:../../libDaisy/src/daisy_core.h ****     return (int32_t)(x * F2S24_SCALE);
 151:../../libDaisy/src/daisy_core.h **** }
 152:../../libDaisy/src/daisy_core.h **** 
 153:../../libDaisy/src/daisy_core.h **** /**
 154:../../libDaisy/src/daisy_core.h ****     Converts Signed 32-bit to float
 155:../../libDaisy/src/daisy_core.h ****  */
ARM GAS  /tmp/ccM1IMph.s 			page 245


 156:../../libDaisy/src/daisy_core.h **** FORCE_INLINE float s322f(int32_t x)
 157:../../libDaisy/src/daisy_core.h **** {
 158:../../libDaisy/src/daisy_core.h ****     return (float)x * S322F_SCALE;
 159:../../libDaisy/src/daisy_core.h **** }
 160:../../libDaisy/src/daisy_core.h **** /**
 161:../../libDaisy/src/daisy_core.h ****     Converts float to Signed 24-bit
 162:../../libDaisy/src/daisy_core.h ****  */
 163:../../libDaisy/src/daisy_core.h **** FORCE_INLINE int32_t f2s32(float x)
 164:../../libDaisy/src/daisy_core.h **** {
 165:../../libDaisy/src/daisy_core.h ****     x = x <= FBIPMIN ? FBIPMIN : x;
 166:../../libDaisy/src/daisy_core.h ****     x = x >= FBIPMAX ? FBIPMAX : x;
 167:../../libDaisy/src/daisy_core.h ****     return (int32_t)(x * F2S32_SCALE);
 168:../../libDaisy/src/daisy_core.h **** }
 169:../../libDaisy/src/daisy_core.h **** 
 170:../../libDaisy/src/daisy_core.h **** 
 171:../../libDaisy/src/daisy_core.h **** /** Enums and a simple struct for defining a hardware pin on the MCU
 172:../../libDaisy/src/daisy_core.h ****  *  These correlate with the stm32 datasheet, and are used to configure
 173:../../libDaisy/src/daisy_core.h ****  *  the hardware.
 174:../../libDaisy/src/daisy_core.h ****  * 
 175:../../libDaisy/src/daisy_core.h ****  *  This along with the dsy_gpio_pin class should no longer be used.
 176:../../libDaisy/src/daisy_core.h ****  *  They are available for backwards compatability. 
 177:../../libDaisy/src/daisy_core.h ****  * 
 178:../../libDaisy/src/daisy_core.h ****  *  Please use GPIOPort enum and the Pin struct instead.
 179:../../libDaisy/src/daisy_core.h ****  */
 180:../../libDaisy/src/daisy_core.h **** typedef enum
 181:../../libDaisy/src/daisy_core.h **** {
 182:../../libDaisy/src/daisy_core.h ****     DSY_GPIOA, /**< & */
 183:../../libDaisy/src/daisy_core.h ****     DSY_GPIOB, /**< & */
 184:../../libDaisy/src/daisy_core.h ****     DSY_GPIOC, /**< & */
 185:../../libDaisy/src/daisy_core.h ****     DSY_GPIOD, /**< & */
 186:../../libDaisy/src/daisy_core.h ****     DSY_GPIOE, /**< & */
 187:../../libDaisy/src/daisy_core.h ****     DSY_GPIOF, /**< & */
 188:../../libDaisy/src/daisy_core.h ****     DSY_GPIOG, /**< & */
 189:../../libDaisy/src/daisy_core.h ****     DSY_GPIOH, /**< & */
 190:../../libDaisy/src/daisy_core.h ****     DSY_GPIOI, /**< & */
 191:../../libDaisy/src/daisy_core.h ****     DSY_GPIOJ, /**< & */
 192:../../libDaisy/src/daisy_core.h ****     DSY_GPIOK, /**< & */
 193:../../libDaisy/src/daisy_core.h ****     DSY_GPIOX, /** This is a non-existant port for unsupported bits of hardware. */
 194:../../libDaisy/src/daisy_core.h ****     DSY_GPIO_LAST, /** Final enum member */
 195:../../libDaisy/src/daisy_core.h **** } dsy_gpio_port;
 196:../../libDaisy/src/daisy_core.h **** 
 197:../../libDaisy/src/daisy_core.h **** /** Hardware define pins 
 198:../../libDaisy/src/daisy_core.h ****  *  
 199:../../libDaisy/src/daisy_core.h ****  *  The dsy_gpio_pin struct should no longer be used, and is only available for
 200:../../libDaisy/src/daisy_core.h ****  *  backwards compatability.
 201:../../libDaisy/src/daisy_core.h ****  * 
 202:../../libDaisy/src/daisy_core.h ****  *  Please use Pin struct instead.
 203:../../libDaisy/src/daisy_core.h ****  */
 204:../../libDaisy/src/daisy_core.h **** typedef struct
 205:../../libDaisy/src/daisy_core.h **** {
 206:../../libDaisy/src/daisy_core.h ****     dsy_gpio_port port; /**< & */
 207:../../libDaisy/src/daisy_core.h ****     uint8_t       pin;  /**< number 0-15 */
 208:../../libDaisy/src/daisy_core.h **** } dsy_gpio_pin;
 209:../../libDaisy/src/daisy_core.h **** 
 210:../../libDaisy/src/daisy_core.h **** /** Helper for creating pins from port/pin combos easily
 211:../../libDaisy/src/daisy_core.h ****  * 
 212:../../libDaisy/src/daisy_core.h ****  *  The dsy_gpio_pin struct should no longer be used, and is only available for
ARM GAS  /tmp/ccM1IMph.s 			page 246


 213:../../libDaisy/src/daisy_core.h ****  *  backwards compatability.
 214:../../libDaisy/src/daisy_core.h ****  * 
 215:../../libDaisy/src/daisy_core.h ****  *  Please use Pin struct instead.
 216:../../libDaisy/src/daisy_core.h **** */
 217:../../libDaisy/src/daisy_core.h **** FORCE_INLINE dsy_gpio_pin dsy_pin(dsy_gpio_port port, uint8_t pin)
 218:../../libDaisy/src/daisy_core.h **** {
 219:../../libDaisy/src/daisy_core.h ****     dsy_gpio_pin p;
 220:../../libDaisy/src/daisy_core.h ****     p.port = port;
 221:../../libDaisy/src/daisy_core.h ****     p.pin  = pin;
 222:../../libDaisy/src/daisy_core.h ****     return p;
 223:../../libDaisy/src/daisy_core.h **** }
 224:../../libDaisy/src/daisy_core.h **** 
 225:../../libDaisy/src/daisy_core.h **** /** Helper for testing sameness of two dsy_gpio_pins
 226:../../libDaisy/src/daisy_core.h ****  *  \return    1 if same, 0 if different
 227:../../libDaisy/src/daisy_core.h ****  * 
 228:../../libDaisy/src/daisy_core.h ****  *  The dsy_gpio_pin struct should no longer be used, and is only available for
 229:../../libDaisy/src/daisy_core.h ****  *  backwards compatability.
 230:../../libDaisy/src/daisy_core.h ****  * 
 231:../../libDaisy/src/daisy_core.h ****  *  Please use Pin struct instead.
 232:../../libDaisy/src/daisy_core.h ****  */
 233:../../libDaisy/src/daisy_core.h **** FORCE_INLINE uint8_t dsy_pin_cmp(dsy_gpio_pin *a, dsy_gpio_pin *b)
 234:../../libDaisy/src/daisy_core.h **** {
 235:../../libDaisy/src/daisy_core.h ****     return ((a->port == b->port) && (a->pin == b->pin));
 236:../../libDaisy/src/daisy_core.h **** }
 237:../../libDaisy/src/daisy_core.h **** 
 238:../../libDaisy/src/daisy_core.h **** #ifdef __cplusplus
 239:../../libDaisy/src/daisy_core.h **** 
 240:../../libDaisy/src/daisy_core.h **** namespace daisy
 241:../../libDaisy/src/daisy_core.h **** {
 242:../../libDaisy/src/daisy_core.h **** /** @brief GPIO Port names */
 243:../../libDaisy/src/daisy_core.h **** enum GPIOPort
 244:../../libDaisy/src/daisy_core.h **** {
 245:../../libDaisy/src/daisy_core.h ****     PORTA, /**< Port A */
 246:../../libDaisy/src/daisy_core.h ****     PORTB, /**< Port B */
 247:../../libDaisy/src/daisy_core.h ****     PORTC, /**< Port C */
 248:../../libDaisy/src/daisy_core.h ****     PORTD, /**< Port D */
 249:../../libDaisy/src/daisy_core.h ****     PORTE, /**< Port E */
 250:../../libDaisy/src/daisy_core.h ****     PORTF, /**< Port F */
 251:../../libDaisy/src/daisy_core.h ****     PORTG, /**< Port G */
 252:../../libDaisy/src/daisy_core.h ****     PORTH, /**< Port H */
 253:../../libDaisy/src/daisy_core.h ****     PORTI, /**< Port I */
 254:../../libDaisy/src/daisy_core.h ****     PORTJ, /**< Port J */
 255:../../libDaisy/src/daisy_core.h ****     PORTK, /**< Port K */
 256:../../libDaisy/src/daisy_core.h ****     PORTX, /**< Used as a dummy port to signal an invalid pin. */
 257:../../libDaisy/src/daisy_core.h **** };
 258:../../libDaisy/src/daisy_core.h **** 
 259:../../libDaisy/src/daisy_core.h **** /** @brief representation of hardware port/pin combination */
 260:../../libDaisy/src/daisy_core.h **** struct Pin
 261:../../libDaisy/src/daisy_core.h **** {
 262:../../libDaisy/src/daisy_core.h ****     GPIOPort port;
 263:../../libDaisy/src/daisy_core.h ****     uint8_t  pin;
 264:../../libDaisy/src/daisy_core.h **** 
 265:../../libDaisy/src/daisy_core.h ****     /** @brief Constructor creates a valid pin. 
 266:../../libDaisy/src/daisy_core.h ****      *  @param pt GPIOPort between PA, and PK corresponding to STM32 Port.
 267:../../libDaisy/src/daisy_core.h ****      *  @param pn pin number in range of 0-15
 268:../../libDaisy/src/daisy_core.h ****     */
 269:../../libDaisy/src/daisy_core.h ****     constexpr Pin(const GPIOPort pt, const uint8_t pn) : port(pt), pin(pn) {}
ARM GAS  /tmp/ccM1IMph.s 			page 247


 270:../../libDaisy/src/daisy_core.h **** 
 271:../../libDaisy/src/daisy_core.h ****     /** @brief Basic Constructor creates an invalid Pin object */
 272:../../libDaisy/src/daisy_core.h ****     constexpr Pin() : port(PORTX), pin(255) {}
 7236              		.loc 32 272 15 view .LVU1706
 7237              		.loc 32 272 15 is_stmt 0 view .LVU1707
 7238              	.LBE2042:
 7239              	.LBE2041:
 7240              	.LBE2040:
 7241              	.LBE2039:
 7242              	.LBE2038:
 7243              	.LBE2037:
 7244              	.LBE2036:
 7245              	.LBE2035:
 7246              	.LBE2131:
 7247              	.LBE2138:
 7248              	.LBE2147:
 7249              	.LBE2152:
  39:../../libDaisy/src/daisy_patch.h ****     /** Destructor */
 7250              		.loc 1 39 18 is_stmt 1 view .LVU1708
  39:../../libDaisy/src/daisy_patch.h ****     /** Destructor */
 7251              		.loc 1 39 18 view .LVU1709
 7252              	.LBB2153:
 7253              	.LBB2148:
 7254              	.LBB2139:
 7255              	.LBB2132:
 7256              	.LBB2056:
 7257              		.loc 30 18 5 view .LVU1710
 7258              	.LBB2054:
 7259              	.LBB2052:
 7260              		.loc 31 74 5 view .LVU1711
 7261              	.LBB2050:
 7262              	.LBB2048:
  68:../../libDaisy/src/per/gpio.h ****         : pin(), mode(Mode::INPUT), pull(Pull::NOPULL), speed(Speed::LOW)
 7263              		.loc 31 68 9 view .LVU1712
 7264              	.LBB2046:
 7265              	.LBB2044:
 7266              	.LBB2043:
 7267              		.loc 32 272 15 view .LVU1713
 7268              		.loc 32 272 15 is_stmt 0 view .LVU1714
 7269              	.LBE2043:
 7270              	.LBE2044:
 7271              	.LBE2046:
 7272              	.LBE2048:
 7273              	.LBE2050:
 7274              	.LBE2052:
 7275              	.LBE2054:
 7276              	.LBE2056:
 7277              	.LBE2132:
 7278              	.LBE2139:
 7279              	.LBE2148:
 7280              	.LBE2153:
  39:../../libDaisy/src/daisy_patch.h ****     /** Destructor */
 7281              		.loc 1 39 18 is_stmt 1 view .LVU1715
  39:../../libDaisy/src/daisy_patch.h ****     /** Destructor */
 7282              		.loc 1 39 18 view .LVU1716
 7283              	.LBB2154:
 7284              	.LBB2149:
ARM GAS  /tmp/ccM1IMph.s 			page 248


 7285              	.LBB2140:
 7286              	.LBB2133:
 7287              	.LBB2057:
 7288              	.LBI2057:
 155:../../libDaisy/src/hid/midi.h ****     ~MidiHandler() {}
 7289              		.loc 4 155 5 view .LVU1717
 7290              	.LBE2057:
 7291              	.LBE2133:
 7292              	.LBE2140:
 7293              	.LBE2149:
 7294              	.LBE2154:
 7295              		.loc 17 99 1 is_stmt 0 view .LVU1718
 7296 0000 38B5     		push	{r3, r4, r5, lr}
 7297              		.cfi_def_cfa_offset 16
 7298              		.cfi_offset 3, -16
 7299              		.cfi_offset 4, -12
 7300              		.cfi_offset 5, -8
 7301              		.cfi_offset 14, -4
 7302              	.LBB2155:
 7303              	.LBB2150:
 7304              	.LBB2141:
 7305              	.LBB2134:
 7306              	.LBB2100:
 7307              	.LBB2030:
 7308              	.LBB2025:
 7309              	.LBB2009:
 7310              	.LBB2010:
 7311              		.loc 27 166 34 view .LVU1719
 7312 0002 1F4C     		ldr	r4, .L466
 7313 0004 0025     		movs	r5, #0
 7314              	.LBE2010:
 7315              	.LBE2009:
 7316              	.LBE2025:
 7317              	.LBE2030:
 7318              	.LBE2100:
  39:../../libDaisy/src/daisy_patch.h ****     /** Destructor */
 7319              		.loc 1 39 18 view .LVU1720
 7320 0006 4FF60B73 		movw	r3, #65291
 7321              	.LBB2101:
 7322              	.LBB2058:
 7323              	.LBB2059:
 7324              	.LBB2060:
 158:../../libDaisy/src/hid/midi.h ****     {
 7325              		.loc 4 158 12 view .LVU1721
 7326 000a 04F58C70 		add	r0, r4, #280
 7327              	.LBE2060:
 7328              	.LBE2059:
 7329              	.LBE2058:
 7330              	.LBE2101:
 7331              	.LBB2102:
 7332              	.LBB2031:
 7333              	.LBB2026:
 7334              	.LBB2012:
 7335              	.LBB2011:
 7336              		.loc 27 166 34 view .LVU1722
 7337 000e 2560     		str	r5, [r4]
 7338              	.LBE2011:
ARM GAS  /tmp/ccM1IMph.s 			page 249


 7339              	.LBE2012:
 7340              	.LBE2026:
 7341              	.LBB2027:
 7342              	.LBB2014:
 7343              	.LBB2015:
  95:../../libDaisy/src/hid/audio.h ****     ~AudioHandle() {}
 7344              		.loc 13 95 35 view .LVU1723
 7345 0010 6561     		str	r5, [r4, #20]
 7346              	.LBE2015:
 7347              	.LBE2014:
 7348              	.LBE2027:
 7349              	.LBB2028:
 7350              	.LBB2018:
 7351              	.LBB2019:
 7352              		.loc 28 84 33 view .LVU1724
 7353 0012 2562     		str	r5, [r4, #32]
 7354              	.LBE2019:
 7355              	.LBE2018:
 7356              	.LBE2028:
 7357              	.LBB2029:
 7358              	.LBB2023:
 7359              	.LBB2024:
 7360              		.loc 29 108 33 view .LVU1725
 7361 0014 E563     		str	r5, [r4, #60]
 7362              	.LBE2024:
 7363              	.LBE2023:
 7364              	.LBE2029:
 7365              	.LBE2031:
 7366              	.LBE2102:
 7367              	.LBB2103:
 7368              	.LBB2055:
 7369              	.LBB2053:
 7370              	.LBB2051:
 7371              	.LBB2049:
 7372              	.LBB2047:
 7373              	.LBB2045:
  69:../../libDaisy/src/per/gpio.h ****         {
 7374              		.loc 31 69 73 view .LVU1726
 7375 0016 C4E93A35 		strd	r3, r5, [r4, #232]
 7376 001a C4E94035 		strd	r3, r5, [r4, #256]
 7377 001e C4E93C55 		strd	r5, r5, [r4, #240]
 7378 0022 C4E94255 		strd	r5, r5, [r4, #264]
 7379              	.LVL531:
  69:../../libDaisy/src/per/gpio.h ****         {
 7380              		.loc 31 69 73 view .LVU1727
 7381              	.LBE2045:
 7382              	.LBE2047:
 7383              	.LBE2049:
 7384              	.LBE2051:
 7385              	.LBE2053:
 7386              	.LBE2055:
 7387              	.LBE2103:
 7388              	.LBB2104:
 7389              	.LBB2095:
 7390              	.LBB2062:
 7391              	.LBI2059:
 158:../../libDaisy/src/hid/midi.h ****     {
ARM GAS  /tmp/ccM1IMph.s 			page 250


 7392              		.loc 4 158 12 is_stmt 1 view .LVU1728
 7393              	.LBB2061:
 7394 0026 FFF7FEFF 		bl	_ZN5daisy17MidiUartTransport6ConfigC1Ev
 7395              	.LVL532:
 158:../../libDaisy/src/hid/midi.h ****     {
 7396              		.loc 4 158 12 is_stmt 0 view .LVU1729
 7397              	.LBE2061:
 7398              	.LBE2062:
 7399              	.LBB2063:
 7400              	.LBI2063:
  31:../../libDaisy/src/hid/midi.h ****     ~MidiUartTransport() {}
 7401              		.loc 4 31 5 is_stmt 1 view .LVU1730
 7402              	.LBB2064:
 7403              	.LBB2065:
 7404              	.LBI2065:
 7405              		.file 33 "../../libDaisy/src/per/uart.h"
   1:../../libDaisy/src/per/uart.h **** /* 
   2:../../libDaisy/src/per/uart.h **** TODO
   3:../../libDaisy/src/per/uart.h **** - Overflow handling, etc. for Rx Queue.
   4:../../libDaisy/src/per/uart.h **** */
   5:../../libDaisy/src/per/uart.h **** 
   6:../../libDaisy/src/per/uart.h **** #pragma once
   7:../../libDaisy/src/per/uart.h **** #ifndef DSY_UART_H
   8:../../libDaisy/src/per/uart.h **** #define DSY_UART_H /**< macro */
   9:../../libDaisy/src/per/uart.h **** #include "daisy_core.h"
  10:../../libDaisy/src/per/uart.h **** 
  11:../../libDaisy/src/per/uart.h **** 
  12:../../libDaisy/src/per/uart.h **** namespace daisy
  13:../../libDaisy/src/per/uart.h **** {
  14:../../libDaisy/src/per/uart.h **** /** @addtogroup serial
  15:../../libDaisy/src/per/uart.h ****     @{
  16:../../libDaisy/src/per/uart.h ****     */
  17:../../libDaisy/src/per/uart.h **** 
  18:../../libDaisy/src/per/uart.h **** /** 
  19:../../libDaisy/src/per/uart.h ****     Uart Peripheral
  20:../../libDaisy/src/per/uart.h ****     @author shensley
  21:../../libDaisy/src/per/uart.h ****     @date March 2020
  22:../../libDaisy/src/per/uart.h ****     */
  23:../../libDaisy/src/per/uart.h **** class UartHandler
  24:../../libDaisy/src/per/uart.h **** {
  25:../../libDaisy/src/per/uart.h ****   public:
  26:../../libDaisy/src/per/uart.h ****     struct Config
  27:../../libDaisy/src/per/uart.h ****     {
  28:../../libDaisy/src/per/uart.h ****         enum class Peripheral
  29:../../libDaisy/src/per/uart.h ****         {
  30:../../libDaisy/src/per/uart.h ****             USART_1,
  31:../../libDaisy/src/per/uart.h ****             USART_2,
  32:../../libDaisy/src/per/uart.h ****             USART_3,
  33:../../libDaisy/src/per/uart.h ****             UART_4,
  34:../../libDaisy/src/per/uart.h ****             UART_5,
  35:../../libDaisy/src/per/uart.h ****             USART_6,
  36:../../libDaisy/src/per/uart.h ****             UART_7,
  37:../../libDaisy/src/per/uart.h ****             UART_8,
  38:../../libDaisy/src/per/uart.h ****             LPUART_1,
  39:../../libDaisy/src/per/uart.h ****         };
  40:../../libDaisy/src/per/uart.h **** 
  41:../../libDaisy/src/per/uart.h ****         enum class StopBits
ARM GAS  /tmp/ccM1IMph.s 			page 251


  42:../../libDaisy/src/per/uart.h ****         {
  43:../../libDaisy/src/per/uart.h ****             BITS_0_5,
  44:../../libDaisy/src/per/uart.h ****             BITS_1,
  45:../../libDaisy/src/per/uart.h ****             BITS_1_5,
  46:../../libDaisy/src/per/uart.h ****             BITS_2,
  47:../../libDaisy/src/per/uart.h ****         };
  48:../../libDaisy/src/per/uart.h **** 
  49:../../libDaisy/src/per/uart.h ****         enum class Parity
  50:../../libDaisy/src/per/uart.h ****         {
  51:../../libDaisy/src/per/uart.h ****             NONE,
  52:../../libDaisy/src/per/uart.h ****             EVEN,
  53:../../libDaisy/src/per/uart.h ****             ODD,
  54:../../libDaisy/src/per/uart.h ****         };
  55:../../libDaisy/src/per/uart.h **** 
  56:../../libDaisy/src/per/uart.h ****         enum class Mode
  57:../../libDaisy/src/per/uart.h ****         {
  58:../../libDaisy/src/per/uart.h ****             RX,
  59:../../libDaisy/src/per/uart.h ****             TX,
  60:../../libDaisy/src/per/uart.h ****             TX_RX,
  61:../../libDaisy/src/per/uart.h ****         };
  62:../../libDaisy/src/per/uart.h **** 
  63:../../libDaisy/src/per/uart.h ****         enum class WordLength
  64:../../libDaisy/src/per/uart.h ****         {
  65:../../libDaisy/src/per/uart.h ****             BITS_7,
  66:../../libDaisy/src/per/uart.h ****             BITS_8,
  67:../../libDaisy/src/per/uart.h ****             BITS_9,
  68:../../libDaisy/src/per/uart.h ****         };
  69:../../libDaisy/src/per/uart.h **** 
  70:../../libDaisy/src/per/uart.h ****         struct
  71:../../libDaisy/src/per/uart.h ****         {
  72:../../libDaisy/src/per/uart.h ****             dsy_gpio_pin tx; /**< & */
  73:../../libDaisy/src/per/uart.h ****             dsy_gpio_pin rx; /**< & */
  74:../../libDaisy/src/per/uart.h ****         } pin_config;        /**< & */
  75:../../libDaisy/src/per/uart.h **** 
  76:../../libDaisy/src/per/uart.h ****         Config()
  77:../../libDaisy/src/per/uart.h ****         {
  78:../../libDaisy/src/per/uart.h ****             // user must init periph, pin_config, and mode
  79:../../libDaisy/src/per/uart.h ****             stopbits   = StopBits::BITS_1;
  80:../../libDaisy/src/per/uart.h ****             parity     = Parity::NONE;
  81:../../libDaisy/src/per/uart.h ****             wordlength = WordLength::BITS_8;
  82:../../libDaisy/src/per/uart.h ****             baudrate   = 31250;
  83:../../libDaisy/src/per/uart.h ****         }
  84:../../libDaisy/src/per/uart.h **** 
  85:../../libDaisy/src/per/uart.h ****         Peripheral periph;
  86:../../libDaisy/src/per/uart.h ****         StopBits   stopbits;
  87:../../libDaisy/src/per/uart.h ****         Parity     parity;
  88:../../libDaisy/src/per/uart.h ****         Mode       mode;
  89:../../libDaisy/src/per/uart.h ****         WordLength wordlength;
  90:../../libDaisy/src/per/uart.h ****         uint32_t   baudrate;
  91:../../libDaisy/src/per/uart.h ****     };
  92:../../libDaisy/src/per/uart.h **** 
  93:../../libDaisy/src/per/uart.h **** 
  94:../../libDaisy/src/per/uart.h ****     UartHandler() : pimpl_(nullptr) {}
 7406              		.loc 33 94 5 view .LVU1731
 7407              		.loc 33 94 5 is_stmt 0 view .LVU1732
 7408              	.LBE2065:
 7409              	.LBE2064:
ARM GAS  /tmp/ccM1IMph.s 			page 252


 7410              	.LBE2063:
 7411              	.LBB2070:
 7412              	.LBI2070:
  18:../../libDaisy/src/hid/midi_parser.h ****     ~MidiParser() {}
 7413              		.loc 6 18 5 is_stmt 1 view .LVU1733
 7414              	.LBB2071:
  18:../../libDaisy/src/hid/midi_parser.h ****     ~MidiParser() {}
 7415              		.loc 6 18 17 is_stmt 0 view .LVU1734
 7416 002a 1649     		ldr	r1, .L466+4
 7417              	.LBE2071:
 7418              	.LBE2070:
 7419              	.LBE2095:
 7420              	.LBE2104:
 7421              	.LBB2105:
 7422              	.LBB2106:
 7423              	.LBB2107:
  17:../../libDaisy/src/hid/disp/oled_display.h ****     virtual ~OledDisplay() {}
 7424              		.loc 2 17 19 view .LVU1735
 7425 002c 04F51043 		add	r3, r4, #36864
 7426              	.LBE2107:
 7427              	.LBE2106:
 7428              	.LBE2105:
 7429              	.LBE2134:
 7430              	.LBE2141:
   8:Midi.cpp      **** Oscillator osc;
 7431              		.loc 17 8 12 view .LVU1736
 7432 0030 154A     		ldr	r2, .L466+8
 7433              	.LBB2142:
 7434              	.LBB2135:
 7435              	.LBB2124:
 7436              	.LBB2096:
 7437              	.LBB2074:
 7438              	.LBB2072:
  18:../../libDaisy/src/hid/midi_parser.h ****     ~MidiParser() {}
 7439              		.loc 6 18 17 view .LVU1737
 7440 0032 C4F8D011 		str	r1, [r4, #464]
 7441 0036 40F20F71 		movw	r1, #1807
 7442              	.LBE2072:
 7443              	.LBE2074:
 7444              	.LBE2096:
 7445              	.LBE2124:
 7446              	.LBB2125:
 7447              	.LBB2121:
 7448              	.LBB2118:
 7449              	.LBB2108:
 7450              	.LBB2109:
 7451              	.LBB2110:
 7452              	.LBB2111:
 7453              	.LBB2112:
 7454              		.file 34 "../../libDaisy/src/per/spi.h"
   1:../../libDaisy/src/per/spi.h **** #pragma once
   2:../../libDaisy/src/per/spi.h **** #ifndef DSY_SPI_H
   3:../../libDaisy/src/per/spi.h **** #define DSY_SPI_H
   4:../../libDaisy/src/per/spi.h **** 
   5:../../libDaisy/src/per/spi.h **** #include "daisy_core.h"
   6:../../libDaisy/src/per/spi.h **** 
   7:../../libDaisy/src/per/spi.h **** /* TODO:
ARM GAS  /tmp/ccM1IMph.s 			page 253


   8:../../libDaisy/src/per/spi.h **** - Add documentation
   9:../../libDaisy/src/per/spi.h **** - Add IT
  10:../../libDaisy/src/per/spi.h **** */
  11:../../libDaisy/src/per/spi.h **** 
  12:../../libDaisy/src/per/spi.h **** namespace daisy
  13:../../libDaisy/src/per/spi.h **** {
  14:../../libDaisy/src/per/spi.h **** /** @addtogroup serial
  15:../../libDaisy/src/per/spi.h **** @{
  16:../../libDaisy/src/per/spi.h **** */
  17:../../libDaisy/src/per/spi.h **** 
  18:../../libDaisy/src/per/spi.h **** /**  Handler for serial peripheral interface */
  19:../../libDaisy/src/per/spi.h **** class SpiHandle
  20:../../libDaisy/src/per/spi.h **** {
  21:../../libDaisy/src/per/spi.h ****   public:
  22:../../libDaisy/src/per/spi.h ****     struct Config
  23:../../libDaisy/src/per/spi.h ****     {
  24:../../libDaisy/src/per/spi.h ****         enum class Peripheral
  25:../../libDaisy/src/per/spi.h ****         {
  26:../../libDaisy/src/per/spi.h ****             SPI_1,
  27:../../libDaisy/src/per/spi.h ****             SPI_2,
  28:../../libDaisy/src/per/spi.h ****             SPI_3,
  29:../../libDaisy/src/per/spi.h ****             SPI_4,
  30:../../libDaisy/src/per/spi.h ****             SPI_5,
  31:../../libDaisy/src/per/spi.h ****             SPI_6,
  32:../../libDaisy/src/per/spi.h ****         };
  33:../../libDaisy/src/per/spi.h **** 
  34:../../libDaisy/src/per/spi.h ****         enum class Mode
  35:../../libDaisy/src/per/spi.h ****         {
  36:../../libDaisy/src/per/spi.h ****             MASTER,
  37:../../libDaisy/src/per/spi.h ****             SLAVE,
  38:../../libDaisy/src/per/spi.h ****         };
  39:../../libDaisy/src/per/spi.h **** 
  40:../../libDaisy/src/per/spi.h ****         enum class Direction
  41:../../libDaisy/src/per/spi.h ****         {
  42:../../libDaisy/src/per/spi.h ****             TWO_LINES,
  43:../../libDaisy/src/per/spi.h ****             TWO_LINES_TX_ONLY,
  44:../../libDaisy/src/per/spi.h ****             TWO_LINES_RX_ONLY,
  45:../../libDaisy/src/per/spi.h ****             ONE_LINE,
  46:../../libDaisy/src/per/spi.h ****         };
  47:../../libDaisy/src/per/spi.h **** 
  48:../../libDaisy/src/per/spi.h ****         enum class ClockPolarity
  49:../../libDaisy/src/per/spi.h ****         {
  50:../../libDaisy/src/per/spi.h ****             LOW,
  51:../../libDaisy/src/per/spi.h ****             HIGH,
  52:../../libDaisy/src/per/spi.h ****         };
  53:../../libDaisy/src/per/spi.h **** 
  54:../../libDaisy/src/per/spi.h ****         enum class ClockPhase
  55:../../libDaisy/src/per/spi.h ****         {
  56:../../libDaisy/src/per/spi.h ****             ONE_EDGE,
  57:../../libDaisy/src/per/spi.h ****             TWO_EDGE,
  58:../../libDaisy/src/per/spi.h ****         };
  59:../../libDaisy/src/per/spi.h **** 
  60:../../libDaisy/src/per/spi.h ****         enum class NSS
  61:../../libDaisy/src/per/spi.h ****         {
  62:../../libDaisy/src/per/spi.h ****             SOFT,
  63:../../libDaisy/src/per/spi.h ****             HARD_INPUT,
  64:../../libDaisy/src/per/spi.h ****             HARD_OUTPUT,
ARM GAS  /tmp/ccM1IMph.s 			page 254


  65:../../libDaisy/src/per/spi.h ****         };
  66:../../libDaisy/src/per/spi.h **** 
  67:../../libDaisy/src/per/spi.h ****         enum class BaudPrescaler
  68:../../libDaisy/src/per/spi.h ****         {
  69:../../libDaisy/src/per/spi.h ****             PS_2,
  70:../../libDaisy/src/per/spi.h ****             PS_4,
  71:../../libDaisy/src/per/spi.h ****             PS_8,
  72:../../libDaisy/src/per/spi.h ****             PS_16,
  73:../../libDaisy/src/per/spi.h ****             PS_32,
  74:../../libDaisy/src/per/spi.h ****             PS_64,
  75:../../libDaisy/src/per/spi.h ****             PS_128,
  76:../../libDaisy/src/per/spi.h ****             PS_256,
  77:../../libDaisy/src/per/spi.h ****         };
  78:../../libDaisy/src/per/spi.h **** 
  79:../../libDaisy/src/per/spi.h ****         struct
  80:../../libDaisy/src/per/spi.h ****         {
  81:../../libDaisy/src/per/spi.h ****             dsy_gpio_pin sclk; /**< & */
  82:../../libDaisy/src/per/spi.h ****             dsy_gpio_pin miso; /**< & */
  83:../../libDaisy/src/per/spi.h ****             dsy_gpio_pin mosi; /**< & */
  84:../../libDaisy/src/per/spi.h ****             dsy_gpio_pin nss;  /**< & */
  85:../../libDaisy/src/per/spi.h ****         } pin_config;
  86:../../libDaisy/src/per/spi.h **** 
  87:../../libDaisy/src/per/spi.h ****         Config()
  88:../../libDaisy/src/per/spi.h ****         {
  89:../../libDaisy/src/per/spi.h ****             // user must specify periph, mode, direction, nss, and pin_config
  90:../../libDaisy/src/per/spi.h ****             datasize       = 8;
  91:../../libDaisy/src/per/spi.h ****             clock_polarity = ClockPolarity::LOW;
  92:../../libDaisy/src/per/spi.h ****             clock_phase    = ClockPhase::ONE_EDGE;
  93:../../libDaisy/src/per/spi.h ****             baud_prescaler = BaudPrescaler::PS_8;
  94:../../libDaisy/src/per/spi.h ****         }
  95:../../libDaisy/src/per/spi.h **** 
  96:../../libDaisy/src/per/spi.h ****         Peripheral    periph;
  97:../../libDaisy/src/per/spi.h ****         Mode          mode;
  98:../../libDaisy/src/per/spi.h ****         Direction     direction;
  99:../../libDaisy/src/per/spi.h ****         unsigned long datasize;
 100:../../libDaisy/src/per/spi.h ****         ClockPolarity clock_polarity;
 101:../../libDaisy/src/per/spi.h ****         ClockPhase    clock_phase;
 102:../../libDaisy/src/per/spi.h ****         NSS           nss;
 103:../../libDaisy/src/per/spi.h ****         BaudPrescaler baud_prescaler;
 104:../../libDaisy/src/per/spi.h ****     };
 105:../../libDaisy/src/per/spi.h **** 
 106:../../libDaisy/src/per/spi.h ****     SpiHandle() : pimpl_(nullptr) {}
 7455              		.loc 34 106 33 view .LVU1738
 7456 003a C3F88052 		str	r5, [r3, #640]
 7457              	.LBE2112:
 7458              	.LBE2111:
 7459              	.LBE2110:
 7460              	.LBE2109:
 7461              	.LBE2108:
 7462              	.LBE2118:
 7463              	.LBE2121:
 7464              	.LBE2125:
 7465              	.LBE2135:
 7466              	.LBE2142:
   8:Midi.cpp      **** Oscillator osc;
 7467              		.loc 17 8 12 view .LVU1739
 7468 003e 2046     		mov	r0, r4
ARM GAS  /tmp/ccM1IMph.s 			page 255


 7469              	.LBB2143:
 7470              	.LBB2136:
 7471              	.LBB2126:
 7472              	.LBB2097:
 7473              	.LBB2075:
 7474              	.LBB2073:
  18:../../libDaisy/src/hid/midi_parser.h ****     ~MidiParser() {}
 7475              		.loc 6 18 17 view .LVU1740
 7476 0040 A4F8D411 		strh	r1, [r4, #468]	@ movhi
 7477              	.LVL533:
  18:../../libDaisy/src/hid/midi_parser.h ****     ~MidiParser() {}
 7478              		.loc 6 18 17 view .LVU1741
 7479              	.LBE2073:
 7480              	.LBE2075:
 7481              	.LBB2076:
 7482              	.LBI2076:
 299:../../libDaisy/src/util/FIFO.h **** {
 300:../../libDaisy/src/util/FIFO.h ****   public:
 301:../../libDaisy/src/util/FIFO.h ****     /** Creates an empty FIFO */
 302:../../libDaisy/src/util/FIFO.h ****     FIFO() : FIFOBase<T>(buffer_, capacity + 1) {}
 7483              		.loc 5 302 5 is_stmt 1 view .LVU1742
 7484              	.LBB2077:
 7485              	.LBB2078:
 7486              	.LBI2078:
  14:../../libDaisy/src/util/FIFO.h ****     : buffer_(buffer), bufferSize_(bufferSize), bufferIn_(0), bufferOut_(0)
 7487              		.loc 5 14 5 view .LVU1743
  14:../../libDaisy/src/util/FIFO.h ****     : buffer_(buffer), bufferSize_(bufferSize), bufferIn_(0), bufferOut_(0)
 7488              		.loc 5 14 5 is_stmt 0 view .LVU1744
 7489              	.LBE2078:
 7490              	.LBE2077:
 7491              	.LBE2076:
 7492              	.LBE2097:
 7493              	.LBE2126:
 7494              	.LBB2127:
 7495              	.LBI2105:
  17:../../libDaisy/src/hid/disp/oled_display.h ****     virtual ~OledDisplay() {}
 7496              		.loc 2 17 5 is_stmt 1 view .LVU1745
 7497              	.LBB2122:
 7498              	.LBB2119:
 7499              	.LBB2115:
 7500              	.LBI2115:
 218:../../libDaisy/src/hid/disp/display.h ****     virtual ~OneBitGraphicsDisplayImpl() {}
 7501              		.loc 3 218 5 view .LVU1746
 7502              	.LBB2116:
 7503              	.LBI2116:
  22:../../libDaisy/src/hid/disp/display.h ****     virtual ~OneBitGraphicsDisplay() {}
 7504              		.loc 3 22 5 view .LVU1747
  22:../../libDaisy/src/hid/disp/display.h ****     virtual ~OneBitGraphicsDisplay() {}
 7505              		.loc 3 22 5 is_stmt 0 view .LVU1748
 7506              	.LBE2116:
 7507              	.LBE2115:
 7508              	.LBE2119:
 7509              	.LBE2122:
 7510              	.LBE2127:
 7511              	.LBB2128:
 7512              	.LBB2098:
 7513              	.LBB2091:
ARM GAS  /tmp/ccM1IMph.s 			page 256


 7514              	.LBB2088:
 7515              	.LBB2085:
 7516              	.LBB2079:
 7517              	.LBB2080:
  15:../../libDaisy/src/util/FIFO.h ****     {
 7518              		.loc 5 15 75 view .LVU1749
 7519 0044 04F5F471 		add	r1, r4, #488
 7520              	.LBE2080:
 7521              	.LBE2079:
 7522              	.LBE2085:
 7523              	.LBE2088:
 7524              	.LBE2091:
 7525              	.LBB2092:
 7526              	.LBB2069:
 7527              	.LBB2068:
 7528              	.LBB2066:
 7529              	.LBB2067:
 7530              		.loc 33 94 35 view .LVU1750
 7531 0048 C4F82851 		str	r5, [r4, #296]
 7532              	.LBE2067:
 7533              	.LBE2066:
 7534              	.LBE2068:
 7535              	.LBE2069:
 7536              	.LBE2092:
 7537              	.LBB2093:
 7538              	.LBB2089:
 7539              	.LBB2086:
 7540              	.LBB2083:
 7541              	.LBB2081:
  15:../../libDaisy/src/util/FIFO.h ****     {
 7542              		.loc 5 15 75 view .LVU1751
 7543 004c C4F8D811 		str	r1, [r4, #472]
 7544 0050 40F20111 		movw	r1, #257
 7545 0054 C4F8DC11 		str	r1, [r4, #476]
 7546              	.LBE2081:
 7547              	.LBE2083:
 7548              	.LBE2086:
 7549              	.LBE2089:
 7550              	.LBE2093:
 7551              	.LBE2098:
 7552              	.LBE2128:
 7553              	.LBB2129:
 7554              	.LBB2123:
 7555              	.LBB2120:
  17:../../libDaisy/src/hid/disp/oled_display.h ****     virtual ~OledDisplay() {}
 7556              		.loc 2 17 19 view .LVU1752
 7557 0058 0C49     		ldr	r1, .L466+12
 7558 005a C3F87812 		str	r1, [r3, #632]
 7559              	.LVL534:
 7560              	.LBB2117:
 7561              	.LBI2108:
 245:../../libDaisy/src/dev/oled_ssd130x.h **** {
 7562              		.loc 16 245 7 is_stmt 1 view .LVU1753
 7563              	.LBB2114:
 7564              	.LBI2109:
  65:../../libDaisy/src/dev/oled_ssd130x.h **** {
 7565              		.loc 16 65 7 view .LVU1754
ARM GAS  /tmp/ccM1IMph.s 			page 257


 7566              	.LBB2113:
 7567              	.LBI2110:
 7568              		.loc 34 106 5 view .LVU1755
 7569              		.loc 34 106 5 is_stmt 0 view .LVU1756
 7570              	.LBE2113:
 7571              	.LBE2114:
 7572              	.LBE2117:
 7573              	.LBE2120:
 7574              	.LBE2123:
 7575              	.LBE2129:
 7576              	.LBE2136:
 7577              	.LBE2143:
   8:Midi.cpp      **** Oscillator osc;
 7578              		.loc 17 8 12 view .LVU1757
 7579 005e 0C49     		ldr	r1, .L466+16
 7580              	.LBB2144:
 7581              	.LBB2137:
 7582              	.LBB2130:
 7583              	.LBB2099:
 7584              	.LBB2094:
 7585              	.LBB2090:
 7586              	.LBB2087:
 7587              	.LBB2084:
 7588              	.LBB2082:
  15:../../libDaisy/src/util/FIFO.h ****     {
 7589              		.loc 5 15 75 view .LVU1758
 7590 0060 C4E97855 		strd	r5, r5, [r4, #480]
 7591              	.LBE2082:
 7592              	.LBE2084:
 7593              	.LBE2087:
 7594              	.LBE2090:
 7595              	.LBE2094:
 7596              	.LBE2099:
 7597              	.LBE2130:
 7598              	.LBE2137:
 7599              	.LBE2144:
   8:Midi.cpp      **** Oscillator osc;
 7600              		.loc 17 8 12 view .LVU1759
 7601 0064 FFF7FEFF 		bl	__aeabi_atexit
 7602              	.LVL535:
 7603              	.LBB2145:
 7604              	.LBI2145:
  23:../../DaisySP/Source/Synthesis/oscillator.h ****     ~Oscillator() {}
 7605              		.loc 14 23 5 is_stmt 1 view .LVU1760
  23:../../DaisySP/Source/Synthesis/oscillator.h ****     ~Oscillator() {}
 7606              		.loc 14 23 5 is_stmt 0 view .LVU1761
 7607              	.LBE2145:
   9:Midi.cpp      **** Svf        filt;
 7608              		.loc 17 9 12 view .LVU1762
 7609 0068 074A     		ldr	r2, .L466+8
 7610 006a 0A49     		ldr	r1, .L466+20
 7611 006c 0A48     		ldr	r0, .L466+24
 7612 006e FFF7FEFF 		bl	__aeabi_atexit
 7613              	.LVL536:
 7614              	.LBB2146:
 7615              	.LBI2146:
  29:../../DaisySP/Source/Filters/svf.h ****     ~Svf() {}
ARM GAS  /tmp/ccM1IMph.s 			page 258


 7616              		.loc 15 29 5 is_stmt 1 view .LVU1763
  29:../../DaisySP/Source/Filters/svf.h ****     ~Svf() {}
 7617              		.loc 15 29 5 is_stmt 0 view .LVU1764
 7618              	.LBE2146:
  10:Midi.cpp      **** 
 7619              		.loc 17 10 12 view .LVU1765
 7620 0072 054A     		ldr	r2, .L466+8
 7621 0074 0949     		ldr	r1, .L466+28
 7622 0076 0A48     		ldr	r0, .L466+32
 7623              	.LBE2150:
 7624              	.LBE2155:
 7625              		.loc 17 99 1 view .LVU1766
 7626 0078 BDE83840 		pop	{r3, r4, r5, lr}
 7627              		.cfi_restore 14
 7628              		.cfi_restore 5
 7629              		.cfi_restore 4
 7630              		.cfi_restore 3
 7631              		.cfi_def_cfa_offset 0
 7632              	.LBB2156:
 7633              	.LBB2151:
  10:Midi.cpp      **** 
 7634              		.loc 17 10 12 view .LVU1767
 7635 007c FFF7FEBF 		b	__aeabi_atexit
 7636              	.LVL537:
 7637              	.L467:
 7638              		.align	2
 7639              	.L466:
 7640 0080 00000000 		.word	hw
 7641 0084 0080707F 		.word	2138079232
 7642 0088 00000000 		.word	__dso_handle
 7643 008c 08000000 		.word	_ZTVN5daisy11OledDisplayINS_13SSD130xDriverILj128ELj64ENS_24SSD130x4WireSpiTransportEEEEE+8
 7644 0090 00000000 		.word	_ZN5daisy10DaisyPatchD1Ev
 7645 0094 00000000 		.word	_ZN7daisysp10OscillatorD1Ev
 7646 0098 00000000 		.word	.LANCHOR0
 7647 009c 00000000 		.word	_ZN7daisysp3SvfD1Ev
 7648 00a0 00000000 		.word	.LANCHOR1
 7649              	.LBE2151:
 7650              	.LBE2156:
 7651              		.cfi_endproc
 7652              	.LFE5351:
 7654              		.section	.init_array,"aw",%init_array
 7655              		.align	2
 7656 0000 00000000 		.word	_GLOBAL__sub_I_hw(target1)
 7657              		.weak	_ZTVN5daisy11OledDisplayINS_13SSD130xDriverILj128ELj64ENS_24SSD130x4WireSpiTransportEEEEE
 7658              		.section	.rodata._ZTVN5daisy11OledDisplayINS_13SSD130xDriverILj128ELj64ENS_24SSD130x4WireSpiTransp
 7659              		.align	2
 7662              	_ZTVN5daisy11OledDisplayINS_13SSD130xDriverILj128ELj64ENS_24SSD130x4WireSpiTransportEEEEE:
 7663 0000 00000000 		.word	0
 7664 0004 00000000 		.word	0
 7665 0008 00000000 		.word	_ZN5daisy11OledDisplayINS_13SSD130xDriverILj128ELj64ENS_24SSD130x4WireSpiTransportEEEED1Ev
 7666 000c 00000000 		.word	_ZN5daisy11OledDisplayINS_13SSD130xDriverILj128ELj64ENS_24SSD130x4WireSpiTransportEEEED0Ev
 7667 0010 00000000 		.word	_ZNK5daisy11OledDisplayINS_13SSD130xDriverILj128ELj64ENS_24SSD130x4WireSpiTransportEEEE6Heig
 7668 0014 00000000 		.word	_ZNK5daisy11OledDisplayINS_13SSD130xDriverILj128ELj64ENS_24SSD130x4WireSpiTransportEEEE5Widt
 7669 0018 00000000 		.word	_ZN5daisy11OledDisplayINS_13SSD130xDriverILj128ELj64ENS_24SSD130x4WireSpiTransportEEEE4FillE
 7670 001c 00000000 		.word	_ZN5daisy11OledDisplayINS_13SSD130xDriverILj128ELj64ENS_24SSD130x4WireSpiTransportEEEE9DrawP
 7671 0020 00000000 		.word	_ZN5daisy25OneBitGraphicsDisplayImplINS_11OledDisplayINS_13SSD130xDriverILj128ELj64ENS_24SSD
 7672 0024 00000000 		.word	_ZN5daisy25OneBitGraphicsDisplayImplINS_11OledDisplayINS_13SSD130xDriverILj128ELj64ENS_24SSD
ARM GAS  /tmp/ccM1IMph.s 			page 259


 7673 0028 00000000 		.word	_ZN5daisy25OneBitGraphicsDisplayImplINS_11OledDisplayINS_13SSD130xDriverILj128ELj64ENS_24SSD
 7674 002c 00000000 		.word	_ZN5daisy25OneBitGraphicsDisplayImplINS_11OledDisplayINS_13SSD130xDriverILj128ELj64ENS_24SSD
 7675 0030 00000000 		.word	_ZN5daisy25OneBitGraphicsDisplayImplINS_11OledDisplayINS_13SSD130xDriverILj128ELj64ENS_24SSD
 7676 0034 00000000 		.word	_ZN5daisy25OneBitGraphicsDisplayImplINS_11OledDisplayINS_13SSD130xDriverILj128ELj64ENS_24SSD
 7677 0038 00000000 		.word	_ZN5daisy11OledDisplayINS_13SSD130xDriverILj128ELj64ENS_24SSD130x4WireSpiTransportEEEE6Updat
 7678              		.global	filt
 7679              		.global	osc
 7680              		.global	hw
 7681              		.section	.bss.filt,"aw",%nobits
 7682              		.align	2
 7683              		.set	.LANCHOR1,. + 0
 7686              	filt:
 7687 0000 00000000 		.space	76
 7687      00000000 
 7687      00000000 
 7687      00000000 
 7687      00000000 
 7688              		.section	.bss.hw,"aw",%nobits
 7689              		.align	2
 7692              	hw:
 7693 0000 00000000 		.space	38552
 7693      00000000 
 7693      00000000 
 7693      00000000 
 7693      00000000 
 7694              		.section	.bss.osc,"aw",%nobits
 7695              		.align	2
 7696              		.set	.LANCHOR0,. + 0
 7699              	osc:
 7700 0000 00000000 		.space	44
 7700      00000000 
 7700      00000000 
 7700      00000000 
 7700      00000000 
 7701              		.text
 7702              	.Letext0:
 7703              		.file 35 "/usr/bin/gcc-arm-none-eabi-10-2020-q4-major/arm-none-eabi/include/machine/_default_types
 7704              		.file 36 "/usr/bin/gcc-arm-none-eabi-10-2020-q4-major/arm-none-eabi/include/sys/_stdint.h"
 7705              		.file 37 "/usr/bin/gcc-arm-none-eabi-10-2020-q4-major/arm-none-eabi/include/stdint.h"
 7706              		.file 38 "/usr/bin/gcc-arm-none-eabi-10-2020-q4-major/lib/gcc/arm-none-eabi/10.2.1/include/stddef.
 7707              		.file 39 "/usr/bin/gcc-arm-none-eabi-10-2020-q4-major/arm-none-eabi/include/c++/10.2.1/bits/std_ab
 7708              		.file 40 "/usr/bin/gcc-arm-none-eabi-10-2020-q4-major/arm-none-eabi/include/c++/10.2.1/cstdlib"
 7709              		.file 41 "/usr/bin/gcc-arm-none-eabi-10-2020-q4-major/arm-none-eabi/include/c++/10.2.1/cstdint"
 7710              		.file 42 "/usr/bin/gcc-arm-none-eabi-10-2020-q4-major/arm-none-eabi/include/c++/10.2.1/arm-none-ea
 7711              		.file 43 "/usr/bin/gcc-arm-none-eabi-10-2020-q4-major/arm-none-eabi/include/c++/10.2.1/type_traits
 7712              		.file 44 "/usr/bin/gcc-arm-none-eabi-10-2020-q4-major/arm-none-eabi/include/c++/10.2.1/bits/stl_pa
 7713              		.file 45 "/usr/bin/gcc-arm-none-eabi-10-2020-q4-major/arm-none-eabi/include/c++/10.2.1/bits/cpp_ty
 7714              		.file 46 "/usr/bin/gcc-arm-none-eabi-10-2020-q4-major/arm-none-eabi/include/c++/10.2.1/bits/stl_it
 7715              		.file 47 "/usr/bin/gcc-arm-none-eabi-10-2020-q4-major/arm-none-eabi/include/c++/10.2.1/debug/debug
 7716              		.file 48 "/usr/bin/gcc-arm-none-eabi-10-2020-q4-major/arm-none-eabi/include/c++/10.2.1/bits/algori
 7717              		.file 49 "/usr/bin/gcc-arm-none-eabi-10-2020-q4-major/arm-none-eabi/include/c++/10.2.1/bits/except
 7718              		.file 50 "/usr/bin/gcc-arm-none-eabi-10-2020-q4-major/arm-none-eabi/include/c++/10.2.1/initializer
 7719              		.file 51 "/usr/bin/gcc-arm-none-eabi-10-2020-q4-major/arm-none-eabi/include/c++/10.2.1/cstdarg"
 7720              		.file 52 "/usr/bin/gcc-arm-none-eabi-10-2020-q4-major/arm-none-eabi/include/c++/10.2.1/cstdio"
 7721              		.file 53 "/usr/bin/gcc-arm-none-eabi-10-2020-q4-major/arm-none-eabi/include/c++/10.2.1/cstring"
 7722              		.file 54 "/usr/bin/gcc-arm-none-eabi-10-2020-q4-major/arm-none-eabi/include/c++/10.2.1/cwchar"
 7723              		.file 55 "/usr/bin/gcc-arm-none-eabi-10-2020-q4-major/arm-none-eabi/include/c++/10.2.1/clocale"
ARM GAS  /tmp/ccM1IMph.s 			page 260


 7724              		.file 56 "/usr/bin/gcc-arm-none-eabi-10-2020-q4-major/arm-none-eabi/include/c++/10.2.1/bits/alloc_
 7725              		.file 57 "/usr/bin/gcc-arm-none-eabi-10-2020-q4-major/arm-none-eabi/include/c++/10.2.1/bits/string
 7726              		.file 58 "/usr/bin/gcc-arm-none-eabi-10-2020-q4-major/arm-none-eabi/include/c++/10.2.1/bits/stl_te
 7727              		.file 59 "/usr/bin/gcc-arm-none-eabi-10-2020-q4-major/arm-none-eabi/include/c++/10.2.1/bits/ptr_tr
 7728              		.file 60 "/usr/bin/gcc-arm-none-eabi-10-2020-q4-major/arm-none-eabi/include/c++/10.2.1/bits/stl_it
 7729              		.file 61 "/usr/bin/gcc-arm-none-eabi-10-2020-q4-major/arm-none-eabi/include/c++/10.2.1/bits/move.h
 7730              		.file 62 "/usr/bin/gcc-arm-none-eabi-10-2020-q4-major/arm-none-eabi/include/c++/10.2.1/bits/predef
 7731              		.file 63 "/usr/bin/gcc-arm-none-eabi-10-2020-q4-major/arm-none-eabi/include/c++/10.2.1/ext/alloc_t
 7732              		.file 64 "/usr/bin/gcc-arm-none-eabi-10-2020-q4-major/arm-none-eabi/include/c++/10.2.1/bits/stl_it
 7733              		.file 65 "/usr/bin/gcc-arm-none-eabi-10-2020-q4-major/arm-none-eabi/include/c++/10.2.1/ext/type_tr
 7734              		.file 66 "/usr/bin/gcc-arm-none-eabi-10-2020-q4-major/arm-none-eabi/include/sys/_types.h"
 7735              		.file 67 "/usr/bin/gcc-arm-none-eabi-10-2020-q4-major/arm-none-eabi/include/sys/reent.h"
 7736              		.file 68 "/usr/bin/gcc-arm-none-eabi-10-2020-q4-major/arm-none-eabi/include/sys/lock.h"
 7737              		.file 69 "/usr/bin/gcc-arm-none-eabi-10-2020-q4-major/arm-none-eabi/include/math.h"
 7738              		.file 70 "/usr/bin/gcc-arm-none-eabi-10-2020-q4-major/arm-none-eabi/include/stdlib.h"
 7739              		.file 71 "/usr/bin/gcc-arm-none-eabi-10-2020-q4-major/arm-none-eabi/include/c++/10.2.1/math.h"
 7740              		.file 72 "/usr/bin/gcc-arm-none-eabi-10-2020-q4-major/arm-none-eabi/include/c++/10.2.1/stdlib.h"
 7741              		.file 73 "../../libDaisy/src/per/tim.h"
 7742              		.file 74 "../../libDaisy/src/hid/ctrl.h"
 7743              		.file 75 "../../libDaisy/src/util/wav_format.h"
 7744              		.file 76 "../../libDaisy/src/dev/max11300.h"
 7745              		.file 77 "../../libDaisy/src/dev/sdram.h"
 7746              		.file 78 "/usr/bin/gcc-arm-none-eabi-10-2020-q4-major/lib/gcc/arm-none-eabi/10.2.1/include/stdarg.
 7747              		.file 79 "/usr/bin/gcc-arm-none-eabi-10-2020-q4-major/arm-none-eabi/include/stdio.h"
 7748              		.file 80 "../../libDaisy/src/util/oled_fonts.h"
 7749              		.file 81 "/usr/bin/gcc-arm-none-eabi-10-2020-q4-major/arm-none-eabi/include/string.h"
 7750              		.file 82 "../../DaisySP/Source/Control/adenv.h"
 7751              		.file 83 "/usr/bin/gcc-arm-none-eabi-10-2020-q4-major/arm-none-eabi/include/wchar.h"
 7752              		.file 84 "/usr/bin/gcc-arm-none-eabi-10-2020-q4-major/arm-none-eabi/include/locale.h"
 7753              		.file 85 "/usr/bin/gcc-arm-none-eabi-10-2020-q4-major/arm-none-eabi/include/c++/10.2.1/new"
 7754              		.file 86 "../../libDaisy/src/sys/dma.h"
 7755              		.file 87 "<built-in>"
 7756              		.file 88 "../../libDaisy/src/dev/sr_595.h"
ARM GAS  /tmp/ccM1IMph.s 			page 261


DEFINED SYMBOLS
                            *ABS*:0000000000000000 Midi.cpp
     /tmp/ccM1IMph.s:17     .text._ZN5daisy10DaisyPatchD2Ev:0000000000000000 $t
     /tmp/ccM1IMph.s:26     .text._ZN5daisy10DaisyPatchD2Ev:0000000000000000 _ZN5daisy10DaisyPatchD2Ev
     /tmp/ccM1IMph.s:26     .text._ZN5daisy10DaisyPatchD2Ev:0000000000000000 _ZN5daisy10DaisyPatchD1Ev
     /tmp/ccM1IMph.s:124    .text._ZN7daisysp10OscillatorD2Ev:0000000000000000 $t
     /tmp/ccM1IMph.s:132    .text._ZN7daisysp10OscillatorD2Ev:0000000000000000 _ZN7daisysp10OscillatorD2Ev
     /tmp/ccM1IMph.s:132    .text._ZN7daisysp10OscillatorD2Ev:0000000000000000 _ZN7daisysp10OscillatorD1Ev
     /tmp/ccM1IMph.s:149    .text._ZN7daisysp3SvfD2Ev:0000000000000000 $t
     /tmp/ccM1IMph.s:157    .text._ZN7daisysp3SvfD2Ev:0000000000000000 _ZN7daisysp3SvfD2Ev
     /tmp/ccM1IMph.s:157    .text._ZN7daisysp3SvfD2Ev:0000000000000000 _ZN7daisysp3SvfD1Ev
     /tmp/ccM1IMph.s:174    .text._ZN5daisy11OledDisplayINS_13SSD130xDriverILj128ELj64ENS_24SSD130x4WireSpiTransportEEEED2Ev:0000000000000000 $t
     /tmp/ccM1IMph.s:182    .text._ZN5daisy11OledDisplayINS_13SSD130xDriverILj128ELj64ENS_24SSD130x4WireSpiTransportEEEED2Ev:0000000000000000 _ZN5daisy11OledDisplayINS_13SSD130xDriverILj128ELj64ENS_24SSD130x4WireSpiTransportEEEED2Ev
     /tmp/ccM1IMph.s:182    .text._ZN5daisy11OledDisplayINS_13SSD130xDriverILj128ELj64ENS_24SSD130x4WireSpiTransportEEEED2Ev:0000000000000000 _ZN5daisy11OledDisplayINS_13SSD130xDriverILj128ELj64ENS_24SSD130x4WireSpiTransportEEEED1Ev
     /tmp/ccM1IMph.s:207    .text._ZNK5daisy11OledDisplayINS_13SSD130xDriverILj128ELj64ENS_24SSD130x4WireSpiTransportEEEE6HeightEv:0000000000000000 $t
     /tmp/ccM1IMph.s:215    .text._ZNK5daisy11OledDisplayINS_13SSD130xDriverILj128ELj64ENS_24SSD130x4WireSpiTransportEEEE6HeightEv:0000000000000000 _ZNK5daisy11OledDisplayINS_13SSD130xDriverILj128ELj64ENS_24SSD130x4WireSpiTransportEEEE6HeightEv
     /tmp/ccM1IMph.s:232    .text._ZNK5daisy11OledDisplayINS_13SSD130xDriverILj128ELj64ENS_24SSD130x4WireSpiTransportEEEE5WidthEv:0000000000000000 $t
     /tmp/ccM1IMph.s:240    .text._ZNK5daisy11OledDisplayINS_13SSD130xDriverILj128ELj64ENS_24SSD130x4WireSpiTransportEEEE5WidthEv:0000000000000000 _ZNK5daisy11OledDisplayINS_13SSD130xDriverILj128ELj64ENS_24SSD130x4WireSpiTransportEEEE5WidthEv
     /tmp/ccM1IMph.s:257    .text._ZN5daisy11OledDisplayINS_13SSD130xDriverILj128ELj64ENS_24SSD130x4WireSpiTransportEEEE4FillEb:0000000000000000 $t
     /tmp/ccM1IMph.s:265    .text._ZN5daisy11OledDisplayINS_13SSD130xDriverILj128ELj64ENS_24SSD130x4WireSpiTransportEEEE4FillEb:0000000000000000 _ZN5daisy11OledDisplayINS_13SSD130xDriverILj128ELj64ENS_24SSD130x4WireSpiTransportEEEE4FillEb
     /tmp/ccM1IMph.s:297    .text._Z13AudioCallbackPKPKfPPfj:0000000000000000 $t
     /tmp/ccM1IMph.s:305    .text._Z13AudioCallbackPKPKfPPfj:0000000000000000 _Z13AudioCallbackPKPKfPPfj
     /tmp/ccM1IMph.s:407    .text._Z13AudioCallbackPKPKfPPfj:0000000000000044 $d
     /tmp/ccM1IMph.s:413    .text._ZN5daisy11OledDisplayINS_13SSD130xDriverILj128ELj64ENS_24SSD130x4WireSpiTransportEEEED0Ev:0000000000000000 $t
     /tmp/ccM1IMph.s:421    .text._ZN5daisy11OledDisplayINS_13SSD130xDriverILj128ELj64ENS_24SSD130x4WireSpiTransportEEEED0Ev:0000000000000000 _ZN5daisy11OledDisplayINS_13SSD130xDriverILj128ELj64ENS_24SSD130x4WireSpiTransportEEEED0Ev
     /tmp/ccM1IMph.s:461    .text._ZN5daisy17MidiUartTransport10rxCallbackEPhjPvNS_11UartHandler6ResultE:0000000000000000 $t
     /tmp/ccM1IMph.s:469    .text._ZN5daisy17MidiUartTransport10rxCallbackEPhjPvNS_11UartHandler6ResultE:0000000000000000 _ZN5daisy17MidiUartTransport10rxCallbackEPhjPvNS_11UartHandler6ResultE
     /tmp/ccM1IMph.s:508    .text._ZN5daisy11MidiHandlerINS_17MidiUartTransportEE13ParseCallbackEPhjPv:0000000000000000 $t
     /tmp/ccM1IMph.s:516    .text._ZN5daisy11MidiHandlerINS_17MidiUartTransportEE13ParseCallbackEPhjPv:0000000000000000 _ZN5daisy11MidiHandlerINS_17MidiUartTransportEE13ParseCallbackEPhjPv
     /tmp/ccM1IMph.s:680    .text._ZN5daisy11OledDisplayINS_13SSD130xDriverILj128ELj64ENS_24SSD130x4WireSpiTransportEEEE6UpdateEv:0000000000000000 $t
     /tmp/ccM1IMph.s:688    .text._ZN5daisy11OledDisplayINS_13SSD130xDriverILj128ELj64ENS_24SSD130x4WireSpiTransportEEEE6UpdateEv:0000000000000000 _ZN5daisy11OledDisplayINS_13SSD130xDriverILj128ELj64ENS_24SSD130x4WireSpiTransportEEEE6UpdateEv
     /tmp/ccM1IMph.s:875    .text._ZN5daisy25OneBitGraphicsDisplayImplINS_11OledDisplayINS_13SSD130xDriverILj128ELj64ENS_24SSD130x4WireSpiTransportEEEEEE11WriteStringEPKc7FontDefb:0000000000000000 $t
     /tmp/ccM1IMph.s:883    .text._ZN5daisy25OneBitGraphicsDisplayImplINS_11OledDisplayINS_13SSD130xDriverILj128ELj64ENS_24SSD130x4WireSpiTransportEEEEEE11WriteStringEPKc7FontDefb:0000000000000000 _ZN5daisy25OneBitGraphicsDisplayImplINS_11OledDisplayINS_13SSD130xDriverILj128ELj64ENS_24SSD130x4WireSpiTransportEEEEEE11WriteStringEPKc7FontDefb
     /tmp/ccM1IMph.s:1340   .text._ZN5daisy25OneBitGraphicsDisplayImplINS_11OledDisplayINS_13SSD130xDriverILj128ELj64ENS_24SSD130x4WireSpiTransportEEEEEE11WriteStringEPKc7FontDefb:00000000000001b8 $d
     /tmp/ccM1IMph.s:1350   .text._ZN5daisy25OneBitGraphicsDisplayImplINS_11OledDisplayINS_13SSD130xDriverILj128ELj64ENS_24SSD130x4WireSpiTransportEEEEEE9WriteCharEc7FontDefb:0000000000000000 $t
     /tmp/ccM1IMph.s:1358   .text._ZN5daisy25OneBitGraphicsDisplayImplINS_11OledDisplayINS_13SSD130xDriverILj128ELj64ENS_24SSD130x4WireSpiTransportEEEEEE9WriteCharEc7FontDefb:0000000000000000 _ZN5daisy25OneBitGraphicsDisplayImplINS_11OledDisplayINS_13SSD130xDriverILj128ELj64ENS_24SSD130x4WireSpiTransportEEEEEE9WriteCharEc7FontDefb
     /tmp/ccM1IMph.s:1784   .text._ZN5daisy25OneBitGraphicsDisplayImplINS_11OledDisplayINS_13SSD130xDriverILj128ELj64ENS_24SSD130x4WireSpiTransportEEEEEE9WriteCharEc7FontDefb:0000000000000198 $d
     /tmp/ccM1IMph.s:1792   .text._ZN5daisy25OneBitGraphicsDisplayImplINS_11OledDisplayINS_13SSD130xDriverILj128ELj64ENS_24SSD130x4WireSpiTransportEEEEEE18WriteStringAlignedEPKcRK7FontDefNS_9RectangleENS_9AlignmentEb:0000000000000000 $t
     /tmp/ccM1IMph.s:1800   .text._ZN5daisy25OneBitGraphicsDisplayImplINS_11OledDisplayINS_13SSD130xDriverILj128ELj64ENS_24SSD130x4WireSpiTransportEEEEEE18WriteStringAlignedEPKcRK7FontDefNS_9RectangleENS_9AlignmentEb:0000000000000000 _ZN5daisy25OneBitGraphicsDisplayImplINS_11OledDisplayINS_13SSD130xDriverILj128ELj64ENS_24SSD130x4WireSpiTransportEEEEEE18WriteStringAlignedEPKcRK7FontDefNS_9RectangleENS_9AlignmentEb
     /tmp/ccM1IMph.s:1939   .text._ZN5daisy25OneBitGraphicsDisplayImplINS_11OledDisplayINS_13SSD130xDriverILj128ELj64ENS_24SSD130x4WireSpiTransportEEEEEE18WriteStringAlignedEPKcRK7FontDefNS_9RectangleENS_9AlignmentEb:0000000000000046 $d
     /tmp/ccM1IMph.s:1948   .text._ZN5daisy25OneBitGraphicsDisplayImplINS_11OledDisplayINS_13SSD130xDriverILj128ELj64ENS_24SSD130x4WireSpiTransportEEEEEE18WriteStringAlignedEPKcRK7FontDefNS_9RectangleENS_9AlignmentEb:0000000000000058 $t
     /tmp/ccM1IMph.s:3156   .text._ZN5daisy25OneBitGraphicsDisplayImplINS_11OledDisplayINS_13SSD130xDriverILj128ELj64ENS_24SSD130x4WireSpiTransportEEEEEE18WriteStringAlignedEPKcRK7FontDefNS_9RectangleENS_9AlignmentEb:0000000000000320 $d
     /tmp/ccM1IMph.s:3165   .text._ZN5daisy25OneBitGraphicsDisplayImplINS_11OledDisplayINS_13SSD130xDriverILj128ELj64ENS_24SSD130x4WireSpiTransportEEEEEE18WriteStringAlignedEPKcRK7FontDefNS_9RectangleENS_9AlignmentEb:0000000000000328 $t
     /tmp/ccM1IMph.s:3476   .text._ZN5daisy25OneBitGraphicsDisplayImplINS_11OledDisplayINS_13SSD130xDriverILj128ELj64ENS_24SSD130x4WireSpiTransportEEEEEE18WriteStringAlignedEPKcRK7FontDefNS_9RectangleENS_9AlignmentEb:00000000000003e8 $d
     /tmp/ccM1IMph.s:3484   .text._ZN5daisy11OledDisplayINS_13SSD130xDriverILj128ELj64ENS_24SSD130x4WireSpiTransportEEEE9DrawPixelEjjb:0000000000000000 $t
     /tmp/ccM1IMph.s:3492   .text._ZN5daisy11OledDisplayINS_13SSD130xDriverILj128ELj64ENS_24SSD130x4WireSpiTransportEEEE9DrawPixelEjjb:0000000000000000 _ZN5daisy11OledDisplayINS_13SSD130xDriverILj128ELj64ENS_24SSD130x4WireSpiTransportEEEE9DrawPixelEjjb
     /tmp/ccM1IMph.s:3569   .text._ZN5daisy25OneBitGraphicsDisplayImplINS_11OledDisplayINS_13SSD130xDriverILj128ELj64ENS_24SSD130x4WireSpiTransportEEEEEE8DrawLineEjjjjb:0000000000000000 $t
     /tmp/ccM1IMph.s:3577   .text._ZN5daisy25OneBitGraphicsDisplayImplINS_11OledDisplayINS_13SSD130xDriverILj128ELj64ENS_24SSD130x4WireSpiTransportEEEEEE8DrawLineEjjjjb:0000000000000000 _ZN5daisy25OneBitGraphicsDisplayImplINS_11OledDisplayINS_13SSD130xDriverILj128ELj64ENS_24SSD130x4WireSpiTransportEEEEEE8DrawLineEjjjjb
     /tmp/ccM1IMph.s:3862   .text._ZN5daisy25OneBitGraphicsDisplayImplINS_11OledDisplayINS_13SSD130xDriverILj128ELj64ENS_24SSD130x4WireSpiTransportEEEEEE7DrawArcEjjjiib:0000000000000000 $t
     /tmp/ccM1IMph.s:3870   .text._ZN5daisy25OneBitGraphicsDisplayImplINS_11OledDisplayINS_13SSD130xDriverILj128ELj64ENS_24SSD130x4WireSpiTransportEEEEEE7DrawArcEjjjiib:0000000000000000 _ZN5daisy25OneBitGraphicsDisplayImplINS_11OledDisplayINS_13SSD130xDriverILj128ELj64ENS_24SSD130x4WireSpiTransportEEEEEE7DrawArcEjjjiib
     /tmp/ccM1IMph.s:4555   .text._ZN5daisy25OneBitGraphicsDisplayImplINS_11OledDisplayINS_13SSD130xDriverILj128ELj64ENS_24SSD130x4WireSpiTransportEEEEEE7DrawArcEjjjiib:0000000000000368 $d
     /tmp/ccM1IMph.s:4569   .text._ZN5daisy25OneBitGraphicsDisplayImplINS_11OledDisplayINS_13SSD130xDriverILj128ELj64ENS_24SSD130x4WireSpiTransportEEEEEE7DrawArcEjjjiib:0000000000000378 $t
     /tmp/ccM1IMph.s:4795   .text._ZN5daisy25OneBitGraphicsDisplayImplINS_11OledDisplayINS_13SSD130xDriverILj128ELj64ENS_24SSD130x4WireSpiTransportEEEEEE8DrawRectEjjjjbb:0000000000000000 $t
     /tmp/ccM1IMph.s:4803   .text._ZN5daisy25OneBitGraphicsDisplayImplINS_11OledDisplayINS_13SSD130xDriverILj128ELj64ENS_24SSD130x4WireSpiTransportEEEEEE8DrawRectEjjjjbb:0000000000000000 _ZN5daisy25OneBitGraphicsDisplayImplINS_11OledDisplayINS_13SSD130xDriverILj128ELj64ENS_24SSD130x4WireSpiTransportEEEEEE8DrawRectEjjjjbb
     /tmp/ccM1IMph.s:5913   .text._Z17HandleMidiMessageN5daisy9MidiEventE:0000000000000000 $t
     /tmp/ccM1IMph.s:5921   .text._Z17HandleMidiMessageN5daisy9MidiEventE:0000000000000000 _Z17HandleMidiMessageN5daisy9MidiEventE
     /tmp/ccM1IMph.s:6250   .text._Z17HandleMidiMessageN5daisy9MidiEventE:00000000000000d8 $d
ARM GAS  /tmp/ccM1IMph.s 			page 262


     /tmp/ccM1IMph.s:6261   .text._ZN5daisy13SSD130xDriverILj128ELj64ENS_24SSD130x4WireSpiTransportEE6UpdateEv:0000000000000000 $t
     /tmp/ccM1IMph.s:6269   .text._ZN5daisy13SSD130xDriverILj128ELj64ENS_24SSD130x4WireSpiTransportEE6UpdateEv:0000000000000000 _ZN5daisy13SSD130xDriverILj128ELj64ENS_24SSD130x4WireSpiTransportEE6UpdateEv
     /tmp/ccM1IMph.s:6443   .rodata.main.str1.4:0000000000000000 $d
     /tmp/ccM1IMph.s:6444   .rodata.main.str1.4:0000000000000000 .LC0
     /tmp/ccM1IMph.s:6447   .text.startup.main:0000000000000000 $t
     /tmp/ccM1IMph.s:6455   .text.startup.main:0000000000000000 main
     /tmp/ccM1IMph.s:7106   .text.startup.main:0000000000000164 $d
     /tmp/ccM1IMph.s:7692   .bss.hw:0000000000000000 hw
     /tmp/ccM1IMph.s:7131   .text.startup._GLOBAL__sub_I_hw:0000000000000000 $t
     /tmp/ccM1IMph.s:7138   .text.startup._GLOBAL__sub_I_hw:0000000000000000 _GLOBAL__sub_I_hw
     /tmp/ccM1IMph.s:7640   .text.startup._GLOBAL__sub_I_hw:0000000000000080 $d
     /tmp/ccM1IMph.s:7662   .rodata._ZTVN5daisy11OledDisplayINS_13SSD130xDriverILj128ELj64ENS_24SSD130x4WireSpiTransportEEEEE:0000000000000000 _ZTVN5daisy11OledDisplayINS_13SSD130xDriverILj128ELj64ENS_24SSD130x4WireSpiTransportEEEEE
     /tmp/ccM1IMph.s:7655   .init_array:0000000000000000 $d
     /tmp/ccM1IMph.s:7659   .rodata._ZTVN5daisy11OledDisplayINS_13SSD130xDriverILj128ELj64ENS_24SSD130x4WireSpiTransportEEEEE:0000000000000000 $d
     /tmp/ccM1IMph.s:7686   .bss.filt:0000000000000000 filt
     /tmp/ccM1IMph.s:7699   .bss.osc:0000000000000000 osc
     /tmp/ccM1IMph.s:7682   .bss.filt:0000000000000000 $d
     /tmp/ccM1IMph.s:7689   .bss.hw:0000000000000000 $d
     /tmp/ccM1IMph.s:7695   .bss.osc:0000000000000000 $d
                           .group:0000000000000000 _ZN5daisy10DaisyPatchD5Ev
                           .group:0000000000000000 _ZN7daisysp10OscillatorD5Ev
                           .group:0000000000000000 _ZN7daisysp3SvfD5Ev
                           .group:0000000000000000 _ZN5daisy11OledDisplayINS_13SSD130xDriverILj128ELj64ENS_24SSD130x4WireSpiTransportEEEED5Ev

UNDEFINED SYMBOLS
memset
_ZN7daisysp10Oscillator7ProcessEv
_ZN7daisysp3Svf7ProcessEf
_ZdlPvj
_ZN5daisy10MidiParser5ParseEhPNS_9MidiEventE
memcpy
dsy_gpio_write
_ZN5daisy9SpiHandle16BlockingTransmitEPhjm
cosf
sinf
powf
_ZN7daisysp10Oscillator12CalcPhaseIncEf
_ZN7daisysp3Svf6SetResEf
_ZN7daisysp3Svf7SetFreqEf
_ZN5daisy10DaisyPatch4InitEb
_ZN5daisy10DaisyPatch15AudioSampleRateEv
_ZN7daisysp3Svf4InitEf
_ZNSt7__cxx1112basic_stringIcSt11char_traitsIcESaIcEE13_S_copy_charsEPcPKcS7_
dsy_dma_clear_cache_for_buffer
_ZN5daisy11UartHandler14DmaListenStartEPhjPFvS1_jPvNS0_6ResultEES2_
_ZN5daisy10DaisyPatch8StartAdcEv
_ZN5daisy10DaisyPatch10StartAudioEPFvPKPKfPPfjE
_ZNK5daisy11UartHandler11IsListeningEv
_ZN5daisy10MidiParser5ResetEv
Font_7x10
_ZN5daisy17MidiUartTransport6ConfigC1Ev
__aeabi_atexit
__dso_handle
