ARM GAS  /tmp/ccuCWtjx.s 			page 1


   1              		.cpu cortex-m7
   2              		.arch armv7e-m
   3              		.fpu fpv5-d16
   4              		.eabi_attribute 28, 1
   5              		.eabi_attribute 20, 1
   6              		.eabi_attribute 21, 1
   7              		.eabi_attribute 23, 3
   8              		.eabi_attribute 24, 1
   9              		.eabi_attribute 25, 1
  10              		.eabi_attribute 26, 1
  11              		.eabi_attribute 30, 2
  12              		.eabi_attribute 34, 1
  13              		.eabi_attribute 18, 4
  14              		.file	"OLED.cpp"
  15              		.text
  16              	.Ltext0:
  17              		.cfi_sections	.debug_frame
  18              		.file 1 "OLED.cpp"
  19              		.section	.text._ZN5daisy9DaisySeedD2Ev,"axG",%progbits,_ZN5daisy9DaisySeedD5Ev,comdat
  20              		.align	1
  21              		.p2align 2,,3
  22              		.weak	_ZN5daisy9DaisySeedD2Ev
  23              		.syntax unified
  24              		.thumb
  25              		.thumb_func
  27              	_ZN5daisy9DaisySeedD2Ev:
  28              	.LVL0:
  29              	.LFB2360:
  30              		.file 2 "../../libDaisy/src/daisy_seed.h"
   1:../../libDaisy/src/daisy_seed.h **** #pragma once
   2:../../libDaisy/src/daisy_seed.h **** #ifndef DSY_SEED_H
   3:../../libDaisy/src/daisy_seed.h **** #define DSY_SEED_H
   4:../../libDaisy/src/daisy_seed.h **** 
   5:../../libDaisy/src/daisy_seed.h **** #include "daisy.h"
   6:../../libDaisy/src/daisy_seed.h **** 
   7:../../libDaisy/src/daisy_seed.h **** //Uncomment this out if you're still using the rev2 hardware
   8:../../libDaisy/src/daisy_seed.h **** //#define SEED_REV2
   9:../../libDaisy/src/daisy_seed.h **** 
  10:../../libDaisy/src/daisy_seed.h **** namespace daisy
  11:../../libDaisy/src/daisy_seed.h **** {
  12:../../libDaisy/src/daisy_seed.h **** /**
  13:../../libDaisy/src/daisy_seed.h ****    @brief This is the higher-level interface for the Daisy board. \n 
  14:../../libDaisy/src/daisy_seed.h ****     All basic peripheral configuration/initialization is setup here. \n
  15:../../libDaisy/src/daisy_seed.h **** 
  16:../../libDaisy/src/daisy_seed.h ****    @ingroup boards
  17:../../libDaisy/src/daisy_seed.h **** */
  18:../../libDaisy/src/daisy_seed.h **** class DaisySeed
  19:../../libDaisy/src/daisy_seed.h **** {
  20:../../libDaisy/src/daisy_seed.h ****   public:
  21:../../libDaisy/src/daisy_seed.h ****     DaisySeed() {}
  22:../../libDaisy/src/daisy_seed.h ****     ~DaisySeed() {}
  31              		.loc 2 22 5 view -0
  32              		.cfi_startproc
  33              		@ args = 0, pretend = 0, frame = 0
  34              		@ frame_needed = 0, uses_anonymous_args = 0
  35              		@ link register save eliminated.
  36              	.LBB325:
ARM GAS  /tmp/ccuCWtjx.s 			page 2


  37              	.LBB326:
  38              	.LBI326:
  39              		.file 3 "../../libDaisy/src/sys/system.h"
   1:../../libDaisy/src/sys/system.h **** #ifndef DSY_SYSTEM_H
   2:../../libDaisy/src/sys/system.h **** #define DSY_SYSTEM_H
   3:../../libDaisy/src/sys/system.h **** 
   4:../../libDaisy/src/sys/system.h **** #ifndef UNIT_TEST // for unit tests, a dummy implementation is provided below
   5:../../libDaisy/src/sys/system.h **** 
   6:../../libDaisy/src/sys/system.h **** #include <cstdint>
   7:../../libDaisy/src/sys/system.h **** #include "per/tim.h"
   8:../../libDaisy/src/sys/system.h **** 
   9:../../libDaisy/src/sys/system.h **** namespace daisy
  10:../../libDaisy/src/sys/system.h **** {
  11:../../libDaisy/src/sys/system.h **** /** A handle for interacting with the Core System.
  12:../../libDaisy/src/sys/system.h ****  ** This includes the Clock tree, MPU, global DMA initialization,
  13:../../libDaisy/src/sys/system.h ****  ** cache handling, and any other necessary global initiailzation
  14:../../libDaisy/src/sys/system.h ****  **
  15:../../libDaisy/src/sys/system.h ****  ** @author shensley
  16:../../libDaisy/src/sys/system.h ****  ** @ingroup system
  17:../../libDaisy/src/sys/system.h ****  */
  18:../../libDaisy/src/sys/system.h **** class System
  19:../../libDaisy/src/sys/system.h **** {
  20:../../libDaisy/src/sys/system.h ****   public:
  21:../../libDaisy/src/sys/system.h ****     /** Contains settings for initializing the System */
  22:../../libDaisy/src/sys/system.h ****     struct Config
  23:../../libDaisy/src/sys/system.h ****     {
  24:../../libDaisy/src/sys/system.h ****         /** Specifies the system clock frequency that feeds APB/AHB clocks, etc. */
  25:../../libDaisy/src/sys/system.h ****         enum class SysClkFreq
  26:../../libDaisy/src/sys/system.h ****         {
  27:../../libDaisy/src/sys/system.h ****             FREQ_400MHZ,
  28:../../libDaisy/src/sys/system.h ****             FREQ_480MHZ,
  29:../../libDaisy/src/sys/system.h ****         };
  30:../../libDaisy/src/sys/system.h **** 
  31:../../libDaisy/src/sys/system.h ****         /** Method to call on the struct to set to defaults
  32:../../libDaisy/src/sys/system.h ****          ** CPU Freq set to 400MHz
  33:../../libDaisy/src/sys/system.h ****          ** Cache Enabled
  34:../../libDaisy/src/sys/system.h ****          ** */
  35:../../libDaisy/src/sys/system.h ****         void Defaults()
  36:../../libDaisy/src/sys/system.h ****         {
  37:../../libDaisy/src/sys/system.h ****             cpu_freq    = SysClkFreq::FREQ_400MHZ;
  38:../../libDaisy/src/sys/system.h ****             use_dcache  = true;
  39:../../libDaisy/src/sys/system.h ****             use_icache  = true;
  40:../../libDaisy/src/sys/system.h ****             skip_clocks = false;
  41:../../libDaisy/src/sys/system.h ****         }
  42:../../libDaisy/src/sys/system.h **** 
  43:../../libDaisy/src/sys/system.h ****         /** Method to call on the struct to set to boost mode:
  44:../../libDaisy/src/sys/system.h ****          ** CPU Freq set to 480MHz
  45:../../libDaisy/src/sys/system.h ****          ** Cache Enabled
  46:../../libDaisy/src/sys/system.h ****          ** */
  47:../../libDaisy/src/sys/system.h ****         void Boost()
  48:../../libDaisy/src/sys/system.h ****         {
  49:../../libDaisy/src/sys/system.h ****             cpu_freq    = SysClkFreq::FREQ_480MHZ;
  50:../../libDaisy/src/sys/system.h ****             use_dcache  = true;
  51:../../libDaisy/src/sys/system.h ****             use_icache  = true;
  52:../../libDaisy/src/sys/system.h ****             skip_clocks = false;
  53:../../libDaisy/src/sys/system.h ****         }
  54:../../libDaisy/src/sys/system.h **** 
ARM GAS  /tmp/ccuCWtjx.s 			page 3


  55:../../libDaisy/src/sys/system.h ****         SysClkFreq cpu_freq;
  56:../../libDaisy/src/sys/system.h ****         bool       use_dcache;
  57:../../libDaisy/src/sys/system.h ****         bool       use_icache;
  58:../../libDaisy/src/sys/system.h ****         bool       skip_clocks;
  59:../../libDaisy/src/sys/system.h ****     };
  60:../../libDaisy/src/sys/system.h **** 
  61:../../libDaisy/src/sys/system.h ****     /** Describes the different regions of memory available to the Daisy */
  62:../../libDaisy/src/sys/system.h ****     enum MemoryRegion
  63:../../libDaisy/src/sys/system.h ****     {
  64:../../libDaisy/src/sys/system.h ****         INTERNAL_FLASH = 0,
  65:../../libDaisy/src/sys/system.h ****         ITCMRAM,
  66:../../libDaisy/src/sys/system.h ****         DTCMRAM,
  67:../../libDaisy/src/sys/system.h ****         SRAM_D1,
  68:../../libDaisy/src/sys/system.h ****         SRAM_D2,
  69:../../libDaisy/src/sys/system.h ****         SRAM_D3,
  70:../../libDaisy/src/sys/system.h ****         SDRAM,
  71:../../libDaisy/src/sys/system.h ****         QSPI,
  72:../../libDaisy/src/sys/system.h ****         INVALID_ADDRESS,
  73:../../libDaisy/src/sys/system.h ****     };
  74:../../libDaisy/src/sys/system.h **** 
  75:../../libDaisy/src/sys/system.h ****     /** Bootloader struct for controlling bootloading parameters */
  76:../../libDaisy/src/sys/system.h ****     struct BootInfo
  77:../../libDaisy/src/sys/system.h ****     {
  78:../../libDaisy/src/sys/system.h ****         enum class Type : uint32_t
  79:../../libDaisy/src/sys/system.h ****         {
  80:../../libDaisy/src/sys/system.h ****             INVALID      = 0x00000000,
  81:../../libDaisy/src/sys/system.h ****             JUMP         = 0xDEADBEEF,
  82:../../libDaisy/src/sys/system.h ****             SKIP_TIMEOUT = 0x5AFEB007,
  83:../../libDaisy/src/sys/system.h ****             INF_TIMEOUT  = 0xB0074EFA,
  84:../../libDaisy/src/sys/system.h ****         } status;
  85:../../libDaisy/src/sys/system.h ****         uint32_t data;
  86:../../libDaisy/src/sys/system.h ****         enum class Version : uint32_t
  87:../../libDaisy/src/sys/system.h ****         {
  88:../../libDaisy/src/sys/system.h ****             LT_v6_0 = 0, // Less than v6.0
  89:../../libDaisy/src/sys/system.h ****             NONE,        // No bootloader present
  90:../../libDaisy/src/sys/system.h ****             v6_0,        // v6.0
  91:../../libDaisy/src/sys/system.h ****             v6_1,        // v6.1 or greater
  92:../../libDaisy/src/sys/system.h ****             LAST
  93:../../libDaisy/src/sys/system.h ****         } version;
  94:../../libDaisy/src/sys/system.h ****     };
  95:../../libDaisy/src/sys/system.h **** 
  96:../../libDaisy/src/sys/system.h ****     System() {}
  97:../../libDaisy/src/sys/system.h ****     ~System() {}
  40              		.loc 3 97 5 view .LVU1
  41              		.loc 3 97 5 is_stmt 0 view .LVU2
  42              	.LBE326:
  43              	.LBB327:
  44              	.LBI327:
  45              		.file 4 "../../libDaisy/src/hid/usb.h"
   1:../../libDaisy/src/hid/usb.h **** #pragma once
   2:../../libDaisy/src/hid/usb.h **** #ifndef DSY_HID_USB_H
   3:../../libDaisy/src/hid/usb.h **** #define DSY_HID_USB_H
   4:../../libDaisy/src/hid/usb.h **** #include <stdint.h>
   5:../../libDaisy/src/hid/usb.h **** #include <stdlib.h>
   6:../../libDaisy/src/hid/usb.h **** 
   7:../../libDaisy/src/hid/usb.h **** namespace daisy
   8:../../libDaisy/src/hid/usb.h **** /** @addtogroup human_interface
ARM GAS  /tmp/ccuCWtjx.s 			page 4


   9:../../libDaisy/src/hid/usb.h ****     @{
  10:../../libDaisy/src/hid/usb.h **** */
  11:../../libDaisy/src/hid/usb.h **** 
  12:../../libDaisy/src/hid/usb.h **** {
  13:../../libDaisy/src/hid/usb.h **** /** 
  14:../../libDaisy/src/hid/usb.h ****     @brief Interface for initializing and using the USB Peripherals on the daisy
  15:../../libDaisy/src/hid/usb.h ****     @author Stephen Hensley
  16:../../libDaisy/src/hid/usb.h ****     @date December 2019
  17:../../libDaisy/src/hid/usb.h **** */
  18:../../libDaisy/src/hid/usb.h **** class UsbHandle
  19:../../libDaisy/src/hid/usb.h **** {
  20:../../libDaisy/src/hid/usb.h ****   public:
  21:../../libDaisy/src/hid/usb.h ****     /** Return values for USBHandle Functions */
  22:../../libDaisy/src/hid/usb.h ****     enum class Result
  23:../../libDaisy/src/hid/usb.h ****     {
  24:../../libDaisy/src/hid/usb.h ****         OK,
  25:../../libDaisy/src/hid/usb.h ****         ERR,
  26:../../libDaisy/src/hid/usb.h ****     };
  27:../../libDaisy/src/hid/usb.h **** 
  28:../../libDaisy/src/hid/usb.h ****     /** Specified which of the two USB Peripherals to initialize. */
  29:../../libDaisy/src/hid/usb.h ****     enum UsbPeriph
  30:../../libDaisy/src/hid/usb.h ****     {
  31:../../libDaisy/src/hid/usb.h ****         FS_INTERNAL, /**< Internal pin */
  32:../../libDaisy/src/hid/usb.h ****         FS_EXTERNAL, /**< FS External D+ pin is Pin 38 (GPIO32). FS External D- pin is Pin 37 (GPIO
  33:../../libDaisy/src/hid/usb.h ****         FS_BOTH,     /**< Both */
  34:../../libDaisy/src/hid/usb.h ****     };
  35:../../libDaisy/src/hid/usb.h **** 
  36:../../libDaisy/src/hid/usb.h **** 
  37:../../libDaisy/src/hid/usb.h ****     /** Function called upon reception of a buffer */
  38:../../libDaisy/src/hid/usb.h ****     typedef void (*ReceiveCallback)(uint8_t* buff, uint32_t* len);
  39:../../libDaisy/src/hid/usb.h **** 
  40:../../libDaisy/src/hid/usb.h ****     UsbHandle() {}
  41:../../libDaisy/src/hid/usb.h **** 
  42:../../libDaisy/src/hid/usb.h ****     ~UsbHandle() {}
  46              		.loc 4 42 5 is_stmt 1 view .LVU3
  47              		.loc 4 42 5 is_stmt 0 view .LVU4
  48              	.LBE327:
  49              	.LBB328:
  50              	.LBI328:
  51              		.file 5 "../../libDaisy/src/per/adc.h"
   1:../../libDaisy/src/per/adc.h **** #pragma once
   2:../../libDaisy/src/per/adc.h **** #ifndef DSY_ADC_H
   3:../../libDaisy/src/per/adc.h **** #define DSY_ADC_H /**< Macro */
   4:../../libDaisy/src/per/adc.h **** #include <stdint.h>
   5:../../libDaisy/src/per/adc.h **** #include <stdlib.h>
   6:../../libDaisy/src/per/adc.h **** #include "daisy_core.h"
   7:../../libDaisy/src/per/adc.h **** #include "per/gpio.h"
   8:../../libDaisy/src/per/adc.h **** 
   9:../../libDaisy/src/per/adc.h **** #define DSY_ADC_MAX_CHANNELS 16 /**< Maximum number of ADC channels */
  10:../../libDaisy/src/per/adc.h **** 
  11:../../libDaisy/src/per/adc.h **** namespace daisy
  12:../../libDaisy/src/per/adc.h **** {
  13:../../libDaisy/src/per/adc.h **** /** @addtogroup per_analog
  14:../../libDaisy/src/per/adc.h ****     @{
  15:../../libDaisy/src/per/adc.h **** */
  16:../../libDaisy/src/per/adc.h **** 
  17:../../libDaisy/src/per/adc.h **** /* While there may not be many configuration options here,
ARM GAS  /tmp/ccuCWtjx.s 			page 5


  18:../../libDaisy/src/per/adc.h **** using a struct like this allows us to add more configuration
  19:../../libDaisy/src/per/adc.h **** later without breaking existing functionality.
  20:../../libDaisy/src/per/adc.h **** */
  21:../../libDaisy/src/per/adc.h **** 
  22:../../libDaisy/src/per/adc.h **** /** @brief   Configuration Structure for an ADC Channel 
  23:../../libDaisy/src/per/adc.h ****  *  @details This can be used to configure a a single input, 
  24:../../libDaisy/src/per/adc.h ****  *           or a multiplexed input, allowing up to 8 inputs on 
  25:../../libDaisy/src/per/adc.h ****  *           one channel.
  26:../../libDaisy/src/per/adc.h ****  *  @note    Sharing data lines to multiple muxes _is_ possible, but
  27:../../libDaisy/src/per/adc.h ****  *           each channel sharing data lines must be set to the maximum
  28:../../libDaisy/src/per/adc.h ****  *           number of channels, even if some multiplexers have fewer
  29:../../libDaisy/src/per/adc.h ****  *           inputs connected.
  30:../../libDaisy/src/per/adc.h **** */
  31:../../libDaisy/src/per/adc.h **** struct AdcChannelConfig
  32:../../libDaisy/src/per/adc.h **** {
  33:../../libDaisy/src/per/adc.h ****     /** Which pin to use for multiplexing */
  34:../../libDaisy/src/per/adc.h ****     enum MuxPin
  35:../../libDaisy/src/per/adc.h ****     {
  36:../../libDaisy/src/per/adc.h ****         MUX_SEL_0,    /**< & */
  37:../../libDaisy/src/per/adc.h ****         MUX_SEL_1,    /**< & */
  38:../../libDaisy/src/per/adc.h ****         MUX_SEL_2,    /**< & */
  39:../../libDaisy/src/per/adc.h ****         MUX_SEL_LAST, /**< & */
  40:../../libDaisy/src/per/adc.h ****     };
  41:../../libDaisy/src/per/adc.h **** 
  42:../../libDaisy/src/per/adc.h ****     /** \brief per channel conversion speed added to fixed time based on bitdepth, etc. */
  43:../../libDaisy/src/per/adc.h ****     enum ConversionSpeed
  44:../../libDaisy/src/per/adc.h ****     {
  45:../../libDaisy/src/per/adc.h ****         SPEED_1CYCLES_5,
  46:../../libDaisy/src/per/adc.h ****         SPEED_2CYCLES_5,
  47:../../libDaisy/src/per/adc.h ****         SPEED_8CYCLES_5,
  48:../../libDaisy/src/per/adc.h ****         SPEED_16CYCLES_5,
  49:../../libDaisy/src/per/adc.h ****         SPEED_32CYCLES_5,
  50:../../libDaisy/src/per/adc.h ****         SPEED_64CYCLES_5,
  51:../../libDaisy/src/per/adc.h ****         SPEED_387CYCLES_5,
  52:../../libDaisy/src/per/adc.h ****         SPEED_810CYCLES_5,
  53:../../libDaisy/src/per/adc.h ****     };
  54:../../libDaisy/src/per/adc.h **** 
  55:../../libDaisy/src/per/adc.h ****     /** Initializes a single ADC pin as an ADC. 
  56:../../libDaisy/src/per/adc.h ****     \param pin Pin to init.
  57:../../libDaisy/src/per/adc.h ****     \param speed conversion speed for this pin defaults to 8.5 cycles
  58:../../libDaisy/src/per/adc.h ****      */
  59:../../libDaisy/src/per/adc.h ****     void InitSingle(dsy_gpio_pin pin, ConversionSpeed speed = SPEED_8CYCLES_5);
  60:../../libDaisy/src/per/adc.h **** 
  61:../../libDaisy/src/per/adc.h ****     /** 
  62:../../libDaisy/src/per/adc.h ****     Initializes a single ADC pin as a Multiplexed ADC.
  63:../../libDaisy/src/per/adc.h ****     Requires a CD405X Multiplexer connected to the pin.
  64:../../libDaisy/src/per/adc.h ****     You only need to supply the mux pins that are required,
  65:../../libDaisy/src/per/adc.h ****     e.g. a 4052 mux would only require mux_0 and mux_1.
  66:../../libDaisy/src/per/adc.h ****     Internal Callbacks handle the pin addressing.
  67:../../libDaisy/src/per/adc.h ****     \param adc_pin &
  68:../../libDaisy/src/per/adc.h ****     \param mux_channels must be 1-8
  69:../../libDaisy/src/per/adc.h ****     \param mux_0 First mux pin
  70:../../libDaisy/src/per/adc.h ****     \param mux_1 Second mux pin
  71:../../libDaisy/src/per/adc.h ****     \param mux_2 Third mux pin
  72:../../libDaisy/src/per/adc.h ****     \param speed conversion speed for this pin defaults to 8.5 cycles
  73:../../libDaisy/src/per/adc.h ****     */
  74:../../libDaisy/src/per/adc.h ****     void InitMux(dsy_gpio_pin    adc_pin,
ARM GAS  /tmp/ccuCWtjx.s 			page 6


  75:../../libDaisy/src/per/adc.h ****                  size_t          mux_channels,
  76:../../libDaisy/src/per/adc.h ****                  dsy_gpio_pin    mux_0,
  77:../../libDaisy/src/per/adc.h ****                  dsy_gpio_pin    mux_1 = {DSY_GPIOX, 0},
  78:../../libDaisy/src/per/adc.h ****                  dsy_gpio_pin    mux_2 = {DSY_GPIOX, 0},
  79:../../libDaisy/src/per/adc.h ****                  ConversionSpeed speed = SPEED_8CYCLES_5);
  80:../../libDaisy/src/per/adc.h **** 
  81:../../libDaisy/src/per/adc.h ****     dsy_gpio        pin_;                   /**< & */
  82:../../libDaisy/src/per/adc.h ****     dsy_gpio        mux_pin_[MUX_SEL_LAST]; /**< & */
  83:../../libDaisy/src/per/adc.h ****     uint8_t         mux_channels_;          /**< & */
  84:../../libDaisy/src/per/adc.h ****     ConversionSpeed speed_;
  85:../../libDaisy/src/per/adc.h **** };
  86:../../libDaisy/src/per/adc.h **** 
  87:../../libDaisy/src/per/adc.h **** /**
  88:../../libDaisy/src/per/adc.h ****    @brief Handler for analog to digital conversion
  89:../../libDaisy/src/per/adc.h **** */
  90:../../libDaisy/src/per/adc.h **** class AdcHandle
  91:../../libDaisy/src/per/adc.h **** {
  92:../../libDaisy/src/per/adc.h ****   public:
  93:../../libDaisy/src/per/adc.h ****     /** Supported oversampling amounts */
  94:../../libDaisy/src/per/adc.h ****     enum OverSampling
  95:../../libDaisy/src/per/adc.h ****     {
  96:../../libDaisy/src/per/adc.h ****         OVS_NONE, /**< & */
  97:../../libDaisy/src/per/adc.h ****         OVS_4,    /**< & */
  98:../../libDaisy/src/per/adc.h ****         OVS_8,    /**< & */
  99:../../libDaisy/src/per/adc.h ****         OVS_16,   /**< & */
 100:../../libDaisy/src/per/adc.h ****         OVS_32,   /**< & */
 101:../../libDaisy/src/per/adc.h ****         OVS_64,   /**< & */
 102:../../libDaisy/src/per/adc.h ****         OVS_128,  /**< & */
 103:../../libDaisy/src/per/adc.h ****         OVS_256,  /**< & */
 104:../../libDaisy/src/per/adc.h ****         OVS_512,  /**< & */
 105:../../libDaisy/src/per/adc.h ****         OVS_1024, /**< & */
 106:../../libDaisy/src/per/adc.h ****         OVS_LAST, /**< & */
 107:../../libDaisy/src/per/adc.h ****     };
 108:../../libDaisy/src/per/adc.h **** 
 109:../../libDaisy/src/per/adc.h ****     AdcHandle() {}
 110:../../libDaisy/src/per/adc.h ****     ~AdcHandle() {}
  52              		.loc 5 110 5 is_stmt 1 view .LVU5
  53              		.loc 5 110 5 is_stmt 0 view .LVU6
  54              	.LBE328:
  55              	.LBB329:
  56              	.LBI329:
  57              		.file 6 "../../libDaisy/src/hid/audio.h"
   1:../../libDaisy/src/hid/audio.h **** #ifndef DSY_AUDIO_H
   2:../../libDaisy/src/hid/audio.h **** #define DSY_AUDIO_H /**< & */
   3:../../libDaisy/src/hid/audio.h **** 
   4:../../libDaisy/src/hid/audio.h **** #include "per/sai.h"
   5:../../libDaisy/src/hid/audio.h **** 
   6:../../libDaisy/src/hid/audio.h **** namespace daisy
   7:../../libDaisy/src/hid/audio.h **** {
   8:../../libDaisy/src/hid/audio.h **** /** @brief Audio Engine Handle
   9:../../libDaisy/src/hid/audio.h ****  *  @ingroup audio 
  10:../../libDaisy/src/hid/audio.h ****  *  @details This class allows for higher level access to an audio engine.
  11:../../libDaisy/src/hid/audio.h ****  *           If you're using a SOM like the DaisySeed or DaisyPatchSM (or any 
  12:../../libDaisy/src/hid/audio.h ****  *            board that includes one of those objects) then the intialization
  13:../../libDaisy/src/hid/audio.h ****  *            is already taken  care of.
  14:../../libDaisy/src/hid/audio.h ****  *           If you're setting up your own custom hardware, or need to make changes
  15:../../libDaisy/src/hid/audio.h ****  *           you will have to take the following steps:
ARM GAS  /tmp/ccuCWtjx.s 			page 7


  16:../../libDaisy/src/hid/audio.h ****  *             1. Create and Initialize an SaiHandle or two depending on your requirements
  17:../../libDaisy/src/hid/audio.h ****  *             2. Initialize the Audio Handle with the desired settings and the Initialized SaiHand
  18:../../libDaisy/src/hid/audio.h ****  *             3. If the connected codec requires special configuration or initialization, do so
  19:../../libDaisy/src/hid/audio.h ****  *             4. Write a callback method using either the AudioCallback or the InterleavingAudioCa
  20:../../libDaisy/src/hid/audio.h ****  *             5. Start the Audio using one of the StartAudio function
  21:../../libDaisy/src/hid/audio.h ****  */
  22:../../libDaisy/src/hid/audio.h **** class AudioHandle
  23:../../libDaisy/src/hid/audio.h **** {
  24:../../libDaisy/src/hid/audio.h ****   public:
  25:../../libDaisy/src/hid/audio.h ****     /** Manually configurable details about the Audio Engine */
  26:../../libDaisy/src/hid/audio.h ****     /** TODO: Figure out how to get samplerate in here. */
  27:../../libDaisy/src/hid/audio.h ****     struct Config
  28:../../libDaisy/src/hid/audio.h ****     {
  29:../../libDaisy/src/hid/audio.h ****         /** number of samples to process per callback */
  30:../../libDaisy/src/hid/audio.h ****         size_t blocksize;
  31:../../libDaisy/src/hid/audio.h **** 
  32:../../libDaisy/src/hid/audio.h ****         /**< Sample rate of audio */
  33:../../libDaisy/src/hid/audio.h ****         SaiHandle::Config::SampleRate samplerate;
  34:../../libDaisy/src/hid/audio.h **** 
  35:../../libDaisy/src/hid/audio.h ****         /** factor for adjustment before and after callback for hardware that may have extra headro
  36:../../libDaisy/src/hid/audio.h ****         float postgain;
  37:../../libDaisy/src/hid/audio.h **** 
  38:../../libDaisy/src/hid/audio.h ****         /** factor for additional one-sided compensation to audio path for hardware that may
  39:../../libDaisy/src/hid/audio.h ****          *  have unequal input/output ranges
  40:../../libDaisy/src/hid/audio.h ****          */
  41:../../libDaisy/src/hid/audio.h ****         float output_compensation;
  42:../../libDaisy/src/hid/audio.h **** 
  43:../../libDaisy/src/hid/audio.h ****         /** Sets default values for config struct */
  44:../../libDaisy/src/hid/audio.h ****         Config()
  45:../../libDaisy/src/hid/audio.h ****         : blocksize(48),
  46:../../libDaisy/src/hid/audio.h ****           samplerate(SaiHandle::Config::SampleRate::SAI_48KHZ),
  47:../../libDaisy/src/hid/audio.h ****           postgain(1.f),
  48:../../libDaisy/src/hid/audio.h ****           output_compensation(1.f)
  49:../../libDaisy/src/hid/audio.h ****         {
  50:../../libDaisy/src/hid/audio.h ****         }
  51:../../libDaisy/src/hid/audio.h ****     };
  52:../../libDaisy/src/hid/audio.h **** 
  53:../../libDaisy/src/hid/audio.h ****     enum class Result
  54:../../libDaisy/src/hid/audio.h ****     {
  55:../../libDaisy/src/hid/audio.h ****         OK,
  56:../../libDaisy/src/hid/audio.h ****         ERR,
  57:../../libDaisy/src/hid/audio.h ****     };
  58:../../libDaisy/src/hid/audio.h **** 
  59:../../libDaisy/src/hid/audio.h ****     /** Non-Interleaving input buffer
  60:../../libDaisy/src/hid/audio.h ****      * Buffer arranged by float[chn][sample] 
  61:../../libDaisy/src/hid/audio.h ****      * const so that the user can't modify the input
  62:../../libDaisy/src/hid/audio.h ****      */
  63:../../libDaisy/src/hid/audio.h ****     typedef const float* const* InputBuffer;
  64:../../libDaisy/src/hid/audio.h **** 
  65:../../libDaisy/src/hid/audio.h ****     /** Non-Interleaving output buffer
  66:../../libDaisy/src/hid/audio.h ****      * Arranged by float[chn][sample] 
  67:../../libDaisy/src/hid/audio.h ****      */
  68:../../libDaisy/src/hid/audio.h ****     typedef float** OutputBuffer;
  69:../../libDaisy/src/hid/audio.h **** 
  70:../../libDaisy/src/hid/audio.h ****     /** Type for a Non-Interleaving audio callback 
  71:../../libDaisy/src/hid/audio.h ****      * Non-Interleaving audio callbacks in daisy will be of this type
  72:../../libDaisy/src/hid/audio.h ****      */
ARM GAS  /tmp/ccuCWtjx.s 			page 8


  73:../../libDaisy/src/hid/audio.h ****     typedef void (*AudioCallback)(InputBuffer  in,
  74:../../libDaisy/src/hid/audio.h ****                                   OutputBuffer out,
  75:../../libDaisy/src/hid/audio.h ****                                   size_t       size);
  76:../../libDaisy/src/hid/audio.h **** 
  77:../../libDaisy/src/hid/audio.h ****     /** Interleaving Input buffer
  78:../../libDaisy/src/hid/audio.h ****      ** audio is prepared as { L0, R0, L1, R1, . . . LN, RN }]
  79:../../libDaisy/src/hid/audio.h ****      ** this is const, as the user shouldn't modify it
  80:../../libDaisy/src/hid/audio.h ****     */
  81:../../libDaisy/src/hid/audio.h ****     typedef const float* InterleavingInputBuffer;
  82:../../libDaisy/src/hid/audio.h **** 
  83:../../libDaisy/src/hid/audio.h ****     /** Interleaving Output buffer 
  84:../../libDaisy/src/hid/audio.h ****      ** audio is prepared as { L0, R0, L1, R1, . . . LN, RN }
  85:../../libDaisy/src/hid/audio.h ****     */
  86:../../libDaisy/src/hid/audio.h ****     typedef float* InterleavingOutputBuffer;
  87:../../libDaisy/src/hid/audio.h **** 
  88:../../libDaisy/src/hid/audio.h ****     /** Interleaving Audio Callback 
  89:../../libDaisy/src/hid/audio.h ****      * Interleaving audio callbacks in daisy must be of this type
  90:../../libDaisy/src/hid/audio.h ****      */
  91:../../libDaisy/src/hid/audio.h ****     typedef void (*InterleavingAudioCallback)(InterleavingInputBuffer  in,
  92:../../libDaisy/src/hid/audio.h ****                                               InterleavingOutputBuffer out,
  93:../../libDaisy/src/hid/audio.h ****                                               size_t                   size);
  94:../../libDaisy/src/hid/audio.h **** 
  95:../../libDaisy/src/hid/audio.h ****     AudioHandle() : pimpl_(nullptr) {}
  96:../../libDaisy/src/hid/audio.h ****     ~AudioHandle() {}
  58              		.loc 6 96 5 is_stmt 1 view .LVU7
  59              		.loc 6 96 5 is_stmt 0 view .LVU8
  60              	.LBE329:
  61              	.LBE325:
  62              		.loc 2 22 19 view .LVU9
  63 0000 7047     		bx	lr
  64              		.cfi_endproc
  65              	.LFE2360:
  67              		.weak	_ZN5daisy9DaisySeedD1Ev
  68              		.thumb_set _ZN5daisy9DaisySeedD1Ev,_ZN5daisy9DaisySeedD2Ev
  69 0002 00BF     		.section	.text._ZN5daisy11OledDisplayINS_13SSD130xDriverILj128ELj64ENS_24SSD130x4WireSpiTransportE
  70              		.align	1
  71              		.p2align 2,,3
  72              		.weak	_ZN5daisy11OledDisplayINS_13SSD130xDriverILj128ELj64ENS_24SSD130x4WireSpiTransportEEEE4FillE
  73              		.syntax unified
  74              		.thumb
  75              		.thumb_func
  77              	_ZN5daisy11OledDisplayINS_13SSD130xDriverILj128ELj64ENS_24SSD130x4WireSpiTransportEEEE4FillEb:
  78              	.LVL1:
  79              	.LFB2420:
  80              		.file 7 "../../libDaisy/src/hid/disp/oled_display.h"
   1:../../libDaisy/src/hid/disp/oled_display.h **** #pragma once
   2:../../libDaisy/src/hid/disp/oled_display.h **** #ifndef DSY_OLED_DISPLAY_H
   3:../../libDaisy/src/hid/disp/oled_display.h **** #define DSY_OLED_DISPLAY_H /**< Macro */
   4:../../libDaisy/src/hid/disp/oled_display.h **** 
   5:../../libDaisy/src/hid/disp/oled_display.h **** #include "display.h"
   6:../../libDaisy/src/hid/disp/oled_display.h **** 
   7:../../libDaisy/src/hid/disp/oled_display.h **** namespace daisy
   8:../../libDaisy/src/hid/disp/oled_display.h **** {
   9:../../libDaisy/src/hid/disp/oled_display.h **** /** 
  10:../../libDaisy/src/hid/disp/oled_display.h ****  * This class is for drawing to a monochrome OLED display. 
  11:../../libDaisy/src/hid/disp/oled_display.h ****  * @ingroup device
  12:../../libDaisy/src/hid/disp/oled_display.h **** */
ARM GAS  /tmp/ccuCWtjx.s 			page 9


  13:../../libDaisy/src/hid/disp/oled_display.h **** template <typename DisplayDriver>
  14:../../libDaisy/src/hid/disp/oled_display.h **** class OledDisplay : public OneBitGraphicsDisplayImpl<OledDisplay<DisplayDriver>>
  15:../../libDaisy/src/hid/disp/oled_display.h **** {
  16:../../libDaisy/src/hid/disp/oled_display.h ****   public:
  17:../../libDaisy/src/hid/disp/oled_display.h ****     OledDisplay() {}
  18:../../libDaisy/src/hid/disp/oled_display.h ****     virtual ~OledDisplay() {}
  19:../../libDaisy/src/hid/disp/oled_display.h **** 
  20:../../libDaisy/src/hid/disp/oled_display.h ****     struct Config
  21:../../libDaisy/src/hid/disp/oled_display.h ****     {
  22:../../libDaisy/src/hid/disp/oled_display.h ****         typename DisplayDriver::Config driver_config;
  23:../../libDaisy/src/hid/disp/oled_display.h ****     };
  24:../../libDaisy/src/hid/disp/oled_display.h **** 
  25:../../libDaisy/src/hid/disp/oled_display.h ****     void Init(Config config) { driver_.Init(config.driver_config); }
  26:../../libDaisy/src/hid/disp/oled_display.h **** 
  27:../../libDaisy/src/hid/disp/oled_display.h ****     uint16_t Height() const override { return driver_.Height(); }
  28:../../libDaisy/src/hid/disp/oled_display.h ****     uint16_t Width() const override { return driver_.Width(); }
  29:../../libDaisy/src/hid/disp/oled_display.h **** 
  30:../../libDaisy/src/hid/disp/oled_display.h ****     /** 
  31:../../libDaisy/src/hid/disp/oled_display.h ****     Fills the entire display with either on/off.
  32:../../libDaisy/src/hid/disp/oled_display.h ****     \param on Sets on or off.
  33:../../libDaisy/src/hid/disp/oled_display.h ****     */
  34:../../libDaisy/src/hid/disp/oled_display.h ****     void Fill(bool on) override { driver_.Fill(on); }
  81              		.loc 7 34 10 is_stmt 1 view -0
  82              		.cfi_startproc
  83              		@ args = 0, pretend = 0, frame = 0
  84              		@ frame_needed = 0, uses_anonymous_args = 0
  85              		@ link register save eliminated.
  86              	.LBB330:
  87              	.LBI330:
  88              		.file 8 "../../libDaisy/src/dev/oled_ssd130x.h"
   1:../../libDaisy/src/dev/oled_ssd130x.h **** #pragma once
   2:../../libDaisy/src/dev/oled_ssd130x.h **** #ifndef SA_OLED_SSD130X_H
   3:../../libDaisy/src/dev/oled_ssd130x.h **** #define SA_OLED_SSD130X_H /**< & */
   4:../../libDaisy/src/dev/oled_ssd130x.h **** 
   5:../../libDaisy/src/dev/oled_ssd130x.h **** #include "per/i2c.h"
   6:../../libDaisy/src/dev/oled_ssd130x.h **** #include "per/spi.h"
   7:../../libDaisy/src/dev/oled_ssd130x.h **** #include "per/gpio.h"
   8:../../libDaisy/src/dev/oled_ssd130x.h **** #include "sys/system.h"
   9:../../libDaisy/src/dev/oled_ssd130x.h **** 
  10:../../libDaisy/src/dev/oled_ssd130x.h **** namespace daisy
  11:../../libDaisy/src/dev/oled_ssd130x.h **** {
  12:../../libDaisy/src/dev/oled_ssd130x.h **** /**
  13:../../libDaisy/src/dev/oled_ssd130x.h ****  * I2C Transport for SSD1306 / SSD1309 OLED display devices
  14:../../libDaisy/src/dev/oled_ssd130x.h ****  */
  15:../../libDaisy/src/dev/oled_ssd130x.h **** class SSD130xI2CTransport
  16:../../libDaisy/src/dev/oled_ssd130x.h **** {
  17:../../libDaisy/src/dev/oled_ssd130x.h ****   public:
  18:../../libDaisy/src/dev/oled_ssd130x.h ****     struct Config
  19:../../libDaisy/src/dev/oled_ssd130x.h ****     {
  20:../../libDaisy/src/dev/oled_ssd130x.h ****         Config()
  21:../../libDaisy/src/dev/oled_ssd130x.h ****         {
  22:../../libDaisy/src/dev/oled_ssd130x.h ****             // Intialize using defaults
  23:../../libDaisy/src/dev/oled_ssd130x.h ****             Defaults();
  24:../../libDaisy/src/dev/oled_ssd130x.h ****         }
  25:../../libDaisy/src/dev/oled_ssd130x.h ****         I2CHandle::Config i2c_config;
  26:../../libDaisy/src/dev/oled_ssd130x.h ****         uint8_t           i2c_address;
  27:../../libDaisy/src/dev/oled_ssd130x.h ****         void              Defaults()
ARM GAS  /tmp/ccuCWtjx.s 			page 10


  28:../../libDaisy/src/dev/oled_ssd130x.h ****         {
  29:../../libDaisy/src/dev/oled_ssd130x.h ****             i2c_config.periph         = I2CHandle::Config::Peripheral::I2C_1;
  30:../../libDaisy/src/dev/oled_ssd130x.h ****             i2c_config.speed          = I2CHandle::Config::Speed::I2C_1MHZ;
  31:../../libDaisy/src/dev/oled_ssd130x.h ****             i2c_config.mode           = I2CHandle::Config::Mode::I2C_MASTER;
  32:../../libDaisy/src/dev/oled_ssd130x.h ****             i2c_config.pin_config.scl = {DSY_GPIOB, 8};
  33:../../libDaisy/src/dev/oled_ssd130x.h ****             i2c_config.pin_config.sda = {DSY_GPIOB, 9};
  34:../../libDaisy/src/dev/oled_ssd130x.h ****             i2c_address               = 0x3C;
  35:../../libDaisy/src/dev/oled_ssd130x.h ****         }
  36:../../libDaisy/src/dev/oled_ssd130x.h ****     };
  37:../../libDaisy/src/dev/oled_ssd130x.h ****     void Init(const Config& config)
  38:../../libDaisy/src/dev/oled_ssd130x.h ****     {
  39:../../libDaisy/src/dev/oled_ssd130x.h ****         i2c_address_ = config.i2c_address;
  40:../../libDaisy/src/dev/oled_ssd130x.h ****         i2c_.Init(config.i2c_config);
  41:../../libDaisy/src/dev/oled_ssd130x.h ****     };
  42:../../libDaisy/src/dev/oled_ssd130x.h ****     void SendCommand(uint8_t cmd)
  43:../../libDaisy/src/dev/oled_ssd130x.h ****     {
  44:../../libDaisy/src/dev/oled_ssd130x.h ****         uint8_t buf[2] = {0X00, cmd};
  45:../../libDaisy/src/dev/oled_ssd130x.h ****         i2c_.TransmitBlocking(i2c_address_, buf, 2, 1000);
  46:../../libDaisy/src/dev/oled_ssd130x.h ****     };
  47:../../libDaisy/src/dev/oled_ssd130x.h **** 
  48:../../libDaisy/src/dev/oled_ssd130x.h ****     void SendData(uint8_t* buff, size_t size)
  49:../../libDaisy/src/dev/oled_ssd130x.h ****     {
  50:../../libDaisy/src/dev/oled_ssd130x.h ****         for(size_t i = 0; i < size; i++)
  51:../../libDaisy/src/dev/oled_ssd130x.h ****         {
  52:../../libDaisy/src/dev/oled_ssd130x.h ****             uint8_t buf[2] = {0X40, buff[i]};
  53:../../libDaisy/src/dev/oled_ssd130x.h ****             i2c_.TransmitBlocking(i2c_address_, buf, 2, 1000);
  54:../../libDaisy/src/dev/oled_ssd130x.h ****         }
  55:../../libDaisy/src/dev/oled_ssd130x.h ****     };
  56:../../libDaisy/src/dev/oled_ssd130x.h **** 
  57:../../libDaisy/src/dev/oled_ssd130x.h ****   private:
  58:../../libDaisy/src/dev/oled_ssd130x.h ****     daisy::I2CHandle i2c_;
  59:../../libDaisy/src/dev/oled_ssd130x.h ****     uint8_t          i2c_address_;
  60:../../libDaisy/src/dev/oled_ssd130x.h **** };
  61:../../libDaisy/src/dev/oled_ssd130x.h **** 
  62:../../libDaisy/src/dev/oled_ssd130x.h **** /**
  63:../../libDaisy/src/dev/oled_ssd130x.h ****  * 4 Wire SPI Transport for SSD1306 / SSD1309 OLED display devices
  64:../../libDaisy/src/dev/oled_ssd130x.h ****  */
  65:../../libDaisy/src/dev/oled_ssd130x.h **** class SSD130x4WireSpiTransport
  66:../../libDaisy/src/dev/oled_ssd130x.h **** {
  67:../../libDaisy/src/dev/oled_ssd130x.h ****   public:
  68:../../libDaisy/src/dev/oled_ssd130x.h ****     struct Config
  69:../../libDaisy/src/dev/oled_ssd130x.h ****     {
  70:../../libDaisy/src/dev/oled_ssd130x.h ****         Config()
  71:../../libDaisy/src/dev/oled_ssd130x.h ****         {
  72:../../libDaisy/src/dev/oled_ssd130x.h ****             // Initialize using defaults
  73:../../libDaisy/src/dev/oled_ssd130x.h ****             Defaults();
  74:../../libDaisy/src/dev/oled_ssd130x.h ****         }
  75:../../libDaisy/src/dev/oled_ssd130x.h ****         SpiHandle::Config spi_config;
  76:../../libDaisy/src/dev/oled_ssd130x.h ****         struct
  77:../../libDaisy/src/dev/oled_ssd130x.h ****         {
  78:../../libDaisy/src/dev/oled_ssd130x.h ****             dsy_gpio_pin dc;    /**< & */
  79:../../libDaisy/src/dev/oled_ssd130x.h ****             dsy_gpio_pin reset; /**< & */
  80:../../libDaisy/src/dev/oled_ssd130x.h ****         } pin_config;
  81:../../libDaisy/src/dev/oled_ssd130x.h ****         void Defaults()
  82:../../libDaisy/src/dev/oled_ssd130x.h ****         {
  83:../../libDaisy/src/dev/oled_ssd130x.h ****             // SPI peripheral config
  84:../../libDaisy/src/dev/oled_ssd130x.h ****             spi_config.periph = SpiHandle::Config::Peripheral::SPI_1;
ARM GAS  /tmp/ccuCWtjx.s 			page 11


  85:../../libDaisy/src/dev/oled_ssd130x.h ****             spi_config.mode   = SpiHandle::Config::Mode::MASTER;
  86:../../libDaisy/src/dev/oled_ssd130x.h ****             spi_config.direction
  87:../../libDaisy/src/dev/oled_ssd130x.h ****                 = SpiHandle::Config::Direction::TWO_LINES_TX_ONLY;
  88:../../libDaisy/src/dev/oled_ssd130x.h ****             spi_config.datasize       = 8;
  89:../../libDaisy/src/dev/oled_ssd130x.h ****             spi_config.clock_polarity = SpiHandle::Config::ClockPolarity::LOW;
  90:../../libDaisy/src/dev/oled_ssd130x.h ****             spi_config.clock_phase    = SpiHandle::Config::ClockPhase::ONE_EDGE;
  91:../../libDaisy/src/dev/oled_ssd130x.h ****             spi_config.nss            = SpiHandle::Config::NSS::HARD_OUTPUT;
  92:../../libDaisy/src/dev/oled_ssd130x.h ****             spi_config.baud_prescaler = SpiHandle::Config::BaudPrescaler::PS_8;
  93:../../libDaisy/src/dev/oled_ssd130x.h ****             // SPI pin config
  94:../../libDaisy/src/dev/oled_ssd130x.h ****             spi_config.pin_config.sclk = {DSY_GPIOG, 11};
  95:../../libDaisy/src/dev/oled_ssd130x.h ****             spi_config.pin_config.miso = {DSY_GPIOX, 0};
  96:../../libDaisy/src/dev/oled_ssd130x.h ****             spi_config.pin_config.mosi = {DSY_GPIOB, 5};
  97:../../libDaisy/src/dev/oled_ssd130x.h ****             spi_config.pin_config.nss  = {DSY_GPIOG, 10};
  98:../../libDaisy/src/dev/oled_ssd130x.h ****             // SSD130x control pin config
  99:../../libDaisy/src/dev/oled_ssd130x.h ****             pin_config.dc    = {DSY_GPIOB, 4};
 100:../../libDaisy/src/dev/oled_ssd130x.h ****             pin_config.reset = {DSY_GPIOB, 15};
 101:../../libDaisy/src/dev/oled_ssd130x.h ****         }
 102:../../libDaisy/src/dev/oled_ssd130x.h ****     };
 103:../../libDaisy/src/dev/oled_ssd130x.h ****     void Init(const Config& config)
 104:../../libDaisy/src/dev/oled_ssd130x.h ****     {
 105:../../libDaisy/src/dev/oled_ssd130x.h ****         // Initialize both GPIO
 106:../../libDaisy/src/dev/oled_ssd130x.h ****         pin_dc_.mode = DSY_GPIO_MODE_OUTPUT_PP;
 107:../../libDaisy/src/dev/oled_ssd130x.h ****         pin_dc_.pin  = config.pin_config.dc;
 108:../../libDaisy/src/dev/oled_ssd130x.h ****         dsy_gpio_init(&pin_dc_);
 109:../../libDaisy/src/dev/oled_ssd130x.h ****         pin_reset_.mode = DSY_GPIO_MODE_OUTPUT_PP;
 110:../../libDaisy/src/dev/oled_ssd130x.h ****         pin_reset_.pin  = config.pin_config.reset;
 111:../../libDaisy/src/dev/oled_ssd130x.h ****         dsy_gpio_init(&pin_reset_);
 112:../../libDaisy/src/dev/oled_ssd130x.h **** 
 113:../../libDaisy/src/dev/oled_ssd130x.h ****         // Initialize SPI
 114:../../libDaisy/src/dev/oled_ssd130x.h ****         spi_.Init(config.spi_config);
 115:../../libDaisy/src/dev/oled_ssd130x.h **** 
 116:../../libDaisy/src/dev/oled_ssd130x.h ****         // Reset and Configure OLED.
 117:../../libDaisy/src/dev/oled_ssd130x.h ****         dsy_gpio_write(&pin_reset_, 0);
 118:../../libDaisy/src/dev/oled_ssd130x.h ****         System::Delay(10);
 119:../../libDaisy/src/dev/oled_ssd130x.h ****         dsy_gpio_write(&pin_reset_, 1);
 120:../../libDaisy/src/dev/oled_ssd130x.h ****         System::Delay(10);
 121:../../libDaisy/src/dev/oled_ssd130x.h ****     };
 122:../../libDaisy/src/dev/oled_ssd130x.h ****     void SendCommand(uint8_t cmd)
 123:../../libDaisy/src/dev/oled_ssd130x.h ****     {
 124:../../libDaisy/src/dev/oled_ssd130x.h ****         dsy_gpio_write(&pin_dc_, 0);
 125:../../libDaisy/src/dev/oled_ssd130x.h ****         spi_.BlockingTransmit(&cmd, 1);
 126:../../libDaisy/src/dev/oled_ssd130x.h ****     };
 127:../../libDaisy/src/dev/oled_ssd130x.h **** 
 128:../../libDaisy/src/dev/oled_ssd130x.h ****     void SendData(uint8_t* buff, size_t size)
 129:../../libDaisy/src/dev/oled_ssd130x.h ****     {
 130:../../libDaisy/src/dev/oled_ssd130x.h ****         dsy_gpio_write(&pin_dc_, 1);
 131:../../libDaisy/src/dev/oled_ssd130x.h ****         spi_.BlockingTransmit(buff, size);
 132:../../libDaisy/src/dev/oled_ssd130x.h ****     };
 133:../../libDaisy/src/dev/oled_ssd130x.h **** 
 134:../../libDaisy/src/dev/oled_ssd130x.h ****   private:
 135:../../libDaisy/src/dev/oled_ssd130x.h ****     SpiHandle spi_;
 136:../../libDaisy/src/dev/oled_ssd130x.h ****     dsy_gpio  pin_reset_;
 137:../../libDaisy/src/dev/oled_ssd130x.h ****     dsy_gpio  pin_dc_;
 138:../../libDaisy/src/dev/oled_ssd130x.h **** };
 139:../../libDaisy/src/dev/oled_ssd130x.h **** 
 140:../../libDaisy/src/dev/oled_ssd130x.h **** /**
 141:../../libDaisy/src/dev/oled_ssd130x.h ****  * Soft SPI Transport for SSD1306 / SSD1309 OLED display devices
ARM GAS  /tmp/ccuCWtjx.s 			page 12


 142:../../libDaisy/src/dev/oled_ssd130x.h ****  */
 143:../../libDaisy/src/dev/oled_ssd130x.h **** class SSD130x4WireSoftSpiTransport
 144:../../libDaisy/src/dev/oled_ssd130x.h **** {
 145:../../libDaisy/src/dev/oled_ssd130x.h ****   public:
 146:../../libDaisy/src/dev/oled_ssd130x.h ****     struct Config
 147:../../libDaisy/src/dev/oled_ssd130x.h ****     {
 148:../../libDaisy/src/dev/oled_ssd130x.h ****         Config()
 149:../../libDaisy/src/dev/oled_ssd130x.h ****         {
 150:../../libDaisy/src/dev/oled_ssd130x.h ****             // Initialize using defaults
 151:../../libDaisy/src/dev/oled_ssd130x.h ****             Defaults();
 152:../../libDaisy/src/dev/oled_ssd130x.h ****         }
 153:../../libDaisy/src/dev/oled_ssd130x.h ****         struct
 154:../../libDaisy/src/dev/oled_ssd130x.h ****         {
 155:../../libDaisy/src/dev/oled_ssd130x.h ****             uint32_t     sclk_delay;
 156:../../libDaisy/src/dev/oled_ssd130x.h ****             dsy_gpio_pin sclk;
 157:../../libDaisy/src/dev/oled_ssd130x.h ****             dsy_gpio_pin mosi;
 158:../../libDaisy/src/dev/oled_ssd130x.h ****             dsy_gpio_pin dc;
 159:../../libDaisy/src/dev/oled_ssd130x.h ****             dsy_gpio_pin reset;
 160:../../libDaisy/src/dev/oled_ssd130x.h ****         } pin_config;
 161:../../libDaisy/src/dev/oled_ssd130x.h ****         void Defaults()
 162:../../libDaisy/src/dev/oled_ssd130x.h ****         {
 163:../../libDaisy/src/dev/oled_ssd130x.h ****             pin_config.sclk_delay = 0; // fast as possible?!
 164:../../libDaisy/src/dev/oled_ssd130x.h ****             // SPI peripheral config
 165:../../libDaisy/src/dev/oled_ssd130x.h ****             pin_config.sclk = {DSY_GPIOD, 3}; /**< D10 - SPI2 SCK  */
 166:../../libDaisy/src/dev/oled_ssd130x.h ****             pin_config.mosi = {DSY_GPIOC, 3}; /**< D9  - SPI2 MOSI */
 167:../../libDaisy/src/dev/oled_ssd130x.h ****             // SSD130x control pin config
 168:../../libDaisy/src/dev/oled_ssd130x.h ****             pin_config.dc    = {DSY_GPIOC, 11}; //D2
 169:../../libDaisy/src/dev/oled_ssd130x.h ****             pin_config.reset = {DSY_GPIOC, 10}; //D3
 170:../../libDaisy/src/dev/oled_ssd130x.h ****         }
 171:../../libDaisy/src/dev/oled_ssd130x.h ****     };
 172:../../libDaisy/src/dev/oled_ssd130x.h ****     void Init(const Config& config)
 173:../../libDaisy/src/dev/oled_ssd130x.h ****     {
 174:../../libDaisy/src/dev/oled_ssd130x.h ****         // Initialize both GPIO
 175:../../libDaisy/src/dev/oled_ssd130x.h ****         pin_sclk_.mode = DSY_GPIO_MODE_OUTPUT_PP;
 176:../../libDaisy/src/dev/oled_ssd130x.h ****         pin_sclk_.pin  = config.pin_config.sclk;
 177:../../libDaisy/src/dev/oled_ssd130x.h ****         dsy_gpio_init(&pin_sclk_);
 178:../../libDaisy/src/dev/oled_ssd130x.h ****         dsy_gpio_write(&pin_sclk_, 1); //ClockPolarity::LOW
 179:../../libDaisy/src/dev/oled_ssd130x.h ****         clk_delay      = config.pin_config.sclk_delay;
 180:../../libDaisy/src/dev/oled_ssd130x.h ****         pin_mosi_.mode = DSY_GPIO_MODE_OUTPUT_PP;
 181:../../libDaisy/src/dev/oled_ssd130x.h ****         pin_mosi_.pin  = config.pin_config.mosi;
 182:../../libDaisy/src/dev/oled_ssd130x.h ****         dsy_gpio_init(&pin_mosi_);
 183:../../libDaisy/src/dev/oled_ssd130x.h ****         dsy_gpio_write(&pin_mosi_, 0);
 184:../../libDaisy/src/dev/oled_ssd130x.h **** 
 185:../../libDaisy/src/dev/oled_ssd130x.h ****         pin_dc_.mode = DSY_GPIO_MODE_OUTPUT_PP;
 186:../../libDaisy/src/dev/oled_ssd130x.h ****         pin_dc_.pin  = config.pin_config.dc;
 187:../../libDaisy/src/dev/oled_ssd130x.h ****         dsy_gpio_init(&pin_dc_);
 188:../../libDaisy/src/dev/oled_ssd130x.h ****         pin_reset_.mode = DSY_GPIO_MODE_OUTPUT_PP;
 189:../../libDaisy/src/dev/oled_ssd130x.h ****         pin_reset_.pin  = config.pin_config.reset;
 190:../../libDaisy/src/dev/oled_ssd130x.h ****         dsy_gpio_init(&pin_reset_);
 191:../../libDaisy/src/dev/oled_ssd130x.h **** 
 192:../../libDaisy/src/dev/oled_ssd130x.h ****         // Reset and Configure OLED.
 193:../../libDaisy/src/dev/oled_ssd130x.h ****         dsy_gpio_write(&pin_reset_, 0);
 194:../../libDaisy/src/dev/oled_ssd130x.h ****         System::Delay(10);
 195:../../libDaisy/src/dev/oled_ssd130x.h ****         dsy_gpio_write(&pin_reset_, 1);
 196:../../libDaisy/src/dev/oled_ssd130x.h ****         System::Delay(10);
 197:../../libDaisy/src/dev/oled_ssd130x.h ****     };
 198:../../libDaisy/src/dev/oled_ssd130x.h ****     void SendCommand(uint8_t cmd)
ARM GAS  /tmp/ccuCWtjx.s 			page 13


 199:../../libDaisy/src/dev/oled_ssd130x.h ****     {
 200:../../libDaisy/src/dev/oled_ssd130x.h ****         dsy_gpio_write(&pin_dc_, 0);
 201:../../libDaisy/src/dev/oled_ssd130x.h ****         SoftSpiTransmit(cmd);
 202:../../libDaisy/src/dev/oled_ssd130x.h ****     };
 203:../../libDaisy/src/dev/oled_ssd130x.h **** 
 204:../../libDaisy/src/dev/oled_ssd130x.h ****     void SendData(uint8_t* buff, size_t size)
 205:../../libDaisy/src/dev/oled_ssd130x.h ****     {
 206:../../libDaisy/src/dev/oled_ssd130x.h ****         dsy_gpio_write(&pin_dc_, 1);
 207:../../libDaisy/src/dev/oled_ssd130x.h ****         for(size_t i = 0; i < size; i++)
 208:../../libDaisy/src/dev/oled_ssd130x.h ****             SoftSpiTransmit(buff[i]);
 209:../../libDaisy/src/dev/oled_ssd130x.h ****     };
 210:../../libDaisy/src/dev/oled_ssd130x.h **** 
 211:../../libDaisy/src/dev/oled_ssd130x.h ****   private:
 212:../../libDaisy/src/dev/oled_ssd130x.h ****     void SoftSpiTransmit(uint8_t val)
 213:../../libDaisy/src/dev/oled_ssd130x.h ****     {
 214:../../libDaisy/src/dev/oled_ssd130x.h ****         // bit flip
 215:../../libDaisy/src/dev/oled_ssd130x.h ****         val = ((val & 0x01) << 7) | ((val & 0x02) << 5) | ((val & 0x04) << 3)
 216:../../libDaisy/src/dev/oled_ssd130x.h ****               | ((val & 0x08) << 1) | ((val & 0x10) >> 1) | ((val & 0x20) >> 3)
 217:../../libDaisy/src/dev/oled_ssd130x.h ****               | ((val & 0x40) >> 5) | ((val & 0x80) >> 7);
 218:../../libDaisy/src/dev/oled_ssd130x.h **** 
 219:../../libDaisy/src/dev/oled_ssd130x.h ****         for(uint8_t bit = 0u; bit < 8u; bit++)
 220:../../libDaisy/src/dev/oled_ssd130x.h ****         {
 221:../../libDaisy/src/dev/oled_ssd130x.h ****             dsy_gpio_write(&pin_mosi_, ((val & (1 << bit)) ? 1 : 0));
 222:../../libDaisy/src/dev/oled_ssd130x.h **** 
 223:../../libDaisy/src/dev/oled_ssd130x.h ****             System::DelayTicks(clk_delay);
 224:../../libDaisy/src/dev/oled_ssd130x.h **** 
 225:../../libDaisy/src/dev/oled_ssd130x.h ****             dsy_gpio_toggle(&pin_sclk_);
 226:../../libDaisy/src/dev/oled_ssd130x.h **** 
 227:../../libDaisy/src/dev/oled_ssd130x.h ****             System::DelayTicks(clk_delay);
 228:../../libDaisy/src/dev/oled_ssd130x.h **** 
 229:../../libDaisy/src/dev/oled_ssd130x.h ****             dsy_gpio_toggle(&pin_sclk_);
 230:../../libDaisy/src/dev/oled_ssd130x.h ****         }
 231:../../libDaisy/src/dev/oled_ssd130x.h ****     }
 232:../../libDaisy/src/dev/oled_ssd130x.h **** 
 233:../../libDaisy/src/dev/oled_ssd130x.h ****     uint32_t clk_delay;
 234:../../libDaisy/src/dev/oled_ssd130x.h ****     dsy_gpio pin_sclk_;
 235:../../libDaisy/src/dev/oled_ssd130x.h ****     dsy_gpio pin_mosi_;
 236:../../libDaisy/src/dev/oled_ssd130x.h ****     dsy_gpio pin_reset_;
 237:../../libDaisy/src/dev/oled_ssd130x.h ****     dsy_gpio pin_dc_;
 238:../../libDaisy/src/dev/oled_ssd130x.h **** };
 239:../../libDaisy/src/dev/oled_ssd130x.h **** 
 240:../../libDaisy/src/dev/oled_ssd130x.h **** 
 241:../../libDaisy/src/dev/oled_ssd130x.h **** /**
 242:../../libDaisy/src/dev/oled_ssd130x.h ****  * A driver implementation for the SSD1306/SSD1309
 243:../../libDaisy/src/dev/oled_ssd130x.h ****  */
 244:../../libDaisy/src/dev/oled_ssd130x.h **** template <size_t width, size_t height, typename Transport>
 245:../../libDaisy/src/dev/oled_ssd130x.h **** class SSD130xDriver
 246:../../libDaisy/src/dev/oled_ssd130x.h **** {
 247:../../libDaisy/src/dev/oled_ssd130x.h ****   public:
 248:../../libDaisy/src/dev/oled_ssd130x.h ****     struct Config
 249:../../libDaisy/src/dev/oled_ssd130x.h ****     {
 250:../../libDaisy/src/dev/oled_ssd130x.h ****         typename Transport::Config transport_config;
 251:../../libDaisy/src/dev/oled_ssd130x.h ****     };
 252:../../libDaisy/src/dev/oled_ssd130x.h **** 
 253:../../libDaisy/src/dev/oled_ssd130x.h ****     void Init(Config config)
 254:../../libDaisy/src/dev/oled_ssd130x.h ****     {
 255:../../libDaisy/src/dev/oled_ssd130x.h ****         transport_.Init(config.transport_config);
ARM GAS  /tmp/ccuCWtjx.s 			page 14


 256:../../libDaisy/src/dev/oled_ssd130x.h **** 
 257:../../libDaisy/src/dev/oled_ssd130x.h ****         // Init routine...
 258:../../libDaisy/src/dev/oled_ssd130x.h **** 
 259:../../libDaisy/src/dev/oled_ssd130x.h ****         // Display Off
 260:../../libDaisy/src/dev/oled_ssd130x.h ****         transport_.SendCommand(0xaE);
 261:../../libDaisy/src/dev/oled_ssd130x.h ****         // Dimension dependent commands...
 262:../../libDaisy/src/dev/oled_ssd130x.h ****         switch(height)
 263:../../libDaisy/src/dev/oled_ssd130x.h ****         {
 264:../../libDaisy/src/dev/oled_ssd130x.h ****             case 16:
 265:../../libDaisy/src/dev/oled_ssd130x.h ****                 // Display Clock Divide Ratio
 266:../../libDaisy/src/dev/oled_ssd130x.h ****                 transport_.SendCommand(0xD5);
 267:../../libDaisy/src/dev/oled_ssd130x.h ****                 transport_.SendCommand(0x60);
 268:../../libDaisy/src/dev/oled_ssd130x.h ****                 // Multiplex Ratio
 269:../../libDaisy/src/dev/oled_ssd130x.h ****                 transport_.SendCommand(0xA8);
 270:../../libDaisy/src/dev/oled_ssd130x.h ****                 transport_.SendCommand(0x0F);
 271:../../libDaisy/src/dev/oled_ssd130x.h ****                 // COM Pins
 272:../../libDaisy/src/dev/oled_ssd130x.h ****                 transport_.SendCommand(0xDA);
 273:../../libDaisy/src/dev/oled_ssd130x.h ****                 transport_.SendCommand(0x02);
 274:../../libDaisy/src/dev/oled_ssd130x.h ****                 break;
 275:../../libDaisy/src/dev/oled_ssd130x.h ****             case 32:
 276:../../libDaisy/src/dev/oled_ssd130x.h ****                 // Display Clock Divide Ratio
 277:../../libDaisy/src/dev/oled_ssd130x.h ****                 transport_.SendCommand(0xD5);
 278:../../libDaisy/src/dev/oled_ssd130x.h ****                 transport_.SendCommand(0x80);
 279:../../libDaisy/src/dev/oled_ssd130x.h ****                 // Multiplex Ratio
 280:../../libDaisy/src/dev/oled_ssd130x.h ****                 transport_.SendCommand(0xA8);
 281:../../libDaisy/src/dev/oled_ssd130x.h ****                 transport_.SendCommand(0x1F);
 282:../../libDaisy/src/dev/oled_ssd130x.h ****                 // COM Pins
 283:../../libDaisy/src/dev/oled_ssd130x.h ****                 transport_.SendCommand(0xDA);
 284:../../libDaisy/src/dev/oled_ssd130x.h ****                 if(width == 64)
 285:../../libDaisy/src/dev/oled_ssd130x.h ****                 {
 286:../../libDaisy/src/dev/oled_ssd130x.h ****                     transport_.SendCommand(0x12);
 287:../../libDaisy/src/dev/oled_ssd130x.h ****                 }
 288:../../libDaisy/src/dev/oled_ssd130x.h ****                 else
 289:../../libDaisy/src/dev/oled_ssd130x.h ****                 {
 290:../../libDaisy/src/dev/oled_ssd130x.h ****                     transport_.SendCommand(0x02);
 291:../../libDaisy/src/dev/oled_ssd130x.h ****                 }
 292:../../libDaisy/src/dev/oled_ssd130x.h **** 
 293:../../libDaisy/src/dev/oled_ssd130x.h ****                 break;
 294:../../libDaisy/src/dev/oled_ssd130x.h ****             case 48:
 295:../../libDaisy/src/dev/oled_ssd130x.h ****                 // Display Clock Divide Ratio
 296:../../libDaisy/src/dev/oled_ssd130x.h ****                 transport_.SendCommand(0xD5);
 297:../../libDaisy/src/dev/oled_ssd130x.h ****                 transport_.SendCommand(0x80);
 298:../../libDaisy/src/dev/oled_ssd130x.h ****                 // Multiplex Ratio
 299:../../libDaisy/src/dev/oled_ssd130x.h ****                 transport_.SendCommand(0xA8);
 300:../../libDaisy/src/dev/oled_ssd130x.h ****                 transport_.SendCommand(0x2F);
 301:../../libDaisy/src/dev/oled_ssd130x.h ****                 // COM Pins
 302:../../libDaisy/src/dev/oled_ssd130x.h ****                 transport_.SendCommand(0xDA);
 303:../../libDaisy/src/dev/oled_ssd130x.h ****                 transport_.SendCommand(0x12);
 304:../../libDaisy/src/dev/oled_ssd130x.h ****                 break;
 305:../../libDaisy/src/dev/oled_ssd130x.h ****             default: // 128
 306:../../libDaisy/src/dev/oled_ssd130x.h ****                 // Display Clock Divide Ratio
 307:../../libDaisy/src/dev/oled_ssd130x.h ****                 transport_.SendCommand(0xD5);
 308:../../libDaisy/src/dev/oled_ssd130x.h ****                 transport_.SendCommand(0x80);
 309:../../libDaisy/src/dev/oled_ssd130x.h ****                 // Multiplex Ratio
 310:../../libDaisy/src/dev/oled_ssd130x.h ****                 transport_.SendCommand(0xA8);
 311:../../libDaisy/src/dev/oled_ssd130x.h ****                 transport_.SendCommand(0x3F);
 312:../../libDaisy/src/dev/oled_ssd130x.h ****                 // COM Pins
ARM GAS  /tmp/ccuCWtjx.s 			page 15


 313:../../libDaisy/src/dev/oled_ssd130x.h ****                 transport_.SendCommand(0xDA);
 314:../../libDaisy/src/dev/oled_ssd130x.h ****                 transport_.SendCommand(0x12);
 315:../../libDaisy/src/dev/oled_ssd130x.h ****                 break;
 316:../../libDaisy/src/dev/oled_ssd130x.h ****         }
 317:../../libDaisy/src/dev/oled_ssd130x.h **** 
 318:../../libDaisy/src/dev/oled_ssd130x.h ****         // Display Offset
 319:../../libDaisy/src/dev/oled_ssd130x.h ****         transport_.SendCommand(0xD3);
 320:../../libDaisy/src/dev/oled_ssd130x.h ****         transport_.SendCommand(0x00);
 321:../../libDaisy/src/dev/oled_ssd130x.h ****         // Start Line Address
 322:../../libDaisy/src/dev/oled_ssd130x.h ****         transport_.SendCommand(0x40);
 323:../../libDaisy/src/dev/oled_ssd130x.h ****         // Normal Display
 324:../../libDaisy/src/dev/oled_ssd130x.h ****         transport_.SendCommand(0xA6);
 325:../../libDaisy/src/dev/oled_ssd130x.h ****         // All On Resume
 326:../../libDaisy/src/dev/oled_ssd130x.h ****         transport_.SendCommand(0xA4);
 327:../../libDaisy/src/dev/oled_ssd130x.h ****         // Charge Pump
 328:../../libDaisy/src/dev/oled_ssd130x.h ****         transport_.SendCommand(0x8D);
 329:../../libDaisy/src/dev/oled_ssd130x.h ****         transport_.SendCommand(0x14);
 330:../../libDaisy/src/dev/oled_ssd130x.h ****         // Set Segment Remap
 331:../../libDaisy/src/dev/oled_ssd130x.h ****         transport_.SendCommand(0xA1);
 332:../../libDaisy/src/dev/oled_ssd130x.h ****         // COM Output Scan Direction
 333:../../libDaisy/src/dev/oled_ssd130x.h ****         transport_.SendCommand(0xC8);
 334:../../libDaisy/src/dev/oled_ssd130x.h ****         // Contrast Control
 335:../../libDaisy/src/dev/oled_ssd130x.h ****         transport_.SendCommand(0x81);
 336:../../libDaisy/src/dev/oled_ssd130x.h ****         transport_.SendCommand(0x8F);
 337:../../libDaisy/src/dev/oled_ssd130x.h ****         // Pre Charge
 338:../../libDaisy/src/dev/oled_ssd130x.h ****         transport_.SendCommand(0xD9);
 339:../../libDaisy/src/dev/oled_ssd130x.h ****         transport_.SendCommand(0x25);
 340:../../libDaisy/src/dev/oled_ssd130x.h ****         // VCOM Detect
 341:../../libDaisy/src/dev/oled_ssd130x.h ****         transport_.SendCommand(0xDB);
 342:../../libDaisy/src/dev/oled_ssd130x.h ****         transport_.SendCommand(0x34);
 343:../../libDaisy/src/dev/oled_ssd130x.h **** 
 344:../../libDaisy/src/dev/oled_ssd130x.h **** 
 345:../../libDaisy/src/dev/oled_ssd130x.h ****         // Display On
 346:../../libDaisy/src/dev/oled_ssd130x.h ****         transport_.SendCommand(0xAF); //--turn on oled panel
 347:../../libDaisy/src/dev/oled_ssd130x.h ****     };
 348:../../libDaisy/src/dev/oled_ssd130x.h **** 
 349:../../libDaisy/src/dev/oled_ssd130x.h ****     size_t Width() const { return width; };
 350:../../libDaisy/src/dev/oled_ssd130x.h ****     size_t Height() const { return height; };
 351:../../libDaisy/src/dev/oled_ssd130x.h **** 
 352:../../libDaisy/src/dev/oled_ssd130x.h ****     void DrawPixel(uint_fast8_t x, uint_fast8_t y, bool on)
 353:../../libDaisy/src/dev/oled_ssd130x.h ****     {
 354:../../libDaisy/src/dev/oled_ssd130x.h ****         if(x >= width || y >= height)
 355:../../libDaisy/src/dev/oled_ssd130x.h ****             return;
 356:../../libDaisy/src/dev/oled_ssd130x.h ****         if(on)
 357:../../libDaisy/src/dev/oled_ssd130x.h ****             buffer_[x + (y / 8) * width] |= (1 << (y % 8));
 358:../../libDaisy/src/dev/oled_ssd130x.h ****         else
 359:../../libDaisy/src/dev/oled_ssd130x.h ****             buffer_[x + (y / 8) * width] &= ~(1 << (y % 8));
 360:../../libDaisy/src/dev/oled_ssd130x.h ****     }
 361:../../libDaisy/src/dev/oled_ssd130x.h **** 
 362:../../libDaisy/src/dev/oled_ssd130x.h ****     void Fill(bool on)
  89              		.loc 8 362 10 view .LVU11
  90              	.LBB331:
 363:../../libDaisy/src/dev/oled_ssd130x.h ****     {
 364:../../libDaisy/src/dev/oled_ssd130x.h ****         for(size_t i = 0; i < sizeof(buffer_); i++)
  91              		.loc 8 364 29 discriminator 1 view .LVU12
 365:../../libDaisy/src/dev/oled_ssd130x.h ****         {
 366:../../libDaisy/src/dev/oled_ssd130x.h ****             buffer_[i] = on ? 0xff : 0x00;
ARM GAS  /tmp/ccuCWtjx.s 			page 16


  92              		.loc 8 366 24 is_stmt 0 view .LVU13
  93 0000 4942     		rsbs	r1, r1, #0
  94              	.LVL2:
  95              		.loc 8 366 24 discriminator 4 view .LVU14
  96 0002 4FF48062 		mov	r2, #1024
  97 0006 1430     		adds	r0, r0, #20
  98              	.LVL3:
  99              		.loc 8 366 24 discriminator 4 view .LVU15
 100 0008 C9B2     		uxtb	r1, r1
 101              	.LVL4:
 102              		.loc 8 366 24 discriminator 4 view .LVU16
 103 000a FFF7FEBF 		b	memset
 104              	.LVL5:
 105              		.loc 8 366 24 discriminator 4 view .LVU17
 106              	.LBE331:
 107              	.LBE330:
 108              		.cfi_endproc
 109              	.LFE2420:
 111 000e 00BF     		.section	.text._ZN5daisy11OledDisplayINS_13SSD130xDriverILj128ELj64ENS_24SSD130x4WireSpiTransportE
 112              		.align	1
 113              		.p2align 2,,3
 114              		.weak	_ZN5daisy11OledDisplayINS_13SSD130xDriverILj128ELj64ENS_24SSD130x4WireSpiTransportEEEED2Ev
 115              		.syntax unified
 116              		.thumb
 117              		.thumb_func
 119              	_ZN5daisy11OledDisplayINS_13SSD130xDriverILj128ELj64ENS_24SSD130x4WireSpiTransportEEEED2Ev:
 120              	.LVL6:
 121              	.LFB2445:
  18:../../libDaisy/src/hid/disp/oled_display.h **** 
 122              		.loc 7 18 13 is_stmt 1 view -0
 123              		.cfi_startproc
 124              		@ args = 0, pretend = 0, frame = 0
 125              		@ frame_needed = 0, uses_anonymous_args = 0
 126              		@ link register save eliminated.
 127              	.LBB332:
 128              	.LBB333:
 129              	.LBI333:
 130              		.file 9 "../../libDaisy/src/hid/disp/display.h"
   1:../../libDaisy/src/hid/disp/display.h **** #pragma once
   2:../../libDaisy/src/hid/disp/display.h **** #ifndef DSY_DISPLAY_H
   3:../../libDaisy/src/hid/disp/display.h **** #define DSY_DISPLAY_H /**< Macro */
   4:../../libDaisy/src/hid/disp/display.h **** #include <cmath>
   5:../../libDaisy/src/hid/disp/display.h **** #include "util/oled_fonts.h"
   6:../../libDaisy/src/hid/disp/display.h **** #include "daisy_core.h"
   7:../../libDaisy/src/hid/disp/display.h **** #include "graphics_common.h"
   8:../../libDaisy/src/hid/disp/display.h **** 
   9:../../libDaisy/src/hid/disp/display.h **** #ifndef deg2rad
  10:../../libDaisy/src/hid/disp/display.h **** #define deg2rad(deg) ((deg)*3.141592 / 180.0)
  11:../../libDaisy/src/hid/disp/display.h **** #endif
  12:../../libDaisy/src/hid/disp/display.h **** 
  13:../../libDaisy/src/hid/disp/display.h **** namespace daisy
  14:../../libDaisy/src/hid/disp/display.h **** {
  15:../../libDaisy/src/hid/disp/display.h **** /** 
  16:../../libDaisy/src/hid/disp/display.h ****  * This interface is used as a base class for all types of 1bit-per-pixel
  17:../../libDaisy/src/hid/disp/display.h ****  * graphics displays.
  18:../../libDaisy/src/hid/disp/display.h **** */
  19:../../libDaisy/src/hid/disp/display.h **** class OneBitGraphicsDisplay
ARM GAS  /tmp/ccuCWtjx.s 			page 17


  20:../../libDaisy/src/hid/disp/display.h **** {
  21:../../libDaisy/src/hid/disp/display.h ****   public:
  22:../../libDaisy/src/hid/disp/display.h ****     OneBitGraphicsDisplay() {}
  23:../../libDaisy/src/hid/disp/display.h ****     virtual ~OneBitGraphicsDisplay() {}
  24:../../libDaisy/src/hid/disp/display.h **** 
  25:../../libDaisy/src/hid/disp/display.h ****     virtual uint16_t Height() const = 0;
  26:../../libDaisy/src/hid/disp/display.h ****     virtual uint16_t Width() const  = 0;
  27:../../libDaisy/src/hid/disp/display.h **** 
  28:../../libDaisy/src/hid/disp/display.h ****     Rectangle GetBounds() const
  29:../../libDaisy/src/hid/disp/display.h ****     {
  30:../../libDaisy/src/hid/disp/display.h ****         return Rectangle(int16_t(Width()), int16_t(Height()));
  31:../../libDaisy/src/hid/disp/display.h ****     }
  32:../../libDaisy/src/hid/disp/display.h **** 
  33:../../libDaisy/src/hid/disp/display.h **** 
  34:../../libDaisy/src/hid/disp/display.h ****     size_t CurrentX() { return currentX_; };
  35:../../libDaisy/src/hid/disp/display.h ****     size_t CurrentY() { return currentY_; };
  36:../../libDaisy/src/hid/disp/display.h **** 
  37:../../libDaisy/src/hid/disp/display.h ****     /** 
  38:../../libDaisy/src/hid/disp/display.h ****     Fills the entire display with either on/off.
  39:../../libDaisy/src/hid/disp/display.h ****     \param on Sets on or off.
  40:../../libDaisy/src/hid/disp/display.h ****     */
  41:../../libDaisy/src/hid/disp/display.h ****     virtual void Fill(bool on) = 0;
  42:../../libDaisy/src/hid/disp/display.h **** 
  43:../../libDaisy/src/hid/disp/display.h ****     /**
  44:../../libDaisy/src/hid/disp/display.h ****     Sets the pixel at the specified coordinate to be on/off.
  45:../../libDaisy/src/hid/disp/display.h ****     \param x   x Coordinate
  46:../../libDaisy/src/hid/disp/display.h ****     \param y   y coordinate
  47:../../libDaisy/src/hid/disp/display.h ****     \param on  on or off
  48:../../libDaisy/src/hid/disp/display.h ****     */
  49:../../libDaisy/src/hid/disp/display.h ****     virtual void DrawPixel(uint_fast8_t x, uint_fast8_t y, bool on) = 0;
  50:../../libDaisy/src/hid/disp/display.h **** 
  51:../../libDaisy/src/hid/disp/display.h ****     /**
  52:../../libDaisy/src/hid/disp/display.h ****     Draws a line from (x1, y1) to (y1, y2)
  53:../../libDaisy/src/hid/disp/display.h ****     \param x1  x Coordinate of the starting point
  54:../../libDaisy/src/hid/disp/display.h ****     \param y1  y Coordinate of the starting point
  55:../../libDaisy/src/hid/disp/display.h ****     \param x2  x Coordinate of the ending point
  56:../../libDaisy/src/hid/disp/display.h ****     \param y2  y Coordinate of the ending point
  57:../../libDaisy/src/hid/disp/display.h ****     \param on  on or off
  58:../../libDaisy/src/hid/disp/display.h ****     */
  59:../../libDaisy/src/hid/disp/display.h ****     virtual void DrawLine(uint_fast8_t x1,
  60:../../libDaisy/src/hid/disp/display.h ****                           uint_fast8_t y1,
  61:../../libDaisy/src/hid/disp/display.h ****                           uint_fast8_t x2,
  62:../../libDaisy/src/hid/disp/display.h ****                           uint_fast8_t y2,
  63:../../libDaisy/src/hid/disp/display.h ****                           bool         on)
  64:../../libDaisy/src/hid/disp/display.h ****         = 0;
  65:../../libDaisy/src/hid/disp/display.h **** 
  66:../../libDaisy/src/hid/disp/display.h ****     /**
  67:../../libDaisy/src/hid/disp/display.h ****     Draws a rectangle based on two coordinates.
  68:../../libDaisy/src/hid/disp/display.h ****     \param x1 x Coordinate of the first point
  69:../../libDaisy/src/hid/disp/display.h ****     \param y1 y Coordinate of the first point
  70:../../libDaisy/src/hid/disp/display.h ****     \param x2 x Coordinate of the second point
  71:../../libDaisy/src/hid/disp/display.h ****     \param y2 y Coordinate of the second point
  72:../../libDaisy/src/hid/disp/display.h ****     \param on on or off
  73:../../libDaisy/src/hid/disp/display.h ****     \param fill fill the rectangle or draw only the outline
  74:../../libDaisy/src/hid/disp/display.h ****     */
  75:../../libDaisy/src/hid/disp/display.h ****     virtual void DrawRect(uint_fast8_t x1,
  76:../../libDaisy/src/hid/disp/display.h ****                           uint_fast8_t y1,
ARM GAS  /tmp/ccuCWtjx.s 			page 18


  77:../../libDaisy/src/hid/disp/display.h ****                           uint_fast8_t x2,
  78:../../libDaisy/src/hid/disp/display.h ****                           uint_fast8_t y2,
  79:../../libDaisy/src/hid/disp/display.h ****                           bool         on,
  80:../../libDaisy/src/hid/disp/display.h ****                           bool         fill = false)
  81:../../libDaisy/src/hid/disp/display.h ****         = 0;
  82:../../libDaisy/src/hid/disp/display.h **** 
  83:../../libDaisy/src/hid/disp/display.h ****     /**
  84:../../libDaisy/src/hid/disp/display.h ****     Draws a rectangle.
  85:../../libDaisy/src/hid/disp/display.h ****     \param rect the rectangle
  86:../../libDaisy/src/hid/disp/display.h ****     \param on   on or off
  87:../../libDaisy/src/hid/disp/display.h ****     \param fill fill the rectangle or draw only the outline
  88:../../libDaisy/src/hid/disp/display.h ****     */
  89:../../libDaisy/src/hid/disp/display.h ****     void DrawRect(const Rectangle& rect, bool on, bool fill = false)
  90:../../libDaisy/src/hid/disp/display.h ****     {
  91:../../libDaisy/src/hid/disp/display.h ****         DrawRect(rect.GetX(),
  92:../../libDaisy/src/hid/disp/display.h ****                  rect.GetY(),
  93:../../libDaisy/src/hid/disp/display.h ****                  rect.GetRight(),
  94:../../libDaisy/src/hid/disp/display.h ****                  rect.GetBottom(),
  95:../../libDaisy/src/hid/disp/display.h ****                  on,
  96:../../libDaisy/src/hid/disp/display.h ****                  fill);
  97:../../libDaisy/src/hid/disp/display.h ****     }
  98:../../libDaisy/src/hid/disp/display.h **** 
  99:../../libDaisy/src/hid/disp/display.h ****     /**
 100:../../libDaisy/src/hid/disp/display.h ****     Draws an arc around the specified coordinate
 101:../../libDaisy/src/hid/disp/display.h ****     \param x           x Coordinate of the center of the arc
 102:../../libDaisy/src/hid/disp/display.h ****     \param y           y Coordinate of the center of the arc
 103:../../libDaisy/src/hid/disp/display.h ****     \param radius      radius of the arc
 104:../../libDaisy/src/hid/disp/display.h ****     \param start_angle angle where to start the arc
 105:../../libDaisy/src/hid/disp/display.h ****     \param sweep       total angle of the arc
 106:../../libDaisy/src/hid/disp/display.h ****     \param on  on or off
 107:../../libDaisy/src/hid/disp/display.h ****     */
 108:../../libDaisy/src/hid/disp/display.h ****     virtual void DrawArc(uint_fast8_t x,
 109:../../libDaisy/src/hid/disp/display.h ****                          uint_fast8_t y,
 110:../../libDaisy/src/hid/disp/display.h ****                          uint_fast8_t radius,
 111:../../libDaisy/src/hid/disp/display.h ****                          int_fast16_t start_angle,
 112:../../libDaisy/src/hid/disp/display.h ****                          int_fast16_t sweep,
 113:../../libDaisy/src/hid/disp/display.h ****                          bool         on)
 114:../../libDaisy/src/hid/disp/display.h ****         = 0;
 115:../../libDaisy/src/hid/disp/display.h **** 
 116:../../libDaisy/src/hid/disp/display.h ****     /**
 117:../../libDaisy/src/hid/disp/display.h ****     Draws a circle around the specified coordinate
 118:../../libDaisy/src/hid/disp/display.h ****     \param x           x Coordinate of the center of the circle
 119:../../libDaisy/src/hid/disp/display.h ****     \param y           y Coordinate of the center of the circle
 120:../../libDaisy/src/hid/disp/display.h ****     \param radius      radius of the circle
 121:../../libDaisy/src/hid/disp/display.h ****     \param on  on or off
 122:../../libDaisy/src/hid/disp/display.h ****     */
 123:../../libDaisy/src/hid/disp/display.h ****     void
 124:../../libDaisy/src/hid/disp/display.h ****     DrawCircle(uint_fast8_t x, uint_fast8_t y, uint_fast8_t radius, bool on)
 125:../../libDaisy/src/hid/disp/display.h ****     {
 126:../../libDaisy/src/hid/disp/display.h ****         DrawArc(x, y, radius, 0, 360, on);
 127:../../libDaisy/src/hid/disp/display.h ****     };
 128:../../libDaisy/src/hid/disp/display.h **** 
 129:../../libDaisy/src/hid/disp/display.h ****     /** 
 130:../../libDaisy/src/hid/disp/display.h ****     Writes the character with the specific FontDef
 131:../../libDaisy/src/hid/disp/display.h ****     to the display buffer at the current Cursor position.
 132:../../libDaisy/src/hid/disp/display.h ****     \param ch character to be written
 133:../../libDaisy/src/hid/disp/display.h ****     \param font font to be written in
ARM GAS  /tmp/ccuCWtjx.s 			page 19


 134:../../libDaisy/src/hid/disp/display.h ****     \param on    on or off
 135:../../libDaisy/src/hid/disp/display.h ****     \return &
 136:../../libDaisy/src/hid/disp/display.h ****     */
 137:../../libDaisy/src/hid/disp/display.h ****     virtual char WriteChar(char ch, FontDef font, bool on) = 0;
 138:../../libDaisy/src/hid/disp/display.h **** 
 139:../../libDaisy/src/hid/disp/display.h ****     /** 
 140:../../libDaisy/src/hid/disp/display.h ****     Similar to WriteChar, except it will handle an entire String.
 141:../../libDaisy/src/hid/disp/display.h ****     Wrapping does not happen automatically, so the width
 142:../../libDaisy/src/hid/disp/display.h ****     of the string must be kept within the dimensions of the screen.
 143:../../libDaisy/src/hid/disp/display.h ****     \param str string to be written
 144:../../libDaisy/src/hid/disp/display.h ****     \param font font to use
 145:../../libDaisy/src/hid/disp/display.h ****     \param on  on or off
 146:../../libDaisy/src/hid/disp/display.h ****     \return &
 147:../../libDaisy/src/hid/disp/display.h ****     */
 148:../../libDaisy/src/hid/disp/display.h ****     virtual char WriteString(const char* str, FontDef font, bool on) = 0;
 149:../../libDaisy/src/hid/disp/display.h **** 
 150:../../libDaisy/src/hid/disp/display.h ****     /** 
 151:../../libDaisy/src/hid/disp/display.h ****     Similar to WriteString but justified within a bounding box.
 152:../../libDaisy/src/hid/disp/display.h ****     \param str          string to be written
 153:../../libDaisy/src/hid/disp/display.h ****     \param font         font to use
 154:../../libDaisy/src/hid/disp/display.h ****     \param boundingBox  the bounding box to draw the text in
 155:../../libDaisy/src/hid/disp/display.h ****     \param alignment    the alignment to use
 156:../../libDaisy/src/hid/disp/display.h ****     \param on           on or off
 157:../../libDaisy/src/hid/disp/display.h ****     \return The rectangle that was drawn to
 158:../../libDaisy/src/hid/disp/display.h ****     */
 159:../../libDaisy/src/hid/disp/display.h ****     virtual Rectangle WriteStringAligned(const char*    str,
 160:../../libDaisy/src/hid/disp/display.h ****                                          const FontDef& font,
 161:../../libDaisy/src/hid/disp/display.h ****                                          Rectangle      boundingBox,
 162:../../libDaisy/src/hid/disp/display.h ****                                          Alignment      alignment,
 163:../../libDaisy/src/hid/disp/display.h ****                                          bool           on)
 164:../../libDaisy/src/hid/disp/display.h ****         = 0;
 165:../../libDaisy/src/hid/disp/display.h **** 
 166:../../libDaisy/src/hid/disp/display.h ****     /** 
 167:../../libDaisy/src/hid/disp/display.h ****     Moves the 'Cursor' position used for WriteChar, and WriteStr to the specified coordinate.
 168:../../libDaisy/src/hid/disp/display.h ****     \param x x pos
 169:../../libDaisy/src/hid/disp/display.h ****     \param y y pos
 170:../../libDaisy/src/hid/disp/display.h ****     */
 171:../../libDaisy/src/hid/disp/display.h ****     void SetCursor(uint16_t x, uint16_t y)
 172:../../libDaisy/src/hid/disp/display.h ****     {
 173:../../libDaisy/src/hid/disp/display.h ****         currentX_ = (x >= Width()) ? Width() - 1 : x;
 174:../../libDaisy/src/hid/disp/display.h ****         currentY_ = (y >= Height()) ? Height() - 1 : y;
 175:../../libDaisy/src/hid/disp/display.h ****     }
 176:../../libDaisy/src/hid/disp/display.h **** 
 177:../../libDaisy/src/hid/disp/display.h ****     /** 
 178:../../libDaisy/src/hid/disp/display.h ****     Writes the current display buffer to the OLED device using SPI or I2C depending on 
 179:../../libDaisy/src/hid/disp/display.h ****     how the object was initialized.
 180:../../libDaisy/src/hid/disp/display.h ****     */
 181:../../libDaisy/src/hid/disp/display.h ****     virtual void Update() = 0;
 182:../../libDaisy/src/hid/disp/display.h **** 
 183:../../libDaisy/src/hid/disp/display.h ****   protected:
 184:../../libDaisy/src/hid/disp/display.h ****     uint16_t currentX_;
 185:../../libDaisy/src/hid/disp/display.h ****     uint16_t currentY_;
 186:../../libDaisy/src/hid/disp/display.h **** };
 187:../../libDaisy/src/hid/disp/display.h **** 
 188:../../libDaisy/src/hid/disp/display.h **** /** This class is intended as a intermediary class for your actual implementation of the OneBitGrap
 189:../../libDaisy/src/hid/disp/display.h ****  *  interface. It uses the CRTP design pattern where the template argument is the child class. It p
 190:../../libDaisy/src/hid/disp/display.h ****  *  implementations for most of the functions, except DrawPixel(), Update() and Fill(), which you'l
ARM GAS  /tmp/ccuCWtjx.s 			page 20


 191:../../libDaisy/src/hid/disp/display.h ****  *  to provide in your child class.
 192:../../libDaisy/src/hid/disp/display.h ****  *  The main goal of this class is to provide common drawing functions without relying on massive a
 193:../../libDaisy/src/hid/disp/display.h ****  *  virtual function calls that would result in a performance loss. To achieve this, any drawing fu
 194:../../libDaisy/src/hid/disp/display.h ****  *  is implemented here and internally calls other drawing functions (e.g. DrawRect() which interna
 195:../../libDaisy/src/hid/disp/display.h ****  *  DrawPixel() and DrawLine()) makes these calls via the qualified name of these functions to expl
 196:../../libDaisy/src/hid/disp/display.h ****  *  suppress the virtual dispatch mechanism like this:
 197:../../libDaisy/src/hid/disp/display.h ****  * 
 198:../../libDaisy/src/hid/disp/display.h ****  *      ChildType::DrawPixel(...); // no virtual function call; direct call into the child class fu
 199:../../libDaisy/src/hid/disp/display.h ****  *  
 200:../../libDaisy/src/hid/disp/display.h ****  *  To create a custom OneBitGraphicsDisplay implementation, you can 
 201:../../libDaisy/src/hid/disp/display.h ****  *  A) inherit from OneBitGraphicsDisplay directly and provide all the drawing functions yourself
 202:../../libDaisy/src/hid/disp/display.h ****  *  B) Inherit from OneBitGraphicsDisplayImpl and only provide DrawPixel(), Fill() and Update()
 203:../../libDaisy/src/hid/disp/display.h ****  *     like this:
 204:../../libDaisy/src/hid/disp/display.h ****  *  
 205:../../libDaisy/src/hid/disp/display.h ****  *      class MyDisplayClass : public OneBitGraphicsDisplayImpl<MyDisplayClass> 
 206:../../libDaisy/src/hid/disp/display.h ****  *      {
 207:../../libDaisy/src/hid/disp/display.h ****  *      public:
 208:../../libDaisy/src/hid/disp/display.h ****  *          void Fill() override { ... };
 209:../../libDaisy/src/hid/disp/display.h ****  *          void DrawPixel(uint_fast8_t x, uint_fast8_t y, bool on) override { ... };
 210:../../libDaisy/src/hid/disp/display.h ****  *          void Update() override { ... }
 211:../../libDaisy/src/hid/disp/display.h ****  *      };
 212:../../libDaisy/src/hid/disp/display.h ****  *  
 213:../../libDaisy/src/hid/disp/display.h ****  */
 214:../../libDaisy/src/hid/disp/display.h **** template <class ChildType>
 215:../../libDaisy/src/hid/disp/display.h **** class OneBitGraphicsDisplayImpl : public OneBitGraphicsDisplay
 216:../../libDaisy/src/hid/disp/display.h **** {
 217:../../libDaisy/src/hid/disp/display.h ****   public:
 218:../../libDaisy/src/hid/disp/display.h ****     OneBitGraphicsDisplayImpl() {}
 219:../../libDaisy/src/hid/disp/display.h ****     virtual ~OneBitGraphicsDisplayImpl() {}
 131              		.loc 9 219 13 view .LVU19
 132              	.LBB334:
 133              	.LBI334:
  23:../../libDaisy/src/hid/disp/display.h **** 
 134              		.loc 9 23 13 view .LVU20
  23:../../libDaisy/src/hid/disp/display.h **** 
 135              		.loc 9 23 13 is_stmt 0 view .LVU21
 136              	.LBE334:
 137              	.LBE333:
 138              	.LBE332:
  18:../../libDaisy/src/hid/disp/oled_display.h **** 
 139              		.loc 7 18 29 view .LVU22
 140 0000 7047     		bx	lr
 141              		.cfi_endproc
 142              	.LFE2445:
 144              		.weak	_ZN5daisy11OledDisplayINS_13SSD130xDriverILj128ELj64ENS_24SSD130x4WireSpiTransportEEEED1Ev
 145              		.thumb_set _ZN5daisy11OledDisplayINS_13SSD130xDriverILj128ELj64ENS_24SSD130x4WireSpiTransportEEEED
 146 0002 00BF     		.section	.text._ZNK5daisy11OledDisplayINS_13SSD130xDriverILj128ELj64ENS_24SSD130x4WireSpiTransport
 147              		.align	1
 148              		.p2align 2,,3
 149              		.weak	_ZNK5daisy11OledDisplayINS_13SSD130xDriverILj128ELj64ENS_24SSD130x4WireSpiTransportEEEE6Heig
 150              		.syntax unified
 151              		.thumb
 152              		.thumb_func
 154              	_ZNK5daisy11OledDisplayINS_13SSD130xDriverILj128ELj64ENS_24SSD130x4WireSpiTransportEEEE6HeightEv:
 155              	.LVL7:
 156              	.LFB2448:
  27:../../libDaisy/src/hid/disp/oled_display.h ****     uint16_t Width() const override { return driver_.Width(); }
ARM GAS  /tmp/ccuCWtjx.s 			page 21


 157              		.loc 7 27 14 is_stmt 1 view -0
 158              		.cfi_startproc
 159              		@ args = 0, pretend = 0, frame = 0
 160              		@ frame_needed = 0, uses_anonymous_args = 0
 161              		@ link register save eliminated.
  27:../../libDaisy/src/hid/disp/oled_display.h ****     uint16_t Width() const override { return driver_.Width(); }
 162              		.loc 7 27 65 is_stmt 0 view .LVU24
 163 0000 4020     		movs	r0, #64
 164              	.LVL8:
  27:../../libDaisy/src/hid/disp/oled_display.h ****     uint16_t Width() const override { return driver_.Width(); }
 165              		.loc 7 27 65 view .LVU25
 166 0002 7047     		bx	lr
 167              		.cfi_endproc
 168              	.LFE2448:
 170              		.section	.text._ZNK5daisy11OledDisplayINS_13SSD130xDriverILj128ELj64ENS_24SSD130x4WireSpiTransport
 171              		.align	1
 172              		.p2align 2,,3
 173              		.weak	_ZNK5daisy11OledDisplayINS_13SSD130xDriverILj128ELj64ENS_24SSD130x4WireSpiTransportEEEE5Widt
 174              		.syntax unified
 175              		.thumb
 176              		.thumb_func
 178              	_ZNK5daisy11OledDisplayINS_13SSD130xDriverILj128ELj64ENS_24SSD130x4WireSpiTransportEEEE5WidthEv:
 179              	.LVL9:
 180              	.LFB2449:
  28:../../libDaisy/src/hid/disp/oled_display.h **** 
 181              		.loc 7 28 14 is_stmt 1 view -0
 182              		.cfi_startproc
 183              		@ args = 0, pretend = 0, frame = 0
 184              		@ frame_needed = 0, uses_anonymous_args = 0
 185              		@ link register save eliminated.
  28:../../libDaisy/src/hid/disp/oled_display.h **** 
 186              		.loc 7 28 63 is_stmt 0 view .LVU27
 187 0000 8020     		movs	r0, #128
 188              	.LVL10:
  28:../../libDaisy/src/hid/disp/oled_display.h **** 
 189              		.loc 7 28 63 view .LVU28
 190 0002 7047     		bx	lr
 191              		.cfi_endproc
 192              	.LFE2449:
 194              		.section	.text._ZN5daisy11OledDisplayINS_13SSD130xDriverILj128ELj64ENS_24SSD130x4WireSpiTransportE
 195              		.align	1
 196              		.p2align 2,,3
 197              		.weak	_ZN5daisy11OledDisplayINS_13SSD130xDriverILj128ELj64ENS_24SSD130x4WireSpiTransportEEEED0Ev
 198              		.syntax unified
 199              		.thumb
 200              		.thumb_func
 202              	_ZN5daisy11OledDisplayINS_13SSD130xDriverILj128ELj64ENS_24SSD130x4WireSpiTransportEEEED0Ev:
 203              	.LVL11:
 204              	.LFB2447:
  18:../../libDaisy/src/hid/disp/oled_display.h **** 
 205              		.loc 7 18 13 is_stmt 1 view -0
 206              		.cfi_startproc
 207              		@ args = 0, pretend = 0, frame = 0
 208              		@ frame_needed = 0, uses_anonymous_args = 0
  18:../../libDaisy/src/hid/disp/oled_display.h **** 
 209              		.loc 7 18 13 is_stmt 0 view .LVU30
 210 0000 10B5     		push	{r4, lr}
ARM GAS  /tmp/ccuCWtjx.s 			page 22


 211              		.cfi_def_cfa_offset 8
 212              		.cfi_offset 4, -8
 213              		.cfi_offset 14, -4
  18:../../libDaisy/src/hid/disp/oled_display.h **** 
 214              		.loc 7 18 13 view .LVU31
 215 0002 0446     		mov	r4, r0
 216              	.LVL12:
 217              	.LBB335:
 218              	.LBI335:
  18:../../libDaisy/src/hid/disp/oled_display.h **** 
 219              		.loc 7 18 13 is_stmt 1 view .LVU32
 220              	.LBB336:
 221              	.LBB337:
 222              	.LBI337:
 223              		.loc 9 219 13 view .LVU33
 224              	.LBB338:
 225              	.LBI338:
  23:../../libDaisy/src/hid/disp/display.h **** 
 226              		.loc 9 23 13 view .LVU34
  23:../../libDaisy/src/hid/disp/display.h **** 
 227              		.loc 9 23 13 is_stmt 0 view .LVU35
 228              	.LBE338:
 229              	.LBE337:
 230              	.LBE336:
 231              	.LBE335:
  18:../../libDaisy/src/hid/disp/oled_display.h **** 
 232              		.loc 7 18 29 discriminator 1 view .LVU36
 233 0004 40F21441 		movw	r1, #1044
 234 0008 FFF7FEFF 		bl	_ZdlPvj
 235              	.LVL13:
  18:../../libDaisy/src/hid/disp/oled_display.h **** 
 236              		.loc 7 18 29 view .LVU37
 237 000c 2046     		mov	r0, r4
 238 000e 10BD     		pop	{r4, pc}
  18:../../libDaisy/src/hid/disp/oled_display.h **** 
 239              		.loc 7 18 29 view .LVU38
 240              		.cfi_endproc
 241              	.LFE2447:
 243              		.section	.text._ZN5daisy11OledDisplayINS_13SSD130xDriverILj128ELj64ENS_24SSD130x4WireSpiTransportE
 244              		.align	1
 245              		.p2align 2,,3
 246              		.weak	_ZN5daisy11OledDisplayINS_13SSD130xDriverILj128ELj64ENS_24SSD130x4WireSpiTransportEEEE6Updat
 247              		.syntax unified
 248              		.thumb
 249              		.thumb_func
 251              	_ZN5daisy11OledDisplayINS_13SSD130xDriverILj128ELj64ENS_24SSD130x4WireSpiTransportEEEE6UpdateEv:
 252              	.LVL14:
 253              	.LFB2422:
  35:../../libDaisy/src/hid/disp/oled_display.h **** 
  36:../../libDaisy/src/hid/disp/oled_display.h ****     /**
  37:../../libDaisy/src/hid/disp/oled_display.h ****     Sets the pixel at the specified coordinate to be on/off.
  38:../../libDaisy/src/hid/disp/oled_display.h ****     \param x   x Coordinate
  39:../../libDaisy/src/hid/disp/oled_display.h ****     \param y   y coordinate
  40:../../libDaisy/src/hid/disp/oled_display.h ****     \param on  on or off
  41:../../libDaisy/src/hid/disp/oled_display.h ****     */
  42:../../libDaisy/src/hid/disp/oled_display.h ****     void DrawPixel(uint_fast8_t x, uint_fast8_t y, bool on) override
  43:../../libDaisy/src/hid/disp/oled_display.h ****     {
ARM GAS  /tmp/ccuCWtjx.s 			page 23


  44:../../libDaisy/src/hid/disp/oled_display.h ****         driver_.DrawPixel(x, y, on);
  45:../../libDaisy/src/hid/disp/oled_display.h ****     }
  46:../../libDaisy/src/hid/disp/oled_display.h **** 
  47:../../libDaisy/src/hid/disp/oled_display.h ****     /** 
  48:../../libDaisy/src/hid/disp/oled_display.h ****     Writes the current display buffer to the OLED device using SPI or I2C depending on 
  49:../../libDaisy/src/hid/disp/oled_display.h ****     how the object was initialized.
  50:../../libDaisy/src/hid/disp/oled_display.h ****     */
  51:../../libDaisy/src/hid/disp/oled_display.h ****     void Update() override { driver_.Update(); }
 254              		.loc 7 51 10 is_stmt 1 view -0
 255              		.cfi_startproc
 256              		@ args = 0, pretend = 0, frame = 8
 257              		@ frame_needed = 0, uses_anonymous_args = 0
 258              	.LBB349:
 259              	.LBI349:
 367:../../libDaisy/src/dev/oled_ssd130x.h ****         }
 368:../../libDaisy/src/dev/oled_ssd130x.h ****     };
 369:../../libDaisy/src/dev/oled_ssd130x.h **** 
 370:../../libDaisy/src/dev/oled_ssd130x.h ****     /**
 371:../../libDaisy/src/dev/oled_ssd130x.h ****      * Update the display 
 372:../../libDaisy/src/dev/oled_ssd130x.h ****     */
 373:../../libDaisy/src/dev/oled_ssd130x.h ****     void Update()
 260              		.loc 8 373 10 view .LVU40
 261              	.LBB350:
 374:../../libDaisy/src/dev/oled_ssd130x.h ****     {
 375:../../libDaisy/src/dev/oled_ssd130x.h ****         uint8_t i;
 376:../../libDaisy/src/dev/oled_ssd130x.h ****         uint8_t high_column_addr;
 377:../../libDaisy/src/dev/oled_ssd130x.h ****         switch(height)
 378:../../libDaisy/src/dev/oled_ssd130x.h ****         {
 379:../../libDaisy/src/dev/oled_ssd130x.h ****             case 32: high_column_addr = 0x12; break;
 380:../../libDaisy/src/dev/oled_ssd130x.h **** 
 381:../../libDaisy/src/dev/oled_ssd130x.h ****             default: high_column_addr = 0x10; break;
 382:../../libDaisy/src/dev/oled_ssd130x.h ****         }
 383:../../libDaisy/src/dev/oled_ssd130x.h ****         for(i = 0; i < (height / 8); i++)
 262              		.loc 8 383 22 discriminator 1 view .LVU41
 263              	.LBE350:
 264              	.LBE349:
 265              		.loc 7 51 10 is_stmt 0 view .LVU42
 266 0000 2DE9F043 		push	{r4, r5, r6, r7, r8, r9, lr}
 267              		.cfi_def_cfa_offset 28
 268              		.cfi_offset 4, -28
 269              		.cfi_offset 5, -24
 270              		.cfi_offset 6, -20
 271              		.cfi_offset 7, -16
 272              		.cfi_offset 8, -12
 273              		.cfi_offset 9, -8
 274              		.cfi_offset 14, -4
 275 0004 B026     		movs	r6, #176
 276 0006 83B0     		sub	sp, sp, #12
 277              		.cfi_def_cfa_offset 40
 278 0008 00F10805 		add	r5, r0, #8
 279 000c 00F11408 		add	r8, r0, #20
 280 0010 00F21449 		addw	r9, r0, #1044
 281              	.LVL15:
 282              	.L10:
 283              	.LBB369:
 284              	.LBB368:
 285              	.LBB351:
ARM GAS  /tmp/ccuCWtjx.s 			page 24


 286              	.LBB352:
 124:../../libDaisy/src/dev/oled_ssd130x.h ****         spi_.BlockingTransmit(&cmd, 1);
 287              		.loc 8 124 24 view .LVU43
 288 0014 05F10804 		add	r4, r5, #8
 289 0018 0027     		movs	r7, #0
 124:../../libDaisy/src/dev/oled_ssd130x.h ****         spi_.BlockingTransmit(&cmd, 1);
 290              		.loc 8 124 23 view .LVU44
 291 001a 0021     		movs	r1, #0
 292 001c 8DF80760 		strb	r6, [sp, #7]
 293              	.LVL16:
 124:../../libDaisy/src/dev/oled_ssd130x.h ****         spi_.BlockingTransmit(&cmd, 1);
 294              		.loc 8 124 23 view .LVU45
 295              	.LBE352:
 296              	.LBI351:
 122:../../libDaisy/src/dev/oled_ssd130x.h ****     {
 297              		.loc 8 122 10 is_stmt 1 view .LVU46
 298              	.LBB353:
 124:../../libDaisy/src/dev/oled_ssd130x.h ****         spi_.BlockingTransmit(&cmd, 1);
 299              		.loc 8 124 9 view .LVU47
 124:../../libDaisy/src/dev/oled_ssd130x.h ****         spi_.BlockingTransmit(&cmd, 1);
 300              		.loc 8 124 23 is_stmt 0 view .LVU48
 301 0020 2046     		mov	r0, r4
 302              	.LBE353:
 303              	.LBE351:
 304              		.loc 8 383 22 discriminator 1 view .LVU49
 305 0022 0136     		adds	r6, r6, #1
 306              	.LVL17:
 307              	.LBB356:
 308              	.LBB354:
 124:../../libDaisy/src/dev/oled_ssd130x.h ****         spi_.BlockingTransmit(&cmd, 1);
 309              		.loc 8 124 23 view .LVU50
 310 0024 FFF7FEFF 		bl	dsy_gpio_write
 311              	.LVL18:
 125:../../libDaisy/src/dev/oled_ssd130x.h ****     };
 312              		.loc 8 125 9 is_stmt 1 view .LVU51
 125:../../libDaisy/src/dev/oled_ssd130x.h ****     };
 313              		.loc 8 125 30 is_stmt 0 view .LVU52
 314 0028 6423     		movs	r3, #100
 315 002a 0122     		movs	r2, #1
 316 002c 0DF10701 		add	r1, sp, #7
 317 0030 2846     		mov	r0, r5
 318              	.LBE354:
 319              	.LBE356:
 320              		.loc 8 383 22 discriminator 1 view .LVU53
 321 0032 F6B2     		uxtb	r6, r6
 322              	.LVL19:
 323              	.LBB357:
 324              	.LBB355:
 125:../../libDaisy/src/dev/oled_ssd130x.h ****     };
 325              		.loc 8 125 30 view .LVU54
 326 0034 FFF7FEFF 		bl	_ZN5daisy9SpiHandle16BlockingTransmitEPhjm
 327              	.LVL20:
 125:../../libDaisy/src/dev/oled_ssd130x.h ****     };
 328              		.loc 8 125 30 view .LVU55
 329              	.LBE355:
 330              	.LBE357:
 331              	.LBB358:
ARM GAS  /tmp/ccuCWtjx.s 			page 25


 332              	.LBB359:
 124:../../libDaisy/src/dev/oled_ssd130x.h ****         spi_.BlockingTransmit(&cmd, 1);
 333              		.loc 8 124 23 view .LVU56
 334 0038 2046     		mov	r0, r4
 335 003a 3946     		mov	r1, r7
 336 003c 8DF80770 		strb	r7, [sp, #7]
 337              	.LVL21:
 124:../../libDaisy/src/dev/oled_ssd130x.h ****         spi_.BlockingTransmit(&cmd, 1);
 338              		.loc 8 124 23 view .LVU57
 339              	.LBE359:
 340              	.LBI358:
 122:../../libDaisy/src/dev/oled_ssd130x.h ****     {
 341              		.loc 8 122 10 is_stmt 1 view .LVU58
 342              	.LBB360:
 124:../../libDaisy/src/dev/oled_ssd130x.h ****         spi_.BlockingTransmit(&cmd, 1);
 343              		.loc 8 124 9 view .LVU59
 124:../../libDaisy/src/dev/oled_ssd130x.h ****         spi_.BlockingTransmit(&cmd, 1);
 344              		.loc 8 124 23 is_stmt 0 view .LVU60
 345 0040 FFF7FEFF 		bl	dsy_gpio_write
 346              	.LVL22:
 125:../../libDaisy/src/dev/oled_ssd130x.h ****     };
 347              		.loc 8 125 9 is_stmt 1 view .LVU61
 125:../../libDaisy/src/dev/oled_ssd130x.h ****     };
 348              		.loc 8 125 30 is_stmt 0 view .LVU62
 349 0044 0122     		movs	r2, #1
 350 0046 6423     		movs	r3, #100
 351 0048 0DF10701 		add	r1, sp, #7
 352 004c 2846     		mov	r0, r5
 353 004e FFF7FEFF 		bl	_ZN5daisy9SpiHandle16BlockingTransmitEPhjm
 354              	.LVL23:
 125:../../libDaisy/src/dev/oled_ssd130x.h ****     };
 355              		.loc 8 125 30 view .LVU63
 356 0052 1023     		movs	r3, #16
 357              	.LBE360:
 358              	.LBE358:
 359              	.LBB361:
 360              	.LBB362:
 124:../../libDaisy/src/dev/oled_ssd130x.h ****         spi_.BlockingTransmit(&cmd, 1);
 361              		.loc 8 124 23 view .LVU64
 362 0054 3946     		mov	r1, r7
 363 0056 2046     		mov	r0, r4
 364 0058 8DF80730 		strb	r3, [sp, #7]
 365              	.LVL24:
 124:../../libDaisy/src/dev/oled_ssd130x.h ****         spi_.BlockingTransmit(&cmd, 1);
 366              		.loc 8 124 23 view .LVU65
 367              	.LBE362:
 368              	.LBI361:
 122:../../libDaisy/src/dev/oled_ssd130x.h ****     {
 369              		.loc 8 122 10 is_stmt 1 view .LVU66
 370              	.LBB363:
 124:../../libDaisy/src/dev/oled_ssd130x.h ****         spi_.BlockingTransmit(&cmd, 1);
 371              		.loc 8 124 9 view .LVU67
 124:../../libDaisy/src/dev/oled_ssd130x.h ****         spi_.BlockingTransmit(&cmd, 1);
 372              		.loc 8 124 23 is_stmt 0 view .LVU68
 373 005c FFF7FEFF 		bl	dsy_gpio_write
 374              	.LVL25:
 125:../../libDaisy/src/dev/oled_ssd130x.h ****     };
ARM GAS  /tmp/ccuCWtjx.s 			page 26


 375              		.loc 8 125 9 is_stmt 1 view .LVU69
 125:../../libDaisy/src/dev/oled_ssd130x.h ****     };
 376              		.loc 8 125 30 is_stmt 0 view .LVU70
 377 0060 6423     		movs	r3, #100
 378 0062 0122     		movs	r2, #1
 379 0064 0DF10701 		add	r1, sp, #7
 380 0068 2846     		mov	r0, r5
 381 006a FFF7FEFF 		bl	_ZN5daisy9SpiHandle16BlockingTransmitEPhjm
 382              	.LVL26:
 125:../../libDaisy/src/dev/oled_ssd130x.h ****     };
 383              		.loc 8 125 30 view .LVU71
 384              	.LBE363:
 385              	.LBE361:
 386              	.LBB364:
 387              	.LBI364:
 128:../../libDaisy/src/dev/oled_ssd130x.h ****     {
 388              		.loc 8 128 10 is_stmt 1 view .LVU72
 389              	.LBB365:
 130:../../libDaisy/src/dev/oled_ssd130x.h ****         spi_.BlockingTransmit(buff, size);
 390              		.loc 8 130 9 view .LVU73
 130:../../libDaisy/src/dev/oled_ssd130x.h ****         spi_.BlockingTransmit(buff, size);
 391              		.loc 8 130 23 is_stmt 0 view .LVU74
 392 006e 0121     		movs	r1, #1
 393 0070 2046     		mov	r0, r4
 394 0072 FFF7FEFF 		bl	dsy_gpio_write
 395              	.LVL27:
 131:../../libDaisy/src/dev/oled_ssd130x.h ****     };
 396              		.loc 8 131 9 is_stmt 1 view .LVU75
 131:../../libDaisy/src/dev/oled_ssd130x.h ****     };
 397              		.loc 8 131 30 is_stmt 0 view .LVU76
 398 0076 4146     		mov	r1, r8
 399              	.LBE365:
 400              	.LBE364:
 401              		.loc 8 383 22 discriminator 1 view .LVU77
 402 0078 08F18008 		add	r8, r8, #128
 403              	.LVL28:
 404              	.LBB367:
 405              	.LBB366:
 131:../../libDaisy/src/dev/oled_ssd130x.h ****     };
 406              		.loc 8 131 30 view .LVU78
 407 007c 6423     		movs	r3, #100
 408 007e 8022     		movs	r2, #128
 409 0080 2846     		mov	r0, r5
 410 0082 FFF7FEFF 		bl	_ZN5daisy9SpiHandle16BlockingTransmitEPhjm
 411              	.LVL29:
 131:../../libDaisy/src/dev/oled_ssd130x.h ****     };
 412              		.loc 8 131 30 view .LVU79
 413              	.LBE366:
 414              	.LBE367:
 415              		.loc 8 383 9 is_stmt 1 discriminator 3 view .LVU80
 416              		.loc 8 383 22 discriminator 1 view .LVU81
 417 0086 C845     		cmp	r8, r9
 418 0088 C4D1     		bne	.L10
 419              	.LBE368:
 420              	.LBE369:
 421              		.loc 7 51 48 is_stmt 0 view .LVU82
 422 008a 03B0     		add	sp, sp, #12
ARM GAS  /tmp/ccuCWtjx.s 			page 27


 423              		.cfi_def_cfa_offset 28
 424              		@ sp needed
 425 008c BDE8F083 		pop	{r4, r5, r6, r7, r8, r9, pc}
 426              		.loc 7 51 48 view .LVU83
 427              		.cfi_endproc
 428              	.LFE2422:
 430              		.section	.text._ZN5daisy25OneBitGraphicsDisplayImplINS_11OledDisplayINS_13SSD130xDriverILj128ELj64
 431              		.align	1
 432              		.p2align 2,,3
 433              		.weak	_ZN5daisy25OneBitGraphicsDisplayImplINS_11OledDisplayINS_13SSD130xDriverILj128ELj64ENS_24SSD
 434              		.syntax unified
 435              		.thumb
 436              		.thumb_func
 438              	_ZN5daisy25OneBitGraphicsDisplayImplINS_11OledDisplayINS_13SSD130xDriverILj128ELj64ENS_24SSD130x4Wi
 439              	.LVL30:
 440              	.LFB2437:
 220:../../libDaisy/src/hid/disp/display.h **** 
 221:../../libDaisy/src/hid/disp/display.h ****     void DrawLine(uint_fast8_t x1,
 222:../../libDaisy/src/hid/disp/display.h ****                   uint_fast8_t y1,
 223:../../libDaisy/src/hid/disp/display.h ****                   uint_fast8_t x2,
 224:../../libDaisy/src/hid/disp/display.h ****                   uint_fast8_t y2,
 225:../../libDaisy/src/hid/disp/display.h ****                   bool         on) override
 226:../../libDaisy/src/hid/disp/display.h ****     {
 227:../../libDaisy/src/hid/disp/display.h ****         int_fast16_t deltaX = abs((int_fast16_t)x2 - (int_fast16_t)x1);
 228:../../libDaisy/src/hid/disp/display.h ****         int_fast16_t deltaY = abs((int_fast16_t)y2 - (int_fast16_t)y1);
 229:../../libDaisy/src/hid/disp/display.h ****         int_fast16_t signX  = ((x1 < x2) ? 1 : -1);
 230:../../libDaisy/src/hid/disp/display.h ****         int_fast16_t signY  = ((y1 < y2) ? 1 : -1);
 231:../../libDaisy/src/hid/disp/display.h ****         int_fast16_t error  = deltaX - deltaY;
 232:../../libDaisy/src/hid/disp/display.h ****         int_fast16_t error2;
 233:../../libDaisy/src/hid/disp/display.h **** 
 234:../../libDaisy/src/hid/disp/display.h ****         // If we write "ChildType::DrawPixel(x2, y2, on);", we end up with
 235:../../libDaisy/src/hid/disp/display.h ****         // all sorts of weird compiler errors when the Child class is a template
 236:../../libDaisy/src/hid/disp/display.h ****         // class. The only way around this is to use this very verbose syntax:
 237:../../libDaisy/src/hid/disp/display.h ****         ((ChildType*)(this))->ChildType::DrawPixel(x2, y2, on);
 238:../../libDaisy/src/hid/disp/display.h **** 
 239:../../libDaisy/src/hid/disp/display.h ****         while((x1 != x2) || (y1 != y2))
 240:../../libDaisy/src/hid/disp/display.h ****         {
 241:../../libDaisy/src/hid/disp/display.h ****             ((ChildType*)(this))->ChildType::DrawPixel(x1, y1, on);
 242:../../libDaisy/src/hid/disp/display.h ****             error2 = error * 2;
 243:../../libDaisy/src/hid/disp/display.h ****             if(error2 > -deltaY)
 244:../../libDaisy/src/hid/disp/display.h ****             {
 245:../../libDaisy/src/hid/disp/display.h ****                 error -= deltaY;
 246:../../libDaisy/src/hid/disp/display.h ****                 x1 += signX;
 247:../../libDaisy/src/hid/disp/display.h ****             }
 248:../../libDaisy/src/hid/disp/display.h **** 
 249:../../libDaisy/src/hid/disp/display.h ****             if(error2 < deltaX)
 250:../../libDaisy/src/hid/disp/display.h ****             {
 251:../../libDaisy/src/hid/disp/display.h ****                 error += deltaX;
 252:../../libDaisy/src/hid/disp/display.h ****                 y1 += signY;
 253:../../libDaisy/src/hid/disp/display.h ****             }
 254:../../libDaisy/src/hid/disp/display.h ****         }
 255:../../libDaisy/src/hid/disp/display.h ****     }
 256:../../libDaisy/src/hid/disp/display.h **** 
 257:../../libDaisy/src/hid/disp/display.h ****     void DrawRect(uint_fast8_t x1,
 258:../../libDaisy/src/hid/disp/display.h ****                   uint_fast8_t y1,
 259:../../libDaisy/src/hid/disp/display.h ****                   uint_fast8_t x2,
 260:../../libDaisy/src/hid/disp/display.h ****                   uint_fast8_t y2,
ARM GAS  /tmp/ccuCWtjx.s 			page 28


 261:../../libDaisy/src/hid/disp/display.h ****                   bool         on,
 262:../../libDaisy/src/hid/disp/display.h ****                   bool         fill = false) override
 263:../../libDaisy/src/hid/disp/display.h ****     {
 264:../../libDaisy/src/hid/disp/display.h ****         if(fill)
 265:../../libDaisy/src/hid/disp/display.h ****         {
 266:../../libDaisy/src/hid/disp/display.h ****             for(uint_fast8_t x = x1; x <= x2; x++)
 267:../../libDaisy/src/hid/disp/display.h ****             {
 268:../../libDaisy/src/hid/disp/display.h ****                 for(uint_fast8_t y = y1; y <= y2; y++)
 269:../../libDaisy/src/hid/disp/display.h ****                 {
 270:../../libDaisy/src/hid/disp/display.h ****                     ((ChildType*)(this))->ChildType::DrawPixel(x, y, on);
 271:../../libDaisy/src/hid/disp/display.h ****                 }
 272:../../libDaisy/src/hid/disp/display.h ****             }
 273:../../libDaisy/src/hid/disp/display.h ****         }
 274:../../libDaisy/src/hid/disp/display.h ****         else
 275:../../libDaisy/src/hid/disp/display.h ****         {
 276:../../libDaisy/src/hid/disp/display.h ****             ((ChildType*)(this))->ChildType::DrawLine(x1, y1, x2, y1, on);
 277:../../libDaisy/src/hid/disp/display.h ****             ((ChildType*)(this))->ChildType::DrawLine(x2, y1, x2, y2, on);
 278:../../libDaisy/src/hid/disp/display.h ****             ((ChildType*)(this))->ChildType::DrawLine(x2, y2, x1, y2, on);
 279:../../libDaisy/src/hid/disp/display.h ****             ((ChildType*)(this))->ChildType::DrawLine(x1, y2, x1, y1, on);
 280:../../libDaisy/src/hid/disp/display.h ****         }
 281:../../libDaisy/src/hid/disp/display.h ****     }
 282:../../libDaisy/src/hid/disp/display.h **** 
 283:../../libDaisy/src/hid/disp/display.h ****     void DrawArc(uint_fast8_t x,
 284:../../libDaisy/src/hid/disp/display.h ****                  uint_fast8_t y,
 285:../../libDaisy/src/hid/disp/display.h ****                  uint_fast8_t radius,
 286:../../libDaisy/src/hid/disp/display.h ****                  int_fast16_t start_angle,
 287:../../libDaisy/src/hid/disp/display.h ****                  int_fast16_t sweep,
 288:../../libDaisy/src/hid/disp/display.h ****                  bool         on) override
 289:../../libDaisy/src/hid/disp/display.h ****     {
 290:../../libDaisy/src/hid/disp/display.h ****         // Values to calculate the circle
 291:../../libDaisy/src/hid/disp/display.h ****         int_fast16_t t_x, t_y, err, e2;
 292:../../libDaisy/src/hid/disp/display.h **** 
 293:../../libDaisy/src/hid/disp/display.h ****         // Temporary values to speed up comparisons
 294:../../libDaisy/src/hid/disp/display.h ****         float t_sxy, t_syx, t_sxny, t_synx;
 295:../../libDaisy/src/hid/disp/display.h ****         float t_exy, t_eyx, t_exny, t_eynx;
 296:../../libDaisy/src/hid/disp/display.h **** 
 297:../../libDaisy/src/hid/disp/display.h ****         float start_angle_rad, end_angle_rad;
 298:../../libDaisy/src/hid/disp/display.h ****         float start_x, start_y, end_x, end_y;
 299:../../libDaisy/src/hid/disp/display.h **** 
 300:../../libDaisy/src/hid/disp/display.h ****         bool d1, d2, d3, d4;
 301:../../libDaisy/src/hid/disp/display.h **** 
 302:../../libDaisy/src/hid/disp/display.h ****         d1 = d2 = d3 = d4 = true;
 303:../../libDaisy/src/hid/disp/display.h **** 
 304:../../libDaisy/src/hid/disp/display.h ****         bool circle = false;
 305:../../libDaisy/src/hid/disp/display.h **** 
 306:../../libDaisy/src/hid/disp/display.h ****         if(sweep < 0)
 307:../../libDaisy/src/hid/disp/display.h ****         {
 308:../../libDaisy/src/hid/disp/display.h ****             start_angle += sweep;
 309:../../libDaisy/src/hid/disp/display.h ****             sweep = -sweep;
 310:../../libDaisy/src/hid/disp/display.h ****         }
 311:../../libDaisy/src/hid/disp/display.h **** 
 312:../../libDaisy/src/hid/disp/display.h ****         start_angle_rad = deg2rad(start_angle);
 313:../../libDaisy/src/hid/disp/display.h ****         end_angle_rad   = deg2rad(start_angle + sweep);
 314:../../libDaisy/src/hid/disp/display.h **** 
 315:../../libDaisy/src/hid/disp/display.h ****         start_x = cos(start_angle_rad) * radius;
 316:../../libDaisy/src/hid/disp/display.h ****         start_y = -sin(start_angle_rad) * radius;
 317:../../libDaisy/src/hid/disp/display.h ****         end_x   = cos(end_angle_rad) * radius;
ARM GAS  /tmp/ccuCWtjx.s 			page 29


 318:../../libDaisy/src/hid/disp/display.h ****         end_y   = -sin(end_angle_rad) * radius;
 319:../../libDaisy/src/hid/disp/display.h **** 
 320:../../libDaisy/src/hid/disp/display.h ****         // Check if start and endpoint are very near
 321:../../libDaisy/src/hid/disp/display.h ****         if((end_x - start_x) * (end_x - start_x)
 322:../../libDaisy/src/hid/disp/display.h ****                + (end_y - start_y) * (end_y - start_y)
 323:../../libDaisy/src/hid/disp/display.h ****            < 2.0f)
 324:../../libDaisy/src/hid/disp/display.h ****         {
 325:../../libDaisy/src/hid/disp/display.h ****             if(sweep > 180)
 326:../../libDaisy/src/hid/disp/display.h ****                 circle = true;
 327:../../libDaisy/src/hid/disp/display.h ****             else
 328:../../libDaisy/src/hid/disp/display.h ****                 // Nothing to draw
 329:../../libDaisy/src/hid/disp/display.h ****                 return;
 330:../../libDaisy/src/hid/disp/display.h ****         }
 331:../../libDaisy/src/hid/disp/display.h **** 
 332:../../libDaisy/src/hid/disp/display.h ****         t_x = -radius;
 333:../../libDaisy/src/hid/disp/display.h ****         t_y = 0;
 334:../../libDaisy/src/hid/disp/display.h ****         err = 2 - 2 * radius;
 335:../../libDaisy/src/hid/disp/display.h **** 
 336:../../libDaisy/src/hid/disp/display.h ****         do
 337:../../libDaisy/src/hid/disp/display.h ****         {
 338:../../libDaisy/src/hid/disp/display.h ****             if(!circle)
 339:../../libDaisy/src/hid/disp/display.h ****             {
 340:../../libDaisy/src/hid/disp/display.h ****                 t_sxy  = start_x * t_y;
 341:../../libDaisy/src/hid/disp/display.h ****                 t_syx  = start_y * t_x;
 342:../../libDaisy/src/hid/disp/display.h ****                 t_sxny = start_x * -t_y;
 343:../../libDaisy/src/hid/disp/display.h ****                 t_synx = start_y * -t_x;
 344:../../libDaisy/src/hid/disp/display.h ****                 t_exy  = end_x * t_y;
 345:../../libDaisy/src/hid/disp/display.h ****                 t_eyx  = end_y * t_x;
 346:../../libDaisy/src/hid/disp/display.h ****                 t_exny = end_x * -t_y;
 347:../../libDaisy/src/hid/disp/display.h ****                 t_eynx = end_y * -t_x;
 348:../../libDaisy/src/hid/disp/display.h **** 
 349:../../libDaisy/src/hid/disp/display.h ****                 if(sweep > 180)
 350:../../libDaisy/src/hid/disp/display.h ****                 {
 351:../../libDaisy/src/hid/disp/display.h ****                     d1 = (t_sxy - t_synx < 0 || t_exy - t_eynx > 0);
 352:../../libDaisy/src/hid/disp/display.h ****                     d2 = (t_sxy - t_syx < 0 || t_exy - t_eyx > 0);
 353:../../libDaisy/src/hid/disp/display.h ****                     d3 = (t_sxny - t_syx < 0 || t_exny - t_eyx > 0);
 354:../../libDaisy/src/hid/disp/display.h ****                     d4 = (t_sxny - t_synx < 0 || t_exny - t_eynx > 0);
 355:../../libDaisy/src/hid/disp/display.h ****                 }
 356:../../libDaisy/src/hid/disp/display.h ****                 else
 357:../../libDaisy/src/hid/disp/display.h ****                 {
 358:../../libDaisy/src/hid/disp/display.h ****                     d1 = (t_sxy - t_synx < 0 && t_exy - t_eynx > 0);
 359:../../libDaisy/src/hid/disp/display.h ****                     d2 = (t_sxy - t_syx < 0 && t_exy - t_eyx > 0);
 360:../../libDaisy/src/hid/disp/display.h ****                     d3 = (t_sxny - t_syx < 0 && t_exny - t_eyx > 0);
 361:../../libDaisy/src/hid/disp/display.h ****                     d4 = (t_sxny - t_synx < 0 && t_exny - t_eynx > 0);
 362:../../libDaisy/src/hid/disp/display.h ****                 }
 363:../../libDaisy/src/hid/disp/display.h ****             }
 364:../../libDaisy/src/hid/disp/display.h **** 
 365:../../libDaisy/src/hid/disp/display.h ****             if(d1)
 366:../../libDaisy/src/hid/disp/display.h ****                 ((ChildType*)(this))
 367:../../libDaisy/src/hid/disp/display.h ****                     ->ChildType::DrawPixel(x - t_x, y + t_y, on);
 368:../../libDaisy/src/hid/disp/display.h ****             if(d2)
 369:../../libDaisy/src/hid/disp/display.h ****                 ((ChildType*)(this))
 370:../../libDaisy/src/hid/disp/display.h ****                     ->ChildType::DrawPixel(x + t_x, y + t_y, on);
 371:../../libDaisy/src/hid/disp/display.h ****             if(d3)
 372:../../libDaisy/src/hid/disp/display.h ****                 ((ChildType*)(this))
 373:../../libDaisy/src/hid/disp/display.h ****                     ->ChildType::DrawPixel(x + t_x, y - t_y, on);
 374:../../libDaisy/src/hid/disp/display.h ****             if(d4)
ARM GAS  /tmp/ccuCWtjx.s 			page 30


 375:../../libDaisy/src/hid/disp/display.h ****                 ((ChildType*)(this))
 376:../../libDaisy/src/hid/disp/display.h ****                     ->ChildType::DrawPixel(x - t_x, y - t_y, on);
 377:../../libDaisy/src/hid/disp/display.h **** 
 378:../../libDaisy/src/hid/disp/display.h ****             e2 = err;
 379:../../libDaisy/src/hid/disp/display.h ****             if(e2 <= t_y)
 380:../../libDaisy/src/hid/disp/display.h ****             {
 381:../../libDaisy/src/hid/disp/display.h ****                 t_y++;
 382:../../libDaisy/src/hid/disp/display.h ****                 err = err + (t_y * 2 + 1);
 383:../../libDaisy/src/hid/disp/display.h ****                 if(-t_x == t_y && e2 <= t_x)
 384:../../libDaisy/src/hid/disp/display.h ****                 {
 385:../../libDaisy/src/hid/disp/display.h ****                     e2 = 0;
 386:../../libDaisy/src/hid/disp/display.h ****                 }
 387:../../libDaisy/src/hid/disp/display.h ****             }
 388:../../libDaisy/src/hid/disp/display.h ****             if(e2 > t_x)
 389:../../libDaisy/src/hid/disp/display.h ****             {
 390:../../libDaisy/src/hid/disp/display.h ****                 t_x++;
 391:../../libDaisy/src/hid/disp/display.h ****                 err = err + (t_x * 2 + 1);
 392:../../libDaisy/src/hid/disp/display.h ****             }
 393:../../libDaisy/src/hid/disp/display.h ****         } while(t_x <= 0);
 394:../../libDaisy/src/hid/disp/display.h ****     }
 395:../../libDaisy/src/hid/disp/display.h **** 
 396:../../libDaisy/src/hid/disp/display.h ****     char WriteChar(char ch, FontDef font, bool on) override
 441              		.loc 9 396 10 is_stmt 1 view -0
 442              		.cfi_startproc
 443              		@ args = 4, pretend = 0, frame = 24
 444              		@ frame_needed = 0, uses_anonymous_args = 0
 445              		.loc 9 396 10 is_stmt 0 view .LVU85
 446 0000 2DE9F04F 		push	{r4, r5, r6, r7, r8, r9, r10, fp, lr}
 447              		.cfi_def_cfa_offset 36
 448              		.cfi_offset 4, -36
 449              		.cfi_offset 5, -32
 450              		.cfi_offset 6, -28
 451              		.cfi_offset 7, -24
 452              		.cfi_offset 8, -20
 453              		.cfi_offset 9, -16
 454              		.cfi_offset 10, -12
 455              		.cfi_offset 11, -8
 456              		.cfi_offset 14, -4
 457 0004 87B0     		sub	sp, sp, #28
 458              		.cfi_def_cfa_offset 64
 459              	.LVL31:
 397:../../libDaisy/src/hid/disp/display.h ****     {
 398:../../libDaisy/src/hid/disp/display.h ****         uint32_t i, b, j;
 399:../../libDaisy/src/hid/disp/display.h **** 
 400:../../libDaisy/src/hid/disp/display.h ****         // Check if character is valid
 401:../../libDaisy/src/hid/disp/display.h ****         if(ch < 32 || ch > 126)
 460              		.loc 9 401 20 view .LVU86
 461 0006 A1F12009 		sub	r9, r1, #32
 396:../../libDaisy/src/hid/disp/display.h ****     {
 462              		.loc 9 396 10 view .LVU87
 463 000a 06AC     		add	r4, sp, #24
 464 000c 9DF84070 		ldrb	r7, [sp, #64]	@ zero_extendqisi2
 465 0010 04E90C00 		stmdb	r4, {r2, r3}
 466              	.LVL32:
 467              		.loc 9 401 9 view .LVU88
 468 0014 5FFA89F3 		uxtb	r3, r9
 469 0018 5E2B     		cmp	r3, #94
ARM GAS  /tmp/ccuCWtjx.s 			page 31


 470 001a 7CD8     		bhi	.L17
 402:../../libDaisy/src/hid/disp/display.h ****             return 0;
 403:../../libDaisy/src/hid/disp/display.h **** 
 404:../../libDaisy/src/hid/disp/display.h ****         // Check remaining space on current line
 405:../../libDaisy/src/hid/disp/display.h ****         if(Width() < (currentX_ + font.FontWidth)
 471              		.loc 9 405 17 view .LVU89
 472 001c 0368     		ldr	r3, [r0]
 473 001e 8846     		mov	r8, r1
 474 0020 634A     		ldr	r2, .L58
 475 0022 0646     		mov	r6, r0
 476 0024 DB68     		ldr	r3, [r3, #12]
 477 0026 9DF81050 		ldrb	r5, [sp, #16]	@ zero_extendqisi2
 478 002a 9342     		cmp	r3, r2
 479 002c 9DF81140 		ldrb	r4, [sp, #17]	@ zero_extendqisi2
 480 0030 40F09480 		bne	.L52
 481 0034 8020     		movs	r0, #128
 482              	.LVL33:
 483              	.L16:
 484              		.loc 9 405 23 discriminator 1 view .LVU90
 485 0036 B388     		ldrh	r3, [r6, #4]
 486              		.loc 9 405 33 discriminator 1 view .LVU91
 487 0038 2B44     		add	r3, r3, r5
 406:../../libDaisy/src/hid/disp/display.h ****            || Height() < (currentY_ + font.FontHeight))
 488              		.loc 9 406 12 view .LVU92
 489 003a 8342     		cmp	r3, r0
 490 003c 6BDC     		bgt	.L17
 491              		.loc 9 406 21 discriminator 2 view .LVU93
 492 003e 3368     		ldr	r3, [r6]
 493 0040 5C4A     		ldr	r2, .L58+4
 494 0042 9B68     		ldr	r3, [r3, #8]
 495 0044 9342     		cmp	r3, r2
 496 0046 40F08B80 		bne	.L53
 497 004a 4020     		movs	r0, #64
 498              	.L18:
 499              		.loc 9 406 27 discriminator 1 view .LVU94
 500 004c F288     		ldrh	r2, [r6, #6]
 501              		.loc 9 406 37 discriminator 1 view .LVU95
 502 004e 1319     		adds	r3, r2, r4
 503              		.loc 9 406 12 discriminator 1 view .LVU96
 504 0050 8342     		cmp	r3, r0
 505 0052 60DC     		bgt	.L17
 506              	.LVL34:
 407:../../libDaisy/src/hid/disp/display.h ****         {
 408:../../libDaisy/src/hid/disp/display.h ****             // Not enough space on current line
 409:../../libDaisy/src/hid/disp/display.h ****             return 0;
 410:../../libDaisy/src/hid/disp/display.h ****         }
 411:../../libDaisy/src/hid/disp/display.h **** 
 412:../../libDaisy/src/hid/disp/display.h ****         // Use the font to write
 413:../../libDaisy/src/hid/disp/display.h ****         for(i = 0; i < font.FontHeight; i++)
 507              		.loc 9 413 22 is_stmt 1 discriminator 1 view .LVU97
 414:../../libDaisy/src/hid/disp/display.h ****         {
 415:../../libDaisy/src/hid/disp/display.h ****             b = font.data[(ch - 32) * font.FontHeight + i];
 416:../../libDaisy/src/hid/disp/display.h ****             for(j = 0; j < font.FontWidth; j++)
 417:../../libDaisy/src/hid/disp/display.h ****             {
 418:../../libDaisy/src/hid/disp/display.h ****                 if((b << j) & 0x8000)
 419:../../libDaisy/src/hid/disp/display.h ****                 {
 420:../../libDaisy/src/hid/disp/display.h ****                     ((ChildType*)(this))
ARM GAS  /tmp/ccuCWtjx.s 			page 32


 421:../../libDaisy/src/hid/disp/display.h ****                         ->ChildType::DrawPixel(
 422:../../libDaisy/src/hid/disp/display.h ****                             currentX_ + j, (currentY_ + i), on);
 423:../../libDaisy/src/hid/disp/display.h ****                 }
 424:../../libDaisy/src/hid/disp/display.h ****                 else
 425:../../libDaisy/src/hid/disp/display.h ****                 {
 426:../../libDaisy/src/hid/disp/display.h ****                     ((ChildType*)(this))
 427:../../libDaisy/src/hid/disp/display.h ****                         ->ChildType::DrawPixel(
 428:../../libDaisy/src/hid/disp/display.h ****                             currentX_ + j, (currentY_ + i), !on);
 429:../../libDaisy/src/hid/disp/display.h ****                 }
 430:../../libDaisy/src/hid/disp/display.h ****             }
 431:../../libDaisy/src/hid/disp/display.h ****         }
 432:../../libDaisy/src/hid/disp/display.h **** 
 433:../../libDaisy/src/hid/disp/display.h ****         // The current space is now taken
 434:../../libDaisy/src/hid/disp/display.h ****         SetCursor(currentX_ + font.FontWidth, currentY_);
 508              		.loc 9 434 19 is_stmt 0 view .LVU98
 509 0054 B6F804A0 		ldrh	r10, [r6, #4]
 413:../../libDaisy/src/hid/disp/display.h ****         {
 510              		.loc 9 413 22 discriminator 1 view .LVU99
 511 0058 002C     		cmp	r4, #0
 512 005a 64D0     		beq	.L23
 513 005c 6FF00043 		mvn	r3, #-2147483648
 415:../../libDaisy/src/hid/disp/display.h ****             for(j = 0; j < font.FontWidth; j++)
 514              		.loc 9 415 22 view .LVU100
 515 0060 0599     		ldr	r1, [sp, #20]
 516 0062 9446     		mov	ip, r2
 517 0064 04FB0933 		mla	r3, r4, r9, r3
 518 0068 04FB0944 		mla	r4, r4, r9, r4
 519 006c 01EB4303 		add	r3, r1, r3, lsl #1
 520 0070 0239     		subs	r1, r1, #2
 415:../../libDaisy/src/hid/disp/display.h ****             for(j = 0; j < font.FontWidth; j++)
 521              		.loc 9 415 58 view .LVU101
 522 0072 03F10209 		add	r9, r3, #2
 523 0076 01EB440B 		add	fp, r1, r4, lsl #1
 415:../../libDaisy/src/hid/disp/display.h ****             for(j = 0; j < font.FontWidth; j++)
 524              		.loc 9 415 15 view .LVU102
 525 007a 5C88     		ldrh	r4, [r3, #2]
 526              	.LVL35:
 416:../../libDaisy/src/hid/disp/display.h ****             {
 527              		.loc 9 416 26 is_stmt 1 discriminator 1 view .LVU103
 528 007c 002D     		cmp	r5, #0
 529 007e 4ED0     		beq	.L24
 530 0080 4146     		mov	r1, r8
 531 0082 CDE902B2 		strd	fp, r2, [sp, #8]
 532              	.LVL36:
 533              	.L22:
 534              	.LBB400:
 535              	.LBB401:
 536              	.LBB402:
 354:../../libDaisy/src/dev/oled_ssd130x.h ****             return;
 537              		.loc 8 354 28 is_stmt 0 view .LVU104
 538 0086 BCF13F0F 		cmp	ip, #63
 539              	.LBE402:
 540              	.LBE401:
 541              	.LBE400:
 416:../../libDaisy/src/hid/disp/display.h ****             {
 542              		.loc 9 416 19 view .LVU105
 543 008a CDF80490 		str	r9, [sp, #4]
ARM GAS  /tmp/ccuCWtjx.s 			page 33


 544 008e 5246     		mov	r2, r10
 545 0090 4FF00003 		mov	r3, #0
 546              	.LBB421:
 547              	.LBB414:
 548              	.LBB408:
 354:../../libDaisy/src/dev/oled_ssd130x.h ****             return;
 549              		.loc 8 354 28 view .LVU106
 550 0094 94BF     		ite	ls
 551 0096 4FF00008 		movls	r8, #0
 552 009a 4FF00108 		movhi	r8, #1
 553              	.LBE408:
 554              	.LBE414:
 555              	.LBE421:
 416:../../libDaisy/src/hid/disp/display.h ****             {
 556              		.loc 9 416 19 view .LVU107
 557 009e A146     		mov	r9, r4
 558 00a0 0EE0     		b	.L29
 559              	.LVL37:
 560              	.L55:
 561              	.LBB422:
 562              	.LBB423:
 563              	.LBB424:
 354:../../libDaisy/src/dev/oled_ssd130x.h ****             return;
 564              		.loc 8 354 9 view .LVU108
 565 00a2 4CB9     		cbnz	r4, .L26
 566              	.LVL38:
 567              	.LBB425:
 568              	.LBI425:
 352:../../libDaisy/src/dev/oled_ssd130x.h ****     {
 569              		.loc 8 352 10 is_stmt 1 view .LVU109
 352:../../libDaisy/src/dev/oled_ssd130x.h ****     {
 570              		.loc 8 352 10 is_stmt 0 view .LVU110
 571              	.LBE425:
 357:../../libDaisy/src/dev/oled_ssd130x.h ****         else
 572              		.loc 8 357 20 view .LVU111
 573 00a4 02EBC010 		add	r0, r2, r0, lsl #7
 357:../../libDaisy/src/dev/oled_ssd130x.h ****         else
 574              		.loc 8 357 48 view .LVU112
 575 00a8 0BFA0EFE 		lsl	lr, fp, lr
 357:../../libDaisy/src/dev/oled_ssd130x.h ****         else
 576              		.loc 8 357 20 view .LVU113
 577 00ac 3044     		add	r0, r0, r6
 578 00ae 047D     		ldrb	r4, [r0, #20]	@ zero_extendqisi2
 356:../../libDaisy/src/dev/oled_ssd130x.h ****             buffer_[x + (y / 8) * width] |= (1 << (y % 8));
 579              		.loc 8 356 9 view .LVU114
 580 00b0 07B3     		cbz	r7, .L28
 581              	.LVL39:
 582              	.L51:
 356:../../libDaisy/src/dev/oled_ssd130x.h ****             buffer_[x + (y / 8) * width] |= (1 << (y % 8));
 583              		.loc 8 356 9 view .LVU115
 584              	.LBE424:
 585              	.LBE423:
 586              	.LBE422:
 587              	.LBB433:
 588              	.LBB415:
 589              	.LBB409:
 357:../../libDaisy/src/dev/oled_ssd130x.h ****         else
ARM GAS  /tmp/ccuCWtjx.s 			page 34


 590              		.loc 8 357 42 view .LVU116
 591 00b2 44EA0E04 		orr	r4, r4, lr
 592 00b6 0475     		strb	r4, [r0, #20]
 593              	.L26:
 594              	.LVL40:
 357:../../libDaisy/src/dev/oled_ssd130x.h ****         else
 595              		.loc 8 357 42 view .LVU117
 596              	.LBE409:
 597              	.LBE415:
 598              	.LBE433:
 416:../../libDaisy/src/hid/disp/display.h ****             {
 599              		.loc 9 416 13 is_stmt 1 discriminator 2 view .LVU118
 600 00b8 0133     		adds	r3, r3, #1
 601              	.LVL41:
 416:../../libDaisy/src/hid/disp/display.h ****             {
 602              		.loc 9 416 26 discriminator 1 view .LVU119
 603 00ba 0132     		adds	r2, r2, #1
 604 00bc AB42     		cmp	r3, r5
 605 00be 20D0     		beq	.L54
 606              	.LVL42:
 607              	.L29:
 608              	.LBB434:
 609              	.LBI422:
  42:../../libDaisy/src/hid/disp/oled_display.h ****     {
 610              		.loc 7 42 10 view .LVU120
 611              	.LBB429:
 612              	.LBI423:
 352:../../libDaisy/src/dev/oled_ssd130x.h ****     {
 613              		.loc 8 352 10 view .LVU121
 352:../../libDaisy/src/dev/oled_ssd130x.h ****     {
 614              		.loc 8 352 10 is_stmt 0 view .LVU122
 615              	.LBE429:
 616              	.LBE434:
 617              	.LBB435:
 618              	.LBI400:
  42:../../libDaisy/src/hid/disp/oled_display.h ****     {
 619              		.loc 7 42 10 is_stmt 1 view .LVU123
 620              	.LBB416:
 621              	.LBI401:
 352:../../libDaisy/src/dev/oled_ssd130x.h ****     {
 622              		.loc 8 352 10 view .LVU124
 623              	.LBE416:
 624              	.LBE435:
 418:../../libDaisy/src/hid/disp/display.h ****                 {
 625              		.loc 9 418 23 is_stmt 0 view .LVU125
 626 00c0 09FA03F0 		lsl	r0, r9, r3
 627              	.LBB436:
 628              	.LBB430:
 629              	.LBB426:
 354:../../libDaisy/src/dev/oled_ssd130x.h ****             return;
 630              		.loc 8 354 23 view .LVU126
 631 00c4 7F2A     		cmp	r2, #127
 632 00c6 94BF     		ite	ls
 633 00c8 4446     		movls	r4, r8
 634 00ca 48F00104 		orrhi	r4, r8, #1
 357:../../libDaisy/src/dev/oled_ssd130x.h ****         else
 635              		.loc 8 357 54 view .LVU127
ARM GAS  /tmp/ccuCWtjx.s 			page 35


 636 00ce 0CF0070E 		and	lr, ip, #7
 357:../../libDaisy/src/dev/oled_ssd130x.h ****         else
 637              		.loc 8 357 48 view .LVU128
 638 00d2 4FF0010B 		mov	fp, #1
 639              	.LBE426:
 640              	.LBE430:
 641              	.LBE436:
 418:../../libDaisy/src/hid/disp/display.h ****                 {
 642              		.loc 9 418 17 view .LVU129
 643 00d6 10F4004F 		tst	r0, #32768
 644              	.LBB437:
 645              	.LBB431:
 646              	.LBB427:
 357:../../libDaisy/src/dev/oled_ssd130x.h ****         else
 647              		.loc 8 357 28 view .LVU130
 648 00da 4FEADC00 		lsr	r0, ip, #3
 649              	.LBE427:
 650              	.LBE431:
 651              	.LBE437:
 418:../../libDaisy/src/hid/disp/display.h ****                 {
 652              		.loc 9 418 17 view .LVU131
 653 00de E0D1     		bne	.L55
 654              	.LBB438:
 655              	.LBB417:
 656              	.LBB410:
 354:../../libDaisy/src/dev/oled_ssd130x.h ****             return;
 657              		.loc 8 354 9 view .LVU132
 658 00e0 002C     		cmp	r4, #0
 659 00e2 E9D1     		bne	.L26
 660              	.LVL43:
 661              	.LBB403:
 662              	.LBI403:
 352:../../libDaisy/src/dev/oled_ssd130x.h ****     {
 663              		.loc 8 352 10 is_stmt 1 view .LVU133
 352:../../libDaisy/src/dev/oled_ssd130x.h ****     {
 664              		.loc 8 352 10 is_stmt 0 view .LVU134
 665              	.LBE403:
 357:../../libDaisy/src/dev/oled_ssd130x.h ****         else
 666              		.loc 8 357 20 view .LVU135
 667 00e4 02EBC010 		add	r0, r2, r0, lsl #7
 357:../../libDaisy/src/dev/oled_ssd130x.h ****         else
 668              		.loc 8 357 48 view .LVU136
 669 00e8 0BFA0EFE 		lsl	lr, fp, lr
 670              	.LBE410:
 671              	.LBE417:
 672              	.LBE438:
 673              	.LBB439:
 674              	.LBB432:
 675              	.LBB428:
 357:../../libDaisy/src/dev/oled_ssd130x.h ****         else
 676              		.loc 8 357 20 view .LVU137
 677 00ec 3044     		add	r0, r0, r6
 678 00ee 047D     		ldrb	r4, [r0, #20]	@ zero_extendqisi2
 679              	.LBE428:
 680              	.LBE432:
 681              	.LBE439:
 682              	.LBB440:
ARM GAS  /tmp/ccuCWtjx.s 			page 36


 683              	.LBB418:
 684              	.LBB411:
 356:../../libDaisy/src/dev/oled_ssd130x.h ****             buffer_[x + (y / 8) * width] |= (1 << (y % 8));
 685              		.loc 8 356 9 view .LVU138
 686 00f0 002F     		cmp	r7, #0
 687 00f2 DED0     		beq	.L51
 688              	.LVL44:
 689              	.L28:
 356:../../libDaisy/src/dev/oled_ssd130x.h ****             buffer_[x + (y / 8) * width] |= (1 << (y % 8));
 690              		.loc 8 356 9 view .LVU139
 691              	.LBE411:
 692              	.LBE418:
 693              	.LBE440:
 416:../../libDaisy/src/hid/disp/display.h ****             {
 694              		.loc 9 416 13 discriminator 2 view .LVU140
 695 00f4 0133     		adds	r3, r3, #1
 696              	.LVL45:
 697              	.LBB441:
 698              	.LBB419:
 699              	.LBB412:
 700              	.LBB406:
 701              	.LBB404:
 359:../../libDaisy/src/dev/oled_ssd130x.h ****     }
 702              		.loc 8 359 42 view .LVU141
 703 00f6 24EA0E04 		bic	r4, r4, lr
 704              	.LBE404:
 705              	.LBE406:
 706              	.LBE412:
 707              	.LBE419:
 708              	.LBE441:
 416:../../libDaisy/src/hid/disp/display.h ****             {
 709              		.loc 9 416 26 discriminator 1 view .LVU142
 710 00fa 0132     		adds	r2, r2, #1
 711 00fc AB42     		cmp	r3, r5
 712              	.LBB442:
 713              	.LBB420:
 714              	.LBB413:
 715              	.LBB407:
 716              	.LBB405:
 359:../../libDaisy/src/dev/oled_ssd130x.h ****     }
 717              		.loc 8 359 42 view .LVU143
 718 00fe 0475     		strb	r4, [r0, #20]
 719              	.LVL46:
 359:../../libDaisy/src/dev/oled_ssd130x.h ****     }
 720              		.loc 8 359 42 view .LVU144
 721              	.LBE405:
 722              	.LBE407:
 723              	.LBE413:
 724              	.LBE420:
 725              	.LBE442:
 416:../../libDaisy/src/hid/disp/display.h ****             {
 726              		.loc 9 416 13 is_stmt 1 discriminator 2 view .LVU145
 416:../../libDaisy/src/hid/disp/display.h ****             {
 727              		.loc 9 416 26 discriminator 1 view .LVU146
 728 0100 DED1     		bne	.L29
 729              	.L54:
 413:../../libDaisy/src/hid/disp/display.h ****         {
ARM GAS  /tmp/ccuCWtjx.s 			page 37


 730              		.loc 9 413 22 is_stmt 0 discriminator 1 view .LVU147
 731 0102 DDF80490 		ldr	r9, [sp, #4]
 732              	.LVL47:
 413:../../libDaisy/src/hid/disp/display.h ****         {
 733              		.loc 9 413 9 is_stmt 1 discriminator 2 view .LVU148
 413:../../libDaisy/src/hid/disp/display.h ****         {
 734              		.loc 9 413 22 discriminator 1 view .LVU149
 735 0106 0CF1010C 		add	ip, ip, #1
 736 010a 029B     		ldr	r3, [sp, #8]
 737              	.LVL48:
 413:../../libDaisy/src/hid/disp/display.h ****         {
 738              		.loc 9 413 22 is_stmt 0 discriminator 1 view .LVU150
 739 010c 4B45     		cmp	r3, r9
 740 010e 22D0     		beq	.L49
 741              	.LVL49:
 415:../../libDaisy/src/hid/disp/display.h ****             for(j = 0; j < font.FontWidth; j++)
 742              		.loc 9 415 15 view .LVU151
 743 0110 39F8024F 		ldrh	r4, [r9, #2]!
 744              	.LVL50:
 416:../../libDaisy/src/hid/disp/display.h ****             {
 745              		.loc 9 416 26 is_stmt 1 discriminator 1 view .LVU152
 746 0114 B7E7     		b	.L22
 747              	.LVL51:
 748              	.L17:
 402:../../libDaisy/src/hid/disp/display.h **** 
 749              		.loc 9 402 20 is_stmt 0 view .LVU153
 750 0116 0020     		movs	r0, #0
 435:../../libDaisy/src/hid/disp/display.h **** 
 436:../../libDaisy/src/hid/disp/display.h ****         // Return written char for validation
 437:../../libDaisy/src/hid/disp/display.h ****         return ch;
 438:../../libDaisy/src/hid/disp/display.h ****     }
 751              		.loc 9 438 5 view .LVU154
 752 0118 07B0     		add	sp, sp, #28
 753              		.cfi_remember_state
 754              		.cfi_def_cfa_offset 36
 755              		@ sp needed
 756 011a BDE8F08F 		pop	{r4, r5, r6, r7, r8, r9, r10, fp, pc}
 757              	.LVL52:
 758              	.L24:
 759              		.cfi_restore_state
 413:../../libDaisy/src/hid/disp/display.h ****         {
 760              		.loc 9 413 9 is_stmt 1 discriminator 2 view .LVU155
 413:../../libDaisy/src/hid/disp/display.h ****         {
 761              		.loc 9 413 22 discriminator 1 view .LVU156
 413:../../libDaisy/src/hid/disp/display.h ****         {
 762              		.loc 9 413 22 is_stmt 0 discriminator 1 view .LVU157
 763 011e CB45     		cmp	fp, r9
 415:../../libDaisy/src/hid/disp/display.h ****             for(j = 0; j < font.FontWidth; j++)
 764              		.loc 9 415 58 view .LVU158
 765 0120 09F10209 		add	r9, r9, #2
 766              	.LVL53:
 416:../../libDaisy/src/hid/disp/display.h ****             {
 767              		.loc 9 416 26 is_stmt 1 discriminator 1 view .LVU159
 413:../../libDaisy/src/hid/disp/display.h ****         {
 768              		.loc 9 413 22 is_stmt 0 discriminator 1 view .LVU160
 769 0124 FBD1     		bne	.L24
 770              	.LVL54:
ARM GAS  /tmp/ccuCWtjx.s 			page 38


 771              	.L23:
 772              	.LBB443:
 773              	.LBB444:
 173:../../libDaisy/src/hid/disp/display.h ****         currentY_ = (y >= Height()) ? Height() - 1 : y;
 774              		.loc 9 173 32 view .LVU161
 775 0126 3368     		ldr	r3, [r6]
 776              	.LBE444:
 777              	.LBE443:
 434:../../libDaisy/src/hid/disp/display.h **** 
 778              		.loc 9 434 18 view .LVU162
 779 0128 05EB0A04 		add	r4, r5, r10
 780 012c 2048     		ldr	r0, .L58
 781              	.LBB449:
 782              	.LBB445:
 173:../../libDaisy/src/hid/disp/display.h ****         currentY_ = (y >= Height()) ? Height() - 1 : y;
 783              		.loc 9 173 32 view .LVU163
 784 012e D968     		ldr	r1, [r3, #12]
 785              	.LBE445:
 786              	.LBE449:
 434:../../libDaisy/src/hid/disp/display.h **** 
 787              		.loc 9 434 18 view .LVU164
 788 0130 A4B2     		uxth	r4, r4
 789              	.LVL55:
 790              	.LBB450:
 791              	.LBI443:
 171:../../libDaisy/src/hid/disp/display.h ****     {
 792              		.loc 9 171 10 is_stmt 1 view .LVU165
 793              	.LBB446:
 173:../../libDaisy/src/hid/disp/display.h ****         currentY_ = (y >= Height()) ? Height() - 1 : y;
 794              		.loc 9 173 9 view .LVU166
 795 0132 8142     		cmp	r1, r0
 796 0134 27D1     		bne	.L56
 173:../../libDaisy/src/hid/disp/display.h ****         currentY_ = (y >= Height()) ? Height() - 1 : y;
 797              		.loc 9 173 19 is_stmt 0 discriminator 1 view .LVU167
 798 0136 802C     		cmp	r4, #128
 799 0138 28BF     		it	cs
 800 013a 7F24     		movcs	r4, #127
 801              	.LVL56:
 802              	.L30:
 174:../../libDaisy/src/hid/disp/display.h ****     }
 803              		.loc 9 174 33 view .LVU168
 804 013c 9B68     		ldr	r3, [r3, #8]
 805 013e 1D49     		ldr	r1, .L58+4
 173:../../libDaisy/src/hid/disp/display.h ****         currentY_ = (y >= Height()) ? Height() - 1 : y;
 806              		.loc 9 173 19 discriminator 4 view .LVU169
 807 0140 B480     		strh	r4, [r6, #4]	@ movhi
 174:../../libDaisy/src/hid/disp/display.h ****     }
 808              		.loc 9 174 9 is_stmt 1 view .LVU170
 809 0142 8B42     		cmp	r3, r1
 810 0144 0FD1     		bne	.L57
 174:../../libDaisy/src/hid/disp/display.h ****     }
 811              		.loc 9 174 19 is_stmt 0 discriminator 1 view .LVU171
 812 0146 3F2A     		cmp	r2, #63
 813 0148 00D9     		bls	.L34
 814              	.L37:
 173:../../libDaisy/src/hid/disp/display.h ****         currentY_ = (y >= Height()) ? Height() - 1 : y;
 815              		.loc 9 173 19 discriminator 1 view .LVU172
ARM GAS  /tmp/ccuCWtjx.s 			page 39


 816 014a 3F22     		movs	r2, #63
 817              	.L34:
 818              	.LBE446:
 819              	.LBE450:
 437:../../libDaisy/src/hid/disp/display.h ****     }
 820              		.loc 9 437 16 view .LVU173
 821 014c 4046     		mov	r0, r8
 822              	.LBB451:
 823              	.LBB447:
 174:../../libDaisy/src/hid/disp/display.h ****     }
 824              		.loc 9 174 19 discriminator 4 view .LVU174
 825 014e F280     		strh	r2, [r6, #6]	@ movhi
 826              	.LVL57:
 174:../../libDaisy/src/hid/disp/display.h ****     }
 827              		.loc 9 174 19 discriminator 4 view .LVU175
 828              	.LBE447:
 829              	.LBE451:
 830              		.loc 9 438 5 view .LVU176
 831 0150 07B0     		add	sp, sp, #28
 832              		.cfi_remember_state
 833              		.cfi_def_cfa_offset 36
 834              		@ sp needed
 835 0152 BDE8F08F 		pop	{r4, r5, r6, r7, r8, r9, r10, fp, pc}
 836              	.LVL58:
 837              	.L49:
 838              		.cfi_restore_state
 839              		.loc 9 438 5 view .LVU177
 840 0156 039A     		ldr	r2, [sp, #12]
 841 0158 8846     		mov	r8, r1
 842 015a E4E7     		b	.L23
 843              	.LVL59:
 844              	.L52:
 405:../../libDaisy/src/hid/disp/display.h ****            || Height() < (currentY_ + font.FontHeight))
 845              		.loc 9 405 17 view .LVU178
 846 015c 9847     		blx	r3
 847              	.LVL60:
 405:../../libDaisy/src/hid/disp/display.h ****            || Height() < (currentY_ + font.FontHeight))
 848              		.loc 9 405 17 view .LVU179
 849 015e 6AE7     		b	.L16
 850              	.L53:
 406:../../libDaisy/src/hid/disp/display.h ****         {
 851              		.loc 9 406 21 discriminator 2 view .LVU180
 852 0160 3046     		mov	r0, r6
 853 0162 9847     		blx	r3
 854              	.LVL61:
 855 0164 72E7     		b	.L18
 856              	.LVL62:
 857              	.L57:
 406:../../libDaisy/src/hid/disp/display.h ****         {
 858              		.loc 9 406 21 discriminator 2 view .LVU181
 859 0166 0192     		str	r2, [sp, #4]
 860              	.LBB452:
 861              	.LBB448:
 174:../../libDaisy/src/hid/disp/display.h ****     }
 862              		.loc 9 174 33 view .LVU182
 863 0168 3046     		mov	r0, r6
 864 016a 9847     		blx	r3
ARM GAS  /tmp/ccuCWtjx.s 			page 40


 865              	.LVL63:
 174:../../libDaisy/src/hid/disp/display.h ****     }
 866              		.loc 9 174 19 discriminator 1 view .LVU183
 867 016c 019A     		ldr	r2, [sp, #4]
 868 016e 8242     		cmp	r2, r0
 869 0170 ECD3     		bcc	.L34
 174:../../libDaisy/src/hid/disp/display.h ****     }
 870              		.loc 9 174 45 discriminator 1 view .LVU184
 871 0172 3368     		ldr	r3, [r6]
 872 0174 0F4A     		ldr	r2, .L58+4
 873 0176 9B68     		ldr	r3, [r3, #8]
 874 0178 9342     		cmp	r3, r2
 875 017a E6D0     		beq	.L37
 876 017c 3046     		mov	r0, r6
 877 017e 9847     		blx	r3
 878              	.LVL64:
 174:../../libDaisy/src/hid/disp/display.h ****     }
 879              		.loc 9 174 19 discriminator 1 view .LVU185
 880 0180 431E     		subs	r3, r0, #1
 881 0182 9AB2     		uxth	r2, r3
 882 0184 E2E7     		b	.L34
 883              	.LVL65:
 884              	.L56:
 174:../../libDaisy/src/hid/disp/display.h ****     }
 885              		.loc 9 174 19 discriminator 1 view .LVU186
 886 0186 0192     		str	r2, [sp, #4]
 173:../../libDaisy/src/hid/disp/display.h ****         currentY_ = (y >= Height()) ? Height() - 1 : y;
 887              		.loc 9 173 32 view .LVU187
 888 0188 3046     		mov	r0, r6
 889 018a 8847     		blx	r1
 890              	.LVL66:
 173:../../libDaisy/src/hid/disp/display.h ****         currentY_ = (y >= Height()) ? Height() - 1 : y;
 891              		.loc 9 173 19 discriminator 1 view .LVU188
 892 018c 8442     		cmp	r4, r0
 173:../../libDaisy/src/hid/disp/display.h ****         currentY_ = (y >= Height()) ? Height() - 1 : y;
 893              		.loc 9 173 43 discriminator 1 view .LVU189
 894 018e 3368     		ldr	r3, [r6]
 173:../../libDaisy/src/hid/disp/display.h ****         currentY_ = (y >= Height()) ? Height() - 1 : y;
 895              		.loc 9 173 19 discriminator 1 view .LVU190
 896 0190 019A     		ldr	r2, [sp, #4]
 897 0192 D3D3     		bcc	.L30
 173:../../libDaisy/src/hid/disp/display.h ****         currentY_ = (y >= Height()) ? Height() - 1 : y;
 898              		.loc 9 173 43 discriminator 1 view .LVU191
 899 0194 D968     		ldr	r1, [r3, #12]
 900 0196 0648     		ldr	r0, .L58
 901 0198 8142     		cmp	r1, r0
 902 019a 06D0     		beq	.L41
 903 019c 3046     		mov	r0, r6
 904 019e 8847     		blx	r1
 905              	.LVL67:
 173:../../libDaisy/src/hid/disp/display.h ****         currentY_ = (y >= Height()) ? Height() - 1 : y;
 906              		.loc 9 173 19 discriminator 1 view .LVU192
 907 01a0 441E     		subs	r4, r0, #1
 908              	.LVL68:
 174:../../libDaisy/src/hid/disp/display.h ****     }
 909              		.loc 9 174 33 view .LVU193
 910 01a2 3368     		ldr	r3, [r6]
ARM GAS  /tmp/ccuCWtjx.s 			page 41


 173:../../libDaisy/src/hid/disp/display.h ****         currentY_ = (y >= Height()) ? Height() - 1 : y;
 911              		.loc 9 173 19 discriminator 1 view .LVU194
 912 01a4 A4B2     		uxth	r4, r4
 913 01a6 019A     		ldr	r2, [sp, #4]
 914 01a8 C8E7     		b	.L30
 915              	.LVL69:
 916              	.L41:
 173:../../libDaisy/src/hid/disp/display.h ****         currentY_ = (y >= Height()) ? Height() - 1 : y;
 917              		.loc 9 173 43 discriminator 1 view .LVU195
 918 01aa 7F24     		movs	r4, #127
 919              	.LVL70:
 173:../../libDaisy/src/hid/disp/display.h ****         currentY_ = (y >= Height()) ? Height() - 1 : y;
 920              		.loc 9 173 43 discriminator 1 view .LVU196
 921 01ac C6E7     		b	.L30
 922              	.L59:
 923 01ae 00BF     		.align	2
 924              	.L58:
 925 01b0 00000000 		.word	_ZNK5daisy11OledDisplayINS_13SSD130xDriverILj128ELj64ENS_24SSD130x4WireSpiTransportEEEE5Widt
 926 01b4 00000000 		.word	_ZNK5daisy11OledDisplayINS_13SSD130xDriverILj128ELj64ENS_24SSD130x4WireSpiTransportEEEE6Heig
 927              	.LBE448:
 928              	.LBE452:
 929              		.cfi_endproc
 930              	.LFE2437:
 932              		.section	.text._ZN5daisy25OneBitGraphicsDisplayImplINS_11OledDisplayINS_13SSD130xDriverILj128ELj64
 933              		.align	1
 934              		.p2align 2,,3
 935              		.weak	_ZN5daisy25OneBitGraphicsDisplayImplINS_11OledDisplayINS_13SSD130xDriverILj128ELj64ENS_24SSD
 936              		.syntax unified
 937              		.thumb
 938              		.thumb_func
 940              	_ZN5daisy25OneBitGraphicsDisplayImplINS_11OledDisplayINS_13SSD130xDriverILj128ELj64ENS_24SSD130x4Wi
 941              	.LVL71:
 942              	.LFB2421:
 439:../../libDaisy/src/hid/disp/display.h **** 
 440:../../libDaisy/src/hid/disp/display.h ****     char WriteString(const char* str, FontDef font, bool on) override
 943              		.loc 9 440 10 is_stmt 1 view -0
 944              		.cfi_startproc
 945              		@ args = 4, pretend = 0, frame = 32
 946              		@ frame_needed = 0, uses_anonymous_args = 0
 947              		.loc 9 440 10 is_stmt 0 view .LVU198
 948 0000 2DE9F04F 		push	{r4, r5, r6, r7, r8, r9, r10, fp, lr}
 949              		.cfi_def_cfa_offset 36
 950              		.cfi_offset 4, -36
 951              		.cfi_offset 5, -32
 952              		.cfi_offset 6, -28
 953              		.cfi_offset 7, -24
 954              		.cfi_offset 8, -20
 955              		.cfi_offset 9, -16
 956              		.cfi_offset 10, -12
 957              		.cfi_offset 11, -8
 958              		.cfi_offset 14, -4
 959 0004 89B0     		sub	sp, sp, #36
 960              		.cfi_def_cfa_offset 72
 441:../../libDaisy/src/hid/disp/display.h ****     {
 442:../../libDaisy/src/hid/disp/display.h ****         // Write until null-byte
 443:../../libDaisy/src/hid/disp/display.h ****         while(*str)
 961              		.loc 9 443 9 view .LVU199
ARM GAS  /tmp/ccuCWtjx.s 			page 42


 962 0006 0D78     		ldrb	r5, [r1]	@ zero_extendqisi2
 440:../../libDaisy/src/hid/disp/display.h ****     {
 963              		.loc 9 440 10 view .LVU200
 964 0008 08AC     		add	r4, sp, #32
 965 000a 9DF84880 		ldrb	r8, [sp, #72]	@ zero_extendqisi2
 966 000e 04E90C00 		stmdb	r4, {r2, r3}
 967              		.loc 9 443 9 is_stmt 1 view .LVU201
 968 0012 002D     		cmp	r5, #0
 969 0014 00F0B480 		beq	.L87
 970 0018 9DF818B0 		ldrb	fp, [sp, #24]	@ zero_extendqisi2
 971 001c 2C46     		mov	r4, r5
 972 001e 079B     		ldr	r3, [sp, #28]
 973 0020 8A46     		mov	r10, r1
 974 0022 0646     		mov	r6, r0
 975 0024 9DF81920 		ldrb	r2, [sp, #25]	@ zero_extendqisi2
 976 0028 5D46     		mov	r5, fp
 977 002a 0593     		str	r3, [sp, #20]
 978              	.LVL72:
 979              	.L86:
 980              	.LBB481:
 981              	.LBI481:
 396:../../libDaisy/src/hid/disp/display.h ****     {
 982              		.loc 9 396 10 view .LVU202
 983              	.LBB482:
 401:../../libDaisy/src/hid/disp/display.h ****             return 0;
 984              		.loc 9 401 20 is_stmt 0 view .LVU203
 985 002c A4F12009 		sub	r9, r4, #32
 401:../../libDaisy/src/hid/disp/display.h ****             return 0;
 986              		.loc 9 401 9 view .LVU204
 987 0030 5FFA89F3 		uxtb	r3, r9
 988 0034 5E2B     		cmp	r3, #94
 989 0036 00F2A780 		bhi	.L66
 405:../../libDaisy/src/hid/disp/display.h ****            || Height() < (currentY_ + font.FontHeight))
 990              		.loc 9 405 17 view .LVU205
 991 003a 3368     		ldr	r3, [r6]
 992 003c 7149     		ldr	r1, .L111
 993 003e DB68     		ldr	r3, [r3, #12]
 994 0040 8B42     		cmp	r3, r1
 995 0042 40F0AB80 		bne	.L105
 996 0046 8020     		movs	r0, #128
 997              	.L65:
 405:../../libDaisy/src/hid/disp/display.h ****            || Height() < (currentY_ + font.FontHeight))
 998              		.loc 9 405 23 discriminator 1 view .LVU206
 999 0048 B388     		ldrh	r3, [r6, #4]
 405:../../libDaisy/src/hid/disp/display.h ****            || Height() < (currentY_ + font.FontHeight))
 1000              		.loc 9 405 33 discriminator 1 view .LVU207
 1001 004a 2B44     		add	r3, r3, r5
 406:../../libDaisy/src/hid/disp/display.h ****         {
 1002              		.loc 9 406 12 view .LVU208
 1003 004c 8342     		cmp	r3, r0
 1004 004e 00F39B80 		bgt	.L66
 406:../../libDaisy/src/hid/disp/display.h ****         {
 1005              		.loc 9 406 21 discriminator 2 view .LVU209
 1006 0052 3368     		ldr	r3, [r6]
 1007 0054 6C49     		ldr	r1, .L111+4
 1008 0056 9B68     		ldr	r3, [r3, #8]
 1009 0058 8B42     		cmp	r3, r1
ARM GAS  /tmp/ccuCWtjx.s 			page 43


 1010 005a 40F0A480 		bne	.L106
 1011 005e 4020     		movs	r0, #64
 1012              	.L67:
 406:../../libDaisy/src/hid/disp/display.h ****         {
 1013              		.loc 9 406 27 discriminator 1 view .LVU210
 1014 0060 F788     		ldrh	r7, [r6, #6]
 406:../../libDaisy/src/hid/disp/display.h ****         {
 1015              		.loc 9 406 37 discriminator 1 view .LVU211
 1016 0062 BB18     		adds	r3, r7, r2
 406:../../libDaisy/src/hid/disp/display.h ****         {
 1017              		.loc 9 406 12 discriminator 1 view .LVU212
 1018 0064 8342     		cmp	r3, r0
 1019 0066 00F38F80 		bgt	.L66
 1020              	.LVL73:
 413:../../libDaisy/src/hid/disp/display.h ****         {
 1021              		.loc 9 413 22 is_stmt 1 discriminator 1 view .LVU213
 434:../../libDaisy/src/hid/disp/display.h **** 
 1022              		.loc 9 434 19 is_stmt 0 view .LVU214
 1023 006a B188     		ldrh	r1, [r6, #4]
 413:../../libDaisy/src/hid/disp/display.h ****         {
 1024              		.loc 9 413 22 discriminator 1 view .LVU215
 1025 006c 002A     		cmp	r2, #0
 1026 006e 66D0     		beq	.L72
 1027 0070 6FF00043 		mvn	r3, #-2147483648
 1028 0074 0598     		ldr	r0, [sp, #20]
 1029 0076 02FB0933 		mla	r3, r2, r9, r3
 1030 007a 02FB0929 		mla	r9, r2, r9, r2
 1031 007e 00EB4303 		add	r3, r0, r3, lsl #1
 1032 0082 0238     		subs	r0, r0, #2
 415:../../libDaisy/src/hid/disp/display.h ****             for(j = 0; j < font.FontWidth; j++)
 1033              		.loc 9 415 15 view .LVU216
 1034 0084 B3F802C0 		ldrh	ip, [r3, #2]
 1035 0088 00EB490B 		add	fp, r0, r9, lsl #1
 1036              	.LVL74:
 416:../../libDaisy/src/hid/disp/display.h ****             {
 1037              		.loc 9 416 26 is_stmt 1 discriminator 1 view .LVU217
 1038 008c 3846     		mov	r0, r7
 415:../../libDaisy/src/hid/disp/display.h ****             for(j = 0; j < font.FontWidth; j++)
 1039              		.loc 9 415 58 is_stmt 0 view .LVU218
 1040 008e 03F10209 		add	r9, r3, #2
 416:../../libDaisy/src/hid/disp/display.h ****             {
 1041              		.loc 9 416 26 discriminator 1 view .LVU219
 1042 0092 002D     		cmp	r5, #0
 1043 0094 4FD0     		beq	.L73
 1044 0096 4346     		mov	r3, r8
 1045 0098 8846     		mov	r8, r1
 1046 009a CDE901B4 		strd	fp, r4, [sp, #4]
 1047 009e 1946     		mov	r1, r3
 1048 00a0 5446     		mov	r4, r10
 1049              	.LVL75:
 416:../../libDaisy/src/hid/disp/display.h ****             {
 1050              		.loc 9 416 26 discriminator 1 view .LVU220
 1051 00a2 CDE90327 		strd	r2, r7, [sp, #12]
 1052              	.LVL76:
 1053              	.L71:
 1054              	.LBB483:
 1055              	.LBB484:
ARM GAS  /tmp/ccuCWtjx.s 			page 44


 1056              	.LBB485:
 354:../../libDaisy/src/dev/oled_ssd130x.h ****             return;
 1057              		.loc 8 354 28 view .LVU221
 1058 00a6 3F28     		cmp	r0, #63
 1059              	.LBE485:
 1060              	.LBE484:
 1061              	.LBE483:
 416:../../libDaisy/src/hid/disp/display.h ****             {
 1062              		.loc 9 416 19 view .LVU222
 1063 00a8 CDF80090 		str	r9, [sp]
 1064 00ac 4246     		mov	r2, r8
 1065 00ae A146     		mov	r9, r4
 1066              	.LBB504:
 1067              	.LBB497:
 1068              	.LBB491:
 354:../../libDaisy/src/dev/oled_ssd130x.h ****             return;
 1069              		.loc 8 354 28 view .LVU223
 1070 00b0 94BF     		ite	ls
 1071 00b2 4FF0000A 		movls	r10, #0
 1072 00b6 4FF0010A 		movhi	r10, #1
 1073              	.LBE491:
 1074              	.LBE497:
 1075              	.LBE504:
 416:../../libDaisy/src/hid/disp/display.h ****             {
 1076              		.loc 9 416 19 view .LVU224
 1077 00ba 0023     		movs	r3, #0
 1078 00bc 0C46     		mov	r4, r1
 1079              	.LVL77:
 416:../../libDaisy/src/hid/disp/display.h ****             {
 1080              		.loc 9 416 19 view .LVU225
 1081 00be 0EE0     		b	.L78
 1082              	.LVL78:
 1083              	.L108:
 1084              	.LBB505:
 1085              	.LBB506:
 1086              	.LBB507:
 354:../../libDaisy/src/dev/oled_ssd130x.h ****             return;
 1087              		.loc 8 354 9 view .LVU226
 1088 00c0 49B9     		cbnz	r1, .L75
 1089              	.LVL79:
 1090              	.LBB508:
 1091              	.LBI508:
 352:../../libDaisy/src/dev/oled_ssd130x.h ****     {
 1092              		.loc 8 352 10 is_stmt 1 view .LVU227
 352:../../libDaisy/src/dev/oled_ssd130x.h ****     {
 1093              		.loc 8 352 10 is_stmt 0 view .LVU228
 1094              	.LBE508:
 357:../../libDaisy/src/dev/oled_ssd130x.h ****         else
 1095              		.loc 8 357 20 view .LVU229
 1096 00c2 02EBC717 		add	r7, r2, r7, lsl #7
 357:../../libDaisy/src/dev/oled_ssd130x.h ****         else
 1097              		.loc 8 357 48 view .LVU230
 1098 00c6 0BFA0EFE 		lsl	lr, fp, lr
 357:../../libDaisy/src/dev/oled_ssd130x.h ****         else
 1099              		.loc 8 357 20 view .LVU231
 1100 00ca 3744     		add	r7, r7, r6
 1101 00cc 397D     		ldrb	r1, [r7, #20]	@ zero_extendqisi2
ARM GAS  /tmp/ccuCWtjx.s 			page 45


 356:../../libDaisy/src/dev/oled_ssd130x.h ****             buffer_[x + (y / 8) * width] |= (1 << (y % 8));
 1102              		.loc 8 356 9 view .LVU232
 1103 00ce 04B3     		cbz	r4, .L77
 1104              	.LVL80:
 1105              	.L104:
 356:../../libDaisy/src/dev/oled_ssd130x.h ****             buffer_[x + (y / 8) * width] |= (1 << (y % 8));
 1106              		.loc 8 356 9 view .LVU233
 1107              	.LBE507:
 1108              	.LBE506:
 1109              	.LBE505:
 1110              	.LBB516:
 1111              	.LBB498:
 1112              	.LBB492:
 357:../../libDaisy/src/dev/oled_ssd130x.h ****         else
 1113              		.loc 8 357 42 view .LVU234
 1114 00d0 41EA0E01 		orr	r1, r1, lr
 1115 00d4 3975     		strb	r1, [r7, #20]
 1116              	.L75:
 1117              	.LVL81:
 357:../../libDaisy/src/dev/oled_ssd130x.h ****         else
 1118              		.loc 8 357 42 view .LVU235
 1119              	.LBE492:
 1120              	.LBE498:
 1121              	.LBE516:
 416:../../libDaisy/src/hid/disp/display.h ****             {
 1122              		.loc 9 416 13 is_stmt 1 discriminator 2 view .LVU236
 1123 00d6 0133     		adds	r3, r3, #1
 1124              	.LVL82:
 416:../../libDaisy/src/hid/disp/display.h ****             {
 1125              		.loc 9 416 26 discriminator 1 view .LVU237
 1126 00d8 0132     		adds	r2, r2, #1
 1127 00da AB42     		cmp	r3, r5
 1128 00dc 20D0     		beq	.L107
 1129              	.LVL83:
 1130              	.L78:
 1131              	.LBB517:
 1132              	.LBI505:
  42:../../libDaisy/src/hid/disp/oled_display.h ****     {
 1133              		.loc 7 42 10 view .LVU238
 1134              	.LBB512:
 1135              	.LBI506:
 352:../../libDaisy/src/dev/oled_ssd130x.h ****     {
 1136              		.loc 8 352 10 view .LVU239
 352:../../libDaisy/src/dev/oled_ssd130x.h ****     {
 1137              		.loc 8 352 10 is_stmt 0 view .LVU240
 1138              	.LBE512:
 1139              	.LBE517:
 1140              	.LBB518:
 1141              	.LBI483:
  42:../../libDaisy/src/hid/disp/oled_display.h ****     {
 1142              		.loc 7 42 10 is_stmt 1 view .LVU241
 1143              	.LBB499:
 1144              	.LBI484:
 352:../../libDaisy/src/dev/oled_ssd130x.h ****     {
 1145              		.loc 8 352 10 view .LVU242
 1146              	.LBE499:
 1147              	.LBE518:
ARM GAS  /tmp/ccuCWtjx.s 			page 46


 418:../../libDaisy/src/hid/disp/display.h ****                 {
 1148              		.loc 9 418 23 is_stmt 0 view .LVU243
 1149 00de 0CFA03F7 		lsl	r7, ip, r3
 1150              	.LBB519:
 1151              	.LBB513:
 1152              	.LBB509:
 354:../../libDaisy/src/dev/oled_ssd130x.h ****             return;
 1153              		.loc 8 354 23 view .LVU244
 1154 00e2 7F2A     		cmp	r2, #127
 1155 00e4 94BF     		ite	ls
 1156 00e6 5146     		movls	r1, r10
 1157 00e8 4AF00101 		orrhi	r1, r10, #1
 357:../../libDaisy/src/dev/oled_ssd130x.h ****         else
 1158              		.loc 8 357 54 view .LVU245
 1159 00ec 00F0070E 		and	lr, r0, #7
 357:../../libDaisy/src/dev/oled_ssd130x.h ****         else
 1160              		.loc 8 357 48 view .LVU246
 1161 00f0 4FF0010B 		mov	fp, #1
 1162              	.LBE509:
 1163              	.LBE513:
 1164              	.LBE519:
 418:../../libDaisy/src/hid/disp/display.h ****                 {
 1165              		.loc 9 418 17 view .LVU247
 1166 00f4 17F4004F 		tst	r7, #32768
 1167              	.LBB520:
 1168              	.LBB514:
 1169              	.LBB510:
 357:../../libDaisy/src/dev/oled_ssd130x.h ****         else
 1170              		.loc 8 357 28 view .LVU248
 1171 00f8 4FEAD007 		lsr	r7, r0, #3
 1172              	.LBE510:
 1173              	.LBE514:
 1174              	.LBE520:
 418:../../libDaisy/src/hid/disp/display.h ****                 {
 1175              		.loc 9 418 17 view .LVU249
 1176 00fc E0D1     		bne	.L108
 1177              	.LBB521:
 1178              	.LBB500:
 1179              	.LBB493:
 354:../../libDaisy/src/dev/oled_ssd130x.h ****             return;
 1180              		.loc 8 354 9 view .LVU250
 1181 00fe 0029     		cmp	r1, #0
 1182 0100 E9D1     		bne	.L75
 1183              	.LVL84:
 1184              	.LBB486:
 1185              	.LBI486:
 352:../../libDaisy/src/dev/oled_ssd130x.h ****     {
 1186              		.loc 8 352 10 is_stmt 1 view .LVU251
 352:../../libDaisy/src/dev/oled_ssd130x.h ****     {
 1187              		.loc 8 352 10 is_stmt 0 view .LVU252
 1188              	.LBE486:
 357:../../libDaisy/src/dev/oled_ssd130x.h ****         else
 1189              		.loc 8 357 20 view .LVU253
 1190 0102 02EBC717 		add	r7, r2, r7, lsl #7
 357:../../libDaisy/src/dev/oled_ssd130x.h ****         else
 1191              		.loc 8 357 48 view .LVU254
 1192 0106 0BFA0EFE 		lsl	lr, fp, lr
ARM GAS  /tmp/ccuCWtjx.s 			page 47


 1193              	.LBE493:
 1194              	.LBE500:
 1195              	.LBE521:
 1196              	.LBB522:
 1197              	.LBB515:
 1198              	.LBB511:
 357:../../libDaisy/src/dev/oled_ssd130x.h ****         else
 1199              		.loc 8 357 20 view .LVU255
 1200 010a 3744     		add	r7, r7, r6
 1201 010c 397D     		ldrb	r1, [r7, #20]	@ zero_extendqisi2
 1202              	.LBE511:
 1203              	.LBE515:
 1204              	.LBE522:
 1205              	.LBB523:
 1206              	.LBB501:
 1207              	.LBB494:
 356:../../libDaisy/src/dev/oled_ssd130x.h ****             buffer_[x + (y / 8) * width] |= (1 << (y % 8));
 1208              		.loc 8 356 9 view .LVU256
 1209 010e 002C     		cmp	r4, #0
 1210 0110 DED0     		beq	.L104
 1211              	.LVL85:
 1212              	.L77:
 356:../../libDaisy/src/dev/oled_ssd130x.h ****             buffer_[x + (y / 8) * width] |= (1 << (y % 8));
 1213              		.loc 8 356 9 view .LVU257
 1214              	.LBE494:
 1215              	.LBE501:
 1216              	.LBE523:
 416:../../libDaisy/src/hid/disp/display.h ****             {
 1217              		.loc 9 416 13 discriminator 2 view .LVU258
 1218 0112 0133     		adds	r3, r3, #1
 1219              	.LVL86:
 1220              	.LBB524:
 1221              	.LBB502:
 1222              	.LBB495:
 1223              	.LBB489:
 1224              	.LBB487:
 359:../../libDaisy/src/dev/oled_ssd130x.h ****     }
 1225              		.loc 8 359 42 view .LVU259
 1226 0114 21EA0E01 		bic	r1, r1, lr
 1227              	.LBE487:
 1228              	.LBE489:
 1229              	.LBE495:
 1230              	.LBE502:
 1231              	.LBE524:
 416:../../libDaisy/src/hid/disp/display.h ****             {
 1232              		.loc 9 416 26 discriminator 1 view .LVU260
 1233 0118 0132     		adds	r2, r2, #1
 1234 011a AB42     		cmp	r3, r5
 1235              	.LBB525:
 1236              	.LBB503:
 1237              	.LBB496:
 1238              	.LBB490:
 1239              	.LBB488:
 359:../../libDaisy/src/dev/oled_ssd130x.h ****     }
 1240              		.loc 8 359 42 view .LVU261
 1241 011c 3975     		strb	r1, [r7, #20]
 1242              	.LVL87:
ARM GAS  /tmp/ccuCWtjx.s 			page 48


 359:../../libDaisy/src/dev/oled_ssd130x.h ****     }
 1243              		.loc 8 359 42 view .LVU262
 1244              	.LBE488:
 1245              	.LBE490:
 1246              	.LBE496:
 1247              	.LBE503:
 1248              	.LBE525:
 416:../../libDaisy/src/hid/disp/display.h ****             {
 1249              		.loc 9 416 13 is_stmt 1 discriminator 2 view .LVU263
 416:../../libDaisy/src/hid/disp/display.h ****             {
 1250              		.loc 9 416 26 discriminator 1 view .LVU264
 1251 011e DED1     		bne	.L78
 1252              	.L107:
 413:../../libDaisy/src/hid/disp/display.h ****         {
 1253              		.loc 9 413 22 is_stmt 0 discriminator 1 view .LVU265
 1254 0120 2146     		mov	r1, r4
 1255 0122 019B     		ldr	r3, [sp, #4]
 1256              	.LVL88:
 413:../../libDaisy/src/hid/disp/display.h ****         {
 1257              		.loc 9 413 22 discriminator 1 view .LVU266
 1258 0124 4C46     		mov	r4, r9
 1259 0126 DDF80090 		ldr	r9, [sp]
 1260              	.LVL89:
 413:../../libDaisy/src/hid/disp/display.h ****         {
 1261              		.loc 9 413 9 is_stmt 1 discriminator 2 view .LVU267
 413:../../libDaisy/src/hid/disp/display.h ****         {
 1262              		.loc 9 413 22 discriminator 1 view .LVU268
 1263 012a 0130     		adds	r0, r0, #1
 1264 012c 4B45     		cmp	r3, r9
 1265 012e 2DD0     		beq	.L101
 1266              	.LVL90:
 415:../../libDaisy/src/hid/disp/display.h ****             for(j = 0; j < font.FontWidth; j++)
 1267              		.loc 9 415 15 is_stmt 0 view .LVU269
 1268 0130 39F802CF 		ldrh	ip, [r9, #2]!
 1269              	.LVL91:
 416:../../libDaisy/src/hid/disp/display.h ****             {
 1270              		.loc 9 416 26 is_stmt 1 discriminator 1 view .LVU270
 1271 0134 B7E7     		b	.L71
 1272              	.LVL92:
 1273              	.L73:
 413:../../libDaisy/src/hid/disp/display.h ****         {
 1274              		.loc 9 413 9 discriminator 2 view .LVU271
 413:../../libDaisy/src/hid/disp/display.h ****         {
 1275              		.loc 9 413 22 discriminator 1 view .LVU272
 413:../../libDaisy/src/hid/disp/display.h ****         {
 1276              		.loc 9 413 22 is_stmt 0 discriminator 1 view .LVU273
 1277 0136 CB45     		cmp	fp, r9
 415:../../libDaisy/src/hid/disp/display.h ****             for(j = 0; j < font.FontWidth; j++)
 1278              		.loc 9 415 58 view .LVU274
 1279 0138 09F10209 		add	r9, r9, #2
 1280              	.LVL93:
 416:../../libDaisy/src/hid/disp/display.h ****             {
 1281              		.loc 9 416 26 is_stmt 1 discriminator 1 view .LVU275
 413:../../libDaisy/src/hid/disp/display.h ****         {
 1282              		.loc 9 413 22 is_stmt 0 discriminator 1 view .LVU276
 1283 013c FBD1     		bne	.L73
 1284              	.LVL94:
ARM GAS  /tmp/ccuCWtjx.s 			page 49


 1285              	.L72:
 434:../../libDaisy/src/hid/disp/display.h **** 
 1286              		.loc 9 434 18 view .LVU277
 1287 013e 05EB0109 		add	r9, r5, r1
 1288              	.LBB526:
 1289              	.LBB527:
 173:../../libDaisy/src/hid/disp/display.h ****         currentY_ = (y >= Height()) ? Height() - 1 : y;
 1290              		.loc 9 173 32 view .LVU278
 1291 0142 3168     		ldr	r1, [r6]
 1292 0144 2F48     		ldr	r0, .L111
 1293 0146 CB68     		ldr	r3, [r1, #12]
 1294              	.LBE527:
 1295              	.LBE526:
 434:../../libDaisy/src/hid/disp/display.h **** 
 1296              		.loc 9 434 18 view .LVU279
 1297 0148 1FFA89F9 		uxth	r9, r9
 1298              	.LVL95:
 1299              	.LBB530:
 1300              	.LBI526:
 171:../../libDaisy/src/hid/disp/display.h ****     {
 1301              		.loc 9 171 10 is_stmt 1 view .LVU280
 1302              	.LBB528:
 173:../../libDaisy/src/hid/disp/display.h ****         currentY_ = (y >= Height()) ? Height() - 1 : y;
 1303              		.loc 9 173 9 view .LVU281
 1304 014c 8342     		cmp	r3, r0
 1305 014e 41D1     		bne	.L109
 173:../../libDaisy/src/hid/disp/display.h ****         currentY_ = (y >= Height()) ? Height() - 1 : y;
 1306              		.loc 9 173 19 is_stmt 0 discriminator 1 view .LVU282
 1307 0150 B9F1800F 		cmp	r9, #128
 1308 0154 28BF     		it	cs
 1309 0156 4FF07F09 		movcs	r9, #127
 1310              	.LVL96:
 1311              	.L79:
 174:../../libDaisy/src/hid/disp/display.h ****     }
 1312              		.loc 9 174 33 view .LVU283
 1313 015a 8B68     		ldr	r3, [r1, #8]
 1314 015c 2A49     		ldr	r1, .L111+4
 173:../../libDaisy/src/hid/disp/display.h ****         currentY_ = (y >= Height()) ? Height() - 1 : y;
 1315              		.loc 9 173 19 discriminator 4 view .LVU284
 1316 015e A6F80490 		strh	r9, [r6, #4]	@ movhi
 174:../../libDaisy/src/hid/disp/display.h ****     }
 1317              		.loc 9 174 9 is_stmt 1 view .LVU285
 1318 0162 8B42     		cmp	r3, r1
 1319 0164 24D1     		bne	.L110
 174:../../libDaisy/src/hid/disp/display.h ****     }
 1320              		.loc 9 174 19 is_stmt 0 discriminator 1 view .LVU286
 1321 0166 3F2F     		cmp	r7, #63
 1322 0168 00D9     		bls	.L83
 1323              	.L88:
 173:../../libDaisy/src/hid/disp/display.h ****         currentY_ = (y >= Height()) ? Height() - 1 : y;
 1324              		.loc 9 173 19 discriminator 1 view .LVU287
 1325 016a 3F27     		movs	r7, #63
 1326              	.LVL97:
 1327              	.L83:
 174:../../libDaisy/src/hid/disp/display.h ****     }
 1328              		.loc 9 174 19 discriminator 4 view .LVU288
 1329 016c F780     		strh	r7, [r6, #6]	@ movhi
ARM GAS  /tmp/ccuCWtjx.s 			page 50


 1330              	.LVL98:
 1331              	.L64:
 174:../../libDaisy/src/hid/disp/display.h ****     }
 1332              		.loc 9 174 19 discriminator 4 view .LVU289
 1333              	.LBE528:
 1334              	.LBE530:
 1335              	.LBE482:
 1336              	.LBE481:
 444:../../libDaisy/src/hid/disp/display.h ****         {
 445:../../libDaisy/src/hid/disp/display.h ****             if(((ChildType*)(this))->ChildType::WriteChar(*str, font, on)
 446:../../libDaisy/src/hid/disp/display.h ****                != *str)
 1337              		.loc 9 446 16 view .LVU290
 1338 016e 9AF80000 		ldrb	r0, [r10]	@ zero_extendqisi2
 445:../../libDaisy/src/hid/disp/display.h ****                != *str)
 1339              		.loc 9 445 13 view .LVU291
 1340 0172 A042     		cmp	r0, r4
 1341 0174 05D1     		bne	.L94
 1342              	.LVL99:
 443:../../libDaisy/src/hid/disp/display.h ****         {
 1343              		.loc 9 443 9 is_stmt 1 view .LVU292
 1344 0176 1AF8014F 		ldrb	r4, [r10, #1]!	@ zero_extendqisi2
 1345              	.LVL100:
 443:../../libDaisy/src/hid/disp/display.h ****         {
 1346              		.loc 9 443 9 is_stmt 0 view .LVU293
 1347 017a 002C     		cmp	r4, #0
 1348 017c 7FF456AF 		bne	.L86
 1349              	.LVL101:
 1350              	.L87:
 447:../../libDaisy/src/hid/disp/display.h ****             {
 448:../../libDaisy/src/hid/disp/display.h ****                 // Char could not be written
 449:../../libDaisy/src/hid/disp/display.h ****                 return *str;
 450:../../libDaisy/src/hid/disp/display.h ****             }
 451:../../libDaisy/src/hid/disp/display.h **** 
 452:../../libDaisy/src/hid/disp/display.h ****             // Next char
 453:../../libDaisy/src/hid/disp/display.h ****             str++;
 454:../../libDaisy/src/hid/disp/display.h ****         }
 455:../../libDaisy/src/hid/disp/display.h **** 
 456:../../libDaisy/src/hid/disp/display.h ****         // Everything ok
 457:../../libDaisy/src/hid/disp/display.h ****         return *str;
 1351              		.loc 9 457 17 view .LVU294
 1352 0180 0020     		movs	r0, #0
 1353              	.L94:
 458:../../libDaisy/src/hid/disp/display.h ****     }
 1354              		.loc 9 458 5 view .LVU295
 1355 0182 09B0     		add	sp, sp, #36
 1356              		.cfi_remember_state
 1357              		.cfi_def_cfa_offset 36
 1358              		@ sp needed
 1359 0184 BDE8F08F 		pop	{r4, r5, r6, r7, r8, r9, r10, fp, pc}
 1360              	.LVL102:
 1361              	.L66:
 1362              		.cfi_restore_state
 1363              	.LBB533:
 1364              	.LBB532:
 402:../../libDaisy/src/hid/disp/display.h **** 
 1365              		.loc 9 402 20 view .LVU296
 1366 0188 0024     		movs	r4, #0
ARM GAS  /tmp/ccuCWtjx.s 			page 51


 1367              	.LVL103:
 402:../../libDaisy/src/hid/disp/display.h **** 
 1368              		.loc 9 402 20 view .LVU297
 1369 018a F0E7     		b	.L64
 1370              	.LVL104:
 1371              	.L101:
 402:../../libDaisy/src/hid/disp/display.h **** 
 1372              		.loc 9 402 20 view .LVU298
 1373 018c 0B46     		mov	r3, r1
 1374 018e A246     		mov	r10, r4
 1375 0190 4146     		mov	r1, r8
 1376 0192 029C     		ldr	r4, [sp, #8]
 1377              	.LVL105:
 402:../../libDaisy/src/hid/disp/display.h **** 
 1378              		.loc 9 402 20 view .LVU299
 1379 0194 9846     		mov	r8, r3
 1380 0196 DDE90327 		ldrd	r2, r7, [sp, #12]
 1381 019a D0E7     		b	.L72
 1382              	.LVL106:
 1383              	.L105:
 402:../../libDaisy/src/hid/disp/display.h **** 
 1384              		.loc 9 402 20 view .LVU300
 1385 019c 0092     		str	r2, [sp]
 405:../../libDaisy/src/hid/disp/display.h ****            || Height() < (currentY_ + font.FontHeight))
 1386              		.loc 9 405 17 view .LVU301
 1387 019e 3046     		mov	r0, r6
 1388 01a0 9847     		blx	r3
 1389              	.LVL107:
 1390 01a2 009A     		ldr	r2, [sp]
 1391 01a4 50E7     		b	.L65
 1392              	.L106:
 405:../../libDaisy/src/hid/disp/display.h ****            || Height() < (currentY_ + font.FontHeight))
 1393              		.loc 9 405 17 view .LVU302
 1394 01a6 0092     		str	r2, [sp]
 406:../../libDaisy/src/hid/disp/display.h ****         {
 1395              		.loc 9 406 21 discriminator 2 view .LVU303
 1396 01a8 3046     		mov	r0, r6
 1397 01aa 9847     		blx	r3
 1398              	.LVL108:
 1399 01ac 009A     		ldr	r2, [sp]
 1400 01ae 57E7     		b	.L67
 1401              	.LVL109:
 1402              	.L110:
 406:../../libDaisy/src/hid/disp/display.h ****         {
 1403              		.loc 9 406 21 discriminator 2 view .LVU304
 1404 01b0 0092     		str	r2, [sp]
 1405              	.LBB531:
 1406              	.LBB529:
 174:../../libDaisy/src/hid/disp/display.h ****     }
 1407              		.loc 9 174 33 view .LVU305
 1408 01b2 3046     		mov	r0, r6
 1409 01b4 9847     		blx	r3
 1410              	.LVL110:
 174:../../libDaisy/src/hid/disp/display.h ****     }
 1411              		.loc 9 174 19 discriminator 1 view .LVU306
 1412 01b6 8742     		cmp	r7, r0
 1413 01b8 009A     		ldr	r2, [sp]
ARM GAS  /tmp/ccuCWtjx.s 			page 52


 1414 01ba D7D3     		bcc	.L83
 174:../../libDaisy/src/hid/disp/display.h ****     }
 1415              		.loc 9 174 45 discriminator 1 view .LVU307
 1416 01bc 3368     		ldr	r3, [r6]
 1417 01be 1249     		ldr	r1, .L111+4
 1418 01c0 9B68     		ldr	r3, [r3, #8]
 1419 01c2 8B42     		cmp	r3, r1
 1420 01c4 D1D0     		beq	.L88
 1421 01c6 0092     		str	r2, [sp]
 1422 01c8 3046     		mov	r0, r6
 1423 01ca 9847     		blx	r3
 1424              	.LVL111:
 174:../../libDaisy/src/hid/disp/display.h ****     }
 1425              		.loc 9 174 19 discriminator 1 view .LVU308
 1426 01cc 431E     		subs	r3, r0, #1
 1427 01ce 009A     		ldr	r2, [sp]
 1428 01d0 9FB2     		uxth	r7, r3
 1429              	.LVL112:
 174:../../libDaisy/src/hid/disp/display.h ****     }
 1430              		.loc 9 174 19 discriminator 1 view .LVU309
 1431 01d2 CBE7     		b	.L83
 1432              	.LVL113:
 1433              	.L109:
 174:../../libDaisy/src/hid/disp/display.h ****     }
 1434              		.loc 9 174 19 discriminator 1 view .LVU310
 1435 01d4 0092     		str	r2, [sp]
 173:../../libDaisy/src/hid/disp/display.h ****         currentY_ = (y >= Height()) ? Height() - 1 : y;
 1436              		.loc 9 173 32 view .LVU311
 1437 01d6 3046     		mov	r0, r6
 1438 01d8 9847     		blx	r3
 1439              	.LVL114:
 173:../../libDaisy/src/hid/disp/display.h ****         currentY_ = (y >= Height()) ? Height() - 1 : y;
 1440              		.loc 9 173 19 discriminator 1 view .LVU312
 1441 01da 8145     		cmp	r9, r0
 173:../../libDaisy/src/hid/disp/display.h ****         currentY_ = (y >= Height()) ? Height() - 1 : y;
 1442              		.loc 9 173 43 discriminator 1 view .LVU313
 1443 01dc 3168     		ldr	r1, [r6]
 173:../../libDaisy/src/hid/disp/display.h ****         currentY_ = (y >= Height()) ? Height() - 1 : y;
 1444              		.loc 9 173 19 discriminator 1 view .LVU314
 1445 01de 009A     		ldr	r2, [sp]
 1446 01e0 BBD3     		bcc	.L79
 173:../../libDaisy/src/hid/disp/display.h ****         currentY_ = (y >= Height()) ? Height() - 1 : y;
 1447              		.loc 9 173 43 discriminator 1 view .LVU315
 1448 01e2 CB68     		ldr	r3, [r1, #12]
 1449 01e4 0748     		ldr	r0, .L111
 1450 01e6 8342     		cmp	r3, r0
 1451 01e8 08D0     		beq	.L92
 1452 01ea 3046     		mov	r0, r6
 1453 01ec 9847     		blx	r3
 1454              	.LVL115:
 173:../../libDaisy/src/hid/disp/display.h ****         currentY_ = (y >= Height()) ? Height() - 1 : y;
 1455              		.loc 9 173 19 discriminator 1 view .LVU316
 1456 01ee 00F1FF39 		add	r9, r0, #-1
 1457              	.LVL116:
 174:../../libDaisy/src/hid/disp/display.h ****     }
 1458              		.loc 9 174 33 view .LVU317
 1459 01f2 3168     		ldr	r1, [r6]
ARM GAS  /tmp/ccuCWtjx.s 			page 53


 173:../../libDaisy/src/hid/disp/display.h ****         currentY_ = (y >= Height()) ? Height() - 1 : y;
 1460              		.loc 9 173 19 discriminator 1 view .LVU318
 1461 01f4 1FFA89F9 		uxth	r9, r9
 1462 01f8 009A     		ldr	r2, [sp]
 1463 01fa AEE7     		b	.L79
 1464              	.LVL117:
 1465              	.L92:
 173:../../libDaisy/src/hid/disp/display.h ****         currentY_ = (y >= Height()) ? Height() - 1 : y;
 1466              		.loc 9 173 43 discriminator 1 view .LVU319
 1467 01fc 4FF07F09 		mov	r9, #127
 1468              	.LVL118:
 173:../../libDaisy/src/hid/disp/display.h ****         currentY_ = (y >= Height()) ? Height() - 1 : y;
 1469              		.loc 9 173 43 discriminator 1 view .LVU320
 1470 0200 ABE7     		b	.L79
 1471              	.L112:
 1472 0202 00BF     		.align	2
 1473              	.L111:
 1474 0204 00000000 		.word	_ZNK5daisy11OledDisplayINS_13SSD130xDriverILj128ELj64ENS_24SSD130x4WireSpiTransportEEEE5Widt
 1475 0208 00000000 		.word	_ZNK5daisy11OledDisplayINS_13SSD130xDriverILj128ELj64ENS_24SSD130x4WireSpiTransportEEEE6Heig
 1476              	.LBE529:
 1477              	.LBE531:
 1478              	.LBE532:
 1479              	.LBE533:
 1480              		.cfi_endproc
 1481              	.LFE2421:
 1483              		.section	.text._ZN5daisy11OledDisplayINS_13SSD130xDriverILj128ELj64ENS_24SSD130x4WireSpiTransportE
 1484              		.align	1
 1485              		.p2align 2,,3
 1486              		.weak	_ZN5daisy11OledDisplayINS_13SSD130xDriverILj128ELj64ENS_24SSD130x4WireSpiTransportEEEE9DrawP
 1487              		.syntax unified
 1488              		.thumb
 1489              		.thumb_func
 1491              	_ZN5daisy11OledDisplayINS_13SSD130xDriverILj128ELj64ENS_24SSD130x4WireSpiTransportEEEE9DrawPixelEjj
 1492              	.LVL119:
 1493              	.LFB2441:
  42:../../libDaisy/src/hid/disp/oled_display.h ****     {
 1494              		.loc 7 42 10 is_stmt 1 view -0
 1495              		.cfi_startproc
 1496              		@ args = 0, pretend = 0, frame = 0
 1497              		@ frame_needed = 0, uses_anonymous_args = 0
 1498              		@ link register save eliminated.
 1499              	.LBB538:
 1500              	.LBI538:
 352:../../libDaisy/src/dev/oled_ssd130x.h ****     {
 1501              		.loc 8 352 10 view .LVU322
 1502              	.LBB539:
 354:../../libDaisy/src/dev/oled_ssd130x.h ****             return;
 1503              		.loc 8 354 9 is_stmt 0 view .LVU323
 1504 0000 7F29     		cmp	r1, #127
 1505 0002 14D8     		bhi	.L113
 1506 0004 3F2A     		cmp	r2, #63
 1507 0006 12D8     		bhi	.L113
 357:../../libDaisy/src/dev/oled_ssd130x.h ****         else
 1508              		.loc 8 357 28 view .LVU324
 1509 0008 4FEAD20C 		lsr	ip, r2, #3
 357:../../libDaisy/src/dev/oled_ssd130x.h ****         else
 1510              		.loc 8 357 54 view .LVU325
ARM GAS  /tmp/ccuCWtjx.s 			page 54


 1511 000c 02F00702 		and	r2, r2, #7
 1512              	.LVL120:
 357:../../libDaisy/src/dev/oled_ssd130x.h ****         else
 1513              		.loc 8 357 20 view .LVU326
 1514 0010 01EBCC11 		add	r1, r1, ip, lsl #7
 1515              	.LVL121:
 357:../../libDaisy/src/dev/oled_ssd130x.h ****         else
 1516              		.loc 8 357 48 view .LVU327
 1517 0014 4FF0010C 		mov	ip, #1
 357:../../libDaisy/src/dev/oled_ssd130x.h ****         else
 1518              		.loc 8 357 20 view .LVU328
 1519 0018 0844     		add	r0, r0, r1
 1520              	.LVL122:
 357:../../libDaisy/src/dev/oled_ssd130x.h ****         else
 1521              		.loc 8 357 48 view .LVU329
 1522 001a 0CFA02F1 		lsl	r1, ip, r2
 357:../../libDaisy/src/dev/oled_ssd130x.h ****         else
 1523              		.loc 8 357 20 view .LVU330
 1524 001e 027D     		ldrb	r2, [r0, #20]	@ zero_extendqisi2
 356:../../libDaisy/src/dev/oled_ssd130x.h ****             buffer_[x + (y / 8) * width] |= (1 << (y % 8));
 1525              		.loc 8 356 9 view .LVU331
 1526 0020 13B1     		cbz	r3, .L115
 357:../../libDaisy/src/dev/oled_ssd130x.h ****         else
 1527              		.loc 8 357 42 view .LVU332
 1528 0022 0A43     		orrs	r2, r2, r1
 1529 0024 0275     		strb	r2, [r0, #20]
 1530 0026 7047     		bx	lr
 1531              	.L115:
 1532              	.LVL123:
 1533              	.LBB540:
 1534              	.LBI540:
 352:../../libDaisy/src/dev/oled_ssd130x.h ****     {
 1535              		.loc 8 352 10 is_stmt 1 view .LVU333
 1536              	.LBB541:
 359:../../libDaisy/src/dev/oled_ssd130x.h ****     }
 1537              		.loc 8 359 42 is_stmt 0 view .LVU334
 1538 0028 22EA0102 		bic	r2, r2, r1
 1539 002c 0275     		strb	r2, [r0, #20]
 1540              	.LVL124:
 1541              	.L113:
 359:../../libDaisy/src/dev/oled_ssd130x.h ****     }
 1542              		.loc 8 359 42 view .LVU335
 1543              	.LBE541:
 1544              	.LBE540:
 1545              	.LBE539:
 1546              	.LBE538:
  45:../../libDaisy/src/hid/disp/oled_display.h **** 
 1547              		.loc 7 45 5 view .LVU336
 1548 002e 7047     		bx	lr
 1549              		.cfi_endproc
 1550              	.LFE2441:
 1552              		.section	.text._ZN5daisy25OneBitGraphicsDisplayImplINS_11OledDisplayINS_13SSD130xDriverILj128ELj64
 1553              		.align	1
 1554              		.p2align 2,,3
 1555              		.weak	_ZN5daisy25OneBitGraphicsDisplayImplINS_11OledDisplayINS_13SSD130xDriverILj128ELj64ENS_24SSD
 1556              		.syntax unified
 1557              		.thumb
ARM GAS  /tmp/ccuCWtjx.s 			page 55


 1558              		.thumb_func
 1560              	_ZN5daisy25OneBitGraphicsDisplayImplINS_11OledDisplayINS_13SSD130xDriverILj128ELj64ENS_24SSD130x4Wi
 1561              	.LVL125:
 1562              	.LFB2450:
 221:../../libDaisy/src/hid/disp/display.h ****                   uint_fast8_t y1,
 1563              		.loc 9 221 10 is_stmt 1 view -0
 1564              		.cfi_startproc
 1565              		@ args = 8, pretend = 0, frame = 8
 1566              		@ frame_needed = 0, uses_anonymous_args = 0
 221:../../libDaisy/src/hid/disp/display.h ****                   uint_fast8_t y1,
 1567              		.loc 9 221 10 is_stmt 0 view .LVU338
 1568 0000 2DE9F04F 		push	{r4, r5, r6, r7, r8, r9, r10, fp, lr}
 1569              		.cfi_def_cfa_offset 36
 1570              		.cfi_offset 4, -36
 1571              		.cfi_offset 5, -32
 1572              		.cfi_offset 6, -28
 1573              		.cfi_offset 7, -24
 1574              		.cfi_offset 8, -20
 1575              		.cfi_offset 9, -16
 1576              		.cfi_offset 10, -12
 1577              		.cfi_offset 11, -8
 1578              		.cfi_offset 14, -4
 1579 0004 83B0     		sub	sp, sp, #12
 1580              		.cfi_def_cfa_offset 48
 227:../../libDaisy/src/hid/disp/display.h ****         int_fast16_t deltaY = abs((int_fast16_t)y2 - (int_fast16_t)y1);
 1581              		.loc 9 227 52 view .LVU339
 1582 0006 5D1A     		subs	r5, r3, r1
 221:../../libDaisy/src/hid/disp/display.h ****                   uint_fast8_t y1,
 1583              		.loc 9 221 10 view .LVU340
 1584 0008 0C9E     		ldr	r6, [sp, #48]
 227:../../libDaisy/src/hid/disp/display.h ****         int_fast16_t deltaY = abs((int_fast16_t)y2 - (int_fast16_t)y1);
 1585              		.loc 9 227 22 view .LVU341
 1586 000a 002D     		cmp	r5, #0
 221:../../libDaisy/src/hid/disp/display.h ****                   uint_fast8_t y1,
 1587              		.loc 9 221 10 view .LVU342
 1588 000c 9DF83490 		ldrb	r9, [sp, #52]	@ zero_extendqisi2
 228:../../libDaisy/src/hid/disp/display.h ****         int_fast16_t signX  = ((x1 < x2) ? 1 : -1);
 1589              		.loc 9 228 52 view .LVU343
 1590 0010 A6EB0208 		sub	r8, r6, r2
 227:../../libDaisy/src/hid/disp/display.h ****         int_fast16_t deltaY = abs((int_fast16_t)y2 - (int_fast16_t)y1);
 1591              		.loc 9 227 22 view .LVU344
 1592 0014 B8BF     		it	lt
 1593 0016 6D42     		rsblt	r5, r5, #0
 1594              	.LVL126:
 228:../../libDaisy/src/hid/disp/display.h ****         int_fast16_t signX  = ((x1 < x2) ? 1 : -1);
 1595              		.loc 9 228 22 view .LVU345
 1596 0018 B8F1000F 		cmp	r8, #0
 1597 001c B8BF     		it	lt
 1598 001e C8F10008 		rsblt	r8, r8, #0
 1599              	.LVL127:
 229:../../libDaisy/src/hid/disp/display.h ****         int_fast16_t signY  = ((y1 < y2) ? 1 : -1);
 1600              		.loc 9 229 42 discriminator 1 view .LVU346
 1601 0022 8B42     		cmp	r3, r1
 1602 0024 94BF     		ite	ls
 1603 0026 4FF0FF3A 		movls	r10, #-1
 1604 002a 4FF0010A 		movhi	r10, #1
 1605              	.LVL128:
ARM GAS  /tmp/ccuCWtjx.s 			page 56


 230:../../libDaisy/src/hid/disp/display.h ****         int_fast16_t error  = deltaX - deltaY;
 1606              		.loc 9 230 42 view .LVU347
 1607 002e 9642     		cmp	r6, r2
 231:../../libDaisy/src/hid/disp/display.h ****         int_fast16_t error2;
 1608              		.loc 9 231 22 view .LVU348
 1609 0030 A5EB080E 		sub	lr, r5, r8
 230:../../libDaisy/src/hid/disp/display.h ****         int_fast16_t error  = deltaX - deltaY;
 1610              		.loc 9 230 42 view .LVU349
 1611 0034 4DD8     		bhi	.L118
 1612              	.LVL129:
 1613              	.LBB558:
 1614              	.LBI558:
  42:../../libDaisy/src/hid/disp/oled_display.h ****     {
 1615              		.loc 7 42 10 is_stmt 1 view .LVU350
 1616              	.LBB559:
 1617              	.LBI559:
 352:../../libDaisy/src/dev/oled_ssd130x.h ****     {
 1618              		.loc 8 352 10 view .LVU351
 1619              	.LBB560:
 1620 0036 4FF0FF34 		mov	r4, #-1
 354:../../libDaisy/src/dev/oled_ssd130x.h ****             return;
 1621              		.loc 8 354 9 is_stmt 0 view .LVU352
 1622 003a 7F2B     		cmp	r3, #127
 1623 003c 0194     		str	r4, [sp, #4]
 1624 003e 12D8     		bhi	.L119
 1625 0040 3F2E     		cmp	r6, #63
 1626 0042 10D8     		bhi	.L119
 1627              	.LVL130:
 1628              	.L129:
 357:../../libDaisy/src/dev/oled_ssd130x.h ****         else
 1629              		.loc 8 357 28 view .LVU353
 1630 0044 F408     		lsrs	r4, r6, #3
 357:../../libDaisy/src/dev/oled_ssd130x.h ****         else
 1631              		.loc 8 357 54 view .LVU354
 1632 0046 06F00707 		and	r7, r6, #7
 357:../../libDaisy/src/dev/oled_ssd130x.h ****         else
 1633              		.loc 8 357 48 view .LVU355
 1634 004a 4FF0010C 		mov	ip, #1
 357:../../libDaisy/src/dev/oled_ssd130x.h ****         else
 1635              		.loc 8 357 20 view .LVU356
 1636 004e 03EBC414 		add	r4, r3, r4, lsl #7
 357:../../libDaisy/src/dev/oled_ssd130x.h ****         else
 1637              		.loc 8 357 48 view .LVU357
 1638 0052 0CFA07FC 		lsl	ip, ip, r7
 357:../../libDaisy/src/dev/oled_ssd130x.h ****         else
 1639              		.loc 8 357 20 view .LVU358
 1640 0056 0444     		add	r4, r4, r0
 1641 0058 277D     		ldrb	r7, [r4, #20]	@ zero_extendqisi2
 356:../../libDaisy/src/dev/oled_ssd130x.h ****             buffer_[x + (y / 8) * width] |= (1 << (y % 8));
 1642              		.loc 8 356 9 view .LVU359
 1643 005a B9F1000F 		cmp	r9, #0
 1644 005e 3FD0     		beq	.L120
 357:../../libDaisy/src/dev/oled_ssd130x.h ****         else
 1645              		.loc 8 357 42 view .LVU360
 1646 0060 47EA0C07 		orr	r7, r7, ip
 1647 0064 2775     		strb	r7, [r4, #20]
 1648              	.L119:
ARM GAS  /tmp/ccuCWtjx.s 			page 57


 1649              	.LVL131:
 357:../../libDaisy/src/dev/oled_ssd130x.h ****         else
 1650              		.loc 8 357 42 view .LVU361
 1651              	.LBE560:
 1652              	.LBE559:
 1653              	.LBE558:
 239:../../libDaisy/src/hid/disp/display.h ****         {
 1654              		.loc 9 239 26 is_stmt 1 view .LVU362
 1655 0066 8B42     		cmp	r3, r1
 1656 0068 01D1     		bne	.L122
 1657              	.L135:
 239:../../libDaisy/src/hid/disp/display.h ****         {
 1658              		.loc 9 239 26 is_stmt 0 view .LVU363
 1659 006a 9642     		cmp	r6, r2
 1660 006c 29D0     		beq	.L116
 1661              	.L122:
 243:../../libDaisy/src/hid/disp/display.h ****             {
 1662              		.loc 9 243 23 view .LVU364
 1663 006e C8F10007 		rsb	r7, r8, #0
 1664              	.L133:
 1665              	.LVL132:
 1666              	.LBB572:
 1667              	.LBI572:
  42:../../libDaisy/src/hid/disp/oled_display.h ****     {
 1668              		.loc 7 42 10 is_stmt 1 view .LVU365
 1669              	.LBB573:
 1670              	.LBI573:
 352:../../libDaisy/src/dev/oled_ssd130x.h ****     {
 1671              		.loc 8 352 10 view .LVU366
 1672              	.LBB574:
 354:../../libDaisy/src/dev/oled_ssd130x.h ****             return;
 1673              		.loc 8 354 9 is_stmt 0 view .LVU367
 1674 0072 7F29     		cmp	r1, #127
 1675 0074 14D8     		bhi	.L123
 354:../../libDaisy/src/dev/oled_ssd130x.h ****             return;
 1676              		.loc 8 354 9 view .LVU368
 1677 0076 3F2A     		cmp	r2, #63
 1678 0078 12D8     		bhi	.L123
 357:../../libDaisy/src/dev/oled_ssd130x.h ****         else
 1679              		.loc 8 357 28 view .LVU369
 1680 007a D408     		lsrs	r4, r2, #3
 357:../../libDaisy/src/dev/oled_ssd130x.h ****         else
 1681              		.loc 8 357 54 view .LVU370
 1682 007c 02F0070B 		and	fp, r2, #7
 357:../../libDaisy/src/dev/oled_ssd130x.h ****         else
 1683              		.loc 8 357 48 view .LVU371
 1684 0080 4FF0010C 		mov	ip, #1
 357:../../libDaisy/src/dev/oled_ssd130x.h ****         else
 1685              		.loc 8 357 20 view .LVU372
 1686 0084 01EBC414 		add	r4, r1, r4, lsl #7
 357:../../libDaisy/src/dev/oled_ssd130x.h ****         else
 1687              		.loc 8 357 48 view .LVU373
 1688 0088 0CFA0BFC 		lsl	ip, ip, fp
 357:../../libDaisy/src/dev/oled_ssd130x.h ****         else
 1689              		.loc 8 357 20 view .LVU374
 1690 008c 0444     		add	r4, r4, r0
 1691 008e 94F814B0 		ldrb	fp, [r4, #20]	@ zero_extendqisi2
ARM GAS  /tmp/ccuCWtjx.s 			page 58


 356:../../libDaisy/src/dev/oled_ssd130x.h ****             buffer_[x + (y / 8) * width] |= (1 << (y % 8));
 1692              		.loc 8 356 9 view .LVU375
 1693 0092 B9F1000F 		cmp	r9, #0
 1694 0096 17D0     		beq	.L124
 357:../../libDaisy/src/dev/oled_ssd130x.h ****         else
 1695              		.loc 8 357 42 view .LVU376
 1696 0098 4BEA0C0B 		orr	fp, fp, ip
 1697 009c 84F814B0 		strb	fp, [r4, #20]
 1698              	.L123:
 1699              	.LVL133:
 357:../../libDaisy/src/dev/oled_ssd130x.h ****         else
 1700              		.loc 8 357 42 view .LVU377
 1701              	.LBE574:
 1702              	.LBE573:
 1703              	.LBE572:
 243:../../libDaisy/src/hid/disp/display.h ****             {
 1704              		.loc 9 243 13 view .LVU378
 1705 00a0 B7EB4E0F 		cmp	r7, lr, lsl #1
 242:../../libDaisy/src/hid/disp/display.h ****             if(error2 > -deltaY)
 1706              		.loc 9 242 20 view .LVU379
 1707 00a4 4FEA4E04 		lsl	r4, lr, #1
 1708              	.LVL134:
 243:../../libDaisy/src/hid/disp/display.h ****             {
 1709              		.loc 9 243 13 view .LVU380
 1710 00a8 02DA     		bge	.L125
 245:../../libDaisy/src/hid/disp/display.h ****                 x1 += signX;
 1711              		.loc 9 245 23 view .LVU381
 1712 00aa AEEB080E 		sub	lr, lr, r8
 1713              	.LVL135:
 246:../../libDaisy/src/hid/disp/display.h ****             }
 1714              		.loc 9 246 20 view .LVU382
 1715 00ae 5144     		add	r1, r1, r10
 1716              	.LVL136:
 1717              	.L125:
 249:../../libDaisy/src/hid/disp/display.h ****             {
 1718              		.loc 9 249 13 view .LVU383
 1719 00b0 A542     		cmp	r5, r4
 1720 00b2 02DD     		ble	.L126
 252:../../libDaisy/src/hid/disp/display.h ****             }
 1721              		.loc 9 252 20 view .LVU384
 1722 00b4 019C     		ldr	r4, [sp, #4]
 1723              	.LVL137:
 251:../../libDaisy/src/hid/disp/display.h ****                 y1 += signY;
 1724              		.loc 9 251 23 view .LVU385
 1725 00b6 AE44     		add	lr, lr, r5
 1726              	.LVL138:
 252:../../libDaisy/src/hid/disp/display.h ****             }
 1727              		.loc 9 252 20 view .LVU386
 1728 00b8 2244     		add	r2, r2, r4
 1729              	.LVL139:
 1730              	.L126:
 239:../../libDaisy/src/hid/disp/display.h ****         {
 1731              		.loc 9 239 26 is_stmt 1 view .LVU387
 1732 00ba 9942     		cmp	r1, r3
 1733 00bc D9D1     		bne	.L133
 239:../../libDaisy/src/hid/disp/display.h ****         {
 1734              		.loc 9 239 26 is_stmt 0 view .LVU388
ARM GAS  /tmp/ccuCWtjx.s 			page 59


 1735 00be 9642     		cmp	r6, r2
 1736 00c0 D7D1     		bne	.L133
 1737              	.LVL140:
 1738              	.L116:
 255:../../libDaisy/src/hid/disp/display.h **** 
 1739              		.loc 9 255 5 view .LVU389
 1740 00c2 03B0     		add	sp, sp, #12
 1741              		.cfi_remember_state
 1742              		.cfi_def_cfa_offset 36
 1743              		@ sp needed
 1744 00c4 BDE8F08F 		pop	{r4, r5, r6, r7, r8, r9, r10, fp, pc}
 1745              	.LVL141:
 1746              	.L124:
 1747              		.cfi_restore_state
 1748              	.LBB579:
 1749              	.LBB578:
 1750              	.LBB577:
 1751              	.LBB575:
 1752              	.LBI575:
 352:../../libDaisy/src/dev/oled_ssd130x.h ****     {
 1753              		.loc 8 352 10 is_stmt 1 view .LVU390
 1754              	.LBB576:
 359:../../libDaisy/src/dev/oled_ssd130x.h ****     }
 1755              		.loc 8 359 42 is_stmt 0 view .LVU391
 1756 00c8 2BEA0C0B 		bic	fp, fp, ip
 1757 00cc 84F814B0 		strb	fp, [r4, #20]
 1758              	.LVL142:
 359:../../libDaisy/src/dev/oled_ssd130x.h ****     }
 1759              		.loc 8 359 42 view .LVU392
 1760 00d0 E6E7     		b	.L123
 1761              	.LVL143:
 1762              	.L118:
 359:../../libDaisy/src/dev/oled_ssd130x.h ****     }
 1763              		.loc 8 359 42 view .LVU393
 1764              	.LBE576:
 1765              	.LBE575:
 1766              	.LBE577:
 1767              	.LBE578:
 1768              	.LBE579:
 1769              	.LBB580:
  42:../../libDaisy/src/hid/disp/oled_display.h ****     {
 1770              		.loc 7 42 10 is_stmt 1 view .LVU394
 1771              	.LBB568:
 352:../../libDaisy/src/dev/oled_ssd130x.h ****     {
 1772              		.loc 8 352 10 view .LVU395
 1773              	.LBE568:
 1774              	.LBE580:
 230:../../libDaisy/src/hid/disp/display.h ****         int_fast16_t error  = deltaX - deltaY;
 1775              		.loc 9 230 42 is_stmt 0 discriminator 1 view .LVU396
 1776 00d2 0124     		movs	r4, #1
 1777              	.LBB581:
 1778              	.LBB569:
 1779              	.LBB565:
 354:../../libDaisy/src/dev/oled_ssd130x.h ****             return;
 1780              		.loc 8 354 9 view .LVU397
 1781 00d4 3F2E     		cmp	r6, #63
 1782              	.LBE565:
ARM GAS  /tmp/ccuCWtjx.s 			page 60


 1783              	.LBE569:
 1784              	.LBE581:
 230:../../libDaisy/src/hid/disp/display.h ****         int_fast16_t error  = deltaX - deltaY;
 1785              		.loc 9 230 42 discriminator 1 view .LVU398
 1786 00d6 0194     		str	r4, [sp, #4]
 1787              	.LBB582:
 1788              	.LBB570:
 1789              	.LBB566:
 354:../../libDaisy/src/dev/oled_ssd130x.h ****             return;
 1790              		.loc 8 354 9 view .LVU399
 1791 00d8 C9D8     		bhi	.L122
 1792 00da 7F2B     		cmp	r3, #127
 1793 00dc B2D9     		bls	.L129
 1794 00de C6E7     		b	.L122
 1795              	.LVL144:
 1796              	.L120:
 1797              	.LBB561:
 1798              	.LBI561:
 352:../../libDaisy/src/dev/oled_ssd130x.h ****     {
 1799              		.loc 8 352 10 is_stmt 1 view .LVU400
 1800              	.LBB562:
 359:../../libDaisy/src/dev/oled_ssd130x.h ****     }
 1801              		.loc 8 359 42 is_stmt 0 view .LVU401
 1802 00e0 27EA0C07 		bic	r7, r7, ip
 1803              	.LBE562:
 1804              	.LBE561:
 1805              	.LBE566:
 1806              	.LBE570:
 1807              	.LBE582:
 239:../../libDaisy/src/hid/disp/display.h ****         {
 1808              		.loc 9 239 26 view .LVU402
 1809 00e4 8B42     		cmp	r3, r1
 1810              	.LBB583:
 1811              	.LBB571:
 1812              	.LBB567:
 1813              	.LBB564:
 1814              	.LBB563:
 359:../../libDaisy/src/dev/oled_ssd130x.h ****     }
 1815              		.loc 8 359 42 view .LVU403
 1816 00e6 2775     		strb	r7, [r4, #20]
 1817              	.LVL145:
 359:../../libDaisy/src/dev/oled_ssd130x.h ****     }
 1818              		.loc 8 359 42 view .LVU404
 1819              	.LBE563:
 1820              	.LBE564:
 1821              	.LBE567:
 1822              	.LBE571:
 1823              	.LBE583:
 239:../../libDaisy/src/hid/disp/display.h ****         {
 1824              		.loc 9 239 26 is_stmt 1 view .LVU405
 1825 00e8 BFD0     		beq	.L135
 1826 00ea C0E7     		b	.L122
 1827              		.cfi_endproc
 1828              	.LFE2450:
 1830              		.section	.text._ZN5daisy25OneBitGraphicsDisplayImplINS_11OledDisplayINS_13SSD130xDriverILj128ELj64
 1831              		.align	1
 1832              		.p2align 2,,3
ARM GAS  /tmp/ccuCWtjx.s 			page 61


 1833              		.weak	_ZN5daisy25OneBitGraphicsDisplayImplINS_11OledDisplayINS_13SSD130xDriverILj128ELj64ENS_24SSD
 1834              		.syntax unified
 1835              		.thumb
 1836              		.thumb_func
 1838              	_ZN5daisy25OneBitGraphicsDisplayImplINS_11OledDisplayINS_13SSD130xDriverILj128ELj64ENS_24SSD130x4Wi
 1839              	.LVL146:
 1840              	.LFB2452:
 283:../../libDaisy/src/hid/disp/display.h ****                  uint_fast8_t y,
 1841              		.loc 9 283 10 view -0
 1842              		.cfi_startproc
 1843              		@ args = 12, pretend = 0, frame = 8
 1844              		@ frame_needed = 0, uses_anonymous_args = 0
 283:../../libDaisy/src/hid/disp/display.h ****                  uint_fast8_t y,
 1845              		.loc 9 283 10 is_stmt 0 view .LVU407
 1846 0000 2DE9F04F 		push	{r4, r5, r6, r7, r8, r9, r10, fp, lr}
 1847              		.cfi_def_cfa_offset 36
 1848              		.cfi_offset 4, -36
 1849              		.cfi_offset 5, -32
 1850              		.cfi_offset 6, -28
 1851              		.cfi_offset 7, -24
 1852              		.cfi_offset 8, -20
 1853              		.cfi_offset 9, -16
 1854              		.cfi_offset 10, -12
 1855              		.cfi_offset 11, -8
 1856              		.cfi_offset 14, -4
 1857 0004 2DED068B 		vpush.64	{d8, d9, d10}
 1858              		.cfi_def_cfa_offset 60
 1859              		.cfi_offset 80, -60
 1860              		.cfi_offset 81, -56
 1861              		.cfi_offset 82, -52
 1862              		.cfi_offset 83, -48
 1863              		.cfi_offset 84, -44
 1864              		.cfi_offset 85, -40
 1865 0008 83B0     		sub	sp, sp, #12
 1866              		.cfi_def_cfa_offset 72
 283:../../libDaisy/src/hid/disp/display.h ****                  uint_fast8_t y,
 1867              		.loc 9 283 10 view .LVU408
 1868 000a 1646     		mov	r6, r2
 1869 000c 9846     		mov	r8, r3
 1870 000e 0D46     		mov	r5, r1
 1871 0010 9DF85070 		ldrb	r7, [sp, #80]	@ zero_extendqisi2
 1872 0014 0190     		str	r0, [sp, #4]
 308:../../libDaisy/src/hid/disp/display.h ****             sweep = -sweep;
 1873              		.loc 9 308 25 view .LVU409
 1874 0016 DDE91223 		ldrd	r2, r3, [sp, #72]
 1875              	.LVL147:
 308:../../libDaisy/src/hid/disp/display.h ****             sweep = -sweep;
 1876              		.loc 9 308 25 view .LVU410
 1877 001a 1344     		add	r3, r3, r2
 306:../../libDaisy/src/hid/disp/display.h ****         {
 1878              		.loc 9 306 9 view .LVU411
 1879 001c 139A     		ldr	r2, [sp, #76]
 1880 001e 002A     		cmp	r2, #0
 1881 0020 04DA     		bge	.L137
 1882              	.LVL148:
 309:../../libDaisy/src/hid/disp/display.h ****         }
 1883              		.loc 9 309 19 view .LVU412
ARM GAS  /tmp/ccuCWtjx.s 			page 62


 1884 0022 5242     		rsbs	r2, r2, #0
 1885 0024 1392     		str	r2, [sp, #76]
 1886              	.LVL149:
 309:../../libDaisy/src/hid/disp/display.h ****         }
 1887              		.loc 9 309 19 view .LVU413
 1888 0026 129A     		ldr	r2, [sp, #72]
 1889              	.LVL150:
 308:../../libDaisy/src/hid/disp/display.h ****             sweep = -sweep;
 1890              		.loc 9 308 25 view .LVU414
 1891 0028 1293     		str	r3, [sp, #72]
 1892 002a 1346     		mov	r3, r2
 1893              	.LVL151:
 1894              	.L137:
 313:../../libDaisy/src/hid/disp/display.h **** 
 1895              		.loc 9 313 27 view .LVU415
 1896 002c 07EE903A 		vmov	s15, r3	@ int
 1897 0030 B8EEE76B 		vcvt.f64.s32	d6, s15
 312:../../libDaisy/src/hid/disp/display.h ****         end_angle_rad   = deg2rad(start_angle + sweep);
 1898              		.loc 9 312 27 view .LVU416
 1899 0034 DDED127A 		vldr.32	s15, [sp, #72]	@ int
 1900 0038 9FEDC15B 		vldr.64	d5, .L212
 1901 003c B8EEE77B 		vcvt.f64.s32	d7, s15
 1902 0040 9FEDC14B 		vldr.64	d4, .L212+8
 1903 0044 27EE057B 		vmul.f64	d7, d7, d5
 313:../../libDaisy/src/hid/disp/display.h **** 
 1904              		.loc 9 313 27 view .LVU417
 1905 0048 26EE056B 		vmul.f64	d6, d6, d5
 312:../../libDaisy/src/hid/disp/display.h ****         end_angle_rad   = deg2rad(start_angle + sweep);
 1906              		.loc 9 312 27 view .LVU418
 1907 004c 87EE040B 		vdiv.f64	d0, d7, d4
 313:../../libDaisy/src/hid/disp/display.h **** 
 1908              		.loc 9 313 27 view .LVU419
 1909 0050 86EE045B 		vdiv.f64	d5, d6, d4
 312:../../libDaisy/src/hid/disp/display.h ****         end_angle_rad   = deg2rad(start_angle + sweep);
 1910              		.loc 9 312 25 view .LVU420
 1911 0054 F7EEC08B 		vcvt.f32.f64	s17, d0
 1912              	.LVL152:
 1913              	.LBB616:
 1914              	.LBB617:
 1915              		.file 10 "/usr/arm-none-eabi/include/c++/14.2.0/cmath"
   1:/usr/arm-none-eabi/include/c++/14.2.0/cmath **** // -*- C++ -*- C forwarding header.
   2:/usr/arm-none-eabi/include/c++/14.2.0/cmath **** 
   3:/usr/arm-none-eabi/include/c++/14.2.0/cmath **** // Copyright (C) 1997-2024 Free Software Foundation, Inc.
   4:/usr/arm-none-eabi/include/c++/14.2.0/cmath **** //
   5:/usr/arm-none-eabi/include/c++/14.2.0/cmath **** // This file is part of the GNU ISO C++ Library.  This library is free
   6:/usr/arm-none-eabi/include/c++/14.2.0/cmath **** // software; you can redistribute it and/or modify it under the
   7:/usr/arm-none-eabi/include/c++/14.2.0/cmath **** // terms of the GNU General Public License as published by the
   8:/usr/arm-none-eabi/include/c++/14.2.0/cmath **** // Free Software Foundation; either version 3, or (at your option)
   9:/usr/arm-none-eabi/include/c++/14.2.0/cmath **** // any later version.
  10:/usr/arm-none-eabi/include/c++/14.2.0/cmath **** 
  11:/usr/arm-none-eabi/include/c++/14.2.0/cmath **** // This library is distributed in the hope that it will be useful,
  12:/usr/arm-none-eabi/include/c++/14.2.0/cmath **** // but WITHOUT ANY WARRANTY; without even the implied warranty of
  13:/usr/arm-none-eabi/include/c++/14.2.0/cmath **** // MERCHANTABILITY or FITNESS FOR A PARTICULAR PURPOSE.  See the
  14:/usr/arm-none-eabi/include/c++/14.2.0/cmath **** // GNU General Public License for more details.
  15:/usr/arm-none-eabi/include/c++/14.2.0/cmath **** 
  16:/usr/arm-none-eabi/include/c++/14.2.0/cmath **** // Under Section 7 of GPL version 3, you are granted additional
  17:/usr/arm-none-eabi/include/c++/14.2.0/cmath **** // permissions described in the GCC Runtime Library Exception, version
ARM GAS  /tmp/ccuCWtjx.s 			page 63


  18:/usr/arm-none-eabi/include/c++/14.2.0/cmath **** // 3.1, as published by the Free Software Foundation.
  19:/usr/arm-none-eabi/include/c++/14.2.0/cmath **** 
  20:/usr/arm-none-eabi/include/c++/14.2.0/cmath **** // You should have received a copy of the GNU General Public License and
  21:/usr/arm-none-eabi/include/c++/14.2.0/cmath **** // a copy of the GCC Runtime Library Exception along with this program;
  22:/usr/arm-none-eabi/include/c++/14.2.0/cmath **** // see the files COPYING3 and COPYING.RUNTIME respectively.  If not, see
  23:/usr/arm-none-eabi/include/c++/14.2.0/cmath **** // <http://www.gnu.org/licenses/>.
  24:/usr/arm-none-eabi/include/c++/14.2.0/cmath **** 
  25:/usr/arm-none-eabi/include/c++/14.2.0/cmath **** /** @file include/cmath
  26:/usr/arm-none-eabi/include/c++/14.2.0/cmath ****  *  This is a Standard C++ Library file.  You should @c \#include this file
  27:/usr/arm-none-eabi/include/c++/14.2.0/cmath ****  *  in your programs, rather than any of the @a *.h implementation files.
  28:/usr/arm-none-eabi/include/c++/14.2.0/cmath ****  *
  29:/usr/arm-none-eabi/include/c++/14.2.0/cmath ****  *  This is the C++ version of the Standard C Library header @c math.h,
  30:/usr/arm-none-eabi/include/c++/14.2.0/cmath ****  *  and its contents are (mostly) the same as that header, but are all
  31:/usr/arm-none-eabi/include/c++/14.2.0/cmath ****  *  contained in the namespace @c std (except for names which are defined
  32:/usr/arm-none-eabi/include/c++/14.2.0/cmath ****  *  as macros in C).
  33:/usr/arm-none-eabi/include/c++/14.2.0/cmath ****  */
  34:/usr/arm-none-eabi/include/c++/14.2.0/cmath **** 
  35:/usr/arm-none-eabi/include/c++/14.2.0/cmath **** //
  36:/usr/arm-none-eabi/include/c++/14.2.0/cmath **** // ISO C++ 14882: 26.5  C library
  37:/usr/arm-none-eabi/include/c++/14.2.0/cmath **** //
  38:/usr/arm-none-eabi/include/c++/14.2.0/cmath **** 
  39:/usr/arm-none-eabi/include/c++/14.2.0/cmath **** #pragma GCC system_header
  40:/usr/arm-none-eabi/include/c++/14.2.0/cmath **** 
  41:/usr/arm-none-eabi/include/c++/14.2.0/cmath **** #include <bits/requires_hosted.h>
  42:/usr/arm-none-eabi/include/c++/14.2.0/cmath **** 
  43:/usr/arm-none-eabi/include/c++/14.2.0/cmath **** #include <bits/c++config.h>
  44:/usr/arm-none-eabi/include/c++/14.2.0/cmath **** #include <bits/cpp_type_traits.h>
  45:/usr/arm-none-eabi/include/c++/14.2.0/cmath **** #include <ext/type_traits.h>
  46:/usr/arm-none-eabi/include/c++/14.2.0/cmath **** #define _GLIBCXX_INCLUDE_NEXT_C_HEADERS
  47:/usr/arm-none-eabi/include/c++/14.2.0/cmath **** #include_next <math.h>
  48:/usr/arm-none-eabi/include/c++/14.2.0/cmath **** #undef _GLIBCXX_INCLUDE_NEXT_C_HEADERS
  49:/usr/arm-none-eabi/include/c++/14.2.0/cmath **** #include <bits/std_abs.h>
  50:/usr/arm-none-eabi/include/c++/14.2.0/cmath **** 
  51:/usr/arm-none-eabi/include/c++/14.2.0/cmath **** #ifndef _GLIBCXX_CMATH
  52:/usr/arm-none-eabi/include/c++/14.2.0/cmath **** #define _GLIBCXX_CMATH 1
  53:/usr/arm-none-eabi/include/c++/14.2.0/cmath **** 
  54:/usr/arm-none-eabi/include/c++/14.2.0/cmath **** #define __glibcxx_want_hypot
  55:/usr/arm-none-eabi/include/c++/14.2.0/cmath **** #define __glibcxx_want_interpolate
  56:/usr/arm-none-eabi/include/c++/14.2.0/cmath **** #include <bits/version.h>
  57:/usr/arm-none-eabi/include/c++/14.2.0/cmath **** 
  58:/usr/arm-none-eabi/include/c++/14.2.0/cmath **** // Get rid of those macros defined in <math.h> in lieu of real functions.
  59:/usr/arm-none-eabi/include/c++/14.2.0/cmath **** #undef div
  60:/usr/arm-none-eabi/include/c++/14.2.0/cmath **** #undef acos
  61:/usr/arm-none-eabi/include/c++/14.2.0/cmath **** #undef asin
  62:/usr/arm-none-eabi/include/c++/14.2.0/cmath **** #undef atan
  63:/usr/arm-none-eabi/include/c++/14.2.0/cmath **** #undef atan2
  64:/usr/arm-none-eabi/include/c++/14.2.0/cmath **** #undef ceil
  65:/usr/arm-none-eabi/include/c++/14.2.0/cmath **** #undef cos
  66:/usr/arm-none-eabi/include/c++/14.2.0/cmath **** #undef cosh
  67:/usr/arm-none-eabi/include/c++/14.2.0/cmath **** #undef exp
  68:/usr/arm-none-eabi/include/c++/14.2.0/cmath **** #undef fabs
  69:/usr/arm-none-eabi/include/c++/14.2.0/cmath **** #undef floor
  70:/usr/arm-none-eabi/include/c++/14.2.0/cmath **** #undef fmod
  71:/usr/arm-none-eabi/include/c++/14.2.0/cmath **** #undef frexp
  72:/usr/arm-none-eabi/include/c++/14.2.0/cmath **** #undef ldexp
  73:/usr/arm-none-eabi/include/c++/14.2.0/cmath **** #undef log
  74:/usr/arm-none-eabi/include/c++/14.2.0/cmath **** #undef log10
ARM GAS  /tmp/ccuCWtjx.s 			page 64


  75:/usr/arm-none-eabi/include/c++/14.2.0/cmath **** #undef modf
  76:/usr/arm-none-eabi/include/c++/14.2.0/cmath **** #undef pow
  77:/usr/arm-none-eabi/include/c++/14.2.0/cmath **** #undef sin
  78:/usr/arm-none-eabi/include/c++/14.2.0/cmath **** #undef sinh
  79:/usr/arm-none-eabi/include/c++/14.2.0/cmath **** #undef sqrt
  80:/usr/arm-none-eabi/include/c++/14.2.0/cmath **** #undef tan
  81:/usr/arm-none-eabi/include/c++/14.2.0/cmath **** #undef tanh
  82:/usr/arm-none-eabi/include/c++/14.2.0/cmath **** 
  83:/usr/arm-none-eabi/include/c++/14.2.0/cmath **** extern "C++"
  84:/usr/arm-none-eabi/include/c++/14.2.0/cmath **** {
  85:/usr/arm-none-eabi/include/c++/14.2.0/cmath **** namespace std _GLIBCXX_VISIBILITY(default)
  86:/usr/arm-none-eabi/include/c++/14.2.0/cmath **** {
  87:/usr/arm-none-eabi/include/c++/14.2.0/cmath **** _GLIBCXX_BEGIN_NAMESPACE_VERSION
  88:/usr/arm-none-eabi/include/c++/14.2.0/cmath **** 
  89:/usr/arm-none-eabi/include/c++/14.2.0/cmath ****   using ::acos;
  90:/usr/arm-none-eabi/include/c++/14.2.0/cmath **** 
  91:/usr/arm-none-eabi/include/c++/14.2.0/cmath **** #ifndef __CORRECT_ISO_CPP_MATH_H_PROTO
  92:/usr/arm-none-eabi/include/c++/14.2.0/cmath ****   inline _GLIBCXX_CONSTEXPR float
  93:/usr/arm-none-eabi/include/c++/14.2.0/cmath ****   acos(float __x)
  94:/usr/arm-none-eabi/include/c++/14.2.0/cmath ****   { return __builtin_acosf(__x); }
  95:/usr/arm-none-eabi/include/c++/14.2.0/cmath **** 
  96:/usr/arm-none-eabi/include/c++/14.2.0/cmath ****   inline _GLIBCXX_CONSTEXPR long double
  97:/usr/arm-none-eabi/include/c++/14.2.0/cmath ****   acos(long double __x)
  98:/usr/arm-none-eabi/include/c++/14.2.0/cmath ****   { return __builtin_acosl(__x); }
  99:/usr/arm-none-eabi/include/c++/14.2.0/cmath **** #endif
 100:/usr/arm-none-eabi/include/c++/14.2.0/cmath **** 
 101:/usr/arm-none-eabi/include/c++/14.2.0/cmath ****   template<typename _Tp>
 102:/usr/arm-none-eabi/include/c++/14.2.0/cmath ****     inline _GLIBCXX_CONSTEXPR
 103:/usr/arm-none-eabi/include/c++/14.2.0/cmath ****     typename __gnu_cxx::__enable_if<__is_integer<_Tp>::__value, 
 104:/usr/arm-none-eabi/include/c++/14.2.0/cmath ****                                     double>::__type
 105:/usr/arm-none-eabi/include/c++/14.2.0/cmath ****     acos(_Tp __x)
 106:/usr/arm-none-eabi/include/c++/14.2.0/cmath ****     { return __builtin_acos(__x); }
 107:/usr/arm-none-eabi/include/c++/14.2.0/cmath **** 
 108:/usr/arm-none-eabi/include/c++/14.2.0/cmath ****   using ::asin;
 109:/usr/arm-none-eabi/include/c++/14.2.0/cmath **** 
 110:/usr/arm-none-eabi/include/c++/14.2.0/cmath **** #ifndef __CORRECT_ISO_CPP_MATH_H_PROTO
 111:/usr/arm-none-eabi/include/c++/14.2.0/cmath ****   inline _GLIBCXX_CONSTEXPR float
 112:/usr/arm-none-eabi/include/c++/14.2.0/cmath ****   asin(float __x)
 113:/usr/arm-none-eabi/include/c++/14.2.0/cmath ****   { return __builtin_asinf(__x); }
 114:/usr/arm-none-eabi/include/c++/14.2.0/cmath **** 
 115:/usr/arm-none-eabi/include/c++/14.2.0/cmath ****   inline _GLIBCXX_CONSTEXPR long double
 116:/usr/arm-none-eabi/include/c++/14.2.0/cmath ****   asin(long double __x)
 117:/usr/arm-none-eabi/include/c++/14.2.0/cmath ****   { return __builtin_asinl(__x); }
 118:/usr/arm-none-eabi/include/c++/14.2.0/cmath **** #endif
 119:/usr/arm-none-eabi/include/c++/14.2.0/cmath **** 
 120:/usr/arm-none-eabi/include/c++/14.2.0/cmath ****   template<typename _Tp>
 121:/usr/arm-none-eabi/include/c++/14.2.0/cmath ****     inline _GLIBCXX_CONSTEXPR
 122:/usr/arm-none-eabi/include/c++/14.2.0/cmath ****     typename __gnu_cxx::__enable_if<__is_integer<_Tp>::__value,
 123:/usr/arm-none-eabi/include/c++/14.2.0/cmath ****                                     double>::__type
 124:/usr/arm-none-eabi/include/c++/14.2.0/cmath ****     asin(_Tp __x)
 125:/usr/arm-none-eabi/include/c++/14.2.0/cmath ****     { return __builtin_asin(__x); }
 126:/usr/arm-none-eabi/include/c++/14.2.0/cmath **** 
 127:/usr/arm-none-eabi/include/c++/14.2.0/cmath ****   using ::atan;
 128:/usr/arm-none-eabi/include/c++/14.2.0/cmath **** 
 129:/usr/arm-none-eabi/include/c++/14.2.0/cmath **** #ifndef __CORRECT_ISO_CPP_MATH_H_PROTO
 130:/usr/arm-none-eabi/include/c++/14.2.0/cmath ****   inline _GLIBCXX_CONSTEXPR float
 131:/usr/arm-none-eabi/include/c++/14.2.0/cmath ****   atan(float __x)
ARM GAS  /tmp/ccuCWtjx.s 			page 65


 132:/usr/arm-none-eabi/include/c++/14.2.0/cmath ****   { return __builtin_atanf(__x); }
 133:/usr/arm-none-eabi/include/c++/14.2.0/cmath **** 
 134:/usr/arm-none-eabi/include/c++/14.2.0/cmath ****   inline _GLIBCXX_CONSTEXPR long double
 135:/usr/arm-none-eabi/include/c++/14.2.0/cmath ****   atan(long double __x)
 136:/usr/arm-none-eabi/include/c++/14.2.0/cmath ****   { return __builtin_atanl(__x); }
 137:/usr/arm-none-eabi/include/c++/14.2.0/cmath **** #endif
 138:/usr/arm-none-eabi/include/c++/14.2.0/cmath **** 
 139:/usr/arm-none-eabi/include/c++/14.2.0/cmath ****   template<typename _Tp>
 140:/usr/arm-none-eabi/include/c++/14.2.0/cmath ****     inline _GLIBCXX_CONSTEXPR
 141:/usr/arm-none-eabi/include/c++/14.2.0/cmath ****     typename __gnu_cxx::__enable_if<__is_integer<_Tp>::__value,
 142:/usr/arm-none-eabi/include/c++/14.2.0/cmath ****                                     double>::__type
 143:/usr/arm-none-eabi/include/c++/14.2.0/cmath ****     atan(_Tp __x)
 144:/usr/arm-none-eabi/include/c++/14.2.0/cmath ****     { return __builtin_atan(__x); }
 145:/usr/arm-none-eabi/include/c++/14.2.0/cmath **** 
 146:/usr/arm-none-eabi/include/c++/14.2.0/cmath ****   using ::atan2;
 147:/usr/arm-none-eabi/include/c++/14.2.0/cmath **** 
 148:/usr/arm-none-eabi/include/c++/14.2.0/cmath **** #ifndef __CORRECT_ISO_CPP_MATH_H_PROTO
 149:/usr/arm-none-eabi/include/c++/14.2.0/cmath ****   inline _GLIBCXX_CONSTEXPR float
 150:/usr/arm-none-eabi/include/c++/14.2.0/cmath ****   atan2(float __y, float __x)
 151:/usr/arm-none-eabi/include/c++/14.2.0/cmath ****   { return __builtin_atan2f(__y, __x); }
 152:/usr/arm-none-eabi/include/c++/14.2.0/cmath **** 
 153:/usr/arm-none-eabi/include/c++/14.2.0/cmath ****   inline _GLIBCXX_CONSTEXPR long double
 154:/usr/arm-none-eabi/include/c++/14.2.0/cmath ****   atan2(long double __y, long double __x)
 155:/usr/arm-none-eabi/include/c++/14.2.0/cmath ****   { return __builtin_atan2l(__y, __x); }
 156:/usr/arm-none-eabi/include/c++/14.2.0/cmath **** #endif
 157:/usr/arm-none-eabi/include/c++/14.2.0/cmath **** 
 158:/usr/arm-none-eabi/include/c++/14.2.0/cmath ****   using ::ceil;
 159:/usr/arm-none-eabi/include/c++/14.2.0/cmath **** 
 160:/usr/arm-none-eabi/include/c++/14.2.0/cmath **** #ifndef __CORRECT_ISO_CPP_MATH_H_PROTO
 161:/usr/arm-none-eabi/include/c++/14.2.0/cmath ****   inline _GLIBCXX_CONSTEXPR float
 162:/usr/arm-none-eabi/include/c++/14.2.0/cmath ****   ceil(float __x)
 163:/usr/arm-none-eabi/include/c++/14.2.0/cmath ****   { return __builtin_ceilf(__x); }
 164:/usr/arm-none-eabi/include/c++/14.2.0/cmath **** 
 165:/usr/arm-none-eabi/include/c++/14.2.0/cmath ****   inline _GLIBCXX_CONSTEXPR long double
 166:/usr/arm-none-eabi/include/c++/14.2.0/cmath ****   ceil(long double __x)
 167:/usr/arm-none-eabi/include/c++/14.2.0/cmath ****   { return __builtin_ceill(__x); }
 168:/usr/arm-none-eabi/include/c++/14.2.0/cmath **** #endif
 169:/usr/arm-none-eabi/include/c++/14.2.0/cmath **** 
 170:/usr/arm-none-eabi/include/c++/14.2.0/cmath ****   template<typename _Tp>
 171:/usr/arm-none-eabi/include/c++/14.2.0/cmath ****     inline _GLIBCXX_CONSTEXPR
 172:/usr/arm-none-eabi/include/c++/14.2.0/cmath ****     typename __gnu_cxx::__enable_if<__is_integer<_Tp>::__value, 
 173:/usr/arm-none-eabi/include/c++/14.2.0/cmath ****                                     double>::__type
 174:/usr/arm-none-eabi/include/c++/14.2.0/cmath ****     ceil(_Tp __x)
 175:/usr/arm-none-eabi/include/c++/14.2.0/cmath ****     { return __builtin_ceil(__x); }
 176:/usr/arm-none-eabi/include/c++/14.2.0/cmath **** 
 177:/usr/arm-none-eabi/include/c++/14.2.0/cmath ****   using ::cos;
 178:/usr/arm-none-eabi/include/c++/14.2.0/cmath **** 
 179:/usr/arm-none-eabi/include/c++/14.2.0/cmath **** #ifndef __CORRECT_ISO_CPP_MATH_H_PROTO
 180:/usr/arm-none-eabi/include/c++/14.2.0/cmath ****   inline _GLIBCXX_CONSTEXPR float
 181:/usr/arm-none-eabi/include/c++/14.2.0/cmath ****   cos(float __x)
 182:/usr/arm-none-eabi/include/c++/14.2.0/cmath ****   { return __builtin_cosf(__x); }
 1916              		.loc 10 182 26 view .LVU421
 1917 0058 B0EE680A 		vmov.f32	s0, s17
 1918              	.LBE617:
 1919              	.LBE616:
 313:../../libDaisy/src/hid/disp/display.h **** 
 1920              		.loc 9 313 25 view .LVU422
ARM GAS  /tmp/ccuCWtjx.s 			page 66


 1921 005c B7EEC5AB 		vcvt.f32.f64	s20, d5
 1922              	.LVL153:
 1923              	.LBB620:
 1924              	.LBI616:
 181:/usr/arm-none-eabi/include/c++/14.2.0/cmath ****   { return __builtin_cosf(__x); }
 1925              		.loc 10 181 3 is_stmt 1 view .LVU423
 1926              	.LBB618:
 1927              		.loc 10 182 5 view .LVU424
 1928              		.loc 10 182 26 is_stmt 0 view .LVU425
 1929 0060 FFF7FEFF 		bl	cosf
 1930              	.LVL154:
 1931              		.loc 10 182 26 view .LVU426
 1932              	.LBE618:
 1933              	.LBE620:
 315:../../libDaisy/src/hid/disp/display.h ****         start_y = -sin(start_angle_rad) * radius;
 1934              		.loc 9 315 17 discriminator 1 view .LVU427
 1935 0064 07EE908A 		vmov	s15, r8	@ int
 1936              	.LBB621:
 1937              	.LBB619:
 1938              		.loc 10 182 26 view .LVU428
 1939 0068 B0EE408A 		vmov.f32	s16, s0
 1940              	.LBE619:
 1941              	.LBE621:
 1942              	.LBB622:
 1943              	.LBB623:
 183:/usr/arm-none-eabi/include/c++/14.2.0/cmath **** 
 184:/usr/arm-none-eabi/include/c++/14.2.0/cmath ****   inline _GLIBCXX_CONSTEXPR long double
 185:/usr/arm-none-eabi/include/c++/14.2.0/cmath ****   cos(long double __x)
 186:/usr/arm-none-eabi/include/c++/14.2.0/cmath ****   { return __builtin_cosl(__x); }
 187:/usr/arm-none-eabi/include/c++/14.2.0/cmath **** #endif
 188:/usr/arm-none-eabi/include/c++/14.2.0/cmath **** 
 189:/usr/arm-none-eabi/include/c++/14.2.0/cmath ****   template<typename _Tp>
 190:/usr/arm-none-eabi/include/c++/14.2.0/cmath ****     inline _GLIBCXX_CONSTEXPR
 191:/usr/arm-none-eabi/include/c++/14.2.0/cmath ****     typename __gnu_cxx::__enable_if<__is_integer<_Tp>::__value,
 192:/usr/arm-none-eabi/include/c++/14.2.0/cmath ****                                     double>::__type
 193:/usr/arm-none-eabi/include/c++/14.2.0/cmath ****     cos(_Tp __x)
 194:/usr/arm-none-eabi/include/c++/14.2.0/cmath ****     { return __builtin_cos(__x); }
 195:/usr/arm-none-eabi/include/c++/14.2.0/cmath **** 
 196:/usr/arm-none-eabi/include/c++/14.2.0/cmath ****   using ::cosh;
 197:/usr/arm-none-eabi/include/c++/14.2.0/cmath **** 
 198:/usr/arm-none-eabi/include/c++/14.2.0/cmath **** #ifndef __CORRECT_ISO_CPP_MATH_H_PROTO
 199:/usr/arm-none-eabi/include/c++/14.2.0/cmath ****   inline _GLIBCXX_CONSTEXPR float
 200:/usr/arm-none-eabi/include/c++/14.2.0/cmath ****   cosh(float __x)
 201:/usr/arm-none-eabi/include/c++/14.2.0/cmath ****   { return __builtin_coshf(__x); }
 202:/usr/arm-none-eabi/include/c++/14.2.0/cmath **** 
 203:/usr/arm-none-eabi/include/c++/14.2.0/cmath ****   inline _GLIBCXX_CONSTEXPR long double
 204:/usr/arm-none-eabi/include/c++/14.2.0/cmath ****   cosh(long double __x)
 205:/usr/arm-none-eabi/include/c++/14.2.0/cmath ****   { return __builtin_coshl(__x); }
 206:/usr/arm-none-eabi/include/c++/14.2.0/cmath **** #endif
 207:/usr/arm-none-eabi/include/c++/14.2.0/cmath **** 
 208:/usr/arm-none-eabi/include/c++/14.2.0/cmath ****   template<typename _Tp>
 209:/usr/arm-none-eabi/include/c++/14.2.0/cmath ****     inline _GLIBCXX_CONSTEXPR
 210:/usr/arm-none-eabi/include/c++/14.2.0/cmath ****     typename __gnu_cxx::__enable_if<__is_integer<_Tp>::__value,
 211:/usr/arm-none-eabi/include/c++/14.2.0/cmath ****                                     double>::__type
 212:/usr/arm-none-eabi/include/c++/14.2.0/cmath ****     cosh(_Tp __x)
 213:/usr/arm-none-eabi/include/c++/14.2.0/cmath ****     { return __builtin_cosh(__x); }
 214:/usr/arm-none-eabi/include/c++/14.2.0/cmath **** 
ARM GAS  /tmp/ccuCWtjx.s 			page 67


 215:/usr/arm-none-eabi/include/c++/14.2.0/cmath ****   using ::exp;
 216:/usr/arm-none-eabi/include/c++/14.2.0/cmath **** 
 217:/usr/arm-none-eabi/include/c++/14.2.0/cmath **** #ifndef __CORRECT_ISO_CPP_MATH_H_PROTO
 218:/usr/arm-none-eabi/include/c++/14.2.0/cmath ****   inline _GLIBCXX_CONSTEXPR float
 219:/usr/arm-none-eabi/include/c++/14.2.0/cmath ****   exp(float __x)
 220:/usr/arm-none-eabi/include/c++/14.2.0/cmath ****   { return __builtin_expf(__x); }
 221:/usr/arm-none-eabi/include/c++/14.2.0/cmath **** 
 222:/usr/arm-none-eabi/include/c++/14.2.0/cmath ****   inline _GLIBCXX_CONSTEXPR long double
 223:/usr/arm-none-eabi/include/c++/14.2.0/cmath ****   exp(long double __x)
 224:/usr/arm-none-eabi/include/c++/14.2.0/cmath ****   { return __builtin_expl(__x); }
 225:/usr/arm-none-eabi/include/c++/14.2.0/cmath **** #endif
 226:/usr/arm-none-eabi/include/c++/14.2.0/cmath **** 
 227:/usr/arm-none-eabi/include/c++/14.2.0/cmath ****   template<typename _Tp>
 228:/usr/arm-none-eabi/include/c++/14.2.0/cmath ****     inline _GLIBCXX_CONSTEXPR
 229:/usr/arm-none-eabi/include/c++/14.2.0/cmath ****     typename __gnu_cxx::__enable_if<__is_integer<_Tp>::__value,
 230:/usr/arm-none-eabi/include/c++/14.2.0/cmath ****                                     double>::__type
 231:/usr/arm-none-eabi/include/c++/14.2.0/cmath ****     exp(_Tp __x)
 232:/usr/arm-none-eabi/include/c++/14.2.0/cmath ****     { return __builtin_exp(__x); }
 233:/usr/arm-none-eabi/include/c++/14.2.0/cmath **** 
 234:/usr/arm-none-eabi/include/c++/14.2.0/cmath ****   using ::fabs;
 235:/usr/arm-none-eabi/include/c++/14.2.0/cmath **** 
 236:/usr/arm-none-eabi/include/c++/14.2.0/cmath **** #ifndef __CORRECT_ISO_CPP_MATH_H_PROTO
 237:/usr/arm-none-eabi/include/c++/14.2.0/cmath ****   inline _GLIBCXX_CONSTEXPR float
 238:/usr/arm-none-eabi/include/c++/14.2.0/cmath ****   fabs(float __x)
 239:/usr/arm-none-eabi/include/c++/14.2.0/cmath ****   { return __builtin_fabsf(__x); }
 240:/usr/arm-none-eabi/include/c++/14.2.0/cmath **** 
 241:/usr/arm-none-eabi/include/c++/14.2.0/cmath ****   inline _GLIBCXX_CONSTEXPR long double
 242:/usr/arm-none-eabi/include/c++/14.2.0/cmath ****   fabs(long double __x)
 243:/usr/arm-none-eabi/include/c++/14.2.0/cmath ****   { return __builtin_fabsl(__x); }
 244:/usr/arm-none-eabi/include/c++/14.2.0/cmath **** #endif
 245:/usr/arm-none-eabi/include/c++/14.2.0/cmath **** 
 246:/usr/arm-none-eabi/include/c++/14.2.0/cmath ****   template<typename _Tp>
 247:/usr/arm-none-eabi/include/c++/14.2.0/cmath ****     inline _GLIBCXX_CONSTEXPR
 248:/usr/arm-none-eabi/include/c++/14.2.0/cmath ****     typename __gnu_cxx::__enable_if<__is_integer<_Tp>::__value,
 249:/usr/arm-none-eabi/include/c++/14.2.0/cmath ****                                     double>::__type
 250:/usr/arm-none-eabi/include/c++/14.2.0/cmath ****     fabs(_Tp __x)
 251:/usr/arm-none-eabi/include/c++/14.2.0/cmath ****     { return __builtin_fabs(__x); }
 252:/usr/arm-none-eabi/include/c++/14.2.0/cmath **** 
 253:/usr/arm-none-eabi/include/c++/14.2.0/cmath ****   using ::floor;
 254:/usr/arm-none-eabi/include/c++/14.2.0/cmath **** 
 255:/usr/arm-none-eabi/include/c++/14.2.0/cmath **** #ifndef __CORRECT_ISO_CPP_MATH_H_PROTO
 256:/usr/arm-none-eabi/include/c++/14.2.0/cmath ****   inline _GLIBCXX_CONSTEXPR float
 257:/usr/arm-none-eabi/include/c++/14.2.0/cmath ****   floor(float __x)
 258:/usr/arm-none-eabi/include/c++/14.2.0/cmath ****   { return __builtin_floorf(__x); }
 259:/usr/arm-none-eabi/include/c++/14.2.0/cmath **** 
 260:/usr/arm-none-eabi/include/c++/14.2.0/cmath ****   inline _GLIBCXX_CONSTEXPR long double
 261:/usr/arm-none-eabi/include/c++/14.2.0/cmath ****   floor(long double __x)
 262:/usr/arm-none-eabi/include/c++/14.2.0/cmath ****   { return __builtin_floorl(__x); }
 263:/usr/arm-none-eabi/include/c++/14.2.0/cmath **** #endif
 264:/usr/arm-none-eabi/include/c++/14.2.0/cmath **** 
 265:/usr/arm-none-eabi/include/c++/14.2.0/cmath ****   template<typename _Tp>
 266:/usr/arm-none-eabi/include/c++/14.2.0/cmath ****     inline _GLIBCXX_CONSTEXPR
 267:/usr/arm-none-eabi/include/c++/14.2.0/cmath ****     typename __gnu_cxx::__enable_if<__is_integer<_Tp>::__value,
 268:/usr/arm-none-eabi/include/c++/14.2.0/cmath ****                                     double>::__type
 269:/usr/arm-none-eabi/include/c++/14.2.0/cmath ****     floor(_Tp __x)
 270:/usr/arm-none-eabi/include/c++/14.2.0/cmath ****     { return __builtin_floor(__x); }
 271:/usr/arm-none-eabi/include/c++/14.2.0/cmath **** 
ARM GAS  /tmp/ccuCWtjx.s 			page 68


 272:/usr/arm-none-eabi/include/c++/14.2.0/cmath ****   using ::fmod;
 273:/usr/arm-none-eabi/include/c++/14.2.0/cmath **** 
 274:/usr/arm-none-eabi/include/c++/14.2.0/cmath **** #ifndef __CORRECT_ISO_CPP_MATH_H_PROTO
 275:/usr/arm-none-eabi/include/c++/14.2.0/cmath ****   inline _GLIBCXX_CONSTEXPR float
 276:/usr/arm-none-eabi/include/c++/14.2.0/cmath ****   fmod(float __x, float __y)
 277:/usr/arm-none-eabi/include/c++/14.2.0/cmath ****   { return __builtin_fmodf(__x, __y); }
 278:/usr/arm-none-eabi/include/c++/14.2.0/cmath **** 
 279:/usr/arm-none-eabi/include/c++/14.2.0/cmath ****   inline _GLIBCXX_CONSTEXPR long double
 280:/usr/arm-none-eabi/include/c++/14.2.0/cmath ****   fmod(long double __x, long double __y)
 281:/usr/arm-none-eabi/include/c++/14.2.0/cmath ****   { return __builtin_fmodl(__x, __y); }
 282:/usr/arm-none-eabi/include/c++/14.2.0/cmath **** #endif
 283:/usr/arm-none-eabi/include/c++/14.2.0/cmath **** 
 284:/usr/arm-none-eabi/include/c++/14.2.0/cmath ****   using ::frexp;
 285:/usr/arm-none-eabi/include/c++/14.2.0/cmath **** 
 286:/usr/arm-none-eabi/include/c++/14.2.0/cmath **** #ifndef __CORRECT_ISO_CPP_MATH_H_PROTO
 287:/usr/arm-none-eabi/include/c++/14.2.0/cmath ****   inline float
 288:/usr/arm-none-eabi/include/c++/14.2.0/cmath ****   frexp(float __x, int* __exp)
 289:/usr/arm-none-eabi/include/c++/14.2.0/cmath ****   { return __builtin_frexpf(__x, __exp); }
 290:/usr/arm-none-eabi/include/c++/14.2.0/cmath **** 
 291:/usr/arm-none-eabi/include/c++/14.2.0/cmath ****   inline long double
 292:/usr/arm-none-eabi/include/c++/14.2.0/cmath ****   frexp(long double __x, int* __exp)
 293:/usr/arm-none-eabi/include/c++/14.2.0/cmath ****   { return __builtin_frexpl(__x, __exp); }
 294:/usr/arm-none-eabi/include/c++/14.2.0/cmath **** #endif
 295:/usr/arm-none-eabi/include/c++/14.2.0/cmath **** 
 296:/usr/arm-none-eabi/include/c++/14.2.0/cmath ****   template<typename _Tp>
 297:/usr/arm-none-eabi/include/c++/14.2.0/cmath ****     inline _GLIBCXX_CONSTEXPR
 298:/usr/arm-none-eabi/include/c++/14.2.0/cmath ****     typename __gnu_cxx::__enable_if<__is_integer<_Tp>::__value, 
 299:/usr/arm-none-eabi/include/c++/14.2.0/cmath ****                                     double>::__type
 300:/usr/arm-none-eabi/include/c++/14.2.0/cmath ****     frexp(_Tp __x, int* __exp)
 301:/usr/arm-none-eabi/include/c++/14.2.0/cmath ****     { return __builtin_frexp(__x, __exp); }
 302:/usr/arm-none-eabi/include/c++/14.2.0/cmath **** 
 303:/usr/arm-none-eabi/include/c++/14.2.0/cmath ****   using ::ldexp;
 304:/usr/arm-none-eabi/include/c++/14.2.0/cmath **** 
 305:/usr/arm-none-eabi/include/c++/14.2.0/cmath **** #ifndef __CORRECT_ISO_CPP_MATH_H_PROTO
 306:/usr/arm-none-eabi/include/c++/14.2.0/cmath ****   inline _GLIBCXX_CONSTEXPR float
 307:/usr/arm-none-eabi/include/c++/14.2.0/cmath ****   ldexp(float __x, int __exp)
 308:/usr/arm-none-eabi/include/c++/14.2.0/cmath ****   { return __builtin_ldexpf(__x, __exp); }
 309:/usr/arm-none-eabi/include/c++/14.2.0/cmath **** 
 310:/usr/arm-none-eabi/include/c++/14.2.0/cmath ****   inline _GLIBCXX_CONSTEXPR long double
 311:/usr/arm-none-eabi/include/c++/14.2.0/cmath ****   ldexp(long double __x, int __exp)
 312:/usr/arm-none-eabi/include/c++/14.2.0/cmath ****   { return __builtin_ldexpl(__x, __exp); }
 313:/usr/arm-none-eabi/include/c++/14.2.0/cmath **** #endif
 314:/usr/arm-none-eabi/include/c++/14.2.0/cmath **** 
 315:/usr/arm-none-eabi/include/c++/14.2.0/cmath ****   template<typename _Tp>
 316:/usr/arm-none-eabi/include/c++/14.2.0/cmath ****     inline _GLIBCXX_CONSTEXPR
 317:/usr/arm-none-eabi/include/c++/14.2.0/cmath ****     typename __gnu_cxx::__enable_if<__is_integer<_Tp>::__value, 
 318:/usr/arm-none-eabi/include/c++/14.2.0/cmath ****                                     double>::__type
 319:/usr/arm-none-eabi/include/c++/14.2.0/cmath ****     ldexp(_Tp __x, int __exp)
 320:/usr/arm-none-eabi/include/c++/14.2.0/cmath ****     { return __builtin_ldexp(__x, __exp); }
 321:/usr/arm-none-eabi/include/c++/14.2.0/cmath **** 
 322:/usr/arm-none-eabi/include/c++/14.2.0/cmath ****   using ::log;
 323:/usr/arm-none-eabi/include/c++/14.2.0/cmath **** 
 324:/usr/arm-none-eabi/include/c++/14.2.0/cmath **** #ifndef __CORRECT_ISO_CPP_MATH_H_PROTO
 325:/usr/arm-none-eabi/include/c++/14.2.0/cmath ****   inline _GLIBCXX_CONSTEXPR float
 326:/usr/arm-none-eabi/include/c++/14.2.0/cmath ****   log(float __x)
 327:/usr/arm-none-eabi/include/c++/14.2.0/cmath ****   { return __builtin_logf(__x); }
 328:/usr/arm-none-eabi/include/c++/14.2.0/cmath **** 
ARM GAS  /tmp/ccuCWtjx.s 			page 69


 329:/usr/arm-none-eabi/include/c++/14.2.0/cmath ****   inline _GLIBCXX_CONSTEXPR long double
 330:/usr/arm-none-eabi/include/c++/14.2.0/cmath ****   log(long double __x)
 331:/usr/arm-none-eabi/include/c++/14.2.0/cmath ****   { return __builtin_logl(__x); }
 332:/usr/arm-none-eabi/include/c++/14.2.0/cmath **** #endif
 333:/usr/arm-none-eabi/include/c++/14.2.0/cmath **** 
 334:/usr/arm-none-eabi/include/c++/14.2.0/cmath ****   template<typename _Tp>
 335:/usr/arm-none-eabi/include/c++/14.2.0/cmath ****     inline _GLIBCXX_CONSTEXPR
 336:/usr/arm-none-eabi/include/c++/14.2.0/cmath ****     typename __gnu_cxx::__enable_if<__is_integer<_Tp>::__value, 
 337:/usr/arm-none-eabi/include/c++/14.2.0/cmath ****                                     double>::__type
 338:/usr/arm-none-eabi/include/c++/14.2.0/cmath ****     log(_Tp __x)
 339:/usr/arm-none-eabi/include/c++/14.2.0/cmath ****     { return __builtin_log(__x); }
 340:/usr/arm-none-eabi/include/c++/14.2.0/cmath **** 
 341:/usr/arm-none-eabi/include/c++/14.2.0/cmath ****   using ::log10;
 342:/usr/arm-none-eabi/include/c++/14.2.0/cmath **** 
 343:/usr/arm-none-eabi/include/c++/14.2.0/cmath **** #ifndef __CORRECT_ISO_CPP_MATH_H_PROTO
 344:/usr/arm-none-eabi/include/c++/14.2.0/cmath ****   inline _GLIBCXX_CONSTEXPR float
 345:/usr/arm-none-eabi/include/c++/14.2.0/cmath ****   log10(float __x)
 346:/usr/arm-none-eabi/include/c++/14.2.0/cmath ****   { return __builtin_log10f(__x); }
 347:/usr/arm-none-eabi/include/c++/14.2.0/cmath **** 
 348:/usr/arm-none-eabi/include/c++/14.2.0/cmath ****   inline _GLIBCXX_CONSTEXPR long double
 349:/usr/arm-none-eabi/include/c++/14.2.0/cmath ****   log10(long double __x)
 350:/usr/arm-none-eabi/include/c++/14.2.0/cmath ****   { return __builtin_log10l(__x); }
 351:/usr/arm-none-eabi/include/c++/14.2.0/cmath **** #endif
 352:/usr/arm-none-eabi/include/c++/14.2.0/cmath **** 
 353:/usr/arm-none-eabi/include/c++/14.2.0/cmath ****   template<typename _Tp>
 354:/usr/arm-none-eabi/include/c++/14.2.0/cmath ****     inline _GLIBCXX_CONSTEXPR
 355:/usr/arm-none-eabi/include/c++/14.2.0/cmath ****     typename __gnu_cxx::__enable_if<__is_integer<_Tp>::__value,
 356:/usr/arm-none-eabi/include/c++/14.2.0/cmath ****                                     double>::__type
 357:/usr/arm-none-eabi/include/c++/14.2.0/cmath ****     log10(_Tp __x)
 358:/usr/arm-none-eabi/include/c++/14.2.0/cmath ****     { return __builtin_log10(__x); }
 359:/usr/arm-none-eabi/include/c++/14.2.0/cmath **** 
 360:/usr/arm-none-eabi/include/c++/14.2.0/cmath ****   using ::modf;
 361:/usr/arm-none-eabi/include/c++/14.2.0/cmath **** 
 362:/usr/arm-none-eabi/include/c++/14.2.0/cmath **** #ifndef __CORRECT_ISO_CPP_MATH_H_PROTO
 363:/usr/arm-none-eabi/include/c++/14.2.0/cmath ****   inline float
 364:/usr/arm-none-eabi/include/c++/14.2.0/cmath ****   modf(float __x, float* __iptr)
 365:/usr/arm-none-eabi/include/c++/14.2.0/cmath ****   { return __builtin_modff(__x, __iptr); }
 366:/usr/arm-none-eabi/include/c++/14.2.0/cmath **** 
 367:/usr/arm-none-eabi/include/c++/14.2.0/cmath ****   inline long double
 368:/usr/arm-none-eabi/include/c++/14.2.0/cmath ****   modf(long double __x, long double* __iptr)
 369:/usr/arm-none-eabi/include/c++/14.2.0/cmath ****   { return __builtin_modfl(__x, __iptr); }
 370:/usr/arm-none-eabi/include/c++/14.2.0/cmath **** #endif
 371:/usr/arm-none-eabi/include/c++/14.2.0/cmath **** 
 372:/usr/arm-none-eabi/include/c++/14.2.0/cmath ****   using ::pow;
 373:/usr/arm-none-eabi/include/c++/14.2.0/cmath **** 
 374:/usr/arm-none-eabi/include/c++/14.2.0/cmath **** #ifndef __CORRECT_ISO_CPP_MATH_H_PROTO
 375:/usr/arm-none-eabi/include/c++/14.2.0/cmath ****   inline _GLIBCXX_CONSTEXPR float
 376:/usr/arm-none-eabi/include/c++/14.2.0/cmath ****   pow(float __x, float __y)
 377:/usr/arm-none-eabi/include/c++/14.2.0/cmath ****   { return __builtin_powf(__x, __y); }
 378:/usr/arm-none-eabi/include/c++/14.2.0/cmath **** 
 379:/usr/arm-none-eabi/include/c++/14.2.0/cmath ****   inline _GLIBCXX_CONSTEXPR long double
 380:/usr/arm-none-eabi/include/c++/14.2.0/cmath ****   pow(long double __x, long double __y)
 381:/usr/arm-none-eabi/include/c++/14.2.0/cmath ****   { return __builtin_powl(__x, __y); }
 382:/usr/arm-none-eabi/include/c++/14.2.0/cmath **** 
 383:/usr/arm-none-eabi/include/c++/14.2.0/cmath **** #if __cplusplus < 201103L
 384:/usr/arm-none-eabi/include/c++/14.2.0/cmath ****   // _GLIBCXX_RESOLVE_LIB_DEFECTS
 385:/usr/arm-none-eabi/include/c++/14.2.0/cmath ****   // DR 550. What should the return type of pow(float,int) be?
ARM GAS  /tmp/ccuCWtjx.s 			page 70


 386:/usr/arm-none-eabi/include/c++/14.2.0/cmath ****   inline double
 387:/usr/arm-none-eabi/include/c++/14.2.0/cmath ****   pow(double __x, int __i)
 388:/usr/arm-none-eabi/include/c++/14.2.0/cmath ****   { return __builtin_powi(__x, __i); }
 389:/usr/arm-none-eabi/include/c++/14.2.0/cmath **** 
 390:/usr/arm-none-eabi/include/c++/14.2.0/cmath ****   inline float
 391:/usr/arm-none-eabi/include/c++/14.2.0/cmath ****   pow(float __x, int __n)
 392:/usr/arm-none-eabi/include/c++/14.2.0/cmath ****   { return __builtin_powif(__x, __n); }
 393:/usr/arm-none-eabi/include/c++/14.2.0/cmath **** 
 394:/usr/arm-none-eabi/include/c++/14.2.0/cmath ****   inline long double
 395:/usr/arm-none-eabi/include/c++/14.2.0/cmath ****   pow(long double __x, int __n)
 396:/usr/arm-none-eabi/include/c++/14.2.0/cmath ****   { return __builtin_powil(__x, __n); }
 397:/usr/arm-none-eabi/include/c++/14.2.0/cmath **** #endif
 398:/usr/arm-none-eabi/include/c++/14.2.0/cmath **** #endif
 399:/usr/arm-none-eabi/include/c++/14.2.0/cmath **** 
 400:/usr/arm-none-eabi/include/c++/14.2.0/cmath ****   using ::sin;
 401:/usr/arm-none-eabi/include/c++/14.2.0/cmath **** 
 402:/usr/arm-none-eabi/include/c++/14.2.0/cmath **** #ifndef __CORRECT_ISO_CPP_MATH_H_PROTO
 403:/usr/arm-none-eabi/include/c++/14.2.0/cmath ****   inline _GLIBCXX_CONSTEXPR float
 404:/usr/arm-none-eabi/include/c++/14.2.0/cmath ****   sin(float __x)
 405:/usr/arm-none-eabi/include/c++/14.2.0/cmath ****   { return __builtin_sinf(__x); }
 1944              		.loc 10 405 26 view .LVU429
 1945 006c B0EE680A 		vmov.f32	s0, s17
 1946              	.LBE623:
 1947              	.LBE622:
 315:../../libDaisy/src/hid/disp/display.h ****         start_y = -sin(start_angle_rad) * radius;
 1948              		.loc 9 315 17 discriminator 1 view .LVU430
 1949 0070 F8EE679A 		vcvt.f32.u32	s19, s15
 1950              	.LBB626:
 1951              	.LBB624:
 1952              		.loc 10 405 26 view .LVU431
 1953 0074 FFF7FEFF 		bl	sinf
 1954              	.LVL155:
 1955 0078 F0EE408A 		vmov.f32	s17, s0
 1956              	.LVL156:
 1957              		.loc 10 405 26 view .LVU432
 1958              	.LBE624:
 1959              	.LBE626:
 1960              	.LBB627:
 1961              	.LBB628:
 182:/usr/arm-none-eabi/include/c++/14.2.0/cmath **** 
 1962              		.loc 10 182 26 view .LVU433
 1963 007c B0EE4A0A 		vmov.f32	s0, s20
 1964 0080 FFF7FEFF 		bl	cosf
 1965              	.LVL157:
 1966 0084 B0EE409A 		vmov.f32	s18, s0
 1967              	.LBE628:
 1968              	.LBE627:
 1969              	.LBB630:
 1970              	.LBB631:
 1971              		.loc 10 405 26 view .LVU434
 1972 0088 B0EE4A0A 		vmov.f32	s0, s20
 1973 008c FFF7FEFF 		bl	sinf
 1974              	.LVL158:
 1975              	.LBE631:
 1976              	.LBE630:
 316:../../libDaisy/src/hid/disp/display.h ****         end_x   = cos(end_angle_rad) * radius;
 1977              		.loc 9 316 17 discriminator 1 view .LVU435
ARM GAS  /tmp/ccuCWtjx.s 			page 71


 1978 0090 68EEE98A 		vnmul.f32	s17, s17, s19
 318:../../libDaisy/src/hid/disp/display.h **** 
 1979              		.loc 9 318 17 discriminator 1 view .LVU436
 1980 0094 20EE690A 		vnmul.f32	s0, s0, s19
 315:../../libDaisy/src/hid/disp/display.h ****         start_y = -sin(start_angle_rad) * radius;
 1981              		.loc 9 315 17 discriminator 1 view .LVU437
 1982 0098 29EE888A 		vmul.f32	s16, s19, s16
 1983              	.LVL159:
 1984              	.LBB633:
 1985              	.LBI622:
 404:/usr/arm-none-eabi/include/c++/14.2.0/cmath ****   { return __builtin_sinf(__x); }
 1986              		.loc 10 404 3 is_stmt 1 view .LVU438
 1987              	.LBB625:
 1988              		.loc 10 405 5 view .LVU439
 1989              		.loc 10 405 5 is_stmt 0 view .LVU440
 1990              	.LBE625:
 1991              	.LBE633:
 1992              	.LBB634:
 1993              	.LBI627:
 181:/usr/arm-none-eabi/include/c++/14.2.0/cmath ****   { return __builtin_cosf(__x); }
 1994              		.loc 10 181 3 is_stmt 1 view .LVU441
 1995              	.LBB629:
 182:/usr/arm-none-eabi/include/c++/14.2.0/cmath **** 
 1996              		.loc 10 182 5 view .LVU442
 182:/usr/arm-none-eabi/include/c++/14.2.0/cmath **** 
 1997              		.loc 10 182 5 is_stmt 0 view .LVU443
 1998              	.LBE629:
 1999              	.LBE634:
 317:../../libDaisy/src/hid/disp/display.h ****         end_y   = -sin(end_angle_rad) * radius;
 2000              		.loc 9 317 17 discriminator 1 view .LVU444
 2001 009c 29EE899A 		vmul.f32	s18, s19, s18
 2002              	.LVL160:
 2003              	.LBB635:
 2004              	.LBI630:
 404:/usr/arm-none-eabi/include/c++/14.2.0/cmath ****   { return __builtin_sinf(__x); }
 2005              		.loc 10 404 3 is_stmt 1 view .LVU445
 2006              	.LBB632:
 2007              		.loc 10 405 5 view .LVU446
 2008              		.loc 10 405 5 is_stmt 0 view .LVU447
 2009              	.LBE632:
 2010              	.LBE635:
 322:../../libDaisy/src/hid/disp/display.h ****            < 2.0f)
 2011              		.loc 9 322 25 view .LVU448
 2012 00a0 70EE687A 		vsub.f32	s15, s0, s17
 321:../../libDaisy/src/hid/disp/display.h ****                + (end_y - start_y) * (end_y - start_y)
 2013              		.loc 9 321 9 view .LVU449
 2014 00a4 F0EE006A 		vmov.f32	s13, #2.0e+0
 321:../../libDaisy/src/hid/disp/display.h ****                + (end_y - start_y) * (end_y - start_y)
 2015              		.loc 9 321 19 view .LVU450
 2016 00a8 39EE487A 		vsub.f32	s14, s18, s16
 322:../../libDaisy/src/hid/disp/display.h ****            < 2.0f)
 2017              		.loc 9 322 36 view .LVU451
 2018 00ac 67EEA77A 		vmul.f32	s15, s15, s15
 322:../../libDaisy/src/hid/disp/display.h ****            < 2.0f)
 2019              		.loc 9 322 16 view .LVU452
 2020 00b0 E7EE077A 		vfma.f32	s15, s14, s14
 321:../../libDaisy/src/hid/disp/display.h ****                + (end_y - start_y) * (end_y - start_y)
ARM GAS  /tmp/ccuCWtjx.s 			page 72


 2021              		.loc 9 321 9 view .LVU453
 2022 00b4 F4EEE67A 		vcmpe.f32	s15, s13
 2023 00b8 F1EE10FA 		vmrs	APSR_nzcv, FPSCR
 2024 00bc 06D5     		bpl	.L194
 325:../../libDaisy/src/hid/disp/display.h ****                 circle = true;
 2025              		.loc 9 325 13 view .LVU454
 2026 00be 139B     		ldr	r3, [sp, #76]
 2027 00c0 B42B     		cmp	r3, #180
 2028 00c2 40F39780 		ble	.L136
 326:../../libDaisy/src/hid/disp/display.h ****             else
 2029              		.loc 9 326 24 view .LVU455
 2030 00c6 4FF00109 		mov	r9, #1
 2031 00ca 01E0     		b	.L138
 2032              	.L194:
 304:../../libDaisy/src/hid/disp/display.h **** 
 2033              		.loc 9 304 14 view .LVU456
 2034 00cc 4FF00009 		mov	r9, #0
 2035              	.L138:
 2036              	.LVL161:
 302:../../libDaisy/src/hid/disp/display.h **** 
 2037              		.loc 9 302 27 view .LVU457
 2038 00d0 0124     		movs	r4, #1
 333:../../libDaisy/src/hid/disp/display.h ****         err = 2 - 2 * radius;
 2039              		.loc 9 333 13 view .LVU458
 2040 00d2 AE46     		mov	lr, r5
 332:../../libDaisy/src/hid/disp/display.h ****         t_y = 0;
 2041              		.loc 9 332 13 view .LVU459
 2042 00d4 C8F10003 		rsb	r3, r8, #0
 2043              	.LVL162:
 333:../../libDaisy/src/hid/disp/display.h ****         err = 2 - 2 * radius;
 2044              		.loc 9 333 13 view .LVU460
 2045 00d8 CDF80090 		str	r9, [sp]
 334:../../libDaisy/src/hid/disp/display.h **** 
 2046              		.loc 9 334 17 view .LVU461
 2047 00dc A4EB080C 		sub	ip, r4, r8
 302:../../libDaisy/src/hid/disp/display.h **** 
 2048              		.loc 9 302 17 view .LVU462
 2049 00e0 2146     		mov	r1, r4
 302:../../libDaisy/src/hid/disp/display.h **** 
 2050              		.loc 9 302 12 view .LVU463
 2051 00e2 2246     		mov	r2, r4
 333:../../libDaisy/src/hid/disp/display.h ****         err = 2 - 2 * radius;
 2052              		.loc 9 333 13 view .LVU464
 2053 00e4 0020     		movs	r0, #0
 334:../../libDaisy/src/hid/disp/display.h **** 
 2054              		.loc 9 334 17 view .LVU465
 2055 00e6 0CFA04FC 		lsl	ip, ip, r4
 2056              	.LVL163:
 333:../../libDaisy/src/hid/disp/display.h ****         err = 2 - 2 * radius;
 2057              		.loc 9 333 13 view .LVU466
 2058 00ea 2546     		mov	r5, r4
 2059              	.LVL164:
 333:../../libDaisy/src/hid/disp/display.h ****         err = 2 - 2 * radius;
 2060              		.loc 9 333 13 view .LVU467
 2061 00ec B946     		mov	r9, r7
 2062              	.LVL165:
 333:../../libDaisy/src/hid/disp/display.h ****         err = 2 - 2 * radius;
ARM GAS  /tmp/ccuCWtjx.s 			page 73


 2063              		.loc 9 333 13 view .LVU468
 2064 00ee F046     		mov	r8, lr
 2065              	.LVL166:
 2066              	.L165:
 338:../../libDaisy/src/hid/disp/display.h ****             {
 2067              		.loc 9 338 13 view .LVU469
 2068 00f0 009F     		ldr	r7, [sp]
 2069 00f2 002F     		cmp	r7, #0
 2070 00f4 69D1     		bne	.L140
 343:../../libDaisy/src/hid/disp/display.h ****                 t_exy  = end_x * t_y;
 2071              		.loc 9 343 34 view .LVU470
 2072 00f6 5942     		rsbs	r1, r3, #0
 2073              	.LVL167:
 340:../../libDaisy/src/hid/disp/display.h ****                 t_syx  = start_y * t_x;
 2074              		.loc 9 340 24 view .LVU471
 2075 00f8 06EE900A 		vmov	s13, r0	@ int
 342:../../libDaisy/src/hid/disp/display.h ****                 t_synx = start_y * -t_x;
 2076              		.loc 9 342 34 view .LVU472
 2077 00fc 4242     		rsbs	r2, r0, #0
 2078              	.LVL168:
 343:../../libDaisy/src/hid/disp/display.h ****                 t_exy  = end_x * t_y;
 2079              		.loc 9 343 34 view .LVU473
 2080 00fe 07EE901A 		vmov	s15, r1	@ int
 340:../../libDaisy/src/hid/disp/display.h ****                 t_syx  = start_y * t_x;
 2081              		.loc 9 340 24 view .LVU474
 2082 0102 B8EEE66A 		vcvt.f32.s32	s12, s13
 341:../../libDaisy/src/hid/disp/display.h ****                 t_sxny = start_x * -t_y;
 2083              		.loc 9 341 24 view .LVU475
 2084 0106 06EE903A 		vmov	s13, r3	@ int
 343:../../libDaisy/src/hid/disp/display.h ****                 t_exy  = end_x * t_y;
 2085              		.loc 9 343 34 view .LVU476
 2086 010a B8EEE77A 		vcvt.f32.s32	s14, s15
 342:../../libDaisy/src/hid/disp/display.h ****                 t_synx = start_y * -t_x;
 2087              		.loc 9 342 34 view .LVU477
 2088 010e 07EE902A 		vmov	s15, r2	@ int
 340:../../libDaisy/src/hid/disp/display.h ****                 t_syx  = start_y * t_x;
 2089              		.loc 9 340 24 view .LVU478
 2090 0112 66EE084A 		vmul.f32	s9, s12, s16
 2091              	.LVL169:
 349:../../libDaisy/src/hid/disp/display.h ****                 {
 2092              		.loc 9 349 17 view .LVU479
 2093 0116 139A     		ldr	r2, [sp, #76]
 342:../../libDaisy/src/hid/disp/display.h ****                 t_synx = start_y * -t_x;
 2094              		.loc 9 342 34 view .LVU480
 2095 0118 F8EEE77A 		vcvt.f32.s32	s15, s15
 343:../../libDaisy/src/hid/disp/display.h ****                 t_exy  = end_x * t_y;
 2096              		.loc 9 343 24 view .LVU481
 2097 011c 27EE284A 		vmul.f32	s8, s14, s17
 349:../../libDaisy/src/hid/disp/display.h ****                 {
 2098              		.loc 9 349 17 view .LVU482
 2099 0120 B42A     		cmp	r2, #180
 341:../../libDaisy/src/hid/disp/display.h ****                 t_sxny = start_x * -t_y;
 2100              		.loc 9 341 24 view .LVU483
 2101 0122 F8EEE66A 		vcvt.f32.s32	s13, s13
 342:../../libDaisy/src/hid/disp/display.h ****                 t_synx = start_y * -t_x;
 2102              		.loc 9 342 24 view .LVU484
 2103 0126 67EE885A 		vmul.f32	s11, s15, s16
ARM GAS  /tmp/ccuCWtjx.s 			page 74


 351:../../libDaisy/src/hid/disp/display.h ****                     d2 = (t_sxy - t_syx < 0 || t_exy - t_eyx > 0);
 2104              		.loc 9 351 33 view .LVU485
 2105 012a 74EEC43A 		vsub.f32	s7, s9, s8
 341:../../libDaisy/src/hid/disp/display.h ****                 t_sxny = start_x * -t_y;
 2106              		.loc 9 341 24 view .LVU486
 2107 012e 26EEA85A 		vmul.f32	s10, s13, s17
 2108              	.LVL170:
 344:../../libDaisy/src/hid/disp/display.h ****                 t_eyx  = end_y * t_x;
 2109              		.loc 9 344 24 view .LVU487
 2110 0132 26EE096A 		vmul.f32	s12, s12, s18
 2111              	.LVL171:
 345:../../libDaisy/src/hid/disp/display.h ****                 t_exny = end_x * -t_y;
 2112              		.loc 9 345 24 view .LVU488
 2113 0136 66EE806A 		vmul.f32	s13, s13, s0
 2114              	.LVL172:
 346:../../libDaisy/src/hid/disp/display.h ****                 t_eynx = end_y * -t_x;
 2115              		.loc 9 346 24 view .LVU489
 2116 013a 67EE897A 		vmul.f32	s15, s15, s18
 2117              	.LVL173:
 347:../../libDaisy/src/hid/disp/display.h **** 
 2118              		.loc 9 347 24 view .LVU490
 2119 013e 27EE007A 		vmul.f32	s14, s14, s0
 2120              	.LVL174:
 351:../../libDaisy/src/hid/disp/display.h ****                     d2 = (t_sxy - t_syx < 0 || t_exy - t_eyx > 0);
 2121              		.loc 9 351 46 view .LVU491
 2122 0142 F5EEC03A 		vcmpe.f32	s7, #0
 349:../../libDaisy/src/hid/disp/display.h ****                 {
 2123              		.loc 9 349 17 view .LVU492
 2124 0146 40F30381 		ble	.L141
 351:../../libDaisy/src/hid/disp/display.h ****                     d2 = (t_sxy - t_syx < 0 || t_exy - t_eyx > 0);
 2125              		.loc 9 351 46 view .LVU493
 2126 014a F1EE10FA 		vmrs	APSR_nzcv, FPSCR
 2127 014e 00F15D81 		bmi	.L168
 351:../../libDaisy/src/hid/disp/display.h ****                     d2 = (t_sxy - t_syx < 0 || t_exy - t_eyx > 0);
 2128              		.loc 9 351 55 discriminator 2 view .LVU494
 2129 0152 76EE473A 		vsub.f32	s7, s12, s14
 352:../../libDaisy/src/hid/disp/display.h ****                     d3 = (t_sxny - t_syx < 0 || t_exny - t_eyx > 0);
 2130              		.loc 9 352 33 view .LVU495
 2131 0156 74EEC54A 		vsub.f32	s9, s9, s10
 2132              	.LVL175:
 351:../../libDaisy/src/hid/disp/display.h ****                     d2 = (t_sxy - t_syx < 0 || t_exy - t_eyx > 0);
 2133              		.loc 9 351 46 discriminator 2 view .LVU496
 2134 015a F5EEC03A 		vcmpe.f32	s7, #0
 2135 015e F1EE10FA 		vmrs	APSR_nzcv, FPSCR
 352:../../libDaisy/src/hid/disp/display.h ****                     d3 = (t_sxny - t_syx < 0 || t_exny - t_eyx > 0);
 2136              		.loc 9 352 45 view .LVU497
 2137 0162 F5EEC04A 		vcmpe.f32	s9, #0
 351:../../libDaisy/src/hid/disp/display.h ****                     d2 = (t_sxy - t_syx < 0 || t_exy - t_eyx > 0);
 2138              		.loc 9 351 46 discriminator 2 view .LVU498
 2139 0166 CCBF     		ite	gt
 2140 0168 0122     		movgt	r2, #1
 2141 016a 0022     		movle	r2, #0
 2142              	.LVL176:
 352:../../libDaisy/src/hid/disp/display.h ****                     d3 = (t_sxny - t_syx < 0 || t_exny - t_eyx > 0);
 2143              		.loc 9 352 45 view .LVU499
 2144 016c F1EE10FA 		vmrs	APSR_nzcv, FPSCR
 2145 0170 00F15581 		bmi	.L169
ARM GAS  /tmp/ccuCWtjx.s 			page 75


 2146              	.L210:
 352:../../libDaisy/src/hid/disp/display.h ****                     d3 = (t_sxny - t_syx < 0 || t_exny - t_eyx > 0);
 2147              		.loc 9 352 54 discriminator 2 view .LVU500
 2148 0174 36EE666A 		vsub.f32	s12, s12, s13
 2149              	.LVL177:
 353:../../libDaisy/src/hid/disp/display.h ****                     d4 = (t_sxny - t_synx < 0 || t_exny - t_eynx > 0);
 2150              		.loc 9 353 34 view .LVU501
 2151 0178 35EEC55A 		vsub.f32	s10, s11, s10
 2152              	.LVL178:
 352:../../libDaisy/src/hid/disp/display.h ****                     d3 = (t_sxny - t_syx < 0 || t_exny - t_eyx > 0);
 2153              		.loc 9 352 45 discriminator 2 view .LVU502
 2154 017c B5EEC06A 		vcmpe.f32	s12, #0
 2155 0180 F1EE10FA 		vmrs	APSR_nzcv, FPSCR
 353:../../libDaisy/src/hid/disp/display.h ****                     d4 = (t_sxny - t_synx < 0 || t_exny - t_eynx > 0);
 2156              		.loc 9 353 46 view .LVU503
 2157 0184 B5EEC05A 		vcmpe.f32	s10, #0
 352:../../libDaisy/src/hid/disp/display.h ****                     d3 = (t_sxny - t_syx < 0 || t_exny - t_eyx > 0);
 2158              		.loc 9 352 45 discriminator 2 view .LVU504
 2159 0188 CCBF     		ite	gt
 2160 018a 0121     		movgt	r1, #1
 2161 018c 0021     		movle	r1, #0
 2162              	.LVL179:
 353:../../libDaisy/src/hid/disp/display.h ****                     d4 = (t_sxny - t_synx < 0 || t_exny - t_eynx > 0);
 2163              		.loc 9 353 46 view .LVU505
 2164 018e F1EE10FA 		vmrs	APSR_nzcv, FPSCR
 2165 0192 00F14D81 		bmi	.L170
 2166              	.L211:
 353:../../libDaisy/src/hid/disp/display.h ****                     d4 = (t_sxny - t_synx < 0 || t_exny - t_eynx > 0);
 2167              		.loc 9 353 56 discriminator 2 view .LVU506
 2168 0196 77EEE66A 		vsub.f32	s13, s15, s13
 2169              	.LVL180:
 353:../../libDaisy/src/hid/disp/display.h ****                     d4 = (t_sxny - t_synx < 0 || t_exny - t_eynx > 0);
 2170              		.loc 9 353 46 discriminator 2 view .LVU507
 2171 019a F5EEC06A 		vcmpe.f32	s13, #0
 2172 019e F1EE10FA 		vmrs	APSR_nzcv, FPSCR
 2173 01a2 CCBF     		ite	gt
 2174 01a4 0124     		movgt	r4, #1
 2175              	.LVL181:
 353:../../libDaisy/src/hid/disp/display.h ****                     d4 = (t_sxny - t_synx < 0 || t_exny - t_eynx > 0);
 2176              		.loc 9 353 46 discriminator 2 view .LVU508
 2177 01a6 0024     		movle	r4, #0
 2178              	.L144:
 2179              	.LVL182:
 354:../../libDaisy/src/hid/disp/display.h ****                 }
 2180              		.loc 9 354 34 view .LVU509
 2181 01a8 75EEC45A 		vsub.f32	s11, s11, s8
 2182              	.LVL183:
 354:../../libDaisy/src/hid/disp/display.h ****                 }
 2183              		.loc 9 354 47 view .LVU510
 2184 01ac F5EEC05A 		vcmpe.f32	s11, #0
 2185 01b0 F1EE10FA 		vmrs	APSR_nzcv, FPSCR
 2186 01b4 00F12581 		bmi	.L171
 2187              	.L200:
 361:../../libDaisy/src/hid/disp/display.h ****                 }
 2188              		.loc 9 361 57 discriminator 1 view .LVU511
 2189 01b8 77EEC77A 		vsub.f32	s15, s15, s14
 2190              	.LVL184:
ARM GAS  /tmp/ccuCWtjx.s 			page 76


 361:../../libDaisy/src/hid/disp/display.h ****                 }
 2191              		.loc 9 361 47 discriminator 1 view .LVU512
 2192 01bc F5EEC07A 		vcmpe.f32	s15, #0
 2193 01c0 F1EE10FA 		vmrs	APSR_nzcv, FPSCR
 2194 01c4 CCBF     		ite	gt
 2195 01c6 0125     		movgt	r5, #1
 2196              	.LVL185:
 361:../../libDaisy/src/hid/disp/display.h ****                 }
 2197              		.loc 9 361 47 discriminator 1 view .LVU513
 2198 01c8 0025     		movle	r5, #0
 2199              	.LVL186:
 2200              	.L140:
 365:../../libDaisy/src/hid/disp/display.h ****                 ((ChildType*)(this))
 2201              		.loc 9 365 13 view .LVU514
 2202 01ca 002A     		cmp	r2, #0
 2203 01cc 40F09280 		bne	.L201
 2204              	.L152:
 368:../../libDaisy/src/hid/disp/display.h ****                 ((ChildType*)(this))
 2205              		.loc 9 368 13 view .LVU515
 2206 01d0 0029     		cmp	r1, #0
 2207 01d2 6CD1     		bne	.L202
 2208              	.L154:
 371:../../libDaisy/src/hid/disp/display.h ****                 ((ChildType*)(this))
 2209              		.loc 9 371 13 view .LVU516
 2210 01d4 F4B9     		cbnz	r4, .L203
 2211              	.L156:
 374:../../libDaisy/src/hid/disp/display.h ****                 ((ChildType*)(this))
 2212              		.loc 9 374 13 view .LVU517
 2213 01d6 002D     		cmp	r5, #0
 2214 01d8 3ED1     		bne	.L204
 2215              	.L158:
 2216              	.LVL187:
 379:../../libDaisy/src/hid/disp/display.h ****             {
 2217              		.loc 9 379 13 view .LVU518
 2218 01da 6045     		cmp	r0, ip
 2219 01dc 5EDB     		blt	.L176
 2220              	.L206:
 381:../../libDaisy/src/hid/disp/display.h ****                 err = err + (t_y * 2 + 1);
 2221              		.loc 9 381 17 view .LVU519
 2222 01de 0130     		adds	r0, r0, #1
 2223              	.LVL188:
 382:../../libDaisy/src/hid/disp/display.h ****                 if(-t_x == t_y && e2 <= t_x)
 2224              		.loc 9 382 38 view .LVU520
 2225 01e0 0CEB400E 		add	lr, ip, r0, lsl #1
 383:../../libDaisy/src/hid/disp/display.h ****                 {
 2226              		.loc 9 383 17 view .LVU521
 2227 01e4 D842     		cmn	r0, r3
 382:../../libDaisy/src/hid/disp/display.h ****                 if(-t_x == t_y && e2 <= t_x)
 2228              		.loc 9 382 21 view .LVU522
 2229 01e6 0EF1010E 		add	lr, lr, #1
 2230              	.LVL189:
 383:../../libDaisy/src/hid/disp/display.h ****                 {
 2231              		.loc 9 383 17 view .LVU523
 2232 01ea 08D0     		beq	.L205
 388:../../libDaisy/src/hid/disp/display.h ****             {
 2233              		.loc 9 388 13 view .LVU524
 2234 01ec 6345     		cmp	r3, ip
ARM GAS  /tmp/ccuCWtjx.s 			page 77


 2235 01ee 58DB     		blt	.L161
 2236              	.LVL190:
 2237              	.L162:
 393:../../libDaisy/src/hid/disp/display.h ****     }
 2238              		.loc 9 393 21 is_stmt 1 view .LVU525
 2239 01f0 002B     		cmp	r3, #0
 2240 01f2 0DDD     		ble	.L163
 2241              	.LVL191:
 2242              	.L136:
 394:../../libDaisy/src/hid/disp/display.h **** 
 2243              		.loc 9 394 5 is_stmt 0 view .LVU526
 2244 01f4 03B0     		add	sp, sp, #12
 2245              		.cfi_remember_state
 2246              		.cfi_def_cfa_offset 60
 2247              		@ sp needed
 2248 01f6 BDEC068B 		vldm	sp!, {d8-d10}
 2249              		.cfi_restore 84
 2250              		.cfi_restore 85
 2251              		.cfi_restore 82
 2252              		.cfi_restore 83
 2253              		.cfi_restore 80
 2254              		.cfi_restore 81
 2255              		.cfi_def_cfa_offset 36
 2256              	.LVL192:
 394:../../libDaisy/src/hid/disp/display.h **** 
 2257              		.loc 9 394 5 view .LVU527
 2258 01fa BDE8F08F 		pop	{r4, r5, r6, r7, r8, r9, r10, fp, pc}
 2259              	.LVL193:
 2260              	.L205:
 2261              		.cfi_restore_state
 383:../../libDaisy/src/hid/disp/display.h ****                 {
 2262              		.loc 9 383 32 discriminator 1 view .LVU528
 2263 01fe 6345     		cmp	r3, ip
 2264 0200 4FDB     		blt	.L161
 2265              	.LVL194:
 388:../../libDaisy/src/hid/disp/display.h ****             {
 2266              		.loc 9 388 13 view .LVU529
 2267 0202 002B     		cmp	r3, #0
 2268 0204 F4DA     		bge	.L162
 2269              	.LVL195:
 390:../../libDaisy/src/hid/disp/display.h ****                 err = err + (t_x * 2 + 1);
 2270              		.loc 9 390 17 view .LVU530
 2271 0206 0133     		adds	r3, r3, #1
 2272              	.LVL196:
 391:../../libDaisy/src/hid/disp/display.h ****             }
 2273              		.loc 9 391 38 view .LVU531
 2274 0208 0EEB430E 		add	lr, lr, r3, lsl #1
 391:../../libDaisy/src/hid/disp/display.h ****             }
 2275              		.loc 9 391 21 view .LVU532
 2276 020c 0EF1010E 		add	lr, lr, #1
 2277              	.LVL197:
 393:../../libDaisy/src/hid/disp/display.h ****     }
 2278              		.loc 9 393 21 is_stmt 1 view .LVU533
 2279              	.L163:
 333:../../libDaisy/src/hid/disp/display.h ****         err = 2 - 2 * radius;
 2280              		.loc 9 333 13 is_stmt 0 view .LVU534
 2281 0210 F446     		mov	ip, lr
ARM GAS  /tmp/ccuCWtjx.s 			page 78


 2282 0212 6DE7     		b	.L165
 2283              	.LVL198:
 2284              	.L203:
 373:../../libDaisy/src/hid/disp/display.h ****             if(d4)
 2285              		.loc 9 373 43 view .LVU535
 2286 0214 03EB080E 		add	lr, r3, r8
 2287 0218 A6EB000A 		sub	r10, r6, r0
 2288              	.LVL199:
 2289              	.LBB636:
 2290              	.LBI636:
  42:../../libDaisy/src/hid/disp/oled_display.h ****     {
 2291              		.loc 7 42 10 is_stmt 1 view .LVU536
 2292              	.LBB637:
 2293              	.LBI637:
 352:../../libDaisy/src/dev/oled_ssd130x.h ****     {
 2294              		.loc 8 352 10 view .LVU537
 2295              	.LBB638:
 354:../../libDaisy/src/dev/oled_ssd130x.h ****             return;
 2296              		.loc 8 354 9 is_stmt 0 view .LVU538
 2297 021c BEF17F0F 		cmp	lr, #127
 2298 0220 D9D8     		bhi	.L156
 2299 0222 BAF13F0F 		cmp	r10, #63
 2300 0226 D6D8     		bhi	.L156
 357:../../libDaisy/src/dev/oled_ssd130x.h ****         else
 2301              		.loc 8 357 28 view .LVU539
 2302 0228 4FEADA0B 		lsr	fp, r10, #3
 357:../../libDaisy/src/dev/oled_ssd130x.h ****         else
 2303              		.loc 8 357 20 view .LVU540
 2304 022c 019F     		ldr	r7, [sp, #4]
 357:../../libDaisy/src/dev/oled_ssd130x.h ****         else
 2305              		.loc 8 357 54 view .LVU541
 2306 022e 0AF0070A 		and	r10, r10, #7
 2307              	.LVL200:
 357:../../libDaisy/src/dev/oled_ssd130x.h ****         else
 2308              		.loc 8 357 20 view .LVU542
 2309 0232 0EEBCB1E 		add	lr, lr, fp, lsl #7
 2310              	.LVL201:
 357:../../libDaisy/src/dev/oled_ssd130x.h ****         else
 2311              		.loc 8 357 48 view .LVU543
 2312 0236 4FF0010B 		mov	fp, #1
 357:../../libDaisy/src/dev/oled_ssd130x.h ****         else
 2313              		.loc 8 357 20 view .LVU544
 2314 023a BE44     		add	lr, lr, r7
 357:../../libDaisy/src/dev/oled_ssd130x.h ****         else
 2315              		.loc 8 357 48 view .LVU545
 2316 023c 0BFA0AFB 		lsl	fp, fp, r10
 357:../../libDaisy/src/dev/oled_ssd130x.h ****         else
 2317              		.loc 8 357 20 view .LVU546
 2318 0240 9EF814A0 		ldrb	r10, [lr, #20]	@ zero_extendqisi2
 356:../../libDaisy/src/dev/oled_ssd130x.h ****             buffer_[x + (y / 8) * width] |= (1 << (y % 8));
 2319              		.loc 8 356 9 view .LVU547
 2320 0244 B9F1000F 		cmp	r9, #0
 2321 0248 00F0B880 		beq	.L157
 357:../../libDaisy/src/dev/oled_ssd130x.h ****         else
 2322              		.loc 8 357 42 view .LVU548
 2323 024c 4AEA0B0A 		orr	r10, r10, fp
 2324 0250 8EF814A0 		strb	r10, [lr, #20]
ARM GAS  /tmp/ccuCWtjx.s 			page 79


 2325              	.LVL202:
 357:../../libDaisy/src/dev/oled_ssd130x.h ****         else
 2326              		.loc 8 357 42 view .LVU549
 2327              	.LBE638:
 2328              	.LBE637:
 2329              	.LBE636:
 374:../../libDaisy/src/hid/disp/display.h ****                 ((ChildType*)(this))
 2330              		.loc 9 374 13 view .LVU550
 2331 0254 002D     		cmp	r5, #0
 2332 0256 C0D0     		beq	.L158
 2333              	.L204:
 376:../../libDaisy/src/hid/disp/display.h **** 
 2334              		.loc 9 376 43 view .LVU551
 2335 0258 A8EB030E 		sub	lr, r8, r3
 2336 025c A6EB000A 		sub	r10, r6, r0
 2337              	.LVL203:
 2338              	.LBB643:
 2339              	.LBI643:
  42:../../libDaisy/src/hid/disp/oled_display.h ****     {
 2340              		.loc 7 42 10 is_stmt 1 view .LVU552
 2341              	.LBB644:
 2342              	.LBI644:
 352:../../libDaisy/src/dev/oled_ssd130x.h ****     {
 2343              		.loc 8 352 10 view .LVU553
 2344              	.LBB645:
 354:../../libDaisy/src/dev/oled_ssd130x.h ****             return;
 2345              		.loc 8 354 9 is_stmt 0 view .LVU554
 2346 0260 BEF17F0F 		cmp	lr, #127
 2347 0264 B9D8     		bhi	.L158
 2348 0266 BAF13F0F 		cmp	r10, #63
 2349 026a B6D8     		bhi	.L158
 357:../../libDaisy/src/dev/oled_ssd130x.h ****         else
 2350              		.loc 8 357 28 view .LVU555
 2351 026c 4FEADA0B 		lsr	fp, r10, #3
 357:../../libDaisy/src/dev/oled_ssd130x.h ****         else
 2352              		.loc 8 357 20 view .LVU556
 2353 0270 019F     		ldr	r7, [sp, #4]
 357:../../libDaisy/src/dev/oled_ssd130x.h ****         else
 2354              		.loc 8 357 54 view .LVU557
 2355 0272 0AF0070A 		and	r10, r10, #7
 2356              	.LVL204:
 357:../../libDaisy/src/dev/oled_ssd130x.h ****         else
 2357              		.loc 8 357 20 view .LVU558
 2358 0276 0EEBCB1E 		add	lr, lr, fp, lsl #7
 2359              	.LVL205:
 357:../../libDaisy/src/dev/oled_ssd130x.h ****         else
 2360              		.loc 8 357 48 view .LVU559
 2361 027a 4FF0010B 		mov	fp, #1
 357:../../libDaisy/src/dev/oled_ssd130x.h ****         else
 2362              		.loc 8 357 20 view .LVU560
 2363 027e BE44     		add	lr, lr, r7
 357:../../libDaisy/src/dev/oled_ssd130x.h ****         else
 2364              		.loc 8 357 48 view .LVU561
 2365 0280 0BFA0AFB 		lsl	fp, fp, r10
 357:../../libDaisy/src/dev/oled_ssd130x.h ****         else
 2366              		.loc 8 357 20 view .LVU562
 2367 0284 9EF814A0 		ldrb	r10, [lr, #20]	@ zero_extendqisi2
ARM GAS  /tmp/ccuCWtjx.s 			page 80


 356:../../libDaisy/src/dev/oled_ssd130x.h ****             buffer_[x + (y / 8) * width] |= (1 << (y % 8));
 2368              		.loc 8 356 9 view .LVU563
 2369 0288 B9F1000F 		cmp	r9, #0
 2370 028c 00F09180 		beq	.L159
 357:../../libDaisy/src/dev/oled_ssd130x.h ****         else
 2371              		.loc 8 357 42 view .LVU564
 2372 0290 4AEA0B0A 		orr	r10, r10, fp
 2373              	.LBE645:
 2374              	.LBE644:
 2375              	.LBE643:
 379:../../libDaisy/src/hid/disp/display.h ****             {
 2376              		.loc 9 379 13 view .LVU565
 2377 0294 6045     		cmp	r0, ip
 2378              	.LBB652:
 2379              	.LBB650:
 2380              	.LBB648:
 357:../../libDaisy/src/dev/oled_ssd130x.h ****         else
 2381              		.loc 8 357 42 view .LVU566
 2382 0296 8EF814A0 		strb	r10, [lr, #20]
 2383              	.LVL206:
 357:../../libDaisy/src/dev/oled_ssd130x.h ****         else
 2384              		.loc 8 357 42 view .LVU567
 2385              	.LBE648:
 2386              	.LBE650:
 2387              	.LBE652:
 379:../../libDaisy/src/hid/disp/display.h ****             {
 2388              		.loc 9 379 13 view .LVU568
 2389 029a A0DA     		bge	.L206
 2390              	.L176:
 388:../../libDaisy/src/hid/disp/display.h ****             {
 2391              		.loc 9 388 13 view .LVU569
 2392 029c 6345     		cmp	r3, ip
 2393 029e E646     		mov	lr, ip
 2394              	.LVL207:
 388:../../libDaisy/src/hid/disp/display.h ****             {
 2395              		.loc 9 388 13 view .LVU570
 2396 02a0 A6DA     		bge	.L162
 2397              	.LVL208:
 2398              	.L161:
 390:../../libDaisy/src/hid/disp/display.h ****                 err = err + (t_x * 2 + 1);
 2399              		.loc 9 390 17 view .LVU571
 2400 02a2 0133     		adds	r3, r3, #1
 2401              	.LVL209:
 391:../../libDaisy/src/hid/disp/display.h ****             }
 2402              		.loc 9 391 38 view .LVU572
 2403 02a4 0EEB430E 		add	lr, lr, r3, lsl #1
 391:../../libDaisy/src/hid/disp/display.h ****             }
 2404              		.loc 9 391 21 view .LVU573
 2405 02a8 0EF1010E 		add	lr, lr, #1
 2406 02ac A0E7     		b	.L162
 2407              	.LVL210:
 2408              	.L202:
 370:../../libDaisy/src/hid/disp/display.h ****             if(d3)
 2409              		.loc 9 370 43 view .LVU574
 2410 02ae 03EB080E 		add	lr, r3, r8
 2411 02b2 00EB060A 		add	r10, r0, r6
 2412              	.LVL211:
ARM GAS  /tmp/ccuCWtjx.s 			page 81


 2413              	.LBB653:
 2414              	.LBI653:
  42:../../libDaisy/src/hid/disp/oled_display.h ****     {
 2415              		.loc 7 42 10 is_stmt 1 view .LVU575
 2416              	.LBB654:
 2417              	.LBI654:
 352:../../libDaisy/src/dev/oled_ssd130x.h ****     {
 2418              		.loc 8 352 10 view .LVU576
 2419              	.LBB655:
 354:../../libDaisy/src/dev/oled_ssd130x.h ****             return;
 2420              		.loc 8 354 9 is_stmt 0 view .LVU577
 2421 02b6 BEF17F0F 		cmp	lr, #127
 2422 02ba 8BD8     		bhi	.L154
 2423 02bc BAF13F0F 		cmp	r10, #63
 2424 02c0 88D8     		bhi	.L154
 357:../../libDaisy/src/dev/oled_ssd130x.h ****         else
 2425              		.loc 8 357 28 view .LVU578
 2426 02c2 4FEADA0B 		lsr	fp, r10, #3
 357:../../libDaisy/src/dev/oled_ssd130x.h ****         else
 2427              		.loc 8 357 20 view .LVU579
 2428 02c6 019F     		ldr	r7, [sp, #4]
 357:../../libDaisy/src/dev/oled_ssd130x.h ****         else
 2429              		.loc 8 357 54 view .LVU580
 2430 02c8 0AF0070A 		and	r10, r10, #7
 2431              	.LVL212:
 357:../../libDaisy/src/dev/oled_ssd130x.h ****         else
 2432              		.loc 8 357 20 view .LVU581
 2433 02cc 0EEBCB1E 		add	lr, lr, fp, lsl #7
 2434              	.LVL213:
 357:../../libDaisy/src/dev/oled_ssd130x.h ****         else
 2435              		.loc 8 357 48 view .LVU582
 2436 02d0 4FF0010B 		mov	fp, #1
 357:../../libDaisy/src/dev/oled_ssd130x.h ****         else
 2437              		.loc 8 357 20 view .LVU583
 2438 02d4 BE44     		add	lr, lr, r7
 357:../../libDaisy/src/dev/oled_ssd130x.h ****         else
 2439              		.loc 8 357 48 view .LVU584
 2440 02d6 0BFA0AFB 		lsl	fp, fp, r10
 357:../../libDaisy/src/dev/oled_ssd130x.h ****         else
 2441              		.loc 8 357 20 view .LVU585
 2442 02da 9EF814A0 		ldrb	r10, [lr, #20]	@ zero_extendqisi2
 356:../../libDaisy/src/dev/oled_ssd130x.h ****             buffer_[x + (y / 8) * width] |= (1 << (y % 8));
 2443              		.loc 8 356 9 view .LVU586
 2444 02de B9F1000F 		cmp	r9, #0
 2445 02e2 5ED0     		beq	.L155
 357:../../libDaisy/src/dev/oled_ssd130x.h ****         else
 2446              		.loc 8 357 42 view .LVU587
 2447 02e4 4AEA0B0A 		orr	r10, r10, fp
 2448 02e8 8EF814A0 		strb	r10, [lr, #20]
 2449              	.LVL214:
 357:../../libDaisy/src/dev/oled_ssd130x.h ****         else
 2450              		.loc 8 357 42 view .LVU588
 2451              	.LBE655:
 2452              	.LBE654:
 2453              	.LBE653:
 371:../../libDaisy/src/hid/disp/display.h ****                 ((ChildType*)(this))
 2454              		.loc 9 371 13 view .LVU589
ARM GAS  /tmp/ccuCWtjx.s 			page 82


 2455 02ec 002C     		cmp	r4, #0
 2456 02ee 3FF472AF 		beq	.L156
 2457 02f2 8FE7     		b	.L203
 2458              	.L201:
 367:../../libDaisy/src/hid/disp/display.h ****             if(d2)
 2459              		.loc 9 367 43 view .LVU590
 2460 02f4 A8EB030E 		sub	lr, r8, r3
 2461 02f8 00EB060A 		add	r10, r0, r6
 2462              	.LVL215:
 2463              	.LBB660:
 2464              	.LBI660:
  42:../../libDaisy/src/hid/disp/oled_display.h ****     {
 2465              		.loc 7 42 10 is_stmt 1 view .LVU591
 2466              	.LBB661:
 2467              	.LBI661:
 352:../../libDaisy/src/dev/oled_ssd130x.h ****     {
 2468              		.loc 8 352 10 view .LVU592
 2469              	.LBB662:
 354:../../libDaisy/src/dev/oled_ssd130x.h ****             return;
 2470              		.loc 8 354 9 is_stmt 0 view .LVU593
 2471 02fc BEF17F0F 		cmp	lr, #127
 2472 0300 3FF666AF 		bhi	.L152
 2473 0304 BAF13F0F 		cmp	r10, #63
 2474 0308 3FF662AF 		bhi	.L152
 357:../../libDaisy/src/dev/oled_ssd130x.h ****         else
 2475              		.loc 8 357 28 view .LVU594
 2476 030c 4FEADA0B 		lsr	fp, r10, #3
 357:../../libDaisy/src/dev/oled_ssd130x.h ****         else
 2477              		.loc 8 357 20 view .LVU595
 2478 0310 019F     		ldr	r7, [sp, #4]
 357:../../libDaisy/src/dev/oled_ssd130x.h ****         else
 2479              		.loc 8 357 54 view .LVU596
 2480 0312 0AF0070A 		and	r10, r10, #7
 2481              	.LVL216:
 357:../../libDaisy/src/dev/oled_ssd130x.h ****         else
 2482              		.loc 8 357 20 view .LVU597
 2483 0316 0EEBCB1E 		add	lr, lr, fp, lsl #7
 2484              	.LVL217:
 357:../../libDaisy/src/dev/oled_ssd130x.h ****         else
 2485              		.loc 8 357 48 view .LVU598
 2486 031a 4FF0010B 		mov	fp, #1
 357:../../libDaisy/src/dev/oled_ssd130x.h ****         else
 2487              		.loc 8 357 20 view .LVU599
 2488 031e BE44     		add	lr, lr, r7
 357:../../libDaisy/src/dev/oled_ssd130x.h ****         else
 2489              		.loc 8 357 48 view .LVU600
 2490 0320 0BFA0AFB 		lsl	fp, fp, r10
 357:../../libDaisy/src/dev/oled_ssd130x.h ****         else
 2491              		.loc 8 357 20 view .LVU601
 2492 0324 9EF814A0 		ldrb	r10, [lr, #20]	@ zero_extendqisi2
 356:../../libDaisy/src/dev/oled_ssd130x.h ****             buffer_[x + (y / 8) * width] |= (1 << (y % 8));
 2493              		.loc 8 356 9 view .LVU602
 2494 0328 B9F1000F 		cmp	r9, #0
 2495 032c 31D0     		beq	.L153
 357:../../libDaisy/src/dev/oled_ssd130x.h ****         else
 2496              		.loc 8 357 42 view .LVU603
 2497 032e 4AEA0B0A 		orr	r10, r10, fp
ARM GAS  /tmp/ccuCWtjx.s 			page 83


 2498 0332 8EF814A0 		strb	r10, [lr, #20]
 2499              	.LVL218:
 357:../../libDaisy/src/dev/oled_ssd130x.h ****         else
 2500              		.loc 8 357 42 view .LVU604
 2501              	.LBE662:
 2502              	.LBE661:
 2503              	.LBE660:
 368:../../libDaisy/src/hid/disp/display.h ****                 ((ChildType*)(this))
 2504              		.loc 9 368 13 view .LVU605
 2505 0336 0029     		cmp	r1, #0
 2506 0338 3FF44CAF 		beq	.L154
 2507 033c B7E7     		b	.L202
 2508              	.L213:
 2509 033e 00BF     		.align	3
 2510              	.L212:
 2511 0340 7A008BFC 		.word	-57999238
 2512 0344 FA210940 		.word	1074340346
 2513 0348 00000000 		.word	0
 2514 034c 00806640 		.word	1080459264
 2515              	.LVL219:
 2516              	.L141:
 358:../../libDaisy/src/hid/disp/display.h ****                     d2 = (t_sxy - t_syx < 0 && t_exy - t_eyx > 0);
 2517              		.loc 9 358 46 view .LVU606
 2518 0350 F1EE10FA 		vmrs	APSR_nzcv, FPSCR
 2519 0354 4BD4     		bmi	.L207
 358:../../libDaisy/src/hid/disp/display.h ****                     d2 = (t_sxy - t_syx < 0 && t_exy - t_eyx > 0);
 2520              		.loc 9 358 46 discriminator 4 view .LVU607
 2521 0356 009A     		ldr	r2, [sp]
 2522              	.L145:
 2523              	.LVL220:
 359:../../libDaisy/src/hid/disp/display.h ****                     d3 = (t_sxny - t_syx < 0 && t_exny - t_eyx > 0);
 2524              		.loc 9 359 33 view .LVU608
 2525 0358 74EEC54A 		vsub.f32	s9, s9, s10
 2526              	.LVL221:
 359:../../libDaisy/src/hid/disp/display.h ****                     d3 = (t_sxny - t_syx < 0 && t_exny - t_eyx > 0);
 2527              		.loc 9 359 45 view .LVU609
 2528 035c F5EEC04A 		vcmpe.f32	s9, #0
 2529 0360 F1EE10FA 		vmrs	APSR_nzcv, FPSCR
 2530 0364 39D4     		bmi	.L208
 359:../../libDaisy/src/hid/disp/display.h ****                     d3 = (t_sxny - t_syx < 0 && t_exny - t_eyx > 0);
 2531              		.loc 9 359 45 discriminator 4 view .LVU610
 2532 0366 0021     		movs	r1, #0
 2533              	.LVL222:
 2534              	.L147:
 360:../../libDaisy/src/hid/disp/display.h ****                     d4 = (t_sxny - t_synx < 0 && t_exny - t_eynx > 0);
 2535              		.loc 9 360 34 view .LVU611
 2536 0368 35EEC55A 		vsub.f32	s10, s11, s10
 2537              	.LVL223:
 360:../../libDaisy/src/hid/disp/display.h ****                     d4 = (t_sxny - t_synx < 0 && t_exny - t_eynx > 0);
 2538              		.loc 9 360 46 view .LVU612
 2539 036c B5EEC05A 		vcmpe.f32	s10, #0
 2540 0370 F1EE10FA 		vmrs	APSR_nzcv, FPSCR
 2541 0374 27D4     		bmi	.L209
 360:../../libDaisy/src/hid/disp/display.h ****                     d4 = (t_sxny - t_synx < 0 && t_exny - t_eynx > 0);
 2542              		.loc 9 360 46 discriminator 4 view .LVU613
 2543 0376 0024     		movs	r4, #0
 2544              	.LVL224:
ARM GAS  /tmp/ccuCWtjx.s 			page 84


 2545              	.L149:
 361:../../libDaisy/src/hid/disp/display.h ****                 }
 2546              		.loc 9 361 34 view .LVU614
 2547 0378 75EEC45A 		vsub.f32	s11, s11, s8
 2548              	.LVL225:
 361:../../libDaisy/src/hid/disp/display.h ****                 }
 2549              		.loc 9 361 47 view .LVU615
 2550 037c F5EEC05A 		vcmpe.f32	s11, #0
 2551 0380 F1EE10FA 		vmrs	APSR_nzcv, FPSCR
 2552 0384 3FF518AF 		bmi	.L200
 361:../../libDaisy/src/hid/disp/display.h ****                 }
 2553              		.loc 9 361 47 discriminator 4 view .LVU616
 2554 0388 0025     		movs	r5, #0
 2555              	.LVL226:
 365:../../libDaisy/src/hid/disp/display.h ****                 ((ChildType*)(this))
 2556              		.loc 9 365 13 view .LVU617
 2557 038a 002A     		cmp	r2, #0
 2558 038c 3FF420AF 		beq	.L152
 2559 0390 B0E7     		b	.L201
 2560              	.LVL227:
 2561              	.L153:
 2562              	.LBB667:
 2563              	.LBB666:
 2564              	.LBB665:
 2565              	.LBB663:
 2566              	.LBI663:
 352:../../libDaisy/src/dev/oled_ssd130x.h ****     {
 2567              		.loc 8 352 10 is_stmt 1 view .LVU618
 2568              	.LBB664:
 359:../../libDaisy/src/dev/oled_ssd130x.h ****     }
 2569              		.loc 8 359 42 is_stmt 0 view .LVU619
 2570 0392 2AEA0B0A 		bic	r10, r10, fp
 2571 0396 8EF814A0 		strb	r10, [lr, #20]
 2572              	.LVL228:
 359:../../libDaisy/src/dev/oled_ssd130x.h ****     }
 2573              		.loc 8 359 42 view .LVU620
 2574              	.LBE664:
 2575              	.LBE663:
 2576              	.LBE665:
 2577              	.LBE666:
 2578              	.LBE667:
 368:../../libDaisy/src/hid/disp/display.h ****                 ((ChildType*)(this))
 2579              		.loc 9 368 13 view .LVU621
 2580 039a 0029     		cmp	r1, #0
 2581 039c 3FF41AAF 		beq	.L154
 2582 03a0 85E7     		b	.L202
 2583              	.LVL229:
 2584              	.L155:
 2585              	.LBB668:
 2586              	.LBB659:
 2587              	.LBB658:
 2588              	.LBB656:
 2589              	.LBI656:
 352:../../libDaisy/src/dev/oled_ssd130x.h ****     {
 2590              		.loc 8 352 10 is_stmt 1 view .LVU622
 2591              	.LBB657:
 359:../../libDaisy/src/dev/oled_ssd130x.h ****     }
ARM GAS  /tmp/ccuCWtjx.s 			page 85


 2592              		.loc 8 359 42 is_stmt 0 view .LVU623
 2593 03a2 2AEA0B0A 		bic	r10, r10, fp
 2594 03a6 8EF814A0 		strb	r10, [lr, #20]
 2595              	.LVL230:
 359:../../libDaisy/src/dev/oled_ssd130x.h ****     }
 2596              		.loc 8 359 42 view .LVU624
 2597              	.LBE657:
 2598              	.LBE656:
 2599              	.LBE658:
 2600              	.LBE659:
 2601              	.LBE668:
 371:../../libDaisy/src/hid/disp/display.h ****                 ((ChildType*)(this))
 2602              		.loc 9 371 13 view .LVU625
 2603 03aa 002C     		cmp	r4, #0
 2604 03ac 3FF413AF 		beq	.L156
 2605 03b0 30E7     		b	.L203
 2606              	.LVL231:
 2607              	.L159:
 2608              	.LBB669:
 2609              	.LBB651:
 2610              	.LBB649:
 2611              	.LBB646:
 2612              	.LBI646:
 352:../../libDaisy/src/dev/oled_ssd130x.h ****     {
 2613              		.loc 8 352 10 is_stmt 1 view .LVU626
 2614              	.LBB647:
 359:../../libDaisy/src/dev/oled_ssd130x.h ****     }
 2615              		.loc 8 359 42 is_stmt 0 view .LVU627
 2616 03b2 2AEA0B0A 		bic	r10, r10, fp
 2617 03b6 8EF814A0 		strb	r10, [lr, #20]
 2618              	.LVL232:
 359:../../libDaisy/src/dev/oled_ssd130x.h ****     }
 2619              		.loc 8 359 42 view .LVU628
 2620 03ba 0EE7     		b	.L158
 2621              	.LVL233:
 2622              	.L157:
 359:../../libDaisy/src/dev/oled_ssd130x.h ****     }
 2623              		.loc 8 359 42 view .LVU629
 2624              	.LBE647:
 2625              	.LBE646:
 2626              	.LBE649:
 2627              	.LBE651:
 2628              	.LBE669:
 2629              	.LBB670:
 2630              	.LBB642:
 2631              	.LBB641:
 2632              	.LBB639:
 2633              	.LBI639:
 352:../../libDaisy/src/dev/oled_ssd130x.h ****     {
 2634              		.loc 8 352 10 is_stmt 1 view .LVU630
 2635              	.LBB640:
 359:../../libDaisy/src/dev/oled_ssd130x.h ****     }
 2636              		.loc 8 359 42 is_stmt 0 view .LVU631
 2637 03bc 2AEA0B0A 		bic	r10, r10, fp
 2638 03c0 8EF814A0 		strb	r10, [lr, #20]
 2639              	.LVL234:
 359:../../libDaisy/src/dev/oled_ssd130x.h ****     }
ARM GAS  /tmp/ccuCWtjx.s 			page 86


 2640              		.loc 8 359 42 view .LVU632
 2641 03c4 07E7     		b	.L156
 2642              	.LVL235:
 2643              	.L209:
 359:../../libDaisy/src/dev/oled_ssd130x.h ****     }
 2644              		.loc 8 359 42 view .LVU633
 2645              	.LBE640:
 2646              	.LBE639:
 2647              	.LBE641:
 2648              	.LBE642:
 2649              	.LBE670:
 360:../../libDaisy/src/hid/disp/display.h ****                     d4 = (t_sxny - t_synx < 0 && t_exny - t_eynx > 0);
 2650              		.loc 9 360 56 discriminator 1 view .LVU634
 2651 03c6 77EEE66A 		vsub.f32	s13, s15, s13
 2652              	.LVL236:
 360:../../libDaisy/src/hid/disp/display.h ****                     d4 = (t_sxny - t_synx < 0 && t_exny - t_eynx > 0);
 2653              		.loc 9 360 46 discriminator 1 view .LVU635
 2654 03ca F5EEC06A 		vcmpe.f32	s13, #0
 2655 03ce F1EE10FA 		vmrs	APSR_nzcv, FPSCR
 2656 03d2 CCBF     		ite	gt
 2657 03d4 0124     		movgt	r4, #1
 2658              	.LVL237:
 360:../../libDaisy/src/hid/disp/display.h ****                     d4 = (t_sxny - t_synx < 0 && t_exny - t_eynx > 0);
 2659              		.loc 9 360 46 discriminator 1 view .LVU636
 2660 03d6 0024     		movle	r4, #0
 2661 03d8 CEE7     		b	.L149
 2662              	.LVL238:
 2663              	.L208:
 359:../../libDaisy/src/hid/disp/display.h ****                     d3 = (t_sxny - t_syx < 0 && t_exny - t_eyx > 0);
 2664              		.loc 9 359 54 discriminator 1 view .LVU637
 2665 03da 36EE666A 		vsub.f32	s12, s12, s13
 2666              	.LVL239:
 359:../../libDaisy/src/hid/disp/display.h ****                     d3 = (t_sxny - t_syx < 0 && t_exny - t_eyx > 0);
 2667              		.loc 9 359 45 discriminator 1 view .LVU638
 2668 03de B5EEC06A 		vcmpe.f32	s12, #0
 2669 03e2 F1EE10FA 		vmrs	APSR_nzcv, FPSCR
 2670 03e6 CCBF     		ite	gt
 2671 03e8 0121     		movgt	r1, #1
 2672 03ea 0021     		movle	r1, #0
 2673 03ec BCE7     		b	.L147
 2674              	.LVL240:
 2675              	.L207:
 358:../../libDaisy/src/hid/disp/display.h ****                     d2 = (t_sxy - t_syx < 0 && t_exy - t_eyx > 0);
 2676              		.loc 9 358 55 discriminator 1 view .LVU639
 2677 03ee 76EE473A 		vsub.f32	s7, s12, s14
 358:../../libDaisy/src/hid/disp/display.h ****                     d2 = (t_sxy - t_syx < 0 && t_exy - t_eyx > 0);
 2678              		.loc 9 358 46 discriminator 1 view .LVU640
 2679 03f2 F5EEC03A 		vcmpe.f32	s7, #0
 2680 03f6 F1EE10FA 		vmrs	APSR_nzcv, FPSCR
 2681 03fa CCBF     		ite	gt
 2682 03fc 0122     		movgt	r2, #1
 2683 03fe 0022     		movle	r2, #0
 2684 0400 AAE7     		b	.L145
 2685              	.LVL241:
 2686              	.L171:
 354:../../libDaisy/src/hid/disp/display.h ****                 }
 2687              		.loc 9 354 47 discriminator 3 view .LVU641
ARM GAS  /tmp/ccuCWtjx.s 			page 87


 2688 0402 0125     		movs	r5, #1
 2689              	.LVL242:
 365:../../libDaisy/src/hid/disp/display.h ****                 ((ChildType*)(this))
 2690              		.loc 9 365 13 view .LVU642
 2691 0404 002A     		cmp	r2, #0
 2692 0406 3FF4E3AE 		beq	.L152
 365:../../libDaisy/src/hid/disp/display.h ****                 ((ChildType*)(this))
 2693              		.loc 9 365 13 view .LVU643
 2694 040a 73E7     		b	.L201
 2695              	.LVL243:
 2696              	.L168:
 352:../../libDaisy/src/hid/disp/display.h ****                     d3 = (t_sxny - t_syx < 0 || t_exny - t_eyx > 0);
 2697              		.loc 9 352 33 view .LVU644
 2698 040c 74EEC54A 		vsub.f32	s9, s9, s10
 2699              	.LVL244:
 351:../../libDaisy/src/hid/disp/display.h ****                     d2 = (t_sxy - t_syx < 0 || t_exy - t_eyx > 0);
 2700              		.loc 9 351 46 discriminator 3 view .LVU645
 2701 0410 0122     		movs	r2, #1
 2702              	.LVL245:
 352:../../libDaisy/src/hid/disp/display.h ****                     d3 = (t_sxny - t_syx < 0 || t_exny - t_eyx > 0);
 2703              		.loc 9 352 45 view .LVU646
 2704 0412 F5EEC04A 		vcmpe.f32	s9, #0
 2705 0416 F1EE10FA 		vmrs	APSR_nzcv, FPSCR
 2706 041a 7FF5ABAE 		bpl	.L210
 2707              	.L169:
 353:../../libDaisy/src/hid/disp/display.h ****                     d4 = (t_sxny - t_synx < 0 || t_exny - t_eynx > 0);
 2708              		.loc 9 353 34 view .LVU647
 2709 041e 35EEC55A 		vsub.f32	s10, s11, s10
 2710              	.LVL246:
 352:../../libDaisy/src/hid/disp/display.h ****                     d3 = (t_sxny - t_syx < 0 || t_exny - t_eyx > 0);
 2711              		.loc 9 352 45 discriminator 3 view .LVU648
 2712 0422 0121     		movs	r1, #1
 2713              	.LVL247:
 353:../../libDaisy/src/hid/disp/display.h ****                     d4 = (t_sxny - t_synx < 0 || t_exny - t_eynx > 0);
 2714              		.loc 9 353 46 view .LVU649
 2715 0424 B5EEC05A 		vcmpe.f32	s10, #0
 2716 0428 F1EE10FA 		vmrs	APSR_nzcv, FPSCR
 2717 042c 7FF5B3AE 		bpl	.L211
 2718              	.LVL248:
 2719              	.L170:
 353:../../libDaisy/src/hid/disp/display.h ****                     d4 = (t_sxny - t_synx < 0 || t_exny - t_eynx > 0);
 2720              		.loc 9 353 46 discriminator 3 view .LVU650
 2721 0430 0124     		movs	r4, #1
 2722              	.LVL249:
 353:../../libDaisy/src/hid/disp/display.h ****                     d4 = (t_sxny - t_synx < 0 || t_exny - t_eynx > 0);
 2723              		.loc 9 353 46 discriminator 3 view .LVU651
 2724 0432 B9E6     		b	.L144
 2725              		.cfi_endproc
 2726              	.LFE2452:
 2728              		.section	.text._ZN5daisy25OneBitGraphicsDisplayImplINS_11OledDisplayINS_13SSD130xDriverILj128ELj64
 2729              		.align	1
 2730              		.p2align 2,,3
 2731              		.weak	_ZN5daisy25OneBitGraphicsDisplayImplINS_11OledDisplayINS_13SSD130xDriverILj128ELj64ENS_24SSD
 2732              		.syntax unified
 2733              		.thumb
 2734              		.thumb_func
 2736              	_ZN5daisy25OneBitGraphicsDisplayImplINS_11OledDisplayINS_13SSD130xDriverILj128ELj64ENS_24SSD130x4Wi
ARM GAS  /tmp/ccuCWtjx.s 			page 88


 2737              	.LVL250:
 2738              	.LFB2453:
 459:../../libDaisy/src/hid/disp/display.h **** 
 460:../../libDaisy/src/hid/disp/display.h ****     Rectangle WriteStringAligned(const char*    str,
 2739              		.loc 9 460 15 is_stmt 1 view -0
 2740              		.cfi_startproc
 2741              		@ args = 12, pretend = 0, frame = 40
 2742              		@ frame_needed = 0, uses_anonymous_args = 0
 2743              		.loc 9 460 15 is_stmt 0 view .LVU653
 2744 0000 2DE9F04F 		push	{r4, r5, r6, r7, r8, r9, r10, fp, lr}
 2745              		.cfi_def_cfa_offset 36
 2746              		.cfi_offset 4, -36
 2747              		.cfi_offset 5, -32
 2748              		.cfi_offset 6, -28
 2749              		.cfi_offset 7, -24
 2750              		.cfi_offset 8, -20
 2751              		.cfi_offset 9, -16
 2752              		.cfi_offset 10, -12
 2753              		.cfi_offset 11, -8
 2754              		.cfi_offset 14, -4
 2755 0004 0746     		mov	r7, r0
 2756              	.LBB930:
 2757              	.LBB931:
 2758              	.LBB932:
 2759              	.LBB933:
 461:../../libDaisy/src/hid/disp/display.h ****                                  const FontDef& font,
 462:../../libDaisy/src/hid/disp/display.h ****                                  Rectangle      boundingBox,
 463:../../libDaisy/src/hid/disp/display.h ****                                  Alignment      alignment,
 464:../../libDaisy/src/hid/disp/display.h ****                                  bool           on) override
 465:../../libDaisy/src/hid/disp/display.h ****     {
 466:../../libDaisy/src/hid/disp/display.h ****         const auto alignedRect
 467:../../libDaisy/src/hid/disp/display.h ****             = GetTextRect(str, font).AlignedWithin(boundingBox, alignment);
 468:../../libDaisy/src/hid/disp/display.h ****         SetCursor(alignedRect.GetX(), alignedRect.GetY());
 469:../../libDaisy/src/hid/disp/display.h ****         ((ChildType*)(this))->ChildType::WriteString(str, font, on);
 470:../../libDaisy/src/hid/disp/display.h ****         return alignedRect;
 471:../../libDaisy/src/hid/disp/display.h ****     }
 472:../../libDaisy/src/hid/disp/display.h **** 
 473:../../libDaisy/src/hid/disp/display.h ****   private:
 474:../../libDaisy/src/hid/disp/display.h ****     uint32_t strlen(const char* string)
 475:../../libDaisy/src/hid/disp/display.h ****     {
 476:../../libDaisy/src/hid/disp/display.h ****         uint32_t result = 0;
 477:../../libDaisy/src/hid/disp/display.h ****         while(*string++ != '\0')
 2760              		.loc 9 477 25 view .LVU654
 2761 0006 1046     		mov	r0, r2
 2762              	.LVL251:
 2763              		.loc 9 477 25 view .LVU655
 2764              	.LBE933:
 2765              	.LBE932:
 2766              	.LBE931:
 2767              	.LBE930:
 460:../../libDaisy/src/hid/disp/display.h ****                                  const FontDef& font,
 2768              		.loc 9 460 15 view .LVU656
 2769 0008 8BB0     		sub	sp, sp, #44
 2770              		.cfi_def_cfa_offset 80
 460:../../libDaisy/src/hid/disp/display.h ****                                  const FontDef& font,
 2771              		.loc 9 460 15 view .LVU657
 2772 000a 9946     		mov	r9, r3
ARM GAS  /tmp/ccuCWtjx.s 			page 89


 2773              	.LBB953:
 2774              	.LBB949:
 2775              	.LBB937:
 2776              	.LBB934:
 2777              		.loc 9 477 25 view .LVU658
 2778 000c 10F8013B 		ldrb	r3, [r0], #1	@ zero_extendqisi2
 2779              	.LVL252:
 2780              		.loc 9 477 25 view .LVU659
 2781              	.LBE934:
 2782              	.LBE937:
 2783              	.LBE949:
 2784              	.LBE953:
 460:../../libDaisy/src/hid/disp/display.h ****                                  const FontDef& font,
 2785              		.loc 9 460 15 view .LVU660
 2786 0010 9246     		mov	r10, r2
 2787 0012 8B46     		mov	fp, r1
 2788              	.LVL253:
 2789              	.LBB954:
 2790              	.LBI930:
 478:../../libDaisy/src/hid/disp/display.h ****             result++;
 479:../../libDaisy/src/hid/disp/display.h ****         return result;
 480:../../libDaisy/src/hid/disp/display.h ****     }
 481:../../libDaisy/src/hid/disp/display.h **** 
 482:../../libDaisy/src/hid/disp/display.h ****     Rectangle GetTextRect(const char* text, const FontDef& font)
 2791              		.loc 9 482 15 is_stmt 1 view .LVU661
 2792              	.LBB950:
 2793              	.LBB938:
 2794              	.LBI932:
 474:../../libDaisy/src/hid/disp/display.h ****     {
 2795              		.loc 9 474 14 view .LVU662
 2796              	.LBB935:
 477:../../libDaisy/src/hid/disp/display.h ****             result++;
 2797              		.loc 9 477 25 view .LVU663
 477:../../libDaisy/src/hid/disp/display.h ****             result++;
 2798              		.loc 9 477 25 is_stmt 0 view .LVU664
 2799              	.LBE935:
 2800              	.LBE938:
 2801              	.LBE950:
 2802              	.LBE954:
 460:../../libDaisy/src/hid/disp/display.h ****                                  const FontDef& font,
 2803              		.loc 9 460 15 view .LVU665
 2804 0014 149D     		ldr	r5, [sp, #80]
 2805 0016 159C     		ldr	r4, [sp, #84]
 2806 0018 9DF85880 		ldrb	r8, [sp, #88]	@ zero_extendqisi2
 2807              	.LBB955:
 2808              	.LBB951:
 2809              	.LBB939:
 2810              	.LBB936:
 477:../../libDaisy/src/hid/disp/display.h ****             result++;
 2811              		.loc 9 477 25 view .LVU666
 2812 001c 1BB1     		cbz	r3, .L215
 2813 001e FFF7FEFF 		bl	strlen
 2814              	.LVL254:
 477:../../libDaisy/src/hid/disp/display.h ****             result++;
 2815              		.loc 9 477 25 view .LVU667
 2816              	.LBE936:
 2817              	.LBE939:
ARM GAS  /tmp/ccuCWtjx.s 			page 90


 483:../../libDaisy/src/hid/disp/display.h ****     {
 484:../../libDaisy/src/hid/disp/display.h ****         const auto numChars = strlen(text);
 485:../../libDaisy/src/hid/disp/display.h ****         return {int16_t(numChars * font.FontWidth), font.FontHeight};
 2818              		.loc 9 485 68 view .LVU668
 2819 0022 431C     		adds	r3, r0, #1
 2820 0024 9BB2     		uxth	r3, r3
 2821              	.L215:
 2822              	.LVL255:
 2823              		.loc 9 485 68 view .LVU669
 2824 0026 99F80020 		ldrb	r2, [r9]	@ zero_extendqisi2
 2825              		.loc 9 485 58 view .LVU670
 2826 002a 99F801E0 		ldrb	lr, [r9, #1]	@ zero_extendqisi2
 2827              		.loc 9 485 68 view .LVU671
 2828 002e 12FB03F3 		smulbb	r3, r2, r3
 2829 0032 B5F900C0 		ldrsh	ip, [r5]
 2830 0036 0FFA8EF6 		sxth	r6, lr
 2831              	.LVL256:
 2832              	.LBB940:
 2833              	.LBI940:
 2834              		.file 11 "../../libDaisy/src/hid/disp/graphics_common.h"
   1:../../libDaisy/src/hid/disp/graphics_common.h **** #pragma once
   2:../../libDaisy/src/hid/disp/graphics_common.h **** 
   3:../../libDaisy/src/hid/disp/graphics_common.h **** #include <cstdint>
   4:../../libDaisy/src/hid/disp/graphics_common.h **** 
   5:../../libDaisy/src/hid/disp/graphics_common.h **** namespace daisy
   6:../../libDaisy/src/hid/disp/graphics_common.h **** {
   7:../../libDaisy/src/hid/disp/graphics_common.h **** /** Justifications */
   8:../../libDaisy/src/hid/disp/graphics_common.h **** enum class Alignment
   9:../../libDaisy/src/hid/disp/graphics_common.h **** {
  10:../../libDaisy/src/hid/disp/graphics_common.h ****     centered,
  11:../../libDaisy/src/hid/disp/graphics_common.h ****     topLeft,
  12:../../libDaisy/src/hid/disp/graphics_common.h ****     topCentered,
  13:../../libDaisy/src/hid/disp/graphics_common.h ****     topRight,
  14:../../libDaisy/src/hid/disp/graphics_common.h ****     bottomLeft,
  15:../../libDaisy/src/hid/disp/graphics_common.h ****     bottomCentered,
  16:../../libDaisy/src/hid/disp/graphics_common.h ****     bottomRight,
  17:../../libDaisy/src/hid/disp/graphics_common.h ****     centeredLeft,
  18:../../libDaisy/src/hid/disp/graphics_common.h ****     centeredRight
  19:../../libDaisy/src/hid/disp/graphics_common.h **** };
  20:../../libDaisy/src/hid/disp/graphics_common.h **** 
  21:../../libDaisy/src/hid/disp/graphics_common.h **** class Rectangle
  22:../../libDaisy/src/hid/disp/graphics_common.h **** {
  23:../../libDaisy/src/hid/disp/graphics_common.h ****   public:
  24:../../libDaisy/src/hid/disp/graphics_common.h ****     Rectangle() : x_(0), y_(0), width_(0), height_(0) {}
  25:../../libDaisy/src/hid/disp/graphics_common.h **** 
  26:../../libDaisy/src/hid/disp/graphics_common.h ****     Rectangle(int16_t width, int16_t height)
 2835              		.loc 11 26 5 is_stmt 1 view .LVU672
 2836              	.LBB941:
 2837              	.LBI941:
  27:../../libDaisy/src/hid/disp/graphics_common.h ****     : x_(0), y_(0), width_(max(0, width)), height_(max(0, height))
  28:../../libDaisy/src/hid/disp/graphics_common.h ****     {
  29:../../libDaisy/src/hid/disp/graphics_common.h ****     }
  30:../../libDaisy/src/hid/disp/graphics_common.h **** 
  31:../../libDaisy/src/hid/disp/graphics_common.h ****     Rectangle(int16_t x, int16_t y, int16_t width, int16_t height)
  32:../../libDaisy/src/hid/disp/graphics_common.h ****     : x_(x), y_(y), width_(max(0, width)), height_(max(0, height))
  33:../../libDaisy/src/hid/disp/graphics_common.h ****     {
  34:../../libDaisy/src/hid/disp/graphics_common.h ****     }
ARM GAS  /tmp/ccuCWtjx.s 			page 91


  35:../../libDaisy/src/hid/disp/graphics_common.h **** 
  36:../../libDaisy/src/hid/disp/graphics_common.h ****     Rectangle(const Rectangle& other) { *this = other; }
  37:../../libDaisy/src/hid/disp/graphics_common.h **** 
  38:../../libDaisy/src/hid/disp/graphics_common.h ****     Rectangle& operator=(const Rectangle& other)
  39:../../libDaisy/src/hid/disp/graphics_common.h ****     {
  40:../../libDaisy/src/hid/disp/graphics_common.h ****         x_      = other.x_;
  41:../../libDaisy/src/hid/disp/graphics_common.h ****         y_      = other.y_;
  42:../../libDaisy/src/hid/disp/graphics_common.h ****         width_  = other.width_;
  43:../../libDaisy/src/hid/disp/graphics_common.h ****         height_ = other.height_;
  44:../../libDaisy/src/hid/disp/graphics_common.h ****         return *this;
  45:../../libDaisy/src/hid/disp/graphics_common.h ****     }
  46:../../libDaisy/src/hid/disp/graphics_common.h **** 
  47:../../libDaisy/src/hid/disp/graphics_common.h ****     bool operator==(const Rectangle& other) const
  48:../../libDaisy/src/hid/disp/graphics_common.h ****     {
  49:../../libDaisy/src/hid/disp/graphics_common.h ****         return (x_ == other.x_) && (y_ == other.y_) && (width_ == other.width_)
  50:../../libDaisy/src/hid/disp/graphics_common.h ****                && (height_ == other.height_);
  51:../../libDaisy/src/hid/disp/graphics_common.h ****     }
  52:../../libDaisy/src/hid/disp/graphics_common.h ****     bool operator!=(const Rectangle& other) const { return !(*this == other); }
  53:../../libDaisy/src/hid/disp/graphics_common.h **** 
  54:../../libDaisy/src/hid/disp/graphics_common.h ****     bool IsEmpty() const { return (width_ <= 0) || (height_ <= 0); }
  55:../../libDaisy/src/hid/disp/graphics_common.h **** 
  56:../../libDaisy/src/hid/disp/graphics_common.h ****     int16_t GetX() const { return x_; }
  57:../../libDaisy/src/hid/disp/graphics_common.h ****     int16_t GetY() const { return y_; }
  58:../../libDaisy/src/hid/disp/graphics_common.h ****     int16_t GetWidth() const { return width_; }
  59:../../libDaisy/src/hid/disp/graphics_common.h ****     int16_t GetHeight() const { return height_; }
  60:../../libDaisy/src/hid/disp/graphics_common.h ****     int16_t GetRight() const { return x_ + width_; }
  61:../../libDaisy/src/hid/disp/graphics_common.h ****     int16_t GetBottom() const { return y_ + height_; }
  62:../../libDaisy/src/hid/disp/graphics_common.h ****     int16_t GetCenterX() const { return x_ + width_ / 2; }
  63:../../libDaisy/src/hid/disp/graphics_common.h ****     int16_t GetCenterY() const { return y_ + height_ / 2; }
  64:../../libDaisy/src/hid/disp/graphics_common.h **** 
  65:../../libDaisy/src/hid/disp/graphics_common.h ****     Rectangle WithX(int16_t x) const { return {x, y_, width_, height_}; }
  66:../../libDaisy/src/hid/disp/graphics_common.h ****     Rectangle WithY(int16_t y) const { return {x_, y, width_, height_}; }
  67:../../libDaisy/src/hid/disp/graphics_common.h ****     Rectangle WithWidth(int16_t width) const
  68:../../libDaisy/src/hid/disp/graphics_common.h ****     {
  69:../../libDaisy/src/hid/disp/graphics_common.h ****         return {x_, y_, width, height_};
  70:../../libDaisy/src/hid/disp/graphics_common.h ****     }
  71:../../libDaisy/src/hid/disp/graphics_common.h ****     Rectangle WithHeight(int16_t height) const
  72:../../libDaisy/src/hid/disp/graphics_common.h ****     {
  73:../../libDaisy/src/hid/disp/graphics_common.h ****         return {x_, y_, width_, height};
  74:../../libDaisy/src/hid/disp/graphics_common.h ****     }
  75:../../libDaisy/src/hid/disp/graphics_common.h ****     Rectangle WithSize(int16_t width, int16_t height) const
  76:../../libDaisy/src/hid/disp/graphics_common.h ****     {
  77:../../libDaisy/src/hid/disp/graphics_common.h ****         return {x_, y_, width, height};
  78:../../libDaisy/src/hid/disp/graphics_common.h ****     }
  79:../../libDaisy/src/hid/disp/graphics_common.h ****     Rectangle WithWidthKeepingCenter(int16_t width) const
  80:../../libDaisy/src/hid/disp/graphics_common.h ****     {
  81:../../libDaisy/src/hid/disp/graphics_common.h ****         return Rectangle(x_, y_, width, height_)
  82:../../libDaisy/src/hid/disp/graphics_common.h ****             .WithCenter(GetCenterX(), GetCenterY());
  83:../../libDaisy/src/hid/disp/graphics_common.h ****     }
  84:../../libDaisy/src/hid/disp/graphics_common.h ****     Rectangle WithHeightKeepingCenter(int16_t height) const
  85:../../libDaisy/src/hid/disp/graphics_common.h ****     {
  86:../../libDaisy/src/hid/disp/graphics_common.h ****         return Rectangle(x_, y_, width_, height)
  87:../../libDaisy/src/hid/disp/graphics_common.h ****             .WithCenter(GetCenterX(), GetCenterY());
  88:../../libDaisy/src/hid/disp/graphics_common.h ****     }
  89:../../libDaisy/src/hid/disp/graphics_common.h ****     Rectangle WithSizeKeepingCenter(int16_t width, int16_t height) const
  90:../../libDaisy/src/hid/disp/graphics_common.h ****     {
  91:../../libDaisy/src/hid/disp/graphics_common.h ****         return Rectangle(x_, y_, width, height)
ARM GAS  /tmp/ccuCWtjx.s 			page 92


  92:../../libDaisy/src/hid/disp/graphics_common.h ****             .WithCenter(GetCenterX(), GetCenterY());
  93:../../libDaisy/src/hid/disp/graphics_common.h ****     }
  94:../../libDaisy/src/hid/disp/graphics_common.h **** 
  95:../../libDaisy/src/hid/disp/graphics_common.h ****     Rectangle Reduced(int16_t sizeToReduce) const
  96:../../libDaisy/src/hid/disp/graphics_common.h ****     {
  97:../../libDaisy/src/hid/disp/graphics_common.h ****         return {int16_t(x_ + sizeToReduce),
  98:../../libDaisy/src/hid/disp/graphics_common.h ****                 int16_t(y_ + sizeToReduce),
  99:../../libDaisy/src/hid/disp/graphics_common.h ****                 int16_t(width_ - 2 * sizeToReduce),
 100:../../libDaisy/src/hid/disp/graphics_common.h ****                 int16_t(height_ - 2 * sizeToReduce)};
 101:../../libDaisy/src/hid/disp/graphics_common.h ****     }
 102:../../libDaisy/src/hid/disp/graphics_common.h ****     Rectangle Reduced(int16_t xToReduce, int16_t yToReduce) const
 103:../../libDaisy/src/hid/disp/graphics_common.h ****     {
 104:../../libDaisy/src/hid/disp/graphics_common.h ****         return {int16_t(x_ + xToReduce),
 105:../../libDaisy/src/hid/disp/graphics_common.h ****                 int16_t(y_ + yToReduce),
 106:../../libDaisy/src/hid/disp/graphics_common.h ****                 int16_t(width_ - 2 * xToReduce),
 107:../../libDaisy/src/hid/disp/graphics_common.h ****                 int16_t(height_ - 2 * yToReduce)};
 108:../../libDaisy/src/hid/disp/graphics_common.h ****     }
 109:../../libDaisy/src/hid/disp/graphics_common.h **** 
 110:../../libDaisy/src/hid/disp/graphics_common.h ****     Rectangle Translated(int16_t x, int16_t y) const
 111:../../libDaisy/src/hid/disp/graphics_common.h ****     {
 112:../../libDaisy/src/hid/disp/graphics_common.h ****         return {int16_t(x_ + x), int16_t(y_ + y), width_, height_};
 113:../../libDaisy/src/hid/disp/graphics_common.h ****     }
 114:../../libDaisy/src/hid/disp/graphics_common.h **** 
 115:../../libDaisy/src/hid/disp/graphics_common.h ****     Rectangle WithLeft(int16_t left) const
 116:../../libDaisy/src/hid/disp/graphics_common.h ****     {
 117:../../libDaisy/src/hid/disp/graphics_common.h ****         const auto newWidth = int16_t((x_ - left) + width_);
 118:../../libDaisy/src/hid/disp/graphics_common.h ****         return {left, y_, newWidth, height_};
 119:../../libDaisy/src/hid/disp/graphics_common.h ****     }
 120:../../libDaisy/src/hid/disp/graphics_common.h **** 
 121:../../libDaisy/src/hid/disp/graphics_common.h ****     Rectangle WithRight(int16_t right) const
 122:../../libDaisy/src/hid/disp/graphics_common.h ****     {
 123:../../libDaisy/src/hid/disp/graphics_common.h ****         const auto newWidth = int16_t(right - x_);
 124:../../libDaisy/src/hid/disp/graphics_common.h ****         return {x_, y_, newWidth, height_};
 125:../../libDaisy/src/hid/disp/graphics_common.h ****     }
 126:../../libDaisy/src/hid/disp/graphics_common.h **** 
 127:../../libDaisy/src/hid/disp/graphics_common.h ****     Rectangle WithTop(int16_t top) const
 128:../../libDaisy/src/hid/disp/graphics_common.h ****     {
 129:../../libDaisy/src/hid/disp/graphics_common.h ****         const auto newHeight = int16_t((y_ - top) + height_);
 130:../../libDaisy/src/hid/disp/graphics_common.h ****         return {x_, top, width_, newHeight};
 131:../../libDaisy/src/hid/disp/graphics_common.h ****     }
 132:../../libDaisy/src/hid/disp/graphics_common.h **** 
 133:../../libDaisy/src/hid/disp/graphics_common.h ****     Rectangle WithBottom(int16_t bottom) const
 134:../../libDaisy/src/hid/disp/graphics_common.h ****     {
 135:../../libDaisy/src/hid/disp/graphics_common.h ****         const auto newHeight = int16_t(bottom - y_);
 136:../../libDaisy/src/hid/disp/graphics_common.h ****         return {x_, y_, width_, newHeight};
 137:../../libDaisy/src/hid/disp/graphics_common.h ****     }
 138:../../libDaisy/src/hid/disp/graphics_common.h **** 
 139:../../libDaisy/src/hid/disp/graphics_common.h ****     Rectangle WithTrimmedLeft(int16_t pxToTrim) const
 140:../../libDaisy/src/hid/disp/graphics_common.h ****     {
 141:../../libDaisy/src/hid/disp/graphics_common.h ****         return {
 142:../../libDaisy/src/hid/disp/graphics_common.h ****             int16_t(x_ + pxToTrim), y_, int16_t(width_ - pxToTrim), height_};
 143:../../libDaisy/src/hid/disp/graphics_common.h ****     }
 144:../../libDaisy/src/hid/disp/graphics_common.h **** 
 145:../../libDaisy/src/hid/disp/graphics_common.h ****     Rectangle WithTrimmedRight(int16_t pxToTrim) const
 146:../../libDaisy/src/hid/disp/graphics_common.h ****     {
 147:../../libDaisy/src/hid/disp/graphics_common.h ****         return {x_, y_, int16_t(width_ - pxToTrim), height_};
 148:../../libDaisy/src/hid/disp/graphics_common.h ****     }
ARM GAS  /tmp/ccuCWtjx.s 			page 93


 149:../../libDaisy/src/hid/disp/graphics_common.h **** 
 150:../../libDaisy/src/hid/disp/graphics_common.h ****     Rectangle WithTrimmedTop(int16_t pxToTrim) const
 151:../../libDaisy/src/hid/disp/graphics_common.h ****     {
 152:../../libDaisy/src/hid/disp/graphics_common.h ****         return {
 153:../../libDaisy/src/hid/disp/graphics_common.h ****             x_, int16_t(y_ + pxToTrim), width_, int16_t(height_ - pxToTrim)};
 154:../../libDaisy/src/hid/disp/graphics_common.h ****     }
 155:../../libDaisy/src/hid/disp/graphics_common.h **** 
 156:../../libDaisy/src/hid/disp/graphics_common.h ****     Rectangle WithTrimmedBottom(int16_t pxToTrim) const
 157:../../libDaisy/src/hid/disp/graphics_common.h ****     {
 158:../../libDaisy/src/hid/disp/graphics_common.h ****         return {x_, y_, width_, int16_t(height_ - pxToTrim)};
 159:../../libDaisy/src/hid/disp/graphics_common.h ****     }
 160:../../libDaisy/src/hid/disp/graphics_common.h **** 
 161:../../libDaisy/src/hid/disp/graphics_common.h ****     Rectangle WithCenterX(int16_t centerX) const
 162:../../libDaisy/src/hid/disp/graphics_common.h ****     {
 163:../../libDaisy/src/hid/disp/graphics_common.h ****         return {int16_t(x_ + centerX - GetCenterX()), y_, width_, height_};
 164:../../libDaisy/src/hid/disp/graphics_common.h ****     }
 165:../../libDaisy/src/hid/disp/graphics_common.h **** 
 166:../../libDaisy/src/hid/disp/graphics_common.h ****     Rectangle WithCenterY(int16_t centerY) const
 167:../../libDaisy/src/hid/disp/graphics_common.h ****     {
 168:../../libDaisy/src/hid/disp/graphics_common.h ****         return {x_, int16_t(y_ + centerY - GetCenterY()), width_, height_};
 169:../../libDaisy/src/hid/disp/graphics_common.h ****     }
 170:../../libDaisy/src/hid/disp/graphics_common.h **** 
 171:../../libDaisy/src/hid/disp/graphics_common.h ****     Rectangle WithCenter(int16_t centerX, int16_t centerY) const
 172:../../libDaisy/src/hid/disp/graphics_common.h ****     {
 173:../../libDaisy/src/hid/disp/graphics_common.h ****         return {int16_t(x_ + centerX - GetCenterX()),
 174:../../libDaisy/src/hid/disp/graphics_common.h ****                 int16_t(y_ + centerY - GetCenterY()),
 175:../../libDaisy/src/hid/disp/graphics_common.h ****                 width_,
 176:../../libDaisy/src/hid/disp/graphics_common.h ****                 height_};
 177:../../libDaisy/src/hid/disp/graphics_common.h ****     }
 178:../../libDaisy/src/hid/disp/graphics_common.h **** 
 179:../../libDaisy/src/hid/disp/graphics_common.h ****     Rectangle RemoveFromLeft(int16_t pxToRemove)
 180:../../libDaisy/src/hid/disp/graphics_common.h ****     {
 181:../../libDaisy/src/hid/disp/graphics_common.h ****         const auto result = this->WithWidth(min(pxToRemove, width_));
 182:../../libDaisy/src/hid/disp/graphics_common.h ****         x_ += min(pxToRemove, width_);
 183:../../libDaisy/src/hid/disp/graphics_common.h ****         width_ = max(int16_t(width_ - pxToRemove), 0);
 184:../../libDaisy/src/hid/disp/graphics_common.h ****         return result;
 185:../../libDaisy/src/hid/disp/graphics_common.h ****     }
 186:../../libDaisy/src/hid/disp/graphics_common.h **** 
 187:../../libDaisy/src/hid/disp/graphics_common.h ****     Rectangle RemoveFromRight(int16_t pxToRemove)
 188:../../libDaisy/src/hid/disp/graphics_common.h ****     {
 189:../../libDaisy/src/hid/disp/graphics_common.h ****         const auto canRemove = min(pxToRemove, width_);
 190:../../libDaisy/src/hid/disp/graphics_common.h ****         width_ -= canRemove;
 191:../../libDaisy/src/hid/disp/graphics_common.h ****         return {int16_t(x_ + width_), y_, canRemove, height_};
 192:../../libDaisy/src/hid/disp/graphics_common.h ****     }
 193:../../libDaisy/src/hid/disp/graphics_common.h **** 
 194:../../libDaisy/src/hid/disp/graphics_common.h ****     Rectangle RemoveFromTop(int16_t pxToRemove)
 195:../../libDaisy/src/hid/disp/graphics_common.h ****     {
 196:../../libDaisy/src/hid/disp/graphics_common.h ****         const auto result = this->WithHeight(min(pxToRemove, height_));
 197:../../libDaisy/src/hid/disp/graphics_common.h ****         y_ += min(pxToRemove, height_);
 198:../../libDaisy/src/hid/disp/graphics_common.h ****         height_ = max(height_ - pxToRemove, 0);
 199:../../libDaisy/src/hid/disp/graphics_common.h ****         return result;
 200:../../libDaisy/src/hid/disp/graphics_common.h ****     }
 201:../../libDaisy/src/hid/disp/graphics_common.h **** 
 202:../../libDaisy/src/hid/disp/graphics_common.h ****     Rectangle RemoveFromBottom(int16_t pxToRemove)
 203:../../libDaisy/src/hid/disp/graphics_common.h ****     {
 204:../../libDaisy/src/hid/disp/graphics_common.h ****         const auto canRemove = min(pxToRemove, height_);
 205:../../libDaisy/src/hid/disp/graphics_common.h ****         height_ -= canRemove;
ARM GAS  /tmp/ccuCWtjx.s 			page 94


 206:../../libDaisy/src/hid/disp/graphics_common.h ****         return {x_, int16_t(y_ + height_), width_, canRemove};
 207:../../libDaisy/src/hid/disp/graphics_common.h ****     }
 208:../../libDaisy/src/hid/disp/graphics_common.h **** 
 209:../../libDaisy/src/hid/disp/graphics_common.h ****     Rectangle AlignedWithin(const Rectangle& other, Alignment alignment) const
 210:../../libDaisy/src/hid/disp/graphics_common.h ****     {
 211:../../libDaisy/src/hid/disp/graphics_common.h ****         switch(alignment)
 212:../../libDaisy/src/hid/disp/graphics_common.h ****         {
 213:../../libDaisy/src/hid/disp/graphics_common.h ****             case Alignment::topLeft:
 214:../../libDaisy/src/hid/disp/graphics_common.h ****                 return {other.x_, other.y_, width_, height_};
 215:../../libDaisy/src/hid/disp/graphics_common.h ****             case Alignment::topRight:
 216:../../libDaisy/src/hid/disp/graphics_common.h ****                 return {int16_t(other.GetRight() - width_),
 217:../../libDaisy/src/hid/disp/graphics_common.h ****                         other.y_,
 218:../../libDaisy/src/hid/disp/graphics_common.h ****                         width_,
 219:../../libDaisy/src/hid/disp/graphics_common.h ****                         height_};
 220:../../libDaisy/src/hid/disp/graphics_common.h ****             case Alignment::topCentered:
 221:../../libDaisy/src/hid/disp/graphics_common.h ****                 return {int16_t(x_ + (other.GetCenterX() - GetCenterX())),
 222:../../libDaisy/src/hid/disp/graphics_common.h ****                         other.y_,
 223:../../libDaisy/src/hid/disp/graphics_common.h ****                         width_,
 224:../../libDaisy/src/hid/disp/graphics_common.h ****                         height_};
 225:../../libDaisy/src/hid/disp/graphics_common.h ****             case Alignment::bottomLeft:
 226:../../libDaisy/src/hid/disp/graphics_common.h ****                 return {other.x_,
 227:../../libDaisy/src/hid/disp/graphics_common.h ****                         int16_t(other.GetBottom() - height_),
 228:../../libDaisy/src/hid/disp/graphics_common.h ****                         width_,
 229:../../libDaisy/src/hid/disp/graphics_common.h ****                         height_};
 230:../../libDaisy/src/hid/disp/graphics_common.h ****             case Alignment::bottomRight:
 231:../../libDaisy/src/hid/disp/graphics_common.h ****                 return {int16_t(other.GetRight() - width_),
 232:../../libDaisy/src/hid/disp/graphics_common.h ****                         int16_t(other.GetBottom() - height_),
 233:../../libDaisy/src/hid/disp/graphics_common.h ****                         width_,
 234:../../libDaisy/src/hid/disp/graphics_common.h ****                         height_};
 235:../../libDaisy/src/hid/disp/graphics_common.h ****             case Alignment::bottomCentered:
 236:../../libDaisy/src/hid/disp/graphics_common.h ****                 return {int16_t(x_ + (other.GetCenterX() - GetCenterX())),
 237:../../libDaisy/src/hid/disp/graphics_common.h ****                         int16_t(other.GetBottom() - height_),
 238:../../libDaisy/src/hid/disp/graphics_common.h ****                         width_,
 239:../../libDaisy/src/hid/disp/graphics_common.h ****                         height_};
 240:../../libDaisy/src/hid/disp/graphics_common.h ****             case Alignment::centeredLeft:
 241:../../libDaisy/src/hid/disp/graphics_common.h ****                 return {other.x_,
 242:../../libDaisy/src/hid/disp/graphics_common.h ****                         int16_t(y_ + (other.GetCenterY() - GetCenterY())),
 243:../../libDaisy/src/hid/disp/graphics_common.h ****                         width_,
 244:../../libDaisy/src/hid/disp/graphics_common.h ****                         height_};
 245:../../libDaisy/src/hid/disp/graphics_common.h ****             case Alignment::centeredRight:
 246:../../libDaisy/src/hid/disp/graphics_common.h ****                 return {int16_t(other.GetRight() - width_),
 247:../../libDaisy/src/hid/disp/graphics_common.h ****                         int16_t(y_ + (other.GetCenterY() - GetCenterY())),
 248:../../libDaisy/src/hid/disp/graphics_common.h ****                         width_,
 249:../../libDaisy/src/hid/disp/graphics_common.h ****                         height_};
 250:../../libDaisy/src/hid/disp/graphics_common.h ****             case Alignment::centered:
 251:../../libDaisy/src/hid/disp/graphics_common.h ****                 return {int16_t(x_ + (other.GetCenterX() - GetCenterX())),
 252:../../libDaisy/src/hid/disp/graphics_common.h ****                         int16_t(y_ + (other.GetCenterY() - GetCenterY())),
 253:../../libDaisy/src/hid/disp/graphics_common.h ****                         width_,
 254:../../libDaisy/src/hid/disp/graphics_common.h ****                         height_};
 255:../../libDaisy/src/hid/disp/graphics_common.h ****             default: return {};
 256:../../libDaisy/src/hid/disp/graphics_common.h ****         }
 257:../../libDaisy/src/hid/disp/graphics_common.h ****     }
 258:../../libDaisy/src/hid/disp/graphics_common.h **** 
 259:../../libDaisy/src/hid/disp/graphics_common.h ****   private:
 260:../../libDaisy/src/hid/disp/graphics_common.h ****     int16_t x_, y_, width_, height_;
 261:../../libDaisy/src/hid/disp/graphics_common.h ****     int16_t max(int16_t a, int16_t b) { return (a > b) ? a : b; }
 2838              		.loc 11 261 13 view .LVU673
ARM GAS  /tmp/ccuCWtjx.s 			page 95


 2839              	.LBB942:
 2840              		.loc 11 261 41 view .LVU674
 2841              		.loc 11 261 41 is_stmt 0 view .LVU675
 2842              	.LBE942:
 2843              	.LBE941:
 2844              	.LBB945:
 2845              	.LBI945:
 2846              		.loc 11 261 13 is_stmt 1 view .LVU676
 2847              		.loc 11 261 41 view .LVU677
 2848              		.loc 11 261 41 is_stmt 0 view .LVU678
 2849 003a B5F90420 		ldrsh	r2, [r5, #4]
 2850              	.LBE945:
 2851              	.LBB946:
 2852              	.LBB943:
 2853              		.loc 11 261 56 view .LVU679
 2854 003e 1BB2     		sxth	r3, r3
 2855 0040 B5F90600 		ldrsh	r0, [r5, #6]
 2856              	.LVL257:
 2857              		.loc 11 261 56 view .LVU680
 2858              	.LBE943:
 2859              	.LBE946:
 2860              	.LBE940:
 2861              	.LBE951:
 2862              	.LBE955:
 2863              	.LBB956:
 2864              	.LBI956:
 209:../../libDaisy/src/hid/disp/graphics_common.h ****     {
 2865              		.loc 11 209 15 is_stmt 1 view .LVU681
 2866              	.LBB957:
 211:../../libDaisy/src/hid/disp/graphics_common.h ****         {
 2867              		.loc 11 211 9 view .LVU682
 2868              	.LBE957:
 2869              	.LBE956:
 2870              	.LBB1148:
 2871              	.LBB952:
 2872              	.LBB948:
 2873              	.LBB947:
 2874              	.LBB944:
 2875              		.loc 11 261 56 is_stmt 0 view .LVU683
 2876 0044 23EAE371 		bic	r1, r3, r3, asr #31
 2877 0048 B5F90230 		ldrsh	r3, [r5, #2]
 2878              	.LBE944:
 2879              	.LBE947:
 2880              	.LBE948:
 2881              	.LBE952:
 2882              	.LBE1148:
 2883              	.LBB1149:
 2884              	.LBB1140:
 211:../../libDaisy/src/hid/disp/graphics_common.h ****         {
 2885              		.loc 11 211 9 view .LVU684
 2886 004c 082C     		cmp	r4, #8
 2887 004e 00F2BE81 		bhi	.L216
 2888 0052 DFE814F0 		tbh	[pc, r4, lsl #1]
 2889              	.LVL258:
 2890              	.L218:
 2891 0056 F500     		.2byte	(.L226-.L218)/2
 2892 0058 2501     		.2byte	(.L225-.L218)/2
ARM GAS  /tmp/ccuCWtjx.s 			page 96


 2893 005a 2E01     		.2byte	(.L224-.L218)/2
 2894 005c 3C01     		.2byte	(.L223-.L218)/2
 2895 005e 4501     		.2byte	(.L222-.L218)/2
 2896 0060 5101     		.2byte	(.L221-.L218)/2
 2897 0062 6301     		.2byte	(.L220-.L218)/2
 2898 0064 6A01     		.2byte	(.L219-.L218)/2
 2899 0066 0900     		.2byte	(.L217-.L218)/2
 2900              		.p2align 1
 2901              	.L217:
 245:../../libDaisy/src/hid/disp/graphics_common.h ****                 return {int16_t(other.GetRight() - width_),
 2902              		.loc 11 245 13 is_stmt 1 view .LVU685
 246:../../libDaisy/src/hid/disp/graphics_common.h ****                         int16_t(y_ + (other.GetCenterY() - GetCenterY())),
 2903              		.loc 11 246 17 view .LVU686
 2904              	.LBB958:
 2905              	.LBI958:
  60:../../libDaisy/src/hid/disp/graphics_common.h ****     int16_t GetBottom() const { return y_ + height_; }
 2906              		.loc 11 60 13 view .LVU687
 2907              	.LBB959:
  60:../../libDaisy/src/hid/disp/graphics_common.h ****     int16_t GetBottom() const { return y_ + height_; }
 2908              		.loc 11 60 32 view .LVU688
  60:../../libDaisy/src/hid/disp/graphics_common.h ****     int16_t GetBottom() const { return y_ + height_; }
 2909              		.loc 11 60 32 is_stmt 0 view .LVU689
 2910              	.LBE959:
 2911              	.LBE958:
 2912              	.LBB961:
 2913              	.LBB962:
  63:../../libDaisy/src/hid/disp/graphics_common.h **** 
 2914              		.loc 11 63 54 view .LVU690
 2915 0068 0028     		cmp	r0, #0
 2916              	.LBE962:
 2917              	.LBE961:
 2918              	.LBB966:
 2919              	.LBB960:
  60:../../libDaisy/src/hid/disp/graphics_common.h ****     int16_t GetBottom() const { return y_ + height_; }
 2920              		.loc 11 60 42 view .LVU691
 2921 006a 6244     		add	r2, r2, ip
 2922              	.LBE960:
 2923              	.LBE966:
 2924              	.LBB967:
 2925              	.LBB968:
 2926              	.LBB969:
  32:../../libDaisy/src/hid/disp/graphics_common.h ****     {
 2927              		.loc 11 32 21 discriminator 1 view .LVU692
 2928 006c B980     		strh	r1, [r7, #4]	@ movhi
 2929              	.LBE969:
 2930              	.LBE968:
 2931              	.LBE967:
 2932              	.LBB978:
 2933              	.LBB963:
  63:../../libDaisy/src/hid/disp/graphics_common.h **** 
 2934              		.loc 11 63 54 view .LVU693
 2935 006e B8BF     		it	lt
 2936 0070 0130     		addlt	r0, r0, #1
 2937              	.LBE963:
 2938              	.LBE978:
 246:../../libDaisy/src/hid/disp/graphics_common.h ****                         int16_t(y_ + (other.GetCenterY() - GetCenterY())),
 2939              		.loc 11 246 50 discriminator 1 view .LVU694
ARM GAS  /tmp/ccuCWtjx.s 			page 97


 2940 0072 521A     		subs	r2, r2, r1
 2941              	.LBB979:
 2942              	.LBB975:
 2943              	.LBB972:
  32:../../libDaisy/src/hid/disp/graphics_common.h ****     {
 2944              		.loc 11 32 44 discriminator 2 view .LVU695
 2945 0074 FE80     		strh	r6, [r7, #6]	@ movhi
 2946              	.LBE972:
 2947              	.LBE975:
 2948              	.LBE979:
 2949              	.LBB980:
 2950              	.LBB964:
  63:../../libDaisy/src/hid/disp/graphics_common.h **** 
 2951              		.loc 11 63 44 view .LVU696
 2952 0076 03EB6000 		add	r0, r3, r0, asr #1
 2953              	.LBE964:
 2954              	.LBE980:
 246:../../libDaisy/src/hid/disp/graphics_common.h ****                         int16_t(y_ + (other.GetCenterY() - GetCenterY())),
 2955              		.loc 11 246 50 discriminator 1 view .LVU697
 2956 007a 95B2     		uxth	r5, r2
 2957              	.LVL259:
 2958              	.LBB981:
 2959              	.LBI961:
  63:../../libDaisy/src/hid/disp/graphics_common.h **** 
 2960              		.loc 11 63 13 is_stmt 1 view .LVU698
 2961              	.LBB965:
  63:../../libDaisy/src/hid/disp/graphics_common.h **** 
 2962              		.loc 11 63 34 view .LVU699
  63:../../libDaisy/src/hid/disp/graphics_common.h **** 
 2963              		.loc 11 63 34 is_stmt 0 view .LVU700
 2964              	.LBE965:
 2965              	.LBE981:
 2966              	.LBB982:
 2967              	.LBI982:
  63:../../libDaisy/src/hid/disp/graphics_common.h **** 
 2968              		.loc 11 63 13 is_stmt 1 view .LVU701
 2969              	.LBB983:
  63:../../libDaisy/src/hid/disp/graphics_common.h **** 
 2970              		.loc 11 63 34 view .LVU702
  63:../../libDaisy/src/hid/disp/graphics_common.h **** 
 2971              		.loc 11 63 34 is_stmt 0 view .LVU703
 2972              	.LBE983:
 2973              	.LBE982:
 247:../../libDaisy/src/hid/disp/graphics_common.h ****                         width_,
 2974              		.loc 11 247 58 discriminator 2 view .LVU704
 2975 007c A0EB5603 		sub	r3, r0, r6, lsr #1
 2976              	.LBB984:
 2977              	.LBB976:
 2978              	.LBB973:
  32:../../libDaisy/src/hid/disp/graphics_common.h ****     {
 2979              		.loc 11 32 7 view .LVU705
 2980 0080 3D80     		strh	r5, [r7]	@ movhi
 2981              	.LBE973:
 2982              	.LBE976:
 2983              	.LBE984:
 247:../../libDaisy/src/hid/disp/graphics_common.h ****                         width_,
 2984              		.loc 11 247 58 discriminator 2 view .LVU706
ARM GAS  /tmp/ccuCWtjx.s 			page 98


 2985 0082 9CB2     		uxth	r4, r3
 2986              	.LVL260:
 2987              	.LBB985:
 2988              	.LBI967:
  31:../../libDaisy/src/hid/disp/graphics_common.h ****     : x_(x), y_(y), width_(max(0, width)), height_(max(0, height))
 2989              		.loc 11 31 5 is_stmt 1 view .LVU707
 2990              	.LBB977:
 2991              	.LBB974:
  32:../../libDaisy/src/hid/disp/graphics_common.h ****     {
 2992              		.loc 11 32 14 is_stmt 0 view .LVU708
 2993 0084 7C80     		strh	r4, [r7, #2]	@ movhi
 2994              	.LVL261:
 2995              	.LBB970:
 2996              	.LBI970:
 2997              		.loc 11 261 13 is_stmt 1 view .LVU709
 2998              		.loc 11 261 41 view .LVU710
 2999              		.loc 11 261 41 is_stmt 0 view .LVU711
 3000              	.LBE970:
 3001              	.LBB971:
 3002              	.LBI971:
 3003              		.loc 11 261 13 is_stmt 1 view .LVU712
 3004              		.loc 11 261 41 view .LVU713
 3005              	.L227:
 3006              		.loc 11 261 41 is_stmt 0 view .LVU714
 3007              	.LBE971:
 3008              	.LBE974:
 3009              	.LBE977:
 3010              	.LBE985:
 3011              	.LBE1140:
 3012              	.LBE1149:
 3013              	.LBB1150:
 3014              	.LBI1150:
 171:../../libDaisy/src/hid/disp/display.h ****     {
 3015              		.loc 9 171 10 is_stmt 1 view .LVU715
 3016              	.LBB1151:
 173:../../libDaisy/src/hid/disp/display.h ****         currentY_ = (y >= Height()) ? Height() - 1 : y;
 3017              		.loc 9 173 9 view .LVU716
 173:../../libDaisy/src/hid/disp/display.h ****         currentY_ = (y >= Height()) ? Height() - 1 : y;
 3018              		.loc 9 173 32 is_stmt 0 view .LVU717
 3019 0086 DBF80030 		ldr	r3, [fp]
 3020 008a B649     		ldr	r1, .L301
 3021 008c DA68     		ldr	r2, [r3, #12]
 3022 008e 8A42     		cmp	r2, r1
 3023 0090 40F0F180 		bne	.L235
 3024              	.LVL262:
 3025              	.L236:
 173:../../libDaisy/src/hid/disp/display.h ****         currentY_ = (y >= Height()) ? Height() - 1 : y;
 3026              		.loc 9 173 19 discriminator 1 view .LVU718
 3027 0094 802D     		cmp	r5, #128
 3028 0096 28BF     		it	cs
 3029 0098 7F25     		movcs	r5, #127
 3030              	.L237:
 174:../../libDaisy/src/hid/disp/display.h ****     }
 3031              		.loc 9 174 33 view .LVU719
 3032 009a 9A68     		ldr	r2, [r3, #8]
 3033 009c B24B     		ldr	r3, .L301+4
 173:../../libDaisy/src/hid/disp/display.h ****         currentY_ = (y >= Height()) ? Height() - 1 : y;
ARM GAS  /tmp/ccuCWtjx.s 			page 99


 3034              		.loc 9 173 19 discriminator 4 view .LVU720
 3035 009e ABF80450 		strh	r5, [fp, #4]	@ movhi
 174:../../libDaisy/src/hid/disp/display.h ****     }
 3036              		.loc 9 174 9 is_stmt 1 view .LVU721
 3037 00a2 9A42     		cmp	r2, r3
 3038 00a4 0493     		str	r3, [sp, #16]
 3039 00a6 40F0A481 		bne	.L273
 174:../../libDaisy/src/hid/disp/display.h ****     }
 3040              		.loc 9 174 19 is_stmt 0 discriminator 1 view .LVU722
 3041 00aa 3F2C     		cmp	r4, #63
 3042 00ac 00D9     		bls	.L241
 3043              	.L271:
 174:../../libDaisy/src/hid/disp/display.h ****     }
 3044              		.loc 9 174 33 view .LVU723
 3045 00ae 3F24     		movs	r4, #63
 3046              	.L241:
 3047 00b0 D9F80430 		ldr	r3, [r9, #4]
 174:../../libDaisy/src/hid/disp/display.h ****     }
 3048              		.loc 9 174 19 discriminator 4 view .LVU724
 3049 00b4 ABF80640 		strh	r4, [fp, #6]	@ movhi
 3050              	.LVL263:
 174:../../libDaisy/src/hid/disp/display.h ****     }
 3051              		.loc 9 174 19 discriminator 4 view .LVU725
 3052              	.LBE1151:
 3053              	.LBE1150:
 3054              	.LBB1159:
 3055              	.LBB1160:
 443:../../libDaisy/src/hid/disp/display.h ****         {
 3056              		.loc 9 443 9 view .LVU726
 3057 00b8 9AF80050 		ldrb	r5, [r10]	@ zero_extendqisi2
 3058 00bc 99F80060 		ldrb	r6, [r9]	@ zero_extendqisi2
 3059              	.LVL264:
 443:../../libDaisy/src/hid/disp/display.h ****         {
 3060              		.loc 9 443 9 view .LVU727
 3061 00c0 99F80120 		ldrb	r2, [r9, #1]	@ zero_extendqisi2
 3062              	.LVL265:
 443:../../libDaisy/src/hid/disp/display.h ****         {
 3063              		.loc 9 443 9 view .LVU728
 3064 00c4 0893     		str	r3, [sp, #32]
 3065              	.LVL266:
 443:../../libDaisy/src/hid/disp/display.h ****         {
 3066              		.loc 9 443 9 view .LVU729
 3067              	.LBE1160:
 3068              	.LBI1159:
 440:../../libDaisy/src/hid/disp/display.h ****     {
 3069              		.loc 9 440 10 is_stmt 1 view .LVU730
 3070              	.LBB1218:
 443:../../libDaisy/src/hid/disp/display.h ****         {
 3071              		.loc 9 443 9 view .LVU731
 3072 00c6 002D     		cmp	r5, #0
 3073 00c8 00F0B680 		beq	.L214
 3074 00cc 2C46     		mov	r4, r5
 3075 00ce 4546     		mov	r5, r8
 3076 00d0 0997     		str	r7, [sp, #36]
 3077 00d2 0391     		str	r1, [sp, #12]
 3078              	.LVL267:
 3079              	.L244:
ARM GAS  /tmp/ccuCWtjx.s 			page 100


 3080              	.LBB1161:
 3081              	.LBI1161:
 396:../../libDaisy/src/hid/disp/display.h ****     {
 3082              		.loc 9 396 10 view .LVU732
 3083              	.LBB1162:
 401:../../libDaisy/src/hid/disp/display.h ****             return 0;
 3084              		.loc 9 401 20 is_stmt 0 view .LVU733
 3085 00d4 A4F12008 		sub	r8, r4, #32
 401:../../libDaisy/src/hid/disp/display.h ****             return 0;
 3086              		.loc 9 401 9 view .LVU734
 3087 00d8 5FFA88F3 		uxtb	r3, r8
 3088 00dc 5E2B     		cmp	r3, #94
 3089 00de 00F23481 		bhi	.L248
 405:../../libDaisy/src/hid/disp/display.h ****            || Height() < (currentY_ + font.FontHeight))
 3090              		.loc 9 405 17 view .LVU735
 3091 00e2 DBF80030 		ldr	r3, [fp]
 3092 00e6 0399     		ldr	r1, [sp, #12]
 3093 00e8 DB68     		ldr	r3, [r3, #12]
 3094 00ea 8B42     		cmp	r3, r1
 3095 00ec 40F03481 		bne	.L294
 3096 00f0 8020     		movs	r0, #128
 3097              	.L247:
 405:../../libDaisy/src/hid/disp/display.h ****            || Height() < (currentY_ + font.FontHeight))
 3098              		.loc 9 405 23 discriminator 1 view .LVU736
 3099 00f2 BBF80430 		ldrh	r3, [fp, #4]
 405:../../libDaisy/src/hid/disp/display.h ****            || Height() < (currentY_ + font.FontHeight))
 3100              		.loc 9 405 33 discriminator 1 view .LVU737
 3101 00f6 3344     		add	r3, r3, r6
 406:../../libDaisy/src/hid/disp/display.h ****         {
 3102              		.loc 9 406 12 view .LVU738
 3103 00f8 9842     		cmp	r0, r3
 3104 00fa C0F22681 		blt	.L248
 406:../../libDaisy/src/hid/disp/display.h ****         {
 3105              		.loc 9 406 21 discriminator 2 view .LVU739
 3106 00fe DBF80030 		ldr	r3, [fp]
 3107 0102 0499     		ldr	r1, [sp, #16]
 3108 0104 9B68     		ldr	r3, [r3, #8]
 3109 0106 8B42     		cmp	r3, r1
 3110 0108 40F03081 		bne	.L295
 3111 010c 4020     		movs	r0, #64
 3112              	.L249:
 406:../../libDaisy/src/hid/disp/display.h ****         {
 3113              		.loc 9 406 27 discriminator 1 view .LVU740
 3114 010e BBF80670 		ldrh	r7, [fp, #6]
 406:../../libDaisy/src/hid/disp/display.h ****         {
 3115              		.loc 9 406 37 discriminator 1 view .LVU741
 3116 0112 BB18     		adds	r3, r7, r2
 406:../../libDaisy/src/hid/disp/display.h ****         {
 3117              		.loc 9 406 12 discriminator 1 view .LVU742
 3118 0114 9842     		cmp	r0, r3
 3119 0116 C0F21881 		blt	.L248
 3120              	.LVL268:
 413:../../libDaisy/src/hid/disp/display.h ****         {
 3121              		.loc 9 413 22 is_stmt 1 discriminator 1 view .LVU743
 434:../../libDaisy/src/hid/disp/display.h **** 
 3122              		.loc 9 434 19 is_stmt 0 view .LVU744
 3123 011a BBF80410 		ldrh	r1, [fp, #4]
ARM GAS  /tmp/ccuCWtjx.s 			page 101


 413:../../libDaisy/src/hid/disp/display.h ****         {
 3124              		.loc 9 413 22 discriminator 1 view .LVU745
 3125 011e 002A     		cmp	r2, #0
 3126 0120 64D0     		beq	.L254
 3127 0122 6FF00043 		mvn	r3, #-2147483648
 3128 0126 0898     		ldr	r0, [sp, #32]
 3129 0128 02FB0833 		mla	r3, r2, r8, r3
 3130 012c 02FB0828 		mla	r8, r2, r8, r2
 3131 0130 00EB4303 		add	r3, r0, r3, lsl #1
 3132 0134 0238     		subs	r0, r0, #2
 415:../../libDaisy/src/hid/disp/display.h ****             for(j = 0; j < font.FontWidth; j++)
 3133              		.loc 9 415 15 view .LVU746
 3134 0136 B3F802C0 		ldrh	ip, [r3, #2]
 3135 013a 00EB4809 		add	r9, r0, r8, lsl #1
 3136              	.LVL269:
 416:../../libDaisy/src/hid/disp/display.h ****             {
 3137              		.loc 9 416 26 is_stmt 1 discriminator 1 view .LVU747
 3138 013e 3846     		mov	r0, r7
 415:../../libDaisy/src/hid/disp/display.h ****             for(j = 0; j < font.FontWidth; j++)
 3139              		.loc 9 415 58 is_stmt 0 view .LVU748
 3140 0140 03F10208 		add	r8, r3, #2
 416:../../libDaisy/src/hid/disp/display.h ****             {
 3141              		.loc 9 416 26 discriminator 1 view .LVU749
 3142 0144 002E     		cmp	r6, #0
 3143 0146 4DD0     		beq	.L255
 3144 0148 CDF80890 		str	r9, [sp, #8]
 3145 014c 0797     		str	r7, [sp, #28]
 3146 014e CDE90542 		strd	r4, r2, [sp, #20]
 3147 0152 5446     		mov	r4, r10
 3148              	.LVL270:
 3149              	.L253:
 3150              	.LBB1163:
 3151              	.LBB1164:
 3152              	.LBB1165:
 354:../../libDaisy/src/dev/oled_ssd130x.h ****             return;
 3153              		.loc 8 354 28 view .LVU750
 3154 0154 3F28     		cmp	r0, #63
 3155              	.LBE1165:
 3156              	.LBE1164:
 3157              	.LBE1163:
 416:../../libDaisy/src/hid/disp/display.h ****             {
 3158              		.loc 9 416 19 view .LVU751
 3159 0156 CDF80480 		str	r8, [sp, #4]
 3160 015a 0A46     		mov	r2, r1
 3161 015c 4FF00003 		mov	r3, #0
 3162              	.LBB1184:
 3163              	.LBB1177:
 3164              	.LBB1171:
 354:../../libDaisy/src/dev/oled_ssd130x.h ****             return;
 3165              		.loc 8 354 28 view .LVU752
 3166 0160 94BF     		ite	ls
 3167 0162 4FF00009 		movls	r9, #0
 3168 0166 4FF00109 		movhi	r9, #1
 3169              	.LBE1171:
 3170              	.LBE1177:
 3171              	.LBE1184:
 416:../../libDaisy/src/hid/disp/display.h ****             {
ARM GAS  /tmp/ccuCWtjx.s 			page 102


 3172              		.loc 9 416 19 view .LVU753
 3173 016a 8846     		mov	r8, r1
 3174 016c 0EE0     		b	.L260
 3175              	.LVL271:
 3176              	.L297:
 3177              	.LBB1185:
 3178              	.LBB1186:
 3179              	.LBB1187:
 354:../../libDaisy/src/dev/oled_ssd130x.h ****             return;
 3180              		.loc 8 354 9 view .LVU754
 3181 016e 49B9     		cbnz	r1, .L257
 3182              	.LVL272:
 3183              	.LBB1188:
 3184              	.LBI1188:
 352:../../libDaisy/src/dev/oled_ssd130x.h ****     {
 3185              		.loc 8 352 10 is_stmt 1 view .LVU755
 352:../../libDaisy/src/dev/oled_ssd130x.h ****     {
 3186              		.loc 8 352 10 is_stmt 0 view .LVU756
 3187              	.LBE1188:
 357:../../libDaisy/src/dev/oled_ssd130x.h ****         else
 3188              		.loc 8 357 20 view .LVU757
 3189 0170 02EBC717 		add	r7, r2, r7, lsl #7
 357:../../libDaisy/src/dev/oled_ssd130x.h ****         else
 3190              		.loc 8 357 48 view .LVU758
 3191 0174 0AFA0EFE 		lsl	lr, r10, lr
 357:../../libDaisy/src/dev/oled_ssd130x.h ****         else
 3192              		.loc 8 357 20 view .LVU759
 3193 0178 5F44     		add	r7, r7, fp
 3194 017a 397D     		ldrb	r1, [r7, #20]	@ zero_extendqisi2
 356:../../libDaisy/src/dev/oled_ssd130x.h ****             buffer_[x + (y / 8) * width] |= (1 << (y % 8));
 3195              		.loc 8 356 9 view .LVU760
 3196 017c 05B3     		cbz	r5, .L259
 3197              	.LVL273:
 3198              	.L293:
 356:../../libDaisy/src/dev/oled_ssd130x.h ****             buffer_[x + (y / 8) * width] |= (1 << (y % 8));
 3199              		.loc 8 356 9 view .LVU761
 3200              	.LBE1187:
 3201              	.LBE1186:
 3202              	.LBE1185:
 3203              	.LBB1196:
 3204              	.LBB1178:
 3205              	.LBB1172:
 357:../../libDaisy/src/dev/oled_ssd130x.h ****         else
 3206              		.loc 8 357 42 view .LVU762
 3207 017e 41EA0E01 		orr	r1, r1, lr
 3208 0182 3975     		strb	r1, [r7, #20]
 3209              	.L257:
 3210              	.LVL274:
 357:../../libDaisy/src/dev/oled_ssd130x.h ****         else
 3211              		.loc 8 357 42 view .LVU763
 3212              	.LBE1172:
 3213              	.LBE1178:
 3214              	.LBE1196:
 416:../../libDaisy/src/hid/disp/display.h ****             {
 3215              		.loc 9 416 13 is_stmt 1 discriminator 2 view .LVU764
 3216 0184 0133     		adds	r3, r3, #1
 3217              	.LVL275:
ARM GAS  /tmp/ccuCWtjx.s 			page 103


 416:../../libDaisy/src/hid/disp/display.h ****             {
 3218              		.loc 9 416 26 discriminator 1 view .LVU765
 3219 0186 0132     		adds	r2, r2, #1
 3220 0188 9E42     		cmp	r6, r3
 3221 018a 20D0     		beq	.L296
 3222              	.LVL276:
 3223              	.L260:
 3224              	.LBB1197:
 3225              	.LBI1185:
  42:../../libDaisy/src/hid/disp/oled_display.h ****     {
 3226              		.loc 7 42 10 view .LVU766
 3227              	.LBB1192:
 3228              	.LBI1186:
 352:../../libDaisy/src/dev/oled_ssd130x.h ****     {
 3229              		.loc 8 352 10 view .LVU767
 352:../../libDaisy/src/dev/oled_ssd130x.h ****     {
 3230              		.loc 8 352 10 is_stmt 0 view .LVU768
 3231              	.LBE1192:
 3232              	.LBE1197:
 3233              	.LBB1198:
 3234              	.LBI1163:
  42:../../libDaisy/src/hid/disp/oled_display.h ****     {
 3235              		.loc 7 42 10 is_stmt 1 view .LVU769
 3236              	.LBB1179:
 3237              	.LBI1164:
 352:../../libDaisy/src/dev/oled_ssd130x.h ****     {
 3238              		.loc 8 352 10 view .LVU770
 3239              	.LBE1179:
 3240              	.LBE1198:
 418:../../libDaisy/src/hid/disp/display.h ****                 {
 3241              		.loc 9 418 23 is_stmt 0 view .LVU771
 3242 018c 0CFA03F7 		lsl	r7, ip, r3
 3243              	.LBB1199:
 3244              	.LBB1193:
 3245              	.LBB1189:
 354:../../libDaisy/src/dev/oled_ssd130x.h ****             return;
 3246              		.loc 8 354 23 view .LVU772
 3247 0190 7F2A     		cmp	r2, #127
 3248 0192 94BF     		ite	ls
 3249 0194 4946     		movls	r1, r9
 3250 0196 49F00101 		orrhi	r1, r9, #1
 357:../../libDaisy/src/dev/oled_ssd130x.h ****         else
 3251              		.loc 8 357 54 view .LVU773
 3252 019a 00F0070E 		and	lr, r0, #7
 357:../../libDaisy/src/dev/oled_ssd130x.h ****         else
 3253              		.loc 8 357 48 view .LVU774
 3254 019e 4FF0010A 		mov	r10, #1
 3255              	.LBE1189:
 3256              	.LBE1193:
 3257              	.LBE1199:
 418:../../libDaisy/src/hid/disp/display.h ****                 {
 3258              		.loc 9 418 17 view .LVU775
 3259 01a2 17F4004F 		tst	r7, #32768
 3260              	.LBB1200:
 3261              	.LBB1194:
 3262              	.LBB1190:
 357:../../libDaisy/src/dev/oled_ssd130x.h ****         else
ARM GAS  /tmp/ccuCWtjx.s 			page 104


 3263              		.loc 8 357 28 view .LVU776
 3264 01a6 4FEAD007 		lsr	r7, r0, #3
 3265              	.LBE1190:
 3266              	.LBE1194:
 3267              	.LBE1200:
 418:../../libDaisy/src/hid/disp/display.h ****                 {
 3268              		.loc 9 418 17 view .LVU777
 3269 01aa E0D1     		bne	.L297
 3270              	.LBB1201:
 3271              	.LBB1180:
 3272              	.LBB1173:
 354:../../libDaisy/src/dev/oled_ssd130x.h ****             return;
 3273              		.loc 8 354 9 view .LVU778
 3274 01ac 0029     		cmp	r1, #0
 3275 01ae E9D1     		bne	.L257
 3276              	.LVL277:
 3277              	.LBB1166:
 3278              	.LBI1166:
 352:../../libDaisy/src/dev/oled_ssd130x.h ****     {
 3279              		.loc 8 352 10 is_stmt 1 view .LVU779
 352:../../libDaisy/src/dev/oled_ssd130x.h ****     {
 3280              		.loc 8 352 10 is_stmt 0 view .LVU780
 3281              	.LBE1166:
 357:../../libDaisy/src/dev/oled_ssd130x.h ****         else
 3282              		.loc 8 357 20 view .LVU781
 3283 01b0 02EBC717 		add	r7, r2, r7, lsl #7
 357:../../libDaisy/src/dev/oled_ssd130x.h ****         else
 3284              		.loc 8 357 48 view .LVU782
 3285 01b4 0AFA0EFE 		lsl	lr, r10, lr
 3286              	.LBE1173:
 3287              	.LBE1180:
 3288              	.LBE1201:
 3289              	.LBB1202:
 3290              	.LBB1195:
 3291              	.LBB1191:
 357:../../libDaisy/src/dev/oled_ssd130x.h ****         else
 3292              		.loc 8 357 20 view .LVU783
 3293 01b8 5F44     		add	r7, r7, fp
 3294 01ba 397D     		ldrb	r1, [r7, #20]	@ zero_extendqisi2
 3295              	.LBE1191:
 3296              	.LBE1195:
 3297              	.LBE1202:
 3298              	.LBB1203:
 3299              	.LBB1181:
 3300              	.LBB1174:
 356:../../libDaisy/src/dev/oled_ssd130x.h ****             buffer_[x + (y / 8) * width] |= (1 << (y % 8));
 3301              		.loc 8 356 9 view .LVU784
 3302 01bc 002D     		cmp	r5, #0
 3303 01be DED0     		beq	.L293
 3304              	.LVL278:
 3305              	.L259:
 356:../../libDaisy/src/dev/oled_ssd130x.h ****             buffer_[x + (y / 8) * width] |= (1 << (y % 8));
 3306              		.loc 8 356 9 view .LVU785
 3307              	.LBE1174:
 3308              	.LBE1181:
 3309              	.LBE1203:
 416:../../libDaisy/src/hid/disp/display.h ****             {
ARM GAS  /tmp/ccuCWtjx.s 			page 105


 3310              		.loc 9 416 13 discriminator 2 view .LVU786
 3311 01c0 0133     		adds	r3, r3, #1
 3312              	.LVL279:
 3313              	.LBB1204:
 3314              	.LBB1182:
 3315              	.LBB1175:
 3316              	.LBB1169:
 3317              	.LBB1167:
 359:../../libDaisy/src/dev/oled_ssd130x.h ****     }
 3318              		.loc 8 359 42 view .LVU787
 3319 01c2 21EA0E01 		bic	r1, r1, lr
 3320              	.LBE1167:
 3321              	.LBE1169:
 3322              	.LBE1175:
 3323              	.LBE1182:
 3324              	.LBE1204:
 416:../../libDaisy/src/hid/disp/display.h ****             {
 3325              		.loc 9 416 26 discriminator 1 view .LVU788
 3326 01c6 0132     		adds	r2, r2, #1
 3327 01c8 9E42     		cmp	r6, r3
 3328              	.LBB1205:
 3329              	.LBB1183:
 3330              	.LBB1176:
 3331              	.LBB1170:
 3332              	.LBB1168:
 359:../../libDaisy/src/dev/oled_ssd130x.h ****     }
 3333              		.loc 8 359 42 view .LVU789
 3334 01ca 3975     		strb	r1, [r7, #20]
 3335              	.LVL280:
 359:../../libDaisy/src/dev/oled_ssd130x.h ****     }
 3336              		.loc 8 359 42 view .LVU790
 3337              	.LBE1168:
 3338              	.LBE1170:
 3339              	.LBE1176:
 3340              	.LBE1183:
 3341              	.LBE1205:
 416:../../libDaisy/src/hid/disp/display.h ****             {
 3342              		.loc 9 416 13 is_stmt 1 discriminator 2 view .LVU791
 416:../../libDaisy/src/hid/disp/display.h ****             {
 3343              		.loc 9 416 26 discriminator 1 view .LVU792
 3344 01cc DED1     		bne	.L260
 3345              	.L296:
 413:../../libDaisy/src/hid/disp/display.h ****         {
 3346              		.loc 9 413 22 is_stmt 0 discriminator 1 view .LVU793
 3347 01ce 4146     		mov	r1, r8
 3348 01d0 029B     		ldr	r3, [sp, #8]
 3349              	.LVL281:
 413:../../libDaisy/src/hid/disp/display.h ****         {
 3350              		.loc 9 413 22 discriminator 1 view .LVU794
 3351 01d2 DDF80480 		ldr	r8, [sp, #4]
 413:../../libDaisy/src/hid/disp/display.h ****         {
 3352              		.loc 9 413 9 is_stmt 1 discriminator 2 view .LVU795
 3353              	.LVL282:
 413:../../libDaisy/src/hid/disp/display.h ****         {
 3354              		.loc 9 413 22 discriminator 1 view .LVU796
 3355 01d6 0130     		adds	r0, r0, #1
 3356 01d8 9845     		cmp	r8, r3
ARM GAS  /tmp/ccuCWtjx.s 			page 106


 3357 01da 00F0B880 		beq	.L289
 3358              	.LVL283:
 415:../../libDaisy/src/hid/disp/display.h ****             for(j = 0; j < font.FontWidth; j++)
 3359              		.loc 9 415 15 is_stmt 0 view .LVU797
 3360 01de 38F802CF 		ldrh	ip, [r8, #2]!
 3361              	.LVL284:
 416:../../libDaisy/src/hid/disp/display.h ****             {
 3362              		.loc 9 416 26 is_stmt 1 discriminator 1 view .LVU798
 3363 01e2 B7E7     		b	.L253
 3364              	.LVL285:
 3365              	.L255:
 413:../../libDaisy/src/hid/disp/display.h ****         {
 3366              		.loc 9 413 9 discriminator 2 view .LVU799
 413:../../libDaisy/src/hid/disp/display.h ****         {
 3367              		.loc 9 413 22 discriminator 1 view .LVU800
 413:../../libDaisy/src/hid/disp/display.h ****         {
 3368              		.loc 9 413 22 is_stmt 0 discriminator 1 view .LVU801
 3369 01e4 C145     		cmp	r9, r8
 415:../../libDaisy/src/hid/disp/display.h ****             for(j = 0; j < font.FontWidth; j++)
 3370              		.loc 9 415 58 view .LVU802
 3371 01e6 08F10208 		add	r8, r8, #2
 3372              	.LVL286:
 416:../../libDaisy/src/hid/disp/display.h ****             {
 3373              		.loc 9 416 26 is_stmt 1 discriminator 1 view .LVU803
 413:../../libDaisy/src/hid/disp/display.h ****         {
 3374              		.loc 9 413 22 is_stmt 0 discriminator 1 view .LVU804
 3375 01ea FBD1     		bne	.L255
 3376              	.LVL287:
 3377              	.L254:
 434:../../libDaisy/src/hid/disp/display.h **** 
 3378              		.loc 9 434 18 view .LVU805
 3379 01ec 06EB0108 		add	r8, r6, r1
 3380              	.LBB1206:
 3381              	.LBB1207:
 173:../../libDaisy/src/hid/disp/display.h ****         currentY_ = (y >= Height()) ? Height() - 1 : y;
 3382              		.loc 9 173 32 view .LVU806
 3383 01f0 DBF80010 		ldr	r1, [fp]
 3384 01f4 0398     		ldr	r0, [sp, #12]
 3385 01f6 CB68     		ldr	r3, [r1, #12]
 3386              	.LBE1207:
 3387              	.LBE1206:
 434:../../libDaisy/src/hid/disp/display.h **** 
 3388              		.loc 9 434 18 view .LVU807
 3389 01f8 1FFA88F8 		uxth	r8, r8
 3390              	.LVL288:
 3391              	.LBB1211:
 3392              	.LBI1206:
 171:../../libDaisy/src/hid/disp/display.h ****     {
 3393              		.loc 9 171 10 is_stmt 1 view .LVU808
 3394              	.LBB1208:
 173:../../libDaisy/src/hid/disp/display.h ****         currentY_ = (y >= Height()) ? Height() - 1 : y;
 3395              		.loc 9 173 9 view .LVU809
 3396 01fc 8342     		cmp	r3, r0
 3397 01fe 40F0CF80 		bne	.L298
 173:../../libDaisy/src/hid/disp/display.h ****         currentY_ = (y >= Height()) ? Height() - 1 : y;
 3398              		.loc 9 173 19 is_stmt 0 discriminator 1 view .LVU810
 3399 0202 B8F1800F 		cmp	r8, #128
ARM GAS  /tmp/ccuCWtjx.s 			page 107


 3400 0206 28BF     		it	cs
 3401 0208 4FF07F08 		movcs	r8, #127
 3402              	.LVL289:
 3403              	.L261:
 174:../../libDaisy/src/hid/disp/display.h ****     }
 3404              		.loc 9 174 33 view .LVU811
 3405 020c 8B68     		ldr	r3, [r1, #8]
 3406 020e 0499     		ldr	r1, [sp, #16]
 173:../../libDaisy/src/hid/disp/display.h ****         currentY_ = (y >= Height()) ? Height() - 1 : y;
 3407              		.loc 9 173 19 discriminator 4 view .LVU812
 3408 0210 ABF80480 		strh	r8, [fp, #4]	@ movhi
 174:../../libDaisy/src/hid/disp/display.h ****     }
 3409              		.loc 9 174 9 is_stmt 1 view .LVU813
 3410 0214 8B42     		cmp	r3, r1
 3411 0216 40F0AE80 		bne	.L299
 174:../../libDaisy/src/hid/disp/display.h ****     }
 3412              		.loc 9 174 19 is_stmt 0 discriminator 1 view .LVU814
 3413 021a 3F2F     		cmp	r7, #63
 3414 021c 00D9     		bls	.L265
 3415              	.L269:
 173:../../libDaisy/src/hid/disp/display.h ****         currentY_ = (y >= Height()) ? Height() - 1 : y;
 3416              		.loc 9 173 19 discriminator 1 view .LVU815
 3417 021e 3F27     		movs	r7, #63
 3418              	.LVL290:
 3419              	.L265:
 174:../../libDaisy/src/hid/disp/display.h ****     }
 3420              		.loc 9 174 19 discriminator 4 view .LVU816
 3421 0220 ABF80670 		strh	r7, [fp, #6]	@ movhi
 3422              	.LVL291:
 3423              	.L246:
 174:../../libDaisy/src/hid/disp/display.h ****     }
 3424              		.loc 9 174 19 discriminator 4 view .LVU817
 3425              	.LBE1208:
 3426              	.LBE1211:
 3427              	.LBE1162:
 3428              	.LBE1161:
 445:../../libDaisy/src/hid/disp/display.h ****                != *str)
 3429              		.loc 9 445 13 view .LVU818
 3430 0224 9AF80030 		ldrb	r3, [r10]	@ zero_extendqisi2
 3431 0228 A342     		cmp	r3, r4
 3432 022a 04D1     		bne	.L290
 3433              	.LVL292:
 443:../../libDaisy/src/hid/disp/display.h ****         {
 3434              		.loc 9 443 9 is_stmt 1 view .LVU819
 3435 022c 1AF8014F 		ldrb	r4, [r10, #1]!	@ zero_extendqisi2
 3436              	.LVL293:
 443:../../libDaisy/src/hid/disp/display.h ****         {
 3437              		.loc 9 443 9 is_stmt 0 view .LVU820
 3438 0230 002C     		cmp	r4, #0
 3439 0232 7FF44FAF 		bne	.L244
 3440              	.L290:
 443:../../libDaisy/src/hid/disp/display.h ****         {
 3441              		.loc 9 443 9 view .LVU821
 3442 0236 099F     		ldr	r7, [sp, #36]
 3443              	.LVL294:
 3444              	.L214:
 443:../../libDaisy/src/hid/disp/display.h ****         {
ARM GAS  /tmp/ccuCWtjx.s 			page 108


 3445              		.loc 9 443 9 view .LVU822
 3446              	.LBE1218:
 3447              	.LBE1159:
 471:../../libDaisy/src/hid/disp/display.h **** 
 3448              		.loc 9 471 5 view .LVU823
 3449 0238 3846     		mov	r0, r7
 3450 023a 0BB0     		add	sp, sp, #44
 3451              		.cfi_remember_state
 3452              		.cfi_def_cfa_offset 36
 3453              		@ sp needed
 3454 023c BDE8F08F 		pop	{r4, r5, r6, r7, r8, r9, r10, fp, pc}
 3455              	.LVL295:
 3456              	.L226:
 3457              		.cfi_restore_state
 3458              	.LBB1221:
 3459              	.LBB1141:
 250:../../libDaisy/src/hid/disp/graphics_common.h ****                 return {int16_t(x_ + (other.GetCenterX() - GetCenterX())),
 3460              		.loc 11 250 13 is_stmt 1 view .LVU824
 251:../../libDaisy/src/hid/disp/graphics_common.h ****                         int16_t(y_ + (other.GetCenterY() - GetCenterY())),
 3461              		.loc 11 251 17 view .LVU825
 3462              	.LBB986:
 3463              	.LBI986:
  62:../../libDaisy/src/hid/disp/graphics_common.h ****     int16_t GetCenterY() const { return y_ + height_ / 2; }
 3464              		.loc 11 62 13 view .LVU826
 3465              	.LBB987:
  62:../../libDaisy/src/hid/disp/graphics_common.h ****     int16_t GetCenterY() const { return y_ + height_ / 2; }
 3466              		.loc 11 62 34 view .LVU827
  62:../../libDaisy/src/hid/disp/graphics_common.h ****     int16_t GetCenterY() const { return y_ + height_ / 2; }
 3467              		.loc 11 62 34 is_stmt 0 view .LVU828
 3468              	.LBE987:
 3469              	.LBE986:
 3470              	.LBB991:
 3471              	.LBI991:
  62:../../libDaisy/src/hid/disp/graphics_common.h ****     int16_t GetCenterY() const { return y_ + height_ / 2; }
 3472              		.loc 11 62 13 is_stmt 1 view .LVU829
 3473              	.LBB992:
  62:../../libDaisy/src/hid/disp/graphics_common.h ****     int16_t GetCenterY() const { return y_ + height_ / 2; }
 3474              		.loc 11 62 34 view .LVU830
  62:../../libDaisy/src/hid/disp/graphics_common.h ****     int16_t GetCenterY() const { return y_ + height_ / 2; }
 3475              		.loc 11 62 34 is_stmt 0 view .LVU831
 3476              	.LBE992:
 3477              	.LBE991:
 3478              	.LBB993:
 3479              	.LBB988:
  62:../../libDaisy/src/hid/disp/graphics_common.h ****     int16_t GetCenterY() const { return y_ + height_ / 2; }
 3480              		.loc 11 62 53 view .LVU832
 3481 0240 002A     		cmp	r2, #0
 3482              	.LBE988:
 3483              	.LBE993:
 3484              	.LBB994:
 3485              	.LBB995:
 3486              	.LBB996:
  32:../../libDaisy/src/hid/disp/graphics_common.h ****     {
 3487              		.loc 11 32 21 discriminator 1 view .LVU833
 3488 0242 B980     		strh	r1, [r7, #4]	@ movhi
  32:../../libDaisy/src/hid/disp/graphics_common.h ****     {
 3489              		.loc 11 32 44 discriminator 2 view .LVU834
ARM GAS  /tmp/ccuCWtjx.s 			page 109


 3490 0244 FE80     		strh	r6, [r7, #6]	@ movhi
 3491              	.LBE996:
 3492              	.LBE995:
 3493              	.LBE994:
 3494              	.LBB1001:
 3495              	.LBB989:
  62:../../libDaisy/src/hid/disp/graphics_common.h ****     int16_t GetCenterY() const { return y_ + height_ / 2; }
 3496              		.loc 11 62 53 view .LVU835
 3497 0246 B8BF     		it	lt
 3498 0248 0132     		addlt	r2, r2, #1
 3499              	.LBE989:
 3500              	.LBE1001:
 3501              	.LBB1002:
 3502              	.LBB1003:
  63:../../libDaisy/src/hid/disp/graphics_common.h **** 
 3503              		.loc 11 63 54 view .LVU836
 3504 024a 0028     		cmp	r0, #0
 3505 024c B8BF     		it	lt
 3506 024e 0130     		addlt	r0, r0, #1
 3507              	.LBE1003:
 3508              	.LBE1002:
 3509              	.LBB1006:
 3510              	.LBB990:
  62:../../libDaisy/src/hid/disp/graphics_common.h ****     int16_t GetCenterY() const { return y_ + height_ / 2; }
 3511              		.loc 11 62 44 view .LVU837
 3512 0250 0CEB6205 		add	r5, ip, r2, asr #1
 3513              	.LBE990:
 3514              	.LBE1006:
 3515              	.LBB1007:
 3516              	.LBB1004:
  63:../../libDaisy/src/hid/disp/graphics_common.h **** 
 3517              		.loc 11 63 44 view .LVU838
 3518 0254 03EB6004 		add	r4, r3, r0, asr #1
 3519              	.LVL296:
  63:../../libDaisy/src/hid/disp/graphics_common.h **** 
 3520              		.loc 11 63 44 view .LVU839
 3521              	.LBE1004:
 3522              	.LBE1007:
 3523              	.LBE1141:
 3524              	.LBE1221:
 3525              	.LBB1222:
 3526              	.LBB1152:
 173:../../libDaisy/src/hid/disp/display.h ****         currentY_ = (y >= Height()) ? Height() - 1 : y;
 3527              		.loc 9 173 32 view .LVU840
 3528 0258 DBF80030 		ldr	r3, [fp]
 3529              	.LBE1152:
 3530              	.LBE1222:
 3531              	.LBB1223:
 3532              	.LBB1142:
 251:../../libDaisy/src/hid/disp/graphics_common.h ****                         int16_t(y_ + (other.GetCenterY() - GetCenterY())),
 3533              		.loc 11 251 58 discriminator 2 view .LVU841
 3534 025c A5EB6105 		sub	r5, r5, r1, asr #1
 3535 0260 4049     		ldr	r1, .L301
 252:../../libDaisy/src/hid/disp/graphics_common.h ****                         width_,
 3536              		.loc 11 252 58 discriminator 2 view .LVU842
 3537 0262 A4EB5604 		sub	r4, r4, r6, lsr #1
 3538              	.LBE1142:
ARM GAS  /tmp/ccuCWtjx.s 			page 110


 3539              	.LBE1223:
 3540              	.LBB1224:
 3541              	.LBB1153:
 173:../../libDaisy/src/hid/disp/display.h ****         currentY_ = (y >= Height()) ? Height() - 1 : y;
 3542              		.loc 9 173 32 view .LVU843
 3543 0266 DA68     		ldr	r2, [r3, #12]
 3544              	.LBE1153:
 3545              	.LBE1224:
 3546              	.LBB1225:
 3547              	.LBB1143:
 251:../../libDaisy/src/hid/disp/graphics_common.h ****                         int16_t(y_ + (other.GetCenterY() - GetCenterY())),
 3548              		.loc 11 251 58 discriminator 2 view .LVU844
 3549 0268 ADB2     		uxth	r5, r5
 3550              	.LVL297:
 3551              	.LBB1008:
 3552              	.LBI1002:
  63:../../libDaisy/src/hid/disp/graphics_common.h **** 
 3553              		.loc 11 63 13 is_stmt 1 view .LVU845
 3554              	.LBB1005:
  63:../../libDaisy/src/hid/disp/graphics_common.h **** 
 3555              		.loc 11 63 34 view .LVU846
  63:../../libDaisy/src/hid/disp/graphics_common.h **** 
 3556              		.loc 11 63 34 is_stmt 0 view .LVU847
 3557              	.LBE1005:
 3558              	.LBE1008:
 3559              	.LBB1009:
 3560              	.LBI1009:
  63:../../libDaisy/src/hid/disp/graphics_common.h **** 
 3561              		.loc 11 63 13 is_stmt 1 view .LVU848
 3562              	.LBB1010:
  63:../../libDaisy/src/hid/disp/graphics_common.h **** 
 3563              		.loc 11 63 34 view .LVU849
  63:../../libDaisy/src/hid/disp/graphics_common.h **** 
 3564              		.loc 11 63 34 is_stmt 0 view .LVU850
 3565              	.LBE1010:
 3566              	.LBE1009:
 252:../../libDaisy/src/hid/disp/graphics_common.h ****                         width_,
 3567              		.loc 11 252 58 discriminator 2 view .LVU851
 3568 026a A4B2     		uxth	r4, r4
 3569              	.LVL298:
 3570              	.LBB1011:
 3571              	.LBI994:
  31:../../libDaisy/src/hid/disp/graphics_common.h ****     : x_(x), y_(y), width_(max(0, width)), height_(max(0, height))
 3572              		.loc 11 31 5 is_stmt 1 view .LVU852
 3573 026c 8A42     		cmp	r2, r1
 3574              	.LBB1000:
 3575              	.LBB999:
  32:../../libDaisy/src/hid/disp/graphics_common.h ****     {
 3576              		.loc 11 32 7 is_stmt 0 view .LVU853
 3577 026e 3D80     		strh	r5, [r7]	@ movhi
  32:../../libDaisy/src/hid/disp/graphics_common.h ****     {
 3578              		.loc 11 32 14 view .LVU854
 3579 0270 7C80     		strh	r4, [r7, #2]	@ movhi
 3580              	.LVL299:
 3581              	.LBB997:
 3582              	.LBI997:
 3583              		.loc 11 261 13 is_stmt 1 view .LVU855
ARM GAS  /tmp/ccuCWtjx.s 			page 111


 3584              		.loc 11 261 41 view .LVU856
 3585              		.loc 11 261 41 is_stmt 0 view .LVU857
 3586              	.LBE997:
 3587              	.LBB998:
 3588              	.LBI998:
 3589              		.loc 11 261 13 is_stmt 1 view .LVU858
 3590              		.loc 11 261 41 view .LVU859
 3591              		.loc 11 261 41 is_stmt 0 view .LVU860
 3592              	.LBE998:
 3593              	.LBE999:
 3594              	.LBE1000:
 3595              	.LBE1011:
 3596              	.LBE1143:
 3597              	.LBE1225:
 3598              	.LBB1226:
 171:../../libDaisy/src/hid/disp/display.h ****     {
 3599              		.loc 9 171 10 is_stmt 1 view .LVU861
 3600              	.LBB1154:
 173:../../libDaisy/src/hid/disp/display.h ****         currentY_ = (y >= Height()) ? Height() - 1 : y;
 3601              		.loc 9 173 9 view .LVU862
 3602 0272 3FF40FAF 		beq	.L236
 3603              	.LVL300:
 3604              	.L235:
 173:../../libDaisy/src/hid/disp/display.h ****         currentY_ = (y >= Height()) ? Height() - 1 : y;
 3605              		.loc 9 173 9 is_stmt 0 view .LVU863
 3606 0276 0191     		str	r1, [sp, #4]
 173:../../libDaisy/src/hid/disp/display.h ****         currentY_ = (y >= Height()) ? Height() - 1 : y;
 3607              		.loc 9 173 32 view .LVU864
 3608 0278 5846     		mov	r0, fp
 3609 027a 9047     		blx	r2
 3610              	.LVL301:
 173:../../libDaisy/src/hid/disp/display.h ****         currentY_ = (y >= Height()) ? Height() - 1 : y;
 3611              		.loc 9 173 19 discriminator 1 view .LVU865
 3612 027c 8542     		cmp	r5, r0
 173:../../libDaisy/src/hid/disp/display.h ****         currentY_ = (y >= Height()) ? Height() - 1 : y;
 3613              		.loc 9 173 43 discriminator 1 view .LVU866
 3614 027e DBF80030 		ldr	r3, [fp]
 173:../../libDaisy/src/hid/disp/display.h ****         currentY_ = (y >= Height()) ? Height() - 1 : y;
 3615              		.loc 9 173 19 discriminator 1 view .LVU867
 3616 0282 0199     		ldr	r1, [sp, #4]
 3617 0284 FFF409AF 		bcc	.L237
 173:../../libDaisy/src/hid/disp/display.h ****         currentY_ = (y >= Height()) ? Height() - 1 : y;
 3618              		.loc 9 173 43 discriminator 1 view .LVU868
 3619 0288 DA68     		ldr	r2, [r3, #12]
 3620 028a 8A42     		cmp	r2, r1
 3621 028c 00F0C980 		beq	.L275
 3622 0290 5846     		mov	r0, fp
 3623 0292 9047     		blx	r2
 3624              	.LVL302:
 173:../../libDaisy/src/hid/disp/display.h ****         currentY_ = (y >= Height()) ? Height() - 1 : y;
 3625              		.loc 9 173 19 discriminator 1 view .LVU869
 3626 0294 431E     		subs	r3, r0, #1
 3627 0296 0199     		ldr	r1, [sp, #4]
 3628 0298 9DB2     		uxth	r5, r3
 174:../../libDaisy/src/hid/disp/display.h ****     }
 3629              		.loc 9 174 33 view .LVU870
 3630 029a DBF80030 		ldr	r3, [fp]
ARM GAS  /tmp/ccuCWtjx.s 			page 112


 3631 029e FCE6     		b	.L237
 3632              	.LVL303:
 3633              	.L225:
 174:../../libDaisy/src/hid/disp/display.h ****     }
 3634              		.loc 9 174 33 view .LVU871
 3635              	.LBE1154:
 3636              	.LBE1226:
 3637              	.LBB1227:
 3638              	.LBB1144:
 213:../../libDaisy/src/hid/disp/graphics_common.h ****                 return {other.x_, other.y_, width_, height_};
 3639              		.loc 11 213 13 is_stmt 1 view .LVU872
 214:../../libDaisy/src/hid/disp/graphics_common.h ****             case Alignment::topRight:
 3640              		.loc 11 214 17 view .LVU873
 3641              	.LBB1012:
 3642              	.LBI1012:
  31:../../libDaisy/src/hid/disp/graphics_common.h ****     : x_(x), y_(y), width_(max(0, width)), height_(max(0, height))
 3643              		.loc 11 31 5 view .LVU874
 3644              	.LBE1012:
 3645              	.LBB1019:
 3646              	.LBB1020:
  60:../../libDaisy/src/hid/disp/graphics_common.h ****     int16_t GetBottom() const { return y_ + height_; }
 3647              		.loc 11 60 39 is_stmt 0 view .LVU875
 3648 02a0 1FFA8CF5 		uxth	r5, ip
 3649              	.LBE1020:
 3650              	.LBE1019:
 3651              	.LBB1024:
 3652              	.LBB1013:
 3653              	.LBB1014:
  32:../../libDaisy/src/hid/disp/graphics_common.h ****     {
 3654              		.loc 11 32 21 discriminator 1 view .LVU876
 3655 02a4 B980     		strh	r1, [r7, #4]	@ movhi
 3656              	.LBE1014:
 3657              	.LBE1013:
 3658              	.LBE1024:
 3659              	.LBB1025:
 3660              	.LBB1026:
  61:../../libDaisy/src/hid/disp/graphics_common.h ****     int16_t GetCenterX() const { return x_ + width_ / 2; }
 3661              		.loc 11 61 40 view .LVU877
 3662 02a6 9CB2     		uxth	r4, r3
 3663              	.LVL304:
  61:../../libDaisy/src/hid/disp/graphics_common.h ****     int16_t GetCenterX() const { return x_ + width_ / 2; }
 3664              		.loc 11 61 40 view .LVU878
 3665              	.LBE1026:
 3666              	.LBE1025:
 3667              	.LBB1030:
 3668              	.LBB1018:
 3669              	.LBB1017:
  32:../../libDaisy/src/hid/disp/graphics_common.h ****     {
 3670              		.loc 11 32 44 discriminator 2 view .LVU879
 3671 02a8 FE80     		strh	r6, [r7, #6]	@ movhi
  32:../../libDaisy/src/hid/disp/graphics_common.h ****     {
 3672              		.loc 11 32 7 view .LVU880
 3673 02aa A7F800C0 		strh	ip, [r7]	@ movhi
  32:../../libDaisy/src/hid/disp/graphics_common.h ****     {
 3674              		.loc 11 32 14 view .LVU881
 3675 02ae 7B80     		strh	r3, [r7, #2]	@ movhi
 3676              	.LVL305:
ARM GAS  /tmp/ccuCWtjx.s 			page 113


 3677              	.LBB1015:
 3678              	.LBI1015:
 3679              		.loc 11 261 13 is_stmt 1 view .LVU882
 3680              		.loc 11 261 41 view .LVU883
 3681              		.loc 11 261 41 is_stmt 0 view .LVU884
 3682              	.LBE1015:
 3683              	.LBB1016:
 3684              	.LBI1016:
 3685              		.loc 11 261 13 is_stmt 1 view .LVU885
 3686              		.loc 11 261 41 view .LVU886
 3687              		.loc 11 261 41 is_stmt 0 view .LVU887
 3688              	.LBE1016:
 3689              	.LBE1017:
  34:../../libDaisy/src/hid/disp/graphics_common.h **** 
 3690              		.loc 11 34 5 view .LVU888
 3691 02b0 E9E6     		b	.L227
 3692              	.LVL306:
 3693              	.L224:
  34:../../libDaisy/src/hid/disp/graphics_common.h **** 
 3694              		.loc 11 34 5 view .LVU889
 3695              	.LBE1018:
 3696              	.LBE1030:
 220:../../libDaisy/src/hid/disp/graphics_common.h ****                 return {int16_t(x_ + (other.GetCenterX() - GetCenterX())),
 3697              		.loc 11 220 13 is_stmt 1 view .LVU890
 221:../../libDaisy/src/hid/disp/graphics_common.h ****                         other.y_,
 3698              		.loc 11 221 17 view .LVU891
 3699              	.LBB1031:
 3700              	.LBI1031:
  62:../../libDaisy/src/hid/disp/graphics_common.h ****     int16_t GetCenterY() const { return y_ + height_ / 2; }
 3701              		.loc 11 62 13 view .LVU892
 3702              	.LBB1032:
  62:../../libDaisy/src/hid/disp/graphics_common.h ****     int16_t GetCenterY() const { return y_ + height_ / 2; }
 3703              		.loc 11 62 34 view .LVU893
  62:../../libDaisy/src/hid/disp/graphics_common.h ****     int16_t GetCenterY() const { return y_ + height_ / 2; }
 3704              		.loc 11 62 34 is_stmt 0 view .LVU894
 3705              	.LBE1032:
 3706              	.LBE1031:
 3707              	.LBB1036:
 3708              	.LBI1036:
  62:../../libDaisy/src/hid/disp/graphics_common.h ****     int16_t GetCenterY() const { return y_ + height_ / 2; }
 3709              		.loc 11 62 13 is_stmt 1 view .LVU895
 3710              	.LBB1037:
  62:../../libDaisy/src/hid/disp/graphics_common.h ****     int16_t GetCenterY() const { return y_ + height_ / 2; }
 3711              		.loc 11 62 34 view .LVU896
  62:../../libDaisy/src/hid/disp/graphics_common.h ****     int16_t GetCenterY() const { return y_ + height_ / 2; }
 3712              		.loc 11 62 34 is_stmt 0 view .LVU897
 3713              	.LBE1037:
 3714              	.LBE1036:
 3715              	.LBB1038:
 3716              	.LBB1033:
  62:../../libDaisy/src/hid/disp/graphics_common.h ****     int16_t GetCenterY() const { return y_ + height_ / 2; }
 3717              		.loc 11 62 53 view .LVU898
 3718 02b2 002A     		cmp	r2, #0
 3719              	.LBE1033:
 3720              	.LBE1038:
 3721              	.LBB1039:
 3722              	.LBB1027:
ARM GAS  /tmp/ccuCWtjx.s 			page 114


  61:../../libDaisy/src/hid/disp/graphics_common.h ****     int16_t GetCenterX() const { return x_ + width_ / 2; }
 3723              		.loc 11 61 40 view .LVU899
 3724 02b4 9CB2     		uxth	r4, r3
 3725              	.LVL307:
  61:../../libDaisy/src/hid/disp/graphics_common.h ****     int16_t GetCenterX() const { return x_ + width_ / 2; }
 3726              		.loc 11 61 40 view .LVU900
 3727              	.LBE1027:
 3728              	.LBE1039:
 3729              	.LBB1040:
 3730              	.LBB1041:
 3731              	.LBB1042:
  32:../../libDaisy/src/hid/disp/graphics_common.h ****     {
 3732              		.loc 11 32 14 view .LVU901
 3733 02b6 7B80     		strh	r3, [r7, #2]	@ movhi
 3734              	.LBE1042:
 3735              	.LBE1041:
 3736              	.LBE1040:
 3737              	.LBB1049:
 3738              	.LBB1034:
  62:../../libDaisy/src/hid/disp/graphics_common.h ****     int16_t GetCenterY() const { return y_ + height_ / 2; }
 3739              		.loc 11 62 53 view .LVU902
 3740 02b8 B8BF     		it	lt
 3741 02ba 0132     		addlt	r2, r2, #1
 3742              	.LBE1034:
 3743              	.LBE1049:
 3744              	.LBB1050:
 3745              	.LBB1047:
 3746              	.LBB1045:
  32:../../libDaisy/src/hid/disp/graphics_common.h ****     {
 3747              		.loc 11 32 44 discriminator 2 view .LVU903
 3748 02bc FE80     		strh	r6, [r7, #6]	@ movhi
  32:../../libDaisy/src/hid/disp/graphics_common.h ****     {
 3749              		.loc 11 32 21 discriminator 1 view .LVU904
 3750 02be B980     		strh	r1, [r7, #4]	@ movhi
 3751              	.LBE1045:
 3752              	.LBE1047:
 3753              	.LBE1050:
 3754              	.LBB1051:
 3755              	.LBB1035:
  62:../../libDaisy/src/hid/disp/graphics_common.h ****     int16_t GetCenterY() const { return y_ + height_ / 2; }
 3756              		.loc 11 62 44 view .LVU905
 3757 02c0 0CEB6202 		add	r2, ip, r2, asr #1
 3758              	.LBE1035:
 3759              	.LBE1051:
 221:../../libDaisy/src/hid/disp/graphics_common.h ****                         other.y_,
 3760              		.loc 11 221 58 discriminator 2 view .LVU906
 3761 02c4 A2EB6103 		sub	r3, r2, r1, asr #1
 3762 02c8 9DB2     		uxth	r5, r3
 3763              	.LVL308:
 3764              	.LBB1052:
 3765              	.LBI1040:
  31:../../libDaisy/src/hid/disp/graphics_common.h ****     : x_(x), y_(y), width_(max(0, width)), height_(max(0, height))
 3766              		.loc 11 31 5 is_stmt 1 view .LVU907
 3767              	.LBB1048:
 3768              	.LBB1046:
 3769              	.LBB1043:
 3770              	.LBI1043:
ARM GAS  /tmp/ccuCWtjx.s 			page 115


 3771              		.loc 11 261 13 view .LVU908
 3772              		.loc 11 261 41 view .LVU909
 3773              		.loc 11 261 41 is_stmt 0 view .LVU910
 3774              	.LBE1043:
 3775              	.LBB1044:
 3776              	.LBI1044:
 3777              		.loc 11 261 13 is_stmt 1 view .LVU911
 3778              		.loc 11 261 41 view .LVU912
 3779              		.loc 11 261 41 is_stmt 0 view .LVU913
 3780              	.LBE1044:
  32:../../libDaisy/src/hid/disp/graphics_common.h ****     {
 3781              		.loc 11 32 7 view .LVU914
 3782 02ca 3D80     		strh	r5, [r7]	@ movhi
 3783              	.LBE1046:
  34:../../libDaisy/src/hid/disp/graphics_common.h **** 
 3784              		.loc 11 34 5 view .LVU915
 3785 02cc DBE6     		b	.L227
 3786              	.LVL309:
 3787              	.L223:
  34:../../libDaisy/src/hid/disp/graphics_common.h **** 
 3788              		.loc 11 34 5 view .LVU916
 3789              	.LBE1048:
 3790              	.LBE1052:
 215:../../libDaisy/src/hid/disp/graphics_common.h ****                 return {int16_t(other.GetRight() - width_),
 3791              		.loc 11 215 13 is_stmt 1 view .LVU917
 216:../../libDaisy/src/hid/disp/graphics_common.h ****                         other.y_,
 3792              		.loc 11 216 17 view .LVU918
 3793              	.LBB1053:
 3794              	.LBI1019:
  60:../../libDaisy/src/hid/disp/graphics_common.h ****     int16_t GetBottom() const { return y_ + height_; }
 3795              		.loc 11 60 13 view .LVU919
 3796              	.LBB1021:
  60:../../libDaisy/src/hid/disp/graphics_common.h ****     int16_t GetBottom() const { return y_ + height_; }
 3797              		.loc 11 60 32 view .LVU920
  60:../../libDaisy/src/hid/disp/graphics_common.h ****     int16_t GetBottom() const { return y_ + height_; }
 3798              		.loc 11 60 42 is_stmt 0 view .LVU921
 3799 02ce 6244     		add	r2, r2, ip
 3800              	.LBE1021:
 3801              	.LBE1053:
 3802              	.LBB1054:
 3803              	.LBB1028:
  61:../../libDaisy/src/hid/disp/graphics_common.h ****     int16_t GetCenterX() const { return x_ + width_ / 2; }
 3804              		.loc 11 61 40 view .LVU922
 3805 02d0 9CB2     		uxth	r4, r3
 3806              	.LVL310:
  61:../../libDaisy/src/hid/disp/graphics_common.h ****     int16_t GetCenterX() const { return x_ + width_ / 2; }
 3807              		.loc 11 61 40 view .LVU923
 3808              	.LBE1028:
 3809              	.LBE1054:
 3810              	.LBB1055:
 3811              	.LBB1056:
 3812              	.LBB1057:
  32:../../libDaisy/src/hid/disp/graphics_common.h ****     {
 3813              		.loc 11 32 14 view .LVU924
 3814 02d2 7B80     		strh	r3, [r7, #2]	@ movhi
 3815              	.LBE1057:
 3816              	.LBE1056:
ARM GAS  /tmp/ccuCWtjx.s 			page 116


 3817              	.LBE1055:
 216:../../libDaisy/src/hid/disp/graphics_common.h ****                         other.y_,
 3818              		.loc 11 216 50 discriminator 1 view .LVU925
 3819 02d4 531A     		subs	r3, r2, r1
 3820              	.LBB1064:
 3821              	.LBB1062:
 3822              	.LBB1060:
  32:../../libDaisy/src/hid/disp/graphics_common.h ****     {
 3823              		.loc 11 32 44 discriminator 2 view .LVU926
 3824 02d6 FE80     		strh	r6, [r7, #6]	@ movhi
  32:../../libDaisy/src/hid/disp/graphics_common.h ****     {
 3825              		.loc 11 32 21 discriminator 1 view .LVU927
 3826 02d8 B980     		strh	r1, [r7, #4]	@ movhi
 3827              	.LBE1060:
 3828              	.LBE1062:
 3829              	.LBE1064:
 216:../../libDaisy/src/hid/disp/graphics_common.h ****                         other.y_,
 3830              		.loc 11 216 50 discriminator 1 view .LVU928
 3831 02da 9DB2     		uxth	r5, r3
 3832              	.LVL311:
 3833              	.LBB1065:
 3834              	.LBI1055:
  31:../../libDaisy/src/hid/disp/graphics_common.h ****     : x_(x), y_(y), width_(max(0, width)), height_(max(0, height))
 3835              		.loc 11 31 5 is_stmt 1 view .LVU929
 3836              	.LBB1063:
 3837              	.LBB1061:
 3838              	.LBB1058:
 3839              	.LBI1058:
 3840              		.loc 11 261 13 view .LVU930
 3841              		.loc 11 261 41 view .LVU931
 3842              		.loc 11 261 41 is_stmt 0 view .LVU932
 3843              	.LBE1058:
 3844              	.LBB1059:
 3845              	.LBI1059:
 3846              		.loc 11 261 13 is_stmt 1 view .LVU933
 3847              		.loc 11 261 41 view .LVU934
 3848              		.loc 11 261 41 is_stmt 0 view .LVU935
 3849              	.LBE1059:
  32:../../libDaisy/src/hid/disp/graphics_common.h ****     {
 3850              		.loc 11 32 7 view .LVU936
 3851 02dc 3D80     		strh	r5, [r7]	@ movhi
 3852              	.LBE1061:
  34:../../libDaisy/src/hid/disp/graphics_common.h **** 
 3853              		.loc 11 34 5 view .LVU937
 3854 02de D2E6     		b	.L227
 3855              	.LVL312:
 3856              	.L222:
  34:../../libDaisy/src/hid/disp/graphics_common.h **** 
 3857              		.loc 11 34 5 view .LVU938
 3858              	.LBE1063:
 3859              	.LBE1065:
 225:../../libDaisy/src/hid/disp/graphics_common.h ****                 return {other.x_,
 3860              		.loc 11 225 13 is_stmt 1 view .LVU939
 226:../../libDaisy/src/hid/disp/graphics_common.h ****                         int16_t(other.GetBottom() - height_),
 3861              		.loc 11 226 17 view .LVU940
 3862              	.LBB1066:
 3863              	.LBI1025:
ARM GAS  /tmp/ccuCWtjx.s 			page 117


  61:../../libDaisy/src/hid/disp/graphics_common.h ****     int16_t GetCenterX() const { return x_ + width_ / 2; }
 3864              		.loc 11 61 13 view .LVU941
 3865              	.LBB1029:
  61:../../libDaisy/src/hid/disp/graphics_common.h ****     int16_t GetCenterX() const { return x_ + width_ / 2; }
 3866              		.loc 11 61 33 view .LVU942
  61:../../libDaisy/src/hid/disp/graphics_common.h ****     int16_t GetCenterX() const { return x_ + width_ / 2; }
 3867              		.loc 11 61 43 is_stmt 0 view .LVU943
 3868 02e0 1C18     		adds	r4, r3, r0
 3869              	.LVL313:
  61:../../libDaisy/src/hid/disp/graphics_common.h ****     int16_t GetCenterX() const { return x_ + width_ / 2; }
 3870              		.loc 11 61 43 view .LVU944
 3871              	.LBE1029:
 3872              	.LBE1066:
 3873              	.LBB1067:
 3874              	.LBB1022:
  60:../../libDaisy/src/hid/disp/graphics_common.h ****     int16_t GetBottom() const { return y_ + height_; }
 3875              		.loc 11 60 39 view .LVU945
 3876 02e2 1FFA8CF5 		uxth	r5, ip
 3877              	.LBE1022:
 3878              	.LBE1067:
 3879              	.LBB1068:
 3880              	.LBB1069:
 3881              	.LBB1070:
  32:../../libDaisy/src/hid/disp/graphics_common.h ****     {
 3882              		.loc 11 32 21 discriminator 1 view .LVU946
 3883 02e6 B980     		strh	r1, [r7, #4]	@ movhi
 3884              	.LBE1070:
 3885              	.LBE1069:
 3886              	.LBE1068:
 227:../../libDaisy/src/hid/disp/graphics_common.h ****                         width_,
 3887              		.loc 11 227 51 discriminator 1 view .LVU947
 3888 02e8 A4EB0E04 		sub	r4, r4, lr
 3889              	.LBB1077:
 3890              	.LBB1075:
 3891              	.LBB1073:
  32:../../libDaisy/src/hid/disp/graphics_common.h ****     {
 3892              		.loc 11 32 44 discriminator 2 view .LVU948
 3893 02ec FE80     		strh	r6, [r7, #6]	@ movhi
  32:../../libDaisy/src/hid/disp/graphics_common.h ****     {
 3894              		.loc 11 32 7 view .LVU949
 3895 02ee A7F800C0 		strh	ip, [r7]	@ movhi
 3896              	.LBE1073:
 3897              	.LBE1075:
 3898              	.LBE1077:
 227:../../libDaisy/src/hid/disp/graphics_common.h ****                         width_,
 3899              		.loc 11 227 51 discriminator 1 view .LVU950
 3900 02f2 A4B2     		uxth	r4, r4
 3901              	.LVL314:
 3902              	.LBB1078:
 3903              	.LBI1068:
  31:../../libDaisy/src/hid/disp/graphics_common.h ****     : x_(x), y_(y), width_(max(0, width)), height_(max(0, height))
 3904              		.loc 11 31 5 is_stmt 1 view .LVU951
 3905              	.LBB1076:
 3906              	.LBB1074:
  32:../../libDaisy/src/hid/disp/graphics_common.h ****     {
 3907              		.loc 11 32 14 is_stmt 0 view .LVU952
 3908 02f4 7C80     		strh	r4, [r7, #2]	@ movhi
ARM GAS  /tmp/ccuCWtjx.s 			page 118


 3909              	.LVL315:
 3910              	.LBB1071:
 3911              	.LBI1071:
 3912              		.loc 11 261 13 is_stmt 1 view .LVU953
 3913              		.loc 11 261 41 view .LVU954
 3914              		.loc 11 261 41 is_stmt 0 view .LVU955
 3915              	.LBE1071:
 3916              	.LBB1072:
 3917              	.LBI1072:
 3918              		.loc 11 261 13 is_stmt 1 view .LVU956
 3919              		.loc 11 261 41 view .LVU957
 3920              		.loc 11 261 41 is_stmt 0 view .LVU958
 3921              	.LBE1072:
 3922              	.LBE1074:
  34:../../libDaisy/src/hid/disp/graphics_common.h **** 
 3923              		.loc 11 34 5 view .LVU959
 3924 02f6 C6E6     		b	.L227
 3925              	.LVL316:
 3926              	.L221:
  34:../../libDaisy/src/hid/disp/graphics_common.h **** 
 3927              		.loc 11 34 5 view .LVU960
 3928              	.LBE1076:
 3929              	.LBE1078:
 235:../../libDaisy/src/hid/disp/graphics_common.h ****                 return {int16_t(x_ + (other.GetCenterX() - GetCenterX())),
 3930              		.loc 11 235 13 is_stmt 1 view .LVU961
 236:../../libDaisy/src/hid/disp/graphics_common.h ****                         int16_t(other.GetBottom() - height_),
 3931              		.loc 11 236 17 view .LVU962
 3932              	.LBB1079:
 3933              	.LBI1079:
  62:../../libDaisy/src/hid/disp/graphics_common.h ****     int16_t GetCenterY() const { return y_ + height_ / 2; }
 3934              		.loc 11 62 13 view .LVU963
 3935              	.LBB1080:
  62:../../libDaisy/src/hid/disp/graphics_common.h ****     int16_t GetCenterY() const { return y_ + height_ / 2; }
 3936              		.loc 11 62 34 view .LVU964
  62:../../libDaisy/src/hid/disp/graphics_common.h ****     int16_t GetCenterY() const { return y_ + height_ / 2; }
 3937              		.loc 11 62 34 is_stmt 0 view .LVU965
 3938              	.LBE1080:
 3939              	.LBE1079:
 3940              	.LBB1084:
 3941              	.LBI1084:
  62:../../libDaisy/src/hid/disp/graphics_common.h ****     int16_t GetCenterY() const { return y_ + height_ / 2; }
 3942              		.loc 11 62 13 is_stmt 1 view .LVU966
 3943              	.LBB1085:
  62:../../libDaisy/src/hid/disp/graphics_common.h ****     int16_t GetCenterY() const { return y_ + height_ / 2; }
 3944              		.loc 11 62 34 view .LVU967
  62:../../libDaisy/src/hid/disp/graphics_common.h ****     int16_t GetCenterY() const { return y_ + height_ / 2; }
 3945              		.loc 11 62 34 is_stmt 0 view .LVU968
 3946              	.LBE1085:
 3947              	.LBE1084:
 3948              	.LBB1086:
 3949              	.LBB1081:
  62:../../libDaisy/src/hid/disp/graphics_common.h ****     int16_t GetCenterY() const { return y_ + height_ / 2; }
 3950              		.loc 11 62 53 view .LVU969
 3951 02f8 002A     		cmp	r2, #0
 3952              	.LBE1081:
 3953              	.LBE1086:
 3954              	.LBB1087:
ARM GAS  /tmp/ccuCWtjx.s 			page 119


 3955              	.LBB1088:
  61:../../libDaisy/src/hid/disp/graphics_common.h ****     int16_t GetCenterX() const { return x_ + width_ / 2; }
 3956              		.loc 11 61 43 view .LVU970
 3957 02fa 03EB0004 		add	r4, r3, r0
 3958              	.LVL317:
  61:../../libDaisy/src/hid/disp/graphics_common.h ****     int16_t GetCenterX() const { return x_ + width_ / 2; }
 3959              		.loc 11 61 43 view .LVU971
 3960              	.LBE1088:
 3961              	.LBE1087:
 3962              	.LBB1090:
 3963              	.LBB1091:
 3964              	.LBB1092:
  32:../../libDaisy/src/hid/disp/graphics_common.h ****     {
 3965              		.loc 11 32 44 discriminator 2 view .LVU972
 3966 02fe FE80     		strh	r6, [r7, #6]	@ movhi
 3967              	.LBE1092:
 3968              	.LBE1091:
 3969              	.LBE1090:
 3970              	.LBB1099:
 3971              	.LBB1082:
  62:../../libDaisy/src/hid/disp/graphics_common.h ****     int16_t GetCenterY() const { return y_ + height_ / 2; }
 3972              		.loc 11 62 53 view .LVU973
 3973 0300 B8BF     		it	lt
 3974 0302 0132     		addlt	r2, r2, #1
 3975              	.LBE1082:
 3976              	.LBE1099:
 237:../../libDaisy/src/hid/disp/graphics_common.h ****                         width_,
 3977              		.loc 11 237 51 discriminator 1 view .LVU974
 3978 0304 A4EB0E04 		sub	r4, r4, lr
 3979              	.LBB1100:
 3980              	.LBB1083:
  62:../../libDaisy/src/hid/disp/graphics_common.h ****     int16_t GetCenterY() const { return y_ + height_ / 2; }
 3981              		.loc 11 62 44 view .LVU975
 3982 0308 0CEB6202 		add	r2, ip, r2, asr #1
 3983              	.LBE1083:
 3984              	.LBE1100:
 236:../../libDaisy/src/hid/disp/graphics_common.h ****                         int16_t(other.GetBottom() - height_),
 3985              		.loc 11 236 58 discriminator 2 view .LVU976
 3986 030c A2EB6103 		sub	r3, r2, r1, asr #1
 3987              	.L292:
 236:../../libDaisy/src/hid/disp/graphics_common.h ****                         int16_t(other.GetBottom() - height_),
 3988              		.loc 11 236 58 discriminator 2 view .LVU977
 3989 0310 9DB2     		uxth	r5, r3
 3990              	.LVL318:
 3991              	.LBB1101:
 3992              	.LBI1087:
  61:../../libDaisy/src/hid/disp/graphics_common.h ****     int16_t GetCenterX() const { return x_ + width_ / 2; }
 3993              		.loc 11 61 13 is_stmt 1 view .LVU978
 3994              	.LBB1089:
  61:../../libDaisy/src/hid/disp/graphics_common.h ****     int16_t GetCenterX() const { return x_ + width_ / 2; }
 3995              		.loc 11 61 33 view .LVU979
  61:../../libDaisy/src/hid/disp/graphics_common.h ****     int16_t GetCenterX() const { return x_ + width_ / 2; }
 3996              		.loc 11 61 33 is_stmt 0 view .LVU980
 3997              	.LBE1089:
 3998              	.LBE1101:
 3999              	.LBB1102:
 4000              	.LBB1097:
ARM GAS  /tmp/ccuCWtjx.s 			page 120


 4001              	.LBB1095:
  32:../../libDaisy/src/hid/disp/graphics_common.h ****     {
 4002              		.loc 11 32 21 discriminator 1 view .LVU981
 4003 0312 B980     		strh	r1, [r7, #4]	@ movhi
 4004              	.LBE1095:
 4005              	.LBE1097:
 4006              	.LBE1102:
 237:../../libDaisy/src/hid/disp/graphics_common.h ****                         width_,
 4007              		.loc 11 237 51 discriminator 1 view .LVU982
 4008 0314 A4B2     		uxth	r4, r4
 4009              	.LVL319:
 4010              	.LBB1103:
 4011              	.LBI1090:
  31:../../libDaisy/src/hid/disp/graphics_common.h ****     : x_(x), y_(y), width_(max(0, width)), height_(max(0, height))
 4012              		.loc 11 31 5 is_stmt 1 view .LVU983
 4013              	.LBB1098:
 4014              	.LBB1096:
  32:../../libDaisy/src/hid/disp/graphics_common.h ****     {
 4015              		.loc 11 32 7 is_stmt 0 view .LVU984
 4016 0316 3D80     		strh	r5, [r7]	@ movhi
  32:../../libDaisy/src/hid/disp/graphics_common.h ****     {
 4017              		.loc 11 32 14 view .LVU985
 4018 0318 7C80     		strh	r4, [r7, #2]	@ movhi
 4019              	.LVL320:
 4020              	.LBB1093:
 4021              	.LBI1093:
 4022              		.loc 11 261 13 is_stmt 1 view .LVU986
 4023              		.loc 11 261 41 view .LVU987
 4024              		.loc 11 261 41 is_stmt 0 view .LVU988
 4025              	.LBE1093:
 4026              	.LBB1094:
 4027              	.LBI1094:
 4028              		.loc 11 261 13 is_stmt 1 view .LVU989
 4029              		.loc 11 261 41 view .LVU990
 4030              		.loc 11 261 41 is_stmt 0 view .LVU991
 4031              	.LBE1094:
 4032              	.LBE1096:
  34:../../libDaisy/src/hid/disp/graphics_common.h **** 
 4033              		.loc 11 34 5 view .LVU992
 4034 031a B4E6     		b	.L227
 4035              	.LVL321:
 4036              	.L220:
  34:../../libDaisy/src/hid/disp/graphics_common.h **** 
 4037              		.loc 11 34 5 view .LVU993
 4038              	.LBE1098:
 4039              	.LBE1103:
 230:../../libDaisy/src/hid/disp/graphics_common.h ****                 return {int16_t(other.GetRight() - width_),
 4040              		.loc 11 230 13 is_stmt 1 view .LVU994
 231:../../libDaisy/src/hid/disp/graphics_common.h ****                         int16_t(other.GetBottom() - height_),
 4041              		.loc 11 231 17 view .LVU995
 4042              	.LBB1104:
 4043              	.LBI1104:
  60:../../libDaisy/src/hid/disp/graphics_common.h ****     int16_t GetBottom() const { return y_ + height_; }
 4044              		.loc 11 60 13 view .LVU996
 4045              	.LBB1105:
  60:../../libDaisy/src/hid/disp/graphics_common.h ****     int16_t GetBottom() const { return y_ + height_; }
 4046              		.loc 11 60 32 view .LVU997
ARM GAS  /tmp/ccuCWtjx.s 			page 121


  60:../../libDaisy/src/hid/disp/graphics_common.h ****     int16_t GetBottom() const { return y_ + height_; }
 4047              		.loc 11 60 32 is_stmt 0 view .LVU998
 4048              	.LBE1105:
 4049              	.LBE1104:
 4050              	.LBB1107:
 4051              	.LBB1108:
  61:../../libDaisy/src/hid/disp/graphics_common.h ****     int16_t GetCenterX() const { return x_ + width_ / 2; }
 4052              		.loc 11 61 43 view .LVU999
 4053 031c 1C18     		adds	r4, r3, r0
 4054              	.LVL322:
  61:../../libDaisy/src/hid/disp/graphics_common.h ****     int16_t GetCenterX() const { return x_ + width_ / 2; }
 4055              		.loc 11 61 43 view .LVU1000
 4056              	.LBE1108:
 4057              	.LBE1107:
 4058              	.LBB1109:
 4059              	.LBB1106:
  60:../../libDaisy/src/hid/disp/graphics_common.h ****     int16_t GetBottom() const { return y_ + height_; }
 4060              		.loc 11 60 42 view .LVU1001
 4061 031e 6244     		add	r2, r2, ip
 4062              	.LBE1106:
 4063              	.LBE1109:
 4064              	.LBB1110:
 4065              	.LBB1111:
 4066              	.LBB1112:
  32:../../libDaisy/src/hid/disp/graphics_common.h ****     {
 4067              		.loc 11 32 44 discriminator 2 view .LVU1002
 4068 0320 FE80     		strh	r6, [r7, #6]	@ movhi
 4069              	.LBE1112:
 4070              	.LBE1111:
 4071              	.LBE1110:
 232:../../libDaisy/src/hid/disp/graphics_common.h ****                         width_,
 4072              		.loc 11 232 51 discriminator 1 view .LVU1003
 4073 0322 A4EB0E04 		sub	r4, r4, lr
 231:../../libDaisy/src/hid/disp/graphics_common.h ****                         int16_t(other.GetBottom() - height_),
 4074              		.loc 11 231 50 discriminator 1 view .LVU1004
 4075 0326 531A     		subs	r3, r2, r1
 4076 0328 F2E7     		b	.L292
 4077              	.LVL323:
 4078              	.L219:
 240:../../libDaisy/src/hid/disp/graphics_common.h ****                 return {other.x_,
 4079              		.loc 11 240 13 is_stmt 1 view .LVU1005
 241:../../libDaisy/src/hid/disp/graphics_common.h ****                         int16_t(y_ + (other.GetCenterY() - GetCenterY())),
 4080              		.loc 11 241 17 view .LVU1006
 4081              	.LBB1113:
 4082              	.LBI1113:
  63:../../libDaisy/src/hid/disp/graphics_common.h **** 
 4083              		.loc 11 63 13 view .LVU1007
 4084              	.LBB1114:
  63:../../libDaisy/src/hid/disp/graphics_common.h **** 
 4085              		.loc 11 63 34 view .LVU1008
  63:../../libDaisy/src/hid/disp/graphics_common.h **** 
 4086              		.loc 11 63 34 is_stmt 0 view .LVU1009
 4087              	.LBE1114:
 4088              	.LBE1113:
 4089              	.LBB1118:
 4090              	.LBI1118:
  63:../../libDaisy/src/hid/disp/graphics_common.h **** 
ARM GAS  /tmp/ccuCWtjx.s 			page 122


 4091              		.loc 11 63 13 is_stmt 1 view .LVU1010
 4092              	.LBB1119:
  63:../../libDaisy/src/hid/disp/graphics_common.h **** 
 4093              		.loc 11 63 34 view .LVU1011
  63:../../libDaisy/src/hid/disp/graphics_common.h **** 
 4094              		.loc 11 63 34 is_stmt 0 view .LVU1012
 4095              	.LBE1119:
 4096              	.LBE1118:
 4097              	.LBB1120:
 4098              	.LBB1115:
  63:../../libDaisy/src/hid/disp/graphics_common.h **** 
 4099              		.loc 11 63 54 view .LVU1013
 4100 032a 0028     		cmp	r0, #0
 4101              	.LBE1115:
 4102              	.LBE1120:
 4103              	.LBB1121:
 4104              	.LBB1023:
  60:../../libDaisy/src/hid/disp/graphics_common.h ****     int16_t GetBottom() const { return y_ + height_; }
 4105              		.loc 11 60 39 view .LVU1014
 4106 032c 1FFA8CF5 		uxth	r5, ip
 4107              	.LBE1023:
 4108              	.LBE1121:
 4109              	.LBB1122:
 4110              	.LBB1123:
 4111              	.LBB1124:
  32:../../libDaisy/src/hid/disp/graphics_common.h ****     {
 4112              		.loc 11 32 21 discriminator 1 view .LVU1015
 4113 0330 B980     		strh	r1, [r7, #4]	@ movhi
 4114              	.LBE1124:
 4115              	.LBE1123:
 4116              	.LBE1122:
 4117              	.LBB1131:
 4118              	.LBB1116:
  63:../../libDaisy/src/hid/disp/graphics_common.h **** 
 4119              		.loc 11 63 54 view .LVU1016
 4120 0332 B8BF     		it	lt
 4121 0334 0130     		addlt	r0, r0, #1
 4122              	.LBE1116:
 4123              	.LBE1131:
 4124              	.LBB1132:
 4125              	.LBB1129:
 4126              	.LBB1127:
  32:../../libDaisy/src/hid/disp/graphics_common.h ****     {
 4127              		.loc 11 32 7 view .LVU1017
 4128 0336 A7F800C0 		strh	ip, [r7]	@ movhi
  32:../../libDaisy/src/hid/disp/graphics_common.h ****     {
 4129              		.loc 11 32 44 discriminator 2 view .LVU1018
 4130 033a FE80     		strh	r6, [r7, #6]	@ movhi
 4131              	.LBE1127:
 4132              	.LBE1129:
 4133              	.LBE1132:
 4134              	.LBB1133:
 4135              	.LBB1117:
  63:../../libDaisy/src/hid/disp/graphics_common.h **** 
 4136              		.loc 11 63 44 view .LVU1019
 4137 033c 03EB6000 		add	r0, r3, r0, asr #1
 4138              	.LBE1117:
ARM GAS  /tmp/ccuCWtjx.s 			page 123


 4139              	.LBE1133:
 242:../../libDaisy/src/hid/disp/graphics_common.h ****                         width_,
 4140              		.loc 11 242 58 discriminator 2 view .LVU1020
 4141 0340 A0EB5603 		sub	r3, r0, r6, lsr #1
 4142 0344 9CB2     		uxth	r4, r3
 4143              	.LVL324:
 4144              	.LBB1134:
 4145              	.LBI1122:
  31:../../libDaisy/src/hid/disp/graphics_common.h ****     : x_(x), y_(y), width_(max(0, width)), height_(max(0, height))
 4146              		.loc 11 31 5 is_stmt 1 view .LVU1021
 4147              	.LBB1130:
 4148              	.LBB1128:
  32:../../libDaisy/src/hid/disp/graphics_common.h ****     {
 4149              		.loc 11 32 14 is_stmt 0 view .LVU1022
 4150 0346 7C80     		strh	r4, [r7, #2]	@ movhi
 4151              	.LVL325:
 4152              	.LBB1125:
 4153              	.LBI1125:
 4154              		.loc 11 261 13 is_stmt 1 view .LVU1023
 4155              		.loc 11 261 41 view .LVU1024
 4156              		.loc 11 261 41 is_stmt 0 view .LVU1025
 4157              	.LBE1125:
 4158              	.LBB1126:
 4159              	.LBI1126:
 4160              		.loc 11 261 13 is_stmt 1 view .LVU1026
 4161              		.loc 11 261 41 view .LVU1027
 4162              		.loc 11 261 41 is_stmt 0 view .LVU1028
 4163              	.LBE1126:
 4164              	.LBE1128:
  34:../../libDaisy/src/hid/disp/graphics_common.h **** 
 4165              		.loc 11 34 5 view .LVU1029
 4166 0348 9DE6     		b	.L227
 4167              	.LVL326:
 4168              	.L248:
  34:../../libDaisy/src/hid/disp/graphics_common.h **** 
 4169              		.loc 11 34 5 view .LVU1030
 4170              	.LBE1130:
 4171              	.LBE1134:
 4172              	.LBE1144:
 4173              	.LBE1227:
 4174              	.LBB1228:
 4175              	.LBB1219:
 4176              	.LBB1216:
 4177              	.LBB1214:
 402:../../libDaisy/src/hid/disp/display.h **** 
 4178              		.loc 9 402 20 view .LVU1031
 4179 034a 0024     		movs	r4, #0
 4180              	.LVL327:
 402:../../libDaisy/src/hid/disp/display.h **** 
 4181              		.loc 9 402 20 view .LVU1032
 4182 034c 6AE7     		b	.L246
 4183              	.LVL328:
 4184              	.L289:
 402:../../libDaisy/src/hid/disp/display.h **** 
 4185              		.loc 9 402 20 view .LVU1033
 4186 034e A246     		mov	r10, r4
 4187 0350 059C     		ldr	r4, [sp, #20]
ARM GAS  /tmp/ccuCWtjx.s 			page 124


 4188              	.LVL329:
 402:../../libDaisy/src/hid/disp/display.h **** 
 4189              		.loc 9 402 20 view .LVU1034
 4190 0352 DDE90627 		ldrd	r2, r7, [sp, #24]
 4191 0356 49E7     		b	.L254
 4192              	.LVL330:
 4193              	.L294:
 402:../../libDaisy/src/hid/disp/display.h **** 
 4194              		.loc 9 402 20 view .LVU1035
 4195 0358 0192     		str	r2, [sp, #4]
 405:../../libDaisy/src/hid/disp/display.h ****            || Height() < (currentY_ + font.FontHeight))
 4196              		.loc 9 405 17 view .LVU1036
 4197 035a 5846     		mov	r0, fp
 4198 035c 9847     		blx	r3
 4199              	.LVL331:
 4200 035e 019A     		ldr	r2, [sp, #4]
 4201 0360 C7E6     		b	.L247
 4202              	.L302:
 4203 0362 00BF     		.align	2
 4204              	.L301:
 4205 0364 00000000 		.word	_ZNK5daisy11OledDisplayINS_13SSD130xDriverILj128ELj64ENS_24SSD130x4WireSpiTransportEEEE5Widt
 4206 0368 00000000 		.word	_ZNK5daisy11OledDisplayINS_13SSD130xDriverILj128ELj64ENS_24SSD130x4WireSpiTransportEEEE6Heig
 4207              	.L295:
 405:../../libDaisy/src/hid/disp/display.h ****            || Height() < (currentY_ + font.FontHeight))
 4208              		.loc 9 405 17 view .LVU1037
 4209 036c 0192     		str	r2, [sp, #4]
 406:../../libDaisy/src/hid/disp/display.h ****         {
 4210              		.loc 9 406 21 discriminator 2 view .LVU1038
 4211 036e 5846     		mov	r0, fp
 4212 0370 9847     		blx	r3
 4213              	.LVL332:
 4214 0372 019A     		ldr	r2, [sp, #4]
 4215 0374 CBE6     		b	.L249
 4216              	.LVL333:
 4217              	.L299:
 406:../../libDaisy/src/hid/disp/display.h ****         {
 4218              		.loc 9 406 21 discriminator 2 view .LVU1039
 4219 0376 0192     		str	r2, [sp, #4]
 4220              	.LBB1212:
 4221              	.LBB1209:
 174:../../libDaisy/src/hid/disp/display.h ****     }
 4222              		.loc 9 174 33 view .LVU1040
 4223 0378 5846     		mov	r0, fp
 4224 037a 9847     		blx	r3
 4225              	.LVL334:
 174:../../libDaisy/src/hid/disp/display.h ****     }
 4226              		.loc 9 174 19 discriminator 1 view .LVU1041
 4227 037c 8742     		cmp	r7, r0
 4228 037e 019A     		ldr	r2, [sp, #4]
 4229 0380 FFF44EAF 		bcc	.L265
 174:../../libDaisy/src/hid/disp/display.h ****     }
 4230              		.loc 9 174 45 discriminator 1 view .LVU1042
 4231 0384 DBF80030 		ldr	r3, [fp]
 4232 0388 0499     		ldr	r1, [sp, #16]
 4233 038a 9B68     		ldr	r3, [r3, #8]
 4234 038c 8B42     		cmp	r3, r1
 4235 038e 3FF446AF 		beq	.L269
ARM GAS  /tmp/ccuCWtjx.s 			page 125


 4236 0392 0192     		str	r2, [sp, #4]
 4237 0394 5846     		mov	r0, fp
 4238 0396 9847     		blx	r3
 4239              	.LVL335:
 174:../../libDaisy/src/hid/disp/display.h ****     }
 4240              		.loc 9 174 19 discriminator 1 view .LVU1043
 4241 0398 431E     		subs	r3, r0, #1
 4242 039a 019A     		ldr	r2, [sp, #4]
 4243 039c 9FB2     		uxth	r7, r3
 4244              	.LVL336:
 174:../../libDaisy/src/hid/disp/display.h ****     }
 4245              		.loc 9 174 19 discriminator 1 view .LVU1044
 4246 039e 3FE7     		b	.L265
 4247              	.LVL337:
 4248              	.L298:
 174:../../libDaisy/src/hid/disp/display.h ****     }
 4249              		.loc 9 174 19 discriminator 1 view .LVU1045
 4250 03a0 0192     		str	r2, [sp, #4]
 173:../../libDaisy/src/hid/disp/display.h ****         currentY_ = (y >= Height()) ? Height() - 1 : y;
 4251              		.loc 9 173 32 view .LVU1046
 4252 03a2 5846     		mov	r0, fp
 4253 03a4 9847     		blx	r3
 4254              	.LVL338:
 173:../../libDaisy/src/hid/disp/display.h ****         currentY_ = (y >= Height()) ? Height() - 1 : y;
 4255              		.loc 9 173 19 discriminator 1 view .LVU1047
 4256 03a6 8045     		cmp	r8, r0
 173:../../libDaisy/src/hid/disp/display.h ****         currentY_ = (y >= Height()) ? Height() - 1 : y;
 4257              		.loc 9 173 43 discriminator 1 view .LVU1048
 4258 03a8 DBF80010 		ldr	r1, [fp]
 173:../../libDaisy/src/hid/disp/display.h ****         currentY_ = (y >= Height()) ? Height() - 1 : y;
 4259              		.loc 9 173 19 discriminator 1 view .LVU1049
 4260 03ac 019A     		ldr	r2, [sp, #4]
 4261 03ae FFF42DAF 		bcc	.L261
 173:../../libDaisy/src/hid/disp/display.h ****         currentY_ = (y >= Height()) ? Height() - 1 : y;
 4262              		.loc 9 173 43 discriminator 1 view .LVU1050
 4263 03b2 CB68     		ldr	r3, [r1, #12]
 4264 03b4 0398     		ldr	r0, [sp, #12]
 4265 03b6 8342     		cmp	r3, r0
 4266 03b8 30D0     		beq	.L278
 4267 03ba 5846     		mov	r0, fp
 4268 03bc 9847     		blx	r3
 4269              	.LVL339:
 173:../../libDaisy/src/hid/disp/display.h ****         currentY_ = (y >= Height()) ? Height() - 1 : y;
 4270              		.loc 9 173 19 discriminator 1 view .LVU1051
 4271 03be 00F1FF38 		add	r8, r0, #-1
 4272              	.LVL340:
 174:../../libDaisy/src/hid/disp/display.h ****     }
 4273              		.loc 9 174 33 view .LVU1052
 4274 03c2 DBF80010 		ldr	r1, [fp]
 173:../../libDaisy/src/hid/disp/display.h ****         currentY_ = (y >= Height()) ? Height() - 1 : y;
 4275              		.loc 9 173 19 discriminator 1 view .LVU1053
 4276 03c6 1FFA88F8 		uxth	r8, r8
 4277 03ca 019A     		ldr	r2, [sp, #4]
 4278 03cc 1EE7     		b	.L261
 4279              	.LVL341:
 4280              	.L216:
 173:../../libDaisy/src/hid/disp/display.h ****         currentY_ = (y >= Height()) ? Height() - 1 : y;
ARM GAS  /tmp/ccuCWtjx.s 			page 126


 4281              		.loc 9 173 19 discriminator 1 view .LVU1054
 4282              	.LBE1209:
 4283              	.LBE1212:
 4284              	.LBE1214:
 4285              	.LBE1216:
 4286              	.LBE1219:
 4287              	.LBE1228:
 4288              	.LBB1229:
 4289              	.LBB1145:
 255:../../libDaisy/src/hid/disp/graphics_common.h ****         }
 4290              		.loc 11 255 13 is_stmt 1 view .LVU1055
 255:../../libDaisy/src/hid/disp/graphics_common.h ****         }
 4291              		.loc 11 255 22 view .LVU1056
 4292              	.LBB1135:
 4293              	.LBI1135:
  24:../../libDaisy/src/hid/disp/graphics_common.h **** 
 4294              		.loc 11 24 5 view .LVU1057
 4295              	.LBE1135:
 4296              	.LBE1145:
 4297              	.LBE1229:
 4298              	.LBB1230:
 4299              	.LBB1155:
 173:../../libDaisy/src/hid/disp/display.h ****         currentY_ = (y >= Height()) ? Height() - 1 : y;
 4300              		.loc 9 173 32 is_stmt 0 view .LVU1058
 4301 03ce DBF80000 		ldr	r0, [fp]
 4302              	.LBE1155:
 4303              	.LBE1230:
 4304              	.LBB1231:
 4305              	.LBB1146:
 4306              	.LBB1138:
 4307              	.LBB1136:
  24:../../libDaisy/src/hid/disp/graphics_common.h **** 
 4308              		.loc 11 24 19 view .LVU1059
 4309 03d2 0023     		movs	r3, #0
 4310 03d4 1549     		ldr	r1, .L303
 4311              	.LBE1136:
 4312              	.LBE1138:
 4313              	.LBE1146:
 4314              	.LBE1231:
 4315              	.LBB1232:
 4316              	.LBB1156:
 173:../../libDaisy/src/hid/disp/display.h ****         currentY_ = (y >= Height()) ? Height() - 1 : y;
 4317              		.loc 9 173 32 view .LVU1060
 4318 03d6 C268     		ldr	r2, [r0, #12]
 4319              	.LBE1156:
 4320              	.LBE1232:
 4321              	.LBB1233:
 4322              	.LBB1147:
 4323              	.LBB1139:
 4324              	.LBB1137:
  24:../../libDaisy/src/hid/disp/graphics_common.h **** 
 4325              		.loc 11 24 19 view .LVU1061
 4326 03d8 3B60     		str	r3, [r7]	@ unaligned
 4327 03da 8A42     		cmp	r2, r1
 4328 03dc 7B60     		str	r3, [r7, #4]	@ unaligned
 4329              	.LVL342:
  24:../../libDaisy/src/hid/disp/graphics_common.h **** 
ARM GAS  /tmp/ccuCWtjx.s 			page 127


 4330              		.loc 11 24 19 view .LVU1062
 4331              	.LBE1137:
 4332              	.LBE1139:
 4333              	.LBE1147:
 4334              	.LBE1233:
 4335              	.LBB1234:
 171:../../libDaisy/src/hid/disp/display.h ****     {
 4336              		.loc 9 171 10 is_stmt 1 view .LVU1063
 4337              	.LBB1157:
 173:../../libDaisy/src/hid/disp/display.h ****         currentY_ = (y >= Height()) ? Height() - 1 : y;
 4338              		.loc 9 173 9 view .LVU1064
 4339 03de 22D1     		bne	.L300
 174:../../libDaisy/src/hid/disp/display.h ****     }
 4340              		.loc 9 174 33 is_stmt 0 view .LVU1065
 4341 03e0 8268     		ldr	r2, [r0, #8]
 4342 03e2 1C46     		mov	r4, r3
 4343 03e4 1248     		ldr	r0, .L303+4
 173:../../libDaisy/src/hid/disp/display.h ****         currentY_ = (y >= Height()) ? Height() - 1 : y;
 4344              		.loc 9 173 19 discriminator 4 view .LVU1066
 4345 03e6 ABF80430 		strh	r3, [fp, #4]	@ movhi
 174:../../libDaisy/src/hid/disp/display.h ****     }
 4346              		.loc 9 174 9 is_stmt 1 view .LVU1067
 4347 03ea 8242     		cmp	r2, r0
 4348 03ec 0490     		str	r0, [sp, #16]
 4349 03ee 3FF45FAE 		beq	.L241
 4350              	.LVL343:
 4351              	.L273:
 174:../../libDaisy/src/hid/disp/display.h ****     }
 4352              		.loc 9 174 9 is_stmt 0 view .LVU1068
 4353 03f2 0191     		str	r1, [sp, #4]
 174:../../libDaisy/src/hid/disp/display.h ****     }
 4354              		.loc 9 174 33 view .LVU1069
 4355 03f4 5846     		mov	r0, fp
 4356 03f6 9047     		blx	r2
 4357              	.LVL344:
 174:../../libDaisy/src/hid/disp/display.h ****     }
 4358              		.loc 9 174 19 discriminator 1 view .LVU1070
 4359 03f8 A042     		cmp	r0, r4
 4360 03fa 0199     		ldr	r1, [sp, #4]
 4361 03fc 3FF658AE 		bhi	.L241
 174:../../libDaisy/src/hid/disp/display.h ****     }
 4362              		.loc 9 174 45 discriminator 1 view .LVU1071
 4363 0400 DBF80030 		ldr	r3, [fp]
 4364 0404 049A     		ldr	r2, [sp, #16]
 4365 0406 9B68     		ldr	r3, [r3, #8]
 4366 0408 9342     		cmp	r3, r2
 4367 040a 3FF450AE 		beq	.L271
 4368 040e 0191     		str	r1, [sp, #4]
 4369 0410 5846     		mov	r0, fp
 4370 0412 9847     		blx	r3
 4371              	.LVL345:
 174:../../libDaisy/src/hid/disp/display.h ****     }
 4372              		.loc 9 174 19 discriminator 1 view .LVU1072
 4373 0414 441E     		subs	r4, r0, #1
 4374 0416 0199     		ldr	r1, [sp, #4]
 4375 0418 A4B2     		uxth	r4, r4
 4376 041a 49E6     		b	.L241
ARM GAS  /tmp/ccuCWtjx.s 			page 128


 4377              	.LVL346:
 4378              	.L278:
 174:../../libDaisy/src/hid/disp/display.h ****     }
 4379              		.loc 9 174 19 discriminator 1 view .LVU1073
 4380              	.LBE1157:
 4381              	.LBE1234:
 4382              	.LBB1235:
 4383              	.LBB1220:
 4384              	.LBB1217:
 4385              	.LBB1215:
 4386              	.LBB1213:
 4387              	.LBB1210:
 173:../../libDaisy/src/hid/disp/display.h ****         currentY_ = (y >= Height()) ? Height() - 1 : y;
 4388              		.loc 9 173 43 discriminator 1 view .LVU1074
 4389 041c 4FF07F08 		mov	r8, #127
 4390              	.LVL347:
 173:../../libDaisy/src/hid/disp/display.h ****         currentY_ = (y >= Height()) ? Height() - 1 : y;
 4391              		.loc 9 173 43 discriminator 1 view .LVU1075
 4392 0420 F4E6     		b	.L261
 4393              	.LVL348:
 4394              	.L275:
 173:../../libDaisy/src/hid/disp/display.h ****         currentY_ = (y >= Height()) ? Height() - 1 : y;
 4395              		.loc 9 173 43 discriminator 1 view .LVU1076
 4396              	.LBE1210:
 4397              	.LBE1213:
 4398              	.LBE1215:
 4399              	.LBE1217:
 4400              	.LBE1220:
 4401              	.LBE1235:
 4402              	.LBB1236:
 4403              	.LBB1158:
 4404 0422 7F25     		movs	r5, #127
 4405 0424 39E6     		b	.L237
 4406              	.LVL349:
 4407              	.L300:
 173:../../libDaisy/src/hid/disp/display.h ****         currentY_ = (y >= Height()) ? Height() - 1 : y;
 4408              		.loc 9 173 32 view .LVU1077
 4409 0426 1D46     		mov	r5, r3
 4410 0428 1C46     		mov	r4, r3
 4411 042a 24E7     		b	.L235
 4412              	.L304:
 4413              		.align	2
 4414              	.L303:
 4415 042c 00000000 		.word	_ZNK5daisy11OledDisplayINS_13SSD130xDriverILj128ELj64ENS_24SSD130x4WireSpiTransportEEEE5Widt
 4416 0430 00000000 		.word	_ZNK5daisy11OledDisplayINS_13SSD130xDriverILj128ELj64ENS_24SSD130x4WireSpiTransportEEEE6Heig
 4417              	.LBE1158:
 4418              	.LBE1236:
 4419              		.cfi_endproc
 4420              	.LFE2453:
 4422              		.section	.text._ZN5daisy25OneBitGraphicsDisplayImplINS_11OledDisplayINS_13SSD130xDriverILj128ELj64
 4423              		.align	1
 4424              		.p2align 2,,3
 4425              		.weak	_ZN5daisy25OneBitGraphicsDisplayImplINS_11OledDisplayINS_13SSD130xDriverILj128ELj64ENS_24SSD
 4426              		.syntax unified
 4427              		.thumb
 4428              		.thumb_func
 4430              	_ZN5daisy25OneBitGraphicsDisplayImplINS_11OledDisplayINS_13SSD130xDriverILj128ELj64ENS_24SSD130x4Wi
ARM GAS  /tmp/ccuCWtjx.s 			page 129


 4431              	.LVL350:
 4432              	.LFB2451:
 257:../../libDaisy/src/hid/disp/display.h ****                   uint_fast8_t y1,
 4433              		.loc 9 257 10 is_stmt 1 view -0
 4434              		.cfi_startproc
 4435              		@ args = 12, pretend = 0, frame = 16
 4436              		@ frame_needed = 0, uses_anonymous_args = 0
 257:../../libDaisy/src/hid/disp/display.h ****                   uint_fast8_t y1,
 4437              		.loc 9 257 10 is_stmt 0 view .LVU1079
 4438 0000 2DE9F04F 		push	{r4, r5, r6, r7, r8, r9, r10, fp, lr}
 4439              		.cfi_def_cfa_offset 36
 4440              		.cfi_offset 4, -36
 4441              		.cfi_offset 5, -32
 4442              		.cfi_offset 6, -28
 4443              		.cfi_offset 7, -24
 4444              		.cfi_offset 8, -20
 4445              		.cfi_offset 9, -16
 4446              		.cfi_offset 10, -12
 4447              		.cfi_offset 11, -8
 4448              		.cfi_offset 14, -4
 4449 0004 85B0     		sub	sp, sp, #20
 4450              		.cfi_def_cfa_offset 56
 257:../../libDaisy/src/hid/disp/display.h ****                   uint_fast8_t y1,
 4451              		.loc 9 257 10 view .LVU1080
 4452 0006 9646     		mov	lr, r2
 4453 0008 9C46     		mov	ip, r3
 4454 000a 9DF84040 		ldrb	r4, [sp, #64]	@ zero_extendqisi2
 4455 000e 0E9B     		ldr	r3, [sp, #56]
 4456              	.LVL351:
 257:../../libDaisy/src/hid/disp/display.h ****                   uint_fast8_t y1,
 4457              		.loc 9 257 10 view .LVU1081
 4458 0010 9DF83C20 		ldrb	r2, [sp, #60]	@ zero_extendqisi2
 4459              	.LVL352:
 4460              	.LBB1306:
 264:../../libDaisy/src/hid/disp/display.h ****         {
 4461              		.loc 9 264 9 view .LVU1082
 4462 0014 7CB3     		cbz	r4, .L306
 4463              	.LVL353:
 264:../../libDaisy/src/hid/disp/display.h ****         {
 4464              		.loc 9 264 9 view .LVU1083
 4465              	.LBE1306:
 4466              	.LBB1459:
 4467              	.LBB1460:
 266:../../libDaisy/src/hid/disp/display.h ****             {
 4468              		.loc 9 266 40 is_stmt 1 discriminator 1 view .LVU1084
 4469 0016 6145     		cmp	r1, ip
 4470 0018 2AD8     		bhi	.L305
 4471              	.LVL354:
 4472              	.L307:
 4473              	.LBB1461:
 268:../../libDaisy/src/hid/disp/display.h ****                 {
 4474              		.loc 9 268 44 discriminator 1 view .LVU1085
 4475 001a 9E45     		cmp	lr, r3
 4476 001c 25D8     		bhi	.L313
 4477              	.LBB1462:
 4478              	.LBB1463:
 4479              	.LBB1464:
ARM GAS  /tmp/ccuCWtjx.s 			page 130


 354:../../libDaisy/src/dev/oled_ssd130x.h ****             return;
 4480              		.loc 8 354 14 is_stmt 0 view .LVU1086
 4481 001e 7F29     		cmp	r1, #127
 4482              	.LBE1464:
 4483              	.LBE1463:
 4484              	.LBE1462:
 268:../../libDaisy/src/hid/disp/display.h ****                 {
 4485              		.loc 9 268 34 view .LVU1087
 4486 0020 7546     		mov	r5, lr
 4487              	.LBB1478:
 4488              	.LBB1474:
 4489              	.LBB1470:
 354:../../libDaisy/src/dev/oled_ssd130x.h ****             return;
 4490              		.loc 8 354 14 view .LVU1088
 4491 0022 94BF     		ite	ls
 4492 0024 0027     		movls	r7, #0
 4493 0026 0127     		movhi	r7, #1
 4494 0028 06E0     		b	.L310
 4495              	.LVL355:
 4496              	.L384:
 357:../../libDaisy/src/dev/oled_ssd130x.h ****         else
 4497              		.loc 8 357 42 view .LVU1089
 4498 002a 48EA0608 		orr	r8, r8, r6
 4499 002e 84F81480 		strb	r8, [r4, #20]
 4500              	.LVL356:
 4501              	.L308:
 357:../../libDaisy/src/dev/oled_ssd130x.h ****         else
 4502              		.loc 8 357 42 view .LVU1090
 4503              	.LBE1470:
 4504              	.LBE1474:
 4505              	.LBE1478:
 268:../../libDaisy/src/hid/disp/display.h ****                 {
 4506              		.loc 9 268 17 is_stmt 1 discriminator 3 view .LVU1091
 4507 0032 0135     		adds	r5, r5, #1
 4508              	.LVL357:
 268:../../libDaisy/src/hid/disp/display.h ****                 {
 4509              		.loc 9 268 44 discriminator 1 view .LVU1092
 4510 0034 AB42     		cmp	r3, r5
 4511 0036 18D3     		bcc	.L313
 4512              	.L310:
 4513              	.LVL358:
 4514              	.LBB1479:
 4515              	.LBI1462:
  42:../../libDaisy/src/hid/disp/oled_display.h ****     {
 4516              		.loc 7 42 10 view .LVU1093
 4517              	.LBB1475:
 4518              	.LBI1463:
 352:../../libDaisy/src/dev/oled_ssd130x.h ****     {
 4519              		.loc 8 352 10 view .LVU1094
 4520              	.LBB1471:
 357:../../libDaisy/src/dev/oled_ssd130x.h ****         else
 4521              		.loc 8 357 28 is_stmt 0 view .LVU1095
 4522 0038 EC08     		lsrs	r4, r5, #3
 354:../../libDaisy/src/dev/oled_ssd130x.h ****             return;
 4523              		.loc 8 354 9 view .LVU1096
 4524 003a 3F2D     		cmp	r5, #63
 357:../../libDaisy/src/dev/oled_ssd130x.h ****         else
ARM GAS  /tmp/ccuCWtjx.s 			page 131


 4525              		.loc 8 357 54 view .LVU1097
 4526 003c 05F00708 		and	r8, r5, #7
 357:../../libDaisy/src/dev/oled_ssd130x.h ****         else
 4527              		.loc 8 357 48 view .LVU1098
 4528 0040 4FF00106 		mov	r6, #1
 357:../../libDaisy/src/dev/oled_ssd130x.h ****         else
 4529              		.loc 8 357 20 view .LVU1099
 4530 0044 01EBC414 		add	r4, r1, r4, lsl #7
 354:../../libDaisy/src/dev/oled_ssd130x.h ****             return;
 4531              		.loc 8 354 9 view .LVU1100
 4532 0048 F3D8     		bhi	.L308
 354:../../libDaisy/src/dev/oled_ssd130x.h ****             return;
 4533              		.loc 8 354 9 view .LVU1101
 4534 004a 002F     		cmp	r7, #0
 4535 004c F1D1     		bne	.L308
 4536              	.LVL359:
 4537              	.LBB1465:
 4538              	.LBI1465:
 352:../../libDaisy/src/dev/oled_ssd130x.h ****     {
 4539              		.loc 8 352 10 is_stmt 1 view .LVU1102
 352:../../libDaisy/src/dev/oled_ssd130x.h ****     {
 4540              		.loc 8 352 10 is_stmt 0 view .LVU1103
 4541              	.LBE1465:
 357:../../libDaisy/src/dev/oled_ssd130x.h ****         else
 4542              		.loc 8 357 20 view .LVU1104
 4543 004e 0444     		add	r4, r4, r0
 357:../../libDaisy/src/dev/oled_ssd130x.h ****         else
 4544              		.loc 8 357 48 view .LVU1105
 4545 0050 06FA08F6 		lsl	r6, r6, r8
 357:../../libDaisy/src/dev/oled_ssd130x.h ****         else
 4546              		.loc 8 357 20 view .LVU1106
 4547 0054 94F81480 		ldrb	r8, [r4, #20]	@ zero_extendqisi2
 356:../../libDaisy/src/dev/oled_ssd130x.h ****             buffer_[x + (y / 8) * width] |= (1 << (y % 8));
 4548              		.loc 8 356 9 view .LVU1107
 4549 0058 002A     		cmp	r2, #0
 4550 005a E6D1     		bne	.L384
 4551              	.LBE1471:
 4552              	.LBE1475:
 4553              	.LBE1479:
 268:../../libDaisy/src/hid/disp/display.h ****                 {
 4554              		.loc 9 268 17 discriminator 3 view .LVU1108
 4555 005c 0135     		adds	r5, r5, #1
 4556              	.LVL360:
 4557              	.LBB1480:
 4558              	.LBB1476:
 4559              	.LBB1472:
 4560              	.LBB1468:
 4561              	.LBB1466:
 359:../../libDaisy/src/dev/oled_ssd130x.h ****     }
 4562              		.loc 8 359 42 view .LVU1109
 4563 005e 28EA0608 		bic	r8, r8, r6
 4564              	.LBE1466:
 4565              	.LBE1468:
 4566              	.LBE1472:
 4567              	.LBE1476:
 4568              	.LBE1480:
 268:../../libDaisy/src/hid/disp/display.h ****                 {
ARM GAS  /tmp/ccuCWtjx.s 			page 132


 4569              		.loc 9 268 44 discriminator 1 view .LVU1110
 4570 0062 AB42     		cmp	r3, r5
 4571              	.LBB1481:
 4572              	.LBB1477:
 4573              	.LBB1473:
 4574              	.LBB1469:
 4575              	.LBB1467:
 359:../../libDaisy/src/dev/oled_ssd130x.h ****     }
 4576              		.loc 8 359 42 view .LVU1111
 4577 0064 84F81480 		strb	r8, [r4, #20]
 4578              	.LVL361:
 359:../../libDaisy/src/dev/oled_ssd130x.h ****     }
 4579              		.loc 8 359 42 view .LVU1112
 4580              	.LBE1467:
 4581              	.LBE1469:
 4582              	.LBE1473:
 4583              	.LBE1477:
 4584              	.LBE1481:
 268:../../libDaisy/src/hid/disp/display.h ****                 {
 4585              		.loc 9 268 17 is_stmt 1 discriminator 3 view .LVU1113
 268:../../libDaisy/src/hid/disp/display.h ****                 {
 4586              		.loc 9 268 44 discriminator 1 view .LVU1114
 4587 0068 E6D2     		bcs	.L310
 4588              	.LVL362:
 4589              	.L313:
 268:../../libDaisy/src/hid/disp/display.h ****                 {
 4590              		.loc 9 268 44 is_stmt 0 discriminator 1 view .LVU1115
 4591              	.LBE1461:
 266:../../libDaisy/src/hid/disp/display.h ****             {
 4592              		.loc 9 266 13 is_stmt 1 discriminator 2 view .LVU1116
 4593 006a 0131     		adds	r1, r1, #1
 4594              	.LVL363:
 266:../../libDaisy/src/hid/disp/display.h ****             {
 4595              		.loc 9 266 40 discriminator 1 view .LVU1117
 4596 006c 8C45     		cmp	ip, r1
 4597 006e D4D2     		bcs	.L307
 4598              	.LVL364:
 4599              	.L305:
 266:../../libDaisy/src/hid/disp/display.h ****             {
 4600              		.loc 9 266 40 is_stmt 0 discriminator 1 view .LVU1118
 4601              	.LBE1460:
 4602              	.LBE1459:
 281:../../libDaisy/src/hid/disp/display.h **** 
 4603              		.loc 9 281 5 view .LVU1119
 4604 0070 05B0     		add	sp, sp, #20
 4605              		.cfi_remember_state
 4606              		.cfi_def_cfa_offset 36
 4607              		@ sp needed
 4608 0072 BDE8F08F 		pop	{r4, r5, r6, r7, r8, r9, r10, fp, pc}
 4609              	.LVL365:
 4610              	.L306:
 4611              		.cfi_restore_state
 4612              	.LBB1482:
 4613              	.LBB1307:
 4614              	.LBI1307:
 221:../../libDaisy/src/hid/disp/display.h ****                   uint_fast8_t y1,
 4615              		.loc 9 221 10 is_stmt 1 view .LVU1120
ARM GAS  /tmp/ccuCWtjx.s 			page 133


 4616              	.LBB1308:
 227:../../libDaisy/src/hid/disp/display.h ****         int_fast16_t deltaY = abs((int_fast16_t)y2 - (int_fast16_t)y1);
 4617              		.loc 9 227 52 is_stmt 0 view .LVU1121
 4618 0076 ACEB0109 		sub	r9, ip, r1
 227:../../libDaisy/src/hid/disp/display.h ****         int_fast16_t deltaY = abs((int_fast16_t)y2 - (int_fast16_t)y1);
 4619              		.loc 9 227 22 view .LVU1122
 4620 007a B9F1000F 		cmp	r9, #0
 4621 007e B8BF     		it	lt
 4622 0080 C9F10009 		rsblt	r9, r9, #0
 4623              	.LVL366:
 4624              	.LBB1309:
 4625              	.LBB1310:
 4626              	.LBB1311:
 354:../../libDaisy/src/dev/oled_ssd130x.h ****             return;
 4627              		.loc 8 354 14 view .LVU1123
 4628 0084 BCF17F0F 		cmp	ip, #127
 4629 0088 94BF     		ite	ls
 4630 008a 0027     		movls	r7, #0
 4631 008c 0127     		movhi	r7, #1
 354:../../libDaisy/src/dev/oled_ssd130x.h ****             return;
 4632              		.loc 8 354 28 view .LVU1124
 4633 008e BEF13F0F 		cmp	lr, #63
 4634 0092 94BF     		ite	ls
 4635 0094 4FF0000B 		movls	fp, #0
 4636 0098 4FF0010B 		movhi	fp, #1
 4637              	.LBE1311:
 4638              	.LBE1310:
 4639              	.LBE1309:
 229:../../libDaisy/src/hid/disp/display.h ****         int_fast16_t signY  = ((y1 < y2) ? 1 : -1);
 4640              		.loc 9 229 42 view .LVU1125
 4641 009c 6145     		cmp	r1, ip
 4642 009e C0F02F81 		bcc	.L314
 4643              	.LVL367:
 4644              	.LBB1323:
 4645              	.LBI1309:
  42:../../libDaisy/src/hid/disp/oled_display.h ****     {
 4646              		.loc 7 42 10 is_stmt 1 view .LVU1126
 4647              	.LBB1318:
 4648              	.LBI1310:
 352:../../libDaisy/src/dev/oled_ssd130x.h ****     {
 4649              		.loc 8 352 10 view .LVU1127
 4650              	.LBB1314:
 4651 00a2 4FF0FF3A 		mov	r10, #-1
 354:../../libDaisy/src/dev/oled_ssd130x.h ****             return;
 4652              		.loc 8 354 9 is_stmt 0 view .LVU1128
 4653 00a6 A7B9     		cbnz	r7, .L315
 4654 00a8 BBF1000F 		cmp	fp, #0
 4655 00ac 11D1     		bne	.L315
 4656              	.LVL368:
 4657              	.L363:
 357:../../libDaisy/src/dev/oled_ssd130x.h ****         else
 4658              		.loc 8 357 28 view .LVU1129
 4659 00ae 4FEADE04 		lsr	r4, lr, #3
 357:../../libDaisy/src/dev/oled_ssd130x.h ****         else
 4660              		.loc 8 357 54 view .LVU1130
 4661 00b2 0EF00705 		and	r5, lr, #7
 357:../../libDaisy/src/dev/oled_ssd130x.h ****         else
ARM GAS  /tmp/ccuCWtjx.s 			page 134


 4662              		.loc 8 357 48 view .LVU1131
 4663 00b6 0126     		movs	r6, #1
 357:../../libDaisy/src/dev/oled_ssd130x.h ****         else
 4664              		.loc 8 357 20 view .LVU1132
 4665 00b8 0CEBC414 		add	r4, ip, r4, lsl #7
 357:../../libDaisy/src/dev/oled_ssd130x.h ****         else
 4666              		.loc 8 357 48 view .LVU1133
 4667 00bc AE40     		lsls	r6, r6, r5
 357:../../libDaisy/src/dev/oled_ssd130x.h ****         else
 4668              		.loc 8 357 20 view .LVU1134
 4669 00be 0444     		add	r4, r4, r0
 4670 00c0 257D     		ldrb	r5, [r4, #20]	@ zero_extendqisi2
 356:../../libDaisy/src/dev/oled_ssd130x.h ****             buffer_[x + (y / 8) * width] |= (1 << (y % 8));
 4671              		.loc 8 356 9 view .LVU1135
 4672 00c2 002A     		cmp	r2, #0
 4673 00c4 00F05C81 		beq	.L316
 357:../../libDaisy/src/dev/oled_ssd130x.h ****         else
 4674              		.loc 8 357 42 view .LVU1136
 4675 00c8 3543     		orrs	r5, r5, r6
 4676 00ca 2575     		strb	r5, [r4, #20]
 4677              	.L317:
 4678 00cc 4FF0000B 		mov	fp, #0
 4679 00d0 5F46     		mov	r7, fp
 4680              	.L315:
 4681              	.LVL369:
 357:../../libDaisy/src/dev/oled_ssd130x.h ****         else
 4682              		.loc 8 357 42 view .LVU1137
 4683              	.LBE1314:
 4684              	.LBE1318:
 4685              	.LBE1323:
 239:../../libDaisy/src/hid/disp/display.h ****         {
 4686              		.loc 9 239 26 is_stmt 1 view .LVU1138
 4687 00d2 6145     		cmp	r1, ip
 4688 00d4 26D0     		beq	.L326
 4689              	.L318:
 4690              	.LVL370:
 229:../../libDaisy/src/hid/disp/display.h ****         int_fast16_t signY  = ((y1 < y2) ? 1 : -1);
 4691              		.loc 9 229 42 is_stmt 0 discriminator 1 view .LVU1139
 4692 00d6 C846     		mov	r8, r9
 4693 00d8 7546     		mov	r5, lr
 4694 00da 0E46     		mov	r6, r1
 4695 00dc 0197     		str	r7, [sp, #4]
 4696 00de 0E93     		str	r3, [sp, #56]
 4697              	.LVL371:
 4698              	.L375:
 4699              	.LBB1324:
 4700              	.LBI1324:
  42:../../libDaisy/src/hid/disp/oled_display.h ****     {
 4701              		.loc 7 42 10 is_stmt 1 view .LVU1140
 4702              	.LBB1325:
 4703              	.LBI1325:
 352:../../libDaisy/src/dev/oled_ssd130x.h ****     {
 4704              		.loc 8 352 10 view .LVU1141
 4705              	.LBB1326:
 354:../../libDaisy/src/dev/oled_ssd130x.h ****             return;
 4706              		.loc 8 354 9 is_stmt 0 view .LVU1142
 4707 00e0 7F2E     		cmp	r6, #127
ARM GAS  /tmp/ccuCWtjx.s 			page 135


 4708 00e2 10D8     		bhi	.L321
 4709 00e4 3F2D     		cmp	r5, #63
 4710 00e6 0ED8     		bhi	.L321
 357:../../libDaisy/src/dev/oled_ssd130x.h ****         else
 4711              		.loc 8 357 28 view .LVU1143
 4712 00e8 EC08     		lsrs	r4, r5, #3
 357:../../libDaisy/src/dev/oled_ssd130x.h ****         else
 4713              		.loc 8 357 48 view .LVU1144
 4714 00ea 0127     		movs	r7, #1
 357:../../libDaisy/src/dev/oled_ssd130x.h ****         else
 4715              		.loc 8 357 20 view .LVU1145
 4716 00ec 06EBC414 		add	r4, r6, r4, lsl #7
 4717 00f0 0319     		adds	r3, r0, r4
 357:../../libDaisy/src/dev/oled_ssd130x.h ****         else
 4718              		.loc 8 357 54 view .LVU1146
 4719 00f2 05F00704 		and	r4, r5, #7
 357:../../libDaisy/src/dev/oled_ssd130x.h ****         else
 4720              		.loc 8 357 48 view .LVU1147
 4721 00f6 07FA04F4 		lsl	r4, r7, r4
 357:../../libDaisy/src/dev/oled_ssd130x.h ****         else
 4722              		.loc 8 357 20 view .LVU1148
 4723 00fa 1F7D     		ldrb	r7, [r3, #20]	@ zero_extendqisi2
 356:../../libDaisy/src/dev/oled_ssd130x.h ****             buffer_[x + (y / 8) * width] |= (1 << (y % 8));
 4724              		.loc 8 356 9 view .LVU1149
 4725 00fc 002A     		cmp	r2, #0
 4726 00fe 00F01381 		beq	.L322
 357:../../libDaisy/src/dev/oled_ssd130x.h ****         else
 4727              		.loc 8 357 42 view .LVU1150
 4728 0102 2743     		orrs	r7, r7, r4
 4729 0104 1F75     		strb	r7, [r3, #20]
 4730              	.L321:
 4731              	.LVL372:
 357:../../libDaisy/src/dev/oled_ssd130x.h ****         else
 4732              		.loc 8 357 42 view .LVU1151
 4733              	.LBE1326:
 4734              	.LBE1325:
 4735              	.LBE1324:
 242:../../libDaisy/src/hid/disp/display.h ****             if(error2 > -deltaY)
 4736              		.loc 9 242 20 view .LVU1152
 4737 0106 4FEA4804 		lsl	r4, r8, #1
 4738              	.LVL373:
 243:../../libDaisy/src/hid/disp/display.h ****             {
 4739              		.loc 9 243 13 view .LVU1153
 4740 010a 002C     		cmp	r4, #0
 246:../../libDaisy/src/hid/disp/display.h ****             }
 4741              		.loc 9 246 20 view .LVU1154
 4742 010c C8BF     		it	gt
 4743 010e 5644     		addgt	r6, r6, r10
 4744              	.LVL374:
 249:../../libDaisy/src/hid/disp/display.h ****             {
 4745              		.loc 9 249 13 view .LVU1155
 4746 0110 A145     		cmp	r9, r4
 4747 0112 01DD     		ble	.L324
 251:../../libDaisy/src/hid/disp/display.h ****                 y1 += signY;
 4748              		.loc 9 251 23 view .LVU1156
 4749 0114 C844     		add	r8, r8, r9
 4750              	.LVL375:
ARM GAS  /tmp/ccuCWtjx.s 			page 136


 252:../../libDaisy/src/hid/disp/display.h ****             }
 4751              		.loc 9 252 20 view .LVU1157
 4752 0116 013D     		subs	r5, r5, #1
 4753              	.LVL376:
 4754              	.L324:
 239:../../libDaisy/src/hid/disp/display.h ****         {
 4755              		.loc 9 239 26 is_stmt 1 view .LVU1158
 4756 0118 B445     		cmp	ip, r6
 4757 011a E1D1     		bne	.L375
 239:../../libDaisy/src/hid/disp/display.h ****         {
 4758              		.loc 9 239 26 is_stmt 0 view .LVU1159
 4759 011c AE45     		cmp	lr, r5
 4760 011e DFD1     		bne	.L375
 4761 0120 019F     		ldr	r7, [sp, #4]
 4762 0122 0E9B     		ldr	r3, [sp, #56]
 4763              	.LVL377:
 4764              	.L326:
 239:../../libDaisy/src/hid/disp/display.h ****         {
 4765              		.loc 9 239 26 view .LVU1160
 4766              	.LBE1308:
 4767              	.LBE1307:
 4768              	.LBB1340:
 4769              	.LBI1340:
 221:../../libDaisy/src/hid/disp/display.h ****                   uint_fast8_t y1,
 4770              		.loc 9 221 10 is_stmt 1 view .LVU1161
 4771              	.LBB1341:
 228:../../libDaisy/src/hid/disp/display.h ****         int_fast16_t signX  = ((x1 < x2) ? 1 : -1);
 4772              		.loc 9 228 52 is_stmt 0 view .LVU1162
 4773 0124 A3EB0E09 		sub	r9, r3, lr
 228:../../libDaisy/src/hid/disp/display.h ****         int_fast16_t signX  = ((x1 < x2) ? 1 : -1);
 4774              		.loc 9 228 22 view .LVU1163
 4775 0128 B9F1000F 		cmp	r9, #0
 4776 012c B8BF     		it	lt
 4777 012e C9F10009 		rsblt	r9, r9, #0
 4778              	.LVL378:
 230:../../libDaisy/src/hid/disp/display.h ****         int_fast16_t error  = deltaX - deltaY;
 4779              		.loc 9 230 42 view .LVU1164
 4780 0132 9E45     		cmp	lr, r3
 4781 0134 80F00181 		bcs	.L385
 4782              	.LVL379:
 4783              	.LBB1342:
 4784              	.LBB1343:
 4785              	.LBB1344:
 354:../../libDaisy/src/dev/oled_ssd130x.h ****             return;
 4786              		.loc 8 354 28 view .LVU1165
 4787 0138 3F2B     		cmp	r3, #63
 4788              	.LBE1344:
 4789              	.LBE1343:
 4790              	.LBE1342:
 231:../../libDaisy/src/hid/disp/display.h ****         int_fast16_t error2;
 4791              		.loc 9 231 22 view .LVU1166
 4792 013a C9F10008 		rsb	r8, r9, #0
 4793              	.LVL380:
 4794              	.LBB1361:
 4795              	.LBI1342:
  42:../../libDaisy/src/hid/disp/oled_display.h ****     {
 4796              		.loc 7 42 10 is_stmt 1 view .LVU1167
ARM GAS  /tmp/ccuCWtjx.s 			page 137


 4797              	.LBB1354:
 4798              	.LBI1343:
 352:../../libDaisy/src/dev/oled_ssd130x.h ****     {
 4799              		.loc 8 352 10 view .LVU1168
 4800              	.LBB1347:
 354:../../libDaisy/src/dev/oled_ssd130x.h ****             return;
 4801              		.loc 8 354 28 is_stmt 0 view .LVU1169
 4802 013e 94BF     		ite	ls
 4803 0140 0024     		movls	r4, #0
 4804 0142 0124     		movhi	r4, #1
 354:../../libDaisy/src/dev/oled_ssd130x.h ****             return;
 4805              		.loc 8 354 9 view .LVU1170
 4806 0144 002F     		cmp	r7, #0
 4807 0146 40F03381 		bne	.L371
 4808 014a 002C     		cmp	r4, #0
 4809 014c 40F03081 		bne	.L371
 4810              	.LBE1347:
 4811              	.LBE1354:
 4812              	.LBE1361:
 230:../../libDaisy/src/hid/disp/display.h ****         int_fast16_t error  = deltaX - deltaY;
 4813              		.loc 9 230 42 discriminator 1 view .LVU1171
 4814 0150 0124     		movs	r4, #1
 4815 0152 0194     		str	r4, [sp, #4]
 4816              	.LVL381:
 4817              	.L362:
 4818              	.LBB1362:
 4819              	.LBB1355:
 4820              	.LBB1348:
 357:../../libDaisy/src/dev/oled_ssd130x.h ****         else
 4821              		.loc 8 357 28 view .LVU1172
 4822 0154 DC08     		lsrs	r4, r3, #3
 357:../../libDaisy/src/dev/oled_ssd130x.h ****         else
 4823              		.loc 8 357 54 view .LVU1173
 4824 0156 03F00705 		and	r5, r3, #7
 357:../../libDaisy/src/dev/oled_ssd130x.h ****         else
 4825              		.loc 8 357 48 view .LVU1174
 4826 015a 0126     		movs	r6, #1
 357:../../libDaisy/src/dev/oled_ssd130x.h ****         else
 4827              		.loc 8 357 20 view .LVU1175
 4828 015c 0CEBC414 		add	r4, ip, r4, lsl #7
 357:../../libDaisy/src/dev/oled_ssd130x.h ****         else
 4829              		.loc 8 357 48 view .LVU1176
 4830 0160 AE40     		lsls	r6, r6, r5
 357:../../libDaisy/src/dev/oled_ssd130x.h ****         else
 4831              		.loc 8 357 20 view .LVU1177
 4832 0162 0444     		add	r4, r4, r0
 4833 0164 257D     		ldrb	r5, [r4, #20]	@ zero_extendqisi2
 356:../../libDaisy/src/dev/oled_ssd130x.h ****             buffer_[x + (y / 8) * width] |= (1 << (y % 8));
 4834              		.loc 8 356 9 view .LVU1178
 4835 0166 002A     		cmp	r2, #0
 4836 0168 00F01281 		beq	.L328
 357:../../libDaisy/src/dev/oled_ssd130x.h ****         else
 4837              		.loc 8 357 42 view .LVU1179
 4838 016c 3543     		orrs	r5, r5, r6
 4839 016e 2575     		strb	r5, [r4, #20]
 4840              	.L329:
 4841 0170 0024     		movs	r4, #0
ARM GAS  /tmp/ccuCWtjx.s 			page 138


 4842              	.L327:
 4843              	.LVL382:
 357:../../libDaisy/src/dev/oled_ssd130x.h ****         else
 4844              		.loc 8 357 42 view .LVU1180
 4845              	.LBE1348:
 4846              	.LBE1355:
 4847              	.LBE1362:
 239:../../libDaisy/src/hid/disp/display.h ****         {
 4848              		.loc 9 239 26 is_stmt 1 view .LVU1181
 4849 0172 9E45     		cmp	lr, r3
 4850 0174 2DD0     		beq	.L338
 239:../../libDaisy/src/hid/disp/display.h ****         {
 4851              		.loc 9 239 26 is_stmt 0 view .LVU1182
 4852 0176 C246     		mov	r10, r8
 4853              	.L330:
 4854              	.LVL383:
 239:../../libDaisy/src/hid/disp/display.h ****         {
 4855              		.loc 9 239 26 view .LVU1183
 4856 0178 7546     		mov	r5, lr
 4857 017a 6646     		mov	r6, ip
 4858 017c CDE902B4 		strd	fp, r4, [sp, #8]
 4859              	.L376:
 4860              	.LVL384:
 4861              	.LBB1363:
 4862              	.LBI1363:
  42:../../libDaisy/src/hid/disp/oled_display.h ****     {
 4863              		.loc 7 42 10 is_stmt 1 view .LVU1184
 4864              	.LBB1364:
 4865              	.LBI1364:
 352:../../libDaisy/src/dev/oled_ssd130x.h ****     {
 4866              		.loc 8 352 10 view .LVU1185
 4867              	.LBB1365:
 354:../../libDaisy/src/dev/oled_ssd130x.h ****             return;
 4868              		.loc 8 354 9 is_stmt 0 view .LVU1186
 4869 0180 7F2E     		cmp	r6, #127
 4870 0182 14D8     		bhi	.L333
 4871 0184 3F2D     		cmp	r5, #63
 4872 0186 12D8     		bhi	.L333
 357:../../libDaisy/src/dev/oled_ssd130x.h ****         else
 4873              		.loc 8 357 28 view .LVU1187
 4874 0188 EC08     		lsrs	r4, r5, #3
 357:../../libDaisy/src/dev/oled_ssd130x.h ****         else
 4875              		.loc 8 357 48 view .LVU1188
 4876 018a 4FF0010B 		mov	fp, #1
 357:../../libDaisy/src/dev/oled_ssd130x.h ****         else
 4877              		.loc 8 357 54 view .LVU1189
 4878 018e 05F00707 		and	r7, r5, #7
 357:../../libDaisy/src/dev/oled_ssd130x.h ****         else
 4879              		.loc 8 357 20 view .LVU1190
 4880 0192 06EBC414 		add	r4, r6, r4, lsl #7
 357:../../libDaisy/src/dev/oled_ssd130x.h ****         else
 4881              		.loc 8 357 48 view .LVU1191
 4882 0196 0BFA07F7 		lsl	r7, fp, r7
 357:../../libDaisy/src/dev/oled_ssd130x.h ****         else
 4883              		.loc 8 357 20 view .LVU1192
 4884 019a 0444     		add	r4, r4, r0
 4885 019c 94F814B0 		ldrb	fp, [r4, #20]	@ zero_extendqisi2
ARM GAS  /tmp/ccuCWtjx.s 			page 139


 356:../../libDaisy/src/dev/oled_ssd130x.h ****             buffer_[x + (y / 8) * width] |= (1 << (y % 8));
 4886              		.loc 8 356 9 view .LVU1193
 4887 01a0 002A     		cmp	r2, #0
 4888 01a2 00F0C580 		beq	.L334
 357:../../libDaisy/src/dev/oled_ssd130x.h ****         else
 4889              		.loc 8 357 42 view .LVU1194
 4890 01a6 4BEA070B 		orr	fp, fp, r7
 4891 01aa 84F814B0 		strb	fp, [r4, #20]
 4892              	.L333:
 4893              	.LVL385:
 357:../../libDaisy/src/dev/oled_ssd130x.h ****         else
 4894              		.loc 8 357 42 view .LVU1195
 4895              	.LBE1365:
 4896              	.LBE1364:
 4897              	.LBE1363:
 243:../../libDaisy/src/hid/disp/display.h ****             {
 4898              		.loc 9 243 13 view .LVU1196
 4899 01ae BAEB480F 		cmp	r10, r8, lsl #1
 242:../../libDaisy/src/hid/disp/display.h ****             if(error2 > -deltaY)
 4900              		.loc 9 242 20 view .LVU1197
 4901 01b2 4FEA4804 		lsl	r4, r8, #1
 4902              	.LVL386:
 243:../../libDaisy/src/hid/disp/display.h ****             {
 4903              		.loc 9 243 13 view .LVU1198
 4904 01b6 02DA     		bge	.L335
 245:../../libDaisy/src/hid/disp/display.h ****                 x1 += signX;
 4905              		.loc 9 245 23 view .LVU1199
 4906 01b8 A8EB0908 		sub	r8, r8, r9
 4907              	.LVL387:
 246:../../libDaisy/src/hid/disp/display.h ****             }
 4908              		.loc 9 246 20 view .LVU1200
 4909 01bc 013E     		subs	r6, r6, #1
 4910              	.LVL388:
 4911              	.L335:
 249:../../libDaisy/src/hid/disp/display.h ****             {
 4912              		.loc 9 249 13 view .LVU1201
 4913 01be 002C     		cmp	r4, #0
 4914 01c0 01DA     		bge	.L336
 252:../../libDaisy/src/hid/disp/display.h ****             }
 4915              		.loc 9 252 20 view .LVU1202
 4916 01c2 019C     		ldr	r4, [sp, #4]
 4917              	.LVL389:
 252:../../libDaisy/src/hid/disp/display.h ****             }
 4918              		.loc 9 252 20 view .LVU1203
 4919 01c4 2544     		add	r5, r5, r4
 4920              	.LVL390:
 4921              	.L336:
 239:../../libDaisy/src/hid/disp/display.h ****         {
 4922              		.loc 9 239 26 is_stmt 1 view .LVU1204
 4923 01c6 B445     		cmp	ip, r6
 4924 01c8 DAD1     		bne	.L376
 4925 01ca AB42     		cmp	r3, r5
 4926 01cc D8D1     		bne	.L376
 4927 01ce DDE902B4 		ldrd	fp, r4, [sp, #8]
 4928              	.LVL391:
 4929              	.L338:
 239:../../libDaisy/src/hid/disp/display.h ****         {
ARM GAS  /tmp/ccuCWtjx.s 			page 140


 4930              		.loc 9 239 26 is_stmt 0 view .LVU1205
 4931              	.LBE1341:
 4932              	.LBE1340:
 4933              	.LBB1381:
 4934              	.LBI1381:
 221:../../libDaisy/src/hid/disp/display.h ****                   uint_fast8_t y1,
 4935              		.loc 9 221 10 is_stmt 1 view .LVU1206
 4936              	.LBB1382:
 227:../../libDaisy/src/hid/disp/display.h ****         int_fast16_t deltaY = abs((int_fast16_t)y2 - (int_fast16_t)y1);
 4937              		.loc 9 227 52 is_stmt 0 view .LVU1207
 4938 01d2 A1EB0C08 		sub	r8, r1, ip
 227:../../libDaisy/src/hid/disp/display.h ****         int_fast16_t deltaY = abs((int_fast16_t)y2 - (int_fast16_t)y1);
 4939              		.loc 9 227 22 view .LVU1208
 4940 01d6 B8F1000F 		cmp	r8, #0
 4941 01da B8BF     		it	lt
 4942 01dc C8F10008 		rsblt	r8, r8, #0
 4943              	.LVL392:
 229:../../libDaisy/src/hid/disp/display.h ****         int_fast16_t signY  = ((y1 < y2) ? 1 : -1);
 4944              		.loc 9 229 42 view .LVU1209
 4945 01e0 6145     		cmp	r1, ip
 4946 01e2 40F2C080 		bls	.L386
 4947              	.LVL393:
 4948              	.LBB1383:
 4949              	.LBI1383:
  42:../../libDaisy/src/hid/disp/oled_display.h ****     {
 4950              		.loc 7 42 10 is_stmt 1 view .LVU1210
 4951              	.LBB1384:
 4952              	.LBI1384:
 352:../../libDaisy/src/dev/oled_ssd130x.h ****     {
 4953              		.loc 8 352 10 view .LVU1211
 4954              	.LBB1385:
 354:../../libDaisy/src/dev/oled_ssd130x.h ****             return;
 4955              		.loc 8 354 14 is_stmt 0 view .LVU1212
 4956 01e6 7F29     		cmp	r1, #127
 4957              	.LBE1385:
 4958              	.LBE1384:
 4959              	.LBE1383:
 229:../../libDaisy/src/hid/disp/display.h ****         int_fast16_t signY  = ((y1 < y2) ? 1 : -1);
 4960              		.loc 9 229 42 discriminator 1 view .LVU1213
 4961 01e8 4FF00109 		mov	r9, #1
 4962              	.LBB1396:
 4963              	.LBB1392:
 4964              	.LBB1388:
 354:../../libDaisy/src/dev/oled_ssd130x.h ****             return;
 4965              		.loc 8 354 14 view .LVU1214
 4966 01ec 94BF     		ite	ls
 4967 01ee 0026     		movls	r6, #0
 4968 01f0 0126     		movhi	r6, #1
 354:../../libDaisy/src/dev/oled_ssd130x.h ****             return;
 4969              		.loc 8 354 9 view .LVU1215
 4970 01f2 8CB9     		cbnz	r4, .L342
 4971 01f4 86B9     		cbnz	r6, .L342
 4972              	.LVL394:
 4973              	.L361:
 354:../../libDaisy/src/dev/oled_ssd130x.h ****             return;
 4974              		.loc 8 354 9 view .LVU1216
 4975              	.LBE1388:
ARM GAS  /tmp/ccuCWtjx.s 			page 141


 4976              	.LBE1392:
 4977              	.LBE1396:
 4978              	.LBE1382:
 4979              	.LBE1381:
 4980              	.LBB1412:
 4981              	.LBB1376:
 4982              	.LBB1370:
 4983              	.LBB1356:
 4984              	.LBB1349:
 357:../../libDaisy/src/dev/oled_ssd130x.h ****         else
 4985              		.loc 8 357 28 view .LVU1217
 4986 01f6 DC08     		lsrs	r4, r3, #3
 357:../../libDaisy/src/dev/oled_ssd130x.h ****         else
 4987              		.loc 8 357 54 view .LVU1218
 4988 01f8 03F00705 		and	r5, r3, #7
 4989              	.LBE1349:
 4990              	.LBE1356:
 4991              	.LBE1370:
 4992              	.LBE1376:
 4993              	.LBE1412:
 4994              	.LBB1413:
 4995              	.LBB1408:
 4996              	.LBB1397:
 4997              	.LBB1393:
 4998              	.LBB1389:
 357:../../libDaisy/src/dev/oled_ssd130x.h ****         else
 4999              		.loc 8 357 48 view .LVU1219
 5000 01fc 0126     		movs	r6, #1
 357:../../libDaisy/src/dev/oled_ssd130x.h ****         else
 5001              		.loc 8 357 20 view .LVU1220
 5002 01fe 01EBC414 		add	r4, r1, r4, lsl #7
 357:../../libDaisy/src/dev/oled_ssd130x.h ****         else
 5003              		.loc 8 357 48 view .LVU1221
 5004 0202 AE40     		lsls	r6, r6, r5
 357:../../libDaisy/src/dev/oled_ssd130x.h ****         else
 5005              		.loc 8 357 20 view .LVU1222
 5006 0204 0444     		add	r4, r4, r0
 5007 0206 257D     		ldrb	r5, [r4, #20]	@ zero_extendqisi2
 356:../../libDaisy/src/dev/oled_ssd130x.h ****             buffer_[x + (y / 8) * width] |= (1 << (y % 8));
 5008              		.loc 8 356 9 view .LVU1223
 5009 0208 002A     		cmp	r2, #0
 5010 020a 00F0C580 		beq	.L340
 357:../../libDaisy/src/dev/oled_ssd130x.h ****         else
 5011              		.loc 8 357 42 view .LVU1224
 5012 020e 3543     		orrs	r5, r5, r6
 5013 0210 2575     		strb	r5, [r4, #20]
 5014              	.L341:
 5015 0212 0026     		movs	r6, #0
 5016              	.L339:
 5017              	.LVL395:
 357:../../libDaisy/src/dev/oled_ssd130x.h ****         else
 5018              		.loc 8 357 42 view .LVU1225
 5019              	.LBE1389:
 5020              	.LBE1393:
 5021              	.LBE1397:
 239:../../libDaisy/src/hid/disp/display.h ****         {
 5022              		.loc 9 239 26 is_stmt 1 view .LVU1226
ARM GAS  /tmp/ccuCWtjx.s 			page 142


 5023 0214 6145     		cmp	r1, ip
 5024 0216 26D0     		beq	.L350
 5025              	.L342:
 5026              	.LVL396:
 229:../../libDaisy/src/hid/disp/display.h ****         int_fast16_t signY  = ((y1 < y2) ? 1 : -1);
 5027              		.loc 9 229 42 is_stmt 0 discriminator 1 view .LVU1227
 5028 0218 4746     		mov	r7, r8
 5029 021a 1D46     		mov	r5, r3
 5030 021c 0196     		str	r6, [sp, #4]
 5031              	.LVL397:
 5032              	.L377:
 5033              	.LBB1398:
 5034              	.LBI1398:
  42:../../libDaisy/src/hid/disp/oled_display.h ****     {
 5035              		.loc 7 42 10 is_stmt 1 view .LVU1228
 5036              	.LBB1399:
 5037              	.LBI1399:
 352:../../libDaisy/src/dev/oled_ssd130x.h ****     {
 5038              		.loc 8 352 10 view .LVU1229
 5039              	.LBB1400:
 354:../../libDaisy/src/dev/oled_ssd130x.h ****             return;
 5040              		.loc 8 354 9 is_stmt 0 view .LVU1230
 5041 021e BCF17F0F 		cmp	ip, #127
 5042 0222 13D8     		bhi	.L345
 5043 0224 3F2D     		cmp	r5, #63
 5044 0226 11D8     		bhi	.L345
 357:../../libDaisy/src/dev/oled_ssd130x.h ****         else
 5045              		.loc 8 357 28 view .LVU1231
 5046 0228 EC08     		lsrs	r4, r5, #3
 357:../../libDaisy/src/dev/oled_ssd130x.h ****         else
 5047              		.loc 8 357 48 view .LVU1232
 5048 022a 4FF0010A 		mov	r10, #1
 357:../../libDaisy/src/dev/oled_ssd130x.h ****         else
 5049              		.loc 8 357 20 view .LVU1233
 5050 022e 0CEBC414 		add	r4, ip, r4, lsl #7
 5051 0232 0619     		adds	r6, r0, r4
 357:../../libDaisy/src/dev/oled_ssd130x.h ****         else
 5052              		.loc 8 357 54 view .LVU1234
 5053 0234 05F00704 		and	r4, r5, #7
 357:../../libDaisy/src/dev/oled_ssd130x.h ****         else
 5054              		.loc 8 357 48 view .LVU1235
 5055 0238 0AFA04F4 		lsl	r4, r10, r4
 357:../../libDaisy/src/dev/oled_ssd130x.h ****         else
 5056              		.loc 8 357 20 view .LVU1236
 5057 023c 96F814A0 		ldrb	r10, [r6, #20]	@ zero_extendqisi2
 356:../../libDaisy/src/dev/oled_ssd130x.h ****             buffer_[x + (y / 8) * width] |= (1 << (y % 8));
 5058              		.loc 8 356 9 view .LVU1237
 5059 0240 002A     		cmp	r2, #0
 5060 0242 6CD0     		beq	.L346
 357:../../libDaisy/src/dev/oled_ssd130x.h ****         else
 5061              		.loc 8 357 42 view .LVU1238
 5062 0244 4AEA040A 		orr	r10, r10, r4
 5063 0248 86F814A0 		strb	r10, [r6, #20]
 5064              	.L345:
 5065              	.LVL398:
 357:../../libDaisy/src/dev/oled_ssd130x.h ****         else
 5066              		.loc 8 357 42 view .LVU1239
ARM GAS  /tmp/ccuCWtjx.s 			page 143


 5067              	.LBE1400:
 5068              	.LBE1399:
 5069              	.LBE1398:
 242:../../libDaisy/src/hid/disp/display.h ****             if(error2 > -deltaY)
 5070              		.loc 9 242 20 view .LVU1240
 5071 024c 7C00     		lsls	r4, r7, #1
 5072              	.LVL399:
 243:../../libDaisy/src/hid/disp/display.h ****             {
 5073              		.loc 9 243 13 view .LVU1241
 5074 024e 002C     		cmp	r4, #0
 246:../../libDaisy/src/hid/disp/display.h ****             }
 5075              		.loc 9 246 20 view .LVU1242
 5076 0250 C8BF     		it	gt
 5077 0252 CC44     		addgt	ip, ip, r9
 5078              	.LVL400:
 249:../../libDaisy/src/hid/disp/display.h ****             {
 5079              		.loc 9 249 13 view .LVU1243
 5080 0254 A045     		cmp	r8, r4
 5081 0256 01DD     		ble	.L348
 251:../../libDaisy/src/hid/disp/display.h ****                 y1 += signY;
 5082              		.loc 9 251 23 view .LVU1244
 5083 0258 4744     		add	r7, r7, r8
 5084              	.LVL401:
 252:../../libDaisy/src/hid/disp/display.h ****             }
 5085              		.loc 9 252 20 view .LVU1245
 5086 025a 013D     		subs	r5, r5, #1
 5087              	.LVL402:
 5088              	.L348:
 239:../../libDaisy/src/hid/disp/display.h ****         {
 5089              		.loc 9 239 26 is_stmt 1 view .LVU1246
 5090 025c 6145     		cmp	r1, ip
 5091 025e DED1     		bne	.L377
 239:../../libDaisy/src/hid/disp/display.h ****         {
 5092              		.loc 9 239 26 is_stmt 0 view .LVU1247
 5093 0260 9D42     		cmp	r5, r3
 5094 0262 DCD1     		bne	.L377
 5095 0264 019E     		ldr	r6, [sp, #4]
 5096              	.LVL403:
 5097              	.L350:
 239:../../libDaisy/src/hid/disp/display.h ****         {
 5098              		.loc 9 239 26 view .LVU1248
 5099              	.LBE1408:
 5100              	.LBE1413:
 5101              	.LBB1414:
 5102              	.LBI1414:
 221:../../libDaisy/src/hid/disp/display.h ****                   uint_fast8_t y1,
 5103              		.loc 9 221 10 is_stmt 1 view .LVU1249
 5104              	.LBB1415:
 228:../../libDaisy/src/hid/disp/display.h ****         int_fast16_t signX  = ((x1 < x2) ? 1 : -1);
 5105              		.loc 9 228 52 is_stmt 0 view .LVU1250
 5106 0266 AEEB030C 		sub	ip, lr, r3
 228:../../libDaisy/src/hid/disp/display.h ****         int_fast16_t signX  = ((x1 < x2) ? 1 : -1);
 5107              		.loc 9 228 22 view .LVU1251
 5108 026a BCF1000F 		cmp	ip, #0
 5109 026e B8BF     		it	lt
 5110 0270 CCF1000C 		rsblt	ip, ip, #0
 5111              	.LVL404:
ARM GAS  /tmp/ccuCWtjx.s 			page 144


 230:../../libDaisy/src/hid/disp/display.h ****         int_fast16_t error  = deltaX - deltaY;
 5112              		.loc 9 230 42 view .LVU1252
 5113 0274 9E45     		cmp	lr, r3
 5114 0276 6CD9     		bls	.L387
 5115              	.LVL405:
 231:../../libDaisy/src/hid/disp/display.h ****         int_fast16_t error2;
 5116              		.loc 9 231 22 view .LVU1253
 5117 0278 CCF10007 		rsb	r7, ip, #0
 5118              	.LVL406:
 5119              	.LBB1416:
 5120              	.LBI1416:
  42:../../libDaisy/src/hid/disp/oled_display.h ****     {
 5121              		.loc 7 42 10 is_stmt 1 view .LVU1254
 5122              	.LBB1417:
 5123              	.LBI1417:
 352:../../libDaisy/src/dev/oled_ssd130x.h ****     {
 5124              		.loc 8 352 10 view .LVU1255
 5125              	.LBB1418:
 354:../../libDaisy/src/dev/oled_ssd130x.h ****             return;
 5126              		.loc 8 354 9 is_stmt 0 view .LVU1256
 5127 027c BBF1000F 		cmp	fp, #0
 5128 0280 40F09280 		bne	.L369
 5129 0284 002E     		cmp	r6, #0
 5130 0286 40F08F80 		bne	.L369
 5131              	.LBE1418:
 5132              	.LBE1417:
 5133              	.LBE1416:
 230:../../libDaisy/src/hid/disp/display.h ****         int_fast16_t error  = deltaX - deltaY;
 5134              		.loc 9 230 42 discriminator 1 view .LVU1257
 5135 028a 4FF00109 		mov	r9, #1
 5136              	.LVL407:
 5137              	.L360:
 230:../../libDaisy/src/hid/disp/display.h ****         int_fast16_t error  = deltaX - deltaY;
 5138              		.loc 9 230 42 discriminator 1 view .LVU1258
 5139              	.LBE1415:
 5140              	.LBE1414:
 5141              	.LBB1443:
 5142              	.LBB1336:
 5143              	.LBB1331:
 5144              	.LBB1319:
 5145              	.LBB1315:
 357:../../libDaisy/src/dev/oled_ssd130x.h ****         else
 5146              		.loc 8 357 28 view .LVU1259
 5147 028e 4FEADE04 		lsr	r4, lr, #3
 357:../../libDaisy/src/dev/oled_ssd130x.h ****         else
 5148              		.loc 8 357 54 view .LVU1260
 5149 0292 0EF00705 		and	r5, lr, #7
 5150              	.LBE1315:
 5151              	.LBE1319:
 5152              	.LBE1331:
 5153              	.LBE1336:
 5154              	.LBE1443:
 5155              	.LBB1444:
 5156              	.LBB1438:
 5157              	.LBB1427:
 5158              	.LBB1424:
 5159              	.LBB1421:
ARM GAS  /tmp/ccuCWtjx.s 			page 145


 357:../../libDaisy/src/dev/oled_ssd130x.h ****         else
 5160              		.loc 8 357 48 view .LVU1261
 5161 0296 0126     		movs	r6, #1
 357:../../libDaisy/src/dev/oled_ssd130x.h ****         else
 5162              		.loc 8 357 20 view .LVU1262
 5163 0298 01EBC414 		add	r4, r1, r4, lsl #7
 357:../../libDaisy/src/dev/oled_ssd130x.h ****         else
 5164              		.loc 8 357 48 view .LVU1263
 5165 029c AE40     		lsls	r6, r6, r5
 357:../../libDaisy/src/dev/oled_ssd130x.h ****         else
 5166              		.loc 8 357 20 view .LVU1264
 5167 029e 0444     		add	r4, r4, r0
 5168 02a0 257D     		ldrb	r5, [r4, #20]	@ zero_extendqisi2
 356:../../libDaisy/src/dev/oled_ssd130x.h ****             buffer_[x + (y / 8) * width] |= (1 << (y % 8));
 5169              		.loc 8 356 9 view .LVU1265
 5170 02a2 002A     		cmp	r2, #0
 5171 02a4 70D0     		beq	.L352
 357:../../libDaisy/src/dev/oled_ssd130x.h ****         else
 5172              		.loc 8 357 42 view .LVU1266
 5173 02a6 3543     		orrs	r5, r5, r6
 5174 02a8 2575     		strb	r5, [r4, #20]
 5175              	.L351:
 5176              	.LVL408:
 357:../../libDaisy/src/dev/oled_ssd130x.h ****         else
 5177              		.loc 8 357 42 view .LVU1267
 5178              	.LBE1421:
 5179              	.LBE1424:
 5180              	.LBE1427:
 239:../../libDaisy/src/hid/disp/display.h ****         {
 5181              		.loc 9 239 26 is_stmt 1 view .LVU1268
 5182 02aa 9E45     		cmp	lr, r3
 5183 02ac 3FF4E0AE 		beq	.L305
 239:../../libDaisy/src/hid/disp/display.h ****         {
 5184              		.loc 9 239 26 is_stmt 0 view .LVU1269
 5185 02b0 B846     		mov	r8, r7
 5186              	.L359:
 5187              	.LVL409:
 239:../../libDaisy/src/hid/disp/display.h ****         {
 5188              		.loc 9 239 26 view .LVU1270
 5189 02b2 0D46     		mov	r5, r1
 5190              	.L378:
 5191              	.LVL410:
 5192              	.LBB1428:
 5193              	.LBI1428:
  42:../../libDaisy/src/hid/disp/oled_display.h ****     {
 5194              		.loc 7 42 10 is_stmt 1 view .LVU1271
 5195              	.LBB1429:
 5196              	.LBI1429:
 352:../../libDaisy/src/dev/oled_ssd130x.h ****     {
 5197              		.loc 8 352 10 view .LVU1272
 5198              	.LBB1430:
 354:../../libDaisy/src/dev/oled_ssd130x.h ****             return;
 5199              		.loc 8 354 9 is_stmt 0 view .LVU1273
 5200 02b4 7F2D     		cmp	r5, #127
 5201 02b6 11D8     		bhi	.L354
 5202 02b8 3F2B     		cmp	r3, #63
 5203 02ba 0FD8     		bhi	.L354
ARM GAS  /tmp/ccuCWtjx.s 			page 146


 357:../../libDaisy/src/dev/oled_ssd130x.h ****         else
 5204              		.loc 8 357 28 view .LVU1274
 5205 02bc DC08     		lsrs	r4, r3, #3
 357:../../libDaisy/src/dev/oled_ssd130x.h ****         else
 5206              		.loc 8 357 54 view .LVU1275
 5207 02be 03F0070A 		and	r10, r3, #7
 357:../../libDaisy/src/dev/oled_ssd130x.h ****         else
 5208              		.loc 8 357 48 view .LVU1276
 5209 02c2 0126     		movs	r6, #1
 357:../../libDaisy/src/dev/oled_ssd130x.h ****         else
 5210              		.loc 8 357 20 view .LVU1277
 5211 02c4 05EBC414 		add	r4, r5, r4, lsl #7
 357:../../libDaisy/src/dev/oled_ssd130x.h ****         else
 5212              		.loc 8 357 48 view .LVU1278
 5213 02c8 06FA0AF6 		lsl	r6, r6, r10
 357:../../libDaisy/src/dev/oled_ssd130x.h ****         else
 5214              		.loc 8 357 20 view .LVU1279
 5215 02cc 0444     		add	r4, r4, r0
 5216 02ce 94F814A0 		ldrb	r10, [r4, #20]	@ zero_extendqisi2
 356:../../libDaisy/src/dev/oled_ssd130x.h ****             buffer_[x + (y / 8) * width] |= (1 << (y % 8));
 5217              		.loc 8 356 9 view .LVU1280
 5218 02d2 FAB1     		cbz	r2, .L355
 357:../../libDaisy/src/dev/oled_ssd130x.h ****         else
 5219              		.loc 8 357 42 view .LVU1281
 5220 02d4 4AEA060A 		orr	r10, r10, r6
 5221 02d8 84F814A0 		strb	r10, [r4, #20]
 5222              	.L354:
 5223              	.LVL411:
 357:../../libDaisy/src/dev/oled_ssd130x.h ****         else
 5224              		.loc 8 357 42 view .LVU1282
 5225              	.LBE1430:
 5226              	.LBE1429:
 5227              	.LBE1428:
 243:../../libDaisy/src/hid/disp/display.h ****             {
 5228              		.loc 9 243 13 view .LVU1283
 5229 02dc B8EB470F 		cmp	r8, r7, lsl #1
 242:../../libDaisy/src/hid/disp/display.h ****             if(error2 > -deltaY)
 5230              		.loc 9 242 20 view .LVU1284
 5231 02e0 4FEA4704 		lsl	r4, r7, #1
 5232              	.LVL412:
 243:../../libDaisy/src/hid/disp/display.h ****             {
 5233              		.loc 9 243 13 view .LVU1285
 5234 02e4 02DA     		bge	.L356
 245:../../libDaisy/src/hid/disp/display.h ****                 x1 += signX;
 5235              		.loc 9 245 23 view .LVU1286
 5236 02e6 A7EB0C07 		sub	r7, r7, ip
 5237              	.LVL413:
 246:../../libDaisy/src/hid/disp/display.h ****             }
 5238              		.loc 9 246 20 view .LVU1287
 5239 02ea 013D     		subs	r5, r5, #1
 5240              	.LVL414:
 5241              	.L356:
 249:../../libDaisy/src/hid/disp/display.h ****             {
 5242              		.loc 9 249 13 view .LVU1288
 5243 02ec 002C     		cmp	r4, #0
 252:../../libDaisy/src/hid/disp/display.h ****             }
 5244              		.loc 9 252 20 view .LVU1289
ARM GAS  /tmp/ccuCWtjx.s 			page 147


 5245 02ee B8BF     		it	lt
 5246 02f0 4B44     		addlt	r3, r3, r9
 5247              	.LVL415:
 239:../../libDaisy/src/hid/disp/display.h ****         {
 5248              		.loc 9 239 26 is_stmt 1 view .LVU1290
 5249 02f2 A942     		cmp	r1, r5
 5250 02f4 DED1     		bne	.L378
 239:../../libDaisy/src/hid/disp/display.h ****         {
 5251              		.loc 9 239 26 is_stmt 0 view .LVU1291
 5252 02f6 9E45     		cmp	lr, r3
 5253 02f8 DCD1     		bne	.L378
 5254              	.LBE1438:
 5255              	.LBE1444:
 5256              	.LBE1482:
 281:../../libDaisy/src/hid/disp/display.h **** 
 5257              		.loc 9 281 5 view .LVU1292
 5258 02fa 05B0     		add	sp, sp, #20
 5259              		.cfi_remember_state
 5260              		.cfi_def_cfa_offset 36
 5261              		@ sp needed
 5262 02fc BDE8F08F 		pop	{r4, r5, r6, r7, r8, r9, r10, fp, pc}
 5263              	.LVL416:
 5264              	.L314:
 5265              		.cfi_restore_state
 5266              	.LBB1483:
 5267              	.LBB1445:
 5268              	.LBB1337:
 5269              	.LBB1332:
  42:../../libDaisy/src/hid/disp/oled_display.h ****     {
 5270              		.loc 7 42 10 is_stmt 1 view .LVU1293
 5271              	.LBB1320:
 352:../../libDaisy/src/dev/oled_ssd130x.h ****     {
 5272              		.loc 8 352 10 view .LVU1294
 5273              	.LBE1320:
 5274              	.LBE1332:
 229:../../libDaisy/src/hid/disp/display.h ****         int_fast16_t signY  = ((y1 < y2) ? 1 : -1);
 5275              		.loc 9 229 42 is_stmt 0 discriminator 1 view .LVU1295
 5276 0300 4FF0010A 		mov	r10, #1
 5277              	.LBB1333:
 5278              	.LBB1321:
 5279              	.LBB1316:
 354:../../libDaisy/src/dev/oled_ssd130x.h ****             return;
 5280              		.loc 8 354 9 view .LVU1296
 5281 0304 002F     		cmp	r7, #0
 5282 0306 7FF4E6AE 		bne	.L318
 5283 030a BBF1000F 		cmp	fp, #0
 5284 030e 3FF4CEAE 		beq	.L363
 5285 0312 E0E6     		b	.L318
 5286              	.LVL417:
 5287              	.L355:
 354:../../libDaisy/src/dev/oled_ssd130x.h ****             return;
 5288              		.loc 8 354 9 view .LVU1297
 5289              	.LBE1316:
 5290              	.LBE1321:
 5291              	.LBE1333:
 5292              	.LBE1337:
 5293              	.LBE1445:
ARM GAS  /tmp/ccuCWtjx.s 			page 148


 5294              	.LBB1446:
 5295              	.LBB1439:
 5296              	.LBB1435:
 5297              	.LBB1434:
 5298              	.LBB1433:
 5299              	.LBB1431:
 5300              	.LBI1431:
 352:../../libDaisy/src/dev/oled_ssd130x.h ****     {
 5301              		.loc 8 352 10 is_stmt 1 view .LVU1298
 5302              	.LBB1432:
 359:../../libDaisy/src/dev/oled_ssd130x.h ****     }
 5303              		.loc 8 359 42 is_stmt 0 view .LVU1299
 5304 0314 2AEA060A 		bic	r10, r10, r6
 5305 0318 84F814A0 		strb	r10, [r4, #20]
 5306              	.LVL418:
 359:../../libDaisy/src/dev/oled_ssd130x.h ****     }
 5307              		.loc 8 359 42 view .LVU1300
 5308 031c DEE7     		b	.L354
 5309              	.LVL419:
 5310              	.L346:
 359:../../libDaisy/src/dev/oled_ssd130x.h ****     }
 5311              		.loc 8 359 42 view .LVU1301
 5312              	.LBE1432:
 5313              	.LBE1431:
 5314              	.LBE1433:
 5315              	.LBE1434:
 5316              	.LBE1435:
 5317              	.LBE1439:
 5318              	.LBE1446:
 5319              	.LBB1447:
 5320              	.LBB1409:
 5321              	.LBB1405:
 5322              	.LBB1404:
 5323              	.LBB1403:
 5324              	.LBB1401:
 5325              	.LBI1401:
 352:../../libDaisy/src/dev/oled_ssd130x.h ****     {
 5326              		.loc 8 352 10 is_stmt 1 view .LVU1302
 5327              	.LBB1402:
 359:../../libDaisy/src/dev/oled_ssd130x.h ****     }
 5328              		.loc 8 359 42 is_stmt 0 view .LVU1303
 5329 031e 2AEA040A 		bic	r10, r10, r4
 5330 0322 86F814A0 		strb	r10, [r6, #20]
 5331              	.LVL420:
 359:../../libDaisy/src/dev/oled_ssd130x.h ****     }
 5332              		.loc 8 359 42 view .LVU1304
 5333 0326 91E7     		b	.L345
 5334              	.LVL421:
 5335              	.L322:
 359:../../libDaisy/src/dev/oled_ssd130x.h ****     }
 5336              		.loc 8 359 42 view .LVU1305
 5337              	.LBE1402:
 5338              	.LBE1401:
 5339              	.LBE1403:
 5340              	.LBE1404:
 5341              	.LBE1405:
 5342              	.LBE1409:
ARM GAS  /tmp/ccuCWtjx.s 			page 149


 5343              	.LBE1447:
 5344              	.LBB1448:
 5345              	.LBB1338:
 5346              	.LBB1334:
 5347              	.LBB1330:
 5348              	.LBB1329:
 5349              	.LBB1327:
 5350              	.LBI1327:
 352:../../libDaisy/src/dev/oled_ssd130x.h ****     {
 5351              		.loc 8 352 10 is_stmt 1 view .LVU1306
 5352              	.LBB1328:
 359:../../libDaisy/src/dev/oled_ssd130x.h ****     }
 5353              		.loc 8 359 42 is_stmt 0 view .LVU1307
 5354 0328 27EA0407 		bic	r7, r7, r4
 5355 032c 1F75     		strb	r7, [r3, #20]
 5356              	.LVL422:
 359:../../libDaisy/src/dev/oled_ssd130x.h ****     }
 5357              		.loc 8 359 42 view .LVU1308
 5358 032e EAE6     		b	.L321
 5359              	.LVL423:
 5360              	.L334:
 359:../../libDaisy/src/dev/oled_ssd130x.h ****     }
 5361              		.loc 8 359 42 view .LVU1309
 5362              	.LBE1328:
 5363              	.LBE1327:
 5364              	.LBE1329:
 5365              	.LBE1330:
 5366              	.LBE1334:
 5367              	.LBE1338:
 5368              	.LBE1448:
 5369              	.LBB1449:
 5370              	.LBB1377:
 5371              	.LBB1371:
 5372              	.LBB1369:
 5373              	.LBB1368:
 5374              	.LBB1366:
 5375              	.LBI1366:
 352:../../libDaisy/src/dev/oled_ssd130x.h ****     {
 5376              		.loc 8 352 10 is_stmt 1 view .LVU1310
 5377              	.LBB1367:
 359:../../libDaisy/src/dev/oled_ssd130x.h ****     }
 5378              		.loc 8 359 42 is_stmt 0 view .LVU1311
 5379 0330 2BEA070B 		bic	fp, fp, r7
 5380 0334 84F814B0 		strb	fp, [r4, #20]
 5381              	.LVL424:
 359:../../libDaisy/src/dev/oled_ssd130x.h ****     }
 5382              		.loc 8 359 42 view .LVU1312
 5383 0338 39E7     		b	.L333
 5384              	.LVL425:
 5385              	.L385:
 359:../../libDaisy/src/dev/oled_ssd130x.h ****     }
 5386              		.loc 8 359 42 view .LVU1313
 5387              	.LBE1367:
 5388              	.LBE1366:
 5389              	.LBE1368:
 5390              	.LBE1369:
 5391              	.LBE1371:
ARM GAS  /tmp/ccuCWtjx.s 			page 150


 5392              	.LBB1372:
 5393              	.LBB1357:
 5394              	.LBB1350:
 354:../../libDaisy/src/dev/oled_ssd130x.h ****             return;
 5395              		.loc 8 354 28 view .LVU1314
 5396 033a 3F2B     		cmp	r3, #63
 5397              	.LBE1350:
 5398              	.LBE1357:
 5399              	.LBE1372:
 231:../../libDaisy/src/hid/disp/display.h ****         int_fast16_t error2;
 5400              		.loc 9 231 22 view .LVU1315
 5401 033c C9F10008 		rsb	r8, r9, #0
 5402              	.LVL426:
 5403              	.LBB1373:
  42:../../libDaisy/src/hid/disp/oled_display.h ****     {
 5404              		.loc 7 42 10 is_stmt 1 view .LVU1316
 5405              	.LBB1358:
 352:../../libDaisy/src/dev/oled_ssd130x.h ****     {
 5406              		.loc 8 352 10 view .LVU1317
 5407              	.LBB1351:
 354:../../libDaisy/src/dev/oled_ssd130x.h ****             return;
 5408              		.loc 8 354 28 is_stmt 0 view .LVU1318
 5409 0340 94BF     		ite	ls
 5410 0342 0024     		movls	r4, #0
 5411 0344 0124     		movhi	r4, #1
 354:../../libDaisy/src/dev/oled_ssd130x.h ****             return;
 5412              		.loc 8 354 9 view .LVU1319
 5413 0346 5FBB     		cbnz	r7, .L365
 5414 0348 54BB     		cbnz	r4, .L365
 5415 034a 4FF0FF34 		mov	r4, #-1
 5416 034e 0194     		str	r4, [sp, #4]
 5417 0350 00E7     		b	.L362
 5418              	.LVL427:
 5419              	.L387:
 354:../../libDaisy/src/dev/oled_ssd130x.h ****             return;
 5420              		.loc 8 354 9 view .LVU1320
 5421              	.LBE1351:
 5422              	.LBE1358:
 5423              	.LBE1373:
 5424              	.LBE1377:
 5425              	.LBE1449:
 5426              	.LBB1450:
 5427              	.LBB1440:
 231:../../libDaisy/src/hid/disp/display.h ****         int_fast16_t error2;
 5428              		.loc 9 231 22 view .LVU1321
 5429 0352 CCF10007 		rsb	r7, ip, #0
 5430              	.LVL428:
 5431              	.LBB1436:
  42:../../libDaisy/src/hid/disp/oled_display.h ****     {
 5432              		.loc 7 42 10 is_stmt 1 view .LVU1322
 5433              	.LBB1425:
 352:../../libDaisy/src/dev/oled_ssd130x.h ****     {
 5434              		.loc 8 352 10 view .LVU1323
 5435              	.LBB1422:
 5436 0356 4FF0FF39 		mov	r9, #-1
 354:../../libDaisy/src/dev/oled_ssd130x.h ****             return;
 5437              		.loc 8 354 9 is_stmt 0 view .LVU1324
ARM GAS  /tmp/ccuCWtjx.s 			page 151


 5438 035a BBF1000F 		cmp	fp, #0
 5439 035e A4D1     		bne	.L351
 5440 0360 002E     		cmp	r6, #0
 5441 0362 94D0     		beq	.L360
 5442 0364 A1E7     		b	.L351
 5443              	.LVL429:
 5444              	.L386:
 354:../../libDaisy/src/dev/oled_ssd130x.h ****             return;
 5445              		.loc 8 354 9 view .LVU1325
 5446              	.LBE1422:
 5447              	.LBE1425:
 5448              	.LBE1436:
 5449              	.LBE1440:
 5450              	.LBE1450:
 5451              	.LBB1451:
 5452              	.LBB1410:
 5453              	.LBB1406:
  42:../../libDaisy/src/hid/disp/oled_display.h ****     {
 5454              		.loc 7 42 10 is_stmt 1 view .LVU1326
 5455              	.LBB1394:
 352:../../libDaisy/src/dev/oled_ssd130x.h ****     {
 5456              		.loc 8 352 10 view .LVU1327
 5457              	.LBB1390:
 354:../../libDaisy/src/dev/oled_ssd130x.h ****             return;
 5458              		.loc 8 354 14 is_stmt 0 view .LVU1328
 5459 0366 7F29     		cmp	r1, #127
 5460 0368 4FF0FF39 		mov	r9, #-1
 5461 036c 94BF     		ite	ls
 5462 036e 0026     		movls	r6, #0
 5463 0370 0126     		movhi	r6, #1
 354:../../libDaisy/src/dev/oled_ssd130x.h ****             return;
 5464              		.loc 8 354 9 view .LVU1329
 5465 0372 002C     		cmp	r4, #0
 5466 0374 7FF44EAF 		bne	.L339
 5467 0378 002E     		cmp	r6, #0
 5468 037a 3FF43CAF 		beq	.L361
 5469 037e 49E7     		b	.L339
 5470              	.LVL430:
 5471              	.L316:
 354:../../libDaisy/src/dev/oled_ssd130x.h ****             return;
 5472              		.loc 8 354 9 view .LVU1330
 5473              	.LBE1390:
 5474              	.LBE1394:
 5475              	.LBE1406:
 5476              	.LBE1410:
 5477              	.LBE1451:
 5478              	.LBB1452:
 5479              	.LBB1339:
 5480              	.LBB1335:
 5481              	.LBB1322:
 5482              	.LBB1317:
 5483              	.LBB1312:
 5484              	.LBI1312:
 352:../../libDaisy/src/dev/oled_ssd130x.h ****     {
 5485              		.loc 8 352 10 is_stmt 1 view .LVU1331
 5486              	.LBB1313:
 359:../../libDaisy/src/dev/oled_ssd130x.h ****     }
ARM GAS  /tmp/ccuCWtjx.s 			page 152


 5487              		.loc 8 359 42 is_stmt 0 view .LVU1332
 5488 0380 25EA0605 		bic	r5, r5, r6
 5489 0384 2575     		strb	r5, [r4, #20]
 5490              	.LVL431:
 359:../../libDaisy/src/dev/oled_ssd130x.h ****     }
 5491              		.loc 8 359 42 view .LVU1333
 5492 0386 A1E6     		b	.L317
 5493              	.LVL432:
 5494              	.L352:
 359:../../libDaisy/src/dev/oled_ssd130x.h ****     }
 5495              		.loc 8 359 42 view .LVU1334
 5496              	.LBE1313:
 5497              	.LBE1312:
 5498              	.LBE1317:
 5499              	.LBE1322:
 5500              	.LBE1335:
 5501              	.LBE1339:
 5502              	.LBE1452:
 5503              	.LBB1453:
 5504              	.LBB1441:
 5505              	.LBB1437:
 5506              	.LBB1426:
 5507              	.LBB1423:
 5508              	.LBB1419:
 5509              	.LBI1419:
 352:../../libDaisy/src/dev/oled_ssd130x.h ****     {
 5510              		.loc 8 352 10 is_stmt 1 view .LVU1335
 5511              	.LBB1420:
 359:../../libDaisy/src/dev/oled_ssd130x.h ****     }
 5512              		.loc 8 359 42 is_stmt 0 view .LVU1336
 5513 0388 25EA0605 		bic	r5, r5, r6
 5514 038c 2575     		strb	r5, [r4, #20]
 5515              	.LVL433:
 359:../../libDaisy/src/dev/oled_ssd130x.h ****     }
 5516              		.loc 8 359 42 view .LVU1337
 5517 038e 8CE7     		b	.L351
 5518              	.LVL434:
 5519              	.L328:
 359:../../libDaisy/src/dev/oled_ssd130x.h ****     }
 5520              		.loc 8 359 42 view .LVU1338
 5521              	.LBE1420:
 5522              	.LBE1419:
 5523              	.LBE1423:
 5524              	.LBE1426:
 5525              	.LBE1437:
 5526              	.LBE1441:
 5527              	.LBE1453:
 5528              	.LBB1454:
 5529              	.LBB1378:
 5530              	.LBB1374:
 5531              	.LBB1359:
 5532              	.LBB1352:
 5533              	.LBB1345:
 5534              	.LBI1345:
 352:../../libDaisy/src/dev/oled_ssd130x.h ****     {
 5535              		.loc 8 352 10 is_stmt 1 view .LVU1339
 5536              	.LBB1346:
ARM GAS  /tmp/ccuCWtjx.s 			page 153


 359:../../libDaisy/src/dev/oled_ssd130x.h ****     }
 5537              		.loc 8 359 42 is_stmt 0 view .LVU1340
 5538 0390 25EA0605 		bic	r5, r5, r6
 5539 0394 2575     		strb	r5, [r4, #20]
 5540              	.LVL435:
 359:../../libDaisy/src/dev/oled_ssd130x.h ****     }
 5541              		.loc 8 359 42 view .LVU1341
 5542 0396 EBE6     		b	.L329
 5543              	.LVL436:
 5544              	.L340:
 359:../../libDaisy/src/dev/oled_ssd130x.h ****     }
 5545              		.loc 8 359 42 view .LVU1342
 5546              	.LBE1346:
 5547              	.LBE1345:
 5548              	.LBE1352:
 5549              	.LBE1359:
 5550              	.LBE1374:
 5551              	.LBE1378:
 5552              	.LBE1454:
 5553              	.LBB1455:
 5554              	.LBB1411:
 5555              	.LBB1407:
 5556              	.LBB1395:
 5557              	.LBB1391:
 5558              	.LBB1386:
 5559              	.LBI1386:
 352:../../libDaisy/src/dev/oled_ssd130x.h ****     {
 5560              		.loc 8 352 10 is_stmt 1 view .LVU1343
 5561              	.LBB1387:
 359:../../libDaisy/src/dev/oled_ssd130x.h ****     }
 5562              		.loc 8 359 42 is_stmt 0 view .LVU1344
 5563 0398 25EA0605 		bic	r5, r5, r6
 5564 039c 2575     		strb	r5, [r4, #20]
 5565              	.LVL437:
 359:../../libDaisy/src/dev/oled_ssd130x.h ****     }
 5566              		.loc 8 359 42 view .LVU1345
 5567 039e 38E7     		b	.L341
 5568              	.LVL438:
 5569              	.L365:
 359:../../libDaisy/src/dev/oled_ssd130x.h ****     }
 5570              		.loc 8 359 42 view .LVU1346
 5571              	.LBE1387:
 5572              	.LBE1386:
 5573              	.LBE1391:
 5574              	.LBE1395:
 5575              	.LBE1407:
 5576              	.LBE1411:
 5577              	.LBE1455:
 5578              	.LBB1456:
 5579              	.LBB1379:
 5580              	.LBB1375:
 5581              	.LBB1360:
 5582              	.LBB1353:
 5583 03a0 4FF0FF35 		mov	r5, #-1
 5584 03a4 0195     		str	r5, [sp, #4]
 5585 03a6 E4E6     		b	.L327
 5586              	.LVL439:
ARM GAS  /tmp/ccuCWtjx.s 			page 154


 5587              	.L369:
 359:../../libDaisy/src/dev/oled_ssd130x.h ****     }
 5588              		.loc 8 359 42 view .LVU1347
 5589              	.LBE1353:
 5590              	.LBE1360:
 5591              	.LBE1375:
 5592              	.LBE1379:
 5593              	.LBE1456:
 5594              	.LBB1457:
 5595              	.LBB1442:
 231:../../libDaisy/src/hid/disp/display.h ****         int_fast16_t error2;
 5596              		.loc 9 231 22 view .LVU1348
 5597 03a8 B846     		mov	r8, r7
 230:../../libDaisy/src/hid/disp/display.h ****         int_fast16_t error  = deltaX - deltaY;
 5598              		.loc 9 230 42 discriminator 1 view .LVU1349
 5599 03aa 4FF00109 		mov	r9, #1
 5600 03ae 80E7     		b	.L359
 5601              	.LVL440:
 5602              	.L371:
 230:../../libDaisy/src/hid/disp/display.h ****         int_fast16_t error  = deltaX - deltaY;
 5603              		.loc 9 230 42 discriminator 1 view .LVU1350
 5604              	.LBE1442:
 5605              	.LBE1457:
 5606              	.LBB1458:
 5607              	.LBB1380:
 5608 03b0 0125     		movs	r5, #1
 231:../../libDaisy/src/hid/disp/display.h ****         int_fast16_t error2;
 5609              		.loc 9 231 22 view .LVU1351
 5610 03b2 C246     		mov	r10, r8
 230:../../libDaisy/src/hid/disp/display.h ****         int_fast16_t error  = deltaX - deltaY;
 5611              		.loc 9 230 42 discriminator 1 view .LVU1352
 5612 03b4 0195     		str	r5, [sp, #4]
 5613 03b6 DFE6     		b	.L330
 5614              	.LBE1380:
 5615              	.LBE1458:
 5616              	.LBE1483:
 5617              		.cfi_endproc
 5618              	.LFE2451:
 5620              		.section	.text._ZN5daisy13SSD130xDriverILj128ELj64ENS_24SSD130x4WireSpiTransportEE4InitENS2_6Confi
 5621              		.align	1
 5622              		.p2align 2,,3
 5623              		.weak	_ZN5daisy13SSD130xDriverILj128ELj64ENS_24SSD130x4WireSpiTransportEE4InitENS2_6ConfigE
 5624              		.syntax unified
 5625              		.thumb
 5626              		.thumb_func
 5628              	_ZN5daisy13SSD130xDriverILj128ELj64ENS_24SSD130x4WireSpiTransportEE4InitENS2_6ConfigE:
 5629              	.LVL441:
 5630              	.LFB2435:
 253:../../libDaisy/src/dev/oled_ssd130x.h ****     {
 5631              		.loc 8 253 10 is_stmt 1 view -0
 5632              		.cfi_startproc
 5633              		@ args = 48, pretend = 16, frame = 8
 5634              		@ frame_needed = 0, uses_anonymous_args = 0
 253:../../libDaisy/src/dev/oled_ssd130x.h ****     {
 5635              		.loc 8 253 10 is_stmt 0 view .LVU1354
 5636 0000 84B0     		sub	sp, sp, #16
 5637              		.cfi_def_cfa_offset 16
ARM GAS  /tmp/ccuCWtjx.s 			page 155


 5638 0002 2DE9F041 		push	{r4, r5, r6, r7, r8, lr}
 5639              		.cfi_def_cfa_offset 40
 5640              		.cfi_offset 4, -40
 5641              		.cfi_offset 5, -36
 5642              		.cfi_offset 6, -32
 5643              		.cfi_offset 7, -28
 5644              		.cfi_offset 8, -24
 5645              		.cfi_offset 14, -20
 5646 0006 82B0     		sub	sp, sp, #8
 5647              		.cfi_def_cfa_offset 48
 5648              	.LBB1532:
 5649              	.LBB1533:
 106:../../libDaisy/src/dev/oled_ssd130x.h ****         pin_dc_.pin  = config.pin_config.dc;
 5650              		.loc 8 106 22 view .LVU1355
 5651 0008 0125     		movs	r5, #1
 107:../../libDaisy/src/dev/oled_ssd130x.h ****         dsy_gpio_init(&pin_dc_);
 5652              		.loc 8 107 22 view .LVU1356
 5653 000a 0646     		mov	r6, r0
 5654              	.LBE1533:
 5655              	.LBE1532:
 253:../../libDaisy/src/dev/oled_ssd130x.h ****     {
 5656              		.loc 8 253 10 view .LVU1357
 5657 000c 0446     		mov	r4, r0
 5658              	.LVL442:
 5659              	.LBB1537:
 5660              	.LBI1532:
 103:../../libDaisy/src/dev/oled_ssd130x.h ****     {
 5661              		.loc 8 103 10 is_stmt 1 view .LVU1358
 5662              	.LBB1534:
 106:../../libDaisy/src/dev/oled_ssd130x.h ****         pin_dc_.pin  = config.pin_config.dc;
 5663              		.loc 8 106 9 view .LVU1359
 5664              	.LBE1534:
 5665              	.LBE1537:
 253:../../libDaisy/src/dev/oled_ssd130x.h ****     {
 5666              		.loc 8 253 10 is_stmt 0 view .LVU1360
 5667 000e 0DF12408 		add	r8, sp, #36
 5668              	.LVL443:
 5669              	.LBB1538:
 5670              	.LBB1535:
 106:../../libDaisy/src/dev/oled_ssd130x.h ****         pin_dc_.pin  = config.pin_config.dc;
 5671              		.loc 8 106 22 view .LVU1361
 5672 0012 8572     		strb	r5, [r0, #10]
 107:../../libDaisy/src/dev/oled_ssd130x.h ****         dsy_gpio_init(&pin_dc_);
 5673              		.loc 8 107 9 is_stmt 1 view .LVU1362
 110:../../libDaisy/src/dev/oled_ssd130x.h ****         dsy_gpio_init(&pin_reset_);
 5674              		.loc 8 110 25 is_stmt 0 view .LVU1363
 5675 0014 2746     		mov	r7, r4
 5676              	.LBE1535:
 5677              	.LBE1538:
 253:../../libDaisy/src/dev/oled_ssd130x.h ****     {
 5678              		.loc 8 253 10 view .LVU1364
 5679 0016 88E80E00 		stm	r8, {r1, r2, r3}
 5680              	.LBB1539:
 5681              	.LBB1536:
 107:../../libDaisy/src/dev/oled_ssd130x.h ****         dsy_gpio_init(&pin_dc_);
 5682              		.loc 8 107 22 view .LVU1365
 5683 001a BDF84C30 		ldrh	r3, [sp, #76]
ARM GAS  /tmp/ccuCWtjx.s 			page 156


 5684 001e 26F8083F 		strh	r3, [r6, #8]!	@ movhi
 108:../../libDaisy/src/dev/oled_ssd130x.h ****         pin_reset_.mode = DSY_GPIO_MODE_OUTPUT_PP;
 5685              		.loc 8 108 9 is_stmt 1 view .LVU1366
 108:../../libDaisy/src/dev/oled_ssd130x.h ****         pin_reset_.mode = DSY_GPIO_MODE_OUTPUT_PP;
 5686              		.loc 8 108 22 is_stmt 0 view .LVU1367
 5687 0022 3046     		mov	r0, r6
 5688              	.LVL444:
 108:../../libDaisy/src/dev/oled_ssd130x.h ****         pin_reset_.mode = DSY_GPIO_MODE_OUTPUT_PP;
 5689              		.loc 8 108 22 view .LVU1368
 5690 0024 FFF7FEFF 		bl	dsy_gpio_init
 5691              	.LVL445:
 109:../../libDaisy/src/dev/oled_ssd130x.h ****         pin_reset_.pin  = config.pin_config.reset;
 5692              		.loc 8 109 9 is_stmt 1 view .LVU1369
 110:../../libDaisy/src/dev/oled_ssd130x.h ****         dsy_gpio_init(&pin_reset_);
 5693              		.loc 8 110 25 is_stmt 0 view .LVU1370
 5694 0028 BDF84E30 		ldrh	r3, [sp, #78]
 109:../../libDaisy/src/dev/oled_ssd130x.h ****         pin_reset_.pin  = config.pin_config.reset;
 5695              		.loc 8 109 25 view .LVU1371
 5696 002c A571     		strb	r5, [r4, #6]
 110:../../libDaisy/src/dev/oled_ssd130x.h ****         dsy_gpio_init(&pin_reset_);
 5697              		.loc 8 110 9 is_stmt 1 view .LVU1372
 110:../../libDaisy/src/dev/oled_ssd130x.h ****         dsy_gpio_init(&pin_reset_);
 5698              		.loc 8 110 25 is_stmt 0 view .LVU1373
 5699 002e 27F8043F 		strh	r3, [r7, #4]!	@ movhi
 111:../../libDaisy/src/dev/oled_ssd130x.h **** 
 5700              		.loc 8 111 9 is_stmt 1 view .LVU1374
 111:../../libDaisy/src/dev/oled_ssd130x.h **** 
 5701              		.loc 8 111 22 is_stmt 0 view .LVU1375
 5702 0032 3846     		mov	r0, r7
 5703 0034 FFF7FEFF 		bl	dsy_gpio_init
 5704              	.LVL446:
 114:../../libDaisy/src/dev/oled_ssd130x.h **** 
 5705              		.loc 8 114 9 is_stmt 1 view .LVU1376
 114:../../libDaisy/src/dev/oled_ssd130x.h **** 
 5706              		.loc 8 114 18 is_stmt 0 view .LVU1377
 5707 0038 4146     		mov	r1, r8
 5708 003a 2046     		mov	r0, r4
 5709 003c FFF7FEFF 		bl	_ZN5daisy9SpiHandle4InitERKNS0_6ConfigE
 5710              	.LVL447:
 117:../../libDaisy/src/dev/oled_ssd130x.h ****         System::Delay(10);
 5711              		.loc 8 117 9 is_stmt 1 view .LVU1378
 117:../../libDaisy/src/dev/oled_ssd130x.h ****         System::Delay(10);
 5712              		.loc 8 117 23 is_stmt 0 view .LVU1379
 5713 0040 0021     		movs	r1, #0
 5714 0042 3846     		mov	r0, r7
 5715 0044 FFF7FEFF 		bl	dsy_gpio_write
 5716              	.LVL448:
 118:../../libDaisy/src/dev/oled_ssd130x.h ****         dsy_gpio_write(&pin_reset_, 1);
 5717              		.loc 8 118 9 is_stmt 1 view .LVU1380
 118:../../libDaisy/src/dev/oled_ssd130x.h ****         dsy_gpio_write(&pin_reset_, 1);
 5718              		.loc 8 118 22 is_stmt 0 view .LVU1381
 5719 0048 0A20     		movs	r0, #10
 5720 004a FFF7FEFF 		bl	_ZN5daisy6System5DelayEm
 5721              	.LVL449:
 119:../../libDaisy/src/dev/oled_ssd130x.h ****         System::Delay(10);
 5722              		.loc 8 119 9 is_stmt 1 view .LVU1382
 119:../../libDaisy/src/dev/oled_ssd130x.h ****         System::Delay(10);
ARM GAS  /tmp/ccuCWtjx.s 			page 157


 5723              		.loc 8 119 23 is_stmt 0 view .LVU1383
 5724 004e 2946     		mov	r1, r5
 5725 0050 3846     		mov	r0, r7
 5726 0052 0027     		movs	r7, #0
 5727 0054 FFF7FEFF 		bl	dsy_gpio_write
 5728              	.LVL450:
 120:../../libDaisy/src/dev/oled_ssd130x.h ****     };
 5729              		.loc 8 120 9 is_stmt 1 view .LVU1384
 120:../../libDaisy/src/dev/oled_ssd130x.h ****     };
 5730              		.loc 8 120 22 is_stmt 0 view .LVU1385
 5731 0058 0A20     		movs	r0, #10
 5732 005a FFF7FEFF 		bl	_ZN5daisy6System5DelayEm
 5733              	.LVL451:
 120:../../libDaisy/src/dev/oled_ssd130x.h ****     };
 5734              		.loc 8 120 22 view .LVU1386
 5735 005e AE23     		movs	r3, #174
 5736              	.LBE1536:
 5737              	.LBE1539:
 5738              	.LBB1540:
 5739              	.LBB1541:
 124:../../libDaisy/src/dev/oled_ssd130x.h ****         spi_.BlockingTransmit(&cmd, 1);
 5740              		.loc 8 124 23 view .LVU1387
 5741 0060 3046     		mov	r0, r6
 5742 0062 0021     		movs	r1, #0
 5743 0064 8DF80730 		strb	r3, [sp, #7]
 5744              	.LVL452:
 124:../../libDaisy/src/dev/oled_ssd130x.h ****         spi_.BlockingTransmit(&cmd, 1);
 5745              		.loc 8 124 23 view .LVU1388
 5746              	.LBE1541:
 5747              	.LBI1540:
 122:../../libDaisy/src/dev/oled_ssd130x.h ****     {
 5748              		.loc 8 122 10 is_stmt 1 view .LVU1389
 5749              	.LBB1542:
 124:../../libDaisy/src/dev/oled_ssd130x.h ****         spi_.BlockingTransmit(&cmd, 1);
 5750              		.loc 8 124 9 view .LVU1390
 124:../../libDaisy/src/dev/oled_ssd130x.h ****         spi_.BlockingTransmit(&cmd, 1);
 5751              		.loc 8 124 23 is_stmt 0 view .LVU1391
 5752 0068 FFF7FEFF 		bl	dsy_gpio_write
 5753              	.LVL453:
 125:../../libDaisy/src/dev/oled_ssd130x.h ****     };
 5754              		.loc 8 125 9 is_stmt 1 view .LVU1392
 125:../../libDaisy/src/dev/oled_ssd130x.h ****     };
 5755              		.loc 8 125 30 is_stmt 0 view .LVU1393
 5756 006c 2A46     		mov	r2, r5
 5757 006e 0DF10701 		add	r1, sp, #7
 5758 0072 6423     		movs	r3, #100
 5759 0074 2046     		mov	r0, r4
 5760 0076 FFF7FEFF 		bl	_ZN5daisy9SpiHandle16BlockingTransmitEPhjm
 5761              	.LVL454:
 125:../../libDaisy/src/dev/oled_ssd130x.h ****     };
 5762              		.loc 8 125 30 view .LVU1394
 5763 007a D523     		movs	r3, #213
 5764              	.LBE1542:
 5765              	.LBE1540:
 5766              	.LBB1543:
 5767              	.LBB1544:
 124:../../libDaisy/src/dev/oled_ssd130x.h ****         spi_.BlockingTransmit(&cmd, 1);
ARM GAS  /tmp/ccuCWtjx.s 			page 158


 5768              		.loc 8 124 23 view .LVU1395
 5769 007c 3046     		mov	r0, r6
 5770 007e 0021     		movs	r1, #0
 5771 0080 8DF80730 		strb	r3, [sp, #7]
 5772              	.LVL455:
 124:../../libDaisy/src/dev/oled_ssd130x.h ****         spi_.BlockingTransmit(&cmd, 1);
 5773              		.loc 8 124 23 view .LVU1396
 5774              	.LBE1544:
 5775              	.LBI1543:
 122:../../libDaisy/src/dev/oled_ssd130x.h ****     {
 5776              		.loc 8 122 10 is_stmt 1 view .LVU1397
 5777              	.LBB1545:
 124:../../libDaisy/src/dev/oled_ssd130x.h ****         spi_.BlockingTransmit(&cmd, 1);
 5778              		.loc 8 124 9 view .LVU1398
 124:../../libDaisy/src/dev/oled_ssd130x.h ****         spi_.BlockingTransmit(&cmd, 1);
 5779              		.loc 8 124 23 is_stmt 0 view .LVU1399
 5780 0084 FFF7FEFF 		bl	dsy_gpio_write
 5781              	.LVL456:
 125:../../libDaisy/src/dev/oled_ssd130x.h ****     };
 5782              		.loc 8 125 9 is_stmt 1 view .LVU1400
 125:../../libDaisy/src/dev/oled_ssd130x.h ****     };
 5783              		.loc 8 125 30 is_stmt 0 view .LVU1401
 5784 0088 2A46     		mov	r2, r5
 5785 008a 0DF10701 		add	r1, sp, #7
 5786 008e 6423     		movs	r3, #100
 5787 0090 2046     		mov	r0, r4
 5788 0092 FFF7FEFF 		bl	_ZN5daisy9SpiHandle16BlockingTransmitEPhjm
 5789              	.LVL457:
 125:../../libDaisy/src/dev/oled_ssd130x.h ****     };
 5790              		.loc 8 125 30 view .LVU1402
 5791 0096 8023     		movs	r3, #128
 5792              	.LBE1545:
 5793              	.LBE1543:
 5794              	.LBB1546:
 5795              	.LBB1547:
 124:../../libDaisy/src/dev/oled_ssd130x.h ****         spi_.BlockingTransmit(&cmd, 1);
 5796              		.loc 8 124 23 view .LVU1403
 5797 0098 3046     		mov	r0, r6
 5798 009a 0021     		movs	r1, #0
 5799 009c 8DF80730 		strb	r3, [sp, #7]
 5800              	.LVL458:
 124:../../libDaisy/src/dev/oled_ssd130x.h ****         spi_.BlockingTransmit(&cmd, 1);
 5801              		.loc 8 124 23 view .LVU1404
 5802              	.LBE1547:
 5803              	.LBI1546:
 122:../../libDaisy/src/dev/oled_ssd130x.h ****     {
 5804              		.loc 8 122 10 is_stmt 1 view .LVU1405
 5805              	.LBB1548:
 124:../../libDaisy/src/dev/oled_ssd130x.h ****         spi_.BlockingTransmit(&cmd, 1);
 5806              		.loc 8 124 9 view .LVU1406
 124:../../libDaisy/src/dev/oled_ssd130x.h ****         spi_.BlockingTransmit(&cmd, 1);
 5807              		.loc 8 124 23 is_stmt 0 view .LVU1407
 5808 00a0 FFF7FEFF 		bl	dsy_gpio_write
 5809              	.LVL459:
 125:../../libDaisy/src/dev/oled_ssd130x.h ****     };
 5810              		.loc 8 125 9 is_stmt 1 view .LVU1408
 125:../../libDaisy/src/dev/oled_ssd130x.h ****     };
ARM GAS  /tmp/ccuCWtjx.s 			page 159


 5811              		.loc 8 125 30 is_stmt 0 view .LVU1409
 5812 00a4 2A46     		mov	r2, r5
 5813 00a6 0DF10701 		add	r1, sp, #7
 5814 00aa 6423     		movs	r3, #100
 5815 00ac 2046     		mov	r0, r4
 5816 00ae FFF7FEFF 		bl	_ZN5daisy9SpiHandle16BlockingTransmitEPhjm
 5817              	.LVL460:
 125:../../libDaisy/src/dev/oled_ssd130x.h ****     };
 5818              		.loc 8 125 30 view .LVU1410
 5819 00b2 A823     		movs	r3, #168
 5820              	.LBE1548:
 5821              	.LBE1546:
 5822              	.LBB1549:
 5823              	.LBB1550:
 124:../../libDaisy/src/dev/oled_ssd130x.h ****         spi_.BlockingTransmit(&cmd, 1);
 5824              		.loc 8 124 23 view .LVU1411
 5825 00b4 3046     		mov	r0, r6
 5826 00b6 0021     		movs	r1, #0
 5827 00b8 8DF80730 		strb	r3, [sp, #7]
 5828              	.LVL461:
 124:../../libDaisy/src/dev/oled_ssd130x.h ****         spi_.BlockingTransmit(&cmd, 1);
 5829              		.loc 8 124 23 view .LVU1412
 5830              	.LBE1550:
 5831              	.LBI1549:
 122:../../libDaisy/src/dev/oled_ssd130x.h ****     {
 5832              		.loc 8 122 10 is_stmt 1 view .LVU1413
 5833              	.LBB1551:
 124:../../libDaisy/src/dev/oled_ssd130x.h ****         spi_.BlockingTransmit(&cmd, 1);
 5834              		.loc 8 124 9 view .LVU1414
 124:../../libDaisy/src/dev/oled_ssd130x.h ****         spi_.BlockingTransmit(&cmd, 1);
 5835              		.loc 8 124 23 is_stmt 0 view .LVU1415
 5836 00bc FFF7FEFF 		bl	dsy_gpio_write
 5837              	.LVL462:
 125:../../libDaisy/src/dev/oled_ssd130x.h ****     };
 5838              		.loc 8 125 9 is_stmt 1 view .LVU1416
 125:../../libDaisy/src/dev/oled_ssd130x.h ****     };
 5839              		.loc 8 125 30 is_stmt 0 view .LVU1417
 5840 00c0 2A46     		mov	r2, r5
 5841 00c2 0DF10701 		add	r1, sp, #7
 5842 00c6 6423     		movs	r3, #100
 5843 00c8 2046     		mov	r0, r4
 5844 00ca FFF7FEFF 		bl	_ZN5daisy9SpiHandle16BlockingTransmitEPhjm
 5845              	.LVL463:
 125:../../libDaisy/src/dev/oled_ssd130x.h ****     };
 5846              		.loc 8 125 30 view .LVU1418
 5847 00ce 3F23     		movs	r3, #63
 5848              	.LBE1551:
 5849              	.LBE1549:
 5850              	.LBB1552:
 5851              	.LBB1553:
 124:../../libDaisy/src/dev/oled_ssd130x.h ****         spi_.BlockingTransmit(&cmd, 1);
 5852              		.loc 8 124 23 view .LVU1419
 5853 00d0 3046     		mov	r0, r6
 5854 00d2 0021     		movs	r1, #0
 5855 00d4 8DF80730 		strb	r3, [sp, #7]
 5856              	.LVL464:
 124:../../libDaisy/src/dev/oled_ssd130x.h ****         spi_.BlockingTransmit(&cmd, 1);
ARM GAS  /tmp/ccuCWtjx.s 			page 160


 5857              		.loc 8 124 23 view .LVU1420
 5858              	.LBE1553:
 5859              	.LBI1552:
 122:../../libDaisy/src/dev/oled_ssd130x.h ****     {
 5860              		.loc 8 122 10 is_stmt 1 view .LVU1421
 5861              	.LBB1554:
 124:../../libDaisy/src/dev/oled_ssd130x.h ****         spi_.BlockingTransmit(&cmd, 1);
 5862              		.loc 8 124 9 view .LVU1422
 124:../../libDaisy/src/dev/oled_ssd130x.h ****         spi_.BlockingTransmit(&cmd, 1);
 5863              		.loc 8 124 23 is_stmt 0 view .LVU1423
 5864 00d8 FFF7FEFF 		bl	dsy_gpio_write
 5865              	.LVL465:
 125:../../libDaisy/src/dev/oled_ssd130x.h ****     };
 5866              		.loc 8 125 9 is_stmt 1 view .LVU1424
 125:../../libDaisy/src/dev/oled_ssd130x.h ****     };
 5867              		.loc 8 125 30 is_stmt 0 view .LVU1425
 5868 00dc 2A46     		mov	r2, r5
 5869 00de 0DF10701 		add	r1, sp, #7
 5870 00e2 6423     		movs	r3, #100
 5871 00e4 2046     		mov	r0, r4
 5872 00e6 FFF7FEFF 		bl	_ZN5daisy9SpiHandle16BlockingTransmitEPhjm
 5873              	.LVL466:
 125:../../libDaisy/src/dev/oled_ssd130x.h ****     };
 5874              		.loc 8 125 30 view .LVU1426
 5875 00ea DA23     		movs	r3, #218
 5876              	.LBE1554:
 5877              	.LBE1552:
 5878              	.LBB1555:
 5879              	.LBB1556:
 124:../../libDaisy/src/dev/oled_ssd130x.h ****         spi_.BlockingTransmit(&cmd, 1);
 5880              		.loc 8 124 23 view .LVU1427
 5881 00ec 3046     		mov	r0, r6
 5882 00ee 0021     		movs	r1, #0
 5883 00f0 8DF80730 		strb	r3, [sp, #7]
 5884              	.LVL467:
 124:../../libDaisy/src/dev/oled_ssd130x.h ****         spi_.BlockingTransmit(&cmd, 1);
 5885              		.loc 8 124 23 view .LVU1428
 5886              	.LBE1556:
 5887              	.LBI1555:
 122:../../libDaisy/src/dev/oled_ssd130x.h ****     {
 5888              		.loc 8 122 10 is_stmt 1 view .LVU1429
 5889              	.LBB1557:
 124:../../libDaisy/src/dev/oled_ssd130x.h ****         spi_.BlockingTransmit(&cmd, 1);
 5890              		.loc 8 124 9 view .LVU1430
 124:../../libDaisy/src/dev/oled_ssd130x.h ****         spi_.BlockingTransmit(&cmd, 1);
 5891              		.loc 8 124 23 is_stmt 0 view .LVU1431
 5892 00f4 FFF7FEFF 		bl	dsy_gpio_write
 5893              	.LVL468:
 125:../../libDaisy/src/dev/oled_ssd130x.h ****     };
 5894              		.loc 8 125 9 is_stmt 1 view .LVU1432
 125:../../libDaisy/src/dev/oled_ssd130x.h ****     };
 5895              		.loc 8 125 30 is_stmt 0 view .LVU1433
 5896 00f8 2A46     		mov	r2, r5
 5897 00fa 0DF10701 		add	r1, sp, #7
 5898 00fe 6423     		movs	r3, #100
 5899 0100 2046     		mov	r0, r4
 5900 0102 FFF7FEFF 		bl	_ZN5daisy9SpiHandle16BlockingTransmitEPhjm
ARM GAS  /tmp/ccuCWtjx.s 			page 161


 5901              	.LVL469:
 125:../../libDaisy/src/dev/oled_ssd130x.h ****     };
 5902              		.loc 8 125 30 view .LVU1434
 5903 0106 1223     		movs	r3, #18
 5904              	.LBE1557:
 5905              	.LBE1555:
 5906              	.LBB1558:
 5907              	.LBB1559:
 124:../../libDaisy/src/dev/oled_ssd130x.h ****         spi_.BlockingTransmit(&cmd, 1);
 5908              		.loc 8 124 23 view .LVU1435
 5909 0108 3046     		mov	r0, r6
 5910 010a 0021     		movs	r1, #0
 5911 010c 8DF80730 		strb	r3, [sp, #7]
 5912              	.LVL470:
 124:../../libDaisy/src/dev/oled_ssd130x.h ****         spi_.BlockingTransmit(&cmd, 1);
 5913              		.loc 8 124 23 view .LVU1436
 5914              	.LBE1559:
 5915              	.LBI1558:
 122:../../libDaisy/src/dev/oled_ssd130x.h ****     {
 5916              		.loc 8 122 10 is_stmt 1 view .LVU1437
 5917              	.LBB1560:
 124:../../libDaisy/src/dev/oled_ssd130x.h ****         spi_.BlockingTransmit(&cmd, 1);
 5918              		.loc 8 124 9 view .LVU1438
 124:../../libDaisy/src/dev/oled_ssd130x.h ****         spi_.BlockingTransmit(&cmd, 1);
 5919              		.loc 8 124 23 is_stmt 0 view .LVU1439
 5920 0110 FFF7FEFF 		bl	dsy_gpio_write
 5921              	.LVL471:
 125:../../libDaisy/src/dev/oled_ssd130x.h ****     };
 5922              		.loc 8 125 9 is_stmt 1 view .LVU1440
 125:../../libDaisy/src/dev/oled_ssd130x.h ****     };
 5923              		.loc 8 125 30 is_stmt 0 view .LVU1441
 5924 0114 2A46     		mov	r2, r5
 5925 0116 0DF10701 		add	r1, sp, #7
 5926 011a 6423     		movs	r3, #100
 5927 011c 2046     		mov	r0, r4
 5928 011e FFF7FEFF 		bl	_ZN5daisy9SpiHandle16BlockingTransmitEPhjm
 5929              	.LVL472:
 125:../../libDaisy/src/dev/oled_ssd130x.h ****     };
 5930              		.loc 8 125 30 view .LVU1442
 5931 0122 D323     		movs	r3, #211
 5932              	.LBE1560:
 5933              	.LBE1558:
 5934              	.LBB1561:
 5935              	.LBB1562:
 124:../../libDaisy/src/dev/oled_ssd130x.h ****         spi_.BlockingTransmit(&cmd, 1);
 5936              		.loc 8 124 23 view .LVU1443
 5937 0124 3046     		mov	r0, r6
 5938 0126 0021     		movs	r1, #0
 5939 0128 8DF80730 		strb	r3, [sp, #7]
 5940              	.LVL473:
 124:../../libDaisy/src/dev/oled_ssd130x.h ****         spi_.BlockingTransmit(&cmd, 1);
 5941              		.loc 8 124 23 view .LVU1444
 5942              	.LBE1562:
 5943              	.LBI1561:
 122:../../libDaisy/src/dev/oled_ssd130x.h ****     {
 5944              		.loc 8 122 10 is_stmt 1 view .LVU1445
 5945              	.LBB1563:
ARM GAS  /tmp/ccuCWtjx.s 			page 162


 124:../../libDaisy/src/dev/oled_ssd130x.h ****         spi_.BlockingTransmit(&cmd, 1);
 5946              		.loc 8 124 9 view .LVU1446
 124:../../libDaisy/src/dev/oled_ssd130x.h ****         spi_.BlockingTransmit(&cmd, 1);
 5947              		.loc 8 124 23 is_stmt 0 view .LVU1447
 5948 012c FFF7FEFF 		bl	dsy_gpio_write
 5949              	.LVL474:
 125:../../libDaisy/src/dev/oled_ssd130x.h ****     };
 5950              		.loc 8 125 9 is_stmt 1 view .LVU1448
 125:../../libDaisy/src/dev/oled_ssd130x.h ****     };
 5951              		.loc 8 125 30 is_stmt 0 view .LVU1449
 5952 0130 2A46     		mov	r2, r5
 5953 0132 6423     		movs	r3, #100
 5954 0134 0DF10701 		add	r1, sp, #7
 5955 0138 2046     		mov	r0, r4
 5956 013a FFF7FEFF 		bl	_ZN5daisy9SpiHandle16BlockingTransmitEPhjm
 5957              	.LVL475:
 125:../../libDaisy/src/dev/oled_ssd130x.h ****     };
 5958              		.loc 8 125 30 view .LVU1450
 5959              	.LBE1563:
 5960              	.LBE1561:
 5961              	.LBB1564:
 5962              	.LBB1565:
 124:../../libDaisy/src/dev/oled_ssd130x.h ****         spi_.BlockingTransmit(&cmd, 1);
 5963              		.loc 8 124 23 view .LVU1451
 5964 013e 3946     		mov	r1, r7
 5965 0140 3046     		mov	r0, r6
 5966 0142 8DF80770 		strb	r7, [sp, #7]
 5967              	.LVL476:
 124:../../libDaisy/src/dev/oled_ssd130x.h ****         spi_.BlockingTransmit(&cmd, 1);
 5968              		.loc 8 124 23 view .LVU1452
 5969              	.LBE1565:
 5970              	.LBI1564:
 122:../../libDaisy/src/dev/oled_ssd130x.h ****     {
 5971              		.loc 8 122 10 is_stmt 1 view .LVU1453
 5972              	.LBB1566:
 124:../../libDaisy/src/dev/oled_ssd130x.h ****         spi_.BlockingTransmit(&cmd, 1);
 5973              		.loc 8 124 9 view .LVU1454
 124:../../libDaisy/src/dev/oled_ssd130x.h ****         spi_.BlockingTransmit(&cmd, 1);
 5974              		.loc 8 124 23 is_stmt 0 view .LVU1455
 5975 0146 FFF7FEFF 		bl	dsy_gpio_write
 5976              	.LVL477:
 125:../../libDaisy/src/dev/oled_ssd130x.h ****     };
 5977              		.loc 8 125 9 is_stmt 1 view .LVU1456
 125:../../libDaisy/src/dev/oled_ssd130x.h ****     };
 5978              		.loc 8 125 30 is_stmt 0 view .LVU1457
 5979 014a 2A46     		mov	r2, r5
 5980 014c 0DF10701 		add	r1, sp, #7
 5981 0150 6423     		movs	r3, #100
 5982 0152 2046     		mov	r0, r4
 5983 0154 FFF7FEFF 		bl	_ZN5daisy9SpiHandle16BlockingTransmitEPhjm
 5984              	.LVL478:
 125:../../libDaisy/src/dev/oled_ssd130x.h ****     };
 5985              		.loc 8 125 30 view .LVU1458
 5986 0158 4023     		movs	r3, #64
 5987              	.LBE1566:
 5988              	.LBE1564:
 5989              	.LBB1567:
ARM GAS  /tmp/ccuCWtjx.s 			page 163


 5990              	.LBB1568:
 124:../../libDaisy/src/dev/oled_ssd130x.h ****         spi_.BlockingTransmit(&cmd, 1);
 5991              		.loc 8 124 23 view .LVU1459
 5992 015a 3946     		mov	r1, r7
 5993 015c 3046     		mov	r0, r6
 5994 015e 8DF80730 		strb	r3, [sp, #7]
 5995              	.LVL479:
 124:../../libDaisy/src/dev/oled_ssd130x.h ****         spi_.BlockingTransmit(&cmd, 1);
 5996              		.loc 8 124 23 view .LVU1460
 5997              	.LBE1568:
 5998              	.LBI1567:
 122:../../libDaisy/src/dev/oled_ssd130x.h ****     {
 5999              		.loc 8 122 10 is_stmt 1 view .LVU1461
 6000              	.LBB1569:
 124:../../libDaisy/src/dev/oled_ssd130x.h ****         spi_.BlockingTransmit(&cmd, 1);
 6001              		.loc 8 124 9 view .LVU1462
 124:../../libDaisy/src/dev/oled_ssd130x.h ****         spi_.BlockingTransmit(&cmd, 1);
 6002              		.loc 8 124 23 is_stmt 0 view .LVU1463
 6003 0162 FFF7FEFF 		bl	dsy_gpio_write
 6004              	.LVL480:
 125:../../libDaisy/src/dev/oled_ssd130x.h ****     };
 6005              		.loc 8 125 9 is_stmt 1 view .LVU1464
 125:../../libDaisy/src/dev/oled_ssd130x.h ****     };
 6006              		.loc 8 125 30 is_stmt 0 view .LVU1465
 6007 0166 2A46     		mov	r2, r5
 6008 0168 0DF10701 		add	r1, sp, #7
 6009 016c 6423     		movs	r3, #100
 6010 016e 2046     		mov	r0, r4
 6011 0170 FFF7FEFF 		bl	_ZN5daisy9SpiHandle16BlockingTransmitEPhjm
 6012              	.LVL481:
 125:../../libDaisy/src/dev/oled_ssd130x.h ****     };
 6013              		.loc 8 125 30 view .LVU1466
 6014 0174 A623     		movs	r3, #166
 6015              	.LBE1569:
 6016              	.LBE1567:
 6017              	.LBB1570:
 6018              	.LBB1571:
 124:../../libDaisy/src/dev/oled_ssd130x.h ****         spi_.BlockingTransmit(&cmd, 1);
 6019              		.loc 8 124 23 view .LVU1467
 6020 0176 3946     		mov	r1, r7
 6021 0178 3046     		mov	r0, r6
 6022 017a 8DF80730 		strb	r3, [sp, #7]
 6023              	.LVL482:
 124:../../libDaisy/src/dev/oled_ssd130x.h ****         spi_.BlockingTransmit(&cmd, 1);
 6024              		.loc 8 124 23 view .LVU1468
 6025              	.LBE1571:
 6026              	.LBI1570:
 122:../../libDaisy/src/dev/oled_ssd130x.h ****     {
 6027              		.loc 8 122 10 is_stmt 1 view .LVU1469
 6028              	.LBB1572:
 124:../../libDaisy/src/dev/oled_ssd130x.h ****         spi_.BlockingTransmit(&cmd, 1);
 6029              		.loc 8 124 9 view .LVU1470
 124:../../libDaisy/src/dev/oled_ssd130x.h ****         spi_.BlockingTransmit(&cmd, 1);
 6030              		.loc 8 124 23 is_stmt 0 view .LVU1471
 6031 017e FFF7FEFF 		bl	dsy_gpio_write
 6032              	.LVL483:
 125:../../libDaisy/src/dev/oled_ssd130x.h ****     };
ARM GAS  /tmp/ccuCWtjx.s 			page 164


 6033              		.loc 8 125 9 is_stmt 1 view .LVU1472
 125:../../libDaisy/src/dev/oled_ssd130x.h ****     };
 6034              		.loc 8 125 30 is_stmt 0 view .LVU1473
 6035 0182 2A46     		mov	r2, r5
 6036 0184 0DF10701 		add	r1, sp, #7
 6037 0188 6423     		movs	r3, #100
 6038 018a 2046     		mov	r0, r4
 6039 018c FFF7FEFF 		bl	_ZN5daisy9SpiHandle16BlockingTransmitEPhjm
 6040              	.LVL484:
 125:../../libDaisy/src/dev/oled_ssd130x.h ****     };
 6041              		.loc 8 125 30 view .LVU1474
 6042 0190 A423     		movs	r3, #164
 6043              	.LBE1572:
 6044              	.LBE1570:
 6045              	.LBB1573:
 6046              	.LBB1574:
 124:../../libDaisy/src/dev/oled_ssd130x.h ****         spi_.BlockingTransmit(&cmd, 1);
 6047              		.loc 8 124 23 view .LVU1475
 6048 0192 3946     		mov	r1, r7
 6049 0194 3046     		mov	r0, r6
 6050 0196 8DF80730 		strb	r3, [sp, #7]
 6051              	.LVL485:
 124:../../libDaisy/src/dev/oled_ssd130x.h ****         spi_.BlockingTransmit(&cmd, 1);
 6052              		.loc 8 124 23 view .LVU1476
 6053              	.LBE1574:
 6054              	.LBI1573:
 122:../../libDaisy/src/dev/oled_ssd130x.h ****     {
 6055              		.loc 8 122 10 is_stmt 1 view .LVU1477
 6056              	.LBB1575:
 124:../../libDaisy/src/dev/oled_ssd130x.h ****         spi_.BlockingTransmit(&cmd, 1);
 6057              		.loc 8 124 9 view .LVU1478
 124:../../libDaisy/src/dev/oled_ssd130x.h ****         spi_.BlockingTransmit(&cmd, 1);
 6058              		.loc 8 124 23 is_stmt 0 view .LVU1479
 6059 019a FFF7FEFF 		bl	dsy_gpio_write
 6060              	.LVL486:
 125:../../libDaisy/src/dev/oled_ssd130x.h ****     };
 6061              		.loc 8 125 9 is_stmt 1 view .LVU1480
 125:../../libDaisy/src/dev/oled_ssd130x.h ****     };
 6062              		.loc 8 125 30 is_stmt 0 view .LVU1481
 6063 019e 2A46     		mov	r2, r5
 6064 01a0 0DF10701 		add	r1, sp, #7
 6065 01a4 6423     		movs	r3, #100
 6066 01a6 2046     		mov	r0, r4
 6067 01a8 FFF7FEFF 		bl	_ZN5daisy9SpiHandle16BlockingTransmitEPhjm
 6068              	.LVL487:
 125:../../libDaisy/src/dev/oled_ssd130x.h ****     };
 6069              		.loc 8 125 30 view .LVU1482
 6070 01ac 8D23     		movs	r3, #141
 6071              	.LBE1575:
 6072              	.LBE1573:
 6073              	.LBB1576:
 6074              	.LBB1577:
 124:../../libDaisy/src/dev/oled_ssd130x.h ****         spi_.BlockingTransmit(&cmd, 1);
 6075              		.loc 8 124 23 view .LVU1483
 6076 01ae 3946     		mov	r1, r7
 6077 01b0 3046     		mov	r0, r6
 6078 01b2 8DF80730 		strb	r3, [sp, #7]
ARM GAS  /tmp/ccuCWtjx.s 			page 165


 6079              	.LVL488:
 124:../../libDaisy/src/dev/oled_ssd130x.h ****         spi_.BlockingTransmit(&cmd, 1);
 6080              		.loc 8 124 23 view .LVU1484
 6081              	.LBE1577:
 6082              	.LBI1576:
 122:../../libDaisy/src/dev/oled_ssd130x.h ****     {
 6083              		.loc 8 122 10 is_stmt 1 view .LVU1485
 6084              	.LBB1578:
 124:../../libDaisy/src/dev/oled_ssd130x.h ****         spi_.BlockingTransmit(&cmd, 1);
 6085              		.loc 8 124 9 view .LVU1486
 124:../../libDaisy/src/dev/oled_ssd130x.h ****         spi_.BlockingTransmit(&cmd, 1);
 6086              		.loc 8 124 23 is_stmt 0 view .LVU1487
 6087 01b6 FFF7FEFF 		bl	dsy_gpio_write
 6088              	.LVL489:
 125:../../libDaisy/src/dev/oled_ssd130x.h ****     };
 6089              		.loc 8 125 9 is_stmt 1 view .LVU1488
 125:../../libDaisy/src/dev/oled_ssd130x.h ****     };
 6090              		.loc 8 125 30 is_stmt 0 view .LVU1489
 6091 01ba 2A46     		mov	r2, r5
 6092 01bc 0DF10701 		add	r1, sp, #7
 6093 01c0 6423     		movs	r3, #100
 6094 01c2 2046     		mov	r0, r4
 6095 01c4 FFF7FEFF 		bl	_ZN5daisy9SpiHandle16BlockingTransmitEPhjm
 6096              	.LVL490:
 125:../../libDaisy/src/dev/oled_ssd130x.h ****     };
 6097              		.loc 8 125 30 view .LVU1490
 6098 01c8 1423     		movs	r3, #20
 6099              	.LBE1578:
 6100              	.LBE1576:
 6101              	.LBB1579:
 6102              	.LBB1580:
 124:../../libDaisy/src/dev/oled_ssd130x.h ****         spi_.BlockingTransmit(&cmd, 1);
 6103              		.loc 8 124 23 view .LVU1491
 6104 01ca 3946     		mov	r1, r7
 6105 01cc 3046     		mov	r0, r6
 6106 01ce 8DF80730 		strb	r3, [sp, #7]
 6107              	.LVL491:
 124:../../libDaisy/src/dev/oled_ssd130x.h ****         spi_.BlockingTransmit(&cmd, 1);
 6108              		.loc 8 124 23 view .LVU1492
 6109              	.LBE1580:
 6110              	.LBI1579:
 122:../../libDaisy/src/dev/oled_ssd130x.h ****     {
 6111              		.loc 8 122 10 is_stmt 1 view .LVU1493
 6112              	.LBB1581:
 124:../../libDaisy/src/dev/oled_ssd130x.h ****         spi_.BlockingTransmit(&cmd, 1);
 6113              		.loc 8 124 9 view .LVU1494
 124:../../libDaisy/src/dev/oled_ssd130x.h ****         spi_.BlockingTransmit(&cmd, 1);
 6114              		.loc 8 124 23 is_stmt 0 view .LVU1495
 6115 01d2 FFF7FEFF 		bl	dsy_gpio_write
 6116              	.LVL492:
 125:../../libDaisy/src/dev/oled_ssd130x.h ****     };
 6117              		.loc 8 125 9 is_stmt 1 view .LVU1496
 125:../../libDaisy/src/dev/oled_ssd130x.h ****     };
 6118              		.loc 8 125 30 is_stmt 0 view .LVU1497
 6119 01d6 2A46     		mov	r2, r5
 6120 01d8 0DF10701 		add	r1, sp, #7
 6121 01dc 6423     		movs	r3, #100
ARM GAS  /tmp/ccuCWtjx.s 			page 166


 6122 01de 2046     		mov	r0, r4
 6123 01e0 FFF7FEFF 		bl	_ZN5daisy9SpiHandle16BlockingTransmitEPhjm
 6124              	.LVL493:
 125:../../libDaisy/src/dev/oled_ssd130x.h ****     };
 6125              		.loc 8 125 30 view .LVU1498
 6126 01e4 A123     		movs	r3, #161
 6127              	.LBE1581:
 6128              	.LBE1579:
 6129              	.LBB1582:
 6130              	.LBB1583:
 124:../../libDaisy/src/dev/oled_ssd130x.h ****         spi_.BlockingTransmit(&cmd, 1);
 6131              		.loc 8 124 23 view .LVU1499
 6132 01e6 3946     		mov	r1, r7
 6133 01e8 3046     		mov	r0, r6
 6134 01ea 8DF80730 		strb	r3, [sp, #7]
 6135              	.LVL494:
 124:../../libDaisy/src/dev/oled_ssd130x.h ****         spi_.BlockingTransmit(&cmd, 1);
 6136              		.loc 8 124 23 view .LVU1500
 6137              	.LBE1583:
 6138              	.LBI1582:
 122:../../libDaisy/src/dev/oled_ssd130x.h ****     {
 6139              		.loc 8 122 10 is_stmt 1 view .LVU1501
 6140              	.LBB1584:
 124:../../libDaisy/src/dev/oled_ssd130x.h ****         spi_.BlockingTransmit(&cmd, 1);
 6141              		.loc 8 124 9 view .LVU1502
 124:../../libDaisy/src/dev/oled_ssd130x.h ****         spi_.BlockingTransmit(&cmd, 1);
 6142              		.loc 8 124 23 is_stmt 0 view .LVU1503
 6143 01ee FFF7FEFF 		bl	dsy_gpio_write
 6144              	.LVL495:
 125:../../libDaisy/src/dev/oled_ssd130x.h ****     };
 6145              		.loc 8 125 9 is_stmt 1 view .LVU1504
 125:../../libDaisy/src/dev/oled_ssd130x.h ****     };
 6146              		.loc 8 125 30 is_stmt 0 view .LVU1505
 6147 01f2 2A46     		mov	r2, r5
 6148 01f4 0DF10701 		add	r1, sp, #7
 6149 01f8 6423     		movs	r3, #100
 6150 01fa 2046     		mov	r0, r4
 6151 01fc FFF7FEFF 		bl	_ZN5daisy9SpiHandle16BlockingTransmitEPhjm
 6152              	.LVL496:
 125:../../libDaisy/src/dev/oled_ssd130x.h ****     };
 6153              		.loc 8 125 30 view .LVU1506
 6154 0200 C823     		movs	r3, #200
 6155              	.LBE1584:
 6156              	.LBE1582:
 6157              	.LBB1585:
 6158              	.LBB1586:
 124:../../libDaisy/src/dev/oled_ssd130x.h ****         spi_.BlockingTransmit(&cmd, 1);
 6159              		.loc 8 124 23 view .LVU1507
 6160 0202 3946     		mov	r1, r7
 6161 0204 3046     		mov	r0, r6
 6162 0206 8DF80730 		strb	r3, [sp, #7]
 6163              	.LVL497:
 124:../../libDaisy/src/dev/oled_ssd130x.h ****         spi_.BlockingTransmit(&cmd, 1);
 6164              		.loc 8 124 23 view .LVU1508
 6165              	.LBE1586:
 6166              	.LBI1585:
 122:../../libDaisy/src/dev/oled_ssd130x.h ****     {
ARM GAS  /tmp/ccuCWtjx.s 			page 167


 6167              		.loc 8 122 10 is_stmt 1 view .LVU1509
 6168              	.LBB1587:
 124:../../libDaisy/src/dev/oled_ssd130x.h ****         spi_.BlockingTransmit(&cmd, 1);
 6169              		.loc 8 124 9 view .LVU1510
 124:../../libDaisy/src/dev/oled_ssd130x.h ****         spi_.BlockingTransmit(&cmd, 1);
 6170              		.loc 8 124 23 is_stmt 0 view .LVU1511
 6171 020a FFF7FEFF 		bl	dsy_gpio_write
 6172              	.LVL498:
 125:../../libDaisy/src/dev/oled_ssd130x.h ****     };
 6173              		.loc 8 125 9 is_stmt 1 view .LVU1512
 125:../../libDaisy/src/dev/oled_ssd130x.h ****     };
 6174              		.loc 8 125 30 is_stmt 0 view .LVU1513
 6175 020e 2A46     		mov	r2, r5
 6176 0210 0DF10701 		add	r1, sp, #7
 6177 0214 6423     		movs	r3, #100
 6178 0216 2046     		mov	r0, r4
 6179 0218 FFF7FEFF 		bl	_ZN5daisy9SpiHandle16BlockingTransmitEPhjm
 6180              	.LVL499:
 125:../../libDaisy/src/dev/oled_ssd130x.h ****     };
 6181              		.loc 8 125 30 view .LVU1514
 6182 021c 8123     		movs	r3, #129
 6183              	.LBE1587:
 6184              	.LBE1585:
 6185              	.LBB1588:
 6186              	.LBB1589:
 124:../../libDaisy/src/dev/oled_ssd130x.h ****         spi_.BlockingTransmit(&cmd, 1);
 6187              		.loc 8 124 23 view .LVU1515
 6188 021e 3946     		mov	r1, r7
 6189 0220 3046     		mov	r0, r6
 6190 0222 8DF80730 		strb	r3, [sp, #7]
 6191              	.LVL500:
 124:../../libDaisy/src/dev/oled_ssd130x.h ****         spi_.BlockingTransmit(&cmd, 1);
 6192              		.loc 8 124 23 view .LVU1516
 6193              	.LBE1589:
 6194              	.LBI1588:
 122:../../libDaisy/src/dev/oled_ssd130x.h ****     {
 6195              		.loc 8 122 10 is_stmt 1 view .LVU1517
 6196              	.LBB1590:
 124:../../libDaisy/src/dev/oled_ssd130x.h ****         spi_.BlockingTransmit(&cmd, 1);
 6197              		.loc 8 124 9 view .LVU1518
 124:../../libDaisy/src/dev/oled_ssd130x.h ****         spi_.BlockingTransmit(&cmd, 1);
 6198              		.loc 8 124 23 is_stmt 0 view .LVU1519
 6199 0226 FFF7FEFF 		bl	dsy_gpio_write
 6200              	.LVL501:
 125:../../libDaisy/src/dev/oled_ssd130x.h ****     };
 6201              		.loc 8 125 9 is_stmt 1 view .LVU1520
 125:../../libDaisy/src/dev/oled_ssd130x.h ****     };
 6202              		.loc 8 125 30 is_stmt 0 view .LVU1521
 6203 022a 2A46     		mov	r2, r5
 6204 022c 0DF10701 		add	r1, sp, #7
 6205 0230 6423     		movs	r3, #100
 6206 0232 2046     		mov	r0, r4
 6207 0234 FFF7FEFF 		bl	_ZN5daisy9SpiHandle16BlockingTransmitEPhjm
 6208              	.LVL502:
 125:../../libDaisy/src/dev/oled_ssd130x.h ****     };
 6209              		.loc 8 125 30 view .LVU1522
 6210 0238 8F23     		movs	r3, #143
ARM GAS  /tmp/ccuCWtjx.s 			page 168


 6211              	.LBE1590:
 6212              	.LBE1588:
 6213              	.LBB1591:
 6214              	.LBB1592:
 124:../../libDaisy/src/dev/oled_ssd130x.h ****         spi_.BlockingTransmit(&cmd, 1);
 6215              		.loc 8 124 23 view .LVU1523
 6216 023a 3946     		mov	r1, r7
 6217 023c 3046     		mov	r0, r6
 6218 023e 8DF80730 		strb	r3, [sp, #7]
 6219              	.LVL503:
 124:../../libDaisy/src/dev/oled_ssd130x.h ****         spi_.BlockingTransmit(&cmd, 1);
 6220              		.loc 8 124 23 view .LVU1524
 6221              	.LBE1592:
 6222              	.LBI1591:
 122:../../libDaisy/src/dev/oled_ssd130x.h ****     {
 6223              		.loc 8 122 10 is_stmt 1 view .LVU1525
 6224              	.LBB1593:
 124:../../libDaisy/src/dev/oled_ssd130x.h ****         spi_.BlockingTransmit(&cmd, 1);
 6225              		.loc 8 124 9 view .LVU1526
 124:../../libDaisy/src/dev/oled_ssd130x.h ****         spi_.BlockingTransmit(&cmd, 1);
 6226              		.loc 8 124 23 is_stmt 0 view .LVU1527
 6227 0242 FFF7FEFF 		bl	dsy_gpio_write
 6228              	.LVL504:
 125:../../libDaisy/src/dev/oled_ssd130x.h ****     };
 6229              		.loc 8 125 9 is_stmt 1 view .LVU1528
 125:../../libDaisy/src/dev/oled_ssd130x.h ****     };
 6230              		.loc 8 125 30 is_stmt 0 view .LVU1529
 6231 0246 2A46     		mov	r2, r5
 6232 0248 0DF10701 		add	r1, sp, #7
 6233 024c 6423     		movs	r3, #100
 6234 024e 2046     		mov	r0, r4
 6235 0250 FFF7FEFF 		bl	_ZN5daisy9SpiHandle16BlockingTransmitEPhjm
 6236              	.LVL505:
 125:../../libDaisy/src/dev/oled_ssd130x.h ****     };
 6237              		.loc 8 125 30 view .LVU1530
 6238 0254 D923     		movs	r3, #217
 6239              	.LBE1593:
 6240              	.LBE1591:
 6241              	.LBB1594:
 6242              	.LBB1595:
 124:../../libDaisy/src/dev/oled_ssd130x.h ****         spi_.BlockingTransmit(&cmd, 1);
 6243              		.loc 8 124 23 view .LVU1531
 6244 0256 3946     		mov	r1, r7
 6245 0258 3046     		mov	r0, r6
 6246 025a 8DF80730 		strb	r3, [sp, #7]
 6247              	.LVL506:
 124:../../libDaisy/src/dev/oled_ssd130x.h ****         spi_.BlockingTransmit(&cmd, 1);
 6248              		.loc 8 124 23 view .LVU1532
 6249              	.LBE1595:
 6250              	.LBI1594:
 122:../../libDaisy/src/dev/oled_ssd130x.h ****     {
 6251              		.loc 8 122 10 is_stmt 1 view .LVU1533
 6252              	.LBB1596:
 124:../../libDaisy/src/dev/oled_ssd130x.h ****         spi_.BlockingTransmit(&cmd, 1);
 6253              		.loc 8 124 9 view .LVU1534
 124:../../libDaisy/src/dev/oled_ssd130x.h ****         spi_.BlockingTransmit(&cmd, 1);
 6254              		.loc 8 124 23 is_stmt 0 view .LVU1535
ARM GAS  /tmp/ccuCWtjx.s 			page 169


 6255 025e FFF7FEFF 		bl	dsy_gpio_write
 6256              	.LVL507:
 125:../../libDaisy/src/dev/oled_ssd130x.h ****     };
 6257              		.loc 8 125 9 is_stmt 1 view .LVU1536
 125:../../libDaisy/src/dev/oled_ssd130x.h ****     };
 6258              		.loc 8 125 30 is_stmt 0 view .LVU1537
 6259 0262 2A46     		mov	r2, r5
 6260 0264 0DF10701 		add	r1, sp, #7
 6261 0268 6423     		movs	r3, #100
 6262 026a 2046     		mov	r0, r4
 6263 026c FFF7FEFF 		bl	_ZN5daisy9SpiHandle16BlockingTransmitEPhjm
 6264              	.LVL508:
 125:../../libDaisy/src/dev/oled_ssd130x.h ****     };
 6265              		.loc 8 125 30 view .LVU1538
 6266 0270 2523     		movs	r3, #37
 6267              	.LBE1596:
 6268              	.LBE1594:
 6269              	.LBB1597:
 6270              	.LBB1598:
 124:../../libDaisy/src/dev/oled_ssd130x.h ****         spi_.BlockingTransmit(&cmd, 1);
 6271              		.loc 8 124 23 view .LVU1539
 6272 0272 3946     		mov	r1, r7
 6273 0274 3046     		mov	r0, r6
 6274 0276 8DF80730 		strb	r3, [sp, #7]
 6275              	.LVL509:
 124:../../libDaisy/src/dev/oled_ssd130x.h ****         spi_.BlockingTransmit(&cmd, 1);
 6276              		.loc 8 124 23 view .LVU1540
 6277              	.LBE1598:
 6278              	.LBI1597:
 122:../../libDaisy/src/dev/oled_ssd130x.h ****     {
 6279              		.loc 8 122 10 is_stmt 1 view .LVU1541
 6280              	.LBB1599:
 124:../../libDaisy/src/dev/oled_ssd130x.h ****         spi_.BlockingTransmit(&cmd, 1);
 6281              		.loc 8 124 9 view .LVU1542
 124:../../libDaisy/src/dev/oled_ssd130x.h ****         spi_.BlockingTransmit(&cmd, 1);
 6282              		.loc 8 124 23 is_stmt 0 view .LVU1543
 6283 027a FFF7FEFF 		bl	dsy_gpio_write
 6284              	.LVL510:
 125:../../libDaisy/src/dev/oled_ssd130x.h ****     };
 6285              		.loc 8 125 9 is_stmt 1 view .LVU1544
 125:../../libDaisy/src/dev/oled_ssd130x.h ****     };
 6286              		.loc 8 125 30 is_stmt 0 view .LVU1545
 6287 027e 2A46     		mov	r2, r5
 6288 0280 0DF10701 		add	r1, sp, #7
 6289 0284 6423     		movs	r3, #100
 6290 0286 2046     		mov	r0, r4
 6291 0288 FFF7FEFF 		bl	_ZN5daisy9SpiHandle16BlockingTransmitEPhjm
 6292              	.LVL511:
 125:../../libDaisy/src/dev/oled_ssd130x.h ****     };
 6293              		.loc 8 125 30 view .LVU1546
 6294 028c DB23     		movs	r3, #219
 6295              	.LBE1599:
 6296              	.LBE1597:
 6297              	.LBB1600:
 6298              	.LBB1601:
 124:../../libDaisy/src/dev/oled_ssd130x.h ****         spi_.BlockingTransmit(&cmd, 1);
 6299              		.loc 8 124 23 view .LVU1547
ARM GAS  /tmp/ccuCWtjx.s 			page 170


 6300 028e 3946     		mov	r1, r7
 6301 0290 3046     		mov	r0, r6
 6302 0292 8DF80730 		strb	r3, [sp, #7]
 6303              	.LVL512:
 124:../../libDaisy/src/dev/oled_ssd130x.h ****         spi_.BlockingTransmit(&cmd, 1);
 6304              		.loc 8 124 23 view .LVU1548
 6305              	.LBE1601:
 6306              	.LBI1600:
 122:../../libDaisy/src/dev/oled_ssd130x.h ****     {
 6307              		.loc 8 122 10 is_stmt 1 view .LVU1549
 6308              	.LBB1602:
 124:../../libDaisy/src/dev/oled_ssd130x.h ****         spi_.BlockingTransmit(&cmd, 1);
 6309              		.loc 8 124 9 view .LVU1550
 124:../../libDaisy/src/dev/oled_ssd130x.h ****         spi_.BlockingTransmit(&cmd, 1);
 6310              		.loc 8 124 23 is_stmt 0 view .LVU1551
 6311 0296 FFF7FEFF 		bl	dsy_gpio_write
 6312              	.LVL513:
 125:../../libDaisy/src/dev/oled_ssd130x.h ****     };
 6313              		.loc 8 125 9 is_stmt 1 view .LVU1552
 125:../../libDaisy/src/dev/oled_ssd130x.h ****     };
 6314              		.loc 8 125 30 is_stmt 0 view .LVU1553
 6315 029a 2A46     		mov	r2, r5
 6316 029c 0DF10701 		add	r1, sp, #7
 6317 02a0 6423     		movs	r3, #100
 6318 02a2 2046     		mov	r0, r4
 6319 02a4 FFF7FEFF 		bl	_ZN5daisy9SpiHandle16BlockingTransmitEPhjm
 6320              	.LVL514:
 125:../../libDaisy/src/dev/oled_ssd130x.h ****     };
 6321              		.loc 8 125 30 view .LVU1554
 6322 02a8 3423     		movs	r3, #52
 6323              	.LBE1602:
 6324              	.LBE1600:
 6325              	.LBB1603:
 6326              	.LBB1604:
 124:../../libDaisy/src/dev/oled_ssd130x.h ****         spi_.BlockingTransmit(&cmd, 1);
 6327              		.loc 8 124 23 view .LVU1555
 6328 02aa 3946     		mov	r1, r7
 6329 02ac 3046     		mov	r0, r6
 6330 02ae 8DF80730 		strb	r3, [sp, #7]
 6331              	.LVL515:
 124:../../libDaisy/src/dev/oled_ssd130x.h ****         spi_.BlockingTransmit(&cmd, 1);
 6332              		.loc 8 124 23 view .LVU1556
 6333              	.LBE1604:
 6334              	.LBI1603:
 122:../../libDaisy/src/dev/oled_ssd130x.h ****     {
 6335              		.loc 8 122 10 is_stmt 1 view .LVU1557
 6336              	.LBB1605:
 124:../../libDaisy/src/dev/oled_ssd130x.h ****         spi_.BlockingTransmit(&cmd, 1);
 6337              		.loc 8 124 9 view .LVU1558
 124:../../libDaisy/src/dev/oled_ssd130x.h ****         spi_.BlockingTransmit(&cmd, 1);
 6338              		.loc 8 124 23 is_stmt 0 view .LVU1559
 6339 02b2 FFF7FEFF 		bl	dsy_gpio_write
 6340              	.LVL516:
 125:../../libDaisy/src/dev/oled_ssd130x.h ****     };
 6341              		.loc 8 125 9 is_stmt 1 view .LVU1560
 125:../../libDaisy/src/dev/oled_ssd130x.h ****     };
 6342              		.loc 8 125 30 is_stmt 0 view .LVU1561
ARM GAS  /tmp/ccuCWtjx.s 			page 171


 6343 02b6 2A46     		mov	r2, r5
 6344 02b8 0DF10701 		add	r1, sp, #7
 6345 02bc 6423     		movs	r3, #100
 6346 02be 2046     		mov	r0, r4
 6347 02c0 FFF7FEFF 		bl	_ZN5daisy9SpiHandle16BlockingTransmitEPhjm
 6348              	.LVL517:
 125:../../libDaisy/src/dev/oled_ssd130x.h ****     };
 6349              		.loc 8 125 30 view .LVU1562
 6350 02c4 AF23     		movs	r3, #175
 6351              	.LBE1605:
 6352              	.LBE1603:
 6353              	.LBB1606:
 6354              	.LBB1607:
 124:../../libDaisy/src/dev/oled_ssd130x.h ****         spi_.BlockingTransmit(&cmd, 1);
 6355              		.loc 8 124 23 view .LVU1563
 6356 02c6 3946     		mov	r1, r7
 6357 02c8 3046     		mov	r0, r6
 6358 02ca 8DF80730 		strb	r3, [sp, #7]
 6359              	.LVL518:
 124:../../libDaisy/src/dev/oled_ssd130x.h ****         spi_.BlockingTransmit(&cmd, 1);
 6360              		.loc 8 124 23 view .LVU1564
 6361              	.LBE1607:
 6362              	.LBI1606:
 122:../../libDaisy/src/dev/oled_ssd130x.h ****     {
 6363              		.loc 8 122 10 is_stmt 1 view .LVU1565
 6364              	.LBB1608:
 124:../../libDaisy/src/dev/oled_ssd130x.h ****         spi_.BlockingTransmit(&cmd, 1);
 6365              		.loc 8 124 9 view .LVU1566
 124:../../libDaisy/src/dev/oled_ssd130x.h ****         spi_.BlockingTransmit(&cmd, 1);
 6366              		.loc 8 124 23 is_stmt 0 view .LVU1567
 6367 02ce FFF7FEFF 		bl	dsy_gpio_write
 6368              	.LVL519:
 125:../../libDaisy/src/dev/oled_ssd130x.h ****     };
 6369              		.loc 8 125 9 is_stmt 1 view .LVU1568
 125:../../libDaisy/src/dev/oled_ssd130x.h ****     };
 6370              		.loc 8 125 30 is_stmt 0 view .LVU1569
 6371 02d2 6423     		movs	r3, #100
 6372 02d4 2A46     		mov	r2, r5
 6373 02d6 0DF10701 		add	r1, sp, #7
 6374 02da 2046     		mov	r0, r4
 6375 02dc FFF7FEFF 		bl	_ZN5daisy9SpiHandle16BlockingTransmitEPhjm
 6376              	.LVL520:
 125:../../libDaisy/src/dev/oled_ssd130x.h ****     };
 6377              		.loc 8 125 30 view .LVU1570
 6378              	.LBE1608:
 6379              	.LBE1606:
 347:../../libDaisy/src/dev/oled_ssd130x.h **** 
 6380              		.loc 8 347 5 view .LVU1571
 6381 02e0 02B0     		add	sp, sp, #8
 6382              		.cfi_def_cfa_offset 40
 6383              		@ sp needed
 6384 02e2 BDE8F041 		pop	{r4, r5, r6, r7, r8, lr}
 6385              		.cfi_restore 14
 6386              		.cfi_restore 8
 6387              		.cfi_restore 7
 6388              		.cfi_restore 6
 6389              		.cfi_restore 5
ARM GAS  /tmp/ccuCWtjx.s 			page 172


 6390              		.cfi_restore 4
 6391              		.cfi_def_cfa_offset 16
 6392              	.LVL521:
 347:../../libDaisy/src/dev/oled_ssd130x.h **** 
 6393              		.loc 8 347 5 view .LVU1572
 6394 02e6 04B0     		add	sp, sp, #16
 6395              		.cfi_def_cfa_offset 0
 6396 02e8 7047     		bx	lr
 6397              		.cfi_endproc
 6398              	.LFE2435:
 6400 02ea 00BF     		.section	.rodata.main.str1.4,"aMS",%progbits,1
 6401              		.align	2
 6402              	.LC5:
 6403 0000 54657374 		.ascii	"Testing. . .\000"
 6403      696E672E 
 6403      202E202E 
 6403      00
 6404 000d 000000   		.align	2
 6405              	.LC6:
 6406 0010 44616973 		.ascii	"Daisy. . .\000"
 6406      792E202E 
 6406      202E00
 6407 001b 00       		.align	2
 6408              	.LC7:
 6409 001c 312E202E 		.ascii	"1. . .\000"
 6409      202E00
 6410 0023 00       		.align	2
 6411              	.LC8:
 6412 0024 322E202E 		.ascii	"2. . .\000"
 6412      202E00
 6413 002b 00       		.align	2
 6414              	.LC9:
 6415 002c 332E202E 		.ascii	"3. . .\000"
 6415      202E00
 6416              		.section	.text.startup.main,"ax",%progbits
 6417              		.align	1
 6418              		.p2align 2,,3
 6419              		.global	main
 6420              		.syntax unified
 6421              		.thumb
 6422              		.thumb_func
 6424              	main:
 6425              	.LFB2393:
   1:OLED.cpp      **** #include <stdio.h>
   2:OLED.cpp      **** #include <string.h>
   3:OLED.cpp      **** #include "daisy_seed.h"
   4:OLED.cpp      **** #include "dev/oled_ssd130x.h"
   5:OLED.cpp      **** 
   6:OLED.cpp      **** using namespace daisy;
   7:OLED.cpp      **** 
   8:OLED.cpp      **** /** Typedef the OledDisplay to make syntax cleaner below 
   9:OLED.cpp      ****  *  This is a 4Wire SPI Transport controlling an 128x64 sized SSDD1306
  10:OLED.cpp      ****  * 
  11:OLED.cpp      ****  *  There are several other premade test 
  12:OLED.cpp      **** */
  13:OLED.cpp      **** using MyOledDisplay = OledDisplay<SSD130x4WireSpi128x64Driver>;
  14:OLED.cpp      **** 
ARM GAS  /tmp/ccuCWtjx.s 			page 173


  15:OLED.cpp      **** DaisySeed     hw;
  16:OLED.cpp      **** MyOledDisplay display;
  17:OLED.cpp      **** 
  18:OLED.cpp      **** int main(void)
  19:OLED.cpp      **** {
 6426              		.loc 1 19 1 is_stmt 1 view -0
 6427              		.cfi_startproc
 6428              		@ args = 0, pretend = 0, frame = 200
 6429              		@ frame_needed = 0, uses_anonymous_args = 0
  20:OLED.cpp      ****     uint8_t message_idx;
 6430              		.loc 1 20 5 view .LVU1574
  21:OLED.cpp      ****     hw.Configure();
 6431              		.loc 1 21 5 view .LVU1575
  19:OLED.cpp      ****     uint8_t message_idx;
 6432              		.loc 1 19 1 is_stmt 0 view .LVU1576
 6433 0000 2DE9F04F 		push	{r4, r5, r6, r7, r8, r9, r10, fp, lr}
 6434              		.cfi_def_cfa_offset 36
 6435              		.cfi_offset 4, -36
 6436              		.cfi_offset 5, -32
 6437              		.cfi_offset 6, -28
 6438              		.cfi_offset 7, -24
 6439              		.cfi_offset 8, -20
 6440              		.cfi_offset 9, -16
 6441              		.cfi_offset 10, -12
 6442              		.cfi_offset 11, -8
 6443              		.cfi_offset 14, -4
 6444              		.loc 1 21 17 view .LVU1577
 6445 0004 A648     		ldr	r0, .L429
  19:OLED.cpp      ****     uint8_t message_idx;
 6446              		.loc 1 19 1 view .LVU1578
 6447 0006 BBB0     		sub	sp, sp, #236
 6448              		.cfi_def_cfa_offset 272
 6449              		.loc 1 21 17 view .LVU1579
 6450 0008 FFF7FEFF 		bl	_ZN5daisy9DaisySeed9ConfigureEv
 6451              	.LVL522:
  22:OLED.cpp      ****     hw.Init();
 6452              		.loc 1 22 5 is_stmt 1 view .LVU1580
 6453              		.loc 1 22 12 is_stmt 0 view .LVU1581
 6454 000c 0021     		movs	r1, #0
 6455 000e A448     		ldr	r0, .L429
 6456 0010 4FF00008 		mov	r8, #0
 6457 0014 FFF7FEFF 		bl	_ZN5daisy9DaisySeed4InitEb
 6458              	.LVL523:
  23:OLED.cpp      **** 
  24:OLED.cpp      ****     /** Configure the Display */
  25:OLED.cpp      ****     MyOledDisplay::Config disp_cfg;
 6459              		.loc 1 25 5 is_stmt 1 view .LVU1582
 6460              	.LBB1676:
 6461              	.LBI1676:
  20:../../libDaisy/src/hid/disp/oled_display.h ****     {
 6462              		.loc 7 20 12 view .LVU1583
 6463              	.LBB1677:
 6464              	.LBI1677:
 248:../../libDaisy/src/dev/oled_ssd130x.h ****     {
 6465              		.loc 8 248 12 view .LVU1584
 6466              	.LBB1678:
 6467              	.LBI1678:
ARM GAS  /tmp/ccuCWtjx.s 			page 174


  70:../../libDaisy/src/dev/oled_ssd130x.h ****         {
 6468              		.loc 8 70 9 view .LVU1585
 6469              	.LBB1679:
 6470              	.LBB1680:
 6471              	.LBI1680:
 6472              		.file 12 "../../libDaisy/src/per/spi.h"
   1:../../libDaisy/src/per/spi.h **** #pragma once
   2:../../libDaisy/src/per/spi.h **** #ifndef DSY_SPI_H
   3:../../libDaisy/src/per/spi.h **** #define DSY_SPI_H
   4:../../libDaisy/src/per/spi.h **** 
   5:../../libDaisy/src/per/spi.h **** #include "daisy_core.h"
   6:../../libDaisy/src/per/spi.h **** 
   7:../../libDaisy/src/per/spi.h **** /* TODO:
   8:../../libDaisy/src/per/spi.h **** - Add documentation
   9:../../libDaisy/src/per/spi.h **** - Add IT
  10:../../libDaisy/src/per/spi.h **** */
  11:../../libDaisy/src/per/spi.h **** 
  12:../../libDaisy/src/per/spi.h **** namespace daisy
  13:../../libDaisy/src/per/spi.h **** {
  14:../../libDaisy/src/per/spi.h **** /** @addtogroup serial
  15:../../libDaisy/src/per/spi.h **** @{
  16:../../libDaisy/src/per/spi.h **** */
  17:../../libDaisy/src/per/spi.h **** 
  18:../../libDaisy/src/per/spi.h **** /**  Handler for serial peripheral interface */
  19:../../libDaisy/src/per/spi.h **** class SpiHandle
  20:../../libDaisy/src/per/spi.h **** {
  21:../../libDaisy/src/per/spi.h ****   public:
  22:../../libDaisy/src/per/spi.h ****     struct Config
  23:../../libDaisy/src/per/spi.h ****     {
  24:../../libDaisy/src/per/spi.h ****         enum class Peripheral
  25:../../libDaisy/src/per/spi.h ****         {
  26:../../libDaisy/src/per/spi.h ****             SPI_1,
  27:../../libDaisy/src/per/spi.h ****             SPI_2,
  28:../../libDaisy/src/per/spi.h ****             SPI_3,
  29:../../libDaisy/src/per/spi.h ****             SPI_4,
  30:../../libDaisy/src/per/spi.h ****             SPI_5,
  31:../../libDaisy/src/per/spi.h ****             SPI_6,
  32:../../libDaisy/src/per/spi.h ****         };
  33:../../libDaisy/src/per/spi.h **** 
  34:../../libDaisy/src/per/spi.h ****         enum class Mode
  35:../../libDaisy/src/per/spi.h ****         {
  36:../../libDaisy/src/per/spi.h ****             MASTER,
  37:../../libDaisy/src/per/spi.h ****             SLAVE,
  38:../../libDaisy/src/per/spi.h ****         };
  39:../../libDaisy/src/per/spi.h **** 
  40:../../libDaisy/src/per/spi.h ****         enum class Direction
  41:../../libDaisy/src/per/spi.h ****         {
  42:../../libDaisy/src/per/spi.h ****             TWO_LINES,
  43:../../libDaisy/src/per/spi.h ****             TWO_LINES_TX_ONLY,
  44:../../libDaisy/src/per/spi.h ****             TWO_LINES_RX_ONLY,
  45:../../libDaisy/src/per/spi.h ****             ONE_LINE,
  46:../../libDaisy/src/per/spi.h ****         };
  47:../../libDaisy/src/per/spi.h **** 
  48:../../libDaisy/src/per/spi.h ****         enum class ClockPolarity
  49:../../libDaisy/src/per/spi.h ****         {
  50:../../libDaisy/src/per/spi.h ****             LOW,
  51:../../libDaisy/src/per/spi.h ****             HIGH,
ARM GAS  /tmp/ccuCWtjx.s 			page 175


  52:../../libDaisy/src/per/spi.h ****         };
  53:../../libDaisy/src/per/spi.h **** 
  54:../../libDaisy/src/per/spi.h ****         enum class ClockPhase
  55:../../libDaisy/src/per/spi.h ****         {
  56:../../libDaisy/src/per/spi.h ****             ONE_EDGE,
  57:../../libDaisy/src/per/spi.h ****             TWO_EDGE,
  58:../../libDaisy/src/per/spi.h ****         };
  59:../../libDaisy/src/per/spi.h **** 
  60:../../libDaisy/src/per/spi.h ****         enum class NSS
  61:../../libDaisy/src/per/spi.h ****         {
  62:../../libDaisy/src/per/spi.h ****             SOFT,
  63:../../libDaisy/src/per/spi.h ****             HARD_INPUT,
  64:../../libDaisy/src/per/spi.h ****             HARD_OUTPUT,
  65:../../libDaisy/src/per/spi.h ****         };
  66:../../libDaisy/src/per/spi.h **** 
  67:../../libDaisy/src/per/spi.h ****         enum class BaudPrescaler
  68:../../libDaisy/src/per/spi.h ****         {
  69:../../libDaisy/src/per/spi.h ****             PS_2,
  70:../../libDaisy/src/per/spi.h ****             PS_4,
  71:../../libDaisy/src/per/spi.h ****             PS_8,
  72:../../libDaisy/src/per/spi.h ****             PS_16,
  73:../../libDaisy/src/per/spi.h ****             PS_32,
  74:../../libDaisy/src/per/spi.h ****             PS_64,
  75:../../libDaisy/src/per/spi.h ****             PS_128,
  76:../../libDaisy/src/per/spi.h ****             PS_256,
  77:../../libDaisy/src/per/spi.h ****         };
  78:../../libDaisy/src/per/spi.h **** 
  79:../../libDaisy/src/per/spi.h ****         struct
  80:../../libDaisy/src/per/spi.h ****         {
  81:../../libDaisy/src/per/spi.h ****             dsy_gpio_pin sclk; /**< & */
  82:../../libDaisy/src/per/spi.h ****             dsy_gpio_pin miso; /**< & */
  83:../../libDaisy/src/per/spi.h ****             dsy_gpio_pin mosi; /**< & */
  84:../../libDaisy/src/per/spi.h ****             dsy_gpio_pin nss;  /**< & */
  85:../../libDaisy/src/per/spi.h ****         } pin_config;
  86:../../libDaisy/src/per/spi.h **** 
  87:../../libDaisy/src/per/spi.h ****         Config()
 6473              		.loc 12 87 9 view .LVU1586
  88:../../libDaisy/src/per/spi.h ****         {
  89:../../libDaisy/src/per/spi.h ****             // user must specify periph, mode, direction, nss, and pin_config
  90:../../libDaisy/src/per/spi.h ****             datasize       = 8;
 6474              		.loc 12 90 13 view .LVU1587
  91:../../libDaisy/src/per/spi.h ****             clock_polarity = ClockPolarity::LOW;
 6475              		.loc 12 91 13 view .LVU1588
  92:../../libDaisy/src/per/spi.h ****             clock_phase    = ClockPhase::ONE_EDGE;
 6476              		.loc 12 92 13 view .LVU1589
  93:../../libDaisy/src/per/spi.h ****             baud_prescaler = BaudPrescaler::PS_8;
 6477              		.loc 12 93 13 view .LVU1590
 6478              		.loc 12 93 13 is_stmt 0 view .LVU1591
 6479              	.LBE1680:
 6480              	.LBE1679:
  73:../../libDaisy/src/dev/oled_ssd130x.h ****         }
 6481              		.loc 8 73 13 is_stmt 1 view .LVU1592
 6482              	.LBB1685:
 6483              	.LBB1681:
 6484              	.LBI1681:
  81:../../libDaisy/src/dev/oled_ssd130x.h ****         {
 6485              		.loc 8 81 14 view .LVU1593
ARM GAS  /tmp/ccuCWtjx.s 			page 176


 6486              	.LBB1682:
  84:../../libDaisy/src/dev/oled_ssd130x.h ****             spi_config.mode   = SpiHandle::Config::Mode::MASTER;
 6487              		.loc 8 84 13 view .LVU1594
  85:../../libDaisy/src/dev/oled_ssd130x.h ****             spi_config.direction
 6488              		.loc 8 85 13 view .LVU1595
  86:../../libDaisy/src/dev/oled_ssd130x.h ****                 = SpiHandle::Config::Direction::TWO_LINES_TX_ONLY;
 6489              		.loc 8 86 13 view .LVU1596
  88:../../libDaisy/src/dev/oled_ssd130x.h ****             spi_config.clock_polarity = SpiHandle::Config::ClockPolarity::LOW;
 6490              		.loc 8 88 13 view .LVU1597
  89:../../libDaisy/src/dev/oled_ssd130x.h ****             spi_config.clock_phase    = SpiHandle::Config::ClockPhase::ONE_EDGE;
 6491              		.loc 8 89 13 view .LVU1598
  90:../../libDaisy/src/dev/oled_ssd130x.h ****             spi_config.nss            = SpiHandle::Config::NSS::HARD_OUTPUT;
 6492              		.loc 8 90 13 view .LVU1599
  91:../../libDaisy/src/dev/oled_ssd130x.h ****             spi_config.baud_prescaler = SpiHandle::Config::BaudPrescaler::PS_8;
 6493              		.loc 8 91 13 view .LVU1600
  92:../../libDaisy/src/dev/oled_ssd130x.h ****             // SPI pin config
 6494              		.loc 8 92 13 view .LVU1601
  94:../../libDaisy/src/dev/oled_ssd130x.h ****             spi_config.pin_config.miso = {DSY_GPIOX, 0};
 6495              		.loc 8 94 13 view .LVU1602
  94:../../libDaisy/src/dev/oled_ssd130x.h ****             spi_config.pin_config.miso = {DSY_GPIOX, 0};
 6496              		.loc 8 94 40 is_stmt 0 view .LVU1603
 6497 0018 40F60632 		movw	r2, #2822
  96:../../libDaisy/src/dev/oled_ssd130x.h ****             spi_config.pin_config.nss  = {DSY_GPIOG, 10};
 6498              		.loc 8 96 40 view .LVU1604
 6499 001c A14B     		ldr	r3, .L429+4
 6500              	.LBE1682:
 6501              	.LBE1681:
 6502              	.LBE1685:
 6503              	.LBE1678:
 6504              	.LBE1677:
 6505              	.LBE1676:
  26:OLED.cpp      ****     disp_cfg.driver_config.transport_config.pin_config.dc    = hw.GetPin(10);
 6506              		.loc 1 26 73 view .LVU1605
 6507 001e 0A20     		movs	r0, #10
 6508              	.LBB1689:
 6509              	.LBB1688:
 6510              	.LBB1687:
 6511              	.LBB1686:
 6512              	.LBB1684:
 6513              	.LBB1683:
  94:../../libDaisy/src/dev/oled_ssd130x.h ****             spi_config.pin_config.miso = {DSY_GPIOX, 0};
 6514              		.loc 8 94 40 view .LVU1606
 6515 0020 ADF83C20 		strh	r2, [sp, #60]	@ movhi
  95:../../libDaisy/src/dev/oled_ssd130x.h ****             spi_config.pin_config.mosi = {DSY_GPIOB, 5};
 6516              		.loc 8 95 13 is_stmt 1 view .LVU1607
 6517              	.LVL524:
  96:../../libDaisy/src/dev/oled_ssd130x.h ****             spi_config.pin_config.nss  = {DSY_GPIOG, 10};
 6518              		.loc 8 96 13 view .LVU1608
  97:../../libDaisy/src/dev/oled_ssd130x.h ****             // SSD130x control pin config
 6519              		.loc 8 97 13 view .LVU1609
 6520 0024 0FAD     		add	r5, sp, #60
 6521              	.LVL525:
  96:../../libDaisy/src/dev/oled_ssd130x.h ****             spi_config.pin_config.nss  = {DSY_GPIOG, 10};
 6522              		.loc 8 96 40 is_stmt 0 view .LVU1610
 6523 0026 1093     		str	r3, [sp, #64]
  99:../../libDaisy/src/dev/oled_ssd130x.h ****             pin_config.reset = {DSY_GPIOB, 15};
 6524              		.loc 8 99 13 is_stmt 1 view .LVU1611
ARM GAS  /tmp/ccuCWtjx.s 			page 177


 100:../../libDaisy/src/dev/oled_ssd130x.h ****         }
 6525              		.loc 8 100 13 view .LVU1612
 6526              	.LVL526:
 100:../../libDaisy/src/dev/oled_ssd130x.h ****         }
 6527              		.loc 8 100 13 is_stmt 0 view .LVU1613
 6528              	.LBE1683:
 6529              	.LBE1684:
 6530              	.LBE1686:
 6531              	.LBE1687:
 6532              	.LBE1688:
 6533              	.LBE1689:
 6534              		.loc 1 26 5 is_stmt 1 view .LVU1614
 6535              		.loc 1 26 73 is_stmt 0 view .LVU1615
 6536 0028 FFF7FEFF 		bl	_ZN5daisy9DaisySeed6GetPinEh
 6537              	.LVL527:
 6538 002c 0346     		mov	r3, r0	@ movhi
  27:OLED.cpp      ****     disp_cfg.driver_config.transport_config.pin_config.reset = hw.GetPin(30);
 6539              		.loc 1 27 73 view .LVU1616
 6540 002e 1E20     		movs	r0, #30
 6541 0030 1AAC     		add	r4, sp, #104
 6542              	.LBB1690:
 6543              	.LBB1691:
  25:../../libDaisy/src/hid/disp/oled_display.h **** 
 6544              		.loc 7 25 44 view .LVU1617
 6545 0032 1DAF     		add	r7, sp, #116
 6546              	.LBE1691:
 6547              	.LBE1690:
  26:OLED.cpp      ****     disp_cfg.driver_config.transport_config.pin_config.reset = hw.GetPin(30);
 6548              		.loc 1 26 73 view .LVU1618
 6549 0034 ADF86430 		strh	r3, [sp, #100]	@ movhi
 6550              		.loc 1 27 5 is_stmt 1 view .LVU1619
 6551              		.loc 1 27 73 is_stmt 0 view .LVU1620
 6552 0038 FFF7FEFF 		bl	_ZN5daisy9DaisySeed6GetPinEh
 6553              	.LVL528:
 6554 003c 0223     		movs	r3, #2
 6555 003e 0B22     		movs	r2, #11
 6556 0040 0121     		movs	r1, #1
 6557 0042 CDF85480 		str	r8, [sp, #84]
 6558 0046 CDF85880 		str	r8, [sp, #88]
 6559              	.LBB1694:
 6560              	.LBB1692:
  25:../../libDaisy/src/hid/disp/oled_display.h **** 
 6561              		.loc 7 25 44 view .LVU1621
 6562 004a 6E46     		mov	r6, sp
 6563 004c 1391     		str	r1, [sp, #76]
 6564              	.LBE1692:
 6565              	.LBE1694:
 6566              		.loc 1 27 73 view .LVU1622
 6567 004e ADF86600 		strh	r0, [sp, #102]	@ movhi
  28:OLED.cpp      ****     /** And Initialize */
  29:OLED.cpp      ****     display.Init(disp_cfg);
 6568              		.loc 1 29 5 is_stmt 1 view .LVU1623
 6569              	.LVL529:
 6570              		.loc 1 29 5 is_stmt 0 view .LVU1624
 6571 0052 ADF83E20 		strh	r2, [sp, #62]	@ movhi
 6572 0056 DFF878B2 		ldr	fp, .L429+48
 6573 005a CDE91733 		strd	r3, r3, [sp, #92]
ARM GAS  /tmp/ccuCWtjx.s 			page 178


 6574 005e 0823     		movs	r3, #8
 6575 0060 CDE91188 		strd	r8, r8, [sp, #68]
 6576 0064 1493     		str	r3, [sp, #80]
 6577 0066 0FCD     		ldmia	r5!, {r0, r1, r2, r3}
 6578 0068 0FC4     		stmia	r4!, {r0, r1, r2, r3}
 6579 006a 0FCD     		ldmia	r5!, {r0, r1, r2, r3}
 6580 006c 0FC4     		stmia	r4!, {r0, r1, r2, r3}
 6581 006e 95E80700 		ldm	r5, {r0, r1, r2}
 6582 0072 84E80700 		stm	r4, {r0, r1, r2}
 6583              	.LBB1695:
 6584              	.LBI1690:
  25:../../libDaisy/src/hid/disp/oled_display.h **** 
 6585              		.loc 7 25 10 is_stmt 1 view .LVU1625
 6586              	.LBB1693:
  25:../../libDaisy/src/hid/disp/oled_display.h **** 
 6587              		.loc 7 25 44 is_stmt 0 view .LVU1626
 6588 0076 0FCF     		ldmia	r7!, {r0, r1, r2, r3}
 6589 0078 0FC6     		stmia	r6!, {r0, r1, r2, r3}
 6590 007a 97E80F00 		ldm	r7, {r0, r1, r2, r3}
 6591 007e 86E80F00 		stm	r6, {r0, r1, r2, r3}
 6592 0082 1AAB     		add	r3, sp, #104
 6593 0084 4546     		mov	r5, r8
 6594 0086 8848     		ldr	r0, .L429+8
 6595 0088 0ECB     		ldm	r3, {r1, r2, r3}
 6596 008a FFF7FEFF 		bl	_ZN5daisy13SSD130xDriverILj128ELj64ENS_24SSD130x4WireSpiTransportEE4InitENS2_6ConfigE
 6597              	.LVL530:
  25:../../libDaisy/src/hid/disp/oled_display.h **** 
 6598              		.loc 7 25 44 view .LVU1627
 6599              	.LBE1693:
 6600              	.LBE1695:
  30:OLED.cpp      **** 
  31:OLED.cpp      ****     message_idx = 0;
 6601              		.loc 1 31 5 is_stmt 1 view .LVU1628
 6602              	.L412:
  32:OLED.cpp      ****     char strbuff[128];
 6603              		.loc 1 32 5 view .LVU1629
  33:OLED.cpp      ****     while(1)
 6604              		.loc 1 33 5 view .LVU1630
  34:OLED.cpp      ****     {
  35:OLED.cpp      ****         System::Delay(500);
 6605              		.loc 1 35 9 view .LVU1631
 6606              		.loc 1 35 22 is_stmt 0 view .LVU1632
 6607 008e 4FF4FA70 		mov	r0, #500
 6608 0092 FFF7FEFF 		bl	_ZN5daisy6System5DelayEm
 6609              	.LVL531:
  36:OLED.cpp      ****         switch(message_idx)
 6610              		.loc 1 36 9 is_stmt 1 view .LVU1633
 6611 0096 6B1E     		subs	r3, r5, #1
 6612 0098 032B     		cmp	r3, #3
 6613 009a 00F2FA80 		bhi	.L391
 6614 009e DFE813F0 		tbh	[pc, r3, lsl #1]
 6615              	.L393:
 6616 00a2 E700     		.2byte	(.L396-.L393)/2
 6617 00a4 E500     		.2byte	(.L395-.L393)/2
 6618 00a6 E300     		.2byte	(.L394-.L393)/2
 6619 00a8 0400     		.2byte	(.L392-.L393)/2
 6620              		.p2align 1
ARM GAS  /tmp/ccuCWtjx.s 			page 179


 6621              	.L392:
  37:OLED.cpp      ****         {
  38:OLED.cpp      ****             case 0: sprintf(strbuff, "Testing. . ."); break;
  39:OLED.cpp      ****             case 1: sprintf(strbuff, "Daisy. . ."); break;
  40:OLED.cpp      ****             case 2: sprintf(strbuff, "1. . ."); break;
  41:OLED.cpp      ****             case 3: sprintf(strbuff, "2. . ."); break;
  42:OLED.cpp      ****             case 4: sprintf(strbuff, "3. . ."); break;
 6622              		.loc 1 42 13 view .LVU1634
 6623              		.loc 1 42 21 view .LVU1635
 6624              		.loc 1 42 28 is_stmt 0 view .LVU1636
 6625 00aa 804B     		ldr	r3, .L429+12
 6626              	.L426:
 6627 00ac 93E80300 		ldm	r3, {r0, r1}
 6628 00b0 ADF86C10 		strh	r1, [sp, #108]	@ movhi
 6629 00b4 090C     		lsrs	r1, r1, #16
 6630 00b6 1A90     		str	r0, [sp, #104]
 6631 00b8 8DF86E10 		strb	r1, [sp, #110]
 6632              		.loc 1 42 49 is_stmt 1 discriminator 1 view .LVU1637
 6633              	.L397:
  43:OLED.cpp      ****             default: break;
  44:OLED.cpp      ****         }
  45:OLED.cpp      ****         message_idx = (message_idx + 1) % 5;
 6634              		.loc 1 45 9 view .LVU1638
 6635              		.loc 1 45 36 is_stmt 0 view .LVU1639
 6636 00bc 6B1C     		adds	r3, r5, #1
 6637              		.loc 1 45 41 view .LVU1640
 6638 00be 7C4C     		ldr	r4, .L429+16
 6639              	.LBB1696:
 6640              	.LBB1697:
 6641              	.LBB1698:
 366:../../libDaisy/src/dev/oled_ssd130x.h ****         }
 6642              		.loc 8 366 24 discriminator 4 view .LVU1641
 6643 00c0 FF21     		movs	r1, #255
 6644 00c2 7C48     		ldr	r0, .L429+20
 6645              	.LBE1698:
 6646              	.LBE1697:
 6647              	.LBE1696:
 6648              		.loc 1 45 36 view .LVU1642
 6649 00c4 DBB2     		uxtb	r3, r3
 6650              		.loc 1 45 41 view .LVU1643
 6651 00c6 A4FB0324 		umull	r2, r4, r4, r3
 6652              	.LBB1703:
 6653              	.LBB1701:
 6654              	.LBB1699:
 366:../../libDaisy/src/dev/oled_ssd130x.h ****         }
 6655              		.loc 8 366 24 discriminator 4 view .LVU1644
 6656 00ca 4FF48062 		mov	r2, #1024
 6657              	.LBE1699:
 6658              	.LBE1701:
 6659              	.LBE1703:
 6660              		.loc 1 45 41 view .LVU1645
 6661 00ce 04F0FC05 		and	r5, r4, #252
 6662              	.LVL532:
 6663              		.loc 1 45 41 view .LVU1646
 6664 00d2 05EB9404 		add	r4, r5, r4, lsr #2
 6665 00d6 1B1B     		subs	r3, r3, r4
 6666              		.loc 1 45 21 view .LVU1647
ARM GAS  /tmp/ccuCWtjx.s 			page 180


 6667 00d8 DDB2     		uxtb	r5, r3
 6668              	.LVL533:
  46:OLED.cpp      ****         display.Fill(true);
 6669              		.loc 1 46 9 is_stmt 1 view .LVU1648
 6670              	.LBB1704:
 6671              	.LBI1696:
  34:../../libDaisy/src/hid/disp/oled_display.h **** 
 6672              		.loc 7 34 10 view .LVU1649
 6673              	.LBB1702:
 6674              	.LBI1697:
 362:../../libDaisy/src/dev/oled_ssd130x.h ****     {
 6675              		.loc 8 362 10 view .LVU1650
 6676              	.LBB1700:
 364:../../libDaisy/src/dev/oled_ssd130x.h ****         {
 6677              		.loc 8 364 29 discriminator 1 view .LVU1651
 366:../../libDaisy/src/dev/oled_ssd130x.h ****         }
 6678              		.loc 8 366 24 is_stmt 0 discriminator 4 view .LVU1652
 6679 00da FFF7FEFF 		bl	memset
 6680              	.LVL534:
 366:../../libDaisy/src/dev/oled_ssd130x.h ****         }
 6681              		.loc 8 366 24 discriminator 4 view .LVU1653
 6682              	.LBE1700:
 6683              	.LBE1702:
 6684              	.LBE1704:
  47:OLED.cpp      ****         display.SetCursor(0, 0);
 6685              		.loc 1 47 9 is_stmt 1 view .LVU1654
 6686              	.LBB1705:
 6687              	.LBI1705:
 171:../../libDaisy/src/hid/disp/display.h ****     {
 6688              		.loc 9 171 10 view .LVU1655
 6689              	.LBB1706:
 173:../../libDaisy/src/hid/disp/display.h ****         currentY_ = (y >= Height()) ? Height() - 1 : y;
 6690              		.loc 9 173 9 view .LVU1656
 174:../../libDaisy/src/hid/disp/display.h ****     }
 6691              		.loc 9 174 9 view .LVU1657
 173:../../libDaisy/src/hid/disp/display.h ****         currentY_ = (y >= Height()) ? Height() - 1 : y;
 6692              		.loc 9 173 19 is_stmt 0 discriminator 4 view .LVU1658
 6693 00de 0023     		movs	r3, #0
 6694 00e0 754A     		ldr	r2, .L429+24
 6695 00e2 CBF80430 		str	r3, [fp, #4]
 6696              	.LVL535:
 173:../../libDaisy/src/hid/disp/display.h ****         currentY_ = (y >= Height()) ? Height() - 1 : y;
 6697              		.loc 9 173 19 discriminator 4 view .LVU1659
 6698              	.LBE1706:
 6699              	.LBE1705:
  48:OLED.cpp      ****         display.WriteString(strbuff, Font_11x18, false);
 6700              		.loc 1 48 9 is_stmt 1 view .LVU1660
 6701              	.LBB1707:
 6702              	.LBB1708:
 443:../../libDaisy/src/hid/disp/display.h ****         {
 6703              		.loc 9 443 9 is_stmt 0 view .LVU1661
 6704 00e6 9DF86830 		ldrb	r3, [sp, #104]	@ zero_extendqisi2
 6705 00ea 92F800A0 		ldrb	r10, [r2]	@ zero_extendqisi2
 6706              	.LVL536:
 443:../../libDaisy/src/hid/disp/display.h ****         {
 6707              		.loc 9 443 9 view .LVU1662
 6708 00ee 5178     		ldrb	r1, [r2, #1]	@ zero_extendqisi2
ARM GAS  /tmp/ccuCWtjx.s 			page 181


 6709              	.LVL537:
 443:../../libDaisy/src/hid/disp/display.h ****         {
 6710              		.loc 9 443 9 view .LVU1663
 6711 00f0 5768     		ldr	r7, [r2, #4]
 6712              	.LVL538:
 443:../../libDaisy/src/hid/disp/display.h ****         {
 6713              		.loc 9 443 9 view .LVU1664
 6714              	.LBE1708:
 6715              	.LBI1707:
 440:../../libDaisy/src/hid/disp/display.h ****     {
 6716              		.loc 9 440 10 is_stmt 1 view .LVU1665
 6717              	.LBB1756:
 443:../../libDaisy/src/hid/disp/display.h ****         {
 6718              		.loc 9 443 9 view .LVU1666
 6719 00f2 002B     		cmp	r3, #0
 6720 00f4 7DD0     		beq	.L399
 6721 00f6 1AAC     		add	r4, sp, #104
 6722              	.LVL539:
 443:../../libDaisy/src/hid/disp/display.h ****         {
 6723              		.loc 9 443 9 is_stmt 0 view .LVU1667
 6724 00f8 B946     		mov	r9, r7
 6725 00fa 2746     		mov	r7, r4
 6726              	.LVL540:
 6727              	.L398:
 6728              	.LBB1709:
 6729              	.LBI1709:
 396:../../libDaisy/src/hid/disp/display.h ****     {
 6730              		.loc 9 396 10 is_stmt 1 view .LVU1668
 6731              	.LBB1710:
 401:../../libDaisy/src/hid/disp/display.h ****             return 0;
 6732              		.loc 9 401 20 is_stmt 0 view .LVU1669
 6733 00fc 203B     		subs	r3, r3, #32
 6734              	.LVL541:
 401:../../libDaisy/src/hid/disp/display.h ****             return 0;
 6735              		.loc 9 401 9 view .LVU1670
 6736 00fe DAB2     		uxtb	r2, r3
 6737 0100 5E2A     		cmp	r2, #94
 6738 0102 76D8     		bhi	.L399
 405:../../libDaisy/src/hid/disp/display.h ****            || Height() < (currentY_ + font.FontHeight))
 6739              		.loc 9 405 23 discriminator 1 view .LVU1671
 6740 0104 BBF804E0 		ldrh	lr, [fp, #4]
 405:../../libDaisy/src/hid/disp/display.h ****            || Height() < (currentY_ + font.FontHeight))
 6741              		.loc 9 405 33 discriminator 1 view .LVU1672
 6742 0108 0EEB0A04 		add	r4, lr, r10
 406:../../libDaisy/src/hid/disp/display.h ****         {
 6743              		.loc 9 406 12 view .LVU1673
 6744 010c 802C     		cmp	r4, #128
 6745 010e 70DC     		bgt	.L399
 406:../../libDaisy/src/hid/disp/display.h ****         {
 6746              		.loc 9 406 27 discriminator 1 view .LVU1674
 6747 0110 BBF80620 		ldrh	r2, [fp, #6]
 406:../../libDaisy/src/hid/disp/display.h ****         {
 6748              		.loc 9 406 37 discriminator 1 view .LVU1675
 6749 0114 5018     		adds	r0, r2, r1
 406:../../libDaisy/src/hid/disp/display.h ****         {
 6750              		.loc 9 406 12 discriminator 1 view .LVU1676
 6751 0116 4028     		cmp	r0, #64
ARM GAS  /tmp/ccuCWtjx.s 			page 182


 6752 0118 6BDC     		bgt	.L399
 6753              	.LVL542:
 413:../../libDaisy/src/hid/disp/display.h ****         {
 6754              		.loc 9 413 22 is_stmt 1 discriminator 1 view .LVU1677
 6755 011a 0029     		cmp	r1, #0
 6756 011c 5AD0     		beq	.L405
 6757 011e 6FF00046 		mvn	r6, #-2147483648
 6758 0122 A9F10208 		sub	r8, r9, #2
 6759 0126 1046     		mov	r0, r2
 6760 0128 01FB0366 		mla	r6, r1, r3, r6
 6761 012c 01FB0313 		mla	r3, r1, r3, r1
 6762              	.LVL543:
 413:../../libDaisy/src/hid/disp/display.h ****         {
 6763              		.loc 9 413 22 is_stmt 0 discriminator 1 view .LVU1678
 6764 0130 09EB4606 		add	r6, r9, r6, lsl #1
 6765 0134 08EB4308 		add	r8, r8, r3, lsl #1
 415:../../libDaisy/src/hid/disp/display.h ****             for(j = 0; j < font.FontWidth; j++)
 6766              		.loc 9 415 58 view .LVU1679
 6767 0138 06F1020C 		add	ip, r6, #2
 415:../../libDaisy/src/hid/disp/display.h ****             for(j = 0; j < font.FontWidth; j++)
 6768              		.loc 9 415 15 view .LVU1680
 6769 013c 7688     		ldrh	r6, [r6, #2]
 6770              	.LVL544:
 416:../../libDaisy/src/hid/disp/display.h ****             {
 6771              		.loc 9 416 26 is_stmt 1 discriminator 1 view .LVU1681
 6772 013e BAF1000F 		cmp	r10, #0
 6773 0142 43D0     		beq	.L406
 6774 0144 CDF820E0 		str	lr, [sp, #32]
 6775 0148 0D92     		str	r2, [sp, #52]
 6776 014a CDE90B91 		strd	r9, r1, [sp, #44]
 6777 014e A146     		mov	r9, r4
 6778 0150 CDE90957 		strd	r5, r7, [sp, #36]
 6779              	.LVL545:
 6780              	.L404:
 6781              	.LBB1711:
 6782              	.LBB1712:
 6783              	.LBB1713:
 354:../../libDaisy/src/dev/oled_ssd130x.h ****             return;
 6784              		.loc 8 354 28 is_stmt 0 view .LVU1682
 6785 0154 3F28     		cmp	r0, #63
 6786 0156 089A     		ldr	r2, [sp, #32]
 6787              	.LBE1713:
 6788              	.LBE1712:
 6789              	.LBE1711:
 416:../../libDaisy/src/hid/disp/display.h ****             {
 6790              		.loc 9 416 19 view .LVU1683
 6791 0158 4FF00003 		mov	r3, #0
 6792              	.LBB1723:
 6793              	.LBB1718:
 6794              	.LBB1714:
 354:../../libDaisy/src/dev/oled_ssd130x.h ****             return;
 6795              		.loc 8 354 28 view .LVU1684
 6796 015c 94BF     		ite	ls
 6797 015e 0027     		movls	r7, #0
 6798 0160 0127     		movhi	r7, #1
 6799 0162 0DE0     		b	.L409
 6800              	.LVL546:
ARM GAS  /tmp/ccuCWtjx.s 			page 183


 6801              	.L428:
 354:../../libDaisy/src/dev/oled_ssd130x.h ****             return;
 6802              		.loc 8 354 28 view .LVU1685
 6803              	.LBE1714:
 6804              	.LBE1718:
 6805              	.LBE1723:
 6806              	.LBB1724:
 6807              	.LBB1725:
 6808              	.LBB1726:
 6809              	.LBB1727:
 6810              	.LBI1727:
 352:../../libDaisy/src/dev/oled_ssd130x.h ****     {
 6811              		.loc 8 352 10 is_stmt 1 view .LVU1686
 352:../../libDaisy/src/dev/oled_ssd130x.h ****     {
 6812              		.loc 8 352 10 is_stmt 0 view .LVU1687
 6813              	.LBE1727:
 354:../../libDaisy/src/dev/oled_ssd130x.h ****             return;
 6814              		.loc 8 354 9 view .LVU1688
 6815 0164 45B9     		cbnz	r5, .L408
 6816              	.LBB1731:
 6817              	.LBB1728:
 359:../../libDaisy/src/dev/oled_ssd130x.h ****     }
 6818              		.loc 8 359 20 view .LVU1689
 6819 0166 02EBC111 		add	r1, r2, r1, lsl #7
 359:../../libDaisy/src/dev/oled_ssd130x.h ****     }
 6820              		.loc 8 359 49 view .LVU1690
 6821 016a 0EFA04F4 		lsl	r4, lr, r4
 359:../../libDaisy/src/dev/oled_ssd130x.h ****     }
 6822              		.loc 8 359 42 view .LVU1691
 6823 016e 5944     		add	r1, r1, fp
 6824 0170 0D7D     		ldrb	r5, [r1, #20]	@ zero_extendqisi2
 6825 0172 25EA0405 		bic	r5, r5, r4
 6826 0176 0D75     		strb	r5, [r1, #20]
 6827              	.LVL547:
 6828              	.L408:
 359:../../libDaisy/src/dev/oled_ssd130x.h ****     }
 6829              		.loc 8 359 42 view .LVU1692
 6830              	.LBE1728:
 6831              	.LBE1731:
 6832              	.LBE1726:
 6833              	.LBE1725:
 6834              	.LBE1724:
 416:../../libDaisy/src/hid/disp/display.h ****             {
 6835              		.loc 9 416 13 is_stmt 1 discriminator 2 view .LVU1693
 6836 0178 0133     		adds	r3, r3, #1
 6837              	.LVL548:
 416:../../libDaisy/src/hid/disp/display.h ****             {
 6838              		.loc 9 416 26 discriminator 1 view .LVU1694
 6839 017a 0132     		adds	r2, r2, #1
 6840 017c 5345     		cmp	r3, r10
 6841 017e 1ED0     		beq	.L427
 6842              	.LVL549:
 6843              	.L409:
 6844              	.LBB1739:
 6845              	.LBI1724:
  42:../../libDaisy/src/hid/disp/oled_display.h ****     {
 6846              		.loc 7 42 10 view .LVU1695
ARM GAS  /tmp/ccuCWtjx.s 			page 184


 6847              	.LBB1736:
 6848              	.LBI1725:
 352:../../libDaisy/src/dev/oled_ssd130x.h ****     {
 6849              		.loc 8 352 10 view .LVU1696
 352:../../libDaisy/src/dev/oled_ssd130x.h ****     {
 6850              		.loc 8 352 10 is_stmt 0 view .LVU1697
 6851              	.LBE1736:
 6852              	.LBE1739:
 6853              	.LBB1740:
 6854              	.LBI1711:
  42:../../libDaisy/src/hid/disp/oled_display.h ****     {
 6855              		.loc 7 42 10 is_stmt 1 view .LVU1698
 6856              	.LBB1719:
 6857              	.LBI1712:
 352:../../libDaisy/src/dev/oled_ssd130x.h ****     {
 6858              		.loc 8 352 10 view .LVU1699
 6859              	.LBE1719:
 6860              	.LBE1740:
 418:../../libDaisy/src/hid/disp/display.h ****                 {
 6861              		.loc 9 418 23 is_stmt 0 view .LVU1700
 6862 0180 06FA03F1 		lsl	r1, r6, r3
 6863              	.LBB1741:
 6864              	.LBB1737:
 6865              	.LBB1734:
 354:../../libDaisy/src/dev/oled_ssd130x.h ****             return;
 6866              		.loc 8 354 23 view .LVU1701
 6867 0184 7F2A     		cmp	r2, #127
 6868 0186 94BF     		ite	ls
 6869 0188 3D46     		movls	r5, r7
 6870 018a 47F00105 		orrhi	r5, r7, #1
 6871              	.LBB1732:
 6872              	.LBB1729:
 359:../../libDaisy/src/dev/oled_ssd130x.h ****     }
 6873              		.loc 8 359 55 view .LVU1702
 6874 018e 00F00704 		and	r4, r0, #7
 359:../../libDaisy/src/dev/oled_ssd130x.h ****     }
 6875              		.loc 8 359 49 view .LVU1703
 6876 0192 4FF0010E 		mov	lr, #1
 6877              	.LBE1729:
 6878              	.LBE1732:
 6879              	.LBE1734:
 6880              	.LBE1737:
 6881              	.LBE1741:
 418:../../libDaisy/src/hid/disp/display.h ****                 {
 6882              		.loc 9 418 17 view .LVU1704
 6883 0196 11F4004F 		tst	r1, #32768
 6884              	.LBB1742:
 6885              	.LBB1738:
 6886              	.LBB1735:
 6887              	.LBB1733:
 6888              	.LBB1730:
 359:../../libDaisy/src/dev/oled_ssd130x.h ****     }
 6889              		.loc 8 359 28 view .LVU1705
 6890 019a 4FEAD001 		lsr	r1, r0, #3
 6891              	.LBE1730:
 6892              	.LBE1733:
 6893              	.LBE1735:
ARM GAS  /tmp/ccuCWtjx.s 			page 185


 6894              	.LBE1738:
 6895              	.LBE1742:
 418:../../libDaisy/src/hid/disp/display.h ****                 {
 6896              		.loc 9 418 17 view .LVU1706
 6897 019e E1D1     		bne	.L428
 6898              	.LBB1743:
 6899              	.LBB1720:
 6900              	.LBB1715:
 354:../../libDaisy/src/dev/oled_ssd130x.h ****             return;
 6901              		.loc 8 354 9 view .LVU1707
 6902 01a0 002D     		cmp	r5, #0
 6903 01a2 E9D1     		bne	.L408
 357:../../libDaisy/src/dev/oled_ssd130x.h ****         else
 6904              		.loc 8 357 20 view .LVU1708
 6905 01a4 02EBC111 		add	r1, r2, r1, lsl #7
 357:../../libDaisy/src/dev/oled_ssd130x.h ****         else
 6906              		.loc 8 357 48 view .LVU1709
 6907 01a8 0EFA04F4 		lsl	r4, lr, r4
 6908              	.LBE1715:
 6909              	.LBE1720:
 6910              	.LBE1743:
 416:../../libDaisy/src/hid/disp/display.h ****             {
 6911              		.loc 9 416 13 discriminator 2 view .LVU1710
 6912 01ac 0133     		adds	r3, r3, #1
 6913              	.LVL550:
 416:../../libDaisy/src/hid/disp/display.h ****             {
 6914              		.loc 9 416 26 discriminator 1 view .LVU1711
 6915 01ae 0132     		adds	r2, r2, #1
 6916              	.LBB1744:
 6917              	.LBB1721:
 6918              	.LBB1716:
 357:../../libDaisy/src/dev/oled_ssd130x.h ****         else
 6919              		.loc 8 357 42 view .LVU1712
 6920 01b0 5944     		add	r1, r1, fp
 6921              	.LBE1716:
 6922              	.LBE1721:
 6923              	.LBE1744:
 416:../../libDaisy/src/hid/disp/display.h ****             {
 6924              		.loc 9 416 26 discriminator 1 view .LVU1713
 6925 01b2 5345     		cmp	r3, r10
 6926              	.LBB1745:
 6927              	.LBB1722:
 6928              	.LBB1717:
 357:../../libDaisy/src/dev/oled_ssd130x.h ****         else
 6929              		.loc 8 357 42 view .LVU1714
 6930 01b4 0D7D     		ldrb	r5, [r1, #20]	@ zero_extendqisi2
 6931 01b6 44EA0504 		orr	r4, r4, r5
 6932 01ba 0C75     		strb	r4, [r1, #20]
 6933              	.LVL551:
 357:../../libDaisy/src/dev/oled_ssd130x.h ****         else
 6934              		.loc 8 357 42 view .LVU1715
 6935              	.LBE1717:
 6936              	.LBE1722:
 6937              	.LBE1745:
 416:../../libDaisy/src/hid/disp/display.h ****             {
 6938              		.loc 9 416 13 is_stmt 1 discriminator 2 view .LVU1716
 416:../../libDaisy/src/hid/disp/display.h ****             {
ARM GAS  /tmp/ccuCWtjx.s 			page 186


 6939              		.loc 9 416 26 discriminator 1 view .LVU1717
 6940 01bc E0D1     		bne	.L409
 6941              	.L427:
 413:../../libDaisy/src/hid/disp/display.h ****         {
 6942              		.loc 9 413 9 discriminator 2 view .LVU1718
 6943              	.LVL552:
 413:../../libDaisy/src/hid/disp/display.h ****         {
 6944              		.loc 9 413 22 discriminator 1 view .LVU1719
 6945 01be E045     		cmp	r8, ip
 6946 01c0 00F10100 		add	r0, r0, #1
 6947 01c4 5DD0     		beq	.L424
 6948              	.LVL553:
 415:../../libDaisy/src/hid/disp/display.h ****             for(j = 0; j < font.FontWidth; j++)
 6949              		.loc 9 415 15 is_stmt 0 view .LVU1720
 6950 01c6 3CF8026F 		ldrh	r6, [ip, #2]!
 6951              	.LVL554:
 416:../../libDaisy/src/hid/disp/display.h ****             {
 6952              		.loc 9 416 26 is_stmt 1 discriminator 1 view .LVU1721
 6953 01ca C3E7     		b	.L404
 6954              	.LVL555:
 6955              	.L406:
 413:../../libDaisy/src/hid/disp/display.h ****         {
 6956              		.loc 9 413 9 discriminator 2 view .LVU1722
 413:../../libDaisy/src/hid/disp/display.h ****         {
 6957              		.loc 9 413 22 discriminator 1 view .LVU1723
 413:../../libDaisy/src/hid/disp/display.h ****         {
 6958              		.loc 9 413 22 is_stmt 0 discriminator 1 view .LVU1724
 6959 01cc E045     		cmp	r8, ip
 415:../../libDaisy/src/hid/disp/display.h ****             for(j = 0; j < font.FontWidth; j++)
 6960              		.loc 9 415 58 view .LVU1725
 6961 01ce 0CF1020C 		add	ip, ip, #2
 6962              	.LVL556:
 416:../../libDaisy/src/hid/disp/display.h ****             {
 6963              		.loc 9 416 26 is_stmt 1 discriminator 1 view .LVU1726
 413:../../libDaisy/src/hid/disp/display.h ****         {
 6964              		.loc 9 413 22 is_stmt 0 discriminator 1 view .LVU1727
 6965 01d2 FBD1     		bne	.L406
 6966              	.LVL557:
 6967              	.L405:
 6968              	.LBB1746:
 6969              	.LBI1746:
 171:../../libDaisy/src/hid/disp/display.h ****     {
 6970              		.loc 9 171 10 is_stmt 1 view .LVU1728
 6971              	.LBB1747:
 173:../../libDaisy/src/hid/disp/display.h ****         currentY_ = (y >= Height()) ? Height() - 1 : y;
 6972              		.loc 9 173 9 view .LVU1729
 173:../../libDaisy/src/hid/disp/display.h ****         currentY_ = (y >= Height()) ? Height() - 1 : y;
 6973              		.loc 9 173 19 is_stmt 0 discriminator 1 view .LVU1730
 6974 01d4 A3B2     		uxth	r3, r4
 6975 01d6 7F2B     		cmp	r3, #127
 6976 01d8 28BF     		it	cs
 6977 01da 7F23     		movcs	r3, #127
 174:../../libDaisy/src/hid/disp/display.h ****     }
 6978              		.loc 9 174 19 discriminator 1 view .LVU1731
 6979 01dc 402A     		cmp	r2, #64
 173:../../libDaisy/src/hid/disp/display.h ****         currentY_ = (y >= Height()) ? Height() - 1 : y;
 6980              		.loc 9 173 19 discriminator 4 view .LVU1732
ARM GAS  /tmp/ccuCWtjx.s 			page 187


 6981 01de ABF80430 		strh	r3, [fp, #4]	@ movhi
 174:../../libDaisy/src/hid/disp/display.h ****     }
 6982              		.loc 9 174 9 is_stmt 1 view .LVU1733
 174:../../libDaisy/src/hid/disp/display.h ****     }
 6983              		.loc 9 174 19 is_stmt 0 discriminator 1 view .LVU1734
 6984 01e2 08BF     		it	eq
 6985 01e4 3F22     		moveq	r2, #63
 6986              	.LVL558:
 174:../../libDaisy/src/hid/disp/display.h ****     }
 6987              		.loc 9 174 19 discriminator 1 view .LVU1735
 6988              	.LBE1747:
 6989              	.LBE1746:
 6990              	.LBE1710:
 6991              	.LBE1709:
 443:../../libDaisy/src/hid/disp/display.h ****         {
 6992              		.loc 9 443 9 view .LVU1736
 6993 01e6 17F8013F 		ldrb	r3, [r7, #1]!	@ zero_extendqisi2
 6994              	.LBB1754:
 6995              	.LBB1752:
 6996              	.LBB1750:
 6997              	.LBB1748:
 174:../../libDaisy/src/hid/disp/display.h ****     }
 6998              		.loc 9 174 19 discriminator 4 view .LVU1737
 6999 01ea ABF80620 		strh	r2, [fp, #6]	@ movhi
 7000              	.LVL559:
 174:../../libDaisy/src/hid/disp/display.h ****     }
 7001              		.loc 9 174 19 discriminator 4 view .LVU1738
 7002              	.LBE1748:
 7003              	.LBE1750:
 7004              	.LBE1752:
 7005              	.LBE1754:
 443:../../libDaisy/src/hid/disp/display.h ****         {
 7006              		.loc 9 443 9 is_stmt 1 view .LVU1739
 7007 01ee 002B     		cmp	r3, #0
 7008 01f0 84D1     		bne	.L398
 7009              	.L399:
 7010              	.LVL560:
 443:../../libDaisy/src/hid/disp/display.h ****         {
 7011              		.loc 9 443 9 is_stmt 0 view .LVU1740
 7012              	.LBE1756:
 7013              	.LBE1707:
  49:OLED.cpp      ****         display.Update();
 7014              		.loc 1 49 9 is_stmt 1 view .LVU1741
 7015              	.LBB1758:
 7016              	.LBI1758:
 7017              		.loc 7 51 10 view .LVU1742
 7018              	.LBB1759:
 7019              	.LBI1759:
 373:../../libDaisy/src/dev/oled_ssd130x.h ****     {
 7020              		.loc 8 373 10 view .LVU1743
 7021              	.LBB1760:
 7022              		.loc 8 383 22 discriminator 1 view .LVU1744
 7023 01f2 304F     		ldr	r7, .L429+20
 7024              	.LBE1760:
 7025              	.LBE1759:
 7026              	.LBE1758:
 7027              	.LBB1779:
ARM GAS  /tmp/ccuCWtjx.s 			page 188


 7028              	.LBB1757:
 7029              	.LBB1755:
 7030              	.LBB1753:
 7031              	.LBB1751:
 7032              	.LBB1749:
 174:../../libDaisy/src/hid/disp/display.h ****     }
 7033              		.loc 9 174 19 is_stmt 0 discriminator 1 view .LVU1745
 7034 01f4 B024     		movs	r4, #176
 7035              	.LVL561:
 7036              	.L411:
 174:../../libDaisy/src/hid/disp/display.h ****     }
 7037              		.loc 9 174 19 discriminator 1 view .LVU1746
 7038 01f6 0026     		movs	r6, #0
 7039              	.LBE1749:
 7040              	.LBE1751:
 7041              	.LBE1753:
 7042              	.LBE1755:
 7043              	.LBE1757:
 7044              	.LBE1779:
 7045              	.LBB1780:
 7046              	.LBB1778:
 7047              	.LBB1777:
 7048              	.LBB1761:
 7049              	.LBB1762:
 124:../../libDaisy/src/dev/oled_ssd130x.h ****         spi_.BlockingTransmit(&cmd, 1);
 7050              		.loc 8 124 23 view .LVU1747
 7051 01f8 0021     		movs	r1, #0
 7052 01fa 3048     		ldr	r0, .L429+28
 7053 01fc 8DF83B40 		strb	r4, [sp, #59]
 7054              	.LVL562:
 124:../../libDaisy/src/dev/oled_ssd130x.h ****         spi_.BlockingTransmit(&cmd, 1);
 7055              		.loc 8 124 23 view .LVU1748
 7056              	.LBE1762:
 7057              	.LBI1761:
 122:../../libDaisy/src/dev/oled_ssd130x.h ****     {
 7058              		.loc 8 122 10 is_stmt 1 view .LVU1749
 7059              	.LBB1763:
 124:../../libDaisy/src/dev/oled_ssd130x.h ****         spi_.BlockingTransmit(&cmd, 1);
 7060              		.loc 8 124 9 view .LVU1750
 124:../../libDaisy/src/dev/oled_ssd130x.h ****         spi_.BlockingTransmit(&cmd, 1);
 7061              		.loc 8 124 23 is_stmt 0 view .LVU1751
 7062 0200 FFF7FEFF 		bl	dsy_gpio_write
 7063              	.LVL563:
 125:../../libDaisy/src/dev/oled_ssd130x.h ****     };
 7064              		.loc 8 125 9 is_stmt 1 view .LVU1752
 125:../../libDaisy/src/dev/oled_ssd130x.h ****     };
 7065              		.loc 8 125 30 is_stmt 0 view .LVU1753
 7066 0204 6423     		movs	r3, #100
 7067 0206 0122     		movs	r2, #1
 7068 0208 0DF13B01 		add	r1, sp, #59
 7069 020c 2648     		ldr	r0, .L429+8
 7070              	.LVL564:
 125:../../libDaisy/src/dev/oled_ssd130x.h ****     };
 7071              		.loc 8 125 30 view .LVU1754
 7072 020e FFF7FEFF 		bl	_ZN5daisy9SpiHandle16BlockingTransmitEPhjm
 7073              	.LVL565:
 125:../../libDaisy/src/dev/oled_ssd130x.h ****     };
ARM GAS  /tmp/ccuCWtjx.s 			page 189


 7074              		.loc 8 125 30 view .LVU1755
 7075              	.LBE1763:
 7076              	.LBE1761:
 7077              	.LBB1764:
 7078              	.LBB1765:
 124:../../libDaisy/src/dev/oled_ssd130x.h ****         spi_.BlockingTransmit(&cmd, 1);
 7079              		.loc 8 124 23 view .LVU1756
 7080 0212 3146     		mov	r1, r6
 7081 0214 2948     		ldr	r0, .L429+28
 7082              	.LBE1765:
 7083              	.LBE1764:
 7084              		.loc 8 383 22 discriminator 1 view .LVU1757
 7085 0216 0134     		adds	r4, r4, #1
 7086              	.LVL566:
 7087              		.loc 8 383 22 discriminator 1 view .LVU1758
 7088 0218 8DF83B60 		strb	r6, [sp, #59]
 7089              	.LVL567:
 7090              	.LBB1767:
 7091              	.LBI1764:
 122:../../libDaisy/src/dev/oled_ssd130x.h ****     {
 7092              		.loc 8 122 10 is_stmt 1 view .LVU1759
 7093              	.LBB1766:
 124:../../libDaisy/src/dev/oled_ssd130x.h ****         spi_.BlockingTransmit(&cmd, 1);
 7094              		.loc 8 124 9 view .LVU1760
 124:../../libDaisy/src/dev/oled_ssd130x.h ****         spi_.BlockingTransmit(&cmd, 1);
 7095              		.loc 8 124 23 is_stmt 0 view .LVU1761
 7096 021c FFF7FEFF 		bl	dsy_gpio_write
 7097              	.LVL568:
 125:../../libDaisy/src/dev/oled_ssd130x.h ****     };
 7098              		.loc 8 125 9 is_stmt 1 view .LVU1762
 125:../../libDaisy/src/dev/oled_ssd130x.h ****     };
 7099              		.loc 8 125 30 is_stmt 0 view .LVU1763
 7100 0220 0122     		movs	r2, #1
 7101 0222 6423     		movs	r3, #100
 7102 0224 0DF13B01 		add	r1, sp, #59
 7103 0228 1F48     		ldr	r0, .L429+8
 7104              	.LVL569:
 125:../../libDaisy/src/dev/oled_ssd130x.h ****     };
 7105              		.loc 8 125 30 view .LVU1764
 7106 022a FFF7FEFF 		bl	_ZN5daisy9SpiHandle16BlockingTransmitEPhjm
 7107              	.LVL570:
 125:../../libDaisy/src/dev/oled_ssd130x.h ****     };
 7108              		.loc 8 125 30 view .LVU1765
 7109 022e 1023     		movs	r3, #16
 7110              	.LBE1766:
 7111              	.LBE1767:
 7112              	.LBB1768:
 7113              	.LBB1769:
 124:../../libDaisy/src/dev/oled_ssd130x.h ****         spi_.BlockingTransmit(&cmd, 1);
 7114              		.loc 8 124 23 view .LVU1766
 7115 0230 3146     		mov	r1, r6
 7116 0232 2248     		ldr	r0, .L429+28
 7117 0234 8DF83B30 		strb	r3, [sp, #59]
 7118              	.LVL571:
 124:../../libDaisy/src/dev/oled_ssd130x.h ****         spi_.BlockingTransmit(&cmd, 1);
 7119              		.loc 8 124 23 view .LVU1767
 7120              	.LBE1769:
ARM GAS  /tmp/ccuCWtjx.s 			page 190


 7121              	.LBI1768:
 122:../../libDaisy/src/dev/oled_ssd130x.h ****     {
 7122              		.loc 8 122 10 is_stmt 1 view .LVU1768
 7123              	.LBB1770:
 124:../../libDaisy/src/dev/oled_ssd130x.h ****         spi_.BlockingTransmit(&cmd, 1);
 7124              		.loc 8 124 9 view .LVU1769
 124:../../libDaisy/src/dev/oled_ssd130x.h ****         spi_.BlockingTransmit(&cmd, 1);
 7125              		.loc 8 124 23 is_stmt 0 view .LVU1770
 7126 0238 FFF7FEFF 		bl	dsy_gpio_write
 7127              	.LVL572:
 125:../../libDaisy/src/dev/oled_ssd130x.h ****     };
 7128              		.loc 8 125 9 is_stmt 1 view .LVU1771
 125:../../libDaisy/src/dev/oled_ssd130x.h ****     };
 7129              		.loc 8 125 30 is_stmt 0 view .LVU1772
 7130 023c 6423     		movs	r3, #100
 7131 023e 0122     		movs	r2, #1
 7132 0240 0DF13B01 		add	r1, sp, #59
 7133 0244 1848     		ldr	r0, .L429+8
 7134              	.LVL573:
 125:../../libDaisy/src/dev/oled_ssd130x.h ****     };
 7135              		.loc 8 125 30 view .LVU1773
 7136 0246 FFF7FEFF 		bl	_ZN5daisy9SpiHandle16BlockingTransmitEPhjm
 7137              	.LVL574:
 125:../../libDaisy/src/dev/oled_ssd130x.h ****     };
 7138              		.loc 8 125 30 view .LVU1774
 7139              	.LBE1770:
 7140              	.LBE1768:
 7141              	.LBB1771:
 7142              	.LBI1771:
 128:../../libDaisy/src/dev/oled_ssd130x.h ****     {
 7143              		.loc 8 128 10 is_stmt 1 view .LVU1775
 7144              	.LBB1772:
 130:../../libDaisy/src/dev/oled_ssd130x.h ****         spi_.BlockingTransmit(buff, size);
 7145              		.loc 8 130 9 view .LVU1776
 130:../../libDaisy/src/dev/oled_ssd130x.h ****         spi_.BlockingTransmit(buff, size);
 7146              		.loc 8 130 23 is_stmt 0 view .LVU1777
 7147 024a 0121     		movs	r1, #1
 7148 024c 1B48     		ldr	r0, .L429+28
 7149              	.LBE1772:
 7150              	.LBE1771:
 7151              		.loc 8 383 22 discriminator 1 view .LVU1778
 7152 024e E4B2     		uxtb	r4, r4
 7153              	.LVL575:
 7154              	.LBB1775:
 7155              	.LBB1773:
 130:../../libDaisy/src/dev/oled_ssd130x.h ****         spi_.BlockingTransmit(buff, size);
 7156              		.loc 8 130 23 view .LVU1779
 7157 0250 FFF7FEFF 		bl	dsy_gpio_write
 7158              	.LVL576:
 131:../../libDaisy/src/dev/oled_ssd130x.h ****     };
 7159              		.loc 8 131 9 is_stmt 1 view .LVU1780
 131:../../libDaisy/src/dev/oled_ssd130x.h ****     };
 7160              		.loc 8 131 30 is_stmt 0 view .LVU1781
 7161 0254 3946     		mov	r1, r7
 7162 0256 6423     		movs	r3, #100
 7163 0258 8022     		movs	r2, #128
 7164 025a 1348     		ldr	r0, .L429+8
ARM GAS  /tmp/ccuCWtjx.s 			page 191


 7165              	.LVL577:
 131:../../libDaisy/src/dev/oled_ssd130x.h ****     };
 7166              		.loc 8 131 30 view .LVU1782
 7167              	.LBE1773:
 7168              	.LBE1775:
 7169              		.loc 8 383 22 discriminator 1 view .LVU1783
 7170 025c 8037     		adds	r7, r7, #128
 7171              	.LVL578:
 7172              	.LBB1776:
 7173              	.LBB1774:
 131:../../libDaisy/src/dev/oled_ssd130x.h ****     };
 7174              		.loc 8 131 30 view .LVU1784
 7175 025e FFF7FEFF 		bl	_ZN5daisy9SpiHandle16BlockingTransmitEPhjm
 7176              	.LVL579:
 131:../../libDaisy/src/dev/oled_ssd130x.h ****     };
 7177              		.loc 8 131 30 view .LVU1785
 7178              	.LBE1774:
 7179              	.LBE1776:
 7180              		.loc 8 383 9 is_stmt 1 discriminator 3 view .LVU1786
 7181              		.loc 8 383 22 discriminator 1 view .LVU1787
 7182 0262 B82C     		cmp	r4, #184
 7183 0264 C7D1     		bne	.L411
 7184 0266 12E7     		b	.L412
 7185              	.LVL580:
 7186              	.L394:
 7187              		.loc 8 383 22 is_stmt 0 discriminator 1 view .LVU1788
 7188              	.LBE1777:
 7189              	.LBE1778:
 7190              	.LBE1780:
  41:OLED.cpp      ****             case 4: sprintf(strbuff, "3. . ."); break;
 7191              		.loc 1 41 13 is_stmt 1 view .LVU1789
  41:OLED.cpp      ****             case 4: sprintf(strbuff, "3. . ."); break;
 7192              		.loc 1 41 21 view .LVU1790
  41:OLED.cpp      ****             case 4: sprintf(strbuff, "3. . ."); break;
 7193              		.loc 1 41 28 is_stmt 0 view .LVU1791
 7194 0268 154B     		ldr	r3, .L429+32
 7195 026a 1FE7     		b	.L426
 7196              	.L395:
  40:OLED.cpp      ****             case 3: sprintf(strbuff, "2. . ."); break;
 7197              		.loc 1 40 13 is_stmt 1 view .LVU1792
  40:OLED.cpp      ****             case 3: sprintf(strbuff, "2. . ."); break;
 7198              		.loc 1 40 21 view .LVU1793
  40:OLED.cpp      ****             case 3: sprintf(strbuff, "2. . ."); break;
 7199              		.loc 1 40 28 is_stmt 0 view .LVU1794
 7200 026c 154B     		ldr	r3, .L429+36
 7201 026e 1DE7     		b	.L426
 7202              	.L396:
  39:OLED.cpp      ****             case 2: sprintf(strbuff, "1. . ."); break;
 7203              		.loc 1 39 13 is_stmt 1 view .LVU1795
  39:OLED.cpp      ****             case 2: sprintf(strbuff, "1. . ."); break;
 7204              		.loc 1 39 21 view .LVU1796
  39:OLED.cpp      ****             case 2: sprintf(strbuff, "1. . ."); break;
 7205              		.loc 1 39 28 is_stmt 0 view .LVU1797
 7206 0270 154A     		ldr	r2, .L429+40
 7207 0272 1AAB     		add	r3, sp, #104
 7208 0274 07CA     		ldm	r2, {r0, r1, r2}
 7209 0276 03C3     		stmia	r3!, {r0, r1}
ARM GAS  /tmp/ccuCWtjx.s 			page 192


 7210 0278 23F8022B 		strh	r2, [r3], #2	@ movhi
 7211 027c 120C     		lsrs	r2, r2, #16
 7212 027e 1A70     		strb	r2, [r3]
  39:OLED.cpp      ****             case 2: sprintf(strbuff, "1. . ."); break;
 7213              		.loc 1 39 53 is_stmt 1 discriminator 1 view .LVU1798
  39:OLED.cpp      ****             case 2: sprintf(strbuff, "1. . ."); break;
 7214              		.loc 1 39 53 is_stmt 0 view .LVU1799
 7215 0280 1CE7     		b	.L397
 7216              	.LVL581:
 7217              	.L424:
  39:OLED.cpp      ****             case 2: sprintf(strbuff, "1. . ."); break;
 7218              		.loc 1 39 53 view .LVU1800
 7219 0282 4C46     		mov	r4, r9
 7220 0284 DDF82C90 		ldr	r9, [sp, #44]
 7221 0288 DDE90957 		ldrd	r5, r7, [sp, #36]
 7222 028c DDE90C12 		ldrd	r1, r2, [sp, #48]
 7223 0290 A0E7     		b	.L405
 7224              	.LVL582:
 7225              	.L391:
  38:OLED.cpp      ****             case 1: sprintf(strbuff, "Daisy. . ."); break;
 7226              		.loc 1 38 13 is_stmt 1 view .LVU1801
  38:OLED.cpp      ****             case 1: sprintf(strbuff, "Daisy. . ."); break;
 7227              		.loc 1 38 21 view .LVU1802
  38:OLED.cpp      ****             case 1: sprintf(strbuff, "Daisy. . ."); break;
 7228              		.loc 1 38 28 is_stmt 0 view .LVU1803
 7229 0292 0E4B     		ldr	r3, .L429+44
 7230 0294 1AAC     		add	r4, sp, #104
 7231 0296 0FCB     		ldm	r3, {r0, r1, r2, r3}
 7232 0298 07C4     		stmia	r4!, {r0, r1, r2}
 7233 029a 2370     		strb	r3, [r4]
  38:OLED.cpp      ****             case 1: sprintf(strbuff, "Daisy. . ."); break;
 7234              		.loc 1 38 55 is_stmt 1 discriminator 1 view .LVU1804
  38:OLED.cpp      ****             case 1: sprintf(strbuff, "Daisy. . ."); break;
 7235              		.loc 1 38 55 is_stmt 0 view .LVU1805
 7236 029c 0EE7     		b	.L397
 7237              	.L430:
 7238 029e 00BF     		.align	2
 7239              	.L429:
 7240 02a0 00000000 		.word	hw
 7241 02a4 0105060A 		.word	168166657
 7242 02a8 08000000 		.word	display+8
 7243 02ac 2C000000 		.word	.LC9
 7244 02b0 CDCCCCCC 		.word	-858993459
 7245 02b4 14000000 		.word	display+20
 7246 02b8 00000000 		.word	Font_11x18
 7247 02bc 10000000 		.word	display+16
 7248 02c0 24000000 		.word	.LC8
 7249 02c4 1C000000 		.word	.LC7
 7250 02c8 10000000 		.word	.LC6
 7251 02cc 00000000 		.word	.LC5
 7252 02d0 00000000 		.word	display
 7253              		.cfi_endproc
 7254              	.LFE2393:
 7256              		.section	.text.startup._GLOBAL__sub_I_hw,"ax",%progbits
 7257              		.align	1
 7258              		.p2align 2,,3
 7259              		.syntax unified
ARM GAS  /tmp/ccuCWtjx.s 			page 193


 7260              		.thumb
 7261              		.thumb_func
 7263              	_GLOBAL__sub_I_hw:
 7264              	.LFB2458:
  50:OLED.cpp      ****     }
  51:OLED.cpp      **** }
 7265              		.loc 1 51 1 is_stmt 1 view -0
 7266              		.cfi_startproc
 7267              		@ args = 0, pretend = 0, frame = 0
 7268              		@ frame_needed = 0, uses_anonymous_args = 0
 7269              	.LBB1813:
 7270              	.LBI1813:
 7271              		.loc 1 51 1 view .LVU1807
 7272              	.LVL583:
 7273              	.LBB1814:
 7274              	.LBB1815:
 7275              	.LBI1815:
  21:../../libDaisy/src/daisy_seed.h ****     ~DaisySeed() {}
 7276              		.loc 2 21 5 view .LVU1808
 7277              	.LBB1816:
 7278              	.LBB1817:
 7279              	.LBI1817:
 7280              		.file 13 "../../libDaisy/src/per/qspi.h"
   1:../../libDaisy/src/per/qspi.h **** #ifndef DSY_QSPI
   2:../../libDaisy/src/per/qspi.h **** #define DSY_QSPI /**< Macro */
   3:../../libDaisy/src/per/qspi.h **** 
   4:../../libDaisy/src/per/qspi.h **** #ifndef UNIT_TEST // for unit tests, a dummy implementation
   5:../../libDaisy/src/per/qspi.h **** 
   6:../../libDaisy/src/per/qspi.h **** #include <cstdint>
   7:../../libDaisy/src/per/qspi.h **** #include "daisy_core.h" // Added for dsy_gpio_pin typedef
   8:../../libDaisy/src/per/qspi.h **** 
   9:../../libDaisy/src/per/qspi.h **** #define DSY_QSPI_TEXT       \
  10:../../libDaisy/src/per/qspi.h ****     __attribute__((section( \
  11:../../libDaisy/src/per/qspi.h ****         ".qspiflash_text"))) /**< used for reading memory in memory_mapped mode. */
  12:../../libDaisy/src/per/qspi.h **** #define DSY_QSPI_DATA       \
  13:../../libDaisy/src/per/qspi.h ****     __attribute__((section( \
  14:../../libDaisy/src/per/qspi.h ****         ".qspiflash_data"))) /**< used for reading memory in memory_mapped mode. */
  15:../../libDaisy/src/per/qspi.h **** #define DSY_QSPI_BSS        \
  16:../../libDaisy/src/per/qspi.h ****     __attribute__((section( \
  17:../../libDaisy/src/per/qspi.h ****         ".qspiflash_bss"))) /**< used for reading memory in memory_mapped mode. */
  18:../../libDaisy/src/per/qspi.h **** 
  19:../../libDaisy/src/per/qspi.h **** namespace daisy
  20:../../libDaisy/src/per/qspi.h **** {
  21:../../libDaisy/src/per/qspi.h **** /** @addtogroup serial
  22:../../libDaisy/src/per/qspi.h **** @{
  23:../../libDaisy/src/per/qspi.h **** */
  24:../../libDaisy/src/per/qspi.h **** 
  25:../../libDaisy/src/per/qspi.h **** /** 
  26:../../libDaisy/src/per/qspi.h ****  Driver for QSPI peripheral to interface with external flash memory. \n 
  27:../../libDaisy/src/per/qspi.h ****     Currently supported QSPI Devices: \n 
  28:../../libDaisy/src/per/qspi.h ****     * IS25LP080D
  29:../../libDaisy/src/per/qspi.h **** */
  30:../../libDaisy/src/per/qspi.h **** class QSPIHandle
  31:../../libDaisy/src/per/qspi.h **** {
  32:../../libDaisy/src/per/qspi.h ****   public:
  33:../../libDaisy/src/per/qspi.h ****     enum Result
  34:../../libDaisy/src/per/qspi.h ****     {
ARM GAS  /tmp/ccuCWtjx.s 			page 194


  35:../../libDaisy/src/per/qspi.h ****         OK = 0,
  36:../../libDaisy/src/per/qspi.h ****         ERR
  37:../../libDaisy/src/per/qspi.h ****     };
  38:../../libDaisy/src/per/qspi.h **** 
  39:../../libDaisy/src/per/qspi.h ****     /** Indicates the current status of the module. 
  40:../../libDaisy/src/per/qspi.h ****          *  Warnings are indicated by a leading W.
  41:../../libDaisy/src/per/qspi.h ****          *  Errors are indicated by a leading E and cause an immediate exit.
  42:../../libDaisy/src/per/qspi.h ****          * 
  43:../../libDaisy/src/per/qspi.h ****          *  \param GOOD - No errors have been reported.
  44:../../libDaisy/src/per/qspi.h ****          *  \param E_HAL_ERROR - HAL code did not return HAL_OK.
  45:../../libDaisy/src/per/qspi.h ****          *  \param E_SWITCHING_MODES - An error was encountered while switching QSPI peripheral mod
  46:../../libDaisy/src/per/qspi.h ****          *  \param E_INVALID_MODE - QSPI should not be written to while the program is executing fr
  47:../../libDaisy/src/per/qspi.h ****          */
  48:../../libDaisy/src/per/qspi.h ****     enum Status
  49:../../libDaisy/src/per/qspi.h ****     {
  50:../../libDaisy/src/per/qspi.h ****         GOOD = 0,
  51:../../libDaisy/src/per/qspi.h ****         E_HAL_ERROR,
  52:../../libDaisy/src/per/qspi.h ****         E_SWITCHING_MODES,
  53:../../libDaisy/src/per/qspi.h ****         E_INVALID_MODE,
  54:../../libDaisy/src/per/qspi.h ****     };
  55:../../libDaisy/src/per/qspi.h **** 
  56:../../libDaisy/src/per/qspi.h ****     /** Configuration structure for interfacing with QSPI Driver */
  57:../../libDaisy/src/per/qspi.h ****     struct Config
  58:../../libDaisy/src/per/qspi.h ****     {
  59:../../libDaisy/src/per/qspi.h ****         /** Flash Devices supported. (Both of these are more-or-less the same, just different sizes
  60:../../libDaisy/src/per/qspi.h ****         enum Device
  61:../../libDaisy/src/per/qspi.h ****         {
  62:../../libDaisy/src/per/qspi.h ****             IS25LP080D,  /**< & */
  63:../../libDaisy/src/per/qspi.h ****             IS25LP064A,  /**< & */
  64:../../libDaisy/src/per/qspi.h ****             DEVICE_LAST, /**< & */
  65:../../libDaisy/src/per/qspi.h ****         };
  66:../../libDaisy/src/per/qspi.h **** 
  67:../../libDaisy/src/per/qspi.h ****         /** 
  68:../../libDaisy/src/per/qspi.h ****         Modes of operation.
  69:../../libDaisy/src/per/qspi.h ****         Memory Mapped mode: QSPI configured so that the QSPI can be
  70:../../libDaisy/src/per/qspi.h ****         read from starting address 0x90000000. Writing is not
  71:../../libDaisy/src/per/qspi.h ****         possible in this mode. \n 
  72:../../libDaisy/src/per/qspi.h ****         Indirect Polling mode: Device driver enabled. 
  73:../../libDaisy/src/per/qspi.h ****         */
  74:../../libDaisy/src/per/qspi.h ****         enum Mode
  75:../../libDaisy/src/per/qspi.h ****         {
  76:../../libDaisy/src/per/qspi.h ****             MEMORY_MAPPED,    /**< & */
  77:../../libDaisy/src/per/qspi.h ****             INDIRECT_POLLING, /**< & */
  78:../../libDaisy/src/per/qspi.h ****             MODE_LAST,
  79:../../libDaisy/src/per/qspi.h ****         };
  80:../../libDaisy/src/per/qspi.h **** 
  81:../../libDaisy/src/per/qspi.h ****         //SCK,  CE# (active low)
  82:../../libDaisy/src/per/qspi.h ****         struct
  83:../../libDaisy/src/per/qspi.h ****         {
  84:../../libDaisy/src/per/qspi.h ****             dsy_gpio_pin io0; /**< & */
  85:../../libDaisy/src/per/qspi.h ****             dsy_gpio_pin io1; /**< & */
  86:../../libDaisy/src/per/qspi.h ****             dsy_gpio_pin io2; /**< & */
  87:../../libDaisy/src/per/qspi.h ****             dsy_gpio_pin io3; /**< & */
  88:../../libDaisy/src/per/qspi.h ****             dsy_gpio_pin clk; /**< & */
  89:../../libDaisy/src/per/qspi.h ****             dsy_gpio_pin ncs; /**< & */
  90:../../libDaisy/src/per/qspi.h ****         } pin_config;
  91:../../libDaisy/src/per/qspi.h **** 
ARM GAS  /tmp/ccuCWtjx.s 			page 195


  92:../../libDaisy/src/per/qspi.h ****         Device device;
  93:../../libDaisy/src/per/qspi.h ****         Mode   mode;
  94:../../libDaisy/src/per/qspi.h ****     };
  95:../../libDaisy/src/per/qspi.h **** 
  96:../../libDaisy/src/per/qspi.h ****     /** 
  97:../../libDaisy/src/per/qspi.h ****         Initializes QSPI peripheral, and Resets, and prepares memory for access.
  98:../../libDaisy/src/per/qspi.h ****         \param config should be populated with the mode, device and pin_config before calling this 
  99:../../libDaisy/src/per/qspi.h ****         \return Result::OK or Result::ERR
 100:../../libDaisy/src/per/qspi.h ****         */
 101:../../libDaisy/src/per/qspi.h ****     Result Init(const Config& config);
 102:../../libDaisy/src/per/qspi.h **** 
 103:../../libDaisy/src/per/qspi.h ****     /** Returns the current config. */
 104:../../libDaisy/src/per/qspi.h ****     const Config& GetConfig() const;
 105:../../libDaisy/src/per/qspi.h **** 
 106:../../libDaisy/src/per/qspi.h ****     // Couldn't this just be called before anything else in init? That
 107:../../libDaisy/src/per/qspi.h ****     // would make manually calling it unnecessary.
 108:../../libDaisy/src/per/qspi.h ****     /** 
 109:../../libDaisy/src/per/qspi.h ****         Deinitializes the peripheral
 110:../../libDaisy/src/per/qspi.h ****         This should be called before reinitializing QSPI in a different mode.
 111:../../libDaisy/src/per/qspi.h ****         \return Result::OK or Result::ERR
 112:../../libDaisy/src/per/qspi.h ****         */
 113:../../libDaisy/src/per/qspi.h ****     Result DeInit();
 114:../../libDaisy/src/per/qspi.h **** 
 115:../../libDaisy/src/per/qspi.h ****     /** 
 116:../../libDaisy/src/per/qspi.h ****         Writes a single page to to the specified address on the QSPI chip.
 117:../../libDaisy/src/per/qspi.h ****         For IS25LP*, page size is 256 bytes.
 118:../../libDaisy/src/per/qspi.h ****         \param address Address to write to
 119:../../libDaisy/src/per/qspi.h ****         \param size Buffer size
 120:../../libDaisy/src/per/qspi.h ****         \param buffer Buffer to write
 121:../../libDaisy/src/per/qspi.h ****         \return Result::OK or Result::ERR
 122:../../libDaisy/src/per/qspi.h ****         */
 123:../../libDaisy/src/per/qspi.h ****     Result WritePage(uint32_t address, uint32_t size, uint8_t* buffer);
 124:../../libDaisy/src/per/qspi.h **** 
 125:../../libDaisy/src/per/qspi.h ****     /** 
 126:../../libDaisy/src/per/qspi.h ****         Writes data in buffer to to the QSPI. Starting at address to address+size 
 127:../../libDaisy/src/per/qspi.h ****         \param address Address to write to
 128:../../libDaisy/src/per/qspi.h ****         \param size Buffer size
 129:../../libDaisy/src/per/qspi.h ****         \param buffer Buffer to write
 130:../../libDaisy/src/per/qspi.h ****         \return Result::OK or Result::ERR
 131:../../libDaisy/src/per/qspi.h ****         */
 132:../../libDaisy/src/per/qspi.h ****     Result Write(uint32_t address, uint32_t size, uint8_t* buffer);
 133:../../libDaisy/src/per/qspi.h **** 
 134:../../libDaisy/src/per/qspi.h ****     /** 
 135:../../libDaisy/src/per/qspi.h ****         Erases the area specified on the chip.
 136:../../libDaisy/src/per/qspi.h ****         Erasures will happen by 4K, 32K or 64K increments.
 137:../../libDaisy/src/per/qspi.h ****         Smallest erase possible is 4kB at a time. (on IS25LP*)
 138:../../libDaisy/src/per/qspi.h ****         \param start_addr Address to begin erasing from
 139:../../libDaisy/src/per/qspi.h ****         \param end_addr  Address to stop erasing at
 140:../../libDaisy/src/per/qspi.h ****         \return Result::OK or Result::ERR
 141:../../libDaisy/src/per/qspi.h ****         */
 142:../../libDaisy/src/per/qspi.h ****     Result Erase(uint32_t start_addr, uint32_t end_addr);
 143:../../libDaisy/src/per/qspi.h **** 
 144:../../libDaisy/src/per/qspi.h ****     /**  
 145:../../libDaisy/src/per/qspi.h ****          Erases a single sector of the chip.  
 146:../../libDaisy/src/per/qspi.h ****         TODO: Document the size of this function. 
 147:../../libDaisy/src/per/qspi.h ****         \param address Address of sector to erase
 148:../../libDaisy/src/per/qspi.h ****         \return Result::OK or Result::ERR
ARM GAS  /tmp/ccuCWtjx.s 			page 196


 149:../../libDaisy/src/per/qspi.h ****         */
 150:../../libDaisy/src/per/qspi.h ****     Result EraseSector(uint32_t address);
 151:../../libDaisy/src/per/qspi.h **** 
 152:../../libDaisy/src/per/qspi.h ****     /** Returns the current class status. Useful for debugging.
 153:../../libDaisy/src/per/qspi.h ****      *  \returns Status
 154:../../libDaisy/src/per/qspi.h ****      */
 155:../../libDaisy/src/per/qspi.h ****     Status GetStatus();
 156:../../libDaisy/src/per/qspi.h **** 
 157:../../libDaisy/src/per/qspi.h ****     /** Returns a pointer to the actual memory used 
 158:../../libDaisy/src/per/qspi.h ****      *  The memory at this address is read-only
 159:../../libDaisy/src/per/qspi.h ****      *  to write to it use the Write function.
 160:../../libDaisy/src/per/qspi.h ****      * 
 161:../../libDaisy/src/per/qspi.h ****      *  \param offset returns the pointer starting this 
 162:../../libDaisy/src/per/qspi.h ****      *                many bytes into the memory
 163:../../libDaisy/src/per/qspi.h ****     */
 164:../../libDaisy/src/per/qspi.h ****     void* GetData(uint32_t offset = 0);
 165:../../libDaisy/src/per/qspi.h **** 
 166:../../libDaisy/src/per/qspi.h ****     QSPIHandle() : pimpl_(nullptr) {}
 7281              		.loc 13 166 5 view .LVU1809
 7282              	.LBB1818:
 7283              	.LBB1819:
 7284              		.loc 13 166 20 is_stmt 0 view .LVU1810
 7285 0000 0A4B     		ldr	r3, .L433
 7286              	.LBE1819:
 7287              	.LBE1818:
 7288              	.LBE1817:
 7289              	.LBE1816:
 7290              	.LBE1815:
  15:OLED.cpp      **** MyOledDisplay display;
 7291              		.loc 1 15 15 discriminator 1 view .LVU1811
 7292 0002 0B49     		ldr	r1, .L433+4
 7293 0004 0B4A     		ldr	r2, .L433+8
 7294 0006 1846     		mov	r0, r3
 7295              	.LBE1814:
 7296              	.LBE1813:
 7297              		.loc 1 51 1 view .LVU1812
 7298 0008 10B5     		push	{r4, lr}
 7299              		.cfi_def_cfa_offset 8
 7300              		.cfi_offset 4, -8
 7301              		.cfi_offset 14, -4
 7302              	.LBB1860:
 7303              	.LBB1858:
 7304              	.LBB1836:
 7305              	.LBB1835:
 7306              	.LBB1822:
 7307              	.LBB1821:
 7308              	.LBB1820:
 7309              		.loc 13 166 20 view .LVU1813
 7310 000a 0024     		movs	r4, #0
 7311 000c 1C60     		str	r4, [r3]
 7312              	.LVL584:
 7313              		.loc 13 166 20 view .LVU1814
 7314              	.LBE1820:
 7315              	.LBE1821:
 7316              	.LBE1822:
 7317              	.LBB1823:
 7318              	.LBI1823:
ARM GAS  /tmp/ccuCWtjx.s 			page 197


  95:../../libDaisy/src/hid/audio.h ****     ~AudioHandle() {}
 7319              		.loc 6 95 5 is_stmt 1 view .LVU1815
 7320              	.LBB1824:
 7321              	.LBB1825:
  95:../../libDaisy/src/hid/audio.h ****     ~AudioHandle() {}
 7322              		.loc 6 95 21 is_stmt 0 view .LVU1816
 7323 000e 5C61     		str	r4, [r3, #20]
 7324              	.LVL585:
  95:../../libDaisy/src/hid/audio.h ****     ~AudioHandle() {}
 7325              		.loc 6 95 21 view .LVU1817
 7326              	.LBE1825:
 7327              	.LBE1824:
 7328              	.LBE1823:
 7329              	.LBB1826:
 7330              	.LBI1826:
 109:../../libDaisy/src/per/adc.h ****     ~AdcHandle() {}
 7331              		.loc 5 109 5 is_stmt 1 view .LVU1818
 109:../../libDaisy/src/per/adc.h ****     ~AdcHandle() {}
 7332              		.loc 5 109 5 is_stmt 0 view .LVU1819
 7333              	.LBE1826:
 7334              	.LBB1827:
 7335              	.LBI1827:
 7336              		.file 14 "../../libDaisy/src/per/dac.h"
   1:../../libDaisy/src/per/dac.h **** #pragma once
   2:../../libDaisy/src/per/dac.h **** #ifndef DSY_DAC_H
   3:../../libDaisy/src/per/dac.h **** #define DSY_DAC_H
   4:../../libDaisy/src/per/dac.h **** 
   5:../../libDaisy/src/per/dac.h **** #include "daisy_core.h"
   6:../../libDaisy/src/per/dac.h **** 
   7:../../libDaisy/src/per/dac.h **** namespace daisy
   8:../../libDaisy/src/per/dac.h **** {
   9:../../libDaisy/src/per/dac.h **** /** @brief DAC handle for Built-in DAC Peripheral 
  10:../../libDaisy/src/per/dac.h ****  *  @ingroup per_analog
  11:../../libDaisy/src/per/dac.h ****  ** 
  12:../../libDaisy/src/per/dac.h ****  ** For now only Normal Mode is supported,
  13:../../libDaisy/src/per/dac.h ****  ** Sample and hold mode provides reduced power consumption, but requires a bit more setup.
  14:../../libDaisy/src/per/dac.h ****  **
  15:../../libDaisy/src/per/dac.h ****  ** For now connecting the DAC through other internal peripherals is also not supported.
  16:../../libDaisy/src/per/dac.h ****  **
  17:../../libDaisy/src/per/dac.h ****  ** Since the DAC channels have dedicated pins we don't need to pass in a pin config like with
  18:../../libDaisy/src/per/dac.h ****  ** other modules. However, it is still important to not try to use the DAC pins for anything else.
  19:../../libDaisy/src/per/dac.h ****  ** DAC Channel 1 is on PA4, and DAC Channel 2 is on PA5
  20:../../libDaisy/src/per/dac.h ****  ***/
  21:../../libDaisy/src/per/dac.h **** class DacHandle
  22:../../libDaisy/src/per/dac.h **** {
  23:../../libDaisy/src/per/dac.h ****   public:
  24:../../libDaisy/src/per/dac.h ****     /** Return Values for the DacHandle class */
  25:../../libDaisy/src/per/dac.h ****     enum class Result
  26:../../libDaisy/src/per/dac.h ****     {
  27:../../libDaisy/src/per/dac.h ****         OK,
  28:../../libDaisy/src/per/dac.h ****         ERR,
  29:../../libDaisy/src/per/dac.h ****     };
  30:../../libDaisy/src/per/dac.h **** 
  31:../../libDaisy/src/per/dac.h ****     /** Selects which channel(s) will be configured for use. */
  32:../../libDaisy/src/per/dac.h ****     enum class Channel
  33:../../libDaisy/src/per/dac.h ****     {
  34:../../libDaisy/src/per/dac.h ****         ONE,
ARM GAS  /tmp/ccuCWtjx.s 			page 198


  35:../../libDaisy/src/per/dac.h ****         TWO,
  36:../../libDaisy/src/per/dac.h ****         BOTH,
  37:../../libDaisy/src/per/dac.h ****     };
  38:../../libDaisy/src/per/dac.h **** 
  39:../../libDaisy/src/per/dac.h ****     /** Sets the Mode for the DAC channels.
  40:../../libDaisy/src/per/dac.h ****      **
  41:../../libDaisy/src/per/dac.h ****      ** Polling mode uses the blocking mode to transmit a single value at a time.
  42:../../libDaisy/src/per/dac.h ****      **
  43:../../libDaisy/src/per/dac.h ****      ** DMA mode uses a buffer, and periodically transmits it triggering a 
  44:../../libDaisy/src/per/dac.h ****      ** callback to fill the buffer when it is ready for more samples.
  45:../../libDaisy/src/per/dac.h ****      ***/
  46:../../libDaisy/src/per/dac.h ****     enum class Mode
  47:../../libDaisy/src/per/dac.h ****     {
  48:../../libDaisy/src/per/dac.h ****         POLLING,
  49:../../libDaisy/src/per/dac.h ****         DMA,
  50:../../libDaisy/src/per/dac.h ****     };
  51:../../libDaisy/src/per/dac.h **** 
  52:../../libDaisy/src/per/dac.h ****     /** Sets the number of bits per sample transmitted out of the DAC.
  53:../../libDaisy/src/per/dac.h ****      ** The output range will be: 0V - VDDA
  54:../../libDaisy/src/per/dac.h ****      ** The resolution will be roughly: bitdepth / (VDDA - 0V) 
  55:../../libDaisy/src/per/dac.h ****      ***/
  56:../../libDaisy/src/per/dac.h ****     enum class BitDepth
  57:../../libDaisy/src/per/dac.h ****     {
  58:../../libDaisy/src/per/dac.h ****         BITS_8,
  59:../../libDaisy/src/per/dac.h ****         BITS_12
  60:../../libDaisy/src/per/dac.h ****     };
  61:../../libDaisy/src/per/dac.h **** 
  62:../../libDaisy/src/per/dac.h ****     /** Sets whether the DAC output is buffered for higher drive ability. */
  63:../../libDaisy/src/per/dac.h ****     enum class BufferState
  64:../../libDaisy/src/per/dac.h ****     {
  65:../../libDaisy/src/per/dac.h ****         ENABLED,
  66:../../libDaisy/src/per/dac.h ****         DISABLED,
  67:../../libDaisy/src/per/dac.h ****     };
  68:../../libDaisy/src/per/dac.h **** 
  69:../../libDaisy/src/per/dac.h ****     /** Configuration structure for initializing the DAC structure. */
  70:../../libDaisy/src/per/dac.h ****     struct Config
  71:../../libDaisy/src/per/dac.h ****     {
  72:../../libDaisy/src/per/dac.h ****         /** Target Samplerate in Hz used to configure the internal 
  73:../../libDaisy/src/per/dac.h ****          ** timebase for DMA mode. Does nothing in POLLING mode.
  74:../../libDaisy/src/per/dac.h ****          ** If the value is 0 at Init time this will default to 48000Hz 
  75:../../libDaisy/src/per/dac.h ****          ** otherwise the driver will attempt meet the target.*/
  76:../../libDaisy/src/per/dac.h ****         uint32_t target_samplerate;
  77:../../libDaisy/src/per/dac.h **** 
  78:../../libDaisy/src/per/dac.h ****         Channel     chn;
  79:../../libDaisy/src/per/dac.h ****         Mode        mode;
  80:../../libDaisy/src/per/dac.h ****         BitDepth    bitdepth;
  81:../../libDaisy/src/per/dac.h ****         BufferState buff_state;
  82:../../libDaisy/src/per/dac.h ****     };
  83:../../libDaisy/src/per/dac.h **** 
  84:../../libDaisy/src/per/dac.h ****     DacHandle() : pimpl_(nullptr) {}
 7337              		.loc 14 84 5 is_stmt 1 view .LVU1820
 7338              	.LBB1828:
 7339              	.LBB1829:
 7340              		.loc 14 84 19 is_stmt 0 view .LVU1821
 7341 0010 1C62     		str	r4, [r3, #32]
 7342              	.LVL586:
 7343              		.loc 14 84 19 view .LVU1822
ARM GAS  /tmp/ccuCWtjx.s 			page 199


 7344              	.LBE1829:
 7345              	.LBE1828:
 7346              	.LBE1827:
 7347              	.LBB1830:
 7348              	.LBI1830:
  40:../../libDaisy/src/hid/usb.h **** 
 7349              		.loc 4 40 5 is_stmt 1 view .LVU1823
  40:../../libDaisy/src/hid/usb.h **** 
 7350              		.loc 4 40 5 is_stmt 0 view .LVU1824
 7351              	.LBE1830:
 7352              	.LBB1831:
 7353              	.LBI1831:
  96:../../libDaisy/src/sys/system.h ****     ~System() {}
 7354              		.loc 3 96 5 is_stmt 1 view .LVU1825
  96:../../libDaisy/src/sys/system.h ****     ~System() {}
 7355              		.loc 3 96 5 is_stmt 0 view .LVU1826
 7356              	.LBE1831:
 7357              	.LBB1832:
 7358              	.LBI1832:
 7359              		.file 15 "../../libDaisy/src/per/sai.h"
   1:../../libDaisy/src/per/sai.h **** #pragma once
   2:../../libDaisy/src/per/sai.h **** #ifndef DSY_SAI_H
   3:../../libDaisy/src/per/sai.h **** #define DSY_SAI_H
   4:../../libDaisy/src/per/sai.h **** 
   5:../../libDaisy/src/per/sai.h **** #include "daisy_core.h"
   6:../../libDaisy/src/per/sai.h **** 
   7:../../libDaisy/src/per/sai.h **** namespace daisy
   8:../../libDaisy/src/per/sai.h **** {
   9:../../libDaisy/src/per/sai.h **** /** 
  10:../../libDaisy/src/per/sai.h ****  * Support for I2S Audio Protocol with different bit-depth, samplerate options
  11:../../libDaisy/src/per/sai.h ****  * Allows for master or slave, as well as freedom of selecting direction, 
  12:../../libDaisy/src/per/sai.h ****  * and other behavior for each peripheral, and block.
  13:../../libDaisy/src/per/sai.h ****  * 
  14:../../libDaisy/src/per/sai.h ****  * DMA Transfer commands must use buffers located within non-cached memory or use cache maintenance
  15:../../libDaisy/src/per/sai.h ****  * To declare an unitialized global element in the DMA memory section:
  16:../../libDaisy/src/per/sai.h ****  *    int32_t DSY_DMA_BUFFER_SECTOR my_buffer[96];
  17:../../libDaisy/src/per/sai.h ****  *
  18:../../libDaisy/src/per/sai.h ****  * Callback functions will be called once per half of the buffer. In the above example, 
  19:../../libDaisy/src/per/sai.h ****  * the callback function would be called once for every 48 samples.
  20:../../libDaisy/src/per/sai.h ****  * 
  21:../../libDaisy/src/per/sai.h ****  * Use SAI Handle like this:
  22:../../libDaisy/src/per/sai.h ****  * 
  23:../../libDaisy/src/per/sai.h ****  *  SaiHandle::Config sai_config;
  24:../../libDaisy/src/per/sai.h ****  *  sai_config.periph          = SaiHandle::Config::Peripheral::SAI_1;
  25:../../libDaisy/src/per/sai.h ****  *  sai_config.sr              = SaiHandle::Config::SampleRate::SAI_48KHZ;
  26:../../libDaisy/src/per/sai.h ****  *  sai_config.bit_depth       = SaiHandle::Config::BitDepth::SAI_24BIT;
  27:../../libDaisy/src/per/sai.h ****  *  sai_config.a_sync          = SaiHandle::Config::Sync::MASTER;
  28:../../libDaisy/src/per/sai.h ****  *  sai_config.b_sync          = SaiHandle::Config::Sync::SLAVE;
  29:../../libDaisy/src/per/sai.h ****  *  sai_config.a_dir           = SaiHandle::Config::Direction::RECEIVE;
  30:../../libDaisy/src/per/sai.h ****  *  sai_config.b_dir           = SaiHandle::Config::Direction::TRANSMIT;
  31:../../libDaisy/src/per/sai.h ****  *  sai_config.pin_config.fs   = {DSY_GPIOE, 4};
  32:../../libDaisy/src/per/sai.h ****  *  sai_config.pin_config.mclk = {DSY_GPIOE, 2};
  33:../../libDaisy/src/per/sai.h ****  *  sai_config.pin_config.sck  = {DSY_GPIOE, 5};
  34:../../libDaisy/src/per/sai.h ****  *  sai_config.pin_config.sa   = {DSY_GPIOE, 6};
  35:../../libDaisy/src/per/sai.h ****  *  sai_config.pin_config.sb   = {DSY_GPIOE, 3};
  36:../../libDaisy/src/per/sai.h ****  *  // Then Initialize
  37:../../libDaisy/src/per/sai.h ****  *  SaiHandle sai;
ARM GAS  /tmp/ccuCWtjx.s 			page 200


  38:../../libDaisy/src/per/sai.h ****  *  sai.Init(sai_config);
  39:../../libDaisy/src/per/sai.h ****  *  // Now you can use it:
  40:../../libDaisy/src/per/sai.h ****  *  sai.StartDma(. . .);
  41:../../libDaisy/src/per/sai.h ****  */
  42:../../libDaisy/src/per/sai.h **** class SaiHandle
  43:../../libDaisy/src/per/sai.h **** {
  44:../../libDaisy/src/per/sai.h ****   public:
  45:../../libDaisy/src/per/sai.h ****     /** Contains settings for initialising an SAI Interface */
  46:../../libDaisy/src/per/sai.h ****     struct Config
  47:../../libDaisy/src/per/sai.h ****     {
  48:../../libDaisy/src/per/sai.h ****         /** Specifies the internal peripheral to use (mapped to different hardware pins) */
  49:../../libDaisy/src/per/sai.h ****         enum class Peripheral
  50:../../libDaisy/src/per/sai.h ****         {
  51:../../libDaisy/src/per/sai.h ****             SAI_1,
  52:../../libDaisy/src/per/sai.h ****             SAI_2,
  53:../../libDaisy/src/per/sai.h ****         };
  54:../../libDaisy/src/per/sai.h **** 
  55:../../libDaisy/src/per/sai.h ****         /** Rate at which samples will be streaming to/from the device. */
  56:../../libDaisy/src/per/sai.h ****         enum class SampleRate
  57:../../libDaisy/src/per/sai.h ****         {
  58:../../libDaisy/src/per/sai.h ****             SAI_8KHZ,
  59:../../libDaisy/src/per/sai.h ****             SAI_16KHZ,
  60:../../libDaisy/src/per/sai.h ****             SAI_32KHZ,
  61:../../libDaisy/src/per/sai.h ****             SAI_48KHZ,
  62:../../libDaisy/src/per/sai.h ****             SAI_96KHZ,
  63:../../libDaisy/src/per/sai.h ****         };
  64:../../libDaisy/src/per/sai.h **** 
  65:../../libDaisy/src/per/sai.h ****         /** Bit Depth that the hardware expects to be transferred to/from the device. */
  66:../../libDaisy/src/per/sai.h ****         enum class BitDepth
  67:../../libDaisy/src/per/sai.h ****         {
  68:../../libDaisy/src/per/sai.h ****             SAI_16BIT,
  69:../../libDaisy/src/per/sai.h ****             SAI_24BIT,
  70:../../libDaisy/src/per/sai.h ****             SAI_32BIT,
  71:../../libDaisy/src/per/sai.h ****         };
  72:../../libDaisy/src/per/sai.h **** 
  73:../../libDaisy/src/per/sai.h ****         /** Specifies whether a particular block is the master or the slave 
  74:../../libDaisy/src/per/sai.h ****          ** If both are set to slave, no MCLK signal will be used, and it is
  75:../../libDaisy/src/per/sai.h ****          ** expected that the codec will have its own xtal.
  76:../../libDaisy/src/per/sai.h ****          */
  77:../../libDaisy/src/per/sai.h ****         enum class Sync
  78:../../libDaisy/src/per/sai.h ****         {
  79:../../libDaisy/src/per/sai.h ****             MASTER,
  80:../../libDaisy/src/per/sai.h ****             SLAVE,
  81:../../libDaisy/src/per/sai.h ****         };
  82:../../libDaisy/src/per/sai.h **** 
  83:../../libDaisy/src/per/sai.h ****         /** Specifies the direction for each peripheral block. */
  84:../../libDaisy/src/per/sai.h ****         enum class Direction
  85:../../libDaisy/src/per/sai.h ****         {
  86:../../libDaisy/src/per/sai.h ****             TRANSMIT,
  87:../../libDaisy/src/per/sai.h ****             RECEIVE,
  88:../../libDaisy/src/per/sai.h ****         };
  89:../../libDaisy/src/per/sai.h **** 
  90:../../libDaisy/src/per/sai.h ****         Peripheral periph;
  91:../../libDaisy/src/per/sai.h ****         struct
  92:../../libDaisy/src/per/sai.h ****         {
  93:../../libDaisy/src/per/sai.h ****             dsy_gpio_pin mclk, fs, sck, sa, sb;
  94:../../libDaisy/src/per/sai.h ****         } pin_config;
ARM GAS  /tmp/ccuCWtjx.s 			page 201


  95:../../libDaisy/src/per/sai.h ****         SampleRate sr;
  96:../../libDaisy/src/per/sai.h ****         BitDepth   bit_depth;
  97:../../libDaisy/src/per/sai.h ****         Sync       a_sync, b_sync;
  98:../../libDaisy/src/per/sai.h ****         Direction  a_dir, b_dir;
  99:../../libDaisy/src/per/sai.h ****     };
 100:../../libDaisy/src/per/sai.h **** 
 101:../../libDaisy/src/per/sai.h ****     /** Return values for SAI functions */
 102:../../libDaisy/src/per/sai.h ****     enum class Result
 103:../../libDaisy/src/per/sai.h ****     {
 104:../../libDaisy/src/per/sai.h ****         OK,
 105:../../libDaisy/src/per/sai.h ****         ERR,
 106:../../libDaisy/src/per/sai.h ****     };
 107:../../libDaisy/src/per/sai.h **** 
 108:../../libDaisy/src/per/sai.h ****     SaiHandle() : pimpl_(nullptr) {}
 7360              		.loc 15 108 5 is_stmt 1 view .LVU1827
 7361              	.LBB1833:
 7362              	.LBB1834:
 7363              		.loc 15 108 19 is_stmt 0 view .LVU1828
 7364 0012 DC63     		str	r4, [r3, #60]
 7365              	.LVL587:
 7366              		.loc 15 108 19 view .LVU1829
 7367              	.LBE1834:
 7368              	.LBE1833:
 7369              	.LBE1832:
 7370              	.LBE1835:
 7371              	.LBE1836:
  15:OLED.cpp      **** MyOledDisplay display;
 7372              		.loc 1 15 15 discriminator 1 view .LVU1830
 7373 0014 FFF7FEFF 		bl	__aeabi_atexit
 7374              	.LVL588:
 7375              	.LBB1837:
 7376              	.LBI1837:
  17:../../libDaisy/src/hid/disp/oled_display.h ****     virtual ~OledDisplay() {}
 7377              		.loc 7 17 5 is_stmt 1 view .LVU1831
 7378              	.LBB1838:
 7379              	.LBB1839:
 7380              	.LBB1840:
 7381              	.LBI1840:
 218:../../libDaisy/src/hid/disp/display.h ****     virtual ~OneBitGraphicsDisplayImpl() {}
 7382              		.loc 9 218 5 view .LVU1832
 7383              	.LBB1841:
 7384              	.LBI1841:
  22:../../libDaisy/src/hid/disp/display.h ****     virtual ~OneBitGraphicsDisplay() {}
 7385              		.loc 9 22 5 view .LVU1833
  22:../../libDaisy/src/hid/disp/display.h ****     virtual ~OneBitGraphicsDisplay() {}
 7386              		.loc 9 22 5 is_stmt 0 view .LVU1834
 7387              	.LBE1841:
 7388              	.LBE1840:
 7389              	.LBB1842:
 7390              	.LBB1843:
 7391              	.LBB1844:
 7392              	.LBB1845:
 7393              	.LBB1846:
  94:../../libDaisy/src/per/spi.h ****         }
  95:../../libDaisy/src/per/spi.h **** 
  96:../../libDaisy/src/per/spi.h ****         Peripheral    periph;
  97:../../libDaisy/src/per/spi.h ****         Mode          mode;
ARM GAS  /tmp/ccuCWtjx.s 			page 202


  98:../../libDaisy/src/per/spi.h ****         Direction     direction;
  99:../../libDaisy/src/per/spi.h ****         unsigned long datasize;
 100:../../libDaisy/src/per/spi.h ****         ClockPolarity clock_polarity;
 101:../../libDaisy/src/per/spi.h ****         ClockPhase    clock_phase;
 102:../../libDaisy/src/per/spi.h ****         NSS           nss;
 103:../../libDaisy/src/per/spi.h ****         BaudPrescaler baud_prescaler;
 104:../../libDaisy/src/per/spi.h ****     };
 105:../../libDaisy/src/per/spi.h **** 
 106:../../libDaisy/src/per/spi.h ****     SpiHandle() : pimpl_(nullptr) {}
 7394              		.loc 12 106 19 view .LVU1835
 7395 0018 0748     		ldr	r0, .L433+12
 7396              	.LBE1846:
 7397              	.LBE1845:
 7398              	.LBE1844:
 7399              	.LBE1843:
 7400              	.LBE1842:
  17:../../libDaisy/src/hid/disp/oled_display.h ****     virtual ~OledDisplay() {}
 7401              		.loc 7 17 19 discriminator 1 view .LVU1836
 7402 001a 084B     		ldr	r3, .L433+16
 7403              	.LBB1853:
 7404              	.LBB1851:
 7405              	.LBB1849:
 7406              	.LBB1848:
 7407              	.LBB1847:
 7408              		.loc 12 106 19 view .LVU1837
 7409 001c 8460     		str	r4, [r0, #8]
 7410              	.LBE1847:
 7411              	.LBE1848:
 7412              	.LBE1849:
 7413              	.LBE1851:
 7414              	.LBE1853:
 7415              	.LBE1839:
 7416              	.LBE1838:
 7417              	.LBE1837:
  15:OLED.cpp      **** MyOledDisplay display;
 7418              		.loc 1 15 15 view .LVU1838
 7419 001e 054A     		ldr	r2, .L433+8
 7420 0020 0749     		ldr	r1, .L433+20
 7421              	.LBB1857:
 7422              	.LBB1856:
 7423              	.LBB1855:
  17:../../libDaisy/src/hid/disp/oled_display.h ****     virtual ~OledDisplay() {}
 7424              		.loc 7 17 19 discriminator 1 view .LVU1839
 7425 0022 0360     		str	r3, [r0]
 7426              	.LVL589:
 7427              	.LBB1854:
 7428              	.LBI1842:
 245:../../libDaisy/src/dev/oled_ssd130x.h **** {
 7429              		.loc 8 245 7 is_stmt 1 view .LVU1840
 7430              	.LBB1852:
 7431              	.LBI1843:
  65:../../libDaisy/src/dev/oled_ssd130x.h **** {
 7432              		.loc 8 65 7 view .LVU1841
 7433              	.LBB1850:
 7434              	.LBI1844:
 7435              		.loc 12 106 5 view .LVU1842
 7436              		.loc 12 106 5 is_stmt 0 view .LVU1843
ARM GAS  /tmp/ccuCWtjx.s 			page 203


 7437              	.LBE1850:
 7438              	.LBE1852:
 7439              	.LBE1854:
 7440              	.LBE1855:
 7441              	.LBE1856:
 7442              	.LBE1857:
 7443              	.LBE1858:
 7444              	.LBE1860:
 7445              		.loc 1 51 1 view .LVU1844
 7446 0024 BDE81040 		pop	{r4, lr}
 7447              		.cfi_restore 14
 7448              		.cfi_restore 4
 7449              		.cfi_def_cfa_offset 0
 7450              	.LBB1861:
 7451              	.LBB1859:
  15:OLED.cpp      **** MyOledDisplay display;
 7452              		.loc 1 15 15 view .LVU1845
 7453 0028 FFF7FEBF 		b	__aeabi_atexit
 7454              	.LVL590:
 7455              	.L434:
 7456              		.align	2
 7457              	.L433:
 7458 002c 00000000 		.word	hw
 7459 0030 00000000 		.word	_ZN5daisy9DaisySeedD1Ev
 7460 0034 00000000 		.word	__dso_handle
 7461 0038 00000000 		.word	display
 7462 003c 08000000 		.word	_ZTVN5daisy11OledDisplayINS_13SSD130xDriverILj128ELj64ENS_24SSD130x4WireSpiTransportEEEEE+8
 7463 0040 00000000 		.word	_ZN5daisy11OledDisplayINS_13SSD130xDriverILj128ELj64ENS_24SSD130x4WireSpiTransportEEEED1Ev
 7464              	.LBE1859:
 7465              	.LBE1861:
 7466              		.cfi_endproc
 7467              	.LFE2458:
 7469              		.section	.init_array,"aw",%init_array
 7470              		.align	2
 7471 0000 00000000 		.word	_GLOBAL__sub_I_hw(target1)
 7472              		.weak	_ZTVN5daisy11OledDisplayINS_13SSD130xDriverILj128ELj64ENS_24SSD130x4WireSpiTransportEEEEE
 7473              		.section	.rodata._ZTVN5daisy11OledDisplayINS_13SSD130xDriverILj128ELj64ENS_24SSD130x4WireSpiTransp
 7474              		.align	2
 7477              	_ZTVN5daisy11OledDisplayINS_13SSD130xDriverILj128ELj64ENS_24SSD130x4WireSpiTransportEEEEE:
 7478 0000 00000000 		.word	0
 7479 0004 00000000 		.word	0
 7480 0008 00000000 		.word	_ZN5daisy11OledDisplayINS_13SSD130xDriverILj128ELj64ENS_24SSD130x4WireSpiTransportEEEED1Ev
 7481 000c 00000000 		.word	_ZN5daisy11OledDisplayINS_13SSD130xDriverILj128ELj64ENS_24SSD130x4WireSpiTransportEEEED0Ev
 7482 0010 00000000 		.word	_ZNK5daisy11OledDisplayINS_13SSD130xDriverILj128ELj64ENS_24SSD130x4WireSpiTransportEEEE6Heig
 7483 0014 00000000 		.word	_ZNK5daisy11OledDisplayINS_13SSD130xDriverILj128ELj64ENS_24SSD130x4WireSpiTransportEEEE5Widt
 7484 0018 00000000 		.word	_ZN5daisy11OledDisplayINS_13SSD130xDriverILj128ELj64ENS_24SSD130x4WireSpiTransportEEEE4FillE
 7485 001c 00000000 		.word	_ZN5daisy11OledDisplayINS_13SSD130xDriverILj128ELj64ENS_24SSD130x4WireSpiTransportEEEE9DrawP
 7486 0020 00000000 		.word	_ZN5daisy25OneBitGraphicsDisplayImplINS_11OledDisplayINS_13SSD130xDriverILj128ELj64ENS_24SSD
 7487 0024 00000000 		.word	_ZN5daisy25OneBitGraphicsDisplayImplINS_11OledDisplayINS_13SSD130xDriverILj128ELj64ENS_24SSD
 7488 0028 00000000 		.word	_ZN5daisy25OneBitGraphicsDisplayImplINS_11OledDisplayINS_13SSD130xDriverILj128ELj64ENS_24SSD
 7489 002c 00000000 		.word	_ZN5daisy25OneBitGraphicsDisplayImplINS_11OledDisplayINS_13SSD130xDriverILj128ELj64ENS_24SSD
 7490 0030 00000000 		.word	_ZN5daisy25OneBitGraphicsDisplayImplINS_11OledDisplayINS_13SSD130xDriverILj128ELj64ENS_24SSD
 7491 0034 00000000 		.word	_ZN5daisy25OneBitGraphicsDisplayImplINS_11OledDisplayINS_13SSD130xDriverILj128ELj64ENS_24SSD
 7492 0038 00000000 		.word	_ZN5daisy11OledDisplayINS_13SSD130xDriverILj128ELj64ENS_24SSD130x4WireSpiTransportEEEE6Updat
 7493              		.global	display
 7494              		.section	.bss.display,"aw",%nobits
 7495              		.align	2
ARM GAS  /tmp/ccuCWtjx.s 			page 204


 7498              	display:
 7499 0000 00000000 		.space	1044
 7499      00000000 
 7499      00000000 
 7499      00000000 
 7499      00000000 
 7500              		.global	hw
 7501              		.section	.bss.hw,"aw",%nobits
 7502              		.align	2
 7505              	hw:
 7506 0000 00000000 		.space	64
 7506      00000000 
 7506      00000000 
 7506      00000000 
 7506      00000000 
 7507              		.text
 7508              	.Letext0:
 7509              		.file 16 "/usr/arm-none-eabi/include/machine/_default_types.h"
 7510              		.file 17 "/usr/arm-none-eabi/include/sys/_stdint.h"
 7511              		.file 18 "/usr/arm-none-eabi/include/stdint.h"
 7512              		.file 19 "/usr/lib/gcc/arm-none-eabi/14.2.0/include/stddef.h"
 7513              		.file 20 "/usr/arm-none-eabi/include/c++/14.2.0/bits/std_abs.h"
 7514              		.file 21 "/usr/arm-none-eabi/include/c++/14.2.0/cstdlib"
 7515              		.file 22 "/usr/arm-none-eabi/include/c++/14.2.0/cstdint"
 7516              		.file 23 "/usr/arm-none-eabi/include/c++/14.2.0/arm-none-eabi/thumb/v7e-m+dp/hard/bits/c++config.h
 7517              		.file 24 "/usr/arm-none-eabi/include/c++/14.2.0/type_traits"
 7518              		.file 25 "/usr/arm-none-eabi/include/c++/14.2.0/debug/debug.h"
 7519              		.file 26 "/usr/arm-none-eabi/include/c++/14.2.0/cstdarg"
 7520              		.file 27 "/usr/arm-none-eabi/include/c++/14.2.0/cstdio"
 7521              		.file 28 "/usr/arm-none-eabi/include/c++/14.2.0/cstring"
 7522              		.file 29 "/usr/arm-none-eabi/include/c++/14.2.0/bits/predefined_ops.h"
 7523              		.file 30 "/usr/arm-none-eabi/include/sys/_types.h"
 7524              		.file 31 "/usr/arm-none-eabi/include/sys/reent.h"
 7525              		.file 32 "/usr/arm-none-eabi/include/sys/lock.h"
 7526              		.file 33 "/usr/arm-none-eabi/include/c++/14.2.0/bits/stl_pair.h"
 7527              		.file 34 "/usr/arm-none-eabi/include/math.h"
 7528              		.file 35 "/usr/arm-none-eabi/include/stdlib.h"
 7529              		.file 36 "/usr/arm-none-eabi/include/c++/14.2.0/math.h"
 7530              		.file 37 "/usr/lib/gcc/arm-none-eabi/14.2.0/include/stdarg.h"
 7531              		.file 38 "/usr/arm-none-eabi/include/stdio.h"
 7532              		.file 39 "/usr/arm-none-eabi/include/c++/14.2.0/stdlib.h"
 7533              		.file 40 "../../libDaisy/src/daisy_core.h"
 7534              		.file 41 "../../libDaisy/src/util/wav_format.h"
 7535              		.file 42 "../../libDaisy/src/dev/max11300.h"
 7536              		.file 43 "../../libDaisy/src/per/gpio.h"
 7537              		.file 44 "../../libDaisy/src/dev/sdram.h"
 7538              		.file 45 "../../libDaisy/src/util/oled_fonts.h"
 7539              		.file 46 "/usr/arm-none-eabi/include/string.h"
 7540              		.file 47 "/usr/arm-none-eabi/include/c++/14.2.0/new"
 7541              		.file 48 "../../libDaisy/src/dev/sr_595.h"
 7542              		.file 49 "<built-in>"
ARM GAS  /tmp/ccuCWtjx.s 			page 205


DEFINED SYMBOLS
                            *ABS*:00000000 OLED.cpp
     /tmp/ccuCWtjx.s:20     .text._ZN5daisy9DaisySeedD2Ev:00000000 $t
     /tmp/ccuCWtjx.s:27     .text._ZN5daisy9DaisySeedD2Ev:00000000 _ZN5daisy9DaisySeedD2Ev
     /tmp/ccuCWtjx.s:27     .text._ZN5daisy9DaisySeedD2Ev:00000000 _ZN5daisy9DaisySeedD1Ev
     /tmp/ccuCWtjx.s:70     .text._ZN5daisy11OledDisplayINS_13SSD130xDriverILj128ELj64ENS_24SSD130x4WireSpiTransportEEEE4FillEb:00000000 $t
     /tmp/ccuCWtjx.s:77     .text._ZN5daisy11OledDisplayINS_13SSD130xDriverILj128ELj64ENS_24SSD130x4WireSpiTransportEEEE4FillEb:00000000 _ZN5daisy11OledDisplayINS_13SSD130xDriverILj128ELj64ENS_24SSD130x4WireSpiTransportEEEE4FillEb
     /tmp/ccuCWtjx.s:112    .text._ZN5daisy11OledDisplayINS_13SSD130xDriverILj128ELj64ENS_24SSD130x4WireSpiTransportEEEED2Ev:00000000 $t
     /tmp/ccuCWtjx.s:119    .text._ZN5daisy11OledDisplayINS_13SSD130xDriverILj128ELj64ENS_24SSD130x4WireSpiTransportEEEED2Ev:00000000 _ZN5daisy11OledDisplayINS_13SSD130xDriverILj128ELj64ENS_24SSD130x4WireSpiTransportEEEED2Ev
     /tmp/ccuCWtjx.s:119    .text._ZN5daisy11OledDisplayINS_13SSD130xDriverILj128ELj64ENS_24SSD130x4WireSpiTransportEEEED2Ev:00000000 _ZN5daisy11OledDisplayINS_13SSD130xDriverILj128ELj64ENS_24SSD130x4WireSpiTransportEEEED1Ev
     /tmp/ccuCWtjx.s:147    .text._ZNK5daisy11OledDisplayINS_13SSD130xDriverILj128ELj64ENS_24SSD130x4WireSpiTransportEEEE6HeightEv:00000000 $t
     /tmp/ccuCWtjx.s:154    .text._ZNK5daisy11OledDisplayINS_13SSD130xDriverILj128ELj64ENS_24SSD130x4WireSpiTransportEEEE6HeightEv:00000000 _ZNK5daisy11OledDisplayINS_13SSD130xDriverILj128ELj64ENS_24SSD130x4WireSpiTransportEEEE6HeightEv
     /tmp/ccuCWtjx.s:171    .text._ZNK5daisy11OledDisplayINS_13SSD130xDriverILj128ELj64ENS_24SSD130x4WireSpiTransportEEEE5WidthEv:00000000 $t
     /tmp/ccuCWtjx.s:178    .text._ZNK5daisy11OledDisplayINS_13SSD130xDriverILj128ELj64ENS_24SSD130x4WireSpiTransportEEEE5WidthEv:00000000 _ZNK5daisy11OledDisplayINS_13SSD130xDriverILj128ELj64ENS_24SSD130x4WireSpiTransportEEEE5WidthEv
     /tmp/ccuCWtjx.s:195    .text._ZN5daisy11OledDisplayINS_13SSD130xDriverILj128ELj64ENS_24SSD130x4WireSpiTransportEEEED0Ev:00000000 $t
     /tmp/ccuCWtjx.s:202    .text._ZN5daisy11OledDisplayINS_13SSD130xDriverILj128ELj64ENS_24SSD130x4WireSpiTransportEEEED0Ev:00000000 _ZN5daisy11OledDisplayINS_13SSD130xDriverILj128ELj64ENS_24SSD130x4WireSpiTransportEEEED0Ev
     /tmp/ccuCWtjx.s:244    .text._ZN5daisy11OledDisplayINS_13SSD130xDriverILj128ELj64ENS_24SSD130x4WireSpiTransportEEEE6UpdateEv:00000000 $t
     /tmp/ccuCWtjx.s:251    .text._ZN5daisy11OledDisplayINS_13SSD130xDriverILj128ELj64ENS_24SSD130x4WireSpiTransportEEEE6UpdateEv:00000000 _ZN5daisy11OledDisplayINS_13SSD130xDriverILj128ELj64ENS_24SSD130x4WireSpiTransportEEEE6UpdateEv
     /tmp/ccuCWtjx.s:431    .text._ZN5daisy25OneBitGraphicsDisplayImplINS_11OledDisplayINS_13SSD130xDriverILj128ELj64ENS_24SSD130x4WireSpiTransportEEEEEE9WriteCharEc7FontDefb:00000000 $t
     /tmp/ccuCWtjx.s:438    .text._ZN5daisy25OneBitGraphicsDisplayImplINS_11OledDisplayINS_13SSD130xDriverILj128ELj64ENS_24SSD130x4WireSpiTransportEEEEEE9WriteCharEc7FontDefb:00000000 _ZN5daisy25OneBitGraphicsDisplayImplINS_11OledDisplayINS_13SSD130xDriverILj128ELj64ENS_24SSD130x4WireSpiTransportEEEEEE9WriteCharEc7FontDefb
     /tmp/ccuCWtjx.s:925    .text._ZN5daisy25OneBitGraphicsDisplayImplINS_11OledDisplayINS_13SSD130xDriverILj128ELj64ENS_24SSD130x4WireSpiTransportEEEEEE9WriteCharEc7FontDefb:000001b0 $d
     /tmp/ccuCWtjx.s:933    .text._ZN5daisy25OneBitGraphicsDisplayImplINS_11OledDisplayINS_13SSD130xDriverILj128ELj64ENS_24SSD130x4WireSpiTransportEEEEEE11WriteStringEPKc7FontDefb:00000000 $t
     /tmp/ccuCWtjx.s:940    .text._ZN5daisy25OneBitGraphicsDisplayImplINS_11OledDisplayINS_13SSD130xDriverILj128ELj64ENS_24SSD130x4WireSpiTransportEEEEEE11WriteStringEPKc7FontDefb:00000000 _ZN5daisy25OneBitGraphicsDisplayImplINS_11OledDisplayINS_13SSD130xDriverILj128ELj64ENS_24SSD130x4WireSpiTransportEEEEEE11WriteStringEPKc7FontDefb
     /tmp/ccuCWtjx.s:1474   .text._ZN5daisy25OneBitGraphicsDisplayImplINS_11OledDisplayINS_13SSD130xDriverILj128ELj64ENS_24SSD130x4WireSpiTransportEEEEEE11WriteStringEPKc7FontDefb:00000204 $d
     /tmp/ccuCWtjx.s:1484   .text._ZN5daisy11OledDisplayINS_13SSD130xDriverILj128ELj64ENS_24SSD130x4WireSpiTransportEEEE9DrawPixelEjjb:00000000 $t
     /tmp/ccuCWtjx.s:1491   .text._ZN5daisy11OledDisplayINS_13SSD130xDriverILj128ELj64ENS_24SSD130x4WireSpiTransportEEEE9DrawPixelEjjb:00000000 _ZN5daisy11OledDisplayINS_13SSD130xDriverILj128ELj64ENS_24SSD130x4WireSpiTransportEEEE9DrawPixelEjjb
     /tmp/ccuCWtjx.s:1553   .text._ZN5daisy25OneBitGraphicsDisplayImplINS_11OledDisplayINS_13SSD130xDriverILj128ELj64ENS_24SSD130x4WireSpiTransportEEEEEE8DrawLineEjjjjb:00000000 $t
     /tmp/ccuCWtjx.s:1560   .text._ZN5daisy25OneBitGraphicsDisplayImplINS_11OledDisplayINS_13SSD130xDriverILj128ELj64ENS_24SSD130x4WireSpiTransportEEEEEE8DrawLineEjjjjb:00000000 _ZN5daisy25OneBitGraphicsDisplayImplINS_11OledDisplayINS_13SSD130xDriverILj128ELj64ENS_24SSD130x4WireSpiTransportEEEEEE8DrawLineEjjjjb
     /tmp/ccuCWtjx.s:1831   .text._ZN5daisy25OneBitGraphicsDisplayImplINS_11OledDisplayINS_13SSD130xDriverILj128ELj64ENS_24SSD130x4WireSpiTransportEEEEEE7DrawArcEjjjiib:00000000 $t
     /tmp/ccuCWtjx.s:1838   .text._ZN5daisy25OneBitGraphicsDisplayImplINS_11OledDisplayINS_13SSD130xDriverILj128ELj64ENS_24SSD130x4WireSpiTransportEEEEEE7DrawArcEjjjiib:00000000 _ZN5daisy25OneBitGraphicsDisplayImplINS_11OledDisplayINS_13SSD130xDriverILj128ELj64ENS_24SSD130x4WireSpiTransportEEEEEE7DrawArcEjjjiib
     /tmp/ccuCWtjx.s:2511   .text._ZN5daisy25OneBitGraphicsDisplayImplINS_11OledDisplayINS_13SSD130xDriverILj128ELj64ENS_24SSD130x4WireSpiTransportEEEEEE7DrawArcEjjjiib:00000340 $d
     /tmp/ccuCWtjx.s:2518   .text._ZN5daisy25OneBitGraphicsDisplayImplINS_11OledDisplayINS_13SSD130xDriverILj128ELj64ENS_24SSD130x4WireSpiTransportEEEEEE7DrawArcEjjjiib:00000350 $t
     /tmp/ccuCWtjx.s:2729   .text._ZN5daisy25OneBitGraphicsDisplayImplINS_11OledDisplayINS_13SSD130xDriverILj128ELj64ENS_24SSD130x4WireSpiTransportEEEEEE18WriteStringAlignedEPKcRK7FontDefNS_9RectangleENS_9AlignmentEb:00000000 $t
     /tmp/ccuCWtjx.s:2736   .text._ZN5daisy25OneBitGraphicsDisplayImplINS_11OledDisplayINS_13SSD130xDriverILj128ELj64ENS_24SSD130x4WireSpiTransportEEEEEE18WriteStringAlignedEPKcRK7FontDefNS_9RectangleENS_9AlignmentEb:00000000 _ZN5daisy25OneBitGraphicsDisplayImplINS_11OledDisplayINS_13SSD130xDriverILj128ELj64ENS_24SSD130x4WireSpiTransportEEEEEE18WriteStringAlignedEPKcRK7FontDefNS_9RectangleENS_9AlignmentEb
     /tmp/ccuCWtjx.s:2891   .text._ZN5daisy25OneBitGraphicsDisplayImplINS_11OledDisplayINS_13SSD130xDriverILj128ELj64ENS_24SSD130x4WireSpiTransportEEEEEE18WriteStringAlignedEPKcRK7FontDefNS_9RectangleENS_9AlignmentEb:00000056 $d
     /tmp/ccuCWtjx.s:2900   .text._ZN5daisy25OneBitGraphicsDisplayImplINS_11OledDisplayINS_13SSD130xDriverILj128ELj64ENS_24SSD130x4WireSpiTransportEEEEEE18WriteStringAlignedEPKcRK7FontDefNS_9RectangleENS_9AlignmentEb:00000068 $t
     /tmp/ccuCWtjx.s:4205   .text._ZN5daisy25OneBitGraphicsDisplayImplINS_11OledDisplayINS_13SSD130xDriverILj128ELj64ENS_24SSD130x4WireSpiTransportEEEEEE18WriteStringAlignedEPKcRK7FontDefNS_9RectangleENS_9AlignmentEb:00000364 $d
     /tmp/ccuCWtjx.s:4209   .text._ZN5daisy25OneBitGraphicsDisplayImplINS_11OledDisplayINS_13SSD130xDriverILj128ELj64ENS_24SSD130x4WireSpiTransportEEEEEE18WriteStringAlignedEPKcRK7FontDefNS_9RectangleENS_9AlignmentEb:0000036c $t
     /tmp/ccuCWtjx.s:4415   .text._ZN5daisy25OneBitGraphicsDisplayImplINS_11OledDisplayINS_13SSD130xDriverILj128ELj64ENS_24SSD130x4WireSpiTransportEEEEEE18WriteStringAlignedEPKcRK7FontDefNS_9RectangleENS_9AlignmentEb:0000042c $d
     /tmp/ccuCWtjx.s:4423   .text._ZN5daisy25OneBitGraphicsDisplayImplINS_11OledDisplayINS_13SSD130xDriverILj128ELj64ENS_24SSD130x4WireSpiTransportEEEEEE8DrawRectEjjjjbb:00000000 $t
     /tmp/ccuCWtjx.s:4430   .text._ZN5daisy25OneBitGraphicsDisplayImplINS_11OledDisplayINS_13SSD130xDriverILj128ELj64ENS_24SSD130x4WireSpiTransportEEEEEE8DrawRectEjjjjbb:00000000 _ZN5daisy25OneBitGraphicsDisplayImplINS_11OledDisplayINS_13SSD130xDriverILj128ELj64ENS_24SSD130x4WireSpiTransportEEEEEE8DrawRectEjjjjbb
     /tmp/ccuCWtjx.s:5621   .text._ZN5daisy13SSD130xDriverILj128ELj64ENS_24SSD130x4WireSpiTransportEE4InitENS2_6ConfigE:00000000 $t
     /tmp/ccuCWtjx.s:5628   .text._ZN5daisy13SSD130xDriverILj128ELj64ENS_24SSD130x4WireSpiTransportEE4InitENS2_6ConfigE:00000000 _ZN5daisy13SSD130xDriverILj128ELj64ENS_24SSD130x4WireSpiTransportEE4InitENS2_6ConfigE
     /tmp/ccuCWtjx.s:6401   .rodata.main.str1.4:00000000 $d
     /tmp/ccuCWtjx.s:6417   .text.startup.main:00000000 $t
     /tmp/ccuCWtjx.s:6424   .text.startup.main:00000000 main
     /tmp/ccuCWtjx.s:6616   .text.startup.main:000000a2 $d
     /tmp/ccuCWtjx.s:6620   .text.startup.main:000000aa $t
     /tmp/ccuCWtjx.s:7240   .text.startup.main:000002a0 $d
     /tmp/ccuCWtjx.s:7505   .bss.hw:00000000 hw
     /tmp/ccuCWtjx.s:7498   .bss.display:00000000 display
     /tmp/ccuCWtjx.s:7257   .text.startup._GLOBAL__sub_I_hw:00000000 $t
     /tmp/ccuCWtjx.s:7263   .text.startup._GLOBAL__sub_I_hw:00000000 _GLOBAL__sub_I_hw
     /tmp/ccuCWtjx.s:7458   .text.startup._GLOBAL__sub_I_hw:0000002c $d
     /tmp/ccuCWtjx.s:7477   .rodata._ZTVN5daisy11OledDisplayINS_13SSD130xDriverILj128ELj64ENS_24SSD130x4WireSpiTransportEEEEE:00000000 _ZTVN5daisy11OledDisplayINS_13SSD130xDriverILj128ELj64ENS_24SSD130x4WireSpiTransportEEEEE
     /tmp/ccuCWtjx.s:7470   .init_array:00000000 $d
     /tmp/ccuCWtjx.s:7474   .rodata._ZTVN5daisy11OledDisplayINS_13SSD130xDriverILj128ELj64ENS_24SSD130x4WireSpiTransportEEEEE:00000000 $d
ARM GAS  /tmp/ccuCWtjx.s 			page 206


     /tmp/ccuCWtjx.s:7495   .bss.display:00000000 $d
     /tmp/ccuCWtjx.s:7502   .bss.hw:00000000 $d
                           .group:00000000 _ZN5daisy9DaisySeedD5Ev
                           .group:00000000 _ZN5daisy11OledDisplayINS_13SSD130xDriverILj128ELj64ENS_24SSD130x4WireSpiTransportEEEED5Ev

UNDEFINED SYMBOLS
memset
_ZdlPvj
dsy_gpio_write
_ZN5daisy9SpiHandle16BlockingTransmitEPhjm
cosf
sinf
strlen
dsy_gpio_init
_ZN5daisy9SpiHandle4InitERKNS0_6ConfigE
_ZN5daisy6System5DelayEm
_ZN5daisy9DaisySeed9ConfigureEv
_ZN5daisy9DaisySeed4InitEb
_ZN5daisy9DaisySeed6GetPinEh
Font_11x18
__aeabi_atexit
__dso_handle
