:020000040800F2
:1000000000000220990600089506000855490008DE
:1000100095060008950600089506000800000000F7
:10002000000000000000000000000000950600082D
:10003000950600080000000095060008D948000851
:100040009506000895060008950600089506000824
:100050009506000895060008950600089506000814
:10006000950600089506000895060008193800084E
:100070002538000895060008313800083D3800088A
:1000800069DC0008492D000895060008950600085F
:1000900095060008950600089506000895060008D4
:1000A00095060008950600089506000895060008C4
:1000B00081D000088DD0000899D000087D2D00085F
:1000C00095060008892D000895060008454200089D
:1000D000514200089DDA0008C9DA0008FDDA00087C
:1000E0009506000895060008000000009506000827
:1000F0009506000895060008950600089506000874
:100100009506000895060008A5D000085D42000885
:1001100031DB000865DB000895060008950600083D
:10012000950600089506000881420008B5420008BF
:100130009DDC000895060008950600089506000855
:1001400000000000000000000000000000000000AF
:1001500095060008950600089506000899DB00083A
:10016000952D000895060008E94800080D4900088B
:100170009506000831490008950600089506000814
:100180009506000895060008CDDB000801DC000894
:1001900069420008754200089506000895060008A7
:1001A00095060008950600089506000895060008C3
:1001B00039350008950600089506000895060008E0
:1001C00095060008950600089506000895060008A3
:1001D0009506000895060008950600089506000893
:1001E0009506000895060008950600089506000883
:1001F0009506000895060008950600089506000873
:100200009506000895060008950600089506000862
:100210009506000895060008950600089506000852
:1002200095060008950600089506000800000000E5
:1002300095060008950600080000000095060008D5
:100240009506000895060008950600089506000822
:100250009506000895060008950600089506000812
:100260009506000895060008950600089506000802
:10027000950600089506000835DC0008000000001F
:100280009506000895060008950600080000000085
:080290000000000095060008C3
:10029800034613F8012B002AFBD1181A01387047BE
:1002A80081F0004102E000BF83F0004330B54FEA1F
:1002B80041044FEA430594EA050F08BF90EA020F8C
:1002C8001FBF54EA000C55EA020C7FEA645C7FEA1F
:1002D800655C00F0E2804FEA5454D4EB5555B8BF42
:1002E8006D420CDD2C4480EA020281EA030382EAB3
:1002F800000083EA010180EA020281EA0303362D45
:1003080088BF30BD11F0004F4FEA01314FF4801C17
:100318004CEA113102D0404261EB410113F0004F29
:100328004FEA03334CEA133302D0524263EB4303E0
:1003380094EA050F00F0A780A4F10104D5F1200E7E
:100348000DDB02FA0EFC22FA05F2801841F10001D9
:1003580003FA0EF2801843FA05F359410EE0A5F1AD
:1003680020050EF1200E012A03FA0EFC28BF4CF0DE
:10037800020C43FA05F3C01851EBE37101F0004594
:1003880007D54FF0000EDCF1000C7EEB00006EEBA1
:100398000101B1F5801F1BD3B1F5001F0CD349082B
:1003A8005FEA30004FEA3C0C04F101044FEA445282
:1003B80012F5800F80F09A80BCF1004F08BF5FEA09
:1003C800500C50F1000041EB045141EA050130BDE9
:1003D8005FEA4C0C404141EB0101013C28BFB1F5FB
:1003E800801FE9D291F0000F04BF01460020B1FA46
:1003F80081F308BF2033A3F10B03B3F120020CDA19
:100408000C3208DD02F1140CC2F10C0201FA0CF0F6
:1004180021FA02F10CE002F11402D8BFC2F1200C5B
:1004280001FA02F120FA0CFCDCBF41EA0C01904011
:10043800E41AA2BF01EB0451294330BD6FEA04045A
:100448001F3C1CDA0C340EDC04F11404C4F1200245
:1004580020FA04F001FA02F340EA030021FA04F357
:1004680045EA030130BDC4F10C04C4F1200220FAAE
:1004780002F001FA04F340EA0300294630BD21FAEC
:1004880004F0294630BD94F0000F83F4801306BFB2
:1004980081F480110134013D4EE77FEA645C18BFA6
:1004A8007FEA655C29D094EA050F08BF90EA020F3D
:1004B80005D054EA000C04BF1946104630BD91EA35
:1004C800030F1EBF0021002030BD5FEA545C05D138
:1004D8004000494128BF41F0004130BD14F5800477
:1004E8003CBF01F5801130BD01F0004545F0FE41EB
:1004F80041F470014FF0000030BD7FEA645C1ABF20
:10050800194610467FEA655C1CBF0B46024650EA56
:10051800013406BF52EA033591EA030F41F4002182
:1005280030BD00BF90F0000F04BF0021704730B508
:100538004FF4806404F132044FF000054FF00001DD
:1005480050E700BF90F0000F04BF0021704730B59E
:100558004FF4806404F1320410F0004548BF404273
:100568004FF000013EE700BF42004FEAE2014FEAC8
:1005780031014FEA02701FBF12F07F4393F07F4FA3
:1005880081F06051704732F07F4208BF704793F0A6
:100598007F4F04BF41F40021704730B54FF46074B9
:1005A80001F0004521F000411CE700BF50EA0102BC
:1005B80008BF704730B54FF000050AE050EA010265
:1005C80008BF704730B511F0004502D5404261EBD5
:1005D80041014FF4806404F132045FEA915C3FF416
:1005E800D8AE4FF003025FEADC0C18BF03325FEAB3
:1005F800DC0C18BF033202EBDC02C2F1200300FA64
:1006080003FC20FA02F001FA03FE40EA0E0021FA88
:1006180002F11444BDE600BF53B94AB9002908BF26
:1006280000281CBF4FF0FF314FF0FF3000F00CB82E
:10063800ADF1080C6DE904CE10F0E8F8DDF804E03F
:10064800DDE9022304B07047704700BF10B5054CC0
:10065800237833B9044B13B10448AFF30080012366
:10066800237010BDD803002400000000E41B01081B
:1006780008B5034B1BB103490348AFF3008008BD1D
:1006880000000000DC030024E41B0108FEE700BFB3
:100698000C4A0D4B934204D0D21A0C49184610F05C
:1006A80003F80B4A0B4B934204D0D21A0021184688
:1006B8000FF0B6FF04F0A0FB0FF0D0FF01F062FAD4
:1006C800FEE700BFD803002400000024141C010822
:1006D80004360024D8030024704700BF49424FF471
:1006E80080621430C9B20FF09BBF00BF704700BFD3
:1006F800402070478020704710B5044640F21441EE
:100708000FF0CBFC204610BD2DE9F043B02683B096
:1007180000F1080500F1140800F2144905F1080475
:10072800002700218DF807602046013602F0B4F951
:10073800642301220DF107012846F6B203F0E4FF15
:10074800204639468DF8077002F0A6F90122642385
:100758000DF10701284603F0D7FF1023394620463C
:100768008DF8073002F098F9642301220DF1070192
:10077800284603F0C9FF0121204602F08DF94146C1
:1007880008F1800864238022284603F0BDFFC8458D
:10079800C4D103B0BDE8F0832DE9F04F87B0A1F1D3
:1007A800200906AC9DF8407004E90C005FFA89F353
:1007B8005E2B7CD803688846634A0646DB689DF84A
:1007C800105093429DF8114040F094808020B388E7
:1007D8002B4483426BDC33685C4A9B68934240F04D
:1007E8008B804020F2881319834260DCB6F804A09D
:1007F800002C64D06FF000430599944604FB09333C
:1008080004FB094401EB4303023903F1020901EB3C
:10081800440B5C88002D4ED04146CDE902B2BCF1B4
:100828003F0FCDF8049052464FF0000394BF4FF0AD
:1008380000084FF00108A1460EE04CB902EBC010C9
:100848000BFA0EFE3044047D07B344EA0E04047527
:1008580001330132AB4220D009FA03F07F2A94BF5A
:10086800444648F001040CF0070E4FF0010B10F459
:10087800004F4FEADC00E0D1002CE9D102EBC010B8
:100888000BFA0EFE3044047D002FDED0013324EA3B
:100898000E040132AB420475DED1DDF804900CF190
:1008A800010C029B4B4522D039F8024FB7E70020D4
:1008B80007B0BDE8F08FCB4509F10209FBD13368D9
:1008C80005EB0A042048D968A4B2814227D1802CBC
:1008D80028BF7F249B681D49B4808B420FD13F2AD3
:1008E80000D93F224046F28007B0BDE8F08F039A56
:1008F8008846E4E798476AE73046984772E70192E6
:1009080030469847019A8242ECD333680F4A9B6875
:100918009342E6D030469847431E9AB2E2E70192E6
:100928003046884784423368019AD3D3D968064849
:10093800814206D030468847441E3368A4B2019AE3
:10094800C8E77F24C6E700BFFD060008F9060008CF
:100958002DE9F04F89B00D7808AC9DF8488004E97E
:100968000C00002D00F0B4809DF818B02C46079BB1
:100978008A4606469DF819205D460593A4F120098C
:100988005FFA89F35E2B00F2A78033687149DB6850
:100998008B4240F0AB808020B3882B44834200F325
:1009A8009B8033686C499B688B4240F0A480402050
:1009B800F788BB18834200F38F80B188002A66D07D
:1009C8006FF00043059802FB093302FB092900EB8D
:1009D80043030238B3F802C000EB490B384603F171
:1009E8000209002D4FD043468846CDE901B4194687
:1009F8005446CDE903273F28CDF800904246A1464A
:100A080094BF4FF0000A4FF0010A00230C460EE095
:100A180049B902EBC7170BFA0EFE3744397D04B308
:100A280041EA0E01397501330132AB4220D00CFA8C
:100A380003F77F2A94BF51464AF0010100F0070EE0
:100A48004FF0010B17F4004F4FEAD007E0D100290F
:100A5800E9D102EBC7170BFA0EFE3744397D002C9B
:100A6800DED0013321EA0E010132AB423975DED105
:100A78002146019B4C46DDF8009001304B452DD0B6
:100A880039F802CFB7E7CB4509F10209FBD105EBED
:100A9800010931682F48CB681FFA89F9834241D18F
:100AA800B9F1800F28BF4FF07F098B682A49A6F853
:100AB80004908B4224D13F2F00D93F27F7809AF822
:100AC8000000A04205D11AF8014F002C7FF456AF60
:100AD800002009B0BDE8F08F0024F0E70B46A246DD
:100AE8004146029C9846DDE90327D0E7009230464C
:100AF8009847009A50E7009230469847009A57E77F
:100B08000092304698478742009AD7D333681249F3
:100B18009B688B42D1D0009230469847431E009A7A
:100B28009FB2CBE700923046984781453168009ADA
:100B3800BBD3CB680748834208D03046984700F1BA
:100B4800FF3931681FFA89F9009AAEE74FF07F093B
:100B5800ABE700BFFD060008F90600087F2914D896
:100B68003F2A12D84FEAD20C02F0070201EBCC114F
:100B78004FF0010C08440CFA02F1027D13B10A434C
:100B88000275704722EA0102027570472DE9F04F9D
:100B980083B05D1A0C9E002D9DF83490A6EB0208D8
:100BA800B8BF6D42B8F1000FB8BFC8F100088B425A
:100BB80094BF4FF0FF3A4FF0010A9642A5EB080E9A
:100BC8004DD84FF0FF347F2B019412D83F2E10D808
:100BD800F40806F007074FF0010C03EBC4140CFAF5
:100BE80007FC0444277DB9F1000F3FD047EA0C0702
:100BF80027758B4201D1964229D0C8F100077F2979
:100C080014D83F2A12D8D40802F0070B4FF0010C71
:100C180001EBC4140CFA0BFC044494F814B0B9F1B9
:100C2800000F17D04BEA0C0B84F814B0B7EB4E0F3B
:100C38004FEA4E0402DAAEEB080E5144A54202DD3B
:100C4800019CAE4422449942D9D19642D7D103B0EF
:100C5800BDE8F08F2BEA0C0B84F814B0E6E701240A
:100C68003F2E0194C9D87F2BB2D9C6E727EA0C07D3
:100C78008B422775BFD0C0E72DE9F04F2DED068BCD
:100C880083B0164698460D469DF850700190DDE9F0
:100C980012231344139A002A04DA52421392129A26
:100CA8001293134607EE903AB8EEE76BDDED127A31
:100CB8009FEDC15BB8EEE77B9FEDC14B27EE057B4F
:100CC80026EE056B87EE040B86EE045BF7EEC08B11
:100CD800B0EE680AB7EEC5AB0FF0DEFA07EE908A01
:100CE800B0EE408AB0EE680AF8EE679A0FF0DCF9C9
:100CF800F0EE408AB0EE4A0A0FF0CEFAB0EE409A13
:100D0800B0EE4A0A0FF0D0F968EEE98A20EE690AD7
:100D180029EE888A29EE899A70EE687AF0EE006AE0
:100D280039EE487A67EEA77AE7EE077AF4EEE67AC4
:100D3800F1EE10FA06D5139BB42B40F397804FF0D1
:100D4800010901E04FF000090124AE46C8F1000393
:100D5800CDF80090A4EB080C2146224600200CFA9E
:100D680004FC2546B946F046009F002F69D1594238
:100D780006EE900A424207EE901AB8EEE66A06EED0
:100D8800903AB8EEE77A07EE902A66EE084A139A88
:100D9800F8EEE77A27EE284AB42AF8EEE66A67EE14
:100DA800885A74EEC43A26EEA85A26EE096A66EE08
:100DB800806A67EE897A27EE007AF5EEC03A40F34A
:100DC8000381F1EE10FA00F15D8176EE473A74EE98
:100DD800C54AF5EEC03AF1EE10FAF5EEC04ACCBFBE
:100DE80001220022F1EE10FA00F1558136EE666A12
:100DF80035EEC55AB5EEC06AF1EE10FAB5EEC05A36
:100E0800CCBF01210021F1EE10FA00F14D8177EEFF
:100E1800E66AF5EEC06AF1EE10FACCBF01240024B0
:100E280075EEC45AF5EEC05AF1EE10FA00F12581BC
:100E380077EEC77AF5EEC07AF1EE10FACCBF01254D
:100E48000025002A40F0928000296CD1F4B9002DC9
:100E58003ED160455EDB01300CEB400ED8420EF10E
:100E6800010E08D0634558DB002B0DDD03B0BDEC47
:100E7800068BBDE8F08F63454FDB002BF4DA0133B6
:100E88000EEB430E0EF1010EF4466DE703EB080E70
:100E9800A6EB000ABEF17F0FD9D8BAF13F0FD6D81A
:100EA8004FEADA0B019F0AF0070A0EEBCB1E4FF050
:100EB800010BBE440BFA0AFB9EF814A0B9F1000F0F
:100EC80000F0B8804AEA0B0A8EF814A0002DC0D0B2
:100ED800A8EB030EA6EB000ABEF17F0FB9D8BAF152
:100EE8003F0FB6D84FEADA0B019F0AF0070A0EEB5C
:100EF800CB1E4FF0010BBE440BFA0AFB9EF814A060
:100F0800B9F1000F00F091804AEA0B0A60458EF8AB
:100F180014A0A0DA6345E646A6DA01330EEB430EC9
:100F28000EF1010EA0E703EB080E00EB060ABEF176
:100F38007F0F8BD8BAF13F0F88D84FEADA0B019FA1
:100F48000AF0070A0EEBCB1E4FF0010BBE440BFA5A
:100F58000AFB9EF814A0B9F1000F5ED04AEA0B0A0A
:100F68008EF814A0002C3FF472AF8FE7A8EB030EA5
:100F780000EB060ABEF17F0F3FF666AFBAF13F0FEE
:100F88003FF662AF4FEADA0B019F0AF0070A0EEB51
:100F9800CB1E4FF0010BBE440BFA0AFB9EF814A0BF
:100FA800B9F1000F31D04AEA0B0A8EF814A00029D3
:100FB8003FF44CAFB7E700BF7A008BFCFA21094039
:100FC8000000000000806640F1EE10FA4BD4009A51
:100FD80074EEC54AF5EEC04AF1EE10FA39D4002194
:100FE80035EEC55AB5EEC05AF1EE10FA27D40024F2
:100FF80075EEC45AF5EEC05AF1EE10FA3FF518AF87
:101008000025002A3FF420AFB0E72AEA0B0A8EF841
:1010180014A000293FF41AAF85E72AEA0B0A8EF8D4
:1010280014A0002C3FF413AF30E72AEA0B0A8EF81D
:1010380014A00EE72AEA0B0A8EF814A007E777EE49
:10104800E66AF5EEC06AF1EE10FACCBF012400247E
:10105800CEE736EE666AB5EEC06AF1EE10FACCBF9E
:1010680001210021BCE776EE473AF5EEC03AF1EEF1
:1010780010FACCBF01220022AAE70125002A3FF47A
:10108800E3AE73E774EEC54A0122F5EEC04AF1EE0D
:1010980010FA7FF5ABAE35EEC55A0121B5EEC05A50
:1010A800F1EE10FA7FF5B3AE0124B9E62DE9F04F61
:1010B800074610468BB0994610F8013B92468B467E
:1010C800149D159C9DF858801BB1FFF7E1F8431C4F
:1010D8009BB299F8002099F801E012FB03F3B5F9E7
:1010E80000C00FFA8EF6B5F904201BB2B5F9060058
:1010F80023EAE371B5F90230082C00F2BE81DFE87B
:1011080014F0F50025012E013C0145015101630150
:101118006A01090000286244B980B8BF0130521A38
:10112800FE8003EB600095B2A0EB56033D809CB2B5
:101138007C80DBF80030B649DA688A4240F0F180FA
:10114800802D28BF7F259A68B24BABF804509A428D
:10115800049340F0A4813F2C00D93F24D9F80430EF
:10116800ABF806409AF8005099F8006099F8012009
:101178000893002D00F0B6802C4645460997039148
:10118800A4F120085FFA88F35E2B00F23481DBF8C3
:1011980000300399DB688B4240F034818020BBF833
:1011A800043033449842C0F22681DBF800300499B9
:1011B8009B688B4240F030814020BBF80670BB181A
:1011C8009842C0F21881BBF80410002A64D06FF06E
:1011D8000043089802FB083302FB082800EB43038E
:1011E8000238B3F802C000EB4809384603F1020898
:1011F800002E4DD0CDF808900797CDE9054254460A
:101208003F28CDF804800A464FF0000394BF4FF002
:1012180000094FF0010988460EE049B902EBC717EB
:101228000AFA0EFE5F44397D05B341EA0E013975AD
:10123800013301329E4220D00CFA03F77F2A94BF73
:10124800494649F0010100F0070E4FF0010A17F472
:10125800004F4FEAD007E0D10029E9D102EBC717C8
:101268000AFA0EFE5F44397D002DDED0013321EAF3
:101278000E0101329E423975DED14146029BDDF8EE
:1012880004800130984500F0B88038F802CFB7E7FD
:10129800C14508F10208FBD106EB0108DBF8001094
:1012A8000398CB681FFA88F8834240F0CF80B8F1E2
:1012B800800F28BF4FF07F088B680499ABF8048033
:1012C8008B4240F0AE803F2F00D93F27ABF8067025
:1012D8009AF80030A34204D11AF8014F002C7FF489
:1012E8004FAF099F38460BB0BDE8F08F002AB98090
:1012F800FE80B8BF01320028B8BF01300CEB620590
:1013080003EB6004DBF80030A5EB61054049A4EB72
:101318005604DA68ADB2A4B28A423D807C803FF4BC
:101328000FAF0191584690478542DBF8003001998C
:10133800FFF409AFDA688A4200F0C980584690473E
:10134800431E01999DB2DBF80030FCE61FFA8CF5CC
:10135800B9809CB2FE80A7F800C07B80E9E6002A2D
:101368009CB27B80B8BF0132FE80B9800CEB620270
:10137800A2EB61039DB23D80DBE662449CB27B80B8
:10138800531AFE80B9809DB23D80D2E61C181FFA20
:101398008CF5B980A4EB0E04FE80A7F800C0A4B2B7
:1013A8007C80C6E6002A03EB0004FE80B8BF013249
:1013B800A4EB0E040CEB6202A2EB61039DB2B980B0
:1013C800A4B23D807C80B4E61C186244FE80A4EB85
:1013D8000E04531AF2E700281FFA8CF5B980B8BF3B
:1013E8000130A7F800C0FE8003EB6000A0EB5603B5
:1013F8009CB27C809DE600246AE7A246059CDDE954
:10140800062749E7019258469847019AC7E600BF60
:10141800FD060008F9060008019258469847019A07
:10142800CBE60192584698478742019AFFF44EAF9F
:10143800DBF8003004999B688B423FF446AF019279
:1014480058469847431E019A9FB23FE70192584673
:1014580098478045DBF80010019AFFF42DAFCB6860
:101468000398834230D05846984700F1FF38DBF89C
:1014780000101FFA88F8019A1EE7DBF80000002325
:101488001549C2683B608A427B6022D182681C464B
:101498001248ABF80430824204903FF45FAE0191E9
:1014A80058469047A04201993FF658AEDBF8003005
:1014B800049A9B6893423FF450AE0191584698476E
:1014C800441E0199A4B249E64FF07F08F4E67F254F
:1014D80039E61D461C4624E7FD060008F906000803
:1014E8002DE9F04F85B096469C469DF840400E9BEE
:1014F8009DF83C207CB361452AD89E4525D87F2994
:10150800754694BF0027012706E048EA060884F8D4
:1015180014800135AB4218D3EC083F2D05F00708BD
:101528004FF0010601EBC414F3D8002FF1D10444A5
:1015380006FA08F694F81480002AE6D1013528EA5C
:101548000608AB4284F81480E6D201318C45D4D227
:1015580005B0BDE8F08FACEB0109B9F1000FB8BFD9
:10156800C9F10009BCF17F0F94BF00270127BEF124
:101578003F0F94BF4FF0000B4FF0010B6145C0F0D7
:101588002F814FF0FF3AA7B9BBF1000F11D14FEAF5
:10159800DE040EF0070501260CEBC414AE4004442B
:1015A800257D002A00F05C81354325754FF0000B3E
:1015B8005F46614526D0C84675460E4601970E938C
:1015C8007F2E10D83F2D0ED8EC08012706EBC41447
:1015D800031905F0070407FA04F41F7D002A00F038
:1015E800138127431F754FEA4804002CC8BF56448F
:1015F800A14501DDC844013DB445E1D1AE45DFD187
:10160800019F0E9BA3EB0E09B9F1000FB8BFC9F1FA
:1016180000099E4580F001813F2BC9F1000894BF65
:1016280000240124002F40F03381002C40F0308149
:1016380001240194DC0803F0070501260CEBC4140F
:10164800AE400444257D002A00F0128135432575FB
:1016580000249E452DD0C24675466646CDE902B4A3
:101668007F2E14D83F2D12D8EC084FF0010B05F04F
:10167800070706EBC4140BFA07F7044494F814B0F0
:10168800002A00F0C5804BEA070B84F814B0BAEBC7
:10169800480F4FEA480402DAA8EB0908013E002C7B
:1016A80001DA019C2544B445DAD1AB42D8D1DDE951
:1016B80002B4A1EB0C08B8F1000FB8BFC8F10008DC
:1016C800614540F2C0807F294FF0010994BF002690
:1016D80001268CB986B9DC0803F00705012601EB61
:1016E800C414AE400444257D002A00F0C58035436B
:1016F80025750026614526D047461D460196BCF152
:101708007F0F13D83F2D11D8EC084FF0010A0CEBCE
:10171800C414061905F007040AFA04F496F814A08C
:10172800002A6CD04AEA040A86F814A07C00002C2F
:10173800C8BFCC44A04501DD4744013D6145DED129
:101748009D42DCD1019EAEEB030CBCF1000FB8BF8B
:10175800CCF1000C9E456CD9CCF10007BBF1000F11
:1017680040F09280002E40F08F804FF001094FEA40
:10177800DE040EF00705012601EBC414AE40044454
:10178800257D002A70D0354325759E453FF4E0AE8F
:10179800B8460D467F2D11D83F2B0FD8DC0803F033
:1017A800070A012605EBC41406FA0AF6044494F85D
:1017B80014A0FAB14AEA060A84F814A0B8EB470F55
:1017C8004FEA470402DAA7EB0C07013D002CB8BF2B
:1017D8004B44A942DED19E45DCD105B0BDE8F08F6F
:1017E8004FF0010A002F7FF4E6AEBBF1000F3FF483
:1017F800CEAEE0E62AEA060A84F814A0DEE72AEA72
:10180800040A86F814A091E727EA04071F75EAE698
:101818002BEA070B84F814B039E73F2BC9F100080D
:1018280094BF002401245FBB54BB4FF0FF340194E4
:1018380000E7CCF100074FF0FF39BBF1000FA4D14E
:10184800002E94D0A1E77F294FF0FF3994BF0026DE
:101858000126002C7FF44EAF002E3FF43CAF49E741
:1018680025EA06052575A1E625EA060525758CE70E
:1018780025EA06052575EBE625EA0605257538E708
:101888004FF0FF350195E4E6B8464FF0010980E7CF
:101898000125C2460195DFE684B02DE9F04182B00A
:1018A8000125064604460DF124088572274688E876
:1018B8000E00BDF84C3026F8083F304601F010F80D
:1018C800BDF84E30A57127F8043F384601F008F8F6
:1018D8004146204602F090FE0021384601F0DCF82F
:1018E8000A2003F0A3F829463846002701F0D4F867
:1018F8000A2003F09BF8AE23304600218DF807300C
:1019080001F0CAF82A460DF107016423204602F0C7
:10191800FBFED523304600218DF8073001F0BCF8D6
:101928002A460DF107016423204602F0EDFE8023CC
:10193800304600218DF8073001F0AEF82A460DF147
:1019480007016423204602F0DFFEA8233046002169
:101958008DF8073001F0A0F82A460DF1070164233D
:10196800204602F0D1FE3F23304600218DF8073093
:1019780001F092F82A460DF107016423204602F08F
:10198800C3FEDA23304600218DF8073001F084F8D1
:101998002A460DF107016423204602F0B5FE122302
:1019A800304600218DF8073001F076F82A460DF10F
:1019B80007016423204602F0A7FED3233046002106
:1019C8008DF8073001F068F82A4664230DF1070105
:1019D800204602F099FE394630468DF8077001F02E
:1019E8005BF82A460DF107016423204602F08CFEBD
:1019F8004023394630468DF8073001F04DF82A4625
:101A08000DF107016423204602F07EFEA623394625
:101A180030468DF8073001F03FF82A460DF10701EE
:101A28006423204602F070FEA423394630468DF820
:101A3800073001F031F82A460DF1070164232046EA
:101A480002F062FE8D23394630468DF8073001F0EA
:101A580023F82A460DF107016423204602F054FEBC
:101A68001423394630468DF8073001F015F82A4618
:101A78000DF107016423204602F046FEA1233946F2
:101A880030468DF8073001F007F82A460DF10701B6
:101A98006423204602F038FEC823394630468DF8C4
:101AA800073000F0F9FF2A460DF1070164232046AC
:101AB80002F02AFE8123394630468DF8073000F0BF
:101AC800EBFF2A460DF107016423204602F01CFEB5
:101AD8008F23394630468DF8073000F0DDFF2A465F
:101AE8000DF107016423204602F00EFED923394682
:101AF80030468DF8073000F0CFFF2A460DF1070178
:101B08006423204602F000FE2523394630468DF82E
:101B1800073000F0C1FF2A460DF107016423204673
:101B280002F0F2FDDB23394630468DF8073000F02D
:101B3800B3FF2A460DF107016423204602F0E4FDB5
:101B48003423394630468DF8073000F0A5FF2A4681
:101B58000DF107016423204602F0D6FDAF23394674
:101B680030468DF8073000F097FF64232A460DF1C0
:101B78000701204602F0C8FD02B0BDE8F04104B0FC
:101B8800704700BF2DE9F04FA648BBB000F086F9BA
:101B98000021A4484FF0000800F054FA40F606323D
:101BA800A14B0A20ADF83C200FAD109300F078F956
:101BB80003461E201AAC1DAFADF8643000F070F972
:101BC80002230B220121CDF85480CDF858806E46AF
:101BD8001391ADF86600ADF83E20DFF878B2CDE994
:101BE80017330823CDE9118814930FCD0FC40FCDF7
:101BF8000FC495E8070084E807000FCF0FC697E8E1
:101C08000F0086E80F001AAB454688480ECBFFF751
:101C180043FE4FF4FA7002F009FF6B1E032B00F22B
:101C2800FA80DFE813F0E700E500E3000400804BEA
:101C380093E80300ADF86C10090C1A908DF86E103B
:101C48006B1C7C4CFF217C48DBB2A4FB03244FF4C3
:101C5800806204F0FC0505EB94041B1BDDB20EF05A
:101C6800DFFC0023754ACBF804309DF8683092F801
:101C780000A051785768002B7DD01AACB94627468A
:101C8800203BDAB25E2A76D8BBF804E00EEB0A04F1
:101C9800802C70DCBBF80620501840286BDC00292B
:101CA8005AD06FF00046A9F10208104601FB0366FE
:101CB80001FB031309EB460608EB430806F1020C87
:101CC8007688BAF1000F43D0CDF820E00D92CDE927
:101CD8000B91A146CDE909573F28089A4FF0000318
:101CE80094BF002701270DE045B902EBC1110EFA98
:101CF80004F459440D7D25EA04050D7501330132BC
:101D080053451ED006FA03F17F2A94BF3D4647F09B
:101D1800010500F007044FF0010E11F4004F4FEADF
:101D2800D001E1D1002DE9D102EBC1110EFA04F482
:101D380001330132594453450D7D44EA05040C75BD
:101D4800E0D1E04500F101005DD03CF8026FC3E747
:101D5800E0450CF1020CFBD1A3B27F2B28BF7F23F7
:101D6800402AABF8043008BF3F2217F8013FABF810
:101D78000620002B84D1304FB024002600213048A3
:101D88008DF83B4000F088FE642301220DF13B01F1
:101D9800264802F0B9FC3146294801348DF83B60E9
:101DA80000F07AFE012264230DF13B011F4802F086
:101DB800ABFC1023314622488DF83B3000F06CFE16
:101DC800642301220DF13B01184802F09DFC01211A
:101DD8001B48E4B200F060FE3946642380221348B1
:101DE800803702F091FCB82CC7D112E7154B1FE7DA
:101DF800154B1DE7154A1AAB07CA03C323F8022B74
:101E0800120C1A701CE74C46DDF82C90DDE90957D6
:101E1800DDE90C12A0E70E4B1AAC0FCB07C42370F8
:101E28000EE700BF080800240105060AFC03002489
:101E38004C0B0108CDCCCCCC080400248401002430
:101E480004040024440B01083C0B0108300B010872
:101E5800200B0108F40300240A4B0B490B4A1846CF
:101E680010B500241C605C611C62DC630EF010F984
:101E78000748084B8460054A07490360BDE81040DD
:101E88000EF006B908080024E10600080000002446
:101E9800F40300245C0B0108F5060008704700BF36
:101EA800202882B009D8084B03EB400213F8103001
:101EB800507843EA002002B0704701230C2043EA1F
:101EC800002002B0704700BF900B010810B540F227
:101ED80003338EB000244FF60B7240F20341ADF885
:101EE800083009A80123ADF81020ADF824202246B7
:101EF800ADF80C100094029907940C94CDE90544B0
:101F0800CDE90A4400F0F0FB04A801232246039916
:101F1800009400F0E9FB09A800F0CCFC10B90120FE
:101F28000EB010BD04A800F0C5FCA0420CBF0220F2
:101F380020460EB010BD00BF2DE9F04103239AB032
:101F4800012700240646CDE914373B4BCDE9104361
:101F580040F20453CDE91647ADF84830FFF7B6FF15
:101F6800B842054625D0022845D040F60132334B09
:101F78000DF12C081894ADF82C200B981997CDF872
:101F88004A3000F0E3F810A906F13C0001F058FCD3
:101F9800302003224FF07E5341460D930E93CDE936
:101FA8000B02F26B06F1140000F04CFB1AB0BDE80E
:101FB800F0811023214A06A906908DF828300DF1EA
:101FC8002C081F4BCDF84A2007930294CDE918043A
:101FD800CDE9080402A800F0DFFE0823029A03A94D
:101FE8004046ADF80C508DF80E40049505930B94BF
:101FF80000F0ECF8C7E700200121104B0DF12C0888
:102008003A460094CDF84A304FF60B730C94ADF86D
:102018002C302346CDE9180140F601314046ADF891
:1020280018100699CDE90D4400F05EFB21464046A4
:1020380000F04CFCA7E700BF0402040404060403F4
:102048000704010B2DE9F04704462DED028B82B001
:1020580000294DD0012140F2011200230091ADF872
:1020680004208DF80630364A0127364B04F104095E
:10207800354904F12908626040F20272A36040F613
:102088000663E16004F1250AA4F82520A4F82930A4
:10209800278284F8277084F82B7002F063FE0546C7
:1020A80002F0C6FC6946064650BB4DB304F1300049
:1020B8008DF8067002F0DEFD072D3CD104F1140501
:1020C8002046FFF739FF284600F0F8FA2846B0EE18
:1020D800408A00F0EFFAD0ED007AF8EE677A88EEE1
:1020E800277A84ED0E7A02B0BDEC028BBDE8F0874A
:1020F80040F2011300918DF80610ADF80430B2E7F4
:1021080004F1300002F0B6FD072D11D049462046F3
:1021180001F08AF80EB9002DD0D1504600F0E0FB4E
:10212800404600F0DDFB04F1120000F079F9C5E744
:10213800002EF2D1C2E74946204601F075F8BDE706
:102148000508050905070506050A060610B584B041
:1021580003460124ADF8040003A8ADF80C30ADF82F
:102168000E4000F0BDFB214603A800F095FC204678
:1021780002F05CFC002103A800F08EFC204602F06F
:1021880055FC214603A800F087FC04B010BD00BF31
:1021980010B5C2F3002384B00C46017C8DF80D20E5
:1021A80043EA4402FA2402238DF80C2003AA00947F
:1021B80000F088FE18B10124204604B010BD044682
:1021C8000A2002F033FC204604B010BD034670B567
:1021D80043F8042B044684B007C983E80700A379B1
:1021E80083B91A210B461E22FA2523742046ADF81E
:1021F8000C20022303AA009500F064FE28B10120F8
:1022080004B070BD1B210B46EDE70A2002F00EFC5E
:102218004FF4B85200950223ADF80C20204603AACB
:10222800217C00F04FFE0028E9D10A2002F0FEFBD5
:1022380041F2027200950223ADF80C20204603AA51
:10224800217C00F03FFE0028D9D10A2002F0EEFBE5
:10225800042200950223ADF80C20204603AA217C15
:1022680000F030FE0028CAD10A2002F0DFFB062267
:1022780000950223ADF80C20204603AA217C00F02B
:1022880021FE0028BBD10A2002F0D0FB41F208222F
:1022980000950223ADF80C20204603AA217C00F00B
:1022A80011FE0028ABD10A20064602F0BFFB0095BC
:1022B800022303AA217C2046ADF80C6000F002FE40
:1022C80000289CD1304602F0B1FB009522790C23FE
:1022D8002046002A8DF80C3003AA4FF0020314BFE1
:1022E800622142218DF80D10217C00F0EBFD0028C1
:1022F80085D1304602F09AFB2279D4E902310B43AA
:10230800DBB20AB943F0400362790AB143F0200313
:102318000E22FA258DF80D302046009502238DF8FF
:102328000C2003AA217C00F0CDFD00287FF467AFC4
:102338000A2002F07BFB102200950223ADF80C2046
:10234800204603AA217C00F0BDFD00287FF457AF8A
:102358000A2002F06BFB122100950223ADF80C1045
:1023680003AA217C204600F0ADFD00287FF447AF8A
:102378000A2002F05BFB012209212046FFF708FF33
:10238800003818BF01203BE7F0B5102387B0234C75
:10239800012200250126002702A920460195CDE942
:1023A80002234FF48052CDE9046708F00DFB642046
:1023B80002F07EFF02A94FF480522046CDE904675F
:1023C80002261027CDE9026708F0FEFA032210233F
:1023D80002A92046CDE9022300230422CDE90423E3
:1023E8004FF4805208F0F0FA40F23223042202A996
:1023F800019310232046CDE90223019A0123059277
:102408004FF48052049308F0DFFA40F606012046A4
:1024180008F0FAFA284607B0F0BD00BF50080024BB
:102428001C4B00221C494FF0400C30B5054689B0C2
:102438000220596007219A601A620124DA620A228E
:102448004FF4006EDC6006922022CDE900010420E2
:102458000821CDE9020103201021CDE9040108205B
:102468006946C3E904024FF4C072181DC3E906C2E5
:102478004FF48052C3E909E208F07CFA38B92846DB
:10248800FFF782FF003818BF012009B030BD204691
:1024980009B030BD4C08002440410052614A002177
:1024A800D0B513688EB00A91002B40F0B9805E4B0E
:1024B80001214FF683700C2411600221D3F8D42037
:1024C8000026032742F48052C3F8D420D3F8D4203E
:1024D80002F480520092009AD3F8E02042F01002F1
:1024E800C3F8E020D3F8E02002F010020192019A2C
:1024F800D3F8E02042F04002C3F8E020D3F8E0200F
:1025080002F040020292029AD3F8E02042F0080258
:10251800C3F8E020D3F8E02002F008020392039AFF
:10252800D3F8E02042F48072C3F8E020D3F8E0202A
:1025380002F480720492049AD3F8E02042F08002F8
:10254800C3F8E020D3F8E02002F080020592059A53
:10255800D3F8E02042F02002C3F8E020D3F8E020CE
:1025680002F020020692069AD3F8E02042F0040214
:10257800C3F8E020D3F8E0300C9403F00403079389
:102588000323079A0B93CDE9080108A9274803F00C
:1025980035FF48F23712022308A925480C94CDE9E3
:1025A8000823CDE90A6703F029FF4CF203720223DE
:1025B80008A920480C94CDE90823CDE90A6703F05F
:1025C8001DFF40F2FF62022308A91B480C94CDE9C5
:1025D8000823CDE90A6703F011FF4FF60C720223B6
:1025E80008A916480C94CDE90823CDE90A6703F039
:1025F80005FF4FF63F02022308A911480C94CDE9C4
:102608000823CDE90A6703F0F9FE2022022308A96E
:102618000A480C94CDE90A67CDE9082303F0EEFED9
:102628000EB0D0BD480800240044025800100258DB
:1026380000180258000C025800200258001C0258CA
:102648000014025830B5184C154685B0046004F1E2
:10265800080EEC460FC98EE80F00D4ED047AF5EEAB
:10266800C07A8CE80F00F1EE10FA1ADDB7EE006AB6
:1026780094ED057A27EE277AC6EE276A84ED0D7A5F
:10268800C4ED0C6A6DB1204640F8185F01F0D0F92E
:10269800064903690020064A2162A262E36005B088
:1026A80030BD012005B030BD840800240020003072
:1026B8000000003000680830704700BF006818301C
:1026C80001F0B8B910B4074B4FF07E513024002206
:1026D800032019619C60D8605DF8044B5961C3E917
:1026E800062270478408002410B592B0ADF8041093
:1026F8000180C9B2149C0B29C460C0E901233FD0F2
:1027080090F801C0BCF10F0F3AD8022A3FD0032A33
:1027180002D0012A00D000220E92012B02D0022BF7
:1027280018BF0023022C0F932CD0032C2AD0012C85
:1027380028D000230A29109327D85C4A02EB81226B
:1027480002610A2914D8DFE801F0A39587796B5D47
:102758004F4133250600564BD3F8E01041F4806111
:10276800C3F8E010D3F8E03003F480630C930C9BBB
:1027780001230DA9104603FA0CF30D9303F03EFE56
:1027880012B010BD0A291094D7D90022D8E7112217
:102798000E92C2E7464BD3F8E01041F40071C3F83B
:1027A800E010D3F8E03003F400730B930B9BDFE7E2
:1027B8003F4BD3F8E01041F48071C3F8E010D3F830
:1027C800E03003F480730A930A9BD1E7384BD3F8BF
:1027D800E01041F08001C3F8E010D3F8E03003F0D6
:1027E80080030993099BC3E7314BD3F8E01041F00C
:1027F8004001C3F8E010D3F8E03003F04003089339
:10280800089BB5E72A4BD3F8E01041F02001C3F844
:10281800E010D3F8E03003F020030793079BA7E705
:10282800234BD3F8E01041F01001C3F8E010D3F8BF
:10283800E03003F010030693069B99E71C4BD3F88E
:10284800E01041F00801C3F8E010D3F8E03003F0DD
:1028580008030593059B8BE7154BD3F8E01041F06F
:102868000401C3F8E010D3F8E03003F00403049344
:10287800049B7DE70E4BD3F8E01041F00201C3F84A
:10288800E010D3F8E03003F002030393039B6FE7F3
:10289800074BD3F8E01041F00101C3F8E010D3F87A
:1028A800E03003F001030293029B61E70000025845
:1028B8000044025808B5012143780069994089B25B
:1028C80003F0A4FF003818BF012008BD01230A4601
:1028D8004178006903FA01F189B203F09DBF00BF96
:1028E8008378022B30B504468FB037D0032B33D012
:1028F800012B31D000230A93E378012B2AD0022B35
:1029080028D000230B93002320460C9302F0AEFB43
:102918000546204602F0B2FB23780990082B13D80D
:10292800DFE803F01F3245586B7E91A40500594B30
:10293800D3F8E02042F48072C3F8E020D3F8E03006
:1029480003F480730893089B09A9284603F056FDF1
:102958000FB030BD0B93D6E70A93CDE711230A9346
:10296800CAE74C4B09A92846D3F8E02042F00102F7
:10297800C3F8E020D3F8E03003F001030093009B94
:1029880003F03CFD0FB030BD424B09A92846D3F8EF
:10299800E02042F00202C3F8E020D3F8E03003F070
:1029A80002030193019B03F029FD0FB030BD394BA1
:1029B80009A92846D3F8E02042F00402C3F8E02031
:1029C800D3F8E03003F004030293029B03F016FDF2
:1029D8000FB030BD2F4B09A92846D3F8E02042F0AC
:1029E8000802C3F8E020D3F8E03003F008030393AB
:1029F800039B03F003FD0FB030BD264B09A9284601
:102A0800D3F8E02042F01002C3F8E020D3F8E03019
:102A180003F010030493049B03F0F0FC0FB030BDE7
:102A28001C4B09A92846D3F8E02042F02002C3F83D
:102A3800E020D3F8E03003F020030593059B03F072
:102A4800DDFC0FB030BD134B09A92846D3F8E020B0
:102A580042F04002C3F8E020D3F8E03003F040032E
:102A68000693069B03F0CAFC0FB030BD094B09A9B9
:102A78002846D3F8E02042F08002C3F8E020D3F8DB
:102A8800E03003F080030793079B03F0B7FC0FB017
:102A980030BD00BF0044025870B506460D4602F02E
:102AA800E5FA0446304602F0E9FA2A1E01462046B5
:102AB80018BF0122BDE8704003F0AEBE0023122209
:102AC80070B586B0CDE9022304930368032B01D8BF
:102AD80004230593061D841D304602F0C7FA0546F7
:102AE800304602F0CBFA034601A92846019303F0C9
:102AF80085FC204602F0BAFA034620461C4602F03E
:102B0800BDFA01A903462046019303F077FC06B0FD
:102B180070BD00BF634A0368934210B58CB028D0DB
:102B2800614A934258D0614A934200F09480604AC7
:102B3800934201D00CB010BD5E4C5F48D4F8E03031
:102B480043F00203C4F8E030D4F8E03003F00203A5
:102B58000A930A9BFFF7B2FFD4F8F43043F08003DE
:102B6800C4F8F430D4F8F43003F080030B930B9BD3
:102B7800E0E7504C5148D4F8E03043F00203C4F881
:102B8800E030D4F8E03003F002030193019BFFF733
:102B980095FFD4F8E83000221F2043F400131146B3
:102BA800C4F8E830D4F8E83003F400130293029B29
:102BB800D4F8D83043F00103C4F8D830D4F8D8306A
:102BC80003F001030393039B02F09CFB1F200CB04E
:102BD800BDE8104002F0D4BB364C3948D4F8E03098
:102BE80043F08003C4F8E030D4F8E03003F0800309
:102BF8000493049BD4F8E03043F00203C4F8E030B7
:102C0800D4F8E03003F002030593059BFFF756FF65
:102C1800D4F8E8300022212043F480031146C4F898
:102C2800E830D4F8E83003F480030693069BD4F820
:102C3800D83043F00103C4F8D830D4F8D83003F0C2
:102C480001030793079B02F05DFB21200CB0BDE850
:102C5800104002F095BB1B48FFF730FF154B0022D0
:102C68004820D3F8E840114644F40004C3F8E8408B
:102C7800D3F8E84004F400040894089CD3F8D8403A
:102C880044F00104C3F8D840D3F8D83003F0010366
:102C98000993099B02F036FB48200CB0BDE81040B0
:102CA80002F06EBB0054004000580040005C004039
:102CB800001C005800440258480B0024C008002497
:102CC80098090024700A00242DE9F0431A4B87B0B4
:102CD80000254FF010099E46EC46184BFF22E046AF
:102CE80067461A700EF118060EF13004CDE900554A
:102CF800CDE90255ADF80090BCE80F00CDE90455C8
:102D0800AEE80F009CE803000095ADF800908EE84F
:102D18000300B8E80F000FC69CE803000095ADF863
:102D2800009086E803000FCF0FC49CE8030084E8F6
:102D3800030007B0BDE8F08304000024BC080024A9
:102D480010B5EFF3108472B6084B1A78120602D544
:102D580004B962B610BD1B78D82205485BB202FBE5
:102D68000300143002F0F8FFF2E700BFBC080024AB
:102D7800C0080024014804F0E7BB00BF4C09002448
:102D8800014804F0E1BB00BF240A0024014804F014
:102D9800DBBB00BFFC0A00242DE9F0430F68D824F0
:102DA8003F4D85B007FB04F4032F05EB04030360D4
:102DB80040DCCB680E46012B3CD84DD04FF0D808EC
:102DC800B646DFF8FC9008FB0758BEE80F00C4467B
:102DD800ACE80F00DEF800300DF1100ECCF8003032
:102DE800D8F808C099E80F000EE90F000EEB87032A
:102DF800BCF1010F53F8103CC8F88C3031D0BCF14D
:102E0800020F42D0BCF1000F35D0317C8C34D8236E
:102E1800002201202C4403FB07534900C3E9260282
:102E2800C3F894102046C3E92822C3E92A2204F0F3
:102E38007DF918B1012005B0BDE8F08301462046B0
:102E480004F08EFB0028F5D10146204604F0B2FBC1
:102E5800003818BF0120EEE70B7C103B672BADD97B
:102E6800E8E701F07DFF0F4B98420CBF0E4B0F4B6C
:102E7800C8F89030C9E701F073FF0A4B98420CBFBD
:102E88000B4B0C4BC8F89030BFE701F069FF054BBE
:102E980098420CBF084B094BC8F89030B5E700BF03
:102EA800C0080024000E27072D0FB0303211D020A3
:102EB8005F4390608A62E030200BA0101A098010EE
:102EC800EC0A01082DE9F041D0F8008082B00D46E7
:102ED80017461E4608F18C04204604F03DFB2028C6
:102EE800FAD1D8F80C3073B96D002046089C3346E7
:102EF8003A46A9B2009404F06FF9003818BF0120CF
:102F080002B0BDE8F081089B32463946204604F0FD
:102F180037FAF2E7044B10221A7483F8E82083F892
:102F2800C02183F898227047C008002430B50023D8
:102F380095B04FF48071062204460B9306921393C2
:102F4800CDE90C13CDE90E33CDE9113301F00AFFB9
:102F580007282BD004F1100541F2883206A928462B
:102F680005F03AF928B10123184684F85C3015B009
:102F780030BD0222022306A92846CDE900231022EB
:102F88000123CDE9022300224FF48003CDE9042375
:102F980005224FF0807306926A460F9341F28833F8
:102FA80005F086FA0028DED115B030BD03230120D4
:102FB80084F85C3015B030BD70B50023A4B04FF074
:102FC80080724FF480750446ADF806300D93CDE954
:102FD80010320122CDE90E53CDE91223CDE9143385
:102FE800002943D0F02300F1100508AEADF80630F3
:102FF800C02341F2883231462846089305F0ECF8A0
:1030080028B10123184684F85C3024B070BD41F221
:1030180088320DF10601284605F048F903460028D4
:10302800EFD105224FF480711E93284616924FF077
:1030380080721B9321931F9202AA9FED1F7BCDE9FB
:103048001C13CDE922338DED027B9FED1D7B41F2F0
:10305800883316A98DED047B9FED1B7B8DED067BD8
:1030680005F026FA0028CCD124B070BD00F1100577
:1030780008AE612341F2883231462846089305F0AC
:10308800ABF80028BDD141F288320DF1060128467F
:1030980005F08AF90028B4D1BDF80630204623F09F
:1030A800780343F04003ADF80630FFF73FFF0028F0
:1030B8009ED0A6E7AFF300800000000001000000EA
:1030C80010000000010000000000000000004000A7
:1030D8002DE9F04F00234FF4807501264FF08078DA
:1030E80004462DED028BABB08DF807301393219376
:1030F800299314950E96CDF85C80CDE91533CDE96A
:103108001863CDE91A33CDE92253CDE92433CDE94B
:10311800273306231C9301F025FE072808D004F165
:10312800100741F288321CA9384605F055F840B11D
:103138000123184684F85C302BB0BDEC028BBDE847
:10314800F08F4FF0020A4FF0020B4FF0050941F2E1
:10315800883308AA1CA93846CDF89480CDF8709019
:103168009FED2D8BCDE908AB4FF0000A4FF4800B93
:103178008DED0A8BCDE90CAB05F09AF90028D7D173
:1031880041F2883238460EA905F026F80028CFD13A
:10319800402341F288320DF1070138468DF8073097
:1031A80005F084F80028C3D141F288330EA902AA99
:1031B8003846CDF83890CDF85C809FED197B8DEDC1
:1031C800048BCDE906AB8DED027B05F071F9034662
:1031D8000028ADD1CDF870904FF00109CDF894805A
:1031E8004FF00008219308AA29931CA93846229574
:1031F800CDE92333CDE9273341F288338DED0A8BAE
:10320800CDE90CABCDE9088905F052F9002893D037
:10321800304684F85C608FE7100000000100000071
:1032280040000000400000002DE9F043624CA3B0CC
:103238000D46046001F096FD072800F0A980286873
:1032480023466968AA6807C31E46AB8926F8043B6B
:103258003046257B677B04F0A1FFE0B9574B012D71
:103268004FF00108E061236114BF4FF480134FF45D
:103278000003C4E9058893FAA3F3B3FA83F34FF480
:103288008079013BC4F82490C4E90B0030462362DE
:1032980004F018FF38B10122134684F85C20184660
:1032A80023B0BDE8F08366230B90139041F2883277
:1032B80006A90693CDE90C90CDE90E00CDE91100E1
:1032C800304604F089FF0028E5D1992341F288327D
:1032D80006A93046069304F07FFF0028DBD10523BA
:1032E8001C9019906A4614934FF08073219014A98A
:1032F8001D9341F288339FED2A7BCDE91A90CDE9E1
:103308001F008DED007B9FED287B30468DED027B05
:103318009FED277B8DED047B05F0CAF80028BAD114
:1033280029462046FFF748FE0028B4D12046FFF77B
:10333800CFFE03460028AED1002FB0D118933046F7
:103348000027002606AA14A9CDF86890CDE91F33F6
:10335800EB2314934FF440631B934FF400531793DC
:103368004FF440431C93A0231693062319934FF060
:10337800805321934FF04073CDE906671D9305F004
:103388000FF9034600288AD0434684F85C8086E714
:1033980001230322184684F85C2023B0BDE8F0839B
:1033A8000000000001000000100000000100000003
:1033B8000000000000004000200C002400500052D3
:1033C8002DE9F04F8FB0414B0024026800AF9A42BC
:1033D8007C63C7E90944C7E90B4403D03C37BD46C1
:1033E800BDE8F08F3A4B40F609213A48EB46D3F84E
:1033F800D42007F11C0607F1220A4FF0020942F413
:1034080080424FF00308C3F8D420D3F8D42002F444
:103418008042BA60BA68D3F8E02042F04002C3F8AC
:10342800E020D3F8E02002F04002FA60FA68D3F80E
:10343800E02042F02002C3F8E020D3F8E02002F0B8
:1034480020023A613A69D3F8E02042F01002C3F84A
:10345800E020D3F8E02002F010027A617A69D3F80C
:10346800E02042F00202C3F8E020D3F8E030F8612F
:1034780003F002033984BB61174B7B60BB697B682F
:1034880053F8040F7B6001F0F1FD7B68054618686E
:1034980001F0F4FD16F8013B786207F12401284693
:1034A800C7F830807B63C7E90A9402F0A7FF564546
:1034B800E5D100225C20114601F024FF5C2001F0D8
:1034C8005FFF3C37DD46BD46BDE8F08F0050005237
:1034D800004402580A0A09097C0C0024114B0268AE
:1034E8009A4200D07047104A70B5D2F8D4300F4CC9
:1034F80023F4804304F11806C2F8D43054F8040FBA
:1035080001F0B4FD0546206801F0B8FD01462846E3
:1035180003F0B4F8B442F1D15C20BDE8704001F08A
:103528003DBF00BF00500052004402587C0C0024EC
:10353800014805F0C1B800BF300C0024084B1A1D23
:10354800981D03F1080110B49C1C9A6603F10A0245
:10355800C3E91834C3E91B015DF8044B5A67704787
:10356800200C002438B5036871B9026A00F12805F7
:1035780000F5AC74012A0CBF002140218BBB1D4B08
:103588005722C0F858310DE0426A00F1C00500F535
:10359800E874012A0CBF00214021EBB1164B5A22D6
:1035A800C0F8D03100232046C4E901214FF48052ED
:1035B8004FF48061636262614FF48042C4E9033171
:1035C8004FF48073C4E906234FF40033236202F0FA
:1035D8004BF858B1FFBEFEE7084B5822C0F8D0316F
:1035E800E0E7074B5922C0F85831DBE7C5E920442A
:1035F800A56338BD10000240700002402800024058
:10360800580002402DE9F043821D05468BB0031D8A
:1036180005F10A010830CDE9052305F10C02AB6973
:10362800CDE907010992002B3DD0EB69B3FA83F885
:103638004FEA58180123022205AE0AAF4FF00609D7
:103648000393CDE9012356F8044B2B792278934252
:1036580016D02B68F3B1012B02D1F2B10A230493DF
:10366800204601F00BFD03462046009301F0FEFCC6
:10367800694602F0C3FEBE42E5D10BB0BDE8F08357
:10368800697963789942E4D1B8F1000FF3D02B68D7
:10369800002BE0D1CDF81090E2E76378022B14BF3D
:1036A8000A230823DBE74FF00108C3E7534A0368FE
:1036B800934230B505468BB055D02032934252D054
:1036C8004F4A934204D02032934201D00BB030BD10
:1036D8004C4C4D48D4F8E03043F00103C4F8E030D6
:1036E800D4F8E03003F001030593059BD4F8E030EB
:1036F80043F00803C4F8E030D4F8E03003F00803DE
:103708000693069BD4F8E03043F04003C4F8E03059
:10371800D4F8E03003F040030793079BD4F8F03067
:1037280043F40003C4F8F030D4F8F03003F4000395
:103738000893089BFFF766FFD4F8D830296843F050
:1037480001032F4A3048C4F8D830891AD4F8D83041
:1037580018BF012103F001030993099B0BB0BDE8D1
:103768003040FFF7FFBE274C2848D4F8E03043F03C
:103778000103C4F8E030D4F8E03003F0010300930B
:10378800009BD4F8E03043F01003C4F8E030D4F8DC
:10379800E03003F010030193019BD4F8E03043F0CC
:1037A8004003C4F8E030D4F8E03003F0400302935B
:1037B800029BD4F8F03043F48003C4F8F030D4F816
:1037C800F03003F480030393039BFFF71BFFD4F847
:1037D800D830296843F00103084A0C48C4F8D830A7
:1037E800891AD4F8D83018BF012103F001030493D3
:1037F800049B0BB0BDE83040FFF7B4BE045801404D
:10380800045C014000440258F40E0024980C002483
:10381800014802F0A1BA00BFF00D0024014802F0EF
:103828009BBA00BF680E0024014802F095BA00BF99
:103838004C100024014802F08FBA00BFC4100024C5
:103848002DE9F04F0C684FF41776754F87B004FBDD
:1038580006F6012C07EB060AC0F800A000F3A080CA
:103868000D468E464FF00008D44669A3D3E90023DD
:1038780069A1D1E90001CDE9022306ABCAF850825B
:1038880003EB8403CDE9040153F810BC53F8083C5A
:10389800CAE992880193BEE80F00ACE80F00BEE8C1
:1038A8000F00ACE80F00019B9EE80300CAF828B09F
:1038B800CAF8C0308CE803002B69042B0CD8DFE869
:1038C80003F0737D879103004FF41773554A03FB88
:1038D80004739A64C3F8E020AA692B6A002A43D0CB
:1038E800002B4FF4177308BF022203FB047318BFA1
:1038F8000322DA6201221A63EA696B6A002A40D15C
:10390800191E4FF4177318BF012103FB0473C3E991
:1039180031126B69022B05D8434A12F80380434AD7
:1039280052F823904FF4177306F12800424649468F
:1039380003FB04740023384463646363E365C4F8D9
:10394800DC30C4F8CC30C4F8F430C4E90F33C4E92F
:103958001533C4E93533C4E93B33022306F04EFF7F
:10396800002849D0FFBEFEE7191E4FF4177318BF91
:10397800012103FB0473C3E90B12EA696B6A002A8D
:10398800BED0002B4FF4177308BF022203FB047349
:1039980018BF0322C3F8C4200122C3F8C820B8E71F
:1039A800012007B0BDE8F08F4FF417734FF4FA52B7
:1039B80003FB04739A64C3F8E0208DE74FF4177390
:1039C8004FF47A5203FB04739A64C3F8E02083E748
:1039D8004FF417734FF4FA4203FB04739A64C3F865
:1039E800E02079E74FF417734BF6803203FB04733A
:1039F8009A64C3F8E0206FE706F1C000022342464C
:103A08004946384406F0FAFE0028CAD0FFBEFEE751
:103A180004580140045C014024580140245C0140E2
:103A2800980C002400770100D40B0108D80B01087A
:103A38000068704703681B69042B05D8044A02EB29
:103A4800830393ED000A70479FED020A704700BF99
:103A5800E40B010800803B4770B5002304464FF48F
:103A6800806204214FF440353448C4F83821C4F842
:103A7800D410C4F83431C4F84C113149C4F8B0003A
:103A8800C4F82811C4E92F32C4E93133C4E9333505
:103A9800C4E93733C4E94F33C4E95135C4E9553370
:103AA800A2680323C4F8D830C4F85031042A0AD8CD
:103AB800DFE802F01F262D34030055225623C4F8F0
:103AC800B420C4F82C310022402304F1B005C4F816
:103AD800B8202846C4F8303101F0C6FD08B1FFBE51
:103AE800FEE704F59476304601F0BEFDE8B1FFBE6E
:103AF800FEE725222623C4F8B420C4F82C31E2E7D7
:103B080027222823C4F8B420C4F82C31DBE73D224F
:103B18003E23C4F8B420C4F82C31D4E753225423EC
:103B2800C4F8B420C4F82C31CDE704F12803C4E963
:103B38002865C4F8E830C4F8603170BD400402401C
:103B4800580402402DE9F04F814683B00E461746CF
:103B58001D4600F12804204607F08CFE0128824605
:103B6800F9D14846FFF778FF8046002835D1EFF3B2
:103B78001083019372B6DFF888B00C9B99F908207E
:103B8800DFF880A0DFF88090CBF800300D9B89F833
:103B98000020CAF800300DB11846A847BAB231461D
:103BA800204607F0DDF930B9019B03B962B64046FB
:103BB80003B0BDE8F08F0023CBF80030CAF800301E
:103BC800FF2389F800300C9B8BB101210D988846A2
:103BD8009847019B002BEAD1E8E70C9B53B1D046EC
:103BE8000D9851469847404603B0BDE8F08F4FF016
:103BF8000108D9E7D046404603B0BDE8F08F00BFC2
:103C0800701B0024781B0024741B00242DE9F04F3E
:103C1800814683B00E4617461D4600F1280420460B
:103C280007F028FE01288246F9D14846FFF714FF1D
:103C38008046002835D1EFF31083019372B6DFF880
:103C480088B00C9B99F90820DFF880A0DFF88090F5
:103C5800CBF800300D9B89F80020CAF800300DB170
:103C68001846A847BAB23146204607F03DFB30B99E
:103C7800019B03B962B6404603B0BDE8F08F00234C
:103C8800CBF80030CAF80030FF2389F800300C9BCD
:103C98008BB101210D9888469847019B002BEAD1EA
:103CA800E8E70C9B53B1D0460D98514698474046DB
:103CB80003B0BDE8F08F4FF00108D9E7D046404681
:103CC80003B0BDE8F08F00BF701B0024781B0024F0
:103CD800741B00242DE9F04F814683B00F46164629
:103CE800984600F12804204607F0C4FD0128FAD1BF
:103CF80082464846FFF7B0FE0546002838D1EFF364
:103D08001083019372B699F90830DFF88890DFF8CC
:103D180088B089F800300D9BDFF880A0CBF8003020
:103D28000E9BCAF800300C9B0BB10E9898471FFAEF
:103D380088F33A463146204607F0CAF930B9019B64
:103D480003B962B6284603B0BDE8F08F0023CBF86C
:103D58000030CAF80030FF2389F800300D9B8BB182
:103D680001210E980D469847019B002BEAD1E8E700
:103D78000D9B4BB155460E9851469847284603B0BF
:103D8800BDE8F08F0125DAE75546284603B0BDE8BF
:103D9800F08F00BF741B0024701B0024781B0024C4
:103DA8002DE9F043002387B00222044605690493F5
:103DB800CDE90223D0E902128E00FAB1022D7AD0A1
:103DC8002178B5FA85F54FF00108276A0B294FEAE3
:103DD800551521D1A2780B2A02D0B8F1000F38D19D
:103DE80023790B2B01D0002D6CD1A37917B10B2BA4
:103DF80040F09980002007B0BDE8F08335F0020359
:103E08002178276A0CBF4FF001084FF00008023DE7
:103E180018BF01250B29DDD07D4B94F801C053F85C
:103E2800262010780B2802D0884200F0AD80D37885
:103E3800D01C994202D10B2B40F0BD809379901D84
:103E48008B4202D10B2B40F0BC80012007B0BDE8AB
:103E5800F083711C6E4BE07853F8213019780B29E8
:103E680002D08A4200F0B580D97803F1030C0B29FF
:103E780002D08A4200F0BB80997903F1060C0B2925
:103E8800E3D08A42E1D1DB798342DED1634604F193
:103E980002099B784846059301F0E8F880464846B1
:103EA80001F0ECF801A90190404602F0A7FA237945
:103EB8000B2B98D199E70178076A0B2940F0868087
:103EC80001258DE7B11C524A607952F821201178FA
:103ED8000B2902D08B4200F08180D178D51C0B29A8
:103EE80002D08B4200F08D809179951D8B42ACD128
:103EF8000B29AAD0D3798342A7D12A46251D9378C6
:103F08002846059301F0B2F8034628461D4601F0FD
:103F1800B5F801A90190284602F070FAA379002F9C
:103F28007FF465AF66E7F11C394AE07952F8212041
:103F380011780B2901D08B425FD0D178D51C0B2981
:103F480001D08B424FD09179951D8B427FF47DAF84
:103F58000B293FF47AAFD37983427FF476AF2A46B0
:103F6800A51D93782846059301F080F80446284655
:103F780001F084F8034601A92046019302F03EFAB5
:103F8800002007B0BDE8F083537863457FF44FAF56
:103F980093782046059301F069F88146204601F0A0
:103FA8006DF801A90190484602F028FAA2780B2A78
:103FB8007FF413AF14E7137963457FF43FAF0246EC
:103FC800E6E7D37963457FF440AFF8E798460125E3
:103FD80022E7597881427FF447AF58E75178814208
:103FE8007FF47BAF8AE711798142ACD1B7E71979C1
:103FF80081427FF441AF634649E7517881429CD1C1
:10400800AEE7117981427FF46FAF2A4676E700BFA9
:10401800200C0108654A0368934200F0B980A2F5B4
:104028007842934200F0B68002F58062934200F035
:10403800B38002F57842934200F0B08002F5E05276
:10404800934200F0AD805A4A934240F0AB8005237A
:104058004FF4D071574A01FB03F310B5D418D05C64
:1040680086B001F013F8A07801F010F8207901F07B
:104078000DF8A07901F00AF8A368052B11D8DFE83C
:1040880003F0192F455B71034B4BD3F8F42042F032
:104098002002C3F8F420D3F8F43003F0200305938A
:1040A800059B2046FFF77CFE012801D006B010BD15
:1040B800FFBEFEE7404B00222320D3F8F01041F466
:1040C8008051C3F8F0101146D3F8F03003F4805350
:1040D8000093009B01F016F9232001F051F9E0E765
:1040E800354B00222420D3F8E81041F48041C3F86E
:1040F800E8101146D3F8E83003F480430193019B9C
:1041080001F000F9242001F03BF9CAE72A4B00220C
:104118003320D3F8E81041F40041C3F8E810114601
:10412800D3F8E83003F400430293029B01F0EAF865
:10413800332001F025F9B4E71F4B00225420D3F8AF
:10414800F01041F40051C3F8F0101146D3F8F030E4
:1041580003F400530393039B01F0D4F8542001F0B7
:104168000FF99EE7144B00225520D3F8F01041F4C4
:104178008011C3F8F0101146D3F8F03003F480131F
:104188000493049B01F0BEF8552001F0F9F888E784
:1041980000235DE701235BE7022359E7032357E781
:1041A800042355E700231B78FFDE00BF00300140E1
:1041B8000014005850110024004402582DE9F0431F
:1041C800002289B01B4B01210DF1040C9E461A4BAD
:1041D8000791E146E04667460EF11C060EF13805E8
:1041E8000EF15404CDE90122CDE90322CDE90522DF
:1041F800FF221A70BCE80F00AEE80F009CE8070029
:104208008EE80700B9E80F000FC69CE8070086E8AB
:104218000700B8E80F000FC59CE8070085E807000D
:104228000FCF0FC49CE8070084E8070009B0BDE879
:10423800F08300BF0C010024741B0024014807F020
:10424800EDB900BF78110024014807F0E7B900BFB5
:1042580018130024014807F0E1B900BFB81400247E
:10426800014807F0DBB900BF58160024014807F0E1
:10427800D5B900BFF817002410B5EFF3108472B653
:10428800084B1A78120602D504B962B610BD1B781D
:104298004FF4D07204485BB202FB0300B03001F067
:1042A8005BFDF1E7741B00245011002410B5EFF3F7
:1042B800108472B6094B1A78120602D504B962B690
:1042C80010BD1B784FF4D07205485BB202FB0300A7
:1042D80000F5947001F040FDF0E700BF741B002466
:1042E800501100242DE9F04184B0EFF3108772B625
:1042F800284AFF21284C1368217023B1002111603E
:10430800264A1068984723781B061CD5DFF8948046
:104318000025234E4446216879B162686AB1A369D1
:10432800012B22D0A3B96369304601932369009316
:10433800E3682289FFF76AFC18B301351C3406F5D7
:10434800D076042DE7D107B962B604B0BDE8F08194
:10435800D4E90430CDE90130E06823890090304683
:10436800FFF7B8FC0028E8D10BE0D4E90430114687
:10437800CDE900303046E3682289FFF7E3FB0028E7
:10438800DBD1C5EBC50508EB850348F82500586067
:10439800D9E700BF701B0024741B0024781B00247D
:1043A800501100240C0100242DE9F04184B0EFF3F2
:1043B800108772B6284AFF21284C1368217023B150
:1043C80000211160264A1068984723781B061CD5DF
:1043D800DFF894800025234E4446216879B162684D
:1043E8006AB1A369012B22D0A3B96369304601934E
:1043F80023690093E3682289FFF708FC18B30135A5
:104408001C3406F5D076042DE7D107B962B604B09E
:10441800BDE8F081D4E90430CDE90130E0682389B2
:1044280000903046FFF756FC0028E8D10BE0D4E9AD
:1044380004301146CDE900303046E3682289FFF7A1
:1044480081FB0028DBD1C5EBC50508EB850348F8DF
:1044580025005860D9E700BF701B0024741B002496
:10446800781B0024501100240C0100242DE9F04190
:1044780084B0EFF3108772B6284AFF21284C1368DE
:10448800217023B100211160264A106898472378CB
:104498001B061CD5DFF894800025234E444621686E
:1044A80079B162686AB1A369012B22D0A3B96369A3
:1044B8003046019323690093E3682289FFF7A6FB3E
:1044C80018B301351C3406F5D076042DE7D107B9A9
:1044D80062B604B0BDE8F081D4E90430CDE901301A
:1044E800E068238900903046FFF7F4FB0028E8D104
:1044F8000BE0D4E904301146CDE900303046E368DA
:104508002289FFF71FFB0028DBD1C5EBC50508EBA7
:10451800850348F825005860D9E700BF701B0024C0
:10452800741B0024781B0024501100240C01002463
:104538002DE9F04184B0EFF3108772B606F0D8FA8F
:10454800284A294CFF21136821702BB100211160E2
:104558000121264A1068984723781B061CD5DFF8E6
:1045680094800025224E4446216879B162686AB178
:10457800A369012B22D0A3B963693046019323694B
:104588000093E3682289FFF741FB18B301351C3417
:1045980006F5D076042DE7D107B962B604B0BDE8B8
:1045A800F081D4E90430CDE90130E0682389009036
:1045B8003046FFF78FFB0028E8D10BE0D4E9043040
:1045C8001146CDE900303046E3682289FFF7BAFA90
:1045D8000028DBD1C5EBC50508EB850348F82500A5
:1045E8005860D9E7701B0024741B0024781B002432
:1045F800501100240C0100242DE9F0418F684FF47C
:10460800D0743E4E8C4607FB04F4052F06EB0405D8
:104618000560AE46BCE80F00AEE80F00BCE80F002E
:10462800AEE80F009CE803008EE8030004D8EB68AE
:10463800002B60D0012B02D00120BDE8F0810021C1
:104648004FF4D07303FB07631A69032AF4D8D3F82D
:1046580014C0ACF104001C28EED89B691BB1012BD7
:10466800EAD14FF000734FF4D07000FB0760C069C7
:1046780018B10128E0D14FF080704FF4D07505FBD8
:104688000765D5F820E0BEF1020FD5D8D5F824800B
:10469800B8F1070FD0D85204E962C5E90E300CF121
:1046A800FF332A6304F128006B634FEA0873304430
:1046B8006B640023C5E91233C5E91433C5E918331F
:1046C800C5E91A33C5E91C33AB67C5F880300C4B14
:1046D80053F82E200B4B2A644FF0804253F82730B2
:1046E800EA65AB624FF00043EB6706F001FA002879
:1046F800A3D0FFBEFEE74FF48001A1E750110024CC
:10470800100C0108F80B0108006892B208B52830AF
:1047180006F09CFA003818BF012008BD30B4544B8D
:10472800002108220220534CD9615862C3F8BC11F9
:10473800C3F8C401C3F85C13C3F86403C3F8F424D2
:10474800C3F8F814C3F8FC14C3F80405C3F8942696
:10475800C3F89816C3F89C16C3F8A406C3F83428FF
:10476800C3F83818C3F83C18C3F84408424D434806
:10477800C3E90521C3E96D21C3E9D5212288A378BE
:104788003F49EA80CA800B723E492B72CA800B727D
:104798002168A0F803204371C28003723A4C3B4859
:1047A800E2802372A0F80320394C4371C28003725F
:1047B8003848E2802372A0F80320374C4371C28046
:1047C8000372080C2180A070A4F803206371E280B2
:1047D8002372324C324D2180A070A4F803206371FB
:1047E800E28023722F4CEA8021802B72A070A4F8FB
:1047F80003206371E28023722B4C2180A070A4F8FF
:1048080003206371E2802372284C2180A070A4F8F1
:1048180003206371E2802372254C2180A070A4F8E4
:1048280003206371E2802372224C2180A070A4F8D7
:1048380003206371E28023721F4C21801F49A070FE
:10484800A4F803201E486371E2802372A1F80320B4
:104858001C4C4B71CA800B721B49E2802372C280C8
:104868000372A1F803204B71CA800B7230BC7047E9
:10487800501100241C0C010894000024B8000024E6
:10488800880000244C000024A0000024DC00002440
:10489800C400002464000024401B0024281B0024BA
:1048A800D0000024341B0024101B0024641B0024A7
:1048B8004C1B0024581B00241C1B0024000100244E
:1048C800F4000024E800002470000024704700BFB2
:1048D80008B500F0DBFCBDE8084000F0DBBD00BF18
:1048E800064808B503680BB101F09AFF044803684D
:1048F8001BB1BDE8084002F089BE08BD881F00242E
:10490800801B0024064808B503680BB101F088FF36
:10491800044803681BB1BDE8084002F077BE08BD33
:10492800881F0024801B0024064808B503680BB1C3
:1049380001F076FF044803681BB1BDE8084002F0A7
:1049480065BE08BD881F0024801B0024364BDA6A28
:10495800520062D59A6A9A6A9A6A9B6A180600D5C2
:1049680000BE314B9B6A990600D500BE2E4B9B6A50
:10497800DA0600D500BE2C4B9B6A1B0700D500BE8B
:10498800294B9B6A980700D500BE274B9B6AD9071D
:1049980000D500BE244B9B6A1A0400D500BE224BEA
:1049A8009B6A9B0400D500BE1F4B9B6AD80400D5A8
:1049B80000BE1D4B9B6A190500D500BE1A4B9B6AA9
:1049C8005A0500D500BE184B9B6A9B0500D500BE52
:1049D800154B9B6AD80500D500BE134B9B6A9901FD
:1049E80000D500BE104B9B6ADA0100D500BE0E4B05
:1049F8009B6A1B0300D500BE0B4B9B6A580300D56E
:104A080000BE094B9B6A990300D500BE064B9B6A02
:104A1800DA0306D400BE00BEFEE7DB6A9B07FAD5C0
:104A2800F8E700BEF6E700BF00ED00E000F040BC8C
:104A38000A4B9B6803F17843B3F5003F0BD3084B4F
:104A4800986848B19868012806D09868022803D069
:104A58009B68032070470120704700BF00ED00E00D
:104A6800000080382DE9F041CEB004464C220021E8
:104A78000AA80BF0D5FD2022002102A80BF0D0FDDA
:104A8800BC2200211EA80BF0CBFD022003F032FA55
:104A98002368012B4FF0000354D0534A0225019399
:104AA800C820D16A514B21F00101D162D26A02F0CB
:104AB800010201929A6942F440429A619B6903F4A7
:104AC80040430193019B494A93699B04FCD548499B
:104AD8000224002201268B6A04274FF0080823F0DD
:104AE800030323438B62052316900AA818934FF4F7
:104AF80080331096179419941597CDF86880CDE9EE
:104B08001B222122CDE91344CDE90A2303F0DCFE60
:104B180000B1FEE73F220323294602A8CDE902237C
:104B280000220823CDE9042340224023CDE90623AF
:104B380040234FF48062CDE9082304F0F3F90346DB
:104B4800B8B1FEE7294A04250093F0209169264B65
:104B580041F440419161926902F440420092DA6A5C
:104B680042F00102DA62DB6A03F001030093009B62
:104B7800A9E720224FF4805125934FF440152B923A
:104B880080222D931EA83093269135914FF4807181
:104B9800249234920C223394439140F227112092AC
:104BA8001022CDF884802A971F96CDE92E34CDE9BE
:104BB8003B334FF48033CDE92246319300244693AA
:104BC8000623CDE93E4527934FF48063094C2C9387
:104BD8001E94CDE9281204F001FC00B1FEE703F0B1
:104BE800AFF94EB0BDE8F081000400580048025803
:104BF800004402580F130F0370B584B0012400F06D
:104C0800F7FB4FF480764FF04052194B6846002569
:104C1800ADF800400396CDE9012300F007FC192206
:104C28004FF0404368468DF8082001938DF80F40F7
:104C3800ADF80D608DF801408DF80A5000F0F6FBD4
:104C480002230B2268468DF80F508DF801304FF083
:104C580062538DF808200193ADF80D408DF80A4095
:104C680000F0E4FB042000F0D1FB04B070BD00BFED
:104C78000E00010330B50D46044685B0D1E90001A8
:104C880084E8030000F0D2FAAB79A3B309F082F903
:104C9800FEF71AF8FFF792FA08F074FE2B798BBB2F
:104CA8006B799BB1BFF34F8FBFF36F8F2A4B0022F5
:104CB800C3F85022BFF34F8FBFF36F8F5A6942F486
:104CC80000325A61BFF34F8FBFF36F8F4FF0FF323F
:104CD8000023002400256946204802928DF80C30F4
:104CE800CDE9004508F0E0F91C4808F045FA08F05D
:104CF80093F805B030BD2046FFF7B4FE2046FFF715
:104D08007BFFC3E7144C0023C4F88430BFF34F8FF4
:104D1800D4F8801043F6E07EC1F34E3CC1F3C901DC
:104D28004FEA4C1C0CEA0E000B4640EA8372013B2A
:104D3800C4F860225A1CF8D1ACF1200C1CF1200FE9
:104D4800F0D1BFF34F8F636943F480336361BFF3DE
:104D58004F8FBFF36F8FA3E700ED00E07C1B0024AB
:104D680004F010BA1C4B9B6803F17842B2F5003F7F
:104D780025D3B3F5803F20D303F16042B2F5003F5D
:104D88001FD303F15C42B2F5002F1CD303F170422C
:104D9800B2F5902F19D303F14842B2F5803F16D3EC
:104DA80003F18042B2F1806F13D303F1E043B3F50E
:104DB800000F2CBF082007207047012070470020F3
:104DC8007047022070470320704704207047052071
:104DD80070470620704700BF00ED00E0034800233D
:104DE800034A044903600BF053B900BF7C1B00243D
:104DF80000000024D548000810B4204C0022204BA5
:104E080083B0D4F888101F4841F47001C4F88810A2
:104E180019681D4C41F0010119601A6119680840B0
:104E28001A4918609A61DA611A629A62DA621A6338
:104E38005A639A63DA631A645A64186820F4802003
:104E480018601A66D3F8DC2042F06042C3F8DC2010
:104E5800D3F8DC300193019B23681940B1F1005F5E
:104E680003D20B4B0122C3F80821044B4FF0006218
:104E78009A6003B05DF8044B704700BF00ED00E096
:104E8800004402587FEDF6EA0010005C0000FFFFC6
:104E98000080005100F57171D0F8040407F0A4BB3C
:104EA800C1EBC10300EB8303D0F80404D3F8082254
:104EB80007F0C8BBC1EBC10300EB8303D0F80404BF
:104EC8009A6C07F0FDBB00BFD0F8040407F09CBC47
:104ED800C16810B5044619B1022900D0FEE70121C6
:104EE800D4F8040407F07AFCD4F80404BDE81040B0
:104EF80007F04CBC10B50446D0F8040407F072FC67
:104F08002268D2F8003E43F00103C2F8003E236A4B
:104F180023B1034A136943F00603136110BD00BFB0
:104F280000ED00E0D0F8040407F066BCD0F80404F3
:104F380007F07ABCD0F8040407F074BCD0F8040475
:104F480007F074BCD0F8040407F072BC9446D0F89B
:104F580098021A4608B5634602F0BCFE032802D838
:104F6800024B185C08BD022008BD00BF900C010868
:104F7800D0F8980208B502F03BFF032802D8024B8C
:104F8800185C08BD022008BD900C0108D0F89802F2
:104F980008B502F071FF032802D8024B185C08BD5F
:104FA800022008BD900C01080A06D0F8983206D4F1
:104FB800C1EBC10103EB810191F8FE01704701F0DB
:104FC8007F01C1EBC10103EB810191F83E007047FD
:104FD800D0F8980208B502F067FE032802D8024B01
:104FE800185C08BD022008BD900C0108D0F8980292
:104FF80008B502F0D5FE032802D8024B185C08BD9C
:10500800022008BD900C0108D0F8980208B502F0FB
:105018009FFE032802D8024B185C08BD022008BD79
:10502800900C0108D0F8C00207F0B0BED0F8C0025A
:1050380007F0C4BED0F8C00207F0CCBE704700BF6E
:10504800D0F8C00207F0B2BED0F8C00207F0B2BE76
:10505800D0F8D00308B501F0A3FF032802D8024B0B
:10506800185C08BD022008BD940C0108024B0278A8
:1050780053F82200704700BFB80C0108024B427871
:1050880033F81200704700BF980C01088CB00A284A
:1050980014D8DFE800F01523313F4D5B697785931D
:1050A80006004D4BD3F8E02042F48062C3F8E020BC
:1050B800D3F8E03003F480630B930B9B0CB070477C
:1050C800454BD3F8E02042F00102C3F8E020D3F8C2
:1050D800E03003F001030193019BEFE73E4BD3F867
:1050E800E02042F00202C3F8E020D3F8E03003F0F9
:1050F80002030293029BE1E7374BD3F8E02042F02A
:105108000402C3F8E020D3F8E03003F0040303936B
:10511800039BD3E7304BD3F8E02042F00802C3F8F2
:10512800E020D3F8E03003F008030493049BC5E7BC
:10513800294BD3F8E02042F01002C3F8E020D3F85E
:10514800E03003F010030593059BB7E7224BD3F833
:10515800E02042F02002C3F8E020D3F8E03003F06A
:1051680020030693069BA9E71B4BD3F8E02042F0E7
:105178004002C3F8E020D3F8E03003F0400307937F
:10518800079B9BE7144BD3F8E02042F08002C3F85A
:10519800E020D3F8E03003F080030893089B8DE704
:1051A8000D4BD3F8E02042F48072C3F8E020D3F826
:1051B800E03003F480730993099B7FE7064BD3F82B
:1051C800E02042F40072C3F8E020D3F8E03003F4A2
:1051D80000730A930A9B71E700440258704700BFA6
:1051E8000F4B1B780BB90120704710B504464FF4DC
:1051F8007A700C4AB0FBF3F31068B0FBF3F000F0E0
:10520800E1F80F2C00D808B1012010BD002221467A
:105218004FF0FF3000F076F8034B00201C6010BD03
:105228008C0100247C0100249001002438B503205F
:10523800124D00F055F8124C03F0D4FD114A1249F2
:105248009369C3F30323CB5C03F01F0320FA03F332
:105258000E202B60926902F00F028A5C02F01F0296
:10526800D3402360FFF7BCFF10B10124204638BDAE
:105278000446FFF7B3FF204638BD00BF7C01002479
:105288008001002400440258800C0108034A044BA2
:1052980011681B780B441360704700BF4C22002430
:1052A8008C010024014B1868704700BF4C22002471
:1052B80038B50446FFF7F6FF0546631C02D0044BD9
:1052C8001B781C44FFF7EEFF431BA342FAD338BDFB
:1052D8008C010024014B1868000C70470010005C1A
:1052E80006494FF6FF0C0002054BCA6800F4E0605F
:1052F80002EA0C0210430343CB60704700ED00E064
:105308000000FA051B4BDB68C3F3022300B5C3F1A9
:10531800070E03F1040CBEF1040F28BF4FF0040E72
:10532800BCF1060F1AD9033B4FF0FF3C0CFA03FC03
:1053380022EA0C024FF0FF3C00280CFA0EFC21EA8E
:105348000C0101FA03F141EA02010ADB09010A4BE7
:10535800C9B2034483F800135DF804FB0022134626
:10536800E8E700F00F000901044BC9B203441976BD
:105378005DF804FB00ED00E000E100E0FCEC00E07B
:10538800002807DB00F01F0101234009024A8B4077
:1053980042F82030704700BF00E100E000280DDB34
:1053A8004309012200F01F000549203302FA00F0EA
:1053B80041F82300BFF34F8FBFF36F8F704700BFD3
:1053C80000E100E0431EB3F1807F0CD24FF0E022F1
:1053D800002006494FF0F00C5361072381F823C0E1
:1053E8009061136170470120704700BF00ED00E035
:1053F800BFF35F8F044B00215A6A22F480325A624D
:10540800C3F89410704700BF00ED00E0064B40F071
:105418000100C3F894005A6A42F480325A62BFF31A
:105428004F8FBFF36F8F704700ED00E0174A437846
:10543800C2F89830017821B3436800B5C2F89C30AF
:10544800C37A90F80CC01B0690F80FE043EA0C737F
:1054580090F80AC00B43817B43EACC4390F80DC017
:1054680043EA8C4390F809C043EA4143017A43EA8E
:105478000E4343EA0C2343EA4103C2F8A0305DF827
:1054880004FBC2F89C10C2F8A010704700ED00E0C1
:10549800704700BF08B5FFF7FBFF08BD0268344B33
:1054A800344930B4344D354CAA4218BF9A420CBF27
:1054B800012300238A4208BF43F001033031A2428E
:1054C80008BF43F0010330348A4208BF43F00103A8
:1054D8003031A24208BF43F0010330348A4208BF8A
:1054E80043F0010301F55C71A24208BF43F00103D8
:1054F80004F55C748A4208BF43F001033031A242CC
:1055080008BF43F0010330348A4208BF43F0010367
:105518003031A24208BF43F0010330348A4208BF49
:1055280043F001033031A24208BF43F001038A422D
:1055380008BF43F0010313B9114B9A4213D1D3B2F8
:105548001049114C103BA1FB03515F2B0F4BC1F3CA
:10555800021103EA0203615C88BF0433C1658365F5
:10556800184630BC704722F0FF038365F8E700BF98
:10557800100002404000024028000240580002404B
:10558800B8040240ABAAAAAA441A010800FCFFFF0B
:105598000368294A294930B4294D2A4CAB4218BF1F
:1055A80093420CBF012200228B4208BF42F0010245
:1055B8002831A34208BF42F0010228348B4208BFB9
:1055C80042F001022831A34208BF42F001028B4297
:1055D80008BF42F0010212B91B4A934213D1DBB251
:1055E8001A4C1B4A0121083B1A4DA4FB034345668C
:1055F80002EB1312C3F30413920001FA03F30266D9
:10560800836630BC7047DAB21349144C1944103A17
:10561800A829A4FB02234FEA131300D80833104A21
:1056280003F01F0501210F4C1A44A940446692005B
:1056380081660266E5E700BF0854025830540258F4
:105648001C5402584454025894540258CDCCCCCC23
:105658000096001680580258F0FBFDBFABAAAAAA14
:10566800008200108008024070B50446FFF71AFE59
:10567800002C00F0C68023680546954A934248D01E
:105688001832934245D0303292498B4218BF934228
:1056980001F130010CBF012200228B4208BF42F009
:1056A800010218318B4208BF42F0010218318B42C7
:1056B80008BF42F0010218318B4208BF42F00102D4
:1056C80001F556718B4208BF42F0010218318B4236
:1056D80008BF42F0010218318B4208BF42F00102B4
:1056E80018318B4208BF42F0010218318B4208BFC3
:1056F80042F0010218318B4208BF42F00102183112
:105708008B4208BF42F001021AB9734A934240F033
:10571800F5800222002184F8352084F834101A68B4
:1057280022F001021A6005E0FFF7BCFD431B052BC0
:1057380040D823681A68D107F6D4D4E9022521692C
:105748002A43A0691D680A4361690A43E169024363
:105758000A4362492940256A2A430A43616A04299F
:105768002FD01A605A6922F0070211435961204666
:10577800FFF794FEE26D3F2302F01F02934083601F
:105788002046FFF705FFA368802B3CD06368A06E16
:10579800DAB2013BD4E91851072B2A60486026D9B0
:1057A8000023C4E91B33636700200123606584F884
:1057B800353070BD202203230120626584F835301E
:1057C80070BDD4E90B5129430A431A605969A26A8A
:1057D80021F00701114341F00401002DC6D0002833
:1057E8004FD1012A6ED032F00202BFD151E0501ED3
:1057F800072810D9626FD4E91B31002018604A606D
:10580800D2E7012070BD0023A16ED4E918026360BD
:1058180003605160C4E72168314B324DA94218BF7B
:10582800994205F114050CBF01230023A94208BFC2
:1058380043F001031435A94208BF43F001031435AE
:10584800A94208BF43F001031435A94208BF43F039
:1058580001031435A94208BF43F001033BB9224BA9
:10586800994204D0214B224913449B0003E0214B69
:10587800214913449B0001228240C4E91B3162671D
:10588800BBE7B0F5005F0ED0022A05D9032A7FF4E2
:105898006DAFEA017FF56AAF0123402218466265C1
:1058A80084F8353070BD032A3FF660AF01A050F888
:1058B80022F000BFA15800089B580008A158000812
:1058C800CD580008B5F1C07F7FF450AFE4E700BFC2
:1058D8001000024040000240B80402403F8010FE21
:1058E800085402581C540258945402583F8200101D
:1058F800400902403F96001640590258324A334840
:105908003349834218BF934200F128000CBF01229B
:1059180000228B4208BF42F001022831834208BFAF
:1059280042F0010228308B4208BF42F001022831C0
:10593800834208BF42F001028B4208BF42F00102D5
:1059480012B9244A934238D102220021224D84F808
:10595800341084F835201A681540A268402A2AD0E5
:10596800802A0CBF4FF480400846266AD4E9031207
:10597800D20842EAD102616942EAD102A16942EA47
:10598800D102E16942EAD102144942EA16121944E5
:105998002A4302431248A0FB010120461A600B0962
:1059A8009B00E365FFF77AFDE26D012302F01F0219
:1059B80093404360E4E61020D7E740220323012008
:1059C800626584F8353070BD085402581C5402587A
:1059D80030540258945402580F00FEFFF8ABFDA74C
:1059E800CDCCCCCC002800F0BC80844690F83400A4
:1059F800012800F0B88001202DE9F0419CF83540DD
:105A08008CF83400844208D000224FF400638CF8EC
:105A18003420CCF85430BDE8F0810220DCF8005086
:105A28007A4C8CF835000020794ECCF8540079482F
:105A3800854218BFA54200F118000CBF01240024BC
:105A4800854208BF44F001041830854208BF44F07D
:105A580001041830854208BF44F00104183085421B
:105A680008BF44F0010400F55670854208BF44F0B1
:105A780001041830854208BF44F0010418308542FB
:105A880008BF44F001041830854208BF44F00104FF
:105A98001830854208BF44F001041830854208BF19
:105AA80044F001041830854208BF44F0010418305E
:105AB800854208BF44F00104A0F59560B54218BFBF
:105AC8008542DCF86C600CBF0120002054EA000815
:105AD800286820F001002860DCF86400DCF86840E1
:105AE800DCF85870446040D016B1DCE91C0444600E
:105AF800DCF85C004FF03F0E00F01F000EFA00F0DB
:105B0800B860286820F4802028606B60DCF80830D2
:105B1800402B23D0A960EA602B6823F01E0343F0D2
:105B280016032B60DCF840301BB12B6843F00803E8
:105B38002B60DCF860301A68D20303D51A6842F487
:105B480080721A601EB1336843F4807333602B6827
:105B5800002043F001032B60BDE8F081AA60E960F2
:105B6800DAE7012070470220704716B1DCE91C040F
:105B780044602948DFF8A8E0754518BF85420EF152
:105B8800140E0CBF01200020754508BF40F001002D
:105B98000EF1140E754508BF40F001000EF1140E09
:105BA800754508BF40F001000EF1140E754508BF99
:105BB80040F001000EF1140E754508BF40F00100D9
:105BC80010B9164885420ED1DCF85C0000F01F0EB3
:105BD800012000FA0EF078606B60DCF80830402B8A
:105BE80010D0A960EA602B6823F00E0343F00A0383
:105BF8002B60DCF84030002B9BD02B6843F004036B
:105C08002B6096E7AA60E960EDE700BF400002401C
:105C18002800024058000240085402589454025880
:105C28001C54025800285FD038B590F83520034638
:105C3800022A55D10168444A914248D0183291420B
:105C480045D03032414C4248A14218BF914204F13C
:105C580048040CBF01220022814208BF42F0010221
:105C68003030A14208BF42F001023034814208BFFF
:105C780042F0010200F55C70A14208BF42F0010247
:105C880004F55C74814208BF42F001023030A14241
:105C980008BF42F001023034814208BF42F00102DD
:105CA8003030A14208BF42F001023034814208BFBF
:105CB80042F001023030A14208BF42F001028142A5
:105CC80008BF42F0010212B9224A91420ED10422C1
:105CD800002083F835200B6823F001030B6038BDE2
:105CE800802201205A6538BD012070470A681C6E61
:105CF80022F00E02D86D9D6D0A6000F01F000A6840
:105D080022F001020A6001222168824021F4807198
:105D180021606A60DA6ED3E91910486032B11168FF
:105D2800D3E91C0421F4807111604460002401212E
:105D38001A6D83F8344083F835101AB11846904725
:105D4800204638BD104638BD1000024040000240D1
:105D580070000240B80402402DE9F04300229C4B39
:105D680083B09C4E1D688146019203689A4A846DEF
:105D7800934218BFB342276808BF0126216818BF9D
:105D8800002645D018329548834218BF934200F147
:105D980018000CBF01220022834208BF42F0010212
:105DA8001830834208BF42F001021830834208BF0E
:105DB80042F001021830834208BF42F0010200F5A8
:105DC8005670834208BF42F001021830834208BF70
:105DD80042F001021830834208BF42F00102183035
:105DE800834208BF42F001021830834208BF42F0E4
:105DF80001021830834208BF42F001021830834282
:105E080008BF42F001021AB9754A934240F0508225
:105E1800D9F85C10082201F01F0C02FA0CF21742A4
:105E280040F0888127FA0CF2D2070CD55A6910067F
:105E380009D5012202FA0CF2A260D9F8542042F0E6
:105E48000202C9F854204FF0040E0EFA0CF0384242
:105E58005BD0002E4FD1634ADFF88081434518BFDD
:105E6800934208F118080CBF01220022434508BFDD
:105E780042F0010208F11808434508BF42F0010248
:105E880008F11808434508BF42F0010208F1180854
:105E9800434508BF42F0010208F55678434508BF5C
:105EA80042F0010208F11808434508BF42F0010218
:105EB80008F11808434508BF42F0010208F1180824
:105EC800434508BF42F0010208F11808434508BFDE
:105ED80042F0010208F11808434508BF42F00102E8
:105EE80008F11808434508BF42F001021AB93C4AB4
:105EF800934240F019821A68920706D5A060D9F833
:105F0800542042F00402C9F85420102202FA0CFC72
:105F18001CEA070F6CD0002E45D1324A2F4EB342EF
:105F280018BF934206F118060CBF01220022B342A3
:105F380008BF42F001021836B34208BF42F001021E
:105F48001836B34208BF42F001021836B34208BF00
:105F580042F0010206F55676B34208BF42F001024C
:105F68001836B34208BF42F001021836B34208BFE0
:105F780042F001021836B34208BF42F00102183657
:105F8800B34208BF42F001021836B34208BF42F0DC
:105F980001021836B34208BF42F001021AB9104A8A
:105FA800934240F0C9811A68100721D5C4F808C087
:105FB8001A68560300F14C811A68D20503D41A688E
:105FC80022F008021A60D9F840308BB10CE000BF0B
:105FD8007C010024100002402800024058000240C2
:105FE800B80402404000024048469847D9F85C107F
:105FF80001F01F0120268E403E4268D0D9F80020CB
:10600800A54BA64FBA4218BF9A4207F118070CBF12
:1060180001230023BA4208BF43F001031837BA42EC
:1060280008BF43F001031837BA4208BF43F0010321
:106038001837BA4208BF43F001031837BA4208BFFD
:1060480043F001031837BA4208BF43F0010307F5CC
:106058005677BA4208BF43F001031837BA4208BF5F
:1060680043F001031837BA4208BF43F00103183759
:10607800BA4208BF43F001031837BA4208BF43F0D9
:1060880001031837BA4208BF43F001031837BA4270
:1060980008BF43F001031BB9814B9A4240F062816B
:1060A8001368DB0613D5A66099F83530042B1368FE
:1060B80000F0AE8013F4802F136800F0D3801C0327
:1060C80040F1DE80D9F83C300BB148469847D9F802
:1060D8005430002B00F0B980D9F85430D8071FD5B8
:1060E800D9F80020042189F83510136823F001033A
:1060F80013606C4BA3FB0535AD0A02E01368D907A2
:1061080004D5019B0133AB420193F7D9002389F8E9
:1061180034301368DB074CBF0323012389F835307B
:10612800D9F84C30002B00F09080484603B0BDE809
:10613800F0431847186840070AD5186820F004008B
:106148001860A260D9F8542042F00102C9F854201E
:1061580027FA0CF2D2077FF576AE534A53488342AA
:1061680018BF934200F130000CBF01220022834285
:1061780008BF42F001021830834208BF42F0010212
:106188001830834208BF42F001021830834208BF2A
:1061980042F0010200F55670834208BF42F0010246
:1061A8001830834208BF42F001021830834208BF0A
:1061B80042F001021830834208BF42F00102183051
:1061C800834208BF42F001021830834208BF42F000
:1061D80001021830834208BF42F00102183083429E
:1061E80008BF42F00102002A7FF420AE002E7FF49F
:1061F8001DAE1A68042202FA0CF23A4240F094806A
:10620800102202FA0CFC17EA0C0F3FF4F1AE84E6F8
:1062180023F016031360536923F080035361D9F800
:1062280040309BB3136823F0080313603F23002515
:10623800012203FA01F1D9F85030A16089F83450ED
:1062480089F83520002B7FF470AF03B0BDE8F083E8
:106258001B6818037FF5B7AED9F84830002B7FF4D8
:10626800C3AEC5E613F480737FF42CAF116821F038
:1062780010011160012289F8343089F8352021E7AE
:10628800D9F84430002B7FF420AF20E7D9F8483004
:10629800002BC7D1CAE700BF100002402800024007
:1062A800B8040240B5814E1B58000240400002402D
:1062B8004E4A4F4DAB4218BF934205F114050CBF2F
:1062C80001220022AB4208BF42F001021435AB4262
:1062D80008BF42F001021435AB4208BF42F0010288
:1062E8001435AB4208BF42F001021435AB4208BF77
:1062F80042F0010212B93F4A9342A6D1D9F85C5044
:1063080004261A6805F01F05AE400E4219D057073B
:1063180017D5100466604BD5D1034FD4D9F848304F
:10632800002B7FF402AF90E71A68102202FA0CFCE7
:1063380017EA0C0F3FF45CAE1A6852077FF558AEA7
:1063480034E60226AE400E4211D097070FD566609C
:10635800140439D5D00343D4D9F84430002B7FF442
:10636800E4AE72E713689F077FF5B1AE9BE6082697
:10637800AE400E423FF469AF11077FF566AF1A6869
:10638800002122F00E021A600123D9F84C2003FAEA
:1063980005F56560C9F8543089F8341089F8353046
:1063A800002A3FF452AF484603B0BDE8F043104717
:1063B800920603D41A6822F004021A60D9F8403011
:1063C800002B7FF4B2AE40E712F0200208D1196822
:1063D800012421F00A01196089F8342089F8354030
:1063E800D9F83C30002B7FF4A0AE2EE708540258B1
:1063F8001C54025894540258406D70472DE9F04FD0
:106408000D6883B0002D00F0D5800023DFF8688286
:1064180001229A4012EA050C00F0C7804E6826F067
:106428001009B9F1020F40F0C88003F007044FEAE1
:10643800D30E4FF00F0A4FEA840900EB8E0E0AFACA
:1064480009FADEF8204024EA0A0A0C6904FA09F479
:1064580006F0030944EA0A04CEF820404FEA430E46
:106468000324D0F800A009FA0EF904FA0EF42AEA77
:10647800040AE44349EA0A09C0F80090D0F808A0E1
:10648800CF6804EA0A0A07FA0EF949EA0A09C0F8C5
:106498000890C6F30019D0F804A009FA03F92AEA0B
:1064A800020249EA02024260C268F70004EA0204F2
:1064B8008A6802FA0EF242EA0402C26075D5644C98
:1064C80023F0030E03F00309D4F8F420C6444FEA7E
:1064D800890942F00202C4F8F420D4F8F42002F04A
:1064E80002020192019A0F22DEF8084002FA09F22C
:1064F80024EA0202574CA04225D004F58064A04249
:106508007BD0554CA0427ED0544CA0426FD0544C06
:10651800A04200F08480534CA04200F08680524C88
:10652800A04276D0514CA04200F08580504CA04249
:1065380000F087804F4CA0420CBF09240A2404FABB
:1065480009F942EA0902CEF808204FF0B0426FEA92
:106558000C0EF403D2F880204FF0B04454BF0EEA7A
:1065680002024CEA0202C4F88020B203D4F8844044
:106578004FF0B04254BF0EEA04044CEA0404F70298
:10658800C2F8844014684FF0B04254BF0EEA0404C5
:106598004CEA04041460B40252684FF0B04454BF8B
:1065A8000EEA02024CEA02026260013335FA03F293
:1065B8007FF42EAF03B0BDE8F08F4FEA430E0324FB
:1065C800D0F800B006F0030A04FA0EF409F1FF3916
:1065D8000AFA0EFA2BEA040BB9F1010F6FEA040468
:1065E8004AEA0B0AC0F800A03FF65EAF46E703246C
:1065F80004FA09F942EA0902A5E7012404FA09F9AB
:1066080042EA09029FE7022404FA09F942EA090268
:1066180099E7062404FA09F942EA090293E70424EF
:1066280004FA09F942EA09028DE7052404FA09F98E
:1066380042EA090287E7072404FA09F942EA09024B
:1066480081E7082404FA09F942EA09027BE700BF56
:10665800004402580000025800080258000C025872
:10666800001002580014025800180258001C025862
:10667800002002580024025800040058002900F0A5
:10668800A88000232DE9F04FDFF8689183B0DFF888
:106698006881DFF868A1DFF868B14FF0010E0EFAE3
:1066A80003F212EA010C6FD023F0030503F0030490
:1066B8000F2640454D444FEAC404AF6806FA04F675
:1066C80007EA0607019721D0504566D0584567D09C
:1066D800434FB8426ED0434FB84270D0424FB84291
:1066E80063D0424FB84256D0414FB84272D0DFF81B
:1066F80014E1704568D0DFF810E1704514BF4FF021
:106708000A0E4FF0090E0EFA04F400E00024019F6F
:10671800A74219D1AC6824EA06064FF0B044AE602F
:10672800D4F8805025EA0C05C4F88050D4F8845079
:1067380025EA0C05C4F88450256825EA0C0525606F
:10674800656825EA0C05656003255C0003F007070A
:106758000F2605FA04F40568BF00254306FA07F773
:106768000560DD0800EB85052E6A26EA07062E621D
:10677800856825EA04058560456825EA02024260C5
:10678800C26822EA0404C460013331FA03F284D1F6
:1067980003B0BDE8F08F4FF0060E0EFA04F4B6E72A
:1067A8004FF0020E0EFA04F4B1E74FF0050E0EFAA0
:1067B80004F4ACE74FF0030E0EFA04F4A7E74FF029
:1067C800040E0EFA04F4A2E74FF0080E0EFA04F4D1
:1067D8009DE770474FF0070E0EFA04F497E700BFE5
:1067E800000C0258001002580014025800180258F1
:1067F800001C025800040058000002580004025807
:10680800000802580020025800240258036919425F
:1068180014BF01200020704702B909048161704744
:106828002DE9F04F056885B00446284605F082FC3E
:10683800012802D005B0BDE8F08F206805F02AFCD9
:106848000028F7D0206805F025FC10F4001F206808
:1068580002D04FF40013436105F01CFC10F4801FB4
:10686800206802D04FF48013436105F013FC10F048
:10687800806F206802D04FF08063436105F00AFC06
:1068880010F0020F20682FD105F004FC870000F1FA
:106898001381206805F0FEFBC60100F1CF80206857
:1068A80005F0F8FB000700F1BE80206805F0F2FB58
:1068B80010F0007F20681AD105F0ECFBC306B9D5AB
:1068C8002568AB6923F01003AB612E6AC6F3434118
:1068D800C6F30A17022902D1002F40F0C681AB691E
:1068E80043F01003AB61A5E702234361CCE705F051
:1068F8008FFCD4F808E080462068BEF1000F00F055
:10690800998005F5A06500264FF0280B4FF0020A84
:106918004AE000F5A0694A0109EB4117BB685B072B
:106928005DD50423BB60FB6843F00203FB60BB68D2
:10693800980500F1FD80BB68DB0740F1CF80236933
:1069480053B101EB81003B6904EBC000C3F3120CA7
:10695800836CA3EB0C03C3648B004FF0010C4FF066
:10696800000E581804EBC000C0F858E080F85DC06D
:10697800C7F808C090F83FE01EF0FD0F00F06481F2
:10698800BEF1030F00F040820B4404EBC30393F8FD
:10699800502082F0010283F85020D4F808E02068E3
:1069A80001362035764545D206F00F0328FA03F361
:1069B800D907F5D52B68F1B21A04AAD400F5A0625C
:1069C8004FEA411C02EB4117BB6813F004090DD0D4
:1069D8000423BB60FB6843F00203FB60E0E7BB688D
:1069E8009B0640F1B3802023BB60A0E7BB6813F08F
:1069F800200300F0CA8001EB8103202204EBC303CB
:106A0800BA6093F83D20012ACAD183F83D9083F8F3
:106A18005CA0FB6843F00203FB6005F0FDFBD4F8C3
:106A280008E02068BCE72046FEF7FCFA2068082347
:106A380043613BE74FF0007343613DE72668D6F8B2
:106A480040340293D6F840340393039B23F02E037B
:106A58000393029B980707D5029BD90700F163812E
:106A6800039B43F002030393029B1A0718D5039B69
:106A780043F008030393029B5B0740F15C81A16923
:106A8800022900F09A81E368012B03D14EF66022B7
:106A9800C6F804242046FEF7D3FA2046FEF7C6FAC5
:106AA8002068029B9F0603D5039B43F020030393B2
:106AB800039BC6F84034F3E6D5F84034204623F06B
:106AC8002E03C5F84034FEF7B5FA0121206805F019
:106AD8007DFB20684FF000534361DBE6BB689807F5
:106AE80040F18E80FB6801EB810C23F0020304EB7C
:106AF800CC0CFB608B009CF85D00012800F0B28094
:106B0800052800F0AF80062800F0A381082800F0CF
:106B1800A081032800F0DC819CF85C000246C7F8DD
:106B280008A02046FEF78AFAD4F808E0206837E77C
:106B3800FB68206843F00203FB6005F06DFB4FF42F
:106B480000732068BB60D4F808E029E7BB681B071E
:106B580000F1BB80BB685B057FF5E9AEFB6801927D
:106B680043F002030091FB6005F056FB00991020EA
:106B7800019A01EB8103B860082004EBC30383F892
:106B88005D004FF48063BB60D1E6D7F8089019F038
:106B9800400F40F0B180BB6813F4007340F02F81C0
:106BA800D7F8089019F0010F40F03F81BB6813F047
:106BB800080340F06881D7F8089019F0100F00F02A
:106BC800C98001EB810204EBC2029365032382F8BA
:106BD8005D3092F83D303BB90BFB014393F83C2004
:106BE80012B9012283F83D20FB6843F00203FB60E1
:106BF80005F012FB10232068BB60D4F808E0CFE64C
:106C0800BB6813F0800340F0E380BA68D20640F115
:106C1800D08001EB810004EBC00090F83F20032AEC
:106C280000F04B8112F0FD02E4D123698265002B4C
:106C3800E0D10BFB0143032283F85D20FB68206849
:106C480043F00203FB60D3E7FA68206842F00202CF
:106C580001930091FA6005F0DFFA1022DDE90013D4
:106C6800BA6091E68CF85C0058E706F00F0606EB70
:106C7800860804EBC808D8F8441000293FF42FAE62
:106C8800284605F5A0653A4605F082F9D8F844305B
:106C980005EB46123B441169D8F84C20C8F844303B
:106CA80073013A44C8F84C20BC4A0A405AB1EA5821
:106CB80022F0804242F00042EA5098F8503083F0C7
:106CC800010388F85030256809E6FB684FF0050C89
:106CD800019243F002030091FB6001EB810304EB96
:106CE800C30383F85DC01023BB600823BB6005F0B5
:106CF80093FADDE900121AE601EB810204EBC20205
:106D08009365042382F85D30012382F83D30FB68E7
:106D180043F00203FB6005F07FFA40232068BB6064
:106D2800D4F808E03CE6B369204623F00053B36189
:106D3800FEF77CF994E62046FEF786F9D6F840344B
:106D4800206823F02E03C6F84034836943F00053CB
:106D58008361A6E6BB681B0600F1C880BB685B05BB
:106D680000F1D780BB689B077FF51AAEFB680BFB69
:106D7800014023F00203FB6090F85D30012B00F026
:106D8800E180032B00F0DB80042B00F0D880052B7A
:106D980000F0FC80062B00F0E480082B00F0E18076
:106DA8000BFB01432046C7F808A093F85C20FEF7C8
:106DB80045F9D4F808E02068F2E5029B206803F45E
:106DC800C023B3F5802F18BF012105F0FFF961E654
:106DD800FB6801EB810243F0020304EBC202FB6093
:106DE800936D01339365062382F85D30206805F0C2
:106DF80013FA80232068BB60D4F808E0D0E5FB686C
:106E080043F00203FB6098E652F80970019347F0DB
:106E18000057009142F80970624680F85CC020462D
:106E2800FEF70CF9DDE90013AEE5FA6801EB81091C
:106E380042F0020204EBC909C9F85830FA6005F0BB
:106E4800EBF90123BB6089F85D30D4F808E02068CD
:106E5800A6E503EB010C04EBCC0CDCF85800013080
:106E6800032825D8CCF8580002200B4404EBC303B0
:106E780083F85C0052F8093023F0804343F0004364
:106E880042F809304AE608230091BB60FB6843F0EA
:106E98000203FB6005F0C0F90099052201EB8101AE
:106EA80004EBC10383F85D20D4F808E0206877E597
:106EB8000020CCF858000420D7E7FA680BFB014003
:106EC80042F0020283652068FA6005F0A5F991E6B0
:106ED8000BFB0143022083F85CA052F8093023F031
:106EE800804343F0004342F8093017E6FB680091FD
:106EF80043F00203FB6005F08FF9009906230BFBB2
:106F0800014181F85D3080232068BB60D4F808E037
:106F180046E5FB68009143F00203FB6005F07CF94D
:106F280010230099BB604FF480630BFB0141BB60E9
:106F3800082381F85D30D4F808E0206830E580F84F
:106F48005CA02DE780F85C3090F83F30023B012BC5
:106F58003FF626AF90F8513083F0010380F85130A6
:106F68001EE70BFB0140836D0133032B11D88365AA
:106F780002230BFB014080F85C3052F80C3023F000
:106F8800804343F0004342F80C3009E780F85C3056
:106F980006E7002383650423EBE700BF0000F81F22
:106FA80090F8B832012B0CD0012310B504460068C4
:106FB80084F8B83205F090F90023184684F8B832FE
:106FC80010BD0220704700BFF8B505460E461746AB
:106FD800701C2C682CD1A369990727D4A369DA06F9
:106FE800F9D5A3699A06FCD520231022E261E36152
:106FF800A3699F0701D50023A362A369DE0703D411
:10700800A36943F00103A361636800221B482021A0
:107018000340012063606B6C85F8402043F0040353
:107028006B6485F8411085F84220F8BD0020F8BD52
:10703800A3699B07FAD4A369D9061BD4FEF732F9D2
:10704800C01BB04201D8002EC2D16B6C2021002297
:1070580001200B4385F840206B6485F8411085F8C2
:107068004220F8BDFEF71EF9C01B8642EDD3002E64
:10707800EBD02C68A3699B06F4D5B5E700E800FEC1
:10708800F8B505460E4617462C68A3699B0649D4F1
:10709800A369DA0626D5731C38D1A3699E06FCD5E8
:1070A80020231022E261E361A369990701D5002337
:1070B800A362A369DA0703D4A36943F00103A361B8
:1070C80063680022184820210340012063606B6C2C
:1070D80085F8402043F004036B6485F8411085F877
:1070E8004220F8BDFEF7DEF8C01BB04201D8002EE2
:1070F800CAD16B6C2021002201200B4385F8402067
:107108006B6485F8411085F84220F8BDA36998069C
:10711800C6D4FEF7C7F8C01B8642EAD3002EE8D0D3
:107128002C68B8E70020F8BD00E800FE00284ED023
:1071380010B590F84130044603F0FF02002B41D00F
:1071480023682421626884F84110196822F070626B
:10715800E06821F00101012819601A619A6822F497
:1071680000429A60A26829D042F4044202289A6038
:1071780002D14FF400625A6058684FF0200C15494C
:10718800226901435960D96821F40041D960D4E9E2
:107198000501024342EA0122D4E90710DA6000221D
:1071A800014310461960196841F0010119606264D1
:1071B80084F841C0226384F8422010BD42F40042A2
:1071C8009A60D9E780F84020FBF7A4FCB8E70120D3
:1071D800704700BF008000022DE9F047984690F8FC
:1071E8004130089E202B40F0878090F840300446BC
:1071F800012B00F0818001238946174680F8403032
:10720800FEF750F8054604E0FEF74CF8401B192835
:1072180075D82368986910F40040F5D12122676277
:107228006063C9F3090784F84120102284F84220DA
:107238006064A4F82A80628D92B2FF2A6DD8628DAC
:10724800494892B2D1B222855A6802403A4342EA8A
:107258000142464911435960DFF81C814FF0FF0A8B
:10726800DFF81891638D2A46314620469BB2002BE1
:1072780030D0FFF7A9FE002873D1606A216810F8A2
:10728800012B238D8A62628D013B6062013A9BB2B9
:1072980092B223856285628D92B2002BE2D1002AD8
:1072A800E0D0701C43D18B691A06FCD5638D9BB264
:1072B800FF2B48D94B682A46A4F828A0204603EAA1
:1072C80008033B4343EA09034B603146638D9BB295
:1072D800002BCED1FFF7D4FE002842D1236820210D
:1072E800234DD9615A682A405A6084F8411084F8BD
:1072F800400084F8420000E00220BDE8F087636C9B
:107308002021002201200B4384F84020636484F884
:10731800411084F84220BDE8F0875A6812490A40B3
:1073280014493A431143FF222285596094E78B6937
:107338001B06BBD4FDF7B6FF401B8642DFD3002EE9
:10734800DDD02168ADE7638D9BB2DAB223854B6847
:1073580003EA080343EA02433B4343F000734B60EC
:1073680080E70120BDE8F087009800FC002000823B
:1073780000E800FE0020FF81009C00FC0000FF01E7
:107388002DE9F0471F4690F84130202B40F08E80C1
:1073980004460D46002900F08380B2FA82F91646A9
:1073A8004FEA5919002A7BD05FFA83FA90F84030E7
:1073B800012B7BD0012380F84030FDF773FF212398
:1073C80065628046256884F8413084F842A0C4F894
:1073D800449066856B68C4F8349023F400436B606E
:1073E8007B1C66D1AE693607FCD50823EB61E368E0
:1073F800022B06D0AE69F60328D4AE69F603F9D598
:1074080024E0AB691907FCD50823EB617B1CF1D09C
:10741800AB69DD031AD4FDF745FFA0EB08008742EE
:1074280053D3002F51D02568F0E74246394620460D
:10743800FFF7CAFD00285BD1636A226813F8011BB5
:107448009162658D6362013DADB26585638D9BB2C6
:10745800002BEAD1424639462046FFF711FE0028A4
:107468004DD02268536843F400435360636C042B87
:1074780054D1002363642023D361781C41D19369DC
:107488001904FCD451680023202041F400415160C4
:1074980084F84100184684F8423084F8403003E00C
:1074A8004FF4007301206364BDE8F0870220BDE853
:1074B800F087AB69180733D4FDF7F4FEA0EB08009A
:1074C800874202D30FB125688AE7636C2020002128
:1074D8002268034384F84010636484F84100012063
:1074E80084F84210536843F400435360BDE8F087C2
:1074F80022680120536843F400435360D4E72268AC
:10750800B9E793691B04BDD5FDF7CCFEA0EB0800D5
:107518008742DAD3002FD8D02268AEE70120C3E72C
:107528000823EB61E368022B7FF470AF08E0FDF7F6
:10753800B9FEA0EB08008742C7D3002FC5D0256845
:10754800AB691A07F3D55FE70268436B9169126864
:1075580003B11847704700BF90F84100704700BF5B
:1075680090F84120202A23D15FFA82FC90F840202D
:107578000346012A1CD00268242000B583F8410084
:107588004FF0000E106820F001001060106820F421
:10759800805010601068014370461160116841F016
:1075A8000101116083F841C083F840E05DF804FBF5
:1075B8000220704790F84120202A22D1034600B5C6
:1075C8005FFA82FE90F84020012A1CD0026824202D
:1075D8004FF0000C83F84100106820F001001060A3
:1075E800106820F4706040EA01216046116011685B
:1075F80041F00101116083F841E083F840C05DF873
:1076080004FB0220704702205DF804FB2DE9F04FCF
:10761800076889B00446384604F08CFD10B109B0FB
:10762800BDE8F08F8246206804F034FD0028F6D0CB
:10763800206804F02FFD10F0020F206803D0436982
:1076480003F00203436104F025FD10F4002B2068C9
:1076580040F0508104F01EFD10F4802F206840F0A7
:10766800EB8004F017FD002874DB206804F012FD9D
:10767800000564D4206804F00DFD020114D52268C9
:10768800536903F00063536194F8F433002B40F01E
:1076980095810121204684F8F413536DC3F38303C5
:1076A800C4F8F83300F024FC206804F0F3FCC304A9
:1076B8007BD4206804F0EEFC10F4005F20685DD1F4
:1076C80004F0E8FC10F0100F206812D0836923F052
:1076D800100383613D6AC5F3434305F00F06022B8F
:1076E80000F03182062B00F07F81836943F010039C
:1076F800836104F0CFFC070700F15781206804F08C
:10770800C9FCC60200F14681206804F0C3FC85026A
:1077180000F13581206804F0BDFC400000F12681AD
:10772800206804F0B7FC41077FF579AF23685D68EE
:107738006A0700F129825A682A435A606FE7D7F826
:107748000838D90700F11C822068436903F40063F4
:10775800436190E7D7F8043823F00103C7F80438E9
:1077680094F8F433012B00F038812046FDF7DAFB5A
:107778002068436903F00043436177E704F0DEFCC7
:10778800206804F0C3F92568E06001F0E5FC227B7D
:107798000146284604F01EF92046FDF799FB2068AB
:1077A800436903F4005343618AE7D7F8043810218A
:1077B800206807F5006523F001036B6004F08CF97D
:1077C8006068B0B107F510634FF67F3199600AF130
:1077D800010A1A682033824522F4001243F8202C4B
:1077E800C3F8E811D3F8E02122F40012C3F8E0212D
:1077F800ECD1EB6943F00113EB61236B002B40F0F4
:10780800E1806A6942F22B0313436B612B6943F0F1
:107818000B032B61D7F8003804F57172217C23F42F
:10782800FE632068C7F8003804F0A4FC20684369A8
:1078380003F4805343613DE704F044FC804620682C
:10784800B8F1000F00F0E580264607F510694FF003
:10785800000BCDE9037A09E05FEA58080BF1010B48
:1078680006F11C0609F1200900F0D58018F0010F77
:10787800F2D05FFA8BF7394604F040FCC30705469F
:107888001FD50BF00F03039901229A40D1F8343821
:1078980023EA0203C1F834380123C9F80830236900
:1078A800012B03D1D6E911231344B364394620468A
:1078B800FDF700FB2369012B03D1BBF1000F00F09A
:1078C800AC81280702D50823C9F80830E90602D593
:1078D8001023C9F808306A0602D54023C9F80830D1
:1078E800AB0702D50223C9F808302D0600F1C6807F
:1078F8002068B1E704F0D8FB05462068002D00F0A9
:10790800868007F53066A1464FF0000B049707E024
:107918006D080BF1010B06F1200609F11C097DD059
:10792800EB07F5D55FFA8BF1039104F0D9FB10F062
:10793800010F8046039973D118F0080F40F0F280C8
:10794800206818F0100F01D01023B36018F0200F32
:1079580005D02169012900F05A812023B36018F469
:10796800005FD5D04FF40053B360D1E72046FDF750
:10797800E5FA2068436903F080434361D1E6204675
:107988005FFA8BF1FDF7D2FA2068436903F400131C
:107998004361C0E620465FFA8BF1FDF7CBFA206819
:1079A800436903F480134361AFE62046FDF78CFA80
:1079B8002068436903F008034361A0E62046FDF709
:1079C80099FA71E6D5F8843043F00B03C5F8843092
:1079D8006B6C43F00B036B641CE70021204684F8B2
:1079E800F41300F085FAC3E6C6EBC606082204F5D0
:1079F8007171384604F0CCFAC5F30A1304EB860219
:107A08002068D2F814120B44C2F814326DE6AB4663
:107A180020E6C34625E6DDE9037A22E6049F19E657
:107A2800206801232769B36000F53063012FD0F87F
:107A380040E003EB4B139A6800F0C580984FBE45B1
:107A480040F0BD80170440F1B6804FF4004218F0B2
:107A5800080F9A603FF475AF026C986890498A42A3
:107A680000F0978020460392FDF714FA8D4B039A95
:107A78009A4200F296800823B36061E7D6E914536E
:107A8800D4F800A0AB4250463FF6E6AE0AF51062C5
:107A9800716CCDF81CA002EB4B120592EA1A8A42CF
:107AA80028BF0A4605998969033289B2B1EB920F5A
:107AB800C0F0A980CDF81890C146A046059C1AE0F0
:107AC800736C3A46B16C50469D4228BF1D4698F8E3
:107AD80010300093ABB204F045FAB36CA1692B44A3
:107AE80089B2B364736D2B440335B1EB950F73659D
:107AF800C0F08180356D9D42A5EB0305E0D8444672
:107B0800C846DDF81890D4F800A0079B012250461B
:107B180003F500610BF00F039A404B6B23EA020355
:107B28004B6399E62268216902F53063126C0129DA
:107B380003EB4B13986891D15A498A4229D82046B9
:107B4800FDF7A8F997E747F6F0731D423FF4CDAD6E
:107B5800C6EBC606C5F30A12384604EB8606154678
:107B6800D6F8081204F014FAD6F8083220682B4424
:107B7800C6F80832D6F814322B44C6F81432B4E5E5
:107B88002046FDF7B7F9DFE52046FDF7DBF9236866
:107B9800D1E5020402D54FF400429A602046FDF771
:107BA80079F9216901297FF466AF04F571722068BB
:107BB80004F0E0FA5FE7900601D520229A6020469B
:107BC800FDF76EF9B8E6170732D536498E4504D960
:107BD800120402D54FF400429A6020460393FDF741
:107BE80059F904F571720121206804F0C3FA0822DA
:107BF800039B9A60A0E64446356DC846DDF81890A8
:107C0800D4F800A050469D423FF626AE7DE704F525
:107C1800717204F0AFFA20689FE6236D002B7FF4A1
:107C280050AE04F571720121206804F0A3FA48E609
:107C3800970608D520229A6018F0080F3FF481AE05
:107C4800026C986878E712F0280FF5D1154FBE45F9
:107C580005D9120403D54FF400429A60ECE71B697A
:107C68002046D9F80422C3F31203D31AC9F81432F0
:107C7800D9F808321344C9F80832FDF711F9BBF1F5
:107C8800000F7FF459AED4F81032002B7FF454AEB5
:107C980004F571720121206804F06CFA4CE600BF0B
:107CA8000A31544F0A30544F90F8BC23012A0ED0A1
:107CB800012210B50446006884F8381084F8BC2303
:107CC80004F0D6F90023184684F8BC3310BD02200E
:107CD800704700BF10B501F00F0E0906044627D4FF
:107CE8004FF01C0C0CFB0E0C0CF5FE71CEEBCE0C01
:107CF80000EB8C0C00208CF8FD018A604A7881F832
:107D080000E0CB700AB1A1F806E0022B01D10023F4
:107D18000B7194F8BC33012B18D00123206884F828
:107D2800BC3303F005FF0023184684F8BC3310BDAC
:107D38001C204FF0010C00FB0E4000F13C01CEEB83
:107D4800CE0004EB800080F83DC0D6E7022010BDCD
:107D580010B501F00F041C21C4EBC40C01FB040195
:107D680000EB8C0C01F5FE71CCF810320023CCF836
:107D780008228CF8FC41CCF814328CF8FD310369E8
:107D88000068012B08BFCCF80C22DAB21CB904F049
:107D98002FF8002010BD03F013FF002010BD00BF16
:107DA80010B501F00F041C21C4EBC40C01FB040145
:107DB80000EB8C0C3C31CCF850300023CCF8482038
:107DC800CCF8543001238CF83C408CF83D300369E2
:107DD8000068012B08BFCCF84C20DAB21CB904F0BB
:107DE80007F8002010BD03F0EBFE002010BD00BF17
:107DF80038B5436801F00F059D4234D80B06044698
:107E08001DD41C22C1EBC10302FB010100EB83035B
:107E1800002201F5FE7183F8FD2101230D708B709E
:107E280094F8BC239A421CD0206884F8BC3304F030
:107E3800BFF8D5B10023184684F8BC3338BD1C21DF
:107E4800C5EBC503012201FB050100EB83033C31AF
:107E580083F83D2001230D708B7094F8BC239A425F
:107E6800E2D1022038BD012038BD04F57172217CB1
:107E7800206804F07FF9DDE7426838B501F00F03A8
:107E8800934232D811F0800F04464FF01C01C3EB27
:107E9800C30219D101FB0341002004EB8202002533
:107EA80001F5FE7182F8FD010B708D7094F8BC33FA
:107EB800012B18D00123206884F8BC3304F0ACF8F7
:107EC800284684F8BC5338BD01FB0341012004EB6C
:107ED800820200253C3182F83D000B708D7094F8C9
:107EE800BC33012BE6D1022038BD012038BD00BFCC
:107EF800704700BF38B5114BDA68520704D4DB6805
:107F080003F00703834214D10C4CE36823F0070302
:107F18001843E060FDF7C6F9054605E0FDF7C2F92C
:107F2800401BB0F57A7F06D863689B04F6D500201D
:107F380038BD012038BD032038BD00BF00480258B5
:107F4800024AD36843F08073D360704700480258F0
:107F580070B44D6A15B1B2F1406F3AD18B691BB359
:107F68000C6A002C4CD08E680068C661CE69002E61
:107F780069D02B4313432343CC6A334323430C6B0D
:107F880023434C6B23430C692343CC6823430C687D
:107F980023434C69B2F1406F43EA8443436165D09F
:107FA8004B6870BC836170470B6ABBB100682B4398
:107FB8008C68CE69C461002E6BD01343CC6A3343FE
:107FC80023430C6B23434C6B23430C692343CC683A
:107FD800DEE78B6A0468013B2361BFE7CB69002BAE
:107FE80066D1002D42D0CB6A0C6B2B43006813433B
:107FF8004A6923434C6B234343EA8243436135E098
:10800800CC6945EA030C002C32D003684CEA020024
:10801800B2F1406F40EA0400CC6A40EA04000C6BFD
:1080280040EA04004C6B40EA0400CC6840EA0400D3
:108038000C6840EA04004C6940EA8440586115D055
:108048004A689A6112E045EA030C0D694CEA02039A
:10805800CA6A23431343D1E90C4223430C681343F0
:108068004A692B43234343EA8243436170BC704708
:10807800CC6A4CEA020300682343D1E90C4223434B
:108088000C6813434A69234343EA824370BC436143
:108098007047CC6A13432343D1E90C42234313436B
:1080A800D1E90442234343EA824370BC43617047E9
:1080B8002B43CD6A0C6B134300682B4323434C6B53
:1080C80084E700BF70B50446FDF7ECF8002C54D0E7
:1080D80094F84030012B52D00123064684F84030F2
:1080E80094F8413003F0FF02002B34D0A56C2268CD
:1080F800A1681368013923F4706343EA012313600C
:1081080001E06B1C31D1936813F02003F9D1E069C9
:10811800E16815680143206A0143606841EA00612B
:108128001C482840014360691160A16955680143F2
:10813800206941EA004118482840012501431846B2
:108148005160116829431160636484F84150002329
:1081580084F8403070BD204684F84020FBF730F9A1
:1081680041F288331D46A364C1E7FDF79BF8801BE5
:10817800A84206D82DB12268C5E7012070BD0220AB
:1081880070BD0423012084F84130636C03436364A9
:10819800DDE700BF2FFFFF00FEF8E0FFC8B110B514
:1081A80090F840300446012B11D00268012380F872
:1081B8004030136823F001031360FBF78FF90023A5
:1081C8006364184684F8413084F8403010BD0220BA
:1081D80010BD0120704700BF2DE9F04104460E464E
:1081E8001546FDF75FF894F84030012B3AD001238B
:1081F80084F8403094F84130012BDFB206D00227D2
:108208000023384684F84030BDE8F08100238046DA
:108218006364022384F84130681C23680ED19A688D
:1082280012F02002FBD131462046FFF791FE736A17
:10823800E3B10123002784F84130E1E79A6812F09E
:1082480020021ED0FDF72EF8A0EB0800854201D3CE
:10825800002DE1D1042384F84130636C43F001031D
:108268006364CDE702273846BDE8F0812268936849
:108278009B07FCD5022101230027D16084F84130F7
:10828800BEE731462046FFF763FE736A43B1D0E785
:10829800FDF708F8A0EB08008542DBD3002DD9D004
:1082A800226893689907F3D5E4E700BF2DE9F843FE
:1082B800044689461546FCF7F5FF94F840302768D0
:1082C800012B67D0012384F8403094F84130012B0A
:1082D8005FFA83F807D04FF002080023404684F87D
:1082E8004030BDE8F88300236364B9F1000F56D02D
:1082F8001223064684F841303B690133E3623B6947
:10830800C4F824900133A3627B6923F040637B6146
:10831800E36A002B31D06A1C394611D18B685B07A0
:10832800FCD5636A1B7887F82030E26A636A013AF1
:108338000133E262E26A6362F2B16A1C2168EDD03D
:108348008B685807EDD4FCF7ADFF801B854201D33D
:10835800002DF2D1042384F84130636C43F001030B
:10836800636413E0BB689B070CD4FCF79BFF801B7E
:108378008542EFD3002DEDD02768691CF2D1BB6888
:108388009A07FCD502234FF00008FB60012384F80C
:108398004130A2E74FF002084046BDE8F883636C1D
:1083A80043F00803636498E72DE9F843044615464B
:1083B8008946FCF777FF2768BA6994F84030012BA3
:1083C8006CD0012384F8403094F84130012B5FFAD7
:1083D80083F807D04FF002080023404684F8403065
:1083E800BDE8F88300236364B9F1000F5BD0222352
:1083F800064684F841303B690133A3633B69C4F8FE
:108408003090013363637B6923F0406343F08063FA
:108418007B61BA61A36B002B33D0681C394612D13B
:108428008B6813F0060FFBD097F82020236B1A7087
:10843800A26B236B013A0133A263A26B2363FAB1E7
:10844800681C2168ECD08B6813F0060FECD1FCF7A0
:1084580029FF801B854201D3002DF1D1042384F824
:108468004130636C43F00103636413E0BB689B070E
:108478000CD4FCF717FF801B8542EFD3002DEDD0FD
:108488002768691CF2D1BB689A07FCD502234FF014
:108498000008FB60012384F841309DE74FF0020893
:1084A8004046BDE8F883636C43F00803636493E7D0
:1084B8002DE9F84F04461F4689469046FCF7F2FE20
:1084C80094F84030012B52D0012384F8403094F8BE
:1084D8004130012B5FFA83FB07D04FF0020B0023DA
:1084E800584684F84030BDE8F88F0023824663641C
:1084F800422384F841307A1C26682CD1B568AB0633
:10850800FCD4D8F8003049462046B362D8F8043085
:108518007362D8F80830F3623268D8F8103022F461
:1085280040021343D8F80C2043F480033360C9F8A1
:1085380028204FF00062FFF70BFD781C22681BD142
:1085480093681907FCD5082101234FF0000BD1606F
:1085580084F84130C3E7B3689D06D2D5FCF7A2FE84
:10856800A0EB0A00874212D3002FC4D10FE04FF0CE
:10857800020B5846BDE8F88F93681B07E3D4FCF755
:1085880091FEA0EB0A00874201D3002FD5D1042326
:1085980084F84130636C43F0010363649FE700BFD4
:1085A8002DE9F04704460F461646FCF77BFE94F883
:1085B8004030012B45D0012384F8403094F84130F5
:1085C800012B5FFA83F907D04FF0020900234846D0
:1085D80084F84030BDE8F08700238046D4F848A0EE
:1085E8006364822384F84130BAF1FF3F256814D1CF
:1085F800AB689A06FCD42B68726823F00803082A33
:1086080043EA02032B6021D04FF0406239462046EE
:108618004FF00009FFF79CFCD8E7AB689B06EAD54A
:10862800FCF740FEA0EB0800824502D3BAF1000F28
:10863800DAD1042384F84130636C43F001036364A6
:10864800C4E74FF002094846BDE8F08732681023B6
:108658002A63EB602B6843F480132B60D4E700BFD8
:10866800704700BF08B5006C00238363C36290F8AD
:108678004130082B0BD103680222DA601A6842F4F1
:1086880000321A601A6842F002021A6008BD01231B
:1086980080F84130FFF7E4FF08BD00BF704700BF16
:1086A800704700BF704700BF704700BF704700BFEA
:1086B800704700BF704700BF38B5036804469A6822
:1086C800196855070ED548030CD594F84120122A8D
:1086D80075D094F84120222A00F0A1802046FFF7A7
:1086E800E5FF38BD950726D5880324D50222DA6030
:1086F8001A6822F4E0221A6094F84120122A7AD0EB
:1087080094F84120222A00F0A98094F84120022AF6
:1087180000F0D08094F84120082AE2D15A6901215A
:10872800204622F040625A6184F84110636C3BBBDA
:10873800FFF7B4FF38BD150725D4D50735D5C803CD
:1087480033D50125DD601A6822F470221A60626C44
:1087580042F0020262641A68520779D51A68E06B1F
:1087680022F004021A60574B836505F0A9FC002823
:10877800B7D0636C204643F00403636484F8415027
:10878800FFF76EFF38BD0803D7D50822DA601A68EC
:10879800520206D51A68012122F410221A6084F8C0
:1087A80041102046FFF784FF38BDD00699D5CA028C
:1087B80097D510222046DA60FFF77CFF38BD9A680B
:1087C80050078BD518460EE0626A127883F820208D
:1087D800E16A20680139626AE16201328168626295
:1087E8004D077FF57BAFE26A002AEDD1036823F4D9
:1087F8008023036072E71A68510709D51A68E16B8C
:1088080022F0040209681A60CB6823F00103CB60E8
:108818000123204684F84130FFF746FF38BD9A68A7
:1088280052077FF55BAF18460EE093F82010226BD5
:108838001170A16B20680139226BA1630132816834
:10884800226349077FF54AAFA26B002AEDD1CDE735
:10885800204684F84150FFF703FF38BD1A685207D5
:108868001DD49A6812F47C5F0FD111E093F82010A0
:10887800226B1170A16B20680139226BA163013250
:108888008168226311F47C5F02D0A26B002AEDD1CB
:108898000123204684F84130FFF704FF38BD1A68E9
:1088A800E16B22F0040209681A60CB6823F0010327
:1088B800CB60EDE70123204684F84130FFF7F0FE56
:1088C80038BD00BF6D860008002800F0DE81F8B5CD
:1088D80003680446D80730D59F490A69896A02F0B7
:1088E8003802102A00F00081182A00F0F880636826
:1088F800B3F5803F00F02081002B00F05E81B3F5D6
:10890800A02F954B1A6800F02F8222F480321A604B
:108918001A6822F480221A60FCF7C4FC8E4E41F2D9
:108928008837054605E0FCF7BDFC401BB84200F25D
:10893800428133689A03F6D523689D0700F1858044
:10894800D9062FD5844A1369926A03F03803082B95
:1089580000F0DA80182B00F0D280E3697E4D002BFE
:1089680000F065812B6843F080032B60FCF79AFCCC
:10897800064605E0FCF796FC801B022800F21B81E6
:108988002B68DB05F6D5FCF7A5FC41F203039842FA
:1089980000F20B826B68226A23F0F84343EA826391
:1089A8006B6023681D0716D563696B4D002B00F0BB
:1089B8001C816B6F43F001036B67FCF773FC064681
:1089C80005E0FCF76FFC801B022800F2F4806B6F57
:1089D8009807F6D523689A0616D5A3695E4D002B2D
:1089E80000F014812B6843F480532B60FCF75AFC89
:1089F800064605E0FCF756FC801B022800F2DB80E7
:108A08002B689F04F6D52368590700F19B80636A99
:108A1800CBB1514D2A6902F03802182A6DD0022BC9
:108A28002B6823F080732B6000F03981FCF73AFC47
:108A3800044605E0FCF736FC001B022800F2BB8068
:108A48002B689B01F6D40020F8BD434A1369926A4B
:108A580013F0380329D1404BE2681B68590701D548
:108A6800002A4AD03C4D2B6823F0190313432B608E
:108A7800FCF718FC064605E0FCF714FC801B0228EE
:108A880000F299802B685B07F6D5FCF723FC41F2CE
:108A98000303226998426B6800F2F08023F47C3368
:108AA80043EA02336B6023684AE7182B00F0E28040
:108AB800294DE2682B68002A00F0CB8023F01903C7
:108AC80013432B60FCF7EEFB064604E0FCF7EAFBD9
:108AD800801B02286FD82B685F07F7D5D5E701F010
:108AE800030102297FF403AF1B4A126891037FF543
:108AF80024AF6268002A7FF420AF0120F8BD02F09D
:108B08000302012A7FF429AF134B1B68DA0502D54B
:108B1800E369802BF1D1FCF7DDFB41F203030E4A38
:108B28009842216A00F2B380536823F0F84343EA7D
:108B380081635360236835E7074A136843F4803339
:108B48001360E9E6054D2B6843F480732B60FCF74E
:108B5800A9FB064609E000BF004402580048025835
:108B6800FCF7A0FB801B642825D82B68DA05F7D50D
:108B7800A368012B00F02281002B00F0FD80052B5B
:108B8800954B1A6F00F0208122F001021A671A6FC4
:108B980022F004021A67FCF785FB8F4E41F28837F2
:108BA800054604E0FCF77EFB401BB84203D8336F50
:108BB8009B07F7D52BE70320F8BD874D41F288378F
:108BC8002B6823F480332B602B6823F480232B60DD
:108BD800FCF768FB064604E0FCF764FB801BB84220
:108BE800E9D82B689B03F7D4A6E66B6F23F0010343
:108BF8006B67FCF757FB064604E0FCF753FB801B4A
:108C08000228D8D86B6F9907F7D4E3E62B6823F4CA
:108C180080532B60FCF746FB064604E0FCF742FB5A
:108C2800801B0228C7D82B689804F7D4EBE62B687A
:108C380023F080032B60FCF735FB064604E0FCF7C5
:108C480031FB801B0228B6D82B68DF05F7D42368D0
:108C5800A8E623F001032B60FCF724FB064604E09A
:108C6800FCF720FB801B0228A5D82B685807F7D4EF
:108C7800236865E690077FF41BAFECE623F0FE431C
:108C880043EA02636B6023685AE601207047D368A1
:108C980023F07C5343EA0163D360236882E6FCF740
:108CA80001FB064604E0FCF7FDFA801B022882D887
:108CB8002B689901F7D4A96A484BA26A0B40484926
:108CC800454E1343E26A43EA0213AB62D4E90D321C
:108CD800013B013A5B0212049BB202F4FE02134309
:108CE800226B013AC2F308021343E26B013A1206FF
:108CF80002F0FE4213432B63EB6A23F00103EB629D
:108D08006A6BA36C114041EAC3016963EB6A226C88
:108D180023F00C031343EB62EB6A626C23F002034B
:108D28001343EB62EB6A43F48033EB62EB6A43F480
:108D38000033EB62EB6A43F48023EB62EB6A43F0A7
:108D48000103EB622B6843F080732B60FCF7AAFAEF
:108D5800044605E0FCF7A6FA001B02283FF62BAFF5
:108D680033689A01F6D56EE642F480221A601A68D2
:108D780042F480321A60CFE5174D41F288372B6FE5
:108D880023F001032B672B6F23F004032B67FCF7F9
:108D980089FA064605E0FCF785FA801BB8423FF6DB
:108DA8000AAF2B6F9807F6D431E6EB68226A23F0F6
:108DB8007C5343EA0263EB602368F3E5064A136FCA
:108DC80043F001031367E6E642F004021A671A6FDC
:108DD80042F001021A67DEE6004402580CFCFFFF6D
:108DE8000700FFFF474A136903F03803102B04D02C
:108DF800182B0DD01BB1444870474448704713687E
:108E080099064AD513684248C3F3C103D84070474E
:108E1800936A30B4946AD56A14F47C7F516BC4F3B6
:108E2800051038D0C1F3CC0105F0010503F00303A8
:108E380005FB01F1012B07EE901AB8EEE77A02D094
:108E4800022B2CD093B307EE900A9FED325AF8EE1E
:108E5800E77A136BC5EE276ADFED2F5AC3F30803D1
:108E680007EE903AB7EE006AF8EEE77AE7EE257A71
:108E780077EE867A66EEA76A224B1B6BC3F346230E
:108E8800013307EE903AB8EEE77AC6EE877AFCEE41
:108E9800E77A17EE900A30BC70471D48704707EE16
:108EA800900A9FED1E5AF8EEE77AD2E713689B0600
:108EB80020D5146807EE900A1549F7EE005A136B8F
:108EC800C4F3C104F8EEE77A9FED135AC3F308031D
:108ED800E14006EE903A06EE101AF8EEE66AB8EEB1
:108EE800C66AE7EE056A86EE277A76EEA56A66EE2A
:108EF800876AC1E707EE900A9FED095AF8EEE77A0C
:108F0800A7E700BF0044025800093D000024F40010
:108F18000090D0030024744A000000390024744BE8
:108F28000024744C002800F00281874A136803F07B
:108F38000F038B422DE9F04104460D460CD213680D
:108F480023F00F030B431360136803F00F038B42E6
:108F580002D00120BDE8F08123685F070BD57B496B
:108F680020698A6902F07002904204D98A6922F065
:108F7800700202438A611E070BD574496069CA6989
:108F880002F07002904204D9CA6922F070020243CA
:108F9800CA61D8060BD56D49A069CA6902F4E062B6
:108FA800904204D9CA6922F4E0620243CA61990670
:108FB8000BD56649E0690A6A02F07002904204D94A
:108FC8000A6A22F0700202430A629A0740F1A180FD
:108FD8005E48E168826902F00F02914204D9826911
:108FE80022F00F020A438261D80730D5574AA16898
:108FF800936923F470630B439361616813680229D2
:1090080000F09780032900F08E80012900F09780F6
:1090180058079ED54D4E41F28838336923F007032F
:109028000B433361FCF73EF9074605E0FCF73AF9D4
:10903800C01B404500F281803369626803F0380341
:10904800B3EBC20FF2D12368990706D5E1683F4810
:10905800826902F00F028A425FD83B490A6802F02F
:109068000F02AA420AD90A6822F00F022A430A60AC
:109078000A6802F00F02AA427FF46BAF5A070BD5B9
:10908800324920698A6902F07002904204D28A69E2
:1090980022F0700202438A611F070BD52B496069D1
:1090A800CA6902F07002904204D2CA6922F07002C2
:1090B8000243CA61DE060BD52449A069CA6902F4D5
:1090C800E062904204D2CA6922F4E0620243CA61B3
:1090D8009D060BD51D4AE169136A03F07003994296
:1090E80004D2136A23F070030B431362FFF77AFE6E
:1090F800164A0346164892691649C2F30322825C4F
:109108000E2002F01F02D340BDE8F0410B60FCF7CF
:1091180067B8DA073FF56AAF9FE7826922F00F0266
:109128001143816199E79F013FF574AF11E7012071
:1091380070479B033FF56EAF0BE703200AE7DE0598
:109148003FF568AF05E700BF002000520044025811
:10915800800C01087C01002408B501F095F9064B44
:1091680006499B69064A03F00F03CB5C03F01F0313
:10917800D840106008BD00BF00440258800C0108A8
:109188008001002410B501F07FF90949094A8B696B
:10919800094C03F00F03D35C03F01F03D840206091
:1091A800CB69C3F30213D35C03F01F03D84010BD8F
:1091B80000440258800C01088001002410B501F019
:1091C80063F90949094A8B69094C03F00F03D35C19
:1091D80003F01F03D8402060CB69C3F30223D35C9C
:1091E80003F01F03D84010BD00440258800C01084A
:1091F80080010024F8B53A4CA36A03F00303032B5B
:1092080067D0236806460F4623F080632360FCF787
:1092180049F8054604E0FCF745F8431B022B56D8ED
:1092280023681A01F7D4A36A326823F47C3343EA2B
:109238000233A362D6E90232013B013A5B0212040F
:109248009BB202F4FE0213437268013AC2F30802A9
:1092580013433269013A120602F0FE421343A36334
:10926800E36A726923F0C0031343E362E26AB369F5
:1092780022F020021A431B4BE262E26A22F010023B
:10928800E262E16BF2690B4043EAC203E363E36A1B
:1092980043F01003E362E36AEFB1012F0CBF43F41C
:1092A800801343F40013E3620D4C236843F080639A
:1092B8002360FBF7F7FF054604E0FBF7F3FF401BCD
:1092C800022804D823681B01F7D50020F8BD032025
:1092D800F8BD0120F8BD43F40023E362E4E700BFD2
:1092E800004402580700FFFFF8B53A4CA36A03F0A0
:1092F8000303032B67D0236806460F4623F08053E9
:109308002360FBF7CFFF054604E0FBF7CBFF431BC9
:10931800022B56D823689A00F7D4A36A326823F040
:109328007C7343EA0253A362D6E90232013B013A55
:109338005B0212049BB202F4FE0213437268013A04
:10934800C2F3080213433269013A120602F0FE42E0
:1093580013432364E36A726923F440631343E362AB
:10936800E26AB36922F400721A431B4BE262E26AB2
:1093780022F48072E262616CF2690B4043EAC20334
:109388006364E36A43F48073E362E36AEFB1012F35
:109398000CBF43F4000343F08073E3620D4C236871
:1093A80043F080532360FBF77DFF054604E0FBF79D
:1093B80079FF401B022804D823689B00F7D50020BA
:1093C800F8BD0320F8BD0120F8BD43F48003E36233
:1093D800E4E700BF004402580700FFFF2DE9F84307
:1093E8000368044613F0006622D0426EB2F5001FEF
:1093F80000F0CE8411D8002A00F0F884B2F5801F5E
:1094080040F0F18402210430FFF7F4FE0646002EF6
:1094180040F08684626E236803E0B2F5401F40F096
:10942800E284A8480026016D21F440110A43026530
:10943800DD050AD5626D042A06D8DFE812F0A20419
:1094480093049A04DF02DF020126354698051BD5EE
:10945800A26D802A00F05B8400F2EC80002A00F004
:109468008B83402A40F0ED800021201DFFF7C2FECB
:1094780023680546002D40F067839249A06D0A6D68
:1094880022F4E07202430A6559051FD5D4F8A420D6
:10949800B2F5800F00F0478400F2D680002A00F071
:1094A8007183B2F5001F40F0D7800021201DFFF71F
:1094B800A1FE23680546002D40F044838149D4F875
:1094C800A4008A6D22F4600202438A651A051FD53A
:1094D800D4F8A820B2F1007F00F02E8400F2BF80FB
:1094E800002A00F05583B2F1807F40F0C08000214F
:1094F800201DFFF77FFE23680546002D40F02A83D4
:109508007049D4F8A8008A6D22F0E06202438A65A7
:109518009F0118D5A26C202A00F0DA8300F2AA80F5
:109528003AB1102A40F0A9806649CA6A42F400326A
:10953800CA62002D40F059836249A06CCA6C22F0BF
:1095480030020243CA64D8041DD5E26DB2F5005F4B
:1095580000F0FB8300F29480002A00F01F83B2F52C
:10956800805F40F095800021201DFFF743FE2368AF
:109578000546002D40F0EC825249E06D0A6D22F458
:10958800E04202430A6599041AD5226EB2F5003FFB
:1095980000F074837FD84AB1B2F5803F40F08380F1
:1095A8000121201DFFF726FE23680546002D40F007
:1095B8001E834449206E0A6D22F4E02202430A65A4
:1095C8005A041BD5D4F8AC20B2F1005F00F06083D8
:1095D8006CD842B1B2F1805F70D10121201DFFF734
:1095E80009FE23680546002D40F003833549D4F869
:1095F800AC008A6D22F0E04202438A651F040DD553
:10960800E26EB2F1805F00F03183B2F1005F00F0EA
:109618000182002A00F0048201263546D8015DD572
:10962800626C032A00F20A84DFE812F05400170380
:109638004E005400C02A3FF41DAFB2F5807F3FF4BE
:1096480019AF012635461FE7B2F5C00F3FF433AF17
:10965800B2F5000F3FF42FAF0126354636E7B2F1D9
:10966800407F3FF44AAFB2F1806F3FF446AF012626
:1096780035464DE7302A3FF45CAF0126354662E7B0
:10968800B2F5405F3FF475AFB2F5804F3FF471AF6C
:109698000126354677E722F48031B1F5802F85D051
:1096A800B2F5403F82D00126354689E722F0805145
:1096B800B1F1804F97D0B2F1405F94D00126354682
:1096C8009CE700BF004402580221201DFFF792FDCD
:1096D80023680546002D00F06B822E46590200F1E2
:1096E800F081DF072FD5A26F282A2AD8DFE812F0E9
:1096F800D30129002900290029002900290029006F
:109708006D032900290029002900290029002900C2
:10971800CC01290029002900290029002900290055
:10972800D30129002900290029002900290029003E
:10973800D30129002900290029002900290029002E
:10974800D30101263546980716D5626F052A00F21F
:109758007883DFE812F00D00300306000D000D00DD
:109768000D00012104F12400FFF7BEFD2368054622
:10977800002D00F025822E46590717D5D4F89020E1
:10978800052A00F26183DFE812F00D000C030600E1
:109798000D000D000D00012104F12400FFF7A4FDC8
:1097A80023680546002D00F013822E469A061DD523
:1097B800D4F88C20B2F1005F00F0458200F2DC8022
:1097C8004AB1B2F1805F40F0E1800021201DFFF72F
:1097D80011FD23680546002D40F00582A949D4F8FB
:1097E8008C004A6D22F0E04202434A655F061DD5AF
:1097F800D4F89820B2F5006F00F0548200F2C980C6
:109808004AB1B2F5806F40F0CE800021201DFFF7ED
:10981800F1FC23680546002D40F0C8819949D4F829
:1098280098008A6D22F4E05202438A6518061DD515
:10983800D4F89C20B2F5804F00F03F8200F2B68049
:109848004AB1B2F5005F40F0BB800021201DFFF750
:10985800D1FC23680546002D40F0A6818949D4F83B
:109868009C008A6D22F4604202438A6519070BD571
:10987800D4F88010B1F5805F00F03E828148426DD7
:1098880022F440520A434265DA060BD5D4F8941004
:10989800B1F5807F00F025827A48826D22F440720B
:1098A8000A4382651F030ED5D4F8A010B1F5803F96
:1098B80000F0D480B1F5003F00F0D780002900F017
:1098C800BA810126354658030FD5D4F88420B2F55D
:1098D800001F00F0B080B2F5401F00F0B380B2F571
:1098E800801F00F0A08101263546D90309D5E26C16
:1098F800002A00F08681B2F5803F00F02D81012614
:1099080035469A0000F1D2809F035CD4301E18BF00
:109918000120DE0206D55B49256F0A6D22F0004260
:109928002A430A65DD0007D55649D4F8B4500A69B8
:1099380022F480422A430A61990206D55149A56E4C
:109948000A6D22F080722A430A655A0009D54D4AE9
:10995800116921F4004111611169D4F8B850294303
:109968001161002B06DA474A216DD36C23F040536E
:109978000B43D364BDE8F88322F08051B1F1804FE6
:109988003FF429AFB2F1405F3FF425AF01263546D9
:109998002CE722F48061B1F5805F3FF43CAFB2F56B
:1099A800406F3FF438AF012635463FE722F40051B7
:1099B800B1F5004F3FF44FAFB2F5C04F3FF44BAF96
:1099C8000126354652E7E26FB2F5807F00F022812A
:1099D80006D922F48071B1F5007F03D0012098E701
:1099E800002AFBD1002DF9D1264D301E696D18BF14
:1099F800012021F440710A436A658AE73546002D43
:109A080040F0A4801F49606D0A6D22F007020243EE
:109A18000A651BE50121201DFFF7ECFB23680546BD
:109A2800002D40F0DE801749E06E0A6D22F04052AA
:109A380002430A65F2E5012104F12400FFF754FC12
:109A480023680546002D40F0DA800E49D4F88400DA
:109A58004A6D22F4401202434A6546E7022104F1A6
:109A68002400FFF741FC23680546002D40F0C5801F
:109A78000449D4F8A0008A6D22F4403202438A6572
:109A880021E700BF00440258012104F12400FFF738
:109A98002BFC23680546002D40F0AD80AF49A06F30
:109AA8004A6D22F0380202434A654CE6022104F16D
:109AB8002400FFF719FC236800283FF425AF01268E
:109AC80022E7A74F3B6843F480733B60FBF7EAFB50
:109AD800804606E0FBF7E6FBA0EB0800642800F2EE
:109AE8007E813B68DA05F5D5002D40F0A4819B4ABC
:109AF800D4F8B030116F594011F4407F0BD0116F7A
:109B0800106F21F4407140F480301067106F20F41A
:109B1800803010671167B3F5807F00F06E8103F421
:109B28004072B2F5407F00F07C818C490A6922F4CA
:109B38007C520A61894AC3F30B03116F0B43136705
:109B48002368CEE52E46C1E42E469DE42E467DE4EC
:109B58002E4618E52E46DBE40221201DFFF74AFBBE
:109B680005462368002D53D17C49E06CCA6C22F469
:109B780080320243CA64C4E67849CA6A42F40032B1
:109B8800CA6277E47549CA6A42F40032CA6292E44A
:109B98007249CA6A42F40032CA62AEE46F49CA6ABC
:109BA80042F40032CA62E4E42E465FE62E463DE601
:109BB8006A49606CCA6C22F003020243CA648DE5EC
:109BC8006649606F4A6D22F0070202434A65D3E591
:109BD8006249D4F890008A6D22F0070202438A6530
:109BE800E4E52E461AE52E4600E62E46ABE42E4660
:109BF800E6E42E4602E52E46A5E52E4663E62E4609
:109C080073E65649CA6A42F40032CA62002DABD0E4
:109C18002E4676E65148C16A41F40031C162002DF2
:109C28007FF4DCAEE0E64D49CA6A42F40032CA620B
:109C3800002DE4D109E7201DFFF7DCFA054623686B
:109C4800002DDAD114E7022104F12400FFF74CFBC0
:109C580005462368002DC6D1C0E54049CA6A42F4CA
:109C68000032CA62002D7FF438ADA1E73B49CA6AC9
:109C780042F40032CA62002DB3D1D4E6012104F1C6
:109C88002400FFF731FB05462368002DAFD190E48F
:109C9800012104F12400FFF727FB05462368002D66
:109CA800A7D1A3E4022104F12400FFF71DFB054618
:109CB8002368002D7FF47AAFB0E5022104F1240077
:109CC800FFF712FB05462368002D7FF46DAFC5E54D
:109CD8000221201DFFF78EFA05462368002D84D146
:109CE8002AE4022104F12400FFF7FEFA2368002881
:109CF8003FF4D8AD0126D5E5022104F12400FFF791
:109D0800F3FA236800283FF4BFAD0126BCE5002123
:109D180004F12400FFF7E8FA23680546FFF7AABB19
:109D28002368FFF785BB002104F12400FFF7DCFA64
:109D380023680546FFF7BFBB002104F12400FFF7A5
:109D4800D3FA23680546FFF7D8BB002104F12400A5
:109D5800FFF7CAFA236805460BE400BF004402581F
:109D6800004802580021201DFFF744FA23680546E1
:109D780045E6002104F12400FFF7B6FA23680546FA
:109D88003DE633493546CA6A42F40032CA6236E6CD
:109D980002212430FFF7A8FA0646002E3FF43AAB1A
:109DA800BEE70121201DFFF725FA05462368002D8F
:109DB8007FF4FBAC0CE70121201DFFF71BFA0546D9
:109DC8002368002D7FF4D7ACFAE60121201DFFF7A8
:109DD80011FA05462368002D7FF40DAF5EE60326D1
:109DE800236835467DE40126FFF722BB1848C16A7F
:109DF80041F40031C162FFF714BBFBF753FADFF8F7
:109E08005080074641F2883904E0FBF74BFAC01B43
:109E18004845E4D8D8F870309B07F6D5D4F8B03068
:109E28007DE60B480B4A016902EA131221F47C51C2
:109E38000A4302617EE623682E4652E4012635462F
:109E48004CE40126354697E401263546AEE400BFCA
:109E580000440258CFFFFF0008B5FFF77DF9054B16
:109E6800054A1B6AC3F30213D35C03F01F03D840EF
:109E780008BD00BF00440258800C0108584B70B45C
:109E8800996A9D6ADE6A15F47C3FC5F30532DC6B7E
:109E98005CD0C4F3CC0406F0100601F0030106FB05
:109EA80004F4012907EE904AB8EEE77A03D00229B4
:109EB80075D000294FD007EE902ADFED4A6AF8EEF8
:109EC800E77A9B6B86EEA76A9FED475AC3F30803B0
:109ED80006EE903AF7EE005AF8EEE66AE7EE056A03
:109EE80076EEA56A66EE266A3D4AB7EE006A936B7F
:109EF800C3F3462307EE103AB8EEC77A70BC37EEC4
:109F0800067AC6EE877AFCEEE77AC0ED007A936BA4
:109F1800C3F3064307EE103AB8EEC77A37EE067A6F
:109F2800C6EE877AFCEEE77AC0ED017A936BC3F34D
:109F3800066307EE903AF8EEE77A77EE867A86EED1
:109F4800A77ABCEEC77A80ED027A704770BCC0E988
:109F58000022826070471968890627D51C6807EEB9
:109F6800902A2249F7EE005A9B6BC4F3C102F8EE1F
:109F7800E77A9FED1D5AC3F30803D14006EE903AE5
:109F880006EE101AF8EEE66AB8EEC66AE7EE056A5B
:109F980086EE277A76EEA56A66EE876AA4E707EE6C
:109FA800902ADFED136AF8EEE77A8AE707EE902A3F
:109FB8009FED105A9B6BB7EE006AF8EEE77ADFED7B
:109FC8000A5AC3F30803C5EE276A07EE903AF8EE7B
:109FD800E77AE7EE257A77EE867A66EEA76A83E770
:109FE800004402580024744A000000390090D0034D
:109FF8000024744B0024744C584B70B4996A9D6AC1
:10A00800DE6A15F07C7FC5F305525C6C5CD0C4F346
:10A01800CC0406F4807601F0030106FB04F4012960
:10A0280007EE904AB8EEE77A03D0022975D00029E6
:10A038004FD007EE902ADFED4A6AF8EEE77A1B6CFC
:10A0480086EEA76A9FED475AC3F3080306EE903AD7
:10A05800F7EE005AF8EEE66AE7EE056A76EEA56ACC
:10A0680066EE266A3D4AB7EE006A136CC3F34623D0
:10A0780007EE103AB8EEC77A70BC37EE067AC6EE2D
:10A08800877AFCEEE77AC0ED007A136CC3F30643D7
:10A0980007EE103AB8EEC77A37EE067AC6EE877A38
:10A0A800FCEEE77AC0ED017A136CC3F3066307EEA2
:10A0B800903AF8EEE77A77EE867A86EEA77ABCEEE3
:10A0C800C77A80ED027A704770BCC0E900228260CE
:10A0D80070471968890627D51C6807EE902A224917
:10A0E800F7EE005A1B6CC4F3C102F8EEE77A9FED55
:10A0F8001D5AC3F30803D14006EE903A06EE101A33
:10A10800F8EEE66AB8EEC66AE7EE056A86EE277AE2
:10A1180076EEA56A66EE876AA4E707EE902ADFED79
:10A12800136AF8EEE77A8AE707EE902A9FED105A4D
:10A138001B6CB7EE006AF8EEE77ADFED0A5AC3F354
:10A148000803C5EE276A07EE903AF8EEE77AE7EEDD
:10A15800257A77EE867A66EEA76A83E70044025886
:10A168000024744A000000390090D0030024744B86
:10A178000024744C584B70B4996A9D6ADE6A15F4D1
:10A188007C7FC5F305125C6B5CD0C4F3CC0406F08D
:10A19800010601F0030106FB04F4012907EE904AC9
:10A1A800B8EEE77A03D0022975D000294FD007EE20
:10A1B800902ADFED4A6AF8EEE77A1B6B86EEA76A0B
:10A1C8009FED475AC3F3080306EE903AF7EE005A9C
:10A1D800F8EEE66AE7EE056A76EEA56A66EE266AA6
:10A1E8003D4AB7EE006A136BC3F3462307EE103AF5
:10A1F800B8EEC77A70BC37EE067AC6EE877AFCEE00
:10A20800E77AC0ED007A136BC3F3064307EE103A02
:10A21800B8EEC77A37EE067AC6EE877AFCEEE77AAA
:10A22800C0ED017A136BC3F3066307EE903AF8EEBC
:10A23800E77A77EE867A86EEA77ABCEEC77A80ED63
:10A24800027A704770BCC0E90022826070471968C2
:10A25800890627D51C6807EE902A2249F7EE005A8E
:10A268001B6BC4F3C102F8EEE77A9FED1D5AC3F3E6
:10A278000803D14006EE903A06EE101AF8EEE66AA8
:10A28800B8EEC66AE7EE056A86EE277A76EEA56A24
:10A2980066EE876AA4E707EE902ADFED136AF8EE08
:10A2A800E77A8AE707EE902A9FED105A1B6BB7EE04
:10A2B800006AF8EEE77ADFED0A5AC3F30803C5EE41
:10A2C800276A07EE903AF8EEE77AE7EE257A77EE16
:10A2D800867A66EEA76A83E7004402580024744A27
:10A2E800000000390090D0030024744B0024744C03
:10A2F800B0F5807F00B585B048D0B0F5007F11D0AB
:10A30800B0F5806F00F08280B0F5006F52D0B0F5E4
:10A31800805F2CD0B0F5002F00F09680002005B0AB
:10A328005DF804FB534A136D03F4E073802B59D096
:10A3380012D9C02B26D0B3F5807FEFD1D36C13F0A0
:10A3480040535BD0B3F1805F00F08D80B3F1005FC4
:10A35800494818BF0020E2E7002B3CD0402BDDD154
:10A3680001A8FFF78BFD019805B05DF804FB414A91
:10A37800136D03F4E043B3F5005F33D029D9B3F587
:10A38800405F58D13D4805B05DF804FB394B1B6D63
:10A3980003F00703042BC1D801A252F823F000BF31
:10A3A800DFA3000869A30008EDA300088DA3000837
:10A3B800FBA300082F4A936D03F0E063B3F1007F1D
:10A3C80010D01DD9B3F1407FDCD0B3F1806FB5D088
:10A3D800A4E7002B34D101A8FFF7CCFE029805B002
:10A3E8005DF804FB01A8FFF707FE019805B05DF8CA
:10A3F80004FB204BDB6C13F04053A3D120488EE7BD
:10A40800002BE8D0B3F1807FAAD087E7194A936D73
:10A4180003F46003B3F5800FE4D005D8002BDAD03D
:10A42800B3F5001F9CD079E7B3F5C00FAAD0B3F5F8
:10A43800000F83D072E7B3F5804F3FF47FAF6DE72D
:10A44800B3F5805F8CD069E70A4A936D03F4403313
:10A45800B3F5803F09D0B3F5003F3FF46FAF002B51
:10A468007FF45CAF7CE7074859E701A8FFF7C4FD14
:10A47800039854E7004402580024F4000080BB000D
:10A488000090D00300093D0008B5FEF7ABFC064B71
:10A4980006499B69064AC3F30323CB5C03F01F03F9
:10A4A800D840106008BD00BF00440258800C010865
:10A4B8007C010024F8B501680546AC4B99421FD0D1
:10A4C800203399421CD003F57873994258D0203331
:10A4D800994255D003F57873994200F01E812033D4
:10A4E800994200F01A8195F89130A14E03F0FF02CD
:10A4F8006BB9284685F89020F9F7D8F8296806E05E
:10A508009C4E95F8913003F0FF02002BF1D09A4B46
:10A518009A4A1B68A2FB03230A681B0B22F48032A9
:10A528009B000A6023B30C68013B14F48034F9D112
:10A53800022385F89130EB68012B00F01081022B83
:10A5480015BF032023200227222715BF4FF0010C37
:10A558004FF0210C00222022AB68013B042B00F2B3
:10A568004B81DFE813F0CF001000D6000F00D200B7
:10A57800D5F89430012043F04003C5F89430F8BD75
:10A588007F4EBEE73A464FF400672B6A3260002BD5
:10A5980044D0764B994200F01E817A48081AB0FAE6
:10A5A80080F04009002840F01681774B994200F06E
:10A5B8000C812033994200F00881744B994200F0D5
:10A5C800FE802033994200F0FA80714B994200F0E6
:10A5D8000881704B994200F00A81AB6900EB80005A
:10A5E800B3F5002F4FEA400300F0E280AA6A296A17
:10A5F800B2F1806F0CBF0222012201FB02F21202AB
:10A60800B3FBF2F3644AA2FB0312D20802EB820105
:10A61800A3EB4103092B08BF01326A626B6833F070
:10A6280002032B6D40F09680012B14BF4FF4007489
:10A638000024FAF74FFE696CB0F5005FD5E90032E7
:10A6480042EA0102A96C42EA0102E96C42EA01020B
:10A65800E96A42EA0102696942EA010272D3A96918
:10A6680018680A43A96A0A434C49014019602969D4
:10A678000A4319680A43696A42EA015248493A4357
:10A6880022431A605A68286B1140EA690243686BD2
:10A698005960024359680A4342495A609A6811400E
:10A6A8006A6E9960E96D98680A43296E0A43696D74
:10A6B80001390A43A96D013942EA012202434FF2E6
:10A6C80020009A60D968AA6E0140D960E96ED868FE
:10A6D8000A43696F42EA0142296F013942EA0122BD
:10A6E800224902438B42DA6019D0294A934216D094
:10A6F80000230122C5F89430184685F8903085F873
:10A708009120F8BD4FF480673FE702464FF4006799
:10A718003BE762464FF4006737E7234EF1E6736C78
:10A7280023F00103736495F83830012BE0D1D5E9A3
:10A738000F23013A43EA02137364736C43F0010375
:10A748007364D5E7A96918680A4318490140196074
:10A75800A96A8DE7012B08BF4FF4007469E713203D
:10A7680012274FF0110C1022F6E600BF04580140E2
:10A7780000540058005801407C0100241BECCB9584
:10A78800005C014024580140045C01400460014021
:10A798000454005824540058CDCCCCCC10C005F03B
:10A7A800F01FFFFF0080F8FF0060014010C005F8AF
:10A7B8002A6A696D01FB02F2B3FBF2F322E74FF458
:10A7C8000070FFF795FD2968FFE64FF40070FFF76A
:10A7D8008FFD2968F1E64FF48070FFF789FD29683D
:10A7E800E3E64FF48060FFF783FD2968F1E64FF454
:10A7F8000060FFF77DFDF0E60027C6E6022938B5C0
:10A80800044635D9C81E012830D800202367606463
:10A81800E064E065A0664FF6FF706067606830F03E
:10A8280002000CBF0125002504294FF400312565DD
:10A838000CBF01200D2021664FF48021A0656166C0
:10A84800032A13D8DFE802F0474E54362368484AF3
:10A85800934205D002F1C052A2F58232934205D14B
:10A868006368012B02D1636C002B2FD0012038BD07
:10A87800002023676064E064A066606830F002002E
:10A8880014BF0120002020654FF48030E0654FF6AA
:10A89800FF70606713F00100E8D14D1E012D29D823
:10A8A80060664FF400302066032ADFD8DFE802F044
:10A8B8005546362CE0215B018022A1646365E2667F
:10A8C800FAF708FD94F83830012BBFD02046BDE8D0
:10A8D8003840FFF7EFBD80211B014022A16463656A
:10A8E800E266EDE780225B01A2646365E266E7E762
:10A8F800C021E0E720664FF480206066032AB5D8BF
:10A90800DFE802F02B1C0C025B08E02080219A0192
:10A91800A0645B01E166C4E91523D1E75B08C022A6
:10A92800802502294FEA8310A2644FEA4313E566A3
:10A938006065A365C4D10823A366C1E75B088022CC
:10A9480002294FEA8310A2644FEA4313E266C4E97E
:10A958001503B5D11023A366B2E75B088020402118
:10A968005A01A0641B01E166C4E91523A8E700BFEA
:10A978000458014018B338B590F82C3004460D46F9
:10A9880003F0FF02B3B12146022384F82C3051F8BA
:10A99800040B00F073FF62682946206800F0ACFFE2
:10A9A800084A01210020136843F00043136084F82B
:10A9B8002C1038BD80F82D20F7F770FDE3E7012053
:10A9C800704700BF0040005270B590F82C30044624
:10A9D800022BD8B204D000F0FB06012E01D00120D2
:10A9E80070BD02230D46206884F82C3000F0D0FF9B
:10A9F8002B68022B03D0002084F82C6070BD05233F
:10AA0800002084F82C3070BD38B590F82C300446FE
:10AA1800022BD8B205D094F82C30012BDDB201D02E
:10AA2800012038BD0223206884F82C3000F0C4FFD0
:10AA3800002084F82C5038BD03682C495A6910B49A
:10AA48009C6944F008049C619C6944F010049C6172
:10AA58001C6824F001041C601C6921401961996874
:10AA680021F44041996090F88110042901D09106A1
:10AA780030D490F88110032901D054061FD49105D1
:10AA880009D5D0F8841041F00101C0F88410996903
:10AA980041F400719961D20509D5D0F8842042F0BB
:10AAA8000802C0F884209A6942F480729A610023EF
:10AAB8005DF8044BA0F86230A0F86A307047D0F80F
:10AAC800841041F00401C0F88410996941F04001F4
:10AAD8009961D4E7D0F8841041F08001C0F884105F
:10AAE800996941F020019961C3E700BF90FCFFFF1D
:10AAF800002800F0A48002680021F8B5514B0446F4
:10AB080081629A4216D0A3F578439A4212D003F58F
:10AB18008063C0689A4200F08A800F2808D8E16BE9
:10AB280000F108034D09DB0805FB0333082B15D991
:10AB38000120F8BDE068E16B00F10803414E4D09C2
:10AB4800DB0805FB0333404DAA4218BFB24203D0CD
:10AB580005F58065AA4201D1102BE9D894F8813017
:10AB680003F0FF05002B58D0002702236568A66B69
:10AB780084F88130136823F001031360A369B3F1EB
:10AB8800806F3ED03943676B3B43676A3B43276915
:10AB98003B4367693B43276A3B43E76C3B43A768F2
:10ABA8003B43A76C3B43A76D3B432B433343E669C9
:10ABB800314308439060D360B5B9936823F4C05318
:10ABC80043F400639360936823F4C06343F48063A1
:10ABD8009360136D23F00103136500200123C4F86B
:10ABE800840084F88130F8BD136D23F001031365E8
:10ABF8006B02F2D5D368616D23F000430B43D36039
:10AC0800EBE7B5F5800FBDD1002EBBD1D2F800C05F
:10AC18004CF4805CC2F800C0B4E7204684F8805049
:10AC2800F9F7F8F92268A76AE16BE0689DE7E16B3C
:10AC380000F108034D09DB0805FB03338CE701200D
:10AC4800704700BF00300140003800402DE9F8434C
:10AC58001D4690F88030012B7FD001230446894699
:10AC6800904680F88030FAF71DFB94F8813006464C
:10AC7800012BDFB26AD1B9F1000F00F0F880B8FA01
:10AC880088F35B09B8F1000F00F0F18003226366D6
:10AC9800A4F8683084F88120C4F88430A4F862806D
:10ACA800A4F86A302168C4F85C90A4F86080C4E90C
:10ACB8001C33A368B3F5C02F03D10B6843F40063BA
:10ACC8000B604A68A54B134043EA08034B600B68C6
:10ACD80043F001030B606368B3F5800F03D10B6881
:10ACE80043F400730B60E3680F2B75D8072BB4F897
:10ACF80062309BB252D9002B00F01481CDB9D4E058
:10AD0800B4F862309BB2012B40F2E680E36B002B73
:10AD180000F0E280E26D52F8043B0B62B4F8623056
:10AD2800E265023B9BB2A4F86230B4F862309BB291
:10AD380003B34B699807E3D4FAF7B4FA801B85424A
:10AD480002D8691C40F081802168EEE700230227C1
:10AD580084F880303846BDE8F88302273846BDE8D5
:10AD6800F883FAF79FFA801B854202D86A1C40F0E4
:10AD7800E28021684B691907F3D52046FFF75CFE8E
:10AD88000122002384F88120D4F8847084F880306C
:10AD9800FF1A18BF01273846BDE8F883002B00F0DA
:10ADA800C1804B699B0740F1B280B4F862309BB216
:10ADB800032B7ED9E36B402B7BD9E36D53F8042B2F
:10ADC8000A62E365B4F86230043B9BB2A4F86230CF
:10ADD800B4F862309BB2E1E7B4F862309BB2002B62
:10ADE80000F0A08085B92BE0E36D53F8042B0A62CC
:10ADF800B4F86220E365013A92B2A4F86220B4F88C
:10AE080062309BB2002BB5D04B699A07ECD4FAF7A5
:10AE180049FA801B854201D86B1C16D12168EEE7E0
:10AE2800E26D52F8043B0B62B4F86230E265013B14
:10AE38009BB2A4F86230B4F862309BB2002B74D095
:10AE48004B699D07ECD4FAF72DFA2046FFF7F4FD7D
:10AE5800D4F884300021012243F48073384684F802
:10AE68008010C4F8843084F88120BDE8F88300237A
:10AE7800384684F88030BDE8F883B4F862309BB275
:10AE8800012B5FD9E36B002B5CD0E26D52F8043BD9
:10AE98000B62B4F86230E265023B9BB2A4F8623000
:10AEA800B4F862309BB2002B3FD04B699A07CAD5E1
:10AEB800E3E7B4F862309BB2012B19D9E36BBBB15D
:10AEC800E36D33F8022B0A84E365B4F86230023B81
:10AED8009BB2A4F862307BE7E26D32F8023B0B8448
:10AEE800B4F86230E265013B9BB2A4F862301CE71B
:10AEF800E36D1B7881F82030E36D21680133E36549
:10AF0800B4F86230013B9BB2A4F8623060E7FAF70C
:10AF1800C9F9801BA84201D3681C96D1002D94D092
:10AF2800216855E7002D7FF425AF4B691B073FF5D6
:10AF380024AFFAF7B7F9D4F8843043F02003C4F803
:10AF480084301AE7E26D32F8023B0B84B4F86230C1
:10AF5800E265013B9BB2A4F86230A1E70000FFFF65
:10AF6800F8B590F88030012B00F08C8090F8813093
:10AF7800154601220446DEB2934280F880206AD149
:10AF8800002963D0B5FA85F35B09002D5ED0032252
:10AF98004366A0F8683080F88120C0F88430A0F8B3
:10AFA8006250A0F86A30C165A0F86050C0E91C334F
:10AFB8008368B3F5C02F04D10268136843F40063B3
:10AFC8001360E368A06F0F2B4BD98369B3F5804FEB
:10AFD8003CD122683A4B3B4F2032036452F8183C6C
:10AFE800C763394F23F40043C7640027076542F855
:10AFF800183CB4F862309BB2FAF7F4FC002844D14C
:10B00800A36F324ADB69B3F5807F2368596802EA87
:10B01800010218BF2A435A609A68616842F40042E4
:10B02800B1F5800F9A601A6942F448721A611A6879
:10B0380042F001021A6003D11A6842F400721A60E1
:10B0480000231E4684F880303046F8BD002384F87B
:10B0580080303046F8BD0023022680F88030304624
:10B06800F8BD072B83691AD8B3F5005F20D0B3F574
:10B07800804FAED1B4F862309BB203339B08A4F87A
:10B088006230A6E702263046F8BDD4F884300122A3
:10B0980043F01003C4F8843084F88120D9E7B3F56D
:10B0A800804F05D0B3F5005FD0D1B3F5804F90D174
:10B0B800B4F862309BB201335B08A4F8623088E7C9
:10B0C80021B50008A5B400084DB500080000FFFF31
:10B0D80070B51D4690F88030012B00F0B98001232F
:10B0E800044680F8803090F881304068DBB2B0F5D3
:10B0F800800F7DD0012B40F08580002D18BF002ADD
:10B1080071D000296FD094F88130042B02D0052328
:10B1180084F881300023E1652168C4F88430A4F8FC
:10B128006250A4F86A50A4F860506266A4F86850A7
:10B13800C4E91C338B6823F440438B60E3680F2B0E
:10B1480065D9E06F8369B3F5804F4CD194F88130AD
:10B15800042B00F08A805E4B03645E4BC3635E4E33
:10B168003031B4F86A30C66400269BB20665FAF737
:10B1780039FC00286ED12268A16F9368203243F40D
:10B18800804342F8183CB4F86230C1E90F00C1E9C5
:10B1980013009BB20846E16DFAF724FC002859D148
:10B1A800A36FDB69B3F5807F236863D059684B4A86
:10B1B8000A402A435A609A68616842F40042B1F52D
:10B1C800800F9A601A6942F458721A611A6842F03C
:10B1D80001021A6003D11A6842F400721A6000234F
:10B1E80084F8803070BD0023012084F8803070BD61
:10B1F800A06800287FF47EAF042B3FF47EAF012BBC
:10B208003FF47BAF0023022084F8803070BD072B09
:10B2180035D8A36F9B69B3F5005F50D0B3F5804F65
:10B2280006D1B4F862309BB203339B08A4F86230AD
:10B23800E06F8369B3F5005F39D0B3F5804F85D1EE
:10B24800B4F86A309BB203339B08A4F86A307DE7F0
:10B25800022070BDD4F88430012243F01003104658
:10B26800C4F8843084F8812070BD1D4B03641D4BE5
:10B27800C36374E75968194A0A405A609BE7E06F4C
:10B288008369B3F5005F02D0B3F5804FABD1A66FE9
:10B29800B669B6F5804F06D1B4F86260B6B2013629
:10B2A8007608A4F86260B3F5804F7FF44FAFB4F826
:10B2B8006A309BB201335B08A4F86A3046E7B4F8F9
:10B2C80062309BB201335B08A4F86230B0E700BF7C
:10B2D80041B50008F5B400084DB500080000FFFFAF
:10B2E80031B50008CDB400082DE9F0411546826853
:10B2F80004460E4622B94368B3F5800F00F09580E6
:10B3080094F88030012B00F09980012384F8803074
:10B3180094F88130012BDFB269D1002E61D0B5FAE3
:10B3280085F35B09002D5CD00421B2F5C02F666659
:10B3380084F88110A4F86850C4F88430A4F8603008
:10B34800A4F86A50A4F86230C4E91C3304D1226816
:10B35800136823F400631360E3680F2B4ED9E06F82
:10B368008369B3F5804F3CD121688B6823F480430F
:10B378008B603246454EB4F86A3030310664444E2C
:10B388009BB2C663434EC66400260665FAF72AFBDD
:10B39800002857D1E36F404ADB69B3F5807F236803
:10B3A800596802EA010218BF2A435A609A6861681C
:10B3B80042F48042B1F5800F9A601A6942F45072E3
:10B3C8001A611A6842F001021A6003D11A6842F43D
:10B3D80000721A6000231F4684F880303846BDE8A2
:10B3E800F081002384F880303846BDE8F0810023DE
:10B3F800022784F880303846BDE8F081072B2BD827
:10B408002168E06F8B6823F480438B608369B3F510
:10B41800005F32D0B3F5804FABD1B4F86A309BB23D
:10B4280003339B08A4F86A30A3E72B4604250A4691
:10B4380080F88150BDE8F041FFF74ABE0227384640
:10B44800BDE8F081D4F88430012243F01003C4F839
:10B45800843084F88120C7E7E06F8269B2F5804FB5
:10B4680002D0B2F5005FBCD12168B2F5804F8B687D
:10B4780023F480438B607FF47CAFB4F86A309BB2CE
:10B4880001335B08A4F86A3073E700BF31B50008E0
:10B49800CDB400084DB500080000FFFF806B08B56B
:10B4A80090F88130072B09D0836FDB69B3F5807F73
:10B4B80005D00268136943F00803136108BDF8F763
:10B4C80011FF08BD806B08B590F88130072B09D0B3
:10B4D800C36FDB69B3F5807F05D00268136943F059
:10B4E8000803136108BDF8F75FFF08BD806B08B556
:10B4F80090F88130072B09D0836FDB69B3F5807F23
:10B5080005D00268136943F00803136108BDF8F712
:10B51800ADFF08BD704700BF806B08B5FFF7FAFFA5
:10B5280008BD00BF704700BF806B08B5FFF7FAFF82
:10B5380008BD00BF704700BF806B08B5FFF7FAFF72
:10B5480008BD00BF10B5846BFAF756FF022800D17A
:10B5580010BD236830495A69986940F0080098611D
:10B56800986940F010009861186820F00100186090
:10B57800186901401961996821F44041996094F86B
:10B588008110042901D091063AD494F88110032936
:10B5980001D0500629D4910509D5D4F8841041F07A
:10B5A8000101C4F88410996941F400719961D205C8
:10B5B80009D5D4F8842042F00802C4F884209A6996
:10B5C80042F480729A61002301222046A4F8623076
:10B5D800A4F86A30D4F8843043F01003C4F88430F7
:10B5E80084F88120F8F7A4FF10BDD4F8841041F046
:10B5F8000401C4F88410996941F040019961CAE7CF
:10B60800D4F8841041F08001C4F88410996941F09D
:10B6180020019961B9E700BF90FCFFFF0368196931
:10B628005A692DE9F04101EA02059F68044690F83D
:10B63800816005F0640CBCF1040F2FD005F04500C3
:10B64800012834D005F02600022800F0DF80280702
:10B6580070D59A6917F4404FF6B242F008029A6121
:10B668009A6942F010029A619A6942F400629A61FA
:10B678001A6922F008021A6123D0042E00F0DE8035
:10B68800A26FD269EAB1032E50D0E26FD269C2B17B
:10B69800052E14D12046F8F7E9FE10E0436F9847CD
:10B6A800236F2046984705F04503012B02D1236FED
:10B6B8002046984705F02605022D00F0A780BDE832
:10B6C800F0819A6812F4404F1FD1B4F86A2092B200
:10B6D800DAB1626E0EE01B6B42F8043B6266B4F8A6
:10B6E8006A30013B9BB2A4F86A30B4F86A309BB266
:10B6F8005BB12368E1680F29EDD8072940F29280F1
:10B708001B8E22F8023B6266E9E72046FFF794F9B0
:10B71800012384F88130D4F88430002B7FD1052EA2
:10B72800B8D0042E00F08F80032EC8D12046F8F739
:10B73800D9FDC4E7100501D50A077AD415F4587F56
:10B74800BDD06E0609D5D4F8842042F00402C4F8AE
:10B7580084209A6942F040029A61A80509D5D4F874
:10B76800842042F00102C4F884209A6942F40072ED
:10B778009A61E90509D5D4F8842042F00802C4F892
:10B7880084209A6942F480729A61AA0609D5D4F88D
:10B79800842042F08002C4F884209A6942F0200292
:10B7A8009A61D4F88420002A89D0196807F44047A0
:10B7B800274A21F00101B7F5404F1960196902EADB
:10B7C80001021A6127D19A68E06F22F440429A6018
:10B7D80050B1204B0365FAF725FA28B1D4F8843024
:10B7E80043F04003C4F88430A06F00283FF467AFEB
:10B7F800184B0365FAF716FA00283FF460AFD4F83F
:10B80800843043F04003C4F8843058E7636F20461F
:10B81800BDE8F04118470123204684F88130F8F745
:10B8280087FE4CE793F830301370626E013262661F
:10B8380055E79A6942F400629A6140E7E26FD2697B
:10B84800002A3FF43EAF2046F8F7AEFD37E700BFC9
:10B8580094FCFFFF61B8000808B5806B0023012243
:10B86800A0F86A30A0F8623080F88120F8F760FE0E
:10B8780008BD00BF90F88100704700BF0B6810B486
:10B88800D3B90468A3F500434A6823401343D1E9B8
:10B89800024223431343D1E9044223431343D1E92A
:10B8A800064223431343D1E9084223435DF8044B7E
:10B8B80013430360002070470268D1E9074322F46C
:10B8C800F84222434C6A1A430A4B224302604268F8
:10B8D8001340D1E9014223431343D1E903422343EF
:10B8E8001343D1E9054223435DF8044B13434360F6
:10B8F800002070470080FFFF30B40ABB8368D1E99D
:10B90800002403F07043013C013A43EA0413134353
:10B91800D1E90224013A013C43EA022343EA043212
:10B92800D1E904348969013B013C013942EA034306
:10B9380043EA045343EA016330BC83600020704744
:10B948008268CC68114B013C13404A6943EA0433CE
:10B95800541E43EA0454D1E900258460C3686C1E70
:10B96800013A03F0704343EA04130C691A438B68E5
:10B97800013C8969013B013942EA032343EA044354
:10B9880043EA016330BCC36000207047FF0F0FFF1C
:10B998000246D1E9003010B403431469D1E902101A
:10B9A80023435DF8044B013943EA4023002043EA6E
:10B9B80041131361704700BF0246054B002010B4C5
:10B9C800546923405DF8044B43EA410151617047D3
:10B9D80001C0FFFF022A82B0844613D009230193D5
:10B9E800DCF80C30002023F47053CCF80C30019BA9
:10B9F800DCF80C209B0203F470531343CCF80C3092
:10BA080002B07047224B234A0B44934207D9224B7A
:10BA1800224A0B44934205D80E230193E0E70F23F3
:10BA28000193DDE71E4B1F4A0B44934207D91E4B77
:10BA38001E4A0B44934205D20C230193D0E70D23F1
:10BA48000193CDE71A4B1B4A0B44934202D80B23B0
:10BA58000193C5E7184B194A0B44934202D20A23B3
:10BA68000193BDE7164B174A0B449342B6D3164BC6
:10BA7800164A0B44934202D208230193B0E7144BB1
:10BA8800144A0B44934234BF072306230193A7E7C4
:10BA9800405327FFFF340C00401E1BFF3F420F009E
:10BAA80000DC0BFF7F4F1200808CF9FE20D61300BC
:10BAB80060B6E5FE5FE3160000D3CEFE40771B00BC
:10BAC800C05BB3FEC091210000CA91FE207538000A
:10BAD800E05459FEE09C4100890182B000230A4AE3
:10BAE80041F020010193016103E0036913F0200391
:10BAF80007D0019B013393420193F6D9032002B08A
:10BB08007047184602B07047400D0300D0F8083857
:10BB180082B003F006030193019838B10198022816
:10BB280004D0019B062B0CBF02200F2002B07047E7
:10BB380030B44B780A78012B20D002F00F0C4FF468
:10BB48008033D0F81C4800EB421203FA0CF323436D
:10BB5800C0F81C38D2F8003B1B040CD48B68D2F810
:10BB6800004BC3F30A03C8781449234343EA8043CC
:10BB78001943C2F8001B002030BC704700F5006470
:10BB880002F00F0500EB4210AB40E5692B43E3617F
:10BB9800D0F800391C04EED48B68D0F80059C3F3F0
:10BBA8000A03CC7805492B4343EA844343EA82528B
:10BBB800114330BCC0F80019002070470080001005
:10BBC8002DE9F0414B7891F800C0012B51D000EBE2
:10BBD8004C1C844CDCF8105B0CF530632C401C6169
:10BBE800814C1D692C401C614C6984B38D68012A05
:10BBF8007E4E2C4404F1FF34B4FBF5F406EAC44E3F
:10BC0800A4B205FB04F41D694EEA0505C4F3120449
:10BC18001D611D6944EA05041C6125D0CB78012B00
:10BC28000CD1D0F8083813F4807FDCF8003B0CBF47
:10BC380043F0005343F08053CCF8003BDCF8003B62
:10BC480043F00443CCF8003B0020BDE8F0818C6849
:10BC5800012A1D69C4F3120444EA05041C611C6925
:10BC680044F400241C61D9D1CA68002AD6D05A618C
:10BC7800D4E74D69002D3DD000EB4C14594ED1F856
:10BC880008E0D4F81089584F08EA0606C4F8106985
:10BC980005EB0E06013EB6FBFEFED4F810693740F0
:10BCA800524EC4F8107906EACE46D4F810793E43CD
:10BCB800C4F81069C5F31206D4F810793E43C4F8E5
:10BCC800106904F5106691F803E0BEF1010F57D032
:10BCD800012A72D0D4F800290CF00F0C42F004426B
:10BCE80003FA0CF3C4F80029D0F834281343C0F839
:10BCF8003438A9E700EB4C133B4E3A4C012AD3F8F1
:10BD0800107906EA0706C3F81069D3F8106946F4F3
:10BD18000026C3F81069D3F8106904EA060403F58D
:10BD28001066C3F8104991F803E03AD0D3F80049F7
:10BD3800BEF1010F44F00444C3F8004984D1D0F89F
:10BD4800083813F4807F33680CBF43F0005343F086
:10BD580080533360002A7FF477AFADB20335AD0866
:10BD68003FF472AFCB6800EB0C3C03EB85010CF59C
:10BD7800805C53F8042B8B42CCF80020F9D163E7A0
:10BD88003369012A23F0C0433361336943F0005318
:10BD9800336117D0D4F8003943F00443C4F80039AC
:10BDA800CDE70B6963B9BEF1010F0ED033680020EF
:10BDB80043F004433360BDE8F0810B69002BF5D0F4
:10BDC8007361F0E70B69002BFAD1D0F8083813F447
:10BDD800807F33680CBF43F0005343F080533360D7
:10BDE800E4E700BF0000F8FFFFFF07E00000F81FCE
:10BDF800F0B54C780B78012C26D000EB4310574C4B
:10BE0800D0F8105B00F530632C401C61544C1D6960
:10BE18002C401C614C69A4B98C681D69C4F31204D8
:10BE2800012A45F400251D611D6944EA05041C61C9
:10BE380049D0D0F8003B43F00443C0F8003B002051
:10BE4800F0BD8C684C61E8E74C69002C40D000EBF1
:10BE58004315424FD1F808E0D5F810C9404E744553
:10BE68000CEA070705F5106CC5F81079D5F81079B4
:10BE780006EA0706C5F8106958D9DCF81040012A07
:10BE8800C1F814E044F40024CCF81040CEF31204B6
:10BE9800DCF8106044EA0604CCF810403AD0D5F833
:10BEA800002942F00442C5F80029BEF1000FC6D0AF
:10BEB80003F00F010123D0F834288B401343C0F856
:10BEC80034380020F0BDCA68002AB2D05A61B0E701
:10BED80000EB4310224B012AD0F8104900F5106CF2
:10BEE80003EA0403CCF81030DCF8103043F40023E4
:10BEF800CCF81030194BDCF8104003EA0403CCF8F6
:10BF0800103007D0D0F8003943F00443C0F80039A6
:10BF18000020F0BD0B690BB1CCF81430DCF8003010
:10BF2800002043F00443CCF80030F0BDDCF810608A
:10BF3800C4F31204012A46F40026CCF81060DCF899
:10BF4800106044EA0604CCF81040E3D0D5F8002984
:10BF580042F00442C5F80029AAE700BF0000F8FF34
:10BF6800FFFF07E010B49DF8044064B903339B0851
:10BF780009D0013201EB830300EB023051F8042BA6
:10BF88008B420260FAD100205DF8044B704700BF75
:10BF9800033292080AD000F5805C01EB8200DCF8DD
:10BFA800003041F8043B8842F9D170470846704791
:10BFB8004A780B78012A00EB43100CD0D0F8002BFC
:10BFC8000BB1002A14DAD0F8003B43F40013C0F890
:10BFD800003B00207047D0F80029002A00DB73B925
:10BFE800D0F8003943F40013C0F800390020704736
:10BFF800D0F8003B23F08043C0F8003BE3E7D0F8DB
:10C00800003923F08043C0F80039D0F8003943F4F0
:10C018000013C0F80039E9E74A780B78012A00EBE9
:10C02800431013D0D0F8003B23F40013C0F8003BB2
:10C03800CB78023B012B01D900207047D0F8003B98
:10C0480043F08053C0F8003B00207047D0F8003917
:10C0580023F40013C0F80039CB78023B012BEBD84E
:10C06800D0F8003943F08053C0F8003900207047F9
:10C07800034609010020D3F8002801F4FE6122F4E8
:10C08800FE62C3F80028D3F800281143C3F800184B
:10C09800704700BF82B0436901938269019B1340D6
:10C0A8000193019802B0704782B0D0F81838019314
:10C0B800D0F81C28019B134001930198000C02B092
:10C0C800704700BF82B0D0F818380193D0F81C2808
:10C0D800019B13400193019880B202B0704700BFE2
:10C0E80000EB411182B0D1F8083B0193D0F8142835
:10C0F800019B13400193019802B0704784B0D0F8B7
:10C10800103801F00F0C00EB41110293D0F83438CD
:10C118000393039B029A23FA0CF3DB01DBB213436C
:10C128000293D1F80839029A13400193019804B098
:10C13800704700BF406900F001007047D0F800194F
:10C1480000F500630A4A0A40C0F800299A6802F01C
:10C158000602042A05D1D0F8002942F00302C0F8EB
:10C1680000295A68002042F480725A60704700BF64
:10C1780000F8FFFF144B10B4046C9C421AD800F569
:10C188003060002301290361036943F4002303613C
:10C19800036943F018030361036943F0C043036173
:10C1A80004D14261036843F08023036000205DF8F6
:10C1B800044B7047D0F8003B00F53060002BE0DA04
:10C1C80000205DF8044B70470A30544FD0F8002423
:10C1D80001F00303012900F5806C22F00302C0F886
:10C1E8000024D0F8002443EA0203C0F8003409D040
:10C1F800022901D00020704741F270730020CCF86A
:10C20800043070474BF680330020CCF80430704778
:10C21800D0F8140480B2704700EB4111002382B0BB
:10C2280001F5A0620193D1F8003513F4802FD1F8FD
:10C23800003543F08043C1F8003522D1C36A13F4B6
:10C248007F0FD1F8003523D123F00043C1F8003522
:10C25800D1F8003543F00043C1F80035D1F8003576
:10C2680023F40043C1F8003502E01368002B13DA09
:10C27800019B0133B3F57A7F0193F6D9002002B010
:10C288007047D0F8103413F47F0FD1F8003506D07A
:10C2980043F00043C1F80035002002B0704723F096
:10C2A8000043C1F80035D1F8003543F00043C1F828
:10C2B8000035D1F8003523F40043C1F8003502E019
:10C2C8001368002BE8DA019B0133B3F57A7F0193F9
:10C2D800F6D9002002B0704730B4002484B04FF47F
:10C2E8008465AA4A00940146836823F001038360A9
:10C2F8000394056102E00B69980604D5039B01339A
:10C3080093420393F7D900201023A04A02900B61AF
:10C3180002E00B69DB0604D5029B013393420293CA
:10C32800F7D9D1F8003501F5A06201F5E060019375
:10C33800019B43F080430193019B23F00043019349
:10C34800019B23F400430193019BC1F80035D1F808
:10C3580020350193019B43F080430193019B23F017
:10C3680000430193019B23F400430193019BC1F80F
:10C378002035D1F840350193019B43F08043019368
:10C38800019B23F000430193019B23F40043019395
:10C39800019BC1F84035D1F860350193019B43F00A
:10C3A80080430193019B23F000430193019B23F4F5
:10C3B80000430193019BC1F86035D1F880350193A2
:10C3C800019B43F080430193019B23F000430193B9
:10C3D800019B23F400430193019BC1F88035D1F8F8
:10C3E800A0350193019B43F080430193019B23F007
:10C3F80000430193019B23F400430193019BC1F87F
:10C40800A035D1F8C0350193019B43F080430193D7
:10C41800019B23F000430193019B23F40043019304
:10C42800019BC1F8C035D1F8E0350193019B43F079
:10C4380080430193019B23F000430193019B23F464
:10C4480000430193019BC1F8E035D1F80036019310
:10C45800019B43F080430193019B23F00043019328
:10C46800019B23F400430193019BC1F80036D1F8E6
:10C4780020360193019B43F080430193019B23F0F5
:10C4880000430193019B23F400430193019BC1F8EE
:10C498002036D1F840360193019B43F08043019345
:10C4A800019B23F000430193019B23F40043019374
:10C4B800019BC1F84036D1F860360193019B43F0E7
:10C4C80080430193019B23F000430193019B23F4D4
:10C4D80000430193019BC1F86036D1F8803601937F
:10C4E800019B43F080430193019B23F00043019398
:10C4F800019B23F400430193019BC1F88036D1F8D6
:10C50800A0360193019B43F080430193019B23F0E4
:10C5180000430193019B23F400430193019BC1F85D
:10C52800A036D1F8C0360193019B43F080430193B4
:10C53800019B23F000430193019B23F400430193E3
:10C54800019BC1F8C036D1F8E0360193019B43F056
:10C5580080430193019B23F000430193019B23F443
:10C5680000430193019BC1F8E03613680193019BD6
:10C5780043F080430193019B43F000430193019BE7
:10C5880023F400430193019B136004E0400D030072
:10C598001368002B05DA009B0133B3F57A7F00930B
:10C5A800F6D920328242E0D14FF0FF330020C1F8A3
:10C5B80014344B618B6843F001038B6004B030BCCA
:10C5C800704700BF08B5D0F88C321BB11B6898477C
:10C5D80000B908BD022008BD08B5D0F88C325B68E8
:10C5E8009847002008BD00BF38B500F520750446FF
:10C5F800284600F07DFB0122B4F8863294F88012B8
:10C60800C4E99B2301F01F03934209D0022B13D0E6
:10C6180063B101F080012046F8F7AAFC002038BD7C
:10C628002946204600F092FA002038BD29462046C7
:10C6380000F00AF9002038BD2946204600F0BAFA71
:10C64800002038BD38B5054669B91346D0F86C22C4
:10C65800032A15D0052A0C460ED1C5F86C12F8F736
:10C6680087FC204638BDD0F88C329B6933B190F8EE
:10C678007422032A02D19847002038BD022038BD11
:10C68800D0E9531291420CD9891A8A42C0F84C1148
:10C6980088BF8AB2194698BF92B200F055FB0020B5
:10C6A80038BDD0F88C321B691BB190F87422032A6C
:10C6B80004D0284600F052FB002038BD9847F8E720
:10C6C80070B5044661B9D0F86C32022B15D033F03E
:10C6D800040337D094F87832012B2ED0002070BD97
:10C6E800D0F88C325B6933B190F87422032A02D1F6
:10C6F8009847002070BD022070BDD0E908630D4640
:10C708009E4223D8C669B6FBF3F203FB12620AB94C
:10C71800B34228D9D4F88C32DB681BB194F8742260
:10C72800032A30D080212046F8F722FC204600F06A
:10C7380021FB94F87832012BD0D10023184684F8D5
:10C74800783270BD8021F8F713FCC3E7F31A11465D
:10C7580003629AB200F0EEFA2B462A462946204692
:10C76800F8F752FCB6E7D0F870329E42D2D20A46A9
:10C7780000F0E0FA2B462A4629462046C4F87052B3
:10C78800F8F742FCA6E720469847CBE770B50022A9
:10C7980040260446012511463346F8F7D7FB3346B1
:10C7A800802100222046C4F84451C4F85061F8F7AB
:10C7B800CDFB0021D4F89032A561666284F87452EA
:10C7C800C4F86C126160C4F87C1223B1D4F88C32BE
:10C7D80020465B689847002070BD00BF03460020D4
:10C7E8001974704703460421002093F8742283F8D3
:10C7F800741283F8752270470346002093F8752257
:10C8080083F87422704700BF90F87422032A01D07D
:10C818000020704708B5D0F88C32DB6903B198471F
:10C82800002008BD00207047002070470020704796
:10C83800D0F88C22012108B580F874120179536868
:10C848009847002008BD00BF30B50B7883B00D466F
:10C85800044603F06003202B0DD0402B0BD09BB176
:10C8680080212046F8F784FB00212046F8F780FB5A
:10C87800002003B030BDD4F88C32294620469B688E
:10C888009847002003B030BD4B78092BE8D801A2A7
:10C8980052F823F0F7C8000823C9000869C800083F
:10C8A80041C9000869C8000849C9000881C90008C9
:10C8B80069C80008B1C90008C5C800088978A24D30
:10C8C80001292970CCD890F87432022B00F012811B
:10C8D800032B00F000818021F8F74AFB0021204655
:10C8E800F8F746FB29782046FFF776FEC0E790F870
:10C8F8007432013B022BB3D8CB88022BB0D1012272
:10C90800D0F87C32C2600BB10323C360022204F169
:10C918000C01204600F000FAAAE790F87432013BB7
:10C92800022B9DD84B88012BA2D100232046C4F8A6
:10C938007C3200F013FA9BE74B88012B98D1F5E77E
:10C948008B88002B8CD1CB88002B89D14D887F2DEB
:10C9580086D890F87432032B82D0E9B280F8761228
:10C96800F8F736FB204600F0F9F9002D00F0E080DA
:10C97800022384F874327BE74A88130A013B062BAA
:10C988003FF66EAF01A151F823F000BF45CA000879
:10C998002DCA00081BCA000869C8000869C8000831
:10C9A80005CA0008D7C90008CA88012A7FF458AF09
:10C9B80090F87432022B00F28780002B3FF450AFBE
:10C9C8000146002341F8083F00F0A6F950E7037C30
:10C9D800002B7FF445AFD0F88C320DF106001B6BAD
:10C9E800984707234370BDF80620002A67D0EB88D4
:10C9F800002B5BD1204600F0B1F939E7037C002B0E
:10CA08007FF42EAFD0F88C320DF106005B6B98479F
:10CA1800E9E7D1B2052900F28F80DFE801F0271F8E
:10CA280017372F3F037C002B72D1D0F88C320DF1D1
:10CA380006009B6A984702234370D4E7D0F88832EF
:10CA48000DF10601007C1B689847CCE7D0F88832C6
:10CA58000DF10601007CDB689847C4E7D0F88832FE
:10CA68000DF10601007C9B689847BCE7D0F8883236
:10CA78000DF10601007C5B689847B4E7D0F888326E
:10CA88000DF10601007C5B699847ACE7D0F8883265
:10CA98000DF10601007C1B699847A4E7D0F888329D
:10CAA8000DF10601007C9B6998479CE79A42014674
:10CAB800204628BF1A46ADF8062000F02DF9EB886D
:10CAC800002B7FF4D5AE95E7032B7FF4C9AE011D8B
:10CAD80000F022F9CCE621B3416801298AD0C9B215
:10CAE800FFF77AFD297820466160FFF76BFD022881
:10CAF80080D1B5E600293FF47DAF012103234160D1
:10CB080080F87432FFF75EFD02287FF473AFA7E662
:10CB1800D0F88C320DF10600DB6A98470223437087
:10CB280061E70223416080F87432FFF755FD61E741
:10CB3800012384F874329BE6D0F88C320DF106029A
:10CB48009B6B98474FE700BF5022002438B50B78FD
:10CB58000D46044603F06002402A0AD05B0608D559
:10CB68008021F8F705FA00212046F8F701FA00209D
:10CB780038BD94F87432013B022B11D82B79012B64
:10CB88000ED8D4F88C32294620469B689847EB8803
:10CB9800002BECD10028EAD1204600F0DFF8E6E7C8
:10CBA80080212046F8F7E4F900212046F8F7E0F95B
:10CBB800002038BD38B50B78044603F06003202BFD
:10CBC8000CD0402B0AD083B180212046F8F7D0F949
:10CBD80000212046F8F7CCF9002038BDD4F88C3273
:10CBE80020469B689847002038BD4B788A88012BDF
:10CBF8005FFA82FC37D0032B23D0002BE4D190F8C6
:10CC08007432022B4AD0032BDED10CF00F0312062C
:10CC180003EB830300EB830351D4D3F84431002B97
:10CC2800D2D00CF07F03142505FB030505F5A0758C
:10CC3800002B4FD12B6002222946204600F06CF8C9
:10CC4800CAE790F87432022B1DD0032BBCD14B8855
:10CC58002BB91CF07F0F02D0CB88002B43D0204685
:10CC680000F07CF8B8E790F87432022B0BD0032B55
:10CC7800AAD14B88002BAFD11CF07F0FEFD06146B3
:10CC8800F8F784F9EBE71CF07F0F9DD06146F8F7C1
:10CC98006FF980212046F8F76BF99DE71CF07F0FAC
:10CCA80092D111064FF000034FF002024CBF00F181
:10CCB800140100F5A0710B6000F02EF88CE79B6959
:10CCC800002B81D00CF07F035D1C05EB850500EB84
:10CCD8008505ADE761462046F8F766F908B10123F6
:10CCE800A8E72860A7E76146F8F742F9B7E700BF69
:10CCF8000B7803704B784370CA788B7803EB022368
:10CD080043804A790B7903EB02238380CA798B79B4
:10CD180003EB0223C380704710B5134602240A466A
:10CD28000021C0F86C42C0E90733F8F75FF900202A
:10CD380010BD00BF8C46002108B513466246F8F7BF
:10CD480055F9002008BD00BF8C46002108B51346E0
:10CD58006246F8F759F9002008BD00BF08B504215C
:10CD68000023C0F86C121A461946F8F73FF900205C
:10CD780008BD00BF08B505210023C0F86C121A468B
:10CD88001946F8F741F9002008BD00BFD0F8C423C0
:10CD98000132C0F8C42302780B2A00D07047D0F8BB
:10CDA8007C33002BFAD09B69184700BF012380F819
:10CDB80023337047002380F823337047034600224B
:10CDC8000121104683F8201383F8212383F82223B6
:10CDD800704700BF38B501230025044680F8213389
:10CDE80080F8235380F82053F8F732F92179204648
:10CDF80000F006F86179204600F002F8284638BDB0
:10CE08000A2907D800EB8100D0F88433C3F30E0356
:10CE1800C0F88433002070470C4A82B00C4BD2F81B
:10CE2800DC1041F04001C2F8DC10D2F8DC2002F03E
:10CE380040020192019A1A6822F020021A601A68C8
:10CE480042F004021A6002B0704700BF0044025862
:10CE580000180248714A036811698B4200B587B00F
:10CE68004BD0916E8B4200F0B680D2F8C0108B4246
:10CE780000F0B380D2F818118B4200F0B080B3F103
:10CE8800804F1ED0664A93420DD0664A934200F006
:10CE9800A880654A934200F0B280644A93421ED04B
:10CEA80007B05DF804FB624BD3F8E82042F00202B9
:10CEB800C3F8E820D3F8E83003F002030293029B9A
:10CEC800EEE75B4BD3F8E82042F00102C3F8E82014
:10CED800D3F8E83003F001030193019BE0E7544BDA
:10CEE800D3F8E82042F01002C3F8E820D3F8E8307D
:10CEF80003F010030593059BD2E700205821B3F1F6
:10CF0800804F01FB0022127B1ED045498B4235D051
:10CF180044498B4248D044498B42BED1444BD3F854
:10CF2800E81041F00801C3F8E810D3F8E83003F03E
:10CF380008030493049B002AB2D0322000220F2158
:10CF4800F8F7E0F9322014E0394BD3F8E81041F053
:10CF58000101C3F8E810D3F8E83003F001030193A6
:10CF6800019B002A9CD01C2000220F21F8F7CAF947
:10CF78001C2007B05DF804EBF8F702BA2C4BD3F885
:10CF8800E81041F00201C3F8E810D3F8E83003F0E4
:10CF980002030293029B002A82D01D2000220F2147
:10CFA800F8F7B0F91D20E4E7214BD3F8E81041F079
:10CFB8000401C3F8E810D3F8E83003F0040303933E
:10CFC800039B002A3FF46CAF1E2000220F21F8F7C4
:10CFD80099F91E20CDE7012090E702208EE7032073
:10CFE8008CE7134BD3F8E82042F00402C3F8E8209A
:10CFF800D3F8E83003F004030393039B50E70C4B8A
:10D00800D3F8E82042F00802C3F8E820D3F8E83063
:10D0180003F008030493049B42E700BF5422002452
:10D028000004004000080040000C004000100040D0
:10D03800004402580F4B026819698A420BD0996E56
:10D048008A4211D0D3F8C0108A420FD0D3F81811F1
:10D058008A420DD070470021582202FB01331A6D15
:10D06800002AF7D0586D10470121F5E70221F3E7B0
:10D078000321F1E754220024014801F0CDB900BF93
:10D0880064220024014801F0C7B900BFBC22002473
:10D09800014801F0C1B900BF14230024014801F080
:10D0A800BBB900BF6C230024F0B54FF0580C0F68D3
:10D0B8002E4D8DB00CFB07FC032F05EB0C0606600C
:10D0C80047DC0B460868344649689A6807C41B7BE6
:10D0D800237004AC7268264B002A4FF0000272617C
:10D0E80018BF1022B2610FCB84E80F000CAB03EB22
:10D0F800870353F8203CB3F1804F336124D01D4A95
:10D10800934221D030890CF1100458230021802249
:10D1180003FB07532C44C3E907019A62204600F039
:10D12800E5FF034600B1FEE74FF4805208A9204608
:10D13800099301930892CDE90A33CDE9023301F04E
:10D14800A5F8034640B1FEE7582303FB0753986848
:10D15800D9E701200DB0F0BD01A920460193039342
:10D1680001F012FA0028F5D0FEE700BF542200248F
:10D17800FC0A0108000C0040006808B5037B103069
:10D188002BB101F06DF8003818BF012008BD01F07F
:10D198004DF8003818BF012008BD00BF0C4B002215
:10D1A8004FF0FF311A739960196683F86420C3F849
:10D1B800B81083F8BC20C3F8101183F81421C3E910
:10D1C8000022C3E91622C3E92C22C3E94222704790
:10D1D800542200241F4BC1680268F0B5D3F88C5064
:10D1E80083B00369ADB24D1BA2B1AB4212D0044665
:10D1F800866811D2F018E91ACDE9001000F04AFF4C
:10D208000023DDE90010D4E90062B047E368256136
:10D21800AB421BD003B0F0BDF018C91ACDE900012C
:10D2280000F038FF0023DDE90001D4E90072B847B7
:10D238003046294600F02EFF002330466268294612
:10D248002668B047E3682561AB42E3D10023236138
:10D2580003B0F0BD000002402DE9F84F04460F4628
:10D2680090461E4600F13405284601F0DBFB2028D5
:10D27800FAD14FF480630020C4F8D030C4F84831A4
:10D288004FF44033C4F8CC00C4F8E030C4F8583147
:10D298004E4BC4F8DC00C4F8C03003F57A73C4F808
:10D2A800E400C4F838314023C4F8C800C4F8403159
:10D2B800E369C4F84401C4F85401C4F85C01C4E942
:10D2C8003500C4E95300072B0BD8DFE803F061539E
:10D2D8005A373E454C045123C4F8C4305223C4F88D
:10D2E8003C3104F59C794846F8F7BEF908B1FFBE11
:10D2F800FEE7C4F8A890C4F87051EFF3108972B62D
:10D30800DFF8D0B094F91C30DFF8CCA08BF80030EF
:10D318000A9B2F4CCAF800300B9B23600EB11846AD
:10D32800B0471FFA88F23946284601F065F9B0BBC4
:10D33800B9F1000F00D162B6BDE8F88F3F23C4F8F9
:10D34800C4304023C4F83C31CBE74123C4F8C4308F
:10D358004223C4F83C31C4E74723C4F8C430482307
:10D36800C4F83C31BDE74F23C4F8C4305023C4F897
:10D378003C31B6E72B23C4F8C4302C23C4F83C3125
:10D38800AFE72D23C4F8C4302E23C4F83C31A8E7F6
:10D398002923C4F8C4302A23C4F83C31A1E7FF2369
:10D3A8008BF800300023CAF8003023600A9B3BB199
:10D3B8000B98012198470120B9F1000FBCD1BAE7B9
:10D3C8000120B9F1000FB7D1B5E700BF88000240CE
:10D3D800EC320024E8320024E43200242DE9F84F2E
:10D3E80004460F4690461E4600F13405284601F0D3
:10D3F80019FB2028FAD14FF480630020C4F8D030FC
:10D40800C4F848314FF44033C4F8CC00C4F8E030D5
:10D41800C4F858314E4BC4F8DC00C4F8C03003F5EA
:10D428007A73C4F8E400C4F838314023C4F8C8005B
:10D43800C4F84031E369C4F84401C4F85401C4F89D
:10D448005C01C4E93500C4E95300072B0BD8DFE8B9
:10D4580003F061535A373E454C045123C4F8C43095
:10D468005223C4F83C3104F1C0094846F8F7FCF8E7
:10D4780008B1FFBEFEE7C4F8AC90C4F8F850EFF36B
:10D48800108972B6DFF8D0B094F91C30DFF8CCA060
:10D498008BF800300A9B2F4CCAF800300B9B236096
:10D4A8000EB11846B0471FFA88F23946284601F0EF
:10D4B800F5F8B0BBB9F1000F00D162B6BDE8F88F3E
:10D4C8003F23C4F8C4304023C4F83C31CBE74123A0
:10D4D800C4F8C4304223C4F83C31C4E74723C4F835
:10D4E800C4304823C4F83C31BDE74F23C4F8C430E6
:10D4F8005023C4F83C31B6E72B23C4F8C4302C239E
:10D50800C4F83C31AFE72D23C4F8C4302E23C4F847
:10D518003C31A8E72923C4F8C4302A23C4F83C3195
:10D52800A1E7FF238BF800300023CAF800302360FE
:10D538000A9B3BB10B98012198470120B9F1000FD4
:10D54800BCD1BAE70120B9F1000FB7D1B5E700BFE8
:10D5580088000240EC320024E8320024E43200243F
:10D568002DE9F0410D4682B0EFF3108772B600291D
:10D5780048D1FF23254A264C237013682BB100207D
:10D5880029461060234A1068984723781B0625D53A
:10D59800DFF888800025204E444605E001351C341C
:10D5A80006F5D876092D19D0A369012B1BD0002BBD
:10D5B800F4D1216830460029F0D0636901932369CA
:10D5C8000093E3682289FFF709FF0028E6D1C5EB3D
:10D5D800C50508EB850348F82500586007B962B609
:10D5E80002B0BDE8F08161680029D7D06369304690
:10D5F800019323690093E3682289FFF72DFE002831
:10D60800CCD1E4E702F00AFDB3E700BFE43200241E
:10D61800E8320024EC320024B423002494010024CE
:10D62800F0B5002387B0022204460493CDE9022313
:10D63800027EC3690B2A4FEA430523D1A27E0B2A37
:10D6480002D1002007B0F0BD48496B1C484851F88A
:10D658002330457801781878E67E884269D082427E
:10D6680077D0D87803F1030C81426ED0824278D00B
:10D67800987903F1060C88426FD0824233D001209A
:10D6880007B0F0BD394B3A4853F825300178467851
:10D69800187894F819C081423DD0824241D0D87898
:10D6A80003F1030E814240D082424AD0987903F1B7
:10D6B800060E884241D08242E1D1DB796345DED152
:10D6C800734604F118069B7830460593F7F7CEFCAD
:10D6D800034630461E46F7F7D1FC01A901903046B3
:10D6E800F8F78CFEAAE7DB79B342C8D163461A344F
:10D6F8009B7820460593F7F7B9FC034620461C465D
:10D70800F7F7BCFC034601A920460193F8F776FE1B
:10D71800002007B0F0BD93F801E0B645BFD08242C3
:10D72800BDD158786045BAD1CBE71F79B742BBD194
:10D73800BCE75F78AF4292D193E7D979B142BAD1C9
:10D748009DE718796045B1D1BAE71F79AF428DD10D
:10D758008EE75878B04284D1C9E7D979A9428CD1EB
:10D768008DE71879B04283D1C0E700BFAC0200242E
:10D77800A80200247E4A03689342F0B58FB000F0F7
:10D78800E380A2F54C42934200F0E08002F580620B
:10D79800934200F0DD8002F58062934200F0DA8067
:10D7A80002F58062934200F0D98002F54442934228
:10D7B80000F0D280A2F51C42934200F0D18002F51D
:10D7C8008062934200F0CE806A4A934240F0CC8057
:10D7D8000826694D4FF4D87404FB0654A07EF7F769
:10D7E80055FC207EF7F752FCE369082B13D8DFE8D5
:10D7F80003F03B49576573818F9D05005F4BD3F854
:10D80800F42042F00802C3F8F420D3F8F43003F00F
:10D8180008030893089B2046FFF702FF012801D15F
:10D82800FFBEFEE74FF4D8740EAA554F0DF1240C35
:10D8380004FB0654E36902EB43050FCFACE80F0085
:10D848003B680022ACF80030114635F9140CF7F7A4
:10D8580059FDE3690EAA02EB430333F9140C0FB028
:10D86800BDE8F040F7F78CBD444BD3F8F02042F008
:10D878001002C3F8F020D3F8F03003F0100300933F
:10D88800009BC8E73D4BD3F8E82042F40032C3F8C8
:10D89800E820D3F8E83003F400330193019BBAE79A
:10D8A800364BD3F8E82042F48022C3F8E820D3F8B6
:10D8B800E83003F480230293029BACE72F4BD3F8A4
:10D8C800E82042F40022C3F8E820D3F8E83003F453
:10D8D80000230393039B9EE7284BD3F8E82042F4E8
:10D8E8008012C3F8E820D3F8E83003F480130493D7
:10D8F800049B90E7214BD3F8F02042F02002C3F8B4
:10D90800F020D3F8F03003F020030593059B82E75D
:10D918001A4BD3F8E82042F08042C3F8E820D3F845
:10D92800E83003F080430693069B74E7134BD3F863
:10D93800E82042F00042C3F8E820D3F8E83003F0CA
:10D9480000430793079B66E7002642E7012640E766
:10D9580002263EE703263CE705263AE7042638E791
:10D96800062636E7072634E700239B7EFFDE00BF46
:10D9780000100140000C0058B42300240044025851
:10D988000C0B01082DE9F04F91B0002301223F490B
:10D998000DF1240A09938B4601F11C09CAF81430C9
:10D9A80001F13808CDF800A001F15407CDF804A022
:10D9B80001F17006CDF808A001F18C05CDF80CA096
:10D9C80001F1A804CDF810A001F1C40ECDF814A0FF
:10D9D80001F1E00CCAE90133CAE903330F92FF22CF
:10D9E8002B4BCDE906AA1A70BAE80F00ABE80F0076
:10D9F8009AE80700009B8BE807009B46BBE80F00EE
:10DA0800A9E80F009AE80700019B89E807009946F2
:10DA1800B9E80F00A8E80F009AE80700029B88E819
:10DA280007009846B8E80F000FC79AE80700039B5D
:10DA380087E807001F460FCF0FC69AE80700049B28
:10DA480086E807001E460FCE0FC59AE80700059B1B
:10DA580085E807001D460FCD0FC49AE80700069B0E
:10DA680084E807001C460FCCAEE80F00079B9AE835
:10DA780007001C468EE807000FCCACE80F009AE8B8
:10DA880007008CE8070011B0BDE8F08F940100246E
:10DA9800E832002410B5094C04F1340000F0D0FE3F
:10DAA800237D1BB1636BDB69DB0600D410BD204608
:10DAB800FFF790FB636B10221A6210BDB423002499
:10DAC80010B50B4C04F5F27000F0BAFE94F8C431AE
:10DAD80023B1D4F8E431DB69DB0600D410BD04F5CA
:10DAE800D870FFF777FBD4F8E43110221A6210BD22
:10DAF800B423002410B50B4C04F5657000F0A0FEAB
:10DB080094F8743323B1D4F89433DB69DB0600D47A
:10DB180010BD04F55870FFF75DFBD4F8943310225C
:10DB28001A6210BDB423002410B50B4C04F2445003
:10DB380000F086FE94F8243523B1D4F84435DB6927
:10DB4800DB0600D410BD04F5A260FFF743FBD4F850
:10DB5800443510221A6210BDB423002410B50B4CB2
:10DB680004F2F46000F06CFE94F8D43623B1D4F8D3
:10DB7800F436DB69DB0600D410BD04F5D860FFF786
:10DB880029FBD4F8F43610221A6210BDB4230024FD
:10DB980010B50B4C04F6A40000F052FE94F884383B
:10DBA80023B1D4F8A438DB69DB0600D410BD04F532
:10DBB8000760FFF70FFBD4F8A43810221A6210BDD3
:10DBC800B423002410B50B4C04F6542000F038FEA2
:10DBD80094F8343A23B1D4F8543ADB69DB0600D41C
:10DBE80010BD04F52260FFF7F5FAD4F8543A102274
:10DBF8001A6210BDB423002410B50B4C04F604407F
:10DC080000F01EFE94F8E43B23B1D4F8043CDB6931
:10DC1800DB0600D410BD04F53D60FFF7DBFAD4F84D
:10DC2800043C10221A6210BDB423002410B50B4C1A
:10DC380004F6B45000F004FE94F8943D23B1D4F8EF
:10DC4800B43DDB69DB0600D410BD04F55860FFF76E
:10DC5800C1FAD4F8B43D10221A6210BDB4230024CE
:10DC680010B5EFF3108472B6084B1A78120602D575
:10DC780004B962B610BD1B784FF4D87204485BB281
:10DC880002FB0300C030F8F767F8F1E7E832002438
:10DC9800B423002410B5EFF3108472B6094B1A7838
:10DCA800120602D504B962B610BD1B784FF4D872BB
:10DCB80005485BB202FB030000F59C70F8F74CF8CE
:10DCC800F0E700BFE8320024B42300240021FFF766
:10DCD80047BC00BF214A036893422BD0A2F54C42AF
:10DCE800934229D002F58062934227D002F58062E0
:10DCF800934225D002F58062934223D002F5444234
:10DD0800934221D0A2F51C4293421FD002F58062B3
:10DD180093421DD0124A93421CD108224FF4D87165
:10DD2800104B01FB0233197D11B11846FFF752BAA7
:10DD3800FFF716BC0022F1E70122EFE70222EDE728
:10DD48000322EBE70422E9E70522E7E70622E5E7F5
:10DD58000722E3E700231B7DFFDE00BF0010014020
:10DD6800000C0058B4230024204A0368934229D0A9
:10DD7800A2F54C42934227D002F58062934225D007
:10DD880002F58062934223D002F58062934221D04B
:10DD980002F5444293421FD0A2F51C4293421DD083
:10DDA80002F5806293421BD0114A93421AD108238C
:10DDB80010484FF4D87202FB0300037D03B9704783
:10DDC800FFF708BA0023F3E70123F1E70223EFE79F
:10DDD8000323EDE70423EBE70523E9E70623E7E759
:10DDE8000723E5E700231B7DFFDE00BF001001408D
:10DDF800000C0058B42300240121FFF7B1BB00BF79
:10DE0800534B0122002047F6122130B4C3E9742095
:10DE1800C3E97721C3E9E020C3E9E3211A62DA62A2
:10DE280058621963C3F83025C3F83405C3F83C2594
:10DE3800C3F84015C3F8E026C3F8E406C3F8EC2697
:10DE4800C3F8F016C3F89028C3F89408C3F89C28C0
:10DE5800C3F8A018C3F8402AC3F8440AC3F84C2AE8
:10DE6800C3F8501AC3F8F02BC3F8F40BC3F8FC2B13
:10DE7800C3F8001CC3F8A40D3648C3F8A02DC3F896
:10DE8800AC2DC3F8B01D0288837833490068334C41
:10DE9800CA804FEA104C0B723149E2802372A1F814
:10DEA8000320A4F8032063714B712E4CCA800B72B7
:10DEB8002D492E4DE2802372A1F80320A4F80320F7
:10DEC80063714B712A4CCA800B722A49EA80088018
:10DED8002B7281F802C0E2802372A1F803204B71F3
:10DEE800CA800B722449A1F803204B71CA800B72B7
:10DEF8002249A1F803204B71CA800B72204908807F
:10DF080081F802C0A1F803204B71CA800B721D4929
:10DF1800088081F802C0A1F803204B71CA800B72F7
:10DF28001949088081F802C01848A1F803204B71EC
:10DF3800CA800B721649A0F803204371C28003728D
:10DF4800A1F803204B71CA800B7230BC704700BF28
:10DF5800B4230024A802002430030024540300241E
:10DF6800480300246C030024600300243C030024BD
:10DF78001803002414330024780300242403002405
:10DF8800F032002408330024FC3200249C020024D0
:10DF9800900200243E4B00220B20114610B5D3F806
:10DFA800D84082B044F00104C3F8D840D3F8D84030
:10DFB80004F001040094009CD3F8D84044F0020413
:10DFC800C3F8D840D3F8D83003F002030193019B7B
:10DFD800F7F798F90B20F7F7D3F900220C20114630
:10DFE800F7F790F90C20F7F7CBF900220D2011462E
:10DFF800F7F788F90D20F7F7C3F900220E2011462C
:10E00800F7F780F90E20F7F7BBF900220F20114629
:10E01800F7F778F90F20F7F7B3F900221020114627
:10E02800F7F770F91020F7F7ABF900223C201146FA
:10E03800F7F768F93C20F7F7A3F9002211201146F9
:10E04800F7F760F91120F7F79BF9002238201146FD
:10E05800F7F758F93820F7F793F9002239201146D5
:10E06800F7F750F93920F7F78BF900223A201146D3
:10E07800F7F748F93A20F7F783F900223B201146D1
:10E08800F7F740F93B2002B0BDE81040F7F778B940
:10E098000044025820F01F002031BFF34F8F0029A1
:10E0A80007DD064A0144C2F85C0220300B1A002B37
:10E0B800F9DCBFF34F8FBFF36F8F704700ED00E0BF
:10E0C800034688B190F83D20022A03D0802201201F
:10E0D8009A66704702680421002083F83D10D368CF
:10E0E80023F00103D360704701207047002800F037
:10E0F8008F8038B590F83D30044603F0FF02002BBE
:10E1080060D0226802234349B2F1804F84F83D3041
:10E11800A2EB01011368B1FA81F14FEA511127D03E
:10E1280031BB3D483D4D824251D000F5806082426E
:10E138004DD0551B00F58060B5FA85F582424FEA4F
:10E1480055154DD0002D4BD1354836498A4218BF58
:10E1580082424FD001F580618A424BD0A06923F0FA
:10E168008003E168034313606368D162936223E02C
:10E178002A4D23F07003A068551B0343B5FA85F5B3
:10E188006D09206923F440730343A06923F08003D9
:10E1980003431360E368D3626368936251B94DB96E
:10E1A8001F49204B9A4218BF8A4203D003F5806367
:10E1B8009A4201D16369136301230020536184F8F3
:10E1C8003D3038BD80F83C20FEF744FE99E7551BEA
:10E1D80023F07003A068B5FA85F503436D09D0E70D
:10E1E800A06823F0700303430F488242C9D0002D72
:10E1F800C7D1A9E7206923F44073A1690343E06804
:10E2080023F080030B4361681360D0629162C7E713
:10E218000120704700000140000400400004014054
:10E228000040014000440140000C00404FF0020C47
:10E2380001680A4A034680F83DC088680240062AF9
:10E2480006D0B2F5803F03D00A6842F001020A60A6
:10E258000122002083F83D20704700BF070001001D
:10E268000368094AD96841F00101D96099680A40F0
:10E27800062A06D0B2F5803F03D01A6842F00102A0
:10E288001A600020704700BF0700010090F83C307A
:10E29800012B7DD002460223006830B4012482F8A5
:10E2A8003D3082F83C40544C83681C400B68602B1E
:10E2B80084606FD01DD9B3F5005F59D042D94F495A
:10E2C8008B4206D038D94E498B4202D010318B424E
:10E2D80006D184684B4921400B4343F00703836010
:10E2E80000230121184682F83D1082F83C3030BCEA
:10E2F8007047402B67D019D9502BF1D1036A4C686D
:10E30800CD6823F00A03016A1C433E4B21F001014A
:10E318000162816921F0F00141EA0511816104621D
:10E3280081680B4043F057038360D9E7202BD0D096
:10E338001AD9302BD4D1CCE723F01001B1F5801FC6
:10E34800CED1C6E7702BCBD18468D1E901532B43DA
:10E35800CD6824F47F4143EA05230B438360836837
:10E3680043F077038360BBE733F01001B8D1B0E71F
:10E37800D1E9015384682B43CD6824F47F4143EAF3
:10E3880005230B438360836843F480438360A7E7D6
:10E3980002207047046A4D6824F01004C9680462BA
:10E3A800836923F4704343EA0133016A21F0A00131
:10E3B8008361144B41EA0511016281680B4043F007
:10E3C800670383608CE7036A4C68CD6823F00A030F
:10E3D800016A1C430B4B21F001010162816921F0A4
:10E3E800F00141EA05118161046281680B4043F044
:10E3F8004703836074E700BF8800CEFF2000100049
:10E40800300010008FFFCFFF704700BF704700BF7C
:10E41800704700BF704700BF03681A69910710B5BD
:10E42800044602D5DA68920768D41A69520702D5F9
:10E43800DA6850074FD41A69110702D5DA6812074B
:10E4480037D41A69D00602D5DA68D1061ED41A69FB
:10E45800D20702D5DA68D00769D41A69110602D53D
:10E46800DA6812066BD41A69D00502D5DA68110683
:10E478006DD41A69520602D5DA6850066FD41A6943
:10E48800910602D5DA68920649D410BD6FF01001E2
:10E498000822204619612277DB6913F4407F6FD187
:10E4A800FFF7B2FF2046FFF7B3FF00222368227769
:10E4B800CDE76FF008010422204619612277DB6955
:10E4C8009B075AD1FFF7A0FF2046FFF7A1FF0022C4
:10E4D80023682277B5E76FF004010222204619610C
:10E4E80022779B6913F4407F44D1FFF78DFF2046C4
:10E4F800FFF78EFF0022236822779CE76FF0020166
:10E508000122196102779B69990730D1FFF77CFFD7
:10E518002046FFF77DFF00222368227785E76FF00A
:10E52800200220461A61BDE8104000F05FB86FF085
:10E53800010220461A61FEF77DFD23688DE76FF022
:10E54800800220461A6100F053F823688BE76FF4C5
:10E55800807220461A6100F04DF8236889E76FF051
:10E56800400220461A61FFF755FF236887E7FFF747
:10E578004DFFD0E7FFF74AFFBCE7FFF747FFA6E7E5
:10E58800FFF744FF91E700BF90F83C20012A28D00C
:10E5980003460068022230B4134D83F83D20A84298
:10E5A8004268846818D005F58065A84214D024F024
:10E5B800800C22F070020C688968224300244CEA1F
:10E5C80001014FF0010C42608160204683F83DC094
:10E5D80083F83C4030BC704722F470024D682A43EF
:10E5E800E5E70220704700BF00000140704700BF08
:10E5F800704700BF704700BFF8B5D0F88070202F73
:10E6080044D1002940D0B2FA82F67609002A3BD0DC
:10E61800044690F87C00012838D001252123606F3A
:10E62800A4F856202165C4F88860A4F8542084F81A
:10E638007C50C4F88030D8B1DFF854C01346226843
:10E64800C0F83CC0DFF84CC028320665C0F840C0AE
:10E65800DFF844C0C0F84CC0F7F7C4F940B1102344
:10E66800284684F87C60C4F88830C4F88070F8BD07
:10E678002368002240211046196284F87C209A6899
:10E6880042F080029A60F8BD0120F8BD0220F8BD72
:10E6980051E7000881E70008D1E70008F8B5D0F88D
:10E6A8008470202F48D1002944D0B2FA82F6760926
:10E6B800002A3FD090F87C300446012B3CD001253D
:10E6C8002223C0F888608165A0F85C2080F87C501F
:10E6D800C0F88430806FE0B1DFF860C013460A46A6
:10E6E8002168C0F83CC0DFF858C024310665C0F87E
:10E6F80040C0DFF850C0C0F84CC0F7F773F940B11C
:10E708001023284684F87C60C4F88830C4F88070E8
:10E71800F8BD2368002084F87C001A6842F48072EF
:10E728001A609A6842F001029A609A6842F04002C0
:10E738009A60F8BD0120F8BD0220F8BD8DE70008F9
:10E74800C5E70008D1E7000808B5C369806BB3F5D1
:10E75800807F0CD003680022A0F856209A6822F027
:10E7680080029A601A6842F040021A6008BDFFF7FA
:10E77800ADFA08BD704700BF806B08B5FFF7FAFF18
:10E7880008BD00BF08B5C369806BB3F5807F12D0A0
:10E79800036800222021A0F85E201A6822F4807203
:10E7A8001A609A6822F001029A609A6822F0400280
:10E7B8009A60C0F88410FFF78DFA08BD806B08B521
:10E7C800FFF7D2FA08BD00BF806B38B50368D0F8F0
:10E7D8008040D0F884109A68150601D5212C1DD0E8
:10E7E8009A68520601D5222908D0D0F8883043F01B
:10E7F8001003C0F88830FFF7FFFA38BD00240F4A2D
:10E808002025A0F85E40196821F490711960996874
:10E818000A409A60C0F88450C466E6E700222024C3
:10E82800A0F856201A6822F0C0021A609A6822F4EA
:10E8380000029A60C0F88040D2E700BFFEFFFFEFF9
:10E848000268D36970B51E0715680446916800F020
:10E8580084806C4805F4907C08405CEA00061DD171
:10E86800D80202D54E0200F19D80180606D501F4A3
:10E87800000105F08000014340F08C805E0602D55F
:10E88800680600F19B80190202D56A0000F1A38096
:10E89800DB0102D5002DC0F2AA8070BDDE0709D5C4
:10E8A800EE0507D501261662D4F8886046F0010601
:10E8B800C4F888609E0760D5CE0709D5022616627F
:10E8C800D4F8886046F00406C4F888605E0758D417
:10E8D8001E070CD505F0200C5CEA000007D00820C4
:10E8E8001062D4F8880040F00800C4F88800D4F812
:10E8F80088000028D1D09E0606D505F0200501F035
:10E90800805155EA01036BD1D4F88850936805F01B
:10E91800080503F040031D436ED0116820203A4BD0
:10E9280021F49071116091680B4000219360C4F844
:10E9380084009368E1665D063CD59368A06F23F078
:10E9480040039360002835D0304B0365F7F76AF928
:10E958000028A2D0A06F036D0CE09E0680D505F0BC
:10E96800200C01F0805E5CEA0E063FF479AFC36EBE
:10E97800002B92D0BDE8704018475E07A8D5CE0797
:10E98800A6D504261662D4F8886046F00206C4F8B4
:10E9980088609DE7236F002B3FF47FAF2046BDE8DA
:10E9A800704018474FF4801320461362BDE870404A
:10E9B80001F068BB2046FFF71FFA70BD13682020DE
:10E9C800002123F040031360C4F88000204621672B
:10E9D800FFF77CF970BD2046BDE8704001F056BBDA
:10E9E800E36E002B90D02046984722688CE720469B
:10E9F800BDE8704001F048BB2046FFF7FDF9C4F8B8
:10EA0800885070BD01000010FEFFFFEF19EA0008F2
:10EA180008B5806B0023A0F85E30A0F85630FFF7E9
:10EA2800EBF908BDD0F88020D0F884001043704777
:10EA3800F0B58268044687B02368D0E904101D68E1
:10EA48000A43616E0243E06902430A43A849294028
:10EA5800A84D0A43E168AB421A605A6822F4405252
:10EA680042EA0102A1695A6000F09D80226A9D680D
:10EA78001143A14A666A2A4011439960DA6A22F072
:10EA88000F023243DA629D4A934224D09C4A934251
:10EA980055D09C4A934200F02F829B4A934200F043
:10EAA8009B829A4A934200F0E980994A934200F087
:10EAB8009D82984A934200F0D885974A934200F085
:10EAC800D682012500234FF0011228462367C4E9A6
:10EAD8001A2307B0F0BD914B5B6D03F03803282B68
:10EAE800EFD88F4AD55CB0F5004F33D0202D00F217
:10EAF800D981202D00F2B680DFE815F0A8017B014E
:10EB0800B400B4007201B400B400B4004901B40008
:10EB1800B400B400B400B400B400B4001C01B400E4
:10EB2800B400B400B400B400B400B400B400B4003D
:10EB3800B400B400B400B400B400B400CA00774B09
:10EB48005B6D03F00703052BBBD8764AB0F5004F81
:10EB5800D55CCBD1202D00F21482202D00F200824A
:10EB6800DFE815F08A035804FE01FE012804FE01BF
:10EB7800FE01FE018604FE01FE01FE01FE01FE010A
:10EB8800FE01FE01F203FE01FE01FE01FE01FE018F
:10EB9800FE01FE01FE01FE01FE01FE01FE01FE0175
:10EBA800FE01FE01B7039868534A02405B480A43D6
:10EBB8009A60DA6A616A22F00F020A43DA62836DA8
:10EBC80003F00703052B3FF67CAF574AD65C202E8F
:10EBD80000F29C81012E7FF674AFB31E1E2B3FF608
:10EBE80070AF01A252F823F0A7F10008CBEA0008A1
:10EBF80051F10008CBEA0008CBEA0008CBEA00088C
:10EC08001BF20008CBEA0008CBEA0008CBEA0008B0
:10EC1800CBEA0008CBEA0008CBEA0008CBEA0008F8
:10EC2800BBF10008CBEA0008CBEA0008CBEA0008F1
:10EC3800CBEA0008CBEA0008CBEA0008CBEA0008D8
:10EC4800CBEA0008CBEA0008CBEA0008CBEA0008C8
:10EC5800CBEA0008CBEA0008CBEA0008CBEA0008B8
:10EC680031F2000801250023A3F110014FF6EF72DD
:10EC780091423FF626AF2268D36023E7274B5B6DAE
:10EC880003F00703052B3FF61CAF284AD55C2AE79B
:10EC9800002E00F0B581012E00F09E85022E00F0B6
:10ECA800B185032E00F0D885042E00F0F485052EDA
:10ECB80000F08486062E00F0BE86072E00F0FD8642
:10ECC800082E00F05087092E00F07B870A2E00F0EE
:10ECD800DC8743F60953164A0B2E18BF13466268A1
:10ECE800002503EB5203B3FBF2F39BB2BCE700BF72
:10ECF800F369FFCF000C0058FFF4FF11001001402A
:10ED08000044004000480040004C004000500040D3
:10ED18000014014000780040007C00400044025884
:10ED28004C1A0108781A0108801A0108781A010893
:10ED380000093D00B34B1A68920640F16F811A68CA
:10ED4800B14BC2F3C102D340002EC8D0012E00F04F
:10ED5800EF81022E00F0C584032E00F0BF84042E3C
:10ED680000F02B85052E00F09D86062E00F0DC862F
:10ED7800072E00F01C86082E00F04E86092E00F0A3
:10ED88008E860A2E00F0E3860B2EA8D126E003A873
:10ED9800FBF732F9626A049B002AA0D0012A00F02E
:10EDA800C781022A00F09D84032A00F09784042A70
:10EDB80000F00385052A00F0FD84062A00F07E8510
:10EDC800072A00F0F485082A00F02686092A00F0B0
:10EDD80066860A2A00F0BB860B2A80D11B0A7EE7CA
:10EDE8006846FBF74BF8626A019B002A3FF477AF4D
:10EDF800D4E7FAF7E3F9636A03B3012B00F0F3846D
:10EE0800022B00F0CE84032B00F0C884042B00F002
:10EE18001785052B00F01185062B00F00686072BB9
:10EE280000F04886082B00F09B86092B00F0E1864D
:10EE38000A2B00F03B870B2B08BF000A62680025ED
:10EE480000EB5203B3FBF2F39BB20DE7FAF79AF922
:10EE5800636A03B3012B00F0C984022B00F0A78476
:10EE6800032B00F0A184042B00F0E484052B00F0B0
:10EE7800DE84062B00F0E685072B00F03686082B8B
:10EE880000F08786092B00F0B1860A2B00F0FA867D
:10EE98000B2B08BF000A626800EB5203B3FBF2F3C6
:10EEA8009BB2E1E6402D7FF40CAE002E00F0DC8032
:10EEB800012E00F09484022E00F0A784032E00F0A7
:10EEC800C784042E00F0EC84052E00F07A85062E07
:10EED80000F0B485072E00F0FE85082E00F0498664
:10EEE800092E00F08B860A2E00F029870B2E0CBF06
:10EEF80080234FF40043F2E6424B5B6D03F00703B7
:10EF0800052B3FF6DEAD414AD55CECE5402E7FF49B
:10EF1800D8AD002900F0B580012900F06E840229DF
:10EF280000F08284032900F0AF84042900F03B85B7
:10EF3800052900F06985062900F0AD85072900F04C
:10EF4800EF85082900F03686092900F05B860A2932
:10EF580000F0F9860B290CBF80254FF4004592E09C
:10EF680001250023A3F110014FF6EF7291423FF6FD
:10EF7800A8AD23F00F02C3F3420313432268D36002
:10EF8800A0E5402D7FF49DAD002E00F0D380012E2A
:10EF980000F0D280022E00F06D84032E00F0F4847D
:10EFA800042E00F02585052E00F06885062E00F059
:10EFB800C285072E00F01086082E00F04886092E1C
:10EFC80000F059860A2E00F0EC860B2E0CBF4FF489
:10EFD80080704FF48030AFE00A4B5B6D03F007039D
:10EFE800052B3FF66EAD0A4AD55C7CE5054B5B6D9B
:10EFF80003F03803282B3FF664AD064AD55C72E56A
:10F00800054B6CE6004402580090D003781A0108BA
:10F01800781A01084C1A010800093D00002E00F07A
:10F02800BA83012E00F0FD83022E00F02A84032EFD
:10F0380000F0B684042E00F0E484052E00F0288544
:10F04800062E00F08785072EDAD0082E00F0C4833C
:10F05800092E00F0D7830A2E00F01D84B44BB54A60
:10F068000B2E18BF13463AE64FF4004337E6B24B6F
:10F078005B6D03F00703052B3FF623ADAF4AD55C64
:10F0880031E54FF40045676807EB4703AB423FF6AD
:10F0980018ADB5EB073F3FF614AD202E00F2F08215
:10F0A800012E7FF60EAD023E1E2E3FF60AAD01A3DD
:10F0B80053F826F0F9F50008CBEA0008CFF5000868
:10F0C800CBEA0008CBEA0008CBEA00086DF5000897
:10F0D800CBEA0008CBEA0008CBEA0008CBEA000834
:10F0E800CBEA0008CBEA0008CBEA000801F50008E3
:10F0F800CBEA0008CBEA0008CBEA0008CBEA000814
:10F10800CBEA0008CBEA0008CBEA0008CBEA000803
:10F11800CBEA0008CBEA0008CBEA0008CBEA0008F3
:10F12800CBEA0008CBEA0008CBEA000889F400081B
:10F138005B08D4E54FF480306268002500EB520389
:10F14800B3FBF2F39BB20DE76846FAF797FE636AE2
:10F15800019D03B3012B00F0CF82022B00F0C78280
:10F16800032B00F0C182042B00F02F83052B00F045
:10F178002983062B00F09883072B00F02684082BA0
:10F1880000F04D84092B00F09B840A2B00F0FB84CF
:10F198000B2B00F06582002D3FF494AC73E7FAF76F
:10F1A8005BFE636A0546002BD4D1002D3FF48AAC80
:10F1B80069E7614B1A68950640F1A5821B685D4DA9
:10F1C800C3F3C103DD4000293FF45DAF012900F01E
:10F1D8004D83022900F04683032900F04083042967
:10F1E80000F04584052900F08384062900F0D484C2
:10F1F800072900F02085082900F04F85092900F02B
:10F20800F9850A2900F0FD850B297FF43CAF2D0A0A
:10F2180039E703A8FAF7F0FE636A049D002B99D139
:10F22800002D3FF44FAC2EE7002900F06A82012937
:10F2380000F0DF82022900F0F282032900F028831F
:10F24800042900F0AA83052900F0D883062900F0D4
:10F258002E84072900F06184082900F0AF84092969
:10F2680000F0EF840A2900F0148543F60955344B61
:10F278000B2918BF1D4606E7F9F784FF636A03B335
:10F28800012B00F0CA82022B00F0F782032B00F05A
:10F298007F83042B00F0B083052B00F0EB83062B53
:10F2A80000F05084072B00F09E84082B00F0B984EE
:10F2B800092B00F0E4840A2B00F070850B2B08BFA3
:10F2C800000A61684A0802EB4003B3FBF1F39BB202
:10F2D80048E6002E00F03A82012E00F09A82022EB3
:10F2E80000F0C682032E00F04D83042E00F07E83CA
:10F2F800052E00F0BA83062E00F02184072E00F0B8
:10F308006F84082E00F08284092E00F0CC840A2E27
:10F3180000F06C8547F612230A4A0B2E18BF1346D5
:10F328006268002503EB5203B3FBF2F39BB219E6C4
:10F3380090D003000090D00300440258781A0108C6
:10F3480000093D0000127A00A44B1A68910640F1AA
:10F35800FF811A68A24BC2F3C10223FA02F206B374
:10F36800012E00F0B182022E00F03783032E00F048
:10F378006F83042E00F0C683052E00F00084062E4D
:10F3880000F06F84072E00F07184082E00F00385CA
:10F39800092E00F03C850A2E00F036850B2E08BF9A
:10F3A800120A616800254B0803EB4203B3FBF1F333
:10F3B8009BB2D7E56846FAF761FD626A019902B324
:10F3C800012A00F00782022A00F01A82032A00F0BC
:10F3D8003A82042A00F06282052A00F0EB82062AAB
:10F3E80000F01683072A00F07483082A00F0A1832E
:10F3F800092A00F001840A2A00F05B840B2A08BF5E
:10F40800090A62680025530803EB4103B3FBF2F3D2
:10F418009BB2A7E5F9F7D2FE636A03B3012B00F0AC
:10F42800FA81022B00F02B82032B00F08382042B3D
:10F4380000F0DA82052B00F02583062B00F06983A3
:10F44800072B00F0C283082B00F0EE83092B00F095
:10F458007E840A2B00F08D840B2B08BF000A61689C
:10F4680000254A0802EB4003B3FBF1F39BB279E5B0
:10F4780003A8FAF7C1FD626A0499002AC1D09FE780
:10F48800616A002900F05482012900F01F830229D3
:10F4980000F08B83032900F0BF83042900F0008467
:10F4A800052900F0AA84062900F08E84072900F0B7
:10F4B8008784082900F0E584092900F0DE840A29F8
:10F4C80000F0A8844748484B0B2918BF184600216C
:10F4D8007B083A4618184FF0000341F10001F1F794
:10F4E8009BF8A0F54073414A93423FF6EAAA236885
:10F4F8000025D860FFF7E6BA384A116811F02001F4
:10F5080000F0E781136800213548C3F3C103D840F0
:10F51800636A0BB3012B00F04B83022B00F07F834F
:10F52800032B00F00584042B00F05D84052B00F00C
:10F538002C84062B00F0A984072B00F0B484082B38
:10F5480000F0AD84092B00F094840A2B00F08D8420
:10F558000B2B01D1000A00210902030241EA1061C4
:10F568007808B6E703A8FAF747FD0498636A00210C
:10F5780002460BB3012B00F03582022B00F0868285
:10F58800032B00F0C182042B00F02183052B00F02F
:10F598004D83062B00F09083072B00F02184082B65
:10F5A80000F00B84092B00F004840A2B00F052842D
:10F5B8000B2B01D1100A002162680902030241EAFB
:10F5C8001061500886E76846FAF758FC0198636AA4
:10F5D80000210246002BEFD0CCE700BF00440258C0
:10F5E8000090D00300093D000000093DFFFC0F001A
:10F5F800FAF732FC626A002103460AB3012A00F0D6
:10F608006E82022A00F0B982032A00F02483042AB9
:10F6180000F09383052A00F0A683062A00F0DA8317
:10F62800072A00F0D583082A00F01C84092A00F074
:10F6380015840A2A00F02F840B2A01D1030A00211D
:10F6480062680902180241EA13615308C0184FF0B2
:10F65800000341F10001F0F7DFFFA0F5407342E736
:10F668002D0A002D3FF42EAA0DE5B54B5B6D03F076
:10F678000703052B3FF625AAB24AD55CFFF733BA34
:10F68800402E7FF41EAA616A002900F04E810129EC
:10F6980000F02782022900F08482032900F0CE823C
:10F6A800042900F05783052900F05983062900F042
:10F6B8006883072900F06083082900F0B7830929C7
:10F6C80000F0AF830A2900F0C0830B294FF0000136
:10F6D8000CBF4FF400404FF40000F9E69A4AA2FB31
:10F6E80003239B08FFF7FBBA974BA3FB0535AD082F
:10F6F800002D3FF4E7A9C6E46D08002D3FF4E2A908
:10F70800C1E4924DBFE400295AD0012900F0AC8031
:10F71800022900F0DB80032900F06181042900F050
:10F72800A181052900F0EB81062900F0168207293E
:10F73800E7D008295DD0092971D00A2900F02D8168
:10F74800834D844B0B2918BF1D469CE4824BE7E58B
:10F75800002E50D0012E00F0AF80022E00F03B8129
:10F76800032E00F07A81042E00F0C781052E00F0E8
:10F77800FD81062E00F04D82072EE7D0082E48D0D6
:10F78800092E75D00A2E00F03181744B744A0B2E65
:10F7980018BF1346C4E56F4BFFF7A1BA6A4BA3FB2A
:10F7A80000308008FFF74ABB674BA3FB0030800896
:10F7B800FFF771BB6B4AA2FB0323DB08FFF78FBA85
:10F7C800644D60E4674BA3FB0535ED08002D3FF45D
:10F7D80079A958E4490814E6634BFFF780BA4FF457
:10F7E8008043FFF77CBA4008FFF728BB4008FFF7C3
:10F7F80052BB5D4D47E45A4B92E54FF4804542E4D5
:10F808008908FEE5594BFFF76ABA4FF40053FFF732
:10F8180066BA4E4B84E5400821E6400851E5534D51
:10F8280031E4534BFFF75BBA4FF400552BE44D4BD3
:10F83800A3FB0030C008FFF72EBB4A4BA3FB0030E8
:10F84800C008FFF7FBBA404BA3FB01239908D8E592
:10F8580041F25553FFF743BA464BFFF740BA3A4BCC
:10F86800A3FB0535AD080EE4414D0CE46D080AE430
:10F878003D4B55E54FF480405EE4800821E5800863
:10F88800EDE53D4BFFF72BBA41F25555FFF7FBBBB2
:10F89800384DFFF7F8BB314BFFF721BAC908B0E57F
:10F8A8004FF48053FFF71BBA0C23B5FBF3F5002D7B
:10F8B8003FF408A9FFF7E7BB264B31E5224AA2FB34
:10F8C8000323DB08FFF70BBA52086AE52A4DFFF756
:10F8D800DABB626A002A00F0C280012A00F079814E
:10F8E800022A00F0B281032A00F0C381042A00F042
:10F8F8005E82052A00F05982062A00F09E82072AB5
:10F9080000F09982082A00F09D82092A00F0978267
:10F918000A2A00F083820B2A184A0E4B0EBF0021D8
:10F928000321134678083A4690E64FF40000CFE5E5
:10F938001348CDE5044BA3FB002398088FE500BFCF
:10F9480000440258781A0108ABAAAAAA00093D0087
:10F9580090D003000090D00300127A0020A1070085
:10F968000020A107CDCCCCCC80841E0040420F00E3
:10F978000048E8012A2C0A000024F400000090D076
:10F988000000093DCF4BCBE442F6AA20FFF7D4BBD9
:10F99800CD4BA3FB0023980893E4CC4DFFF773BB32
:10F9A800CB4BFFF79CB94FF48055FFF76CBB1B0995
:10F9B800FFF795B90A23B1FBF3F122E5C54BFFF731
:10F9C8008EB940F6CC43FFF78AB92D09002D3FF4D4
:10F9D80079A8FFF758BBC04BA2E49208E1E4BC4DFC
:10F9E800FFF751BB4008E7E5C00838E5BB4B97E493
:10F9F8004FF40050FFF7A0BBC00862E4B54DFFF715
:10FA080042BBB74BFFF76BB940F6CC45FFF73BBBA2
:10FA18000C23B1FBF3F1F4E45B09FFF760B96D095E
:10FA2800002D3FF44FA8FFF72EBBA74BA3FB0030D8
:10FA3800C008FFF703BAAB4BFFF751B940F6AA234A
:10FA4800FFF74DB9A04BA3FB0030C008FFF723BA5E
:10FA58009D4BA3FB02239A08A3E4A34B60E4A34BAA
:10FA680003215FE79E4DFFF70EBBA14B58E4ED085D
:10FA7800FFF709BB0A23B0FBF3F022E441F6981024
:10FA8800FFF75ABB0A23B0FBF3F0E8E4800893E5DC
:10FA9800984BFFF724B940F6AA25FFF7F4BA9B095B
:10FAA800FFF71DB90A22B3FBF2F3FFF718B98D4D22
:10FAB800FFF7E9BA0009FFF7C1B98F4BFFF70FB994
:10FAC800AD09002D3EF4FEAFFFF7DDBA8B480021EB
:10FAD800FEE4090995E44FF40063FFF700B9430811
:10FAE800AEE54FF480000021F2E40009FFF7D3B936
:10FAF8000A23B5FBF3F5FFF7C6BA814B10E47D4D39
:10FB0800FFF7C1BAD2084CE406220023F0F784FDBF
:10FB180052E50C23B0FBF3F0A1E4774DFFF7B3BA3D
:10FB28004FF40065FFF7AFBA0C22B3FBF2F3FFF70F
:10FB3800D6B8490965E441F25450FFF7FDBA714B54
:10FB4800FFF7EEBB0C23B0FBF3F0FFF7BABBDB0902
:10FB5800FFF7C5B86C4BFFF7C2B86B4DFFF793BA08
:10FB68004009FFF76BB9694BFFF7B9B8684BFFF766
:10FB7800D7BB4FF48063FFF7B2B8830860E50A2368
:10FB8800B2FBF3F20DE4ED09002D3EF49BAFFFF755
:10FB98007ABA4009FFF77FB90C23B5FBF3F5FFF7F5
:10FBA80072BA4FF40010002192E45A4800218FE401
:10FBB8004008D1E44FF48065FFF765BA534DFFF76D
:10FBC80062BA4FF22443FFF78AB8000947E4C00835
:10FBD800F2E4514B1146A5E64FF48050FFF7ACBA5A
:10FBE8003A4BFFF79DBB0009FFF76BBB8009FFF796
:10FBF80052B98009FFF722B9890902E44FF400736A
:10FC0800FFF76DB84FF40075FFF73DBA3A4BFFF7B1
:10FC180087BB2F4BFFF784BB4048002158E480087E
:10FC28009AE44009FFF74DBB400918E40A22002373
:10FC3800F0F7F2FCC0E42D09FFF725BA3848002197
:10FC480046E44FF22445FFF71EBA364B6AE64FF4F6
:10FC58000060FFF771BA00230622F0F7DDFC0346C7
:10FC6800EEE40C23B2FBF3F2FFF79BBB1209FFF79C
:10FC780098BB2D4B56E64FF48060FFF75DBA8009BC
:10FC8800FFF71FBBC009FFF706B947F61223FFF7B6
:10FC980026B847F61225FFF7F6B96D09FFF7F3B94D
:10FCA8002248002114E4194BFFF73ABBC009FFF7BB
:10FCB800C5B8C909FFF7A5BB0C220023F0F7ACFCB7
:10FCC8007AE400BF54581400ABAAAAAA20A10700DE
:10FCD800AAC2A200801A06000048E80140420F00AC
:10FCE80000127A001516050054854501000090D0D1
:10FCF80000350C0000A8610090D003000080841E2D
:10FD08000024F4002A2C0A005561510048E801003B
:10FD18000050C3000040420F000048E8002A2C0AA7
:10FD280000551500000024F400AAC2A20020A10773
:10FD380006220023F0F770FC0EE4C30880E44FF4B9
:10FD48008073FEF7CCBF4FF48075FFF79CB980092C
:10FD5800FFF785BB4FF480100021FFF7B9BB53486C
:10FD68000021FFF7B5BB00230A22F0F755FC034634
:10FD780066E4C009FFF773BB4FF400200021FFF7CA
:10FD8800A7BB4B480021FFF7A3BB0A220023F0F7CB
:10FD980043FCFFF7E1BB5209FFF703BBC009FFF7BC
:10FDA80090BA4FF40070FFF7C7B9424BBAE5424B1F
:10FDB800B8E590090021FFF7FFBB4009FFF7FCBB3E
:10FDC8003E480021FFF784BB3D480021FFF780BB78
:10FDD800030935E400230C22F0F71EFC03462FE448
:10FDE8000009FFF7E9BBC008FFF7B6BB4FF2244391
:10FDF800FFF796BAAD09FFF746B932480021FFF779
:10FE080067BBED09FFF73FB9D209FFF7CABA9209F4
:10FE1800FFF7C7BA2C480021FFF75ABB2B4B00212C
:10FE280080E54FF400300021FFF752BB4FF48020EB
:10FE38000021FFF74DBB264B74E5264B72E5264B98
:10FE480000216FE5254B00216CE54FF4803000213F
:10FE5800FFF73EBBD0090021FFF7AEBB83090021A5
:10FE6800FFF7EEBB4309FFF7EBBBC0090021FFF723
:10FE780073BB80090021FFF76FBB19480021FFF70A
:10FE880027BB18480021FFF723BB0C220023F0F7FB
:10FE9800C3FBFFF761BBC3090021FFF7D1BB4009D2
:10FEA8000021FFF759BB0009FFF756BB00CC0C0037
:10FEB80000AA0A000000A8610000127A0090D0038E
:10FEC8000015160500801A0600127A000020A10706
:10FED8000000093D005561510040420F0080841E1A
:10FEE8000024F4000048E801836ADA0710B406D554
:10FEF8000168C46A4A6822F4003222434A609C07B7
:10FF080006D50168046B4A6822F4803222434A60AD
:10FF1800590706D50168446B4A6822F480222243B7
:10FF28004A601A0706D50168846B4A6822F40042C1
:10FF380022434A60DC0606D50168C46B8A6822F44D
:10FF4800805222438A60990606D50168046C8A6843
:10FF580022F4005222438A605A060AD50168446C8A
:10FF68004A68B4F5801F22F4801242EA04024A600B
:10FF78000BD01B0606D50268C16C536823F4002316
:10FF88000B4353605DF8044B70474A68846C22F455
:10FF9800C00222434A60ECE7002370B50446C0F86B
:10FFA8008830F5F77FF9054623681A6811070CD4DD
:10FFB8001A68520725D420220023C4F88020184646
:10FFC800C4F8842084F87C3070BDDE6916F400160D
:10FFD800EED1F5F767F9431BB3F1007F2368F4D33B
:10FFE8001A682021032022F4D0721A609A6822F03D
:08FFF80001029A60C4F88010B8
:020000040801F1
:1000000084F87C60C4F8841070BDDE6916F4800644
:10001000D5D1F5F74BF9431BB3F1007F2368F4D337
:10002000E2E700BF80B3D0F8803010B5044633B3A8
:10003000226824232046C4F88030136823F001038B
:100040001360FEF7F9FC012817D0A36A8BB9236867
:1000500020465A6822F490425A609A6822F02A0296
:100060009A601A6842F00102BDE810401A60FFF77A
:1000700097BF2046FFF73CFFE9E7012010BD80F85D
:100080007C30FDF77BFBD3E701207047704700BF52
:10009000704700BF704700BF0B460146184600F08E
:1000A000B5BA00F000B800F0FBB900000000000095
:1000B00030B510EE104AC4F30A53B3F57D7FB7EEA6
:1000C000C06A83B01BD226EE065BB3F5667F6CD3A5
:1000D00026EE052B25EE021B6D4B93ED1A3B93ED9F
:1000E000187B93ED164BA5EE037BA2EE046BB0EEEE
:1000F000460BA7EE010BB7EEC00B03B030BD40F2CC
:100100002E42934259D8624A92ED087B26EE077B35
:10011000FDEEC77B92ED0A5B17EE903A03F5000304
:100120001B169C0707EE903A54BF114602F170016E
:10013000D807B8EEE77BA7EE456B26EE067B1DD40D
:1001400003F0030302EBC30291ED185B92ED000B89
:1001500091ED1A3B26EE000BB0EE456B91ED164B80
:10016000A7EE036B20EE075B27EE057BA5EE040BE5
:10017000A6EE070BB7EEC00B03B030BD91ED142B0C
:1001800027EE075B91ED126B91ED0E3BA7EE026B34
:1001900091ED0C0B91ED104BA7EE030B27EE057BB9
:1001A000A5EE040BA6EE070BE4E714F0FF4F04BF27
:1001B000B7EEC55B8DED015ADEE7B3F5FF6F47D2B1
:1001C000344BC4F3836203EB820153F82220C4F35F
:1001D0001603C4F3C25043F400038340086A09695C
:1001E000A3FB005003FB02F2E3FB010202F100510A
:1001F0008D0F01F04041511AF0F7E4F905EBD4748A
:100200009FED216B41EC170BA10754BF204B224BF4
:1002100027EE067BEA0727EE076B1ED41C4A02EB8B
:10022000C40293ED185B93ED1A3B92ED000B93ED36
:10023000164B27EE000BB0EE457B20EE065BA6EEDC
:10024000037BA5EE040B26EE056BA7EE060B91E7EC
:1002500003B0BDE8304000F00BB993ED142B26EE4F
:10026000065B93ED127B93ED0E3BA6EE027B93EDC6
:100270000C0B93ED104BA6EE030B26EE056BA5EED3
:10028000040BA7EE060B75E7182D4454FB21193C0F
:10029000E81A0108881A0108581B0108000000002C
:1002A00038B510EE104AC4F30A53B3F57D7FB7EEAC
:1002B000C07A1ED227EE077BB3F5667F6ED327EE9A
:1002C000071B614B93ED142B93ED125B93ED0E3BEB
:1002D000A7EE025B93ED0C6B93ED104BA7EE036B57
:1002E00027EE017BA1EE046BA5EE076BB7EEC60B04
:1002F00038BD40F22E42934253D8534A92ED086BD8
:1003000027EE066BFDEEC66B92ED0A5B16EE903A99
:1003100003F500031B169C0706EE903A54BF1146E6
:1003200002F17001D807B8EEE66BA6EE457B27EE2A
:10033000076B1CD503F0030302EBC30292ED000B25
:1003400091ED1A3B91ED185B91ED164B27EE000BEA
:10035000B0EE457B20EE065BA6EE037BA5EE040B1C
:1003600026EE056BA7EE060BB7EEC00B38BD91ED80
:10037000142B91ED127B91ED0E3B91ED0C0B91ED59
:10038000104B26EE065BA6EE027BA6EE030B26EED6
:10039000056BA5EE040BA7EE060BE5E7B7EE000A2A
:1003A00038BDB3F5FF6F3BD2284BC4F3836203EB38
:1003B000820153F82220C4F31603C4F3C25043F45D
:1003C00000038340086A0969A3FB005003FB02F2A3
:1003D000E3FB010202F100518D0F01F04041511A7F
:1003E000F0F7F0F805EBD4749FED156B41EC170BAB
:1003F000A10754BF144B164B27EE067BEA0727EEE6
:10040000076B11D5104A04F0030402EBC40292ED0D
:10041000000B93ED1A3B93ED185B93ED164B95E7AC
:10042000BDE8384000F024B893ED142B93ED127B17
:1004300093ED0E3B93ED0C0B93ED104BA1E700BF3A
:10044000182D4454FB21193CE81A0108881A0108A8
:10045000581B010810B52DED028BB0EE408A044602
:1004600000F0FAF8B0EE480ABDEC028B046010BD53
:10047000F0EE407A30EE407AF4EE677AF1EE10FA60
:1004800087EE070A02D62120FFF7E4BF704700BFBE
:10049000024B0146186800F02DB800BF8403002409
:1004A000024B0146186800F06BB900BF84030024BA
:1004B00070B50F4E0C463168054611B900F0BCF816
:1004C00030602146284600F0B7F8431C03D14FF0B6
:1004D000FF34204670BDC41C24F00304A042F8D0B1
:1004E000211A284600F0A8F80130F2D1EFE700BF4A
:1004F000203300242DE9F843CD1C25F003050835F1
:100500000C2D38BF0C25002D064601DBA94204D96D
:100510000C2333600020BDE8F883DFF8D48000F0BE
:1005200069F8D8F800301C4644BB29463046FFF72E
:10053000BFFF431C044658D1D8F800402746002F7F
:1005400043D1002C4BD023683946304604EB0309D5
:1005500000F072F8814542D121686D1A2946304673
:10056000FFF7A6FF01303AD023682B442360D8F868
:1005700000305A6862BBC8F800700FE02268521B56
:1005800020D40B2A17D96119A342256018BF5960DE
:10059000636808BFC8F8001062514B60304600F035
:1005A0002FF804F10B00231D20F00700C21A1CBF16
:1005B0001B1AA350AFE76268A3420CBFC8F8002023
:1005C0005A60EBE723466468AEE73C467F68B6E7CF
:1005D0001A465B68A342FBD100235360DEE70C237D
:1005E0003360304600F00CF894E70560D6E700BFB2
:1005F00024330024014800F059B800BF64340024BB
:10060000014800F054B800BF6434002410B504461B
:100610000448134620B10A460220214600F056F84D
:1006200010BD00BFCD06010802440346934200D12D
:10063000704703F8011BF9E738B5064D002304465F
:1006400008462B6000F044FA431C02D12B6803B12A
:10065000236038BD60340024014B1868704700BF28
:100660008403002470B50D4B0D4D5B1B9C100026C0
:10067000A64209D101F0AAFA0A4D0B4B5B1B9C1054
:100680000026A64205D170BD55F8043B98470136B7
:10069000EEE755F8043B98470136F2E7EC1B0108FA
:1006A000EC1B0108EC1B0108101C01087047704787
:1006B0000A44914200F1FF3300D1704710B511F8A0
:1006C000014B03F8014F9142F9D110BD2DE9F047DC
:1006D000264E07463068924688469946FFF7E6FF61
:1006E000234A15683DB9234B1360234A12B112689F
:1006F000C3F888201F4D6C681F2C06DD3068FFF79B
:10070000D6FF4FF0FF30BDE8F0872FB3D5F8880053
:1007100068B91A4B002BF1D04FF48470FFF7B8FE84
:100720000028EBD00023C0E94033C5F888006C688E
:1007300040F824A00122D0F80031A24000EB84014F
:100740001343C0F80031022FC1F8809002BFD0F8E7
:1007500004311343C0F80431631C023430686B6009
:1007600045F82480FFF7A3FF0020CCE7D403002442
:10077000F434002468340024C81B010891040108E3
:1007800038B50546002941D051F8043C0C1F002B18
:10079000B8BFE418FFF72EFF1D4A136833B9636032
:1007A00014602846BDE83840FFF72ABFA34208D9A5
:1007B000206821188B4201BF19685B680918216005
:1007C000EDE71A465B680BB1A342FAD911685018DD
:1007D000A0420BD120680144501883421160E0D13F
:1007E00018685B68536008441060DAE702D90C238C
:1007F0002B60D6E7206821188B4204BF19685B681C
:10080000636004BF091821605460CAE738BD00BFA7
:10081000243300242DE9F0478C468E46089E154669
:1008200004461946002B40F0D080724547D9B2FAF1
:1008300082F74FB1C7F120030EFA07FC20FA03F349
:10084000BD4043EA0C0CBC404FEA154EA8B2BCFBBD
:10085000FEF8230C0EFB18CC08FB00F943EA0C430E
:10086000994528D9EB1808F1FF3204D2994502D9ED
:10087000A8F102022B44A3EB0903A4B2B3FBFEFCD4
:100880000EFB1C330CFB00F044EA0344A04214D9D5
:100890002C190CF1FF3304D2A04202D9ACF10203AF
:1008A0002C44241A43EA02401EB1FC400023346069
:1008B0007360BDE8F0874246DDE76346F1E7002A52
:1008C00079D0B2FA82F3002B3FD01946C1F1200350
:1008D00002FA01F52EFA03F20EFA01FE20FA03F3F2
:1008E00043EA0E034FEA154E00FA01F4B2FBFEFC98
:1008F000AFB20EFB1C201A0C0CFB07F842EA0042B8
:1009000090455AD9AA180CF1FF3004D2904502D96B
:10091000ACF102002A44A2EB08029BB2B2FBFEFC3F
:100920000EFB1C220CFB07F743EA02439F4246D909
:10093000EB180CF1FF3204D29F4202D9ACF1020253
:100940002B44DB1B42EA004202E0AEEB0203012231
:100950004FEA154EAFB2B3FBFEFC200C0EFB1C336E
:100960000CFB07F840EA034398452AD9EB180CF131
:10097000FF3004D2984502D9ACF102002B44A3EB1E
:100980000803A4B2B3FBFEFC0EFB1C330CFB07F701
:1009900044EA0344A74216D92C190CF1FF3304D2C0
:1009A000A74202D9ACF102032C44E41B43EA004005
:1009B0000F46114678E71F2188E76046ABE762469D
:1009C000BFE76046DBE76346EFE7734506D916B934
:1009D000002108466DE7C6E9000EF9E7B3FA83F790
:1009E00087B9734501D3824207D8841A6EEB03039B
:1009F00001209C461EB900215BE73846FAE7C6E9AC
:100A0000004CF8E7C7F1200CBB4022FA0CF51D435F
:100A100020FA0CF12EFA0CF30EFA07FE41EA0E0151
:100A20004FEA154900FA07F4B3FBF9F81FFA85FEFF
:100A300009FB18300B0C08FB0EFA43EA00439A45F9
:100A400002FA07F240D9EB1808F1FF3004D29A45B8
:100A500002D9A8F102002B44A3EB0A0389B2B3FB2D
:100A6000F9F809FB183308FB0EFE41EA03418E45F5
:100A70002CD9691808F1FF3304D28E4502D9A8F1A8
:100A80000203294443EA0040A0FB0298A1EB0E01B7
:100A90004145CE46434602D306D14C4504D2B9EB7C
:100AA000020E68EB05030138002EA4D0B4EB0E0251
:100AB00061EB030101FA0CFC22FA07F34CEA030391
:100AC000F940C6E9003196E74046C5E74346D9E715
:100AD000044A05491368002B08BF0B4618441060F0
:100AE00018467047003600240436002400540040A5
:100AF00000580040005C0040001C0058000000400E
:100B00000004004000080040000C004025002600C2
:100B10002700340035004700520053008E000000CB
:100B200054657374696E672E202E202E000000001D
:100B300044616973792E202E202E0000312E202E44
:100B4000202E0000322E202E202E0000332E202EAC
:100B5000202E00000000000000000000F506000844
:100B600001070008F9060008FD060008E506000870
:100B7000650B0008950B0008E9140008810C0008BB
:100B8000A107000859090008B5100008110700085E
:100B9000010C020B020A020902080302020C060AF7
:100BA000060B010401050108010901060107020005
:100BB0000003010100070006020102040005000411
:100BC00000010000030B06090002010E010F0202E2
:100BD000020300000002030000000000010000000A
:100BE000000000000000FA4500007A460000FA46C6
:100BF00000803B470080BB47003001400038004088
:100C0000003C0040003401400050014000140058F6
:100C10000000000400000000000000200B00FF00A6
:100C2000940000247C000024880000244C00002450
:100C3000B8000024A0000024AC00002458000024C8
:100C4000DC000024C4000024D00000246400002440
:100C5000401B0024281B0024341B0024101B0024EC
:100C6000641B00244C1B0024581B00241C1B002464
:100C700000010024E8000024F40000247000002497
:100C80000000000001020304010203040607080932
:100C9000000201020002010201000200040008003B
:100CA0001000200040008000000100020004000845
:100CB000001000200040008000000258000402588C
:100CC00000080258000C0258001002580014025884
:100CD00000180258001C0258002002580024025834
:100CE0000028025800000000000000000000000082
:100CF00000000000000000000000000000000000F4
:100D00000000000000000000000000000000000CD7
:100D1000000C000C000C000C000C000C000C000C73
:100D2000000C000C0000000C000C00000000000093
:100D30000000001B001B001B001B001B000000002C
:100D400000000000000000000000000000000000A3
:100D50000000000000008019801980198019C07FF0
:100D6000C07F80190033C07FC07F00330033003361
:100D700000330000000000000000001E003F8075EE
:100D800080650074003C001E00078005806580655A
:100D90008075003F001E0004000400000000007089
:100DA00000D840D8C0D880D900730006000C801B42
:100DB000C036C066C046C0068003000000000000C8
:100DC0000000001E003F003300330033001E000C03
:100DD000C03CC066806380618063C03E801C0000B0
:100DE000000000000000000C000C000C000C000CC7
:100DF00000000000000000000000000000000000F3
:100E00000000000000000000800000010003000658
:100E100000060004000C000C000C000C000C000C80
:100E200000040006000600030001800000200010FE
:100E30000018000C000C0004000600060006000666
:100E4000000600060004000C000C00180010002032
:100E50000000000C002D003F001E003300000000C9
:100E60000000000000000000000000000000000082
:100E700000000000000000000000000C000C000C4E
:100E8000000CC0FFC0FF000C000C000C000C0000A8
:100E90000000000000000000000000000000000052
:100EA0000000000000000000000000000000000042
:100EB0000000000C000C000400040008000000000A
:100EC0000000000000000000000000000000001E04
:100ED000001E0000000000000000000000000000F4
:100EE0000000000000000000000000000000000002
:100EF00000000000000000000000000C000C0000DA
:100F000000000000000000030003000300060006CC
:100F100000060006000C000C000C000C0018001865
:100F200000180000000000000000001E003F003319
:100F3000806180618061806D806D80618061806191
:100F40000033003F001E000000000000000000060B
:100F5000000E001E003600260006000600060006F1
:100F60000006000600060006000600000000000063
:100F70000000001E003F80738061806180010003DB
:100F80000006000C001800300060807F807F0000A9
:100F9000000000000000001C003E0063006300032E
:100FA000000E000E00038001800180618073003F0D
:100FB000001E00000000000000000006000E000EF1
:100FC000001E001E0016003600360066807F807FFF
:100FD0000006000600060000000000000000007F80
:100FE000007F006000600060006E007F8063800111
:100FF000800180618073003F001E0000000000003F
:101000000000001E003F803380610060006E007FA2
:1010100080738061806180618033003F001E00002A
:10102000000000000000807F807F8001000300033B
:1010300000060006000C000C000C00080018001848
:1010400000180000000000000000001E003F806348
:10105000806180610021001E003F806180618061AD
:101060008061003F001E0000000000000000001E24
:10107000003F00738061806180618073803F801DCC
:10108000800180610073003F001E0000000000002E
:1010900000000000000000000000000C000C000038
:1010A00000000000000000000000000C000C000028
:1010B0000000000000000000000000000000000030
:1010C000000C000C00000000000000000000000CFC
:1010D000000C0004000400080000000000000000F4
:1010E00080008003000E003800600038000E80038E
:1010F0008000000000000000000000000000000070
:10110000000000000000807F807F00000000807FE2
:10111000807F0000000000000000000000000000D0
:10112000000000000000000000400070001C0007EC
:1011300080010007001C007000400000000000005B
:10114000000000000000001F803FC071C060C000B0
:10115000C00180030007000E000C000C0000000C12
:10116000000C0000000000000000001E003F803165
:1011700080718063806F806D806D806F806700609C
:101180000032003E001C0000000000000000000EC5
:10119000000E001B001B001B001B80318031803FB4
:1011A000803F8031C060C060C0600000000000006F
:1011B0000000007C007E0063006300630063007E2B
:1011C000007E0063806180618063007F007E00009C
:1011D000000000000000001E003F803180610060C0
:1011E0000060006000600060006080618031003F4E
:1011F000001E0000000000000000007C007F006373
:101200008063806180618061806180618061006352
:101210000063007E007C0000000000000000807F72
:10122000807F0060006000600060007F007F0060E1
:10123000006000600060807F807F00000000000090
:101240000000807F807F0060006000600060007FA1
:10125000007F0060006000600060006000600000CF
:10126000000000000000001E003F8031806100602F
:101270000060006080638063806180618031803FB6
:10128000001E00000000000000008061806180619D
:10129000806180618061807F807F8061806180610A
:1012A0008061806180610000000000000000003F5C
:1012B000003F000C000C000C000C000C000C000C9B
:1012C000000C000C000C003F003F0000000000007C
:1012D0000000800180018001800180018001800187
:1012E00080018001806180618073003F001E0000EA
:1012F000000000000000C0608061006300660066BE
:10130000006C0078007C006600660063806180618C
:10131000C06000000000000000000060006000608D
:1013200000600060006000600060006000600060BD
:101330000060807F807F0000000000000000C0711E
:10134000C071C07BC07AC06AC06AC06EC064C06031
:10135000C060C060C060C060C060000000000000ED
:10136000000080718071807980798079806D806DD6
:10137000806D806580678067806780638063000020
:10138000000000000000001E003F0033806180610B
:101390008061806180618061806180610033003F95
:1013A000001E0000000000000000007E007F80633F
:1013B0008061806180618063007F007E00600060EA
:1013C0000060006000600000000000000000001EDF
:1013D000003F003380618061806180618061806155
:1013E000806580670033803F401E000000000000E1
:1013F0000000007E007F8063806180618063007FE9
:10140000007E00660063006380618061C060000050
:10141000000000000000000E001F8031803100300D
:101420000038001E00078003806180618031003F2A
:10143000001E0000000000000000C0FFC0FF000C04
:10144000000C000C000C000C000C000C000C000C3C
:10145000000C000C000C0000000000000000806187
:101460008061806180618061806180618061806174
:10147000806180618073003F001E0000000000005A
:101480000000C060C060C060803180318031001BCE
:10149000001B001B001B000E000E000E00040000CD
:1014A000000000000000C0C0C0C0C0C0C0C0C0C0BC
:1014B000C0CC804C804C805E8052805280738061B2
:1014C00080610000000000000000C0C080608061FA
:1014D0000033003B001E000C000C001E001F003BF0
:1014E00080718061C0C00000000000000000C0C02A
:1014F0008061806100330033001E001E000C000C70
:10150000000C000C000C000C000C0000000000009F
:101510000000803F803F8001000300030006000CB4
:10152000000C0018001800300060807F807F0000F1
:1015300000000000000F000F000C000C000C000C5D
:10154000000C000C000C000C000C000C000C000C3B
:10155000000C000C000F000F00000018001800180D
:10156000000C000C000C000C000600060006000633
:10157000000300030003000000000000001E001E26
:10158000000600060006000600060006000600062B
:10159000000600060006000600060006001E001EEB
:1015A0000000000C000C001E0012003300338061AC
:1015B000806100000000000000000000000000004A
:1015C000000000000000000000000000000000001B
:1015D000000000000000000000000000000000000B
:1015E00000000000E0FF0000000000380018000CC0
:1015F00000000000000000000000000000000000EB
:1016000000000000000000000000000000000000DA
:10161000000000000000001F803F80618001801FEB
:10162000803F80618063807FC03800000000000040
:1016300000000060006000600060006E007F80734A
:1016400080618061806180618073007F006E000036
:101650000000000000000000000000000000001E6C
:10166000003F807380610060006080618073003F94
:10167000001E0000000000000000800180018001C9
:101680008001801D803F8073806180618061806106
:101690008073803F801D00000000000000000000FB
:1016A000000000000000001E003F00738061807F8A
:1016B000807F00608071003F001E0000000000007D
:1016C0000000C007C00F000C000C807F807F000C62
:1016D000000C000C000C000C000C000C000C0000B6
:1016E000000000000000000000000000801D803F9E
:1016F000807380618061806180618073803F801D24
:1017000080018063007F003E000000600060006098
:101710000060006F807F8071806180618061806186
:101720008061806180610000000000000000000610
:10173000000600000000003E003E00060006000615
:10174000000600060006000600060000000000007B
:101750000006000600000000003E003E00060006F5
:101760000006000600060006000600060006004609
:10177000007E003C0000006000600060006080614E
:1017800000630066006C007C00760063006380618B
:10179000C0600000000000000000003E003E0006A7
:1017A0000006000600060006000600060006000609
:1017B0000006000600060000000000000000000017
:1017C00000000000000080DDC0FFC0CEC0CCC0CC57
:1017D000C0CCC0CCC0CCC0CCC0CC0000000000004D
:1017E00000000000000000000000006F807F80719A
:1017F00080618061806180618061806180610000C2
:101800000000000000000000000000000000001EBA
:10181000003F807380618061806180618073003FE0
:10182000001E00000000000000000000000000009A
:10183000006E007F80738061806180618061807351
:10184000007F006E0060006000600060000000002B
:1018500000000000801D803F807380618061806196
:1018600080618073803F801D800180018001800144
:10187000000000000000000000000067803F003909
:101880000030003000300030003000300030000008
:101890000000000000000000000000000000001E2A
:1018A000803F80610060007F803F80018061007F19
:1018B000001E0000000000000000000000080018EA
:1018C0000018007F007F001800180018001800188A
:1018D0000018801F800F00000000000000000000C2
:1018E0000000000000008061806180618061806193
:1018F000806180618063807F803D00000000000087
:1019000000000000000000000000C0608031803155
:101910008031001B001B001B000E000E00060000A3
:10192000000000000000000000000000000080DD5A
:1019300080DD80DD005500550055007700770022DE
:101940000022000000000000000000000000000075
:101950000000806100330033001E000C000C001EEC
:101960000033003380610000000000000000000030
:101970000000000080618061803100330033001B73
:10198000001B001B000E000E000E001C007C0070EF
:1019900000000000000000000000C07FC07F800148
:1019A00000030006000C00180030C07FC07F00005C
:1019B0000000000080038007000600060006000605
:1019C0000006000E001C001C000E000600060006AB
:1019D00000060006800780030006000600060006D9
:1019E00000060006000600060006000600060006C7
:1019F0000006000600060006000600060038003C4F
:101A0000000C000C000C000C000C000E000700077E
:101A1000000E000C000C000C000C000C003C003808
:101A200000000000000000000000000000008038FE
:101A3000807F004700000000000000000000000060
:101A400000000000000610160006101601808080BD
:101A5000808080800480808080808080088080807A
:101A60008080808010808080808080802080808046
:101A700080808080400000000004081020400000AA
:101A80000204081020400000A2000000F9A200009B
:101A900083F9A2006E83F9A24E6E83F9444E6E83E1
:101AA00015444E6E2915444EFC29154427FC291572
:101AB0005727FC29D15727FCF5D1572734F5D157A3
:101AC000DD34F5D1C0DD34F5DBC0DD3462DBC0DDF3
:101AD0009562DBC0999562DB3C999562433C999590
:101AE00090433C994190433C000000000000F03FCF
:101AF000000000000000F0BF000000000000F0BF88
:101B0000000000000000F03F83C8C96D305F6441F1
:101B1000182D4454FB21F93F000000000000F03F65
:101B20001C620CFDFFFFDFBF198F06E15355A53F77
:101B30009D359AE887C056BFC3F87B024393F93EB0
:101B400003A695595455C5BFC40B23057610813F94
:101B500024CF7437EB9429BF000000000000F03F51
:101B6000000000000000F0BF000000000000F0BF17
:101B7000000000000000F03F83C8C96D305F644181
:101B8000182D4454FB21F93F000000000000F0BF75
:101B90001C620CFDFFFFDF3F198F06E15355A5BF07
:101BA0009D359AE887C0563FC3F87B024393F9BE40
:101BB00003A695595455C5BFC40B23057610813F24
:101BC00024CF7437EB9429BFF8340024F8B500BF54
:101BD000F8BC08BC9E467047F8B500BFF8BC08BC0E
:041BE0009E46704766
:081BE400B4E6FE7F01000000E1
:101BEC0079060008611E0008CD2600081D2F00088C
:101BFC004535000825470008E54D0008A5D100082B
:041C0C0009DE0008E5
:041C1000550600086D
:101C140000000000100000000000000000000000B0
:101C240000000000000000000000000010000000A0
:101C340000000000000000000000000000000000A0
:101C44000000000010000000000000000000000080
:101C5400000000000000000000000000060A05006B
:101C64000405000000000000010C0501040701093F
:101C74000500000000040600000000000000000051
:101C8400000408000000000000000000010405003A
:101C9400060506090500000001050500070500000A
:101CA40000000000060B0500050500000000000010
:101CB400010E0502020500000000000002010501FA
:101CC4000F050203050000000303050000000000E7
:101CD40000000000020B06010406000000000000E2
:101CE400020C06010507000000000000020A0600BD
:101CF40000000000000000000104080006080000C5
:101D040000000000010508000708000000000000B2
:101D140000050800000000000000000000000000B2
:101D240000000000000000000000000000000000AF
:101D3400000000000100000000000000000000009E
:101D4400000000000000000000000000000000008F
:101D5400010000000000000000000000000000007E
:101D6400000000000000000000000000010000006E
:101D7400000000000000000000000000000000005F
:101D84000000000000000000010000000090D003EB
:101D94000090D0030B120000E80C010801000000C1
:101DA400100000000000000000000000000000001F
:101DB400000000000000000000000000010000001E
:101DC400000000000000000000000000000000000F
:101DD40000000000000000000100000000000000FE
:101DE40000000000000000000000000000000000EF
:101DF40000000000010000000000000000000000DE
:101E040000000000000000000000000000000000CE
:101E140001000000000000000000000000000000BD
:101E240000000000000000000000000001000000AD
:101E3400000000000000000000000000000000009E
:101E4400000000000000000001000000000000008D
:101E5400000000000000000000000000000000007E
:101E6400000000000100000000000000000000006D
:101E7400000000000000000000000000000000005E
:101E8400010000000000000000000000000000004D
:101E9400000000000000000000000000010000003D
:101EA400010708000000000000000000010608000F
:101EB40000000000000000000B00FF003C030024B1
:101EC4003003002454030024480300246C0300243A
:101ED4006003002400030024F402002418030024F7
:101EE4000C03002414330024780300242403002466
:101EF400F032002408330024FC3200249C02002425
:101F040090020024010808020B08000108000000E8
:101F1400010908020A08000008000000010C0E0371
:101F2400020801050E000000020C0801060E000064
:101F34000000000001040B0000000000000000008D
:101F4400010707010F04000000000000010607015B
:101F54000E04000000000000000307000000000061
:101F64000000000000020700000000000000000064
:101F7400020B07000000000000000000020A070036
:101F84000000000000000000060907000000000037
:101F9400000000008803002400000000283300240F
:101FA40090330024F83300240000000000000000F7
:101FB400000000000000000000000000000000001D
:101FC400000000000000000000000000000000000D
:101FD40000000000000000000000000000000000FD
:081FE400000000006534002438
:040000050800069950
:00000001FF
