ARM GAS  C:\Users\22bur\AppData\Local\Temp\ccVzMWQh.s 			page 1


   1              		.cpu cortex-m7
   2              		.eabi_attribute 28, 1
   3              		.eabi_attribute 20, 1
   4              		.eabi_attribute 21, 1
   5              		.eabi_attribute 23, 3
   6              		.eabi_attribute 24, 1
   7              		.eabi_attribute 25, 1
   8              		.eabi_attribute 26, 1
   9              		.eabi_attribute 30, 2
  10              		.eabi_attribute 34, 1
  11              		.eabi_attribute 18, 4
  12              		.file	"main.cpp"
  13              		.text
  14              	.Ltext0:
  15              		.cfi_sections	.debug_frame
  16              		.section	.text._ZN5daisy9DaisySeedD2Ev,"axG",%progbits,_ZN5daisy9DaisySeedD5Ev,comdat
  17              		.align	1
  18              		.p2align 2,,3
  19              		.weak	_ZN5daisy9DaisySeedD2Ev
  20              		.arch armv7e-m
  21              		.syntax unified
  22              		.thumb
  23              		.thumb_func
  24              		.fpu fpv5-d16
  26              	_ZN5daisy9DaisySeedD2Ev:
  27              	.LVL0:
  28              	.LFB4676:
  29              		.file 1 "../DaisyExamples/libDaisy/src/daisy_seed.h"
   1:../DaisyExamples/libDaisy/src/daisy_seed.h **** #pragma once
   2:../DaisyExamples/libDaisy/src/daisy_seed.h **** #ifndef DSY_SEED_H
   3:../DaisyExamples/libDaisy/src/daisy_seed.h **** #define DSY_SEED_H
   4:../DaisyExamples/libDaisy/src/daisy_seed.h **** 
   5:../DaisyExamples/libDaisy/src/daisy_seed.h **** #include "daisy.h"
   6:../DaisyExamples/libDaisy/src/daisy_seed.h **** 
   7:../DaisyExamples/libDaisy/src/daisy_seed.h **** //Uncomment this out if you're still using the rev2 hardware
   8:../DaisyExamples/libDaisy/src/daisy_seed.h **** //#define SEED_REV2
   9:../DaisyExamples/libDaisy/src/daisy_seed.h **** 
  10:../DaisyExamples/libDaisy/src/daisy_seed.h **** namespace daisy
  11:../DaisyExamples/libDaisy/src/daisy_seed.h **** {
  12:../DaisyExamples/libDaisy/src/daisy_seed.h **** /**
  13:../DaisyExamples/libDaisy/src/daisy_seed.h ****    @brief This is the higher-level interface for the Daisy board. \n 
  14:../DaisyExamples/libDaisy/src/daisy_seed.h ****     All basic peripheral configuration/initialization is setup here. \n
  15:../DaisyExamples/libDaisy/src/daisy_seed.h **** 
  16:../DaisyExamples/libDaisy/src/daisy_seed.h ****    @ingroup boards
  17:../DaisyExamples/libDaisy/src/daisy_seed.h **** */
  18:../DaisyExamples/libDaisy/src/daisy_seed.h **** class DaisySeed
  19:../DaisyExamples/libDaisy/src/daisy_seed.h **** {
  20:../DaisyExamples/libDaisy/src/daisy_seed.h ****   public:
  21:../DaisyExamples/libDaisy/src/daisy_seed.h ****     DaisySeed() {}
  22:../DaisyExamples/libDaisy/src/daisy_seed.h ****     ~DaisySeed() {}
  30              		.loc 1 22 5 view -0
  31              		.cfi_startproc
  32              		@ args = 0, pretend = 0, frame = 0
  33              		@ frame_needed = 0, uses_anonymous_args = 0
  34              		@ link register save eliminated.
  35              	.LBB265:
  36              	.LBI265:
ARM GAS  C:\Users\22bur\AppData\Local\Temp\ccVzMWQh.s 			page 2


  37              		.file 2 "../DaisyExamples/libDaisy/src/sys/system.h"
   1:../DaisyExamples/libDaisy/src/sys/system.h **** #ifndef DSY_SYSTEM_H
   2:../DaisyExamples/libDaisy/src/sys/system.h **** #define DSY_SYSTEM_H
   3:../DaisyExamples/libDaisy/src/sys/system.h **** 
   4:../DaisyExamples/libDaisy/src/sys/system.h **** #ifndef UNIT_TEST // for unit tests, a dummy implementation is provided below
   5:../DaisyExamples/libDaisy/src/sys/system.h **** 
   6:../DaisyExamples/libDaisy/src/sys/system.h **** #include <cstdint>
   7:../DaisyExamples/libDaisy/src/sys/system.h **** #include "per/tim.h"
   8:../DaisyExamples/libDaisy/src/sys/system.h **** 
   9:../DaisyExamples/libDaisy/src/sys/system.h **** namespace daisy
  10:../DaisyExamples/libDaisy/src/sys/system.h **** {
  11:../DaisyExamples/libDaisy/src/sys/system.h **** /** A handle for interacting with the Core System.
  12:../DaisyExamples/libDaisy/src/sys/system.h ****  ** This includes the Clock tree, MPU, global DMA initialization,
  13:../DaisyExamples/libDaisy/src/sys/system.h ****  ** cache handling, and any other necessary global initiailzation
  14:../DaisyExamples/libDaisy/src/sys/system.h ****  **
  15:../DaisyExamples/libDaisy/src/sys/system.h ****  ** @author shensley
  16:../DaisyExamples/libDaisy/src/sys/system.h ****  ** @ingroup system
  17:../DaisyExamples/libDaisy/src/sys/system.h ****  */
  18:../DaisyExamples/libDaisy/src/sys/system.h **** class System
  19:../DaisyExamples/libDaisy/src/sys/system.h **** {
  20:../DaisyExamples/libDaisy/src/sys/system.h ****   public:
  21:../DaisyExamples/libDaisy/src/sys/system.h ****     /** Contains settings for initializing the System */
  22:../DaisyExamples/libDaisy/src/sys/system.h ****     struct Config
  23:../DaisyExamples/libDaisy/src/sys/system.h ****     {
  24:../DaisyExamples/libDaisy/src/sys/system.h ****         /** Specifies the system clock frequency that feeds APB/AHB clocks, etc. */
  25:../DaisyExamples/libDaisy/src/sys/system.h ****         enum class SysClkFreq
  26:../DaisyExamples/libDaisy/src/sys/system.h ****         {
  27:../DaisyExamples/libDaisy/src/sys/system.h ****             FREQ_400MHZ,
  28:../DaisyExamples/libDaisy/src/sys/system.h ****             FREQ_480MHZ,
  29:../DaisyExamples/libDaisy/src/sys/system.h ****         };
  30:../DaisyExamples/libDaisy/src/sys/system.h **** 
  31:../DaisyExamples/libDaisy/src/sys/system.h ****         /** Method to call on the struct to set to defaults
  32:../DaisyExamples/libDaisy/src/sys/system.h ****          ** CPU Freq set to 400MHz
  33:../DaisyExamples/libDaisy/src/sys/system.h ****          ** Cache Enabled
  34:../DaisyExamples/libDaisy/src/sys/system.h ****          ** */
  35:../DaisyExamples/libDaisy/src/sys/system.h ****         void Defaults()
  36:../DaisyExamples/libDaisy/src/sys/system.h ****         {
  37:../DaisyExamples/libDaisy/src/sys/system.h ****             cpu_freq    = SysClkFreq::FREQ_400MHZ;
  38:../DaisyExamples/libDaisy/src/sys/system.h ****             use_dcache  = true;
  39:../DaisyExamples/libDaisy/src/sys/system.h ****             use_icache  = true;
  40:../DaisyExamples/libDaisy/src/sys/system.h ****             skip_clocks = false;
  41:../DaisyExamples/libDaisy/src/sys/system.h ****         }
  42:../DaisyExamples/libDaisy/src/sys/system.h **** 
  43:../DaisyExamples/libDaisy/src/sys/system.h ****         /** Method to call on the struct to set to boost mode:
  44:../DaisyExamples/libDaisy/src/sys/system.h ****          ** CPU Freq set to 480MHz
  45:../DaisyExamples/libDaisy/src/sys/system.h ****          ** Cache Enabled
  46:../DaisyExamples/libDaisy/src/sys/system.h ****          ** */
  47:../DaisyExamples/libDaisy/src/sys/system.h ****         void Boost()
  48:../DaisyExamples/libDaisy/src/sys/system.h ****         {
  49:../DaisyExamples/libDaisy/src/sys/system.h ****             cpu_freq    = SysClkFreq::FREQ_480MHZ;
  50:../DaisyExamples/libDaisy/src/sys/system.h ****             use_dcache  = true;
  51:../DaisyExamples/libDaisy/src/sys/system.h ****             use_icache  = true;
  52:../DaisyExamples/libDaisy/src/sys/system.h ****             skip_clocks = false;
  53:../DaisyExamples/libDaisy/src/sys/system.h ****         }
  54:../DaisyExamples/libDaisy/src/sys/system.h **** 
  55:../DaisyExamples/libDaisy/src/sys/system.h ****         SysClkFreq cpu_freq;
  56:../DaisyExamples/libDaisy/src/sys/system.h ****         bool       use_dcache;
ARM GAS  C:\Users\22bur\AppData\Local\Temp\ccVzMWQh.s 			page 3


  57:../DaisyExamples/libDaisy/src/sys/system.h ****         bool       use_icache;
  58:../DaisyExamples/libDaisy/src/sys/system.h ****         bool       skip_clocks;
  59:../DaisyExamples/libDaisy/src/sys/system.h ****     };
  60:../DaisyExamples/libDaisy/src/sys/system.h **** 
  61:../DaisyExamples/libDaisy/src/sys/system.h ****     /** Describes the different regions of memory available to the Daisy */
  62:../DaisyExamples/libDaisy/src/sys/system.h ****     enum MemoryRegion
  63:../DaisyExamples/libDaisy/src/sys/system.h ****     {
  64:../DaisyExamples/libDaisy/src/sys/system.h ****         INTERNAL_FLASH = 0,
  65:../DaisyExamples/libDaisy/src/sys/system.h ****         ITCMRAM,
  66:../DaisyExamples/libDaisy/src/sys/system.h ****         DTCMRAM,
  67:../DaisyExamples/libDaisy/src/sys/system.h ****         SRAM_D1,
  68:../DaisyExamples/libDaisy/src/sys/system.h ****         SRAM_D2,
  69:../DaisyExamples/libDaisy/src/sys/system.h ****         SRAM_D3,
  70:../DaisyExamples/libDaisy/src/sys/system.h ****         SDRAM,
  71:../DaisyExamples/libDaisy/src/sys/system.h ****         QSPI,
  72:../DaisyExamples/libDaisy/src/sys/system.h ****         INVALID_ADDRESS,
  73:../DaisyExamples/libDaisy/src/sys/system.h ****     };
  74:../DaisyExamples/libDaisy/src/sys/system.h **** 
  75:../DaisyExamples/libDaisy/src/sys/system.h ****     /** Bootloader struct for controlling bootloading parameters */
  76:../DaisyExamples/libDaisy/src/sys/system.h ****     struct BootInfo
  77:../DaisyExamples/libDaisy/src/sys/system.h ****     {
  78:../DaisyExamples/libDaisy/src/sys/system.h ****         enum class Type : uint32_t
  79:../DaisyExamples/libDaisy/src/sys/system.h ****         {
  80:../DaisyExamples/libDaisy/src/sys/system.h ****             INVALID      = 0x00000000,
  81:../DaisyExamples/libDaisy/src/sys/system.h ****             JUMP         = 0xDEADBEEF,
  82:../DaisyExamples/libDaisy/src/sys/system.h ****             SKIP_TIMEOUT = 0x5AFEB007,
  83:../DaisyExamples/libDaisy/src/sys/system.h ****             INF_TIMEOUT  = 0xB0074EFA,
  84:../DaisyExamples/libDaisy/src/sys/system.h ****         } status;
  85:../DaisyExamples/libDaisy/src/sys/system.h ****         uint32_t data;
  86:../DaisyExamples/libDaisy/src/sys/system.h ****         enum class Version : uint32_t
  87:../DaisyExamples/libDaisy/src/sys/system.h ****         {
  88:../DaisyExamples/libDaisy/src/sys/system.h ****             LT_v6_0 = 0, // Less than v6.0
  89:../DaisyExamples/libDaisy/src/sys/system.h ****             NONE,        // No bootloader present
  90:../DaisyExamples/libDaisy/src/sys/system.h ****             v6_0,        // v6.0
  91:../DaisyExamples/libDaisy/src/sys/system.h ****             v6_1,        // v6.1 or greater
  92:../DaisyExamples/libDaisy/src/sys/system.h ****             LAST
  93:../DaisyExamples/libDaisy/src/sys/system.h ****         } version;
  94:../DaisyExamples/libDaisy/src/sys/system.h ****     };
  95:../DaisyExamples/libDaisy/src/sys/system.h **** 
  96:../DaisyExamples/libDaisy/src/sys/system.h ****     System() {}
  97:../DaisyExamples/libDaisy/src/sys/system.h ****     ~System() {}
  38              		.loc 2 97 5 view .LVU1
  39              		.loc 2 97 5 is_stmt 0 view .LVU2
  40              	.LBE265:
  41              	.LBB266:
  42              	.LBI266:
  43              		.file 3 "../DaisyExamples/libDaisy/src/hid/usb.h"
   1:../DaisyExamples/libDaisy/src/hid/usb.h **** #pragma once
   2:../DaisyExamples/libDaisy/src/hid/usb.h **** #ifndef DSY_HID_USB_H
   3:../DaisyExamples/libDaisy/src/hid/usb.h **** #define DSY_HID_USB_H
   4:../DaisyExamples/libDaisy/src/hid/usb.h **** #include <stdint.h>
   5:../DaisyExamples/libDaisy/src/hid/usb.h **** #include <stdlib.h>
   6:../DaisyExamples/libDaisy/src/hid/usb.h **** 
   7:../DaisyExamples/libDaisy/src/hid/usb.h **** namespace daisy
   8:../DaisyExamples/libDaisy/src/hid/usb.h **** /** @addtogroup human_interface
   9:../DaisyExamples/libDaisy/src/hid/usb.h ****     @{
  10:../DaisyExamples/libDaisy/src/hid/usb.h **** */
ARM GAS  C:\Users\22bur\AppData\Local\Temp\ccVzMWQh.s 			page 4


  11:../DaisyExamples/libDaisy/src/hid/usb.h **** 
  12:../DaisyExamples/libDaisy/src/hid/usb.h **** {
  13:../DaisyExamples/libDaisy/src/hid/usb.h **** /** 
  14:../DaisyExamples/libDaisy/src/hid/usb.h ****     @brief Interface for initializing and using the USB Peripherals on the daisy
  15:../DaisyExamples/libDaisy/src/hid/usb.h ****     @author Stephen Hensley
  16:../DaisyExamples/libDaisy/src/hid/usb.h ****     @date December 2019
  17:../DaisyExamples/libDaisy/src/hid/usb.h **** */
  18:../DaisyExamples/libDaisy/src/hid/usb.h **** class UsbHandle
  19:../DaisyExamples/libDaisy/src/hid/usb.h **** {
  20:../DaisyExamples/libDaisy/src/hid/usb.h ****   public:
  21:../DaisyExamples/libDaisy/src/hid/usb.h ****     /** Return values for USBHandle Functions */
  22:../DaisyExamples/libDaisy/src/hid/usb.h ****     enum class Result
  23:../DaisyExamples/libDaisy/src/hid/usb.h ****     {
  24:../DaisyExamples/libDaisy/src/hid/usb.h ****         OK,
  25:../DaisyExamples/libDaisy/src/hid/usb.h ****         ERR,
  26:../DaisyExamples/libDaisy/src/hid/usb.h ****     };
  27:../DaisyExamples/libDaisy/src/hid/usb.h **** 
  28:../DaisyExamples/libDaisy/src/hid/usb.h ****     /** Specified which of the two USB Peripherals to initialize. */
  29:../DaisyExamples/libDaisy/src/hid/usb.h ****     enum UsbPeriph
  30:../DaisyExamples/libDaisy/src/hid/usb.h ****     {
  31:../DaisyExamples/libDaisy/src/hid/usb.h ****         FS_INTERNAL, /**< Internal pin */
  32:../DaisyExamples/libDaisy/src/hid/usb.h ****         FS_EXTERNAL, /**< FS External D+ pin is Pin 38 (GPIO32). FS External D- pin is Pin 37 (GPIO
  33:../DaisyExamples/libDaisy/src/hid/usb.h ****         FS_BOTH,     /**< Both */
  34:../DaisyExamples/libDaisy/src/hid/usb.h ****     };
  35:../DaisyExamples/libDaisy/src/hid/usb.h **** 
  36:../DaisyExamples/libDaisy/src/hid/usb.h **** 
  37:../DaisyExamples/libDaisy/src/hid/usb.h ****     /** Function called upon reception of a buffer */
  38:../DaisyExamples/libDaisy/src/hid/usb.h ****     typedef void (*ReceiveCallback)(uint8_t* buff, uint32_t* len);
  39:../DaisyExamples/libDaisy/src/hid/usb.h **** 
  40:../DaisyExamples/libDaisy/src/hid/usb.h ****     UsbHandle() {}
  41:../DaisyExamples/libDaisy/src/hid/usb.h **** 
  42:../DaisyExamples/libDaisy/src/hid/usb.h ****     ~UsbHandle() {}
  44              		.loc 3 42 5 is_stmt 1 view .LVU3
  45              		.loc 3 42 5 is_stmt 0 view .LVU4
  46              	.LBE266:
  47              	.LBB267:
  48              	.LBI267:
  49              		.file 4 "../DaisyExamples/libDaisy/src/per/adc.h"
   1:../DaisyExamples/libDaisy/src/per/adc.h **** #pragma once
   2:../DaisyExamples/libDaisy/src/per/adc.h **** #ifndef DSY_ADC_H
   3:../DaisyExamples/libDaisy/src/per/adc.h **** #define DSY_ADC_H /**< Macro */
   4:../DaisyExamples/libDaisy/src/per/adc.h **** #include <stdint.h>
   5:../DaisyExamples/libDaisy/src/per/adc.h **** #include <stdlib.h>
   6:../DaisyExamples/libDaisy/src/per/adc.h **** #include "daisy_core.h"
   7:../DaisyExamples/libDaisy/src/per/adc.h **** #include "per/gpio.h"
   8:../DaisyExamples/libDaisy/src/per/adc.h **** 
   9:../DaisyExamples/libDaisy/src/per/adc.h **** #define DSY_ADC_MAX_CHANNELS 16 /**< Maximum number of ADC channels */
  10:../DaisyExamples/libDaisy/src/per/adc.h **** 
  11:../DaisyExamples/libDaisy/src/per/adc.h **** namespace daisy
  12:../DaisyExamples/libDaisy/src/per/adc.h **** {
  13:../DaisyExamples/libDaisy/src/per/adc.h **** /** @addtogroup per_analog
  14:../DaisyExamples/libDaisy/src/per/adc.h ****     @{
  15:../DaisyExamples/libDaisy/src/per/adc.h **** */
  16:../DaisyExamples/libDaisy/src/per/adc.h **** 
  17:../DaisyExamples/libDaisy/src/per/adc.h **** /* While there may not be many configuration options here,
  18:../DaisyExamples/libDaisy/src/per/adc.h **** using a struct like this allows us to add more configuration
  19:../DaisyExamples/libDaisy/src/per/adc.h **** later without breaking existing functionality.
ARM GAS  C:\Users\22bur\AppData\Local\Temp\ccVzMWQh.s 			page 5


  20:../DaisyExamples/libDaisy/src/per/adc.h **** */
  21:../DaisyExamples/libDaisy/src/per/adc.h **** 
  22:../DaisyExamples/libDaisy/src/per/adc.h **** /** @brief   Configuration Structure for an ADC Channel 
  23:../DaisyExamples/libDaisy/src/per/adc.h ****  *  @details This can be used to configure a a single input, 
  24:../DaisyExamples/libDaisy/src/per/adc.h ****  *           or a multiplexed input, allowing up to 8 inputs on 
  25:../DaisyExamples/libDaisy/src/per/adc.h ****  *           one channel.
  26:../DaisyExamples/libDaisy/src/per/adc.h ****  *  @note    Sharing data lines to multiple muxes _is_ possible, but
  27:../DaisyExamples/libDaisy/src/per/adc.h ****  *           each channel sharing data lines must be set to the maximum
  28:../DaisyExamples/libDaisy/src/per/adc.h ****  *           number of channels, even if some multiplexers have fewer
  29:../DaisyExamples/libDaisy/src/per/adc.h ****  *           inputs connected.
  30:../DaisyExamples/libDaisy/src/per/adc.h **** */
  31:../DaisyExamples/libDaisy/src/per/adc.h **** struct AdcChannelConfig
  32:../DaisyExamples/libDaisy/src/per/adc.h **** {
  33:../DaisyExamples/libDaisy/src/per/adc.h ****     /** Which pin to use for multiplexing */
  34:../DaisyExamples/libDaisy/src/per/adc.h ****     enum MuxPin
  35:../DaisyExamples/libDaisy/src/per/adc.h ****     {
  36:../DaisyExamples/libDaisy/src/per/adc.h ****         MUX_SEL_0,    /**< & */
  37:../DaisyExamples/libDaisy/src/per/adc.h ****         MUX_SEL_1,    /**< & */
  38:../DaisyExamples/libDaisy/src/per/adc.h ****         MUX_SEL_2,    /**< & */
  39:../DaisyExamples/libDaisy/src/per/adc.h ****         MUX_SEL_LAST, /**< & */
  40:../DaisyExamples/libDaisy/src/per/adc.h ****     };
  41:../DaisyExamples/libDaisy/src/per/adc.h **** 
  42:../DaisyExamples/libDaisy/src/per/adc.h ****     /** \brief per channel conversion speed added to fixed time based on bitdepth, etc. */
  43:../DaisyExamples/libDaisy/src/per/adc.h ****     enum ConversionSpeed
  44:../DaisyExamples/libDaisy/src/per/adc.h ****     {
  45:../DaisyExamples/libDaisy/src/per/adc.h ****         SPEED_1CYCLES_5,
  46:../DaisyExamples/libDaisy/src/per/adc.h ****         SPEED_2CYCLES_5,
  47:../DaisyExamples/libDaisy/src/per/adc.h ****         SPEED_8CYCLES_5,
  48:../DaisyExamples/libDaisy/src/per/adc.h ****         SPEED_16CYCLES_5,
  49:../DaisyExamples/libDaisy/src/per/adc.h ****         SPEED_32CYCLES_5,
  50:../DaisyExamples/libDaisy/src/per/adc.h ****         SPEED_64CYCLES_5,
  51:../DaisyExamples/libDaisy/src/per/adc.h ****         SPEED_387CYCLES_5,
  52:../DaisyExamples/libDaisy/src/per/adc.h ****         SPEED_810CYCLES_5,
  53:../DaisyExamples/libDaisy/src/per/adc.h ****     };
  54:../DaisyExamples/libDaisy/src/per/adc.h **** 
  55:../DaisyExamples/libDaisy/src/per/adc.h ****     /** Initializes a single ADC pin as an ADC. 
  56:../DaisyExamples/libDaisy/src/per/adc.h ****     \param pin Pin to init.
  57:../DaisyExamples/libDaisy/src/per/adc.h ****     \param speed conversion speed for this pin defaults to 8.5 cycles
  58:../DaisyExamples/libDaisy/src/per/adc.h ****      */
  59:../DaisyExamples/libDaisy/src/per/adc.h ****     void InitSingle(dsy_gpio_pin pin, ConversionSpeed speed = SPEED_8CYCLES_5);
  60:../DaisyExamples/libDaisy/src/per/adc.h **** 
  61:../DaisyExamples/libDaisy/src/per/adc.h ****     /** 
  62:../DaisyExamples/libDaisy/src/per/adc.h ****     Initializes a single ADC pin as a Multiplexed ADC.
  63:../DaisyExamples/libDaisy/src/per/adc.h ****     Requires a CD405X Multiplexer connected to the pin.
  64:../DaisyExamples/libDaisy/src/per/adc.h ****     You only need to supply the mux pins that are required,
  65:../DaisyExamples/libDaisy/src/per/adc.h ****     e.g. a 4052 mux would only require mux_0 and mux_1.
  66:../DaisyExamples/libDaisy/src/per/adc.h ****     Internal Callbacks handle the pin addressing.
  67:../DaisyExamples/libDaisy/src/per/adc.h ****     \param adc_pin &
  68:../DaisyExamples/libDaisy/src/per/adc.h ****     \param mux_channels must be 1-8
  69:../DaisyExamples/libDaisy/src/per/adc.h ****     \param mux_0 First mux pin
  70:../DaisyExamples/libDaisy/src/per/adc.h ****     \param mux_1 Second mux pin
  71:../DaisyExamples/libDaisy/src/per/adc.h ****     \param mux_2 Third mux pin
  72:../DaisyExamples/libDaisy/src/per/adc.h ****     \param speed conversion speed for this pin defaults to 8.5 cycles
  73:../DaisyExamples/libDaisy/src/per/adc.h ****     */
  74:../DaisyExamples/libDaisy/src/per/adc.h ****     void InitMux(dsy_gpio_pin    adc_pin,
  75:../DaisyExamples/libDaisy/src/per/adc.h ****                  size_t          mux_channels,
  76:../DaisyExamples/libDaisy/src/per/adc.h ****                  dsy_gpio_pin    mux_0,
ARM GAS  C:\Users\22bur\AppData\Local\Temp\ccVzMWQh.s 			page 6


  77:../DaisyExamples/libDaisy/src/per/adc.h ****                  dsy_gpio_pin    mux_1 = {DSY_GPIOX, 0},
  78:../DaisyExamples/libDaisy/src/per/adc.h ****                  dsy_gpio_pin    mux_2 = {DSY_GPIOX, 0},
  79:../DaisyExamples/libDaisy/src/per/adc.h ****                  ConversionSpeed speed = SPEED_8CYCLES_5);
  80:../DaisyExamples/libDaisy/src/per/adc.h **** 
  81:../DaisyExamples/libDaisy/src/per/adc.h ****     dsy_gpio        pin_;                   /**< & */
  82:../DaisyExamples/libDaisy/src/per/adc.h ****     dsy_gpio        mux_pin_[MUX_SEL_LAST]; /**< & */
  83:../DaisyExamples/libDaisy/src/per/adc.h ****     uint8_t         mux_channels_;          /**< & */
  84:../DaisyExamples/libDaisy/src/per/adc.h ****     ConversionSpeed speed_;
  85:../DaisyExamples/libDaisy/src/per/adc.h **** };
  86:../DaisyExamples/libDaisy/src/per/adc.h **** 
  87:../DaisyExamples/libDaisy/src/per/adc.h **** /**
  88:../DaisyExamples/libDaisy/src/per/adc.h ****    @brief Handler for analog to digital conversion
  89:../DaisyExamples/libDaisy/src/per/adc.h **** */
  90:../DaisyExamples/libDaisy/src/per/adc.h **** class AdcHandle
  91:../DaisyExamples/libDaisy/src/per/adc.h **** {
  92:../DaisyExamples/libDaisy/src/per/adc.h ****   public:
  93:../DaisyExamples/libDaisy/src/per/adc.h ****     /** Supported oversampling amounts */
  94:../DaisyExamples/libDaisy/src/per/adc.h ****     enum OverSampling
  95:../DaisyExamples/libDaisy/src/per/adc.h ****     {
  96:../DaisyExamples/libDaisy/src/per/adc.h ****         OVS_NONE, /**< & */
  97:../DaisyExamples/libDaisy/src/per/adc.h ****         OVS_4,    /**< & */
  98:../DaisyExamples/libDaisy/src/per/adc.h ****         OVS_8,    /**< & */
  99:../DaisyExamples/libDaisy/src/per/adc.h ****         OVS_16,   /**< & */
 100:../DaisyExamples/libDaisy/src/per/adc.h ****         OVS_32,   /**< & */
 101:../DaisyExamples/libDaisy/src/per/adc.h ****         OVS_64,   /**< & */
 102:../DaisyExamples/libDaisy/src/per/adc.h ****         OVS_128,  /**< & */
 103:../DaisyExamples/libDaisy/src/per/adc.h ****         OVS_256,  /**< & */
 104:../DaisyExamples/libDaisy/src/per/adc.h ****         OVS_512,  /**< & */
 105:../DaisyExamples/libDaisy/src/per/adc.h ****         OVS_1024, /**< & */
 106:../DaisyExamples/libDaisy/src/per/adc.h ****         OVS_LAST, /**< & */
 107:../DaisyExamples/libDaisy/src/per/adc.h ****     };
 108:../DaisyExamples/libDaisy/src/per/adc.h **** 
 109:../DaisyExamples/libDaisy/src/per/adc.h ****     AdcHandle() {}
 110:../DaisyExamples/libDaisy/src/per/adc.h ****     ~AdcHandle() {}
  50              		.loc 4 110 5 is_stmt 1 view .LVU5
  51              		.loc 4 110 5 is_stmt 0 view .LVU6
  52              	.LBE267:
  53              	.LBB268:
  54              	.LBI268:
  55              		.file 5 "../DaisyExamples/libDaisy/src/hid/audio.h"
   1:../DaisyExamples/libDaisy/src/hid/audio.h **** #ifndef DSY_AUDIO_H
   2:../DaisyExamples/libDaisy/src/hid/audio.h **** #define DSY_AUDIO_H /**< & */
   3:../DaisyExamples/libDaisy/src/hid/audio.h **** 
   4:../DaisyExamples/libDaisy/src/hid/audio.h **** #include "per/sai.h"
   5:../DaisyExamples/libDaisy/src/hid/audio.h **** 
   6:../DaisyExamples/libDaisy/src/hid/audio.h **** namespace daisy
   7:../DaisyExamples/libDaisy/src/hid/audio.h **** {
   8:../DaisyExamples/libDaisy/src/hid/audio.h **** /** @brief Audio Engine Handle
   9:../DaisyExamples/libDaisy/src/hid/audio.h ****  *  @ingroup audio 
  10:../DaisyExamples/libDaisy/src/hid/audio.h ****  *  @details This class allows for higher level access to an audio engine.
  11:../DaisyExamples/libDaisy/src/hid/audio.h ****  *           If you're using a SOM like the DaisySeed or DaisyPatchSM (or any 
  12:../DaisyExamples/libDaisy/src/hid/audio.h ****  *            board that includes one of those objects) then the intialization
  13:../DaisyExamples/libDaisy/src/hid/audio.h ****  *            is already taken  care of.
  14:../DaisyExamples/libDaisy/src/hid/audio.h ****  *           If you're setting up your own custom hardware, or need to make changes
  15:../DaisyExamples/libDaisy/src/hid/audio.h ****  *           you will have to take the following steps:
  16:../DaisyExamples/libDaisy/src/hid/audio.h ****  *             1. Create and Initialize an SaiHandle or two depending on your requirements
  17:../DaisyExamples/libDaisy/src/hid/audio.h ****  *             2. Initialize the Audio Handle with the desired settings and the Initialized SaiHand
ARM GAS  C:\Users\22bur\AppData\Local\Temp\ccVzMWQh.s 			page 7


  18:../DaisyExamples/libDaisy/src/hid/audio.h ****  *             3. If the connected codec requires special configuration or initialization, do so
  19:../DaisyExamples/libDaisy/src/hid/audio.h ****  *             4. Write a callback method using either the AudioCallback or the InterleavingAudioCa
  20:../DaisyExamples/libDaisy/src/hid/audio.h ****  *             5. Start the Audio using one of the StartAudio function
  21:../DaisyExamples/libDaisy/src/hid/audio.h ****  */
  22:../DaisyExamples/libDaisy/src/hid/audio.h **** class AudioHandle
  23:../DaisyExamples/libDaisy/src/hid/audio.h **** {
  24:../DaisyExamples/libDaisy/src/hid/audio.h ****   public:
  25:../DaisyExamples/libDaisy/src/hid/audio.h ****     /** Manually configurable details about the Audio Engine */
  26:../DaisyExamples/libDaisy/src/hid/audio.h ****     /** TODO: Figure out how to get samplerate in here. */
  27:../DaisyExamples/libDaisy/src/hid/audio.h ****     struct Config
  28:../DaisyExamples/libDaisy/src/hid/audio.h ****     {
  29:../DaisyExamples/libDaisy/src/hid/audio.h ****         /** number of samples to process per callback */
  30:../DaisyExamples/libDaisy/src/hid/audio.h ****         size_t blocksize;
  31:../DaisyExamples/libDaisy/src/hid/audio.h **** 
  32:../DaisyExamples/libDaisy/src/hid/audio.h ****         /**< Sample rate of audio */
  33:../DaisyExamples/libDaisy/src/hid/audio.h ****         SaiHandle::Config::SampleRate samplerate;
  34:../DaisyExamples/libDaisy/src/hid/audio.h **** 
  35:../DaisyExamples/libDaisy/src/hid/audio.h ****         /** factor for adjustment before and after callback for hardware that may have extra headro
  36:../DaisyExamples/libDaisy/src/hid/audio.h ****         float postgain;
  37:../DaisyExamples/libDaisy/src/hid/audio.h **** 
  38:../DaisyExamples/libDaisy/src/hid/audio.h ****         /** factor for additional one-sided compensation to audio path for hardware that may
  39:../DaisyExamples/libDaisy/src/hid/audio.h ****          *  have unequal input/output ranges
  40:../DaisyExamples/libDaisy/src/hid/audio.h ****          */
  41:../DaisyExamples/libDaisy/src/hid/audio.h ****         float output_compensation;
  42:../DaisyExamples/libDaisy/src/hid/audio.h **** 
  43:../DaisyExamples/libDaisy/src/hid/audio.h ****         /** Sets default values for config struct */
  44:../DaisyExamples/libDaisy/src/hid/audio.h ****         Config()
  45:../DaisyExamples/libDaisy/src/hid/audio.h ****         : blocksize(48),
  46:../DaisyExamples/libDaisy/src/hid/audio.h ****           samplerate(SaiHandle::Config::SampleRate::SAI_48KHZ),
  47:../DaisyExamples/libDaisy/src/hid/audio.h ****           postgain(1.f),
  48:../DaisyExamples/libDaisy/src/hid/audio.h ****           output_compensation(1.f)
  49:../DaisyExamples/libDaisy/src/hid/audio.h ****         {
  50:../DaisyExamples/libDaisy/src/hid/audio.h ****         }
  51:../DaisyExamples/libDaisy/src/hid/audio.h ****     };
  52:../DaisyExamples/libDaisy/src/hid/audio.h **** 
  53:../DaisyExamples/libDaisy/src/hid/audio.h ****     enum class Result
  54:../DaisyExamples/libDaisy/src/hid/audio.h ****     {
  55:../DaisyExamples/libDaisy/src/hid/audio.h ****         OK,
  56:../DaisyExamples/libDaisy/src/hid/audio.h ****         ERR,
  57:../DaisyExamples/libDaisy/src/hid/audio.h ****     };
  58:../DaisyExamples/libDaisy/src/hid/audio.h **** 
  59:../DaisyExamples/libDaisy/src/hid/audio.h ****     /** Non-Interleaving input buffer
  60:../DaisyExamples/libDaisy/src/hid/audio.h ****      * Buffer arranged by float[chn][sample] 
  61:../DaisyExamples/libDaisy/src/hid/audio.h ****      * const so that the user can't modify the input
  62:../DaisyExamples/libDaisy/src/hid/audio.h ****      */
  63:../DaisyExamples/libDaisy/src/hid/audio.h ****     typedef const float* const* InputBuffer;
  64:../DaisyExamples/libDaisy/src/hid/audio.h **** 
  65:../DaisyExamples/libDaisy/src/hid/audio.h ****     /** Non-Interleaving output buffer
  66:../DaisyExamples/libDaisy/src/hid/audio.h ****      * Arranged by float[chn][sample] 
  67:../DaisyExamples/libDaisy/src/hid/audio.h ****      */
  68:../DaisyExamples/libDaisy/src/hid/audio.h ****     typedef float** OutputBuffer;
  69:../DaisyExamples/libDaisy/src/hid/audio.h **** 
  70:../DaisyExamples/libDaisy/src/hid/audio.h ****     /** Type for a Non-Interleaving audio callback 
  71:../DaisyExamples/libDaisy/src/hid/audio.h ****      * Non-Interleaving audio callbacks in daisy will be of this type
  72:../DaisyExamples/libDaisy/src/hid/audio.h ****      */
  73:../DaisyExamples/libDaisy/src/hid/audio.h ****     typedef void (*AudioCallback)(InputBuffer  in,
  74:../DaisyExamples/libDaisy/src/hid/audio.h ****                                   OutputBuffer out,
ARM GAS  C:\Users\22bur\AppData\Local\Temp\ccVzMWQh.s 			page 8


  75:../DaisyExamples/libDaisy/src/hid/audio.h ****                                   size_t       size);
  76:../DaisyExamples/libDaisy/src/hid/audio.h **** 
  77:../DaisyExamples/libDaisy/src/hid/audio.h ****     /** Interleaving Input buffer
  78:../DaisyExamples/libDaisy/src/hid/audio.h ****      ** audio is prepared as { L0, R0, L1, R1, . . . LN, RN }]
  79:../DaisyExamples/libDaisy/src/hid/audio.h ****      ** this is const, as the user shouldn't modify it
  80:../DaisyExamples/libDaisy/src/hid/audio.h ****     */
  81:../DaisyExamples/libDaisy/src/hid/audio.h ****     typedef const float* InterleavingInputBuffer;
  82:../DaisyExamples/libDaisy/src/hid/audio.h **** 
  83:../DaisyExamples/libDaisy/src/hid/audio.h ****     /** Interleaving Output buffer 
  84:../DaisyExamples/libDaisy/src/hid/audio.h ****      ** audio is prepared as { L0, R0, L1, R1, . . . LN, RN }
  85:../DaisyExamples/libDaisy/src/hid/audio.h ****     */
  86:../DaisyExamples/libDaisy/src/hid/audio.h ****     typedef float* InterleavingOutputBuffer;
  87:../DaisyExamples/libDaisy/src/hid/audio.h **** 
  88:../DaisyExamples/libDaisy/src/hid/audio.h ****     /** Interleaving Audio Callback 
  89:../DaisyExamples/libDaisy/src/hid/audio.h ****      * Interleaving audio callbacks in daisy must be of this type
  90:../DaisyExamples/libDaisy/src/hid/audio.h ****      */
  91:../DaisyExamples/libDaisy/src/hid/audio.h ****     typedef void (*InterleavingAudioCallback)(InterleavingInputBuffer  in,
  92:../DaisyExamples/libDaisy/src/hid/audio.h ****                                               InterleavingOutputBuffer out,
  93:../DaisyExamples/libDaisy/src/hid/audio.h ****                                               size_t                   size);
  94:../DaisyExamples/libDaisy/src/hid/audio.h **** 
  95:../DaisyExamples/libDaisy/src/hid/audio.h ****     AudioHandle() : pimpl_(nullptr) {}
  96:../DaisyExamples/libDaisy/src/hid/audio.h ****     ~AudioHandle() {}
  56              		.loc 5 96 5 is_stmt 1 view .LVU7
  57              		.loc 5 96 5 is_stmt 0 view .LVU8
  58              	.LBE268:
  59              		.loc 1 22 19 view .LVU9
  60 0000 7047     		bx	lr
  61              		.cfi_endproc
  62              	.LFE4676:
  64              		.weak	_ZN5daisy9DaisySeedD1Ev
  65              		.thumb_set _ZN5daisy9DaisySeedD1Ev,_ZN5daisy9DaisySeedD2Ev
  66 0002 00BF     		.section	.text._ZN9WavetableD2Ev,"axG",%progbits,_ZN9WavetableD5Ev,comdat
  67              		.align	1
  68              		.p2align 2,,3
  69              		.weak	_ZN9WavetableD2Ev
  70              		.syntax unified
  71              		.thumb
  72              		.thumb_func
  73              		.fpu fpv5-d16
  75              	_ZN9WavetableD2Ev:
  76              	.LVL1:
  77              	.LFB4724:
  78              		.file 6 "wavetable.h"
   1:wavetable.h   **** #pragma once
   2:wavetable.h   **** 
   3:wavetable.h   **** #include <stdint.h>
   4:wavetable.h   **** #include <array>
   5:wavetable.h   **** 
   6:wavetable.h   **** const float midi_to_freq[128] = {
   7:wavetable.h   ****     8.18, 8.66, 9.18, 9.72, 10.30, 10.91, 11.56, 12.25, 12.98, 13.75, 14.57, 15.43,
   8:wavetable.h   ****     16.35, 17.32, 18.35, 19.45, 20.60, 21.83, 23.12, 24.50, 25.96, 27.50, 29.14, 30.87,
   9:wavetable.h   ****     32.70, 34.65, 36.71, 38.89, 41.20, 43.65, 46.25, 49.00, 51.91, 55.00, 58.27, 61.74,
  10:wavetable.h   ****     65.41, 69.30, 73.42, 77.78, 82.41, 87.31, 92.50, 98.00, 103.83, 110.00, 116.54, 123.47,
  11:wavetable.h   ****     130.81, 138.59, 146.83, 155.56, 164.81, 174.61, 185.00, 196.00, 207.65, 220.00, 233.08, 246.94,
  12:wavetable.h   ****     261.63, 277.18, 293.66, 311.13, 329.63, 349.23, 369.99, 392.00, 415.30, 440.00, 466.16, 493.88,
  13:wavetable.h   ****     523.25, 554.37, 587.33, 622.25, 659.26, 698.46, 739.99, 783.99, 830.61, 880.00, 932.33, 987.77,
  14:wavetable.h   ****     1046.50, 1108.73, 1174.66, 1244.51, 1318.51, 1396.91, 1479.98, 1567.98, 1661.22, 1760.00, 1864.
ARM GAS  C:\Users\22bur\AppData\Local\Temp\ccVzMWQh.s 			page 9


  15:wavetable.h   ****     2093.00, 2217.46, 2349.32, 2489.02, 2637.02, 2793.83, 2959.96, 3135.96, 3322.44, 3520.00, 3729.
  16:wavetable.h   ****     4186.01, 4434.92, 4698.64, 4978.03, 5274.04, 5587.65, 5919.91, 6271.93, 6644.88, 7040.00, 7458.
  17:wavetable.h   ****     8372.02, 8869.84, 9397.27, 9956.06, 10548.08, 11175.30, 11839.82, 12543.85
  18:wavetable.h   **** };
  19:wavetable.h   **** 
  20:wavetable.h   **** 
  21:wavetable.h   **** /** Class for containing the data on a wavetable */
  22:wavetable.h   **** class Wavetable
  23:wavetable.h   **** {
  24:wavetable.h   ****   public:    
  25:wavetable.h   ****     Wavetable();
  26:wavetable.h   ****     Wavetable(float samp_freq, const std::array<std::array<float, 2048>, 8>& wavesin, int num_waves
  27:wavetable.h   ****     ~Wavetable() {}
  79              		.loc 6 27 5 is_stmt 1 view -0
  80              		.cfi_startproc
  81              		@ args = 0, pretend = 0, frame = 0
  82              		@ frame_needed = 0, uses_anonymous_args = 0
  83              		@ link register save eliminated.
  84              		.loc 6 27 19 is_stmt 0 view .LVU11
  85 0000 7047     		bx	lr
  86              		.cfi_endproc
  87              	.LFE4724:
  89              		.weak	_ZN9WavetableD1Ev
  90              		.thumb_set _ZN9WavetableD1Ev,_ZN9WavetableD2Ev
  91              		.section	.text.__tcf_0,"ax",%progbits
  92              		.align	1
  93              		.p2align 2,,3
  94              		.syntax unified
  95              		.thumb
  96              		.thumb_func
  97              		.fpu fpv5-d16
  99              	__tcf_0:
 100              	.LFB5331:
 101              		.file 7 "main.cpp"
   1:main.cpp      **** #include "daisysp.h"
   2:main.cpp      **** #include "daisy_seed.h"
   3:main.cpp      **** #include "wavetable.h"
   4:main.cpp      **** #include <array>
   5:main.cpp      **** 
   6:main.cpp      **** using namespace daisysp;
   7:main.cpp      **** using namespace daisy;
   8:main.cpp      **** using namespace daisy::seed;
   9:main.cpp      **** 
  10:main.cpp      **** enum AdcChannel {
  11:main.cpp      ****    VOLUME = 0,
  12:main.cpp      ****    WT_INDEX = 1,
  13:main.cpp      ****    ATTACK = 2,
  14:main.cpp      ****    DECAY = 3,
  15:main.cpp      ****    SUSTAIN = 4,
  16:main.cpp      ****    RELEASE = 5
  17:main.cpp      **** };
  18:main.cpp      **** 
  19:main.cpp      **** constexpr float PI = 3.14159265358979323846f;
  20:main.cpp      **** 
  21:main.cpp      **** static DaisySeed hw;
  22:main.cpp      **** MidiUartHandler midi;
  23:main.cpp      **** Wavetable wt;
ARM GAS  C:\Users\22bur\AppData\Local\Temp\ccVzMWQh.s 			page 10


  24:main.cpp      **** Adsr adsr[8];
 102              		.loc 7 24 6 is_stmt 1 view -0
 103              		.cfi_startproc
 104              		@ args = 0, pretend = 0, frame = 0
 105              		@ frame_needed = 0, uses_anonymous_args = 0
 106              		@ link register save eliminated.
 107              		.loc 7 24 6 is_stmt 0 view .LVU13
 108 0000 7047     		bx	lr
 109              		.cfi_endproc
 110              	.LFE5331:
 112 0002 00BF     		.section	.text._ZN5daisy4FIFOINS_9MidiEventELj128EED2Ev,"axG",%progbits,_ZN5daisy4FIFOINS_9MidiEve
 113              		.align	1
 114              		.p2align 2,,3
 115              		.weak	_ZN5daisy4FIFOINS_9MidiEventELj128EED2Ev
 116              		.syntax unified
 117              		.thumb
 118              		.thumb_func
 119              		.fpu fpv5-d16
 121              	_ZN5daisy4FIFOINS_9MidiEventELj128EED2Ev:
 122              	.LVL2:
 123              	.LFB5333:
 124              		.file 8 "../DaisyExamples/libDaisy/src/util/FIFO.h"
   1:../DaisyExamples/libDaisy/src/util/FIFO.h **** #pragma once
   2:../DaisyExamples/libDaisy/src/util/FIFO.h **** 
   3:../DaisyExamples/libDaisy/src/util/FIFO.h **** #include <stdint.h>
   4:../DaisyExamples/libDaisy/src/util/FIFO.h **** #include <stddef.h>
   5:../DaisyExamples/libDaisy/src/util/FIFO.h **** #include <initializer_list>
   6:../DaisyExamples/libDaisy/src/util/FIFO.h **** 
   7:../DaisyExamples/libDaisy/src/util/FIFO.h **** namespace daisy
   8:../DaisyExamples/libDaisy/src/util/FIFO.h **** {
   9:../DaisyExamples/libDaisy/src/util/FIFO.h **** /** Capacity-independent base class for FIFO. Use FIFO instead. */
  10:../DaisyExamples/libDaisy/src/util/FIFO.h **** template <typename T>
  11:../DaisyExamples/libDaisy/src/util/FIFO.h **** class FIFOBase
  12:../DaisyExamples/libDaisy/src/util/FIFO.h **** {
  13:../DaisyExamples/libDaisy/src/util/FIFO.h ****   protected:
  14:../DaisyExamples/libDaisy/src/util/FIFO.h ****     FIFOBase(T* buffer, size_t bufferSize)
  15:../DaisyExamples/libDaisy/src/util/FIFO.h ****     : buffer_(buffer), bufferSize_(bufferSize), bufferIn_(0), bufferOut_(0)
  16:../DaisyExamples/libDaisy/src/util/FIFO.h ****     {
  17:../DaisyExamples/libDaisy/src/util/FIFO.h ****     }
  18:../DaisyExamples/libDaisy/src/util/FIFO.h **** 
  19:../DaisyExamples/libDaisy/src/util/FIFO.h ****     FIFOBase(T* buffer, size_t bufferSize, std::initializer_list<T> valuesToAdd)
  20:../DaisyExamples/libDaisy/src/util/FIFO.h ****     : buffer_(buffer), bufferSize_(bufferSize), bufferIn_(0), bufferOut_(0)
  21:../DaisyExamples/libDaisy/src/util/FIFO.h ****     {
  22:../DaisyExamples/libDaisy/src/util/FIFO.h ****         PushBack(valuesToAdd);
  23:../DaisyExamples/libDaisy/src/util/FIFO.h ****     }
  24:../DaisyExamples/libDaisy/src/util/FIFO.h **** 
  25:../DaisyExamples/libDaisy/src/util/FIFO.h ****   public:
  26:../DaisyExamples/libDaisy/src/util/FIFO.h ****     /** Copies all elements from another FIFO */
  27:../DaisyExamples/libDaisy/src/util/FIFO.h ****     FIFOBase<T>& operator=(const FIFOBase<T>& other)
  28:../DaisyExamples/libDaisy/src/util/FIFO.h ****     {
  29:../DaisyExamples/libDaisy/src/util/FIFO.h ****         bufferIn_ = bufferOut_ = 0;
  30:../DaisyExamples/libDaisy/src/util/FIFO.h ****         if(!other.IsEmpty())
  31:../DaisyExamples/libDaisy/src/util/FIFO.h ****         {
  32:../DaisyExamples/libDaisy/src/util/FIFO.h ****             int readPtr = other.bufferOut_;
  33:../DaisyExamples/libDaisy/src/util/FIFO.h ****             while((readPtr != other.bufferIn_) && (bufferIn_ < bufferSize_))
  34:../DaisyExamples/libDaisy/src/util/FIFO.h ****             {
  35:../DaisyExamples/libDaisy/src/util/FIFO.h ****                 buffer_[bufferIn_++] = other.buffer_[readPtr++];
ARM GAS  C:\Users\22bur\AppData\Local\Temp\ccVzMWQh.s 			page 11


  36:../DaisyExamples/libDaisy/src/util/FIFO.h ****                 if(readPtr >= other.bufferSize_)
  37:../DaisyExamples/libDaisy/src/util/FIFO.h ****                     readPtr -= other.bufferSize_;
  38:../DaisyExamples/libDaisy/src/util/FIFO.h ****             }
  39:../DaisyExamples/libDaisy/src/util/FIFO.h ****         }
  40:../DaisyExamples/libDaisy/src/util/FIFO.h ****         return *this;
  41:../DaisyExamples/libDaisy/src/util/FIFO.h ****     }
  42:../DaisyExamples/libDaisy/src/util/FIFO.h ****     ~FIFOBase() {}
  43:../DaisyExamples/libDaisy/src/util/FIFO.h **** 
  44:../DaisyExamples/libDaisy/src/util/FIFO.h ****     /** Removes all elements from the FIFO */
  45:../DaisyExamples/libDaisy/src/util/FIFO.h ****     void Clear() { bufferIn_ = bufferOut_ = 0; }
  46:../DaisyExamples/libDaisy/src/util/FIFO.h **** 
  47:../DaisyExamples/libDaisy/src/util/FIFO.h ****     /** Adds an element to the back of the buffer, returning true on
  48:../DaisyExamples/libDaisy/src/util/FIFO.h ****         success */
  49:../DaisyExamples/libDaisy/src/util/FIFO.h ****     bool PushBack(const T& elementToAdd)
  50:../DaisyExamples/libDaisy/src/util/FIFO.h ****     {
  51:../DaisyExamples/libDaisy/src/util/FIFO.h ****         if(!IsFull())
  52:../DaisyExamples/libDaisy/src/util/FIFO.h ****         {
  53:../DaisyExamples/libDaisy/src/util/FIFO.h ****             buffer_[bufferIn_++] = elementToAdd;
  54:../DaisyExamples/libDaisy/src/util/FIFO.h ****             if(bufferIn_ >= bufferSize_)
  55:../DaisyExamples/libDaisy/src/util/FIFO.h ****                 bufferIn_ -= bufferSize_;
  56:../DaisyExamples/libDaisy/src/util/FIFO.h ****             return true;
  57:../DaisyExamples/libDaisy/src/util/FIFO.h ****         }
  58:../DaisyExamples/libDaisy/src/util/FIFO.h ****         return false;
  59:../DaisyExamples/libDaisy/src/util/FIFO.h ****     }
  60:../DaisyExamples/libDaisy/src/util/FIFO.h **** 
  61:../DaisyExamples/libDaisy/src/util/FIFO.h ****     /** Adds multiple elements and returns the number of elements that were added */
  62:../DaisyExamples/libDaisy/src/util/FIFO.h ****     int PushBack(std::initializer_list<T> valuesToAdd)
  63:../DaisyExamples/libDaisy/src/util/FIFO.h ****     {
  64:../DaisyExamples/libDaisy/src/util/FIFO.h ****         int numAdded = 0;
  65:../DaisyExamples/libDaisy/src/util/FIFO.h ****         for(const auto& v : valuesToAdd)
  66:../DaisyExamples/libDaisy/src/util/FIFO.h ****         {
  67:../DaisyExamples/libDaisy/src/util/FIFO.h ****             if(IsFull())
  68:../DaisyExamples/libDaisy/src/util/FIFO.h ****                 return numAdded;
  69:../DaisyExamples/libDaisy/src/util/FIFO.h **** 
  70:../DaisyExamples/libDaisy/src/util/FIFO.h ****             PushBack(v);
  71:../DaisyExamples/libDaisy/src/util/FIFO.h ****             numAdded++;
  72:../DaisyExamples/libDaisy/src/util/FIFO.h ****         }
  73:../DaisyExamples/libDaisy/src/util/FIFO.h ****         return numAdded;
  74:../DaisyExamples/libDaisy/src/util/FIFO.h ****     }
  75:../DaisyExamples/libDaisy/src/util/FIFO.h **** 
  76:../DaisyExamples/libDaisy/src/util/FIFO.h ****     /** returns a reference to the last element */
  77:../DaisyExamples/libDaisy/src/util/FIFO.h ****     T& Back()
  78:../DaisyExamples/libDaisy/src/util/FIFO.h ****     {
  79:../DaisyExamples/libDaisy/src/util/FIFO.h ****         if(IsEmpty())
  80:../DaisyExamples/libDaisy/src/util/FIFO.h ****             // invalid, but better not pass a temporary T() object as a reference...
  81:../DaisyExamples/libDaisy/src/util/FIFO.h ****             return buffer_[0];
  82:../DaisyExamples/libDaisy/src/util/FIFO.h ****         int idx = bufferIn_ - 1;
  83:../DaisyExamples/libDaisy/src/util/FIFO.h ****         if(idx < 0)
  84:../DaisyExamples/libDaisy/src/util/FIFO.h ****             idx += bufferSize_;
  85:../DaisyExamples/libDaisy/src/util/FIFO.h ****         return buffer_[idx];
  86:../DaisyExamples/libDaisy/src/util/FIFO.h ****     }
  87:../DaisyExamples/libDaisy/src/util/FIFO.h **** 
  88:../DaisyExamples/libDaisy/src/util/FIFO.h ****     /** returns a reference to the last element */
  89:../DaisyExamples/libDaisy/src/util/FIFO.h ****     const T& Back() const
  90:../DaisyExamples/libDaisy/src/util/FIFO.h ****     {
  91:../DaisyExamples/libDaisy/src/util/FIFO.h ****         if(IsEmpty())
  92:../DaisyExamples/libDaisy/src/util/FIFO.h ****             // invalid, but better not pass a temporary T() object as a reference...
ARM GAS  C:\Users\22bur\AppData\Local\Temp\ccVzMWQh.s 			page 12


  93:../DaisyExamples/libDaisy/src/util/FIFO.h ****             return buffer_[0];
  94:../DaisyExamples/libDaisy/src/util/FIFO.h ****         int idx = bufferIn_ - 1;
  95:../DaisyExamples/libDaisy/src/util/FIFO.h ****         if(idx < 0)
  96:../DaisyExamples/libDaisy/src/util/FIFO.h ****             idx += bufferSize_;
  97:../DaisyExamples/libDaisy/src/util/FIFO.h ****         return buffer_[idx];
  98:../DaisyExamples/libDaisy/src/util/FIFO.h ****     }
  99:../DaisyExamples/libDaisy/src/util/FIFO.h **** 
 100:../DaisyExamples/libDaisy/src/util/FIFO.h ****     /** removes and returns an element from the front of the buffer */
 101:../DaisyExamples/libDaisy/src/util/FIFO.h ****     T PopFront()
 102:../DaisyExamples/libDaisy/src/util/FIFO.h ****     {
 103:../DaisyExamples/libDaisy/src/util/FIFO.h ****         if(IsEmpty())
 104:../DaisyExamples/libDaisy/src/util/FIFO.h ****             return T();
 105:../DaisyExamples/libDaisy/src/util/FIFO.h ****         else
 106:../DaisyExamples/libDaisy/src/util/FIFO.h ****         {
 107:../DaisyExamples/libDaisy/src/util/FIFO.h ****             const auto result = buffer_[bufferOut_];
 108:../DaisyExamples/libDaisy/src/util/FIFO.h ****             bufferOut_++;
 109:../DaisyExamples/libDaisy/src/util/FIFO.h ****             if(bufferOut_ >= bufferSize_)
 110:../DaisyExamples/libDaisy/src/util/FIFO.h ****                 bufferOut_ -= bufferSize_;
 111:../DaisyExamples/libDaisy/src/util/FIFO.h ****             return result;
 112:../DaisyExamples/libDaisy/src/util/FIFO.h ****         }
 113:../DaisyExamples/libDaisy/src/util/FIFO.h ****     }
 114:../DaisyExamples/libDaisy/src/util/FIFO.h **** 
 115:../DaisyExamples/libDaisy/src/util/FIFO.h ****     /** returns a copy of the first element */
 116:../DaisyExamples/libDaisy/src/util/FIFO.h ****     T& Front()
 117:../DaisyExamples/libDaisy/src/util/FIFO.h ****     {
 118:../DaisyExamples/libDaisy/src/util/FIFO.h ****         if(IsEmpty())
 119:../DaisyExamples/libDaisy/src/util/FIFO.h ****             // invalid, but better not pass a temporary T() object as a reference...
 120:../DaisyExamples/libDaisy/src/util/FIFO.h ****             return buffer_[0];
 121:../DaisyExamples/libDaisy/src/util/FIFO.h ****         return buffer_[bufferOut_];
 122:../DaisyExamples/libDaisy/src/util/FIFO.h ****     }
 123:../DaisyExamples/libDaisy/src/util/FIFO.h **** 
 124:../DaisyExamples/libDaisy/src/util/FIFO.h ****     /** returns a reference to the first element */
 125:../DaisyExamples/libDaisy/src/util/FIFO.h ****     const T& Front() const
 126:../DaisyExamples/libDaisy/src/util/FIFO.h ****     {
 127:../DaisyExamples/libDaisy/src/util/FIFO.h ****         if(IsEmpty())
 128:../DaisyExamples/libDaisy/src/util/FIFO.h ****             // invalid, but better not pass a temporary T() object as a reference...
 129:../DaisyExamples/libDaisy/src/util/FIFO.h ****             return buffer_[0];
 130:../DaisyExamples/libDaisy/src/util/FIFO.h ****         return buffer_[bufferOut_];
 131:../DaisyExamples/libDaisy/src/util/FIFO.h ****     }
 132:../DaisyExamples/libDaisy/src/util/FIFO.h **** 
 133:../DaisyExamples/libDaisy/src/util/FIFO.h ****     /** Returns true if the buffer contains an element equal to the provided value */
 134:../DaisyExamples/libDaisy/src/util/FIFO.h ****     bool Contains(const T& element)
 135:../DaisyExamples/libDaisy/src/util/FIFO.h ****     {
 136:../DaisyExamples/libDaisy/src/util/FIFO.h ****         auto idx = bufferOut_;
 137:../DaisyExamples/libDaisy/src/util/FIFO.h ****         while(idx != bufferIn_)
 138:../DaisyExamples/libDaisy/src/util/FIFO.h ****         {
 139:../DaisyExamples/libDaisy/src/util/FIFO.h ****             if(buffer_[idx] == element)
 140:../DaisyExamples/libDaisy/src/util/FIFO.h ****                 return true;
 141:../DaisyExamples/libDaisy/src/util/FIFO.h ****             idx++;
 142:../DaisyExamples/libDaisy/src/util/FIFO.h ****             if(idx >= bufferSize_)
 143:../DaisyExamples/libDaisy/src/util/FIFO.h ****                 idx -= bufferSize_;
 144:../DaisyExamples/libDaisy/src/util/FIFO.h ****         }
 145:../DaisyExamples/libDaisy/src/util/FIFO.h ****         return false;
 146:../DaisyExamples/libDaisy/src/util/FIFO.h ****     }
 147:../DaisyExamples/libDaisy/src/util/FIFO.h **** 
 148:../DaisyExamples/libDaisy/src/util/FIFO.h ****     /** Returns the number of elements in the buffer that are equal to the provided value */
 149:../DaisyExamples/libDaisy/src/util/FIFO.h ****     size_t CountEqualTo(const T& element)
ARM GAS  C:\Users\22bur\AppData\Local\Temp\ccVzMWQh.s 			page 13


 150:../DaisyExamples/libDaisy/src/util/FIFO.h ****     {
 151:../DaisyExamples/libDaisy/src/util/FIFO.h ****         size_t result = 0;
 152:../DaisyExamples/libDaisy/src/util/FIFO.h ****         size_t idx    = bufferOut_;
 153:../DaisyExamples/libDaisy/src/util/FIFO.h ****         while(idx != bufferIn_)
 154:../DaisyExamples/libDaisy/src/util/FIFO.h ****         {
 155:../DaisyExamples/libDaisy/src/util/FIFO.h ****             if(buffer_[idx] == element)
 156:../DaisyExamples/libDaisy/src/util/FIFO.h ****                 result++;
 157:../DaisyExamples/libDaisy/src/util/FIFO.h ****             idx++;
 158:../DaisyExamples/libDaisy/src/util/FIFO.h ****             if(idx >= bufferSize_)
 159:../DaisyExamples/libDaisy/src/util/FIFO.h ****                 idx -= bufferSize_;
 160:../DaisyExamples/libDaisy/src/util/FIFO.h ****         }
 161:../DaisyExamples/libDaisy/src/util/FIFO.h ****         return result;
 162:../DaisyExamples/libDaisy/src/util/FIFO.h ****     }
 163:../DaisyExamples/libDaisy/src/util/FIFO.h **** 
 164:../DaisyExamples/libDaisy/src/util/FIFO.h ****     /** returns true, if the buffer is empty */
 165:../DaisyExamples/libDaisy/src/util/FIFO.h ****     bool IsEmpty() const { return bufferIn_ == bufferOut_; }
 166:../DaisyExamples/libDaisy/src/util/FIFO.h **** 
 167:../DaisyExamples/libDaisy/src/util/FIFO.h ****     /** returns true, if the buffer is Full */
 168:../DaisyExamples/libDaisy/src/util/FIFO.h ****     bool IsFull() const { return GetNumElements() == bufferSize_ - 1; }
 169:../DaisyExamples/libDaisy/src/util/FIFO.h **** 
 170:../DaisyExamples/libDaisy/src/util/FIFO.h ****     /** returns the number of elements in the buffer */
 171:../DaisyExamples/libDaisy/src/util/FIFO.h ****     size_t GetNumElements() const
 172:../DaisyExamples/libDaisy/src/util/FIFO.h ****     {
 173:../DaisyExamples/libDaisy/src/util/FIFO.h ****         int32_t numElements = bufferIn_ - bufferOut_;
 174:../DaisyExamples/libDaisy/src/util/FIFO.h ****         if(numElements < 0)
 175:../DaisyExamples/libDaisy/src/util/FIFO.h ****             numElements += bufferSize_;
 176:../DaisyExamples/libDaisy/src/util/FIFO.h ****         return size_t(numElements);
 177:../DaisyExamples/libDaisy/src/util/FIFO.h ****     }
 178:../DaisyExamples/libDaisy/src/util/FIFO.h **** 
 179:../DaisyExamples/libDaisy/src/util/FIFO.h ****     /** inserts an element "idx" positions behind the first element and returns true if successful 
 180:../DaisyExamples/libDaisy/src/util/FIFO.h ****     bool Insert(size_t idx, const T& element)
 181:../DaisyExamples/libDaisy/src/util/FIFO.h ****     {
 182:../DaisyExamples/libDaisy/src/util/FIFO.h ****         if(idx > GetNumElements())
 183:../DaisyExamples/libDaisy/src/util/FIFO.h ****             return false;
 184:../DaisyExamples/libDaisy/src/util/FIFO.h ****         if(IsFull())
 185:../DaisyExamples/libDaisy/src/util/FIFO.h ****             return false;
 186:../DaisyExamples/libDaisy/src/util/FIFO.h ****         if(idx == GetNumElements())
 187:../DaisyExamples/libDaisy/src/util/FIFO.h ****         {
 188:../DaisyExamples/libDaisy/src/util/FIFO.h ****             PushBack(element);
 189:../DaisyExamples/libDaisy/src/util/FIFO.h ****             return true;
 190:../DaisyExamples/libDaisy/src/util/FIFO.h ****         }
 191:../DaisyExamples/libDaisy/src/util/FIFO.h ****         // copy last element
 192:../DaisyExamples/libDaisy/src/util/FIFO.h ****         PushBack(Back());
 193:../DaisyExamples/libDaisy/src/util/FIFO.h ****         // move remaining elements: n => n+1
 194:../DaisyExamples/libDaisy/src/util/FIFO.h ****         for(int i = GetNumElements() - 2; i > int(idx); i--)
 195:../DaisyExamples/libDaisy/src/util/FIFO.h ****             (*this)[i] = (*this)[i - 1];
 196:../DaisyExamples/libDaisy/src/util/FIFO.h ****         // insert element
 197:../DaisyExamples/libDaisy/src/util/FIFO.h ****         (*this)[idx] = element;
 198:../DaisyExamples/libDaisy/src/util/FIFO.h ****         return true;
 199:../DaisyExamples/libDaisy/src/util/FIFO.h ****     }
 200:../DaisyExamples/libDaisy/src/util/FIFO.h **** 
 201:../DaisyExamples/libDaisy/src/util/FIFO.h ****     /** removes the element "idx" positions behind the first element 
 202:../DaisyExamples/libDaisy/src/util/FIFO.h ****      *  and returns true if successful */
 203:../DaisyExamples/libDaisy/src/util/FIFO.h ****     bool Remove(size_t idx)
 204:../DaisyExamples/libDaisy/src/util/FIFO.h ****     {
 205:../DaisyExamples/libDaisy/src/util/FIFO.h ****         if(idx >= GetNumElements())
 206:../DaisyExamples/libDaisy/src/util/FIFO.h ****             return false;
ARM GAS  C:\Users\22bur\AppData\Local\Temp\ccVzMWQh.s 			page 14


 207:../DaisyExamples/libDaisy/src/util/FIFO.h **** 
 208:../DaisyExamples/libDaisy/src/util/FIFO.h ****         size_t index = bufferOut_ + idx;
 209:../DaisyExamples/libDaisy/src/util/FIFO.h ****         if(index >= bufferSize_)
 210:../DaisyExamples/libDaisy/src/util/FIFO.h ****             index -= bufferSize_;
 211:../DaisyExamples/libDaisy/src/util/FIFO.h ****         size_t nextIndex = index + 1;
 212:../DaisyExamples/libDaisy/src/util/FIFO.h ****         if(nextIndex >= bufferSize_)
 213:../DaisyExamples/libDaisy/src/util/FIFO.h ****             nextIndex -= bufferSize_;
 214:../DaisyExamples/libDaisy/src/util/FIFO.h **** 
 215:../DaisyExamples/libDaisy/src/util/FIFO.h ****         while(nextIndex != bufferIn_)
 216:../DaisyExamples/libDaisy/src/util/FIFO.h ****         {
 217:../DaisyExamples/libDaisy/src/util/FIFO.h ****             buffer_[index] = buffer_[nextIndex];
 218:../DaisyExamples/libDaisy/src/util/FIFO.h ****             index++;
 219:../DaisyExamples/libDaisy/src/util/FIFO.h ****             nextIndex++;
 220:../DaisyExamples/libDaisy/src/util/FIFO.h ****             if(index >= bufferSize_)
 221:../DaisyExamples/libDaisy/src/util/FIFO.h ****                 index -= bufferSize_;
 222:../DaisyExamples/libDaisy/src/util/FIFO.h ****             if(nextIndex >= bufferSize_)
 223:../DaisyExamples/libDaisy/src/util/FIFO.h ****                 nextIndex -= bufferSize_;
 224:../DaisyExamples/libDaisy/src/util/FIFO.h ****         }
 225:../DaisyExamples/libDaisy/src/util/FIFO.h **** 
 226:../DaisyExamples/libDaisy/src/util/FIFO.h ****         int32_t nextBufferIn = int32_t(bufferIn_) - 1;
 227:../DaisyExamples/libDaisy/src/util/FIFO.h ****         if(nextBufferIn < 0)
 228:../DaisyExamples/libDaisy/src/util/FIFO.h ****             nextBufferIn += bufferSize_;
 229:../DaisyExamples/libDaisy/src/util/FIFO.h ****         bufferIn_ = size_t(nextBufferIn);
 230:../DaisyExamples/libDaisy/src/util/FIFO.h **** 
 231:../DaisyExamples/libDaisy/src/util/FIFO.h ****         return true;
 232:../DaisyExamples/libDaisy/src/util/FIFO.h ****     }
 233:../DaisyExamples/libDaisy/src/util/FIFO.h **** 
 234:../DaisyExamples/libDaisy/src/util/FIFO.h ****     /** removes all elements from the buffer for which
 235:../DaisyExamples/libDaisy/src/util/FIFO.h ****         (buffer(index) == element) returns true and returns the number of
 236:../DaisyExamples/libDaisy/src/util/FIFO.h ****         elements that were removed. */
 237:../DaisyExamples/libDaisy/src/util/FIFO.h ****     size_t RemoveAllEqualTo(const T& element)
 238:../DaisyExamples/libDaisy/src/util/FIFO.h ****     {
 239:../DaisyExamples/libDaisy/src/util/FIFO.h ****         size_t numRemoved = 0;
 240:../DaisyExamples/libDaisy/src/util/FIFO.h ****         int    idx        = GetNumElements() - 1;
 241:../DaisyExamples/libDaisy/src/util/FIFO.h ****         while(idx >= 0)
 242:../DaisyExamples/libDaisy/src/util/FIFO.h ****         {
 243:../DaisyExamples/libDaisy/src/util/FIFO.h ****             if((*this)[idx] == element)
 244:../DaisyExamples/libDaisy/src/util/FIFO.h ****             {
 245:../DaisyExamples/libDaisy/src/util/FIFO.h ****                 numRemoved++;
 246:../DaisyExamples/libDaisy/src/util/FIFO.h ****                 Remove(idx);
 247:../DaisyExamples/libDaisy/src/util/FIFO.h ****                 // was that the last element?
 248:../DaisyExamples/libDaisy/src/util/FIFO.h ****                 if(idx == int(GetNumElements()) - 1)
 249:../DaisyExamples/libDaisy/src/util/FIFO.h ****                     idx--;
 250:../DaisyExamples/libDaisy/src/util/FIFO.h ****             }
 251:../DaisyExamples/libDaisy/src/util/FIFO.h ****             else
 252:../DaisyExamples/libDaisy/src/util/FIFO.h ****                 idx--;
 253:../DaisyExamples/libDaisy/src/util/FIFO.h ****         }
 254:../DaisyExamples/libDaisy/src/util/FIFO.h ****         return numRemoved;
 255:../DaisyExamples/libDaisy/src/util/FIFO.h ****     }
 256:../DaisyExamples/libDaisy/src/util/FIFO.h **** 
 257:../DaisyExamples/libDaisy/src/util/FIFO.h ****     /** returns the element "idx" positions behind the first element */
 258:../DaisyExamples/libDaisy/src/util/FIFO.h ****     T& operator[](size_t idx)
 259:../DaisyExamples/libDaisy/src/util/FIFO.h ****     {
 260:../DaisyExamples/libDaisy/src/util/FIFO.h ****         if(idx >= GetNumElements())
 261:../DaisyExamples/libDaisy/src/util/FIFO.h ****             // invalid, but better not pass a temporary T() object as a reference...
 262:../DaisyExamples/libDaisy/src/util/FIFO.h ****             return buffer_[0];
 263:../DaisyExamples/libDaisy/src/util/FIFO.h **** 
ARM GAS  C:\Users\22bur\AppData\Local\Temp\ccVzMWQh.s 			page 15


 264:../DaisyExamples/libDaisy/src/util/FIFO.h ****         size_t index = bufferOut_ + idx;
 265:../DaisyExamples/libDaisy/src/util/FIFO.h ****         if(index >= bufferSize_)
 266:../DaisyExamples/libDaisy/src/util/FIFO.h ****             index -= bufferSize_;
 267:../DaisyExamples/libDaisy/src/util/FIFO.h ****         return buffer_[index];
 268:../DaisyExamples/libDaisy/src/util/FIFO.h ****     }
 269:../DaisyExamples/libDaisy/src/util/FIFO.h **** 
 270:../DaisyExamples/libDaisy/src/util/FIFO.h ****     /** returns the element "idx" positions behind the first element */
 271:../DaisyExamples/libDaisy/src/util/FIFO.h ****     const T& operator[](size_t idx) const
 272:../DaisyExamples/libDaisy/src/util/FIFO.h ****     {
 273:../DaisyExamples/libDaisy/src/util/FIFO.h ****         if(idx >= GetNumElements())
 274:../DaisyExamples/libDaisy/src/util/FIFO.h ****             // invalid, but better not pass a temporary T() object as a reference...
 275:../DaisyExamples/libDaisy/src/util/FIFO.h ****             return buffer_[0];
 276:../DaisyExamples/libDaisy/src/util/FIFO.h **** 
 277:../DaisyExamples/libDaisy/src/util/FIFO.h ****         size_t index = bufferOut_ + idx;
 278:../DaisyExamples/libDaisy/src/util/FIFO.h ****         if(index >= bufferSize_)
 279:../DaisyExamples/libDaisy/src/util/FIFO.h ****             index -= bufferSize_;
 280:../DaisyExamples/libDaisy/src/util/FIFO.h ****         return buffer_[index];
 281:../DaisyExamples/libDaisy/src/util/FIFO.h ****     }
 282:../DaisyExamples/libDaisy/src/util/FIFO.h **** 
 283:../DaisyExamples/libDaisy/src/util/FIFO.h ****     /** returns the total capacity */
 284:../DaisyExamples/libDaisy/src/util/FIFO.h ****     size_t GetCapacity() const { return bufferSize_ - 1; }
 285:../DaisyExamples/libDaisy/src/util/FIFO.h **** 
 286:../DaisyExamples/libDaisy/src/util/FIFO.h ****   private:
 287:../DaisyExamples/libDaisy/src/util/FIFO.h ****     FIFOBase(const FIFOBase<T>&) {} // non copyable
 288:../DaisyExamples/libDaisy/src/util/FIFO.h **** 
 289:../DaisyExamples/libDaisy/src/util/FIFO.h ****   private:
 290:../DaisyExamples/libDaisy/src/util/FIFO.h ****     T*           buffer_;
 291:../DaisyExamples/libDaisy/src/util/FIFO.h ****     const size_t bufferSize_;
 292:../DaisyExamples/libDaisy/src/util/FIFO.h ****     size_t       bufferIn_;
 293:../DaisyExamples/libDaisy/src/util/FIFO.h ****     size_t       bufferOut_;
 294:../DaisyExamples/libDaisy/src/util/FIFO.h **** };
 295:../DaisyExamples/libDaisy/src/util/FIFO.h **** 
 296:../DaisyExamples/libDaisy/src/util/FIFO.h **** /** A simple FIFO ring buffer with a fixed size. */
 297:../DaisyExamples/libDaisy/src/util/FIFO.h **** template <typename T, size_t capacity>
 298:../DaisyExamples/libDaisy/src/util/FIFO.h **** class FIFO : public FIFOBase<T>
 125              		.loc 8 298 7 is_stmt 1 view -0
 126              		.cfi_startproc
 127              		@ args = 0, pretend = 0, frame = 0
 128              		@ frame_needed = 0, uses_anonymous_args = 0
 129              		@ link register save eliminated.
 130              	.LBB269:
 131              	.LBI269:
  42:../DaisyExamples/libDaisy/src/util/FIFO.h **** 
 132              		.loc 8 42 5 view .LVU15
  42:../DaisyExamples/libDaisy/src/util/FIFO.h **** 
 133              		.loc 8 42 5 is_stmt 0 view .LVU16
 134              	.LBE269:
 135              		.loc 8 298 7 view .LVU17
 136 0000 7047     		bx	lr
 137              		.cfi_endproc
 138              	.LFE5333:
 140              		.weak	_ZN5daisy4FIFOINS_9MidiEventELj128EED1Ev
 141              		.thumb_set _ZN5daisy4FIFOINS_9MidiEventELj128EED1Ev,_ZN5daisy4FIFOINS_9MidiEventELj128EED2Ev
 142 0002 00BF     		.section	.text._ZN5daisy11MidiHandlerINS_17MidiUartTransportEED2Ev,"axG",%progbits,_ZN5daisy11Midi
 143              		.align	1
 144              		.p2align 2,,3
 145              		.weak	_ZN5daisy11MidiHandlerINS_17MidiUartTransportEED2Ev
ARM GAS  C:\Users\22bur\AppData\Local\Temp\ccVzMWQh.s 			page 16


 146              		.syntax unified
 147              		.thumb
 148              		.thumb_func
 149              		.fpu fpv5-d16
 151              	_ZN5daisy11MidiHandlerINS_17MidiUartTransportEED2Ev:
 152              	.LVL3:
 153              	.LFB5336:
 154              		.file 9 "../DaisyExamples/libDaisy/src/hid/midi.h"
   1:../DaisyExamples/libDaisy/src/hid/midi.h **** #pragma once
   2:../DaisyExamples/libDaisy/src/hid/midi.h **** #ifndef DSY_MIDI_H
   3:../DaisyExamples/libDaisy/src/hid/midi.h **** #define DSY_MIDI_H
   4:../DaisyExamples/libDaisy/src/hid/midi.h **** 
   5:../DaisyExamples/libDaisy/src/hid/midi.h **** #include <stdint.h>
   6:../DaisyExamples/libDaisy/src/hid/midi.h **** #include <stdlib.h>
   7:../DaisyExamples/libDaisy/src/hid/midi.h **** #include <algorithm>
   8:../DaisyExamples/libDaisy/src/hid/midi.h **** #include "per/uart.h"
   9:../DaisyExamples/libDaisy/src/hid/midi.h **** #include "util/ringbuffer.h"
  10:../DaisyExamples/libDaisy/src/hid/midi.h **** #include "util/FIFO.h"
  11:../DaisyExamples/libDaisy/src/hid/midi.h **** #include "hid/midi_parser.h"
  12:../DaisyExamples/libDaisy/src/hid/midi.h **** #include "hid/usb_midi.h"
  13:../DaisyExamples/libDaisy/src/hid/midi.h **** #include "sys/dma.h"
  14:../DaisyExamples/libDaisy/src/hid/midi.h **** #include "sys/system.h"
  15:../DaisyExamples/libDaisy/src/hid/midi.h **** 
  16:../DaisyExamples/libDaisy/src/hid/midi.h **** namespace daisy
  17:../DaisyExamples/libDaisy/src/hid/midi.h **** {
  18:../DaisyExamples/libDaisy/src/hid/midi.h **** /** @brief   Transport layer for sending and receiving MIDI data over UART
  19:../DaisyExamples/libDaisy/src/hid/midi.h ****  *  @details This is the mode of communication used for TRS and DIN MIDI
  20:../DaisyExamples/libDaisy/src/hid/midi.h ****  *           There is an additional 2kB of RAM data used within this class
  21:../DaisyExamples/libDaisy/src/hid/midi.h ****  *           for processing bulk data from the UART peripheral
  22:../DaisyExamples/libDaisy/src/hid/midi.h ****  *  @ingroup midi
  23:../DaisyExamples/libDaisy/src/hid/midi.h **** */
  24:../DaisyExamples/libDaisy/src/hid/midi.h **** class MidiUartTransport
  25:../DaisyExamples/libDaisy/src/hid/midi.h **** {
  26:../DaisyExamples/libDaisy/src/hid/midi.h ****   public:
  27:../DaisyExamples/libDaisy/src/hid/midi.h ****     typedef void (*MidiRxParseCallback)(uint8_t* data,
  28:../DaisyExamples/libDaisy/src/hid/midi.h ****                                         size_t   size,
  29:../DaisyExamples/libDaisy/src/hid/midi.h ****                                         void*    context);
  30:../DaisyExamples/libDaisy/src/hid/midi.h **** 
  31:../DaisyExamples/libDaisy/src/hid/midi.h ****     MidiUartTransport() {}
  32:../DaisyExamples/libDaisy/src/hid/midi.h ****     ~MidiUartTransport() {}
  33:../DaisyExamples/libDaisy/src/hid/midi.h **** 
  34:../DaisyExamples/libDaisy/src/hid/midi.h ****     /** @brief Configuration structure for UART MIDI */
  35:../DaisyExamples/libDaisy/src/hid/midi.h ****     struct Config
  36:../DaisyExamples/libDaisy/src/hid/midi.h ****     {
  37:../DaisyExamples/libDaisy/src/hid/midi.h ****         UartHandler::Config::Peripheral periph;
  38:../DaisyExamples/libDaisy/src/hid/midi.h ****         dsy_gpio_pin                    rx;
  39:../DaisyExamples/libDaisy/src/hid/midi.h ****         dsy_gpio_pin                    tx;
  40:../DaisyExamples/libDaisy/src/hid/midi.h **** 
  41:../DaisyExamples/libDaisy/src/hid/midi.h ****         /** Pointer to buffer for DMA UART rx byte transfer in background.
  42:../DaisyExamples/libDaisy/src/hid/midi.h ****          *
  43:../DaisyExamples/libDaisy/src/hid/midi.h ****          *  @details By default this uses a shared buffer in DMA_BUFFER_MEM_SECTION,
  44:../DaisyExamples/libDaisy/src/hid/midi.h ****          *           which can only be utilized for a single UART peripheral. To
  45:../DaisyExamples/libDaisy/src/hid/midi.h ****          *           use MIDI with multiple UART peripherals, you must provide your own
  46:../DaisyExamples/libDaisy/src/hid/midi.h ****          *           buffer, allocated to a DMA-capable memory section.
  47:../DaisyExamples/libDaisy/src/hid/midi.h ****          */
  48:../DaisyExamples/libDaisy/src/hid/midi.h ****         uint8_t* rx_buffer;
  49:../DaisyExamples/libDaisy/src/hid/midi.h **** 
ARM GAS  C:\Users\22bur\AppData\Local\Temp\ccVzMWQh.s 			page 17


  50:../DaisyExamples/libDaisy/src/hid/midi.h ****         /** Size in bytes of rx_buffer.
  51:../DaisyExamples/libDaisy/src/hid/midi.h ****          *
  52:../DaisyExamples/libDaisy/src/hid/midi.h ****          *  @details This size determines the maximum Rx bytes readable by the UART in the backgrou
  53:../DaisyExamples/libDaisy/src/hid/midi.h ****          *           By default it's set to the size of the default shared rx_buffer (256 bytes).
  54:../DaisyExamples/libDaisy/src/hid/midi.h ****          *           While much smaller sizes can be used, data can get missed if the buffer is too
  55:../DaisyExamples/libDaisy/src/hid/midi.h ****          */
  56:../DaisyExamples/libDaisy/src/hid/midi.h ****         size_t rx_buffer_size;
  57:../DaisyExamples/libDaisy/src/hid/midi.h **** 
  58:../DaisyExamples/libDaisy/src/hid/midi.h ****         Config();
  59:../DaisyExamples/libDaisy/src/hid/midi.h ****     };
  60:../DaisyExamples/libDaisy/src/hid/midi.h **** 
  61:../DaisyExamples/libDaisy/src/hid/midi.h ****     /** @brief Initialization of UART using config struct */
  62:../DaisyExamples/libDaisy/src/hid/midi.h ****     inline void Init(Config config)
  63:../DaisyExamples/libDaisy/src/hid/midi.h ****     {
  64:../DaisyExamples/libDaisy/src/hid/midi.h ****         UartHandler::Config uart_config;
  65:../DaisyExamples/libDaisy/src/hid/midi.h **** 
  66:../DaisyExamples/libDaisy/src/hid/midi.h ****         //defaults
  67:../DaisyExamples/libDaisy/src/hid/midi.h ****         uart_config.baudrate   = 31250;
  68:../DaisyExamples/libDaisy/src/hid/midi.h ****         uart_config.stopbits   = UartHandler::Config::StopBits::BITS_1;
  69:../DaisyExamples/libDaisy/src/hid/midi.h ****         uart_config.parity     = UartHandler::Config::Parity::NONE;
  70:../DaisyExamples/libDaisy/src/hid/midi.h ****         uart_config.mode       = UartHandler::Config::Mode::TX_RX;
  71:../DaisyExamples/libDaisy/src/hid/midi.h ****         uart_config.wordlength = UartHandler::Config::WordLength::BITS_8;
  72:../DaisyExamples/libDaisy/src/hid/midi.h **** 
  73:../DaisyExamples/libDaisy/src/hid/midi.h ****         //user settings
  74:../DaisyExamples/libDaisy/src/hid/midi.h ****         uart_config.periph        = config.periph;
  75:../DaisyExamples/libDaisy/src/hid/midi.h ****         uart_config.pin_config.rx = config.rx;
  76:../DaisyExamples/libDaisy/src/hid/midi.h ****         uart_config.pin_config.tx = config.tx;
  77:../DaisyExamples/libDaisy/src/hid/midi.h **** 
  78:../DaisyExamples/libDaisy/src/hid/midi.h ****         rx_buffer      = config.rx_buffer;
  79:../DaisyExamples/libDaisy/src/hid/midi.h ****         rx_buffer_size = config.rx_buffer_size;
  80:../DaisyExamples/libDaisy/src/hid/midi.h **** 
  81:../DaisyExamples/libDaisy/src/hid/midi.h ****         /** zero the buffer to ensure emptiness regardless of source memory */
  82:../DaisyExamples/libDaisy/src/hid/midi.h ****         std::fill(rx_buffer, rx_buffer + rx_buffer_size, 0);
  83:../DaisyExamples/libDaisy/src/hid/midi.h **** 
  84:../DaisyExamples/libDaisy/src/hid/midi.h ****         uart_.Init(uart_config);
  85:../DaisyExamples/libDaisy/src/hid/midi.h ****     }
  86:../DaisyExamples/libDaisy/src/hid/midi.h **** 
  87:../DaisyExamples/libDaisy/src/hid/midi.h ****     /** @brief Start the UART peripheral in listening mode.
  88:../DaisyExamples/libDaisy/src/hid/midi.h ****      *  This will fill an internal data structure in the background */
  89:../DaisyExamples/libDaisy/src/hid/midi.h ****     inline void StartRx(MidiRxParseCallback parse_callback, void* context)
  90:../DaisyExamples/libDaisy/src/hid/midi.h ****     {
  91:../DaisyExamples/libDaisy/src/hid/midi.h ****         parse_context_  = context;
  92:../DaisyExamples/libDaisy/src/hid/midi.h ****         parse_callback_ = parse_callback;
  93:../DaisyExamples/libDaisy/src/hid/midi.h ****         dsy_dma_clear_cache_for_buffer((uint8_t*)this,
  94:../DaisyExamples/libDaisy/src/hid/midi.h ****                                        sizeof(MidiUartTransport));
  95:../DaisyExamples/libDaisy/src/hid/midi.h ****         uart_.DmaListenStart(
  96:../DaisyExamples/libDaisy/src/hid/midi.h ****             rx_buffer, rx_buffer_size, MidiUartTransport::rxCallback, this);
  97:../DaisyExamples/libDaisy/src/hid/midi.h ****     }
  98:../DaisyExamples/libDaisy/src/hid/midi.h **** 
  99:../DaisyExamples/libDaisy/src/hid/midi.h ****     /** @brief returns whether the UART peripheral is actively listening in the background or not *
 100:../DaisyExamples/libDaisy/src/hid/midi.h ****     inline bool RxActive() { return uart_.IsListening(); }
 101:../DaisyExamples/libDaisy/src/hid/midi.h **** 
 102:../DaisyExamples/libDaisy/src/hid/midi.h ****     /** @brief This is a no-op for UART transport - Rx is via DMA callback with circular buffer */
 103:../DaisyExamples/libDaisy/src/hid/midi.h ****     inline void FlushRx() {}
 104:../DaisyExamples/libDaisy/src/hid/midi.h **** 
 105:../DaisyExamples/libDaisy/src/hid/midi.h ****     /** @brief sends the buffer of bytes out of the UART peripheral */
 106:../DaisyExamples/libDaisy/src/hid/midi.h ****     inline void Tx(uint8_t* buff, size_t size) { uart_.PollTx(buff, size); }
ARM GAS  C:\Users\22bur\AppData\Local\Temp\ccVzMWQh.s 			page 18


 107:../DaisyExamples/libDaisy/src/hid/midi.h **** 
 108:../DaisyExamples/libDaisy/src/hid/midi.h ****   private:
 109:../DaisyExamples/libDaisy/src/hid/midi.h ****     UartHandler         uart_;
 110:../DaisyExamples/libDaisy/src/hid/midi.h ****     uint8_t*            rx_buffer;
 111:../DaisyExamples/libDaisy/src/hid/midi.h ****     size_t              rx_buffer_size;
 112:../DaisyExamples/libDaisy/src/hid/midi.h ****     void*               parse_context_;
 113:../DaisyExamples/libDaisy/src/hid/midi.h ****     MidiRxParseCallback parse_callback_;
 114:../DaisyExamples/libDaisy/src/hid/midi.h **** 
 115:../DaisyExamples/libDaisy/src/hid/midi.h ****     /** Static callback for Uart MIDI that occurs when
 116:../DaisyExamples/libDaisy/src/hid/midi.h ****          *  new data is available from the peripheral.
 117:../DaisyExamples/libDaisy/src/hid/midi.h ****          *  The new data is transferred from the peripheral to the
 118:../DaisyExamples/libDaisy/src/hid/midi.h ****          *  MIDI instance's byte FIFO that feeds the MIDI parser.
 119:../DaisyExamples/libDaisy/src/hid/midi.h ****          *
 120:../DaisyExamples/libDaisy/src/hid/midi.h ****          *  TODO: Handle UartHandler errors better/at all.
 121:../DaisyExamples/libDaisy/src/hid/midi.h ****          *  (If there is a UART error, there's not really any recovery
 122:../DaisyExamples/libDaisy/src/hid/midi.h ****          *  option at the moment)
 123:../DaisyExamples/libDaisy/src/hid/midi.h ****          */
 124:../DaisyExamples/libDaisy/src/hid/midi.h ****     static void rxCallback(uint8_t*            data,
 125:../DaisyExamples/libDaisy/src/hid/midi.h ****                            size_t              size,
 126:../DaisyExamples/libDaisy/src/hid/midi.h ****                            void*               context,
 127:../DaisyExamples/libDaisy/src/hid/midi.h ****                            UartHandler::Result res)
 128:../DaisyExamples/libDaisy/src/hid/midi.h ****     {
 129:../DaisyExamples/libDaisy/src/hid/midi.h ****         /** Read context as transport type */
 130:../DaisyExamples/libDaisy/src/hid/midi.h ****         MidiUartTransport* transport
 131:../DaisyExamples/libDaisy/src/hid/midi.h ****             = reinterpret_cast<MidiUartTransport*>(context);
 132:../DaisyExamples/libDaisy/src/hid/midi.h ****         if(res == UartHandler::Result::OK)
 133:../DaisyExamples/libDaisy/src/hid/midi.h ****         {
 134:../DaisyExamples/libDaisy/src/hid/midi.h ****             if(transport->parse_callback_)
 135:../DaisyExamples/libDaisy/src/hid/midi.h ****             {
 136:../DaisyExamples/libDaisy/src/hid/midi.h ****                 transport->parse_callback_(
 137:../DaisyExamples/libDaisy/src/hid/midi.h ****                     data, size, transport->parse_context_);
 138:../DaisyExamples/libDaisy/src/hid/midi.h ****             }
 139:../DaisyExamples/libDaisy/src/hid/midi.h ****         }
 140:../DaisyExamples/libDaisy/src/hid/midi.h ****     }
 141:../DaisyExamples/libDaisy/src/hid/midi.h **** };
 142:../DaisyExamples/libDaisy/src/hid/midi.h **** 
 143:../DaisyExamples/libDaisy/src/hid/midi.h **** /**
 144:../DaisyExamples/libDaisy/src/hid/midi.h ****     @brief Simple MIDI Handler \n
 145:../DaisyExamples/libDaisy/src/hid/midi.h ****     Parses bytes from an input into valid MidiEvents. \n
 146:../DaisyExamples/libDaisy/src/hid/midi.h ****     The MidiEvents fill a FIFO queue that the user can pop messages from.
 147:../DaisyExamples/libDaisy/src/hid/midi.h ****     @author shensley
 148:../DaisyExamples/libDaisy/src/hid/midi.h ****     @date March 2020
 149:../DaisyExamples/libDaisy/src/hid/midi.h ****     @ingroup midi
 150:../DaisyExamples/libDaisy/src/hid/midi.h **** */
 151:../DaisyExamples/libDaisy/src/hid/midi.h **** template <typename Transport>
 152:../DaisyExamples/libDaisy/src/hid/midi.h **** class MidiHandler
 153:../DaisyExamples/libDaisy/src/hid/midi.h **** {
 154:../DaisyExamples/libDaisy/src/hid/midi.h ****   public:
 155:../DaisyExamples/libDaisy/src/hid/midi.h ****     MidiHandler() {}
 156:../DaisyExamples/libDaisy/src/hid/midi.h ****     ~MidiHandler() {}
 155              		.loc 9 156 5 is_stmt 1 view -0
 156              		.cfi_startproc
 157              		@ args = 0, pretend = 0, frame = 0
 158              		@ frame_needed = 0, uses_anonymous_args = 0
 159              		@ link register save eliminated.
 160              	.LBB270:
 161              	.LBI270:
ARM GAS  C:\Users\22bur\AppData\Local\Temp\ccVzMWQh.s 			page 19


 162              		.loc 8 298 7 view .LVU19
 163              	.LBB271:
 164              	.LBI271:
  42:../DaisyExamples/libDaisy/src/util/FIFO.h **** 
 165              		.loc 8 42 5 view .LVU20
  42:../DaisyExamples/libDaisy/src/util/FIFO.h **** 
 166              		.loc 8 42 5 is_stmt 0 view .LVU21
 167              	.LBE271:
 168              	.LBE270:
 169              	.LBB272:
 170              	.LBI272:
 171              		.file 10 "../DaisyExamples/libDaisy/src/hid/midi_parser.h"
   1:../DaisyExamples/libDaisy/src/hid/midi_parser.h **** #pragma once
   2:../DaisyExamples/libDaisy/src/hid/midi_parser.h **** #ifndef DSY_MIDI_PARSER_H
   3:../DaisyExamples/libDaisy/src/hid/midi_parser.h **** #define DSY_MIDI_PARSER_H
   4:../DaisyExamples/libDaisy/src/hid/midi_parser.h **** 
   5:../DaisyExamples/libDaisy/src/hid/midi_parser.h **** #include <stdint.h>
   6:../DaisyExamples/libDaisy/src/hid/midi_parser.h **** #include <stdlib.h>
   7:../DaisyExamples/libDaisy/src/hid/midi_parser.h **** #include "hid/MidiEvent.h"
   8:../DaisyExamples/libDaisy/src/hid/midi_parser.h **** 
   9:../DaisyExamples/libDaisy/src/hid/midi_parser.h **** namespace daisy
  10:../DaisyExamples/libDaisy/src/hid/midi_parser.h **** {
  11:../DaisyExamples/libDaisy/src/hid/midi_parser.h **** /** @brief   Utility class for parsing raw byte streams into MIDI messages
  12:../DaisyExamples/libDaisy/src/hid/midi_parser.h ****  *  @details Implemented as a state machine designed to parse one byte at a time
  13:../DaisyExamples/libDaisy/src/hid/midi_parser.h ****  *  @ingroup midi
  14:../DaisyExamples/libDaisy/src/hid/midi_parser.h ****  */
  15:../DaisyExamples/libDaisy/src/hid/midi_parser.h **** class MidiParser
  16:../DaisyExamples/libDaisy/src/hid/midi_parser.h **** {
  17:../DaisyExamples/libDaisy/src/hid/midi_parser.h ****   public:
  18:../DaisyExamples/libDaisy/src/hid/midi_parser.h ****     MidiParser(){};
  19:../DaisyExamples/libDaisy/src/hid/midi_parser.h ****     ~MidiParser() {}
 172              		.loc 10 19 5 is_stmt 1 view .LVU22
 173              		.loc 10 19 5 is_stmt 0 view .LVU23
 174              	.LBE272:
 175              	.LBB273:
 176              	.LBI273:
  32:../DaisyExamples/libDaisy/src/hid/midi.h **** 
 177              		.loc 9 32 5 is_stmt 1 view .LVU24
  32:../DaisyExamples/libDaisy/src/hid/midi.h **** 
 178              		.loc 9 32 5 is_stmt 0 view .LVU25
 179              	.LBE273:
 180              		.loc 9 156 21 view .LVU26
 181 0000 7047     		bx	lr
 182              		.cfi_endproc
 183              	.LFE5336:
 185              		.weak	_ZN5daisy11MidiHandlerINS_17MidiUartTransportEED1Ev
 186              		.thumb_set _ZN5daisy11MidiHandlerINS_17MidiUartTransportEED1Ev,_ZN5daisy11MidiHandlerINS_17MidiUar
 187 0002 00BF     		.section	.text._Z13AudioCallbackPKPKfPPfj,"ax",%progbits
 188              		.align	1
 189              		.p2align 2,,3
 190              		.global	_Z13AudioCallbackPKPKfPPfj
 191              		.syntax unified
 192              		.thumb
 193              		.thumb_func
 194              		.fpu fpv5-d16
 196              	_Z13AudioCallbackPKPKfPPfj:
 197              	.LVL4:
ARM GAS  C:\Users\22bur\AppData\Local\Temp\ccVzMWQh.s 			page 20


 198              	.LFB4727:
  25:main.cpp      **** bool notes_on[8] = {0,0,0,0,0,0,0,0}; // bool to store if a note is currently being played
  26:main.cpp      **** 
  27:main.cpp      **** volatile float volume = 0.0f;      // Volume knob/pot
  28:main.cpp      **** volatile float wt_index = 0.0f;    // wavetable index knob/pot
  29:main.cpp      **** volatile float attack = 0.0;       // ADSR values
  30:main.cpp      **** volatile float decay = 0.0f;       // wavetable index knob/pot
  31:main.cpp      **** volatile float sustain = 0.0f;     // wavetable index knob/pot
  32:main.cpp      **** volatile float release = 0.0f;     // wavetable index knob/pot
  33:main.cpp      **** 
  34:main.cpp      **** /* max ADSR times */
  35:main.cpp      **** const float MAX_A = 7;
  36:main.cpp      **** const float MAX_D = 2.5;
  37:main.cpp      **** const float MAX_R = 1.75;
  38:main.cpp      **** 
  39:main.cpp      **** uint32_t now, log_time = System::GetNow(); // for periodic events
  40:main.cpp      **** 
  41:main.cpp      **** FIFO<MidiEvent, 128> event_log; // Midi message FIFO for printing
  42:main.cpp      **** 
  43:main.cpp      **** std::array<float, 8> oscillators_out;
  44:main.cpp      **** float mix = 0;
  45:main.cpp      **** 
  46:main.cpp      **** void GetMidiTypeAsString(MidiEvent& msg, char* str){
  47:main.cpp      ****     switch(msg.type){
  48:main.cpp      ****         case NoteOff: strcpy(str, "NoteOff"); break;
  49:main.cpp      ****         case NoteOn: strcpy(str, "NoteOn"); break;
  50:main.cpp      ****         case PolyphonicKeyPressure: strcpy(str, "PolyKeyPres."); break;
  51:main.cpp      ****         case ControlChange: strcpy(str, "CC"); break;
  52:main.cpp      ****         case ProgramChange: strcpy(str, "Prog. Change"); break;
  53:main.cpp      ****         case ChannelPressure: strcpy(str, "Chn. Pressure"); break;
  54:main.cpp      ****         case PitchBend: strcpy(str, "PitchBend"); break;
  55:main.cpp      ****         case SystemCommon: strcpy(str, "Sys. Common"); break;
  56:main.cpp      ****         case SystemRealTime: strcpy(str, "Sys. Realtime"); break;
  57:main.cpp      ****         case ChannelMode: strcpy(str, "Chn. Mode"); break;
  58:main.cpp      ****         default: strcpy(str, "Unknown"); break;
  59:main.cpp      ****     }
  60:main.cpp      **** }
  61:main.cpp      **** 
  62:main.cpp      **** void AudioCallback(AudioHandle::InputBuffer  in,
  63:main.cpp      ****                    AudioHandle::OutputBuffer out,
  64:main.cpp      ****                    size_t                    size)
  65:main.cpp      **** {
 199              		.loc 7 65 1 is_stmt 1 view -0
 200              		.cfi_startproc
 201              		@ args = 0, pretend = 0, frame = 32
 202              		@ frame_needed = 0, uses_anonymous_args = 0
  66:main.cpp      ****     for(size_t i = 0; i < size; i++){   // Process each sample
 203              		.loc 7 66 5 view .LVU28
 204              	.LBB274:
 205              		.loc 7 66 25 view .LVU29
 206 0000 002A     		cmp	r2, #0
 207 0002 50D0     		beq	.L14
 208              	.LBE274:
  65:main.cpp      ****     for(size_t i = 0; i < size; i++){   // Process each sample
 209              		.loc 7 65 1 is_stmt 0 view .LVU30
 210 0004 2DE9F04F 		push	{r4, r5, r6, r7, r8, r9, r10, fp, lr}
 211              		.cfi_def_cfa_offset 36
ARM GAS  C:\Users\22bur\AppData\Local\Temp\ccVzMWQh.s 			page 21


 212              		.cfi_offset 4, -36
 213              		.cfi_offset 5, -32
 214              		.cfi_offset 6, -28
 215              		.cfi_offset 7, -24
 216              		.cfi_offset 8, -20
 217              		.cfi_offset 9, -16
 218              		.cfi_offset 10, -12
 219              		.cfi_offset 11, -8
 220              		.cfi_offset 14, -4
 221 0008 8946     		mov	r9, r1
 222 000a 9246     		mov	r10, r2
 223              	.LBB280:
 224              		.loc 7 66 16 view .LVU31
 225 000c 4FF00008 		mov	r8, #0
 226 0010 274E     		ldr	r6, .L17+8
 227 0012 284F     		ldr	r7, .L17+12
 228              	.LBE280:
  65:main.cpp      ****     for(size_t i = 0; i < size; i++){   // Process each sample
 229              		.loc 7 65 1 view .LVU32
 230 0014 2DED028B 		vpush.64	{d8}
 231              		.cfi_def_cfa_offset 44
 232              		.cfi_offset 80, -44
 233              		.cfi_offset 81, -40
 234 0018 89B0     		sub	sp, sp, #36
 235              		.cfi_def_cfa_offset 80
 236              	.LVL5:
 237              	.L8:
 238              	.LBB281:
 239              	.LBB275:
  67:main.cpp      ****         oscillators_out = wt.Process();     // Process each oscillator
 240              		.loc 7 67 9 is_stmt 1 view .LVU33
 241              		.loc 7 67 38 is_stmt 0 view .LVU34
 242 001a 2749     		ldr	r1, .L17+16
 243 001c 6846     		mov	r0, sp
 244 001e FFF7FEFF 		bl	_ZN9Wavetable7ProcessEv
 245              	.LVL6:
 246 0022 EC46     		mov	ip, sp
 247 0024 254C     		ldr	r4, .L17+20
 248              	.LBB276:
  68:main.cpp      ****         for(int j = 0; j < 8; j++){ 
  69:main.cpp      ****             mix = mix + (oscillators_out[j] * adsr[j].Process(notes_on[j]) * 0.20); // sum the osci
 249              		.loc 7 69 19 view .LVU35
 250 0026 96ED008A 		vldr.32	s16, [r6]
 251 002a 254D     		ldr	r5, .L17+24
 252 002c DFF898B0 		ldr	fp, .L17+32
 253              	.LBE276:
  67:main.cpp      ****         oscillators_out = wt.Process();     // Process each oscillator
 254              		.loc 7 67 38 view .LVU36
 255 0030 BCE80F00 		ldmia	ip!, {r0, r1, r2, r3}
 256 0034 0FC4     		stmia	r4!, {r0, r1, r2, r3}
 257 0036 9CE80F00 		ldm	ip, {r0, r1, r2, r3}
 258 003a 84E80F00 		stm	r4, {r0, r1, r2, r3}
  68:main.cpp      ****         for(int j = 0; j < 8; j++){ 
 259              		.loc 7 68 9 is_stmt 1 view .LVU37
 260              	.LVL7:
 261              	.LBB277:
  68:main.cpp      ****         for(int j = 0; j < 8; j++){ 
ARM GAS  C:\Users\22bur\AppData\Local\Temp\ccVzMWQh.s 			page 22


 262              		.loc 7 68 26 view .LVU38
 263 003e 103C     		subs	r4, r4, #16
 264              	.LVL8:
 265              	.L9:
 266              		.loc 7 69 13 discriminator 2 view .LVU39
 267              		.loc 7 69 45 is_stmt 0 discriminator 2 view .LVU40
 268 0040 F4EC018A 		vldmia.32	r4!, {s17}
 269              		.loc 7 69 62 discriminator 2 view .LVU41
 270 0044 5846     		mov	r0, fp
 271 0046 15F8011F 		ldrb	r1, [r5, #1]!	@ zero_extendqisi2
 272              	.LVL9:
  68:main.cpp      ****         for(int j = 0; j < 8; j++){ 
 273              		.loc 7 68 26 discriminator 2 view .LVU42
 274 004a 0BF1300B 		add	fp, fp, #48
 275              		.loc 7 69 62 discriminator 2 view .LVU43
 276 004e FFF7FEFF 		bl	_ZN7daisysp4Adsr7ProcessEb
 277              	.LVL10:
 278              		.loc 7 69 45 discriminator 2 view .LVU44
 279 0052 28EE800A 		vmul.f32	s0, s17, s0
 280              		.loc 7 69 19 discriminator 2 view .LVU45
 281 0056 B7EEC87A 		vcvt.f64.f32	d7, s16
  68:main.cpp      ****         for(int j = 0; j < 8; j++){ 
 282              		.loc 7 68 26 discriminator 2 view .LVU46
 283 005a BC42     		cmp	r4, r7
 284              		.loc 7 69 23 discriminator 2 view .LVU47
 285 005c 9FED126B 		vldr.64	d6, .L17
 286              		.loc 7 69 45 discriminator 2 view .LVU48
 287 0060 B7EEC00A 		vcvt.f64.f32	d0, s0
 288              		.loc 7 69 23 discriminator 2 view .LVU49
 289 0064 A0EE067B 		vfma.f64	d7, d0, d6
 290 0068 B7EEC78B 		vcvt.f32.f64	s16, d7
 291              		.loc 7 69 17 discriminator 2 view .LVU50
 292 006c 86ED008A 		vstr.32	s16, [r6]
  68:main.cpp      ****         for(int j = 0; j < 8; j++){ 
 293              		.loc 7 68 9 is_stmt 1 discriminator 2 view .LVU51
 294              	.LVL11:
  68:main.cpp      ****         for(int j = 0; j < 8; j++){ 
 295              		.loc 7 68 26 discriminator 2 view .LVU52
 296 0070 E6D1     		bne	.L9
 297              	.LBE277:
  70:main.cpp      ****         }
  71:main.cpp      ****         out[0][i] = out[1][i] = mix * volume; // output
 298              		.loc 7 71 9 discriminator 2 view .LVU53
 299              		.loc 7 71 39 is_stmt 0 discriminator 2 view .LVU54
 300 0072 144B     		ldr	r3, .L17+28
  72:main.cpp      ****         mix = 0; // reset
 301              		.loc 7 72 13 discriminator 2 view .LVU55
 302 0074 0021     		movs	r1, #0
  71:main.cpp      ****         mix = 0; // reset
 303              		.loc 7 71 39 discriminator 2 view .LVU56
 304 0076 93ED007A 		vldr.32	s14, [r3]
  71:main.cpp      ****         mix = 0; // reset
 305              		.loc 7 71 19 discriminator 2 view .LVU57
 306 007a D9E90032 		ldrd	r3, r2, [r9]
  71:main.cpp      ****         mix = 0; // reset
 307              		.loc 7 71 37 discriminator 2 view .LVU58
 308 007e 28EE077A 		vmul.f32	s14, s16, s14
ARM GAS  C:\Users\22bur\AppData\Local\Temp\ccVzMWQh.s 			page 23


  71:main.cpp      ****         mix = 0; // reset
 309              		.loc 7 71 31 discriminator 2 view .LVU59
 310 0082 02EB8802 		add	r2, r2, r8, lsl #2
  71:main.cpp      ****         mix = 0; // reset
 311              		.loc 7 71 19 discriminator 2 view .LVU60
 312 0086 03EB8803 		add	r3, r3, r8, lsl #2
 313              	.LBE275:
  66:main.cpp      ****         oscillators_out = wt.Process();     // Process each oscillator
 314              		.loc 7 66 5 discriminator 2 view .LVU61
 315 008a 08F10108 		add	r8, r8, #1
 316              	.LVL12:
 317              	.LBB278:
  71:main.cpp      ****         mix = 0; // reset
 318              		.loc 7 71 31 discriminator 2 view .LVU62
 319 008e 82ED007A 		vstr.32	s14, [r2]
 320              	.LBE278:
  66:main.cpp      ****         oscillators_out = wt.Process();     // Process each oscillator
 321              		.loc 7 66 25 discriminator 2 view .LVU63
 322 0092 C245     		cmp	r10, r8
 323              	.LBB279:
  71:main.cpp      ****         mix = 0; // reset
 324              		.loc 7 71 19 discriminator 2 view .LVU64
 325 0094 83ED007A 		vstr.32	s14, [r3]
 326              		.loc 7 72 9 is_stmt 1 discriminator 2 view .LVU65
 327              		.loc 7 72 13 is_stmt 0 discriminator 2 view .LVU66
 328 0098 3160     		str	r1, [r6]	@ float
 329              	.LBE279:
  66:main.cpp      ****         oscillators_out = wt.Process();     // Process each oscillator
 330              		.loc 7 66 5 is_stmt 1 discriminator 2 view .LVU67
 331              	.LVL13:
  66:main.cpp      ****         oscillators_out = wt.Process();     // Process each oscillator
 332              		.loc 7 66 25 discriminator 2 view .LVU68
 333 009a BED1     		bne	.L8
 334              	.LBE281:
  73:main.cpp      ****     }    
  74:main.cpp      **** }
 335              		.loc 7 74 1 is_stmt 0 view .LVU69
 336 009c 09B0     		add	sp, sp, #36
 337              		.cfi_def_cfa_offset 44
 338              		@ sp needed
 339 009e BDEC028B 		vldm	sp!, {d8}
 340              		.cfi_restore 80
 341              		.cfi_restore 81
 342              		.cfi_def_cfa_offset 36
 343 00a2 BDE8F08F 		pop	{r4, r5, r6, r7, r8, r9, r10, fp, pc}
 344              	.LVL14:
 345              	.L14:
 346              		.cfi_def_cfa_offset 0
 347              		.cfi_restore 4
 348              		.cfi_restore 5
 349              		.cfi_restore 6
 350              		.cfi_restore 7
 351              		.cfi_restore 8
 352              		.cfi_restore 9
 353              		.cfi_restore 10
 354              		.cfi_restore 11
 355              		.cfi_restore 14
ARM GAS  C:\Users\22bur\AppData\Local\Temp\ccVzMWQh.s 			page 24


 356              		.loc 7 74 1 view .LVU70
 357 00a6 7047     		bx	lr
 358              	.L18:
 359              		.align	3
 360              	.L17:
 361 00a8 9A999999 		.word	-1717986918
 362 00ac 9999C93F 		.word	1070176665
 363 00b0 00000000 		.word	.LANCHOR1
 364 00b4 20000000 		.word	.LANCHOR0+32
 365 00b8 00000000 		.word	wt
 366 00bc 00000000 		.word	.LANCHOR0
 367 00c0 FFFFFFFF 		.word	.LANCHOR2-1
 368 00c4 00000000 		.word	.LANCHOR4
 369 00c8 00000000 		.word	.LANCHOR3
 370              		.cfi_endproc
 371              	.LFE4727:
 373              		.section	.text._ZN5daisy17MidiUartTransport10rxCallbackEPhjPvNS_11UartHandler6ResultE,"axG",%progb
 374              		.align	1
 375              		.p2align 2,,3
 376              		.weak	_ZN5daisy17MidiUartTransport10rxCallbackEPhjPvNS_11UartHandler6ResultE
 377              		.syntax unified
 378              		.thumb
 379              		.thumb_func
 380              		.fpu fpv5-d16
 382              	_ZN5daisy17MidiUartTransport10rxCallbackEPhjPvNS_11UartHandler6ResultE:
 383              	.LVL15:
 384              	.LFB3751:
 124:../DaisyExamples/libDaisy/src/hid/midi.h ****                            size_t              size,
 385              		.loc 9 124 17 is_stmt 1 view -0
 386              		.cfi_startproc
 387              		@ args = 0, pretend = 0, frame = 0
 388              		@ frame_needed = 0, uses_anonymous_args = 0
 389              		@ link register save eliminated.
 130:../DaisyExamples/libDaisy/src/hid/midi.h ****             = reinterpret_cast<MidiUartTransport*>(context);
 390              		.loc 9 130 9 view .LVU72
 132:../DaisyExamples/libDaisy/src/hid/midi.h ****         {
 391              		.loc 9 132 9 view .LVU73
 392 0000 1BB9     		cbnz	r3, .L19
 393              	.LVL16:
 394              	.LBB284:
 395              	.LBI284:
 124:../DaisyExamples/libDaisy/src/hid/midi.h ****                            size_t              size,
 396              		.loc 9 124 17 view .LVU74
 397              	.LBB285:
 134:../DaisyExamples/libDaisy/src/hid/midi.h ****             {
 398              		.loc 9 134 13 view .LVU75
 134:../DaisyExamples/libDaisy/src/hid/midi.h ****             {
 399              		.loc 9 134 27 is_stmt 0 view .LVU76
 400 0002 1369     		ldr	r3, [r2, #16]
 401              	.LVL17:
 134:../DaisyExamples/libDaisy/src/hid/midi.h ****             {
 402              		.loc 9 134 13 view .LVU77
 403 0004 0BB1     		cbz	r3, .L19
 136:../DaisyExamples/libDaisy/src/hid/midi.h ****                     data, size, transport->parse_context_);
 404              		.loc 9 136 17 is_stmt 1 view .LVU78
 136:../DaisyExamples/libDaisy/src/hid/midi.h ****                     data, size, transport->parse_context_);
 405              		.loc 9 136 43 is_stmt 0 view .LVU79
ARM GAS  C:\Users\22bur\AppData\Local\Temp\ccVzMWQh.s 			page 25


 406 0006 D268     		ldr	r2, [r2, #12]
 407              	.LVL18:
 136:../DaisyExamples/libDaisy/src/hid/midi.h ****                     data, size, transport->parse_context_);
 408              		.loc 9 136 43 view .LVU80
 409 0008 1847     		bx	r3	@ indirect register sibling call
 410              	.LVL19:
 411              	.L19:
 136:../DaisyExamples/libDaisy/src/hid/midi.h ****                     data, size, transport->parse_context_);
 412              		.loc 9 136 43 view .LVU81
 413              	.LBE285:
 414              	.LBE284:
 140:../DaisyExamples/libDaisy/src/hid/midi.h **** };
 415              		.loc 9 140 5 view .LVU82
 416 000a 7047     		bx	lr
 417              		.cfi_endproc
 418              	.LFE3751:
 420              		.section	.text._ZN5daisy11MidiHandlerINS_17MidiUartTransportEE13ParseCallbackEPhjPv,"axG",%progbit
 421              		.align	1
 422              		.p2align 2,,3
 423              		.weak	_ZN5daisy11MidiHandlerINS_17MidiUartTransportEE13ParseCallbackEPhjPv
 424              		.syntax unified
 425              		.thumb
 426              		.thumb_func
 427              		.fpu fpv5-d16
 429              	_ZN5daisy11MidiHandlerINS_17MidiUartTransportEE13ParseCallbackEPhjPv:
 430              	.LVL20:
 431              	.LFB5187:
 157:../DaisyExamples/libDaisy/src/hid/midi.h **** 
 158:../DaisyExamples/libDaisy/src/hid/midi.h ****     struct Config
 159:../DaisyExamples/libDaisy/src/hid/midi.h ****     {
 160:../DaisyExamples/libDaisy/src/hid/midi.h ****         typename Transport::Config transport_config;
 161:../DaisyExamples/libDaisy/src/hid/midi.h ****     };
 162:../DaisyExamples/libDaisy/src/hid/midi.h **** 
 163:../DaisyExamples/libDaisy/src/hid/midi.h ****     /** Initializes the MidiHandler
 164:../DaisyExamples/libDaisy/src/hid/midi.h ****      *  \param config Configuration structure used to define specifics to the MIDI Handler.
 165:../DaisyExamples/libDaisy/src/hid/midi.h ****      */
 166:../DaisyExamples/libDaisy/src/hid/midi.h ****     void Init(Config config)
 167:../DaisyExamples/libDaisy/src/hid/midi.h ****     {
 168:../DaisyExamples/libDaisy/src/hid/midi.h ****         config_ = config;
 169:../DaisyExamples/libDaisy/src/hid/midi.h ****         transport_.Init(config_.transport_config);
 170:../DaisyExamples/libDaisy/src/hid/midi.h ****         parser_.Init();
 171:../DaisyExamples/libDaisy/src/hid/midi.h ****     }
 172:../DaisyExamples/libDaisy/src/hid/midi.h **** 
 173:../DaisyExamples/libDaisy/src/hid/midi.h ****     /** Starts listening on the selected input mode(s).
 174:../DaisyExamples/libDaisy/src/hid/midi.h ****      * MidiEvent Queue will begin to fill, and can be checked with HasEvents() */
 175:../DaisyExamples/libDaisy/src/hid/midi.h ****     void StartReceive()
 176:../DaisyExamples/libDaisy/src/hid/midi.h ****     {
 177:../DaisyExamples/libDaisy/src/hid/midi.h ****         transport_.StartRx(MidiHandler::ParseCallback, this);
 178:../DaisyExamples/libDaisy/src/hid/midi.h ****     }
 179:../DaisyExamples/libDaisy/src/hid/midi.h **** 
 180:../DaisyExamples/libDaisy/src/hid/midi.h ****     /** Start listening */
 181:../DaisyExamples/libDaisy/src/hid/midi.h ****     void Listen()
 182:../DaisyExamples/libDaisy/src/hid/midi.h ****     {
 183:../DaisyExamples/libDaisy/src/hid/midi.h ****         // In case of UART Error, (particularly
 184:../DaisyExamples/libDaisy/src/hid/midi.h ****         //  overrun error), UART disables itself.
 185:../DaisyExamples/libDaisy/src/hid/midi.h ****         // Flush the buff, and restart.
 186:../DaisyExamples/libDaisy/src/hid/midi.h ****         if(!transport_.RxActive())
ARM GAS  C:\Users\22bur\AppData\Local\Temp\ccVzMWQh.s 			page 26


 187:../DaisyExamples/libDaisy/src/hid/midi.h ****         {
 188:../DaisyExamples/libDaisy/src/hid/midi.h ****             parser_.Reset();
 189:../DaisyExamples/libDaisy/src/hid/midi.h ****             transport_.FlushRx();
 190:../DaisyExamples/libDaisy/src/hid/midi.h ****             StartReceive();
 191:../DaisyExamples/libDaisy/src/hid/midi.h ****         }
 192:../DaisyExamples/libDaisy/src/hid/midi.h ****     }
 193:../DaisyExamples/libDaisy/src/hid/midi.h **** 
 194:../DaisyExamples/libDaisy/src/hid/midi.h ****     /** Checks if there are unhandled messages in the queue
 195:../DaisyExamples/libDaisy/src/hid/midi.h ****     \return True if there are events to be handled, else false.
 196:../DaisyExamples/libDaisy/src/hid/midi.h ****      */
 197:../DaisyExamples/libDaisy/src/hid/midi.h ****     bool HasEvents() const { return event_q_.GetNumElements() > 0; }
 198:../DaisyExamples/libDaisy/src/hid/midi.h **** 
 199:../DaisyExamples/libDaisy/src/hid/midi.h **** 
 200:../DaisyExamples/libDaisy/src/hid/midi.h ****     /** Pops the oldest unhandled MidiEvent from the internal queue
 201:../DaisyExamples/libDaisy/src/hid/midi.h ****     \return The event to be handled
 202:../DaisyExamples/libDaisy/src/hid/midi.h ****      */
 203:../DaisyExamples/libDaisy/src/hid/midi.h ****     MidiEvent PopEvent() { return event_q_.PopFront(); }
 204:../DaisyExamples/libDaisy/src/hid/midi.h **** 
 205:../DaisyExamples/libDaisy/src/hid/midi.h ****     /** SendMessage
 206:../DaisyExamples/libDaisy/src/hid/midi.h ****     Send raw bytes as message
 207:../DaisyExamples/libDaisy/src/hid/midi.h ****     */
 208:../DaisyExamples/libDaisy/src/hid/midi.h ****     void SendMessage(uint8_t* bytes, size_t size)
 209:../DaisyExamples/libDaisy/src/hid/midi.h ****     {
 210:../DaisyExamples/libDaisy/src/hid/midi.h ****         transport_.Tx(bytes, size);
 211:../DaisyExamples/libDaisy/src/hid/midi.h ****     }
 212:../DaisyExamples/libDaisy/src/hid/midi.h **** 
 213:../DaisyExamples/libDaisy/src/hid/midi.h ****     /** Feed in bytes to parser state machine from an external source.
 214:../DaisyExamples/libDaisy/src/hid/midi.h ****         Populates internal FIFO queue with MIDI Messages.
 215:../DaisyExamples/libDaisy/src/hid/midi.h **** 
 216:../DaisyExamples/libDaisy/src/hid/midi.h ****         \note  Normally application code won't need to use this method directly.
 217:../DaisyExamples/libDaisy/src/hid/midi.h ****         \param byte MIDI byte to be parsed
 218:../DaisyExamples/libDaisy/src/hid/midi.h ****     */
 219:../DaisyExamples/libDaisy/src/hid/midi.h ****     void Parse(uint8_t byte)
 220:../DaisyExamples/libDaisy/src/hid/midi.h ****     {
 221:../DaisyExamples/libDaisy/src/hid/midi.h ****         MidiEvent event;
 222:../DaisyExamples/libDaisy/src/hid/midi.h ****         if(parser_.Parse(byte, &event))
 223:../DaisyExamples/libDaisy/src/hid/midi.h ****         {
 224:../DaisyExamples/libDaisy/src/hid/midi.h ****             event_q_.PushBack(event);
 225:../DaisyExamples/libDaisy/src/hid/midi.h ****         }
 226:../DaisyExamples/libDaisy/src/hid/midi.h ****     }
 227:../DaisyExamples/libDaisy/src/hid/midi.h **** 
 228:../DaisyExamples/libDaisy/src/hid/midi.h ****   private:
 229:../DaisyExamples/libDaisy/src/hid/midi.h ****     Config               config_;
 230:../DaisyExamples/libDaisy/src/hid/midi.h ****     Transport            transport_;
 231:../DaisyExamples/libDaisy/src/hid/midi.h ****     MidiParser           parser_;
 232:../DaisyExamples/libDaisy/src/hid/midi.h ****     FIFO<MidiEvent, 256> event_q_;
 233:../DaisyExamples/libDaisy/src/hid/midi.h **** 
 234:../DaisyExamples/libDaisy/src/hid/midi.h ****     static void ParseCallback(uint8_t* data, size_t size, void* context)
 432              		.loc 9 234 17 is_stmt 1 view -0
 433              		.cfi_startproc
 434              		@ args = 0, pretend = 0, frame = 144
 435              		@ frame_needed = 0, uses_anonymous_args = 0
 436              	.LBB295:
 235:../DaisyExamples/libDaisy/src/hid/midi.h ****     {
 236:../DaisyExamples/libDaisy/src/hid/midi.h ****         MidiHandler* handler = reinterpret_cast<MidiHandler*>(context);
 237:../DaisyExamples/libDaisy/src/hid/midi.h ****         for(size_t i = 0; i < size; i++)
 437              		.loc 9 237 29 view .LVU84
ARM GAS  C:\Users\22bur\AppData\Local\Temp\ccVzMWQh.s 			page 27


 438 0000 B9B3     		cbz	r1, .L34
 439 0002 0144     		add	r1, r1, r0
 440              	.LVL21:
 441              		.loc 9 237 29 is_stmt 0 view .LVU85
 442              	.LBE295:
 234:../DaisyExamples/libDaisy/src/hid/midi.h ****     {
 443              		.loc 9 234 17 view .LVU86
 444 0004 F0B5     		push	{r4, r5, r6, r7, lr}
 445              		.cfi_def_cfa_offset 20
 446              		.cfi_offset 4, -20
 447              		.cfi_offset 5, -16
 448              		.cfi_offset 6, -12
 449              		.cfi_offset 7, -8
 450              		.cfi_offset 14, -4
 451 0006 1546     		mov	r5, r2
 452 0008 A5B0     		sub	sp, sp, #148
 453              		.cfi_def_cfa_offset 168
 454              	.LBB314:
 455              	.LBB296:
 456              	.LBB297:
 222:../DaisyExamples/libDaisy/src/hid/midi.h ****         {
 457              		.loc 9 222 25 view .LVU87
 458 000a 02F12407 		add	r7, r2, #36
 459 000e 441E     		subs	r4, r0, #1
 460 0010 4E1E     		subs	r6, r1, #1
 461 0012 01E0     		b	.L32
 462              	.LVL22:
 463              	.L27:
 222:../DaisyExamples/libDaisy/src/hid/midi.h ****         {
 464              		.loc 9 222 25 view .LVU88
 465              	.LBE297:
 466              	.LBE296:
 467              		.loc 9 237 9 is_stmt 1 view .LVU89
 468              		.loc 9 237 29 view .LVU90
 469 0014 A642     		cmp	r6, r4
 470 0016 2AD0     		beq	.L37
 471              	.LVL23:
 472              	.L32:
 473              	.LBB313:
 474              	.LBI296:
 219:../DaisyExamples/libDaisy/src/hid/midi.h ****     {
 475              		.loc 9 219 10 discriminator 2 view .LVU91
 476              	.LBB312:
 222:../DaisyExamples/libDaisy/src/hid/midi.h ****         {
 477              		.loc 9 222 25 is_stmt 0 discriminator 2 view .LVU92
 478 0018 14F8011F 		ldrb	r1, [r4, #1]!	@ zero_extendqisi2
 479              	.LVL24:
 222:../DaisyExamples/libDaisy/src/hid/midi.h ****         {
 480              		.loc 9 222 25 discriminator 2 view .LVU93
 481 001c 6A46     		mov	r2, sp
 482 001e 3846     		mov	r0, r7
 483 0020 FFF7FEFF 		bl	_ZN5daisy10MidiParser5ParseEhPNS_9MidiEventE
 484              	.LVL25:
 222:../DaisyExamples/libDaisy/src/hid/midi.h ****         {
 485              		.loc 9 222 9 discriminator 2 view .LVU94
 486 0024 0028     		cmp	r0, #0
 487 0026 F5D0     		beq	.L27
ARM GAS  C:\Users\22bur\AppData\Local\Temp\ccVzMWQh.s 			page 28


 488              	.LVL26:
 489              	.LBB298:
 490              	.LBI298:
  49:../DaisyExamples/libDaisy/src/util/FIFO.h ****     {
 491              		.loc 8 49 10 is_stmt 1 view .LVU95
 492              	.LBB299:
 493              	.LBB300:
 494              	.LBI300:
 168:../DaisyExamples/libDaisy/src/util/FIFO.h **** 
 495              		.loc 8 168 10 view .LVU96
 496              	.LBB301:
 497              	.LBB302:
 498              	.LBI302:
 171:../DaisyExamples/libDaisy/src/util/FIFO.h ****     {
 499              		.loc 8 171 12 view .LVU97
 500              	.LBB303:
 175:../DaisyExamples/libDaisy/src/util/FIFO.h ****         return size_t(numElements);
 501              		.loc 8 175 28 is_stmt 0 view .LVU98
 502 0028 D5F8C4C0 		ldr	ip, [r5, #196]
 503              	.LBE303:
 504              	.LBE302:
 505              	.LBE301:
 506              	.LBE300:
  53:../DaisyExamples/libDaisy/src/util/FIFO.h ****             if(bufferIn_ >= bufferSize_)
 507              		.loc 8 53 13 view .LVU99
 508 002c 9022     		movs	r2, #144
 509 002e 6946     		mov	r1, sp
 510              	.LBB310:
 511              	.LBB308:
 512              	.LBB306:
 513              	.LBB304:
 173:../DaisyExamples/libDaisy/src/util/FIFO.h ****         if(numElements < 0)
 514              		.loc 8 173 41 view .LVU100
 515 0030 D5E93203 		ldrd	r0, r3, [r5, #200]
 516              	.LVL27:
 174:../DaisyExamples/libDaisy/src/util/FIFO.h ****             numElements += bufferSize_;
 517              		.loc 8 174 9 view .LVU101
 518 0034 C31A     		subs	r3, r0, r3
 519              	.LVL28:
 174:../DaisyExamples/libDaisy/src/util/FIFO.h ****             numElements += bufferSize_;
 520              		.loc 8 174 9 view .LVU102
 521              	.LBE304:
 522              	.LBE306:
 523              	.LBE308:
 524              	.LBE310:
  53:../DaisyExamples/libDaisy/src/util/FIFO.h ****             if(bufferIn_ >= bufferSize_)
 525              		.loc 8 53 13 view .LVU103
 526 0036 00F1010E 		add	lr, r0, #1
 527 003a 00EBC000 		add	r0, r0, r0, lsl #3
 528              	.LBB311:
 529              	.LBB309:
 530              	.LBB307:
 531              	.LBB305:
 175:../DaisyExamples/libDaisy/src/util/FIFO.h ****         return size_t(numElements);
 532              		.loc 8 175 25 view .LVU104
 533 003e 48BF     		it	mi
 534 0040 6344     		addmi	r3, r3, ip
ARM GAS  C:\Users\22bur\AppData\Local\Temp\ccVzMWQh.s 			page 29


 535              	.LVL29:
 175:../DaisyExamples/libDaisy/src/util/FIFO.h ****         return size_t(numElements);
 536              		.loc 8 175 25 view .LVU105
 537              	.LBE305:
 538              	.LBE307:
 168:../DaisyExamples/libDaisy/src/util/FIFO.h **** 
 539              		.loc 8 168 66 view .LVU106
 540 0042 0CF1FF3C 		add	ip, ip, #-1
 541              	.LBE309:
 542              	.LBE311:
  51:../DaisyExamples/libDaisy/src/util/FIFO.h ****         {
 543              		.loc 8 51 9 view .LVU107
 544 0046 9C45     		cmp	ip, r3
 545 0048 E4D0     		beq	.L27
  53:../DaisyExamples/libDaisy/src/util/FIFO.h ****             if(bufferIn_ >= bufferSize_)
 546              		.loc 8 53 13 view .LVU108
 547 004a D5F8C030 		ldr	r3, [r5, #192]
 548 004e C5F8C8E0 		str	lr, [r5, #200]
 549 0052 03EB0010 		add	r0, r3, r0, lsl #4
 550 0056 FFF7FEFF 		bl	memcpy
 551              	.LVL30:
  54:../DaisyExamples/libDaisy/src/util/FIFO.h ****                 bufferIn_ -= bufferSize_;
 552              		.loc 8 54 29 view .LVU109
 553 005a D5E93123 		ldrd	r2, r3, [r5, #196]
  54:../DaisyExamples/libDaisy/src/util/FIFO.h ****                 bufferIn_ -= bufferSize_;
 554              		.loc 8 54 13 view .LVU110
 555 005e 9342     		cmp	r3, r2
  55:../DaisyExamples/libDaisy/src/util/FIFO.h ****             return true;
 556              		.loc 8 55 27 view .LVU111
 557 0060 A3EB0203 		sub	r3, r3, r2
 558 0064 28BF     		it	cs
 559 0066 C5F8C830 		strcs	r3, [r5, #200]
 560              	.LVL31:
  55:../DaisyExamples/libDaisy/src/util/FIFO.h ****             return true;
 561              		.loc 8 55 27 view .LVU112
 562              	.LBE299:
 563              	.LBE298:
 564              	.LBE312:
 565              	.LBE313:
 566              		.loc 9 237 9 is_stmt 1 view .LVU113
 567              		.loc 9 237 29 view .LVU114
 568 006a A642     		cmp	r6, r4
 569 006c D4D1     		bne	.L32
 570              	.LVL32:
 571              	.L37:
 572              		.loc 9 237 29 is_stmt 0 view .LVU115
 573              	.LBE314:
 238:../DaisyExamples/libDaisy/src/hid/midi.h ****         {
 239:../DaisyExamples/libDaisy/src/hid/midi.h ****             handler->Parse(data[i]);
 240:../DaisyExamples/libDaisy/src/hid/midi.h ****         }
 241:../DaisyExamples/libDaisy/src/hid/midi.h ****     }
 574              		.loc 9 241 5 view .LVU116
 575 006e 25B0     		add	sp, sp, #148
 576              		.cfi_def_cfa_offset 20
 577              		@ sp needed
 578 0070 F0BD     		pop	{r4, r5, r6, r7, pc}
 579              	.LVL33:
ARM GAS  C:\Users\22bur\AppData\Local\Temp\ccVzMWQh.s 			page 30


 580              	.L34:
 581              		.cfi_def_cfa_offset 0
 582              		.cfi_restore 4
 583              		.cfi_restore 5
 584              		.cfi_restore 6
 585              		.cfi_restore 7
 586              		.cfi_restore 14
 587              		.loc 9 241 5 view .LVU117
 588 0072 7047     		bx	lr
 589              		.cfi_endproc
 590              	.LFE5187:
 592              		.section	.rodata._Z19GetMidiTypeAsStringRN5daisy9MidiEventEPc.str1.4,"aMS",%progbits,1
 593              		.align	2
 594              	.LC2:
 595 0000 4E6F7465 		.ascii	"NoteOff\000"
 595      4F666600 
 596              		.align	2
 597              	.LC3:
 598 0008 4E6F7465 		.ascii	"NoteOn\000"
 598      4F6E00
 599 000f 00       		.align	2
 600              	.LC4:
 601 0010 506F6C79 		.ascii	"PolyKeyPres.\000"
 601      4B657950 
 601      7265732E 
 601      00
 602 001d 000000   		.align	2
 603              	.LC5:
 604 0020 434300   		.ascii	"CC\000"
 605 0023 00       		.align	2
 606              	.LC6:
 607 0024 50726F67 		.ascii	"Prog. Change\000"
 607      2E204368 
 607      616E6765 
 607      00
 608 0031 000000   		.align	2
 609              	.LC7:
 610 0034 43686E2E 		.ascii	"Chn. Pressure\000"
 610      20507265 
 610      73737572 
 610      6500
 611 0042 0000     		.align	2
 612              	.LC8:
 613 0044 50697463 		.ascii	"PitchBend\000"
 613      6842656E 
 613      6400
 614 004e 0000     		.align	2
 615              	.LC9:
 616 0050 5379732E 		.ascii	"Sys. Common\000"
 616      20436F6D 
 616      6D6F6E00 
 617              		.align	2
 618              	.LC10:
 619 005c 5379732E 		.ascii	"Sys. Realtime\000"
 619      20526561 
 619      6C74696D 
 619      6500
ARM GAS  C:\Users\22bur\AppData\Local\Temp\ccVzMWQh.s 			page 31


 620 006a 0000     		.align	2
 621              	.LC11:
 622 006c 43686E2E 		.ascii	"Chn. Mode\000"
 622      204D6F64 
 622      6500
 623 0076 0000     		.align	2
 624              	.LC12:
 625 0078 556E6B6E 		.ascii	"Unknown\000"
 625      6F776E00 
 626              		.section	.text._Z19GetMidiTypeAsStringRN5daisy9MidiEventEPc,"ax",%progbits
 627              		.align	1
 628              		.p2align 2,,3
 629              		.global	_Z19GetMidiTypeAsStringRN5daisy9MidiEventEPc
 630              		.syntax unified
 631              		.thumb
 632              		.thumb_func
 633              		.fpu fpv5-d16
 635              	_Z19GetMidiTypeAsStringRN5daisy9MidiEventEPc:
 636              	.LVL34:
 637              	.LFB4726:
  46:main.cpp      ****     switch(msg.type){
 638              		.loc 7 46 52 is_stmt 1 view -0
 639              		.cfi_startproc
 640              		@ args = 0, pretend = 0, frame = 0
 641              		@ frame_needed = 0, uses_anonymous_args = 0
 642              		@ link register save eliminated.
  47:main.cpp      ****         case NoteOff: strcpy(str, "NoteOff"); break;
 643              		.loc 7 47 5 view .LVU119
 644 0000 0278     		ldrb	r2, [r0]	@ zero_extendqisi2
  46:main.cpp      ****     switch(msg.type){
 645              		.loc 7 46 52 is_stmt 0 view .LVU120
 646 0002 0B46     		mov	r3, r1
 647 0004 10B4     		push	{r4}
 648              		.cfi_def_cfa_offset 4
 649              		.cfi_offset 4, -4
 650 0006 092A     		cmp	r2, #9
 651 0008 42D8     		bhi	.L39
 652 000a DFE802F0 		tbb	[pc, r2]
 653              	.LVL35:
 654              	.L41:
 655 000e 0E       		.byte	(.L50-.L41)/2
 656 000f 13       		.byte	(.L49-.L41)/2
 657 0010 1B       		.byte	(.L48-.L41)/2
 658 0011 25       		.byte	(.L47-.L41)/2
 659 0012 2B       		.byte	(.L46-.L41)/2
 660 0013 2D       		.byte	(.L45-.L41)/2
 661 0014 37       		.byte	(.L44-.L41)/2
 662 0015 39       		.byte	(.L43-.L41)/2
 663 0016 3F       		.byte	(.L42-.L41)/2
 664 0017 05       		.byte	(.L40-.L41)/2
 665              		.p2align 1
 666              	.L40:
  57:main.cpp      ****         default: strcpy(str, "Unknown"); break;
 667              		.loc 7 57 9 is_stmt 1 view .LVU121
  57:main.cpp      ****         default: strcpy(str, "Unknown"); break;
 668              		.loc 7 57 27 view .LVU122
  57:main.cpp      ****         default: strcpy(str, "Unknown"); break;
ARM GAS  C:\Users\22bur\AppData\Local\Temp\ccVzMWQh.s 			page 32


 669              		.loc 7 57 33 is_stmt 0 view .LVU123
 670 0018 204A     		ldr	r2, .L56
 671              	.L55:
 672 001a 03CA     		ldmia	r2!, {r0, r1}
 673              	.LVL36:
  57:main.cpp      ****         default: strcpy(str, "Unknown"); break;
 674              		.loc 7 57 33 view .LVU124
 675 001c 1288     		ldrh	r2, [r2]	@ unaligned
 676 001e 1860     		str	r0, [r3]	@ unaligned
 677 0020 5960     		str	r1, [r3, #4]	@ unaligned
 678 0022 1A81     		strh	r2, [r3, #8]	@ unaligned
  57:main.cpp      ****         default: strcpy(str, "Unknown"); break;
 679              		.loc 7 57 53 is_stmt 1 view .LVU125
 680              	.L38:
  60:main.cpp      **** 
 681              		.loc 7 60 1 is_stmt 0 view .LVU126
 682 0024 5DF8044B 		ldr	r4, [sp], #4
 683              		.cfi_remember_state
 684              		.cfi_restore 4
 685              		.cfi_def_cfa_offset 0
 686 0028 7047     		bx	lr
 687              	.LVL37:
 688              	.L50:
 689              		.cfi_restore_state
  48:main.cpp      ****         case NoteOn: strcpy(str, "NoteOn"); break;
 690              		.loc 7 48 9 is_stmt 1 view .LVU127
  48:main.cpp      ****         case NoteOn: strcpy(str, "NoteOn"); break;
 691              		.loc 7 48 23 view .LVU128
  48:main.cpp      ****         case NoteOn: strcpy(str, "NoteOn"); break;
 692              		.loc 7 48 29 is_stmt 0 view .LVU129
 693 002a 1D4A     		ldr	r2, .L56+4
 694 002c 03CA     		ldmia	r2!, {r0, r1}
 695              	.LVL38:
  48:main.cpp      ****         case NoteOn: strcpy(str, "NoteOn"); break;
 696              		.loc 7 48 29 view .LVU130
 697 002e 1860     		str	r0, [r3]	@ unaligned
 698 0030 5960     		str	r1, [r3, #4]	@ unaligned
  48:main.cpp      ****         case NoteOn: strcpy(str, "NoteOn"); break;
 699              		.loc 7 48 47 is_stmt 1 view .LVU131
 700 0032 F7E7     		b	.L38
 701              	.LVL39:
 702              	.L49:
  49:main.cpp      ****         case PolyphonicKeyPressure: strcpy(str, "PolyKeyPres."); break;
 703              		.loc 7 49 9 view .LVU132
  49:main.cpp      ****         case PolyphonicKeyPressure: strcpy(str, "PolyKeyPres."); break;
 704              		.loc 7 49 22 view .LVU133
  49:main.cpp      ****         case PolyphonicKeyPressure: strcpy(str, "PolyKeyPres."); break;
 705              		.loc 7 49 28 is_stmt 0 view .LVU134
 706 0034 1B4A     		ldr	r2, .L56+8
 707 0036 1068     		ldr	r0, [r2]
 708              	.LVL40:
  49:main.cpp      ****         case PolyphonicKeyPressure: strcpy(str, "PolyKeyPres."); break;
 709              		.loc 7 49 28 view .LVU135
 710 0038 9188     		ldrh	r1, [r2, #4]	@ unaligned
 711 003a 9279     		ldrb	r2, [r2, #6]	@ zero_extendqisi2
 712 003c 1860     		str	r0, [r3]	@ unaligned
 713 003e 9980     		strh	r1, [r3, #4]	@ unaligned
ARM GAS  C:\Users\22bur\AppData\Local\Temp\ccVzMWQh.s 			page 33


 714 0040 9A71     		strb	r2, [r3, #6]
  49:main.cpp      ****         case PolyphonicKeyPressure: strcpy(str, "PolyKeyPres."); break;
 715              		.loc 7 49 45 is_stmt 1 view .LVU136
 716 0042 EFE7     		b	.L38
 717              	.LVL41:
 718              	.L48:
  50:main.cpp      ****         case ControlChange: strcpy(str, "CC"); break;
 719              		.loc 7 50 9 view .LVU137
  50:main.cpp      ****         case ControlChange: strcpy(str, "CC"); break;
 720              		.loc 7 50 37 view .LVU138
  50:main.cpp      ****         case ControlChange: strcpy(str, "CC"); break;
 721              		.loc 7 50 43 is_stmt 0 view .LVU139
 722 0044 184C     		ldr	r4, .L56+12
 723              	.L53:
  52:main.cpp      ****         case ChannelPressure: strcpy(str, "Chn. Pressure"); break;
 724              		.loc 7 52 35 view .LVU140
 725 0046 07CC     		ldmia	r4!, {r0, r1, r2}
 726              	.LVL42:
  52:main.cpp      ****         case ChannelPressure: strcpy(str, "Chn. Pressure"); break;
 727              		.loc 7 52 35 view .LVU141
 728 0048 2478     		ldrb	r4, [r4]	@ zero_extendqisi2
 729 004a 1860     		str	r0, [r3]	@ unaligned
 730 004c 5960     		str	r1, [r3, #4]	@ unaligned
 731 004e 9A60     		str	r2, [r3, #8]	@ unaligned
 732 0050 1C73     		strb	r4, [r3, #12]
  52:main.cpp      ****         case ChannelPressure: strcpy(str, "Chn. Pressure"); break;
 733              		.loc 7 52 58 is_stmt 1 view .LVU142
  60:main.cpp      **** 
 734              		.loc 7 60 1 is_stmt 0 view .LVU143
 735 0052 5DF8044B 		ldr	r4, [sp], #4
 736              		.cfi_remember_state
 737              		.cfi_restore 4
 738              		.cfi_def_cfa_offset 0
 739 0056 7047     		bx	lr
 740              	.LVL43:
 741              	.L47:
 742              		.cfi_restore_state
  51:main.cpp      ****         case ProgramChange: strcpy(str, "Prog. Change"); break;
 743              		.loc 7 51 9 is_stmt 1 view .LVU144
  51:main.cpp      ****         case ProgramChange: strcpy(str, "Prog. Change"); break;
 744              		.loc 7 51 29 view .LVU145
  51:main.cpp      ****         case ProgramChange: strcpy(str, "Prog. Change"); break;
 745              		.loc 7 51 35 is_stmt 0 view .LVU146
 746 0058 144A     		ldr	r2, .L56+16
 747 005a 1188     		ldrh	r1, [r2]	@ unaligned
 748 005c 9278     		ldrb	r2, [r2, #2]	@ zero_extendqisi2
 749 005e 1980     		strh	r1, [r3]	@ unaligned
 750 0060 9A70     		strb	r2, [r3, #2]
  51:main.cpp      ****         case ProgramChange: strcpy(str, "Prog. Change"); break;
 751              		.loc 7 51 48 is_stmt 1 view .LVU147
 752 0062 DFE7     		b	.L38
 753              	.L46:
  52:main.cpp      ****         case ChannelPressure: strcpy(str, "Chn. Pressure"); break;
 754              		.loc 7 52 9 view .LVU148
  52:main.cpp      ****         case ChannelPressure: strcpy(str, "Chn. Pressure"); break;
 755              		.loc 7 52 29 view .LVU149
  52:main.cpp      ****         case ChannelPressure: strcpy(str, "Chn. Pressure"); break;
ARM GAS  C:\Users\22bur\AppData\Local\Temp\ccVzMWQh.s 			page 34


 756              		.loc 7 52 35 is_stmt 0 view .LVU150
 757 0064 124C     		ldr	r4, .L56+20
 758 0066 EEE7     		b	.L53
 759              	.L45:
  53:main.cpp      ****         case PitchBend: strcpy(str, "PitchBend"); break;
 760              		.loc 7 53 9 is_stmt 1 view .LVU151
  53:main.cpp      ****         case PitchBend: strcpy(str, "PitchBend"); break;
 761              		.loc 7 53 31 view .LVU152
  53:main.cpp      ****         case PitchBend: strcpy(str, "PitchBend"); break;
 762              		.loc 7 53 37 is_stmt 0 view .LVU153
 763 0068 124C     		ldr	r4, .L56+24
 764              	.L54:
  56:main.cpp      ****         case ChannelMode: strcpy(str, "Chn. Mode"); break;
 765              		.loc 7 56 36 view .LVU154
 766 006a 07CC     		ldmia	r4!, {r0, r1, r2}
 767              	.LVL44:
  56:main.cpp      ****         case ChannelMode: strcpy(str, "Chn. Mode"); break;
 768              		.loc 7 56 36 view .LVU155
 769 006c 2488     		ldrh	r4, [r4]	@ unaligned
 770 006e 1860     		str	r0, [r3]	@ unaligned
 771 0070 5960     		str	r1, [r3, #4]	@ unaligned
 772 0072 9A60     		str	r2, [r3, #8]	@ unaligned
 773 0074 9C81     		strh	r4, [r3, #12]	@ unaligned
  56:main.cpp      ****         case ChannelMode: strcpy(str, "Chn. Mode"); break;
 774              		.loc 7 56 60 is_stmt 1 view .LVU156
  60:main.cpp      **** 
 775              		.loc 7 60 1 is_stmt 0 view .LVU157
 776 0076 5DF8044B 		ldr	r4, [sp], #4
 777              		.cfi_remember_state
 778              		.cfi_restore 4
 779              		.cfi_def_cfa_offset 0
 780 007a 7047     		bx	lr
 781              	.LVL45:
 782              	.L44:
 783              		.cfi_restore_state
  54:main.cpp      ****         case SystemCommon: strcpy(str, "Sys. Common"); break;
 784              		.loc 7 54 9 is_stmt 1 view .LVU158
  54:main.cpp      ****         case SystemCommon: strcpy(str, "Sys. Common"); break;
 785              		.loc 7 54 25 view .LVU159
  54:main.cpp      ****         case SystemCommon: strcpy(str, "Sys. Common"); break;
 786              		.loc 7 54 31 is_stmt 0 view .LVU160
 787 007c 0E4A     		ldr	r2, .L56+28
 788 007e CCE7     		b	.L55
 789              	.L43:
  55:main.cpp      ****         case SystemRealTime: strcpy(str, "Sys. Realtime"); break;
 790              		.loc 7 55 9 is_stmt 1 view .LVU161
  55:main.cpp      ****         case SystemRealTime: strcpy(str, "Sys. Realtime"); break;
 791              		.loc 7 55 28 view .LVU162
  55:main.cpp      ****         case SystemRealTime: strcpy(str, "Sys. Realtime"); break;
 792              		.loc 7 55 34 is_stmt 0 view .LVU163
 793 0080 0E4C     		ldr	r4, .L56+32
 794 0082 07CC     		ldmia	r4!, {r0, r1, r2}
 795              	.LVL46:
  55:main.cpp      ****         case SystemRealTime: strcpy(str, "Sys. Realtime"); break;
 796              		.loc 7 55 34 view .LVU164
 797 0084 1860     		str	r0, [r3]	@ unaligned
 798 0086 5960     		str	r1, [r3, #4]	@ unaligned
ARM GAS  C:\Users\22bur\AppData\Local\Temp\ccVzMWQh.s 			page 35


 799 0088 9A60     		str	r2, [r3, #8]	@ unaligned
  55:main.cpp      ****         case SystemRealTime: strcpy(str, "Sys. Realtime"); break;
 800              		.loc 7 55 56 is_stmt 1 view .LVU165
 801 008a CBE7     		b	.L38
 802              	.LVL47:
 803              	.L42:
  56:main.cpp      ****         case ChannelMode: strcpy(str, "Chn. Mode"); break;
 804              		.loc 7 56 9 view .LVU166
  56:main.cpp      ****         case ChannelMode: strcpy(str, "Chn. Mode"); break;
 805              		.loc 7 56 30 view .LVU167
  56:main.cpp      ****         case ChannelMode: strcpy(str, "Chn. Mode"); break;
 806              		.loc 7 56 36 is_stmt 0 view .LVU168
 807 008c 0C4C     		ldr	r4, .L56+36
 808 008e ECE7     		b	.L54
 809              	.L39:
  58:main.cpp      ****     }
 810              		.loc 7 58 9 is_stmt 1 view .LVU169
  58:main.cpp      ****     }
 811              		.loc 7 58 18 view .LVU170
  58:main.cpp      ****     }
 812              		.loc 7 58 24 is_stmt 0 view .LVU171
 813 0090 0C4A     		ldr	r2, .L56+40
 814 0092 03CA     		ldmia	r2!, {r0, r1}
 815              	.LVL48:
  58:main.cpp      ****     }
 816              		.loc 7 58 24 view .LVU172
 817 0094 1860     		str	r0, [r3]	@ unaligned
 818 0096 5960     		str	r1, [r3, #4]	@ unaligned
  58:main.cpp      ****     }
 819              		.loc 7 58 42 is_stmt 1 view .LVU173
  60:main.cpp      **** 
 820              		.loc 7 60 1 is_stmt 0 view .LVU174
 821 0098 C4E7     		b	.L38
 822              	.L57:
 823 009a 00BF     		.align	2
 824              	.L56:
 825 009c 6C000000 		.word	.LC11
 826 00a0 00000000 		.word	.LC2
 827 00a4 08000000 		.word	.LC3
 828 00a8 10000000 		.word	.LC4
 829 00ac 20000000 		.word	.LC5
 830 00b0 24000000 		.word	.LC6
 831 00b4 34000000 		.word	.LC7
 832 00b8 44000000 		.word	.LC8
 833 00bc 50000000 		.word	.LC9
 834 00c0 5C000000 		.word	.LC10
 835 00c4 78000000 		.word	.LC12
 836              		.cfi_endproc
 837              	.LFE4726:
 839              		.section	.rodata.main.str1.4,"aMS",%progbits,1
 840              		.align	2
 841              	.LC13:
 842 0000 41646420 		.ascii	"Add note:%d\012\000"
 842      6E6F7465 
 842      3A25640A 
 842      00
 843 000d 000000   		.align	2
ARM GAS  C:\Users\22bur\AppData\Local\Temp\ccVzMWQh.s 			page 36


 844              	.LC14:
 845 0010 52656D6F 		.ascii	"Remove note:%d\012\000"
 845      7665206E 
 845      6F74653A 
 845      25640A00 
 846              		.align	2
 847              	.LC15:
 848 0020 566F6C75 		.ascii	"Volume: %d\011Index: %d\011A: %d\011D: %d\011S: %d\011"
 848      6D653A20 
 848      25640949 
 848      6E646578 
 848      3A202564 
 849 0047 523A2025 		.ascii	"R: %d\012\000"
 849      640A00
 850 004e 0000     		.align	2
 851              	.LC16:
 852 0050 74696D65 		.ascii	"time:\011%ld\011type: %s\011Channel:  %d\011Data MS"
 852      3A09256C 
 852      64097479 
 852      70653A20 
 852      25730943 
 853 0077 423A2025 		.ascii	"B: %d\011Data LSB: %d\012\000"
 853      64094461 
 853      7461204C 
 853      53423A20 
 853      25640A00 
 854              		.section	.text.startup.main,"ax",%progbits
 855              		.align	1
 856              		.p2align 2,,3
 857              		.global	main
 858              		.syntax unified
 859              		.thumb
 860              		.thumb_func
 861              		.fpu fpv5-d16
 863              	main:
 864              	.LFB4728:
  75:main.cpp      **** 
  76:main.cpp      **** int main(void){
 865              		.loc 7 76 15 is_stmt 1 view -0
 866              		.cfi_startproc
 867              		@ args = 0, pretend = 0, frame = 66120
 868              		@ frame_needed = 0, uses_anonymous_args = 0
  77:main.cpp      ****     /** Begin Initialization */ 
  78:main.cpp      ****     hw.Configure();
 869              		.loc 7 78 5 view .LVU176
  76:main.cpp      ****     /** Begin Initialization */ 
 870              		.loc 7 76 15 is_stmt 0 view .LVU177
 871 0000 2DE9F04F 		push	{r4, r5, r6, r7, r8, r9, r10, fp, lr}
 872              		.cfi_def_cfa_offset 36
 873              		.cfi_offset 4, -36
 874              		.cfi_offset 5, -32
 875              		.cfi_offset 6, -28
 876              		.cfi_offset 7, -24
 877              		.cfi_offset 8, -20
 878              		.cfi_offset 9, -16
 879              		.cfi_offset 10, -12
 880              		.cfi_offset 11, -8
ARM GAS  C:\Users\22bur\AppData\Local\Temp\ccVzMWQh.s 			page 37


 881              		.cfi_offset 14, -4
 882 0004 2DED028B 		vpush.64	{d8}
 883              		.cfi_def_cfa_offset 44
 884              		.cfi_offset 80, -44
 885              		.cfi_offset 81, -40
 886 0008 ADF5813D 		sub	sp, sp, #66048
 887              		.cfi_def_cfa_offset 66092
 888              		.loc 7 78 17 view .LVU178
 889 000c 3548     		ldr	r0, .L113
 890 000e 42F25826 		movw	r6, #8792
 891 0012 44F25825 		movw	r5, #16984
  76:main.cpp      ****     /** Begin Initialization */ 
 892              		.loc 7 76 15 view .LVU179
 893 0016 97B0     		sub	sp, sp, #92
 894              		.cfi_def_cfa_offset 66184
 895              	.LBB418:
  79:main.cpp      ****     hw.Init();
  80:main.cpp      ****     hw.SetAudioBlockSize(64);
  81:main.cpp      ****     hw.StartLog(false); // set this to true to wait for terminal connection
  82:main.cpp      ****     float sample_rate = hw.AudioSampleRate();
  83:main.cpp      ****     
  84:main.cpp      ****     // 1. Initialize Wavetables
  85:main.cpp      ****     // make wavetables  
  86:main.cpp      ****     int num_waves = 4;
  87:main.cpp      ****     std::array<std::array<float, 2048>, 8> waves;
  88:main.cpp      ****     for(int i = 0; i < 2048; i++){
 896              		.loc 7 88 13 view .LVU180
 897 0018 0024     		movs	r4, #0
 898              	.LBE418:
  78:main.cpp      ****     hw.Init();
 899              		.loc 7 78 17 view .LVU181
 900 001a FFF7FEFF 		bl	_ZN5daisy9DaisySeed9ConfigureEv
 901              	.LVL49:
  79:main.cpp      ****     hw.Init();
 902              		.loc 7 79 5 is_stmt 1 view .LVU182
  79:main.cpp      ****     hw.Init();
 903              		.loc 7 79 12 is_stmt 0 view .LVU183
 904 001e 0021     		movs	r1, #0
 905 0020 3048     		ldr	r0, .L113
 906 0022 96AF     		add	r7, sp, #600
 907 0024 FFF7FEFF 		bl	_ZN5daisy9DaisySeed4InitEb
 908              	.LVL50:
  80:main.cpp      ****     hw.StartLog(false); // set this to true to wait for terminal connection
 909              		.loc 7 80 5 is_stmt 1 view .LVU184
  80:main.cpp      ****     hw.StartLog(false); // set this to true to wait for terminal connection
 910              		.loc 7 80 25 is_stmt 0 view .LVU185
 911 0028 4021     		movs	r1, #64
 912 002a 2E48     		ldr	r0, .L113
 913 002c 6E44     		add	r6, sp, r6
 914 002e FFF7FEFF 		bl	_ZN5daisy9DaisySeed17SetAudioBlockSizeEj
 915              	.LVL51:
  81:main.cpp      ****     float sample_rate = hw.AudioSampleRate();
 916              		.loc 7 81 5 is_stmt 1 view .LVU186
 917              	.LBB423:
 918              	.LBI423:
  23:../DaisyExamples/libDaisy/src/daisy_seed.h **** 
  24:../DaisyExamples/libDaisy/src/daisy_seed.h ****     /** This function used to provide a pre-initialization configuraiton 
ARM GAS  C:\Users\22bur\AppData\Local\Temp\ccVzMWQh.s 			page 38


  25:../DaisyExamples/libDaisy/src/daisy_seed.h ****      *  it has since been deprecated, and does nothing.
  26:../DaisyExamples/libDaisy/src/daisy_seed.h ****      */
  27:../DaisyExamples/libDaisy/src/daisy_seed.h ****     void Configure();
  28:../DaisyExamples/libDaisy/src/daisy_seed.h **** 
  29:../DaisyExamples/libDaisy/src/daisy_seed.h ****     /** 
  30:../DaisyExamples/libDaisy/src/daisy_seed.h ****     Initializes the Daisy Seed and the following peripherals:
  31:../DaisyExamples/libDaisy/src/daisy_seed.h ****     SDRAM, QSPI, 24-bit 48kHz Audio via AK4556, Internal USB,
  32:../DaisyExamples/libDaisy/src/daisy_seed.h ****     as well as the built-in LED and Testpoint.
  33:../DaisyExamples/libDaisy/src/daisy_seed.h **** 
  34:../DaisyExamples/libDaisy/src/daisy_seed.h ****     ADCs, DACs, and other special peripherals (such as I2C, SPI, etc.)
  35:../DaisyExamples/libDaisy/src/daisy_seed.h ****     can be initialized using their specific initializers within libdaisy
  36:../DaisyExamples/libDaisy/src/daisy_seed.h ****     for a specific application.
  37:../DaisyExamples/libDaisy/src/daisy_seed.h ****     */
  38:../DaisyExamples/libDaisy/src/daisy_seed.h ****     void Init(bool boost = false);
  39:../DaisyExamples/libDaisy/src/daisy_seed.h **** 
  40:../DaisyExamples/libDaisy/src/daisy_seed.h ****     /** 
  41:../DaisyExamples/libDaisy/src/daisy_seed.h ****     Deinitializes all peripherals automatically handled by `Init`.
  42:../DaisyExamples/libDaisy/src/daisy_seed.h ****     */
  43:../DaisyExamples/libDaisy/src/daisy_seed.h ****     void DeInit();
  44:../DaisyExamples/libDaisy/src/daisy_seed.h **** 
  45:../DaisyExamples/libDaisy/src/daisy_seed.h ****     /** 
  46:../DaisyExamples/libDaisy/src/daisy_seed.h ****     Wait some ms before going on.
  47:../DaisyExamples/libDaisy/src/daisy_seed.h ****     \param del Delay time in ms.
  48:../DaisyExamples/libDaisy/src/daisy_seed.h ****     */
  49:../DaisyExamples/libDaisy/src/daisy_seed.h ****     void DelayMs(size_t del);
  50:../DaisyExamples/libDaisy/src/daisy_seed.h **** 
  51:../DaisyExamples/libDaisy/src/daisy_seed.h ****     /** 
  52:../DaisyExamples/libDaisy/src/daisy_seed.h ****     Returns the gpio_pin corresponding to the index 0-31.
  53:../DaisyExamples/libDaisy/src/daisy_seed.h ****     For the given GPIO on the Daisy Seed (labeled 1-32 in docs).
  54:../DaisyExamples/libDaisy/src/daisy_seed.h ****     */
  55:../DaisyExamples/libDaisy/src/daisy_seed.h ****     static dsy_gpio_pin GetPin(uint8_t pin_idx);
  56:../DaisyExamples/libDaisy/src/daisy_seed.h **** 
  57:../DaisyExamples/libDaisy/src/daisy_seed.h ****     /** Begins the audio for the seeds builtin audio.
  58:../DaisyExamples/libDaisy/src/daisy_seed.h ****     the specified callback will get called whenever
  59:../DaisyExamples/libDaisy/src/daisy_seed.h ****     new data is ready to be prepared.
  60:../DaisyExamples/libDaisy/src/daisy_seed.h ****     */
  61:../DaisyExamples/libDaisy/src/daisy_seed.h ****     void StartAudio(AudioHandle::InterleavingAudioCallback cb);
  62:../DaisyExamples/libDaisy/src/daisy_seed.h **** 
  63:../DaisyExamples/libDaisy/src/daisy_seed.h ****     /** Begins the audio for the seeds builtin audio.
  64:../DaisyExamples/libDaisy/src/daisy_seed.h ****     the specified callback will get called whenever
  65:../DaisyExamples/libDaisy/src/daisy_seed.h ****     new data is ready to be prepared.
  66:../DaisyExamples/libDaisy/src/daisy_seed.h ****     This will use the newer non-interleaved callback.
  67:../DaisyExamples/libDaisy/src/daisy_seed.h ****     */
  68:../DaisyExamples/libDaisy/src/daisy_seed.h ****     void StartAudio(AudioHandle::AudioCallback cb);
  69:../DaisyExamples/libDaisy/src/daisy_seed.h **** 
  70:../DaisyExamples/libDaisy/src/daisy_seed.h ****     /** Changes to a new interleaved callback
  71:../DaisyExamples/libDaisy/src/daisy_seed.h ****      */
  72:../DaisyExamples/libDaisy/src/daisy_seed.h ****     void ChangeAudioCallback(AudioHandle::InterleavingAudioCallback cb);
  73:../DaisyExamples/libDaisy/src/daisy_seed.h **** 
  74:../DaisyExamples/libDaisy/src/daisy_seed.h ****     /** Changes to a new multichannel callback
  75:../DaisyExamples/libDaisy/src/daisy_seed.h ****      */
  76:../DaisyExamples/libDaisy/src/daisy_seed.h ****     void ChangeAudioCallback(AudioHandle::AudioCallback cb);
  77:../DaisyExamples/libDaisy/src/daisy_seed.h **** 
  78:../DaisyExamples/libDaisy/src/daisy_seed.h ****     /** Stops the audio if it is running. */
  79:../DaisyExamples/libDaisy/src/daisy_seed.h ****     void StopAudio();
  80:../DaisyExamples/libDaisy/src/daisy_seed.h **** 
  81:../DaisyExamples/libDaisy/src/daisy_seed.h ****     /** Updates the Audio Sample Rate, and reinitializes.
ARM GAS  C:\Users\22bur\AppData\Local\Temp\ccVzMWQh.s 			page 39


  82:../DaisyExamples/libDaisy/src/daisy_seed.h ****      ** Audio must be stopped for this to work.
  83:../DaisyExamples/libDaisy/src/daisy_seed.h ****      */
  84:../DaisyExamples/libDaisy/src/daisy_seed.h ****     void SetAudioSampleRate(SaiHandle::Config::SampleRate samplerate);
  85:../DaisyExamples/libDaisy/src/daisy_seed.h **** 
  86:../DaisyExamples/libDaisy/src/daisy_seed.h ****     /** Returns the audio sample rate in Hz as a floating point number.
  87:../DaisyExamples/libDaisy/src/daisy_seed.h ****      */
  88:../DaisyExamples/libDaisy/src/daisy_seed.h ****     float AudioSampleRate();
  89:../DaisyExamples/libDaisy/src/daisy_seed.h **** 
  90:../DaisyExamples/libDaisy/src/daisy_seed.h ****     /** Sets the number of samples processed per channel by the audio callback.
  91:../DaisyExamples/libDaisy/src/daisy_seed.h ****      */
  92:../DaisyExamples/libDaisy/src/daisy_seed.h ****     void SetAudioBlockSize(size_t blocksize);
  93:../DaisyExamples/libDaisy/src/daisy_seed.h **** 
  94:../DaisyExamples/libDaisy/src/daisy_seed.h ****     /** Returns the number of samples per channel in a block of audio. */
  95:../DaisyExamples/libDaisy/src/daisy_seed.h ****     size_t AudioBlockSize();
  96:../DaisyExamples/libDaisy/src/daisy_seed.h **** 
  97:../DaisyExamples/libDaisy/src/daisy_seed.h ****     /** Returns the rate in Hz that the Audio callback is called */
  98:../DaisyExamples/libDaisy/src/daisy_seed.h ****     float AudioCallbackRate() const;
  99:../DaisyExamples/libDaisy/src/daisy_seed.h **** 
 100:../DaisyExamples/libDaisy/src/daisy_seed.h ****     /** Returns the SAI Handle for the Daisy Seed 
 101:../DaisyExamples/libDaisy/src/daisy_seed.h ****      *  This can be useful when adding a secondary codec,
 102:../DaisyExamples/libDaisy/src/daisy_seed.h ****      *  the result of this function can be passed to the audio reinit 
 103:../DaisyExamples/libDaisy/src/daisy_seed.h ****      *  with an SAI2 configuration
 104:../DaisyExamples/libDaisy/src/daisy_seed.h ****      */
 105:../DaisyExamples/libDaisy/src/daisy_seed.h ****     const SaiHandle& AudioSaiHandle() const;
 106:../DaisyExamples/libDaisy/src/daisy_seed.h **** 
 107:../DaisyExamples/libDaisy/src/daisy_seed.h ****     /** Sets the state of the built in LED
 108:../DaisyExamples/libDaisy/src/daisy_seed.h ****      */
 109:../DaisyExamples/libDaisy/src/daisy_seed.h ****     void SetLed(bool state);
 110:../DaisyExamples/libDaisy/src/daisy_seed.h **** 
 111:../DaisyExamples/libDaisy/src/daisy_seed.h ****     /** Sets the state of the test point near pin 10
 112:../DaisyExamples/libDaisy/src/daisy_seed.h ****      */
 113:../DaisyExamples/libDaisy/src/daisy_seed.h ****     void SetTestPoint(bool state);
 114:../DaisyExamples/libDaisy/src/daisy_seed.h **** 
 115:../DaisyExamples/libDaisy/src/daisy_seed.h ****     /** Print formatted debug log message
 116:../DaisyExamples/libDaisy/src/daisy_seed.h ****      */
 117:../DaisyExamples/libDaisy/src/daisy_seed.h ****     template <typename... VA>
 118:../DaisyExamples/libDaisy/src/daisy_seed.h ****     static void Print(const char* format, VA... va)
 119:../DaisyExamples/libDaisy/src/daisy_seed.h ****     {
 120:../DaisyExamples/libDaisy/src/daisy_seed.h ****         Log::Print(format, va...);
 121:../DaisyExamples/libDaisy/src/daisy_seed.h ****     }
 122:../DaisyExamples/libDaisy/src/daisy_seed.h **** 
 123:../DaisyExamples/libDaisy/src/daisy_seed.h ****     /** Print formatted debug log message with automatic line termination
 124:../DaisyExamples/libDaisy/src/daisy_seed.h ****     */
 125:../DaisyExamples/libDaisy/src/daisy_seed.h ****     template <typename... VA>
 126:../DaisyExamples/libDaisy/src/daisy_seed.h ****     static void PrintLine(const char* format, VA... va)
 127:../DaisyExamples/libDaisy/src/daisy_seed.h ****     {
 128:../DaisyExamples/libDaisy/src/daisy_seed.h ****         Log::PrintLine(format, va...);
 129:../DaisyExamples/libDaisy/src/daisy_seed.h ****     }
 130:../DaisyExamples/libDaisy/src/daisy_seed.h **** 
 131:../DaisyExamples/libDaisy/src/daisy_seed.h ****     /** Start the logging session. Optionally wait for terminal connection before proceeding.
 132:../DaisyExamples/libDaisy/src/daisy_seed.h ****     */
 133:../DaisyExamples/libDaisy/src/daisy_seed.h ****     static void StartLog(bool wait_for_pc = false)
 919              		.loc 1 133 17 view .LVU187
 920              	.LBB424:
 134:../DaisyExamples/libDaisy/src/daisy_seed.h ****     {
 135:../DaisyExamples/libDaisy/src/daisy_seed.h ****         Log::StartLog(wait_for_pc);
 921              		.loc 1 135 9 view .LVU188
ARM GAS  C:\Users\22bur\AppData\Local\Temp\ccVzMWQh.s 			page 40


 922              		.loc 1 135 22 is_stmt 0 view .LVU189
 923 0032 0020     		movs	r0, #0
 924 0034 FFF7FEFF 		bl	_ZN5daisy6LoggerILNS_17LoggerDestinationE1EE8StartLogEb
 925              	.LVL52:
 926              		.loc 1 135 22 view .LVU190
 927              	.LBE424:
 928              	.LBE423:
  82:main.cpp      ****     
 929              		.loc 7 82 5 is_stmt 1 view .LVU191
  82:main.cpp      ****     
 930              		.loc 7 82 43 is_stmt 0 view .LVU192
 931 0038 2A48     		ldr	r0, .L113
 932 003a FFF7FEFF 		bl	_ZN5daisy9DaisySeed15AudioSampleRateEv
 933              	.LVL53:
 934 003e F0EE408A 		vmov.f32	s17, s0
 935 0042 9FED290A 		vldr.32	s0, .L113+4
 936 0046 6D44     		add	r5, sp, r5
 937              	.LVL54:
  86:main.cpp      ****     std::array<std::array<float, 2048>, 8> waves;
 938              		.loc 7 86 5 is_stmt 1 view .LVU193
  87:main.cpp      ****     for(int i = 0; i < 2048; i++){
 939              		.loc 7 87 5 view .LVU194
 940              		.loc 7 88 5 view .LVU195
 941              	.LBB425:
 942              		.loc 7 88 22 view .LVU196
 943 0048 B0EE408A 		vmov.f32	s16, s0
 944 004c 26E0     		b	.L66
 945              	.LVL55:
 946              	.L105:
 947              	.LBB419:
  89:main.cpp      ****         float phase = (float)i / 2048.0f;
  90:main.cpp      ****         
  91:main.cpp      ****         waves[0][i] = sinf(2.0f * PI * phase);
  92:main.cpp      **** 
  93:main.cpp      ****         float tri;
  94:main.cpp      ****         if (phase < 0.25f)
  95:main.cpp      ****             tri = 4.0f * phase;
 948              		.loc 7 95 17 is_stmt 0 view .LVU197
 949 004e 27EE877A 		vmul.f32	s14, s15, s14
 950              	.LVL56:
 951              	.L61:
  96:main.cpp      ****         else if (phase < 0.75f)
  97:main.cpp      ****             tri = 2.0f - 4.0f * phase;
  98:main.cpp      ****         else
  99:main.cpp      ****             tri = -4.0f + 4.0f * phase;
 100:main.cpp      ****         waves[1][i] = tri;
 952              		.loc 7 100 9 is_stmt 1 view .LVU198
 101:main.cpp      **** 
 102:main.cpp      ****         waves[2][i] = (phase < 0.5f) ? 1.0f : -1.0f;
 953              		.loc 7 102 38 is_stmt 0 view .LVU199
 954 0052 F6EE004A 		vmov.f32	s9, #5.0e-1
 955              	.LBE419:
  88:main.cpp      ****         float phase = (float)i / 2048.0f;
 956              		.loc 7 88 5 view .LVU200
 957 0056 0134     		adds	r4, r4, #1
 958              	.LVL57:
 959              	.LBB420:
ARM GAS  C:\Users\22bur\AppData\Local\Temp\ccVzMWQh.s 			page 41


 960              		.loc 7 102 38 view .LVU201
 961 0058 B7EE006A 		vmov.f32	s12, #1.0e+0
 100:main.cpp      **** 
 962              		.loc 7 100 21 view .LVU202
 963 005c A6EC017A 		vstmia.32	r6!, {s14}
 964              		.loc 7 102 9 is_stmt 1 view .LVU203
 965              		.loc 7 102 38 is_stmt 0 view .LVU204
 966 0060 BFEE005A 		vmov.f32	s10, #-1.0e+0
  89:main.cpp      ****         
 967              		.loc 7 89 15 view .LVU205
 968 0064 DFED216A 		vldr.32	s13, .L113+8
 969              		.loc 7 102 38 view .LVU206
 970 0068 F4EEE47A 		vcmpe.f32	s15, s9
  91:main.cpp      **** 
 971              		.loc 7 91 27 view .LVU207
 972 006c 9FED200A 		vldr.32	s0, .L113+12
 973              		.loc 7 102 38 view .LVU208
 974 0070 F1EE10FA 		vmrs	APSR_nzcv, FPSCR
 975 0074 54BF     		ite	pl
 976 0076 F0EE457A 		vmovpl.f32	s15, s10
 977 007a F0EE467A 		vmovmi.f32	s15, s12
 978              	.LVL58:
 979              		.loc 7 102 38 view .LVU209
 980              	.LBE420:
  88:main.cpp      ****         float phase = (float)i / 2048.0f;
 981              		.loc 7 88 22 view .LVU210
 982 007e B4F5006F 		cmp	r4, #2048
 983              	.LBB421:
 984              		.loc 7 102 21 view .LVU211
 985 0082 E5EC017A 		vstmia.32	r5!, {s15}
 986              	.LBE421:
  88:main.cpp      ****         float phase = (float)i / 2048.0f;
 987              		.loc 7 88 5 is_stmt 1 view .LVU212
 988              	.LVL59:
  88:main.cpp      ****         float phase = (float)i / 2048.0f;
 989              		.loc 7 88 22 view .LVU213
 990 0086 35D0     		beq	.L65
 991              	.LBB422:
  89:main.cpp      ****         
 992              		.loc 7 89 23 is_stmt 0 view .LVU214
 993 0088 07EE904A 		vmov	s15, r4	@ int
 994 008c B8EEE78A 		vcvt.f32.s32	s16, s15
 995              	.LVL60:
  89:main.cpp      ****         
 996              		.loc 7 89 15 view .LVU215
 997 0090 68EE266A 		vmul.f32	s13, s16, s13
  91:main.cpp      **** 
 998              		.loc 7 91 27 view .LVU216
 999 0094 26EE800A 		vmul.f32	s0, s13, s0
 1000 0098 FFF7FEFF 		bl	sinf
 1001              	.LVL61:
 1002              	.L66:
  89:main.cpp      ****         
 1003              		.loc 7 89 9 is_stmt 1 view .LVU217
  96:main.cpp      ****             tri = 2.0f - 4.0f * phase;
 1004              		.loc 7 96 14 view .LVU218
  89:main.cpp      ****         
ARM GAS  C:\Users\22bur\AppData\Local\Temp\ccVzMWQh.s 			page 42


 1005              		.loc 7 89 15 is_stmt 0 view .LVU219
 1006 009c DFED137A 		vldr.32	s15, .L113+8
  94:main.cpp      ****             tri = 4.0f * phase;
 1007              		.loc 7 94 9 view .LVU220
 1008 00a0 F5EE006A 		vmov.f32	s13, #2.5e-1
  96:main.cpp      ****             tri = 2.0f - 4.0f * phase;
 1009              		.loc 7 96 14 view .LVU221
 1010 00a4 B6EE086A 		vmov.f32	s12, #7.5e-1
  91:main.cpp      **** 
 1011              		.loc 7 91 21 view .LVU222
 1012 00a8 A7EC010A 		vstmia.32	r7!, {s0}
  89:main.cpp      ****         
 1013              		.loc 7 89 15 view .LVU223
 1014 00ac 68EE277A 		vmul.f32	s15, s16, s15
 1015              	.LVL62:
  91:main.cpp      **** 
 1016              		.loc 7 91 9 is_stmt 1 view .LVU224
  93:main.cpp      ****         if (phase < 0.25f)
 1017              		.loc 7 93 9 view .LVU225
  94:main.cpp      ****             tri = 4.0f * phase;
 1018              		.loc 7 94 9 view .LVU226
  95:main.cpp      ****         else if (phase < 0.75f)
 1019              		.loc 7 95 13 view .LVU227
  95:main.cpp      ****         else if (phase < 0.75f)
 1020              		.loc 7 95 17 is_stmt 0 view .LVU228
 1021 00b0 B1EE007A 		vmov.f32	s14, #4.0e+0
  94:main.cpp      ****             tri = 4.0f * phase;
 1022              		.loc 7 94 9 view .LVU229
 1023 00b4 F4EEE67A 		vcmpe.f32	s15, s13
 1024 00b8 F1EE10FA 		vmrs	APSR_nzcv, FPSCR
 1025 00bc C7D4     		bmi	.L105
  97:main.cpp      ****         else
 1026              		.loc 7 97 13 is_stmt 1 view .LVU230
  99:main.cpp      ****         waves[1][i] = tri;
 1027              		.loc 7 99 13 view .LVU231
  96:main.cpp      ****             tri = 2.0f - 4.0f * phase;
 1028              		.loc 7 96 14 is_stmt 0 view .LVU232
 1029 00be F4EEC67A 		vcmpe.f32	s15, s12
  99:main.cpp      ****         waves[1][i] = tri;
 1030              		.loc 7 99 17 view .LVU233
 1031 00c2 F1EE006A 		vmov.f32	s13, #4.0e+0
 1032 00c6 B9EE007A 		vmov.f32	s14, #-4.0e+0
  96:main.cpp      ****             tri = 2.0f - 4.0f * phase;
 1033              		.loc 7 96 14 view .LVU234
 1034 00ca F1EE10FA 		vmrs	APSR_nzcv, FPSCR
  97:main.cpp      ****         else
 1035              		.loc 7 97 17 view .LVU235
 1036 00ce B0EE006A 		vmov.f32	s12, #2.0e+0
  96:main.cpp      ****             tri = 2.0f - 4.0f * phase;
 1037              		.loc 7 96 14 view .LVU236
 1038 00d2 04D5     		bpl	.L103
  97:main.cpp      ****         else
 1039              		.loc 7 97 17 view .LVU237
 1040 00d4 B0EE467A 		vmov.f32	s14, s12
 1041 00d8 A7EEE67A 		vfms.f32	s14, s15, s13
 1042              	.LVL63:
  97:main.cpp      ****         else
ARM GAS  C:\Users\22bur\AppData\Local\Temp\ccVzMWQh.s 			page 43


 1043              		.loc 7 97 17 view .LVU238
 1044 00dc B9E7     		b	.L61
 1045              	.LVL64:
 1046              	.L103:
  99:main.cpp      ****         waves[1][i] = tri;
 1047              		.loc 7 99 17 view .LVU239
 1048 00de A7EEA67A 		vfma.f32	s14, s15, s13
 1049              	.LVL65:
  99:main.cpp      ****         waves[1][i] = tri;
 1050              		.loc 7 99 17 view .LVU240
 1051 00e2 B6E7     		b	.L61
 1052              	.L114:
 1053              		.align	2
 1054              	.L113:
 1055 00e4 00000000 		.word	.LANCHOR5
 1056 00e8 00000000 		.word	0
 1057 00ec 0000003A 		.word	973078528
 1058 00f0 DB0FC940 		.word	1086918619
 1059              	.LVL66:
 1060              	.L65:
  99:main.cpp      ****         waves[1][i] = tri;
 1061              		.loc 7 99 17 view .LVU241
 1062              	.LBE422:
 1063              	.LBE425:
 103:main.cpp      ****     }
 104:main.cpp      ****     wt.Init(sample_rate, waves, num_waves);
 1064              		.loc 7 104 5 is_stmt 1 view .LVU242
 1065              	.LBB426:
 105:main.cpp      ****     for(int i = 0; i < 8; i++){
 1066              		.loc 7 105 13 is_stmt 0 view .LVU243
 1067 00f4 0024     		movs	r4, #0
 1068              	.LVL67:
 1069              		.loc 7 105 13 view .LVU244
 1070              	.LBE426:
 104:main.cpp      ****     for(int i = 0; i < 8; i++){
 1071              		.loc 7 104 12 view .LVU245
 1072 00f6 B0EE680A 		vmov.f32	s0, s17
 1073 00fa 0422     		movs	r2, #4
 1074 00fc 96A9     		add	r1, sp, #600
 1075 00fe C548     		ldr	r0, .L115
 1076 0100 FFF7FEFF 		bl	_ZN9Wavetable4InitEfRKSt5arrayIS0_IfLj2048EELj8EEi
 1077              	.LVL68:
 1078              		.loc 7 105 5 is_stmt 1 view .LVU246
 1079              	.LBB427:
 1080              		.loc 7 105 22 view .LVU247
 1081              	.L67:
 106:main.cpp      ****         wt.SetIndex(i, 0);
 1082              		.loc 7 106 9 discriminator 2 view .LVU248
 1083              		.loc 7 106 20 is_stmt 0 discriminator 2 view .LVU249
 1084 0104 2146     		mov	r1, r4
 105:main.cpp      ****     for(int i = 0; i < 8; i++){
 1085              		.loc 7 105 5 discriminator 2 view .LVU250
 1086 0106 0134     		adds	r4, r4, #1
 1087              	.LVL69:
 1088              		.loc 7 106 20 discriminator 2 view .LVU251
 1089 0108 9FEDC30A 		vldr.32	s0, .L115+4
 1090 010c C148     		ldr	r0, .L115
ARM GAS  C:\Users\22bur\AppData\Local\Temp\ccVzMWQh.s 			page 44


 1091 010e FFF7FEFF 		bl	_ZN9Wavetable8SetIndexEif
 1092              	.LVL70:
 105:main.cpp      ****     for(int i = 0; i < 8; i++){
 1093              		.loc 7 105 5 is_stmt 1 discriminator 2 view .LVU252
 105:main.cpp      ****     for(int i = 0; i < 8; i++){
 1094              		.loc 7 105 22 discriminator 2 view .LVU253
 1095 0112 082C     		cmp	r4, #8
 1096 0114 F6D1     		bne	.L67
 1097              	.LBE427:
 107:main.cpp      ****     }
 108:main.cpp      **** 
 109:main.cpp      ****     // 2. Initalize Midi and Start receiving
 110:main.cpp      ****     MidiUartHandler::Config midi_config;
 1098              		.loc 7 110 5 view .LVU254
 1099              	.LVL71:
 1100              	.LBB428:
 1101              	.LBI428:
 158:../DaisyExamples/libDaisy/src/hid/midi.h ****     {
 1102              		.loc 9 158 12 view .LVU255
 1103              	.LBB429:
 1104 0116 0BA8     		add	r0, sp, #44
 1105              	.LVL72:
 158:../DaisyExamples/libDaisy/src/hid/midi.h ****     {
 1106              		.loc 9 158 12 is_stmt 0 view .LVU256
 1107              	.LBE429:
 1108              	.LBE428:
 1109              	.LBB431:
 1110              	.LBB432:
 168:../DaisyExamples/libDaisy/src/hid/midi.h ****         transport_.Init(config_.transport_config);
 1111              		.loc 9 168 9 view .LVU257
 1112 0118 C04E     		ldr	r6, .L115+8
 1113              	.LBE432:
 1114              	.LBE431:
 1115              	.LBB459:
 1116              	.LBB430:
 158:../DaisyExamples/libDaisy/src/hid/midi.h ****     {
 1117              		.loc 9 158 12 view .LVU258
 1118 011a FFF7FEFF 		bl	_ZN5daisy17MidiUartTransport6ConfigC1Ev
 1119              	.LVL73:
 158:../DaisyExamples/libDaisy/src/hid/midi.h ****     {
 1120              		.loc 9 158 12 view .LVU259
 1121              	.LBE430:
 1122              	.LBE459:
 111:main.cpp      ****     midi.Init(midi_config);
 1123              		.loc 7 111 5 is_stmt 1 view .LVU260
 1124              		.loc 7 111 5 is_stmt 0 view .LVU261
 1125 011e 96AA     		add	r2, sp, #600
 1126 0120 0BAB     		add	r3, sp, #44
 1127 0122 2EAC     		add	r4, sp, #184
 1128              	.LVL74:
 1129              		.loc 7 111 5 view .LVU262
 1130 0124 A2F59075 		sub	r5, r2, #288
 1131              	.LBB460:
 1132              	.LBB456:
 1133              	.LBB433:
 1134              	.LBB434:
 1135              	.LBB435:
ARM GAS  C:\Users\22bur\AppData\Local\Temp\ccVzMWQh.s 			page 45


 1136              	.LBB436:
 1137              	.LBB437:
 1138              		.file 11 "../DaisyExamples/libDaisy/src/per/uart.h"
   1:../DaisyExamples/libDaisy/src/per/uart.h **** /* 
   2:../DaisyExamples/libDaisy/src/per/uart.h **** TODO
   3:../DaisyExamples/libDaisy/src/per/uart.h **** - Overflow handling, etc. for Rx Queue.
   4:../DaisyExamples/libDaisy/src/per/uart.h **** */
   5:../DaisyExamples/libDaisy/src/per/uart.h **** 
   6:../DaisyExamples/libDaisy/src/per/uart.h **** #pragma once
   7:../DaisyExamples/libDaisy/src/per/uart.h **** #ifndef DSY_UART_H
   8:../DaisyExamples/libDaisy/src/per/uart.h **** #define DSY_UART_H /**< macro */
   9:../DaisyExamples/libDaisy/src/per/uart.h **** #include "daisy_core.h"
  10:../DaisyExamples/libDaisy/src/per/uart.h **** 
  11:../DaisyExamples/libDaisy/src/per/uart.h **** 
  12:../DaisyExamples/libDaisy/src/per/uart.h **** namespace daisy
  13:../DaisyExamples/libDaisy/src/per/uart.h **** {
  14:../DaisyExamples/libDaisy/src/per/uart.h **** /** @addtogroup serial
  15:../DaisyExamples/libDaisy/src/per/uart.h ****     @{
  16:../DaisyExamples/libDaisy/src/per/uart.h ****     */
  17:../DaisyExamples/libDaisy/src/per/uart.h **** 
  18:../DaisyExamples/libDaisy/src/per/uart.h **** /** 
  19:../DaisyExamples/libDaisy/src/per/uart.h ****     Uart Peripheral
  20:../DaisyExamples/libDaisy/src/per/uart.h ****     @author shensley
  21:../DaisyExamples/libDaisy/src/per/uart.h ****     @date March 2020
  22:../DaisyExamples/libDaisy/src/per/uart.h ****     */
  23:../DaisyExamples/libDaisy/src/per/uart.h **** class UartHandler
  24:../DaisyExamples/libDaisy/src/per/uart.h **** {
  25:../DaisyExamples/libDaisy/src/per/uart.h ****   public:
  26:../DaisyExamples/libDaisy/src/per/uart.h ****     struct Config
  27:../DaisyExamples/libDaisy/src/per/uart.h ****     {
  28:../DaisyExamples/libDaisy/src/per/uart.h ****         enum class Peripheral
  29:../DaisyExamples/libDaisy/src/per/uart.h ****         {
  30:../DaisyExamples/libDaisy/src/per/uart.h ****             USART_1,
  31:../DaisyExamples/libDaisy/src/per/uart.h ****             USART_2,
  32:../DaisyExamples/libDaisy/src/per/uart.h ****             USART_3,
  33:../DaisyExamples/libDaisy/src/per/uart.h ****             UART_4,
  34:../DaisyExamples/libDaisy/src/per/uart.h ****             UART_5,
  35:../DaisyExamples/libDaisy/src/per/uart.h ****             USART_6,
  36:../DaisyExamples/libDaisy/src/per/uart.h ****             UART_7,
  37:../DaisyExamples/libDaisy/src/per/uart.h ****             UART_8,
  38:../DaisyExamples/libDaisy/src/per/uart.h ****             LPUART_1,
  39:../DaisyExamples/libDaisy/src/per/uart.h ****         };
  40:../DaisyExamples/libDaisy/src/per/uart.h **** 
  41:../DaisyExamples/libDaisy/src/per/uart.h ****         enum class StopBits
  42:../DaisyExamples/libDaisy/src/per/uart.h ****         {
  43:../DaisyExamples/libDaisy/src/per/uart.h ****             BITS_0_5,
  44:../DaisyExamples/libDaisy/src/per/uart.h ****             BITS_1,
  45:../DaisyExamples/libDaisy/src/per/uart.h ****             BITS_1_5,
  46:../DaisyExamples/libDaisy/src/per/uart.h ****             BITS_2,
  47:../DaisyExamples/libDaisy/src/per/uart.h ****         };
  48:../DaisyExamples/libDaisy/src/per/uart.h **** 
  49:../DaisyExamples/libDaisy/src/per/uart.h ****         enum class Parity
  50:../DaisyExamples/libDaisy/src/per/uart.h ****         {
  51:../DaisyExamples/libDaisy/src/per/uart.h ****             NONE,
  52:../DaisyExamples/libDaisy/src/per/uart.h ****             EVEN,
  53:../DaisyExamples/libDaisy/src/per/uart.h ****             ODD,
  54:../DaisyExamples/libDaisy/src/per/uart.h ****         };
ARM GAS  C:\Users\22bur\AppData\Local\Temp\ccVzMWQh.s 			page 46


  55:../DaisyExamples/libDaisy/src/per/uart.h **** 
  56:../DaisyExamples/libDaisy/src/per/uart.h ****         enum class Mode
  57:../DaisyExamples/libDaisy/src/per/uart.h ****         {
  58:../DaisyExamples/libDaisy/src/per/uart.h ****             RX,
  59:../DaisyExamples/libDaisy/src/per/uart.h ****             TX,
  60:../DaisyExamples/libDaisy/src/per/uart.h ****             TX_RX,
  61:../DaisyExamples/libDaisy/src/per/uart.h ****         };
  62:../DaisyExamples/libDaisy/src/per/uart.h **** 
  63:../DaisyExamples/libDaisy/src/per/uart.h ****         enum class WordLength
  64:../DaisyExamples/libDaisy/src/per/uart.h ****         {
  65:../DaisyExamples/libDaisy/src/per/uart.h ****             BITS_7,
  66:../DaisyExamples/libDaisy/src/per/uart.h ****             BITS_8,
  67:../DaisyExamples/libDaisy/src/per/uart.h ****             BITS_9,
  68:../DaisyExamples/libDaisy/src/per/uart.h ****         };
  69:../DaisyExamples/libDaisy/src/per/uart.h **** 
  70:../DaisyExamples/libDaisy/src/per/uart.h ****         struct
  71:../DaisyExamples/libDaisy/src/per/uart.h ****         {
  72:../DaisyExamples/libDaisy/src/per/uart.h ****             dsy_gpio_pin tx; /**< & */
  73:../DaisyExamples/libDaisy/src/per/uart.h ****             dsy_gpio_pin rx; /**< & */
  74:../DaisyExamples/libDaisy/src/per/uart.h ****         } pin_config;        /**< & */
  75:../DaisyExamples/libDaisy/src/per/uart.h **** 
  76:../DaisyExamples/libDaisy/src/per/uart.h ****         Config()
  77:../DaisyExamples/libDaisy/src/per/uart.h ****         {
  78:../DaisyExamples/libDaisy/src/per/uart.h ****             // user must init periph, pin_config, and mode
  79:../DaisyExamples/libDaisy/src/per/uart.h ****             stopbits   = StopBits::BITS_1;
 1139              		.loc 11 79 24 view .LVU263
 1140 0128 0122     		movs	r2, #1
  80:../DaisyExamples/libDaisy/src/per/uart.h ****             parity     = Parity::NONE;
 1141              		.loc 11 80 24 view .LVU264
 1142 012a 0027     		movs	r7, #0
  79:../DaisyExamples/libDaisy/src/per/uart.h ****             parity     = Parity::NONE;
 1143              		.loc 11 79 24 view .LVU265
 1144 012c 7492     		str	r2, [sp, #464]
  81:../DaisyExamples/libDaisy/src/per/uart.h ****             wordlength = WordLength::BITS_8;
 1145              		.loc 11 81 24 view .LVU266
 1146 012e 7792     		str	r2, [sp, #476]
  82:../DaisyExamples/libDaisy/src/per/uart.h ****             baudrate   = 31250;
 1147              		.loc 11 82 24 view .LVU267
 1148 0130 47F61222 		movw	r2, #31250
  80:../DaisyExamples/libDaisy/src/per/uart.h ****             wordlength = WordLength::BITS_8;
 1149              		.loc 11 80 24 view .LVU268
 1150 0134 7597     		str	r7, [sp, #468]
 1151              		.loc 11 82 24 view .LVU269
 1152 0136 7892     		str	r2, [sp, #480]
 1153              	.LBE437:
 1154              	.LBE436:
 1155              	.LBE435:
  70:../DaisyExamples/libDaisy/src/hid/midi.h ****         uart_config.wordlength = UartHandler::Config::WordLength::BITS_8;
 1156              		.loc 9 70 32 view .LVU270
 1157 0138 0222     		movs	r2, #2
 1158 013a 7692     		str	r2, [sp, #472]
 1159 013c 0FCB     		ldm	r3, {r0, r1, r2, r3}
 1160 013e 85E80F00 		stm	r5, {r0, r1, r2, r3}
 1161 0142 84E80F00 		stm	r4, {r0, r1, r2, r3}
 1162              	.LBE434:
 1163              	.LBE433:
 1164              	.LBE456:
ARM GAS  C:\Users\22bur\AppData\Local\Temp\ccVzMWQh.s 			page 47


 1165              	.LBI431:
 166:../DaisyExamples/libDaisy/src/hid/midi.h ****     {
 1166              		.loc 9 166 10 is_stmt 1 view .LVU271
 1167              	.LBB457:
 168:../DaisyExamples/libDaisy/src/hid/midi.h ****         transport_.Init(config_.transport_config);
 1168              		.loc 9 168 9 is_stmt 0 view .LVU272
 1169 0146 86E80F00 		stm	r6, {r0, r1, r2, r3}
 1170              	.LVL75:
 1171              	.LBB449:
 1172              	.LBB445:
  74:../DaisyExamples/libDaisy/src/hid/midi.h ****         uart_config.pin_config.rx = config.rx;
 1173              		.loc 9 74 35 view .LVU273
 1174 014a 7390     		str	r0, [sp, #460]
 1175 014c 1046     		mov	r0, r2
 1176              	.LVL76:
  74:../DaisyExamples/libDaisy/src/hid/midi.h ****         uart_config.pin_config.rx = config.rx;
 1177              		.loc 9 74 35 view .LVU274
 1178 014e 1A46     		mov	r2, r3
 1179              	.LVL77:
  74:../DaisyExamples/libDaisy/src/hid/midi.h ****         uart_config.pin_config.rx = config.rx;
 1180              		.loc 9 74 35 view .LVU275
 1181              	.LBE445:
 1182              	.LBI433:
  62:../DaisyExamples/libDaisy/src/hid/midi.h ****     {
 1183              		.loc 9 62 17 is_stmt 1 view .LVU276
 1184              	.LBB446:
  64:../DaisyExamples/libDaisy/src/hid/midi.h **** 
 1185              		.loc 9 64 9 view .LVU277
 1186              	.LBB440:
 1187              	.LBI435:
  76:../DaisyExamples/libDaisy/src/per/uart.h ****         {
 1188              		.loc 11 76 9 view .LVU278
 1189              	.LBB439:
 1190              	.LBB438:
  79:../DaisyExamples/libDaisy/src/per/uart.h ****             parity     = Parity::NONE;
 1191              		.loc 11 79 13 view .LVU279
  80:../DaisyExamples/libDaisy/src/per/uart.h ****             wordlength = WordLength::BITS_8;
 1192              		.loc 11 80 13 view .LVU280
  81:../DaisyExamples/libDaisy/src/per/uart.h ****             baudrate   = 31250;
 1193              		.loc 11 81 13 view .LVU281
 1194              		.loc 11 82 13 view .LVU282
 1195              		.loc 11 82 13 is_stmt 0 view .LVU283
 1196              	.LBE438:
 1197              	.LBE439:
 1198              	.LBE440:
  67:../DaisyExamples/libDaisy/src/hid/midi.h ****         uart_config.stopbits   = UartHandler::Config::StopBits::BITS_1;
 1199              		.loc 9 67 9 is_stmt 1 view .LVU284
  68:../DaisyExamples/libDaisy/src/hid/midi.h ****         uart_config.parity     = UartHandler::Config::Parity::NONE;
 1200              		.loc 9 68 9 view .LVU285
  69:../DaisyExamples/libDaisy/src/hid/midi.h ****         uart_config.mode       = UartHandler::Config::Mode::TX_RX;
 1201              		.loc 9 69 9 view .LVU286
  70:../DaisyExamples/libDaisy/src/hid/midi.h ****         uart_config.wordlength = UartHandler::Config::WordLength::BITS_8;
 1202              		.loc 9 70 9 view .LVU287
  71:../DaisyExamples/libDaisy/src/hid/midi.h **** 
 1203              		.loc 9 71 9 view .LVU288
  74:../DaisyExamples/libDaisy/src/hid/midi.h ****         uart_config.pin_config.rx = config.rx;
 1204              		.loc 9 74 9 view .LVU289
ARM GAS  C:\Users\22bur\AppData\Local\Temp\ccVzMWQh.s 			page 48


  75:../DaisyExamples/libDaisy/src/hid/midi.h ****         uart_config.pin_config.tx = config.tx;
 1205              		.loc 9 75 9 view .LVU290
  75:../DaisyExamples/libDaisy/src/hid/midi.h ****         uart_config.pin_config.tx = config.tx;
 1206              		.loc 9 75 35 is_stmt 0 view .LVU291
 1207 0150 AB88     		ldrh	r3, [r5, #4]
 1208 0152 ADF8CA31 		strh	r3, [sp, #458]	@ movhi
  76:../DaisyExamples/libDaisy/src/hid/midi.h **** 
 1209              		.loc 9 76 9 is_stmt 1 view .LVU292
  76:../DaisyExamples/libDaisy/src/hid/midi.h **** 
 1210              		.loc 9 76 35 is_stmt 0 view .LVU293
 1211 0156 EB88     		ldrh	r3, [r5, #6]
  79:../DaisyExamples/libDaisy/src/hid/midi.h **** 
 1212              		.loc 9 79 24 view .LVU294
 1213 0158 C6E90502 		strd	r0, r2, [r6, #20]
  76:../DaisyExamples/libDaisy/src/hid/midi.h **** 
 1214              		.loc 9 76 35 view .LVU295
 1215 015c ADF8C831 		strh	r3, [sp, #456]	@ movhi
  78:../DaisyExamples/libDaisy/src/hid/midi.h ****         rx_buffer_size = config.rx_buffer_size;
 1216              		.loc 9 78 9 is_stmt 1 view .LVU296
  82:../DaisyExamples/libDaisy/src/hid/midi.h **** 
 1217              		.loc 9 82 9 view .LVU297
 1218              	.LVL78:
 1219              	.LBB441:
 1220              	.LBI441:
 1221              		.file 12 "c:\\program files\\daisytoolchain\\arm-none-eabi\\include\\c++\\10.2.1\\bits\\stl_algoba
   1:c:\program files\daisytoolchain\arm-none-eabi\include\c++\10.2.1\bits\stl_algobase.h **** // Core algorithmic facilities -*- C++ -*-
   2:c:\program files\daisytoolchain\arm-none-eabi\include\c++\10.2.1\bits\stl_algobase.h **** 
   3:c:\program files\daisytoolchain\arm-none-eabi\include\c++\10.2.1\bits\stl_algobase.h **** // Copyright (C) 2001-2020 Free Software Foundation, Inc.
   4:c:\program files\daisytoolchain\arm-none-eabi\include\c++\10.2.1\bits\stl_algobase.h **** //
   5:c:\program files\daisytoolchain\arm-none-eabi\include\c++\10.2.1\bits\stl_algobase.h **** // This file is part of the GNU ISO C++ Library.  This library is free
   6:c:\program files\daisytoolchain\arm-none-eabi\include\c++\10.2.1\bits\stl_algobase.h **** // software; you can redistribute it and/or modify it under the
   7:c:\program files\daisytoolchain\arm-none-eabi\include\c++\10.2.1\bits\stl_algobase.h **** // terms of the GNU General Public License as published by the
   8:c:\program files\daisytoolchain\arm-none-eabi\include\c++\10.2.1\bits\stl_algobase.h **** // Free Software Foundation; either version 3, or (at your option)
   9:c:\program files\daisytoolchain\arm-none-eabi\include\c++\10.2.1\bits\stl_algobase.h **** // any later version.
  10:c:\program files\daisytoolchain\arm-none-eabi\include\c++\10.2.1\bits\stl_algobase.h **** 
  11:c:\program files\daisytoolchain\arm-none-eabi\include\c++\10.2.1\bits\stl_algobase.h **** // This library is distributed in the hope that it will be useful,
  12:c:\program files\daisytoolchain\arm-none-eabi\include\c++\10.2.1\bits\stl_algobase.h **** // but WITHOUT ANY WARRANTY; without even the implied warranty of
  13:c:\program files\daisytoolchain\arm-none-eabi\include\c++\10.2.1\bits\stl_algobase.h **** // MERCHANTABILITY or FITNESS FOR A PARTICULAR PURPOSE.  See the
  14:c:\program files\daisytoolchain\arm-none-eabi\include\c++\10.2.1\bits\stl_algobase.h **** // GNU General Public License for more details.
  15:c:\program files\daisytoolchain\arm-none-eabi\include\c++\10.2.1\bits\stl_algobase.h **** 
  16:c:\program files\daisytoolchain\arm-none-eabi\include\c++\10.2.1\bits\stl_algobase.h **** // Under Section 7 of GPL version 3, you are granted additional
  17:c:\program files\daisytoolchain\arm-none-eabi\include\c++\10.2.1\bits\stl_algobase.h **** // permissions described in the GCC Runtime Library Exception, version
  18:c:\program files\daisytoolchain\arm-none-eabi\include\c++\10.2.1\bits\stl_algobase.h **** // 3.1, as published by the Free Software Foundation.
  19:c:\program files\daisytoolchain\arm-none-eabi\include\c++\10.2.1\bits\stl_algobase.h **** 
  20:c:\program files\daisytoolchain\arm-none-eabi\include\c++\10.2.1\bits\stl_algobase.h **** // You should have received a copy of the GNU General Public License and
  21:c:\program files\daisytoolchain\arm-none-eabi\include\c++\10.2.1\bits\stl_algobase.h **** // a copy of the GCC Runtime Library Exception along with this program;
  22:c:\program files\daisytoolchain\arm-none-eabi\include\c++\10.2.1\bits\stl_algobase.h **** // see the files COPYING3 and COPYING.RUNTIME respectively.  If not, see
  23:c:\program files\daisytoolchain\arm-none-eabi\include\c++\10.2.1\bits\stl_algobase.h **** // <http://www.gnu.org/licenses/>.
  24:c:\program files\daisytoolchain\arm-none-eabi\include\c++\10.2.1\bits\stl_algobase.h **** 
  25:c:\program files\daisytoolchain\arm-none-eabi\include\c++\10.2.1\bits\stl_algobase.h **** /*
  26:c:\program files\daisytoolchain\arm-none-eabi\include\c++\10.2.1\bits\stl_algobase.h ****  *
  27:c:\program files\daisytoolchain\arm-none-eabi\include\c++\10.2.1\bits\stl_algobase.h ****  * Copyright (c) 1994
  28:c:\program files\daisytoolchain\arm-none-eabi\include\c++\10.2.1\bits\stl_algobase.h ****  * Hewlett-Packard Company
  29:c:\program files\daisytoolchain\arm-none-eabi\include\c++\10.2.1\bits\stl_algobase.h ****  *
  30:c:\program files\daisytoolchain\arm-none-eabi\include\c++\10.2.1\bits\stl_algobase.h ****  * Permission to use, copy, modify, distribute and sell this software
  31:c:\program files\daisytoolchain\arm-none-eabi\include\c++\10.2.1\bits\stl_algobase.h ****  * and its documentation for any purpose is hereby granted without fee,
  32:c:\program files\daisytoolchain\arm-none-eabi\include\c++\10.2.1\bits\stl_algobase.h ****  * provided that the above copyright notice appear in all copies and
ARM GAS  C:\Users\22bur\AppData\Local\Temp\ccVzMWQh.s 			page 49


  33:c:\program files\daisytoolchain\arm-none-eabi\include\c++\10.2.1\bits\stl_algobase.h ****  * that both that copyright notice and this permission notice appear
  34:c:\program files\daisytoolchain\arm-none-eabi\include\c++\10.2.1\bits\stl_algobase.h ****  * in supporting documentation.  Hewlett-Packard Company makes no
  35:c:\program files\daisytoolchain\arm-none-eabi\include\c++\10.2.1\bits\stl_algobase.h ****  * representations about the suitability of this software for any
  36:c:\program files\daisytoolchain\arm-none-eabi\include\c++\10.2.1\bits\stl_algobase.h ****  * purpose.  It is provided "as is" without express or implied warranty.
  37:c:\program files\daisytoolchain\arm-none-eabi\include\c++\10.2.1\bits\stl_algobase.h ****  *
  38:c:\program files\daisytoolchain\arm-none-eabi\include\c++\10.2.1\bits\stl_algobase.h ****  *
  39:c:\program files\daisytoolchain\arm-none-eabi\include\c++\10.2.1\bits\stl_algobase.h ****  * Copyright (c) 1996-1998
  40:c:\program files\daisytoolchain\arm-none-eabi\include\c++\10.2.1\bits\stl_algobase.h ****  * Silicon Graphics Computer Systems, Inc.
  41:c:\program files\daisytoolchain\arm-none-eabi\include\c++\10.2.1\bits\stl_algobase.h ****  *
  42:c:\program files\daisytoolchain\arm-none-eabi\include\c++\10.2.1\bits\stl_algobase.h ****  * Permission to use, copy, modify, distribute and sell this software
  43:c:\program files\daisytoolchain\arm-none-eabi\include\c++\10.2.1\bits\stl_algobase.h ****  * and its documentation for any purpose is hereby granted without fee,
  44:c:\program files\daisytoolchain\arm-none-eabi\include\c++\10.2.1\bits\stl_algobase.h ****  * provided that the above copyright notice appear in all copies and
  45:c:\program files\daisytoolchain\arm-none-eabi\include\c++\10.2.1\bits\stl_algobase.h ****  * that both that copyright notice and this permission notice appear
  46:c:\program files\daisytoolchain\arm-none-eabi\include\c++\10.2.1\bits\stl_algobase.h ****  * in supporting documentation.  Silicon Graphics makes no
  47:c:\program files\daisytoolchain\arm-none-eabi\include\c++\10.2.1\bits\stl_algobase.h ****  * representations about the suitability of this software for any
  48:c:\program files\daisytoolchain\arm-none-eabi\include\c++\10.2.1\bits\stl_algobase.h ****  * purpose.  It is provided "as is" without express or implied warranty.
  49:c:\program files\daisytoolchain\arm-none-eabi\include\c++\10.2.1\bits\stl_algobase.h ****  */
  50:c:\program files\daisytoolchain\arm-none-eabi\include\c++\10.2.1\bits\stl_algobase.h **** 
  51:c:\program files\daisytoolchain\arm-none-eabi\include\c++\10.2.1\bits\stl_algobase.h **** /** @file bits/stl_algobase.h
  52:c:\program files\daisytoolchain\arm-none-eabi\include\c++\10.2.1\bits\stl_algobase.h ****  *  This is an internal header file, included by other library headers.
  53:c:\program files\daisytoolchain\arm-none-eabi\include\c++\10.2.1\bits\stl_algobase.h ****  *  Do not attempt to use it directly. @headername{algorithm}
  54:c:\program files\daisytoolchain\arm-none-eabi\include\c++\10.2.1\bits\stl_algobase.h ****  */
  55:c:\program files\daisytoolchain\arm-none-eabi\include\c++\10.2.1\bits\stl_algobase.h **** 
  56:c:\program files\daisytoolchain\arm-none-eabi\include\c++\10.2.1\bits\stl_algobase.h **** #ifndef _STL_ALGOBASE_H
  57:c:\program files\daisytoolchain\arm-none-eabi\include\c++\10.2.1\bits\stl_algobase.h **** #define _STL_ALGOBASE_H 1
  58:c:\program files\daisytoolchain\arm-none-eabi\include\c++\10.2.1\bits\stl_algobase.h **** 
  59:c:\program files\daisytoolchain\arm-none-eabi\include\c++\10.2.1\bits\stl_algobase.h **** #include <bits/c++config.h>
  60:c:\program files\daisytoolchain\arm-none-eabi\include\c++\10.2.1\bits\stl_algobase.h **** #include <bits/functexcept.h>
  61:c:\program files\daisytoolchain\arm-none-eabi\include\c++\10.2.1\bits\stl_algobase.h **** #include <bits/cpp_type_traits.h>
  62:c:\program files\daisytoolchain\arm-none-eabi\include\c++\10.2.1\bits\stl_algobase.h **** #include <ext/type_traits.h>
  63:c:\program files\daisytoolchain\arm-none-eabi\include\c++\10.2.1\bits\stl_algobase.h **** #include <ext/numeric_traits.h>
  64:c:\program files\daisytoolchain\arm-none-eabi\include\c++\10.2.1\bits\stl_algobase.h **** #include <bits/stl_pair.h>
  65:c:\program files\daisytoolchain\arm-none-eabi\include\c++\10.2.1\bits\stl_algobase.h **** #include <bits/stl_iterator_base_types.h>
  66:c:\program files\daisytoolchain\arm-none-eabi\include\c++\10.2.1\bits\stl_algobase.h **** #include <bits/stl_iterator_base_funcs.h>
  67:c:\program files\daisytoolchain\arm-none-eabi\include\c++\10.2.1\bits\stl_algobase.h **** #include <bits/stl_iterator.h>
  68:c:\program files\daisytoolchain\arm-none-eabi\include\c++\10.2.1\bits\stl_algobase.h **** #include <bits/concept_check.h>
  69:c:\program files\daisytoolchain\arm-none-eabi\include\c++\10.2.1\bits\stl_algobase.h **** #include <debug/debug.h>
  70:c:\program files\daisytoolchain\arm-none-eabi\include\c++\10.2.1\bits\stl_algobase.h **** #include <bits/move.h> // For std::swap
  71:c:\program files\daisytoolchain\arm-none-eabi\include\c++\10.2.1\bits\stl_algobase.h **** #include <bits/predefined_ops.h>
  72:c:\program files\daisytoolchain\arm-none-eabi\include\c++\10.2.1\bits\stl_algobase.h **** #if __cplusplus >= 201103L
  73:c:\program files\daisytoolchain\arm-none-eabi\include\c++\10.2.1\bits\stl_algobase.h **** # include <type_traits>
  74:c:\program files\daisytoolchain\arm-none-eabi\include\c++\10.2.1\bits\stl_algobase.h **** #endif
  75:c:\program files\daisytoolchain\arm-none-eabi\include\c++\10.2.1\bits\stl_algobase.h **** #if __cplusplus > 201703L
  76:c:\program files\daisytoolchain\arm-none-eabi\include\c++\10.2.1\bits\stl_algobase.h **** # include <compare>
  77:c:\program files\daisytoolchain\arm-none-eabi\include\c++\10.2.1\bits\stl_algobase.h **** #endif
  78:c:\program files\daisytoolchain\arm-none-eabi\include\c++\10.2.1\bits\stl_algobase.h **** 
  79:c:\program files\daisytoolchain\arm-none-eabi\include\c++\10.2.1\bits\stl_algobase.h **** namespace std _GLIBCXX_VISIBILITY(default)
  80:c:\program files\daisytoolchain\arm-none-eabi\include\c++\10.2.1\bits\stl_algobase.h **** {
  81:c:\program files\daisytoolchain\arm-none-eabi\include\c++\10.2.1\bits\stl_algobase.h **** _GLIBCXX_BEGIN_NAMESPACE_VERSION
  82:c:\program files\daisytoolchain\arm-none-eabi\include\c++\10.2.1\bits\stl_algobase.h **** 
  83:c:\program files\daisytoolchain\arm-none-eabi\include\c++\10.2.1\bits\stl_algobase.h ****   /*
  84:c:\program files\daisytoolchain\arm-none-eabi\include\c++\10.2.1\bits\stl_algobase.h ****    * A constexpr wrapper for __builtin_memcmp.
  85:c:\program files\daisytoolchain\arm-none-eabi\include\c++\10.2.1\bits\stl_algobase.h ****    * @param __num The number of elements of type _Tp (not bytes).
  86:c:\program files\daisytoolchain\arm-none-eabi\include\c++\10.2.1\bits\stl_algobase.h ****    */
  87:c:\program files\daisytoolchain\arm-none-eabi\include\c++\10.2.1\bits\stl_algobase.h ****   template<typename _Tp, typename _Up>
  88:c:\program files\daisytoolchain\arm-none-eabi\include\c++\10.2.1\bits\stl_algobase.h ****     _GLIBCXX14_CONSTEXPR
  89:c:\program files\daisytoolchain\arm-none-eabi\include\c++\10.2.1\bits\stl_algobase.h ****     inline int
ARM GAS  C:\Users\22bur\AppData\Local\Temp\ccVzMWQh.s 			page 50


  90:c:\program files\daisytoolchain\arm-none-eabi\include\c++\10.2.1\bits\stl_algobase.h ****     __memcmp(const _Tp* __first1, const _Up* __first2, size_t __num)
  91:c:\program files\daisytoolchain\arm-none-eabi\include\c++\10.2.1\bits\stl_algobase.h ****     {
  92:c:\program files\daisytoolchain\arm-none-eabi\include\c++\10.2.1\bits\stl_algobase.h **** #if __cplusplus >= 201103L
  93:c:\program files\daisytoolchain\arm-none-eabi\include\c++\10.2.1\bits\stl_algobase.h ****       static_assert(sizeof(_Tp) == sizeof(_Up), "can be compared with memcmp");
  94:c:\program files\daisytoolchain\arm-none-eabi\include\c++\10.2.1\bits\stl_algobase.h **** #endif
  95:c:\program files\daisytoolchain\arm-none-eabi\include\c++\10.2.1\bits\stl_algobase.h **** #ifdef __cpp_lib_is_constant_evaluated
  96:c:\program files\daisytoolchain\arm-none-eabi\include\c++\10.2.1\bits\stl_algobase.h ****       if (std::is_constant_evaluated())
  97:c:\program files\daisytoolchain\arm-none-eabi\include\c++\10.2.1\bits\stl_algobase.h **** 	{
  98:c:\program files\daisytoolchain\arm-none-eabi\include\c++\10.2.1\bits\stl_algobase.h **** 	  for(; __num > 0; ++__first1, ++__first2, --__num)
  99:c:\program files\daisytoolchain\arm-none-eabi\include\c++\10.2.1\bits\stl_algobase.h **** 	    if (*__first1 != *__first2)
 100:c:\program files\daisytoolchain\arm-none-eabi\include\c++\10.2.1\bits\stl_algobase.h **** 	      return *__first1 < *__first2 ? -1 : 1;
 101:c:\program files\daisytoolchain\arm-none-eabi\include\c++\10.2.1\bits\stl_algobase.h **** 	  return 0;
 102:c:\program files\daisytoolchain\arm-none-eabi\include\c++\10.2.1\bits\stl_algobase.h **** 	}
 103:c:\program files\daisytoolchain\arm-none-eabi\include\c++\10.2.1\bits\stl_algobase.h ****       else
 104:c:\program files\daisytoolchain\arm-none-eabi\include\c++\10.2.1\bits\stl_algobase.h **** #endif
 105:c:\program files\daisytoolchain\arm-none-eabi\include\c++\10.2.1\bits\stl_algobase.h **** 	return __builtin_memcmp(__first1, __first2, sizeof(_Tp) * __num);
 106:c:\program files\daisytoolchain\arm-none-eabi\include\c++\10.2.1\bits\stl_algobase.h ****     }
 107:c:\program files\daisytoolchain\arm-none-eabi\include\c++\10.2.1\bits\stl_algobase.h **** 
 108:c:\program files\daisytoolchain\arm-none-eabi\include\c++\10.2.1\bits\stl_algobase.h **** #if __cplusplus < 201103L
 109:c:\program files\daisytoolchain\arm-none-eabi\include\c++\10.2.1\bits\stl_algobase.h ****   // See http://gcc.gnu.org/ml/libstdc++/2004-08/msg00167.html: in a
 110:c:\program files\daisytoolchain\arm-none-eabi\include\c++\10.2.1\bits\stl_algobase.h ****   // nutshell, we are partially implementing the resolution of DR 187,
 111:c:\program files\daisytoolchain\arm-none-eabi\include\c++\10.2.1\bits\stl_algobase.h ****   // when it's safe, i.e., the value_types are equal.
 112:c:\program files\daisytoolchain\arm-none-eabi\include\c++\10.2.1\bits\stl_algobase.h ****   template<bool _BoolType>
 113:c:\program files\daisytoolchain\arm-none-eabi\include\c++\10.2.1\bits\stl_algobase.h ****     struct __iter_swap
 114:c:\program files\daisytoolchain\arm-none-eabi\include\c++\10.2.1\bits\stl_algobase.h ****     {
 115:c:\program files\daisytoolchain\arm-none-eabi\include\c++\10.2.1\bits\stl_algobase.h ****       template<typename _ForwardIterator1, typename _ForwardIterator2>
 116:c:\program files\daisytoolchain\arm-none-eabi\include\c++\10.2.1\bits\stl_algobase.h **** 	static void
 117:c:\program files\daisytoolchain\arm-none-eabi\include\c++\10.2.1\bits\stl_algobase.h **** 	iter_swap(_ForwardIterator1 __a, _ForwardIterator2 __b)
 118:c:\program files\daisytoolchain\arm-none-eabi\include\c++\10.2.1\bits\stl_algobase.h **** 	{
 119:c:\program files\daisytoolchain\arm-none-eabi\include\c++\10.2.1\bits\stl_algobase.h **** 	  typedef typename iterator_traits<_ForwardIterator1>::value_type
 120:c:\program files\daisytoolchain\arm-none-eabi\include\c++\10.2.1\bits\stl_algobase.h **** 	    _ValueType1;
 121:c:\program files\daisytoolchain\arm-none-eabi\include\c++\10.2.1\bits\stl_algobase.h **** 	  _ValueType1 __tmp = *__a;
 122:c:\program files\daisytoolchain\arm-none-eabi\include\c++\10.2.1\bits\stl_algobase.h **** 	  *__a = *__b;
 123:c:\program files\daisytoolchain\arm-none-eabi\include\c++\10.2.1\bits\stl_algobase.h **** 	  *__b = __tmp;
 124:c:\program files\daisytoolchain\arm-none-eabi\include\c++\10.2.1\bits\stl_algobase.h **** 	}
 125:c:\program files\daisytoolchain\arm-none-eabi\include\c++\10.2.1\bits\stl_algobase.h ****     };
 126:c:\program files\daisytoolchain\arm-none-eabi\include\c++\10.2.1\bits\stl_algobase.h **** 
 127:c:\program files\daisytoolchain\arm-none-eabi\include\c++\10.2.1\bits\stl_algobase.h ****   template<>
 128:c:\program files\daisytoolchain\arm-none-eabi\include\c++\10.2.1\bits\stl_algobase.h ****     struct __iter_swap<true>
 129:c:\program files\daisytoolchain\arm-none-eabi\include\c++\10.2.1\bits\stl_algobase.h ****     {
 130:c:\program files\daisytoolchain\arm-none-eabi\include\c++\10.2.1\bits\stl_algobase.h ****       template<typename _ForwardIterator1, typename _ForwardIterator2>
 131:c:\program files\daisytoolchain\arm-none-eabi\include\c++\10.2.1\bits\stl_algobase.h **** 	static void
 132:c:\program files\daisytoolchain\arm-none-eabi\include\c++\10.2.1\bits\stl_algobase.h **** 	iter_swap(_ForwardIterator1 __a, _ForwardIterator2 __b)
 133:c:\program files\daisytoolchain\arm-none-eabi\include\c++\10.2.1\bits\stl_algobase.h **** 	{
 134:c:\program files\daisytoolchain\arm-none-eabi\include\c++\10.2.1\bits\stl_algobase.h **** 	  swap(*__a, *__b);
 135:c:\program files\daisytoolchain\arm-none-eabi\include\c++\10.2.1\bits\stl_algobase.h **** 	}
 136:c:\program files\daisytoolchain\arm-none-eabi\include\c++\10.2.1\bits\stl_algobase.h ****     };
 137:c:\program files\daisytoolchain\arm-none-eabi\include\c++\10.2.1\bits\stl_algobase.h **** #endif // C++03
 138:c:\program files\daisytoolchain\arm-none-eabi\include\c++\10.2.1\bits\stl_algobase.h **** 
 139:c:\program files\daisytoolchain\arm-none-eabi\include\c++\10.2.1\bits\stl_algobase.h ****   /**
 140:c:\program files\daisytoolchain\arm-none-eabi\include\c++\10.2.1\bits\stl_algobase.h ****    *  @brief Swaps the contents of two iterators.
 141:c:\program files\daisytoolchain\arm-none-eabi\include\c++\10.2.1\bits\stl_algobase.h ****    *  @ingroup mutating_algorithms
 142:c:\program files\daisytoolchain\arm-none-eabi\include\c++\10.2.1\bits\stl_algobase.h ****    *  @param  __a  An iterator.
 143:c:\program files\daisytoolchain\arm-none-eabi\include\c++\10.2.1\bits\stl_algobase.h ****    *  @param  __b  Another iterator.
 144:c:\program files\daisytoolchain\arm-none-eabi\include\c++\10.2.1\bits\stl_algobase.h ****    *  @return   Nothing.
 145:c:\program files\daisytoolchain\arm-none-eabi\include\c++\10.2.1\bits\stl_algobase.h ****    *
 146:c:\program files\daisytoolchain\arm-none-eabi\include\c++\10.2.1\bits\stl_algobase.h ****    *  This function swaps the values pointed to by two iterators, not the
ARM GAS  C:\Users\22bur\AppData\Local\Temp\ccVzMWQh.s 			page 51


 147:c:\program files\daisytoolchain\arm-none-eabi\include\c++\10.2.1\bits\stl_algobase.h ****    *  iterators themselves.
 148:c:\program files\daisytoolchain\arm-none-eabi\include\c++\10.2.1\bits\stl_algobase.h ****   */
 149:c:\program files\daisytoolchain\arm-none-eabi\include\c++\10.2.1\bits\stl_algobase.h ****   template<typename _ForwardIterator1, typename _ForwardIterator2>
 150:c:\program files\daisytoolchain\arm-none-eabi\include\c++\10.2.1\bits\stl_algobase.h ****     _GLIBCXX20_CONSTEXPR
 151:c:\program files\daisytoolchain\arm-none-eabi\include\c++\10.2.1\bits\stl_algobase.h ****     inline void
 152:c:\program files\daisytoolchain\arm-none-eabi\include\c++\10.2.1\bits\stl_algobase.h ****     iter_swap(_ForwardIterator1 __a, _ForwardIterator2 __b)
 153:c:\program files\daisytoolchain\arm-none-eabi\include\c++\10.2.1\bits\stl_algobase.h ****     {
 154:c:\program files\daisytoolchain\arm-none-eabi\include\c++\10.2.1\bits\stl_algobase.h ****       // concept requirements
 155:c:\program files\daisytoolchain\arm-none-eabi\include\c++\10.2.1\bits\stl_algobase.h ****       __glibcxx_function_requires(_Mutable_ForwardIteratorConcept<
 156:c:\program files\daisytoolchain\arm-none-eabi\include\c++\10.2.1\bits\stl_algobase.h **** 				  _ForwardIterator1>)
 157:c:\program files\daisytoolchain\arm-none-eabi\include\c++\10.2.1\bits\stl_algobase.h ****       __glibcxx_function_requires(_Mutable_ForwardIteratorConcept<
 158:c:\program files\daisytoolchain\arm-none-eabi\include\c++\10.2.1\bits\stl_algobase.h **** 				  _ForwardIterator2>)
 159:c:\program files\daisytoolchain\arm-none-eabi\include\c++\10.2.1\bits\stl_algobase.h **** 
 160:c:\program files\daisytoolchain\arm-none-eabi\include\c++\10.2.1\bits\stl_algobase.h **** #if __cplusplus < 201103L
 161:c:\program files\daisytoolchain\arm-none-eabi\include\c++\10.2.1\bits\stl_algobase.h ****       typedef typename iterator_traits<_ForwardIterator1>::value_type
 162:c:\program files\daisytoolchain\arm-none-eabi\include\c++\10.2.1\bits\stl_algobase.h **** 	_ValueType1;
 163:c:\program files\daisytoolchain\arm-none-eabi\include\c++\10.2.1\bits\stl_algobase.h ****       typedef typename iterator_traits<_ForwardIterator2>::value_type
 164:c:\program files\daisytoolchain\arm-none-eabi\include\c++\10.2.1\bits\stl_algobase.h **** 	_ValueType2;
 165:c:\program files\daisytoolchain\arm-none-eabi\include\c++\10.2.1\bits\stl_algobase.h **** 
 166:c:\program files\daisytoolchain\arm-none-eabi\include\c++\10.2.1\bits\stl_algobase.h ****       __glibcxx_function_requires(_ConvertibleConcept<_ValueType1,
 167:c:\program files\daisytoolchain\arm-none-eabi\include\c++\10.2.1\bits\stl_algobase.h **** 				  _ValueType2>)
 168:c:\program files\daisytoolchain\arm-none-eabi\include\c++\10.2.1\bits\stl_algobase.h ****       __glibcxx_function_requires(_ConvertibleConcept<_ValueType2,
 169:c:\program files\daisytoolchain\arm-none-eabi\include\c++\10.2.1\bits\stl_algobase.h **** 				  _ValueType1>)
 170:c:\program files\daisytoolchain\arm-none-eabi\include\c++\10.2.1\bits\stl_algobase.h **** 
 171:c:\program files\daisytoolchain\arm-none-eabi\include\c++\10.2.1\bits\stl_algobase.h ****       typedef typename iterator_traits<_ForwardIterator1>::reference
 172:c:\program files\daisytoolchain\arm-none-eabi\include\c++\10.2.1\bits\stl_algobase.h **** 	_ReferenceType1;
 173:c:\program files\daisytoolchain\arm-none-eabi\include\c++\10.2.1\bits\stl_algobase.h ****       typedef typename iterator_traits<_ForwardIterator2>::reference
 174:c:\program files\daisytoolchain\arm-none-eabi\include\c++\10.2.1\bits\stl_algobase.h **** 	_ReferenceType2;
 175:c:\program files\daisytoolchain\arm-none-eabi\include\c++\10.2.1\bits\stl_algobase.h ****       std::__iter_swap<__are_same<_ValueType1, _ValueType2>::__value
 176:c:\program files\daisytoolchain\arm-none-eabi\include\c++\10.2.1\bits\stl_algobase.h **** 	&& __are_same<_ValueType1&, _ReferenceType1>::__value
 177:c:\program files\daisytoolchain\arm-none-eabi\include\c++\10.2.1\bits\stl_algobase.h **** 	&& __are_same<_ValueType2&, _ReferenceType2>::__value>::
 178:c:\program files\daisytoolchain\arm-none-eabi\include\c++\10.2.1\bits\stl_algobase.h **** 	iter_swap(__a, __b);
 179:c:\program files\daisytoolchain\arm-none-eabi\include\c++\10.2.1\bits\stl_algobase.h **** #else
 180:c:\program files\daisytoolchain\arm-none-eabi\include\c++\10.2.1\bits\stl_algobase.h ****       // _GLIBCXX_RESOLVE_LIB_DEFECTS
 181:c:\program files\daisytoolchain\arm-none-eabi\include\c++\10.2.1\bits\stl_algobase.h ****       // 187. iter_swap underspecified
 182:c:\program files\daisytoolchain\arm-none-eabi\include\c++\10.2.1\bits\stl_algobase.h ****       swap(*__a, *__b);
 183:c:\program files\daisytoolchain\arm-none-eabi\include\c++\10.2.1\bits\stl_algobase.h **** #endif
 184:c:\program files\daisytoolchain\arm-none-eabi\include\c++\10.2.1\bits\stl_algobase.h ****     }
 185:c:\program files\daisytoolchain\arm-none-eabi\include\c++\10.2.1\bits\stl_algobase.h **** 
 186:c:\program files\daisytoolchain\arm-none-eabi\include\c++\10.2.1\bits\stl_algobase.h ****   /**
 187:c:\program files\daisytoolchain\arm-none-eabi\include\c++\10.2.1\bits\stl_algobase.h ****    *  @brief Swap the elements of two sequences.
 188:c:\program files\daisytoolchain\arm-none-eabi\include\c++\10.2.1\bits\stl_algobase.h ****    *  @ingroup mutating_algorithms
 189:c:\program files\daisytoolchain\arm-none-eabi\include\c++\10.2.1\bits\stl_algobase.h ****    *  @param  __first1  A forward iterator.
 190:c:\program files\daisytoolchain\arm-none-eabi\include\c++\10.2.1\bits\stl_algobase.h ****    *  @param  __last1   A forward iterator.
 191:c:\program files\daisytoolchain\arm-none-eabi\include\c++\10.2.1\bits\stl_algobase.h ****    *  @param  __first2  A forward iterator.
 192:c:\program files\daisytoolchain\arm-none-eabi\include\c++\10.2.1\bits\stl_algobase.h ****    *  @return   An iterator equal to @p first2+(last1-first1).
 193:c:\program files\daisytoolchain\arm-none-eabi\include\c++\10.2.1\bits\stl_algobase.h ****    *
 194:c:\program files\daisytoolchain\arm-none-eabi\include\c++\10.2.1\bits\stl_algobase.h ****    *  Swaps each element in the range @p [first1,last1) with the
 195:c:\program files\daisytoolchain\arm-none-eabi\include\c++\10.2.1\bits\stl_algobase.h ****    *  corresponding element in the range @p [first2,(last1-first1)).
 196:c:\program files\daisytoolchain\arm-none-eabi\include\c++\10.2.1\bits\stl_algobase.h ****    *  The ranges must not overlap.
 197:c:\program files\daisytoolchain\arm-none-eabi\include\c++\10.2.1\bits\stl_algobase.h ****   */
 198:c:\program files\daisytoolchain\arm-none-eabi\include\c++\10.2.1\bits\stl_algobase.h ****   template<typename _ForwardIterator1, typename _ForwardIterator2>
 199:c:\program files\daisytoolchain\arm-none-eabi\include\c++\10.2.1\bits\stl_algobase.h ****     _GLIBCXX20_CONSTEXPR
 200:c:\program files\daisytoolchain\arm-none-eabi\include\c++\10.2.1\bits\stl_algobase.h ****     _ForwardIterator2
 201:c:\program files\daisytoolchain\arm-none-eabi\include\c++\10.2.1\bits\stl_algobase.h ****     swap_ranges(_ForwardIterator1 __first1, _ForwardIterator1 __last1,
 202:c:\program files\daisytoolchain\arm-none-eabi\include\c++\10.2.1\bits\stl_algobase.h **** 		_ForwardIterator2 __first2)
 203:c:\program files\daisytoolchain\arm-none-eabi\include\c++\10.2.1\bits\stl_algobase.h ****     {
ARM GAS  C:\Users\22bur\AppData\Local\Temp\ccVzMWQh.s 			page 52


 204:c:\program files\daisytoolchain\arm-none-eabi\include\c++\10.2.1\bits\stl_algobase.h ****       // concept requirements
 205:c:\program files\daisytoolchain\arm-none-eabi\include\c++\10.2.1\bits\stl_algobase.h ****       __glibcxx_function_requires(_Mutable_ForwardIteratorConcept<
 206:c:\program files\daisytoolchain\arm-none-eabi\include\c++\10.2.1\bits\stl_algobase.h **** 				  _ForwardIterator1>)
 207:c:\program files\daisytoolchain\arm-none-eabi\include\c++\10.2.1\bits\stl_algobase.h ****       __glibcxx_function_requires(_Mutable_ForwardIteratorConcept<
 208:c:\program files\daisytoolchain\arm-none-eabi\include\c++\10.2.1\bits\stl_algobase.h **** 				  _ForwardIterator2>)
 209:c:\program files\daisytoolchain\arm-none-eabi\include\c++\10.2.1\bits\stl_algobase.h ****       __glibcxx_requires_valid_range(__first1, __last1);
 210:c:\program files\daisytoolchain\arm-none-eabi\include\c++\10.2.1\bits\stl_algobase.h **** 
 211:c:\program files\daisytoolchain\arm-none-eabi\include\c++\10.2.1\bits\stl_algobase.h ****       for (; __first1 != __last1; ++__first1, (void)++__first2)
 212:c:\program files\daisytoolchain\arm-none-eabi\include\c++\10.2.1\bits\stl_algobase.h **** 	std::iter_swap(__first1, __first2);
 213:c:\program files\daisytoolchain\arm-none-eabi\include\c++\10.2.1\bits\stl_algobase.h ****       return __first2;
 214:c:\program files\daisytoolchain\arm-none-eabi\include\c++\10.2.1\bits\stl_algobase.h ****     }
 215:c:\program files\daisytoolchain\arm-none-eabi\include\c++\10.2.1\bits\stl_algobase.h **** 
 216:c:\program files\daisytoolchain\arm-none-eabi\include\c++\10.2.1\bits\stl_algobase.h ****   /**
 217:c:\program files\daisytoolchain\arm-none-eabi\include\c++\10.2.1\bits\stl_algobase.h ****    *  @brief This does what you think it does.
 218:c:\program files\daisytoolchain\arm-none-eabi\include\c++\10.2.1\bits\stl_algobase.h ****    *  @ingroup sorting_algorithms
 219:c:\program files\daisytoolchain\arm-none-eabi\include\c++\10.2.1\bits\stl_algobase.h ****    *  @param  __a  A thing of arbitrary type.
 220:c:\program files\daisytoolchain\arm-none-eabi\include\c++\10.2.1\bits\stl_algobase.h ****    *  @param  __b  Another thing of arbitrary type.
 221:c:\program files\daisytoolchain\arm-none-eabi\include\c++\10.2.1\bits\stl_algobase.h ****    *  @return   The lesser of the parameters.
 222:c:\program files\daisytoolchain\arm-none-eabi\include\c++\10.2.1\bits\stl_algobase.h ****    *
 223:c:\program files\daisytoolchain\arm-none-eabi\include\c++\10.2.1\bits\stl_algobase.h ****    *  This is the simple classic generic implementation.  It will work on
 224:c:\program files\daisytoolchain\arm-none-eabi\include\c++\10.2.1\bits\stl_algobase.h ****    *  temporary expressions, since they are only evaluated once, unlike a
 225:c:\program files\daisytoolchain\arm-none-eabi\include\c++\10.2.1\bits\stl_algobase.h ****    *  preprocessor macro.
 226:c:\program files\daisytoolchain\arm-none-eabi\include\c++\10.2.1\bits\stl_algobase.h ****   */
 227:c:\program files\daisytoolchain\arm-none-eabi\include\c++\10.2.1\bits\stl_algobase.h ****   template<typename _Tp>
 228:c:\program files\daisytoolchain\arm-none-eabi\include\c++\10.2.1\bits\stl_algobase.h ****     _GLIBCXX14_CONSTEXPR
 229:c:\program files\daisytoolchain\arm-none-eabi\include\c++\10.2.1\bits\stl_algobase.h ****     inline const _Tp&
 230:c:\program files\daisytoolchain\arm-none-eabi\include\c++\10.2.1\bits\stl_algobase.h ****     min(const _Tp& __a, const _Tp& __b)
 231:c:\program files\daisytoolchain\arm-none-eabi\include\c++\10.2.1\bits\stl_algobase.h ****     {
 232:c:\program files\daisytoolchain\arm-none-eabi\include\c++\10.2.1\bits\stl_algobase.h ****       // concept requirements
 233:c:\program files\daisytoolchain\arm-none-eabi\include\c++\10.2.1\bits\stl_algobase.h ****       __glibcxx_function_requires(_LessThanComparableConcept<_Tp>)
 234:c:\program files\daisytoolchain\arm-none-eabi\include\c++\10.2.1\bits\stl_algobase.h ****       //return __b < __a ? __b : __a;
 235:c:\program files\daisytoolchain\arm-none-eabi\include\c++\10.2.1\bits\stl_algobase.h ****       if (__b < __a)
 236:c:\program files\daisytoolchain\arm-none-eabi\include\c++\10.2.1\bits\stl_algobase.h **** 	return __b;
 237:c:\program files\daisytoolchain\arm-none-eabi\include\c++\10.2.1\bits\stl_algobase.h ****       return __a;
 238:c:\program files\daisytoolchain\arm-none-eabi\include\c++\10.2.1\bits\stl_algobase.h ****     }
 239:c:\program files\daisytoolchain\arm-none-eabi\include\c++\10.2.1\bits\stl_algobase.h **** 
 240:c:\program files\daisytoolchain\arm-none-eabi\include\c++\10.2.1\bits\stl_algobase.h ****   /**
 241:c:\program files\daisytoolchain\arm-none-eabi\include\c++\10.2.1\bits\stl_algobase.h ****    *  @brief This does what you think it does.
 242:c:\program files\daisytoolchain\arm-none-eabi\include\c++\10.2.1\bits\stl_algobase.h ****    *  @ingroup sorting_algorithms
 243:c:\program files\daisytoolchain\arm-none-eabi\include\c++\10.2.1\bits\stl_algobase.h ****    *  @param  __a  A thing of arbitrary type.
 244:c:\program files\daisytoolchain\arm-none-eabi\include\c++\10.2.1\bits\stl_algobase.h ****    *  @param  __b  Another thing of arbitrary type.
 245:c:\program files\daisytoolchain\arm-none-eabi\include\c++\10.2.1\bits\stl_algobase.h ****    *  @return   The greater of the parameters.
 246:c:\program files\daisytoolchain\arm-none-eabi\include\c++\10.2.1\bits\stl_algobase.h ****    *
 247:c:\program files\daisytoolchain\arm-none-eabi\include\c++\10.2.1\bits\stl_algobase.h ****    *  This is the simple classic generic implementation.  It will work on
 248:c:\program files\daisytoolchain\arm-none-eabi\include\c++\10.2.1\bits\stl_algobase.h ****    *  temporary expressions, since they are only evaluated once, unlike a
 249:c:\program files\daisytoolchain\arm-none-eabi\include\c++\10.2.1\bits\stl_algobase.h ****    *  preprocessor macro.
 250:c:\program files\daisytoolchain\arm-none-eabi\include\c++\10.2.1\bits\stl_algobase.h ****   */
 251:c:\program files\daisytoolchain\arm-none-eabi\include\c++\10.2.1\bits\stl_algobase.h ****   template<typename _Tp>
 252:c:\program files\daisytoolchain\arm-none-eabi\include\c++\10.2.1\bits\stl_algobase.h ****     _GLIBCXX14_CONSTEXPR
 253:c:\program files\daisytoolchain\arm-none-eabi\include\c++\10.2.1\bits\stl_algobase.h ****     inline const _Tp&
 254:c:\program files\daisytoolchain\arm-none-eabi\include\c++\10.2.1\bits\stl_algobase.h ****     max(const _Tp& __a, const _Tp& __b)
 255:c:\program files\daisytoolchain\arm-none-eabi\include\c++\10.2.1\bits\stl_algobase.h ****     {
 256:c:\program files\daisytoolchain\arm-none-eabi\include\c++\10.2.1\bits\stl_algobase.h ****       // concept requirements
 257:c:\program files\daisytoolchain\arm-none-eabi\include\c++\10.2.1\bits\stl_algobase.h ****       __glibcxx_function_requires(_LessThanComparableConcept<_Tp>)
 258:c:\program files\daisytoolchain\arm-none-eabi\include\c++\10.2.1\bits\stl_algobase.h ****       //return  __a < __b ? __b : __a;
 259:c:\program files\daisytoolchain\arm-none-eabi\include\c++\10.2.1\bits\stl_algobase.h ****       if (__a < __b)
 260:c:\program files\daisytoolchain\arm-none-eabi\include\c++\10.2.1\bits\stl_algobase.h **** 	return __b;
ARM GAS  C:\Users\22bur\AppData\Local\Temp\ccVzMWQh.s 			page 53


 261:c:\program files\daisytoolchain\arm-none-eabi\include\c++\10.2.1\bits\stl_algobase.h ****       return __a;
 262:c:\program files\daisytoolchain\arm-none-eabi\include\c++\10.2.1\bits\stl_algobase.h ****     }
 263:c:\program files\daisytoolchain\arm-none-eabi\include\c++\10.2.1\bits\stl_algobase.h **** 
 264:c:\program files\daisytoolchain\arm-none-eabi\include\c++\10.2.1\bits\stl_algobase.h ****   /**
 265:c:\program files\daisytoolchain\arm-none-eabi\include\c++\10.2.1\bits\stl_algobase.h ****    *  @brief This does what you think it does.
 266:c:\program files\daisytoolchain\arm-none-eabi\include\c++\10.2.1\bits\stl_algobase.h ****    *  @ingroup sorting_algorithms
 267:c:\program files\daisytoolchain\arm-none-eabi\include\c++\10.2.1\bits\stl_algobase.h ****    *  @param  __a  A thing of arbitrary type.
 268:c:\program files\daisytoolchain\arm-none-eabi\include\c++\10.2.1\bits\stl_algobase.h ****    *  @param  __b  Another thing of arbitrary type.
 269:c:\program files\daisytoolchain\arm-none-eabi\include\c++\10.2.1\bits\stl_algobase.h ****    *  @param  __comp  A @link comparison_functors comparison functor@endlink.
 270:c:\program files\daisytoolchain\arm-none-eabi\include\c++\10.2.1\bits\stl_algobase.h ****    *  @return   The lesser of the parameters.
 271:c:\program files\daisytoolchain\arm-none-eabi\include\c++\10.2.1\bits\stl_algobase.h ****    *
 272:c:\program files\daisytoolchain\arm-none-eabi\include\c++\10.2.1\bits\stl_algobase.h ****    *  This will work on temporary expressions, since they are only evaluated
 273:c:\program files\daisytoolchain\arm-none-eabi\include\c++\10.2.1\bits\stl_algobase.h ****    *  once, unlike a preprocessor macro.
 274:c:\program files\daisytoolchain\arm-none-eabi\include\c++\10.2.1\bits\stl_algobase.h ****   */
 275:c:\program files\daisytoolchain\arm-none-eabi\include\c++\10.2.1\bits\stl_algobase.h ****   template<typename _Tp, typename _Compare>
 276:c:\program files\daisytoolchain\arm-none-eabi\include\c++\10.2.1\bits\stl_algobase.h ****     _GLIBCXX14_CONSTEXPR
 277:c:\program files\daisytoolchain\arm-none-eabi\include\c++\10.2.1\bits\stl_algobase.h ****     inline const _Tp&
 278:c:\program files\daisytoolchain\arm-none-eabi\include\c++\10.2.1\bits\stl_algobase.h ****     min(const _Tp& __a, const _Tp& __b, _Compare __comp)
 279:c:\program files\daisytoolchain\arm-none-eabi\include\c++\10.2.1\bits\stl_algobase.h ****     {
 280:c:\program files\daisytoolchain\arm-none-eabi\include\c++\10.2.1\bits\stl_algobase.h ****       //return __comp(__b, __a) ? __b : __a;
 281:c:\program files\daisytoolchain\arm-none-eabi\include\c++\10.2.1\bits\stl_algobase.h ****       if (__comp(__b, __a))
 282:c:\program files\daisytoolchain\arm-none-eabi\include\c++\10.2.1\bits\stl_algobase.h **** 	return __b;
 283:c:\program files\daisytoolchain\arm-none-eabi\include\c++\10.2.1\bits\stl_algobase.h ****       return __a;
 284:c:\program files\daisytoolchain\arm-none-eabi\include\c++\10.2.1\bits\stl_algobase.h ****     }
 285:c:\program files\daisytoolchain\arm-none-eabi\include\c++\10.2.1\bits\stl_algobase.h **** 
 286:c:\program files\daisytoolchain\arm-none-eabi\include\c++\10.2.1\bits\stl_algobase.h ****   /**
 287:c:\program files\daisytoolchain\arm-none-eabi\include\c++\10.2.1\bits\stl_algobase.h ****    *  @brief This does what you think it does.
 288:c:\program files\daisytoolchain\arm-none-eabi\include\c++\10.2.1\bits\stl_algobase.h ****    *  @ingroup sorting_algorithms
 289:c:\program files\daisytoolchain\arm-none-eabi\include\c++\10.2.1\bits\stl_algobase.h ****    *  @param  __a  A thing of arbitrary type.
 290:c:\program files\daisytoolchain\arm-none-eabi\include\c++\10.2.1\bits\stl_algobase.h ****    *  @param  __b  Another thing of arbitrary type.
 291:c:\program files\daisytoolchain\arm-none-eabi\include\c++\10.2.1\bits\stl_algobase.h ****    *  @param  __comp  A @link comparison_functors comparison functor@endlink.
 292:c:\program files\daisytoolchain\arm-none-eabi\include\c++\10.2.1\bits\stl_algobase.h ****    *  @return   The greater of the parameters.
 293:c:\program files\daisytoolchain\arm-none-eabi\include\c++\10.2.1\bits\stl_algobase.h ****    *
 294:c:\program files\daisytoolchain\arm-none-eabi\include\c++\10.2.1\bits\stl_algobase.h ****    *  This will work on temporary expressions, since they are only evaluated
 295:c:\program files\daisytoolchain\arm-none-eabi\include\c++\10.2.1\bits\stl_algobase.h ****    *  once, unlike a preprocessor macro.
 296:c:\program files\daisytoolchain\arm-none-eabi\include\c++\10.2.1\bits\stl_algobase.h ****   */
 297:c:\program files\daisytoolchain\arm-none-eabi\include\c++\10.2.1\bits\stl_algobase.h ****   template<typename _Tp, typename _Compare>
 298:c:\program files\daisytoolchain\arm-none-eabi\include\c++\10.2.1\bits\stl_algobase.h ****     _GLIBCXX14_CONSTEXPR
 299:c:\program files\daisytoolchain\arm-none-eabi\include\c++\10.2.1\bits\stl_algobase.h ****     inline const _Tp&
 300:c:\program files\daisytoolchain\arm-none-eabi\include\c++\10.2.1\bits\stl_algobase.h ****     max(const _Tp& __a, const _Tp& __b, _Compare __comp)
 301:c:\program files\daisytoolchain\arm-none-eabi\include\c++\10.2.1\bits\stl_algobase.h ****     {
 302:c:\program files\daisytoolchain\arm-none-eabi\include\c++\10.2.1\bits\stl_algobase.h ****       //return __comp(__a, __b) ? __b : __a;
 303:c:\program files\daisytoolchain\arm-none-eabi\include\c++\10.2.1\bits\stl_algobase.h ****       if (__comp(__a, __b))
 304:c:\program files\daisytoolchain\arm-none-eabi\include\c++\10.2.1\bits\stl_algobase.h **** 	return __b;
 305:c:\program files\daisytoolchain\arm-none-eabi\include\c++\10.2.1\bits\stl_algobase.h ****       return __a;
 306:c:\program files\daisytoolchain\arm-none-eabi\include\c++\10.2.1\bits\stl_algobase.h ****     }
 307:c:\program files\daisytoolchain\arm-none-eabi\include\c++\10.2.1\bits\stl_algobase.h **** 
 308:c:\program files\daisytoolchain\arm-none-eabi\include\c++\10.2.1\bits\stl_algobase.h ****   // Fallback implementation of the function in bits/stl_iterator.h used to
 309:c:\program files\daisytoolchain\arm-none-eabi\include\c++\10.2.1\bits\stl_algobase.h ****   // remove the __normal_iterator wrapper. See copy, fill, ...
 310:c:\program files\daisytoolchain\arm-none-eabi\include\c++\10.2.1\bits\stl_algobase.h ****   template<typename _Iterator>
 311:c:\program files\daisytoolchain\arm-none-eabi\include\c++\10.2.1\bits\stl_algobase.h ****     _GLIBCXX20_CONSTEXPR
 312:c:\program files\daisytoolchain\arm-none-eabi\include\c++\10.2.1\bits\stl_algobase.h ****     inline _Iterator
 313:c:\program files\daisytoolchain\arm-none-eabi\include\c++\10.2.1\bits\stl_algobase.h ****     __niter_base(_Iterator __it)
 314:c:\program files\daisytoolchain\arm-none-eabi\include\c++\10.2.1\bits\stl_algobase.h ****     _GLIBCXX_NOEXCEPT_IF(std::is_nothrow_copy_constructible<_Iterator>::value)
 315:c:\program files\daisytoolchain\arm-none-eabi\include\c++\10.2.1\bits\stl_algobase.h ****     { return __it; }
 316:c:\program files\daisytoolchain\arm-none-eabi\include\c++\10.2.1\bits\stl_algobase.h **** 
 317:c:\program files\daisytoolchain\arm-none-eabi\include\c++\10.2.1\bits\stl_algobase.h ****   // Reverse the __niter_base transformation to get a
ARM GAS  C:\Users\22bur\AppData\Local\Temp\ccVzMWQh.s 			page 54


 318:c:\program files\daisytoolchain\arm-none-eabi\include\c++\10.2.1\bits\stl_algobase.h ****   // __normal_iterator back again (this assumes that __normal_iterator
 319:c:\program files\daisytoolchain\arm-none-eabi\include\c++\10.2.1\bits\stl_algobase.h ****   // is only used to wrap random access iterators, like pointers).
 320:c:\program files\daisytoolchain\arm-none-eabi\include\c++\10.2.1\bits\stl_algobase.h ****   template<typename _From, typename _To>
 321:c:\program files\daisytoolchain\arm-none-eabi\include\c++\10.2.1\bits\stl_algobase.h ****     _GLIBCXX20_CONSTEXPR
 322:c:\program files\daisytoolchain\arm-none-eabi\include\c++\10.2.1\bits\stl_algobase.h ****     inline _From
 323:c:\program files\daisytoolchain\arm-none-eabi\include\c++\10.2.1\bits\stl_algobase.h ****     __niter_wrap(_From __from, _To __res)
 324:c:\program files\daisytoolchain\arm-none-eabi\include\c++\10.2.1\bits\stl_algobase.h ****     { return __from + (__res - std::__niter_base(__from)); }
 325:c:\program files\daisytoolchain\arm-none-eabi\include\c++\10.2.1\bits\stl_algobase.h **** 
 326:c:\program files\daisytoolchain\arm-none-eabi\include\c++\10.2.1\bits\stl_algobase.h ****   // No need to wrap, iterator already has the right type.
 327:c:\program files\daisytoolchain\arm-none-eabi\include\c++\10.2.1\bits\stl_algobase.h ****   template<typename _Iterator>
 328:c:\program files\daisytoolchain\arm-none-eabi\include\c++\10.2.1\bits\stl_algobase.h ****     _GLIBCXX20_CONSTEXPR
 329:c:\program files\daisytoolchain\arm-none-eabi\include\c++\10.2.1\bits\stl_algobase.h ****     inline _Iterator
 330:c:\program files\daisytoolchain\arm-none-eabi\include\c++\10.2.1\bits\stl_algobase.h ****     __niter_wrap(const _Iterator&, _Iterator __res)
 331:c:\program files\daisytoolchain\arm-none-eabi\include\c++\10.2.1\bits\stl_algobase.h ****     { return __res; }
 332:c:\program files\daisytoolchain\arm-none-eabi\include\c++\10.2.1\bits\stl_algobase.h **** 
 333:c:\program files\daisytoolchain\arm-none-eabi\include\c++\10.2.1\bits\stl_algobase.h ****   // All of these auxiliary structs serve two purposes.  (1) Replace
 334:c:\program files\daisytoolchain\arm-none-eabi\include\c++\10.2.1\bits\stl_algobase.h ****   // calls to copy with memmove whenever possible.  (Memmove, not memcpy,
 335:c:\program files\daisytoolchain\arm-none-eabi\include\c++\10.2.1\bits\stl_algobase.h ****   // because the input and output ranges are permitted to overlap.)
 336:c:\program files\daisytoolchain\arm-none-eabi\include\c++\10.2.1\bits\stl_algobase.h ****   // (2) If we're using random access iterators, then write the loop as
 337:c:\program files\daisytoolchain\arm-none-eabi\include\c++\10.2.1\bits\stl_algobase.h ****   // a for loop with an explicit count.
 338:c:\program files\daisytoolchain\arm-none-eabi\include\c++\10.2.1\bits\stl_algobase.h **** 
 339:c:\program files\daisytoolchain\arm-none-eabi\include\c++\10.2.1\bits\stl_algobase.h ****   template<bool _IsMove, bool _IsSimple, typename _Category>
 340:c:\program files\daisytoolchain\arm-none-eabi\include\c++\10.2.1\bits\stl_algobase.h ****     struct __copy_move
 341:c:\program files\daisytoolchain\arm-none-eabi\include\c++\10.2.1\bits\stl_algobase.h ****     {
 342:c:\program files\daisytoolchain\arm-none-eabi\include\c++\10.2.1\bits\stl_algobase.h ****       template<typename _II, typename _OI>
 343:c:\program files\daisytoolchain\arm-none-eabi\include\c++\10.2.1\bits\stl_algobase.h **** 	_GLIBCXX20_CONSTEXPR
 344:c:\program files\daisytoolchain\arm-none-eabi\include\c++\10.2.1\bits\stl_algobase.h **** 	static _OI
 345:c:\program files\daisytoolchain\arm-none-eabi\include\c++\10.2.1\bits\stl_algobase.h **** 	__copy_m(_II __first, _II __last, _OI __result)
 346:c:\program files\daisytoolchain\arm-none-eabi\include\c++\10.2.1\bits\stl_algobase.h **** 	{
 347:c:\program files\daisytoolchain\arm-none-eabi\include\c++\10.2.1\bits\stl_algobase.h **** 	  for (; __first != __last; ++__result, (void)++__first)
 348:c:\program files\daisytoolchain\arm-none-eabi\include\c++\10.2.1\bits\stl_algobase.h **** 	    *__result = *__first;
 349:c:\program files\daisytoolchain\arm-none-eabi\include\c++\10.2.1\bits\stl_algobase.h **** 	  return __result;
 350:c:\program files\daisytoolchain\arm-none-eabi\include\c++\10.2.1\bits\stl_algobase.h **** 	}
 351:c:\program files\daisytoolchain\arm-none-eabi\include\c++\10.2.1\bits\stl_algobase.h ****     };
 352:c:\program files\daisytoolchain\arm-none-eabi\include\c++\10.2.1\bits\stl_algobase.h **** 
 353:c:\program files\daisytoolchain\arm-none-eabi\include\c++\10.2.1\bits\stl_algobase.h **** #if __cplusplus >= 201103L
 354:c:\program files\daisytoolchain\arm-none-eabi\include\c++\10.2.1\bits\stl_algobase.h ****   template<typename _Category>
 355:c:\program files\daisytoolchain\arm-none-eabi\include\c++\10.2.1\bits\stl_algobase.h ****     struct __copy_move<true, false, _Category>
 356:c:\program files\daisytoolchain\arm-none-eabi\include\c++\10.2.1\bits\stl_algobase.h ****     {
 357:c:\program files\daisytoolchain\arm-none-eabi\include\c++\10.2.1\bits\stl_algobase.h ****       template<typename _II, typename _OI>
 358:c:\program files\daisytoolchain\arm-none-eabi\include\c++\10.2.1\bits\stl_algobase.h **** 	_GLIBCXX20_CONSTEXPR
 359:c:\program files\daisytoolchain\arm-none-eabi\include\c++\10.2.1\bits\stl_algobase.h **** 	static _OI
 360:c:\program files\daisytoolchain\arm-none-eabi\include\c++\10.2.1\bits\stl_algobase.h **** 	__copy_m(_II __first, _II __last, _OI __result)
 361:c:\program files\daisytoolchain\arm-none-eabi\include\c++\10.2.1\bits\stl_algobase.h **** 	{
 362:c:\program files\daisytoolchain\arm-none-eabi\include\c++\10.2.1\bits\stl_algobase.h **** 	  for (; __first != __last; ++__result, (void)++__first)
 363:c:\program files\daisytoolchain\arm-none-eabi\include\c++\10.2.1\bits\stl_algobase.h **** 	    *__result = std::move(*__first);
 364:c:\program files\daisytoolchain\arm-none-eabi\include\c++\10.2.1\bits\stl_algobase.h **** 	  return __result;
 365:c:\program files\daisytoolchain\arm-none-eabi\include\c++\10.2.1\bits\stl_algobase.h **** 	}
 366:c:\program files\daisytoolchain\arm-none-eabi\include\c++\10.2.1\bits\stl_algobase.h ****     };
 367:c:\program files\daisytoolchain\arm-none-eabi\include\c++\10.2.1\bits\stl_algobase.h **** #endif
 368:c:\program files\daisytoolchain\arm-none-eabi\include\c++\10.2.1\bits\stl_algobase.h **** 
 369:c:\program files\daisytoolchain\arm-none-eabi\include\c++\10.2.1\bits\stl_algobase.h ****   template<>
 370:c:\program files\daisytoolchain\arm-none-eabi\include\c++\10.2.1\bits\stl_algobase.h ****     struct __copy_move<false, false, random_access_iterator_tag>
 371:c:\program files\daisytoolchain\arm-none-eabi\include\c++\10.2.1\bits\stl_algobase.h ****     {
 372:c:\program files\daisytoolchain\arm-none-eabi\include\c++\10.2.1\bits\stl_algobase.h ****       template<typename _II, typename _OI>
 373:c:\program files\daisytoolchain\arm-none-eabi\include\c++\10.2.1\bits\stl_algobase.h **** 	_GLIBCXX20_CONSTEXPR
 374:c:\program files\daisytoolchain\arm-none-eabi\include\c++\10.2.1\bits\stl_algobase.h **** 	static _OI
ARM GAS  C:\Users\22bur\AppData\Local\Temp\ccVzMWQh.s 			page 55


 375:c:\program files\daisytoolchain\arm-none-eabi\include\c++\10.2.1\bits\stl_algobase.h **** 	__copy_m(_II __first, _II __last, _OI __result)
 376:c:\program files\daisytoolchain\arm-none-eabi\include\c++\10.2.1\bits\stl_algobase.h **** 	{
 377:c:\program files\daisytoolchain\arm-none-eabi\include\c++\10.2.1\bits\stl_algobase.h **** 	  typedef typename iterator_traits<_II>::difference_type _Distance;
 378:c:\program files\daisytoolchain\arm-none-eabi\include\c++\10.2.1\bits\stl_algobase.h **** 	  for(_Distance __n = __last - __first; __n > 0; --__n)
 379:c:\program files\daisytoolchain\arm-none-eabi\include\c++\10.2.1\bits\stl_algobase.h **** 	    {
 380:c:\program files\daisytoolchain\arm-none-eabi\include\c++\10.2.1\bits\stl_algobase.h **** 	      *__result = *__first;
 381:c:\program files\daisytoolchain\arm-none-eabi\include\c++\10.2.1\bits\stl_algobase.h **** 	      ++__first;
 382:c:\program files\daisytoolchain\arm-none-eabi\include\c++\10.2.1\bits\stl_algobase.h **** 	      ++__result;
 383:c:\program files\daisytoolchain\arm-none-eabi\include\c++\10.2.1\bits\stl_algobase.h **** 	    }
 384:c:\program files\daisytoolchain\arm-none-eabi\include\c++\10.2.1\bits\stl_algobase.h **** 	  return __result;
 385:c:\program files\daisytoolchain\arm-none-eabi\include\c++\10.2.1\bits\stl_algobase.h **** 	}
 386:c:\program files\daisytoolchain\arm-none-eabi\include\c++\10.2.1\bits\stl_algobase.h ****     };
 387:c:\program files\daisytoolchain\arm-none-eabi\include\c++\10.2.1\bits\stl_algobase.h **** 
 388:c:\program files\daisytoolchain\arm-none-eabi\include\c++\10.2.1\bits\stl_algobase.h **** #if __cplusplus >= 201103L
 389:c:\program files\daisytoolchain\arm-none-eabi\include\c++\10.2.1\bits\stl_algobase.h ****   template<>
 390:c:\program files\daisytoolchain\arm-none-eabi\include\c++\10.2.1\bits\stl_algobase.h ****     struct __copy_move<true, false, random_access_iterator_tag>
 391:c:\program files\daisytoolchain\arm-none-eabi\include\c++\10.2.1\bits\stl_algobase.h ****     {
 392:c:\program files\daisytoolchain\arm-none-eabi\include\c++\10.2.1\bits\stl_algobase.h ****       template<typename _II, typename _OI>
 393:c:\program files\daisytoolchain\arm-none-eabi\include\c++\10.2.1\bits\stl_algobase.h **** 	_GLIBCXX20_CONSTEXPR
 394:c:\program files\daisytoolchain\arm-none-eabi\include\c++\10.2.1\bits\stl_algobase.h **** 	static _OI
 395:c:\program files\daisytoolchain\arm-none-eabi\include\c++\10.2.1\bits\stl_algobase.h **** 	__copy_m(_II __first, _II __last, _OI __result)
 396:c:\program files\daisytoolchain\arm-none-eabi\include\c++\10.2.1\bits\stl_algobase.h **** 	{
 397:c:\program files\daisytoolchain\arm-none-eabi\include\c++\10.2.1\bits\stl_algobase.h **** 	  typedef typename iterator_traits<_II>::difference_type _Distance;
 398:c:\program files\daisytoolchain\arm-none-eabi\include\c++\10.2.1\bits\stl_algobase.h **** 	  for(_Distance __n = __last - __first; __n > 0; --__n)
 399:c:\program files\daisytoolchain\arm-none-eabi\include\c++\10.2.1\bits\stl_algobase.h **** 	    {
 400:c:\program files\daisytoolchain\arm-none-eabi\include\c++\10.2.1\bits\stl_algobase.h **** 	      *__result = std::move(*__first);
 401:c:\program files\daisytoolchain\arm-none-eabi\include\c++\10.2.1\bits\stl_algobase.h **** 	      ++__first;
 402:c:\program files\daisytoolchain\arm-none-eabi\include\c++\10.2.1\bits\stl_algobase.h **** 	      ++__result;
 403:c:\program files\daisytoolchain\arm-none-eabi\include\c++\10.2.1\bits\stl_algobase.h **** 	    }
 404:c:\program files\daisytoolchain\arm-none-eabi\include\c++\10.2.1\bits\stl_algobase.h **** 	  return __result;
 405:c:\program files\daisytoolchain\arm-none-eabi\include\c++\10.2.1\bits\stl_algobase.h **** 	}
 406:c:\program files\daisytoolchain\arm-none-eabi\include\c++\10.2.1\bits\stl_algobase.h ****     };
 407:c:\program files\daisytoolchain\arm-none-eabi\include\c++\10.2.1\bits\stl_algobase.h **** #endif
 408:c:\program files\daisytoolchain\arm-none-eabi\include\c++\10.2.1\bits\stl_algobase.h **** 
 409:c:\program files\daisytoolchain\arm-none-eabi\include\c++\10.2.1\bits\stl_algobase.h ****   template<bool _IsMove>
 410:c:\program files\daisytoolchain\arm-none-eabi\include\c++\10.2.1\bits\stl_algobase.h ****     struct __copy_move<_IsMove, true, random_access_iterator_tag>
 411:c:\program files\daisytoolchain\arm-none-eabi\include\c++\10.2.1\bits\stl_algobase.h ****     {
 412:c:\program files\daisytoolchain\arm-none-eabi\include\c++\10.2.1\bits\stl_algobase.h ****       template<typename _Tp>
 413:c:\program files\daisytoolchain\arm-none-eabi\include\c++\10.2.1\bits\stl_algobase.h **** 	_GLIBCXX20_CONSTEXPR
 414:c:\program files\daisytoolchain\arm-none-eabi\include\c++\10.2.1\bits\stl_algobase.h **** 	static _Tp*
 415:c:\program files\daisytoolchain\arm-none-eabi\include\c++\10.2.1\bits\stl_algobase.h **** 	__copy_m(const _Tp* __first, const _Tp* __last, _Tp* __result)
 416:c:\program files\daisytoolchain\arm-none-eabi\include\c++\10.2.1\bits\stl_algobase.h **** 	{
 417:c:\program files\daisytoolchain\arm-none-eabi\include\c++\10.2.1\bits\stl_algobase.h **** #if __cplusplus >= 201103L
 418:c:\program files\daisytoolchain\arm-none-eabi\include\c++\10.2.1\bits\stl_algobase.h **** 	  using __assignable = conditional<_IsMove,
 419:c:\program files\daisytoolchain\arm-none-eabi\include\c++\10.2.1\bits\stl_algobase.h **** 					   is_move_assignable<_Tp>,
 420:c:\program files\daisytoolchain\arm-none-eabi\include\c++\10.2.1\bits\stl_algobase.h **** 					   is_copy_assignable<_Tp>>;
 421:c:\program files\daisytoolchain\arm-none-eabi\include\c++\10.2.1\bits\stl_algobase.h **** 	  // trivial types can have deleted assignment
 422:c:\program files\daisytoolchain\arm-none-eabi\include\c++\10.2.1\bits\stl_algobase.h **** 	  static_assert( __assignable::type::value, "type is not assignable" );
 423:c:\program files\daisytoolchain\arm-none-eabi\include\c++\10.2.1\bits\stl_algobase.h **** #endif
 424:c:\program files\daisytoolchain\arm-none-eabi\include\c++\10.2.1\bits\stl_algobase.h **** 	  const ptrdiff_t _Num = __last - __first;
 425:c:\program files\daisytoolchain\arm-none-eabi\include\c++\10.2.1\bits\stl_algobase.h **** 	  if (_Num)
 426:c:\program files\daisytoolchain\arm-none-eabi\include\c++\10.2.1\bits\stl_algobase.h **** 	    __builtin_memmove(__result, __first, sizeof(_Tp) * _Num);
 427:c:\program files\daisytoolchain\arm-none-eabi\include\c++\10.2.1\bits\stl_algobase.h **** 	  return __result + _Num;
 428:c:\program files\daisytoolchain\arm-none-eabi\include\c++\10.2.1\bits\stl_algobase.h **** 	}
 429:c:\program files\daisytoolchain\arm-none-eabi\include\c++\10.2.1\bits\stl_algobase.h ****     };
 430:c:\program files\daisytoolchain\arm-none-eabi\include\c++\10.2.1\bits\stl_algobase.h **** 
 431:c:\program files\daisytoolchain\arm-none-eabi\include\c++\10.2.1\bits\stl_algobase.h ****   // Helpers for streambuf iterators (either istream or ostream).
ARM GAS  C:\Users\22bur\AppData\Local\Temp\ccVzMWQh.s 			page 56


 432:c:\program files\daisytoolchain\arm-none-eabi\include\c++\10.2.1\bits\stl_algobase.h ****   // NB: avoid including <iosfwd>, relatively large.
 433:c:\program files\daisytoolchain\arm-none-eabi\include\c++\10.2.1\bits\stl_algobase.h ****   template<typename _CharT>
 434:c:\program files\daisytoolchain\arm-none-eabi\include\c++\10.2.1\bits\stl_algobase.h ****     struct char_traits;
 435:c:\program files\daisytoolchain\arm-none-eabi\include\c++\10.2.1\bits\stl_algobase.h **** 
 436:c:\program files\daisytoolchain\arm-none-eabi\include\c++\10.2.1\bits\stl_algobase.h ****   template<typename _CharT, typename _Traits>
 437:c:\program files\daisytoolchain\arm-none-eabi\include\c++\10.2.1\bits\stl_algobase.h ****     class istreambuf_iterator;
 438:c:\program files\daisytoolchain\arm-none-eabi\include\c++\10.2.1\bits\stl_algobase.h **** 
 439:c:\program files\daisytoolchain\arm-none-eabi\include\c++\10.2.1\bits\stl_algobase.h ****   template<typename _CharT, typename _Traits>
 440:c:\program files\daisytoolchain\arm-none-eabi\include\c++\10.2.1\bits\stl_algobase.h ****     class ostreambuf_iterator;
 441:c:\program files\daisytoolchain\arm-none-eabi\include\c++\10.2.1\bits\stl_algobase.h **** 
 442:c:\program files\daisytoolchain\arm-none-eabi\include\c++\10.2.1\bits\stl_algobase.h ****   template<bool _IsMove, typename _CharT>
 443:c:\program files\daisytoolchain\arm-none-eabi\include\c++\10.2.1\bits\stl_algobase.h ****     typename __gnu_cxx::__enable_if<__is_char<_CharT>::__value,
 444:c:\program files\daisytoolchain\arm-none-eabi\include\c++\10.2.1\bits\stl_algobase.h **** 	     ostreambuf_iterator<_CharT, char_traits<_CharT> > >::__type
 445:c:\program files\daisytoolchain\arm-none-eabi\include\c++\10.2.1\bits\stl_algobase.h ****     __copy_move_a2(_CharT*, _CharT*,
 446:c:\program files\daisytoolchain\arm-none-eabi\include\c++\10.2.1\bits\stl_algobase.h **** 		   ostreambuf_iterator<_CharT, char_traits<_CharT> >);
 447:c:\program files\daisytoolchain\arm-none-eabi\include\c++\10.2.1\bits\stl_algobase.h **** 
 448:c:\program files\daisytoolchain\arm-none-eabi\include\c++\10.2.1\bits\stl_algobase.h ****   template<bool _IsMove, typename _CharT>
 449:c:\program files\daisytoolchain\arm-none-eabi\include\c++\10.2.1\bits\stl_algobase.h ****     typename __gnu_cxx::__enable_if<__is_char<_CharT>::__value,
 450:c:\program files\daisytoolchain\arm-none-eabi\include\c++\10.2.1\bits\stl_algobase.h **** 	     ostreambuf_iterator<_CharT, char_traits<_CharT> > >::__type
 451:c:\program files\daisytoolchain\arm-none-eabi\include\c++\10.2.1\bits\stl_algobase.h ****     __copy_move_a2(const _CharT*, const _CharT*,
 452:c:\program files\daisytoolchain\arm-none-eabi\include\c++\10.2.1\bits\stl_algobase.h **** 		   ostreambuf_iterator<_CharT, char_traits<_CharT> >);
 453:c:\program files\daisytoolchain\arm-none-eabi\include\c++\10.2.1\bits\stl_algobase.h **** 
 454:c:\program files\daisytoolchain\arm-none-eabi\include\c++\10.2.1\bits\stl_algobase.h ****   template<bool _IsMove, typename _CharT>
 455:c:\program files\daisytoolchain\arm-none-eabi\include\c++\10.2.1\bits\stl_algobase.h ****     typename __gnu_cxx::__enable_if<__is_char<_CharT>::__value,
 456:c:\program files\daisytoolchain\arm-none-eabi\include\c++\10.2.1\bits\stl_algobase.h **** 				    _CharT*>::__type
 457:c:\program files\daisytoolchain\arm-none-eabi\include\c++\10.2.1\bits\stl_algobase.h ****     __copy_move_a2(istreambuf_iterator<_CharT, char_traits<_CharT> >,
 458:c:\program files\daisytoolchain\arm-none-eabi\include\c++\10.2.1\bits\stl_algobase.h **** 		   istreambuf_iterator<_CharT, char_traits<_CharT> >, _CharT*);
 459:c:\program files\daisytoolchain\arm-none-eabi\include\c++\10.2.1\bits\stl_algobase.h **** 
 460:c:\program files\daisytoolchain\arm-none-eabi\include\c++\10.2.1\bits\stl_algobase.h ****   template<bool _IsMove, typename _II, typename _OI>
 461:c:\program files\daisytoolchain\arm-none-eabi\include\c++\10.2.1\bits\stl_algobase.h ****     _GLIBCXX20_CONSTEXPR
 462:c:\program files\daisytoolchain\arm-none-eabi\include\c++\10.2.1\bits\stl_algobase.h ****     inline _OI
 463:c:\program files\daisytoolchain\arm-none-eabi\include\c++\10.2.1\bits\stl_algobase.h ****     __copy_move_a2(_II __first, _II __last, _OI __result)
 464:c:\program files\daisytoolchain\arm-none-eabi\include\c++\10.2.1\bits\stl_algobase.h ****     {
 465:c:\program files\daisytoolchain\arm-none-eabi\include\c++\10.2.1\bits\stl_algobase.h ****       typedef typename iterator_traits<_II>::iterator_category _Category;
 466:c:\program files\daisytoolchain\arm-none-eabi\include\c++\10.2.1\bits\stl_algobase.h **** #ifdef __cpp_lib_is_constant_evaluated
 467:c:\program files\daisytoolchain\arm-none-eabi\include\c++\10.2.1\bits\stl_algobase.h ****       if (std::is_constant_evaluated())
 468:c:\program files\daisytoolchain\arm-none-eabi\include\c++\10.2.1\bits\stl_algobase.h **** 	return std::__copy_move<_IsMove, false, _Category>::
 469:c:\program files\daisytoolchain\arm-none-eabi\include\c++\10.2.1\bits\stl_algobase.h **** 	  __copy_m(__first, __last, __result);
 470:c:\program files\daisytoolchain\arm-none-eabi\include\c++\10.2.1\bits\stl_algobase.h **** #endif
 471:c:\program files\daisytoolchain\arm-none-eabi\include\c++\10.2.1\bits\stl_algobase.h ****       return std::__copy_move<_IsMove, __memcpyable<_OI, _II>::__value,
 472:c:\program files\daisytoolchain\arm-none-eabi\include\c++\10.2.1\bits\stl_algobase.h **** 			      _Category>::__copy_m(__first, __last, __result);
 473:c:\program files\daisytoolchain\arm-none-eabi\include\c++\10.2.1\bits\stl_algobase.h ****     }
 474:c:\program files\daisytoolchain\arm-none-eabi\include\c++\10.2.1\bits\stl_algobase.h **** 
 475:c:\program files\daisytoolchain\arm-none-eabi\include\c++\10.2.1\bits\stl_algobase.h **** _GLIBCXX_BEGIN_NAMESPACE_CONTAINER
 476:c:\program files\daisytoolchain\arm-none-eabi\include\c++\10.2.1\bits\stl_algobase.h **** 
 477:c:\program files\daisytoolchain\arm-none-eabi\include\c++\10.2.1\bits\stl_algobase.h ****   template<typename _Tp, typename _Ref, typename _Ptr>
 478:c:\program files\daisytoolchain\arm-none-eabi\include\c++\10.2.1\bits\stl_algobase.h ****     struct _Deque_iterator;
 479:c:\program files\daisytoolchain\arm-none-eabi\include\c++\10.2.1\bits\stl_algobase.h **** 
 480:c:\program files\daisytoolchain\arm-none-eabi\include\c++\10.2.1\bits\stl_algobase.h **** _GLIBCXX_END_NAMESPACE_CONTAINER
 481:c:\program files\daisytoolchain\arm-none-eabi\include\c++\10.2.1\bits\stl_algobase.h **** 
 482:c:\program files\daisytoolchain\arm-none-eabi\include\c++\10.2.1\bits\stl_algobase.h ****   template<bool _IsMove,
 483:c:\program files\daisytoolchain\arm-none-eabi\include\c++\10.2.1\bits\stl_algobase.h **** 	   typename _Tp, typename _Ref, typename _Ptr, typename _OI>
 484:c:\program files\daisytoolchain\arm-none-eabi\include\c++\10.2.1\bits\stl_algobase.h ****     _OI
 485:c:\program files\daisytoolchain\arm-none-eabi\include\c++\10.2.1\bits\stl_algobase.h ****     __copy_move_a1(_GLIBCXX_STD_C::_Deque_iterator<_Tp, _Ref, _Ptr>,
 486:c:\program files\daisytoolchain\arm-none-eabi\include\c++\10.2.1\bits\stl_algobase.h **** 		   _GLIBCXX_STD_C::_Deque_iterator<_Tp, _Ref, _Ptr>,
 487:c:\program files\daisytoolchain\arm-none-eabi\include\c++\10.2.1\bits\stl_algobase.h **** 		   _OI);
 488:c:\program files\daisytoolchain\arm-none-eabi\include\c++\10.2.1\bits\stl_algobase.h **** 
ARM GAS  C:\Users\22bur\AppData\Local\Temp\ccVzMWQh.s 			page 57


 489:c:\program files\daisytoolchain\arm-none-eabi\include\c++\10.2.1\bits\stl_algobase.h ****   template<bool _IsMove,
 490:c:\program files\daisytoolchain\arm-none-eabi\include\c++\10.2.1\bits\stl_algobase.h **** 	   typename _ITp, typename _IRef, typename _IPtr, typename _OTp>
 491:c:\program files\daisytoolchain\arm-none-eabi\include\c++\10.2.1\bits\stl_algobase.h ****     _GLIBCXX_STD_C::_Deque_iterator<_OTp, _OTp&, _OTp*>
 492:c:\program files\daisytoolchain\arm-none-eabi\include\c++\10.2.1\bits\stl_algobase.h ****     __copy_move_a1(_GLIBCXX_STD_C::_Deque_iterator<_ITp, _IRef, _IPtr>,
 493:c:\program files\daisytoolchain\arm-none-eabi\include\c++\10.2.1\bits\stl_algobase.h **** 		   _GLIBCXX_STD_C::_Deque_iterator<_ITp, _IRef, _IPtr>,
 494:c:\program files\daisytoolchain\arm-none-eabi\include\c++\10.2.1\bits\stl_algobase.h **** 		   _GLIBCXX_STD_C::_Deque_iterator<_OTp, _OTp&, _OTp*>);
 495:c:\program files\daisytoolchain\arm-none-eabi\include\c++\10.2.1\bits\stl_algobase.h **** 
 496:c:\program files\daisytoolchain\arm-none-eabi\include\c++\10.2.1\bits\stl_algobase.h ****   template<bool _IsMove, typename _II, typename _Tp>
 497:c:\program files\daisytoolchain\arm-none-eabi\include\c++\10.2.1\bits\stl_algobase.h ****     typename __gnu_cxx::__enable_if<
 498:c:\program files\daisytoolchain\arm-none-eabi\include\c++\10.2.1\bits\stl_algobase.h ****       __is_random_access_iter<_II>::__value,
 499:c:\program files\daisytoolchain\arm-none-eabi\include\c++\10.2.1\bits\stl_algobase.h ****       _GLIBCXX_STD_C::_Deque_iterator<_Tp, _Tp&, _Tp*> >::__type
 500:c:\program files\daisytoolchain\arm-none-eabi\include\c++\10.2.1\bits\stl_algobase.h ****     __copy_move_a1(_II, _II, _GLIBCXX_STD_C::_Deque_iterator<_Tp, _Tp&, _Tp*>);
 501:c:\program files\daisytoolchain\arm-none-eabi\include\c++\10.2.1\bits\stl_algobase.h **** 
 502:c:\program files\daisytoolchain\arm-none-eabi\include\c++\10.2.1\bits\stl_algobase.h ****   template<bool _IsMove, typename _II, typename _OI>
 503:c:\program files\daisytoolchain\arm-none-eabi\include\c++\10.2.1\bits\stl_algobase.h ****     _GLIBCXX20_CONSTEXPR
 504:c:\program files\daisytoolchain\arm-none-eabi\include\c++\10.2.1\bits\stl_algobase.h ****     inline _OI
 505:c:\program files\daisytoolchain\arm-none-eabi\include\c++\10.2.1\bits\stl_algobase.h ****     __copy_move_a1(_II __first, _II __last, _OI __result)
 506:c:\program files\daisytoolchain\arm-none-eabi\include\c++\10.2.1\bits\stl_algobase.h ****     { return std::__copy_move_a2<_IsMove>(__first, __last, __result); }
 507:c:\program files\daisytoolchain\arm-none-eabi\include\c++\10.2.1\bits\stl_algobase.h **** 
 508:c:\program files\daisytoolchain\arm-none-eabi\include\c++\10.2.1\bits\stl_algobase.h ****   template<bool _IsMove, typename _II, typename _OI>
 509:c:\program files\daisytoolchain\arm-none-eabi\include\c++\10.2.1\bits\stl_algobase.h ****     _GLIBCXX20_CONSTEXPR
 510:c:\program files\daisytoolchain\arm-none-eabi\include\c++\10.2.1\bits\stl_algobase.h ****     inline _OI
 511:c:\program files\daisytoolchain\arm-none-eabi\include\c++\10.2.1\bits\stl_algobase.h ****     __copy_move_a(_II __first, _II __last, _OI __result)
 512:c:\program files\daisytoolchain\arm-none-eabi\include\c++\10.2.1\bits\stl_algobase.h ****     {
 513:c:\program files\daisytoolchain\arm-none-eabi\include\c++\10.2.1\bits\stl_algobase.h ****       return std::__niter_wrap(__result,
 514:c:\program files\daisytoolchain\arm-none-eabi\include\c++\10.2.1\bits\stl_algobase.h **** 		std::__copy_move_a1<_IsMove>(std::__niter_base(__first),
 515:c:\program files\daisytoolchain\arm-none-eabi\include\c++\10.2.1\bits\stl_algobase.h **** 					     std::__niter_base(__last),
 516:c:\program files\daisytoolchain\arm-none-eabi\include\c++\10.2.1\bits\stl_algobase.h **** 					     std::__niter_base(__result)));
 517:c:\program files\daisytoolchain\arm-none-eabi\include\c++\10.2.1\bits\stl_algobase.h ****     }
 518:c:\program files\daisytoolchain\arm-none-eabi\include\c++\10.2.1\bits\stl_algobase.h **** 
 519:c:\program files\daisytoolchain\arm-none-eabi\include\c++\10.2.1\bits\stl_algobase.h ****   template<bool _IsMove,
 520:c:\program files\daisytoolchain\arm-none-eabi\include\c++\10.2.1\bits\stl_algobase.h **** 	   typename _Ite, typename _Seq, typename _Cat, typename _OI>
 521:c:\program files\daisytoolchain\arm-none-eabi\include\c++\10.2.1\bits\stl_algobase.h ****     _OI
 522:c:\program files\daisytoolchain\arm-none-eabi\include\c++\10.2.1\bits\stl_algobase.h ****     __copy_move_a(const ::__gnu_debug::_Safe_iterator<_Ite, _Seq, _Cat>&,
 523:c:\program files\daisytoolchain\arm-none-eabi\include\c++\10.2.1\bits\stl_algobase.h **** 		  const ::__gnu_debug::_Safe_iterator<_Ite, _Seq, _Cat>&,
 524:c:\program files\daisytoolchain\arm-none-eabi\include\c++\10.2.1\bits\stl_algobase.h **** 		  _OI);
 525:c:\program files\daisytoolchain\arm-none-eabi\include\c++\10.2.1\bits\stl_algobase.h **** 
 526:c:\program files\daisytoolchain\arm-none-eabi\include\c++\10.2.1\bits\stl_algobase.h ****   template<bool _IsMove,
 527:c:\program files\daisytoolchain\arm-none-eabi\include\c++\10.2.1\bits\stl_algobase.h **** 	   typename _II, typename _Ite, typename _Seq, typename _Cat>
 528:c:\program files\daisytoolchain\arm-none-eabi\include\c++\10.2.1\bits\stl_algobase.h ****     __gnu_debug::_Safe_iterator<_Ite, _Seq, _Cat>
 529:c:\program files\daisytoolchain\arm-none-eabi\include\c++\10.2.1\bits\stl_algobase.h ****     __copy_move_a(_II, _II,
 530:c:\program files\daisytoolchain\arm-none-eabi\include\c++\10.2.1\bits\stl_algobase.h **** 		  const ::__gnu_debug::_Safe_iterator<_Ite, _Seq, _Cat>&);
 531:c:\program files\daisytoolchain\arm-none-eabi\include\c++\10.2.1\bits\stl_algobase.h **** 
 532:c:\program files\daisytoolchain\arm-none-eabi\include\c++\10.2.1\bits\stl_algobase.h ****   template<bool _IsMove,
 533:c:\program files\daisytoolchain\arm-none-eabi\include\c++\10.2.1\bits\stl_algobase.h **** 	   typename _IIte, typename _ISeq, typename _ICat,
 534:c:\program files\daisytoolchain\arm-none-eabi\include\c++\10.2.1\bits\stl_algobase.h **** 	   typename _OIte, typename _OSeq, typename _OCat>
 535:c:\program files\daisytoolchain\arm-none-eabi\include\c++\10.2.1\bits\stl_algobase.h ****     ::__gnu_debug::_Safe_iterator<_OIte, _OSeq, _OCat>
 536:c:\program files\daisytoolchain\arm-none-eabi\include\c++\10.2.1\bits\stl_algobase.h ****     __copy_move_a(const ::__gnu_debug::_Safe_iterator<_IIte, _ISeq, _ICat>&,
 537:c:\program files\daisytoolchain\arm-none-eabi\include\c++\10.2.1\bits\stl_algobase.h **** 		  const ::__gnu_debug::_Safe_iterator<_IIte, _ISeq, _ICat>&,
 538:c:\program files\daisytoolchain\arm-none-eabi\include\c++\10.2.1\bits\stl_algobase.h **** 		  const ::__gnu_debug::_Safe_iterator<_OIte, _OSeq, _OCat>&);
 539:c:\program files\daisytoolchain\arm-none-eabi\include\c++\10.2.1\bits\stl_algobase.h **** 
 540:c:\program files\daisytoolchain\arm-none-eabi\include\c++\10.2.1\bits\stl_algobase.h ****   /**
 541:c:\program files\daisytoolchain\arm-none-eabi\include\c++\10.2.1\bits\stl_algobase.h ****    *  @brief Copies the range [first,last) into result.
 542:c:\program files\daisytoolchain\arm-none-eabi\include\c++\10.2.1\bits\stl_algobase.h ****    *  @ingroup mutating_algorithms
 543:c:\program files\daisytoolchain\arm-none-eabi\include\c++\10.2.1\bits\stl_algobase.h ****    *  @param  __first  An input iterator.
 544:c:\program files\daisytoolchain\arm-none-eabi\include\c++\10.2.1\bits\stl_algobase.h ****    *  @param  __last   An input iterator.
 545:c:\program files\daisytoolchain\arm-none-eabi\include\c++\10.2.1\bits\stl_algobase.h ****    *  @param  __result An output iterator.
ARM GAS  C:\Users\22bur\AppData\Local\Temp\ccVzMWQh.s 			page 58


 546:c:\program files\daisytoolchain\arm-none-eabi\include\c++\10.2.1\bits\stl_algobase.h ****    *  @return   result + (last - first)
 547:c:\program files\daisytoolchain\arm-none-eabi\include\c++\10.2.1\bits\stl_algobase.h ****    *
 548:c:\program files\daisytoolchain\arm-none-eabi\include\c++\10.2.1\bits\stl_algobase.h ****    *  This inline function will boil down to a call to @c memmove whenever
 549:c:\program files\daisytoolchain\arm-none-eabi\include\c++\10.2.1\bits\stl_algobase.h ****    *  possible.  Failing that, if random access iterators are passed, then the
 550:c:\program files\daisytoolchain\arm-none-eabi\include\c++\10.2.1\bits\stl_algobase.h ****    *  loop count will be known (and therefore a candidate for compiler
 551:c:\program files\daisytoolchain\arm-none-eabi\include\c++\10.2.1\bits\stl_algobase.h ****    *  optimizations such as unrolling).  Result may not be contained within
 552:c:\program files\daisytoolchain\arm-none-eabi\include\c++\10.2.1\bits\stl_algobase.h ****    *  [first,last); the copy_backward function should be used instead.
 553:c:\program files\daisytoolchain\arm-none-eabi\include\c++\10.2.1\bits\stl_algobase.h ****    *
 554:c:\program files\daisytoolchain\arm-none-eabi\include\c++\10.2.1\bits\stl_algobase.h ****    *  Note that the end of the output range is permitted to be contained
 555:c:\program files\daisytoolchain\arm-none-eabi\include\c++\10.2.1\bits\stl_algobase.h ****    *  within [first,last).
 556:c:\program files\daisytoolchain\arm-none-eabi\include\c++\10.2.1\bits\stl_algobase.h ****   */
 557:c:\program files\daisytoolchain\arm-none-eabi\include\c++\10.2.1\bits\stl_algobase.h ****   template<typename _II, typename _OI>
 558:c:\program files\daisytoolchain\arm-none-eabi\include\c++\10.2.1\bits\stl_algobase.h ****     _GLIBCXX20_CONSTEXPR
 559:c:\program files\daisytoolchain\arm-none-eabi\include\c++\10.2.1\bits\stl_algobase.h ****     inline _OI
 560:c:\program files\daisytoolchain\arm-none-eabi\include\c++\10.2.1\bits\stl_algobase.h ****     copy(_II __first, _II __last, _OI __result)
 561:c:\program files\daisytoolchain\arm-none-eabi\include\c++\10.2.1\bits\stl_algobase.h ****     {
 562:c:\program files\daisytoolchain\arm-none-eabi\include\c++\10.2.1\bits\stl_algobase.h ****       // concept requirements
 563:c:\program files\daisytoolchain\arm-none-eabi\include\c++\10.2.1\bits\stl_algobase.h ****       __glibcxx_function_requires(_InputIteratorConcept<_II>)
 564:c:\program files\daisytoolchain\arm-none-eabi\include\c++\10.2.1\bits\stl_algobase.h ****       __glibcxx_function_requires(_OutputIteratorConcept<_OI,
 565:c:\program files\daisytoolchain\arm-none-eabi\include\c++\10.2.1\bits\stl_algobase.h **** 	    typename iterator_traits<_II>::value_type>)
 566:c:\program files\daisytoolchain\arm-none-eabi\include\c++\10.2.1\bits\stl_algobase.h ****       __glibcxx_requires_can_increment_range(__first, __last, __result);
 567:c:\program files\daisytoolchain\arm-none-eabi\include\c++\10.2.1\bits\stl_algobase.h **** 
 568:c:\program files\daisytoolchain\arm-none-eabi\include\c++\10.2.1\bits\stl_algobase.h ****       return std::__copy_move_a<__is_move_iterator<_II>::__value>
 569:c:\program files\daisytoolchain\arm-none-eabi\include\c++\10.2.1\bits\stl_algobase.h **** 	     (std::__miter_base(__first), std::__miter_base(__last), __result);
 570:c:\program files\daisytoolchain\arm-none-eabi\include\c++\10.2.1\bits\stl_algobase.h ****     }
 571:c:\program files\daisytoolchain\arm-none-eabi\include\c++\10.2.1\bits\stl_algobase.h **** 
 572:c:\program files\daisytoolchain\arm-none-eabi\include\c++\10.2.1\bits\stl_algobase.h **** #if __cplusplus >= 201103L
 573:c:\program files\daisytoolchain\arm-none-eabi\include\c++\10.2.1\bits\stl_algobase.h ****   /**
 574:c:\program files\daisytoolchain\arm-none-eabi\include\c++\10.2.1\bits\stl_algobase.h ****    *  @brief Moves the range [first,last) into result.
 575:c:\program files\daisytoolchain\arm-none-eabi\include\c++\10.2.1\bits\stl_algobase.h ****    *  @ingroup mutating_algorithms
 576:c:\program files\daisytoolchain\arm-none-eabi\include\c++\10.2.1\bits\stl_algobase.h ****    *  @param  __first  An input iterator.
 577:c:\program files\daisytoolchain\arm-none-eabi\include\c++\10.2.1\bits\stl_algobase.h ****    *  @param  __last   An input iterator.
 578:c:\program files\daisytoolchain\arm-none-eabi\include\c++\10.2.1\bits\stl_algobase.h ****    *  @param  __result An output iterator.
 579:c:\program files\daisytoolchain\arm-none-eabi\include\c++\10.2.1\bits\stl_algobase.h ****    *  @return   result + (last - first)
 580:c:\program files\daisytoolchain\arm-none-eabi\include\c++\10.2.1\bits\stl_algobase.h ****    *
 581:c:\program files\daisytoolchain\arm-none-eabi\include\c++\10.2.1\bits\stl_algobase.h ****    *  This inline function will boil down to a call to @c memmove whenever
 582:c:\program files\daisytoolchain\arm-none-eabi\include\c++\10.2.1\bits\stl_algobase.h ****    *  possible.  Failing that, if random access iterators are passed, then the
 583:c:\program files\daisytoolchain\arm-none-eabi\include\c++\10.2.1\bits\stl_algobase.h ****    *  loop count will be known (and therefore a candidate for compiler
 584:c:\program files\daisytoolchain\arm-none-eabi\include\c++\10.2.1\bits\stl_algobase.h ****    *  optimizations such as unrolling).  Result may not be contained within
 585:c:\program files\daisytoolchain\arm-none-eabi\include\c++\10.2.1\bits\stl_algobase.h ****    *  [first,last); the move_backward function should be used instead.
 586:c:\program files\daisytoolchain\arm-none-eabi\include\c++\10.2.1\bits\stl_algobase.h ****    *
 587:c:\program files\daisytoolchain\arm-none-eabi\include\c++\10.2.1\bits\stl_algobase.h ****    *  Note that the end of the output range is permitted to be contained
 588:c:\program files\daisytoolchain\arm-none-eabi\include\c++\10.2.1\bits\stl_algobase.h ****    *  within [first,last).
 589:c:\program files\daisytoolchain\arm-none-eabi\include\c++\10.2.1\bits\stl_algobase.h ****   */
 590:c:\program files\daisytoolchain\arm-none-eabi\include\c++\10.2.1\bits\stl_algobase.h ****   template<typename _II, typename _OI>
 591:c:\program files\daisytoolchain\arm-none-eabi\include\c++\10.2.1\bits\stl_algobase.h ****     _GLIBCXX20_CONSTEXPR
 592:c:\program files\daisytoolchain\arm-none-eabi\include\c++\10.2.1\bits\stl_algobase.h ****     inline _OI
 593:c:\program files\daisytoolchain\arm-none-eabi\include\c++\10.2.1\bits\stl_algobase.h ****     move(_II __first, _II __last, _OI __result)
 594:c:\program files\daisytoolchain\arm-none-eabi\include\c++\10.2.1\bits\stl_algobase.h ****     {
 595:c:\program files\daisytoolchain\arm-none-eabi\include\c++\10.2.1\bits\stl_algobase.h ****       // concept requirements
 596:c:\program files\daisytoolchain\arm-none-eabi\include\c++\10.2.1\bits\stl_algobase.h ****       __glibcxx_function_requires(_InputIteratorConcept<_II>)
 597:c:\program files\daisytoolchain\arm-none-eabi\include\c++\10.2.1\bits\stl_algobase.h ****       __glibcxx_function_requires(_OutputIteratorConcept<_OI,
 598:c:\program files\daisytoolchain\arm-none-eabi\include\c++\10.2.1\bits\stl_algobase.h **** 	    typename iterator_traits<_II>::value_type>)
 599:c:\program files\daisytoolchain\arm-none-eabi\include\c++\10.2.1\bits\stl_algobase.h ****       __glibcxx_requires_can_increment_range(__first, __last, __result);
 600:c:\program files\daisytoolchain\arm-none-eabi\include\c++\10.2.1\bits\stl_algobase.h **** 
 601:c:\program files\daisytoolchain\arm-none-eabi\include\c++\10.2.1\bits\stl_algobase.h ****       return std::__copy_move_a<true>(std::__miter_base(__first),
 602:c:\program files\daisytoolchain\arm-none-eabi\include\c++\10.2.1\bits\stl_algobase.h **** 				      std::__miter_base(__last), __result);
ARM GAS  C:\Users\22bur\AppData\Local\Temp\ccVzMWQh.s 			page 59


 603:c:\program files\daisytoolchain\arm-none-eabi\include\c++\10.2.1\bits\stl_algobase.h ****     }
 604:c:\program files\daisytoolchain\arm-none-eabi\include\c++\10.2.1\bits\stl_algobase.h **** 
 605:c:\program files\daisytoolchain\arm-none-eabi\include\c++\10.2.1\bits\stl_algobase.h **** #define _GLIBCXX_MOVE3(_Tp, _Up, _Vp) std::move(_Tp, _Up, _Vp)
 606:c:\program files\daisytoolchain\arm-none-eabi\include\c++\10.2.1\bits\stl_algobase.h **** #else
 607:c:\program files\daisytoolchain\arm-none-eabi\include\c++\10.2.1\bits\stl_algobase.h **** #define _GLIBCXX_MOVE3(_Tp, _Up, _Vp) std::copy(_Tp, _Up, _Vp)
 608:c:\program files\daisytoolchain\arm-none-eabi\include\c++\10.2.1\bits\stl_algobase.h **** #endif
 609:c:\program files\daisytoolchain\arm-none-eabi\include\c++\10.2.1\bits\stl_algobase.h **** 
 610:c:\program files\daisytoolchain\arm-none-eabi\include\c++\10.2.1\bits\stl_algobase.h ****   template<bool _IsMove, bool _IsSimple, typename _Category>
 611:c:\program files\daisytoolchain\arm-none-eabi\include\c++\10.2.1\bits\stl_algobase.h ****     struct __copy_move_backward
 612:c:\program files\daisytoolchain\arm-none-eabi\include\c++\10.2.1\bits\stl_algobase.h ****     {
 613:c:\program files\daisytoolchain\arm-none-eabi\include\c++\10.2.1\bits\stl_algobase.h ****       template<typename _BI1, typename _BI2>
 614:c:\program files\daisytoolchain\arm-none-eabi\include\c++\10.2.1\bits\stl_algobase.h **** 	_GLIBCXX20_CONSTEXPR
 615:c:\program files\daisytoolchain\arm-none-eabi\include\c++\10.2.1\bits\stl_algobase.h **** 	static _BI2
 616:c:\program files\daisytoolchain\arm-none-eabi\include\c++\10.2.1\bits\stl_algobase.h **** 	__copy_move_b(_BI1 __first, _BI1 __last, _BI2 __result)
 617:c:\program files\daisytoolchain\arm-none-eabi\include\c++\10.2.1\bits\stl_algobase.h **** 	{
 618:c:\program files\daisytoolchain\arm-none-eabi\include\c++\10.2.1\bits\stl_algobase.h **** 	  while (__first != __last)
 619:c:\program files\daisytoolchain\arm-none-eabi\include\c++\10.2.1\bits\stl_algobase.h **** 	    *--__result = *--__last;
 620:c:\program files\daisytoolchain\arm-none-eabi\include\c++\10.2.1\bits\stl_algobase.h **** 	  return __result;
 621:c:\program files\daisytoolchain\arm-none-eabi\include\c++\10.2.1\bits\stl_algobase.h **** 	}
 622:c:\program files\daisytoolchain\arm-none-eabi\include\c++\10.2.1\bits\stl_algobase.h ****     };
 623:c:\program files\daisytoolchain\arm-none-eabi\include\c++\10.2.1\bits\stl_algobase.h **** 
 624:c:\program files\daisytoolchain\arm-none-eabi\include\c++\10.2.1\bits\stl_algobase.h **** #if __cplusplus >= 201103L
 625:c:\program files\daisytoolchain\arm-none-eabi\include\c++\10.2.1\bits\stl_algobase.h ****   template<typename _Category>
 626:c:\program files\daisytoolchain\arm-none-eabi\include\c++\10.2.1\bits\stl_algobase.h ****     struct __copy_move_backward<true, false, _Category>
 627:c:\program files\daisytoolchain\arm-none-eabi\include\c++\10.2.1\bits\stl_algobase.h ****     {
 628:c:\program files\daisytoolchain\arm-none-eabi\include\c++\10.2.1\bits\stl_algobase.h ****       template<typename _BI1, typename _BI2>
 629:c:\program files\daisytoolchain\arm-none-eabi\include\c++\10.2.1\bits\stl_algobase.h **** 	_GLIBCXX20_CONSTEXPR
 630:c:\program files\daisytoolchain\arm-none-eabi\include\c++\10.2.1\bits\stl_algobase.h **** 	static _BI2
 631:c:\program files\daisytoolchain\arm-none-eabi\include\c++\10.2.1\bits\stl_algobase.h **** 	__copy_move_b(_BI1 __first, _BI1 __last, _BI2 __result)
 632:c:\program files\daisytoolchain\arm-none-eabi\include\c++\10.2.1\bits\stl_algobase.h **** 	{
 633:c:\program files\daisytoolchain\arm-none-eabi\include\c++\10.2.1\bits\stl_algobase.h **** 	  while (__first != __last)
 634:c:\program files\daisytoolchain\arm-none-eabi\include\c++\10.2.1\bits\stl_algobase.h **** 	    *--__result = std::move(*--__last);
 635:c:\program files\daisytoolchain\arm-none-eabi\include\c++\10.2.1\bits\stl_algobase.h **** 	  return __result;
 636:c:\program files\daisytoolchain\arm-none-eabi\include\c++\10.2.1\bits\stl_algobase.h **** 	}
 637:c:\program files\daisytoolchain\arm-none-eabi\include\c++\10.2.1\bits\stl_algobase.h ****     };
 638:c:\program files\daisytoolchain\arm-none-eabi\include\c++\10.2.1\bits\stl_algobase.h **** #endif
 639:c:\program files\daisytoolchain\arm-none-eabi\include\c++\10.2.1\bits\stl_algobase.h **** 
 640:c:\program files\daisytoolchain\arm-none-eabi\include\c++\10.2.1\bits\stl_algobase.h ****   template<>
 641:c:\program files\daisytoolchain\arm-none-eabi\include\c++\10.2.1\bits\stl_algobase.h ****     struct __copy_move_backward<false, false, random_access_iterator_tag>
 642:c:\program files\daisytoolchain\arm-none-eabi\include\c++\10.2.1\bits\stl_algobase.h ****     {
 643:c:\program files\daisytoolchain\arm-none-eabi\include\c++\10.2.1\bits\stl_algobase.h ****       template<typename _BI1, typename _BI2>
 644:c:\program files\daisytoolchain\arm-none-eabi\include\c++\10.2.1\bits\stl_algobase.h **** 	_GLIBCXX20_CONSTEXPR
 645:c:\program files\daisytoolchain\arm-none-eabi\include\c++\10.2.1\bits\stl_algobase.h **** 	static _BI2
 646:c:\program files\daisytoolchain\arm-none-eabi\include\c++\10.2.1\bits\stl_algobase.h **** 	__copy_move_b(_BI1 __first, _BI1 __last, _BI2 __result)
 647:c:\program files\daisytoolchain\arm-none-eabi\include\c++\10.2.1\bits\stl_algobase.h **** 	{
 648:c:\program files\daisytoolchain\arm-none-eabi\include\c++\10.2.1\bits\stl_algobase.h **** 	  typename iterator_traits<_BI1>::difference_type
 649:c:\program files\daisytoolchain\arm-none-eabi\include\c++\10.2.1\bits\stl_algobase.h **** 	    __n = __last - __first;
 650:c:\program files\daisytoolchain\arm-none-eabi\include\c++\10.2.1\bits\stl_algobase.h **** 	  for (; __n > 0; --__n)
 651:c:\program files\daisytoolchain\arm-none-eabi\include\c++\10.2.1\bits\stl_algobase.h **** 	    *--__result = *--__last;
 652:c:\program files\daisytoolchain\arm-none-eabi\include\c++\10.2.1\bits\stl_algobase.h **** 	  return __result;
 653:c:\program files\daisytoolchain\arm-none-eabi\include\c++\10.2.1\bits\stl_algobase.h **** 	}
 654:c:\program files\daisytoolchain\arm-none-eabi\include\c++\10.2.1\bits\stl_algobase.h ****     };
 655:c:\program files\daisytoolchain\arm-none-eabi\include\c++\10.2.1\bits\stl_algobase.h **** 
 656:c:\program files\daisytoolchain\arm-none-eabi\include\c++\10.2.1\bits\stl_algobase.h **** #if __cplusplus >= 201103L
 657:c:\program files\daisytoolchain\arm-none-eabi\include\c++\10.2.1\bits\stl_algobase.h ****   template<>
 658:c:\program files\daisytoolchain\arm-none-eabi\include\c++\10.2.1\bits\stl_algobase.h ****     struct __copy_move_backward<true, false, random_access_iterator_tag>
 659:c:\program files\daisytoolchain\arm-none-eabi\include\c++\10.2.1\bits\stl_algobase.h ****     {
ARM GAS  C:\Users\22bur\AppData\Local\Temp\ccVzMWQh.s 			page 60


 660:c:\program files\daisytoolchain\arm-none-eabi\include\c++\10.2.1\bits\stl_algobase.h ****       template<typename _BI1, typename _BI2>
 661:c:\program files\daisytoolchain\arm-none-eabi\include\c++\10.2.1\bits\stl_algobase.h **** 	_GLIBCXX20_CONSTEXPR
 662:c:\program files\daisytoolchain\arm-none-eabi\include\c++\10.2.1\bits\stl_algobase.h **** 	static _BI2
 663:c:\program files\daisytoolchain\arm-none-eabi\include\c++\10.2.1\bits\stl_algobase.h **** 	__copy_move_b(_BI1 __first, _BI1 __last, _BI2 __result)
 664:c:\program files\daisytoolchain\arm-none-eabi\include\c++\10.2.1\bits\stl_algobase.h **** 	{
 665:c:\program files\daisytoolchain\arm-none-eabi\include\c++\10.2.1\bits\stl_algobase.h **** 	  typename iterator_traits<_BI1>::difference_type
 666:c:\program files\daisytoolchain\arm-none-eabi\include\c++\10.2.1\bits\stl_algobase.h **** 	    __n = __last - __first;
 667:c:\program files\daisytoolchain\arm-none-eabi\include\c++\10.2.1\bits\stl_algobase.h **** 	  for (; __n > 0; --__n)
 668:c:\program files\daisytoolchain\arm-none-eabi\include\c++\10.2.1\bits\stl_algobase.h **** 	    *--__result = std::move(*--__last);
 669:c:\program files\daisytoolchain\arm-none-eabi\include\c++\10.2.1\bits\stl_algobase.h **** 	  return __result;
 670:c:\program files\daisytoolchain\arm-none-eabi\include\c++\10.2.1\bits\stl_algobase.h **** 	}
 671:c:\program files\daisytoolchain\arm-none-eabi\include\c++\10.2.1\bits\stl_algobase.h ****     };
 672:c:\program files\daisytoolchain\arm-none-eabi\include\c++\10.2.1\bits\stl_algobase.h **** #endif
 673:c:\program files\daisytoolchain\arm-none-eabi\include\c++\10.2.1\bits\stl_algobase.h **** 
 674:c:\program files\daisytoolchain\arm-none-eabi\include\c++\10.2.1\bits\stl_algobase.h ****   template<bool _IsMove>
 675:c:\program files\daisytoolchain\arm-none-eabi\include\c++\10.2.1\bits\stl_algobase.h ****     struct __copy_move_backward<_IsMove, true, random_access_iterator_tag>
 676:c:\program files\daisytoolchain\arm-none-eabi\include\c++\10.2.1\bits\stl_algobase.h ****     {
 677:c:\program files\daisytoolchain\arm-none-eabi\include\c++\10.2.1\bits\stl_algobase.h ****       template<typename _Tp>
 678:c:\program files\daisytoolchain\arm-none-eabi\include\c++\10.2.1\bits\stl_algobase.h **** 	_GLIBCXX20_CONSTEXPR
 679:c:\program files\daisytoolchain\arm-none-eabi\include\c++\10.2.1\bits\stl_algobase.h **** 	static _Tp*
 680:c:\program files\daisytoolchain\arm-none-eabi\include\c++\10.2.1\bits\stl_algobase.h **** 	__copy_move_b(const _Tp* __first, const _Tp* __last, _Tp* __result)
 681:c:\program files\daisytoolchain\arm-none-eabi\include\c++\10.2.1\bits\stl_algobase.h **** 	{
 682:c:\program files\daisytoolchain\arm-none-eabi\include\c++\10.2.1\bits\stl_algobase.h **** #if __cplusplus >= 201103L
 683:c:\program files\daisytoolchain\arm-none-eabi\include\c++\10.2.1\bits\stl_algobase.h **** 	  using __assignable = conditional<_IsMove,
 684:c:\program files\daisytoolchain\arm-none-eabi\include\c++\10.2.1\bits\stl_algobase.h **** 					   is_move_assignable<_Tp>,
 685:c:\program files\daisytoolchain\arm-none-eabi\include\c++\10.2.1\bits\stl_algobase.h **** 					   is_copy_assignable<_Tp>>;
 686:c:\program files\daisytoolchain\arm-none-eabi\include\c++\10.2.1\bits\stl_algobase.h **** 	  // trivial types can have deleted assignment
 687:c:\program files\daisytoolchain\arm-none-eabi\include\c++\10.2.1\bits\stl_algobase.h **** 	  static_assert( __assignable::type::value, "type is not assignable" );
 688:c:\program files\daisytoolchain\arm-none-eabi\include\c++\10.2.1\bits\stl_algobase.h **** #endif
 689:c:\program files\daisytoolchain\arm-none-eabi\include\c++\10.2.1\bits\stl_algobase.h **** 	  const ptrdiff_t _Num = __last - __first;
 690:c:\program files\daisytoolchain\arm-none-eabi\include\c++\10.2.1\bits\stl_algobase.h **** 	  if (_Num)
 691:c:\program files\daisytoolchain\arm-none-eabi\include\c++\10.2.1\bits\stl_algobase.h **** 	    __builtin_memmove(__result - _Num, __first, sizeof(_Tp) * _Num);
 692:c:\program files\daisytoolchain\arm-none-eabi\include\c++\10.2.1\bits\stl_algobase.h **** 	  return __result - _Num;
 693:c:\program files\daisytoolchain\arm-none-eabi\include\c++\10.2.1\bits\stl_algobase.h **** 	}
 694:c:\program files\daisytoolchain\arm-none-eabi\include\c++\10.2.1\bits\stl_algobase.h ****     };
 695:c:\program files\daisytoolchain\arm-none-eabi\include\c++\10.2.1\bits\stl_algobase.h **** 
 696:c:\program files\daisytoolchain\arm-none-eabi\include\c++\10.2.1\bits\stl_algobase.h ****   template<bool _IsMove, typename _BI1, typename _BI2>
 697:c:\program files\daisytoolchain\arm-none-eabi\include\c++\10.2.1\bits\stl_algobase.h ****     _GLIBCXX20_CONSTEXPR
 698:c:\program files\daisytoolchain\arm-none-eabi\include\c++\10.2.1\bits\stl_algobase.h ****     inline _BI2
 699:c:\program files\daisytoolchain\arm-none-eabi\include\c++\10.2.1\bits\stl_algobase.h ****     __copy_move_backward_a2(_BI1 __first, _BI1 __last, _BI2 __result)
 700:c:\program files\daisytoolchain\arm-none-eabi\include\c++\10.2.1\bits\stl_algobase.h ****     {
 701:c:\program files\daisytoolchain\arm-none-eabi\include\c++\10.2.1\bits\stl_algobase.h ****       typedef typename iterator_traits<_BI1>::iterator_category _Category;
 702:c:\program files\daisytoolchain\arm-none-eabi\include\c++\10.2.1\bits\stl_algobase.h **** #ifdef __cpp_lib_is_constant_evaluated
 703:c:\program files\daisytoolchain\arm-none-eabi\include\c++\10.2.1\bits\stl_algobase.h ****       if (std::is_constant_evaluated())
 704:c:\program files\daisytoolchain\arm-none-eabi\include\c++\10.2.1\bits\stl_algobase.h **** 	return std::__copy_move_backward<_IsMove, false, _Category>::
 705:c:\program files\daisytoolchain\arm-none-eabi\include\c++\10.2.1\bits\stl_algobase.h **** 	  __copy_move_b(__first, __last, __result);
 706:c:\program files\daisytoolchain\arm-none-eabi\include\c++\10.2.1\bits\stl_algobase.h **** #endif
 707:c:\program files\daisytoolchain\arm-none-eabi\include\c++\10.2.1\bits\stl_algobase.h ****       return std::__copy_move_backward<_IsMove,
 708:c:\program files\daisytoolchain\arm-none-eabi\include\c++\10.2.1\bits\stl_algobase.h **** 				       __memcpyable<_BI2, _BI1>::__value,
 709:c:\program files\daisytoolchain\arm-none-eabi\include\c++\10.2.1\bits\stl_algobase.h **** 				       _Category>::__copy_move_b(__first,
 710:c:\program files\daisytoolchain\arm-none-eabi\include\c++\10.2.1\bits\stl_algobase.h **** 								 __last,
 711:c:\program files\daisytoolchain\arm-none-eabi\include\c++\10.2.1\bits\stl_algobase.h **** 								 __result);
 712:c:\program files\daisytoolchain\arm-none-eabi\include\c++\10.2.1\bits\stl_algobase.h ****     }
 713:c:\program files\daisytoolchain\arm-none-eabi\include\c++\10.2.1\bits\stl_algobase.h **** 
 714:c:\program files\daisytoolchain\arm-none-eabi\include\c++\10.2.1\bits\stl_algobase.h ****   template<bool _IsMove, typename _BI1, typename _BI2>
 715:c:\program files\daisytoolchain\arm-none-eabi\include\c++\10.2.1\bits\stl_algobase.h ****     _GLIBCXX20_CONSTEXPR
 716:c:\program files\daisytoolchain\arm-none-eabi\include\c++\10.2.1\bits\stl_algobase.h ****     inline _BI2
ARM GAS  C:\Users\22bur\AppData\Local\Temp\ccVzMWQh.s 			page 61


 717:c:\program files\daisytoolchain\arm-none-eabi\include\c++\10.2.1\bits\stl_algobase.h ****     __copy_move_backward_a1(_BI1 __first, _BI1 __last, _BI2 __result)
 718:c:\program files\daisytoolchain\arm-none-eabi\include\c++\10.2.1\bits\stl_algobase.h ****     { return std::__copy_move_backward_a2<_IsMove>(__first, __last, __result); }
 719:c:\program files\daisytoolchain\arm-none-eabi\include\c++\10.2.1\bits\stl_algobase.h **** 
 720:c:\program files\daisytoolchain\arm-none-eabi\include\c++\10.2.1\bits\stl_algobase.h ****   template<bool _IsMove,
 721:c:\program files\daisytoolchain\arm-none-eabi\include\c++\10.2.1\bits\stl_algobase.h **** 	   typename _Tp, typename _Ref, typename _Ptr, typename _OI>
 722:c:\program files\daisytoolchain\arm-none-eabi\include\c++\10.2.1\bits\stl_algobase.h ****     _OI
 723:c:\program files\daisytoolchain\arm-none-eabi\include\c++\10.2.1\bits\stl_algobase.h ****     __copy_move_backward_a1(_GLIBCXX_STD_C::_Deque_iterator<_Tp, _Ref, _Ptr>,
 724:c:\program files\daisytoolchain\arm-none-eabi\include\c++\10.2.1\bits\stl_algobase.h **** 			    _GLIBCXX_STD_C::_Deque_iterator<_Tp, _Ref, _Ptr>,
 725:c:\program files\daisytoolchain\arm-none-eabi\include\c++\10.2.1\bits\stl_algobase.h **** 			    _OI);
 726:c:\program files\daisytoolchain\arm-none-eabi\include\c++\10.2.1\bits\stl_algobase.h **** 
 727:c:\program files\daisytoolchain\arm-none-eabi\include\c++\10.2.1\bits\stl_algobase.h ****   template<bool _IsMove,
 728:c:\program files\daisytoolchain\arm-none-eabi\include\c++\10.2.1\bits\stl_algobase.h **** 	   typename _ITp, typename _IRef, typename _IPtr, typename _OTp>
 729:c:\program files\daisytoolchain\arm-none-eabi\include\c++\10.2.1\bits\stl_algobase.h ****     _GLIBCXX_STD_C::_Deque_iterator<_OTp, _OTp&, _OTp*>
 730:c:\program files\daisytoolchain\arm-none-eabi\include\c++\10.2.1\bits\stl_algobase.h ****     __copy_move_backward_a1(
 731:c:\program files\daisytoolchain\arm-none-eabi\include\c++\10.2.1\bits\stl_algobase.h **** 			_GLIBCXX_STD_C::_Deque_iterator<_ITp, _IRef, _IPtr>,
 732:c:\program files\daisytoolchain\arm-none-eabi\include\c++\10.2.1\bits\stl_algobase.h **** 			_GLIBCXX_STD_C::_Deque_iterator<_ITp, _IRef, _IPtr>,
 733:c:\program files\daisytoolchain\arm-none-eabi\include\c++\10.2.1\bits\stl_algobase.h **** 			_GLIBCXX_STD_C::_Deque_iterator<_OTp, _OTp&, _OTp*>);
 734:c:\program files\daisytoolchain\arm-none-eabi\include\c++\10.2.1\bits\stl_algobase.h **** 
 735:c:\program files\daisytoolchain\arm-none-eabi\include\c++\10.2.1\bits\stl_algobase.h ****   template<bool _IsMove, typename _II, typename _Tp>
 736:c:\program files\daisytoolchain\arm-none-eabi\include\c++\10.2.1\bits\stl_algobase.h ****     typename __gnu_cxx::__enable_if<
 737:c:\program files\daisytoolchain\arm-none-eabi\include\c++\10.2.1\bits\stl_algobase.h ****       __is_random_access_iter<_II>::__value,
 738:c:\program files\daisytoolchain\arm-none-eabi\include\c++\10.2.1\bits\stl_algobase.h ****       _GLIBCXX_STD_C::_Deque_iterator<_Tp, _Tp&, _Tp*> >::__type
 739:c:\program files\daisytoolchain\arm-none-eabi\include\c++\10.2.1\bits\stl_algobase.h ****     __copy_move_backward_a1(_II, _II,
 740:c:\program files\daisytoolchain\arm-none-eabi\include\c++\10.2.1\bits\stl_algobase.h **** 			    _GLIBCXX_STD_C::_Deque_iterator<_Tp, _Tp&, _Tp*>);
 741:c:\program files\daisytoolchain\arm-none-eabi\include\c++\10.2.1\bits\stl_algobase.h **** 
 742:c:\program files\daisytoolchain\arm-none-eabi\include\c++\10.2.1\bits\stl_algobase.h ****   template<bool _IsMove, typename _II, typename _OI>
 743:c:\program files\daisytoolchain\arm-none-eabi\include\c++\10.2.1\bits\stl_algobase.h ****     _GLIBCXX20_CONSTEXPR
 744:c:\program files\daisytoolchain\arm-none-eabi\include\c++\10.2.1\bits\stl_algobase.h ****     inline _OI
 745:c:\program files\daisytoolchain\arm-none-eabi\include\c++\10.2.1\bits\stl_algobase.h ****     __copy_move_backward_a(_II __first, _II __last, _OI __result)
 746:c:\program files\daisytoolchain\arm-none-eabi\include\c++\10.2.1\bits\stl_algobase.h ****     {
 747:c:\program files\daisytoolchain\arm-none-eabi\include\c++\10.2.1\bits\stl_algobase.h ****       return std::__niter_wrap(__result,
 748:c:\program files\daisytoolchain\arm-none-eabi\include\c++\10.2.1\bits\stl_algobase.h **** 		std::__copy_move_backward_a1<_IsMove>
 749:c:\program files\daisytoolchain\arm-none-eabi\include\c++\10.2.1\bits\stl_algobase.h **** 		  (std::__niter_base(__first), std::__niter_base(__last),
 750:c:\program files\daisytoolchain\arm-none-eabi\include\c++\10.2.1\bits\stl_algobase.h **** 		   std::__niter_base(__result)));
 751:c:\program files\daisytoolchain\arm-none-eabi\include\c++\10.2.1\bits\stl_algobase.h ****     }
 752:c:\program files\daisytoolchain\arm-none-eabi\include\c++\10.2.1\bits\stl_algobase.h **** 
 753:c:\program files\daisytoolchain\arm-none-eabi\include\c++\10.2.1\bits\stl_algobase.h ****   template<bool _IsMove,
 754:c:\program files\daisytoolchain\arm-none-eabi\include\c++\10.2.1\bits\stl_algobase.h **** 	   typename _Ite, typename _Seq, typename _Cat, typename _OI>
 755:c:\program files\daisytoolchain\arm-none-eabi\include\c++\10.2.1\bits\stl_algobase.h ****     _OI
 756:c:\program files\daisytoolchain\arm-none-eabi\include\c++\10.2.1\bits\stl_algobase.h ****     __copy_move_backward_a(
 757:c:\program files\daisytoolchain\arm-none-eabi\include\c++\10.2.1\bits\stl_algobase.h **** 		const ::__gnu_debug::_Safe_iterator<_Ite, _Seq, _Cat>&,
 758:c:\program files\daisytoolchain\arm-none-eabi\include\c++\10.2.1\bits\stl_algobase.h **** 		const ::__gnu_debug::_Safe_iterator<_Ite, _Seq, _Cat>&,
 759:c:\program files\daisytoolchain\arm-none-eabi\include\c++\10.2.1\bits\stl_algobase.h **** 		_OI);
 760:c:\program files\daisytoolchain\arm-none-eabi\include\c++\10.2.1\bits\stl_algobase.h **** 
 761:c:\program files\daisytoolchain\arm-none-eabi\include\c++\10.2.1\bits\stl_algobase.h ****   template<bool _IsMove,
 762:c:\program files\daisytoolchain\arm-none-eabi\include\c++\10.2.1\bits\stl_algobase.h **** 	   typename _II, typename _Ite, typename _Seq, typename _Cat>
 763:c:\program files\daisytoolchain\arm-none-eabi\include\c++\10.2.1\bits\stl_algobase.h ****     __gnu_debug::_Safe_iterator<_Ite, _Seq, _Cat>
 764:c:\program files\daisytoolchain\arm-none-eabi\include\c++\10.2.1\bits\stl_algobase.h ****     __copy_move_backward_a(_II, _II,
 765:c:\program files\daisytoolchain\arm-none-eabi\include\c++\10.2.1\bits\stl_algobase.h **** 		const ::__gnu_debug::_Safe_iterator<_Ite, _Seq, _Cat>&);
 766:c:\program files\daisytoolchain\arm-none-eabi\include\c++\10.2.1\bits\stl_algobase.h **** 
 767:c:\program files\daisytoolchain\arm-none-eabi\include\c++\10.2.1\bits\stl_algobase.h ****   template<bool _IsMove,
 768:c:\program files\daisytoolchain\arm-none-eabi\include\c++\10.2.1\bits\stl_algobase.h **** 	   typename _IIte, typename _ISeq, typename _ICat,
 769:c:\program files\daisytoolchain\arm-none-eabi\include\c++\10.2.1\bits\stl_algobase.h **** 	   typename _OIte, typename _OSeq, typename _OCat>
 770:c:\program files\daisytoolchain\arm-none-eabi\include\c++\10.2.1\bits\stl_algobase.h ****     ::__gnu_debug::_Safe_iterator<_OIte, _OSeq, _OCat>
 771:c:\program files\daisytoolchain\arm-none-eabi\include\c++\10.2.1\bits\stl_algobase.h ****     __copy_move_backward_a(
 772:c:\program files\daisytoolchain\arm-none-eabi\include\c++\10.2.1\bits\stl_algobase.h **** 		const ::__gnu_debug::_Safe_iterator<_IIte, _ISeq, _ICat>&,
 773:c:\program files\daisytoolchain\arm-none-eabi\include\c++\10.2.1\bits\stl_algobase.h **** 		const ::__gnu_debug::_Safe_iterator<_IIte, _ISeq, _ICat>&,
ARM GAS  C:\Users\22bur\AppData\Local\Temp\ccVzMWQh.s 			page 62


 774:c:\program files\daisytoolchain\arm-none-eabi\include\c++\10.2.1\bits\stl_algobase.h **** 		const ::__gnu_debug::_Safe_iterator<_OIte, _OSeq, _OCat>&);
 775:c:\program files\daisytoolchain\arm-none-eabi\include\c++\10.2.1\bits\stl_algobase.h **** 
 776:c:\program files\daisytoolchain\arm-none-eabi\include\c++\10.2.1\bits\stl_algobase.h ****   /**
 777:c:\program files\daisytoolchain\arm-none-eabi\include\c++\10.2.1\bits\stl_algobase.h ****    *  @brief Copies the range [first,last) into result.
 778:c:\program files\daisytoolchain\arm-none-eabi\include\c++\10.2.1\bits\stl_algobase.h ****    *  @ingroup mutating_algorithms
 779:c:\program files\daisytoolchain\arm-none-eabi\include\c++\10.2.1\bits\stl_algobase.h ****    *  @param  __first  A bidirectional iterator.
 780:c:\program files\daisytoolchain\arm-none-eabi\include\c++\10.2.1\bits\stl_algobase.h ****    *  @param  __last   A bidirectional iterator.
 781:c:\program files\daisytoolchain\arm-none-eabi\include\c++\10.2.1\bits\stl_algobase.h ****    *  @param  __result A bidirectional iterator.
 782:c:\program files\daisytoolchain\arm-none-eabi\include\c++\10.2.1\bits\stl_algobase.h ****    *  @return   result - (last - first)
 783:c:\program files\daisytoolchain\arm-none-eabi\include\c++\10.2.1\bits\stl_algobase.h ****    *
 784:c:\program files\daisytoolchain\arm-none-eabi\include\c++\10.2.1\bits\stl_algobase.h ****    *  The function has the same effect as copy, but starts at the end of the
 785:c:\program files\daisytoolchain\arm-none-eabi\include\c++\10.2.1\bits\stl_algobase.h ****    *  range and works its way to the start, returning the start of the result.
 786:c:\program files\daisytoolchain\arm-none-eabi\include\c++\10.2.1\bits\stl_algobase.h ****    *  This inline function will boil down to a call to @c memmove whenever
 787:c:\program files\daisytoolchain\arm-none-eabi\include\c++\10.2.1\bits\stl_algobase.h ****    *  possible.  Failing that, if random access iterators are passed, then the
 788:c:\program files\daisytoolchain\arm-none-eabi\include\c++\10.2.1\bits\stl_algobase.h ****    *  loop count will be known (and therefore a candidate for compiler
 789:c:\program files\daisytoolchain\arm-none-eabi\include\c++\10.2.1\bits\stl_algobase.h ****    *  optimizations such as unrolling).
 790:c:\program files\daisytoolchain\arm-none-eabi\include\c++\10.2.1\bits\stl_algobase.h ****    *
 791:c:\program files\daisytoolchain\arm-none-eabi\include\c++\10.2.1\bits\stl_algobase.h ****    *  Result may not be in the range (first,last].  Use copy instead.  Note
 792:c:\program files\daisytoolchain\arm-none-eabi\include\c++\10.2.1\bits\stl_algobase.h ****    *  that the start of the output range may overlap [first,last).
 793:c:\program files\daisytoolchain\arm-none-eabi\include\c++\10.2.1\bits\stl_algobase.h ****   */
 794:c:\program files\daisytoolchain\arm-none-eabi\include\c++\10.2.1\bits\stl_algobase.h ****   template<typename _BI1, typename _BI2>
 795:c:\program files\daisytoolchain\arm-none-eabi\include\c++\10.2.1\bits\stl_algobase.h ****     _GLIBCXX20_CONSTEXPR
 796:c:\program files\daisytoolchain\arm-none-eabi\include\c++\10.2.1\bits\stl_algobase.h ****     inline _BI2
 797:c:\program files\daisytoolchain\arm-none-eabi\include\c++\10.2.1\bits\stl_algobase.h ****     copy_backward(_BI1 __first, _BI1 __last, _BI2 __result)
 798:c:\program files\daisytoolchain\arm-none-eabi\include\c++\10.2.1\bits\stl_algobase.h ****     {
 799:c:\program files\daisytoolchain\arm-none-eabi\include\c++\10.2.1\bits\stl_algobase.h ****       // concept requirements
 800:c:\program files\daisytoolchain\arm-none-eabi\include\c++\10.2.1\bits\stl_algobase.h ****       __glibcxx_function_requires(_BidirectionalIteratorConcept<_BI1>)
 801:c:\program files\daisytoolchain\arm-none-eabi\include\c++\10.2.1\bits\stl_algobase.h ****       __glibcxx_function_requires(_Mutable_BidirectionalIteratorConcept<_BI2>)
 802:c:\program files\daisytoolchain\arm-none-eabi\include\c++\10.2.1\bits\stl_algobase.h ****       __glibcxx_function_requires(_ConvertibleConcept<
 803:c:\program files\daisytoolchain\arm-none-eabi\include\c++\10.2.1\bits\stl_algobase.h **** 	    typename iterator_traits<_BI1>::value_type,
 804:c:\program files\daisytoolchain\arm-none-eabi\include\c++\10.2.1\bits\stl_algobase.h **** 	    typename iterator_traits<_BI2>::value_type>)
 805:c:\program files\daisytoolchain\arm-none-eabi\include\c++\10.2.1\bits\stl_algobase.h ****       __glibcxx_requires_can_decrement_range(__first, __last, __result);
 806:c:\program files\daisytoolchain\arm-none-eabi\include\c++\10.2.1\bits\stl_algobase.h **** 
 807:c:\program files\daisytoolchain\arm-none-eabi\include\c++\10.2.1\bits\stl_algobase.h ****       return std::__copy_move_backward_a<__is_move_iterator<_BI1>::__value>
 808:c:\program files\daisytoolchain\arm-none-eabi\include\c++\10.2.1\bits\stl_algobase.h **** 	     (std::__miter_base(__first), std::__miter_base(__last), __result);
 809:c:\program files\daisytoolchain\arm-none-eabi\include\c++\10.2.1\bits\stl_algobase.h ****     }
 810:c:\program files\daisytoolchain\arm-none-eabi\include\c++\10.2.1\bits\stl_algobase.h **** 
 811:c:\program files\daisytoolchain\arm-none-eabi\include\c++\10.2.1\bits\stl_algobase.h **** #if __cplusplus >= 201103L
 812:c:\program files\daisytoolchain\arm-none-eabi\include\c++\10.2.1\bits\stl_algobase.h ****   /**
 813:c:\program files\daisytoolchain\arm-none-eabi\include\c++\10.2.1\bits\stl_algobase.h ****    *  @brief Moves the range [first,last) into result.
 814:c:\program files\daisytoolchain\arm-none-eabi\include\c++\10.2.1\bits\stl_algobase.h ****    *  @ingroup mutating_algorithms
 815:c:\program files\daisytoolchain\arm-none-eabi\include\c++\10.2.1\bits\stl_algobase.h ****    *  @param  __first  A bidirectional iterator.
 816:c:\program files\daisytoolchain\arm-none-eabi\include\c++\10.2.1\bits\stl_algobase.h ****    *  @param  __last   A bidirectional iterator.
 817:c:\program files\daisytoolchain\arm-none-eabi\include\c++\10.2.1\bits\stl_algobase.h ****    *  @param  __result A bidirectional iterator.
 818:c:\program files\daisytoolchain\arm-none-eabi\include\c++\10.2.1\bits\stl_algobase.h ****    *  @return   result - (last - first)
 819:c:\program files\daisytoolchain\arm-none-eabi\include\c++\10.2.1\bits\stl_algobase.h ****    *
 820:c:\program files\daisytoolchain\arm-none-eabi\include\c++\10.2.1\bits\stl_algobase.h ****    *  The function has the same effect as move, but starts at the end of the
 821:c:\program files\daisytoolchain\arm-none-eabi\include\c++\10.2.1\bits\stl_algobase.h ****    *  range and works its way to the start, returning the start of the result.
 822:c:\program files\daisytoolchain\arm-none-eabi\include\c++\10.2.1\bits\stl_algobase.h ****    *  This inline function will boil down to a call to @c memmove whenever
 823:c:\program files\daisytoolchain\arm-none-eabi\include\c++\10.2.1\bits\stl_algobase.h ****    *  possible.  Failing that, if random access iterators are passed, then the
 824:c:\program files\daisytoolchain\arm-none-eabi\include\c++\10.2.1\bits\stl_algobase.h ****    *  loop count will be known (and therefore a candidate for compiler
 825:c:\program files\daisytoolchain\arm-none-eabi\include\c++\10.2.1\bits\stl_algobase.h ****    *  optimizations such as unrolling).
 826:c:\program files\daisytoolchain\arm-none-eabi\include\c++\10.2.1\bits\stl_algobase.h ****    *
 827:c:\program files\daisytoolchain\arm-none-eabi\include\c++\10.2.1\bits\stl_algobase.h ****    *  Result may not be in the range (first,last].  Use move instead.  Note
 828:c:\program files\daisytoolchain\arm-none-eabi\include\c++\10.2.1\bits\stl_algobase.h ****    *  that the start of the output range may overlap [first,last).
 829:c:\program files\daisytoolchain\arm-none-eabi\include\c++\10.2.1\bits\stl_algobase.h ****   */
 830:c:\program files\daisytoolchain\arm-none-eabi\include\c++\10.2.1\bits\stl_algobase.h ****   template<typename _BI1, typename _BI2>
ARM GAS  C:\Users\22bur\AppData\Local\Temp\ccVzMWQh.s 			page 63


 831:c:\program files\daisytoolchain\arm-none-eabi\include\c++\10.2.1\bits\stl_algobase.h ****     _GLIBCXX20_CONSTEXPR
 832:c:\program files\daisytoolchain\arm-none-eabi\include\c++\10.2.1\bits\stl_algobase.h ****     inline _BI2
 833:c:\program files\daisytoolchain\arm-none-eabi\include\c++\10.2.1\bits\stl_algobase.h ****     move_backward(_BI1 __first, _BI1 __last, _BI2 __result)
 834:c:\program files\daisytoolchain\arm-none-eabi\include\c++\10.2.1\bits\stl_algobase.h ****     {
 835:c:\program files\daisytoolchain\arm-none-eabi\include\c++\10.2.1\bits\stl_algobase.h ****       // concept requirements
 836:c:\program files\daisytoolchain\arm-none-eabi\include\c++\10.2.1\bits\stl_algobase.h ****       __glibcxx_function_requires(_BidirectionalIteratorConcept<_BI1>)
 837:c:\program files\daisytoolchain\arm-none-eabi\include\c++\10.2.1\bits\stl_algobase.h ****       __glibcxx_function_requires(_Mutable_BidirectionalIteratorConcept<_BI2>)
 838:c:\program files\daisytoolchain\arm-none-eabi\include\c++\10.2.1\bits\stl_algobase.h ****       __glibcxx_function_requires(_ConvertibleConcept<
 839:c:\program files\daisytoolchain\arm-none-eabi\include\c++\10.2.1\bits\stl_algobase.h **** 	    typename iterator_traits<_BI1>::value_type,
 840:c:\program files\daisytoolchain\arm-none-eabi\include\c++\10.2.1\bits\stl_algobase.h **** 	    typename iterator_traits<_BI2>::value_type>)
 841:c:\program files\daisytoolchain\arm-none-eabi\include\c++\10.2.1\bits\stl_algobase.h ****       __glibcxx_requires_can_decrement_range(__first, __last, __result);
 842:c:\program files\daisytoolchain\arm-none-eabi\include\c++\10.2.1\bits\stl_algobase.h **** 
 843:c:\program files\daisytoolchain\arm-none-eabi\include\c++\10.2.1\bits\stl_algobase.h ****       return std::__copy_move_backward_a<true>(std::__miter_base(__first),
 844:c:\program files\daisytoolchain\arm-none-eabi\include\c++\10.2.1\bits\stl_algobase.h **** 					       std::__miter_base(__last),
 845:c:\program files\daisytoolchain\arm-none-eabi\include\c++\10.2.1\bits\stl_algobase.h **** 					       __result);
 846:c:\program files\daisytoolchain\arm-none-eabi\include\c++\10.2.1\bits\stl_algobase.h ****     }
 847:c:\program files\daisytoolchain\arm-none-eabi\include\c++\10.2.1\bits\stl_algobase.h **** 
 848:c:\program files\daisytoolchain\arm-none-eabi\include\c++\10.2.1\bits\stl_algobase.h **** #define _GLIBCXX_MOVE_BACKWARD3(_Tp, _Up, _Vp) std::move_backward(_Tp, _Up, _Vp)
 849:c:\program files\daisytoolchain\arm-none-eabi\include\c++\10.2.1\bits\stl_algobase.h **** #else
 850:c:\program files\daisytoolchain\arm-none-eabi\include\c++\10.2.1\bits\stl_algobase.h **** #define _GLIBCXX_MOVE_BACKWARD3(_Tp, _Up, _Vp) std::copy_backward(_Tp, _Up, _Vp)
 851:c:\program files\daisytoolchain\arm-none-eabi\include\c++\10.2.1\bits\stl_algobase.h **** #endif
 852:c:\program files\daisytoolchain\arm-none-eabi\include\c++\10.2.1\bits\stl_algobase.h **** 
 853:c:\program files\daisytoolchain\arm-none-eabi\include\c++\10.2.1\bits\stl_algobase.h ****   template<typename _ForwardIterator, typename _Tp>
 854:c:\program files\daisytoolchain\arm-none-eabi\include\c++\10.2.1\bits\stl_algobase.h ****     _GLIBCXX20_CONSTEXPR
 855:c:\program files\daisytoolchain\arm-none-eabi\include\c++\10.2.1\bits\stl_algobase.h ****     inline typename
 856:c:\program files\daisytoolchain\arm-none-eabi\include\c++\10.2.1\bits\stl_algobase.h ****     __gnu_cxx::__enable_if<!__is_scalar<_Tp>::__value, void>::__type
 857:c:\program files\daisytoolchain\arm-none-eabi\include\c++\10.2.1\bits\stl_algobase.h ****     __fill_a1(_ForwardIterator __first, _ForwardIterator __last,
 858:c:\program files\daisytoolchain\arm-none-eabi\include\c++\10.2.1\bits\stl_algobase.h **** 	      const _Tp& __value)
 859:c:\program files\daisytoolchain\arm-none-eabi\include\c++\10.2.1\bits\stl_algobase.h ****     {
 860:c:\program files\daisytoolchain\arm-none-eabi\include\c++\10.2.1\bits\stl_algobase.h ****       for (; __first != __last; ++__first)
 861:c:\program files\daisytoolchain\arm-none-eabi\include\c++\10.2.1\bits\stl_algobase.h **** 	*__first = __value;
 862:c:\program files\daisytoolchain\arm-none-eabi\include\c++\10.2.1\bits\stl_algobase.h ****     }
 863:c:\program files\daisytoolchain\arm-none-eabi\include\c++\10.2.1\bits\stl_algobase.h **** 
 864:c:\program files\daisytoolchain\arm-none-eabi\include\c++\10.2.1\bits\stl_algobase.h ****   template<typename _ForwardIterator, typename _Tp>
 865:c:\program files\daisytoolchain\arm-none-eabi\include\c++\10.2.1\bits\stl_algobase.h ****     _GLIBCXX20_CONSTEXPR
 866:c:\program files\daisytoolchain\arm-none-eabi\include\c++\10.2.1\bits\stl_algobase.h ****     inline typename
 867:c:\program files\daisytoolchain\arm-none-eabi\include\c++\10.2.1\bits\stl_algobase.h ****     __gnu_cxx::__enable_if<__is_scalar<_Tp>::__value, void>::__type
 868:c:\program files\daisytoolchain\arm-none-eabi\include\c++\10.2.1\bits\stl_algobase.h ****     __fill_a1(_ForwardIterator __first, _ForwardIterator __last,
 869:c:\program files\daisytoolchain\arm-none-eabi\include\c++\10.2.1\bits\stl_algobase.h **** 	      const _Tp& __value)
 870:c:\program files\daisytoolchain\arm-none-eabi\include\c++\10.2.1\bits\stl_algobase.h ****     {
 871:c:\program files\daisytoolchain\arm-none-eabi\include\c++\10.2.1\bits\stl_algobase.h ****       const _Tp __tmp = __value;
 872:c:\program files\daisytoolchain\arm-none-eabi\include\c++\10.2.1\bits\stl_algobase.h ****       for (; __first != __last; ++__first)
 873:c:\program files\daisytoolchain\arm-none-eabi\include\c++\10.2.1\bits\stl_algobase.h **** 	*__first = __tmp;
 874:c:\program files\daisytoolchain\arm-none-eabi\include\c++\10.2.1\bits\stl_algobase.h ****     }
 875:c:\program files\daisytoolchain\arm-none-eabi\include\c++\10.2.1\bits\stl_algobase.h **** 
 876:c:\program files\daisytoolchain\arm-none-eabi\include\c++\10.2.1\bits\stl_algobase.h ****   // Specialization: for char types we can use memset.
 877:c:\program files\daisytoolchain\arm-none-eabi\include\c++\10.2.1\bits\stl_algobase.h ****   template<typename _Tp>
 878:c:\program files\daisytoolchain\arm-none-eabi\include\c++\10.2.1\bits\stl_algobase.h ****     _GLIBCXX20_CONSTEXPR
 879:c:\program files\daisytoolchain\arm-none-eabi\include\c++\10.2.1\bits\stl_algobase.h ****     inline typename
 880:c:\program files\daisytoolchain\arm-none-eabi\include\c++\10.2.1\bits\stl_algobase.h ****     __gnu_cxx::__enable_if<__is_byte<_Tp>::__value, void>::__type
 881:c:\program files\daisytoolchain\arm-none-eabi\include\c++\10.2.1\bits\stl_algobase.h ****     __fill_a1(_Tp* __first, _Tp* __last, const _Tp& __c)
 882:c:\program files\daisytoolchain\arm-none-eabi\include\c++\10.2.1\bits\stl_algobase.h ****     {
 883:c:\program files\daisytoolchain\arm-none-eabi\include\c++\10.2.1\bits\stl_algobase.h ****       const _Tp __tmp = __c;
 884:c:\program files\daisytoolchain\arm-none-eabi\include\c++\10.2.1\bits\stl_algobase.h **** #if __cpp_lib_is_constant_evaluated
 885:c:\program files\daisytoolchain\arm-none-eabi\include\c++\10.2.1\bits\stl_algobase.h ****       if (std::is_constant_evaluated())
 886:c:\program files\daisytoolchain\arm-none-eabi\include\c++\10.2.1\bits\stl_algobase.h **** 	{
 887:c:\program files\daisytoolchain\arm-none-eabi\include\c++\10.2.1\bits\stl_algobase.h **** 	  for (; __first != __last; ++__first)
ARM GAS  C:\Users\22bur\AppData\Local\Temp\ccVzMWQh.s 			page 64


 888:c:\program files\daisytoolchain\arm-none-eabi\include\c++\10.2.1\bits\stl_algobase.h **** 	    *__first = __tmp;
 889:c:\program files\daisytoolchain\arm-none-eabi\include\c++\10.2.1\bits\stl_algobase.h **** 	  return;
 890:c:\program files\daisytoolchain\arm-none-eabi\include\c++\10.2.1\bits\stl_algobase.h **** 	}
 891:c:\program files\daisytoolchain\arm-none-eabi\include\c++\10.2.1\bits\stl_algobase.h **** #endif
 892:c:\program files\daisytoolchain\arm-none-eabi\include\c++\10.2.1\bits\stl_algobase.h ****       if (const size_t __len = __last - __first)
 893:c:\program files\daisytoolchain\arm-none-eabi\include\c++\10.2.1\bits\stl_algobase.h **** 	__builtin_memset(__first, static_cast<unsigned char>(__tmp), __len);
 894:c:\program files\daisytoolchain\arm-none-eabi\include\c++\10.2.1\bits\stl_algobase.h ****     }
 895:c:\program files\daisytoolchain\arm-none-eabi\include\c++\10.2.1\bits\stl_algobase.h **** 
 896:c:\program files\daisytoolchain\arm-none-eabi\include\c++\10.2.1\bits\stl_algobase.h ****   template<typename _Ite, typename _Cont, typename _Tp>
 897:c:\program files\daisytoolchain\arm-none-eabi\include\c++\10.2.1\bits\stl_algobase.h ****     _GLIBCXX20_CONSTEXPR
 898:c:\program files\daisytoolchain\arm-none-eabi\include\c++\10.2.1\bits\stl_algobase.h ****     inline void
 899:c:\program files\daisytoolchain\arm-none-eabi\include\c++\10.2.1\bits\stl_algobase.h ****     __fill_a1(::__gnu_cxx::__normal_iterator<_Ite, _Cont> __first,
 900:c:\program files\daisytoolchain\arm-none-eabi\include\c++\10.2.1\bits\stl_algobase.h **** 	      ::__gnu_cxx::__normal_iterator<_Ite, _Cont> __last,
 901:c:\program files\daisytoolchain\arm-none-eabi\include\c++\10.2.1\bits\stl_algobase.h **** 	      const _Tp& __value)
 902:c:\program files\daisytoolchain\arm-none-eabi\include\c++\10.2.1\bits\stl_algobase.h ****     { std::__fill_a1(__first.base(), __last.base(), __value); }
 903:c:\program files\daisytoolchain\arm-none-eabi\include\c++\10.2.1\bits\stl_algobase.h **** 
 904:c:\program files\daisytoolchain\arm-none-eabi\include\c++\10.2.1\bits\stl_algobase.h ****   template<typename _Tp, typename _VTp>
 905:c:\program files\daisytoolchain\arm-none-eabi\include\c++\10.2.1\bits\stl_algobase.h ****     void
 906:c:\program files\daisytoolchain\arm-none-eabi\include\c++\10.2.1\bits\stl_algobase.h ****     __fill_a1(const _GLIBCXX_STD_C::_Deque_iterator<_Tp, _Tp&, _Tp*>&,
 907:c:\program files\daisytoolchain\arm-none-eabi\include\c++\10.2.1\bits\stl_algobase.h **** 	      const _GLIBCXX_STD_C::_Deque_iterator<_Tp, _Tp&, _Tp*>&,
 908:c:\program files\daisytoolchain\arm-none-eabi\include\c++\10.2.1\bits\stl_algobase.h **** 	      const _VTp&);
 909:c:\program files\daisytoolchain\arm-none-eabi\include\c++\10.2.1\bits\stl_algobase.h **** 
 910:c:\program files\daisytoolchain\arm-none-eabi\include\c++\10.2.1\bits\stl_algobase.h ****   template<typename _FIte, typename _Tp>
 911:c:\program files\daisytoolchain\arm-none-eabi\include\c++\10.2.1\bits\stl_algobase.h ****     _GLIBCXX20_CONSTEXPR
 912:c:\program files\daisytoolchain\arm-none-eabi\include\c++\10.2.1\bits\stl_algobase.h ****     inline void
 913:c:\program files\daisytoolchain\arm-none-eabi\include\c++\10.2.1\bits\stl_algobase.h ****     __fill_a(_FIte __first, _FIte __last, const _Tp& __value)
 914:c:\program files\daisytoolchain\arm-none-eabi\include\c++\10.2.1\bits\stl_algobase.h ****     { std::__fill_a1(__first, __last, __value); }
 915:c:\program files\daisytoolchain\arm-none-eabi\include\c++\10.2.1\bits\stl_algobase.h **** 
 916:c:\program files\daisytoolchain\arm-none-eabi\include\c++\10.2.1\bits\stl_algobase.h ****   template<typename _Ite, typename _Seq, typename _Cat, typename _Tp>
 917:c:\program files\daisytoolchain\arm-none-eabi\include\c++\10.2.1\bits\stl_algobase.h ****     void
 918:c:\program files\daisytoolchain\arm-none-eabi\include\c++\10.2.1\bits\stl_algobase.h ****     __fill_a(const ::__gnu_debug::_Safe_iterator<_Ite, _Seq, _Cat>&,
 919:c:\program files\daisytoolchain\arm-none-eabi\include\c++\10.2.1\bits\stl_algobase.h **** 	     const ::__gnu_debug::_Safe_iterator<_Ite, _Seq, _Cat>&,
 920:c:\program files\daisytoolchain\arm-none-eabi\include\c++\10.2.1\bits\stl_algobase.h **** 	     const _Tp&);
 921:c:\program files\daisytoolchain\arm-none-eabi\include\c++\10.2.1\bits\stl_algobase.h **** 
 922:c:\program files\daisytoolchain\arm-none-eabi\include\c++\10.2.1\bits\stl_algobase.h ****   /**
 923:c:\program files\daisytoolchain\arm-none-eabi\include\c++\10.2.1\bits\stl_algobase.h ****    *  @brief Fills the range [first,last) with copies of value.
 924:c:\program files\daisytoolchain\arm-none-eabi\include\c++\10.2.1\bits\stl_algobase.h ****    *  @ingroup mutating_algorithms
 925:c:\program files\daisytoolchain\arm-none-eabi\include\c++\10.2.1\bits\stl_algobase.h ****    *  @param  __first  A forward iterator.
 926:c:\program files\daisytoolchain\arm-none-eabi\include\c++\10.2.1\bits\stl_algobase.h ****    *  @param  __last   A forward iterator.
 927:c:\program files\daisytoolchain\arm-none-eabi\include\c++\10.2.1\bits\stl_algobase.h ****    *  @param  __value  A reference-to-const of arbitrary type.
 928:c:\program files\daisytoolchain\arm-none-eabi\include\c++\10.2.1\bits\stl_algobase.h ****    *  @return   Nothing.
 929:c:\program files\daisytoolchain\arm-none-eabi\include\c++\10.2.1\bits\stl_algobase.h ****    *
 930:c:\program files\daisytoolchain\arm-none-eabi\include\c++\10.2.1\bits\stl_algobase.h ****    *  This function fills a range with copies of the same value.  For char
 931:c:\program files\daisytoolchain\arm-none-eabi\include\c++\10.2.1\bits\stl_algobase.h ****    *  types filling contiguous areas of memory, this becomes an inline call
 932:c:\program files\daisytoolchain\arm-none-eabi\include\c++\10.2.1\bits\stl_algobase.h ****    *  to @c memset or @c wmemset.
 933:c:\program files\daisytoolchain\arm-none-eabi\include\c++\10.2.1\bits\stl_algobase.h ****   */
 934:c:\program files\daisytoolchain\arm-none-eabi\include\c++\10.2.1\bits\stl_algobase.h ****   template<typename _ForwardIterator, typename _Tp>
 935:c:\program files\daisytoolchain\arm-none-eabi\include\c++\10.2.1\bits\stl_algobase.h ****     _GLIBCXX20_CONSTEXPR
 936:c:\program files\daisytoolchain\arm-none-eabi\include\c++\10.2.1\bits\stl_algobase.h ****     inline void
 937:c:\program files\daisytoolchain\arm-none-eabi\include\c++\10.2.1\bits\stl_algobase.h ****     fill(_ForwardIterator __first, _ForwardIterator __last, const _Tp& __value)
 1222              		.loc 12 937 5 view .LVU298
 1223              	.LBB442:
 1224              	.LBI442:
 913:c:\program files\daisytoolchain\arm-none-eabi\include\c++\10.2.1\bits\stl_algobase.h ****     { std::__fill_a1(__first, __last, __value); }
 1225              		.loc 12 913 5 view .LVU299
 1226              	.LBB443:
 1227              	.LBI443:
ARM GAS  C:\Users\22bur\AppData\Local\Temp\ccVzMWQh.s 			page 65


 868:c:\program files\daisytoolchain\arm-none-eabi\include\c++\10.2.1\bits\stl_algobase.h **** 	      const _Tp& __value)
 1228              		.loc 12 868 5 view .LVU300
 1229              	.LBB444:
 872:c:\program files\daisytoolchain\arm-none-eabi\include\c++\10.2.1\bits\stl_algobase.h **** 	*__first = __tmp;
 1230              		.loc 12 872 22 view .LVU301
 1231 0160 12B1     		cbz	r2, .L70
 873:c:\program files\daisytoolchain\arm-none-eabi\include\c++\10.2.1\bits\stl_algobase.h ****     }
 1232              		.loc 12 873 11 is_stmt 0 view .LVU302
 1233 0162 3946     		mov	r1, r7
 1234 0164 FFF7FEFF 		bl	memset
 1235              	.LVL79:
 1236              	.L70:
 873:c:\program files\daisytoolchain\arm-none-eabi\include\c++\10.2.1\bits\stl_algobase.h ****     }
 1237              		.loc 12 873 11 view .LVU303
 1238              	.LBE444:
 1239              	.LBE443:
 1240              	.LBE442:
 1241              	.LBE441:
  84:../DaisyExamples/libDaisy/src/hid/midi.h ****     }
 1242              		.loc 9 84 9 is_stmt 1 view .LVU304
 1243              	.LBE446:
 1244              	.LBE449:
 1245              	.LBB450:
 1246              	.LBB451:
  20:../DaisyExamples/libDaisy/src/hid/midi_parser.h **** 
  21:../DaisyExamples/libDaisy/src/hid/midi_parser.h ****     inline void Init() { Reset(); }
 1247              		.loc 10 21 31 is_stmt 0 view .LVU305
 1248 0168 AD4D     		ldr	r5, .L115+12
 1249              	.LVL80:
 1250              		.loc 10 21 31 view .LVU306
 1251              	.LBE451:
 1252              	.LBE450:
 1253              	.LBB453:
 1254              	.LBB447:
  84:../DaisyExamples/libDaisy/src/hid/midi.h ****     }
 1255              		.loc 9 84 19 view .LVU307
 1256 016a 72A9     		add	r1, sp, #456
 1257 016c AC48     		ldr	r0, .L115+12
 1258              	.LBE447:
 1259              	.LBE453:
 1260              	.LBE457:
 1261              	.LBE460:
 112:main.cpp      ****     midi.StartReceive();
 113:main.cpp      **** 
 114:main.cpp      ****     // 3. ADC Config 
 115:main.cpp      ****     // volume on pin 15/channel 0
 116:main.cpp      ****     // wt index on pin 16/channel 1
 117:main.cpp      ****     // ADSR is on pins 17 18 19 20/ channels 2 3 4 5
 118:main.cpp      ****     AdcChannelConfig adc_config[6];
 119:main.cpp      ****     adc_config[0].InitSingle(A0); // volume
 1262              		.loc 7 119 29 view .LVU308
 1263 016e 0224     		movs	r4, #2
 1264              	.LBB461:
 1265              	.LBB458:
 1266              	.LBB454:
 1267              	.LBB448:
  84:../DaisyExamples/libDaisy/src/hid/midi.h ****     }
ARM GAS  C:\Users\22bur\AppData\Local\Temp\ccVzMWQh.s 			page 66


 1268              		.loc 9 84 19 view .LVU309
 1269 0170 FFF7FEFF 		bl	_ZN5daisy11UartHandler4InitERKNS0_6ConfigE
 1270              	.LVL81:
  84:../DaisyExamples/libDaisy/src/hid/midi.h ****     }
 1271              		.loc 9 84 19 view .LVU310
 1272              	.LBE448:
 1273              	.LBE454:
 1274              	.LBB455:
 1275              	.LBI450:
 1276              		.loc 10 21 17 is_stmt 1 view .LVU311
 1277              	.LBB452:
 1278              		.loc 10 21 26 view .LVU312
 1279              		.loc 10 21 31 is_stmt 0 view .LVU313
 1280 0174 05F11400 		add	r0, r5, #20
 1281 0178 FFF7FEFF 		bl	_ZN5daisy10MidiParser5ResetEv
 1282              	.LVL82:
 1283              		.loc 10 21 31 view .LVU314
 1284              	.LBE452:
 1285              	.LBE455:
 1286              	.LBE458:
 1287              	.LBE461:
 112:main.cpp      ****     midi.StartReceive();
 1288              		.loc 7 112 5 is_stmt 1 view .LVU315
 1289              	.LBB462:
 1290              	.LBI462:
 175:../DaisyExamples/libDaisy/src/hid/midi.h ****     {
 1291              		.loc 9 175 10 view .LVU316
 1292              	.LBB463:
 1293              	.LBB464:
 1294              	.LBI464:
  89:../DaisyExamples/libDaisy/src/hid/midi.h ****     {
 1295              		.loc 9 89 17 view .LVU317
 1296              	.LBB465:
  91:../DaisyExamples/libDaisy/src/hid/midi.h ****         parse_callback_ = parse_callback;
 1297              		.loc 9 91 9 view .LVU318
  92:../DaisyExamples/libDaisy/src/hid/midi.h ****         dsy_dma_clear_cache_for_buffer((uint8_t*)this,
 1298              		.loc 9 92 25 is_stmt 0 view .LVU319
 1299 017c A94B     		ldr	r3, .L115+16
  93:../DaisyExamples/libDaisy/src/hid/midi.h ****                                        sizeof(MidiUartTransport));
 1300              		.loc 9 93 39 view .LVU320
 1301 017e 2846     		mov	r0, r5
 1302 0180 1421     		movs	r1, #20
  92:../DaisyExamples/libDaisy/src/hid/midi.h ****         dsy_dma_clear_cache_for_buffer((uint8_t*)this,
 1303              		.loc 9 92 25 view .LVU321
 1304 0182 3362     		str	r3, [r6, #32]
 1305              	.LBE465:
 1306              	.LBE464:
 1307              	.LBE463:
 1308              	.LBE462:
 120:main.cpp      ****     adc_config[1].InitSingle(A1); // wt index
 121:main.cpp      ****     adc_config[2].InitSingle(A2); // a
 1309              		.loc 7 121 29 view .LVU322
 1310 0184 0127     		movs	r7, #1
 1311              	.LBB475:
 1312              	.LBB472:
 1313              	.LBB469:
 1314              	.LBB466:
ARM GAS  C:\Users\22bur\AppData\Local\Temp\ccVzMWQh.s 			page 67


  91:../DaisyExamples/libDaisy/src/hid/midi.h ****         parse_callback_ = parse_callback;
 1315              		.loc 9 91 25 view .LVU323
 1316 0186 F661     		str	r6, [r6, #28]
  92:../DaisyExamples/libDaisy/src/hid/midi.h ****         dsy_dma_clear_cache_for_buffer((uint8_t*)this,
 1317              		.loc 9 92 9 is_stmt 1 view .LVU324
  93:../DaisyExamples/libDaisy/src/hid/midi.h ****                                        sizeof(MidiUartTransport));
 1318              		.loc 9 93 9 view .LVU325
 1319              	.LBE466:
 1320              	.LBE469:
 1321              	.LBE472:
 1322              	.LBE475:
 122:main.cpp      ****     adc_config[3].InitSingle(A3); // d
 123:main.cpp      ****     adc_config[4].InitSingle(A4); // s
 1323              		.loc 7 123 29 is_stmt 0 view .LVU326
 1324 0188 4FF00608 		mov	r8, #6
 1325              	.LBB476:
 1326              	.LBB473:
 1327              	.LBB470:
 1328              	.LBB467:
  93:../DaisyExamples/libDaisy/src/hid/midi.h ****                                        sizeof(MidiUartTransport));
 1329              		.loc 9 93 39 view .LVU327
 1330 018c FFF7FEFF 		bl	dsy_dma_clear_cache_for_buffer
 1331              	.LVL83:
  95:../DaisyExamples/libDaisy/src/hid/midi.h ****             rx_buffer, rx_buffer_size, MidiUartTransport::rxCallback, this);
 1332              		.loc 9 95 9 is_stmt 1 view .LVU328
  95:../DaisyExamples/libDaisy/src/hid/midi.h ****             rx_buffer, rx_buffer_size, MidiUartTransport::rxCallback, this);
 1333              		.loc 9 95 29 is_stmt 0 view .LVU329
 1334 0190 A54B     		ldr	r3, .L115+20
 1335 0192 0095     		str	r5, [sp]
 1336 0194 2846     		mov	r0, r5
 1337              	.LBE467:
 1338              	.LBE470:
 1339              	.LBE473:
 1340              	.LBE476:
 119:main.cpp      ****     adc_config[1].InitSingle(A1); // wt index
 1341              		.loc 7 119 29 view .LVU330
 1342 0196 0025     		movs	r5, #0
 1343              	.LVL84:
 1344              	.LBB477:
 1345              	.LBB474:
 1346              	.LBB471:
 1347              	.LBB468:
  95:../DaisyExamples/libDaisy/src/hid/midi.h ****             rx_buffer, rx_buffer_size, MidiUartTransport::rxCallback, this);
 1348              		.loc 9 95 29 view .LVU331
 1349 0198 D6E90512 		ldrd	r1, r2, [r6, #20]
 1350 019c FFF7FEFF 		bl	_ZN5daisy11UartHandler14DmaListenStartEPhjPFvS1_jPvNS0_6ResultEES2_
 1351              	.LVL85:
  95:../DaisyExamples/libDaisy/src/hid/midi.h ****             rx_buffer, rx_buffer_size, MidiUartTransport::rxCallback, this);
 1352              		.loc 9 95 29 view .LVU332
 1353              	.LBE468:
 1354              	.LBE471:
 1355              	.LBE474:
 1356              	.LBE477:
 118:main.cpp      ****     adc_config[0].InitSingle(A0); // volume
 1357              		.loc 7 118 5 is_stmt 1 view .LVU333
 119:main.cpp      ****     adc_config[1].InitSingle(A1); // wt index
 1358              		.loc 7 119 5 view .LVU334
ARM GAS  C:\Users\22bur\AppData\Local\Temp\ccVzMWQh.s 			page 68


 119:main.cpp      ****     adc_config[1].InitSingle(A1); // wt index
 1359              		.loc 7 119 29 is_stmt 0 view .LVU335
 1360 01a0 2246     		mov	r2, r4
 1361 01a2 8DF81440 		strb	r4, [sp, #20]
 1362 01a6 13A8     		add	r0, sp, #76
 1363 01a8 8DF81550 		strb	r5, [sp, #21]
 1364 01ac 05AB     		add	r3, sp, #20
 1365 01ae 1968     		ldr	r1, [r3]
 1366 01b0 FFF7FEFF 		bl	_ZN5daisy16AdcChannelConfig10InitSingleE12dsy_gpio_pinNS0_15ConversionSpeedE
 1367              	.LVL86:
 120:main.cpp      ****     adc_config[2].InitSingle(A2); // a
 1368              		.loc 7 120 5 is_stmt 1 view .LVU336
 120:main.cpp      ****     adc_config[2].InitSingle(A2); // a
 1369              		.loc 7 120 29 is_stmt 0 view .LVU337
 1370 01b4 0322     		movs	r2, #3
 1371 01b6 8DF81850 		strb	r5, [sp, #24]
 1372 01ba 0DF15E00 		add	r0, sp, #94
 1373 01be 8DF81920 		strb	r2, [sp, #25]
 1374 01c2 2246     		mov	r2, r4
 1375 01c4 0699     		ldr	r1, [sp, #24]
 1376 01c6 06AB     		add	r3, sp, #24
 1377 01c8 FFF7FEFF 		bl	_ZN5daisy16AdcChannelConfig10InitSingleE12dsy_gpio_pinNS0_15ConversionSpeedE
 1378              	.LVL87:
 121:main.cpp      ****     adc_config[3].InitSingle(A3); // d
 1379              		.loc 7 121 5 is_stmt 1 view .LVU338
 121:main.cpp      ****     adc_config[3].InitSingle(A3); // d
 1380              		.loc 7 121 29 is_stmt 0 view .LVU339
 1381 01cc 2246     		mov	r2, r4
 1382 01ce 8DF81C70 		strb	r7, [sp, #28]
 1383 01d2 1CA8     		add	r0, sp, #112
 1384 01d4 8DF81D70 		strb	r7, [sp, #29]
 1385 01d8 07AB     		add	r3, sp, #28
 1386 01da 1968     		ldr	r1, [r3]
 1387 01dc FFF7FEFF 		bl	_ZN5daisy16AdcChannelConfig10InitSingleE12dsy_gpio_pinNS0_15ConversionSpeedE
 1388              	.LVL88:
 122:main.cpp      ****     adc_config[4].InitSingle(A4); // s
 1389              		.loc 7 122 5 is_stmt 1 view .LVU340
 122:main.cpp      ****     adc_config[4].InitSingle(A4); // s
 1390              		.loc 7 122 29 is_stmt 0 view .LVU341
 1391 01e0 0722     		movs	r2, #7
 1392 01e2 8DF82050 		strb	r5, [sp, #32]
 1393 01e6 0DF18200 		add	r0, sp, #130
 1394 01ea 8DF82120 		strb	r2, [sp, #33]
 1395 01ee 2246     		mov	r2, r4
 1396 01f0 0899     		ldr	r1, [sp, #32]
 1397 01f2 08AB     		add	r3, sp, #32
 1398 01f4 FFF7FEFF 		bl	_ZN5daisy16AdcChannelConfig10InitSingleE12dsy_gpio_pinNS0_15ConversionSpeedE
 1399              	.LVL89:
 1400              		.loc 7 123 5 is_stmt 1 view .LVU342
 1401              		.loc 7 123 29 is_stmt 0 view .LVU343
 1402 01f8 2246     		mov	r2, r4
 1403 01fa 8DF82450 		strb	r5, [sp, #36]
 1404 01fe 25A8     		add	r0, sp, #148
 1405 0200 8DF82580 		strb	r8, [sp, #37]
 1406 0204 09AB     		add	r3, sp, #36
 1407 0206 1968     		ldr	r1, [r3]
 1408 0208 FFF7FEFF 		bl	_ZN5daisy16AdcChannelConfig10InitSingleE12dsy_gpio_pinNS0_15ConversionSpeedE
ARM GAS  C:\Users\22bur\AppData\Local\Temp\ccVzMWQh.s 			page 69


 1409              	.LVL90:
 124:main.cpp      ****     adc_config[5].InitSingle(A5); // r
 1410              		.loc 7 124 5 is_stmt 1 view .LVU344
 1411              		.loc 7 124 29 is_stmt 0 view .LVU345
 1412 020c 2246     		mov	r2, r4
 1413 020e 8DF82840 		strb	r4, [sp, #40]
 1414 0212 0DF1A600 		add	r0, sp, #166
 1415 0216 8DF82970 		strb	r7, [sp, #41]
 1416 021a 0AAB     		add	r3, sp, #40
 1417 021c 1968     		ldr	r1, [r3]
 1418 021e FFF7FEFF 		bl	_ZN5daisy16AdcChannelConfig10InitSingleE12dsy_gpio_pinNS0_15ConversionSpeedE
 1419              	.LVL91:
 125:main.cpp      **** 
 126:main.cpp      ****     hw.adc.Init(adc_config, 6);
 1420              		.loc 7 126 5 is_stmt 1 view .LVU346
 1421              		.loc 7 126 16 is_stmt 0 view .LVU347
 1422 0222 0423     		movs	r3, #4
 1423 0224 4246     		mov	r2, r8
 1424 0226 13A9     		add	r1, sp, #76
 1425 0228 8048     		ldr	r0, .L115+24
 1426 022a FFF7FEFF 		bl	_ZN5daisy9AdcHandle4InitEPNS_16AdcChannelConfigEjNS0_12OverSamplingE
 1427              	.LVL92:
 127:main.cpp      ****     hw.adc.Start();
 1428              		.loc 7 127 5 is_stmt 1 view .LVU348
 1429              		.loc 7 127 17 is_stmt 0 view .LVU349
 1430 022e 7F48     		ldr	r0, .L115+24
 1431 0230 FFF7FEFF 		bl	_ZN5daisy9AdcHandle5StartEv
 1432              	.LVL93:
 128:main.cpp      **** 
 129:main.cpp      ****     // 4. ADSR config
 130:main.cpp      ****     // currently using arbitrary values for testing
 131:main.cpp      ****     for(int i = 0; i < 8; i++){
 1433              		.loc 7 131 5 is_stmt 1 view .LVU350
 1434              	.LBB478:
 1435              		.loc 7 131 22 view .LVU351
 1436 0234 7E4B     		ldr	r3, .L115+28
 1437 0236 03F5C075 		add	r5, r3, #384
 1438              	.LBE478:
 127:main.cpp      ****     hw.adc.Start();
 1439              		.loc 7 127 17 is_stmt 0 view .LVU352
 1440 023a 1C46     		mov	r4, r3
 1441              	.LVL94:
 1442              	.L69:
 1443              	.LBB485:
 132:main.cpp      ****         adsr[i].Init(sample_rate);
 1444              		.loc 7 132 9 is_stmt 1 discriminator 2 view .LVU353
 1445              		.loc 7 132 21 is_stmt 0 discriminator 2 view .LVU354
 1446 023c 0121     		movs	r1, #1
 1447 023e 2046     		mov	r0, r4
 1448 0240 B0EE680A 		vmov.f32	s0, s17
 1449 0244 FFF7FEFF 		bl	_ZN7daisysp4Adsr4InitEfi
 1450              	.LVL95:
 133:main.cpp      ****         adsr[i].SetAttackTime(0.15F, 0.75F);
 1451              		.loc 7 133 9 is_stmt 1 discriminator 2 view .LVU355
 1452              		.loc 7 133 30 is_stmt 0 discriminator 2 view .LVU356
 1453 0248 2046     		mov	r0, r4
 1454 024a F6EE080A 		vmov.f32	s1, #7.5e-1
ARM GAS  C:\Users\22bur\AppData\Local\Temp\ccVzMWQh.s 			page 70


 1455 024e 9FED790A 		vldr.32	s0, .L115+32
 1456 0252 FFF7FEFF 		bl	_ZN7daisysp4Adsr13SetAttackTimeEff
 1457              	.LVL96:
 134:main.cpp      ****         adsr[i].SetDecayTime(0.5F);
 1458              		.loc 7 134 9 is_stmt 1 discriminator 2 view .LVU357
 1459              		.loc 7 134 29 is_stmt 0 discriminator 2 view .LVU358
 1460 0256 2046     		mov	r0, r4
 1461 0258 B6EE000A 		vmov.f32	s0, #5.0e-1
 1462 025c FFF7FEFF 		bl	_ZN7daisysp4Adsr12SetDecayTimeEf
 1463              	.LVL97:
 135:main.cpp      ****         adsr[i].SetSustainLevel(0.25F);
 1464              		.loc 7 135 9 is_stmt 1 discriminator 2 view .LVU359
 1465              	.LBB479:
 1466              	.LBI479:
 1467              		.file 13 "../DaisyExamples/DaisySP/Source/Control/adsr.h"
   1:../DaisyExamples/DaisySP/Source/Control/adsr.h **** /*
   2:../DaisyExamples/DaisySP/Source/Control/adsr.h **** Copyright (c) 2020 Electrosmith, Corp, Paul Batchelor
   3:../DaisyExamples/DaisySP/Source/Control/adsr.h **** 
   4:../DaisyExamples/DaisySP/Source/Control/adsr.h **** Use of this source code is governed by an MIT-style
   5:../DaisyExamples/DaisySP/Source/Control/adsr.h **** license that can be found in the LICENSE file or at
   6:../DaisyExamples/DaisySP/Source/Control/adsr.h **** https://opensource.org/licenses/MIT.
   7:../DaisyExamples/DaisySP/Source/Control/adsr.h **** */
   8:../DaisyExamples/DaisySP/Source/Control/adsr.h **** 
   9:../DaisyExamples/DaisySP/Source/Control/adsr.h **** #pragma once
  10:../DaisyExamples/DaisySP/Source/Control/adsr.h **** #ifndef DSY_ADSR_H
  11:../DaisyExamples/DaisySP/Source/Control/adsr.h **** #define DSY_ADSR_H
  12:../DaisyExamples/DaisySP/Source/Control/adsr.h **** 
  13:../DaisyExamples/DaisySP/Source/Control/adsr.h **** #include <stdint.h>
  14:../DaisyExamples/DaisySP/Source/Control/adsr.h **** #ifdef __cplusplus
  15:../DaisyExamples/DaisySP/Source/Control/adsr.h **** 
  16:../DaisyExamples/DaisySP/Source/Control/adsr.h **** namespace daisysp
  17:../DaisyExamples/DaisySP/Source/Control/adsr.h **** {
  18:../DaisyExamples/DaisySP/Source/Control/adsr.h **** /** Distinct stages that the phase of the envelope can be located in.
  19:../DaisyExamples/DaisySP/Source/Control/adsr.h **** - IDLE   = located at phase location 0, and not currently running
  20:../DaisyExamples/DaisySP/Source/Control/adsr.h **** - ATTACK  = First segment of envelope where phase moves from 0 to 1
  21:../DaisyExamples/DaisySP/Source/Control/adsr.h **** - DECAY   = Second segment of envelope where phase moves from 1 to SUSTAIN value
  22:../DaisyExamples/DaisySP/Source/Control/adsr.h **** - RELEASE =     Fourth segment of envelop where phase moves from SUSTAIN to 0
  23:../DaisyExamples/DaisySP/Source/Control/adsr.h **** */
  24:../DaisyExamples/DaisySP/Source/Control/adsr.h **** enum
  25:../DaisyExamples/DaisySP/Source/Control/adsr.h **** {
  26:../DaisyExamples/DaisySP/Source/Control/adsr.h ****     ADSR_SEG_IDLE    = 0,
  27:../DaisyExamples/DaisySP/Source/Control/adsr.h ****     ADSR_SEG_ATTACK  = 1,
  28:../DaisyExamples/DaisySP/Source/Control/adsr.h ****     ADSR_SEG_DECAY   = 2,
  29:../DaisyExamples/DaisySP/Source/Control/adsr.h ****     ADSR_SEG_RELEASE = 4
  30:../DaisyExamples/DaisySP/Source/Control/adsr.h **** };
  31:../DaisyExamples/DaisySP/Source/Control/adsr.h **** 
  32:../DaisyExamples/DaisySP/Source/Control/adsr.h **** 
  33:../DaisyExamples/DaisySP/Source/Control/adsr.h **** /** adsr envelope module
  34:../DaisyExamples/DaisySP/Source/Control/adsr.h **** 
  35:../DaisyExamples/DaisySP/Source/Control/adsr.h **** Original author(s) : Paul Batchelor
  36:../DaisyExamples/DaisySP/Source/Control/adsr.h **** 
  37:../DaisyExamples/DaisySP/Source/Control/adsr.h **** Ported from Soundpipe by Ben Sergentanis, May 2020
  38:../DaisyExamples/DaisySP/Source/Control/adsr.h ****  
  39:../DaisyExamples/DaisySP/Source/Control/adsr.h **** Remake by Steffan DIedrichsen, May 2021
  40:../DaisyExamples/DaisySP/Source/Control/adsr.h **** */
  41:../DaisyExamples/DaisySP/Source/Control/adsr.h **** class Adsr
  42:../DaisyExamples/DaisySP/Source/Control/adsr.h **** {
ARM GAS  C:\Users\22bur\AppData\Local\Temp\ccVzMWQh.s 			page 71


  43:../DaisyExamples/DaisySP/Source/Control/adsr.h ****   public:
  44:../DaisyExamples/DaisySP/Source/Control/adsr.h ****     Adsr() {}
  45:../DaisyExamples/DaisySP/Source/Control/adsr.h ****     ~Adsr() {}
  46:../DaisyExamples/DaisySP/Source/Control/adsr.h ****     /** Initializes the Adsr module.
  47:../DaisyExamples/DaisySP/Source/Control/adsr.h ****         \param sample_rate - The sample rate of the audio engine being run. 
  48:../DaisyExamples/DaisySP/Source/Control/adsr.h ****     */
  49:../DaisyExamples/DaisySP/Source/Control/adsr.h ****     void Init(float sample_rate, int blockSize = 1);
  50:../DaisyExamples/DaisySP/Source/Control/adsr.h ****     /**
  51:../DaisyExamples/DaisySP/Source/Control/adsr.h ****      \function Retrigger forces the envelope back to attack phase
  52:../DaisyExamples/DaisySP/Source/Control/adsr.h ****      \param hard  resets the history to zero, results in a click.
  53:../DaisyExamples/DaisySP/Source/Control/adsr.h ****      */
  54:../DaisyExamples/DaisySP/Source/Control/adsr.h ****     void Retrigger(bool hard);
  55:../DaisyExamples/DaisySP/Source/Control/adsr.h ****     /** Processes one sample through the filter and returns one sample.
  56:../DaisyExamples/DaisySP/Source/Control/adsr.h ****         \param gate - trigger the envelope, hold it to sustain 
  57:../DaisyExamples/DaisySP/Source/Control/adsr.h ****     */
  58:../DaisyExamples/DaisySP/Source/Control/adsr.h ****     float Process(bool gate);
  59:../DaisyExamples/DaisySP/Source/Control/adsr.h ****     /** Sets time
  60:../DaisyExamples/DaisySP/Source/Control/adsr.h ****         Set time per segment in seconds
  61:../DaisyExamples/DaisySP/Source/Control/adsr.h ****     */
  62:../DaisyExamples/DaisySP/Source/Control/adsr.h ****     void SetTime(int seg, float time);
  63:../DaisyExamples/DaisySP/Source/Control/adsr.h ****     void SetAttackTime(float timeInS, float shape = 0.0f);
  64:../DaisyExamples/DaisySP/Source/Control/adsr.h ****     void SetDecayTime(float timeInS);
  65:../DaisyExamples/DaisySP/Source/Control/adsr.h ****     void SetReleaseTime(float timeInS);
  66:../DaisyExamples/DaisySP/Source/Control/adsr.h **** 
  67:../DaisyExamples/DaisySP/Source/Control/adsr.h ****   private:
  68:../DaisyExamples/DaisySP/Source/Control/adsr.h ****     void SetTimeConstant(float timeInS, float& time, float& coeff);
  69:../DaisyExamples/DaisySP/Source/Control/adsr.h **** 
  70:../DaisyExamples/DaisySP/Source/Control/adsr.h ****   public:
  71:../DaisyExamples/DaisySP/Source/Control/adsr.h ****     /** Sustain level
  72:../DaisyExamples/DaisySP/Source/Control/adsr.h ****         \param sus_level - sets sustain level, 0...1.0
  73:../DaisyExamples/DaisySP/Source/Control/adsr.h ****     */
  74:../DaisyExamples/DaisySP/Source/Control/adsr.h ****     inline void SetSustainLevel(float sus_level)
 1468              		.loc 13 74 17 discriminator 2 view .LVU360
 1469              	.LBB480:
  75:../DaisyExamples/DaisySP/Source/Control/adsr.h ****     {
  76:../DaisyExamples/DaisySP/Source/Control/adsr.h ****         sus_level = (sus_level <= 0.f) ? -0.01f // forces envelope into idle
 1470              		.loc 13 76 9 discriminator 2 view .LVU361
  77:../DaisyExamples/DaisySP/Source/Control/adsr.h ****                                        : (sus_level > 1.f) ? 1.f : sus_level;
  78:../DaisyExamples/DaisySP/Source/Control/adsr.h ****         sus_level_ = sus_level;
 1471              		.loc 13 78 9 discriminator 2 view .LVU362
 1472              	.LBE480:
 1473              	.LBE479:
 136:main.cpp      ****         adsr[i].SetReleaseTime(0.15F);
 1474              		.loc 7 136 31 is_stmt 0 discriminator 2 view .LVU363
 1475 0260 2046     		mov	r0, r4
 1476              	.LBB483:
 1477              	.LBB481:
 1478              		.loc 13 78 20 discriminator 2 view .LVU364
 1479 0262 4FF07A53 		mov	r3, #1048576000
 1480              	.LBE481:
 1481              	.LBE483:
 131:main.cpp      ****         adsr[i].Init(sample_rate);
 1482              		.loc 7 131 22 discriminator 2 view .LVU365
 1483 0266 3034     		adds	r4, r4, #48
 1484              		.loc 7 136 31 discriminator 2 view .LVU366
 1485 0268 9FED720A 		vldr.32	s0, .L115+32
 1486              	.LBB484:
ARM GAS  C:\Users\22bur\AppData\Local\Temp\ccVzMWQh.s 			page 72


 1487              	.LBB482:
 1488              		.loc 13 78 20 discriminator 2 view .LVU367
 1489 026c 44F8303C 		str	r3, [r4, #-48]	@ float
 1490              	.LVL98:
 1491              		.loc 13 78 20 discriminator 2 view .LVU368
 1492              	.LBE482:
 1493              	.LBE484:
 1494              		.loc 7 136 9 is_stmt 1 discriminator 2 view .LVU369
 1495              		.loc 7 136 31 is_stmt 0 discriminator 2 view .LVU370
 1496 0270 FFF7FEFF 		bl	_ZN7daisysp4Adsr14SetReleaseTimeEf
 1497              	.LVL99:
 131:main.cpp      ****         adsr[i].Init(sample_rate);
 1498              		.loc 7 131 5 is_stmt 1 discriminator 2 view .LVU371
 131:main.cpp      ****         adsr[i].Init(sample_rate);
 1499              		.loc 7 131 22 discriminator 2 view .LVU372
 1500 0274 A542     		cmp	r5, r4
 1501 0276 E1D1     		bne	.L69
 1502              	.LBE485:
 137:main.cpp      ****     }
 138:main.cpp      **** 
 139:main.cpp      ****     hw.StartAudio(AudioCallback);
 1503              		.loc 7 139 5 view .LVU373
 1504              		.loc 7 139 18 is_stmt 0 view .LVU374
 1505 0278 6F49     		ldr	r1, .L115+36
 1506 027a 7048     		ldr	r0, .L115+40
 1507 027c FFF7FEFF 		bl	_ZN5daisy9DaisySeed10StartAudioEPFvPKPKfPPfjE
 1508              	.LVL100:
 140:main.cpp      **** 
 141:main.cpp      ****     int idx = wt.AddNote(69);               // testing
 1509              		.loc 7 141 5 is_stmt 1 view .LVU375
 1510              		.loc 7 141 25 is_stmt 0 view .LVU376
 1511 0280 4521     		movs	r1, #69
 1512 0282 6448     		ldr	r0, .L115
 1513 0284 FFF7FEFF 		bl	_ZN9Wavetable7AddNoteEh
 1514              	.LVL101:
 142:main.cpp      ****     notes_on[idx] = 1;                      // tells the ADSR that this oscillator is on
 1515              		.loc 7 142 5 is_stmt 1 view .LVU377
 1516              		.loc 7 142 19 is_stmt 0 view .LVU378
 1517 0288 DFF8D881 		ldr	r8, .L115+80
 1518 028c 0123     		movs	r3, #1
 143:main.cpp      ****     adsr[idx].Retrigger(0);                 // retriggers the ADSR in case of overflow
 1519              		.loc 7 143 24 view .LVU379
 1520 028e 0021     		movs	r1, #0
 1521 0290 6B4D     		ldr	r5, .L115+44
 142:main.cpp      ****     notes_on[idx] = 1;                      // tells the ADSR that this oscillator is on
 1522              		.loc 7 142 19 view .LVU380
 1523 0292 08F80030 		strb	r3, [r8, r0]
 1524              		.loc 7 143 5 is_stmt 1 view .LVU381
 1525              		.loc 7 143 24 is_stmt 0 view .LVU382
 1526 0296 00EB4000 		add	r0, r0, r0, lsl #1
 1527              	.LVL102:
 1528              		.loc 7 143 24 view .LVU383
 1529 029a 654B     		ldr	r3, .L115+28
 1530 029c DFF8C8A1 		ldr	r10, .L115+84
 1531 02a0 03EB0010 		add	r0, r3, r0, lsl #4
 1532 02a4 FFF7FEFF 		bl	_ZN7daisysp4Adsr9RetriggerEb
 1533              	.LVL103:
ARM GAS  C:\Users\22bur\AppData\Local\Temp\ccVzMWQh.s 			page 73


 1534              	.L87:
 144:main.cpp      **** 
 145:main.cpp      ****     // Main Loop
 146:main.cpp      ****     while(1) {
 1535              		.loc 7 146 5 is_stmt 1 view .LVU384
 1536              	.LBB486:
 147:main.cpp      ****         System::Delay(1);
 1537              		.loc 7 147 9 view .LVU385
 1538              		.loc 7 147 22 is_stmt 0 view .LVU386
 1539 02a8 0120     		movs	r0, #1
 1540 02aa FFF7FEFF 		bl	_ZN5daisy6System5DelayEm
 1541              	.LVL104:
 148:main.cpp      ****         now = System::GetNow();
 1542              		.loc 7 148 9 is_stmt 1 view .LVU387
 1543              		.loc 7 148 29 is_stmt 0 view .LVU388
 1544 02ae FFF7FEFF 		bl	_ZN5daisy6System6GetNowEv
 1545              	.LVL105:
 1546              		.loc 7 148 13 view .LVU389
 1547 02b2 644B     		ldr	r3, .L115+48
 1548 02b4 1860     		str	r0, [r3]
 149:main.cpp      ****         // Look for new MIDI events
 150:main.cpp      ****         midi.Listen();
 1549              		.loc 7 150 9 is_stmt 1 view .LVU390
 1550              	.LVL106:
 1551              	.LBB487:
 1552              	.LBI487:
 181:../DaisyExamples/libDaisy/src/hid/midi.h ****     {
 1553              		.loc 9 181 10 view .LVU391
 1554              	.LBB488:
 1555              	.LBB489:
 1556              	.LBI489:
 100:../DaisyExamples/libDaisy/src/hid/midi.h **** 
 1557              		.loc 9 100 17 view .LVU392
 1558              	.LBB490:
 100:../DaisyExamples/libDaisy/src/hid/midi.h **** 
 1559              		.loc 9 100 30 view .LVU393
 100:../DaisyExamples/libDaisy/src/hid/midi.h **** 
 1560              		.loc 9 100 54 is_stmt 0 view .LVU394
 1561 02b6 5A48     		ldr	r0, .L115+12
 1562              	.LVL107:
 100:../DaisyExamples/libDaisy/src/hid/midi.h **** 
 1563              		.loc 9 100 54 view .LVU395
 1564 02b8 FFF7FEFF 		bl	_ZNK5daisy11UartHandler11IsListeningEv
 1565              	.LVL108:
 100:../DaisyExamples/libDaisy/src/hid/midi.h **** 
 1566              		.loc 9 100 54 view .LVU396
 1567              	.LBE490:
 1568              	.LBE489:
 186:../DaisyExamples/libDaisy/src/hid/midi.h ****         {
 1569              		.loc 9 186 9 view .LVU397
 1570 02bc 0028     		cmp	r0, #0
 1571 02be 00F02D81 		beq	.L106
 1572              	.LVL109:
 1573              	.L86:
 186:../DaisyExamples/libDaisy/src/hid/midi.h ****         {
 1574              		.loc 9 186 9 view .LVU398
 1575              	.LBE488:
ARM GAS  C:\Users\22bur\AppData\Local\Temp\ccVzMWQh.s 			page 74


 1576              	.LBE487:
 151:main.cpp      ****         /** Loop through any MIDI Events */
 152:main.cpp      ****         while(midi.HasEvents()){
 1577              		.loc 7 152 9 is_stmt 1 view .LVU399
 1578              		.loc 7 152 29 view .LVU400
 1579              	.LBB498:
 1580              	.LBI498:
 197:../DaisyExamples/libDaisy/src/hid/midi.h **** 
 1581              		.loc 9 197 10 view .LVU401
 1582              	.LBB499:
 1583              	.LBI499:
 171:../DaisyExamples/libDaisy/src/util/FIFO.h ****     {
 1584              		.loc 8 171 12 view .LVU402
 1585              	.LBB500:
 173:../DaisyExamples/libDaisy/src/util/FIFO.h ****         if(numElements < 0)
 1586              		.loc 8 173 43 is_stmt 0 view .LVU403
 1587 02c2 D6E93234 		ldrd	r3, r4, [r6, #200]
 1588              	.LVL110:
 174:../DaisyExamples/libDaisy/src/util/FIFO.h ****             numElements += bufferSize_;
 1589              		.loc 8 174 9 view .LVU404
 1590 02c6 1F1B     		subs	r7, r3, r4
 1591              	.LVL111:
 174:../DaisyExamples/libDaisy/src/util/FIFO.h ****             numElements += bufferSize_;
 1592              		.loc 8 174 9 view .LVU405
 1593 02c8 5AD4     		bmi	.L107
 1594              	.L72:
 1595              	.LVL112:
 174:../DaisyExamples/libDaisy/src/util/FIFO.h ****             numElements += bufferSize_;
 1596              		.loc 8 174 9 view .LVU406
 1597              	.LBE500:
 1598              	.LBE499:
 1599              	.LBE498:
 1600              		.loc 7 152 29 view .LVU407
 1601 02ca 002F     		cmp	r7, #0
 1602 02cc 5DD0     		beq	.L73
 1603              	.L110:
 1604              	.LBB503:
 153:main.cpp      ****             MidiEvent msg = midi.PopEvent();
 1605              		.loc 7 153 13 is_stmt 1 view .LVU408
 1606              	.LVL113:
 1607              	.LBB504:
 1608              	.LBI504:
 203:../DaisyExamples/libDaisy/src/hid/midi.h **** 
 1609              		.loc 9 203 15 view .LVU409
 1610              	.LBB505:
 1611              	.LBI505:
 101:../DaisyExamples/libDaisy/src/util/FIFO.h ****     {
 1612              		.loc 8 101 7 view .LVU410
 1613              	.LBB506:
 103:../DaisyExamples/libDaisy/src/util/FIFO.h ****             return T();
 1614              		.loc 8 103 9 is_stmt 0 view .LVU411
 1615 02ce A342     		cmp	r3, r4
 1616 02d0 00F00081 		beq	.L108
 1617              	.LBB507:
 107:../DaisyExamples/libDaisy/src/util/FIFO.h ****             bufferOut_++;
 1618              		.loc 8 107 40 view .LVU412
 1619 02d4 04EBC403 		add	r3, r4, r4, lsl #3
ARM GAS  C:\Users\22bur\AppData\Local\Temp\ccVzMWQh.s 			page 75


 1620 02d8 D6F8C0B0 		ldr	fp, [r6, #192]
 107:../DaisyExamples/libDaisy/src/util/FIFO.h ****             bufferOut_++;
 1621              		.loc 8 107 24 view .LVU413
 1622 02dc 9022     		movs	r2, #144
 1623 02de 72A8     		add	r0, sp, #456
 107:../DaisyExamples/libDaisy/src/util/FIFO.h ****             bufferOut_++;
 1624              		.loc 8 107 40 view .LVU414
 1625 02e0 0BEB0319 		add	r9, fp, r3, lsl #4
 108:../DaisyExamples/libDaisy/src/util/FIFO.h ****             if(bufferOut_ >= bufferSize_)
 1626              		.loc 8 108 13 view .LVU415
 1627 02e4 0134     		adds	r4, r4, #1
 107:../DaisyExamples/libDaisy/src/util/FIFO.h ****             bufferOut_++;
 1628              		.loc 8 107 40 view .LVU416
 1629 02e6 1F01     		lsls	r7, r3, #4
 107:../DaisyExamples/libDaisy/src/util/FIFO.h ****             bufferOut_++;
 1630              		.loc 8 107 24 view .LVU417
 1631 02e8 4946     		mov	r1, r9
 1632 02ea FFF7FEFF 		bl	memcpy
 1633              	.LVL114:
 109:../DaisyExamples/libDaisy/src/util/FIFO.h ****                 bufferOut_ -= bufferSize_;
 1634              		.loc 8 109 30 view .LVU418
 1635 02ee D6F8C430 		ldr	r3, [r6, #196]
 107:../DaisyExamples/libDaisy/src/util/FIFO.h ****             bufferOut_++;
 1636              		.loc 8 107 24 view .LVU419
 1637 02f2 1BF80770 		ldrb	r7, [fp, r7]	@ zero_extendqisi2
 1638              	.LVL115:
 109:../DaisyExamples/libDaisy/src/util/FIFO.h ****                 bufferOut_ -= bufferSize_;
 1639              		.loc 8 109 13 view .LVU420
 1640 02f6 9C42     		cmp	r4, r3
 107:../DaisyExamples/libDaisy/src/util/FIFO.h ****             bufferOut_++;
 1641              		.loc 8 107 24 view .LVU421
 1642 02f8 99F80890 		ldrb	r9, [r9, #8]	@ zero_extendqisi2
 1643              	.LVL116:
 108:../DaisyExamples/libDaisy/src/util/FIFO.h ****             if(bufferOut_ >= bufferSize_)
 1644              		.loc 8 108 13 view .LVU422
 1645 02fc C6F8CC40 		str	r4, [r6, #204]
 109:../DaisyExamples/libDaisy/src/util/FIFO.h ****                 bufferOut_ -= bufferSize_;
 1646              		.loc 8 109 13 view .LVU423
 1647 0300 02D3     		bcc	.L76
 110:../DaisyExamples/libDaisy/src/util/FIFO.h ****             return result;
 1648              		.loc 8 110 28 view .LVU424
 1649 0302 E41A     		subs	r4, r4, r3
 1650 0304 C6F8CC40 		str	r4, [r6, #204]
 1651              	.L76:
 111:../DaisyExamples/libDaisy/src/util/FIFO.h ****         }
 1652              		.loc 8 111 20 view .LVU425
 1653 0308 96AB     		add	r3, sp, #600
 1654 030a 9022     		movs	r2, #144
 1655 030c 72A9     		add	r1, sp, #456
 1656 030e A3F59070 		sub	r0, r3, #288
 1657 0312 FFF7FEFF 		bl	memcpy
 1658              	.LVL117:
 111:../DaisyExamples/libDaisy/src/util/FIFO.h ****         }
 1659              		.loc 8 111 20 view .LVU426
 1660              	.LBE507:
 1661              	.LBE506:
 1662              	.LBE505:
ARM GAS  C:\Users\22bur\AppData\Local\Temp\ccVzMWQh.s 			page 76


 1663              	.LBE504:
 154:main.cpp      ****             // Handle messages as they come in 
 155:main.cpp      ****             switch(msg.type){
 1664              		.loc 7 155 13 is_stmt 1 view .LVU427
 1665              	.LBB514:
 1666 0316 002F     		cmp	r7, #0
 1667 0318 00F07681 		beq	.L77
 1668 031c 012F     		cmp	r7, #1
 1669 031e 0ED1     		bne	.L78
 1670              	.LBE514:
 1671              	.LBE503:
 1672              	.LBE486:
 156:main.cpp      ****                 case NoteOn:
 1673              		.loc 7 156 17 view .LVU428
 157:main.cpp      ****                 {
 1674              		.loc 7 157 17 view .LVU429
 1675              	.LBB562:
 1676              	.LBB534:
 1677              	.LBB523:
 1678              	.LBB515:
 158:main.cpp      ****                     // Debugging, disable later
 159:main.cpp      ****                     char outstr[128];
 1679              		.loc 7 159 21 view .LVU430
 160:main.cpp      ****                     sprintf(outstr, "Add note:%d\n", msg.data[0]);
 1680              		.loc 7 160 21 view .LVU431
 1681              		.loc 7 160 28 is_stmt 0 view .LVU432
 1682 0320 4A46     		mov	r2, r9
 1683 0322 4949     		ldr	r1, .L115+52
 1684 0324 72A8     		add	r0, sp, #456
 1685 0326 FFF7FEFF 		bl	sprintf
 1686              	.LVL118:
 161:main.cpp      ****                     hw.PrintLine(outstr);
 1687              		.loc 7 161 21 is_stmt 1 view .LVU433
 1688              	.LBB516:
 1689              	.LBI516:
 126:../DaisyExamples/libDaisy/src/daisy_seed.h ****     {
 1690              		.loc 1 126 17 view .LVU434
 1691              	.LBB517:
 128:../DaisyExamples/libDaisy/src/daisy_seed.h ****     }
 1692              		.loc 1 128 23 is_stmt 0 view .LVU435
 1693 032a 72A8     		add	r0, sp, #456
 1694              	.LVL119:
 128:../DaisyExamples/libDaisy/src/daisy_seed.h ****     }
 1695              		.loc 1 128 23 view .LVU436
 1696 032c FFF7FEFF 		bl	_ZN5daisy6LoggerILNS_17LoggerDestinationE1EE9PrintLineEPKcz
 1697              	.LVL120:
 128:../DaisyExamples/libDaisy/src/daisy_seed.h ****     }
 1698              		.loc 1 128 23 view .LVU437
 1699              	.LBE517:
 1700              	.LBE516:
 162:main.cpp      **** 
 163:main.cpp      ****                     int osc_ = wt.AddNote(msg.data[0]);     // Adds note to oscillators
 1701              		.loc 7 163 21 is_stmt 1 view .LVU438
 1702              		.loc 7 163 42 is_stmt 0 view .LVU439
 1703 0330 4946     		mov	r1, r9
 1704 0332 3848     		ldr	r0, .L115
 1705 0334 FFF7FEFF 		bl	_ZN9Wavetable7AddNoteEh
ARM GAS  C:\Users\22bur\AppData\Local\Temp\ccVzMWQh.s 			page 77


 1706              	.LVL121:
 164:main.cpp      ****                     if(osc_ < 9){
 1707              		.loc 7 164 21 is_stmt 1 view .LVU440
 1708 0338 0828     		cmp	r0, #8
 1709 033a 40F3E480 		ble	.L109
 1710              	.LVL122:
 1711              	.L78:
 1712              		.loc 7 164 21 is_stmt 0 view .LVU441
 1713              	.LBE515:
 1714              	.LBE523:
 165:main.cpp      ****                         notes_on[osc_] = 1;                 // tells the ADSR that this oscillator 
 166:main.cpp      ****                         adsr[osc_].Retrigger(0);            // retriggers the ADSR in case of overf
 167:main.cpp      ****                     }
 168:main.cpp      ****                     break;
 169:main.cpp      ****                 }
 170:main.cpp      ****                 case NoteOff:
 171:main.cpp      ****                 {
 172:main.cpp      ****                     // Debugging, disable later
 173:main.cpp      ****                     char outstr[128];
 174:main.cpp      ****                     sprintf(outstr, "Remove note:%d\n", msg.data[0]);
 175:main.cpp      ****                     hw.PrintLine(outstr);
 176:main.cpp      **** 
 177:main.cpp      ****                     int osc_ = wt.RemoveNote(msg.data[0]);  // removes the note from oscillators
 178:main.cpp      ****                     if(osc_<9){ notes_on[osc_] = 0; }       // tells the ADSR that this oscillator 
 179:main.cpp      ****                     break;
 180:main.cpp      ****                 }  
 181:main.cpp      ****                 default: break;
 182:main.cpp      ****             }
 183:main.cpp      ****             /* Regardless of message, add the message data to output queue */
 184:main.cpp      ****             event_log.PushBack(msg);
 1715              		.loc 7 184 13 is_stmt 1 discriminator 4 view .LVU442
 1716              	.LBB524:
 1717              	.LBI524:
  49:../DaisyExamples/libDaisy/src/util/FIFO.h ****     {
 1718              		.loc 8 49 10 discriminator 4 view .LVU443
 1719              	.LBB525:
 1720              	.LBB526:
 1721              	.LBI526:
 168:../DaisyExamples/libDaisy/src/util/FIFO.h **** 
 1722              		.loc 8 168 10 discriminator 4 view .LVU444
 1723              	.LBB527:
 1724              	.LBB528:
 1725              	.LBI528:
 171:../DaisyExamples/libDaisy/src/util/FIFO.h ****     {
 1726              		.loc 8 171 12 discriminator 4 view .LVU445
 1727              	.LBB529:
 175:../DaisyExamples/libDaisy/src/util/FIFO.h ****         return size_t(numElements);
 1728              		.loc 8 175 28 is_stmt 0 discriminator 4 view .LVU446
 1729 033e 6968     		ldr	r1, [r5, #4]
 173:../DaisyExamples/libDaisy/src/util/FIFO.h ****         if(numElements < 0)
 1730              		.loc 8 173 41 discriminator 4 view .LVU447
 1731 0340 D5E90223 		ldrd	r2, r3, [r5, #8]
 1732              	.LVL123:
 174:../DaisyExamples/libDaisy/src/util/FIFO.h ****             numElements += bufferSize_;
 1733              		.loc 8 174 9 discriminator 4 view .LVU448
 1734 0344 D31A     		subs	r3, r2, r3
 1735              	.LVL124:
ARM GAS  C:\Users\22bur\AppData\Local\Temp\ccVzMWQh.s 			page 78


 175:../DaisyExamples/libDaisy/src/util/FIFO.h ****         return size_t(numElements);
 1736              		.loc 8 175 25 discriminator 4 view .LVU449
 1737 0346 48BF     		it	mi
 1738 0348 5B18     		addmi	r3, r3, r1
 1739              	.LVL125:
 175:../DaisyExamples/libDaisy/src/util/FIFO.h ****         return size_t(numElements);
 1740              		.loc 8 175 25 discriminator 4 view .LVU450
 1741              	.LBE529:
 1742              	.LBE528:
 168:../DaisyExamples/libDaisy/src/util/FIFO.h **** 
 1743              		.loc 8 168 66 discriminator 4 view .LVU451
 1744 034a 0139     		subs	r1, r1, #1
 1745              	.LBE527:
 1746              	.LBE526:
  51:../DaisyExamples/libDaisy/src/util/FIFO.h ****         {
 1747              		.loc 8 51 9 discriminator 4 view .LVU452
 1748 034c 9942     		cmp	r1, r3
 1749 034e B8D0     		beq	.L86
  53:../DaisyExamples/libDaisy/src/util/FIFO.h ****             if(bufferIn_ >= bufferSize_)
 1750              		.loc 8 53 13 view .LVU453
 1751 0350 2B68     		ldr	r3, [r5]
 1752 0352 02EBC200 		add	r0, r2, r2, lsl #3
 1753 0356 0132     		adds	r2, r2, #1
 1754 0358 4EA9     		add	r1, sp, #312
 1755              	.LVL126:
  53:../DaisyExamples/libDaisy/src/util/FIFO.h ****             if(bufferIn_ >= bufferSize_)
 1756              		.loc 8 53 13 view .LVU454
 1757 035a 03EB0010 		add	r0, r3, r0, lsl #4
 1758 035e 0F70     		strb	r7, [r1]
 1759 0360 AA60     		str	r2, [r5, #8]
 1760 0362 9022     		movs	r2, #144
 1761 0364 81F80890 		strb	r9, [r1, #8]
 1762 0368 FFF7FEFF 		bl	memcpy
 1763              	.LVL127:
  54:../DaisyExamples/libDaisy/src/util/FIFO.h ****                 bufferIn_ -= bufferSize_;
 1764              		.loc 8 54 29 view .LVU455
 1765 036c D5E90123 		ldrd	r2, r3, [r5, #4]
  54:../DaisyExamples/libDaisy/src/util/FIFO.h ****                 bufferIn_ -= bufferSize_;
 1766              		.loc 8 54 13 view .LVU456
 1767 0370 9342     		cmp	r3, r2
 1768 0372 A6D3     		bcc	.L86
  55:../DaisyExamples/libDaisy/src/util/FIFO.h ****             return true;
 1769              		.loc 8 55 27 view .LVU457
 1770 0374 9B1A     		subs	r3, r3, r2
 1771 0376 AB60     		str	r3, [r5, #8]
 1772              	.LVL128:
  55:../DaisyExamples/libDaisy/src/util/FIFO.h ****             return true;
 1773              		.loc 8 55 27 view .LVU458
 1774              	.LBE525:
 1775              	.LBE524:
 1776              	.LBE534:
 152:main.cpp      ****             MidiEvent msg = midi.PopEvent();
 1777              		.loc 7 152 9 is_stmt 1 view .LVU459
 152:main.cpp      ****             MidiEvent msg = midi.PopEvent();
 1778              		.loc 7 152 29 view .LVU460
 1779              	.LBB535:
 197:../DaisyExamples/libDaisy/src/hid/midi.h **** 
ARM GAS  C:\Users\22bur\AppData\Local\Temp\ccVzMWQh.s 			page 79


 1780              		.loc 9 197 10 view .LVU461
 1781              	.LBB502:
 171:../DaisyExamples/libDaisy/src/util/FIFO.h ****     {
 1782              		.loc 8 171 12 view .LVU462
 1783              	.LBB501:
 173:../DaisyExamples/libDaisy/src/util/FIFO.h ****         if(numElements < 0)
 1784              		.loc 8 173 43 is_stmt 0 view .LVU463
 1785 0378 D6E93234 		ldrd	r3, r4, [r6, #200]
 1786              	.LVL129:
 174:../DaisyExamples/libDaisy/src/util/FIFO.h ****             numElements += bufferSize_;
 1787              		.loc 8 174 9 view .LVU464
 1788 037c 1F1B     		subs	r7, r3, r4
 1789              	.LVL130:
 174:../DaisyExamples/libDaisy/src/util/FIFO.h ****             numElements += bufferSize_;
 1790              		.loc 8 174 9 view .LVU465
 1791 037e A4D5     		bpl	.L72
 1792              	.L107:
 175:../DaisyExamples/libDaisy/src/util/FIFO.h ****         return size_t(numElements);
 1793              		.loc 8 175 25 view .LVU466
 1794 0380 D6F8C420 		ldr	r2, [r6, #196]
 1795 0384 1744     		add	r7, r7, r2
 1796              	.LVL131:
 175:../DaisyExamples/libDaisy/src/util/FIFO.h ****         return size_t(numElements);
 1797              		.loc 8 175 25 view .LVU467
 1798              	.LBE501:
 1799              	.LBE502:
 1800              	.LBE535:
 152:main.cpp      ****             MidiEvent msg = midi.PopEvent();
 1801              		.loc 7 152 29 view .LVU468
 1802 0386 002F     		cmp	r7, #0
 1803 0388 A1D1     		bne	.L110
 1804              	.L73:
 185:main.cpp      ****         }
 186:main.cpp      ****         
 187:main.cpp      ****         /* 200Hz or 5ms code block */
 188:main.cpp      ****         if(now - log_time > 5){
 1805              		.loc 7 188 9 is_stmt 1 view .LVU469
 1806              	.LBB536:
 1807              		.loc 7 188 16 is_stmt 0 view .LVU470
 1808 038a 2E4B     		ldr	r3, .L115+48
 1809 038c 1A68     		ldr	r2, [r3]
 1810 038e DAF80030 		ldr	r3, [r10]
 1811 0392 D31A     		subs	r3, r2, r3
 1812              		.loc 7 188 9 view .LVU471
 1813 0394 052B     		cmp	r3, #5
 1814 0396 87D9     		bls	.L87
 1815              	.LBB537:
 189:main.cpp      ****             log_time = now;
 1816              		.loc 7 189 13 is_stmt 1 view .LVU472
 190:main.cpp      ****             
 191:main.cpp      ****             /* Read potentiometers and scale to correct values if needed*/
 192:main.cpp      ****             volume = hw.adc.GetFloat(VOLUME);
 1817              		.loc 7 192 37 is_stmt 0 view .LVU473
 1818 0398 3946     		mov	r1, r7
 1819 039a 2448     		ldr	r0, .L115+24
 189:main.cpp      ****             log_time = now;
 1820              		.loc 7 189 22 view .LVU474
ARM GAS  C:\Users\22bur\AppData\Local\Temp\ccVzMWQh.s 			page 80


 1821 039c CAF80020 		str	r2, [r10]
 1822              		.loc 7 192 13 is_stmt 1 view .LVU475
 1823              		.loc 7 192 37 is_stmt 0 view .LVU476
 1824 03a0 FFF7FEFF 		bl	_ZNK5daisy9AdcHandle8GetFloatEh
 1825              	.LVL132:
 1826              		.loc 7 192 20 view .LVU477
 1827 03a4 294B     		ldr	r3, .L115+56
 193:main.cpp      ****             wt_index = hw.adc.GetFloat(WT_INDEX) * 8;
 1828              		.loc 7 193 39 view .LVU478
 1829 03a6 0121     		movs	r1, #1
 1830 03a8 2048     		ldr	r0, .L115+24
 192:main.cpp      ****             wt_index = hw.adc.GetFloat(WT_INDEX) * 8;
 1831              		.loc 7 192 20 view .LVU479
 1832 03aa 83ED000A 		vstr.32	s0, [r3]
 1833              		.loc 7 193 13 is_stmt 1 view .LVU480
 1834              		.loc 7 193 39 is_stmt 0 view .LVU481
 1835 03ae FFF7FEFF 		bl	_ZNK5daisy9AdcHandle8GetFloatEh
 1836              	.LVL133:
 1837              		.loc 7 193 50 view .LVU482
 1838 03b2 F2EE007A 		vmov.f32	s15, #8.0e+0
 1839              		.loc 7 193 22 view .LVU483
 1840 03b6 264B     		ldr	r3, .L115+60
 194:main.cpp      ****             attack = hw.adc.GetFloat(ATTACK) * MAX_A;
 1841              		.loc 7 194 37 view .LVU484
 1842 03b8 0221     		movs	r1, #2
 1843 03ba 1C48     		ldr	r0, .L115+24
 195:main.cpp      ****             decay = hw.adc.GetFloat(DECAY) * MAX_D;
 196:main.cpp      ****             sustain = hw.adc.GetFloat(SUSTAIN);
 197:main.cpp      ****             release = hw.adc.GetFloat(RELEASE) * MAX_R;
 1844              		.loc 7 197 21 view .LVU485
 1845 03bc 1C4C     		ldr	r4, .L115+28
 193:main.cpp      ****             attack = hw.adc.GetFloat(ATTACK) * MAX_A;
 1846              		.loc 7 193 50 view .LVU486
 1847 03be 20EE270A 		vmul.f32	s0, s0, s15
 193:main.cpp      ****             attack = hw.adc.GetFloat(ATTACK) * MAX_A;
 1848              		.loc 7 193 22 view .LVU487
 1849 03c2 83ED000A 		vstr.32	s0, [r3]
 194:main.cpp      ****             attack = hw.adc.GetFloat(ATTACK) * MAX_A;
 1850              		.loc 7 194 13 is_stmt 1 view .LVU488
 194:main.cpp      ****             attack = hw.adc.GetFloat(ATTACK) * MAX_A;
 1851              		.loc 7 194 37 is_stmt 0 view .LVU489
 1852 03c6 FFF7FEFF 		bl	_ZNK5daisy9AdcHandle8GetFloatEh
 1853              	.LVL134:
 194:main.cpp      ****             attack = hw.adc.GetFloat(ATTACK) * MAX_A;
 1854              		.loc 7 194 46 view .LVU490
 1855 03ca F1EE0C7A 		vmov.f32	s15, #7.0e+0
 194:main.cpp      ****             attack = hw.adc.GetFloat(ATTACK) * MAX_A;
 1856              		.loc 7 194 20 view .LVU491
 1857 03ce 214B     		ldr	r3, .L115+64
 195:main.cpp      ****             decay = hw.adc.GetFloat(DECAY) * MAX_D;
 1858              		.loc 7 195 36 view .LVU492
 1859 03d0 0321     		movs	r1, #3
 1860 03d2 1648     		ldr	r0, .L115+24
 194:main.cpp      ****             attack = hw.adc.GetFloat(ATTACK) * MAX_A;
 1861              		.loc 7 194 46 view .LVU493
 1862 03d4 20EE270A 		vmul.f32	s0, s0, s15
 194:main.cpp      ****             attack = hw.adc.GetFloat(ATTACK) * MAX_A;
ARM GAS  C:\Users\22bur\AppData\Local\Temp\ccVzMWQh.s 			page 81


 1863              		.loc 7 194 20 view .LVU494
 1864 03d8 83ED000A 		vstr.32	s0, [r3]
 195:main.cpp      ****             decay = hw.adc.GetFloat(DECAY) * MAX_D;
 1865              		.loc 7 195 13 is_stmt 1 view .LVU495
 195:main.cpp      ****             decay = hw.adc.GetFloat(DECAY) * MAX_D;
 1866              		.loc 7 195 36 is_stmt 0 view .LVU496
 1867 03dc FFF7FEFF 		bl	_ZNK5daisy9AdcHandle8GetFloatEh
 1868              	.LVL135:
 195:main.cpp      ****             decay = hw.adc.GetFloat(DECAY) * MAX_D;
 1869              		.loc 7 195 44 view .LVU497
 1870 03e0 F0EE047A 		vmov.f32	s15, #2.5e+0
 195:main.cpp      ****             decay = hw.adc.GetFloat(DECAY) * MAX_D;
 1871              		.loc 7 195 19 view .LVU498
 1872 03e4 1C4B     		ldr	r3, .L115+68
 196:main.cpp      ****             release = hw.adc.GetFloat(RELEASE) * MAX_R;
 1873              		.loc 7 196 38 view .LVU499
 1874 03e6 0421     		movs	r1, #4
 1875 03e8 1048     		ldr	r0, .L115+24
 195:main.cpp      ****             decay = hw.adc.GetFloat(DECAY) * MAX_D;
 1876              		.loc 7 195 44 view .LVU500
 1877 03ea 20EE270A 		vmul.f32	s0, s0, s15
 195:main.cpp      ****             decay = hw.adc.GetFloat(DECAY) * MAX_D;
 1878              		.loc 7 195 19 view .LVU501
 1879 03ee 83ED000A 		vstr.32	s0, [r3]
 196:main.cpp      ****             release = hw.adc.GetFloat(RELEASE) * MAX_R;
 1880              		.loc 7 196 13 is_stmt 1 view .LVU502
 196:main.cpp      ****             release = hw.adc.GetFloat(RELEASE) * MAX_R;
 1881              		.loc 7 196 38 is_stmt 0 view .LVU503
 1882 03f2 FFF7FEFF 		bl	_ZNK5daisy9AdcHandle8GetFloatEh
 1883              	.LVL136:
 196:main.cpp      ****             release = hw.adc.GetFloat(RELEASE) * MAX_R;
 1884              		.loc 7 196 21 view .LVU504
 1885 03f6 194B     		ldr	r3, .L115+72
 1886              		.loc 7 197 38 view .LVU505
 1887 03f8 0521     		movs	r1, #5
 1888 03fa 0C48     		ldr	r0, .L115+24
 196:main.cpp      ****             release = hw.adc.GetFloat(RELEASE) * MAX_R;
 1889              		.loc 7 196 21 view .LVU506
 1890 03fc 83ED000A 		vstr.32	s0, [r3]
 1891              		.loc 7 197 13 is_stmt 1 view .LVU507
 1892              		.loc 7 197 38 is_stmt 0 view .LVU508
 1893 0400 FFF7FEFF 		bl	_ZNK5daisy9AdcHandle8GetFloatEh
 1894              	.LVL137:
 1895              		.loc 7 197 48 view .LVU509
 1896 0404 F7EE0C7A 		vmov.f32	s15, #1.75e+0
 1897              		.loc 7 197 21 view .LVU510
 1898 0408 154B     		ldr	r3, .L115+76
 1899              		.loc 7 197 48 view .LVU511
 1900 040a 20EE270A 		vmul.f32	s0, s0, s15
 1901              		.loc 7 197 21 view .LVU512
 1902 040e 83ED000A 		vstr.32	s0, [r3]
 198:main.cpp      **** 
 199:main.cpp      ****             // update each oscillator's wt index and envelope
 200:main.cpp      ****             for(int i = 0; i < 8; i++){
 1903              		.loc 7 200 13 is_stmt 1 view .LVU513
 1904              	.LVL138:
 1905              	.LBB538:
ARM GAS  C:\Users\22bur\AppData\Local\Temp\ccVzMWQh.s 			page 82


 1906              		.loc 7 200 30 view .LVU514
 1907 0412 3DE0     		b	.L89
 1908              	.L116:
 1909              		.align	2
 1910              	.L115:
 1911 0414 00000000 		.word	wt
 1912 0418 00000000 		.word	0
 1913 041c 00000000 		.word	midi
 1914 0420 10000000 		.word	midi+16
 1915 0424 00000000 		.word	_ZN5daisy11MidiHandlerINS_17MidiUartTransportEE13ParseCallbackEPhjPv
 1916 0428 00000000 		.word	_ZN5daisy17MidiUartTransport10rxCallbackEPhjPvNS_11UartHandler6ResultE
 1917 042c 18000000 		.word	.LANCHOR5+24
 1918 0430 00000000 		.word	.LANCHOR3
 1919 0434 9A99193E 		.word	1041865114
 1920 0438 00000000 		.word	_Z13AudioCallbackPKPKfPPfj
 1921 043c 00000000 		.word	.LANCHOR5
 1922 0440 00000000 		.word	event_log
 1923 0444 00000000 		.word	.LANCHOR6
 1924 0448 00000000 		.word	.LC13
 1925 044c 00000000 		.word	.LANCHOR4
 1926 0450 00000000 		.word	.LANCHOR8
 1927 0454 00000000 		.word	.LANCHOR9
 1928 0458 00000000 		.word	.LANCHOR10
 1929 045c 00000000 		.word	.LANCHOR11
 1930 0460 00000000 		.word	.LANCHOR12
 1931 0464 00000000 		.word	.LANCHOR2
 1932 0468 00000000 		.word	.LANCHOR7
 1933              	.LVL139:
 1934              	.L112:
 1935              	.LBB539:
 1936              	.LBB540:
  77:../DaisyExamples/DaisySP/Source/Control/adsr.h ****         sus_level_ = sus_level;
 1937              		.loc 13 77 60 is_stmt 0 view .LVU515
 1938 046c F4EE477A 		vcmp.f32	s15, s14
 1939 0470 F1EE10FA 		vmrs	APSR_nzcv, FPSCR
 1940 0474 77FE277A 		vselgt.f32	s15, s14, s15
 1941              	.LVL140:
 1942              	.L88:
 1943              		.loc 13 78 9 is_stmt 1 view .LVU516
 1944              	.LBE540:
 1945              	.LBE539:
 201:main.cpp      ****                 wt.SetIndex(i,wt_index);
 202:main.cpp      ****                 adsr[i].SetAttackTime(attack, 0.75F);
 203:main.cpp      ****                 adsr[i].SetDecayTime(decay);
 204:main.cpp      ****                 adsr[i].SetSustainLevel(sustain);
 205:main.cpp      ****                 adsr[i].SetReleaseTime(release);
 1946              		.loc 7 205 39 is_stmt 0 view .LVU517
 1947 0478 644B     		ldr	r3, .L117
 200:main.cpp      ****                 wt.SetIndex(i,wt_index);
 1948              		.loc 7 200 13 view .LVU518
 1949 047a 0137     		adds	r7, r7, #1
 1950              	.LVL141:
 1951              		.loc 7 205 39 view .LVU519
 1952 047c 2046     		mov	r0, r4
 1953              	.LBB544:
 1954              	.LBB541:
 1955              		.loc 13 78 20 view .LVU520
ARM GAS  C:\Users\22bur\AppData\Local\Temp\ccVzMWQh.s 			page 83


 1956 047e C4ED007A 		vstr.32	s15, [r4]
 1957              	.LVL142:
 1958              		.loc 13 78 20 view .LVU521
 1959              	.LBE541:
 1960              	.LBE544:
 1961              		.loc 7 205 17 is_stmt 1 view .LVU522
 1962              		.loc 7 205 39 is_stmt 0 view .LVU523
 1963 0482 93ED000A 		vldr.32	s0, [r3]
 200:main.cpp      ****                 wt.SetIndex(i,wt_index);
 1964              		.loc 7 200 30 view .LVU524
 1965 0486 3034     		adds	r4, r4, #48
 1966              		.loc 7 205 39 view .LVU525
 1967 0488 FFF7FEFF 		bl	_ZN7daisysp4Adsr14SetReleaseTimeEf
 1968              	.LVL143:
 200:main.cpp      ****                 wt.SetIndex(i,wt_index);
 1969              		.loc 7 200 13 is_stmt 1 view .LVU526
 200:main.cpp      ****                 wt.SetIndex(i,wt_index);
 1970              		.loc 7 200 30 view .LVU527
 1971 048c 082F     		cmp	r7, #8
 1972 048e 58D0     		beq	.L111
 1973              	.LVL144:
 1974              	.L89:
 201:main.cpp      ****                 wt.SetIndex(i,wt_index);
 1975              		.loc 7 201 17 discriminator 2 view .LVU528
 201:main.cpp      ****                 wt.SetIndex(i,wt_index);
 1976              		.loc 7 201 28 is_stmt 0 discriminator 2 view .LVU529
 1977 0490 5F4B     		ldr	r3, .L117+4
 1978 0492 3946     		mov	r1, r7
 1979 0494 5F48     		ldr	r0, .L117+8
 1980 0496 93ED000A 		vldr.32	s0, [r3]
 1981 049a FFF7FEFF 		bl	_ZN9Wavetable8SetIndexEif
 1982              	.LVL145:
 202:main.cpp      ****                 adsr[i].SetDecayTime(decay);
 1983              		.loc 7 202 17 is_stmt 1 discriminator 2 view .LVU530
 202:main.cpp      ****                 adsr[i].SetDecayTime(decay);
 1984              		.loc 7 202 38 is_stmt 0 discriminator 2 view .LVU531
 1985 049e 5E4B     		ldr	r3, .L117+12
 1986 04a0 F6EE080A 		vmov.f32	s1, #7.5e-1
 1987 04a4 2046     		mov	r0, r4
 1988 04a6 93ED000A 		vldr.32	s0, [r3]
 1989 04aa FFF7FEFF 		bl	_ZN7daisysp4Adsr13SetAttackTimeEff
 1990              	.LVL146:
 203:main.cpp      ****                 adsr[i].SetSustainLevel(sustain);
 1991              		.loc 7 203 17 is_stmt 1 discriminator 2 view .LVU532
 203:main.cpp      ****                 adsr[i].SetSustainLevel(sustain);
 1992              		.loc 7 203 37 is_stmt 0 discriminator 2 view .LVU533
 1993 04ae 5B4B     		ldr	r3, .L117+16
 1994 04b0 2046     		mov	r0, r4
 1995 04b2 93ED000A 		vldr.32	s0, [r3]
 1996 04b6 FFF7FEFF 		bl	_ZN7daisysp4Adsr12SetDecayTimeEf
 1997              	.LVL147:
 204:main.cpp      ****                 adsr[i].SetReleaseTime(release);
 1998              		.loc 7 204 17 is_stmt 1 discriminator 2 view .LVU534
 204:main.cpp      ****                 adsr[i].SetReleaseTime(release);
 1999              		.loc 7 204 40 is_stmt 0 discriminator 2 view .LVU535
 2000 04ba 594B     		ldr	r3, .L117+20
 2001              	.LBB545:
ARM GAS  C:\Users\22bur\AppData\Local\Temp\ccVzMWQh.s 			page 84


 2002              	.LBB542:
  77:../DaisyExamples/DaisySP/Source/Control/adsr.h ****         sus_level_ = sus_level;
 2003              		.loc 13 77 60 discriminator 2 view .LVU536
 2004 04bc B7EE007A 		vmov.f32	s14, #1.0e+0
 2005              	.LBE542:
 2006              	.LBE545:
 204:main.cpp      ****                 adsr[i].SetReleaseTime(release);
 2007              		.loc 7 204 40 discriminator 2 view .LVU537
 2008 04c0 D3ED007A 		vldr.32	s15, [r3]
 2009              	.LVL148:
 2010              	.LBB546:
 2011              	.LBI539:
  74:../DaisyExamples/DaisySP/Source/Control/adsr.h ****     {
 2012              		.loc 13 74 17 is_stmt 1 discriminator 2 view .LVU538
 2013              	.LBB543:
  76:../DaisyExamples/DaisySP/Source/Control/adsr.h ****                                        : (sus_level > 1.f) ? 1.f : sus_level;
 2014              		.loc 13 76 9 discriminator 2 view .LVU539
  76:../DaisyExamples/DaisySP/Source/Control/adsr.h ****                                        : (sus_level > 1.f) ? 1.f : sus_level;
 2015              		.loc 13 76 40 is_stmt 0 discriminator 2 view .LVU540
 2016 04c4 F5EEC07A 		vcmpe.f32	s15, #0
 2017 04c8 F1EE10FA 		vmrs	APSR_nzcv, FPSCR
 2018 04cc CED8     		bhi	.L112
  76:../DaisyExamples/DaisySP/Source/Control/adsr.h ****                                        : (sus_level > 1.f) ? 1.f : sus_level;
 2019              		.loc 13 76 40 view .LVU541
 2020 04ce DFED557A 		vldr.32	s15, .L117+24
 2021              	.LVL149:
  76:../DaisyExamples/DaisySP/Source/Control/adsr.h ****                                        : (sus_level > 1.f) ? 1.f : sus_level;
 2022              		.loc 13 76 40 view .LVU542
 2023 04d2 D1E7     		b	.L88
 2024              	.LVL150:
 2025              	.L108:
  76:../DaisyExamples/DaisySP/Source/Control/adsr.h ****                                        : (sus_level > 1.f) ? 1.f : sus_level;
 2026              		.loc 13 76 40 view .LVU543
 2027              	.LBE543:
 2028              	.LBE546:
 2029              	.LBE538:
 2030              	.LBE537:
 2031              	.LBE536:
 2032              	.LBB557:
 2033              	.LBB530:
 2034              	.LBB512:
 2035              	.LBB508:
 2036              	.LBI508:
 101:../DaisyExamples/libDaisy/src/util/FIFO.h ****     {
 2037              		.loc 8 101 7 is_stmt 1 view .LVU544
 2038              	.LBB509:
 104:../DaisyExamples/libDaisy/src/util/FIFO.h ****         else
 2039              		.loc 8 104 22 is_stmt 0 view .LVU545
 2040 04d4 9022     		movs	r2, #144
 2041 04d6 0021     		movs	r1, #0
 2042 04d8 4EA8     		add	r0, sp, #312
 2043 04da FFF7FEFF 		bl	memset
 2044              	.LVL151:
 104:../DaisyExamples/libDaisy/src/util/FIFO.h ****         else
 2045              		.loc 8 104 22 view .LVU546
 2046              	.LBE509:
 2047              	.LBE508:
ARM GAS  C:\Users\22bur\AppData\Local\Temp\ccVzMWQh.s 			page 85


 2048              	.LBE512:
 2049              	.LBE530:
 155:main.cpp      ****                 case NoteOn:
 2050              		.loc 7 155 13 is_stmt 1 view .LVU547
 2051              	.LBB531:
 2052              	.LBB513:
 2053              	.LBB511:
 2054              	.LBB510:
 104:../DaisyExamples/libDaisy/src/util/FIFO.h ****         else
 2055              		.loc 8 104 22 is_stmt 0 view .LVU548
 2056 04de 0022     		movs	r2, #0
 2057 04e0 9146     		mov	r9, r2
 2058              	.LVL152:
 2059              	.L75:
 104:../DaisyExamples/libDaisy/src/util/FIFO.h ****         else
 2060              		.loc 8 104 22 view .LVU549
 2061              	.LBE510:
 2062              	.LBE511:
 2063              	.LBE513:
 2064              	.LBE531:
 2065              	.LBE557:
 2066              	.LBE562:
 170:main.cpp      ****                 {
 2067              		.loc 7 170 17 is_stmt 1 view .LVU550
 171:main.cpp      ****                     // Debugging, disable later
 2068              		.loc 7 171 17 view .LVU551
 2069              	.LBB563:
 2070              	.LBB558:
 2071              	.LBB532:
 2072              	.LBB518:
 173:main.cpp      ****                     sprintf(outstr, "Remove note:%d\n", msg.data[0]);
 2073              		.loc 7 173 21 view .LVU552
 174:main.cpp      ****                     hw.PrintLine(outstr);
 2074              		.loc 7 174 21 view .LVU553
 174:main.cpp      ****                     hw.PrintLine(outstr);
 2075              		.loc 7 174 28 is_stmt 0 view .LVU554
 2076 04e2 5149     		ldr	r1, .L117+28
 2077 04e4 72A8     		add	r0, sp, #456
 2078 04e6 FFF7FEFF 		bl	sprintf
 2079              	.LVL153:
 175:main.cpp      **** 
 2080              		.loc 7 175 21 is_stmt 1 view .LVU555
 2081              	.LBB519:
 2082              	.LBI519:
 126:../DaisyExamples/libDaisy/src/daisy_seed.h ****     {
 2083              		.loc 1 126 17 view .LVU556
 2084              	.LBB520:
 128:../DaisyExamples/libDaisy/src/daisy_seed.h ****     }
 2085              		.loc 1 128 23 is_stmt 0 view .LVU557
 2086 04ea 72A8     		add	r0, sp, #456
 2087              	.LVL154:
 128:../DaisyExamples/libDaisy/src/daisy_seed.h ****     }
 2088              		.loc 1 128 23 view .LVU558
 2089 04ec FFF7FEFF 		bl	_ZN5daisy6LoggerILNS_17LoggerDestinationE1EE9PrintLineEPKcz
 2090              	.LVL155:
 128:../DaisyExamples/libDaisy/src/daisy_seed.h ****     }
 2091              		.loc 1 128 23 view .LVU559
ARM GAS  C:\Users\22bur\AppData\Local\Temp\ccVzMWQh.s 			page 86


 2092              	.LBE520:
 2093              	.LBE519:
 177:main.cpp      ****                     if(osc_<9){ notes_on[osc_] = 0; }       // tells the ADSR that this oscillator 
 2094              		.loc 7 177 21 is_stmt 1 view .LVU560
 177:main.cpp      ****                     if(osc_<9){ notes_on[osc_] = 0; }       // tells the ADSR that this oscillator 
 2095              		.loc 7 177 45 is_stmt 0 view .LVU561
 2096 04f0 4946     		mov	r1, r9
 2097 04f2 4848     		ldr	r0, .L117+8
 2098 04f4 FFF7FEFF 		bl	_ZN9Wavetable10RemoveNoteEh
 2099              	.LVL156:
 178:main.cpp      ****                     break;
 2100              		.loc 7 178 21 is_stmt 1 view .LVU562
 2101 04f8 0828     		cmp	r0, #8
 2102 04fa 02DC     		bgt	.L80
 178:main.cpp      ****                     break;
 2103              		.loc 7 178 33 discriminator 1 view .LVU563
 178:main.cpp      ****                     break;
 2104              		.loc 7 178 48 is_stmt 0 discriminator 1 view .LVU564
 2105 04fc 0023     		movs	r3, #0
 2106 04fe 08F80030 		strb	r3, [r8, r0]
 2107              	.L80:
 179:main.cpp      ****                 }  
 2108              		.loc 7 179 21 is_stmt 1 discriminator 3 view .LVU565
 2109 0502 0027     		movs	r7, #0
 2110 0504 1BE7     		b	.L78
 2111              	.LVL157:
 2112              	.L109:
 179:main.cpp      ****                 }  
 2113              		.loc 7 179 21 is_stmt 0 discriminator 3 view .LVU566
 2114              	.LBE518:
 2115              	.LBB521:
 165:main.cpp      ****                         adsr[osc_].Retrigger(0);            // retriggers the ADSR in case of overf
 2116              		.loc 7 165 25 is_stmt 1 view .LVU567
 166:main.cpp      ****                     }
 2117              		.loc 7 166 45 is_stmt 0 view .LVU568
 2118 0506 494B     		ldr	r3, .L117+32
 2119 0508 0021     		movs	r1, #0
 165:main.cpp      ****                         adsr[osc_].Retrigger(0);            // retriggers the ADSR in case of overf
 2120              		.loc 7 165 40 view .LVU569
 2121 050a 08F80070 		strb	r7, [r8, r0]
 166:main.cpp      ****                     }
 2122              		.loc 7 166 25 is_stmt 1 view .LVU570
 166:main.cpp      ****                     }
 2123              		.loc 7 166 45 is_stmt 0 view .LVU571
 2124 050e 00EB4000 		add	r0, r0, r0, lsl #1
 2125              	.LVL158:
 166:main.cpp      ****                     }
 2126              		.loc 7 166 45 view .LVU572
 2127 0512 03EB0010 		add	r0, r3, r0, lsl #4
 2128 0516 FFF7FEFF 		bl	_ZN7daisysp4Adsr9RetriggerEb
 2129              	.LVL159:
 168:main.cpp      ****                 }
 2130              		.loc 7 168 21 is_stmt 1 view .LVU573
 2131 051a 10E7     		b	.L78
 2132              	.LVL160:
 2133              	.L106:
 168:main.cpp      ****                 }
ARM GAS  C:\Users\22bur\AppData\Local\Temp\ccVzMWQh.s 			page 87


 2134              		.loc 7 168 21 is_stmt 0 view .LVU574
 2135              	.LBE521:
 2136              	.LBE532:
 2137              	.LBE558:
 2138              	.LBB559:
 2139              	.LBB497:
 2140              	.LBB491:
 2141              	.LBI491:
 181:../DaisyExamples/libDaisy/src/hid/midi.h ****     {
 2142              		.loc 9 181 10 is_stmt 1 view .LVU575
 2143              	.LBB492:
 188:../DaisyExamples/libDaisy/src/hid/midi.h ****             transport_.FlushRx();
 2144              		.loc 9 188 26 is_stmt 0 view .LVU576
 2145 051c 4448     		ldr	r0, .L117+36
 2146 051e FFF7FEFF 		bl	_ZN5daisy10MidiParser5ResetEv
 2147              	.LVL161:
 2148              	.LBB493:
 2149              	.LBI493:
 175:../DaisyExamples/libDaisy/src/hid/midi.h ****     {
 2150              		.loc 9 175 10 is_stmt 1 view .LVU577
 2151              	.LBB494:
 2152              	.LBB495:
 2153              	.LBI495:
  89:../DaisyExamples/libDaisy/src/hid/midi.h ****     {
 2154              		.loc 9 89 17 view .LVU578
 2155              	.LBB496:
  91:../DaisyExamples/libDaisy/src/hid/midi.h ****         parse_callback_ = parse_callback;
 2156              		.loc 9 91 9 view .LVU579
  92:../DaisyExamples/libDaisy/src/hid/midi.h ****         dsy_dma_clear_cache_for_buffer((uint8_t*)this,
 2157              		.loc 9 92 25 is_stmt 0 view .LVU580
 2158 0522 444B     		ldr	r3, .L117+40
  93:../DaisyExamples/libDaisy/src/hid/midi.h ****                                        sizeof(MidiUartTransport));
 2159              		.loc 9 93 39 view .LVU581
 2160 0524 1421     		movs	r1, #20
 2161 0526 4448     		ldr	r0, .L117+44
 2162              	.LVL162:
  92:../DaisyExamples/libDaisy/src/hid/midi.h ****         dsy_dma_clear_cache_for_buffer((uint8_t*)this,
 2163              		.loc 9 92 25 view .LVU582
 2164 0528 3362     		str	r3, [r6, #32]
  91:../DaisyExamples/libDaisy/src/hid/midi.h ****         parse_callback_ = parse_callback;
 2165              		.loc 9 91 25 view .LVU583
 2166 052a F661     		str	r6, [r6, #28]
  92:../DaisyExamples/libDaisy/src/hid/midi.h ****         dsy_dma_clear_cache_for_buffer((uint8_t*)this,
 2167              		.loc 9 92 9 is_stmt 1 view .LVU584
  93:../DaisyExamples/libDaisy/src/hid/midi.h ****                                        sizeof(MidiUartTransport));
 2168              		.loc 9 93 9 view .LVU585
  93:../DaisyExamples/libDaisy/src/hid/midi.h ****                                        sizeof(MidiUartTransport));
 2169              		.loc 9 93 39 is_stmt 0 view .LVU586
 2170 052c FFF7FEFF 		bl	dsy_dma_clear_cache_for_buffer
 2171              	.LVL163:
  95:../DaisyExamples/libDaisy/src/hid/midi.h ****             rx_buffer, rx_buffer_size, MidiUartTransport::rxCallback, this);
 2172              		.loc 9 95 9 is_stmt 1 view .LVU587
  95:../DaisyExamples/libDaisy/src/hid/midi.h ****             rx_buffer, rx_buffer_size, MidiUartTransport::rxCallback, this);
 2173              		.loc 9 95 29 is_stmt 0 view .LVU588
 2174 0530 414B     		ldr	r3, .L117+44
 2175              	.LVL164:
  95:../DaisyExamples/libDaisy/src/hid/midi.h ****             rx_buffer, rx_buffer_size, MidiUartTransport::rxCallback, this);
ARM GAS  C:\Users\22bur\AppData\Local\Temp\ccVzMWQh.s 			page 88


 2176              		.loc 9 95 29 view .LVU589
 2177 0532 4148     		ldr	r0, .L117+44
 2178 0534 0093     		str	r3, [sp]
 2179 0536 414B     		ldr	r3, .L117+48
 2180              	.LVL165:
  95:../DaisyExamples/libDaisy/src/hid/midi.h ****             rx_buffer, rx_buffer_size, MidiUartTransport::rxCallback, this);
 2181              		.loc 9 95 29 view .LVU590
 2182 0538 D6E90512 		ldrd	r1, r2, [r6, #20]
 2183 053c FFF7FEFF 		bl	_ZN5daisy11UartHandler14DmaListenStartEPhjPFvS1_jPvNS0_6ResultEES2_
 2184              	.LVL166:
  97:../DaisyExamples/libDaisy/src/hid/midi.h **** 
 2185              		.loc 9 97 5 view .LVU591
 2186 0540 BFE6     		b	.L86
 2187              	.LVL167:
 2188              	.L111:
  97:../DaisyExamples/libDaisy/src/hid/midi.h **** 
 2189              		.loc 9 97 5 view .LVU592
 2190              	.LBE496:
 2191              	.LBE495:
 2192              	.LBE494:
 2193              	.LBE493:
 2194              	.LBE492:
 2195              	.LBE491:
 2196              	.LBE497:
 2197              	.LBE559:
 2198              	.LBB560:
 2199              	.LBB556:
 206:main.cpp      ****             }
 207:main.cpp      ****         
 208:main.cpp      **** 
 209:main.cpp      ****             /* Start debugging/logs, disable later */
 210:main.cpp      ****             char outstr[128];
 2200              		.loc 7 210 13 is_stmt 1 view .LVU593
 211:main.cpp      **** 
 212:main.cpp      ****             /* input debugging*/
 213:main.cpp      ****             sprintf(outstr, "Volume: %d\tIndex: %d\tA: %d\tD: %d\tS: %d\tR: %d\n", (int)volume, (in
 2201              		.loc 7 213 13 view .LVU594
 2202              		.loc 7 213 20 is_stmt 0 view .LVU595
 2203 0542 3F4B     		ldr	r3, .L117+52
 2204 0544 2EA8     		add	r0, sp, #184
 2205 0546 3F49     		ldr	r1, .L117+56
 2206 0548 D3ED005A 		vldr.32	s11, [r3]
 2207 054c 304B     		ldr	r3, .L117+4
 2208 054e 93ED005A 		vldr.32	s10, [r3]
 2209 0552 314B     		ldr	r3, .L117+12
 2210 0554 D3ED007A 		vldr.32	s15, [r3]
 2211 0558 304B     		ldr	r3, .L117+16
 2212 055a FDEEE77A 		vcvt.s32.f32	s15, s15
 2213 055e 93ED006A 		vldr.32	s12, [r3]
 2214 0562 2F4B     		ldr	r3, .L117+20
 2215 0564 BDEEC66A 		vcvt.s32.f32	s12, s12
 2216 0568 93ED007A 		vldr.32	s14, [r3]
 2217 056c 274B     		ldr	r3, .L117
 2218 056e BDEEC77A 		vcvt.s32.f32	s14, s14
 2219 0572 D3ED006A 		vldr.32	s13, [r3]
 2220 0576 CDED007A 		vstr.32	s15, [sp]	@ int
 2221 057a FDEEC57A 		vcvt.s32.f32	s15, s10
ARM GAS  C:\Users\22bur\AppData\Local\Temp\ccVzMWQh.s 			page 89


 2222 057e FDEEE66A 		vcvt.s32.f32	s13, s13
 2223 0582 8DED016A 		vstr.32	s12, [sp, #4]	@ int
 2224 0586 8DED027A 		vstr.32	s14, [sp, #8]	@ int
 2225 058a 17EE903A 		vmov	r3, s15	@ int
 2226 058e FDEEE57A 		vcvt.s32.f32	s15, s11
 2227 0592 CDED036A 		vstr.32	s13, [sp, #12]	@ int
 2228 0596 17EE902A 		vmov	r2, s15	@ int
 2229 059a FFF7FEFF 		bl	sprintf
 2230              	.LVL168:
 214:main.cpp      ****             hw.PrintLine(outstr);
 2231              		.loc 7 214 13 is_stmt 1 view .LVU596
 2232              	.LBB547:
 2233              	.LBI547:
 126:../DaisyExamples/libDaisy/src/daisy_seed.h ****     {
 2234              		.loc 1 126 17 view .LVU597
 2235              	.LBB548:
 128:../DaisyExamples/libDaisy/src/daisy_seed.h ****     }
 2236              		.loc 1 128 23 is_stmt 0 view .LVU598
 2237 059e 2EA8     		add	r0, sp, #184
 2238              	.LVL169:
 128:../DaisyExamples/libDaisy/src/daisy_seed.h ****     }
 2239              		.loc 1 128 23 view .LVU599
 2240 05a0 FFF7FEFF 		bl	_ZN5daisy6LoggerILNS_17LoggerDestinationE1EE9PrintLineEPKcz
 2241              	.LVL170:
 128:../DaisyExamples/libDaisy/src/daisy_seed.h ****     }
 2242              		.loc 1 128 23 view .LVU600
 2243              	.LBE548:
 2244              	.LBE547:
 215:main.cpp      ****             
 216:main.cpp      ****             /* MIDI debugging*/
 217:main.cpp      ****             if(!event_log.IsEmpty()){
 2245              		.loc 7 217 13 is_stmt 1 view .LVU601
 2246              	.LBB549:
 2247              	.LBB550:
 2248              	.LBI550:
 165:../DaisyExamples/libDaisy/src/util/FIFO.h **** 
 2249              		.loc 8 165 10 view .LVU602
 2250              	.LBE550:
 2251              		.loc 7 217 13 is_stmt 0 view .LVU603
 2252 05a4 D5E90234 		ldrd	r3, r4, [r5, #8]
 2253 05a8 A342     		cmp	r3, r4
 2254 05aa 3FF47DAE 		beq	.L87
 2255              	.LBB551:
 218:main.cpp      ****                 auto msg = event_log.PopFront();
 2256              		.loc 7 218 17 is_stmt 1 view .LVU604
 2257              	.LVL171:
 2258              	.LBB552:
 2259              	.LBI552:
 101:../DaisyExamples/libDaisy/src/util/FIFO.h ****     {
 2260              		.loc 8 101 7 view .LVU605
 2261              	.LBB553:
 107:../DaisyExamples/libDaisy/src/util/FIFO.h ****             bufferOut_++;
 2262              		.loc 8 107 24 is_stmt 0 view .LVU606
 2263 05ae 2B68     		ldr	r3, [r5]
 2264 05b0 04EBC401 		add	r1, r4, r4, lsl #3
 2265 05b4 9022     		movs	r2, #144
 2266 05b6 72A8     		add	r0, sp, #456
ARM GAS  C:\Users\22bur\AppData\Local\Temp\ccVzMWQh.s 			page 90


 2267 05b8 03EB0111 		add	r1, r3, r1, lsl #4
 108:../DaisyExamples/libDaisy/src/util/FIFO.h ****             if(bufferOut_ >= bufferSize_)
 2268              		.loc 8 108 13 view .LVU607
 2269 05bc 0134     		adds	r4, r4, #1
 107:../DaisyExamples/libDaisy/src/util/FIFO.h ****             bufferOut_++;
 2270              		.loc 8 107 24 view .LVU608
 2271 05be FFF7FEFF 		bl	memcpy
 2272              	.LVL172:
 109:../DaisyExamples/libDaisy/src/util/FIFO.h ****                 bufferOut_ -= bufferSize_;
 2273              		.loc 8 109 30 view .LVU609
 2274 05c2 6B68     		ldr	r3, [r5, #4]
 108:../DaisyExamples/libDaisy/src/util/FIFO.h ****             if(bufferOut_ >= bufferSize_)
 2275              		.loc 8 108 13 view .LVU610
 2276 05c4 EC60     		str	r4, [r5, #12]
 109:../DaisyExamples/libDaisy/src/util/FIFO.h ****                 bufferOut_ -= bufferSize_;
 2277              		.loc 8 109 13 view .LVU611
 2278 05c6 9C42     		cmp	r4, r3
 2279 05c8 01D3     		bcc	.L91
 110:../DaisyExamples/libDaisy/src/util/FIFO.h ****             return result;
 2280              		.loc 8 110 28 view .LVU612
 2281 05ca E41A     		subs	r4, r4, r3
 2282 05cc EC60     		str	r4, [r5, #12]
 2283              	.L91:
 111:../DaisyExamples/libDaisy/src/util/FIFO.h ****         }
 2284              		.loc 8 111 20 view .LVU613
 2285 05ce 4EAC     		add	r4, sp, #312
 2286 05d0 96AB     		add	r3, sp, #600
 2287 05d2 9022     		movs	r2, #144
 2288 05d4 A3F19001 		sub	r1, r3, #144
 2289 05d8 2046     		mov	r0, r4
 2290 05da FFF7FEFF 		bl	memcpy
 2291              	.LVL173:
 111:../DaisyExamples/libDaisy/src/util/FIFO.h ****         }
 2292              		.loc 8 111 20 view .LVU614
 2293              	.LBE553:
 2294              	.LBE552:
 219:main.cpp      ****                 char outstr[128];
 2295              		.loc 7 219 17 is_stmt 1 view .LVU615
 220:main.cpp      ****                 char type_str[16];
 2296              		.loc 7 220 17 view .LVU616
 221:main.cpp      ****                 GetMidiTypeAsString(msg, type_str);
 2297              		.loc 7 221 17 view .LVU617
 2298              		.loc 7 221 36 is_stmt 0 view .LVU618
 2299 05de 0FA9     		add	r1, sp, #60
 2300 05e0 2046     		mov	r0, r4
 2301 05e2 FFF7FEFF 		bl	_Z19GetMidiTypeAsStringRN5daisy9MidiEventEPc
 2302              	.LVL174:
 222:main.cpp      ****                 sprintf(outstr,
 2303              		.loc 7 222 17 is_stmt 1 view .LVU619
 2304              		.loc 7 222 24 is_stmt 0 view .LVU620
 2305 05e6 637A     		ldrb	r3, [r4, #9]	@ zero_extendqisi2
 2306 05e8 174A     		ldr	r2, .L117+60
 2307 05ea 72A8     		add	r0, sp, #456
 2308 05ec 0293     		str	r3, [sp, #8]
 2309 05ee 237A     		ldrb	r3, [r4, #8]	@ zero_extendqisi2
 2310 05f0 1649     		ldr	r1, .L117+64
 2311 05f2 0193     		str	r3, [sp, #4]
ARM GAS  C:\Users\22bur\AppData\Local\Temp\ccVzMWQh.s 			page 91


 2312 05f4 6368     		ldr	r3, [r4, #4]
 2313 05f6 0093     		str	r3, [sp]
 2314 05f8 0FAB     		add	r3, sp, #60
 2315 05fa 1268     		ldr	r2, [r2]
 2316 05fc FFF7FEFF 		bl	sprintf
 2317              	.LVL175:
 223:main.cpp      ****                         "time:\t%ld\ttype: %s\tChannel:  %d\tData MSB: "
 224:main.cpp      ****                         "%d\tData LSB: %d\n",
 225:main.cpp      ****                         now,
 226:main.cpp      ****                         type_str,
 227:main.cpp      ****                         msg.channel,
 228:main.cpp      ****                         msg.data[0],
 229:main.cpp      ****                         msg.data[1]);
 230:main.cpp      ****                 hw.PrintLine(outstr);
 2318              		.loc 7 230 17 is_stmt 1 view .LVU621
 2319              	.LBB554:
 2320              	.LBI554:
 126:../DaisyExamples/libDaisy/src/daisy_seed.h ****     {
 2321              		.loc 1 126 17 view .LVU622
 2322              	.LBB555:
 128:../DaisyExamples/libDaisy/src/daisy_seed.h ****     }
 2323              		.loc 1 128 23 is_stmt 0 view .LVU623
 2324 0600 72A8     		add	r0, sp, #456
 2325              	.LVL176:
 128:../DaisyExamples/libDaisy/src/daisy_seed.h ****     }
 2326              		.loc 1 128 23 view .LVU624
 2327 0602 FFF7FEFF 		bl	_ZN5daisy6LoggerILNS_17LoggerDestinationE1EE9PrintLineEPKcz
 2328              	.LVL177:
 128:../DaisyExamples/libDaisy/src/daisy_seed.h ****     }
 2329              		.loc 1 128 23 view .LVU625
 2330              	.LBE555:
 2331              	.LBE554:
 2332              	.LBE551:
 2333 0606 4FE6     		b	.L87
 2334              	.LVL178:
 2335              	.L77:
 128:../DaisyExamples/libDaisy/src/daisy_seed.h ****     }
 2336              		.loc 1 128 23 view .LVU626
 2337              	.LBE549:
 2338              	.LBE556:
 2339              	.LBE560:
 2340              	.LBB561:
 2341              	.LBB533:
 2342              	.LBB522:
 174:main.cpp      ****                     hw.PrintLine(outstr);
 2343              		.loc 7 174 28 view .LVU627
 2344 0608 4A46     		mov	r2, r9
 2345 060a 6AE7     		b	.L75
 2346              	.L118:
 2347              		.align	2
 2348              	.L117:
 2349 060c 00000000 		.word	.LANCHOR12
 2350 0610 00000000 		.word	.LANCHOR8
 2351 0614 00000000 		.word	wt
 2352 0618 00000000 		.word	.LANCHOR9
 2353 061c 00000000 		.word	.LANCHOR10
 2354 0620 00000000 		.word	.LANCHOR11
ARM GAS  C:\Users\22bur\AppData\Local\Temp\ccVzMWQh.s 			page 92


 2355 0624 0AD723BC 		.word	-1138501878
 2356 0628 10000000 		.word	.LC14
 2357 062c 00000000 		.word	.LANCHOR3
 2358 0630 24000000 		.word	midi+36
 2359 0634 00000000 		.word	_ZN5daisy11MidiHandlerINS_17MidiUartTransportEE13ParseCallbackEPhjPv
 2360 0638 10000000 		.word	midi+16
 2361 063c 00000000 		.word	_ZN5daisy17MidiUartTransport10rxCallbackEPhjPvNS_11UartHandler6ResultE
 2362 0640 00000000 		.word	.LANCHOR4
 2363 0644 20000000 		.word	.LC15
 2364 0648 00000000 		.word	.LANCHOR6
 2365 064c 50000000 		.word	.LC16
 2366              	.LBE522:
 2367              	.LBE533:
 2368              	.LBE561:
 2369              	.LBE563:
 2370              		.cfi_endproc
 2371              	.LFE4728:
 2373              		.section	.text.startup._GLOBAL__sub_I_midi,"ax",%progbits
 2374              		.align	1
 2375              		.p2align 2,,3
 2376              		.syntax unified
 2377              		.thumb
 2378              		.thumb_func
 2379              		.fpu fpv5-d16
 2381              	_GLOBAL__sub_I_midi:
 2382              	.LFB5338:
 231:main.cpp      ****             }
 232:main.cpp      ****         }
 233:main.cpp      ****     }
 234:main.cpp      **** }
 2383              		.loc 7 234 1 is_stmt 1 view -0
 2384              		.cfi_startproc
 2385              		@ args = 0, pretend = 0, frame = 0
 2386              		@ frame_needed = 0, uses_anonymous_args = 0
 2387              	.LBB611:
 2388              	.LBI611:
 2389              		.loc 7 234 1 view .LVU629
 2390              	.LVL179:
 2391              	.LBB612:
 2392              	.LBB613:
 2393              	.LBI613:
  21:../DaisyExamples/libDaisy/src/daisy_seed.h ****     ~DaisySeed() {}
 2394              		.loc 1 21 5 view .LVU630
 2395              	.LBB614:
 2396              	.LBB615:
 2397              	.LBI615:
 2398              		.file 14 "../DaisyExamples/libDaisy/src/per/qspi.h"
   1:../DaisyExamples/libDaisy/src/per/qspi.h **** #ifndef DSY_QSPI
   2:../DaisyExamples/libDaisy/src/per/qspi.h **** #define DSY_QSPI /**< Macro */
   3:../DaisyExamples/libDaisy/src/per/qspi.h **** 
   4:../DaisyExamples/libDaisy/src/per/qspi.h **** #ifndef UNIT_TEST // for unit tests, a dummy implementation
   5:../DaisyExamples/libDaisy/src/per/qspi.h **** 
   6:../DaisyExamples/libDaisy/src/per/qspi.h **** #include <cstdint>
   7:../DaisyExamples/libDaisy/src/per/qspi.h **** #include "daisy_core.h" // Added for dsy_gpio_pin typedef
   8:../DaisyExamples/libDaisy/src/per/qspi.h **** 
   9:../DaisyExamples/libDaisy/src/per/qspi.h **** #define DSY_QSPI_TEXT       \
  10:../DaisyExamples/libDaisy/src/per/qspi.h ****     __attribute__((section( \
ARM GAS  C:\Users\22bur\AppData\Local\Temp\ccVzMWQh.s 			page 93


  11:../DaisyExamples/libDaisy/src/per/qspi.h ****         ".qspiflash_text"))) /**< used for reading memory in memory_mapped mode. */
  12:../DaisyExamples/libDaisy/src/per/qspi.h **** #define DSY_QSPI_DATA       \
  13:../DaisyExamples/libDaisy/src/per/qspi.h ****     __attribute__((section( \
  14:../DaisyExamples/libDaisy/src/per/qspi.h ****         ".qspiflash_data"))) /**< used for reading memory in memory_mapped mode. */
  15:../DaisyExamples/libDaisy/src/per/qspi.h **** #define DSY_QSPI_BSS        \
  16:../DaisyExamples/libDaisy/src/per/qspi.h ****     __attribute__((section( \
  17:../DaisyExamples/libDaisy/src/per/qspi.h ****         ".qspiflash_bss"))) /**< used for reading memory in memory_mapped mode. */
  18:../DaisyExamples/libDaisy/src/per/qspi.h **** 
  19:../DaisyExamples/libDaisy/src/per/qspi.h **** namespace daisy
  20:../DaisyExamples/libDaisy/src/per/qspi.h **** {
  21:../DaisyExamples/libDaisy/src/per/qspi.h **** /** @addtogroup serial
  22:../DaisyExamples/libDaisy/src/per/qspi.h **** @{
  23:../DaisyExamples/libDaisy/src/per/qspi.h **** */
  24:../DaisyExamples/libDaisy/src/per/qspi.h **** 
  25:../DaisyExamples/libDaisy/src/per/qspi.h **** /** 
  26:../DaisyExamples/libDaisy/src/per/qspi.h ****  Driver for QSPI peripheral to interface with external flash memory. \n 
  27:../DaisyExamples/libDaisy/src/per/qspi.h ****     Currently supported QSPI Devices: \n 
  28:../DaisyExamples/libDaisy/src/per/qspi.h ****     * IS25LP080D
  29:../DaisyExamples/libDaisy/src/per/qspi.h **** */
  30:../DaisyExamples/libDaisy/src/per/qspi.h **** class QSPIHandle
  31:../DaisyExamples/libDaisy/src/per/qspi.h **** {
  32:../DaisyExamples/libDaisy/src/per/qspi.h ****   public:
  33:../DaisyExamples/libDaisy/src/per/qspi.h ****     enum Result
  34:../DaisyExamples/libDaisy/src/per/qspi.h ****     {
  35:../DaisyExamples/libDaisy/src/per/qspi.h ****         OK = 0,
  36:../DaisyExamples/libDaisy/src/per/qspi.h ****         ERR
  37:../DaisyExamples/libDaisy/src/per/qspi.h ****     };
  38:../DaisyExamples/libDaisy/src/per/qspi.h **** 
  39:../DaisyExamples/libDaisy/src/per/qspi.h ****     /** Indicates the current status of the module. 
  40:../DaisyExamples/libDaisy/src/per/qspi.h ****          *  Warnings are indicated by a leading W.
  41:../DaisyExamples/libDaisy/src/per/qspi.h ****          *  Errors are indicated by a leading E and cause an immediate exit.
  42:../DaisyExamples/libDaisy/src/per/qspi.h ****          * 
  43:../DaisyExamples/libDaisy/src/per/qspi.h ****          *  \param GOOD - No errors have been reported.
  44:../DaisyExamples/libDaisy/src/per/qspi.h ****          *  \param E_HAL_ERROR - HAL code did not return HAL_OK.
  45:../DaisyExamples/libDaisy/src/per/qspi.h ****          *  \param E_SWITCHING_MODES - An error was encountered while switching QSPI peripheral mod
  46:../DaisyExamples/libDaisy/src/per/qspi.h ****          *  \param E_INVALID_MODE - QSPI should not be written to while the program is executing fr
  47:../DaisyExamples/libDaisy/src/per/qspi.h ****          */
  48:../DaisyExamples/libDaisy/src/per/qspi.h ****     enum Status
  49:../DaisyExamples/libDaisy/src/per/qspi.h ****     {
  50:../DaisyExamples/libDaisy/src/per/qspi.h ****         GOOD = 0,
  51:../DaisyExamples/libDaisy/src/per/qspi.h ****         E_HAL_ERROR,
  52:../DaisyExamples/libDaisy/src/per/qspi.h ****         E_SWITCHING_MODES,
  53:../DaisyExamples/libDaisy/src/per/qspi.h ****         E_INVALID_MODE,
  54:../DaisyExamples/libDaisy/src/per/qspi.h ****     };
  55:../DaisyExamples/libDaisy/src/per/qspi.h **** 
  56:../DaisyExamples/libDaisy/src/per/qspi.h ****     /** Configuration structure for interfacing with QSPI Driver */
  57:../DaisyExamples/libDaisy/src/per/qspi.h ****     struct Config
  58:../DaisyExamples/libDaisy/src/per/qspi.h ****     {
  59:../DaisyExamples/libDaisy/src/per/qspi.h ****         /** Flash Devices supported. (Both of these are more-or-less the same, just different sizes
  60:../DaisyExamples/libDaisy/src/per/qspi.h ****         enum Device
  61:../DaisyExamples/libDaisy/src/per/qspi.h ****         {
  62:../DaisyExamples/libDaisy/src/per/qspi.h ****             IS25LP080D,  /**< & */
  63:../DaisyExamples/libDaisy/src/per/qspi.h ****             IS25LP064A,  /**< & */
  64:../DaisyExamples/libDaisy/src/per/qspi.h ****             DEVICE_LAST, /**< & */
  65:../DaisyExamples/libDaisy/src/per/qspi.h ****         };
  66:../DaisyExamples/libDaisy/src/per/qspi.h **** 
  67:../DaisyExamples/libDaisy/src/per/qspi.h ****         /** 
ARM GAS  C:\Users\22bur\AppData\Local\Temp\ccVzMWQh.s 			page 94


  68:../DaisyExamples/libDaisy/src/per/qspi.h ****         Modes of operation.
  69:../DaisyExamples/libDaisy/src/per/qspi.h ****         Memory Mapped mode: QSPI configured so that the QSPI can be
  70:../DaisyExamples/libDaisy/src/per/qspi.h ****         read from starting address 0x90000000. Writing is not
  71:../DaisyExamples/libDaisy/src/per/qspi.h ****         possible in this mode. \n 
  72:../DaisyExamples/libDaisy/src/per/qspi.h ****         Indirect Polling mode: Device driver enabled. 
  73:../DaisyExamples/libDaisy/src/per/qspi.h ****         */
  74:../DaisyExamples/libDaisy/src/per/qspi.h ****         enum Mode
  75:../DaisyExamples/libDaisy/src/per/qspi.h ****         {
  76:../DaisyExamples/libDaisy/src/per/qspi.h ****             MEMORY_MAPPED,    /**< & */
  77:../DaisyExamples/libDaisy/src/per/qspi.h ****             INDIRECT_POLLING, /**< & */
  78:../DaisyExamples/libDaisy/src/per/qspi.h ****             MODE_LAST,
  79:../DaisyExamples/libDaisy/src/per/qspi.h ****         };
  80:../DaisyExamples/libDaisy/src/per/qspi.h **** 
  81:../DaisyExamples/libDaisy/src/per/qspi.h ****         //SCK,  CE# (active low)
  82:../DaisyExamples/libDaisy/src/per/qspi.h ****         struct
  83:../DaisyExamples/libDaisy/src/per/qspi.h ****         {
  84:../DaisyExamples/libDaisy/src/per/qspi.h ****             dsy_gpio_pin io0; /**< & */
  85:../DaisyExamples/libDaisy/src/per/qspi.h ****             dsy_gpio_pin io1; /**< & */
  86:../DaisyExamples/libDaisy/src/per/qspi.h ****             dsy_gpio_pin io2; /**< & */
  87:../DaisyExamples/libDaisy/src/per/qspi.h ****             dsy_gpio_pin io3; /**< & */
  88:../DaisyExamples/libDaisy/src/per/qspi.h ****             dsy_gpio_pin clk; /**< & */
  89:../DaisyExamples/libDaisy/src/per/qspi.h ****             dsy_gpio_pin ncs; /**< & */
  90:../DaisyExamples/libDaisy/src/per/qspi.h ****         } pin_config;
  91:../DaisyExamples/libDaisy/src/per/qspi.h **** 
  92:../DaisyExamples/libDaisy/src/per/qspi.h ****         Device device;
  93:../DaisyExamples/libDaisy/src/per/qspi.h ****         Mode   mode;
  94:../DaisyExamples/libDaisy/src/per/qspi.h ****     };
  95:../DaisyExamples/libDaisy/src/per/qspi.h **** 
  96:../DaisyExamples/libDaisy/src/per/qspi.h ****     /** 
  97:../DaisyExamples/libDaisy/src/per/qspi.h ****         Initializes QSPI peripheral, and Resets, and prepares memory for access.
  98:../DaisyExamples/libDaisy/src/per/qspi.h ****         \param config should be populated with the mode, device and pin_config before calling this 
  99:../DaisyExamples/libDaisy/src/per/qspi.h ****         \return Result::OK or Result::ERR
 100:../DaisyExamples/libDaisy/src/per/qspi.h ****         */
 101:../DaisyExamples/libDaisy/src/per/qspi.h ****     Result Init(const Config& config);
 102:../DaisyExamples/libDaisy/src/per/qspi.h **** 
 103:../DaisyExamples/libDaisy/src/per/qspi.h ****     /** Returns the current config. */
 104:../DaisyExamples/libDaisy/src/per/qspi.h ****     const Config& GetConfig() const;
 105:../DaisyExamples/libDaisy/src/per/qspi.h **** 
 106:../DaisyExamples/libDaisy/src/per/qspi.h ****     // Couldn't this just be called before anything else in init? That
 107:../DaisyExamples/libDaisy/src/per/qspi.h ****     // would make manually calling it unnecessary.
 108:../DaisyExamples/libDaisy/src/per/qspi.h ****     /** 
 109:../DaisyExamples/libDaisy/src/per/qspi.h ****         Deinitializes the peripheral
 110:../DaisyExamples/libDaisy/src/per/qspi.h ****         This should be called before reinitializing QSPI in a different mode.
 111:../DaisyExamples/libDaisy/src/per/qspi.h ****         \return Result::OK or Result::ERR
 112:../DaisyExamples/libDaisy/src/per/qspi.h ****         */
 113:../DaisyExamples/libDaisy/src/per/qspi.h ****     Result DeInit();
 114:../DaisyExamples/libDaisy/src/per/qspi.h **** 
 115:../DaisyExamples/libDaisy/src/per/qspi.h ****     /** 
 116:../DaisyExamples/libDaisy/src/per/qspi.h ****         Writes a single page to to the specified address on the QSPI chip.
 117:../DaisyExamples/libDaisy/src/per/qspi.h ****         For IS25LP*, page size is 256 bytes.
 118:../DaisyExamples/libDaisy/src/per/qspi.h ****         \param address Address to write to
 119:../DaisyExamples/libDaisy/src/per/qspi.h ****         \param size Buffer size
 120:../DaisyExamples/libDaisy/src/per/qspi.h ****         \param buffer Buffer to write
 121:../DaisyExamples/libDaisy/src/per/qspi.h ****         \return Result::OK or Result::ERR
 122:../DaisyExamples/libDaisy/src/per/qspi.h ****         */
 123:../DaisyExamples/libDaisy/src/per/qspi.h ****     Result WritePage(uint32_t address, uint32_t size, uint8_t* buffer);
 124:../DaisyExamples/libDaisy/src/per/qspi.h **** 
ARM GAS  C:\Users\22bur\AppData\Local\Temp\ccVzMWQh.s 			page 95


 125:../DaisyExamples/libDaisy/src/per/qspi.h ****     /** 
 126:../DaisyExamples/libDaisy/src/per/qspi.h ****         Writes data in buffer to to the QSPI. Starting at address to address+size 
 127:../DaisyExamples/libDaisy/src/per/qspi.h ****         \param address Address to write to
 128:../DaisyExamples/libDaisy/src/per/qspi.h ****         \param size Buffer size
 129:../DaisyExamples/libDaisy/src/per/qspi.h ****         \param buffer Buffer to write
 130:../DaisyExamples/libDaisy/src/per/qspi.h ****         \return Result::OK or Result::ERR
 131:../DaisyExamples/libDaisy/src/per/qspi.h ****         */
 132:../DaisyExamples/libDaisy/src/per/qspi.h ****     Result Write(uint32_t address, uint32_t size, uint8_t* buffer);
 133:../DaisyExamples/libDaisy/src/per/qspi.h **** 
 134:../DaisyExamples/libDaisy/src/per/qspi.h ****     /** 
 135:../DaisyExamples/libDaisy/src/per/qspi.h ****         Erases the area specified on the chip.
 136:../DaisyExamples/libDaisy/src/per/qspi.h ****         Erasures will happen by 4K, 32K or 64K increments.
 137:../DaisyExamples/libDaisy/src/per/qspi.h ****         Smallest erase possible is 4kB at a time. (on IS25LP*)
 138:../DaisyExamples/libDaisy/src/per/qspi.h ****         \param start_addr Address to begin erasing from
 139:../DaisyExamples/libDaisy/src/per/qspi.h ****         \param end_addr  Address to stop erasing at
 140:../DaisyExamples/libDaisy/src/per/qspi.h ****         \return Result::OK or Result::ERR
 141:../DaisyExamples/libDaisy/src/per/qspi.h ****         */
 142:../DaisyExamples/libDaisy/src/per/qspi.h ****     Result Erase(uint32_t start_addr, uint32_t end_addr);
 143:../DaisyExamples/libDaisy/src/per/qspi.h **** 
 144:../DaisyExamples/libDaisy/src/per/qspi.h ****     /**  
 145:../DaisyExamples/libDaisy/src/per/qspi.h ****          Erases a single sector of the chip.  
 146:../DaisyExamples/libDaisy/src/per/qspi.h ****         TODO: Document the size of this function. 
 147:../DaisyExamples/libDaisy/src/per/qspi.h ****         \param address Address of sector to erase
 148:../DaisyExamples/libDaisy/src/per/qspi.h ****         \return Result::OK or Result::ERR
 149:../DaisyExamples/libDaisy/src/per/qspi.h ****         */
 150:../DaisyExamples/libDaisy/src/per/qspi.h ****     Result EraseSector(uint32_t address);
 151:../DaisyExamples/libDaisy/src/per/qspi.h **** 
 152:../DaisyExamples/libDaisy/src/per/qspi.h ****     /** Returns the current class status. Useful for debugging.
 153:../DaisyExamples/libDaisy/src/per/qspi.h ****      *  \returns Status
 154:../DaisyExamples/libDaisy/src/per/qspi.h ****      */
 155:../DaisyExamples/libDaisy/src/per/qspi.h ****     Status GetStatus();
 156:../DaisyExamples/libDaisy/src/per/qspi.h **** 
 157:../DaisyExamples/libDaisy/src/per/qspi.h ****     /** Returns a pointer to the actual memory used 
 158:../DaisyExamples/libDaisy/src/per/qspi.h ****      *  The memory at this address is read-only
 159:../DaisyExamples/libDaisy/src/per/qspi.h ****      *  to write to it use the Write function.
 160:../DaisyExamples/libDaisy/src/per/qspi.h ****      * 
 161:../DaisyExamples/libDaisy/src/per/qspi.h ****      *  \param offset returns the pointer starting this 
 162:../DaisyExamples/libDaisy/src/per/qspi.h ****      *                many bytes into the memory
 163:../DaisyExamples/libDaisy/src/per/qspi.h ****     */
 164:../DaisyExamples/libDaisy/src/per/qspi.h ****     void* GetData(uint32_t offset = 0);
 165:../DaisyExamples/libDaisy/src/per/qspi.h **** 
 166:../DaisyExamples/libDaisy/src/per/qspi.h ****     QSPIHandle() : pimpl_(nullptr) {}
 2399              		.loc 14 166 5 view .LVU631
 2400              	.LBE615:
 2401              	.LBE614:
 2402              	.LBE613:
 2403              	.LBE612:
 2404              	.LBE611:
 2405              		.loc 7 234 1 is_stmt 0 view .LVU632
 2406 0000 38B5     		push	{r3, r4, r5, lr}
 2407              		.cfi_def_cfa_offset 16
 2408              		.cfi_offset 3, -16
 2409              		.cfi_offset 4, -12
 2410              		.cfi_offset 5, -8
 2411              		.cfi_offset 14, -4
 2412              	.LBB707:
 2413              	.LBB705:
ARM GAS  C:\Users\22bur\AppData\Local\Temp\ccVzMWQh.s 			page 96


 2414              	.LBB636:
 2415              	.LBB634:
 2416              	.LBB620:
 2417              	.LBB616:
 2418              	.LBB617:
 2419              		.loc 14 166 34 view .LVU633
 2420 0002 3248     		ldr	r0, .L123
 2421 0004 0025     		movs	r5, #0
 2422              	.LBE617:
 2423              	.LBE616:
 2424              	.LBE620:
 2425              	.LBE634:
 2426              	.LBE636:
 2427              	.LBB637:
 2428              	.LBB638:
 2429              	.LBB639:
 2430              	.LBB640:
 158:../DaisyExamples/libDaisy/src/hid/midi.h ****     {
 2431              		.loc 9 158 12 view .LVU634
 2432 0006 324C     		ldr	r4, .L123+4
 2433              	.LBE640:
 2434              	.LBE639:
 2435              	.LBE638:
 2436              	.LBE637:
  21:main.cpp      **** MidiUartHandler midi;
 2437              		.loc 7 21 18 view .LVU635
 2438 0008 324A     		ldr	r2, .L123+8
 2439 000a 3349     		ldr	r1, .L123+12
 2440              	.LBB674:
 2441              	.LBB635:
 2442              	.LBB621:
 2443              	.LBB619:
 2444              	.LBB618:
 2445              		.loc 14 166 34 view .LVU636
 2446 000c 0560     		str	r5, [r0]
 2447              	.LVL180:
 2448              		.loc 14 166 34 view .LVU637
 2449              	.LBE618:
 2450              	.LBE619:
 2451              	.LBE621:
 2452              	.LBB622:
 2453              	.LBI622:
  95:../DaisyExamples/libDaisy/src/hid/audio.h ****     ~AudioHandle() {}
 2454              		.loc 5 95 5 is_stmt 1 view .LVU638
 2455              	.LBB623:
 2456              	.LBB624:
  95:../DaisyExamples/libDaisy/src/hid/audio.h ****     ~AudioHandle() {}
 2457              		.loc 5 95 35 is_stmt 0 view .LVU639
 2458 000e 4561     		str	r5, [r0, #20]
 2459              	.LVL181:
  95:../DaisyExamples/libDaisy/src/hid/audio.h ****     ~AudioHandle() {}
 2460              		.loc 5 95 35 view .LVU640
 2461              	.LBE624:
 2462              	.LBE623:
 2463              	.LBE622:
 2464              	.LBB625:
 2465              	.LBI625:
ARM GAS  C:\Users\22bur\AppData\Local\Temp\ccVzMWQh.s 			page 97


 109:../DaisyExamples/libDaisy/src/per/adc.h ****     ~AdcHandle() {}
 2466              		.loc 4 109 5 is_stmt 1 view .LVU641
 109:../DaisyExamples/libDaisy/src/per/adc.h ****     ~AdcHandle() {}
 2467              		.loc 4 109 5 is_stmt 0 view .LVU642
 2468              	.LBE625:
 2469              	.LBB626:
 2470              	.LBI626:
 2471              		.file 15 "../DaisyExamples/libDaisy/src/per/dac.h"
   1:../DaisyExamples/libDaisy/src/per/dac.h **** #pragma once
   2:../DaisyExamples/libDaisy/src/per/dac.h **** #ifndef DSY_DAC_H
   3:../DaisyExamples/libDaisy/src/per/dac.h **** #define DSY_DAC_H
   4:../DaisyExamples/libDaisy/src/per/dac.h **** 
   5:../DaisyExamples/libDaisy/src/per/dac.h **** #include "daisy_core.h"
   6:../DaisyExamples/libDaisy/src/per/dac.h **** 
   7:../DaisyExamples/libDaisy/src/per/dac.h **** namespace daisy
   8:../DaisyExamples/libDaisy/src/per/dac.h **** {
   9:../DaisyExamples/libDaisy/src/per/dac.h **** /** @brief DAC handle for Built-in DAC Peripheral 
  10:../DaisyExamples/libDaisy/src/per/dac.h ****  *  @ingroup per_analog
  11:../DaisyExamples/libDaisy/src/per/dac.h ****  ** 
  12:../DaisyExamples/libDaisy/src/per/dac.h ****  ** For now only Normal Mode is supported,
  13:../DaisyExamples/libDaisy/src/per/dac.h ****  ** Sample and hold mode provides reduced power consumption, but requires a bit more setup.
  14:../DaisyExamples/libDaisy/src/per/dac.h ****  **
  15:../DaisyExamples/libDaisy/src/per/dac.h ****  ** For now connecting the DAC through other internal peripherals is also not supported.
  16:../DaisyExamples/libDaisy/src/per/dac.h ****  **
  17:../DaisyExamples/libDaisy/src/per/dac.h ****  ** Since the DAC channels have dedicated pins we don't need to pass in a pin config like with
  18:../DaisyExamples/libDaisy/src/per/dac.h ****  ** other modules. However, it is still important to not try to use the DAC pins for anything else.
  19:../DaisyExamples/libDaisy/src/per/dac.h ****  ** DAC Channel 1 is on PA4, and DAC Channel 2 is on PA5
  20:../DaisyExamples/libDaisy/src/per/dac.h ****  ***/
  21:../DaisyExamples/libDaisy/src/per/dac.h **** class DacHandle
  22:../DaisyExamples/libDaisy/src/per/dac.h **** {
  23:../DaisyExamples/libDaisy/src/per/dac.h ****   public:
  24:../DaisyExamples/libDaisy/src/per/dac.h ****     /** Return Values for the DacHandle class */
  25:../DaisyExamples/libDaisy/src/per/dac.h ****     enum class Result
  26:../DaisyExamples/libDaisy/src/per/dac.h ****     {
  27:../DaisyExamples/libDaisy/src/per/dac.h ****         OK,
  28:../DaisyExamples/libDaisy/src/per/dac.h ****         ERR,
  29:../DaisyExamples/libDaisy/src/per/dac.h ****     };
  30:../DaisyExamples/libDaisy/src/per/dac.h **** 
  31:../DaisyExamples/libDaisy/src/per/dac.h ****     /** Selects which channel(s) will be configured for use. */
  32:../DaisyExamples/libDaisy/src/per/dac.h ****     enum class Channel
  33:../DaisyExamples/libDaisy/src/per/dac.h ****     {
  34:../DaisyExamples/libDaisy/src/per/dac.h ****         ONE,
  35:../DaisyExamples/libDaisy/src/per/dac.h ****         TWO,
  36:../DaisyExamples/libDaisy/src/per/dac.h ****         BOTH,
  37:../DaisyExamples/libDaisy/src/per/dac.h ****     };
  38:../DaisyExamples/libDaisy/src/per/dac.h **** 
  39:../DaisyExamples/libDaisy/src/per/dac.h ****     /** Sets the Mode for the DAC channels.
  40:../DaisyExamples/libDaisy/src/per/dac.h ****      **
  41:../DaisyExamples/libDaisy/src/per/dac.h ****      ** Polling mode uses the blocking mode to transmit a single value at a time.
  42:../DaisyExamples/libDaisy/src/per/dac.h ****      **
  43:../DaisyExamples/libDaisy/src/per/dac.h ****      ** DMA mode uses a buffer, and periodically transmits it triggering a 
  44:../DaisyExamples/libDaisy/src/per/dac.h ****      ** callback to fill the buffer when it is ready for more samples.
  45:../DaisyExamples/libDaisy/src/per/dac.h ****      ***/
  46:../DaisyExamples/libDaisy/src/per/dac.h ****     enum class Mode
  47:../DaisyExamples/libDaisy/src/per/dac.h ****     {
  48:../DaisyExamples/libDaisy/src/per/dac.h ****         POLLING,
  49:../DaisyExamples/libDaisy/src/per/dac.h ****         DMA,
ARM GAS  C:\Users\22bur\AppData\Local\Temp\ccVzMWQh.s 			page 98


  50:../DaisyExamples/libDaisy/src/per/dac.h ****     };
  51:../DaisyExamples/libDaisy/src/per/dac.h **** 
  52:../DaisyExamples/libDaisy/src/per/dac.h ****     /** Sets the number of bits per sample transmitted out of the DAC.
  53:../DaisyExamples/libDaisy/src/per/dac.h ****      ** The output range will be: 0V - VDDA
  54:../DaisyExamples/libDaisy/src/per/dac.h ****      ** The resolution will be roughly: bitdepth / (VDDA - 0V) 
  55:../DaisyExamples/libDaisy/src/per/dac.h ****      ***/
  56:../DaisyExamples/libDaisy/src/per/dac.h ****     enum class BitDepth
  57:../DaisyExamples/libDaisy/src/per/dac.h ****     {
  58:../DaisyExamples/libDaisy/src/per/dac.h ****         BITS_8,
  59:../DaisyExamples/libDaisy/src/per/dac.h ****         BITS_12
  60:../DaisyExamples/libDaisy/src/per/dac.h ****     };
  61:../DaisyExamples/libDaisy/src/per/dac.h **** 
  62:../DaisyExamples/libDaisy/src/per/dac.h ****     /** Sets whether the DAC output is buffered for higher drive ability. */
  63:../DaisyExamples/libDaisy/src/per/dac.h ****     enum class BufferState
  64:../DaisyExamples/libDaisy/src/per/dac.h ****     {
  65:../DaisyExamples/libDaisy/src/per/dac.h ****         ENABLED,
  66:../DaisyExamples/libDaisy/src/per/dac.h ****         DISABLED,
  67:../DaisyExamples/libDaisy/src/per/dac.h ****     };
  68:../DaisyExamples/libDaisy/src/per/dac.h **** 
  69:../DaisyExamples/libDaisy/src/per/dac.h ****     /** Configuration structure for initializing the DAC structure. */
  70:../DaisyExamples/libDaisy/src/per/dac.h ****     struct Config
  71:../DaisyExamples/libDaisy/src/per/dac.h ****     {
  72:../DaisyExamples/libDaisy/src/per/dac.h ****         /** Target Samplerate in Hz used to configure the internal 
  73:../DaisyExamples/libDaisy/src/per/dac.h ****          ** timebase for DMA mode. Does nothing in POLLING mode.
  74:../DaisyExamples/libDaisy/src/per/dac.h ****          ** If the value is 0 at Init time this will default to 48000Hz 
  75:../DaisyExamples/libDaisy/src/per/dac.h ****          ** otherwise the driver will attempt meet the target.*/
  76:../DaisyExamples/libDaisy/src/per/dac.h ****         uint32_t target_samplerate;
  77:../DaisyExamples/libDaisy/src/per/dac.h **** 
  78:../DaisyExamples/libDaisy/src/per/dac.h ****         Channel     chn;
  79:../DaisyExamples/libDaisy/src/per/dac.h ****         Mode        mode;
  80:../DaisyExamples/libDaisy/src/per/dac.h ****         BitDepth    bitdepth;
  81:../DaisyExamples/libDaisy/src/per/dac.h ****         BufferState buff_state;
  82:../DaisyExamples/libDaisy/src/per/dac.h ****     };
  83:../DaisyExamples/libDaisy/src/per/dac.h **** 
  84:../DaisyExamples/libDaisy/src/per/dac.h ****     DacHandle() : pimpl_(nullptr) {}
 2472              		.loc 15 84 5 is_stmt 1 view .LVU643
 2473              	.LBB627:
 2474              	.LBB628:
 2475              		.loc 15 84 33 is_stmt 0 view .LVU644
 2476 0010 0562     		str	r5, [r0, #32]
 2477              	.LVL182:
 2478              		.loc 15 84 33 view .LVU645
 2479              	.LBE628:
 2480              	.LBE627:
 2481              	.LBE626:
 2482              	.LBB629:
 2483              	.LBI629:
  40:../DaisyExamples/libDaisy/src/hid/usb.h **** 
 2484              		.loc 3 40 5 is_stmt 1 view .LVU646
  40:../DaisyExamples/libDaisy/src/hid/usb.h **** 
 2485              		.loc 3 40 5 is_stmt 0 view .LVU647
 2486              	.LBE629:
 2487              	.LBB630:
 2488              	.LBI630:
  96:../DaisyExamples/libDaisy/src/sys/system.h ****     ~System() {}
 2489              		.loc 2 96 5 is_stmt 1 view .LVU648
  96:../DaisyExamples/libDaisy/src/sys/system.h ****     ~System() {}
ARM GAS  C:\Users\22bur\AppData\Local\Temp\ccVzMWQh.s 			page 99


 2490              		.loc 2 96 5 is_stmt 0 view .LVU649
 2491              	.LBE630:
 2492              	.LBB631:
 2493              	.LBI631:
 2494              		.file 16 "../DaisyExamples/libDaisy/src/per/sai.h"
   1:../DaisyExamples/libDaisy/src/per/sai.h **** #pragma once
   2:../DaisyExamples/libDaisy/src/per/sai.h **** #ifndef DSY_SAI_H
   3:../DaisyExamples/libDaisy/src/per/sai.h **** #define DSY_SAI_H
   4:../DaisyExamples/libDaisy/src/per/sai.h **** 
   5:../DaisyExamples/libDaisy/src/per/sai.h **** #include "daisy_core.h"
   6:../DaisyExamples/libDaisy/src/per/sai.h **** 
   7:../DaisyExamples/libDaisy/src/per/sai.h **** namespace daisy
   8:../DaisyExamples/libDaisy/src/per/sai.h **** {
   9:../DaisyExamples/libDaisy/src/per/sai.h **** /** 
  10:../DaisyExamples/libDaisy/src/per/sai.h ****  * Support for I2S Audio Protocol with different bit-depth, samplerate options
  11:../DaisyExamples/libDaisy/src/per/sai.h ****  * Allows for master or slave, as well as freedom of selecting direction, 
  12:../DaisyExamples/libDaisy/src/per/sai.h ****  * and other behavior for each peripheral, and block.
  13:../DaisyExamples/libDaisy/src/per/sai.h ****  * 
  14:../DaisyExamples/libDaisy/src/per/sai.h ****  * DMA Transfer commands must use buffers located within non-cached memory or use cache maintenance
  15:../DaisyExamples/libDaisy/src/per/sai.h ****  * To declare an unitialized global element in the DMA memory section:
  16:../DaisyExamples/libDaisy/src/per/sai.h ****  *    int32_t DSY_DMA_BUFFER_SECTOR my_buffer[96];
  17:../DaisyExamples/libDaisy/src/per/sai.h ****  *
  18:../DaisyExamples/libDaisy/src/per/sai.h ****  * Callback functions will be called once per half of the buffer. In the above example, 
  19:../DaisyExamples/libDaisy/src/per/sai.h ****  * the callback function would be called once for every 48 samples.
  20:../DaisyExamples/libDaisy/src/per/sai.h ****  * 
  21:../DaisyExamples/libDaisy/src/per/sai.h ****  * Use SAI Handle like this:
  22:../DaisyExamples/libDaisy/src/per/sai.h ****  * 
  23:../DaisyExamples/libDaisy/src/per/sai.h ****  *  SaiHandle::Config sai_config;
  24:../DaisyExamples/libDaisy/src/per/sai.h ****  *  sai_config.periph          = SaiHandle::Config::Peripheral::SAI_1;
  25:../DaisyExamples/libDaisy/src/per/sai.h ****  *  sai_config.sr              = SaiHandle::Config::SampleRate::SAI_48KHZ;
  26:../DaisyExamples/libDaisy/src/per/sai.h ****  *  sai_config.bit_depth       = SaiHandle::Config::BitDepth::SAI_24BIT;
  27:../DaisyExamples/libDaisy/src/per/sai.h ****  *  sai_config.a_sync          = SaiHandle::Config::Sync::MASTER;
  28:../DaisyExamples/libDaisy/src/per/sai.h ****  *  sai_config.b_sync          = SaiHandle::Config::Sync::SLAVE;
  29:../DaisyExamples/libDaisy/src/per/sai.h ****  *  sai_config.a_dir           = SaiHandle::Config::Direction::RECEIVE;
  30:../DaisyExamples/libDaisy/src/per/sai.h ****  *  sai_config.b_dir           = SaiHandle::Config::Direction::TRANSMIT;
  31:../DaisyExamples/libDaisy/src/per/sai.h ****  *  sai_config.pin_config.fs   = {DSY_GPIOE, 4};
  32:../DaisyExamples/libDaisy/src/per/sai.h ****  *  sai_config.pin_config.mclk = {DSY_GPIOE, 2};
  33:../DaisyExamples/libDaisy/src/per/sai.h ****  *  sai_config.pin_config.sck  = {DSY_GPIOE, 5};
  34:../DaisyExamples/libDaisy/src/per/sai.h ****  *  sai_config.pin_config.sa   = {DSY_GPIOE, 6};
  35:../DaisyExamples/libDaisy/src/per/sai.h ****  *  sai_config.pin_config.sb   = {DSY_GPIOE, 3};
  36:../DaisyExamples/libDaisy/src/per/sai.h ****  *  // Then Initialize
  37:../DaisyExamples/libDaisy/src/per/sai.h ****  *  SaiHandle sai;
  38:../DaisyExamples/libDaisy/src/per/sai.h ****  *  sai.Init(sai_config);
  39:../DaisyExamples/libDaisy/src/per/sai.h ****  *  // Now you can use it:
  40:../DaisyExamples/libDaisy/src/per/sai.h ****  *  sai.StartDma(. . .);
  41:../DaisyExamples/libDaisy/src/per/sai.h ****  */
  42:../DaisyExamples/libDaisy/src/per/sai.h **** class SaiHandle
  43:../DaisyExamples/libDaisy/src/per/sai.h **** {
  44:../DaisyExamples/libDaisy/src/per/sai.h ****   public:
  45:../DaisyExamples/libDaisy/src/per/sai.h ****     /** Contains settings for initialising an SAI Interface */
  46:../DaisyExamples/libDaisy/src/per/sai.h ****     struct Config
  47:../DaisyExamples/libDaisy/src/per/sai.h ****     {
  48:../DaisyExamples/libDaisy/src/per/sai.h ****         /** Specifies the internal peripheral to use (mapped to different hardware pins) */
  49:../DaisyExamples/libDaisy/src/per/sai.h ****         enum class Peripheral
  50:../DaisyExamples/libDaisy/src/per/sai.h ****         {
  51:../DaisyExamples/libDaisy/src/per/sai.h ****             SAI_1,
  52:../DaisyExamples/libDaisy/src/per/sai.h ****             SAI_2,
ARM GAS  C:\Users\22bur\AppData\Local\Temp\ccVzMWQh.s 			page 100


  53:../DaisyExamples/libDaisy/src/per/sai.h ****         };
  54:../DaisyExamples/libDaisy/src/per/sai.h **** 
  55:../DaisyExamples/libDaisy/src/per/sai.h ****         /** Rate at which samples will be streaming to/from the device. */
  56:../DaisyExamples/libDaisy/src/per/sai.h ****         enum class SampleRate
  57:../DaisyExamples/libDaisy/src/per/sai.h ****         {
  58:../DaisyExamples/libDaisy/src/per/sai.h ****             SAI_8KHZ,
  59:../DaisyExamples/libDaisy/src/per/sai.h ****             SAI_16KHZ,
  60:../DaisyExamples/libDaisy/src/per/sai.h ****             SAI_32KHZ,
  61:../DaisyExamples/libDaisy/src/per/sai.h ****             SAI_48KHZ,
  62:../DaisyExamples/libDaisy/src/per/sai.h ****             SAI_96KHZ,
  63:../DaisyExamples/libDaisy/src/per/sai.h ****         };
  64:../DaisyExamples/libDaisy/src/per/sai.h **** 
  65:../DaisyExamples/libDaisy/src/per/sai.h ****         /** Bit Depth that the hardware expects to be transferred to/from the device. */
  66:../DaisyExamples/libDaisy/src/per/sai.h ****         enum class BitDepth
  67:../DaisyExamples/libDaisy/src/per/sai.h ****         {
  68:../DaisyExamples/libDaisy/src/per/sai.h ****             SAI_16BIT,
  69:../DaisyExamples/libDaisy/src/per/sai.h ****             SAI_24BIT,
  70:../DaisyExamples/libDaisy/src/per/sai.h ****             SAI_32BIT,
  71:../DaisyExamples/libDaisy/src/per/sai.h ****         };
  72:../DaisyExamples/libDaisy/src/per/sai.h **** 
  73:../DaisyExamples/libDaisy/src/per/sai.h ****         /** Specifies whether a particular block is the master or the slave 
  74:../DaisyExamples/libDaisy/src/per/sai.h ****          ** If both are set to slave, no MCLK signal will be used, and it is
  75:../DaisyExamples/libDaisy/src/per/sai.h ****          ** expected that the codec will have its own xtal.
  76:../DaisyExamples/libDaisy/src/per/sai.h ****          */
  77:../DaisyExamples/libDaisy/src/per/sai.h ****         enum class Sync
  78:../DaisyExamples/libDaisy/src/per/sai.h ****         {
  79:../DaisyExamples/libDaisy/src/per/sai.h ****             MASTER,
  80:../DaisyExamples/libDaisy/src/per/sai.h ****             SLAVE,
  81:../DaisyExamples/libDaisy/src/per/sai.h ****         };
  82:../DaisyExamples/libDaisy/src/per/sai.h **** 
  83:../DaisyExamples/libDaisy/src/per/sai.h ****         /** Specifies the direction for each peripheral block. */
  84:../DaisyExamples/libDaisy/src/per/sai.h ****         enum class Direction
  85:../DaisyExamples/libDaisy/src/per/sai.h ****         {
  86:../DaisyExamples/libDaisy/src/per/sai.h ****             TRANSMIT,
  87:../DaisyExamples/libDaisy/src/per/sai.h ****             RECEIVE,
  88:../DaisyExamples/libDaisy/src/per/sai.h ****         };
  89:../DaisyExamples/libDaisy/src/per/sai.h **** 
  90:../DaisyExamples/libDaisy/src/per/sai.h ****         Peripheral periph;
  91:../DaisyExamples/libDaisy/src/per/sai.h ****         struct
  92:../DaisyExamples/libDaisy/src/per/sai.h ****         {
  93:../DaisyExamples/libDaisy/src/per/sai.h ****             dsy_gpio_pin mclk, fs, sck, sa, sb;
  94:../DaisyExamples/libDaisy/src/per/sai.h ****         } pin_config;
  95:../DaisyExamples/libDaisy/src/per/sai.h ****         SampleRate sr;
  96:../DaisyExamples/libDaisy/src/per/sai.h ****         BitDepth   bit_depth;
  97:../DaisyExamples/libDaisy/src/per/sai.h ****         Sync       a_sync, b_sync;
  98:../DaisyExamples/libDaisy/src/per/sai.h ****         Direction  a_dir, b_dir;
  99:../DaisyExamples/libDaisy/src/per/sai.h ****     };
 100:../DaisyExamples/libDaisy/src/per/sai.h **** 
 101:../DaisyExamples/libDaisy/src/per/sai.h ****     /** Return values for SAI functions */
 102:../DaisyExamples/libDaisy/src/per/sai.h ****     enum class Result
 103:../DaisyExamples/libDaisy/src/per/sai.h ****     {
 104:../DaisyExamples/libDaisy/src/per/sai.h ****         OK,
 105:../DaisyExamples/libDaisy/src/per/sai.h ****         ERR,
 106:../DaisyExamples/libDaisy/src/per/sai.h ****     };
 107:../DaisyExamples/libDaisy/src/per/sai.h **** 
 108:../DaisyExamples/libDaisy/src/per/sai.h ****     SaiHandle() : pimpl_(nullptr) {}
 2495              		.loc 16 108 5 is_stmt 1 view .LVU650
ARM GAS  C:\Users\22bur\AppData\Local\Temp\ccVzMWQh.s 			page 101


 2496              	.LBB632:
 2497              	.LBB633:
 2498              		.loc 16 108 33 is_stmt 0 view .LVU651
 2499 0012 C563     		str	r5, [r0, #60]
 2500              	.LVL183:
 2501              		.loc 16 108 33 view .LVU652
 2502              	.LBE633:
 2503              	.LBE632:
 2504              	.LBE631:
 2505              	.LBE635:
 2506              	.LBE674:
  21:main.cpp      **** MidiUartHandler midi;
 2507              		.loc 7 21 18 view .LVU653
 2508 0014 FFF7FEFF 		bl	__aeabi_atexit
 2509              	.LVL184:
 2510              	.LBB675:
 2511              	.LBI637:
 155:../DaisyExamples/libDaisy/src/hid/midi.h ****     ~MidiHandler() {}
 2512              		.loc 9 155 5 is_stmt 1 view .LVU654
 2513              	.LBB672:
 2514              	.LBB642:
 2515              	.LBI639:
 158:../DaisyExamples/libDaisy/src/hid/midi.h ****     {
 2516              		.loc 9 158 12 view .LVU655
 2517              	.LBB641:
 2518 0018 2046     		mov	r0, r4
 2519 001a FFF7FEFF 		bl	_ZN5daisy17MidiUartTransport6ConfigC1Ev
 2520              	.LVL185:
 158:../DaisyExamples/libDaisy/src/hid/midi.h ****     {
 2521              		.loc 9 158 12 is_stmt 0 view .LVU656
 2522              	.LBE641:
 2523              	.LBE642:
 2524              	.LBB643:
 2525              	.LBI643:
  31:../DaisyExamples/libDaisy/src/hid/midi.h ****     ~MidiUartTransport() {}
 2526              		.loc 9 31 5 is_stmt 1 view .LVU657
 2527              	.LBB644:
 2528              	.LBB645:
 2529              	.LBI645:
  83:../DaisyExamples/libDaisy/src/per/uart.h ****         }
  84:../DaisyExamples/libDaisy/src/per/uart.h **** 
  85:../DaisyExamples/libDaisy/src/per/uart.h ****         Peripheral periph;
  86:../DaisyExamples/libDaisy/src/per/uart.h ****         StopBits   stopbits;
  87:../DaisyExamples/libDaisy/src/per/uart.h ****         Parity     parity;
  88:../DaisyExamples/libDaisy/src/per/uart.h ****         Mode       mode;
  89:../DaisyExamples/libDaisy/src/per/uart.h ****         WordLength wordlength;
  90:../DaisyExamples/libDaisy/src/per/uart.h ****         uint32_t   baudrate;
  91:../DaisyExamples/libDaisy/src/per/uart.h ****     };
  92:../DaisyExamples/libDaisy/src/per/uart.h **** 
  93:../DaisyExamples/libDaisy/src/per/uart.h **** 
  94:../DaisyExamples/libDaisy/src/per/uart.h ****     UartHandler() : pimpl_(nullptr) {}
 2530              		.loc 11 94 5 view .LVU658
 2531              		.loc 11 94 5 is_stmt 0 view .LVU659
 2532              	.LBE645:
 2533              	.LBE644:
 2534              	.LBE643:
 2535              	.LBB650:
ARM GAS  C:\Users\22bur\AppData\Local\Temp\ccVzMWQh.s 			page 102


 2536              	.LBI650:
  18:../DaisyExamples/libDaisy/src/hid/midi_parser.h ****     ~MidiParser() {}
 2537              		.loc 10 18 5 is_stmt 1 view .LVU660
 2538              	.LBB651:
  18:../DaisyExamples/libDaisy/src/hid/midi_parser.h ****     ~MidiParser() {}
 2539              		.loc 10 18 17 is_stmt 0 view .LVU661
 2540 001e 40F20F73 		movw	r3, #1807
 2541 0022 2E4A     		ldr	r2, .L123+16
 2542              	.LBE651:
 2543              	.LBE650:
 2544              	.LBB654:
 2545              	.LBB655:
 2546              	.LBB656:
 2547              	.LBB657:
 2548              	.LBB658:
  15:../DaisyExamples/libDaisy/src/util/FIFO.h ****     {
 2549              		.loc 8 15 75 view .LVU662
 2550 0024 04F1D001 		add	r1, r4, #208
 2551              	.LBE658:
 2552              	.LBE657:
 2553              	.LBE656:
 2554              	.LBE655:
 2555              	.LBE654:
 2556              	.LBB667:
 2557              	.LBB652:
  18:../DaisyExamples/libDaisy/src/hid/midi_parser.h ****     ~MidiParser() {}
 2558              		.loc 10 18 17 view .LVU663
 2559 0028 A4F8BC30 		strh	r3, [r4, #188]	@ movhi
 2560              	.LVL186:
  18:../DaisyExamples/libDaisy/src/hid/midi_parser.h ****     ~MidiParser() {}
 2561              		.loc 10 18 17 view .LVU664
 2562              	.LBE652:
 2563              	.LBE667:
 2564              	.LBB668:
 2565              	.LBI654:
 299:../DaisyExamples/libDaisy/src/util/FIFO.h **** {
 300:../DaisyExamples/libDaisy/src/util/FIFO.h ****   public:
 301:../DaisyExamples/libDaisy/src/util/FIFO.h ****     /** Creates an empty FIFO */
 302:../DaisyExamples/libDaisy/src/util/FIFO.h ****     FIFO() : FIFOBase<T>(buffer_, capacity + 1) {}
 2566              		.loc 8 302 5 is_stmt 1 view .LVU665
 2567              	.LBB665:
 2568              	.LBB663:
 2569              	.LBI656:
  14:../DaisyExamples/libDaisy/src/util/FIFO.h ****     : buffer_(buffer), bufferSize_(bufferSize), bufferIn_(0), bufferOut_(0)
 2570              		.loc 8 14 5 view .LVU666
 2571              	.LBB661:
 2572              	.LBB659:
  15:../DaisyExamples/libDaisy/src/util/FIFO.h ****     {
 2573              		.loc 8 15 75 is_stmt 0 view .LVU667
 2574 002c 40F20113 		movw	r3, #257
 2575              	.LBE659:
 2576              	.LBE661:
 2577              	.LBE663:
 2578              	.LBE665:
 2579              	.LBE668:
 2580              	.LBB669:
 2581              	.LBB653:
ARM GAS  C:\Users\22bur\AppData\Local\Temp\ccVzMWQh.s 			page 103


  18:../DaisyExamples/libDaisy/src/hid/midi_parser.h ****     ~MidiParser() {}
 2582              		.loc 10 18 17 view .LVU668
 2583 0030 C4F8B820 		str	r2, [r4, #184]
 2584              	.LBE653:
 2585              	.LBE669:
 2586              	.LBE672:
 2587              	.LBE675:
  22:main.cpp      **** Wavetable wt;
 2588              		.loc 7 22 17 view .LVU669
 2589 0034 2046     		mov	r0, r4
 2590 0036 274A     		ldr	r2, .L123+8
 2591              	.LBB676:
 2592              	.LBB673:
 2593              	.LBB670:
 2594              	.LBB649:
 2595              	.LBB648:
 2596              	.LBB646:
 2597              	.LBB647:
 2598              		.loc 11 94 35 view .LVU670
 2599 0038 2561     		str	r5, [r4, #16]
 2600              	.LBE647:
 2601              	.LBE646:
 2602              	.LBE648:
 2603              	.LBE649:
 2604              	.LBE670:
 2605              	.LBB671:
 2606              	.LBB666:
 2607              	.LBB664:
 2608              	.LBB662:
 2609              	.LBB660:
  15:../DaisyExamples/libDaisy/src/util/FIFO.h ****     {
 2610              		.loc 8 15 75 view .LVU671
 2611 003a C4E93013 		strd	r1, r3, [r4, #192]
 2612 003e C4E93255 		strd	r5, r5, [r4, #200]
 2613              	.LVL187:
  15:../DaisyExamples/libDaisy/src/util/FIFO.h ****     {
 2614              		.loc 8 15 75 view .LVU672
 2615              	.LBE660:
 2616              	.LBE662:
 2617              	.LBE664:
 2618              	.LBE666:
 2619              	.LBE671:
 2620              	.LBE673:
 2621              	.LBE676:
  22:main.cpp      **** Wavetable wt;
 2622              		.loc 7 22 17 view .LVU673
 2623 0042 2749     		ldr	r1, .L123+20
 2624 0044 FFF7FEFF 		bl	__aeabi_atexit
 2625              	.LVL188:
  23:main.cpp      **** Adsr adsr[8];
 2626              		.loc 7 23 11 view .LVU674
 2627 0048 2648     		ldr	r0, .L123+24
 2628 004a FFF7FEFF 		bl	_ZN9WavetableC1Ev
 2629              	.LVL189:
 2630 004e 214A     		ldr	r2, .L123+8
 2631 0050 2549     		ldr	r1, .L123+28
 2632 0052 2448     		ldr	r0, .L123+24
ARM GAS  C:\Users\22bur\AppData\Local\Temp\ccVzMWQh.s 			page 104


 2633 0054 FFF7FEFF 		bl	__aeabi_atexit
 2634              	.LVL190:
  24:main.cpp      **** bool notes_on[8] = {0,0,0,0,0,0,0,0}; // bool to store if a note is currently being played
 2635              		.loc 7 24 12 is_stmt 1 view .LVU675
 2636 0058 244B     		ldr	r3, .L123+32
 2637 005a 03F5C070 		add	r0, r3, #384
 2638              	.L120:
 2639              	.LVL191:
 2640              	.LBB677:
 2641              	.LBI677:
  44:../DaisyExamples/DaisySP/Source/Control/adsr.h ****     ~Adsr() {}
 2642              		.loc 13 44 5 view .LVU676
 2643              	.LBE677:
  24:main.cpp      **** bool notes_on[8] = {0,0,0,0,0,0,0,0}; // bool to store if a note is currently being played
 2644              		.loc 7 24 12 is_stmt 0 view .LVU677
 2645 005e 3033     		adds	r3, r3, #48
 2646              	.LVL192:
 2647              	.LBB680:
 2648              	.LBB678:
  44:../DaisyExamples/DaisySP/Source/Control/adsr.h ****     ~Adsr() {}
 2649              		.loc 13 44 12 view .LVU678
 2650 0060 0022     		movs	r2, #0
 2651 0062 2349     		ldr	r1, .L123+36
 2652 0064 0024     		movs	r4, #0
 2653              	.LBE678:
 2654              	.LBE680:
  24:main.cpp      **** bool notes_on[8] = {0,0,0,0,0,0,0,0}; // bool to store if a note is currently being played
 2655              		.loc 7 24 12 view .LVU679
 2656 0066 8342     		cmp	r3, r0
 2657              	.LBB681:
 2658              	.LBB679:
  44:../DaisyExamples/DaisySP/Source/Control/adsr.h ****     ~Adsr() {}
 2659              		.loc 13 44 12 view .LVU680
 2660 0068 43F8302C 		str	r2, [r3, #-48]	@ float
 2661 006c 43F82C2C 		str	r2, [r3, #-44]	@ float
 2662 0070 43F8281C 		str	r1, [r3, #-40]	@ float
 2663 0074 43F8242C 		str	r2, [r3, #-36]	@ float
 2664 0078 43F8201C 		str	r1, [r3, #-32]	@ float
 2665 007c 43F81C1C 		str	r1, [r3, #-28]	@ float
 2666 0080 43F8181C 		str	r1, [r3, #-24]	@ float
 2667 0084 43F8142C 		str	r2, [r3, #-20]	@ float
 2668 0088 43F8102C 		str	r2, [r3, #-16]	@ float
 2669 008c 43F80C2C 		str	r2, [r3, #-12]	@ float
 2670 0090 03F8044C 		strb	r4, [r3, #-4]
 2671 0094 03F8034C 		strb	r4, [r3, #-3]
 2672              	.LVL193:
  44:../DaisyExamples/DaisySP/Source/Control/adsr.h ****     ~Adsr() {}
 2673              		.loc 13 44 12 view .LVU681
 2674              	.LBE679:
 2675              	.LBE681:
  24:main.cpp      **** bool notes_on[8] = {0,0,0,0,0,0,0,0}; // bool to store if a note is currently being played
 2676              		.loc 7 24 12 is_stmt 1 view .LVU682
  24:main.cpp      **** bool notes_on[8] = {0,0,0,0,0,0,0,0}; // bool to store if a note is currently being played
 2677              		.loc 7 24 12 view .LVU683
 2678 0098 E1D1     		bne	.L120
  24:main.cpp      **** bool notes_on[8] = {0,0,0,0,0,0,0,0}; // bool to store if a note is currently being played
 2679              		.loc 7 24 6 is_stmt 0 view .LVU684
ARM GAS  C:\Users\22bur\AppData\Local\Temp\ccVzMWQh.s 			page 105


 2680 009a 0E4A     		ldr	r2, .L123+8
 2681 009c 2046     		mov	r0, r4
 2682 009e 1549     		ldr	r1, .L123+40
 2683              	.LBB682:
 2684              	.LBB683:
 2685              	.LBB684:
 2686              	.LBB685:
 2687              	.LBB686:
  15:../DaisyExamples/libDaisy/src/util/FIFO.h ****     {
 2688              		.loc 8 15 75 view .LVU685
 2689 00a0 8125     		movs	r5, #129
 2690              	.LBE686:
 2691              	.LBE685:
 2692              	.LBE684:
 2693              	.LBE683:
 2694              	.LBE682:
  24:main.cpp      **** bool notes_on[8] = {0,0,0,0,0,0,0,0}; // bool to store if a note is currently being played
 2695              		.loc 7 24 6 view .LVU686
 2696 00a2 FFF7FEFF 		bl	__aeabi_atexit
 2697              	.LVL194:
  39:main.cpp      **** 
 2698              		.loc 7 39 40 view .LVU687
 2699 00a6 FFF7FEFF 		bl	_ZN5daisy6System6GetNowEv
 2700              	.LVL195:
 2701              	.LBB701:
 2702              	.LBB697:
 2703              	.LBB693:
 2704              	.LBB690:
 2705              	.LBB687:
  15:../DaisyExamples/libDaisy/src/util/FIFO.h ****     {
 2706              		.loc 8 15 75 view .LVU688
 2707 00aa 134B     		ldr	r3, .L123+44
 2708              	.LBE687:
 2709              	.LBE690:
 2710              	.LBE693:
 2711              	.LBE697:
 2712              	.LBE701:
  39:main.cpp      **** 
 2713              		.loc 7 39 15 view .LVU689
 2714 00ac 134A     		ldr	r2, .L123+48
 2715              	.LBB702:
 2716              	.LBB698:
 2717              	.LBB694:
 2718              	.LBB691:
 2719              	.LBB688:
  15:../DaisyExamples/libDaisy/src/util/FIFO.h ****     {
 2720              		.loc 8 15 75 view .LVU690
 2721 00ae 03F11001 		add	r1, r3, #16
 2722              	.LBE688:
 2723              	.LBE691:
 2724              	.LBE694:
 2725              	.LBE698:
 2726              	.LBE702:
  39:main.cpp      **** 
 2727              		.loc 7 39 15 view .LVU691
 2728 00b2 1060     		str	r0, [r2]
 2729              	.LVL196:
ARM GAS  C:\Users\22bur\AppData\Local\Temp\ccVzMWQh.s 			page 106


 2730              	.LBB703:
 2731              	.LBI682:
 2732              		.loc 8 302 5 is_stmt 1 view .LVU692
 2733              	.LBB699:
 2734              	.LBB695:
 2735              	.LBI684:
  14:../DaisyExamples/libDaisy/src/util/FIFO.h ****     : buffer_(buffer), bufferSize_(bufferSize), bufferIn_(0), bufferOut_(0)
 2736              		.loc 8 14 5 view .LVU693
 2737              	.LBE695:
 2738              	.LBE699:
 2739              	.LBE703:
  41:main.cpp      **** 
 2740              		.loc 7 41 22 is_stmt 0 view .LVU694
 2741 00b4 1846     		mov	r0, r3
 2742 00b6 074A     		ldr	r2, .L123+8
 2743              	.LBB704:
 2744              	.LBB700:
 2745              	.LBB696:
 2746              	.LBB692:
 2747              	.LBB689:
  15:../DaisyExamples/libDaisy/src/util/FIFO.h ****     {
 2748              		.loc 8 15 75 view .LVU695
 2749 00b8 C3E90015 		strd	r1, r5, [r3]
 2750 00bc C3E90244 		strd	r4, r4, [r3, #8]
 2751              	.LVL197:
  15:../DaisyExamples/libDaisy/src/util/FIFO.h ****     {
 2752              		.loc 8 15 75 view .LVU696
 2753              	.LBE689:
 2754              	.LBE692:
 2755              	.LBE696:
 2756              	.LBE700:
 2757              	.LBE704:
  41:main.cpp      **** 
 2758              		.loc 7 41 22 view .LVU697
 2759 00c0 0F49     		ldr	r1, .L123+52
 2760              	.LBE705:
 2761              	.LBE707:
 2762              		.loc 7 234 1 view .LVU698
 2763 00c2 BDE83840 		pop	{r3, r4, r5, lr}
 2764              		.cfi_restore 14
 2765              		.cfi_restore 5
 2766              		.cfi_restore 4
 2767              		.cfi_restore 3
 2768              		.cfi_def_cfa_offset 0
 2769              	.LBB708:
 2770              	.LBB706:
  41:main.cpp      **** 
 2771              		.loc 7 41 22 view .LVU699
 2772 00c6 FFF7FEBF 		b	__aeabi_atexit
 2773              	.LVL198:
 2774              	.L124:
 2775 00ca 00BF     		.align	2
 2776              	.L123:
 2777 00cc 00000000 		.word	.LANCHOR5
 2778 00d0 00000000 		.word	midi
 2779 00d4 00000000 		.word	__dso_handle
 2780 00d8 00000000 		.word	_ZN5daisy9DaisySeedD1Ev
ARM GAS  C:\Users\22bur\AppData\Local\Temp\ccVzMWQh.s 			page 107


 2781 00dc 0080707F 		.word	2138079232
 2782 00e0 00000000 		.word	_ZN5daisy11MidiHandlerINS_17MidiUartTransportEED1Ev
 2783 00e4 00000000 		.word	wt
 2784 00e8 00000000 		.word	_ZN9WavetableD1Ev
 2785 00ec 00000000 		.word	.LANCHOR3
 2786 00f0 000080BF 		.word	-1082130432
 2787 00f4 00000000 		.word	__tcf_0
 2788 00f8 00000000 		.word	event_log
 2789 00fc 00000000 		.word	.LANCHOR7
 2790 0100 00000000 		.word	_ZN5daisy4FIFOINS_9MidiEventELj128EED1Ev
 2791              	.LBE706:
 2792              	.LBE708:
 2793              		.cfi_endproc
 2794              	.LFE5338:
 2796              		.section	.init_array,"aw",%init_array
 2797              		.align	2
 2798 0000 00000000 		.word	_GLOBAL__sub_I_midi(target1)
 2799              		.global	mix
 2800              		.global	oscillators_out
 2801              		.global	event_log
 2802              		.global	log_time
 2803              		.global	now
 2804              		.global	release
 2805              		.global	sustain
 2806              		.global	decay
 2807              		.global	attack
 2808              		.global	wt_index
 2809              		.global	volume
 2810              		.global	notes_on
 2811              		.global	adsr
 2812              		.global	wt
 2813              		.global	midi
 2814              		.section	.bss._ZL2hw,"aw",%nobits
 2815              		.align	2
 2816              		.set	.LANCHOR5,. + 0
 2819              	_ZL2hw:
 2820 0000 00000000 		.space	64
 2820      00000000 
 2820      00000000 
 2820      00000000 
 2820      00000000 
 2821              		.section	.bss.adsr,"aw",%nobits
 2822              		.align	2
 2823              		.set	.LANCHOR3,. + 0
 2826              	adsr:
 2827 0000 00000000 		.space	384
 2827      00000000 
 2827      00000000 
 2827      00000000 
 2827      00000000 
 2828              		.section	.bss.attack,"aw",%nobits
 2829              		.align	2
 2830              		.set	.LANCHOR9,. + 0
 2833              	attack:
 2834 0000 00000000 		.space	4
 2835              		.section	.bss.decay,"aw",%nobits
 2836              		.align	2
ARM GAS  C:\Users\22bur\AppData\Local\Temp\ccVzMWQh.s 			page 108


 2837              		.set	.LANCHOR10,. + 0
 2840              	decay:
 2841 0000 00000000 		.space	4
 2842              		.section	.bss.event_log,"aw",%nobits
 2843              		.align	2
 2846              	event_log:
 2847 0000 00000000 		.space	18592
 2847      00000000 
 2847      00000000 
 2847      00000000 
 2847      00000000 
 2848              		.section	.bss.log_time,"aw",%nobits
 2849              		.align	2
 2850              		.set	.LANCHOR7,. + 0
 2853              	log_time:
 2854 0000 00000000 		.space	4
 2855              		.section	.bss.midi,"aw",%nobits
 2856              		.align	2
 2859              	midi:
 2860 0000 00000000 		.space	37216
 2860      00000000 
 2860      00000000 
 2860      00000000 
 2860      00000000 
 2861              		.section	.bss.mix,"aw",%nobits
 2862              		.align	2
 2863              		.set	.LANCHOR1,. + 0
 2866              	mix:
 2867 0000 00000000 		.space	4
 2868              		.section	.bss.notes_on,"aw",%nobits
 2869              		.align	2
 2870              		.set	.LANCHOR2,. + 0
 2873              	notes_on:
 2874 0000 00000000 		.space	8
 2874      00000000 
 2875              		.section	.bss.now,"aw",%nobits
 2876              		.align	2
 2877              		.set	.LANCHOR6,. + 0
 2880              	now:
 2881 0000 00000000 		.space	4
 2882              		.section	.bss.oscillators_out,"aw",%nobits
 2883              		.align	2
 2884              		.set	.LANCHOR0,. + 0
 2887              	oscillators_out:
 2888 0000 00000000 		.space	32
 2888      00000000 
 2888      00000000 
 2888      00000000 
 2888      00000000 
 2889              		.section	.bss.release,"aw",%nobits
 2890              		.align	2
 2891              		.set	.LANCHOR12,. + 0
 2894              	release:
 2895 0000 00000000 		.space	4
 2896              		.section	.bss.sustain,"aw",%nobits
 2897              		.align	2
 2898              		.set	.LANCHOR11,. + 0
ARM GAS  C:\Users\22bur\AppData\Local\Temp\ccVzMWQh.s 			page 109


 2901              	sustain:
 2902 0000 00000000 		.space	4
 2903              		.section	.bss.volume,"aw",%nobits
 2904              		.align	2
 2905              		.set	.LANCHOR4,. + 0
 2908              	volume:
 2909 0000 00000000 		.space	4
 2910              		.section	.bss.wt,"aw",%nobits
 2911              		.align	2
 2914              	wt:
 2915 0000 00000000 		.space	65656
 2915      00000000 
 2915      00000000 
 2915      00000000 
 2915      00000000 
 2916              		.section	.bss.wt_index,"aw",%nobits
 2917              		.align	2
 2918              		.set	.LANCHOR8,. + 0
 2921              	wt_index:
 2922 0000 00000000 		.space	4
 2923              		.text
 2924              	.Letext0:
 2925              		.file 17 "c:\\program files\\daisytoolchain\\arm-none-eabi\\include\\machine\\_default_types.h"
 2926              		.file 18 "c:\\program files\\daisytoolchain\\arm-none-eabi\\include\\sys\\_stdint.h"
 2927              		.file 19 "c:\\program files\\daisytoolchain\\arm-none-eabi\\include\\stdint.h"
 2928              		.file 20 "c:\\program files\\daisytoolchain\\lib\\gcc\\arm-none-eabi\\10.2.1\\include\\stddef.h"
 2929              		.file 21 "c:\\program files\\daisytoolchain\\arm-none-eabi\\include\\c++\\10.2.1\\cmath"
 2930              		.file 22 "c:\\program files\\daisytoolchain\\arm-none-eabi\\include\\c++\\10.2.1\\bits\\std_abs.h"
 2931              		.file 23 "c:\\program files\\daisytoolchain\\arm-none-eabi\\include\\c++\\10.2.1\\cstdint"
 2932              		.file 24 "c:\\program files\\daisytoolchain\\arm-none-eabi\\include\\c++\\10.2.1\\cstdlib"
 2933              		.file 25 "c:\\program files\\daisytoolchain\\arm-none-eabi\\include\\c++\\10.2.1\\arm-none-eabi\\t
 2934              		.file 26 "c:\\program files\\daisytoolchain\\arm-none-eabi\\include\\c++\\10.2.1\\type_traits"
 2935              		.file 27 "c:\\program files\\daisytoolchain\\arm-none-eabi\\include\\c++\\10.2.1\\debug\\debug.h"
 2936              		.file 28 "c:\\program files\\daisytoolchain\\arm-none-eabi\\include\\c++\\10.2.1\\cwchar"
 2937              		.file 29 "c:\\program files\\daisytoolchain\\arm-none-eabi\\include\\c++\\10.2.1\\bits\\stl_pair.h
 2938              		.file 30 "c:\\program files\\daisytoolchain\\arm-none-eabi\\include\\c++\\10.2.1\\bits\\exception_
 2939              		.file 31 "c:\\program files\\daisytoolchain\\arm-none-eabi\\include\\c++\\10.2.1\\clocale"
 2940              		.file 32 "c:\\program files\\daisytoolchain\\arm-none-eabi\\include\\c++\\10.2.1\\cstdio"
 2941              		.file 33 "c:\\program files\\daisytoolchain\\arm-none-eabi\\include\\c++\\10.2.1\\bits\\basic_stri
 2942              		.file 34 "c:\\program files\\daisytoolchain\\arm-none-eabi\\include\\c++\\10.2.1\\bits\\charconv.h
 2943              		.file 35 "c:\\program files\\daisytoolchain\\arm-none-eabi\\include\\c++\\10.2.1\\bits\\algorithmf
 2944              		.file 36 "c:\\program files\\daisytoolchain\\arm-none-eabi\\include\\c++\\10.2.1\\cstring"
 2945              		.file 37 "c:\\program files\\daisytoolchain\\arm-none-eabi\\include\\c++\\10.2.1\\initializer_list
 2946              		.file 38 "c:\\program files\\daisytoolchain\\arm-none-eabi\\include\\c++\\10.2.1\\cstdarg"
 2947              		.file 39 "c:\\program files\\daisytoolchain\\arm-none-eabi\\include\\c++\\10.2.1\\array"
 2948              		.file 40 "c:\\program files\\daisytoolchain\\arm-none-eabi\\include\\c++\\10.2.1\\bits\\predefined
 2949              		.file 41 "c:\\program files\\daisytoolchain\\arm-none-eabi\\include\\sys\\_types.h"
 2950              		.file 42 "c:\\program files\\daisytoolchain\\arm-none-eabi\\include\\sys\\reent.h"
 2951              		.file 43 "c:\\program files\\daisytoolchain\\arm-none-eabi\\include\\sys\\lock.h"
 2952              		.file 44 "c:\\program files\\daisytoolchain\\arm-none-eabi\\include\\math.h"
 2953              		.file 45 "c:\\program files\\daisytoolchain\\arm-none-eabi\\include\\stdlib.h"
 2954              		.file 46 "c:\\program files\\daisytoolchain\\arm-none-eabi\\include\\c++\\10.2.1\\math.h"
 2955              		.file 47 "../DaisyExamples/DaisySP/Source/Control/adenv.h"
 2956              		.file 48 "../DaisyExamples/DaisySP/Source/Utility/dsp.h"
 2957              		.file 49 "c:\\program files\\daisytoolchain\\lib\\gcc\\arm-none-eabi\\10.2.1\\include\\stdarg.h"
 2958              		.file 50 "c:\\program files\\daisytoolchain\\arm-none-eabi\\include\\wchar.h"
 2959              		.file 51 "c:\\program files\\daisytoolchain\\arm-none-eabi\\include\\locale.h"
ARM GAS  C:\Users\22bur\AppData\Local\Temp\ccVzMWQh.s 			page 110


 2960              		.file 52 "c:\\program files\\daisytoolchain\\arm-none-eabi\\include\\stdio.h"
 2961              		.file 53 "c:\\program files\\daisytoolchain\\arm-none-eabi\\include\\c++\\10.2.1\\stdlib.h"
 2962              		.file 54 "c:\\program files\\daisytoolchain\\arm-none-eabi\\include\\string.h"
 2963              		.file 55 "../DaisyExamples/libDaisy/src/daisy_core.h"
 2964              		.file 56 "../DaisyExamples/libDaisy/src/per/tim.h"
 2965              		.file 57 "../DaisyExamples/libDaisy/src/hid/MidiEvent.h"
 2966              		.file 58 "../DaisyExamples/libDaisy/src/hid/logger_impl.h"
 2967              		.file 59 "../DaisyExamples/libDaisy/src/util/wav_format.h"
 2968              		.file 60 "../DaisyExamples/libDaisy/src/dev/max11300.h"
 2969              		.file 61 "../DaisyExamples/libDaisy/src/hid/logger.h"
 2970              		.file 62 "../DaisyExamples/libDaisy/src/per/gpio.h"
 2971              		.file 63 "../DaisyExamples/libDaisy/src/dev/sdram.h"
 2972              		.file 64 "../DaisyExamples/libDaisy/src/dev/sr_595.h"
 2973              		.file 65 "../DaisyExamples/libDaisy/src/sys/dma.h"
 2974              		.file 66 "<built-in>"
ARM GAS  C:\Users\22bur\AppData\Local\Temp\ccVzMWQh.s 			page 111


DEFINED SYMBOLS
                            *ABS*:00000000 main.cpp
C:\Users\22bur\AppData\Local\Temp\ccVzMWQh.s:17     .text._ZN5daisy9DaisySeedD2Ev:00000000 $t
C:\Users\22bur\AppData\Local\Temp\ccVzMWQh.s:26     .text._ZN5daisy9DaisySeedD2Ev:00000000 _ZN5daisy9DaisySeedD2Ev
C:\Users\22bur\AppData\Local\Temp\ccVzMWQh.s:26     .text._ZN5daisy9DaisySeedD2Ev:00000000 _ZN5daisy9DaisySeedD1Ev
C:\Users\22bur\AppData\Local\Temp\ccVzMWQh.s:67     .text._ZN9WavetableD2Ev:00000000 $t
C:\Users\22bur\AppData\Local\Temp\ccVzMWQh.s:75     .text._ZN9WavetableD2Ev:00000000 _ZN9WavetableD2Ev
C:\Users\22bur\AppData\Local\Temp\ccVzMWQh.s:75     .text._ZN9WavetableD2Ev:00000000 _ZN9WavetableD1Ev
C:\Users\22bur\AppData\Local\Temp\ccVzMWQh.s:92     .text.__tcf_0:00000000 $t
C:\Users\22bur\AppData\Local\Temp\ccVzMWQh.s:99     .text.__tcf_0:00000000 __tcf_0
C:\Users\22bur\AppData\Local\Temp\ccVzMWQh.s:113    .text._ZN5daisy4FIFOINS_9MidiEventELj128EED2Ev:00000000 $t
C:\Users\22bur\AppData\Local\Temp\ccVzMWQh.s:121    .text._ZN5daisy4FIFOINS_9MidiEventELj128EED2Ev:00000000 _ZN5daisy4FIFOINS_9MidiEventELj128EED2Ev
C:\Users\22bur\AppData\Local\Temp\ccVzMWQh.s:121    .text._ZN5daisy4FIFOINS_9MidiEventELj128EED2Ev:00000000 _ZN5daisy4FIFOINS_9MidiEventELj128EED1Ev
C:\Users\22bur\AppData\Local\Temp\ccVzMWQh.s:143    .text._ZN5daisy11MidiHandlerINS_17MidiUartTransportEED2Ev:00000000 $t
C:\Users\22bur\AppData\Local\Temp\ccVzMWQh.s:151    .text._ZN5daisy11MidiHandlerINS_17MidiUartTransportEED2Ev:00000000 _ZN5daisy11MidiHandlerINS_17MidiUartTransportEED2Ev
C:\Users\22bur\AppData\Local\Temp\ccVzMWQh.s:151    .text._ZN5daisy11MidiHandlerINS_17MidiUartTransportEED2Ev:00000000 _ZN5daisy11MidiHandlerINS_17MidiUartTransportEED1Ev
C:\Users\22bur\AppData\Local\Temp\ccVzMWQh.s:188    .text._Z13AudioCallbackPKPKfPPfj:00000000 $t
C:\Users\22bur\AppData\Local\Temp\ccVzMWQh.s:196    .text._Z13AudioCallbackPKPKfPPfj:00000000 _Z13AudioCallbackPKPKfPPfj
C:\Users\22bur\AppData\Local\Temp\ccVzMWQh.s:361    .text._Z13AudioCallbackPKPKfPPfj:000000a8 $d
C:\Users\22bur\AppData\Local\Temp\ccVzMWQh.s:2914   .bss.wt:00000000 wt
C:\Users\22bur\AppData\Local\Temp\ccVzMWQh.s:374    .text._ZN5daisy17MidiUartTransport10rxCallbackEPhjPvNS_11UartHandler6ResultE:00000000 $t
C:\Users\22bur\AppData\Local\Temp\ccVzMWQh.s:382    .text._ZN5daisy17MidiUartTransport10rxCallbackEPhjPvNS_11UartHandler6ResultE:00000000 _ZN5daisy17MidiUartTransport10rxCallbackEPhjPvNS_11UartHandler6ResultE
C:\Users\22bur\AppData\Local\Temp\ccVzMWQh.s:421    .text._ZN5daisy11MidiHandlerINS_17MidiUartTransportEE13ParseCallbackEPhjPv:00000000 $t
C:\Users\22bur\AppData\Local\Temp\ccVzMWQh.s:429    .text._ZN5daisy11MidiHandlerINS_17MidiUartTransportEE13ParseCallbackEPhjPv:00000000 _ZN5daisy11MidiHandlerINS_17MidiUartTransportEE13ParseCallbackEPhjPv
C:\Users\22bur\AppData\Local\Temp\ccVzMWQh.s:593    .rodata._Z19GetMidiTypeAsStringRN5daisy9MidiEventEPc.str1.4:00000000 $d
C:\Users\22bur\AppData\Local\Temp\ccVzMWQh.s:627    .text._Z19GetMidiTypeAsStringRN5daisy9MidiEventEPc:00000000 $t
C:\Users\22bur\AppData\Local\Temp\ccVzMWQh.s:635    .text._Z19GetMidiTypeAsStringRN5daisy9MidiEventEPc:00000000 _Z19GetMidiTypeAsStringRN5daisy9MidiEventEPc
C:\Users\22bur\AppData\Local\Temp\ccVzMWQh.s:655    .text._Z19GetMidiTypeAsStringRN5daisy9MidiEventEPc:0000000e $d
C:\Users\22bur\AppData\Local\Temp\ccVzMWQh.s:665    .text._Z19GetMidiTypeAsStringRN5daisy9MidiEventEPc:00000018 $t
C:\Users\22bur\AppData\Local\Temp\ccVzMWQh.s:825    .text._Z19GetMidiTypeAsStringRN5daisy9MidiEventEPc:0000009c $d
C:\Users\22bur\AppData\Local\Temp\ccVzMWQh.s:840    .rodata.main.str1.4:00000000 $d
C:\Users\22bur\AppData\Local\Temp\ccVzMWQh.s:855    .text.startup.main:00000000 $t
C:\Users\22bur\AppData\Local\Temp\ccVzMWQh.s:863    .text.startup.main:00000000 main
C:\Users\22bur\AppData\Local\Temp\ccVzMWQh.s:1055   .text.startup.main:000000e4 $d
C:\Users\22bur\AppData\Local\Temp\ccVzMWQh.s:1067   .text.startup.main:000000f4 $t
C:\Users\22bur\AppData\Local\Temp\ccVzMWQh.s:1911   .text.startup.main:00000414 $d
C:\Users\22bur\AppData\Local\Temp\ccVzMWQh.s:2859   .bss.midi:00000000 midi
C:\Users\22bur\AppData\Local\Temp\ccVzMWQh.s:2846   .bss.event_log:00000000 event_log
C:\Users\22bur\AppData\Local\Temp\ccVzMWQh.s:1938   .text.startup.main:0000046c $t
C:\Users\22bur\AppData\Local\Temp\ccVzMWQh.s:2349   .text.startup.main:0000060c $d
C:\Users\22bur\AppData\Local\Temp\ccVzMWQh.s:2374   .text.startup._GLOBAL__sub_I_midi:00000000 $t
C:\Users\22bur\AppData\Local\Temp\ccVzMWQh.s:2381   .text.startup._GLOBAL__sub_I_midi:00000000 _GLOBAL__sub_I_midi
C:\Users\22bur\AppData\Local\Temp\ccVzMWQh.s:2777   .text.startup._GLOBAL__sub_I_midi:000000cc $d
C:\Users\22bur\AppData\Local\Temp\ccVzMWQh.s:2797   .init_array:00000000 $d
C:\Users\22bur\AppData\Local\Temp\ccVzMWQh.s:2866   .bss.mix:00000000 mix
C:\Users\22bur\AppData\Local\Temp\ccVzMWQh.s:2887   .bss.oscillators_out:00000000 oscillators_out
C:\Users\22bur\AppData\Local\Temp\ccVzMWQh.s:2853   .bss.log_time:00000000 log_time
C:\Users\22bur\AppData\Local\Temp\ccVzMWQh.s:2880   .bss.now:00000000 now
C:\Users\22bur\AppData\Local\Temp\ccVzMWQh.s:2894   .bss.release:00000000 release
C:\Users\22bur\AppData\Local\Temp\ccVzMWQh.s:2901   .bss.sustain:00000000 sustain
C:\Users\22bur\AppData\Local\Temp\ccVzMWQh.s:2840   .bss.decay:00000000 decay
C:\Users\22bur\AppData\Local\Temp\ccVzMWQh.s:2833   .bss.attack:00000000 attack
C:\Users\22bur\AppData\Local\Temp\ccVzMWQh.s:2921   .bss.wt_index:00000000 wt_index
C:\Users\22bur\AppData\Local\Temp\ccVzMWQh.s:2908   .bss.volume:00000000 volume
C:\Users\22bur\AppData\Local\Temp\ccVzMWQh.s:2873   .bss.notes_on:00000000 notes_on
C:\Users\22bur\AppData\Local\Temp\ccVzMWQh.s:2826   .bss.adsr:00000000 adsr
C:\Users\22bur\AppData\Local\Temp\ccVzMWQh.s:2815   .bss._ZL2hw:00000000 $d
ARM GAS  C:\Users\22bur\AppData\Local\Temp\ccVzMWQh.s 			page 112


C:\Users\22bur\AppData\Local\Temp\ccVzMWQh.s:2819   .bss._ZL2hw:00000000 _ZL2hw
C:\Users\22bur\AppData\Local\Temp\ccVzMWQh.s:2822   .bss.adsr:00000000 $d
C:\Users\22bur\AppData\Local\Temp\ccVzMWQh.s:2829   .bss.attack:00000000 $d
C:\Users\22bur\AppData\Local\Temp\ccVzMWQh.s:2836   .bss.decay:00000000 $d
C:\Users\22bur\AppData\Local\Temp\ccVzMWQh.s:2843   .bss.event_log:00000000 $d
C:\Users\22bur\AppData\Local\Temp\ccVzMWQh.s:2849   .bss.log_time:00000000 $d
C:\Users\22bur\AppData\Local\Temp\ccVzMWQh.s:2856   .bss.midi:00000000 $d
C:\Users\22bur\AppData\Local\Temp\ccVzMWQh.s:2862   .bss.mix:00000000 $d
C:\Users\22bur\AppData\Local\Temp\ccVzMWQh.s:2869   .bss.notes_on:00000000 $d
C:\Users\22bur\AppData\Local\Temp\ccVzMWQh.s:2876   .bss.now:00000000 $d
C:\Users\22bur\AppData\Local\Temp\ccVzMWQh.s:2883   .bss.oscillators_out:00000000 $d
C:\Users\22bur\AppData\Local\Temp\ccVzMWQh.s:2890   .bss.release:00000000 $d
C:\Users\22bur\AppData\Local\Temp\ccVzMWQh.s:2897   .bss.sustain:00000000 $d
C:\Users\22bur\AppData\Local\Temp\ccVzMWQh.s:2904   .bss.volume:00000000 $d
C:\Users\22bur\AppData\Local\Temp\ccVzMWQh.s:2911   .bss.wt:00000000 $d
C:\Users\22bur\AppData\Local\Temp\ccVzMWQh.s:2917   .bss.wt_index:00000000 $d
                           .group:00000000 _ZN5daisy9DaisySeedD5Ev
                           .group:00000000 _ZN9WavetableD5Ev
                           .group:00000000 _ZN5daisy4FIFOINS_9MidiEventELj128EED5Ev
                           .group:00000000 _ZN5daisy11MidiHandlerINS_17MidiUartTransportEED5Ev

UNDEFINED SYMBOLS
_ZN9Wavetable7ProcessEv
_ZN7daisysp4Adsr7ProcessEb
_ZN5daisy10MidiParser5ParseEhPNS_9MidiEventE
memcpy
_ZN5daisy9DaisySeed9ConfigureEv
_ZN5daisy9DaisySeed4InitEb
_ZN5daisy9DaisySeed17SetAudioBlockSizeEj
_ZN5daisy6LoggerILNS_17LoggerDestinationE1EE8StartLogEb
_ZN5daisy9DaisySeed15AudioSampleRateEv
sinf
_ZN9Wavetable4InitEfRKSt5arrayIS0_IfLj2048EELj8EEi
_ZN9Wavetable8SetIndexEif
_ZN5daisy17MidiUartTransport6ConfigC1Ev
memset
_ZN5daisy11UartHandler4InitERKNS0_6ConfigE
_ZN5daisy10MidiParser5ResetEv
dsy_dma_clear_cache_for_buffer
_ZN5daisy11UartHandler14DmaListenStartEPhjPFvS1_jPvNS0_6ResultEES2_
_ZN5daisy16AdcChannelConfig10InitSingleE12dsy_gpio_pinNS0_15ConversionSpeedE
_ZN5daisy9AdcHandle4InitEPNS_16AdcChannelConfigEjNS0_12OverSamplingE
_ZN5daisy9AdcHandle5StartEv
_ZN7daisysp4Adsr4InitEfi
_ZN7daisysp4Adsr13SetAttackTimeEff
_ZN7daisysp4Adsr12SetDecayTimeEf
_ZN7daisysp4Adsr14SetReleaseTimeEf
_ZN5daisy9DaisySeed10StartAudioEPFvPKPKfPPfjE
_ZN9Wavetable7AddNoteEh
_ZN7daisysp4Adsr9RetriggerEb
_ZN5daisy6System5DelayEm
_ZN5daisy6System6GetNowEv
_ZNK5daisy11UartHandler11IsListeningEv
sprintf
_ZN5daisy6LoggerILNS_17LoggerDestinationE1EE9PrintLineEPKcz
_ZNK5daisy9AdcHandle8GetFloatEh
_ZN9Wavetable10RemoveNoteEh
ARM GAS  C:\Users\22bur\AppData\Local\Temp\ccVzMWQh.s 			page 113


__aeabi_atexit
_ZN9WavetableC1Ev
__dso_handle
