ARM GAS  C:\Users\22bur\AppData\Local\Temp\ccvOYMxf.s 			page 1


   1              		.cpu cortex-m7
   2              		.eabi_attribute 28, 1
   3              		.eabi_attribute 20, 1
   4              		.eabi_attribute 21, 1
   5              		.eabi_attribute 23, 3
   6              		.eabi_attribute 24, 1
   7              		.eabi_attribute 25, 1
   8              		.eabi_attribute 26, 1
   9              		.eabi_attribute 30, 2
  10              		.eabi_attribute 34, 1
  11              		.eabi_attribute 18, 4
  12              		.file	"wavetable.cpp"
  13              		.text
  14              	.Ltext0:
  15              		.cfi_sections	.debug_frame
  16              		.section	.text._ZN9WavetableC2Ev,"ax",%progbits
  17              		.align	1
  18              		.p2align 2,,3
  19              		.global	_ZN9WavetableC2Ev
  20              		.arch armv7e-m
  21              		.syntax unified
  22              		.thumb
  23              		.thumb_func
  24              		.fpu fpv5-d16
  26              	_ZN9WavetableC2Ev:
  27              	.LVL0:
  28              	.LFB4727:
  29              		.file 1 "wavetable.cpp"
   1:wavetable.cpp **** 
   2:wavetable.cpp **** #include "daisysp.h"
   3:wavetable.cpp **** #include "wavetable.h"
   4:wavetable.cpp **** #include "daisy_seed.h"
   5:wavetable.cpp **** 
   6:wavetable.cpp **** 
   7:wavetable.cpp **** // Defailt constructor
   8:wavetable.cpp **** Wavetable::Wavetable() 
  30              		.loc 1 8 1 view -0
  31              		.cfi_startproc
  32              		@ args = 0, pretend = 0, frame = 0
  33              		@ frame_needed = 0, uses_anonymous_args = 0
  34              	.LBB135:
   9:wavetable.cpp **** {
  10:wavetable.cpp ****     this->phases.fill(0.0f);
  35              		.loc 1 10 5 view .LVU1
  36              	.LBE135:
   8:wavetable.cpp **** {
  37              		.loc 1 8 1 is_stmt 0 view .LVU2
  38 0000 10B5     		push	{r4, lr}
  39              		.cfi_def_cfa_offset 8
  40              		.cfi_offset 4, -8
  41              		.cfi_offset 14, -4
   8:wavetable.cpp **** {
  42              		.loc 1 8 1 view .LVU3
  43 0002 0446     		mov	r4, r0
  44              	.LBB153:
  45              	.LBB136:
  46              	.LBB137:
ARM GAS  C:\Users\22bur\AppData\Local\Temp\ccvOYMxf.s 			page 2


  47              	.LBB138:
  48              	.LBB139:
  49              	.LBB140:
  50              	.LBB141:
  51              	.LBB142:
  52              		.file 2 "c:\\program files\\daisytoolchain\\arm-none-eabi\\include\\c++\\10.2.1\\bits\\stl_algobas
   1:c:\program files\daisytoolchain\arm-none-eabi\include\c++\10.2.1\bits\stl_algobase.h **** // Core algorithmic facilities -*- C++ -*-
   2:c:\program files\daisytoolchain\arm-none-eabi\include\c++\10.2.1\bits\stl_algobase.h **** 
   3:c:\program files\daisytoolchain\arm-none-eabi\include\c++\10.2.1\bits\stl_algobase.h **** // Copyright (C) 2001-2020 Free Software Foundation, Inc.
   4:c:\program files\daisytoolchain\arm-none-eabi\include\c++\10.2.1\bits\stl_algobase.h **** //
   5:c:\program files\daisytoolchain\arm-none-eabi\include\c++\10.2.1\bits\stl_algobase.h **** // This file is part of the GNU ISO C++ Library.  This library is free
   6:c:\program files\daisytoolchain\arm-none-eabi\include\c++\10.2.1\bits\stl_algobase.h **** // software; you can redistribute it and/or modify it under the
   7:c:\program files\daisytoolchain\arm-none-eabi\include\c++\10.2.1\bits\stl_algobase.h **** // terms of the GNU General Public License as published by the
   8:c:\program files\daisytoolchain\arm-none-eabi\include\c++\10.2.1\bits\stl_algobase.h **** // Free Software Foundation; either version 3, or (at your option)
   9:c:\program files\daisytoolchain\arm-none-eabi\include\c++\10.2.1\bits\stl_algobase.h **** // any later version.
  10:c:\program files\daisytoolchain\arm-none-eabi\include\c++\10.2.1\bits\stl_algobase.h **** 
  11:c:\program files\daisytoolchain\arm-none-eabi\include\c++\10.2.1\bits\stl_algobase.h **** // This library is distributed in the hope that it will be useful,
  12:c:\program files\daisytoolchain\arm-none-eabi\include\c++\10.2.1\bits\stl_algobase.h **** // but WITHOUT ANY WARRANTY; without even the implied warranty of
  13:c:\program files\daisytoolchain\arm-none-eabi\include\c++\10.2.1\bits\stl_algobase.h **** // MERCHANTABILITY or FITNESS FOR A PARTICULAR PURPOSE.  See the
  14:c:\program files\daisytoolchain\arm-none-eabi\include\c++\10.2.1\bits\stl_algobase.h **** // GNU General Public License for more details.
  15:c:\program files\daisytoolchain\arm-none-eabi\include\c++\10.2.1\bits\stl_algobase.h **** 
  16:c:\program files\daisytoolchain\arm-none-eabi\include\c++\10.2.1\bits\stl_algobase.h **** // Under Section 7 of GPL version 3, you are granted additional
  17:c:\program files\daisytoolchain\arm-none-eabi\include\c++\10.2.1\bits\stl_algobase.h **** // permissions described in the GCC Runtime Library Exception, version
  18:c:\program files\daisytoolchain\arm-none-eabi\include\c++\10.2.1\bits\stl_algobase.h **** // 3.1, as published by the Free Software Foundation.
  19:c:\program files\daisytoolchain\arm-none-eabi\include\c++\10.2.1\bits\stl_algobase.h **** 
  20:c:\program files\daisytoolchain\arm-none-eabi\include\c++\10.2.1\bits\stl_algobase.h **** // You should have received a copy of the GNU General Public License and
  21:c:\program files\daisytoolchain\arm-none-eabi\include\c++\10.2.1\bits\stl_algobase.h **** // a copy of the GCC Runtime Library Exception along with this program;
  22:c:\program files\daisytoolchain\arm-none-eabi\include\c++\10.2.1\bits\stl_algobase.h **** // see the files COPYING3 and COPYING.RUNTIME respectively.  If not, see
  23:c:\program files\daisytoolchain\arm-none-eabi\include\c++\10.2.1\bits\stl_algobase.h **** // <http://www.gnu.org/licenses/>.
  24:c:\program files\daisytoolchain\arm-none-eabi\include\c++\10.2.1\bits\stl_algobase.h **** 
  25:c:\program files\daisytoolchain\arm-none-eabi\include\c++\10.2.1\bits\stl_algobase.h **** /*
  26:c:\program files\daisytoolchain\arm-none-eabi\include\c++\10.2.1\bits\stl_algobase.h ****  *
  27:c:\program files\daisytoolchain\arm-none-eabi\include\c++\10.2.1\bits\stl_algobase.h ****  * Copyright (c) 1994
  28:c:\program files\daisytoolchain\arm-none-eabi\include\c++\10.2.1\bits\stl_algobase.h ****  * Hewlett-Packard Company
  29:c:\program files\daisytoolchain\arm-none-eabi\include\c++\10.2.1\bits\stl_algobase.h ****  *
  30:c:\program files\daisytoolchain\arm-none-eabi\include\c++\10.2.1\bits\stl_algobase.h ****  * Permission to use, copy, modify, distribute and sell this software
  31:c:\program files\daisytoolchain\arm-none-eabi\include\c++\10.2.1\bits\stl_algobase.h ****  * and its documentation for any purpose is hereby granted without fee,
  32:c:\program files\daisytoolchain\arm-none-eabi\include\c++\10.2.1\bits\stl_algobase.h ****  * provided that the above copyright notice appear in all copies and
  33:c:\program files\daisytoolchain\arm-none-eabi\include\c++\10.2.1\bits\stl_algobase.h ****  * that both that copyright notice and this permission notice appear
  34:c:\program files\daisytoolchain\arm-none-eabi\include\c++\10.2.1\bits\stl_algobase.h ****  * in supporting documentation.  Hewlett-Packard Company makes no
  35:c:\program files\daisytoolchain\arm-none-eabi\include\c++\10.2.1\bits\stl_algobase.h ****  * representations about the suitability of this software for any
  36:c:\program files\daisytoolchain\arm-none-eabi\include\c++\10.2.1\bits\stl_algobase.h ****  * purpose.  It is provided "as is" without express or implied warranty.
  37:c:\program files\daisytoolchain\arm-none-eabi\include\c++\10.2.1\bits\stl_algobase.h ****  *
  38:c:\program files\daisytoolchain\arm-none-eabi\include\c++\10.2.1\bits\stl_algobase.h ****  *
  39:c:\program files\daisytoolchain\arm-none-eabi\include\c++\10.2.1\bits\stl_algobase.h ****  * Copyright (c) 1996-1998
  40:c:\program files\daisytoolchain\arm-none-eabi\include\c++\10.2.1\bits\stl_algobase.h ****  * Silicon Graphics Computer Systems, Inc.
  41:c:\program files\daisytoolchain\arm-none-eabi\include\c++\10.2.1\bits\stl_algobase.h ****  *
  42:c:\program files\daisytoolchain\arm-none-eabi\include\c++\10.2.1\bits\stl_algobase.h ****  * Permission to use, copy, modify, distribute and sell this software
  43:c:\program files\daisytoolchain\arm-none-eabi\include\c++\10.2.1\bits\stl_algobase.h ****  * and its documentation for any purpose is hereby granted without fee,
  44:c:\program files\daisytoolchain\arm-none-eabi\include\c++\10.2.1\bits\stl_algobase.h ****  * provided that the above copyright notice appear in all copies and
  45:c:\program files\daisytoolchain\arm-none-eabi\include\c++\10.2.1\bits\stl_algobase.h ****  * that both that copyright notice and this permission notice appear
  46:c:\program files\daisytoolchain\arm-none-eabi\include\c++\10.2.1\bits\stl_algobase.h ****  * in supporting documentation.  Silicon Graphics makes no
  47:c:\program files\daisytoolchain\arm-none-eabi\include\c++\10.2.1\bits\stl_algobase.h ****  * representations about the suitability of this software for any
  48:c:\program files\daisytoolchain\arm-none-eabi\include\c++\10.2.1\bits\stl_algobase.h ****  * purpose.  It is provided "as is" without express or implied warranty.
  49:c:\program files\daisytoolchain\arm-none-eabi\include\c++\10.2.1\bits\stl_algobase.h ****  */
  50:c:\program files\daisytoolchain\arm-none-eabi\include\c++\10.2.1\bits\stl_algobase.h **** 
  51:c:\program files\daisytoolchain\arm-none-eabi\include\c++\10.2.1\bits\stl_algobase.h **** /** @file bits/stl_algobase.h
ARM GAS  C:\Users\22bur\AppData\Local\Temp\ccvOYMxf.s 			page 3


  52:c:\program files\daisytoolchain\arm-none-eabi\include\c++\10.2.1\bits\stl_algobase.h ****  *  This is an internal header file, included by other library headers.
  53:c:\program files\daisytoolchain\arm-none-eabi\include\c++\10.2.1\bits\stl_algobase.h ****  *  Do not attempt to use it directly. @headername{algorithm}
  54:c:\program files\daisytoolchain\arm-none-eabi\include\c++\10.2.1\bits\stl_algobase.h ****  */
  55:c:\program files\daisytoolchain\arm-none-eabi\include\c++\10.2.1\bits\stl_algobase.h **** 
  56:c:\program files\daisytoolchain\arm-none-eabi\include\c++\10.2.1\bits\stl_algobase.h **** #ifndef _STL_ALGOBASE_H
  57:c:\program files\daisytoolchain\arm-none-eabi\include\c++\10.2.1\bits\stl_algobase.h **** #define _STL_ALGOBASE_H 1
  58:c:\program files\daisytoolchain\arm-none-eabi\include\c++\10.2.1\bits\stl_algobase.h **** 
  59:c:\program files\daisytoolchain\arm-none-eabi\include\c++\10.2.1\bits\stl_algobase.h **** #include <bits/c++config.h>
  60:c:\program files\daisytoolchain\arm-none-eabi\include\c++\10.2.1\bits\stl_algobase.h **** #include <bits/functexcept.h>
  61:c:\program files\daisytoolchain\arm-none-eabi\include\c++\10.2.1\bits\stl_algobase.h **** #include <bits/cpp_type_traits.h>
  62:c:\program files\daisytoolchain\arm-none-eabi\include\c++\10.2.1\bits\stl_algobase.h **** #include <ext/type_traits.h>
  63:c:\program files\daisytoolchain\arm-none-eabi\include\c++\10.2.1\bits\stl_algobase.h **** #include <ext/numeric_traits.h>
  64:c:\program files\daisytoolchain\arm-none-eabi\include\c++\10.2.1\bits\stl_algobase.h **** #include <bits/stl_pair.h>
  65:c:\program files\daisytoolchain\arm-none-eabi\include\c++\10.2.1\bits\stl_algobase.h **** #include <bits/stl_iterator_base_types.h>
  66:c:\program files\daisytoolchain\arm-none-eabi\include\c++\10.2.1\bits\stl_algobase.h **** #include <bits/stl_iterator_base_funcs.h>
  67:c:\program files\daisytoolchain\arm-none-eabi\include\c++\10.2.1\bits\stl_algobase.h **** #include <bits/stl_iterator.h>
  68:c:\program files\daisytoolchain\arm-none-eabi\include\c++\10.2.1\bits\stl_algobase.h **** #include <bits/concept_check.h>
  69:c:\program files\daisytoolchain\arm-none-eabi\include\c++\10.2.1\bits\stl_algobase.h **** #include <debug/debug.h>
  70:c:\program files\daisytoolchain\arm-none-eabi\include\c++\10.2.1\bits\stl_algobase.h **** #include <bits/move.h> // For std::swap
  71:c:\program files\daisytoolchain\arm-none-eabi\include\c++\10.2.1\bits\stl_algobase.h **** #include <bits/predefined_ops.h>
  72:c:\program files\daisytoolchain\arm-none-eabi\include\c++\10.2.1\bits\stl_algobase.h **** #if __cplusplus >= 201103L
  73:c:\program files\daisytoolchain\arm-none-eabi\include\c++\10.2.1\bits\stl_algobase.h **** # include <type_traits>
  74:c:\program files\daisytoolchain\arm-none-eabi\include\c++\10.2.1\bits\stl_algobase.h **** #endif
  75:c:\program files\daisytoolchain\arm-none-eabi\include\c++\10.2.1\bits\stl_algobase.h **** #if __cplusplus > 201703L
  76:c:\program files\daisytoolchain\arm-none-eabi\include\c++\10.2.1\bits\stl_algobase.h **** # include <compare>
  77:c:\program files\daisytoolchain\arm-none-eabi\include\c++\10.2.1\bits\stl_algobase.h **** #endif
  78:c:\program files\daisytoolchain\arm-none-eabi\include\c++\10.2.1\bits\stl_algobase.h **** 
  79:c:\program files\daisytoolchain\arm-none-eabi\include\c++\10.2.1\bits\stl_algobase.h **** namespace std _GLIBCXX_VISIBILITY(default)
  80:c:\program files\daisytoolchain\arm-none-eabi\include\c++\10.2.1\bits\stl_algobase.h **** {
  81:c:\program files\daisytoolchain\arm-none-eabi\include\c++\10.2.1\bits\stl_algobase.h **** _GLIBCXX_BEGIN_NAMESPACE_VERSION
  82:c:\program files\daisytoolchain\arm-none-eabi\include\c++\10.2.1\bits\stl_algobase.h **** 
  83:c:\program files\daisytoolchain\arm-none-eabi\include\c++\10.2.1\bits\stl_algobase.h ****   /*
  84:c:\program files\daisytoolchain\arm-none-eabi\include\c++\10.2.1\bits\stl_algobase.h ****    * A constexpr wrapper for __builtin_memcmp.
  85:c:\program files\daisytoolchain\arm-none-eabi\include\c++\10.2.1\bits\stl_algobase.h ****    * @param __num The number of elements of type _Tp (not bytes).
  86:c:\program files\daisytoolchain\arm-none-eabi\include\c++\10.2.1\bits\stl_algobase.h ****    */
  87:c:\program files\daisytoolchain\arm-none-eabi\include\c++\10.2.1\bits\stl_algobase.h ****   template<typename _Tp, typename _Up>
  88:c:\program files\daisytoolchain\arm-none-eabi\include\c++\10.2.1\bits\stl_algobase.h ****     _GLIBCXX14_CONSTEXPR
  89:c:\program files\daisytoolchain\arm-none-eabi\include\c++\10.2.1\bits\stl_algobase.h ****     inline int
  90:c:\program files\daisytoolchain\arm-none-eabi\include\c++\10.2.1\bits\stl_algobase.h ****     __memcmp(const _Tp* __first1, const _Up* __first2, size_t __num)
  91:c:\program files\daisytoolchain\arm-none-eabi\include\c++\10.2.1\bits\stl_algobase.h ****     {
  92:c:\program files\daisytoolchain\arm-none-eabi\include\c++\10.2.1\bits\stl_algobase.h **** #if __cplusplus >= 201103L
  93:c:\program files\daisytoolchain\arm-none-eabi\include\c++\10.2.1\bits\stl_algobase.h ****       static_assert(sizeof(_Tp) == sizeof(_Up), "can be compared with memcmp");
  94:c:\program files\daisytoolchain\arm-none-eabi\include\c++\10.2.1\bits\stl_algobase.h **** #endif
  95:c:\program files\daisytoolchain\arm-none-eabi\include\c++\10.2.1\bits\stl_algobase.h **** #ifdef __cpp_lib_is_constant_evaluated
  96:c:\program files\daisytoolchain\arm-none-eabi\include\c++\10.2.1\bits\stl_algobase.h ****       if (std::is_constant_evaluated())
  97:c:\program files\daisytoolchain\arm-none-eabi\include\c++\10.2.1\bits\stl_algobase.h **** 	{
  98:c:\program files\daisytoolchain\arm-none-eabi\include\c++\10.2.1\bits\stl_algobase.h **** 	  for(; __num > 0; ++__first1, ++__first2, --__num)
  99:c:\program files\daisytoolchain\arm-none-eabi\include\c++\10.2.1\bits\stl_algobase.h **** 	    if (*__first1 != *__first2)
 100:c:\program files\daisytoolchain\arm-none-eabi\include\c++\10.2.1\bits\stl_algobase.h **** 	      return *__first1 < *__first2 ? -1 : 1;
 101:c:\program files\daisytoolchain\arm-none-eabi\include\c++\10.2.1\bits\stl_algobase.h **** 	  return 0;
 102:c:\program files\daisytoolchain\arm-none-eabi\include\c++\10.2.1\bits\stl_algobase.h **** 	}
 103:c:\program files\daisytoolchain\arm-none-eabi\include\c++\10.2.1\bits\stl_algobase.h ****       else
 104:c:\program files\daisytoolchain\arm-none-eabi\include\c++\10.2.1\bits\stl_algobase.h **** #endif
 105:c:\program files\daisytoolchain\arm-none-eabi\include\c++\10.2.1\bits\stl_algobase.h **** 	return __builtin_memcmp(__first1, __first2, sizeof(_Tp) * __num);
 106:c:\program files\daisytoolchain\arm-none-eabi\include\c++\10.2.1\bits\stl_algobase.h ****     }
 107:c:\program files\daisytoolchain\arm-none-eabi\include\c++\10.2.1\bits\stl_algobase.h **** 
 108:c:\program files\daisytoolchain\arm-none-eabi\include\c++\10.2.1\bits\stl_algobase.h **** #if __cplusplus < 201103L
ARM GAS  C:\Users\22bur\AppData\Local\Temp\ccvOYMxf.s 			page 4


 109:c:\program files\daisytoolchain\arm-none-eabi\include\c++\10.2.1\bits\stl_algobase.h ****   // See http://gcc.gnu.org/ml/libstdc++/2004-08/msg00167.html: in a
 110:c:\program files\daisytoolchain\arm-none-eabi\include\c++\10.2.1\bits\stl_algobase.h ****   // nutshell, we are partially implementing the resolution of DR 187,
 111:c:\program files\daisytoolchain\arm-none-eabi\include\c++\10.2.1\bits\stl_algobase.h ****   // when it's safe, i.e., the value_types are equal.
 112:c:\program files\daisytoolchain\arm-none-eabi\include\c++\10.2.1\bits\stl_algobase.h ****   template<bool _BoolType>
 113:c:\program files\daisytoolchain\arm-none-eabi\include\c++\10.2.1\bits\stl_algobase.h ****     struct __iter_swap
 114:c:\program files\daisytoolchain\arm-none-eabi\include\c++\10.2.1\bits\stl_algobase.h ****     {
 115:c:\program files\daisytoolchain\arm-none-eabi\include\c++\10.2.1\bits\stl_algobase.h ****       template<typename _ForwardIterator1, typename _ForwardIterator2>
 116:c:\program files\daisytoolchain\arm-none-eabi\include\c++\10.2.1\bits\stl_algobase.h **** 	static void
 117:c:\program files\daisytoolchain\arm-none-eabi\include\c++\10.2.1\bits\stl_algobase.h **** 	iter_swap(_ForwardIterator1 __a, _ForwardIterator2 __b)
 118:c:\program files\daisytoolchain\arm-none-eabi\include\c++\10.2.1\bits\stl_algobase.h **** 	{
 119:c:\program files\daisytoolchain\arm-none-eabi\include\c++\10.2.1\bits\stl_algobase.h **** 	  typedef typename iterator_traits<_ForwardIterator1>::value_type
 120:c:\program files\daisytoolchain\arm-none-eabi\include\c++\10.2.1\bits\stl_algobase.h **** 	    _ValueType1;
 121:c:\program files\daisytoolchain\arm-none-eabi\include\c++\10.2.1\bits\stl_algobase.h **** 	  _ValueType1 __tmp = *__a;
 122:c:\program files\daisytoolchain\arm-none-eabi\include\c++\10.2.1\bits\stl_algobase.h **** 	  *__a = *__b;
 123:c:\program files\daisytoolchain\arm-none-eabi\include\c++\10.2.1\bits\stl_algobase.h **** 	  *__b = __tmp;
 124:c:\program files\daisytoolchain\arm-none-eabi\include\c++\10.2.1\bits\stl_algobase.h **** 	}
 125:c:\program files\daisytoolchain\arm-none-eabi\include\c++\10.2.1\bits\stl_algobase.h ****     };
 126:c:\program files\daisytoolchain\arm-none-eabi\include\c++\10.2.1\bits\stl_algobase.h **** 
 127:c:\program files\daisytoolchain\arm-none-eabi\include\c++\10.2.1\bits\stl_algobase.h ****   template<>
 128:c:\program files\daisytoolchain\arm-none-eabi\include\c++\10.2.1\bits\stl_algobase.h ****     struct __iter_swap<true>
 129:c:\program files\daisytoolchain\arm-none-eabi\include\c++\10.2.1\bits\stl_algobase.h ****     {
 130:c:\program files\daisytoolchain\arm-none-eabi\include\c++\10.2.1\bits\stl_algobase.h ****       template<typename _ForwardIterator1, typename _ForwardIterator2>
 131:c:\program files\daisytoolchain\arm-none-eabi\include\c++\10.2.1\bits\stl_algobase.h **** 	static void
 132:c:\program files\daisytoolchain\arm-none-eabi\include\c++\10.2.1\bits\stl_algobase.h **** 	iter_swap(_ForwardIterator1 __a, _ForwardIterator2 __b)
 133:c:\program files\daisytoolchain\arm-none-eabi\include\c++\10.2.1\bits\stl_algobase.h **** 	{
 134:c:\program files\daisytoolchain\arm-none-eabi\include\c++\10.2.1\bits\stl_algobase.h **** 	  swap(*__a, *__b);
 135:c:\program files\daisytoolchain\arm-none-eabi\include\c++\10.2.1\bits\stl_algobase.h **** 	}
 136:c:\program files\daisytoolchain\arm-none-eabi\include\c++\10.2.1\bits\stl_algobase.h ****     };
 137:c:\program files\daisytoolchain\arm-none-eabi\include\c++\10.2.1\bits\stl_algobase.h **** #endif // C++03
 138:c:\program files\daisytoolchain\arm-none-eabi\include\c++\10.2.1\bits\stl_algobase.h **** 
 139:c:\program files\daisytoolchain\arm-none-eabi\include\c++\10.2.1\bits\stl_algobase.h ****   /**
 140:c:\program files\daisytoolchain\arm-none-eabi\include\c++\10.2.1\bits\stl_algobase.h ****    *  @brief Swaps the contents of two iterators.
 141:c:\program files\daisytoolchain\arm-none-eabi\include\c++\10.2.1\bits\stl_algobase.h ****    *  @ingroup mutating_algorithms
 142:c:\program files\daisytoolchain\arm-none-eabi\include\c++\10.2.1\bits\stl_algobase.h ****    *  @param  __a  An iterator.
 143:c:\program files\daisytoolchain\arm-none-eabi\include\c++\10.2.1\bits\stl_algobase.h ****    *  @param  __b  Another iterator.
 144:c:\program files\daisytoolchain\arm-none-eabi\include\c++\10.2.1\bits\stl_algobase.h ****    *  @return   Nothing.
 145:c:\program files\daisytoolchain\arm-none-eabi\include\c++\10.2.1\bits\stl_algobase.h ****    *
 146:c:\program files\daisytoolchain\arm-none-eabi\include\c++\10.2.1\bits\stl_algobase.h ****    *  This function swaps the values pointed to by two iterators, not the
 147:c:\program files\daisytoolchain\arm-none-eabi\include\c++\10.2.1\bits\stl_algobase.h ****    *  iterators themselves.
 148:c:\program files\daisytoolchain\arm-none-eabi\include\c++\10.2.1\bits\stl_algobase.h ****   */
 149:c:\program files\daisytoolchain\arm-none-eabi\include\c++\10.2.1\bits\stl_algobase.h ****   template<typename _ForwardIterator1, typename _ForwardIterator2>
 150:c:\program files\daisytoolchain\arm-none-eabi\include\c++\10.2.1\bits\stl_algobase.h ****     _GLIBCXX20_CONSTEXPR
 151:c:\program files\daisytoolchain\arm-none-eabi\include\c++\10.2.1\bits\stl_algobase.h ****     inline void
 152:c:\program files\daisytoolchain\arm-none-eabi\include\c++\10.2.1\bits\stl_algobase.h ****     iter_swap(_ForwardIterator1 __a, _ForwardIterator2 __b)
 153:c:\program files\daisytoolchain\arm-none-eabi\include\c++\10.2.1\bits\stl_algobase.h ****     {
 154:c:\program files\daisytoolchain\arm-none-eabi\include\c++\10.2.1\bits\stl_algobase.h ****       // concept requirements
 155:c:\program files\daisytoolchain\arm-none-eabi\include\c++\10.2.1\bits\stl_algobase.h ****       __glibcxx_function_requires(_Mutable_ForwardIteratorConcept<
 156:c:\program files\daisytoolchain\arm-none-eabi\include\c++\10.2.1\bits\stl_algobase.h **** 				  _ForwardIterator1>)
 157:c:\program files\daisytoolchain\arm-none-eabi\include\c++\10.2.1\bits\stl_algobase.h ****       __glibcxx_function_requires(_Mutable_ForwardIteratorConcept<
 158:c:\program files\daisytoolchain\arm-none-eabi\include\c++\10.2.1\bits\stl_algobase.h **** 				  _ForwardIterator2>)
 159:c:\program files\daisytoolchain\arm-none-eabi\include\c++\10.2.1\bits\stl_algobase.h **** 
 160:c:\program files\daisytoolchain\arm-none-eabi\include\c++\10.2.1\bits\stl_algobase.h **** #if __cplusplus < 201103L
 161:c:\program files\daisytoolchain\arm-none-eabi\include\c++\10.2.1\bits\stl_algobase.h ****       typedef typename iterator_traits<_ForwardIterator1>::value_type
 162:c:\program files\daisytoolchain\arm-none-eabi\include\c++\10.2.1\bits\stl_algobase.h **** 	_ValueType1;
 163:c:\program files\daisytoolchain\arm-none-eabi\include\c++\10.2.1\bits\stl_algobase.h ****       typedef typename iterator_traits<_ForwardIterator2>::value_type
 164:c:\program files\daisytoolchain\arm-none-eabi\include\c++\10.2.1\bits\stl_algobase.h **** 	_ValueType2;
 165:c:\program files\daisytoolchain\arm-none-eabi\include\c++\10.2.1\bits\stl_algobase.h **** 
ARM GAS  C:\Users\22bur\AppData\Local\Temp\ccvOYMxf.s 			page 5


 166:c:\program files\daisytoolchain\arm-none-eabi\include\c++\10.2.1\bits\stl_algobase.h ****       __glibcxx_function_requires(_ConvertibleConcept<_ValueType1,
 167:c:\program files\daisytoolchain\arm-none-eabi\include\c++\10.2.1\bits\stl_algobase.h **** 				  _ValueType2>)
 168:c:\program files\daisytoolchain\arm-none-eabi\include\c++\10.2.1\bits\stl_algobase.h ****       __glibcxx_function_requires(_ConvertibleConcept<_ValueType2,
 169:c:\program files\daisytoolchain\arm-none-eabi\include\c++\10.2.1\bits\stl_algobase.h **** 				  _ValueType1>)
 170:c:\program files\daisytoolchain\arm-none-eabi\include\c++\10.2.1\bits\stl_algobase.h **** 
 171:c:\program files\daisytoolchain\arm-none-eabi\include\c++\10.2.1\bits\stl_algobase.h ****       typedef typename iterator_traits<_ForwardIterator1>::reference
 172:c:\program files\daisytoolchain\arm-none-eabi\include\c++\10.2.1\bits\stl_algobase.h **** 	_ReferenceType1;
 173:c:\program files\daisytoolchain\arm-none-eabi\include\c++\10.2.1\bits\stl_algobase.h ****       typedef typename iterator_traits<_ForwardIterator2>::reference
 174:c:\program files\daisytoolchain\arm-none-eabi\include\c++\10.2.1\bits\stl_algobase.h **** 	_ReferenceType2;
 175:c:\program files\daisytoolchain\arm-none-eabi\include\c++\10.2.1\bits\stl_algobase.h ****       std::__iter_swap<__are_same<_ValueType1, _ValueType2>::__value
 176:c:\program files\daisytoolchain\arm-none-eabi\include\c++\10.2.1\bits\stl_algobase.h **** 	&& __are_same<_ValueType1&, _ReferenceType1>::__value
 177:c:\program files\daisytoolchain\arm-none-eabi\include\c++\10.2.1\bits\stl_algobase.h **** 	&& __are_same<_ValueType2&, _ReferenceType2>::__value>::
 178:c:\program files\daisytoolchain\arm-none-eabi\include\c++\10.2.1\bits\stl_algobase.h **** 	iter_swap(__a, __b);
 179:c:\program files\daisytoolchain\arm-none-eabi\include\c++\10.2.1\bits\stl_algobase.h **** #else
 180:c:\program files\daisytoolchain\arm-none-eabi\include\c++\10.2.1\bits\stl_algobase.h ****       // _GLIBCXX_RESOLVE_LIB_DEFECTS
 181:c:\program files\daisytoolchain\arm-none-eabi\include\c++\10.2.1\bits\stl_algobase.h ****       // 187. iter_swap underspecified
 182:c:\program files\daisytoolchain\arm-none-eabi\include\c++\10.2.1\bits\stl_algobase.h ****       swap(*__a, *__b);
 183:c:\program files\daisytoolchain\arm-none-eabi\include\c++\10.2.1\bits\stl_algobase.h **** #endif
 184:c:\program files\daisytoolchain\arm-none-eabi\include\c++\10.2.1\bits\stl_algobase.h ****     }
 185:c:\program files\daisytoolchain\arm-none-eabi\include\c++\10.2.1\bits\stl_algobase.h **** 
 186:c:\program files\daisytoolchain\arm-none-eabi\include\c++\10.2.1\bits\stl_algobase.h ****   /**
 187:c:\program files\daisytoolchain\arm-none-eabi\include\c++\10.2.1\bits\stl_algobase.h ****    *  @brief Swap the elements of two sequences.
 188:c:\program files\daisytoolchain\arm-none-eabi\include\c++\10.2.1\bits\stl_algobase.h ****    *  @ingroup mutating_algorithms
 189:c:\program files\daisytoolchain\arm-none-eabi\include\c++\10.2.1\bits\stl_algobase.h ****    *  @param  __first1  A forward iterator.
 190:c:\program files\daisytoolchain\arm-none-eabi\include\c++\10.2.1\bits\stl_algobase.h ****    *  @param  __last1   A forward iterator.
 191:c:\program files\daisytoolchain\arm-none-eabi\include\c++\10.2.1\bits\stl_algobase.h ****    *  @param  __first2  A forward iterator.
 192:c:\program files\daisytoolchain\arm-none-eabi\include\c++\10.2.1\bits\stl_algobase.h ****    *  @return   An iterator equal to @p first2+(last1-first1).
 193:c:\program files\daisytoolchain\arm-none-eabi\include\c++\10.2.1\bits\stl_algobase.h ****    *
 194:c:\program files\daisytoolchain\arm-none-eabi\include\c++\10.2.1\bits\stl_algobase.h ****    *  Swaps each element in the range @p [first1,last1) with the
 195:c:\program files\daisytoolchain\arm-none-eabi\include\c++\10.2.1\bits\stl_algobase.h ****    *  corresponding element in the range @p [first2,(last1-first1)).
 196:c:\program files\daisytoolchain\arm-none-eabi\include\c++\10.2.1\bits\stl_algobase.h ****    *  The ranges must not overlap.
 197:c:\program files\daisytoolchain\arm-none-eabi\include\c++\10.2.1\bits\stl_algobase.h ****   */
 198:c:\program files\daisytoolchain\arm-none-eabi\include\c++\10.2.1\bits\stl_algobase.h ****   template<typename _ForwardIterator1, typename _ForwardIterator2>
 199:c:\program files\daisytoolchain\arm-none-eabi\include\c++\10.2.1\bits\stl_algobase.h ****     _GLIBCXX20_CONSTEXPR
 200:c:\program files\daisytoolchain\arm-none-eabi\include\c++\10.2.1\bits\stl_algobase.h ****     _ForwardIterator2
 201:c:\program files\daisytoolchain\arm-none-eabi\include\c++\10.2.1\bits\stl_algobase.h ****     swap_ranges(_ForwardIterator1 __first1, _ForwardIterator1 __last1,
 202:c:\program files\daisytoolchain\arm-none-eabi\include\c++\10.2.1\bits\stl_algobase.h **** 		_ForwardIterator2 __first2)
 203:c:\program files\daisytoolchain\arm-none-eabi\include\c++\10.2.1\bits\stl_algobase.h ****     {
 204:c:\program files\daisytoolchain\arm-none-eabi\include\c++\10.2.1\bits\stl_algobase.h ****       // concept requirements
 205:c:\program files\daisytoolchain\arm-none-eabi\include\c++\10.2.1\bits\stl_algobase.h ****       __glibcxx_function_requires(_Mutable_ForwardIteratorConcept<
 206:c:\program files\daisytoolchain\arm-none-eabi\include\c++\10.2.1\bits\stl_algobase.h **** 				  _ForwardIterator1>)
 207:c:\program files\daisytoolchain\arm-none-eabi\include\c++\10.2.1\bits\stl_algobase.h ****       __glibcxx_function_requires(_Mutable_ForwardIteratorConcept<
 208:c:\program files\daisytoolchain\arm-none-eabi\include\c++\10.2.1\bits\stl_algobase.h **** 				  _ForwardIterator2>)
 209:c:\program files\daisytoolchain\arm-none-eabi\include\c++\10.2.1\bits\stl_algobase.h ****       __glibcxx_requires_valid_range(__first1, __last1);
 210:c:\program files\daisytoolchain\arm-none-eabi\include\c++\10.2.1\bits\stl_algobase.h **** 
 211:c:\program files\daisytoolchain\arm-none-eabi\include\c++\10.2.1\bits\stl_algobase.h ****       for (; __first1 != __last1; ++__first1, (void)++__first2)
 212:c:\program files\daisytoolchain\arm-none-eabi\include\c++\10.2.1\bits\stl_algobase.h **** 	std::iter_swap(__first1, __first2);
 213:c:\program files\daisytoolchain\arm-none-eabi\include\c++\10.2.1\bits\stl_algobase.h ****       return __first2;
 214:c:\program files\daisytoolchain\arm-none-eabi\include\c++\10.2.1\bits\stl_algobase.h ****     }
 215:c:\program files\daisytoolchain\arm-none-eabi\include\c++\10.2.1\bits\stl_algobase.h **** 
 216:c:\program files\daisytoolchain\arm-none-eabi\include\c++\10.2.1\bits\stl_algobase.h ****   /**
 217:c:\program files\daisytoolchain\arm-none-eabi\include\c++\10.2.1\bits\stl_algobase.h ****    *  @brief This does what you think it does.
 218:c:\program files\daisytoolchain\arm-none-eabi\include\c++\10.2.1\bits\stl_algobase.h ****    *  @ingroup sorting_algorithms
 219:c:\program files\daisytoolchain\arm-none-eabi\include\c++\10.2.1\bits\stl_algobase.h ****    *  @param  __a  A thing of arbitrary type.
 220:c:\program files\daisytoolchain\arm-none-eabi\include\c++\10.2.1\bits\stl_algobase.h ****    *  @param  __b  Another thing of arbitrary type.
 221:c:\program files\daisytoolchain\arm-none-eabi\include\c++\10.2.1\bits\stl_algobase.h ****    *  @return   The lesser of the parameters.
 222:c:\program files\daisytoolchain\arm-none-eabi\include\c++\10.2.1\bits\stl_algobase.h ****    *
ARM GAS  C:\Users\22bur\AppData\Local\Temp\ccvOYMxf.s 			page 6


 223:c:\program files\daisytoolchain\arm-none-eabi\include\c++\10.2.1\bits\stl_algobase.h ****    *  This is the simple classic generic implementation.  It will work on
 224:c:\program files\daisytoolchain\arm-none-eabi\include\c++\10.2.1\bits\stl_algobase.h ****    *  temporary expressions, since they are only evaluated once, unlike a
 225:c:\program files\daisytoolchain\arm-none-eabi\include\c++\10.2.1\bits\stl_algobase.h ****    *  preprocessor macro.
 226:c:\program files\daisytoolchain\arm-none-eabi\include\c++\10.2.1\bits\stl_algobase.h ****   */
 227:c:\program files\daisytoolchain\arm-none-eabi\include\c++\10.2.1\bits\stl_algobase.h ****   template<typename _Tp>
 228:c:\program files\daisytoolchain\arm-none-eabi\include\c++\10.2.1\bits\stl_algobase.h ****     _GLIBCXX14_CONSTEXPR
 229:c:\program files\daisytoolchain\arm-none-eabi\include\c++\10.2.1\bits\stl_algobase.h ****     inline const _Tp&
 230:c:\program files\daisytoolchain\arm-none-eabi\include\c++\10.2.1\bits\stl_algobase.h ****     min(const _Tp& __a, const _Tp& __b)
 231:c:\program files\daisytoolchain\arm-none-eabi\include\c++\10.2.1\bits\stl_algobase.h ****     {
 232:c:\program files\daisytoolchain\arm-none-eabi\include\c++\10.2.1\bits\stl_algobase.h ****       // concept requirements
 233:c:\program files\daisytoolchain\arm-none-eabi\include\c++\10.2.1\bits\stl_algobase.h ****       __glibcxx_function_requires(_LessThanComparableConcept<_Tp>)
 234:c:\program files\daisytoolchain\arm-none-eabi\include\c++\10.2.1\bits\stl_algobase.h ****       //return __b < __a ? __b : __a;
 235:c:\program files\daisytoolchain\arm-none-eabi\include\c++\10.2.1\bits\stl_algobase.h ****       if (__b < __a)
 236:c:\program files\daisytoolchain\arm-none-eabi\include\c++\10.2.1\bits\stl_algobase.h **** 	return __b;
 237:c:\program files\daisytoolchain\arm-none-eabi\include\c++\10.2.1\bits\stl_algobase.h ****       return __a;
 238:c:\program files\daisytoolchain\arm-none-eabi\include\c++\10.2.1\bits\stl_algobase.h ****     }
 239:c:\program files\daisytoolchain\arm-none-eabi\include\c++\10.2.1\bits\stl_algobase.h **** 
 240:c:\program files\daisytoolchain\arm-none-eabi\include\c++\10.2.1\bits\stl_algobase.h ****   /**
 241:c:\program files\daisytoolchain\arm-none-eabi\include\c++\10.2.1\bits\stl_algobase.h ****    *  @brief This does what you think it does.
 242:c:\program files\daisytoolchain\arm-none-eabi\include\c++\10.2.1\bits\stl_algobase.h ****    *  @ingroup sorting_algorithms
 243:c:\program files\daisytoolchain\arm-none-eabi\include\c++\10.2.1\bits\stl_algobase.h ****    *  @param  __a  A thing of arbitrary type.
 244:c:\program files\daisytoolchain\arm-none-eabi\include\c++\10.2.1\bits\stl_algobase.h ****    *  @param  __b  Another thing of arbitrary type.
 245:c:\program files\daisytoolchain\arm-none-eabi\include\c++\10.2.1\bits\stl_algobase.h ****    *  @return   The greater of the parameters.
 246:c:\program files\daisytoolchain\arm-none-eabi\include\c++\10.2.1\bits\stl_algobase.h ****    *
 247:c:\program files\daisytoolchain\arm-none-eabi\include\c++\10.2.1\bits\stl_algobase.h ****    *  This is the simple classic generic implementation.  It will work on
 248:c:\program files\daisytoolchain\arm-none-eabi\include\c++\10.2.1\bits\stl_algobase.h ****    *  temporary expressions, since they are only evaluated once, unlike a
 249:c:\program files\daisytoolchain\arm-none-eabi\include\c++\10.2.1\bits\stl_algobase.h ****    *  preprocessor macro.
 250:c:\program files\daisytoolchain\arm-none-eabi\include\c++\10.2.1\bits\stl_algobase.h ****   */
 251:c:\program files\daisytoolchain\arm-none-eabi\include\c++\10.2.1\bits\stl_algobase.h ****   template<typename _Tp>
 252:c:\program files\daisytoolchain\arm-none-eabi\include\c++\10.2.1\bits\stl_algobase.h ****     _GLIBCXX14_CONSTEXPR
 253:c:\program files\daisytoolchain\arm-none-eabi\include\c++\10.2.1\bits\stl_algobase.h ****     inline const _Tp&
 254:c:\program files\daisytoolchain\arm-none-eabi\include\c++\10.2.1\bits\stl_algobase.h ****     max(const _Tp& __a, const _Tp& __b)
 255:c:\program files\daisytoolchain\arm-none-eabi\include\c++\10.2.1\bits\stl_algobase.h ****     {
 256:c:\program files\daisytoolchain\arm-none-eabi\include\c++\10.2.1\bits\stl_algobase.h ****       // concept requirements
 257:c:\program files\daisytoolchain\arm-none-eabi\include\c++\10.2.1\bits\stl_algobase.h ****       __glibcxx_function_requires(_LessThanComparableConcept<_Tp>)
 258:c:\program files\daisytoolchain\arm-none-eabi\include\c++\10.2.1\bits\stl_algobase.h ****       //return  __a < __b ? __b : __a;
 259:c:\program files\daisytoolchain\arm-none-eabi\include\c++\10.2.1\bits\stl_algobase.h ****       if (__a < __b)
 260:c:\program files\daisytoolchain\arm-none-eabi\include\c++\10.2.1\bits\stl_algobase.h **** 	return __b;
 261:c:\program files\daisytoolchain\arm-none-eabi\include\c++\10.2.1\bits\stl_algobase.h ****       return __a;
 262:c:\program files\daisytoolchain\arm-none-eabi\include\c++\10.2.1\bits\stl_algobase.h ****     }
 263:c:\program files\daisytoolchain\arm-none-eabi\include\c++\10.2.1\bits\stl_algobase.h **** 
 264:c:\program files\daisytoolchain\arm-none-eabi\include\c++\10.2.1\bits\stl_algobase.h ****   /**
 265:c:\program files\daisytoolchain\arm-none-eabi\include\c++\10.2.1\bits\stl_algobase.h ****    *  @brief This does what you think it does.
 266:c:\program files\daisytoolchain\arm-none-eabi\include\c++\10.2.1\bits\stl_algobase.h ****    *  @ingroup sorting_algorithms
 267:c:\program files\daisytoolchain\arm-none-eabi\include\c++\10.2.1\bits\stl_algobase.h ****    *  @param  __a  A thing of arbitrary type.
 268:c:\program files\daisytoolchain\arm-none-eabi\include\c++\10.2.1\bits\stl_algobase.h ****    *  @param  __b  Another thing of arbitrary type.
 269:c:\program files\daisytoolchain\arm-none-eabi\include\c++\10.2.1\bits\stl_algobase.h ****    *  @param  __comp  A @link comparison_functors comparison functor@endlink.
 270:c:\program files\daisytoolchain\arm-none-eabi\include\c++\10.2.1\bits\stl_algobase.h ****    *  @return   The lesser of the parameters.
 271:c:\program files\daisytoolchain\arm-none-eabi\include\c++\10.2.1\bits\stl_algobase.h ****    *
 272:c:\program files\daisytoolchain\arm-none-eabi\include\c++\10.2.1\bits\stl_algobase.h ****    *  This will work on temporary expressions, since they are only evaluated
 273:c:\program files\daisytoolchain\arm-none-eabi\include\c++\10.2.1\bits\stl_algobase.h ****    *  once, unlike a preprocessor macro.
 274:c:\program files\daisytoolchain\arm-none-eabi\include\c++\10.2.1\bits\stl_algobase.h ****   */
 275:c:\program files\daisytoolchain\arm-none-eabi\include\c++\10.2.1\bits\stl_algobase.h ****   template<typename _Tp, typename _Compare>
 276:c:\program files\daisytoolchain\arm-none-eabi\include\c++\10.2.1\bits\stl_algobase.h ****     _GLIBCXX14_CONSTEXPR
 277:c:\program files\daisytoolchain\arm-none-eabi\include\c++\10.2.1\bits\stl_algobase.h ****     inline const _Tp&
 278:c:\program files\daisytoolchain\arm-none-eabi\include\c++\10.2.1\bits\stl_algobase.h ****     min(const _Tp& __a, const _Tp& __b, _Compare __comp)
 279:c:\program files\daisytoolchain\arm-none-eabi\include\c++\10.2.1\bits\stl_algobase.h ****     {
ARM GAS  C:\Users\22bur\AppData\Local\Temp\ccvOYMxf.s 			page 7


 280:c:\program files\daisytoolchain\arm-none-eabi\include\c++\10.2.1\bits\stl_algobase.h ****       //return __comp(__b, __a) ? __b : __a;
 281:c:\program files\daisytoolchain\arm-none-eabi\include\c++\10.2.1\bits\stl_algobase.h ****       if (__comp(__b, __a))
 282:c:\program files\daisytoolchain\arm-none-eabi\include\c++\10.2.1\bits\stl_algobase.h **** 	return __b;
 283:c:\program files\daisytoolchain\arm-none-eabi\include\c++\10.2.1\bits\stl_algobase.h ****       return __a;
 284:c:\program files\daisytoolchain\arm-none-eabi\include\c++\10.2.1\bits\stl_algobase.h ****     }
 285:c:\program files\daisytoolchain\arm-none-eabi\include\c++\10.2.1\bits\stl_algobase.h **** 
 286:c:\program files\daisytoolchain\arm-none-eabi\include\c++\10.2.1\bits\stl_algobase.h ****   /**
 287:c:\program files\daisytoolchain\arm-none-eabi\include\c++\10.2.1\bits\stl_algobase.h ****    *  @brief This does what you think it does.
 288:c:\program files\daisytoolchain\arm-none-eabi\include\c++\10.2.1\bits\stl_algobase.h ****    *  @ingroup sorting_algorithms
 289:c:\program files\daisytoolchain\arm-none-eabi\include\c++\10.2.1\bits\stl_algobase.h ****    *  @param  __a  A thing of arbitrary type.
 290:c:\program files\daisytoolchain\arm-none-eabi\include\c++\10.2.1\bits\stl_algobase.h ****    *  @param  __b  Another thing of arbitrary type.
 291:c:\program files\daisytoolchain\arm-none-eabi\include\c++\10.2.1\bits\stl_algobase.h ****    *  @param  __comp  A @link comparison_functors comparison functor@endlink.
 292:c:\program files\daisytoolchain\arm-none-eabi\include\c++\10.2.1\bits\stl_algobase.h ****    *  @return   The greater of the parameters.
 293:c:\program files\daisytoolchain\arm-none-eabi\include\c++\10.2.1\bits\stl_algobase.h ****    *
 294:c:\program files\daisytoolchain\arm-none-eabi\include\c++\10.2.1\bits\stl_algobase.h ****    *  This will work on temporary expressions, since they are only evaluated
 295:c:\program files\daisytoolchain\arm-none-eabi\include\c++\10.2.1\bits\stl_algobase.h ****    *  once, unlike a preprocessor macro.
 296:c:\program files\daisytoolchain\arm-none-eabi\include\c++\10.2.1\bits\stl_algobase.h ****   */
 297:c:\program files\daisytoolchain\arm-none-eabi\include\c++\10.2.1\bits\stl_algobase.h ****   template<typename _Tp, typename _Compare>
 298:c:\program files\daisytoolchain\arm-none-eabi\include\c++\10.2.1\bits\stl_algobase.h ****     _GLIBCXX14_CONSTEXPR
 299:c:\program files\daisytoolchain\arm-none-eabi\include\c++\10.2.1\bits\stl_algobase.h ****     inline const _Tp&
 300:c:\program files\daisytoolchain\arm-none-eabi\include\c++\10.2.1\bits\stl_algobase.h ****     max(const _Tp& __a, const _Tp& __b, _Compare __comp)
 301:c:\program files\daisytoolchain\arm-none-eabi\include\c++\10.2.1\bits\stl_algobase.h ****     {
 302:c:\program files\daisytoolchain\arm-none-eabi\include\c++\10.2.1\bits\stl_algobase.h ****       //return __comp(__a, __b) ? __b : __a;
 303:c:\program files\daisytoolchain\arm-none-eabi\include\c++\10.2.1\bits\stl_algobase.h ****       if (__comp(__a, __b))
 304:c:\program files\daisytoolchain\arm-none-eabi\include\c++\10.2.1\bits\stl_algobase.h **** 	return __b;
 305:c:\program files\daisytoolchain\arm-none-eabi\include\c++\10.2.1\bits\stl_algobase.h ****       return __a;
 306:c:\program files\daisytoolchain\arm-none-eabi\include\c++\10.2.1\bits\stl_algobase.h ****     }
 307:c:\program files\daisytoolchain\arm-none-eabi\include\c++\10.2.1\bits\stl_algobase.h **** 
 308:c:\program files\daisytoolchain\arm-none-eabi\include\c++\10.2.1\bits\stl_algobase.h ****   // Fallback implementation of the function in bits/stl_iterator.h used to
 309:c:\program files\daisytoolchain\arm-none-eabi\include\c++\10.2.1\bits\stl_algobase.h ****   // remove the __normal_iterator wrapper. See copy, fill, ...
 310:c:\program files\daisytoolchain\arm-none-eabi\include\c++\10.2.1\bits\stl_algobase.h ****   template<typename _Iterator>
 311:c:\program files\daisytoolchain\arm-none-eabi\include\c++\10.2.1\bits\stl_algobase.h ****     _GLIBCXX20_CONSTEXPR
 312:c:\program files\daisytoolchain\arm-none-eabi\include\c++\10.2.1\bits\stl_algobase.h ****     inline _Iterator
 313:c:\program files\daisytoolchain\arm-none-eabi\include\c++\10.2.1\bits\stl_algobase.h ****     __niter_base(_Iterator __it)
 314:c:\program files\daisytoolchain\arm-none-eabi\include\c++\10.2.1\bits\stl_algobase.h ****     _GLIBCXX_NOEXCEPT_IF(std::is_nothrow_copy_constructible<_Iterator>::value)
 315:c:\program files\daisytoolchain\arm-none-eabi\include\c++\10.2.1\bits\stl_algobase.h ****     { return __it; }
 316:c:\program files\daisytoolchain\arm-none-eabi\include\c++\10.2.1\bits\stl_algobase.h **** 
 317:c:\program files\daisytoolchain\arm-none-eabi\include\c++\10.2.1\bits\stl_algobase.h ****   // Reverse the __niter_base transformation to get a
 318:c:\program files\daisytoolchain\arm-none-eabi\include\c++\10.2.1\bits\stl_algobase.h ****   // __normal_iterator back again (this assumes that __normal_iterator
 319:c:\program files\daisytoolchain\arm-none-eabi\include\c++\10.2.1\bits\stl_algobase.h ****   // is only used to wrap random access iterators, like pointers).
 320:c:\program files\daisytoolchain\arm-none-eabi\include\c++\10.2.1\bits\stl_algobase.h ****   template<typename _From, typename _To>
 321:c:\program files\daisytoolchain\arm-none-eabi\include\c++\10.2.1\bits\stl_algobase.h ****     _GLIBCXX20_CONSTEXPR
 322:c:\program files\daisytoolchain\arm-none-eabi\include\c++\10.2.1\bits\stl_algobase.h ****     inline _From
 323:c:\program files\daisytoolchain\arm-none-eabi\include\c++\10.2.1\bits\stl_algobase.h ****     __niter_wrap(_From __from, _To __res)
 324:c:\program files\daisytoolchain\arm-none-eabi\include\c++\10.2.1\bits\stl_algobase.h ****     { return __from + (__res - std::__niter_base(__from)); }
 325:c:\program files\daisytoolchain\arm-none-eabi\include\c++\10.2.1\bits\stl_algobase.h **** 
 326:c:\program files\daisytoolchain\arm-none-eabi\include\c++\10.2.1\bits\stl_algobase.h ****   // No need to wrap, iterator already has the right type.
 327:c:\program files\daisytoolchain\arm-none-eabi\include\c++\10.2.1\bits\stl_algobase.h ****   template<typename _Iterator>
 328:c:\program files\daisytoolchain\arm-none-eabi\include\c++\10.2.1\bits\stl_algobase.h ****     _GLIBCXX20_CONSTEXPR
 329:c:\program files\daisytoolchain\arm-none-eabi\include\c++\10.2.1\bits\stl_algobase.h ****     inline _Iterator
 330:c:\program files\daisytoolchain\arm-none-eabi\include\c++\10.2.1\bits\stl_algobase.h ****     __niter_wrap(const _Iterator&, _Iterator __res)
 331:c:\program files\daisytoolchain\arm-none-eabi\include\c++\10.2.1\bits\stl_algobase.h ****     { return __res; }
 332:c:\program files\daisytoolchain\arm-none-eabi\include\c++\10.2.1\bits\stl_algobase.h **** 
 333:c:\program files\daisytoolchain\arm-none-eabi\include\c++\10.2.1\bits\stl_algobase.h ****   // All of these auxiliary structs serve two purposes.  (1) Replace
 334:c:\program files\daisytoolchain\arm-none-eabi\include\c++\10.2.1\bits\stl_algobase.h ****   // calls to copy with memmove whenever possible.  (Memmove, not memcpy,
 335:c:\program files\daisytoolchain\arm-none-eabi\include\c++\10.2.1\bits\stl_algobase.h ****   // because the input and output ranges are permitted to overlap.)
 336:c:\program files\daisytoolchain\arm-none-eabi\include\c++\10.2.1\bits\stl_algobase.h ****   // (2) If we're using random access iterators, then write the loop as
ARM GAS  C:\Users\22bur\AppData\Local\Temp\ccvOYMxf.s 			page 8


 337:c:\program files\daisytoolchain\arm-none-eabi\include\c++\10.2.1\bits\stl_algobase.h ****   // a for loop with an explicit count.
 338:c:\program files\daisytoolchain\arm-none-eabi\include\c++\10.2.1\bits\stl_algobase.h **** 
 339:c:\program files\daisytoolchain\arm-none-eabi\include\c++\10.2.1\bits\stl_algobase.h ****   template<bool _IsMove, bool _IsSimple, typename _Category>
 340:c:\program files\daisytoolchain\arm-none-eabi\include\c++\10.2.1\bits\stl_algobase.h ****     struct __copy_move
 341:c:\program files\daisytoolchain\arm-none-eabi\include\c++\10.2.1\bits\stl_algobase.h ****     {
 342:c:\program files\daisytoolchain\arm-none-eabi\include\c++\10.2.1\bits\stl_algobase.h ****       template<typename _II, typename _OI>
 343:c:\program files\daisytoolchain\arm-none-eabi\include\c++\10.2.1\bits\stl_algobase.h **** 	_GLIBCXX20_CONSTEXPR
 344:c:\program files\daisytoolchain\arm-none-eabi\include\c++\10.2.1\bits\stl_algobase.h **** 	static _OI
 345:c:\program files\daisytoolchain\arm-none-eabi\include\c++\10.2.1\bits\stl_algobase.h **** 	__copy_m(_II __first, _II __last, _OI __result)
 346:c:\program files\daisytoolchain\arm-none-eabi\include\c++\10.2.1\bits\stl_algobase.h **** 	{
 347:c:\program files\daisytoolchain\arm-none-eabi\include\c++\10.2.1\bits\stl_algobase.h **** 	  for (; __first != __last; ++__result, (void)++__first)
 348:c:\program files\daisytoolchain\arm-none-eabi\include\c++\10.2.1\bits\stl_algobase.h **** 	    *__result = *__first;
 349:c:\program files\daisytoolchain\arm-none-eabi\include\c++\10.2.1\bits\stl_algobase.h **** 	  return __result;
 350:c:\program files\daisytoolchain\arm-none-eabi\include\c++\10.2.1\bits\stl_algobase.h **** 	}
 351:c:\program files\daisytoolchain\arm-none-eabi\include\c++\10.2.1\bits\stl_algobase.h ****     };
 352:c:\program files\daisytoolchain\arm-none-eabi\include\c++\10.2.1\bits\stl_algobase.h **** 
 353:c:\program files\daisytoolchain\arm-none-eabi\include\c++\10.2.1\bits\stl_algobase.h **** #if __cplusplus >= 201103L
 354:c:\program files\daisytoolchain\arm-none-eabi\include\c++\10.2.1\bits\stl_algobase.h ****   template<typename _Category>
 355:c:\program files\daisytoolchain\arm-none-eabi\include\c++\10.2.1\bits\stl_algobase.h ****     struct __copy_move<true, false, _Category>
 356:c:\program files\daisytoolchain\arm-none-eabi\include\c++\10.2.1\bits\stl_algobase.h ****     {
 357:c:\program files\daisytoolchain\arm-none-eabi\include\c++\10.2.1\bits\stl_algobase.h ****       template<typename _II, typename _OI>
 358:c:\program files\daisytoolchain\arm-none-eabi\include\c++\10.2.1\bits\stl_algobase.h **** 	_GLIBCXX20_CONSTEXPR
 359:c:\program files\daisytoolchain\arm-none-eabi\include\c++\10.2.1\bits\stl_algobase.h **** 	static _OI
 360:c:\program files\daisytoolchain\arm-none-eabi\include\c++\10.2.1\bits\stl_algobase.h **** 	__copy_m(_II __first, _II __last, _OI __result)
 361:c:\program files\daisytoolchain\arm-none-eabi\include\c++\10.2.1\bits\stl_algobase.h **** 	{
 362:c:\program files\daisytoolchain\arm-none-eabi\include\c++\10.2.1\bits\stl_algobase.h **** 	  for (; __first != __last; ++__result, (void)++__first)
 363:c:\program files\daisytoolchain\arm-none-eabi\include\c++\10.2.1\bits\stl_algobase.h **** 	    *__result = std::move(*__first);
 364:c:\program files\daisytoolchain\arm-none-eabi\include\c++\10.2.1\bits\stl_algobase.h **** 	  return __result;
 365:c:\program files\daisytoolchain\arm-none-eabi\include\c++\10.2.1\bits\stl_algobase.h **** 	}
 366:c:\program files\daisytoolchain\arm-none-eabi\include\c++\10.2.1\bits\stl_algobase.h ****     };
 367:c:\program files\daisytoolchain\arm-none-eabi\include\c++\10.2.1\bits\stl_algobase.h **** #endif
 368:c:\program files\daisytoolchain\arm-none-eabi\include\c++\10.2.1\bits\stl_algobase.h **** 
 369:c:\program files\daisytoolchain\arm-none-eabi\include\c++\10.2.1\bits\stl_algobase.h ****   template<>
 370:c:\program files\daisytoolchain\arm-none-eabi\include\c++\10.2.1\bits\stl_algobase.h ****     struct __copy_move<false, false, random_access_iterator_tag>
 371:c:\program files\daisytoolchain\arm-none-eabi\include\c++\10.2.1\bits\stl_algobase.h ****     {
 372:c:\program files\daisytoolchain\arm-none-eabi\include\c++\10.2.1\bits\stl_algobase.h ****       template<typename _II, typename _OI>
 373:c:\program files\daisytoolchain\arm-none-eabi\include\c++\10.2.1\bits\stl_algobase.h **** 	_GLIBCXX20_CONSTEXPR
 374:c:\program files\daisytoolchain\arm-none-eabi\include\c++\10.2.1\bits\stl_algobase.h **** 	static _OI
 375:c:\program files\daisytoolchain\arm-none-eabi\include\c++\10.2.1\bits\stl_algobase.h **** 	__copy_m(_II __first, _II __last, _OI __result)
 376:c:\program files\daisytoolchain\arm-none-eabi\include\c++\10.2.1\bits\stl_algobase.h **** 	{
 377:c:\program files\daisytoolchain\arm-none-eabi\include\c++\10.2.1\bits\stl_algobase.h **** 	  typedef typename iterator_traits<_II>::difference_type _Distance;
 378:c:\program files\daisytoolchain\arm-none-eabi\include\c++\10.2.1\bits\stl_algobase.h **** 	  for(_Distance __n = __last - __first; __n > 0; --__n)
 379:c:\program files\daisytoolchain\arm-none-eabi\include\c++\10.2.1\bits\stl_algobase.h **** 	    {
 380:c:\program files\daisytoolchain\arm-none-eabi\include\c++\10.2.1\bits\stl_algobase.h **** 	      *__result = *__first;
 381:c:\program files\daisytoolchain\arm-none-eabi\include\c++\10.2.1\bits\stl_algobase.h **** 	      ++__first;
 382:c:\program files\daisytoolchain\arm-none-eabi\include\c++\10.2.1\bits\stl_algobase.h **** 	      ++__result;
 383:c:\program files\daisytoolchain\arm-none-eabi\include\c++\10.2.1\bits\stl_algobase.h **** 	    }
 384:c:\program files\daisytoolchain\arm-none-eabi\include\c++\10.2.1\bits\stl_algobase.h **** 	  return __result;
 385:c:\program files\daisytoolchain\arm-none-eabi\include\c++\10.2.1\bits\stl_algobase.h **** 	}
 386:c:\program files\daisytoolchain\arm-none-eabi\include\c++\10.2.1\bits\stl_algobase.h ****     };
 387:c:\program files\daisytoolchain\arm-none-eabi\include\c++\10.2.1\bits\stl_algobase.h **** 
 388:c:\program files\daisytoolchain\arm-none-eabi\include\c++\10.2.1\bits\stl_algobase.h **** #if __cplusplus >= 201103L
 389:c:\program files\daisytoolchain\arm-none-eabi\include\c++\10.2.1\bits\stl_algobase.h ****   template<>
 390:c:\program files\daisytoolchain\arm-none-eabi\include\c++\10.2.1\bits\stl_algobase.h ****     struct __copy_move<true, false, random_access_iterator_tag>
 391:c:\program files\daisytoolchain\arm-none-eabi\include\c++\10.2.1\bits\stl_algobase.h ****     {
 392:c:\program files\daisytoolchain\arm-none-eabi\include\c++\10.2.1\bits\stl_algobase.h ****       template<typename _II, typename _OI>
 393:c:\program files\daisytoolchain\arm-none-eabi\include\c++\10.2.1\bits\stl_algobase.h **** 	_GLIBCXX20_CONSTEXPR
ARM GAS  C:\Users\22bur\AppData\Local\Temp\ccvOYMxf.s 			page 9


 394:c:\program files\daisytoolchain\arm-none-eabi\include\c++\10.2.1\bits\stl_algobase.h **** 	static _OI
 395:c:\program files\daisytoolchain\arm-none-eabi\include\c++\10.2.1\bits\stl_algobase.h **** 	__copy_m(_II __first, _II __last, _OI __result)
 396:c:\program files\daisytoolchain\arm-none-eabi\include\c++\10.2.1\bits\stl_algobase.h **** 	{
 397:c:\program files\daisytoolchain\arm-none-eabi\include\c++\10.2.1\bits\stl_algobase.h **** 	  typedef typename iterator_traits<_II>::difference_type _Distance;
 398:c:\program files\daisytoolchain\arm-none-eabi\include\c++\10.2.1\bits\stl_algobase.h **** 	  for(_Distance __n = __last - __first; __n > 0; --__n)
 399:c:\program files\daisytoolchain\arm-none-eabi\include\c++\10.2.1\bits\stl_algobase.h **** 	    {
 400:c:\program files\daisytoolchain\arm-none-eabi\include\c++\10.2.1\bits\stl_algobase.h **** 	      *__result = std::move(*__first);
 401:c:\program files\daisytoolchain\arm-none-eabi\include\c++\10.2.1\bits\stl_algobase.h **** 	      ++__first;
 402:c:\program files\daisytoolchain\arm-none-eabi\include\c++\10.2.1\bits\stl_algobase.h **** 	      ++__result;
 403:c:\program files\daisytoolchain\arm-none-eabi\include\c++\10.2.1\bits\stl_algobase.h **** 	    }
 404:c:\program files\daisytoolchain\arm-none-eabi\include\c++\10.2.1\bits\stl_algobase.h **** 	  return __result;
 405:c:\program files\daisytoolchain\arm-none-eabi\include\c++\10.2.1\bits\stl_algobase.h **** 	}
 406:c:\program files\daisytoolchain\arm-none-eabi\include\c++\10.2.1\bits\stl_algobase.h ****     };
 407:c:\program files\daisytoolchain\arm-none-eabi\include\c++\10.2.1\bits\stl_algobase.h **** #endif
 408:c:\program files\daisytoolchain\arm-none-eabi\include\c++\10.2.1\bits\stl_algobase.h **** 
 409:c:\program files\daisytoolchain\arm-none-eabi\include\c++\10.2.1\bits\stl_algobase.h ****   template<bool _IsMove>
 410:c:\program files\daisytoolchain\arm-none-eabi\include\c++\10.2.1\bits\stl_algobase.h ****     struct __copy_move<_IsMove, true, random_access_iterator_tag>
 411:c:\program files\daisytoolchain\arm-none-eabi\include\c++\10.2.1\bits\stl_algobase.h ****     {
 412:c:\program files\daisytoolchain\arm-none-eabi\include\c++\10.2.1\bits\stl_algobase.h ****       template<typename _Tp>
 413:c:\program files\daisytoolchain\arm-none-eabi\include\c++\10.2.1\bits\stl_algobase.h **** 	_GLIBCXX20_CONSTEXPR
 414:c:\program files\daisytoolchain\arm-none-eabi\include\c++\10.2.1\bits\stl_algobase.h **** 	static _Tp*
 415:c:\program files\daisytoolchain\arm-none-eabi\include\c++\10.2.1\bits\stl_algobase.h **** 	__copy_m(const _Tp* __first, const _Tp* __last, _Tp* __result)
 416:c:\program files\daisytoolchain\arm-none-eabi\include\c++\10.2.1\bits\stl_algobase.h **** 	{
 417:c:\program files\daisytoolchain\arm-none-eabi\include\c++\10.2.1\bits\stl_algobase.h **** #if __cplusplus >= 201103L
 418:c:\program files\daisytoolchain\arm-none-eabi\include\c++\10.2.1\bits\stl_algobase.h **** 	  using __assignable = conditional<_IsMove,
 419:c:\program files\daisytoolchain\arm-none-eabi\include\c++\10.2.1\bits\stl_algobase.h **** 					   is_move_assignable<_Tp>,
 420:c:\program files\daisytoolchain\arm-none-eabi\include\c++\10.2.1\bits\stl_algobase.h **** 					   is_copy_assignable<_Tp>>;
 421:c:\program files\daisytoolchain\arm-none-eabi\include\c++\10.2.1\bits\stl_algobase.h **** 	  // trivial types can have deleted assignment
 422:c:\program files\daisytoolchain\arm-none-eabi\include\c++\10.2.1\bits\stl_algobase.h **** 	  static_assert( __assignable::type::value, "type is not assignable" );
 423:c:\program files\daisytoolchain\arm-none-eabi\include\c++\10.2.1\bits\stl_algobase.h **** #endif
 424:c:\program files\daisytoolchain\arm-none-eabi\include\c++\10.2.1\bits\stl_algobase.h **** 	  const ptrdiff_t _Num = __last - __first;
 425:c:\program files\daisytoolchain\arm-none-eabi\include\c++\10.2.1\bits\stl_algobase.h **** 	  if (_Num)
 426:c:\program files\daisytoolchain\arm-none-eabi\include\c++\10.2.1\bits\stl_algobase.h **** 	    __builtin_memmove(__result, __first, sizeof(_Tp) * _Num);
 427:c:\program files\daisytoolchain\arm-none-eabi\include\c++\10.2.1\bits\stl_algobase.h **** 	  return __result + _Num;
 428:c:\program files\daisytoolchain\arm-none-eabi\include\c++\10.2.1\bits\stl_algobase.h **** 	}
 429:c:\program files\daisytoolchain\arm-none-eabi\include\c++\10.2.1\bits\stl_algobase.h ****     };
 430:c:\program files\daisytoolchain\arm-none-eabi\include\c++\10.2.1\bits\stl_algobase.h **** 
 431:c:\program files\daisytoolchain\arm-none-eabi\include\c++\10.2.1\bits\stl_algobase.h ****   // Helpers for streambuf iterators (either istream or ostream).
 432:c:\program files\daisytoolchain\arm-none-eabi\include\c++\10.2.1\bits\stl_algobase.h ****   // NB: avoid including <iosfwd>, relatively large.
 433:c:\program files\daisytoolchain\arm-none-eabi\include\c++\10.2.1\bits\stl_algobase.h ****   template<typename _CharT>
 434:c:\program files\daisytoolchain\arm-none-eabi\include\c++\10.2.1\bits\stl_algobase.h ****     struct char_traits;
 435:c:\program files\daisytoolchain\arm-none-eabi\include\c++\10.2.1\bits\stl_algobase.h **** 
 436:c:\program files\daisytoolchain\arm-none-eabi\include\c++\10.2.1\bits\stl_algobase.h ****   template<typename _CharT, typename _Traits>
 437:c:\program files\daisytoolchain\arm-none-eabi\include\c++\10.2.1\bits\stl_algobase.h ****     class istreambuf_iterator;
 438:c:\program files\daisytoolchain\arm-none-eabi\include\c++\10.2.1\bits\stl_algobase.h **** 
 439:c:\program files\daisytoolchain\arm-none-eabi\include\c++\10.2.1\bits\stl_algobase.h ****   template<typename _CharT, typename _Traits>
 440:c:\program files\daisytoolchain\arm-none-eabi\include\c++\10.2.1\bits\stl_algobase.h ****     class ostreambuf_iterator;
 441:c:\program files\daisytoolchain\arm-none-eabi\include\c++\10.2.1\bits\stl_algobase.h **** 
 442:c:\program files\daisytoolchain\arm-none-eabi\include\c++\10.2.1\bits\stl_algobase.h ****   template<bool _IsMove, typename _CharT>
 443:c:\program files\daisytoolchain\arm-none-eabi\include\c++\10.2.1\bits\stl_algobase.h ****     typename __gnu_cxx::__enable_if<__is_char<_CharT>::__value,
 444:c:\program files\daisytoolchain\arm-none-eabi\include\c++\10.2.1\bits\stl_algobase.h **** 	     ostreambuf_iterator<_CharT, char_traits<_CharT> > >::__type
 445:c:\program files\daisytoolchain\arm-none-eabi\include\c++\10.2.1\bits\stl_algobase.h ****     __copy_move_a2(_CharT*, _CharT*,
 446:c:\program files\daisytoolchain\arm-none-eabi\include\c++\10.2.1\bits\stl_algobase.h **** 		   ostreambuf_iterator<_CharT, char_traits<_CharT> >);
 447:c:\program files\daisytoolchain\arm-none-eabi\include\c++\10.2.1\bits\stl_algobase.h **** 
 448:c:\program files\daisytoolchain\arm-none-eabi\include\c++\10.2.1\bits\stl_algobase.h ****   template<bool _IsMove, typename _CharT>
 449:c:\program files\daisytoolchain\arm-none-eabi\include\c++\10.2.1\bits\stl_algobase.h ****     typename __gnu_cxx::__enable_if<__is_char<_CharT>::__value,
 450:c:\program files\daisytoolchain\arm-none-eabi\include\c++\10.2.1\bits\stl_algobase.h **** 	     ostreambuf_iterator<_CharT, char_traits<_CharT> > >::__type
ARM GAS  C:\Users\22bur\AppData\Local\Temp\ccvOYMxf.s 			page 10


 451:c:\program files\daisytoolchain\arm-none-eabi\include\c++\10.2.1\bits\stl_algobase.h ****     __copy_move_a2(const _CharT*, const _CharT*,
 452:c:\program files\daisytoolchain\arm-none-eabi\include\c++\10.2.1\bits\stl_algobase.h **** 		   ostreambuf_iterator<_CharT, char_traits<_CharT> >);
 453:c:\program files\daisytoolchain\arm-none-eabi\include\c++\10.2.1\bits\stl_algobase.h **** 
 454:c:\program files\daisytoolchain\arm-none-eabi\include\c++\10.2.1\bits\stl_algobase.h ****   template<bool _IsMove, typename _CharT>
 455:c:\program files\daisytoolchain\arm-none-eabi\include\c++\10.2.1\bits\stl_algobase.h ****     typename __gnu_cxx::__enable_if<__is_char<_CharT>::__value,
 456:c:\program files\daisytoolchain\arm-none-eabi\include\c++\10.2.1\bits\stl_algobase.h **** 				    _CharT*>::__type
 457:c:\program files\daisytoolchain\arm-none-eabi\include\c++\10.2.1\bits\stl_algobase.h ****     __copy_move_a2(istreambuf_iterator<_CharT, char_traits<_CharT> >,
 458:c:\program files\daisytoolchain\arm-none-eabi\include\c++\10.2.1\bits\stl_algobase.h **** 		   istreambuf_iterator<_CharT, char_traits<_CharT> >, _CharT*);
 459:c:\program files\daisytoolchain\arm-none-eabi\include\c++\10.2.1\bits\stl_algobase.h **** 
 460:c:\program files\daisytoolchain\arm-none-eabi\include\c++\10.2.1\bits\stl_algobase.h ****   template<bool _IsMove, typename _II, typename _OI>
 461:c:\program files\daisytoolchain\arm-none-eabi\include\c++\10.2.1\bits\stl_algobase.h ****     _GLIBCXX20_CONSTEXPR
 462:c:\program files\daisytoolchain\arm-none-eabi\include\c++\10.2.1\bits\stl_algobase.h ****     inline _OI
 463:c:\program files\daisytoolchain\arm-none-eabi\include\c++\10.2.1\bits\stl_algobase.h ****     __copy_move_a2(_II __first, _II __last, _OI __result)
 464:c:\program files\daisytoolchain\arm-none-eabi\include\c++\10.2.1\bits\stl_algobase.h ****     {
 465:c:\program files\daisytoolchain\arm-none-eabi\include\c++\10.2.1\bits\stl_algobase.h ****       typedef typename iterator_traits<_II>::iterator_category _Category;
 466:c:\program files\daisytoolchain\arm-none-eabi\include\c++\10.2.1\bits\stl_algobase.h **** #ifdef __cpp_lib_is_constant_evaluated
 467:c:\program files\daisytoolchain\arm-none-eabi\include\c++\10.2.1\bits\stl_algobase.h ****       if (std::is_constant_evaluated())
 468:c:\program files\daisytoolchain\arm-none-eabi\include\c++\10.2.1\bits\stl_algobase.h **** 	return std::__copy_move<_IsMove, false, _Category>::
 469:c:\program files\daisytoolchain\arm-none-eabi\include\c++\10.2.1\bits\stl_algobase.h **** 	  __copy_m(__first, __last, __result);
 470:c:\program files\daisytoolchain\arm-none-eabi\include\c++\10.2.1\bits\stl_algobase.h **** #endif
 471:c:\program files\daisytoolchain\arm-none-eabi\include\c++\10.2.1\bits\stl_algobase.h ****       return std::__copy_move<_IsMove, __memcpyable<_OI, _II>::__value,
 472:c:\program files\daisytoolchain\arm-none-eabi\include\c++\10.2.1\bits\stl_algobase.h **** 			      _Category>::__copy_m(__first, __last, __result);
 473:c:\program files\daisytoolchain\arm-none-eabi\include\c++\10.2.1\bits\stl_algobase.h ****     }
 474:c:\program files\daisytoolchain\arm-none-eabi\include\c++\10.2.1\bits\stl_algobase.h **** 
 475:c:\program files\daisytoolchain\arm-none-eabi\include\c++\10.2.1\bits\stl_algobase.h **** _GLIBCXX_BEGIN_NAMESPACE_CONTAINER
 476:c:\program files\daisytoolchain\arm-none-eabi\include\c++\10.2.1\bits\stl_algobase.h **** 
 477:c:\program files\daisytoolchain\arm-none-eabi\include\c++\10.2.1\bits\stl_algobase.h ****   template<typename _Tp, typename _Ref, typename _Ptr>
 478:c:\program files\daisytoolchain\arm-none-eabi\include\c++\10.2.1\bits\stl_algobase.h ****     struct _Deque_iterator;
 479:c:\program files\daisytoolchain\arm-none-eabi\include\c++\10.2.1\bits\stl_algobase.h **** 
 480:c:\program files\daisytoolchain\arm-none-eabi\include\c++\10.2.1\bits\stl_algobase.h **** _GLIBCXX_END_NAMESPACE_CONTAINER
 481:c:\program files\daisytoolchain\arm-none-eabi\include\c++\10.2.1\bits\stl_algobase.h **** 
 482:c:\program files\daisytoolchain\arm-none-eabi\include\c++\10.2.1\bits\stl_algobase.h ****   template<bool _IsMove,
 483:c:\program files\daisytoolchain\arm-none-eabi\include\c++\10.2.1\bits\stl_algobase.h **** 	   typename _Tp, typename _Ref, typename _Ptr, typename _OI>
 484:c:\program files\daisytoolchain\arm-none-eabi\include\c++\10.2.1\bits\stl_algobase.h ****     _OI
 485:c:\program files\daisytoolchain\arm-none-eabi\include\c++\10.2.1\bits\stl_algobase.h ****     __copy_move_a1(_GLIBCXX_STD_C::_Deque_iterator<_Tp, _Ref, _Ptr>,
 486:c:\program files\daisytoolchain\arm-none-eabi\include\c++\10.2.1\bits\stl_algobase.h **** 		   _GLIBCXX_STD_C::_Deque_iterator<_Tp, _Ref, _Ptr>,
 487:c:\program files\daisytoolchain\arm-none-eabi\include\c++\10.2.1\bits\stl_algobase.h **** 		   _OI);
 488:c:\program files\daisytoolchain\arm-none-eabi\include\c++\10.2.1\bits\stl_algobase.h **** 
 489:c:\program files\daisytoolchain\arm-none-eabi\include\c++\10.2.1\bits\stl_algobase.h ****   template<bool _IsMove,
 490:c:\program files\daisytoolchain\arm-none-eabi\include\c++\10.2.1\bits\stl_algobase.h **** 	   typename _ITp, typename _IRef, typename _IPtr, typename _OTp>
 491:c:\program files\daisytoolchain\arm-none-eabi\include\c++\10.2.1\bits\stl_algobase.h ****     _GLIBCXX_STD_C::_Deque_iterator<_OTp, _OTp&, _OTp*>
 492:c:\program files\daisytoolchain\arm-none-eabi\include\c++\10.2.1\bits\stl_algobase.h ****     __copy_move_a1(_GLIBCXX_STD_C::_Deque_iterator<_ITp, _IRef, _IPtr>,
 493:c:\program files\daisytoolchain\arm-none-eabi\include\c++\10.2.1\bits\stl_algobase.h **** 		   _GLIBCXX_STD_C::_Deque_iterator<_ITp, _IRef, _IPtr>,
 494:c:\program files\daisytoolchain\arm-none-eabi\include\c++\10.2.1\bits\stl_algobase.h **** 		   _GLIBCXX_STD_C::_Deque_iterator<_OTp, _OTp&, _OTp*>);
 495:c:\program files\daisytoolchain\arm-none-eabi\include\c++\10.2.1\bits\stl_algobase.h **** 
 496:c:\program files\daisytoolchain\arm-none-eabi\include\c++\10.2.1\bits\stl_algobase.h ****   template<bool _IsMove, typename _II, typename _Tp>
 497:c:\program files\daisytoolchain\arm-none-eabi\include\c++\10.2.1\bits\stl_algobase.h ****     typename __gnu_cxx::__enable_if<
 498:c:\program files\daisytoolchain\arm-none-eabi\include\c++\10.2.1\bits\stl_algobase.h ****       __is_random_access_iter<_II>::__value,
 499:c:\program files\daisytoolchain\arm-none-eabi\include\c++\10.2.1\bits\stl_algobase.h ****       _GLIBCXX_STD_C::_Deque_iterator<_Tp, _Tp&, _Tp*> >::__type
 500:c:\program files\daisytoolchain\arm-none-eabi\include\c++\10.2.1\bits\stl_algobase.h ****     __copy_move_a1(_II, _II, _GLIBCXX_STD_C::_Deque_iterator<_Tp, _Tp&, _Tp*>);
 501:c:\program files\daisytoolchain\arm-none-eabi\include\c++\10.2.1\bits\stl_algobase.h **** 
 502:c:\program files\daisytoolchain\arm-none-eabi\include\c++\10.2.1\bits\stl_algobase.h ****   template<bool _IsMove, typename _II, typename _OI>
 503:c:\program files\daisytoolchain\arm-none-eabi\include\c++\10.2.1\bits\stl_algobase.h ****     _GLIBCXX20_CONSTEXPR
 504:c:\program files\daisytoolchain\arm-none-eabi\include\c++\10.2.1\bits\stl_algobase.h ****     inline _OI
 505:c:\program files\daisytoolchain\arm-none-eabi\include\c++\10.2.1\bits\stl_algobase.h ****     __copy_move_a1(_II __first, _II __last, _OI __result)
 506:c:\program files\daisytoolchain\arm-none-eabi\include\c++\10.2.1\bits\stl_algobase.h ****     { return std::__copy_move_a2<_IsMove>(__first, __last, __result); }
 507:c:\program files\daisytoolchain\arm-none-eabi\include\c++\10.2.1\bits\stl_algobase.h **** 
ARM GAS  C:\Users\22bur\AppData\Local\Temp\ccvOYMxf.s 			page 11


 508:c:\program files\daisytoolchain\arm-none-eabi\include\c++\10.2.1\bits\stl_algobase.h ****   template<bool _IsMove, typename _II, typename _OI>
 509:c:\program files\daisytoolchain\arm-none-eabi\include\c++\10.2.1\bits\stl_algobase.h ****     _GLIBCXX20_CONSTEXPR
 510:c:\program files\daisytoolchain\arm-none-eabi\include\c++\10.2.1\bits\stl_algobase.h ****     inline _OI
 511:c:\program files\daisytoolchain\arm-none-eabi\include\c++\10.2.1\bits\stl_algobase.h ****     __copy_move_a(_II __first, _II __last, _OI __result)
 512:c:\program files\daisytoolchain\arm-none-eabi\include\c++\10.2.1\bits\stl_algobase.h ****     {
 513:c:\program files\daisytoolchain\arm-none-eabi\include\c++\10.2.1\bits\stl_algobase.h ****       return std::__niter_wrap(__result,
 514:c:\program files\daisytoolchain\arm-none-eabi\include\c++\10.2.1\bits\stl_algobase.h **** 		std::__copy_move_a1<_IsMove>(std::__niter_base(__first),
 515:c:\program files\daisytoolchain\arm-none-eabi\include\c++\10.2.1\bits\stl_algobase.h **** 					     std::__niter_base(__last),
 516:c:\program files\daisytoolchain\arm-none-eabi\include\c++\10.2.1\bits\stl_algobase.h **** 					     std::__niter_base(__result)));
 517:c:\program files\daisytoolchain\arm-none-eabi\include\c++\10.2.1\bits\stl_algobase.h ****     }
 518:c:\program files\daisytoolchain\arm-none-eabi\include\c++\10.2.1\bits\stl_algobase.h **** 
 519:c:\program files\daisytoolchain\arm-none-eabi\include\c++\10.2.1\bits\stl_algobase.h ****   template<bool _IsMove,
 520:c:\program files\daisytoolchain\arm-none-eabi\include\c++\10.2.1\bits\stl_algobase.h **** 	   typename _Ite, typename _Seq, typename _Cat, typename _OI>
 521:c:\program files\daisytoolchain\arm-none-eabi\include\c++\10.2.1\bits\stl_algobase.h ****     _OI
 522:c:\program files\daisytoolchain\arm-none-eabi\include\c++\10.2.1\bits\stl_algobase.h ****     __copy_move_a(const ::__gnu_debug::_Safe_iterator<_Ite, _Seq, _Cat>&,
 523:c:\program files\daisytoolchain\arm-none-eabi\include\c++\10.2.1\bits\stl_algobase.h **** 		  const ::__gnu_debug::_Safe_iterator<_Ite, _Seq, _Cat>&,
 524:c:\program files\daisytoolchain\arm-none-eabi\include\c++\10.2.1\bits\stl_algobase.h **** 		  _OI);
 525:c:\program files\daisytoolchain\arm-none-eabi\include\c++\10.2.1\bits\stl_algobase.h **** 
 526:c:\program files\daisytoolchain\arm-none-eabi\include\c++\10.2.1\bits\stl_algobase.h ****   template<bool _IsMove,
 527:c:\program files\daisytoolchain\arm-none-eabi\include\c++\10.2.1\bits\stl_algobase.h **** 	   typename _II, typename _Ite, typename _Seq, typename _Cat>
 528:c:\program files\daisytoolchain\arm-none-eabi\include\c++\10.2.1\bits\stl_algobase.h ****     __gnu_debug::_Safe_iterator<_Ite, _Seq, _Cat>
 529:c:\program files\daisytoolchain\arm-none-eabi\include\c++\10.2.1\bits\stl_algobase.h ****     __copy_move_a(_II, _II,
 530:c:\program files\daisytoolchain\arm-none-eabi\include\c++\10.2.1\bits\stl_algobase.h **** 		  const ::__gnu_debug::_Safe_iterator<_Ite, _Seq, _Cat>&);
 531:c:\program files\daisytoolchain\arm-none-eabi\include\c++\10.2.1\bits\stl_algobase.h **** 
 532:c:\program files\daisytoolchain\arm-none-eabi\include\c++\10.2.1\bits\stl_algobase.h ****   template<bool _IsMove,
 533:c:\program files\daisytoolchain\arm-none-eabi\include\c++\10.2.1\bits\stl_algobase.h **** 	   typename _IIte, typename _ISeq, typename _ICat,
 534:c:\program files\daisytoolchain\arm-none-eabi\include\c++\10.2.1\bits\stl_algobase.h **** 	   typename _OIte, typename _OSeq, typename _OCat>
 535:c:\program files\daisytoolchain\arm-none-eabi\include\c++\10.2.1\bits\stl_algobase.h ****     ::__gnu_debug::_Safe_iterator<_OIte, _OSeq, _OCat>
 536:c:\program files\daisytoolchain\arm-none-eabi\include\c++\10.2.1\bits\stl_algobase.h ****     __copy_move_a(const ::__gnu_debug::_Safe_iterator<_IIte, _ISeq, _ICat>&,
 537:c:\program files\daisytoolchain\arm-none-eabi\include\c++\10.2.1\bits\stl_algobase.h **** 		  const ::__gnu_debug::_Safe_iterator<_IIte, _ISeq, _ICat>&,
 538:c:\program files\daisytoolchain\arm-none-eabi\include\c++\10.2.1\bits\stl_algobase.h **** 		  const ::__gnu_debug::_Safe_iterator<_OIte, _OSeq, _OCat>&);
 539:c:\program files\daisytoolchain\arm-none-eabi\include\c++\10.2.1\bits\stl_algobase.h **** 
 540:c:\program files\daisytoolchain\arm-none-eabi\include\c++\10.2.1\bits\stl_algobase.h ****   /**
 541:c:\program files\daisytoolchain\arm-none-eabi\include\c++\10.2.1\bits\stl_algobase.h ****    *  @brief Copies the range [first,last) into result.
 542:c:\program files\daisytoolchain\arm-none-eabi\include\c++\10.2.1\bits\stl_algobase.h ****    *  @ingroup mutating_algorithms
 543:c:\program files\daisytoolchain\arm-none-eabi\include\c++\10.2.1\bits\stl_algobase.h ****    *  @param  __first  An input iterator.
 544:c:\program files\daisytoolchain\arm-none-eabi\include\c++\10.2.1\bits\stl_algobase.h ****    *  @param  __last   An input iterator.
 545:c:\program files\daisytoolchain\arm-none-eabi\include\c++\10.2.1\bits\stl_algobase.h ****    *  @param  __result An output iterator.
 546:c:\program files\daisytoolchain\arm-none-eabi\include\c++\10.2.1\bits\stl_algobase.h ****    *  @return   result + (last - first)
 547:c:\program files\daisytoolchain\arm-none-eabi\include\c++\10.2.1\bits\stl_algobase.h ****    *
 548:c:\program files\daisytoolchain\arm-none-eabi\include\c++\10.2.1\bits\stl_algobase.h ****    *  This inline function will boil down to a call to @c memmove whenever
 549:c:\program files\daisytoolchain\arm-none-eabi\include\c++\10.2.1\bits\stl_algobase.h ****    *  possible.  Failing that, if random access iterators are passed, then the
 550:c:\program files\daisytoolchain\arm-none-eabi\include\c++\10.2.1\bits\stl_algobase.h ****    *  loop count will be known (and therefore a candidate for compiler
 551:c:\program files\daisytoolchain\arm-none-eabi\include\c++\10.2.1\bits\stl_algobase.h ****    *  optimizations such as unrolling).  Result may not be contained within
 552:c:\program files\daisytoolchain\arm-none-eabi\include\c++\10.2.1\bits\stl_algobase.h ****    *  [first,last); the copy_backward function should be used instead.
 553:c:\program files\daisytoolchain\arm-none-eabi\include\c++\10.2.1\bits\stl_algobase.h ****    *
 554:c:\program files\daisytoolchain\arm-none-eabi\include\c++\10.2.1\bits\stl_algobase.h ****    *  Note that the end of the output range is permitted to be contained
 555:c:\program files\daisytoolchain\arm-none-eabi\include\c++\10.2.1\bits\stl_algobase.h ****    *  within [first,last).
 556:c:\program files\daisytoolchain\arm-none-eabi\include\c++\10.2.1\bits\stl_algobase.h ****   */
 557:c:\program files\daisytoolchain\arm-none-eabi\include\c++\10.2.1\bits\stl_algobase.h ****   template<typename _II, typename _OI>
 558:c:\program files\daisytoolchain\arm-none-eabi\include\c++\10.2.1\bits\stl_algobase.h ****     _GLIBCXX20_CONSTEXPR
 559:c:\program files\daisytoolchain\arm-none-eabi\include\c++\10.2.1\bits\stl_algobase.h ****     inline _OI
 560:c:\program files\daisytoolchain\arm-none-eabi\include\c++\10.2.1\bits\stl_algobase.h ****     copy(_II __first, _II __last, _OI __result)
 561:c:\program files\daisytoolchain\arm-none-eabi\include\c++\10.2.1\bits\stl_algobase.h ****     {
 562:c:\program files\daisytoolchain\arm-none-eabi\include\c++\10.2.1\bits\stl_algobase.h ****       // concept requirements
 563:c:\program files\daisytoolchain\arm-none-eabi\include\c++\10.2.1\bits\stl_algobase.h ****       __glibcxx_function_requires(_InputIteratorConcept<_II>)
 564:c:\program files\daisytoolchain\arm-none-eabi\include\c++\10.2.1\bits\stl_algobase.h ****       __glibcxx_function_requires(_OutputIteratorConcept<_OI,
ARM GAS  C:\Users\22bur\AppData\Local\Temp\ccvOYMxf.s 			page 12


 565:c:\program files\daisytoolchain\arm-none-eabi\include\c++\10.2.1\bits\stl_algobase.h **** 	    typename iterator_traits<_II>::value_type>)
 566:c:\program files\daisytoolchain\arm-none-eabi\include\c++\10.2.1\bits\stl_algobase.h ****       __glibcxx_requires_can_increment_range(__first, __last, __result);
 567:c:\program files\daisytoolchain\arm-none-eabi\include\c++\10.2.1\bits\stl_algobase.h **** 
 568:c:\program files\daisytoolchain\arm-none-eabi\include\c++\10.2.1\bits\stl_algobase.h ****       return std::__copy_move_a<__is_move_iterator<_II>::__value>
 569:c:\program files\daisytoolchain\arm-none-eabi\include\c++\10.2.1\bits\stl_algobase.h **** 	     (std::__miter_base(__first), std::__miter_base(__last), __result);
 570:c:\program files\daisytoolchain\arm-none-eabi\include\c++\10.2.1\bits\stl_algobase.h ****     }
 571:c:\program files\daisytoolchain\arm-none-eabi\include\c++\10.2.1\bits\stl_algobase.h **** 
 572:c:\program files\daisytoolchain\arm-none-eabi\include\c++\10.2.1\bits\stl_algobase.h **** #if __cplusplus >= 201103L
 573:c:\program files\daisytoolchain\arm-none-eabi\include\c++\10.2.1\bits\stl_algobase.h ****   /**
 574:c:\program files\daisytoolchain\arm-none-eabi\include\c++\10.2.1\bits\stl_algobase.h ****    *  @brief Moves the range [first,last) into result.
 575:c:\program files\daisytoolchain\arm-none-eabi\include\c++\10.2.1\bits\stl_algobase.h ****    *  @ingroup mutating_algorithms
 576:c:\program files\daisytoolchain\arm-none-eabi\include\c++\10.2.1\bits\stl_algobase.h ****    *  @param  __first  An input iterator.
 577:c:\program files\daisytoolchain\arm-none-eabi\include\c++\10.2.1\bits\stl_algobase.h ****    *  @param  __last   An input iterator.
 578:c:\program files\daisytoolchain\arm-none-eabi\include\c++\10.2.1\bits\stl_algobase.h ****    *  @param  __result An output iterator.
 579:c:\program files\daisytoolchain\arm-none-eabi\include\c++\10.2.1\bits\stl_algobase.h ****    *  @return   result + (last - first)
 580:c:\program files\daisytoolchain\arm-none-eabi\include\c++\10.2.1\bits\stl_algobase.h ****    *
 581:c:\program files\daisytoolchain\arm-none-eabi\include\c++\10.2.1\bits\stl_algobase.h ****    *  This inline function will boil down to a call to @c memmove whenever
 582:c:\program files\daisytoolchain\arm-none-eabi\include\c++\10.2.1\bits\stl_algobase.h ****    *  possible.  Failing that, if random access iterators are passed, then the
 583:c:\program files\daisytoolchain\arm-none-eabi\include\c++\10.2.1\bits\stl_algobase.h ****    *  loop count will be known (and therefore a candidate for compiler
 584:c:\program files\daisytoolchain\arm-none-eabi\include\c++\10.2.1\bits\stl_algobase.h ****    *  optimizations such as unrolling).  Result may not be contained within
 585:c:\program files\daisytoolchain\arm-none-eabi\include\c++\10.2.1\bits\stl_algobase.h ****    *  [first,last); the move_backward function should be used instead.
 586:c:\program files\daisytoolchain\arm-none-eabi\include\c++\10.2.1\bits\stl_algobase.h ****    *
 587:c:\program files\daisytoolchain\arm-none-eabi\include\c++\10.2.1\bits\stl_algobase.h ****    *  Note that the end of the output range is permitted to be contained
 588:c:\program files\daisytoolchain\arm-none-eabi\include\c++\10.2.1\bits\stl_algobase.h ****    *  within [first,last).
 589:c:\program files\daisytoolchain\arm-none-eabi\include\c++\10.2.1\bits\stl_algobase.h ****   */
 590:c:\program files\daisytoolchain\arm-none-eabi\include\c++\10.2.1\bits\stl_algobase.h ****   template<typename _II, typename _OI>
 591:c:\program files\daisytoolchain\arm-none-eabi\include\c++\10.2.1\bits\stl_algobase.h ****     _GLIBCXX20_CONSTEXPR
 592:c:\program files\daisytoolchain\arm-none-eabi\include\c++\10.2.1\bits\stl_algobase.h ****     inline _OI
 593:c:\program files\daisytoolchain\arm-none-eabi\include\c++\10.2.1\bits\stl_algobase.h ****     move(_II __first, _II __last, _OI __result)
 594:c:\program files\daisytoolchain\arm-none-eabi\include\c++\10.2.1\bits\stl_algobase.h ****     {
 595:c:\program files\daisytoolchain\arm-none-eabi\include\c++\10.2.1\bits\stl_algobase.h ****       // concept requirements
 596:c:\program files\daisytoolchain\arm-none-eabi\include\c++\10.2.1\bits\stl_algobase.h ****       __glibcxx_function_requires(_InputIteratorConcept<_II>)
 597:c:\program files\daisytoolchain\arm-none-eabi\include\c++\10.2.1\bits\stl_algobase.h ****       __glibcxx_function_requires(_OutputIteratorConcept<_OI,
 598:c:\program files\daisytoolchain\arm-none-eabi\include\c++\10.2.1\bits\stl_algobase.h **** 	    typename iterator_traits<_II>::value_type>)
 599:c:\program files\daisytoolchain\arm-none-eabi\include\c++\10.2.1\bits\stl_algobase.h ****       __glibcxx_requires_can_increment_range(__first, __last, __result);
 600:c:\program files\daisytoolchain\arm-none-eabi\include\c++\10.2.1\bits\stl_algobase.h **** 
 601:c:\program files\daisytoolchain\arm-none-eabi\include\c++\10.2.1\bits\stl_algobase.h ****       return std::__copy_move_a<true>(std::__miter_base(__first),
 602:c:\program files\daisytoolchain\arm-none-eabi\include\c++\10.2.1\bits\stl_algobase.h **** 				      std::__miter_base(__last), __result);
 603:c:\program files\daisytoolchain\arm-none-eabi\include\c++\10.2.1\bits\stl_algobase.h ****     }
 604:c:\program files\daisytoolchain\arm-none-eabi\include\c++\10.2.1\bits\stl_algobase.h **** 
 605:c:\program files\daisytoolchain\arm-none-eabi\include\c++\10.2.1\bits\stl_algobase.h **** #define _GLIBCXX_MOVE3(_Tp, _Up, _Vp) std::move(_Tp, _Up, _Vp)
 606:c:\program files\daisytoolchain\arm-none-eabi\include\c++\10.2.1\bits\stl_algobase.h **** #else
 607:c:\program files\daisytoolchain\arm-none-eabi\include\c++\10.2.1\bits\stl_algobase.h **** #define _GLIBCXX_MOVE3(_Tp, _Up, _Vp) std::copy(_Tp, _Up, _Vp)
 608:c:\program files\daisytoolchain\arm-none-eabi\include\c++\10.2.1\bits\stl_algobase.h **** #endif
 609:c:\program files\daisytoolchain\arm-none-eabi\include\c++\10.2.1\bits\stl_algobase.h **** 
 610:c:\program files\daisytoolchain\arm-none-eabi\include\c++\10.2.1\bits\stl_algobase.h ****   template<bool _IsMove, bool _IsSimple, typename _Category>
 611:c:\program files\daisytoolchain\arm-none-eabi\include\c++\10.2.1\bits\stl_algobase.h ****     struct __copy_move_backward
 612:c:\program files\daisytoolchain\arm-none-eabi\include\c++\10.2.1\bits\stl_algobase.h ****     {
 613:c:\program files\daisytoolchain\arm-none-eabi\include\c++\10.2.1\bits\stl_algobase.h ****       template<typename _BI1, typename _BI2>
 614:c:\program files\daisytoolchain\arm-none-eabi\include\c++\10.2.1\bits\stl_algobase.h **** 	_GLIBCXX20_CONSTEXPR
 615:c:\program files\daisytoolchain\arm-none-eabi\include\c++\10.2.1\bits\stl_algobase.h **** 	static _BI2
 616:c:\program files\daisytoolchain\arm-none-eabi\include\c++\10.2.1\bits\stl_algobase.h **** 	__copy_move_b(_BI1 __first, _BI1 __last, _BI2 __result)
 617:c:\program files\daisytoolchain\arm-none-eabi\include\c++\10.2.1\bits\stl_algobase.h **** 	{
 618:c:\program files\daisytoolchain\arm-none-eabi\include\c++\10.2.1\bits\stl_algobase.h **** 	  while (__first != __last)
 619:c:\program files\daisytoolchain\arm-none-eabi\include\c++\10.2.1\bits\stl_algobase.h **** 	    *--__result = *--__last;
 620:c:\program files\daisytoolchain\arm-none-eabi\include\c++\10.2.1\bits\stl_algobase.h **** 	  return __result;
 621:c:\program files\daisytoolchain\arm-none-eabi\include\c++\10.2.1\bits\stl_algobase.h **** 	}
ARM GAS  C:\Users\22bur\AppData\Local\Temp\ccvOYMxf.s 			page 13


 622:c:\program files\daisytoolchain\arm-none-eabi\include\c++\10.2.1\bits\stl_algobase.h ****     };
 623:c:\program files\daisytoolchain\arm-none-eabi\include\c++\10.2.1\bits\stl_algobase.h **** 
 624:c:\program files\daisytoolchain\arm-none-eabi\include\c++\10.2.1\bits\stl_algobase.h **** #if __cplusplus >= 201103L
 625:c:\program files\daisytoolchain\arm-none-eabi\include\c++\10.2.1\bits\stl_algobase.h ****   template<typename _Category>
 626:c:\program files\daisytoolchain\arm-none-eabi\include\c++\10.2.1\bits\stl_algobase.h ****     struct __copy_move_backward<true, false, _Category>
 627:c:\program files\daisytoolchain\arm-none-eabi\include\c++\10.2.1\bits\stl_algobase.h ****     {
 628:c:\program files\daisytoolchain\arm-none-eabi\include\c++\10.2.1\bits\stl_algobase.h ****       template<typename _BI1, typename _BI2>
 629:c:\program files\daisytoolchain\arm-none-eabi\include\c++\10.2.1\bits\stl_algobase.h **** 	_GLIBCXX20_CONSTEXPR
 630:c:\program files\daisytoolchain\arm-none-eabi\include\c++\10.2.1\bits\stl_algobase.h **** 	static _BI2
 631:c:\program files\daisytoolchain\arm-none-eabi\include\c++\10.2.1\bits\stl_algobase.h **** 	__copy_move_b(_BI1 __first, _BI1 __last, _BI2 __result)
 632:c:\program files\daisytoolchain\arm-none-eabi\include\c++\10.2.1\bits\stl_algobase.h **** 	{
 633:c:\program files\daisytoolchain\arm-none-eabi\include\c++\10.2.1\bits\stl_algobase.h **** 	  while (__first != __last)
 634:c:\program files\daisytoolchain\arm-none-eabi\include\c++\10.2.1\bits\stl_algobase.h **** 	    *--__result = std::move(*--__last);
 635:c:\program files\daisytoolchain\arm-none-eabi\include\c++\10.2.1\bits\stl_algobase.h **** 	  return __result;
 636:c:\program files\daisytoolchain\arm-none-eabi\include\c++\10.2.1\bits\stl_algobase.h **** 	}
 637:c:\program files\daisytoolchain\arm-none-eabi\include\c++\10.2.1\bits\stl_algobase.h ****     };
 638:c:\program files\daisytoolchain\arm-none-eabi\include\c++\10.2.1\bits\stl_algobase.h **** #endif
 639:c:\program files\daisytoolchain\arm-none-eabi\include\c++\10.2.1\bits\stl_algobase.h **** 
 640:c:\program files\daisytoolchain\arm-none-eabi\include\c++\10.2.1\bits\stl_algobase.h ****   template<>
 641:c:\program files\daisytoolchain\arm-none-eabi\include\c++\10.2.1\bits\stl_algobase.h ****     struct __copy_move_backward<false, false, random_access_iterator_tag>
 642:c:\program files\daisytoolchain\arm-none-eabi\include\c++\10.2.1\bits\stl_algobase.h ****     {
 643:c:\program files\daisytoolchain\arm-none-eabi\include\c++\10.2.1\bits\stl_algobase.h ****       template<typename _BI1, typename _BI2>
 644:c:\program files\daisytoolchain\arm-none-eabi\include\c++\10.2.1\bits\stl_algobase.h **** 	_GLIBCXX20_CONSTEXPR
 645:c:\program files\daisytoolchain\arm-none-eabi\include\c++\10.2.1\bits\stl_algobase.h **** 	static _BI2
 646:c:\program files\daisytoolchain\arm-none-eabi\include\c++\10.2.1\bits\stl_algobase.h **** 	__copy_move_b(_BI1 __first, _BI1 __last, _BI2 __result)
 647:c:\program files\daisytoolchain\arm-none-eabi\include\c++\10.2.1\bits\stl_algobase.h **** 	{
 648:c:\program files\daisytoolchain\arm-none-eabi\include\c++\10.2.1\bits\stl_algobase.h **** 	  typename iterator_traits<_BI1>::difference_type
 649:c:\program files\daisytoolchain\arm-none-eabi\include\c++\10.2.1\bits\stl_algobase.h **** 	    __n = __last - __first;
 650:c:\program files\daisytoolchain\arm-none-eabi\include\c++\10.2.1\bits\stl_algobase.h **** 	  for (; __n > 0; --__n)
 651:c:\program files\daisytoolchain\arm-none-eabi\include\c++\10.2.1\bits\stl_algobase.h **** 	    *--__result = *--__last;
 652:c:\program files\daisytoolchain\arm-none-eabi\include\c++\10.2.1\bits\stl_algobase.h **** 	  return __result;
 653:c:\program files\daisytoolchain\arm-none-eabi\include\c++\10.2.1\bits\stl_algobase.h **** 	}
 654:c:\program files\daisytoolchain\arm-none-eabi\include\c++\10.2.1\bits\stl_algobase.h ****     };
 655:c:\program files\daisytoolchain\arm-none-eabi\include\c++\10.2.1\bits\stl_algobase.h **** 
 656:c:\program files\daisytoolchain\arm-none-eabi\include\c++\10.2.1\bits\stl_algobase.h **** #if __cplusplus >= 201103L
 657:c:\program files\daisytoolchain\arm-none-eabi\include\c++\10.2.1\bits\stl_algobase.h ****   template<>
 658:c:\program files\daisytoolchain\arm-none-eabi\include\c++\10.2.1\bits\stl_algobase.h ****     struct __copy_move_backward<true, false, random_access_iterator_tag>
 659:c:\program files\daisytoolchain\arm-none-eabi\include\c++\10.2.1\bits\stl_algobase.h ****     {
 660:c:\program files\daisytoolchain\arm-none-eabi\include\c++\10.2.1\bits\stl_algobase.h ****       template<typename _BI1, typename _BI2>
 661:c:\program files\daisytoolchain\arm-none-eabi\include\c++\10.2.1\bits\stl_algobase.h **** 	_GLIBCXX20_CONSTEXPR
 662:c:\program files\daisytoolchain\arm-none-eabi\include\c++\10.2.1\bits\stl_algobase.h **** 	static _BI2
 663:c:\program files\daisytoolchain\arm-none-eabi\include\c++\10.2.1\bits\stl_algobase.h **** 	__copy_move_b(_BI1 __first, _BI1 __last, _BI2 __result)
 664:c:\program files\daisytoolchain\arm-none-eabi\include\c++\10.2.1\bits\stl_algobase.h **** 	{
 665:c:\program files\daisytoolchain\arm-none-eabi\include\c++\10.2.1\bits\stl_algobase.h **** 	  typename iterator_traits<_BI1>::difference_type
 666:c:\program files\daisytoolchain\arm-none-eabi\include\c++\10.2.1\bits\stl_algobase.h **** 	    __n = __last - __first;
 667:c:\program files\daisytoolchain\arm-none-eabi\include\c++\10.2.1\bits\stl_algobase.h **** 	  for (; __n > 0; --__n)
 668:c:\program files\daisytoolchain\arm-none-eabi\include\c++\10.2.1\bits\stl_algobase.h **** 	    *--__result = std::move(*--__last);
 669:c:\program files\daisytoolchain\arm-none-eabi\include\c++\10.2.1\bits\stl_algobase.h **** 	  return __result;
 670:c:\program files\daisytoolchain\arm-none-eabi\include\c++\10.2.1\bits\stl_algobase.h **** 	}
 671:c:\program files\daisytoolchain\arm-none-eabi\include\c++\10.2.1\bits\stl_algobase.h ****     };
 672:c:\program files\daisytoolchain\arm-none-eabi\include\c++\10.2.1\bits\stl_algobase.h **** #endif
 673:c:\program files\daisytoolchain\arm-none-eabi\include\c++\10.2.1\bits\stl_algobase.h **** 
 674:c:\program files\daisytoolchain\arm-none-eabi\include\c++\10.2.1\bits\stl_algobase.h ****   template<bool _IsMove>
 675:c:\program files\daisytoolchain\arm-none-eabi\include\c++\10.2.1\bits\stl_algobase.h ****     struct __copy_move_backward<_IsMove, true, random_access_iterator_tag>
 676:c:\program files\daisytoolchain\arm-none-eabi\include\c++\10.2.1\bits\stl_algobase.h ****     {
 677:c:\program files\daisytoolchain\arm-none-eabi\include\c++\10.2.1\bits\stl_algobase.h ****       template<typename _Tp>
 678:c:\program files\daisytoolchain\arm-none-eabi\include\c++\10.2.1\bits\stl_algobase.h **** 	_GLIBCXX20_CONSTEXPR
ARM GAS  C:\Users\22bur\AppData\Local\Temp\ccvOYMxf.s 			page 14


 679:c:\program files\daisytoolchain\arm-none-eabi\include\c++\10.2.1\bits\stl_algobase.h **** 	static _Tp*
 680:c:\program files\daisytoolchain\arm-none-eabi\include\c++\10.2.1\bits\stl_algobase.h **** 	__copy_move_b(const _Tp* __first, const _Tp* __last, _Tp* __result)
 681:c:\program files\daisytoolchain\arm-none-eabi\include\c++\10.2.1\bits\stl_algobase.h **** 	{
 682:c:\program files\daisytoolchain\arm-none-eabi\include\c++\10.2.1\bits\stl_algobase.h **** #if __cplusplus >= 201103L
 683:c:\program files\daisytoolchain\arm-none-eabi\include\c++\10.2.1\bits\stl_algobase.h **** 	  using __assignable = conditional<_IsMove,
 684:c:\program files\daisytoolchain\arm-none-eabi\include\c++\10.2.1\bits\stl_algobase.h **** 					   is_move_assignable<_Tp>,
 685:c:\program files\daisytoolchain\arm-none-eabi\include\c++\10.2.1\bits\stl_algobase.h **** 					   is_copy_assignable<_Tp>>;
 686:c:\program files\daisytoolchain\arm-none-eabi\include\c++\10.2.1\bits\stl_algobase.h **** 	  // trivial types can have deleted assignment
 687:c:\program files\daisytoolchain\arm-none-eabi\include\c++\10.2.1\bits\stl_algobase.h **** 	  static_assert( __assignable::type::value, "type is not assignable" );
 688:c:\program files\daisytoolchain\arm-none-eabi\include\c++\10.2.1\bits\stl_algobase.h **** #endif
 689:c:\program files\daisytoolchain\arm-none-eabi\include\c++\10.2.1\bits\stl_algobase.h **** 	  const ptrdiff_t _Num = __last - __first;
 690:c:\program files\daisytoolchain\arm-none-eabi\include\c++\10.2.1\bits\stl_algobase.h **** 	  if (_Num)
 691:c:\program files\daisytoolchain\arm-none-eabi\include\c++\10.2.1\bits\stl_algobase.h **** 	    __builtin_memmove(__result - _Num, __first, sizeof(_Tp) * _Num);
 692:c:\program files\daisytoolchain\arm-none-eabi\include\c++\10.2.1\bits\stl_algobase.h **** 	  return __result - _Num;
 693:c:\program files\daisytoolchain\arm-none-eabi\include\c++\10.2.1\bits\stl_algobase.h **** 	}
 694:c:\program files\daisytoolchain\arm-none-eabi\include\c++\10.2.1\bits\stl_algobase.h ****     };
 695:c:\program files\daisytoolchain\arm-none-eabi\include\c++\10.2.1\bits\stl_algobase.h **** 
 696:c:\program files\daisytoolchain\arm-none-eabi\include\c++\10.2.1\bits\stl_algobase.h ****   template<bool _IsMove, typename _BI1, typename _BI2>
 697:c:\program files\daisytoolchain\arm-none-eabi\include\c++\10.2.1\bits\stl_algobase.h ****     _GLIBCXX20_CONSTEXPR
 698:c:\program files\daisytoolchain\arm-none-eabi\include\c++\10.2.1\bits\stl_algobase.h ****     inline _BI2
 699:c:\program files\daisytoolchain\arm-none-eabi\include\c++\10.2.1\bits\stl_algobase.h ****     __copy_move_backward_a2(_BI1 __first, _BI1 __last, _BI2 __result)
 700:c:\program files\daisytoolchain\arm-none-eabi\include\c++\10.2.1\bits\stl_algobase.h ****     {
 701:c:\program files\daisytoolchain\arm-none-eabi\include\c++\10.2.1\bits\stl_algobase.h ****       typedef typename iterator_traits<_BI1>::iterator_category _Category;
 702:c:\program files\daisytoolchain\arm-none-eabi\include\c++\10.2.1\bits\stl_algobase.h **** #ifdef __cpp_lib_is_constant_evaluated
 703:c:\program files\daisytoolchain\arm-none-eabi\include\c++\10.2.1\bits\stl_algobase.h ****       if (std::is_constant_evaluated())
 704:c:\program files\daisytoolchain\arm-none-eabi\include\c++\10.2.1\bits\stl_algobase.h **** 	return std::__copy_move_backward<_IsMove, false, _Category>::
 705:c:\program files\daisytoolchain\arm-none-eabi\include\c++\10.2.1\bits\stl_algobase.h **** 	  __copy_move_b(__first, __last, __result);
 706:c:\program files\daisytoolchain\arm-none-eabi\include\c++\10.2.1\bits\stl_algobase.h **** #endif
 707:c:\program files\daisytoolchain\arm-none-eabi\include\c++\10.2.1\bits\stl_algobase.h ****       return std::__copy_move_backward<_IsMove,
 708:c:\program files\daisytoolchain\arm-none-eabi\include\c++\10.2.1\bits\stl_algobase.h **** 				       __memcpyable<_BI2, _BI1>::__value,
 709:c:\program files\daisytoolchain\arm-none-eabi\include\c++\10.2.1\bits\stl_algobase.h **** 				       _Category>::__copy_move_b(__first,
 710:c:\program files\daisytoolchain\arm-none-eabi\include\c++\10.2.1\bits\stl_algobase.h **** 								 __last,
 711:c:\program files\daisytoolchain\arm-none-eabi\include\c++\10.2.1\bits\stl_algobase.h **** 								 __result);
 712:c:\program files\daisytoolchain\arm-none-eabi\include\c++\10.2.1\bits\stl_algobase.h ****     }
 713:c:\program files\daisytoolchain\arm-none-eabi\include\c++\10.2.1\bits\stl_algobase.h **** 
 714:c:\program files\daisytoolchain\arm-none-eabi\include\c++\10.2.1\bits\stl_algobase.h ****   template<bool _IsMove, typename _BI1, typename _BI2>
 715:c:\program files\daisytoolchain\arm-none-eabi\include\c++\10.2.1\bits\stl_algobase.h ****     _GLIBCXX20_CONSTEXPR
 716:c:\program files\daisytoolchain\arm-none-eabi\include\c++\10.2.1\bits\stl_algobase.h ****     inline _BI2
 717:c:\program files\daisytoolchain\arm-none-eabi\include\c++\10.2.1\bits\stl_algobase.h ****     __copy_move_backward_a1(_BI1 __first, _BI1 __last, _BI2 __result)
 718:c:\program files\daisytoolchain\arm-none-eabi\include\c++\10.2.1\bits\stl_algobase.h ****     { return std::__copy_move_backward_a2<_IsMove>(__first, __last, __result); }
 719:c:\program files\daisytoolchain\arm-none-eabi\include\c++\10.2.1\bits\stl_algobase.h **** 
 720:c:\program files\daisytoolchain\arm-none-eabi\include\c++\10.2.1\bits\stl_algobase.h ****   template<bool _IsMove,
 721:c:\program files\daisytoolchain\arm-none-eabi\include\c++\10.2.1\bits\stl_algobase.h **** 	   typename _Tp, typename _Ref, typename _Ptr, typename _OI>
 722:c:\program files\daisytoolchain\arm-none-eabi\include\c++\10.2.1\bits\stl_algobase.h ****     _OI
 723:c:\program files\daisytoolchain\arm-none-eabi\include\c++\10.2.1\bits\stl_algobase.h ****     __copy_move_backward_a1(_GLIBCXX_STD_C::_Deque_iterator<_Tp, _Ref, _Ptr>,
 724:c:\program files\daisytoolchain\arm-none-eabi\include\c++\10.2.1\bits\stl_algobase.h **** 			    _GLIBCXX_STD_C::_Deque_iterator<_Tp, _Ref, _Ptr>,
 725:c:\program files\daisytoolchain\arm-none-eabi\include\c++\10.2.1\bits\stl_algobase.h **** 			    _OI);
 726:c:\program files\daisytoolchain\arm-none-eabi\include\c++\10.2.1\bits\stl_algobase.h **** 
 727:c:\program files\daisytoolchain\arm-none-eabi\include\c++\10.2.1\bits\stl_algobase.h ****   template<bool _IsMove,
 728:c:\program files\daisytoolchain\arm-none-eabi\include\c++\10.2.1\bits\stl_algobase.h **** 	   typename _ITp, typename _IRef, typename _IPtr, typename _OTp>
 729:c:\program files\daisytoolchain\arm-none-eabi\include\c++\10.2.1\bits\stl_algobase.h ****     _GLIBCXX_STD_C::_Deque_iterator<_OTp, _OTp&, _OTp*>
 730:c:\program files\daisytoolchain\arm-none-eabi\include\c++\10.2.1\bits\stl_algobase.h ****     __copy_move_backward_a1(
 731:c:\program files\daisytoolchain\arm-none-eabi\include\c++\10.2.1\bits\stl_algobase.h **** 			_GLIBCXX_STD_C::_Deque_iterator<_ITp, _IRef, _IPtr>,
 732:c:\program files\daisytoolchain\arm-none-eabi\include\c++\10.2.1\bits\stl_algobase.h **** 			_GLIBCXX_STD_C::_Deque_iterator<_ITp, _IRef, _IPtr>,
 733:c:\program files\daisytoolchain\arm-none-eabi\include\c++\10.2.1\bits\stl_algobase.h **** 			_GLIBCXX_STD_C::_Deque_iterator<_OTp, _OTp&, _OTp*>);
 734:c:\program files\daisytoolchain\arm-none-eabi\include\c++\10.2.1\bits\stl_algobase.h **** 
 735:c:\program files\daisytoolchain\arm-none-eabi\include\c++\10.2.1\bits\stl_algobase.h ****   template<bool _IsMove, typename _II, typename _Tp>
ARM GAS  C:\Users\22bur\AppData\Local\Temp\ccvOYMxf.s 			page 15


 736:c:\program files\daisytoolchain\arm-none-eabi\include\c++\10.2.1\bits\stl_algobase.h ****     typename __gnu_cxx::__enable_if<
 737:c:\program files\daisytoolchain\arm-none-eabi\include\c++\10.2.1\bits\stl_algobase.h ****       __is_random_access_iter<_II>::__value,
 738:c:\program files\daisytoolchain\arm-none-eabi\include\c++\10.2.1\bits\stl_algobase.h ****       _GLIBCXX_STD_C::_Deque_iterator<_Tp, _Tp&, _Tp*> >::__type
 739:c:\program files\daisytoolchain\arm-none-eabi\include\c++\10.2.1\bits\stl_algobase.h ****     __copy_move_backward_a1(_II, _II,
 740:c:\program files\daisytoolchain\arm-none-eabi\include\c++\10.2.1\bits\stl_algobase.h **** 			    _GLIBCXX_STD_C::_Deque_iterator<_Tp, _Tp&, _Tp*>);
 741:c:\program files\daisytoolchain\arm-none-eabi\include\c++\10.2.1\bits\stl_algobase.h **** 
 742:c:\program files\daisytoolchain\arm-none-eabi\include\c++\10.2.1\bits\stl_algobase.h ****   template<bool _IsMove, typename _II, typename _OI>
 743:c:\program files\daisytoolchain\arm-none-eabi\include\c++\10.2.1\bits\stl_algobase.h ****     _GLIBCXX20_CONSTEXPR
 744:c:\program files\daisytoolchain\arm-none-eabi\include\c++\10.2.1\bits\stl_algobase.h ****     inline _OI
 745:c:\program files\daisytoolchain\arm-none-eabi\include\c++\10.2.1\bits\stl_algobase.h ****     __copy_move_backward_a(_II __first, _II __last, _OI __result)
 746:c:\program files\daisytoolchain\arm-none-eabi\include\c++\10.2.1\bits\stl_algobase.h ****     {
 747:c:\program files\daisytoolchain\arm-none-eabi\include\c++\10.2.1\bits\stl_algobase.h ****       return std::__niter_wrap(__result,
 748:c:\program files\daisytoolchain\arm-none-eabi\include\c++\10.2.1\bits\stl_algobase.h **** 		std::__copy_move_backward_a1<_IsMove>
 749:c:\program files\daisytoolchain\arm-none-eabi\include\c++\10.2.1\bits\stl_algobase.h **** 		  (std::__niter_base(__first), std::__niter_base(__last),
 750:c:\program files\daisytoolchain\arm-none-eabi\include\c++\10.2.1\bits\stl_algobase.h **** 		   std::__niter_base(__result)));
 751:c:\program files\daisytoolchain\arm-none-eabi\include\c++\10.2.1\bits\stl_algobase.h ****     }
 752:c:\program files\daisytoolchain\arm-none-eabi\include\c++\10.2.1\bits\stl_algobase.h **** 
 753:c:\program files\daisytoolchain\arm-none-eabi\include\c++\10.2.1\bits\stl_algobase.h ****   template<bool _IsMove,
 754:c:\program files\daisytoolchain\arm-none-eabi\include\c++\10.2.1\bits\stl_algobase.h **** 	   typename _Ite, typename _Seq, typename _Cat, typename _OI>
 755:c:\program files\daisytoolchain\arm-none-eabi\include\c++\10.2.1\bits\stl_algobase.h ****     _OI
 756:c:\program files\daisytoolchain\arm-none-eabi\include\c++\10.2.1\bits\stl_algobase.h ****     __copy_move_backward_a(
 757:c:\program files\daisytoolchain\arm-none-eabi\include\c++\10.2.1\bits\stl_algobase.h **** 		const ::__gnu_debug::_Safe_iterator<_Ite, _Seq, _Cat>&,
 758:c:\program files\daisytoolchain\arm-none-eabi\include\c++\10.2.1\bits\stl_algobase.h **** 		const ::__gnu_debug::_Safe_iterator<_Ite, _Seq, _Cat>&,
 759:c:\program files\daisytoolchain\arm-none-eabi\include\c++\10.2.1\bits\stl_algobase.h **** 		_OI);
 760:c:\program files\daisytoolchain\arm-none-eabi\include\c++\10.2.1\bits\stl_algobase.h **** 
 761:c:\program files\daisytoolchain\arm-none-eabi\include\c++\10.2.1\bits\stl_algobase.h ****   template<bool _IsMove,
 762:c:\program files\daisytoolchain\arm-none-eabi\include\c++\10.2.1\bits\stl_algobase.h **** 	   typename _II, typename _Ite, typename _Seq, typename _Cat>
 763:c:\program files\daisytoolchain\arm-none-eabi\include\c++\10.2.1\bits\stl_algobase.h ****     __gnu_debug::_Safe_iterator<_Ite, _Seq, _Cat>
 764:c:\program files\daisytoolchain\arm-none-eabi\include\c++\10.2.1\bits\stl_algobase.h ****     __copy_move_backward_a(_II, _II,
 765:c:\program files\daisytoolchain\arm-none-eabi\include\c++\10.2.1\bits\stl_algobase.h **** 		const ::__gnu_debug::_Safe_iterator<_Ite, _Seq, _Cat>&);
 766:c:\program files\daisytoolchain\arm-none-eabi\include\c++\10.2.1\bits\stl_algobase.h **** 
 767:c:\program files\daisytoolchain\arm-none-eabi\include\c++\10.2.1\bits\stl_algobase.h ****   template<bool _IsMove,
 768:c:\program files\daisytoolchain\arm-none-eabi\include\c++\10.2.1\bits\stl_algobase.h **** 	   typename _IIte, typename _ISeq, typename _ICat,
 769:c:\program files\daisytoolchain\arm-none-eabi\include\c++\10.2.1\bits\stl_algobase.h **** 	   typename _OIte, typename _OSeq, typename _OCat>
 770:c:\program files\daisytoolchain\arm-none-eabi\include\c++\10.2.1\bits\stl_algobase.h ****     ::__gnu_debug::_Safe_iterator<_OIte, _OSeq, _OCat>
 771:c:\program files\daisytoolchain\arm-none-eabi\include\c++\10.2.1\bits\stl_algobase.h ****     __copy_move_backward_a(
 772:c:\program files\daisytoolchain\arm-none-eabi\include\c++\10.2.1\bits\stl_algobase.h **** 		const ::__gnu_debug::_Safe_iterator<_IIte, _ISeq, _ICat>&,
 773:c:\program files\daisytoolchain\arm-none-eabi\include\c++\10.2.1\bits\stl_algobase.h **** 		const ::__gnu_debug::_Safe_iterator<_IIte, _ISeq, _ICat>&,
 774:c:\program files\daisytoolchain\arm-none-eabi\include\c++\10.2.1\bits\stl_algobase.h **** 		const ::__gnu_debug::_Safe_iterator<_OIte, _OSeq, _OCat>&);
 775:c:\program files\daisytoolchain\arm-none-eabi\include\c++\10.2.1\bits\stl_algobase.h **** 
 776:c:\program files\daisytoolchain\arm-none-eabi\include\c++\10.2.1\bits\stl_algobase.h ****   /**
 777:c:\program files\daisytoolchain\arm-none-eabi\include\c++\10.2.1\bits\stl_algobase.h ****    *  @brief Copies the range [first,last) into result.
 778:c:\program files\daisytoolchain\arm-none-eabi\include\c++\10.2.1\bits\stl_algobase.h ****    *  @ingroup mutating_algorithms
 779:c:\program files\daisytoolchain\arm-none-eabi\include\c++\10.2.1\bits\stl_algobase.h ****    *  @param  __first  A bidirectional iterator.
 780:c:\program files\daisytoolchain\arm-none-eabi\include\c++\10.2.1\bits\stl_algobase.h ****    *  @param  __last   A bidirectional iterator.
 781:c:\program files\daisytoolchain\arm-none-eabi\include\c++\10.2.1\bits\stl_algobase.h ****    *  @param  __result A bidirectional iterator.
 782:c:\program files\daisytoolchain\arm-none-eabi\include\c++\10.2.1\bits\stl_algobase.h ****    *  @return   result - (last - first)
 783:c:\program files\daisytoolchain\arm-none-eabi\include\c++\10.2.1\bits\stl_algobase.h ****    *
 784:c:\program files\daisytoolchain\arm-none-eabi\include\c++\10.2.1\bits\stl_algobase.h ****    *  The function has the same effect as copy, but starts at the end of the
 785:c:\program files\daisytoolchain\arm-none-eabi\include\c++\10.2.1\bits\stl_algobase.h ****    *  range and works its way to the start, returning the start of the result.
 786:c:\program files\daisytoolchain\arm-none-eabi\include\c++\10.2.1\bits\stl_algobase.h ****    *  This inline function will boil down to a call to @c memmove whenever
 787:c:\program files\daisytoolchain\arm-none-eabi\include\c++\10.2.1\bits\stl_algobase.h ****    *  possible.  Failing that, if random access iterators are passed, then the
 788:c:\program files\daisytoolchain\arm-none-eabi\include\c++\10.2.1\bits\stl_algobase.h ****    *  loop count will be known (and therefore a candidate for compiler
 789:c:\program files\daisytoolchain\arm-none-eabi\include\c++\10.2.1\bits\stl_algobase.h ****    *  optimizations such as unrolling).
 790:c:\program files\daisytoolchain\arm-none-eabi\include\c++\10.2.1\bits\stl_algobase.h ****    *
 791:c:\program files\daisytoolchain\arm-none-eabi\include\c++\10.2.1\bits\stl_algobase.h ****    *  Result may not be in the range (first,last].  Use copy instead.  Note
 792:c:\program files\daisytoolchain\arm-none-eabi\include\c++\10.2.1\bits\stl_algobase.h ****    *  that the start of the output range may overlap [first,last).
ARM GAS  C:\Users\22bur\AppData\Local\Temp\ccvOYMxf.s 			page 16


 793:c:\program files\daisytoolchain\arm-none-eabi\include\c++\10.2.1\bits\stl_algobase.h ****   */
 794:c:\program files\daisytoolchain\arm-none-eabi\include\c++\10.2.1\bits\stl_algobase.h ****   template<typename _BI1, typename _BI2>
 795:c:\program files\daisytoolchain\arm-none-eabi\include\c++\10.2.1\bits\stl_algobase.h ****     _GLIBCXX20_CONSTEXPR
 796:c:\program files\daisytoolchain\arm-none-eabi\include\c++\10.2.1\bits\stl_algobase.h ****     inline _BI2
 797:c:\program files\daisytoolchain\arm-none-eabi\include\c++\10.2.1\bits\stl_algobase.h ****     copy_backward(_BI1 __first, _BI1 __last, _BI2 __result)
 798:c:\program files\daisytoolchain\arm-none-eabi\include\c++\10.2.1\bits\stl_algobase.h ****     {
 799:c:\program files\daisytoolchain\arm-none-eabi\include\c++\10.2.1\bits\stl_algobase.h ****       // concept requirements
 800:c:\program files\daisytoolchain\arm-none-eabi\include\c++\10.2.1\bits\stl_algobase.h ****       __glibcxx_function_requires(_BidirectionalIteratorConcept<_BI1>)
 801:c:\program files\daisytoolchain\arm-none-eabi\include\c++\10.2.1\bits\stl_algobase.h ****       __glibcxx_function_requires(_Mutable_BidirectionalIteratorConcept<_BI2>)
 802:c:\program files\daisytoolchain\arm-none-eabi\include\c++\10.2.1\bits\stl_algobase.h ****       __glibcxx_function_requires(_ConvertibleConcept<
 803:c:\program files\daisytoolchain\arm-none-eabi\include\c++\10.2.1\bits\stl_algobase.h **** 	    typename iterator_traits<_BI1>::value_type,
 804:c:\program files\daisytoolchain\arm-none-eabi\include\c++\10.2.1\bits\stl_algobase.h **** 	    typename iterator_traits<_BI2>::value_type>)
 805:c:\program files\daisytoolchain\arm-none-eabi\include\c++\10.2.1\bits\stl_algobase.h ****       __glibcxx_requires_can_decrement_range(__first, __last, __result);
 806:c:\program files\daisytoolchain\arm-none-eabi\include\c++\10.2.1\bits\stl_algobase.h **** 
 807:c:\program files\daisytoolchain\arm-none-eabi\include\c++\10.2.1\bits\stl_algobase.h ****       return std::__copy_move_backward_a<__is_move_iterator<_BI1>::__value>
 808:c:\program files\daisytoolchain\arm-none-eabi\include\c++\10.2.1\bits\stl_algobase.h **** 	     (std::__miter_base(__first), std::__miter_base(__last), __result);
 809:c:\program files\daisytoolchain\arm-none-eabi\include\c++\10.2.1\bits\stl_algobase.h ****     }
 810:c:\program files\daisytoolchain\arm-none-eabi\include\c++\10.2.1\bits\stl_algobase.h **** 
 811:c:\program files\daisytoolchain\arm-none-eabi\include\c++\10.2.1\bits\stl_algobase.h **** #if __cplusplus >= 201103L
 812:c:\program files\daisytoolchain\arm-none-eabi\include\c++\10.2.1\bits\stl_algobase.h ****   /**
 813:c:\program files\daisytoolchain\arm-none-eabi\include\c++\10.2.1\bits\stl_algobase.h ****    *  @brief Moves the range [first,last) into result.
 814:c:\program files\daisytoolchain\arm-none-eabi\include\c++\10.2.1\bits\stl_algobase.h ****    *  @ingroup mutating_algorithms
 815:c:\program files\daisytoolchain\arm-none-eabi\include\c++\10.2.1\bits\stl_algobase.h ****    *  @param  __first  A bidirectional iterator.
 816:c:\program files\daisytoolchain\arm-none-eabi\include\c++\10.2.1\bits\stl_algobase.h ****    *  @param  __last   A bidirectional iterator.
 817:c:\program files\daisytoolchain\arm-none-eabi\include\c++\10.2.1\bits\stl_algobase.h ****    *  @param  __result A bidirectional iterator.
 818:c:\program files\daisytoolchain\arm-none-eabi\include\c++\10.2.1\bits\stl_algobase.h ****    *  @return   result - (last - first)
 819:c:\program files\daisytoolchain\arm-none-eabi\include\c++\10.2.1\bits\stl_algobase.h ****    *
 820:c:\program files\daisytoolchain\arm-none-eabi\include\c++\10.2.1\bits\stl_algobase.h ****    *  The function has the same effect as move, but starts at the end of the
 821:c:\program files\daisytoolchain\arm-none-eabi\include\c++\10.2.1\bits\stl_algobase.h ****    *  range and works its way to the start, returning the start of the result.
 822:c:\program files\daisytoolchain\arm-none-eabi\include\c++\10.2.1\bits\stl_algobase.h ****    *  This inline function will boil down to a call to @c memmove whenever
 823:c:\program files\daisytoolchain\arm-none-eabi\include\c++\10.2.1\bits\stl_algobase.h ****    *  possible.  Failing that, if random access iterators are passed, then the
 824:c:\program files\daisytoolchain\arm-none-eabi\include\c++\10.2.1\bits\stl_algobase.h ****    *  loop count will be known (and therefore a candidate for compiler
 825:c:\program files\daisytoolchain\arm-none-eabi\include\c++\10.2.1\bits\stl_algobase.h ****    *  optimizations such as unrolling).
 826:c:\program files\daisytoolchain\arm-none-eabi\include\c++\10.2.1\bits\stl_algobase.h ****    *
 827:c:\program files\daisytoolchain\arm-none-eabi\include\c++\10.2.1\bits\stl_algobase.h ****    *  Result may not be in the range (first,last].  Use move instead.  Note
 828:c:\program files\daisytoolchain\arm-none-eabi\include\c++\10.2.1\bits\stl_algobase.h ****    *  that the start of the output range may overlap [first,last).
 829:c:\program files\daisytoolchain\arm-none-eabi\include\c++\10.2.1\bits\stl_algobase.h ****   */
 830:c:\program files\daisytoolchain\arm-none-eabi\include\c++\10.2.1\bits\stl_algobase.h ****   template<typename _BI1, typename _BI2>
 831:c:\program files\daisytoolchain\arm-none-eabi\include\c++\10.2.1\bits\stl_algobase.h ****     _GLIBCXX20_CONSTEXPR
 832:c:\program files\daisytoolchain\arm-none-eabi\include\c++\10.2.1\bits\stl_algobase.h ****     inline _BI2
 833:c:\program files\daisytoolchain\arm-none-eabi\include\c++\10.2.1\bits\stl_algobase.h ****     move_backward(_BI1 __first, _BI1 __last, _BI2 __result)
 834:c:\program files\daisytoolchain\arm-none-eabi\include\c++\10.2.1\bits\stl_algobase.h ****     {
 835:c:\program files\daisytoolchain\arm-none-eabi\include\c++\10.2.1\bits\stl_algobase.h ****       // concept requirements
 836:c:\program files\daisytoolchain\arm-none-eabi\include\c++\10.2.1\bits\stl_algobase.h ****       __glibcxx_function_requires(_BidirectionalIteratorConcept<_BI1>)
 837:c:\program files\daisytoolchain\arm-none-eabi\include\c++\10.2.1\bits\stl_algobase.h ****       __glibcxx_function_requires(_Mutable_BidirectionalIteratorConcept<_BI2>)
 838:c:\program files\daisytoolchain\arm-none-eabi\include\c++\10.2.1\bits\stl_algobase.h ****       __glibcxx_function_requires(_ConvertibleConcept<
 839:c:\program files\daisytoolchain\arm-none-eabi\include\c++\10.2.1\bits\stl_algobase.h **** 	    typename iterator_traits<_BI1>::value_type,
 840:c:\program files\daisytoolchain\arm-none-eabi\include\c++\10.2.1\bits\stl_algobase.h **** 	    typename iterator_traits<_BI2>::value_type>)
 841:c:\program files\daisytoolchain\arm-none-eabi\include\c++\10.2.1\bits\stl_algobase.h ****       __glibcxx_requires_can_decrement_range(__first, __last, __result);
 842:c:\program files\daisytoolchain\arm-none-eabi\include\c++\10.2.1\bits\stl_algobase.h **** 
 843:c:\program files\daisytoolchain\arm-none-eabi\include\c++\10.2.1\bits\stl_algobase.h ****       return std::__copy_move_backward_a<true>(std::__miter_base(__first),
 844:c:\program files\daisytoolchain\arm-none-eabi\include\c++\10.2.1\bits\stl_algobase.h **** 					       std::__miter_base(__last),
 845:c:\program files\daisytoolchain\arm-none-eabi\include\c++\10.2.1\bits\stl_algobase.h **** 					       __result);
 846:c:\program files\daisytoolchain\arm-none-eabi\include\c++\10.2.1\bits\stl_algobase.h ****     }
 847:c:\program files\daisytoolchain\arm-none-eabi\include\c++\10.2.1\bits\stl_algobase.h **** 
 848:c:\program files\daisytoolchain\arm-none-eabi\include\c++\10.2.1\bits\stl_algobase.h **** #define _GLIBCXX_MOVE_BACKWARD3(_Tp, _Up, _Vp) std::move_backward(_Tp, _Up, _Vp)
 849:c:\program files\daisytoolchain\arm-none-eabi\include\c++\10.2.1\bits\stl_algobase.h **** #else
ARM GAS  C:\Users\22bur\AppData\Local\Temp\ccvOYMxf.s 			page 17


 850:c:\program files\daisytoolchain\arm-none-eabi\include\c++\10.2.1\bits\stl_algobase.h **** #define _GLIBCXX_MOVE_BACKWARD3(_Tp, _Up, _Vp) std::copy_backward(_Tp, _Up, _Vp)
 851:c:\program files\daisytoolchain\arm-none-eabi\include\c++\10.2.1\bits\stl_algobase.h **** #endif
 852:c:\program files\daisytoolchain\arm-none-eabi\include\c++\10.2.1\bits\stl_algobase.h **** 
 853:c:\program files\daisytoolchain\arm-none-eabi\include\c++\10.2.1\bits\stl_algobase.h ****   template<typename _ForwardIterator, typename _Tp>
 854:c:\program files\daisytoolchain\arm-none-eabi\include\c++\10.2.1\bits\stl_algobase.h ****     _GLIBCXX20_CONSTEXPR
 855:c:\program files\daisytoolchain\arm-none-eabi\include\c++\10.2.1\bits\stl_algobase.h ****     inline typename
 856:c:\program files\daisytoolchain\arm-none-eabi\include\c++\10.2.1\bits\stl_algobase.h ****     __gnu_cxx::__enable_if<!__is_scalar<_Tp>::__value, void>::__type
 857:c:\program files\daisytoolchain\arm-none-eabi\include\c++\10.2.1\bits\stl_algobase.h ****     __fill_a1(_ForwardIterator __first, _ForwardIterator __last,
 858:c:\program files\daisytoolchain\arm-none-eabi\include\c++\10.2.1\bits\stl_algobase.h **** 	      const _Tp& __value)
 859:c:\program files\daisytoolchain\arm-none-eabi\include\c++\10.2.1\bits\stl_algobase.h ****     {
 860:c:\program files\daisytoolchain\arm-none-eabi\include\c++\10.2.1\bits\stl_algobase.h ****       for (; __first != __last; ++__first)
 861:c:\program files\daisytoolchain\arm-none-eabi\include\c++\10.2.1\bits\stl_algobase.h **** 	*__first = __value;
 862:c:\program files\daisytoolchain\arm-none-eabi\include\c++\10.2.1\bits\stl_algobase.h ****     }
 863:c:\program files\daisytoolchain\arm-none-eabi\include\c++\10.2.1\bits\stl_algobase.h **** 
 864:c:\program files\daisytoolchain\arm-none-eabi\include\c++\10.2.1\bits\stl_algobase.h ****   template<typename _ForwardIterator, typename _Tp>
 865:c:\program files\daisytoolchain\arm-none-eabi\include\c++\10.2.1\bits\stl_algobase.h ****     _GLIBCXX20_CONSTEXPR
 866:c:\program files\daisytoolchain\arm-none-eabi\include\c++\10.2.1\bits\stl_algobase.h ****     inline typename
 867:c:\program files\daisytoolchain\arm-none-eabi\include\c++\10.2.1\bits\stl_algobase.h ****     __gnu_cxx::__enable_if<__is_scalar<_Tp>::__value, void>::__type
 868:c:\program files\daisytoolchain\arm-none-eabi\include\c++\10.2.1\bits\stl_algobase.h ****     __fill_a1(_ForwardIterator __first, _ForwardIterator __last,
 869:c:\program files\daisytoolchain\arm-none-eabi\include\c++\10.2.1\bits\stl_algobase.h **** 	      const _Tp& __value)
 870:c:\program files\daisytoolchain\arm-none-eabi\include\c++\10.2.1\bits\stl_algobase.h ****     {
 871:c:\program files\daisytoolchain\arm-none-eabi\include\c++\10.2.1\bits\stl_algobase.h ****       const _Tp __tmp = __value;
 872:c:\program files\daisytoolchain\arm-none-eabi\include\c++\10.2.1\bits\stl_algobase.h ****       for (; __first != __last; ++__first)
 873:c:\program files\daisytoolchain\arm-none-eabi\include\c++\10.2.1\bits\stl_algobase.h **** 	*__first = __tmp;
  53              		.loc 2 873 11 view .LVU4
  54 0004 0648     		ldr	r0, .L4
  55              	.LVL1:
  56              		.loc 2 873 11 view .LVU5
  57 0006 2022     		movs	r2, #32
  58 0008 0021     		movs	r1, #0
  59              	.LVL2:
  60              		.loc 2 873 11 view .LVU6
  61              	.LBE142:
  62              	.LBE141:
  63              	.LBE140:
  64              	.LBE139:
  65              	.LBE138:
  66              	.LBE137:
  67              	.LBI136:
  68              		.file 3 "c:\\program files\\daisytoolchain\\arm-none-eabi\\include\\c++\\10.2.1\\array"
   1:c:\program files\daisytoolchain\arm-none-eabi\include\c++\10.2.1\array **** // <array> -*- C++ -*-
   2:c:\program files\daisytoolchain\arm-none-eabi\include\c++\10.2.1\array **** 
   3:c:\program files\daisytoolchain\arm-none-eabi\include\c++\10.2.1\array **** // Copyright (C) 2007-2020 Free Software Foundation, Inc.
   4:c:\program files\daisytoolchain\arm-none-eabi\include\c++\10.2.1\array **** //
   5:c:\program files\daisytoolchain\arm-none-eabi\include\c++\10.2.1\array **** // This file is part of the GNU ISO C++ Library.  This library is free
   6:c:\program files\daisytoolchain\arm-none-eabi\include\c++\10.2.1\array **** // software; you can redistribute it and/or modify it under the
   7:c:\program files\daisytoolchain\arm-none-eabi\include\c++\10.2.1\array **** // terms of the GNU General Public License as published by the
   8:c:\program files\daisytoolchain\arm-none-eabi\include\c++\10.2.1\array **** // Free Software Foundation; either version 3, or (at your option)
   9:c:\program files\daisytoolchain\arm-none-eabi\include\c++\10.2.1\array **** // any later version.
  10:c:\program files\daisytoolchain\arm-none-eabi\include\c++\10.2.1\array **** 
  11:c:\program files\daisytoolchain\arm-none-eabi\include\c++\10.2.1\array **** // This library is distributed in the hope that it will be useful,
  12:c:\program files\daisytoolchain\arm-none-eabi\include\c++\10.2.1\array **** // but WITHOUT ANY WARRANTY; without even the implied warranty of
  13:c:\program files\daisytoolchain\arm-none-eabi\include\c++\10.2.1\array **** // MERCHANTABILITY or FITNESS FOR A PARTICULAR PURPOSE.  See the
  14:c:\program files\daisytoolchain\arm-none-eabi\include\c++\10.2.1\array **** // GNU General Public License for more details.
  15:c:\program files\daisytoolchain\arm-none-eabi\include\c++\10.2.1\array **** 
  16:c:\program files\daisytoolchain\arm-none-eabi\include\c++\10.2.1\array **** // Under Section 7 of GPL version 3, you are granted additional
  17:c:\program files\daisytoolchain\arm-none-eabi\include\c++\10.2.1\array **** // permissions described in the GCC Runtime Library Exception, version
ARM GAS  C:\Users\22bur\AppData\Local\Temp\ccvOYMxf.s 			page 18


  18:c:\program files\daisytoolchain\arm-none-eabi\include\c++\10.2.1\array **** // 3.1, as published by the Free Software Foundation.
  19:c:\program files\daisytoolchain\arm-none-eabi\include\c++\10.2.1\array **** 
  20:c:\program files\daisytoolchain\arm-none-eabi\include\c++\10.2.1\array **** // You should have received a copy of the GNU General Public License and
  21:c:\program files\daisytoolchain\arm-none-eabi\include\c++\10.2.1\array **** // a copy of the GCC Runtime Library Exception along with this program;
  22:c:\program files\daisytoolchain\arm-none-eabi\include\c++\10.2.1\array **** // see the files COPYING3 and COPYING.RUNTIME respectively.  If not, see
  23:c:\program files\daisytoolchain\arm-none-eabi\include\c++\10.2.1\array **** // <http://www.gnu.org/licenses/>.
  24:c:\program files\daisytoolchain\arm-none-eabi\include\c++\10.2.1\array **** 
  25:c:\program files\daisytoolchain\arm-none-eabi\include\c++\10.2.1\array **** /** @file include/array
  26:c:\program files\daisytoolchain\arm-none-eabi\include\c++\10.2.1\array ****  *  This is a Standard C++ Library header.
  27:c:\program files\daisytoolchain\arm-none-eabi\include\c++\10.2.1\array ****  */
  28:c:\program files\daisytoolchain\arm-none-eabi\include\c++\10.2.1\array **** 
  29:c:\program files\daisytoolchain\arm-none-eabi\include\c++\10.2.1\array **** #ifndef _GLIBCXX_ARRAY
  30:c:\program files\daisytoolchain\arm-none-eabi\include\c++\10.2.1\array **** #define _GLIBCXX_ARRAY 1
  31:c:\program files\daisytoolchain\arm-none-eabi\include\c++\10.2.1\array **** 
  32:c:\program files\daisytoolchain\arm-none-eabi\include\c++\10.2.1\array **** #pragma GCC system_header
  33:c:\program files\daisytoolchain\arm-none-eabi\include\c++\10.2.1\array **** 
  34:c:\program files\daisytoolchain\arm-none-eabi\include\c++\10.2.1\array **** #if __cplusplus < 201103L
  35:c:\program files\daisytoolchain\arm-none-eabi\include\c++\10.2.1\array **** # include <bits/c++0x_warning.h>
  36:c:\program files\daisytoolchain\arm-none-eabi\include\c++\10.2.1\array **** #else
  37:c:\program files\daisytoolchain\arm-none-eabi\include\c++\10.2.1\array **** 
  38:c:\program files\daisytoolchain\arm-none-eabi\include\c++\10.2.1\array **** #include <utility>
  39:c:\program files\daisytoolchain\arm-none-eabi\include\c++\10.2.1\array **** #include <bits/functexcept.h>
  40:c:\program files\daisytoolchain\arm-none-eabi\include\c++\10.2.1\array **** #include <bits/stl_algobase.h>
  41:c:\program files\daisytoolchain\arm-none-eabi\include\c++\10.2.1\array **** #include <bits/range_access.h>
  42:c:\program files\daisytoolchain\arm-none-eabi\include\c++\10.2.1\array **** 
  43:c:\program files\daisytoolchain\arm-none-eabi\include\c++\10.2.1\array **** namespace std _GLIBCXX_VISIBILITY(default)
  44:c:\program files\daisytoolchain\arm-none-eabi\include\c++\10.2.1\array **** {
  45:c:\program files\daisytoolchain\arm-none-eabi\include\c++\10.2.1\array **** _GLIBCXX_BEGIN_NAMESPACE_CONTAINER
  46:c:\program files\daisytoolchain\arm-none-eabi\include\c++\10.2.1\array **** 
  47:c:\program files\daisytoolchain\arm-none-eabi\include\c++\10.2.1\array ****   template<typename _Tp, std::size_t _Nm>
  48:c:\program files\daisytoolchain\arm-none-eabi\include\c++\10.2.1\array ****     struct __array_traits
  49:c:\program files\daisytoolchain\arm-none-eabi\include\c++\10.2.1\array ****     {
  50:c:\program files\daisytoolchain\arm-none-eabi\include\c++\10.2.1\array ****       typedef _Tp _Type[_Nm];
  51:c:\program files\daisytoolchain\arm-none-eabi\include\c++\10.2.1\array ****       typedef __is_swappable<_Tp> _Is_swappable;
  52:c:\program files\daisytoolchain\arm-none-eabi\include\c++\10.2.1\array ****       typedef __is_nothrow_swappable<_Tp> _Is_nothrow_swappable;
  53:c:\program files\daisytoolchain\arm-none-eabi\include\c++\10.2.1\array **** 
  54:c:\program files\daisytoolchain\arm-none-eabi\include\c++\10.2.1\array ****       static constexpr _Tp&
  55:c:\program files\daisytoolchain\arm-none-eabi\include\c++\10.2.1\array ****       _S_ref(const _Type& __t, std::size_t __n) noexcept
  56:c:\program files\daisytoolchain\arm-none-eabi\include\c++\10.2.1\array ****       { return const_cast<_Tp&>(__t[__n]); }
  57:c:\program files\daisytoolchain\arm-none-eabi\include\c++\10.2.1\array **** 
  58:c:\program files\daisytoolchain\arm-none-eabi\include\c++\10.2.1\array ****       static constexpr _Tp*
  59:c:\program files\daisytoolchain\arm-none-eabi\include\c++\10.2.1\array ****       _S_ptr(const _Type& __t) noexcept
  60:c:\program files\daisytoolchain\arm-none-eabi\include\c++\10.2.1\array ****       { return const_cast<_Tp*>(__t); }
  61:c:\program files\daisytoolchain\arm-none-eabi\include\c++\10.2.1\array ****     };
  62:c:\program files\daisytoolchain\arm-none-eabi\include\c++\10.2.1\array **** 
  63:c:\program files\daisytoolchain\arm-none-eabi\include\c++\10.2.1\array ****  template<typename _Tp>
  64:c:\program files\daisytoolchain\arm-none-eabi\include\c++\10.2.1\array ****    struct __array_traits<_Tp, 0>
  65:c:\program files\daisytoolchain\arm-none-eabi\include\c++\10.2.1\array ****    {
  66:c:\program files\daisytoolchain\arm-none-eabi\include\c++\10.2.1\array ****      struct _Type { };
  67:c:\program files\daisytoolchain\arm-none-eabi\include\c++\10.2.1\array ****      typedef true_type _Is_swappable;
  68:c:\program files\daisytoolchain\arm-none-eabi\include\c++\10.2.1\array ****      typedef true_type _Is_nothrow_swappable;
  69:c:\program files\daisytoolchain\arm-none-eabi\include\c++\10.2.1\array **** 
  70:c:\program files\daisytoolchain\arm-none-eabi\include\c++\10.2.1\array ****      static constexpr _Tp&
  71:c:\program files\daisytoolchain\arm-none-eabi\include\c++\10.2.1\array ****      _S_ref(const _Type&, std::size_t) noexcept
  72:c:\program files\daisytoolchain\arm-none-eabi\include\c++\10.2.1\array ****      { return *static_cast<_Tp*>(nullptr); }
  73:c:\program files\daisytoolchain\arm-none-eabi\include\c++\10.2.1\array **** 
  74:c:\program files\daisytoolchain\arm-none-eabi\include\c++\10.2.1\array ****      static constexpr _Tp*
ARM GAS  C:\Users\22bur\AppData\Local\Temp\ccvOYMxf.s 			page 19


  75:c:\program files\daisytoolchain\arm-none-eabi\include\c++\10.2.1\array ****      _S_ptr(const _Type&) noexcept
  76:c:\program files\daisytoolchain\arm-none-eabi\include\c++\10.2.1\array ****      { return nullptr; }
  77:c:\program files\daisytoolchain\arm-none-eabi\include\c++\10.2.1\array ****    };
  78:c:\program files\daisytoolchain\arm-none-eabi\include\c++\10.2.1\array **** 
  79:c:\program files\daisytoolchain\arm-none-eabi\include\c++\10.2.1\array ****   /**
  80:c:\program files\daisytoolchain\arm-none-eabi\include\c++\10.2.1\array ****    *  @brief A standard container for storing a fixed size sequence of elements.
  81:c:\program files\daisytoolchain\arm-none-eabi\include\c++\10.2.1\array ****    *
  82:c:\program files\daisytoolchain\arm-none-eabi\include\c++\10.2.1\array ****    *  @ingroup sequences
  83:c:\program files\daisytoolchain\arm-none-eabi\include\c++\10.2.1\array ****    *
  84:c:\program files\daisytoolchain\arm-none-eabi\include\c++\10.2.1\array ****    *  Meets the requirements of a <a href="tables.html#65">container</a>, a
  85:c:\program files\daisytoolchain\arm-none-eabi\include\c++\10.2.1\array ****    *  <a href="tables.html#66">reversible container</a>, and a
  86:c:\program files\daisytoolchain\arm-none-eabi\include\c++\10.2.1\array ****    *  <a href="tables.html#67">sequence</a>.
  87:c:\program files\daisytoolchain\arm-none-eabi\include\c++\10.2.1\array ****    *
  88:c:\program files\daisytoolchain\arm-none-eabi\include\c++\10.2.1\array ****    *  Sets support random access iterators.
  89:c:\program files\daisytoolchain\arm-none-eabi\include\c++\10.2.1\array ****    *
  90:c:\program files\daisytoolchain\arm-none-eabi\include\c++\10.2.1\array ****    *  @tparam  Tp  Type of element. Required to be a complete type.
  91:c:\program files\daisytoolchain\arm-none-eabi\include\c++\10.2.1\array ****    *  @tparam  Nm  Number of elements.
  92:c:\program files\daisytoolchain\arm-none-eabi\include\c++\10.2.1\array ****   */
  93:c:\program files\daisytoolchain\arm-none-eabi\include\c++\10.2.1\array ****   template<typename _Tp, std::size_t _Nm>
  94:c:\program files\daisytoolchain\arm-none-eabi\include\c++\10.2.1\array ****     struct array
  95:c:\program files\daisytoolchain\arm-none-eabi\include\c++\10.2.1\array ****     {
  96:c:\program files\daisytoolchain\arm-none-eabi\include\c++\10.2.1\array ****       typedef _Tp 	    			      value_type;
  97:c:\program files\daisytoolchain\arm-none-eabi\include\c++\10.2.1\array ****       typedef value_type*			      pointer;
  98:c:\program files\daisytoolchain\arm-none-eabi\include\c++\10.2.1\array ****       typedef const value_type*                       const_pointer;
  99:c:\program files\daisytoolchain\arm-none-eabi\include\c++\10.2.1\array ****       typedef value_type&                   	      reference;
 100:c:\program files\daisytoolchain\arm-none-eabi\include\c++\10.2.1\array ****       typedef const value_type&             	      const_reference;
 101:c:\program files\daisytoolchain\arm-none-eabi\include\c++\10.2.1\array ****       typedef value_type*          		      iterator;
 102:c:\program files\daisytoolchain\arm-none-eabi\include\c++\10.2.1\array ****       typedef const value_type*			      const_iterator;
 103:c:\program files\daisytoolchain\arm-none-eabi\include\c++\10.2.1\array ****       typedef std::size_t                    	      size_type;
 104:c:\program files\daisytoolchain\arm-none-eabi\include\c++\10.2.1\array ****       typedef std::ptrdiff_t                   	      difference_type;
 105:c:\program files\daisytoolchain\arm-none-eabi\include\c++\10.2.1\array ****       typedef std::reverse_iterator<iterator>	      reverse_iterator;
 106:c:\program files\daisytoolchain\arm-none-eabi\include\c++\10.2.1\array ****       typedef std::reverse_iterator<const_iterator>   const_reverse_iterator;
 107:c:\program files\daisytoolchain\arm-none-eabi\include\c++\10.2.1\array **** 
 108:c:\program files\daisytoolchain\arm-none-eabi\include\c++\10.2.1\array ****       // Support for zero-sized arrays mandatory.
 109:c:\program files\daisytoolchain\arm-none-eabi\include\c++\10.2.1\array ****       typedef _GLIBCXX_STD_C::__array_traits<_Tp, _Nm> _AT_Type;
 110:c:\program files\daisytoolchain\arm-none-eabi\include\c++\10.2.1\array ****       typename _AT_Type::_Type                         _M_elems;
 111:c:\program files\daisytoolchain\arm-none-eabi\include\c++\10.2.1\array **** 
 112:c:\program files\daisytoolchain\arm-none-eabi\include\c++\10.2.1\array ****       // No explicit construct/copy/destroy for aggregate type.
 113:c:\program files\daisytoolchain\arm-none-eabi\include\c++\10.2.1\array **** 
 114:c:\program files\daisytoolchain\arm-none-eabi\include\c++\10.2.1\array ****       // DR 776.
 115:c:\program files\daisytoolchain\arm-none-eabi\include\c++\10.2.1\array ****       _GLIBCXX20_CONSTEXPR void
 116:c:\program files\daisytoolchain\arm-none-eabi\include\c++\10.2.1\array ****       fill(const value_type& __u)
  69              		.loc 3 116 7 is_stmt 1 view .LVU7
  70              	.LBB148:
  71              	.LBI148:
 117:c:\program files\daisytoolchain\arm-none-eabi\include\c++\10.2.1\array ****       { std::fill_n(begin(), size(), __u); }
 118:c:\program files\daisytoolchain\arm-none-eabi\include\c++\10.2.1\array **** 
 119:c:\program files\daisytoolchain\arm-none-eabi\include\c++\10.2.1\array ****       _GLIBCXX20_CONSTEXPR void
 120:c:\program files\daisytoolchain\arm-none-eabi\include\c++\10.2.1\array ****       swap(array& __other)
 121:c:\program files\daisytoolchain\arm-none-eabi\include\c++\10.2.1\array ****       noexcept(_AT_Type::_Is_nothrow_swappable::value)
 122:c:\program files\daisytoolchain\arm-none-eabi\include\c++\10.2.1\array ****       { std::swap_ranges(begin(), end(), __other.begin()); }
 123:c:\program files\daisytoolchain\arm-none-eabi\include\c++\10.2.1\array **** 
 124:c:\program files\daisytoolchain\arm-none-eabi\include\c++\10.2.1\array ****       // Iterators.
 125:c:\program files\daisytoolchain\arm-none-eabi\include\c++\10.2.1\array ****       _GLIBCXX17_CONSTEXPR iterator
 126:c:\program files\daisytoolchain\arm-none-eabi\include\c++\10.2.1\array ****       begin() noexcept
  72              		.loc 3 126 7 view .LVU8
  73              	.LBB149:
ARM GAS  C:\Users\22bur\AppData\Local\Temp\ccvOYMxf.s 			page 20


  74              	.LBI149:
 127:c:\program files\daisytoolchain\arm-none-eabi\include\c++\10.2.1\array ****       { return iterator(data()); }
 128:c:\program files\daisytoolchain\arm-none-eabi\include\c++\10.2.1\array **** 
 129:c:\program files\daisytoolchain\arm-none-eabi\include\c++\10.2.1\array ****       _GLIBCXX17_CONSTEXPR const_iterator
 130:c:\program files\daisytoolchain\arm-none-eabi\include\c++\10.2.1\array ****       begin() const noexcept
 131:c:\program files\daisytoolchain\arm-none-eabi\include\c++\10.2.1\array ****       { return const_iterator(data()); }
 132:c:\program files\daisytoolchain\arm-none-eabi\include\c++\10.2.1\array **** 
 133:c:\program files\daisytoolchain\arm-none-eabi\include\c++\10.2.1\array ****       _GLIBCXX17_CONSTEXPR iterator
 134:c:\program files\daisytoolchain\arm-none-eabi\include\c++\10.2.1\array ****       end() noexcept
 135:c:\program files\daisytoolchain\arm-none-eabi\include\c++\10.2.1\array ****       { return iterator(data() + _Nm); }
 136:c:\program files\daisytoolchain\arm-none-eabi\include\c++\10.2.1\array **** 
 137:c:\program files\daisytoolchain\arm-none-eabi\include\c++\10.2.1\array ****       _GLIBCXX17_CONSTEXPR const_iterator
 138:c:\program files\daisytoolchain\arm-none-eabi\include\c++\10.2.1\array ****       end() const noexcept
 139:c:\program files\daisytoolchain\arm-none-eabi\include\c++\10.2.1\array ****       { return const_iterator(data() + _Nm); }
 140:c:\program files\daisytoolchain\arm-none-eabi\include\c++\10.2.1\array **** 
 141:c:\program files\daisytoolchain\arm-none-eabi\include\c++\10.2.1\array ****       _GLIBCXX17_CONSTEXPR reverse_iterator
 142:c:\program files\daisytoolchain\arm-none-eabi\include\c++\10.2.1\array ****       rbegin() noexcept
 143:c:\program files\daisytoolchain\arm-none-eabi\include\c++\10.2.1\array ****       { return reverse_iterator(end()); }
 144:c:\program files\daisytoolchain\arm-none-eabi\include\c++\10.2.1\array **** 
 145:c:\program files\daisytoolchain\arm-none-eabi\include\c++\10.2.1\array ****       _GLIBCXX17_CONSTEXPR const_reverse_iterator
 146:c:\program files\daisytoolchain\arm-none-eabi\include\c++\10.2.1\array ****       rbegin() const noexcept
 147:c:\program files\daisytoolchain\arm-none-eabi\include\c++\10.2.1\array ****       { return const_reverse_iterator(end()); }
 148:c:\program files\daisytoolchain\arm-none-eabi\include\c++\10.2.1\array **** 
 149:c:\program files\daisytoolchain\arm-none-eabi\include\c++\10.2.1\array ****       _GLIBCXX17_CONSTEXPR reverse_iterator
 150:c:\program files\daisytoolchain\arm-none-eabi\include\c++\10.2.1\array ****       rend() noexcept
 151:c:\program files\daisytoolchain\arm-none-eabi\include\c++\10.2.1\array ****       { return reverse_iterator(begin()); }
 152:c:\program files\daisytoolchain\arm-none-eabi\include\c++\10.2.1\array **** 
 153:c:\program files\daisytoolchain\arm-none-eabi\include\c++\10.2.1\array ****       _GLIBCXX17_CONSTEXPR const_reverse_iterator
 154:c:\program files\daisytoolchain\arm-none-eabi\include\c++\10.2.1\array ****       rend() const noexcept
 155:c:\program files\daisytoolchain\arm-none-eabi\include\c++\10.2.1\array ****       { return const_reverse_iterator(begin()); }
 156:c:\program files\daisytoolchain\arm-none-eabi\include\c++\10.2.1\array **** 
 157:c:\program files\daisytoolchain\arm-none-eabi\include\c++\10.2.1\array ****       _GLIBCXX17_CONSTEXPR const_iterator
 158:c:\program files\daisytoolchain\arm-none-eabi\include\c++\10.2.1\array ****       cbegin() const noexcept
 159:c:\program files\daisytoolchain\arm-none-eabi\include\c++\10.2.1\array ****       { return const_iterator(data()); }
 160:c:\program files\daisytoolchain\arm-none-eabi\include\c++\10.2.1\array **** 
 161:c:\program files\daisytoolchain\arm-none-eabi\include\c++\10.2.1\array ****       _GLIBCXX17_CONSTEXPR const_iterator
 162:c:\program files\daisytoolchain\arm-none-eabi\include\c++\10.2.1\array ****       cend() const noexcept
 163:c:\program files\daisytoolchain\arm-none-eabi\include\c++\10.2.1\array ****       { return const_iterator(data() + _Nm); }
 164:c:\program files\daisytoolchain\arm-none-eabi\include\c++\10.2.1\array **** 
 165:c:\program files\daisytoolchain\arm-none-eabi\include\c++\10.2.1\array ****       _GLIBCXX17_CONSTEXPR const_reverse_iterator
 166:c:\program files\daisytoolchain\arm-none-eabi\include\c++\10.2.1\array ****       crbegin() const noexcept
 167:c:\program files\daisytoolchain\arm-none-eabi\include\c++\10.2.1\array ****       { return const_reverse_iterator(end()); }
 168:c:\program files\daisytoolchain\arm-none-eabi\include\c++\10.2.1\array **** 
 169:c:\program files\daisytoolchain\arm-none-eabi\include\c++\10.2.1\array ****       _GLIBCXX17_CONSTEXPR const_reverse_iterator
 170:c:\program files\daisytoolchain\arm-none-eabi\include\c++\10.2.1\array ****       crend() const noexcept
 171:c:\program files\daisytoolchain\arm-none-eabi\include\c++\10.2.1\array ****       { return const_reverse_iterator(begin()); }
 172:c:\program files\daisytoolchain\arm-none-eabi\include\c++\10.2.1\array **** 
 173:c:\program files\daisytoolchain\arm-none-eabi\include\c++\10.2.1\array ****       // Capacity.
 174:c:\program files\daisytoolchain\arm-none-eabi\include\c++\10.2.1\array ****       constexpr size_type
 175:c:\program files\daisytoolchain\arm-none-eabi\include\c++\10.2.1\array ****       size() const noexcept { return _Nm; }
 176:c:\program files\daisytoolchain\arm-none-eabi\include\c++\10.2.1\array **** 
 177:c:\program files\daisytoolchain\arm-none-eabi\include\c++\10.2.1\array ****       constexpr size_type
 178:c:\program files\daisytoolchain\arm-none-eabi\include\c++\10.2.1\array ****       max_size() const noexcept { return _Nm; }
 179:c:\program files\daisytoolchain\arm-none-eabi\include\c++\10.2.1\array **** 
 180:c:\program files\daisytoolchain\arm-none-eabi\include\c++\10.2.1\array ****       _GLIBCXX_NODISCARD constexpr bool
 181:c:\program files\daisytoolchain\arm-none-eabi\include\c++\10.2.1\array ****       empty() const noexcept { return size() == 0; }
 182:c:\program files\daisytoolchain\arm-none-eabi\include\c++\10.2.1\array **** 
ARM GAS  C:\Users\22bur\AppData\Local\Temp\ccvOYMxf.s 			page 21


 183:c:\program files\daisytoolchain\arm-none-eabi\include\c++\10.2.1\array ****       // Element access.
 184:c:\program files\daisytoolchain\arm-none-eabi\include\c++\10.2.1\array ****       _GLIBCXX17_CONSTEXPR reference
 185:c:\program files\daisytoolchain\arm-none-eabi\include\c++\10.2.1\array ****       operator[](size_type __n) noexcept
 186:c:\program files\daisytoolchain\arm-none-eabi\include\c++\10.2.1\array ****       { return _AT_Type::_S_ref(_M_elems, __n); }
 187:c:\program files\daisytoolchain\arm-none-eabi\include\c++\10.2.1\array **** 
 188:c:\program files\daisytoolchain\arm-none-eabi\include\c++\10.2.1\array ****       constexpr const_reference
 189:c:\program files\daisytoolchain\arm-none-eabi\include\c++\10.2.1\array ****       operator[](size_type __n) const noexcept
 190:c:\program files\daisytoolchain\arm-none-eabi\include\c++\10.2.1\array ****       { return _AT_Type::_S_ref(_M_elems, __n); }
 191:c:\program files\daisytoolchain\arm-none-eabi\include\c++\10.2.1\array **** 
 192:c:\program files\daisytoolchain\arm-none-eabi\include\c++\10.2.1\array ****       _GLIBCXX17_CONSTEXPR reference
 193:c:\program files\daisytoolchain\arm-none-eabi\include\c++\10.2.1\array ****       at(size_type __n)
 194:c:\program files\daisytoolchain\arm-none-eabi\include\c++\10.2.1\array ****       {
 195:c:\program files\daisytoolchain\arm-none-eabi\include\c++\10.2.1\array **** 	if (__n >= _Nm)
 196:c:\program files\daisytoolchain\arm-none-eabi\include\c++\10.2.1\array **** 	  std::__throw_out_of_range_fmt(__N("array::at: __n (which is %zu) "
 197:c:\program files\daisytoolchain\arm-none-eabi\include\c++\10.2.1\array **** 					    ">= _Nm (which is %zu)"),
 198:c:\program files\daisytoolchain\arm-none-eabi\include\c++\10.2.1\array **** 					__n, _Nm);
 199:c:\program files\daisytoolchain\arm-none-eabi\include\c++\10.2.1\array **** 	return _AT_Type::_S_ref(_M_elems, __n);
 200:c:\program files\daisytoolchain\arm-none-eabi\include\c++\10.2.1\array ****       }
 201:c:\program files\daisytoolchain\arm-none-eabi\include\c++\10.2.1\array **** 
 202:c:\program files\daisytoolchain\arm-none-eabi\include\c++\10.2.1\array ****       constexpr const_reference
 203:c:\program files\daisytoolchain\arm-none-eabi\include\c++\10.2.1\array ****       at(size_type __n) const
 204:c:\program files\daisytoolchain\arm-none-eabi\include\c++\10.2.1\array ****       {
 205:c:\program files\daisytoolchain\arm-none-eabi\include\c++\10.2.1\array **** 	// Result of conditional expression must be an lvalue so use
 206:c:\program files\daisytoolchain\arm-none-eabi\include\c++\10.2.1\array **** 	// boolean ? lvalue : (throw-expr, lvalue)
 207:c:\program files\daisytoolchain\arm-none-eabi\include\c++\10.2.1\array **** 	return __n < _Nm ? _AT_Type::_S_ref(_M_elems, __n)
 208:c:\program files\daisytoolchain\arm-none-eabi\include\c++\10.2.1\array **** 	  : (std::__throw_out_of_range_fmt(__N("array::at: __n (which is %zu) "
 209:c:\program files\daisytoolchain\arm-none-eabi\include\c++\10.2.1\array **** 					       ">= _Nm (which is %zu)"),
 210:c:\program files\daisytoolchain\arm-none-eabi\include\c++\10.2.1\array **** 					   __n, _Nm),
 211:c:\program files\daisytoolchain\arm-none-eabi\include\c++\10.2.1\array **** 	     _AT_Type::_S_ref(_M_elems, 0));
 212:c:\program files\daisytoolchain\arm-none-eabi\include\c++\10.2.1\array ****       }
 213:c:\program files\daisytoolchain\arm-none-eabi\include\c++\10.2.1\array **** 
 214:c:\program files\daisytoolchain\arm-none-eabi\include\c++\10.2.1\array ****       _GLIBCXX17_CONSTEXPR reference
 215:c:\program files\daisytoolchain\arm-none-eabi\include\c++\10.2.1\array ****       front() noexcept
 216:c:\program files\daisytoolchain\arm-none-eabi\include\c++\10.2.1\array ****       { return *begin(); }
 217:c:\program files\daisytoolchain\arm-none-eabi\include\c++\10.2.1\array **** 
 218:c:\program files\daisytoolchain\arm-none-eabi\include\c++\10.2.1\array ****       constexpr const_reference
 219:c:\program files\daisytoolchain\arm-none-eabi\include\c++\10.2.1\array ****       front() const noexcept
 220:c:\program files\daisytoolchain\arm-none-eabi\include\c++\10.2.1\array ****       { return _AT_Type::_S_ref(_M_elems, 0); }
 221:c:\program files\daisytoolchain\arm-none-eabi\include\c++\10.2.1\array **** 
 222:c:\program files\daisytoolchain\arm-none-eabi\include\c++\10.2.1\array ****       _GLIBCXX17_CONSTEXPR reference
 223:c:\program files\daisytoolchain\arm-none-eabi\include\c++\10.2.1\array ****       back() noexcept
 224:c:\program files\daisytoolchain\arm-none-eabi\include\c++\10.2.1\array ****       { return _Nm ? *(end() - 1) : *end(); }
 225:c:\program files\daisytoolchain\arm-none-eabi\include\c++\10.2.1\array **** 
 226:c:\program files\daisytoolchain\arm-none-eabi\include\c++\10.2.1\array ****       constexpr const_reference
 227:c:\program files\daisytoolchain\arm-none-eabi\include\c++\10.2.1\array ****       back() const noexcept
 228:c:\program files\daisytoolchain\arm-none-eabi\include\c++\10.2.1\array ****       {
 229:c:\program files\daisytoolchain\arm-none-eabi\include\c++\10.2.1\array **** 	return _Nm ? _AT_Type::_S_ref(_M_elems, _Nm - 1)
 230:c:\program files\daisytoolchain\arm-none-eabi\include\c++\10.2.1\array ****  	           : _AT_Type::_S_ref(_M_elems, 0);
 231:c:\program files\daisytoolchain\arm-none-eabi\include\c++\10.2.1\array ****       }
 232:c:\program files\daisytoolchain\arm-none-eabi\include\c++\10.2.1\array **** 
 233:c:\program files\daisytoolchain\arm-none-eabi\include\c++\10.2.1\array ****       _GLIBCXX17_CONSTEXPR pointer
 234:c:\program files\daisytoolchain\arm-none-eabi\include\c++\10.2.1\array ****       data() noexcept
  75              		.loc 3 234 7 view .LVU9
  76              		.loc 3 234 7 is_stmt 0 view .LVU10
  77              	.LBE149:
  78              	.LBE148:
  79              	.LBB150:
ARM GAS  C:\Users\22bur\AppData\Local\Temp\ccvOYMxf.s 			page 22


  80              	.LBI137:
 874:c:\program files\daisytoolchain\arm-none-eabi\include\c++\10.2.1\bits\stl_algobase.h ****     }
 875:c:\program files\daisytoolchain\arm-none-eabi\include\c++\10.2.1\bits\stl_algobase.h **** 
 876:c:\program files\daisytoolchain\arm-none-eabi\include\c++\10.2.1\bits\stl_algobase.h ****   // Specialization: for char types we can use memset.
 877:c:\program files\daisytoolchain\arm-none-eabi\include\c++\10.2.1\bits\stl_algobase.h ****   template<typename _Tp>
 878:c:\program files\daisytoolchain\arm-none-eabi\include\c++\10.2.1\bits\stl_algobase.h ****     _GLIBCXX20_CONSTEXPR
 879:c:\program files\daisytoolchain\arm-none-eabi\include\c++\10.2.1\bits\stl_algobase.h ****     inline typename
 880:c:\program files\daisytoolchain\arm-none-eabi\include\c++\10.2.1\bits\stl_algobase.h ****     __gnu_cxx::__enable_if<__is_byte<_Tp>::__value, void>::__type
 881:c:\program files\daisytoolchain\arm-none-eabi\include\c++\10.2.1\bits\stl_algobase.h ****     __fill_a1(_Tp* __first, _Tp* __last, const _Tp& __c)
 882:c:\program files\daisytoolchain\arm-none-eabi\include\c++\10.2.1\bits\stl_algobase.h ****     {
 883:c:\program files\daisytoolchain\arm-none-eabi\include\c++\10.2.1\bits\stl_algobase.h ****       const _Tp __tmp = __c;
 884:c:\program files\daisytoolchain\arm-none-eabi\include\c++\10.2.1\bits\stl_algobase.h **** #if __cpp_lib_is_constant_evaluated
 885:c:\program files\daisytoolchain\arm-none-eabi\include\c++\10.2.1\bits\stl_algobase.h ****       if (std::is_constant_evaluated())
 886:c:\program files\daisytoolchain\arm-none-eabi\include\c++\10.2.1\bits\stl_algobase.h **** 	{
 887:c:\program files\daisytoolchain\arm-none-eabi\include\c++\10.2.1\bits\stl_algobase.h **** 	  for (; __first != __last; ++__first)
 888:c:\program files\daisytoolchain\arm-none-eabi\include\c++\10.2.1\bits\stl_algobase.h **** 	    *__first = __tmp;
 889:c:\program files\daisytoolchain\arm-none-eabi\include\c++\10.2.1\bits\stl_algobase.h **** 	  return;
 890:c:\program files\daisytoolchain\arm-none-eabi\include\c++\10.2.1\bits\stl_algobase.h **** 	}
 891:c:\program files\daisytoolchain\arm-none-eabi\include\c++\10.2.1\bits\stl_algobase.h **** #endif
 892:c:\program files\daisytoolchain\arm-none-eabi\include\c++\10.2.1\bits\stl_algobase.h ****       if (const size_t __len = __last - __first)
 893:c:\program files\daisytoolchain\arm-none-eabi\include\c++\10.2.1\bits\stl_algobase.h **** 	__builtin_memset(__first, static_cast<unsigned char>(__tmp), __len);
 894:c:\program files\daisytoolchain\arm-none-eabi\include\c++\10.2.1\bits\stl_algobase.h ****     }
 895:c:\program files\daisytoolchain\arm-none-eabi\include\c++\10.2.1\bits\stl_algobase.h **** 
 896:c:\program files\daisytoolchain\arm-none-eabi\include\c++\10.2.1\bits\stl_algobase.h ****   template<typename _Ite, typename _Cont, typename _Tp>
 897:c:\program files\daisytoolchain\arm-none-eabi\include\c++\10.2.1\bits\stl_algobase.h ****     _GLIBCXX20_CONSTEXPR
 898:c:\program files\daisytoolchain\arm-none-eabi\include\c++\10.2.1\bits\stl_algobase.h ****     inline void
 899:c:\program files\daisytoolchain\arm-none-eabi\include\c++\10.2.1\bits\stl_algobase.h ****     __fill_a1(::__gnu_cxx::__normal_iterator<_Ite, _Cont> __first,
 900:c:\program files\daisytoolchain\arm-none-eabi\include\c++\10.2.1\bits\stl_algobase.h **** 	      ::__gnu_cxx::__normal_iterator<_Ite, _Cont> __last,
 901:c:\program files\daisytoolchain\arm-none-eabi\include\c++\10.2.1\bits\stl_algobase.h **** 	      const _Tp& __value)
 902:c:\program files\daisytoolchain\arm-none-eabi\include\c++\10.2.1\bits\stl_algobase.h ****     { std::__fill_a1(__first.base(), __last.base(), __value); }
 903:c:\program files\daisytoolchain\arm-none-eabi\include\c++\10.2.1\bits\stl_algobase.h **** 
 904:c:\program files\daisytoolchain\arm-none-eabi\include\c++\10.2.1\bits\stl_algobase.h ****   template<typename _Tp, typename _VTp>
 905:c:\program files\daisytoolchain\arm-none-eabi\include\c++\10.2.1\bits\stl_algobase.h ****     void
 906:c:\program files\daisytoolchain\arm-none-eabi\include\c++\10.2.1\bits\stl_algobase.h ****     __fill_a1(const _GLIBCXX_STD_C::_Deque_iterator<_Tp, _Tp&, _Tp*>&,
 907:c:\program files\daisytoolchain\arm-none-eabi\include\c++\10.2.1\bits\stl_algobase.h **** 	      const _GLIBCXX_STD_C::_Deque_iterator<_Tp, _Tp&, _Tp*>&,
 908:c:\program files\daisytoolchain\arm-none-eabi\include\c++\10.2.1\bits\stl_algobase.h **** 	      const _VTp&);
 909:c:\program files\daisytoolchain\arm-none-eabi\include\c++\10.2.1\bits\stl_algobase.h **** 
 910:c:\program files\daisytoolchain\arm-none-eabi\include\c++\10.2.1\bits\stl_algobase.h ****   template<typename _FIte, typename _Tp>
 911:c:\program files\daisytoolchain\arm-none-eabi\include\c++\10.2.1\bits\stl_algobase.h ****     _GLIBCXX20_CONSTEXPR
 912:c:\program files\daisytoolchain\arm-none-eabi\include\c++\10.2.1\bits\stl_algobase.h ****     inline void
 913:c:\program files\daisytoolchain\arm-none-eabi\include\c++\10.2.1\bits\stl_algobase.h ****     __fill_a(_FIte __first, _FIte __last, const _Tp& __value)
 914:c:\program files\daisytoolchain\arm-none-eabi\include\c++\10.2.1\bits\stl_algobase.h ****     { std::__fill_a1(__first, __last, __value); }
 915:c:\program files\daisytoolchain\arm-none-eabi\include\c++\10.2.1\bits\stl_algobase.h **** 
 916:c:\program files\daisytoolchain\arm-none-eabi\include\c++\10.2.1\bits\stl_algobase.h ****   template<typename _Ite, typename _Seq, typename _Cat, typename _Tp>
 917:c:\program files\daisytoolchain\arm-none-eabi\include\c++\10.2.1\bits\stl_algobase.h ****     void
 918:c:\program files\daisytoolchain\arm-none-eabi\include\c++\10.2.1\bits\stl_algobase.h ****     __fill_a(const ::__gnu_debug::_Safe_iterator<_Ite, _Seq, _Cat>&,
 919:c:\program files\daisytoolchain\arm-none-eabi\include\c++\10.2.1\bits\stl_algobase.h **** 	     const ::__gnu_debug::_Safe_iterator<_Ite, _Seq, _Cat>&,
 920:c:\program files\daisytoolchain\arm-none-eabi\include\c++\10.2.1\bits\stl_algobase.h **** 	     const _Tp&);
 921:c:\program files\daisytoolchain\arm-none-eabi\include\c++\10.2.1\bits\stl_algobase.h **** 
 922:c:\program files\daisytoolchain\arm-none-eabi\include\c++\10.2.1\bits\stl_algobase.h ****   /**
 923:c:\program files\daisytoolchain\arm-none-eabi\include\c++\10.2.1\bits\stl_algobase.h ****    *  @brief Fills the range [first,last) with copies of value.
 924:c:\program files\daisytoolchain\arm-none-eabi\include\c++\10.2.1\bits\stl_algobase.h ****    *  @ingroup mutating_algorithms
 925:c:\program files\daisytoolchain\arm-none-eabi\include\c++\10.2.1\bits\stl_algobase.h ****    *  @param  __first  A forward iterator.
 926:c:\program files\daisytoolchain\arm-none-eabi\include\c++\10.2.1\bits\stl_algobase.h ****    *  @param  __last   A forward iterator.
 927:c:\program files\daisytoolchain\arm-none-eabi\include\c++\10.2.1\bits\stl_algobase.h ****    *  @param  __value  A reference-to-const of arbitrary type.
 928:c:\program files\daisytoolchain\arm-none-eabi\include\c++\10.2.1\bits\stl_algobase.h ****    *  @return   Nothing.
 929:c:\program files\daisytoolchain\arm-none-eabi\include\c++\10.2.1\bits\stl_algobase.h ****    *
ARM GAS  C:\Users\22bur\AppData\Local\Temp\ccvOYMxf.s 			page 23


 930:c:\program files\daisytoolchain\arm-none-eabi\include\c++\10.2.1\bits\stl_algobase.h ****    *  This function fills a range with copies of the same value.  For char
 931:c:\program files\daisytoolchain\arm-none-eabi\include\c++\10.2.1\bits\stl_algobase.h ****    *  types filling contiguous areas of memory, this becomes an inline call
 932:c:\program files\daisytoolchain\arm-none-eabi\include\c++\10.2.1\bits\stl_algobase.h ****    *  to @c memset or @c wmemset.
 933:c:\program files\daisytoolchain\arm-none-eabi\include\c++\10.2.1\bits\stl_algobase.h ****   */
 934:c:\program files\daisytoolchain\arm-none-eabi\include\c++\10.2.1\bits\stl_algobase.h ****   template<typename _ForwardIterator, typename _Tp>
 935:c:\program files\daisytoolchain\arm-none-eabi\include\c++\10.2.1\bits\stl_algobase.h ****     _GLIBCXX20_CONSTEXPR
 936:c:\program files\daisytoolchain\arm-none-eabi\include\c++\10.2.1\bits\stl_algobase.h ****     inline void
 937:c:\program files\daisytoolchain\arm-none-eabi\include\c++\10.2.1\bits\stl_algobase.h ****     fill(_ForwardIterator __first, _ForwardIterator __last, const _Tp& __value)
 938:c:\program files\daisytoolchain\arm-none-eabi\include\c++\10.2.1\bits\stl_algobase.h ****     {
 939:c:\program files\daisytoolchain\arm-none-eabi\include\c++\10.2.1\bits\stl_algobase.h ****       // concept requirements
 940:c:\program files\daisytoolchain\arm-none-eabi\include\c++\10.2.1\bits\stl_algobase.h ****       __glibcxx_function_requires(_Mutable_ForwardIteratorConcept<
 941:c:\program files\daisytoolchain\arm-none-eabi\include\c++\10.2.1\bits\stl_algobase.h **** 				  _ForwardIterator>)
 942:c:\program files\daisytoolchain\arm-none-eabi\include\c++\10.2.1\bits\stl_algobase.h ****       __glibcxx_requires_valid_range(__first, __last);
 943:c:\program files\daisytoolchain\arm-none-eabi\include\c++\10.2.1\bits\stl_algobase.h **** 
 944:c:\program files\daisytoolchain\arm-none-eabi\include\c++\10.2.1\bits\stl_algobase.h ****       std::__fill_a(__first, __last, __value);
 945:c:\program files\daisytoolchain\arm-none-eabi\include\c++\10.2.1\bits\stl_algobase.h ****     }
 946:c:\program files\daisytoolchain\arm-none-eabi\include\c++\10.2.1\bits\stl_algobase.h **** 
 947:c:\program files\daisytoolchain\arm-none-eabi\include\c++\10.2.1\bits\stl_algobase.h ****   // Used by fill_n, generate_n, etc. to convert _Size to an integral type:
 948:c:\program files\daisytoolchain\arm-none-eabi\include\c++\10.2.1\bits\stl_algobase.h ****   inline _GLIBCXX_CONSTEXPR int
 949:c:\program files\daisytoolchain\arm-none-eabi\include\c++\10.2.1\bits\stl_algobase.h ****   __size_to_integer(int __n) { return __n; }
 950:c:\program files\daisytoolchain\arm-none-eabi\include\c++\10.2.1\bits\stl_algobase.h ****   inline _GLIBCXX_CONSTEXPR unsigned
 951:c:\program files\daisytoolchain\arm-none-eabi\include\c++\10.2.1\bits\stl_algobase.h ****   __size_to_integer(unsigned __n) { return __n; }
 952:c:\program files\daisytoolchain\arm-none-eabi\include\c++\10.2.1\bits\stl_algobase.h ****   inline _GLIBCXX_CONSTEXPR long
 953:c:\program files\daisytoolchain\arm-none-eabi\include\c++\10.2.1\bits\stl_algobase.h ****   __size_to_integer(long __n) { return __n; }
 954:c:\program files\daisytoolchain\arm-none-eabi\include\c++\10.2.1\bits\stl_algobase.h ****   inline _GLIBCXX_CONSTEXPR unsigned long
 955:c:\program files\daisytoolchain\arm-none-eabi\include\c++\10.2.1\bits\stl_algobase.h ****   __size_to_integer(unsigned long __n) { return __n; }
 956:c:\program files\daisytoolchain\arm-none-eabi\include\c++\10.2.1\bits\stl_algobase.h ****   inline _GLIBCXX_CONSTEXPR long long
 957:c:\program files\daisytoolchain\arm-none-eabi\include\c++\10.2.1\bits\stl_algobase.h ****   __size_to_integer(long long __n) { return __n; }
 958:c:\program files\daisytoolchain\arm-none-eabi\include\c++\10.2.1\bits\stl_algobase.h ****   inline _GLIBCXX_CONSTEXPR unsigned long long
 959:c:\program files\daisytoolchain\arm-none-eabi\include\c++\10.2.1\bits\stl_algobase.h ****   __size_to_integer(unsigned long long __n) { return __n; }
 960:c:\program files\daisytoolchain\arm-none-eabi\include\c++\10.2.1\bits\stl_algobase.h **** 
 961:c:\program files\daisytoolchain\arm-none-eabi\include\c++\10.2.1\bits\stl_algobase.h **** #if defined(__GLIBCXX_TYPE_INT_N_0)
 962:c:\program files\daisytoolchain\arm-none-eabi\include\c++\10.2.1\bits\stl_algobase.h ****   inline _GLIBCXX_CONSTEXPR __GLIBCXX_TYPE_INT_N_0
 963:c:\program files\daisytoolchain\arm-none-eabi\include\c++\10.2.1\bits\stl_algobase.h ****   __size_to_integer(__GLIBCXX_TYPE_INT_N_0 __n) { return __n; }
 964:c:\program files\daisytoolchain\arm-none-eabi\include\c++\10.2.1\bits\stl_algobase.h ****   inline _GLIBCXX_CONSTEXPR unsigned __GLIBCXX_TYPE_INT_N_0
 965:c:\program files\daisytoolchain\arm-none-eabi\include\c++\10.2.1\bits\stl_algobase.h ****   __size_to_integer(unsigned __GLIBCXX_TYPE_INT_N_0 __n) { return __n; }
 966:c:\program files\daisytoolchain\arm-none-eabi\include\c++\10.2.1\bits\stl_algobase.h **** #endif
 967:c:\program files\daisytoolchain\arm-none-eabi\include\c++\10.2.1\bits\stl_algobase.h **** #if defined(__GLIBCXX_TYPE_INT_N_1)
 968:c:\program files\daisytoolchain\arm-none-eabi\include\c++\10.2.1\bits\stl_algobase.h ****   inline _GLIBCXX_CONSTEXPR __GLIBCXX_TYPE_INT_N_1
 969:c:\program files\daisytoolchain\arm-none-eabi\include\c++\10.2.1\bits\stl_algobase.h ****   __size_to_integer(__GLIBCXX_TYPE_INT_N_1 __n) { return __n; }
 970:c:\program files\daisytoolchain\arm-none-eabi\include\c++\10.2.1\bits\stl_algobase.h ****   inline _GLIBCXX_CONSTEXPR unsigned __GLIBCXX_TYPE_INT_N_1
 971:c:\program files\daisytoolchain\arm-none-eabi\include\c++\10.2.1\bits\stl_algobase.h ****   __size_to_integer(unsigned __GLIBCXX_TYPE_INT_N_1 __n) { return __n; }
 972:c:\program files\daisytoolchain\arm-none-eabi\include\c++\10.2.1\bits\stl_algobase.h **** #endif
 973:c:\program files\daisytoolchain\arm-none-eabi\include\c++\10.2.1\bits\stl_algobase.h **** #if defined(__GLIBCXX_TYPE_INT_N_2)
 974:c:\program files\daisytoolchain\arm-none-eabi\include\c++\10.2.1\bits\stl_algobase.h ****   inline _GLIBCXX_CONSTEXPR __GLIBCXX_TYPE_INT_N_2
 975:c:\program files\daisytoolchain\arm-none-eabi\include\c++\10.2.1\bits\stl_algobase.h ****   __size_to_integer(__GLIBCXX_TYPE_INT_N_2 __n) { return __n; }
 976:c:\program files\daisytoolchain\arm-none-eabi\include\c++\10.2.1\bits\stl_algobase.h ****   inline _GLIBCXX_CONSTEXPR unsigned __GLIBCXX_TYPE_INT_N_2
 977:c:\program files\daisytoolchain\arm-none-eabi\include\c++\10.2.1\bits\stl_algobase.h ****   __size_to_integer(unsigned __GLIBCXX_TYPE_INT_N_2 __n) { return __n; }
 978:c:\program files\daisytoolchain\arm-none-eabi\include\c++\10.2.1\bits\stl_algobase.h **** #endif
 979:c:\program files\daisytoolchain\arm-none-eabi\include\c++\10.2.1\bits\stl_algobase.h **** #if defined(__GLIBCXX_TYPE_INT_N_3)
 980:c:\program files\daisytoolchain\arm-none-eabi\include\c++\10.2.1\bits\stl_algobase.h ****   inline _GLIBCXX_CONSTEXPR unsigned __GLIBCXX_TYPE_INT_N_3
 981:c:\program files\daisytoolchain\arm-none-eabi\include\c++\10.2.1\bits\stl_algobase.h ****   __size_to_integer(__GLIBCXX_TYPE_INT_N_3 __n) { return __n; }
 982:c:\program files\daisytoolchain\arm-none-eabi\include\c++\10.2.1\bits\stl_algobase.h ****   inline _GLIBCXX_CONSTEXPR __GLIBCXX_TYPE_INT_N_3
 983:c:\program files\daisytoolchain\arm-none-eabi\include\c++\10.2.1\bits\stl_algobase.h ****   __size_to_integer(unsigned __GLIBCXX_TYPE_INT_N_3 __n) { return __n; }
 984:c:\program files\daisytoolchain\arm-none-eabi\include\c++\10.2.1\bits\stl_algobase.h **** #endif
 985:c:\program files\daisytoolchain\arm-none-eabi\include\c++\10.2.1\bits\stl_algobase.h **** 
 986:c:\program files\daisytoolchain\arm-none-eabi\include\c++\10.2.1\bits\stl_algobase.h ****   inline _GLIBCXX_CONSTEXPR long long
ARM GAS  C:\Users\22bur\AppData\Local\Temp\ccvOYMxf.s 			page 24


 987:c:\program files\daisytoolchain\arm-none-eabi\include\c++\10.2.1\bits\stl_algobase.h ****   __size_to_integer(float __n) { return __n; }
 988:c:\program files\daisytoolchain\arm-none-eabi\include\c++\10.2.1\bits\stl_algobase.h ****   inline _GLIBCXX_CONSTEXPR long long
 989:c:\program files\daisytoolchain\arm-none-eabi\include\c++\10.2.1\bits\stl_algobase.h ****   __size_to_integer(double __n) { return __n; }
 990:c:\program files\daisytoolchain\arm-none-eabi\include\c++\10.2.1\bits\stl_algobase.h ****   inline _GLIBCXX_CONSTEXPR long long
 991:c:\program files\daisytoolchain\arm-none-eabi\include\c++\10.2.1\bits\stl_algobase.h ****   __size_to_integer(long double __n) { return __n; }
 992:c:\program files\daisytoolchain\arm-none-eabi\include\c++\10.2.1\bits\stl_algobase.h **** #if !defined(__STRICT_ANSI__) && defined(_GLIBCXX_USE_FLOAT128)
 993:c:\program files\daisytoolchain\arm-none-eabi\include\c++\10.2.1\bits\stl_algobase.h ****   inline _GLIBCXX_CONSTEXPR long long
 994:c:\program files\daisytoolchain\arm-none-eabi\include\c++\10.2.1\bits\stl_algobase.h ****   __size_to_integer(__float128 __n) { return __n; }
 995:c:\program files\daisytoolchain\arm-none-eabi\include\c++\10.2.1\bits\stl_algobase.h **** #endif
 996:c:\program files\daisytoolchain\arm-none-eabi\include\c++\10.2.1\bits\stl_algobase.h **** 
 997:c:\program files\daisytoolchain\arm-none-eabi\include\c++\10.2.1\bits\stl_algobase.h ****   template<typename _OutputIterator, typename _Size, typename _Tp>
 998:c:\program files\daisytoolchain\arm-none-eabi\include\c++\10.2.1\bits\stl_algobase.h ****     _GLIBCXX20_CONSTEXPR
 999:c:\program files\daisytoolchain\arm-none-eabi\include\c++\10.2.1\bits\stl_algobase.h ****     inline typename
1000:c:\program files\daisytoolchain\arm-none-eabi\include\c++\10.2.1\bits\stl_algobase.h ****     __gnu_cxx::__enable_if<!__is_scalar<_Tp>::__value, _OutputIterator>::__type
1001:c:\program files\daisytoolchain\arm-none-eabi\include\c++\10.2.1\bits\stl_algobase.h ****     __fill_n_a1(_OutputIterator __first, _Size __n, const _Tp& __value)
1002:c:\program files\daisytoolchain\arm-none-eabi\include\c++\10.2.1\bits\stl_algobase.h ****     {
1003:c:\program files\daisytoolchain\arm-none-eabi\include\c++\10.2.1\bits\stl_algobase.h ****       for (; __n > 0; --__n, (void) ++__first)
1004:c:\program files\daisytoolchain\arm-none-eabi\include\c++\10.2.1\bits\stl_algobase.h **** 	*__first = __value;
1005:c:\program files\daisytoolchain\arm-none-eabi\include\c++\10.2.1\bits\stl_algobase.h ****       return __first;
1006:c:\program files\daisytoolchain\arm-none-eabi\include\c++\10.2.1\bits\stl_algobase.h ****     }
1007:c:\program files\daisytoolchain\arm-none-eabi\include\c++\10.2.1\bits\stl_algobase.h **** 
1008:c:\program files\daisytoolchain\arm-none-eabi\include\c++\10.2.1\bits\stl_algobase.h ****   template<typename _OutputIterator, typename _Size, typename _Tp>
1009:c:\program files\daisytoolchain\arm-none-eabi\include\c++\10.2.1\bits\stl_algobase.h ****     _GLIBCXX20_CONSTEXPR
1010:c:\program files\daisytoolchain\arm-none-eabi\include\c++\10.2.1\bits\stl_algobase.h ****     inline typename
1011:c:\program files\daisytoolchain\arm-none-eabi\include\c++\10.2.1\bits\stl_algobase.h ****     __gnu_cxx::__enable_if<__is_scalar<_Tp>::__value, _OutputIterator>::__type
1012:c:\program files\daisytoolchain\arm-none-eabi\include\c++\10.2.1\bits\stl_algobase.h ****     __fill_n_a1(_OutputIterator __first, _Size __n, const _Tp& __value)
1013:c:\program files\daisytoolchain\arm-none-eabi\include\c++\10.2.1\bits\stl_algobase.h ****     {
1014:c:\program files\daisytoolchain\arm-none-eabi\include\c++\10.2.1\bits\stl_algobase.h ****       const _Tp __tmp = __value;
1015:c:\program files\daisytoolchain\arm-none-eabi\include\c++\10.2.1\bits\stl_algobase.h ****       for (; __n > 0; --__n, (void) ++__first)
1016:c:\program files\daisytoolchain\arm-none-eabi\include\c++\10.2.1\bits\stl_algobase.h **** 	*__first = __tmp;
1017:c:\program files\daisytoolchain\arm-none-eabi\include\c++\10.2.1\bits\stl_algobase.h ****       return __first;
1018:c:\program files\daisytoolchain\arm-none-eabi\include\c++\10.2.1\bits\stl_algobase.h ****     }
1019:c:\program files\daisytoolchain\arm-none-eabi\include\c++\10.2.1\bits\stl_algobase.h **** 
1020:c:\program files\daisytoolchain\arm-none-eabi\include\c++\10.2.1\bits\stl_algobase.h ****   template<typename _Ite, typename _Seq, typename _Cat, typename _Size,
1021:c:\program files\daisytoolchain\arm-none-eabi\include\c++\10.2.1\bits\stl_algobase.h **** 	   typename _Tp>
1022:c:\program files\daisytoolchain\arm-none-eabi\include\c++\10.2.1\bits\stl_algobase.h ****     ::__gnu_debug::_Safe_iterator<_Ite, _Seq, _Cat>
1023:c:\program files\daisytoolchain\arm-none-eabi\include\c++\10.2.1\bits\stl_algobase.h ****     __fill_n_a(const ::__gnu_debug::_Safe_iterator<_Ite, _Seq, _Cat>& __first,
1024:c:\program files\daisytoolchain\arm-none-eabi\include\c++\10.2.1\bits\stl_algobase.h **** 	       _Size __n, const _Tp& __value,
1025:c:\program files\daisytoolchain\arm-none-eabi\include\c++\10.2.1\bits\stl_algobase.h **** 	       std::input_iterator_tag);
1026:c:\program files\daisytoolchain\arm-none-eabi\include\c++\10.2.1\bits\stl_algobase.h **** 
1027:c:\program files\daisytoolchain\arm-none-eabi\include\c++\10.2.1\bits\stl_algobase.h ****   template<typename _OutputIterator, typename _Size, typename _Tp>
1028:c:\program files\daisytoolchain\arm-none-eabi\include\c++\10.2.1\bits\stl_algobase.h ****     _GLIBCXX20_CONSTEXPR
1029:c:\program files\daisytoolchain\arm-none-eabi\include\c++\10.2.1\bits\stl_algobase.h ****     inline _OutputIterator
1030:c:\program files\daisytoolchain\arm-none-eabi\include\c++\10.2.1\bits\stl_algobase.h ****     __fill_n_a(_OutputIterator __first, _Size __n, const _Tp& __value,
1031:c:\program files\daisytoolchain\arm-none-eabi\include\c++\10.2.1\bits\stl_algobase.h **** 	       std::output_iterator_tag)
1032:c:\program files\daisytoolchain\arm-none-eabi\include\c++\10.2.1\bits\stl_algobase.h ****     {
1033:c:\program files\daisytoolchain\arm-none-eabi\include\c++\10.2.1\bits\stl_algobase.h **** #if __cplusplus >= 201103L
1034:c:\program files\daisytoolchain\arm-none-eabi\include\c++\10.2.1\bits\stl_algobase.h ****       static_assert(is_integral<_Size>{}, "fill_n must pass integral size");
1035:c:\program files\daisytoolchain\arm-none-eabi\include\c++\10.2.1\bits\stl_algobase.h **** #endif
1036:c:\program files\daisytoolchain\arm-none-eabi\include\c++\10.2.1\bits\stl_algobase.h ****       return __fill_n_a1(__first, __n, __value);
1037:c:\program files\daisytoolchain\arm-none-eabi\include\c++\10.2.1\bits\stl_algobase.h ****     }
1038:c:\program files\daisytoolchain\arm-none-eabi\include\c++\10.2.1\bits\stl_algobase.h **** 
1039:c:\program files\daisytoolchain\arm-none-eabi\include\c++\10.2.1\bits\stl_algobase.h ****   template<typename _OutputIterator, typename _Size, typename _Tp>
1040:c:\program files\daisytoolchain\arm-none-eabi\include\c++\10.2.1\bits\stl_algobase.h ****     _GLIBCXX20_CONSTEXPR
1041:c:\program files\daisytoolchain\arm-none-eabi\include\c++\10.2.1\bits\stl_algobase.h ****     inline _OutputIterator
1042:c:\program files\daisytoolchain\arm-none-eabi\include\c++\10.2.1\bits\stl_algobase.h ****     __fill_n_a(_OutputIterator __first, _Size __n, const _Tp& __value,
1043:c:\program files\daisytoolchain\arm-none-eabi\include\c++\10.2.1\bits\stl_algobase.h **** 	       std::input_iterator_tag)
ARM GAS  C:\Users\22bur\AppData\Local\Temp\ccvOYMxf.s 			page 25


1044:c:\program files\daisytoolchain\arm-none-eabi\include\c++\10.2.1\bits\stl_algobase.h ****     {
1045:c:\program files\daisytoolchain\arm-none-eabi\include\c++\10.2.1\bits\stl_algobase.h **** #if __cplusplus >= 201103L
1046:c:\program files\daisytoolchain\arm-none-eabi\include\c++\10.2.1\bits\stl_algobase.h ****       static_assert(is_integral<_Size>{}, "fill_n must pass integral size");
1047:c:\program files\daisytoolchain\arm-none-eabi\include\c++\10.2.1\bits\stl_algobase.h **** #endif
1048:c:\program files\daisytoolchain\arm-none-eabi\include\c++\10.2.1\bits\stl_algobase.h ****       return __fill_n_a1(__first, __n, __value);
1049:c:\program files\daisytoolchain\arm-none-eabi\include\c++\10.2.1\bits\stl_algobase.h ****     }
1050:c:\program files\daisytoolchain\arm-none-eabi\include\c++\10.2.1\bits\stl_algobase.h **** 
1051:c:\program files\daisytoolchain\arm-none-eabi\include\c++\10.2.1\bits\stl_algobase.h ****   template<typename _OutputIterator, typename _Size, typename _Tp>
1052:c:\program files\daisytoolchain\arm-none-eabi\include\c++\10.2.1\bits\stl_algobase.h ****     _GLIBCXX20_CONSTEXPR
1053:c:\program files\daisytoolchain\arm-none-eabi\include\c++\10.2.1\bits\stl_algobase.h ****     inline _OutputIterator
1054:c:\program files\daisytoolchain\arm-none-eabi\include\c++\10.2.1\bits\stl_algobase.h ****     __fill_n_a(_OutputIterator __first, _Size __n, const _Tp& __value,
1055:c:\program files\daisytoolchain\arm-none-eabi\include\c++\10.2.1\bits\stl_algobase.h **** 	       std::random_access_iterator_tag)
1056:c:\program files\daisytoolchain\arm-none-eabi\include\c++\10.2.1\bits\stl_algobase.h ****     {
1057:c:\program files\daisytoolchain\arm-none-eabi\include\c++\10.2.1\bits\stl_algobase.h **** #if __cplusplus >= 201103L
1058:c:\program files\daisytoolchain\arm-none-eabi\include\c++\10.2.1\bits\stl_algobase.h ****       static_assert(is_integral<_Size>{}, "fill_n must pass integral size");
1059:c:\program files\daisytoolchain\arm-none-eabi\include\c++\10.2.1\bits\stl_algobase.h **** #endif
1060:c:\program files\daisytoolchain\arm-none-eabi\include\c++\10.2.1\bits\stl_algobase.h ****       if (__n <= 0)
1061:c:\program files\daisytoolchain\arm-none-eabi\include\c++\10.2.1\bits\stl_algobase.h **** 	return __first;
1062:c:\program files\daisytoolchain\arm-none-eabi\include\c++\10.2.1\bits\stl_algobase.h **** 
1063:c:\program files\daisytoolchain\arm-none-eabi\include\c++\10.2.1\bits\stl_algobase.h ****       __glibcxx_requires_can_increment(__first, __n);
1064:c:\program files\daisytoolchain\arm-none-eabi\include\c++\10.2.1\bits\stl_algobase.h **** 
1065:c:\program files\daisytoolchain\arm-none-eabi\include\c++\10.2.1\bits\stl_algobase.h ****       std::__fill_a(__first, __first + __n, __value);
1066:c:\program files\daisytoolchain\arm-none-eabi\include\c++\10.2.1\bits\stl_algobase.h ****       return __first + __n;
1067:c:\program files\daisytoolchain\arm-none-eabi\include\c++\10.2.1\bits\stl_algobase.h ****     }
1068:c:\program files\daisytoolchain\arm-none-eabi\include\c++\10.2.1\bits\stl_algobase.h **** 
1069:c:\program files\daisytoolchain\arm-none-eabi\include\c++\10.2.1\bits\stl_algobase.h ****   /**
1070:c:\program files\daisytoolchain\arm-none-eabi\include\c++\10.2.1\bits\stl_algobase.h ****    *  @brief Fills the range [first,first+n) with copies of value.
1071:c:\program files\daisytoolchain\arm-none-eabi\include\c++\10.2.1\bits\stl_algobase.h ****    *  @ingroup mutating_algorithms
1072:c:\program files\daisytoolchain\arm-none-eabi\include\c++\10.2.1\bits\stl_algobase.h ****    *  @param  __first  An output iterator.
1073:c:\program files\daisytoolchain\arm-none-eabi\include\c++\10.2.1\bits\stl_algobase.h ****    *  @param  __n      The count of copies to perform.
1074:c:\program files\daisytoolchain\arm-none-eabi\include\c++\10.2.1\bits\stl_algobase.h ****    *  @param  __value  A reference-to-const of arbitrary type.
1075:c:\program files\daisytoolchain\arm-none-eabi\include\c++\10.2.1\bits\stl_algobase.h ****    *  @return   The iterator at first+n.
1076:c:\program files\daisytoolchain\arm-none-eabi\include\c++\10.2.1\bits\stl_algobase.h ****    *
1077:c:\program files\daisytoolchain\arm-none-eabi\include\c++\10.2.1\bits\stl_algobase.h ****    *  This function fills a range with copies of the same value.  For char
1078:c:\program files\daisytoolchain\arm-none-eabi\include\c++\10.2.1\bits\stl_algobase.h ****    *  types filling contiguous areas of memory, this becomes an inline call
1079:c:\program files\daisytoolchain\arm-none-eabi\include\c++\10.2.1\bits\stl_algobase.h ****    *  to @c memset or @c wmemset.
1080:c:\program files\daisytoolchain\arm-none-eabi\include\c++\10.2.1\bits\stl_algobase.h ****    *
1081:c:\program files\daisytoolchain\arm-none-eabi\include\c++\10.2.1\bits\stl_algobase.h ****    *  If @p __n is negative, the function does nothing.
1082:c:\program files\daisytoolchain\arm-none-eabi\include\c++\10.2.1\bits\stl_algobase.h ****   */
1083:c:\program files\daisytoolchain\arm-none-eabi\include\c++\10.2.1\bits\stl_algobase.h ****   // _GLIBCXX_RESOLVE_LIB_DEFECTS
1084:c:\program files\daisytoolchain\arm-none-eabi\include\c++\10.2.1\bits\stl_algobase.h ****   // DR 865. More algorithms that throw away information
1085:c:\program files\daisytoolchain\arm-none-eabi\include\c++\10.2.1\bits\stl_algobase.h ****   // DR 426. search_n(), fill_n(), and generate_n() with negative n
1086:c:\program files\daisytoolchain\arm-none-eabi\include\c++\10.2.1\bits\stl_algobase.h ****   template<typename _OI, typename _Size, typename _Tp>
1087:c:\program files\daisytoolchain\arm-none-eabi\include\c++\10.2.1\bits\stl_algobase.h ****     _GLIBCXX20_CONSTEXPR
1088:c:\program files\daisytoolchain\arm-none-eabi\include\c++\10.2.1\bits\stl_algobase.h ****     inline _OI
1089:c:\program files\daisytoolchain\arm-none-eabi\include\c++\10.2.1\bits\stl_algobase.h ****     fill_n(_OI __first, _Size __n, const _Tp& __value)
  81              		.loc 2 1089 5 is_stmt 1 view .LVU11
  82              		.loc 2 1089 5 is_stmt 0 view .LVU12
  83              	.LBE150:
  84              	.LBE136:
  85              	.LBE153:
 951:c:\program files\daisytoolchain\arm-none-eabi\include\c++\10.2.1\bits\stl_algobase.h ****   inline _GLIBCXX_CONSTEXPR long
  86              		.loc 2 951 37 is_stmt 1 view .LVU13
  87              	.LBB154:
  88              	.LBB152:
  89              	.LBB151:
  90              	.LBB147:
ARM GAS  C:\Users\22bur\AppData\Local\Temp\ccvOYMxf.s 			page 26


  91              	.LBI138:
1054:c:\program files\daisytoolchain\arm-none-eabi\include\c++\10.2.1\bits\stl_algobase.h **** 	       std::random_access_iterator_tag)
  92              		.loc 2 1054 5 view .LVU14
  93              	.LBB146:
  94              	.LBI139:
1054:c:\program files\daisytoolchain\arm-none-eabi\include\c++\10.2.1\bits\stl_algobase.h **** 	       std::random_access_iterator_tag)
  95              		.loc 2 1054 5 view .LVU15
  96              	.LBB145:
  97              	.LBI140:
 913:c:\program files\daisytoolchain\arm-none-eabi\include\c++\10.2.1\bits\stl_algobase.h ****     { std::__fill_a1(__first, __last, __value); }
  98              		.loc 2 913 5 view .LVU16
  99              	.LBB144:
 100              	.LBI141:
 868:c:\program files\daisytoolchain\arm-none-eabi\include\c++\10.2.1\bits\stl_algobase.h **** 	      const _Tp& __value)
 101              		.loc 2 868 5 view .LVU17
 102              	.LBB143:
 872:c:\program files\daisytoolchain\arm-none-eabi\include\c++\10.2.1\bits\stl_algobase.h **** 	*__first = __tmp;
 103              		.loc 2 872 22 view .LVU18
 873:c:\program files\daisytoolchain\arm-none-eabi\include\c++\10.2.1\bits\stl_algobase.h ****     }
 104              		.loc 2 873 11 is_stmt 0 view .LVU19
 105 000a 2044     		add	r0, r0, r4
 106              	.LVL3:
 873:c:\program files\daisytoolchain\arm-none-eabi\include\c++\10.2.1\bits\stl_algobase.h ****     }
 107              		.loc 2 873 11 view .LVU20
 108 000c FFF7FEFF 		bl	memset
 109              	.LVL4:
 873:c:\program files\daisytoolchain\arm-none-eabi\include\c++\10.2.1\bits\stl_algobase.h ****     }
 110              		.loc 2 873 11 view .LVU21
 111              	.LBE143:
 112              	.LBE144:
 113              	.LBE145:
 114              	.LBE146:
 115              	.LBE147:
 116              	.LBE151:
 117              	.LBE152:
  11:wavetable.cpp ****     this->num_waves = 0;
 118              		.loc 1 11 5 is_stmt 1 view .LVU22
 119              		.loc 1 11 21 is_stmt 0 view .LVU23
 120 0010 04F58032 		add	r2, r4, #65536
 121 0014 0021     		movs	r1, #0
  12:wavetable.cpp ****     this->fs = 44100.0f; // or a sensible default
 122              		.loc 1 12 14 view .LVU24
 123 0016 034B     		ldr	r3, .L4+4
 124              	.LBE154:
  13:wavetable.cpp **** }
 125              		.loc 1 13 1 view .LVU25
 126 0018 2046     		mov	r0, r4
 127              	.LBB155:
  11:wavetable.cpp ****     this->num_waves = 0;
 128              		.loc 1 11 21 view .LVU26
 129 001a 5160     		str	r1, [r2, #4]
  12:wavetable.cpp ****     this->fs = 44100.0f; // or a sensible default
 130              		.loc 1 12 5 is_stmt 1 view .LVU27
  12:wavetable.cpp ****     this->fs = 44100.0f; // or a sensible default
 131              		.loc 1 12 14 is_stmt 0 view .LVU28
 132 001c 2360     		str	r3, [r4]	@ float
 133              	.LBE155:
ARM GAS  C:\Users\22bur\AppData\Local\Temp\ccvOYMxf.s 			page 27


 134              		.loc 1 13 1 view .LVU29
 135 001e 10BD     		pop	{r4, pc}
 136              	.LVL5:
 137              	.L5:
 138              		.loc 1 13 1 view .LVU30
 139              		.align	2
 140              	.L4:
 141 0020 28000100 		.word	65576
 142 0024 00442C47 		.word	1194083328
 143              		.cfi_endproc
 144              	.LFE4727:
 146              		.global	_ZN9WavetableC1Ev
 147              		.thumb_set _ZN9WavetableC1Ev,_ZN9WavetableC2Ev
 148              		.section	.text._ZN9WavetableC2EfRKSt5arrayIS0_IfLj2048EELj8EEi,"ax",%progbits
 149              		.align	1
 150              		.p2align 2,,3
 151              		.global	_ZN9WavetableC2EfRKSt5arrayIS0_IfLj2048EELj8EEi
 152              		.syntax unified
 153              		.thumb
 154              		.thumb_func
 155              		.fpu fpv5-d16
 157              	_ZN9WavetableC2EfRKSt5arrayIS0_IfLj2048EELj8EEi:
 158              	.LVL6:
 159              	.LFB4730:
  14:wavetable.cpp **** 
  15:wavetable.cpp **** // Constructor 
  16:wavetable.cpp **** Wavetable::Wavetable(float samp_freq, const std::array<std::array<float, 2048>, 8>& wavesin, int nu
 160              		.loc 1 16 1 is_stmt 1 view -0
 161              		.cfi_startproc
 162              		@ args = 0, pretend = 0, frame = 0
 163              		@ frame_needed = 0, uses_anonymous_args = 0
 164              		.loc 1 16 1 is_stmt 0 view .LVU32
 165 0000 38B5     		push	{r3, r4, r5, lr}
 166              		.cfi_def_cfa_offset 16
 167              		.cfi_offset 3, -16
 168              		.cfi_offset 4, -12
 169              		.cfi_offset 5, -8
 170              		.cfi_offset 14, -4
 171              		.loc 1 16 1 view .LVU33
 172 0002 0446     		mov	r4, r0
 173 0004 1546     		mov	r5, r2
 174              	.LBB156:
  17:wavetable.cpp ****     fs(samp_freq),
  18:wavetable.cpp ****     waves(wavesin),
  19:wavetable.cpp ****     num_waves(num_waves),
  20:wavetable.cpp ****     phases{0.0f}
 175              		.loc 1 20 16 view .LVU34
 176 0006 A0EC010A 		vstmia.32	r0!, {s0}
 177              	.LVL7:
 178              		.loc 1 20 16 view .LVU35
 179 000a 4FF48032 		mov	r2, #65536
 180              	.LVL8:
 181              		.loc 1 20 16 view .LVU36
 182 000e FFF7FEFF 		bl	memcpy
 183              	.LVL9:
 184              		.loc 1 20 16 view .LVU37
 185 0012 04F58030 		add	r0, r4, #65536
ARM GAS  C:\Users\22bur\AppData\Local\Temp\ccvOYMxf.s 			page 28


 186 0016 2022     		movs	r2, #32
 187 0018 0021     		movs	r1, #0
 188 001a 4560     		str	r5, [r0, #4]
 189 001c 2830     		adds	r0, r0, #40
 190 001e FFF7FEFF 		bl	memset
 191              	.LVL10:
 192              	.LBE156:
  21:wavetable.cpp **** {}
 193              		.loc 1 21 2 view .LVU38
 194 0022 2046     		mov	r0, r4
 195 0024 38BD     		pop	{r3, r4, r5, pc}
 196              		.loc 1 21 2 view .LVU39
 197              		.cfi_endproc
 198              	.LFE4730:
 200              		.global	_ZN9WavetableC1EfRKSt5arrayIS0_IfLj2048EELj8EEi
 201              		.thumb_set _ZN9WavetableC1EfRKSt5arrayIS0_IfLj2048EELj8EEi,_ZN9WavetableC2EfRKSt5arrayIS0_IfLj2048
 202 0026 00BF     		.section	.text._ZN9Wavetable4InitEfRKSt5arrayIS0_IfLj2048EELj8EEi,"ax",%progbits
 203              		.align	1
 204              		.p2align 2,,3
 205              		.global	_ZN9Wavetable4InitEfRKSt5arrayIS0_IfLj2048EELj8EEi
 206              		.syntax unified
 207              		.thumb
 208              		.thumb_func
 209              		.fpu fpv5-d16
 211              	_ZN9Wavetable4InitEfRKSt5arrayIS0_IfLj2048EELj8EEi:
 212              	.LVL11:
 213              	.LFB4732:
  22:wavetable.cpp **** 
  23:wavetable.cpp **** // Initialize function
  24:wavetable.cpp **** void Wavetable::Init(float samp_freq, const std::array<std::array<float, 2048>, 8>& wavesin, int nu
 214              		.loc 1 24 108 is_stmt 1 view -0
 215              		.cfi_startproc
 216              		@ args = 0, pretend = 0, frame = 0
 217              		@ frame_needed = 0, uses_anonymous_args = 0
  25:wavetable.cpp ****     this->waves = wavesin;      // copy all 8 × 2048 samples
 218              		.loc 1 25 5 view .LVU41
  24:wavetable.cpp ****     this->waves = wavesin;      // copy all 8 × 2048 samples
 219              		.loc 1 24 108 is_stmt 0 view .LVU42
 220 0000 38B5     		push	{r3, r4, r5, lr}
 221              		.cfi_def_cfa_offset 16
 222              		.cfi_offset 3, -16
 223              		.cfi_offset 4, -12
 224              		.cfi_offset 5, -8
 225              		.cfi_offset 14, -4
 226 0002 0446     		mov	r4, r0
 227 0004 1546     		mov	r5, r2
 228              		.loc 1 25 17 view .LVU43
 229 0006 0430     		adds	r0, r0, #4
 230              	.LVL12:
 231              		.loc 1 25 17 view .LVU44
 232 0008 4FF48032 		mov	r2, #65536
 233              	.LVL13:
  24:wavetable.cpp ****     this->waves = wavesin;      // copy all 8 × 2048 samples
 234              		.loc 1 24 108 view .LVU45
 235 000c 2DED028B 		vpush.64	{d8}
 236              		.cfi_def_cfa_offset 24
 237              		.cfi_offset 80, -24
ARM GAS  C:\Users\22bur\AppData\Local\Temp\ccvOYMxf.s 			page 29


 238              		.cfi_offset 81, -20
  24:wavetable.cpp ****     this->waves = wavesin;      // copy all 8 × 2048 samples
 239              		.loc 1 24 108 view .LVU46
 240 0010 B0EE408A 		vmov.f32	s16, s0
 241              		.loc 1 25 17 view .LVU47
 242 0014 FFF7FEFF 		bl	memcpy
 243              	.LVL14:
  26:wavetable.cpp ****     this->phases.fill(0.0f);    // zero all phases
 244              		.loc 1 26 5 is_stmt 1 view .LVU48
 245              	.LBB169:
 246              	.LBI169:
 116:c:\program files\daisytoolchain\arm-none-eabi\include\c++\10.2.1\array ****       { std::fill_n(begin(), size(), __u); }
 247              		.loc 3 116 7 view .LVU49
 248              	.LBB170:
 249              	.LBI170:
 126:c:\program files\daisytoolchain\arm-none-eabi\include\c++\10.2.1\array ****       { return iterator(data()); }
 250              		.loc 3 126 7 view .LVU50
 251              	.LBB171:
 252              	.LBI171:
 253              		.loc 3 234 7 view .LVU51
 254              		.loc 3 234 7 is_stmt 0 view .LVU52
 255              	.LBE171:
 256              	.LBE170:
 257              	.LBB172:
 258              	.LBI172:
 259              		.loc 2 1089 5 is_stmt 1 view .LVU53
 260              		.loc 2 1089 5 is_stmt 0 view .LVU54
 261              	.LBE172:
 262              	.LBE169:
 951:c:\program files\daisytoolchain\arm-none-eabi\include\c++\10.2.1\bits\stl_algobase.h ****   inline _GLIBCXX_CONSTEXPR long
 263              		.loc 2 951 37 is_stmt 1 view .LVU55
 264              	.LBB179:
 265              	.LBB178:
 266              	.LBB173:
 267              	.LBI173:
1054:c:\program files\daisytoolchain\arm-none-eabi\include\c++\10.2.1\bits\stl_algobase.h **** 	       std::random_access_iterator_tag)
 268              		.loc 2 1054 5 view .LVU56
 269              	.LBB174:
 270              	.LBI174:
1054:c:\program files\daisytoolchain\arm-none-eabi\include\c++\10.2.1\bits\stl_algobase.h **** 	       std::random_access_iterator_tag)
 271              		.loc 2 1054 5 view .LVU57
 272              	.LBB175:
 273              	.LBI175:
 913:c:\program files\daisytoolchain\arm-none-eabi\include\c++\10.2.1\bits\stl_algobase.h ****     { std::__fill_a1(__first, __last, __value); }
 274              		.loc 2 913 5 view .LVU58
 275              	.LBB176:
 276              	.LBI176:
 868:c:\program files\daisytoolchain\arm-none-eabi\include\c++\10.2.1\bits\stl_algobase.h **** 	      const _Tp& __value)
 277              		.loc 2 868 5 view .LVU59
 278              	.LBB177:
 872:c:\program files\daisytoolchain\arm-none-eabi\include\c++\10.2.1\bits\stl_algobase.h **** 	*__first = __tmp;
 279              		.loc 2 872 22 view .LVU60
 873:c:\program files\daisytoolchain\arm-none-eabi\include\c++\10.2.1\bits\stl_algobase.h ****     }
 280              		.loc 2 873 11 is_stmt 0 view .LVU61
 281 0018 0648     		ldr	r0, .L10
 282 001a 2022     		movs	r2, #32
 283 001c 0021     		movs	r1, #0
ARM GAS  C:\Users\22bur\AppData\Local\Temp\ccvOYMxf.s 			page 30


 284 001e 2044     		add	r0, r0, r4
 285              	.LVL15:
 873:c:\program files\daisytoolchain\arm-none-eabi\include\c++\10.2.1\bits\stl_algobase.h ****     }
 286              		.loc 2 873 11 view .LVU62
 287 0020 FFF7FEFF 		bl	memset
 288              	.LVL16:
 873:c:\program files\daisytoolchain\arm-none-eabi\include\c++\10.2.1\bits\stl_algobase.h ****     }
 289              		.loc 2 873 11 view .LVU63
 290              	.LBE177:
 291              	.LBE176:
 292              	.LBE175:
 293              	.LBE174:
 294              	.LBE173:
 295              	.LBE178:
 296              	.LBE179:
  27:wavetable.cpp ****     this->num_waves = num_waves;
 297              		.loc 1 27 5 is_stmt 1 view .LVU64
 298              		.loc 1 27 21 is_stmt 0 view .LVU65
 299 0024 04F58033 		add	r3, r4, #65536
 300 0028 5D60     		str	r5, [r3, #4]
  28:wavetable.cpp ****     this->fs = samp_freq;
 301              		.loc 1 28 5 is_stmt 1 view .LVU66
 302              		.loc 1 28 14 is_stmt 0 view .LVU67
 303 002a 84ED008A 		vstr.32	s16, [r4]
  29:wavetable.cpp **** }
 304              		.loc 1 29 1 view .LVU68
 305 002e BDEC028B 		vldm	sp!, {d8}
 306              		.cfi_restore 80
 307              		.cfi_restore 81
 308              		.cfi_def_cfa_offset 16
 309              	.LVL17:
 310              		.loc 1 29 1 view .LVU69
 311 0032 38BD     		pop	{r3, r4, r5, pc}
 312              	.LVL18:
 313              	.L11:
 314              		.loc 1 29 1 view .LVU70
 315              		.align	2
 316              	.L10:
 317 0034 28000100 		.word	65576
 318              		.cfi_endproc
 319              	.LFE4732:
 321              		.section	.text._ZN9Wavetable7ProcessEh,"ax",%progbits
 322              		.align	1
 323              		.p2align 2,,3
 324              		.global	_ZN9Wavetable7ProcessEh
 325              		.syntax unified
 326              		.thumb
 327              		.thumb_func
 328              		.fpu fpv5-d16
 330              	_ZN9Wavetable7ProcessEh:
 331              	.LVL19:
 332              	.LFB4733:
  30:wavetable.cpp **** 
  31:wavetable.cpp **** // Processes the selected oscillator by 1 sample at a target frequency and target wavetable index
  32:wavetable.cpp **** float Wavetable::Process(uint8_t osc){
 333              		.loc 1 32 38 is_stmt 1 view -0
 334              		.cfi_startproc
ARM GAS  C:\Users\22bur\AppData\Local\Temp\ccvOYMxf.s 			page 31


 335              		@ args = 0, pretend = 0, frame = 0
 336              		@ frame_needed = 0, uses_anonymous_args = 0
  33:wavetable.cpp ****     float out;                                      // for the output sample
 337              		.loc 1 33 5 view .LVU72
  34:wavetable.cpp ****     float dt = frequencies[osc] * 2048.0 / fs;      // time difference between samples
 338              		.loc 1 34 5 view .LVU73
 339 0000 00EB8101 		add	r1, r0, r1, lsl #2
 340              	.LVL20:
 341              		.loc 1 34 44 is_stmt 0 view .LVU74
 342 0004 90ED004A 		vldr.32	s8, [r0]
  35:wavetable.cpp **** 
  36:wavetable.cpp ****     // finds indicies and weights 
  37:wavetable.cpp ****     uint8_t wave1 = (int)indicies[osc];           // closest wave to the left
  38:wavetable.cpp ****     uint8_t wave2 = wave1 + 1;                      // closest wave to the right
  39:wavetable.cpp ****     if (wave2 >= num_waves){ wave2 = 0; }           // wrap to beginning
 343              		.loc 1 39 18 view .LVU75
 344 0008 00F58033 		add	r3, r0, #65536
  34:wavetable.cpp ****     float dt = frequencies[osc] * 2048.0 / fs;      // time difference between samples
 345              		.loc 1 34 33 view .LVU76
 346 000c 01F58031 		add	r1, r1, #65536
  34:wavetable.cpp ****     float dt = frequencies[osc] * 2048.0 / fs;      // time difference between samples
 347              		.loc 1 34 44 view .LVU77
 348 0010 B7EEC44A 		vcvt.f64.f32	d4, s8
 349              		.loc 1 39 5 view .LVU78
 350 0014 5A68     		ldr	r2, [r3, #4]
  34:wavetable.cpp ****     float dt = frequencies[osc] * 2048.0 / fs;      // time difference between samples
 351              		.loc 1 34 33 view .LVU79
 352 0016 91ED025A 		vldr.32	s10, [r1, #8]
  37:wavetable.cpp ****     uint8_t wave2 = wave1 + 1;                      // closest wave to the right
 353              		.loc 1 37 21 view .LVU80
 354 001a D1ED127A 		vldr.32	s15, [r1, #72]
  34:wavetable.cpp ****     float dt = frequencies[osc] * 2048.0 / fs;      // time difference between samples
 355              		.loc 1 34 33 view .LVU81
 356 001e B7EEC55A 		vcvt.f64.f32	d5, s10
  37:wavetable.cpp ****     uint8_t wave2 = wave1 + 1;                      // closest wave to the right
 357              		.loc 1 37 21 view .LVU82
 358 0022 BDEEE77A 		vcvt.s32.f32	s14, s15
  34:wavetable.cpp ****     float dt = frequencies[osc] * 2048.0 / fs;      // time difference between samples
 359              		.loc 1 34 33 view .LVU83
 360 0026 9FED346B 		vldr.64	d6, .L20
  37:wavetable.cpp ****     uint8_t wave2 = wave1 + 1;                      // closest wave to the right
 361              		.loc 1 37 21 view .LVU84
 362 002a 17EE10CA 		vmov	ip, s14	@ int
  34:wavetable.cpp ****     float dt = frequencies[osc] * 2048.0 / fs;      // time difference between samples
 363              		.loc 1 34 33 view .LVU85
 364 002e 25EE065B 		vmul.f64	d5, d5, d6
  38:wavetable.cpp ****     if (wave2 >= num_waves){ wave2 = 0; }           // wrap to beginning
 365              		.loc 1 38 13 view .LVU86
 366 0032 0CF10103 		add	r3, ip, #1
 367 0036 DBB2     		uxtb	r3, r3
 368              		.loc 1 39 5 view .LVU87
 369 0038 9342     		cmp	r3, r2
  34:wavetable.cpp **** 
 370              		.loc 1 34 42 view .LVU88
 371 003a 85EE046B 		vdiv.f64	d6, d5, d4
  40:wavetable.cpp ****     float weight = daisysp::fastmod1f(indicies[osc]);       // weight between the two waves
  41:wavetable.cpp ****     
ARM GAS  C:\Users\22bur\AppData\Local\Temp\ccvOYMxf.s 			page 32


  42:wavetable.cpp ****     // for interpolating between samples in a wave
  43:wavetable.cpp ****     float phase = phases[osc];                      // Which oscillator are we using 
 372              		.loc 1 43 29 view .LVU89
 373 003e D1ED0A5A 		vldr.32	s11, [r1, #40]
 374 0042 B4BF     		ite	lt
 375 0044 5B03     		lsllt	r3, r3, #13
 376 0046 0023     		movge	r3, #0
  44:wavetable.cpp ****     uint16_t i = (int)phase;                      // closest sample to left
 377              		.loc 1 44 18 view .LVU90
 378 0048 BDEEE57A 		vcvt.s32.f32	s14, s11
  32:wavetable.cpp ****     float out;                                      // for the output sample
 379              		.loc 1 32 38 view .LVU91
 380 004c 00B5     		push	{lr}
 381              		.cfi_def_cfa_offset 4
 382              		.cfi_offset 14, -4
 383              		.loc 1 44 14 view .LVU92
 384 004e 17EE102A 		vmov	r2, s14	@ int
 385              	.LBB180:
 386              	.LBB181:
 387              		.file 4 "../DaisyExamples/DaisySP/Source/Utility/dsp.h"
   1:../DaisyExamples/DaisySP/Source/Utility/dsp.h **** /*
   2:../DaisyExamples/DaisySP/Source/Utility/dsp.h **** Copyright (c) 2020 Electrosmith, Corp, Emilie Gillet
   3:../DaisyExamples/DaisySP/Source/Utility/dsp.h **** 
   4:../DaisyExamples/DaisySP/Source/Utility/dsp.h **** Use of this source code is governed by an MIT-style
   5:../DaisyExamples/DaisySP/Source/Utility/dsp.h **** license that can be found in the LICENSE file or at
   6:../DaisyExamples/DaisySP/Source/Utility/dsp.h **** https://opensource.org/licenses/MIT.
   7:../DaisyExamples/DaisySP/Source/Utility/dsp.h **** */
   8:../DaisyExamples/DaisySP/Source/Utility/dsp.h **** 
   9:../DaisyExamples/DaisySP/Source/Utility/dsp.h **** /** Helpful defines, functions, and other utilities for use in/with daisysp modules.
  10:../DaisyExamples/DaisySP/Source/Utility/dsp.h **** */
  11:../DaisyExamples/DaisySP/Source/Utility/dsp.h **** #pragma once
  12:../DaisyExamples/DaisySP/Source/Utility/dsp.h **** #ifndef DSY_CORE_DSP
  13:../DaisyExamples/DaisySP/Source/Utility/dsp.h **** #define DSY_CORE_DSP
  14:../DaisyExamples/DaisySP/Source/Utility/dsp.h **** #include <cassert>
  15:../DaisyExamples/DaisySP/Source/Utility/dsp.h **** #include <cstdint>
  16:../DaisyExamples/DaisySP/Source/Utility/dsp.h **** #include <random>
  17:../DaisyExamples/DaisySP/Source/Utility/dsp.h **** #include <cmath>
  18:../DaisyExamples/DaisySP/Source/Utility/dsp.h **** 
  19:../DaisyExamples/DaisySP/Source/Utility/dsp.h **** /** PIs
  20:../DaisyExamples/DaisySP/Source/Utility/dsp.h **** */
  21:../DaisyExamples/DaisySP/Source/Utility/dsp.h **** #define PI_F 3.1415927410125732421875f
  22:../DaisyExamples/DaisySP/Source/Utility/dsp.h **** #define TWOPI_F (2.0f * PI_F)
  23:../DaisyExamples/DaisySP/Source/Utility/dsp.h **** #define HALFPI_F (PI_F * 0.5f)
  24:../DaisyExamples/DaisySP/Source/Utility/dsp.h **** #define DSY_MIN(in, mn) (in < mn ? in : mn)
  25:../DaisyExamples/DaisySP/Source/Utility/dsp.h **** #define DSY_MAX(in, mx) (in > mx ? in : mx)
  26:../DaisyExamples/DaisySP/Source/Utility/dsp.h **** #define DSY_CLAMP(in, mn, mx) (DSY_MIN(DSY_MAX(in, mn), mx))
  27:../DaisyExamples/DaisySP/Source/Utility/dsp.h **** #define DSY_COUNTOF(_arr) (sizeof(_arr) / sizeof(_arr[0]))
  28:../DaisyExamples/DaisySP/Source/Utility/dsp.h **** 
  29:../DaisyExamples/DaisySP/Source/Utility/dsp.h **** namespace daisysp
  30:../DaisyExamples/DaisySP/Source/Utility/dsp.h **** {
  31:../DaisyExamples/DaisySP/Source/Utility/dsp.h **** //Avoids division for random floats. e.g. rand() * kRandFrac
  32:../DaisyExamples/DaisySP/Source/Utility/dsp.h **** static constexpr float kRandFrac = 1.f / (float)RAND_MAX;
  33:../DaisyExamples/DaisySP/Source/Utility/dsp.h **** 
  34:../DaisyExamples/DaisySP/Source/Utility/dsp.h **** //Convert from semitones to other units. e.g. 2 ^ (kOneTwelfth * x)
  35:../DaisyExamples/DaisySP/Source/Utility/dsp.h **** static constexpr float kOneTwelfth = 1.f / 12.f;
  36:../DaisyExamples/DaisySP/Source/Utility/dsp.h **** 
  37:../DaisyExamples/DaisySP/Source/Utility/dsp.h **** /** efficient floating point min/max
ARM GAS  C:\Users\22bur\AppData\Local\Temp\ccvOYMxf.s 			page 33


  38:../DaisyExamples/DaisySP/Source/Utility/dsp.h **** c/o stephen mccaul
  39:../DaisyExamples/DaisySP/Source/Utility/dsp.h **** */
  40:../DaisyExamples/DaisySP/Source/Utility/dsp.h **** inline float fmax(float a, float b)
  41:../DaisyExamples/DaisySP/Source/Utility/dsp.h **** {
  42:../DaisyExamples/DaisySP/Source/Utility/dsp.h ****     float r;
  43:../DaisyExamples/DaisySP/Source/Utility/dsp.h **** #ifdef __arm__
  44:../DaisyExamples/DaisySP/Source/Utility/dsp.h ****     asm("vmaxnm.f32 %[d], %[n], %[m]" : [d] "=t"(r) : [n] "t"(a), [m] "t"(b) :);
  45:../DaisyExamples/DaisySP/Source/Utility/dsp.h **** #else
  46:../DaisyExamples/DaisySP/Source/Utility/dsp.h ****     r = (a > b) ? a : b;
  47:../DaisyExamples/DaisySP/Source/Utility/dsp.h **** #endif // __arm__
  48:../DaisyExamples/DaisySP/Source/Utility/dsp.h ****     return r;
  49:../DaisyExamples/DaisySP/Source/Utility/dsp.h **** }
  50:../DaisyExamples/DaisySP/Source/Utility/dsp.h **** 
  51:../DaisyExamples/DaisySP/Source/Utility/dsp.h **** inline float fmin(float a, float b)
  52:../DaisyExamples/DaisySP/Source/Utility/dsp.h **** {
  53:../DaisyExamples/DaisySP/Source/Utility/dsp.h ****     float r;
  54:../DaisyExamples/DaisySP/Source/Utility/dsp.h **** #ifdef __arm__
  55:../DaisyExamples/DaisySP/Source/Utility/dsp.h ****     asm("vminnm.f32 %[d], %[n], %[m]" : [d] "=t"(r) : [n] "t"(a), [m] "t"(b) :);
  56:../DaisyExamples/DaisySP/Source/Utility/dsp.h **** #else
  57:../DaisyExamples/DaisySP/Source/Utility/dsp.h ****     r = (a < b) ? a : b;
  58:../DaisyExamples/DaisySP/Source/Utility/dsp.h **** #endif // __arm__
  59:../DaisyExamples/DaisySP/Source/Utility/dsp.h ****     return r;
  60:../DaisyExamples/DaisySP/Source/Utility/dsp.h **** }
  61:../DaisyExamples/DaisySP/Source/Utility/dsp.h **** 
  62:../DaisyExamples/DaisySP/Source/Utility/dsp.h **** /** quick fp clamp
  63:../DaisyExamples/DaisySP/Source/Utility/dsp.h **** */
  64:../DaisyExamples/DaisySP/Source/Utility/dsp.h **** inline float fclamp(float in, float min, float max)
  65:../DaisyExamples/DaisySP/Source/Utility/dsp.h **** {
  66:../DaisyExamples/DaisySP/Source/Utility/dsp.h ****     return fmin(fmax(in, min), max);
  67:../DaisyExamples/DaisySP/Source/Utility/dsp.h **** }
  68:../DaisyExamples/DaisySP/Source/Utility/dsp.h **** 
  69:../DaisyExamples/DaisySP/Source/Utility/dsp.h **** /** From Musicdsp.org "Fast power and root estimates for 32bit floats)
  70:../DaisyExamples/DaisySP/Source/Utility/dsp.h **** Original code by Stefan Stenzel
  71:../DaisyExamples/DaisySP/Source/Utility/dsp.h **** These are approximations
  72:../DaisyExamples/DaisySP/Source/Utility/dsp.h **** */
  73:../DaisyExamples/DaisySP/Source/Utility/dsp.h **** inline float fastpower(float f, int n)
  74:../DaisyExamples/DaisySP/Source/Utility/dsp.h **** {
  75:../DaisyExamples/DaisySP/Source/Utility/dsp.h ****     long *lp, l;
  76:../DaisyExamples/DaisySP/Source/Utility/dsp.h ****     lp = (long *)(&f);
  77:../DaisyExamples/DaisySP/Source/Utility/dsp.h ****     l  = *lp;
  78:../DaisyExamples/DaisySP/Source/Utility/dsp.h ****     l -= 0x3F800000;
  79:../DaisyExamples/DaisySP/Source/Utility/dsp.h ****     l <<= (n - 1);
  80:../DaisyExamples/DaisySP/Source/Utility/dsp.h ****     l += 0x3F800000;
  81:../DaisyExamples/DaisySP/Source/Utility/dsp.h ****     *lp = l;
  82:../DaisyExamples/DaisySP/Source/Utility/dsp.h ****     return f;
  83:../DaisyExamples/DaisySP/Source/Utility/dsp.h **** }
  84:../DaisyExamples/DaisySP/Source/Utility/dsp.h **** 
  85:../DaisyExamples/DaisySP/Source/Utility/dsp.h **** inline float fastroot(float f, int n)
  86:../DaisyExamples/DaisySP/Source/Utility/dsp.h **** {
  87:../DaisyExamples/DaisySP/Source/Utility/dsp.h ****     long *lp, l;
  88:../DaisyExamples/DaisySP/Source/Utility/dsp.h ****     lp = (long *)(&f);
  89:../DaisyExamples/DaisySP/Source/Utility/dsp.h ****     l  = *lp;
  90:../DaisyExamples/DaisySP/Source/Utility/dsp.h ****     l -= 0x3F800000;
  91:../DaisyExamples/DaisySP/Source/Utility/dsp.h ****     l >>= (n - 1);
  92:../DaisyExamples/DaisySP/Source/Utility/dsp.h ****     l += 0x3F800000;
  93:../DaisyExamples/DaisySP/Source/Utility/dsp.h ****     *lp = l;
  94:../DaisyExamples/DaisySP/Source/Utility/dsp.h ****     return f;
ARM GAS  C:\Users\22bur\AppData\Local\Temp\ccvOYMxf.s 			page 34


  95:../DaisyExamples/DaisySP/Source/Utility/dsp.h **** }
  96:../DaisyExamples/DaisySP/Source/Utility/dsp.h **** 
  97:../DaisyExamples/DaisySP/Source/Utility/dsp.h **** /** Significantly more efficient than fmodf(x, 1.0f) for calculating
  98:../DaisyExamples/DaisySP/Source/Utility/dsp.h ****  *  the decimal part of a floating point value.
  99:../DaisyExamples/DaisySP/Source/Utility/dsp.h ****  */
 100:../DaisyExamples/DaisySP/Source/Utility/dsp.h **** inline float fastmod1f(float x)
 101:../DaisyExamples/DaisySP/Source/Utility/dsp.h **** {
 102:../DaisyExamples/DaisySP/Source/Utility/dsp.h ****     return x - static_cast<int>(x);
 388              		.loc 4 102 14 view .LVU93
 389 0052 B8EEC70A 		vcvt.f32.s32	s0, s14
 390              	.LBE181:
 391              	.LBE180:
 392              		.loc 1 44 14 view .LVU94
 393 0056 1FFA82FE 		uxth	lr, r2
 394              	.LBB184:
 395              	.LBB182:
 396              		.loc 4 102 34 view .LVU95
 397 005a 35EEC00A 		vsub.f32	s0, s11, s0
 398              	.LBE182:
 399              	.LBE184:
  45:wavetable.cpp ****     uint16_t i_next = i + 1;                        // closest sample to the right
 400              		.loc 1 45 14 view .LVU96
 401 005e 0EF10102 		add	r2, lr, #1
 402 0062 92B2     		uxth	r2, r2
  46:wavetable.cpp ****     float i_weight = daisysp::fastmod1f(phase);     // distance from the left sample
  47:wavetable.cpp ****     if(i_next >= 2048){ i_next -= 2048;}            // wrap if needed
 403              		.loc 1 47 5 view .LVU97
 404 0064 B2F5006F 		cmp	r2, #2048
  34:wavetable.cpp **** 
 405              		.loc 1 34 44 view .LVU98
 406 0068 B7EEC66B 		vcvt.f32.f64	s12, d6
 407              	.LVL21:
  37:wavetable.cpp ****     uint8_t wave2 = wave1 + 1;                      // closest wave to the right
 408              		.loc 1 37 5 is_stmt 1 view .LVU99
  38:wavetable.cpp ****     if (wave2 >= num_waves){ wave2 = 0; }           // wrap to beginning
 409              		.loc 1 38 5 view .LVU100
  39:wavetable.cpp ****     float weight = daisysp::fastmod1f(indicies[osc]);       // weight between the two waves
 410              		.loc 1 39 5 view .LVU101
  40:wavetable.cpp ****     
 411              		.loc 1 40 5 view .LVU102
 412              	.LBB185:
 413              	.LBI185:
 100:../DaisyExamples/DaisySP/Source/Utility/dsp.h **** {
 414              		.loc 4 100 14 view .LVU103
 415              	.LBB186:
 416              		.loc 4 102 5 view .LVU104
 417              		.loc 4 102 34 is_stmt 0 view .LVU105
 418 006c 06EE90CA 		vmov	s13, ip	@ int
 419 0070 F8EEE66A 		vcvt.f32.s32	s13, s13
 420 0074 77EEE67A 		vsub.f32	s15, s15, s13
 421              	.LVL22:
 422              		.loc 4 102 34 view .LVU106
 423              	.LBE186:
 424              	.LBE185:
  43:wavetable.cpp ****     uint16_t i = (int)phase;                      // closest sample to left
 425              		.loc 1 43 5 is_stmt 1 view .LVU107
  44:wavetable.cpp ****     uint16_t i_next = i + 1;                        // closest sample to the right
ARM GAS  C:\Users\22bur\AppData\Local\Temp\ccvOYMxf.s 			page 35


 426              		.loc 1 44 5 view .LVU108
  45:wavetable.cpp ****     float i_weight = daisysp::fastmod1f(phase);     // distance from the left sample
 427              		.loc 1 45 5 view .LVU109
  46:wavetable.cpp ****     if(i_next >= 2048){ i_next -= 2048;}            // wrap if needed
 428              		.loc 1 46 5 view .LVU110
 429              	.LBB187:
 430              	.LBI180:
 100:../DaisyExamples/DaisySP/Source/Utility/dsp.h **** {
 431              		.loc 4 100 14 view .LVU111
 432              	.LBB183:
 433              		.loc 4 102 5 view .LVU112
 434              		.loc 4 102 5 is_stmt 0 view .LVU113
 435              	.LBE183:
 436              	.LBE187:
 437              		.loc 1 47 5 is_stmt 1 view .LVU114
 438 0078 02D3     		bcc	.L14
 439              		.loc 1 47 25 discriminator 1 view .LVU115
 440              		.loc 1 47 32 is_stmt 0 discriminator 1 view .LVU116
 441 007a AEF2FF72 		subw	r2, lr, #2047
 442              	.LVL23:
 443              		.loc 1 47 32 discriminator 1 view .LVU117
 444 007e 92B2     		uxth	r2, r2
 445              	.LVL24:
 446              	.L14:
  48:wavetable.cpp **** 
  49:wavetable.cpp ****     float fl1 = waves[wave1][i];    
 447              		.loc 1 49 5 is_stmt 1 view .LVU118
 448              	.LBB188:
 449              	.LBI188:
 185:c:\program files\daisytoolchain\arm-none-eabi\include\c++\10.2.1\array ****       { return _AT_Type::_S_ref(_M_elems, __n); }
 450              		.loc 3 185 7 view .LVU119
 451              	.LBB189:
 452              	.LBI189:
  55:c:\program files\daisytoolchain\arm-none-eabi\include\c++\10.2.1\array ****       { return const_cast<_Tp&>(__t[__n]); }
 453              		.loc 3 55 7 view .LVU120
 454 0080 0430     		adds	r0, r0, #4
 455              	.LVL25:
  55:c:\program files\daisytoolchain\arm-none-eabi\include\c++\10.2.1\array ****       { return const_cast<_Tp&>(__t[__n]); }
 456              		.loc 3 55 7 is_stmt 0 view .LVU121
 457              	.LBE189:
 458              	.LBE188:
 459              		.loc 1 49 28 view .LVU122
 460 0082 5FFA8CFC 		uxtb	ip, ip
 461              	.LVL26:
  50:wavetable.cpp ****     float ce1 = waves[wave1][i_next];
  51:wavetable.cpp ****     float fl2 = waves[wave2][i];        
  52:wavetable.cpp ****     float ce2 = waves[wave2][i_next];
  53:wavetable.cpp **** 
  54:wavetable.cpp ****     float fl = (1-weight) * fl1 + weight * fl2;
 462              		.loc 1 54 18 view .LVU123
 463 0086 F7EE006A 		vmov.f32	s13, #1.0e+0
  55:wavetable.cpp ****     float ce = (1-weight) * ce1 + weight * ce2;
  56:wavetable.cpp **** 
  57:wavetable.cpp ****     out = (1 - i_weight) * fl + i_weight * ce;
  58:wavetable.cpp **** 
  59:wavetable.cpp ****     phase += dt;
  60:wavetable.cpp ****     if(phase >= 2048.0f){ phase -= 2048.0f; }
ARM GAS  C:\Users\22bur\AppData\Local\Temp\ccvOYMxf.s 			page 36


 464              		.loc 1 60 5 view .LVU124
 465 008a 9FED1D5A 		vldr.32	s10, .L20+8
 466              	.LBB192:
 467              	.LBB193:
 468              	.LBB194:
  56:c:\program files\daisytoolchain\arm-none-eabi\include\c++\10.2.1\array **** 
 469              		.loc 3 56 41 view .LVU125
 470 008e 0344     		add	r3, r3, r0
 471              	.LBE194:
 472              	.LBE193:
 473              	.LBE192:
 474              	.LBB196:
 475              	.LBB191:
 476              	.LBB190:
 477 0090 00EB4C30 		add	r0, r0, ip, lsl #13
 478              	.LVL27:
  56:c:\program files\daisytoolchain\arm-none-eabi\include\c++\10.2.1\array **** 
 479              		.loc 3 56 41 view .LVU126
 480              	.LBE190:
 481              	.LBE191:
 482              	.LBE196:
  49:wavetable.cpp ****     float ce1 = waves[wave1][i_next];
 483              		.loc 1 49 31 view .LVU127
 484 0094 17EE10CA 		vmov	ip, s14	@ int
 485              	.LVL28:
  59:wavetable.cpp ****     if(phase >= 2048.0f){ phase -= 2048.0f; }
 486              		.loc 1 59 11 view .LVU128
 487 0098 36EE256A 		vadd.f32	s12, s12, s11
 488              	.LVL29:
  52:wavetable.cpp **** 
 489              		.loc 1 52 36 view .LVU129
 490 009c 03EB820E 		add	lr, r3, r2, lsl #2
 491              	.LVL30:
  54:wavetable.cpp ****     float ce = (1-weight) * ce1 + weight * ce2;
 492              		.loc 1 54 18 view .LVU130
 493 00a0 76EEE75A 		vsub.f32	s11, s13, s15
 494              	.LVL31:
  49:wavetable.cpp ****     float ce1 = waves[wave1][i_next];
 495              		.loc 1 49 31 view .LVU131
 496 00a4 1FFA8CFC 		uxth	ip, ip
 497              	.LVL32:
 498              	.LBB197:
 499              	.LBI197:
 185:c:\program files\daisytoolchain\arm-none-eabi\include\c++\10.2.1\array ****       { return _AT_Type::_S_ref(_M_elems, __n); }
 500              		.loc 3 185 7 is_stmt 1 view .LVU132
 501              	.LBB198:
 502              	.LBI198:
  55:c:\program files\daisytoolchain\arm-none-eabi\include\c++\10.2.1\array ****       { return const_cast<_Tp&>(__t[__n]); }
 503              		.loc 3 55 7 view .LVU133
  55:c:\program files\daisytoolchain\arm-none-eabi\include\c++\10.2.1\array ****       { return const_cast<_Tp&>(__t[__n]); }
 504              		.loc 3 55 7 is_stmt 0 view .LVU134
 505              	.LBE198:
 506              	.LBE197:
  50:wavetable.cpp ****     float fl2 = waves[wave2][i];        
 507              		.loc 1 50 5 is_stmt 1 view .LVU135
 508              	.LBB199:
 509              	.LBI199:
ARM GAS  C:\Users\22bur\AppData\Local\Temp\ccvOYMxf.s 			page 37


 185:c:\program files\daisytoolchain\arm-none-eabi\include\c++\10.2.1\array ****       { return _AT_Type::_S_ref(_M_elems, __n); }
 510              		.loc 3 185 7 view .LVU136
 511              	.LBB200:
 512              	.LBI200:
  55:c:\program files\daisytoolchain\arm-none-eabi\include\c++\10.2.1\array ****       { return const_cast<_Tp&>(__t[__n]); }
 513              		.loc 3 55 7 view .LVU137
  55:c:\program files\daisytoolchain\arm-none-eabi\include\c++\10.2.1\array ****       { return const_cast<_Tp&>(__t[__n]); }
 514              		.loc 3 55 7 is_stmt 0 view .LVU138
 515              	.LBE200:
 516              	.LBE199:
  57:wavetable.cpp **** 
 517              		.loc 1 57 14 view .LVU139
 518 00a8 76EEC06A 		vsub.f32	s13, s13, s0
  52:wavetable.cpp **** 
 519              		.loc 1 52 36 view .LVU140
 520 00ac 9EED007A 		vldr.32	s14, [lr]
 521              	.LVL33:
  50:wavetable.cpp ****     float fl2 = waves[wave2][i];        
 522              		.loc 1 50 36 view .LVU141
 523 00b0 00EB8202 		add	r2, r0, r2, lsl #2
 524              	.LVL34:
  51:wavetable.cpp ****     float ce2 = waves[wave2][i_next];
 525              		.loc 1 51 31 view .LVU142
 526 00b4 03EB8C03 		add	r3, r3, ip, lsl #2
 527              		.loc 1 60 5 view .LVU143
 528 00b8 B4EEC56A 		vcmpe.f32	s12, s10
  55:wavetable.cpp **** 
 529              		.loc 1 55 42 view .LVU144
 530 00bc 27EE877A 		vmul.f32	s14, s15, s14
  50:wavetable.cpp ****     float fl2 = waves[wave2][i];        
 531              		.loc 1 50 36 view .LVU145
 532 00c0 D2ED003A 		vldr.32	s7, [r2]
 533              	.LVL35:
  51:wavetable.cpp ****     float ce2 = waves[wave2][i_next];
 534              		.loc 1 51 5 is_stmt 1 view .LVU146
 535              	.LBB201:
 536              	.LBI192:
 185:c:\program files\daisytoolchain\arm-none-eabi\include\c++\10.2.1\array ****       { return _AT_Type::_S_ref(_M_elems, __n); }
 537              		.loc 3 185 7 view .LVU147
 538              	.LBB195:
 539              	.LBI193:
  55:c:\program files\daisytoolchain\arm-none-eabi\include\c++\10.2.1\array ****       { return const_cast<_Tp&>(__t[__n]); }
 540              		.loc 3 55 7 view .LVU148
  55:c:\program files\daisytoolchain\arm-none-eabi\include\c++\10.2.1\array ****       { return const_cast<_Tp&>(__t[__n]); }
 541              		.loc 3 55 7 is_stmt 0 view .LVU149
 542              	.LBE195:
 543              	.LBE201:
 544              	.LBB202:
 545              	.LBI202:
 185:c:\program files\daisytoolchain\arm-none-eabi\include\c++\10.2.1\array ****       { return _AT_Type::_S_ref(_M_elems, __n); }
 546              		.loc 3 185 7 is_stmt 1 view .LVU150
 547              	.LBB203:
 548              	.LBI203:
  55:c:\program files\daisytoolchain\arm-none-eabi\include\c++\10.2.1\array ****       { return const_cast<_Tp&>(__t[__n]); }
 549              		.loc 3 55 7 view .LVU151
  55:c:\program files\daisytoolchain\arm-none-eabi\include\c++\10.2.1\array ****       { return const_cast<_Tp&>(__t[__n]); }
 550              		.loc 3 55 7 is_stmt 0 view .LVU152
ARM GAS  C:\Users\22bur\AppData\Local\Temp\ccvOYMxf.s 			page 38


 551              	.LBE203:
 552              	.LBE202:
  52:wavetable.cpp **** 
 553              		.loc 1 52 5 is_stmt 1 view .LVU153
 554              	.LBB204:
 555              	.LBI204:
 185:c:\program files\daisytoolchain\arm-none-eabi\include\c++\10.2.1\array ****       { return _AT_Type::_S_ref(_M_elems, __n); }
 556              		.loc 3 185 7 view .LVU154
 557              	.LBB205:
 558              	.LBI205:
  55:c:\program files\daisytoolchain\arm-none-eabi\include\c++\10.2.1\array ****       { return const_cast<_Tp&>(__t[__n]); }
 559              		.loc 3 55 7 view .LVU155
  55:c:\program files\daisytoolchain\arm-none-eabi\include\c++\10.2.1\array ****       { return const_cast<_Tp&>(__t[__n]); }
 560              		.loc 3 55 7 is_stmt 0 view .LVU156
 561              	.LBE205:
 562              	.LBE204:
  54:wavetable.cpp ****     float ce = (1-weight) * ce1 + weight * ce2;
 563              		.loc 1 54 5 is_stmt 1 view .LVU157
  54:wavetable.cpp ****     float ce = (1-weight) * ce1 + weight * ce2;
 564              		.loc 1 54 42 is_stmt 0 view .LVU158
 565 00c4 93ED004A 		vldr.32	s8, [r3]
 566              	.LVL36:
  49:wavetable.cpp ****     float ce1 = waves[wave1][i_next];
 567              		.loc 1 49 31 view .LVU159
 568 00c8 00EB8C00 		add	r0, r0, ip, lsl #2
 569              	.LVL37:
 570              		.loc 1 60 5 view .LVU160
 571 00cc F1EE10FA 		vmrs	APSR_nzcv, FPSCR
  55:wavetable.cpp **** 
 572              		.loc 1 55 11 view .LVU161
 573 00d0 A5EEA37A 		vfma.f32	s14, s11, s7
  54:wavetable.cpp ****     float ce = (1-weight) * ce1 + weight * ce2;
 574              		.loc 1 54 11 view .LVU162
 575 00d4 D0ED004A 		vldr.32	s9, [r0]
  54:wavetable.cpp ****     float ce = (1-weight) * ce1 + weight * ce2;
 576              		.loc 1 54 42 view .LVU163
 577 00d8 67EE847A 		vmul.f32	s15, s15, s8
 578              	.LVL38:
 579              		.loc 1 60 33 view .LVU164
 580 00dc A8BF     		it	ge
 581 00de 36EE456A 		vsubge.f32	s12, s12, s10
  54:wavetable.cpp ****     float ce = (1-weight) * ce1 + weight * ce2;
 582              		.loc 1 54 11 view .LVU165
 583 00e2 E5EEA47A 		vfma.f32	s15, s11, s9
 584              	.LVL39:
  55:wavetable.cpp **** 
 585              		.loc 1 55 5 is_stmt 1 view .LVU166
  57:wavetable.cpp **** 
 586              		.loc 1 57 5 view .LVU167
  61:wavetable.cpp ****     phases[osc] = phase;
 587              		.loc 1 61 17 is_stmt 0 view .LVU168
 588 00e6 81ED0A6A 		vstr.32	s12, [r1, #40]
 589              	.LVL40:
  57:wavetable.cpp **** 
 590              		.loc 1 57 42 view .LVU169
 591 00ea 20EE070A 		vmul.f32	s0, s0, s14
 592              	.LVL41:
ARM GAS  C:\Users\22bur\AppData\Local\Temp\ccvOYMxf.s 			page 39


  57:wavetable.cpp **** 
 593              		.loc 1 57 9 view .LVU170
 594 00ee A6EEA70A 		vfma.f32	s0, s13, s15
 595              	.LVL42:
  59:wavetable.cpp ****     if(phase >= 2048.0f){ phase -= 2048.0f; }
 596              		.loc 1 59 5 is_stmt 1 view .LVU171
  60:wavetable.cpp ****     phases[osc] = phase;
 597              		.loc 1 60 5 view .LVU172
  60:wavetable.cpp ****     phases[osc] = phase;
 598              		.loc 1 60 27 view .LVU173
 599              		.loc 1 61 5 view .LVU174
  62:wavetable.cpp **** 
  63:wavetable.cpp ****     return out;
 600              		.loc 1 63 5 view .LVU175
  64:wavetable.cpp **** }
 601              		.loc 1 64 1 is_stmt 0 view .LVU176
 602 00f2 5DF804FB 		ldr	pc, [sp], #4
 603              	.L21:
 604 00f6 00BF     		.align	3
 605              	.L20:
 606 00f8 00000000 		.word	0
 607 00fc 0000A040 		.word	1084227584
 608 0100 00000045 		.word	1157627904
 609              		.cfi_endproc
 610              	.LFE4733:
 612              		.section	.text._ZN9Wavetable7SetFreqEif,"ax",%progbits
 613              		.align	1
 614              		.p2align 2,,3
 615              		.global	_ZN9Wavetable7SetFreqEif
 616              		.syntax unified
 617              		.thumb
 618              		.thumb_func
 619              		.fpu fpv5-d16
 621              	_ZN9Wavetable7SetFreqEif:
 622              	.LVL43:
 623              	.LFB4734:
  65:wavetable.cpp **** 
  66:wavetable.cpp **** void Wavetable::SetFreq(int osc, float freq){
 624              		.loc 1 66 45 is_stmt 1 view -0
 625              		.cfi_startproc
 626              		@ args = 0, pretend = 0, frame = 0
 627              		@ frame_needed = 0, uses_anonymous_args = 0
 628              		@ link register save eliminated.
  67:wavetable.cpp ****     frequencies[osc] = freq;
 629              		.loc 1 67 5 view .LVU178
 630              	.LBB206:
 631              	.LBI206:
 185:c:\program files\daisytoolchain\arm-none-eabi\include\c++\10.2.1\array ****       { return _AT_Type::_S_ref(_M_elems, __n); }
 632              		.loc 3 185 7 view .LVU179
 633              	.LBB207:
 634              	.LBI207:
  55:c:\program files\daisytoolchain\arm-none-eabi\include\c++\10.2.1\array ****       { return const_cast<_Tp&>(__t[__n]); }
 635              		.loc 3 55 7 view .LVU180
  55:c:\program files\daisytoolchain\arm-none-eabi\include\c++\10.2.1\array ****       { return const_cast<_Tp&>(__t[__n]); }
 636              		.loc 3 55 7 is_stmt 0 view .LVU181
 637              	.LBE207:
 638              	.LBE206:
ARM GAS  C:\Users\22bur\AppData\Local\Temp\ccvOYMxf.s 			page 40


 639              		.loc 1 67 22 view .LVU182
 640 0000 00F58030 		add	r0, r0, #65536
 641              	.LVL44:
 642              		.loc 1 67 22 view .LVU183
 643 0004 00EB8100 		add	r0, r0, r1, lsl #2
 644              	.LVL45:
 645              		.loc 1 67 22 view .LVU184
 646 0008 80ED020A 		vstr.32	s0, [r0, #8]
  68:wavetable.cpp **** }
 647              		.loc 1 68 1 view .LVU185
 648 000c 7047     		bx	lr
 649              		.cfi_endproc
 650              	.LFE4734:
 652 000e 00BF     		.section	.text._ZN9Wavetable8SetIndexEif,"ax",%progbits
 653              		.align	1
 654              		.p2align 2,,3
 655              		.global	_ZN9Wavetable8SetIndexEif
 656              		.syntax unified
 657              		.thumb
 658              		.thumb_func
 659              		.fpu fpv5-d16
 661              	_ZN9Wavetable8SetIndexEif:
 662              	.LVL46:
 663              	.LFB4735:
  69:wavetable.cpp **** 
  70:wavetable.cpp **** void Wavetable::SetIndex(int osc, float index){
 664              		.loc 1 70 47 is_stmt 1 view -0
 665              		.cfi_startproc
 666              		@ args = 0, pretend = 0, frame = 0
 667              		@ frame_needed = 0, uses_anonymous_args = 0
 668              		@ link register save eliminated.
  71:wavetable.cpp ****     indicies[osc] = index;
 669              		.loc 1 71 5 view .LVU187
 670              	.LBB208:
 671              	.LBI208:
 185:c:\program files\daisytoolchain\arm-none-eabi\include\c++\10.2.1\array ****       { return _AT_Type::_S_ref(_M_elems, __n); }
 672              		.loc 3 185 7 view .LVU188
 673              	.LBB209:
 674              	.LBI209:
  55:c:\program files\daisytoolchain\arm-none-eabi\include\c++\10.2.1\array ****       { return const_cast<_Tp&>(__t[__n]); }
 675              		.loc 3 55 7 view .LVU189
  55:c:\program files\daisytoolchain\arm-none-eabi\include\c++\10.2.1\array ****       { return const_cast<_Tp&>(__t[__n]); }
 676              		.loc 3 55 7 is_stmt 0 view .LVU190
 677              	.LBE209:
 678              	.LBE208:
 679              		.loc 1 71 19 view .LVU191
 680 0000 00F58030 		add	r0, r0, #65536
 681              	.LVL47:
 682              		.loc 1 71 19 view .LVU192
 683 0004 00EB8100 		add	r0, r0, r1, lsl #2
 684              	.LVL48:
 685              		.loc 1 71 19 view .LVU193
 686 0008 80ED120A 		vstr.32	s0, [r0, #72]
  72:wavetable.cpp **** }
 687              		.loc 1 72 1 view .LVU194
 688 000c 7047     		bx	lr
 689              		.cfi_endproc
ARM GAS  C:\Users\22bur\AppData\Local\Temp\ccvOYMxf.s 			page 41


 690              	.LFE4735:
 692 000e 00BF     		.text
 693              	.Letext0:
 694              		.file 5 "c:\\program files\\daisytoolchain\\arm-none-eabi\\include\\machine\\_default_types.h"
 695              		.file 6 "c:\\program files\\daisytoolchain\\arm-none-eabi\\include\\sys\\_stdint.h"
 696              		.file 7 "c:\\program files\\daisytoolchain\\arm-none-eabi\\include\\stdint.h"
 697              		.file 8 "c:\\program files\\daisytoolchain\\lib\\gcc\\arm-none-eabi\\10.2.1\\include\\stddef.h"
 698              		.file 9 "c:\\program files\\daisytoolchain\\arm-none-eabi\\include\\c++\\10.2.1\\cmath"
 699              		.file 10 "c:\\program files\\daisytoolchain\\arm-none-eabi\\include\\c++\\10.2.1\\bits\\std_abs.h"
 700              		.file 11 "c:\\program files\\daisytoolchain\\arm-none-eabi\\include\\c++\\10.2.1\\cstdint"
 701              		.file 12 "c:\\program files\\daisytoolchain\\arm-none-eabi\\include\\c++\\10.2.1\\cstdlib"
 702              		.file 13 "c:\\program files\\daisytoolchain\\arm-none-eabi\\include\\c++\\10.2.1\\type_traits"
 703              		.file 14 "c:\\program files\\daisytoolchain\\arm-none-eabi\\include\\c++\\10.2.1\\arm-none-eabi\\t
 704              		.file 15 "c:\\program files\\daisytoolchain\\arm-none-eabi\\include\\c++\\10.2.1\\bits\\stl_pair.h
 705              		.file 16 "c:\\program files\\daisytoolchain\\arm-none-eabi\\include\\c++\\10.2.1\\bits\\stl_iterat
 706              		.file 17 "c:\\program files\\daisytoolchain\\arm-none-eabi\\include\\c++\\10.2.1\\debug\\debug.h"
 707              		.file 18 "c:\\program files\\daisytoolchain\\arm-none-eabi\\include\\c++\\10.2.1\\cwchar"
 708              		.file 19 "c:\\program files\\daisytoolchain\\arm-none-eabi\\include\\c++\\10.2.1\\bits\\exception_
 709              		.file 20 "c:\\program files\\daisytoolchain\\arm-none-eabi\\include\\c++\\10.2.1\\clocale"
 710              		.file 21 "c:\\program files\\daisytoolchain\\arm-none-eabi\\include\\c++\\10.2.1\\cstdio"
 711              		.file 22 "c:\\program files\\daisytoolchain\\arm-none-eabi\\include\\c++\\10.2.1\\bits\\basic_stri
 712              		.file 23 "c:\\program files\\daisytoolchain\\arm-none-eabi\\include\\c++\\10.2.1\\bits\\charconv.h
 713              		.file 24 "c:\\program files\\daisytoolchain\\arm-none-eabi\\include\\c++\\10.2.1\\bits\\algorithmf
 714              		.file 25 "c:\\program files\\daisytoolchain\\arm-none-eabi\\include\\c++\\10.2.1\\cstring"
 715              		.file 26 "c:\\program files\\daisytoolchain\\arm-none-eabi\\include\\c++\\10.2.1\\cstdarg"
 716              		.file 27 "c:\\program files\\daisytoolchain\\arm-none-eabi\\include\\c++\\10.2.1\\bits\\predefined
 717              		.file 28 "c:\\program files\\daisytoolchain\\arm-none-eabi\\include\\sys\\_types.h"
 718              		.file 29 "c:\\program files\\daisytoolchain\\arm-none-eabi\\include\\sys\\reent.h"
 719              		.file 30 "c:\\program files\\daisytoolchain\\arm-none-eabi\\include\\sys\\lock.h"
 720              		.file 31 "c:\\program files\\daisytoolchain\\arm-none-eabi\\include\\math.h"
 721              		.file 32 "c:\\program files\\daisytoolchain\\arm-none-eabi\\include\\stdlib.h"
 722              		.file 33 "c:\\program files\\daisytoolchain\\arm-none-eabi\\include\\c++\\10.2.1\\math.h"
 723              		.file 34 "../DaisyExamples/DaisySP/Source/Control/adenv.h"
 724              		.file 35 "c:\\program files\\daisytoolchain\\lib\\gcc\\arm-none-eabi\\10.2.1\\include\\stdarg.h"
 725              		.file 36 "c:\\program files\\daisytoolchain\\arm-none-eabi\\include\\wchar.h"
 726              		.file 37 "c:\\program files\\daisytoolchain\\arm-none-eabi\\include\\locale.h"
 727              		.file 38 "c:\\program files\\daisytoolchain\\arm-none-eabi\\include\\stdio.h"
 728              		.file 39 "c:\\program files\\daisytoolchain\\arm-none-eabi\\include\\c++\\10.2.1\\stdlib.h"
 729              		.file 40 "c:\\program files\\daisytoolchain\\arm-none-eabi\\include\\string.h"
 730              		.file 41 "wavetable.h"
 731              		.file 42 "../DaisyExamples/libDaisy/src/daisy_core.h"
 732              		.file 43 "../DaisyExamples/libDaisy/src/util/wav_format.h"
 733              		.file 44 "../DaisyExamples/libDaisy/src/dev/max11300.h"
 734              		.file 45 "../DaisyExamples/libDaisy/src/daisy_seed.h"
 735              		.file 46 "../DaisyExamples/libDaisy/src/dev/sr_595.h"
 736              		.file 47 "<built-in>"
ARM GAS  C:\Users\22bur\AppData\Local\Temp\ccvOYMxf.s 			page 42


DEFINED SYMBOLS
                            *ABS*:00000000 wavetable.cpp
C:\Users\22bur\AppData\Local\Temp\ccvOYMxf.s:17     .text._ZN9WavetableC2Ev:00000000 $t
C:\Users\22bur\AppData\Local\Temp\ccvOYMxf.s:26     .text._ZN9WavetableC2Ev:00000000 _ZN9WavetableC2Ev
C:\Users\22bur\AppData\Local\Temp\ccvOYMxf.s:141    .text._ZN9WavetableC2Ev:00000020 $d
C:\Users\22bur\AppData\Local\Temp\ccvOYMxf.s:26     .text._ZN9WavetableC2Ev:00000000 _ZN9WavetableC1Ev
C:\Users\22bur\AppData\Local\Temp\ccvOYMxf.s:149    .text._ZN9WavetableC2EfRKSt5arrayIS0_IfLj2048EELj8EEi:00000000 $t
C:\Users\22bur\AppData\Local\Temp\ccvOYMxf.s:157    .text._ZN9WavetableC2EfRKSt5arrayIS0_IfLj2048EELj8EEi:00000000 _ZN9WavetableC2EfRKSt5arrayIS0_IfLj2048EELj8EEi
C:\Users\22bur\AppData\Local\Temp\ccvOYMxf.s:157    .text._ZN9WavetableC2EfRKSt5arrayIS0_IfLj2048EELj8EEi:00000000 _ZN9WavetableC1EfRKSt5arrayIS0_IfLj2048EELj8EEi
C:\Users\22bur\AppData\Local\Temp\ccvOYMxf.s:203    .text._ZN9Wavetable4InitEfRKSt5arrayIS0_IfLj2048EELj8EEi:00000000 $t
C:\Users\22bur\AppData\Local\Temp\ccvOYMxf.s:211    .text._ZN9Wavetable4InitEfRKSt5arrayIS0_IfLj2048EELj8EEi:00000000 _ZN9Wavetable4InitEfRKSt5arrayIS0_IfLj2048EELj8EEi
C:\Users\22bur\AppData\Local\Temp\ccvOYMxf.s:317    .text._ZN9Wavetable4InitEfRKSt5arrayIS0_IfLj2048EELj8EEi:00000034 $d
C:\Users\22bur\AppData\Local\Temp\ccvOYMxf.s:322    .text._ZN9Wavetable7ProcessEh:00000000 $t
C:\Users\22bur\AppData\Local\Temp\ccvOYMxf.s:330    .text._ZN9Wavetable7ProcessEh:00000000 _ZN9Wavetable7ProcessEh
C:\Users\22bur\AppData\Local\Temp\ccvOYMxf.s:606    .text._ZN9Wavetable7ProcessEh:000000f8 $d
C:\Users\22bur\AppData\Local\Temp\ccvOYMxf.s:613    .text._ZN9Wavetable7SetFreqEif:00000000 $t
C:\Users\22bur\AppData\Local\Temp\ccvOYMxf.s:621    .text._ZN9Wavetable7SetFreqEif:00000000 _ZN9Wavetable7SetFreqEif
C:\Users\22bur\AppData\Local\Temp\ccvOYMxf.s:653    .text._ZN9Wavetable8SetIndexEif:00000000 $t
C:\Users\22bur\AppData\Local\Temp\ccvOYMxf.s:661    .text._ZN9Wavetable8SetIndexEif:00000000 _ZN9Wavetable8SetIndexEif

UNDEFINED SYMBOLS
memset
memcpy
