:020000040800F2
:1000000000000220310700082D070008954F000866
:100010002D0700082D0700082D070008000000002C
:100020000000000000000000000000002D07000894
:100030002D070008000000002D070008194F0008D8
:100040002D0700082D0700082D0700082D070008C0
:100050002D0700082D0700082D0700082D070008B0
:100060002D0700082D0700082D070008013A000899
:100070000D3A00082D070008193A0008253A000833
:10008000814800082D2F00082D0700082D070008C3
:100090002D0700082D0700082D0700082D07000870
:1000A0002D0700082D0700082D0700082D07000860
:1000B000A5080108B1080108BD080108612F000862
:1000C0002D0700086D2F00082D07000815010108F5
:1000D00021010108B5460008E1460008154700085F
:1000E0002D0700082D070008000000002D0700085C
:1000F0002D0700082D0700082D0700082D07000810
:100100002D0700082D070008C90801082D01010866
:10011000494700087D4700082D0700082D07000803
:100120002D0700082D07000851010108850101086D
:10013000B54800082D0700082D0700082D07000806
:1001400000000000000000000000000000000000AF
:100150002D0700082D0700082D070008B1470008EB
:10016000792F00082D070008294F00084D4F00087F
:100170002D070008714F00082D0700082D07000803
:100180002D0700082D070008E5470008194800085A
:1001900039010108450101082D0700082D07000855
:1001A0002D0700082D0700082D0700082D0700085F
:1001B000213700082D0700082D0700082D0700082B
:1001C0002D0700082D070008B1280008BD280008E9
:1001D0002D070008C92800082D0700082D07000872
:1001E0002D0700082D0700082D0700082D0700081F
:1001F0002D0700082D0700082D0700082D0700080F
:100200002D0700082D0700082D0700082D070008FE
:100210002D0700082D0700082D0700082D070008EE
:100220002D0700082D0700082D070008000000001A
:100230002D0700082D070008000000002D0700080A
:100240002D0700082D0700082D0700082D070008BE
:100250002D0700082D0700082D0700082D070008AE
:100260002D0700082D0700082D0700082D0700089E
:100270002D0700082D0700084D4800080000000069
:100280002D0700082D0700082D07000800000000BA
:08029000000000002D0700082A
:1002A00001F0FF01102A2BDB10F0070F08D010F827
:1002B000013B013A8B422DD010F0070F42B3F6D12B
:1002C000F0B441EA012141EA014122F007047FF044
:1002D00000070023F0E80256083C85EA010586EA9B
:1002E000010685FA47F5A3FA87F586FA47F6A5FAD7
:1002F00087F68EB9EED1F0BC01F0FF0102F00702E3
:1003000032B110F8013B013A83EA010313B1F8D18D
:100310000020704701387047002D06BF354603386E
:10032000073815F0010F07D1013015F4807F02BFA7
:10033000013015F4C03F0130F0BC0138704700BFF8
:1003400081F0004102E000BF83F0004330B54FEA86
:1003500041044FEA430594EA050F08BF90EA020FF3
:100360001FBF54EA000C55EA020C7FEA645C7FEA86
:10037000655C00F0E2804FEA5454D4EB5555B8BFA9
:100380006D420CDD2C4480EA020281EA030382EA1A
:10039000000083EA010180EA020281EA0303362DAC
:1003A00088BF30BD11F0004F4FEA01314FF4801C7F
:1003B0004CEA113102D0404261EB410113F0004F91
:1003C0004FEA03334CEA133302D0524263EB430348
:1003D00094EA050F00F0A780A4F10104D5F1200EE6
:1003E0000DDB02FA0EFC22FA05F2801841F1000141
:1003F00003FA0EF2801843FA05F359410EE0A5F115
:1004000020050EF1200E012A03FA0EFC28BF4CF045
:10041000020C43FA05F3C01851EBE37101F00045FB
:1004200007D54FF0000EDCF1000C7EEB00006EEB08
:100430000101B1F5801F1BD3B1F5001F0CD3490892
:100440005FEA30004FEA3C0C04F101044FEA4452E9
:1004500012F5800F80F09A80BCF1004F08BF5FEA70
:10046000500C50F1000041EB045141EA050130BD50
:100470005FEA4C0C404141EB0101013C28BFB1F562
:10048000801FE9D291F0000F04BF01460020B1FAAD
:1004900081F308BF2033A3F10B03B3F120020CDA80
:1004A0000C3208DD02F1140CC2F10C0201FA0CF05E
:1004B00021FA02F10CE002F11402D8BFC2F1200CC3
:1004C00001FA02F120FA0CFCDCBF41EA0C01904079
:1004D000E41AA2BF01EB0451294330BD6FEA0404C2
:1004E0001F3C1CDA0C340EDC04F11404C4F12002AD
:1004F00020FA04F001FA02F340EA030021FA04F3BF
:1005000045EA030130BDC4F10C04C4F1200220FA15
:1005100002F001FA04F340EA0300294630BD21FA53
:1005200004F0294630BD94F0000F83F4801306BF19
:1005300081F480110134013D4EE77FEA645C18BF0D
:100540007FEA655C29D094EA050F08BF90EA020FA4
:1005500005D054EA000C04BF1946104630BD91EA9C
:10056000030F1EBF0021002030BD5FEA545C05D19F
:100570004000494128BF41F0004130BD14F58004DE
:100580003CBF01F5801130BD01F0004545F0FE4152
:1005900041F470014FF0000030BD7FEA645C1ABF87
:1005A000194610467FEA655C1CBF0B46024650EABE
:1005B000013406BF52EA033591EA030F41F40021EA
:1005C00030BD00BF90F0000F04BF0021704730B570
:1005D0004FF4806404F132044FF000054FF0000145
:1005E00050E700BF90F0000F04BF0021704730B506
:1005F0004FF4806404F1320410F0004548BF4042DB
:100600004FF000013EE700BF42004FEAE2014FEA2F
:1006100031014FEA02701FBF12F07F4393F07F4F0A
:1006200081F06051704732F07F4208BF704793F00D
:100630007F4F04BF41F40021704730B54FF4607420
:1006400001F0004521F000411CE700BF50EA010223
:1006500008BF704730B54FF000050AE050EA0102CC
:1006600008BF704730B511F0004502D5404261EB3C
:1006700041014FF4806404F132045FEA915C3FF47D
:10068000D8AE4FF003025FEADC0C18BF03325FEA1A
:10069000DC0C18BF033202EBDC02C2F1200300FACB
:1006A00003FC20FA02F001FA03FE40EA0E0021FAF0
:1006B00002F11444BDE600BF53B94AB9002908BF8E
:1006C00000281CBF4FF0FF314FF0FF3000F00CB896
:1006D000ADF1080C6DE904CE12F0CAFEDDF804E0BD
:1006E000DDE9022304B07047704700BF10B5054C28
:1006F000237833B9044B13B10448AFF300800123CE
:10070000237010BD0806002400000000C03F01084F
:1007100008B5034B1BB103490348AFF3008008BD84
:10072000000000000C060024C03F0108FEE700BFE7
:100730000C4A0D4B934204D0D21A0C49184611F0C2
:100740007AFF0B4A0B4B934204D0D21A0021184671
:1007500011F0E6FE04F076FE11F046FF00F0D8F846
:10076000FEE700BF0406002400000024F43F010857
:10077000683A022408060024704700BF704700BF93
:10078000704700BF704700BFBAB12DE9F0410E4677
:1007900090460024736800210848A70003EB8405F5
:1007A000013400F075FB3368A04585ED000A3B4439
:1007B00083ED000AEED1BDE8F081704724E000240B
:1007C0001BB913690BB1D26818477047C9B301440C
:1007D0002DE9F0431546A5B0441E02F124074E1E34
:1007E00001E0B4422AD06A4614F8011F384601F0ED
:1007F000F5FE0028F5D0D5F8CC0090226946D5E961
:10080000319303F1010803EBC30E1B1A09F1FF3CFE
:1008100048BF4B449C45E4D0D5F8C000C5F8C8801B
:1008200000EB0E1011F007FFD5E931239342A3EB43
:10083000020328BFC5F8C830B442D4D125B0BDE802
:10084000F083704702780B4610B4092A42D8DFE8DB
:1008500002F00E131B252B2D37393F05204A03CA02
:100860001288186059601A815DF8044B70471D4A60
:1008700003CA18605960F7E71B4A1068918892799B
:10088000186099809A71EFE7184C07CC24781860AB
:1008900059609A601C735DF8044B7047144A1188C4
:1008A000927819809A70DFE7124CEEE7124C07CC71
:1008B0002488186059609A609C815DF8044B7047E9
:1008C0000E4ACCE70E4C07CC186059609A60CBE713
:1008D0000C4CECE70C4A03CA18605960C4E700BF2F
:1008E0005C380108F0370108F837010800380108C2
:1008F0001038010814380108243801083438010878
:10090000403801084C380108683801080000000030
:100910002DE9F04F2DED028BADF5803D484842F2B8
:10092000681844F26817DBB0002400F043FB002194
:1009300043485AAD00F020FC40214148E84400F013
:1009400043FB012001F000FE3D4800F039FB3D482B
:10095000F0EE408A01F0EAFD9FED3B0A6F442E461F
:10096000B0EE408A20E0B4EEE48A35EE477AF1EE4C
:1009700010FA54BFF0EE466AF0EE656A0134A8EC56
:10098000017ADFED327AB4F5006F9FED310AE7ECC2
:10099000016A61D007EE104AB8EEC78A68EE277A7E
:1009A00027EE800A11F00CFAB5EEC00AA6EC010A97
:1009B000B0EEC00ADFED257A2021264828EE278AEE
:1009C000FDEEC07AF1EE10FAB8EEE77A17EE902A53
:1009D00048BF2D2130EE477A9FED176BB7EEC77AEF
:1009E00027EE067BFDEEC77B17EE903A01F09EFDE9
:1009F000B5EE006AF1EE007AF6EE085AB4EEC68A59
:100A0000F7EE006A28EE277AF1EE10FAB6D4B4EECB
:100A1000E58ABFEE006AF0EE665AF1EE10FAF6EEE5
:100A2000004AB0EE005AF0EE466A9CD437EE677A80
:100A3000A4E700BFAFF300800000000080842E41D7
:100A40008CE0012470380108000000000000003A2A
:100A5000DB0FC9408C3801080422B0EE680A294631
:100A6000B54800F0F7F9B0EE000A0021B24800F0F6
:100A700099FA00219FEDB10AA5F59876AE480027B6
:100A800000F088FAAE4801F051FDAE4801F04EFD8D
:100A900006A801F08FFDA5F5A873AB4C0FCB86E837
:100AA0000F0084E80F000123A5F5907645E9223771
:100AB00045F87C3C47F6122345F8783C022345F87C
:100AC000803C94E80F0086E80F0045F88C0C104637
:100AD0001A46B38825F88E3CF388C4E9050225F848
:100AE000903C12B1394611F01BFD984E36A997483B
:100AF00003F096FF06F1140001F028FE944801F07F
:100B000015FD944B304614212362E46104F0D6F9BC
:100B1000914B30460096DFF87082904ED4E9051272
:100B200003F0E8FF04F0A6FA04F0A4FAA5F5AA730E
:100B300040F202429FED8A0A82460AA81A8019688A
:100B400001F00AFE874801F0F1FC8749874800F070
:100B500033FA874801F0EAFC012004F08DFA04F032
:100B600089FA8146794804F04FF8002800F0D180D6
:100B7000D4E932329B1A72D4002B75D07D4801F033
:100B8000D5FCD4E93237BB4200F0A880D4F8C0309D
:100B900007EBC7019022A5F1900003EB011101378B
:100BA00011F049FDD4F8C430C4F8CC709F4202D390
:100BB000FF1AC4F8CC709022A5F19001A5F59070B1
:100BC00011F039FD15F8907C35F888BC002F00F045
:100BD0008D80012F21D1D8F8003036A903225B483F
:100BE00025F8903C25F88FBC04F012F85FFA8BF3DF
:100BF000F2EE087AB0EE000A393B07EE103AF8EE52
:100C0000C70AC0EEA70A10F037FFDFED5B7A0021BC
:100C1000494820EE270A00F0BDF97168D6E90223A1
:100C2000D31A48BF5B1801399942A1D0A5F590713C
:100C3000336802EBC20001320F7003EB0010B260A8
:100C4000A1F808B0902211F0F6FCD6E901239342F6
:100C50008ED39B1AB360D4E932329B1A8CD5D4F868
:100C6000C4201344002B89D1A9EB0A03052B7FF67E
:100C700073AFD6E90237BB422ED0336807EBC7010A
:100C8000A5F19000902203EB0111013711F0D3FC84
:100C90007368F7609F4201D3FF1AF7609022A5F1B5
:100CA0009001A5F5907011F0C6FC55F88C7C15F8F4
:100CB00088AC0EA915F887BC12A8FFF7C3FD0EABD0
:100CC0004A462E4936A8CDF808B0CDE9007A11F091
:100CD00085FB36A801F02AFCCA463DE74FF0000B21
:100CE00090220021A5F5907011F01AFCD8F8003080
:100CF000032236A9154825F8903C002725F88FBC1B
:100D000003F086FF9FED1E0A00210B4800F042F918
:100D100083E71C4801F01AFD0E4B14210B48236297
:100D2000E46104F0CBF80949A2690B4B0091074834
:100D3000616903F0DFFE1BE724E000240000254486
:100D4000A0380108B8380108C44E0024D44E00244D
:100D5000D4380108CD070008C10700082406002484
:100D600000007A44FC380108890700088CE001245F
:100D700010390108383901080000DC4348390108FE
:100D800000000000E84E0024A83701081D4B1E4952
:100D900018461E4A10B500241C605C611C62DC63AE
:100DA00010F062FE1A4800F041F8184A1949184834
:100DB00010F05AFE184801F0FDFB1749174A0723A7
:100DC0000C61C1F8B92001F1D00281F8BD3040F2C8
:100DD0000113C1F8C840C1F8CC400F48C1E9302325
:100DE0000A4A0F4910F040FE0E488121074A00F1DF
:100DF0001003C460C0E901140B490360BDE8104052
:100E000010F032BE8CE001247907000800000024B5
:100E100024E000247D070008C44E002480707F0F6A
:100E200085070008240600248107000810B5044641
:100E3000064820220021204411F072FB002104F515
:100E40008032034B20465160236010BD2800010012
:100E500000442C4738B50446154604304FF4803220
:100E60002DED028BB0EE408A11F0E5FB0648202202
:100E70000021204411F054FB04F580335D6084EDC3
:100E8000008ABDEC028B38BD280001000000000084
:100E900000EB810190ED003A00F5803301F58031DF
:100EA000B7EEC33A5A6891ED025AD1ED127AB7EE15
:100EB000C55AD1ED0A4ABDEEE74ABDEEE47A9FED90
:100EC000326B14EE10CAB8EEC70AB8EEC44A25EE6B
:100ED000065B0CF10103DBB277EEC47A9342A8BF44
:100EE000002317EE102A34EEC00A85EE036B00B51E
:100EF0001FFA82FE0EF1010292B2B2F5006FB7EE58
:100F0000C66B03D3AEF2FF7E1FFA8EF202EBC32E46
:100F1000F7EE006A5FFA8CFC36EE246A00EB8E0E68
:100F2000DFED1B4A02EBCC2236EEE75A76EEC05AD2
:100F3000DEED016A00EB8202B4EEE46A67EEA66AB7
:100F400092ED014A17EE102AF1EE10FAE5EE046A6E
:100F500092B202EBC323A8BF36EE646A02EBCC2246
:100F600000EB830300EB820020EE260AD3ED016A3A
:100F700090ED017A67EEA67A81ED0A6AE5EE077ACE
:100F8000A5EEA70A5DF804FB000000000000A040E9
:100F90000000004500F5803000EB810080ED020A82
:100FA000704700BF00F5803000EB810080ED120A31
:100FB000704700BF704700BF143001F009BA00BF8E
:100FC000143001F001BA00BF38B500F11405044631
:100FD0002DED028B284601F0E9F9284601F0F4F9DD
:100FE0002846B0EE408A01F0DDF9D0ED007AF8EE47
:100FF000677A88EE277ABDEC028B84ED0E7A38BDD5
:1010000010B540F203338EB000244FF60B7240F25D
:101010000341ADF8083009A80123ADF81020ADF860
:1010200024202246ADF80C100094029907940C94E9
:10103000CDE90544CDE90A4401F04CFC04A80123A4
:1010400022460399009401F045FC09A801F028FD0F
:1010500010B901200EB010BD04A801F021FDA0427E
:101060000CBF022020460EB010BD00BF2DE9F0419C
:1010700003239AB0012700240646CDE914373B4BE1
:10108000CDE9104340F20453CDE91647ADF848309E
:10109000FFF7B6FFB842054625D0022845D040F6F6
:1010A0000132334B0DF12C081894ADF82C200B981D
:1010B0001997CDF84A3000F0E3F810A906F13C008A
:1010C00002F02AFD302003224FF07E5341460D935B
:1010D0000E93CDE90B02F26B06F1140001F02AF930
:1010E0001AB0BDE8F0811023214A06A906908DF8B8
:1010F00028300DF12C081F4BCDF84A20079302949D
:10110000CDE91804CDE9080402A801F03BFF08234B
:10111000029A03A94046ADF80C508DF80E40049594
:1011200005930B9400F0ECF8C7E700200121104B69
:101130000DF12C083A460094CDF84A304FF60B7367
:101140000C94ADF82C302346CDE9180140F601315E
:101150004046ADF818100699CDE90D4401F0BAFBF0
:101160002146404601F0A8FCA7E700BF04020404A2
:10117000040604030704010B2DE9F04704462DED96
:10118000028B82B000294DD0012140F201120023D0
:101190000091ADF804208DF80630364A0127364B11
:1011A00004F10409354904F12908626040F2027231
:1011B000A36040F60663E16004F1250AA4F8252047
:1011C000A4F82930278284F8277084F82B7004F063
:1011D000EFF8054603F052FF6946064650BB4DB393
:1011E00004F130008DF8067004F06AF8072D3CD148
:1011F00004F114052046FFF739FF284601F0E4F812
:101200002846B0EE408A01F0CDF8D0ED007AF8EE35
:10121000677A88EE277A84ED0E7A02B0BDEC028BF5
:10122000BDE8F08740F2011300918DF80610ADF88B
:101230000430B2E704F1300004F042F8072D11D079
:101240004946204602F0E8F80EB9002DD0D15046AC
:1012500001F03CFC404601F039FC04F1120000F0C2
:1012600079F9C5E7002EF2D1C2E74946204602F0DF
:10127000D3F8BDE70508050905070506050A0606B2
:1012800010B584B003460124ADF8040003A8ADF8FE
:101290000C30ADF80E4001F019FC214603A801F016
:1012A000F1FC204603F0E8FE002103A801F0EAFC6F
:1012B000204603F0E1FE214603A801F0E3FC04B060
:1012C00010BD00BF10B5C2F3002384B00C46017CF2
:1012D0008DF80D2043EA4402FA2402238DF80C20F5
:1012E00003AA009401F0E4FE18B10124204604B0E2
:1012F00010BD04460A2003F0BFFE204604B010BD16
:10130000034670B543F8042B044684B007C983E84C
:101310000700A37983B91A210B461E22FA252374EC
:101320002046ADF80C20022303AA009501F0C0FE70
:1013300028B1012004B070BD1B210B46EDE70A2047
:1013400003F09AFE4FF4B85200950223ADF80C203A
:10135000204603AA217C01F0ABFE0028E9D10A2037
:1013600003F08AFE41F2027200950223ADF80C20D0
:10137000204603AA217C01F09BFE0028D9D10A2037
:1013800003F07AFE042200950223ADF80C202046DB
:1013900003AA217C01F08CFE0028CAD10A2003F0A8
:1013A0006BFE062200950223ADF80C20204603AA0E
:1013B000217C01F07DFE0028BBD10A2003F05CFEF9
:1013C00041F2082200950223ADF80C20204603AA22
:1013D000217C01F06DFE0028ABD10A20064603F007
:1013E0004BFE0095022303AA217C2046ADF80C6039
:1013F00001F05EFE00289CD1304603F03DFE0095D2
:1014000022790C232046002A8DF80C3003AA4FF0D5
:10141000020314BF622142218DF80D10217C01F0DE
:1014200047FE002885D1304603F026FE2279D4E914
:1014300002310B43DBB20AB943F0400362790AB1CF
:1014400043F020030E22FA258DF80D30204600953A
:1014500002238DF80C2003AA217C01F029FE00282C
:101460007FF467AF0A2003F007FE102200950223E5
:10147000ADF80C20204603AA217C01F019FE0028BB
:101480007FF457AF0A2003F0F7FD122100950223E5
:10149000ADF80C1003AA217C204601F009FE0028BB
:1014A0007FF447AF0A2003F0E7FD0122092120461F
:1014B000FFF708FF003818BF01203BE7F0B5102305
:1014C00087B0234C012200250126002702A92046CF
:1014D0000195CDE902234FF48052CDE904670AF06B
:1014E00017FC642004F0A2FD02A94FF480522046AC
:1014F000CDE9046702261027CDE902670AF008FC4F
:101500000322102302A92046CDE90223002304224E
:10151000CDE904234FF480520AF0FAFB40F2322363
:10152000042202A9019310232046CDE90223019A47
:10153000012305924FF4805204930AF0E9FB40F630
:10154000060120460AF004FC284607B0F0BD00BFA3
:10155000D4E001241C4B00221C494FF0400C30B554
:10156000054689B00220596007219A601A62012459
:10157000DA620A224FF4006EDC6006922022CDE986
:10158000000104200821CDE9020103201021CDE94A
:10159000040108206946C3E904024FF4C072181D13
:1015A000C3E906C24FF48052C3E909E20AF086FBA0
:1015B00038B92846FFF782FF003818BF012009B06C
:1015C00030BD204609B030BDD0E00124404100527A
:1015D000614A0021D0B513688EB00A91002B40F00B
:1015E000B9805E4B01214FF683700C2411600221FB
:1015F000D3F8D4200026032742F48052C3F8D42025
:10160000D3F8D42002F480520092009AD3F8E0205C
:1016100042F01002C3F8E020D3F8E02002F01002FC
:101620000192019AD3F8E02042F04002C3F8E02092
:10163000D3F8E02002F040020292029AD3F8E020B0
:1016400042F00802C3F8E020D3F8E02002F00802DC
:101650000392039AD3F8E02042F48072C3F8E020AA
:10166000D3F8E02002F480720492049AD3F8E020C8
:1016700042F08002C3F8E020D3F8E02002F08002BC
:101680000592059AD3F8E02042F02002C3F8E0204A
:10169000D3F8E02002F020020692069AD3F8E02068
:1016A00042F00402C3F8E020D3F8E0300C9403F0D9
:1016B000040307930323079A0B93CDE9080108A9B4
:1016C000274805F059FD48F23712022308A925489A
:1016D0000C94CDE90823CDE90A6705F04DFD4CF2E5
:1016E0000372022308A920480C94CDE90823CDE910
:1016F0000A6705F041FD40F2FF62022308A91B487A
:101700000C94CDE90823CDE90A6705F035FD4FF6C5
:101710000C72022308A916480C94CDE90823CDE9E0
:101720000A6705F029FD4FF63F02022308A9114878
:101730000C94CDE90823CDE90A6705F01DFD2022B0
:10174000022308A90A480C94CDE90A67CDE90823C9
:1017500005F012FD0EB0D0BDCCE0012400440258CB
:101760000010025800180258000C025800200258BD
:10177000001C0258001402582DE9F04FDFF81084C5
:1017800006460D46144608F118002DED028B89B06F
:1017900000AF02F0B9FAD8F8183073B3D8F81C309B
:1017A000D8F80490002B43690BBF4FF0080A4FF0A4
:1017B000100A4FF0020B4FF0040BB9F1000F2AD0C2
:1017C000A200EA46012B02F1070222F00702ADEB6C
:1017D000020D6846ADEB020D694600F03F81022B19
:1017E00000F0D680002B6FD02246C847D54624375C
:1017F000BD46BDEC028BBDE8F08FD8F81C30002B45
:10180000F5D0D8F804904FF0080A4FF0020B436966
:10181000B9F1000FD4D1FB61D8F80030BB61002BC7
:10182000E5D0D54802F0E2FA6B46BBF1020F7861D1
:1018300008EE103AFB6900F083816A465146A2EB3C
:10184000C40295466200EA46B2FBFBF2AAEBC40072
:1018500085460AEB8200EE46F861ADEB010DF869B2
:101860000EEB820CC7F810C0EC46ADEB010D00EB9F
:101870008201CCF80400CCF8081001EB8201386931
:10188000E946CCF80C1000EB8201CCF800A001EB8B
:101890008202C9E900E0C9E90212012B00F0648369
:1018A000022B00F06C82002B00F080816208494618
:1018B0006046BB69984718EE103A24379D46BD46EE
:1018C000BDEC028BBDE8F08F002C8DD01A46D8ED10
:1018D0000C6A9FEDB27A8446331D36F922E00CF192
:1018E000080C07EE90EA33F922E00232F8EEE77ACC
:1018F000944267EE877A67EEA67A4CED027A07EE9D
:1019000090EAF8EEE77A67EE877A67EEA67A4CED12
:10191000017AE2D8F9612246C847984ED8ED0D6A9F
:101920000020F9692B1D9FED9E7A9FED9E6ADFEDE9
:101930009E5A22E0F4EEC67AF1EE10FAC0F2C884A4
:1019400047F6FE72D1ED017A45F8202066EEA77ABF
:10195000F4EEC77AF1EE10FA40F2F080F4EEC67AB7
:10196000F1EE10FAC0F2D58447F6FE7243F820205B
:101970000230083184427FF639AFD1ED007A66EE4D
:10198000A77AF4EEC77AF1EE10FAD3D83246D9E747
:10199000002C3FF429AFD8ED0C6A84469FED787A8D
:1019A0000022331D8E4656F822100CF1080C07EE6B
:1019B000901A53F822100232F8EEE77A944267EE5A
:1019C000877A67EEA67A4CED027A07EE901AF8EE67
:1019D000E77A67EE877A67EEA67A4CED017AE2D86D
:1019E00071462246C7F81CE0C847664ED8ED0D6A1E
:1019F0000020F9692B1D9FED6A7A9FED6A6ADFF876
:101A000094C120E0F4EEC67AF1EE10FAC0F27984C7
:101A10003246D1ED017A45F8202066EEA77AF4EE41
:101A2000C77AF1EE10FA40F28780F4EEC67AF1EE52
:101A300010FAC0F25E84324643F8202002300831AA
:101A400084427FF6D3AED1ED007A66EEA77AF4EE4B
:101A5000C77AF1EE10FAD5D86246DAE7002C3FF4E7
:101A6000C3AED8ED0C6A86469FED477A4FF0000C66
:101A7000331D56F82C200EF1080E82F40002A2F558
:101A8000000207EE902A53F82C200CF1020CF8EE1D
:101A9000E77A82F400026445A2F5000267EE877AD5
:101AA00067EEA67A4EED027A07EE902AF8EEE77A14
:101AB00067EE877A67EEA67A4EED017AD9D8F9619A
:101AC0002246C847314ED8ED0D6A0020F9692B1D1A
:101AD0009FED337A9FED336ADFF8BCC01FE0F4EE70
:101AE000C67AF1EE10FAC0F2FC833246D1ED017AEB
:101AF00045F8202066EEA77AF4EEC77AF1EE10FAE8
:101B000018D9F4EEC67AF1EE10FAC0F2DA83324652
:101B100043F820200230083184427FF667AED1EDD1
:101B2000007A66EEA77AF4EEC77AF1EE10FAD6D80C
:101B30006246DBE76246EBE762467DE7324615E741
:101B4000A100D6466208073121F00701ADEB010D77
:101B5000EA46ADEB010D6946ADEB0E0D0AEB8200D6
:101B6000EC46ADEB0E0D01EB8202F861E946CCE9E3
:101B700000A0C9E9001290E624E101240280FFFFE1
:101B8000000000300082FF7F0000003482FF7F00F1
:101B900008E10124007E00807E0080FF0000003804
:101BA00004FF7FBF04FF7F3F00FEFF46002C00F0D4
:101BB000C982BBF1020FD8F8242000F0FA827969BB
:101BC000C7F8049002EB810E5FED0C5A8A00DCF836
:101BD00008100EF104007A611A46DCF80C303B6103
:101BE000331DD7F810903D61FD69C7E902CB8C46E3
:101BF000834636F92210D8ED0C7A06EE101A33F926
:101C0000221006EE901A3EF92210B8EEC66A07EED0
:101C1000101AF8EEE66A3BF92210B8EEC77A26EE03
:101C2000256A66EEA56A27EE257A26EE276A66EE15
:101C3000A76A27EE277A07EE901A51080232F8EECB
:101C4000E77A0AEB8100944280ED006A05EB81009F
:101C500067EEA57AC0ED006A0CEB810009EB81010B
:101C600080ED007A98ED0C7A67EE877AC1ED007A04
:101C7000BFD8D7F804903D69D7E902CB6046620827
:101C8000BB6949469847D8F82C307A69D8ED0D6A77
:101C90001A441FED3D7A1FED3D6A2B1D904602F15F
:101CA000040A5FED3F5A0022A84ED9E900EC51E04A
:101CB000F4EEC67AF1EE10FAC0F2C78247F6FE7073
:101CC00045F822000CEB0100D0ED007A66EEA77A11
:101CD000F4EEC77AF1EE10FA4BD9F4EEC67AF1EED3
:101CE00010FAC0F2BA8247F6FE70BBF1020F43F859
:101CF00022002BD0D9F808000844D0ED007A66EE17
:101D0000A77AF4EEC77AF1EE10FA36D9F4EEC67A75
:101D1000F1EE10FAC0F2CD8247F6FE7048F82200CC
:101D2000D9F80C000144D1ED007A66EEA77AF4EE02
:101D3000C77AF1EE10FA1ED9F4EEC67AF1EE10FA77
:101D4000C0F2AF8247F6FE714AF822100232944286
:101D50007FF6B1AD51080EEB81008900D0ED007A1D
:101D600066EEA77AF4EEC77AF1EE10FAA0D8304604
:101D7000A6E73046B9E73146E6E73046CEE7002C25
:101D800000F0E081BBF1020FD8F8243000F0E181CF
:101D90007A69DCF8081003EB820EC7F80490930010
:101DA000DFED6B5A0EF1040000227B61DCF80C3091
:101DB0003B61331DD7F810903D61FD69C7E902CB47
:101DC0008C46834656F82210D8ED0C7A07EE101A8E
:101DD00053F82210B8EEC76A07EE101A5EF8221008
:101DE000F8EEC76A07EE101A26EE256A5BF8221095
:101DF000B8EEC77A66EEA56A26EE276A27EE257A40
:101E000066EEA76A27EE277A07EE901A510802328B
:101E1000F8EEE77A0AEB8100944280ED006A05EB68
:101E2000810067EEA57AC0ED006A0CEB810009EB3A
:101E3000810180ED007A98ED0C7A67EE877AC1ED2A
:101E4000007ABFD8D7F804903D69D7E902CB604645
:101E50006208BB6949469847D8F82C307A69D8EDB2
:101E60000D6A1A449FED3E7A9FED3E6A131D92461D
:101E7000DFF8E4C00022FB612B1D364ED9E9008E4D
:101E80004EE0F4EEC67AF1EE10FAC0F2FC81304674
:101E900045F822000EEB0100D0ED007A66EEA77A3D
:101EA000F4EEC77AF1EE10FA49D9F4EEC67AF1EE03
:101EB00010FAC0F2EF813046BBF1020F43F8220066
:101EC0002AD0D9F808000844D0ED007A66EEA77A47
:101ED000F4EEC77AF1EE10FA35D9F4EEC67AF1EEE7
:101EE00010FAC0F2C98130464AF82200D9F80C0035
:101EF0000144D1ED007A66EEA77AF4EEC77AF1EEEE
:101F000010FA1ED9F4EEC67AF1EE10FAC0F2AD81E5
:101F10003146F86940F82210023294427FF6CBAC89
:101F2000510808EB81008900D0ED007A66EEA77AAF
:101F3000F4EEC77AF1EE10FAA3D86046A8E760463F
:101F4000BAE76146E5E76046CEE700BF0280FFFFE3
:101F5000000000300082FF7F007E0080000000341F
:101F600004FF7FBF04FF7F3F002C00F0EB807A6905
:101F70000021D8F82430C7F8109003EB820ED7F870
:101F80001C909300FD610EF104021FED0C6A7B6151
:101F9000331D154656F821204808D8ED0C6ABBF1D0
:101FA000020F82F40002A2F5000207EE902A53F815
:101FB000212082F40002B8EEE77AA2F5000227EEB3
:101FC000067A07EE902A0AEB8002F8EEE77A27EE0F
:101FD000267A67EE867A82ED007A09EB80024FEA74
:101FE000800067EEA67AC2ED007A27D05EF8212045
:101FF00082F40002A2F5000207EE902A55F8212093
:1020000082F40002B8EEE77AA2F5000227EE067A23
:1020100007EE902ADCF80820F8EEE77A024427EE73
:10202000267A67EE867A82ED007A98ED0C7ADCF8F3
:102030000C2067EE877A0244C2ED007A02318C42AE
:10204000A8D8D7F8109060466208BB694946FD6978
:102050009847D8F82C307A69D8ED0D6A1A441FEDEC
:10206000407A1FED406A131D9246DFF8C4C2002279
:10207000FB612B1DAB4ED9E9008E4EE0F4EEC67A23
:10208000F1EE10FAC0F2C580304645F822000EEBA2
:102090000100D0ED007A66EEA77AF4EEC77AF1EE91
:1020A00010FA49D9F4EEC67AF1EE10FAC0F2BF8008
:1020B0003046BBF1020F43F822002AD0D9F80800BD
:1020C0000844D0ED007A66EEA77AF4EEC77AF1EE16
:1020D00010FA35D9F4EEC67AF1EE10FAC0F2AE80FD
:1020E00030464AF82200D9F80C000144D1ED007ABC
:1020F00066EEA77AF4EEC77AF1EE10FA1ED9F4EE86
:10210000C67AF1EE10FAC0F28B803146F86940F8D9
:102110002210023294427FF6CEAB510808EB8100C8
:102120008900D0ED007A66EEA77AF4EEC77AF1EE78
:1021300010FAA3D86046A8E76046BAE76146E5E72B
:102140006046CEE7224649466046BB699847FFF79E
:10215000B2BBC7F810B0002298ED0C6A331DDFED5A
:10216000726AD7F81CB0786956F8221007EE901AF8
:1021700053F82210B8EEE77A07EE901A51080232AF
:10218000F8EEE77A27EE267A0AEB810E94420BEB03
:10219000810167EEA67A27EE067A67EE867A8EEDE3
:1021A000007AC1ED007ADFD88300D7F810B07B61E8
:1021B0004DE61A46C7F810B098ED0C6A331DDFEDF6
:1021C0005B6AD7F81CB0786936F9221007EE101A4E
:1021D00033F9221007EE901AB8EEC77A510802328E
:1021E000F8EEE77A27EE267A0AEB810E94420BEBA3
:1021F000810167EEA67A27EE067A67EE867A8EED83
:10220000007AC1ED007ADFD88300D7F810B07B6187
:1022100034E5F0EE675AFEEEE45A15EE900A34E724
:10222000F0EE675AFEEEE45A15EE901A6EE7F0EE05
:10223000675AFEEEE45A15EE900A3AE7F0EE675A56
:10224000FEEEE45A15EE900A4BE767EEA57AFDEE36
:10225000E77A17EE900A00B232E567EEA57AFDEE56
:10226000E77A17EE900A00B23FE5F0EE675AFEEE0D
:10227000E05A15EE901A4CE6F0EE675AFEEEE05A80
:1022800015EE900A30E6F0EE675AFEEEE05A15EED3
:10229000900AFDE5F0EE675AFEEEE05A15EE900A60
:1022A0000AE667EEA57AFDEEE77A17EE901A09B214
:1022B0004AE567EEA57AFDEEE77A17EE900A00B2DE
:1022C0002CE5F0EE675AFEEEE45A15EE902A1FE474
:1022D00067EEA57AFDEEE77A17EE902A12B2FFF7C5
:1022E00031BBF0EE675AFEEEE45A15EE902AFFF786
:1022F000FDBBF0EE675AFEEEE05A15EE902AFFF7AE
:102300009BBBF0EE675AFEEEE05A15EE902AFFF7FF
:1023100080BB67EEA57AFDEEE77A17EE902A12B23F
:10232000FFF724BB82FF7F00000000300000003870
:102330007E0080FF30B5184C154685B0046004F16E
:10234000080EEC460FC98EE80F00D4ED047AF5EEC6
:10235000C07A8CE80F00F1EE10FA1ADDB7EE006AD1
:1023600094ED057A27EE277AC6EE276A84ED0D7A7A
:10237000C4ED0C6A6DB1204640F8185F01F0C4FC52
:10238000064903690020064A2162A262E36005B0A3
:1023900030BD012005B030BD08E10124002000302F
:1023A0000000003000680830704700BFB1F5807F42
:1023B00003680A4628BF4FF48072B1F5807F9A60A7
:1023C00094BF0020012070470068183001F0FCBC69
:1023D00030B5046883B00D46E3694BB1A3680020B3
:1023E000E26A616A9B00009004F11C0001F08EFC1F
:1023F000A3680748A26A9B00216A009004F11800B4
:1024000001F084FC0020C4E9005003B030BD00BFDF
:102410007917000810B4074B4FF07E51302400228A
:10242000032019619C60D8605DF8044B5961C3E9D1
:102430000622704708E10124704700BFF8B5134F2A
:102440003C687F2C07D98023114A42F224411C4664
:102450003B60A2F87E100F4D2B68012B0AD90C4E61
:102460000D4D22463146284600F018FA0028F8D1D2
:102470003860F8BD22460649074800F00FFA0028E8
:10248000F7D12B68386001332B60F8BD44E101249B
:1024900048E1012440E10124C8E1012430B4154C95
:1024A0002168F1B14B1E144DE81810F801298C4633
:1024B00019460A2A01D00D2A02D14BB1013BF4E79B
:1024C0000CF102037F2B10D98023236030BC7047AE
:1024D0000122022323600D200A236854AB5430BC30
:1024E000704701220223044DF4E70CF1010261461A
:1024F000F0E700BF44E1012448E1012410B5094C94
:1025000002460B46084821680844C1F180010FF0DB
:10251000F9FF236818442060FFF7C0FFFFF78EFF24
:1025200010BD00BF44E1012448E101240FB400B50F
:1025300083B004A951F8040B0191FFF7DFFF03B04A
:102540005DF804EB04B0704710B5044600210A485A
:1025500000F01EF9002C094B14BF0222002208488B
:102560001A60FFF7E3FF0748FFF7E0FF0A20BDE826
:10257000104002F081BD00BFC8E1012440E1012408
:102580008439010894390108064A0749074808B503
:102590000FF06AFA034A04490548BDE808400FF005
:1025A00063BA00BF0000002439240008C8E10124F8
:1025B000CCE10124074A118830B481800024064D03
:1025C00091884FF4807285600460C180C26030BC25
:1025D000704700BFAC3701080040003038B50446F2
:1025E000104694F895301942237815D0032B19D052
:1025F00094F89820002594F896300A4025700B40F6
:10260000A26001F0F8021B09F82A237100F086800D
:10261000092B73D9002038BD032BFBD8DFE803F06A
:10262000112A5102F7291CD094F98E2094F88E308B
:10263000002AEFDBE21801330020917384F88E301A
:1026400038BD94F8942094F8973022711940131FE4
:10265000012B217305D994F88F3003F0FD03012B72
:1026600045D10023237018B19022211D0FF0E3FF04
:10267000012038BD94F8973094F894201940131F26
:102680002173012B05D994F88F3003F0FD03012B42
:1026900029D10023237000284CD09022211D0FF057
:1026A000CAFF94F894200120032AB4D1237B772B0E
:1026B000B1D90922783B227184F8942084F89130B2
:1026C00038BD94F8973094F894201940012A61732A
:1026D00000D181B118B19022211D0FF0ACFF002371
:1026E0000120237038BD022300202370DCE7022381
:1026F0000020237038BD00232371EBE70122072B54
:10270000227019D101F00703A56084F88F30CBB98E
:102710000322184684F88E30227038BD08232371B6
:1027200094F8993000221940227084F89010002803
:102730009AD19DE70120B7E7082BF1D0284684F80D
:10274000943038BD4B077FF565AF8AE700220A2336
:1027500002700371704700BF70B5044682B0C1F3C8
:102760000726CDB2ADF8041002F084FC4FF480725D
:102770004FF001232060A01DA571A280E671A36027
:1027800002B0BDE8704000F0A1B900BF704700BFC3
:10279000012910B506D0022915D051B1BDE810406D
:1027A00006F0CCBB0A46344834490CF0F7FBE8B1DC
:1027B000FEE7334B0A46334C334934481C600CF077
:1027C000EDFB68B1FEE701222C492B480CF0E6FB3B
:1027D00000B1FEE72E4928480CF002FCC0B1FEE72C
:1027E0002B492A480CF0FCFB60B1FEE7284922483F
:1027F0000CF0F6FB00B1FEE726491F480CF07EFB0B
:1028000008B3FEE7244921480CF078FBA8B1FEE7A5
:10281000204919480CF072FB00B1FEE716480CF095
:10282000F5FB024640B9164B164C174917481C6079
:102830000CF0B4FB68B1FEE7FEE714480CF0E6FBD1
:102840000028ABD0FEE70C480CF0E0FB0028A5D038
:10285000FEE70F490D480CF0C3FB00B1FEE70E493F
:102860000A480CF04BFB00B1FEE708480CF0CEFB29
:10287000002893D0FEE700BF6CE4012490020024FE
:1028800008E701248D27000874020024D0E1012408
:10289000F80200245402002444020024084691B2A5
:1028A00008B502F0BFFE003818BF012008BD00BF08
:1028B000014805F021BE00BF181F0224014805F0A1
:1028C0001BBE00BF181F0224014805F015BE00BF43
:1028D000181F022410B592B0ADF804100180C9B2DF
:1028E000149C0B29C460C0E901233FD090F801C0BB
:1028F000BCF10F0F3AD8022A3FD0032A02D0012A96
:1029000000D000220E92012B02D0022B18BF002310
:10291000022C0F932CD0032C2AD0012C28D000237A
:102920000A29109327D85C4A02EB812202610A2906
:1029300014D8DFE801F0A39587796B5D4F4133250B
:102940000600564BD3F8E01041F48061C3F8E01064
:10295000D3F8E03003F480630C930C9B01230DA9A2
:10296000104603FA0CF30D9304F006FC12B010BDF0
:102970000A291094D7D90022D8E711220E92C2E773
:10298000464BD3F8E01041F40071C3F8E010D3F8DF
:10299000E03003F400730B930B9BDFE73F4BD3F85E
:1029A000E01041F48071C3F8E010D3F8E03003F494
:1029B00080730A930A9BD1E7384BD3F8E01041F0BB
:1029C0008001C3F8E010D3F8E03003F080030993EE
:1029D000099BC3E7314BD3F8E01041F04001C3F845
:1029E000E010D3F8E03003F040030893089BB5E70C
:1029F0002A4BD3F8E01041F02001C3F8E010D3F8DF
:102A0000E03003F020030793079BA7E7234BD3F89D
:102A1000E01041F01001C3F8E010D3F8E03003F00B
:102A200010030693069B99E71C4BD3F8E01041F086
:102A30000801C3F8E010D3F8E03003F00803059371
:102A4000059B8BE7154BD3F8E01041F00401C3F868
:102A5000E010D3F8E03003F004030493049B7DE717
:102A60000E4BD3F8E01041F00201C3F8E010D3F8A8
:102A7000E03003F002030393039B6FE7074BD3F8A7
:102A8000E01041F00101C3F8E010D3F8E03003F0AA
:102A900001030293029B61E70000025800440258C0
:102AA00008B5012143780069994089B204F06CFDB2
:102AB000003818BF012008BD01230A46417800698B
:102AC00003FA01F189B204F065BD00BF8378022BDF
:102AD00030B504468FB037D0032B33D0012B31D023
:102AE00000230A93E378012B2AD0022B28D000235D
:102AF0000B93002320460C9303F076F905462046FD
:102B000003F07AF923780990082B13D8DFE803F053
:102B10001F3245586B7E91A40500594BD3F8E02035
:102B200042F48072C3F8E020D3F8E03003F48073FD
:102B30000893089B09A9284604F01EFB0FB030BD7E
:102B40000B93D6E70A93CDE711230A93CAE74C4BC0
:102B500009A92846D3F8E02042F00102C3F8E0209A
:102B6000D3F8E03003F001030093009B04F004FB72
:102B70000FB030BD424B09A92846D3F8E02042F0FF
:102B80000202C3F8E020D3F8E03003F0020301931F
:102B9000019B04F0F1FA0FB030BD394B09A928466A
:102BA000D3F8E02042F00402C3F8E020D3F8E0308C
:102BB00003F004030293029B04F0DEFA0FB030BD71
:102BC0002F4B09A92846D3F8E02042F00802C3F8A9
:102BD000E020D3F8E03003F008030393039B04F0F4
:102BE000CBFA0FB030BD264B09A92846D3F8E02018
:102BF00042F01002C3F8E020D3F8E03003F01003F5
:102C00000493049B04F0B8FA0FB030BD1C4B09A923
:102C10002846D3F8E02042F02002C3F8E020D3F8A1
:102C2000E03003F020030593059B04F0A5FA0FB0F4
:102C300030BD134B09A92846D3F8E02042F04002EA
:102C4000C3F8E020D3F8E03003F040030693069B7E
:102C500004F092FA0FB030BD094B09A92846D3F809
:102C6000E02042F08002C3F8E020D3F8E03003F027
:102C700080030793079B04F07FFA0FB030BD00BFBD
:102C80000044025870B506460D4603F0ADF8044600
:102C9000304603F0B1F82A1E0146204618BF012233
:102CA000BDE8704004F076BC0023122270B586B0F7
:102CB000CDE9022304930368032B01D80423059371
:102CC000061D841D304603F08FF80546304603F09C
:102CD00093F8034601A92846019304F04DFA2046D3
:102CE00003F082F8034620461C4603F085F801A94C
:102CF00003462046019304F03FFA06B070BD00BFC2
:102D0000634A0368934210B58CB028D0614A93425D
:102D100058D0614A934200F09480604A934201D0B7
:102D20000CB010BD5E4C5F48D4F8E03043F00203B5
:102D3000C4F8E030D4F8E03003F002030A930A9BB1
:102D4000FFF7B2FFD4F8F43043F08003C4F8F43056
:102D5000D4F8F43003F080030B930B9BE0E7504C66
:102D60005148D4F8E03043F00203C4F8E030D4F81E
:102D7000E03003F002030193019BFFF795FFD4F8C5
:102D8000E83000221F2043F400131146C4F8E83055
:102D9000D4F8E83003F400130293029BD4F8D8303F
:102DA00043F00103C4F8D830D4F8D83003F001035D
:102DB0000393039B03F064F91F200CB0BDE810409F
:102DC00003F09CB9364C3948D4F8E03043F0800326
:102DD000C4F8E030D4F8E03003F080030493049B9F
:102DE000D4F8E03043F00203C4F8E030D4F8E03027
:102DF00003F002030593059BFFF756FFD4F8E83074
:102E00000022212043F480031146C4F8E830D4F8AE
:102E1000E83003F480030693069BD4F8D83043F0DF
:102E20000103C4F8D830D4F8D83003F00103079375
:102E3000079B03F025F921200CB0BDE8104003F0FA
:102E40005DB91B48FFF730FF154B00224820D3F82F
:102E5000E840114644F40004C3F8E840D3F8E840E1
:102E600004F400040894089CD3F8D84044F001040A
:102E7000C3F8D840D3F8D83003F001030993099B75
:102E800003F0FEF848200CB0BDE8104003F036B95E
:102E90000054004000580040005C0040001C0058F6
:102EA0000044025898E9012410E70124E8E70124CE
:102EB000C0E801242DE9F0431A4B87B000254FF0FC
:102EC00010099E46EC46184BFF22E04667461A70F2
:102ED0000EF118060EF13004CDE90055CDE902558A
:102EE000ADF80090BCE80F00CDE90455AEE80F0046
:102EF0009CE803000095ADF800908EE80300B8E868
:102F00000F000FC69CE803000095ADF8009086E81E
:102F100003000FCF0FC49CE8030084E8030007B050
:102F2000BDE8F083040000240DE7012410B5EFF3A1
:102F3000108472B6084B1A78120602D504B962B62C
:102F400010BD1B78D82205485BB202FB0300143089
:102F500003F0C0FDF2E700BF0DE7012410E70124F4
:102F6000014805F0AFB900BF9CE70124014805F016
:102F7000A9B900BF74E80124014805F0A3B900BF56
:102F80004CE901242DE9F0430F68D8243F4D85B06A
:102F900007FB04F4032F05EB0403036040DCCB685C
:102FA0000E46012B3CD84DD04FF0D808B646DFF87E
:102FB000FC9008FB0758BEE80F00C446ACE80F00C1
:102FC000DEF800300DF1100ECCF80030D8F808C053
:102FD00099E80F000EE90F000EEB8703BCF1010F1B
:102FE00053F8103CC8F88C3031D0BCF1020F42D0FD
:102FF000BCF1000F35D0317C8C34D8230022012065
:103000002C4403FB07534900C3E92602C3F894107C
:103010002046C3E92822C3E92A2204F045FF18B15B
:10302000012005B0BDE8F0830146204605F056F9C1
:103030000028F5D10146204605F07AF9003818BF7E
:103040000120EEE70B7C103B672BADD9E8E702F0DF
:10305000ADF90F4B98420CBF0E4B0F4BC8F8903098
:10306000C9E702F0A3F90A4B98420CBF0B4B0C4B7B
:10307000C8F89030BFE702F099F9054B98420CBFB1
:10308000084B094BC8F89030B5E700BF10E70124A2
:10309000000E27072D0FB0303211D0205F43906013
:1030A0008A62E030200BA0101A098010B4370108A2
:1030B0002DE9F041D0F8008082B00D4617461E463B
:1030C00008F18C04204605F005F92028FAD1D8F83B
:1030D0000C3073B96D002046089C33463A46A9B2BD
:1030E000009404F037FF003818BF012002B0BDE89B
:1030F000F081089B32463946204604F0FFFFF2E794
:10310000044B10221A7483F8E82083F8C02183F856
:103110009822704710E7012430B5002395B04FF492
:103120008071062204460B9306921393CDE90C138B
:10313000CDE90E33CDE9113302F03AF907282BD04F
:1031400004F1100541F2883206A9284606F042F83B
:1031500028B10123184684F85C3015B030BD022236
:10316000022306A92846CDE9002310220123CDE938
:10317000022300224FF48003CDE9042305224FF0FF
:10318000807306926A460F9341F2883306F08EF9F7
:103190000028DED115B030BD0323012084F85C3057
:1031A00015B030BD0000000070B50023A4B04FF092
:1031B00080724FF480750446ADF806300D93CDE96A
:1031C00010320122CDE90E53CDE91223CDE914339B
:1031D000002943D0F02300F1100508AEADF8063009
:1031E000C02341F2883231462846089305F0F2FFA9
:1031F00028B10123184684F85C3024B070BD41F238
:1032000088320DF10601284606F04EF803460028E4
:10321000EFD105224FF480711E93284616924FF08D
:1032200080721B9321931F9202AA9FED1F7BCDE911
:103230001C13CDE922338DED027B9FED1D7B41F206
:10324000883316A98DED047B9FED1B7B8DED067BEE
:1032500006F02CF90028CCD124B070BD00F1100587
:1032600008AE612341F2883231462846089305F0C2
:10327000B1FF0028BDD141F288320DF10601284688
:1032800006F090F80028B4D1BDF80630204623F0AF
:10329000780343F04003ADF80630FFF73DFF002808
:1032A0009ED0A6E7AFF30080000000000100000000
:1032B00010000000010000000000000000004000BD
:1032C0002DE9F04F00234FF4807501264FF08078F0
:1032D00004462DED028BABB08DF80730139321938C
:1032E000299314950E96CDF85C80CDE91533CDE980
:1032F0001863CDE91A33CDE92253CDE92433CDE962
:10330000273306231C9302F053F8072808D004F152
:10331000100741F288321CA9384605F05BFF40B126
:103320000123184684F85C302BB0BDEC028BBDE85D
:10333000F08F4FF0020A4FF0020B4FF0050941F2F7
:10334000883308AA1CA93846CDF89480CDF870902F
:103350009FED2D8BCDE908AB4FF0000A4FF4800BA9
:103360008DED0A8BCDE90CAB06F0A0F80028D7D183
:1033700041F2883238460EA905F02CFF0028CFD143
:10338000402341F288320DF1070138468DF80730AD
:1033900005F08AFF0028C3D141F288330EA902AAA2
:1033A0003846CDF83890CDF85C809FED197B8DEDD7
:1033B000048BCDE906AB8DED027B06F077F8034672
:1033C0000028ADD1CDF870904FF00109CDF8948070
:1033D0004FF00008219308AA29931CA9384622958A
:1033E000CDE92333CDE9273341F288338DED0A8BC4
:1033F000CDE90CABCDE9088906F058F8002893D048
:10340000304684F85C608FE7100000000100000087
:1034100040000000400000002DE9F043624CA3B0E2
:103420000D46046001F0C4FF072800F0A980286859
:1034300023466968AA6807C31E46AB8926F8043B81
:103440003046257B677B05F0A7FEE0B9574B012D81
:103450004FF00108E061236114BF4FF480134FF473
:103460000003C4E9058893FAA3F3B3FA83F34FF496
:103470008079013BC4F82490C4E90B0030462362F4
:1034800005F01EFE38B10122134684F85C20184670
:1034900023B0BDE8F08366230B90139041F288328D
:1034A00006A90693CDE90C90CDE90E00CDE91100F7
:1034B000304605F08FFE0028E5D1992341F288328D
:1034C00006A93046069305F085FE0028DBD10523CA
:1034D0001C9019906A4614934FF08073219014A9A0
:1034E0001D9341F288339FED2A7BCDE91A90CDE9F7
:1034F0001F008DED007B9FED287B30468DED027B1C
:103500009FED277B8DED047B05F0D0FF0028BAD11D
:1035100029462046FFF748FE0028B4D12046FFF791
:10352000CFFE03460028AED1002FB0D1189330460D
:103530000027002606AA14A9CDF86890CDE91F330C
:10354000EB2314934FF440631B934FF400531793F2
:103550004FF440431C93A0231693062319934FF076
:10356000805321934FF04073CDE906671D9306F019
:1035700015F8034600288AD0434684F85C8086E725
:1035800001230322184684F85C2023B0BDE8F083B1
:103590000000000001000000100000000100000019
:1035A000000000000000400070EA012400500052BA
:1035B0002DE9F04F8FB0414B0024026800AF9A42D2
:1035C0007C63C7E90944C7E90B4403D03C37BD46D7
:1035D000BDE8F08F3A4B40F609213A48EB46D3F864
:1035E000D42007F11C0607F1220A4FF0020942F429
:1035F00080424FF00308C3F8D420D3F8D42002F45B
:103600008042BA60BA68D3F8E02042F04002C3F8C2
:10361000E020D3F8E02002F04002FA60FA68D3F824
:10362000E02042F02002C3F8E020D3F8E02002F0CE
:1036300020023A613A69D3F8E02042F01002C3F860
:10364000E020D3F8E02002F010027A617A69D3F822
:10365000E02042F00202C3F8E020D3F8E030F86145
:1036600003F002033984BB61174B7B60BB697B6845
:1036700053F8040F7B6002F0B7FB7B6805461868BF
:1036800002F0BAFB16F8013B786207F124012846E4
:10369000C7F830807B63C7E90A9403F06DFD564597
:1036A000E5D100225C20114602F0EAFC5C2002F029
:1036B00025FD3C37DD46BD46BDE8F08F0050005289
:1036C000004402580A0A0909CCEA0124114B026895
:1036D0009A4200D07047104A70B5D2F8D4300F4CDF
:1036E00023F4804304F11806C2F8D43054F8040FD0
:1036F00002F07AFB0546206802F07EFB0146284670
:1037000003F07AFEB442F1D15C20BDE8704002F0D3
:1037100003BD00BF0050005200440258CCEA01240F
:10372000014805F0C7BF00BF80EA0124084B1A1DFD
:10373000981D03F1080110B49C1C9A6603F10A025B
:10374000C3E91834C3E91B015DF8044B5A6770479D
:1037500070EA012438B5036871B9026A00F12805DE
:1037600000F5AC74012A0CBF002140218BBB1D4B1E
:103770005722C0F858310DE0426A00F1C00500F54B
:10378000E874012A0CBF00214021EBB1164B5A22EC
:10379000C0F8D03100232046C4E901214FF4805203
:1037A0004FF48061636262614FF48042C4E9033187
:1037B0004FF48073C4E906234FF40033236202F010
:1037C00011FE58B1FFBEFEE7084B5822C0F8D031B9
:1037D000E0E7074B5922C0F85831DBE7C5E9204440
:1037E000A56338BD1000024070000240280002406E
:1037F000580002402DE9F043821D05468BB0031DA1
:1038000005F10A010830CDE9052305F10C02AB6989
:10381000CDE907010992002B3DD0EB69B3FA83F89B
:103820004FEA58180123022205AE0AAF4FF00609ED
:103830000393CDE9012356F8044B2B792278934268
:1038400016D02B68F3B1012B02D1F2B10A230493F5
:10385000204602F0D1FA03462046009302F0C4FA53
:10386000694603F089FCBE42E5D10BB0BDE8F083A8
:10387000697963789942E4D1B8F1000FF3D02B68ED
:10388000002BE0D1CDF81090E2E76378022B14BF53
:103890000A230823DBE74FF00108C3E7534A036814
:1038A000934230B505468BB055D02032934252D06A
:1038B0004F4A934204D02032934201D00BB030BD26
:1038C0004C4C4D48D4F8E03043F00103C4F8E030EC
:1038D000D4F8E03003F001030593059BD4F8E03001
:1038E00043F00803C4F8E030D4F8E03003F00803F4
:1038F0000693069BD4F8E03043F04003C4F8E03070
:10390000D4F8E03003F040030793079BD4F8F0307D
:1039100043F40003C4F8F030D4F8F03003F40003AB
:103920000893089BFFF766FFD4F8D830296843F066
:1039300001032F4A3048C4F8D830891AD4F8D83057
:1039400018BF012103F001030993099B0BB0BDE8E7
:103950003040FFF7FFBE274C2848D4F8E03043F052
:103960000103C4F8E030D4F8E03003F00103009321
:10397000009BD4F8E03043F01003C4F8E030D4F8F2
:10398000E03003F010030193019BD4F8E03043F0E2
:103990004003C4F8E030D4F8E03003F04003029371
:1039A000029BD4F8F03043F48003C4F8F030D4F82C
:1039B000F03003F480030393039BFFF71BFFD4F85D
:1039C000D830296843F00103084A0C48C4F8D830BD
:1039D000891AD4F8D83018BF012103F001030493E9
:1039E000049B0BB0BDE83040FFF7B4BE0458014063
:1039F000045C01400044025844ED0124E8EA01243B
:103A0000014803F067B800BF40EC0124014803F00F
:103A100061B800BFB8EC0124014803F05BB800BFF7
:103A20009CEE0124014803F055B800BF14EF0124B7
:103A30001A4A0368934210B40BD02032934208D044
:103A4000174A934216D02032934213D05DF8044BAC
:103A50007047144B0022D3F85442C3F85822002C6C
:103A6000F4D0D3F84802D3E9931223465DF8044B0F
:103A7000520818470B4B0022D3F8B044C3F8B424C3
:103A8000002CE3D0D3F8AC24D3F8A814D3F8A404C2
:103A9000520823465DF8044B184700BF0458014004
:103AA000045C0140E8EA0124184A0368934210B418
:103AB0000BD02032934208D0154A934217D02032BF
:103AC000934214D05DF8044B7047124BD3E9942411
:103AD0005208C3F85822002CF4D0D3E992012346AF
:103AE00001EB820100EB82005DF8044B1847094BA3
:103AF000D3F8AC24D3F8B0445208C3F8B424002C53
:103B0000E0D0D3F8A814D3F8A404E8E7045801409F
:103B1000045C0140E8EA01242DE9F04F0C684FF401
:103B20001776754F87B004FB06F6012C07EB060AE3
:103B3000C0F800A000F3A0800D468E464FF00008AC
:103B4000D44669A3D3E9002369A1D1E90001CDE9F5
:103B5000022306ABCAF8508203EB8403CDE90401CB
:103B600053F810BC53F8083CCAE992880193BEE8A8
:103B70000F00ACE80F00BEE80F00ACE80F00019B9F
:103B80009EE80300CAF828B0CAF8C0308CE80300E9
:103B90002B69042B0CD8DFE803F0737D87910300B9
:103BA0004FF41773554A03FB04739A64C3F8E0207B
:103BB000AA692B6A002A43D0002B4FF4177308BF61
:103BC000022203FB047318BF0322DA6201221A6384
:103BD000EA696B6A002A40D1191E4FF4177318BFA7
:103BE000012103FB0473C3E931126B69022B05D871
:103BF000434A12F80380434A52F823904FF4177354
:103C000006F128004246494603FB04740023384469
:103C100063646363E365C4F8DC30C4F8CC30C4F893
:103C2000F430C4E90F33C4E91533C4E93533C4E9CA
:103C30003B33022307F0E0FD002849D0FFBEFEE73A
:103C4000191E4FF4177318BF012103FB0473C3E956
:103C50000B12EA696B6A002ABED0002B4FF417736F
:103C600008BF022203FB047318BF0322C3F8C42059
:103C70000122C3F8C820B8E7012007B0BDE8F08FE3
:103C80004FF417734FF4FA5203FB04739A64C3F8AA
:103C9000E0208DE74FF417734FF47A5203FB04735F
:103CA0009A64C3F8E02083E74FF417734FF4FA42A5
:103CB00003FB04739A64C3F8E02079E74FF41773A9
:103CC0004BF6803203FB04739A64C3F8E0206FE77D
:103CD00006F1C000022342464946384407F08CFDF5
:103CE0000028CAD0FFBEFEE704580140045C014032
:103CF00024580140245C0140E8EA012400770100D7
:103D00003C3A0108403A01080068704770B5046801
:103D100082B015460E46C4F85032C4E99212069A93
:103D2000C4F85422A269012A26D0626A012A9AB2F2
:103D300011D0294604F1C000019207F019FE236A50
:103D4000019A012B10D0294604F1280007F010FE3B
:103D5000002002B070BD04F1C000019207F09AFE8D
:103D6000236A019A012BEED1314604F1280007F0B5
:103D700091FE002002B070BD226A012A9AB211D0D1
:103D8000294604F12800019207F0F2FD636A019AC6
:103D9000012B10D0294604F1C00007F0E9FD0020F6
:103DA00002B070BD04F12800019207F073FE636A4F
:103DB000019A012BEED1314604F1C00007F06AFEF2
:103DC000002002B070BD00BF03681B69042B05D83A
:103DD000044A02EB830393ED000A70479FED020A49
:103DE000704700BF4C3A010800803B470368D3F896
:103DF000580270471F4BC1680268F0B5D3F88C5069
:103E000083B00369ADB24D1BA2B1AB4212D00446E0
:103E1000866811D2F018E91ACDE9001001F064F8B3
:103E20000023DDE90010D4E90062B047E3682561B2
:103E3000AB421BD003B0F0BDF018C91ACDE90001A8
:103E400001F052F80023DDE90001D4E90072B8471F
:103E50003046294601F048F800233046626829467A
:103E60002668B047E3682561AB42E3D100232361B4
:103E700003B0F0BD000002402DE9F84F04460F46A4
:103E800090461E4600F13405284608F01FFA202807
:103E9000FAD14FF480630020C4F8D030C4F8483120
:103EA0004FF44033C4F8CC00C4F8E030C4F85831C3
:103EB0004E4BC4F8DC00C4F8C03003F57A73C4F884
:103EC000E400C4F838314023C4F8C800C4F84031D5
:103ED000E369C4F84401C4F85401C4F85C01C4E9BE
:103EE0003500C4E95300072B0BD8DFE803F061531A
:103EF0005A373E454C045123C4F8C4305223C4F809
:103F00003C3104F59C79484602F06CFA08B1FFBEDA
:103F1000FEE7C4F8A890C4F87051EFF3108972B6A8
:103F2000DFF8D0B094F91C30DFF8CCA08BF800306B
:103F30000A9B2F4CCAF800300B9B23600EB1184629
:103F4000B0471FFA88F23946284607F0A9FFB0BBF0
:103F5000B9F1000F00D162B6BDE8F88F3F23C4F875
:103F6000C4304023C4F83C31CBE74123C4F8C4300B
:103F70004223C4F83C31C4E74723C4F8C430482383
:103F8000C4F83C31BDE74F23C4F8C4305023C4F813
:103F90003C31B6E72B23C4F8C4302C23C4F83C31A1
:103FA000AFE72D23C4F8C4302E23C4F83C31A8E772
:103FB0002923C4F8C4302A23C4F83C31A1E7FF23E5
:103FC0008BF800300023CAF8003023600A9B3BB115
:103FD0000B98012198470120B9F1000FBCD1BAE735
:103FE0000120B9F1000FB7D1B5E700BF880002404A
:103FF000D8FE0124D4FE0124D0FE01242DE9F84F7F
:1040000004460F4690461E4600F13405284608F047
:104010005DF92028FAD14FF480630020C4F8D03035
:10402000C4F848314FF44033C4F8CC00C4F8E03051
:10403000C4F858314E4BC4F8DC00C4F8C03003F566
:104040007A73C4F8E400C4F838314023C4F8C800D7
:10405000C4F84031E369C4F84401C4F85401C4F819
:104060005C01C4E93500C4E95300072B0BD8DFE835
:1040700003F061535A373E454C045123C4F8C43011
:104080005223C4F83C3104F1C009484602F0AAF9B1
:1040900008B1FFBEFEE7C4F8AC90C4F8F850EFF3E7
:1040A000108972B6DFF8D0B094F91C30DFF8CCA0DC
:1040B0008BF800300A9B2F4CCAF800300B9B236012
:1040C0000EB11846B0471FFA88F23946284607F065
:1040D00039FFB0BBB9F1000F00D162B6BDE8F88F6F
:1040E0003F23C4F8C4304023C4F83C31CBE741231C
:1040F000C4F8C4304223C4F83C31C4E74723C4F8B1
:10410000C4304823C4F83C31BDE74F23C4F8C43061
:104110005023C4F83C31B6E72B23C4F8C4302C2319
:10412000C4F83C31AFE72D23C4F8C4302E23C4F8C3
:104130003C31A8E72923C4F8C4302A23C4F83C3111
:10414000A1E7FF238BF800300023CAF8003023607A
:104150000A9B3BB10B98012198470120B9F1000F50
:10416000BCD1BAE70120B9F1000FB7D1B5E700BF64
:1041700088000240D8FE0124D4FE0124D0FE012490
:104180002DE9F0410D4682B0EFF3108772B6002999
:1041900048D1FF23254A264C237013682BB10020F9
:1041A00029461060234A1068984723781B0625D5B6
:1041B000DFF888800025204E444605E001351C3498
:1041C00006F5D876092D19D0A369012B1BD0002B39
:1041D000F4D1216830460029F0D063690193236946
:1041E0000093E3682289FFF709FF0028E6D1C5EBB9
:1041F000C50508EB850348F82500586007B962B685
:1042000002B0BDE8F08161680029D7D0636930460B
:10421000019323690093E3682289FFF72DFE0028AC
:10422000CCD1E4E709F04EFBB3E700BFD0FE012498
:10423000D4FE0124D8FE0124A0EF01244C00002468
:10424000F0B5002387B0022204460493CDE902238F
:10425000027EC3690B2A4FEA430523D1A27E0B2AB3
:1042600002D1002007B0F0BD48496B1C484851F806
:104270002330457801781878E67E884269D08242FA
:1042800077D0D87803F1030C81426ED0824278D087
:10429000987903F1060C88426FD0824233D0012016
:1042A00007B0F0BD394B3A4853F8253001784678CD
:1042B000187894F819C081423DD0824241D0D87814
:1042C00003F1030E814240D082424AD0987903F133
:1042D000060E884241D08242E1D1DB796345DED1CE
:1042E000734604F118069B783046059301F07CFD77
:1042F000034630461E4601F07FFD01A9019030467D
:1043000002F03AFFAAE7DB79B342C8D163461A3418
:104310009B782046059301F067FD034620461C4626
:1043200001F06AFD034601A92046019302F024FF33
:10433000002007B0F0BD93F801E0B645BFD082423F
:10434000BDD158786045BAD1CBE71F79B742BBD110
:10435000BCE75F78AF4292D193E7D979B142BAD145
:104360009DE718796045B1D1BAE71F79AF428DD189
:104370008EE75878B04284D1C9E7D979A9428CD167
:104380008DE71879B04283D1C0E700BF64010024F3
:10439000600100247E4A03689342F0B58FB000F0BC
:1043A000E380A2F54C42934200F0E08002F5806287
:1043B000934200F0DD8002F58062934200F0DA80E3
:1043C00002F58062934200F0D98002F544429342A4
:1043D00000F0D280A2F51C42934200F0D18002F599
:1043E0008062934200F0CE806A4A934240F0CC80D3
:1043F0000826694D4FF4D87404FB0654A07E01F0E2
:1044000003FD207E01F000FDE369082B13D8DFE8EF
:1044100003F03B49576573818F9D05005F4BD3F8CF
:10442000F42042F00802C3F8F420D3F8F43003F08B
:1044300008030893089B2046FFF702FF012801D1DB
:10444000FFBEFEE74FF4D8740EAA554F0DF1240CB1
:1044500004FB0654E36902EB43050FCFACE80F0001
:104460003B680022ACF80030114635F9140C01F01D
:1044700007FEE3690EAA02EB430333F9140C0FB0F5
:10448000BDE8F04001F03ABE444BD3F8F02042F0D2
:104490001002C3F8F020D3F8F03003F010030093BB
:1044A000009BC8E73D4BD3F8E82042F40032C3F844
:1044B000E820D3F8E83003F400330193019BBAE716
:1044C000364BD3F8E82042F48022C3F8E820D3F832
:1044D000E83003F480230293029BACE72F4BD3F820
:1044E000E82042F40022C3F8E820D3F8E83003F4CF
:1044F00000230393039B9EE7284BD3F8E82042F464
:104500008012C3F8E820D3F8E83003F48013049352
:10451000049B90E7214BD3F8F02042F02002C3F82F
:10452000F020D3F8F03003F020030593059B82E7D9
:104530001A4BD3F8E82042F08042C3F8E820D3F8C1
:10454000E83003F080430693069B74E7134BD3F8DF
:10455000E82042F00042C3F8E820D3F8E83003F046
:1045600000430793079B66E7002642E7012640E7E2
:1045700002263EE703263CE705263AE7042638E70D
:10458000062636E7072634E700239B7EFFDE00BFC2
:1045900000100140000C0058A0EF01240044025814
:1045A000C43701082DE9F04F91B0002301223F49A3
:1045B0000DF1240A09938B4601F11C09CAF8143045
:1045C00001F13808CDF800A001F15407CDF804A09E
:1045D00001F17006CDF808A001F18C05CDF80CA012
:1045E00001F1A804CDF810A001F1C40ECDF814A07B
:1045F00001F1E00CCAE90133CAE903330F92FF224B
:104600002B4BCDE906AA1A70BAE80F00ABE80F00F1
:104610009AE80700009B8BE807009B46BBE80F0069
:10462000A9E80F009AE80700019B89E8070099466E
:10463000B9E80F00A8E80F009AE80700029B88E895
:1046400007009846B8E80F000FC79AE80700039BD9
:1046500087E807001F460FCF0FC69AE80700049BA4
:1046600086E807001E460FCE0FC59AE80700059B97
:1046700085E807001D460FCD0FC49AE80700069B8A
:1046800084E807001C460FCCAEE80F00079B9AE8B1
:1046900007001C468EE807000FCCACE80F009AE834
:1046A00007008CE8070011B0BDE8F08F4C00002433
:1046B000D4FE012410B5094C04F1340007F014FDB8
:1046C000237D1BB1636BDB69DB0600D410BD204684
:1046D000FFF790FB636B10221A6210BDA0EF01245C
:1046E00010B50B4C04F5F27007F0FEFC94F8C431E1
:1046F00023B1D4F8E431DB69DB0600D410BD04F546
:10470000D870FFF777FBD4F8E43110221A6210BD9D
:10471000A0EF012410B50B4C04F5657007F0E4FC24
:1047200094F8743323B1D4F89433DB69DB0600D4F6
:1047300010BD04F55870FFF75DFBD4F894331022D8
:104740001A6210BDA0EF012410B50B4C04F24450C6
:1047500007F0CAFC94F8243523B1D4F84435DB695A
:10476000DB0600D410BD04F5A260FFF743FBD4F8CC
:10477000443510221A6210BDA0EF012410B50B4C75
:1047800004F2F46007F0B0FC94F8D43623B1D4F806
:10479000F436DB69DB0600D410BD04F5D860FFF702
:1047A00029FBD4F8F43610221A6210BDA0EF0124C0
:1047B00010B50B4C04F6A40007F096FC94F884386E
:1047C00023B1D4F8A438DB69DB0600D410BD04F5AE
:1047D0000760FFF70FFBD4F8A43810221A6210BD4F
:1047E000A0EF012410B50B4C04F6542007F07CFC1C
:1047F00094F8343A23B1D4F8543ADB69DB0600D498
:1048000010BD04F52260FFF7F5FAD4F8543A1022EF
:104810001A6210BDA0EF012410B50B4C04F6044041
:1048200007F062FC94F8E43B23B1D4F8043CDB6964
:10483000DB0600D410BD04F53D60FFF7DBFAD4F8C9
:10484000043C10221A6210BDA0EF012410B50B4CDD
:1048500004F6B45007F048FC94F8943D23B1D4F822
:10486000B43DDB69DB0600D410BD04F55860FFF7EA
:10487000C1FAD4F8B43D10221A6210BDA0EF012491
:1048800010B5EFF3108472B6084B1A78120602D5F1
:1048900004B962B610BD1B784FF4D87204485BB2FD
:1048A00002FB0300C03002F015F9F1E7D4FE012449
:1048B000A0EF012410B5EFF3108472B6094B1A78FB
:1048C000120602D504B962B610BD1B784FF4D87237
:1048D00005485BB202FB030000F59C7002F0FAF899
:1048E000F0E700BFD4FE0124A0EF01240021FFF770
:1048F00047BC00BF214A036893422BD0A2F54C422B
:10490000934229D002F58062934227D002F580625B
:10491000934225D002F58062934223D002F54442AF
:10492000934221D0A2F51C4293421FD002F580622F
:1049300093421DD0124A93421CD108224FF4D871E1
:10494000104B01FB0233197D11B11846FFF752BA23
:10495000FFF716BC0022F1E70122EFE70222EDE7A4
:104960000322EBE70422E9E70522E7E70622E5E771
:104970000722E3E700231B7DFFDE00BF001001409C
:10498000000C0058A0EF0124204A0368934229D06C
:10499000A2F54C42934227D002F58062934225D083
:1049A00002F58062934223D002F58062934221D0C7
:1049B00002F5444293421FD0A2F51C4293421DD0FF
:1049C00002F5806293421BD0114A93421AD1082308
:1049D00010484FF4D87202FB0300037D03B97047FF
:1049E000FFF708BA0023F3E70123F1E70223EFE71B
:1049F0000323EDE70423EBE70523E9E70623E7E7D5
:104A00000723E5E700231B7DFFDE00BF0010014008
:104A1000000C0058A0EF01240121FFF7B1BB00BF3B
:104A20002DE9F0414F684FF4D876DFF8C0808E460C
:104A300007FB06F60C46082F08EB0605056005F196
:104A4000180CBEE80F00ACE80F009EE807008CE8E9
:104A5000070002D86B6A022B02D90120BDE8F08161
:104A60002A6A032AF9D8A96A0229F6D8E86A02282C
:104A7000F3D80131DFF878C0343689005CF827704C
:104A800046446F63A469A9641549AC6351F82330A7
:104A90006B64144B53F82230134A2B64002352F8F2
:104AA000201001223046EB65E963C5E91333C5E9FF
:104AB000153208F007FF0028CFD10146304608F034
:104AC00059FF0028C9D10146304608F0A1FF00284F
:104AD000C3D1304608F030FF0028BED12875BDE7AD
:104AE000843A0108903A0108A03A0108A0EF012495
:104AF000603A0108F8B504681646069A4FF48077C4
:104B0000236000236260012223610D4622753C4A26
:104B1000C4F8CC30C4F8C0204FF48062C4F8E4304C
:104B2000C4F8C830C4F8D0204FF44032A160E66029
:104B3000C4E93533E369C4E93772072B0BD8DFE8E2
:104B400003F02E353C434A51580451225223C4F8F5
:104B5000C420C4F83C3104F1C007384601F042FCDF
:104B600008B10120F8BD626B04F13403C4F8AC70E5
:104B70003146C4F8F8301F461368284643F0100346
:104B8000136000F0B1F92946B2B2384607F0DAF9FD
:104B90000028E6D194F91C201A4B1A70F8BD29227E
:104BA0002A23C4F8C420C4F83C31D4E72B222C2398
:104BB000C4F8C420C4F83C31CDE72D222E23C4F81C
:104BC000C420C4F83C31C6E73F224023C4F8C420C7
:104BD000C4F83C31BFE741224223C4F8C420C4F8E2
:104BE0003C31B8E747224823C4F8C420C4F83C311C
:104BF000B1E74F225023C4F8C420C4F83C31AAE7DF
:104C000088000240D4FE01240368187D704700BF6D
:104C1000006892B208B534300A2307F0B1F80038C2
:104C200018BF012008BD00BF534B0122002047F6EA
:104C3000122130B4C3E97420C3E97721C3E9E0202D
:104C4000C3E9E3211A62DA6258621963C3F83025B6
:104C5000C3F83405C3F83C25C3F84015C3F8E02673
:104C6000C3F8E406C3F8EC26C3F8F016C3F890289E
:104C7000C3F89408C3F89C28C3F8A018C3F8402AC6
:104C8000C3F8440AC3F84C2AC3F8501AC3F8F02BEF
:104C9000C3F8F40BC3F8FC2BC3F8001CC3F8A40D35
:104CA0003648C3F8A02DC3F8AC2DC3F8B01D028858
:104CB000837833490068334CCA804FEA104C0B723A
:104CC0003149E2802372A1F80320A4F80320637124
:104CD0004B712E4CCA800B722D492E4DE2802372EF
:104CE000A1F80320A4F8032063714B712A4CCA80F9
:104CF0000B722A49EA8008802B7281F802C0E28098
:104D00002372A1F803204B71CA800B722449A1F8C9
:104D100003204B71CA800B722249A1F803204B710A
:104D2000CA800B722049088081F802C0A1F80320D4
:104D30004B71CA800B721D49088081F802C0A1F82E
:104D400003204B71CA800B721949088081F802C098
:104D50001848A1F803204B71CA800B721649A0F8BD
:104D600003204371C2800372A1F803204B71CA80F3
:104D70000B7230BC704700BFA0EF0124600100241B
:104D8000E80100240C020024000200242402002474
:104D900018020024F4010024D001002400FF0124A3
:104DA00030020024DC010024DCFE0124F4FE012496
:104DB000E8FE012454010024480100243E4B002257
:104DC0000B20114610B5D3F8D84082B044F001044E
:104DD000C3F8D840D3F8D84004F001040094009CF4
:104DE000D3F8D84044F00204C3F8D840D3F8D83000
:104DF00003F002030193019B01F042F90B2001F043
:104E00007DF900220C20114601F03AF90C2001F046
:104E100075F900220D20114601F032F90D2001F044
:104E20006DF900220E20114601F02AF90E2001F042
:104E300065F900220F20114601F022F90F2001F040
:104E40005DF900221020114601F01AF9102001F03E
:104E500055F900223C20114601F012F93C2001F0E6
:104E60004DF900221120114601F00AF9112001F03C
:104E700045F900223820114601F002F9382001F0EE
:104E80003DF900223920114601F0FAF8392001F0ED
:104E900035F900223A20114601F0F2F83A2001F0EB
:104EA0002DF900223B20114601F0EAF83B2002B028
:104EB000BDE8104001F022B90044025820F01F0064
:104EC0002031BFF34F8F002907DD064A0144C2F8A5
:104ED000680220300B1A002BF9DCBFF34F8FBFF3B1
:104EE0006F8F704700ED00E020F01F002031BFF30E
:104EF0004F8F002907DD064A0144C2F85C022030CA
:104F00000B1A002BF9DCBFF34F8FBFF36F8F704785
:104F100000ED00E0704700BF08B501F075F8BDE88E
:104F2000084001F075B900BF064808B503680BB129
:104F300002F034FB044803681BB1BDE8084003F0ED
:104F4000DBBA08BD2829022420230224064808B51C
:104F500003680BB102F022FB044803681BB1BDE8F3
:104F6000084003F0C9BA08BD2829022420230224DE
:104F7000064808B503680BB102F010FB044803684B
:104F80001BB1BDE8084003F0B7BA08BD28290224C8
:104F900020230224364BDA6A520062D59A6A9A6A52
:104FA0009A6A9B6A180600D500BE314B9B6A990627
:104FB00000D500BE2E4B9B6ADA0600D500BE2C4BF6
:104FC0009B6A1B0700D500BE294B9B6A980700D53A
:104FD00000BE274B9B6AD90700D500BE244B9B6AB5
:104FE0001A0400D500BE224B9B6A9B0400D500BE6C
:104FF0001F4B9B6AD80400D500BE1D4B9B6A190548
:1050000000D500BE1A4B9B6A5A0500D500BE184B4E
:105010009B6A9B0500D500BE154B9B6AD80500D541
:1050200000BE134B9B6A990100D500BE104B9B6AD2
:10503000DA0100D500BE0E4B9B6A1B0300D500BEF3
:105040000B4B9B6A580300D500BE094B9B6A990322
:1050500000D500BE064B9B6ADA0306D400BE00BE34
:10506000FEE7DB6A9B07FAD5F8E700BEF6E700BF6C
:1050700000ED00E000F0D4BF00F0D8BF0A4B9B6801
:1050800003F17843B3F5003F0BD3084B986848B160
:105090009868012806D09868022803D09B680320EE
:1050A00070470120704700BF00ED00E0000080382D
:1050B0002DE9F041CEB004464C2200210AA80DF0A3
:1050C0002FFA2022002102A80DF02AFABC2200218A
:1050D0001EA80DF025FA022003F00AFF2368012B19
:1050E0004FF0000354D0534A02250193C820D16ADF
:1050F000514B21F00101D162D26A02F0010201920A
:105100009A6942F440429A619B6903F440430193D7
:10511000019B494A93699B04FCD54849022400221B
:1051200001268B6A04274FF0080823F0030323436A
:105130008B62052316900AA818934FF480331096BB
:10514000179419941597CDF86880CDE91B22212278
:10515000CDE91344CDE90A2304F0B4FB00B1FEE726
:105160003F220323294602A8CDE902230022082377
:10517000CDE9042340224023CDE9062340234FF408
:105180008062CDE9082304F0CBFE0346B8B1FEE708
:10519000294A04250093F0209169264B41F44041AF
:1051A0009161926902F440420092DA6A42F001028F
:1051B000DA62DB6A03F001030093009BA9E7202277
:1051C0004FF4805125934FF440152B9280222D935C
:1051D0001EA83093269135914FF480712492349219
:1051E0000C223394439140F2271120921022CDF8E3
:1051F00084802A971F96CDE92E34CDE93B334FF4B6
:105200008033CDE922463193002446930623CDE92D
:105210003E4527934FF48063094C2C931E94CDE9AF
:10522000281205F0D9F800B1FEE703F087FE4EB072
:10523000BDE8F081000400580048025800440258BC
:105240000F130F0370B584B0012400F08FFF4FF4EB
:1052500080764FF04052194B68460025ADF800406B
:105260000396CDE9012300F09FFF19224FF0404340
:1052700068468DF8082001938DF80F40ADF80D6059
:105280008DF801408DF80A5000F08EFF02230B22AA
:1052900068468DF80F508DF801304FF062538DF84D
:1052A00008200193ADF80D408DF80A4000F07CFF16
:1052B000042000F069FF04B070BD00BF0E000103C0
:1052C00030B50D46044685B0D1E9000184E80300FD
:1052D00000F06AFEAB79A3B3FFF770FDFDF7EAFDBE
:1052E0000AF0D8FEFFF75EF92B798BBB6B799BB187
:1052F000BFF34F8FBFF36F8F2A4B0022C3F85022AA
:10530000BFF34F8FBFF36F8F5A6942F400325A6177
:10531000BFF34F8FBFF36F8F4FF0FF320023002496
:1053200000256946204802928DF80C30CDE90045F1
:105330000BF0D0FA1C480BF035FB0AF0DBFA05B095
:1053400030BD2046FFF7B4FE2046FFF77BFFC3E7E2
:10535000144C0023C4F88430BFF34F8FD4F880106E
:1053600043F6E07EC1F34E3CC1F3C9014FEA4C1C49
:105370000CEA0E000B4640EA8372013BC4F860223F
:105380005A1CF8D1ACF1200C1CF1200FF0D1BFF366
:105390004F8F636943F480336361BFF34F8FBFF373
:1053A0006F8FA3E700ED00E00CFF012404F0E8BEDE
:1053B0001C4B9B6803F17842B2F5003F25D3B3F54F
:1053C000803F20D303F16042B2F5003F1FD303F1C9
:1053D0005C42B2F5002F1CD303F17042B2F5902F5E
:1053E00019D303F14842B2F5803F16D303F180424E
:1053F000B2F1806F13D303F1E043B3F5000F2CBF7C
:1054000008200720704701207047002070470220C5
:10541000704703207047042070470520704706201E
:10542000704700BF00ED00E003480023034A044931
:1054300003600CF019BB00BF0CFF01240000002426
:10544000154F000810B4204C0022204B83B0D4F834
:1054500088101F4841F47001C4F8881019681D4C69
:1054600041F0010119601A61196808401A49186071
:105470009A61DA611A629A62DA621A635A639A630B
:10548000DA631A645A64186820F4802018601A6677
:10549000D3F8DC2042F06042C3F8DC20D3F8DC30E3
:1054A0000193019B23681940B1F1005F03D20B4BBC
:1054B0000122C3F80821044B4FF000629A6003B048
:1054C0005DF8044B704700BF00ED00E00044025857
:1054D0007FEDF6EA0010005C0000FFFF0080005145
:1054E000704700BF0020704770B50446074E0D4658
:1054F0003046214609F014FD304609F033FD044BD7
:10550000204629461B689847002070BDD0E1012441
:10551000101F022470B50446074E0D463046214642
:1055200009F0FEFC304609F01DFD044B20462946DB
:105530001B689847002070BD6CE40124141F0224EE
:1055400000220949094808B509F0E0FC0849074864
:1055500009F0E6FC074B1A680AB1002008BD064AAC
:1055600000201A6008BD00BF100F0224D0E1012402
:1055700010FF0124101F0224E154000800220949F1
:10558000094808B509F0C2FC0849074809F0C8FCF9
:10559000074B1A680AB1002008BD064A00201A60AD
:1055A00008BD00BF101702246CE401241007022478
:1055B000141F0224E154000820280AD0212806D113
:1055C000094B18689A889B7908608A808B71002043
:1055D0007047054B0868B1F804C08A79186000204C
:1055E000A3F804C09A7170476402002420280AD0EE
:1055F000212806D1094B18689A889B7908608A800F
:105600008B7100207047054B0868B1F804C08A7997
:1056100018600020A3F804C09A7170476C0200243F
:105620000020704710B5094CD4F89032D3F81432EA
:105630000BB1012010BD0A460146204609F066FC68
:105640002046BDE8104009F073BC00BFD0E1012442
:105650004B4A036830B593428BB04FF00004CDE95C
:105660000444CDE90644089404D0464A934249D004
:105670000BB030BD444D4FF4C0524448D5F8E03033
:1056800043F00103C5F8E030D5F8E03003F0010342
:1056900000930223009904A9CDE904230A23089367
:1056A00001F06AFD4FF40072002304A93748069404
:1056B000CDE9042301F060FDD5F8D830224621461B
:1056C00043F000636220C5F8D830D5F8D83003F035
:1056D00000630193019B00F0D3FC622000F00EFDFB
:1056E00022462146632000F0CBFC632000F006FD3B
:1056F00022462146652000F0C3FC652000F0FEFC38
:105700000BB030BD204D4FF4404204A9D5F8E03035
:1057100043F00203C5F8E030D5F8E03003F00203AF
:105720000293022302981A48CDE904230C2308931C
:1057300001F022FDD5F8D830224621464A2043F018
:105740000073C5F8D830D5F8D83003F00073039350
:10575000039B00F095FC4A2000F0D0FC2246214635
:105760004B2000F08DFC4B2000F0C8FC2246214667
:105770004D2000F085FC4D2000F0C0FC0BB030BD8A
:105780000000084000000440004402580000025895
:105790000004025800F57171D0F8040409F04EBC01
:1057A000C1EBC10300EB8303D0F80404D3F8082253
:1057B00009F072BCC1EBC10300EB8303D0F8040411
:1057C0009A6C09F0A7BC00BFD0F8040409F046BDEC
:1057D000C16810B5044619B1022900D0FEE70121C5
:1057E000D4F8040409F024FDD4F80404BDE8104002
:1057F00009F0F6BC10B50446D0F8040409F01CFD0D
:105800002268D2F8003E43F00103C2F8003E236A4A
:1058100023B1034A136943F00603136110BD00BFAF
:1058200000ED00E0D0F8040409F010BDD0F8040445
:1058300009F024BDD0F8040409F01EBDD0F804041A
:1058400009F01EBDD0F8040409F01CBD70B506783F
:1058500004461EB1012E30D0002070BD304D09230A
:10586000304AC5F80404C0F8985228462E612E63C9
:10587000C5E9002302230222EB600023C5E90623C9
:1058800000220023C5E9082301220123C5E90A23D8
:1058900002F07AFD00B1FEE78021284603F008FB04
:1058A00031464022284603F0D9FA802201212846B9
:1058B00003F0D4FA2678012ECED11B4D09221B4BC2
:1058C00000216A6002222B600223C5F804442846A6
:1058D000EB600023C4F898522961C5E90623002231
:1058E0000023C5E90823C5E90C2301220023C5E9EB
:1058F0000A2302F049FD044600B1FEE74FF40071AF
:10590000284603F0D5FA21468022284603F0A6FA5D
:105910004FF4BA723146284603F0A0FA9CE700BF64
:10592000181F022400000840202302240000044025
:10593000D0F8980208B502F0BDFD032802D8024B4A
:10594000185C08BD022008BDBC3A01089446D0F896
:1059500098021A4608B5634603F032F9032802D8C4
:10596000024B185C08BD022008BD00BFBC3A01080C
:10597000D0F8980208B503F061F9032802D8024B69
:10598000185C08BD022008BDBC3A0108D0F8980296
:1059900008B503F0E3F9032802D8024B185C08BDF0
:1059A000022008BDBC3A0108D0F8980208B503F0FF
:1059B00019FA032802D8024B185C08BD022008BD62
:1059C000BC3A01080A06D0F8983206D4C1EBC101EE
:1059D00003EB810191F8FE01704701F07F01C1EBFB
:1059E000C10103EB810191F83E007047D0F89802A5
:1059F00008B503F0CFF8032802D8024B185C08BDA5
:105A0000022008BDBC3A0108D0F8980208B503F09E
:105A10007DF9032802D8024B185C08BD022008BD9E
:105A2000BC3A0108D0F8980208B503F03DF9032804
:105A300002D8024B185C08BD022008BDBC3A010820
:105A4000D0F8980203F058B9122301480B80704730
:105A5000C0020024122301480B807047AC020024CE
:105A6000042301480B807047D402002410B5044C75
:105A70000A460448214609F085FE204610BD00BFB5
:105A800028270224A439010810B5044C0A4604480A
:105A9000214609F077FE204610BD00BF28270224CA
:105AA000B439010810B5044C0A460448214609F0EF
:105AB00069FE204610BD00BF28270224C83901080E
:105AC00010B5044C0A460448214609F05BFE204606
:105AD00010BD00BF28270224D439010810B5044C9A
:105AE0000A460448214609F04DFE204610BD00BF7D
:105AF00028270224E4390108042301480B80704759
:105B0000D402002410B5044C0A460448214609F08A
:105B100039FE204610BD00BF28270224A439010801
:105B2000464A4FF01A0CD2F80008D2F80838A1F80B
:105B300000C0C31801D142487047180FB3F1204F7D
:105B4000D2F804184FF0000C3D4A2CBF37303030EB
:105B500082F803C04FF0000C9070C3F3036082F82A
:105B600005C04FF0000C092882F807C04FF0000C68
:105B70008CBF3730303082F809C04FF0000C107104
:105B8000C3F3035082F80BC04FF0000C092882F8D1
:105B90000DC08CBF373030309071C3F303400928FB
:105BA0008CBF373030301072C3F3033009288CBFFC
:105BB000373030309072C3F3032009288CBF373060
:105BC00030301073C3F3031003F00F0309288CBFA8
:105BD00037303030092B90734FF0000094BF3033D2
:105BE0003733B1F1204FD07313744FEA11734FF074
:105BF00000002CBF37333033507400209374C1F34E
:105C00000363D0740020092B50754FF000008CBF47
:105C100037333033D0751375C1F303530848092B5C
:105C20008CBF373330339375C1F30343092B94BFD3
:105C300030333733137600235376704700E0F11F7B
:105C4000D8020024464A4FF01A0CD2F80008D2F8C5
:105C50000838A1F800C0C31801D142487047180F96
:105C6000B3F1204FD2F804184FF0000C3D4A2CBF7E
:105C70003730303082F803C04FF0000C9070C3F31F
:105C8000036082F805C04FF0000C092882F807C0B5
:105C90004FF0000C8CBF3730303082F809C04FF025
:105CA000000C1071C3F3035082F80BC04FF0000CCE
:105CB000092882F80DC08CBF373030309071C3F3A3
:105CC000034009288CBF373030301072C3F30330E3
:105CD00009288CBF373030309072C3F30320092875
:105CE0008CBF373030301073C3F3031003F00F0351
:105CF00009288CBF37303030092B90734FF00000EB
:105D000094BF30333733B1F1204FD07313744FEA5F
:105D100011734FF000002CBF373330335074002024
:105D20009374C1F30363D0740020092B50754FF0B6
:105D300000008CBF37333033D0751375C1F3035374
:105D40000848092B8CBF373330339375C1F30343B5
:105D5000092B94BF303337331376002353767047C3
:105D600000E0F11FD802002410B5044C0A46044894
:105D7000214609F007FD204610BD00BF2827022458
:105D8000D439010810B5044C0A460448214609F0EC
:105D9000F9FC204610BD00BF28270224C83901089D
:105DA000D0F8C00209F060BDD0F8C00209F074BD9F
:105DB000D0F8C00209F07CBD704700BFD0F8C00227
:105DC00009F062BDD0F8C00209F062BDD0F8D0037E
:105DD00008B501F0A3FF032802D8024B185C08BDE8
:105DE000022008BDC03A0108024B027853F8220095
:105DF000704700BFE43A0108024B427833F81200C2
:105E0000704700BFC43A01088CB00A2814D8DFE8F4
:105E100000F01523313F4D5B6977859306004D4BAC
:105E2000D3F8E02042F48062C3F8E020D3F8E030F9
:105E300003F480630B930B9B0CB07047454BD3F876
:105E4000E02042F00102C3F8E020D3F8E03003F094
:105E500001030193019BEFE73E4BD3F8E02042F0B2
:105E60000202C3F8E020D3F8E03003F0020302930B
:105E7000029BE1E7374BD3F8E02042F00402C3F87D
:105E8000E020D3F8E03003F004030393039BD3E74F
:105E9000304BD3F8E02042F00802C3F8E020D3F8FA
:105EA000E03003F008030493049BC5E7294BD3F8C3
:105EB000E02042F01002C3F8E020D3F8E03003F015
:105EC00010030593059BB7E7224BD3F8E02042F07F
:105ED0002002C3F8E020D3F8E03003F0200306935B
:105EE000069BA9E71B4BD3F8E02042F04002C3F821
:105EF000E020D3F8E03003F040030793079B9BE7D3
:105F0000144BD3F8E02042F08002C3F8E020D3F82D
:105F1000E03003F080030893089B8DE70D4BD3F826
:105F2000E02042F48072C3F8E020D3F8E03003F4BC
:105F300080730993099B7FE7064BD3F8E02042F476
:105F40000072C3F8E020D3F8E03003F400730A9342
:105F50000A9B71E700440258704700BF0F4B1B7843
:105F60000BB90120704710B504464FF47A700C4A03
:105F7000B0FBF3F31068B0FBF3F000F0E1F80F2C86
:105F800000D808B1012010BD002221464FF0FF309B
:105F900000F076F8034B00201C6010BDF2020024D4
:105FA0003C020024F402002438B50320124D00F016
:105FB00055F8124C03F014FF114A12499369C3F3C8
:105FC0000323CB5C03F01F0320FA03F30E202B60A6
:105FD000926902F00F028A5C02F01F02D340236034
:105FE000FFF7BCFF10B10124204638BD0446FFF77F
:105FF000B3FF204638BD00BF3C020024400200240D
:1060000000440258AC3A0108034A044B11681B785B
:106010000B441360704700BFEC2B0224F2020024F3
:10602000014B1868704700BFEC2B022438B50446BA
:10603000FFF7F6FF0546631C02D0044B1B781C4497
:10604000FFF7EEFF431BA342FAD338BDF202002450
:10605000014B1868000C70470010005C06494FF6B1
:10606000FF0C0002054BCA6800F4E06002EA0C0273
:1060700010430343CB60704700ED00E00000FA05D9
:106080001B4BDB68C3F3022300B5C3F1070E03F11A
:10609000040CBEF1040F28BF4FF0040EBCF1060F34
:1060A0001AD9033B4FF0FF3C0CFA03FC22EA0C0226
:1060B0004FF0FF3C00280CFA0EFC21EA0C0101FA1B
:1060C00003F141EA02010ADB09010A4BC9B20344A8
:1060D00083F800135DF804FB00221346E8E700F0A4
:1060E0000F000901044BC9B2034419765DF804FBA3
:1060F00000ED00E000E100E0FCEC00E0002807DB40
:1061000000F01F0101234009024A8B4042F8203071
:10611000704700BF00E100E000280DDB43090122C9
:1061200000F01F000549203302FA00F041F8230077
:10613000BFF34F8FBFF36F8F704700BF00E100E0E8
:10614000431EB3F1807F0CD24FF0E02200200649BD
:106150004FF0F00C5361072381F823C09061136165
:1061600070470120704700BF00ED00E0BFF35F8F74
:10617000044B00215A6A22F480325A62C3F8941008
:10618000704700BF00ED00E0064B40F00100C3F88F
:1061900094005A6A42F480325A62BFF34F8FBFF3C1
:1061A0006F8F704700ED00E0174A4378C2F89830CF
:1061B000017821B3436800B5C2F89C30C37A90F8E7
:1061C0000CC01B0690F80FE043EA0C7390F80AC06D
:1061D0000B43817B43EACC4390F80DC043EA8C43E8
:1061E00090F809C043EA4143017A43EA0E4343EA87
:1061F0000C2343EA4103C2F8A0305DF804FBC2F867
:106200009C10C2F8A010704700ED00E0704700BF7E
:1062100008B5FFF7FBFF08BD0268344B344930B4C2
:10622000344D354CAA4218BF9A420CBF01230023BB
:106230008A4208BF43F001033031A24208BF43F055
:10624000010330348A4208BF43F001033031A242D7
:1062500008BF43F0010330348A4208BF43F0010312
:1062600001F55C71A24208BF43F0010304F55C74C0
:106270008A4208BF43F001033031A24208BF43F015
:10628000010330348A4208BF43F001033031A24297
:1062900008BF43F0010330348A4208BF43F00103D2
:1062A0003031A24208BF43F001038A4208BF43F0E5
:1062B000010313B9114B9A4213D1D3B21049114CB7
:1062C000103BA1FB03515F2B0F4BC1F3021103EAFB
:1062D0000203615C88BF0433C1658365184630BC26
:1062E000704722F0FF038365F8E700BF100002400B
:1062F000400002402800024058000240B80402401A
:10630000ABAAAAAA143B010800FCFFFF0368294AB4
:10631000294930B4294D2A4CAB4218BF93420CBFD7
:10632000012200228B4208BF42F001022831A34221
:1063300008BF42F0010228348B4208BF42F001023C
:106340002831A34208BF42F001028B4208BF42F04D
:10635000010212B91B4A934213D1DBB21A4C1B4AF9
:106360000121083B1A4DA4FB0343456602EB1312BF
:10637000C3F30413920001FA03F30266836630BC90
:106380007047DAB21349144C1944103AA829A4FBF7
:1063900002234FEA131300D80833104A03F01F05F5
:1063A00001210F4C1A44A94044669200816602669E
:1063B000E5E700BF08540258305402581C540258F4
:1063C0004454025894540258CDCCCCCC00960016BC
:1063D00080580258F0FBFDBFABAAAAAA00820010A9
:1063E0008008024070B50446FFF71AFE002C00F04A
:1063F000C68023680546954A934248D01832934296
:1064000045D0303292498B4218BF934201F130019E
:106410000CBF012200228B4208BF42F0010218315A
:106420008B4208BF42F0010218318B4208BF42F094
:10643000010218318B4208BF42F0010201F556718A
:106440008B4208BF42F0010218318B4208BF42F074
:10645000010218318B4208BF42F0010218318B4211
:1064600008BF42F0010218318B4208BF42F001021E
:1064700018318B4208BF42F0010218318B4208BF2D
:1064800042F001021AB9734A934240F0F5800222A9
:10649000002184F8352084F834101A6822F00102B3
:1064A0001A6005E0FFF7BCFD431B052B40D82368AD
:1064B0001A68D107F6D4D4E9022521692A43A069D4
:1064C0001D680A4361690A43E16902430A4362495C
:1064D0002940256A2A430A43616A04292FD01A6099
:1064E0005A6922F00702114359612046FFF794FED2
:1064F000E26D3F2302F01F02934083602046FFF7C6
:1065000005FFA368802B3CD06368A06EDAB2013B24
:10651000D4E91851072B2A60486026D90023C4E922
:106520001B33636700200123606584F8353070BD3C
:10653000202203230120626584F8353070BDD4E940
:106540000B5129430A431A605969A26A21F00701D5
:10655000114341F00401002DC6D000284FD1012A7B
:106560006ED032F00202BFD151E0501E072810D980
:10657000626FD4E91B31002018604A60D2E7012025
:1065800070BD0023A16ED4E91802636003605160FE
:10659000C4E72168314B324DA94218BF994205F139
:1065A00014050CBF01230023A94208BF43F00103D7
:1065B0001435A94208BF43F001031435A94208BFAE
:1065C00043F001031435A94208BF43F00103143519
:1065D000A94208BF43F001033BB9224B994204D0C2
:1065E000214B224913449B0003E0214B21491344D2
:1065F0009B0001228240C4E91B316267BBE7B0F512
:10660000005F0ED0022A05D9032A7FF46DAFEA019C
:106610007FF56AAF012340221846626584F8353061
:1066200070BD032A3FF660AF01A050F822F000BF12
:10663000156600080F660008156600084166000828
:10664000B5F1C07F7FF450AFE4E700BF1000024017
:1066500040000240B80402403F8010FE0854025837
:106660001C540258945402583F82001040090240C2
:106670003F96001640590258324A33483349834204
:1066800018BF934200F128000CBF012200228B4268
:1066900008BF42F001022831834208BF42F00102E4
:1066A00028308B4208BF42F001022831834208BFE4
:1066B00042F001028B4208BF42F0010212B9244AA3
:1066C000934238D102220021224D84F8341084F8FC
:1066D00035201A681540A268402A2AD0802A0CBFAB
:1066E0004FF480400846266AD4E90312D20842EAF1
:1066F000D102616942EAD102A16942EAD102E169AB
:1067000042EAD102144942EA161219442A430243CA
:106710001248A0FB010120461A600B099B00E365AB
:10672000FFF77AFDE26D012302F01F029340436000
:10673000E4E61020D7E7402203230120626584F8B5
:10674000353070BD085402581C5402583054025859
:10675000945402580F00FEFFF8ABFDA7CDCCCCCC73
:10676000002800F0BC80844690F83400012800F036
:10677000B88001202DE9F0419CF835408CF83400B8
:10678000844208D000224FF400638CF83420CCF807
:106790005430BDE8F0810220DCF800507A4C8CF8CF
:1067A00035000020794ECCF854007948854218BF56
:1067B000A54200F118000CBF01240024854208BF47
:1067C00044F001041830854208BF44F00104183039
:1067D000854208BF44F001041830854208BF44F0E8
:1067E000010400F55670854208BF44F001041830DA
:1067F000854208BF44F001041830854208BF44F0C8
:1068000001041830854208BF44F001041830854265
:1068100008BF44F001041830854208BF44F0010469
:106820001830854208BF44F001041830854208BF83
:1068300044F00104A0F59560B54218BF8542DCF82C
:106840006C600CBF0120002054EA0008286820F08A
:1068500001002860DCF86400DCF86840DCF858705F
:10686000446040D016B1DCE91C044460DCF85C00F4
:106870004FF03F0E00F01F000EFA00F0B8602868DD
:1068800020F4802028606B60DCF80830402B23D097
:10689000A960EA602B6823F01E0343F016032B6007
:1068A000DCF840301BB12B6843F008032B60DCF8A8
:1068B00060301A68D20303D51A6842F480721A60F5
:1068C0001EB1336843F4807333602B68002043F0BB
:1068D00001032B60BDE8F081AA60E960DAE70120DE
:1068E00070470220704716B1DCE91C044460294857
:1068F000DFF8A8E0754518BF85420EF1140E0CBFF5
:1069000001200020754508BF40F001000EF1140E73
:10691000754508BF40F001000EF1140E754508BF23
:1069200040F001000EF1140E754508BF40F0010063
:106930000EF1140E754508BF40F0010010B916485D
:1069400085420ED1DCF85C0000F01F0E012000FA39
:106950000EF078606B60DCF80830402B10D0A96036
:10696000EA602B6823F00E0343F00A032B60DCF887
:106970004030002B9BD02B6843F004032B6096E73C
:10698000AA60E960EDE700BF400002402800024035
:106990005800024008540258945402581C5402589B
:1069A00000285FD038B590F835200346022A55D12B
:1069B0000168444A914248D01832914245D0303261
:1069C000414C4248A14218BF914204F148040CBF17
:1069D00001220022814208BF42F001023030A14270
:1069E00008BF42F001023034814208BF42F0010288
:1069F00000F55C70A14208BF42F0010204F55C742E
:106A0000814208BF42F001023030A14208BF42F08B
:106A100001023034814208BF42F001023030A1420D
:106A200008BF42F001023034814208BF42F0010247
:106A30003030A14208BF42F00102814208BF42F05B
:106A4000010212B9224A91420ED10422002083F899
:106A500035200B6823F001030B6038BD8022012034
:106A60005A6538BD012070470A681C6E22F00E027C
:106A7000D86D9D6D0A6000F01F000A6822F00102C7
:106A80000A6001222168824021F4807121606A60DD
:106A9000DA6ED3E91910486032B11168D3E91C04E9
:106AA00021F4807111604460002401211A6D83F883
:106AB000344083F835101AB118469047204638BD47
:106AC000104638BD100002404000024070000240F5
:106AD000B80402402DE9F04300229C4B83B09C4E49
:106AE0001D688146019203689A4A846D934218BFDB
:106AF000B342276808BF0126216818BF002645D089
:106B000018329548834218BF934200F118000CBF19
:106B100001220022834208BF42F001021830834262
:106B200008BF42F001021830834208BF42F0010260
:106B30001830834208BF42F0010200F556708342CC
:106B400008BF42F001021830834208BF42F0010240
:106B50001830834208BF42F001021830834208BF58
:106B600042F001021830834208BF42F0010218309F
:106B7000834208BF42F001021830834208BF42F04E
:106B800001021AB9754A934240F05082D9F85C105C
:106B9000082201F01F0C02FA0CF2174240F0888123
:106BA00027FA0CF2D2070CD55A69100609D5012232
:106BB00002FA0CF2A260D9F8542042F00202C9F89D
:106BC00054204FF0040E0EFA0CF038425BD0002E29
:106BD0004FD1634ADFF88081434518BF934208F1E3
:106BE00018080CBF01220022434508BF42F00102F1
:106BF00008F11808434508BF42F0010208F11808DF
:106C0000434508BF42F0010208F11808434508BF98
:106C100042F0010208F55678434508BF42F00102F0
:106C200008F11808434508BF42F0010208F11808AE
:106C3000434508BF42F0010208F11808434508BF68
:106C400042F0010208F11808434508BF42F0010272
:106C500008F11808434508BF42F0010208F118087E
:106C6000434508BF42F001021AB93C4A934240F042
:106C700019821A68920706D5A060D9F8542042F00C
:106C80000402C9F85420102202FA0CFC1CEA070F77
:106C90006CD0002E45D1324A2F4EB34218BF9342DA
:106CA00006F118060CBF01220022B34208BF42F0D1
:106CB00001021836B34208BF42F001021836B3424F
:106CC00008BF42F001021836B34208BF42F0010289
:106CD00006F55676B34208BF42F001021836B342B9
:106CE00008BF42F001021836B34208BF42F0010269
:106CF0001836B34208BF42F001021836B34208BF4B
:106D000042F001021836B34208BF42F001021836C1
:106D1000B34208BF42F001021AB9104A934240F050
:106D2000C9811A68100721D5C4F808C01A6856032B
:106D300000F14C811A68D20503D41A6822F00802C7
:106D40001A60D9F840308BB10CE000BF3C0200243F
:106D5000100002402800024058000240B8040240DF
:106D60004000024048469847D9F85C1001F01F01E6
:106D700020268E403E4268D0D9F80020A54BA64F71
:106D8000BA4218BF9A4207F118070CBF012300232B
:106D9000BA4208BF43F001031837BA4208BF43F0B4
:106DA00001031837BA4208BF43F001031837BA424B
:106DB00008BF43F001031837BA4208BF43F001038C
:106DC0001837BA4208BF43F0010307F55677BA42B5
:106DD00008BF43F001031837BA4208BF43F001036C
:106DE0001837BA4208BF43F001031837BA4208BF48
:106DF00043F001031837BA4208BF43F001031837C4
:106E0000BA4208BF43F001031837BA4208BF43F043
:106E100001031BB9814B9A4240F062811368DB0683
:106E200013D5A66099F83530042B136800F0AE80B6
:106E300013F4802F136800F0D3801C0340F1DE8030
:106E4000D9F83C300BB148469847D9F85430002B5C
:106E500000F0B980D9F85430D8071FD5D9F80020F0
:106E6000042189F83510136823F0010313606C4B7B
:106E7000A3FB0535AD0A02E01368D90704D5019BD1
:106E80000133AB420193F7D9002389F834301368FA
:106E9000DB074CBF0323012389F83530D9F84C3088
:106EA000002B00F09080484603B0BDE8F04318473F
:106EB000186840070AD5186820F004001860A2601E
:106EC000D9F8542042F00102C9F8542027FA0CF2F4
:106ED000D2077FF576AE534A5348834218BF934298
:106EE00000F130000CBF01220022834208BF42F0B3
:106EF00001021830834208BF42F001021830834279
:106F000008BF42F001021830834208BF42F001027C
:106F100000F55670834208BF42F0010218308342E8
:106F200008BF42F001021830834208BF42F001025C
:106F30001830834208BF42F001021830834208BF74
:106F400042F001021830834208BF42F001021830BB
:106F5000834208BF42F001021830834208BF42F06A
:106F60000102002A7FF420AE002E7FF41DAE1A68C5
:106F7000042202FA0CF23A4240F09480102202FA03
:106F80000CFC17EA0C0F3FF4F1AE84E623F0160375
:106F90001360536923F080035361D9F840309BB3E9
:106FA000136823F0080313603F230025012203FA2E
:106FB00001F1D9F85030A16089F8345089F83520B2
:106FC000002B7FF470AF03B0BDE8F0831B6818039B
:106FD0007FF5B7AED9F84830002B7FF4C3AEC5E6D5
:106FE00013F480737FF42CAF116821F0100111604D
:106FF000012289F8343089F8352021E7D9F8443066
:10700000002B7FF420AF20E7D9F84830002BC7D100
:10701000CAE700BF1000024028000240B804024046
:10702000B5814E1B58000240400002404E4A4F4D71
:10703000AB4218BF934205F114050CBF0122002298
:10704000AB4208BF42F001021435AB4208BF42F028
:1070500001021435AB4208BF42F001021435AB42C5
:1070600008BF42F001021435AB4208BF42F00102F2
:1070700012B93F4A9342A6D1D9F85C5004261A6847
:1070800005F01F05AE400E4219D0570717D5100462
:1070900066604BD5D1034FD4D9F84830002B7FF42C
:1070A00002AF90E71A68102202FA0CFC17EA0C0FE4
:1070B0003FF45CAE1A6852077FF558AE34E60226FC
:1070C000AE400E4211D097070FD56660140439D533
:1070D000D00343D4D9F84430002B7FF4E4AE72E7F8
:1070E00013689F077FF5B1AE9BE60826AE400E42BF
:1070F0003FF469AF11077FF566AF1A68002122F0EF
:107100000E021A600123D9F84C2003FA05F56560D8
:10711000C9F8543089F8341089F83530002A3FF422
:1071200052AF484603B0BDE8F0431047920603D47F
:107130001A6822F004021A60D9F84030002B7FF45C
:10714000B2AE40E712F0200208D11968012421F004
:107150000A01196089F8342089F83540D9F83C30A3
:10716000002B7FF4A0AE2EE7085402581C5402589E
:1071700094540258406D70472DE9F04F0D6883B06C
:10718000002D00F0D5800023DFF8688201229A40AC
:1071900012EA050C00F0C7804E6826F01009B9F11C
:1071A000020F40F0C88003F007044FEAD30E4FF0FF
:1071B0000F0A4FEA840900EB8E0E0AFA09FADEF88C
:1071C000204024EA0A0A0C6904FA09F406F00309CB
:1071D00044EA0A04CEF820404FEA430E0324D0F8D4
:1071E00000A009FA0EF904FA0EF42AEA040AE443AC
:1071F00049EA0A09C0F80090D0F808A0CF6804EA6C
:107200000A0A07FA0EF949EA0A09C0F80890C6F313
:107210000019D0F804A009FA03F92AEA020249EA9F
:1072200002024260C268F70004EA02048A6802FAB5
:107230000EF242EA0402C26075D5644C23F0030EDC
:1072400003F00309D4F8F420C6444FEA890942F058
:107250000202C4F8F420D4F8F42002F002020192F1
:10726000019A0F22DEF8084002FA09F224EA02022B
:10727000574CA04225D004F58064A0427BD0554CE9
:10728000A0427ED0544CA0426FD0544CA04200F09B
:107290008480534CA04200F08680524CA04276D0AD
:1072A000514CA04200F08580504CA04200F08780F5
:1072B0004F4CA0420CBF09240A2404FA09F942EAFF
:1072C0000902CEF808204FF0B0426FEA0C0EF4032A
:1072D000D2F880204FF0B04454BF0EEA02024CEACC
:1072E0000202C4F88020B203D4F884404FF0B042C8
:1072F00054BF0EEA04044CEA0404F702C2F88440C6
:1073000014684FF0B04254BF0EEA04044CEA04047F
:107310001460B40252684FF0B04454BF0EEA020247
:107320004CEA02026260013335FA03F27FF42EAFB9
:1073300003B0BDE8F08F4FEA430E0324D0F800B04D
:1073400006F0030A04FA0EF409F1FF390AFA0EFAFC
:107350002BEA040BB9F1010F6FEA04044AEA0B0AA5
:10736000C0F800A03FF65EAF46E7032404FA09F92F
:1073700042EA0902A5E7012404FA09F942EA0902EE
:107380009FE7022404FA09F942EA090299E7062470
:1073900004FA09F942EA090293E7042404FA09F914
:1073A00042EA09028DE7052404FA09F942EA0902D2
:1073B00087E7072404FA09F942EA090281E7082469
:1073C00004FA09F942EA09027BE700BF00440258C7
:1073D0000000025800080258000C02580010025821
:1073E0000014025800180258001C025800200258CD
:1073F0000024025800040058002900F0A88000234F
:107400002DE9F04FDFF8689183B0DFF86881DFF88D
:1074100068A1DFF868B14FF0010E0EFA03F212EA2C
:10742000010C6FD023F0030503F003040F26404541
:107430004D444FEAC404AF6806FA04F607EA0607AB
:10744000019721D0504566D0584567D0434FB84288
:107450006ED0434FB84270D0424FB84263D0424FD3
:10746000B84256D0414FB84272D0DFF814E17045AF
:1074700068D0DFF810E1704514BF4FF00A0E4FF0EE
:10748000090E0EFA04F400E00024019FA74219D16E
:10749000AC6824EA06064FF0B044AE60D4F88050E1
:1074A00025EA0C05C4F88050D4F8845025EA0C0570
:1074B000C4F88450256825EA0C052560656825EA2E
:1074C0000C05656003255C0003F007070F2605FA2D
:1074D00004F40568BF00254306FA07F70560DD08D8
:1074E00000EB85052E6A26EA07062E62856825EAE6
:1074F00004058560456825EA02024260C26822EA06
:107500000404C460013331FA03F284D103B0BDE84E
:10751000F08F4FF0060E0EFA04F4B6E74FF0020EAD
:107520000EFA04F4B1E74FF0050E0EFA04F4ACE7DE
:107530004FF0030E0EFA04F4A7E74FF0040E0EFA14
:1075400004F4A2E74FF0080E0EFA04F49DE770472A
:107550004FF0070E0EFA04F497E700BF000C025834
:10756000001002580014025800180258001C02585B
:107570000004005800000258000402580008025895
:1075800000200258002402580369194214BF012048
:107590000020704702B90904816170472DE9F04F5E
:1075A000056885B00446284607F0FAF8012802D09D
:1075B00005B0BDE8F08F206807F0A2F80028F7D0EA
:1075C000206807F09DF810F4001F206802D04FF4E7
:1075D0000013436107F094F810F4801F206802D074
:1075E0004FF48013436107F08BF810F0806F206830
:1075F00002D04FF08063436107F082F810F0020F71
:1076000020682FD107F07CF8870000F113812068F3
:1076100007F076F8C60100F1CF80206807F070F817
:10762000000700F1BE80206807F06AF810F0007FC4
:1076300020681AD107F064F8C306B9D52568AB698C
:1076400023F01003AB612E6AC6F34341C6F30A1759
:10765000022902D1002F40F0C681AB6943F010032C
:10766000AB61A5E702234361CCE707F007F9D4F843
:1076700008E080462068BEF1000F00F0998005F513
:10768000A06500264FF0280B4FF0020A4AE000F5F3
:10769000A0694A0109EB4117BB685B075DD504236C
:1076A000BB60FB6843F00203FB60BB68980500F118
:1076B000FD80BB68DB0740F1CF80236953B101EB4C
:1076C00081003B6904EBC000C3F3120C836CA3EB95
:1076D0000C03C3648B004FF0010C4FF0000E5818E0
:1076E00004EBC000C0F858E080F85DC0C7F808C0DF
:1076F00090F83FE01EF0FD0F00F06481BEF1030F33
:1077000000F040820B4404EBC30393F8502082F056
:10771000010283F85020D4F808E0206801362035B3
:10772000764545D206F00F0328FA03F3D907F5D5BD
:107730002B68F1B21A04AAD400F5A0624FEA411CEA
:1077400002EB4117BB6813F004090DD00423BB60A2
:10775000FB6843F00203FB60E0E7BB689B0640F177
:10776000B3802023BB60A0E7BB6813F0200300F0C8
:10777000CA8001EB8103202204EBC303BA6093F8B3
:107780003D20012ACAD183F83D9083F85CA0FB68B4
:1077900043F00203FB6007F075F8D4F808E02068B6
:1077A000BCE72046FEF7FCFA2068082343613BE76C
:1077B0004FF0007343613DE72668D6F840340293EA
:1077C000D6F840340393039B23F02E030393029BCC
:1077D000980707D5029BD90700F16381039B43F00B
:1077E00002030393029B1A0718D5039B43F0080377
:1077F0000393029B5B0740F15C81A169022900F0C1
:107800009A81E368012B03D14EF66022C6F8042466
:107810002046FEF7D3FA2046FEF7C6FA2068029B00
:107820009F0603D5039B43F020030393039BC6F8F5
:107830004034F3E6D5F84034204623F02E03C5F853
:107840004034FEF7B5FA0121206806F0F5FF206804
:107850004FF000534361DBE6BB68980740F18E8030
:10786000FB6801EB810C23F0020304EBCC0CFB6002
:107870008B009CF85D00012800F0B280052800F024
:10788000AF80062800F0A381082800F0A08103281B
:1078900000F0DC819CF85C000246C7F808A0204696
:1078A000FEF78AFAD4F808E0206837E7FB6820681A
:1078B00043F00203FB6006F0E5FF4FF4007320681D
:1078C000BB60D4F808E029E7BB681B0700F1BB8068
:1078D000BB685B057FF5E9AEFB68019243F00203EC
:1078E0000091FB6006F0CEFF00991020019A01EB99
:1078F0008103B860082004EBC30383F85D004FF4F4
:107900008063BB60D1E6D7F8089019F0400F40F0D3
:10791000B180BB6813F4007340F02F81D7F8089052
:1079200019F0010F40F03F81BB6813F0080340F0ED
:107930006881D7F8089019F0100F00F0C98001EBAA
:10794000810204EBC2029365032382F85D3092F852
:107950003D303BB90BFB014393F83C2012B90122A7
:1079600083F83D20FB6843F00203FB6006F08AFFCA
:1079700010232068BB60D4F808E0CFE6BB6813F0A2
:10798000800340F0E380BA68D20640F1D08001EB7A
:10799000810004EBC00090F83F20032A00F04B81E7
:1079A00012F0FD02E4D123698265002BE0D10BFBCC
:1079B0000143032283F85D20FB68206843F0020343
:1079C000FB60D3E7FA68206842F00202019300915D
:1079D000FA6006F057FF1022DDE90013BA6091E665
:1079E0008CF85C0058E706F00F0606EB860804EBFF
:1079F000C808D8F8441000293FF42FAE284605F5F2
:107A0000A0653A4606F0DEFDD8F8443005EB461294
:107A10003B441169D8F84C20C8F8443073013A440B
:107A2000C8F84C20BC4A0A405AB1EA5822F08042B9
:107A300042F00042EA5098F8503083F0010388F891
:107A40005030256809E6FB684FF0050C019243F0C1
:107A500002030091FB6001EB810304EBC30383F895
:107A60005DC01023BB600823BB6006F00BFFDDE99F
:107A700000121AE601EB810204EBC20293650423B3
:107A800082F85D30012382F83D30FB6843F0020349
:107A9000FB6006F0F7FE40232068BB60D4F808E0E6
:107AA0003CE6B369204623F00053B361FEF77CF94E
:107AB00094E62046FEF786F9D6F84034206823F095
:107AC0002E03C6F84034836943F000538361A6E671
:107AD000BB681B0600F1C880BB685B0500F1D7805E
:107AE000BB689B077FF51AAEFB680BFB014023F0D8
:107AF0000203FB6090F85D30012B00F0E180032B66
:107B000000F0DB80042B00F0D880052B00F0FC8017
:107B1000062B00F0E480082B00F0E1800BFB014312
:107B20002046C7F808A093F85C20FEF745F9D4F882
:107B300008E02068F2E5029B206803F4C023B3F557
:107B4000802F18BF012106F077FE61E6FB6801EB8C
:107B5000810243F0020304EBC202FB60936D013328
:107B60009365062382F85D30206806F08BFE802343
:107B70002068BB60D4F808E0D0E5FB6843F002035E
:107B8000FB6098E652F80970019347F000570091A6
:107B900042F80970624680F85CC02046FEF70CF996
:107BA000DDE90013AEE5FA6801EB810942F002025B
:107BB00004EBC909C9F85830FA6006F063FE0123E6
:107BC000BB6089F85D30D4F808E02068A6E503EBD7
:107BD000010C04EBCC0CDCF858000130032825D84C
:107BE000CCF8580002200B4404EBC30383F85C007C
:107BF00052F8093023F0804343F0004342F8093043
:107C00004AE608230091BB60FB6843F00203FB6077
:107C100006F038FE0099052201EB810104EBC10357
:107C200083F85D20D4F808E0206877E50020CCF8E0
:107C300058000420D7E7FA680BFB014042F002022B
:107C400083652068FA6006F01DFE91E60BFB014398
:107C5000022083F85CA052F8093023F0804343F0FF
:107C6000004342F8093017E6FB68009143F0020335
:107C7000FB6006F007FE009906230BFB014181F82B
:107C80005D3080232068BB60D4F808E046E5FB68DF
:107C9000009143F00203FB6006F0F4FD102300990D
:107CA000BB604FF480630BFB0141BB60082381F88C
:107CB0005D30D4F808E0206830E580F85CA02DE75E
:107CC00080F85C3090F83F30023B012B3FF626AF46
:107CD00090F8513083F0010380F851301EE70BFB20
:107CE0000140836D0133032B11D8836502230BFB05
:107CF000014080F85C3052F80C3023F0804343F0B0
:107D0000004342F80C3009E780F85C3006E70023B6
:107D100083650423EBE700BF0000F81F90F8B8323A
:107D2000012B0CD0012310B50446006884F8B8324A
:107D300006F008FE0023184684F8B83210BD022071
:107D4000704700BFF8B505460E461746701C2C68F4
:107D50002CD1A369990727D4A369DA06F9D5A369B9
:107D60009A06FCD520231022E261E361A3699F07F4
:107D700001D50023A362A369DE0703D4A36943F0FE
:107D80000103A361636800221B48202103400120F6
:107D900063606B6C85F8402043F004036B6485F8E6
:107DA000411085F84220F8BD0020F8BDA3699B076B
:107DB000FAD4A369D9061BD4FEF732F9C01BB0422E
:107DC00001D8002EC2D16B6C2021002201200B4370
:107DD00085F840206B6485F8411085F84220F8BD95
:107DE000FEF71EF9C01B8642EDD3002EEBD02C68A7
:107DF000A3699B06F4D5B5E700E800FEF8B5054693
:107E00000E4617462C68A3699B0649D4A369DA0677
:107E100026D5731C38D1A3699E06FCD520231022D9
:107E2000E261E361A369990701D50023A362A36915
:107E3000DA0703D4A36943F00103A3616368002256
:107E4000184820210340012063606B6C85F84020B6
:107E500043F004036B6485F8411085F84220F8BDB7
:107E6000FEF7DEF8C01BB04201D8002ECAD16B6C01
:107E70002021002201200B4385F840206B6485F807
:107E8000411085F84220F8BDA3699806C6D4FEF7D4
:107E9000C7F8C01B8642EAD3002EE8D02C68B8E7AA
:107EA0000020F8BD00E800FE00284ED010B590F884
:107EB0004130044603F0FF02002B41D02368242107
:107EC000626884F84110196822F07062E06821F05D
:107ED0000101012819601A619A6822F400429A602F
:107EE000A26829D042F4044202289A6002D14FF4D9
:107EF00000625A6058684FF0200C1549226901430E
:107F00005960D96821F40041D960D4E905010243E0
:107F100042EA0122D4E90710DA6000220143104648
:107F20001960196841F001011960626484F841C068
:107F3000226384F8422010BD42F400429A60D9E7DF
:107F400080F84020FAF7DCFEB8E70120704700BF58
:107F5000008000022DE9F047984690F84130089ED5
:107F6000202B40F0878090F840300446012B00F031
:107F7000818001238946174680F84030FEF750F88B
:107F8000054604E0FEF74CF8401B192875D8236815
:107F9000986910F40040F5D1212267626063C9F34B
:107FA000090784F84120102284F842206064A4F874
:107FB0002A80628D92B2FF2A6DD8628D494892B2B2
:107FC000D1B222855A6802403A4342EA0142464908
:107FD00011435960DFF81C814FF0FF0ADFF8189158
:107FE000638D2A46314620469BB2002B30D0FFF7E6
:107FF000A9FE002873D1606A216810F8012B238D37
:108000008A62628D013B6062013A9BB292B2238523
:108010006285628D92B2002BE2D1002AE0D0701C02
:1080200043D18B691A06FCD5638D9BB2FF2B48D9CF
:108030004B682A46A4F828A0204603EA08033B43DD
:1080400043EA09034B603146638D9BB2002BCED1CE
:10805000FFF7D4FE002842D123682021234DD961A7
:108060005A682A405A6084F8411084F8400084F825
:10807000420000E00220BDE8F087636C202100226E
:1080800001200B4384F84020636484F8411084F895
:108090004220BDE8F0875A6812490A4014493A4321
:1080A0001143FF222285596094E78B691B06BBD4DC
:1080B000FDF7B6FF401B8642DFD3002EDDD02168DE
:1080C000ADE7638D9BB2DAB223854B6803EA080300
:1080D00043EA02433B4343F000734B6080E70120D7
:1080E000BDE8F087009800FC0020008200E800FE58
:1080F0000020FF81009C00FC0000FF012DE9F047FB
:108100001F4690F84130202B40F08E8004460D46EB
:10811000002900F08380B2FA82F916464FEA591915
:10812000002A7BD05FFA83FA90F84030012B7BD095
:10813000012380F84030FDF773FF212365628046FC
:10814000256884F8413084F842A0C4F844906685DC
:108150006B68C4F8349023F400436B607B1C66D1D9
:10816000AE693607FCD50823EB61E368022B06D025
:10817000AE69F60328D4AE69F603F9D524E0AB69FD
:108180001907FCD50823EB617B1CF1D0AB69DD033B
:108190001AD4FDF745FFA0EB0800874253D3002F08
:1081A00051D02568F0E7424639462046FFF7CAFD20
:1081B00000285BD1636A226813F8011B9162658D08
:1081C0006362013DADB26585638D9BB2002BEAD140
:1081D000424639462046FFF711FE00284DD022685E
:1081E000536843F400435360636C042B54D1002361
:1081F00063642023D361781C41D193691904FCD4B2
:1082000051680023202041F40041516084F841006E
:10821000184684F8423084F8403003E04FF400738D
:1082200001206364BDE8F0870220BDE8F087AB69F8
:10823000180733D4FDF7F4FEA0EB0800874202D301
:108240000FB125688AE7636C202000212268034370
:1082500084F84010636484F84100012084F84210DF
:10826000536843F400435360BDE8F087226801205F
:10827000536843F400435360D4E72268B9E7936935
:108280001B04BDD5FDF7CCFEA0EB08008742DAD376
:10829000002FD8D02268AEE70120C3E70823EB61A6
:1082A000E368022B7FF470AF08E0FDF7B9FEA0EBA6
:1082B00008008742C7D3002FC5D02568AB691A07CD
:1082C000F3D55FE70268436B9169126803B1184701
:1082D000704700BF90F84100704700BF90F8412000
:1082E000202A23D15FFA82FC90F840200346012A1D
:1082F0001CD00268242000B583F841004FF0000E26
:10830000106820F001001060106820F480501060A8
:108310001068014370461160116841F0010111605D
:1083200083F841C083F840E05DF804FB0220704709
:1083300090F84120202A22D1034600B55FFA82FE40
:1083400090F84020012A1CD0026824204FF0000C35
:1083500083F84100106820F001001060106820F4DC
:10836000706040EA012160461160116841F001012E
:10837000116083F841E083F840C05DF804FB0220FF
:10838000704702205DF804FBF0B58BB0002800F0C8
:10839000888090F8BD330546046803F0FF02002B87
:1083A00079D0204603232E462F1D85F8BD33E36B7D
:1083B0006C4613F4807308BF2B6105F03FFD56F83F
:1083C00010EBB446BCE80F000FC4BCE80F000FC4AC
:1083D0009CE8030084E80300704697E80E0005F06F
:1083E00011FC044630B101240223204685F8BD3338
:1083F0000BB0F0BD0146286805F028FD686858B349
:1084000022464FF0010E2146C2EBC20302F1010CDD
:1084100005EB830383F83C20A3F842205FFA8CF23B
:1084200083F83DE0824283F83F101965C3E91111DA
:10843000EAD30022C4EBC403611C05EB830383F879
:10844000FC41CCB283F8FD21844283F8FF21C3F8BC
:108450001022C3E98122EDD36C460FCE0FC40FCE9C
:108460000FC496E8030084E8030097E80E0028682C
:1084700005F004FD04460028B5D101226B6A85F899
:108480003800934285F8BD230FD0286806F02AF9FA
:1084900020460BB0F0BD80F8BC23FDF7D9F8286862
:1084A00080E7012420460BB0F0BD284600F006FD11
:1084B000EBE700BF10B590F8BC3304460068012B11
:1084C00017D00122A36A934284F8BC2309D006F096
:1084D000FBF8206805F0AAFC0023184684F8BC339A
:1084E00010BDA3699342F2D0836B43F4803383635E
:1084F000EDE7022010BD00BF2DE9F04F076889B0FD
:108500000446384606F04CF910B109B0BDE8F08FCA
:108510008246206806F0F4F80028F6D0206806F0BD
:10852000EFF810F0020F206803D0436903F0020354
:10853000436106F0E5F810F4002B206840F050810C
:1085400006F0DEF810F4802F206840F0EB8006F093
:10855000D7F8002874DB206806F0D2F8000564D450
:10856000206806F0CDF8020114D52268536903F0A3
:108570000063536194F8F433002B40F0958101219E
:10858000204684F8F413536DC3F38303C4F8F8331F
:1085900000F0ACFC206806F0B3F8C3047BD420687C
:1085A00006F0AEF810F4005F20685DD106F0A8F880
:1085B00010F0100F206812D0836923F0100383613C
:1085C0003D6AC5F3434305F00F06022B00F03182EC
:1085D000062B00F07F81836943F01003836106F06E
:1085E0008FF8070700F15781206806F089F8C60266
:1085F00000F14681206806F083F8850200F135819C
:10860000206806F07DF8400000F12681206806F021
:1086100077F841077FF579AF23685D686A0700F155
:1086200029825A682A435A606FE7D7F80838D90771
:1086300000F11C822068436903F40063436190E702
:10864000D7F8043823F00103C7F8043894F8F4335A
:10865000012B00F038812046FDF7E4F820684369DB
:1086600003F00043436177E706F09EF8206805F0C9
:1086700025FD2568E06001F06DFD227B014628465E
:1086800005F052FB2046FDF7A3F82068436903F488
:10869000005343618AE7D7F804381021206807F5B2
:1086A000006523F001036B6005F0EEFC6068B0B17B
:1086B00007F510634FF67F3199600AF1010A1A68D5
:1086C0002033824522F4001243F8202CC3F8E8112D
:1086D000D3F8E02122F40012C3F8E021ECD1EB69D9
:1086E00043F00113EB61236B002B40F0E1806A69DA
:1086F00042F22B0313436B612B6943F00B032B6195
:10870000D7F8003804F57172217C23F4FE632068E9
:10871000C7F8003806F064F82068436903F4805312
:1087200043613DE706F004F880462068B8F1000F89
:1087300000F0E580264607F510694FF0000BCDE903
:10874000037A09E05FEA58080BF1010B06F11C06F9
:1087500009F1200900F0D58018F0010FF2D05FFA7E
:108760008BF7394606F000F8C30705461FD50BF016
:108770000F03039901229A40D1F8343823EA020307
:10878000C1F834380123C9F808302369012B03D11B
:10879000D6E911231344B36439462046FDF70AF89D
:1087A0002369012B03D1BBF1000F00F0AC81280736
:1087B00002D50823C9F80830E90602D51023C9F804
:1087C00008306A0602D54023C9F80830AB0702D545
:1087D0000223C9F808302D0600F1C6802068B1E7F1
:1087E00005F098FF05462068002D00F0868007F50B
:1087F0003066A1464FF0000B049707E06D080BF1BF
:10880000010B06F1200609F11C097DD0EB07F5D517
:108810005FFA8BF1039105F099FF10F0010F80468C
:10882000039973D118F0080F40F0F280206818F017
:10883000100F01D01023B36018F0200F05D021696C
:10884000012900F05A812023B36018F4005FD5D0CD
:108850004FF40053B360D1E72046FCF7EFFF2068E8
:10886000436903F080434361D1E620465FFA8BF110
:10887000FCF7DCFF2068436903F400134361C0E6A2
:1088800020465FFA8BF1FCF7D5FF2068436903F4BB
:1088900080134361AFE62046FCF796FF20684369EA
:1088A00003F008034361A0E62046FCF7A3FF71E64E
:1088B000D5F8843043F00B03C5F884306B6C43F07B
:1088C0000B036B641CE70021204684F8F41300F0CE
:1088D0000DFBC3E6C6EBC606082204F571713846E7
:1088E00005F070FEC5F30A1304EB86022068D2F887
:1088F00014120B44C2F814326DE6AB4620E6C346B0
:1089000025E6DDE9037A22E6049F19E620680123C3
:108910002769B36000F53063012FD0F840E003EB26
:108920004B139A6800F0C580984FBE4540F0BD805B
:10893000170440F1B6804FF4004218F0080F9A6017
:108940003FF475AF026C986890498A4200F09780B6
:1089500020460392FCF71EFF8D4B039A9A4200F2C9
:1089600096800823B36061E7D6E91453D4F800A0D9
:10897000AB4250463FF6E6AE0AF51062716CCDF898
:108980001CA002EB4B120592EA1A8A4228BF0A4643
:1089900005998969033289B2B1EB920FC0F0A980C1
:1089A000CDF81890C146A046059C1AE0736C3A4673
:1089B000B16C50469D4228BF1D4698F81030009378
:1089C000ABB205F0E9FDB36CA1692B4489B2B36485
:1089D000736D2B440335B1EB950F7365C0F0818047
:1089E000356D9D42A5EB0305E0D84446C846DDF849
:1089F0001890D4F800A0079B0122504603F50061AF
:108A00000BF00F039A404B6B23EA02034B6399E68A
:108A10002268216902F53063126C012903EB4B13C4
:108A2000986891D15A498A4229D82046FCF7B2FE6B
:108A300097E747F6F0731D423FF4CDADC6EBC6068F
:108A4000C5F30A12384604EB86061546D6F8081216
:108A500005F0B8FDD6F8083220682B44C6F8083275
:108A6000D6F814322B44C6F81432B4E52046FCF78D
:108A7000C1FEDFE52046FCF7E5FE2368D1E50204F0
:108A800002D54FF400429A602046FCF783FE21692C
:108A900001297FF466AF04F57172206805F0A0FE2D
:108AA0005FE7900601D520229A602046FCF778FE09
:108AB000B8E6170732D536498E4504D9120402D5D7
:108AC0004FF400429A6020460393FCF763FE04F5DE
:108AD00071720121206805F083FE0822039B9A60D1
:108AE000A0E64446356DC846DDF81890D4F800A0DD
:108AF00050469D423FF626AE7DE704F5717205F0C3
:108B00006FFE20689FE6236D002B7FF450AE04F5C6
:108B100071720121206805F063FE48E6970608D5CA
:108B200020229A6018F0080F3FF481AE026C98681A
:108B300078E712F0280FF5D1154FBE4505D912047C
:108B400003D54FF400429A60ECE71B692046D9F840
:108B50000422C3F31203D31AC9F81432D9F8083225
:108B60001344C9F80832FCF71BFEBBF1000F7FF479
:108B700059AED4F81032002B7FF454AE04F5717264
:108B80000121206805F02CFE4CE600BF0A31544F4D
:108B90000A30544F90F8BC23012A0ED0012210B5A0
:108BA0000446006884F8381084F8BC2305F07AFD88
:108BB0000023184684F8BC3310BD0220704700BF64
:108BC00010B501F00F0E0906044627D44FF01C0C17
:108BD0000CFB0E0C0CF5FE71CEEBCE0C00EB8C0CEE
:108BE00000208CF8FD018A604A7881F800E0CB70A3
:108BF0000AB1A1F806E0022B01D100230B7194F811
:108C0000BC33012B18D00123206884F8BC3305F055
:108C100067FA0023184684F8BC3310BD1C204FF0BF
:108C2000010C00FB0E4000F13C01CEEBCE0004EB4A
:108C3000800080F83DC0D6E7022010BD11F0800F03
:108C400001F00F034FF01C0110B504461AD101FBCF
:108C50000341C3EBC302002001F5FE7104EB820265
:108C600082F8FD010B7094F8BC33012B19D001235D
:108C7000206884F8BC3305F07BFA0023184684F89A
:108C8000BC3310BD01FB0341C3EBC302012004EB65
:108C900082023C3182F83D000B7094F8BC33012B0A
:108CA000E5D1022010BD00BF10B501F00F041C215A
:108CB000C4EBC40C01FB040100EB8C0C01F5FE714C
:108CC000CCF810320023CCF808228CF8FC41CCF808
:108CD00014328CF8FD3103690068012B08BFCCF811
:108CE0000C22DAB21CB905F09DFB002010BD05F086
:108CF00081FA002010BD00BF01F00F01C1EBC101DE
:108D000000EB8101D1F81402704700BF10B501F0EB
:108D10000F041C21C4EBC40C01FB040100EB8C0C00
:108D20003C31CCF850300023CCF84820CCF85430FB
:108D300001238CF83C408CF83D3003690068012B1E
:108D400008BFCCF84C20DAB21CB905F06BFB002050
:108D500010BD05F04FFA002010BD00BF38B54368C4
:108D600001F00F059D4234D80B0604461DD41C2289
:108D7000C1EBC10302FB010100EB8303002201F5FB
:108D8000FE7183F8FD2101230D708B7094F8BC23D4
:108D90009A421CD0206884F8BC3305F023FCD5B17E
:108DA0000023184684F8BC3338BD1C21C5EBC5032D
:108DB000012201FB050100EB83033C3183F83D20D8
:108DC00001230D708B7094F8BC239A42E2D10220EB
:108DD00038BD012038BD04F57172217C206805F092
:108DE000FFFCDDE7426838B501F00F03934232D84B
:108DF00011F0800F04464FF01C01C3EBC30219D1E0
:108E000001FB0341002004EB8202002501F5FE7105
:108E100082F8FD010B708D7094F8BC33012B18D0D3
:108E20000123206884F8BC3305F010FC284684F840
:108E3000BC5338BD01FB0341012004EB8202002535
:108E40003C3182F83D000B708D7094F8BC33012BDF
:108E5000E6D1022038BD012038BD00BF10B404683F
:108E6000606A31B940EA0240A06200205DF8044B1C
:108E70007047A36AB1F1010C00EB13400BD0002343
:108E800003F14001013304EB8101DBB24968634522
:108E900000EB1140F4D30CF1400C40EA024004EB2B
:108EA0008C0C5DF8044BCCF804000020704700BF28
:108EB000034600201B685962704700BF03464FF00D
:108EC000000C09491A68604610B4012483F8F4C301
:108ED000C3F8FC4393695DF8044B43F0006393616E
:108EE000536D19435165704703000010704700BF70
:108EF00038B5114BDA68520704D4DB6803F0070376
:108F0000834214D10C4CE36823F007031843E0605C
:108F1000FDF786F8054605E0FDF782F8401BB0F541
:108F20007A7F06D863689B04F6D5002038BD0120FF
:108F300038BD032038BD00BF00480258024AD3683C
:108F400043F08073D36070470048025870B44D6A94
:108F500015B1B2F1406F3AD18B691BB30C6A002C8A
:108F60004CD08E680068C661CE69002E69D02B4354
:108F700013432343CC6A334323430C6B23434C6B8F
:108F800023430C692343CC6823430C6823434C6977
:108F9000B2F1406F43EA8443436165D04B6870BCD3
:108FA000836170470B6ABBB100682B438C68CE6944
:108FB000C461002E6BD01343CC6A334323430C6B44
:108FC00023434C6B23430C692343CC68DEE78B6A55
:108FD0000468013B2361BFE7CB69002B66D1002DFC
:108FE00042D0CB6A0C6B2B43006813434A6923437E
:108FF0004C6B234343EA8243436135E0CC6945EA45
:10900000030C002C32D003684CEA0200B2F1406F2E
:1090100040EA0400CC6A40EA04000C6B40EA040019
:109020004C6B40EA0400CC6840EA04000C6840EA5B
:1090300004004C6940EA8440586115D04A689A613E
:1090400012E045EA030C0D694CEA0203CA6A2343A5
:109050001343D1E90C4223430C6813434A692B4361
:10906000234343EA8243436170BC7047CC6A4CEAB5
:10907000020300682343D1E90C4223430C681343E5
:109080004A69234343EA824370BC43617047CC6A18
:1090900013432343D1E90C4223431343D1E9044250
:1090A000234343EA824370BC436170472B43CD6A3C
:1090B0000C6B134300682B4323434C6B84E700BFC6
:1090C00070B50446FCF7ACFF002C54D094F8403047
:1090D000012B52D00123064684F8403094F84130E9
:1090E00003F0FF02002B34D0A56C2268A16813683E
:1090F000013923F4706343EA0123136001E06B1C20
:1091000031D1936813F02003F9D1E069E168156863
:109110000143206A0143606841EA00611C4828401D
:10912000014360691160A16955680143206941EA02
:109130000041184828400125014318465160116834
:1091400029431160636484F84150002384F840305F
:1091500070BD204684F84020FAF72AFA41F288339D
:109160001D46A364C1E7FCF75BFF801BA84206D83D
:109170002DB12268C5E7012070BD022070BD042317
:10918000012084F84130636C03436364DDE700BF72
:109190002FFFFF00FEF8E0FFC8B110B590F8403097
:1091A0000446012B11D00268012380F84030136877
:1091B00023F001031360FAF789FA00236364184669
:1091C00084F8413084F8403010BD022010BD0120E9
:1091D000704700BF2DE9F04104460E461546FCF7E6
:1091E0001FFF94F84030012B3AD0012384F840301F
:1091F00094F84130012BDFB206D002270023384615
:1092000084F84030BDE8F081002380466364022387
:1092100084F84130681C23680ED19A6812F020024D
:10922000FBD131462046FFF791FE736AE3B101237B
:10923000002784F84130E1E79A6812F020021ED03E
:10924000FCF7EEFEA0EB0800854201D3002DE1D132
:10925000042384F84130636C43F001036364CDE779
:1092600002273846BDE8F081226893689B07FCD549
:10927000022101230027D16084F84130BEE7314646
:109280002046FFF763FE736A43B1D0E7FCF7C8FEE0
:10929000A0EB08008542DBD3002DD9D0226893686B
:1092A0009907F3D5E4E700BF2DE9F8430446894662
:1092B0001546FCF7B5FE94F840302768012B67D0BF
:1092C000012384F8403094F84130012B5FFA83F891
:1092D00007D04FF002080023404684F84030BDE834
:1092E000F88300236364B9F1000F56D012230646B9
:1092F00084F841303B690133E3623B69C4F8249050
:109300000133A3627B6923F040637B61E36A002B36
:1093100031D06A1C394611D18B685B07FCD5636A72
:109320001B7887F82030E26A636A013A0133E2620F
:10933000E26A6362F2B16A1C2168EDD08B6858075B
:10934000EDD4FCF76DFE801B854201D3002DF2D1D8
:10935000042384F84130636C43F00103636413E039
:10936000BB689B070CD4FCF75BFE801B8542EFD3E8
:10937000002DEDD02768691CF2D1BB689A07FCD597
:1093800002234FF00008FB60012384F84130A2E77C
:109390004FF002084046BDE8F883636C43F00803D1
:1093A000636498E72DE9F843044615468946FCF7BF
:1093B00037FE2768BA6994F84030012B6CD001233E
:1093C00084F8403094F84130012B5FFA83F807D0DD
:1093D0004FF002080023404684F84030BDE8F8838F
:1093E00000236364B9F1000F5BD02223064684F8A2
:1093F00041303B690133A3633B69C4F830900133CA
:1094000063637B6923F0406343F080637B61BA61EF
:10941000A36B002B33D0681C394612D18B6813F034
:10942000060FFBD097F82020236B1A70A26B236BDA
:10943000013A0133A263A26B2363FAB1681C21686D
:10944000ECD08B6813F0060FECD1FCF7E9FD801B24
:10945000854201D3002DF1D1042384F84130636C9F
:1094600043F00103636413E0BB689B070CD4FCF773
:10947000D7FD801B8542EFD3002DEDD02768691CF6
:10948000F2D1BB689A07FCD502234FF00008FB60BD
:10949000012384F841309DE74FF002084046BDE8C3
:1094A000F883636C43F00803636493E72DE9F84F96
:1094B00004461F4689469046FCF7B2FD94F84030BA
:1094C000012B52D0012384F8403094F84130012B15
:1094D0005FFA83FB07D04FF0020B0023584684F855
:1094E0004030BDE8F88F002382466364422384F84D
:1094F00041307A1C26682CD1B568AB06FCD4D8F86C
:10950000003049462046B362D8F804307362D8F878
:109510000830F3623268D8F8103022F44002134366
:10952000D8F80C2043F480033360C9F828204FF0AA
:109530000062FFF70BFD781C22681BD193681907A6
:10954000FCD5082101234FF0000BD16084F8413095
:10955000C3E7B3689D06D2D5FCF762FDA0EB0A0015
:10956000874212D3002FC4D10FE04FF0020B5846B0
:10957000BDE8F88F93681B07E3D4FCF751FDA0EB1F
:109580000A00874201D3002FD5D1042384F841304B
:10959000636C43F0010363649FE700BF2DE9F0476C
:1095A00004460F461646FCF73BFD94F84030012B6D
:1095B00045D0012384F8403094F84130012B5FFA04
:1095C00083F907D04FF002090023484684F8403061
:1095D000BDE8F08700238046D4F848A06364822366
:1095E00084F84130BAF1FF3F256814D1AB689A0680
:1095F000FCD42B68726823F00803082A43EA0203AC
:109600002B6021D04FF04062394620464FF00009D0
:10961000FFF79CFCD8E7AB689B06EAD5FCF700FD9A
:10962000A0EB0800824502D3BAF1000FDAD104237F
:1096300084F84130636C43F001036364C4E74FF086
:1096400002094846BDE8F087326810232A63EB60C0
:109650002B6843F480132B60D4E700BF704700BF32
:1096600008B5006C00238363C36290F84130082B77
:109670000BD103680222DA601A6842F400321A60E1
:109680001A6842F002021A6008BD012380F84130D6
:10969000FFF7E4FF08BD00BF704700BF704700BF81
:1096A000704700BF704700BF704700BF704700BFE2
:1096B000704700BF38B5036804469A6819685507B3
:1096C0000ED548030CD594F84120122A75D094F891
:1096D0004120222A00F0A1802046FFF7E5FF38BD97
:1096E000950726D5880324D50222DA601A6822F469
:1096F000E0221A6094F84120122A7AD094F841208E
:10970000222A00F0A98094F84120022A00F0D0809B
:1097100094F84120082AE2D15A690121204622F01A
:1097200040625A6184F84110636C3BBBFFF7B4FFA1
:1097300038BD150725D4D50735D5C80333D5012540
:10974000DD601A6822F470221A60626C42F0020234
:1097500062641A68520779D51A68E06B22F0040235
:109760001A60574B836507F04BF90028B7D0636C3C
:10977000204643F00403636484F84150FFF76EFF12
:1097800038BD0803D7D50822DA601A68520206D518
:109790001A68012122F410221A6084F84110204630
:1097A000FFF784FF38BDD00699D5CA0297D510229D
:1097B0002046DA60FFF77CFF38BD9A6850078BD5EA
:1097C00018460EE0626A127883F82020E16A206869
:1097D0000139626AE1620132816862624D077FF598
:1097E0007BAFE26A002AEDD1036823F48023036093
:1097F00072E71A68510709D51A68E16B22F0040272
:1098000009681A60CB6823F00103CB60012320466E
:1098100084F84130FFF746FF38BD9A6852077FF55C
:109820005BAF18460EE093F82010226B1170A16B0D
:1098300020680139226BA1630132816822634907E4
:109840007FF54AAFA26B002AEDD1CDE7204684F820
:109850004150FFF703FF38BD1A6852071DD49A68BC
:1098600012F47C5F0FD111E093F82010226B11707D
:10987000A16B20680139226BA163013281682263E8
:1098800011F47C5F02D0A26B002AEDD101232046A7
:1098900084F84130FFF704FF38BD1A68E16B22F00D
:1098A000040209681A60CB6823F00103CB60EDE77E
:1098B0000123204684F84130FFF7F0FE38BD00BF99
:1098C00061960008002800F0DE81F8B503680446C0
:1098D000D80730D59F490A69896A02F03802102AF0
:1098E00000F00081182A00F0F8806368B3F5803F2B
:1098F00000F02081002B00F05E81B3F5A02F954B86
:109900001A6800F02F8222F480321A601A6822F45A
:1099100080221A60FCF784FB8E4E41F288370546A0
:1099200005E0FCF77DFB401BB84200F24281336842
:109930009A03F6D523689D0700F18580D9062FD5B7
:10994000844A1369926A03F03803082B00F0DA8026
:10995000182B00F0D280E3697E4D002B00F065816A
:109960002B6843F080032B60FCF75AFB064605E0AA
:10997000FCF756FB801B022800F21B812B68DB05DD
:10998000F6D5FCF765FB41F20303984200F20B8227
:109990006B68226A23F0F84343EA82636B602368B2
:1099A0001D0716D563696B4D002B00F01C816B6F92
:1099B00043F001036B67FCF733FB064605E0FCF759
:1099C0002FFB801B022800F2F4806B6F9807F6D5FE
:1099D00023689A0616D5A3695E4D002B00F014810A
:1099E0002B6843F480532B60FCF71AFB064605E016
:1099F000FCF716FB801B022800F2DB802B689F041B
:109A0000F6D52368590700F19B80636ACBB1514DAD
:109A10002A6902F03802182A6DD0022B2B6823F035
:109A200080732B6000F03981FCF7FAFA044605E0F8
:109A3000FCF7F6FA001B022800F2BB802B689B01A2
:109A4000F6D40020F8BD434A1369926A13F0380334
:109A500029D1404BE2681B68590701D5002A4AD03A
:109A60003C4D2B6823F0190313432B60FCF7D8FA05
:109A7000064605E0FCF7D4FA801B022800F2998024
:109A80002B685B07F6D5FCF7E3FA41F20303226982
:109A900098426B6800F2F08023F47C3343EA02338F
:109AA0006B6023684AE7182B00F0E280294DE268DA
:109AB0002B68002A00F0CB8023F0190313432B609E
:109AC000FCF7AEFA064604E0FCF7AAFA801B02286F
:109AD0006FD82B685F07F7D5D5E701F0030102299E
:109AE0007FF403AF1B4A126891037FF524AF6268CD
:109AF000002A7FF420AF0120F8BD02F00302012A02
:109B00007FF429AF134B1B68DA0502D5E369802B7C
:109B1000F1D1FCF79DFA41F203030E4A9842216A03
:109B200000F2B380536823F0F84343EA8163536043
:109B3000236835E7074A136843F480331360E9E686
:109B4000054D2B6843F480732B60FCF769FA0646D9
:109B500009E000BF0044025800480258FCF760FAD0
:109B6000801B642825D82B68DA05F7D5A368012B5C
:109B700000F02281002B00F0FD80052B954B1A6F21
:109B800000F0208122F001021A671A6F22F004020D
:109B90001A67FCF745FA8F4E41F28837054604E014
:109BA000FCF73EFA401BB84203D8336F9B07F7D54A
:109BB0002BE70320F8BD874D41F288372B6823F44B
:109BC00080332B602B6823F480232B60FCF728FA6A
:109BD000064604E0FCF724FA801BB842E9D82B685B
:109BE0009B03F7D4A6E66B6F23F001036B67FCF7CA
:109BF00017FA064604E0FCF713FA801B0228D8D8AF
:109C00006B6F9907F7D4E3E62B6823F480532B603E
:109C1000FCF706FA064604E0FCF702FA801B02286D
:109C2000C7D82B689804F7D4EBE62B6823F08003A1
:109C30002B60FCF7F5F9064604E0FCF7F1F9801B10
:109C40000228B6D82B68DF05F7D42368A8E623F0EE
:109C500001032B60FCF7E4F9064604E0FCF7E0F9A9
:109C6000801B0228A5D82B685807F7D4236865E61F
:109C700090077FF41BAFECE623F0FE4343EA026358
:109C80006B6023685AE601207047D36823F07C5349
:109C900043EA0163D360236882E6FCF7C1F9064614
:109CA00004E0FCF7BDF9801B022882D82B689901DB
:109CB000F7D4A96A484BA26A0B404849454E134362
:109CC000E26A43EA0213AB62D4E90D32013B013A86
:109CD0005B0212049BB202F4FE021343226B013AB0
:109CE000C2F308021343E26B013A120602F0FE428D
:109CF00013432B63EB6A23F00103EB626A6BA36CE3
:109D0000114041EAC3016963EB6A226C23F00C0342
:109D10001343EB62EB6A626C23F002031343EB62C2
:109D2000EB6A43F48033EB62EB6A43F40033EB629B
:109D3000EB6A43F48023EB62EB6A43F00103EB62CE
:109D40002B6843F080732B60FCF76AF9044605E04A
:109D5000FCF766F9001B02283FF62BAF33689A0127
:109D6000F6D56EE642F480221A601A6842F4803218
:109D70001A60CFE5174D41F288372B6F23F00103AE
:109D80002B672B6F23F004032B67FCF749F906467A
:109D900005E0FCF745F9801BB8423FF60AAF2B6F90
:109DA0009807F6D431E6EB68226A23F07C5343EA45
:109DB0000263EB602368F3E5064A136F43F0010387
:109DC0001367E6E642F004021A671A6F42F00102D6
:109DD0001A67DEE6004402580CFCFFFF0700FFFF95
:109DE000474A136903F03803102B04D0182B0DD009
:109DF0001BB14448704744487047136899064AD5D8
:109E000013684248C3F3C103D8407047936A30B423
:109E1000946AD56A14F47C7F516BC4F3051038D072
:109E2000C1F3CC0105F0010503F0030305FB01F1CB
:109E3000012B07EE901AB8EEE77A02D0022B2CD055
:109E400093B307EE900A9FED325AF8EEE77A136B60
:109E5000C5EE276ADFED2F5AC3F3080307EE903AE9
:109E6000B7EE006AF8EEE77AE7EE257A77EE867AC3
:109E700066EEA76A224B1B6BC3F34623013307EE42
:109E8000903AB8EEE77AC6EE877AFCEEE77A17EEFC
:109E9000900A30BC70471D48704707EE900A9FED4E
:109EA0001E5AF8EEE77AD2E713689B0620D51468AD
:109EB00007EE900A1549F7EE005A136BC4F3C1047C
:109EC000F8EEE77A9FED135AC3F30803E14006EE7C
:109ED000903A06EE101AF8EEE66AB8EEC66AE7EEB9
:109EE000056A86EE277A76EEA56A66EE876AC1E78E
:109EF00007EE900A9FED095AF8EEE77AA7E700BF50
:109F00000044025800093D000024F4000090D003F2
:109F10000024744A000000390024744B0024744C5F
:109F2000002800F00281874A136803F00F038B4278
:109F30002DE9F04104460D460CD2136823F00F03BF
:109F40000B431360136803F00F038B4202D0012010
:109F5000BDE8F08123685F070BD57B4920698A69DA
:109F600002F07002904204D98A6922F07002024322
:109F70008A611E070BD574496069CA6902F07002D4
:109F8000904204D9CA6922F070020243CA61D8061D
:109F90000BD56D49A069CA6902F4E062904204D908
:109FA000CA6922F4E0620243CA6199060BD5664988
:109FB000E0690A6A02F07002904204D90A6A22F04B
:109FC000700202430A629A0740F1A1805E48E1688C
:109FD000826902F00F02914204D9826922F00F02D5
:109FE0000A438261D80730D5574AA168936923F4A0
:109FF00070630B43936161681368022900F09780D6
:10A00000032900F08E80012900F0978058079ED523
:10A010004D4E41F28838336923F007030B43336117
:10A02000FBF7FEFF074605E0FBF7FAFFC01B4045C4
:10A0300000F281803369626803F03803B3EBC20F2A
:10A04000F2D12368990706D5E1683F48826902F09A
:10A050000F028A425FD83B490A6802F00F02AA4207
:10A060000AD90A6822F00F022A430A600A6802F03D
:10A070000F02AA427FF46BAF5A070BD53249206911
:10A080008A6902F07002904204D28A6922F070025A
:10A0900002438A611F070BD52B496069CA6902F028
:10A0A0007002904204D2CA6922F070020243CA616F
:10A0B000DE060BD52449A069CA6902F4E062904229
:10A0C00004D2CA6922F4E0620243CA619D060BD53C
:10A0D0001D4AE169136A03F07003994204D2136ABE
:10A0E00023F070030B431362FFF77AFE164A034610
:10A0F000164892691649C2F30322825C0E2002F0D0
:10A100001F02D340BDE8F0410B60FBF727BFDA0721
:10A110003FF56AAF9FE7826922F00F021143816128
:10A1200099E79F013FF574AF11E7012070479B034A
:10A130003FF56EAF0BE703200AE7DE053FF568AF9A
:10A1400005E700BF0020005200440258AC3A010865
:10A150003C02002408B501F095F9064B06499B69BD
:10A16000064A03F00F03CB5C03F01F03D8401060D6
:10A1700008BD00BF00440258AC3A01084002002468
:10A1800010B501F07FF90949094A8B69094C03F0C0
:10A190000F03D35C03F01F03D8402060CB69C3F3E7
:10A1A0000213D35C03F01F03D84010BD00440258D3
:10A1B000AC3A01084002002410B501F063F90949E6
:10A1C000094A8B69094C03F00F03D35C03F01F03AA
:10A1D000D8402060CB69C3F30223D35C03F01F0394
:10A1E000D84010BD00440258AC3A01084002002497
:10A1F000F8B53A4CA36A03F00303032B67D0236836
:10A2000006460F4623F080632360FBF709FF0546EF
:10A2100004E0FBF705FF431B022B56D823681A0105
:10A22000F7D4A36A326823F47C3343EA0233A3628F
:10A23000D6E90232013B013A5B0212049BB202F4FE
:10A24000FE0213437268013AC2F3080213433269F3
:10A25000013A120602F0FE421343A363E36A7269F5
:10A2600023F0C0031343E362E26AB36922F02002E1
:10A270001A431B4BE262E26A22F01002E262E16BD7
:10A28000F2690B4043EAC203E363E36A43F010035D
:10A29000E362E36AEFB1012F0CBF43F4801343F490
:10A2A0000013E3620D4C236843F080632360FBF7E7
:10A2B000B7FE054604E0FBF7B3FE401B022804D8B6
:10A2C00023681B01F7D50020F8BD0320F8BD01204D
:10A2D000F8BD43F40023E362E4E700BF0044025802
:10A2E0000700FFFFF8B53A4CA36A03F00303032B02
:10A2F00067D0236806460F4623F080532360FBF7A0
:10A300008FFE054604E0FBF78BFE431B022B56D85D
:10A3100023689A00F7D4A36A326823F07C7343EA77
:10A320000253A362D6E90232013B013A5B021204F6
:10A330009BB202F4FE0213437268013AC2F30802B0
:10A3400013433269013A120602F0FE4213432364BA
:10A35000E36A726923F440631343E362E26AB36918
:10A3600022F400721A431B4BE262E26A22F480720A
:10A37000E262616CF2690B4043EAC2036364E36A20
:10A3800043F48073E362E36AEFB1012F0CBF43F43F
:10A39000000343F08073E3620D4C236843F0805365
:10A3A0002360FBF73DFE054604E0FBF739FE401B4A
:10A3B000022804D823689B00F7D50020F8BD0320AD
:10A3C000F8BD0120F8BD43F48003E362E4E700BF79
:10A3D000004402580700FFFF2DE9F84303680446D4
:10A3E00013F0006622D0426EB2F5001F00F0CE845A
:10A3F00011D8002A00F0F884B2F5801F40F0F184F3
:10A4000002210430FFF7F4FE0646002E40F0868459
:10A41000626E236803E0B2F5401F40F0E284A84872
:10A420000026016D21F440110A430265DD050AD5BD
:10A43000626D042A06D8DFE812F0A20493049A049D
:10A44000DF02DF020126354698051BD5A26D802A62
:10A4500000F05B8400F2EC80002A00F08B83402A3D
:10A4600040F0ED800021201DFFF7C2FE2368054665
:10A47000002D40F067839249A06D0A6D22F4E072CE
:10A4800002430A6559051FD5D4F8A420B2F5800F00
:10A4900000F0478400F2D680002A00F07183B2F504
:10A4A000001F40F0D7800021201DFFF7A1FE236888
:10A4B0000546002D40F044838149D4F8A4008A6DFC
:10A4C00022F4600202438A651A051FD5D4F8A82039
:10A4D000B2F1007F00F02E8400F2BF80002A00F06D
:10A4E0005583B2F1807F40F0C0800021201DFFF72E
:10A4F0007FFE23680546002D40F02A837049D4F87A
:10A50000A8008A6D22F0E06202438A659F0118D597
:10A51000A26C202A00F0DA8300F2AA803AB1102A55
:10A5200040F0A9806649CA6A42F40032CA62002D2E
:10A5300040F059836249A06CCA6C22F03002024399
:10A54000CA64D8041DD5E26DB2F5005F00F0FB834C
:10A5500000F29480002A00F01F83B2F5805F40F083
:10A5600095800021201DFFF743FE23680546002D3E
:10A5700040F0EC825249E06D0A6D22F4E042024361
:10A580000A6599041AD5226EB2F5003F00F0748373
:10A590007FD84AB1B2F5803F40F083800121201D71
:10A5A000FFF726FE23680546002D40F01E83444930
:10A5B000206E0A6D22F4E02202430A655A041BD57C
:10A5C000D4F8AC20B2F1005F00F060836CD842B1E7
:10A5D000B2F1805F70D10121201DFFF709FE2368D1
:10A5E0000546002D40F003833549D4F8AC008A6D50
:10A5F00022F0E04202438A651F040DD5E26EB2F1FB
:10A60000805F00F03183B2F1005F00F00182002A28
:10A6100000F0048201263546D8015DD5626C032A1C
:10A6200000F20A84DFE812F0540017034E005400D1
:10A63000C02A3FF41DAFB2F5807F3FF419AF012669
:10A6400035461FE7B2F5C00F3FF433AFB2F5000F48
:10A650003FF42FAF0126354636E7B2F1407F3FF495
:10A660004AAFB2F1806F3FF446AF012635464DE761
:10A67000302A3FF45CAF0126354662E7B2F5405F11
:10A680003FF475AFB2F5804F3FF471AF0126354608
:10A6900077E722F48031B1F5802F85D0B2F5403FC5
:10A6A00082D00126354689E722F08051B1F1804FF2
:10A6B00097D0B2F1405F94D0012635469CE700BFA9
:10A6C000004402580221201DFFF792FD2368054631
:10A6D000002D00F06B822E46590200F1F081DF0759
:10A6E0002FD5A26F282A2AD8DFE812F0D30129003B
:10A6F0002900290029002900290029006D032900CB
:10A70000290029002900290029002900CC0129005D
:10A71000290029002900290029002900D301290046
:10A72000290029002900290029002900D301290036
:10A73000290029002900290029002900D301012628
:10A740003546980716D5626F052A00F27883DFE850
:10A7500012F00D00300306000D000D000D00012168
:10A7600004F12400FFF7BEFD23680546002D00F02C
:10A7700025822E46590717D5D4F89020052A00F2D5
:10A780006183DFE812F00D000C0306000D000D00E0
:10A790000D00012104F12400FFF7A4FD2368054604
:10A7A000002D00F013822E469A061DD5D4F88C2079
:10A7B000B2F1005F00F0458200F2DC804AB1B2F1F4
:10A7C000805F40F0E1800021201DFFF711FD23682C
:10A7D0000546002D40F00582A949D4F88C004A6D49
:10A7E00022F0E04202434A655F061DD5D4F8982066
:10A7F000B2F5006F00F0548200F2C9804AB1B2F5A0
:10A80000806F40F0CE800021201DFFF7F1FC23680F
:10A810000546002D40F0C8819949D4F898008A6D0A
:10A8200022F4E05202438A6518061DD5D4F89C2014
:10A83000B2F5804F00F03F8200F2B6804AB1B2F527
:10A84000005F40F0BB800021201DFFF7D1FC236892
:10A850000546002D40F0A6818949D4F89C008A6DF8
:10A8600022F4604202438A6519070BD5D4F88010A0
:10A87000B1F5805F00F03E828148426D22F4405283
:10A880000A434265DA060BD5D4F89410B1F5807FFF
:10A8900000F025827A48826D22F440720A43826574
:10A8A0001F030ED5D4F8A010B1F5803F00F0D4807E
:10A8B000B1F5003F00F0D780002900F0BA810126F1
:10A8C000354658030FD5D4F88420B2F5001F00F0A8
:10A8D000B080B2F5401F00F0B380B2F5801F00F0E9
:10A8E000A08101263546D90309D5E26C002A00F083
:10A8F0008681B2F5803F00F02D81012635469A0011
:10A9000000F1D2809F035CD4301E18BF0120DE020C
:10A9100006D55B49256F0A6D22F000422A430A657D
:10A92000DD0007D55649D4F8B4500A6922F48042B4
:10A930002A430A61990206D55149A56E0A6D22F093
:10A9400080722A430A655A0009D54D4A116921F4DB
:10A95000004111611169D4F8B85029431161002BED
:10A9600006DA474A216DD36C23F040530B43D3647E
:10A97000BDE8F88322F08051B1F1804F3FF429AF58
:10A98000B2F1405F3FF425AF012635462CE722F4B3
:10A990008061B1F5805F3FF43CAFB2F5406F3FF4AA
:10A9A00038AF012635463FE722F40051B1F5004F9C
:10A9B0003FF44FAFB2F5C04F3FF44BAF01263546E1
:10A9C00052E7E26FB2F5807F00F0228106D922F4CF
:10A9D0008071B1F5007F03D0012098E7002AFBD1F8
:10A9E000002DF9D1264D301E696D18BF012021F4CC
:10A9F00040710A436A658AE73546002D40F0A4801D
:10AA00001F49606D0A6D22F0070202430A651BE5CB
:10AA10000121201DFFF7ECFB23680546002D40F0C7
:10AA2000DE801749E06E0A6D22F0405202430A654B
:10AA3000F2E5012104F12400FFF754FC23680546E8
:10AA4000002D40F0DA800E49D4F884004A6D22F4DB
:10AA5000401202434A6546E7022104F12400FFF751
:10AA600041FC23680546002D40F0C5800449D4F818
:10AA7000A0008A6D22F4403202438A6521E700BFBC
:10AA800000440258012104F12400FFF72BFC236845
:10AA90000546002D40F0AD80AF49A06F4A6D22F011
:10AAA000380202434A654CE6022104F12400FFF714
:10AAB00019FC236800283FF425AF012622E7A74FA1
:10AAC0003B6843F480733B60FBF7AAFA804606E0DC
:10AAD000FBF7A6FAA0EB0800642800F27E813B6831
:10AAE000DA05F5D5002D40F0A4819B4AD4F8B030AA
:10AAF000116F594011F4407F0BD0116F106F21F48A
:10AB0000407140F480301067106F20F4803010677F
:10AB10001167B3F5807F00F06E8103F44072B2F5E7
:10AB2000407F00F07C818C490A6922F47C520A61E2
:10AB3000894AC3F30B03116F0B4313672368CEE5F8
:10AB40002E46C1E42E469DE42E467DE42E4618E5B1
:10AB50002E46DBE40221201DFFF74AFB0546236851
:10AB6000002D53D17C49E06CCA6C22F48032024340
:10AB7000CA64C4E67849CA6A42F40032CA6277E419
:10AB80007549CA6A42F40032CA6292E47249CA6ADA
:10AB900042F40032CA62AEE46F49CA6A42F400323B
:10ABA000CA62E4E42E465FE62E463DE66A49606CE2
:10ABB000CA6C22F003020243CA648DE56649606FE5
:10ABC0004A6D22F0070202434A65D3E56249D4F890
:10ABD00090008A6D22F0070202438A65E4E52E4662
:10ABE0001AE52E4600E62E46ABE42E46E6E42E4657
:10ABF00002E52E46A5E52E4663E62E4673E6564947
:10AC0000CA6A42F40032CA62002DABD02E4676E604
:10AC10005148C16A41F40031C162002D7FF4DCAEBD
:10AC2000E0E64D49CA6A42F40032CA62002DE4D11E
:10AC300009E7201DFFF7DCFA05462368002DDAD16D
:10AC400014E7022104F12400FFF74CFB05462368BA
:10AC5000002DC6D1C0E54049CA6A42F40032CA623A
:10AC6000002D7FF438ADA1E73B49CA6A42F40032B7
:10AC7000CA62002DB3D1D4E6012104F12400FFF70C
:10AC800031FB05462368002DAFD190E4012104F18A
:10AC90002400FFF727FB05462368002DA7D1A3E476
:10ACA000022104F12400FFF71DFB05462368002D57
:10ACB0007FF47AAFB0E5022104F12400FFF712FB24
:10ACC00005462368002D7FF46DAFC5E50221201DE8
:10ACD000FFF78EFA05462368002D84D12AE402216D
:10ACE00004F12400FFF7FEFA236800283FF4D8ADF2
:10ACF0000126D5E5022104F12400FFF7F3FA2368C9
:10AD000000283FF4BFAD0126BCE5002104F124007A
:10AD1000FFF7E8FA23680546FFF7AABB2368FFF7A9
:10AD200085BB002104F12400FFF7DCFA2368054607
:10AD3000FFF7BFBB002104F12400FFF7D3FA23681B
:10AD40000546FFF7D8BB002104F12400FFF7CAFA3B
:10AD5000236805460BE400BF00440258004802582F
:10AD60000021201DFFF744FA2368054645E600212F
:10AD700004F12400FFF7B6FA236805463DE633499F
:10AD80003546CA6A42F40032CA6236E602212430ED
:10AD9000FFF7A8FA0646002E3FF43AABBEE70121C2
:10ADA000201DFFF725FA05462368002D7FF4FBAC34
:10ADB0000CE70121201DFFF71BFA05462368002D33
:10ADC0007FF4D7ACFAE60121201DFFF711FA054602
:10ADD0002368002D7FF40DAF5EE603262368354619
:10ADE0007DE40126FFF722BB1848C16A41F4003117
:10ADF000C162FFF714BBFBF713F9DFF85080074679
:10AE000041F2883904E0FBF70BF9C01B4845E4D850
:10AE1000D8F870309B07F6D5D4F8B0307DE60B48F3
:10AE20000B4A016902EA131221F47C510A430261C0
:10AE30007EE623682E4652E4012635464CE4012680
:10AE4000354697E401263546AEE400BF004402587B
:10AE5000CFFFFF0008B5FFF77DF9054B054A1B6AD8
:10AE6000C3F30213D35C03F01F03D84008BD00BF37
:10AE700000440258AC3A0108584B70B4996A9D6A74
:10AE8000DE6A15F47C3FC5F30532DC6B5CD0C4F39D
:10AE9000CC0406F0100601F0030106FB04F40129BE
:10AEA00007EE904AB8EEE77A03D0022975D0002960
:10AEB0004FD007EE902ADFED4A6AF8EEE77A9B6BF7
:10AEC00086EEA76A9FED475AC3F3080306EE903A51
:10AED000F7EE005AF8EEE66AE7EE056A76EEA56A46
:10AEE00066EE266A3D4AB7EE006A936BC3F34623CB
:10AEF00007EE103AB8EEC77A70BC37EE067AC6EEA7
:10AF0000877AFCEEE77AC0ED007A936BC3F30643D1
:10AF100007EE103AB8EEC77A37EE067AC6EE877AB1
:10AF2000FCEEE77AC0ED017A936BC3F3066307EE9C
:10AF3000903AF8EEE77A77EE867A86EEA77ABCEE5C
:10AF4000C77A80ED027A704770BCC0E90022826047
:10AF500070471968890627D51C6807EE902A224990
:10AF6000F7EE005A9B6BC4F3C102F8EEE77A9FED4F
:10AF70001D5AC3F30803D14006EE903A06EE101AAC
:10AF8000F8EEE66AB8EEC66AE7EE056A86EE277A5C
:10AF900076EEA56A66EE876AA4E707EE902ADFEDF3
:10AFA000136AF8EEE77A8AE707EE902A9FED105AC7
:10AFB0009B6BB7EE006AF8EEE77ADFED0A5AC3F34F
:10AFC0000803C5EE276A07EE903AF8EEE77AE7EE57
:10AFD000257A77EE867A66EEA76A83E70044025800
:10AFE0000024744A000000390090D0030024744B00
:10AFF0000024744C584B70B4996A9D6ADE6A15F04F
:10B000007C7FC5F305525C6C5CD0C4F3CC0406F4C1
:10B01000807601F0030106FB04F4012907EE904A53
:10B02000B8EEE77A03D0022975D000294FD007EE99
:10B03000902ADFED4A6AF8EEE77A1B6C86EEA76A83
:10B040009FED475AC3F3080306EE903AF7EE005A15
:10B05000F8EEE66AE7EE056A76EEA56A66EE266A1F
:10B060003D4AB7EE006A136CC3F3462307EE103A6D
:10B07000B8EEC77A70BC37EE067AC6EE877AFCEE79
:10B08000E77AC0ED007A136CC3F3064307EE103A7B
:10B09000B8EEC77A37EE067AC6EE877AFCEEE77A24
:10B0A000C0ED017A136CC3F3066307EE903AF8EE35
:10B0B000E77A77EE867A86EEA77ABCEEC77A80EDDD
:10B0C000027A704770BCC0E900228260704719683C
:10B0D000890627D51C6807EE902A2249F7EE005A08
:10B0E0001B6CC4F3C102F8EEE77A9FED1D5AC3F35F
:10B0F0000803D14006EE903A06EE101AF8EEE66A22
:10B10000B8EEC66AE7EE056A86EE277A76EEA56A9D
:10B1100066EE876AA4E707EE902ADFED136AF8EE81
:10B12000E77A8AE707EE902A9FED105A1B6CB7EE7C
:10B13000006AF8EEE77ADFED0A5AC3F30803C5EEBA
:10B14000276A07EE903AF8EEE77AE7EE257A77EE8F
:10B15000867A66EEA76A83E7004402580024744AA0
:10B16000000000390090D0030024744B0024744C7C
:10B17000584B70B4996A9D6ADE6A15F47C7FC5F3FA
:10B1800005125C6B5CD0C4F3CC0406F0010601F040
:10B19000030106FB04F4012907EE904AB8EEE77AB2
:10B1A00003D0022975D000294FD007EE902ADFED99
:10B1B0004A6AF8EEE77A1B6B86EEA76A9FED475A5C
:10B1C000C3F3080306EE903AF7EE005AF8EEE66A8B
:10B1D000E7EE056A76EEA56A66EE266A3D4AB7EEA8
:10B1E000006A136BC3F3462307EE103AB8EEC77A32
:10B1F00070BC37EE067AC6EE877AFCEEE77AC0EDD1
:10B20000007A136BC3F3064307EE103AB8EEC77A21
:10B2100037EE067AC6EE877AFCEEE77AC0ED017A61
:10B22000136BC3F3066307EE903AF8EEE77A77EE16
:10B23000867A86EEA77ABCEEC77A80ED027A7047EE
:10B2400070BCC0E90022826070471968890627D562
:10B250001C6807EE902A2249F7EE005A1B6BC4F3D4
:10B26000C102F8EEE77A9FED1D5AC3F30803D140FF
:10B2700006EE903A06EE101AF8EEE66AB8EEC66AE6
:10B28000E7EE056A86EE277A76EEA56A66EE876AAD
:10B29000A4E707EE902ADFED136AF8EEE77A8AE773
:10B2A00007EE902A9FED105A1B6BB7EE006AF8EE7E
:10B2B000E77ADFED0A5AC3F30803C5EE276A07EE03
:10B2C000903AF8EEE77AE7EE257A77EE867A66EE40
:10B2D000A76A83E7004402580024744A000000393A
:10B2E0000090D0030024744B0024744CB0F5807F90
:10B2F00000B585B048D0B0F5007F11D0B0F5806FB3
:10B3000000F08280B0F5006F52D0B0F5805F2CD095
:10B31000B0F5002F00F09680002005B05DF804FB2A
:10B32000534A136D03F4E073802B59D012D9C02B0C
:10B3300026D0B3F5807FEFD1D36C13F040535BD0B0
:10B34000B3F1805F00F08D80B3F1005F494818BF12
:10B350000020E2E7002B3CD0402BDDD101A8FFF715
:10B360008BFD019805B05DF804FB414A136D03F4B1
:10B37000E043B3F5005F33D029D9B3F5405F58D12E
:10B380003D4805B05DF804FB394B1B6D03F0070326
:10B39000042BC1D801A252F823F000BFD3B3000898
:10B3A0005DB30008E1B3000881B30008EFB3000803
:10B3B0002F4A936D03F0E063B3F1007F10D01DD9E5
:10B3C000B3F1407FDCD0B3F1806FB5D0A4E7002BA0
:10B3D00034D101A8FFF7CCFE029805B05DF804FB5C
:10B3E00001A8FFF707FE019805B05DF804FB204BAC
:10B3F000DB6C13F04053A3D120488EE7002BE8D03C
:10B40000B3F1807FAAD087E7194A936D03F46003F4
:10B41000B3F5800FE4D005D8002BDAD0B3F5001FC8
:10B420009CD079E7B3F5C00FAAD0B3F5000F83D055
:10B4300072E7B3F5804F3FF47FAF6DE7B3F5805F00
:10B440008CD069E70A4A936D03F44033B3F5803F2B
:10B4500009D0B3F5003F3FF46FAF002B7FF45CAF32
:10B460007CE7074859E701A8FFF7C4FD039854E7B4
:10B47000004402580024F4000080BB000090D00378
:10B4800000093D0008B5FEF7ABFC064B06499B6979
:10B49000064AC3F30323CB5C03F01F03D8401060BC
:10B4A00008BD00BF00440258AC3A01083C02002429
:10B4B000F8B501680546AC4B99421FD0203399423C
:10B4C0001CD003F57873994258D02033994255D057
:10B4D00003F57873994200F01E812033994200F001
:10B4E0001A8195F89130A14E03F0FF026BB92846FE
:10B4F00085F89020F8F7D2F9296806E09C4E95F877
:10B50000913003F0FF02002BF1D09A4B9A4A1B684E
:10B51000A2FB03230A681B0B22F480329B000A6003
:10B5200023B30C68013B14F48034F9D1022385F86D
:10B530009130EB68012B00F01081022B15BF032026
:10B5400023200227222715BF4FF0010C4FF0210CBA
:10B5500000222022AB68013B042B00F24B81DFE884
:10B5600013F0CF001000D6000F00D200D5F89430B1
:10B57000012043F04003C5F89430F8BD7F4EBEE78C
:10B580003A464FF400672B6A3260002B44D0764B6A
:10B59000994200F01E817A48081AB0FA80F04009FA
:10B5A000002840F01681774B994200F00C8120333F
:10B5B000994200F00881744B994200F0FE802033DC
:10B5C000994200F0FA80714B994200F00881704B6B
:10B5D000994200F00A81AB6900EB8000B3F5002FBF
:10B5E0004FEA400300F0E280AA6A296AB2F1806F54
:10B5F0000CBF0222012201FB02F21202B3FBF2F3A2
:10B60000644AA2FB0312D20802EB8201A3EB4103BE
:10B61000092B08BF01326A626B6833F002032B6D9D
:10B6200040F09680012B14BF4FF400740024FAF709
:10B630000FFD696CB0F5005FD5E9003242EA010206
:10B64000A96C42EA0102E96C42EA0102E96A42EAB3
:10B650000102696942EA010272D3A96918680A43C2
:10B66000A96A0A434C490140196029690A431968CB
:10B670000A43696A42EA015248493A4322431A603E
:10B680005A68286B1140EA690243686B59600243AB
:10B6900059680A4342495A609A6811406A6E996033
:10B6A000E96D98680A43296E0A43696D01390A43B6
:10B6B000A96D013942EA012202434FF220009A604B
:10B6C000D968AA6E0140D960E96ED8680A43696FEB
:10B6D00042EA0142296F013942EA0122224902432A
:10B6E0008B42DA6019D0294A934216D000230122F6
:10B6F000C5F89430184685F8903085F89120F8BD4B
:10B700004FF480673FE702464FF400673BE762462D
:10B710004FF4006737E7234EF1E6736C23F0010323
:10B72000736495F83830012BE0D1D5E90F23013A45
:10B7300043EA02137364736C43F001037364D5E747
:10B74000A96918680A43184901401960A96A8DE778
:10B75000012B08BF4FF4007469E7132012274FF044
:10B76000110C1022F6E600BF0458014000540058A6
:10B77000005801403C0200241BECCB95005C0140CA
:10B7800024580140045C0140046001400454005806
:10B7900024540058CDCCCCCC10C005F0F01FFFFFD6
:10B7A0000080F8FF0060014010C005F82A6A696D4A
:10B7B00001FB02F2B3FBF2F322E74FF40070FFF754
:10B7C00095FD2968FFE64FF40070FFF78FFD2968AB
:10B7D000F1E64FF48070FFF789FD2968E3E64FF446
:10B7E0008060FFF783FD2968F1E64FF40060FFF702
:10B7F0007DFDF0E60027C6E6022938B5044635D9B6
:10B80000C81E012830D8002023676064E064E0652A
:10B81000A0664FF6FF706067606830F002000CBFF2
:10B820000125002504294FF4003125650CBF0120B6
:10B830000D2021664FF48021A0656166032A13D88C
:10B84000DFE802F0474E54362368484A934205D059
:10B8500002F1C052A2F58232934205D16368012BF6
:10B8600002D1636C002B2FD0012038BD002023674C
:10B870006064E064A066606830F0020014BF0120DC
:10B88000002020654FF48030E0654FF6FF70606760
:10B8900013F00100E8D14D1E012D29D860664FF448
:10B8A00000302066032ADFD8DFE802F05546362C48
:10B8B000E0215B018022A1646365E266FAF7C8FBC0
:10B8C00094F83830012BBFD02046BDE83840FFF750
:10B8D000EFBD80211B014022A1646365E266EDE7B4
:10B8E00080225B01A2646365E266E7E7C021E0E7CE
:10B8F00020664FF480206066032AB5D8DFE802F0A6
:10B900002B1C0C025B08E02080219A01A0645B01E3
:10B91000E166C4E91523D1E75B08C022802502292E
:10B920004FEA8310A2644FEA4313E5666065A3659E
:10B93000C4D10823A366C1E75B08802202294FEA2D
:10B940008310A2644FEA4313E266C4E91503B5D13C
:10B950001023A366B2E75B08802040215A01A0644F
:10B960001B01E166C4E91523A8E700BF04580140A4
:10B970002DE9F8430F4604461546FAF751FB002F10
:10B9800061D0B5FA85F84FEA5818002D5BD094F8CD
:10B990009130012B5FFA83F950D194F89030012B4C
:10B9A0004CD04346C4F894800646D4F8800065F332
:10B9B0000F03226884F89090394665F31F43A76708
:10B9C0001C32E3672B46122584F891502E4DC0F8A7
:10B9D000508005642D4DC5632D4DC564FAF7C0FE3A
:10B9E00000283ED1636C082B636831D005216122A9
:10B9F000023B012B98BF1146226813690B43136168
:10BA0000136843F40033136006E0FAF709FB831B65
:10BA1000B3F57A7F2AD82268556915F4E025F4D069
:10BA20001368DB0303D4136843F4803313600023EB
:10BA3000994684F890304846BDE8F8834FF00209F3
:10BA40004846BDE8F8834FF001094846BDE8F88351
:10BA500023F00202012A0BBF152105217122612268
:10BA6000C6E7484684F89080BDE8F883D4F894305F
:10BA70004FF0030984F8905043F040034846C4F85F
:10BA80009430BDE8F88300BFD1BB000869BB000853
:10BA900051BC0008F8B500294ED0B2FA82F5134621
:10BAA0006D09002A48D090F891200446012AD6B2A8
:10BAB0003FD190F89020012A3BD081670A46294661
:10BAC000222780F8906063F30F01C0F8945063F36D
:10BAD0001F41C167D0F8840084F891701E4F21681F
:10BAE00007641E4F1C310565C7631D4FC764FAF715
:10BAF00037FE20BB23681A68D20303D41A6842F4C5
:10BB000080321A60626C082A62681CD005216120AC
:10BB1000023A012A98BF01461A6900200A430646E4
:10BB20001A611A6842F400321A6084F890003046B4
:10BB3000F8BD02263046F8BD01263046F8BD304635
:10BB400084F89050F8BD22F0020101290BBF1521A5
:10BB5000052171206120DBE741BC0008DDBB000846
:10BB600051BC0008704700BF08B5C369806BB3F5CE
:10BB7000807F1BD003684FF0000C416C1A680829C5
:10BB8000A0F87EC022F400321A60426811D06FF033
:10BB9000610C6FF00501023A012A98BF61461A69EB
:10BBA0004FF0010C0A401A6180F891C0FFF7DAFFEC
:10BBB00008BD22F0020101290BBF6FF0710C6FF07C
:10BBC000610C6FF015016FF00501E4E7704700BFED
:10BBD000806B08B5FFF7FAFF08BD00BF08B5C36961
:10BBE000806BB3F5807F1BD003684FF0000C416C75
:10BBF0001A68082922F400321A604268A0F87EC050
:10BC000011D06FF0610C6FF00501023A012A98BF64
:10BC100061461A694FF0010C0A401A6180F891C020
:10BC2000F7F742FF08BD22F0020101290BBF6FF0B8
:10BC3000710C6FF0610C6FF015016FF00501E4E716
:10BC4000806B08B5F7F7F4FE08BD00BF704700BF72
:10BC500010B5846BFBF78EFA022823D0D4F8942019
:10BC6000216842F08002134B1348C4F894201B68EB
:10BC70000A68A0FB030322F400321B0B0A600A6867
:10BC80009B0022F480320A606BB10A68013BD20348
:10BC9000FAD401220023204684F89120A4F87E30B3
:10BCA000FFF7D4FF10BDD4F8943043F04003C4F83C
:10BCB0009430EEE73C0200241BECCB9518B338B56A
:10BCC00090F82C3004460D4603F0FF02B3B1214634
:10BCD000022384F82C3051F8040B01F0E7FE62686F
:10BCE0002946206801F020FF084A0121002013683E
:10BCF00043F00043136084F82C1038BD80F82D20E9
:10BD0000F5F766FCE3E70120704700BF00400052F2
:10BD100070B590F82C300446022BD8B204D000F055
:10BD2000FB06012E01D0012070BD02230D462068C4
:10BD300084F82C3001F044FF2B68022B03D0002044
:10BD400084F82C6070BD0523002084F82C3070BD71
:10BD500038B590F82C300446022BD8B205D094F8B0
:10BD60002C30012BDDB201D0012038BD0223206828
:10BD700084F82C3001F038FF002084F82C5038BDB6
:10BD80002DE9F8431E46D0F88030202B71D189462A
:10BD9000002947D0B2FA82F714467F09002A41D021
:10BDA00090F87C300546012B63D00123C0F88870E1
:10BDB00080F87C302123C0F88030FAF731F9AB6885
:10BDC0008046A5F85440B3F5805FA5F8564060D092
:10BDD000B5F856309BB2002B59D02C68721C24D178
:10BDE000E2691306FCD5B9F1000F3DD019F8013B0B
:10BDF000A362B5F85630013B9BB2A5F85630B5F8B2
:10BE000056309BB2002BE9D1711C35D1E3695A063B
:10BE1000FCD5002320221846C5F8802085F87C3008
:10BE2000BDE8F8830120BDE8F883E3691806DAD499
:10BE3000FAF7F6F8A0EB0800864201D3002ECCD129
:10BE40002B682021002403201A6822F4D0721A6083
:10BE50009A6822F001029A60C5F8801085F87C404B
:10BE6000C5F88410BDE8F88337F8023BC3F3080334
:10BE7000BEE70220BDE8F883E3695B06C9D4FAF7A0
:10BE8000CFF8A0EB08008642DAD3002ED8D02C6879
:10BE9000BAE72B69002B9BD14F46994698E700BF24
:10BEA000F8B5D0F88070202F44D1002940D0B2FAE4
:10BEB00082F67609002A3BD0044690F87C000128DF
:10BEC00038D001252123606FA4F856202165C4F8DD
:10BED0008860A4F8542084F87C50C4F88030D8B12D
:10BEE000DFF854C013462268C0F83CC0DFF84CC0ED
:10BEF00028320665C0F840C0DFF844C0C0F84CC026
:10BF0000FAF72EFC40B11023284684F87C60C4F870
:10BF10008830C4F88070F8BD2368002240211046A4
:10BF2000196284F87C209A6842F080029A60F8BD19
:10BF30000120F8BD0220F8BDF1BF000821C00008B3
:10BF400071C00008F8B5D0F88470202F48D10029BE
:10BF500044D0B2FA82F67609002A3FD090F87C30BD
:10BF60000446012B3CD001252223C0F8886081655E
:10BF7000A0F85C2080F87C50C0F88430806FE0B17D
:10BF8000DFF860C013460A462168C0F83CC0DFF8FD
:10BF900058C024310665C0F840C0DFF850C0C0F872
:10BFA0004CC0FAF7DDFB40B11023284684F87C60D2
:10BFB000C4F88830C4F88070F8BD2368002084F885
:10BFC0007C001A6842F480721A609A6842F001029A
:10BFD0009A609A6842F040029A60F8BD0120F8BD6C
:10BFE0000220F8BD2DC0000865C0000871C000081F
:10BFF00008B5C369806BB3F5807F0CD0036800225D
:10C00000A0F856209A6822F080029A601A6842F0DE
:10C0100040021A6008BDF8F769FC08BD704700BF10
:10C02000806B08B5FFF7FAFF08BD00BF08B5C3690C
:10C03000806BB3F5807F12D0036800222021A0F826
:10C040005E201A6822F480721A609A6822F0010257
:10C050009A609A6822F040029A60C0F88410F8F75B
:10C0600049FC08BD806B08B5F8F78EFC08BD00BF21
:10C07000806B38B50368D0F88040D0F884109A6897
:10C08000150601D5212C1DD09A68520601D522290A
:10C0900008D0D0F8883043F01003C0F88830F8F7A3
:10C0A000BBFC38BD00240F4A2025A0F85E4019686B
:10C0B00021F49071196099680A409A60C0F8845020
:10C0C000C466E6E700222024A0F856201A6822F071
:10C0D000C0021A609A6822F400029A60C0F8804098
:10C0E000D2E700BFFEFFFFEF0268D36970B51E07FD
:10C0F00015680446916800F084806C4805F4907CD3
:10C1000008405CEA00061DD1D80202D54E0200F1BB
:10C110009D80180606D501F4000105F0800001435A
:10C1200040F08C805E0602D5680600F19B80190203
:10C1300002D56A0000F1A380DB0102D5002DC0F218
:10C14000AA8070BDDE0709D5EE0507D50126166267
:10C15000D4F8886046F00106C4F888609E0760D570
:10C16000CE0709D502261662D4F8886046F0040688
:10C17000C4F888605E0758D41E070CD505F0200C63
:10C180005CEA000007D008201062D4F8880040F074
:10C190000800C4F88800D4F888000028D1D09E0692
:10C1A00006D505F0200501F0805155EA01036BD159
:10C1B000D4F88850936805F0080503F040031D4348
:10C1C0006ED0116820203A4B21F490711160916873
:10C1D0000B4000219360C4F884009368E1665D061B
:10C1E0003CD59368A06F23F040039360002835D0BE
:10C1F000304B0365FAF7D4FB0028A2D0A06F036D83
:10C200000CE09E0680D505F0200C01F0805E5CEA13
:10C210000E063FF479AFC36E002B92D0BDE870409C
:10C2200018475E07A8D5CE07A6D504261662D4F80F
:10C23000886046F00206C4F888609DE7236F002BF3
:10C240003FF47FAF2046BDE8704018474FF480139D
:10C2500020461362BDE8704001F068BB2046F8F745
:10C26000DBFB70BD13682020002123F04003136026
:10C27000C4F8800020462167F8F738FB70BD2046DF
:10C28000BDE8704001F056BBE36E002B90D0204615
:10C29000984722688CE72046BDE8704001F048BB13
:10C2A0002046F8F7B9FBC4F8885070BD01000010B3
:10C2B000FEFFFFEFB9C2000808B5806B0023A0F8AD
:10C2C0005E30A0F85630F8F7A7FB08BDD0F8802004
:10C2D000D0F8840010437047F0B58268044687B0F8
:10C2E0002368D0E904101D680A43616E0243E069C7
:10C2F00002430A43A8492940A84D0A43E168AB42DA
:10C300001A605A6822F4405242EA0102A1695A6056
:10C3100000F09D80226A9D681143A14A666A2A4006
:10C3200011439960DA6A22F00F023243DA629D4AC1
:10C33000934224D09C4A934255D09C4A934200F0A9
:10C340002F829B4A934200F09B829A4A934200F0CC
:10C35000E980994A934200F09D82984A934200F006
:10C36000D885974A934200F0D682012500234FF0EA
:10C37000011228462367C4E91A2307B0F0BD914B88
:10C380005B6D03F03803282BEFD88F4AD55CB0F5EE
:10C39000004F33D0202D00F2D981202D00F2B6803D
:10C3A000DFE815F0A8017B01B400B4007201B4000D
:10C3B000B400B4004901B400B400B400B400B40047
:10C3C000B400B4001C01B400B400B400B400B40064
:10C3D000B400B400B400B400B400B400B400B400BD
:10C3E000B400B400CA00774B5B6D03F00703052B64
:10C3F000BBD8764AB0F5004FD55CCBD1202D00F2EA
:10C400001482202D00F20082DFE815F08A03580420
:10C41000FE01FE012804FE01FE01FE018604FE016C
:10C42000FE01FE01FE01FE01FE01FE01F203FE011E
:10C43000FE01FE01FE01FE01FE01FE01FE01FE0104
:10C44000FE01FE01FE01FE01FE01FE01B703986838
:10C45000534A02405B480A439A60DA6A616A22F0F2
:10C460000F020A43DA62836D03F00703052B3FF6E0
:10C470007CAF574AD65C202E00F29C81012E7FF6BD
:10C4800074AFB31E1E2B3FF670AF01A252F823F01B
:10C4900047CA00086BC30008F1C900086BC3000855
:10C4A0006BC300086BC30008BBCA00086BC300085D
:10C4B0006BC300086BC300086BC300086BC30008A4
:10C4C0006BC300086BC300085BCA00086BC300089D
:10C4D0006BC300086BC300086BC300086BC3000884
:10C4E0006BC300086BC300086BC300086BC3000874
:10C4F0006BC300086BC300086BC300086BC3000864
:10C500006BC300086BC30008D1CA000801250023D3
:10C51000A3F110014FF6EF7291423FF626AF226869
:10C52000D36023E7274B5B6D03F00703052B3FF632
:10C530001CAF284AD55C2AE7002E00F0B581012EF9
:10C5400000F09E85022E00F0B185032E00F0D88504
:10C55000042E00F0F485052E00F08486062E00F0EF
:10C56000BE86072E00F0FD86082E00F05087092EAB
:10C5700000F07B870A2E00F0DC8743F60953164A49
:10C580000B2E18BF13466268002503EB5203B3FB62
:10C59000F2F39BB2BCE700BFF369FFCF000C005879
:10C5A000FFF4FF110010014000440040004800402B
:10C5B000004C004000500040001401400078004052
:10C5C000007C0040004402581C3B0108483B010825
:10C5D000503B0108483B010800093D00B34B1A6875
:10C5E000920640F16F811A68B14BC2F3C102D34089
:10C5F000002EC8D0012E00F0EF81022E00F0C5847D
:10C60000032E00F0BF84042E00F02B85052E00F0D1
:10C610009D86062E00F0DC86072E00F01C86082E74
:10C6200000F04E86092E00F08E860A2E00F0E3867A
:10C630000B2EA8D126E003A8FEF7DCFC626A049B5F
:10C64000002AA0D0012A00F0C781022A00F09D84B0
:10C65000032A00F09784042A00F00385052A00F0DD
:10C66000FD84062A00F07E85072A00F0F485082A5A
:10C6700000F02686092A00F066860A2A00F0BB86AA
:10C680000B2A80D11B0A7EE76846FEF7F5FB626A3B
:10C69000019B002A3FF477AFD4E7FDF78DFD636A75
:10C6A00003B3012B00F0F384022B00F0CE84032BA4
:10C6B00000F0C884042B00F01785052B00F01185CD
:10C6C000062B00F00686072B00F04886082B00F0AA
:10C6D0009B86092B00F0E1860A2B00F03B870B2B91
:10C6E00008BF000A6268002500EB5203B3FBF2F3B7
:10C6F0009BB20DE7FDF744FD636A03B3012B00F025
:10C70000C984022B00F0A784032B00F0A184042B22
:10C7100000F0E484052B00F0DE84062B00F0E685B3
:10C72000072B00F03686082B00F08786092B00F0D7
:10C73000B1860A2B00F0FA860B2B08BF000A62684C
:10C7400000EB5203B3FBF2F39BB2E1E6402D7FF422
:10C750000CAE002E00F0DC80012E00F09484022E3E
:10C7600000F0A784032E00F0C784042E00F0EC84B0
:10C77000052E00F07A85062E00F0B485072E00F015
:10C78000FE85082E00F04986092E00F08B860A2EC1
:10C7900000F029870B2E0CBF80234FF40043F2E6F4
:10C7A000424B5B6D03F00703052B3FF6DEAD414ABC
:10C7B000D55CECE5402E7FF4D8AD002900F0B580C3
:10C7C000012900F06E84022900F08284032900F020
:10C7D000AF84042900F03B85052900F0698506290E
:10C7E00000F0AD85072900F0EF85082900F03686B6
:10C7F000092900F05B860A2900F0F9860B290CBF95
:10C8000080254FF4004592E001250023A3F110019B
:10C810004FF6EF7291423FF6A8AD23F00F02C3F33B
:10C82000420313432268D360A0E5402D7FF49DAD01
:10C83000002E00F0D380012E00F0D280022E00F0F6
:10C840006D84032E00F0F484042E00F02585052E5F
:10C8500000F06885062E00F0C285072E00F01086D5
:10C86000082E00F04886092E00F059860A2E00F0A6
:10C87000EC860B2E0CBF4FF480704FF48030AFE08D
:10C880000A4B5B6D03F00703052B3FF66EAD0A4ABA
:10C89000D55C7CE5054B5B6D03F03803282B3FF638
:10C8A00064AD064AD55C72E5054B6CE6004402585F
:10C8B0000090D003483B0108483B01081C3B01089D
:10C8C00000093D00002E00F0BA83012E00F0FD8328
:10C8D000022E00F02A84032E00F0B684042E00F00D
:10C8E000E484052E00F02885062E00F08785072EAB
:10C8F000DAD0082E00F0C483092E00F0D7830A2E68
:10C9000000F01D84B44BB54A0B2E18BF13463AE60F
:10C910004FF4004337E6B24B5B6D03F00703052B82
:10C920003FF623ADAF4AD55C31E54FF4004567686B
:10C9300007EB4703AB423FF618ADB5EB073F3FF6B9
:10C9400014AD202E00F2F082012E7FF60EAD023ED5
:10C950001E2E3FF60AAD01A353F826F099CE00082B
:10C960006BC300086FCE00086BC300086BC30008E0
:10C970006BC300080DCE00086BC300086BC3000832
:10C980006BC300086BC300086BC300086BC30008CF
:10C990006BC30008A1CD00086BC300086BC300087F
:10C9A0006BC300086BC300086BC300086BC30008AF
:10C9B0006BC300086BC300086BC300086BC300089F
:10C9C0006BC300086BC300086BC300086BC300088F
:10C9D0006BC3000829CD00085B08D4E54FF4803014
:10C9E0006268002500EB5203B3FBF2F39BB20DE744
:10C9F0006846FEF741FA636A019D03B3012B00F01C
:10CA0000CF82022B00F0C782032B00F0C182042BDF
:10CA100000F02F83052B00F02983062B00F098836C
:10CA2000072B00F02684082B00F04D84092B00F022
:10CA30009B840A2B00F0FB840B2B00F06582002DF9
:10CA40003FF494AC73E7FEF705FA636A0546002BE2
:10CA5000D4D1002D3FF48AAC69E7614B1A68950682
:10CA600040F1A5821B685D4DC3F3C103DD40002981
:10CA70003FF45DAF012900F04D83022900F04683A9
:10CA8000032900F04083042900F04584052900F0C3
:10CA90008384062900F0D484072900F02085082922
:10CAA00000F04F85092900F0F9850A2900F0FD857D
:10CAB0000B297FF43CAF2D0A39E703A8FEF79AFA59
:10CAC000636A049D002B99D1002D3FF44FAC2EE7F3
:10CAD000002900F06A82012900F0DF82022900F0BB
:10CAE000F282032900F02883042900F0AA83052993
:10CAF00000F0D883062900F02E84072900F0618415
:10CB0000082900F0AF84092900F0EF840A2900F019
:10CB1000148543F60955344B0B2918BF1D4606E70B
:10CB2000FDF72EFB636A03B3012B00F0CA82022BD0
:10CB300000F0F782032B00F07F83042B00F0B0831A
:10CB4000052B00F0EB83062B00F05084072B00F040
:10CB50009E84082B00F0B984092B00F0E4840A2B92
:10CB600000F070850B2B08BF000A61684A0802EBD1
:10CB70004003B3FBF1F39BB248E6002E00F03A828B
:10CB8000012E00F09A82022E00F0C682032E00F0E1
:10CB90004D83042E00F07E83052E00F0BA83062E0E
:10CBA00000F02184072E00F06F84082E00F08284AC
:10CBB000092E00F0CC840A2E00F06C8547F6122373
:10CBC0000A4A0B2E18BF13466268002503EB520376
:10CBD000B3FBF2F39BB219E690D003000090D003B0
:10CBE00000440258483B010800093D0000127A0049
:10CBF000A44B1A68910640F1FF811A68A24BC2F358
:10CC0000C10223FA02F206B3012E00F0B182022E15
:10CC100000F03783032E00F06F83042E00F0C683EC
:10CC2000052E00F00084062E00F06F84072E00F021
:10CC30007184082E00F00385092E00F03C850A2E31
:10CC400000F036850B2E08BF120A616800254B08DC
:10CC500003EB4203B3FBF1F39BB2D7E56846FEF763
:10CC60000BF9626A019902B3012A00F00782022AD5
:10CC700000F01A82032A00F03A82042A00F062824D
:10CC8000052A00F0EB82062A00F01683072A00F03E
:10CC90007483082A00F0A183092A00F001840A2A7B
:10CCA00000F05B840B2A08BF090A6268002553085C
:10CCB00003EB4103B3FBF2F39BB2A7E5FDF77CFA6C
:10CCC000636A03B3012B00F0FA81022B00F02B8280
:10CCD000032B00F08382042B00F0DA82052B00F096
:10CCE0002583062B00F06983072B00F0C283082BF5
:10CCF00000F0EE83092B00F07E840A2B00F08D8477
:10CD00000B2B08BF000A616800254A0802EB4003AC
:10CD1000B3FBF1F39BB279E503A8FEF76BF9626A06
:10CD20000499002AC1D09FE7616A002900F054826B
:10CD3000012900F01F83022900F08B83032900F0F2
:10CD4000BF83042900F00084052900F0AA84062985
:10CD500000F08E84072900F08784082900F0E5841C
:10CD6000092900F0DE840A2900F0A8844748484BCE
:10CD70000B2918BF184600217B083A4618184FF0B7
:10CD8000000341F10001F3F797FCA0F54073414A1D
:10CD900093423FF6EAAA23680025D860FFF7E6BA77
:10CDA000384A116811F0200100F0E7811368002172
:10CDB0003548C3F3C103D840636A0BB3012B00F0BD
:10CDC0004B83022B00F07F83032B00F00584042BA0
:10CDD00000F05D84052B00F02C84062B00F0A98464
:10CDE000072B00F0B484082B00F0AD84092B00F071
:10CDF00094840A2B00F08D840B2B01D1000A0021B2
:10CE00000902030241EA10617808B6E703A8FEF7B9
:10CE1000F1F80498636A002102460BB3012B00F07D
:10CE20003582022B00F08682032B00F0C182042B96
:10CE300000F02183052B00F04D83062B00F090833A
:10CE4000072B00F02184082B00F00B84092B00F045
:10CE500004840A2B00F052840B2B01D1100A00210C
:10CE600062680902030241EA1061500886E76846D9
:10CE7000FEF702F80198636A00210246002BEFD00A
:10CE8000CCE700BF004402580090D00300093D00E9
:10CE90000000093DFFFC0F00FDF7DCFF626A002186
:10CEA00003460AB3012A00F06E82022A00F0B9821A
:10CEB000032A00F02483042A00F09383052A00F05B
:10CEC000A683062A00F0DA83072A00F0D583082A11
:10CED00000F01C84092A00F015840A2A00F02F842F
:10CEE0000B2A01D1030A002162680902180241EAF3
:10CEF00013615308C0184FF0000341F10001F3F72C
:10CF0000DBFBA0F5407342E72D0A002D3FF42EAA6B
:10CF10000DE5B54B5B6D03F00703052B3FF625AA26
:10CF2000B24AD55CFFF733BA402E7FF41EAA616A7D
:10CF3000002900F04E81012900F02782022900F02B
:10CF40008482032900F0CE82042900F0578305294A
:10CF500000F05983062900F06883072900F06083F8
:10CF6000082900F0B783092900F0AF830A2900F0EF
:10CF7000C0830B294FF000010CBF4FF400404FF469
:10CF80000000F9E69A4AA2FB03239B08FFF7FBBACD
:10CF9000974BA3FB0535AD08002D3FF4E7A9C6E488
:10CFA0006D08002D3FF4E2A9C1E4924DBFE40029D1
:10CFB0005AD0012900F0AC80022900F0DB8003295F
:10CFC00000F06181042900F0A181052900F0EB81C6
:10CFD000062900F016820729E7D008295DD0092923
:10CFE00071D00A2900F02D81834D844B0B2918BF85
:10CFF0001D469CE4824BE7E5002E50D0012E00F048
:10D00000AF80022E00F03B81032E00F07A81042EC7
:10D0100000F0C781052E00F0FD81062E00F04D8244
:10D02000072EE7D0082E48D0092E75D00A2E00F022
:10D030003181744B744A0B2E18BF1346C4E56F4BF5
:10D04000FFF7A1BA6A4BA3FB00308008FFF74ABB89
:10D05000674BA3FB00308008FFF771BB6B4AA2FB54
:10D060000323DB08FFF78FBA644D60E4674BA3FB33
:10D070000535ED08002D3FF479A958E4490814E678
:10D08000634BFFF780BA4FF48043FFF77CBA400848
:10D09000FFF728BB4008FFF752BB5D4D47E45A4BF2
:10D0A00092E54FF4804542E48908FEE5594BFFF7CD
:10D0B0006ABA4FF40053FFF766BA4E4B84E5400856
:10D0C00021E6400851E5534D31E4534BFFF75BBA7D
:10D0D0004FF400552BE44D4BA3FB0030C008FFF785
:10D0E0002EBB4A4BA3FB0030C008FFF7FBBA404BF6
:10D0F000A3FB01239908D8E541F25553FFF743BA42
:10D10000464BFFF740BA3A4BA3FB0535AD080EE49A
:10D11000414D0CE46D080AE43D4B55E54FF4804069
:10D120005EE4800821E58008EDE53D4BFFF72BBA72
:10D1300041F25555FFF7FBBB384DFFF7F8BB314BBC
:10D14000FFF721BAC908B0E54FF48053FFF71BBAC7
:10D150000C23B5FBF3F5002D3FF408A9FFF7E7BB5F
:10D16000264B31E5224AA2FB0323DB08FFF70BBA6B
:10D1700052086AE52A4DFFF7DABB626A002A00F01E
:10D18000C280012A00F07981022A00F0B281032ACC
:10D1900000F0C381042A00F05E82052A00F0598263
:10D1A000062A00F09E82072A00F09982082A00F0E1
:10D1B0009D82092A00F097820A2A00F083820B2AB6
:10D1C000184A0E4B0EBF00210321134678083A4639
:10D1D00090E64FF40000CFE51348CDE5044BA3FBE8
:10D1E000002398088FE500BF00440258483B01081F
:10D1F000ABAAAAAA00093D0090D003000090D0037A
:10D2000000127A0020A107000020A107CDCCCCCCD1
:10D2100080841E0040420F000048E8012A2C0A00CA
:10D220000024F400000090D00000093DCF4BCBE477
:10D2300042F6AA20FFF7D4BBCD4BA3FB00239808EE
:10D2400093E4CC4DFFF773BBCB4BFFF79CB94FF486
:10D250008055FFF76CBB1B09FFF795B90A23B1FB9B
:10D26000F3F122E5C54BFFF78EB940F6CC43FFF74B
:10D270008AB92D09002D3FF479A8FFF758BBC04BA0
:10D28000A2E49208E1E4BC4DFFF751BB4008E7E59A
:10D29000C00838E5BB4B97E44FF40050FFF7A0BB44
:10D2A000C00862E4B54DFFF742BBB74BFFF76BB95F
:10D2B00040F6CC45FFF73BBB0C23B1FBF3F1F4E4A4
:10D2C0005B09FFF760B96D09002D3FF44FA8FFF728
:10D2D0002EBBA74BA3FB0030C008FFF703BAAB4B34
:10D2E000FFF751B940F6AA23FFF74DB9A04BA3FBB6
:10D2F0000030C008FFF723BA9D4BA3FB02239A0816
:10D30000A3E4A34B60E4A34B03215FE79E4DFFF72B
:10D310000EBBA14B58E4ED08FFF709BB0A23B0FB95
:10D32000F3F022E441F69810FFF75ABB0A23B0FB52
:10D33000F3F0E8E4800893E5984BFFF724B940F652
:10D34000AA25FFF7F4BA9B09FFF71DB90A22B3FB20
:10D35000F2F3FFF718B98D4DFFF7E9BA0009FFF7AF
:10D36000C1B98F4BFFF70FB9AD09002D3EF4FEAFE9
:10D37000FFF7DDBA8B480021FEE4090995E44FF47C
:10D380000063FFF700B94308AEE54FF480000021C9
:10D39000F2E40009FFF7D3B90A23B5FBF3F5FFF771
:10D3A000C6BA814B10E47D4DFFF7C1BAD2084CE4F8
:10D3B00006220023F3F780F952E50C23B0FBF3F0CB
:10D3C000A1E4774DFFF7B3BA4FF40065FFF7AFBAAA
:10D3D0000C22B3FBF2F3FFF7D6B8490965E441F23A
:10D3E0005450FFF7FDBA714BFFF7EEBB0C23B0FBB7
:10D3F000F3F0FFF7BABBDB09FFF7C5B86C4BFFF7DB
:10D40000C2B86B4DFFF793BA4009FFF76BB9694B90
:10D41000FFF7B9B8684BFFF7D7BB4FF48063FFF74E
:10D42000B2B8830860E50A23B2FBF3F20DE4ED091C
:10D43000002D3EF49BAFFFF77ABA4009FFF77FB9A2
:10D440000C23B5FBF3F5FFF772BA4FF4001000217F
:10D4500092E45A4800218FE44008D1E44FF48065FB
:10D46000FFF765BA534DFFF762BA4FF22443FFF757
:10D470008AB8000947E4C008F2E4514B1146A5E61A
:10D480004FF48050FFF7ACBA3A4BFFF79DBB000951
:10D49000FFF76BBB8009FFF752B98009FFF722B98C
:10D4A000890902E44FF40073FFF76DB84FF400757B
:10D4B000FFF73DBA3A4BFFF787BB2F4BFFF784BB13
:10D4C0004048002158E480089AE44009FFF74DBB2A
:10D4D000400918E40A220023F3F7EEF8C0E42D090E
:10D4E000FFF725BA3848002146E44FF22445FFF7FC
:10D4F0001EBA364B6AE64FF40060FFF771BA00239C
:10D500000622F3F7D9F80346EEE40C23B2FBF3F25C
:10D51000FFF79BBB1209FFF798BB2D4B56E64FF464
:10D520008060FFF75DBA8009FFF71FBBC009FFF7F6
:10D5300006B947F61223FFF726B847F61225FFF77C
:10D54000F6B96D09FFF7F3B92248002114E4194B2D
:10D55000FFF73ABBC009FFF7C5B8C909FFF7A5BB7C
:10D560000C220023F3F7A8F87AE400BF5458140003
:10D57000ABAAAAAA20A10700AAC2A200801A06008C
:10D580000048E80140420F0000127A00151605001D
:10D5900054854501000090D000350C0000A86100C2
:10D5A00090D003000080841E0024F4002A2C0A007E
:10D5B0005561510048E801000050C3000040420F8F
:10D5C000000048E8002A2C0A00551500000024F449
:10D5D00000AAC2A20020A10706220023F3F76CF8DC
:10D5E0000EE4C30880E44FF48073FEF7CCBF4FF421
:10D5F0008075FFF79CB98009FFF785BB4FF4801059
:10D600000021FFF7B9BB53480021FFF7B5BB00234A
:10D610000A22F3F751F8034666E4C009FFF773BB2B
:10D620004FF400200021FFF7A7BB4B480021FFF774
:10D63000A3BB0A220023F3F73FF8FFF7E1BB52092F
:10D64000FFF703BBC009FFF790BA4FF40070FFF774
:10D65000C7B9424BBAE5424BB8E590090021FFF744
:10D66000FFBB4009FFF7FCBB3E480021FFF784BB2E
:10D670003D480021FFF780BB030935E400230C225D
:10D68000F3F71AF803462FE40009FFF7E9BBC008D7
:10D69000FFF7B6BB4FF22443FFF796BAAD09FFF789
:10D6A00046B932480021FFF767BBED09FFF73FB9E4
:10D6B000D209FFF7CABA9209FFF7C7BA2C4800216E
:10D6C000FFF75ABB2B4B002180E54FF400300021BF
:10D6D000FFF752BB4FF480200021FFF74DBB264BD4
:10D6E00074E5264B72E5264B00216FE5254B0021A2
:10D6F0006CE54FF480300021FFF73EBBD0090021DC
:10D70000FFF7AEBB83090021FFF7EEBB4309FFF72C
:10D71000EBBBC0090021FFF773BB80090021FFF7B5
:10D720006FBB19480021FFF727BB18480021FFF7FE
:10D7300023BB0C220023F2F7BFFFFFF761BBC30935
:10D740000021FFF7D1BB40090021FFF759BB0009B9
:10D75000FFF756BB00CC0C0000AA0A000000A8612D
:10D760000000127A0090D0030015160500801A06FA
:10D7700000127A000020A1070000093D0055615108
:10D780000040420F0080841E0024F4000048E8019D
:10D79000836ADA0710B406D50168C46A4A6822F4BD
:10D7A000003222434A609C0706D50168046B4A6830
:10D7B00022F4803222434A60590706D50168446B3F
:10D7C0004A6822F4802222434A601A0706D501687B
:10D7D000846B4A6822F4004222434A60DC0606D584
:10D7E0000168C46B8A6822F4805222438A609906D9
:10D7F00006D50168046C8A6822F4005222438A60CC
:10D800005A060AD50168446C4A68B4F5801F22F4B0
:10D81000801242EA04024A600BD01B0606D5026859
:10D82000C16C536823F400230B4353605DF8044B31
:10D8300070474A68846C22F4C00222434A60ECE7D5
:10D84000002370B50446C0F88830F8F7E9FB0546B8
:10D8500023681A6811070CD41A68520725D42022AD
:10D860000023C4F880201846C4F8842084F87C3053
:10D8700070BDDE6916F40016EED1F8F7D1FB431B3C
:10D88000B3F1007F2368F4D31A682021032022F427
:10D89000D0721A609A6822F001029A60C4F880106F
:10D8A00084F87C60C4F8841070BDDE6916F48006CC
:10D8B000D5D1F8F7B5FB431BB3F1007F2368F4D350
:10D8C000E2E700BF80B3D0F8803010B5044633B330
:10D8D000226824232046C4F88030136823F0010313
:10D8E0001360FEF7F9FC012817D0A36A8BB92368EF
:10D8F00020465A6822F490425A609A6822F02A021E
:10D900009A601A6842F00102BDE810401A60FFF701
:10D9100097BF2046FFF73CFFE9E7012010BD80F8E4
:10D920007C30F6F737FDD3E701207047704700BF22
:10D93000704700BF704700BF90F87C20012A17D0C5
:10D94000026803462420002130B4C3F8800020255B
:10D950001068146820F0005024F001041460596627
:10D9600010600846C3F8805083F87C1030BC7047C4
:10D970000220704790F87C20012A43D002680346B9
:10D98000242030B4C3F8800084B014681068EC46DA
:10D9900004AD20F001001060906820F06040014369
:10D9A0001948916003C88CE80300184903C905E9C8
:10D9B0000300596E19B391689068C1F3426C05EB8E
:10D9C0005071AC4411F8100C11F8081CC0001CF880
:10D9D000085CB0FBF1F01CF8101CC900B1FBF5F1BC
:10D9E000A3F868100021A3F86A00202508461460F7
:10D9F000C3F8805083F87C1004B030BC704701211C
:10DA00000846EDE702207047D8370108F8390108C9
:10DA100090F87C20012A43D002680346242030B4C9
:10DA2000C3F8800084B014681068EC4604AD20F0A0
:10DA300001001060906820F0606001431948916017
:10DA400003C88CE80300184903C905E90300596EAF
:10DA500019B391689068C1F3426C05EB5071AC4406
:10DA600011F8100C11F8081CC0001CF8085CB0FB81
:10DA7000F1F01CF8101CC900B1FBF5F1A3F8681017
:10DA80000021A3F86A00202508461460C3F88050DE
:10DA900083F87C1004B030BC704701210846EDE7E4
:10DAA00002207047D8370108F83901080B6810B414
:10DAB000D3B90468A3F500434A6823401343D1E96E
:10DAC000024223431343D1E9044223431343D1E9E0
:10DAD000064223431343D1E9084223435DF8044B34
:10DAE00013430360002070470268D1E9074322F422
:10DAF000F84222434C6A1A430A4B224302604268AE
:10DB00001340D1E9014223431343D1E903422343A4
:10DB10001343D1E9054223435DF8044B13434360AB
:10DB2000002070470080FFFF30B40ABB8368D1E952
:10DB3000002403F07043013C013A43EA0413134309
:10DB4000D1E90224013A013C43EA022343EA0432C8
:10DB5000D1E904348969013B013C013942EA0343BC
:10DB600043EA045343EA016330BC836000207047FA
:10DB70008268CC68114B013C13404A6943EA043384
:10DB8000541E43EA0454D1E900258460C3686C1E26
:10DB9000013A03F0704343EA04130C691A438B689B
:10DBA000013C8969013B013942EA032343EA04430A
:10DBB00043EA016330BCC36000207047FF0F0FFFD2
:10DBC0000246D1E9003010B403431469D1E90210D0
:10DBD00023435DF8044B013943EA4023002043EA24
:10DBE00041131361704700BF0246054B002010B47B
:10DBF000546923405DF8044B43EA41015161704789
:10DC000001C0FFFF84B0844600B583B00DF1140E4F
:10DC10008EE80E000A9B012B32D1826BA3F14213D6
:10DC2000119922F4803201298263C26803EA020357
:10DC3000C360C36823F44013C3606DD00023394A26
:10DC4000009303E0DCF81030002B34DB009B013341
:10DC500093420093F6D90320089B012B0BD1DCF8EB
:10DC6000083043F00803CCF80830DCF8083043F003
:10DC70002003CCF8083003B05DF804EB04B0704723
:10DC8000C3680021274A43F04003C360019103E0C9
:10DC9000DCF81030002B2ADB019B01339342019307
:10DCA000F6D903200E9BDBB9DCF8383043F480331F
:10DCB000CCF83830D0E700231A4A0093DCF8103053
:10DCC00043F00103CCF8103004E0DCF8100010F051
:10DCD0000100C1D0009B013393420093F5D9BAE70C
:10DCE000DCF8383023F48033CCF83830B4E7002344
:10DCF0000C4A0193DCF8103043F00103CCF81030EB
:10DD000004E0DCF8100010F00100CBD0019B0133DF
:10DD100093420193F5D9C4E7C36843F48013C36009
:10DD20008CE700BF400D0300022A82B0844613D066
:10DD300009230193DCF80C30002023F47053CCF855
:10DD40000C30019BDCF80C209B0203F4705313434E
:10DD5000CCF80C3002B07047224B234A0B4493425C
:10DD600007D9224B224A0B44934205D80E23019334
:10DD7000E0E70F230193DDE71E4B1F4A0B4493425C
:10DD800007D91E4B1E4A0B44934205D20C23019324
:10DD9000D0E70D230193CDE71A4B1B4A0B44934266
:10DDA00002D80B230193C5E7184B194A0B44934241
:10DDB00002D20A230193BDE7164B174A0B44934244
:10DDC000B6D3164B164A0B44934202D20823019352
:10DDD000B0E7144B144A0B44934234BF0723062385
:10DDE0000193A7E7405327FFFF340C00401E1BFFA1
:10DDF0003F420F0000DC0BFF7F4F1200808CF9FECA
:10DE000020D6130060B6E5FE5FE3160000D3CEFE19
:10DE100040771B00C05BB3FEC091210000CA91FE99
:10DE200020753800E05459FEE09C41000346002074
:10DE30009A6842F001029A60704700BF03460020D2
:10DE40009A6822F001029A60704700BF08B5C36863
:10DE5000012923F0C043C3600BD041B9C36843F02C
:10DE60008043C3603220F8F7E1F8002008BD0120AC
:10DE700008BDC36843F00053C360F3E784B02DE9E5
:10DE8000F04782B00BAC0E9D84E80E000023159C79
:10DE9000C0F80431C0F80831C0F80C31C0F81031B6
:10DEA000C0F81431C0F81831C0F81C31C0F8203166
:10DEB000C0F82431C0F82831C0F82C31C0F8303116
:10DEC000C0F83431C0F83831C0F83C31836B002CD5
:10DED00040F0AC8023F400138363036843F04003F5
:10DEE0000360036843F080030360002300F5006CC7
:10DEF000C0F8003ED0F80038C0F80038109B012B65
:10DF000000F0A980D0F8003843F00303C0F80038CF
:10DF10000023584A00934FF48463036104E00369CB
:10DF200013F0200300F08680009B0133934200939E
:10DF3000F5D9012200234F4E01931023036102E023
:10DF40000369DB0605D5019B0133B3420193F7D981
:10DF500001220026CCF81060CCF81460CCF81C60CC
:10DF6000E9B100F510634FF090494FF0006AB646F2
:10DF70004FF67F3809E0C3F800E00136C3F810E03F
:10DF8000C3F8088020338E4231D01F68002FF2DAA8
:10DF900016B1C3F80090F0E7C3F800A0EDE7DCF895
:10DFA0001030012D23F48073CCF8103044D00023BE
:10DFB00083616FF0804343611DB9836943F01003AF
:10DFC000836181692C4B0B431199836119B183697A
:10DFD00043F008038361012C03D18169274B0B4374
:10DFE0008361104602B0BDE8F04704B070470026D8
:10DFF00000F530634FF090494FF0006AB6464FF697
:10E000007F3809E0C3F800E00136C3F810E0C3F838
:10E01000088020338E42C2D01F68002FF2DA16B17A
:10E02000C3F80090F0E7C3F800A0EDE743F4001355
:10E0300083635AE71A467DE7114BCCF83030114B19
:10E04000DCF830100B430021CCF830306FF0804307
:10E0500081614361B5E70D9B23B9D0F80038C0F862
:10E06000003855E7D0F8003843F00103C0F8003815
:10E070004EE700BF400D030000383C800400004024
:10E080000001800003000100890182B000230A4AD8
:10E0900041F020010193016103E0036913F02003C3
:10E0A00007D0019B013393420193F6D9032002B0BC
:10E0B0007047184602B07047400D0300D0F808388A
:10E0C00082B003F006030193019838B10198022849
:10E0D00004D0019B062B0CBF02200F2002B070471A
:10E0E00030B44B780A78012B20D002F00F0C4FF49B
:10E0F0008033D0F81C4800EB421203FA0CF32343A0
:10E10000C0F81C38D2F8003B1B040CD48B68D2F842
:10E11000004BC3F30A03C8781449234343EA8043FE
:10E120001943C2F8001B002030BC704700F50064A2
:10E1300002F00F0500EB4210AB40E5692B43E361B1
:10E14000D0F800391C04EED48B68D0F80059C3F322
:10E150000A03CC7805492B4343EA844343EA8252BD
:10E16000114330BCC0F80019002070470080001037
:10E1700010B44A780B78012A1CD003F00F014FF439
:10E180008032D0F83C4800EB43138A40174924EA18
:10E190000204C0F83C48D0F81C4824EA02025DF8AA
:10E1A000044BC0F81C280020D3F8002B1140C3F802
:10E1B000001B704703F00F01D0F83C4800EB4313FD
:10E1C0008A400B4924EA0204C0F83C48D0F81C48B5
:10E1D00024EA02025DF8044BC0F81C280020D3F8A2
:10E1E00000291140C3F80019704700BF0078F3EF11
:10E1F000007833EC2DE9F0414B7891F800C0012B09
:10E2000051D000EB4C1C844CDCF8105B0CF53063F7
:10E210002C401C61814C1D692C401C614C6984B3ED
:10E220008D68012A7E4E2C4404F1FF34B4FBF5F4D2
:10E2300006EAC44EA4B205FB04F41D694EEA0505C6
:10E24000C4F312041D611D6944EA05041C6125D054
:10E25000CB78012B0CD1D0F8083813F4807FDCF890
:10E26000003B0CBF43F0005343F08053CCF8003B1D
:10E27000DCF8003B43F00443CCF8003B0020BDE851
:10E28000F0818C68012A1D69C4F3120444EA050474
:10E290001C611C6944F400241C61D9D1CA68002A9D
:10E2A000D6D05A61D4E74D69002D3DD000EB4C1417
:10E2B000594ED1F808E0D4F81089584F08EA0606FC
:10E2C000C4F8106905EB0E06013EB6FBFEFED4F85D
:10E2D00010693740524EC4F8107906EACE46D4F899
:10E2E00010793E43C4F81069C5F31206D4F81079CA
:10E2F0003E43C4F8106904F5106691F803E0BEF1DE
:10E30000010F57D0012A72D0D4F800290CF00F0C5D
:10E3100042F0044203FA0CF3C4F80029D0F8342880
:10E320001343C0F83438A9E700EB4C133B4E3A4C8A
:10E33000012AD3F8107906EA0706C3F81069D3F862
:10E34000106946F40026C3F81069D3F8106904EA8E
:10E35000060403F51066C3F8104991F803E03AD0BB
:10E36000D3F80049BEF1010F44F00444C3F800495A
:10E3700084D1D0F8083813F4807F33680CBF43F0A1
:10E38000005343F080533360002A7FF477AFADB27F
:10E390000335AD083FF472AFCB6800EB0C3C03EBE8
:10E3A00085010CF5805C53F8042B8B42CCF80020DF
:10E3B000F9D163E73369012A23F0C043336133693C
:10E3C00043F00053336117D0D4F8003943F00443CD
:10E3D000C4F80039CDE70B6963B9BEF1010F0ED067
:10E3E0003368002043F004433360BDE8F0810B69DB
:10E3F000002BF5D07361F0E70B69002BFAD1D0F850
:10E40000083813F4807F33680CBF43F0005343F0A7
:10E4100080533360E4E700BF0000F8FFFFFF07E030
:10E420000000F81FF0B54C780B78012C26D000EBDB
:10E430004310574CD0F8105B00F530632C401C6142
:10E44000544C1D692C401C614C69A4B98C681D6931
:10E45000C4F31204012A45F400251D611D6944EA34
:10E4600005041C6149D0D0F8003B43F00443C0F8D8
:10E47000003B0020F0BD8C684C61E8E74C69002C43
:10E4800040D000EB4315424FD1F808E0D5F810C951
:10E49000404E74450CEA070705F5106CC5F8107975
:10E4A000D5F8107906EA0706C5F8106958D9DCF8DE
:10E4B0001040012AC1F814E044F40024CCF81040C4
:10E4C000CEF31204DCF8106044EA0604CCF81040E5
:10E4D0003AD0D5F8002942F00442C5F80029BEF12F
:10E4E000000FC6D003F00F010123D0F834288B4071
:10E4F0001343C0F834380020F0BDCA68002AB2D0F7
:10E500005A61B0E700EB4310224B012AD0F81049C2
:10E5100000F5106C03EA0403CCF81030DCF810307E
:10E5200043F40023CCF81030194BDCF8104003EA18
:10E530000403CCF8103007D0D0F8003943F004437E
:10E54000C0F800390020F0BD0B690BB1CCF81430D5
:10E55000DCF80030002043F00443CCF80030F0BD7C
:10E56000DCF81060C4F31204012A46F40026CCF84B
:10E570001060DCF8106044EA0604CCF81040E3D0E8
:10E58000D5F8002942F00442C5F80029AAE700BFE7
:10E590000000F8FFFFFF07E010B49DF8044064B9E5
:10E5A00003339B0809D0013201EB830300EB0230F7
:10E5B00051F8042B8B420260FAD100205DF8044B25
:10E5C000704700BF033292080AD000F5805C01EB6F
:10E5D0008200DCF8003041F8043B8842F9D17047F2
:10E5E000084670474A780B78012A00EB43100CD09C
:10E5F000D0F8002B0BB1002A14DAD0F8003B43F41A
:10E600000013C0F8003B00207047D0F80029002A12
:10E6100000DB73B9D0F8003943F40013C0F80039B7
:10E6200000207047D0F8003B23F08043C0F8003B47
:10E63000E3E7D0F8003923F08043C0F80039D0F880
:10E64000003943F40013C0F80039E9E74A780B7841
:10E65000012A00EB431013D0D0F8003B23F4001341
:10E66000C0F8003BCB78023B012B01D9002070475A
:10E67000D0F8003B43F08053C0F8003B00207047C7
:10E68000D0F8003923F40013C0F80039CB78023BEE
:10E69000012BEBD8D0F8003943F08053C0F8003993
:10E6A00000207047034609010020D3F8002801F438
:10E6B000FE6122F4FE62C3F80028D3F8002811435B
:10E6C000C3F80018704700BF08B503460320D3F80D
:10E6D000042822F00202C3F80428F7F7A7FC002060
:10E6E00008BD00BF08B503460320D3F8042842F054
:10E6F0000202C3F80428F7F799FC002008BD00BF08
:10E7000082B0436901938269019B13400193019890
:10E7100002B0704782B0D0F818380193D0F81C28A6
:10E72000019B134001930198000C02B0704700BF99
:10E7300082B0D0F818380193D0F81C28019B134000
:10E740000193019880B202B0704700BF00EB411105
:10E7500082B0D1F8083B0193D0F81428019B1340F4
:10E760000193019802B0704784B0D0F8103801F0DE
:10E770000F0C00EB41110293D0F834380393039B44
:10E78000029A23FA0CF3DB01DBB213430293D1F8B4
:10E790000839029A13400193019804B0704700BFF2
:10E7A000406900F001007047D0F8001900F50063DF
:10E7B0000A4A0A40C0F800299A6802F00602042AB0
:10E7C00005D1D0F8002942F00302C0F800295A68A8
:10E7D000002042F480725A60704700BF00F8FFFFCB
:10E7E000144B10B4046C9C421AD800F5306000231E
:10E7F00001290361036943F400230361036943F0C2
:10E8000018030361036943F0C043036104D142610B
:10E81000036843F08023036000205DF8044B7047D9
:10E82000D0F8003B00F53060002BE0DA00205DF806
:10E83000044B70470A30544FD0F8002401F0030312
:10E84000012900F5806C22F00302C0F80024D0F802
:10E85000002443EA0203C0F8003409D0022901D0A1
:10E860000020704741F270730020CCF804307047EC
:10E870004BF680330020CCF804307047D0F81404F5
:10E8800080B2704700EB4111002382B001F5A06215
:10E890000193D1F8003513F4802FD1F8003543F0FF
:10E8A0008043C1F8003522D1C36A13F47F0FD1F839
:10E8B000003523D123F00043C1F80035D1F80035ED
:10E8C00043F00043C1F80035D1F8003523F400438C
:10E8D000C1F8003502E01368002B13DA019B013305
:10E8E000B3F57A7F0193F6D9002002B07047D0F8D3
:10E8F000103413F47F0FD1F8003506D043F00043F5
:10E90000C1F80035002002B0704723F00043C1F881
:10E910000035D1F8003543F00043C1F80035D1F897
:10E92000003523F40043C1F8003502E01368002BE2
:10E93000E8DA019B0133B3F57A7F0193F6D9002021
:10E9400002B0704730B4002484B04FF48465AA4A02
:10E9500000940146836823F00103836003940561FA
:10E9600002E00B69980604D5039B0133934203939D
:10E97000F7D900201023A04A02900B6102E00B6936
:10E98000DB0604D5029B013393420293F7D9D1F8F9
:10E99000003501F5A06201F5E0600193019B43F0B1
:10E9A00080430193019B23F000430193019B23F4D7
:10E9B00000430193019BC1F80035D1F82035019344
:10E9C000019B43F080430193019B23F0004301939B
:10E9D000019B23F400430193019BC1F82035D1F83A
:10E9E00040350193019B43F080430193019B23F049
:10E9F00000430193019B23F400430193019BC1F861
:10EA00004035D1F860350193019B43F08043019379
:10EA1000019B23F000430193019B23F400430193E6
:10EA2000019BC1F86035D1F880350193019B43F01B
:10EA300080430193019B23F000430193019B23F446
:10EA400000430193019BC1F88035D1F8A0350193B3
:10EA5000019B43F080430193019B23F0004301930A
:10EA6000019B23F400430193019BC1F8A035D1F829
:10EA7000C0350193019B43F080430193019B23F038
:10EA800000430193019B23F400430193019BC1F8D0
:10EA9000C035D1F8E0350193019B43F080430193E9
:10EAA000019B23F000430193019B23F40043019356
:10EAB000019BC1F8E035D1F800360193019B43F08A
:10EAC00080430193019B23F000430193019B23F4B6
:10EAD00000430193019BC1F80036D1F82036019321
:10EAE000019B43F080430193019B23F0004301937A
:10EAF000019B23F400430193019BC1F82036D1F818
:10EB000040360193019B43F080430193019B23F026
:10EB100000430193019B23F400430193019BC1F83F
:10EB20004036D1F860360193019B43F08043019356
:10EB3000019B23F000430193019B23F400430193C5
:10EB4000019BC1F86036D1F880360193019B43F0F8
:10EB500080430193019B23F000430193019B23F425
:10EB600000430193019BC1F88036D1F8A036019390
:10EB7000019B43F080430193019B23F000430193E9
:10EB8000019B23F400430193019BC1F8A036D1F807
:10EB9000C0360193019B43F080430193019B23F016
:10EBA00000430193019B23F400430193019BC1F8AF
:10EBB000C036D1F8E0360193019B43F080430193C6
:10EBC000019B23F000430193019B23F40043019335
:10EBD000019BC1F8E03613680193019B43F0804329
:10EBE0000193019B43F000430193019B23F40043F5
:10EBF0000193019B136004E0400D03001368002B98
:10EC000005DA009B0133B3F57A7F0093F6D9203201
:10EC10008242E0D14FF0FF330020C1F814344B6141
:10EC20008B6843F001038B6004B030BC704700BFB9
:10EC3000D0F8943283B110B5D0F8904294F8000225
:10EC4000FF2807D09B68214694F801229847FF23AC
:10EC500084F80032002010BD00207047054A0346AA
:10EC6000054912780548012A12BF43226522084649
:10EC70001A8070470CE701240C040024340300249C
:10EC8000054A0346054912780548012A12BF432266
:10EC9000652208461A8070470CE701240C04002402
:10ECA00078030024054A0346054912780548012ADD
:10ECB00012BF4322652208461A8070470CE70124E0
:10ECC0000C040024C803002403460A2201481A80C9
:10ECD000704700BFBC03002438B50446D0F89052FA
:10ECE000F6F7AEFED4F89032C5F80C024BB1D4F86A
:10ECF000943205F50371D5F80402DB6898470020CB
:10ED000038BD022038BD00BF38B5D0F8905205B3E9
:10ED100001EB810E00EB8E0EDEF81C3063B1D0F8F3
:10ED20009822C1EBC10C02EB8C0CDCF84440B3FB25
:10ED3000F4F204FB123424B100231846C5F814324F
:10ED400038BD23462246CEF81C40F6F75DFE20462D
:10ED500038BD022038BD00BFF0B591F800C083B0C7
:10ED600000230C461CF060060546D0F890728DF822
:10ED70000530ADF8063013D0202E17D1CA88EAB17D
:10ED80001CF0800F3ED01E46D0F894323946607891
:10ED90009B689847E2883946284600F01DFD0AE046
:10EDA0004B780A2B1FD00B2B27D083B12146284646
:10EDB000022600F0DBFC304603B0F0BDD0F8943200
:10EDC000164648789B689847304603B0F0BD90F8E7
:10EDD0007432032B20D002262846214600F0C6FCC0
:10EDE000304603B0F0BD90F87432032BF3D101220A
:10EDF0000DF1050100F0F0FCDDE790F87432032B13
:10EE0000D9D0E8E749781E4687F8012287F8001232
:10EE1000394600F0F9FCCEE702220DF1060100F0C0
:10EE2000DBFCC8E738B5044600258121F6F7A0FDD4
:10EE300001212046E562F6F79BFD82212046C4F8B9
:10EE40005851F6F795FDD4F8903225644BB1D4F8BB
:10EE500094325B689847D4F8900203F01DF9C4F827
:10EE60009052002038BD00BF38B5037C0446A3BBD8
:10EE70004FF40073022281210125F6F767FD4FF45C
:10EE8000007329460222E5622046F6F75FFD032261
:10EE900008238221C4F858512046F6F757FD012176
:10EEA0004FF40770216403F0D3F8D4F89432054688
:10EEB0001B68C4F8900298470023227C0121C5F802
:10EEC0001432C5F8183282B94FF40073D5F8042211
:10EED0002046F6F7A7FD002038BD402302228121FD
:10EEE0000125F6F733FD4023CBE74023D5F8042274
:10EEF0002046F6F797FD002038BD00BF034619B144
:10EF00000020C3F894127047022070470346002087
:10EF1000D3F89032C3F80812C3F81022704700BF2C
:10EF200003460020D3F89032C3F80412704700BFA4
:10EF3000D0F890229AB110B5D2F814420CB1012049
:10EF400010BD01238121C2F81432D2F81032D2F858
:10EF5000082203639BB2F6F757FD204610BD02203E
:10EF6000704700BFD0F8902210B59AB1047C44B12C
:10EF700000244023D2F804220121F6F753FD204655
:10EF800010BD4FF40073D2F804220121F6F74AFDB8
:10EF9000204610BD0224204610BD00BF08B580B138
:10EFA000D0F88C3213B10023C0F88C3209B1C0F80C
:10EFB00088120123027080F87432F6F747FC0020B3
:10EFC00008BD054803F0F0F9044803F0EDF90A2004
:10EFD00003F0FCF9022008BD043A01080C3A0108CC
:10EFE00008B521B103460020C3F88C1208BD0548BE
:10EFF00003F0DAF9044803F0D7F90A2003F0E6F940
:10F00000022008BD043A0108243A010808B5F6F7C1
:10F010008FFC002008BD00BF08B5D0F88C321BB1B2
:10F020001B68984700B908BD022008BD08B5D0F894
:10F030008C325B689847002008BD00BF38B500F5EA
:10F0400020750446284600F07DFB0122B4F8863284
:10F0500094F88012C4E99B2301F01F03934209D066
:10F06000022B13D063B101F080012046F6F78EFC2D
:10F07000002038BD2946204600F092FA002038BD15
:10F080002946204600F00AF9002038BD29462046CE
:10F0900000F0BAFA002038BD38B5054669B9134604
:10F0A000D0F86C22032A15D0052A0C460ED1C5F8DB
:10F0B0006C12F6F76BFC204638BDD0F88C329B6999
:10F0C00033B190F87422032A02D19847002038BD4A
:10F0D000022038BDD0E9531291420CD9891A8A42D4
:10F0E000C0F84C1188BF8AB2194698BF92B200F09E
:10F0F00099FB002038BDD0F88C321B691BB190F809
:10F100007422032A04D0284600F096FB002038BD64
:10F110009847F8E770B5044661B9D0F86C32022B15
:10F1200015D033F0040337D094F87832012B2ED069
:10F13000002070BDD0F88C325B6933B190F8742236
:10F14000032A02D19847002070BD022070BDD0E98B
:10F1500008630D469E4223D8C669B6FBF3F203FB53
:10F1600012620AB9B34228D9D4F88C32DB681BB1D9
:10F1700094F87422032A30D080212046F6F706FC4A
:10F18000204600F065FB94F87832012BD0D10023A3
:10F19000184684F8783270BD8021F6F7F7FBC3E794
:10F1A000F31A114603629AB200F024FB2B462A465A
:10F1B00029462046F6F736FCB6E7D0F870329E4274
:10F1C000D2D20A4600F016FB2B462A462946204694
:10F1D000C4F87052F6F726FCA6E720469847CBE71E
:10F1E00070B5002240260446012511463346F6F745
:10F1F000ADFB3346802100222046C4F84451C4F8B8
:10F200005061F6F7A3FB0021D4F89032A561666245
:10F2100084F87452C4F86C126160C4F87C1223B193
:10F22000D4F88C3220465B689847002070BD00BF40
:10F23000034600201974704703460421002093F808
:10F24000742283F8741283F87522704703460020F5
:10F2500093F8752283F87422704700BF90F87422E7
:10F26000032A01D00020704708B5D0F88C32DB6942
:10F2700003B19847002008BD002070470020704768
:10F2800000207047D0F88C22012108B580F8741254
:10F29000017953689847002008BD00BF30B50B784E
:10F2A00083B00D46044603F06003202B0DD0402BA5
:10F2B0000BD09BB180212046F6F768FB0021204649
:10F2C000F6F764FB002003B030BDD4F88C32294639
:10F2D00020469B689847002003B030BD4B78092B2F
:10F2E000E8D801A252F823F043F300086FF30008B6
:10F2F000B5F200088DF30008B5F2000895F3000898
:10F30000CDF30008B5F20008FDF3000811F3000882
:10F310008978A24D01292970CCD890F87432022B3B
:10F3200000F01281032B00F000818021F6F72EFB04
:10F3300000212046F6F72AFB29782046FFF776FEC3
:10F34000C0E790F87432013B022BB3D8CB88022B74
:10F35000B0D10122D0F87C32C2600BB10323C3606C
:10F36000022204F10C01204600F036FAAAE790F8D8
:10F370007432013B022B9DD84B88012BA2D1002374
:10F380002046C4F87C3200F057FA9BE74B88012BEB
:10F3900098D1F5E78B88002B8CD1CB88002B89D1B5
:10F3A0004D887F2D86D890F87432032B82D0E9B235
:10F3B00080F87612F6F71AFB204600F03DFA002D91
:10F3C00000F0E080022384F874327BE74A88130A55
:10F3D000013B062B3FF66EAF01A151F823F000BFB1
:10F3E00091F4000879F4000867F40008B5F2000809
:10F3F000B5F2000851F4000823F40008CA88012A75
:10F400007FF458AF90F87432022B00F28780002B03
:10F410003FF450AF0146002341F8083F00F0DCF90B
:10F4200050E7037C002B7FF445AFD0F88C320DF110
:10F4300006001B6B984707234370BDF80620002A7F
:10F4400067D0EB88002B5BD1204600F0F5F939E757
:10F45000037C002B7FF42EAFD0F88C320DF1060028
:10F460005B6B9847E9E7D1B2052900F28F80DFE8AE
:10F4700001F0271F17372F3F037C002B72D1D0F8E4
:10F480008C320DF106009B6A984702234370D4E743
:10F49000D0F888320DF10601007C1B689847CCE754
:10F4A000D0F888320DF10601007CDB689847C4E78C
:10F4B000D0F888320DF10601007C9B689847BCE7C4
:10F4C000D0F888320DF10601007C5B689847B4E7FC
:10F4D000D0F888320DF10601007C5B699847ACE7F3
:10F4E000D0F888320DF10601007C1B699847A4E72B
:10F4F000D0F888320DF10601007C9B6998479CE7A3
:10F500009A420146204628BF1A46ADF8062000F070
:10F5100063F9EB88002B7FF4D5AE95E7032B7FF4DE
:10F52000C9AE011D00F058F9CCE621B341680129AC
:10F530008AD0C9B2FFF77AFD297820466160FFF7CB
:10F540006BFD022880D1B5E600293FF47DAF012193
:10F550000323416080F87432FFF75EFD02287FF4D8
:10F5600073AFA7E6D0F88C320DF10600DB6A98473E
:10F570000223437061E70223416080F87432FFF791
:10F5800055FD61E7012384F874329BE6D0F88C3294
:10F590000DF106029B6B98474FE700BFF02B02244A
:10F5A00038B50B780D46044603F06002402A0AD0B5
:10F5B0005B0608D58021F6F7E9F900212046F6F729
:10F5C000E5F9002038BD94F87432013B022B11D8C4
:10F5D0002B79012B0ED8D4F88C32294620469B6813
:10F5E0009847EB88002BECD10028EAD1204600F0A8
:10F5F00023F9E6E780212046F6F7C8F900212046E6
:10F60000F6F7C4F9002038BD38B50B78044603F08E
:10F610006003202B0CD0402B0AD083B180212046E0
:10F62000F6F7B4F900212046F6F7B0F9002038BD0E
:10F63000D4F88C3220469B689847002038BD4B7820
:10F640008A88012B5FFA82FC37D0032B23D0002B52
:10F65000E4D190F87432022B4AD0032BDED10CF0A7
:10F660000F03120603EB830300EB830351D4D3F89B
:10F670004431002BD2D00CF07F03142505FB030589
:10F6800005F5A075002B4FD12B600222294620469C
:10F6900000F0A2F8CAE790F87432022B1DD0032BB9
:10F6A000BCD14B882BB91CF07F0F02D0CB88002B2C
:10F6B00043D0204600F0C0F8B8E790F87432022B2F
:10F6C0000BD0032BAAD14B88002BAFD11CF07F0F9E
:10F6D000EFD06146F6F768F9EBE71CF07F0F9DD09D
:10F6E0006146F6F753F980212046F6F74FF99DE77A
:10F6F0001CF07F0F92D111064FF000034FF0020271
:10F700004CBF00F1140100F5A0710B6000F064F82B
:10F710008CE79B69002B81D00CF07F035D1C05EB0F
:10F72000850500EB8505ADE761462046F6F74AF909
:10F7300008B10123A8E72860A7E76146F6F726F994
:10F74000B7E700BF0B7803704B784370CA788B78AB
:10F7500003EB022343804A790B7903EB0223838076
:10F76000CA798B7903EB0223C380704710B5044636
:10F770008021F6F70BF900212046BDE81040F6F78E
:10F7800005B900BF18B3037830B40BB30446C0F119
:10F79000010C04EB0C0314F8015FDBB2002DF8D16F
:10F7A00001335B00DCB2138003230C704B700478D0
:10F7B0005CB1022300255A1CCC540233D2B2DBB216
:10F7C0008D5410F8014F002CF5D130BC70477047B4
:10F7D00002242346E7E700BF10B5134602240A4679
:10F7E0000021C0F86C42C0E90733F6F70DF900209C
:10F7F00010BD00BF8C46002108B513466246F6F7DF
:10F8000003F9002008BD00BF10B5134603240A46C3
:10F810000021C0F86C42C0E95233F6F703F900202A
:10F8200010BD00BF8C46002108B513466246F6F7AE
:10F83000F9F8002008BD00BF08B504210023C0F876
:10F840006C121A461946F6F7DFF8002008BD00BF13
:10F8500008B505210023C0F86C121A461946F6F7C0
:10F86000E1F8002008BD00BFD0F8C4230132C0F881
:10F87000C42302780B2A00D07047D0F87C33002BC9
:10F88000FAD09B69184700BF012380F823337047E3
:10F89000002380F8233370470346002201211046DD
:10F8A00083F8201383F8212383F82223704700BFB5
:10F8B00038B501230025044680F8213380F823530E
:10F8C00080F82053F6F782FA2179204600F006F8F6
:10F8D0006179204600F002F8284638BD0A2907D889
:10F8E00000EB8100D0F88433C3F30E03C0F88433F7
:10F8F000002070470C4A82B00C4BD2F8DC1041F06B
:10F900004001C2F8DC10D2F8DC2002F04002019283
:10F91000019A1A6822F020021A601A6842F0040262
:10F920001A6002B0704700BF004402580018024835
:10F9300070B5002304464FF4806204214FF4403533
:10F940003448C4F83821C4F8D410C4F83431C4F8A9
:10F950004C113149C4F8B000C4F82811C4E92F3261
:10F96000C4E93133C4E93335C4E93733C4E94F332B
:10F97000C4E95135C4E95533A2680323C4F8D8302B
:10F98000C4F85031042A0AD8DFE802F01F262D34CB
:10F99000030055225623C4F8B420C4F82C310022A9
:10F9A000402304F1B005C4F8B8202846C4F830312B
:10F9B000F6F718FD08B1FFBEFEE704F59476304671
:10F9C000F6F710FDE8B1FFBEFEE725222623C4F8B6
:10F9D000B420C4F82C31E2E727222823C4F8B4204D
:10F9E000C4F82C31DBE73D223E23C4F8B420C4F830
:10F9F0002C31D4E753225423C4F8B420C4F82C315A
:10FA0000CDE704F12803C4E92865C4F8E830C4F858
:10FA1000603170BD40040240580402402DE9F04FAF
:10FA2000814683B00E4617461D4600F12804204645
:10FA300001F090FD01288246F9D14846FFF778FF92
:10FA40008046002835D1EFF31083019372B6DFF8BA
:10FA500088B00C9B99F90820DFF880A0DFF880902F
:10FA6000CBF800300D9B89F80020CAF800300DB1AA
:10FA70001846A847BAB23146204601F0E1F830B93D
:10FA8000019B03B962B6404603B0BDE8F08F002386
:10FA9000CBF80030CAF80030FF2389F800300C9B07
:10FAA0008BB101210D9888469847019B002BEAD124
:10FAB000E8E70C9B53B1D0460D9851469847404615
:10FAC00003B0BDE8F08F4FF00108D9E7D0464046BB
:10FAD00003B0BDE8F08F00BF143602241C360224A8
:10FAE000183602242DE9F04F814683B00E461746A2
:10FAF0001D4600F12804204601F02CFD0128824615
:10FB0000F9D14846FFF714FF8046002835D1EFF3BE
:10FB10001083019372B6DFF888B00C9B99F9082026
:10FB2000DFF880A0DFF88090CBF800300D9B89F8DB
:10FB30000020CAF800300DB11846A847BAB23146C5
:10FB4000204601F041FA30B9019B03B962B6404644
:10FB500003B0BDE8F08F0023CBF80030CAF80030C6
:10FB6000FF2389F800300C9B8BB101210D9888464A
:10FB70009847019B002BEAD1E8E70C9B53B1D04694
:10FB80000D9851469847404603B0BDE8F08F4FF0BE
:10FB90000108D9E7D046404603B0BDE8F08F00BF6A
:10FBA000143602241C360224183602242DE9F04FA4
:10FBB000814683B00F461646984600F12804204639
:10FBC00001F0C8FC0128FAD182464846FFF7B0FE92
:10FBD0000546002838D1EFF31083019372B699F9E6
:10FBE0000830DFF88890DFF888B089F800300D9B86
:10FBF000DFF880A0CBF800300E9BCAF800300C9BD9
:10FC00000BB10E9898471FFA88F33A4631462046C2
:10FC100001F0CEF830B9019B03B962B6284603B0B3
:10FC2000BDE8F08F0023CBF80030CAF80030FF2386
:10FC300089F800300D9B8BB101210E980D46984735
:10FC4000019B002BEAD1E8E70D9B4BB155460E987E
:10FC500051469847284603B0BDE8F08F0125DAE702
:10FC60005546284603B0BDE8F08F00BF1836022481
:10FC7000143602241C3602242DE9F043002387B0F9
:10FC80000222044605690493CDE90223D0E9021259
:10FC90008E00FAB1022D7AD02178B5FA85F54FF0B1
:10FCA0000108276A0B294FEA551521D1A2780B2AA2
:10FCB00002D0B8F1000F38D123790B2B01D0002DE1
:10FCC0006CD1A37917B10B2B40F09980002007B0BD
:10FCD000BDE8F08335F002032178276A0CBF4FF0AE
:10FCE00001084FF00008023D18BF01250B29DDD0A7
:10FCF0007D4B94F801C053F8262010780B2802D0D1
:10FD0000884200F0AD80D378D01C994202D10B2BF1
:10FD100040F0BD809379901D8B4202D10B2B40F0B7
:10FD2000BC80012007B0BDE8F083711C6E4BE07809
:10FD300053F8213019780B2902D08A4200F0B5809F
:10FD4000D97803F1030C0B2902D08A4200F0BB8062
:10FD5000997903F1060C0B29E3D08A42E1D1DB79D2
:10FD60008342DED1634604F102099B78484605933D
:10FD7000F6F73AF880464846F6F73EF801A90190B2
:10FD80004046F7F7F9F923790B2B98D199E70178D9
:10FD9000076A0B2940F0868001258DE7B11C524A85
:10FDA000607952F8212011780B2902D08B4200F0A3
:10FDB0008180D178D51C0B2902D08B4200F08D8038
:10FDC0009179951D8B42ACD10B29AAD0D37983426E
:10FDD000A7D12A46251D937828460593F6F704F8FF
:10FDE000034628461D46F6F707F801A90190284664
:10FDF000F7F7C2F9A379002F7FF465AF66E7F11C2E
:10FE0000394AE07952F8212011780B2901D08B4230
:10FE10005FD0D178D51C0B2901D08B424FD091797E
:10FE2000951D8B427FF47DAF0B293FF47AAFD379D8
:10FE300083427FF476AF2A46A51D93782846059322
:10FE4000F5F7D2FF04462846F5F7D6FF034601A989
:10FE500020460193F7F790F9002007B0BDE8F08342
:10FE6000537863457FF44FAF937820460593F5F7B9
:10FE7000BBFF81462046F5F7BFFF01A90190484628
:10FE8000F7F77AF9A2780B2A7FF413AF14E7137906
:10FE900063457FF43FAF0246E6E7D37963457FF4DD
:10FEA00040AFF8E79846012522E7597881427FF470
:10FEB00047AF58E7517881427FF47BAF8AE71179E9
:10FEC0008142ACD1B7E7197981427FF441AF6346F3
:10FED00049E7517881429CD1AEE7117981427FF4A4
:10FEE0006FAF2A4676E700BF5C3B0108654A0368AE
:10FEF000934200F0B980A2F57842934200F0B680B8
:10FF000002F58062934200F0B38002F5784293429A
:10FF100000F0B08002F5E052934200F0AD805A4A02
:10FF2000934240F0AB8005234FF4D071574A01FB58
:10FF300003F310B5D418D05C86B0F5F765FFA07850
:10FF4000F5F762FF2079F5F75FFFA079F5F75CFF21
:10FF5000A368052B11D8DFE803F0192F455B710367
:10FF60004B4BD3F8F42042F02002C3F8F420D3F82E
:10FF7000F43003F020030593059B2046FFF77CFE39
:10FF8000012801D006B010BDFFBEFEE7404B0022A5
:10FF90002320D3F8F01041F48051C3F8F01011463B
:10FFA000D3F8F03003F480530093009BF6F768F821
:10FFB0002320F6F7A3F8E0E7354B00222420D3F8FE
:10FFC000E81041F48041C3F8E8101146D3F8E83056
:10FFD00003F480430193019BF6F752F82420F6F7CF
:10FFE0008DF8CAE72A4B00223320D3F8E81041F4F9
:10FFF0000041C3F8E8101146D3F8E83003F4004399
:020000040801F1
:100000000293029BF6F73CF83320F6F777F8B4E753
:100010001F4B00225420D3F8F01041F40051C3F8D4
:10002000F0101146D3F8F03003F400530393039B10
:10003000F6F726F85420F6F761F89EE7144B0022F5
:100040005520D3F8F01041F48011C3F8F010114698
:10005000D3F8F03003F480130493049BF6F710F800
:100060005520F6F74BF888E700235DE701235BE7AF
:10007000022359E7032357E7042355E700231B789E
:10008000FFDE00BF0030014000140058F42B0224B2
:10009000004402582DE9F043002289B01B4B012196
:1000A0000DF1040C9E461A4B0791E146E046674667
:1000B0000EF11C060EF138050EF15404CDE90122B3
:1000C000CDE90322CDE90522FF221A70BCE80F001A
:1000D000AEE80F009CE807008EE80700B9E80F00C3
:1000E0000FC69CE8070086E80700B8E80F000FC5B8
:1000F0009CE8070085E807000FCF0FC49CE80700C5
:1001000084E8070009B0BDE8F08300BF340500248F
:1001100018360224014801F0F1B800BF1C2C02245B
:10012000014801F0EBB800BFBC2D0224014801F0EA
:10013000E5B800BF5C2F0224014801F0DFB800BF22
:10014000FC300224014801F0D9B800BF9C320224DF
:1001500010B5EFF3108472B6084B1A78120602D568
:1001600004B962B610BD1B784FF4D07204485BB27C
:1001700002FB0300B030F6F7ADFCF1E718360224BD
:10018000F42B022410B5EFF3108472B6094B1A78E1
:10019000120602D504B962B610BD1B784FF4D072B6
:1001A00005485BB202FB030000F59470F6F792FC81
:1001B000F0E700BF18360224F42B02242DE9F041A9
:1001C00084B0EFF3108772B6284AFF21284C1368D9
:1001D000217023B100211160264A106898472378C6
:1001E0001B061CD5DFF894800025234E4446216869
:1001F00079B162686AB1A369012B22D0A3B963699E
:100200003046019323690093E3682289FFF76AFC73
:1002100018B301351C3406F5D076042DE7D107B9A3
:1002200062B604B0BDE8F081D4E90430CDE9013014
:10023000E068238900903046FFF7B8FC0028E8D139
:100240000BE0D4E904301146CDE900303046E368D4
:100250002289FFF7E3FB0028DBD1C5EBC50508EBDE
:10026000850348F825005860D9E700BF14360224FA
:10027000183602241C360224F42B022434050024F0
:100280002DE9F04184B0EFF3108772B6284AFF21C0
:10029000284C1368217023B100211160264A106890
:1002A000984723781B061CD5DFF894800025234E41
:1002B0004446216879B162686AB1A369012B22D0F2
:1002C000A3B963693046019323690093E3682289E7
:1002D000FFF708FC18B301351C3406F5D076042D61
:1002E000E7D107B962B604B0BDE8F081D4E90430C3
:1002F000CDE90130E068238900903046FFF756FCD5
:100300000028E8D10BE0D4E904301146CDE90030F3
:100310003046E3682289FFF781FB0028DBD1C5EB7B
:10032000C50508EB850348F825005860D9E700BFEC
:1003300014360224183602241C360224F42B02241C
:10034000340500242DE9F04184B0EFF3108772B634
:10035000284AFF21284C1368217023B10021116025
:10036000264A1068984723781B061CD5DFF894802E
:100370000025234E4446216879B162686AB1A369B9
:10038000012B22D0A3B963693046019323690093FE
:10039000E3682289FFF7A6FB18B301351C3406F584
:1003A000D076042DE7D107B962B604B0BDE8F0817C
:1003B000D4E90430CDE90130E0682389009030466B
:1003C000FFF7F4FB0028E8D10BE0D4E90430114634
:1003D000CDE900303046E3682289FFF71FFB002893
:1003E000DBD1C5EBC50508EB850348F8250058604F
:1003F000D9E700BF14360224183602241C36022422
:10040000F42B0224340500242DE9F04184B0EFF3ED
:10041000108772B600F066FB284A294CFF2113684A
:1004200021702BB1002111600121264A10689847E4
:1004300023781B061CD5DFF894800025224E444605
:10044000216879B162686AB1A369012B22D0A3B98E
:1004500063693046019323690093E3682289FFF7BB
:1004600041FB18B301351C3406F5D076042DE7D1D5
:1004700007B962B604B0BDE8F081D4E90430CDE933
:100480000130E068238900903046FFF78FFB002899
:10049000E8D10BE0D4E904301146CDE90030304614
:1004A000E3682289FFF7BAFA0028DBD1C5EBC5055E
:1004B00008EB850348F825005860D9E71436022474
:1004C000183602241C360224F42B0224340500249E
:1004D00030B4544B002108220220534CD961586299
:1004E000C3F8BC11C3F8C401C3F85C13C3F86403B8
:1004F000C3F8F424C3F8F814C3F8FC14C3F80405D3
:10050000C3F89426C3F89816C3F89C16C3F8A4063B
:10051000C3F83428C3F83818C3F83C18C3F84408A3
:10052000424D4348C3E90521C3E96D21C3E9D52103
:100530002288A3783F49EA80CA800B723E492B7219
:10054000CA800B722168A0F803204371C280037235
:100550003A4C3B48E2802372A0F80320394C4371A7
:10056000C28003723848E2802372A0F80320374C1F
:100570004371C2800372080C2180A070A4F803208C
:100580006371E2802372324C324D2180A070A4F856
:1005900003206371E28023722F4CEA8021802B724A
:1005A000A070A4F803206371E28023722B4C218099
:1005B000A070A4F803206371E2802372284C21808C
:1005C000A070A4F803206371E2802372254C21807F
:1005D000A070A4F803206371E2802372224C218072
:1005E000A070A4F803206371E28023721F4C218065
:1005F0001F49A070A4F803201E486371E280237293
:10060000A1F803201C4C4B71CA800B721B49E2807D
:100610002372C2800372A1F803204B71CA800B724F
:1006200030BC7047F42B0224583B0108BC04002462
:10063000E0040024B004002474040024C80400244E
:1006400004050024EC0400248C040024E435022476
:10065000CC350224F8040024D8350224B435022411
:1006600008360224F0350224FC350224C035022469
:10067000280500241C0500241005002498040024EB
:10068000714A036811698B4200B587B04BD0916EF7
:100690008B4200F0B680D2F8C0108B4200F0B380DD
:1006A000D2F818118B4200F0B080B3F1804F1ED009
:1006B000664A93420DD0664A934200F0A880654A8C
:1006C000934200F0B280644A93421ED007B05DF8B6
:1006D00004FB624BD3F8E82042F00202C3F8E820A2
:1006E000D3F8E83003F002030293029BEEE75B4B82
:1006F000D3F8E82042F00102C3F8E820D3F8E8304C
:1007000003F001030193019BE0E7544BD3F8E82089
:1007100042F01002C3F8E820D3F8E83003F01003E9
:100720000593059BD2E700205821B3F1804F01FBD0
:100730000022127B1ED045498B4235D044498B4262
:1007400048D044498B42BED1444BD3F8E81041F025
:100750000801C3F8E810D3F8E83003F00803049365
:10076000049B002AB2D0322000220F21F5F788FC2A
:10077000322014E0394BD3F8E81041F00101C3F8FE
:10078000E810D3F8E83003F001030193019B002A3D
:100790009CD01C2000220F21F5F772FC1C2007B012
:1007A0005DF804EBF5F7AABC2C4BD3F8E81041F048
:1007B0000201C3F8E810D3F8E83003F00203029313
:1007C000029B002A82D01D2000220F21F5F758FC41
:1007D0001D20E4E7214BD3F8E81041F00401C3F8F1
:1007E000E810D3F8E83003F004030393039B002AD6
:1007F0003FF46CAF1E2000220F21F5F741FC1E20B4
:10080000CDE7012090E702208EE703208CE7134B11
:10081000D3F8E82042F00402C3F8E820D3F8E83027
:1008200003F004030393039B50E70C4BD3F8E82039
:1008300042F00802C3F8E820D3F8E83003F00803D8
:100840000493049B42E700BF2036022400040040CA
:1008500000080040000C0040001000400044025816
:100860000F4B026819698A420BD0996E8A4211D0E7
:10087000D3F8C0108A420FD0D3F818118A420DD095
:1008800070470021582202FB01331A6D002AF7D06D
:10089000586D10470121F5E70221F3E70321F1E745
:1008A00020360224014800F0EFBF00BF303602249A
:1008B000014800F0E9BF00BF88360224014800F07B
:1008C000E3BF00BFE0360224014800F0DDBF00BFF7
:1008D00038370224F0B54FF0580C0F682E4D8DB00C
:1008E0000CFB07FC032F05EB0C06066047DC0B46F0
:1008F0000868344649689A6807C41B7B237004ACB7
:100900007268264B002A4FF00002726118BF102255
:10091000B2610FCB84E80F000CAB03EB870353F8F5
:10092000203CB3F1804F336124D01D4A934221D043
:1009300030890CF1100458230021802203FB075357
:100940002C44C3E907019A62204600F007FE0346E3
:1009500000B1FEE74FF4805208A9204609930193A5
:100960000892CDE90A33CDE9023300F0C7FE034611
:1009700040B1FEE7582303FB07539868D9E70120ED
:100980000DB0F0BD01A920460193039301F034F8A6
:100990000028F5D0FEE700BF20360224E03701082A
:1009A000000C0040006808B5037B10302BB100F04C
:1009B0008FFE003818BF012008BD00F06FFE003820
:1009C00018BF012008BD00BF0C4B00224FF0FF31C3
:1009D0001A739960196683F86420C3F8B81083F815
:1009E000BC20C3F8101183F81421C3E90022C3E925
:1009F0001622C3E92C22C3E9422270472036022482
:100A0000034688B190F83D20022A03D080220120BD
:100A10009A66704702680421002083F83D10D3686D
:100A200023F00103D36070470120704703682C490D
:100A30005A6910B49C6944F008049C619C6944F0B4
:100A400010049C611C6824F001041C601C69214096
:100A50001961996821F44041996090F88110042946
:100A600001D0910630D490F88110032901D05406AA
:100A70001FD4910509D5D0F8841041F00101C0F8C8
:100A80008410996941F400719961D20509D5D0F8B3
:100A9000842042F00802C0F884209A6942F48072EF
:100AA0009A6100235DF8044BA0F86230A0F86A3028
:100AB0007047D0F8841041F00401C0F8841099699F
:100AC00041F040019961D4E7D0F8841041F08001F1
:100AD000C0F88410996941F020019961C3E700BF13
:100AE00090FCFFFF002800F0A48002680021F8B508
:100AF000514B044681629A4216D0A3F578439A423C
:100B000012D003F58063C0689A4200F08A800F28F3
:100B100008D8E16B00F108034D09DB0805FB03333E
:100B2000082B15D90120F8BDE068E16B00F108033E
:100B3000414E4D09DB0805FB0333404DAA4218BF67
:100B4000B24203D005F58065AA4201D1102BE9D845
:100B500094F8813003F0FF05002B58D000270223C2
:100B60006568A66B84F88130136823F00103136075
:100B7000A369B3F1806F3ED03943676B3B43676A2B
:100B80003B4327693B4367693B43276A3B43E76C29
:100B90003B43A7683B43A76C3B43A76D3B432B43B9
:100BA0003343E669314308439060D360B5B9936835
:100BB00023F4C05343F400639360936823F4C06349
:100BC00043F480639360136D23F0010313650020E9
:100BD0000123C4F8840084F88130F8BD136D23F03C
:100BE000010313656B02F2D5D368616D23F00043F6
:100BF0000B43D360EBE7B5F5800FBDD1002EBBD121
:100C0000D2F800C04CF4805CC2F800C0B4E72046C3
:100C100084F88050FFF76AF92268A76AE16BE06800
:100C20009DE7E16B00F108034D09DB0805FB033389
:100C30008CE70120704700BF0030014000380040C1
:100C4000F8B590F88030012B00F08C8090F881305E
:100C5000154601220446DEB2934280F880206AD114
:100C6000002963D0B5FA85F35B09002D5ED003221D
:100C70004366A0F8683080F88120C0F88430A0F87E
:100C80006250A0F86A30C165A0F86050C0E91C331A
:100C90008368B3F5C02F04D10268136843F400637E
:100CA0001360E368A06F0F2B4BD98369B3F5804FB6
:100CB0003CD122683A4B3B4F2032036452F8183C37
:100CC000C763394F23F40043C7640027076542F820
:100CD000183CB4F862309BB2F5F742FD002844D1CD
:100CE000A36F324ADB69B3F5807F2368596802EA53
:100CF000010218BF2A435A609A68616842F40042B0
:100D0000B1F5800F9A601A6942F448721A611A6844
:100D100042F001021A6003D11A6842F400721A60AC
:100D200000231E4684F880303046F8BD002384F846
:100D300080303046F8BD0023022680F880303046EF
:100D4000F8BD072B83691AD8B3F5005F20D0B3F53F
:100D5000804FAED1B4F862309BB203339B08A4F845
:100D60006230A6E702263046F8BDD4F8843001226E
:100D700043F01003C4F8843084F88120D9E7B3F538
:100D8000804F05D0B3F5005FD0D1B3F5804F90D13F
:100D9000B4F862309BB201335B08A4F8623088E794
:100DA000F91101087D110108251201080000FFFF5B
:100DB00070B51D4690F88030012B00F0B9800123FA
:100DC000044680F8803090F881304068DBB2B0F59E
:100DD000800F7DD0012B40F08580002D18BF002AA8
:100DE00071D000296FD094F88130042B02D00523F4
:100DF00084F881300023E1652168C4F88430A4F8C8
:100E00006250A4F86A50A4F860506266A4F8685072
:100E1000C4E91C338B6823F440438B60E3680F2BD9
:100E200065D9E06F8369B3F5804F4CD194F8813078
:100E3000042B00F08A805E4B03645E4BC3635E4EFE
:100E40003031B4F86A30C66400269BB20665F5F707
:100E500087FC00286ED12268A16F9368203243F48A
:100E6000804342F8183CB4F86230C1E90F00C1E990
:100E700013009BB20846E16DF5F772FC002859D1CA
:100E8000A36FDB69B3F5807F236863D059684B4A51
:100E90000A402A435A609A68616842F40042B1F5F8
:100EA000800F9A601A6942F458721A611A6842F007
:100EB00001021A6003D11A6842F400721A6000231A
:100EC00084F8803070BD0023012084F8803070BD2C
:100ED000A06800287FF47EAF042B3FF47EAF012B87
:100EE0003FF47BAF0023022084F8803070BD072BD5
:100EF00035D8A36F9B69B3F5005F50D0B3F5804F31
:100F000006D1B4F862309BB203339B08A4F8623078
:100F1000E06F8369B3F5005F39D0B3F5804F85D1B9
:100F2000B4F86A309BB203339B08A4F86A307DE7BB
:100F3000022070BDD4F88430012243F01003104623
:100F4000C4F8843084F8812070BD1D4B03641D4BB0
:100F5000C36374E75968194A0A405A609BE7E06F17
:100F60008369B3F5005F02D0B3F5804FABD1A66FB4
:100F7000B669B6F5804F06D1B4F86260B6B20136F4
:100F80007608A4F86260B3F5804F7FF44FAFB4F8F1
:100F90006A309BB201335B08A4F86A3046E7B4F8C4
:100FA00062309BB201335B08A4F86230B0E700BF47
:100FB00019120108CD110108251201080000FFFFD8
:100FC00009120108A51101082DE9F04115468268B2
:100FD00004460E4622B94368B3F5800F00F09580B1
:100FE00094F88030012B00F09980012384F8803040
:100FF00094F88130012BDFB269D1002E61D0B5FAAF
:1010000085F35B09002D5CD00421B2F5C02F666624
:1010100084F88110A4F86850C4F88430A4F86030D3
:10102000A4F86A50A4F86230C4E91C3304D12268E1
:10103000136823F400631360E3680F2B4ED9E06F4D
:101040008369B3F5804F3CD121688B6823F48043DA
:101050008B603246454EB4F86A3030310664444EF7
:101060009BB2C663434EC66400260665F5F778FB5F
:10107000002857D1E36F404ADB69B3F5807F2368CE
:10108000596802EA010218BF2A435A609A686168E7
:1010900042F48042B1F5800F9A601A6942F45072AE
:1010A0001A611A6842F001021A6003D11A6842F408
:1010B00000721A6000231F4684F880303846BDE86D
:1010C000F081002384F880303846BDE8F0810023A9
:1010D000022784F880303846BDE8F081072B2BD8F2
:1010E0002168E06F8B6823F480438B608369B3F5DC
:1010F000005F32D0B3F5804FABD1B4F86A309BB209
:1011000003339B08A4F86A30A3E72B4604250A465C
:1011100080F88150BDE8F041FFF74ABE022738460B
:10112000BDE8F081D4F88430012243F01003C4F804
:10113000843084F88120C7E7E06F8269B2F5804F80
:1011400002D0B2F5005FBCD12168B2F5804F8B6848
:1011500023F480438B607FF47CAFB4F86A309BB299
:1011600001335B08A4F86A3073E700BF0912010875
:10117000A5110108251201080000FFFF806B08B5CA
:1011800090F88130072B09D0836FDB69B3F5807F3E
:1011900005D00268136943F00803136108BDFFF727
:1011A0000DF808BD806B08B590F88130072B09D089
:1011B000C36FDB69B3F5807F05D00268136943F024
:1011C0000803136108BDFFF75BF808BD806B08B525
:1011D00090F88130072B09D0836FDB69B3F5807FEE
:1011E00005D00268136943F00803136108BDFFF7D7
:1011F000A9F808BD704700BF806B08B5FFF7FAFF7C
:1012000008BD00BF704700BF806B08B5FFF7FAFF4D
:1012100008BD00BF704700BF806B08B5FFF7FAFF3D
:1012200008BD00BF10B5846BF5F7A4FF022800D1FC
:1012300010BD236830495A69986940F008009861E8
:10124000986940F010009861186820F0010018605B
:10125000186901401961996821F44041996094F836
:101260008110042901D091063AD494F88110032901
:1012700001D0500629D4910509D5D4F8841041F045
:101280000101C4F88410996941F400719961D20593
:1012900009D5D4F8842042F00802C4F884209A6961
:1012A00042F480729A61002301222046A4F8623041
:1012B000A4F86A30D4F8843043F01003C4F88430C2
:1012C00084F88120FFF7A0F810BDD4F8841041F015
:1012D0000401C4F88410996941F040019961CAE79A
:1012E000D4F8841041F08001C4F88410996941F069
:1012F00020019961B9E700BF90FCFFFF03681969FD
:101300005A692DE9F04101EA02059F68044690F808
:10131000816005F0640CBCF1040F2FD005F045008E
:10132000012834D005F02600022800F0DF802807CD
:1013300070D59A6917F4404FF6B242F008029A61EC
:101340009A6942F010029A619A6942F400629A61C5
:101350001A6922F008021A6123D0042E00F0DE8000
:10136000A26FD269EAB1032E50D0E26FD269C2B146
:10137000052E14D12046FEF7E5FF10E0436F984795
:10138000236F2046984705F04503012B02D1236FB8
:101390002046984705F02605022D00F0A780BDE8FD
:1013A000F0819A6812F4404F1FD1B4F86A2092B2CB
:1013B000DAB1626E0EE01B6B42F8043B6266B4F871
:1013C0006A30013B9BB2A4F86A30B4F86A309BB231
:1013D0005BB12368E1680F29EDD8072940F29280BC
:1013E0001B8E22F8023B6266E9E72046FFF71EFBF0
:1013F000012384F88130D4F88430002B7FD1052E6E
:10140000B8D0042E00F08F80032EC8D12046FEF7FE
:10141000D5FEC4E7100501D50A077AD415F4587F24
:10142000BDD06E0609D5D4F8842042F00402C4F879
:1014300084209A6942F040029A61A80509D5D4F83F
:10144000842042F00102C4F884209A6942F40072B8
:101450009A61E90509D5D4F8842042F00802C4F85D
:1014600084209A6942F480729A61AA0609D5D4F858
:10147000842042F08002C4F884209A6942F020025D
:101480009A61D4F88420002A89D0196807F440476B
:10149000274A21F00101B7F5404F1960196902EAA6
:1014A00001021A6127D19A68E06F22F440429A60E3
:1014B00050B1204B0365F5F773FA28B1D4F88430A6
:1014C00043F04003C4F88430A06F00283FF467AFB6
:1014D000184B0365F5F764FA00283FF460AFD4F8C1
:1014E000843043F04003C4F8843058E7636F2046EB
:1014F000BDE8F04118470123204684F88130FEF70B
:1015000083FF4CE793F830301370626E01326266ED
:1015100055E79A6942F400629A6140E7E26FD26946
:10152000002A3FF43EAF2046FEF7AAFE37E700BF91
:1015300094FCFFFF3915010808B5806B00230122D8
:10154000A0F86A30A0F8623080F88120FEF75CFFD6
:1015500008BD00BF90F88100704700BF002800F070
:101560008F8038B590F83D30044603F0FF02002B21
:1015700060D0226802234349B2F1804F84F83D30A5
:10158000A2EB01011368B1FA81F14FEA511127D0A2
:1015900031BB3D483D4D824251D000F580608242D2
:1015A0004DD0551B00F58060B5FA85F582424FEAB3
:1015B00055154DD0002D4BD1354836498A4218BFBC
:1015C00082424FD001F580618A424BD0A06923F05E
:1015D0008003E168034313606368D162936223E090
:1015E0002A4D23F07003A068551B0343B5FA85F517
:1015F0006D09206923F440730343A06923F080033D
:1016000003431360E368D3626368936251B94DB9D1
:101610001F49204B9A4218BF8A4203D003F58063CA
:101620009A4201D16369136301230020536184F856
:101630003D3038BD80F83C20FFF722F899E7551B74
:1016400023F07003A068B5FA85F503436D09D0E770
:10165000A06823F0700303430F488242C9D0002DD5
:10166000C7D1A9E7206923F44073A1690343E06867
:1016700023F080030B4361681360D0629162C7E777
:1016800001207047000001400004004000040140B8
:101690000040014000440140000C00404FF0020CAB
:1016A00001680A4A034680F83DC088680240062A5D
:1016B00006D0B2F5803F03D00A6842F001020A600A
:1016C0000122002083F83D20704700BF0700010081
:1016D0000368094AD96841F00101D96099680A4054
:1016E000062A06D0B2F5803F03D01A6842F0010204
:1016F0001A600020704700BF0700010090F83C30DE
:10170000012B7DD002460223006830B4012482F808
:101710003D3082F83C40544C83681C400B68602B81
:1017200084606FD01DD9B3F5005F59D042D94F49BD
:101730008B4206D038D94E498B4202D010318B42B1
:1017400006D184684B4921400B4343F00703836073
:1017500000230121184682F83D1082F83C3030BC4D
:101760007047402B67D019D9502BF1D1036A4C68D0
:10177000CD6823F00A03016A1C433E4B21F00101AE
:101780000162816921F0F00141EA05118161046281
:1017900081680B4043F057038360D9E7202BD0D0FA
:1017A0001AD9302BD4D1CCE723F01001B1F5801F2A
:1017B000CED1C6E7702BCBD18468D1E901532B433E
:1017C000CD6824F47F4143EA05230B43836083689B
:1017D00043F077038360BBE733F01001B8D1B0E783
:1017E000D1E9015384682B43CD6824F47F4143EA57
:1017F00005230B438360836843F480438360A7E73A
:1018000002207047046A4D6824F01004C96804621D
:10181000836923F4704343EA0133016A21F0A00194
:101820008361144B41EA0511016281680B4043F06A
:10183000670383608CE7036A4C68CD6823F00A0372
:10184000016A1C430B4B21F001010162816921F007
:10185000F00141EA05118161046281680B4043F0A7
:101860004703836074E700BF8800CEFF20001000AC
:10187000300010008FFFCFFF704700BF704700BFE0
:10188000704700BF704700BF03681A69910710B521
:10189000044602D5DA68920768D41A69520702D55D
:1018A000DA6850074FD41A69110702D5DA681207AF
:1018B00037D41A69D00602D5DA68D1061ED41A695F
:1018C000D20702D5DA68D00769D41A69110602D5A1
:1018D000DA6812066BD41A69D00502D5DA681106E7
:1018E0006DD41A69520602D5DA6850066FD41A69A7
:1018F000910602D5DA68920649D410BD6FF0100146
:101900000822204619612277DB6913F4407F6FD1EA
:10191000FFF7B2FF2046FFF7B3FF002223682277CC
:10192000CDE76FF008010422204619612277DB69B8
:101930009B075AD1FFF7A0FF2046FFF7A1FF002227
:1019400023682277B5E76FF004010222204619616F
:1019500022779B6913F4407F44D1FFF78DFF204627
:10196000FFF78EFF0022236822779CE76FF00201C9
:101970000122196102779B69990730D1FFF77CFF3B
:101980002046FFF77DFF00222368227785E76FF06E
:10199000200220461A61BDE8104000F05FB86FF0E9
:1019A000010220461A61FEF75BFF23688DE76FF0A6
:1019B000800220461A6100F053F823688BE76FF429
:1019C000807220461A6100F04DF8236889E76FF0B5
:1019D000400220461A61FFF755FF236887E7FFF7AB
:1019E0004DFFD0E7FFF74AFFBCE7FFF747FFA6E749
:1019F000FFF744FF91E700BF90F83C20012A28D070
:101A000003460068022230B4134D83F83D20A842FB
:101A10004268846818D005F58065A84214D024F087
:101A2000800C22F070020C688968224300244CEA82
:101A300001014FF0010C42608160204683F83DC0F7
:101A400083F83C4030BC704722F470024D682A4352
:101A5000E5E70220704700BF00000140704700BF6B
:101A6000704700BF704700BF0B460146184600F0A4
:101A7000C9BB00000000000030B510EE103A2DED9B
:101A8000028B10EE90EAA3F500044FEA4E01B4F188
:101A9000FE4F83B09C4601F1FF306FF0807279D227
:101AA000904238BF002080F0B680BFEE001B0CF1E2
:101AB000404303F54D03C3F3C3426FF31603ACEB8E
:101AC0000301DB1507EE903AB94B03EB021292EDDE
:101AD000024B92ED002B05EE101A93ED403B93ED77
:101AE000426BB7EEC55AB8EEE77BA2EE051B37EEA8
:101AF000047B93ED442B21EE018BA1EE036B93ED60
:101B0000465B28EE083B93ED484BA1EE025BB7EE37
:101B1000E00AA1EE047BA8EE057BA6EE037B20EE97
:101B2000077B17EE903A48F2BF01C3F3CF338B42E5
:101B30004CD2B7EE000B9F4B93ED402B37EE023BA0
:101B400013EE102A33EE423B02F01F01801803EB24
:101B5000C10293ED424B37EE437B53F83140556859
:101B600093ED446B93ED465BA7EE046B27EE074BBA
:101B700000210A1905EBC033A7EE050B43EC172B28
:101B8000A6EE040B20EE070BB7EEC00B03B0BDECC6
:101B9000028B30BD904280F0C8805900481E9042B0
:101BA00080F09F80002B4EDB0020BCF5000FBFF4BF
:101BB0007CAFDFED817A07EE103A67EE277A17EEF9
:101BC000902A22F00042A2F1386C6EE79FED706B14
:101BD000B4EEC67BF1EE10FA16DC9FED6F6BB4EE3F
:101BE000C67BF1EE10FA46DD4FF04C5300286AD068
:101BF0000193DDED016ABFEE006A76EE666AF4EEEF
:101C0000466AF1EE10FA94D003B0BDEC028BBDE849
:101C1000304000F0F5B900297CD0B3F17E5F49D0A7
:101C2000B1F17F4F7CD15A00B2F1FE4F6FEA0E0E38
:101C300034BF002201224FEADE7E724500F0A4800C
:101C40009FED5E0AA2E7CEF3C7527E2A29D9962AD3
:101C500079D80121C2F1960201FA02F2511E11EA6D
:101C60000E0F1ED102EA0E00003818BF012000043A
:101C70002CF0004C99E79FED4A6BB4EEC67BF1EE79
:101C800010FA40D99FED486BB4EEC67BF1EE10FA26
:101C90007FF54FAF03B0BDEC028BBDE8304000F0E4
:101CA000A9B900EE103A03B0BDEC028BBDE830409C
:101CB00000F0BEB98EF48002520012F5000F2FD84A
:101CC000B7EE000A62E70093DDED006AB7EE006A46
:101CD00076EE866AF4EE466AF1EE10FA3FF429AF2A
:101CE00092E7002B20EE000A2FDB0020002942D1D2
:101CF000BEF1000FBFF64AAF03B0BDEC028BBDE8EA
:101D0000304000F083B903B0BDEC028BBDE8304039
:101D100000F06AB98CF48002520012F5000FCFD99E
:101D200007EE903A37EEA00A30E70029F2D05A00C9
:101D3000B2F17F4FF4D8B1F17F4FF1D1B2F1FE4F44
:101D40007FF472AFBCE7002092E7CEF3C753A3F154
:101D50007F02172AC9D8C3F19600012303FA00F0C5
:101D6000421E12EA0E0FC0D110EA0E00BED0B1EE34
:101D7000400A1846BAE7BEF1000FBFF607AFF7EE0C
:101D8000007A87EE800A01E720EEA00AFEE600BF97
:101D900071D5D1FFFFFF5F40E2AAA3FFFFFF5F40C5
:101DA0000000000000C062C00000000000A062C08F
:101DB000483E0108003D01080000004B0000000003
:101DC00030B510EE104AC4F30A53B3F57D7FB7EE79
:101DD000C06A83B01BD226EE065BB3F5667F6CD378
:101DE00026EE052B25EE021B6D4B93ED1A3B93ED72
:101DF000187B93ED164BA5EE037BA2EE046BB0EEC1
:101E0000460BA7EE010BB7EEC00B03B030BD40F29E
:101E10002E42934259D8624A92ED087B26EE077B08
:101E2000FDEEC77B92ED0A5B17EE903A03F50003D7
:101E30001B169C0707EE903A54BF114602F1700141
:101E4000D807B8EEE77BA7EE456B26EE067B1DD4E0
:101E500003F0030302EBC30291ED185B92ED000B5C
:101E600091ED1A3B26EE000BB0EE456B91ED164B53
:101E7000A7EE036B20EE075B27EE057BA5EE040BB8
:101E8000A6EE070BB7EEC00B03B030BD91ED142BDF
:101E900027EE075B91ED126B91ED0E3BA7EE026B07
:101EA00091ED0C0B91ED104BA7EE030B27EE057B8C
:101EB000A5EE040BA6EE070BE4E714F0FF4F04BFFA
:101EC000B7EEC55B8DED015ADEE7B3F5FF6F47D284
:101ED000344BC4F3836203EB820153F82220C4F332
:101EE0001603C4F3C25043F400038340086A09692F
:101EF000A3FB005003FB02F2E3FB010202F10051DD
:101F00008D0F01F04041511AEEF7A8FB05EBD47498
:101F10009FED216B41EC170BA10754BF204B224BC7
:101F200027EE067BEA0727EE076B1ED41C4A02EB5E
:101F3000C40293ED185B93ED1A3B92ED000B93ED09
:101F4000164B27EE000BB0EE457B20EE065BA6EEAF
:101F5000037BA5EE040B26EE056BA7EE060B91E7BF
:101F600003B0BDE8304000F063B893ED142B26EECB
:101F7000065B93ED127B93ED0E3BA6EE027B93ED99
:101F80000C0B93ED104BA6EE030B26EE056BA5EEA6
:101F9000040BA7EE060B75E7182D4454FB21193CE2
:101FA000203C0108BC3B0108903C010810B52DED18
:101FB000028BB0EE408A044600F010FBB0EE480AF7
:101FC000BDEC028B046010BD30B1F1EE407A27EE1B
:101FD000800A2220FFF7EABFF0EE407A27EE800A5F
:101FE0002220FFF7E3BF00BF9FED010AFFF7ECBF20
:101FF000000000109FED010AFFF7E6BF0000201A65
:102000009FED010AFFF7E0BF000000709FED070A97
:10201000F7EE007ABFEE007A00284FF0220047FE6C
:10202000877A87EE800AFFF7C1BF00BF000000007B
:10203000F0EE407A30EE407AF4EE677AF1EE10FA84
:1020400087EE070A02D62120FFF7B0BF704700BF16
:10205000024B0A460146186800F002B8B005002499
:1020600070B5A1FB025434B9294600F03FF806468A
:1020700028B9304670BD0C2202600026F9E72A46D6
:10208000214600F04DFAF4E7024B0146186800F0D3
:102090002DB800BFB0050024024B0146186800F0BF
:1020A00033BB00BFB005002470B50F4E0C4631683D
:1020B000054611B900F070FA30602146284600F05C
:1020C0006BFA431C03D14FF0FF34204670BDC41C93
:1020D00024F00304A042F8D0211A284600F05CFA4C
:1020E0000130F2D1EFE700BF803702242DE9F84339
:1020F000CD1C25F0030508350C2D38BF0C25002D0F
:10210000064601DBA94204D90C2333600020BDE858
:10211000F883DFF8D48000F069F8D8F800301C4666
:1021200044BB29463046FFF7BFFF431C044658D145
:10213000D8F800402746002F43D1002C4BD023680D
:102140003946304604EB030900F026FA814542D1B6
:1021500021686D1A29463046FFF7A6FF01303AD0B4
:1021600023682B442360D8F800305A6862BBC8F853
:1021700000700FE02268521B20D40B2A17D9611976
:10218000A342256018BF5960636808BFC8F80010F3
:1021900062514B60304600F02FF804F10B00231D14
:1021A00020F00700C21A1CBF1B1AA350AFE76268D9
:1021B000A3420CBFC8F800205A60EBE723466468CE
:1021C000AEE73C467F68B6E71A465B68A342FBD1A0
:1021D00000235360DEE70C233360304600F00CF838
:1021E00094E70560D6E700BF84370224014800F079
:1021F00020BA00BFC8380224014800F01BBA00BF53
:10220000C838022410B504460448134620B10A46D3
:102210000220214600F01EFA10BD00BF552601081D
:10222000002310B50446C0E90033C0E904338360DD
:1022300081814366C2818361194608225C3000F0C7
:102240006FF90D4B63620D4BA3620D4BE3620D4BB7
:1022500023630D4B24629C4206D003F16802944232
:1022600002D0D0339C4205D104F15800BDE81040A3
:1022700000F0DEB910BD00BF21240108432401088D
:102280007B240108A124010888370224024A03495B
:10229000034800F06BB800BFA4050024F930010822
:1022A000B405002441680C4B994210B5044601D096
:1022B00000F022FFA168094B994202D0204600F0AD
:1022C0001BFFE168064B994204D02046BDE8104050
:1022D00000F012BF10BD00BF88370224F03702247F
:1022E000583802240C4B0D4A0D4810B504211A60D1
:1022F0000022FFF795FF0A4B01221C46092103F13A
:102300006800FFF78DFF04F1D0000222BDE8104005
:102310001221FFF785BF00BFC03802248D220108BB
:1023200088370224014800F084B900BFCA3802246B
:10233000014800F07FB900BFCA38022410B5044636
:10234000FFF7F0FF236A1BB1BDE81040FFF7F0BFB5
:10235000044B2362044B1B68002BF5D1FFF7C2FF2F
:10236000F2E700BFA5220108C03802242DE9F84396
:102370000746884614460026D4E90195B9F10109BB
:1023800005D52468002CF7D13046BDE8F883AB8929
:10239000012B07D9B5F90E30013303D02946384651
:1023A000C04706436835E9E70FB407B5064904ABF3
:1023B000086853F8042B8168019300F075FB03B0A3
:1023C0005DF804EB04B07047B0050024024B0146F1
:1023D0001868826800F0B8BEB00500240EB410B5CD
:1023E0009DB01FAB029006906FF000410A48079124
:1023F00004910A4953F8042B0591002402A90068AE
:1024000001931B9400F02AFA029B1C701DB0BDE8DA
:10241000104003B0704700BFB00500240802FFFF62
:1024200010B50C46B1F90E1000F0A4F80028ABBFAF
:10243000636DA3891B1823F48053ACBF6365A3812C
:1024400010BD2DE9F0411F468B89DB0505460C4682
:10245000164605D5B1F90E100223002200F078F8D7
:10246000A389B4F90E1023F48053A38132463B466E
:102470002846BDE8F04100F09FB810B50C46B1F910
:102480000E1000F065F8B4F90C30421C0BBF23F4B9
:10249000805343F48053A381A38118BF606510BDAE
:1024A000B1F90E1000F044B830B51446002C9BB0C2
:1024B00005461A4605DA8B2303604FF0FF301BB048
:1024C00030BD4FF40273ADF80C304FF00003199398
:1024D00014BF04F1FF332346029305934FF6FF73B5
:1024E00000910491ADF80E3069461E9B00F0B6F9DC
:1024F000431CBCBF8B232B60002CE0D0009B002230
:102500001A70DCE707B5009313460A4601460348F4
:102510000068FFF7C9FF03B05DF804FBB0050024B5
:1025200002440346934200D1704703F8011BF9E7C8
:1025300038B5064D0023044608462B6001F0F6F836
:10254000431C02D12B6803B1236038BDC438022478
:1025500038B5074D04460846114600222A601A463F
:1025600001F0FCF8431C02D12B6803B1236038BD95
:10257000C438022438B5074D0446084611460022E7
:102580002A601A4601F0F2F8431C02D12B6803B10D
:10259000236038BDC438022438B5064D00230446F4
:1025A00008462B6001F0EAF8431C02D12B6803B106
:1025B000236038BDC438022438B5074D04460846A8
:1025C000114600222A601A4601F0E6F8431C02D1A7
:1025D0002B6803B1236038BDC4380224014B18684E
:1025E000704700BFB005002470B50D4B0D4D5B1B4F
:1025F0009C100026A64209D101F0D6FC0A4D0B4BD7
:102600005B1B9C100026A64205D170BD55F8043B0B
:1026100098470136EEE755F8043B98470136F2E754
:10262000C83F0108C83F0108C83F0108F03F010842
:102630007047704770470A44914200F1FF3300D160
:10264000704710B511F8014B03F8014F9142F9D1D1
:1026500010BD00002DE9F047264E0746306892462F
:1026600088469946FFF7E5FF234A15683DB9234B95
:102670001360234A12B11268C3F888201F4D6C689A
:102680001F2C06DD3068FFF7D5FF4FF0FF30BDE8A7
:10269000F0872FB3D5F8880068B91A4B002BF1D01A
:1026A0004FF48470FFF7F0FC0028EBD00023C0E962
:1026B0004033C5F888006C6840F824A00122D0F8A7
:1026C0000031A24000EB84011343C0F80031022F17
:1026D000C1F8809002BFD0F804311343C0F8043130
:1026E000631C023430686B6045F82480FFF7A2FF5A
:1026F0000020CCE70006002458390224CC380224FC
:10270000703F01088920010838B50546002941D0ED
:1027100051F8043C0C1F002BB8BFE418FFF766FD0E
:102720001D4A136833B9636014602846BDE8384019
:10273000FFF762BDA34208D9206821188B4201BF70
:1027400019685B6809182160EDE71A465B680BB1F0
:10275000A342FAD911685018A0420BD12068014455
:10276000501883421160E0D118685B6853600844D8
:102770001060DAE702D90C232B60D6E72068211815
:102780008B4204BF19685B68636004BF091821604D
:102790005460CAE738BD00BF843702242DE9F047F2
:1027A0008E681F46BE4282460C469046334653D83A
:1027B000B1F90C0010F4906F2BD06569236809699A
:1027C00005EB4505A3EB010905EBD5757B1C6D10E9
:1027D0004B44AB422A4684BF1D462A46430527D5B3
:1027E00011465046FFF782FC064658B321694A4617
:1027F000FFF721FFA38923F4906343F08003A381B3
:10280000266165614E44A5EB09052660A5603E463C
:102810003B461F4620683A46414600F05BFDA368F0
:102820009B1BA36023683B4423600020BDE8F08726
:10283000504600F068FD06460028E1D12169504667
:10284000FFF762FF0C23CAF80030A38943F040036E
:10285000A3814FF0FF30E9E73E46DBE72DE9F04F7B
:1028600098468B891B069DB007460D46144610D529
:102870000B6973B94021FFF739FC2860286130B932
:102880000C233B604FF0FF301DB0BDE8F08F4023BC
:102890006B610023099320238DF82930CDF80C803B
:1028A0003023DFF89C818DF82A304FF00109234650
:1028B0009A4613F8012B0AB1252AF9D1BAEB040B79
:1028C0000BD05B46224629463846FFF767FF0130AA
:1028D00000F0A780099A5A4409929AF80030002B18
:1028E00000F09F8000234FF0FF32CDE905230AF16D
:1028F000010A049307938DF853301A935446052226
:1029000014F8011B4E48EDF7CBFC049AD8B9D00659
:1029100044BF20238DF85330110744BF2B238DF87B
:1029200053309AF800302A2B15D0079A54460020CD
:102930004FF00A0C214611F8013B303B092B4BD9D3
:10294000B0B1079214E0A0EB080309FA03F31343B4
:102950000493A246D2E7039B191D1B680391002B29
:10296000BBBF5B4242F0020207930793B8BF0492D9
:1029700023782E2B0AD163782A2B32D1039B1A1D80
:102980001B68039243EAE37302340593DFF8C0A0A7
:10299000217803225046EDF783FC38B1049BA0EB6D
:1029A0000A004022824013430134049314F8011BAF
:1029B00024488DF828100622EDF772FC002836D046
:1029C000214B1BBB039B073323F0070308330393FF
:1029D000099B334409936AE70CFB02320C46012041
:1029E000A8E700230134059319464FF00A0C20464E
:1029F00010F8012B303A092A03D9002BC6D00591D3
:102A0000C4E70CFB012104460123F0E703AB00936C
:102A10002A460E4B04A93846AFF30080421C0646F6
:102A2000D6D1AB895B063FF52DAF09982CE703ABF8
:102A300000932A46054B04A9384600F0BBF9EDE7A0
:102A4000743F01087E3F0108000000009D27010837
:102A50007A3F01089368013B002B10B4936008DAB9
:102A60009469A34201DB0A2903D15DF8044B00F00D
:102A70009FBB1368581C1060197008465DF8044B22
:102A80007047F8B506460F461446D518AC4201D13A
:102A9000002007E014F8011B3A463046FFF7DAFF42
:102AA000431CF3D1F8BD00002DE9F04F0D469DB059
:102AB00014469846064618B1036A0BB9FFF73EFC68
:102AC0006B6ED90705D4AB899A0502D4A86DFFF7C0
:102AD000B0FDAB891B0701D52B699BB92946304650
:102AE00000F0A4FB70B16B6EDC0704D54FF0FF3033
:102AF0001DB0BDE8F08FAB899805F7D4A86DFFF73E
:102B000099FDF3E70023099320238DF82930CDF8B0
:102B10000C803023DFF8AC818DF82A304FF00109AA
:102B200023469A4613F8012B0AB1252AF9D1BAEBAC
:102B3000040B0BD05B46224629463046FFF7A1FF27
:102B4000013000F0A780099A5A4409929AF800309F
:102B5000002B00F09F8000234FF0FF32CDE90523CA
:102B60000AF1010A049307938DF853301A935446DF
:102B7000052214F8011B5348EDF792FB049AD8B9CB
:102B8000D10644BF20238DF85330130744BF2B23B5
:102B90008DF853309AF800302A2B15D0079A5446F6
:102BA00000204FF00A0C214611F8013B303B092B65
:102BB0004BD9B0B1079214E0A0EB080309FA03F374
:102BC00013430493A246D2E7039B191D1B6803918C
:102BD000002BBBBF5B4242F0020207930793B8BFD2
:102BE000049223782E2B0AD163782A2B32D1039BAF
:102BF0001A1D1B68039243EAE37302340593DFF85E
:102C0000D4A0217803225046EDF74AFB38B1049B4B
:102C1000A0EB0A004022824013430134049314F8CD
:102C2000011B29488DF828100622EDF739FB0028F2
:102C30003FD0264B1BBB039B073323F0070308330E
:102C40000393099B3B4409936AE70CFB02320C4651
:102C50000120A8E700230134059319464FF00A0C20
:102C6000204610F8012B303A092A03D9002BC6D090
:102C70000591C4E70CFB012104460123F0E703ABF7
:102C800000932A46124B04A93046AFF30080074652
:102C9000781CD6D16B6ED90705D4AB899A0502D4BE
:102CA000A86DFFF7C7FCAB895B063FF51FAF09981E
:102CB0001EE703AB00932A46054B04A9304600F0FB
:102CC00079F8E4E7743F01087E3F01080000000046
:102CD000832A01087A3F01082DE9F04716469846F5
:102CE0008A680B69DDF820909342B8BF13463360C1
:102CF00091F8432007460C460AB10133336023683C
:102D0000990642BF336802333360256815F0060523
:102D100006D104F1190AE36832689B1AAB4226DC3B
:102D200094F843302268003B18BF012392062BD44D
:102D300004F1430241463846C84701301ED023689B
:102D4000226903F00603042B02BFE5683368ED1A1D
:102D5000A3680CBF25EAE57500259342C4BF9B1A02
:102D6000ED1800261A34B5421AD1002008E00123DC
:102D7000524641463846C847013003D14FF0FF3034
:102D8000BDE8F0870135C6E7E1185A1C302081F80C
:102D90004300224494F8451082F843100233C7E7F9
:102DA0000123224641463846C8470130E6D0013665
:102DB000D9E700002DE9FF470F7E0C9E782F914642
:102DC00080460C469A4601F1430207D8622F0AD882
:102DD000002F00F0D280582F00F0B78004F1420697
:102DE00084F842703AE0A7F16303152BF6D801A1ED
:102DF00051F823F04D2E0108612E0108DD2D010848
:102E0000DD2D0108DD2D0108DD2D0108612E0108F1
:102E1000DD2D0108DD2D0108DD2D0108DD2D010866
:102E2000612F01088B2E0108172F0108DD2D0108E5
:102E3000DD2D0108832F0108DD2D01088B2E0108EF
:102E4000DD2D0108DD2D01081F2F010833681A1D33
:102E50001B68326004F1420684F8423001239DE091
:102E600033682068191D3160060601D51D6803E02E
:102E70004506FBD5B3F90050002D03DA2D236D4232
:102E800084F8433059480A2310E021683368080663
:102E900053F8045B02D4490648BFADB26F2F5348C4
:102EA000336059D10823002184F843106668A66076
:102EB000002E05DB21682E4321F0040121604DD056
:102EC0001646B5FBF3F103FB1157C75D06F8017D0C
:102ED0002F46BB420D46F4D9082B0BD12368DF07E0
:102EE00008D5236961689942DEBF302306F8013CAA
:102EF00006F1FF36921B2261CDF800A04B4603AAD3
:102F000021464046FFF7E8FE01304CD14FF0FF303C
:102F100004B0BDE8F087236843F020032360344801
:102F2000782784F84570236831681F0651F8045BE0
:102F300002D45F0648BFADB23160D90744BF43F049
:102F4000200323601DB11023ADE72848E9E723687B
:102F500023F020032360F6E70A23A4E71646BBE725
:102F6000336825686169181D30602E061B6801D51D
:102F7000196002E06806FBD519800023236116461C
:102F8000BAE733681A1D32601E6862680021304655
:102F9000EDF786F908B1801B606063682361002348
:102FA00084F84330A8E72369324649464046D04773
:102FB0000130ABD023689B0713D4E068039B984291
:102FC000B8BF1846A4E70123324649464046D047D9
:102FD00001309BD00135E36803995B1AAB42F2DC08
:102FE000EBE7002504F11906F5E700BF853F01086E
:102FF000963F0108B1F90C202DE9F041160705466E
:103000000C4651D44B68002B02DC0B6C002B49DDC5
:10301000E66A002E46D0002312F480522F682B60FF
:1030200031D0626DA389590705D56368D21A636BE5
:103030000BB1236CD21A0023E66A216A2846B047F6
:10304000421CB4F90C3006D129681D2946D8294AFA
:10305000CA40D60742D500226260D90422692260A4
:1030600004D5421C01D12B6803B96065616B2F60E8
:10307000C1B104F14403994202D02846FFF744FB52
:10308000002363630EE0216A01232846B04702460D
:10309000501CC7D12B68002BC4D01D2B01D0162B80
:1030A0001AD12F6000201EE00F69002FFAD093077D
:1030B0000E6808BF4B690F6018BF0023A6EB070816
:1030C0008B60B8F1000FEDDD216AA66A43463A46EF
:1030D0002846B047002808DCB4F90C3043F0400320
:1030E000A3814FF0FF30BDE8F0810744A8EB000852
:1030F000E7E700BF0100402038B50B6905460C46E4
:1031000013B90025284638BD18B1036A0BB9FFF77B
:1031100015F9B4F90C30002BF3D0626ED00704D44B
:10312000990502D4A06DFFF784FA28462146FFF7DF
:1031300061FF636EDA070546E4D4A3899B05E1D4F9
:10314000A06DFFF777FADDE770B50D461446064629
:1031500018B1036A0BB9FFF7F1F8636ED80705D40D
:10316000A389990502D4A06DFFF763FAA368013B18
:10317000002BA36005DAA269934212DBEBB20A2BA3
:103180000FD023685A1C22601D70EDB2636EDA07FF
:1031900005D4A3899B0502D4A06DFFF74BFA2846FE
:1031A00070BD29462246304600F002F80546EDE79C
:1031B000F8B50E461446054618B1036A0BB9FFF779
:1031C000BDF8A369A360A3891A0701D5236943B990
:1031D0002146284600F02AF818B14FF0FF3738464C
:1031E000F8BD23682269981A6369F6B283423746AC
:1031F00005DC21462846FFF77FFF0028EDD1A368B4
:10320000013BA36023685A1C22601E706269431C44
:103210009A4204D0A389DB07E1D50A2EDFD12146EB
:103220002846FFF769FF0028D9D0D6E738B5284BE4
:10323000054618680C4618B1036A0BB9FFF77EF80B
:10324000B4F90C30190721D4DA0607D409222A6010
:1032500043F04003A3814FF0FF3031E0580712D50F
:10326000616B41B104F14403994202D02846FFF753
:103270004BFA002363630022B4F90C3062602269C8
:10328000226023F0240343F00803A381226942B99A
:1032900003F42073B3F5007F03D02146284600F0E5
:1032A00084F8B4F90C3013F001020AD00022A260B5
:1032B00062695242A261226942B913F08000C7D10B
:1032C00038BD990758BF6269A260F4E70020F7E7AC
:1032D000B0050024884210B501EB020402D98442F3
:1032E000234607D8431EA14207D011F8012B03F84B
:1032F000012FF8E70244824200D110BD13F8011DEE
:1033000002F8011DF7E72DE9F041074614460D4686
:1033100021B9BDE8F0411146FEF7E8BE2AB9FFF732
:10332000F3F925462846BDE8F08100F099F884427B
:10333000064602D8B4EB500FF4D821463846FEF7C3
:10334000D5FE804608B94546ECE7B44222462946F8
:1033500028BF3246FFF76FF929463846FFF7D4F900
:10336000F1E770B50C46B1F90E10002996B015467C
:103370001E460ADAA18911F0800113D14FF4806250
:10338000002031602A6016B070BD6A4600F046F831
:103390000028EFDB019901F47041A1F50053594277
:1033A0005941EBE700214022EAE78B8973B59E077C
:1033B00005460C4607D504F147032360236101232A
:1033C000636102B070BD01AB6A46FFF7CAFF009EA1
:1033D00028463146FEF78AFEB4F90C3038B99A0512
:1033E000EFD423F0030343F00203A381E3E743F0A8
:1033F0008003A381019B2060C4E90406002BE0D078
:10340000B4F90E10284600F01BF80028D9D0A38983
:1034100023F0030343F00103A381D2E738B5074D3E
:1034200000230446084611462B6000F087F9431C30
:1034300002D12B6803B1236038BD00BFC438022419
:1034400038B5064D0023044608462B6000F07EF98F
:10345000431C02D12B6803B1236038BDC438022459
:1034600051F8043C181F002BBCBF0B58C018704704
:103470002DE9F0478C468E46089E154604461946AF
:10348000002B40F0D080724547D9B2FA82F74FB195
:10349000C7F120030EFA07FC20FA03F3BD4043EA0C
:1034A0000C0CBC404FEA154EA8B2BCFBFEF8230C36
:1034B0000EFB18CC08FB00F943EA0C43994528D9C8
:1034C000EB1808F1FF3204D2994502D9A8F10202A3
:1034D0002B44A3EB0903A4B2B3FBFEFC0EFB1C338D
:1034E0000CFB00F044EA0344A04214D92C190CF15F
:1034F000FF3304D2A04202D9ACF102032C44241AB7
:1035000043EA02401EB1FC40002334607360BDE812
:10351000F0874246DDE76346F1E7002A79D0B2FA48
:1035200082F3002B3FD01946C1F1200302FA01F5C6
:103530002EFA03F20EFA01FE20FA03F343EA0E0319
:103540004FEA154E00FA01F4B2FBFEFCAFB20EFBDF
:103550001C201A0C0CFB07F842EA004290455AD98D
:10356000AA180CF1FF3004D2904502D9ACF1020048
:103570002A44A2EB08029BB2B2FBFEFC0EFB1C220B
:103580000CFB07F743EA02439F4246D9EB180CF1C4
:10359000FF3204D29F4202D9ACF102022B44DB1B62
:1035A00042EA004202E0AEEB020301224FEA154E6E
:1035B000AFB2B3FBFEFC200C0EFB1C330CFB07F878
:1035C00040EA034398452AD9EB180CF1FF3004D2A6
:1035D000984502D9ACF102002B44A3EB0803A4B236
:1035E000B3FBFEFC0EFB1C330CFB07F744EA034461
:1035F000A74216D92C190CF1FF3304D2A74202D9E5
:10360000ACF102032C44E41B43EA00400F46114690
:1036100078E71F2188E76046ABE76246BFE7604670
:10362000DBE76346EFE7734506D916B90021084684
:103630006DE7C6E9000EF9E7B3FA83F787B973457A
:1036400001D3824207D8841A6EEB030301209C4603
:103650001EB900215BE73846FAE7C6E9004CF8E7F7
:10366000C7F1200CBB4022FA0CF51D4320FA0CF1E7
:103670002EFA0CF30EFA07FE41EA0E014FEA154945
:1036800000FA07F4B3FBF9F81FFA85FE09FB1830BE
:103690000B0C08FB0EFA43EA00439A4502FA07F2C4
:1036A00040D9EB1808F1FF3004D29A4502D9A8F1AD
:1036B00002002B44A3EB0A0389B2B3FBF9F809FB20
:1036C000183308FB0EFE41EA03418E452CD96918D8
:1036D00008F1FF3304D28E4502D9A8F10203294430
:1036E00043EA0040A0FB0298A1EB0E014145CE4603
:1036F000434602D306D14C4504D2B9EB020E68EB27
:1037000005030138002EA4D0B4EB0E0261EB0301D7
:1037100001FA0CFC22FA07F34CEA0303F940C6E96C
:10372000003196E74046C5E74346D9E7024B5822A9
:103730001A604FF0FF307047C4380224024B582201
:103740001A604FF0FF307047C4380224024B5822F1
:103750001A600020704700BFC4380224024B582270
:103760001A604FF0FF307047C4380224024B5822D1
:103770001A604FF0FF307047C4380224044A0549EC
:103780001368002B08BF0B4618441060184670479A
:10379000643A0224683A0224024B58221A604FF01D
:1037A000FF307047C4380224900000000107000079
:1037B000010600000054004000580040005C00403A
:1037C000001C005825002600270034003500470063
:1037D000520053008E0000000101010307010000A8
:1037E000000000400004004000080040000C0040C1
:1037F0004E6F74654F6666004E6F74654F6E0000C5
:10380000506F6C794B6579507265732E0000000023
:103810004343000050726F672E204368616E6765F6
:103820000000000043686E2E20507265737375723D
:1038300065000000506974636842656E64000000B2
:103840005379732E20436F6D6D6F6E005379732E15
:10385000205265616C74696D6500000043686E2ECE
:10386000204D6F6465000000556E6B6E6F776E00C3
:10387000537461727420776176657461626C65203F
:103880006372656174696F6E000000004D792046B7
:103890006C6F61743A20256325642E2530366400F0
:1038A000576176657461626C6520696E69746961DF
:1038B0006C697A65640000005374617274204D690C
:1038C000646920496E6974616C697A6174696F6EAC
:1038D0002E2E2E004D69646920496E6974616C69F1
:1038E0007A6174696F6E212053746172742052651D
:1038F00063656976696E672E000000004275747416
:103900006F6E20696E697469616C697A6564000024
:10391000417564696F2043616C6C6261636B205315
:103920007461727465642C20626567696E206D61D4
:10393000696E206C6F6F70004920676F7420616E34
:10394000206576656E74210074696D653A09256C91
:103950006409747970653A202573094368616E6E55
:10396000656C3A202025640944617461204D5342FE
:103970003A2025640944617461204C53423A202561
:10398000640A00004461697379206973206F6E6C6A
:10399000696E65003D3D3D3D3D3D3D3D3D3D3D3D0F
:1039A0003D3D3D00456C656374726F736D6974686D
:1039B0000000000044616973792053656564204507
:1039C000787465726E616C0043444320436F6E6689
:1039D0006967000043444320496E74657266616301
:1039E0006500000044616973792053656564204275
:1039F00075696C7420496E00080402040801010115
:103A0000000000004552524F523A2000496E766144
:103A10006C6964204465766963652068616E646CD6
:103A200065000000496E76616C696420436C6173C7
:103A3000732068616E646C65000000000002030082
:103A40000000000001000000000000000000FA4536
:103A500000007A460000FA4600803B470080BB47E2
:103A6000001001400044004000480040004C00406D
:103A7000005000400014014000780040007C0040ED
:103A8000000C0058000000000004000000060000C8
:103A900000100000000000000030000000200000C6
:103AA00000000010000000000010000000000000F6
:103AB00001020304010203040607080900020102CF
:103AC00000020102010002000400080010002000B2
:103AD00040008000000100020004000800100020E7
:103AE00000400080000002580004025800080258FC
:103AF000000C025800100258001402580018025816
:103B0000001C0258002002580024025800280258C5
:103B100000000000000610160006101601808080CC
:103B20008080808004808080808080800880808089
:103B30008080808010808080808080802080808055
:103B400080808080400000000004081020400000B9
:103B500002040810204000000B00FF00BC040024F9
:103B6000A4040024B004002474040024E00400240D
:103B7000C8040024D4040024800400240405002484
:103B8000EC040024F80400248C040024E43502240E
:103B9000CC350224D8350224B43502240836022458
:103BA000F0350224FC350224C03502242805002407
:103BB000100500241C05002498040024A200000025
:103BC000F9A2000083F9A2006E83F9A24E6E83F978
:103BD000444E6E8315444E6E2915444EFC291544FF
:103BE00027FC29155727FC29D15727FCF5D1572742
:103BF00034F5D157DD34F5D1C0DD34F5DBC0DD342B
:103C000062DBC0DD9562DBC0999562DB3C99956211
:103C1000433C999590433C994190433C00000000FF
:103C2000000000000000F03F000000000000F0BFB6
:103C3000000000000000F0BF000000000000F03FA6
:103C400083C8C96D305F6441182D4454FB21F93F8E
:103C5000000000000000F03F1C620CFDFFFFDFBF12
:103C6000198F06E15355A53F9D359AE887C056BF89
:103C7000C3F87B024393F93E03A695595455C5BF3B
:103C8000C40B23057610813F24CF7437EB9429BFF2
:103C9000000000000000F03F000000000000F0BF46
:103CA000000000000000F0BF000000000000F03F36
:103CB00083C8C96D305F6441182D4454FB21F93F1E
:103CC000000000000000F0BF1C620CFDFFFFDF3FA2
:103CD000198F06E15355A5BF9D359AE887C0563F19
:103CE000C3F87B024393F9BE03A695595455C5BF4B
:103CF000C40B23057610813F24CF7437EB9429BF82
:103D0000000000000000F03F748515D3B0D9EF3FEC
:103D10000F89F96C58B5EF3F515B12D00193EF3F1B
:103D20007B517D3CB872EF3FAAB968318754EF3FB1
:103D30003862756E7A38EF3FE1DE1FF59D1EEF3F6A
:103D400015B7310AFE06EF3FCBA93A37A7F1EE3F90
:103D50002234124CA6DEEE3F2D89616008CEEE3F84
:103D6000272A36D5DABFEE3F824F9D562BB4EE3F61
:103D7000295448DD07ABEE3F85553AB07EA4EE3FAF
:103D8000CD3B7F669EA0EE3F745FECE8759FEE3FF3
:103D90008701EB7314A1EE3F13CE4C9989A5EE3F3A
:103DA000DBA02A42E5ACEE3FE5C5CDB037B7EE3F2C
:103DB00090F0A38291C4EE3F5D253EB203D5EE3F65
:103DC000ADD35A999FE8EE3F475EFBF276FFEE3F98
:103DD0009C5285DD9B19EF3F6990EFDC2037EF3F68
:103DE00087A4FBDC1858EF3F5F9B7B33977CEF3F4A
:103DF000DA90A4A2AFA4EF3F40456E5B76D0EF3FD0
:103E0000000000000000E8429423914BF86AAC3FA8
:103E1000F3C4FA50CEBFCE3FD6520CFF422EE63F3F
:103E20000000000000003843FE822B654715474024
:103E30009423914BF86ABC3EF3C4FA50CEBF2E3F98
:103E4000D6520CFF422E963FBEF3F879EC61F63F56
:103E50001930965BC6FEDEBF3D88AF4AED71F53F77
:103E6000A4FCD432680BDBBFB010F0F03995F43FFE
:103E70007BB71F0A8B41D7BF8503B8B095C9F33F05
:103E80007BCF6D1AE99DD3BFA564880C190DF33F54
:103E900031B6F2F39B1DD0BFA08E0B7B225EF23FAA
:103EA000F07A3B1B1D7CC9BF3F341A4A4ABBF13F25
:103EB0009F3CAF93E3F9C2BFBAE58AF05823F13FC4
:103EC0005C8D78BFCB60B9BFA70099413F95F03FAB
:103ED000CE5F47B69D6FAABF000000000000F03F14
:103EE0000000000000000000AC479AFD8C60EE3F2F
:103EF0003DF5249FCA38B33FA06A021FB3A4EC3F2C
:103F0000BA913854A976C43FE6FC6A573620EB3F95
:103F1000D2E4C44A0B84CE3F2DAAA163D1C2E93FAB
:103F20001C65C6F04506D43FED417803E686E83FC0
:103F3000F89F1B2C9C8ED83F624853F5DC67E73F07
:103F4000CC7BB14EA4E0DC3F0B6E49C91676D23F64
:103F50007AC675A06919D7BFDDBAA76C0AC7DE3F5C
:103F6000C8F6BE484715E7BF2BB82A654715F73F87
:103F70005C390224232D302B2000686C4C006566D0
:103F800067454647003031323334353637383941AA
:103F900042434445460030313233343536373839C0
:103FA0006162636465660000F8B500BFF8BC08BCD8
:103FB0009E467047F8B500BFF8BC08BC9E467047E7
:083FC000E0C2FE7F01000000D9
:103FC800110700088D0D0008152400088925000830
:103FD800013100082D370008294C00082954000831
:083FE800D1040108C909010818
:043FF000ED060008D2
:103FF40000000000100000000000000000000000AD
:10400400000000000000000000000000100000009C
:10401400000000000000000000000000000000009C
:10402400000000001000000000000000000000007C
:10403400000000000000000000000000000000007C
:10404400000000000000000000000000000000006C
:10405400000000000100000000000000000000005B
:10406400000000000000000000000000000000004C
:10407400010000000000000000000000000000003B
:10408400000000000000000000000000010000002B
:10409400000000000000000000000000000000001C
:1040A400000000000000000001000000000000000B
:1040B40000000000000000000000000000000000FC
:1040C40000000000010000000000000000000000EB
:1040D40000000000000000000000000000000000DC
:1040E40001000000000000000000000000000000CB
:1040F40000000000000000000000000001000000BB
:1041040000000000000000000000000000000000AB
:10411400000000000000000001000000000000009A
:10412400000000000000000000000000000000008B
:10413400000000000100000001070800000000006A
:10414400000000000106080000000000000000005C
:104154000B00FF00F4010024E80100240C020024F9
:10416400000200242402002418020024B8010024C0
:10417400AC010024D0010024C401002400FF012468
:1041840030020024DC010024DCFE0124F4FE0124BE
:10419400E8FE012454010024480100240108080217
:1041A4000B08000108000000010908020A080000C9
:1041B40008000000010C0E03020801050E000000B7
:1041C400020C0801060E00000000000001040B00B0
:1041D4000000000000000000010707010F040000B8
:1041E40000000000010607010E04000000000000AA
:1041F40000030700000000000000000000020700A8
:104204000000000000000000020B07000000000096
:1042140000000000020A0700000000000000000087
:104224000609070000000000000000000090D00311
:104234000090D00341550008E5540008B955000822
:10424400E95400087D55000821560008ED55000882
:104254001555000800C201000000080000C201005A
:1042640000000800555A0008615A00086D5A0008F9
:10427400DD5A0008215B0008A55A0008C15A00084D
:10428400495A0008F95A0008055B0008895A0008D1
:10429400455C0008855D0008695D000812010002A4
:1042A400020200408304405700020102030100009F
:1042B400120100020202004083044057000201027E
:1042C40003010000040309041A03000000000000B5
:1042D40000000000000000000000000000000000DA
:1042E400000001001000000069EE000825EE00083F
:1042F40059ED00080000000031EC000809ED000849
:10430400D9EC0008000000000000000000000000DC
:1043140081EC00085DEC0008A5EC0008C9EC00087D
:104324000000000009024300020100C03209040039
:10433400000102020100052400100105240100010E
:104344000424020205240600010705820308001064
:1043540009040100020A00000007050102400000F0
:10436400070581024000000009024300020100C069
:1043740032090400000102020100052400100105B5
:104384002401000104240202052406000107058219
:104394000308001009040100020A000000070501D7
:1043A4000200020007058102000200000A06000262
:1043B400000000400100000009074300020104C09E
:1043C4003209040000010202010005240010010565
:1043D40024010001042402020524060001070582C9
:1043E4000308001009040100020A00000007050187
:1043F4000240000007058102400000000902650038
:10440400020100C050090400000001010000092459
:104414000100010900010109040100020103000077
:1044240007240100014100062402010100062402C0
:10443400020200092403010301020100092403020A
:1044440006010101000905010240000000000525E4
:104454000101010905810240000000000525010158
:1044640003000000060A0500040500000000000027
:10447400010C050104070109050000000004060001
:10448400000000000000000000040800000000001C
:1044940000000000010405000605060905000000EF
:1044A400010505000705000000000000060B0500DB
:1044B4000505000000000000010E050202050000D1
:1044C40000000000020105010F05020305000000C1
:1044D400030305000000000000000000020B0601B9
:1044E4000406000000000000020C0601050700009D
:1044F40000000000020A06000000000000000000A6
:10450400010408000608000000000000010508007E
:10451400070800000000000000050800000000007B
:104524000000000000000000000000000000000087
:104534000000000000000000000000000100000076
:104544000000000000000000000000000000000067
:104554000000000000000000010000000000000056
:104564000000000000000000000000000000000047
:104574000000000001000000000000000000000036
:104584000000000000000000000000000000000027
:10459400010000000000000003000000883702242E
:1045A400B40500240000000088370224F0370224F8
:1045B4005838022400000000000000000000000041
:1045C40000000000000000000000000000000000E7
:1045D40000000000000000000000000000000000D7
:1045E40000000000000000000000000000000000C7
:0445F400C93802249C
:0400000508000731B7
:00000001FF
