:020000040800F2
:1000000000000220010A0008FD0900083966000806
:10001000FD090008FD090008FD09000800000000B6
:10002000000000000000000000000000FD090008C2
:10003000FD09000800000000FD090008BD6500087A
:10004000FD090008FD090008FD090008FD09000878
:10005000FD090008FD090008FD090008FD09000868
:10006000FD090008FD090008FD09000851500008BD
:100070005D500008B13D0008695000087550000847
:10008000D15E00087D450008FD090008FD09000853
:10009000FD090008FD090008FD090008FD09000828
:1000A000FD090008FD090008FD090008FD09000818
:1000B000E9290108F5290108012A0108B1450008CC
:1000C000FD090008BD450008FD0900085922010886
:1000D00065220108055D0008315D0008655D0008C6
:1000E000FD090008FD09000800000000FD090008E6
:1000F000FD090008FD090008FD090008FD090008C8
:10010000FD090008FD0900080D2A010871220108F7
:10011000995D0008CD5D0008FD090008FD09000893
:10012000FD090008FD09000895220108C9220108FF
:10013000055F0008FD090008FD090008FD09000829
:1001400000000000000000000000000000000000AF
:10015000FD090008FD090008FD090008015E00080E
:10016000C9450008FD090008CD650008F1650008D3
:10017000FD09000815660008FD090008FD090008D2
:10018000FD090008FD090008355E0008695E0008E9
:100190007D22010889220108FD090008FD090008E7
:1001A000FD090008FD090008FD090008FD09000817
:1001B000714D0008FD090008FD090008FD0900084F
:1001C000FD090008FD0900086538000871380008BD
:1001D000FD0900087D380008FD090008FD09000838
:1001E000FD090008FD090008FD090008FD090008D7
:1001F000FD090008FD090008FD090008FD090008C7
:10020000FD090008FD090008FD090008FD090008B6
:10021000FD090008FD090008FD090008FD090008A6
:10022000FD090008FD090008FD09000800000000A4
:10023000FD090008FD09000800000000FD09000894
:10024000FD090008FD090008FD090008FD09000876
:10025000FD090008FD090008FD090008FD09000866
:10026000FD090008FD090008FD090008FD09000856
:10027000FD090008FD0900089D5E0008000000005F
:10028000FD090008FD090008FD0900080000000044
:0802900000000000FD09000858
:1002A00010B5054C237833B9044B13B10448AFF3B0
:1002B00000800123237010BD080600240000000008
:1002C0006866010808B5034B1BB103490348AFF347
:1002D000008008BD000000000C06002468660108CC
:1002E00001F0FF01102A2BDB10F0070F08D010F8E7
:1002F000013B013A8B422DD010F0070F42B3F6D1EB
:10030000F0B441EA012141EA014122F007047FF003
:1003100000070023F0E80256083C85EA010586EA5A
:10032000010685FA47F5A3FA87F586FA47F6A5FA96
:1003300087F68EB9EED1F0BC01F0FF0102F00702A2
:1003400032B110F8013B013A83EA010313B1F8D14D
:100350000020704701387047002D06BF354603382E
:10036000073815F0010F07D1013015F4807F02BF67
:10037000013015F4C03F0130F0BC0138704700BFB8
:1003800081F0004102E000BF83F0004330B54FEA46
:1003900041044FEA430594EA050F08BF90EA020FB3
:1003A0001FBF54EA000C55EA020C7FEA645C7FEA46
:1003B000655C00F0E2804FEA5454D4EB5555B8BF69
:1003C0006D420CDD2C4480EA020281EA030382EADA
:1003D000000083EA010180EA020281EA0303362D6C
:1003E00088BF30BD11F0004F4FEA01314FF4801C3F
:1003F0004CEA113102D0404261EB410113F0004F51
:100400004FEA03334CEA133302D0524263EB430307
:1004100094EA050F00F0A780A4F10104D5F1200EA5
:100420000DDB02FA0EFC22FA05F2801841F1000100
:1004300003FA0EF2801843FA05F359410EE0A5F1D4
:1004400020050EF1200E012A03FA0EFC28BF4CF005
:10045000020C43FA05F3C01851EBE37101F00045BB
:1004600007D54FF0000EDCF1000C7EEB00006EEBC8
:100470000101B1F5801F1BD3B1F5001F0CD3490852
:100480005FEA30004FEA3C0C04F101044FEA4452A9
:1004900012F5800F80F09A80BCF1004F08BF5FEA30
:1004A000500C50F1000041EB045141EA050130BD10
:1004B0005FEA4C0C404141EB0101013C28BFB1F522
:1004C000801FE9D291F0000F04BF01460020B1FA6D
:1004D00081F308BF2033A3F10B03B3F120020CDA40
:1004E0000C3208DD02F1140CC2F10C0201FA0CF01E
:1004F00021FA02F10CE002F11402D8BFC2F1200C83
:1005000001FA02F120FA0CFCDCBF41EA0C01904038
:10051000E41AA2BF01EB0451294330BD6FEA040481
:100520001F3C1CDA0C340EDC04F11404C4F120026C
:1005300020FA04F001FA02F340EA030021FA04F37E
:1005400045EA030130BDC4F10C04C4F1200220FAD5
:1005500002F001FA04F340EA0300294630BD21FA13
:1005600004F0294630BD94F0000F83F4801306BFD9
:1005700081F480110134013D4EE77FEA645C18BFCD
:100580007FEA655C29D094EA050F08BF90EA020F64
:1005900005D054EA000C04BF1946104630BD91EA5C
:1005A000030F1EBF0021002030BD5FEA545C05D15F
:1005B0004000494128BF41F0004130BD14F580049E
:1005C0003CBF01F5801130BD01F0004545F0FE4112
:1005D00041F470014FF0000030BD7FEA645C1ABF47
:1005E000194610467FEA655C1CBF0B46024650EA7E
:1005F000013406BF52EA033591EA030F41F40021AA
:1006000030BD00BF90F0000F04BF0021704730B52F
:100610004FF4806404F132044FF000054FF0000104
:1006200050E700BF90F0000F04BF0021704730B5C5
:100630004FF4806404F1320410F0004548BF40429A
:100640004FF000013EE700BF42004FEAE2014FEAEF
:1006500031014FEA02701FBF12F07F4393F07F4FCA
:1006600081F06051704732F07F4208BF704793F0CD
:100670007F4F04BF41F40021704730B54FF46074E0
:1006800001F0004521F000411CE700BF50EA0102E3
:1006900008BF704730B54FF000050AE050EA01028C
:1006A00008BF704730B511F0004502D5404261EBFC
:1006B00041014FF4806404F132045FEA915C3FF43D
:1006C000D8AE4FF003025FEADC0C18BF03325FEADA
:1006D000DC0C18BF033202EBDC02C2F1200300FA8B
:1006E00003FC20FA02F001FA03FE40EA0E0021FAB0
:1006F00002F11444BDE600BF53B94AB9002908BF4E
:1007000000281CBF4FF0FF314FF0FF3000F074B9EC
:10071000ADF1080C6DE904CE00F006F8DDF804E058
:10072000DDE9022304B070472DE9F047089D044637
:100730008E46002B4DD18A42944669D9B2FA82F294
:1007400052B101FA02F3C2F1200120FA01F10CFAD0
:1007500002FC41EA030E94404FEA1C48210CBEFB08
:10076000F8F61FFA8CF708FB16E341EA034306FB91
:1007700007F199420AD91CEB030306F1FF3080F020
:100780001F81994240F21C81023E63445B1AA4B26D
:10079000B3FBF8F008FB103344EA034400FB07F70F
:1007A000A7420AD91CEB040400F1FF3380F00A8150
:1007B000A74240F207816444023840EA0640E41B45
:1007C00000261DB1D4400023C5E900433146BDE8F1
:1007D000F0878B4209D9002D00F0EF800026C5E993
:1007E000000130463146BDE8F087B3FA83F6002EAB
:1007F0004AD18B4202D3824200F2F980841A61EB23
:10080000030301209E46002DE0D0C5E9004EDDE740
:1008100002B9FFDEB2FA82F2002A40F09280A1EB28
:100820000C014FEA1C471FFA8CFE0126200CB1FB7D
:10083000F7F307FB131140EA01410EFB03F0884276
:1008400008D91CEB010103F1FF3802D2884200F203
:10085000CB804346091AA4B2B1FBF7F007FB101195
:1008600044EA01440EFB00FEA64508D91CEB040433
:1008700000F1FF3102D2A64500F2BB800846A4EB8E
:100880000E0440EA03409CE7C6F12007B34022FA79
:1008900007FC4CEA030C20FA07F401FA06F31C43A8
:1008A000F9404FEA1C4900FA06F3B1FBF9F8200CB5
:1008B0001FFA8CFE09FB181140EA014108FB0EF0FB
:1008C000884202FA06F20BD91CEB010108F1FF3A4B
:1008D00080F08880884240F28580A8F10208614457
:1008E000091AA4B2B1FBF9F009FB101144EA014165
:1008F00000FB0EFE8E4508D91CEB010100F1FF3410
:100900006CD28E456AD90238614440EA0840A0FBA7
:100910000294A1EB0E01A142C846A64656D353D07D
:100920005DB1B3EB080261EB0E0101FA07F722FAA1
:1009300006F3F1401F43C5E9007100263146BDE8CA
:10094000F087C2F12003D8400CFA02FC21FA03F32D
:10095000914001434FEA1C471FFA8CFEB3FBF7F0AE
:1009600007FB10360B0C43EA064300FB0EF69E42D3
:1009700004FA02F408D91CEB030300F1FF382FD26C
:100980009E422DD9023863449B1B89B2B3FBF7F614
:1009900007FB163341EA034106FB0EF38B4208D9ED
:1009A0001CEB010106F1FF3816D28B4214D9023E2E
:1009B0006144C91A46EA004638E72E46284605E74C
:1009C0000646E3E61846F8E64B45A9D2B9EB02081D
:1009D00064EB0C0E0138A3E74646EAE7204694E7AD
:1009E0004046D1E7D0467BE7023B614432E73046E0
:1009F00009E76444023842E7704700BFFEE700BFE2
:100A00000B480C4A904203D0121A0B4913F052FEC5
:100A10000A480B4A904203D0121A002113F058FEE4
:100A200006F062F813F01AFE00F0EAF9FEE700BFE4
:100A300000000024080600249C6601080806002423
:100A40004C3D0224704700BF704700BF704700BF95
:100A5000704700BF704700BF704700BF704700BFBE
:100A6000002A50D02DE9F04F894692464FF00008F9
:100A7000274E284F2DED028B89B02749684601F09B
:100A8000B7F8EC46254C96ED008A254DDFF898B076
:100A9000BCE80F000FC49CE80F0084E80F00103C76
:100AA000F4EC018A584615F8011F0BF1300B13F0D6
:100AB0009BF928EE800AB7EEC87ABC429FED126B14
:100AC000B7EEC00AA0EE067BB7EEC78B86ED008AB4
:100AD000E6D1144B002193ED007AD9E9003228EEDB
:100AE000077A02EB880203EB880308F1010882ED24
:100AF000007AC24583ED007A3160BED109B0BDEC09
:100B0000028BBDE8F08F70479A9999999999C93FDE
:100B10005CE20024B8E20024B8E3002498E2002458
:100B20005FE20024B4E30024640600241BB91369C7
:100B30000BB1D26818477047B9B30144F0B51546F8
:100B4000A5B002F12407441E4E1E01E0A6422AD0A1
:100B500014F8011F6A46384602F0ECFC0028F5D074
:100B6000D5F8C4C090226946D5E93203C31A00F112
:100B7000010E00EBC00048BF63440CF1FF3C9C45F4
:100B8000E4D0D5F8C030C5F8C8E003EB001013F08E
:100B900091FDD5E931239342A3EB020328BFC5F8A9
:100BA000C830A642D4D125B0F0BD704702780B46BC
:100BB00010B4092A42D8DFE802F00E131B252B2DB2
:100BC00037393F05204A03CA1288186059601A81D4
:100BD0005DF8044B70471D4A03CA18605960F7E777
:100BE0001B4A106891889279186099809A71EFE792
:100BF000184C07CC2478186059609A601C735DF813
:100C0000044B7047144A1188927819809A70DFE774
:100C1000124CEEE7124C07CC2488186059609A6099
:100C20009C815DF8044B70470E4ACCE70E4C07CC14
:100C3000186059609A60CBE70C4CECE70C4A03CA89
:100C400018605960C4E700BF8C5B0108205B010895
:100C5000285B0108305B0108405B0108445B010828
:100C6000545B0108645B0108705B01087C5B010850
:100C7000985B01082E49AA222E4B2F4810B50978FF
:100C800082B000781A704A1E59709870032A4CD8A6
:100C9000DFE802F02D1C0E02FF210422D970002390
:100CA00024492648CDE9003305F04CFA02B010BDC6
:100CB000234C244A2448254912782478007809785E
:100CC0001A710722DC7058719971E8E72049214AAE
:100CD00009781278D97022BB1F4C2048204924780B
:100CE0000722007809781C7158719971D7E71D485F
:100CF0001D4900781D4A1E4CD87002F1080E02F101
:100D0000100C03C982E8030094E80300194C1D226B
:100D10008EE80300184903C98CE80300217819778D
:100D2000BDE7164C16481749D9E70322B7E700BFBD
:100D3000C450002400000030BE500024B0E3002462
:100D4000C5500024CC500024F9500024F850002451
:100D5000B6500024B5500024B7500024B8500024E9
:100D6000B950002450E30024E407002404000030BC
:100D700048E3002440E3002438E30024BA50002470
:100D8000BB500024BC500024124A002312481349CF
:100D900010B41278124C032A037023700B600BD02E
:100DA00010481149114A03600B601360104B002278
:100DB0005DF8044B1A7070470E490F4B0C780F4AC0
:100DC00019780848084B046012781960074B1A60BC
:100DD000ECE700BFC450002450E30024C8500024B6
:100DE000BE5000246CE2002484E3002458E3002475
:100DF000B5500024B7500024B8500024B950002446
:100E00002DE9F04F2DED028BADF5803D00213448EA
:100E100042F23816CFB044F2381501F0EBF8402119
:100E20002F484EAF01F00EF8002002F039FB2C489D
:100E300001F004F89FED2B7AF0EE408A6E44B0EE9C
:100E4000478A6D4400242AE0F1EE006A67EEA66A44
:100E5000F6EE005A0134B7EE007AE6EC016ABFEE16
:100E6000006AF4EEE57AF1EE10FA54BFF0EE467A3D
:100E7000F0EE477AB4F5006FE5EC017A38D007EE72
:100E8000904A9FED190AB8EEE78ADFED187A68EE0E
:100E9000277A27EE800A13F06FFAB0EE407ADFED82
:100EA000137AF5EE006AA7EC017A68EE277AF4EE81
:100EB000E67AF1EE10FAC7D4B6EE087AF4EEC77A05
:100EC000B1EE007AF1EE10FA04D5F0EE006AE7EE2A
:100ED000C76ABDE7F9EE006AE7EE876AB8E700BFC8
:100EE0002406002400000000DB0FC9400000003A87
:100EF0000024B0EE680A04224EA9CF4800F054FE48
:100F0000214601349FEDCD0ACB4800F0FBFE082CB2
:100F1000F6D10027CA4B0124022523A9C948CDE9EF
:100F200023374FF4E133CDE927542993CDE9254701
:100F300005F09EF817A802F0E9FA47F612234EAA28
:100F40002E95309317ABC04DA2F1BC062C942F9474
:100F50001BAC2D970FCB86E80F0084E80F0085E8C7
:100F60000F002B9010461A46BDF88030ADF8AA301D
:100F7000BDF88230C5E90502ADF8A83012B1394696
:100F800013F0A6FBB14E2AA9B048022405F070F870
:100F900006F1140002F086FBAD4B304614212B62A3
:100FA0004FF0030AED61012705F0DAFAA94B00962C
:100FB000304600264FF007094FF00608D5E9051224
:100FC00005F0F6F822468DF814402AA88DF8156031
:100FD00005AB196802F058FC22468DF818600DF137
:100FE000BA008DF819A006AB196802F04DFC224634
:100FF0008DF81C7033A88DF81D7007AB196802F0CE
:1010000043FC22468DF820600DF1DE008DF8219022
:1010100008AB196802F038FC22468DF824603CA821
:101020008DF8258009AB196802F02EFC22468DF858
:1010300028400DF581708DF829700AAB196802F00F
:1010400023FC42462AA90423834802F031FC82484B
:1010500002F03CFE304600F0D3FE0BAE03463846AD
:10106000338000F0CDFE034620460CAC238000F018
:10107000C7FE0DAB226831680EAC9FED700A188078
:1010800076481B6802F016F9504600F0B9FE208041
:10109000042000F0B5FEADF83C00052000F0B0FEE5
:1010A0009FED660AADF840006D482168DDE90F2329
:1010B00002F000F9404600F0A3FEADF844004846B7
:1010C00000F09EFEADF84800082000F099FE9FED6C
:1010D0005B0A1199ADF84C006248DDE9122302F079
:1010E000E9F8092000F08CFEADF850000A2000F06D
:1010F00087FEADF854000B2000F082FE9FED4F0AF2
:101100001499ADF858005848DDE9152302F0D2F8DB
:101110001D2000F075FEADF86C00B7EE000A1B99BB
:10112000524802F0C5FA1E2000F06AFEADF87C00BD
:10113000B7EE000A1F994E4802F0BAFA4D4B03F57C
:10114000C0761C4601212046B0EE680A12F02EFD42
:10115000F6EE080A20469FED480A12F09FFD204651
:10116000B6EE000A12F0F0FD4FF07A53204630340C
:1011700044F8303C9FED400A12F00EFEA642E1D149
:10118000FFF778FD3D493E4800F054FE45212A48CE
:1011900000F0C0FD01233B4A0021DFF8F08013542A
:1011A00000EB4000334BDFF8B4A003EB0010DFF896
:1011B000E0B012F06BFD012005F0B0FA05F0ACFADA
:1011C000C8F80000214805F07DF8002800F075817E
:1011D000D5E932341E1B00F18E80002E00F0918084
:1011E0009C4200F0448104EBC403D5F8C0909022E7
:1011F0004EA809EB031701341E01394613F05AFAC1
:10120000D5F8C43019F806609C423F7AC5F8CC4046
:1012100002D3E41AC5F8CC404EA99022A1F1900067
:1012200013F048FA002E00F0D183012E3ED13A4649
:1012300015494EA82EE000BFB8E3002400000000CE
:1012400001060107B0E30024FC5000240C510024E7
:10125000390B00082D0B00083C060024D050002458
:1012600070E2002488E300245CE30024A4500024FE
:10127000F0070024640600249A99193E610A0008C8
:101280002406002460E20024A05B010868E2002438
:10129000C050002413F018FB4EA802F0F3F83946B2
:1012A000954800F037FD082840F3FA80934CD4E9C4
:1012B00002236168D31A48BF5B180139994287D06D
:1012C000236802EBC20001322AA903EB00108DF85B
:1012D000A860A26090228DF8B07013F0EBF9D4E909
:1012E00001239342FFF474AF9B1AA360D5E9323413
:1012F0001E1B7FF572AFD5F8C4201644002E7FF474
:101300006FAF7F4802F006F87E4802F003F87E488F
:1013100002F000F87D4801F0FDFF7D4802F0E2F99F
:101320007C4802F0DFF99AF80430002B00F0C3800B
:10133000BAF92400734B197909B1B3F92410724B2F
:101340001A790AB1B3F92420704C23790BB1B4F99E
:10135000243018B1704F3C682044386019B16F4890
:101360000468214401601AB16D49086802440A60AA
:101370001BB16C4A11680B441360D8F80020DBF8ED
:101380000030D31A052B7FF616AF00216648CBF844
:10139000002002F0B1FC654B0121634883ED000A97
:1013A00002F0AAFCF2EE007A614B02215E48614C29
:1013B00020EE270A83ED000A02F09EFCF1EE0C7A83
:1013C0005D4B0321584820EE270A83ED000A02F006
:1013D00093FCF0EE047A594B0421534820EE270A7F
:1013E00083ED000A02F088FC554B05214E4883ED41
:1013F000000A02F081FCF7EE0C7A524B20EE270A2D
:1014000083ED000A13E0B7EE007AF4EE477AF1EECE
:1014100010FA77FE277A4B4B01362046C4ED007A4E
:1014200093ED000A303412F0B7FC082E58D0404B30
:101430003146314893ED000A00F064FC3E4BF6EE75
:10144000080A204693ED000A12F028FC3B4B204688
:1014500093ED000A12F078FC394BD3ED007AF5EEEB
:10146000C07AF1EE10FACED8DFED377AD3E79022CA
:1014700000212AA813F02CF90022174633494EA860
:1014800013F022FA4EA801F0FDFF39461A4800F089
:1014900083FC082802DC00232D4A1354002605E7AC
:1014A0002B4B00211E5400EB4000224B03EB00109D
:1014B00012F0ECFBFAE630463CE7264802F0F2F880
:1014C000254B142125482B62ED6105F049F8234B8B
:1014D00022480093224BD5E9051204F069FE77E615
:1014E000204B1B78052B42D8DFE813F06A017E0100
:1014F0003A01D300A7003E00B8E30024040800240A
:10150000D050002470E2002488E300245CE300242F
:10151000A4500024F0070024C85000246CE20024EA
:1015200084E3002458E300243C060024B4E30024B0
:1015300030E4012464060024EC07002400080024A1
:1015400054E3002444E300240AD723BCB05B010821
:1015500060E2002420510024390B00080C510024C3
:101560002D0B0008C45000240123AE4A1370FFF76E
:1015700081FBAD4BAD49D3ED005AAD4BAD4E93ED74
:10158000005AAD4BAD4893ED006AAD4BBDEEC66A57
:10159000D3ED007AAB4BFDEEE77A93ED007AAA4BE0
:1015A000BDEEC77AD3ED006ACDED017AFDEEC57AC6
:1015B000FDEEE66A8DED006A8DED027A17EE903A47
:1015C000FDEEE57ACDED036A17EE902A13F07CF973
:1015D0009A4801F057FFD6E90234A3423FF4EBAD3D
:1015E000336804EBC40190224EA803EB01110134CF
:1015F00013F060F87368F4609C4201D3E41AF4605D
:101600004EA99022A1F1900013F054F823A92AA822
:10161000FFF7CCFA9DF8B1308C494EA802939DF8A3
:10162000B03001932B9B009323ABD8F8002013F02C
:101630004BF94EA801F026FFBDE5854B1A791AB18A
:101640009B7A7F2B00F0B5817B4B824C93ED007A27
:101650007B4BBCEEC77AD3ED007A7A4BFCEEE77A8F
:1016600017EE100A93ED006A774B17EE901AFCEE16
:10167000C67AD3ED006A2070774817EE902AFCEE08
:10168000E67A0170754917EE903A0A70744A137041
:101690006DE7744C2178002900F04C81724F734E35
:1016A0003B6873485A4203F0030302F0030258BF39
:1016B00053423B603A683378D2B2027003EB830046
:1016C0006C4F02EB400262483A7002793AB1827A7A
:1016D0007F2A04D1002900F0728100222270664A1C
:1016E000117921B1927A7F2A01D101222270634CB3
:1016F00022789A4200F05781002B00F04E81604A18
:1017000060481178604A127806786048237001605A
:101710005F490A605F4A166000680968002B00F0A4
:101720001B811368C7175C4ACE1782FB00C4C7EB46
:10173000641782FB01C4C6EB641682FB0342DC170C
:10174000C4EB6212642404FB12334D4A04FB1700FD
:1017500004FB161110704C4A11704A4A137006E7C8
:101760004E4B1B789A1E012A40F215811A1F012A3E
:1017700040F21D81063B012B00F22A8109223A4EDC
:1017800033493368464C93FBF2F002FB10330A797D
:1017900033603368DBB223701AB18A7A7F2A00F093
:1017A0008380002B40F08980384803685A4203F058
:1017B000070302F0070258BF5342384A1370D6E6B7
:1017C0004FF4FA71374800F031FB354A1378013392
:1017D000DBB2032B13707FF6CAAE124A13780133C3
:1017E0001370FFF7D1FAC2E61F4C234923682C4837
:1017F0005A4203F0030302F0030258BF53420A792E
:1018000023602368DBB20370002A3FF4B0AE8A7A0B
:101810007F2A7FF4ACAE032B7DD8DFE803F083870B
:101820007F7900BFC4500024B4E30024C05B0108EA
:1018300030E4012404080024EC070024B8E200246A
:101840000008002454E3002444E30024F05B010872
:10185000F0070024C5500024CC500024F950002487
:10186000F850002450E30024C8500024B550002450
:10187000B4500024B6500024A4500024BD500024CD
:10188000BA500024BC500024BB5000246CE2002459
:1018900084E3002458E300241F85EB5140E3002437
:1018A000BE5000242406002401234B4A1370FFF786
:1018B0006BFA2378002B3FF477AF4848013B484A46
:1018C00000684849484F0C68116887FB0027474A61
:1018D00082FB0462464EA2EBE47202EB4202A41ABF
:1018E00086FB0126C2170E44C2EB6712642707FB72
:1018F0001202C817C0EB26264FF4B470013200FB69
:1019000016113C48C2543C4AD4543C4AD1542EE6A9
:101910000523314A1370FFF737FA28E604232E4ACD
:101920001370F8E702232C4A1370F4E703232A4AC2
:101930001370F0E7324A334E13681046002B03F061
:101940000103B8BF5B4213602F4B1A780368003B5A
:1019500018BF01233370B1E61368C717224ACE17A8
:1019600082FB00C4C7EB641782FB01C4C6EB64169C
:1019700082FB0342DC17C4EB6212642404FB1233C3
:10198000224A04FB170004FB16111070204A117044
:10199000204A1370EBE50322F1E61C4A1D4811783A
:1019A0001B4A1278B0E60D480E490D4AB4E60522EE
:1019B000E5E60123084A1370FFF7E6F944E6012340
:1019C000054A1370FFF7E0F9337888E63A4655E5A3
:1019D0000B4B1B68FFDE00BFC45000246CE20024E8
:1019E00058E3002484E300241F85EB5156555555D8
:1019F000B7600BB6E407002448E3002438E3002472
:101A0000C8500024B5500024B4500024B75000241E
:101A1000B8500024B950002438B541480024414A48
:101A20004149046044610462C46312F035FA3F4BDB
:101A30003C4A1C603E493F4812F02EFA394A3C4964
:101A40003D4812F029FA374A39493C4812F024FA45
:101A5000344A37493A483B4D12F01EFA314A3A4966
:101A60003A4812F019FA2F4A3749394812F014FA55
:101A7000284601F04BFD40F20F7305F1D001354AC5
:101A8000A5F8BC3040F201132C612846C5F8B820F7
:101A9000244AC5E93013C5E932442F49812512F0A3
:101AA000FBF92E481F4A00F110032D49C0E900350B
:101AB000C0E9024412F0F0F92A4800F061F8194A2E
:101AC0002949284812F0E8F9284B03F5C07430334F
:101AD000002227490020A34243F8302C43F82C2C45
:101AE00043F8281C43F8242C43F8201C43F81C1C02
:101AF00043F8181C43F8142C43F8102C43F80C2C12
:101B000003F8040C03F8030CE1D1064A194912F05A
:101B1000C3F904F001FE184A184B1060186038BD74
:101B200024060024000000244D0A0008B0E300242D
:101B3000490A0008D050002470E2002488E3002401
:101B40005CE30024FC500024450A0008A450002453
:101B5000F00700240080707F5D0A0008040800245C
:101B6000550A0008B8E30024510A0008640600245E
:101B7000000080BF590A000868E20024C050002419
:101B800010B50446064820220021204412F0A0FD92
:101B900004F580320021034B20465160236010BDC4
:101BA0002800010000442C4738B50446154604308F
:101BB0004FF480322DED028BB0EE408A12F07AFDA8
:101BC000094820220021204412F082FD074A04F532
:101BD00080314FF0FF334D60A11884ED008AA3508F
:101BE0004B60BDEC028B38BD28000100680001008D
:101BF00091ED005A01F5803301F1040CB7EEC55A9E
:101C00002DE9F0433C4C86463C4D0C445E680D4447
:101C1000B4EC014A0023DFED3A3AB7EEC44A94ED42
:101C20000F7A9FED336BFDEEC77A24EE064B17EE6D
:101C3000902AD4ED077A511CC9B284EE056B04EEEC
:101C4000902AB142B8BF4B03D1B2F8EEE44A6344E4
:101C5000B7EE004A0CEB413137EE647A74EE474A36
:101C6000B7EEC66BFDEEE76A36EE276A16EE907A9F
:101C700016EE902AF8EEE66A92B2B4EEE36A1FFA24
:101C800087F803EB820977EEE67A01EB820708F129
:101C90000102A8F2FF78D9ED006A92B2D7ED002ACE
:101CA00067EE266AB2F5006F34EE674A28BF1FFA66
:101CB00088F2E4EEA26AF1EE10FA03EB820301EB84
:101CC000820293ED002AA8BF36EE636A92ED003AD5
:101CD000A54227EE027A84ED076AA4EE837A67EEC6
:101CE000877AE4EE267AEEEC017A91D1BDE8F083B2
:101CF000000000000000A0400800010028000100D2
:101D00000000004500F5803000EB810080ED120AF4
:101D1000704700BF1D4B00220344F0B59C46164699
:101D200000F580351CF801EBAC191746BEF1FF0F2A
:101D30000BD09CF807E094F87040A64588BFD6B257
:101D40000132082AEED132463746114C00EB8706A5
:101D500004EB810406F58036D4F800C00D4C044431
:101D6000E81980F86810C6F808C013F8011BFF29AD
:101D700002D0D9790131D971A342F6D13D44012174
:101D80000023104685F87010B362F0BD68000100B2
:101D90002C5C010870000100164A0023024412F86E
:101DA00001CB8C4505D00133082BF8D10923184607
:101DB000704700F5803C104910B50CEB0302FF247E
:101DC000014482F868400D4C04440CEB030211F806
:101DD000010B92F8702000F1FF3E824238BF01F8FB
:101DE00001EC8C42F1D19C44002218468CF8702002
:101DF00010BD00BF68000100700001007800010004
:101E0000202882B009D8084B03EB400213F81030A9
:101E1000507843EA002002B0704701230C2043EAC7
:101E2000002002B0704700BF2C5E0108084604F095
:101E300075BC00BF143001F009BA00BF143001F0C6
:101E400001BA00BF38B500F1140504462DED028B30
:101E5000284601F0E9F9284601F0F4F92846B0EEE9
:101E6000408A01F0DDF9D0ED007AF8EE677A88EE6D
:101E7000277ABDEC028B84ED0E7A38BD10B540F2A6
:101E800003338EB000244FF60B7240F20341ADF8DD
:101E9000083009A80123ADF81020ADF8242022460F
:101EA000ADF80C100094029907940C94CDE9054408
:101EB000CDE90A4402F028F804A801232246039938
:101EC000009402F021F809A802F004F910B90120E9
:101ED0000EB010BD04A802F0FDF8A0420CBF022015
:101EE00020460EB010BD00BF2DE9F04103239AB08B
:101EF000012700240646CDE914373B4BCDE91043BA
:101F000040F20453CDE91647ADF84830FFF7B6FF6D
:101F1000B842054625D0022845D040F60132334B61
:101F20000DF12C081894ADF82C200B981997CDF8CA
:101F30004A3000F0E3F810A906F13C0003F014F970
:101F4000302003224FF07E5341460D930E93CDE98E
:101F50000B02F26B06F1140001F02AF91AB0BDE889
:101F6000F0811023214A06A906908DF828300DF142
:101F70002C081F4BCDF84A2007930294CDE9180492
:101F8000CDE9080402A802F025FB0823029A03A960
:101F90004046ADF80C508DF80E40049505930B9417
:101FA00000F0ECF8C7E700200121104B0DF12C08E0
:101FB0003A460094CDF84A304FF60B730C94ADF8C6
:101FC0002C302346CDE9180140F601314046ADF8EA
:101FD00018100699CDE90D4401F096FF21464046C0
:101FE00002F084F8A7E700BF040204040406040317
:101FF0000704010B2DE9F04704462DED028B82B05A
:1020000000294DD0012140F2011200230091ADF8CA
:1020100004208DF80630364A0127364B04F10409B6
:10202000354904F12908626040F20272A36040F66B
:102030000663E16004F1250AA4F82520A4F82930FC
:10204000278284F8277084F82B7004F003FD05467E
:1020500004F066FB6946064650BB4DB304F1300000
:102060008DF8067004F07EFC072D3CD104F11405B8
:102070002046FFF739FF284601F0E4F82846B0EE85
:10208000408A01F0CDF8D0ED007AF8EE677A88EE5C
:10209000277A84ED0E7A02B0BDEC028BBDE8F087A2
:1020A00040F2011300918DF80610ADF80430B2E74C
:1020B00004F1300004F056FC072D11D049462046AB
:1020C00002F0D2FC0EB9002DD0D1504602F018F823
:1020D000404602F015F804F1120000F079F9C5E766
:1020E000002EF2D1C2E74946204602F0BDFCBDE712
:1020F0000508050905070506050A060610B584B09A
:1021000003460124ADF8040003A8ADF80C30ADF887
:102110000E4001F0F5FF214603A802F0DBF820464F
:1021200004F0FCFA002103A802F0D4F8204604F0E1
:10213000F5FA214603A802F0CDF804B010BD00BFA7
:1021400010B5C2F3002384B00C46017C8DF80D203D
:1021500043EA4402FA2402238DF80C2003AA0094D7
:1021600002F0CEFA18B10124204604B010BD044696
:102170000A2004F0D3FA204604B010BD034670B51F
:1021800043F8042B044684B007C983E80700A37909
:1021900083B91A210B461E22FA2523742046ADF876
:1021A0000C20022303AA009502F0AAFA28B101200C
:1021B00004B070BD1B210B46EDE70A2004F0AEFA17
:1021C0004FF4B85200950223ADF80C20204603AA24
:1021D000217C02F095FA0028E9D10A2004F09EFA49
:1021E00041F2027200950223ADF80C20204603AAAA
:1021F000217C02F085FA0028D9D10A2004F08EFA59
:10220000042200950223ADF80C20204603AA217C6D
:1022100002F076FA0028CAD10A2004F07FFA0622DA
:1022200000950223ADF80C20204603AA217C02F081
:1022300067FA0028BBD10A2004F070FA41F20822A4
:1022400000950223ADF80C20204603AA217C02F061
:1022500057FA0028ABD10A20064604F05FFA009531
:10226000022303AA217C2046ADF80C6002F048FA54
:1022700000289CD1304604F051FA009522790C23B5
:102280002046002A8DF80C3003AA4FF0020314BF39
:10229000622142218DF80D10217C02F031FA0028D4
:1022A00085D1304604F03AFA2279D4E902310B4361
:1022B000DBB20AB943F0400362790AB143F020036C
:1022C0000E22FA258DF80D302046009502238DF858
:1022D0000C2003AA217C02F013FA00287FF467AFD8
:1022E0000A2004F01BFA102200950223ADF80C20FE
:1022F000204603AA217C02F003FA00287FF457AF9E
:102300000A2004F00BFA122100950223ADF80C10FC
:1023100003AA217C204602F0F3F900287FF447AF9E
:102320000A2004F0FBF9012209212046FFF708FFEB
:10233000003818BF01203BE7F0B5102387B0234CCD
:10234000012200250126002702A920460195CDE99A
:1023500002234FF48052CDE904670BF00BFE64209A
:1023600005F0B6F902A94FF480522046CDE9046782
:1023700002261027CDE902670BF0FCFD0322102393
:1023800002A92046CDE9022300230422CDE904233B
:102390004FF480520BF0EEFD40F23223042202A9EA
:1023A000019310232046CDE90223019A01230592CF
:1023B0004FF4805204930BF0DDFD40F606012046F9
:1023C0000BF0F8FD284607B0F0BD00BF3CE4012447
:1023D0001C4B00221C494FF0400C30B5054689B01B
:1023E0000220596007219A601A620124DA620A22E7
:1023F0004FF4006EDC6006922022CDE9000104203B
:102400000821CDE9020103201021CDE904010820B3
:102410006946C3E904024FF4C072181DC3E906C23D
:102420004FF48052C3E909E20BF07AFD38B928462F
:10243000FFF782FF003818BF012009B030BD2046E9
:1024400009B030BD38E4012440410052614A002106
:10245000D0B513688EB00A91002B40F0B9805E4B66
:1024600001214FF683700C2411600221D3F8D4208F
:102470000026032742F48052C3F8D420D3F8D42096
:1024800002F480520092009AD3F8E02042F0100249
:10249000C3F8E020D3F8E02002F010020192019A84
:1024A000D3F8E02042F04002C3F8E020D3F8E02067
:1024B00002F040020292029AD3F8E02042F00802B1
:1024C000C3F8E020D3F8E02002F008020392039A58
:1024D000D3F8E02042F48072C3F8E020D3F8E02083
:1024E00002F480720492049AD3F8E02042F0800251
:1024F000C3F8E020D3F8E02002F080020592059AAC
:10250000D3F8E02042F02002C3F8E020D3F8E02026
:1025100002F020020692069AD3F8E02042F004026C
:10252000C3F8E020D3F8E0300C9403F004030793E1
:102530000323079A0B93CDE9080108A9274806F061
:102540004DFF48F23712022308A925480C94CDE923
:102550000823CDE90A6706F041FF4CF2037202231B
:1025600008A920480C94CDE90823CDE90A6706F0B4
:1025700035FF40F2FF62022308A91B480C94CDE905
:102580000823CDE90A6706F029FF4FF60C720223F3
:1025900008A916480C94CDE90823CDE90A6706F08E
:1025A0001DFF4FF63F02022308A911480C94CDE904
:1025B0000823CDE90A6706F011FF2022022308A9AB
:1025C0000A480C94CDE90A67CDE9082306F006FF16
:1025D0000EB0D0BD34E4012400440258001002586B
:1025E00000180258000C025800200258001C025823
:1025F000001402582DE9F04FDFF8108406460D460E
:10260000144608F118002DED028B89B000AF02F0DE
:10261000A3FED8F8183073B3D8F81C30D8F804905B
:10262000002B43690BBF4FF0080A4FF0100A4FF020
:10263000020B4FF0040BB9F1000F2AD0A200EA46BA
:10264000012B02F1070222F00702ADEB020D6846F2
:10265000ADEB020D694600F03F81022B00F0D68001
:10266000002B6FD02246C847D5462437BD46BDEC67
:10267000028BBDE8F08FD8F81C30002BF5D0D8F8CD
:1026800004904FF0080A4FF0020B4369B9F1000FB4
:10269000D4D1FB61D8F80030BB61002BE5D0D54820
:1026A00002F0CCFE6B46BBF1020F786108EE103AE7
:1026B000FB6900F083816A465146A2EBC40295464D
:1026C0006200EA46B2FBFBF2AAEBC40085460AEBC5
:1026D0008200EE46F861ADEB010DF8690EEB820C5D
:1026E000C7F810C0EC46ADEB010D00EB8201CCF851
:1026F0000400CCF8081001EB82013869E946CCF8F7
:102700000C1000EB8201CCF800A001EB8202C9E9B9
:1027100000E0C9E90212012B00F06483022B00F0F3
:102720006C82002B00F08081620849466046BB69DC
:10273000984718EE103A24379D46BD46BDEC028BF3
:10274000BDE8F08F002C8DD01A46D8ED0C6A9FEDB5
:10275000B27A8446331D36F922E00CF1080C07EEFC
:1027600090EA33F922E00232F8EEE77A944267EE1B
:10277000877A67EEA67A4CED027A07EE90EAF8EED9
:10278000E77A67EE877A67EEA67A4CED017AE2D8AF
:10279000F9612246C847984ED8ED0D6A0020F969C4
:1027A0002B1D9FED9E7A9FED9E6ADFED9E5A22E0E3
:1027B000F4EEC67AF1EE10FAC0F2C88447F6FE7263
:1027C000D1ED017A45F8202066EEA77AF4EEC77ABB
:1027D000F1EE10FA40F2F080F4EEC67AF1EE10FA63
:1027E000C0F2D58447F6FE7243F82020023008314B
:1027F00084427FF639AFD1ED007A66EEA77AF4EE27
:10280000C77AF1EE10FAD3D83246D9E7002C3FF45C
:1028100029AFD8ED0C6A84469FED787A0022331DEB
:102820008E4656F822100CF1080C07EE901A53F859
:1028300022100232F8EEE77A944267EE877A67EE6A
:10284000A67A4CED027A07EE901AF8EEE77A67EE78
:10285000877A67EEA67A4CED017AE2D87146224675
:10286000C7F81CE0C847664ED8ED0D6A0020F9692C
:102870002B1D9FED6A7A9FED6A6ADFF894C120E014
:10288000F4EEC67AF1EE10FAC0F279843246D1ED58
:10289000017A45F8202066EEA77AF4EEC77AF1EEC9
:1028A00010FA40F28780F4EEC67AF1EE10FAC0F228
:1028B0005E84324643F820200230083184427FF69D
:1028C000D3AED1ED007A66EEA77AF4EEC77AF1EED8
:1028D00010FAD5D86246DAE7002C3FF4C3AED8ED43
:1028E0000C6A86469FED477A4FF0000C331D56F870
:1028F0002C200EF1080E82F40002A2F5000207EE71
:10290000902A53F82C200CF1020CF8EEE77A82F4AE
:1029100000026445A2F5000267EE877A67EEA67AA8
:102920004EED027A07EE902AF8EEE77A67EE877AA4
:1029300067EEA67A4EED017AD9D8F9612246C847EA
:10294000314ED8ED0D6A0020F9692B1D9FED337AC9
:102950009FED336ADFF8BCC01FE0F4EEC67AF1EEFB
:1029600010FAC0F2FC833246D1ED017A45F82020FE
:1029700066EEA77AF4EEC77AF1EE10FA18D9F4EE03
:10298000C67AF1EE10FAC0F2DA83324643F820201C
:102990000230083184427FF667AED1ED007A66EEF0
:1029A000A77AF4EEC77AF1EE10FAD6D86246DBE7E2
:1029B0006246EBE762467DE7324615E7A100D64660
:1029C0006208073121F00701ADEB010DEA46ADEBDE
:1029D000010D6946ADEB0E0D0AEB8200EC46ADEB46
:1029E0000E0D01EB8202F861E946CCE900A0C9E9CD
:1029F000001290E68CE401240280FFFF000000300A
:102A00000082FF7F0000003482FF7F0070E4012419
:102A1000007E00807E0080FF0000003804FF7FBF42
:102A200004FF7F3F00FEFF46002C00F0C982BBF18F
:102A3000020FD8F8242000F0FA827969C7F80490D0
:102A400002EB810E5FED0C5A8A00DCF808100EF1E3
:102A500004007A611A46DCF80C303B61331DD7F86C
:102A600010903D61FD69C7E902CB8C46834636F97B
:102A70002210D8ED0C7A06EE101A33F9221006EE69
:102A8000901A3EF92210B8EEC66A07EE101AF8EE58
:102A9000E66A3BF92210B8EEC77A26EE256A66EEA2
:102AA000A56A27EE257A26EE276A66EEA76A27EE44
:102AB000277A07EE901A51080232F8EEE77A0AEB0D
:102AC0008100944280ED006A05EB810067EEA57AF3
:102AD000C0ED006A0CEB810009EB810180ED007A0A
:102AE00098ED0C7A67EE877AC1ED007ABFD8D7F8F7
:102AF00004903D69D7E902CB60466208BB6949464C
:102B00009847D8F82C307A69D8ED0D6A1A441FED31
:102B10003D7A1FED3D6A2B1D904602F1040A5FEDE0
:102B20003F5A0022A84ED9E900EC51E0F4EEC67AF3
:102B3000F1EE10FAC0F2C78247F6FE7045F82200A7
:102B40000CEB0100D0ED007A66EEA77AF4EEC77ABE
:102B5000F1EE10FA4BD9F4EEC67AF1EE10FAC0F2AB
:102B6000BA8247F6FE70BBF1020F43F822002BD069
:102B7000D9F808000844D0ED007A66EEA77AF4EEA2
:102B8000C77AF1EE10FA36D9F4EEC67AF1EE10FA01
:102B9000C0F2CD8247F6FE7048F82200D9F80C004A
:102BA0000144D1ED007A66EEA77AF4EEC77AF1EE31
:102BB00010FA1ED9F4EEC67AF1EE10FAC0F2AF8226
:102BC00047F6FE714AF82210023294427FF6B1AD08
:102BD00051080EEB81008900D0ED007A66EEA77AED
:102BE000F4EEC77AF1EE10FAA0D83046A6E73046E8
:102BF000B9E73146E6E73046CEE7002C00F0E08149
:102C0000BBF1020FD8F8243000F0E1817A69DCF8DA
:102C1000081003EB820EC7F804909300DFED6B5AA7
:102C20000EF1040000227B61DCF80C303B61331DA7
:102C3000D7F810903D61FD69C7E902CB8C46834609
:102C400056F82210D8ED0C7A07EE101A53F822101D
:102C5000B8EEC76A07EE101A5EF82210F8EEC76ADF
:102C600007EE101A26EE256A5BF82210B8EEC77A36
:102C700066EEA56A26EE276A27EE257A66EEA76A33
:102C800027EE277A07EE901A51080232F8EEE77A1B
:102C90000AEB8100944280ED006A05EB810067EE4B
:102CA000A57AC0ED006A0CEB810009EB810180ED93
:102CB000007A98ED0C7A67EE877AC1ED007ABFD87A
:102CC000D7F804903D69D7E902CB60466208BB693A
:102CD00049469847D8F82C307A69D8ED0D6A1A44DD
:102CE0009FED3E7A9FED3E6A131D9246DFF8E4C0E9
:102CF0000022FB612B1D364ED9E9008E4EE0F4EE2A
:102D0000C67AF1EE10FAC0F2FC81304645F8220096
:102D10000EEB0100D0ED007A66EEA77AF4EEC77AEA
:102D2000F1EE10FA49D9F4EEC67AF1EE10FAC0F2DB
:102D3000EF813046BBF1020F43F822002AD0D9F8C8
:102D400008000844D0ED007A66EEA77AF4EEC77A60
:102D5000F1EE10FA35D9F4EEC67AF1EE10FAC0F2BF
:102D6000C98130464AF82200D9F80C000144D1ED5F
:102D7000007A66EEA77AF4EEC77AF1EE10FA1ED961
:102D8000F4EEC67AF1EE10FAC0F2AD813146F86980
:102D900040F82210023294427FF6CBAC510808EB87
:102DA00081008900D0ED007A66EEA77AF4EEC77A4A
:102DB000F1EE10FAA3D86046A8E76046BAE761468C
:102DC000E5E76046CEE700BF0280FFFF000000306D
:102DD0000082FF7F007E00800000003404FF7FBF80
:102DE00004FF7F3F002C00F0EB807A690021D8F8C7
:102DF0002430C7F8109003EB820ED7F81C90930094
:102E0000FD610EF104021FED0C6A7B61331D154656
:102E100056F821204808D8ED0C6ABBF1020F82F465
:102E20000002A2F5000207EE902A53F8212082F456
:102E30000002B8EEE77AA2F5000227EE067A07EE66
:102E4000902A0AEB8002F8EEE77A27EE267A67EE00
:102E5000867A82ED007A09EB80024FEA800067EE05
:102E6000A67AC2ED007A27D05EF8212082F4000213
:102E7000A2F5000207EE902A55F8212082F4000204
:102E8000B8EEE77AA2F5000227EE067A07EE902A5E
:102E9000DCF80820F8EEE77A024427EE267A67EE9F
:102EA000867A82ED007A98ED0C7ADCF80C2067EED9
:102EB000877A0244C2ED007A02318C42A8D8D7F852
:102EC000109060466208BB694946FD699847D8F88A
:102ED0002C307A69D8ED0D6A1A441FED407A1FED47
:102EE000406A131D9246DFF8C4C20022FB612B1D0D
:102EF000AB4ED9E9008E4EE0F4EEC67AF1EE10FA50
:102F0000C0F2C580304645F822000EEB0100D0ED3E
:102F1000007A66EEA77AF4EEC77AF1EE10FA49D994
:102F2000F4EEC67AF1EE10FAC0F2BF803046BBF183
:102F3000020F43F822002AD0D9F808000844D0ED47
:102F4000007A66EEA77AF4EEC77AF1EE10FA35D978
:102F5000F4EEC67AF1EE10FAC0F2AE8030464AF8CE
:102F60002200D9F80C000144D1ED007A66EEA77A70
:102F7000F4EEC77AF1EE10FA1ED9F4EEC67AF1EE4D
:102F800010FAC0F28B803146F86940F82210023204
:102F900094427FF6CEAB510808EB81008900D0ED5A
:102FA000007A66EEA77AF4EEC77AF1EE10FAA3D8AB
:102FB0006046A8E76046BAE76146E5E76046CEE7C7
:102FC000224649466046BB699847FFF7B2BBC7F83F
:102FD00010B0002298ED0C6A331DDFED726AD7F84D
:102FE0001CB0786956F8221007EE901A53F8221098
:102FF000B8EEE77A07EE901A51080232F8EEE77A57
:1030000027EE267A0AEB810E94420BEB810167EEE4
:10301000A67A27EE067A67EE867A8EED007AC1ED03
:10302000007ADFD88300D7F810B07B614DE61A46EE
:10303000C7F810B098ED0C6A331DDFED5B6AD7F866
:103040001CB0786936F9221007EE101A33F92210F5
:1030500007EE901AB8EEC77A51080232F8EEE77A16
:1030600027EE267A0AEB810E94420BEB810167EE84
:10307000A67A27EE067A67EE867A8EED007AC1EDA3
:10308000007ADFD88300D7F810B07B6134E5F0EE2A
:10309000675AFEEEE45A15EE900A34E7F0EE675AEE
:1030A000FEEEE45A15EE901A6EE7F0EE675AFEEE69
:1030B000E45A15EE900A3AE7F0EE675AFEEEE45A4B
:1030C00015EE900A4BE767EEA57AFDEEE77A17EE6C
:1030D000900A00B232E567EEA57AFDEEE77A17EEC8
:1030E000900A00B23FE5F0EE675AFEEEE05A15EEA8
:1030F000901A4CE6F0EE675AFEEEE05A15EE900A92
:1031000030E6F0EE675AFEEEE05A15EE900AFDE565
:10311000F0EE675AFEEEE05A15EE900A0AE667EE08
:10312000A57AFDEEE77A17EE901A09B24AE567EE46
:10313000A57AFDEEE77A17EE900A00B22CE5F0EEE4
:10314000675AFEEEE45A15EE902A1FE467EEA57A60
:10315000FDEEE77A17EE902A12B2FFF731BBF0EEE0
:10316000675AFEEEE45A15EE902AFFF7FDBBF0EE2B
:10317000675AFEEEE05A15EE902AFFF79BBBF0EE81
:10318000675AFEEEE05A15EE902AFFF780BB67EE15
:10319000A57AFDEEE77A17EE902A12B2FFF724BB6C
:1031A00082FF7F0000000030000000387E0080FFBA
:1031B00030B5184C154685B0046004F1080EEC4695
:1031C0000FC98EE80F00D4ED047AF5EEC07A8CE8D2
:1031D0000F00F1EE10FA1ADDB7EE006A94ED057AF1
:1031E00027EE277AC6EE276A84ED0D7AC4ED0C6AC5
:1031F0006DB1204640F8185F02F0AEF80649036949
:103200000020064A2162A262E36005B030BD0120C1
:1032100005B030BD70E40124402000304000003093
:1032200000680830704700BFB1F5807F03680A4628
:1032300028BF4FF48072B1F5807F9A6094BF002060
:10324000012070470068183002F0E6B830B5046815
:1032500083B00D46E3694BB1A3680020E26A616A5E
:103260009B00009004F11C0002F078F8A368074866
:10327000A26A9B00216A009004F1180002F06EF827
:103280000020C4E9005003B030BD00BFF5250008A0
:1032900010B4074B4FF07E513024002203201961F7
:1032A0009C60D8605DF8044B5961C3E90622704701
:1032B00070E4012430B585B004460025ADF80C104B
:1032C000ADF80820ADF8043003F026FABDF80C2064
:1032D0004FF48073206004F118002283BDF80820A9
:1032E0006383E383A283257100F00AFF04F11C00CD
:1032F00000F006FF9FED060A019904F1080000F0B6
:10330000D7F94FF6FF736562238405B030BD00BF67
:1033100000000000F8B5044603F0FEF9002623681B
:103320002671834205D104F10800BDE8F84000F0A1
:10333000D9B9012794F82050206004F11800BD404D
:10334000277100F0B9FF6DB2284394F82150BD40B9
:1033500084F8200004F11C0000F0AEFF94F8203047
:103360006DB2666203F003032843022BC0B284F8F7
:10337000210009D000F003000228D4D1002BD2D1C3
:103380004FF0FF336362CEE78307CCD16762CAE7B1
:10339000704700BFF8B5134F3C687F2C07D98023D6
:1033A000114A42F224411C463B60A2F87E100F4DA8
:1033B0002B68012B0AD90C4E0D4D2246314628466A
:1033C00000F046FA0028F8D13860F8BD22460649D8
:1033D000074800F03DFA0028F7D12B683860013328
:1033E0002B60F8BDACE40124B0E40124A8E401247E
:1033F00030E5012430B4154C2168F1B14B1E144D59
:10340000E81810F801298C4619460A2A01D00D2A1D
:1034100002D14BB1013BF4E70CF102037F2B10D931
:103420008023236030BC70470122022323600D20DB
:103430000A236854AB5430BC704701220223044D68
:10344000F4E70CF101026146F0E700BFACE40124AF
:10345000B0E4012410B5094C02460B460848216827
:103460000844C1F1800111F07BFA23681844206000
:10347000FFF7C0FFFFF78EFF10BD00BFACE40124D3
:10348000B0E401240FB400B583B004A951F8040BD3
:103490000191FFF7DFFF03B05DF804EB04B0704764
:1034A00010B5044600210A4800F04CF9002C094BE5
:1034B00014BF0222002208481A60FFF7E3FF074802
:1034C000FFF7E0FF0A20BDE8104003F027B900BF76
:1034D00030E50124A8E40124705E0108805E010843
:1034E000064A0749074808B510F0D6FC034A0449C4
:1034F0000548BDE8084010F0CFBC00BF0000002424
:103500009133000830E5012434E50124074A11888D
:1035100030B481800024064D91884FF4807285601C
:103520000460C180C26030BC704700BFDC5A010833
:103530004040003038B50446104694F895301942A2
:10354000237815D0032B19D094F89820002594F8EF
:1035500096300A4025700B40A26001F0F8021B096A
:10356000F82A237100F08680092B73D9002038BD1A
:10357000032BFBD8DFE803F0112A5102F7291CD0F6
:1035800094F98E2094F88E30002AEFDBE218013394
:103590000020917384F88E3038BD94F8942094F80C
:1035A000973022711940131F012B217305D994F80C
:1035B0008F3003F0FD03012B45D10023237018B198
:1035C0009022211D11F076F8012038BD94F8973033
:1035D00094F894201940131F2173012B05D994F8F6
:1035E0008F3003F0FD03012B29D100232370002825
:1035F0004CD09022211D11F05DF894F89420012008
:10360000032AB4D1237B772BB1D90922783B2271CD
:1036100084F8942084F8913038BD94F8973094F869
:1036200094201940012A617300D181B118B1902210
:10363000211D11F03FF800230120237038BD022323
:1036400000202370DCE702230020237038BD002314
:103650002371EBE70122072B227019D101F0070338
:10366000A56084F88F30CBB90322184684F88E30D9
:10367000227038BD0823237194F899300022194034
:10368000227084F8901000289AD19DE70120B7E7B6
:10369000082BF1D0284684F8943038BD4B077FF5CD
:1036A00065AF8AE700220A2302700371704700BFEA
:1036B00070B5044682B0C1F30726CDB2ADF8041050
:1036C00003F02AF84FF480724FF001232060A01D10
:1036D000A571A280E671A36002B0BDE8704000F061
:1036E0000FBD00BF38B5044603F016F8002223686A
:1036F0002271834210D00122A57AE37A954020609E
:103700002271A01D6DB243B900F0D6FD40B228432E
:10371000C0B27F28A0720AD038BD00F0CDFDB0FA4B
:1037200080F040092843C0B27F28A072F4D102F093
:10373000F3FF07EE900AF8EE677AC4ED037A38BD1E
:10374000704700BF012910B506D0022915D051B12C
:10375000BDE8104007F024BD0A46344834490DF056
:10376000BFFCE8B1FEE7334B0A46334C33493448DB
:103770001C600DF0B5FC68B1FEE701222C492B4816
:103780000DF0AEFC00B1FEE72E4928480DF0CAFC52
:10379000C0B1FEE72B492A480DF0C4FC60B1FEE73A
:1037A000284922480DF0BEFC00B1FEE726491F481B
:1037B0000DF046FC08B3FEE7244921480DF040FC1B
:1037C000A8B1FEE7204919480DF03AFC00B1FEE728
:1037D00016480DF0BDFC024640B9164B164C174971
:1037E00017481C600DF07CFC68B1FEE7FEE714484A
:1037F0000DF0AEFC0028ABD0FEE70C480DF0A8FCA5
:103800000028A5D0FEE70F490D480DF08BFC00B154
:10381000FEE70E490A480DF013FC00B1FEE7084828
:103820000DF096FC002893D0FEE700BFD4E70124FA
:103830009002002470EA0124413700087402002439
:1038400038E50124F8020024540200244402002434
:10385000084691B208B503F037FA003818BF0120C6
:1038600008BD00BF014806F079BF00BFD024022484
:10387000014806F073BF00BFD0240224014806F0BF
:103880006DBF00BFD024022400B583B04FF0000EFE
:103890004FF0030C4274ADF80410BDF8043080F80A
:1038A00010E0A0F802C0038003B05DF804FB00BF85
:1038B0002DE9F04FDFF81C8300258DB0C04C03705C
:1038C00008F140034260074601920E462022294635
:1038D0004046C4F86831C4F86481CDE90255CDE9A9
:1038E0000455CDE90655CDE90855CDE90A5510F046
:1038F000EFFE2022294604F5A170C4F83151C4F826
:103900003551C4F83951C4F83D5110F0E1FE019B26
:1039100084F8485284F830317A68002A6AD02B46FD
:1039200004F59871454606F1100A9E46F01856F8BF
:1039300003B0E2180EF1010ED0F80CC0D0F80490DC
:10394000D0F8088044F803B0C2F80CC04FF0000C67
:10395000C2F80490C2F80880008A25F802CB1082D1
:103960001AF8032001F8012F002A70D07A684FF06E
:1039700001001233724584F84802D7D84FF48022F0
:1039800090489DF8043008214FF000084FF00009DE
:10399000C4F884310023C4E95B020122C4F8743105
:1039A00084F88031C4E95E2194F84812C4E964893E
:1039B000A9B3C4F89821002284F8813184F88831B1
:1039C0003B78C4E96722002B38D001220020012176
:1039D000013B84F8A421C4E96C01082B30D8DFE84E
:1039E00013F0BD00C200C700CC00D100D600DB0040
:1039F000E100E8009DF804300121C4F87421C4F806
:103A000084314FF4802384F880216E4AC4E95B231B
:103A100008230022C4E95E130023C4E964230123C0
:103A2000002284F88131002384F888310323C4F80C
:103A300098313B78C4E96722002BC6D184F8A431C1
:103A4000614804F07DFA034638B1FFBEFEE77A68AC
:103A5000123372453FF66AAF90E702A95A480293C3
:103A600004F0CCFB8246002876D1042240F2FF719C
:103A70000A90CDE9081294F83021002A00F0F38072
:103A80004FF006080AEBCA034FEACA0904EB4303E6
:103A90005B7C072B07D8DFE803F0595C5653504D89
:103AA0004A04072307930FFA8AF6D14406EBC606A9
:103AB00004EB490904EB46077500384600F020FB8B
:103AC00099F81030042B00F3AA80022B00F3BD807C
:103AD00000F0B98004EB0A03002283F8202114F8D7
:103AE0001630002B78D0022B00F08A80012B40F09A
:103AF000B2807B78012B00F0B080002B334B18BFD5
:103B0000002305A93048CDE9053803F045FE00281B
:103B100040F0AC800AF1010A94F830315FFA8AFA79
:103B2000534540F2A0802A4B53F82A80AAE7062387
:103B30000793B8E705230793B5E704230793B2E794
:103B400003230793AFE702230793ACE70023079310
:103B5000A9E701230793A6E7FFBEFEE70322402360
:103B6000C4E96A236CE707226023C4E96A2367E794
:103B70000F228023C4E96A2362E71F22A023C4E93D
:103B80006A235DE73F22C023C4E96A2358E77F2206
:103B9000E023C4E96A2353E7FF224FF48073C4E9AA
:103BA0006A234DE740F2FF124FF49073C4E96A2391
:103BB00046E740F2FF324FF4A073C4E96A233FE7BF
:103BC00078EA012400200240E4EB01240002B02541
:103BD000905E0108404100307B78062B37D0072BE0
:103BE0003DD0022B4AD0032B4AD0002B4CD0012BC6
:103BF00048D0042B4AD0052B254B18BF002380E763
:103C00007B78042B25D0052B2BD08BB3012B31D007
:103C1000022B31D0032B1F4B18BF002371E7032366
:103C2000043504EB0A0B4FF0000925448BF82031D2
:103C3000284609F1010900F063FA9BF820310435A8
:103C40004B45F5DC4BE70123EAE70223E8E7124B9B
:103C500057E7124B55E7002353E7114B51E7114B40
:103C60004FE7114B4DE70DB0BDE8F08FFFBEFEE70B
:103C70000E4B46E70E4B44E70E4B42E70E4B40E738
:103C80000E4B3EE70E4B3CE70E4B3AE70E4B38E748
:103C90000000B84F002090360800900C1000C010B3
:103CA0002000F0148000501D000180210004002A33
:103CB0000008302E001060320040C03A0080F03E14
:103CC00000005247000021430000844B38B5094CE6
:103CD00040F2FF724FF0011104F5B675284604F06A
:103CE0003BFA94F83021D4F864112846BDE83840F6
:103CF00003F0A6BF78EA0124064B0F29D3F86431FC
:103D000098BF03EB41031B8800EE103ABBEEC80AD4
:103D1000704700BF78EA0124214B02689A4200D024
:103D20007047204A00232048D2F8D81030B51F4CE5
:103D300041F0200183B0C4F8D001092004F5E875F2
:103D4000C4E975034FF48060C2F8D810D2F8D820C7
:103D50004FF40061C4E9773094F8480202F0200281
:103D6000C4F8E4114FF40051984201922846C4F877
:103D7000E811C4E97C33019B14BF00234FF4807326
:103D8000C4F8EC3104F060FC08B1FFBEFEE704F5B6
:103D9000B673C4F8B851C4F8083203B030BD00BFE0
:103DA00000200240004402584000024078EA01240A
:103DB000014804F0C1BF00BF48EC012402682DE9AE
:103DC000F84F4B4B9A4201D0BDE8F88F494D95F81A
:103DD0004832002BF8D095F83031002B77D00024F2
:103DE00005F10C0905F5A17605F59877A04613E0D5
:103DF00003F0010117F811BCA9F1080000F06AFAFC
:103E0000BBF1010F25D895F83031013409F11209C1
:103E10000236A2B293422BD917F8012F002AF4D010
:103E2000D5F864310021327833F81400D5F86831C0
:103E300003EB041323F81200338801339BB2338061
:103E40005FFA83FA3A789A42D2D88A46A6F8008076
:103E5000D0E7CAF34001A9F1040000F03BFABBF13E
:103E6000020FCAF38001CED0484600F033FACAE709
:103E7000002395F84802204909229842C5F8D83114
:103E80004FF48060C5F8D011C5F8D4214FF400611B
:103E90004FF40052C5F8DC3108BF4FF48073C5F809
:103EA000E821C5E9780100221448C5E97B32C5F84C
:103EB000F42104F0C9FB08B1FFBEFEE795F83021FC
:103EC000D5F864110E48BDE8F84F03F0B9BE0A49B1
:103ED00009224FF48060C5F8D831C5E974124FF457
:103EE00000614FF40052C5E97730C5E97912DAE78D
:103EF0000020024078EA01244000024048EC0124FE
:103F0000E4EB0124704700BF10B592B0ADF8041087
:103F10000180C9B2149C0B29C460C0E901233FD0C1
:103F200090F801C0BCF10F0F3AD8022A3FD0032A03
:103F300002D0012A00D000220E92012B02D0022BC7
:103F400018BF0023022C0F932CD0032C2AD0012C55
:103F500028D000230A29109327D85C4A02EB81223B
:103F600002610A2914D8DFE801F0A39587796B5D17
:103F70004F4133250600564BD3F8E01041F48061E1
:103F8000C3F8E010D3F8E03003F480630C930C9B8B
:103F900001230DA9104603FA0CF30D9305F01EFA48
:103FA00012B010BD0A291094D7D90022D8E71122E7
:103FB0000E92C2E7464BD3F8E01041F40071C3F80B
:103FC000E010D3F8E03003F400730B930B9BDFE7B2
:103FD0003F4BD3F8E01041F48071C3F8E010D3F800
:103FE000E03003F480730A930A9BD1E7384BD3F88F
:103FF000E01041F08001C3F8E010D3F8E03003F0A6
:1040000080030993099BC3E7314BD3F8E01041F0DB
:104010004001C3F8E010D3F8E03003F04003089308
:10402000089BB5E72A4BD3F8E01041F02001C3F814
:10403000E010D3F8E03003F020030793079BA7E7D5
:10404000234BD3F8E01041F01001C3F8E010D3F88F
:10405000E03003F010030693069B99E71C4BD3F85E
:10406000E01041F00801C3F8E010D3F8E03003F0AD
:1040700008030593059B8BE7154BD3F8E01041F03F
:104080000401C3F8E010D3F8E03003F00403049314
:10409000049B7DE70E4BD3F8E01041F00201C3F81A
:1040A000E010D3F8E03003F002030393039B6FE7C3
:1040B000074BD3F8E01041F00101C3F8E010D3F84A
:1040C000E03003F001030293029B61E70000025815
:1040D0000044025808B5012143780069994089B22B
:1040E00005F084FB003818BF012008BD01230A46F3
:1040F0004178006903FA01F189B205F07DBB00BF88
:104100008378022B30B504468FB037D0032B33D0E1
:10411000012B31D000230A93E378012B2AD0022B04
:1041200028D000230B93002320460C9303F0AEF914
:104130000546204603F0B2F923780990082B13D8DE
:10414000DFE803F01F3245586B7E91A40500594B00
:10415000D3F8E02042F48072C3F8E020D3F8E030D6
:1041600003F480730893089B09A9284605F036F9E3
:104170000FB030BD0B93D6E70A93CDE711230A9316
:10418000CAE74C4B09A92846D3F8E02042F00102C7
:10419000C3F8E020D3F8E03003F001030093009B64
:1041A00005F01CF90FB030BD424B09A92846D3F8E1
:1041B000E02042F00202C3F8E020D3F8E03003F040
:1041C00002030193019B05F009F90FB030BD394B93
:1041D00009A92846D3F8E02042F00402C3F8E02001
:1041E000D3F8E03003F004030293029B05F0F6F8E5
:1041F0000FB030BD2F4B09A92846D3F8E02042F07C
:104200000802C3F8E020D3F8E03003F0080303937A
:10421000039B05F0E3F80FB030BD264B09A92846F3
:10422000D3F8E02042F01002C3F8E020D3F8E030E9
:1042300003F010030493049B05F0D0F80FB030BDD9
:104240001C4B09A92846D3F8E02042F02002C3F80D
:10425000E020D3F8E03003F020030593059B05F040
:10426000BDF80FB030BD134B09A92846D3F8E020A4
:1042700042F04002C3F8E020D3F8E03003F04003FE
:104280000693069B05F0AAF80FB030BD094B09A9AB
:104290002846D3F8E02042F08002C3F8E020D3F8AB
:1042A000E03003F080030793079B05F097F80FB009
:1042B00030BD00BF0044025838B5054603F0E6F8AB
:1042C0000446284603F0EAF801462046BDE8384097
:1042D00005F08CBA70B506460D4603F0D7F80446D3
:1042E000304603F0DBF82A1E0146204618BF0122A3
:1042F000BDE8704005F080BA0023122270B586B088
:10430000CDE9022304930368032B01D8042305930A
:10431000061D841D304603F0B9F80546304603F00B
:10432000BDF8034601A92846019305F057F8204639
:1043300003F0ACF8034620461C4603F0AFF801A991
:1043400003462046019305F049F806B070BD00BF52
:10435000634A0368934210B58CB028D0614A9342F7
:1043600058D0614A934200F09480604A934201D051
:104370000CB010BD5E4C5F48D4F8E03043F002034F
:10438000C4F8E030D4F8E03003F002030A930A9B4B
:10439000FFF7B2FFD4F8F43043F08003C4F8F430F0
:1043A000D4F8F43003F080030B930B9BE0E7504C00
:1043B0005148D4F8E03043F00203C4F8E030D4F8B8
:1043C000E03003F002030193019BFFF795FFD4F85F
:1043D000E83000221F2043F400131146C4F8E830EF
:1043E000D4F8E83003F400130293029BD4F8D830D9
:1043F00043F00103C4F8D830D4F8D83003F00103F7
:104400000393039B03F06EFF1F200CB0BDE8104028
:1044100003F0A6BF364C3948D4F8E03043F08003AF
:10442000C4F8E030D4F8E03003F080030493049B38
:10443000D4F8E03043F00203C4F8E030D4F8E030C0
:1044400003F002030593059BFFF756FFD4F8E8300D
:104450000022212043F480031146C4F8E830D4F848
:10446000E83003F480030693069BD4F8D83043F079
:104470000103C4F8D830D4F8D83003F0010307930F
:10448000079B03F02FFF21200CB0BDE8104003F084
:1044900067BF1B48FFF730FF154B00224820D3F8B9
:1044A000E840114644F40004C3F8E840D3F8E8407B
:1044B00004F400040894089CD3F8D84044F00104A4
:1044C000C3F8D840D3F8D83003F001030993099B0F
:1044D00003F008FF48200CB0BDE8104003F040BFD7
:1044E0000054004000580040005C0040001C005890
:1044F0000044025850EF0124C8EC0124A0ED01242F
:1045000078EE01242DE9F0431A4B87B000254FF0D7
:1045100010099E46EC46184BFF22E04667461A708B
:104520000EF118060EF13004CDE90055CDE9025523
:10453000ADF80090BCE80F00CDE90455AEE80F00DF
:104540009CE803000095ADF800908EE80300B8E801
:104550000F000FC69CE803000095ADF8009086E8B8
:1045600003000FCF0FC49CE8030084E8030007B0EA
:10457000BDE8F08304000024C4EC012410B5EFF37F
:10458000108472B6084B1A78120602D504B962B6C6
:1045900010BD1B78D82205485BB202FB0300143023
:1045A00004F0CAFBF2E700BFC4EC0124C8EC01240C
:1045B000014805F0B9BF00BF54ED0124014805F0E2
:1045C000B3BF00BF2CEE0124014805F0ADBF00BF12
:1045D00004EF01242DE9F0430F68D8243F4D85B046
:1045E00007FB04F4032F05EB0403036040DCCB68F6
:1045F0000E46012B3CD84DD04FF0D808B646DFF818
:10460000FC9008FB0758BEE80F00C446ACE80F005A
:10461000DEF800300DF1100ECCF80030D8F808C0EC
:1046200099E80F000EE90F000EEB8703BCF1010FB4
:1046300053F8103CC8F88C3031D0BCF1020F42D096
:10464000BCF1000F35D0317C8C34D82300220120FE
:104650002C4403FB07534900C3E92602C3F8941016
:104660002046C3E92822C3E92A2205F04FFD18B1EC
:10467000012005B0BDE8F0830146204605F060FF4B
:104680000028F5D10146204605F084FF003818BF08
:104690000120EEE70B7C103B672BADD9E8E702F079
:1046A000D7F90F4B98420CBF0E4B0F4BC8F8903008
:1046B000C9E702F0CDF90A4B98420CBF0B4B0C4BEB
:1046C000C8F89030BFE702F0C3F9054B98420CBF21
:1046D000084B094BC8F89030B5E700BFC8EC01247F
:1046E000000E27072D0FB0303211D0205F439060AD
:1046F0008A62E030200BA0101A098010E45A0108E9
:104700002DE9F041D0F8008082B00D4617461E46D4
:1047100008F18C04204605F00FFF2028FAD1D8F8C4
:104720000C3073B96D002046089C33463A46A9B256
:10473000009405F041FD003818BF012002B0BDE82B
:10474000F081089B32463946204605F009FEF2E723
:10475000044B10221A7483F8E82083F8C02183F8F0
:1047600098227047C8EC012430B5002395B04FF46F
:104770008071062204460B9306921393CDE90C1325
:10478000CDE90E33CDE9113302F064F907282BD0BF
:1047900004F1100541F2883206A9284606F04CFEC5
:1047A00028B10123184684F85C3015B030BD0222D0
:1047B000022306A92846CDE9002310220123CDE9D2
:1047C000022300224FF48003CDE9042305224FF099
:1047D000807306926A460F9341F2883306F098FF81
:1047E0000028DED115B030BD0323012084F85C30F1
:1047F00015B030BD0000000070B50023A4B04FF02C
:1048000080724FF480750446ADF806300D93CDE903
:1048100010320122CDE90E53CDE91223CDE9143334
:10482000002943D0F02300F1100508AEADF80630A2
:10483000C02341F2883231462846089306F0FCFD39
:1048400028B10123184684F85C3024B070BD41F2D1
:1048500088320DF10601284606F058FE034600286E
:10486000EFD105224FF480711E93284616924FF027
:1048700080721B9321931F9202AA9FED1F7BCDE9AB
:104880001C13CDE922338DED027B9FED1D7B41F2A0
:10489000883316A98DED047B9FED1B7B8DED067B88
:1048A00006F036FF0028CCD124B070BD00F1100511
:1048B00008AE612341F2883231462846089306F05B
:1048C000BBFD0028BDD141F288320DF1060128461A
:1048D00006F09AFE0028B4D1BDF80630204623F039
:1048E000780343F04003ADF80630FFF73DFF0028A2
:1048F0009ED0A6E7AFF3008000000000010000009A
:104900001000000001000000000000000000400056
:104910002DE9F04F00234FF4807501264FF0807889
:1049200004462DED028BABB08DF807301393219325
:10493000299314950E96CDF85C80CDE91533CDE919
:104940001863CDE91A33CDE92253CDE92433CDE9FB
:10495000273306231C9302F07DF8072808D004F1C2
:10496000100741F288321CA9384606F065FD40B1B7
:104970000123184684F85C302BB0BDEC028BBDE8F7
:10498000F08F4FF0020A4FF0020B4FF0050941F291
:10499000883308AA1CA93846CDF89480CDF87090C9
:1049A0009FED2D8BCDE908AB4FF0000A4FF4800B43
:1049B0008DED0A8BCDE90CAB06F0AAFE0028D7D10D
:1049C00041F2883238460EA906F036FD0028CFD1D4
:1049D000402341F288320DF1070138468DF8073047
:1049E00006F094FD0028C3D141F288330EA902AA33
:1049F0003846CDF83890CDF85C809FED197B8DED71
:104A0000048BCDE906AB8DED027B06F081FE0346FB
:104A10000028ADD1CDF870904FF00109CDF8948009
:104A20004FF00008219308AA29931CA93846229523
:104A3000CDE92333CDE9273341F288338DED0A8B5D
:104A4000CDE90CABCDE9088906F062FE002893D0D1
:104A5000304684F85C608FE7100000000100000021
:104A600040000000400000002DE9F043624CA3B07C
:104A70000D46046001F0EEFF072800F0A9802868C9
:104A800023466968AA6807C31E46AB8926F8043B1B
:104A90003046257B677B06F0B1FCE0B9574B012D12
:104AA0004FF00108E061236114BF4FF480134FF40D
:104AB0000003C4E9058893FAA3F3B3FA83F34FF430
:104AC0008079013BC4F82490C4E90B00304623628E
:104AD00006F028FC38B10122134684F85C20184601
:104AE00023B0BDE8F08366230B90139041F2883227
:104AF00006A90693CDE90C90CDE90E00CDE9110091
:104B0000304606F099FC0028E5D1992341F288321D
:104B100006A93046069306F08FFC0028DBD105235A
:104B20001C9019906A4614934FF08073219014A939
:104B30001D9341F288339FED2A7BCDE91A90CDE990
:104B40001F008DED007B9FED287B30468DED027BB5
:104B50009FED277B8DED047B06F0DAFD0028BAD1AE
:104B600029462046FFF748FE0028B4D12046FFF72B
:104B7000CFFE03460028AED1002FB0D118933046A7
:104B80000027002606AA14A9CDF86890CDE91F33A6
:104B9000EB2314934FF440631B934FF4005317938C
:104BA0004FF440431C93A0231693062319934FF010
:104BB000805321934FF04073CDE906671D9306F0B3
:104BC0001FFE034600288AD0434684F85C8086E7AF
:104BD00001230322184684F85C2023B0BDE8F0834B
:104BE00000000000010000001000000001000000B3
:104BF000000000000000400028F001240050005296
:104C00002DE9F04F8FB0414B0024026800AF9A426B
:104C10007C63C7E90944C7E90B4403D03C37BD4670
:104C2000BDE8F08F3A4B40F609213A48EB46D3F8FD
:104C3000D42007F11C0607F1220A4FF0020942F4C2
:104C400080424FF00308C3F8D420D3F8D42002F4F4
:104C50008042BA60BA68D3F8E02042F04002C3F85C
:104C6000E020D3F8E02002F04002FA60FA68D3F8BE
:104C7000E02042F02002C3F8E020D3F8E02002F068
:104C800020023A613A69D3F8E02042F01002C3F8FA
:104C9000E020D3F8E02002F010027A617A69D3F8BC
:104CA000E02042F00202C3F8E020D3F8E030F861DF
:104CB00003F002033984BB61174B7B60BB697B68DF
:104CC00053F8040F7B6002F0E1FB7B68054618682F
:104CD00002F0E4FB16F8013B786207F12401284654
:104CE000C7F830807B63C7E90A9404F077FB564528
:104CF000E5D100225C20114603F0F4FA5C2003F0B9
:104D00002FFB3C37DD46BD46BDE8F08F005000521A
:104D1000004402580A0A090984F00124114B026870
:104D20009A4200D07047104A70B5D2F8D4300F4C78
:104D300023F4804304F11806C2F8D43054F8040F69
:104D400002F0A4FB0546206802F0A8FB01462846B5
:104D500004F084FCB442F1D15C20BDE8704003F063
:104D60000DBB00BF005000520044025884F00124E3
:104D7000014806F0D1BD00BF38F00124084B1A1DD0
:104D8000981D03F1080110B49C1C9A6603F10A02F5
:104D9000C3E91834C3E91B015DF8044B5A67704737
:104DA00028F0012438B5036871B9026A00F12805BA
:104DB00000F5AC74012A0CBF002140218BBB1D4BB8
:104DC0005722C0F858310DE0426A00F1C00500F5E5
:104DD000E874012A0CBF00214021EBB1164B5A2286
:104DE000C0F8D03100232046C4E901214FF480529D
:104DF0004FF48061636262614FF48042C4E9033121
:104E00004FF48073C4E906234FF40033236203F0A8
:104E10001BFC58B1FFBEFEE7084B5822C0F8D0314A
:104E2000E0E7074B5922C0F85831DBE7C5E92044D9
:104E3000A56338BD10000240700002402800024007
:104E4000580002402DE9F043821D05468BB0031D3A
:104E500005F10A010830CDE9052305F10C02AB6923
:104E6000CDE907010992002B3DD0EB69B3FA83F835
:104E70004FEA58180123022205AE0AAF4FF0060987
:104E80000393CDE9012356F8044B2B792278934202
:104E900016D02B68F3B1012B02D1F2B10A2304938F
:104EA000204602F0FBFA03462046009302F0EEFA99
:104EB000694604F093FABE42E5D10BB0BDE8F08339
:104EC000697963789942E4D1B8F1000FF3D02B6887
:104ED000002BE0D1CDF81090E2E76378022B14BFED
:104EE0000A230823DBE74FF00108C3E7534A0368AE
:104EF000934230B505468BB055D02032934252D004
:104F00004F4A934204D02032934201D00BB030BDBF
:104F10004C4C4D48D4F8E03043F00103C4F8E03085
:104F2000D4F8E03003F001030593059BD4F8E0309A
:104F300043F00803C4F8E030D4F8E03003F008038D
:104F40000693069BD4F8E03043F04003C4F8E03009
:104F5000D4F8E03003F040030793079BD4F8F03017
:104F600043F40003C4F8F030D4F8F03003F4000345
:104F70000893089BFFF766FFD4F8D830296843F000
:104F800001032F4A3048C4F8D830891AD4F8D830F1
:104F900018BF012103F001030993099B0BB0BDE881
:104FA0003040FFF7FFBE274C2848D4F8E03043F0EC
:104FB0000103C4F8E030D4F8E03003F001030093BB
:104FC000009BD4F8E03043F01003C4F8E030D4F88C
:104FD000E03003F010030193019BD4F8E03043F07C
:104FE0004003C4F8E030D4F8E03003F0400302930B
:104FF000029BD4F8F03043F48003C4F8F030D4F8C6
:10500000F03003F480030393039BFFF71BFFD4F8F6
:10501000D830296843F00103084A0C48C4F8D83056
:10502000891AD4F8D83018BF012103F00103049382
:10503000049B0BB0BDE83040FFF7B4BE04580140FC
:10504000045C014000440258FCF20124A0F0012459
:10505000014803F071BE00BFF8F10124014803F0DC
:105060006BBE00BF70F20124014803F065BE00BFB3
:1050700054F40124014803F05FBE00BFCCF40124C6
:105080001A4A0368934210B40BD02032934208D0DE
:10509000174A934216D02032934213D05DF8044B46
:1050A0007047144B0022D3F85442C3F85822002C06
:1050B000F4D0D3F84802D3E9931223465DF8044BA9
:1050C000520818470B4B0022D3F8B044C3F8B4245D
:1050D000002CE3D0D3F8AC24D3F8A814D3F8A4045C
:1050E000520823465DF8044B184700BF045801409E
:1050F000045C0140A0F00124184A0368934210B4F4
:105100000BD02032934208D0154A934217D0203258
:10511000934214D05DF8044B7047124BD3E99424AA
:105120005208C3F85822002CF4D0D3E99201234648
:1051300001EB820100EB82005DF8044B1847094B3C
:10514000D3F8AC24D3F8B0445208C3F8B424002CEC
:10515000E0D0D3F8A814D3F8A404E8E70458014039
:10516000045C0140A0F001242DE9F04F0C684FF4DD
:105170001776754F87B004FB06F6012C07EB060A7D
:10518000C0F800A000F3A0800D468E464FF0000846
:10519000D44669A3D3E9002369A1D1E90001CDE98F
:1051A000022306ABCAF8508203EB8403CDE9040165
:1051B00053F810BC53F8083CCAE992880193BEE842
:1051C0000F00ACE80F00BEE80F00ACE80F00019B39
:1051D0009EE80300CAF828B0CAF8C0308CE8030083
:1051E0002B69042B0CD8DFE803F0737D8791030053
:1051F0004FF41773554A03FB04739A64C3F8E02015
:10520000AA692B6A002A43D0002B4FF4177308BFFA
:10521000022203FB047318BF0322DA6201221A631D
:10522000EA696B6A002A40D1191E4FF4177318BF40
:10523000012103FB0473C3E931126B69022B05D80A
:10524000434A12F80380434A52F823904FF41773ED
:1052500006F128004246494603FB04740023384403
:1052600063646363E365C4F8DC30C4F8CC30C4F82D
:10527000F430C4E90F33C4E91533C4E93533C4E964
:105280003B33022308F0EAFB002849D0FFBEFEE7CB
:10529000191E4FF4177318BF012103FB0473C3E9F0
:1052A0000B12EA696B6A002ABED0002B4FF4177309
:1052B00008BF022203FB047318BF0322C3F8C420F3
:1052C0000122C3F8C820B8E7012007B0BDE8F08F7D
:1052D0004FF417734FF4FA5203FB04739A64C3F844
:1052E000E0208DE74FF417734FF47A5203FB0473F9
:1052F0009A64C3F8E02083E74FF417734FF4FA423F
:1053000003FB04739A64C3F8E02079E74FF4177342
:105310004BF6803203FB04739A64C3F8E0206FE716
:1053200006F1C000022342464946384408F096FB85
:105330000028CAD0FFBEFEE704580140045C0140CB
:1053400024580140245C0140A0F0012400770100B2
:10535000D05E0108D45E01080068704770B504682B
:1053600082B015460E46C4F85032C4E99212069A2D
:10537000C4F85422A269012A26D0626A012A9AB28C
:1053800011D0294604F1C000019208F023FC236AE1
:10539000019A012B10D0294604F1280008F01AFCCC
:1053A000002002B070BD04F1C000019208F0A4FC1E
:1053B000236A019A012BEED1314604F1280008F04E
:1053C0009BFC002002B070BD226A012A9AB211D063
:1053D000294604F12800019208F0FCFB636A019A57
:1053E000012B10D0294604F1C00008F0F3FB002087
:1053F00002B070BD04F12800019208F07DFC636AE0
:10540000019A012BEED1314604F1C00008F074FC82
:10541000002002B070BD00BF03681B69042B05D8D3
:10542000044A02EB830393ED000A70479FED020AE2
:10543000704700BFE05E010800803B470368D3F877
:10544000580270471F4BC1680268F0B5D3F88C5002
:1054500083B00369ADB24D1BA2B1AB4212D004467A
:10546000866811D2F018E91ACDE9001001F08EF823
:105470000023DDE90010D4E90062B047E36825614C
:10548000AB421BD003B0F0BDF018C91ACDE9000142
:1054900001F07CF80023DDE90001D4E90072B8478F
:1054A0003046294601F072F80023304662682946EA
:1054B0002668B047E3682561AB42E3D1002323614E
:1054C00003B0F0BD000002402DE9F84F04460F463E
:1054D00090461E4600F13405284608F099FF202822
:1054E000FAD14FF480630020C4F8D030C4F84831BA
:1054F0004FF44033C4F8CC00C4F8E030C4F858315D
:105500004E4BC4F8DC00C4F8C03003F57A73C4F81D
:10551000E400C4F838314023C4F8C800C4F840316E
:10552000E369C4F84401C4F85401C4F85C01C4E957
:105530003500C4E95300072B0BD8DFE803F06153B3
:105540005A373E454C045123C4F8C4305223C4F8A2
:105550003C3104F59C79484603F076F808B1FFBE6B
:10556000FEE7C4F8A890C4F87051EFF3108972B642
:10557000DFF8D0B094F91C30DFF8CCA08BF8003005
:105580000A9B2F4CCAF800300B9B23600EB11846C3
:10559000B0471FFA88F23946284608F023FDB0BB11
:1055A000B9F1000F00D162B6BDE8F88F3F23C4F80F
:1055B000C4304023C4F83C31CBE74123C4F8C430A5
:1055C0004223C4F83C31C4E74723C4F8C43048231D
:1055D000C4F83C31BDE74F23C4F8C4305023C4F8AD
:1055E0003C31B6E72B23C4F8C4302C23C4F83C313B
:1055F000AFE72D23C4F8C4302E23C4F83C31A8E70C
:105600002923C4F8C4302A23C4F83C31A1E7FF237E
:105610008BF800300023CAF8003023600A9B3BB1AE
:105620000B98012198470120B9F1000FBCD1BAE7CE
:105630000120B9F1000FB7D1B5E700BF88000240E3
:10564000900402248C040224880402242DE9F84FDB
:1056500004460F4690461E4600F13405284608F0E1
:10566000D7FE2028FAD14FF480630020C4F8D03050
:10567000C4F848314FF44033C4F8CC00C4F8E030EB
:10568000C4F858314E4BC4F8DC00C4F8C03003F500
:105690007A73C4F8E400C4F838314023C4F8C80071
:1056A000C4F84031E369C4F84401C4F85401C4F8B3
:1056B0005C01C4E93500C4E95300072B0BD8DFE8CF
:1056C00003F061535A373E454C045123C4F8C430AB
:1056D0005223C4F83C3104F1C009484602F0B4FF3B
:1056E00008B1FFBEFEE7C4F8AC90C4F8F850EFF381
:1056F000108972B6DFF8D0B094F91C30DFF8CCA076
:105700008BF800300A9B2F4CCAF800300B9B2360AB
:105710000EB11846B0471FFA88F23946284608F0FD
:10572000B3FCB0BBB9F1000F00D162B6BDE8F88F91
:105730003F23C4F8C4304023C4F83C31CBE74123B5
:10574000C4F8C4304223C4F83C31C4E74723C4F84A
:10575000C4304823C4F83C31BDE74F23C4F8C430FB
:105760005023C4F83C31B6E72B23C4F8C4302C23B3
:10577000C4F83C31AFE72D23C4F8C4302E23C4F85D
:105780003C31A8E72923C4F8C4302A23C4F83C31AB
:10579000A1E7FF238BF800300023CAF80030236014
:1057A0000A9B3BB10B98012198470120B9F1000FEA
:1057B000BCD1BAE70120B9F1000FB7D1B5E700BFFE
:1057C00088000240900402248C04022488040224ED
:1057D0002DE9F0410D4682B0EFF3108772B6002933
:1057E00048D1FF23254A264C237013682BB1002093
:1057F00029461060234A1068984723781B0625D550
:10580000DFF888800025204E444605E001351C3431
:1058100006F5D876092D19D0A369012B1BD0002BD2
:10582000F4D1216830460029F0D0636901932369DF
:105830000093E3682289FFF709FF0028E6D1C5EB52
:10584000C50508EB850348F82500586007B962B61E
:1058500002B0BDE8F08161680029D7D063693046A5
:10586000019323690093E3682289FFF72DFE002846
:10587000CCD1E4E70AF0C8F8B3E700BF88040224FB
:105880008C0402249004022458F501244C000024C6
:10589000F0B5002387B0022204460493CDE9022329
:1058A000027EC3690B2A4FEA430523D1A27E0B2A4D
:1058B00002D1002007B0F0BD48496B1C484851F8A0
:1058C0002330457801781878E67E884269D0824294
:1058D00077D0D87803F1030C81426ED0824278D021
:1058E000987903F1060C88426FD0824233D00120B0
:1058F00007B0F0BD394B3A4853F825300178467867
:10590000187894F819C081423DD0824241D0D878AD
:1059100003F1030E814240D082424AD0987903F1CC
:10592000060E884241D08242E1D1DB796345DED167
:10593000734604F118069B783046059301F0A6FDE6
:10594000034630461E4601F0A9FD01A901903046EC
:1059500003F044FDAAE7DB79B342C8D163461A34A9
:105960009B782046059301F091FD034620461C4696
:1059700001F094FD034601A92046019303F02EFD9A
:10598000002007B0F0BD93F801E0B645BFD08242D9
:10599000BDD158786045BAD1CBE71F79B742BBD1AA
:1059A000BCE75F78AF4292D193E7D979B142BAD1DF
:1059B0009DE718796045B1D1BAE71F79AF428DD123
:1059C0008EE75878B04284D1C9E7D979A9428CD101
:1059D0008DE71879B04283D1C0E700BF640100248D
:1059E000600100247E4A03689342F0B58FB000F056
:1059F000E380A2F54C42934200F0E08002F5806221
:105A0000934200F0DD8002F58062934200F0DA807C
:105A100002F58062934200F0D98002F5444293423D
:105A200000F0D280A2F51C42934200F0D18002F532
:105A30008062934200F0CE806A4A934240F0CC806C
:105A40000826694D4FF4D87404FB0654A07E01F07B
:105A50002DFD207E01F02AFDE369082B13D8DFE835
:105A600003F03B49576573818F9D05005F4BD3F869
:105A7000F42042F00802C3F8F420D3F8F43003F025
:105A800008030893089B2046FFF702FF012801D175
:105A9000FFBEFEE74FF4D8740EAA554F0DF1240C4B
:105AA00004FB0654E36902EB43050FCFACE80F009B
:105AB0003B680022ACF80030114635F9140C02F0B6
:105AC00011FCE3690EAA02EB430333F9140C0FB087
:105AD000BDE8F04002F044BC444BD3F8F02042F063
:105AE0001002C3F8F020D3F8F03003F01003009355
:105AF000009BC8E73D4BD3F8E82042F40032C3F8DE
:105B0000E820D3F8E83003F400330193019BBAE7AF
:105B1000364BD3F8E82042F48022C3F8E820D3F8CB
:105B2000E83003F480230293029BACE72F4BD3F8B9
:105B3000E82042F40022C3F8E820D3F8E83003F468
:105B400000230393039B9EE7284BD3F8E82042F4FD
:105B50008012C3F8E820D3F8E83003F480130493EC
:105B6000049B90E7214BD3F8F02042F02002C3F8C9
:105B7000F020D3F8F03003F020030593059B82E773
:105B80001A4BD3F8E82042F08042C3F8E820D3F85B
:105B9000E83003F080430693069B74E7134BD3F879
:105BA000E82042F00042C3F8E820D3F8E83003F0E0
:105BB00000430793079B66E7002642E7012640E77C
:105BC00002263EE703263CE705263AE7042638E7A7
:105BD000062636E7072634E700239B7EFFDE00BF5C
:105BE00000100140000C005858F5012400440258F0
:105BF000F45A01082DE9F04F91B0002301223F49EA
:105C00000DF1240A09938B4601F11C09CAF81430DE
:105C100001F13808CDF800A001F15407CDF804A037
:105C200001F17006CDF808A001F18C05CDF80CA0AB
:105C300001F1A804CDF810A001F1C40ECDF814A014
:105C400001F1E00CCAE90133CAE903330F92FF22E4
:105C50002B4BCDE906AA1A70BAE80F00ABE80F008B
:105C60009AE80700009B8BE807009B46BBE80F0003
:105C7000A9E80F009AE80700019B89E80700994608
:105C8000B9E80F00A8E80F009AE80700029B88E82F
:105C900007009846B8E80F000FC79AE80700039B73
:105CA00087E807001F460FCF0FC69AE80700049B3E
:105CB00086E807001E460FCE0FC59AE80700059B31
:105CC00085E807001D460FCD0FC49AE80700069B24
:105CD00084E807001C460FCCAEE80F00079B9AE84B
:105CE00007001C468EE807000FCCACE80F009AE8CE
:105CF00007008CE8070011B0BDE8F08F4C000024CD
:105D00008C04022410B5094C04F1340008F08EFA1A
:105D1000237D1BB1636BDB69DB0600D410BD20461D
:105D2000FFF790FB636B10221A6210BD58F5012437
:105D300010B50B4C04F5F27008F078FA94F8C43101
:105D400023B1D4F8E431DB69DB0600D410BD04F5DF
:105D5000D870FFF777FBD4F8E43110221A6210BD37
:105D600058F5012410B50B4C04F5657008F05EFA87
:105D700094F8743323B1D4F89433DB69DB0600D490
:105D800010BD04F55870FFF75DFBD4F89433102272
:105D90001A6210BD58F5012410B50B4C04F24450A2
:105DA00008F044FA94F8243523B1D4F84435DB697B
:105DB000DB0600D410BD04F5A260FFF743FBD4F866
:105DC000443510221A6210BD58F5012410B50B4C51
:105DD00004F2F46008F02AFA94F8D43623B1D4F827
:105DE000F436DB69DB0600D410BD04F5D860FFF79C
:105DF00029FBD4F8F43610221A6210BD58F501249C
:105E000010B50B4C04F6A40008F010FA94F884388E
:105E100023B1D4F8A438DB69DB0600D410BD04F547
:105E20000760FFF70FFBD4F8A43810221A6210BDE8
:105E300058F5012410B50B4C04F6542008F0F6F97F
:105E400094F8343A23B1D4F8543ADB69DB0600D431
:105E500010BD04F52260FFF7F5FAD4F8543A102289
:105E60001A6210BD58F5012410B50B4C04F604401D
:105E700008F0DCF994F8E43B23B1D4F8043CDB6986
:105E8000DB0600D410BD04F53D60FFF7DBFAD4F863
:105E9000043C10221A6210BD58F5012410B50B4CB9
:105EA00004F6B45008F0C2F994F8943D23B1D4F844
:105EB000B43DDB69DB0600D410BD04F55860FFF784
:105EC000C1FAD4F8B43D10221A6210BD58F501246D
:105ED00010B5EFF3108472B6084B1A78120602D58B
:105EE00004B962B610BD1B784FF4D87204485BB297
:105EF00002FB0300C03002F01FFFF1E78C04022414
:105F000058F5012410B5EFF3108472B6094B1A78D6
:105F1000120602D504B962B610BD1B784FF4D872D0
:105F200005485BB202FB030000F59C7002F004FF21
:105F3000F0E700BF8C04022458F501240021FFF78C
:105F400047BC00BF214A036893422BD0A2F54C42C4
:105F5000934229D002F58062934227D002F58062F5
:105F6000934225D002F58062934223D002F5444249
:105F7000934221D0A2F51C4293421FD002F58062C9
:105F800093421DD0124A93421CD108224FF4D8717B
:105F9000104B01FB0233197D11B11846FFF752BABD
:105FA000FFF716BC0022F1E70122EFE70222EDE73E
:105FB0000322EBE70422E9E70522E7E70622E5E70B
:105FC0000722E3E700231B7DFFDE00BF0010014036
:105FD000000C005858F50124204A0368934229D048
:105FE000A2F54C42934227D002F58062934225D01D
:105FF00002F58062934223D002F58062934221D061
:1060000002F5444293421FD0A2F51C4293421DD098
:1060100002F5806293421BD0114A93421AD10823A1
:1060200010484FF4D87202FB0300037D03B9704798
:10603000FFF708BA0023F3E70123F1E70223EFE7B4
:106040000323EDE70423EBE70523E9E70623E7E76E
:106050000723E5E700231B7DFFDE00BF00100140A2
:10606000000C005858F501240121FFF7B1BB00BF17
:106070002DE9F0414F684FF4D876DFF8C0808E46A6
:1060800007FB06F60C46082F08EB0605056005F130
:10609000180CBEE80F00ACE80F009EE807008CE883
:1060A000070002D86B6A022B02D90120BDE8F081FB
:1060B0002A6A032AF9D8A96A0229F6D8E86A0228C6
:1060C000F3D80131DFF878C0343689005CF82770E6
:1060D00046446F63A469A9641549AC6351F8233041
:1060E0006B64144B53F82230134A2B64002352F88C
:1060F000201001223046EB65E963C5E91333C5E999
:10610000153209F081FC0028CFD10146304609F054
:10611000D3FC0028C9D10146304609F01BFD0028F8
:10612000C3D1304609F0AAFC0028BED12875BDE7CE
:10613000185F0108245F0108345F010858F5012445
:10614000F45E01082DE9F041174C006894F800C096
:106150001CF0800FDDE9066720D10D4696461C46EF
:10616000C069EFF3108272B6104BC0EBC0004FF065
:106170000008012103EB800C8000CCF8045043F8A8
:106180000080ACF808E0CCF81470CCF81810CCE91A
:10619000034602B962B60020BDE8F081CDE906678A
:1061A000BDE8F041FFF790B98C0402244C000024B4
:1061B000F8B504681646069A4FF4807723600023EA
:1061C0006260012223610D4622753C4AC4F8CC303E
:1061D000C4F8C0204FF48062C4F8E430C4F8C8307A
:1061E000C4F8D0204FF44032A160E660C4E93533F2
:1061F000E369C4E93772072B0BD8DFE803F02E35CB
:106200003C434A51580451225223C4F8C420C4F8D4
:106210003C3104F1C007384602F016FA08B10120FB
:10622000F8BD626B04F13403C4F8AC703146C4F8B5
:10623000F8301F461368284643F01003136000F03F
:10624000A5F92946B2B2384607F01EFF0028E6D16C
:1062500094F91C201A4B1A70F8BD29222A23C4F87D
:10626000C420C4F83C31D4E72B222C23C4F8C4202A
:10627000C4F83C31CDE72D222E23C4F8C420C4F845
:106280003C31C6E73F224023C4F8C420C4F83C3167
:10629000BFE741224223C4F8C420C4F83C31B8E728
:1062A00047224823C4F8C420C4F83C31B1E74F2248
:1062B0005023C4F8C420C4F83C31AAE78800024047
:1062C0008C0402240368187D704700BF534B0122E1
:1062D000002047F6122130B4C3E97420C3E97721C6
:1062E000C3E9E020C3E9E3211A62DA625862196364
:1062F000C3F83025C3F83405C3F83C25C3F840156E
:10630000C3F8E026C3F8E406C3F8EC26C3F8F01699
:10631000C3F89028C3F89408C3F89C28C3F8A018C1
:10632000C3F8402AC3F8440AC3F84C2AC3F8501AE9
:10633000C3F8F02BC3F8F40BC3F8FC2BC3F8001C14
:10634000C3F8A40D3648C3F8A02DC3F8AC2DC3F88C
:10635000B01D0288837833490068334CCA804FEA05
:10636000104C0B723149E2802372A1F80320A4F88B
:10637000032063714B712E4CCA800B722D492E4D38
:10638000E2802372A1F80320A4F8032063714B710B
:106390002A4CCA800B722A49EA8008802B7281F845
:1063A00002C0E2802372A1F803204B71CA800B72F5
:1063B0002449A1F803204B71CA800B722249A1F82D
:1063C00003204B71CA800B722049088081F802C0FB
:1063D000A1F803204B71CA800B721D49088081F817
:1063E00002C0A1F803204B71CA800B7219490880C2
:1063F00081F802C01848A1F803204B71CA800B72C3
:106400001649A0F803204371C2800372A1F803204B
:106410004B71CA800B7230BC704700BF58F5012425
:1064200060010024E80100240C0200240002002482
:106430002402002418020024F4010024D0010024C6
:10644000B804022430020024DC0100249404022455
:10645000AC040224A00402245401002448010024B6
:106460003E4B00220B20114610B5D3F8D84082B025
:1064700044F00104C3F8D840D3F8D84004F0010434
:106480000094009CD3F8D84044F00204C3F8D840EC
:10649000D3F8D83003F002030193019B01F022FFEF
:1064A0000B2001F05DFF00220C20114601F01AFFC5
:1064B0000C2001F055FF00220D20114601F012FFC3
:1064C0000D2001F04DFF00220E20114601F00AFFC1
:1064D0000E2001F045FF00220F20114601F002FFBF
:1064E0000F2001F03DFF00221020114601F0FAFEBE
:1064F000102001F035FF00223C20114601F0F2FE91
:106500003C2001F02DFF00221120114601F0EAFE8F
:10651000112001F025FF00223820114601F0E2FE93
:10652000382001F01DFF00223920114601F0DAFE6B
:10653000392001F015FF00223A20114601F0D2FE69
:106540003A2001F00DFF00223B20114601F0CAFE67
:106550003B2002B0BDE8104001F002BF00440258E9
:1065600020F01F002031BFF34F8F002907DD064ABE
:106570000144C2F8680220300B1A002BF9DCBFF38B
:106580004F8FBFF36F8F704700ED00E020F01F00CA
:106590002031BFF34F8F002907DD064A0144C2F8BE
:1065A0005C0220300B1A002BF9DCBFF34F8FBFF3D6
:1065B0006F8F704700ED00E0704700BF08B501F035
:1065C00075F8BDE8084001F055BF00BF064808B5A2
:1065D00003680BB103F014F9044803681BB1BDE86C
:1065E000084004F0BBB808BDE02E0224D8280224DD
:1065F000064808B503680BB103F002F904480368C4
:106600001BB1BDE8084004F0A9B808BDE02E022483
:10661000D8280224064808B503680BB103F0F0F847
:10662000044803681BB1BDE8084004F097B808BDF2
:10663000E02E0224D8280224364BDA6A520062D5B2
:106640009A6A9A6A9A6A9B6A180600D500BE314B0C
:106650009B6A990600D500BE2E4B9B6ADA0600D5D0
:1066600000BE2C4B9B6A1B0700D500BE294B9B6AC2
:10667000980700D500BE274B9B6AD90700D500BEFE
:10668000244B9B6A1A0400D500BE224B9B6A9B04D4
:1066900000D500BE1F4B9B6AD80400D500BE1D4B21
:1066A0009B6A190500D500BE1A4B9B6A5A0500D596
:1066B00000BE184B9B6A9B0500D500BE154B9B6A1C
:1066C000D80500D500BE134B9B6A990100D500BECA
:1066D000104B9B6ADA0100D500BE0E4B9B6A1B0370
:1066E00000D500BE0B4B9B6A580300D500BE094B7A
:1066F0009B6A990300D500BE064B9B6ADA0306D459
:1067000000BE00BEFEE7DB6A9B07FAD5F8E700BED5
:10671000F6E700BF00ED00E000F0D4BF00F0D8BF06
:106720000A4B9B6803F17843B3F5003F0BD3084B4A
:10673000986848B19868012806D09868022803D064
:106740009B68032070470120704700BF00ED00E008
:10675000000080382DE9F041CEB004464C220021E3
:106760000AA80DF0B5FF2022002102A80DF0B0FF0D
:10677000BC2200211EA80DF0ABFF022004F0EAFCB1
:106780002368012B4FF0000354D0534A0225019394
:10679000C820D16A514B21F00101D162D26A02F0C6
:1067A000010201929A6942F440429A619B6903F4A2
:1067B00040430193019B494A93699B04FCD5484996
:1067C0000224002201268B6A04274FF0080823F0D8
:1067D000030323438B62052316900AA818934FF4F2
:1067E00080331096179419941597CDF86880CDE9E9
:1067F0001B222122CDE91344CDE90A2305F094F9A7
:1068000000B1FEE73F220323294602A8CDE9022377
:1068100000220823CDE9042340224023CDE90623AA
:1068200040234FF48062CDE9082305F0ABFC03461A
:10683000B8B1FEE7294A04250093F0209169264B60
:1068400041F440419161926902F440420092DA6A57
:1068500042F00102DA62DB6A03F001030093009B5D
:10686000A9E720224FF4805125934FF440152B9235
:1068700080222D931EA83093269135914FF480717C
:10688000249234920C223394439140F227112092A7
:106890001022CDF884802A971F96CDE92E34CDE9B9
:1068A0003B334FF48033CDE92246319300244693A5
:1068B0000623CDE93E4527934FF48063094C2C9382
:1068C0001E94CDE9281205F0B9FE00B1FEE704F0F0
:1068D00067FC4EB0BDE8F081000400580048025843
:1068E000004402580F130F0370B584B0012401F067
:1068F0006FFD4FF480764FF04052194B68460025EB
:10690000ADF800400396CDE9012301F07FFD192287
:106910004FF0404368468DF8082001938DF80F40F2
:10692000ADF80D608DF801408DF80A5001F06EFD54
:1069300002230B2268468DF80F508DF801304FF07E
:1069400062538DF808200193ADF80D408DF80A4090
:1069500001F05CFD042001F049FD04B070BD00BFF2
:106960000E00010330B50D46044685B0D1E90001A3
:1069700084E8030000F06AFEAB79A3B3FFF770FD73
:10698000FDF7C0FD0BF028FCFFF734F92B798BBB2A
:106990006B799BB1BFF34F8FBFF36F8F2A4B0022F0
:1069A000C3F85022BFF34F8FBFF36F8F5A6942F481
:1069B00000325A61BFF34F8FBFF36F8F4FF0FF323A
:1069C0000023002400256946204802928DF80C30EF
:1069D000CDE900450CF020F81C480CF085F80BF0D0
:1069E0002BF805B030BD2046FFF7B4FE2046FFF778
:1069F0007BFFC3E7144C0023C4F88430BFF34F8FF0
:106A0000D4F8801043F6E07EC1F34E3CC1F3C901D7
:106A10004FEA4C1C0CEA0E000B4640EA8372013B25
:106A2000C4F860225A1CF8D1ACF1200C1CF1200FE4
:106A3000F0D1BFF34F8F636943F480336361BFF3D9
:106A40004F8FBFF36F8FA3E700ED00E0C404022473
:106A500005F0C8BC1C4B9B6803F17842B2F5003FBF
:106A600025D3B3F5803F20D303F16042B2F5003F58
:106A70001FD303F15C42B2F5002F1CD303F1704227
:106A8000B2F5902F19D303F14842B2F5803F16D3E7
:106A900003F18042B2F1806F13D303F1E043B3F509
:106AA000000F2CBF082007207047012070470020EE
:106AB000704702207047032070470420704705206C
:106AC00070470620704700BF00ED00E00348002338
:106AD000034A044903600DF0DFB900BFC404022477
:106AE00000000024B965000810B4204C0022204B9F
:106AF00083B0D4F888101F4841F47001C4F888109E
:106B000019681D4C41F0010119601A6119680840AB
:106B10001A4918609A61DA611A629A62DA621A6333
:106B20005A639A63DA631A645A64186820F48020FE
:106B300018601A66D3F8DC2042F06042C3F8DC200B
:106B4000D3F8DC300193019B23681940B1F1005F59
:106B500003D20B4B0122C3F80821044B4FF0006213
:106B60009A6003B05DF8044B704700BF00ED00E091
:106B7000004402587FEDF6EA0010005C0000FFFFC1
:106B800000800051704700BF0020704770B5044678
:106B9000074E0D46304621460AF064FA30460AF0A8
:106BA00083FA044B204629461B689847002070BD95
:106BB00038E50124C824022470B50446074E0D466A
:106BC000304621460AF04EFA30460AF06DFA044B80
:106BD000204629461B689847002070BDD4E7012451
:106BE000CC24022400220949094808B50AF030FAE9
:106BF000084907480AF036FA074B1A680AB100201C
:106C000008BD064A00201A6008BD00BFC81402244F
:106C100038E50124C8040224C8240224856B000836
:106C200000220949094808B50AF012FA084907483C
:106C30000AF018FA074B1A680AB1002008BD064A84
:106C400000201A6008BD00BFC81C0224D4E701243C
:106C5000C80C0224CC240224856B000820280AD00A
:106C6000212806D1094B18689A889B7908608A8088
:106C70008B7100207047054B0868B1F804C08A7911
:106C800018600020A3F804C09A71704764020024C1
:106C900020280AD0212806D1094B18689A889B79A8
:106CA00008608A808B7100207047054B0868B1F836
:106CB00004C08A7918600020A3F804C09A71704754
:106CC0006C0200240020704710B5094CD4F89032B3
:106CD000D3F814320BB1012010BD0A4601462046FC
:106CE0000AF0B6F92046BDE810400AF0C3B900BF6B
:106CF00038E501244B4A036830B593428BB04FF01E
:106D00000004CDE90444CDE90644089404D0464A81
:106D1000934249D00BB030BD444D4FF4C05244486B
:106D2000D5F8E03043F00103C5F8E030D5F8E030A5
:106D300003F0010300930223009904A9CDE9042381
:106D40000A23089302F04AFB4FF40072002304A9BF
:106D500037480694CDE9042302F040FBD5F8D8303B
:106D60002246214643F000636220C5F8D830D5F8AA
:106D7000D83003F000630193019B01F0B3FA622065
:106D800001F0EEFA22462146632001F0ABFA6320BF
:106D900001F0E6FA22462146652001F0A3FA6520BB
:106DA00001F0DEFA0BB030BD204D4FF4404204A993
:106DB000D5F8E03043F00203C5F8E030D5F8E03014
:106DC00003F002030293022302981A48CDE9042338
:106DD0000C23089302F002FBD5F8D8302246214656
:106DE0004A2043F00073C5F8D830D5F8D83003F006
:106DF00000730393039B01F075FA4A2001F0B0FA87
:106E0000224621464B2001F06DFA4B2001F0A8FAF2
:106E1000224621464D2001F065FA4D2001F0A0FAEE
:106E20000BB030BD00000840000004400044025890
:106E3000000002580004025800F57171D0F80404F3
:106E40000AF09EB9C1EBC10300EB8303D0F8040440
:106E5000D3F808220AF0C2B9C1EBC10300EB8303E7
:106E6000D0F804049A6C0AF0F7B900BFD0F8040413
:106E70000AF096BAC16810B5044619B1022900D0CB
:106E8000FEE70121D4F804040AF074FAD4F80404EB
:106E9000BDE810400AF046BA10B50446D0F8040424
:106EA0000AF06CFA2268D2F8003E43F00103C2F8FF
:106EB000003E236A23B1034A136943F006031361BA
:106EC00010BD00BF00ED00E0D0F804040AF060BA85
:106ED000D0F804040AF074BAD0F804040AF06EBAC8
:106EE000D0F804040AF06EBAD0F804040AF06CBAC0
:106EF00070B5067804461EB1012E30D0002070BD5A
:106F0000304D0923304AC5F80404C0F89852284689
:106F10002E612E63C5E9002302230222EB600023C9
:106F2000C5E9062300220023C5E908230122012325
:106F3000C5E90A2303F05AFB00B1FEE78021284689
:106F400004F0E8F831464022284604F0B9F88022DF
:106F50000121284604F0B4F82678012ECED11B4D2D
:106F600009221B4B00216A6002222B600223C5F814
:106F700004442846EB600023C4F898522961C5E90F
:106F8000062300220023C5E90823C5E90C230122BA
:106F90000023C5E90A2303F029FB044600B1FEE7FC
:106FA0004FF40071284604F0B5F8214680222846A7
:106FB00004F086F84FF4BA723146284604F080F89F
:106FC0009CE700BFD024022400000840D8280224F7
:106FD00000000440D0F8980208B503F09DFB032898
:106FE00002D8024B185C08BD022008BD505F0108A2
:106FF0009446D0F898021A4608B5634603F012FF8B
:10700000032802D8024B185C08BD022008BD00BF4F
:10701000505F0108D0F8980208B503F041FF03283B
:1070200002D8024B185C08BD022008BD505F010861
:10703000D0F8980208B503F0C3FF032802D8024B2A
:10704000185C08BD022008BD505F0108D0F8980206
:1070500008B503F0F9FF032802D8024B185C08BDFD
:10706000022008BD505F01080A06D0F8983206D405
:10707000C1EBC10103EB810191F8FE01704701F002
:107080007F01C1EBC10103EB810191F83E00704724
:10709000D0F8980208B503F0AFFE032802D8024BDF
:1070A000185C08BD022008BD505F0108D0F89802A6
:1070B00008B503F05DFF032802D8024B185C08BD39
:1070C000022008BD505F0108D0F8980208B503F00F
:1070D0001DFF032802D8024B185C08BD022008BD22
:1070E000505F0108D0F8980203F038BF122301481E
:1070F0000B807047C0020024122301480B807047A8
:10710000AC020024042301480B807047D402002401
:1071100010B5044C0A46044821460AF0D5FB204627
:1071200010BD00BFE02C0224545F010810B5044CD0
:107130000A46044821460AF0C7FB204610BD00BF9E
:10714000E02C0224645F010810B5044C0A46044890
:1071500021460AF0B9FB204610BD00BFE02C0224F6
:10716000785F010810B5044C0A46044821460AF02D
:10717000ABFB204610BD00BFE02C0224845F010859
:1071800010B5044C0A46044821460AF09DFB2046EF
:1071900010BD00BFE02C0224945F010804230148C5
:1071A0000B807047D402002410B5044C0A460448F2
:1071B00021460AF089FB204610BD00BFE02C0224C6
:1071C000545F0108464A4FF01A0CD2F80008D2F872
:1071D0000838A1F800C0C31801D142487047180F01
:1071E000B3F1204FD2F804184FF0000C3D4A2CBFE9
:1071F0003730303082F803C04FF0000C9070C3F38A
:10720000036082F805C04FF0000C092882F807C01F
:107210004FF0000C8CBF3730303082F809C04FF08F
:10722000000C1071C3F3035082F80BC04FF0000C38
:10723000092882F80DC08CBF373030309071C3F30D
:10724000034009288CBF373030301072C3F303304D
:1072500009288CBF373030309072C3F303200928DF
:107260008CBF373030301073C3F3031003F00F03BB
:1072700009288CBF37303030092B90734FF0000055
:1072800094BF30333733B1F1204FD07313744FEACA
:1072900011734FF000002CBF37333033507400208F
:1072A0009374C1F30363D0740020092B50754FF021
:1072B00000008CBF37333033D0751375C1F30353DF
:1072C0000848092B8CBF373330339375C1F3034320
:1072D000092B94BF3033373313760023537670472E
:1072E00000E0F11FD8020024464A4FF01A0CD2F8F1
:1072F0000008D2F80838A1F800C0C31801D14248EC
:107300007047180FB3F1204FD2F804184FF0000C5B
:107310003D4A2CBF3730303082F803C04FF0000CAC
:107320009070C3F3036082F805C04FF0000C092889
:1073300082F807C04FF0000C8CBF3730303082F835
:1073400009C04FF0000C1071C3F3035082F80BC05A
:107350004FF0000C092882F80DC08CBF3730303058
:107360009071C3F3034009288CBF3730303010725E
:10737000C3F3033009288CBF373030309072C3F329
:10738000032009288CBF373030301073C3F303104B
:1073900003F00F0309288CBF37303030092B90736E
:1073A0004FF0000094BF30333733B1F1204FD0732A
:1073B00013744FEA11734FF000002CBF3733303392
:1073C000507400209374C1F30363D0740020092B20
:1073D00050754FF000008CBF37333033D0751375C4
:1073E000C1F303530848092B8CBF373330339375EF
:1073F000C1F30343092B94BF303337331376002393
:107400005376704700E0F11FD802002410B5044CF9
:107410000A46044821460AF057FA204610BD00BF2C
:10742000E02C0224845F010810B5044C0A4604488D
:1074300021460AF049FA204610BD00BFE02C022484
:10744000785F0108D0F8C0020AF0B0BAD0F8C002E4
:107450000AF0C4BAD0F8C0020AF0CCBA704700BF34
:10746000D0F8C0020AF0B2BAD0F8C0020AF0B2BA3C
:10747000D0F8D00308B502F083FD032802D8024BF0
:10748000185C08BD022008BDA85F0108024B027805
:1074900053F82200704700BFCC5F0108024B4278CE
:1074A00033F81200704700BFAC5F01088CB00A28A7
:1074B00014D8DFE800F01523313F4D5B69778593E1
:1074C00006004D4BD3F8E02042F48062C3F8E02080
:1074D000D3F8E03003F480630B930B9B0CB0704740
:1074E000454BD3F8E02042F00102C3F8E020D3F886
:1074F000E03003F001030193019BEFE73E4BD3F82B
:10750000E02042F00202C3F8E020D3F8E03003F0BC
:1075100002030293029BE1E7374BD3F8E02042F0ED
:107520000402C3F8E020D3F8E03003F0040303932F
:10753000039BD3E7304BD3F8E02042F00802C3F8B6
:10754000E020D3F8E03003F008030493049BC5E780
:10755000294BD3F8E02042F01002C3F8E020D3F822
:10756000E03003F010030593059BB7E7224BD3F8F7
:10757000E02042F02002C3F8E020D3F8E03003F02E
:1075800020030693069BA9E71B4BD3F8E02042F0AB
:107590004002C3F8E020D3F8E03003F04003079343
:1075A000079B9BE7144BD3F8E02042F08002C3F81E
:1075B000E020D3F8E03003F080030893089B8DE7C8
:1075C0000D4BD3F8E02042F48072C3F8E020D3F8EA
:1075D000E03003F480730993099B7FE7064BD3F8EF
:1075E000E02042F40072C3F8E020D3F8E03003F466
:1075F00000730A930A9B71E700440258704700BF6A
:107600000F4B1B780BB90120704710B504464FF49F
:107610007A700C4AB0FBF3F31068B0FBF3F000F0A3
:10762000C1FE0F2C00D808B1012010BD0022214658
:107630004FF0FF3000F056FE034B00201C6010BDE1
:10764000F20200243C020024F402002438B5032096
:10765000124D00F035FE124C04F0F4FC114A1249B0
:107660009369C3F30323CB5C03F01F0320FA03F3F6
:107670000E202B60926902F00F028A5C02F01F025A
:10768000D3402360FFF7BCFF10B10124204638BD72
:107690000446FFF7B3FF204638BD00BF3C0200247C
:1076A0004002002400440258405F0108034A044B92
:1076B00011681B780B441360704700BFA43102248B
:1076C000F2020024014B1868704700BFA431022465
:1076D00038B50446FFF7F6FF0546631C02D0044B9D
:1076E0001B781C44FFF7EEFF431BA342FAD338BDBF
:1076F000F2020024014B1868000C70470010005C77
:10770000704700BF806B08B5FFF7FAFF08BD00BFE8
:10771000836B5A6D12F0500F5A6D10B51DD1196858
:1077200042F400725A650A6812F0080FCA681BD04A
:1077300012F4406F0DD1CA6894040AD45A6D22F431
:1077400080725A655A6DD10403D45A6D42F0010219
:107750005A651846FCF732FB10BDD2060AD4DB6C22
:10776000BDE81040DB6C18479007E7D01846FCF7DF
:1077700025FBF1E71846FCF7C5FB10BD806B08B58B
:10778000436D43F040034365836D43F00403836519
:10779000FCF7B8FB08BD00BFF0B5002283B0019232
:1077A00090F85020012A00F01C81034601201A683D
:1077B00083F850009468640700F18A800C68C4F371
:1077C0001305002D40F08F80C4F38464A0404D6801
:1077D0004FF01F0ED6694FEA951C30430CF00C0C8D
:1077E000D06105F01F0002F1300584400EFA00FE62
:1077F0005CF8050020EA0E0004434CF80540906850
:1078000040076ED4956815F0080547D10C6807202D
:1078100002F11406B94F4FEAD45CC4F304540CF0DF
:10782000040C00FA04FE886800FA04F45CF8060010
:1078300020EA0E0020434CF80600386800F0704043
:10784000B0F1805F00F0C580D068D668C70600F14F
:10785000E880C6F382064869760000FA06F60F69EA
:10786000042F00F0C18002F16004086854F827C0BA
:1078700000F0F8400CF0004C40EA0C00304344F8B3
:107880002700487E0E69012854F8260008BF4FF0F3
:10789000004520F00040054344F826509068C40796
:1078A00014D4CE68086806F01807954CD2F8C0507A
:1078B000FC40C0F31307044025EA07052C43C2F837
:1078C000C040904CA64246D0002816DB002003E0C2
:1078D0005A6D42F020025A65002283F8502003B00E
:1078E000F0BD9068DAE794FAA4F5B5FA85F5C4F32B
:1078F000846405F01F05A84069E783498A4200F0C7
:10790000B68001F580718A4200F0B1807F4D804CD5
:10791000A968A46801F0E076E44304F00104002CB7
:1079200000F0B4807B4CA04200F0FC807A4CA04276
:1079300000F01A81794CA042C8D14902C6D47449DA
:107940008A42C3D1AA68002022F0E072324342F496
:107950008002AA60C0E7002F6AD090FAA0F4B4FABF
:1079600084F4013404F01F04092C00F2A48090FA7E
:10797000A0F4B4FA84F490FAA0F5B5FA85F50134D0
:1079800001260135A40605F01F0504F0F84406FAA7
:1079900005F52C4390FAA0F0B0FA80F0304400F0E6
:1079A0001F0000EB400000052043C60D02F1140546
:1079B000C0F30450072406F0040604FA00F77459D3
:1079C00024EA07048F6807FA00F020437051086822
:1079D0007AE7D6684869C6F38206760000FA06F6AA
:1079E0003DE7022003B0F0BD106E0C6800F0F840D7
:1079F000A506B0EB846F30D0506E00F0F8408542A1
:107A000026D0906E00F0F84085422BD0D06E00F06A
:107A1000F84085427FF442AFD06E20F00040D0663F
:107A20003CE77608486906F0080600FA06F616E70D
:107A3000800E441C04F01F06092E2DD8A406012038
:107A400004F0F844B040044306EB46000005ABE701
:107A5000506E20F000405066D3E7106E20F00040DA
:107A60001066C9E7906E20F000409066CEE7264C85
:107A70002B4D04F58074A96854F8F86CA46834435D
:107A800001F0E076E44304F0010448E75A6D012078
:107A900042F020025A651FE706EB4600A5060124C6
:107AA0001E3805F0F84504FA06F60005354340F0A7
:107AB0000070284379E790FAA0F5B5FA85F590FAB9
:107AC000A0F4B4FA84F4013501260134AD0604F0C3
:107AD0001F0405F0F84506FA04F4254390FAA0F4D3
:107AE000B4FA84F4344404F01F0404EB4404A4F115
:107AF0001E00000540F00070DBE700BF0010005CD6
:107B0000FFFF0F000000FF47002002400063025803
:107B100000600258000084CB000052C70000B8CFBC
:107B20000023024008023FF5D1AE17498A427FF494
:107B3000CDAE164AA9681268154821F0E071920985
:107B40003143A0FB020241F400019209A9605200F6
:107B50000192019A002A3FF4B9AE019A013A0192CA
:107B6000019A002AF9D1B1E611F080707FF4AEAE2F
:107B700005498A427FF4AAAEAA6822F0E072324335
:107B800042F08072AA60A7E6006002583C0200241E
:107B9000632D3E0503689A68D20701D5002070471F
:107BA0009968214A114270B5044608D0636D0120DE
:107BB00043F010036365A36D0343A36570BD99682B
:107BC0001A4A0A4042F001029A60FFF77BFD2368DF
:107BD000174A054693421ED002F5807293421AD08E
:107BE000144A9268114E0AE09A68324042F001024B
:107BF0009A60FFF767FD401B0228D7D823681A68F0
:107C0000D2070FD49A68D107EED5FFF75BFD401B72
:107C10000228F3D9CAE7084A9268D006E2D0074A98
:107C20009342DFD1002070BD3F000080C0FFFF7F86
:107C3000002002400063025800230240002102405D
:107C40002DE9F0413A4D044600680F461646A84219
:107C500019D0384B984216D0374DAB688068420730
:107C600016D494F85020012A12D003F01F080122E4
:107C7000B8F1090F84F850200DD90023012084F8B1
:107C80005030BDE8F0812D4DAB6880684207E8D5E3
:107C90000220BDE8F08140F2212323FA08F3DB4300
:107CA00013EA0205E9D12046FFF774FF002839D115
:107CB000626D234B2168134043F480736365B8F110
:107CC000000F02D01B4B994203D0636D23F4801345
:107CD0006365636D13F4805328D0A36D23F006030E
:107CE000A365E06C3346174D3A464031C563164DE7
:107CF0000564164DC5641C2541F8405C002584F8D8
:107D0000505051F83C5C45F0100541F83C5C00F0E7
:107D100059FE22680E4B91680B4043F004039360B8
:107D2000BDE8F08184F85050BDE8F081A365D8E744
:107D3000002002400021024000630258002302405C
:107D4000FEF0FFFF11770008057700087D77000837
:107D5000C0FFFF7F38B503689A68910702D59B681A
:107D6000002038BD9A68D20723D59A68044602F0ED
:107D70000D02012A08D0636D012043F010036365F2
:107D8000A36D0343A36538BD986803210A4A0240E6
:107D900042F002029A601960FFF794FC054604E085
:107DA000FFF790FC401B0228E5D823689B68DB079F
:107DB000F6D4002038BD00BFC0FFFF7F38B5574A5A
:107DC00004460368934226D002F58072934222D083
:107DD000534B9B6813F4403F22D004F0EDFA6368E4
:107DE0000546B3F5003F00F08880B3F5403F70D002
:107DF000B3F5803F00F08180FFF77CFC41F2030384
:107E000098422DD8474B9D425DD92268936843F430
:107E10008073936038BD444B9B6813F4403FDCD1C2
:107E20004FF4002005F094FB63680546B3F5101F7E
:107E30006DD008D8B3F5E01F55D01AD9B3F5001F9F
:107E4000DAD14509D8E7B3F5201F4AD0B3F5301F82
:107E5000D2D1FFF74FFC41F20303984233D92D0AE8
:107E6000324B9D421DD82268936823F4407393607F
:107E700038BDB3F5801F06D00AD9B3F5A01F02D0D4
:107E8000B3F5C01FB8D19B0C5B00B5FBF3F5B3E7AE
:107E9000B3F5002FF7D023F40022B2F5802FF2D0F3
:107EA000AAE7234B234A2B4493421ED9224B234A51
:107EB0002B449342226893682BD823F4407343F4F5
:107EC0000073936038BD2268936823F480739360D5
:107ED00038BD8508FFF70EFC41F203039842BFD876
:107EE00090E7C50988E7050986E72268936823F4C7
:107EF000407343F48073936038BD1B0CB5FBF3F5FE
:107F0000FFF7F8FB41F203039842A9D87AE7850905
:107F100072E743F44073936038BD00BF0020024015
:107F200000630258002D310100230240105E5F0003
:107F3000EFA1A0FF0F5E5F00DF4341FF1FBCBE004B
:107F400030B5002383B00193002800F0D080456D48
:107F50000446002D00F0BA80226893689B0003D588
:107F60009168714B0B4093609368DD0015D46F4BA3
:107F700090686F491B6801406E489B0941F0805131
:107F8000A0FB030391609B090193019B2BB1019B13
:107F9000013B0193019B002BF9D19368D80024D4B5
:107FA000636D012543F010036365A36D2B43A36547
:107FB000936813F0040F636D1DD1D9061BD4636D54
:107FC00023F4817343F0020363659368DB0728D4CD
:107FD000594B9A4217D003F580739A4213D0574BEE
:107FE0009B68D9071DD4564A15E09368002513F005
:107FF000040F636DE1D0636D012543F01003284643
:10800000636503B030BD4C4A4E4B92689B68134386
:10801000D80706D44C4A9368616823F47C130B4359
:108020009360FFF767FB41F20303A1689842237F47
:1080300052D894F815C01A04206B42EA4C3202431D
:108040000A43012B03D1236A013B42EA4342636A9C
:1080500023B103F47873A16A0B431A4323683B49A5
:10806000D86801400A43DA609A6812F0040F9A68EF
:108070001CD112071AD4D868354A217D024042EA41
:108080008132E16A0A43DA6094F83820012A3AD052
:108090001A6922F001021A611A692046616B22F006
:1080A00070420A431A61FFF789FE2368E268012AD9
:1080B00021D01A6B22F00F021A63636D284623F059
:1080C000030343F00103636503B030BDFBF724FEF7
:1080D000A56584F850503FE71029AAD1617D1A04A4
:1080E00042EA4132216B0A4342F01C02A9E7012512
:1080F000284603B030BD196BA26921F00F01013A87
:108100000A431A63D9E7D4E9102118690A431149CF
:1081100001400A43A16C0A43E16B42EA014242F08A
:1081200001021A61B8E700BFC0FFFF5F3C020024F4
:10813000C0FFFF6F632D3E05002002400060025823
:1081400000630258002102400023024003C0F0FFF8
:10815000FCBFFFFF1EF800FCF0B5002383B00193C5
:1081600090F85030012B40D0012304460E461546AE
:1081700080F85030FFF7EEFDE8B9676D05F08042FA
:108180001B4B06F480311B4D3B401B4F43F0020359
:10819000636523689E68354015430D4345F00045EF
:1081A0009D609A68002A0FDB636D23F0030343F0A0
:1081B0000103636503E0636D43F01003636500230F
:1081C00084F8503003B0F0BD019A01320192019A57
:1081D000BA42E6D9636D0022012023F0120384F82D
:1081E000502043F010036365ECE7022003B0F0BDBC
:1081F000FDEEFFFFC0FFFE3FFF955A55F0B490F82B
:1082000050200E68012A49D00346294A01201C68E3
:1082100083F85000944208D05A6D002142F02002A9
:1082200083F850105A65F0BC7047224DAA68520777
:108230000AD5A2685A6D012042F020025A65002238
:1082400083F85020F0BC7047A06810F00400F1D112
:10825000C6B1DFF868C04F68DCF8082022F440425D
:108260003A43CCF80820A468AA682243D40713D460
:108270008A68DCF8081016430F4A0A401643CCF807
:108280000860DCE70D498A6822F440428A60A068F1
:10829000AA680243D00704D50020D0E70220F0BC32
:1082A00070478C683046044A22408A60C7E700BFA6
:1082B0000020024000210240E0F0FFFF00230240C6
:1082C00006494FF6FF0C0002054BCA6800F4E06057
:1082D00002EA0C0210430343CB60704700ED00E05C
:1082E0000000FA051B4BDB68C3F3022300B5C3F1A2
:1082F000070E03F1040CBEF1040F28BF4FF0040E6B
:10830000BCF1060F1AD9033B4FF0FF3C0CFA03FCFB
:1083100022EA0C024FF0FF3C00280CFA0EFC21EA86
:108320000C0101FA03F141EA02010ADB09010A4BDF
:10833000C9B2034483F800135DF804FB002213461E
:10834000E8E700F00F000901044BC9B203441976B5
:108350005DF804FB00ED00E000E100E0FCEC00E073
:10836000002807DB00F01F0101234009024A8B406F
:1083700042F82030704700BF00E100E000280DDB2C
:108380004309012200F01F000549203302FA00F0E2
:1083900041F82300BFF34F8FBFF36F8F704700BFCB
:1083A00000E100E0431EB3F1807F0CD24FF0E022E9
:1083B000002006494FF0F00C5361072381F823C0D9
:1083C0009061136170470120704700BF00ED00E02D
:1083D000BFF35F8F044B00215A6A22F480325A6245
:1083E000C3F89410704700BF00ED00E0064B40F06A
:1083F0000100C3F894005A6A42F480325A62BFF313
:108400004F8FBFF36F8F704700ED00E0174A43783E
:10841000C2F89830017821B3436800B5C2F89C30A7
:10842000C37A90F80CC01B0690F80FE043EA0C7377
:1084300090F80AC00B43817B43EACC4390F80DC00F
:1084400043EA8C4390F809C043EA4143017A43EA86
:108450000E4343EA0C2343EA4103C2F8A0305DF81F
:1084600004FBC2F89C10C2F8A010704700ED00E0B9
:10847000704700BF08B5FFF7FBFF08BD0268344B2B
:10848000344930B4344D354CAA4218BF9A420CBF1F
:10849000012300238A4208BF43F001033031A24286
:1084A00008BF43F0010330348A4208BF43F00103A0
:1084B0003031A24208BF43F0010330348A4208BF82
:1084C00043F0010301F55C71A24208BF43F00103D0
:1084D00004F55C748A4208BF43F001033031A242C4
:1084E00008BF43F0010330348A4208BF43F0010360
:1084F0003031A24208BF43F0010330348A4208BF42
:1085000043F001033031A24208BF43F001038A4225
:1085100008BF43F0010313B9114B9A4213D1D3B2F0
:108520001049114C103BA1FB03515F2B0F4BC1F3C2
:10853000021103EA0203615C88BF0433C1658365ED
:10854000184630BC704722F0FF038365F8E700BF90
:108550001000024040000240280002405800024043
:10856000B8040240ABAAAAAAFC5F010800FCFFFF06
:108570000368294A294930B4294D2A4CAB4218BF17
:1085800093420CBF012200228B4208BF42F001023D
:108590002831A34208BF42F0010228348B4208BFB1
:1085A00042F001022831A34208BF42F001028B428F
:1085B00008BF42F0010212B91B4A934213D1DBB249
:1085C0001A4C1B4A0121083B1A4DA4FB0343456684
:1085D00002EB1312C3F30413920001FA03F30266D1
:1085E000836630BC7047DAB21349144C1944103A10
:1085F000A829A4FB02234FEA131300D80833104A1A
:1086000003F01F0501210F4C1A44A9404466920053
:1086100081660266E5E700BF0854025830540258EC
:108620001C5402584454025894540258CDCCCCCC1B
:108630000096001680580258F0FBFDBFABAAAAAA0C
:10864000008200108008024070B50446FFF73AF837
:10865000002C00F0C68023680546954A934248D016
:108660001832934245D0303292498B4218BF934220
:1086700001F130010CBF012200228B4208BF42F001
:10868000010218318B4208BF42F0010218318B42BF
:1086900008BF42F0010218318B4208BF42F00102CC
:1086A00001F556718B4208BF42F0010218318B422E
:1086B00008BF42F0010218318B4208BF42F00102AC
:1086C00018318B4208BF42F0010218318B4208BFBB
:1086D00042F0010218318B4208BF42F0010218310A
:1086E0008B4208BF42F001021AB9734A934240F02C
:1086F000F5800222002184F8352084F834101A68AD
:1087000022F001021A6005E0FEF7DCFF431B052B97
:1087100040D823681A68D107F6D4D4E90225216924
:108720002A43A0691D680A4361690A43E16902435B
:108730000A4362492940256A2A430A43616A042997
:108740002FD01A605A6922F007021143596120465E
:10875000FFF794FEE26D3F2302F01F029340836017
:108760002046FFF705FFA368802B3CD06368A06E0E
:10877000DAB2013BD4E91851072B2A60486026D9A8
:108780000023C4E91B33636700200123606584F87C
:10879000353070BD202203230120626584F8353016
:1087A00070BDD4E90B5129430A431A605969A26A82
:1087B00021F00701114341F00401002DC6D000282B
:1087C0004FD1012A6ED032F00202BFD151E0501ECB
:1087D000072810D9626FD4E91B31002018604A6065
:1087E000D2E7012070BD0023A16ED4E918026360B6
:1087F00003605160C4E72168314B324DA94218BF74
:10880000994205F114050CBF01230023A94208BFBA
:1088100043F001031435A94208BF43F001031435A6
:10882000A94208BF43F001031435A94208BF43F031
:1088300001031435A94208BF43F001033BB9224BA1
:10884000994204D0214B224913449B0003E0214B61
:10885000214913449B0001228240C4E91B31626715
:10886000BBE7B0F5005F0ED0022A05D9032A7FF4DA
:108870006DAFEA017FF56AAF0123402218466265B9
:1088800084F8353070BD032A3FF660AF01A050F880
:1088900022F000BF798800087388000879880008F2
:1088A000A5880008B5F1C07F7FF450AFE4E700BFB2
:1088B0001000024040000240B80402403F8010FE19
:1088C000085402581C540258945402583F82001015
:1088D000400902403F96001640590258324A334838
:1088E0003349834218BF934200F128000CBF012294
:1088F00000228B4208BF42F001022831834208BFA8
:1089000042F0010228308B4208BF42F001022831B8
:10891000834208BF42F001028B4208BF42F00102CD
:1089200012B9244A934238D102220021224D84F800
:10893000341084F835201A681540A268402A2AD0DD
:10894000802A0CBF4FF480400846266AD4E90312FF
:10895000D20842EAD102616942EAD102A16942EA3F
:10896000D102E16942EAD102144942EA16121944DD
:108970002A4302431248A0FB010120461A600B095A
:108980009B00E365FFF77AFDE26D012302F01F0211
:1089900093404360E4E61020D7E740220323012000
:1089A000626584F8353070BD085402581C54025872
:1089B00030540258945402580F00FEFFF8ABFDA744
:1089C000CDCCCCCC002800F0BC80844690F834009C
:1089D000012800F0B88001202DE9F0419CF83540D5
:1089E0008CF83400844208D000224FF400638CF8E5
:1089F0003420CCF85430BDE8F0810220DCF800507F
:108A00007A4C8CF835000020794ECCF85400794827
:108A1000854218BFA54200F118000CBF01240024B4
:108A2000854208BF44F001041830854208BF44F075
:108A300001041830854208BF44F001041830854213
:108A400008BF44F0010400F55670854208BF44F0A9
:108A500001041830854208BF44F0010418308542F3
:108A600008BF44F001041830854208BF44F00104F7
:108A70001830854208BF44F001041830854208BF11
:108A800044F001041830854208BF44F00104183056
:108A9000854208BF44F00104A0F59560B54218BFB7
:108AA0008542DCF86C600CBF0120002054EA00080D
:108AB000286820F001002860DCF86400DCF86840D9
:108AC000DCF85870446040D016B1DCE91C04446006
:108AD000DCF85C004FF03F0E00F01F000EFA00F0D3
:108AE000B860286820F4802028606B60DCF80830CB
:108AF000402B23D0A960EA602B6823F01E0343F0CB
:108B000016032B60DCF840301BB12B6843F00803E0
:108B10002B60DCF860301A68D20303D51A6842F47F
:108B200080721A601EB1336843F4807333602B681F
:108B3000002043F001032B60BDE8F081AA60E960EA
:108B4000DAE7012070470220704716B1DCE91C0407
:108B500044602948DFF8A8E0754518BF85420EF14A
:108B6000140E0CBF01200020754508BF40F0010025
:108B70000EF1140E754508BF40F001000EF1140E01
:108B8000754508BF40F001000EF1140E754508BF91
:108B900040F001000EF1140E754508BF40F00100D1
:108BA00010B9164885420ED1DCF85C0000F01F0EAB
:108BB000012000FA0EF078606B60DCF80830402B82
:108BC00010D0A960EA602B6823F00E0343F00A037B
:108BD0002B60DCF84030002B9BD02B6843F0040363
:108BE0002B6096E7AA60E960EDE700BF4000024015
:108BF0002800024058000240085402589454025879
:108C00001C54025800285FD038B590F83520034630
:108C1000022A55D10168444A914248D01832914203
:108C200045D03032414C4248A14218BF914204F134
:108C300048040CBF01220022814208BF42F0010219
:108C40003030A14208BF42F001023034814208BFF7
:108C500042F0010200F55C70A14208BF42F001023F
:108C600004F55C74814208BF42F001023030A14239
:108C700008BF42F001023034814208BF42F00102D5
:108C80003030A14208BF42F001023034814208BFB7
:108C900042F001023030A14208BF42F0010281429D
:108CA00008BF42F0010212B9224A91420ED10422B9
:108CB000002083F835200B6823F001030B6038BDDA
:108CC000802201205A6538BD012070470A681C6E59
:108CD00022F00E02D86D9D6D0A6000F01F000A6838
:108CE00022F001020A6001222168824021F4807191
:108CF00021606A60DA6ED3E91910486032B11168F8
:108D0000D3E91C0421F48071116044600024012126
:108D10001A6D83F8344083F835101AB1184690471D
:108D2000204638BD104638BD1000024040000240C9
:108D300070000240B80402402DE9F04300229C4B31
:108D400083B09C4E1D688146019203689A4A846DE7
:108D5000934218BFB342276808BF0126216818BF95
:108D6000002645D018329548834218BF934200F13F
:108D700018000CBF01220022834208BF42F001020A
:108D80001830834208BF42F001021830834208BF06
:108D900042F001021830834208BF42F0010200F5A0
:108DA0005670834208BF42F001021830834208BF68
:108DB00042F001021830834208BF42F0010218302D
:108DC000834208BF42F001021830834208BF42F0DC
:108DD00001021830834208BF42F00102183083427A
:108DE00008BF42F001021AB9754A934240F050821E
:108DF000D9F85C10082201F01F0C02FA0CF217429D
:108E000040F0888127FA0CF2D2070CD55A69100677
:108E100009D5012202FA0CF2A260D9F8542042F0DE
:108E20000202C9F854204FF0040E0EFA0CF038423A
:108E30005BD0002E4FD1634ADFF88081434518BFD5
:108E4000934208F118080CBF01220022434508BFD5
:108E500042F0010208F11808434508BF42F0010240
:108E600008F11808434508BF42F0010208F118084C
:108E7000434508BF42F0010208F55678434508BF54
:108E800042F0010208F11808434508BF42F0010210
:108E900008F11808434508BF42F0010208F118081C
:108EA000434508BF42F0010208F11808434508BFD6
:108EB00042F0010208F11808434508BF42F00102E0
:108EC00008F11808434508BF42F001021AB93C4AAC
:108ED000934240F019821A68920706D5A060D9F82B
:108EE000542042F00402C9F85420102202FA0CFC6B
:108EF0001CEA070F6CD0002E45D1324A2F4EB342E8
:108F000018BF934206F118060CBF01220022B3429B
:108F100008BF42F001021836B34208BF42F0010216
:108F20001836B34208BF42F001021836B34208BFF8
:108F300042F0010206F55676B34208BF42F0010244
:108F40001836B34208BF42F001021836B34208BFD8
:108F500042F001021836B34208BF42F0010218364F
:108F6000B34208BF42F001021836B34208BF42F0D4
:108F700001021836B34208BF42F001021AB9104A82
:108F8000934240F0C9811A68100721D5C4F808C07F
:108F90001A68560300F14C811A68D20503D41A6886
:108FA00022F008021A60D9F840308BB10CE000BF03
:108FB0003C020024100002402800024058000240F9
:108FC000B80402404000024048469847D9F85C1077
:108FD00001F01F0120268E403E4268D0D9F80020C3
:108FE000A54BA64FBA4218BF9A4207F118070CBF0B
:108FF00001230023BA4208BF43F001031837BA42E5
:1090000008BF43F001031837BA4208BF43F0010319
:109010001837BA4208BF43F001031837BA4208BFF5
:1090200043F001031837BA4208BF43F0010307F5C4
:109030005677BA4208BF43F001031837BA4208BF57
:1090400043F001031837BA4208BF43F00103183751
:10905000BA4208BF43F001031837BA4208BF43F0D1
:1090600001031837BA4208BF43F001031837BA4268
:1090700008BF43F001031BB9814B9A4240F0628163
:109080001368DB0613D5A66099F83530042B1368F6
:1090900000F0AE8013F4802F136800F0D3801C031F
:1090A00040F1DE80D9F83C300BB148469847D9F8FA
:1090B0005430002B00F0B980D9F85430D8071FD5B0
:1090C000D9F80020042189F83510136823F0010332
:1090D00013606C4BA3FB0535AD0A02E01368D9079A
:1090E00004D5019B0133AB420193F7D9002389F8E2
:1090F00034301368DB074CBF0323012389F8353074
:10910000D9F84C30002B00F09080484603B0BDE801
:10911000F0431847186840070AD5186820F0040083
:109120001860A260D9F8542042F00102C9F8542016
:1091300027FA0CF2D2077FF576AE534A53488342A2
:1091400018BF934200F130000CBF0122002283427D
:1091500008BF42F001021830834208BF42F001020A
:109160001830834208BF42F001021830834208BF22
:1091700042F0010200F55670834208BF42F001023E
:109180001830834208BF42F001021830834208BF02
:1091900042F001021830834208BF42F00102183049
:1091A000834208BF42F001021830834208BF42F0F8
:1091B00001021830834208BF42F001021830834296
:1091C00008BF42F00102002A7FF420AE002E7FF497
:1091D0001DAE1A68042202FA0CF23A4240F0948062
:1091E000102202FA0CFC17EA0C0F3FF4F1AE84E6F1
:1091F00023F016031360536923F080035361D9F8F9
:1092000040309BB3136823F0080313603F2300250D
:10921000012203FA01F1D9F85030A16089F83450E5
:1092200089F83520002B7FF470AF03B0BDE8F083E0
:109230001B6818037FF5B7AED9F84830002B7FF4D0
:10924000C3AEC5E613F480737FF42CAF116821F030
:1092500010011160012289F8343089F8352021E7A6
:10926000D9F84430002B7FF420AF20E7D9F84830FC
:10927000002BC7D1CAE700BF1000024028000240FF
:10928000B8040240B5814E1B580002404000024025
:109290004E4A4F4DAB4218BF934205F114050CBF27
:1092A00001220022AB4208BF42F001021435AB425A
:1092B00008BF42F001021435AB4208BF42F0010280
:1092C0001435AB4208BF42F001021435AB4208BF6F
:1092D00042F0010212B93F4A9342A6D1D9F85C503C
:1092E00004261A6805F01F05AE400E4219D0570734
:1092F00017D5100466604BD5D1034FD4D9F8483048
:10930000002B7FF402AF90E71A68102202FA0CFCDF
:1093100017EA0C0F3FF45CAE1A6852077FF558AE9F
:1093200034E60226AE400E4211D097070FD5666094
:10933000140439D5D00343D4D9F84430002B7FF43A
:10934000E4AE72E713689F077FF5B1AE9BE608268F
:10935000AE400E423FF469AF11077FF566AF1A6861
:10936000002122F00E021A600123D9F84C2003FAE2
:1093700005F56560C9F8543089F8341089F835303E
:10938000002A3FF452AF484603B0BDE8F04310470F
:10939000920603D41A6822F004021A60D9F8403009
:1093A000002B7FF4B2AE40E712F0200208D119681A
:1093B000012421F00A01196089F8342089F8354028
:1093C000D9F83C30002B7FF4A0AE2EE708540258A9
:1093D0001C54025894540258406D70472DE9F04FC8
:1093E0000D6883B0002D00F0D5800023DFF868827F
:1093F00001229A4012EA050C00F0C7804E6826F060
:109400001009B9F1020F40F0C88003F007044FEAD9
:10941000D30E4FF00F0A4FEA840900EB8E0E0AFAC2
:1094200009FADEF8204024EA0A0A0C6904FA09F471
:1094300006F0030944EA0A04CEF820404FEA430E3E
:109440000324D0F800A009FA0EF904FA0EF42AEA6F
:10945000040AE44349EA0A09C0F80090D0F808A0D9
:10946000CF6804EA0A0A07FA0EF949EA0A09C0F8BD
:109470000890C6F30019D0F804A009FA03F92AEA03
:10948000020249EA02024260C268F70004EA0204EA
:109490008A6802FA0EF242EA0402C26075D5644C90
:1094A00023F0030E03F00309D4F8F420C6444FEA76
:1094B000890942F00202C4F8F420D4F8F42002F042
:1094C00002020192019A0F22DEF8084002FA09F224
:1094D00024EA0202574CA04225D004F58064A04241
:1094E0007BD0554CA0427ED0544CA0426FD0544CFF
:1094F000A04200F08480534CA04200F08680524C81
:10950000A04276D0514CA04200F08580504CA04241
:1095100000F087804F4CA0420CBF09240A2404FAB3
:1095200009F942EA0902CEF808204FF0B0426FEA8A
:109530000C0EF403D2F880204FF0B04454BF0EEA72
:1095400002024CEA0202C4F88020B203D4F884403C
:109550004FF0B04254BF0EEA04044CEA0404F70290
:10956000C2F8844014684FF0B04254BF0EEA0404BD
:109570004CEA04041460B40252684FF0B04454BF83
:109580000EEA02024CEA02026260013335FA03F28B
:109590007FF42EAF03B0BDE8F08F4FEA430E0324F3
:1095A000D0F800B006F0030A04FA0EF409F1FF390E
:1095B0000AFA0EFA2BEA040BB9F1010F6FEA040460
:1095C0004AEA0B0AC0F800A03FF65EAF46E7032464
:1095D00004FA09F942EA0902A5E7012404FA09F9A3
:1095E00042EA09029FE7022404FA09F942EA090261
:1095F00099E7062404FA09F942EA090293E70424E8
:1096000004FA09F942EA09028DE7052404FA09F986
:1096100042EA090287E7072404FA09F942EA090243
:1096200081E7082404FA09F942EA09027BE700BF4E
:10963000004402580000025800080258000C02586A
:10964000001002580014025800180258001C02585A
:10965000002002580024025800040058002900F09D
:10966000A88000232DE9F04FDFF8689183B0DFF880
:109670006881DFF868A1DFF868B14FF0010E0EFADB
:1096800003F212EA010C6FD023F0030503F0030488
:109690000F2640454D444FEAC404AF6806FA04F66D
:1096A00007EA0607019721D0504566D0584567D094
:1096B000434FB8426ED0434FB84270D0424FB84289
:1096C00063D0424FB84256D0414FB84272D0DFF813
:1096D00014E1704568D0DFF810E1704514BF4FF019
:1096E0000A0E4FF0090E0EFA04F400E00024019F68
:1096F000A74219D1AC6824EA06064FF0B044AE6028
:10970000D4F8805025EA0C05C4F88050D4F8845071
:1097100025EA0C05C4F88450256825EA0C05256067
:10972000656825EA0C05656003255C0003F0070702
:109730000F2605FA04F40568BF00254306FA07F76B
:109740000560DD0800EB85052E6A26EA07062E6215
:10975000856825EA04058560456825EA02024260BD
:10976000C26822EA0404C460013331FA03F284D1EE
:1097700003B0BDE8F08F4FF0060E0EFA04F4B6E722
:109780004FF0020E0EFA04F4B1E74FF0050E0EFA98
:1097900004F4ACE74FF0030E0EFA04F4A7E74FF021
:1097A000040E0EFA04F4A2E74FF0080E0EFA04F4C9
:1097B0009DE770474FF0070E0EFA04F497E700BFDD
:1097C000000C0258001002580014025800180258E9
:1097D000001C0258000400580000025800040258FF
:1097E0000008025800200258002402580369194258
:1097F00014BF01200020704702B90904816170473D
:109800002DE9F04F056885B00446284607F06AF850
:10981000012802D005B0BDE8F08F206807F012F8EB
:109820000028F7D0206807F00DF810F4001F20681A
:1098300002D04FF40013436107F004F810F4801FC6
:10984000206802D04FF48013436106F0FBFF10F054
:10985000806F206802D04FF08063436106F0F2FF12
:1098600010F0020F20682FD106F0ECFF870000F106
:109870001381206806F0E6FFC60100F1CF80206862
:1098800006F0E0FF000700F1BE80206806F0DAFF76
:1098900010F0007F20681AD106F0D4FFC306B9D5B6
:1098A0002568AB6923F01003AB612E6AC6F3434110
:1098B000C6F30A17022902D1002F40F0C681AB6916
:1098C00043F01003AB61A5E702234361CCE707F047
:1098D00077F8D4F808E080462068BEF1000F00F069
:1098E000998005F5A06500264FF0280B4FF0020A7D
:1098F0004AE000F5A0694A0109EB4117BB685B0724
:109900005DD50423BB60FB6843F00203FB60BB68CA
:10991000980500F1FD80BB68DB0740F1CF8023692B
:1099200053B101EB81003B6904EBC000C3F3120C9F
:10993000836CA3EB0C03C3648B004FF0010C4FF05E
:10994000000E581804EBC000C0F858E080F85DC065
:10995000C7F808C090F83FE01EF0FD0F00F06481EA
:10996000BEF1030F00F040820B4404EBC30393F8F5
:10997000502082F0010283F85020D4F808E02068DB
:1099800001362035764545D206F00F0328FA03F359
:10999000D907F5D52B68F1B21A04AAD400F5A06254
:1099A0004FEA411C02EB4117BB6813F004090DD0CC
:1099B0000423BB60FB6843F00203FB60E0E7BB6885
:1099C0009B0640F1B3802023BB60A0E7BB6813F087
:1099D000200300F0CA8001EB8103202204EBC303C3
:1099E000BA6093F83D20012ACAD183F83D9083F8EC
:1099F0005CA0FB6843F00203FB6006F0E5FFD4F8CF
:109A000008E02068BCE72046FDF71CFD206808231D
:109A100043613BE74FF0007343613DE72668D6F8AA
:109A200040340293D6F840340393039B23F02E0373
:109A30000393029B980707D5029BD90700F1638126
:109A4000039B43F002030393029B1A0718D5039B61
:109A500043F008030393029B5B0740F15C81A1691B
:109A6000022900F09A81E368012B03D14EF66022AF
:109A7000C6F804242046FDF7F3FC2046FDF7E6FC7B
:109A80002068029B9F0603D5039B43F020030393AA
:109A9000039BC6F84034F3E6D5F84034204623F063
:109AA0002E03C5F84034FDF7D5FC0121206806F0EF
:109AB00065FF20684FF000534361DBE6BB68980701
:109AC00040F18E80FB6801EB810C23F0020304EB74
:109AD000CC0CFB608B009CF85D00012800F0B2808C
:109AE000052800F0AF80062800F0A381082800F0C8
:109AF000A081032800F0DC819CF85C000246C7F8D6
:109B000008A02046FDF7AAFCD4F808E0206837E753
:109B1000FB68206843F00203FB6006F055FF4FF43A
:109B200000732068BB60D4F808E029E7BB681B0716
:109B300000F1BB80BB685B057FF5E9AEFB68019275
:109B400043F002030091FB6006F03EFF00991020F5
:109B5000019A01EB8103B860082004EBC30383F88A
:109B60005D004FF48063BB60D1E6D7F8089019F030
:109B7000400F40F0B180BB6813F4007340F02F81B8
:109B8000D7F8089019F0010F40F03F81BB6813F03F
:109B9000080340F06881D7F8089019F0100F00F022
:109BA000C98001EB810204EBC2029365032382F8B2
:109BB0005D3092F83D303BB90BFB014393F83C20FC
:109BC00012B9012283F83D20FB6843F00203FB60D9
:109BD00006F0FAFE10232068BB60D4F808E0CFE658
:109BE000BB6813F0800340F0E380BA68D20640F10E
:109BF000D08001EB810004EBC00090F83F20032AE5
:109C000000F04B8112F0FD02E4D123698265002B44
:109C1000E0D10BFB0143032283F85D20FB68206841
:109C200043F00203FB60D3E7FA68206842F00202C7
:109C300001930091FA6006F0C7FE1022DDE90013DF
:109C4000BA6091E68CF85C0058E706F00F0606EB68
:109C5000860804EBC808D8F8441000293FF42FAE5A
:109C6000284605F5A0653A4606F04EFDD8F8443082
:109C700005EB46123B441169D8F84C20C8F8443033
:109C800073013A44C8F84C20BC4A0A405AB1EA5819
:109C900022F0804242F00042EA5098F8503083F0BF
:109CA000010388F85030256809E6FB684FF0050C81
:109CB000019243F002030091FB6001EB810304EB8E
:109CC000C30383F85DC01023BB600823BB6006F0AC
:109CD0007BFEDDE900121AE601EB810204EBC20211
:109CE0009365042382F85D30012382F83D30FB68E0
:109CF00043F00203FB6006F067FE40232068BB6070
:109D0000D4F808E03CE6B369204623F00053B36181
:109D1000FDF79CFB94E62046FDF7A6FBD6F8403401
:109D2000206823F02E03C6F84034836943F00053C3
:109D30008361A6E6BB681B0600F1C880BB685B05B3
:109D400000F1D780BB689B077FF51AAEFB680BFB61
:109D5000014023F00203FB6090F85D30012B00F01E
:109D6000E180032B00F0DB80042B00F0D880052B72
:109D700000F0FC80062B00F0E480082B00F0E1806E
:109D80000BFB01432046C7F808A093F85C20FDF7C1
:109D900065FBD4F808E02068F2E5029B206803F434
:109DA000C023B3F5802F18BF012106F0E7FD61E65F
:109DB000FB6801EB810243F0020304EBC202FB608B
:109DC000936D01339365062382F85D30206806F0B9
:109DD000FBFD80232068BB60D4F808E0D0E5FB6879
:109DE00043F00203FB6098E652F80970019347F0D4
:109DF0000057009142F80970624680F85CC0204626
:109E0000FDF72CFBDDE90013AEE5FA6801EB8109F3
:109E100042F0020204EBC909C9F85830FA6006F0B2
:109E2000D3FD0123BB6089F85D30D4F808E02068D9
:109E3000A6E503EB010C04EBCC0CDCF85800013078
:109E4000032825D8CCF8580002200B4404EBC303A8
:109E500083F85C0052F8093023F0804343F000435C
:109E600042F809304AE608230091BB60FB6843F0E2
:109E70000203FB6006F0A8FD0099052201EB8101B9
:109E800004EBC10383F85D20D4F808E0206877E58F
:109E90000020CCF858000420D7E7FA680BFB0140FB
:109EA00042F0020283652068FA6006F08DFD91E6BB
:109EB0000BFB0143022083F85CA052F8093023F029
:109EC000804343F0004342F8093017E6FB680091F5
:109ED00043F00203FB6006F077FD009906230BFBBD
:109EE000014181F85D3080232068BB60D4F808E030
:109EF00046E5FB68009143F00203FB6006F064FD59
:109F000010230099BB604FF480630BFB0141BB60E1
:109F1000082381F85D30D4F808E0206830E580F847
:109F20005CA02DE780F85C3090F83F30023B012BBD
:109F30003FF626AF90F8513083F0010380F851309E
:109F40001EE70BFB0140836D0133032B11D88365A2
:109F500002230BFB014080F85C3052F80C3023F0F8
:109F6000804343F0004342F80C3009E780F85C304E
:109F700006E7002383650423EBE700BF0000F81F1A
:109F800090F8B832012B0CD0012310B504460068BC
:109F900084F8B83206F078FD0023184684F8B83209
:109FA00010BD0220704700BFF8B505460E461746A3
:109FB000701C2C682CD1A369990727D4A369DA06F1
:109FC000F9D5A3699A06FCD520231022E261E3614A
:109FD000A3699F0701D50023A362A369DE0703D409
:109FE000A36943F00103A361636800221B48202199
:109FF0000340012063606B6C85F8402043F004034C
:10A000006B6485F8411085F84220F8BD0020F8BD4A
:10A01000A3699B07FAD4A369D9061BD4FDF752FBA9
:10A02000C01BB04201D8002EC2D16B6C202100228F
:10A0300001200B4385F840206B6485F8411085F8BA
:10A040004220F8BDFDF73EFBC01B8642EDD3002E3B
:10A05000EBD02C68A3699B06F4D5B5E700E800FEB9
:10A06000F8B505460E4617462C68A3699B0649D4E9
:10A07000A369DA0626D5731C38D1A3699E06FCD5E0
:10A0800020231022E261E361A369990701D500232F
:10A09000A362A369DA0703D4A36943F00103A361B0
:10A0A00063680022184820210340012063606B6C24
:10A0B00085F8402043F004036B6485F8411085F86F
:10A0C0004220F8BDFDF7FEFAC01BB04201D8002EB9
:10A0D000CAD16B6C2021002201200B4385F840205F
:10A0E0006B6485F8411085F84220F8BDA369980695
:10A0F000C6D4FDF7E7FAC01B8642EAD3002EE8D0AB
:10A100002C68B8E70020F8BD00E800FE00284ED01B
:10A1100010B590F84130044603F0FF02002B41D007
:10A1200023682421626884F84110196822F0706263
:10A13000E06821F00101012819601A619A6822F48F
:10A1400000429A60A26829D042F4044202289A6030
:10A1500002D14FF400625A6058684FF0200C154944
:10A16000226901435960D96821F40041D960D4E9DA
:10A170000501024342EA0122D4E90710DA60002215
:10A18000014310461960196841F0010119606264C9
:10A1900084F841C0226384F8422010BD42F400429A
:10A1A0009A60D9E780F84020FAF7D2F8B8E70120A2
:10A1B000704700BF008000022DE9F047984690F8F4
:10A1C0004130089E202B40F0878090F840300446B4
:10A1D000012B00F0818001238946174680F840302A
:10A1E000FDF770FA054604E0FDF76CFA401B1928EC
:10A1F00075D82368986910F40040F5D12122676270
:10A200006063C9F3090784F84120102284F84220D2
:10A210006064A4F82A80628D92B2FF2A6DD8628DA4
:10A22000494892B2D1B222855A6802403A4342EA82
:10A230000142464911435960DFF81C814FF0FF0A83
:10A24000DFF81891638D2A46314620469BB2002BD9
:10A2500030D0FFF7A9FE002873D1606A216810F89A
:10A26000012B238D8A62628D013B6062013A9BB2B1
:10A2700092B223856285628D92B2002BE2D1002AD0
:10A28000E0D0701C43D18B691A06FCD5638D9BB25C
:10A29000FF2B48D94B682A46A4F828A0204603EA99
:10A2A00008033B4343EA09034B603146638D9BB28D
:10A2B000002BCED1FFF7D4FE002842D12368202105
:10A2C000234DD9615A682A405A6084F8411084F8B5
:10A2D000400084F8420000E00220BDE8F087636C93
:10A2E0002021002201200B4384F84020636484F87D
:10A2F000411084F84220BDE8F0875A6812490A40AC
:10A3000014493A431143FF222285596094E78B692F
:10A310001B06BBD4FDF7D6F9401B8642DFD3002EC7
:10A32000DDD02168ADE7638D9BB2DAB223854B683F
:10A3300003EA080343EA02433B4343F000734B60E4
:10A3400080E70120BDE8F087009800FC0020008233
:10A3500000E800FE0020FF81009C00FC0000FF01DF
:10A360002DE9F0471F4690F84130202B40F08E80B9
:10A3700004460D46002900F08380B2FA82F91646A1
:10A380004FEA5919002A7BD05FFA83FA90F84030DF
:10A39000012B7BD0012380F84030FDF793F9212376
:10A3A00065628046256884F8413084F842A0C4F88C
:10A3B000449066856B68C4F8349023F400436B6066
:10A3C0007B1C66D1AE693607FCD50823EB61E368D8
:10A3D000022B06D0AE69F60328D4AE69F603F9D590
:10A3E00024E0AB691907FCD50823EB617B1CF1D095
:10A3F000AB69DD031AD4FDF765F9A0EB08008742CD
:10A4000053D3002F51D02568F0E742463946204605
:10A41000FFF7CAFD00285BD1636A226813F8011BAD
:10A420009162658D6362013DADB26585638D9BB2BE
:10A43000002BEAD1424639462046FFF711FE00289C
:10A440004DD02268536843F400435360636C042B7F
:10A4500054D1002363642023D361781C41D19369D4
:10A460001904FCD451680023202041F400415160BC
:10A4700084F84100184684F8423084F8403003E004
:10A480004FF4007301206364BDE8F0870220BDE84B
:10A49000F087AB69180733D4FDF714F9A0EB080077
:10A4A000874202D30FB125688AE7636C2020002120
:10A4B0002268034384F84010636484F8410001205B
:10A4C00084F84210536843F400435360BDE8F087BA
:10A4D00022680120536843F400435360D4E72268A4
:10A4E000B9E793691B04BDD5FDF7ECF8A0EB0800B4
:10A4F0008742DAD3002FD8D02268AEE70120C3E725
:10A500000823EB61E368022B7FF470AF08E0FDF7EE
:10A51000D9F8A0EB08008742C7D3002FC5D0256823
:10A52000AB691A07F3D55FE70268436B916912685C
:10A5300003B11847704700BF90F84100704700BF53
:10A5400090F84120202A23D15FFA82FC90F8402025
:10A550000346012A1CD00268242000B583F841007C
:10A560004FF0000E106820F001001060106820F419
:10A57000805010601068014370461160116841F00E
:10A580000101116083F841C083F840E05DF804FBED
:10A590000220704790F84120202A22D1034600B5BE
:10A5A0005FFA82FE90F84020012A1CD00268242025
:10A5B0004FF0000C83F84100106820F0010010609B
:10A5C000106820F4706040EA012160461160116853
:10A5D00041F00101116083F841E083F840C05DF86B
:10A5E00004FB0220704702205DF804FBF0B58BB03D
:10A5F000002800F0888090F8BD330546046803F019
:10A60000FF02002B79D0204603232E462F1D85F80C
:10A61000BD33E36B6C4613F4807308BF2B6105F008
:10A62000AFFC56F810EBB446BCE80F000FC4BCE812
:10A630000F000FC49CE8030084E80300704697E80D
:10A640000E0005F081FB044630B1012402232046B0
:10A6500085F8BD330BB0F0BD0146286805F098FCC5
:10A66000686858B322464FF0010E2146C2EBC20380
:10A6700002F1010C05EB830383F83C20A3F8422090
:10A680005FFA8CF283F83DE0824283F83F1019654F
:10A69000C3E91111EAD30022C4EBC403611C05EB2A
:10A6A000830383F8FC41CCB283F8FD21844283F814
:10A6B000FF21C3F81022C3E98122EDD36C460FCEEF
:10A6C0000FC40FCE0FC496E8030084E8030097E898
:10A6D0000E00286805F074FC04460028B5D101225C
:10A6E0006B6A85F83800934285F8BD230FD028683F
:10A6F00006F09AF820460BB0F0BD80F8BC23FCF7BA
:10A70000F9FA286880E7012420460BB0F0BD2846FE
:10A7100000F006FDEBE700BF10B590F8BC3304462F
:10A720000068012B17D00122A36A934284F8BC234E
:10A7300009D006F06BF8206805F01AFC00231846D3
:10A7400084F8BC3310BDA3699342F2D0836B43F409
:10A7500080338363EDE7022010BD00BF2DE9F04F89
:10A76000076889B00446384606F0BCF810B109B055
:10A77000BDE8F08F8246206806F064F80028F6D025
:10A78000206806F05FF810F0020F206803D04369DC
:10A7900003F00203436106F055F810F4002B206823
:10A7A00040F0508106F04EF810F4802F206840F001
:10A7B000EB8006F047F8002874DB206806F042F8CA
:10A7C000000564D4206806F03DF8020114D5226823
:10A7D000536903F00063536194F8F433002B40F0A5
:10A7E00095810121204684F8F413536DC3F383034C
:10A7F000C4F8F83300F0ACFC206806F023F8C3047A
:10A800007BD4206806F01EF810F4005F20685DD14C
:10A8100006F018F810F0100F206812D0836923F0AA
:10A82000100383613D6AC5F3434305F00F06022B15
:10A8300000F03182062B00F07F81836943F0100322
:10A84000836105F0FFFF070700F15781206805F0DD
:10A85000F9FFC60200F14681206805F0F3FF85028A
:10A8600000F13581206805F0EDFF400000F1268100
:10A87000206805F0E7FF41077FF579AF23685D6841
:10A880006A0700F129825A682A435A606FE7D7F8AD
:10A890000838D90700F11C822068436903F400637B
:10A8A000436190E7D7F8043823F00103C7F8043870
:10A8B00094F8F433012B00F038812046FCF704FBB8
:10A8C0002068436903F00043436177E706F00EF820
:10A8D000206805F095FC2568E06001F06DFD227BA5
:10A8E0000146284605F0C2FA2046FCF7C3FA206864
:10A8F000436903F4005343618AE7D7F80438102111
:10A90000206807F5006523F001036B6005F05EFC2D
:10A910006068B0B107F510634FF67F3199600AF1B6
:10A92000010A1A682033824522F4001243F8202CD1
:10A93000C3F8E811D3F8E02122F40012C3F8E021B3
:10A94000ECD1EB6943F00113EB61236B002B40F07A
:10A95000E1806A6942F22B0313436B612B6943F078
:10A960000B032B61D7F8003804F57172217C23F4B6
:10A97000FE632068C7F8003805F0D4FF20684369FB
:10A9800003F4805343613DE705F074FF804620687F
:10A99000B8F1000F00F0E580264607F510694FF08A
:10A9A000000BCDE9037A09E05FEA58080BF1010BCF
:10A9B00006F11C0609F1200900F0D58018F0010FFE
:10A9C000F2D05FFA8BF7394605F070FFC3070546F2
:10A9D0001FD50BF00F03039901229A40D1F83438A8
:10A9E00023EA0203C1F834380123C9F80830236987
:10A9F000012B03D1D6E911231344B3643946204611
:10AA0000FCF72AFA2369012B03D1BBF1000F00F0F8
:10AA1000AC81280702D50823C9F80830E90602D519
:10AA20001023C9F808306A0602D54023C9F8083057
:10AA3000AB0702D50223C9F808302D0600F1C68005
:10AA40002068B1E705F008FF05462068002D00F0FA
:10AA5000868007F53066A1464FF0000B049707E0AB
:10AA60006D080BF1010B06F1200609F11C097DD0E0
:10AA7000EB07F5D55FFA8BF1039105F009FF10F0B4
:10AA8000010F8046039973D118F0080F40F0F2804F
:10AA9000206818F0100F01D01023B36018F0200FB9
:10AAA00005D02169012900F05A812023B36018F4F0
:10AAB000005FD5D04FF40053B360D1E72046FCF7D8
:10AAC0000FFA2068436903F080434361D1E62046D2
:10AAD0005FFA8BF1FCF7FCF92068436903F400137B
:10AAE0004361C0E620465FFA8BF1FCF7F5F9206878
:10AAF000436903F480134361AFE62046FCF7B6F9DF
:10AB00002068436903F008034361A0E62046FCF790
:10AB1000C3F971E6D5F8843043F00B03C5F88430EF
:10AB20006B6C43F00B036B641CE70021204684F838
:10AB3000F41300F00DFBC3E6C6EBC606082204F5CD
:10AB40007171384605F0E0FDC5F30A1304EB860287
:10AB50002068D2F814120B44C2F814326DE6AB46EA
:10AB600020E6C34625E6DDE9037A22E6049F19E6DE
:10AB7000206801232769B36000F53063012FD0F806
:10AB800040E003EB4B139A6800F0C580984FBE4538
:10AB900040F0BD80170440F1B6804FF4004218F039
:10ABA000080F9A603FF475AF026C986890498A422A
:10ABB00000F0978020460392FCF73EF98D4B039AF4
:10ABC0009A4200F296800823B36061E7D6E91453F5
:10ABD000D4F800A0AB4250463FF6E6AE0AF510624C
:10ABE000716CCDF81CA002EB4B120592EA1A8A4256
:10ABF00028BF0A4605998969033289B2B1EB920FE1
:10AC0000C0F0A980CDF81890C146A046059C1AE076
:10AC1000736C3A46B16C50469D4228BF1D4698F869
:10AC200010300093ABB205F059FDB36CA1692B4411
:10AC300089B2B364736D2B440335B1EB950F736523
:10AC4000C0F08180356D9D42A5EB0305E0D84446F8
:10AC5000C846DDF81890D4F800A0079B01225046A2
:10AC600003F500610BF00F039A404B6B23EA0203DC
:10AC70004B6399E62268216902F53063126C012961
:10AC800003EB4B13986891D15A498A4229D8204640
:10AC9000FCF7D2F897E747F6F0731D423FF4CDADCD
:10ACA000C6EBC606C5F30A12384604EB86061546FF
:10ACB000D6F8081205F028FDD6F8083220682B4493
:10ACC000C6F80832D6F814322B44C6F81432B4E56C
:10ACD0002046FCF7E1F8DFE52046FCF705F923689C
:10ACE000D1E5020402D54FF400429A602046FCF7F9
:10ACF000A3F8216901297FF466AF04F57172206819
:10AD000005F010FE5FE7900601D520229A602046EC
:10AD1000FCF798F8B8E6170732D536498E4504D9BE
:10AD2000120402D54FF400429A6020460393FCF7C8
:10AD300083F804F571720121206805F0F3FD082203
:10AD4000039B9A60A0E64446356DC846DDF818902E
:10AD5000D4F800A050469D423FF626AE7DE704F5AC
:10AD6000717205F0DFFD20689FE6236D002B7FF4F4
:10AD700050AE04F571720121206805F0D3FD48E65C
:10AD8000970608D520229A6018F0080F3FF481AE8C
:10AD9000026C986878E712F0280FF5D1154FBE4580
:10ADA00005D9120403D54FF400429A60ECE71B6901
:10ADB0002046D9F80422C3F31203D31AC9F8143277
:10ADC000D9F808321344C9F80832FCF73BF8BBF154
:10ADD000000F7FF459AED4F81032002B7FF454AE3C
:10ADE00004F571720121206805F09CFD4CE600BF5E
:10ADF0000A31544F0A30544F90F8BC23012A0ED028
:10AE0000012210B50446006884F8381084F8BC2389
:10AE100005F0EAFC0023184684F8BC3310BD02207C
:10AE2000704700BF10B501F00F0E0906044627D485
:10AE30004FF01C0C0CFB0E0C0CF5FE71CEEBCE0C87
:10AE400000EB8C0C00208CF8FD018A604A7881F8B8
:10AE500000E0CB700AB1A1F806E0022B01D100237B
:10AE60000B7194F8BC33012B18D00123206884F8AF
:10AE7000BC3305F0D7F90023184684F8BC3310BD65
:10AE80001C204FF0010C00FB0E4000F13C01CEEB0A
:10AE9000CE0004EB800080F83DC0D6E7022010BD54
:10AEA00011F0800F01F00F034FF01C0110B50446A4
:10AEB0001AD101FB0341C3EBC302002001F5FE716F
:10AEC00004EB820282F8FD010B7094F8BC33012B75
:10AED00019D00123206884F8BC3305F0EBF9002376
:10AEE000184684F8BC3310BD01FB0341C3EBC30219
:10AEF000012004EB82023C3182F83D000B7094F893
:10AF0000BC33012BE5D1022010BD00BF10B501F00C
:10AF10000F041C21C4EBC40C01FB040100EB8C0CDE
:10AF200001F5FE71CCF810320023CCF808228CF821
:10AF3000FC41CCF814328CF8FD3103690068012B18
:10AF400008BFCCF80C22DAB21CB905F00DFB0020CA
:10AF500010BD05F0F1F9002010BD00BF01F00F0198
:10AF6000C1EBC10100EB8101D1F81402704700BFB1
:10AF700010B501F00F041C21C4EBC40C01FB04014B
:10AF800000EB8C0C3C31CCF850300023CCF848203E
:10AF9000CCF8543001238CF83C408CF83D300369E8
:10AFA0000068012B08BFCCF84C20DAB21CB905F0C0
:10AFB000DBFA002010BD05F0BFF9002010BD00BF76
:10AFC00038B5436801F00F059D4234D80B0604469E
:10AFD0001DD41C22C1EBC10302FB010100EB830362
:10AFE000002201F5FE7183F8FD2101230D708B70A5
:10AFF00094F8BC239A421CD0206884F8BC3305F036
:10B0000093FBD5B10023184684F8BC3338BD1C210E
:10B01000C5EBC503012201FB050100EB83033C31B5
:10B0200083F83D2001230D708B7094F8BC239A4265
:10B03000E2D1022038BD012038BD04F57172217CB7
:10B04000206805F06FFCDDE7426838B501F00F03BA
:10B05000934232D811F0800F04464FF01C01C3EB2D
:10B06000C30219D101FB0341002004EB8202002539
:10B0700001F5FE7182F8FD010B708D7094F8BC3300
:10B08000012B18D00123206884F8BC3305F080FB25
:10B09000284684F8BC5338BD01FB0341012004EB72
:10B0A000820200253C3182F83D000B708D7094F8CF
:10B0B000BC33012BE6D1022038BD012038BD00BFD2
:10B0C00010B40468606A31B940EA0240A06200200E
:10B0D0005DF8044B7047A36AB1F1010C00EB13401B
:10B0E0000BD0002303F14001013304EB8101DBB2FB
:10B0F0004968634500EB1140F4D30CF1400C40EA81
:10B10000024004EB8C0C5DF8044BCCF804000020EA
:10B11000704700BF034600201B685962704700BF9C
:10B1200003464FF0000C09491A68604610B4012428
:10B1300083F8F4C3C3F8FC4393695DF8044B43F010
:10B1400000639361536D194351657047030000100C
:10B15000704700BF38B5114BDA68520704D4DB687A
:10B1600003F00703834214D10C4CE36823F0070378
:10B170001843E060FCF7A6FA054605E0FCF7A2FAE2
:10B18000401BB0F57A7F06D863689B04F6D5002093
:10B1900038BD012038BD032038BD00BF004802582B
:10B1A000024AD36843F08073D36070470048025866
:10B1B00070B44D6A15B1B2F1406F3AD18B691BB3CF
:10B1C0000C6A002C4CD08E680068C661CE69002ED7
:10B1D00069D02B4313432343CC6A334323430C6B83
:10B1E00023434C6B23430C692343CC6823430C68F3
:10B1F00023434C69B2F1406F43EA8443436165D015
:10B200004B6870BC836170470B6ABBB100682B430D
:10B210008C68CE69C461002E6BD01343CC6A334373
:10B2200023430C6B23434C6B23430C692343CC68AF
:10B23000DEE78B6A0468013B2361BFE7CB69002B23
:10B2400066D1002D42D0CB6A0C6B2B4300681343B0
:10B250004A6923434C6B234343EA8243436135E00D
:10B26000CC6945EA030C002C32D003684CEA02009A
:10B27000B2F1406F40EA0400CC6A40EA04000C6B73
:10B2800040EA04004C6B40EA0400CC6840EA040049
:10B290000C6840EA04004C6940EA8440586115D0CB
:10B2A0004A689A6112E045EA030C0D694CEA020310
:10B2B000CA6A23431343D1E90C4223430C68134366
:10B2C0004A692B43234343EA8243436170BC70477E
:10B2D000CC6A4CEA020300682343D1E90C422343C1
:10B2E0000C6813434A69234343EA824370BC4361B9
:10B2F0007047CC6A13432343D1E90C4223431343E1
:10B30000D1E90442234343EA824370BC436170475E
:10B310002B43CD6A0C6B134300682B4323434C6BC8
:10B3200084E700BF70B50446FCF7CCF9002C54D07C
:10B3300094F84030012B52D00123064684F8403067
:10B3400094F8413003F0FF02002B34D0A56C226842
:10B35000A1681368013923F4706343EA0123136081
:10B3600001E06B1C31D1936813F02003F9D1E0693F
:10B37000E16815680143206A0143606841EA0061A1
:10B380001C482840014360691160A1695568014368
:10B39000206941EA00411848284001250143184628
:10B3A0005160116829431160636484F8415000239F
:10B3B00084F8403070BD204684F84020F9F720FC26
:10B3C00041F288331D46A364C1E7FCF77BF9801B7B
:10B3D000A84206D82DB12268C5E7012070BD022021
:10B3E00070BD0423012084F84130636C034363641F
:10B3F000DDE700BF2FFFFF00FEF8E0FFC8B110B58A
:10B4000090F840300446012B11D00268012380F8E7
:10B410004030136823F001031360F9F77FFC002329
:10B420006364184684F8413084F8403010BD02202F
:10B4300010BD0120704700BF2DE9F04104460E46C3
:10B440001546FCF73FF994F84030012B3AD0012320
:10B4500084F8403094F84130012BDFB206D0022747
:10B460000023384684F84030BDE8F0810023804650
:10B470006364022384F84130681C23680ED19A6803
:10B4800012F02002FBD131462046FFF791FE736A8D
:10B49000E3B10123002784F84130E1E79A6812F014
:10B4A00020021ED0FCF70EF9A0EB0800854201D364
:10B4B000002DE1D1042384F84130636C43F0010393
:10B4C0006364CDE702273846BDE8F08122689368BF
:10B4D0009B07FCD5022101230027D16084F841306D
:10B4E000BEE731462046FFF763FE736A43B1D0E7FB
:10B4F000FCF7E8F8A0EB08008542DBD3002DD9D09B
:10B50000226893689907F3D5E4E700BF2DE9F84373
:10B51000044689461546FCF7D5F894F8403027686C
:10B52000012B67D0012384F8403094F84130012B7F
:10B530005FFA83F807D04FF002080023404684F8F2
:10B540004030BDE8F88300236364B9F1000F56D0A2
:10B550001223064684F841303B690133E3623B69BC
:10B56000C4F824900133A3627B6923F040637B61BC
:10B57000E36A002B31D06A1C394611D18B685B0716
:10B58000FCD5636A1B7887F82030E26A636A013A67
:10B590000133E262E26A6362F2B16A1C2168EDD0B3
:10B5A0008B685807EDD4FCF78DF8801B854201D3DA
:10B5B000002DF2D1042384F84130636C43F0010381
:10B5C000636413E0BB689B070CD4FCF77BF8801B1B
:10B5D0008542EFD3002DEDD02768691CF2D1BB68FE
:10B5E0009A07FCD502234FF00008FB60012384F882
:10B5F0004130A2E74FF002084046BDE8F883636C93
:10B6000043F00803636498E72DE9F84304461546C0
:10B610008946FCF757F82768BA6994F84030012B3F
:10B620006CD0012384F8403094F84130012B5FFA4C
:10B6300083F807D04FF002080023404684F84030DA
:10B64000BDE8F88300236364B9F1000F5BD02223C7
:10B65000064684F841303B690133A3633B69C4F873
:10B660003090013363637B6923F0406343F0806370
:10B670007B61BA61A36B002B33D0681C394612D1B1
:10B680008B6813F0060FFBD097F82020236B1A70FD
:10B69000A26B236B013A0133A263A26B2363FAB15D
:10B6A000681C2168ECD08B6813F0060FECD1FCF716
:10B6B00009F8801B854201D3002DF1D1042384F8C1
:10B6C0004130636C43F00103636413E0BB689B0784
:10B6D0000CD4FBF7F7FF801B8542EFD3002DEDD094
:10B6E0002768691CF2D1BB689A07FCD502234FF08A
:10B6F0000008FB60012384F841309DE74FF0020809
:10B700004046BDE8F883636C43F00803636493E745
:10B710002DE9F84F04461F4689469046FBF7D2FFB5
:10B7200094F84030012B52D0012384F8403094F833
:10B730004130012B5FFA83FB07D04FF0020B00234F
:10B74000584684F84030BDE8F88F00238246636491
:10B75000422384F841307A1C26682CD1B568AB06A8
:10B76000FCD4D8F8003049462046B362D8F80430FB
:10B770007362D8F80830F3623268D8F8103022F4D7
:10B7800040021343D8F80C2043F480033360C9F817
:10B7900028204FF00062FFF70BFD781C22681BD1B8
:10B7A00093681907FCD5082101234FF0000BD160E5
:10B7B00084F84130C3E7B3689D06D2D5FBF782FF1A
:10B7C000A0EB0A00874212D3002FC4D10FE04FF044
:10B7D000020B5846BDE8F88F93681B07E3D4FBF7CC
:10B7E00071FFA0EB0A00874201D3002FD5D10423BB
:10B7F00084F84130636C43F0010363649FE700BF4A
:10B800002DE9F04704460F461646FBF75BFF94F818
:10B810004030012B45D0012384F8403094F841306A
:10B82000012B5FFA83F907D04FF002090023484645
:10B8300084F84030BDE8F08700238046D4F848A063
:10B840006364822384F84130BAF1FF3F256814D144
:10B85000AB689A06FCD42B68726823F00803082AA8
:10B8600043EA02032B6021D04FF040623946204664
:10B870004FF00009FFF79CFCD8E7AB689B06EAD5C0
:10B88000FBF720FFA0EB0800824502D3BAF1000FBE
:10B89000DAD1042384F84130636C43F0010363641C
:10B8A000C4E74FF002094846BDE8F087326810232C
:10B8B0002A63EB602B6843F480132B60D4E700BF4E
:10B8C000704700BF08B5006C00238363C36290F823
:10B8D0004130082B0BD103680222DA601A6842F467
:10B8E00000321A601A6842F002021A6008BD012391
:10B8F00080F84130FFF7E4FF08BD00BF704700BF8C
:10B90000704700BF704700BF704700BF704700BF5F
:10B91000704700BF704700BF38B5036804469A6897
:10B92000196855070ED548030CD594F84120122A02
:10B9300075D094F84120222A00F0A1802046FFF71C
:10B94000E5FF38BD950726D5880324D50222DA60A5
:10B950001A6822F4E0221A6094F84120122A7AD060
:10B9600094F84120222A00F0A98094F84120022A6C
:10B9700000F0D08094F84120082AE2D15A690121D0
:10B98000204622F040625A6184F84110636C3BBB50
:10B99000FFF7B4FF38BD150725D4D50735D5C80343
:10B9A00033D50125DD601A6822F470221A60626CBA
:10B9B00042F0020262641A68520779D51A68E06B95
:10B9C00022F004021A60574B836507F0BBF8002889
:10B9D000B7D0636C204643F00403636484F841509D
:10B9E000FFF76EFF38BD0803D7D50822DA601A6862
:10B9F000520206D51A68012122F410221A6084F836
:10BA000041102046FFF784FF38BDD00699D5CA0201
:10BA100097D510222046DA60FFF77CFF38BD9A6880
:10BA200050078BD518460EE0626A127883F8202002
:10BA3000E16A20680139626AE1620132816862620A
:10BA40004D077FF57BAFE26A002AEDD1036823F44E
:10BA50008023036072E71A68510709D51A68E16B01
:10BA600022F0040209681A60CB6823F00103CB605E
:10BA70000123204684F84130FFF746FF38BD9A681D
:10BA800052077FF55BAF18460EE093F82010226B4B
:10BA90001170A16B20680139226BA16301328168AA
:10BAA000226349077FF54AAFA26B002AEDD1CDE7AB
:10BAB000204684F84150FFF703FF38BD1A6852074B
:10BAC0001DD49A6812F47C5F0FD111E093F8201016
:10BAD000226B1170A16B20680139226BA1630132C6
:10BAE0008168226311F47C5F02D0A26B002AEDD141
:10BAF0000123204684F84130FFF704FF38BD1A685F
:10BB0000E16B22F0040209681A60CB6823F001039C
:10BB1000CB60EDE70123204684F84130FFF7F0FECB
:10BB200038BD00BFC5B80008002800F0DE81F8B5B8
:10BB300003680446D80730D59F490A69896A02F02C
:10BB40003802102A00F00081182A00F0F88063689B
:10BB5000B3F5803F00F02081002B00F05E81B3F54B
:10BB6000A02F954B1A6800F02F8222F480321A60C1
:10BB70001A6822F480221A60FBF7A4FD8E4E41F26F
:10BB80008837054605E0FBF79DFD401BB84200F2F3
:10BB9000428133689A03F6D523689D0700F18580BA
:10BBA000D9062FD5844A1369926A03F03803082B0B
:10BBB00000F0DA80182B00F0D280E3697E4D002B74
:10BBC00000F065812B6843F080032B60FBF77AFD62
:10BBD000064605E0FBF776FD801B022800F21B817C
:10BBE0002B68DB05F6D5FBF785FD41F20303984290
:10BBF00000F20B826B68226A23F0F84343EA826307
:10BC00006B6023681D0716D563696B4D002B00F030
:10BC10001C816B6F43F001036B67FBF753FD064616
:10BC200005E0FBF74FFD801B022800F2F4806B6FEC
:10BC30009807F6D523689A0616D5A3695E4D002BA2
:10BC400000F014812B6843F480532B60FBF73AFD1E
:10BC5000064605E0FBF736FD801B022800F2DB807C
:10BC60002B689F04F6D52368590700F19B80636A0F
:10BC7000CBB1514D2A6902F03802182A6DD0022B3F
:10BC80002B6823F080732B6000F03981FBF71AFDDD
:10BC9000044605E0FBF716FD001B022800F2BB80FE
:10BCA0002B689B01F6D40020F8BD434A1369926AC1
:10BCB00013F0380329D1404BE2681B68590701D5BE
:10BCC000002A4AD03C4D2B6823F0190313432B6004
:10BCD000FBF7F8FC064605E0FBF7F4FC801B0228A6
:10BCE00000F299802B685B07F6D5FBF703FD41F264
:10BCF0000303226998426B6800F2F08023F47C33DE
:10BD000043EA02336B6023684AE7182B00F0E280B5
:10BD1000294DE2682B68002A00F0CB8023F019033C
:10BD200013432B60FBF7CEFC064604E0FBF7CAFC8E
:10BD3000801B02286FD82B685F07F7D5D5E701F085
:10BD4000030102297FF403AF1B4A126891037FF5B8
:10BD500024AF6268002A7FF420AF0120F8BD02F012
:10BD60000302012A7FF429AF134B1B68DA0502D5C1
:10BD7000E369802BF1D1FBF7BDFC41F203030E4ACE
:10BD80009842216A00F2B380536823F0F84343EAF3
:10BD900081635360236835E7074A136843F48033AF
:10BDA0001360E9E6054D2B6843F480732B60FBF7C5
:10BDB00089FC064609E000BF0044025800480258CA
:10BDC000FBF780FC801B642825D82B68DA05F7D5A3
:10BDD000A368012B00F02281002B00F0FD80052BD1
:10BDE000954B1A6F00F0208122F001021A671A6F3A
:10BDF00022F004021A67FBF765FC8F4E41F2883788
:10BE0000054604E0FBF75EFC401BB84203D8336FE5
:10BE10009B07F7D52BE70320F8BD874D41F2883704
:10BE20002B6823F480332B602B6823F480232B6052
:10BE3000FBF748FC064604E0FBF744FC801BB842D5
:10BE4000E9D82B689B03F7D4A6E66B6F23F00103B8
:10BE50006B67FBF737FC064604E0FBF733FC801BFF
:10BE60000228D8D86B6F9907F7D4E3E62B6823F440
:10BE700080532B60FBF726FC064604E0FBF722FC10
:10BE8000801B0228C7D82B689804F7D4EBE62B68F0
:10BE900023F080032B60FBF715FC064604E0FBF75C
:10BEA00011FC801B0228B6D82B68DF05F7D4236865
:10BEB000A8E623F001032B60FBF704FC064604E030
:10BEC000FBF700FC801B0228A5D82B685807F7D485
:10BED000236865E690077FF41BAFECE623F0FE4392
:10BEE00043EA02636B6023685AE601207047D36817
:10BEF00023F07C5343EA0163D360236882E6FBF7B7
:10BF0000E1FB064604E0FBF7DDFB801B022882D83C
:10BF10002B689901F7D4A96A484BA26A0B4048499B
:10BF2000454E1343E26A43EA0213AB62D4E90D3291
:10BF3000013B013A5B0212049BB202F4FE0213437E
:10BF4000226B013AC2F308021343E26B013A120674
:10BF500002F0FE4213432B63EB6A23F00103EB6212
:10BF60006A6BA36C114041EAC3016963EB6A226CFE
:10BF700023F00C031343EB62EB6A626C23F00203C1
:10BF80001343EB62EB6A43F48033EB62EB6A43F4F6
:10BF90000033EB62EB6A43F48023EB62EB6A43F01D
:10BFA0000103EB622B6843F080732B60FBF78AFB85
:10BFB000044605E0FBF786FB001B02283FF62BAF8B
:10BFC00033689A01F6D56EE642F480221A601A6848
:10BFD00042F480321A60CFE5174D41F288372B6F5B
:10BFE00023F001032B672B6F23F004032B67FBF770
:10BFF00069FB064605E0FBF765FB801BB8423FF690
:10C000000AAF2B6F9807F6D431E6EB68226A23F06B
:10C010007C5343EA0263EB602368F3E5064A136F3F
:10C0200043F001031367E6E642F004021A671A6F51
:10C0300042F001021A67DEE6004402580CFCFFFFE2
:10C040000700FFFF474A136903F03803102B04D0A1
:10C05000182B0DD01BB144487047444870471368F3
:10C0600099064AD513684248C3F3C103D8407047C4
:10C07000936A30B4946AD56A14F47C7F516BC4F32C
:10C08000051038D0C1F3CC0105F0010503F003031E
:10C0900005FB01F1012B07EE901AB8EEE77A02D00A
:10C0A000022B2CD093B307EE900A9FED325AF8EE94
:10C0B000E77A136BC5EE276ADFED2F5AC3F3080347
:10C0C00007EE903AB7EE006AF8EEE77AE7EE257AE7
:10C0D00077EE867A66EEA76A224B1B6BC3F3462384
:10C0E000013307EE903AB8EEE77AC6EE877AFCEEB7
:10C0F000E77A17EE900A30BC70471D48704707EE8C
:10C10000900A9FED1E5AF8EEE77AD2E713689B0675
:10C1100020D5146807EE900A1549F7EE005A136B04
:10C12000C4F3C104F8EEE77A9FED135AC3F3080392
:10C13000E14006EE903A06EE101AF8EEE66AB8EE26
:10C14000C66AE7EE056A86EE277A76EEA56A66EE9F
:10C15000876AC1E707EE900A9FED095AF8EEE77A81
:10C16000A7E700BF0044025800093D000024F40086
:10C170000090D0030024744A000000390024744B5E
:10C180000024744C002800F00281874A136803F0F1
:10C190000F038B422DE9F04104460D460CD2136883
:10C1A00023F00F030B431360136803F00F038B425C
:10C1B00002D00120BDE8F08123685F070BD57B49E1
:10C1C00020698A6902F07002904204D98A6922F0DB
:10C1D000700202438A611E070BD574496069CA69FF
:10C1E00002F07002904204D9CA6922F07002024340
:10C1F000CA61D8060BD56D49A069CA6902F4E0622C
:10C20000904204D9CA6922F4E0620243CA619906E5
:10C210000BD56649E0690A6A02F07002904204D9BF
:10C220000A6A22F0700202430A629A0740F1A18072
:10C230005E48E168826902F00F02914204D9826986
:10C2400022F00F020A438261D80730D5574AA1680D
:10C25000936923F470630B43936161681368022947
:10C2600000F09780032900F08E80012900F097806C
:10C2700058079ED54D4E41F28838336923F00703A5
:10C280000B433361FBF71EFA074605E0FBF71AFA8A
:10C29000C01B404500F281803369626803F03803B7
:10C2A000B3EBC20FF2D12368990706D5E1683F4886
:10C2B000826902F00F028A425FD83B490A6802F0A5
:10C2C0000F02AA420AD90A6822F00F022A430A6022
:10C2D0000A6802F00F02AA427FF46BAF5A070BD52F
:10C2E000324920698A6902F07002904204D28A6958
:10C2F00022F0700202438A611F070BD52B49606947
:10C30000CA6902F07002904204D2CA6922F0700237
:10C310000243CA61DE060BD52449A069CA6902F44A
:10C32000E062904204D2CA6922F4E0620243CA6128
:10C330009D060BD51D4AE169136A03F0700399420B
:10C3400004D2136A23F070030B431362FFF77AFEE3
:10C35000164A0346164892691649C2F30322825CC4
:10C360000E2002F01F02D340BDE8F0410B60FBF746
:10C3700047B9DA073FF56AAF9FE7826922F00F02FB
:10C380001143816199E79F013FF574AF11E70120E7
:10C3900070479B033FF56EAF0BE703200AE7DE050E
:10C3A0003FF568AF05E700BF002000520044025887
:10C3B000405F01083C02002408B501F095F9064BE6
:10C3C00006499B69064A03F00F03CB5C03F01F0389
:10C3D000D840106008BD00BF00440258405F01080B
:10C3E0004002002410B501F07FF90949094A8B6920
:10C3F000094C03F00F03D35C03F01F03D840206007
:10C40000CB69C3F30213D35C03F01F03D84010BD04
:10C4100000440258405F01084002002410B501F0BA
:10C4200063F90949094A8B69094C03F00F03D35C8E
:10C4300003F01F03D8402060CB69C3F30223D35C11
:10C4400003F01F03D84010BD00440258405F0108AC
:10C4500040020024F8B53A4CA36A03F00303032B0F
:10C4600067D0236806460F4623F080632360FBF7FE
:10C4700029F9054604E0FBF725F9431B022B56D8A2
:10C4800023681A01F7D4A36A326823F47C3343EAA1
:10C490000233A362D6E90232013B013A5B02120485
:10C4A0009BB202F4FE0213437268013AC2F308021F
:10C4B00013433269013A120602F0FE421343A363AA
:10C4C000E36A726923F0C0031343E362E26AB3696B
:10C4D00022F020021A431B4BE262E26A22F01002B1
:10C4E000E262E16BF2690B4043EAC203E363E36A91
:10C4F00043F01003E362E36AEFB1012F0CBF43F492
:10C50000801343F40013E3620D4C236843F080630F
:10C510002360FBF7D7F8054604E0FBF7D3F8401B90
:10C52000022804D823681B01F7D50020F8BD03209A
:10C53000F8BD0120F8BD43F40023E362E4E700BF47
:10C54000004402580700FFFFF8B53A4CA36A03F015
:10C550000303032B67D0236806460F4623F080535E
:10C560002360FBF7AFF8054604E0FBF7ABF8431B8D
:10C57000022B56D823689A00F7D4A36A326823F0B6
:10C580007C7343EA0253A362D6E90232013B013ACB
:10C590005B0212049BB202F4FE0213437268013A7A
:10C5A000C2F3080213433269013A120602F0FE4256
:10C5B00013432364E36A726923F440631343E36221
:10C5C000E26AB36922F400721A431B4BE262E26A28
:10C5D00022F48072E262616CF2690B4043EAC203AA
:10C5E0006364E36A43F48073E362E36AEFB1012FAB
:10C5F0000CBF43F4000343F08073E3620D4C2368E7
:10C6000043F080532360FBF75DF8054604E0FBF739
:10C6100059F8401B022804D823689B00F7D5002056
:10C62000F8BD0320F8BD0120F8BD43F48003E362A8
:10C63000E4E700BF004402580700FFFF2DE9F8437C
:10C640000368044613F0006622D0426EB2F5001F64
:10C6500000F0CE8411D8002A00F0F884B2F5801FD3
:10C6600040F0F18402210430FFF7F4FE0646002E6C
:10C6700040F08684626E236803E0B2F5401F40F00C
:10C68000E284A8480026016D21F440110A430265A6
:10C69000DD050AD5626D042A06D8DFE812F0A2048F
:10C6A00093049A04DF02DF020126354698051BD564
:10C6B000A26D802A00F05B8400F2EC80002A00F07A
:10C6C0008B83402A40F0ED800021201DFFF7C2FE41
:10C6D00023680546002D40F067839249A06D0A6DDE
:10C6E00022F4E07202430A6559051FD5D4F8A4204C
:10C6F000B2F5800F00F0478400F2D680002A00F0E7
:10C700007183B2F5001F40F0D7800021201DFFF794
:10C71000A1FE23680546002D40F044838149D4F8EA
:10C72000A4008A6D22F4600202438A651A051FD5AF
:10C73000D4F8A820B2F1007F00F02E8400F2BF8070
:10C74000002A00F05583B2F1807F40F0C0800021C4
:10C75000201DFFF77FFE23680546002D40F02A8349
:10C760007049D4F8A8008A6D22F0E06202438A651D
:10C770009F0118D5A26C202A00F0DA8300F2AA806B
:10C780003AB1102A40F0A9806649CA6A42F40032E0
:10C79000CA62002D40F059836249A06CCA6C22F035
:10C7A00030020243CA64D8041DD5E26DB2F5005FC1
:10C7B00000F0FB8300F29480002A00F01F83B2F5A2
:10C7C000805F40F095800021201DFFF743FE236825
:10C7D0000546002D40F0EC825249E06D0A6D22F4CE
:10C7E000E04202430A6599041AD5226EB2F5003F71
:10C7F00000F074837FD84AB1B2F5803F40F0838067
:10C800000121201DFFF726FE23680546002D40F07C
:10C810001E834449206E0A6D22F4E02202430A6519
:10C820005A041BD5D4F8AC20B2F1005F00F060834D
:10C830006CD842B1B2F1805F70D10121201DFFF7A9
:10C8400009FE23680546002D40F003833549D4F8DE
:10C85000AC008A6D22F0E04202438A651F040DD5C8
:10C86000E26EB2F1805F00F03183B2F1005F00F060
:10C870000182002A00F0048201263546D8015DD5E8
:10C88000626C032A00F20A84DFE812F054001703F6
:10C890004E005400C02A3FF41DAFB2F5807F3FF434
:10C8A00019AF012635461FE7B2F5C00F3FF433AF8D
:10C8B000B2F5000F3FF42FAF0126354636E7B2F14F
:10C8C000407F3FF44AAFB2F1806F3FF446AF01269C
:10C8D00035464DE7302A3FF45CAF0126354662E726
:10C8E000B2F5405F3FF475AFB2F5804F3FF471AFE2
:10C8F0000126354677E722F48031B1F5802F85D0C7
:10C90000B2F5403F82D00126354689E722F08051BA
:10C91000B1F1804F97D0B2F1405F94D001263546F7
:10C920009CE700BF004402580221201DFFF792FD42
:10C9300023680546002D00F06B822E46590200F157
:10C94000F081DF072FD5A26F282A2AD8DFE812F05E
:10C95000D3012900290029002900290029002900E4
:10C960006D03290029002900290029002900290038
:10C97000CC012900290029002900290029002900CB
:10C98000D3012900290029002900290029002900B4
:10C99000D3012900290029002900290029002900A4
:10C9A000D30101263546980716D5626F052A00F295
:10C9B0007883DFE812F00D00300306000D000D0053
:10C9C0000D00012104F12400FFF7BEFD2368054698
:10C9D000002D00F025822E46590717D5D4F8902057
:10C9E000052A00F26183DFE812F00D000C03060057
:10C9F0000D000D000D00012104F12400FFF7A4FD3E
:10CA000023680546002D00F013822E469A061DD598
:10CA1000D4F88C20B2F1005F00F0458200F2DC8097
:10CA20004AB1B2F1805F40F0E1800021201DFFF7A4
:10CA300011FD23680546002D40F00582A949D4F870
:10CA40008C004A6D22F0E04202434A655F061DD524
:10CA5000D4F89820B2F5006F00F0548200F2C9803B
:10CA60004AB1B2F5806F40F0CE800021201DFFF763
:10CA7000F1FC23680546002D40F0C8819949D4F89F
:10CA800098008A6D22F4E05202438A6518061DD58B
:10CA9000D4F89C20B2F5804F00F03F8200F2B680BF
:10CAA0004AB1B2F5005F40F0BB800021201DFFF7C6
:10CAB000D1FC23680546002D40F0A6818949D4F8B1
:10CAC0009C008A6D22F4604202438A6519070BD5E7
:10CAD000D4F88010B1F5805F00F03E828148426D4D
:10CAE00022F440520A434265DA060BD5D4F894107A
:10CAF000B1F5807F00F025827A48826D22F4407281
:10CB00000A4382651F030ED5D4F8A010B1F5803F0B
:10CB100000F0D480B1F5003F00F0D780002900F08C
:10CB2000BA810126354658030FD5D4F88420B2F5D2
:10CB3000001F00F0B080B2F5401F00F0B380B2F5E6
:10CB4000801F00F0A08101263546D90309D5E26C8B
:10CB5000002A00F08681B2F5803F00F02D81012689
:10CB600035469A0000F1D2809F035CD4301E18BF76
:10CB70000120DE0206D55B49256F0A6D22F00042D6
:10CB80002A430A65DD0007D55649D4F8B4500A692E
:10CB900022F480422A430A61990206D55149A56EC2
:10CBA0000A6D22F080722A430A655A0009D54D4A5F
:10CBB000116921F4004111611169D4F8B850294379
:10CBC0001161002B06DA474A216DD36C23F04053E4
:10CBD0000B43D364BDE8F88322F08051B1F1804F5C
:10CBE0003FF429AFB2F1405F3FF425AF012635464F
:10CBF0002CE722F48061B1F5805F3FF43CAFB2F5E1
:10CC0000406F3FF438AF012635463FE722F400512C
:10CC1000B1F5004F3FF44FAFB2F5C04F3FF44BAF0B
:10CC20000126354652E7E26FB2F5807F00F022819F
:10CC300006D922F48071B1F5007F03D0012098E776
:10CC4000002AFBD1002DF9D1264D301E696D18BF89
:10CC5000012021F440710A436A658AE73546002DB8
:10CC600040F0A4801F49606D0A6D22F00702024364
:10CC70000A651BE50121201DFFF7ECFB2368054633
:10CC8000002D40F0DE801749E06E0A6D22F0405220
:10CC900002430A65F2E5012104F12400FFF754FC88
:10CCA00023680546002D40F0DA800E49D4F8840050
:10CCB0004A6D22F4401202434A6546E7022104F11C
:10CCC0002400FFF741FC23680546002D40F0C58095
:10CCD0000449D4F8A0008A6D22F4403202438A65E8
:10CCE00021E700BF00440258012104F12400FFF7AE
:10CCF0002BFC23680546002D40F0AD80AF49A06FA6
:10CD00004A6D22F0380202434A654CE6022104F1E2
:10CD10002400FFF719FC236800283FF425AF012603
:10CD200022E7A74F3B6843F480733B60FAF7CAFCE5
:10CD3000804606E0FAF7C6FCA0EB0800642800F283
:10CD40007E813B68DA05F5D5002D40F0A4819B4A31
:10CD5000D4F8B030116F594011F4407F0BD0116FEF
:10CD6000106F21F4407140F480301067106F20F490
:10CD7000803010671167B3F5807F00F06E8103F497
:10CD80004072B2F5407F00F07C818C490A6922F440
:10CD90007C520A61894AC3F30B03116F0B4313677B
:10CDA0002368CEE52E46C1E42E469DE42E467DE462
:10CDB0002E4618E52E46DBE40221201DFFF74AFB34
:10CDC00005462368002D53D17C49E06CCA6C22F4DF
:10CDD00080320243CA64C4E67849CA6A42F4003227
:10CDE000CA6277E47549CA6A42F40032CA6292E4C0
:10CDF0007249CA6A42F40032CA62AEE46F49CA6A32
:10CE000042F40032CA62E4E42E465FE62E463DE676
:10CE10006A49606CCA6C22F003020243CA648DE561
:10CE20006649606F4A6D22F0070202434A65D3E506
:10CE30006249D4F890008A6D22F0070202438A65A5
:10CE4000E4E52E461AE52E4600E62E46ABE42E46D5
:10CE5000E6E42E4602E52E46A5E52E4663E62E467E
:10CE600073E65649CA6A42F40032CA62002DABD05A
:10CE70002E4676E65148C16A41F40031C162002D68
:10CE80007FF4DCAEE0E64D49CA6A42F40032CA6281
:10CE9000002DE4D109E7201DFFF7DCFA05462368E1
:10CEA000002DDAD114E7022104F12400FFF74CFB36
:10CEB00005462368002DC6D1C0E54049CA6A42F440
:10CEC0000032CA62002D7FF438ADA1E73B49CA6A3F
:10CED00042F40032CA62002DB3D1D4E6012104F13C
:10CEE0002400FFF731FB05462368002DAFD190E405
:10CEF000012104F12400FFF727FB05462368002DDC
:10CF0000A7D1A3E4022104F12400FFF71DFB05468D
:10CF10002368002D7FF47AAFB0E5022104F12400EC
:10CF2000FFF712FB05462368002D7FF46DAFC5E5C2
:10CF30000221201DFFF78EFA05462368002D84D1BB
:10CF40002AE4022104F12400FFF7FEFA23680028F6
:10CF50003FF4D8AD0126D5E5022104F12400FFF706
:10CF6000F3FA236800283FF4BFAD0126BCE5002199
:10CF700004F12400FFF7E8FA23680546FFF7AABB8F
:10CF80002368FFF785BB002104F12400FFF7DCFADA
:10CF900023680546FFF7BFBB002104F12400FFF71B
:10CFA000D3FA23680546FFF7D8BB002104F124001B
:10CFB000FFF7CAFA236805460BE400BF0044025895
:10CFC000004802580021201DFFF744FA2368054657
:10CFD00045E6002104F12400FFF7B6FA2368054670
:10CFE0003DE633493546CA6A42F40032CA6236E643
:10CFF00002212430FFF7A8FA0646002E3FF43AAB90
:10D00000BEE70121201DFFF725FA05462368002D04
:10D010007FF4FBAC0CE70121201DFFF71BFA05464E
:10D020002368002D7FF4D7ACFAE60121201DFFF71D
:10D0300011FA05462368002D7FF40DAF5EE6032646
:10D04000236835467DE40126FFF722BB1848C16AF4
:10D0500041F40031C162FFF714BBFAF733FBDFF88C
:10D060005080074641F2883904E0FAF72BFBC01BD9
:10D070004845E4D8D8F870309B07F6D5D4F8B030DE
:10D080007DE60B480B4A016902EA131221F47C5138
:10D090000A4302617EE623682E4652E401263546A5
:10D0A0004CE40126354697E401263546AEE400BF40
:10D0B00000440258CFFFFF0008B5FFF77DF9054B8C
:10D0C000054A1B6AC3F30213D35C03F01F03D84065
:10D0D00008BD00BF00440258405F0108584B70B4BF
:10D0E000996A9D6ADE6A15F47C3FC5F30532DC6BF4
:10D0F0005CD0C4F3CC0406F0100601F0030106FB7B
:10D1000004F4012907EE904AB8EEE77A03D0022929
:10D1100075D000294FD007EE902ADFED4A6AF8EE6D
:10D12000E77A9B6B86EEA76A9FED475AC3F3080325
:10D1300006EE903AF7EE005AF8EEE66AE7EE056A78
:10D1400076EEA56A66EE266A3D4AB7EE006A936BF4
:10D15000C3F3462307EE103AB8EEC77A70BC37EE39
:10D16000067AC6EE877AFCEEE77AC0ED007A936B1A
:10D17000C3F3064307EE103AB8EEC77A37EE067AE5
:10D18000C6EE877AFCEEE77AC0ED017A936BC3F3C3
:10D19000066307EE903AF8EEE77A77EE867A86EE47
:10D1A000A77ABCEEC77A80ED027A704770BCC0E9FE
:10D1B0000022826070471968890627D51C6807EE2F
:10D1C000902A2249F7EE005A9B6BC4F3C102F8EE95
:10D1D000E77A9FED1D5AC3F30803D14006EE903A5B
:10D1E00006EE101AF8EEE66AB8EEC66AE7EE056AD1
:10D1F00086EE277A76EEA56A66EE876AA4E707EEE2
:10D20000902ADFED136AF8EEE77A8AE707EE902AB4
:10D210009FED105A9B6BB7EE006AF8EEE77ADFEDF0
:10D220000A5AC3F30803C5EE276A07EE903AF8EEF0
:10D23000E77AE7EE257A77EE867A66EEA76A83E7E5
:10D24000004402580024744A000000390090D003C2
:10D250000024744B0024744C584B70B4996A9D6A36
:10D26000DE6A15F07C7FC5F305525C6C5CD0C4F3BC
:10D27000CC0406F4807601F0030106FB04F40129D6
:10D2800007EE904AB8EEE77A03D0022975D000295C
:10D290004FD007EE902ADFED4A6AF8EEE77A1B6C72
:10D2A00086EEA76A9FED475AC3F3080306EE903A4D
:10D2B000F7EE005AF8EEE66AE7EE056A76EEA56A42
:10D2C00066EE266A3D4AB7EE006A136CC3F3462346
:10D2D00007EE103AB8EEC77A70BC37EE067AC6EEA3
:10D2E000877AFCEEE77AC0ED007A136CC3F306434D
:10D2F00007EE103AB8EEC77A37EE067AC6EE877AAE
:10D30000FCEEE77AC0ED017A136CC3F3066307EE17
:10D31000903AF8EEE77A77EE867A86EEA77ABCEE58
:10D32000C77A80ED027A704770BCC0E90022826043
:10D3300070471968890627D51C6807EE902A22498C
:10D34000F7EE005A1B6CC4F3C102F8EEE77A9FEDCA
:10D350001D5AC3F30803D14006EE903A06EE101AA8
:10D36000F8EEE66AB8EEC66AE7EE056A86EE277A58
:10D3700076EEA56A66EE876AA4E707EE902ADFEDEF
:10D38000136AF8EEE77A8AE707EE902A9FED105AC3
:10D390001B6CB7EE006AF8EEE77ADFED0A5AC3F3CA
:10D3A0000803C5EE276A07EE903AF8EEE77AE7EE53
:10D3B000257A77EE867A66EEA76A83E700440258FC
:10D3C0000024744A000000390090D0030024744BFC
:10D3D0000024744C584B70B4996A9D6ADE6A15F447
:10D3E0007C7FC5F305125C6B5CD0C4F3CC0406F003
:10D3F000010601F0030106FB04F4012907EE904A3F
:10D40000B8EEE77A03D0022975D000294FD007EE95
:10D41000902ADFED4A6AF8EEE77A1B6B86EEA76A80
:10D420009FED475AC3F3080306EE903AF7EE005A11
:10D43000F8EEE66AE7EE056A76EEA56A66EE266A1B
:10D440003D4AB7EE006A136BC3F3462307EE103A6A
:10D45000B8EEC77A70BC37EE067AC6EE877AFCEE75
:10D46000E77AC0ED007A136BC3F3064307EE103A78
:10D47000B8EEC77A37EE067AC6EE877AFCEEE77A20
:10D48000C0ED017A136BC3F3066307EE903AF8EE32
:10D49000E77A77EE867A86EEA77ABCEEC77A80EDD9
:10D4A000027A704770BCC0E9002282607047196838
:10D4B000890627D51C6807EE902A2249F7EE005A04
:10D4C0001B6BC4F3C102F8EEE77A9FED1D5AC3F35C
:10D4D0000803D14006EE903A06EE101AF8EEE66A1E
:10D4E000B8EEC66AE7EE056A86EE277A76EEA56A9A
:10D4F00066EE876AA4E707EE902ADFED136AF8EE7E
:10D50000E77A8AE707EE902A9FED105A1B6BB7EE79
:10D51000006AF8EEE77ADFED0A5AC3F30803C5EEB6
:10D52000276A07EE903AF8EEE77AE7EE257A77EE8B
:10D53000867A66EEA76A83E7004402580024744A9C
:10D54000000000390090D0030024744B0024744C78
:10D55000B0F5807F00B585B048D0B0F5007F11D020
:10D56000B0F5806F00F08280B0F5006F52D0B0F55A
:10D57000805F2CD0B0F5002F00F09680002005B021
:10D580005DF804FB534A136D03F4E073802B59D00C
:10D5900012D9C02B26D0B3F5807FEFD1D36C13F016
:10D5A00040535BD0B3F1805F00F08D80B3F1005F3A
:10D5B000494818BF0020E2E7002B3CD0402BDDD1CA
:10D5C00001A8FFF78BFD019805B05DF804FB414A07
:10D5D000136D03F4E043B3F5005F33D029D9B3F5FD
:10D5E000405F58D13D4805B05DF804FB394B1B6DD9
:10D5F00003F00703042BC1D801A252F823F000BFA7
:10D6000037D60008C1D5000845D60008E5D5000882
:10D6100053D600082F4A936D03F0E063B3F1007F07
:10D6200010D01DD9B3F1407FDCD0B3F1806FB5D0FD
:10D63000A4E7002B34D101A8FFF7CCFE029805B077
:10D640005DF804FB01A8FFF707FE019805B05DF83F
:10D6500004FB204BDB6C13F04053A3D120488EE732
:10D66000002BE8D0B3F1807FAAD087E7194A936DE9
:10D6700003F46003B3F5800FE4D005D8002BDAD0B3
:10D68000B3F5001F9CD079E7B3F5C00FAAD0B3F56E
:10D69000000F83D072E7B3F5804F3FF47FAF6DE7A3
:10D6A000B3F5805F8CD069E70A4A936D03F4403389
:10D6B000B3F5803F09D0B3F5003F3FF46FAF002BC7
:10D6C0007FF45CAF7CE7074859E701A8FFF7C4FD8A
:10D6D000039854E7004402580024F4000080BB0083
:10D6E0000090D00300093D0008B5FEF7ABFC064BE7
:10D6F00006499B69064AC3F30323CB5C03F01F036F
:10D70000D840106008BD00BF00440258405F0108C7
:10D710003C020024F8B501680546AC4B99421FD085
:10D72000203399421CD003F57873994258D02033A6
:10D73000994255D003F57873994200F01E81203349
:10D74000994200F01A8195F89130A14E03F0FF0242
:10D750006BB9284685F89020F7F7C8FB296806E0E2
:10D760009C4E95F8913003F0FF02002BF1D09A4BBC
:10D770009A4A1B68A2FB03230A681B0B22F480321F
:10D780009B000A6023B30C68013B14F48034F9D188
:10D79000022385F89130EB68012B00F01081022BF9
:10D7A00015BF032023200227222715BF4FF0010CAD
:10D7B0004FF0210C00222022AB68013B042B00F229
:10D7C0004B81DFE813F0CF001000D6000F00D2002D
:10D7D000D5F89430012043F04003C5F89430F8BDEB
:10D7E0007F4EBEE73A464FF400672B6A3260002B4B
:10D7F00044D0764B994200F01E817A48081AB0FA5C
:10D8000080F04009002840F01681774B994200F0E3
:10D810000C812033994200F00881744B994200F04A
:10D82000FE802033994200F0FA80714B994200F05B
:10D830000881704B994200F00A81AB6900EB8000CF
:10D84000B3F5002F4FEA400300F0E280AA6A296A8C
:10D85000B2F1806F0CBF0222012201FB02F2120220
:10D86000B3FBF2F3644AA2FB0312D20802EB82017B
:10D87000A3EB4103092B08BF01326A626B6833F0E6
:10D8800002032B6D40F09680012B14BF4FF40074FF
:10D890000024F9F72FFF696CB0F5005FD5E900327D
:10D8A00042EA0102A96C42EA0102E96C42EA010281
:10D8B000E96A42EA0102696942EA010272D3A9698E
:10D8C00018680A43A96A0A434C490140196029694A
:10D8D0000A4319680A43696A42EA015248493A43CD
:10D8E00022431A605A68286B1140EA690243686B48
:10D8F0005960024359680A4342495A609A68114084
:10D900006A6E9960E96D98680A43296E0A43696DE9
:10D9100001390A43A96D013942EA012202434FF25B
:10D9200020009A60D968AA6E0140D960E96ED86873
:10D930000A43696F42EA0142296F013942EA012232
:10D94000224902438B42DA6019D0294A934216D009
:10D9500000230122C5F89430184685F8903085F8E8
:10D960009120F8BD4FF480673FE702464FF400670F
:10D970003BE762464FF4006737E7234EF1E6736CEE
:10D9800023F00103736495F83830012BE0D1D5E919
:10D990000F23013A43EA02137364736C43F00103EB
:10D9A0007364D5E7A96918680A43184901401960EA
:10D9B000A96A8DE7012B08BF4FF4007469E71320B3
:10D9C00012274FF0110C1022F6E600BF0458014058
:10D9D00000540058005801403C0200241BECCB9539
:10D9E000005C014024580140045C01400460014097
:10D9F0000454005824540058CDCCCCCC10C005F0B1
:10DA0000F01FFFFF0080F8FF0060014010C005F824
:10DA10002A6A696D01FB02F2B3FBF2F322E74FF4CD
:10DA20000070FFF795FD2968FFE64FF40070FFF7DF
:10DA30008FFD2968F1E64FF48070FFF789FD2968B2
:10DA4000E3E64FF48060FFF783FD2968F1E64FF4C9
:10DA50000060FFF77DFDF0E60027C6E6022938B535
:10DA6000044635D9C81E012830D8002023676064D9
:10DA7000E064E065A0664FF6FF706067606830F0B4
:10DA800002000CBF0125002504294FF40031256553
:10DA90000CBF01200D2021664FF48021A065616636
:10DAA000032A13D8DFE802F0474E54362368484A69
:10DAB000934205D002F1C052A2F58232934205D1C1
:10DAC0006368012B02D1636C002B2FD0012038BD7D
:10DAD000002023676064E064A066606830F00200A4
:10DAE00014BF0120002020654FF48030E0654FF620
:10DAF000FF70606713F00100E8D14D1E012D29D899
:10DB000060664FF400302066032ADFD8DFE802F0B9
:10DB10005546362CE0215B018022A1646365E266F4
:10DB2000F9F7E8FD94F83830012BBFD02046BDE866
:10DB30003840FFF7EFBD80211B014022A1646365DF
:10DB4000E266EDE780225B01A2646365E266E7E7D7
:10DB5000C021E0E720664FF480206066032AB5D834
:10DB6000DFE802F02B1C0C025B08E02080219A0108
:10DB7000A0645B01E166C4E91523D1E75B08C0221C
:10DB8000802502294FEA8310A2644FEA4313E56619
:10DB90006065A365C4D10823A366C1E75B08802242
:10DBA00002294FEA8310A2644FEA4313E266C4E9F4
:10DBB0001503B5D11023A366B2E75B08802040218E
:10DBC0005A01A0641B01E166C4E91523A8E700BF60
:10DBD000045801402DE9F8430F4604461546F9F76D
:10DBE00071FD002F61D0B5FA85F84FEA5818002D65
:10DBF0005BD094F89130012B5FFA83F950D194F8FF
:10DC00009030012B4CD04346C4F894800646D4F89B
:10DC1000800065F30F03226884F89090394665F31D
:10DC20001F43A7671C32E3672B46122584F89150E7
:10DC30002E4DC0F8508005642D4DC5632D4DC56433
:10DC4000FAF7C0FE00283ED1636C082B636831D020
:10DC500005216122023B012B98BF114622681369FE
:10DC60000B431361136843F40033136006E0F9F7C4
:10DC700029FD831BB3F57A7F2AD82268556915F4EC
:10DC8000E025F4D01368DB0303D4136843F4803336
:10DC900013600023994684F890304846BDE8F88325
:10DCA0004FF002094846BDE8F8834FF001094846A5
:10DCB000BDE8F88323F00202012A0BBF15210521DC
:10DCC00071226122C6E7484684F89080BDE8F88357
:10DCD000D4F894304FF0030984F8905043F0400397
:10DCE0004846C4F89430BDE8F88300BF35DE00082C
:10DCF000CDDD0008B5DE0008F8B500294ED0B2FA37
:10DD000082F513466D09002A48D090F89120044608
:10DD1000012AD6B23FD190F89020012A3BD08167EA
:10DD20000A462946222780F8906063F30F01C0F865
:10DD3000945063F31F41C167D0F8840084F8917058
:10DD40001E4F216807641E4F1C310565C7631D4FB8
:10DD5000C764FAF737FE20BB23681A68D20303D4DE
:10DD60001A6842F480321A60626C082A62681CD019
:10DD700005216120023A012A98BF01461A69002054
:10DD80000A4306461A611A6842F400321A6084F89F
:10DD900090003046F8BD02263046F8BD01263046D8
:10DDA000F8BD304684F89050F8BD22F002010129F8
:10DDB0000BBF1521052171206120DBE7A5DE0008DE
:10DDC00041DE0008B5DE0008704700BF08B5C36932
:10DDD000806BB3F5807F1BD003684FF0000C416C63
:10DDE0001A680829A0F87EC022F400321A6042683E
:10DDF00011D06FF0610C6FF00501023A012A98BF53
:10DE000061461A694FF0010C0A401A6180F891C00E
:10DE1000FFF7DAFF08BD22F0020101290BBF6FF006
:10DE2000710C6FF0610C6FF015016FF00501E4E704
:10DE3000704700BF806B08B5FFF7FAFF08BD00BF51
:10DE400008B5C369806BB3F5807F1BD003684FF0C2
:10DE5000000C416C1A68082922F400321A604268EA
:10DE6000A0F87EC011D06FF0610C6FF00501023A8E
:10DE7000012A98BF61461A694FF0010C0A401A61E5
:10DE800080F891C0F7F738F908BD22F002010129A6
:10DE90000BBF6FF0710C6FF0610C6FF015016FF03C
:10DEA0000501E4E7806B08B5F7F7EAF808BD00BFA5
:10DEB000704700BF10B5846BFBF78EFA022823D0A1
:10DEC000D4F89420216842F08002134B1348C4F820
:10DED00094201B680A68A0FB030322F400321B0B8A
:10DEE0000A600A689B0022F480320A606BB10A68FB
:10DEF000013BD203FAD401220023204684F891206A
:10DF0000A4F87E30FFF7D4FF10BDD4F8943043F06E
:10DF10004003C4F89430EEE73C0200241BECCB95A0
:10DF200018B338B590F82C3004460D4603F0FF02C4
:10DF3000B3B12146022384F82C3051F8040B01F0D0
:10DF400057FE62682946206801F090FE084A0121C8
:10DF50000020136843F00043136084F82C1038BD90
:10DF600080F82D20F4F772FAE3E70120704700BF34
:10DF70000040005270B590F82C300446022BD8B205
:10DF800004D000F0FB06012E01D0012070BD022359
:10DF90000D46206884F82C3001F0B4FE2B68022B6B
:10DFA00003D0002084F82C6070BD0523002084F885
:10DFB0002C3070BD38B590F82C300446022BD8B206
:10DFC00005D094F82C30012BDDB201D0012038BDF2
:10DFD0000223206884F82C3001F0A8FE002084F889
:10DFE0002C5038BDF8B5D0F88070202F44D10029CE
:10DFF00040D0B2FA82F67609002A3BD0044690F867
:10E000007C00012838D001252123606FA4F8562018
:10E010002165C4F88860A4F8542084F87C50C4F8C2
:10E020008030D8B1DFF854C013462268C0F83CC035
:10E03000DFF84CC028320665C0F840C0DFF844C0A5
:10E04000C0F84CC0FAF7BEFC40B11023284684F853
:10E050007C60C4F88830C4F88070F8BD2368002262
:10E0600040211046196284F87C209A6842F08002B0
:10E070009A60F8BD0120F8BD0220F8BD35E1000826
:10E0800065E10008B5E10008F8B5D0F88470202FEC
:10E0900048D1002944D0B2FA82F67609002A3FD04E
:10E0A00090F87C300446012B3CD001252223C0F897
:10E0B00088608165A0F85C2080F87C50C0F88430CE
:10E0C000806FE0B1DFF860C013460A462168C0F8EF
:10E0D0003CC0DFF858C024310665C0F840C0DFF806
:10E0E00050C0C0F84CC0FAF76DFC40B11023284670
:10E0F00084F87C60C4F88830C4F88070F8BD236868
:10E10000002084F87C001A6842F480721A609A68D1
:10E1100042F001029A609A6842F040029A60F8BDAB
:10E120000120F8BD0220F8BD71E10008A9E1000856
:10E13000B5E1000808B5C369806BB3F5807F0CD0EA
:10E1400003680022A0F856209A6822F080029A60A4
:10E150001A6842F040021A6008BDF7F7EFFE08BDEA
:10E16000704700BF806B08B5FFF7FAFF08BD00BF1E
:10E1700008B5C369806BB3F5807F12D003680022B5
:10E180002021A0F85E201A6822F480721A609A6832
:10E1900022F001029A609A6822F040029A60C0F868
:10E1A0008410F7F7CFFE08BD806B08B5F7F714FFB2
:10E1B00008BD00BF806B38B50368D0F88040D0F848
:10E1C00084109A68150601D5212C1DD09A68520634
:10E1D00001D5222908D0D0F8883043F01003C0F8C8
:10E1E0008830F7F741FF38BD00240F4A2025A0F8FA
:10E1F0005E40196821F49071196099680A409A602C
:10E20000C0F88450C466E6E700222024A0F8562017
:10E210001A6822F0C0021A609A6822F400029A601A
:10E22000C0F88040D2E700BFFEFFFFEF0268D3696D
:10E2300070B51E0715680446916800F084806C482C
:10E2400005F4907C08405CEA00061DD1D80202D596
:10E250004E0200F19D80180606D501F4000105F07C
:10E260008000014340F08C805E0602D5680600F114
:10E270009B80190202D56A0000F1A380DB0102D560
:10E28000002DC0F2AA8070BDDE0709D5EE0507D5C6
:10E2900001261662D4F8886046F00106C4F888604A
:10E2A0009E0760D5CE0709D502261662D4F888608D
:10E2B00046F00406C4F888605E0758D41E070CD5E3
:10E2C00005F0200C5CEA000007D008201062D4F8AA
:10E2D000880040F00800C4F88800D4F888000028BE
:10E2E000D1D09E0606D505F0200501F0805155EAF3
:10E2F00001036BD1D4F88850936805F0080503F04A
:10E3000040031D436ED0116820203A4B21F49071D8
:10E31000116091680B4000219360C4F884009368F9
:10E32000E1665D063CD59368A06F23F040039360DF
:10E33000002835D0304B0365FAF764FC0028A2D0E2
:10E34000A06F036D0CE09E0680D505F0200C01F057
:10E35000805E5CEA0E063FF479AFC36E002B92D06C
:10E36000BDE8704018475E07A8D5CE07A6D504269D
:10E370001662D4F8886046F00206C4F888609DE70B
:10E38000236F002B3FF47FAF2046BDE87040184755
:10E390004FF4801320461362BDE8704001F068BB63
:10E3A0002046F7F761FE70BD13682020002123F09E
:10E3B00040031360C4F8800020462167F7F7BEFDD4
:10E3C00070BD2046BDE8704001F056BBE36E002BE7
:10E3D00090D02046984722688CE72046BDE87040E0
:10E3E00001F048BB2046F7F73FFEC4F8885070BDE7
:10E3F00001000010FEFFFFEFFDE3000808B5806B91
:10E400000023A0F85E30A0F85630F7F72DFE08BDC7
:10E41000D0F88020D0F8840010437047F0B58268AF
:10E42000044687B02368D0E904101D680A43616E72
:10E430000243E06902430A43A8492940A84D0A4320
:10E44000E168AB421A605A6822F4405242EA010283
:10E45000A1695A6000F09D80226A9D681143A14A1B
:10E46000666A2A4011439960DA6A22F00F02324349
:10E47000DA629D4A934224D09C4A934255D09C4AEA
:10E48000934200F02F829B4A934200F09B829A4A6B
:10E49000934200F0E980994A934200F09D82984AA5
:10E4A000934200F0D885974A934200F0D682012526
:10E4B00000234FF0011228462367C4E91A2307B04E
:10E4C000F0BD914B5B6D03F03803282BEFD88F4ADA
:10E4D000D55CB0F5004F33D0202D00F2D981202D2E
:10E4E00000F2B680DFE815F0A8017B01B400B400AB
:10E4F0007201B400B400B4004901B400B400B40027
:10E50000B400B400B400B4001C01B400B400B40002
:10E51000B400B400B400B400B400B400B400B4005B
:10E52000B400B400B400B400CA00774B5B6D03F0D4
:10E530000703052BBBD8764AB0F5004FD55CCBD18D
:10E54000202D00F21482202D00F20082DFE815F069
:10E550008A035804FE01FE012804FE01FE01FE01AB
:10E560008604FE01FE01FE01FE01FE01FE01FE0128
:10E57000F203FE01FE01FE01FE01FE01FE01FE01AD
:10E58000FE01FE01FE01FE01FE01FE01FE01FE0193
:10E59000B7039868534A02405B480A439A60DA6AB4
:10E5A000616A22F00F020A43DA62836D03F0070307
:10E5B000052B3FF67CAF574AD65C202E00F29C819B
:10E5C000012E7FF674AFB31E1E2B3FF670AF01A273
:10E5D00052F823F08BEB0008AFE4000835EB00089D
:10E5E000AFE40008AFE40008AFE40008FFEB000868
:10E5F000AFE40008AFE40008AFE40008AFE40008AF
:10E60000AFE40008AFE40008AFE400089FEB0008A7
:10E61000AFE40008AFE40008AFE40008AFE400088E
:10E62000AFE40008AFE40008AFE40008AFE400087E
:10E63000AFE40008AFE40008AFE40008AFE400086E
:10E64000AFE40008AFE40008AFE4000815EC0008F0
:10E6500001250023A3F110014FF6EF7291423FF61E
:10E6600026AF2268D36023E7274B5B6D03F00703D7
:10E67000052B3FF61CAF284AD55C2AE7002E00F098
:10E68000B581012E00F09E85022E00F0B185032E8B
:10E6900000F0D885042E00F0F485052E00F0848665
:10E6A000062E00F0BE86072E00F0FD86082E00F034
:10E6B0005087092E00F07B870A2E00F0DC8743F696
:10E6C0000953164A0B2E18BF13466268002503EB48
:10E6D0005203B3FBF2F39BB2BCE700BFF369FFCF79
:10E6E000000C0058FFF4FF110010014000440040EE
:10E6F00000480040004C0040005000400014014021
:10E7000000780040007C004000440258046001088A
:10E7100030600108386001083060010800093D00E0
:10E72000B34B1A68920640F16F811A68B14BC2F37D
:10E73000C102D340002EC8D0012E00F0EF81022E7E
:10E7400000F0C584032E00F0BF84042E00F02B855A
:10E75000052E00F09D86062E00F0DC86072E00F0C8
:10E760001C86082E00F04E86092E00F08E860A2E9A
:10E7700000F0E3860B2EA8D126E003A8FEF76CFD7F
:10E78000626A049B002AA0D0012A00F0C781022AF5
:10E7900000F09D84032A00F09784042A00F003858A
:10E7A000052A00F0FD84062A00F07E85072A00F085
:10E7B000F485082A00F02686092A00F066860A2ACF
:10E7C00000F0BB860B2A80D11B0A7EE76846FEF765
:10E7D00085FC626A019B002A3FF477AFD4E7FDF71E
:10E7E0001DFE636A03B3012B00F0F384022B00F0DB
:10E7F000CE84032B00F0C884042B00F01785052B72
:10E8000000F01185062B00F00686072B00F04886E5
:10E81000082B00F09B86092B00F0E1860A2B00F004
:10E820003B870B2B08BF000A6268002500EB5203F0
:10E83000B3FBF2F39BB20DE7FDF7D4FD636A03B3BC
:10E84000012B00F0C984022B00F0A784032B00F0F9
:10E85000A184042B00F0E484052B00F0DE84062B59
:10E8600000F0E685072B00F03686082B00F087863F
:10E87000092B00F0B1860A2B00F0FA860B2B08BF9B
:10E88000000A626800EB5203B3FBF2F39BB2E1E6CD
:10E89000402D7FF40CAE002E00F0DC80012E00F045
:10E8A0009484022E00F0A784032E00F0C784042E67
:10E8B00000F0EC84052E00F07A85062E00F0B48579
:10E8C000072E00F0FE85082E00F04986092E00F084
:10E8D0008B860A2E00F029870B2E0CBF80234FF465
:10E8E0000043F2E6424B5B6D03F00703052B3FF656
:10E8F000DEAD414AD55CECE5402E7FF4D8AD002971
:10E9000000F0B580012900F06E84022900F08284B5
:10E91000032900F0AF84042900F03B85052900F0AD
:10E920006985062900F0AD85072900F0EF850829E3
:10E9300000F03686092900F05B860A2900F0F98686
:10E940000B290CBF80254FF4004592E001250023E0
:10E95000A3F110014FF6EF7291423FF6A8AD23F0FC
:10E960000F02C3F3420313432268D360A0E5402D96
:10E970007FF49DAD002E00F0D380012E00F0D280F8
:10E98000022E00F06D84032E00F0F484042E00F0BB
:10E990002585052E00F06885062E00F0C285072E1D
:10E9A00000F01086082E00F04886092E00F05986E7
:10E9B0000A2E00F0EC860B2E0CBF4FF480704FF443
:10E9C0008030AFE00A4B5B6D03F00703052B3FF689
:10E9D0006EAD0A4AD55C7CE5054B5B6D03F03803F0
:10E9E000282B3FF664AD064AD55C72E5054B6CE614
:10E9F000004402580090D0033060010830600108E4
:10EA00000460010800093D00002E00F0BA83012EC9
:10EA100000F0FD83022E00F02A84032E00F0B6845D
:10EA2000042E00F0E484052E00F02885062E00F068
:10EA30008785072EDAD0082E00F0C483092E00F057
:10EA4000D7830A2E00F01D84B44BB54A0B2E18BF95
:10EA500013463AE64FF4004337E6B24B5B6D03F0E2
:10EA60000703052B3FF623ADAF4AD55C31E54FF4E4
:10EA70000045676807EB4703AB423FF618ADB5EBBF
:10EA8000073F3FF614AD202E00F2F082012E7FF6F4
:10EA90000EAD023E1E2E3FF60AAD01A353F826F03E
:10EAA000DDEF0008AFE40008B3EF0008AFE40008B2
:10EAB000AFE40008AFE4000851EF0008AFE400083D
:10EAC000AFE40008AFE40008AFE40008AFE40008DA
:10EAD000AFE40008AFE40008E5EE0008AFE400088A
:10EAE000AFE40008AFE40008AFE40008AFE40008BA
:10EAF000AFE40008AFE40008AFE40008AFE40008AA
:10EB0000AFE40008AFE40008AFE40008AFE4000899
:10EB1000AFE40008AFE400086DEE00085B08D4E540
:10EB20004FF480306268002500EB5203B3FBF2F330
:10EB30009BB20DE76846FEF7D1FA636A019D03B305
:10EB4000012B00F0CF82022B00F0C782032B00F0D4
:10EB5000C182042B00F02F83052B00F02983062BA4
:10EB600000F09883072B00F02684082B00F04D84DA
:10EB7000092B00F09B840A2B00F0FB840B2B00F088
:10EB80006582002D3FF494AC73E7FEF795FA636A53
:10EB90000546002BD4D1002D3FF48AAC69E7614BC8
:10EBA0001A68950640F1A5821B685D4DC3F3C10349
:10EBB000DD4000293FF45DAF012900F04D830229BB
:10EBC00000F04683032900F04083042900F04584C7
:10EBD000052900F08384062900F0D484072900F079
:10EBE0002085082900F04F85092900F0F9850A29B8
:10EBF00000F0FD850B297FF43CAF2D0A39E703A80F
:10EC0000FEF72AFB636A049D002B99D1002D3FF487
:10EC10004FAC2EE7002900F06A82012900F0DF8264
:10EC2000022900F0F282032900F02883042900F071
:10EC3000AA83052900F0D883062900F02E8407292D
:10EC400000F06184082900F0AF84092900F0EF8406
:10EC50000A2900F0148543F60955344B0B2918BFD7
:10EC60001D4606E7FDF7BEFB636A03B3012B00F008
:10EC7000CA82022B00F0F782032B00F07F83042B63
:10EC800000F0B083052B00F0EB83062B00F05084DE
:10EC9000072B00F09E84082B00F0B984092B00F0AC
:10ECA000E4840A2B00F070850B2B08BF000A616812
:10ECB0004A0802EB4003B3FBF1F39BB248E6002E97
:10ECC00000F03A82012E00F09A82022E00F0C682F5
:10ECD000032E00F04D83042E00F07E83052E00F0FD
:10ECE000BA83062E00F02184072E00F06F84082ED0
:10ECF00000F08284092E00F0CC840A2E00F06C858E
:10ED000047F612230A4A0B2E18BF134662680025E5
:10ED100003EB5203B3FBF2F39BB219E690D003006E
:10ED20000090D003004402583060010800093D0003
:10ED300000127A00A44B1A68910640F1FF811A680C
:10ED4000A24BC2F3C10223FA02F206B3012E00F075
:10ED5000B182022E00F03783032E00F06F83042E61
:10ED600000F0C683052E00F00084062E00F06F84AC
:10ED7000072E00F07184082E00F00385092E00F0A4
:10ED80003C850A2E00F036850B2E08BF120A6168FA
:10ED900000254B0803EB4203B3FBF1F39BB2D7E52D
:10EDA0006846FEF79BF9626A019902B3012A00F0F6
:10EDB0000782022A00F01A82032A00F03A82042A0B
:10EDC00000F06282052A00F0EB82062A00F016832A
:10EDD000072A00F07483082A00F0A183092A00F0B2
:10EDE00001840A2A00F05B840B2A08BF090A6268C2
:10EDF0000025530803EB4103B3FBF2F39BB2A7E5F5
:10EE0000FDF70CFB636A03B3012B00F0FA81022BC0
:10EE100000F02B82032B00F08382042B00F0DA82B7
:10EE2000052B00F02583062B00F06983072B00F0EB
:10EE3000C283082B00F0EE83092B00F07E840A2B9E
:10EE400000F08D840B2B08BF000A616800254A087A
:10EE500002EB4003B3FBF1F39BB279E503A8FEF7A5
:10EE6000FBF9626A0499002AC1D09FE7616A002910
:10EE700000F05482012900F01F83022900F08B83E7
:10EE8000032900F0BF83042900F00084052900F065
:10EE9000AA84062900F08E84072900F087840829B7
:10EEA00000F0E584092900F0DE840A2900F0A88436
:10EEB0004748484B0B2918BF184600217B083A46A3
:10EEC00018184FF0000341F10001F1F715FCA0F50F
:10EED0004073414A93423FF6EAAA23680025D8606E
:10EEE000FFF7E6BA384A116811F0200100F0E78117
:10EEF000136800213548C3F3C103D840636A0BB3DC
:10EF0000012B00F04B83022B00F07F83032B00F0DA
:10EF10000584042B00F05D84052B00F02C84062B67
:10EF200000F0A984072B00F0B484082B00F0AD8416
:10EF3000092B00F094840A2B00F08D840B2B01D157
:10EF4000000A00210902030241EA10617808B6E7CD
:10EF500003A8FEF781F90498636A002102460BB307
:10EF6000012B00F03582022B00F08682032B00F08B
:10EF7000C182042B00F02183052B00F04D83062B6A
:10EF800000F09083072B00F02184082B00F00B8405
:10EF9000092B00F004840A2B00F052840B2B01D1C2
:10EFA000100A002162680902030241EA1061500858
:10EFB00086E76846FEF792F80198636A00210246E8
:10EFC000002BEFD0CCE700BF004402580090D003E4
:10EFD00000093D000000093DFFFC0F00FEF76CF842
:10EFE000626A002103460AB3012A00F06E82022AF7
:10EFF00000F0B982032A00F02483042A00F09383EE
:10F00000052A00F0A683062A00F0DA83072A00F01A
:10F01000D583082A00F01C84092A00F015840A2AE6
:10F0200000F02F840B2A01D1030A00216268090233
:10F03000180241EA13615308C0184FF0000341F170
:10F040000001F1F759FBA0F5407342E72D0A002DAE
:10F050003FF42EAA0DE5B54B5B6D03F00703052BBE
:10F060003FF625AAB24AD55CFFF733BA402E7FF4AB
:10F070001EAA616A002900F04E81012900F0278252
:10F08000022900F08482032900F0CE82042900F0D6
:10F090005783052900F05983062900F06883072962
:10F0A00000F06083082900F0B783092900F0AF83DE
:10F0B0000A2900F0C0830B294FF000010CBF4FF468
:10F0C00000404FF40000F9E69A4AA2FB03239B0894
:10F0D000FFF7FBBA974BA3FB0535AD08002D3FF4B6
:10F0E000E7A9C6E46D08002D3FF4E2A9C1E4924D02
:10F0F000BFE400295AD0012900F0AC80022900F0B9
:10F10000DB80032900F06181042900F0A181052939
:10F1100000F0EB81062900F016820729E7D00829C4
:10F120005DD0092971D00A2900F02D81834D844BCF
:10F130000B2918BF1D469CE4824BE7E5002E50D0FA
:10F14000012E00F0AF80022E00F03B81032E00F074
:10F150007A81042E00F0C781052E00F0FD81062E75
:10F1600000F04D82072EE7D0082E48D0092E75D02A
:10F170000A2E00F03181744B744A0B2E18BF1346CF
:10F18000C4E56F4BFFF7A1BA6A4BA3FB00308008C0
:10F19000FFF74ABB674BA3FB00308008FFF771BB4A
:10F1A0006B4AA2FB0323DB08FFF78FBA644D60E4D0
:10F1B000674BA3FB0535ED08002D3FF479A958E412
:10F1C000490814E6634BFFF780BA4FF48043FFF71A
:10F1D0007CBA4008FFF728BB4008FFF752BB5D4DE3
:10F1E00047E45A4B92E54FF4804542E48908FEE536
:10F1F000594BFFF76ABA4FF40053FFF766BA4E4B0C
:10F2000084E5400821E6400851E5534D31E4534B75
:10F21000FFF75BBA4FF400552BE44D4BA3FB0030D6
:10F22000C008FFF72EBB4A4BA3FB0030C008FFF716
:10F23000FBBA404BA3FB01239908D8E541F2555393
:10F24000FFF743BA464BFFF740BA3A4BA3FB0535ED
:10F25000AD080EE4414D0CE46D080AE43D4B55E564
:10F260004FF480405EE4800821E58008EDE53D4BE9
:10F27000FFF72BBA41F25555FFF7FBBB384DFFF7AF
:10F28000F8BB314BFFF721BAC908B0E54FF4805302
:10F29000FFF71BBA0C23B5FBF3F5002D3FF408A9CB
:10F2A000FFF7E7BB264B31E5224AA2FB0323DB082D
:10F2B000FFF70BBA52086AE52A4DFFF7DABB626A1C
:10F2C000002A00F0C280012A00F07981022A00F0B1
:10F2D000B281032A00F0C381042A00F05E82052A6D
:10F2E00000F05982062A00F09E82072A00F09982D7
:10F2F000082A00F09D82092A00F097820A2A00F06D
:10F3000083820B2A184A0E4B0EBF0021032113469D
:10F3100078083A4690E64FF40000CFE51348CDE573
:10F32000044BA3FB002398088FE500BF004402585C
:10F3300030600108ABAAAAAA00093D0090D00300E2
:10F340000090D00300127A0020A107000020A1073E
:10F35000CDCCCCCC80841E0040420F000048E80198
:10F360002A2C0A000024F400000090D00000093D7F
:10F37000CF4BCBE442F6AA20FFF7D4BBCD4BA3FB87
:10F380000023980893E4CC4DFFF773BBCB4BFFF7FA
:10F390009CB94FF48055FFF76CBB1B09FFF795B97B
:10F3A0000A23B1FBF3F122E5C54BFFF78EB940F616
:10F3B000CC43FFF78AB92D09002D3FF479A8FFF758
:10F3C00058BBC04BA2E49208E1E4BC4DFFF751BB2F
:10F3D0004008E7E5C00838E5BB4B97E44FF4005020
:10F3E000FFF7A0BBC00862E4B54DFFF742BBB74BC7
:10F3F000FFF76BB940F6CC45FFF73BBB0C23B1FBE5
:10F40000F3F1F4E45B09FFF760B96D09002D3FF4F7
:10F410004FA8FFF72EBBA74BA3FB0030C008FFF798
:10F4200003BAAB4BFFF751B940F6AA23FFF74DB92A
:10F43000A04BA3FB0030C008FFF723BA9D4BA3FBF2
:10F4400002239A08A3E4A34B60E4A34B03215FE7E4
:10F450009E4DFFF70EBBA14B58E4ED08FFF709BB2B
:10F460000A23B0FBF3F022E441F69810FFF75ABBF1
:10F470000A23B0FBF3F0E8E4800893E5984BFFF72C
:10F4800024B940F6AA25FFF7F4BA9B09FFF71DB986
:10F490000A22B3FBF2F3FFF718B98D4DFFF7E9BA73
:10F4A0000009FFF7C1B98F4BFFF70FB9AD09002D68
:10F4B0003EF4FEAFFFF7DDBA8B480021FEE40909F8
:10F4C00095E44FF40063FFF700B94308AEE54FF44D
:10F4D00080000021F2E40009FFF7D3B90A23B5FB4D
:10F4E000F3F5FFF7C6BA814B10E47D4DFFF7C1BAC3
:10F4F000D2084CE406220023F1F7FEF852E50C2373
:10F50000B0FBF3F0A1E4774DFFF7B3BA4FF4006519
:10F51000FFF7AFBA0C22B3FBF2F3FFF7D6B84909F5
:10F5200065E441F25450FFF7FDBA714BFFF7EEBBB3
:10F530000C23B0FBF3F0FFF7BABBDB09FFF7C5B84C
:10F540006C4BFFF7C2B86B4DFFF793BA4009FFF75A
:10F550006BB9694BFFF7B9B8684BFFF7D7BB4FF4EE
:10F560008063FFF7B2B8830860E50A23B2FBF3F2C9
:10F570000DE4ED09002D3EF49BAFFFF77ABA400988
:10F58000FFF77FB90C23B5FBF3F5FFF772BA4FF421
:10F590000010002192E45A4800218FE44008D1E491
:10F5A0004FF48065FFF765BA534DFFF762BA4FF22B
:10F5B0002443FFF78AB8000947E4C008F2E4514B3E
:10F5C0001146A5E64FF48050FFF7ACBA3A4BFFF76F
:10F5D0009DBB0009FFF76BBB8009FFF752B980099B
:10F5E000FFF722B9890902E44FF40073FFF76DB801
:10F5F0004FF40075FFF73DBA3A4BFFF787BB2F4B2F
:10F60000FFF784BB4048002158E480089AE4400991
:10F61000FFF74DBB400918E40A220023F1F76CF80C
:10F62000C0E42D09FFF725BA3848002146E44FF21F
:10F630002445FFF71EBA364B6AE64FF40060FFF729
:10F6400071BA00230622F1F757F80346EEE40C23C3
:10F65000B2FBF3F2FFF79BBB1209FFF798BB2D4BF0
:10F6600056E64FF48060FFF75DBA8009FFF71FBBD5
:10F67000C009FFF706B947F61223FFF726B847F689
:10F680001225FFF7F6B96D09FFF7F3B922480021FB
:10F6900014E4194BFFF73ABBC009FFF7C5B8C90915
:10F6A000FFF7A5BB0C220023F1F726F87AE400BF90
:10F6B00054581400ABAAAAAA20A10700AAC2A2000B
:10F6C000801A06000048E80140420F0000127A004C
:10F6D0001516050054854501000090D000350C003A
:10F6E00000A8610090D003000080841E0024F40074
:10F6F0002A2C0A005561510048E801000050C3005F
:10F700000040420F000048E8002A2C0A005515006E
:10F71000000024F400AAC2A20020A10706220023B0
:10F72000F0F7EAFF0EE4C30880E44FF48073FEF7BD
:10F73000CCBF4FF48075FFF79CB98009FFF785BBFC
:10F740004FF480100021FFF7B9BB53480021FFF7A9
:10F75000B5BB00230A22F0F7CFFF034666E4C009D9
:10F76000FFF773BB4FF400200021FFF7A7BB4B4806
:10F770000021FFF7A3BB0A220023F0F7BDFFFFF72C
:10F78000E1BB5209FFF703BBC009FFF790BA4FF482
:10F790000070FFF7C7B9424BBAE5424BB8E5900994
:10F7A0000021FFF7FFBB4009FFF7FCBB3E480021EB
:10F7B000FFF784BB3D480021FFF780BB030935E418
:10F7C00000230C22F0F798FF03462FE40009FFF70F
:10F7D000E9BBC008FFF7B6BB4FF22443FFF796BA68
:10F7E000AD09FFF746B932480021FFF767BBED09C5
:10F7F000FFF73FB9D209FFF7CABA9209FFF7C7BAB4
:10F800002C480021FFF75ABB2B4B002180E54FF419
:10F8100000300021FFF752BB4FF480200021FFF79A
:10F820004DBB264B74E5264B72E5264B00216FE558
:10F83000254B00216CE54FF480300021FFF73EBBE3
:10F84000D0090021FFF7AEBB83090021FFF7EEBB13
:10F850004309FFF7EBBBC0090021FFF773BB800929
:10F860000021FFF76FBB19480021FFF727BB18489D
:10F870000021FFF723BB0C220023F0F73DFFFFF729
:10F8800061BBC3090021FFF7D1BB40090021FFF78D
:10F8900059BB0009FFF756BB00CC0C0000AA0A00B8
:10F8A0000000A8610000127A0090D0030015160530
:10F8B00000801A0600127A000020A1070000093D0E
:10F8C000005561510040420F0080841E0024F40066
:10F8D0000048E801836ADA0710B406D50168C46AF3
:10F8E0004A6822F4003222434A609C0706D5016828
:10F8F000046B4A6822F4803222434A60590706D5D5
:10F900000168446B4A6822F4802222434A601A0745
:10F9100006D50168846B4A6822F4004222434A609B
:10F92000DC0606D50168C46B8A6822F48052224343
:10F930008A60990606D50168046C8A6822F4005230
:10F9400022438A605A060AD50168446C4A68B4F5B5
:10F95000801F22F4801242EA04024A600BD01B0688
:10F9600006D50268C16C536823F400230B4353602F
:10F970005DF8044B70474A68846C22F4C00222434D
:10F980004A60ECE7002370B50446C0F88830F7F70A
:10F9900099FE054623681A6811070CD41A685207A5
:10F9A00025D420220023C4F880201846C4F88420DF
:10F9B00084F87C3070BDDE6916F40016EED1F7F7DE
:10F9C00081FE431BB3F1007F2368F4D31A68202122
:10F9D000032022F4D0721A609A6822F001029A6021
:10F9E000C4F8801084F87C60C4F8841070BDDE69AF
:10F9F00016F48006D5D1F7F765FE431BB3F1007FFF
:10FA00002368F4D3E2E700BF80B3D0F8803010B5AC
:10FA1000044633B3226824232046C4F88030136898
:10FA200023F001031360FEF7F9FC012817D0A36A45
:10FA30008BB9236820465A6822F490425A609A682B
:10FA400022F02A029A601A6842F00102BDE81040D2
:10FA50001A60FFF797BF2046FFF73CFFE9E7012058
:10FA600010BD80F87C30F5F7BDFFD3E7012070476B
:10FA7000704700BF704700BF704700BF90F87C2000
:10FA8000012A17D0026803462420002130B4C3F8AD
:10FA9000800020251068146820F0005024F0010434
:10FAA0001460596610600846C3F8805083F87C10D3
:10FAB00030BC70470220704790F87C20012A43D068
:10FAC00002680346242030B4C3F8800084B0146870
:10FAD0001068EC4604AD20F001001060906820F042
:10FAE000604001431948916003C88CE8030018493D
:10FAF00003C905E90300596E19B391689068C1F311
:10FB0000426C05EB5071AC4411F8100C11F8081C54
:10FB1000C0001CF8085CB0FBF1F01CF8101CC90018
:10FB2000B1FBF5F1A3F868100021A3F86A002025C5
:10FB300008461460C3F8805083F87C1004B030BCD1
:10FB4000704701210846EDE702207047085B010875
:10FB50004060010890F87C20012A43D002680346E7
:10FB6000242030B4C3F8800084B014681068EC46D8
:10FB700004AD20F001001060906820F06060014347
:10FB80001948916003C88CE80300184903C905E9C6
:10FB90000300596E19B391689068C1F3426C05EB8C
:10FBA0005071AC4411F8100C11F8081CC0001CF87E
:10FBB000085CB0FBF1F01CF8101CC900B1FBF5F1BA
:10FBC000A3F868100021A3F86A00202508461460F5
:10FBD000C3F8805083F87C1004B030BC704701211A
:10FBE0000846EDE702207047085B01084060010805
:10FBF0000B6810B4D3B90468A3F500434A682340E6
:10FC00001343D1E9024223431343D1E9044223437E
:10FC10001343D1E9064223431343D1E90842234366
:10FC20005DF8044B13430360002070470268D1E97C
:10FC3000074322F4F84222434C6A1A430A4B2243F8
:10FC4000026042681340D1E9014223431343D1E9E2
:10FC5000034223431343D1E9054223435DF8044B98
:10FC600013434360002070470080FFFF30B40ABB9D
:10FC70008368D1E9002403F07043013C013A43EA70
:10FC800004131343D1E90224013A013C43EA02235D
:10FC900043EA0432D1E904348969013B013C01396A
:10FCA00042EA034343EA045343EA016330BC8360FE
:10FCB000002070478268CC68114B013C13404A69B0
:10FCC00043EA0433541E43EA0454D1E90025846016
:10FCD000C3686C1E013A03F0704343EA04130C69D5
:10FCE0001A438B68013C8969013B013942EA0323CD
:10FCF00043EA044343EA016330BCC3600020704719
:10FD0000FF0F0FFF0246D1E9003010B4034314691E
:10FD1000D1E9021023435DF8044B013943EA402343
:10FD2000002043EA41131361704700BF0246054BB0
:10FD3000002010B4546923405DF8044B43EA4101AC
:10FD40005161704701C0FFFF84B0844600B583B0A5
:10FD50000DF1140E8EE80E000A9B012B32D1826B3E
:10FD6000A3F14213119922F4803201298263C268FF
:10FD700003EA0203C360C36823F44013C3606DD079
:10FD80000023394A009303E0DCF81030002B34DB09
:10FD9000009B013393420093F6D90320089B012B6B
:10FDA0000BD1DCF8083043F00803CCF80830DCF85D
:10FDB000083043F02003CCF8083003B05DF804EBC2
:10FDC00004B07047C3680021274A43F04003C36072
:10FDD000019103E0DCF81030002B2ADB019B01339A
:10FDE00093420193F6D903200E9BDBB9DCF838303F
:10FDF00043F48033CCF83830D0E700231A4A00931C
:10FE0000DCF8103043F00103CCF8103004E0DCF8EB
:10FE1000100010F00100C1D0009B01339342009309
:10FE2000F5D9BAE7DCF8383023F48033CCF8383031
:10FE3000B4E700230C4A0193DCF8103043F00103CF
:10FE4000CCF8103004E0DCF8100010F00100CBD04A
:10FE5000019B013393420193F5D9C4E7C36843F48E
:10FE60008013C3608CE700BF400D0300022A82B0FC
:10FE7000844613D009230193DCF80C30002023F4CE
:10FE80007053CCF80C30019BDCF80C209B0203F47F
:10FE900070531343CCF80C3002B07047224B234A06
:10FEA0000B44934207D9224B224A0B44934205D874
:10FEB0000E230193E0E70F230193DDE71E4B1F4A5A
:10FEC0000B44934207D91E4B1E4A0B44934205D262
:10FED0000C230193D0E70D230193CDE71A4B1B4A66
:10FEE0000B44934202D80B230193C5E7184B194AE0
:10FEF0000B44934202D20A230193BDE7164B174AE3
:10FF00000B449342B6D3164B164A0B44934202D28B
:10FF100008230193B0E7144B144A0B44934234BFB7
:10FF2000072306230193A7E7405327FFFF340C0064
:10FF3000401E1BFF3F420F0000DC0BFF7F4F1200F3
:10FF4000808CF9FE20D6130060B6E5FE5FE3160054
:10FF500000D3CEFE40771B00C05BB3FEC0912100F2
:10FF600000CA91FE20753800E05459FEE09C410023
:10FF7000034600209A6842F001029A60704700BF71
:10FF8000034600209A6822F001029A60704700BF81
:10FF900008B5C368012923F0C043C3600BD041B941
:10FFA000C36843F08043C3603220F7F791FB002021
:10FFB00008BD012008BDC36843F00053C360F3E7E8
:10FFC00084B02DE9F04782B00BAC0E9D84E80E00A2
:10FFD0000023159CC0F80431C0F80831C0F80C317A
:10FFE000C0F81031C0F81431C0F81831C0F81C3115
:10FFF000C0F82031C0F82431C0F82831C0F82C31C5
:020000040801F1
:10000000C0F83031C0F83431C0F83831C0F83C3174
:10001000836B002C40F0AC8023F4001383630368EF
:1000200043F040030360036843F080030360002350
:1000300000F5006CC0F8003ED0F80038C0F8003879
:10004000109B012B00F0A980D0F8003843F0030387
:10005000C0F800380023584A00934FF484630361CA
:1000600004E0036913F0200300F08680009B013355
:1000700093420093F5D9012200234F4E01931023A0
:10008000036102E00369DB0605D5019B0133B3423E
:100090000193F7D901220026CCF81060CCF8146047
:1000A000CCF81C60E9B100F510634FF090494FF0B7
:1000B000006AB6464FF67F3809E0C3F800E0013623
:1000C000C3F810E0C3F8088020338E4231D01F6897
:1000D000002FF2DA16B1C3F80090F0E7C3F800A0E1
:1000E000EDE7DCF81030012D23F48073CCF81030EC
:1000F00044D0002383616FF0804343611DB983695D
:1001000043F01003836181692C4B0B431199836188
:1001100019B1836943F008038361012C03D181691C
:10012000274B0B438361104602B0BDE8F04704B093
:100130007047002600F530634FF090494FF0006A99
:10014000B6464FF67F3809E0C3F800E00136C3F841
:1001500010E0C3F8088020338E42C2D01F68002F01
:10016000F2DA16B1C3F80090F0E7C3F800A0EDE7AB
:1001700043F4001383635AE71A467DE7114BCCF82A
:100180003030114BDCF830100B430021CCF830300C
:100190006FF0804381614361B5E70D9B23B9D0F8CF
:1001A0000038C0F8003855E7D0F8003843F00103B4
:1001B000C0F800384EE700BF400D030000383C8017
:1001C000040000400001800003000100890182B0AA
:1001D00000230A4A41F020010193016103E0036911
:1001E00013F0200307D0019B013393420193F6D90A
:1001F000032002B07047184602B07047400D03005C
:10020000D0F8083882B003F006030193019838B1A2
:100210000198022804D0019B062B0CBF02200F205E
:1002200002B0704730B44B780A78012B20D002F02E
:100230000F0C4FF48033D0F81C4800EB421203FA45
:100240000CF32343C0F81C38D2F8003B1B040CD439
:100250008B68D2F8004BC3F30A03C87814492343D0
:1002600043EA80431943C2F8001B002030BC7047AA
:1002700000F5006402F00F0500EB4210AB40E569A9
:100280002B43E361D0F800391C04EED48B68D0F81E
:100290000059C3F30A03CC7805492B4343EA84434E
:1002A00043EA8252114330BCC0F800190020704765
:1002B0000080001010B44A780B78012A1CD003F09B
:1002C0000F014FF48032D0F83C4800EB43138A40D2
:1002D000174924EA0204C0F83C48D0F81C4824EA34
:1002E00002025DF8044BC0F81C280020D3F8002B54
:1002F0001140C3F8001B704703F00F01D0F83C48D1
:1003000000EB43138A400B4924EA0204C0F83C483E
:10031000D0F81C4824EA02025DF8044BC0F81C28FF
:100320000020D3F800291140C3F80019704700BF1E
:100330000078F3EF007833EC2DE9F0414B7891F839
:1003400000C0012B51D000EB4C1C844CDCF8105B3E
:100350000CF530632C401C61814C1D692C401C61E4
:100360004C6984B38D68012A7E4E2C4404F1FF341D
:10037000B4FBF5F406EAC44EA4B205FB04F41D690F
:100380004EEA0505C4F312041D611D6944EA050423
:100390001C6125D0CB78012B0CD1D0F8083813F490
:1003A000807FDCF8003B0CBF43F0005343F08053E8
:1003B000CCF8003BDCF8003B43F00443CCF8003BB6
:1003C0000020BDE8F0818C68012A1D69C4F3120485
:1003D00044EA05041C611C6944F400241C61D9D161
:1003E000CA68002AD6D05A61D4E74D69002D3DD0A5
:1003F00000EB4C14594ED1F808E0D4F81089584F4E
:1004000008EA0606C4F8106905EB0E06013EB6FBC5
:10041000FEFED4F810693740524EC4F8107906EA4F
:10042000CE46D4F810793E43C4F81069C5F31206DD
:10043000D4F810793E43C4F8106904F5106691F8B9
:1004400003E0BEF1010F57D0012A72D0D4F8002981
:100450000CF00F0C42F0044203FA0CF3C4F800292C
:10046000D0F834281343C0F83438A9E700EB4C1314
:100470003B4E3A4C012AD3F8107906EA0706C3F836
:100480001069D3F8106946F40026C3F81069D3F850
:10049000106904EA060403F51066C3F8104991F8E0
:1004A00003E03AD0D3F80049BEF1010F44F0044410
:1004B000C3F8004984D1D0F8083813F4807F33683A
:1004C0000CBF43F0005343F080533360002A7FF4A5
:1004D00077AFADB20335AD083FF472AFCB6800EB38
:1004E0000C3C03EB85010CF5805C53F8042B8B422C
:1004F000CCF80020F9D163E73369012A23F0C04327
:100500003361336943F00053336117D0D4F80039B5
:1005100043F00443C4F80039CDE70B6963B9BEF179
:10052000010F0ED03368002043F004433360BDE870
:10053000F0810B69002BF5D07361F0E70B69002B9C
:10054000FAD1D0F8083813F4807F33680CBF43F039
:10055000005343F080533360E4E700BF0000F8FF2E
:10056000FFFF07E00000F81FF0B54C780B78012C76
:1005700026D000EB4310574CD0F8105B00F53063E9
:100580002C401C61544C1D692C401C614C69A4B961
:100590008C681D69C4F31204012A45F400251D610D
:1005A0001D6944EA05041C6149D0D0F8003B43F0C2
:1005B0000443C0F8003B0020F0BD8C684C61E8E7C4
:1005C0004C69002C40D000EB4315424FD1F808E0B5
:1005D000D5F810C9404E74450CEA070705F5106CB4
:1005E000C5F81079D5F8107906EA0706C5F810693C
:1005F00058D9DCF81040012AC1F814E044F4002472
:10060000CCF81040CEF31204DCF8106044EA060483
:10061000CCF810403AD0D5F8002942F00442C5F891
:100620000029BEF1000FC6D003F00F010123D0F85E
:1006300034288B401343C0F834380020F0BDCA681A
:10064000002AB2D05A61B0E700EB4310224B012AD6
:10065000D0F8104900F5106C03EA0403CCF8103010
:10066000DCF8103043F40023CCF81030194BDCF8E0
:10067000104003EA0403CCF8103007D0D0F800395A
:1006800043F00443C0F800390020F0BD0B690BB102
:10069000CCF81430DCF80030002043F00443CCF8F0
:1006A0000030F0BDDCF81060C4F31204012A46F4F7
:1006B0000026CCF81060DCF8106044EA0604CCF8A0
:1006C0001040E3D0D5F8002942F00442C5F80029D3
:1006D000AAE700BF0000F8FFFFFF07E010B49DF895
:1006E000044064B903339B0809D0013201EB830352
:1006F00000EB023051F8042B8B420260FAD100204B
:100700005DF8044B704700BF033292080AD000F531
:10071000805C01EB8200DCF8003041F8043B884249
:10072000F9D17047084670474A780B78012A00EBE8
:1007300043100CD0D0F8002B0BB1002A14DAD0F8FB
:10074000003B43F40013C0F8003B00207047D0F892
:100750000029002A00DB73B9D0F8003943F40013F4
:10076000C0F8003900207047D0F8003B23F08043E8
:10077000C0F8003BE3E7D0F8003923F08043C0F82D
:100780000039D0F8003943F40013C0F80039E9E724
:100790004A780B78012A00EB431013D0D0F8003BC5
:1007A00023F40013C0F8003BCB78023B012B01D9A6
:1007B00000207047D0F8003B43F08053C0F8003B66
:1007C00000207047D0F8003923F40013C0F8003936
:1007D000CB78023B012BEBD8D0F8003943F08053A3
:1007E000C0F8003900207047034609010020D3F803
:1007F000002801F4FE6122F4FE62C3F80028D3F859
:1008000000281143C3F80018704700BF08B503461D
:100810000320D3F8042822F00202C3F80428F6F7D4
:1008200057FF002008BD00BF08B503460320D3F8DA
:10083000042842F00202C3F80428F6F749FF00201A
:1008400008BD00BF82B0436901938269019B1340D8
:100850000193019802B0704782B0D0F81838019324
:10086000D0F81C28019B134001930198000C02B0A2
:10087000704700BF82B0D0F818380193D0F81C2818
:10088000019B13400193019880B202B0704700BFF2
:1008900000EB411182B0D1F8083B0193D0F8142845
:1008A000019B13400193019802B0704784B0D0F8C7
:1008B000103801F00F0C00EB41110293D0F83438DE
:1008C0000393039B029A23FA0CF3DB01DBB213437D
:1008D0000293D1F80839029A13400193019804B0A9
:1008E000704700BF406900F001007047D0F8001960
:1008F00000F500630A4A0A40C0F800299A6802F02D
:100900000602042A05D1D0F8002942F00302C0F8FB
:1009100000295A68002042F480725A60704700BF74
:1009200000F8FFFF144B10B4046C9C421AD800F579
:100930003060002301290361036943F4002303614C
:10094000036943F018030361036943F0C043036183
:1009500004D14261036843F08023036000205DF806
:10096000044B7047D0F8003B00F53060002BE0DA14
:1009700000205DF8044B70470A30544FD0F8002433
:1009800001F00303012900F5806C22F00302C0F896
:100990000024D0F8002443EA0203C0F8003409D050
:1009A000022901D00020704741F270730020CCF87A
:1009B000043070474BF680330020CCF80430704789
:1009C000D0F8140480B2704700EB4111002382B0CC
:1009D00001F5A0620193D1F8003513F4802FD1F80E
:1009E000003543F08043C1F8003522D1C36A13F4C7
:1009F0007F0FD1F8003523D123F00043C1F8003533
:100A0000D1F8003543F00043C1F80035D1F8003586
:100A100023F40043C1F8003502E01368002B13DA19
:100A2000019B0133B3F57A7F0193F6D9002002B020
:100A30007047D0F8103413F47F0FD1F8003506D08A
:100A400043F00043C1F80035002002B0704723F0A6
:100A50000043C1F80035D1F8003543F00043C1F838
:100A60000035D1F8003523F40043C1F8003502E029
:100A70001368002BE8DA019B0133B3F57A7F019309
:100A8000F6D9002002B0704730B4002484B04FF48F
:100A90008465AA4A00940146836823F001038360B9
:100AA0000394056102E00B69980604D5039B0133AA
:100AB00093420393F7D900201023A04A02900B61C0
:100AC00002E00B69DB0604D5029B013393420293DB
:100AD000F7D9D1F8003501F5A06201F5E060019386
:100AE000019B43F080430193019B23F0004301935A
:100AF000019B23F400430193019BC1F80035D1F819
:100B000020350193019B43F080430193019B23F027
:100B100000430193019B23F400430193019BC1F81F
:100B20002035D1F840350193019B43F08043019378
:100B3000019B23F000430193019B23F400430193A5
:100B4000019BC1F84035D1F860350193019B43F01A
:100B500080430193019B23F000430193019B23F405
:100B600000430193019BC1F86035D1F880350193B2
:100B7000019B43F080430193019B23F000430193C9
:100B8000019B23F400430193019BC1F88035D1F808
:100B9000A0350193019B43F080430193019B23F017
:100BA00000430193019B23F400430193019BC1F88F
:100BB000A035D1F8C0350193019B43F080430193E8
:100BC000019B23F000430193019B23F40043019315
:100BD000019BC1F8C035D1F8E0350193019B43F08A
:100BE00080430193019B23F000430193019B23F475
:100BF00000430193019BC1F8E035D1F80036019321
:100C0000019B43F080430193019B23F00043019338
:100C1000019B23F400430193019BC1F80036D1F8F6
:100C200020360193019B43F080430193019B23F005
:100C300000430193019B23F400430193019BC1F8FE
:100C40002036D1F840360193019B43F08043019355
:100C5000019B23F000430193019B23F40043019384
:100C6000019BC1F84036D1F860360193019B43F0F7
:100C700080430193019B23F000430193019B23F4E4
:100C800000430193019BC1F86036D1F8803601938F
:100C9000019B43F080430193019B23F000430193A8
:100CA000019B23F400430193019BC1F88036D1F8E6
:100CB000A0360193019B43F080430193019B23F0F5
:100CC00000430193019B23F400430193019BC1F86E
:100CD000A036D1F8C0360193019B43F080430193C5
:100CE000019B23F000430193019B23F400430193F4
:100CF000019BC1F8C036D1F8E0360193019B43F067
:100D000080430193019B23F000430193019B23F453
:100D100000430193019BC1F8E03613680193019BE6
:100D200043F080430193019B43F000430193019BF7
:100D300023F400430193019B136004E0400D030082
:100D40001368002B05DA009B0133B3F57A7F00931B
:100D5000F6D920328242E0D14FF0FF330020C1F8B3
:100D600014344B618B6843F001038B6004B030BCDA
:100D7000704700BFD0F8943283B110B5D0F89042DC
:100D800094F80002FF2807D09B68214694F80122BE
:100D90009847FF2384F80032002010BD00207047E0
:100DA000054A0346054912780548012A12BF432225
:100DB000652208461A80704774EA01240C04002456
:100DC00034030024054A0346054912780548012AE0
:100DD00012BF4322652208461A80704774EA012434
:100DE0000C04002478030024054A034605491278C0
:100DF0000548012A12BF4322652208461A8070471F
:100E000074EA01240C040024C803002403460A22C7
:100E100001481A80704700BFBC03002438B504465F
:100E2000D0F89052F6F75EF9D4F89032C5F80C027B
:100E30004BB1D4F8943205F50371D5F80402DB68A0
:100E40009847002038BD022038BD00BF38B5D0F823
:100E5000905205B301EB810E00EB8E0EDEF81C30D4
:100E600063B1D0F89822C1EBC10C02EB8C0CDCF81A
:100E70004440B3FBF4F204FB123424B100231846BF
:100E8000C5F8143238BD23462246CEF81C40F6F78A
:100E90000DF9204638BD022038BD00BFF0B591F8ED
:100EA00000C083B000230C461CF060060546D0F855
:100EB00090728DF80530ADF8063013D0202E17D182
:100EC000CA88EAB11CF0800F3ED01E46D0F894329A
:100ED000394660789B689847E2883946284600F092
:100EE0001DFD0AE04B780A2B1FD00B2B27D083B1B6
:100EF00021462846022600F0DBFC304603B0F0BD58
:100F0000D0F89432164648789B689847304603B02C
:100F1000F0BD90F87432032B20D0022628462146DB
:100F200000F0C6FC304603B0F0BD90F87432032BDD
:100F3000F3D101220DF1050100F0F0FCDDE790F89E
:100F40007432032BD9D0E8E749781E4687F801228E
:100F500087F80012394600F0F9FCCEE702220DF1C5
:100F6000060100F0DBFCC8E738B504460025812106
:100F7000F6F750F801212046E562F6F74BF882219A
:100F80002046C4F85851F6F745F8D4F89032256455
:100F90004BB1D4F894325B689847D4F8900203F0D0
:100FA00081FBC4F89052002038BD00BF38B5037CE7
:100FB0000446A3BB4FF40073022281210125F6F7FA
:100FC00017F84FF4007329460222E5622046F6F72F
:100FD0000FF8032208238221C4F858512046F6F75F
:100FE00007F801214FF40770216403F01BFBD4F8CC
:100FF000943205461B68C4F8900298470023227C6F
:101000000121C5F81432C5F8183282B94FF40073C3
:10101000D5F804222046F6F757F8002038BD4023C3
:10102000022281210125F5F7E3FF4023CBE740238E
:10103000D5F804222046F6F747F8002038BD00BF57
:10104000034619B10020C3F894127047022070477C
:1010500003460020D3F89032C3F80812C3F81022D8
:10106000704700BF03460020D3F89032C3F8041243
:10107000704700BFD0F890229AB110B5D2F8144250
:101080000CB1012010BD01238121C2F81432D2F825
:101090001032D2F8082203639BB2F6F707F8204615
:1010A00010BD0220704700BFD0F8902210B59AB151
:1010B000047C44B100244023D2F804220121F6F735
:1010C00003F8204610BD4FF40073D2F8042201212A
:1010D000F5F7FAFF204610BD0224204610BD00BFE0
:1010E00008B580B1D0F88C3213B10023C0F88C322F
:1010F00009B1C0F888120123027080F87432F5F744
:10110000F7FE002008BD054803F0A0FB044803F0EB
:101110009DFB0A2003F0B2FB022008BD4C600108D1
:101120005460010808B521B103460020C3F88C12B1
:1011300008BD054803F08AFB044803F087FB0A203A
:1011400003F09CFB022008BD4C6001086C600108A4
:1011500008B5F5F73FFF002008BD00BF08B5D0F87F
:101160008C321BB11B68984700B908BD022008BD2E
:1011700008B5D0F88C325B689847002008BD00BFE6
:1011800038B500F520750446284600F07DFB0122A5
:10119000B4F8863294F88012C4E99B2301F01F034F
:1011A000934209D0022B13D063B101F08001204695
:1011B000F5F73EFF002038BD2946204600F092FAA0
:1011C000002038BD2946204600F00AF9002038BD2D
:1011D0002946204600F0BAFA002038BD38B5054649
:1011E00069B91346D0F86C22032A15D0052A0C469B
:1011F0000ED1C5F86C12F5F71BFF204638BDD0F8AC
:101200008C329B6933B190F87422032A02D198473B
:10121000002038BD022038BDD0E9531291420CD9CC
:10122000891A8A42C0F84C1188BF8AB2194698BF01
:1012300092B200F099FB002038BDD0F88C321B69C7
:101240001BB190F87422032A04D0284600F096FBC4
:10125000002038BD9847F8E770B5044661B9D0F86A
:101260006C32022B15D033F0040337D094F8783267
:10127000012B2ED0002070BDD0F88C325B6933B1C9
:1012800090F87422032A02D19847002070BD0220F2
:1012900070BDD0E908630D469E4223D8C669B6FBEF
:1012A000F3F203FB12620AB9B34228D9D4F88C32A4
:1012B000DB681BB194F87422032A30D080212046C9
:1012C000F5F7B6FE204600F065FB94F87832012B66
:1012D000D0D10023184684F8783270BD8021F5F70C
:1012E000A7FEC3E7F31A114603629AB200F024FB8B
:1012F0002B462A4629462046F5F7E6FEB6E7D0F803
:1013000070329E42D2D20A4600F016FB2B462A4685
:1013100029462046C4F87052F5F7D6FEA6E72046C7
:101320009847CBE770B500224026044601251146B8
:101330003346F5F75DFE3346802100222046C4F88F
:101340004451C4F85061F5F753FE0021D4F89032AF
:10135000A561666284F87452C4F86C126160C4F8C6
:101360007C1223B1D4F88C3220465B689847002069
:1013700070BD00BF03460020197470470346042166
:10138000002093F8742283F8741283F87522704752
:101390000346002093F8752283F87422704700BF3B
:1013A00090F87422032A01D00020704708B5D0F8C5
:1013B0008C32DB6903B19847002008BD00207047DC
:1013C0000020704700207047D0F88C22012108B51A
:1013D00080F87412017953689847002008BD00BF57
:1013E00030B50B7883B00D46044603F06003202B24
:1013F0000DD0402B0BD09BB180212046F5F718FE75
:1014000000212046F5F714FE002003B030BDD4F8CB
:101410008C32294620469B689847002003B030BD97
:101420004B78092BE8D801A252F823F08714010861
:10143000B3140108F9130108D1140108F9130108C4
:10144000D914010811150108F91301084115010803
:10145000551401088978A24D01292970CCD890F83B
:101460007432022B00F01281032B00F000818021E6
:10147000F5F7DEFD00212046F5F7DAFD2978204654
:10148000FFF776FEC0E790F87432013B022BB3D829
:10149000CB88022BB0D10122D0F87C32C2600BB1D4
:1014A0000323C360022204F10C01204600F036FA47
:1014B000AAE790F87432013B022B9DD84B88012B90
:1014C000A2D100232046C4F87C3200F057FA9BE7F3
:1014D0004B88012B98D1F5E78B88002B8CD1CB88DA
:1014E000002B89D14D887F2D86D890F87432032B3C
:1014F00082D0E9B280F87612F5F7CAFD204600F0F6
:101500003DFA002D00F0E080022384F874327BE77E
:101510004A88130A013B062B3FF66EAF01A151F832
:1015200023F000BFD5150108BD150108AB15010852
:10153000F9130108F9130108951501086715010849
:10154000CA88012A7FF458AF90F87432022B00F257
:101550008780002B3FF450AF0146002341F8083F3D
:1015600000F0DCF950E7037C002B7FF445AFD0F8A6
:101570008C320DF106001B6B984707234370BDF8B2
:101580000620002A67D0EB88002B5BD1204600F0B4
:10159000F5F939E7037C002B7FF42EAFD0F88C32BD
:1015A0000DF106005B6B9847E9E7D1B2052900F21F
:1015B0008F80DFE801F0271F17372F3F037C002BB8
:1015C00072D1D0F88C320DF106009B6A9847022345
:1015D0004370D4E7D0F888320DF10601007C1B6817
:1015E0009847CCE7D0F888320DF10601007CDB6823
:1015F0009847C4E7D0F888320DF10601007C9B685B
:101600009847BCE7D0F888320DF10601007C5B6892
:101610009847B4E7D0F888320DF10601007C5B6989
:101620009847ACE7D0F888320DF10601007C1B69C1
:101630009847A4E7D0F888320DF10601007C9B6939
:1016400098479CE79A420146204628BF1A46ADF8C3
:10165000062000F063F9EB88002B7FF4D5AE95E708
:10166000032B7FF4C9AE011D00F058F9CCE621B37D
:10167000416801298AD0C9B2FFF77AFD297820464E
:101680006160FFF76BFD022880D1B5E600293FF4C9
:101690007DAF01210323416080F87432FFF75EFDC6
:1016A00002287FF473AFA7E6D0F88C320DF1060064
:1016B000DB6A98470223437061E70223416080F8A8
:1016C0007432FFF755FD61E7012384F874329BE61D
:1016D000D0F88C320DF106029B6B98474FE700BFA4
:1016E000A831022438B50B780D46044603F0600299
:1016F000402A0AD05B0608D58021F5F799FC002125
:101700002046F5F795FC002038BD94F87432013B73
:10171000022B11D82B79012B0ED8D4F88C32294604
:1017200020469B689847EB88002BECD10028EAD133
:10173000204600F023F9E6E780212046F5F778FC03
:1017400000212046F5F774FC002038BD38B50B7831
:10175000044603F06003202B0CD0402B0AD083B149
:1017600080212046F5F764FC00212046F5F760FC57
:10177000002038BDD4F88C3220469B689847002062
:1017800038BD4B788A88012B5FFA82FC37D0032B57
:1017900023D0002BE4D190F87432022B4AD0032BD3
:1017A000DED10CF00F03120603EB830300EB83037F
:1017B00051D4D3F84431002BD2D00CF07F03142540
:1017C00005FB030505F5A075002B4FD12B60022208
:1017D0002946204600F0A2F8CAE790F87432022B9E
:1017E0001DD0032BBCD14B882BB91CF07F0F02D02E
:1017F000CB88002B43D0204600F0C0F8B8E790F823
:101800007432022B0BD0032BAAD14B88002BAFD103
:101810001CF07F0FEFD06146F5F718FCEBE71CF0EA
:101820007F0F9DD06146F5F703FC80212046F5F738
:10183000FFFB9DE71CF07F0F92D111064FF00003D4
:101840004FF002024CBF00F1140100F5A0710B60D3
:1018500000F064F88CE79B69002B81D00CF07F03CB
:101860005D1C05EB850500EB8505ADE7614620466F
:10187000F5F7FAFB08B10123A8E72860A7E761465E
:10188000F5F7D6FBB7E700BF0B7803704B784370D2
:10189000CA788B7803EB022343804A790B7903EBF8
:1018A00002238380CA798B7903EB0223C3807047BC
:1018B00010B504468021F5F7BBFB00212046BDE8AA
:1018C0001040F5F7B5BB00BF18B3037830B40BB3C5
:1018D0000446C0F1010C04EB0C0314F8015FDBB209
:1018E000002DF8D101335B00DCB2138003230C70B0
:1018F0004B7004785CB1022300255A1CCC5402338F
:10190000D2B2DBB28D5410F8014F002CF5D130BCAF
:101910007047704702242346E7E700BF10B513461F
:1019200002240A460021C0F86C42C0E90733F5F7EB
:10193000BDFB002010BD00BF8C46002108B513463A
:101940006246F5F7B3FB002008BD00BF10B5134693
:1019500003240A460021C0F86C42C0E95233F5F76F
:10196000B3FB002010BD00BF8C46002108B5134614
:101970006246F5F7A9FB002008BD00BF08B50421A9
:101980000023C0F86C121A461946F5F78FFB0020A9
:1019900008BD00BF08B505210023C0F86C121A4627
:1019A0001946F5F791FB002008BD00BFD0F8C4230D
:1019B0000132C0F8C42302780B2A00D07047D0F857
:1019C0007C33002BFAD09B69184700BF012380F8B5
:1019D00023337047002380F82333704703460022E7
:1019E0000121104683F8201383F8212383F8222352
:1019F000704700BF38B501230025044680F8213325
:101A000080F8235380F82053F5F732FD21792046E2
:101A100000F006F86179204600F002F8284638BD4B
:101A20000A2907D800EB8100D0F88433C3F30E03F2
:101A3000C0F88433002070470C4A82B00C4BD2F8B7
:101A4000DC1041F04001C2F8DC10D2F8DC2002F0DA
:101A500040020192019A1A6822F020021A601A6864
:101A600042F004021A6002B0704700BF00440258FE
:101A70000018024870B5002304464FF48062042128
:101A80004FF440353448C4F83821C4F8D410C4F8B1
:101A90003431C4F84C113149C4F8B000C4F82811ED
:101AA000C4E92F32C4E93133C4E93335C4E93733EB
:101AB000C4E94F33C4E95135C4E95533A26803235F
:101AC000C4F8D830C4F85031042A0AD8DFE802F04C
:101AD0001F262D34030055225623C4F8B420C4F821
:101AE0002C310022402304F1B005C4F8B820284668
:101AF000C4F83031F6F7A8FD08B1FFBEFEE704F5E3
:101B000094763046F6F7A0FDE8B1FFBEFEE7252249
:101B10002623C4F8B420C4F82C31E2E72722282376
:101B2000C4F8B420C4F82C31DBE73D223E23C4F8CE
:101B3000B420C4F82C31D4E753225423C4F8B42081
:101B4000C4F82C31CDE704F12803C4E92865C4F8B2
:101B5000E830C4F8603170BD4004024058040240CF
:101B60002DE9F04F814683B00E4617461D4600F121
:101B70002804204601F090FD01288246F9D148460C
:101B8000FFF778FF8046002835D1EFF310830193EB
:101B900072B6DFF888B00C9B99F90820DFF880A0B6
:101BA000DFF88090CBF800300D9B89F80020CAF850
:101BB00000300DB11846A847BAB23146204601F0B0
:101BC000E1F830B9019B03B962B6404603B0BDE805
:101BD000F08F0023CBF80030CAF80030FF2389F8DB
:101BE00000300C9B8BB101210D9888469847019BD2
:101BF000002BEAD1E8E70C9B53B1D0460D98514633
:101C00009847404603B0BDE8F08F4FF00108D9E790
:101C1000D046404603B0BDE8F08F00BFCC3B022465
:101C2000D43B0224D03B02242DE9F04F814683B0FF
:101C30000E4617461D4600F12804204601F02CFDF3
:101C400001288246F9D14846FFF714FF8046002854
:101C500035D1EFF31083019372B6DFF888B00C9B97
:101C600099F90820DFF880A0DFF88090CBF80030E9
:101C70000D9B89F80020CAF800300DB11846A8471E
:101C8000BAB23146204601F041FA30B9019B03B99E
:101C900062B6404603B0BDE8F08F0023CBF80030B9
:101CA000CAF80030FF2389F800300C9B8BB101216A
:101CB0000D9888469847019B002BEAD1E8E70C9BDA
:101CC00053B1D0460D9851469847404603B0BDE801
:101CD000F08F4FF00108D9E7D046404603B0BDE889
:101CE000F08F00BFCC3B0224D43B0224D03B022423
:101CF0002DE9F04F814683B00F461646984600F115
:101D00002804204601F0C8FC0128FAD18246484642
:101D1000FFF7B0FE0546002838D1EFF3108301939A
:101D200072B699F90830DFF88890DFF888B089F842
:101D300000300D9BDFF880A0CBF800300E9BCAF876
:101D400000300C9B0BB10E9898471FFA88F33A4667
:101D50003146204601F0CEF830B9019B03B962B696
:101D6000284603B0BDE8F08F0023CBF80030CAF856
:101D70000030FF2389F800300D9B8BB101210E98B4
:101D80000D469847019B002BEAD1E8E70D9B4BB12C
:101D900055460E9851469847284603B0BDE8F08F47
:101DA0000125DAE75546284603B0BDE8F08F00BFAD
:101DB000D03B0224CC3B0224D43B02242DE9F04347
:101DC000002387B00222044605690493CDE902236B
:101DD000D0E902128E00FAB1022D7AD02178B5FA3C
:101DE00085F54FF00108276A0B294FEA551521D1D7
:101DF000A2780B2A02D0B8F1000F38D123790B2B2F
:101E000001D0002D6CD1A37917B10B2B40F0998034
:101E1000002007B0BDE8F08335F002032178276A7F
:101E20000CBF4FF001084FF00008023D18BF01251C
:101E30000B29DDD07D4B94F801C053F82620107893
:101E40000B2802D0884200F0AD80D378D01C994294
:101E500002D10B2B40F0BD809379901D8B4202D1B3
:101E60000B2B40F0BC80012007B0BDE8F083711C53
:101E70006E4BE07853F8213019780B2902D08A4252
:101E800000F0B580D97803F1030C0B2902D08A4207
:101E900000F0BB80997903F1060C0B29E3D08A424C
:101EA000E1D1DB798342DED1634604F102099B78FC
:101EB00048460593F5F7EAFA80464846F5F7EEFA04
:101EC00001A901904046F7F789FA23790B2B98D1A5
:101ED00099E70178076A0B2940F0868001258DE794
:101EE000B11C524A607952F8212011780B2902D096
:101EF0008B4200F08180D178D51C0B2902D08B4217
:101F000000F08D809179951D8B42ACD10B29AAD020
:101F1000D3798342A7D12A46251D93782846059375
:101F2000F5F7B4FA034628461D46F5F7B7FA01A9B6
:101F300001902846F7F752FAA379002F7FF465AF96
:101F400066E7F11C394AE07952F8212011780B2913
:101F500001D08B425FD0D178D51C0B2901D08B42A8
:101F60004FD09179951D8B427FF47DAF0B293FF4C3
:101F70007AAFD37983427FF476AF2A46A51D937852
:101F800028460593F5F782FA04462846F5F786FABF
:101F9000034601A920460193F7F720FA002007B075
:101FA000BDE8F083537863457FF44FAF93782046C4
:101FB0000593F5F76BFA81462046F5F76FFA01A90C
:101FC00001904846F7F70AFAA2780B2A7FF413AF7C
:101FD00014E7137963457FF43FAF0246E6E7D37910
:101FE00063457FF440AFF8E79846012522E759782A
:101FF00081427FF447AF58E7517881427FF47BAF4D
:102000008AE711798142ACD1B7E7197981427FF42F
:1020100041AF634649E7517881429CD1AEE71179DF
:1020200081427FF46FAF2A4676E700BF88600108DF
:10203000654A0368934200F0B980A2F57842934262
:1020400000F0B68002F58062934200F0B38002F5A2
:102050007842934200F0B08002F5E052934200F0E3
:10206000AD805A4A934240F0AB8005234FF4D071C3
:10207000574A01FB03F310B5D418D05C86B0F5F7CE
:1020800015FAA078F5F712FA2079F5F70FFAA0798A
:10209000F5F70CFAA368052B11D8DFE803F0192F28
:1020A000455B71034B4BD3F8F42042F02002C3F898
:1020B000F420D3F8F43003F020030593059B204669
:1020C000FFF77CFE012801D006B010BDFFBEFEE781
:1020D000404B00222320D3F8F01041F48051C3F884
:1020E000F0101146D3F8F03003F480530093009BB6
:1020F000F6F7F8F82320F6F733F9E0E7354B00223E
:102100002420D3F8E81041F48041C3F8E8101146C8
:10211000D3F8E83003F480430193019BF6F7E2F82B
:102120002420F6F71DF9CAE72A4B00223320D3F802
:10213000E81041F40041C3F8E8101146D3F8E83044
:1021400003F400430293029BF6F7CCF83320F6F732
:1021500007F9B4E71F4B00225420D3F8F01041F4E4
:102160000051C3F8F0101146D3F8F03003F40053D7
:102170000393039BF6F7B6F85420F6F7F1F89EE7C1
:10218000144B00225520D3F8F01041F48011C3F80D
:10219000F0101146D3F8F03003F480130493049B3D
:1021A000F6F7A0F85520F6F7DBF888E700235DE79F
:1021B00001235BE7022359E7032357E7042355E78D
:1021C00000231B78FFDE00BF0030014000140058E0
:1021D000AC310224004402582DE9F043002289B0BA
:1021E0001B4B01210DF1040C9E461A4B0791E14651
:1021F000E04667460EF11C060EF138050EF1540458
:10220000CDE90122CDE90322CDE90522FF221A7092
:10221000BCE80F00AEE80F009CE807008EE807005E
:10222000B9E80F000FC69CE8070086E80700B8E889
:102230000F000FC59CE8070085E807000FCF0FC40B
:102240009CE8070084E8070009B0BDE8F08300BF00
:1022500034050024D03B0224014801F0F1B800BF4E
:10226000D4310224014801F0EBB800BF74330224DA
:10227000014801F0E5B800BF14350224014801F01F
:10228000DFB800BFB4360224014801F0D9B800BF5E
:102290005438022410B5EFF3108472B6084B1A7844
:1022A000120602D504B962B610BD1B784FF4D07285
:1022B00004485BB202FB0300B030F6F73DFDF1E7E6
:1022C000D03B0224AC31022410B5EFF3108472B677
:1022D000094B1A78120602D504B962B610BD1B78F4
:1022E0004FF4D07205485BB202FB030000F5947016
:1022F000F6F722FDF0E700BFD03B0224AC31022408
:102300002DE9F04184B0EFF3108772B6284AFF211F
:10231000284C1368217023B100211160264A1068EF
:10232000984723781B061CD5DFF894800025234EA0
:102330004446216879B162686AB1A369012B22D051
:10234000A3B963693046019323690093E368228946
:10235000FFF76AFC18B301351C3406F5D076042D5E
:10236000E7D107B962B604B0BDE8F081D4E9043022
:10237000CDE90130E068238900903046FFF7B8FCD2
:102380000028E8D10BE0D4E904301146CDE9003053
:102390003046E3682289FFF7E3FB0028DBD1C5EB79
:1023A000C50508EB850348F825005860D9E700BF4C
:1023B000CC3B0224D03B0224D43B0224AC31022487
:1023C000340500242DE9F04184B0EFF3108772B694
:1023D000284AFF21284C1368217023B10021116085
:1023E000264A1068984723781B061CD5DFF894808E
:1023F0000025234E4446216879B162686AB1A36919
:10240000012B22D0A3B9636930460193236900935D
:10241000E3682289FFF708FC18B301351C3406F580
:10242000D076042DE7D107B962B604B0BDE8F081DB
:10243000D4E90430CDE90130E068238900903046CA
:10244000FFF756FC0028E8D10BE0D4E90430114630
:10245000CDE900303046E3682289FFF781FB002890
:10246000DBD1C5EBC50508EB850348F825005860AE
:10247000D9E700BFCC3B0224D03B0224D43B02244A
:10248000AC310224340500242DE9F04184B0EFF38F
:10249000108772B6284AFF21284C1368217023B197
:1024A00000211160264A1068984723781B061CD526
:1024B000DFF894800025234E4446216879B1626894
:1024C0006AB1A369012B22D0A3B963693046019395
:1024D00023690093E3682289FFF7A6FB18B301354F
:1024E0001C3406F5D076042DE7D107B962B604B0E6
:1024F000BDE8F081D4E90430CDE90130E0682389FA
:1025000000903046FFF7F4FB0028E8D10BE0D4E957
:1025100004301146CDE900303046E3682289FFF7E8
:102520001FFB0028DBD1C5EBC50508EB850348F888
:1025300025005860D9E700BFCC3B0224D03B0224E1
:10254000D43B0224AC310224340500242DE9F041AF
:1025500084B0EFF3108772B600F066FB284A294C6E
:10256000FF21136821702BB1002111600121264A3F
:102570001068984723781B061CD5DFF89480002547
:10258000224E4446216879B162686AB1A369012B81
:1025900022D0A3B963693046019323690093E368AD
:1025A0002289FFF741FB18B301351C3406F5D076BC
:1025B000042DE7D107B962B604B0BDE8F081D4E9D3
:1025C0000430CDE90130E068238900903046FFF700
:1025D0008FFB0028E8D10BE0D4E904301146CDE9A7
:1025E00000303046E3682289FFF7BAFA0028DBD1D1
:1025F000C5EBC50508EB850348F825005860D9E709
:10260000CC3B0224D03B0224D43B0224AC31022434
:102610003405002430B4544B002108220220534CCE
:10262000D9615862C3F8BC11C3F8C401C3F85C1384
:10263000C3F86403C3F8F424C3F8F814C3F8FC1413
:10264000C3F80405C3F89426C3F89816C3F89C167B
:10265000C3F8A406C3F83428C3F83818C3F83C18E4
:10266000C3F84408424D4348C3E90521C3E96D213D
:10267000C3E9D5212288A3783F49EA80CA800B723A
:102680003E492B72CA800B722168A0F80320437167
:10269000C28003723A4C3B48E2802372A0F80320C8
:1026A000394C4371C28003723848E2802372A0F82B
:1026B0000320374C4371C2800372080C2180A07044
:1026C000A4F803206371E2802372324C324D2180E2
:1026D000A070A4F803206371E28023722F4CEA807B
:1026E00021802B72A070A4F803206371E280237212
:1026F0002B4C2180A070A4F803206371E280237228
:10270000284C2180A070A4F803206371E28023721A
:10271000254C2180A070A4F803206371E28023720D
:10272000224C2180A070A4F803206371E280237200
:102730001F4C21801F49A070A4F803201E4863711C
:10274000E2802372A1F803201C4C4B71CA800B72EB
:102750001B49E2802372C2800372A1F803204B71EF
:10276000CA800B7230BC7047AC310224846001080F
:10277000BC040024E0040024B004002474040024F9
:10278000C804002404050024EC0400248C04002464
:102790009C3B0224843B0224F8040024903B022446
:1027A0006C3B0224C03B0224A83B0224B43B02241D
:1027B000783B0224280500241C0500241005002471
:1027C00098040024714A036811698B4200B587B0F0
:1027D0004BD0916E8B4200F0B680D2F8C0108B4285
:1027E00000F0B380D2F818118B4200F0B080B3F142
:1027F000804F1ED0664A93420DD0664A934200F045
:10280000A880654A934200F0B280644A93421ED089
:1028100007B05DF804FB624BD3F8E82042F00202F7
:10282000C3F8E820D3F8E83003F002030293029BD8
:10283000EEE75B4BD3F8E82042F00102C3F8E82052
:10284000D3F8E83003F001030193019BE0E7544B18
:10285000D3F8E82042F01002C3F8E820D3F8E830BB
:1028600003F010030593059BD2E700205821B3F134
:10287000804F01FB0022127B1ED045498B4235D090
:1028800044498B4248D044498B42BED1444BD3F893
:10289000E81041F00801C3F8E810D3F8E83003F07D
:1028A00008030493049B002AB2D0322000220F2197
:1028B000F5F718FD322014E0394BD3F8E81041F059
:1028C0000101C3F8E810D3F8E83003F001030193E5
:1028D000019B002A9CD01C2000220F21F5F702FD4D
:1028E0001C2007B05DF804EBF5F73ABD2C4BD3F88C
:1028F000E81041F00201C3F8E810D3F8E83003F023
:1029000002030293029B002A82D01D2000220F2185
:10291000F5F7E8FC1D20E4E7214BD3F8E81041F07F
:102920000401C3F8E810D3F8E83003F0040303937C
:10293000039B002A3FF46CAF1E2000220F21F5F705
:10294000D1FC1E20CDE7012090E702208EE7032076
:102950008CE7134BD3F8E82042F00402C3F8E820D8
:10296000D3F8E83003F004030393039B50E70C4BC8
:10297000D3F8E82042F00802C3F8E820D3F8E830A2
:1029800003F008030493049B42E700BFD83B0224F2
:102990000004004000080040000C0040001000400F
:1029A000004402580F4B026819698A420BD0996E95
:1029B0008A4211D0D3F8C0108A420FD0D3F8181130
:1029C0008A420DD070470021582202FB01331A6D54
:1029D000002AF7D0586D10470121F5E70221F3E7EF
:1029E0000321F1E7D83B0224014800F0EFBF00BF0C
:1029F000E83B0224014800F0E9BF00BF403C02244C
:102A0000014800F0E3BF00BF983C0224014800F0F9
:102A1000DDBF00BFF03C0224F0B54FF0580C0F684A
:102A20002E4D8DB00CFB07FC032F05EB0C0606604A
:102A300047DC0B460868344649689A6807C41B7B24
:102A4000237004AC7268264B002A4FF000027261BA
:102A500018BF1022B2610FCB84E80F000CAB03EB60
:102A6000870353F8203CB3F1804F336124D01D4AD3
:102A7000934221D030890CF1100458230021802288
:102A800003FB07532C44C3E907019A62204600F078
:102A900007FE034600B1FEE74FF4805208A9204626
:102AA000099301930892CDE90A33CDE9023300F08E
:102AB000C7FE034640B1FEE7582303FB075398685F
:102AC000D9E701200DB0F0BD01A920460193039381
:102AD00001F034F80028F5D0FEE700BFD83B02240F
:102AE000105B0108000C0040006808B5037B103043
:102AF0002BB100F08FFE003818BF012008BD00F098
:102B00006FFE003818BF012008BD00BF0C4B00222B
:102B10004FF0FF311A739960196683F86420C3F887
:102B2000B81083F8BC20C3F8101183F81421C3E94E
:102B30000022C3E91622C3E92C22C3E942227047CE
:102B4000D83B0224034688B190F83D20022A03D0E6
:102B5000802201209A66704702680421002083F8D1
:102B60003D10D36823F00103D36070470120704704
:102B700003682C495A6910B49C6944F008049C61AC
:102B80009C6944F010049C611C6824F001041C60E2
:102B90001C6921401961996821F44041996090F8BD
:102BA0008110042901D0910630D490F881100329B6
:102BB00001D054061FD4910509D5D0F8841041F0F6
:102BC0000101C0F88410996941F400719961D2053E
:102BD00009D5D0F8842042F00802C0F884209A6910
:102BE00042F480729A6100235DF8044BA0F86230D1
:102BF000A0F86A307047D0F8841041F00401C0F8A2
:102C00008410996941F040019961D4E7D0F88410AB
:102C100041F08001C0F88410996941F02001996168
:102C2000C3E700BF90FCFFFF002800F0A48002680B
:102C30000021F8B5514B044681629A4216D0A3F5A3
:102C400078439A4212D003F58063C0689A4200F03C
:102C50008A800F2808D8E16B00F108034D09DB08D2
:102C600005FB0333082B15D90120F8BDE068E16BA3
:102C700000F10803414E4D09DB0805FB0333404DCD
:102C8000AA4218BFB24203D005F58065AA4201D11D
:102C9000102BE9D894F8813003F0FF05002B58D0B1
:102CA000002702236568A66B84F88130136823F03F
:102CB00001031360A369B3F1806F3ED03943676BA2
:102CC0003B43676A3B4327693B4367693B43276A4A
:102CD0003B43E76C3B43A7683B43A76C3B43A76D73
:102CE0003B432B433343E669314308439060D36051
:102CF000B5B9936823F4C05343F4006393609368B9
:102D000023F4C06343F480639360136D23F00103E5
:102D1000136500200123C4F8840084F88130F8BDD5
:102D2000136D23F0010313656B02F2D5D368616D57
:102D300023F000430B43D360EBE7B5F5800FBDD123
:102D4000002EBBD1D2F800C04CF4805CC2F800C0A9
:102D5000B4E7204684F88050FFF76AF92268A76A32
:102D6000E16BE0689DE7E16B00F108034D09DB08CA
:102D700005FB03338CE70120704700BF00300140A2
:102D800000380040F8B590F88030012B00F08C80BE
:102D900090F88130154601220446DEB2934280F855
:102DA00080206AD1002963D0B5FA85F35B09002D34
:102DB0005ED003224366A0F8683080F88120C0F816
:102DC0008430A0F86250A0F86A30C165A0F8605065
:102DD000C0E91C338368B3F5C02F04D102681368BF
:102DE00043F400631360E368A06F0F2B4BD9836932
:102DF000B3F5804F3CD122683A4B3B4F20320364FD
:102E000052F8183CC763394F23F40043C7640027C6
:102E1000076542F8183CB4F862309BB2F5F7D2FD72
:102E2000002844D1A36F324ADB69B3F5807F236861
:102E3000596802EA010218BF2A435A609A68616819
:102E400042F40042B1F5800F9A601A6942F4487268
:102E50001A611A6842F001021A6003D11A6842F43A
:102E600000721A6000231E4684F880303046F8BD98
:102E7000002384F880303046F8BD0023022680F815
:102E800080303046F8BD072B83691AD8B3F5005F50
:102E900020D0B3F5804FAED1B4F862309BB203338B
:102EA0009B08A4F86230A6E702263046F8BDD4F8A5
:102EB0008430012243F01003C4F8843084F8812068
:102EC000D9E7B3F5804F05D0B3F5005FD0D1B3F5A6
:102ED000804F90D1B4F862309BB201335B08A4F804
:102EE000623088E73D330108C132010869330108C7
:102EF0000000FFFF70B51D4690F88030012B00F0F8
:102F0000B9800123044680F8803090F88130406811
:102F1000DBB2B0F5800F7DD0012B40F08580002D15
:102F200018BF002A71D000296FD094F88130042B8B
:102F300002D0052384F881300023E1652168C4F8BC
:102F40008430A4F86250A4F86A50A4F86050626615
:102F5000A4F86850C4E91C338B6823F440438B60A9
:102F6000E3680F2B65D9E06F8369B3F5804F4CD1CF
:102F700094F88130042B00F08A805E4B03645E4B32
:102F8000C3635E4E3031B4F86A30C66400269BB22B
:102F90000665F5F717FD00286ED12268A16F9368CA
:102FA000203243F4804342F8183CB4F86230C1E95F
:102FB0000F00C1E913009BB20846E16DF5F702FD71
:102FC000002859D1A36FDB69B3F5807F236863D0F4
:102FD00059684B4A0A402A435A609A68616842F429
:102FE0000042B1F5800F9A601A6942F458721A6172
:102FF0001A6842F001021A6003D11A6842F40072A2
:103000001A60002384F8803070BD0023012084F80A
:10301000803070BDA06800287FF47EAF042B3FF4A1
:103020007EAF012B3FF47BAF0023022084F8803079
:1030300070BD072B35D8A36F9B69B3F5005F50D0E7
:10304000B3F5804F06D1B4F862309BB203339B08CE
:10305000A4F86230E06F8369B3F5005F39D0B3F54F
:10306000804F85D1B4F86A309BB203339B08A4F833
:103070006A307DE7022070BDD4F88430012243F02D
:1030800010031046C4F8843084F8812070BD1D4BB5
:1030900003641D4BC36374E75968194A0A405A60B8
:1030A0009BE7E06F8369B3F5005F02D0B3F5804F13
:1030B000ABD1A66FB669B6F5804F06D1B4F86260A1
:1030C000B6B201367608A4F86260B3F5804F7FF49B
:1030D0004FAFB4F86A309BB201335B08A4F86A3092
:1030E00046E7B4F862309BB201335B08A4F8623063
:1030F000B0E700BF5D3301081133010869330108EF
:103100000000FFFF4D330108E93201082DE9F041CD
:103110001546826804460E4622B94368B3F5800F0F
:1031200000F0958094F88030012B00F09980012305
:1031300084F8803094F88130012BDFB269D1002E01
:1031400061D0B5FA85F35B09002D5CD00421B2F59E
:10315000C02F666684F88110A4F86850C4F88430E3
:10316000A4F86030A4F86A50A4F86230C4E91C33B3
:1031700004D12268136823F400631360E3680F2B03
:103180004ED9E06F8369B3F5804F3CD121688B68DD
:1031900023F480438B603246454EB4F86A303031B8
:1031A0000664444E9BB2C663434EC6640026066561
:1031B000F5F708FC002857D1E36F404ADB69B3F507
:1031C000807F2368596802EA010218BF2A435A60C7
:1031D0009A68616842F48042B1F5800F9A601A697A
:1031E00042F450721A611A6842F001021A6003D167
:1031F0001A6842F400721A6000231F4684F8803077
:103200003846BDE8F081002384F880303846BDE8B8
:10321000F0810023022784F880303846BDE8F08131
:10322000072B2BD82168E06F8B6823F480438B60D9
:103230008369B3F5005F32D0B3F5804FABD1B4F8FA
:103240006A309BB203339B08A4F86A30A3E72B468D
:1032500004250A4680F88150BDE8F041FFF74ABED8
:1032600002273846BDE8F081D4F88430012243F0CB
:103270001003C4F8843084F88120C7E7E06F8269C6
:10328000B2F5804F02D0B2F5005FBCD12168B2F533
:10329000804F8B6823F480438B607FF47CAFB4F85D
:1032A0006A309BB201335B08A4F86A3073E700BF51
:1032B0004D330108E9320108693301080000FFFFBE
:1032C000806B08B590F88130072B09D0836FDB69DC
:1032D000B3F5807F05D00268136943F008031361DA
:1032E00008BDFFF70DF808BD806B08B590F8813078
:1032F000072B09D0C36FDB69B3F5807F05D0026867
:10330000136943F00803136108BDFFF75BF808BDBC
:10331000806B08B590F88130072B09D0836FDB698B
:10332000B3F5807F05D00268136943F00803136189
:1033300008BDFFF7A9F808BD704700BF806B08B54E
:10334000FFF7FAFF08BD00BF704700BF806B08B5EC
:10335000FFF7FAFF08BD00BF704700BF806B08B5DC
:10336000FFF7FAFF08BD00BF10B5846BF6F734F81D
:10337000022800D110BD236830495A69986940F08D
:1033800008009861986940F010009861186820F072
:1033900001001860186901401961996821F44041E1
:1033A000996094F88110042901D091063AD494F8D8
:1033B0008110032901D0500629D4910509D5D4F8EC
:1033C000841041F00101C4F88410996941F400713E
:1033D0009961D20509D5D4F8842042F00802C4F8D6
:1033E00084209A6942F480729A6100230122204667
:1033F000A4F86230A4F86A30D4F8843043F01003A3
:10340000C4F8843084F88120FFF7A0F810BDD4F808
:10341000841041F00401C4F88410996941F040011E
:103420009961CAE7D4F8841041F08001C4F884108F
:10343000996941F020019961B9E700BF90FCFFFF55
:10344000036819695A692DE9F04101EA02059F688C
:10345000044690F8816005F0640CBCF1040F2FD095
:1034600005F04500012834D005F02600022800F0C0
:10347000DF80280770D59A6917F4404FF6B242F002
:1034800008029A619A6942F010029A619A6942F4BC
:1034900000629A611A6922F008021A6123D0042E90
:1034A00000F0DE80A26FD269EAB1032E50D0E26F45
:1034B000D269C2B1052E14D12046FEF7E5FF10E017
:1034C000436F9847236F2046984705F04503012B2B
:1034D00002D1236F2046984705F02605022D00F003
:1034E000A780BDE8F0819A6812F4404F1FD1B4F86C
:1034F0006A2092B2DAB1626E0EE01B6B42F8043BB6
:103500006266B4F86A30013B9BB2A4F86A30B4F842
:103510006A309BB25BB12368E1680F29EDD80729B7
:1035200040F292801B8E22F8023B6266E9E7204659
:10353000FFF71EFB012384F88130D4F88430002B80
:103540007FD1052EB8D0042E00F08F80032EC8D175
:103550002046FEF7D5FEC4E7100501D50A077AD448
:1035600015F4587FBDD06E0609D5D4F8842042F0FA
:103570000402C4F884209A6942F040029A61A805C6
:1035800009D5D4F8842042F00102C4F884209A6955
:1035900042F400729A61E90509D5D4F8842042F01A
:1035A0000802C4F884209A6942F480729A61AA06DB
:1035B00009D5D4F8842042F08002C4F884209A69A6
:1035C00042F020029A61D4F88420002A89D0196838
:1035D00007F44047274A21F00101B7F5404F196031
:1035E000196902EA01021A6127D19A68E06F22F490
:1035F00040429A6050B1204B0365F5F703FB28B1B8
:10360000D4F8843043F04003C4F88430A06F00281D
:103610003FF467AF184B0365F5F7F4FA00283FF461
:1036200060AFD4F8843043F04003C4F8843058E7E6
:10363000636F2046BDE8F04118470123204684F817
:103640008130FEF783FF4CE793F830301370626EE1
:103650000132626655E79A6942F400629A6140E776
:10366000E26FD269002A3FF43EAF2046FEF7AAFE81
:1036700037E700BF94FCFFFF7D36010808B5806B7B
:1036800000230122A0F86A30A0F8623080F881207F
:10369000FEF75CFF08BD00BF90F88100704700BFD7
:1036A000002800F08F8038B590F83D30044603F0D4
:1036B000FF02002B60D0226802234349B2F1804F01
:1036C00084F83D30A2EB01011368B1FA81F14FEAB1
:1036D000511127D031BB3D483D4D824251D000F5BC
:1036E000806082424DD0551B00F58060B5FA85F5AB
:1036F00082424FEA55154DD0002D4BD13548364901
:103700008A4218BF82424FD001F580618A424BD075
:10371000A06923F08003E168034313606368D1620A
:10372000936223E02A4D23F07003A068551B0343E6
:10373000B5FA85F56D09206923F440730343A06948
:1037400023F0800303431360E368D36263689362EA
:1037500051B94DB91F49204B9A4218BF8A4203D034
:1037600003F580639A4201D163691363012300204A
:10377000536184F83D3038BD80F83C20FFF722F8D3
:1037800099E7551B23F07003A068B5FA85F503434C
:103790006D09D0E7A06823F0700303430F4882420D
:1037A000C9D0002DC7D1A9E7206923F44073A169CE
:1037B0000343E06823F080030B4361681360D06229
:1037C0009162C7E7012070470000014000040040FB
:1037D000000401400040014000440140000C004052
:1037E0004FF0020C01680A4A034680F83DC0886821
:1037F0000240062A06D0B2F5803F03D00A6842F0A4
:1038000001020A600122002083F83D20704700BFBA
:10381000070001000368094AD96841F00101D96035
:1038200099680A40062A06D0B2F5803F03D01A688C
:1038300042F001021A600020704700BF070001003B
:1038400090F83C30012B7DD002460223006830B452
:10385000012482F83D3082F83C40544C83681C407F
:103860000B68602B84606FD01DD9B3F5005F59D011
:1038700042D94F498B4206D038D94E498B4202D0AB
:1038800010318B4206D184684B4921400B4343F0F1
:103890000703836000230121184682F83D1082F857
:1038A0003C3030BC7047402B67D019D9502BF1D138
:1038B000036A4C68CD6823F00A03016A1C433E4B3F
:1038C00021F001010162816921F0F00141EA051155
:1038D0008161046281680B4043F057038360D9E73C
:1038E000202BD0D01AD9302BD4D1CCE723F0100123
:1038F000B1F5801FCED1C6E7702BCBD18468D1E95A
:1039000001532B43CD6824F47F4143EA05230B4345
:103910008360836843F077038360BBE733F0100173
:10392000B8D1B0E7D1E9015384682B43CD6824F4C2
:103930007F4143EA05230B438360836843F480435C
:103940008360A7E702207047046A4D6824F01004E2
:10395000C9680462836923F4704343EA0133016A4E
:1039600021F0A0018361144B41EA051101628168D5
:103970000B4043F0670383608CE7036A4C68CD68B3
:1039800023F00A03016A1C430B4B21F00101016281
:10399000816921F0F00141EA0511816104628168C9
:1039A0000B4043F04703836074E700BF8800CEFFFD
:1039B00020001000300010008FFFCFFF704700BFC5
:1039C000704700BF704700BF704700BF03681A69A7
:1039D000910710B5044602D5DA68920768D41A69CF
:1039E000520702D5DA6850074FD41A69110702D579
:1039F000DA68120737D41A69D00602D5DA68D10618
:103A00001ED41A69D20702D5DA68D00769D41A69B8
:103A1000110602D5DA6812066BD41A69D00502D5F0
:103A2000DA6811066DD41A69520602D5DA685006B2
:103A30006FD41A69910602D5DA68920649D410BD8E
:103A40006FF010010822204619612277DB6913F418
:103A5000407F6FD1FFF7B2FF2046FFF7B3FF002290
:103A600023682277CDE76FF0080104222046196110
:103A70002277DB699B075AD1FFF7A0FF2046FFF7AB
:103A8000A1FF002223682277B5E76FF0040102222C
:103A90002046196122779B6913F4407F44D1FFF7D8
:103AA0008DFF2046FFF78EFF0022236822779CE7D8
:103AB0006FF002010122196102779B69990730D1E9
:103AC000FFF77CFF2046FFF77DFF00222368227767
:103AD00085E76FF0200220461A61BDE8104000F033
:103AE0005FB86FF0010220461A61FEF75BFF2368A2
:103AF0008DE76FF0800220461A6100F053F82368CA
:103B00008BE76FF4807220461A6100F04DF823684D
:103B100089E76FF0400220461A61FFF755FF2368DE
:103B200087E7FFF74DFFD0E7FFF74AFFBCE7FFF756
:103B300047FFA6E7FFF744FF91E700BF90F83C205E
:103B4000012A28D003460068022230B4134D83F8BE
:103B50003D20A8424268846818D005F58065A842D7
:103B600014D024F0800C22F070020C688968224383
:103B700000244CEA01014FF0010C426081602046B4
:103B800083F83DC083F83C4030BC704722F470029B
:103B90004D682A43E5E70220704700BF000001405E
:103BA000704700BF704700BF704700BF07EE901A14
:103BB000324A00230021B8EEE77A0260304A4360BF
:103BC000C0EE077A9FED2F0A81858360C26010B531
:103BD0002DED048B9FED2C8ABFEE009A0446F7EE84
:103BE000008A80ED048A80ED059A80ED069AFDEE4C
:103BF000E77AB8EEE77AC0ED0A7A27EE087A80EE27
:103C0000070A00F04FF9D4ED057AF4EE487A38EE61
:103C1000C00AF1EE10FA84ED070A0FD0D4ED0A7A4B
:103C200084ED058AB8EEE70A20EE080A89EE000A5C
:103C300000F038F938EEC00A84ED080A9FED127AD8
:103C4000D4ED067AF4EE477AF1EE10FA13D0D4ED03
:103C50000A7ABFEE000A84ED067AF8EEE77A67EE9C
:103C6000877A80EE270A00F01DF9F7EE007A37EE2A
:103C7000C00A84ED090ABDEC048B10BD3333333F19
:103C8000AE47813F12AF93C0CDCCCC3D012380F82D
:103C90002C3009B100234360704700BFD0ED047A97
:103CA000F4EE407A10B5F1EE10FA04462DED048BD7
:103CB000F0EE408AB0EE608A06D1D0ED027AF4EEE2
:103CC000607AF1EE10FA0BD0F5EEC08AC4ED048AEA
:103CD00084ED028AF1EE10FA05DC4FF07E53E361C9
:103CE000BDEC048B10BDF2EE040AB0EE480A00F001
:103CF000AFF9DFED130AB2EE027ADFED127A28EEA9
:103D0000208AB7EE009AA0EE078A38EE278A89EE5D
:103D1000080A84ED038A39EE400A00F035F9D4ED43
:103D20000A7AF8EEE77A67EEA88A80EE280A00F0B1
:103D3000B9F839EE400ABDEC048B84ED070A10BDDA
:103D40009A99993EAE47813FD0ED057AB4EE670A65
:103D5000F1EE10FA0CD0B5EEC00A80ED050A10B5F0
:103D6000F1EE10FA044604DC4FF07E53036210BDFE
:103D70007047D0ED0A7ABFEE007AF8EEE77A27EEC8
:103D8000800A87EE000A00F08DF8F7EE007A37EE31
:103D9000C00A84ED080A10BDD0ED067AB4EE670AB9
:103DA000F1EE10FA0CD0B5EEC00A80ED060A10B59F
:103DB000F1EE10FA044604DC4FF07E53436210BD6E
:103DC0007047D0ED0A7ABFEE007AF8EEE77A27EE78
:103DD000800A87EE000A00F065F8F7EE007A37EE09
:103DE000C00A84ED090A10BD90F82D3051BB33B1E3
:103DF0000423838590ED097ADFED257A09E090F8B8
:103E00002C3080F82D10022B13D190ED087AD0EDD4
:103E1000007A90ED010ADFED1F6A77EEC07AA7EE17
:103E2000870AB4EEE60AF1EE10FA29D480ED010A11
:103E30007047042BDED0012BD0ED076A09D09FED2F
:103E4000150A7047002BDAD140F20113D0ED076A52
:103E5000838590ED010AB7EE007AD0ED037A77EE14
:103E6000C07AA7EEA60AB4EEC70AF1EE10FADDDDBD
:103E70000223B0EE470A80ED017A80F82C307047BB
:103E80000023B0EE660AC0ED016A80F82C3070475E
:103E90000AD723BC000000000B460146184600F07C
:103EA000C9BB000010EE103A40F22A41C3F30A5297
:103EB0008A42B7EEC03A32D8B7EE000B2D4B93EDE5
:103EC0004A2B93ED481BB0EE417BA2EE037B17EE2D
:103ED000100A37EE417B00F01F0203EBC20130B441
:103EE00092EE037B93ED4C4B53F832404D6893EDCB
:103EF0004E6B93ED505BA4EE076B27EE074B002152
:103F00000A1905EBC033A5EE070B43EC172BA6EE01
:103F1000040B30BC20EE070BB7EEC00B704713F557
:103F2000000F20D0B2F5FF6F1AD2DFED137AB4EE96
:103F3000E70AF1EE10FA10DCDFED107AB4EEE70AD2
:103F4000F1EE10FA12D4DFED0E7AB4EEE70AF1EEDC
:103F500010FAB1D5002000F037BB002000F03ABBCA
:103F600030EE000A70479FED070A7047002000F00E
:103F700025BB00BFE86001081772B142B4F1CFC29F
:103F8000CF8ECEC20000000010EE103AB3F17E5F7B
:103F900010EE101A38D0A3F50002B2F1FE4F36D25F
:103FA000BFEE000B01F14042264B02F54D02C2F379
:103FB000C34003EB001093ED404B93ED445B93ED56
:103FC000467B93ED426BD30DDB0590ED002BCB1AB6
:103FD00003EE903A90ED021BD215B7EEE33AA2EE53
:103FE000030B03EE902A20EE002BA5EE007BB8EE2B
:103FF000E33BA6EE027BA3EE041B30EE010BA2EE28
:10400000070BB7EEC00B70479FED0F0A70475A00C1
:1040100014D0B3F1FF4F14D0002B0BDBB2F17F4F64
:1040200008D2DFED0A7A60EE277A17EE903AA3F114
:104030003861B5E700EE103A00F0E4BA012000F074
:10404000CFBA704730620108000000000000004B4A
:1040500030B410EE103A2DED028BA3F5000110EEF6
:10406000902AB1F1FE4F10EE104A82B04FEA4201A1
:104070007ED201F1FF3C6FF08070844580F0F980C2
:10408000002004F1404303F54D03C3F3C341DB0DAE
:10409000DB05E21ADB1507EE903ABFEE001BB24BD0
:1040A00003EB011191ED004B05EE102AB7EEC55A56
:1040B000A4EE051B93ED444B21EE012B93ED465BE3
:1040C00093ED403BA1EE045B93ED426B93ED484BC7
:1040D000A1EE036B22EE023BB8EEE78BB7EEE07A7F
:1040E00091ED020B38EE000BA1EE040BA2EE050BD6
:1040F000A6EE030B27EE000B10EE903A48F2BF023B
:10410000C3F3CF33934252D2B7EE007B974B93ED7C
:10411000402B30EE023B13EE102A33EE423B02F00E
:104120001F01821803EBC10053F83140456830EE9F
:10413000433B93ED465B93ED424BA3EE057BB0EE24
:10414000470B93ED446B0023181905EBC23141EC8A
:10415000170BA3EE046B23EE034BA6EE040B20EE2D
:10416000070BB7EEC00B02B0BDEC028B30BC704742
:104170004D1E6FF08070854280F0CE8059004D1E3C
:10418000854280F09280002B55DB0020B4F5000FB3
:10419000BFF477AFDFED767A07EE103A67EE277A55
:1041A00017EE904A24F00044A4F1386469E79FEDCB
:1041B000667BB4EEC70BF1EE10FA15DC9FED647B65
:1041C000B4EEC70BF1EE10FA20DD4FF04C5388B17E
:1041D0000193DDED017ABFEE007A77EE677AF4EEB7
:1041E000477AF1EE10FA11D002B0BDEC028B30BC70
:1041F00000F0F0B90093DDED007AB7EE007A77EECB
:10420000877AF4EE477AF1EE10FAEDD19FED527B0A
:10421000B4EEC70BF1EE10FA57D99FED517BB4EE17
:10422000C70BF1EE10FA7FF56FAF02B0BDEC028B59
:1042300030BC00F0C9B9C2F3C7517E2911DD9629FF
:1042400054DC0120C1F1960100FA01F1481E104230
:1042500007D111EA020018BF4FF4803024F0004467
:1042600094E700EE103A02B0BDEC028B30BC00F0D7
:10427000C9B9002952D0B3F17E5F2CD06400B4F1EB
:104280007F4F2ED8B1F17F4F2BD1B4F1FE4F4BD0E1
:10429000B4F1FE4F6FEA020234BF00240124D20FB2
:1042A00094424CD09FED330A5DE7002B20EE000ACC
:1042B0001EDB002000293AD1002ABFF654AF02B01D
:1042C000BDEC028B30BC00F08BB902B0BDEC028BB0
:1042D00030BC00F073B982F48002520012F5000F76
:1042E00022D907EE903A37EEA00A3CE70020B5E766
:1042F000C2F3C753A3F17F001728DAD8C3F19600A1
:10430000012303FA00F0441E1442D2D11040D1D050
:10431000B1EE400A1846CDE70029AFD184F48002FF
:10432000520012F5000FDCD8B7EE000A1BE7002A96
:10433000BFF619AFF7EE007A87EE800A13E720EE9A
:10434000A00A10E7AFF3008071D5D1FFFFFF5F40F7
:10435000E2AAA3FFFFFF5F400000000000C062C0B0
:104360000000000000A062C050630108E86001087E
:104370000000004B0000000030B510EE104AC4F3FE
:104380000A53B3F57D7FB7EEC06A83B01BD226EE29
:10439000065BB3F5667F70D326EE052B25EE021B78
:1043A000754B93ED1A3B93ED187B93ED164BA5EEF1
:1043B000037BA2EE046BB0EE460BA7EE010BB7EE4B
:1043C000C00B03B030BD40F22E42934260D86A4920
:1043D00091ED087B26EE077BFDEEC77B91ED0A5B36
:1043E00017EE903A03F500031B1613F0020F07EEC9
:1043F000903A01F1700208BF0A46D807B8EEE77B91
:10440000A7EE456BB0EE460B26EE067B1BD403F001
:10441000030301EBC30392ED1A5B93ED003B92EDB6
:10442000186B20EE030B92ED164BA7EE056B20EEFA
:10443000075B27EE057BA5EE040BA6EE070BB7EE98
:10444000C00B03B030BD92ED142B27EE075B92ED4D
:10445000126B92ED0E3BA7EE026B92ED0C0B92ED00
:10446000104BA7EE030B27EE057BA5EE040BA6EE83
:10447000070BB7EEC00B03B030BD220D12F4FF6F77
:10448000DFD1B7EEC55B00EE104A8DED015AD8E7DB
:10449000B3F5FF6F4BD2394BC4F3836203EB820158
:1044A00053F822200D69C4F31603C4F3C25043F439
:1044B00000038340086A03FB02F2A3FB0010E3FB46
:1044C000050202F100518D0F01F04041511AECF745
:1044D000E5F82B4B9FED267B05EBD47441EC160BD6
:1044E00014F0020FA3F1700208BF1346E90726EE8D
:1044F000077B27EE076B1FD404F0030402EBC40410
:1045000093ED1A4B94ED002B93ED185B27EE027B95
:1045100093ED163BA6EE045B27EE064B26EE046BEE
:10452000A4EE037BA5EE067BB7EEC70B89E703B0CD
:10453000BDE8304000F066B893ED142B26EE065B24
:1045400093ED127B93ED0E3BA6EE027B93ED0C0BED
:1045500093ED104BA6EE030B26EE056BA5EE040BB8
:10456000A7EE060BB7EEC00B6BE700BFAFF3008002
:10457000182D4454FB21193CD864010878640108C3
:104580004865010810B582B08DED010A044600F0BF
:104590005FF89DED010A046002B010BD30B1F1EE8C
:1045A000407A27EE800A2220FFF7ECBFF0EE407A37
:1045B00027EE800A2220FFF7E5BF00BF9FED010A2A
:1045C000FFF7ECBF000000109FED010AFFF7E6BF08
:1045D0000000201A9FED010AFFF7E0BF0000007005
:1045E0009FED070AFFEE007AB7EE007A00284FF041
:1045F000220047FE277A87EE800AFFF7C3BF00BF7D
:104600000000000070EE407AB4EE400A87EEA77A10
:10461000F1EE10FAB0EE470A02D62120FFF7B2BF42
:10462000704700BF024B0A460146186800F058B8B0
:10463000A405002410B5054C13462CB10A460146CA
:104640000220AFF3008010BD2046FCE70000000010
:10465000014B1868704700BFA405002470B50D4DCC
:104660000D4C641BA4100026A64209D10B4D0C4C26
:1046700001F0EEFF641BA4100026A64205D170BD18
:1046800055F8043B98470136EEE755F8043B984748
:104690000136F2E77066010870660108706601086D
:1046A00098660108024B0146186800F029B800BF5F
:1046B000A40500240A44914200F1FF3300D1704761
:1046C00010B511F8014B03F8014F9142F9D110BD1B
:1046D00002440346934200D1704703F8011BF9E7F7
:1046E00013B54A431146019200F056F8044618B13A
:1046F000019A0021FFF7ECFF204602B010BD000038
:1047000037B5002944D051F8043C0190002BA1F1A9
:104710000404B8BFE41800F03BFA1E4A019813687D
:1047200033B96360146003B0BDE8304000F036BABE
:10473000A34208D9256861198B4201BF19685B68DB
:1047400049192160EDE71A465B680BB1A342FAD91B
:1047500011685518A5420BD1246821445418A3426E
:104760001160E0D11C685B68536021441160DAE796
:1047700002D90C230360D6E7256861198B4204BF78
:1047800019685B68636004BF491921605460CAE717
:1047900003B030BD383D0224F8B5CD1C25F003052B
:1047A00008350C2D38BF0C25002D064601DBA9422B
:1047B00003D90C2333600020F8BD00F0E9F921494A
:1047C0000A6814469CB9204F3B6823B921463046FD
:1047D00000F06AF838602946304600F065F8431C5E
:1047E00023D10C233360304600F0D8F9E3E7236887
:1047F0005B1B17D40B2B03D923601C44256004E0FA
:104800006368A2420CBF0B605360304600F0C6F9EB
:1048100004F10B00231D20F00700C21ACCD01B1A94
:10482000A350C9E722466468CCE7C41C24F0030403
:10483000A042E3D0211A304600F036F80130DDD135
:10484000CFE700BF383D02243C3D02240FB40A4BA1
:1048500013B51C6824B1A36913B9204600F0F8F819
:1048600005AB049AA1680193204600F023FB02B037
:10487000BDE8104004B07047A4050024094B13B5EF
:104880001C68014634B1A36923B90190204600F0A9
:10489000DFF80199A268204602B0BDE8104000F0A0
:1048A000CDBD00BFA405002438B5064D0023044645
:1048B00008462B6001F0FCF8431C02D12B6803B1C1
:1048C000236038BD443D02240EB400B59CB01DAB3E
:1048D000029006906FF00041094807910491094940
:1048E00053F8042B05910068019302A900F0B8F970
:1048F000029B00221A701CB05DF804EB03B07047F5
:10490000A40500240802FFFF30B51446002C9BB01C
:1049100005461A4605DA8B2303604FF0FF301BB0C3
:1049200030BD4FF40273ADF80C3014BF04F1FF3307
:104930002346029305934FF6FF7300910491ADF85F
:104940000E3069461E9B00F08BF9431CBCBF8B23C5
:104950002B60002CE3D0009B00221A70DFE70000E0
:1049600007B5009313460A46014603480068FFF75F
:10497000CBFF03B05DF804FBA405002438B5074D58
:1049800004460846114600222A601A4601F09EF8A5
:10499000431C02D12B6803B1236038BD443D02247F
:1049A000002310B50446C0E90033C0E90433836036
:1049B00081814366C2818361194608225C30FFF71A
:1049C00087FE054B6362054BA362054BE362054B13
:1049D0002462236310BD00BFCD540108EF540108C9
:1049E000275501084B550108014900F0AFB800BF39
:1049F0000158010870B568224D1E55430E4605F159
:104A00007401FFF7C9FE044640B10021C0E9001659
:104A10000C30A06005F16802FFF75AFE204670BD19
:104A2000014800F0B3B800BF413D0224014800F046
:104A3000AEB800BF413D0224014800F0A7B800BF56
:104A4000423D0224014800F0A2B800BF423D0224CA
:104A500010B50446FFF7F0FFA3691BB1BDE8104095
:104A6000FFF7F0BFC4E912332365134B134A1B68E9
:104A7000A262A34204BF0123A361204600F020F8F4
:104A80006060204600F01CF8A060204600F018F896
:104A90000022E06004216068FFF782FFA068012225
:104AA0000921FFF77DFFE06802221221FFF778FF5E
:104AB0000123A361D2E700BFB8650108E9490108F5
:104AC000F8B50746FFF7ACFF1E4B1E68B36913B974
:104AD0003046FFF7BDFF4836D6E90134013B03D528
:104AE00033680BB33668F7E7B4F90C50D5B9164BF9
:104AF000E36004F15800656600F047F8FFF796FFA1
:104B0000C4E90155C4E904552560A5610822294678
:104B100004F15C00FFF7DCFDC4E90D55C4E9125552
:104B20002046F8BD6834D9E704213846FFF762FF14
:104B3000044630600028D5D1FFF778FF0C233B6096
:104B4000EEE700BFB86501080100FFFF2DE9F8435B
:104B50000646884600F148040027D4E90195B9F1DA
:104B6000010905D52468002CF7D13846BDE8F88343
:104B7000AB89012B07D9B5F90E30013303D0294693
:104B80003046C04707436835E9E7704770477047CC
:104B90000148FFF7FBBF00BF403D02240148FFF77B
:104BA000F6BF00BF403D02242DE9F0478E689E42CB
:104BB00082460C4690461F4638D88A8912F4906F78
:104BC00032D025680969A5EB0109656905EB450542
:104BD00005EBD57501334B446D109D4238BF1D4622
:104BE000530531D52946FFF7D7FD064650B90C23AA
:104BF000CAF80030A38943F04003A3814FF0FF308F
:104C0000BDE8F08721694A46FFF754FDA38923F4E4
:104C1000906343F08003A381266165614E44A5EB58
:104C200009052660A5603E46BE4200D93E46206882
:104C30003246414600F098FEA3689B1BA3602368A0
:104C4000334423600020DBE72A4600F0A7FE064637
:104C50000028E1D121695046FFF752FDC7E7000067
:104C60002DE9F04F98468B891B069DB007460D46EF
:104C700014460ED50B6963B94021FFF78DFD2860FE
:104C8000286120B90C233B604FF0FF30D1E0402376
:104C90006B610023099320238DF82930CDF80C8017
:104CA0003023DFF8A8818DF82A304FF00109234620
:104CB0009A4613F8012B0AB1252AF9D1BAEB040B55
:104CC0000BD05B46224629463846FFF76DFF013080
:104CD00000F0AA80099A5A4409929AF80030002BF1
:104CE00000F0A28000234FF0FF32CDE905230AF146
:104CF000010A049307938DF853301A935446052202
:104D000014F8011B5148EBF7EBFA049AD8B9D00616
:104D100044BF20238DF85330110744BF2B238DF857
:104D200053309AF800302A2B15D0079A54460020A9
:104D30004FF00A0C214611F8013B303B092B4ED9AC
:104D4000B0B1079214E0A0EB080309FA03F3134390
:104D50000493A246D2E7039B191D1B680391002B05
:104D6000BBBF5B4242F0020207930793B8BF0492B5
:104D700023782E2B0CD163782A2B35D1039B1A1D57
:104D80001B680392002BB8BF4FF0FF33023405932A
:104D9000DFF8C8A0217803225046EBF7A1FA40B112
:104DA0004023A0EB0A0003FA00F0049B0343013404
:104DB000049314F8011B26488DF828100622EBF7FF
:104DC0008FFA002838D0234B1BBB039B073323F0FB
:104DD000070308330393099B3344099367E70CFBEC
:104DE00002320C460120A5E7002301340593194641
:104DF0004FF00A0C204610F8012B303A092A03D94B
:104E0000002BC5D00591C3E70CFB0121044601230B
:104E1000F0E703AB00932A460F4B04A93846AFF3E3
:104E20000080421C0646D6D1AB895B063FF52CAF0D
:104E300009981DB0BDE8F08F03AB00932A46064BDE
:104E400004A9384600F0D4F9EBE700BF1C6601085E
:104E50002666010800000000A94B0108226601082F
:104E60009368013B002B10B4936008DA9469A34265
:104E700001DB0A2903D15DF8044B00F06BBB13681A
:104E8000581C1060197008465DF8044B7047F8B55F
:104E900006460F461446D518AC4201D1002007E063
:104EA00014F8011B3A463046FFF7DAFF431CF3D1F2
:104EB000F8BD00002DE9F04F0D469DB01446984610
:104EC000064618B183690BB9FFF7C2FD894B9D42B5
:104ED0001BD175686B6ED90705D4AB899A0502D4CE
:104EE000A86DFFF753FEAB891B0701D52B69EBB902
:104EF0002946304600F080FBC0B16B6EDC070ED552
:104F00004FF0FF301DB0BDE8F08F7B4B9D4201D1CB
:104F1000B568DFE7794B9D4208BFF568DAE7AB89F2
:104F20009805EDD4A86DFFF732FEE9E70023099359
:104F300020238DF82930CDF80C803023DFF8C08194
:104F40008DF82A304FF0010923469A4613F8012BB9
:104F50000AB1252AF9D1BAEB040B0BD05B462246E5
:104F600029463046FFF793FF013000F0AA80099AE6
:104F70005A4409929AF80030002B00F0A2800023D6
:104F80004FF0FF32CDE905230AF1010A049307939C
:104F90008DF853301A935446052214F8011B5848D3
:104FA000EBF79EF9049AD8B9D10644BF20238DF8B7
:104FB0005330130744BF2B238DF853309AF8003039
:104FC0002A2B15D0079A544600204FF00A0C214690
:104FD00011F8013B303B092B4ED9B0B1079214E0D8
:104FE000A0EB080309FA03F313430493A246D2E7A4
:104FF000039B191D1B680391002BBBBF5B4242F052
:10500000020207930793B8BF049223782E2B0CD18A
:1050100063782A2B35D1039B1A1D1B680392002B42
:10502000B8BF4FF0FF3302340593DFF8E4A02178D6
:1050300003225046EBF754F940B14023A0EB0A009D
:1050400003FA00F0049B03430134049314F8011B9A
:105050002C488DF828100622EBF742F900283FD0A3
:10506000294B1BBB039B073323F007030833039330
:10507000099B3B44099367E70CFB02320C46012075
:10508000A5E700230134059319464FF00A0C20468A
:1050900010F8012B303A092A03D9002BC5D005910D
:1050A000C3E70CFB012104460123F0E703AB0093A7
:1050B0002A46164B04A93046AFF300800746781CF9
:1050C000D6D16B6ED90705D4AB899A0502D4A86DE9
:1050D000FFF75DFDAB895B063FF512AF099811E75D
:1050E00003AB00932A46094B04A9304600F080F830
:1050F000E4E700BFDC650108FC650108BC65010848
:105100001C66010826660108000000008F4E010899
:10511000226601082DE9F047164699468A680B6910
:10512000DDF820809342B8BF1346336091F84320E6
:1051300007460C460AB1013333602368990642BF23
:10514000336802333360256815F0060506D104F193
:10515000190AE36832689B1AAB4226DC94F84320B4
:10516000131E226818BF012392062BD404F14302B8
:1051700049463846C04701301ED02368E56832688A
:1051800003F00603042B08BFAD1AA36822690CBF05
:1051900025EAE57500259342C4BF9B1AED18002649
:1051A0001A34B5421AD1002008E00123524649467C
:1051B0003846C047013003D14FF0FF30BDE8F087DB
:1051C0000135C6E7E1185A1C302081F8430022441B
:1051D00094F8451082F843100233C7E701232246B2
:1051E00049463846C0470130E6D00136D9E70000CD
:1051F0002DE9FF470F7E0C9D782F914680460C4687
:105200009A4601F1430207D8622F0AD8002F00F016
:10521000D880582F00F0A38004F1420584F8427032
:105220003AE0A7F16303152BF6D801A151F823F05A
:10523000895201089D5201081952010819520108AA
:1052400019520108195201089D520108195201080A
:10525000195201081952010819520108A9530108ED
:10526000CD5201088B530108195201081952010847
:10527000CB53010819520108CD52010819520108F7
:1052800019520108935301082B681A1D1B682A60E4
:1052900004F1420584F842300123A3E02068296824
:1052A000060601F104030AD50E682B60002E03DA0E
:1052B0002D23764284F843305E480A2319E00E68B5
:1052C0002B6010F0400F18BF36B2EFE72B68206854
:1052D000191D2960010601D51E6802E04606FBD5AE
:1052E0001E8854486F2F0CBF08230A23002184F81E
:1052F00043106568A560002DA2BF216821F004015C
:1053000021600EB9002D4DD01546B6FBF3F103FB1D
:105310001167C75D05F8017D3746BB420E46F4D9DB
:10532000082B0BD12368DE0708D5236961689942F1
:10533000DEBF302305F8013C05F1FF35521B226129
:10534000CDF800A04B4603AA21464046FFF7E2FEF7
:1053500001304CD14FF0FF3004B0BDE8F087354844
:1053600081F845702968236851F8046B29601D068F
:1053700014D5DF0744BF43F0200323601EB9236820
:1053800023F0200323601023B0E7236843F02003B9
:1053900023607823284884F84530E3E7590648BF5E
:1053A000B6B2E6E71546BBE72B6826686169181DAB
:1053B000286035061B6801D5196002E07006FBD530
:1053C0001980002323611546BAE72B681A1D2A604D
:1053D0001D68626800212846EAF782FF08B1401B79
:1053E000606063682361002384F84330A8E7236981
:1053F0002A4649464046D0470130ABD023689B0738
:1054000013D4E068039B9842B8BF1846A4E7012371
:10541000324649464046D04701309BD00135E368CB
:1054200003995B1AAB42F2DCEBE7002504F11906A5
:10543000F5E700BF2D6601083E66010870B50D4610
:105440001446064618B183690BB9FFF701FB1C4BE4
:105450009C4224D17468636ED80705D4A38999054A
:1054600002D4A06DFFF792FBA368013B002BA36061
:1054700005DAA26993421CDBEBB20A2B19D0236830
:105480005A1C22601D70EDB2636EDA0705D4A38941
:105490009B0502D4A06DFFF77AFB284670BD094B2F
:1054A0009C4201D1B468D6E7074B9C4208BFF46820
:1054B000D1E729462246304600F04CF80546E3E79E
:1054C000DC650108FC650108BC65010810B50C46E7
:1054D000B1F90E1000F088FA0028ABBF636DA38904
:1054E0001B1823F48053ACBF6365A38110BD2DE965
:1054F000F0411F468B89DB0505460C46164605D54F
:10550000B1F90E100223002200F0B6F9A389B4F914
:105510000E1023F48053A38132463B462846BDE853
:10552000F041FFF72BBA10B50C46B1F90E1000F0A0
:10553000A3F9431CA38915BF606523F4805343F48A
:105540008053A38118BFA38110BDB1F90E1000F0E4
:10555000C1B80000F8B50E461446054618B1836977
:105560000BB9FFF775FA214B9C422BD16C68A369EC
:10557000A360A3891A072FD523696BB32369206819
:10558000C01A6369F6B28342374604DC21462846D6
:1055900000F036F930BBA368013BA36023685A1CB6
:1055A00022601E7063690130834204D0A389DB0747
:1055B00006D50A2E04D12146284600F021F988B9E3
:1055C0003846F8BD0A4B9C4201D1AC68CFE7094B85
:1055D0009C4208BFEC68CAE72146284600F00CF858
:1055E0000028CBD04FF0FF37EAE700BFDC650108A9
:1055F000FC650108BC650108324B70B51D680646A4
:105600000C4625B1AB6913B92846FFF721FA2E4B9A
:105610009C420FD16C68A389B4F90C2019072CD4D3
:10562000DD0611D40923336042F04003A3814FF01B
:10563000FF303EE0254B9C4201D1AC68EBE7244BA8
:105640009C4208BFEC68E6E7580712D5616B41B190
:1056500004F14403994202D03046FFF751F8002389
:105660006363A38923F02403A38100236360236978
:105670002360A38943F00803A38123694BB9A3895D
:1056800003F42073B3F5007F03D02146304600F0C9
:105690002BF9A089B4F90C2010F001030AD00023E3
:1056A000A36063695B42A361236943B910F0800082
:1056B000BAD170BD810758BF6369A360F4E70020C9
:1056C000F7E700BFA4050024DC650108FC650108BC
:1056D000BC65010838B5064D0023044608462B601A
:1056E00000F0BEF9431C02D12B6803B1236038BD22
:1056F000443D02248A892DE9F041054610070C46F5
:1057000058D44B68002B05DC0B6C002B02DC00200E
:10571000BDE8F081E66A002EF9D0002312F4805231
:105720002F682B6032D0606DA3895A0705D5636856
:10573000C01A636B0BB1236CC01A00230246E66AE1
:10574000216A2846B047431CA38906D129681D2930
:105750002CD82A4ACA40D60728D500226260D9042C
:105760002269226004D5421C01D12B6803B960650F
:10577000616B2F600029CAD004F14403994202D022
:105780002846FEF7BDFF00206063C1E7216A0123C0
:105790002846B047411CC7D12B68002BC4D01D2B15
:1057A00001D0162B01D12F60B1E7A38943F040034C
:1057B000A381ADE70F69002FA9D093070E6808BF3A
:1057C0004B690F6018BF0023A6EB07088B60B8F188
:1057D000000F9CDD216AA66A43463A462846B04738
:1057E000002806DCA38943F04003A3814FF0FF307B
:1057F0008EE70744A8EB0008E9E700BF010040205E
:1058000038B50B6905460C4613B90025284638BD46
:1058100018B183690BB9FFF71BF9144B9C421BD1DC
:105820006C68B4F90C30002BEFD0626ED00704D452
:10583000990502D4A06DFFF7A9F928462146FFF784
:1058400059FF636EDA070546E0D4A3899B05DDD4D2
:10585000A06DFFF79CF9D9E7054B9C4201D1AC68DC
:10586000DFE7044B9C4208BFEC68DAE7DC6501081F
:10587000FC650108BC65010838B5074D04460846BB
:10588000114600222A601A4600F002F9431C02D198
:105890002B6803B1236038BD443D022470B50E4629
:1058A000B1F90E10002996B014461D4608DAB6F973
:1058B0000C3000222A601A0610D44FF480630EE0E8
:1058C0006A4600F0A3F80028F1DB019A02F4704266
:1058D000A2F500535A425A412A60EEE740230020C5
:1058E000236016B070BD00008B8973B59D07064616
:1058F0000C4607D504F1470323602361012363614C
:1059000002B070BD01AB6A46FFF7C8FF00990546BB
:105910003046FEF741FF48B9B4F90C309A05EFD490
:1059200023F0030343F00203A381E3E70D4BB362CB
:10593000A389206043F08003A381009B6361019BE6
:1059400020615BB1B4F90E10304600F071F828B157
:10595000A38923F0030343F00103A381A089054336
:10596000A581CDE7E9490108884210B501EB0204A1
:1059700002D98442234607D8431EA14208D011F819
:10598000012B03F8012FF8E7024401468A4200D1B7
:1059900010BD13F8014D02F8014DF7E7F8B50746C1
:1059A00014460E4621B9BDE8F8401146FEF7F4BE94
:1059B00022B9FEF7A5FE25462846F8BD00F048F8B6
:1059C000A0420FD221463846FEF7E6FE05460028E3
:1059D000F2D031462246FEF76DFE31463846FEF7DC
:1059E0008FFEE9E73546E7E738B5074D0446084638
:1059F000114600222A601A4600F052F8431C02D1D8
:105A00002B6803B1236038BD443D022438B5074DEF
:105A100000230446084611462B6000F029F8431C79
:105A200002D12B6803B1236038BD00BF443D02247E
:105A300038B5064D0023044608462B6000F020F8D8
:105A4000431C02D12B6803B1236038BD443D0224BE
:105A500051F8043C181F002BBCBF0B58C0187047EE
:105A6000024B58221A604FF0FF307047443D022429
:105A7000024B58221A604FF0FF307047443D022419
:105A8000024B58221A600020704700BF443D022498
:105A9000024B58221A604FF0FF307047443D0224F9
:105AA000024B58221A604FF0FF307047443D0224E9
:105AB000044A05491368002B08BF0B4618441060C0
:105AC00018467047483D02244C3D0224024B5822A0
:105AD0001A604FF0FF307047443D02240107000078
:105AE000010600000054004000580040005C0040E7
:105AF000001C005825002600270034003500470010
:105B0000520053008E000000010101030701000054
:105B1000000000400004004000080040000C00406D
:105B20004E6F74654F6666004E6F74654F6E000071
:105B3000506F6C794B6579507265732E00000000D0
:105B40004343000050726F672E204368616E6765A3
:105B50000000000043686E2E2050726573737572EA
:105B600065000000506974636842656E640000005F
:105B70005379732E20436F6D6D6F6E005379732EC2
:105B8000205265616C74696D6500000043686E2E7B
:105B9000204D6F6465000000556E6B6E6F776E0070
:105BA000416464206E6F74653A25640A0000000049
:105BB00052656D6F7665206E6F74653A25640A00D4
:105BC000566F6C756D653A20256409496E64657879
:105BD0003A20256409413A20256409443A20256485
:105BE00009533A20256409523A2025640A0000002E
:105BF00074696D653A09256C6409747970653A2099
:105C00002573094368616E6E656C3A20202564092E
:105C100044617461204D53423A2025640944617403
:105C200061204C53423A2025640A000048E10241B9
:105C30005C8F0A4148E112411F851B41CDCC2441B4
:105C40005C8F2E41C3F538410000444114AE4F41F2
:105C500000005C41B81E694148E17641CDCC8241EB
:105C60005C8F8A41CDCC92419A999B41CDCCA44185
:105C7000D7A3AE41C3F5B8410000C44114AECF4133
:105C80000000DC41B81EE941C3F5F641CDCC02422B
:105C90009A990A420AD712425C8F1B42CDCC244209
:105CA0009A992E420000394200004442D7A34F4245
:105CB00000005C427B146942C3F57642ECD182421B
:105CC0009A998A420AD792425C8F9B42ECD1A442B5
:105CD000B89EAE420000B9420000C442F6A8CF42CE
:105CE0000000DC427B14E942A4F0F6425CCF0243A0
:105CF0000A970A437BD412435C8F1B435CCF244337
:105D0000299C2E43000039430000444366A64F43BC
:105D100000005C437B146943A4F07643A4D0824323
:105D20000A978A437BD49243A4909B43A4D0A44374
:105D3000719DAE43B8FEB8430000C44366A6CF438E
:105D40000000DC437B14E943A4F0F64300D0024496
:105D5000AE970A441FD5124400901B44A4D024449B
:105D6000719D2E445CFF38445CFF43440AA74F44B6
:105D700000005C441F15694448F1764400D0824419
:105D80005C978A441FD5924452909B4452D0A444BD
:105D90001F9DAE445CFFB8445CFFC3440AA7CF44D8
:105DA0000000DC441F15E944F6F0F64400D002453B
:105DB0005C970A451FD5124552901B4552D0244589
:105DC000489D2E455CFF38455CFF43450AA74F457B
:105DD00000005C45F61469451FF1764514D08245F4
:105DE0005C978A451FD592453D909B4552D0A4456E
:105DF000339DAE4548FFB84571FFC3450AA7CF455F
:105E00000000DC45F614E9450AF1F64514D00246D7
:105E10005C970A4614D512463D901B4652D0244644
:105E2000339D2E4648FF384666FF4346010C020B61
:105E3000020A020902080302020C060A060B010408
:105E40000105010801090106010702000003010123
:105E50000007000602010204000500040001000022
:105E6000030B06090002010E010F020202030000EB
:105E70004461697379206973206F6E6C696E650087
:105E80003D3D3D3D3D3D3D3D3D3D3D3D3D3D3D007F
:105E9000060000000C0000001200000018000000C6
:105EA00000010000060100000C01000012010000CA
:105EB0001801000000020000060200000C020000B1
:105EC0001202000018020000000300000603000098
:105ED00000020300000000000100000000000000BC
:105EE0000000FA4500007A460000FA4600803B4771
:105EF0000080BB47001001400044004000480040C3
:105F0000004C004000500040001401400078004068
:105F1000007C0040000C005800000000000400005D
:105F2000000600000010000000000000003000002B
:105F30000020000000000010000000000010000021
:105F4000000000000102030401020304060708091F
:105F500000020102456C656374726F736D69746849
:105F60000000000044616973792053656564204531
:105F7000787465726E616C0043444320436F6E66B3
:105F80006967000043444320496E7465726661632B
:105F9000650000004461697379205365656420429F
:105FA00075696C7420496E00000201020100020054
:105FB00004000800100020004000800000010002E2
:105FC000000400080010002000400080000002587B
:105FD0000004025800080258000C02580010025831
:105FE0000014025800180258001C025800200258E1
:105FF0000024025800280258000000000006101675
:10600000000610160180808080808080048080805F
:106010008080808008808080808080801080808068
:106020008080808020808080808080804000000090
:106030000004081020400000020408102040000066
:106040000804020408010101000000004552524FFB
:10605000523A2000496E76616C6964204465766925
:1060600063652068616E646C65000000496E76614E
:106070006C696420436C6173732068616E646C6545
:10608000000000000B00FF00BC040024A404002456
:10609000B004002474040024E0040024C804002494
:1060A000D40400248004002404050024EC0400240B
:1060B000F80400248C0400249C3B0224843B02242A
:1060C000903B02246C3B0224C03B0224A83B0224E8
:1060D000B43B0224783B0224280500241005002448
:1060E0001C05002498040024000000000000F03F7C
:1060F000748515D3B0D9EF3F0F89F96C58B5EF3FD0
:10610000515B12D00193EF3F7B517D3CB872EF3F62
:10611000AAB968318754EF3F3862756E7A38EF3F1D
:10612000E1DE1FF59D1EEF3F15B7310AFE06EF3F7A
:10613000CBA93A37A7F1EE3F2234124CA6DEEE3F50
:106140002D89616008CEEE3F272A36D5DABFEE3FB3
:10615000824F9D562BB4EE3F295448DD07ABEE3FEE
:1061600085553AB07EA4EE3FCD3B7F669EA0EE3FC4
:10617000745FECE8759FEE3F8701EB7314A1EE3F6F
:1061800013CE4C9989A5EE3FDBA02A42E5ACEE3F49
:10619000E5C5CDB037B7EE3F90F0A38291C4EE3F96
:1061A0005D253EB203D5EE3FADD35A999FE8EE3F51
:1061B000475EFBF276FFEE3F9C5285DD9B19EF3F79
:1061C0006990EFDC2037EF3F87A4FBDC1858EF3FE6
:1061D0005F9B7B33977CEF3FDA90A4A2AFA4EF3FA5
:1061E00040456E5B76D0EF3F000000000000E842C3
:1061F0009423914BF86AAC3FF3C4FA50CEBFCE3F24
:10620000D6520CFF422EE63F00000000000038434B
:10621000FE822B65471547409423914BF86ABC3E9C
:10622000F3C4FA50CEBF2E3FD6520CFF422E963FFB
:10623000BEF3F879EC61F63FDEAA8C80F77BD5BF20
:106240003D88AF4AED71F53FDB6DC0A7F0BED2BF10
:10625000B010F0F03995F43F673A517FAE1ED0BFD1
:106260008503B8B095C9F33FE92482A6D831CBBFE6
:10627000A564880C190DF33F5877C00A4F57C6BF65
:10628000A08E0B7B225EF23F00819CC72BAAC1BF70
:106290003F341A4A4ABBF13F5E0E8CCE764EBABFEF
:1062A000BAE58AF05823F13FCC1C615A3C97B1BF44
:1062B000A70099413F95F03F1E0CE138F452A2BF70
:1062C000000000000000F03F00000000000000009F
:1062D000AC479AFD8C60EE3F8459F25DAAA5AA3FB7
:1062E000A06A021FB3A4EC3FB42E36AA535EBC3F93
:1062F000E6FC6A573620EB3F08DB2077E526C53FF2
:106300002DAAA163D1C2E93F7047220D86C2CB3FBF
:10631000ED417803E686E83FE17EA0C88B05D13FDA
:10632000624853F5DC67E73F09EEB6573004D43FC7
:10633000EF39FAFE422EE63F3483B848A30ED0BFB1
:106340006A0BE00B5B57D53F23410AF2FEFFDFBF2C
:10635000BEF3F879EC61F63F1930965BC6FEDEBFFE
:106360003D88AF4AED71F53FA4FCD432680BDBBF2A
:10637000B010F0F03995F43F7BB71F0A8B41D7BFBF
:106380008503B8B095C9F33F7BCF6D1AE99DD3BFA4
:10639000A564880C190DF33F31B6F2F39B1DD0BFF5
:1063A000A08E0B7B225EF23FF07A3B1B1D7CC9BFA7
:1063B0003F341A4A4ABBF13F9F3CAF93E3F9C2BF57
:1063C000BAE58AF05823F13F5C8D78BFCB60B9BF46
:1063D000A70099413F95F03FCE5F47B69D6FAABF9A
:1063E000000000000000F03F00000000000000007E
:1063F000AC479AFD8C60EE3F3DF5249FCA38B33F11
:10640000A06A021FB3A4EC3FBA913854A976C43FE6
:10641000E6FC6A573620EB3FD2E4C44A0B84CE3FF9
:106420002DAAA163D1C2E93F1C65C6F04506D43F41
:10643000ED417803E686E83FF89F1B2C9C8ED83F01
:10644000624853F5DC67E73FCC7BB14EA4E0DC3F0C
:106450000B6E49C91676D23F7AC675A06919D7BFA7
:10646000DDBAA76C0AC7DE3FC8F6BE484715E7BFCE
:106470002BB82A654715F73FA2000000F9A20000DB
:1064800083F9A2006E83F9A24E6E83F9444E6E83A7
:1064900015444E6E2915444EFC29154427FC291538
:1064A0005727FC29D15727FCF5D1572734F5D15769
:1064B000DD34F5D1C0DD34F5DBC0DD3462DBC0DDB9
:1064C0009562DBC0999562DB3C999562433C999556
:1064D00090433C994190433C000000000000F03F95
:1064E000000000000000F0BF000000000000F0BF4E
:1064F000000000000000F03F83C8C96D305F6441B8
:10650000182D4454FB21F93F000000000000F03F2B
:106510001C620CFDFFFFDFBF198F06E15355A53F3D
:106520009D359AE887C056BFC3F87B024393F93E76
:1065300003A695595455C5BFC40B23057610813F5A
:1065400024CF7437EB9429BF000000000000F03F17
:10655000000000000000F0BF000000000000F0BFDD
:10656000000000000000F03F83C8C96D305F644147
:10657000182D4454FB21F93F000000000000F0BF3B
:106580001C620CFDFFFFDF3F198F06E15355A5BFCD
:106590009D359AE887C0563FC3F87B024393F9BE06
:1065A00003A695595455C5BFC40B23057610813FEA
:1065B00024CF7437EB9429BFA80500240000000005
:1065C00000000000000000000000000000000000CB
:1065D00000000000000000000000000000000000BB
:1065E00000000000000000000000000000000000AB
:1065F000000000000000000000000000000000009B
:10660000000000000000000000000000000000008A
:10661000000000000000000000000000232D302BCF
:106620002000686C4C006566674546470030313293
:1066300033343536373839414243444546003031EA
:106640003233343536373839616263646566000049
:10665000F8B500BFF8BC08BC9E467047F8B500BF4F
:08666000F8BC08BC9E4670471F
:08666800C0A0FE7F010000004C
:10667000C5020008191A000891320008E134000828
:10668000514700087D4D0008CD620008CD6A000822
:08669000152601080D2B01087D
:04669800A102000853
:10669C0000000000100000000000000000000000DE
:1066AC0000000000000000000000000010000000CE
:1066BC0000000000000000000000000000000000CE
:1066CC0000000000100000000000000000000000AE
:1066DC0000000000000000000000000000000000AE
:1066EC00000000000000000000000000000000009E
:1066FC00000000000100000000000000000000008D
:10670C00000000000000000000000000000000007D
:10671C00010000000000000000000000000000006C
:10672C00000000000000000000000000010000005C
:10673C00000000000000000000000000000000004D
:10674C00000000000000000001000000000000003C
:10675C00000000000000000000000000000000002D
:10676C00000000000100000000000000000000001C
:10677C00000000000000000000000000000000000D
:10678C0001000000000000000000000000000000FC
:10679C0000000000000000000000000001000000EC
:1067AC0000000000000000000000000000000000DD
:1067BC0000000000000000000100000000000000CC
:1067CC0000000000000000000000000000000000BD
:1067DC00000000000100000001070800000000009C
:1067EC00000000000106080000000000000000008E
:1067FC000B00FF00F4010024E80100240C0200242B
:10680C00000200242402002418020024B8010024F1
:10681C00AC010024D0010024C4010024B8040224DB
:10682C0030020024DC01002494040224AC04022471
:10683C00A004022454010024480100240108080289
:10684C000B08000108000000010908020A080000FA
:10685C0008000000010C0E03020801050E000000E8
:10686C00020C0801060E00000000000001040B00E1
:10687C000000000000000000010707010F040000E9
:10688C0000000000010607010E04000000000000DB
:10689C0000030700000000000000000000020700D9
:1068AC000000000000000000020B070000000000C8
:1068BC0000000000020A07000000000000000000B9
:1068CC000609070000000000000000000090D00343
:1068DC000090D003E56B0008896B00085D6C000824
:1068EC008D6B0008216C0008C56C0008916C0008C9
:1068FC00B96B000800C201000000080000C20100D2
:10690C0000000800F97000080571000811710008FA
:10691C0081710008C5710008497100086571000893
:10692C00ED7000089D710008A97100082D71000818
:10693C00E9720008297400080D74000812010002A5
:10694C0002020040830440570002010203010000D0
:10695C0012010002020200408304405700020102AF
:10696C0003010000040309041A03000000000000E6
:10697C00000000000000000000000000000000000B
:10698C000000010010000000AD0F0108690F0108A4
:10699C009D0E010800000000750D01084D0E010848
:1069AC001D0E0108000000000000000000000000A7
:1069BC00C50D0108A10D0108E90D01080D0E010816
:1069CC000000000009024300020100C0320904006B
:1069DC000001020201000524001001052401000140
:1069EC000424020205240600010705820308001096
:1069FC0009040100020A0000000705010240000022
:106A0C00070581024000000009024300020100C09A
:106A1C0032090400000102020100052400100105E6
:106A2C00240100010424020205240600010705824A
:106A3C000308001009040100020A00000007050108
:106A4C000200020007058102000200000A06000293
:106A5C00000000400100000009074300020104C0CF
:106A6C003209040000010202010005240010010596
:106A7C0024010001042402020524060001070582FA
:106A8C000308001009040100020A000000070501B8
:106A9C000240000007058102400000000902650069
:106AAC00020100C05009040000000101000009248B
:106ABC0001000109000101090401000201030000A9
:106ACC0007240100014100062402010100062402F2
:106ADC00020200092403010301020100092403023C
:106AEC000601010100090501024000000000052516
:106AFC00010101090581024000000000052501018A
:106B0C0003000000060A0500040500000000000058
:106B1C00010C050104070109050000000004060032
:106B2C00000000000000000000040800000000004D
:106B3C000000000001040500060506090500000020
:106B4C00010505000705000000000000060B05000C
:106B5C000505000000000000010E05020205000002
:106B6C0000000000020105010F05020305000000F2
:106B7C00030305000000000000000000020B0601EA
:106B8C000406000000000000020C060105070000CE
:106B9C0000000000020A06000000000000000000D7
:106BAC0001040800060800000000000001050800B0
:106BBC0007080000000000000005080000000000AD
:106BCC0000000000000000000000000000000000B9
:106BDC0000000000000000000000000001000000A8
:106BEC000000000000000000000000000000000099
:106BFC000000000000000000010000000000000088
:106C0C000000000000000000000000000000000078
:106C1C000000000001000000000000000000000067
:106C2C000000000000000000000000000000000058
:106C3C0001000000A805002400000000DC6501082C
:106C4C00FC650108BC6501080000000000000000A4
:106C5C000000000000000000000000000000000028
:106C6C000000000000000000000000000000000018
:106C7C000000000000000000000000000000000008
:106C8C0000000000000000000000000000000000F8
:086C9C000000000000000000F0
:0400000508000A01E4
:00000001FF
