ARM GAS  C:\Users\22bur\AppData\Local\Temp\ccfIx2UX.s 			page 1


   1              		.cpu cortex-m7
   2              		.eabi_attribute 28, 1
   3              		.eabi_attribute 20, 1
   4              		.eabi_attribute 21, 1
   5              		.eabi_attribute 23, 3
   6              		.eabi_attribute 24, 1
   7              		.eabi_attribute 25, 1
   8              		.eabi_attribute 26, 1
   9              		.eabi_attribute 30, 2
  10              		.eabi_attribute 34, 1
  11              		.eabi_attribute 18, 4
  12              		.file	"main.cpp"
  13              		.text
  14              	.Ltext0:
  15              		.cfi_sections	.debug_frame
  16              		.section	.text._ZN5daisy6SwitchD2Ev,"axG",%progbits,_ZN5daisy6SwitchD5Ev,comdat
  17              		.align	1
  18              		.p2align 2,,3
  19              		.weak	_ZN5daisy6SwitchD2Ev
  20              		.arch armv7e-m
  21              		.syntax unified
  22              		.thumb
  23              		.thumb_func
  24              		.fpu fpv5-d16
  26              	_ZN5daisy6SwitchD2Ev:
  27              	.LVL0:
  28              	.LFB3766:
  29              		.file 1 "../DaisyExamples/libDaisy/src/hid/switch.h"
   1:../DaisyExamples/libDaisy/src/hid/switch.h **** #pragma once
   2:../DaisyExamples/libDaisy/src/hid/switch.h **** #ifndef DSY_SWITCH_H
   3:../DaisyExamples/libDaisy/src/hid/switch.h **** #define DSY_SWITCH_H
   4:../DaisyExamples/libDaisy/src/hid/switch.h **** #include "daisy_core.h"
   5:../DaisyExamples/libDaisy/src/hid/switch.h **** #include "per/gpio.h"
   6:../DaisyExamples/libDaisy/src/hid/switch.h **** #include "sys/system.h"
   7:../DaisyExamples/libDaisy/src/hid/switch.h **** 
   8:../DaisyExamples/libDaisy/src/hid/switch.h **** namespace daisy
   9:../DaisyExamples/libDaisy/src/hid/switch.h **** {
  10:../DaisyExamples/libDaisy/src/hid/switch.h **** /** 
  11:../DaisyExamples/libDaisy/src/hid/switch.h ****     Generic Class for handling momentary/latching switches \n 
  12:../DaisyExamples/libDaisy/src/hid/switch.h ****     Inspired/influenced by Mutable Instruments (pichenettes) Switch classes
  13:../DaisyExamples/libDaisy/src/hid/switch.h ****     @author Stephen Hensley
  14:../DaisyExamples/libDaisy/src/hid/switch.h ****     @date December 2019
  15:../DaisyExamples/libDaisy/src/hid/switch.h ****     @ingroup controls
  16:../DaisyExamples/libDaisy/src/hid/switch.h **** */
  17:../DaisyExamples/libDaisy/src/hid/switch.h **** class Switch
  18:../DaisyExamples/libDaisy/src/hid/switch.h **** {
  19:../DaisyExamples/libDaisy/src/hid/switch.h ****   public:
  20:../DaisyExamples/libDaisy/src/hid/switch.h ****     /** Specifies the expected behavior of the switch */
  21:../DaisyExamples/libDaisy/src/hid/switch.h ****     enum Type
  22:../DaisyExamples/libDaisy/src/hid/switch.h ****     {
  23:../DaisyExamples/libDaisy/src/hid/switch.h ****         TYPE_TOGGLE,    /**< & */
  24:../DaisyExamples/libDaisy/src/hid/switch.h ****         TYPE_MOMENTARY, /**< & */
  25:../DaisyExamples/libDaisy/src/hid/switch.h ****     };
  26:../DaisyExamples/libDaisy/src/hid/switch.h ****     /** Specifies whether the pressed is HIGH or LOW. */
  27:../DaisyExamples/libDaisy/src/hid/switch.h ****     enum Polarity
  28:../DaisyExamples/libDaisy/src/hid/switch.h ****     {
  29:../DaisyExamples/libDaisy/src/hid/switch.h ****         POLARITY_NORMAL,   /**< & */
ARM GAS  C:\Users\22bur\AppData\Local\Temp\ccfIx2UX.s 			page 2


  30:../DaisyExamples/libDaisy/src/hid/switch.h ****         POLARITY_INVERTED, /**< & */
  31:../DaisyExamples/libDaisy/src/hid/switch.h ****     };
  32:../DaisyExamples/libDaisy/src/hid/switch.h **** 
  33:../DaisyExamples/libDaisy/src/hid/switch.h ****     /** Specifies whether to use built-in Pull Up/Down resistors to hold button at a given state wh
  34:../DaisyExamples/libDaisy/src/hid/switch.h ****     enum Pull
  35:../DaisyExamples/libDaisy/src/hid/switch.h ****     {
  36:../DaisyExamples/libDaisy/src/hid/switch.h ****         PULL_UP,   /**< & */
  37:../DaisyExamples/libDaisy/src/hid/switch.h ****         PULL_DOWN, /**< & */
  38:../DaisyExamples/libDaisy/src/hid/switch.h ****         PULL_NONE, /**< & */
  39:../DaisyExamples/libDaisy/src/hid/switch.h ****     };
  40:../DaisyExamples/libDaisy/src/hid/switch.h **** 
  41:../DaisyExamples/libDaisy/src/hid/switch.h ****     Switch() {}
  42:../DaisyExamples/libDaisy/src/hid/switch.h ****     ~Switch() {}
  30              		.loc 1 42 5 view -0
  31              		.cfi_startproc
  32              		@ args = 0, pretend = 0, frame = 0
  33              		@ frame_needed = 0, uses_anonymous_args = 0
  34              		@ link register save eliminated.
  35              		.loc 1 42 16 is_stmt 0 view .LVU1
  36 0000 7047     		bx	lr
  37              		.cfi_endproc
  38              	.LFE3766:
  40              		.weak	_ZN5daisy6SwitchD1Ev
  41              		.thumb_set _ZN5daisy6SwitchD1Ev,_ZN5daisy6SwitchD2Ev
  42 0002 00BF     		.section	.text._ZN5daisy7EncoderD2Ev,"axG",%progbits,_ZN5daisy7EncoderD5Ev,comdat
  43              		.align	1
  44              		.p2align 2,,3
  45              		.weak	_ZN5daisy7EncoderD2Ev
  46              		.syntax unified
  47              		.thumb
  48              		.thumb_func
  49              		.fpu fpv5-d16
  51              	_ZN5daisy7EncoderD2Ev:
  52              	.LVL1:
  53              	.LFB3778:
  54              		.file 2 "../DaisyExamples/libDaisy/src/hid/encoder.h"
   1:../DaisyExamples/libDaisy/src/hid/encoder.h **** #pragma once
   2:../DaisyExamples/libDaisy/src/hid/encoder.h **** #ifndef DSY_ENCODER_H
   3:../DaisyExamples/libDaisy/src/hid/encoder.h **** #define DSY_ENCODER_H
   4:../DaisyExamples/libDaisy/src/hid/encoder.h **** #include "daisy_core.h"
   5:../DaisyExamples/libDaisy/src/hid/encoder.h **** #include "per/gpio.h"
   6:../DaisyExamples/libDaisy/src/hid/encoder.h **** #include "hid/switch.h"
   7:../DaisyExamples/libDaisy/src/hid/encoder.h **** 
   8:../DaisyExamples/libDaisy/src/hid/encoder.h **** namespace daisy
   9:../DaisyExamples/libDaisy/src/hid/encoder.h **** {
  10:../DaisyExamples/libDaisy/src/hid/encoder.h **** /** 
  11:../DaisyExamples/libDaisy/src/hid/encoder.h ****     @brief Generic Class for handling Quadrature Encoders \n 
  12:../DaisyExamples/libDaisy/src/hid/encoder.h ****     Inspired/influenced by Mutable Instruments (pichenettes) Encoder classes
  13:../DaisyExamples/libDaisy/src/hid/encoder.h ****     @author Stephen Hensley
  14:../DaisyExamples/libDaisy/src/hid/encoder.h ****     @date December 2019
  15:../DaisyExamples/libDaisy/src/hid/encoder.h ****     @ingroup controls
  16:../DaisyExamples/libDaisy/src/hid/encoder.h **** */
  17:../DaisyExamples/libDaisy/src/hid/encoder.h **** class Encoder
  18:../DaisyExamples/libDaisy/src/hid/encoder.h **** {
  19:../DaisyExamples/libDaisy/src/hid/encoder.h ****   public:
  20:../DaisyExamples/libDaisy/src/hid/encoder.h ****     Encoder() {}
  21:../DaisyExamples/libDaisy/src/hid/encoder.h ****     ~Encoder() {}
ARM GAS  C:\Users\22bur\AppData\Local\Temp\ccfIx2UX.s 			page 3


  55              		.loc 2 21 5 is_stmt 1 view -0
  56              		.cfi_startproc
  57              		@ args = 0, pretend = 0, frame = 0
  58              		@ frame_needed = 0, uses_anonymous_args = 0
  59              		@ link register save eliminated.
  60              	.LBB343:
  61              	.LBI343:
  62              		.loc 1 42 5 view .LVU3
  63              		.loc 1 42 5 is_stmt 0 view .LVU4
  64              	.LBE343:
  65              		.loc 2 21 17 view .LVU5
  66 0000 7047     		bx	lr
  67              		.cfi_endproc
  68              	.LFE3778:
  70              		.weak	_ZN5daisy7EncoderD1Ev
  71              		.thumb_set _ZN5daisy7EncoderD1Ev,_ZN5daisy7EncoderD2Ev
  72 0002 00BF     		.section	.text._ZN5daisy9DaisySeedD2Ev,"axG",%progbits,_ZN5daisy9DaisySeedD5Ev,comdat
  73              		.align	1
  74              		.p2align 2,,3
  75              		.weak	_ZN5daisy9DaisySeedD2Ev
  76              		.syntax unified
  77              		.thumb
  78              		.thumb_func
  79              		.fpu fpv5-d16
  81              	_ZN5daisy9DaisySeedD2Ev:
  82              	.LVL2:
  83              	.LFB4676:
  84              		.file 3 "../DaisyExamples/libDaisy/src/daisy_seed.h"
   1:../DaisyExamples/libDaisy/src/daisy_seed.h **** #pragma once
   2:../DaisyExamples/libDaisy/src/daisy_seed.h **** #ifndef DSY_SEED_H
   3:../DaisyExamples/libDaisy/src/daisy_seed.h **** #define DSY_SEED_H
   4:../DaisyExamples/libDaisy/src/daisy_seed.h **** 
   5:../DaisyExamples/libDaisy/src/daisy_seed.h **** #include "daisy.h"
   6:../DaisyExamples/libDaisy/src/daisy_seed.h **** 
   7:../DaisyExamples/libDaisy/src/daisy_seed.h **** //Uncomment this out if you're still using the rev2 hardware
   8:../DaisyExamples/libDaisy/src/daisy_seed.h **** //#define SEED_REV2
   9:../DaisyExamples/libDaisy/src/daisy_seed.h **** 
  10:../DaisyExamples/libDaisy/src/daisy_seed.h **** namespace daisy
  11:../DaisyExamples/libDaisy/src/daisy_seed.h **** {
  12:../DaisyExamples/libDaisy/src/daisy_seed.h **** /**
  13:../DaisyExamples/libDaisy/src/daisy_seed.h ****    @brief This is the higher-level interface for the Daisy board. \n 
  14:../DaisyExamples/libDaisy/src/daisy_seed.h ****     All basic peripheral configuration/initialization is setup here. \n
  15:../DaisyExamples/libDaisy/src/daisy_seed.h **** 
  16:../DaisyExamples/libDaisy/src/daisy_seed.h ****    @ingroup boards
  17:../DaisyExamples/libDaisy/src/daisy_seed.h **** */
  18:../DaisyExamples/libDaisy/src/daisy_seed.h **** class DaisySeed
  19:../DaisyExamples/libDaisy/src/daisy_seed.h **** {
  20:../DaisyExamples/libDaisy/src/daisy_seed.h ****   public:
  21:../DaisyExamples/libDaisy/src/daisy_seed.h ****     DaisySeed() {}
  22:../DaisyExamples/libDaisy/src/daisy_seed.h ****     ~DaisySeed() {}
  85              		.loc 3 22 5 is_stmt 1 view -0
  86              		.cfi_startproc
  87              		@ args = 0, pretend = 0, frame = 0
  88              		@ frame_needed = 0, uses_anonymous_args = 0
  89              		@ link register save eliminated.
  90              	.LBB344:
  91              	.LBI344:
ARM GAS  C:\Users\22bur\AppData\Local\Temp\ccfIx2UX.s 			page 4


  92              		.file 4 "../DaisyExamples/libDaisy/src/sys/system.h"
   1:../DaisyExamples/libDaisy/src/sys/system.h **** #ifndef DSY_SYSTEM_H
   2:../DaisyExamples/libDaisy/src/sys/system.h **** #define DSY_SYSTEM_H
   3:../DaisyExamples/libDaisy/src/sys/system.h **** 
   4:../DaisyExamples/libDaisy/src/sys/system.h **** #ifndef UNIT_TEST // for unit tests, a dummy implementation is provided below
   5:../DaisyExamples/libDaisy/src/sys/system.h **** 
   6:../DaisyExamples/libDaisy/src/sys/system.h **** #include <cstdint>
   7:../DaisyExamples/libDaisy/src/sys/system.h **** #include "per/tim.h"
   8:../DaisyExamples/libDaisy/src/sys/system.h **** 
   9:../DaisyExamples/libDaisy/src/sys/system.h **** namespace daisy
  10:../DaisyExamples/libDaisy/src/sys/system.h **** {
  11:../DaisyExamples/libDaisy/src/sys/system.h **** /** A handle for interacting with the Core System.
  12:../DaisyExamples/libDaisy/src/sys/system.h ****  ** This includes the Clock tree, MPU, global DMA initialization,
  13:../DaisyExamples/libDaisy/src/sys/system.h ****  ** cache handling, and any other necessary global initiailzation
  14:../DaisyExamples/libDaisy/src/sys/system.h ****  **
  15:../DaisyExamples/libDaisy/src/sys/system.h ****  ** @author shensley
  16:../DaisyExamples/libDaisy/src/sys/system.h ****  ** @ingroup system
  17:../DaisyExamples/libDaisy/src/sys/system.h ****  */
  18:../DaisyExamples/libDaisy/src/sys/system.h **** class System
  19:../DaisyExamples/libDaisy/src/sys/system.h **** {
  20:../DaisyExamples/libDaisy/src/sys/system.h ****   public:
  21:../DaisyExamples/libDaisy/src/sys/system.h ****     /** Contains settings for initializing the System */
  22:../DaisyExamples/libDaisy/src/sys/system.h ****     struct Config
  23:../DaisyExamples/libDaisy/src/sys/system.h ****     {
  24:../DaisyExamples/libDaisy/src/sys/system.h ****         /** Specifies the system clock frequency that feeds APB/AHB clocks, etc. */
  25:../DaisyExamples/libDaisy/src/sys/system.h ****         enum class SysClkFreq
  26:../DaisyExamples/libDaisy/src/sys/system.h ****         {
  27:../DaisyExamples/libDaisy/src/sys/system.h ****             FREQ_400MHZ,
  28:../DaisyExamples/libDaisy/src/sys/system.h ****             FREQ_480MHZ,
  29:../DaisyExamples/libDaisy/src/sys/system.h ****         };
  30:../DaisyExamples/libDaisy/src/sys/system.h **** 
  31:../DaisyExamples/libDaisy/src/sys/system.h ****         /** Method to call on the struct to set to defaults
  32:../DaisyExamples/libDaisy/src/sys/system.h ****          ** CPU Freq set to 400MHz
  33:../DaisyExamples/libDaisy/src/sys/system.h ****          ** Cache Enabled
  34:../DaisyExamples/libDaisy/src/sys/system.h ****          ** */
  35:../DaisyExamples/libDaisy/src/sys/system.h ****         void Defaults()
  36:../DaisyExamples/libDaisy/src/sys/system.h ****         {
  37:../DaisyExamples/libDaisy/src/sys/system.h ****             cpu_freq    = SysClkFreq::FREQ_400MHZ;
  38:../DaisyExamples/libDaisy/src/sys/system.h ****             use_dcache  = true;
  39:../DaisyExamples/libDaisy/src/sys/system.h ****             use_icache  = true;
  40:../DaisyExamples/libDaisy/src/sys/system.h ****             skip_clocks = false;
  41:../DaisyExamples/libDaisy/src/sys/system.h ****         }
  42:../DaisyExamples/libDaisy/src/sys/system.h **** 
  43:../DaisyExamples/libDaisy/src/sys/system.h ****         /** Method to call on the struct to set to boost mode:
  44:../DaisyExamples/libDaisy/src/sys/system.h ****          ** CPU Freq set to 480MHz
  45:../DaisyExamples/libDaisy/src/sys/system.h ****          ** Cache Enabled
  46:../DaisyExamples/libDaisy/src/sys/system.h ****          ** */
  47:../DaisyExamples/libDaisy/src/sys/system.h ****         void Boost()
  48:../DaisyExamples/libDaisy/src/sys/system.h ****         {
  49:../DaisyExamples/libDaisy/src/sys/system.h ****             cpu_freq    = SysClkFreq::FREQ_480MHZ;
  50:../DaisyExamples/libDaisy/src/sys/system.h ****             use_dcache  = true;
  51:../DaisyExamples/libDaisy/src/sys/system.h ****             use_icache  = true;
  52:../DaisyExamples/libDaisy/src/sys/system.h ****             skip_clocks = false;
  53:../DaisyExamples/libDaisy/src/sys/system.h ****         }
  54:../DaisyExamples/libDaisy/src/sys/system.h **** 
  55:../DaisyExamples/libDaisy/src/sys/system.h ****         SysClkFreq cpu_freq;
  56:../DaisyExamples/libDaisy/src/sys/system.h ****         bool       use_dcache;
ARM GAS  C:\Users\22bur\AppData\Local\Temp\ccfIx2UX.s 			page 5


  57:../DaisyExamples/libDaisy/src/sys/system.h ****         bool       use_icache;
  58:../DaisyExamples/libDaisy/src/sys/system.h ****         bool       skip_clocks;
  59:../DaisyExamples/libDaisy/src/sys/system.h ****     };
  60:../DaisyExamples/libDaisy/src/sys/system.h **** 
  61:../DaisyExamples/libDaisy/src/sys/system.h ****     /** Describes the different regions of memory available to the Daisy */
  62:../DaisyExamples/libDaisy/src/sys/system.h ****     enum MemoryRegion
  63:../DaisyExamples/libDaisy/src/sys/system.h ****     {
  64:../DaisyExamples/libDaisy/src/sys/system.h ****         INTERNAL_FLASH = 0,
  65:../DaisyExamples/libDaisy/src/sys/system.h ****         ITCMRAM,
  66:../DaisyExamples/libDaisy/src/sys/system.h ****         DTCMRAM,
  67:../DaisyExamples/libDaisy/src/sys/system.h ****         SRAM_D1,
  68:../DaisyExamples/libDaisy/src/sys/system.h ****         SRAM_D2,
  69:../DaisyExamples/libDaisy/src/sys/system.h ****         SRAM_D3,
  70:../DaisyExamples/libDaisy/src/sys/system.h ****         SDRAM,
  71:../DaisyExamples/libDaisy/src/sys/system.h ****         QSPI,
  72:../DaisyExamples/libDaisy/src/sys/system.h ****         INVALID_ADDRESS,
  73:../DaisyExamples/libDaisy/src/sys/system.h ****     };
  74:../DaisyExamples/libDaisy/src/sys/system.h **** 
  75:../DaisyExamples/libDaisy/src/sys/system.h ****     /** Bootloader struct for controlling bootloading parameters */
  76:../DaisyExamples/libDaisy/src/sys/system.h ****     struct BootInfo
  77:../DaisyExamples/libDaisy/src/sys/system.h ****     {
  78:../DaisyExamples/libDaisy/src/sys/system.h ****         enum class Type : uint32_t
  79:../DaisyExamples/libDaisy/src/sys/system.h ****         {
  80:../DaisyExamples/libDaisy/src/sys/system.h ****             INVALID      = 0x00000000,
  81:../DaisyExamples/libDaisy/src/sys/system.h ****             JUMP         = 0xDEADBEEF,
  82:../DaisyExamples/libDaisy/src/sys/system.h ****             SKIP_TIMEOUT = 0x5AFEB007,
  83:../DaisyExamples/libDaisy/src/sys/system.h ****             INF_TIMEOUT  = 0xB0074EFA,
  84:../DaisyExamples/libDaisy/src/sys/system.h ****         } status;
  85:../DaisyExamples/libDaisy/src/sys/system.h ****         uint32_t data;
  86:../DaisyExamples/libDaisy/src/sys/system.h ****         enum class Version : uint32_t
  87:../DaisyExamples/libDaisy/src/sys/system.h ****         {
  88:../DaisyExamples/libDaisy/src/sys/system.h ****             LT_v6_0 = 0, // Less than v6.0
  89:../DaisyExamples/libDaisy/src/sys/system.h ****             NONE,        // No bootloader present
  90:../DaisyExamples/libDaisy/src/sys/system.h ****             v6_0,        // v6.0
  91:../DaisyExamples/libDaisy/src/sys/system.h ****             v6_1,        // v6.1 or greater
  92:../DaisyExamples/libDaisy/src/sys/system.h ****             LAST
  93:../DaisyExamples/libDaisy/src/sys/system.h ****         } version;
  94:../DaisyExamples/libDaisy/src/sys/system.h ****     };
  95:../DaisyExamples/libDaisy/src/sys/system.h **** 
  96:../DaisyExamples/libDaisy/src/sys/system.h ****     System() {}
  97:../DaisyExamples/libDaisy/src/sys/system.h ****     ~System() {}
  93              		.loc 4 97 5 view .LVU7
  94              		.loc 4 97 5 is_stmt 0 view .LVU8
  95              	.LBE344:
  96              	.LBB345:
  97              	.LBI345:
  98              		.file 5 "../DaisyExamples/libDaisy/src/hid/usb.h"
   1:../DaisyExamples/libDaisy/src/hid/usb.h **** #pragma once
   2:../DaisyExamples/libDaisy/src/hid/usb.h **** #ifndef DSY_HID_USB_H
   3:../DaisyExamples/libDaisy/src/hid/usb.h **** #define DSY_HID_USB_H
   4:../DaisyExamples/libDaisy/src/hid/usb.h **** #include <stdint.h>
   5:../DaisyExamples/libDaisy/src/hid/usb.h **** #include <stdlib.h>
   6:../DaisyExamples/libDaisy/src/hid/usb.h **** 
   7:../DaisyExamples/libDaisy/src/hid/usb.h **** namespace daisy
   8:../DaisyExamples/libDaisy/src/hid/usb.h **** /** @addtogroup human_interface
   9:../DaisyExamples/libDaisy/src/hid/usb.h ****     @{
  10:../DaisyExamples/libDaisy/src/hid/usb.h **** */
ARM GAS  C:\Users\22bur\AppData\Local\Temp\ccfIx2UX.s 			page 6


  11:../DaisyExamples/libDaisy/src/hid/usb.h **** 
  12:../DaisyExamples/libDaisy/src/hid/usb.h **** {
  13:../DaisyExamples/libDaisy/src/hid/usb.h **** /** 
  14:../DaisyExamples/libDaisy/src/hid/usb.h ****     @brief Interface for initializing and using the USB Peripherals on the daisy
  15:../DaisyExamples/libDaisy/src/hid/usb.h ****     @author Stephen Hensley
  16:../DaisyExamples/libDaisy/src/hid/usb.h ****     @date December 2019
  17:../DaisyExamples/libDaisy/src/hid/usb.h **** */
  18:../DaisyExamples/libDaisy/src/hid/usb.h **** class UsbHandle
  19:../DaisyExamples/libDaisy/src/hid/usb.h **** {
  20:../DaisyExamples/libDaisy/src/hid/usb.h ****   public:
  21:../DaisyExamples/libDaisy/src/hid/usb.h ****     /** Return values for USBHandle Functions */
  22:../DaisyExamples/libDaisy/src/hid/usb.h ****     enum class Result
  23:../DaisyExamples/libDaisy/src/hid/usb.h ****     {
  24:../DaisyExamples/libDaisy/src/hid/usb.h ****         OK,
  25:../DaisyExamples/libDaisy/src/hid/usb.h ****         ERR,
  26:../DaisyExamples/libDaisy/src/hid/usb.h ****     };
  27:../DaisyExamples/libDaisy/src/hid/usb.h **** 
  28:../DaisyExamples/libDaisy/src/hid/usb.h ****     /** Specified which of the two USB Peripherals to initialize. */
  29:../DaisyExamples/libDaisy/src/hid/usb.h ****     enum UsbPeriph
  30:../DaisyExamples/libDaisy/src/hid/usb.h ****     {
  31:../DaisyExamples/libDaisy/src/hid/usb.h ****         FS_INTERNAL, /**< Internal pin */
  32:../DaisyExamples/libDaisy/src/hid/usb.h ****         FS_EXTERNAL, /**< FS External D+ pin is Pin 38 (GPIO32). FS External D- pin is Pin 37 (GPIO
  33:../DaisyExamples/libDaisy/src/hid/usb.h ****         FS_BOTH,     /**< Both */
  34:../DaisyExamples/libDaisy/src/hid/usb.h ****     };
  35:../DaisyExamples/libDaisy/src/hid/usb.h **** 
  36:../DaisyExamples/libDaisy/src/hid/usb.h **** 
  37:../DaisyExamples/libDaisy/src/hid/usb.h ****     /** Function called upon reception of a buffer */
  38:../DaisyExamples/libDaisy/src/hid/usb.h ****     typedef void (*ReceiveCallback)(uint8_t* buff, uint32_t* len);
  39:../DaisyExamples/libDaisy/src/hid/usb.h **** 
  40:../DaisyExamples/libDaisy/src/hid/usb.h ****     UsbHandle() {}
  41:../DaisyExamples/libDaisy/src/hid/usb.h **** 
  42:../DaisyExamples/libDaisy/src/hid/usb.h ****     ~UsbHandle() {}
  99              		.loc 5 42 5 is_stmt 1 view .LVU9
 100              		.loc 5 42 5 is_stmt 0 view .LVU10
 101              	.LBE345:
 102              	.LBB346:
 103              	.LBI346:
 104              		.file 6 "../DaisyExamples/libDaisy/src/per/adc.h"
   1:../DaisyExamples/libDaisy/src/per/adc.h **** #pragma once
   2:../DaisyExamples/libDaisy/src/per/adc.h **** #ifndef DSY_ADC_H
   3:../DaisyExamples/libDaisy/src/per/adc.h **** #define DSY_ADC_H /**< Macro */
   4:../DaisyExamples/libDaisy/src/per/adc.h **** #include <stdint.h>
   5:../DaisyExamples/libDaisy/src/per/adc.h **** #include <stdlib.h>
   6:../DaisyExamples/libDaisy/src/per/adc.h **** #include "daisy_core.h"
   7:../DaisyExamples/libDaisy/src/per/adc.h **** #include "per/gpio.h"
   8:../DaisyExamples/libDaisy/src/per/adc.h **** 
   9:../DaisyExamples/libDaisy/src/per/adc.h **** #define DSY_ADC_MAX_CHANNELS 16 /**< Maximum number of ADC channels */
  10:../DaisyExamples/libDaisy/src/per/adc.h **** 
  11:../DaisyExamples/libDaisy/src/per/adc.h **** namespace daisy
  12:../DaisyExamples/libDaisy/src/per/adc.h **** {
  13:../DaisyExamples/libDaisy/src/per/adc.h **** /** @addtogroup per_analog
  14:../DaisyExamples/libDaisy/src/per/adc.h ****     @{
  15:../DaisyExamples/libDaisy/src/per/adc.h **** */
  16:../DaisyExamples/libDaisy/src/per/adc.h **** 
  17:../DaisyExamples/libDaisy/src/per/adc.h **** /* While there may not be many configuration options here,
  18:../DaisyExamples/libDaisy/src/per/adc.h **** using a struct like this allows us to add more configuration
  19:../DaisyExamples/libDaisy/src/per/adc.h **** later without breaking existing functionality.
ARM GAS  C:\Users\22bur\AppData\Local\Temp\ccfIx2UX.s 			page 7


  20:../DaisyExamples/libDaisy/src/per/adc.h **** */
  21:../DaisyExamples/libDaisy/src/per/adc.h **** 
  22:../DaisyExamples/libDaisy/src/per/adc.h **** /** @brief   Configuration Structure for an ADC Channel 
  23:../DaisyExamples/libDaisy/src/per/adc.h ****  *  @details This can be used to configure a a single input, 
  24:../DaisyExamples/libDaisy/src/per/adc.h ****  *           or a multiplexed input, allowing up to 8 inputs on 
  25:../DaisyExamples/libDaisy/src/per/adc.h ****  *           one channel.
  26:../DaisyExamples/libDaisy/src/per/adc.h ****  *  @note    Sharing data lines to multiple muxes _is_ possible, but
  27:../DaisyExamples/libDaisy/src/per/adc.h ****  *           each channel sharing data lines must be set to the maximum
  28:../DaisyExamples/libDaisy/src/per/adc.h ****  *           number of channels, even if some multiplexers have fewer
  29:../DaisyExamples/libDaisy/src/per/adc.h ****  *           inputs connected.
  30:../DaisyExamples/libDaisy/src/per/adc.h **** */
  31:../DaisyExamples/libDaisy/src/per/adc.h **** struct AdcChannelConfig
  32:../DaisyExamples/libDaisy/src/per/adc.h **** {
  33:../DaisyExamples/libDaisy/src/per/adc.h ****     /** Which pin to use for multiplexing */
  34:../DaisyExamples/libDaisy/src/per/adc.h ****     enum MuxPin
  35:../DaisyExamples/libDaisy/src/per/adc.h ****     {
  36:../DaisyExamples/libDaisy/src/per/adc.h ****         MUX_SEL_0,    /**< & */
  37:../DaisyExamples/libDaisy/src/per/adc.h ****         MUX_SEL_1,    /**< & */
  38:../DaisyExamples/libDaisy/src/per/adc.h ****         MUX_SEL_2,    /**< & */
  39:../DaisyExamples/libDaisy/src/per/adc.h ****         MUX_SEL_LAST, /**< & */
  40:../DaisyExamples/libDaisy/src/per/adc.h ****     };
  41:../DaisyExamples/libDaisy/src/per/adc.h **** 
  42:../DaisyExamples/libDaisy/src/per/adc.h ****     /** \brief per channel conversion speed added to fixed time based on bitdepth, etc. */
  43:../DaisyExamples/libDaisy/src/per/adc.h ****     enum ConversionSpeed
  44:../DaisyExamples/libDaisy/src/per/adc.h ****     {
  45:../DaisyExamples/libDaisy/src/per/adc.h ****         SPEED_1CYCLES_5,
  46:../DaisyExamples/libDaisy/src/per/adc.h ****         SPEED_2CYCLES_5,
  47:../DaisyExamples/libDaisy/src/per/adc.h ****         SPEED_8CYCLES_5,
  48:../DaisyExamples/libDaisy/src/per/adc.h ****         SPEED_16CYCLES_5,
  49:../DaisyExamples/libDaisy/src/per/adc.h ****         SPEED_32CYCLES_5,
  50:../DaisyExamples/libDaisy/src/per/adc.h ****         SPEED_64CYCLES_5,
  51:../DaisyExamples/libDaisy/src/per/adc.h ****         SPEED_387CYCLES_5,
  52:../DaisyExamples/libDaisy/src/per/adc.h ****         SPEED_810CYCLES_5,
  53:../DaisyExamples/libDaisy/src/per/adc.h ****     };
  54:../DaisyExamples/libDaisy/src/per/adc.h **** 
  55:../DaisyExamples/libDaisy/src/per/adc.h ****     /** Initializes a single ADC pin as an ADC. 
  56:../DaisyExamples/libDaisy/src/per/adc.h ****     \param pin Pin to init.
  57:../DaisyExamples/libDaisy/src/per/adc.h ****     \param speed conversion speed for this pin defaults to 8.5 cycles
  58:../DaisyExamples/libDaisy/src/per/adc.h ****      */
  59:../DaisyExamples/libDaisy/src/per/adc.h ****     void InitSingle(dsy_gpio_pin pin, ConversionSpeed speed = SPEED_8CYCLES_5);
  60:../DaisyExamples/libDaisy/src/per/adc.h **** 
  61:../DaisyExamples/libDaisy/src/per/adc.h ****     /** 
  62:../DaisyExamples/libDaisy/src/per/adc.h ****     Initializes a single ADC pin as a Multiplexed ADC.
  63:../DaisyExamples/libDaisy/src/per/adc.h ****     Requires a CD405X Multiplexer connected to the pin.
  64:../DaisyExamples/libDaisy/src/per/adc.h ****     You only need to supply the mux pins that are required,
  65:../DaisyExamples/libDaisy/src/per/adc.h ****     e.g. a 4052 mux would only require mux_0 and mux_1.
  66:../DaisyExamples/libDaisy/src/per/adc.h ****     Internal Callbacks handle the pin addressing.
  67:../DaisyExamples/libDaisy/src/per/adc.h ****     \param adc_pin &
  68:../DaisyExamples/libDaisy/src/per/adc.h ****     \param mux_channels must be 1-8
  69:../DaisyExamples/libDaisy/src/per/adc.h ****     \param mux_0 First mux pin
  70:../DaisyExamples/libDaisy/src/per/adc.h ****     \param mux_1 Second mux pin
  71:../DaisyExamples/libDaisy/src/per/adc.h ****     \param mux_2 Third mux pin
  72:../DaisyExamples/libDaisy/src/per/adc.h ****     \param speed conversion speed for this pin defaults to 8.5 cycles
  73:../DaisyExamples/libDaisy/src/per/adc.h ****     */
  74:../DaisyExamples/libDaisy/src/per/adc.h ****     void InitMux(dsy_gpio_pin    adc_pin,
  75:../DaisyExamples/libDaisy/src/per/adc.h ****                  size_t          mux_channels,
  76:../DaisyExamples/libDaisy/src/per/adc.h ****                  dsy_gpio_pin    mux_0,
ARM GAS  C:\Users\22bur\AppData\Local\Temp\ccfIx2UX.s 			page 8


  77:../DaisyExamples/libDaisy/src/per/adc.h ****                  dsy_gpio_pin    mux_1 = {DSY_GPIOX, 0},
  78:../DaisyExamples/libDaisy/src/per/adc.h ****                  dsy_gpio_pin    mux_2 = {DSY_GPIOX, 0},
  79:../DaisyExamples/libDaisy/src/per/adc.h ****                  ConversionSpeed speed = SPEED_8CYCLES_5);
  80:../DaisyExamples/libDaisy/src/per/adc.h **** 
  81:../DaisyExamples/libDaisy/src/per/adc.h ****     dsy_gpio        pin_;                   /**< & */
  82:../DaisyExamples/libDaisy/src/per/adc.h ****     dsy_gpio        mux_pin_[MUX_SEL_LAST]; /**< & */
  83:../DaisyExamples/libDaisy/src/per/adc.h ****     uint8_t         mux_channels_;          /**< & */
  84:../DaisyExamples/libDaisy/src/per/adc.h ****     ConversionSpeed speed_;
  85:../DaisyExamples/libDaisy/src/per/adc.h **** };
  86:../DaisyExamples/libDaisy/src/per/adc.h **** 
  87:../DaisyExamples/libDaisy/src/per/adc.h **** /**
  88:../DaisyExamples/libDaisy/src/per/adc.h ****    @brief Handler for analog to digital conversion
  89:../DaisyExamples/libDaisy/src/per/adc.h **** */
  90:../DaisyExamples/libDaisy/src/per/adc.h **** class AdcHandle
  91:../DaisyExamples/libDaisy/src/per/adc.h **** {
  92:../DaisyExamples/libDaisy/src/per/adc.h ****   public:
  93:../DaisyExamples/libDaisy/src/per/adc.h ****     /** Supported oversampling amounts */
  94:../DaisyExamples/libDaisy/src/per/adc.h ****     enum OverSampling
  95:../DaisyExamples/libDaisy/src/per/adc.h ****     {
  96:../DaisyExamples/libDaisy/src/per/adc.h ****         OVS_NONE, /**< & */
  97:../DaisyExamples/libDaisy/src/per/adc.h ****         OVS_4,    /**< & */
  98:../DaisyExamples/libDaisy/src/per/adc.h ****         OVS_8,    /**< & */
  99:../DaisyExamples/libDaisy/src/per/adc.h ****         OVS_16,   /**< & */
 100:../DaisyExamples/libDaisy/src/per/adc.h ****         OVS_32,   /**< & */
 101:../DaisyExamples/libDaisy/src/per/adc.h ****         OVS_64,   /**< & */
 102:../DaisyExamples/libDaisy/src/per/adc.h ****         OVS_128,  /**< & */
 103:../DaisyExamples/libDaisy/src/per/adc.h ****         OVS_256,  /**< & */
 104:../DaisyExamples/libDaisy/src/per/adc.h ****         OVS_512,  /**< & */
 105:../DaisyExamples/libDaisy/src/per/adc.h ****         OVS_1024, /**< & */
 106:../DaisyExamples/libDaisy/src/per/adc.h ****         OVS_LAST, /**< & */
 107:../DaisyExamples/libDaisy/src/per/adc.h ****     };
 108:../DaisyExamples/libDaisy/src/per/adc.h **** 
 109:../DaisyExamples/libDaisy/src/per/adc.h ****     AdcHandle() {}
 110:../DaisyExamples/libDaisy/src/per/adc.h ****     ~AdcHandle() {}
 105              		.loc 6 110 5 is_stmt 1 view .LVU11
 106              		.loc 6 110 5 is_stmt 0 view .LVU12
 107              	.LBE346:
 108              	.LBB347:
 109              	.LBI347:
 110              		.file 7 "../DaisyExamples/libDaisy/src/hid/audio.h"
   1:../DaisyExamples/libDaisy/src/hid/audio.h **** #ifndef DSY_AUDIO_H
   2:../DaisyExamples/libDaisy/src/hid/audio.h **** #define DSY_AUDIO_H /**< & */
   3:../DaisyExamples/libDaisy/src/hid/audio.h **** 
   4:../DaisyExamples/libDaisy/src/hid/audio.h **** #include "per/sai.h"
   5:../DaisyExamples/libDaisy/src/hid/audio.h **** 
   6:../DaisyExamples/libDaisy/src/hid/audio.h **** namespace daisy
   7:../DaisyExamples/libDaisy/src/hid/audio.h **** {
   8:../DaisyExamples/libDaisy/src/hid/audio.h **** /** @brief Audio Engine Handle
   9:../DaisyExamples/libDaisy/src/hid/audio.h ****  *  @ingroup audio 
  10:../DaisyExamples/libDaisy/src/hid/audio.h ****  *  @details This class allows for higher level access to an audio engine.
  11:../DaisyExamples/libDaisy/src/hid/audio.h ****  *           If you're using a SOM like the DaisySeed or DaisyPatchSM (or any 
  12:../DaisyExamples/libDaisy/src/hid/audio.h ****  *            board that includes one of those objects) then the intialization
  13:../DaisyExamples/libDaisy/src/hid/audio.h ****  *            is already taken  care of.
  14:../DaisyExamples/libDaisy/src/hid/audio.h ****  *           If you're setting up your own custom hardware, or need to make changes
  15:../DaisyExamples/libDaisy/src/hid/audio.h ****  *           you will have to take the following steps:
  16:../DaisyExamples/libDaisy/src/hid/audio.h ****  *             1. Create and Initialize an SaiHandle or two depending on your requirements
  17:../DaisyExamples/libDaisy/src/hid/audio.h ****  *             2. Initialize the Audio Handle with the desired settings and the Initialized SaiHand
ARM GAS  C:\Users\22bur\AppData\Local\Temp\ccfIx2UX.s 			page 9


  18:../DaisyExamples/libDaisy/src/hid/audio.h ****  *             3. If the connected codec requires special configuration or initialization, do so
  19:../DaisyExamples/libDaisy/src/hid/audio.h ****  *             4. Write a callback method using either the AudioCallback or the InterleavingAudioCa
  20:../DaisyExamples/libDaisy/src/hid/audio.h ****  *             5. Start the Audio using one of the StartAudio function
  21:../DaisyExamples/libDaisy/src/hid/audio.h ****  */
  22:../DaisyExamples/libDaisy/src/hid/audio.h **** class AudioHandle
  23:../DaisyExamples/libDaisy/src/hid/audio.h **** {
  24:../DaisyExamples/libDaisy/src/hid/audio.h ****   public:
  25:../DaisyExamples/libDaisy/src/hid/audio.h ****     /** Manually configurable details about the Audio Engine */
  26:../DaisyExamples/libDaisy/src/hid/audio.h ****     /** TODO: Figure out how to get samplerate in here. */
  27:../DaisyExamples/libDaisy/src/hid/audio.h ****     struct Config
  28:../DaisyExamples/libDaisy/src/hid/audio.h ****     {
  29:../DaisyExamples/libDaisy/src/hid/audio.h ****         /** number of samples to process per callback */
  30:../DaisyExamples/libDaisy/src/hid/audio.h ****         size_t blocksize;
  31:../DaisyExamples/libDaisy/src/hid/audio.h **** 
  32:../DaisyExamples/libDaisy/src/hid/audio.h ****         /**< Sample rate of audio */
  33:../DaisyExamples/libDaisy/src/hid/audio.h ****         SaiHandle::Config::SampleRate samplerate;
  34:../DaisyExamples/libDaisy/src/hid/audio.h **** 
  35:../DaisyExamples/libDaisy/src/hid/audio.h ****         /** factor for adjustment before and after callback for hardware that may have extra headro
  36:../DaisyExamples/libDaisy/src/hid/audio.h ****         float postgain;
  37:../DaisyExamples/libDaisy/src/hid/audio.h **** 
  38:../DaisyExamples/libDaisy/src/hid/audio.h ****         /** factor for additional one-sided compensation to audio path for hardware that may
  39:../DaisyExamples/libDaisy/src/hid/audio.h ****          *  have unequal input/output ranges
  40:../DaisyExamples/libDaisy/src/hid/audio.h ****          */
  41:../DaisyExamples/libDaisy/src/hid/audio.h ****         float output_compensation;
  42:../DaisyExamples/libDaisy/src/hid/audio.h **** 
  43:../DaisyExamples/libDaisy/src/hid/audio.h ****         /** Sets default values for config struct */
  44:../DaisyExamples/libDaisy/src/hid/audio.h ****         Config()
  45:../DaisyExamples/libDaisy/src/hid/audio.h ****         : blocksize(48),
  46:../DaisyExamples/libDaisy/src/hid/audio.h ****           samplerate(SaiHandle::Config::SampleRate::SAI_48KHZ),
  47:../DaisyExamples/libDaisy/src/hid/audio.h ****           postgain(1.f),
  48:../DaisyExamples/libDaisy/src/hid/audio.h ****           output_compensation(1.f)
  49:../DaisyExamples/libDaisy/src/hid/audio.h ****         {
  50:../DaisyExamples/libDaisy/src/hid/audio.h ****         }
  51:../DaisyExamples/libDaisy/src/hid/audio.h ****     };
  52:../DaisyExamples/libDaisy/src/hid/audio.h **** 
  53:../DaisyExamples/libDaisy/src/hid/audio.h ****     enum class Result
  54:../DaisyExamples/libDaisy/src/hid/audio.h ****     {
  55:../DaisyExamples/libDaisy/src/hid/audio.h ****         OK,
  56:../DaisyExamples/libDaisy/src/hid/audio.h ****         ERR,
  57:../DaisyExamples/libDaisy/src/hid/audio.h ****     };
  58:../DaisyExamples/libDaisy/src/hid/audio.h **** 
  59:../DaisyExamples/libDaisy/src/hid/audio.h ****     /** Non-Interleaving input buffer
  60:../DaisyExamples/libDaisy/src/hid/audio.h ****      * Buffer arranged by float[chn][sample] 
  61:../DaisyExamples/libDaisy/src/hid/audio.h ****      * const so that the user can't modify the input
  62:../DaisyExamples/libDaisy/src/hid/audio.h ****      */
  63:../DaisyExamples/libDaisy/src/hid/audio.h ****     typedef const float* const* InputBuffer;
  64:../DaisyExamples/libDaisy/src/hid/audio.h **** 
  65:../DaisyExamples/libDaisy/src/hid/audio.h ****     /** Non-Interleaving output buffer
  66:../DaisyExamples/libDaisy/src/hid/audio.h ****      * Arranged by float[chn][sample] 
  67:../DaisyExamples/libDaisy/src/hid/audio.h ****      */
  68:../DaisyExamples/libDaisy/src/hid/audio.h ****     typedef float** OutputBuffer;
  69:../DaisyExamples/libDaisy/src/hid/audio.h **** 
  70:../DaisyExamples/libDaisy/src/hid/audio.h ****     /** Type for a Non-Interleaving audio callback 
  71:../DaisyExamples/libDaisy/src/hid/audio.h ****      * Non-Interleaving audio callbacks in daisy will be of this type
  72:../DaisyExamples/libDaisy/src/hid/audio.h ****      */
  73:../DaisyExamples/libDaisy/src/hid/audio.h ****     typedef void (*AudioCallback)(InputBuffer  in,
  74:../DaisyExamples/libDaisy/src/hid/audio.h ****                                   OutputBuffer out,
ARM GAS  C:\Users\22bur\AppData\Local\Temp\ccfIx2UX.s 			page 10


  75:../DaisyExamples/libDaisy/src/hid/audio.h ****                                   size_t       size);
  76:../DaisyExamples/libDaisy/src/hid/audio.h **** 
  77:../DaisyExamples/libDaisy/src/hid/audio.h ****     /** Interleaving Input buffer
  78:../DaisyExamples/libDaisy/src/hid/audio.h ****      ** audio is prepared as { L0, R0, L1, R1, . . . LN, RN }]
  79:../DaisyExamples/libDaisy/src/hid/audio.h ****      ** this is const, as the user shouldn't modify it
  80:../DaisyExamples/libDaisy/src/hid/audio.h ****     */
  81:../DaisyExamples/libDaisy/src/hid/audio.h ****     typedef const float* InterleavingInputBuffer;
  82:../DaisyExamples/libDaisy/src/hid/audio.h **** 
  83:../DaisyExamples/libDaisy/src/hid/audio.h ****     /** Interleaving Output buffer 
  84:../DaisyExamples/libDaisy/src/hid/audio.h ****      ** audio is prepared as { L0, R0, L1, R1, . . . LN, RN }
  85:../DaisyExamples/libDaisy/src/hid/audio.h ****     */
  86:../DaisyExamples/libDaisy/src/hid/audio.h ****     typedef float* InterleavingOutputBuffer;
  87:../DaisyExamples/libDaisy/src/hid/audio.h **** 
  88:../DaisyExamples/libDaisy/src/hid/audio.h ****     /** Interleaving Audio Callback 
  89:../DaisyExamples/libDaisy/src/hid/audio.h ****      * Interleaving audio callbacks in daisy must be of this type
  90:../DaisyExamples/libDaisy/src/hid/audio.h ****      */
  91:../DaisyExamples/libDaisy/src/hid/audio.h ****     typedef void (*InterleavingAudioCallback)(InterleavingInputBuffer  in,
  92:../DaisyExamples/libDaisy/src/hid/audio.h ****                                               InterleavingOutputBuffer out,
  93:../DaisyExamples/libDaisy/src/hid/audio.h ****                                               size_t                   size);
  94:../DaisyExamples/libDaisy/src/hid/audio.h **** 
  95:../DaisyExamples/libDaisy/src/hid/audio.h ****     AudioHandle() : pimpl_(nullptr) {}
  96:../DaisyExamples/libDaisy/src/hid/audio.h ****     ~AudioHandle() {}
 111              		.loc 7 96 5 is_stmt 1 view .LVU13
 112              		.loc 7 96 5 is_stmt 0 view .LVU14
 113              	.LBE347:
 114              		.loc 3 22 19 view .LVU15
 115 0000 7047     		bx	lr
 116              		.cfi_endproc
 117              	.LFE4676:
 119              		.weak	_ZN5daisy9DaisySeedD1Ev
 120              		.thumb_set _ZN5daisy9DaisySeedD1Ev,_ZN5daisy9DaisySeedD2Ev
 121 0002 00BF     		.section	.text._ZN9WavetableD2Ev,"axG",%progbits,_ZN9WavetableD5Ev,comdat
 122              		.align	1
 123              		.p2align 2,,3
 124              		.weak	_ZN9WavetableD2Ev
 125              		.syntax unified
 126              		.thumb
 127              		.thumb_func
 128              		.fpu fpv5-d16
 130              	_ZN9WavetableD2Ev:
 131              	.LVL3:
 132              	.LFB4724:
 133              		.file 8 "wavetable.h"
   1:wavetable.h   **** #pragma once
   2:wavetable.h   **** 
   3:wavetable.h   **** #include <stdint.h>
   4:wavetable.h   **** #include <array>
   5:wavetable.h   **** 
   6:wavetable.h   **** const float midi_to_freq[128] = {
   7:wavetable.h   ****     8.18, 8.66, 9.18, 9.72, 10.30, 10.91, 11.56, 12.25, 12.98, 13.75, 14.57, 15.43,
   8:wavetable.h   ****     16.35, 17.32, 18.35, 19.45, 20.60, 21.83, 23.12, 24.50, 25.96, 27.50, 29.14, 30.87,
   9:wavetable.h   ****     32.70, 34.65, 36.71, 38.89, 41.20, 43.65, 46.25, 49.00, 51.91, 55.00, 58.27, 61.74,
  10:wavetable.h   ****     65.41, 69.30, 73.42, 77.78, 82.41, 87.31, 92.50, 98.00, 103.83, 110.00, 116.54, 123.47,
  11:wavetable.h   ****     130.81, 138.59, 146.83, 155.56, 164.81, 174.61, 185.00, 196.00, 207.65, 220.00, 233.08, 246.94,
  12:wavetable.h   ****     261.63, 277.18, 293.66, 311.13, 329.63, 349.23, 369.99, 392.00, 415.30, 440.00, 466.16, 493.88,
  13:wavetable.h   ****     523.25, 554.37, 587.33, 622.25, 659.26, 698.46, 739.99, 783.99, 830.61, 880.00, 932.33, 987.77,
  14:wavetable.h   ****     1046.50, 1108.73, 1174.66, 1244.51, 1318.51, 1396.91, 1479.98, 1567.98, 1661.22, 1760.00, 1864.
ARM GAS  C:\Users\22bur\AppData\Local\Temp\ccfIx2UX.s 			page 11


  15:wavetable.h   ****     2093.00, 2217.46, 2349.32, 2489.02, 2637.02, 2793.83, 2959.96, 3135.96, 3322.44, 3520.00, 3729.
  16:wavetable.h   ****     4186.01, 4434.92, 4698.64, 4978.03, 5274.04, 5587.65, 5919.91, 6271.93, 6644.88, 7040.00, 7458.
  17:wavetable.h   ****     8372.02, 8869.84, 9397.27, 9956.06, 10548.08, 11175.30, 11839.82, 12543.85
  18:wavetable.h   **** };
  19:wavetable.h   **** 
  20:wavetable.h   **** 
  21:wavetable.h   **** /** Class for containing the data on a wavetable */
  22:wavetable.h   **** class Wavetable
  23:wavetable.h   **** {
  24:wavetable.h   ****   public:    
  25:wavetable.h   ****     Wavetable();
  26:wavetable.h   ****     Wavetable(float samp_freq, const std::array<std::array<float, 2048>, 8>& wavesin, int num_waves
  27:wavetable.h   ****     ~Wavetable() {}
 134              		.loc 8 27 5 is_stmt 1 view -0
 135              		.cfi_startproc
 136              		@ args = 0, pretend = 0, frame = 0
 137              		@ frame_needed = 0, uses_anonymous_args = 0
 138              		@ link register save eliminated.
 139              		.loc 8 27 19 is_stmt 0 view .LVU17
 140 0000 7047     		bx	lr
 141              		.cfi_endproc
 142              	.LFE4724:
 144              		.weak	_ZN9WavetableD1Ev
 145              		.thumb_set _ZN9WavetableD1Ev,_ZN9WavetableD2Ev
 146              		.section	.text._ZN5daisy4FIFOINS_9MidiEventELj128EED2Ev,"axG",%progbits,_ZN5daisy4FIFOINS_9MidiEve
 147              		.align	1
 148              		.p2align 2,,3
 149              		.weak	_ZN5daisy4FIFOINS_9MidiEventELj128EED2Ev
 150              		.syntax unified
 151              		.thumb
 152              		.thumb_func
 153              		.fpu fpv5-d16
 155              	_ZN5daisy4FIFOINS_9MidiEventELj128EED2Ev:
 156              	.LVL4:
 157              	.LFB5334:
 158              		.file 9 "../DaisyExamples/libDaisy/src/util/FIFO.h"
   1:../DaisyExamples/libDaisy/src/util/FIFO.h **** #pragma once
   2:../DaisyExamples/libDaisy/src/util/FIFO.h **** 
   3:../DaisyExamples/libDaisy/src/util/FIFO.h **** #include <stdint.h>
   4:../DaisyExamples/libDaisy/src/util/FIFO.h **** #include <stddef.h>
   5:../DaisyExamples/libDaisy/src/util/FIFO.h **** #include <initializer_list>
   6:../DaisyExamples/libDaisy/src/util/FIFO.h **** 
   7:../DaisyExamples/libDaisy/src/util/FIFO.h **** namespace daisy
   8:../DaisyExamples/libDaisy/src/util/FIFO.h **** {
   9:../DaisyExamples/libDaisy/src/util/FIFO.h **** /** Capacity-independent base class for FIFO. Use FIFO instead. */
  10:../DaisyExamples/libDaisy/src/util/FIFO.h **** template <typename T>
  11:../DaisyExamples/libDaisy/src/util/FIFO.h **** class FIFOBase
  12:../DaisyExamples/libDaisy/src/util/FIFO.h **** {
  13:../DaisyExamples/libDaisy/src/util/FIFO.h ****   protected:
  14:../DaisyExamples/libDaisy/src/util/FIFO.h ****     FIFOBase(T* buffer, size_t bufferSize)
  15:../DaisyExamples/libDaisy/src/util/FIFO.h ****     : buffer_(buffer), bufferSize_(bufferSize), bufferIn_(0), bufferOut_(0)
  16:../DaisyExamples/libDaisy/src/util/FIFO.h ****     {
  17:../DaisyExamples/libDaisy/src/util/FIFO.h ****     }
  18:../DaisyExamples/libDaisy/src/util/FIFO.h **** 
  19:../DaisyExamples/libDaisy/src/util/FIFO.h ****     FIFOBase(T* buffer, size_t bufferSize, std::initializer_list<T> valuesToAdd)
  20:../DaisyExamples/libDaisy/src/util/FIFO.h ****     : buffer_(buffer), bufferSize_(bufferSize), bufferIn_(0), bufferOut_(0)
  21:../DaisyExamples/libDaisy/src/util/FIFO.h ****     {
ARM GAS  C:\Users\22bur\AppData\Local\Temp\ccfIx2UX.s 			page 12


  22:../DaisyExamples/libDaisy/src/util/FIFO.h ****         PushBack(valuesToAdd);
  23:../DaisyExamples/libDaisy/src/util/FIFO.h ****     }
  24:../DaisyExamples/libDaisy/src/util/FIFO.h **** 
  25:../DaisyExamples/libDaisy/src/util/FIFO.h ****   public:
  26:../DaisyExamples/libDaisy/src/util/FIFO.h ****     /** Copies all elements from another FIFO */
  27:../DaisyExamples/libDaisy/src/util/FIFO.h ****     FIFOBase<T>& operator=(const FIFOBase<T>& other)
  28:../DaisyExamples/libDaisy/src/util/FIFO.h ****     {
  29:../DaisyExamples/libDaisy/src/util/FIFO.h ****         bufferIn_ = bufferOut_ = 0;
  30:../DaisyExamples/libDaisy/src/util/FIFO.h ****         if(!other.IsEmpty())
  31:../DaisyExamples/libDaisy/src/util/FIFO.h ****         {
  32:../DaisyExamples/libDaisy/src/util/FIFO.h ****             int readPtr = other.bufferOut_;
  33:../DaisyExamples/libDaisy/src/util/FIFO.h ****             while((readPtr != other.bufferIn_) && (bufferIn_ < bufferSize_))
  34:../DaisyExamples/libDaisy/src/util/FIFO.h ****             {
  35:../DaisyExamples/libDaisy/src/util/FIFO.h ****                 buffer_[bufferIn_++] = other.buffer_[readPtr++];
  36:../DaisyExamples/libDaisy/src/util/FIFO.h ****                 if(readPtr >= other.bufferSize_)
  37:../DaisyExamples/libDaisy/src/util/FIFO.h ****                     readPtr -= other.bufferSize_;
  38:../DaisyExamples/libDaisy/src/util/FIFO.h ****             }
  39:../DaisyExamples/libDaisy/src/util/FIFO.h ****         }
  40:../DaisyExamples/libDaisy/src/util/FIFO.h ****         return *this;
  41:../DaisyExamples/libDaisy/src/util/FIFO.h ****     }
  42:../DaisyExamples/libDaisy/src/util/FIFO.h ****     ~FIFOBase() {}
  43:../DaisyExamples/libDaisy/src/util/FIFO.h **** 
  44:../DaisyExamples/libDaisy/src/util/FIFO.h ****     /** Removes all elements from the FIFO */
  45:../DaisyExamples/libDaisy/src/util/FIFO.h ****     void Clear() { bufferIn_ = bufferOut_ = 0; }
  46:../DaisyExamples/libDaisy/src/util/FIFO.h **** 
  47:../DaisyExamples/libDaisy/src/util/FIFO.h ****     /** Adds an element to the back of the buffer, returning true on
  48:../DaisyExamples/libDaisy/src/util/FIFO.h ****         success */
  49:../DaisyExamples/libDaisy/src/util/FIFO.h ****     bool PushBack(const T& elementToAdd)
  50:../DaisyExamples/libDaisy/src/util/FIFO.h ****     {
  51:../DaisyExamples/libDaisy/src/util/FIFO.h ****         if(!IsFull())
  52:../DaisyExamples/libDaisy/src/util/FIFO.h ****         {
  53:../DaisyExamples/libDaisy/src/util/FIFO.h ****             buffer_[bufferIn_++] = elementToAdd;
  54:../DaisyExamples/libDaisy/src/util/FIFO.h ****             if(bufferIn_ >= bufferSize_)
  55:../DaisyExamples/libDaisy/src/util/FIFO.h ****                 bufferIn_ -= bufferSize_;
  56:../DaisyExamples/libDaisy/src/util/FIFO.h ****             return true;
  57:../DaisyExamples/libDaisy/src/util/FIFO.h ****         }
  58:../DaisyExamples/libDaisy/src/util/FIFO.h ****         return false;
  59:../DaisyExamples/libDaisy/src/util/FIFO.h ****     }
  60:../DaisyExamples/libDaisy/src/util/FIFO.h **** 
  61:../DaisyExamples/libDaisy/src/util/FIFO.h ****     /** Adds multiple elements and returns the number of elements that were added */
  62:../DaisyExamples/libDaisy/src/util/FIFO.h ****     int PushBack(std::initializer_list<T> valuesToAdd)
  63:../DaisyExamples/libDaisy/src/util/FIFO.h ****     {
  64:../DaisyExamples/libDaisy/src/util/FIFO.h ****         int numAdded = 0;
  65:../DaisyExamples/libDaisy/src/util/FIFO.h ****         for(const auto& v : valuesToAdd)
  66:../DaisyExamples/libDaisy/src/util/FIFO.h ****         {
  67:../DaisyExamples/libDaisy/src/util/FIFO.h ****             if(IsFull())
  68:../DaisyExamples/libDaisy/src/util/FIFO.h ****                 return numAdded;
  69:../DaisyExamples/libDaisy/src/util/FIFO.h **** 
  70:../DaisyExamples/libDaisy/src/util/FIFO.h ****             PushBack(v);
  71:../DaisyExamples/libDaisy/src/util/FIFO.h ****             numAdded++;
  72:../DaisyExamples/libDaisy/src/util/FIFO.h ****         }
  73:../DaisyExamples/libDaisy/src/util/FIFO.h ****         return numAdded;
  74:../DaisyExamples/libDaisy/src/util/FIFO.h ****     }
  75:../DaisyExamples/libDaisy/src/util/FIFO.h **** 
  76:../DaisyExamples/libDaisy/src/util/FIFO.h ****     /** returns a reference to the last element */
  77:../DaisyExamples/libDaisy/src/util/FIFO.h ****     T& Back()
  78:../DaisyExamples/libDaisy/src/util/FIFO.h ****     {
ARM GAS  C:\Users\22bur\AppData\Local\Temp\ccfIx2UX.s 			page 13


  79:../DaisyExamples/libDaisy/src/util/FIFO.h ****         if(IsEmpty())
  80:../DaisyExamples/libDaisy/src/util/FIFO.h ****             // invalid, but better not pass a temporary T() object as a reference...
  81:../DaisyExamples/libDaisy/src/util/FIFO.h ****             return buffer_[0];
  82:../DaisyExamples/libDaisy/src/util/FIFO.h ****         int idx = bufferIn_ - 1;
  83:../DaisyExamples/libDaisy/src/util/FIFO.h ****         if(idx < 0)
  84:../DaisyExamples/libDaisy/src/util/FIFO.h ****             idx += bufferSize_;
  85:../DaisyExamples/libDaisy/src/util/FIFO.h ****         return buffer_[idx];
  86:../DaisyExamples/libDaisy/src/util/FIFO.h ****     }
  87:../DaisyExamples/libDaisy/src/util/FIFO.h **** 
  88:../DaisyExamples/libDaisy/src/util/FIFO.h ****     /** returns a reference to the last element */
  89:../DaisyExamples/libDaisy/src/util/FIFO.h ****     const T& Back() const
  90:../DaisyExamples/libDaisy/src/util/FIFO.h ****     {
  91:../DaisyExamples/libDaisy/src/util/FIFO.h ****         if(IsEmpty())
  92:../DaisyExamples/libDaisy/src/util/FIFO.h ****             // invalid, but better not pass a temporary T() object as a reference...
  93:../DaisyExamples/libDaisy/src/util/FIFO.h ****             return buffer_[0];
  94:../DaisyExamples/libDaisy/src/util/FIFO.h ****         int idx = bufferIn_ - 1;
  95:../DaisyExamples/libDaisy/src/util/FIFO.h ****         if(idx < 0)
  96:../DaisyExamples/libDaisy/src/util/FIFO.h ****             idx += bufferSize_;
  97:../DaisyExamples/libDaisy/src/util/FIFO.h ****         return buffer_[idx];
  98:../DaisyExamples/libDaisy/src/util/FIFO.h ****     }
  99:../DaisyExamples/libDaisy/src/util/FIFO.h **** 
 100:../DaisyExamples/libDaisy/src/util/FIFO.h ****     /** removes and returns an element from the front of the buffer */
 101:../DaisyExamples/libDaisy/src/util/FIFO.h ****     T PopFront()
 102:../DaisyExamples/libDaisy/src/util/FIFO.h ****     {
 103:../DaisyExamples/libDaisy/src/util/FIFO.h ****         if(IsEmpty())
 104:../DaisyExamples/libDaisy/src/util/FIFO.h ****             return T();
 105:../DaisyExamples/libDaisy/src/util/FIFO.h ****         else
 106:../DaisyExamples/libDaisy/src/util/FIFO.h ****         {
 107:../DaisyExamples/libDaisy/src/util/FIFO.h ****             const auto result = buffer_[bufferOut_];
 108:../DaisyExamples/libDaisy/src/util/FIFO.h ****             bufferOut_++;
 109:../DaisyExamples/libDaisy/src/util/FIFO.h ****             if(bufferOut_ >= bufferSize_)
 110:../DaisyExamples/libDaisy/src/util/FIFO.h ****                 bufferOut_ -= bufferSize_;
 111:../DaisyExamples/libDaisy/src/util/FIFO.h ****             return result;
 112:../DaisyExamples/libDaisy/src/util/FIFO.h ****         }
 113:../DaisyExamples/libDaisy/src/util/FIFO.h ****     }
 114:../DaisyExamples/libDaisy/src/util/FIFO.h **** 
 115:../DaisyExamples/libDaisy/src/util/FIFO.h ****     /** returns a copy of the first element */
 116:../DaisyExamples/libDaisy/src/util/FIFO.h ****     T& Front()
 117:../DaisyExamples/libDaisy/src/util/FIFO.h ****     {
 118:../DaisyExamples/libDaisy/src/util/FIFO.h ****         if(IsEmpty())
 119:../DaisyExamples/libDaisy/src/util/FIFO.h ****             // invalid, but better not pass a temporary T() object as a reference...
 120:../DaisyExamples/libDaisy/src/util/FIFO.h ****             return buffer_[0];
 121:../DaisyExamples/libDaisy/src/util/FIFO.h ****         return buffer_[bufferOut_];
 122:../DaisyExamples/libDaisy/src/util/FIFO.h ****     }
 123:../DaisyExamples/libDaisy/src/util/FIFO.h **** 
 124:../DaisyExamples/libDaisy/src/util/FIFO.h ****     /** returns a reference to the first element */
 125:../DaisyExamples/libDaisy/src/util/FIFO.h ****     const T& Front() const
 126:../DaisyExamples/libDaisy/src/util/FIFO.h ****     {
 127:../DaisyExamples/libDaisy/src/util/FIFO.h ****         if(IsEmpty())
 128:../DaisyExamples/libDaisy/src/util/FIFO.h ****             // invalid, but better not pass a temporary T() object as a reference...
 129:../DaisyExamples/libDaisy/src/util/FIFO.h ****             return buffer_[0];
 130:../DaisyExamples/libDaisy/src/util/FIFO.h ****         return buffer_[bufferOut_];
 131:../DaisyExamples/libDaisy/src/util/FIFO.h ****     }
 132:../DaisyExamples/libDaisy/src/util/FIFO.h **** 
 133:../DaisyExamples/libDaisy/src/util/FIFO.h ****     /** Returns true if the buffer contains an element equal to the provided value */
 134:../DaisyExamples/libDaisy/src/util/FIFO.h ****     bool Contains(const T& element)
 135:../DaisyExamples/libDaisy/src/util/FIFO.h ****     {
ARM GAS  C:\Users\22bur\AppData\Local\Temp\ccfIx2UX.s 			page 14


 136:../DaisyExamples/libDaisy/src/util/FIFO.h ****         auto idx = bufferOut_;
 137:../DaisyExamples/libDaisy/src/util/FIFO.h ****         while(idx != bufferIn_)
 138:../DaisyExamples/libDaisy/src/util/FIFO.h ****         {
 139:../DaisyExamples/libDaisy/src/util/FIFO.h ****             if(buffer_[idx] == element)
 140:../DaisyExamples/libDaisy/src/util/FIFO.h ****                 return true;
 141:../DaisyExamples/libDaisy/src/util/FIFO.h ****             idx++;
 142:../DaisyExamples/libDaisy/src/util/FIFO.h ****             if(idx >= bufferSize_)
 143:../DaisyExamples/libDaisy/src/util/FIFO.h ****                 idx -= bufferSize_;
 144:../DaisyExamples/libDaisy/src/util/FIFO.h ****         }
 145:../DaisyExamples/libDaisy/src/util/FIFO.h ****         return false;
 146:../DaisyExamples/libDaisy/src/util/FIFO.h ****     }
 147:../DaisyExamples/libDaisy/src/util/FIFO.h **** 
 148:../DaisyExamples/libDaisy/src/util/FIFO.h ****     /** Returns the number of elements in the buffer that are equal to the provided value */
 149:../DaisyExamples/libDaisy/src/util/FIFO.h ****     size_t CountEqualTo(const T& element)
 150:../DaisyExamples/libDaisy/src/util/FIFO.h ****     {
 151:../DaisyExamples/libDaisy/src/util/FIFO.h ****         size_t result = 0;
 152:../DaisyExamples/libDaisy/src/util/FIFO.h ****         size_t idx    = bufferOut_;
 153:../DaisyExamples/libDaisy/src/util/FIFO.h ****         while(idx != bufferIn_)
 154:../DaisyExamples/libDaisy/src/util/FIFO.h ****         {
 155:../DaisyExamples/libDaisy/src/util/FIFO.h ****             if(buffer_[idx] == element)
 156:../DaisyExamples/libDaisy/src/util/FIFO.h ****                 result++;
 157:../DaisyExamples/libDaisy/src/util/FIFO.h ****             idx++;
 158:../DaisyExamples/libDaisy/src/util/FIFO.h ****             if(idx >= bufferSize_)
 159:../DaisyExamples/libDaisy/src/util/FIFO.h ****                 idx -= bufferSize_;
 160:../DaisyExamples/libDaisy/src/util/FIFO.h ****         }
 161:../DaisyExamples/libDaisy/src/util/FIFO.h ****         return result;
 162:../DaisyExamples/libDaisy/src/util/FIFO.h ****     }
 163:../DaisyExamples/libDaisy/src/util/FIFO.h **** 
 164:../DaisyExamples/libDaisy/src/util/FIFO.h ****     /** returns true, if the buffer is empty */
 165:../DaisyExamples/libDaisy/src/util/FIFO.h ****     bool IsEmpty() const { return bufferIn_ == bufferOut_; }
 166:../DaisyExamples/libDaisy/src/util/FIFO.h **** 
 167:../DaisyExamples/libDaisy/src/util/FIFO.h ****     /** returns true, if the buffer is Full */
 168:../DaisyExamples/libDaisy/src/util/FIFO.h ****     bool IsFull() const { return GetNumElements() == bufferSize_ - 1; }
 169:../DaisyExamples/libDaisy/src/util/FIFO.h **** 
 170:../DaisyExamples/libDaisy/src/util/FIFO.h ****     /** returns the number of elements in the buffer */
 171:../DaisyExamples/libDaisy/src/util/FIFO.h ****     size_t GetNumElements() const
 172:../DaisyExamples/libDaisy/src/util/FIFO.h ****     {
 173:../DaisyExamples/libDaisy/src/util/FIFO.h ****         int32_t numElements = bufferIn_ - bufferOut_;
 174:../DaisyExamples/libDaisy/src/util/FIFO.h ****         if(numElements < 0)
 175:../DaisyExamples/libDaisy/src/util/FIFO.h ****             numElements += bufferSize_;
 176:../DaisyExamples/libDaisy/src/util/FIFO.h ****         return size_t(numElements);
 177:../DaisyExamples/libDaisy/src/util/FIFO.h ****     }
 178:../DaisyExamples/libDaisy/src/util/FIFO.h **** 
 179:../DaisyExamples/libDaisy/src/util/FIFO.h ****     /** inserts an element "idx" positions behind the first element and returns true if successful 
 180:../DaisyExamples/libDaisy/src/util/FIFO.h ****     bool Insert(size_t idx, const T& element)
 181:../DaisyExamples/libDaisy/src/util/FIFO.h ****     {
 182:../DaisyExamples/libDaisy/src/util/FIFO.h ****         if(idx > GetNumElements())
 183:../DaisyExamples/libDaisy/src/util/FIFO.h ****             return false;
 184:../DaisyExamples/libDaisy/src/util/FIFO.h ****         if(IsFull())
 185:../DaisyExamples/libDaisy/src/util/FIFO.h ****             return false;
 186:../DaisyExamples/libDaisy/src/util/FIFO.h ****         if(idx == GetNumElements())
 187:../DaisyExamples/libDaisy/src/util/FIFO.h ****         {
 188:../DaisyExamples/libDaisy/src/util/FIFO.h ****             PushBack(element);
 189:../DaisyExamples/libDaisy/src/util/FIFO.h ****             return true;
 190:../DaisyExamples/libDaisy/src/util/FIFO.h ****         }
 191:../DaisyExamples/libDaisy/src/util/FIFO.h ****         // copy last element
 192:../DaisyExamples/libDaisy/src/util/FIFO.h ****         PushBack(Back());
ARM GAS  C:\Users\22bur\AppData\Local\Temp\ccfIx2UX.s 			page 15


 193:../DaisyExamples/libDaisy/src/util/FIFO.h ****         // move remaining elements: n => n+1
 194:../DaisyExamples/libDaisy/src/util/FIFO.h ****         for(int i = GetNumElements() - 2; i > int(idx); i--)
 195:../DaisyExamples/libDaisy/src/util/FIFO.h ****             (*this)[i] = (*this)[i - 1];
 196:../DaisyExamples/libDaisy/src/util/FIFO.h ****         // insert element
 197:../DaisyExamples/libDaisy/src/util/FIFO.h ****         (*this)[idx] = element;
 198:../DaisyExamples/libDaisy/src/util/FIFO.h ****         return true;
 199:../DaisyExamples/libDaisy/src/util/FIFO.h ****     }
 200:../DaisyExamples/libDaisy/src/util/FIFO.h **** 
 201:../DaisyExamples/libDaisy/src/util/FIFO.h ****     /** removes the element "idx" positions behind the first element 
 202:../DaisyExamples/libDaisy/src/util/FIFO.h ****      *  and returns true if successful */
 203:../DaisyExamples/libDaisy/src/util/FIFO.h ****     bool Remove(size_t idx)
 204:../DaisyExamples/libDaisy/src/util/FIFO.h ****     {
 205:../DaisyExamples/libDaisy/src/util/FIFO.h ****         if(idx >= GetNumElements())
 206:../DaisyExamples/libDaisy/src/util/FIFO.h ****             return false;
 207:../DaisyExamples/libDaisy/src/util/FIFO.h **** 
 208:../DaisyExamples/libDaisy/src/util/FIFO.h ****         size_t index = bufferOut_ + idx;
 209:../DaisyExamples/libDaisy/src/util/FIFO.h ****         if(index >= bufferSize_)
 210:../DaisyExamples/libDaisy/src/util/FIFO.h ****             index -= bufferSize_;
 211:../DaisyExamples/libDaisy/src/util/FIFO.h ****         size_t nextIndex = index + 1;
 212:../DaisyExamples/libDaisy/src/util/FIFO.h ****         if(nextIndex >= bufferSize_)
 213:../DaisyExamples/libDaisy/src/util/FIFO.h ****             nextIndex -= bufferSize_;
 214:../DaisyExamples/libDaisy/src/util/FIFO.h **** 
 215:../DaisyExamples/libDaisy/src/util/FIFO.h ****         while(nextIndex != bufferIn_)
 216:../DaisyExamples/libDaisy/src/util/FIFO.h ****         {
 217:../DaisyExamples/libDaisy/src/util/FIFO.h ****             buffer_[index] = buffer_[nextIndex];
 218:../DaisyExamples/libDaisy/src/util/FIFO.h ****             index++;
 219:../DaisyExamples/libDaisy/src/util/FIFO.h ****             nextIndex++;
 220:../DaisyExamples/libDaisy/src/util/FIFO.h ****             if(index >= bufferSize_)
 221:../DaisyExamples/libDaisy/src/util/FIFO.h ****                 index -= bufferSize_;
 222:../DaisyExamples/libDaisy/src/util/FIFO.h ****             if(nextIndex >= bufferSize_)
 223:../DaisyExamples/libDaisy/src/util/FIFO.h ****                 nextIndex -= bufferSize_;
 224:../DaisyExamples/libDaisy/src/util/FIFO.h ****         }
 225:../DaisyExamples/libDaisy/src/util/FIFO.h **** 
 226:../DaisyExamples/libDaisy/src/util/FIFO.h ****         int32_t nextBufferIn = int32_t(bufferIn_) - 1;
 227:../DaisyExamples/libDaisy/src/util/FIFO.h ****         if(nextBufferIn < 0)
 228:../DaisyExamples/libDaisy/src/util/FIFO.h ****             nextBufferIn += bufferSize_;
 229:../DaisyExamples/libDaisy/src/util/FIFO.h ****         bufferIn_ = size_t(nextBufferIn);
 230:../DaisyExamples/libDaisy/src/util/FIFO.h **** 
 231:../DaisyExamples/libDaisy/src/util/FIFO.h ****         return true;
 232:../DaisyExamples/libDaisy/src/util/FIFO.h ****     }
 233:../DaisyExamples/libDaisy/src/util/FIFO.h **** 
 234:../DaisyExamples/libDaisy/src/util/FIFO.h ****     /** removes all elements from the buffer for which
 235:../DaisyExamples/libDaisy/src/util/FIFO.h ****         (buffer(index) == element) returns true and returns the number of
 236:../DaisyExamples/libDaisy/src/util/FIFO.h ****         elements that were removed. */
 237:../DaisyExamples/libDaisy/src/util/FIFO.h ****     size_t RemoveAllEqualTo(const T& element)
 238:../DaisyExamples/libDaisy/src/util/FIFO.h ****     {
 239:../DaisyExamples/libDaisy/src/util/FIFO.h ****         size_t numRemoved = 0;
 240:../DaisyExamples/libDaisy/src/util/FIFO.h ****         int    idx        = GetNumElements() - 1;
 241:../DaisyExamples/libDaisy/src/util/FIFO.h ****         while(idx >= 0)
 242:../DaisyExamples/libDaisy/src/util/FIFO.h ****         {
 243:../DaisyExamples/libDaisy/src/util/FIFO.h ****             if((*this)[idx] == element)
 244:../DaisyExamples/libDaisy/src/util/FIFO.h ****             {
 245:../DaisyExamples/libDaisy/src/util/FIFO.h ****                 numRemoved++;
 246:../DaisyExamples/libDaisy/src/util/FIFO.h ****                 Remove(idx);
 247:../DaisyExamples/libDaisy/src/util/FIFO.h ****                 // was that the last element?
 248:../DaisyExamples/libDaisy/src/util/FIFO.h ****                 if(idx == int(GetNumElements()) - 1)
 249:../DaisyExamples/libDaisy/src/util/FIFO.h ****                     idx--;
ARM GAS  C:\Users\22bur\AppData\Local\Temp\ccfIx2UX.s 			page 16


 250:../DaisyExamples/libDaisy/src/util/FIFO.h ****             }
 251:../DaisyExamples/libDaisy/src/util/FIFO.h ****             else
 252:../DaisyExamples/libDaisy/src/util/FIFO.h ****                 idx--;
 253:../DaisyExamples/libDaisy/src/util/FIFO.h ****         }
 254:../DaisyExamples/libDaisy/src/util/FIFO.h ****         return numRemoved;
 255:../DaisyExamples/libDaisy/src/util/FIFO.h ****     }
 256:../DaisyExamples/libDaisy/src/util/FIFO.h **** 
 257:../DaisyExamples/libDaisy/src/util/FIFO.h ****     /** returns the element "idx" positions behind the first element */
 258:../DaisyExamples/libDaisy/src/util/FIFO.h ****     T& operator[](size_t idx)
 259:../DaisyExamples/libDaisy/src/util/FIFO.h ****     {
 260:../DaisyExamples/libDaisy/src/util/FIFO.h ****         if(idx >= GetNumElements())
 261:../DaisyExamples/libDaisy/src/util/FIFO.h ****             // invalid, but better not pass a temporary T() object as a reference...
 262:../DaisyExamples/libDaisy/src/util/FIFO.h ****             return buffer_[0];
 263:../DaisyExamples/libDaisy/src/util/FIFO.h **** 
 264:../DaisyExamples/libDaisy/src/util/FIFO.h ****         size_t index = bufferOut_ + idx;
 265:../DaisyExamples/libDaisy/src/util/FIFO.h ****         if(index >= bufferSize_)
 266:../DaisyExamples/libDaisy/src/util/FIFO.h ****             index -= bufferSize_;
 267:../DaisyExamples/libDaisy/src/util/FIFO.h ****         return buffer_[index];
 268:../DaisyExamples/libDaisy/src/util/FIFO.h ****     }
 269:../DaisyExamples/libDaisy/src/util/FIFO.h **** 
 270:../DaisyExamples/libDaisy/src/util/FIFO.h ****     /** returns the element "idx" positions behind the first element */
 271:../DaisyExamples/libDaisy/src/util/FIFO.h ****     const T& operator[](size_t idx) const
 272:../DaisyExamples/libDaisy/src/util/FIFO.h ****     {
 273:../DaisyExamples/libDaisy/src/util/FIFO.h ****         if(idx >= GetNumElements())
 274:../DaisyExamples/libDaisy/src/util/FIFO.h ****             // invalid, but better not pass a temporary T() object as a reference...
 275:../DaisyExamples/libDaisy/src/util/FIFO.h ****             return buffer_[0];
 276:../DaisyExamples/libDaisy/src/util/FIFO.h **** 
 277:../DaisyExamples/libDaisy/src/util/FIFO.h ****         size_t index = bufferOut_ + idx;
 278:../DaisyExamples/libDaisy/src/util/FIFO.h ****         if(index >= bufferSize_)
 279:../DaisyExamples/libDaisy/src/util/FIFO.h ****             index -= bufferSize_;
 280:../DaisyExamples/libDaisy/src/util/FIFO.h ****         return buffer_[index];
 281:../DaisyExamples/libDaisy/src/util/FIFO.h ****     }
 282:../DaisyExamples/libDaisy/src/util/FIFO.h **** 
 283:../DaisyExamples/libDaisy/src/util/FIFO.h ****     /** returns the total capacity */
 284:../DaisyExamples/libDaisy/src/util/FIFO.h ****     size_t GetCapacity() const { return bufferSize_ - 1; }
 285:../DaisyExamples/libDaisy/src/util/FIFO.h **** 
 286:../DaisyExamples/libDaisy/src/util/FIFO.h ****   private:
 287:../DaisyExamples/libDaisy/src/util/FIFO.h ****     FIFOBase(const FIFOBase<T>&) {} // non copyable
 288:../DaisyExamples/libDaisy/src/util/FIFO.h **** 
 289:../DaisyExamples/libDaisy/src/util/FIFO.h ****   private:
 290:../DaisyExamples/libDaisy/src/util/FIFO.h ****     T*           buffer_;
 291:../DaisyExamples/libDaisy/src/util/FIFO.h ****     const size_t bufferSize_;
 292:../DaisyExamples/libDaisy/src/util/FIFO.h ****     size_t       bufferIn_;
 293:../DaisyExamples/libDaisy/src/util/FIFO.h ****     size_t       bufferOut_;
 294:../DaisyExamples/libDaisy/src/util/FIFO.h **** };
 295:../DaisyExamples/libDaisy/src/util/FIFO.h **** 
 296:../DaisyExamples/libDaisy/src/util/FIFO.h **** /** A simple FIFO ring buffer with a fixed size. */
 297:../DaisyExamples/libDaisy/src/util/FIFO.h **** template <typename T, size_t capacity>
 298:../DaisyExamples/libDaisy/src/util/FIFO.h **** class FIFO : public FIFOBase<T>
 159              		.loc 9 298 7 is_stmt 1 view -0
 160              		.cfi_startproc
 161              		@ args = 0, pretend = 0, frame = 0
 162              		@ frame_needed = 0, uses_anonymous_args = 0
 163              		@ link register save eliminated.
 164              	.LBB348:
 165              	.LBI348:
  42:../DaisyExamples/libDaisy/src/util/FIFO.h **** 
ARM GAS  C:\Users\22bur\AppData\Local\Temp\ccfIx2UX.s 			page 17


 166              		.loc 9 42 5 view .LVU19
  42:../DaisyExamples/libDaisy/src/util/FIFO.h **** 
 167              		.loc 9 42 5 is_stmt 0 view .LVU20
 168              	.LBE348:
 169              		.loc 9 298 7 view .LVU21
 170 0000 7047     		bx	lr
 171              		.cfi_endproc
 172              	.LFE5334:
 174              		.weak	_ZN5daisy4FIFOINS_9MidiEventELj128EED1Ev
 175              		.thumb_set _ZN5daisy4FIFOINS_9MidiEventELj128EED1Ev,_ZN5daisy4FIFOINS_9MidiEventELj128EED2Ev
 176 0002 00BF     		.section	.text.__tcf_0,"ax",%progbits
 177              		.align	1
 178              		.p2align 2,,3
 179              		.syntax unified
 180              		.thumb
 181              		.thumb_func
 182              		.fpu fpv5-d16
 184              	__tcf_0:
 185              	.LFB5336:
 186              		.file 10 "main.cpp"
   1:main.cpp      **** #include "daisysp.h"
   2:main.cpp      **** #include "daisy_seed.h"
   3:main.cpp      **** #include "wavetable.h"
   4:main.cpp      **** #include <array>
   5:main.cpp      **** 
   6:main.cpp      **** using namespace daisysp;
   7:main.cpp      **** using namespace daisy;
   8:main.cpp      **** using namespace daisy::seed;
   9:main.cpp      **** 
  10:main.cpp      **** enum AdcChannel {
  11:main.cpp      ****    VOLUME   = 0,
  12:main.cpp      ****    WT_INDEX = 1,
  13:main.cpp      ****    ATTACK   = 2,
  14:main.cpp      ****    DECAY    = 3,
  15:main.cpp      ****    SUSTAIN  = 4,
  16:main.cpp      ****    RELEASE  = 5
  17:main.cpp      **** };
  18:main.cpp      **** 
  19:main.cpp      **** constexpr float PI = 3.14159265358979323846f;
  20:main.cpp      **** 
  21:main.cpp      **** // Hardware Definitions
  22:main.cpp      **** static DaisySeed    hw;
  23:main.cpp      **** UartHandler         uart;
  24:main.cpp      **** Encoder             menu_encoder;
  25:main.cpp      **** Encoder             one_encoder;
  26:main.cpp      **** Encoder             two_encoder;
  27:main.cpp      **** Encoder             three_encoder;
  28:main.cpp      **** Switch              forward_button;
  29:main.cpp      **** Switch              backward_button;
  30:main.cpp      **** MidiUartHandler     midi;
  31:main.cpp      **** 
  32:main.cpp      **** // Buffers
  33:main.cpp      **** uint8_t DMA_BUFFER_MEM_SECTION tx_buffer[64];   // Arduino
  34:main.cpp      **** FIFO<MidiEvent, 128> event_log;                 // Midi messages
  35:main.cpp      **** char outstr[128];                               // debugging
  36:main.cpp      **** 
  37:main.cpp      **** // Wavetables (add static WT definitions below, very long arrays, or maybe just put them in another
ARM GAS  C:\Users\22bur\AppData\Local\Temp\ccfIx2UX.s 			page 18


  38:main.cpp      **** Wavetable wt;
  39:main.cpp      **** 
  40:main.cpp      **** // ADC inputs
  41:main.cpp      **** volatile float volume = 0.0f;      // Volume knob/pot
  42:main.cpp      **** volatile float wt_index = 0.0f;    // wavetable index knob/pot
  43:main.cpp      **** volatile float attack = 0.0;       // ADSR values
  44:main.cpp      **** volatile float decay = 0.0f;       // wavetable index knob/pot
  45:main.cpp      **** volatile float sustain = 0.0f;     // wavetable index knob/pot
  46:main.cpp      **** volatile float release = 0.0f;     // wavetable index knob/pot
  47:main.cpp      **** 
  48:main.cpp      **** // Encoders
  49:main.cpp      **** volatile int   menu_counter = 0;
  50:main.cpp      **** volatile int   one_counter = 0;
  51:main.cpp      **** volatile int   two_counter = 0;
  52:main.cpp      **** volatile int   three_counter = 0;
  53:main.cpp      **** 
  54:main.cpp      **** // ADSR Variables
  55:main.cpp      **** Adsr adsr[8];
 187              		.loc 10 55 6 is_stmt 1 view -0
 188              		.cfi_startproc
 189              		@ args = 0, pretend = 0, frame = 0
 190              		@ frame_needed = 0, uses_anonymous_args = 0
 191              		@ link register save eliminated.
 192              		.loc 10 55 6 is_stmt 0 view .LVU23
 193 0000 7047     		bx	lr
 194              		.cfi_endproc
 195              	.LFE5336:
 197 0002 00BF     		.section	.text._ZN5daisy11MidiHandlerINS_17MidiUartTransportEED2Ev,"axG",%progbits,_ZN5daisy11Midi
 198              		.align	1
 199              		.p2align 2,,3
 200              		.weak	_ZN5daisy11MidiHandlerINS_17MidiUartTransportEED2Ev
 201              		.syntax unified
 202              		.thumb
 203              		.thumb_func
 204              		.fpu fpv5-d16
 206              	_ZN5daisy11MidiHandlerINS_17MidiUartTransportEED2Ev:
 207              	.LVL5:
 208              	.LFB5338:
 209              		.file 11 "../DaisyExamples/libDaisy/src/hid/midi.h"
   1:../DaisyExamples/libDaisy/src/hid/midi.h **** #pragma once
   2:../DaisyExamples/libDaisy/src/hid/midi.h **** #ifndef DSY_MIDI_H
   3:../DaisyExamples/libDaisy/src/hid/midi.h **** #define DSY_MIDI_H
   4:../DaisyExamples/libDaisy/src/hid/midi.h **** 
   5:../DaisyExamples/libDaisy/src/hid/midi.h **** #include <stdint.h>
   6:../DaisyExamples/libDaisy/src/hid/midi.h **** #include <stdlib.h>
   7:../DaisyExamples/libDaisy/src/hid/midi.h **** #include <algorithm>
   8:../DaisyExamples/libDaisy/src/hid/midi.h **** #include "per/uart.h"
   9:../DaisyExamples/libDaisy/src/hid/midi.h **** #include "util/ringbuffer.h"
  10:../DaisyExamples/libDaisy/src/hid/midi.h **** #include "util/FIFO.h"
  11:../DaisyExamples/libDaisy/src/hid/midi.h **** #include "hid/midi_parser.h"
  12:../DaisyExamples/libDaisy/src/hid/midi.h **** #include "hid/usb_midi.h"
  13:../DaisyExamples/libDaisy/src/hid/midi.h **** #include "sys/dma.h"
  14:../DaisyExamples/libDaisy/src/hid/midi.h **** #include "sys/system.h"
  15:../DaisyExamples/libDaisy/src/hid/midi.h **** 
  16:../DaisyExamples/libDaisy/src/hid/midi.h **** namespace daisy
  17:../DaisyExamples/libDaisy/src/hid/midi.h **** {
  18:../DaisyExamples/libDaisy/src/hid/midi.h **** /** @brief   Transport layer for sending and receiving MIDI data over UART
ARM GAS  C:\Users\22bur\AppData\Local\Temp\ccfIx2UX.s 			page 19


  19:../DaisyExamples/libDaisy/src/hid/midi.h ****  *  @details This is the mode of communication used for TRS and DIN MIDI
  20:../DaisyExamples/libDaisy/src/hid/midi.h ****  *           There is an additional 2kB of RAM data used within this class
  21:../DaisyExamples/libDaisy/src/hid/midi.h ****  *           for processing bulk data from the UART peripheral
  22:../DaisyExamples/libDaisy/src/hid/midi.h ****  *  @ingroup midi
  23:../DaisyExamples/libDaisy/src/hid/midi.h **** */
  24:../DaisyExamples/libDaisy/src/hid/midi.h **** class MidiUartTransport
  25:../DaisyExamples/libDaisy/src/hid/midi.h **** {
  26:../DaisyExamples/libDaisy/src/hid/midi.h ****   public:
  27:../DaisyExamples/libDaisy/src/hid/midi.h ****     typedef void (*MidiRxParseCallback)(uint8_t* data,
  28:../DaisyExamples/libDaisy/src/hid/midi.h ****                                         size_t   size,
  29:../DaisyExamples/libDaisy/src/hid/midi.h ****                                         void*    context);
  30:../DaisyExamples/libDaisy/src/hid/midi.h **** 
  31:../DaisyExamples/libDaisy/src/hid/midi.h ****     MidiUartTransport() {}
  32:../DaisyExamples/libDaisy/src/hid/midi.h ****     ~MidiUartTransport() {}
  33:../DaisyExamples/libDaisy/src/hid/midi.h **** 
  34:../DaisyExamples/libDaisy/src/hid/midi.h ****     /** @brief Configuration structure for UART MIDI */
  35:../DaisyExamples/libDaisy/src/hid/midi.h ****     struct Config
  36:../DaisyExamples/libDaisy/src/hid/midi.h ****     {
  37:../DaisyExamples/libDaisy/src/hid/midi.h ****         UartHandler::Config::Peripheral periph;
  38:../DaisyExamples/libDaisy/src/hid/midi.h ****         dsy_gpio_pin                    rx;
  39:../DaisyExamples/libDaisy/src/hid/midi.h ****         dsy_gpio_pin                    tx;
  40:../DaisyExamples/libDaisy/src/hid/midi.h **** 
  41:../DaisyExamples/libDaisy/src/hid/midi.h ****         /** Pointer to buffer for DMA UART rx byte transfer in background.
  42:../DaisyExamples/libDaisy/src/hid/midi.h ****          *
  43:../DaisyExamples/libDaisy/src/hid/midi.h ****          *  @details By default this uses a shared buffer in DMA_BUFFER_MEM_SECTION,
  44:../DaisyExamples/libDaisy/src/hid/midi.h ****          *           which can only be utilized for a single UART peripheral. To
  45:../DaisyExamples/libDaisy/src/hid/midi.h ****          *           use MIDI with multiple UART peripherals, you must provide your own
  46:../DaisyExamples/libDaisy/src/hid/midi.h ****          *           buffer, allocated to a DMA-capable memory section.
  47:../DaisyExamples/libDaisy/src/hid/midi.h ****          */
  48:../DaisyExamples/libDaisy/src/hid/midi.h ****         uint8_t* rx_buffer;
  49:../DaisyExamples/libDaisy/src/hid/midi.h **** 
  50:../DaisyExamples/libDaisy/src/hid/midi.h ****         /** Size in bytes of rx_buffer.
  51:../DaisyExamples/libDaisy/src/hid/midi.h ****          *
  52:../DaisyExamples/libDaisy/src/hid/midi.h ****          *  @details This size determines the maximum Rx bytes readable by the UART in the backgrou
  53:../DaisyExamples/libDaisy/src/hid/midi.h ****          *           By default it's set to the size of the default shared rx_buffer (256 bytes).
  54:../DaisyExamples/libDaisy/src/hid/midi.h ****          *           While much smaller sizes can be used, data can get missed if the buffer is too
  55:../DaisyExamples/libDaisy/src/hid/midi.h ****          */
  56:../DaisyExamples/libDaisy/src/hid/midi.h ****         size_t rx_buffer_size;
  57:../DaisyExamples/libDaisy/src/hid/midi.h **** 
  58:../DaisyExamples/libDaisy/src/hid/midi.h ****         Config();
  59:../DaisyExamples/libDaisy/src/hid/midi.h ****     };
  60:../DaisyExamples/libDaisy/src/hid/midi.h **** 
  61:../DaisyExamples/libDaisy/src/hid/midi.h ****     /** @brief Initialization of UART using config struct */
  62:../DaisyExamples/libDaisy/src/hid/midi.h ****     inline void Init(Config config)
  63:../DaisyExamples/libDaisy/src/hid/midi.h ****     {
  64:../DaisyExamples/libDaisy/src/hid/midi.h ****         UartHandler::Config uart_config;
  65:../DaisyExamples/libDaisy/src/hid/midi.h **** 
  66:../DaisyExamples/libDaisy/src/hid/midi.h ****         //defaults
  67:../DaisyExamples/libDaisy/src/hid/midi.h ****         uart_config.baudrate   = 31250;
  68:../DaisyExamples/libDaisy/src/hid/midi.h ****         uart_config.stopbits   = UartHandler::Config::StopBits::BITS_1;
  69:../DaisyExamples/libDaisy/src/hid/midi.h ****         uart_config.parity     = UartHandler::Config::Parity::NONE;
  70:../DaisyExamples/libDaisy/src/hid/midi.h ****         uart_config.mode       = UartHandler::Config::Mode::TX_RX;
  71:../DaisyExamples/libDaisy/src/hid/midi.h ****         uart_config.wordlength = UartHandler::Config::WordLength::BITS_8;
  72:../DaisyExamples/libDaisy/src/hid/midi.h **** 
  73:../DaisyExamples/libDaisy/src/hid/midi.h ****         //user settings
  74:../DaisyExamples/libDaisy/src/hid/midi.h ****         uart_config.periph        = config.periph;
  75:../DaisyExamples/libDaisy/src/hid/midi.h ****         uart_config.pin_config.rx = config.rx;
ARM GAS  C:\Users\22bur\AppData\Local\Temp\ccfIx2UX.s 			page 20


  76:../DaisyExamples/libDaisy/src/hid/midi.h ****         uart_config.pin_config.tx = config.tx;
  77:../DaisyExamples/libDaisy/src/hid/midi.h **** 
  78:../DaisyExamples/libDaisy/src/hid/midi.h ****         rx_buffer      = config.rx_buffer;
  79:../DaisyExamples/libDaisy/src/hid/midi.h ****         rx_buffer_size = config.rx_buffer_size;
  80:../DaisyExamples/libDaisy/src/hid/midi.h **** 
  81:../DaisyExamples/libDaisy/src/hid/midi.h ****         /** zero the buffer to ensure emptiness regardless of source memory */
  82:../DaisyExamples/libDaisy/src/hid/midi.h ****         std::fill(rx_buffer, rx_buffer + rx_buffer_size, 0);
  83:../DaisyExamples/libDaisy/src/hid/midi.h **** 
  84:../DaisyExamples/libDaisy/src/hid/midi.h ****         uart_.Init(uart_config);
  85:../DaisyExamples/libDaisy/src/hid/midi.h ****     }
  86:../DaisyExamples/libDaisy/src/hid/midi.h **** 
  87:../DaisyExamples/libDaisy/src/hid/midi.h ****     /** @brief Start the UART peripheral in listening mode.
  88:../DaisyExamples/libDaisy/src/hid/midi.h ****      *  This will fill an internal data structure in the background */
  89:../DaisyExamples/libDaisy/src/hid/midi.h ****     inline void StartRx(MidiRxParseCallback parse_callback, void* context)
  90:../DaisyExamples/libDaisy/src/hid/midi.h ****     {
  91:../DaisyExamples/libDaisy/src/hid/midi.h ****         parse_context_  = context;
  92:../DaisyExamples/libDaisy/src/hid/midi.h ****         parse_callback_ = parse_callback;
  93:../DaisyExamples/libDaisy/src/hid/midi.h ****         dsy_dma_clear_cache_for_buffer((uint8_t*)this,
  94:../DaisyExamples/libDaisy/src/hid/midi.h ****                                        sizeof(MidiUartTransport));
  95:../DaisyExamples/libDaisy/src/hid/midi.h ****         uart_.DmaListenStart(
  96:../DaisyExamples/libDaisy/src/hid/midi.h ****             rx_buffer, rx_buffer_size, MidiUartTransport::rxCallback, this);
  97:../DaisyExamples/libDaisy/src/hid/midi.h ****     }
  98:../DaisyExamples/libDaisy/src/hid/midi.h **** 
  99:../DaisyExamples/libDaisy/src/hid/midi.h ****     /** @brief returns whether the UART peripheral is actively listening in the background or not *
 100:../DaisyExamples/libDaisy/src/hid/midi.h ****     inline bool RxActive() { return uart_.IsListening(); }
 101:../DaisyExamples/libDaisy/src/hid/midi.h **** 
 102:../DaisyExamples/libDaisy/src/hid/midi.h ****     /** @brief This is a no-op for UART transport - Rx is via DMA callback with circular buffer */
 103:../DaisyExamples/libDaisy/src/hid/midi.h ****     inline void FlushRx() {}
 104:../DaisyExamples/libDaisy/src/hid/midi.h **** 
 105:../DaisyExamples/libDaisy/src/hid/midi.h ****     /** @brief sends the buffer of bytes out of the UART peripheral */
 106:../DaisyExamples/libDaisy/src/hid/midi.h ****     inline void Tx(uint8_t* buff, size_t size) { uart_.PollTx(buff, size); }
 107:../DaisyExamples/libDaisy/src/hid/midi.h **** 
 108:../DaisyExamples/libDaisy/src/hid/midi.h ****   private:
 109:../DaisyExamples/libDaisy/src/hid/midi.h ****     UartHandler         uart_;
 110:../DaisyExamples/libDaisy/src/hid/midi.h ****     uint8_t*            rx_buffer;
 111:../DaisyExamples/libDaisy/src/hid/midi.h ****     size_t              rx_buffer_size;
 112:../DaisyExamples/libDaisy/src/hid/midi.h ****     void*               parse_context_;
 113:../DaisyExamples/libDaisy/src/hid/midi.h ****     MidiRxParseCallback parse_callback_;
 114:../DaisyExamples/libDaisy/src/hid/midi.h **** 
 115:../DaisyExamples/libDaisy/src/hid/midi.h ****     /** Static callback for Uart MIDI that occurs when
 116:../DaisyExamples/libDaisy/src/hid/midi.h ****          *  new data is available from the peripheral.
 117:../DaisyExamples/libDaisy/src/hid/midi.h ****          *  The new data is transferred from the peripheral to the
 118:../DaisyExamples/libDaisy/src/hid/midi.h ****          *  MIDI instance's byte FIFO that feeds the MIDI parser.
 119:../DaisyExamples/libDaisy/src/hid/midi.h ****          *
 120:../DaisyExamples/libDaisy/src/hid/midi.h ****          *  TODO: Handle UartHandler errors better/at all.
 121:../DaisyExamples/libDaisy/src/hid/midi.h ****          *  (If there is a UART error, there's not really any recovery
 122:../DaisyExamples/libDaisy/src/hid/midi.h ****          *  option at the moment)
 123:../DaisyExamples/libDaisy/src/hid/midi.h ****          */
 124:../DaisyExamples/libDaisy/src/hid/midi.h ****     static void rxCallback(uint8_t*            data,
 125:../DaisyExamples/libDaisy/src/hid/midi.h ****                            size_t              size,
 126:../DaisyExamples/libDaisy/src/hid/midi.h ****                            void*               context,
 127:../DaisyExamples/libDaisy/src/hid/midi.h ****                            UartHandler::Result res)
 128:../DaisyExamples/libDaisy/src/hid/midi.h ****     {
 129:../DaisyExamples/libDaisy/src/hid/midi.h ****         /** Read context as transport type */
 130:../DaisyExamples/libDaisy/src/hid/midi.h ****         MidiUartTransport* transport
 131:../DaisyExamples/libDaisy/src/hid/midi.h ****             = reinterpret_cast<MidiUartTransport*>(context);
 132:../DaisyExamples/libDaisy/src/hid/midi.h ****         if(res == UartHandler::Result::OK)
ARM GAS  C:\Users\22bur\AppData\Local\Temp\ccfIx2UX.s 			page 21


 133:../DaisyExamples/libDaisy/src/hid/midi.h ****         {
 134:../DaisyExamples/libDaisy/src/hid/midi.h ****             if(transport->parse_callback_)
 135:../DaisyExamples/libDaisy/src/hid/midi.h ****             {
 136:../DaisyExamples/libDaisy/src/hid/midi.h ****                 transport->parse_callback_(
 137:../DaisyExamples/libDaisy/src/hid/midi.h ****                     data, size, transport->parse_context_);
 138:../DaisyExamples/libDaisy/src/hid/midi.h ****             }
 139:../DaisyExamples/libDaisy/src/hid/midi.h ****         }
 140:../DaisyExamples/libDaisy/src/hid/midi.h ****     }
 141:../DaisyExamples/libDaisy/src/hid/midi.h **** };
 142:../DaisyExamples/libDaisy/src/hid/midi.h **** 
 143:../DaisyExamples/libDaisy/src/hid/midi.h **** /**
 144:../DaisyExamples/libDaisy/src/hid/midi.h ****     @brief Simple MIDI Handler \n
 145:../DaisyExamples/libDaisy/src/hid/midi.h ****     Parses bytes from an input into valid MidiEvents. \n
 146:../DaisyExamples/libDaisy/src/hid/midi.h ****     The MidiEvents fill a FIFO queue that the user can pop messages from.
 147:../DaisyExamples/libDaisy/src/hid/midi.h ****     @author shensley
 148:../DaisyExamples/libDaisy/src/hid/midi.h ****     @date March 2020
 149:../DaisyExamples/libDaisy/src/hid/midi.h ****     @ingroup midi
 150:../DaisyExamples/libDaisy/src/hid/midi.h **** */
 151:../DaisyExamples/libDaisy/src/hid/midi.h **** template <typename Transport>
 152:../DaisyExamples/libDaisy/src/hid/midi.h **** class MidiHandler
 153:../DaisyExamples/libDaisy/src/hid/midi.h **** {
 154:../DaisyExamples/libDaisy/src/hid/midi.h ****   public:
 155:../DaisyExamples/libDaisy/src/hid/midi.h ****     MidiHandler() {}
 156:../DaisyExamples/libDaisy/src/hid/midi.h ****     ~MidiHandler() {}
 210              		.loc 11 156 5 is_stmt 1 view -0
 211              		.cfi_startproc
 212              		@ args = 0, pretend = 0, frame = 0
 213              		@ frame_needed = 0, uses_anonymous_args = 0
 214              		@ link register save eliminated.
 215              	.LBB349:
 216              	.LBI349:
 217              		.loc 9 298 7 view .LVU25
 218              	.LBB350:
 219              	.LBI350:
  42:../DaisyExamples/libDaisy/src/util/FIFO.h **** 
 220              		.loc 9 42 5 view .LVU26
  42:../DaisyExamples/libDaisy/src/util/FIFO.h **** 
 221              		.loc 9 42 5 is_stmt 0 view .LVU27
 222              	.LBE350:
 223              	.LBE349:
 224              	.LBB351:
 225              	.LBI351:
 226              		.file 12 "../DaisyExamples/libDaisy/src/hid/midi_parser.h"
   1:../DaisyExamples/libDaisy/src/hid/midi_parser.h **** #pragma once
   2:../DaisyExamples/libDaisy/src/hid/midi_parser.h **** #ifndef DSY_MIDI_PARSER_H
   3:../DaisyExamples/libDaisy/src/hid/midi_parser.h **** #define DSY_MIDI_PARSER_H
   4:../DaisyExamples/libDaisy/src/hid/midi_parser.h **** 
   5:../DaisyExamples/libDaisy/src/hid/midi_parser.h **** #include <stdint.h>
   6:../DaisyExamples/libDaisy/src/hid/midi_parser.h **** #include <stdlib.h>
   7:../DaisyExamples/libDaisy/src/hid/midi_parser.h **** #include "hid/MidiEvent.h"
   8:../DaisyExamples/libDaisy/src/hid/midi_parser.h **** 
   9:../DaisyExamples/libDaisy/src/hid/midi_parser.h **** namespace daisy
  10:../DaisyExamples/libDaisy/src/hid/midi_parser.h **** {
  11:../DaisyExamples/libDaisy/src/hid/midi_parser.h **** /** @brief   Utility class for parsing raw byte streams into MIDI messages
  12:../DaisyExamples/libDaisy/src/hid/midi_parser.h ****  *  @details Implemented as a state machine designed to parse one byte at a time
  13:../DaisyExamples/libDaisy/src/hid/midi_parser.h ****  *  @ingroup midi
  14:../DaisyExamples/libDaisy/src/hid/midi_parser.h ****  */
ARM GAS  C:\Users\22bur\AppData\Local\Temp\ccfIx2UX.s 			page 22


  15:../DaisyExamples/libDaisy/src/hid/midi_parser.h **** class MidiParser
  16:../DaisyExamples/libDaisy/src/hid/midi_parser.h **** {
  17:../DaisyExamples/libDaisy/src/hid/midi_parser.h ****   public:
  18:../DaisyExamples/libDaisy/src/hid/midi_parser.h ****     MidiParser(){};
  19:../DaisyExamples/libDaisy/src/hid/midi_parser.h ****     ~MidiParser() {}
 227              		.loc 12 19 5 is_stmt 1 view .LVU28
 228              		.loc 12 19 5 is_stmt 0 view .LVU29
 229              	.LBE351:
 230              	.LBB352:
 231              	.LBI352:
  32:../DaisyExamples/libDaisy/src/hid/midi.h **** 
 232              		.loc 11 32 5 is_stmt 1 view .LVU30
  32:../DaisyExamples/libDaisy/src/hid/midi.h **** 
 233              		.loc 11 32 5 is_stmt 0 view .LVU31
 234              	.LBE352:
 235              		.loc 11 156 21 view .LVU32
 236 0000 7047     		bx	lr
 237              		.cfi_endproc
 238              	.LFE5338:
 240              		.weak	_ZN5daisy11MidiHandlerINS_17MidiUartTransportEED1Ev
 241              		.thumb_set _ZN5daisy11MidiHandlerINS_17MidiUartTransportEED1Ev,_ZN5daisy11MidiHandlerINS_17MidiUar
 242 0002 00BF     		.section	.text._Z13AudioCallbackPKPKfPPfj,"ax",%progbits
 243              		.align	1
 244              		.p2align 2,,3
 245              		.global	_Z13AudioCallbackPKPKfPPfj
 246              		.syntax unified
 247              		.thumb
 248              		.thumb_func
 249              		.fpu fpv5-d16
 251              	_Z13AudioCallbackPKPKfPPfj:
 252              	.LVL6:
 253              	.LFB4731:
  56:main.cpp      **** bool notes_on[8] = {0,0,0,0,0,0,0,0}; // bool to store if a note is currently being played
  57:main.cpp      **** const float MAX_A = 7;
  58:main.cpp      **** const float MAX_D = 2.5;
  59:main.cpp      **** const float MAX_R = 1.75;
  60:main.cpp      **** 
  61:main.cpp      **** // Clock divider for polling
  62:main.cpp      **** uint32_t now = System::GetNow();
  63:main.cpp      **** uint32_t log_time = now; 
  64:main.cpp      **** 
  65:main.cpp      **** // Audio output variables
  66:main.cpp      **** std::array<float, 8> oscillators_out;
  67:main.cpp      **** float mix = 0;
  68:main.cpp      **** 
  69:main.cpp      **** // Variables
  70:main.cpp      **** //uint32_t last_send = 0;
  71:main.cpp      **** uint8_t menu = 0; 
  72:main.cpp      **** uint8_t loc = 0;
  73:main.cpp      **** uint8_t menu_atk = 0;
  74:main.cpp      **** uint8_t menu_dec = 0;
  75:main.cpp      **** uint8_t menu_sus = 0;
  76:main.cpp      **** uint8_t menu_rel = 0;
  77:main.cpp      **** uint8_t preset = 0;
  78:main.cpp      **** uint8_t sub_menu = 0;
  79:main.cpp      **** uint8_t fx_type = 0;
  80:main.cpp      **** uint8_t fx_number = 0;
ARM GAS  C:\Users\22bur\AppData\Local\Temp\ccfIx2UX.s 			page 23


  81:main.cpp      **** bool    fx_select = 0;
  82:main.cpp      **** bool    last_fx_select = 0;
  83:main.cpp      **** const uint8_t NUMBER_OF_FX = 4;
  84:main.cpp      **** 
  85:main.cpp      **** uint8_t fx_val_01 = 0;
  86:main.cpp      **** uint8_t fx_val_02 = 0;
  87:main.cpp      **** uint8_t fx_val_03 = 0;
  88:main.cpp      **** uint8_t fx_val_11 = 0;
  89:main.cpp      **** uint8_t fx_val_12 = 0;
  90:main.cpp      **** uint8_t fx_val_13 = 0;
  91:main.cpp      **** 
  92:main.cpp      **** uint8_t amp[8] = {0};
  93:main.cpp      **** uint8_t shape[8] = {0};
  94:main.cpp      **** uint8_t phase[8] = {0}; 
  95:main.cpp      **** 
  96:main.cpp      **** 
  97:main.cpp      **** // Function Declarations
  98:main.cpp      **** void GetMidiTypeAsString(MidiEvent& msg, char* str);
  99:main.cpp      **** void AudioCallback(AudioHandle::InputBuffer  in, AudioHandle::OutputBuffer out, size_t size);
 100:main.cpp      **** void packetSend();
 101:main.cpp      **** void resetValues();
 102:main.cpp      **** 
 103:main.cpp      **** 
 104:main.cpp      **** 
 105:main.cpp      **** int main(void){
 106:main.cpp      ****     /** Initialization */ 
 107:main.cpp      **** {   // Init here
 108:main.cpp      ****     hw.Init();
 109:main.cpp      ****     hw.SetAudioBlockSize(64);
 110:main.cpp      ****     hw.StartLog(false); // set this to true to wait for terminal connection
 111:main.cpp      ****     float sample_rate = hw.AudioSampleRate();
 112:main.cpp      ****     
 113:main.cpp      ****     // Initialize Wavetables
 114:main.cpp      ****     int num_waves = 4;
 115:main.cpp      ****     std::array<std::array<float, 2048>, 8> waves;
 116:main.cpp      ****     for(int i = 0; i < 2048; i++){
 117:main.cpp      ****         float phase = (float)i / 2048.0f;
 118:main.cpp      ****         
 119:main.cpp      ****         waves[0][i] = sinf(2.0f * PI * phase);
 120:main.cpp      **** 
 121:main.cpp      ****         float tri;
 122:main.cpp      ****         if (phase < 0.25f)
 123:main.cpp      ****             tri = 4.0f * phase;
 124:main.cpp      ****         else if (phase < 0.75f)
 125:main.cpp      ****             tri = 2.0f - 4.0f * phase;
 126:main.cpp      ****         else
 127:main.cpp      ****             tri = -4.0f + 4.0f * phase;
 128:main.cpp      ****         waves[1][i] = tri;
 129:main.cpp      **** 
 130:main.cpp      ****         waves[2][i] = (phase < 0.5f) ? 1.0f : -1.0f;
 131:main.cpp      ****     }
 132:main.cpp      ****     wt.Init(sample_rate, waves, num_waves);
 133:main.cpp      ****     for(int i = 0; i < 8; i++){
 134:main.cpp      ****         wt.SetIndex(i, 0);
 135:main.cpp      ****     }
 136:main.cpp      **** 
 137:main.cpp      ****     // UART Config (Pins 14 TX, 15 RX)
ARM GAS  C:\Users\22bur\AppData\Local\Temp\ccfIx2UX.s 			page 24


 138:main.cpp      ****     UartHandler::Config uart_conf;
 139:main.cpp      ****     uart_conf.baudrate      = 115200;
 140:main.cpp      ****     uart_conf.periph        = UartHandler::Config::Peripheral::USART_1;
 141:main.cpp      ****     uart_conf.stopbits      = UartHandler::Config::StopBits::BITS_1;
 142:main.cpp      ****     uart_conf.parity        = UartHandler::Config::Parity::NONE;
 143:main.cpp      ****     uart_conf.wordlength    = UartHandler::Config::WordLength::BITS_8;
 144:main.cpp      ****     uart_conf.mode          = UartHandler::Config::Mode::TX_RX;
 145:main.cpp      ****     uart_conf.pin_config.tx = {DSY_GPIOB, 6}; // Pin 14
 146:main.cpp      ****     uart_conf.pin_config.rx = {DSY_GPIOB, 7}; // Pin 15
 147:main.cpp      ****     uart.Init(uart_conf);
 148:main.cpp      **** 
 149:main.cpp      ****     // Initalize Midi and Start receiving
 150:main.cpp      ****     MidiUartHandler::Config midi_config;
 151:main.cpp      ****     midi.Init(midi_config);
 152:main.cpp      ****     midi.StartReceive();
 153:main.cpp      **** 
 154:main.cpp      ****     // ADC Config 
 155:main.cpp      ****     // volume on pin 15/channel 0
 156:main.cpp      ****     // wt index on pin 16/channel 1
 157:main.cpp      ****     // ADSR is on pins 17 18 19 20/ channels 2 3 4 5 
 158:main.cpp      ****     AdcChannelConfig adc_config[6];
 159:main.cpp      ****     adc_config[0].InitSingle(A0); // volume     // 15
 160:main.cpp      ****     adc_config[1].InitSingle(A1); // wt index   // 16
 161:main.cpp      ****     adc_config[2].InitSingle(A2); // a          // 17
 162:main.cpp      ****     adc_config[3].InitSingle(A3); // d          // 18
 163:main.cpp      ****     adc_config[4].InitSingle(A4); // s          // 19
 164:main.cpp      ****     adc_config[5].InitSingle(A5); // r          // 20
 165:main.cpp      ****     hw.adc.Init(adc_config, 6);
 166:main.cpp      ****     hw.adc.Start();
 167:main.cpp      ****     
 168:main.cpp      ****     // Encoder Config
 169:main.cpp      ****     menu_encoder.Init(hw.GetPin(0), hw.GetPin(1), hw.GetPin(2));
 170:main.cpp      ****     one_encoder.Init(hw.GetPin(3), hw.GetPin(4), hw.GetPin(5));
 171:main.cpp      ****     two_encoder.Init(hw.GetPin(6), hw.GetPin(7), hw.GetPin(8));
 172:main.cpp      ****     three_encoder.Init(hw.GetPin(9), hw.GetPin(10), hw.GetPin(11));
 173:main.cpp      **** 
 174:main.cpp      ****     // Switch Config
 175:main.cpp      ****     forward_button.Init(hw.GetPin(29), 1000 / 1000);
 176:main.cpp      ****     backward_button.Init(hw.GetPin(30), 1000 / 1000);
 177:main.cpp      **** 
 178:main.cpp      ****     // ADSR Initialization
 179:main.cpp      ****     // currently using arbitrary values for testing
 180:main.cpp      ****     for(int i = 0; i < 8; i++){
 181:main.cpp      ****         adsr[i].Init(sample_rate);
 182:main.cpp      ****         adsr[i].SetAttackTime(0.15F, 0.75F);
 183:main.cpp      ****         adsr[i].SetDecayTime(0.5F);
 184:main.cpp      ****         adsr[i].SetSustainLevel(0.25F);
 185:main.cpp      ****         adsr[i].SetReleaseTime(0.15F);
 186:main.cpp      ****     }
 187:main.cpp      **** }
 188:main.cpp      ****     packetSend(); // Send initial screen packet
 189:main.cpp      **** 
 190:main.cpp      ****     hw.StartAudio(AudioCallback);
 191:main.cpp      **** 
 192:main.cpp      ****     int idx = wt.AddNote(69);               // testing
 193:main.cpp      ****     notes_on[idx] = 1;                      // tells the ADSR that this oscillator is on
 194:main.cpp      ****     adsr[idx].Retrigger(0);                 // retriggers the ADSR in case of overflow
ARM GAS  C:\Users\22bur\AppData\Local\Temp\ccfIx2UX.s 			page 25


 195:main.cpp      **** 
 196:main.cpp      ****     // Main Loop
 197:main.cpp      ****     while(1) {
 198:main.cpp      ****         System::Delay(1);
 199:main.cpp      ****         now = System::GetNow();
 200:main.cpp      **** 
 201:main.cpp      ****         // MIDI Input
 202:main.cpp      ****         midi.Listen();  
 203:main.cpp      ****         while(midi.HasEvents()){
 204:main.cpp      ****             MidiEvent msg = midi.PopEvent();
 205:main.cpp      ****             // Handle messages as they come in 
 206:main.cpp      ****             switch(msg.type){
 207:main.cpp      ****                 case NoteOn:
 208:main.cpp      ****                 {
 209:main.cpp      ****                     // Debugging, disable later
 210:main.cpp      ****                     char outstr[128];
 211:main.cpp      ****                     sprintf(outstr, "Add note:%d\n", msg.data[0]);
 212:main.cpp      ****                     hw.PrintLine(outstr);
 213:main.cpp      **** 
 214:main.cpp      ****                     int osc_ = wt.AddNote(msg.data[0]);     // Adds note to oscillators
 215:main.cpp      ****                     if(osc_ < 9){
 216:main.cpp      ****                         notes_on[osc_] = 1;                 // tells the ADSR that this oscillator 
 217:main.cpp      ****                         adsr[osc_].Retrigger(0);            // retriggers the ADSR in case of overf
 218:main.cpp      ****                     }
 219:main.cpp      ****                     break;
 220:main.cpp      ****                 }
 221:main.cpp      ****                 case NoteOff:
 222:main.cpp      ****                 {
 223:main.cpp      ****                     // Debugging, disable later
 224:main.cpp      ****                     char outstr[128];
 225:main.cpp      ****                     sprintf(outstr, "Remove note:%d\n", msg.data[0]);
 226:main.cpp      ****                     hw.PrintLine(outstr);
 227:main.cpp      **** 
 228:main.cpp      ****                     int osc_ = wt.RemoveNote(msg.data[0]);  // removes the note from oscillators
 229:main.cpp      ****                     if(osc_<9){ notes_on[osc_] = 0; }       // tells the ADSR that this oscillator 
 230:main.cpp      ****                     break;
 231:main.cpp      ****                 }  
 232:main.cpp      ****                 default: break;
 233:main.cpp      ****             }
 234:main.cpp      ****             event_log.PushBack(msg); // add the message to output queue
 235:main.cpp      ****         }
 236:main.cpp      ****         
 237:main.cpp      ****         // Debounce inputs
 238:main.cpp      ****         menu_encoder.Debounce();
 239:main.cpp      ****         one_encoder.Debounce();
 240:main.cpp      ****         two_encoder.Debounce();
 241:main.cpp      ****         three_encoder.Debounce();
 242:main.cpp      ****         forward_button.Debounce();
 243:main.cpp      ****         backward_button.Debounce();
 244:main.cpp      **** 
 245:main.cpp      ****         // Find Encoder Values
 246:main.cpp      ****         short  menu_inc = menu_encoder.Increment();
 247:main.cpp      ****         short  one_inc = one_encoder.Increment();
 248:main.cpp      ****         short  two_inc = two_encoder.Increment();
 249:main.cpp      ****         short  three_inc = three_encoder.Increment();
 250:main.cpp      **** 
 251:main.cpp      ****         //Check Encoder Changes
ARM GAS  C:\Users\22bur\AppData\Local\Temp\ccfIx2UX.s 			page 26


 252:main.cpp      ****         if(menu_inc != 0) menu_counter += menu_inc;
 253:main.cpp      ****         if(one_inc != 0) one_counter += one_inc;
 254:main.cpp      ****         if(two_inc != 0) two_counter += two_inc;
 255:main.cpp      ****         if(three_inc != 0) three_counter += three_inc;
 256:main.cpp      **** 
 257:main.cpp      ****         /* 200Hz or 5ms code block */
 258:main.cpp      ****         if(now - log_time > 5){
 259:main.cpp      ****             log_time = now;
 260:main.cpp      ****             
 261:main.cpp      ****             /* Read potentiometers and scale to correct values if needed*/
 262:main.cpp      ****             volume = hw.adc.GetFloat(VOLUME);
 263:main.cpp      ****             wt_index = hw.adc.GetFloat(WT_INDEX) * 8;
 264:main.cpp      ****             attack = hw.adc.GetFloat(ATTACK) * MAX_A;
 265:main.cpp      ****             decay = hw.adc.GetFloat(DECAY) * MAX_D;
 266:main.cpp      ****             sustain = hw.adc.GetFloat(SUSTAIN);
 267:main.cpp      ****             release = hw.adc.GetFloat(RELEASE) * MAX_R;
 268:main.cpp      **** 
 269:main.cpp      ****             // update each oscillator's wt index and envelope
 270:main.cpp      ****             for(int i = 0; i < 8; i++){
 271:main.cpp      ****                 wt.SetIndex(i,wt_index);
 272:main.cpp      ****                 adsr[i].SetAttackTime(attack, 0.75F);
 273:main.cpp      ****                 adsr[i].SetDecayTime(decay);
 274:main.cpp      ****                 adsr[i].SetSustainLevel(sustain);
 275:main.cpp      ****                 adsr[i].SetReleaseTime(release);
 276:main.cpp      ****             }
 277:main.cpp      ****         
 278:main.cpp      ****             //State Machine
 279:main.cpp      ****             switch(menu) {
 280:main.cpp      ****                 case 0: { //Splash Screen
 281:main.cpp      ****                     hw.DelayMs(500);
 282:main.cpp      ****                     loc++;
 283:main.cpp      ****                     //At the end of the 
 284:main.cpp      ****                     if(loc > 3) {
 285:main.cpp      ****                         menu++;
 286:main.cpp      ****                         resetValues();
 287:main.cpp      ****                     }
 288:main.cpp      ****                     break;
 289:main.cpp      ****                 }
 290:main.cpp      ****                 case 1: { //Main Menu
 291:main.cpp      ****                     menu_counter = menu_counter % 4; // Round off from 0-3 for four menu options
 292:main.cpp      ****                     loc = menu_counter;              // Set the current menu location to the menu c
 293:main.cpp      ****                     if (forward_button.RisingEdge()) {// Forward button is pressed
 294:main.cpp      ****                         switch(loc) {
 295:main.cpp      ****                             case 0: menu = 2; break;
 296:main.cpp      ****                             case 1: menu = 3; break;
 297:main.cpp      ****                             case 2: menu = 4; break;
 298:main.cpp      ****                             case 3: menu = 5; break;
 299:main.cpp      ****                         }
 300:main.cpp      ****                         resetValues();
 301:main.cpp      ****                     }
 302:main.cpp      ****                     break;
 303:main.cpp      ****                 }
 304:main.cpp      ****                 case 2: { //Wave Menu
 305:main.cpp      ****                     int modulo = 0;             // Variable modulo 
 306:main.cpp      ****                     if (preset >= 2 && preset <= 3)      modulo = 3;
 307:main.cpp      ****                     else if (preset >= 4 && preset <= 5) modulo = 5;
 308:main.cpp      ****                     else if (preset >= 6 && preset <= 7) modulo = 9;
ARM GAS  C:\Users\22bur\AppData\Local\Temp\ccfIx2UX.s 			page 27


 309:main.cpp      ****                     menu_counter = menu_counter % modulo;
 310:main.cpp      ****                     loc = menu_counter;
 311:main.cpp      **** 
 312:main.cpp      ****                     if(backward_button.RisingEdge()) {
 313:main.cpp      ****                         menu = 1;
 314:main.cpp      ****                         resetValues();
 315:main.cpp      ****                     }
 316:main.cpp      **** 
 317:main.cpp      ****                     switch(loc) {
 318:main.cpp      ****                         case 0:
 319:main.cpp      ****                             preset = one_counter % 8;
 320:main.cpp      ****                             break;
 321:main.cpp      ****                         default:
 322:main.cpp      ****                             amp[loc-1] = one_counter % 100 + 1;
 323:main.cpp      ****                             shape[loc-1] = two_counter % 3;
 324:main.cpp      ****                             phase[loc-1] = three_counter % 360;
 325:main.cpp      ****                             break;
 326:main.cpp      ****                     }
 327:main.cpp      ****                     break;
 328:main.cpp      ****                 }
 329:main.cpp      ****                 case 3: { //Effects
 330:main.cpp      ****                     if(sub_menu) {
 331:main.cpp      ****                         menu_counter = menu_counter % NUMBER_OF_FX;
 332:main.cpp      ****                         //loc = menu_counter;
 333:main.cpp      ****                         fx_number = menu_counter;
 334:main.cpp      ****                     }
 335:main.cpp      ****                     else {
 336:main.cpp      ****                         menu_counter = menu_counter % 2;
 337:main.cpp      ****                         //loc = menu_counter;
 338:main.cpp      ****                         fx_select = menu_counter;
 339:main.cpp      ****                     }
 340:main.cpp      **** 
 341:main.cpp      ****                     fx_type = fx_number + fx_select * 10;
 342:main.cpp      **** 
 343:main.cpp      ****                     if(backward_button.RisingEdge()) {
 344:main.cpp      ****                         if(sub_menu) {
 345:main.cpp      ****                             sub_menu = 0;
 346:main.cpp      ****                         }
 347:main.cpp      ****                         else {
 348:main.cpp      ****                             menu = 1;
 349:main.cpp      ****                             resetValues();
 350:main.cpp      ****                         }
 351:main.cpp      ****                     }
 352:main.cpp      **** 
 353:main.cpp      ****                     if(forward_button.RisingEdge()) {
 354:main.cpp      ****                         sub_menu = 1;
 355:main.cpp      ****                     }
 356:main.cpp      **** 
 357:main.cpp      ****                     if (fx_select != last_fx_select) {
 358:main.cpp      ****                         if (fx_select) {
 359:main.cpp      ****                             one_counter = fx_val_11;
 360:main.cpp      ****                             two_counter = fx_val_12;
 361:main.cpp      ****                             three_counter = fx_val_13;
 362:main.cpp      ****                         }
 363:main.cpp      ****                         else {
 364:main.cpp      ****                             one_counter = fx_val_01;
 365:main.cpp      ****                             two_counter = fx_val_02;
ARM GAS  C:\Users\22bur\AppData\Local\Temp\ccfIx2UX.s 			page 28


 366:main.cpp      ****                             three_counter = fx_val_03;
 367:main.cpp      ****                         }
 368:main.cpp      ****                         
 369:main.cpp      ****                         last_fx_select = fx_select;  // Sync the tracker
 370:main.cpp      ****                     }
 371:main.cpp      **** 
 372:main.cpp      ****                     if (fx_select) {
 373:main.cpp      ****                         fx_val_11 = one_counter   % 100;
 374:main.cpp      ****                         fx_val_12 = two_counter   % 100;
 375:main.cpp      ****                         fx_val_13 = three_counter % 100;
 376:main.cpp      ****                     }
 377:main.cpp      ****                     else {
 378:main.cpp      ****                         fx_val_01 = one_counter   % 100;
 379:main.cpp      ****                         fx_val_02 = two_counter   % 100;
 380:main.cpp      ****                         fx_val_03 = three_counter % 100;
 381:main.cpp      ****                     }
 382:main.cpp      ****                     break;
 383:main.cpp      ****                 }
 384:main.cpp      ****                 case 4: { //ADSR
 385:main.cpp      ****                     if(backward_button.RisingEdge()) {
 386:main.cpp      ****                         menu = 1;
 387:main.cpp      ****                         resetValues();
 388:main.cpp      ****                     }
 389:main.cpp      **** 
 390:main.cpp      ****                     menu_atk = attack;
 391:main.cpp      ****                     menu_dec = decay;
 392:main.cpp      ****                     menu_sus = sustain;
 393:main.cpp      ****                     menu_rel = release;
 394:main.cpp      ****                     break;
 395:main.cpp      ****                 }
 396:main.cpp      ****                 case 5: { //Settings
 397:main.cpp      ****                     //No settings for now
 398:main.cpp      ****                     menu = 1;
 399:main.cpp      ****                     break;
 400:main.cpp      ****                 }
 401:main.cpp      ****             }
 402:main.cpp      ****             //Send packet at the end of the cycle
 403:main.cpp      ****             packetSend();
 404:main.cpp      **** 
 405:main.cpp      ****             /* Start debugging/logs, disable later */
 406:main.cpp      **** 
 407:main.cpp      ****             /* input debugging*/
 408:main.cpp      ****             sprintf(outstr, "Volume: %d\tIndex: %d\tA: %d\tD: %d\tS: %d\tR: %d\n", (int)volume, (in
 409:main.cpp      ****             hw.PrintLine(outstr);
 410:main.cpp      ****             
 411:main.cpp      ****             /* MIDI debugging*/
 412:main.cpp      ****             if(!event_log.IsEmpty()){
 413:main.cpp      ****                 auto msg = event_log.PopFront();
 414:main.cpp      ****                 char outstr[128];
 415:main.cpp      ****                 char type_str[16];
 416:main.cpp      ****                 GetMidiTypeAsString(msg, type_str);
 417:main.cpp      ****                 sprintf(outstr,
 418:main.cpp      ****                         "time:\t%ld\ttype: %s\tChannel:  %d\tData MSB: "
 419:main.cpp      ****                         "%d\tData LSB: %d\n",
 420:main.cpp      ****                         now,
 421:main.cpp      ****                         type_str,
 422:main.cpp      ****                         msg.channel,
ARM GAS  C:\Users\22bur\AppData\Local\Temp\ccfIx2UX.s 			page 29


 423:main.cpp      ****                         msg.data[0],
 424:main.cpp      ****                         msg.data[1]);
 425:main.cpp      ****                 hw.PrintLine(outstr);
 426:main.cpp      ****             }
 427:main.cpp      ****         }
 428:main.cpp      ****     }
 429:main.cpp      **** }
 430:main.cpp      **** 
 431:main.cpp      **** 
 432:main.cpp      **** void GetMidiTypeAsString(MidiEvent& msg, char* str){
 433:main.cpp      ****     switch(msg.type){
 434:main.cpp      ****         case NoteOff: strcpy(str, "NoteOff"); break;
 435:main.cpp      ****         case NoteOn: strcpy(str, "NoteOn"); break;
 436:main.cpp      ****         case PolyphonicKeyPressure: strcpy(str, "PolyKeyPres."); break;
 437:main.cpp      ****         case ControlChange: strcpy(str, "CC"); break;
 438:main.cpp      ****         case ProgramChange: strcpy(str, "Prog. Change"); break;
 439:main.cpp      ****         case ChannelPressure: strcpy(str, "Chn. Pressure"); break;
 440:main.cpp      ****         case PitchBend: strcpy(str, "PitchBend"); break;
 441:main.cpp      ****         case SystemCommon: strcpy(str, "Sys. Common"); break;
 442:main.cpp      ****         case SystemRealTime: strcpy(str, "Sys. Realtime"); break;
 443:main.cpp      ****         case ChannelMode: strcpy(str, "Chn. Mode"); break;
 444:main.cpp      ****         default: strcpy(str, "Unknown"); break;
 445:main.cpp      ****     }
 446:main.cpp      **** }
 447:main.cpp      **** 
 448:main.cpp      **** void AudioCallback(AudioHandle::InputBuffer  in,
 449:main.cpp      ****                    AudioHandle::OutputBuffer out,
 450:main.cpp      ****                    size_t                    size)
 451:main.cpp      **** {
 254              		.loc 10 451 1 is_stmt 1 view -0
 255              		.cfi_startproc
 256              		@ args = 0, pretend = 0, frame = 32
 257              		@ frame_needed = 0, uses_anonymous_args = 0
 452:main.cpp      ****     for(size_t i = 0; i < size; i++){   // Process each sample
 258              		.loc 10 452 5 view .LVU34
 259              	.LBB353:
 260              		.loc 10 452 25 view .LVU35
 261 0000 002A     		cmp	r2, #0
 262 0002 50D0     		beq	.L16
 263              	.LBE353:
 451:main.cpp      ****     for(size_t i = 0; i < size; i++){   // Process each sample
 264              		.loc 10 451 1 is_stmt 0 view .LVU36
 265 0004 2DE9F04F 		push	{r4, r5, r6, r7, r8, r9, r10, fp, lr}
 266              		.cfi_def_cfa_offset 36
 267              		.cfi_offset 4, -36
 268              		.cfi_offset 5, -32
 269              		.cfi_offset 6, -28
 270              		.cfi_offset 7, -24
 271              		.cfi_offset 8, -20
 272              		.cfi_offset 9, -16
 273              		.cfi_offset 10, -12
 274              		.cfi_offset 11, -8
 275              		.cfi_offset 14, -4
 276 0008 8946     		mov	r9, r1
 277 000a 9246     		mov	r10, r2
 278              	.LBB359:
 279              		.loc 10 452 16 view .LVU37
ARM GAS  C:\Users\22bur\AppData\Local\Temp\ccfIx2UX.s 			page 30


 280 000c 4FF00008 		mov	r8, #0
 281 0010 274E     		ldr	r6, .L19+8
 282 0012 284F     		ldr	r7, .L19+12
 283              	.LBE359:
 451:main.cpp      ****     for(size_t i = 0; i < size; i++){   // Process each sample
 284              		.loc 10 451 1 view .LVU38
 285 0014 2DED028B 		vpush.64	{d8}
 286              		.cfi_def_cfa_offset 44
 287              		.cfi_offset 80, -44
 288              		.cfi_offset 81, -40
 289 0018 89B0     		sub	sp, sp, #36
 290              		.cfi_def_cfa_offset 80
 291              	.LVL7:
 292              	.L10:
 293              	.LBB360:
 294              	.LBB354:
 453:main.cpp      ****         oscillators_out = wt.Process();     // Process each oscillator
 295              		.loc 10 453 9 is_stmt 1 view .LVU39
 296              		.loc 10 453 38 is_stmt 0 view .LVU40
 297 001a 2749     		ldr	r1, .L19+16
 298 001c 6846     		mov	r0, sp
 299 001e FFF7FEFF 		bl	_ZN9Wavetable7ProcessEv
 300              	.LVL8:
 301 0022 EC46     		mov	ip, sp
 302 0024 254C     		ldr	r4, .L19+20
 303              	.LBB355:
 454:main.cpp      ****         for(int j = 0; j < 8; j++){ 
 455:main.cpp      ****             mix = mix + (oscillators_out[j] * adsr[j].Process(notes_on[j]) * 0.20); // sum the osci
 304              		.loc 10 455 19 view .LVU41
 305 0026 96ED008A 		vldr.32	s16, [r6]
 306 002a 254D     		ldr	r5, .L19+24
 307 002c DFF898B0 		ldr	fp, .L19+32
 308              	.LBE355:
 453:main.cpp      ****         oscillators_out = wt.Process();     // Process each oscillator
 309              		.loc 10 453 38 view .LVU42
 310 0030 BCE80F00 		ldmia	ip!, {r0, r1, r2, r3}
 311 0034 0FC4     		stmia	r4!, {r0, r1, r2, r3}
 312 0036 9CE80F00 		ldm	ip, {r0, r1, r2, r3}
 313 003a 84E80F00 		stm	r4, {r0, r1, r2, r3}
 454:main.cpp      ****         for(int j = 0; j < 8; j++){ 
 314              		.loc 10 454 9 is_stmt 1 view .LVU43
 315              	.LVL9:
 316              	.LBB356:
 454:main.cpp      ****         for(int j = 0; j < 8; j++){ 
 317              		.loc 10 454 26 view .LVU44
 318 003e 103C     		subs	r4, r4, #16
 319              	.LVL10:
 320              	.L11:
 321              		.loc 10 455 13 discriminator 2 view .LVU45
 322              		.loc 10 455 45 is_stmt 0 discriminator 2 view .LVU46
 323 0040 F4EC018A 		vldmia.32	r4!, {s17}
 324              		.loc 10 455 62 discriminator 2 view .LVU47
 325 0044 5846     		mov	r0, fp
 326 0046 15F8011F 		ldrb	r1, [r5, #1]!	@ zero_extendqisi2
 327              	.LVL11:
 454:main.cpp      ****         for(int j = 0; j < 8; j++){ 
 328              		.loc 10 454 26 discriminator 2 view .LVU48
ARM GAS  C:\Users\22bur\AppData\Local\Temp\ccfIx2UX.s 			page 31


 329 004a 0BF1300B 		add	fp, fp, #48
 330              		.loc 10 455 62 discriminator 2 view .LVU49
 331 004e FFF7FEFF 		bl	_ZN7daisysp4Adsr7ProcessEb
 332              	.LVL12:
 333              		.loc 10 455 45 discriminator 2 view .LVU50
 334 0052 28EE800A 		vmul.f32	s0, s17, s0
 335              		.loc 10 455 19 discriminator 2 view .LVU51
 336 0056 B7EEC87A 		vcvt.f64.f32	d7, s16
 454:main.cpp      ****         for(int j = 0; j < 8; j++){ 
 337              		.loc 10 454 26 discriminator 2 view .LVU52
 338 005a BC42     		cmp	r4, r7
 339              		.loc 10 455 23 discriminator 2 view .LVU53
 340 005c 9FED126B 		vldr.64	d6, .L19
 341              		.loc 10 455 45 discriminator 2 view .LVU54
 342 0060 B7EEC00A 		vcvt.f64.f32	d0, s0
 343              		.loc 10 455 23 discriminator 2 view .LVU55
 344 0064 A0EE067B 		vfma.f64	d7, d0, d6
 345 0068 B7EEC78B 		vcvt.f32.f64	s16, d7
 346              		.loc 10 455 17 discriminator 2 view .LVU56
 347 006c 86ED008A 		vstr.32	s16, [r6]
 454:main.cpp      ****         for(int j = 0; j < 8; j++){ 
 348              		.loc 10 454 9 is_stmt 1 discriminator 2 view .LVU57
 349              	.LVL13:
 454:main.cpp      ****         for(int j = 0; j < 8; j++){ 
 350              		.loc 10 454 26 discriminator 2 view .LVU58
 351 0070 E6D1     		bne	.L11
 352              	.LBE356:
 456:main.cpp      ****         }
 457:main.cpp      ****         out[0][i] = out[1][i] = mix * volume; // output
 353              		.loc 10 457 9 discriminator 2 view .LVU59
 354              		.loc 10 457 39 is_stmt 0 discriminator 2 view .LVU60
 355 0072 144B     		ldr	r3, .L19+28
 458:main.cpp      ****         mix = 0; // reset
 356              		.loc 10 458 13 discriminator 2 view .LVU61
 357 0074 0021     		movs	r1, #0
 457:main.cpp      ****         mix = 0; // reset
 358              		.loc 10 457 39 discriminator 2 view .LVU62
 359 0076 93ED007A 		vldr.32	s14, [r3]
 457:main.cpp      ****         mix = 0; // reset
 360              		.loc 10 457 19 discriminator 2 view .LVU63
 361 007a D9E90032 		ldrd	r3, r2, [r9]
 457:main.cpp      ****         mix = 0; // reset
 362              		.loc 10 457 37 discriminator 2 view .LVU64
 363 007e 28EE077A 		vmul.f32	s14, s16, s14
 457:main.cpp      ****         mix = 0; // reset
 364              		.loc 10 457 31 discriminator 2 view .LVU65
 365 0082 02EB8802 		add	r2, r2, r8, lsl #2
 457:main.cpp      ****         mix = 0; // reset
 366              		.loc 10 457 19 discriminator 2 view .LVU66
 367 0086 03EB8803 		add	r3, r3, r8, lsl #2
 368              	.LBE354:
 452:main.cpp      ****         oscillators_out = wt.Process();     // Process each oscillator
 369              		.loc 10 452 5 discriminator 2 view .LVU67
 370 008a 08F10108 		add	r8, r8, #1
 371              	.LVL14:
 372              	.LBB357:
 457:main.cpp      ****         mix = 0; // reset
ARM GAS  C:\Users\22bur\AppData\Local\Temp\ccfIx2UX.s 			page 32


 373              		.loc 10 457 31 discriminator 2 view .LVU68
 374 008e 82ED007A 		vstr.32	s14, [r2]
 375              	.LBE357:
 452:main.cpp      ****         oscillators_out = wt.Process();     // Process each oscillator
 376              		.loc 10 452 25 discriminator 2 view .LVU69
 377 0092 C245     		cmp	r10, r8
 378              	.LBB358:
 457:main.cpp      ****         mix = 0; // reset
 379              		.loc 10 457 19 discriminator 2 view .LVU70
 380 0094 83ED007A 		vstr.32	s14, [r3]
 381              		.loc 10 458 9 is_stmt 1 discriminator 2 view .LVU71
 382              		.loc 10 458 13 is_stmt 0 discriminator 2 view .LVU72
 383 0098 3160     		str	r1, [r6]	@ float
 384              	.LBE358:
 452:main.cpp      ****         oscillators_out = wt.Process();     // Process each oscillator
 385              		.loc 10 452 5 is_stmt 1 discriminator 2 view .LVU73
 386              	.LVL15:
 452:main.cpp      ****         oscillators_out = wt.Process();     // Process each oscillator
 387              		.loc 10 452 25 discriminator 2 view .LVU74
 388 009a BED1     		bne	.L10
 389              	.LBE360:
 459:main.cpp      ****     }    
 460:main.cpp      **** }
 390              		.loc 10 460 1 is_stmt 0 view .LVU75
 391 009c 09B0     		add	sp, sp, #36
 392              		.cfi_def_cfa_offset 44
 393              		@ sp needed
 394 009e BDEC028B 		vldm	sp!, {d8}
 395              		.cfi_restore 80
 396              		.cfi_restore 81
 397              		.cfi_def_cfa_offset 36
 398 00a2 BDE8F08F 		pop	{r4, r5, r6, r7, r8, r9, r10, fp, pc}
 399              	.LVL16:
 400              	.L16:
 401              		.cfi_def_cfa_offset 0
 402              		.cfi_restore 4
 403              		.cfi_restore 5
 404              		.cfi_restore 6
 405              		.cfi_restore 7
 406              		.cfi_restore 8
 407              		.cfi_restore 9
 408              		.cfi_restore 10
 409              		.cfi_restore 11
 410              		.cfi_restore 14
 411              		.loc 10 460 1 view .LVU76
 412 00a6 7047     		bx	lr
 413              	.L20:
 414              		.align	3
 415              	.L19:
 416 00a8 9A999999 		.word	-1717986918
 417 00ac 9999C93F 		.word	1070176665
 418 00b0 00000000 		.word	.LANCHOR1
 419 00b4 20000000 		.word	.LANCHOR0+32
 420 00b8 00000000 		.word	wt
 421 00bc 00000000 		.word	.LANCHOR0
 422 00c0 FFFFFFFF 		.word	.LANCHOR2-1
 423 00c4 00000000 		.word	.LANCHOR4
ARM GAS  C:\Users\22bur\AppData\Local\Temp\ccfIx2UX.s 			page 33


 424 00c8 00000000 		.word	.LANCHOR3
 425              		.cfi_endproc
 426              	.LFE4731:
 428              		.section	.text._ZN5daisy17MidiUartTransport10rxCallbackEPhjPvNS_11UartHandler6ResultE,"axG",%progb
 429              		.align	1
 430              		.p2align 2,,3
 431              		.weak	_ZN5daisy17MidiUartTransport10rxCallbackEPhjPvNS_11UartHandler6ResultE
 432              		.syntax unified
 433              		.thumb
 434              		.thumb_func
 435              		.fpu fpv5-d16
 437              	_ZN5daisy17MidiUartTransport10rxCallbackEPhjPvNS_11UartHandler6ResultE:
 438              	.LVL17:
 439              	.LFB3751:
 124:../DaisyExamples/libDaisy/src/hid/midi.h ****                            size_t              size,
 440              		.loc 11 124 17 is_stmt 1 view -0
 441              		.cfi_startproc
 442              		@ args = 0, pretend = 0, frame = 0
 443              		@ frame_needed = 0, uses_anonymous_args = 0
 444              		@ link register save eliminated.
 130:../DaisyExamples/libDaisy/src/hid/midi.h ****             = reinterpret_cast<MidiUartTransport*>(context);
 445              		.loc 11 130 9 view .LVU78
 132:../DaisyExamples/libDaisy/src/hid/midi.h ****         {
 446              		.loc 11 132 9 view .LVU79
 447 0000 1BB9     		cbnz	r3, .L21
 448              	.LVL18:
 449              	.LBB363:
 450              	.LBI363:
 124:../DaisyExamples/libDaisy/src/hid/midi.h ****                            size_t              size,
 451              		.loc 11 124 17 view .LVU80
 452              	.LBB364:
 134:../DaisyExamples/libDaisy/src/hid/midi.h ****             {
 453              		.loc 11 134 13 view .LVU81
 134:../DaisyExamples/libDaisy/src/hid/midi.h ****             {
 454              		.loc 11 134 27 is_stmt 0 view .LVU82
 455 0002 1369     		ldr	r3, [r2, #16]
 456              	.LVL19:
 134:../DaisyExamples/libDaisy/src/hid/midi.h ****             {
 457              		.loc 11 134 13 view .LVU83
 458 0004 0BB1     		cbz	r3, .L21
 136:../DaisyExamples/libDaisy/src/hid/midi.h ****                     data, size, transport->parse_context_);
 459              		.loc 11 136 17 is_stmt 1 view .LVU84
 136:../DaisyExamples/libDaisy/src/hid/midi.h ****                     data, size, transport->parse_context_);
 460              		.loc 11 136 43 is_stmt 0 view .LVU85
 461 0006 D268     		ldr	r2, [r2, #12]
 462              	.LVL20:
 136:../DaisyExamples/libDaisy/src/hid/midi.h ****                     data, size, transport->parse_context_);
 463              		.loc 11 136 43 view .LVU86
 464 0008 1847     		bx	r3	@ indirect register sibling call
 465              	.LVL21:
 466              	.L21:
 136:../DaisyExamples/libDaisy/src/hid/midi.h ****                     data, size, transport->parse_context_);
 467              		.loc 11 136 43 view .LVU87
 468              	.LBE364:
 469              	.LBE363:
 140:../DaisyExamples/libDaisy/src/hid/midi.h **** };
 470              		.loc 11 140 5 view .LVU88
ARM GAS  C:\Users\22bur\AppData\Local\Temp\ccfIx2UX.s 			page 34


 471 000a 7047     		bx	lr
 472              		.cfi_endproc
 473              	.LFE3751:
 475              		.section	.text._ZN5daisy11MidiHandlerINS_17MidiUartTransportEE13ParseCallbackEPhjPv,"axG",%progbit
 476              		.align	1
 477              		.p2align 2,,3
 478              		.weak	_ZN5daisy11MidiHandlerINS_17MidiUartTransportEE13ParseCallbackEPhjPv
 479              		.syntax unified
 480              		.thumb
 481              		.thumb_func
 482              		.fpu fpv5-d16
 484              	_ZN5daisy11MidiHandlerINS_17MidiUartTransportEE13ParseCallbackEPhjPv:
 485              	.LVL22:
 486              	.LFB5188:
 157:../DaisyExamples/libDaisy/src/hid/midi.h **** 
 158:../DaisyExamples/libDaisy/src/hid/midi.h ****     struct Config
 159:../DaisyExamples/libDaisy/src/hid/midi.h ****     {
 160:../DaisyExamples/libDaisy/src/hid/midi.h ****         typename Transport::Config transport_config;
 161:../DaisyExamples/libDaisy/src/hid/midi.h ****     };
 162:../DaisyExamples/libDaisy/src/hid/midi.h **** 
 163:../DaisyExamples/libDaisy/src/hid/midi.h ****     /** Initializes the MidiHandler
 164:../DaisyExamples/libDaisy/src/hid/midi.h ****      *  \param config Configuration structure used to define specifics to the MIDI Handler.
 165:../DaisyExamples/libDaisy/src/hid/midi.h ****      */
 166:../DaisyExamples/libDaisy/src/hid/midi.h ****     void Init(Config config)
 167:../DaisyExamples/libDaisy/src/hid/midi.h ****     {
 168:../DaisyExamples/libDaisy/src/hid/midi.h ****         config_ = config;
 169:../DaisyExamples/libDaisy/src/hid/midi.h ****         transport_.Init(config_.transport_config);
 170:../DaisyExamples/libDaisy/src/hid/midi.h ****         parser_.Init();
 171:../DaisyExamples/libDaisy/src/hid/midi.h ****     }
 172:../DaisyExamples/libDaisy/src/hid/midi.h **** 
 173:../DaisyExamples/libDaisy/src/hid/midi.h ****     /** Starts listening on the selected input mode(s).
 174:../DaisyExamples/libDaisy/src/hid/midi.h ****      * MidiEvent Queue will begin to fill, and can be checked with HasEvents() */
 175:../DaisyExamples/libDaisy/src/hid/midi.h ****     void StartReceive()
 176:../DaisyExamples/libDaisy/src/hid/midi.h ****     {
 177:../DaisyExamples/libDaisy/src/hid/midi.h ****         transport_.StartRx(MidiHandler::ParseCallback, this);
 178:../DaisyExamples/libDaisy/src/hid/midi.h ****     }
 179:../DaisyExamples/libDaisy/src/hid/midi.h **** 
 180:../DaisyExamples/libDaisy/src/hid/midi.h ****     /** Start listening */
 181:../DaisyExamples/libDaisy/src/hid/midi.h ****     void Listen()
 182:../DaisyExamples/libDaisy/src/hid/midi.h ****     {
 183:../DaisyExamples/libDaisy/src/hid/midi.h ****         // In case of UART Error, (particularly
 184:../DaisyExamples/libDaisy/src/hid/midi.h ****         //  overrun error), UART disables itself.
 185:../DaisyExamples/libDaisy/src/hid/midi.h ****         // Flush the buff, and restart.
 186:../DaisyExamples/libDaisy/src/hid/midi.h ****         if(!transport_.RxActive())
 187:../DaisyExamples/libDaisy/src/hid/midi.h ****         {
 188:../DaisyExamples/libDaisy/src/hid/midi.h ****             parser_.Reset();
 189:../DaisyExamples/libDaisy/src/hid/midi.h ****             transport_.FlushRx();
 190:../DaisyExamples/libDaisy/src/hid/midi.h ****             StartReceive();
 191:../DaisyExamples/libDaisy/src/hid/midi.h ****         }
 192:../DaisyExamples/libDaisy/src/hid/midi.h ****     }
 193:../DaisyExamples/libDaisy/src/hid/midi.h **** 
 194:../DaisyExamples/libDaisy/src/hid/midi.h ****     /** Checks if there are unhandled messages in the queue
 195:../DaisyExamples/libDaisy/src/hid/midi.h ****     \return True if there are events to be handled, else false.
 196:../DaisyExamples/libDaisy/src/hid/midi.h ****      */
 197:../DaisyExamples/libDaisy/src/hid/midi.h ****     bool HasEvents() const { return event_q_.GetNumElements() > 0; }
 198:../DaisyExamples/libDaisy/src/hid/midi.h **** 
 199:../DaisyExamples/libDaisy/src/hid/midi.h **** 
ARM GAS  C:\Users\22bur\AppData\Local\Temp\ccfIx2UX.s 			page 35


 200:../DaisyExamples/libDaisy/src/hid/midi.h ****     /** Pops the oldest unhandled MidiEvent from the internal queue
 201:../DaisyExamples/libDaisy/src/hid/midi.h ****     \return The event to be handled
 202:../DaisyExamples/libDaisy/src/hid/midi.h ****      */
 203:../DaisyExamples/libDaisy/src/hid/midi.h ****     MidiEvent PopEvent() { return event_q_.PopFront(); }
 204:../DaisyExamples/libDaisy/src/hid/midi.h **** 
 205:../DaisyExamples/libDaisy/src/hid/midi.h ****     /** SendMessage
 206:../DaisyExamples/libDaisy/src/hid/midi.h ****     Send raw bytes as message
 207:../DaisyExamples/libDaisy/src/hid/midi.h ****     */
 208:../DaisyExamples/libDaisy/src/hid/midi.h ****     void SendMessage(uint8_t* bytes, size_t size)
 209:../DaisyExamples/libDaisy/src/hid/midi.h ****     {
 210:../DaisyExamples/libDaisy/src/hid/midi.h ****         transport_.Tx(bytes, size);
 211:../DaisyExamples/libDaisy/src/hid/midi.h ****     }
 212:../DaisyExamples/libDaisy/src/hid/midi.h **** 
 213:../DaisyExamples/libDaisy/src/hid/midi.h ****     /** Feed in bytes to parser state machine from an external source.
 214:../DaisyExamples/libDaisy/src/hid/midi.h ****         Populates internal FIFO queue with MIDI Messages.
 215:../DaisyExamples/libDaisy/src/hid/midi.h **** 
 216:../DaisyExamples/libDaisy/src/hid/midi.h ****         \note  Normally application code won't need to use this method directly.
 217:../DaisyExamples/libDaisy/src/hid/midi.h ****         \param byte MIDI byte to be parsed
 218:../DaisyExamples/libDaisy/src/hid/midi.h ****     */
 219:../DaisyExamples/libDaisy/src/hid/midi.h ****     void Parse(uint8_t byte)
 220:../DaisyExamples/libDaisy/src/hid/midi.h ****     {
 221:../DaisyExamples/libDaisy/src/hid/midi.h ****         MidiEvent event;
 222:../DaisyExamples/libDaisy/src/hid/midi.h ****         if(parser_.Parse(byte, &event))
 223:../DaisyExamples/libDaisy/src/hid/midi.h ****         {
 224:../DaisyExamples/libDaisy/src/hid/midi.h ****             event_q_.PushBack(event);
 225:../DaisyExamples/libDaisy/src/hid/midi.h ****         }
 226:../DaisyExamples/libDaisy/src/hid/midi.h ****     }
 227:../DaisyExamples/libDaisy/src/hid/midi.h **** 
 228:../DaisyExamples/libDaisy/src/hid/midi.h ****   private:
 229:../DaisyExamples/libDaisy/src/hid/midi.h ****     Config               config_;
 230:../DaisyExamples/libDaisy/src/hid/midi.h ****     Transport            transport_;
 231:../DaisyExamples/libDaisy/src/hid/midi.h ****     MidiParser           parser_;
 232:../DaisyExamples/libDaisy/src/hid/midi.h ****     FIFO<MidiEvent, 256> event_q_;
 233:../DaisyExamples/libDaisy/src/hid/midi.h **** 
 234:../DaisyExamples/libDaisy/src/hid/midi.h ****     static void ParseCallback(uint8_t* data, size_t size, void* context)
 487              		.loc 11 234 17 is_stmt 1 view -0
 488              		.cfi_startproc
 489              		@ args = 0, pretend = 0, frame = 144
 490              		@ frame_needed = 0, uses_anonymous_args = 0
 491              	.LBB374:
 235:../DaisyExamples/libDaisy/src/hid/midi.h ****     {
 236:../DaisyExamples/libDaisy/src/hid/midi.h ****         MidiHandler* handler = reinterpret_cast<MidiHandler*>(context);
 237:../DaisyExamples/libDaisy/src/hid/midi.h ****         for(size_t i = 0; i < size; i++)
 492              		.loc 11 237 29 view .LVU90
 493 0000 B9B3     		cbz	r1, .L36
 494 0002 0144     		add	r1, r1, r0
 495              	.LVL23:
 496              		.loc 11 237 29 is_stmt 0 view .LVU91
 497              	.LBE374:
 234:../DaisyExamples/libDaisy/src/hid/midi.h ****     {
 498              		.loc 11 234 17 view .LVU92
 499 0004 F0B5     		push	{r4, r5, r6, r7, lr}
 500              		.cfi_def_cfa_offset 20
 501              		.cfi_offset 4, -20
 502              		.cfi_offset 5, -16
 503              		.cfi_offset 6, -12
 504              		.cfi_offset 7, -8
ARM GAS  C:\Users\22bur\AppData\Local\Temp\ccfIx2UX.s 			page 36


 505              		.cfi_offset 14, -4
 506 0006 1546     		mov	r5, r2
 507 0008 A5B0     		sub	sp, sp, #148
 508              		.cfi_def_cfa_offset 168
 509              	.LBB393:
 510              	.LBB375:
 511              	.LBB376:
 222:../DaisyExamples/libDaisy/src/hid/midi.h ****         {
 512              		.loc 11 222 25 view .LVU93
 513 000a 02F12407 		add	r7, r2, #36
 514 000e 441E     		subs	r4, r0, #1
 515 0010 4E1E     		subs	r6, r1, #1
 516 0012 01E0     		b	.L34
 517              	.LVL24:
 518              	.L29:
 222:../DaisyExamples/libDaisy/src/hid/midi.h ****         {
 519              		.loc 11 222 25 view .LVU94
 520              	.LBE376:
 521              	.LBE375:
 522              		.loc 11 237 9 is_stmt 1 view .LVU95
 523              		.loc 11 237 29 view .LVU96
 524 0014 A642     		cmp	r6, r4
 525 0016 2AD0     		beq	.L39
 526              	.LVL25:
 527              	.L34:
 528              	.LBB392:
 529              	.LBI375:
 219:../DaisyExamples/libDaisy/src/hid/midi.h ****     {
 530              		.loc 11 219 10 discriminator 2 view .LVU97
 531              	.LBB391:
 222:../DaisyExamples/libDaisy/src/hid/midi.h ****         {
 532              		.loc 11 222 25 is_stmt 0 discriminator 2 view .LVU98
 533 0018 14F8011F 		ldrb	r1, [r4, #1]!	@ zero_extendqisi2
 534              	.LVL26:
 222:../DaisyExamples/libDaisy/src/hid/midi.h ****         {
 535              		.loc 11 222 25 discriminator 2 view .LVU99
 536 001c 6A46     		mov	r2, sp
 537 001e 3846     		mov	r0, r7
 538 0020 FFF7FEFF 		bl	_ZN5daisy10MidiParser5ParseEhPNS_9MidiEventE
 539              	.LVL27:
 222:../DaisyExamples/libDaisy/src/hid/midi.h ****         {
 540              		.loc 11 222 9 discriminator 2 view .LVU100
 541 0024 0028     		cmp	r0, #0
 542 0026 F5D0     		beq	.L29
 543              	.LVL28:
 544              	.LBB377:
 545              	.LBI377:
  49:../DaisyExamples/libDaisy/src/util/FIFO.h ****     {
 546              		.loc 9 49 10 is_stmt 1 view .LVU101
 547              	.LBB378:
 548              	.LBB379:
 549              	.LBI379:
 168:../DaisyExamples/libDaisy/src/util/FIFO.h **** 
 550              		.loc 9 168 10 view .LVU102
 551              	.LBB380:
 552              	.LBB381:
 553              	.LBI381:
ARM GAS  C:\Users\22bur\AppData\Local\Temp\ccfIx2UX.s 			page 37


 171:../DaisyExamples/libDaisy/src/util/FIFO.h ****     {
 554              		.loc 9 171 12 view .LVU103
 555              	.LBB382:
 175:../DaisyExamples/libDaisy/src/util/FIFO.h ****         return size_t(numElements);
 556              		.loc 9 175 28 is_stmt 0 view .LVU104
 557 0028 D5F8C4C0 		ldr	ip, [r5, #196]
 558              	.LBE382:
 559              	.LBE381:
 560              	.LBE380:
 561              	.LBE379:
  53:../DaisyExamples/libDaisy/src/util/FIFO.h ****             if(bufferIn_ >= bufferSize_)
 562              		.loc 9 53 13 view .LVU105
 563 002c 9022     		movs	r2, #144
 564 002e 6946     		mov	r1, sp
 565              	.LBB389:
 566              	.LBB387:
 567              	.LBB385:
 568              	.LBB383:
 173:../DaisyExamples/libDaisy/src/util/FIFO.h ****         if(numElements < 0)
 569              		.loc 9 173 41 view .LVU106
 570 0030 D5E93203 		ldrd	r0, r3, [r5, #200]
 571              	.LVL29:
 174:../DaisyExamples/libDaisy/src/util/FIFO.h ****             numElements += bufferSize_;
 572              		.loc 9 174 9 view .LVU107
 573 0034 C31A     		subs	r3, r0, r3
 574              	.LVL30:
 174:../DaisyExamples/libDaisy/src/util/FIFO.h ****             numElements += bufferSize_;
 575              		.loc 9 174 9 view .LVU108
 576              	.LBE383:
 577              	.LBE385:
 578              	.LBE387:
 579              	.LBE389:
  53:../DaisyExamples/libDaisy/src/util/FIFO.h ****             if(bufferIn_ >= bufferSize_)
 580              		.loc 9 53 13 view .LVU109
 581 0036 00F1010E 		add	lr, r0, #1
 582 003a 00EBC000 		add	r0, r0, r0, lsl #3
 583              	.LBB390:
 584              	.LBB388:
 585              	.LBB386:
 586              	.LBB384:
 175:../DaisyExamples/libDaisy/src/util/FIFO.h ****         return size_t(numElements);
 587              		.loc 9 175 25 view .LVU110
 588 003e 48BF     		it	mi
 589 0040 6344     		addmi	r3, r3, ip
 590              	.LVL31:
 175:../DaisyExamples/libDaisy/src/util/FIFO.h ****         return size_t(numElements);
 591              		.loc 9 175 25 view .LVU111
 592              	.LBE384:
 593              	.LBE386:
 168:../DaisyExamples/libDaisy/src/util/FIFO.h **** 
 594              		.loc 9 168 66 view .LVU112
 595 0042 0CF1FF3C 		add	ip, ip, #-1
 596              	.LBE388:
 597              	.LBE390:
  51:../DaisyExamples/libDaisy/src/util/FIFO.h ****         {
 598              		.loc 9 51 9 view .LVU113
 599 0046 9C45     		cmp	ip, r3
ARM GAS  C:\Users\22bur\AppData\Local\Temp\ccfIx2UX.s 			page 38


 600 0048 E4D0     		beq	.L29
  53:../DaisyExamples/libDaisy/src/util/FIFO.h ****             if(bufferIn_ >= bufferSize_)
 601              		.loc 9 53 13 view .LVU114
 602 004a D5F8C030 		ldr	r3, [r5, #192]
 603 004e C5F8C8E0 		str	lr, [r5, #200]
 604 0052 03EB0010 		add	r0, r3, r0, lsl #4
 605 0056 FFF7FEFF 		bl	memcpy
 606              	.LVL32:
  54:../DaisyExamples/libDaisy/src/util/FIFO.h ****                 bufferIn_ -= bufferSize_;
 607              		.loc 9 54 29 view .LVU115
 608 005a D5E93123 		ldrd	r2, r3, [r5, #196]
  54:../DaisyExamples/libDaisy/src/util/FIFO.h ****                 bufferIn_ -= bufferSize_;
 609              		.loc 9 54 13 view .LVU116
 610 005e 9342     		cmp	r3, r2
  55:../DaisyExamples/libDaisy/src/util/FIFO.h ****             return true;
 611              		.loc 9 55 27 view .LVU117
 612 0060 A3EB0203 		sub	r3, r3, r2
 613 0064 28BF     		it	cs
 614 0066 C5F8C830 		strcs	r3, [r5, #200]
 615              	.LVL33:
  55:../DaisyExamples/libDaisy/src/util/FIFO.h ****             return true;
 616              		.loc 9 55 27 view .LVU118
 617              	.LBE378:
 618              	.LBE377:
 619              	.LBE391:
 620              	.LBE392:
 621              		.loc 11 237 9 is_stmt 1 view .LVU119
 622              		.loc 11 237 29 view .LVU120
 623 006a A642     		cmp	r6, r4
 624 006c D4D1     		bne	.L34
 625              	.LVL34:
 626              	.L39:
 627              		.loc 11 237 29 is_stmt 0 view .LVU121
 628              	.LBE393:
 238:../DaisyExamples/libDaisy/src/hid/midi.h ****         {
 239:../DaisyExamples/libDaisy/src/hid/midi.h ****             handler->Parse(data[i]);
 240:../DaisyExamples/libDaisy/src/hid/midi.h ****         }
 241:../DaisyExamples/libDaisy/src/hid/midi.h ****     }
 629              		.loc 11 241 5 view .LVU122
 630 006e 25B0     		add	sp, sp, #148
 631              		.cfi_def_cfa_offset 20
 632              		@ sp needed
 633 0070 F0BD     		pop	{r4, r5, r6, r7, pc}
 634              	.LVL35:
 635              	.L36:
 636              		.cfi_def_cfa_offset 0
 637              		.cfi_restore 4
 638              		.cfi_restore 5
 639              		.cfi_restore 6
 640              		.cfi_restore 7
 641              		.cfi_restore 14
 642              		.loc 11 241 5 view .LVU123
 643 0072 7047     		bx	lr
 644              		.cfi_endproc
 645              	.LFE5188:
 647              		.section	.rodata._Z19GetMidiTypeAsStringRN5daisy9MidiEventEPc.str1.4,"aMS",%progbits,1
 648              		.align	2
ARM GAS  C:\Users\22bur\AppData\Local\Temp\ccfIx2UX.s 			page 39


 649              	.LC4:
 650 0000 4E6F7465 		.ascii	"NoteOff\000"
 650      4F666600 
 651              		.align	2
 652              	.LC5:
 653 0008 4E6F7465 		.ascii	"NoteOn\000"
 653      4F6E00
 654 000f 00       		.align	2
 655              	.LC6:
 656 0010 506F6C79 		.ascii	"PolyKeyPres.\000"
 656      4B657950 
 656      7265732E 
 656      00
 657 001d 000000   		.align	2
 658              	.LC7:
 659 0020 434300   		.ascii	"CC\000"
 660 0023 00       		.align	2
 661              	.LC8:
 662 0024 50726F67 		.ascii	"Prog. Change\000"
 662      2E204368 
 662      616E6765 
 662      00
 663 0031 000000   		.align	2
 664              	.LC9:
 665 0034 43686E2E 		.ascii	"Chn. Pressure\000"
 665      20507265 
 665      73737572 
 665      6500
 666 0042 0000     		.align	2
 667              	.LC10:
 668 0044 50697463 		.ascii	"PitchBend\000"
 668      6842656E 
 668      6400
 669 004e 0000     		.align	2
 670              	.LC11:
 671 0050 5379732E 		.ascii	"Sys. Common\000"
 671      20436F6D 
 671      6D6F6E00 
 672              		.align	2
 673              	.LC12:
 674 005c 5379732E 		.ascii	"Sys. Realtime\000"
 674      20526561 
 674      6C74696D 
 674      6500
 675 006a 0000     		.align	2
 676              	.LC13:
 677 006c 43686E2E 		.ascii	"Chn. Mode\000"
 677      204D6F64 
 677      6500
 678 0076 0000     		.align	2
 679              	.LC14:
 680 0078 556E6B6E 		.ascii	"Unknown\000"
 680      6F776E00 
 681              		.section	.text._Z19GetMidiTypeAsStringRN5daisy9MidiEventEPc,"ax",%progbits
 682              		.align	1
 683              		.p2align 2,,3
 684              		.global	_Z19GetMidiTypeAsStringRN5daisy9MidiEventEPc
ARM GAS  C:\Users\22bur\AppData\Local\Temp\ccfIx2UX.s 			page 40


 685              		.syntax unified
 686              		.thumb
 687              		.thumb_func
 688              		.fpu fpv5-d16
 690              	_Z19GetMidiTypeAsStringRN5daisy9MidiEventEPc:
 691              	.LVL36:
 692              	.LFB4730:
 432:main.cpp      ****     switch(msg.type){
 693              		.loc 10 432 52 is_stmt 1 view -0
 694              		.cfi_startproc
 695              		@ args = 0, pretend = 0, frame = 0
 696              		@ frame_needed = 0, uses_anonymous_args = 0
 697              		@ link register save eliminated.
 433:main.cpp      ****         case NoteOff: strcpy(str, "NoteOff"); break;
 698              		.loc 10 433 5 view .LVU125
 699 0000 0278     		ldrb	r2, [r0]	@ zero_extendqisi2
 432:main.cpp      ****     switch(msg.type){
 700              		.loc 10 432 52 is_stmt 0 view .LVU126
 701 0002 0B46     		mov	r3, r1
 702 0004 10B4     		push	{r4}
 703              		.cfi_def_cfa_offset 4
 704              		.cfi_offset 4, -4
 705 0006 092A     		cmp	r2, #9
 706 0008 42D8     		bhi	.L41
 707 000a DFE802F0 		tbb	[pc, r2]
 708              	.LVL37:
 709              	.L43:
 710 000e 0E       		.byte	(.L52-.L43)/2
 711 000f 13       		.byte	(.L51-.L43)/2
 712 0010 1B       		.byte	(.L50-.L43)/2
 713 0011 25       		.byte	(.L49-.L43)/2
 714 0012 2B       		.byte	(.L48-.L43)/2
 715 0013 2D       		.byte	(.L47-.L43)/2
 716 0014 37       		.byte	(.L46-.L43)/2
 717 0015 39       		.byte	(.L45-.L43)/2
 718 0016 3F       		.byte	(.L44-.L43)/2
 719 0017 05       		.byte	(.L42-.L43)/2
 720              		.p2align 1
 721              	.L42:
 443:main.cpp      ****         default: strcpy(str, "Unknown"); break;
 722              		.loc 10 443 9 is_stmt 1 view .LVU127
 443:main.cpp      ****         default: strcpy(str, "Unknown"); break;
 723              		.loc 10 443 27 view .LVU128
 443:main.cpp      ****         default: strcpy(str, "Unknown"); break;
 724              		.loc 10 443 33 is_stmt 0 view .LVU129
 725 0018 204A     		ldr	r2, .L58
 726              	.L57:
 727 001a 03CA     		ldmia	r2!, {r0, r1}
 728              	.LVL38:
 443:main.cpp      ****         default: strcpy(str, "Unknown"); break;
 729              		.loc 10 443 33 view .LVU130
 730 001c 1288     		ldrh	r2, [r2]	@ unaligned
 731 001e 1860     		str	r0, [r3]	@ unaligned
 732 0020 5960     		str	r1, [r3, #4]	@ unaligned
 733 0022 1A81     		strh	r2, [r3, #8]	@ unaligned
 443:main.cpp      ****         default: strcpy(str, "Unknown"); break;
 734              		.loc 10 443 53 is_stmt 1 view .LVU131
ARM GAS  C:\Users\22bur\AppData\Local\Temp\ccfIx2UX.s 			page 41


 735              	.L40:
 446:main.cpp      **** 
 736              		.loc 10 446 1 is_stmt 0 view .LVU132
 737 0024 5DF8044B 		ldr	r4, [sp], #4
 738              		.cfi_remember_state
 739              		.cfi_restore 4
 740              		.cfi_def_cfa_offset 0
 741 0028 7047     		bx	lr
 742              	.LVL39:
 743              	.L52:
 744              		.cfi_restore_state
 434:main.cpp      ****         case NoteOn: strcpy(str, "NoteOn"); break;
 745              		.loc 10 434 9 is_stmt 1 view .LVU133
 434:main.cpp      ****         case NoteOn: strcpy(str, "NoteOn"); break;
 746              		.loc 10 434 23 view .LVU134
 434:main.cpp      ****         case NoteOn: strcpy(str, "NoteOn"); break;
 747              		.loc 10 434 29 is_stmt 0 view .LVU135
 748 002a 1D4A     		ldr	r2, .L58+4
 749 002c 03CA     		ldmia	r2!, {r0, r1}
 750              	.LVL40:
 434:main.cpp      ****         case NoteOn: strcpy(str, "NoteOn"); break;
 751              		.loc 10 434 29 view .LVU136
 752 002e 1860     		str	r0, [r3]	@ unaligned
 753 0030 5960     		str	r1, [r3, #4]	@ unaligned
 434:main.cpp      ****         case NoteOn: strcpy(str, "NoteOn"); break;
 754              		.loc 10 434 47 is_stmt 1 view .LVU137
 755 0032 F7E7     		b	.L40
 756              	.LVL41:
 757              	.L51:
 435:main.cpp      ****         case PolyphonicKeyPressure: strcpy(str, "PolyKeyPres."); break;
 758              		.loc 10 435 9 view .LVU138
 435:main.cpp      ****         case PolyphonicKeyPressure: strcpy(str, "PolyKeyPres."); break;
 759              		.loc 10 435 22 view .LVU139
 435:main.cpp      ****         case PolyphonicKeyPressure: strcpy(str, "PolyKeyPres."); break;
 760              		.loc 10 435 28 is_stmt 0 view .LVU140
 761 0034 1B4A     		ldr	r2, .L58+8
 762 0036 1068     		ldr	r0, [r2]
 763              	.LVL42:
 435:main.cpp      ****         case PolyphonicKeyPressure: strcpy(str, "PolyKeyPres."); break;
 764              		.loc 10 435 28 view .LVU141
 765 0038 9188     		ldrh	r1, [r2, #4]	@ unaligned
 766 003a 9279     		ldrb	r2, [r2, #6]	@ zero_extendqisi2
 767 003c 1860     		str	r0, [r3]	@ unaligned
 768 003e 9980     		strh	r1, [r3, #4]	@ unaligned
 769 0040 9A71     		strb	r2, [r3, #6]
 435:main.cpp      ****         case PolyphonicKeyPressure: strcpy(str, "PolyKeyPres."); break;
 770              		.loc 10 435 45 is_stmt 1 view .LVU142
 771 0042 EFE7     		b	.L40
 772              	.LVL43:
 773              	.L50:
 436:main.cpp      ****         case ControlChange: strcpy(str, "CC"); break;
 774              		.loc 10 436 9 view .LVU143
 436:main.cpp      ****         case ControlChange: strcpy(str, "CC"); break;
 775              		.loc 10 436 37 view .LVU144
 436:main.cpp      ****         case ControlChange: strcpy(str, "CC"); break;
 776              		.loc 10 436 43 is_stmt 0 view .LVU145
 777 0044 184C     		ldr	r4, .L58+12
ARM GAS  C:\Users\22bur\AppData\Local\Temp\ccfIx2UX.s 			page 42


 778              	.L55:
 438:main.cpp      ****         case ChannelPressure: strcpy(str, "Chn. Pressure"); break;
 779              		.loc 10 438 35 view .LVU146
 780 0046 07CC     		ldmia	r4!, {r0, r1, r2}
 781              	.LVL44:
 438:main.cpp      ****         case ChannelPressure: strcpy(str, "Chn. Pressure"); break;
 782              		.loc 10 438 35 view .LVU147
 783 0048 2478     		ldrb	r4, [r4]	@ zero_extendqisi2
 784 004a 1860     		str	r0, [r3]	@ unaligned
 785 004c 5960     		str	r1, [r3, #4]	@ unaligned
 786 004e 9A60     		str	r2, [r3, #8]	@ unaligned
 787 0050 1C73     		strb	r4, [r3, #12]
 438:main.cpp      ****         case ChannelPressure: strcpy(str, "Chn. Pressure"); break;
 788              		.loc 10 438 58 is_stmt 1 view .LVU148
 446:main.cpp      **** 
 789              		.loc 10 446 1 is_stmt 0 view .LVU149
 790 0052 5DF8044B 		ldr	r4, [sp], #4
 791              		.cfi_remember_state
 792              		.cfi_restore 4
 793              		.cfi_def_cfa_offset 0
 794 0056 7047     		bx	lr
 795              	.LVL45:
 796              	.L49:
 797              		.cfi_restore_state
 437:main.cpp      ****         case ProgramChange: strcpy(str, "Prog. Change"); break;
 798              		.loc 10 437 9 is_stmt 1 view .LVU150
 437:main.cpp      ****         case ProgramChange: strcpy(str, "Prog. Change"); break;
 799              		.loc 10 437 29 view .LVU151
 437:main.cpp      ****         case ProgramChange: strcpy(str, "Prog. Change"); break;
 800              		.loc 10 437 35 is_stmt 0 view .LVU152
 801 0058 144A     		ldr	r2, .L58+16
 802 005a 1188     		ldrh	r1, [r2]	@ unaligned
 803 005c 9278     		ldrb	r2, [r2, #2]	@ zero_extendqisi2
 804 005e 1980     		strh	r1, [r3]	@ unaligned
 805 0060 9A70     		strb	r2, [r3, #2]
 437:main.cpp      ****         case ProgramChange: strcpy(str, "Prog. Change"); break;
 806              		.loc 10 437 48 is_stmt 1 view .LVU153
 807 0062 DFE7     		b	.L40
 808              	.L48:
 438:main.cpp      ****         case ChannelPressure: strcpy(str, "Chn. Pressure"); break;
 809              		.loc 10 438 9 view .LVU154
 438:main.cpp      ****         case ChannelPressure: strcpy(str, "Chn. Pressure"); break;
 810              		.loc 10 438 29 view .LVU155
 438:main.cpp      ****         case ChannelPressure: strcpy(str, "Chn. Pressure"); break;
 811              		.loc 10 438 35 is_stmt 0 view .LVU156
 812 0064 124C     		ldr	r4, .L58+20
 813 0066 EEE7     		b	.L55
 814              	.L47:
 439:main.cpp      ****         case PitchBend: strcpy(str, "PitchBend"); break;
 815              		.loc 10 439 9 is_stmt 1 view .LVU157
 439:main.cpp      ****         case PitchBend: strcpy(str, "PitchBend"); break;
 816              		.loc 10 439 31 view .LVU158
 439:main.cpp      ****         case PitchBend: strcpy(str, "PitchBend"); break;
 817              		.loc 10 439 37 is_stmt 0 view .LVU159
 818 0068 124C     		ldr	r4, .L58+24
 819              	.L56:
 442:main.cpp      ****         case ChannelMode: strcpy(str, "Chn. Mode"); break;
ARM GAS  C:\Users\22bur\AppData\Local\Temp\ccfIx2UX.s 			page 43


 820              		.loc 10 442 36 view .LVU160
 821 006a 07CC     		ldmia	r4!, {r0, r1, r2}
 822              	.LVL46:
 442:main.cpp      ****         case ChannelMode: strcpy(str, "Chn. Mode"); break;
 823              		.loc 10 442 36 view .LVU161
 824 006c 2488     		ldrh	r4, [r4]	@ unaligned
 825 006e 1860     		str	r0, [r3]	@ unaligned
 826 0070 5960     		str	r1, [r3, #4]	@ unaligned
 827 0072 9A60     		str	r2, [r3, #8]	@ unaligned
 828 0074 9C81     		strh	r4, [r3, #12]	@ unaligned
 442:main.cpp      ****         case ChannelMode: strcpy(str, "Chn. Mode"); break;
 829              		.loc 10 442 60 is_stmt 1 view .LVU162
 446:main.cpp      **** 
 830              		.loc 10 446 1 is_stmt 0 view .LVU163
 831 0076 5DF8044B 		ldr	r4, [sp], #4
 832              		.cfi_remember_state
 833              		.cfi_restore 4
 834              		.cfi_def_cfa_offset 0
 835 007a 7047     		bx	lr
 836              	.LVL47:
 837              	.L46:
 838              		.cfi_restore_state
 440:main.cpp      ****         case SystemCommon: strcpy(str, "Sys. Common"); break;
 839              		.loc 10 440 9 is_stmt 1 view .LVU164
 440:main.cpp      ****         case SystemCommon: strcpy(str, "Sys. Common"); break;
 840              		.loc 10 440 25 view .LVU165
 440:main.cpp      ****         case SystemCommon: strcpy(str, "Sys. Common"); break;
 841              		.loc 10 440 31 is_stmt 0 view .LVU166
 842 007c 0E4A     		ldr	r2, .L58+28
 843 007e CCE7     		b	.L57
 844              	.L45:
 441:main.cpp      ****         case SystemRealTime: strcpy(str, "Sys. Realtime"); break;
 845              		.loc 10 441 9 is_stmt 1 view .LVU167
 441:main.cpp      ****         case SystemRealTime: strcpy(str, "Sys. Realtime"); break;
 846              		.loc 10 441 28 view .LVU168
 441:main.cpp      ****         case SystemRealTime: strcpy(str, "Sys. Realtime"); break;
 847              		.loc 10 441 34 is_stmt 0 view .LVU169
 848 0080 0E4C     		ldr	r4, .L58+32
 849 0082 07CC     		ldmia	r4!, {r0, r1, r2}
 850              	.LVL48:
 441:main.cpp      ****         case SystemRealTime: strcpy(str, "Sys. Realtime"); break;
 851              		.loc 10 441 34 view .LVU170
 852 0084 1860     		str	r0, [r3]	@ unaligned
 853 0086 5960     		str	r1, [r3, #4]	@ unaligned
 854 0088 9A60     		str	r2, [r3, #8]	@ unaligned
 441:main.cpp      ****         case SystemRealTime: strcpy(str, "Sys. Realtime"); break;
 855              		.loc 10 441 56 is_stmt 1 view .LVU171
 856 008a CBE7     		b	.L40
 857              	.LVL49:
 858              	.L44:
 442:main.cpp      ****         case ChannelMode: strcpy(str, "Chn. Mode"); break;
 859              		.loc 10 442 9 view .LVU172
 442:main.cpp      ****         case ChannelMode: strcpy(str, "Chn. Mode"); break;
 860              		.loc 10 442 30 view .LVU173
 442:main.cpp      ****         case ChannelMode: strcpy(str, "Chn. Mode"); break;
 861              		.loc 10 442 36 is_stmt 0 view .LVU174
 862 008c 0C4C     		ldr	r4, .L58+36
ARM GAS  C:\Users\22bur\AppData\Local\Temp\ccfIx2UX.s 			page 44


 863 008e ECE7     		b	.L56
 864              	.L41:
 444:main.cpp      ****     }
 865              		.loc 10 444 9 is_stmt 1 view .LVU175
 444:main.cpp      ****     }
 866              		.loc 10 444 18 view .LVU176
 444:main.cpp      ****     }
 867              		.loc 10 444 24 is_stmt 0 view .LVU177
 868 0090 0C4A     		ldr	r2, .L58+40
 869 0092 03CA     		ldmia	r2!, {r0, r1}
 870              	.LVL50:
 444:main.cpp      ****     }
 871              		.loc 10 444 24 view .LVU178
 872 0094 1860     		str	r0, [r3]	@ unaligned
 873 0096 5960     		str	r1, [r3, #4]	@ unaligned
 444:main.cpp      ****     }
 874              		.loc 10 444 42 is_stmt 1 view .LVU179
 446:main.cpp      **** 
 875              		.loc 10 446 1 is_stmt 0 view .LVU180
 876 0098 C4E7     		b	.L40
 877              	.L59:
 878 009a 00BF     		.align	2
 879              	.L58:
 880 009c 6C000000 		.word	.LC13
 881 00a0 00000000 		.word	.LC4
 882 00a4 08000000 		.word	.LC5
 883 00a8 10000000 		.word	.LC6
 884 00ac 20000000 		.word	.LC7
 885 00b0 24000000 		.word	.LC8
 886 00b4 34000000 		.word	.LC9
 887 00b8 44000000 		.word	.LC10
 888 00bc 50000000 		.word	.LC11
 889 00c0 5C000000 		.word	.LC12
 890 00c4 78000000 		.word	.LC14
 891              		.cfi_endproc
 892              	.LFE4730:
 894              		.section	.text._Z10packetSendv,"ax",%progbits
 895              		.align	1
 896              		.p2align 2,,3
 897              		.global	_Z10packetSendv
 898              		.syntax unified
 899              		.thumb
 900              		.thumb_func
 901              		.fpu fpv5-d16
 903              	_Z10packetSendv:
 904              	.LFB4732:
 461:main.cpp      **** 
 462:main.cpp      **** void packetSend() {
 905              		.loc 10 462 19 is_stmt 1 view -0
 906              		.cfi_startproc
 907              		@ args = 0, pretend = 0, frame = 0
 908              		@ frame_needed = 0, uses_anonymous_args = 0
 463:main.cpp      ****     int idx = 0;
 909              		.loc 10 463 5 view .LVU182
 910              	.LVL51:
 464:main.cpp      ****     // 1. START BYTE (The Sync Byte)
 465:main.cpp      ****     tx_buffer[idx++] = 0xAA; 
ARM GAS  C:\Users\22bur\AppData\Local\Temp\ccfIx2UX.s 			page 45


 911              		.loc 10 465 5 view .LVU183
 466:main.cpp      **** 
 467:main.cpp      ****     // 2. HEADER
 468:main.cpp      ****     tx_buffer[idx++] = menu;
 912              		.loc 10 468 22 is_stmt 0 view .LVU184
 913 0000 2E49     		ldr	r1, .L72
 465:main.cpp      **** 
 914              		.loc 10 465 22 view .LVU185
 915 0002 AA22     		movs	r2, #170
 916 0004 2E4B     		ldr	r3, .L72+4
 469:main.cpp      ****     tx_buffer[idx++] = loc; // Location 1 for testing CHANGE VALUE LATER
 917              		.loc 10 469 22 view .LVU186
 918 0006 2F48     		ldr	r0, .L72+8
 462:main.cpp      ****     int idx = 0;
 919              		.loc 10 462 19 view .LVU187
 920 0008 10B5     		push	{r4, lr}
 921              		.cfi_def_cfa_offset 8
 922              		.cfi_offset 4, -8
 923              		.cfi_offset 14, -4
 468:main.cpp      ****     tx_buffer[idx++] = loc; // Location 1 for testing CHANGE VALUE LATER
 924              		.loc 10 468 22 view .LVU188
 925 000a 0978     		ldrb	r1, [r1]	@ zero_extendqisi2
 462:main.cpp      ****     int idx = 0;
 926              		.loc 10 462 19 view .LVU189
 927 000c 82B0     		sub	sp, sp, #8
 928              		.cfi_def_cfa_offset 16
 929              		.loc 10 469 22 view .LVU190
 930 000e 0078     		ldrb	r0, [r0]	@ zero_extendqisi2
 465:main.cpp      **** 
 931              		.loc 10 465 22 view .LVU191
 932 0010 1A70     		strb	r2, [r3]
 468:main.cpp      ****     tx_buffer[idx++] = loc; // Location 1 for testing CHANGE VALUE LATER
 933              		.loc 10 468 5 is_stmt 1 view .LVU192
 934              	.LVL52:
 468:main.cpp      ****     tx_buffer[idx++] = loc; // Location 1 for testing CHANGE VALUE LATER
 935              		.loc 10 468 5 is_stmt 0 view .LVU193
 936 0012 4A1E     		subs	r2, r1, #1
 468:main.cpp      ****     tx_buffer[idx++] = loc; // Location 1 for testing CHANGE VALUE LATER
 937              		.loc 10 468 22 view .LVU194
 938 0014 5970     		strb	r1, [r3, #1]
 939              		.loc 10 469 5 is_stmt 1 view .LVU195
 940              	.LVL53:
 941              		.loc 10 469 22 is_stmt 0 view .LVU196
 942 0016 9870     		strb	r0, [r3, #2]
 470:main.cpp      **** 
 471:main.cpp      ****     switch(menu) {
 943              		.loc 10 471 5 is_stmt 1 view .LVU197
 944 0018 032A     		cmp	r2, #3
 945 001a 4CD8     		bhi	.L68
 946 001c DFE802F0 		tbb	[pc, r2]
 947              	.L63:
 948 0020 2D       		.byte	(.L66-.L63)/2
 949 0021 1C       		.byte	(.L65-.L63)/2
 950 0022 0E       		.byte	(.L64-.L63)/2
 951 0023 02       		.byte	(.L62-.L63)/2
 952              		.p2align 1
 953              	.L62:
ARM GAS  C:\Users\22bur\AppData\Local\Temp\ccfIx2UX.s 			page 46


 954              	.LBB394:
 955              	.LBB395:
 472:main.cpp      ****     // 3. GENERATE PAYLOADS
 473:main.cpp      ****         case 0: 
 474:main.cpp      ****             break;
 475:main.cpp      ****         case 1: // Payload (26 bytes total)
 476:main.cpp      ****             tx_buffer[idx++] = sub_menu;                              // 1 Sub-Menu
 477:main.cpp      ****             for(int i=0; i<8; i++) tx_buffer[idx++] = amp[i]; // 8 Amps
 478:main.cpp      ****             for(int i=0; i<8; i++) tx_buffer[idx++] = shape[i];       // 8 Shapes
 479:main.cpp      ****             for(int i=0; i<8; i++) tx_buffer[idx++] = phase[i];      // 8 Phases
 480:main.cpp      ****             tx_buffer[idx++] = preset;                         // 1 Preset
 481:main.cpp      ****             break;
 482:main.cpp      ****         case 2: // FX Menu (4 bytes payload)
 483:main.cpp      ****             tx_buffer[idx++] = fx_type;  // Select=1, Type=10
 484:main.cpp      ****             if(fx_select) {
 485:main.cpp      ****                 tx_buffer[idx++] = fx_val_11;  
 486:main.cpp      ****                 tx_buffer[idx++] = fx_val_12; 
 487:main.cpp      ****                 tx_buffer[idx++] = fx_val_13;
 488:main.cpp      ****             }
 489:main.cpp      ****             else {
 490:main.cpp      ****                 tx_buffer[idx++] = fx_val_01;  
 491:main.cpp      ****                 tx_buffer[idx++] = fx_val_02; 
 492:main.cpp      ****                 tx_buffer[idx++] = fx_val_03;
 493:main.cpp      ****             }
 494:main.cpp      ****             break;
 495:main.cpp      ****         case 3: // Envelope (4 bytes payload)
 496:main.cpp      ****             tx_buffer[idx++] = menu_atk; 
 497:main.cpp      ****             tx_buffer[idx++] = menu_dec; 
 498:main.cpp      ****             tx_buffer[idx++] = menu_sus; 
 499:main.cpp      ****             tx_buffer[idx++] = menu_rel;
 500:main.cpp      ****             break;
 501:main.cpp      ****         case 4:
 956              		.loc 10 501 9 view .LVU198
 502:main.cpp      ****             tx_buffer[idx++] = 0xFF;
 957              		.loc 10 502 13 view .LVU199
 958              	.LVL54:
 959              		.loc 10 502 30 is_stmt 0 view .LVU200
 960 0024 FF21     		movs	r1, #255
 503:main.cpp      ****             break;
 961              		.loc 10 503 13 view .LVU201
 962 0026 0422     		movs	r2, #4
 502:main.cpp      ****             tx_buffer[idx++] = 0xFF;
 963              		.loc 10 502 30 view .LVU202
 964 0028 D970     		strb	r1, [r3, #3]
 965              		.loc 10 503 13 is_stmt 1 view .LVU203
 966              	.LVL55:
 967              	.L61:
 968              		.loc 10 503 13 is_stmt 0 view .LVU204
 969              	.LBE395:
 970              	.LBE394:
 504:main.cpp      ****     }
 505:main.cpp      ****         
 506:main.cpp      ****     // Send via DMA
 507:main.cpp      ****     uart.DmaTransmit(tx_buffer, idx, NULL, NULL, NULL);
 971              		.loc 10 507 5 is_stmt 1 view .LVU205
 972              		.loc 10 507 21 is_stmt 0 view .LVU206
 973 002a 0023     		movs	r3, #0
ARM GAS  C:\Users\22bur\AppData\Local\Temp\ccfIx2UX.s 			page 47


 974 002c 2449     		ldr	r1, .L72+4
 975 002e 2648     		ldr	r0, .L72+12
 976 0030 CDE90033 		strd	r3, r3, [sp]
 977 0034 FFF7FEFF 		bl	_ZN5daisy11UartHandler11DmaTransmitEPhjPFvPvEPFvS2_NS0_6ResultEES2_
 978              	.LVL56:
 508:main.cpp      **** }
 979              		.loc 10 508 1 view .LVU207
 980 0038 02B0     		add	sp, sp, #8
 981              		.cfi_remember_state
 982              		.cfi_def_cfa_offset 8
 983              		@ sp needed
 984 003a 10BD     		pop	{r4, pc}
 985              	.LVL57:
 986              	.L64:
 987              		.cfi_restore_state
 988              	.LBB407:
 989              	.LBB406:
 495:main.cpp      ****             tx_buffer[idx++] = menu_atk; 
 990              		.loc 10 495 9 is_stmt 1 view .LVU208
 496:main.cpp      ****             tx_buffer[idx++] = menu_dec; 
 991              		.loc 10 496 13 view .LVU209
 496:main.cpp      ****             tx_buffer[idx++] = menu_dec; 
 992              		.loc 10 496 30 is_stmt 0 view .LVU210
 993 003c 234C     		ldr	r4, .L72+16
 497:main.cpp      ****             tx_buffer[idx++] = menu_sus; 
 994              		.loc 10 497 30 view .LVU211
 995 003e 244A     		ldr	r2, .L72+20
 498:main.cpp      ****             tx_buffer[idx++] = menu_rel;
 996              		.loc 10 498 30 view .LVU212
 997 0040 2448     		ldr	r0, .L72+24
 499:main.cpp      ****             break;
 998              		.loc 10 499 30 view .LVU213
 999 0042 2549     		ldr	r1, .L72+28
 497:main.cpp      ****             tx_buffer[idx++] = menu_sus; 
 1000              		.loc 10 497 30 view .LVU214
 1001 0044 1278     		ldrb	r2, [r2]	@ zero_extendqisi2
 496:main.cpp      ****             tx_buffer[idx++] = menu_dec; 
 1002              		.loc 10 496 30 view .LVU215
 1003 0046 2478     		ldrb	r4, [r4]	@ zero_extendqisi2
 498:main.cpp      ****             tx_buffer[idx++] = menu_rel;
 1004              		.loc 10 498 30 view .LVU216
 1005 0048 0078     		ldrb	r0, [r0]	@ zero_extendqisi2
 499:main.cpp      ****             break;
 1006              		.loc 10 499 30 view .LVU217
 1007 004a 0978     		ldrb	r1, [r1]	@ zero_extendqisi2
 497:main.cpp      ****             tx_buffer[idx++] = menu_sus; 
 1008              		.loc 10 497 30 view .LVU218
 1009 004c 1A71     		strb	r2, [r3, #4]
 500:main.cpp      ****         case 4:
 1010              		.loc 10 500 13 view .LVU219
 1011 004e 0722     		movs	r2, #7
 496:main.cpp      ****             tx_buffer[idx++] = menu_dec; 
 1012              		.loc 10 496 30 view .LVU220
 1013 0050 DC70     		strb	r4, [r3, #3]
 497:main.cpp      ****             tx_buffer[idx++] = menu_sus; 
 1014              		.loc 10 497 13 is_stmt 1 view .LVU221
 1015              	.LVL58:
ARM GAS  C:\Users\22bur\AppData\Local\Temp\ccfIx2UX.s 			page 48


 498:main.cpp      ****             tx_buffer[idx++] = menu_rel;
 1016              		.loc 10 498 13 view .LVU222
 498:main.cpp      ****             tx_buffer[idx++] = menu_rel;
 1017              		.loc 10 498 30 is_stmt 0 view .LVU223
 1018 0052 5871     		strb	r0, [r3, #5]
 499:main.cpp      ****             break;
 1019              		.loc 10 499 13 is_stmt 1 view .LVU224
 1020              	.LVL59:
 499:main.cpp      ****             break;
 1021              		.loc 10 499 30 is_stmt 0 view .LVU225
 1022 0054 9971     		strb	r1, [r3, #6]
 500:main.cpp      ****         case 4:
 1023              		.loc 10 500 13 is_stmt 1 view .LVU226
 1024 0056 E8E7     		b	.L61
 1025              	.LVL60:
 1026              	.L65:
 482:main.cpp      ****             tx_buffer[idx++] = fx_type;  // Select=1, Type=10
 1027              		.loc 10 482 9 view .LVU227
 483:main.cpp      ****             if(fx_select) {
 1028              		.loc 10 483 13 view .LVU228
 483:main.cpp      ****             if(fx_select) {
 1029              		.loc 10 483 30 is_stmt 0 view .LVU229
 1030 0058 2049     		ldr	r1, .L72+32
 484:main.cpp      ****                 tx_buffer[idx++] = fx_val_11;  
 1031              		.loc 10 484 13 view .LVU230
 1032 005a 214A     		ldr	r2, .L72+36
 483:main.cpp      ****             if(fx_select) {
 1033              		.loc 10 483 30 view .LVU231
 1034 005c 0978     		ldrb	r1, [r1]	@ zero_extendqisi2
 484:main.cpp      ****                 tx_buffer[idx++] = fx_val_11;  
 1035              		.loc 10 484 13 view .LVU232
 1036 005e 1278     		ldrb	r2, [r2]	@ zero_extendqisi2
 483:main.cpp      ****             if(fx_select) {
 1037              		.loc 10 483 30 view .LVU233
 1038 0060 D970     		strb	r1, [r3, #3]
 484:main.cpp      ****                 tx_buffer[idx++] = fx_val_11;  
 1039              		.loc 10 484 13 is_stmt 1 view .LVU234
 1040 0062 22BB     		cbnz	r2, .L71
 490:main.cpp      ****                 tx_buffer[idx++] = fx_val_02; 
 1041              		.loc 10 490 17 view .LVU235
 1042              	.LVL61:
 490:main.cpp      ****                 tx_buffer[idx++] = fx_val_02; 
 1043              		.loc 10 490 34 is_stmt 0 view .LVU236
 1044 0064 1F4C     		ldr	r4, .L72+40
 491:main.cpp      ****                 tx_buffer[idx++] = fx_val_03;
 1045              		.loc 10 491 34 view .LVU237
 1046 0066 2048     		ldr	r0, .L72+44
 492:main.cpp      ****             }
 1047              		.loc 10 492 34 view .LVU238
 1048 0068 2049     		ldr	r1, .L72+48
 1049              	.L70:
 490:main.cpp      ****                 tx_buffer[idx++] = fx_val_02; 
 1050              		.loc 10 490 34 view .LVU239
 1051 006a 2478     		ldrb	r4, [r4]	@ zero_extendqisi2
 492:main.cpp      ****             }
 1052              		.loc 10 492 34 view .LVU240
 1053 006c 0722     		movs	r2, #7
ARM GAS  C:\Users\22bur\AppData\Local\Temp\ccfIx2UX.s 			page 49


 491:main.cpp      ****                 tx_buffer[idx++] = fx_val_03;
 1054              		.loc 10 491 34 view .LVU241
 1055 006e 0078     		ldrb	r0, [r0]	@ zero_extendqisi2
 492:main.cpp      ****             }
 1056              		.loc 10 492 34 view .LVU242
 1057 0070 0978     		ldrb	r1, [r1]	@ zero_extendqisi2
 490:main.cpp      ****                 tx_buffer[idx++] = fx_val_02; 
 1058              		.loc 10 490 34 view .LVU243
 1059 0072 1C71     		strb	r4, [r3, #4]
 491:main.cpp      ****                 tx_buffer[idx++] = fx_val_03;
 1060              		.loc 10 491 17 is_stmt 1 view .LVU244
 1061              	.LVL62:
 491:main.cpp      ****                 tx_buffer[idx++] = fx_val_03;
 1062              		.loc 10 491 34 is_stmt 0 view .LVU245
 1063 0074 5871     		strb	r0, [r3, #5]
 492:main.cpp      ****             }
 1064              		.loc 10 492 17 is_stmt 1 view .LVU246
 1065              	.LVL63:
 492:main.cpp      ****             }
 1066              		.loc 10 492 34 is_stmt 0 view .LVU247
 1067 0076 9971     		strb	r1, [r3, #6]
 1068 0078 D7E7     		b	.L61
 1069              	.LVL64:
 1070              	.L66:
 475:main.cpp      ****             tx_buffer[idx++] = sub_menu;                              // 1 Sub-Menu
 1071              		.loc 10 475 9 is_stmt 1 view .LVU248
 476:main.cpp      ****             for(int i=0; i<8; i++) tx_buffer[idx++] = amp[i]; // 8 Amps
 1072              		.loc 10 476 13 view .LVU249
 476:main.cpp      ****             for(int i=0; i<8; i++) tx_buffer[idx++] = amp[i]; // 8 Amps
 1073              		.loc 10 476 30 is_stmt 0 view .LVU250
 1074 007a 1D48     		ldr	r0, .L72+52
 1075              	.LBB396:
 477:main.cpp      ****             for(int i=0; i<8; i++) tx_buffer[idx++] = shape[i];       // 8 Shapes
 1076              		.loc 10 477 53 view .LVU251
 1077 007c 1D49     		ldr	r1, .L72+56
 1078              	.LBE396:
 476:main.cpp      ****             for(int i=0; i<8; i++) tx_buffer[idx++] = amp[i]; // 8 Amps
 1079              		.loc 10 476 30 view .LVU252
 1080 007e 0078     		ldrb	r0, [r0]	@ zero_extendqisi2
 1081              	.LBB397:
 477:main.cpp      ****             for(int i=0; i<8; i++) tx_buffer[idx++] = shape[i];       // 8 Shapes
 1082              		.loc 10 477 53 view .LVU253
 1083 0080 1D4A     		ldr	r2, .L72+60
 1084              	.LBE397:
 1085              	.LBB398:
 478:main.cpp      ****             for(int i=0; i<8; i++) tx_buffer[idx++] = phase[i];      // 8 Phases
 1086              		.loc 10 478 53 view .LVU254
 1087 0082 1E4C     		ldr	r4, .L72+64
 1088              	.LBE398:
 476:main.cpp      ****             for(int i=0; i<8; i++) tx_buffer[idx++] = amp[i]; // 8 Amps
 1089              		.loc 10 476 30 view .LVU255
 1090 0084 D870     		strb	r0, [r3, #3]
 477:main.cpp      ****             for(int i=0; i<8; i++) tx_buffer[idx++] = shape[i];       // 8 Shapes
 1091              		.loc 10 477 13 is_stmt 1 view .LVU256
 1092              	.LVL65:
 1093              	.LBB399:
 477:main.cpp      ****             for(int i=0; i<8; i++) tx_buffer[idx++] = shape[i];       // 8 Shapes
ARM GAS  C:\Users\22bur\AppData\Local\Temp\ccfIx2UX.s 			page 50


 1094              		.loc 10 477 27 view .LVU257
 1095              	.LBE399:
 1096              	.LBB400:
 478:main.cpp      ****             for(int i=0; i<8; i++) tx_buffer[idx++] = phase[i];      // 8 Phases
 1097              		.loc 10 478 53 is_stmt 0 view .LVU258
 1098 0086 02F1080E 		add	lr, r2, #8
 1099              	.LBE400:
 1100              	.LBB401:
 479:main.cpp      ****             tx_buffer[idx++] = preset;                         // 1 Preset
 1101              		.loc 10 479 53 view .LVU259
 1102 008a 02F1100C 		add	ip, r2, #16
 1103              	.LBE401:
 1104              	.LBB402:
 477:main.cpp      ****             for(int i=0; i<8; i++) tx_buffer[idx++] = shape[i];       // 8 Shapes
 1105              		.loc 10 477 53 view .LVU260
 1106 008e 03C9     		ldm	r1, {r0, r1}
 1107 0090 82E80300 		stm	r2, {r0, r1}
 1108              	.LVL66:
 477:main.cpp      ****             for(int i=0; i<8; i++) tx_buffer[idx++] = shape[i];       // 8 Shapes
 1109              		.loc 10 477 53 view .LVU261
 1110              	.LBE402:
 1111              	.LBB403:
 478:main.cpp      ****             for(int i=0; i<8; i++) tx_buffer[idx++] = phase[i];      // 8 Phases
 1112              		.loc 10 478 53 view .LVU262
 1113 0094 94E80300 		ldm	r4, {r0, r1}
 1114              	.LBE403:
 480:main.cpp      ****             break;
 1115              		.loc 10 480 30 view .LVU263
 1116 0098 194C     		ldr	r4, .L72+68
 481:main.cpp      ****         case 2: // FX Menu (4 bytes payload)
 1117              		.loc 10 481 13 view .LVU264
 1118 009a 1D22     		movs	r2, #29
 1119              	.LBB404:
 478:main.cpp      ****             for(int i=0; i<8; i++) tx_buffer[idx++] = phase[i];      // 8 Phases
 1120              		.loc 10 478 53 view .LVU265
 1121 009c 8EE80300 		stm	lr, {r0, r1}
 1122              	.LBE404:
 1123              	.LBB405:
 479:main.cpp      ****             tx_buffer[idx++] = preset;                         // 1 Preset
 1124              		.loc 10 479 53 view .LVU266
 1125 00a0 1849     		ldr	r1, .L72+72
 1126 00a2 03C9     		ldm	r1, {r0, r1}
 1127 00a4 8CE80300 		stm	ip, {r0, r1}
 1128              	.LBE405:
 480:main.cpp      ****             break;
 1129              		.loc 10 480 13 is_stmt 1 view .LVU267
 1130              	.LVL67:
 480:main.cpp      ****             break;
 1131              		.loc 10 480 30 is_stmt 0 view .LVU268
 1132 00a8 2178     		ldrb	r1, [r4]	@ zero_extendqisi2
 1133 00aa 1977     		strb	r1, [r3, #28]
 481:main.cpp      ****         case 2: // FX Menu (4 bytes payload)
 1134              		.loc 10 481 13 is_stmt 1 view .LVU269
 1135 00ac BDE7     		b	.L61
 1136              	.LVL68:
 1137              	.L71:
 485:main.cpp      ****                 tx_buffer[idx++] = fx_val_12; 
ARM GAS  C:\Users\22bur\AppData\Local\Temp\ccfIx2UX.s 			page 51


 1138              		.loc 10 485 17 view .LVU270
 485:main.cpp      ****                 tx_buffer[idx++] = fx_val_12; 
 1139              		.loc 10 485 34 is_stmt 0 view .LVU271
 1140 00ae 164C     		ldr	r4, .L72+76
 486:main.cpp      ****                 tx_buffer[idx++] = fx_val_13;
 1141              		.loc 10 486 34 view .LVU272
 1142 00b0 1648     		ldr	r0, .L72+80
 487:main.cpp      ****             }
 1143              		.loc 10 487 34 view .LVU273
 1144 00b2 1749     		ldr	r1, .L72+84
 1145 00b4 D9E7     		b	.L70
 1146              	.LVL69:
 1147              	.L68:
 487:main.cpp      ****             }
 1148              		.loc 10 487 34 view .LVU274
 1149              	.LBE406:
 1150              	.LBE407:
 469:main.cpp      **** 
 1151              		.loc 10 469 22 view .LVU275
 1152 00b6 0322     		movs	r2, #3
 1153 00b8 B7E7     		b	.L61
 1154              	.L73:
 1155 00ba 00BF     		.align	2
 1156              	.L72:
 1157 00bc 00000000 		.word	.LANCHOR6
 1158 00c0 00000000 		.word	.LANCHOR5
 1159 00c4 00000000 		.word	.LANCHOR7
 1160 00c8 00000000 		.word	.LANCHOR25
 1161 00cc 00000000 		.word	.LANCHOR21
 1162 00d0 00000000 		.word	.LANCHOR22
 1163 00d4 00000000 		.word	.LANCHOR23
 1164 00d8 00000000 		.word	.LANCHOR24
 1165 00dc 00000000 		.word	.LANCHOR13
 1166 00e0 00000000 		.word	.LANCHOR14
 1167 00e4 00000000 		.word	.LANCHOR18
 1168 00e8 00000000 		.word	.LANCHOR19
 1169 00ec 00000000 		.word	.LANCHOR20
 1170 00f0 00000000 		.word	.LANCHOR8
 1171 00f4 00000000 		.word	.LANCHOR9
 1172 00f8 04000000 		.word	.LANCHOR5+4
 1173 00fc 00000000 		.word	.LANCHOR10
 1174 0100 00000000 		.word	.LANCHOR12
 1175 0104 00000000 		.word	.LANCHOR11
 1176 0108 00000000 		.word	.LANCHOR15
 1177 010c 00000000 		.word	.LANCHOR16
 1178 0110 00000000 		.word	.LANCHOR17
 1179              		.cfi_endproc
 1180              	.LFE4732:
 1182              		.section	.text._Z11resetValuesv,"ax",%progbits
 1183              		.align	1
 1184              		.p2align 2,,3
 1185              		.global	_Z11resetValuesv
 1186              		.syntax unified
 1187              		.thumb
 1188              		.thumb_func
 1189              		.fpu fpv5-d16
 1191              	_Z11resetValuesv:
ARM GAS  C:\Users\22bur\AppData\Local\Temp\ccfIx2UX.s 			page 52


 1192              	.LFB4733:
 509:main.cpp      **** 
 510:main.cpp      **** void resetValues() {
 1193              		.loc 10 510 20 is_stmt 1 view -0
 1194              		.cfi_startproc
 1195              		@ args = 0, pretend = 0, frame = 0
 1196              		@ frame_needed = 0, uses_anonymous_args = 0
 1197              		@ link register save eliminated.
 511:main.cpp      ****     loc = 0;
 1198              		.loc 10 511 5 view .LVU277
 512:main.cpp      ****     sub_menu = 0;
 513:main.cpp      ****     menu_counter = 0;
 514:main.cpp      ****     if(menu == 3) {
 1199              		.loc 10 514 13 is_stmt 0 view .LVU278
 1200 0000 124A     		ldr	r2, .L79
 511:main.cpp      ****     loc = 0;
 1201              		.loc 10 511 9 view .LVU279
 1202 0002 0023     		movs	r3, #0
 512:main.cpp      ****     sub_menu = 0;
 1203              		.loc 10 512 14 view .LVU280
 1204 0004 1248     		ldr	r0, .L79+4
 513:main.cpp      ****     if(menu == 3) {
 1205              		.loc 10 513 18 view .LVU281
 1206 0006 1349     		ldr	r1, .L79+8
 510:main.cpp      ****     loc = 0;
 1207              		.loc 10 510 20 view .LVU282
 1208 0008 10B4     		push	{r4}
 1209              		.cfi_def_cfa_offset 4
 1210              		.cfi_offset 4, -4
 1211              		.loc 10 514 5 view .LVU283
 1212 000a 1278     		ldrb	r2, [r2]	@ zero_extendqisi2
 511:main.cpp      ****     sub_menu = 0;
 1213              		.loc 10 511 9 view .LVU284
 1214 000c 124C     		ldr	r4, .L79+12
 1215              		.loc 10 514 5 view .LVU285
 1216 000e 032A     		cmp	r2, #3
 512:main.cpp      ****     menu_counter = 0;
 1217              		.loc 10 512 14 view .LVU286
 1218 0010 0370     		strb	r3, [r0]
 511:main.cpp      ****     sub_menu = 0;
 1219              		.loc 10 511 9 view .LVU287
 1220 0012 2370     		strb	r3, [r4]
 512:main.cpp      ****     menu_counter = 0;
 1221              		.loc 10 512 5 is_stmt 1 view .LVU288
 513:main.cpp      ****     if(menu == 3) {
 1222              		.loc 10 513 5 view .LVU289
 513:main.cpp      ****     if(menu == 3) {
 1223              		.loc 10 513 18 is_stmt 0 view .LVU290
 1224 0014 0B60     		str	r3, [r1]
 1225              		.loc 10 514 5 is_stmt 1 view .LVU291
 1226 0016 0BD0     		beq	.L78
 515:main.cpp      ****         one_counter = fx_val_01;
 516:main.cpp      ****         two_counter = fx_val_02;
 517:main.cpp      ****         three_counter = fx_val_03;
 518:main.cpp      ****     }
 519:main.cpp      ****     else {
 520:main.cpp      ****         one_counter = 0;
ARM GAS  C:\Users\22bur\AppData\Local\Temp\ccfIx2UX.s 			page 53


 1227              		.loc 10 520 9 view .LVU292
 1228              		.loc 10 520 21 is_stmt 0 view .LVU293
 1229 0018 1048     		ldr	r0, .L79+16
 521:main.cpp      ****         two_counter = 0;
 1230              		.loc 10 521 21 view .LVU294
 1231 001a 1149     		ldr	r1, .L79+20
 522:main.cpp      ****         three_counter = 0;
 1232              		.loc 10 522 23 view .LVU295
 1233 001c 114A     		ldr	r2, .L79+24
 520:main.cpp      ****         two_counter = 0;
 1234              		.loc 10 520 21 view .LVU296
 1235 001e 0360     		str	r3, [r0]
 521:main.cpp      ****         two_counter = 0;
 1236              		.loc 10 521 9 is_stmt 1 view .LVU297
 521:main.cpp      ****         two_counter = 0;
 1237              		.loc 10 521 21 is_stmt 0 view .LVU298
 1238 0020 0B60     		str	r3, [r1]
 1239              		.loc 10 522 9 is_stmt 1 view .LVU299
 1240              		.loc 10 522 23 is_stmt 0 view .LVU300
 1241 0022 1360     		str	r3, [r2]
 1242              	.L76:
 523:main.cpp      ****     }
 524:main.cpp      ****     fx_select = 0;
 1243              		.loc 10 524 5 is_stmt 1 view .LVU301
 1244              		.loc 10 524 15 is_stmt 0 view .LVU302
 1245 0024 104B     		ldr	r3, .L79+28
 1246 0026 0022     		movs	r2, #0
 525:main.cpp      ****     //for(int i = 0; i < 6; i++) pot_values[i] = 0.0f;
 526:main.cpp      **** }...
 1247              		.loc 10 526 1 view .LVU303
 1248 0028 5DF8044B 		ldr	r4, [sp], #4
 1249              		.cfi_remember_state
 1250              		.cfi_restore 4
 1251              		.cfi_def_cfa_offset 0
 524:main.cpp      ****     fx_select = 0;
 1252              		.loc 10 524 15 view .LVU304
 1253 002c 1A70     		strb	r2, [r3]
 1254              		.loc 10 526 1 view .LVU305
 1255 002e 7047     		bx	lr
 1256              	.L78:
 1257              		.cfi_restore_state
 515:main.cpp      ****         one_counter = fx_val_01;
 1258              		.loc 10 515 9 is_stmt 1 view .LVU306
 515:main.cpp      ****         one_counter = fx_val_01;
 1259              		.loc 10 515 23 is_stmt 0 view .LVU307
 1260 0030 0E49     		ldr	r1, .L79+32
 516:main.cpp      ****         two_counter = fx_val_02;
 1261              		.loc 10 516 23 view .LVU308
 1262 0032 0F4B     		ldr	r3, .L79+36
 515:main.cpp      ****         one_counter = fx_val_01;
 1263              		.loc 10 515 23 view .LVU309
 1264 0034 0C78     		ldrb	r4, [r1]	@ zero_extendqisi2
 517:main.cpp      ****         three_counter = fx_val_03;
 1265              		.loc 10 517 25 view .LVU310
 1266 0036 0F4A     		ldr	r2, .L79+40
 516:main.cpp      ****         two_counter = fx_val_02;
 1267              		.loc 10 516 23 view .LVU311
ARM GAS  C:\Users\22bur\AppData\Local\Temp\ccfIx2UX.s 			page 54


 1268 0038 1978     		ldrb	r1, [r3]	@ zero_extendqisi2
 515:main.cpp      ****         one_counter = fx_val_01;
 1269              		.loc 10 515 21 view .LVU312
 1270 003a 0848     		ldr	r0, .L79+16
 516:main.cpp      ****         two_counter = fx_val_02;
 1271              		.loc 10 516 21 view .LVU313
 1272 003c 084B     		ldr	r3, .L79+20
 515:main.cpp      ****         one_counter = fx_val_01;
 1273              		.loc 10 515 21 view .LVU314
 1274 003e 0460     		str	r4, [r0]
 516:main.cpp      ****         two_counter = fx_val_02;
 1275              		.loc 10 516 9 is_stmt 1 view .LVU315
 517:main.cpp      ****         three_counter = fx_val_03;
 1276              		.loc 10 517 25 is_stmt 0 view .LVU316
 1277 0040 1278     		ldrb	r2, [r2]	@ zero_extendqisi2
 516:main.cpp      ****         two_counter = fx_val_02;
 1278              		.loc 10 516 21 view .LVU317
 1279 0042 1960     		str	r1, [r3]
 517:main.cpp      ****         three_counter = fx_val_03;
 1280              		.loc 10 517 9 is_stmt 1 view .LVU318
 517:main.cpp      ****         three_counter = fx_val_03;
 1281              		.loc 10 517 23 is_stmt 0 view .LVU319
 1282 0044 074B     		ldr	r3, .L79+24
 1283 0046 1A60     		str	r2, [r3]
 1284 0048 ECE7     		b	.L76
 1285              	.L80:
 1286 004a 00BF     		.align	2
 1287              	.L79:
 1288 004c 00000000 		.word	.LANCHOR6
 1289 0050 00000000 		.word	.LANCHOR8
 1290 0054 00000000 		.word	.LANCHOR26
 1291 0058 00000000 		.word	.LANCHOR7
 1292 005c 00000000 		.word	.LANCHOR27
 1293 0060 00000000 		.word	.LANCHOR28
 1294 0064 00000000 		.word	.LANCHOR29
 1295 0068 00000000 		.word	.LANCHOR14
 1296 006c 00000000 		.word	.LANCHOR18
 1297 0070 00000000 		.word	.LANCHOR19
 1298 0074 00000000 		.word	.LANCHOR20
 1299              		.cfi_endproc
 1300              	.LFE4733:
 1302              		.section	.rodata.main.str1.4,"aMS",%progbits,1
 1303              		.align	2
 1304              	.LC15:
 1305 0000 41646420 		.ascii	"Add note:%d\012\000"
 1305      6E6F7465 
 1305      3A25640A 
 1305      00
 1306 000d 000000   		.align	2
 1307              	.LC16:
 1308 0010 52656D6F 		.ascii	"Remove note:%d\012\000"
 1308      7665206E 
 1308      6F74653A 
 1308      25640A00 
 1309              		.align	2
 1310              	.LC17:
 1311 0020 566F6C75 		.ascii	"Volume: %d\011Index: %d\011A: %d\011D: %d\011S: %d\011"
ARM GAS  C:\Users\22bur\AppData\Local\Temp\ccfIx2UX.s 			page 55


 1311      6D653A20 
 1311      25640949 
 1311      6E646578 
 1311      3A202564 
 1312 0047 523A2025 		.ascii	"R: %d\012\000"
 1312      640A00
 1313 004e 0000     		.align	2
 1314              	.LC18:
 1315 0050 74696D65 		.ascii	"time:\011%ld\011type: %s\011Channel:  %d\011Data MS"
 1315      3A09256C 
 1315      64097479 
 1315      70653A20 
 1315      25730943 
 1316 0077 423A2025 		.ascii	"B: %d\011Data LSB: %d\012\000"
 1316      64094461 
 1316      7461204C 
 1316      53423A20 
 1316      25640A00 
 1317              		.section	.text.startup.main,"ax",%progbits
 1318              		.align	1
 1319              		.p2align 2,,3
 1320              		.global	main
 1321              		.syntax unified
 1322              		.thumb
 1323              		.thumb_func
 1324              		.fpu fpv5-d16
 1326              	main:
 1327              	.LFB4726:
 105:main.cpp      **** int main(void){
 1328              		.loc 10 105 15 is_stmt 1 view -0
 1329              		.cfi_startproc
 1330              		@ args = 0, pretend = 0, frame = 65832
 1331              		@ frame_needed = 0, uses_anonymous_args = 0
 107:main.cpp      **** {   // Init here
 1332              		.loc 10 107 1 view .LVU321
 1333              	.LBB536:
 108:main.cpp      ****     hw.Init();
 1334              		.loc 10 108 5 view .LVU322
 1335              	.LBE536:
 105:main.cpp      **** int main(void){
 1336              		.loc 10 105 15 is_stmt 0 view .LVU323
 1337 0000 2DE9F04F 		push	{r4, r5, r6, r7, r8, r9, r10, fp, lr}
 1338              		.cfi_def_cfa_offset 36
 1339              		.cfi_offset 4, -36
 1340              		.cfi_offset 5, -32
 1341              		.cfi_offset 6, -28
 1342              		.cfi_offset 7, -24
 1343              		.cfi_offset 8, -20
 1344              		.cfi_offset 9, -16
 1345              		.cfi_offset 10, -12
 1346              		.cfi_offset 11, -8
 1347              		.cfi_offset 14, -4
 1348 0004 2DED028B 		vpush.64	{d8}
 1349              		.cfi_def_cfa_offset 44
 1350              		.cfi_offset 80, -44
 1351              		.cfi_offset 81, -40
 1352 0008 ADF5803D 		sub	sp, sp, #65536
ARM GAS  C:\Users\22bur\AppData\Local\Temp\ccfIx2UX.s 			page 56


 1353              		.cfi_def_cfa_offset 65580
 1354              	.LBB618:
 108:main.cpp      ****     hw.Init();
 1355              		.loc 10 108 12 view .LVU324
 1356 000c 0021     		movs	r1, #0
 1357 000e 3448     		ldr	r0, .L215
 1358 0010 42F23816 		movw	r6, #8504
 1359              	.LBE618:
 105:main.cpp      **** int main(void){
 1360              		.loc 10 105 15 view .LVU325
 1361 0014 CFB0     		sub	sp, sp, #316
 1362              		.cfi_def_cfa_offset 65896
 1363 0016 44F23815 		movw	r5, #16696
 1364              	.LBB619:
 108:main.cpp      ****     hw.Init();
 1365              		.loc 10 108 12 view .LVU326
 1366 001a FFF7FEFF 		bl	_ZN5daisy9DaisySeed4InitEb
 1367              	.LVL70:
 109:main.cpp      ****     hw.SetAudioBlockSize(64);
 1368              		.loc 10 109 5 is_stmt 1 view .LVU327
 109:main.cpp      ****     hw.SetAudioBlockSize(64);
 1369              		.loc 10 109 25 is_stmt 0 view .LVU328
 1370 001e 4021     		movs	r1, #64
 1371 0020 2F48     		ldr	r0, .L215
 1372 0022 4EAF     		add	r7, sp, #312
 1373 0024 FFF7FEFF 		bl	_ZN5daisy9DaisySeed17SetAudioBlockSizeEj
 1374              	.LVL71:
 110:main.cpp      ****     hw.StartLog(false); // set this to true to wait for terminal connection
 1375              		.loc 10 110 5 is_stmt 1 view .LVU329
 1376              	.LBB537:
 1377              	.LBI537:
  23:../DaisyExamples/libDaisy/src/daisy_seed.h **** 
  24:../DaisyExamples/libDaisy/src/daisy_seed.h ****     /** This function used to provide a pre-initialization configuraiton 
  25:../DaisyExamples/libDaisy/src/daisy_seed.h ****      *  it has since been deprecated, and does nothing.
  26:../DaisyExamples/libDaisy/src/daisy_seed.h ****      */
  27:../DaisyExamples/libDaisy/src/daisy_seed.h ****     void Configure();
  28:../DaisyExamples/libDaisy/src/daisy_seed.h **** 
  29:../DaisyExamples/libDaisy/src/daisy_seed.h ****     /** 
  30:../DaisyExamples/libDaisy/src/daisy_seed.h ****     Initializes the Daisy Seed and the following peripherals:
  31:../DaisyExamples/libDaisy/src/daisy_seed.h ****     SDRAM, QSPI, 24-bit 48kHz Audio via AK4556, Internal USB,
  32:../DaisyExamples/libDaisy/src/daisy_seed.h ****     as well as the built-in LED and Testpoint.
  33:../DaisyExamples/libDaisy/src/daisy_seed.h **** 
  34:../DaisyExamples/libDaisy/src/daisy_seed.h ****     ADCs, DACs, and other special peripherals (such as I2C, SPI, etc.)
  35:../DaisyExamples/libDaisy/src/daisy_seed.h ****     can be initialized using their specific initializers within libdaisy
  36:../DaisyExamples/libDaisy/src/daisy_seed.h ****     for a specific application.
  37:../DaisyExamples/libDaisy/src/daisy_seed.h ****     */
  38:../DaisyExamples/libDaisy/src/daisy_seed.h ****     void Init(bool boost = false);
  39:../DaisyExamples/libDaisy/src/daisy_seed.h **** 
  40:../DaisyExamples/libDaisy/src/daisy_seed.h ****     /** 
  41:../DaisyExamples/libDaisy/src/daisy_seed.h ****     Deinitializes all peripherals automatically handled by `Init`.
  42:../DaisyExamples/libDaisy/src/daisy_seed.h ****     */
  43:../DaisyExamples/libDaisy/src/daisy_seed.h ****     void DeInit();
  44:../DaisyExamples/libDaisy/src/daisy_seed.h **** 
  45:../DaisyExamples/libDaisy/src/daisy_seed.h ****     /** 
  46:../DaisyExamples/libDaisy/src/daisy_seed.h ****     Wait some ms before going on.
  47:../DaisyExamples/libDaisy/src/daisy_seed.h ****     \param del Delay time in ms.
  48:../DaisyExamples/libDaisy/src/daisy_seed.h ****     */
ARM GAS  C:\Users\22bur\AppData\Local\Temp\ccfIx2UX.s 			page 57


  49:../DaisyExamples/libDaisy/src/daisy_seed.h ****     void DelayMs(size_t del);
  50:../DaisyExamples/libDaisy/src/daisy_seed.h **** 
  51:../DaisyExamples/libDaisy/src/daisy_seed.h ****     /** 
  52:../DaisyExamples/libDaisy/src/daisy_seed.h ****     Returns the gpio_pin corresponding to the index 0-31.
  53:../DaisyExamples/libDaisy/src/daisy_seed.h ****     For the given GPIO on the Daisy Seed (labeled 1-32 in docs).
  54:../DaisyExamples/libDaisy/src/daisy_seed.h ****     */
  55:../DaisyExamples/libDaisy/src/daisy_seed.h ****     static dsy_gpio_pin GetPin(uint8_t pin_idx);
  56:../DaisyExamples/libDaisy/src/daisy_seed.h **** 
  57:../DaisyExamples/libDaisy/src/daisy_seed.h ****     /** Begins the audio for the seeds builtin audio.
  58:../DaisyExamples/libDaisy/src/daisy_seed.h ****     the specified callback will get called whenever
  59:../DaisyExamples/libDaisy/src/daisy_seed.h ****     new data is ready to be prepared.
  60:../DaisyExamples/libDaisy/src/daisy_seed.h ****     */
  61:../DaisyExamples/libDaisy/src/daisy_seed.h ****     void StartAudio(AudioHandle::InterleavingAudioCallback cb);
  62:../DaisyExamples/libDaisy/src/daisy_seed.h **** 
  63:../DaisyExamples/libDaisy/src/daisy_seed.h ****     /** Begins the audio for the seeds builtin audio.
  64:../DaisyExamples/libDaisy/src/daisy_seed.h ****     the specified callback will get called whenever
  65:../DaisyExamples/libDaisy/src/daisy_seed.h ****     new data is ready to be prepared.
  66:../DaisyExamples/libDaisy/src/daisy_seed.h ****     This will use the newer non-interleaved callback.
  67:../DaisyExamples/libDaisy/src/daisy_seed.h ****     */
  68:../DaisyExamples/libDaisy/src/daisy_seed.h ****     void StartAudio(AudioHandle::AudioCallback cb);
  69:../DaisyExamples/libDaisy/src/daisy_seed.h **** 
  70:../DaisyExamples/libDaisy/src/daisy_seed.h ****     /** Changes to a new interleaved callback
  71:../DaisyExamples/libDaisy/src/daisy_seed.h ****      */
  72:../DaisyExamples/libDaisy/src/daisy_seed.h ****     void ChangeAudioCallback(AudioHandle::InterleavingAudioCallback cb);
  73:../DaisyExamples/libDaisy/src/daisy_seed.h **** 
  74:../DaisyExamples/libDaisy/src/daisy_seed.h ****     /** Changes to a new multichannel callback
  75:../DaisyExamples/libDaisy/src/daisy_seed.h ****      */
  76:../DaisyExamples/libDaisy/src/daisy_seed.h ****     void ChangeAudioCallback(AudioHandle::AudioCallback cb);
  77:../DaisyExamples/libDaisy/src/daisy_seed.h **** 
  78:../DaisyExamples/libDaisy/src/daisy_seed.h ****     /** Stops the audio if it is running. */
  79:../DaisyExamples/libDaisy/src/daisy_seed.h ****     void StopAudio();
  80:../DaisyExamples/libDaisy/src/daisy_seed.h **** 
  81:../DaisyExamples/libDaisy/src/daisy_seed.h ****     /** Updates the Audio Sample Rate, and reinitializes.
  82:../DaisyExamples/libDaisy/src/daisy_seed.h ****      ** Audio must be stopped for this to work.
  83:../DaisyExamples/libDaisy/src/daisy_seed.h ****      */
  84:../DaisyExamples/libDaisy/src/daisy_seed.h ****     void SetAudioSampleRate(SaiHandle::Config::SampleRate samplerate);
  85:../DaisyExamples/libDaisy/src/daisy_seed.h **** 
  86:../DaisyExamples/libDaisy/src/daisy_seed.h ****     /** Returns the audio sample rate in Hz as a floating point number.
  87:../DaisyExamples/libDaisy/src/daisy_seed.h ****      */
  88:../DaisyExamples/libDaisy/src/daisy_seed.h ****     float AudioSampleRate();
  89:../DaisyExamples/libDaisy/src/daisy_seed.h **** 
  90:../DaisyExamples/libDaisy/src/daisy_seed.h ****     /** Sets the number of samples processed per channel by the audio callback.
  91:../DaisyExamples/libDaisy/src/daisy_seed.h ****      */
  92:../DaisyExamples/libDaisy/src/daisy_seed.h ****     void SetAudioBlockSize(size_t blocksize);
  93:../DaisyExamples/libDaisy/src/daisy_seed.h **** 
  94:../DaisyExamples/libDaisy/src/daisy_seed.h ****     /** Returns the number of samples per channel in a block of audio. */
  95:../DaisyExamples/libDaisy/src/daisy_seed.h ****     size_t AudioBlockSize();
  96:../DaisyExamples/libDaisy/src/daisy_seed.h **** 
  97:../DaisyExamples/libDaisy/src/daisy_seed.h ****     /** Returns the rate in Hz that the Audio callback is called */
  98:../DaisyExamples/libDaisy/src/daisy_seed.h ****     float AudioCallbackRate() const;
  99:../DaisyExamples/libDaisy/src/daisy_seed.h **** 
 100:../DaisyExamples/libDaisy/src/daisy_seed.h ****     /** Returns the SAI Handle for the Daisy Seed 
 101:../DaisyExamples/libDaisy/src/daisy_seed.h ****      *  This can be useful when adding a secondary codec,
 102:../DaisyExamples/libDaisy/src/daisy_seed.h ****      *  the result of this function can be passed to the audio reinit 
 103:../DaisyExamples/libDaisy/src/daisy_seed.h ****      *  with an SAI2 configuration
 104:../DaisyExamples/libDaisy/src/daisy_seed.h ****      */
 105:../DaisyExamples/libDaisy/src/daisy_seed.h ****     const SaiHandle& AudioSaiHandle() const;
ARM GAS  C:\Users\22bur\AppData\Local\Temp\ccfIx2UX.s 			page 58


 106:../DaisyExamples/libDaisy/src/daisy_seed.h **** 
 107:../DaisyExamples/libDaisy/src/daisy_seed.h ****     /** Sets the state of the built in LED
 108:../DaisyExamples/libDaisy/src/daisy_seed.h ****      */
 109:../DaisyExamples/libDaisy/src/daisy_seed.h ****     void SetLed(bool state);
 110:../DaisyExamples/libDaisy/src/daisy_seed.h **** 
 111:../DaisyExamples/libDaisy/src/daisy_seed.h ****     /** Sets the state of the test point near pin 10
 112:../DaisyExamples/libDaisy/src/daisy_seed.h ****      */
 113:../DaisyExamples/libDaisy/src/daisy_seed.h ****     void SetTestPoint(bool state);
 114:../DaisyExamples/libDaisy/src/daisy_seed.h **** 
 115:../DaisyExamples/libDaisy/src/daisy_seed.h ****     /** Print formatted debug log message
 116:../DaisyExamples/libDaisy/src/daisy_seed.h ****      */
 117:../DaisyExamples/libDaisy/src/daisy_seed.h ****     template <typename... VA>
 118:../DaisyExamples/libDaisy/src/daisy_seed.h ****     static void Print(const char* format, VA... va)
 119:../DaisyExamples/libDaisy/src/daisy_seed.h ****     {
 120:../DaisyExamples/libDaisy/src/daisy_seed.h ****         Log::Print(format, va...);
 121:../DaisyExamples/libDaisy/src/daisy_seed.h ****     }
 122:../DaisyExamples/libDaisy/src/daisy_seed.h **** 
 123:../DaisyExamples/libDaisy/src/daisy_seed.h ****     /** Print formatted debug log message with automatic line termination
 124:../DaisyExamples/libDaisy/src/daisy_seed.h ****     */
 125:../DaisyExamples/libDaisy/src/daisy_seed.h ****     template <typename... VA>
 126:../DaisyExamples/libDaisy/src/daisy_seed.h ****     static void PrintLine(const char* format, VA... va)
 127:../DaisyExamples/libDaisy/src/daisy_seed.h ****     {
 128:../DaisyExamples/libDaisy/src/daisy_seed.h ****         Log::PrintLine(format, va...);
 129:../DaisyExamples/libDaisy/src/daisy_seed.h ****     }
 130:../DaisyExamples/libDaisy/src/daisy_seed.h **** 
 131:../DaisyExamples/libDaisy/src/daisy_seed.h ****     /** Start the logging session. Optionally wait for terminal connection before proceeding.
 132:../DaisyExamples/libDaisy/src/daisy_seed.h ****     */
 133:../DaisyExamples/libDaisy/src/daisy_seed.h ****     static void StartLog(bool wait_for_pc = false)
 1378              		.loc 3 133 17 view .LVU330
 1379              	.LBB538:
 134:../DaisyExamples/libDaisy/src/daisy_seed.h ****     {
 135:../DaisyExamples/libDaisy/src/daisy_seed.h ****         Log::StartLog(wait_for_pc);
 1380              		.loc 3 135 9 view .LVU331
 1381              		.loc 3 135 22 is_stmt 0 view .LVU332
 1382 0028 0020     		movs	r0, #0
 1383 002a FFF7FEFF 		bl	_ZN5daisy6LoggerILNS_17LoggerDestinationE1EE8StartLogEb
 1384              	.LVL72:
 1385              		.loc 3 135 22 view .LVU333
 1386              	.LBE538:
 1387              	.LBE537:
 111:main.cpp      ****     float sample_rate = hw.AudioSampleRate();
 1388              		.loc 10 111 5 is_stmt 1 view .LVU334
 111:main.cpp      ****     float sample_rate = hw.AudioSampleRate();
 1389              		.loc 10 111 43 is_stmt 0 view .LVU335
 1390 002e 2C48     		ldr	r0, .L215
 1391 0030 FFF7FEFF 		bl	_ZN5daisy9DaisySeed15AudioSampleRateEv
 1392              	.LVL73:
 1393 0034 9FED2B7A 		vldr.32	s14, .L215+4
 1394 0038 F0EE408A 		vmov.f32	s17, s0
 1395              	.LVL74:
 114:main.cpp      ****     int num_waves = 4;
 1396              		.loc 10 114 5 is_stmt 1 view .LVU336
 115:main.cpp      ****     std::array<std::array<float, 2048>, 8> waves;
 1397              		.loc 10 115 5 view .LVU337
 116:main.cpp      ****     for(int i = 0; i < 2048; i++){
 1398              		.loc 10 116 5 view .LVU338
 1399              	.LBB539:
ARM GAS  C:\Users\22bur\AppData\Local\Temp\ccfIx2UX.s 			page 59


 116:main.cpp      ****     for(int i = 0; i < 2048; i++){
 1400              		.loc 10 116 22 view .LVU339
 1401 003c 6E44     		add	r6, sp, r6
 1402 003e B0EE478A 		vmov.f32	s16, s14
 1403 0042 6D44     		add	r5, sp, r5
 116:main.cpp      ****     for(int i = 0; i < 2048; i++){
 1404              		.loc 10 116 13 is_stmt 0 view .LVU340
 1405 0044 0024     		movs	r4, #0
 1406 0046 2AE0     		b	.L89
 1407              	.LVL75:
 1408              	.L203:
 1409              	.LBB540:
 123:main.cpp      ****             tri = 4.0f * phase;
 1410              		.loc 10 123 13 is_stmt 1 view .LVU341
 123:main.cpp      ****             tri = 4.0f * phase;
 1411              		.loc 10 123 17 is_stmt 0 view .LVU342
 1412 0048 F1EE006A 		vmov.f32	s13, #4.0e+0
 1413 004c 67EEA66A 		vmul.f32	s13, s15, s13
 1414              	.LVL76:
 1415              	.L84:
 128:main.cpp      ****         waves[1][i] = tri;
 1416              		.loc 10 128 9 is_stmt 1 view .LVU343
 130:main.cpp      ****         waves[2][i] = (phase < 0.5f) ? 1.0f : -1.0f;
 1417              		.loc 10 130 38 is_stmt 0 view .LVU344
 1418 0050 F6EE005A 		vmov.f32	s11, #5.0e-1
 1419              	.LBE540:
 116:main.cpp      ****     for(int i = 0; i < 2048; i++){
 1420              		.loc 10 116 5 view .LVU345
 1421 0054 0134     		adds	r4, r4, #1
 1422              	.LVL77:
 1423              	.LBB541:
 130:main.cpp      ****         waves[2][i] = (phase < 0.5f) ? 1.0f : -1.0f;
 1424              		.loc 10 130 38 view .LVU346
 1425 0056 B7EE007A 		vmov.f32	s14, #1.0e+0
 128:main.cpp      ****         waves[1][i] = tri;
 1426              		.loc 10 128 21 view .LVU347
 1427 005a E6EC016A 		vstmia.32	r6!, {s13}
 130:main.cpp      ****         waves[2][i] = (phase < 0.5f) ? 1.0f : -1.0f;
 1428              		.loc 10 130 9 is_stmt 1 view .LVU348
 130:main.cpp      ****         waves[2][i] = (phase < 0.5f) ? 1.0f : -1.0f;
 1429              		.loc 10 130 38 is_stmt 0 view .LVU349
 1430 005e BFEE006A 		vmov.f32	s12, #-1.0e+0
 1431 0062 F4EEE57A 		vcmpe.f32	s15, s11
 1432 0066 F1EE10FA 		vmrs	APSR_nzcv, FPSCR
 1433 006a 54BF     		ite	pl
 1434 006c F0EE467A 		vmovpl.f32	s15, s12
 1435 0070 F0EE477A 		vmovmi.f32	s15, s14
 1436              	.LVL78:
 130:main.cpp      ****         waves[2][i] = (phase < 0.5f) ? 1.0f : -1.0f;
 1437              		.loc 10 130 38 view .LVU350
 1438              	.LBE541:
 116:main.cpp      ****     for(int i = 0; i < 2048; i++){
 1439              		.loc 10 116 22 view .LVU351
 1440 0074 B4F5006F 		cmp	r4, #2048
 1441              	.LBB542:
 130:main.cpp      ****         waves[2][i] = (phase < 0.5f) ? 1.0f : -1.0f;
 1442              		.loc 10 130 21 view .LVU352
ARM GAS  C:\Users\22bur\AppData\Local\Temp\ccfIx2UX.s 			page 60


 1443 0078 E5EC017A 		vstmia.32	r5!, {s15}
 1444              	.LBE542:
 116:main.cpp      ****     for(int i = 0; i < 2048; i++){
 1445              		.loc 10 116 5 is_stmt 1 view .LVU353
 1446              	.LVL79:
 116:main.cpp      ****     for(int i = 0; i < 2048; i++){
 1447              		.loc 10 116 22 view .LVU354
 1448 007c 38D0     		beq	.L88
 1449              	.LBB543:
 117:main.cpp      ****         float phase = (float)i / 2048.0f;
 1450              		.loc 10 117 23 is_stmt 0 view .LVU355
 1451 007e 07EE904A 		vmov	s15, r4	@ int
 119:main.cpp      ****         waves[0][i] = sinf(2.0f * PI * phase);
 1452              		.loc 10 119 27 view .LVU356
 1453 0082 9FED190A 		vldr.32	s0, .L215+8
 117:main.cpp      ****         float phase = (float)i / 2048.0f;
 1454              		.loc 10 117 23 view .LVU357
 1455 0086 B8EEE78A 		vcvt.f32.s32	s16, s15
 1456              	.LVL80:
 117:main.cpp      ****         float phase = (float)i / 2048.0f;
 1457              		.loc 10 117 15 view .LVU358
 1458 008a DFED187A 		vldr.32	s15, .L215+12
 1459 008e 68EE277A 		vmul.f32	s15, s16, s15
 119:main.cpp      ****         waves[0][i] = sinf(2.0f * PI * phase);
 1460              		.loc 10 119 27 view .LVU359
 1461 0092 27EE800A 		vmul.f32	s0, s15, s0
 1462 0096 FFF7FEFF 		bl	sinf
 1463              	.LVL81:
 119:main.cpp      ****         waves[0][i] = sinf(2.0f * PI * phase);
 1464              		.loc 10 119 27 view .LVU360
 1465 009a B0EE407A 		vmov.f32	s14, s0
 1466              	.LVL82:
 1467              	.L89:
 117:main.cpp      ****         float phase = (float)i / 2048.0f;
 1468              		.loc 10 117 9 is_stmt 1 view .LVU361
 117:main.cpp      ****         float phase = (float)i / 2048.0f;
 1469              		.loc 10 117 15 is_stmt 0 view .LVU362
 1470 009e DFED137A 		vldr.32	s15, .L215+12
 122:main.cpp      ****         if (phase < 0.25f)
 1471              		.loc 10 122 9 view .LVU363
 1472 00a2 F5EE006A 		vmov.f32	s13, #2.5e-1
 119:main.cpp      ****         waves[0][i] = sinf(2.0f * PI * phase);
 1473              		.loc 10 119 21 view .LVU364
 1474 00a6 A7EC017A 		vstmia.32	r7!, {s14}
 117:main.cpp      ****         float phase = (float)i / 2048.0f;
 1475              		.loc 10 117 15 view .LVU365
 1476 00aa 68EE277A 		vmul.f32	s15, s16, s15
 1477              	.LVL83:
 119:main.cpp      ****         waves[0][i] = sinf(2.0f * PI * phase);
 1478              		.loc 10 119 9 is_stmt 1 view .LVU366
 121:main.cpp      ****         float tri;
 1479              		.loc 10 121 9 view .LVU367
 122:main.cpp      ****         if (phase < 0.25f)
 1480              		.loc 10 122 9 view .LVU368
 1481 00ae F4EEE67A 		vcmpe.f32	s15, s13
 1482 00b2 F1EE10FA 		vmrs	APSR_nzcv, FPSCR
 1483 00b6 C7D4     		bmi	.L203
ARM GAS  C:\Users\22bur\AppData\Local\Temp\ccfIx2UX.s 			page 61


 124:main.cpp      ****         else if (phase < 0.75f)
 1484              		.loc 10 124 14 view .LVU369
 1485 00b8 B6EE087A 		vmov.f32	s14, #7.5e-1
 1486 00bc F4EEC77A 		vcmpe.f32	s15, s14
 125:main.cpp      ****             tri = 2.0f - 4.0f * phase;
 1487              		.loc 10 125 17 is_stmt 0 view .LVU370
 1488 00c0 B1EE007A 		vmov.f32	s14, #4.0e+0
 124:main.cpp      ****         else if (phase < 0.75f)
 1489              		.loc 10 124 14 view .LVU371
 1490 00c4 F1EE10FA 		vmrs	APSR_nzcv, FPSCR
 1491 00c8 04D5     		bpl	.L199
 125:main.cpp      ****             tri = 2.0f - 4.0f * phase;
 1492              		.loc 10 125 13 is_stmt 1 view .LVU372
 125:main.cpp      ****             tri = 2.0f - 4.0f * phase;
 1493              		.loc 10 125 17 is_stmt 0 view .LVU373
 1494 00ca F0EE006A 		vmov.f32	s13, #2.0e+0
 1495 00ce E7EEC76A 		vfms.f32	s13, s15, s14
 1496              	.LVL84:
 125:main.cpp      ****             tri = 2.0f - 4.0f * phase;
 1497              		.loc 10 125 17 view .LVU374
 1498 00d2 BDE7     		b	.L84
 1499              	.LVL85:
 1500              	.L199:
 127:main.cpp      ****             tri = -4.0f + 4.0f * phase;
 1501              		.loc 10 127 13 is_stmt 1 view .LVU375
 127:main.cpp      ****             tri = -4.0f + 4.0f * phase;
 1502              		.loc 10 127 17 is_stmt 0 view .LVU376
 1503 00d4 F9EE006A 		vmov.f32	s13, #-4.0e+0
 1504 00d8 E7EE876A 		vfma.f32	s13, s15, s14
 1505              	.LVL86:
 127:main.cpp      ****             tri = -4.0f + 4.0f * phase;
 1506              		.loc 10 127 17 view .LVU377
 1507 00dc B8E7     		b	.L84
 1508              	.L216:
 1509 00de 00BF     		.align	2
 1510              	.L215:
 1511 00e0 00000000 		.word	.LANCHOR30
 1512 00e4 00000000 		.word	0
 1513 00e8 DB0FC940 		.word	1086918619
 1514 00ec 0000003A 		.word	973078528
 1515              	.LVL87:
 1516              	.L88:
 127:main.cpp      ****             tri = -4.0f + 4.0f * phase;
 1517              		.loc 10 127 17 view .LVU378
 1518              	.LBE543:
 1519              	.LBE539:
 132:main.cpp      ****     wt.Init(sample_rate, waves, num_waves);
 1520              		.loc 10 132 5 is_stmt 1 view .LVU379
 1521              	.LBB544:
 133:main.cpp      ****     for(int i = 0; i < 8; i++){
 1522              		.loc 10 133 13 is_stmt 0 view .LVU380
 1523 00f0 0024     		movs	r4, #0
 1524              	.LVL88:
 133:main.cpp      ****     for(int i = 0; i < 8; i++){
 1525              		.loc 10 133 13 view .LVU381
 1526              	.LBE544:
 132:main.cpp      ****     wt.Init(sample_rate, waves, num_waves);
ARM GAS  C:\Users\22bur\AppData\Local\Temp\ccfIx2UX.s 			page 62


 1527              		.loc 10 132 12 view .LVU382
 1528 00f2 B0EE680A 		vmov.f32	s0, s17
 1529 00f6 0422     		movs	r2, #4
 1530 00f8 4EA9     		add	r1, sp, #312
 1531 00fa CF48     		ldr	r0, .L217
 1532 00fc FFF7FEFF 		bl	_ZN9Wavetable4InitEfRKSt5arrayIS0_IfLj2048EELj8EEi
 1533              	.LVL89:
 133:main.cpp      ****     for(int i = 0; i < 8; i++){
 1534              		.loc 10 133 5 is_stmt 1 view .LVU383
 1535              	.LBB545:
 133:main.cpp      ****     for(int i = 0; i < 8; i++){
 1536              		.loc 10 133 22 view .LVU384
 1537              	.L90:
 134:main.cpp      ****         wt.SetIndex(i, 0);
 1538              		.loc 10 134 9 discriminator 2 view .LVU385
 134:main.cpp      ****         wt.SetIndex(i, 0);
 1539              		.loc 10 134 20 is_stmt 0 discriminator 2 view .LVU386
 1540 0100 2146     		mov	r1, r4
 133:main.cpp      ****     for(int i = 0; i < 8; i++){
 1541              		.loc 10 133 5 discriminator 2 view .LVU387
 1542 0102 0134     		adds	r4, r4, #1
 1543              	.LVL90:
 134:main.cpp      ****         wt.SetIndex(i, 0);
 1544              		.loc 10 134 20 discriminator 2 view .LVU388
 1545 0104 9FEDCD0A 		vldr.32	s0, .L217+4
 1546 0108 CB48     		ldr	r0, .L217
 1547 010a FFF7FEFF 		bl	_ZN9Wavetable8SetIndexEif
 1548              	.LVL91:
 133:main.cpp      ****     for(int i = 0; i < 8; i++){
 1549              		.loc 10 133 5 is_stmt 1 discriminator 2 view .LVU389
 133:main.cpp      ****     for(int i = 0; i < 8; i++){
 1550              		.loc 10 133 22 discriminator 2 view .LVU390
 1551 010e 082C     		cmp	r4, #8
 1552 0110 F6D1     		bne	.L90
 1553              	.LBE545:
 138:main.cpp      ****     UartHandler::Config uart_conf;
 1554              		.loc 10 138 5 view .LVU391
 1555              	.LVL92:
 1556              	.LBB546:
 1557              	.LBI546:
 1558              		.file 13 "../DaisyExamples/libDaisy/src/per/uart.h"
   1:../DaisyExamples/libDaisy/src/per/uart.h **** /* 
   2:../DaisyExamples/libDaisy/src/per/uart.h **** TODO
   3:../DaisyExamples/libDaisy/src/per/uart.h **** - Overflow handling, etc. for Rx Queue.
   4:../DaisyExamples/libDaisy/src/per/uart.h **** */
   5:../DaisyExamples/libDaisy/src/per/uart.h **** 
   6:../DaisyExamples/libDaisy/src/per/uart.h **** #pragma once
   7:../DaisyExamples/libDaisy/src/per/uart.h **** #ifndef DSY_UART_H
   8:../DaisyExamples/libDaisy/src/per/uart.h **** #define DSY_UART_H /**< macro */
   9:../DaisyExamples/libDaisy/src/per/uart.h **** #include "daisy_core.h"
  10:../DaisyExamples/libDaisy/src/per/uart.h **** 
  11:../DaisyExamples/libDaisy/src/per/uart.h **** 
  12:../DaisyExamples/libDaisy/src/per/uart.h **** namespace daisy
  13:../DaisyExamples/libDaisy/src/per/uart.h **** {
  14:../DaisyExamples/libDaisy/src/per/uart.h **** /** @addtogroup serial
  15:../DaisyExamples/libDaisy/src/per/uart.h ****     @{
  16:../DaisyExamples/libDaisy/src/per/uart.h ****     */
ARM GAS  C:\Users\22bur\AppData\Local\Temp\ccfIx2UX.s 			page 63


  17:../DaisyExamples/libDaisy/src/per/uart.h **** 
  18:../DaisyExamples/libDaisy/src/per/uart.h **** /** 
  19:../DaisyExamples/libDaisy/src/per/uart.h ****     Uart Peripheral
  20:../DaisyExamples/libDaisy/src/per/uart.h ****     @author shensley
  21:../DaisyExamples/libDaisy/src/per/uart.h ****     @date March 2020
  22:../DaisyExamples/libDaisy/src/per/uart.h ****     */
  23:../DaisyExamples/libDaisy/src/per/uart.h **** class UartHandler
  24:../DaisyExamples/libDaisy/src/per/uart.h **** {
  25:../DaisyExamples/libDaisy/src/per/uart.h ****   public:
  26:../DaisyExamples/libDaisy/src/per/uart.h ****     struct Config
  27:../DaisyExamples/libDaisy/src/per/uart.h ****     {
  28:../DaisyExamples/libDaisy/src/per/uart.h ****         enum class Peripheral
  29:../DaisyExamples/libDaisy/src/per/uart.h ****         {
  30:../DaisyExamples/libDaisy/src/per/uart.h ****             USART_1,
  31:../DaisyExamples/libDaisy/src/per/uart.h ****             USART_2,
  32:../DaisyExamples/libDaisy/src/per/uart.h ****             USART_3,
  33:../DaisyExamples/libDaisy/src/per/uart.h ****             UART_4,
  34:../DaisyExamples/libDaisy/src/per/uart.h ****             UART_5,
  35:../DaisyExamples/libDaisy/src/per/uart.h ****             USART_6,
  36:../DaisyExamples/libDaisy/src/per/uart.h ****             UART_7,
  37:../DaisyExamples/libDaisy/src/per/uart.h ****             UART_8,
  38:../DaisyExamples/libDaisy/src/per/uart.h ****             LPUART_1,
  39:../DaisyExamples/libDaisy/src/per/uart.h ****         };
  40:../DaisyExamples/libDaisy/src/per/uart.h **** 
  41:../DaisyExamples/libDaisy/src/per/uart.h ****         enum class StopBits
  42:../DaisyExamples/libDaisy/src/per/uart.h ****         {
  43:../DaisyExamples/libDaisy/src/per/uart.h ****             BITS_0_5,
  44:../DaisyExamples/libDaisy/src/per/uart.h ****             BITS_1,
  45:../DaisyExamples/libDaisy/src/per/uart.h ****             BITS_1_5,
  46:../DaisyExamples/libDaisy/src/per/uart.h ****             BITS_2,
  47:../DaisyExamples/libDaisy/src/per/uart.h ****         };
  48:../DaisyExamples/libDaisy/src/per/uart.h **** 
  49:../DaisyExamples/libDaisy/src/per/uart.h ****         enum class Parity
  50:../DaisyExamples/libDaisy/src/per/uart.h ****         {
  51:../DaisyExamples/libDaisy/src/per/uart.h ****             NONE,
  52:../DaisyExamples/libDaisy/src/per/uart.h ****             EVEN,
  53:../DaisyExamples/libDaisy/src/per/uart.h ****             ODD,
  54:../DaisyExamples/libDaisy/src/per/uart.h ****         };
  55:../DaisyExamples/libDaisy/src/per/uart.h **** 
  56:../DaisyExamples/libDaisy/src/per/uart.h ****         enum class Mode
  57:../DaisyExamples/libDaisy/src/per/uart.h ****         {
  58:../DaisyExamples/libDaisy/src/per/uart.h ****             RX,
  59:../DaisyExamples/libDaisy/src/per/uart.h ****             TX,
  60:../DaisyExamples/libDaisy/src/per/uart.h ****             TX_RX,
  61:../DaisyExamples/libDaisy/src/per/uart.h ****         };
  62:../DaisyExamples/libDaisy/src/per/uart.h **** 
  63:../DaisyExamples/libDaisy/src/per/uart.h ****         enum class WordLength
  64:../DaisyExamples/libDaisy/src/per/uart.h ****         {
  65:../DaisyExamples/libDaisy/src/per/uart.h ****             BITS_7,
  66:../DaisyExamples/libDaisy/src/per/uart.h ****             BITS_8,
  67:../DaisyExamples/libDaisy/src/per/uart.h ****             BITS_9,
  68:../DaisyExamples/libDaisy/src/per/uart.h ****         };
  69:../DaisyExamples/libDaisy/src/per/uart.h **** 
  70:../DaisyExamples/libDaisy/src/per/uart.h ****         struct
  71:../DaisyExamples/libDaisy/src/per/uart.h ****         {
  72:../DaisyExamples/libDaisy/src/per/uart.h ****             dsy_gpio_pin tx; /**< & */
  73:../DaisyExamples/libDaisy/src/per/uart.h ****             dsy_gpio_pin rx; /**< & */
ARM GAS  C:\Users\22bur\AppData\Local\Temp\ccfIx2UX.s 			page 64


  74:../DaisyExamples/libDaisy/src/per/uart.h ****         } pin_config;        /**< & */
  75:../DaisyExamples/libDaisy/src/per/uart.h **** 
  76:../DaisyExamples/libDaisy/src/per/uart.h ****         Config()
 1559              		.loc 13 76 9 view .LVU392
 1560              	.LBB547:
 1561              	.LBB548:
  77:../DaisyExamples/libDaisy/src/per/uart.h ****         {
  78:../DaisyExamples/libDaisy/src/per/uart.h ****             // user must init periph, pin_config, and mode
  79:../DaisyExamples/libDaisy/src/per/uart.h ****             stopbits   = StopBits::BITS_1;
 1562              		.loc 13 79 13 view .LVU393
  80:../DaisyExamples/libDaisy/src/per/uart.h ****             parity     = Parity::NONE;
 1563              		.loc 13 80 13 view .LVU394
  81:../DaisyExamples/libDaisy/src/per/uart.h ****             wordlength = WordLength::BITS_8;
 1564              		.loc 13 81 13 view .LVU395
  82:../DaisyExamples/libDaisy/src/per/uart.h ****             baudrate   = 31250;
 1565              		.loc 13 82 13 view .LVU396
 1566              		.loc 13 82 13 is_stmt 0 view .LVU397
 1567              	.LBE548:
 1568              	.LBE547:
 1569              	.LBE546:
 139:main.cpp      ****     uart_conf.baudrate      = 115200;
 1570              		.loc 10 139 5 is_stmt 1 view .LVU398
 140:main.cpp      ****     uart_conf.periph        = UartHandler::Config::Peripheral::USART_1;
 1571              		.loc 10 140 5 view .LVU399
 141:main.cpp      ****     uart_conf.stopbits      = UartHandler::Config::StopBits::BITS_1;
 1572              		.loc 10 141 5 view .LVU400
 142:main.cpp      ****     uart_conf.parity        = UartHandler::Config::Parity::NONE;
 1573              		.loc 10 142 5 view .LVU401
 143:main.cpp      ****     uart_conf.wordlength    = UartHandler::Config::WordLength::BITS_8;
 1574              		.loc 10 143 5 view .LVU402
 144:main.cpp      ****     uart_conf.mode          = UartHandler::Config::Mode::TX_RX;
 1575              		.loc 10 144 5 view .LVU403
 145:main.cpp      ****     uart_conf.pin_config.tx = {DSY_GPIOB, 6}; // Pin 14
 1576              		.loc 10 145 5 view .LVU404
 146:main.cpp      ****     uart_conf.pin_config.rx = {DSY_GPIOB, 7}; // Pin 15
 1577              		.loc 10 146 5 view .LVU405
 140:main.cpp      ****     uart_conf.periph        = UartHandler::Config::Peripheral::USART_1;
 1578              		.loc 10 140 29 is_stmt 0 view .LVU406
 1579 0112 0027     		movs	r7, #0
 1580              	.LBB555:
 1581              	.LBB552:
  77:../DaisyExamples/libDaisy/src/per/uart.h ****             // user must init periph, pin_config, and mode
 1582              		.loc 13 77 9 view .LVU407
 1583 0114 CA4B     		ldr	r3, .L217+8
 1584              	.LBB549:
  79:../DaisyExamples/libDaisy/src/per/uart.h ****             parity     = Parity::NONE;
 1585              		.loc 13 79 24 view .LVU408
 1586 0116 0124     		movs	r4, #1
 1587              	.LVL93:
  79:../DaisyExamples/libDaisy/src/per/uart.h ****             parity     = Parity::NONE;
 1588              		.loc 13 79 24 view .LVU409
 1589              	.LBE549:
 1590              	.LBE552:
 1591              	.LBE555:
 144:main.cpp      ****     uart_conf.mode          = UartHandler::Config::Mode::TX_RX;
 1592              		.loc 10 144 29 view .LVU410
 1593 0118 0225     		movs	r5, #2
ARM GAS  C:\Users\22bur\AppData\Local\Temp\ccfIx2UX.s 			page 65


 147:main.cpp      ****     uart.Init(uart_conf);
 1594              		.loc 10 147 14 view .LVU411
 1595 011a 23A9     		add	r1, sp, #140
 1596 011c C948     		ldr	r0, .L217+12
 140:main.cpp      ****     uart_conf.periph        = UartHandler::Config::Peripheral::USART_1;
 1597              		.loc 10 140 29 view .LVU412
 1598 011e CDE92337 		strd	r3, r7, [sp, #140]
 139:main.cpp      ****     uart_conf.baudrate      = 115200;
 1599              		.loc 10 139 29 view .LVU413
 1600 0122 4FF4E133 		mov	r3, #115200
 1601              	.LBB556:
 1602              	.LBB553:
 1603              	.LBB550:
  81:../DaisyExamples/libDaisy/src/per/uart.h ****             baudrate   = 31250;
 1604              		.loc 13 81 24 view .LVU414
 1605 0126 CDE92754 		strd	r5, r4, [sp, #156]
 1606              	.LBE550:
 1607              	.LBE553:
 1608              	.LBE556:
 139:main.cpp      ****     uart_conf.baudrate      = 115200;
 1609              		.loc 10 139 29 view .LVU415
 1610 012a 2993     		str	r3, [sp, #164]
 147:main.cpp      ****     uart.Init(uart_conf);
 1611              		.loc 10 147 5 is_stmt 1 view .LVU416
 1612              	.LBB557:
 1613              	.LBB554:
 1614              	.LBB551:
  80:../DaisyExamples/libDaisy/src/per/uart.h ****             wordlength = WordLength::BITS_8;
 1615              		.loc 13 80 24 is_stmt 0 view .LVU417
 1616 012c CDE92547 		strd	r4, r7, [sp, #148]
 1617              	.LBE551:
 1618              	.LBE554:
 1619              	.LBE557:
 147:main.cpp      ****     uart.Init(uart_conf);
 1620              		.loc 10 147 14 view .LVU418
 1621 0130 FFF7FEFF 		bl	_ZN5daisy11UartHandler4InitERKNS0_6ConfigE
 1622              	.LVL94:
 150:main.cpp      ****     MidiUartHandler::Config midi_config;
 1623              		.loc 10 150 5 is_stmt 1 view .LVU419
 1624              	.LBB558:
 1625              	.LBI558:
 158:../DaisyExamples/libDaisy/src/hid/midi.h ****     {
 1626              		.loc 11 158 12 view .LVU420
 1627              	.LBB559:
 1628 0134 17A8     		add	r0, sp, #92
 1629              	.LVL95:
 158:../DaisyExamples/libDaisy/src/hid/midi.h ****     {
 1630              		.loc 11 158 12 is_stmt 0 view .LVU421
 1631 0136 FFF7FEFF 		bl	_ZN5daisy17MidiUartTransport6ConfigC1Ev
 1632              	.LVL96:
 158:../DaisyExamples/libDaisy/src/hid/midi.h ****     {
 1633              		.loc 11 158 12 view .LVU422
 1634              	.LBE559:
 1635              	.LBE558:
 151:main.cpp      ****     midi.Init(midi_config);
 1636              		.loc 10 151 5 is_stmt 1 view .LVU423
 1637              	.LBB560:
ARM GAS  C:\Users\22bur\AppData\Local\Temp\ccfIx2UX.s 			page 66


 1638              	.LBB561:
 1639              	.LBB562:
 1640              	.LBB563:
 1641              	.LBB564:
 1642              	.LBB565:
 1643              	.LBB566:
 1644              		.loc 13 82 24 is_stmt 0 view .LVU424
 1645 013a 47F61223 		movw	r3, #31250
 1646 013e 4EAA     		add	r2, sp, #312
 1647              	.LBE566:
 1648              	.LBE565:
 1649              	.LBE564:
  70:../DaisyExamples/libDaisy/src/hid/midi.h ****         uart_config.wordlength = UartHandler::Config::WordLength::BITS_8;
 1650              		.loc 11 70 32 view .LVU425
 1651 0140 2E95     		str	r5, [sp, #184]
 1652              	.LBB573:
 1653              	.LBB570:
 1654              	.LBB567:
 1655              		.loc 13 82 24 view .LVU426
 1656 0142 3093     		str	r3, [sp, #192]
 1657 0144 17AB     		add	r3, sp, #92
 1658              	.LBE567:
 1659              	.LBE570:
 1660              	.LBE573:
 1661              	.LBE563:
 1662              	.LBE562:
 168:../DaisyExamples/libDaisy/src/hid/midi.h ****         transport_.Init(config_.transport_config);
 1663              		.loc 11 168 9 view .LVU427
 1664 0146 C04D     		ldr	r5, .L217+16
 1665 0148 A2F1BC06 		sub	r6, r2, #188
 1666              	.LBB585:
 1667              	.LBB580:
 1668              	.LBB574:
 1669              	.LBB571:
 1670              	.LBB568:
  79:../DaisyExamples/libDaisy/src/per/uart.h ****             parity     = Parity::NONE;
 1671              		.loc 13 79 24 view .LVU428
 1672 014c 2C94     		str	r4, [sp, #176]
  81:../DaisyExamples/libDaisy/src/per/uart.h ****             baudrate   = 31250;
 1673              		.loc 13 81 24 view .LVU429
 1674 014e 2F94     		str	r4, [sp, #188]
 1675 0150 1BAC     		add	r4, sp, #108
  80:../DaisyExamples/libDaisy/src/per/uart.h ****             wordlength = WordLength::BITS_8;
 1676              		.loc 13 80 24 view .LVU430
 1677 0152 2D97     		str	r7, [sp, #180]
 1678 0154 0FCB     		ldm	r3, {r0, r1, r2, r3}
 1679 0156 86E80F00 		stm	r6, {r0, r1, r2, r3}
 1680 015a 84E80F00 		stm	r4, {r0, r1, r2, r3}
 1681              	.LBE568:
 1682              	.LBE571:
 1683              	.LBE574:
 1684              	.LBE580:
 1685              	.LBE585:
 1686              	.LBE561:
 1687              	.LBI560:
 166:../DaisyExamples/libDaisy/src/hid/midi.h ****     {
 1688              		.loc 11 166 10 is_stmt 1 view .LVU431
ARM GAS  C:\Users\22bur\AppData\Local\Temp\ccfIx2UX.s 			page 67


 1689              	.LBB593:
 168:../DaisyExamples/libDaisy/src/hid/midi.h ****         transport_.Init(config_.transport_config);
 1690              		.loc 11 168 9 is_stmt 0 view .LVU432
 1691 015e 85E80F00 		stm	r5, {r0, r1, r2, r3}
 1692              	.LVL97:
 1693              	.LBB586:
 1694              	.LBB581:
  74:../DaisyExamples/libDaisy/src/hid/midi.h ****         uart_config.pin_config.rx = config.rx;
 1695              		.loc 11 74 35 view .LVU433
 1696 0162 2B90     		str	r0, [sp, #172]
 1697 0164 1046     		mov	r0, r2
 1698              	.LVL98:
  74:../DaisyExamples/libDaisy/src/hid/midi.h ****         uart_config.pin_config.rx = config.rx;
 1699              		.loc 11 74 35 view .LVU434
 1700 0166 1A46     		mov	r2, r3
 1701              	.LVL99:
  74:../DaisyExamples/libDaisy/src/hid/midi.h ****         uart_config.pin_config.rx = config.rx;
 1702              		.loc 11 74 35 view .LVU435
 1703              	.LBE581:
 1704              	.LBI562:
  62:../DaisyExamples/libDaisy/src/hid/midi.h ****     {
 1705              		.loc 11 62 17 is_stmt 1 view .LVU436
 1706              	.LBB582:
  64:../DaisyExamples/libDaisy/src/hid/midi.h **** 
 1707              		.loc 11 64 9 view .LVU437
 1708              	.LBB575:
 1709              	.LBI564:
  76:../DaisyExamples/libDaisy/src/per/uart.h ****         {
 1710              		.loc 13 76 9 view .LVU438
 1711              	.LBB572:
 1712              	.LBB569:
  79:../DaisyExamples/libDaisy/src/per/uart.h ****             parity     = Parity::NONE;
 1713              		.loc 13 79 13 view .LVU439
  80:../DaisyExamples/libDaisy/src/per/uart.h ****             wordlength = WordLength::BITS_8;
 1714              		.loc 13 80 13 view .LVU440
  81:../DaisyExamples/libDaisy/src/per/uart.h ****             baudrate   = 31250;
 1715              		.loc 13 81 13 view .LVU441
 1716              		.loc 13 82 13 view .LVU442
 1717              		.loc 13 82 13 is_stmt 0 view .LVU443
 1718              	.LBE569:
 1719              	.LBE572:
 1720              	.LBE575:
  67:../DaisyExamples/libDaisy/src/hid/midi.h ****         uart_config.stopbits   = UartHandler::Config::StopBits::BITS_1;
 1721              		.loc 11 67 9 is_stmt 1 view .LVU444
  68:../DaisyExamples/libDaisy/src/hid/midi.h ****         uart_config.parity     = UartHandler::Config::Parity::NONE;
 1722              		.loc 11 68 9 view .LVU445
  69:../DaisyExamples/libDaisy/src/hid/midi.h ****         uart_config.mode       = UartHandler::Config::Mode::TX_RX;
 1723              		.loc 11 69 9 view .LVU446
  70:../DaisyExamples/libDaisy/src/hid/midi.h ****         uart_config.wordlength = UartHandler::Config::WordLength::BITS_8;
 1724              		.loc 11 70 9 view .LVU447
  71:../DaisyExamples/libDaisy/src/hid/midi.h **** 
 1725              		.loc 11 71 9 view .LVU448
  74:../DaisyExamples/libDaisy/src/hid/midi.h ****         uart_config.pin_config.rx = config.rx;
 1726              		.loc 11 74 9 view .LVU449
  75:../DaisyExamples/libDaisy/src/hid/midi.h ****         uart_config.pin_config.tx = config.tx;
 1727              		.loc 11 75 9 view .LVU450
  75:../DaisyExamples/libDaisy/src/hid/midi.h ****         uart_config.pin_config.tx = config.tx;
ARM GAS  C:\Users\22bur\AppData\Local\Temp\ccfIx2UX.s 			page 68


 1728              		.loc 11 75 35 is_stmt 0 view .LVU451
 1729 0168 BDF88030 		ldrh	r3, [sp, #128]
 1730 016c ADF8AA30 		strh	r3, [sp, #170]	@ movhi
  76:../DaisyExamples/libDaisy/src/hid/midi.h **** 
 1731              		.loc 11 76 9 is_stmt 1 view .LVU452
  76:../DaisyExamples/libDaisy/src/hid/midi.h **** 
 1732              		.loc 11 76 35 is_stmt 0 view .LVU453
 1733 0170 BDF88230 		ldrh	r3, [sp, #130]
  79:../DaisyExamples/libDaisy/src/hid/midi.h **** 
 1734              		.loc 11 79 24 view .LVU454
 1735 0174 C5E90502 		strd	r0, r2, [r5, #20]
  76:../DaisyExamples/libDaisy/src/hid/midi.h **** 
 1736              		.loc 11 76 35 view .LVU455
 1737 0178 ADF8A830 		strh	r3, [sp, #168]	@ movhi
  78:../DaisyExamples/libDaisy/src/hid/midi.h ****         rx_buffer_size = config.rx_buffer_size;
 1738              		.loc 11 78 9 is_stmt 1 view .LVU456
  82:../DaisyExamples/libDaisy/src/hid/midi.h **** 
 1739              		.loc 11 82 9 view .LVU457
 1740              	.LVL100:
 1741              	.LBB576:
 1742              	.LBI576:
 1743              		.file 14 "c:\\program files\\daisytoolchain\\arm-none-eabi\\include\\c++\\10.2.1\\bits\\stl_algoba
   1:c:\program files\daisytoolchain\arm-none-eabi\include\c++\10.2.1\bits\stl_algobase.h **** // Core algorithmic facilities -*- C++ -*-
   2:c:\program files\daisytoolchain\arm-none-eabi\include\c++\10.2.1\bits\stl_algobase.h **** 
   3:c:\program files\daisytoolchain\arm-none-eabi\include\c++\10.2.1\bits\stl_algobase.h **** // Copyright (C) 2001-2020 Free Software Foundation, Inc.
   4:c:\program files\daisytoolchain\arm-none-eabi\include\c++\10.2.1\bits\stl_algobase.h **** //
   5:c:\program files\daisytoolchain\arm-none-eabi\include\c++\10.2.1\bits\stl_algobase.h **** // This file is part of the GNU ISO C++ Library.  This library is free
   6:c:\program files\daisytoolchain\arm-none-eabi\include\c++\10.2.1\bits\stl_algobase.h **** // software; you can redistribute it and/or modify it under the
   7:c:\program files\daisytoolchain\arm-none-eabi\include\c++\10.2.1\bits\stl_algobase.h **** // terms of the GNU General Public License as published by the
   8:c:\program files\daisytoolchain\arm-none-eabi\include\c++\10.2.1\bits\stl_algobase.h **** // Free Software Foundation; either version 3, or (at your option)
   9:c:\program files\daisytoolchain\arm-none-eabi\include\c++\10.2.1\bits\stl_algobase.h **** // any later version.
  10:c:\program files\daisytoolchain\arm-none-eabi\include\c++\10.2.1\bits\stl_algobase.h **** 
  11:c:\program files\daisytoolchain\arm-none-eabi\include\c++\10.2.1\bits\stl_algobase.h **** // This library is distributed in the hope that it will be useful,
  12:c:\program files\daisytoolchain\arm-none-eabi\include\c++\10.2.1\bits\stl_algobase.h **** // but WITHOUT ANY WARRANTY; without even the implied warranty of
  13:c:\program files\daisytoolchain\arm-none-eabi\include\c++\10.2.1\bits\stl_algobase.h **** // MERCHANTABILITY or FITNESS FOR A PARTICULAR PURPOSE.  See the
  14:c:\program files\daisytoolchain\arm-none-eabi\include\c++\10.2.1\bits\stl_algobase.h **** // GNU General Public License for more details.
  15:c:\program files\daisytoolchain\arm-none-eabi\include\c++\10.2.1\bits\stl_algobase.h **** 
  16:c:\program files\daisytoolchain\arm-none-eabi\include\c++\10.2.1\bits\stl_algobase.h **** // Under Section 7 of GPL version 3, you are granted additional
  17:c:\program files\daisytoolchain\arm-none-eabi\include\c++\10.2.1\bits\stl_algobase.h **** // permissions described in the GCC Runtime Library Exception, version
  18:c:\program files\daisytoolchain\arm-none-eabi\include\c++\10.2.1\bits\stl_algobase.h **** // 3.1, as published by the Free Software Foundation.
  19:c:\program files\daisytoolchain\arm-none-eabi\include\c++\10.2.1\bits\stl_algobase.h **** 
  20:c:\program files\daisytoolchain\arm-none-eabi\include\c++\10.2.1\bits\stl_algobase.h **** // You should have received a copy of the GNU General Public License and
  21:c:\program files\daisytoolchain\arm-none-eabi\include\c++\10.2.1\bits\stl_algobase.h **** // a copy of the GCC Runtime Library Exception along with this program;
  22:c:\program files\daisytoolchain\arm-none-eabi\include\c++\10.2.1\bits\stl_algobase.h **** // see the files COPYING3 and COPYING.RUNTIME respectively.  If not, see
  23:c:\program files\daisytoolchain\arm-none-eabi\include\c++\10.2.1\bits\stl_algobase.h **** // <http://www.gnu.org/licenses/>.
  24:c:\program files\daisytoolchain\arm-none-eabi\include\c++\10.2.1\bits\stl_algobase.h **** 
  25:c:\program files\daisytoolchain\arm-none-eabi\include\c++\10.2.1\bits\stl_algobase.h **** /*
  26:c:\program files\daisytoolchain\arm-none-eabi\include\c++\10.2.1\bits\stl_algobase.h ****  *
  27:c:\program files\daisytoolchain\arm-none-eabi\include\c++\10.2.1\bits\stl_algobase.h ****  * Copyright (c) 1994
  28:c:\program files\daisytoolchain\arm-none-eabi\include\c++\10.2.1\bits\stl_algobase.h ****  * Hewlett-Packard Company
  29:c:\program files\daisytoolchain\arm-none-eabi\include\c++\10.2.1\bits\stl_algobase.h ****  *
  30:c:\program files\daisytoolchain\arm-none-eabi\include\c++\10.2.1\bits\stl_algobase.h ****  * Permission to use, copy, modify, distribute and sell this software
  31:c:\program files\daisytoolchain\arm-none-eabi\include\c++\10.2.1\bits\stl_algobase.h ****  * and its documentation for any purpose is hereby granted without fee,
  32:c:\program files\daisytoolchain\arm-none-eabi\include\c++\10.2.1\bits\stl_algobase.h ****  * provided that the above copyright notice appear in all copies and
  33:c:\program files\daisytoolchain\arm-none-eabi\include\c++\10.2.1\bits\stl_algobase.h ****  * that both that copyright notice and this permission notice appear
  34:c:\program files\daisytoolchain\arm-none-eabi\include\c++\10.2.1\bits\stl_algobase.h ****  * in supporting documentation.  Hewlett-Packard Company makes no
  35:c:\program files\daisytoolchain\arm-none-eabi\include\c++\10.2.1\bits\stl_algobase.h ****  * representations about the suitability of this software for any
ARM GAS  C:\Users\22bur\AppData\Local\Temp\ccfIx2UX.s 			page 69


  36:c:\program files\daisytoolchain\arm-none-eabi\include\c++\10.2.1\bits\stl_algobase.h ****  * purpose.  It is provided "as is" without express or implied warranty.
  37:c:\program files\daisytoolchain\arm-none-eabi\include\c++\10.2.1\bits\stl_algobase.h ****  *
  38:c:\program files\daisytoolchain\arm-none-eabi\include\c++\10.2.1\bits\stl_algobase.h ****  *
  39:c:\program files\daisytoolchain\arm-none-eabi\include\c++\10.2.1\bits\stl_algobase.h ****  * Copyright (c) 1996-1998
  40:c:\program files\daisytoolchain\arm-none-eabi\include\c++\10.2.1\bits\stl_algobase.h ****  * Silicon Graphics Computer Systems, Inc.
  41:c:\program files\daisytoolchain\arm-none-eabi\include\c++\10.2.1\bits\stl_algobase.h ****  *
  42:c:\program files\daisytoolchain\arm-none-eabi\include\c++\10.2.1\bits\stl_algobase.h ****  * Permission to use, copy, modify, distribute and sell this software
  43:c:\program files\daisytoolchain\arm-none-eabi\include\c++\10.2.1\bits\stl_algobase.h ****  * and its documentation for any purpose is hereby granted without fee,
  44:c:\program files\daisytoolchain\arm-none-eabi\include\c++\10.2.1\bits\stl_algobase.h ****  * provided that the above copyright notice appear in all copies and
  45:c:\program files\daisytoolchain\arm-none-eabi\include\c++\10.2.1\bits\stl_algobase.h ****  * that both that copyright notice and this permission notice appear
  46:c:\program files\daisytoolchain\arm-none-eabi\include\c++\10.2.1\bits\stl_algobase.h ****  * in supporting documentation.  Silicon Graphics makes no
  47:c:\program files\daisytoolchain\arm-none-eabi\include\c++\10.2.1\bits\stl_algobase.h ****  * representations about the suitability of this software for any
  48:c:\program files\daisytoolchain\arm-none-eabi\include\c++\10.2.1\bits\stl_algobase.h ****  * purpose.  It is provided "as is" without express or implied warranty.
  49:c:\program files\daisytoolchain\arm-none-eabi\include\c++\10.2.1\bits\stl_algobase.h ****  */
  50:c:\program files\daisytoolchain\arm-none-eabi\include\c++\10.2.1\bits\stl_algobase.h **** 
  51:c:\program files\daisytoolchain\arm-none-eabi\include\c++\10.2.1\bits\stl_algobase.h **** /** @file bits/stl_algobase.h
  52:c:\program files\daisytoolchain\arm-none-eabi\include\c++\10.2.1\bits\stl_algobase.h ****  *  This is an internal header file, included by other library headers.
  53:c:\program files\daisytoolchain\arm-none-eabi\include\c++\10.2.1\bits\stl_algobase.h ****  *  Do not attempt to use it directly. @headername{algorithm}
  54:c:\program files\daisytoolchain\arm-none-eabi\include\c++\10.2.1\bits\stl_algobase.h ****  */
  55:c:\program files\daisytoolchain\arm-none-eabi\include\c++\10.2.1\bits\stl_algobase.h **** 
  56:c:\program files\daisytoolchain\arm-none-eabi\include\c++\10.2.1\bits\stl_algobase.h **** #ifndef _STL_ALGOBASE_H
  57:c:\program files\daisytoolchain\arm-none-eabi\include\c++\10.2.1\bits\stl_algobase.h **** #define _STL_ALGOBASE_H 1
  58:c:\program files\daisytoolchain\arm-none-eabi\include\c++\10.2.1\bits\stl_algobase.h **** 
  59:c:\program files\daisytoolchain\arm-none-eabi\include\c++\10.2.1\bits\stl_algobase.h **** #include <bits/c++config.h>
  60:c:\program files\daisytoolchain\arm-none-eabi\include\c++\10.2.1\bits\stl_algobase.h **** #include <bits/functexcept.h>
  61:c:\program files\daisytoolchain\arm-none-eabi\include\c++\10.2.1\bits\stl_algobase.h **** #include <bits/cpp_type_traits.h>
  62:c:\program files\daisytoolchain\arm-none-eabi\include\c++\10.2.1\bits\stl_algobase.h **** #include <ext/type_traits.h>
  63:c:\program files\daisytoolchain\arm-none-eabi\include\c++\10.2.1\bits\stl_algobase.h **** #include <ext/numeric_traits.h>
  64:c:\program files\daisytoolchain\arm-none-eabi\include\c++\10.2.1\bits\stl_algobase.h **** #include <bits/stl_pair.h>
  65:c:\program files\daisytoolchain\arm-none-eabi\include\c++\10.2.1\bits\stl_algobase.h **** #include <bits/stl_iterator_base_types.h>
  66:c:\program files\daisytoolchain\arm-none-eabi\include\c++\10.2.1\bits\stl_algobase.h **** #include <bits/stl_iterator_base_funcs.h>
  67:c:\program files\daisytoolchain\arm-none-eabi\include\c++\10.2.1\bits\stl_algobase.h **** #include <bits/stl_iterator.h>
  68:c:\program files\daisytoolchain\arm-none-eabi\include\c++\10.2.1\bits\stl_algobase.h **** #include <bits/concept_check.h>
  69:c:\program files\daisytoolchain\arm-none-eabi\include\c++\10.2.1\bits\stl_algobase.h **** #include <debug/debug.h>
  70:c:\program files\daisytoolchain\arm-none-eabi\include\c++\10.2.1\bits\stl_algobase.h **** #include <bits/move.h> // For std::swap
  71:c:\program files\daisytoolchain\arm-none-eabi\include\c++\10.2.1\bits\stl_algobase.h **** #include <bits/predefined_ops.h>
  72:c:\program files\daisytoolchain\arm-none-eabi\include\c++\10.2.1\bits\stl_algobase.h **** #if __cplusplus >= 201103L
  73:c:\program files\daisytoolchain\arm-none-eabi\include\c++\10.2.1\bits\stl_algobase.h **** # include <type_traits>
  74:c:\program files\daisytoolchain\arm-none-eabi\include\c++\10.2.1\bits\stl_algobase.h **** #endif
  75:c:\program files\daisytoolchain\arm-none-eabi\include\c++\10.2.1\bits\stl_algobase.h **** #if __cplusplus > 201703L
  76:c:\program files\daisytoolchain\arm-none-eabi\include\c++\10.2.1\bits\stl_algobase.h **** # include <compare>
  77:c:\program files\daisytoolchain\arm-none-eabi\include\c++\10.2.1\bits\stl_algobase.h **** #endif
  78:c:\program files\daisytoolchain\arm-none-eabi\include\c++\10.2.1\bits\stl_algobase.h **** 
  79:c:\program files\daisytoolchain\arm-none-eabi\include\c++\10.2.1\bits\stl_algobase.h **** namespace std _GLIBCXX_VISIBILITY(default)
  80:c:\program files\daisytoolchain\arm-none-eabi\include\c++\10.2.1\bits\stl_algobase.h **** {
  81:c:\program files\daisytoolchain\arm-none-eabi\include\c++\10.2.1\bits\stl_algobase.h **** _GLIBCXX_BEGIN_NAMESPACE_VERSION
  82:c:\program files\daisytoolchain\arm-none-eabi\include\c++\10.2.1\bits\stl_algobase.h **** 
  83:c:\program files\daisytoolchain\arm-none-eabi\include\c++\10.2.1\bits\stl_algobase.h ****   /*
  84:c:\program files\daisytoolchain\arm-none-eabi\include\c++\10.2.1\bits\stl_algobase.h ****    * A constexpr wrapper for __builtin_memcmp.
  85:c:\program files\daisytoolchain\arm-none-eabi\include\c++\10.2.1\bits\stl_algobase.h ****    * @param __num The number of elements of type _Tp (not bytes).
  86:c:\program files\daisytoolchain\arm-none-eabi\include\c++\10.2.1\bits\stl_algobase.h ****    */
  87:c:\program files\daisytoolchain\arm-none-eabi\include\c++\10.2.1\bits\stl_algobase.h ****   template<typename _Tp, typename _Up>
  88:c:\program files\daisytoolchain\arm-none-eabi\include\c++\10.2.1\bits\stl_algobase.h ****     _GLIBCXX14_CONSTEXPR
  89:c:\program files\daisytoolchain\arm-none-eabi\include\c++\10.2.1\bits\stl_algobase.h ****     inline int
  90:c:\program files\daisytoolchain\arm-none-eabi\include\c++\10.2.1\bits\stl_algobase.h ****     __memcmp(const _Tp* __first1, const _Up* __first2, size_t __num)
  91:c:\program files\daisytoolchain\arm-none-eabi\include\c++\10.2.1\bits\stl_algobase.h ****     {
  92:c:\program files\daisytoolchain\arm-none-eabi\include\c++\10.2.1\bits\stl_algobase.h **** #if __cplusplus >= 201103L
ARM GAS  C:\Users\22bur\AppData\Local\Temp\ccfIx2UX.s 			page 70


  93:c:\program files\daisytoolchain\arm-none-eabi\include\c++\10.2.1\bits\stl_algobase.h ****       static_assert(sizeof(_Tp) == sizeof(_Up), "can be compared with memcmp");
  94:c:\program files\daisytoolchain\arm-none-eabi\include\c++\10.2.1\bits\stl_algobase.h **** #endif
  95:c:\program files\daisytoolchain\arm-none-eabi\include\c++\10.2.1\bits\stl_algobase.h **** #ifdef __cpp_lib_is_constant_evaluated
  96:c:\program files\daisytoolchain\arm-none-eabi\include\c++\10.2.1\bits\stl_algobase.h ****       if (std::is_constant_evaluated())
  97:c:\program files\daisytoolchain\arm-none-eabi\include\c++\10.2.1\bits\stl_algobase.h **** 	{
  98:c:\program files\daisytoolchain\arm-none-eabi\include\c++\10.2.1\bits\stl_algobase.h **** 	  for(; __num > 0; ++__first1, ++__first2, --__num)
  99:c:\program files\daisytoolchain\arm-none-eabi\include\c++\10.2.1\bits\stl_algobase.h **** 	    if (*__first1 != *__first2)
 100:c:\program files\daisytoolchain\arm-none-eabi\include\c++\10.2.1\bits\stl_algobase.h **** 	      return *__first1 < *__first2 ? -1 : 1;
 101:c:\program files\daisytoolchain\arm-none-eabi\include\c++\10.2.1\bits\stl_algobase.h **** 	  return 0;
 102:c:\program files\daisytoolchain\arm-none-eabi\include\c++\10.2.1\bits\stl_algobase.h **** 	}
 103:c:\program files\daisytoolchain\arm-none-eabi\include\c++\10.2.1\bits\stl_algobase.h ****       else
 104:c:\program files\daisytoolchain\arm-none-eabi\include\c++\10.2.1\bits\stl_algobase.h **** #endif
 105:c:\program files\daisytoolchain\arm-none-eabi\include\c++\10.2.1\bits\stl_algobase.h **** 	return __builtin_memcmp(__first1, __first2, sizeof(_Tp) * __num);
 106:c:\program files\daisytoolchain\arm-none-eabi\include\c++\10.2.1\bits\stl_algobase.h ****     }
 107:c:\program files\daisytoolchain\arm-none-eabi\include\c++\10.2.1\bits\stl_algobase.h **** 
 108:c:\program files\daisytoolchain\arm-none-eabi\include\c++\10.2.1\bits\stl_algobase.h **** #if __cplusplus < 201103L
 109:c:\program files\daisytoolchain\arm-none-eabi\include\c++\10.2.1\bits\stl_algobase.h ****   // See http://gcc.gnu.org/ml/libstdc++/2004-08/msg00167.html: in a
 110:c:\program files\daisytoolchain\arm-none-eabi\include\c++\10.2.1\bits\stl_algobase.h ****   // nutshell, we are partially implementing the resolution of DR 187,
 111:c:\program files\daisytoolchain\arm-none-eabi\include\c++\10.2.1\bits\stl_algobase.h ****   // when it's safe, i.e., the value_types are equal.
 112:c:\program files\daisytoolchain\arm-none-eabi\include\c++\10.2.1\bits\stl_algobase.h ****   template<bool _BoolType>
 113:c:\program files\daisytoolchain\arm-none-eabi\include\c++\10.2.1\bits\stl_algobase.h ****     struct __iter_swap
 114:c:\program files\daisytoolchain\arm-none-eabi\include\c++\10.2.1\bits\stl_algobase.h ****     {
 115:c:\program files\daisytoolchain\arm-none-eabi\include\c++\10.2.1\bits\stl_algobase.h ****       template<typename _ForwardIterator1, typename _ForwardIterator2>
 116:c:\program files\daisytoolchain\arm-none-eabi\include\c++\10.2.1\bits\stl_algobase.h **** 	static void
 117:c:\program files\daisytoolchain\arm-none-eabi\include\c++\10.2.1\bits\stl_algobase.h **** 	iter_swap(_ForwardIterator1 __a, _ForwardIterator2 __b)
 118:c:\program files\daisytoolchain\arm-none-eabi\include\c++\10.2.1\bits\stl_algobase.h **** 	{
 119:c:\program files\daisytoolchain\arm-none-eabi\include\c++\10.2.1\bits\stl_algobase.h **** 	  typedef typename iterator_traits<_ForwardIterator1>::value_type
 120:c:\program files\daisytoolchain\arm-none-eabi\include\c++\10.2.1\bits\stl_algobase.h **** 	    _ValueType1;
 121:c:\program files\daisytoolchain\arm-none-eabi\include\c++\10.2.1\bits\stl_algobase.h **** 	  _ValueType1 __tmp = *__a;
 122:c:\program files\daisytoolchain\arm-none-eabi\include\c++\10.2.1\bits\stl_algobase.h **** 	  *__a = *__b;
 123:c:\program files\daisytoolchain\arm-none-eabi\include\c++\10.2.1\bits\stl_algobase.h **** 	  *__b = __tmp;
 124:c:\program files\daisytoolchain\arm-none-eabi\include\c++\10.2.1\bits\stl_algobase.h **** 	}
 125:c:\program files\daisytoolchain\arm-none-eabi\include\c++\10.2.1\bits\stl_algobase.h ****     };
 126:c:\program files\daisytoolchain\arm-none-eabi\include\c++\10.2.1\bits\stl_algobase.h **** 
 127:c:\program files\daisytoolchain\arm-none-eabi\include\c++\10.2.1\bits\stl_algobase.h ****   template<>
 128:c:\program files\daisytoolchain\arm-none-eabi\include\c++\10.2.1\bits\stl_algobase.h ****     struct __iter_swap<true>
 129:c:\program files\daisytoolchain\arm-none-eabi\include\c++\10.2.1\bits\stl_algobase.h ****     {
 130:c:\program files\daisytoolchain\arm-none-eabi\include\c++\10.2.1\bits\stl_algobase.h ****       template<typename _ForwardIterator1, typename _ForwardIterator2>
 131:c:\program files\daisytoolchain\arm-none-eabi\include\c++\10.2.1\bits\stl_algobase.h **** 	static void
 132:c:\program files\daisytoolchain\arm-none-eabi\include\c++\10.2.1\bits\stl_algobase.h **** 	iter_swap(_ForwardIterator1 __a, _ForwardIterator2 __b)
 133:c:\program files\daisytoolchain\arm-none-eabi\include\c++\10.2.1\bits\stl_algobase.h **** 	{
 134:c:\program files\daisytoolchain\arm-none-eabi\include\c++\10.2.1\bits\stl_algobase.h **** 	  swap(*__a, *__b);
 135:c:\program files\daisytoolchain\arm-none-eabi\include\c++\10.2.1\bits\stl_algobase.h **** 	}
 136:c:\program files\daisytoolchain\arm-none-eabi\include\c++\10.2.1\bits\stl_algobase.h ****     };
 137:c:\program files\daisytoolchain\arm-none-eabi\include\c++\10.2.1\bits\stl_algobase.h **** #endif // C++03
 138:c:\program files\daisytoolchain\arm-none-eabi\include\c++\10.2.1\bits\stl_algobase.h **** 
 139:c:\program files\daisytoolchain\arm-none-eabi\include\c++\10.2.1\bits\stl_algobase.h ****   /**
 140:c:\program files\daisytoolchain\arm-none-eabi\include\c++\10.2.1\bits\stl_algobase.h ****    *  @brief Swaps the contents of two iterators.
 141:c:\program files\daisytoolchain\arm-none-eabi\include\c++\10.2.1\bits\stl_algobase.h ****    *  @ingroup mutating_algorithms
 142:c:\program files\daisytoolchain\arm-none-eabi\include\c++\10.2.1\bits\stl_algobase.h ****    *  @param  __a  An iterator.
 143:c:\program files\daisytoolchain\arm-none-eabi\include\c++\10.2.1\bits\stl_algobase.h ****    *  @param  __b  Another iterator.
 144:c:\program files\daisytoolchain\arm-none-eabi\include\c++\10.2.1\bits\stl_algobase.h ****    *  @return   Nothing.
 145:c:\program files\daisytoolchain\arm-none-eabi\include\c++\10.2.1\bits\stl_algobase.h ****    *
 146:c:\program files\daisytoolchain\arm-none-eabi\include\c++\10.2.1\bits\stl_algobase.h ****    *  This function swaps the values pointed to by two iterators, not the
 147:c:\program files\daisytoolchain\arm-none-eabi\include\c++\10.2.1\bits\stl_algobase.h ****    *  iterators themselves.
 148:c:\program files\daisytoolchain\arm-none-eabi\include\c++\10.2.1\bits\stl_algobase.h ****   */
 149:c:\program files\daisytoolchain\arm-none-eabi\include\c++\10.2.1\bits\stl_algobase.h ****   template<typename _ForwardIterator1, typename _ForwardIterator2>
ARM GAS  C:\Users\22bur\AppData\Local\Temp\ccfIx2UX.s 			page 71


 150:c:\program files\daisytoolchain\arm-none-eabi\include\c++\10.2.1\bits\stl_algobase.h ****     _GLIBCXX20_CONSTEXPR
 151:c:\program files\daisytoolchain\arm-none-eabi\include\c++\10.2.1\bits\stl_algobase.h ****     inline void
 152:c:\program files\daisytoolchain\arm-none-eabi\include\c++\10.2.1\bits\stl_algobase.h ****     iter_swap(_ForwardIterator1 __a, _ForwardIterator2 __b)
 153:c:\program files\daisytoolchain\arm-none-eabi\include\c++\10.2.1\bits\stl_algobase.h ****     {
 154:c:\program files\daisytoolchain\arm-none-eabi\include\c++\10.2.1\bits\stl_algobase.h ****       // concept requirements
 155:c:\program files\daisytoolchain\arm-none-eabi\include\c++\10.2.1\bits\stl_algobase.h ****       __glibcxx_function_requires(_Mutable_ForwardIteratorConcept<
 156:c:\program files\daisytoolchain\arm-none-eabi\include\c++\10.2.1\bits\stl_algobase.h **** 				  _ForwardIterator1>)
 157:c:\program files\daisytoolchain\arm-none-eabi\include\c++\10.2.1\bits\stl_algobase.h ****       __glibcxx_function_requires(_Mutable_ForwardIteratorConcept<
 158:c:\program files\daisytoolchain\arm-none-eabi\include\c++\10.2.1\bits\stl_algobase.h **** 				  _ForwardIterator2>)
 159:c:\program files\daisytoolchain\arm-none-eabi\include\c++\10.2.1\bits\stl_algobase.h **** 
 160:c:\program files\daisytoolchain\arm-none-eabi\include\c++\10.2.1\bits\stl_algobase.h **** #if __cplusplus < 201103L
 161:c:\program files\daisytoolchain\arm-none-eabi\include\c++\10.2.1\bits\stl_algobase.h ****       typedef typename iterator_traits<_ForwardIterator1>::value_type
 162:c:\program files\daisytoolchain\arm-none-eabi\include\c++\10.2.1\bits\stl_algobase.h **** 	_ValueType1;
 163:c:\program files\daisytoolchain\arm-none-eabi\include\c++\10.2.1\bits\stl_algobase.h ****       typedef typename iterator_traits<_ForwardIterator2>::value_type
 164:c:\program files\daisytoolchain\arm-none-eabi\include\c++\10.2.1\bits\stl_algobase.h **** 	_ValueType2;
 165:c:\program files\daisytoolchain\arm-none-eabi\include\c++\10.2.1\bits\stl_algobase.h **** 
 166:c:\program files\daisytoolchain\arm-none-eabi\include\c++\10.2.1\bits\stl_algobase.h ****       __glibcxx_function_requires(_ConvertibleConcept<_ValueType1,
 167:c:\program files\daisytoolchain\arm-none-eabi\include\c++\10.2.1\bits\stl_algobase.h **** 				  _ValueType2>)
 168:c:\program files\daisytoolchain\arm-none-eabi\include\c++\10.2.1\bits\stl_algobase.h ****       __glibcxx_function_requires(_ConvertibleConcept<_ValueType2,
 169:c:\program files\daisytoolchain\arm-none-eabi\include\c++\10.2.1\bits\stl_algobase.h **** 				  _ValueType1>)
 170:c:\program files\daisytoolchain\arm-none-eabi\include\c++\10.2.1\bits\stl_algobase.h **** 
 171:c:\program files\daisytoolchain\arm-none-eabi\include\c++\10.2.1\bits\stl_algobase.h ****       typedef typename iterator_traits<_ForwardIterator1>::reference
 172:c:\program files\daisytoolchain\arm-none-eabi\include\c++\10.2.1\bits\stl_algobase.h **** 	_ReferenceType1;
 173:c:\program files\daisytoolchain\arm-none-eabi\include\c++\10.2.1\bits\stl_algobase.h ****       typedef typename iterator_traits<_ForwardIterator2>::reference
 174:c:\program files\daisytoolchain\arm-none-eabi\include\c++\10.2.1\bits\stl_algobase.h **** 	_ReferenceType2;
 175:c:\program files\daisytoolchain\arm-none-eabi\include\c++\10.2.1\bits\stl_algobase.h ****       std::__iter_swap<__are_same<_ValueType1, _ValueType2>::__value
 176:c:\program files\daisytoolchain\arm-none-eabi\include\c++\10.2.1\bits\stl_algobase.h **** 	&& __are_same<_ValueType1&, _ReferenceType1>::__value
 177:c:\program files\daisytoolchain\arm-none-eabi\include\c++\10.2.1\bits\stl_algobase.h **** 	&& __are_same<_ValueType2&, _ReferenceType2>::__value>::
 178:c:\program files\daisytoolchain\arm-none-eabi\include\c++\10.2.1\bits\stl_algobase.h **** 	iter_swap(__a, __b);
 179:c:\program files\daisytoolchain\arm-none-eabi\include\c++\10.2.1\bits\stl_algobase.h **** #else
 180:c:\program files\daisytoolchain\arm-none-eabi\include\c++\10.2.1\bits\stl_algobase.h ****       // _GLIBCXX_RESOLVE_LIB_DEFECTS
 181:c:\program files\daisytoolchain\arm-none-eabi\include\c++\10.2.1\bits\stl_algobase.h ****       // 187. iter_swap underspecified
 182:c:\program files\daisytoolchain\arm-none-eabi\include\c++\10.2.1\bits\stl_algobase.h ****       swap(*__a, *__b);
 183:c:\program files\daisytoolchain\arm-none-eabi\include\c++\10.2.1\bits\stl_algobase.h **** #endif
 184:c:\program files\daisytoolchain\arm-none-eabi\include\c++\10.2.1\bits\stl_algobase.h ****     }
 185:c:\program files\daisytoolchain\arm-none-eabi\include\c++\10.2.1\bits\stl_algobase.h **** 
 186:c:\program files\daisytoolchain\arm-none-eabi\include\c++\10.2.1\bits\stl_algobase.h ****   /**
 187:c:\program files\daisytoolchain\arm-none-eabi\include\c++\10.2.1\bits\stl_algobase.h ****    *  @brief Swap the elements of two sequences.
 188:c:\program files\daisytoolchain\arm-none-eabi\include\c++\10.2.1\bits\stl_algobase.h ****    *  @ingroup mutating_algorithms
 189:c:\program files\daisytoolchain\arm-none-eabi\include\c++\10.2.1\bits\stl_algobase.h ****    *  @param  __first1  A forward iterator.
 190:c:\program files\daisytoolchain\arm-none-eabi\include\c++\10.2.1\bits\stl_algobase.h ****    *  @param  __last1   A forward iterator.
 191:c:\program files\daisytoolchain\arm-none-eabi\include\c++\10.2.1\bits\stl_algobase.h ****    *  @param  __first2  A forward iterator.
 192:c:\program files\daisytoolchain\arm-none-eabi\include\c++\10.2.1\bits\stl_algobase.h ****    *  @return   An iterator equal to @p first2+(last1-first1).
 193:c:\program files\daisytoolchain\arm-none-eabi\include\c++\10.2.1\bits\stl_algobase.h ****    *
 194:c:\program files\daisytoolchain\arm-none-eabi\include\c++\10.2.1\bits\stl_algobase.h ****    *  Swaps each element in the range @p [first1,last1) with the
 195:c:\program files\daisytoolchain\arm-none-eabi\include\c++\10.2.1\bits\stl_algobase.h ****    *  corresponding element in the range @p [first2,(last1-first1)).
 196:c:\program files\daisytoolchain\arm-none-eabi\include\c++\10.2.1\bits\stl_algobase.h ****    *  The ranges must not overlap.
 197:c:\program files\daisytoolchain\arm-none-eabi\include\c++\10.2.1\bits\stl_algobase.h ****   */
 198:c:\program files\daisytoolchain\arm-none-eabi\include\c++\10.2.1\bits\stl_algobase.h ****   template<typename _ForwardIterator1, typename _ForwardIterator2>
 199:c:\program files\daisytoolchain\arm-none-eabi\include\c++\10.2.1\bits\stl_algobase.h ****     _GLIBCXX20_CONSTEXPR
 200:c:\program files\daisytoolchain\arm-none-eabi\include\c++\10.2.1\bits\stl_algobase.h ****     _ForwardIterator2
 201:c:\program files\daisytoolchain\arm-none-eabi\include\c++\10.2.1\bits\stl_algobase.h ****     swap_ranges(_ForwardIterator1 __first1, _ForwardIterator1 __last1,
 202:c:\program files\daisytoolchain\arm-none-eabi\include\c++\10.2.1\bits\stl_algobase.h **** 		_ForwardIterator2 __first2)
 203:c:\program files\daisytoolchain\arm-none-eabi\include\c++\10.2.1\bits\stl_algobase.h ****     {
 204:c:\program files\daisytoolchain\arm-none-eabi\include\c++\10.2.1\bits\stl_algobase.h ****       // concept requirements
 205:c:\program files\daisytoolchain\arm-none-eabi\include\c++\10.2.1\bits\stl_algobase.h ****       __glibcxx_function_requires(_Mutable_ForwardIteratorConcept<
 206:c:\program files\daisytoolchain\arm-none-eabi\include\c++\10.2.1\bits\stl_algobase.h **** 				  _ForwardIterator1>)
ARM GAS  C:\Users\22bur\AppData\Local\Temp\ccfIx2UX.s 			page 72


 207:c:\program files\daisytoolchain\arm-none-eabi\include\c++\10.2.1\bits\stl_algobase.h ****       __glibcxx_function_requires(_Mutable_ForwardIteratorConcept<
 208:c:\program files\daisytoolchain\arm-none-eabi\include\c++\10.2.1\bits\stl_algobase.h **** 				  _ForwardIterator2>)
 209:c:\program files\daisytoolchain\arm-none-eabi\include\c++\10.2.1\bits\stl_algobase.h ****       __glibcxx_requires_valid_range(__first1, __last1);
 210:c:\program files\daisytoolchain\arm-none-eabi\include\c++\10.2.1\bits\stl_algobase.h **** 
 211:c:\program files\daisytoolchain\arm-none-eabi\include\c++\10.2.1\bits\stl_algobase.h ****       for (; __first1 != __last1; ++__first1, (void)++__first2)
 212:c:\program files\daisytoolchain\arm-none-eabi\include\c++\10.2.1\bits\stl_algobase.h **** 	std::iter_swap(__first1, __first2);
 213:c:\program files\daisytoolchain\arm-none-eabi\include\c++\10.2.1\bits\stl_algobase.h ****       return __first2;
 214:c:\program files\daisytoolchain\arm-none-eabi\include\c++\10.2.1\bits\stl_algobase.h ****     }
 215:c:\program files\daisytoolchain\arm-none-eabi\include\c++\10.2.1\bits\stl_algobase.h **** 
 216:c:\program files\daisytoolchain\arm-none-eabi\include\c++\10.2.1\bits\stl_algobase.h ****   /**
 217:c:\program files\daisytoolchain\arm-none-eabi\include\c++\10.2.1\bits\stl_algobase.h ****    *  @brief This does what you think it does.
 218:c:\program files\daisytoolchain\arm-none-eabi\include\c++\10.2.1\bits\stl_algobase.h ****    *  @ingroup sorting_algorithms
 219:c:\program files\daisytoolchain\arm-none-eabi\include\c++\10.2.1\bits\stl_algobase.h ****    *  @param  __a  A thing of arbitrary type.
 220:c:\program files\daisytoolchain\arm-none-eabi\include\c++\10.2.1\bits\stl_algobase.h ****    *  @param  __b  Another thing of arbitrary type.
 221:c:\program files\daisytoolchain\arm-none-eabi\include\c++\10.2.1\bits\stl_algobase.h ****    *  @return   The lesser of the parameters.
 222:c:\program files\daisytoolchain\arm-none-eabi\include\c++\10.2.1\bits\stl_algobase.h ****    *
 223:c:\program files\daisytoolchain\arm-none-eabi\include\c++\10.2.1\bits\stl_algobase.h ****    *  This is the simple classic generic implementation.  It will work on
 224:c:\program files\daisytoolchain\arm-none-eabi\include\c++\10.2.1\bits\stl_algobase.h ****    *  temporary expressions, since they are only evaluated once, unlike a
 225:c:\program files\daisytoolchain\arm-none-eabi\include\c++\10.2.1\bits\stl_algobase.h ****    *  preprocessor macro.
 226:c:\program files\daisytoolchain\arm-none-eabi\include\c++\10.2.1\bits\stl_algobase.h ****   */
 227:c:\program files\daisytoolchain\arm-none-eabi\include\c++\10.2.1\bits\stl_algobase.h ****   template<typename _Tp>
 228:c:\program files\daisytoolchain\arm-none-eabi\include\c++\10.2.1\bits\stl_algobase.h ****     _GLIBCXX14_CONSTEXPR
 229:c:\program files\daisytoolchain\arm-none-eabi\include\c++\10.2.1\bits\stl_algobase.h ****     inline const _Tp&
 230:c:\program files\daisytoolchain\arm-none-eabi\include\c++\10.2.1\bits\stl_algobase.h ****     min(const _Tp& __a, const _Tp& __b)
 231:c:\program files\daisytoolchain\arm-none-eabi\include\c++\10.2.1\bits\stl_algobase.h ****     {
 232:c:\program files\daisytoolchain\arm-none-eabi\include\c++\10.2.1\bits\stl_algobase.h ****       // concept requirements
 233:c:\program files\daisytoolchain\arm-none-eabi\include\c++\10.2.1\bits\stl_algobase.h ****       __glibcxx_function_requires(_LessThanComparableConcept<_Tp>)
 234:c:\program files\daisytoolchain\arm-none-eabi\include\c++\10.2.1\bits\stl_algobase.h ****       //return __b < __a ? __b : __a;
 235:c:\program files\daisytoolchain\arm-none-eabi\include\c++\10.2.1\bits\stl_algobase.h ****       if (__b < __a)
 236:c:\program files\daisytoolchain\arm-none-eabi\include\c++\10.2.1\bits\stl_algobase.h **** 	return __b;
 237:c:\program files\daisytoolchain\arm-none-eabi\include\c++\10.2.1\bits\stl_algobase.h ****       return __a;
 238:c:\program files\daisytoolchain\arm-none-eabi\include\c++\10.2.1\bits\stl_algobase.h ****     }
 239:c:\program files\daisytoolchain\arm-none-eabi\include\c++\10.2.1\bits\stl_algobase.h **** 
 240:c:\program files\daisytoolchain\arm-none-eabi\include\c++\10.2.1\bits\stl_algobase.h ****   /**
 241:c:\program files\daisytoolchain\arm-none-eabi\include\c++\10.2.1\bits\stl_algobase.h ****    *  @brief This does what you think it does.
 242:c:\program files\daisytoolchain\arm-none-eabi\include\c++\10.2.1\bits\stl_algobase.h ****    *  @ingroup sorting_algorithms
 243:c:\program files\daisytoolchain\arm-none-eabi\include\c++\10.2.1\bits\stl_algobase.h ****    *  @param  __a  A thing of arbitrary type.
 244:c:\program files\daisytoolchain\arm-none-eabi\include\c++\10.2.1\bits\stl_algobase.h ****    *  @param  __b  Another thing of arbitrary type.
 245:c:\program files\daisytoolchain\arm-none-eabi\include\c++\10.2.1\bits\stl_algobase.h ****    *  @return   The greater of the parameters.
 246:c:\program files\daisytoolchain\arm-none-eabi\include\c++\10.2.1\bits\stl_algobase.h ****    *
 247:c:\program files\daisytoolchain\arm-none-eabi\include\c++\10.2.1\bits\stl_algobase.h ****    *  This is the simple classic generic implementation.  It will work on
 248:c:\program files\daisytoolchain\arm-none-eabi\include\c++\10.2.1\bits\stl_algobase.h ****    *  temporary expressions, since they are only evaluated once, unlike a
 249:c:\program files\daisytoolchain\arm-none-eabi\include\c++\10.2.1\bits\stl_algobase.h ****    *  preprocessor macro.
 250:c:\program files\daisytoolchain\arm-none-eabi\include\c++\10.2.1\bits\stl_algobase.h ****   */
 251:c:\program files\daisytoolchain\arm-none-eabi\include\c++\10.2.1\bits\stl_algobase.h ****   template<typename _Tp>
 252:c:\program files\daisytoolchain\arm-none-eabi\include\c++\10.2.1\bits\stl_algobase.h ****     _GLIBCXX14_CONSTEXPR
 253:c:\program files\daisytoolchain\arm-none-eabi\include\c++\10.2.1\bits\stl_algobase.h ****     inline const _Tp&
 254:c:\program files\daisytoolchain\arm-none-eabi\include\c++\10.2.1\bits\stl_algobase.h ****     max(const _Tp& __a, const _Tp& __b)
 255:c:\program files\daisytoolchain\arm-none-eabi\include\c++\10.2.1\bits\stl_algobase.h ****     {
 256:c:\program files\daisytoolchain\arm-none-eabi\include\c++\10.2.1\bits\stl_algobase.h ****       // concept requirements
 257:c:\program files\daisytoolchain\arm-none-eabi\include\c++\10.2.1\bits\stl_algobase.h ****       __glibcxx_function_requires(_LessThanComparableConcept<_Tp>)
 258:c:\program files\daisytoolchain\arm-none-eabi\include\c++\10.2.1\bits\stl_algobase.h ****       //return  __a < __b ? __b : __a;
 259:c:\program files\daisytoolchain\arm-none-eabi\include\c++\10.2.1\bits\stl_algobase.h ****       if (__a < __b)
 260:c:\program files\daisytoolchain\arm-none-eabi\include\c++\10.2.1\bits\stl_algobase.h **** 	return __b;
 261:c:\program files\daisytoolchain\arm-none-eabi\include\c++\10.2.1\bits\stl_algobase.h ****       return __a;
 262:c:\program files\daisytoolchain\arm-none-eabi\include\c++\10.2.1\bits\stl_algobase.h ****     }
 263:c:\program files\daisytoolchain\arm-none-eabi\include\c++\10.2.1\bits\stl_algobase.h **** 
ARM GAS  C:\Users\22bur\AppData\Local\Temp\ccfIx2UX.s 			page 73


 264:c:\program files\daisytoolchain\arm-none-eabi\include\c++\10.2.1\bits\stl_algobase.h ****   /**
 265:c:\program files\daisytoolchain\arm-none-eabi\include\c++\10.2.1\bits\stl_algobase.h ****    *  @brief This does what you think it does.
 266:c:\program files\daisytoolchain\arm-none-eabi\include\c++\10.2.1\bits\stl_algobase.h ****    *  @ingroup sorting_algorithms
 267:c:\program files\daisytoolchain\arm-none-eabi\include\c++\10.2.1\bits\stl_algobase.h ****    *  @param  __a  A thing of arbitrary type.
 268:c:\program files\daisytoolchain\arm-none-eabi\include\c++\10.2.1\bits\stl_algobase.h ****    *  @param  __b  Another thing of arbitrary type.
 269:c:\program files\daisytoolchain\arm-none-eabi\include\c++\10.2.1\bits\stl_algobase.h ****    *  @param  __comp  A @link comparison_functors comparison functor@endlink.
 270:c:\program files\daisytoolchain\arm-none-eabi\include\c++\10.2.1\bits\stl_algobase.h ****    *  @return   The lesser of the parameters.
 271:c:\program files\daisytoolchain\arm-none-eabi\include\c++\10.2.1\bits\stl_algobase.h ****    *
 272:c:\program files\daisytoolchain\arm-none-eabi\include\c++\10.2.1\bits\stl_algobase.h ****    *  This will work on temporary expressions, since they are only evaluated
 273:c:\program files\daisytoolchain\arm-none-eabi\include\c++\10.2.1\bits\stl_algobase.h ****    *  once, unlike a preprocessor macro.
 274:c:\program files\daisytoolchain\arm-none-eabi\include\c++\10.2.1\bits\stl_algobase.h ****   */
 275:c:\program files\daisytoolchain\arm-none-eabi\include\c++\10.2.1\bits\stl_algobase.h ****   template<typename _Tp, typename _Compare>
 276:c:\program files\daisytoolchain\arm-none-eabi\include\c++\10.2.1\bits\stl_algobase.h ****     _GLIBCXX14_CONSTEXPR
 277:c:\program files\daisytoolchain\arm-none-eabi\include\c++\10.2.1\bits\stl_algobase.h ****     inline const _Tp&
 278:c:\program files\daisytoolchain\arm-none-eabi\include\c++\10.2.1\bits\stl_algobase.h ****     min(const _Tp& __a, const _Tp& __b, _Compare __comp)
 279:c:\program files\daisytoolchain\arm-none-eabi\include\c++\10.2.1\bits\stl_algobase.h ****     {
 280:c:\program files\daisytoolchain\arm-none-eabi\include\c++\10.2.1\bits\stl_algobase.h ****       //return __comp(__b, __a) ? __b : __a;
 281:c:\program files\daisytoolchain\arm-none-eabi\include\c++\10.2.1\bits\stl_algobase.h ****       if (__comp(__b, __a))
 282:c:\program files\daisytoolchain\arm-none-eabi\include\c++\10.2.1\bits\stl_algobase.h **** 	return __b;
 283:c:\program files\daisytoolchain\arm-none-eabi\include\c++\10.2.1\bits\stl_algobase.h ****       return __a;
 284:c:\program files\daisytoolchain\arm-none-eabi\include\c++\10.2.1\bits\stl_algobase.h ****     }
 285:c:\program files\daisytoolchain\arm-none-eabi\include\c++\10.2.1\bits\stl_algobase.h **** 
 286:c:\program files\daisytoolchain\arm-none-eabi\include\c++\10.2.1\bits\stl_algobase.h ****   /**
 287:c:\program files\daisytoolchain\arm-none-eabi\include\c++\10.2.1\bits\stl_algobase.h ****    *  @brief This does what you think it does.
 288:c:\program files\daisytoolchain\arm-none-eabi\include\c++\10.2.1\bits\stl_algobase.h ****    *  @ingroup sorting_algorithms
 289:c:\program files\daisytoolchain\arm-none-eabi\include\c++\10.2.1\bits\stl_algobase.h ****    *  @param  __a  A thing of arbitrary type.
 290:c:\program files\daisytoolchain\arm-none-eabi\include\c++\10.2.1\bits\stl_algobase.h ****    *  @param  __b  Another thing of arbitrary type.
 291:c:\program files\daisytoolchain\arm-none-eabi\include\c++\10.2.1\bits\stl_algobase.h ****    *  @param  __comp  A @link comparison_functors comparison functor@endlink.
 292:c:\program files\daisytoolchain\arm-none-eabi\include\c++\10.2.1\bits\stl_algobase.h ****    *  @return   The greater of the parameters.
 293:c:\program files\daisytoolchain\arm-none-eabi\include\c++\10.2.1\bits\stl_algobase.h ****    *
 294:c:\program files\daisytoolchain\arm-none-eabi\include\c++\10.2.1\bits\stl_algobase.h ****    *  This will work on temporary expressions, since they are only evaluated
 295:c:\program files\daisytoolchain\arm-none-eabi\include\c++\10.2.1\bits\stl_algobase.h ****    *  once, unlike a preprocessor macro.
 296:c:\program files\daisytoolchain\arm-none-eabi\include\c++\10.2.1\bits\stl_algobase.h ****   */
 297:c:\program files\daisytoolchain\arm-none-eabi\include\c++\10.2.1\bits\stl_algobase.h ****   template<typename _Tp, typename _Compare>
 298:c:\program files\daisytoolchain\arm-none-eabi\include\c++\10.2.1\bits\stl_algobase.h ****     _GLIBCXX14_CONSTEXPR
 299:c:\program files\daisytoolchain\arm-none-eabi\include\c++\10.2.1\bits\stl_algobase.h ****     inline const _Tp&
 300:c:\program files\daisytoolchain\arm-none-eabi\include\c++\10.2.1\bits\stl_algobase.h ****     max(const _Tp& __a, const _Tp& __b, _Compare __comp)
 301:c:\program files\daisytoolchain\arm-none-eabi\include\c++\10.2.1\bits\stl_algobase.h ****     {
 302:c:\program files\daisytoolchain\arm-none-eabi\include\c++\10.2.1\bits\stl_algobase.h ****       //return __comp(__a, __b) ? __b : __a;
 303:c:\program files\daisytoolchain\arm-none-eabi\include\c++\10.2.1\bits\stl_algobase.h ****       if (__comp(__a, __b))
 304:c:\program files\daisytoolchain\arm-none-eabi\include\c++\10.2.1\bits\stl_algobase.h **** 	return __b;
 305:c:\program files\daisytoolchain\arm-none-eabi\include\c++\10.2.1\bits\stl_algobase.h ****       return __a;
 306:c:\program files\daisytoolchain\arm-none-eabi\include\c++\10.2.1\bits\stl_algobase.h ****     }
 307:c:\program files\daisytoolchain\arm-none-eabi\include\c++\10.2.1\bits\stl_algobase.h **** 
 308:c:\program files\daisytoolchain\arm-none-eabi\include\c++\10.2.1\bits\stl_algobase.h ****   // Fallback implementation of the function in bits/stl_iterator.h used to
 309:c:\program files\daisytoolchain\arm-none-eabi\include\c++\10.2.1\bits\stl_algobase.h ****   // remove the __normal_iterator wrapper. See copy, fill, ...
 310:c:\program files\daisytoolchain\arm-none-eabi\include\c++\10.2.1\bits\stl_algobase.h ****   template<typename _Iterator>
 311:c:\program files\daisytoolchain\arm-none-eabi\include\c++\10.2.1\bits\stl_algobase.h ****     _GLIBCXX20_CONSTEXPR
 312:c:\program files\daisytoolchain\arm-none-eabi\include\c++\10.2.1\bits\stl_algobase.h ****     inline _Iterator
 313:c:\program files\daisytoolchain\arm-none-eabi\include\c++\10.2.1\bits\stl_algobase.h ****     __niter_base(_Iterator __it)
 314:c:\program files\daisytoolchain\arm-none-eabi\include\c++\10.2.1\bits\stl_algobase.h ****     _GLIBCXX_NOEXCEPT_IF(std::is_nothrow_copy_constructible<_Iterator>::value)
 315:c:\program files\daisytoolchain\arm-none-eabi\include\c++\10.2.1\bits\stl_algobase.h ****     { return __it; }
 316:c:\program files\daisytoolchain\arm-none-eabi\include\c++\10.2.1\bits\stl_algobase.h **** 
 317:c:\program files\daisytoolchain\arm-none-eabi\include\c++\10.2.1\bits\stl_algobase.h ****   // Reverse the __niter_base transformation to get a
 318:c:\program files\daisytoolchain\arm-none-eabi\include\c++\10.2.1\bits\stl_algobase.h ****   // __normal_iterator back again (this assumes that __normal_iterator
 319:c:\program files\daisytoolchain\arm-none-eabi\include\c++\10.2.1\bits\stl_algobase.h ****   // is only used to wrap random access iterators, like pointers).
 320:c:\program files\daisytoolchain\arm-none-eabi\include\c++\10.2.1\bits\stl_algobase.h ****   template<typename _From, typename _To>
ARM GAS  C:\Users\22bur\AppData\Local\Temp\ccfIx2UX.s 			page 74


 321:c:\program files\daisytoolchain\arm-none-eabi\include\c++\10.2.1\bits\stl_algobase.h ****     _GLIBCXX20_CONSTEXPR
 322:c:\program files\daisytoolchain\arm-none-eabi\include\c++\10.2.1\bits\stl_algobase.h ****     inline _From
 323:c:\program files\daisytoolchain\arm-none-eabi\include\c++\10.2.1\bits\stl_algobase.h ****     __niter_wrap(_From __from, _To __res)
 324:c:\program files\daisytoolchain\arm-none-eabi\include\c++\10.2.1\bits\stl_algobase.h ****     { return __from + (__res - std::__niter_base(__from)); }
 325:c:\program files\daisytoolchain\arm-none-eabi\include\c++\10.2.1\bits\stl_algobase.h **** 
 326:c:\program files\daisytoolchain\arm-none-eabi\include\c++\10.2.1\bits\stl_algobase.h ****   // No need to wrap, iterator already has the right type.
 327:c:\program files\daisytoolchain\arm-none-eabi\include\c++\10.2.1\bits\stl_algobase.h ****   template<typename _Iterator>
 328:c:\program files\daisytoolchain\arm-none-eabi\include\c++\10.2.1\bits\stl_algobase.h ****     _GLIBCXX20_CONSTEXPR
 329:c:\program files\daisytoolchain\arm-none-eabi\include\c++\10.2.1\bits\stl_algobase.h ****     inline _Iterator
 330:c:\program files\daisytoolchain\arm-none-eabi\include\c++\10.2.1\bits\stl_algobase.h ****     __niter_wrap(const _Iterator&, _Iterator __res)
 331:c:\program files\daisytoolchain\arm-none-eabi\include\c++\10.2.1\bits\stl_algobase.h ****     { return __res; }
 332:c:\program files\daisytoolchain\arm-none-eabi\include\c++\10.2.1\bits\stl_algobase.h **** 
 333:c:\program files\daisytoolchain\arm-none-eabi\include\c++\10.2.1\bits\stl_algobase.h ****   // All of these auxiliary structs serve two purposes.  (1) Replace
 334:c:\program files\daisytoolchain\arm-none-eabi\include\c++\10.2.1\bits\stl_algobase.h ****   // calls to copy with memmove whenever possible.  (Memmove, not memcpy,
 335:c:\program files\daisytoolchain\arm-none-eabi\include\c++\10.2.1\bits\stl_algobase.h ****   // because the input and output ranges are permitted to overlap.)
 336:c:\program files\daisytoolchain\arm-none-eabi\include\c++\10.2.1\bits\stl_algobase.h ****   // (2) If we're using random access iterators, then write the loop as
 337:c:\program files\daisytoolchain\arm-none-eabi\include\c++\10.2.1\bits\stl_algobase.h ****   // a for loop with an explicit count.
 338:c:\program files\daisytoolchain\arm-none-eabi\include\c++\10.2.1\bits\stl_algobase.h **** 
 339:c:\program files\daisytoolchain\arm-none-eabi\include\c++\10.2.1\bits\stl_algobase.h ****   template<bool _IsMove, bool _IsSimple, typename _Category>
 340:c:\program files\daisytoolchain\arm-none-eabi\include\c++\10.2.1\bits\stl_algobase.h ****     struct __copy_move
 341:c:\program files\daisytoolchain\arm-none-eabi\include\c++\10.2.1\bits\stl_algobase.h ****     {
 342:c:\program files\daisytoolchain\arm-none-eabi\include\c++\10.2.1\bits\stl_algobase.h ****       template<typename _II, typename _OI>
 343:c:\program files\daisytoolchain\arm-none-eabi\include\c++\10.2.1\bits\stl_algobase.h **** 	_GLIBCXX20_CONSTEXPR
 344:c:\program files\daisytoolchain\arm-none-eabi\include\c++\10.2.1\bits\stl_algobase.h **** 	static _OI
 345:c:\program files\daisytoolchain\arm-none-eabi\include\c++\10.2.1\bits\stl_algobase.h **** 	__copy_m(_II __first, _II __last, _OI __result)
 346:c:\program files\daisytoolchain\arm-none-eabi\include\c++\10.2.1\bits\stl_algobase.h **** 	{
 347:c:\program files\daisytoolchain\arm-none-eabi\include\c++\10.2.1\bits\stl_algobase.h **** 	  for (; __first != __last; ++__result, (void)++__first)
 348:c:\program files\daisytoolchain\arm-none-eabi\include\c++\10.2.1\bits\stl_algobase.h **** 	    *__result = *__first;
 349:c:\program files\daisytoolchain\arm-none-eabi\include\c++\10.2.1\bits\stl_algobase.h **** 	  return __result;
 350:c:\program files\daisytoolchain\arm-none-eabi\include\c++\10.2.1\bits\stl_algobase.h **** 	}
 351:c:\program files\daisytoolchain\arm-none-eabi\include\c++\10.2.1\bits\stl_algobase.h ****     };
 352:c:\program files\daisytoolchain\arm-none-eabi\include\c++\10.2.1\bits\stl_algobase.h **** 
 353:c:\program files\daisytoolchain\arm-none-eabi\include\c++\10.2.1\bits\stl_algobase.h **** #if __cplusplus >= 201103L
 354:c:\program files\daisytoolchain\arm-none-eabi\include\c++\10.2.1\bits\stl_algobase.h ****   template<typename _Category>
 355:c:\program files\daisytoolchain\arm-none-eabi\include\c++\10.2.1\bits\stl_algobase.h ****     struct __copy_move<true, false, _Category>
 356:c:\program files\daisytoolchain\arm-none-eabi\include\c++\10.2.1\bits\stl_algobase.h ****     {
 357:c:\program files\daisytoolchain\arm-none-eabi\include\c++\10.2.1\bits\stl_algobase.h ****       template<typename _II, typename _OI>
 358:c:\program files\daisytoolchain\arm-none-eabi\include\c++\10.2.1\bits\stl_algobase.h **** 	_GLIBCXX20_CONSTEXPR
 359:c:\program files\daisytoolchain\arm-none-eabi\include\c++\10.2.1\bits\stl_algobase.h **** 	static _OI
 360:c:\program files\daisytoolchain\arm-none-eabi\include\c++\10.2.1\bits\stl_algobase.h **** 	__copy_m(_II __first, _II __last, _OI __result)
 361:c:\program files\daisytoolchain\arm-none-eabi\include\c++\10.2.1\bits\stl_algobase.h **** 	{
 362:c:\program files\daisytoolchain\arm-none-eabi\include\c++\10.2.1\bits\stl_algobase.h **** 	  for (; __first != __last; ++__result, (void)++__first)
 363:c:\program files\daisytoolchain\arm-none-eabi\include\c++\10.2.1\bits\stl_algobase.h **** 	    *__result = std::move(*__first);
 364:c:\program files\daisytoolchain\arm-none-eabi\include\c++\10.2.1\bits\stl_algobase.h **** 	  return __result;
 365:c:\program files\daisytoolchain\arm-none-eabi\include\c++\10.2.1\bits\stl_algobase.h **** 	}
 366:c:\program files\daisytoolchain\arm-none-eabi\include\c++\10.2.1\bits\stl_algobase.h ****     };
 367:c:\program files\daisytoolchain\arm-none-eabi\include\c++\10.2.1\bits\stl_algobase.h **** #endif
 368:c:\program files\daisytoolchain\arm-none-eabi\include\c++\10.2.1\bits\stl_algobase.h **** 
 369:c:\program files\daisytoolchain\arm-none-eabi\include\c++\10.2.1\bits\stl_algobase.h ****   template<>
 370:c:\program files\daisytoolchain\arm-none-eabi\include\c++\10.2.1\bits\stl_algobase.h ****     struct __copy_move<false, false, random_access_iterator_tag>
 371:c:\program files\daisytoolchain\arm-none-eabi\include\c++\10.2.1\bits\stl_algobase.h ****     {
 372:c:\program files\daisytoolchain\arm-none-eabi\include\c++\10.2.1\bits\stl_algobase.h ****       template<typename _II, typename _OI>
 373:c:\program files\daisytoolchain\arm-none-eabi\include\c++\10.2.1\bits\stl_algobase.h **** 	_GLIBCXX20_CONSTEXPR
 374:c:\program files\daisytoolchain\arm-none-eabi\include\c++\10.2.1\bits\stl_algobase.h **** 	static _OI
 375:c:\program files\daisytoolchain\arm-none-eabi\include\c++\10.2.1\bits\stl_algobase.h **** 	__copy_m(_II __first, _II __last, _OI __result)
 376:c:\program files\daisytoolchain\arm-none-eabi\include\c++\10.2.1\bits\stl_algobase.h **** 	{
 377:c:\program files\daisytoolchain\arm-none-eabi\include\c++\10.2.1\bits\stl_algobase.h **** 	  typedef typename iterator_traits<_II>::difference_type _Distance;
ARM GAS  C:\Users\22bur\AppData\Local\Temp\ccfIx2UX.s 			page 75


 378:c:\program files\daisytoolchain\arm-none-eabi\include\c++\10.2.1\bits\stl_algobase.h **** 	  for(_Distance __n = __last - __first; __n > 0; --__n)
 379:c:\program files\daisytoolchain\arm-none-eabi\include\c++\10.2.1\bits\stl_algobase.h **** 	    {
 380:c:\program files\daisytoolchain\arm-none-eabi\include\c++\10.2.1\bits\stl_algobase.h **** 	      *__result = *__first;
 381:c:\program files\daisytoolchain\arm-none-eabi\include\c++\10.2.1\bits\stl_algobase.h **** 	      ++__first;
 382:c:\program files\daisytoolchain\arm-none-eabi\include\c++\10.2.1\bits\stl_algobase.h **** 	      ++__result;
 383:c:\program files\daisytoolchain\arm-none-eabi\include\c++\10.2.1\bits\stl_algobase.h **** 	    }
 384:c:\program files\daisytoolchain\arm-none-eabi\include\c++\10.2.1\bits\stl_algobase.h **** 	  return __result;
 385:c:\program files\daisytoolchain\arm-none-eabi\include\c++\10.2.1\bits\stl_algobase.h **** 	}
 386:c:\program files\daisytoolchain\arm-none-eabi\include\c++\10.2.1\bits\stl_algobase.h ****     };
 387:c:\program files\daisytoolchain\arm-none-eabi\include\c++\10.2.1\bits\stl_algobase.h **** 
 388:c:\program files\daisytoolchain\arm-none-eabi\include\c++\10.2.1\bits\stl_algobase.h **** #if __cplusplus >= 201103L
 389:c:\program files\daisytoolchain\arm-none-eabi\include\c++\10.2.1\bits\stl_algobase.h ****   template<>
 390:c:\program files\daisytoolchain\arm-none-eabi\include\c++\10.2.1\bits\stl_algobase.h ****     struct __copy_move<true, false, random_access_iterator_tag>
 391:c:\program files\daisytoolchain\arm-none-eabi\include\c++\10.2.1\bits\stl_algobase.h ****     {
 392:c:\program files\daisytoolchain\arm-none-eabi\include\c++\10.2.1\bits\stl_algobase.h ****       template<typename _II, typename _OI>
 393:c:\program files\daisytoolchain\arm-none-eabi\include\c++\10.2.1\bits\stl_algobase.h **** 	_GLIBCXX20_CONSTEXPR
 394:c:\program files\daisytoolchain\arm-none-eabi\include\c++\10.2.1\bits\stl_algobase.h **** 	static _OI
 395:c:\program files\daisytoolchain\arm-none-eabi\include\c++\10.2.1\bits\stl_algobase.h **** 	__copy_m(_II __first, _II __last, _OI __result)
 396:c:\program files\daisytoolchain\arm-none-eabi\include\c++\10.2.1\bits\stl_algobase.h **** 	{
 397:c:\program files\daisytoolchain\arm-none-eabi\include\c++\10.2.1\bits\stl_algobase.h **** 	  typedef typename iterator_traits<_II>::difference_type _Distance;
 398:c:\program files\daisytoolchain\arm-none-eabi\include\c++\10.2.1\bits\stl_algobase.h **** 	  for(_Distance __n = __last - __first; __n > 0; --__n)
 399:c:\program files\daisytoolchain\arm-none-eabi\include\c++\10.2.1\bits\stl_algobase.h **** 	    {
 400:c:\program files\daisytoolchain\arm-none-eabi\include\c++\10.2.1\bits\stl_algobase.h **** 	      *__result = std::move(*__first);
 401:c:\program files\daisytoolchain\arm-none-eabi\include\c++\10.2.1\bits\stl_algobase.h **** 	      ++__first;
 402:c:\program files\daisytoolchain\arm-none-eabi\include\c++\10.2.1\bits\stl_algobase.h **** 	      ++__result;
 403:c:\program files\daisytoolchain\arm-none-eabi\include\c++\10.2.1\bits\stl_algobase.h **** 	    }
 404:c:\program files\daisytoolchain\arm-none-eabi\include\c++\10.2.1\bits\stl_algobase.h **** 	  return __result;
 405:c:\program files\daisytoolchain\arm-none-eabi\include\c++\10.2.1\bits\stl_algobase.h **** 	}
 406:c:\program files\daisytoolchain\arm-none-eabi\include\c++\10.2.1\bits\stl_algobase.h ****     };
 407:c:\program files\daisytoolchain\arm-none-eabi\include\c++\10.2.1\bits\stl_algobase.h **** #endif
 408:c:\program files\daisytoolchain\arm-none-eabi\include\c++\10.2.1\bits\stl_algobase.h **** 
 409:c:\program files\daisytoolchain\arm-none-eabi\include\c++\10.2.1\bits\stl_algobase.h ****   template<bool _IsMove>
 410:c:\program files\daisytoolchain\arm-none-eabi\include\c++\10.2.1\bits\stl_algobase.h ****     struct __copy_move<_IsMove, true, random_access_iterator_tag>
 411:c:\program files\daisytoolchain\arm-none-eabi\include\c++\10.2.1\bits\stl_algobase.h ****     {
 412:c:\program files\daisytoolchain\arm-none-eabi\include\c++\10.2.1\bits\stl_algobase.h ****       template<typename _Tp>
 413:c:\program files\daisytoolchain\arm-none-eabi\include\c++\10.2.1\bits\stl_algobase.h **** 	_GLIBCXX20_CONSTEXPR
 414:c:\program files\daisytoolchain\arm-none-eabi\include\c++\10.2.1\bits\stl_algobase.h **** 	static _Tp*
 415:c:\program files\daisytoolchain\arm-none-eabi\include\c++\10.2.1\bits\stl_algobase.h **** 	__copy_m(const _Tp* __first, const _Tp* __last, _Tp* __result)
 416:c:\program files\daisytoolchain\arm-none-eabi\include\c++\10.2.1\bits\stl_algobase.h **** 	{
 417:c:\program files\daisytoolchain\arm-none-eabi\include\c++\10.2.1\bits\stl_algobase.h **** #if __cplusplus >= 201103L
 418:c:\program files\daisytoolchain\arm-none-eabi\include\c++\10.2.1\bits\stl_algobase.h **** 	  using __assignable = conditional<_IsMove,
 419:c:\program files\daisytoolchain\arm-none-eabi\include\c++\10.2.1\bits\stl_algobase.h **** 					   is_move_assignable<_Tp>,
 420:c:\program files\daisytoolchain\arm-none-eabi\include\c++\10.2.1\bits\stl_algobase.h **** 					   is_copy_assignable<_Tp>>;
 421:c:\program files\daisytoolchain\arm-none-eabi\include\c++\10.2.1\bits\stl_algobase.h **** 	  // trivial types can have deleted assignment
 422:c:\program files\daisytoolchain\arm-none-eabi\include\c++\10.2.1\bits\stl_algobase.h **** 	  static_assert( __assignable::type::value, "type is not assignable" );
 423:c:\program files\daisytoolchain\arm-none-eabi\include\c++\10.2.1\bits\stl_algobase.h **** #endif
 424:c:\program files\daisytoolchain\arm-none-eabi\include\c++\10.2.1\bits\stl_algobase.h **** 	  const ptrdiff_t _Num = __last - __first;
 425:c:\program files\daisytoolchain\arm-none-eabi\include\c++\10.2.1\bits\stl_algobase.h **** 	  if (_Num)
 426:c:\program files\daisytoolchain\arm-none-eabi\include\c++\10.2.1\bits\stl_algobase.h **** 	    __builtin_memmove(__result, __first, sizeof(_Tp) * _Num);
 427:c:\program files\daisytoolchain\arm-none-eabi\include\c++\10.2.1\bits\stl_algobase.h **** 	  return __result + _Num;
 428:c:\program files\daisytoolchain\arm-none-eabi\include\c++\10.2.1\bits\stl_algobase.h **** 	}
 429:c:\program files\daisytoolchain\arm-none-eabi\include\c++\10.2.1\bits\stl_algobase.h ****     };
 430:c:\program files\daisytoolchain\arm-none-eabi\include\c++\10.2.1\bits\stl_algobase.h **** 
 431:c:\program files\daisytoolchain\arm-none-eabi\include\c++\10.2.1\bits\stl_algobase.h ****   // Helpers for streambuf iterators (either istream or ostream).
 432:c:\program files\daisytoolchain\arm-none-eabi\include\c++\10.2.1\bits\stl_algobase.h ****   // NB: avoid including <iosfwd>, relatively large.
 433:c:\program files\daisytoolchain\arm-none-eabi\include\c++\10.2.1\bits\stl_algobase.h ****   template<typename _CharT>
 434:c:\program files\daisytoolchain\arm-none-eabi\include\c++\10.2.1\bits\stl_algobase.h ****     struct char_traits;
ARM GAS  C:\Users\22bur\AppData\Local\Temp\ccfIx2UX.s 			page 76


 435:c:\program files\daisytoolchain\arm-none-eabi\include\c++\10.2.1\bits\stl_algobase.h **** 
 436:c:\program files\daisytoolchain\arm-none-eabi\include\c++\10.2.1\bits\stl_algobase.h ****   template<typename _CharT, typename _Traits>
 437:c:\program files\daisytoolchain\arm-none-eabi\include\c++\10.2.1\bits\stl_algobase.h ****     class istreambuf_iterator;
 438:c:\program files\daisytoolchain\arm-none-eabi\include\c++\10.2.1\bits\stl_algobase.h **** 
 439:c:\program files\daisytoolchain\arm-none-eabi\include\c++\10.2.1\bits\stl_algobase.h ****   template<typename _CharT, typename _Traits>
 440:c:\program files\daisytoolchain\arm-none-eabi\include\c++\10.2.1\bits\stl_algobase.h ****     class ostreambuf_iterator;
 441:c:\program files\daisytoolchain\arm-none-eabi\include\c++\10.2.1\bits\stl_algobase.h **** 
 442:c:\program files\daisytoolchain\arm-none-eabi\include\c++\10.2.1\bits\stl_algobase.h ****   template<bool _IsMove, typename _CharT>
 443:c:\program files\daisytoolchain\arm-none-eabi\include\c++\10.2.1\bits\stl_algobase.h ****     typename __gnu_cxx::__enable_if<__is_char<_CharT>::__value,
 444:c:\program files\daisytoolchain\arm-none-eabi\include\c++\10.2.1\bits\stl_algobase.h **** 	     ostreambuf_iterator<_CharT, char_traits<_CharT> > >::__type
 445:c:\program files\daisytoolchain\arm-none-eabi\include\c++\10.2.1\bits\stl_algobase.h ****     __copy_move_a2(_CharT*, _CharT*,
 446:c:\program files\daisytoolchain\arm-none-eabi\include\c++\10.2.1\bits\stl_algobase.h **** 		   ostreambuf_iterator<_CharT, char_traits<_CharT> >);
 447:c:\program files\daisytoolchain\arm-none-eabi\include\c++\10.2.1\bits\stl_algobase.h **** 
 448:c:\program files\daisytoolchain\arm-none-eabi\include\c++\10.2.1\bits\stl_algobase.h ****   template<bool _IsMove, typename _CharT>
 449:c:\program files\daisytoolchain\arm-none-eabi\include\c++\10.2.1\bits\stl_algobase.h ****     typename __gnu_cxx::__enable_if<__is_char<_CharT>::__value,
 450:c:\program files\daisytoolchain\arm-none-eabi\include\c++\10.2.1\bits\stl_algobase.h **** 	     ostreambuf_iterator<_CharT, char_traits<_CharT> > >::__type
 451:c:\program files\daisytoolchain\arm-none-eabi\include\c++\10.2.1\bits\stl_algobase.h ****     __copy_move_a2(const _CharT*, const _CharT*,
 452:c:\program files\daisytoolchain\arm-none-eabi\include\c++\10.2.1\bits\stl_algobase.h **** 		   ostreambuf_iterator<_CharT, char_traits<_CharT> >);
 453:c:\program files\daisytoolchain\arm-none-eabi\include\c++\10.2.1\bits\stl_algobase.h **** 
 454:c:\program files\daisytoolchain\arm-none-eabi\include\c++\10.2.1\bits\stl_algobase.h ****   template<bool _IsMove, typename _CharT>
 455:c:\program files\daisytoolchain\arm-none-eabi\include\c++\10.2.1\bits\stl_algobase.h ****     typename __gnu_cxx::__enable_if<__is_char<_CharT>::__value,
 456:c:\program files\daisytoolchain\arm-none-eabi\include\c++\10.2.1\bits\stl_algobase.h **** 				    _CharT*>::__type
 457:c:\program files\daisytoolchain\arm-none-eabi\include\c++\10.2.1\bits\stl_algobase.h ****     __copy_move_a2(istreambuf_iterator<_CharT, char_traits<_CharT> >,
 458:c:\program files\daisytoolchain\arm-none-eabi\include\c++\10.2.1\bits\stl_algobase.h **** 		   istreambuf_iterator<_CharT, char_traits<_CharT> >, _CharT*);
 459:c:\program files\daisytoolchain\arm-none-eabi\include\c++\10.2.1\bits\stl_algobase.h **** 
 460:c:\program files\daisytoolchain\arm-none-eabi\include\c++\10.2.1\bits\stl_algobase.h ****   template<bool _IsMove, typename _II, typename _OI>
 461:c:\program files\daisytoolchain\arm-none-eabi\include\c++\10.2.1\bits\stl_algobase.h ****     _GLIBCXX20_CONSTEXPR
 462:c:\program files\daisytoolchain\arm-none-eabi\include\c++\10.2.1\bits\stl_algobase.h ****     inline _OI
 463:c:\program files\daisytoolchain\arm-none-eabi\include\c++\10.2.1\bits\stl_algobase.h ****     __copy_move_a2(_II __first, _II __last, _OI __result)
 464:c:\program files\daisytoolchain\arm-none-eabi\include\c++\10.2.1\bits\stl_algobase.h ****     {
 465:c:\program files\daisytoolchain\arm-none-eabi\include\c++\10.2.1\bits\stl_algobase.h ****       typedef typename iterator_traits<_II>::iterator_category _Category;
 466:c:\program files\daisytoolchain\arm-none-eabi\include\c++\10.2.1\bits\stl_algobase.h **** #ifdef __cpp_lib_is_constant_evaluated
 467:c:\program files\daisytoolchain\arm-none-eabi\include\c++\10.2.1\bits\stl_algobase.h ****       if (std::is_constant_evaluated())
 468:c:\program files\daisytoolchain\arm-none-eabi\include\c++\10.2.1\bits\stl_algobase.h **** 	return std::__copy_move<_IsMove, false, _Category>::
 469:c:\program files\daisytoolchain\arm-none-eabi\include\c++\10.2.1\bits\stl_algobase.h **** 	  __copy_m(__first, __last, __result);
 470:c:\program files\daisytoolchain\arm-none-eabi\include\c++\10.2.1\bits\stl_algobase.h **** #endif
 471:c:\program files\daisytoolchain\arm-none-eabi\include\c++\10.2.1\bits\stl_algobase.h ****       return std::__copy_move<_IsMove, __memcpyable<_OI, _II>::__value,
 472:c:\program files\daisytoolchain\arm-none-eabi\include\c++\10.2.1\bits\stl_algobase.h **** 			      _Category>::__copy_m(__first, __last, __result);
 473:c:\program files\daisytoolchain\arm-none-eabi\include\c++\10.2.1\bits\stl_algobase.h ****     }
 474:c:\program files\daisytoolchain\arm-none-eabi\include\c++\10.2.1\bits\stl_algobase.h **** 
 475:c:\program files\daisytoolchain\arm-none-eabi\include\c++\10.2.1\bits\stl_algobase.h **** _GLIBCXX_BEGIN_NAMESPACE_CONTAINER
 476:c:\program files\daisytoolchain\arm-none-eabi\include\c++\10.2.1\bits\stl_algobase.h **** 
 477:c:\program files\daisytoolchain\arm-none-eabi\include\c++\10.2.1\bits\stl_algobase.h ****   template<typename _Tp, typename _Ref, typename _Ptr>
 478:c:\program files\daisytoolchain\arm-none-eabi\include\c++\10.2.1\bits\stl_algobase.h ****     struct _Deque_iterator;
 479:c:\program files\daisytoolchain\arm-none-eabi\include\c++\10.2.1\bits\stl_algobase.h **** 
 480:c:\program files\daisytoolchain\arm-none-eabi\include\c++\10.2.1\bits\stl_algobase.h **** _GLIBCXX_END_NAMESPACE_CONTAINER
 481:c:\program files\daisytoolchain\arm-none-eabi\include\c++\10.2.1\bits\stl_algobase.h **** 
 482:c:\program files\daisytoolchain\arm-none-eabi\include\c++\10.2.1\bits\stl_algobase.h ****   template<bool _IsMove,
 483:c:\program files\daisytoolchain\arm-none-eabi\include\c++\10.2.1\bits\stl_algobase.h **** 	   typename _Tp, typename _Ref, typename _Ptr, typename _OI>
 484:c:\program files\daisytoolchain\arm-none-eabi\include\c++\10.2.1\bits\stl_algobase.h ****     _OI
 485:c:\program files\daisytoolchain\arm-none-eabi\include\c++\10.2.1\bits\stl_algobase.h ****     __copy_move_a1(_GLIBCXX_STD_C::_Deque_iterator<_Tp, _Ref, _Ptr>,
 486:c:\program files\daisytoolchain\arm-none-eabi\include\c++\10.2.1\bits\stl_algobase.h **** 		   _GLIBCXX_STD_C::_Deque_iterator<_Tp, _Ref, _Ptr>,
 487:c:\program files\daisytoolchain\arm-none-eabi\include\c++\10.2.1\bits\stl_algobase.h **** 		   _OI);
 488:c:\program files\daisytoolchain\arm-none-eabi\include\c++\10.2.1\bits\stl_algobase.h **** 
 489:c:\program files\daisytoolchain\arm-none-eabi\include\c++\10.2.1\bits\stl_algobase.h ****   template<bool _IsMove,
 490:c:\program files\daisytoolchain\arm-none-eabi\include\c++\10.2.1\bits\stl_algobase.h **** 	   typename _ITp, typename _IRef, typename _IPtr, typename _OTp>
 491:c:\program files\daisytoolchain\arm-none-eabi\include\c++\10.2.1\bits\stl_algobase.h ****     _GLIBCXX_STD_C::_Deque_iterator<_OTp, _OTp&, _OTp*>
ARM GAS  C:\Users\22bur\AppData\Local\Temp\ccfIx2UX.s 			page 77


 492:c:\program files\daisytoolchain\arm-none-eabi\include\c++\10.2.1\bits\stl_algobase.h ****     __copy_move_a1(_GLIBCXX_STD_C::_Deque_iterator<_ITp, _IRef, _IPtr>,
 493:c:\program files\daisytoolchain\arm-none-eabi\include\c++\10.2.1\bits\stl_algobase.h **** 		   _GLIBCXX_STD_C::_Deque_iterator<_ITp, _IRef, _IPtr>,
 494:c:\program files\daisytoolchain\arm-none-eabi\include\c++\10.2.1\bits\stl_algobase.h **** 		   _GLIBCXX_STD_C::_Deque_iterator<_OTp, _OTp&, _OTp*>);
 495:c:\program files\daisytoolchain\arm-none-eabi\include\c++\10.2.1\bits\stl_algobase.h **** 
 496:c:\program files\daisytoolchain\arm-none-eabi\include\c++\10.2.1\bits\stl_algobase.h ****   template<bool _IsMove, typename _II, typename _Tp>
 497:c:\program files\daisytoolchain\arm-none-eabi\include\c++\10.2.1\bits\stl_algobase.h ****     typename __gnu_cxx::__enable_if<
 498:c:\program files\daisytoolchain\arm-none-eabi\include\c++\10.2.1\bits\stl_algobase.h ****       __is_random_access_iter<_II>::__value,
 499:c:\program files\daisytoolchain\arm-none-eabi\include\c++\10.2.1\bits\stl_algobase.h ****       _GLIBCXX_STD_C::_Deque_iterator<_Tp, _Tp&, _Tp*> >::__type
 500:c:\program files\daisytoolchain\arm-none-eabi\include\c++\10.2.1\bits\stl_algobase.h ****     __copy_move_a1(_II, _II, _GLIBCXX_STD_C::_Deque_iterator<_Tp, _Tp&, _Tp*>);
 501:c:\program files\daisytoolchain\arm-none-eabi\include\c++\10.2.1\bits\stl_algobase.h **** 
 502:c:\program files\daisytoolchain\arm-none-eabi\include\c++\10.2.1\bits\stl_algobase.h ****   template<bool _IsMove, typename _II, typename _OI>
 503:c:\program files\daisytoolchain\arm-none-eabi\include\c++\10.2.1\bits\stl_algobase.h ****     _GLIBCXX20_CONSTEXPR
 504:c:\program files\daisytoolchain\arm-none-eabi\include\c++\10.2.1\bits\stl_algobase.h ****     inline _OI
 505:c:\program files\daisytoolchain\arm-none-eabi\include\c++\10.2.1\bits\stl_algobase.h ****     __copy_move_a1(_II __first, _II __last, _OI __result)
 506:c:\program files\daisytoolchain\arm-none-eabi\include\c++\10.2.1\bits\stl_algobase.h ****     { return std::__copy_move_a2<_IsMove>(__first, __last, __result); }
 507:c:\program files\daisytoolchain\arm-none-eabi\include\c++\10.2.1\bits\stl_algobase.h **** 
 508:c:\program files\daisytoolchain\arm-none-eabi\include\c++\10.2.1\bits\stl_algobase.h ****   template<bool _IsMove, typename _II, typename _OI>
 509:c:\program files\daisytoolchain\arm-none-eabi\include\c++\10.2.1\bits\stl_algobase.h ****     _GLIBCXX20_CONSTEXPR
 510:c:\program files\daisytoolchain\arm-none-eabi\include\c++\10.2.1\bits\stl_algobase.h ****     inline _OI
 511:c:\program files\daisytoolchain\arm-none-eabi\include\c++\10.2.1\bits\stl_algobase.h ****     __copy_move_a(_II __first, _II __last, _OI __result)
 512:c:\program files\daisytoolchain\arm-none-eabi\include\c++\10.2.1\bits\stl_algobase.h ****     {
 513:c:\program files\daisytoolchain\arm-none-eabi\include\c++\10.2.1\bits\stl_algobase.h ****       return std::__niter_wrap(__result,
 514:c:\program files\daisytoolchain\arm-none-eabi\include\c++\10.2.1\bits\stl_algobase.h **** 		std::__copy_move_a1<_IsMove>(std::__niter_base(__first),
 515:c:\program files\daisytoolchain\arm-none-eabi\include\c++\10.2.1\bits\stl_algobase.h **** 					     std::__niter_base(__last),
 516:c:\program files\daisytoolchain\arm-none-eabi\include\c++\10.2.1\bits\stl_algobase.h **** 					     std::__niter_base(__result)));
 517:c:\program files\daisytoolchain\arm-none-eabi\include\c++\10.2.1\bits\stl_algobase.h ****     }
 518:c:\program files\daisytoolchain\arm-none-eabi\include\c++\10.2.1\bits\stl_algobase.h **** 
 519:c:\program files\daisytoolchain\arm-none-eabi\include\c++\10.2.1\bits\stl_algobase.h ****   template<bool _IsMove,
 520:c:\program files\daisytoolchain\arm-none-eabi\include\c++\10.2.1\bits\stl_algobase.h **** 	   typename _Ite, typename _Seq, typename _Cat, typename _OI>
 521:c:\program files\daisytoolchain\arm-none-eabi\include\c++\10.2.1\bits\stl_algobase.h ****     _OI
 522:c:\program files\daisytoolchain\arm-none-eabi\include\c++\10.2.1\bits\stl_algobase.h ****     __copy_move_a(const ::__gnu_debug::_Safe_iterator<_Ite, _Seq, _Cat>&,
 523:c:\program files\daisytoolchain\arm-none-eabi\include\c++\10.2.1\bits\stl_algobase.h **** 		  const ::__gnu_debug::_Safe_iterator<_Ite, _Seq, _Cat>&,
 524:c:\program files\daisytoolchain\arm-none-eabi\include\c++\10.2.1\bits\stl_algobase.h **** 		  _OI);
 525:c:\program files\daisytoolchain\arm-none-eabi\include\c++\10.2.1\bits\stl_algobase.h **** 
 526:c:\program files\daisytoolchain\arm-none-eabi\include\c++\10.2.1\bits\stl_algobase.h ****   template<bool _IsMove,
 527:c:\program files\daisytoolchain\arm-none-eabi\include\c++\10.2.1\bits\stl_algobase.h **** 	   typename _II, typename _Ite, typename _Seq, typename _Cat>
 528:c:\program files\daisytoolchain\arm-none-eabi\include\c++\10.2.1\bits\stl_algobase.h ****     __gnu_debug::_Safe_iterator<_Ite, _Seq, _Cat>
 529:c:\program files\daisytoolchain\arm-none-eabi\include\c++\10.2.1\bits\stl_algobase.h ****     __copy_move_a(_II, _II,
 530:c:\program files\daisytoolchain\arm-none-eabi\include\c++\10.2.1\bits\stl_algobase.h **** 		  const ::__gnu_debug::_Safe_iterator<_Ite, _Seq, _Cat>&);
 531:c:\program files\daisytoolchain\arm-none-eabi\include\c++\10.2.1\bits\stl_algobase.h **** 
 532:c:\program files\daisytoolchain\arm-none-eabi\include\c++\10.2.1\bits\stl_algobase.h ****   template<bool _IsMove,
 533:c:\program files\daisytoolchain\arm-none-eabi\include\c++\10.2.1\bits\stl_algobase.h **** 	   typename _IIte, typename _ISeq, typename _ICat,
 534:c:\program files\daisytoolchain\arm-none-eabi\include\c++\10.2.1\bits\stl_algobase.h **** 	   typename _OIte, typename _OSeq, typename _OCat>
 535:c:\program files\daisytoolchain\arm-none-eabi\include\c++\10.2.1\bits\stl_algobase.h ****     ::__gnu_debug::_Safe_iterator<_OIte, _OSeq, _OCat>
 536:c:\program files\daisytoolchain\arm-none-eabi\include\c++\10.2.1\bits\stl_algobase.h ****     __copy_move_a(const ::__gnu_debug::_Safe_iterator<_IIte, _ISeq, _ICat>&,
 537:c:\program files\daisytoolchain\arm-none-eabi\include\c++\10.2.1\bits\stl_algobase.h **** 		  const ::__gnu_debug::_Safe_iterator<_IIte, _ISeq, _ICat>&,
 538:c:\program files\daisytoolchain\arm-none-eabi\include\c++\10.2.1\bits\stl_algobase.h **** 		  const ::__gnu_debug::_Safe_iterator<_OIte, _OSeq, _OCat>&);
 539:c:\program files\daisytoolchain\arm-none-eabi\include\c++\10.2.1\bits\stl_algobase.h **** 
 540:c:\program files\daisytoolchain\arm-none-eabi\include\c++\10.2.1\bits\stl_algobase.h ****   /**
 541:c:\program files\daisytoolchain\arm-none-eabi\include\c++\10.2.1\bits\stl_algobase.h ****    *  @brief Copies the range [first,last) into result.
 542:c:\program files\daisytoolchain\arm-none-eabi\include\c++\10.2.1\bits\stl_algobase.h ****    *  @ingroup mutating_algorithms
 543:c:\program files\daisytoolchain\arm-none-eabi\include\c++\10.2.1\bits\stl_algobase.h ****    *  @param  __first  An input iterator.
 544:c:\program files\daisytoolchain\arm-none-eabi\include\c++\10.2.1\bits\stl_algobase.h ****    *  @param  __last   An input iterator.
 545:c:\program files\daisytoolchain\arm-none-eabi\include\c++\10.2.1\bits\stl_algobase.h ****    *  @param  __result An output iterator.
 546:c:\program files\daisytoolchain\arm-none-eabi\include\c++\10.2.1\bits\stl_algobase.h ****    *  @return   result + (last - first)
 547:c:\program files\daisytoolchain\arm-none-eabi\include\c++\10.2.1\bits\stl_algobase.h ****    *
 548:c:\program files\daisytoolchain\arm-none-eabi\include\c++\10.2.1\bits\stl_algobase.h ****    *  This inline function will boil down to a call to @c memmove whenever
ARM GAS  C:\Users\22bur\AppData\Local\Temp\ccfIx2UX.s 			page 78


 549:c:\program files\daisytoolchain\arm-none-eabi\include\c++\10.2.1\bits\stl_algobase.h ****    *  possible.  Failing that, if random access iterators are passed, then the
 550:c:\program files\daisytoolchain\arm-none-eabi\include\c++\10.2.1\bits\stl_algobase.h ****    *  loop count will be known (and therefore a candidate for compiler
 551:c:\program files\daisytoolchain\arm-none-eabi\include\c++\10.2.1\bits\stl_algobase.h ****    *  optimizations such as unrolling).  Result may not be contained within
 552:c:\program files\daisytoolchain\arm-none-eabi\include\c++\10.2.1\bits\stl_algobase.h ****    *  [first,last); the copy_backward function should be used instead.
 553:c:\program files\daisytoolchain\arm-none-eabi\include\c++\10.2.1\bits\stl_algobase.h ****    *
 554:c:\program files\daisytoolchain\arm-none-eabi\include\c++\10.2.1\bits\stl_algobase.h ****    *  Note that the end of the output range is permitted to be contained
 555:c:\program files\daisytoolchain\arm-none-eabi\include\c++\10.2.1\bits\stl_algobase.h ****    *  within [first,last).
 556:c:\program files\daisytoolchain\arm-none-eabi\include\c++\10.2.1\bits\stl_algobase.h ****   */
 557:c:\program files\daisytoolchain\arm-none-eabi\include\c++\10.2.1\bits\stl_algobase.h ****   template<typename _II, typename _OI>
 558:c:\program files\daisytoolchain\arm-none-eabi\include\c++\10.2.1\bits\stl_algobase.h ****     _GLIBCXX20_CONSTEXPR
 559:c:\program files\daisytoolchain\arm-none-eabi\include\c++\10.2.1\bits\stl_algobase.h ****     inline _OI
 560:c:\program files\daisytoolchain\arm-none-eabi\include\c++\10.2.1\bits\stl_algobase.h ****     copy(_II __first, _II __last, _OI __result)
 561:c:\program files\daisytoolchain\arm-none-eabi\include\c++\10.2.1\bits\stl_algobase.h ****     {
 562:c:\program files\daisytoolchain\arm-none-eabi\include\c++\10.2.1\bits\stl_algobase.h ****       // concept requirements
 563:c:\program files\daisytoolchain\arm-none-eabi\include\c++\10.2.1\bits\stl_algobase.h ****       __glibcxx_function_requires(_InputIteratorConcept<_II>)
 564:c:\program files\daisytoolchain\arm-none-eabi\include\c++\10.2.1\bits\stl_algobase.h ****       __glibcxx_function_requires(_OutputIteratorConcept<_OI,
 565:c:\program files\daisytoolchain\arm-none-eabi\include\c++\10.2.1\bits\stl_algobase.h **** 	    typename iterator_traits<_II>::value_type>)
 566:c:\program files\daisytoolchain\arm-none-eabi\include\c++\10.2.1\bits\stl_algobase.h ****       __glibcxx_requires_can_increment_range(__first, __last, __result);
 567:c:\program files\daisytoolchain\arm-none-eabi\include\c++\10.2.1\bits\stl_algobase.h **** 
 568:c:\program files\daisytoolchain\arm-none-eabi\include\c++\10.2.1\bits\stl_algobase.h ****       return std::__copy_move_a<__is_move_iterator<_II>::__value>
 569:c:\program files\daisytoolchain\arm-none-eabi\include\c++\10.2.1\bits\stl_algobase.h **** 	     (std::__miter_base(__first), std::__miter_base(__last), __result);
 570:c:\program files\daisytoolchain\arm-none-eabi\include\c++\10.2.1\bits\stl_algobase.h ****     }
 571:c:\program files\daisytoolchain\arm-none-eabi\include\c++\10.2.1\bits\stl_algobase.h **** 
 572:c:\program files\daisytoolchain\arm-none-eabi\include\c++\10.2.1\bits\stl_algobase.h **** #if __cplusplus >= 201103L
 573:c:\program files\daisytoolchain\arm-none-eabi\include\c++\10.2.1\bits\stl_algobase.h ****   /**
 574:c:\program files\daisytoolchain\arm-none-eabi\include\c++\10.2.1\bits\stl_algobase.h ****    *  @brief Moves the range [first,last) into result.
 575:c:\program files\daisytoolchain\arm-none-eabi\include\c++\10.2.1\bits\stl_algobase.h ****    *  @ingroup mutating_algorithms
 576:c:\program files\daisytoolchain\arm-none-eabi\include\c++\10.2.1\bits\stl_algobase.h ****    *  @param  __first  An input iterator.
 577:c:\program files\daisytoolchain\arm-none-eabi\include\c++\10.2.1\bits\stl_algobase.h ****    *  @param  __last   An input iterator.
 578:c:\program files\daisytoolchain\arm-none-eabi\include\c++\10.2.1\bits\stl_algobase.h ****    *  @param  __result An output iterator.
 579:c:\program files\daisytoolchain\arm-none-eabi\include\c++\10.2.1\bits\stl_algobase.h ****    *  @return   result + (last - first)
 580:c:\program files\daisytoolchain\arm-none-eabi\include\c++\10.2.1\bits\stl_algobase.h ****    *
 581:c:\program files\daisytoolchain\arm-none-eabi\include\c++\10.2.1\bits\stl_algobase.h ****    *  This inline function will boil down to a call to @c memmove whenever
 582:c:\program files\daisytoolchain\arm-none-eabi\include\c++\10.2.1\bits\stl_algobase.h ****    *  possible.  Failing that, if random access iterators are passed, then the
 583:c:\program files\daisytoolchain\arm-none-eabi\include\c++\10.2.1\bits\stl_algobase.h ****    *  loop count will be known (and therefore a candidate for compiler
 584:c:\program files\daisytoolchain\arm-none-eabi\include\c++\10.2.1\bits\stl_algobase.h ****    *  optimizations such as unrolling).  Result may not be contained within
 585:c:\program files\daisytoolchain\arm-none-eabi\include\c++\10.2.1\bits\stl_algobase.h ****    *  [first,last); the move_backward function should be used instead.
 586:c:\program files\daisytoolchain\arm-none-eabi\include\c++\10.2.1\bits\stl_algobase.h ****    *
 587:c:\program files\daisytoolchain\arm-none-eabi\include\c++\10.2.1\bits\stl_algobase.h ****    *  Note that the end of the output range is permitted to be contained
 588:c:\program files\daisytoolchain\arm-none-eabi\include\c++\10.2.1\bits\stl_algobase.h ****    *  within [first,last).
 589:c:\program files\daisytoolchain\arm-none-eabi\include\c++\10.2.1\bits\stl_algobase.h ****   */
 590:c:\program files\daisytoolchain\arm-none-eabi\include\c++\10.2.1\bits\stl_algobase.h ****   template<typename _II, typename _OI>
 591:c:\program files\daisytoolchain\arm-none-eabi\include\c++\10.2.1\bits\stl_algobase.h ****     _GLIBCXX20_CONSTEXPR
 592:c:\program files\daisytoolchain\arm-none-eabi\include\c++\10.2.1\bits\stl_algobase.h ****     inline _OI
 593:c:\program files\daisytoolchain\arm-none-eabi\include\c++\10.2.1\bits\stl_algobase.h ****     move(_II __first, _II __last, _OI __result)
 594:c:\program files\daisytoolchain\arm-none-eabi\include\c++\10.2.1\bits\stl_algobase.h ****     {
 595:c:\program files\daisytoolchain\arm-none-eabi\include\c++\10.2.1\bits\stl_algobase.h ****       // concept requirements
 596:c:\program files\daisytoolchain\arm-none-eabi\include\c++\10.2.1\bits\stl_algobase.h ****       __glibcxx_function_requires(_InputIteratorConcept<_II>)
 597:c:\program files\daisytoolchain\arm-none-eabi\include\c++\10.2.1\bits\stl_algobase.h ****       __glibcxx_function_requires(_OutputIteratorConcept<_OI,
 598:c:\program files\daisytoolchain\arm-none-eabi\include\c++\10.2.1\bits\stl_algobase.h **** 	    typename iterator_traits<_II>::value_type>)
 599:c:\program files\daisytoolchain\arm-none-eabi\include\c++\10.2.1\bits\stl_algobase.h ****       __glibcxx_requires_can_increment_range(__first, __last, __result);
 600:c:\program files\daisytoolchain\arm-none-eabi\include\c++\10.2.1\bits\stl_algobase.h **** 
 601:c:\program files\daisytoolchain\arm-none-eabi\include\c++\10.2.1\bits\stl_algobase.h ****       return std::__copy_move_a<true>(std::__miter_base(__first),
 602:c:\program files\daisytoolchain\arm-none-eabi\include\c++\10.2.1\bits\stl_algobase.h **** 				      std::__miter_base(__last), __result);
 603:c:\program files\daisytoolchain\arm-none-eabi\include\c++\10.2.1\bits\stl_algobase.h ****     }
 604:c:\program files\daisytoolchain\arm-none-eabi\include\c++\10.2.1\bits\stl_algobase.h **** 
 605:c:\program files\daisytoolchain\arm-none-eabi\include\c++\10.2.1\bits\stl_algobase.h **** #define _GLIBCXX_MOVE3(_Tp, _Up, _Vp) std::move(_Tp, _Up, _Vp)
ARM GAS  C:\Users\22bur\AppData\Local\Temp\ccfIx2UX.s 			page 79


 606:c:\program files\daisytoolchain\arm-none-eabi\include\c++\10.2.1\bits\stl_algobase.h **** #else
 607:c:\program files\daisytoolchain\arm-none-eabi\include\c++\10.2.1\bits\stl_algobase.h **** #define _GLIBCXX_MOVE3(_Tp, _Up, _Vp) std::copy(_Tp, _Up, _Vp)
 608:c:\program files\daisytoolchain\arm-none-eabi\include\c++\10.2.1\bits\stl_algobase.h **** #endif
 609:c:\program files\daisytoolchain\arm-none-eabi\include\c++\10.2.1\bits\stl_algobase.h **** 
 610:c:\program files\daisytoolchain\arm-none-eabi\include\c++\10.2.1\bits\stl_algobase.h ****   template<bool _IsMove, bool _IsSimple, typename _Category>
 611:c:\program files\daisytoolchain\arm-none-eabi\include\c++\10.2.1\bits\stl_algobase.h ****     struct __copy_move_backward
 612:c:\program files\daisytoolchain\arm-none-eabi\include\c++\10.2.1\bits\stl_algobase.h ****     {
 613:c:\program files\daisytoolchain\arm-none-eabi\include\c++\10.2.1\bits\stl_algobase.h ****       template<typename _BI1, typename _BI2>
 614:c:\program files\daisytoolchain\arm-none-eabi\include\c++\10.2.1\bits\stl_algobase.h **** 	_GLIBCXX20_CONSTEXPR
 615:c:\program files\daisytoolchain\arm-none-eabi\include\c++\10.2.1\bits\stl_algobase.h **** 	static _BI2
 616:c:\program files\daisytoolchain\arm-none-eabi\include\c++\10.2.1\bits\stl_algobase.h **** 	__copy_move_b(_BI1 __first, _BI1 __last, _BI2 __result)
 617:c:\program files\daisytoolchain\arm-none-eabi\include\c++\10.2.1\bits\stl_algobase.h **** 	{
 618:c:\program files\daisytoolchain\arm-none-eabi\include\c++\10.2.1\bits\stl_algobase.h **** 	  while (__first != __last)
 619:c:\program files\daisytoolchain\arm-none-eabi\include\c++\10.2.1\bits\stl_algobase.h **** 	    *--__result = *--__last;
 620:c:\program files\daisytoolchain\arm-none-eabi\include\c++\10.2.1\bits\stl_algobase.h **** 	  return __result;
 621:c:\program files\daisytoolchain\arm-none-eabi\include\c++\10.2.1\bits\stl_algobase.h **** 	}
 622:c:\program files\daisytoolchain\arm-none-eabi\include\c++\10.2.1\bits\stl_algobase.h ****     };
 623:c:\program files\daisytoolchain\arm-none-eabi\include\c++\10.2.1\bits\stl_algobase.h **** 
 624:c:\program files\daisytoolchain\arm-none-eabi\include\c++\10.2.1\bits\stl_algobase.h **** #if __cplusplus >= 201103L
 625:c:\program files\daisytoolchain\arm-none-eabi\include\c++\10.2.1\bits\stl_algobase.h ****   template<typename _Category>
 626:c:\program files\daisytoolchain\arm-none-eabi\include\c++\10.2.1\bits\stl_algobase.h ****     struct __copy_move_backward<true, false, _Category>
 627:c:\program files\daisytoolchain\arm-none-eabi\include\c++\10.2.1\bits\stl_algobase.h ****     {
 628:c:\program files\daisytoolchain\arm-none-eabi\include\c++\10.2.1\bits\stl_algobase.h ****       template<typename _BI1, typename _BI2>
 629:c:\program files\daisytoolchain\arm-none-eabi\include\c++\10.2.1\bits\stl_algobase.h **** 	_GLIBCXX20_CONSTEXPR
 630:c:\program files\daisytoolchain\arm-none-eabi\include\c++\10.2.1\bits\stl_algobase.h **** 	static _BI2
 631:c:\program files\daisytoolchain\arm-none-eabi\include\c++\10.2.1\bits\stl_algobase.h **** 	__copy_move_b(_BI1 __first, _BI1 __last, _BI2 __result)
 632:c:\program files\daisytoolchain\arm-none-eabi\include\c++\10.2.1\bits\stl_algobase.h **** 	{
 633:c:\program files\daisytoolchain\arm-none-eabi\include\c++\10.2.1\bits\stl_algobase.h **** 	  while (__first != __last)
 634:c:\program files\daisytoolchain\arm-none-eabi\include\c++\10.2.1\bits\stl_algobase.h **** 	    *--__result = std::move(*--__last);
 635:c:\program files\daisytoolchain\arm-none-eabi\include\c++\10.2.1\bits\stl_algobase.h **** 	  return __result;
 636:c:\program files\daisytoolchain\arm-none-eabi\include\c++\10.2.1\bits\stl_algobase.h **** 	}
 637:c:\program files\daisytoolchain\arm-none-eabi\include\c++\10.2.1\bits\stl_algobase.h ****     };
 638:c:\program files\daisytoolchain\arm-none-eabi\include\c++\10.2.1\bits\stl_algobase.h **** #endif
 639:c:\program files\daisytoolchain\arm-none-eabi\include\c++\10.2.1\bits\stl_algobase.h **** 
 640:c:\program files\daisytoolchain\arm-none-eabi\include\c++\10.2.1\bits\stl_algobase.h ****   template<>
 641:c:\program files\daisytoolchain\arm-none-eabi\include\c++\10.2.1\bits\stl_algobase.h ****     struct __copy_move_backward<false, false, random_access_iterator_tag>
 642:c:\program files\daisytoolchain\arm-none-eabi\include\c++\10.2.1\bits\stl_algobase.h ****     {
 643:c:\program files\daisytoolchain\arm-none-eabi\include\c++\10.2.1\bits\stl_algobase.h ****       template<typename _BI1, typename _BI2>
 644:c:\program files\daisytoolchain\arm-none-eabi\include\c++\10.2.1\bits\stl_algobase.h **** 	_GLIBCXX20_CONSTEXPR
 645:c:\program files\daisytoolchain\arm-none-eabi\include\c++\10.2.1\bits\stl_algobase.h **** 	static _BI2
 646:c:\program files\daisytoolchain\arm-none-eabi\include\c++\10.2.1\bits\stl_algobase.h **** 	__copy_move_b(_BI1 __first, _BI1 __last, _BI2 __result)
 647:c:\program files\daisytoolchain\arm-none-eabi\include\c++\10.2.1\bits\stl_algobase.h **** 	{
 648:c:\program files\daisytoolchain\arm-none-eabi\include\c++\10.2.1\bits\stl_algobase.h **** 	  typename iterator_traits<_BI1>::difference_type
 649:c:\program files\daisytoolchain\arm-none-eabi\include\c++\10.2.1\bits\stl_algobase.h **** 	    __n = __last - __first;
 650:c:\program files\daisytoolchain\arm-none-eabi\include\c++\10.2.1\bits\stl_algobase.h **** 	  for (; __n > 0; --__n)
 651:c:\program files\daisytoolchain\arm-none-eabi\include\c++\10.2.1\bits\stl_algobase.h **** 	    *--__result = *--__last;
 652:c:\program files\daisytoolchain\arm-none-eabi\include\c++\10.2.1\bits\stl_algobase.h **** 	  return __result;
 653:c:\program files\daisytoolchain\arm-none-eabi\include\c++\10.2.1\bits\stl_algobase.h **** 	}
 654:c:\program files\daisytoolchain\arm-none-eabi\include\c++\10.2.1\bits\stl_algobase.h ****     };
 655:c:\program files\daisytoolchain\arm-none-eabi\include\c++\10.2.1\bits\stl_algobase.h **** 
 656:c:\program files\daisytoolchain\arm-none-eabi\include\c++\10.2.1\bits\stl_algobase.h **** #if __cplusplus >= 201103L
 657:c:\program files\daisytoolchain\arm-none-eabi\include\c++\10.2.1\bits\stl_algobase.h ****   template<>
 658:c:\program files\daisytoolchain\arm-none-eabi\include\c++\10.2.1\bits\stl_algobase.h ****     struct __copy_move_backward<true, false, random_access_iterator_tag>
 659:c:\program files\daisytoolchain\arm-none-eabi\include\c++\10.2.1\bits\stl_algobase.h ****     {
 660:c:\program files\daisytoolchain\arm-none-eabi\include\c++\10.2.1\bits\stl_algobase.h ****       template<typename _BI1, typename _BI2>
 661:c:\program files\daisytoolchain\arm-none-eabi\include\c++\10.2.1\bits\stl_algobase.h **** 	_GLIBCXX20_CONSTEXPR
 662:c:\program files\daisytoolchain\arm-none-eabi\include\c++\10.2.1\bits\stl_algobase.h **** 	static _BI2
ARM GAS  C:\Users\22bur\AppData\Local\Temp\ccfIx2UX.s 			page 80


 663:c:\program files\daisytoolchain\arm-none-eabi\include\c++\10.2.1\bits\stl_algobase.h **** 	__copy_move_b(_BI1 __first, _BI1 __last, _BI2 __result)
 664:c:\program files\daisytoolchain\arm-none-eabi\include\c++\10.2.1\bits\stl_algobase.h **** 	{
 665:c:\program files\daisytoolchain\arm-none-eabi\include\c++\10.2.1\bits\stl_algobase.h **** 	  typename iterator_traits<_BI1>::difference_type
 666:c:\program files\daisytoolchain\arm-none-eabi\include\c++\10.2.1\bits\stl_algobase.h **** 	    __n = __last - __first;
 667:c:\program files\daisytoolchain\arm-none-eabi\include\c++\10.2.1\bits\stl_algobase.h **** 	  for (; __n > 0; --__n)
 668:c:\program files\daisytoolchain\arm-none-eabi\include\c++\10.2.1\bits\stl_algobase.h **** 	    *--__result = std::move(*--__last);
 669:c:\program files\daisytoolchain\arm-none-eabi\include\c++\10.2.1\bits\stl_algobase.h **** 	  return __result;
 670:c:\program files\daisytoolchain\arm-none-eabi\include\c++\10.2.1\bits\stl_algobase.h **** 	}
 671:c:\program files\daisytoolchain\arm-none-eabi\include\c++\10.2.1\bits\stl_algobase.h ****     };
 672:c:\program files\daisytoolchain\arm-none-eabi\include\c++\10.2.1\bits\stl_algobase.h **** #endif
 673:c:\program files\daisytoolchain\arm-none-eabi\include\c++\10.2.1\bits\stl_algobase.h **** 
 674:c:\program files\daisytoolchain\arm-none-eabi\include\c++\10.2.1\bits\stl_algobase.h ****   template<bool _IsMove>
 675:c:\program files\daisytoolchain\arm-none-eabi\include\c++\10.2.1\bits\stl_algobase.h ****     struct __copy_move_backward<_IsMove, true, random_access_iterator_tag>
 676:c:\program files\daisytoolchain\arm-none-eabi\include\c++\10.2.1\bits\stl_algobase.h ****     {
 677:c:\program files\daisytoolchain\arm-none-eabi\include\c++\10.2.1\bits\stl_algobase.h ****       template<typename _Tp>
 678:c:\program files\daisytoolchain\arm-none-eabi\include\c++\10.2.1\bits\stl_algobase.h **** 	_GLIBCXX20_CONSTEXPR
 679:c:\program files\daisytoolchain\arm-none-eabi\include\c++\10.2.1\bits\stl_algobase.h **** 	static _Tp*
 680:c:\program files\daisytoolchain\arm-none-eabi\include\c++\10.2.1\bits\stl_algobase.h **** 	__copy_move_b(const _Tp* __first, const _Tp* __last, _Tp* __result)
 681:c:\program files\daisytoolchain\arm-none-eabi\include\c++\10.2.1\bits\stl_algobase.h **** 	{
 682:c:\program files\daisytoolchain\arm-none-eabi\include\c++\10.2.1\bits\stl_algobase.h **** #if __cplusplus >= 201103L
 683:c:\program files\daisytoolchain\arm-none-eabi\include\c++\10.2.1\bits\stl_algobase.h **** 	  using __assignable = conditional<_IsMove,
 684:c:\program files\daisytoolchain\arm-none-eabi\include\c++\10.2.1\bits\stl_algobase.h **** 					   is_move_assignable<_Tp>,
 685:c:\program files\daisytoolchain\arm-none-eabi\include\c++\10.2.1\bits\stl_algobase.h **** 					   is_copy_assignable<_Tp>>;
 686:c:\program files\daisytoolchain\arm-none-eabi\include\c++\10.2.1\bits\stl_algobase.h **** 	  // trivial types can have deleted assignment
 687:c:\program files\daisytoolchain\arm-none-eabi\include\c++\10.2.1\bits\stl_algobase.h **** 	  static_assert( __assignable::type::value, "type is not assignable" );
 688:c:\program files\daisytoolchain\arm-none-eabi\include\c++\10.2.1\bits\stl_algobase.h **** #endif
 689:c:\program files\daisytoolchain\arm-none-eabi\include\c++\10.2.1\bits\stl_algobase.h **** 	  const ptrdiff_t _Num = __last - __first;
 690:c:\program files\daisytoolchain\arm-none-eabi\include\c++\10.2.1\bits\stl_algobase.h **** 	  if (_Num)
 691:c:\program files\daisytoolchain\arm-none-eabi\include\c++\10.2.1\bits\stl_algobase.h **** 	    __builtin_memmove(__result - _Num, __first, sizeof(_Tp) * _Num);
 692:c:\program files\daisytoolchain\arm-none-eabi\include\c++\10.2.1\bits\stl_algobase.h **** 	  return __result - _Num;
 693:c:\program files\daisytoolchain\arm-none-eabi\include\c++\10.2.1\bits\stl_algobase.h **** 	}
 694:c:\program files\daisytoolchain\arm-none-eabi\include\c++\10.2.1\bits\stl_algobase.h ****     };
 695:c:\program files\daisytoolchain\arm-none-eabi\include\c++\10.2.1\bits\stl_algobase.h **** 
 696:c:\program files\daisytoolchain\arm-none-eabi\include\c++\10.2.1\bits\stl_algobase.h ****   template<bool _IsMove, typename _BI1, typename _BI2>
 697:c:\program files\daisytoolchain\arm-none-eabi\include\c++\10.2.1\bits\stl_algobase.h ****     _GLIBCXX20_CONSTEXPR
 698:c:\program files\daisytoolchain\arm-none-eabi\include\c++\10.2.1\bits\stl_algobase.h ****     inline _BI2
 699:c:\program files\daisytoolchain\arm-none-eabi\include\c++\10.2.1\bits\stl_algobase.h ****     __copy_move_backward_a2(_BI1 __first, _BI1 __last, _BI2 __result)
 700:c:\program files\daisytoolchain\arm-none-eabi\include\c++\10.2.1\bits\stl_algobase.h ****     {
 701:c:\program files\daisytoolchain\arm-none-eabi\include\c++\10.2.1\bits\stl_algobase.h ****       typedef typename iterator_traits<_BI1>::iterator_category _Category;
 702:c:\program files\daisytoolchain\arm-none-eabi\include\c++\10.2.1\bits\stl_algobase.h **** #ifdef __cpp_lib_is_constant_evaluated
 703:c:\program files\daisytoolchain\arm-none-eabi\include\c++\10.2.1\bits\stl_algobase.h ****       if (std::is_constant_evaluated())
 704:c:\program files\daisytoolchain\arm-none-eabi\include\c++\10.2.1\bits\stl_algobase.h **** 	return std::__copy_move_backward<_IsMove, false, _Category>::
 705:c:\program files\daisytoolchain\arm-none-eabi\include\c++\10.2.1\bits\stl_algobase.h **** 	  __copy_move_b(__first, __last, __result);
 706:c:\program files\daisytoolchain\arm-none-eabi\include\c++\10.2.1\bits\stl_algobase.h **** #endif
 707:c:\program files\daisytoolchain\arm-none-eabi\include\c++\10.2.1\bits\stl_algobase.h ****       return std::__copy_move_backward<_IsMove,
 708:c:\program files\daisytoolchain\arm-none-eabi\include\c++\10.2.1\bits\stl_algobase.h **** 				       __memcpyable<_BI2, _BI1>::__value,
 709:c:\program files\daisytoolchain\arm-none-eabi\include\c++\10.2.1\bits\stl_algobase.h **** 				       _Category>::__copy_move_b(__first,
 710:c:\program files\daisytoolchain\arm-none-eabi\include\c++\10.2.1\bits\stl_algobase.h **** 								 __last,
 711:c:\program files\daisytoolchain\arm-none-eabi\include\c++\10.2.1\bits\stl_algobase.h **** 								 __result);
 712:c:\program files\daisytoolchain\arm-none-eabi\include\c++\10.2.1\bits\stl_algobase.h ****     }
 713:c:\program files\daisytoolchain\arm-none-eabi\include\c++\10.2.1\bits\stl_algobase.h **** 
 714:c:\program files\daisytoolchain\arm-none-eabi\include\c++\10.2.1\bits\stl_algobase.h ****   template<bool _IsMove, typename _BI1, typename _BI2>
 715:c:\program files\daisytoolchain\arm-none-eabi\include\c++\10.2.1\bits\stl_algobase.h ****     _GLIBCXX20_CONSTEXPR
 716:c:\program files\daisytoolchain\arm-none-eabi\include\c++\10.2.1\bits\stl_algobase.h ****     inline _BI2
 717:c:\program files\daisytoolchain\arm-none-eabi\include\c++\10.2.1\bits\stl_algobase.h ****     __copy_move_backward_a1(_BI1 __first, _BI1 __last, _BI2 __result)
 718:c:\program files\daisytoolchain\arm-none-eabi\include\c++\10.2.1\bits\stl_algobase.h ****     { return std::__copy_move_backward_a2<_IsMove>(__first, __last, __result); }
 719:c:\program files\daisytoolchain\arm-none-eabi\include\c++\10.2.1\bits\stl_algobase.h **** 
ARM GAS  C:\Users\22bur\AppData\Local\Temp\ccfIx2UX.s 			page 81


 720:c:\program files\daisytoolchain\arm-none-eabi\include\c++\10.2.1\bits\stl_algobase.h ****   template<bool _IsMove,
 721:c:\program files\daisytoolchain\arm-none-eabi\include\c++\10.2.1\bits\stl_algobase.h **** 	   typename _Tp, typename _Ref, typename _Ptr, typename _OI>
 722:c:\program files\daisytoolchain\arm-none-eabi\include\c++\10.2.1\bits\stl_algobase.h ****     _OI
 723:c:\program files\daisytoolchain\arm-none-eabi\include\c++\10.2.1\bits\stl_algobase.h ****     __copy_move_backward_a1(_GLIBCXX_STD_C::_Deque_iterator<_Tp, _Ref, _Ptr>,
 724:c:\program files\daisytoolchain\arm-none-eabi\include\c++\10.2.1\bits\stl_algobase.h **** 			    _GLIBCXX_STD_C::_Deque_iterator<_Tp, _Ref, _Ptr>,
 725:c:\program files\daisytoolchain\arm-none-eabi\include\c++\10.2.1\bits\stl_algobase.h **** 			    _OI);
 726:c:\program files\daisytoolchain\arm-none-eabi\include\c++\10.2.1\bits\stl_algobase.h **** 
 727:c:\program files\daisytoolchain\arm-none-eabi\include\c++\10.2.1\bits\stl_algobase.h ****   template<bool _IsMove,
 728:c:\program files\daisytoolchain\arm-none-eabi\include\c++\10.2.1\bits\stl_algobase.h **** 	   typename _ITp, typename _IRef, typename _IPtr, typename _OTp>
 729:c:\program files\daisytoolchain\arm-none-eabi\include\c++\10.2.1\bits\stl_algobase.h ****     _GLIBCXX_STD_C::_Deque_iterator<_OTp, _OTp&, _OTp*>
 730:c:\program files\daisytoolchain\arm-none-eabi\include\c++\10.2.1\bits\stl_algobase.h ****     __copy_move_backward_a1(
 731:c:\program files\daisytoolchain\arm-none-eabi\include\c++\10.2.1\bits\stl_algobase.h **** 			_GLIBCXX_STD_C::_Deque_iterator<_ITp, _IRef, _IPtr>,
 732:c:\program files\daisytoolchain\arm-none-eabi\include\c++\10.2.1\bits\stl_algobase.h **** 			_GLIBCXX_STD_C::_Deque_iterator<_ITp, _IRef, _IPtr>,
 733:c:\program files\daisytoolchain\arm-none-eabi\include\c++\10.2.1\bits\stl_algobase.h **** 			_GLIBCXX_STD_C::_Deque_iterator<_OTp, _OTp&, _OTp*>);
 734:c:\program files\daisytoolchain\arm-none-eabi\include\c++\10.2.1\bits\stl_algobase.h **** 
 735:c:\program files\daisytoolchain\arm-none-eabi\include\c++\10.2.1\bits\stl_algobase.h ****   template<bool _IsMove, typename _II, typename _Tp>
 736:c:\program files\daisytoolchain\arm-none-eabi\include\c++\10.2.1\bits\stl_algobase.h ****     typename __gnu_cxx::__enable_if<
 737:c:\program files\daisytoolchain\arm-none-eabi\include\c++\10.2.1\bits\stl_algobase.h ****       __is_random_access_iter<_II>::__value,
 738:c:\program files\daisytoolchain\arm-none-eabi\include\c++\10.2.1\bits\stl_algobase.h ****       _GLIBCXX_STD_C::_Deque_iterator<_Tp, _Tp&, _Tp*> >::__type
 739:c:\program files\daisytoolchain\arm-none-eabi\include\c++\10.2.1\bits\stl_algobase.h ****     __copy_move_backward_a1(_II, _II,
 740:c:\program files\daisytoolchain\arm-none-eabi\include\c++\10.2.1\bits\stl_algobase.h **** 			    _GLIBCXX_STD_C::_Deque_iterator<_Tp, _Tp&, _Tp*>);
 741:c:\program files\daisytoolchain\arm-none-eabi\include\c++\10.2.1\bits\stl_algobase.h **** 
 742:c:\program files\daisytoolchain\arm-none-eabi\include\c++\10.2.1\bits\stl_algobase.h ****   template<bool _IsMove, typename _II, typename _OI>
 743:c:\program files\daisytoolchain\arm-none-eabi\include\c++\10.2.1\bits\stl_algobase.h ****     _GLIBCXX20_CONSTEXPR
 744:c:\program files\daisytoolchain\arm-none-eabi\include\c++\10.2.1\bits\stl_algobase.h ****     inline _OI
 745:c:\program files\daisytoolchain\arm-none-eabi\include\c++\10.2.1\bits\stl_algobase.h ****     __copy_move_backward_a(_II __first, _II __last, _OI __result)
 746:c:\program files\daisytoolchain\arm-none-eabi\include\c++\10.2.1\bits\stl_algobase.h ****     {
 747:c:\program files\daisytoolchain\arm-none-eabi\include\c++\10.2.1\bits\stl_algobase.h ****       return std::__niter_wrap(__result,
 748:c:\program files\daisytoolchain\arm-none-eabi\include\c++\10.2.1\bits\stl_algobase.h **** 		std::__copy_move_backward_a1<_IsMove>
 749:c:\program files\daisytoolchain\arm-none-eabi\include\c++\10.2.1\bits\stl_algobase.h **** 		  (std::__niter_base(__first), std::__niter_base(__last),
 750:c:\program files\daisytoolchain\arm-none-eabi\include\c++\10.2.1\bits\stl_algobase.h **** 		   std::__niter_base(__result)));
 751:c:\program files\daisytoolchain\arm-none-eabi\include\c++\10.2.1\bits\stl_algobase.h ****     }
 752:c:\program files\daisytoolchain\arm-none-eabi\include\c++\10.2.1\bits\stl_algobase.h **** 
 753:c:\program files\daisytoolchain\arm-none-eabi\include\c++\10.2.1\bits\stl_algobase.h ****   template<bool _IsMove,
 754:c:\program files\daisytoolchain\arm-none-eabi\include\c++\10.2.1\bits\stl_algobase.h **** 	   typename _Ite, typename _Seq, typename _Cat, typename _OI>
 755:c:\program files\daisytoolchain\arm-none-eabi\include\c++\10.2.1\bits\stl_algobase.h ****     _OI
 756:c:\program files\daisytoolchain\arm-none-eabi\include\c++\10.2.1\bits\stl_algobase.h ****     __copy_move_backward_a(
 757:c:\program files\daisytoolchain\arm-none-eabi\include\c++\10.2.1\bits\stl_algobase.h **** 		const ::__gnu_debug::_Safe_iterator<_Ite, _Seq, _Cat>&,
 758:c:\program files\daisytoolchain\arm-none-eabi\include\c++\10.2.1\bits\stl_algobase.h **** 		const ::__gnu_debug::_Safe_iterator<_Ite, _Seq, _Cat>&,
 759:c:\program files\daisytoolchain\arm-none-eabi\include\c++\10.2.1\bits\stl_algobase.h **** 		_OI);
 760:c:\program files\daisytoolchain\arm-none-eabi\include\c++\10.2.1\bits\stl_algobase.h **** 
 761:c:\program files\daisytoolchain\arm-none-eabi\include\c++\10.2.1\bits\stl_algobase.h ****   template<bool _IsMove,
 762:c:\program files\daisytoolchain\arm-none-eabi\include\c++\10.2.1\bits\stl_algobase.h **** 	   typename _II, typename _Ite, typename _Seq, typename _Cat>
 763:c:\program files\daisytoolchain\arm-none-eabi\include\c++\10.2.1\bits\stl_algobase.h ****     __gnu_debug::_Safe_iterator<_Ite, _Seq, _Cat>
 764:c:\program files\daisytoolchain\arm-none-eabi\include\c++\10.2.1\bits\stl_algobase.h ****     __copy_move_backward_a(_II, _II,
 765:c:\program files\daisytoolchain\arm-none-eabi\include\c++\10.2.1\bits\stl_algobase.h **** 		const ::__gnu_debug::_Safe_iterator<_Ite, _Seq, _Cat>&);
 766:c:\program files\daisytoolchain\arm-none-eabi\include\c++\10.2.1\bits\stl_algobase.h **** 
 767:c:\program files\daisytoolchain\arm-none-eabi\include\c++\10.2.1\bits\stl_algobase.h ****   template<bool _IsMove,
 768:c:\program files\daisytoolchain\arm-none-eabi\include\c++\10.2.1\bits\stl_algobase.h **** 	   typename _IIte, typename _ISeq, typename _ICat,
 769:c:\program files\daisytoolchain\arm-none-eabi\include\c++\10.2.1\bits\stl_algobase.h **** 	   typename _OIte, typename _OSeq, typename _OCat>
 770:c:\program files\daisytoolchain\arm-none-eabi\include\c++\10.2.1\bits\stl_algobase.h ****     ::__gnu_debug::_Safe_iterator<_OIte, _OSeq, _OCat>
 771:c:\program files\daisytoolchain\arm-none-eabi\include\c++\10.2.1\bits\stl_algobase.h ****     __copy_move_backward_a(
 772:c:\program files\daisytoolchain\arm-none-eabi\include\c++\10.2.1\bits\stl_algobase.h **** 		const ::__gnu_debug::_Safe_iterator<_IIte, _ISeq, _ICat>&,
 773:c:\program files\daisytoolchain\arm-none-eabi\include\c++\10.2.1\bits\stl_algobase.h **** 		const ::__gnu_debug::_Safe_iterator<_IIte, _ISeq, _ICat>&,
 774:c:\program files\daisytoolchain\arm-none-eabi\include\c++\10.2.1\bits\stl_algobase.h **** 		const ::__gnu_debug::_Safe_iterator<_OIte, _OSeq, _OCat>&);
 775:c:\program files\daisytoolchain\arm-none-eabi\include\c++\10.2.1\bits\stl_algobase.h **** 
 776:c:\program files\daisytoolchain\arm-none-eabi\include\c++\10.2.1\bits\stl_algobase.h ****   /**
ARM GAS  C:\Users\22bur\AppData\Local\Temp\ccfIx2UX.s 			page 82


 777:c:\program files\daisytoolchain\arm-none-eabi\include\c++\10.2.1\bits\stl_algobase.h ****    *  @brief Copies the range [first,last) into result.
 778:c:\program files\daisytoolchain\arm-none-eabi\include\c++\10.2.1\bits\stl_algobase.h ****    *  @ingroup mutating_algorithms
 779:c:\program files\daisytoolchain\arm-none-eabi\include\c++\10.2.1\bits\stl_algobase.h ****    *  @param  __first  A bidirectional iterator.
 780:c:\program files\daisytoolchain\arm-none-eabi\include\c++\10.2.1\bits\stl_algobase.h ****    *  @param  __last   A bidirectional iterator.
 781:c:\program files\daisytoolchain\arm-none-eabi\include\c++\10.2.1\bits\stl_algobase.h ****    *  @param  __result A bidirectional iterator.
 782:c:\program files\daisytoolchain\arm-none-eabi\include\c++\10.2.1\bits\stl_algobase.h ****    *  @return   result - (last - first)
 783:c:\program files\daisytoolchain\arm-none-eabi\include\c++\10.2.1\bits\stl_algobase.h ****    *
 784:c:\program files\daisytoolchain\arm-none-eabi\include\c++\10.2.1\bits\stl_algobase.h ****    *  The function has the same effect as copy, but starts at the end of the
 785:c:\program files\daisytoolchain\arm-none-eabi\include\c++\10.2.1\bits\stl_algobase.h ****    *  range and works its way to the start, returning the start of the result.
 786:c:\program files\daisytoolchain\arm-none-eabi\include\c++\10.2.1\bits\stl_algobase.h ****    *  This inline function will boil down to a call to @c memmove whenever
 787:c:\program files\daisytoolchain\arm-none-eabi\include\c++\10.2.1\bits\stl_algobase.h ****    *  possible.  Failing that, if random access iterators are passed, then the
 788:c:\program files\daisytoolchain\arm-none-eabi\include\c++\10.2.1\bits\stl_algobase.h ****    *  loop count will be known (and therefore a candidate for compiler
 789:c:\program files\daisytoolchain\arm-none-eabi\include\c++\10.2.1\bits\stl_algobase.h ****    *  optimizations such as unrolling).
 790:c:\program files\daisytoolchain\arm-none-eabi\include\c++\10.2.1\bits\stl_algobase.h ****    *
 791:c:\program files\daisytoolchain\arm-none-eabi\include\c++\10.2.1\bits\stl_algobase.h ****    *  Result may not be in the range (first,last].  Use copy instead.  Note
 792:c:\program files\daisytoolchain\arm-none-eabi\include\c++\10.2.1\bits\stl_algobase.h ****    *  that the start of the output range may overlap [first,last).
 793:c:\program files\daisytoolchain\arm-none-eabi\include\c++\10.2.1\bits\stl_algobase.h ****   */
 794:c:\program files\daisytoolchain\arm-none-eabi\include\c++\10.2.1\bits\stl_algobase.h ****   template<typename _BI1, typename _BI2>
 795:c:\program files\daisytoolchain\arm-none-eabi\include\c++\10.2.1\bits\stl_algobase.h ****     _GLIBCXX20_CONSTEXPR
 796:c:\program files\daisytoolchain\arm-none-eabi\include\c++\10.2.1\bits\stl_algobase.h ****     inline _BI2
 797:c:\program files\daisytoolchain\arm-none-eabi\include\c++\10.2.1\bits\stl_algobase.h ****     copy_backward(_BI1 __first, _BI1 __last, _BI2 __result)
 798:c:\program files\daisytoolchain\arm-none-eabi\include\c++\10.2.1\bits\stl_algobase.h ****     {
 799:c:\program files\daisytoolchain\arm-none-eabi\include\c++\10.2.1\bits\stl_algobase.h ****       // concept requirements
 800:c:\program files\daisytoolchain\arm-none-eabi\include\c++\10.2.1\bits\stl_algobase.h ****       __glibcxx_function_requires(_BidirectionalIteratorConcept<_BI1>)
 801:c:\program files\daisytoolchain\arm-none-eabi\include\c++\10.2.1\bits\stl_algobase.h ****       __glibcxx_function_requires(_Mutable_BidirectionalIteratorConcept<_BI2>)
 802:c:\program files\daisytoolchain\arm-none-eabi\include\c++\10.2.1\bits\stl_algobase.h ****       __glibcxx_function_requires(_ConvertibleConcept<
 803:c:\program files\daisytoolchain\arm-none-eabi\include\c++\10.2.1\bits\stl_algobase.h **** 	    typename iterator_traits<_BI1>::value_type,
 804:c:\program files\daisytoolchain\arm-none-eabi\include\c++\10.2.1\bits\stl_algobase.h **** 	    typename iterator_traits<_BI2>::value_type>)
 805:c:\program files\daisytoolchain\arm-none-eabi\include\c++\10.2.1\bits\stl_algobase.h ****       __glibcxx_requires_can_decrement_range(__first, __last, __result);
 806:c:\program files\daisytoolchain\arm-none-eabi\include\c++\10.2.1\bits\stl_algobase.h **** 
 807:c:\program files\daisytoolchain\arm-none-eabi\include\c++\10.2.1\bits\stl_algobase.h ****       return std::__copy_move_backward_a<__is_move_iterator<_BI1>::__value>
 808:c:\program files\daisytoolchain\arm-none-eabi\include\c++\10.2.1\bits\stl_algobase.h **** 	     (std::__miter_base(__first), std::__miter_base(__last), __result);
 809:c:\program files\daisytoolchain\arm-none-eabi\include\c++\10.2.1\bits\stl_algobase.h ****     }
 810:c:\program files\daisytoolchain\arm-none-eabi\include\c++\10.2.1\bits\stl_algobase.h **** 
 811:c:\program files\daisytoolchain\arm-none-eabi\include\c++\10.2.1\bits\stl_algobase.h **** #if __cplusplus >= 201103L
 812:c:\program files\daisytoolchain\arm-none-eabi\include\c++\10.2.1\bits\stl_algobase.h ****   /**
 813:c:\program files\daisytoolchain\arm-none-eabi\include\c++\10.2.1\bits\stl_algobase.h ****    *  @brief Moves the range [first,last) into result.
 814:c:\program files\daisytoolchain\arm-none-eabi\include\c++\10.2.1\bits\stl_algobase.h ****    *  @ingroup mutating_algorithms
 815:c:\program files\daisytoolchain\arm-none-eabi\include\c++\10.2.1\bits\stl_algobase.h ****    *  @param  __first  A bidirectional iterator.
 816:c:\program files\daisytoolchain\arm-none-eabi\include\c++\10.2.1\bits\stl_algobase.h ****    *  @param  __last   A bidirectional iterator.
 817:c:\program files\daisytoolchain\arm-none-eabi\include\c++\10.2.1\bits\stl_algobase.h ****    *  @param  __result A bidirectional iterator.
 818:c:\program files\daisytoolchain\arm-none-eabi\include\c++\10.2.1\bits\stl_algobase.h ****    *  @return   result - (last - first)
 819:c:\program files\daisytoolchain\arm-none-eabi\include\c++\10.2.1\bits\stl_algobase.h ****    *
 820:c:\program files\daisytoolchain\arm-none-eabi\include\c++\10.2.1\bits\stl_algobase.h ****    *  The function has the same effect as move, but starts at the end of the
 821:c:\program files\daisytoolchain\arm-none-eabi\include\c++\10.2.1\bits\stl_algobase.h ****    *  range and works its way to the start, returning the start of the result.
 822:c:\program files\daisytoolchain\arm-none-eabi\include\c++\10.2.1\bits\stl_algobase.h ****    *  This inline function will boil down to a call to @c memmove whenever
 823:c:\program files\daisytoolchain\arm-none-eabi\include\c++\10.2.1\bits\stl_algobase.h ****    *  possible.  Failing that, if random access iterators are passed, then the
 824:c:\program files\daisytoolchain\arm-none-eabi\include\c++\10.2.1\bits\stl_algobase.h ****    *  loop count will be known (and therefore a candidate for compiler
 825:c:\program files\daisytoolchain\arm-none-eabi\include\c++\10.2.1\bits\stl_algobase.h ****    *  optimizations such as unrolling).
 826:c:\program files\daisytoolchain\arm-none-eabi\include\c++\10.2.1\bits\stl_algobase.h ****    *
 827:c:\program files\daisytoolchain\arm-none-eabi\include\c++\10.2.1\bits\stl_algobase.h ****    *  Result may not be in the range (first,last].  Use move instead.  Note
 828:c:\program files\daisytoolchain\arm-none-eabi\include\c++\10.2.1\bits\stl_algobase.h ****    *  that the start of the output range may overlap [first,last).
 829:c:\program files\daisytoolchain\arm-none-eabi\include\c++\10.2.1\bits\stl_algobase.h ****   */
 830:c:\program files\daisytoolchain\arm-none-eabi\include\c++\10.2.1\bits\stl_algobase.h ****   template<typename _BI1, typename _BI2>
 831:c:\program files\daisytoolchain\arm-none-eabi\include\c++\10.2.1\bits\stl_algobase.h ****     _GLIBCXX20_CONSTEXPR
 832:c:\program files\daisytoolchain\arm-none-eabi\include\c++\10.2.1\bits\stl_algobase.h ****     inline _BI2
 833:c:\program files\daisytoolchain\arm-none-eabi\include\c++\10.2.1\bits\stl_algobase.h ****     move_backward(_BI1 __first, _BI1 __last, _BI2 __result)
ARM GAS  C:\Users\22bur\AppData\Local\Temp\ccfIx2UX.s 			page 83


 834:c:\program files\daisytoolchain\arm-none-eabi\include\c++\10.2.1\bits\stl_algobase.h ****     {
 835:c:\program files\daisytoolchain\arm-none-eabi\include\c++\10.2.1\bits\stl_algobase.h ****       // concept requirements
 836:c:\program files\daisytoolchain\arm-none-eabi\include\c++\10.2.1\bits\stl_algobase.h ****       __glibcxx_function_requires(_BidirectionalIteratorConcept<_BI1>)
 837:c:\program files\daisytoolchain\arm-none-eabi\include\c++\10.2.1\bits\stl_algobase.h ****       __glibcxx_function_requires(_Mutable_BidirectionalIteratorConcept<_BI2>)
 838:c:\program files\daisytoolchain\arm-none-eabi\include\c++\10.2.1\bits\stl_algobase.h ****       __glibcxx_function_requires(_ConvertibleConcept<
 839:c:\program files\daisytoolchain\arm-none-eabi\include\c++\10.2.1\bits\stl_algobase.h **** 	    typename iterator_traits<_BI1>::value_type,
 840:c:\program files\daisytoolchain\arm-none-eabi\include\c++\10.2.1\bits\stl_algobase.h **** 	    typename iterator_traits<_BI2>::value_type>)
 841:c:\program files\daisytoolchain\arm-none-eabi\include\c++\10.2.1\bits\stl_algobase.h ****       __glibcxx_requires_can_decrement_range(__first, __last, __result);
 842:c:\program files\daisytoolchain\arm-none-eabi\include\c++\10.2.1\bits\stl_algobase.h **** 
 843:c:\program files\daisytoolchain\arm-none-eabi\include\c++\10.2.1\bits\stl_algobase.h ****       return std::__copy_move_backward_a<true>(std::__miter_base(__first),
 844:c:\program files\daisytoolchain\arm-none-eabi\include\c++\10.2.1\bits\stl_algobase.h **** 					       std::__miter_base(__last),
 845:c:\program files\daisytoolchain\arm-none-eabi\include\c++\10.2.1\bits\stl_algobase.h **** 					       __result);
 846:c:\program files\daisytoolchain\arm-none-eabi\include\c++\10.2.1\bits\stl_algobase.h ****     }
 847:c:\program files\daisytoolchain\arm-none-eabi\include\c++\10.2.1\bits\stl_algobase.h **** 
 848:c:\program files\daisytoolchain\arm-none-eabi\include\c++\10.2.1\bits\stl_algobase.h **** #define _GLIBCXX_MOVE_BACKWARD3(_Tp, _Up, _Vp) std::move_backward(_Tp, _Up, _Vp)
 849:c:\program files\daisytoolchain\arm-none-eabi\include\c++\10.2.1\bits\stl_algobase.h **** #else
 850:c:\program files\daisytoolchain\arm-none-eabi\include\c++\10.2.1\bits\stl_algobase.h **** #define _GLIBCXX_MOVE_BACKWARD3(_Tp, _Up, _Vp) std::copy_backward(_Tp, _Up, _Vp)
 851:c:\program files\daisytoolchain\arm-none-eabi\include\c++\10.2.1\bits\stl_algobase.h **** #endif
 852:c:\program files\daisytoolchain\arm-none-eabi\include\c++\10.2.1\bits\stl_algobase.h **** 
 853:c:\program files\daisytoolchain\arm-none-eabi\include\c++\10.2.1\bits\stl_algobase.h ****   template<typename _ForwardIterator, typename _Tp>
 854:c:\program files\daisytoolchain\arm-none-eabi\include\c++\10.2.1\bits\stl_algobase.h ****     _GLIBCXX20_CONSTEXPR
 855:c:\program files\daisytoolchain\arm-none-eabi\include\c++\10.2.1\bits\stl_algobase.h ****     inline typename
 856:c:\program files\daisytoolchain\arm-none-eabi\include\c++\10.2.1\bits\stl_algobase.h ****     __gnu_cxx::__enable_if<!__is_scalar<_Tp>::__value, void>::__type
 857:c:\program files\daisytoolchain\arm-none-eabi\include\c++\10.2.1\bits\stl_algobase.h ****     __fill_a1(_ForwardIterator __first, _ForwardIterator __last,
 858:c:\program files\daisytoolchain\arm-none-eabi\include\c++\10.2.1\bits\stl_algobase.h **** 	      const _Tp& __value)
 859:c:\program files\daisytoolchain\arm-none-eabi\include\c++\10.2.1\bits\stl_algobase.h ****     {
 860:c:\program files\daisytoolchain\arm-none-eabi\include\c++\10.2.1\bits\stl_algobase.h ****       for (; __first != __last; ++__first)
 861:c:\program files\daisytoolchain\arm-none-eabi\include\c++\10.2.1\bits\stl_algobase.h **** 	*__first = __value;
 862:c:\program files\daisytoolchain\arm-none-eabi\include\c++\10.2.1\bits\stl_algobase.h ****     }
 863:c:\program files\daisytoolchain\arm-none-eabi\include\c++\10.2.1\bits\stl_algobase.h **** 
 864:c:\program files\daisytoolchain\arm-none-eabi\include\c++\10.2.1\bits\stl_algobase.h ****   template<typename _ForwardIterator, typename _Tp>
 865:c:\program files\daisytoolchain\arm-none-eabi\include\c++\10.2.1\bits\stl_algobase.h ****     _GLIBCXX20_CONSTEXPR
 866:c:\program files\daisytoolchain\arm-none-eabi\include\c++\10.2.1\bits\stl_algobase.h ****     inline typename
 867:c:\program files\daisytoolchain\arm-none-eabi\include\c++\10.2.1\bits\stl_algobase.h ****     __gnu_cxx::__enable_if<__is_scalar<_Tp>::__value, void>::__type
 868:c:\program files\daisytoolchain\arm-none-eabi\include\c++\10.2.1\bits\stl_algobase.h ****     __fill_a1(_ForwardIterator __first, _ForwardIterator __last,
 869:c:\program files\daisytoolchain\arm-none-eabi\include\c++\10.2.1\bits\stl_algobase.h **** 	      const _Tp& __value)
 870:c:\program files\daisytoolchain\arm-none-eabi\include\c++\10.2.1\bits\stl_algobase.h ****     {
 871:c:\program files\daisytoolchain\arm-none-eabi\include\c++\10.2.1\bits\stl_algobase.h ****       const _Tp __tmp = __value;
 872:c:\program files\daisytoolchain\arm-none-eabi\include\c++\10.2.1\bits\stl_algobase.h ****       for (; __first != __last; ++__first)
 873:c:\program files\daisytoolchain\arm-none-eabi\include\c++\10.2.1\bits\stl_algobase.h **** 	*__first = __tmp;
 874:c:\program files\daisytoolchain\arm-none-eabi\include\c++\10.2.1\bits\stl_algobase.h ****     }
 875:c:\program files\daisytoolchain\arm-none-eabi\include\c++\10.2.1\bits\stl_algobase.h **** 
 876:c:\program files\daisytoolchain\arm-none-eabi\include\c++\10.2.1\bits\stl_algobase.h ****   // Specialization: for char types we can use memset.
 877:c:\program files\daisytoolchain\arm-none-eabi\include\c++\10.2.1\bits\stl_algobase.h ****   template<typename _Tp>
 878:c:\program files\daisytoolchain\arm-none-eabi\include\c++\10.2.1\bits\stl_algobase.h ****     _GLIBCXX20_CONSTEXPR
 879:c:\program files\daisytoolchain\arm-none-eabi\include\c++\10.2.1\bits\stl_algobase.h ****     inline typename
 880:c:\program files\daisytoolchain\arm-none-eabi\include\c++\10.2.1\bits\stl_algobase.h ****     __gnu_cxx::__enable_if<__is_byte<_Tp>::__value, void>::__type
 881:c:\program files\daisytoolchain\arm-none-eabi\include\c++\10.2.1\bits\stl_algobase.h ****     __fill_a1(_Tp* __first, _Tp* __last, const _Tp& __c)
 882:c:\program files\daisytoolchain\arm-none-eabi\include\c++\10.2.1\bits\stl_algobase.h ****     {
 883:c:\program files\daisytoolchain\arm-none-eabi\include\c++\10.2.1\bits\stl_algobase.h ****       const _Tp __tmp = __c;
 884:c:\program files\daisytoolchain\arm-none-eabi\include\c++\10.2.1\bits\stl_algobase.h **** #if __cpp_lib_is_constant_evaluated
 885:c:\program files\daisytoolchain\arm-none-eabi\include\c++\10.2.1\bits\stl_algobase.h ****       if (std::is_constant_evaluated())
 886:c:\program files\daisytoolchain\arm-none-eabi\include\c++\10.2.1\bits\stl_algobase.h **** 	{
 887:c:\program files\daisytoolchain\arm-none-eabi\include\c++\10.2.1\bits\stl_algobase.h **** 	  for (; __first != __last; ++__first)
 888:c:\program files\daisytoolchain\arm-none-eabi\include\c++\10.2.1\bits\stl_algobase.h **** 	    *__first = __tmp;
 889:c:\program files\daisytoolchain\arm-none-eabi\include\c++\10.2.1\bits\stl_algobase.h **** 	  return;
 890:c:\program files\daisytoolchain\arm-none-eabi\include\c++\10.2.1\bits\stl_algobase.h **** 	}
ARM GAS  C:\Users\22bur\AppData\Local\Temp\ccfIx2UX.s 			page 84


 891:c:\program files\daisytoolchain\arm-none-eabi\include\c++\10.2.1\bits\stl_algobase.h **** #endif
 892:c:\program files\daisytoolchain\arm-none-eabi\include\c++\10.2.1\bits\stl_algobase.h ****       if (const size_t __len = __last - __first)
 893:c:\program files\daisytoolchain\arm-none-eabi\include\c++\10.2.1\bits\stl_algobase.h **** 	__builtin_memset(__first, static_cast<unsigned char>(__tmp), __len);
 894:c:\program files\daisytoolchain\arm-none-eabi\include\c++\10.2.1\bits\stl_algobase.h ****     }
 895:c:\program files\daisytoolchain\arm-none-eabi\include\c++\10.2.1\bits\stl_algobase.h **** 
 896:c:\program files\daisytoolchain\arm-none-eabi\include\c++\10.2.1\bits\stl_algobase.h ****   template<typename _Ite, typename _Cont, typename _Tp>
 897:c:\program files\daisytoolchain\arm-none-eabi\include\c++\10.2.1\bits\stl_algobase.h ****     _GLIBCXX20_CONSTEXPR
 898:c:\program files\daisytoolchain\arm-none-eabi\include\c++\10.2.1\bits\stl_algobase.h ****     inline void
 899:c:\program files\daisytoolchain\arm-none-eabi\include\c++\10.2.1\bits\stl_algobase.h ****     __fill_a1(::__gnu_cxx::__normal_iterator<_Ite, _Cont> __first,
 900:c:\program files\daisytoolchain\arm-none-eabi\include\c++\10.2.1\bits\stl_algobase.h **** 	      ::__gnu_cxx::__normal_iterator<_Ite, _Cont> __last,
 901:c:\program files\daisytoolchain\arm-none-eabi\include\c++\10.2.1\bits\stl_algobase.h **** 	      const _Tp& __value)
 902:c:\program files\daisytoolchain\arm-none-eabi\include\c++\10.2.1\bits\stl_algobase.h ****     { std::__fill_a1(__first.base(), __last.base(), __value); }
 903:c:\program files\daisytoolchain\arm-none-eabi\include\c++\10.2.1\bits\stl_algobase.h **** 
 904:c:\program files\daisytoolchain\arm-none-eabi\include\c++\10.2.1\bits\stl_algobase.h ****   template<typename _Tp, typename _VTp>
 905:c:\program files\daisytoolchain\arm-none-eabi\include\c++\10.2.1\bits\stl_algobase.h ****     void
 906:c:\program files\daisytoolchain\arm-none-eabi\include\c++\10.2.1\bits\stl_algobase.h ****     __fill_a1(const _GLIBCXX_STD_C::_Deque_iterator<_Tp, _Tp&, _Tp*>&,
 907:c:\program files\daisytoolchain\arm-none-eabi\include\c++\10.2.1\bits\stl_algobase.h **** 	      const _GLIBCXX_STD_C::_Deque_iterator<_Tp, _Tp&, _Tp*>&,
 908:c:\program files\daisytoolchain\arm-none-eabi\include\c++\10.2.1\bits\stl_algobase.h **** 	      const _VTp&);
 909:c:\program files\daisytoolchain\arm-none-eabi\include\c++\10.2.1\bits\stl_algobase.h **** 
 910:c:\program files\daisytoolchain\arm-none-eabi\include\c++\10.2.1\bits\stl_algobase.h ****   template<typename _FIte, typename _Tp>
 911:c:\program files\daisytoolchain\arm-none-eabi\include\c++\10.2.1\bits\stl_algobase.h ****     _GLIBCXX20_CONSTEXPR
 912:c:\program files\daisytoolchain\arm-none-eabi\include\c++\10.2.1\bits\stl_algobase.h ****     inline void
 913:c:\program files\daisytoolchain\arm-none-eabi\include\c++\10.2.1\bits\stl_algobase.h ****     __fill_a(_FIte __first, _FIte __last, const _Tp& __value)
 914:c:\program files\daisytoolchain\arm-none-eabi\include\c++\10.2.1\bits\stl_algobase.h ****     { std::__fill_a1(__first, __last, __value); }
 915:c:\program files\daisytoolchain\arm-none-eabi\include\c++\10.2.1\bits\stl_algobase.h **** 
 916:c:\program files\daisytoolchain\arm-none-eabi\include\c++\10.2.1\bits\stl_algobase.h ****   template<typename _Ite, typename _Seq, typename _Cat, typename _Tp>
 917:c:\program files\daisytoolchain\arm-none-eabi\include\c++\10.2.1\bits\stl_algobase.h ****     void
 918:c:\program files\daisytoolchain\arm-none-eabi\include\c++\10.2.1\bits\stl_algobase.h ****     __fill_a(const ::__gnu_debug::_Safe_iterator<_Ite, _Seq, _Cat>&,
 919:c:\program files\daisytoolchain\arm-none-eabi\include\c++\10.2.1\bits\stl_algobase.h **** 	     const ::__gnu_debug::_Safe_iterator<_Ite, _Seq, _Cat>&,
 920:c:\program files\daisytoolchain\arm-none-eabi\include\c++\10.2.1\bits\stl_algobase.h **** 	     const _Tp&);
 921:c:\program files\daisytoolchain\arm-none-eabi\include\c++\10.2.1\bits\stl_algobase.h **** 
 922:c:\program files\daisytoolchain\arm-none-eabi\include\c++\10.2.1\bits\stl_algobase.h ****   /**
 923:c:\program files\daisytoolchain\arm-none-eabi\include\c++\10.2.1\bits\stl_algobase.h ****    *  @brief Fills the range [first,last) with copies of value.
 924:c:\program files\daisytoolchain\arm-none-eabi\include\c++\10.2.1\bits\stl_algobase.h ****    *  @ingroup mutating_algorithms
 925:c:\program files\daisytoolchain\arm-none-eabi\include\c++\10.2.1\bits\stl_algobase.h ****    *  @param  __first  A forward iterator.
 926:c:\program files\daisytoolchain\arm-none-eabi\include\c++\10.2.1\bits\stl_algobase.h ****    *  @param  __last   A forward iterator.
 927:c:\program files\daisytoolchain\arm-none-eabi\include\c++\10.2.1\bits\stl_algobase.h ****    *  @param  __value  A reference-to-const of arbitrary type.
 928:c:\program files\daisytoolchain\arm-none-eabi\include\c++\10.2.1\bits\stl_algobase.h ****    *  @return   Nothing.
 929:c:\program files\daisytoolchain\arm-none-eabi\include\c++\10.2.1\bits\stl_algobase.h ****    *
 930:c:\program files\daisytoolchain\arm-none-eabi\include\c++\10.2.1\bits\stl_algobase.h ****    *  This function fills a range with copies of the same value.  For char
 931:c:\program files\daisytoolchain\arm-none-eabi\include\c++\10.2.1\bits\stl_algobase.h ****    *  types filling contiguous areas of memory, this becomes an inline call
 932:c:\program files\daisytoolchain\arm-none-eabi\include\c++\10.2.1\bits\stl_algobase.h ****    *  to @c memset or @c wmemset.
 933:c:\program files\daisytoolchain\arm-none-eabi\include\c++\10.2.1\bits\stl_algobase.h ****   */
 934:c:\program files\daisytoolchain\arm-none-eabi\include\c++\10.2.1\bits\stl_algobase.h ****   template<typename _ForwardIterator, typename _Tp>
 935:c:\program files\daisytoolchain\arm-none-eabi\include\c++\10.2.1\bits\stl_algobase.h ****     _GLIBCXX20_CONSTEXPR
 936:c:\program files\daisytoolchain\arm-none-eabi\include\c++\10.2.1\bits\stl_algobase.h ****     inline void
 937:c:\program files\daisytoolchain\arm-none-eabi\include\c++\10.2.1\bits\stl_algobase.h ****     fill(_ForwardIterator __first, _ForwardIterator __last, const _Tp& __value)
 1744              		.loc 14 937 5 view .LVU458
 1745              	.LBB577:
 1746              	.LBI577:
 913:c:\program files\daisytoolchain\arm-none-eabi\include\c++\10.2.1\bits\stl_algobase.h ****     { std::__fill_a1(__first, __last, __value); }
 1747              		.loc 14 913 5 view .LVU459
 1748              	.LBB578:
 1749              	.LBI578:
 868:c:\program files\daisytoolchain\arm-none-eabi\include\c++\10.2.1\bits\stl_algobase.h **** 	      const _Tp& __value)
 1750              		.loc 14 868 5 view .LVU460
 1751              	.LBB579:
ARM GAS  C:\Users\22bur\AppData\Local\Temp\ccfIx2UX.s 			page 85


 872:c:\program files\daisytoolchain\arm-none-eabi\include\c++\10.2.1\bits\stl_algobase.h **** 	*__first = __tmp;
 1752              		.loc 14 872 22 view .LVU461
 1753 017c 12B1     		cbz	r2, .L93
 873:c:\program files\daisytoolchain\arm-none-eabi\include\c++\10.2.1\bits\stl_algobase.h ****     }
 1754              		.loc 14 873 11 is_stmt 0 view .LVU462
 1755 017e 3946     		mov	r1, r7
 1756 0180 FFF7FEFF 		bl	memset
 1757              	.LVL101:
 1758              	.L93:
 873:c:\program files\daisytoolchain\arm-none-eabi\include\c++\10.2.1\bits\stl_algobase.h ****     }
 1759              		.loc 14 873 11 view .LVU463
 1760              	.LBE579:
 1761              	.LBE578:
 1762              	.LBE577:
 1763              	.LBE576:
  84:../DaisyExamples/libDaisy/src/hid/midi.h ****     }
 1764              		.loc 11 84 9 is_stmt 1 view .LVU464
 1765              	.LBE582:
 1766              	.LBE586:
 1767              	.LBB587:
 1768              	.LBB588:
  20:../DaisyExamples/libDaisy/src/hid/midi_parser.h **** 
  21:../DaisyExamples/libDaisy/src/hid/midi_parser.h ****     inline void Init() { Reset(); }
 1769              		.loc 12 21 31 is_stmt 0 view .LVU465
 1770 0184 B14E     		ldr	r6, .L217+20
 1771              	.LVL102:
 1772              		.loc 12 21 31 view .LVU466
 1773              	.LBE588:
 1774              	.LBE587:
 1775              	.LBB590:
 1776              	.LBB583:
  84:../DaisyExamples/libDaisy/src/hid/midi.h ****     }
 1777              		.loc 11 84 19 view .LVU467
 1778 0186 2AA9     		add	r1, sp, #168
 1779 0188 B048     		ldr	r0, .L217+20
 1780              	.LBE583:
 1781              	.LBE590:
 1782              	.LBE593:
 1783              	.LBE560:
 159:main.cpp      ****     adc_config[0].InitSingle(A0); // volume     // 15
 1784              		.loc 10 159 29 view .LVU468
 1785 018a 0224     		movs	r4, #2
 1786              	.LBB595:
 1787              	.LBB594:
 1788              	.LBB591:
 1789              	.LBB584:
  84:../DaisyExamples/libDaisy/src/hid/midi.h ****     }
 1790              		.loc 11 84 19 view .LVU469
 1791 018c FFF7FEFF 		bl	_ZN5daisy11UartHandler4InitERKNS0_6ConfigE
 1792              	.LVL103:
  84:../DaisyExamples/libDaisy/src/hid/midi.h ****     }
 1793              		.loc 11 84 19 view .LVU470
 1794              	.LBE584:
 1795              	.LBE591:
 1796              	.LBB592:
 1797              	.LBI587:
 1798              		.loc 12 21 17 is_stmt 1 view .LVU471
ARM GAS  C:\Users\22bur\AppData\Local\Temp\ccfIx2UX.s 			page 86


 1799              	.LBB589:
 1800              		.loc 12 21 26 view .LVU472
 1801              		.loc 12 21 31 is_stmt 0 view .LVU473
 1802 0190 06F11400 		add	r0, r6, #20
 1803 0194 FFF7FEFF 		bl	_ZN5daisy10MidiParser5ResetEv
 1804              	.LVL104:
 1805              		.loc 12 21 31 view .LVU474
 1806              	.LBE589:
 1807              	.LBE592:
 1808              	.LBE594:
 1809              	.LBE595:
 152:main.cpp      ****     midi.StartReceive();
 1810              		.loc 10 152 5 is_stmt 1 view .LVU475
 1811              	.LBB596:
 1812              	.LBI596:
 175:../DaisyExamples/libDaisy/src/hid/midi.h ****     {
 1813              		.loc 11 175 10 view .LVU476
 1814              	.LBB597:
 1815              	.LBB598:
 1816              	.LBI598:
  89:../DaisyExamples/libDaisy/src/hid/midi.h ****     {
 1817              		.loc 11 89 17 view .LVU477
 1818              	.LBB599:
  91:../DaisyExamples/libDaisy/src/hid/midi.h ****         parse_callback_ = parse_callback;
 1819              		.loc 11 91 9 view .LVU478
  92:../DaisyExamples/libDaisy/src/hid/midi.h ****         dsy_dma_clear_cache_for_buffer((uint8_t*)this,
 1820              		.loc 11 92 25 is_stmt 0 view .LVU479
 1821 0198 AD4B     		ldr	r3, .L217+24
  93:../DaisyExamples/libDaisy/src/hid/midi.h ****                                        sizeof(MidiUartTransport));
 1822              		.loc 11 93 39 view .LVU480
 1823 019a 3046     		mov	r0, r6
 1824 019c 1421     		movs	r1, #20
  92:../DaisyExamples/libDaisy/src/hid/midi.h ****         dsy_dma_clear_cache_for_buffer((uint8_t*)this,
 1825              		.loc 11 92 25 view .LVU481
 1826 019e 2B62     		str	r3, [r5, #32]
 1827              	.LBE599:
 1828              	.LBE598:
 1829              	.LBE597:
 1830              	.LBE596:
 160:main.cpp      ****     adc_config[1].InitSingle(A1); // wt index   // 16
 1831              		.loc 10 160 29 view .LVU482
 1832 01a0 4FF0030A 		mov	r10, #3
 1833              	.LBB609:
 1834              	.LBB606:
 1835              	.LBB603:
 1836              	.LBB600:
  91:../DaisyExamples/libDaisy/src/hid/midi.h ****         parse_callback_ = parse_callback;
 1837              		.loc 11 91 25 view .LVU483
 1838 01a4 ED61     		str	r5, [r5, #28]
  92:../DaisyExamples/libDaisy/src/hid/midi.h ****         dsy_dma_clear_cache_for_buffer((uint8_t*)this,
 1839              		.loc 11 92 9 is_stmt 1 view .LVU484
  93:../DaisyExamples/libDaisy/src/hid/midi.h ****                                        sizeof(MidiUartTransport));
 1840              		.loc 11 93 9 view .LVU485
 1841              	.LBE600:
 1842              	.LBE603:
 1843              	.LBE606:
 1844              	.LBE609:
ARM GAS  C:\Users\22bur\AppData\Local\Temp\ccfIx2UX.s 			page 87


 161:main.cpp      ****     adc_config[2].InitSingle(A2); // a          // 17
 1845              		.loc 10 161 29 is_stmt 0 view .LVU486
 1846 01a6 0127     		movs	r7, #1
 1847              	.LBB610:
 1848              	.LBB607:
 1849              	.LBB604:
 1850              	.LBB601:
  93:../DaisyExamples/libDaisy/src/hid/midi.h ****                                        sizeof(MidiUartTransport));
 1851              		.loc 11 93 39 view .LVU487
 1852 01a8 FFF7FEFF 		bl	dsy_dma_clear_cache_for_buffer
 1853              	.LVL105:
  95:../DaisyExamples/libDaisy/src/hid/midi.h ****             rx_buffer, rx_buffer_size, MidiUartTransport::rxCallback, this);
 1854              		.loc 11 95 9 is_stmt 1 view .LVU488
  95:../DaisyExamples/libDaisy/src/hid/midi.h ****             rx_buffer, rx_buffer_size, MidiUartTransport::rxCallback, this);
 1855              		.loc 11 95 29 is_stmt 0 view .LVU489
 1856 01ac A94B     		ldr	r3, .L217+28
 1857 01ae 0096     		str	r6, [sp]
 1858 01b0 3046     		mov	r0, r6
 1859              	.LBE601:
 1860              	.LBE604:
 1861              	.LBE607:
 1862              	.LBE610:
 159:main.cpp      ****     adc_config[0].InitSingle(A0); // volume     // 15
 1863              		.loc 10 159 29 view .LVU490
 1864 01b2 0026     		movs	r6, #0
 1865              	.LVL106:
 162:main.cpp      ****     adc_config[3].InitSingle(A3); // d          // 18
 1866              		.loc 10 162 29 view .LVU491
 1867 01b4 4FF00709 		mov	r9, #7
 163:main.cpp      ****     adc_config[4].InitSingle(A4); // s          // 19
 1868              		.loc 10 163 29 view .LVU492
 1869 01b8 4FF00608 		mov	r8, #6
 1870              	.LBB611:
 1871              	.LBB608:
 1872              	.LBB605:
 1873              	.LBB602:
  95:../DaisyExamples/libDaisy/src/hid/midi.h ****             rx_buffer, rx_buffer_size, MidiUartTransport::rxCallback, this);
 1874              		.loc 11 95 29 view .LVU493
 1875 01bc D5E90512 		ldrd	r1, r2, [r5, #20]
 1876 01c0 FFF7FEFF 		bl	_ZN5daisy11UartHandler14DmaListenStartEPhjPFvS1_jPvNS0_6ResultEES2_
 1877              	.LVL107:
  95:../DaisyExamples/libDaisy/src/hid/midi.h ****             rx_buffer, rx_buffer_size, MidiUartTransport::rxCallback, this);
 1878              		.loc 11 95 29 view .LVU494
 1879              	.LBE602:
 1880              	.LBE605:
 1881              	.LBE608:
 1882              	.LBE611:
 158:main.cpp      ****     AdcChannelConfig adc_config[6];
 1883              		.loc 10 158 5 is_stmt 1 view .LVU495
 159:main.cpp      ****     adc_config[0].InitSingle(A0); // volume     // 15
 1884              		.loc 10 159 5 view .LVU496
 159:main.cpp      ****     adc_config[0].InitSingle(A0); // volume     // 15
 1885              		.loc 10 159 29 is_stmt 0 view .LVU497
 1886 01c4 2246     		mov	r2, r4
 1887 01c6 8DF81440 		strb	r4, [sp, #20]
 1888 01ca 2AA8     		add	r0, sp, #168
 1889 01cc 8DF81560 		strb	r6, [sp, #21]
ARM GAS  C:\Users\22bur\AppData\Local\Temp\ccfIx2UX.s 			page 88


 1890 01d0 05AB     		add	r3, sp, #20
 1891 01d2 1968     		ldr	r1, [r3]
 1892 01d4 FFF7FEFF 		bl	_ZN5daisy16AdcChannelConfig10InitSingleE12dsy_gpio_pinNS0_15ConversionSpeedE
 1893              	.LVL108:
 160:main.cpp      ****     adc_config[1].InitSingle(A1); // wt index   // 16
 1894              		.loc 10 160 5 is_stmt 1 view .LVU498
 160:main.cpp      ****     adc_config[1].InitSingle(A1); // wt index   // 16
 1895              		.loc 10 160 29 is_stmt 0 view .LVU499
 1896 01d8 2246     		mov	r2, r4
 1897 01da 8DF81860 		strb	r6, [sp, #24]
 1898 01de 0DF1BA00 		add	r0, sp, #186
 1899 01e2 8DF819A0 		strb	r10, [sp, #25]
 1900 01e6 06AB     		add	r3, sp, #24
 1901 01e8 1968     		ldr	r1, [r3]
 1902 01ea FFF7FEFF 		bl	_ZN5daisy16AdcChannelConfig10InitSingleE12dsy_gpio_pinNS0_15ConversionSpeedE
 1903              	.LVL109:
 161:main.cpp      ****     adc_config[2].InitSingle(A2); // a          // 17
 1904              		.loc 10 161 5 is_stmt 1 view .LVU500
 161:main.cpp      ****     adc_config[2].InitSingle(A2); // a          // 17
 1905              		.loc 10 161 29 is_stmt 0 view .LVU501
 1906 01ee 2246     		mov	r2, r4
 1907 01f0 8DF81C70 		strb	r7, [sp, #28]
 1908 01f4 33A8     		add	r0, sp, #204
 1909 01f6 8DF81D70 		strb	r7, [sp, #29]
 1910 01fa 07AB     		add	r3, sp, #28
 1911 01fc 1968     		ldr	r1, [r3]
 1912 01fe FFF7FEFF 		bl	_ZN5daisy16AdcChannelConfig10InitSingleE12dsy_gpio_pinNS0_15ConversionSpeedE
 1913              	.LVL110:
 162:main.cpp      ****     adc_config[3].InitSingle(A3); // d          // 18
 1914              		.loc 10 162 5 is_stmt 1 view .LVU502
 162:main.cpp      ****     adc_config[3].InitSingle(A3); // d          // 18
 1915              		.loc 10 162 29 is_stmt 0 view .LVU503
 1916 0202 2246     		mov	r2, r4
 1917 0204 8DF82060 		strb	r6, [sp, #32]
 1918 0208 0DF1DE00 		add	r0, sp, #222
 1919 020c 8DF82190 		strb	r9, [sp, #33]
 1920 0210 08AB     		add	r3, sp, #32
 1921 0212 1968     		ldr	r1, [r3]
 1922 0214 FFF7FEFF 		bl	_ZN5daisy16AdcChannelConfig10InitSingleE12dsy_gpio_pinNS0_15ConversionSpeedE
 1923              	.LVL111:
 163:main.cpp      ****     adc_config[4].InitSingle(A4); // s          // 19
 1924              		.loc 10 163 5 is_stmt 1 view .LVU504
 163:main.cpp      ****     adc_config[4].InitSingle(A4); // s          // 19
 1925              		.loc 10 163 29 is_stmt 0 view .LVU505
 1926 0218 2246     		mov	r2, r4
 1927 021a 8DF82460 		strb	r6, [sp, #36]
 1928 021e 3CA8     		add	r0, sp, #240
 1929 0220 8DF82580 		strb	r8, [sp, #37]
 1930 0224 09AB     		add	r3, sp, #36
 1931 0226 1968     		ldr	r1, [r3]
 1932 0228 FFF7FEFF 		bl	_ZN5daisy16AdcChannelConfig10InitSingleE12dsy_gpio_pinNS0_15ConversionSpeedE
 1933              	.LVL112:
 164:main.cpp      ****     adc_config[5].InitSingle(A5); // r          // 20
 1934              		.loc 10 164 5 is_stmt 1 view .LVU506
 164:main.cpp      ****     adc_config[5].InitSingle(A5); // r          // 20
 1935              		.loc 10 164 29 is_stmt 0 view .LVU507
 1936 022c 2246     		mov	r2, r4
ARM GAS  C:\Users\22bur\AppData\Local\Temp\ccfIx2UX.s 			page 89


 1937 022e 8DF82840 		strb	r4, [sp, #40]
 1938 0232 0DF58170 		add	r0, sp, #258
 1939 0236 8DF82970 		strb	r7, [sp, #41]
 1940 023a 0AAB     		add	r3, sp, #40
 1941 023c 1968     		ldr	r1, [r3]
 1942 023e FFF7FEFF 		bl	_ZN5daisy16AdcChannelConfig10InitSingleE12dsy_gpio_pinNS0_15ConversionSpeedE
 1943              	.LVL113:
 165:main.cpp      ****     hw.adc.Init(adc_config, 6);
 1944              		.loc 10 165 5 is_stmt 1 view .LVU508
 165:main.cpp      ****     hw.adc.Init(adc_config, 6);
 1945              		.loc 10 165 16 is_stmt 0 view .LVU509
 1946 0242 4246     		mov	r2, r8
 1947 0244 2AA9     		add	r1, sp, #168
 1948 0246 0423     		movs	r3, #4
 1949 0248 8348     		ldr	r0, .L217+32
 1950 024a FFF7FEFF 		bl	_ZN5daisy9AdcHandle4InitEPNS_16AdcChannelConfigEjNS0_12OverSamplingE
 1951              	.LVL114:
 166:main.cpp      ****     hw.adc.Start();
 1952              		.loc 10 166 5 is_stmt 1 view .LVU510
 166:main.cpp      ****     hw.adc.Start();
 1953              		.loc 10 166 17 is_stmt 0 view .LVU511
 1954 024e 8248     		ldr	r0, .L217+32
 1955 0250 FFF7FEFF 		bl	_ZN5daisy9AdcHandle5StartEv
 1956              	.LVL115:
 169:main.cpp      ****     menu_encoder.Init(hw.GetPin(0), hw.GetPin(1), hw.GetPin(2));
 1957              		.loc 10 169 5 is_stmt 1 view .LVU512
 169:main.cpp      ****     menu_encoder.Init(hw.GetPin(0), hw.GetPin(1), hw.GetPin(2));
 1958              		.loc 10 169 22 is_stmt 0 view .LVU513
 1959 0254 3046     		mov	r0, r6
 1960 0256 FFF7FEFF 		bl	_ZN5daisy9DaisySeed6GetPinEh
 1961              	.LVL116:
 1962 025a 0BAE     		add	r6, sp, #44
 1963 025c 0346     		mov	r3, r0	@ movhi
 1964 025e 3846     		mov	r0, r7
 1965 0260 3380     		strh	r3, [r6]	@ movhi
 1966 0262 FFF7FEFF 		bl	_ZN5daisy9DaisySeed6GetPinEh
 1967              	.LVL117:
 1968 0266 0346     		mov	r3, r0	@ movhi
 1969 0268 2046     		mov	r0, r4
 1970 026a 0CAC     		add	r4, sp, #48
 1971 026c 2380     		strh	r3, [r4]	@ movhi
 1972 026e FFF7FEFF 		bl	_ZN5daisy9DaisySeed6GetPinEh
 1973              	.LVL118:
 1974 0272 0DAB     		add	r3, sp, #52
 1975 0274 2268     		ldr	r2, [r4]
 1976 0276 3168     		ldr	r1, [r6]
 170:main.cpp      ****     one_encoder.Init(hw.GetPin(3), hw.GetPin(4), hw.GetPin(5));
 1977              		.loc 10 170 21 view .LVU514
 1978 0278 0EAC     		add	r4, sp, #56
 169:main.cpp      ****     menu_encoder.Init(hw.GetPin(0), hw.GetPin(1), hw.GetPin(2));
 1979              		.loc 10 169 22 view .LVU515
 1980 027a 9FED700A 		vldr.32	s0, .L217+4
 1981 027e 1880     		strh	r0, [r3]	@ movhi
 1982 0280 7648     		ldr	r0, .L217+36
 1983 0282 1B68     		ldr	r3, [r3]
 1984 0284 FFF7FEFF 		bl	_ZN5daisy7Encoder4InitE12dsy_gpio_pinS1_S1_f
 1985              	.LVL119:
ARM GAS  C:\Users\22bur\AppData\Local\Temp\ccfIx2UX.s 			page 90


 170:main.cpp      ****     one_encoder.Init(hw.GetPin(3), hw.GetPin(4), hw.GetPin(5));
 1986              		.loc 10 170 5 is_stmt 1 view .LVU516
 170:main.cpp      ****     one_encoder.Init(hw.GetPin(3), hw.GetPin(4), hw.GetPin(5));
 1987              		.loc 10 170 21 is_stmt 0 view .LVU517
 1988 0288 5046     		mov	r0, r10
 1989 028a FFF7FEFF 		bl	_ZN5daisy9DaisySeed6GetPinEh
 1990              	.LVL120:
 1991 028e 2080     		strh	r0, [r4]	@ movhi
 1992 0290 0420     		movs	r0, #4
 1993 0292 FFF7FEFF 		bl	_ZN5daisy9DaisySeed6GetPinEh
 1994              	.LVL121:
 1995 0296 ADF83C00 		strh	r0, [sp, #60]	@ movhi
 1996 029a 0520     		movs	r0, #5
 1997 029c FFF7FEFF 		bl	_ZN5daisy9DaisySeed6GetPinEh
 1998              	.LVL122:
 1999 02a0 9FED660A 		vldr.32	s0, .L217+4
 2000 02a4 ADF84000 		strh	r0, [sp, #64]	@ movhi
 2001 02a8 6D48     		ldr	r0, .L217+40
 2002 02aa 2168     		ldr	r1, [r4]
 2003 02ac DDE90F23 		ldrd	r2, r3, [sp, #60]
 2004 02b0 FFF7FEFF 		bl	_ZN5daisy7Encoder4InitE12dsy_gpio_pinS1_S1_f
 2005              	.LVL123:
 171:main.cpp      ****     two_encoder.Init(hw.GetPin(6), hw.GetPin(7), hw.GetPin(8));
 2006              		.loc 10 171 5 is_stmt 1 view .LVU518
 171:main.cpp      ****     two_encoder.Init(hw.GetPin(6), hw.GetPin(7), hw.GetPin(8));
 2007              		.loc 10 171 21 is_stmt 0 view .LVU519
 2008 02b4 4046     		mov	r0, r8
 2009 02b6 FFF7FEFF 		bl	_ZN5daisy9DaisySeed6GetPinEh
 2010              	.LVL124:
 2011 02ba ADF84400 		strh	r0, [sp, #68]	@ movhi
 2012 02be 4846     		mov	r0, r9
 2013 02c0 FFF7FEFF 		bl	_ZN5daisy9DaisySeed6GetPinEh
 2014              	.LVL125:
 2015 02c4 ADF84800 		strh	r0, [sp, #72]	@ movhi
 2016 02c8 0820     		movs	r0, #8
 2017 02ca FFF7FEFF 		bl	_ZN5daisy9DaisySeed6GetPinEh
 2018              	.LVL126:
 2019 02ce 9FED5B0A 		vldr.32	s0, .L217+4
 2020 02d2 1199     		ldr	r1, [sp, #68]
 2021 02d4 ADF84C00 		strh	r0, [sp, #76]	@ movhi
 2022 02d8 6248     		ldr	r0, .L217+44
 2023 02da DDE91223 		ldrd	r2, r3, [sp, #72]
 2024 02de FFF7FEFF 		bl	_ZN5daisy7Encoder4InitE12dsy_gpio_pinS1_S1_f
 2025              	.LVL127:
 172:main.cpp      ****     three_encoder.Init(hw.GetPin(9), hw.GetPin(10), hw.GetPin(11));
 2026              		.loc 10 172 5 is_stmt 1 view .LVU520
 172:main.cpp      ****     three_encoder.Init(hw.GetPin(9), hw.GetPin(10), hw.GetPin(11));
 2027              		.loc 10 172 23 is_stmt 0 view .LVU521
 2028 02e2 0920     		movs	r0, #9
 2029 02e4 FFF7FEFF 		bl	_ZN5daisy9DaisySeed6GetPinEh
 2030              	.LVL128:
 2031 02e8 ADF85000 		strh	r0, [sp, #80]	@ movhi
 2032 02ec 0A20     		movs	r0, #10
 2033 02ee FFF7FEFF 		bl	_ZN5daisy9DaisySeed6GetPinEh
 2034              	.LVL129:
 2035 02f2 ADF85400 		strh	r0, [sp, #84]	@ movhi
 2036 02f6 0B20     		movs	r0, #11
ARM GAS  C:\Users\22bur\AppData\Local\Temp\ccfIx2UX.s 			page 91


 2037 02f8 FFF7FEFF 		bl	_ZN5daisy9DaisySeed6GetPinEh
 2038              	.LVL130:
 2039 02fc 9FED4F0A 		vldr.32	s0, .L217+4
 2040 0300 1499     		ldr	r1, [sp, #80]
 2041 0302 ADF85800 		strh	r0, [sp, #88]	@ movhi
 2042 0306 5848     		ldr	r0, .L217+48
 2043 0308 DDE91523 		ldrd	r2, r3, [sp, #84]
 2044 030c FFF7FEFF 		bl	_ZN5daisy7Encoder4InitE12dsy_gpio_pinS1_S1_f
 2045              	.LVL131:
 175:main.cpp      ****     forward_button.Init(hw.GetPin(29), 1000 / 1000);
 2046              		.loc 10 175 5 is_stmt 1 view .LVU522
 175:main.cpp      ****     forward_button.Init(hw.GetPin(29), 1000 / 1000);
 2047              		.loc 10 175 24 is_stmt 0 view .LVU523
 2048 0310 1D20     		movs	r0, #29
 2049 0312 FFF7FEFF 		bl	_ZN5daisy9DaisySeed6GetPinEh
 2050              	.LVL132:
 2051 0316 ADF86C00 		strh	r0, [sp, #108]	@ movhi
 2052 031a B7EE000A 		vmov.f32	s0, #1.0e+0
 2053 031e 1B99     		ldr	r1, [sp, #108]
 2054 0320 5248     		ldr	r0, .L217+52
 2055 0322 FFF7FEFF 		bl	_ZN5daisy6Switch4InitE12dsy_gpio_pinf
 2056              	.LVL133:
 176:main.cpp      ****     backward_button.Init(hw.GetPin(30), 1000 / 1000);
 2057              		.loc 10 176 5 is_stmt 1 view .LVU524
 176:main.cpp      ****     backward_button.Init(hw.GetPin(30), 1000 / 1000);
 2058              		.loc 10 176 25 is_stmt 0 view .LVU525
 2059 0326 1E20     		movs	r0, #30
 2060 0328 FFF7FEFF 		bl	_ZN5daisy9DaisySeed6GetPinEh
 2061              	.LVL134:
 2062 032c ADF87C00 		strh	r0, [sp, #124]	@ movhi
 2063 0330 B7EE000A 		vmov.f32	s0, #1.0e+0
 2064 0334 1F99     		ldr	r1, [sp, #124]
 2065 0336 4E48     		ldr	r0, .L217+56
 2066 0338 FFF7FEFF 		bl	_ZN5daisy6Switch4InitE12dsy_gpio_pinf
 2067              	.LVL135:
 180:main.cpp      ****     for(int i = 0; i < 8; i++){
 2068              		.loc 10 180 5 is_stmt 1 view .LVU526
 2069              	.LBB612:
 180:main.cpp      ****     for(int i = 0; i < 8; i++){
 2070              		.loc 10 180 22 view .LVU527
 2071 033c 4D4B     		ldr	r3, .L217+60
 2072 033e 03F5C076 		add	r6, r3, #384
 2073              	.LBE612:
 176:main.cpp      ****     backward_button.Init(hw.GetPin(30), 1000 / 1000);
 2074              		.loc 10 176 25 is_stmt 0 view .LVU528
 2075 0342 1C46     		mov	r4, r3
 2076              	.LVL136:
 2077              	.L92:
 2078              	.LBB617:
 181:main.cpp      ****         adsr[i].Init(sample_rate);
 2079              		.loc 10 181 9 is_stmt 1 discriminator 2 view .LVU529
 181:main.cpp      ****         adsr[i].Init(sample_rate);
 2080              		.loc 10 181 21 is_stmt 0 discriminator 2 view .LVU530
 2081 0344 0121     		movs	r1, #1
 2082 0346 2046     		mov	r0, r4
 2083 0348 B0EE680A 		vmov.f32	s0, s17
 2084 034c FFF7FEFF 		bl	_ZN7daisysp4Adsr4InitEfi
ARM GAS  C:\Users\22bur\AppData\Local\Temp\ccfIx2UX.s 			page 92


 2085              	.LVL137:
 182:main.cpp      ****         adsr[i].SetAttackTime(0.15F, 0.75F);
 2086              		.loc 10 182 9 is_stmt 1 discriminator 2 view .LVU531
 182:main.cpp      ****         adsr[i].SetAttackTime(0.15F, 0.75F);
 2087              		.loc 10 182 30 is_stmt 0 discriminator 2 view .LVU532
 2088 0350 F6EE080A 		vmov.f32	s1, #7.5e-1
 2089 0354 2046     		mov	r0, r4
 2090 0356 9FED480A 		vldr.32	s0, .L217+64
 2091 035a FFF7FEFF 		bl	_ZN7daisysp4Adsr13SetAttackTimeEff
 2092              	.LVL138:
 183:main.cpp      ****         adsr[i].SetDecayTime(0.5F);
 2093              		.loc 10 183 9 is_stmt 1 discriminator 2 view .LVU533
 183:main.cpp      ****         adsr[i].SetDecayTime(0.5F);
 2094              		.loc 10 183 29 is_stmt 0 discriminator 2 view .LVU534
 2095 035e 2046     		mov	r0, r4
 2096 0360 B6EE000A 		vmov.f32	s0, #5.0e-1
 2097 0364 FFF7FEFF 		bl	_ZN7daisysp4Adsr12SetDecayTimeEf
 2098              	.LVL139:
 184:main.cpp      ****         adsr[i].SetSustainLevel(0.25F);
 2099              		.loc 10 184 9 is_stmt 1 discriminator 2 view .LVU535
 2100              	.LBB613:
 2101              	.LBI613:
 2102              		.file 15 "../DaisyExamples/DaisySP/Source/Control/adsr.h"
   1:../DaisyExamples/DaisySP/Source/Control/adsr.h **** /*
   2:../DaisyExamples/DaisySP/Source/Control/adsr.h **** Copyright (c) 2020 Electrosmith, Corp, Paul Batchelor
   3:../DaisyExamples/DaisySP/Source/Control/adsr.h **** 
   4:../DaisyExamples/DaisySP/Source/Control/adsr.h **** Use of this source code is governed by an MIT-style
   5:../DaisyExamples/DaisySP/Source/Control/adsr.h **** license that can be found in the LICENSE file or at
   6:../DaisyExamples/DaisySP/Source/Control/adsr.h **** https://opensource.org/licenses/MIT.
   7:../DaisyExamples/DaisySP/Source/Control/adsr.h **** */
   8:../DaisyExamples/DaisySP/Source/Control/adsr.h **** 
   9:../DaisyExamples/DaisySP/Source/Control/adsr.h **** #pragma once
  10:../DaisyExamples/DaisySP/Source/Control/adsr.h **** #ifndef DSY_ADSR_H
  11:../DaisyExamples/DaisySP/Source/Control/adsr.h **** #define DSY_ADSR_H
  12:../DaisyExamples/DaisySP/Source/Control/adsr.h **** 
  13:../DaisyExamples/DaisySP/Source/Control/adsr.h **** #include <stdint.h>
  14:../DaisyExamples/DaisySP/Source/Control/adsr.h **** #ifdef __cplusplus
  15:../DaisyExamples/DaisySP/Source/Control/adsr.h **** 
  16:../DaisyExamples/DaisySP/Source/Control/adsr.h **** namespace daisysp
  17:../DaisyExamples/DaisySP/Source/Control/adsr.h **** {
  18:../DaisyExamples/DaisySP/Source/Control/adsr.h **** /** Distinct stages that the phase of the envelope can be located in.
  19:../DaisyExamples/DaisySP/Source/Control/adsr.h **** - IDLE   = located at phase location 0, and not currently running
  20:../DaisyExamples/DaisySP/Source/Control/adsr.h **** - ATTACK  = First segment of envelope where phase moves from 0 to 1
  21:../DaisyExamples/DaisySP/Source/Control/adsr.h **** - DECAY   = Second segment of envelope where phase moves from 1 to SUSTAIN value
  22:../DaisyExamples/DaisySP/Source/Control/adsr.h **** - RELEASE =     Fourth segment of envelop where phase moves from SUSTAIN to 0
  23:../DaisyExamples/DaisySP/Source/Control/adsr.h **** */
  24:../DaisyExamples/DaisySP/Source/Control/adsr.h **** enum
  25:../DaisyExamples/DaisySP/Source/Control/adsr.h **** {
  26:../DaisyExamples/DaisySP/Source/Control/adsr.h ****     ADSR_SEG_IDLE    = 0,
  27:../DaisyExamples/DaisySP/Source/Control/adsr.h ****     ADSR_SEG_ATTACK  = 1,
  28:../DaisyExamples/DaisySP/Source/Control/adsr.h ****     ADSR_SEG_DECAY   = 2,
  29:../DaisyExamples/DaisySP/Source/Control/adsr.h ****     ADSR_SEG_RELEASE = 4
  30:../DaisyExamples/DaisySP/Source/Control/adsr.h **** };
  31:../DaisyExamples/DaisySP/Source/Control/adsr.h **** 
  32:../DaisyExamples/DaisySP/Source/Control/adsr.h **** 
  33:../DaisyExamples/DaisySP/Source/Control/adsr.h **** /** adsr envelope module
  34:../DaisyExamples/DaisySP/Source/Control/adsr.h **** 
ARM GAS  C:\Users\22bur\AppData\Local\Temp\ccfIx2UX.s 			page 93


  35:../DaisyExamples/DaisySP/Source/Control/adsr.h **** Original author(s) : Paul Batchelor
  36:../DaisyExamples/DaisySP/Source/Control/adsr.h **** 
  37:../DaisyExamples/DaisySP/Source/Control/adsr.h **** Ported from Soundpipe by Ben Sergentanis, May 2020
  38:../DaisyExamples/DaisySP/Source/Control/adsr.h ****  
  39:../DaisyExamples/DaisySP/Source/Control/adsr.h **** Remake by Steffan DIedrichsen, May 2021
  40:../DaisyExamples/DaisySP/Source/Control/adsr.h **** */
  41:../DaisyExamples/DaisySP/Source/Control/adsr.h **** class Adsr
  42:../DaisyExamples/DaisySP/Source/Control/adsr.h **** {
  43:../DaisyExamples/DaisySP/Source/Control/adsr.h ****   public:
  44:../DaisyExamples/DaisySP/Source/Control/adsr.h ****     Adsr() {}
  45:../DaisyExamples/DaisySP/Source/Control/adsr.h ****     ~Adsr() {}
  46:../DaisyExamples/DaisySP/Source/Control/adsr.h ****     /** Initializes the Adsr module.
  47:../DaisyExamples/DaisySP/Source/Control/adsr.h ****         \param sample_rate - The sample rate of the audio engine being run. 
  48:../DaisyExamples/DaisySP/Source/Control/adsr.h ****     */
  49:../DaisyExamples/DaisySP/Source/Control/adsr.h ****     void Init(float sample_rate, int blockSize = 1);
  50:../DaisyExamples/DaisySP/Source/Control/adsr.h ****     /**
  51:../DaisyExamples/DaisySP/Source/Control/adsr.h ****      \function Retrigger forces the envelope back to attack phase
  52:../DaisyExamples/DaisySP/Source/Control/adsr.h ****      \param hard  resets the history to zero, results in a click.
  53:../DaisyExamples/DaisySP/Source/Control/adsr.h ****      */
  54:../DaisyExamples/DaisySP/Source/Control/adsr.h ****     void Retrigger(bool hard);
  55:../DaisyExamples/DaisySP/Source/Control/adsr.h ****     /** Processes one sample through the filter and returns one sample.
  56:../DaisyExamples/DaisySP/Source/Control/adsr.h ****         \param gate - trigger the envelope, hold it to sustain 
  57:../DaisyExamples/DaisySP/Source/Control/adsr.h ****     */
  58:../DaisyExamples/DaisySP/Source/Control/adsr.h ****     float Process(bool gate);
  59:../DaisyExamples/DaisySP/Source/Control/adsr.h ****     /** Sets time
  60:../DaisyExamples/DaisySP/Source/Control/adsr.h ****         Set time per segment in seconds
  61:../DaisyExamples/DaisySP/Source/Control/adsr.h ****     */
  62:../DaisyExamples/DaisySP/Source/Control/adsr.h ****     void SetTime(int seg, float time);
  63:../DaisyExamples/DaisySP/Source/Control/adsr.h ****     void SetAttackTime(float timeInS, float shape = 0.0f);
  64:../DaisyExamples/DaisySP/Source/Control/adsr.h ****     void SetDecayTime(float timeInS);
  65:../DaisyExamples/DaisySP/Source/Control/adsr.h ****     void SetReleaseTime(float timeInS);
  66:../DaisyExamples/DaisySP/Source/Control/adsr.h **** 
  67:../DaisyExamples/DaisySP/Source/Control/adsr.h ****   private:
  68:../DaisyExamples/DaisySP/Source/Control/adsr.h ****     void SetTimeConstant(float timeInS, float& time, float& coeff);
  69:../DaisyExamples/DaisySP/Source/Control/adsr.h **** 
  70:../DaisyExamples/DaisySP/Source/Control/adsr.h ****   public:
  71:../DaisyExamples/DaisySP/Source/Control/adsr.h ****     /** Sustain level
  72:../DaisyExamples/DaisySP/Source/Control/adsr.h ****         \param sus_level - sets sustain level, 0...1.0
  73:../DaisyExamples/DaisySP/Source/Control/adsr.h ****     */
  74:../DaisyExamples/DaisySP/Source/Control/adsr.h ****     inline void SetSustainLevel(float sus_level)
 2103              		.loc 15 74 17 discriminator 2 view .LVU536
 2104              	.LBB614:
  75:../DaisyExamples/DaisySP/Source/Control/adsr.h ****     {
  76:../DaisyExamples/DaisySP/Source/Control/adsr.h ****         sus_level = (sus_level <= 0.f) ? -0.01f // forces envelope into idle
 2105              		.loc 15 76 9 discriminator 2 view .LVU537
  77:../DaisyExamples/DaisySP/Source/Control/adsr.h ****                                        : (sus_level > 1.f) ? 1.f : sus_level;
  78:../DaisyExamples/DaisySP/Source/Control/adsr.h ****         sus_level_ = sus_level;
 2106              		.loc 15 78 9 discriminator 2 view .LVU538
 2107              		.loc 15 78 20 is_stmt 0 discriminator 2 view .LVU539
 2108 0368 4FF07A53 		mov	r3, #1048576000
 2109              	.LBE614:
 2110              	.LBE613:
 185:main.cpp      ****         adsr[i].SetReleaseTime(0.15F);
 2111              		.loc 10 185 31 discriminator 2 view .LVU540
 2112 036c 2046     		mov	r0, r4
 180:main.cpp      ****     for(int i = 0; i < 8; i++){
 2113              		.loc 10 180 22 discriminator 2 view .LVU541
ARM GAS  C:\Users\22bur\AppData\Local\Temp\ccfIx2UX.s 			page 94


 2114 036e 3034     		adds	r4, r4, #48
 2115              	.LBB616:
 2116              	.LBB615:
 2117              		.loc 15 78 20 discriminator 2 view .LVU542
 2118 0370 44F8303C 		str	r3, [r4, #-48]	@ float
 2119              	.LVL140:
 2120              		.loc 15 78 20 discriminator 2 view .LVU543
 2121              	.LBE615:
 2122              	.LBE616:
 185:main.cpp      ****         adsr[i].SetReleaseTime(0.15F);
 2123              		.loc 10 185 9 is_stmt 1 discriminator 2 view .LVU544
 185:main.cpp      ****         adsr[i].SetReleaseTime(0.15F);
 2124              		.loc 10 185 31 is_stmt 0 discriminator 2 view .LVU545
 2125 0374 9FED400A 		vldr.32	s0, .L217+64
 2126 0378 FFF7FEFF 		bl	_ZN7daisysp4Adsr14SetReleaseTimeEf
 2127              	.LVL141:
 180:main.cpp      ****     for(int i = 0; i < 8; i++){
 2128              		.loc 10 180 5 is_stmt 1 discriminator 2 view .LVU546
 180:main.cpp      ****     for(int i = 0; i < 8; i++){
 2129              		.loc 10 180 22 discriminator 2 view .LVU547
 2130 037c A642     		cmp	r6, r4
 2131 037e E1D1     		bne	.L92
 2132              	.LBE617:
 2133              	.LBE619:
 188:main.cpp      ****     packetSend(); // Send initial screen packet
 2134              		.loc 10 188 5 view .LVU548
 188:main.cpp      ****     packetSend(); // Send initial screen packet
 2135              		.loc 10 188 15 is_stmt 0 view .LVU549
 2136 0380 FFF7FEFF 		bl	_Z10packetSendv
 2137              	.LVL142:
 190:main.cpp      ****     hw.StartAudio(AudioCallback);
 2138              		.loc 10 190 5 is_stmt 1 view .LVU550
 190:main.cpp      ****     hw.StartAudio(AudioCallback);
 2139              		.loc 10 190 18 is_stmt 0 view .LVU551
 2140 0384 3D49     		ldr	r1, .L217+68
 2141 0386 3E48     		ldr	r0, .L217+72
 2142 0388 FFF7FEFF 		bl	_ZN5daisy9DaisySeed10StartAudioEPFvPKPKfPPfjE
 2143              	.LVL143:
 192:main.cpp      ****     int idx = wt.AddNote(69);               // testing
 2144              		.loc 10 192 5 is_stmt 1 view .LVU552
 192:main.cpp      ****     int idx = wt.AddNote(69);               // testing
 2145              		.loc 10 192 25 is_stmt 0 view .LVU553
 2146 038c 4521     		movs	r1, #69
 2147 038e 2A48     		ldr	r0, .L217
 2148 0390 FFF7FEFF 		bl	_ZN9Wavetable7AddNoteEh
 2149              	.LVL144:
 193:main.cpp      ****     notes_on[idx] = 1;                      // tells the ADSR that this oscillator is on
 2150              		.loc 10 193 5 is_stmt 1 view .LVU554
 193:main.cpp      ****     notes_on[idx] = 1;                      // tells the ADSR that this oscillator is on
 2151              		.loc 10 193 19 is_stmt 0 view .LVU555
 2152 0394 0123     		movs	r3, #1
 2153 0396 3B4A     		ldr	r2, .L217+76
 194:main.cpp      ****     adsr[idx].Retrigger(0);                 // retriggers the ADSR in case of overflow
 2154              		.loc 10 194 24 view .LVU556
 2155 0398 0021     		movs	r1, #0
 2156 039a DFF8F080 		ldr	r8, .L217+84
 193:main.cpp      ****     notes_on[idx] = 1;                      // tells the ADSR that this oscillator is on
ARM GAS  C:\Users\22bur\AppData\Local\Temp\ccfIx2UX.s 			page 95


 2157              		.loc 10 193 19 view .LVU557
 2158 039e 1354     		strb	r3, [r2, r0]
 194:main.cpp      ****     adsr[idx].Retrigger(0);                 // retriggers the ADSR in case of overflow
 2159              		.loc 10 194 5 is_stmt 1 view .LVU558
 194:main.cpp      ****     adsr[idx].Retrigger(0);                 // retriggers the ADSR in case of overflow
 2160              		.loc 10 194 24 is_stmt 0 view .LVU559
 2161 03a0 00EB4000 		add	r0, r0, r0, lsl #1
 2162              	.LVL145:
 194:main.cpp      ****     adsr[idx].Retrigger(0);                 // retriggers the ADSR in case of overflow
 2163              		.loc 10 194 24 view .LVU560
 2164 03a4 334B     		ldr	r3, .L217+60
 2165 03a6 DFF8B4A0 		ldr	r10, .L217+36
 2166 03aa 03EB0010 		add	r0, r3, r0, lsl #4
 2167 03ae DFF8E0B0 		ldr	fp, .L217+88
 2168 03b2 FFF7FEFF 		bl	_ZN7daisysp4Adsr9RetriggerEb
 2169              	.LVL146:
 2170              	.L118:
 197:main.cpp      ****     while(1) {
 2171              		.loc 10 197 5 is_stmt 1 view .LVU561
 2172              	.LBB620:
 198:main.cpp      ****         System::Delay(1);
 2173              		.loc 10 198 9 view .LVU562
 198:main.cpp      ****         System::Delay(1);
 2174              		.loc 10 198 22 is_stmt 0 view .LVU563
 2175 03b6 0120     		movs	r0, #1
 2176 03b8 FFF7FEFF 		bl	_ZN5daisy6System5DelayEm
 2177              	.LVL147:
 199:main.cpp      ****         now = System::GetNow();
 2178              		.loc 10 199 9 is_stmt 1 view .LVU564
 199:main.cpp      ****         now = System::GetNow();
 2179              		.loc 10 199 29 is_stmt 0 view .LVU565
 2180 03bc FFF7FEFF 		bl	_ZN5daisy6System6GetNowEv
 2181              	.LVL148:
 199:main.cpp      ****         now = System::GetNow();
 2182              		.loc 10 199 13 view .LVU566
 2183 03c0 C8F80000 		str	r0, [r8]
 202:main.cpp      ****         midi.Listen();  
 2184              		.loc 10 202 9 is_stmt 1 view .LVU567
 2185              	.LVL149:
 2186              	.LBB621:
 2187              	.LBI621:
 181:../DaisyExamples/libDaisy/src/hid/midi.h ****     {
 2188              		.loc 11 181 10 view .LVU568
 2189              	.LBB622:
 2190              	.LBB623:
 2191              	.LBI623:
 100:../DaisyExamples/libDaisy/src/hid/midi.h **** 
 2192              		.loc 11 100 17 view .LVU569
 2193              	.LBB624:
 100:../DaisyExamples/libDaisy/src/hid/midi.h **** 
 2194              		.loc 11 100 30 view .LVU570
 100:../DaisyExamples/libDaisy/src/hid/midi.h **** 
 2195              		.loc 11 100 54 is_stmt 0 view .LVU571
 2196 03c4 2148     		ldr	r0, .L217+20
 2197              	.LVL150:
 100:../DaisyExamples/libDaisy/src/hid/midi.h **** 
 2198              		.loc 11 100 54 view .LVU572
ARM GAS  C:\Users\22bur\AppData\Local\Temp\ccfIx2UX.s 			page 96


 2199 03c6 FFF7FEFF 		bl	_ZNK5daisy11UartHandler11IsListeningEv
 2200              	.LVL151:
 100:../DaisyExamples/libDaisy/src/hid/midi.h **** 
 2201              		.loc 11 100 54 view .LVU573
 2202              	.LBE624:
 2203              	.LBE623:
 186:../DaisyExamples/libDaisy/src/hid/midi.h ****         {
 2204              		.loc 11 186 9 view .LVU574
 2205 03ca 0028     		cmp	r0, #0
 2206 03cc 00F07581 		beq	.L204
 2207              	.LVL152:
 2208              	.L109:
 186:../DaisyExamples/libDaisy/src/hid/midi.h ****         {
 2209              		.loc 11 186 9 view .LVU575
 2210              	.LBE622:
 2211              	.LBE621:
 203:main.cpp      ****         while(midi.HasEvents()){
 2212              		.loc 10 203 9 is_stmt 1 view .LVU576
 203:main.cpp      ****         while(midi.HasEvents()){
 2213              		.loc 10 203 29 view .LVU577
 2214              	.LBB632:
 2215              	.LBI632:
 197:../DaisyExamples/libDaisy/src/hid/midi.h **** 
 2216              		.loc 11 197 10 view .LVU578
 2217              	.LBB633:
 2218              	.LBI633:
 171:../DaisyExamples/libDaisy/src/util/FIFO.h ****     {
 2219              		.loc 9 171 12 view .LVU579
 2220              	.LBB634:
 173:../DaisyExamples/libDaisy/src/util/FIFO.h ****         if(numElements < 0)
 2221              		.loc 9 173 43 is_stmt 0 view .LVU580
 2222 03d0 D5E93234 		ldrd	r3, r4, [r5, #200]
 2223              	.LVL153:
 174:../DaisyExamples/libDaisy/src/util/FIFO.h ****             numElements += bufferSize_;
 2224              		.loc 9 174 9 view .LVU581
 2225 03d4 1E1B     		subs	r6, r3, r4
 2226              	.LVL154:
 174:../DaisyExamples/libDaisy/src/util/FIFO.h ****             numElements += bufferSize_;
 2227              		.loc 9 174 9 view .LVU582
 2228 03d6 00F18E80 		bmi	.L205
 2229              	.L95:
 2230              	.LVL155:
 174:../DaisyExamples/libDaisy/src/util/FIFO.h ****             numElements += bufferSize_;
 2231              		.loc 9 174 9 view .LVU583
 2232              	.LBE634:
 2233              	.LBE633:
 2234              	.LBE632:
 203:main.cpp      ****         while(midi.HasEvents()){
 2235              		.loc 10 203 29 view .LVU584
 2236 03da 002E     		cmp	r6, #0
 2237 03dc 00F09180 		beq	.L96
 2238              	.L208:
 2239              	.LBB637:
 204:main.cpp      ****             MidiEvent msg = midi.PopEvent();
 2240              		.loc 10 204 13 is_stmt 1 view .LVU585
 2241              	.LVL156:
 2242              	.LBB638:
ARM GAS  C:\Users\22bur\AppData\Local\Temp\ccfIx2UX.s 			page 97


 2243              	.LBI638:
 203:../DaisyExamples/libDaisy/src/hid/midi.h **** 
 2244              		.loc 11 203 15 view .LVU586
 2245              	.LBB639:
 2246              	.LBI639:
 101:../DaisyExamples/libDaisy/src/util/FIFO.h ****     {
 2247              		.loc 9 101 7 view .LVU587
 2248              	.LBB640:
 103:../DaisyExamples/libDaisy/src/util/FIFO.h ****             return T();
 2249              		.loc 9 103 9 is_stmt 0 view .LVU588
 2250 03e0 9C42     		cmp	r4, r3
 2251 03e2 00F04481 		beq	.L206
 2252              	.LBB641:
 107:../DaisyExamples/libDaisy/src/util/FIFO.h ****             bufferOut_++;
 2253              		.loc 9 107 40 view .LVU589
 2254 03e6 04EBC403 		add	r3, r4, r4, lsl #3
 2255 03ea D5F8C090 		ldr	r9, [r5, #192]
 107:../DaisyExamples/libDaisy/src/util/FIFO.h ****             bufferOut_++;
 2256              		.loc 9 107 24 view .LVU590
 2257 03ee 9022     		movs	r2, #144
 2258 03f0 4EA8     		add	r0, sp, #312
 107:../DaisyExamples/libDaisy/src/util/FIFO.h ****             bufferOut_++;
 2259              		.loc 9 107 40 view .LVU591
 2260 03f2 09EB0317 		add	r7, r9, r3, lsl #4
 108:../DaisyExamples/libDaisy/src/util/FIFO.h ****             if(bufferOut_ >= bufferSize_)
 2261              		.loc 9 108 13 view .LVU592
 2262 03f6 0134     		adds	r4, r4, #1
 107:../DaisyExamples/libDaisy/src/util/FIFO.h ****             bufferOut_++;
 2263              		.loc 9 107 40 view .LVU593
 2264 03f8 1E01     		lsls	r6, r3, #4
 107:../DaisyExamples/libDaisy/src/util/FIFO.h ****             bufferOut_++;
 2265              		.loc 9 107 24 view .LVU594
 2266 03fa 3946     		mov	r1, r7
 2267 03fc FFF7FEFF 		bl	memcpy
 2268              	.LVL157:
 109:../DaisyExamples/libDaisy/src/util/FIFO.h ****                 bufferOut_ -= bufferSize_;
 2269              		.loc 9 109 30 view .LVU595
 2270 0400 D5F8C430 		ldr	r3, [r5, #196]
 107:../DaisyExamples/libDaisy/src/util/FIFO.h ****             bufferOut_++;
 2271              		.loc 9 107 24 view .LVU596
 2272 0404 19F80660 		ldrb	r6, [r9, r6]	@ zero_extendqisi2
 2273              	.LVL158:
 109:../DaisyExamples/libDaisy/src/util/FIFO.h ****                 bufferOut_ -= bufferSize_;
 2274              		.loc 9 109 13 view .LVU597
 2275 0408 9C42     		cmp	r4, r3
 107:../DaisyExamples/libDaisy/src/util/FIFO.h ****             bufferOut_++;
 2276              		.loc 9 107 24 view .LVU598
 2277 040a 3F7A     		ldrb	r7, [r7, #8]	@ zero_extendqisi2
 2278              	.LVL159:
 108:../DaisyExamples/libDaisy/src/util/FIFO.h ****             if(bufferOut_ >= bufferSize_)
 2279              		.loc 9 108 13 view .LVU599
 2280 040c C5F8CC40 		str	r4, [r5, #204]
 109:../DaisyExamples/libDaisy/src/util/FIFO.h ****                 bufferOut_ -= bufferSize_;
 2281              		.loc 9 109 13 view .LVU600
 2282 0410 02D3     		bcc	.L99
 110:../DaisyExamples/libDaisy/src/util/FIFO.h ****             return result;
 2283              		.loc 9 110 28 view .LVU601
ARM GAS  C:\Users\22bur\AppData\Local\Temp\ccfIx2UX.s 			page 98


 2284 0412 E41A     		subs	r4, r4, r3
 2285 0414 C5F8CC40 		str	r4, [r5, #204]
 2286              	.L99:
 111:../DaisyExamples/libDaisy/src/util/FIFO.h ****         }
 2287              		.loc 9 111 20 view .LVU602
 2288 0418 4EA9     		add	r1, sp, #312
 2289 041a 9022     		movs	r2, #144
 2290 041c A1F19000 		sub	r0, r1, #144
 2291 0420 FFF7FEFF 		bl	memcpy
 2292              	.LVL160:
 111:../DaisyExamples/libDaisy/src/util/FIFO.h ****         }
 2293              		.loc 9 111 20 view .LVU603
 2294              	.LBE641:
 2295              	.LBE640:
 2296              	.LBE639:
 2297              	.LBE638:
 206:main.cpp      ****             switch(msg.type){
 2298              		.loc 10 206 13 is_stmt 1 view .LVU604
 2299              	.LBB648:
 2300 0424 002E     		cmp	r6, #0
 2301 0426 00F0D183 		beq	.L100
 2302 042a 012E     		cmp	r6, #1
 2303 042c 3ED1     		bne	.L101
 2304              	.LBE648:
 2305              	.LBE637:
 2306              	.LBE620:
 207:main.cpp      ****                 case NoteOn:
 2307              		.loc 10 207 17 view .LVU605
 208:main.cpp      ****                 {
 2308              		.loc 10 208 17 view .LVU606
 2309              	.LBB740:
 2310              	.LBB668:
 2311              	.LBB657:
 2312              	.LBB649:
 210:main.cpp      ****                     char outstr[128];
 2313              		.loc 10 210 21 view .LVU607
 211:main.cpp      ****                     sprintf(outstr, "Add note:%d\n", msg.data[0]);
 2314              		.loc 10 211 21 view .LVU608
 211:main.cpp      ****                     sprintf(outstr, "Add note:%d\n", msg.data[0]);
 2315              		.loc 10 211 28 is_stmt 0 view .LVU609
 2316 042e 3A46     		mov	r2, r7
 2317 0430 1549     		ldr	r1, .L217+80
 2318 0432 4EA8     		add	r0, sp, #312
 2319 0434 2EE0     		b	.L218
 2320              	.L219:
 2321 0436 00BF     		.align	2
 2322              	.L217:
 2323 0438 00000000 		.word	wt
 2324 043c 00000000 		.word	0
 2325 0440 01060107 		.word	117507585
 2326 0444 00000000 		.word	.LANCHOR25
 2327 0448 00000000 		.word	midi
 2328 044c 10000000 		.word	midi+16
 2329 0450 00000000 		.word	_ZN5daisy11MidiHandlerINS_17MidiUartTransportEE13ParseCallbackEPhjPv
 2330 0454 00000000 		.word	_ZN5daisy17MidiUartTransport10rxCallbackEPhjPvNS_11UartHandler6ResultE
 2331 0458 18000000 		.word	.LANCHOR30+24
 2332 045c 00000000 		.word	.LANCHOR31
ARM GAS  C:\Users\22bur\AppData\Local\Temp\ccfIx2UX.s 			page 99


 2333 0460 00000000 		.word	.LANCHOR32
 2334 0464 00000000 		.word	.LANCHOR33
 2335 0468 00000000 		.word	.LANCHOR34
 2336 046c 00000000 		.word	.LANCHOR35
 2337 0470 00000000 		.word	.LANCHOR36
 2338 0474 00000000 		.word	.LANCHOR3
 2339 0478 9A99193E 		.word	1041865114
 2340 047c 00000000 		.word	_Z13AudioCallbackPKPKfPPfj
 2341 0480 00000000 		.word	.LANCHOR30
 2342 0484 00000000 		.word	.LANCHOR2
 2343 0488 00000000 		.word	.LC15
 2344 048c 00000000 		.word	.LANCHOR37
 2345 0490 00000000 		.word	.LANCHOR38
 2346              	.L218:
 2347 0494 FFF7FEFF 		bl	sprintf
 2348              	.LVL161:
 212:main.cpp      ****                     hw.PrintLine(outstr);
 2349              		.loc 10 212 21 is_stmt 1 view .LVU610
 2350              	.LBB650:
 2351              	.LBI650:
 126:../DaisyExamples/libDaisy/src/daisy_seed.h ****     {
 2352              		.loc 3 126 17 view .LVU611
 2353              	.LBB651:
 128:../DaisyExamples/libDaisy/src/daisy_seed.h ****     }
 2354              		.loc 3 128 23 is_stmt 0 view .LVU612
 2355 0498 4EA8     		add	r0, sp, #312
 2356              	.LVL162:
 128:../DaisyExamples/libDaisy/src/daisy_seed.h ****     }
 2357              		.loc 3 128 23 view .LVU613
 2358 049a FFF7FEFF 		bl	_ZN5daisy6LoggerILNS_17LoggerDestinationE1EE9PrintLineEPKcz
 2359              	.LVL163:
 128:../DaisyExamples/libDaisy/src/daisy_seed.h ****     }
 2360              		.loc 3 128 23 view .LVU614
 2361              	.LBE651:
 2362              	.LBE650:
 214:main.cpp      ****                     int osc_ = wt.AddNote(msg.data[0]);     // Adds note to oscillators
 2363              		.loc 10 214 21 is_stmt 1 view .LVU615
 214:main.cpp      ****                     int osc_ = wt.AddNote(msg.data[0]);     // Adds note to oscillators
 2364              		.loc 10 214 42 is_stmt 0 view .LVU616
 2365 049e 3946     		mov	r1, r7
 2366 04a0 9548     		ldr	r0, .L220
 2367 04a2 FFF7FEFF 		bl	_ZN9Wavetable7AddNoteEh
 2368              	.LVL164:
 215:main.cpp      ****                     if(osc_ < 9){
 2369              		.loc 10 215 21 is_stmt 1 view .LVU617
 2370 04a6 0828     		cmp	r0, #8
 2371 04a8 40F3FA80 		ble	.L207
 2372              	.LVL165:
 2373              	.L101:
 215:main.cpp      ****                     if(osc_ < 9){
 2374              		.loc 10 215 21 is_stmt 0 view .LVU618
 2375              	.LBE649:
 2376              	.LBE657:
 234:main.cpp      ****             event_log.PushBack(msg); // add the message to output queue
 2377              		.loc 10 234 13 is_stmt 1 discriminator 4 view .LVU619
 2378              	.LBB658:
 2379              	.LBI658:
ARM GAS  C:\Users\22bur\AppData\Local\Temp\ccfIx2UX.s 			page 100


  49:../DaisyExamples/libDaisy/src/util/FIFO.h ****     {
 2380              		.loc 9 49 10 discriminator 4 view .LVU620
 2381              	.LBB659:
 2382              	.LBB660:
 2383              	.LBI660:
 168:../DaisyExamples/libDaisy/src/util/FIFO.h **** 
 2384              		.loc 9 168 10 discriminator 4 view .LVU621
 2385              	.LBB661:
 2386              	.LBB662:
 2387              	.LBI662:
 171:../DaisyExamples/libDaisy/src/util/FIFO.h ****     {
 2388              		.loc 9 171 12 discriminator 4 view .LVU622
 2389              	.LBB663:
 173:../DaisyExamples/libDaisy/src/util/FIFO.h ****         if(numElements < 0)
 2390              		.loc 9 173 31 is_stmt 0 discriminator 4 view .LVU623
 2391 04ac 934C     		ldr	r4, .L220+4
 173:../DaisyExamples/libDaisy/src/util/FIFO.h ****         if(numElements < 0)
 2392              		.loc 9 173 41 discriminator 4 view .LVU624
 2393 04ae D4E90223 		ldrd	r2, r3, [r4, #8]
 2394              	.LVL166:
 175:../DaisyExamples/libDaisy/src/util/FIFO.h ****         return size_t(numElements);
 2395              		.loc 9 175 28 discriminator 4 view .LVU625
 2396 04b2 6168     		ldr	r1, [r4, #4]
 174:../DaisyExamples/libDaisy/src/util/FIFO.h ****             numElements += bufferSize_;
 2397              		.loc 9 174 9 discriminator 4 view .LVU626
 2398 04b4 D31A     		subs	r3, r2, r3
 2399              	.LVL167:
 175:../DaisyExamples/libDaisy/src/util/FIFO.h ****         return size_t(numElements);
 2400              		.loc 9 175 25 discriminator 4 view .LVU627
 2401 04b6 48BF     		it	mi
 2402 04b8 5B18     		addmi	r3, r3, r1
 2403              	.LVL168:
 175:../DaisyExamples/libDaisy/src/util/FIFO.h ****         return size_t(numElements);
 2404              		.loc 9 175 25 discriminator 4 view .LVU628
 2405              	.LBE663:
 2406              	.LBE662:
 168:../DaisyExamples/libDaisy/src/util/FIFO.h **** 
 2407              		.loc 9 168 66 discriminator 4 view .LVU629
 2408 04ba 0139     		subs	r1, r1, #1
 2409              	.LBE661:
 2410              	.LBE660:
  51:../DaisyExamples/libDaisy/src/util/FIFO.h ****         {
 2411              		.loc 9 51 9 discriminator 4 view .LVU630
 2412 04bc 9942     		cmp	r1, r3
 2413 04be 87D0     		beq	.L109
  53:../DaisyExamples/libDaisy/src/util/FIFO.h ****             if(bufferIn_ >= bufferSize_)
 2414              		.loc 9 53 13 view .LVU631
 2415 04c0 2368     		ldr	r3, [r4]
 2416 04c2 02EBC200 		add	r0, r2, r2, lsl #3
 2417 04c6 0132     		adds	r2, r2, #1
 2418 04c8 2AA9     		add	r1, sp, #168
 2419              	.LVL169:
  53:../DaisyExamples/libDaisy/src/util/FIFO.h ****             if(bufferIn_ >= bufferSize_)
 2420              		.loc 9 53 13 view .LVU632
 2421 04ca 03EB0010 		add	r0, r3, r0, lsl #4
 2422 04ce 8DF8A860 		strb	r6, [sp, #168]
 2423 04d2 A260     		str	r2, [r4, #8]
ARM GAS  C:\Users\22bur\AppData\Local\Temp\ccfIx2UX.s 			page 101


 2424 04d4 9022     		movs	r2, #144
 2425 04d6 8DF8B070 		strb	r7, [sp, #176]
 2426 04da FFF7FEFF 		bl	memcpy
 2427              	.LVL170:
  54:../DaisyExamples/libDaisy/src/util/FIFO.h ****                 bufferIn_ -= bufferSize_;
 2428              		.loc 9 54 29 view .LVU633
 2429 04de D4E90123 		ldrd	r2, r3, [r4, #4]
  54:../DaisyExamples/libDaisy/src/util/FIFO.h ****                 bufferIn_ -= bufferSize_;
 2430              		.loc 9 54 13 view .LVU634
 2431 04e2 9342     		cmp	r3, r2
 2432 04e4 FFF474AF 		bcc	.L109
  55:../DaisyExamples/libDaisy/src/util/FIFO.h ****             return true;
 2433              		.loc 9 55 27 view .LVU635
 2434 04e8 9B1A     		subs	r3, r3, r2
 2435 04ea A360     		str	r3, [r4, #8]
 2436              	.LVL171:
  55:../DaisyExamples/libDaisy/src/util/FIFO.h ****             return true;
 2437              		.loc 9 55 27 view .LVU636
 2438              	.LBE659:
 2439              	.LBE658:
 2440              	.LBE668:
 203:main.cpp      ****         while(midi.HasEvents()){
 2441              		.loc 10 203 9 is_stmt 1 view .LVU637
 203:main.cpp      ****         while(midi.HasEvents()){
 2442              		.loc 10 203 29 view .LVU638
 2443              	.LBB669:
 197:../DaisyExamples/libDaisy/src/hid/midi.h **** 
 2444              		.loc 11 197 10 view .LVU639
 2445              	.LBB636:
 171:../DaisyExamples/libDaisy/src/util/FIFO.h ****     {
 2446              		.loc 9 171 12 view .LVU640
 2447              	.LBB635:
 173:../DaisyExamples/libDaisy/src/util/FIFO.h ****         if(numElements < 0)
 2448              		.loc 9 173 43 is_stmt 0 view .LVU641
 2449 04ec D5E93234 		ldrd	r3, r4, [r5, #200]
 2450              	.LVL172:
 174:../DaisyExamples/libDaisy/src/util/FIFO.h ****             numElements += bufferSize_;
 2451              		.loc 9 174 9 view .LVU642
 2452 04f0 1E1B     		subs	r6, r3, r4
 2453              	.LVL173:
 174:../DaisyExamples/libDaisy/src/util/FIFO.h ****             numElements += bufferSize_;
 2454              		.loc 9 174 9 view .LVU643
 2455 04f2 7FF572AF 		bpl	.L95
 2456              	.L205:
 175:../DaisyExamples/libDaisy/src/util/FIFO.h ****         return size_t(numElements);
 2457              		.loc 9 175 25 view .LVU644
 2458 04f6 D5F8C420 		ldr	r2, [r5, #196]
 2459 04fa 1644     		add	r6, r6, r2
 2460              	.LVL174:
 175:../DaisyExamples/libDaisy/src/util/FIFO.h ****         return size_t(numElements);
 2461              		.loc 9 175 25 view .LVU645
 2462              	.LBE635:
 2463              	.LBE636:
 2464              	.LBE669:
 203:main.cpp      ****         while(midi.HasEvents()){
 2465              		.loc 10 203 29 view .LVU646
 2466 04fc 002E     		cmp	r6, #0
ARM GAS  C:\Users\22bur\AppData\Local\Temp\ccfIx2UX.s 			page 102


 2467 04fe 7FF46FAF 		bne	.L208
 2468              	.L96:
 238:main.cpp      ****         menu_encoder.Debounce();
 2469              		.loc 10 238 9 is_stmt 1 view .LVU647
 238:main.cpp      ****         menu_encoder.Debounce();
 2470              		.loc 10 238 30 is_stmt 0 view .LVU648
 2471 0502 7F48     		ldr	r0, .L220+8
 2472 0504 FFF7FEFF 		bl	_ZN5daisy7Encoder8DebounceEv
 2473              	.LVL175:
 239:main.cpp      ****         one_encoder.Debounce();
 2474              		.loc 10 239 9 is_stmt 1 view .LVU649
 239:main.cpp      ****         one_encoder.Debounce();
 2475              		.loc 10 239 29 is_stmt 0 view .LVU650
 2476 0508 7E48     		ldr	r0, .L220+12
 2477 050a FFF7FEFF 		bl	_ZN5daisy7Encoder8DebounceEv
 2478              	.LVL176:
 240:main.cpp      ****         two_encoder.Debounce();
 2479              		.loc 10 240 9 is_stmt 1 view .LVU651
 240:main.cpp      ****         two_encoder.Debounce();
 2480              		.loc 10 240 29 is_stmt 0 view .LVU652
 2481 050e 7E48     		ldr	r0, .L220+16
 2482 0510 FFF7FEFF 		bl	_ZN5daisy7Encoder8DebounceEv
 2483              	.LVL177:
 241:main.cpp      ****         three_encoder.Debounce();
 2484              		.loc 10 241 9 is_stmt 1 view .LVU653
 241:main.cpp      ****         three_encoder.Debounce();
 2485              		.loc 10 241 31 is_stmt 0 view .LVU654
 2486 0514 7D48     		ldr	r0, .L220+20
 2487 0516 FFF7FEFF 		bl	_ZN5daisy7Encoder8DebounceEv
 2488              	.LVL178:
 242:main.cpp      ****         forward_button.Debounce();
 2489              		.loc 10 242 9 is_stmt 1 view .LVU655
 242:main.cpp      ****         forward_button.Debounce();
 2490              		.loc 10 242 32 is_stmt 0 view .LVU656
 2491 051a 7D48     		ldr	r0, .L220+24
 2492 051c FFF7FEFF 		bl	_ZN5daisy6Switch8DebounceEv
 2493              	.LVL179:
 243:main.cpp      ****         backward_button.Debounce();
 2494              		.loc 10 243 9 is_stmt 1 view .LVU657
 243:main.cpp      ****         backward_button.Debounce();
 2495              		.loc 10 243 33 is_stmt 0 view .LVU658
 2496 0520 7C48     		ldr	r0, .L220+28
 2497 0522 FFF7FEFF 		bl	_ZN5daisy6Switch8DebounceEv
 2498              	.LVL180:
 246:main.cpp      ****         short  menu_inc = menu_encoder.Increment();
 2499              		.loc 10 246 9 is_stmt 1 view .LVU659
 2500              	.LBB670:
 2501              	.LBI670:
  22:../DaisyExamples/libDaisy/src/hid/encoder.h **** 
  23:../DaisyExamples/libDaisy/src/hid/encoder.h ****     /** Initializes the encoder with the specified hardware pins.
  24:../DaisyExamples/libDaisy/src/hid/encoder.h ****      * Update rate is to be deprecated in a future release
  25:../DaisyExamples/libDaisy/src/hid/encoder.h ****      */
  26:../DaisyExamples/libDaisy/src/hid/encoder.h ****     void Init(dsy_gpio_pin a,
  27:../DaisyExamples/libDaisy/src/hid/encoder.h ****               dsy_gpio_pin b,
  28:../DaisyExamples/libDaisy/src/hid/encoder.h ****               dsy_gpio_pin click,
  29:../DaisyExamples/libDaisy/src/hid/encoder.h ****               float        update_rate = 0.f);
  30:../DaisyExamples/libDaisy/src/hid/encoder.h ****     /** Called at update_rate to debounce and handle timing for the switch.
ARM GAS  C:\Users\22bur\AppData\Local\Temp\ccfIx2UX.s 			page 103


  31:../DaisyExamples/libDaisy/src/hid/encoder.h ****      * In order for events not to be missed, its important that the Edge/Pressed checks be made at 
  32:../DaisyExamples/libDaisy/src/hid/encoder.h ****      */
  33:../DaisyExamples/libDaisy/src/hid/encoder.h ****     void Debounce();
  34:../DaisyExamples/libDaisy/src/hid/encoder.h **** 
  35:../DaisyExamples/libDaisy/src/hid/encoder.h ****     /** Returns +1 if the encoder was turned clockwise, -1 if it was turned counter-clockwise, or 0
  36:../DaisyExamples/libDaisy/src/hid/encoder.h ****     inline int32_t Increment() const { return updated_ ? inc_ : 0; }
 2502              		.loc 2 36 20 view .LVU660
 2503              	.LBB671:
 2504              		.loc 2 36 40 view .LVU661
 2505              		.loc 2 36 56 is_stmt 0 view .LVU662
 2506 0526 9AF80430 		ldrb	r3, [r10, #4]	@ zero_extendqisi2
 2507 052a 002B     		cmp	r3, #0
 2508 052c 00F0C380 		beq	.L155
 2509              	.LBE671:
 2510              	.LBE670:
 246:main.cpp      ****         short  menu_inc = menu_encoder.Increment();
 2511              		.loc 10 246 50 view .LVU663
 2512 0530 BAF92400 		ldrsh	r0, [r10, #36]
 2513              	.L110:
 2514              	.LVL181:
 247:main.cpp      ****         short  one_inc = one_encoder.Increment();
 2515              		.loc 10 247 9 is_stmt 1 view .LVU664
 2516              	.LBB673:
 2517              	.LBI673:
 2518              		.loc 2 36 20 view .LVU665
 2519              	.LBB674:
 2520              		.loc 2 36 40 view .LVU666
 2521              		.loc 2 36 56 is_stmt 0 view .LVU667
 2522 0534 734B     		ldr	r3, .L220+12
 2523 0536 1979     		ldrb	r1, [r3, #4]	@ zero_extendqisi2
 2524 0538 09B1     		cbz	r1, .L111
 2525              	.LBE674:
 2526              	.LBE673:
 247:main.cpp      ****         short  one_inc = one_encoder.Increment();
 2527              		.loc 10 247 48 view .LVU668
 2528 053a B3F92410 		ldrsh	r1, [r3, #36]
 2529              	.L111:
 2530              	.LVL182:
 248:main.cpp      ****         short  two_inc = two_encoder.Increment();
 2531              		.loc 10 248 9 is_stmt 1 view .LVU669
 2532              	.LBB675:
 2533              	.LBI675:
 2534              		.loc 2 36 20 view .LVU670
 2535              	.LBB676:
 2536              		.loc 2 36 40 view .LVU671
 2537              		.loc 2 36 56 is_stmt 0 view .LVU672
 2538 053e 724B     		ldr	r3, .L220+16
 2539 0540 1A79     		ldrb	r2, [r3, #4]	@ zero_extendqisi2
 2540 0542 0AB1     		cbz	r2, .L112
 2541              	.LBE676:
 2542              	.LBE675:
 248:main.cpp      ****         short  two_inc = two_encoder.Increment();
 2543              		.loc 10 248 48 view .LVU673
 2544 0544 B3F92420 		ldrsh	r2, [r3, #36]
 2545              	.L112:
 2546              	.LVL183:
 249:main.cpp      ****         short  three_inc = three_encoder.Increment();
ARM GAS  C:\Users\22bur\AppData\Local\Temp\ccfIx2UX.s 			page 104


 2547              		.loc 10 249 9 is_stmt 1 view .LVU674
 2548              	.LBB677:
 2549              	.LBI677:
 2550              		.loc 2 36 20 view .LVU675
 2551              	.LBB678:
 2552              		.loc 2 36 40 view .LVU676
 2553              		.loc 2 36 56 is_stmt 0 view .LVU677
 2554 0548 704C     		ldr	r4, .L220+20
 2555 054a 2379     		ldrb	r3, [r4, #4]	@ zero_extendqisi2
 2556 054c 0BB1     		cbz	r3, .L113
 2557              	.LBE678:
 2558              	.LBE677:
 249:main.cpp      ****         short  three_inc = three_encoder.Increment();
 2559              		.loc 10 249 52 view .LVU678
 2560 054e B4F92430 		ldrsh	r3, [r4, #36]
 2561              	.L113:
 2562              	.LVL184:
 252:main.cpp      ****         if(menu_inc != 0) menu_counter += menu_inc;
 2563              		.loc 10 252 9 is_stmt 1 view .LVU679
 2564 0552 18B1     		cbz	r0, .L114
 252:main.cpp      ****         if(menu_inc != 0) menu_counter += menu_inc;
 2565              		.loc 10 252 27 discriminator 1 view .LVU680
 252:main.cpp      ****         if(menu_inc != 0) menu_counter += menu_inc;
 2566              		.loc 10 252 40 is_stmt 0 discriminator 1 view .LVU681
 2567 0554 704F     		ldr	r7, .L220+32
 2568 0556 3C68     		ldr	r4, [r7]
 2569 0558 2044     		add	r0, r0, r4
 2570 055a 3860     		str	r0, [r7]
 2571              	.L114:
 253:main.cpp      ****         if(one_inc != 0) one_counter += one_inc;
 2572              		.loc 10 253 9 is_stmt 1 view .LVU682
 2573 055c 19B1     		cbz	r1, .L115
 253:main.cpp      ****         if(one_inc != 0) one_counter += one_inc;
 2574              		.loc 10 253 26 discriminator 1 view .LVU683
 253:main.cpp      ****         if(one_inc != 0) one_counter += one_inc;
 2575              		.loc 10 253 38 is_stmt 0 discriminator 1 view .LVU684
 2576 055e 6F48     		ldr	r0, .L220+36
 2577 0560 0468     		ldr	r4, [r0]
 2578 0562 2144     		add	r1, r1, r4
 2579 0564 0160     		str	r1, [r0]
 2580              	.L115:
 254:main.cpp      ****         if(two_inc != 0) two_counter += two_inc;
 2581              		.loc 10 254 9 is_stmt 1 view .LVU685
 2582 0566 1AB1     		cbz	r2, .L116
 254:main.cpp      ****         if(two_inc != 0) two_counter += two_inc;
 2583              		.loc 10 254 26 discriminator 1 view .LVU686
 254:main.cpp      ****         if(two_inc != 0) two_counter += two_inc;
 2584              		.loc 10 254 38 is_stmt 0 discriminator 1 view .LVU687
 2585 0568 6D49     		ldr	r1, .L220+40
 2586 056a 0868     		ldr	r0, [r1]
 2587 056c 0244     		add	r2, r2, r0
 2588 056e 0A60     		str	r2, [r1]
 2589              	.L116:
 255:main.cpp      ****         if(three_inc != 0) three_counter += three_inc;
 2590              		.loc 10 255 9 is_stmt 1 view .LVU688
 2591 0570 1BB1     		cbz	r3, .L117
 255:main.cpp      ****         if(three_inc != 0) three_counter += three_inc;
ARM GAS  C:\Users\22bur\AppData\Local\Temp\ccfIx2UX.s 			page 105


 2592              		.loc 10 255 28 discriminator 1 view .LVU689
 255:main.cpp      ****         if(three_inc != 0) three_counter += three_inc;
 2593              		.loc 10 255 42 is_stmt 0 discriminator 1 view .LVU690
 2594 0572 6C4A     		ldr	r2, .L220+44
 2595 0574 1168     		ldr	r1, [r2]
 2596 0576 0B44     		add	r3, r3, r1
 2597 0578 1360     		str	r3, [r2]
 2598              	.L117:
 258:main.cpp      ****         if(now - log_time > 5){
 2599              		.loc 10 258 9 is_stmt 1 view .LVU691
 2600              	.LBB679:
 258:main.cpp      ****         if(now - log_time > 5){
 2601              		.loc 10 258 16 is_stmt 0 view .LVU692
 2602 057a D8F80020 		ldr	r2, [r8]
 2603 057e DBF80030 		ldr	r3, [fp]
 2604 0582 D31A     		subs	r3, r2, r3
 258:main.cpp      ****         if(now - log_time > 5){
 2605              		.loc 10 258 9 view .LVU693
 2606 0584 052B     		cmp	r3, #5
 2607 0586 7FF616AF 		bls	.L118
 2608              	.LBB680:
 259:main.cpp      ****             log_time = now;
 2609              		.loc 10 259 13 is_stmt 1 view .LVU694
 262:main.cpp      ****             volume = hw.adc.GetFloat(VOLUME);
 2610              		.loc 10 262 37 is_stmt 0 view .LVU695
 2611 058a 0021     		movs	r1, #0
 2612 058c 6648     		ldr	r0, .L220+48
 259:main.cpp      ****             log_time = now;
 2613              		.loc 10 259 22 view .LVU696
 2614 058e CBF80020 		str	r2, [fp]
 262:main.cpp      ****             volume = hw.adc.GetFloat(VOLUME);
 2615              		.loc 10 262 13 is_stmt 1 view .LVU697
 262:main.cpp      ****             volume = hw.adc.GetFloat(VOLUME);
 2616              		.loc 10 262 37 is_stmt 0 view .LVU698
 2617 0592 FFF7FEFF 		bl	_ZNK5daisy9AdcHandle8GetFloatEh
 2618              	.LVL185:
 262:main.cpp      ****             volume = hw.adc.GetFloat(VOLUME);
 2619              		.loc 10 262 20 view .LVU699
 2620 0596 654B     		ldr	r3, .L220+52
 263:main.cpp      ****             wt_index = hw.adc.GetFloat(WT_INDEX) * 8;
 2621              		.loc 10 263 39 view .LVU700
 2622 0598 0121     		movs	r1, #1
 2623 059a 6348     		ldr	r0, .L220+48
 262:main.cpp      ****             volume = hw.adc.GetFloat(VOLUME);
 2624              		.loc 10 262 20 view .LVU701
 2625 059c 83ED000A 		vstr.32	s0, [r3]
 263:main.cpp      ****             wt_index = hw.adc.GetFloat(WT_INDEX) * 8;
 2626              		.loc 10 263 13 is_stmt 1 view .LVU702
 263:main.cpp      ****             wt_index = hw.adc.GetFloat(WT_INDEX) * 8;
 2627              		.loc 10 263 39 is_stmt 0 view .LVU703
 2628 05a0 FFF7FEFF 		bl	_ZNK5daisy9AdcHandle8GetFloatEh
 2629              	.LVL186:
 263:main.cpp      ****             wt_index = hw.adc.GetFloat(WT_INDEX) * 8;
 2630              		.loc 10 263 50 view .LVU704
 2631 05a4 F2EE007A 		vmov.f32	s15, #8.0e+0
 263:main.cpp      ****             wt_index = hw.adc.GetFloat(WT_INDEX) * 8;
 2632              		.loc 10 263 22 view .LVU705
ARM GAS  C:\Users\22bur\AppData\Local\Temp\ccfIx2UX.s 			page 106


 2633 05a8 614B     		ldr	r3, .L220+56
 264:main.cpp      ****             attack = hw.adc.GetFloat(ATTACK) * MAX_A;
 2634              		.loc 10 264 37 view .LVU706
 2635 05aa 0221     		movs	r1, #2
 2636 05ac 5E48     		ldr	r0, .L220+48
 267:main.cpp      ****             release = hw.adc.GetFloat(RELEASE) * MAX_R;
 2637              		.loc 10 267 21 view .LVU707
 2638 05ae 614C     		ldr	r4, .L220+60
 263:main.cpp      ****             wt_index = hw.adc.GetFloat(WT_INDEX) * 8;
 2639              		.loc 10 263 50 view .LVU708
 2640 05b0 20EE270A 		vmul.f32	s0, s0, s15
 263:main.cpp      ****             wt_index = hw.adc.GetFloat(WT_INDEX) * 8;
 2641              		.loc 10 263 22 view .LVU709
 2642 05b4 83ED000A 		vstr.32	s0, [r3]
 264:main.cpp      ****             attack = hw.adc.GetFloat(ATTACK) * MAX_A;
 2643              		.loc 10 264 13 is_stmt 1 view .LVU710
 264:main.cpp      ****             attack = hw.adc.GetFloat(ATTACK) * MAX_A;
 2644              		.loc 10 264 37 is_stmt 0 view .LVU711
 2645 05b8 FFF7FEFF 		bl	_ZNK5daisy9AdcHandle8GetFloatEh
 2646              	.LVL187:
 264:main.cpp      ****             attack = hw.adc.GetFloat(ATTACK) * MAX_A;
 2647              		.loc 10 264 46 view .LVU712
 2648 05bc F1EE0C7A 		vmov.f32	s15, #7.0e+0
 264:main.cpp      ****             attack = hw.adc.GetFloat(ATTACK) * MAX_A;
 2649              		.loc 10 264 20 view .LVU713
 2650 05c0 5D4B     		ldr	r3, .L220+64
 265:main.cpp      ****             decay = hw.adc.GetFloat(DECAY) * MAX_D;
 2651              		.loc 10 265 36 view .LVU714
 2652 05c2 0321     		movs	r1, #3
 2653 05c4 5848     		ldr	r0, .L220+48
 264:main.cpp      ****             attack = hw.adc.GetFloat(ATTACK) * MAX_A;
 2654              		.loc 10 264 46 view .LVU715
 2655 05c6 20EE270A 		vmul.f32	s0, s0, s15
 264:main.cpp      ****             attack = hw.adc.GetFloat(ATTACK) * MAX_A;
 2656              		.loc 10 264 20 view .LVU716
 2657 05ca 83ED000A 		vstr.32	s0, [r3]
 265:main.cpp      ****             decay = hw.adc.GetFloat(DECAY) * MAX_D;
 2658              		.loc 10 265 13 is_stmt 1 view .LVU717
 265:main.cpp      ****             decay = hw.adc.GetFloat(DECAY) * MAX_D;
 2659              		.loc 10 265 36 is_stmt 0 view .LVU718
 2660 05ce FFF7FEFF 		bl	_ZNK5daisy9AdcHandle8GetFloatEh
 2661              	.LVL188:
 265:main.cpp      ****             decay = hw.adc.GetFloat(DECAY) * MAX_D;
 2662              		.loc 10 265 44 view .LVU719
 2663 05d2 F0EE047A 		vmov.f32	s15, #2.5e+0
 265:main.cpp      ****             decay = hw.adc.GetFloat(DECAY) * MAX_D;
 2664              		.loc 10 265 19 view .LVU720
 2665 05d6 594B     		ldr	r3, .L220+68
 266:main.cpp      ****             sustain = hw.adc.GetFloat(SUSTAIN);
 2666              		.loc 10 266 38 view .LVU721
 2667 05d8 0421     		movs	r1, #4
 2668 05da 5348     		ldr	r0, .L220+48
 265:main.cpp      ****             decay = hw.adc.GetFloat(DECAY) * MAX_D;
 2669              		.loc 10 265 44 view .LVU722
 2670 05dc 20EE270A 		vmul.f32	s0, s0, s15
 265:main.cpp      ****             decay = hw.adc.GetFloat(DECAY) * MAX_D;
 2671              		.loc 10 265 19 view .LVU723
ARM GAS  C:\Users\22bur\AppData\Local\Temp\ccfIx2UX.s 			page 107


 2672 05e0 83ED000A 		vstr.32	s0, [r3]
 266:main.cpp      ****             sustain = hw.adc.GetFloat(SUSTAIN);
 2673              		.loc 10 266 13 is_stmt 1 view .LVU724
 266:main.cpp      ****             sustain = hw.adc.GetFloat(SUSTAIN);
 2674              		.loc 10 266 38 is_stmt 0 view .LVU725
 2675 05e4 FFF7FEFF 		bl	_ZNK5daisy9AdcHandle8GetFloatEh
 2676              	.LVL189:
 266:main.cpp      ****             sustain = hw.adc.GetFloat(SUSTAIN);
 2677              		.loc 10 266 21 view .LVU726
 2678 05e8 554B     		ldr	r3, .L220+72
 267:main.cpp      ****             release = hw.adc.GetFloat(RELEASE) * MAX_R;
 2679              		.loc 10 267 38 view .LVU727
 2680 05ea 0521     		movs	r1, #5
 2681 05ec 4E48     		ldr	r0, .L220+48
 266:main.cpp      ****             sustain = hw.adc.GetFloat(SUSTAIN);
 2682              		.loc 10 266 21 view .LVU728
 2683 05ee 83ED000A 		vstr.32	s0, [r3]
 267:main.cpp      ****             release = hw.adc.GetFloat(RELEASE) * MAX_R;
 2684              		.loc 10 267 13 is_stmt 1 view .LVU729
 267:main.cpp      ****             release = hw.adc.GetFloat(RELEASE) * MAX_R;
 2685              		.loc 10 267 38 is_stmt 0 view .LVU730
 2686 05f2 FFF7FEFF 		bl	_ZNK5daisy9AdcHandle8GetFloatEh
 2687              	.LVL190:
 267:main.cpp      ****             release = hw.adc.GetFloat(RELEASE) * MAX_R;
 2688              		.loc 10 267 48 view .LVU731
 2689 05f6 F7EE0C7A 		vmov.f32	s15, #1.75e+0
 267:main.cpp      ****             release = hw.adc.GetFloat(RELEASE) * MAX_R;
 2690              		.loc 10 267 21 view .LVU732
 2691 05fa 524B     		ldr	r3, .L220+76
 267:main.cpp      ****             release = hw.adc.GetFloat(RELEASE) * MAX_R;
 2692              		.loc 10 267 48 view .LVU733
 2693 05fc 20EE270A 		vmul.f32	s0, s0, s15
 267:main.cpp      ****             release = hw.adc.GetFloat(RELEASE) * MAX_R;
 2694              		.loc 10 267 21 view .LVU734
 2695 0600 83ED000A 		vstr.32	s0, [r3]
 270:main.cpp      ****             for(int i = 0; i < 8; i++){
 2696              		.loc 10 270 13 is_stmt 1 view .LVU735
 2697              	.LVL191:
 2698              	.LBB681:
 270:main.cpp      ****             for(int i = 0; i < 8; i++){
 2699              		.loc 10 270 30 view .LVU736
 2700 0604 13E0     		b	.L120
 2701              	.LVL192:
 2702              	.L210:
 2703              	.LBB682:
 2704              	.LBB683:
  77:../DaisyExamples/DaisySP/Source/Control/adsr.h ****         sus_level_ = sus_level;
 2705              		.loc 15 77 60 is_stmt 0 view .LVU737
 2706 0606 B7EE007A 		vmov.f32	s14, #1.0e+0
 2707 060a F4EE477A 		vcmp.f32	s15, s14
 2708 060e F1EE10FA 		vmrs	APSR_nzcv, FPSCR
 2709 0612 77FE277A 		vselgt.f32	s15, s14, s15
 2710              	.LVL193:
 2711              	.L119:
 2712              		.loc 15 78 9 is_stmt 1 view .LVU738
 2713              	.LBE683:
 2714              	.LBE682:
ARM GAS  C:\Users\22bur\AppData\Local\Temp\ccfIx2UX.s 			page 108


 275:main.cpp      ****                 adsr[i].SetReleaseTime(release);
 2715              		.loc 10 275 39 is_stmt 0 view .LVU739
 2716 0616 4B4B     		ldr	r3, .L220+76
 270:main.cpp      ****             for(int i = 0; i < 8; i++){
 2717              		.loc 10 270 13 view .LVU740
 2718 0618 0136     		adds	r6, r6, #1
 2719              	.LVL194:
 275:main.cpp      ****                 adsr[i].SetReleaseTime(release);
 2720              		.loc 10 275 39 view .LVU741
 2721 061a 2046     		mov	r0, r4
 2722              	.LBB686:
 2723              	.LBB684:
 2724              		.loc 15 78 20 view .LVU742
 2725 061c C4ED007A 		vstr.32	s15, [r4]
 2726              	.LVL195:
 2727              		.loc 15 78 20 view .LVU743
 2728              	.LBE684:
 2729              	.LBE686:
 275:main.cpp      ****                 adsr[i].SetReleaseTime(release);
 2730              		.loc 10 275 17 is_stmt 1 view .LVU744
 275:main.cpp      ****                 adsr[i].SetReleaseTime(release);
 2731              		.loc 10 275 39 is_stmt 0 view .LVU745
 2732 0620 93ED000A 		vldr.32	s0, [r3]
 270:main.cpp      ****             for(int i = 0; i < 8; i++){
 2733              		.loc 10 270 30 view .LVU746
 2734 0624 3034     		adds	r4, r4, #48
 275:main.cpp      ****                 adsr[i].SetReleaseTime(release);
 2735              		.loc 10 275 39 view .LVU747
 2736 0626 FFF7FEFF 		bl	_ZN7daisysp4Adsr14SetReleaseTimeEf
 2737              	.LVL196:
 270:main.cpp      ****             for(int i = 0; i < 8; i++){
 2738              		.loc 10 270 13 is_stmt 1 view .LVU748
 270:main.cpp      ****             for(int i = 0; i < 8; i++){
 2739              		.loc 10 270 30 view .LVU749
 2740 062a 082E     		cmp	r6, #8
 2741 062c 58D0     		beq	.L209
 2742              	.LVL197:
 2743              	.L120:
 271:main.cpp      ****                 wt.SetIndex(i,wt_index);
 2744              		.loc 10 271 17 discriminator 2 view .LVU750
 271:main.cpp      ****                 wt.SetIndex(i,wt_index);
 2745              		.loc 10 271 28 is_stmt 0 discriminator 2 view .LVU751
 2746 062e 404B     		ldr	r3, .L220+56
 2747 0630 3146     		mov	r1, r6
 2748 0632 3148     		ldr	r0, .L220
 2749 0634 93ED000A 		vldr.32	s0, [r3]
 2750 0638 FFF7FEFF 		bl	_ZN9Wavetable8SetIndexEif
 2751              	.LVL198:
 272:main.cpp      ****                 adsr[i].SetAttackTime(attack, 0.75F);
 2752              		.loc 10 272 17 is_stmt 1 discriminator 2 view .LVU752
 272:main.cpp      ****                 adsr[i].SetAttackTime(attack, 0.75F);
 2753              		.loc 10 272 38 is_stmt 0 discriminator 2 view .LVU753
 2754 063c 3E4B     		ldr	r3, .L220+64
 2755 063e F6EE080A 		vmov.f32	s1, #7.5e-1
 2756 0642 2046     		mov	r0, r4
 2757 0644 93ED000A 		vldr.32	s0, [r3]
 2758 0648 FFF7FEFF 		bl	_ZN7daisysp4Adsr13SetAttackTimeEff
ARM GAS  C:\Users\22bur\AppData\Local\Temp\ccfIx2UX.s 			page 109


 2759              	.LVL199:
 273:main.cpp      ****                 adsr[i].SetDecayTime(decay);
 2760              		.loc 10 273 17 is_stmt 1 discriminator 2 view .LVU754
 273:main.cpp      ****                 adsr[i].SetDecayTime(decay);
 2761              		.loc 10 273 37 is_stmt 0 discriminator 2 view .LVU755
 2762 064c 3B4B     		ldr	r3, .L220+68
 2763 064e 2046     		mov	r0, r4
 2764 0650 93ED000A 		vldr.32	s0, [r3]
 2765 0654 FFF7FEFF 		bl	_ZN7daisysp4Adsr12SetDecayTimeEf
 2766              	.LVL200:
 274:main.cpp      ****                 adsr[i].SetSustainLevel(sustain);
 2767              		.loc 10 274 17 is_stmt 1 discriminator 2 view .LVU756
 274:main.cpp      ****                 adsr[i].SetSustainLevel(sustain);
 2768              		.loc 10 274 40 is_stmt 0 discriminator 2 view .LVU757
 2769 0658 394B     		ldr	r3, .L220+72
 2770 065a D3ED007A 		vldr.32	s15, [r3]
 2771              	.LVL201:
 2772              	.LBB687:
 2773              	.LBI682:
  74:../DaisyExamples/DaisySP/Source/Control/adsr.h ****     {
 2774              		.loc 15 74 17 is_stmt 1 discriminator 2 view .LVU758
 2775              	.LBB685:
  76:../DaisyExamples/DaisySP/Source/Control/adsr.h ****                                        : (sus_level > 1.f) ? 1.f : sus_level;
 2776              		.loc 15 76 9 discriminator 2 view .LVU759
  76:../DaisyExamples/DaisySP/Source/Control/adsr.h ****                                        : (sus_level > 1.f) ? 1.f : sus_level;
 2777              		.loc 15 76 40 is_stmt 0 discriminator 2 view .LVU760
 2778 065e F5EEC07A 		vcmpe.f32	s15, #0
 2779 0662 F1EE10FA 		vmrs	APSR_nzcv, FPSCR
 2780 0666 CED8     		bhi	.L210
  76:../DaisyExamples/DaisySP/Source/Control/adsr.h ****                                        : (sus_level > 1.f) ? 1.f : sus_level;
 2781              		.loc 15 76 40 view .LVU761
 2782 0668 DFED377A 		vldr.32	s15, .L220+80
 2783              	.LVL202:
  76:../DaisyExamples/DaisySP/Source/Control/adsr.h ****                                        : (sus_level > 1.f) ? 1.f : sus_level;
 2784              		.loc 15 76 40 view .LVU762
 2785 066c D3E7     		b	.L119
 2786              	.LVL203:
 2787              	.L206:
  76:../DaisyExamples/DaisySP/Source/Control/adsr.h ****                                        : (sus_level > 1.f) ? 1.f : sus_level;
 2788              		.loc 15 76 40 view .LVU763
 2789              	.LBE685:
 2790              	.LBE687:
 2791              	.LBE681:
 2792              	.LBE680:
 2793              	.LBE679:
 2794              	.LBB733:
 2795              	.LBB664:
 2796              	.LBB646:
 2797              	.LBB642:
 2798              	.LBI642:
 101:../DaisyExamples/libDaisy/src/util/FIFO.h ****     {
 2799              		.loc 9 101 7 is_stmt 1 view .LVU764
 2800              	.LBB643:
 104:../DaisyExamples/libDaisy/src/util/FIFO.h ****         else
 2801              		.loc 9 104 22 is_stmt 0 view .LVU765
 2802 066e 9022     		movs	r2, #144
 2803 0670 0021     		movs	r1, #0
ARM GAS  C:\Users\22bur\AppData\Local\Temp\ccfIx2UX.s 			page 110


 2804 0672 2AA8     		add	r0, sp, #168
 2805 0674 FFF7FEFF 		bl	memset
 2806              	.LVL204:
 104:../DaisyExamples/libDaisy/src/util/FIFO.h ****         else
 2807              		.loc 9 104 22 view .LVU766
 2808              	.LBE643:
 2809              	.LBE642:
 2810              	.LBE646:
 2811              	.LBE664:
 206:main.cpp      ****             switch(msg.type){
 2812              		.loc 10 206 13 is_stmt 1 view .LVU767
 2813              	.LBB665:
 2814              	.LBB647:
 2815              	.LBB645:
 2816              	.LBB644:
 104:../DaisyExamples/libDaisy/src/util/FIFO.h ****         else
 2817              		.loc 9 104 22 is_stmt 0 view .LVU768
 2818 0678 0022     		movs	r2, #0
 2819 067a 1746     		mov	r7, r2
 2820              	.LVL205:
 2821              	.L98:
 104:../DaisyExamples/libDaisy/src/util/FIFO.h ****         else
 2822              		.loc 9 104 22 view .LVU769
 2823              	.LBE644:
 2824              	.LBE645:
 2825              	.LBE647:
 2826              	.LBE665:
 2827              	.LBE733:
 2828              	.LBE740:
 221:main.cpp      ****                 case NoteOff:
 2829              		.loc 10 221 17 is_stmt 1 view .LVU770
 222:main.cpp      ****                 {
 2830              		.loc 10 222 17 view .LVU771
 2831              	.LBB741:
 2832              	.LBB734:
 2833              	.LBB666:
 2834              	.LBB652:
 224:main.cpp      ****                     char outstr[128];
 2835              		.loc 10 224 21 view .LVU772
 225:main.cpp      ****                     sprintf(outstr, "Remove note:%d\n", msg.data[0]);
 2836              		.loc 10 225 21 view .LVU773
 225:main.cpp      ****                     sprintf(outstr, "Remove note:%d\n", msg.data[0]);
 2837              		.loc 10 225 28 is_stmt 0 view .LVU774
 2838 067c 3349     		ldr	r1, .L220+84
 2839 067e 4EA8     		add	r0, sp, #312
 2840 0680 FFF7FEFF 		bl	sprintf
 2841              	.LVL206:
 226:main.cpp      ****                     hw.PrintLine(outstr);
 2842              		.loc 10 226 21 is_stmt 1 view .LVU775
 2843              	.LBB653:
 2844              	.LBI653:
 126:../DaisyExamples/libDaisy/src/daisy_seed.h ****     {
 2845              		.loc 3 126 17 view .LVU776
 2846              	.LBB654:
 128:../DaisyExamples/libDaisy/src/daisy_seed.h ****     }
 2847              		.loc 3 128 23 is_stmt 0 view .LVU777
 2848 0684 4EA8     		add	r0, sp, #312
ARM GAS  C:\Users\22bur\AppData\Local\Temp\ccfIx2UX.s 			page 111


 2849              	.LVL207:
 128:../DaisyExamples/libDaisy/src/daisy_seed.h ****     }
 2850              		.loc 3 128 23 view .LVU778
 2851 0686 FFF7FEFF 		bl	_ZN5daisy6LoggerILNS_17LoggerDestinationE1EE9PrintLineEPKcz
 2852              	.LVL208:
 128:../DaisyExamples/libDaisy/src/daisy_seed.h ****     }
 2853              		.loc 3 128 23 view .LVU779
 2854              	.LBE654:
 2855              	.LBE653:
 228:main.cpp      ****                     int osc_ = wt.RemoveNote(msg.data[0]);  // removes the note from oscillators
 2856              		.loc 10 228 21 is_stmt 1 view .LVU780
 228:main.cpp      ****                     int osc_ = wt.RemoveNote(msg.data[0]);  // removes the note from oscillators
 2857              		.loc 10 228 45 is_stmt 0 view .LVU781
 2858 068a 3946     		mov	r1, r7
 2859 068c 1A48     		ldr	r0, .L220
 2860 068e FFF7FEFF 		bl	_ZN9Wavetable10RemoveNoteEh
 2861              	.LVL209:
 229:main.cpp      ****                     if(osc_<9){ notes_on[osc_] = 0; }       // tells the ADSR that this oscillator 
 2862              		.loc 10 229 21 is_stmt 1 view .LVU782
 2863 0692 0828     		cmp	r0, #8
 2864 0694 02DC     		bgt	.L103
 229:main.cpp      ****                     if(osc_<9){ notes_on[osc_] = 0; }       // tells the ADSR that this oscillator 
 2865              		.loc 10 229 33 discriminator 1 view .LVU783
 229:main.cpp      ****                     if(osc_<9){ notes_on[osc_] = 0; }       // tells the ADSR that this oscillator 
 2866              		.loc 10 229 48 is_stmt 0 discriminator 1 view .LVU784
 2867 0696 0023     		movs	r3, #0
 2868 0698 2D4A     		ldr	r2, .L220+88
 2869 069a 1354     		strb	r3, [r2, r0]
 2870              	.L103:
 230:main.cpp      ****                     break;
 2871              		.loc 10 230 21 is_stmt 1 discriminator 3 view .LVU785
 2872 069c 0026     		movs	r6, #0
 2873 069e 05E7     		b	.L101
 2874              	.LVL210:
 2875              	.L207:
 230:main.cpp      ****                     break;
 2876              		.loc 10 230 21 is_stmt 0 discriminator 3 view .LVU786
 2877              	.LBE652:
 2878              	.LBB655:
 216:main.cpp      ****                         notes_on[osc_] = 1;                 // tells the ADSR that this oscillator 
 2879              		.loc 10 216 25 is_stmt 1 view .LVU787
 216:main.cpp      ****                         notes_on[osc_] = 1;                 // tells the ADSR that this oscillator 
 2880              		.loc 10 216 40 is_stmt 0 view .LVU788
 2881 06a0 2B4B     		ldr	r3, .L220+88
 217:main.cpp      ****                         adsr[osc_].Retrigger(0);            // retriggers the ADSR in case of overf
 2882              		.loc 10 217 45 view .LVU789
 2883 06a2 0021     		movs	r1, #0
 216:main.cpp      ****                         notes_on[osc_] = 1;                 // tells the ADSR that this oscillator 
 2884              		.loc 10 216 40 view .LVU790
 2885 06a4 1E54     		strb	r6, [r3, r0]
 217:main.cpp      ****                         adsr[osc_].Retrigger(0);            // retriggers the ADSR in case of overf
 2886              		.loc 10 217 25 is_stmt 1 view .LVU791
 217:main.cpp      ****                         adsr[osc_].Retrigger(0);            // retriggers the ADSR in case of overf
 2887              		.loc 10 217 45 is_stmt 0 view .LVU792
 2888 06a6 00EB4000 		add	r0, r0, r0, lsl #1
 2889              	.LVL211:
 217:main.cpp      ****                         adsr[osc_].Retrigger(0);            // retriggers the ADSR in case of overf
ARM GAS  C:\Users\22bur\AppData\Local\Temp\ccfIx2UX.s 			page 112


 2890              		.loc 10 217 45 view .LVU793
 2891 06aa 224B     		ldr	r3, .L220+60
 2892 06ac 03EB0010 		add	r0, r3, r0, lsl #4
 2893 06b0 FFF7FEFF 		bl	_ZN7daisysp4Adsr9RetriggerEb
 2894              	.LVL212:
 219:main.cpp      ****                     break;
 2895              		.loc 10 219 21 is_stmt 1 view .LVU794
 2896 06b4 FAE6     		b	.L101
 2897              	.LVL213:
 2898              	.L155:
 219:main.cpp      ****                     break;
 2899              		.loc 10 219 21 is_stmt 0 view .LVU795
 2900              	.LBE655:
 2901              	.LBE666:
 2902              	.LBE734:
 2903              	.LBB735:
 2904              	.LBB672:
 2905 06b6 3046     		mov	r0, r6
 2906 06b8 3CE7     		b	.L110
 2907              	.LVL214:
 2908              	.L204:
 219:main.cpp      ****                     break;
 2909              		.loc 10 219 21 view .LVU796
 2910              	.LBE672:
 2911              	.LBE735:
 2912              	.LBB736:
 2913              	.LBB631:
 2914              	.LBB625:
 2915              	.LBI625:
 181:../DaisyExamples/libDaisy/src/hid/midi.h ****     {
 2916              		.loc 11 181 10 is_stmt 1 view .LVU797
 2917              	.LBB626:
 188:../DaisyExamples/libDaisy/src/hid/midi.h ****             transport_.FlushRx();
 2918              		.loc 11 188 26 is_stmt 0 view .LVU798
 2919 06ba 2648     		ldr	r0, .L220+92
 2920 06bc FFF7FEFF 		bl	_ZN5daisy10MidiParser5ResetEv
 2921              	.LVL215:
 2922              	.LBB627:
 2923              	.LBI627:
 175:../DaisyExamples/libDaisy/src/hid/midi.h ****     {
 2924              		.loc 11 175 10 is_stmt 1 view .LVU799
 2925              	.LBB628:
 2926              	.LBB629:
 2927              	.LBI629:
  89:../DaisyExamples/libDaisy/src/hid/midi.h ****     {
 2928              		.loc 11 89 17 view .LVU800
 2929              	.LBB630:
  91:../DaisyExamples/libDaisy/src/hid/midi.h ****         parse_callback_ = parse_callback;
 2930              		.loc 11 91 9 view .LVU801
  92:../DaisyExamples/libDaisy/src/hid/midi.h ****         dsy_dma_clear_cache_for_buffer((uint8_t*)this,
 2931              		.loc 11 92 25 is_stmt 0 view .LVU802
 2932 06c0 254B     		ldr	r3, .L220+96
  93:../DaisyExamples/libDaisy/src/hid/midi.h ****                                        sizeof(MidiUartTransport));
 2933              		.loc 11 93 39 view .LVU803
 2934 06c2 1421     		movs	r1, #20
 2935 06c4 2548     		ldr	r0, .L220+100
 2936              	.LVL216:
ARM GAS  C:\Users\22bur\AppData\Local\Temp\ccfIx2UX.s 			page 113


  92:../DaisyExamples/libDaisy/src/hid/midi.h ****         dsy_dma_clear_cache_for_buffer((uint8_t*)this,
 2937              		.loc 11 92 25 view .LVU804
 2938 06c6 2B62     		str	r3, [r5, #32]
  91:../DaisyExamples/libDaisy/src/hid/midi.h ****         parse_callback_ = parse_callback;
 2939              		.loc 11 91 25 view .LVU805
 2940 06c8 ED61     		str	r5, [r5, #28]
  92:../DaisyExamples/libDaisy/src/hid/midi.h ****         dsy_dma_clear_cache_for_buffer((uint8_t*)this,
 2941              		.loc 11 92 9 is_stmt 1 view .LVU806
  93:../DaisyExamples/libDaisy/src/hid/midi.h ****                                        sizeof(MidiUartTransport));
 2942              		.loc 11 93 9 view .LVU807
  93:../DaisyExamples/libDaisy/src/hid/midi.h ****                                        sizeof(MidiUartTransport));
 2943              		.loc 11 93 39 is_stmt 0 view .LVU808
 2944 06ca FFF7FEFF 		bl	dsy_dma_clear_cache_for_buffer
 2945              	.LVL217:
  95:../DaisyExamples/libDaisy/src/hid/midi.h ****             rx_buffer, rx_buffer_size, MidiUartTransport::rxCallback, this);
 2946              		.loc 11 95 9 is_stmt 1 view .LVU809
  95:../DaisyExamples/libDaisy/src/hid/midi.h ****             rx_buffer, rx_buffer_size, MidiUartTransport::rxCallback, this);
 2947              		.loc 11 95 29 is_stmt 0 view .LVU810
 2948 06ce 234B     		ldr	r3, .L220+100
 2949              	.LVL218:
  95:../DaisyExamples/libDaisy/src/hid/midi.h ****             rx_buffer, rx_buffer_size, MidiUartTransport::rxCallback, this);
 2950              		.loc 11 95 29 view .LVU811
 2951 06d0 2248     		ldr	r0, .L220+100
 2952 06d2 0093     		str	r3, [sp]
 2953 06d4 224B     		ldr	r3, .L220+104
 2954              	.LVL219:
  95:../DaisyExamples/libDaisy/src/hid/midi.h ****             rx_buffer, rx_buffer_size, MidiUartTransport::rxCallback, this);
 2955              		.loc 11 95 29 view .LVU812
 2956 06d6 D5E90512 		ldrd	r1, r2, [r5, #20]
 2957 06da FFF7FEFF 		bl	_ZN5daisy11UartHandler14DmaListenStartEPhjPFvS1_jPvNS0_6ResultEES2_
 2958              	.LVL220:
  97:../DaisyExamples/libDaisy/src/hid/midi.h **** 
 2959              		.loc 11 97 5 view .LVU813
 2960 06de 77E6     		b	.L109
 2961              	.LVL221:
 2962              	.L209:
  97:../DaisyExamples/libDaisy/src/hid/midi.h **** 
 2963              		.loc 11 97 5 view .LVU814
 2964              	.LBE630:
 2965              	.LBE629:
 2966              	.LBE628:
 2967              	.LBE627:
 2968              	.LBE626:
 2969              	.LBE625:
 2970              	.LBE631:
 2971              	.LBE736:
 2972              	.LBB737:
 2973              	.LBB731:
 279:main.cpp      ****             switch(menu) {
 2974              		.loc 10 279 13 is_stmt 1 view .LVU815
 2975 06e0 204B     		ldr	r3, .L220+108
 2976 06e2 1B78     		ldrb	r3, [r3]	@ zero_extendqisi2
 2977 06e4 052B     		cmp	r3, #5
 2978 06e6 42D8     		bhi	.L121
 2979 06e8 DFE813F0 		tbh	[pc, r3, lsl #1]
 2980              	.L123:
 2981 06ec 6A01     		.2byte	(.L128-.L123)/2
ARM GAS  C:\Users\22bur\AppData\Local\Temp\ccfIx2UX.s 			page 114


 2982 06ee 7E01     		.2byte	(.L127-.L123)/2
 2983 06f0 3A01     		.2byte	(.L126-.L123)/2
 2984 06f2 D300     		.2byte	(.L125-.L123)/2
 2985 06f4 A700     		.2byte	(.L124-.L123)/2
 2986 06f6 3E00     		.2byte	(.L122-.L123)/2
 2987              		.p2align 1
 2988              	.L221:
 2989              		.align	2
 2990              	.L220:
 2991 06f8 00000000 		.word	wt
 2992 06fc 00000000 		.word	event_log
 2993 0700 00000000 		.word	.LANCHOR31
 2994 0704 00000000 		.word	.LANCHOR32
 2995 0708 00000000 		.word	.LANCHOR33
 2996 070c 00000000 		.word	.LANCHOR34
 2997 0710 00000000 		.word	.LANCHOR35
 2998 0714 00000000 		.word	.LANCHOR36
 2999 0718 00000000 		.word	.LANCHOR26
 3000 071c 00000000 		.word	.LANCHOR27
 3001 0720 00000000 		.word	.LANCHOR28
 3002 0724 00000000 		.word	.LANCHOR29
 3003 0728 18000000 		.word	.LANCHOR30+24
 3004 072c 00000000 		.word	.LANCHOR4
 3005 0730 00000000 		.word	.LANCHOR39
 3006 0734 00000000 		.word	.LANCHOR3
 3007 0738 00000000 		.word	.LANCHOR40
 3008 073c 00000000 		.word	.LANCHOR41
 3009 0740 00000000 		.word	.LANCHOR42
 3010 0744 00000000 		.word	.LANCHOR43
 3011 0748 0AD723BC 		.word	-1138501878
 3012 074c 10000000 		.word	.LC16
 3013 0750 00000000 		.word	.LANCHOR2
 3014 0754 24000000 		.word	midi+36
 3015 0758 00000000 		.word	_ZN5daisy11MidiHandlerINS_17MidiUartTransportEE13ParseCallbackEPhjPv
 3016 075c 10000000 		.word	midi+16
 3017 0760 00000000 		.word	_ZN5daisy17MidiUartTransport10rxCallbackEPhjPvNS_11UartHandler6ResultE
 3018 0764 00000000 		.word	.LANCHOR6
 3019              	.L122:
 3020              	.LBB688:
 3021              	.LBB689:
 396:main.cpp      ****                 case 5: { //Settings
 3022              		.loc 10 396 17 view .LVU816
 396:main.cpp      ****                 case 5: { //Settings
 3023              		.loc 10 396 25 view .LVU817
 398:main.cpp      ****                     menu = 1;
 3024              		.loc 10 398 21 view .LVU818
 398:main.cpp      ****                     menu = 1;
 3025              		.loc 10 398 26 is_stmt 0 view .LVU819
 3026 0768 0123     		movs	r3, #1
 3027 076a AE4A     		ldr	r2, .L222
 3028 076c 1370     		strb	r3, [r2]
 399:main.cpp      ****                     break;
 3029              		.loc 10 399 21 is_stmt 1 view .LVU820
 3030              	.LVL222:
 3031              	.L121:
 399:main.cpp      ****                     break;
 3032              		.loc 10 399 21 is_stmt 0 view .LVU821
ARM GAS  C:\Users\22bur\AppData\Local\Temp\ccfIx2UX.s 			page 115


 3033              	.LBE689:
 3034              	.LBE688:
 403:main.cpp      ****             packetSend();
 3035              		.loc 10 403 13 is_stmt 1 view .LVU822
 403:main.cpp      ****             packetSend();
 3036              		.loc 10 403 23 is_stmt 0 view .LVU823
 3037 076e FFF7FEFF 		bl	_Z10packetSendv
 3038              	.LVL223:
 408:main.cpp      ****             sprintf(outstr, "Volume: %d\tIndex: %d\tA: %d\tD: %d\tS: %d\tR: %d\n", (int)volume, (in
 3039              		.loc 10 408 13 is_stmt 1 view .LVU824
 408:main.cpp      ****             sprintf(outstr, "Volume: %d\tIndex: %d\tA: %d\tD: %d\tS: %d\tR: %d\n", (int)volume, (in
 3040              		.loc 10 408 20 is_stmt 0 view .LVU825
 3041 0772 AD4B     		ldr	r3, .L222+4
 3042 0774 AD49     		ldr	r1, .L222+8
 3043 0776 D3ED005A 		vldr.32	s11, [r3]
 3044 077a AD4B     		ldr	r3, .L222+12
 3045              	.LBB717:
 3046              	.LBB718:
 3047              	.LBB719:
 165:../DaisyExamples/libDaisy/src/util/FIFO.h **** 
 3048              		.loc 9 165 48 view .LVU826
 3049 077c AD4E     		ldr	r6, .L222+16
 3050              	.LBE719:
 3051              	.LBE718:
 3052              	.LBE717:
 408:main.cpp      ****             sprintf(outstr, "Volume: %d\tIndex: %d\tA: %d\tD: %d\tS: %d\tR: %d\n", (int)volume, (in
 3053              		.loc 10 408 20 view .LVU827
 3054 077e 93ED005A 		vldr.32	s10, [r3]
 3055 0782 AD4B     		ldr	r3, .L222+20
 3056 0784 AD48     		ldr	r0, .L222+24
 3057 0786 93ED006A 		vldr.32	s12, [r3]
 3058 078a AD4B     		ldr	r3, .L222+28
 3059 078c BDEEC66A 		vcvt.s32.f32	s12, s12
 3060 0790 D3ED007A 		vldr.32	s15, [r3]
 3061 0794 AB4B     		ldr	r3, .L222+32
 3062 0796 FDEEE77A 		vcvt.s32.f32	s15, s15
 3063 079a 93ED007A 		vldr.32	s14, [r3]
 3064 079e AA4B     		ldr	r3, .L222+36
 3065 07a0 BDEEC77A 		vcvt.s32.f32	s14, s14
 3066 07a4 D3ED006A 		vldr.32	s13, [r3]
 3067 07a8 CDED017A 		vstr.32	s15, [sp, #4]	@ int
 3068 07ac FDEEC57A 		vcvt.s32.f32	s15, s10
 3069 07b0 FDEEE66A 		vcvt.s32.f32	s13, s13
 3070 07b4 8DED006A 		vstr.32	s12, [sp]	@ int
 3071 07b8 8DED027A 		vstr.32	s14, [sp, #8]	@ int
 3072 07bc 17EE903A 		vmov	r3, s15	@ int
 3073 07c0 FDEEE57A 		vcvt.s32.f32	s15, s11
 3074 07c4 CDED036A 		vstr.32	s13, [sp, #12]	@ int
 3075 07c8 17EE902A 		vmov	r2, s15	@ int
 3076 07cc FFF7FEFF 		bl	sprintf
 3077              	.LVL224:
 409:main.cpp      ****             hw.PrintLine(outstr);
 3078              		.loc 10 409 13 is_stmt 1 view .LVU828
 3079              	.LBB726:
 3080              	.LBI726:
 126:../DaisyExamples/libDaisy/src/daisy_seed.h ****     {
 3081              		.loc 3 126 17 view .LVU829
ARM GAS  C:\Users\22bur\AppData\Local\Temp\ccfIx2UX.s 			page 116


 3082              	.LBB727:
 128:../DaisyExamples/libDaisy/src/daisy_seed.h ****     }
 3083              		.loc 3 128 23 is_stmt 0 view .LVU830
 3084 07d0 9A48     		ldr	r0, .L222+24
 3085 07d2 FFF7FEFF 		bl	_ZN5daisy6LoggerILNS_17LoggerDestinationE1EE9PrintLineEPKcz
 3086              	.LVL225:
 128:../DaisyExamples/libDaisy/src/daisy_seed.h ****     }
 3087              		.loc 3 128 23 view .LVU831
 3088              	.LBE727:
 3089              	.LBE726:
 412:main.cpp      ****             if(!event_log.IsEmpty()){
 3090              		.loc 10 412 13 is_stmt 1 view .LVU832
 3091              	.LBB728:
 3092              	.LBB720:
 3093              	.LBI718:
 165:../DaisyExamples/libDaisy/src/util/FIFO.h **** 
 3094              		.loc 9 165 10 view .LVU833
 3095              	.LBE720:
 412:main.cpp      ****             if(!event_log.IsEmpty()){
 3096              		.loc 10 412 13 is_stmt 0 view .LVU834
 3097 07d6 D6E90234 		ldrd	r3, r4, [r6, #8]
 3098 07da A342     		cmp	r3, r4
 3099 07dc 3FF4EBAD 		beq	.L118
 3100              	.LBB721:
 413:main.cpp      ****                 auto msg = event_log.PopFront();
 3101              		.loc 10 413 17 is_stmt 1 view .LVU835
 3102              	.LVL226:
 3103              	.LBB722:
 3104              	.LBI722:
 101:../DaisyExamples/libDaisy/src/util/FIFO.h ****     {
 3105              		.loc 9 101 7 view .LVU836
 3106              	.LBB723:
 107:../DaisyExamples/libDaisy/src/util/FIFO.h ****             bufferOut_++;
 3107              		.loc 9 107 24 is_stmt 0 view .LVU837
 3108 07e0 3368     		ldr	r3, [r6]
 3109 07e2 04EBC401 		add	r1, r4, r4, lsl #3
 3110 07e6 9022     		movs	r2, #144
 3111 07e8 4EA8     		add	r0, sp, #312
 3112 07ea 03EB0111 		add	r1, r3, r1, lsl #4
 108:../DaisyExamples/libDaisy/src/util/FIFO.h ****             if(bufferOut_ >= bufferSize_)
 3113              		.loc 9 108 13 view .LVU838
 3114 07ee 0134     		adds	r4, r4, #1
 107:../DaisyExamples/libDaisy/src/util/FIFO.h ****             bufferOut_++;
 3115              		.loc 9 107 24 view .LVU839
 3116 07f0 FFF7FEFF 		bl	memcpy
 3117              	.LVL227:
 109:../DaisyExamples/libDaisy/src/util/FIFO.h ****                 bufferOut_ -= bufferSize_;
 3118              		.loc 9 109 30 view .LVU840
 3119 07f4 7368     		ldr	r3, [r6, #4]
 108:../DaisyExamples/libDaisy/src/util/FIFO.h ****             if(bufferOut_ >= bufferSize_)
 3120              		.loc 9 108 13 view .LVU841
 3121 07f6 F460     		str	r4, [r6, #12]
 109:../DaisyExamples/libDaisy/src/util/FIFO.h ****                 bufferOut_ -= bufferSize_;
 3122              		.loc 9 109 13 view .LVU842
 3123 07f8 9C42     		cmp	r4, r3
 3124 07fa 01D3     		bcc	.L152
 110:../DaisyExamples/libDaisy/src/util/FIFO.h ****             return result;
ARM GAS  C:\Users\22bur\AppData\Local\Temp\ccfIx2UX.s 			page 117


 3125              		.loc 9 110 28 view .LVU843
 3126 07fc E41A     		subs	r4, r4, r3
 3127 07fe F460     		str	r4, [r6, #12]
 3128              	.L152:
 111:../DaisyExamples/libDaisy/src/util/FIFO.h ****         }
 3129              		.loc 9 111 20 view .LVU844
 3130 0800 4EA9     		add	r1, sp, #312
 3131 0802 9022     		movs	r2, #144
 3132 0804 A1F19000 		sub	r0, r1, #144
 3133 0808 FFF7FEFF 		bl	memcpy
 3134              	.LVL228:
 111:../DaisyExamples/libDaisy/src/util/FIFO.h ****         }
 3135              		.loc 9 111 20 view .LVU845
 3136              	.LBE723:
 3137              	.LBE722:
 414:main.cpp      ****                 char outstr[128];
 3138              		.loc 10 414 17 is_stmt 1 view .LVU846
 415:main.cpp      ****                 char type_str[16];
 3139              		.loc 10 415 17 view .LVU847
 416:main.cpp      ****                 GetMidiTypeAsString(msg, type_str);
 3140              		.loc 10 416 17 view .LVU848
 416:main.cpp      ****                 GetMidiTypeAsString(msg, type_str);
 3141              		.loc 10 416 36 is_stmt 0 view .LVU849
 3142 080c 23A9     		add	r1, sp, #140
 3143 080e 2AA8     		add	r0, sp, #168
 3144 0810 FFF7FEFF 		bl	_Z19GetMidiTypeAsStringRN5daisy9MidiEventEPc
 3145              	.LVL229:
 417:main.cpp      ****                 sprintf(outstr,
 3146              		.loc 10 417 17 is_stmt 1 view .LVU850
 417:main.cpp      ****                 sprintf(outstr,
 3147              		.loc 10 417 24 is_stmt 0 view .LVU851
 3148 0814 9DF8B130 		ldrb	r3, [sp, #177]	@ zero_extendqisi2
 3149 0818 8C49     		ldr	r1, .L222+40
 3150 081a 4EA8     		add	r0, sp, #312
 3151 081c 0293     		str	r3, [sp, #8]
 3152 081e 9DF8B030 		ldrb	r3, [sp, #176]	@ zero_extendqisi2
 3153 0822 0193     		str	r3, [sp, #4]
 3154 0824 2B9B     		ldr	r3, [sp, #172]
 3155 0826 0093     		str	r3, [sp]
 3156 0828 23AB     		add	r3, sp, #140
 3157 082a D8F80020 		ldr	r2, [r8]
 3158 082e FFF7FEFF 		bl	sprintf
 3159              	.LVL230:
 425:main.cpp      ****                 hw.PrintLine(outstr);
 3160              		.loc 10 425 17 is_stmt 1 view .LVU852
 3161              	.LBB724:
 3162              	.LBI724:
 126:../DaisyExamples/libDaisy/src/daisy_seed.h ****     {
 3163              		.loc 3 126 17 view .LVU853
 3164              	.LBB725:
 128:../DaisyExamples/libDaisy/src/daisy_seed.h ****     }
 3165              		.loc 3 128 23 is_stmt 0 view .LVU854
 3166 0832 4EA8     		add	r0, sp, #312
 3167              	.LVL231:
 128:../DaisyExamples/libDaisy/src/daisy_seed.h ****     }
 3168              		.loc 3 128 23 view .LVU855
 3169 0834 FFF7FEFF 		bl	_ZN5daisy6LoggerILNS_17LoggerDestinationE1EE9PrintLineEPKcz
ARM GAS  C:\Users\22bur\AppData\Local\Temp\ccfIx2UX.s 			page 118


 3170              	.LVL232:
 128:../DaisyExamples/libDaisy/src/daisy_seed.h ****     }
 3171              		.loc 3 128 23 view .LVU856
 3172              	.LBE725:
 3173              	.LBE724:
 3174              	.LBE721:
 3175 0838 BDE5     		b	.L118
 3176              	.LVL233:
 3177              	.L124:
 128:../DaisyExamples/libDaisy/src/daisy_seed.h ****     }
 3178              		.loc 3 128 23 view .LVU857
 3179              	.LBE728:
 3180              	.LBB729:
 3181              	.LBB715:
 384:main.cpp      ****                 case 4: { //ADSR
 3182              		.loc 10 384 17 is_stmt 1 view .LVU858
 384:main.cpp      ****                 case 4: { //ADSR
 3183              		.loc 10 384 25 view .LVU859
 385:main.cpp      ****                     if(backward_button.RisingEdge()) {
 3184              		.loc 10 385 21 view .LVU860
 3185              	.LBB690:
 3186              	.LBI690:
  43:../DaisyExamples/libDaisy/src/hid/switch.h **** 
  44:../DaisyExamples/libDaisy/src/hid/switch.h ****     /** 
  45:../DaisyExamples/libDaisy/src/hid/switch.h ****     Initializes the switch object with a given port/pin combo.
  46:../DaisyExamples/libDaisy/src/hid/switch.h ****     \param pin port/pin object to tell the switch which hardware pin to use.
  47:../DaisyExamples/libDaisy/src/hid/switch.h ****     \param update_rate Does nothing. Backwards compatibility until next breaking update.
  48:../DaisyExamples/libDaisy/src/hid/switch.h ****     \param t switch type -- Default: TYPE_MOMENTARY
  49:../DaisyExamples/libDaisy/src/hid/switch.h ****     \param pol switch polarity -- Default: POLARITY_INVERTED
  50:../DaisyExamples/libDaisy/src/hid/switch.h ****     \param pu switch pull up/down -- Default: PULL_UP
  51:../DaisyExamples/libDaisy/src/hid/switch.h ****     */
  52:../DaisyExamples/libDaisy/src/hid/switch.h ****     void
  53:../DaisyExamples/libDaisy/src/hid/switch.h ****     Init(dsy_gpio_pin pin, float update_rate, Type t, Polarity pol, Pull pu);
  54:../DaisyExamples/libDaisy/src/hid/switch.h **** 
  55:../DaisyExamples/libDaisy/src/hid/switch.h ****     /**
  56:../DaisyExamples/libDaisy/src/hid/switch.h ****        Simplified Init.
  57:../DaisyExamples/libDaisy/src/hid/switch.h ****        \param pin port/pin object to tell the switch which hardware pin to use.
  58:../DaisyExamples/libDaisy/src/hid/switch.h ****        \param update_rate Left for backwards compatibility until next breaking change.
  59:../DaisyExamples/libDaisy/src/hid/switch.h ****     */
  60:../DaisyExamples/libDaisy/src/hid/switch.h ****     void Init(dsy_gpio_pin pin, float update_rate = 0.f);
  61:../DaisyExamples/libDaisy/src/hid/switch.h **** 
  62:../DaisyExamples/libDaisy/src/hid/switch.h ****     /** 
  63:../DaisyExamples/libDaisy/src/hid/switch.h ****     Called at update_rate to debounce and handle timing for the switch.
  64:../DaisyExamples/libDaisy/src/hid/switch.h ****     In order for events not to be missed, its important that the Edge/Pressed checks
  65:../DaisyExamples/libDaisy/src/hid/switch.h ****     be made at the same rate as the debounce function is being called.
  66:../DaisyExamples/libDaisy/src/hid/switch.h ****     */
  67:../DaisyExamples/libDaisy/src/hid/switch.h ****     void Debounce();
  68:../DaisyExamples/libDaisy/src/hid/switch.h **** 
  69:../DaisyExamples/libDaisy/src/hid/switch.h ****     /** \return true if a button was just pressed. */
  70:../DaisyExamples/libDaisy/src/hid/switch.h ****     inline bool RisingEdge() const { return updated_ ? state_ == 0x7f : false; }
 3187              		.loc 1 70 17 view .LVU861
 3188              	.LBB691:
 3189              		.loc 1 70 38 view .LVU862
 3190              		.loc 1 70 45 is_stmt 0 view .LVU863
 3191 083a 854B     		ldr	r3, .L222+44
 3192              		.loc 1 70 54 view .LVU864
 3193 083c 1A79     		ldrb	r2, [r3, #4]	@ zero_extendqisi2
ARM GAS  C:\Users\22bur\AppData\Local\Temp\ccfIx2UX.s 			page 119


 3194 083e 1AB1     		cbz	r2, .L150
 3195              	.LVL234:
 3196              		.loc 1 70 54 view .LVU865
 3197              	.LBE691:
 3198              	.LBE690:
 385:main.cpp      ****                     if(backward_button.RisingEdge()) {
 3199              		.loc 10 385 21 view .LVU866
 3200 0840 9B7A     		ldrb	r3, [r3, #10]	@ zero_extendqisi2
 3201 0842 7F2B     		cmp	r3, #127
 3202 0844 00F0B581 		beq	.L211
 3203              	.L150:
 390:main.cpp      ****                     menu_atk = attack;
 3204              		.loc 10 390 21 is_stmt 1 view .LVU867
 390:main.cpp      ****                     menu_atk = attack;
 3205              		.loc 10 390 30 is_stmt 0 view .LVU868
 3206 0848 7B4B     		ldr	r3, .L222+20
 3207 084a 824C     		ldr	r4, .L222+48
 3208 084c 93ED007A 		vldr.32	s14, [r3]
 391:main.cpp      ****                     menu_dec = decay;
 3209              		.loc 10 391 30 view .LVU869
 3210 0850 7B4B     		ldr	r3, .L222+28
 390:main.cpp      ****                     menu_atk = attack;
 3211              		.loc 10 390 30 view .LVU870
 3212 0852 BCEEC77A 		vcvt.u32.f32	s14, s14
 391:main.cpp      ****                     menu_dec = decay;
 3213              		.loc 10 391 30 view .LVU871
 3214 0856 D3ED007A 		vldr.32	s15, [r3]
 392:main.cpp      ****                     menu_sus = sustain;
 3215              		.loc 10 392 30 view .LVU872
 3216 085a 7A4B     		ldr	r3, .L222+32
 391:main.cpp      ****                     menu_dec = decay;
 3217              		.loc 10 391 30 view .LVU873
 3218 085c FCEEE77A 		vcvt.u32.f32	s15, s15
 390:main.cpp      ****                     menu_atk = attack;
 3219              		.loc 10 390 30 view .LVU874
 3220 0860 17EE100A 		vmov	r0, s14	@ int
 392:main.cpp      ****                     menu_sus = sustain;
 3221              		.loc 10 392 30 view .LVU875
 3222 0864 93ED006A 		vldr.32	s12, [r3]
 393:main.cpp      ****                     menu_rel = release;
 3223              		.loc 10 393 30 view .LVU876
 3224 0868 774B     		ldr	r3, .L222+36
 391:main.cpp      ****                     menu_dec = decay;
 3225              		.loc 10 391 30 view .LVU877
 3226 086a 17EE901A 		vmov	r1, s15	@ int
 392:main.cpp      ****                     menu_sus = sustain;
 3227              		.loc 10 392 30 view .LVU878
 3228 086e FCEEC67A 		vcvt.u32.f32	s15, s12
 393:main.cpp      ****                     menu_rel = release;
 3229              		.loc 10 393 30 view .LVU879
 3230 0872 D3ED006A 		vldr.32	s13, [r3]
 390:main.cpp      ****                     menu_atk = attack;
 3231              		.loc 10 390 30 view .LVU880
 3232 0876 2070     		strb	r0, [r4]
 391:main.cpp      ****                     menu_dec = decay;
 3233              		.loc 10 391 21 is_stmt 1 view .LVU881
 391:main.cpp      ****                     menu_dec = decay;
ARM GAS  C:\Users\22bur\AppData\Local\Temp\ccfIx2UX.s 			page 120


 3234              		.loc 10 391 30 is_stmt 0 view .LVU882
 3235 0878 7748     		ldr	r0, .L222+52
 392:main.cpp      ****                     menu_sus = sustain;
 3236              		.loc 10 392 30 view .LVU883
 3237 087a 17EE902A 		vmov	r2, s15	@ int
 393:main.cpp      ****                     menu_rel = release;
 3238              		.loc 10 393 30 view .LVU884
 3239 087e FCEEE67A 		vcvt.u32.f32	s15, s13
 391:main.cpp      ****                     menu_dec = decay;
 3240              		.loc 10 391 30 view .LVU885
 3241 0882 0170     		strb	r1, [r0]
 392:main.cpp      ****                     menu_sus = sustain;
 3242              		.loc 10 392 21 is_stmt 1 view .LVU886
 392:main.cpp      ****                     menu_sus = sustain;
 3243              		.loc 10 392 30 is_stmt 0 view .LVU887
 3244 0884 7549     		ldr	r1, .L222+56
 393:main.cpp      ****                     menu_rel = release;
 3245              		.loc 10 393 30 view .LVU888
 3246 0886 17EE903A 		vmov	r3, s15	@ int
 392:main.cpp      ****                     menu_sus = sustain;
 3247              		.loc 10 392 30 view .LVU889
 3248 088a 0A70     		strb	r2, [r1]
 393:main.cpp      ****                     menu_rel = release;
 3249              		.loc 10 393 21 is_stmt 1 view .LVU890
 393:main.cpp      ****                     menu_rel = release;
 3250              		.loc 10 393 30 is_stmt 0 view .LVU891
 3251 088c 744A     		ldr	r2, .L222+60
 3252 088e 1370     		strb	r3, [r2]
 394:main.cpp      ****                     break;
 3253              		.loc 10 394 21 is_stmt 1 view .LVU892
 3254 0890 6DE7     		b	.L121
 3255              	.L125:
 329:main.cpp      ****                 case 3: { //Effects
 3256              		.loc 10 329 17 view .LVU893
 329:main.cpp      ****                 case 3: { //Effects
 3257              		.loc 10 329 25 view .LVU894
 330:main.cpp      ****                     if(sub_menu) {
 3258              		.loc 10 330 21 view .LVU895
 330:main.cpp      ****                     if(sub_menu) {
 3259              		.loc 10 330 24 is_stmt 0 view .LVU896
 3260 0892 744C     		ldr	r4, .L222+64
 3261 0894 2178     		ldrb	r1, [r4]	@ zero_extendqisi2
 330:main.cpp      ****                     if(sub_menu) {
 3262              		.loc 10 330 21 view .LVU897
 3263 0896 0029     		cmp	r1, #0
 3264 0898 00F04C81 		beq	.L141
 331:main.cpp      ****                         menu_counter = menu_counter % NUMBER_OF_FX;
 3265              		.loc 10 331 25 is_stmt 1 view .LVU898
 331:main.cpp      ****                         menu_counter = menu_counter % NUMBER_OF_FX;
 3266              		.loc 10 331 40 is_stmt 0 view .LVU899
 3267 089c 724F     		ldr	r7, .L222+68
 341:main.cpp      ****                     fx_type = fx_number + fx_select * 10;
 3268              		.loc 10 341 41 view .LVU900
 3269 089e 734E     		ldr	r6, .L222+72
 3270              	.LVL235:
 331:main.cpp      ****                         menu_counter = menu_counter % NUMBER_OF_FX;
 3271              		.loc 10 331 40 view .LVU901
ARM GAS  C:\Users\22bur\AppData\Local\Temp\ccfIx2UX.s 			page 121


 3272 08a0 3B68     		ldr	r3, [r7]
 333:main.cpp      ****                         fx_number = menu_counter;
 3273              		.loc 10 333 35 view .LVU902
 3274 08a2 7348     		ldr	r0, .L222+76
 331:main.cpp      ****                         menu_counter = menu_counter % NUMBER_OF_FX;
 3275              		.loc 10 331 53 view .LVU903
 3276 08a4 5A42     		rsbs	r2, r3, #0
 3277 08a6 03F00303 		and	r3, r3, #3
 3278 08aa 02F00302 		and	r2, r2, #3
 3279 08ae 58BF     		it	pl
 3280 08b0 5342     		rsbpl	r3, r2, #0
 331:main.cpp      ****                         menu_counter = menu_counter % NUMBER_OF_FX;
 3281              		.loc 10 331 38 view .LVU904
 3282 08b2 3B60     		str	r3, [r7]
 333:main.cpp      ****                         fx_number = menu_counter;
 3283              		.loc 10 333 25 is_stmt 1 view .LVU905
 333:main.cpp      ****                         fx_number = menu_counter;
 3284              		.loc 10 333 35 is_stmt 0 view .LVU906
 3285 08b4 3A68     		ldr	r2, [r7]
 341:main.cpp      ****                     fx_type = fx_number + fx_select * 10;
 3286              		.loc 10 341 41 view .LVU907
 3287 08b6 3378     		ldrb	r3, [r6]	@ zero_extendqisi2
 333:main.cpp      ****                         fx_number = menu_counter;
 3288              		.loc 10 333 35 view .LVU908
 3289 08b8 D2B2     		uxtb	r2, r2
 3290 08ba 0270     		strb	r2, [r0]
 3291              	.L142:
 341:main.cpp      ****                     fx_type = fx_number + fx_select * 10;
 3292              		.loc 10 341 21 is_stmt 1 view .LVU909
 341:main.cpp      ****                     fx_type = fx_number + fx_select * 10;
 3293              		.loc 10 341 41 is_stmt 0 view .LVU910
 3294 08bc 03EB8300 		add	r0, r3, r3, lsl #2
 341:main.cpp      ****                     fx_type = fx_number + fx_select * 10;
 3295              		.loc 10 341 29 view .LVU911
 3296 08c0 6C4F     		ldr	r7, .L222+80
 341:main.cpp      ****                     fx_type = fx_number + fx_select * 10;
 3297              		.loc 10 341 41 view .LVU912
 3298 08c2 02EB4002 		add	r2, r2, r0, lsl #1
 3299              	.LBB692:
 3300              	.LBB693:
 3301              		.loc 1 70 45 view .LVU913
 3302 08c6 6248     		ldr	r0, .L222+44
 3303              	.LBE693:
 3304              	.LBE692:
 341:main.cpp      ****                     fx_type = fx_number + fx_select * 10;
 3305              		.loc 10 341 29 view .LVU914
 3306 08c8 3A70     		strb	r2, [r7]
 343:main.cpp      ****                     if(backward_button.RisingEdge()) {
 3307              		.loc 10 343 21 is_stmt 1 view .LVU915
 3308              	.LVL236:
 3309              	.LBB695:
 3310              	.LBI692:
 3311              		.loc 1 70 17 view .LVU916
 3312              	.LBB694:
 3313              		.loc 1 70 38 view .LVU917
 3314              		.loc 1 70 54 is_stmt 0 view .LVU918
 3315 08ca 0279     		ldrb	r2, [r0, #4]	@ zero_extendqisi2
ARM GAS  C:\Users\22bur\AppData\Local\Temp\ccfIx2UX.s 			page 122


 3316 08cc 3AB1     		cbz	r2, .L143
 3317              	.LVL237:
 3318              		.loc 1 70 54 view .LVU919
 3319              	.LBE694:
 3320              	.LBE695:
 343:main.cpp      ****                     if(backward_button.RisingEdge()) {
 3321              		.loc 10 343 21 view .LVU920
 3322 08ce 827A     		ldrb	r2, [r0, #10]	@ zero_extendqisi2
 3323 08d0 7F2A     		cmp	r2, #127
 3324 08d2 04D1     		bne	.L143
 344:main.cpp      ****                         if(sub_menu) {
 3325              		.loc 10 344 25 is_stmt 1 view .LVU921
 3326 08d4 0029     		cmp	r1, #0
 3327 08d6 00F07281 		beq	.L144
 345:main.cpp      ****                             sub_menu = 0;
 3328              		.loc 10 345 29 view .LVU922
 345:main.cpp      ****                             sub_menu = 0;
 3329              		.loc 10 345 38 is_stmt 0 view .LVU923
 3330 08da 0022     		movs	r2, #0
 3331 08dc 2270     		strb	r2, [r4]
 3332              	.L143:
 353:main.cpp      ****                     if(forward_button.RisingEdge()) {
 3333              		.loc 10 353 21 is_stmt 1 view .LVU924
 3334              	.LVL238:
 3335              	.LBB696:
 3336              	.LBI696:
 3337              		.loc 1 70 17 view .LVU925
 3338              	.LBB697:
 3339              		.loc 1 70 38 view .LVU926
 3340              		.loc 1 70 45 is_stmt 0 view .LVU927
 3341 08de 664A     		ldr	r2, .L222+84
 3342              		.loc 1 70 54 view .LVU928
 3343 08e0 1179     		ldrb	r1, [r2, #4]	@ zero_extendqisi2
 3344 08e2 21B1     		cbz	r1, .L145
 3345              	.LVL239:
 3346              		.loc 1 70 54 view .LVU929
 3347              	.LBE697:
 3348              	.LBE696:
 353:main.cpp      ****                     if(forward_button.RisingEdge()) {
 3349              		.loc 10 353 21 view .LVU930
 3350 08e4 927A     		ldrb	r2, [r2, #10]	@ zero_extendqisi2
 3351 08e6 7F2A     		cmp	r2, #127
 3352 08e8 01D1     		bne	.L145
 354:main.cpp      ****                         sub_menu = 1;
 3353              		.loc 10 354 25 is_stmt 1 view .LVU931
 354:main.cpp      ****                         sub_menu = 1;
 3354              		.loc 10 354 34 is_stmt 0 view .LVU932
 3355 08ea 0122     		movs	r2, #1
 3356 08ec 2270     		strb	r2, [r4]
 3357              	.L145:
 357:main.cpp      ****                     if (fx_select != last_fx_select) {
 3358              		.loc 10 357 21 is_stmt 1 view .LVU933
 357:main.cpp      ****                     if (fx_select != last_fx_select) {
 3359              		.loc 10 357 35 is_stmt 0 view .LVU934
 3360 08ee 634C     		ldr	r4, .L222+88
 357:main.cpp      ****                     if (fx_select != last_fx_select) {
 3361              		.loc 10 357 21 view .LVU935
ARM GAS  C:\Users\22bur\AppData\Local\Temp\ccfIx2UX.s 			page 123


 3362 08f0 2278     		ldrb	r2, [r4]	@ zero_extendqisi2
 3363 08f2 9A42     		cmp	r2, r3
 3364 08f4 00F05781 		beq	.L212
 358:main.cpp      ****                         if (fx_select) {
 3365              		.loc 10 358 25 is_stmt 1 view .LVU936
 3366 08f8 002B     		cmp	r3, #0
 3367 08fa 00F04E81 		beq	.L147
 359:main.cpp      ****                             one_counter = fx_val_11;
 3368              		.loc 10 359 29 view .LVU937
 359:main.cpp      ****                             one_counter = fx_val_11;
 3369              		.loc 10 359 43 is_stmt 0 view .LVU938
 3370 08fe 604A     		ldr	r2, .L222+92
 361:main.cpp      ****                             three_counter = fx_val_13;
 3371              		.loc 10 361 45 view .LVU939
 3372 0900 6048     		ldr	r0, .L222+96
 359:main.cpp      ****                             one_counter = fx_val_11;
 3373              		.loc 10 359 43 view .LVU940
 3374 0902 1178     		ldrb	r1, [r2]	@ zero_extendqisi2
 360:main.cpp      ****                             two_counter = fx_val_12;
 3375              		.loc 10 360 43 view .LVU941
 3376 0904 604A     		ldr	r2, .L222+100
 3377 0906 1278     		ldrb	r2, [r2]	@ zero_extendqisi2
 3378              	.L202:
 366:main.cpp      ****                             three_counter = fx_val_03;
 3379              		.loc 10 366 45 view .LVU942
 3380 0908 0678     		ldrb	r6, [r0]	@ zero_extendqisi2
 364:main.cpp      ****                             one_counter = fx_val_01;
 3381              		.loc 10 364 41 view .LVU943
 3382 090a 6048     		ldr	r0, .L222+104
 369:main.cpp      ****                         last_fx_select = fx_select;  // Sync the tracker
 3383              		.loc 10 369 40 view .LVU944
 3384 090c 2370     		strb	r3, [r4]
 364:main.cpp      ****                             one_counter = fx_val_01;
 3385              		.loc 10 364 41 view .LVU945
 3386 090e 0160     		str	r1, [r0]
 365:main.cpp      ****                             two_counter = fx_val_02;
 3387              		.loc 10 365 29 is_stmt 1 view .LVU946
 365:main.cpp      ****                             two_counter = fx_val_02;
 3388              		.loc 10 365 41 is_stmt 0 view .LVU947
 3389 0910 5F49     		ldr	r1, .L222+108
 3390 0912 0A60     		str	r2, [r1]
 366:main.cpp      ****                             three_counter = fx_val_03;
 3391              		.loc 10 366 29 is_stmt 1 view .LVU948
 366:main.cpp      ****                             three_counter = fx_val_03;
 3392              		.loc 10 366 43 is_stmt 0 view .LVU949
 3393 0914 5F4A     		ldr	r2, .L222+112
 3394 0916 1660     		str	r6, [r2]
 369:main.cpp      ****                         last_fx_select = fx_select;  // Sync the tracker
 3395              		.loc 10 369 25 is_stmt 1 view .LVU950
 3396              	.L146:
 372:main.cpp      ****                     if (fx_select) {
 3397              		.loc 10 372 21 view .LVU951
 373:main.cpp      ****                         fx_val_11 = one_counter   % 100;
 3398              		.loc 10 373 37 is_stmt 0 view .LVU952
 3399 0918 0068     		ldr	r0, [r0]
 374:main.cpp      ****                         fx_val_12 = two_counter   % 100;
 3400              		.loc 10 374 37 view .LVU953
ARM GAS  C:\Users\22bur\AppData\Local\Temp\ccfIx2UX.s 			page 124


 3401 091a 0968     		ldr	r1, [r1]
 372:main.cpp      ****                     if (fx_select) {
 3402              		.loc 10 372 21 view .LVU954
 3403 091c 002B     		cmp	r3, #0
 3404 091e 00F01B81 		beq	.L149
 373:main.cpp      ****                         fx_val_11 = one_counter   % 100;
 3405              		.loc 10 373 25 is_stmt 1 view .LVU955
 375:main.cpp      ****                         fx_val_13 = three_counter % 100;
 3406              		.loc 10 375 37 is_stmt 0 view .LVU956
 3407 0922 1368     		ldr	r3, [r2]
 373:main.cpp      ****                         fx_val_11 = one_counter   % 100;
 3408              		.loc 10 373 51 view .LVU957
 3409 0924 C717     		asrs	r7, r0, #31
 3410 0926 5C4A     		ldr	r2, .L222+116
 374:main.cpp      ****                         fx_val_12 = two_counter   % 100;
 3411              		.loc 10 374 51 view .LVU958
 3412 0928 CE17     		asrs	r6, r1, #31
 373:main.cpp      ****                         fx_val_11 = one_counter   % 100;
 3413              		.loc 10 373 51 view .LVU959
 3414 092a 82FB00C4 		smull	ip, r4, r2, r0
 3415 092e C7EB6417 		rsb	r7, r7, r4, asr #5
 374:main.cpp      ****                         fx_val_12 = two_counter   % 100;
 3416              		.loc 10 374 51 view .LVU960
 3417 0932 82FB01C4 		smull	ip, r4, r2, r1
 3418 0936 C6EB6416 		rsb	r6, r6, r4, asr #5
 375:main.cpp      ****                         fx_val_13 = three_counter % 100;
 3419              		.loc 10 375 51 view .LVU961
 3420 093a 82FB0342 		smull	r4, r2, r2, r3
 3421 093e DC17     		asrs	r4, r3, #31
 3422 0940 C4EB6212 		rsb	r2, r4, r2, asr #5
 373:main.cpp      ****                         fx_val_11 = one_counter   % 100;
 3423              		.loc 10 373 51 view .LVU962
 3424 0944 6424     		movs	r4, #100
 375:main.cpp      ****                         fx_val_13 = three_counter % 100;
 3425              		.loc 10 375 51 view .LVU963
 3426 0946 04FB1233 		mls	r3, r4, r2, r3
 373:main.cpp      ****                         fx_val_11 = one_counter   % 100;
 3427              		.loc 10 373 35 view .LVU964
 3428 094a 4D4A     		ldr	r2, .L222+92
 373:main.cpp      ****                         fx_val_11 = one_counter   % 100;
 3429              		.loc 10 373 51 view .LVU965
 3430 094c 04FB1700 		mls	r0, r4, r7, r0
 374:main.cpp      ****                         fx_val_12 = two_counter   % 100;
 3431              		.loc 10 374 51 view .LVU966
 3432 0950 04FB1611 		mls	r1, r4, r6, r1
 373:main.cpp      ****                         fx_val_11 = one_counter   % 100;
 3433              		.loc 10 373 35 view .LVU967
 3434 0954 1070     		strb	r0, [r2]
 374:main.cpp      ****                         fx_val_12 = two_counter   % 100;
 3435              		.loc 10 374 25 is_stmt 1 view .LVU968
 374:main.cpp      ****                         fx_val_12 = two_counter   % 100;
 3436              		.loc 10 374 35 is_stmt 0 view .LVU969
 3437 0956 4C4A     		ldr	r2, .L222+100
 3438 0958 1170     		strb	r1, [r2]
 375:main.cpp      ****                         fx_val_13 = three_counter % 100;
 3439              		.loc 10 375 25 is_stmt 1 view .LVU970
 375:main.cpp      ****                         fx_val_13 = three_counter % 100;
ARM GAS  C:\Users\22bur\AppData\Local\Temp\ccfIx2UX.s 			page 125


 3440              		.loc 10 375 35 is_stmt 0 view .LVU971
 3441 095a 4A4A     		ldr	r2, .L222+96
 3442 095c 1370     		strb	r3, [r2]
 3443 095e 06E7     		b	.L121
 3444              	.LVL240:
 3445              	.L126:
 304:main.cpp      ****                 case 2: { //Wave Menu
 3446              		.loc 10 304 17 is_stmt 1 view .LVU972
 304:main.cpp      ****                 case 2: { //Wave Menu
 3447              		.loc 10 304 25 view .LVU973
 3448              	.LBB698:
 305:main.cpp      ****                     int modulo = 0;             // Variable modulo 
 3449              		.loc 10 305 21 view .LVU974
 306:main.cpp      ****                     if (preset >= 2 && preset <= 3)      modulo = 3;
 3450              		.loc 10 306 21 view .LVU975
 306:main.cpp      ****                     if (preset >= 2 && preset <= 3)      modulo = 3;
 3451              		.loc 10 306 37 is_stmt 0 view .LVU976
 3452 0960 4E4B     		ldr	r3, .L222+120
 3453 0962 1B78     		ldrb	r3, [r3]	@ zero_extendqisi2
 306:main.cpp      ****                     if (preset >= 2 && preset <= 3)      modulo = 3;
 3454              		.loc 10 306 21 view .LVU977
 3455 0964 9A1E     		subs	r2, r3, #2
 3456 0966 012A     		cmp	r2, #1
 3457 0968 40F21581 		bls	.L161
 307:main.cpp      ****                     else if (preset >= 4 && preset <= 5) modulo = 5;
 3458              		.loc 10 307 26 is_stmt 1 view .LVU978
 3459 096c 1A1F     		subs	r2, r3, #4
 3460 096e 012A     		cmp	r2, #1
 3461 0970 40F21D81 		bls	.L162
 308:main.cpp      ****                     else if (preset >= 6 && preset <= 7) modulo = 9;
 3462              		.loc 10 308 26 view .LVU979
 3463 0974 063B     		subs	r3, r3, #6
 3464 0976 012B     		cmp	r3, #1
 3465 0978 00F22A81 		bhi	.L138
 308:main.cpp      ****                     else if (preset >= 6 && preset <= 7) modulo = 9;
 3466              		.loc 10 308 65 is_stmt 0 view .LVU980
 3467 097c 0922     		movs	r2, #9
 3468              	.L137:
 3469              	.LVL241:
 309:main.cpp      ****                     menu_counter = menu_counter % modulo;
 3470              		.loc 10 309 21 is_stmt 1 view .LVU981
 309:main.cpp      ****                     menu_counter = menu_counter % modulo;
 3471              		.loc 10 309 36 is_stmt 0 view .LVU982
 3472 097e 3A4E     		ldr	r6, .L222+68
 3473              	.LVL242:
 3474              	.LBB699:
 3475              	.LBB700:
 3476              		.loc 1 70 45 view .LVU983
 3477 0980 3349     		ldr	r1, .L222+44
 3478              	.LBE700:
 3479              	.LBE699:
 309:main.cpp      ****                     menu_counter = menu_counter % modulo;
 3480              		.loc 10 309 36 view .LVU984
 3481 0982 3368     		ldr	r3, [r6]
 310:main.cpp      ****                     loc = menu_counter;
 3482              		.loc 10 310 25 view .LVU985
 3483 0984 464C     		ldr	r4, .L222+124
ARM GAS  C:\Users\22bur\AppData\Local\Temp\ccfIx2UX.s 			page 126


 309:main.cpp      ****                     menu_counter = menu_counter % modulo;
 3484              		.loc 10 309 49 view .LVU986
 3485 0986 93FBF2F0 		sdiv	r0, r3, r2
 3486 098a 02FB1033 		mls	r3, r2, r0, r3
 3487              	.LBB703:
 3488              	.LBB701:
 3489              		.loc 1 70 54 view .LVU987
 3490 098e 0A79     		ldrb	r2, [r1, #4]	@ zero_extendqisi2
 3491              	.LVL243:
 3492              		.loc 1 70 54 view .LVU988
 3493              	.LBE701:
 3494              	.LBE703:
 309:main.cpp      ****                     menu_counter = menu_counter % modulo;
 3495              		.loc 10 309 34 view .LVU989
 3496 0990 3360     		str	r3, [r6]
 310:main.cpp      ****                     loc = menu_counter;
 3497              		.loc 10 310 21 is_stmt 1 view .LVU990
 310:main.cpp      ****                     loc = menu_counter;
 3498              		.loc 10 310 25 is_stmt 0 view .LVU991
 3499 0992 3368     		ldr	r3, [r6]
 3500 0994 DBB2     		uxtb	r3, r3
 3501 0996 2370     		strb	r3, [r4]
 312:main.cpp      ****                     if(backward_button.RisingEdge()) {
 3502              		.loc 10 312 21 is_stmt 1 view .LVU992
 3503              	.LVL244:
 3504              	.LBB704:
 3505              	.LBI699:
 3506              		.loc 1 70 17 view .LVU993
 3507              	.LBB702:
 3508              		.loc 1 70 38 view .LVU994
 3509              		.loc 1 70 54 is_stmt 0 view .LVU995
 3510 0998 1AB1     		cbz	r2, .L139
 3511              	.LVL245:
 3512              		.loc 1 70 54 view .LVU996
 3513              	.LBE702:
 3514              	.LBE704:
 312:main.cpp      ****                     if(backward_button.RisingEdge()) {
 3515              		.loc 10 312 21 view .LVU997
 3516 099a 8A7A     		ldrb	r2, [r1, #10]	@ zero_extendqisi2
 3517 099c 7F2A     		cmp	r2, #127
 3518 099e 00F08380 		beq	.L213
 3519              	.L139:
 317:main.cpp      ****                     switch(loc) {
 3520              		.loc 10 317 21 is_stmt 1 view .LVU998
 3521 09a2 002B     		cmp	r3, #0
 3522 09a4 40F08980 		bne	.L140
 3523              	.L214:
 318:main.cpp      ****                         case 0:
 3524              		.loc 10 318 25 view .LVU999
 319:main.cpp      ****                             preset = one_counter % 8;
 3525              		.loc 10 319 29 view .LVU1000
 319:main.cpp      ****                             preset = one_counter % 8;
 3526              		.loc 10 319 38 is_stmt 0 view .LVU1001
 3527 09a8 3848     		ldr	r0, .L222+104
 3528 09aa 0368     		ldr	r3, [r0]
 319:main.cpp      ****                             preset = one_counter % 8;
 3529              		.loc 10 319 50 view .LVU1002
ARM GAS  C:\Users\22bur\AppData\Local\Temp\ccfIx2UX.s 			page 127


 3530 09ac 5A42     		rsbs	r2, r3, #0
 3531 09ae 03F00703 		and	r3, r3, #7
 3532 09b2 02F00702 		and	r2, r2, #7
 3533 09b6 58BF     		it	pl
 3534 09b8 5342     		rsbpl	r3, r2, #0
 319:main.cpp      ****                             preset = one_counter % 8;
 3535              		.loc 10 319 36 view .LVU1003
 3536 09ba 384A     		ldr	r2, .L222+120
 3537 09bc 1370     		strb	r3, [r2]
 320:main.cpp      ****                             break;
 3538              		.loc 10 320 29 is_stmt 1 view .LVU1004
 3539 09be D6E6     		b	.L121
 3540              	.LVL246:
 3541              	.L128:
 320:main.cpp      ****                             break;
 3542              		.loc 10 320 29 is_stmt 0 view .LVU1005
 3543              	.LBE698:
 280:main.cpp      ****                 case 0: { //Splash Screen
 3544              		.loc 10 280 17 is_stmt 1 view .LVU1006
 280:main.cpp      ****                 case 0: { //Splash Screen
 3545              		.loc 10 280 25 view .LVU1007
 281:main.cpp      ****                     hw.DelayMs(500);
 3546              		.loc 10 281 21 view .LVU1008
 281:main.cpp      ****                     hw.DelayMs(500);
 3547              		.loc 10 281 31 is_stmt 0 view .LVU1009
 3548 09c0 4FF4FA71 		mov	r1, #500
 3549 09c4 3748     		ldr	r0, .L222+128
 3550 09c6 FFF7FEFF 		bl	_ZN5daisy9DaisySeed7DelayMsEj
 3551              	.LVL247:
 282:main.cpp      ****                     loc++;
 3552              		.loc 10 282 21 is_stmt 1 view .LVU1010
 282:main.cpp      ****                     loc++;
 3553              		.loc 10 282 24 is_stmt 0 view .LVU1011
 3554 09ca 354A     		ldr	r2, .L222+124
 3555 09cc 1378     		ldrb	r3, [r2]	@ zero_extendqisi2
 3556 09ce 0133     		adds	r3, r3, #1
 3557 09d0 DBB2     		uxtb	r3, r3
 284:main.cpp      ****                     if(loc > 3) {
 3558              		.loc 10 284 21 view .LVU1012
 3559 09d2 032B     		cmp	r3, #3
 282:main.cpp      ****                     loc++;
 3560              		.loc 10 282 24 view .LVU1013
 3561 09d4 1370     		strb	r3, [r2]
 284:main.cpp      ****                     if(loc > 3) {
 3562              		.loc 10 284 21 is_stmt 1 view .LVU1014
 3563 09d6 7FF6CAAE 		bls	.L121
 285:main.cpp      ****                         menu++;
 3564              		.loc 10 285 25 view .LVU1015
 285:main.cpp      ****                         menu++;
 3565              		.loc 10 285 29 is_stmt 0 view .LVU1016
 3566 09da 124A     		ldr	r2, .L222
 3567 09dc 1378     		ldrb	r3, [r2]	@ zero_extendqisi2
 3568 09de 0133     		adds	r3, r3, #1
 3569 09e0 1370     		strb	r3, [r2]
 286:main.cpp      ****                         resetValues();
 3570              		.loc 10 286 25 is_stmt 1 view .LVU1017
 286:main.cpp      ****                         resetValues();
ARM GAS  C:\Users\22bur\AppData\Local\Temp\ccfIx2UX.s 			page 128


 3571              		.loc 10 286 36 is_stmt 0 view .LVU1018
 3572 09e2 FFF7FEFF 		bl	_Z11resetValuesv
 3573              	.LVL248:
 3574 09e6 C2E6     		b	.L121
 3575              	.L127:
 290:main.cpp      ****                 case 1: { //Main Menu
 3576              		.loc 10 290 17 is_stmt 1 view .LVU1019
 290:main.cpp      ****                 case 1: { //Main Menu
 3577              		.loc 10 290 25 view .LVU1020
 291:main.cpp      ****                     menu_counter = menu_counter % 4; // Round off from 0-3 for four menu options
 3578              		.loc 10 291 21 view .LVU1021
 291:main.cpp      ****                     menu_counter = menu_counter % 4; // Round off from 0-3 for four menu options
 3579              		.loc 10 291 36 is_stmt 0 view .LVU1022
 3580 09e8 1F4C     		ldr	r4, .L222+68
 3581              	.LBB705:
 3582              	.LBB706:
 3583              		.loc 1 70 45 view .LVU1023
 3584 09ea 2349     		ldr	r1, .L222+84
 3585              	.LBE706:
 3586              	.LBE705:
 291:main.cpp      ****                     menu_counter = menu_counter % 4; // Round off from 0-3 for four menu options
 3587              		.loc 10 291 36 view .LVU1024
 3588 09ec 2368     		ldr	r3, [r4]
 292:main.cpp      ****                     loc = menu_counter;              // Set the current menu location to the menu c
 3589              		.loc 10 292 25 view .LVU1025
 3590 09ee 2C48     		ldr	r0, .L222+124
 291:main.cpp      ****                     menu_counter = menu_counter % 4; // Round off from 0-3 for four menu options
 3591              		.loc 10 291 49 view .LVU1026
 3592 09f0 5A42     		rsbs	r2, r3, #0
 3593 09f2 03F00303 		and	r3, r3, #3
 3594 09f6 02F00302 		and	r2, r2, #3
 3595 09fa 58BF     		it	pl
 3596 09fc 5342     		rsbpl	r3, r2, #0
 3597              	.LBB709:
 3598              	.LBB707:
 3599              		.loc 1 70 54 view .LVU1027
 3600 09fe 0A79     		ldrb	r2, [r1, #4]	@ zero_extendqisi2
 3601              	.LBE707:
 3602              	.LBE709:
 291:main.cpp      ****                     menu_counter = menu_counter % 4; // Round off from 0-3 for four menu options
 3603              		.loc 10 291 34 view .LVU1028
 3604 0a00 2360     		str	r3, [r4]
 292:main.cpp      ****                     loc = menu_counter;              // Set the current menu location to the menu c
 3605              		.loc 10 292 21 is_stmt 1 view .LVU1029
 292:main.cpp      ****                     loc = menu_counter;              // Set the current menu location to the menu c
 3606              		.loc 10 292 25 is_stmt 0 view .LVU1030
 3607 0a02 2368     		ldr	r3, [r4]
 3608 0a04 DBB2     		uxtb	r3, r3
 3609 0a06 0370     		strb	r3, [r0]
 293:main.cpp      ****                     if (forward_button.RisingEdge()) {// Forward button is pressed
 3610              		.loc 10 293 21 is_stmt 1 view .LVU1031
 3611              	.LVL249:
 3612              	.LBB710:
 3613              	.LBI705:
 3614              		.loc 1 70 17 view .LVU1032
 3615              	.LBB708:
 3616              		.loc 1 70 38 view .LVU1033
ARM GAS  C:\Users\22bur\AppData\Local\Temp\ccfIx2UX.s 			page 129


 3617              		.loc 1 70 54 is_stmt 0 view .LVU1034
 3618 0a08 002A     		cmp	r2, #0
 3619 0a0a 3FF4B0AE 		beq	.L121
 3620              	.LVL250:
 3621              		.loc 1 70 54 view .LVU1035
 3622              	.LBE708:
 3623              	.LBE710:
 293:main.cpp      ****                     if (forward_button.RisingEdge()) {// Forward button is pressed
 3624              		.loc 10 293 21 view .LVU1036
 3625 0a0e 8A7A     		ldrb	r2, [r1, #10]	@ zero_extendqisi2
 3626 0a10 7F2A     		cmp	r2, #127
 3627 0a12 7FF4ACAE 		bne	.L121
 294:main.cpp      ****                         switch(loc) {
 3628              		.loc 10 294 25 is_stmt 1 view .LVU1037
 3629 0a16 032B     		cmp	r3, #3
 3630 0a18 7DD8     		bhi	.L131
 3631 0a1a DFE803F0 		tbb	[pc, r3]
 3632              	.L133:
 3633 0a1e 83       		.byte	(.L136-.L133)/2
 3634 0a1f 87       		.byte	(.L135-.L133)/2
 3635 0a20 7F       		.byte	(.L134-.L133)/2
 3636 0a21 79       		.byte	(.L132-.L133)/2
 3637              		.p2align 1
 3638              	.L223:
 3639 0a22 00BF     		.align	2
 3640              	.L222:
 3641 0a24 00000000 		.word	.LANCHOR6
 3642 0a28 00000000 		.word	.LANCHOR4
 3643 0a2c 20000000 		.word	.LC17
 3644 0a30 00000000 		.word	.LANCHOR39
 3645 0a34 00000000 		.word	event_log
 3646 0a38 00000000 		.word	.LANCHOR40
 3647 0a3c 00000000 		.word	.LANCHOR46
 3648 0a40 00000000 		.word	.LANCHOR41
 3649 0a44 00000000 		.word	.LANCHOR42
 3650 0a48 00000000 		.word	.LANCHOR43
 3651 0a4c 50000000 		.word	.LC18
 3652 0a50 00000000 		.word	.LANCHOR36
 3653 0a54 00000000 		.word	.LANCHOR21
 3654 0a58 00000000 		.word	.LANCHOR22
 3655 0a5c 00000000 		.word	.LANCHOR23
 3656 0a60 00000000 		.word	.LANCHOR24
 3657 0a64 00000000 		.word	.LANCHOR8
 3658 0a68 00000000 		.word	.LANCHOR26
 3659 0a6c 00000000 		.word	.LANCHOR14
 3660 0a70 00000000 		.word	.LANCHOR44
 3661 0a74 00000000 		.word	.LANCHOR13
 3662 0a78 00000000 		.word	.LANCHOR35
 3663 0a7c 00000000 		.word	.LANCHOR45
 3664 0a80 00000000 		.word	.LANCHOR15
 3665 0a84 00000000 		.word	.LANCHOR17
 3666 0a88 00000000 		.word	.LANCHOR16
 3667 0a8c 00000000 		.word	.LANCHOR27
 3668 0a90 00000000 		.word	.LANCHOR28
 3669 0a94 00000000 		.word	.LANCHOR29
 3670 0a98 1F85EB51 		.word	1374389535
 3671 0a9c 00000000 		.word	.LANCHOR12
ARM GAS  C:\Users\22bur\AppData\Local\Temp\ccfIx2UX.s 			page 130


 3672 0aa0 00000000 		.word	.LANCHOR7
 3673 0aa4 00000000 		.word	.LANCHOR30
 3674              	.LVL251:
 3675              	.L213:
 3676              	.LBB711:
 313:main.cpp      ****                         menu = 1;
 3677              		.loc 10 313 25 view .LVU1038
 313:main.cpp      ****                         menu = 1;
 3678              		.loc 10 313 30 is_stmt 0 view .LVU1039
 3679 0aa8 0123     		movs	r3, #1
 3680 0aaa 4B4A     		ldr	r2, .L224
 3681 0aac 1370     		strb	r3, [r2]
 314:main.cpp      ****                         resetValues();
 3682              		.loc 10 314 25 is_stmt 1 view .LVU1040
 314:main.cpp      ****                         resetValues();
 3683              		.loc 10 314 36 is_stmt 0 view .LVU1041
 3684 0aae FFF7FEFF 		bl	_Z11resetValuesv
 3685              	.LVL252:
 317:main.cpp      ****                     switch(loc) {
 3686              		.loc 10 317 28 view .LVU1042
 3687 0ab2 2378     		ldrb	r3, [r4]	@ zero_extendqisi2
 317:main.cpp      ****                     switch(loc) {
 3688              		.loc 10 317 21 is_stmt 1 view .LVU1043
 3689 0ab4 002B     		cmp	r3, #0
 3690 0ab6 3FF477AF 		beq	.L214
 3691              	.L140:
 321:main.cpp      ****                         default:
 3692              		.loc 10 321 25 view .LVU1044
 322:main.cpp      ****                             amp[loc-1] = one_counter % 100 + 1;
 3693              		.loc 10 322 29 view .LVU1045
 322:main.cpp      ****                             amp[loc-1] = one_counter % 100 + 1;
 3694              		.loc 10 322 42 is_stmt 0 view .LVU1046
 3695 0aba 4848     		ldr	r0, .L224+4
 322:main.cpp      ****                             amp[loc-1] = one_counter % 100 + 1;
 3696              		.loc 10 322 36 view .LVU1047
 3697 0abc 013B     		subs	r3, r3, #1
 324:main.cpp      ****                             phase[loc-1] = three_counter % 360;
 3698              		.loc 10 324 44 view .LVU1048
 3699 0abe 484A     		ldr	r2, .L224+8
 322:main.cpp      ****                             amp[loc-1] = one_counter % 100 + 1;
 3700              		.loc 10 322 42 view .LVU1049
 3701 0ac0 0068     		ldr	r0, [r0]
 323:main.cpp      ****                             shape[loc-1] = two_counter % 3;
 3702              		.loc 10 323 44 view .LVU1050
 3703 0ac2 4849     		ldr	r1, .L224+12
 322:main.cpp      ****                             amp[loc-1] = one_counter % 100 + 1;
 3704              		.loc 10 322 54 view .LVU1051
 3705 0ac4 484F     		ldr	r7, .L224+16
 323:main.cpp      ****                             shape[loc-1] = two_counter % 3;
 3706              		.loc 10 323 44 view .LVU1052
 3707 0ac6 0C68     		ldr	r4, [r1]
 324:main.cpp      ****                             phase[loc-1] = three_counter % 360;
 3708              		.loc 10 324 44 view .LVU1053
 3709 0ac8 1168     		ldr	r1, [r2]
 322:main.cpp      ****                             amp[loc-1] = one_counter % 100 + 1;
 3710              		.loc 10 322 54 view .LVU1054
 3711 0aca 87FB0027 		smull	r2, r7, r7, r0
ARM GAS  C:\Users\22bur\AppData\Local\Temp\ccfIx2UX.s 			page 131


 323:main.cpp      ****                             shape[loc-1] = two_counter % 3;
 3712              		.loc 10 323 56 view .LVU1055
 3713 0ace 474A     		ldr	r2, .L224+20
 3714 0ad0 82FB0462 		smull	r6, r2, r2, r4
 324:main.cpp      ****                             phase[loc-1] = three_counter % 360;
 3715              		.loc 10 324 58 view .LVU1056
 3716 0ad4 464E     		ldr	r6, .L224+24
 323:main.cpp      ****                             shape[loc-1] = two_counter % 3;
 3717              		.loc 10 323 56 view .LVU1057
 3718 0ad6 A2EBE472 		sub	r2, r2, r4, asr #31
 3719 0ada 02EB4202 		add	r2, r2, r2, lsl #1
 3720 0ade A41A     		subs	r4, r4, r2
 324:main.cpp      ****                             phase[loc-1] = three_counter % 360;
 3721              		.loc 10 324 58 view .LVU1058
 3722 0ae0 86FB0126 		smull	r2, r6, r6, r1
 322:main.cpp      ****                             amp[loc-1] = one_counter % 100 + 1;
 3723              		.loc 10 322 54 view .LVU1059
 3724 0ae4 C217     		asrs	r2, r0, #31
 324:main.cpp      ****                             phase[loc-1] = three_counter % 360;
 3725              		.loc 10 324 58 view .LVU1060
 3726 0ae6 0E44     		add	r6, r6, r1
 322:main.cpp      ****                             amp[loc-1] = one_counter % 100 + 1;
 3727              		.loc 10 322 54 view .LVU1061
 3728 0ae8 C2EB6712 		rsb	r2, r2, r7, asr #5
 3729 0aec 6427     		movs	r7, #100
 3730 0aee 07FB1202 		mls	r2, r7, r2, r0
 324:main.cpp      ****                             phase[loc-1] = three_counter % 360;
 3731              		.loc 10 324 58 view .LVU1062
 3732 0af2 C817     		asrs	r0, r1, #31
 3733 0af4 C0EB2626 		rsb	r6, r0, r6, asr #8
 3734 0af8 4FF4B470 		mov	r0, #360
 322:main.cpp      ****                             amp[loc-1] = one_counter % 100 + 1;
 3735              		.loc 10 322 60 view .LVU1063
 3736 0afc 0132     		adds	r2, r2, #1
 324:main.cpp      ****                             phase[loc-1] = three_counter % 360;
 3737              		.loc 10 324 58 view .LVU1064
 3738 0afe 00FB1611 		mls	r1, r0, r6, r1
 322:main.cpp      ****                             amp[loc-1] = one_counter % 100 + 1;
 3739              		.loc 10 322 40 view .LVU1065
 3740 0b02 3C48     		ldr	r0, .L224+28
 3741 0b04 C254     		strb	r2, [r0, r3]
 323:main.cpp      ****                             shape[loc-1] = two_counter % 3;
 3742              		.loc 10 323 29 is_stmt 1 view .LVU1066
 323:main.cpp      ****                             shape[loc-1] = two_counter % 3;
 3743              		.loc 10 323 42 is_stmt 0 view .LVU1067
 3744 0b06 3C4A     		ldr	r2, .L224+32
 3745 0b08 D454     		strb	r4, [r2, r3]
 324:main.cpp      ****                             phase[loc-1] = three_counter % 360;
 3746              		.loc 10 324 29 is_stmt 1 view .LVU1068
 324:main.cpp      ****                             phase[loc-1] = three_counter % 360;
 3747              		.loc 10 324 42 is_stmt 0 view .LVU1069
 3748 0b0a 3C4A     		ldr	r2, .L224+36
 3749 0b0c D154     		strb	r1, [r2, r3]
 325:main.cpp      ****                             break;
 3750              		.loc 10 325 29 is_stmt 1 view .LVU1070
 3751 0b0e 2EE6     		b	.L121
 3752              	.LVL253:
ARM GAS  C:\Users\22bur\AppData\Local\Temp\ccfIx2UX.s 			page 132


 3753              	.L132:
 325:main.cpp      ****                             break;
 3754              		.loc 10 325 29 is_stmt 0 view .LVU1071
 3755              	.LBE711:
 298:main.cpp      ****                             case 3: menu = 5; break;
 3756              		.loc 10 298 29 is_stmt 1 view .LVU1072
 298:main.cpp      ****                             case 3: menu = 5; break;
 3757              		.loc 10 298 37 view .LVU1073
 298:main.cpp      ****                             case 3: menu = 5; break;
 3758              		.loc 10 298 42 is_stmt 0 view .LVU1074
 3759 0b10 0523     		movs	r3, #5
 3760 0b12 314A     		ldr	r2, .L224
 3761 0b14 1370     		strb	r3, [r2]
 298:main.cpp      ****                             case 3: menu = 5; break;
 3762              		.loc 10 298 47 is_stmt 1 view .LVU1075
 3763              	.L131:
 300:main.cpp      ****                         resetValues();
 3764              		.loc 10 300 25 view .LVU1076
 300:main.cpp      ****                         resetValues();
 3765              		.loc 10 300 36 is_stmt 0 view .LVU1077
 3766 0b16 FFF7FEFF 		bl	_Z11resetValuesv
 3767              	.LVL254:
 3768 0b1a 28E6     		b	.L121
 3769              	.L134:
 297:main.cpp      ****                             case 2: menu = 4; break;
 3770              		.loc 10 297 29 is_stmt 1 view .LVU1078
 297:main.cpp      ****                             case 2: menu = 4; break;
 3771              		.loc 10 297 37 view .LVU1079
 297:main.cpp      ****                             case 2: menu = 4; break;
 3772              		.loc 10 297 42 is_stmt 0 view .LVU1080
 3773 0b1c 0423     		movs	r3, #4
 3774 0b1e 2E4A     		ldr	r2, .L224
 3775 0b20 1370     		strb	r3, [r2]
 297:main.cpp      ****                             case 2: menu = 4; break;
 3776              		.loc 10 297 47 is_stmt 1 view .LVU1081
 3777 0b22 F8E7     		b	.L131
 3778              	.L136:
 295:main.cpp      ****                             case 0: menu = 2; break;
 3779              		.loc 10 295 29 view .LVU1082
 295:main.cpp      ****                             case 0: menu = 2; break;
 3780              		.loc 10 295 37 view .LVU1083
 295:main.cpp      ****                             case 0: menu = 2; break;
 3781              		.loc 10 295 42 is_stmt 0 view .LVU1084
 3782 0b24 0223     		movs	r3, #2
 3783 0b26 2C4A     		ldr	r2, .L224
 3784 0b28 1370     		strb	r3, [r2]
 295:main.cpp      ****                             case 0: menu = 2; break;
 3785              		.loc 10 295 47 is_stmt 1 view .LVU1085
 3786 0b2a F4E7     		b	.L131
 3787              	.L135:
 296:main.cpp      ****                             case 1: menu = 3; break;
 3788              		.loc 10 296 29 view .LVU1086
 296:main.cpp      ****                             case 1: menu = 3; break;
 3789              		.loc 10 296 37 view .LVU1087
 296:main.cpp      ****                             case 1: menu = 3; break;
 3790              		.loc 10 296 42 is_stmt 0 view .LVU1088
 3791 0b2c 0323     		movs	r3, #3
ARM GAS  C:\Users\22bur\AppData\Local\Temp\ccfIx2UX.s 			page 133


 3792 0b2e 2A4A     		ldr	r2, .L224
 3793 0b30 1370     		strb	r3, [r2]
 296:main.cpp      ****                             case 1: menu = 3; break;
 3794              		.loc 10 296 47 is_stmt 1 view .LVU1089
 3795 0b32 F0E7     		b	.L131
 3796              	.L141:
 336:main.cpp      ****                         menu_counter = menu_counter % 2;
 3797              		.loc 10 336 25 view .LVU1090
 336:main.cpp      ****                         menu_counter = menu_counter % 2;
 3798              		.loc 10 336 40 is_stmt 0 view .LVU1091
 3799 0b34 324A     		ldr	r2, .L224+40
 338:main.cpp      ****                         fx_select = menu_counter;
 3800              		.loc 10 338 35 view .LVU1092
 3801 0b36 334E     		ldr	r6, .L224+44
 3802              	.LVL255:
 336:main.cpp      ****                         menu_counter = menu_counter % 2;
 3803              		.loc 10 336 40 view .LVU1093
 3804 0b38 1368     		ldr	r3, [r2]
 336:main.cpp      ****                         menu_counter = menu_counter % 2;
 3805              		.loc 10 336 38 view .LVU1094
 3806 0b3a 1046     		mov	r0, r2
 336:main.cpp      ****                         menu_counter = menu_counter % 2;
 3807              		.loc 10 336 53 view .LVU1095
 3808 0b3c 002B     		cmp	r3, #0
 3809 0b3e 03F00103 		and	r3, r3, #1
 3810 0b42 B8BF     		it	lt
 3811 0b44 5B42     		rsblt	r3, r3, #0
 336:main.cpp      ****                         menu_counter = menu_counter % 2;
 3812              		.loc 10 336 38 view .LVU1096
 3813 0b46 1360     		str	r3, [r2]
 338:main.cpp      ****                         fx_select = menu_counter;
 3814              		.loc 10 338 25 is_stmt 1 view .LVU1097
 341:main.cpp      ****                     fx_type = fx_number + fx_select * 10;
 3815              		.loc 10 341 41 is_stmt 0 view .LVU1098
 3816 0b48 2F4B     		ldr	r3, .L224+48
 3817 0b4a 1A78     		ldrb	r2, [r3]	@ zero_extendqisi2
 338:main.cpp      ****                         fx_select = menu_counter;
 3818              		.loc 10 338 37 view .LVU1099
 3819 0b4c 0368     		ldr	r3, [r0]
 3820 0b4e 003B     		subs	r3, r3, #0
 3821 0b50 18BF     		it	ne
 3822 0b52 0123     		movne	r3, #1
 338:main.cpp      ****                         fx_select = menu_counter;
 3823              		.loc 10 338 35 view .LVU1100
 3824 0b54 3370     		strb	r3, [r6]
 3825 0b56 B1E6     		b	.L142
 3826              	.L149:
 378:main.cpp      ****                         fx_val_01 = one_counter   % 100;
 3827              		.loc 10 378 25 is_stmt 1 view .LVU1101
 380:main.cpp      ****                         fx_val_03 = three_counter % 100;
 3828              		.loc 10 380 37 is_stmt 0 view .LVU1102
 3829 0b58 1368     		ldr	r3, [r2]
 378:main.cpp      ****                         fx_val_01 = one_counter   % 100;
 3830              		.loc 10 378 51 view .LVU1103
 3831 0b5a C717     		asrs	r7, r0, #31
 3832 0b5c 224A     		ldr	r2, .L224+16
 379:main.cpp      ****                         fx_val_02 = two_counter   % 100;
ARM GAS  C:\Users\22bur\AppData\Local\Temp\ccfIx2UX.s 			page 134


 3833              		.loc 10 379 51 view .LVU1104
 3834 0b5e CE17     		asrs	r6, r1, #31
 378:main.cpp      ****                         fx_val_01 = one_counter   % 100;
 3835              		.loc 10 378 51 view .LVU1105
 3836 0b60 82FB00C4 		smull	ip, r4, r2, r0
 3837 0b64 C7EB6417 		rsb	r7, r7, r4, asr #5
 379:main.cpp      ****                         fx_val_02 = two_counter   % 100;
 3838              		.loc 10 379 51 view .LVU1106
 3839 0b68 82FB01C4 		smull	ip, r4, r2, r1
 3840 0b6c C6EB6416 		rsb	r6, r6, r4, asr #5
 380:main.cpp      ****                         fx_val_03 = three_counter % 100;
 3841              		.loc 10 380 51 view .LVU1107
 3842 0b70 82FB0342 		smull	r4, r2, r2, r3
 3843 0b74 DC17     		asrs	r4, r3, #31
 3844 0b76 C4EB6212 		rsb	r2, r4, r2, asr #5
 378:main.cpp      ****                         fx_val_01 = one_counter   % 100;
 3845              		.loc 10 378 51 view .LVU1108
 3846 0b7a 6424     		movs	r4, #100
 380:main.cpp      ****                         fx_val_03 = three_counter % 100;
 3847              		.loc 10 380 51 view .LVU1109
 3848 0b7c 04FB1233 		mls	r3, r4, r2, r3
 378:main.cpp      ****                         fx_val_01 = one_counter   % 100;
 3849              		.loc 10 378 35 view .LVU1110
 3850 0b80 224A     		ldr	r2, .L224+52
 378:main.cpp      ****                         fx_val_01 = one_counter   % 100;
 3851              		.loc 10 378 51 view .LVU1111
 3852 0b82 04FB1700 		mls	r0, r4, r7, r0
 379:main.cpp      ****                         fx_val_02 = two_counter   % 100;
 3853              		.loc 10 379 51 view .LVU1112
 3854 0b86 04FB1611 		mls	r1, r4, r6, r1
 378:main.cpp      ****                         fx_val_01 = one_counter   % 100;
 3855              		.loc 10 378 35 view .LVU1113
 3856 0b8a 1070     		strb	r0, [r2]
 379:main.cpp      ****                         fx_val_02 = two_counter   % 100;
 3857              		.loc 10 379 25 is_stmt 1 view .LVU1114
 379:main.cpp      ****                         fx_val_02 = two_counter   % 100;
 3858              		.loc 10 379 35 is_stmt 0 view .LVU1115
 3859 0b8c 204A     		ldr	r2, .L224+56
 3860 0b8e 1170     		strb	r1, [r2]
 380:main.cpp      ****                         fx_val_03 = three_counter % 100;
 3861              		.loc 10 380 25 is_stmt 1 view .LVU1116
 380:main.cpp      ****                         fx_val_03 = three_counter % 100;
 3862              		.loc 10 380 35 is_stmt 0 view .LVU1117
 3863 0b90 204A     		ldr	r2, .L224+60
 3864 0b92 1370     		strb	r3, [r2]
 3865 0b94 EBE5     		b	.L121
 3866              	.LVL256:
 3867              	.L161:
 3868              	.LBB712:
 306:main.cpp      ****                     if (preset >= 2 && preset <= 3)      modulo = 3;
 3869              		.loc 10 306 65 view .LVU1118
 3870 0b96 0322     		movs	r2, #3
 3871 0b98 F1E6     		b	.L137
 3872              	.LVL257:
 3873              	.L147:
 306:main.cpp      ****                     if (preset >= 2 && preset <= 3)      modulo = 3;
 3874              		.loc 10 306 65 view .LVU1119
ARM GAS  C:\Users\22bur\AppData\Local\Temp\ccfIx2UX.s 			page 135


 3875              	.LBE712:
 364:main.cpp      ****                             one_counter = fx_val_01;
 3876              		.loc 10 364 29 is_stmt 1 view .LVU1120
 364:main.cpp      ****                             one_counter = fx_val_01;
 3877              		.loc 10 364 43 is_stmt 0 view .LVU1121
 3878 0b9a 1C4A     		ldr	r2, .L224+52
 366:main.cpp      ****                             three_counter = fx_val_03;
 3879              		.loc 10 366 45 view .LVU1122
 3880 0b9c 1D48     		ldr	r0, .L224+60
 364:main.cpp      ****                             one_counter = fx_val_01;
 3881              		.loc 10 364 43 view .LVU1123
 3882 0b9e 1178     		ldrb	r1, [r2]	@ zero_extendqisi2
 365:main.cpp      ****                             two_counter = fx_val_02;
 3883              		.loc 10 365 43 view .LVU1124
 3884 0ba0 1B4A     		ldr	r2, .L224+56
 3885 0ba2 1278     		ldrb	r2, [r2]	@ zero_extendqisi2
 3886 0ba4 B0E6     		b	.L202
 3887              	.L212:
 3888 0ba6 0D48     		ldr	r0, .L224+4
 3889 0ba8 0E49     		ldr	r1, .L224+12
 3890 0baa 0D4A     		ldr	r2, .L224+8
 3891 0bac B4E6     		b	.L146
 3892              	.LVL258:
 3893              	.L162:
 3894              	.LBB713:
 307:main.cpp      ****                     else if (preset >= 4 && preset <= 5) modulo = 5;
 3895              		.loc 10 307 65 view .LVU1125
 3896 0bae 0522     		movs	r2, #5
 3897 0bb0 E5E6     		b	.L137
 3898              	.LVL259:
 3899              	.L211:
 307:main.cpp      ****                     else if (preset >= 4 && preset <= 5) modulo = 5;
 3900              		.loc 10 307 65 view .LVU1126
 3901              	.LBE713:
 386:main.cpp      ****                         menu = 1;
 3902              		.loc 10 386 25 is_stmt 1 view .LVU1127
 386:main.cpp      ****                         menu = 1;
 3903              		.loc 10 386 30 is_stmt 0 view .LVU1128
 3904 0bb2 0123     		movs	r3, #1
 3905 0bb4 084A     		ldr	r2, .L224
 3906 0bb6 1370     		strb	r3, [r2]
 387:main.cpp      ****                         resetValues();
 3907              		.loc 10 387 25 is_stmt 1 view .LVU1129
 387:main.cpp      ****                         resetValues();
 3908              		.loc 10 387 36 is_stmt 0 view .LVU1130
 3909 0bb8 FFF7FEFF 		bl	_Z11resetValuesv
 3910              	.LVL260:
 3911 0bbc 44E6     		b	.L150
 3912              	.LVL261:
 3913              	.L144:
 348:main.cpp      ****                             menu = 1;
 3914              		.loc 10 348 29 is_stmt 1 view .LVU1131
 348:main.cpp      ****                             menu = 1;
 3915              		.loc 10 348 34 is_stmt 0 view .LVU1132
 3916 0bbe 0123     		movs	r3, #1
 3917 0bc0 054A     		ldr	r2, .L224
 3918 0bc2 1370     		strb	r3, [r2]
ARM GAS  C:\Users\22bur\AppData\Local\Temp\ccfIx2UX.s 			page 136


 349:main.cpp      ****                             resetValues();
 3919              		.loc 10 349 29 is_stmt 1 view .LVU1133
 349:main.cpp      ****                             resetValues();
 3920              		.loc 10 349 40 is_stmt 0 view .LVU1134
 3921 0bc4 FFF7FEFF 		bl	_Z11resetValuesv
 3922              	.LVL262:
 357:main.cpp      ****                     if (fx_select != last_fx_select) {
 3923              		.loc 10 357 35 view .LVU1135
 3924 0bc8 3378     		ldrb	r3, [r6]	@ zero_extendqisi2
 3925 0bca 88E6     		b	.L143
 3926              	.LVL263:
 3927              	.L100:
 357:main.cpp      ****                     if (fx_select != last_fx_select) {
 3928              		.loc 10 357 35 view .LVU1136
 3929              	.LBE715:
 3930              	.LBE729:
 3931              	.LBE731:
 3932              	.LBE737:
 3933              	.LBB738:
 3934              	.LBB667:
 3935              	.LBB656:
 225:main.cpp      ****                     sprintf(outstr, "Remove note:%d\n", msg.data[0]);
 3936              		.loc 10 225 28 view .LVU1137
 3937 0bcc 3A46     		mov	r2, r7
 3938 0bce 55E5     		b	.L98
 3939              	.LVL264:
 3940              	.L138:
 225:main.cpp      ****                     sprintf(outstr, "Remove note:%d\n", msg.data[0]);
 3941              		.loc 10 225 28 view .LVU1138
 3942              	.LBE656:
 3943              	.LBE667:
 3944              	.LBE738:
 3945              	.LBB739:
 3946              	.LBB732:
 3947              	.LBB730:
 3948              	.LBB716:
 3949              	.LBB714:
 309:main.cpp      ****                     menu_counter = menu_counter % modulo;
 3950              		.loc 10 309 21 is_stmt 1 view .LVU1139
 309:main.cpp      ****                     menu_counter = menu_counter % modulo;
 3951              		.loc 10 309 36 is_stmt 0 view .LVU1140
 3952 0bd0 0B4B     		ldr	r3, .L224+40
 3953 0bd2 1B68     		ldr	r3, [r3]
 3954 0bd4 FFDE     		.inst	0xdeff
 3955              	.L225:
 3956 0bd6 00BF     		.align	2
 3957              	.L224:
 3958 0bd8 00000000 		.word	.LANCHOR6
 3959 0bdc 00000000 		.word	.LANCHOR27
 3960 0be0 00000000 		.word	.LANCHOR29
 3961 0be4 00000000 		.word	.LANCHOR28
 3962 0be8 1F85EB51 		.word	1374389535
 3963 0bec 56555555 		.word	1431655766
 3964 0bf0 B7600BB6 		.word	-1240768329
 3965 0bf4 00000000 		.word	.LANCHOR9
 3966 0bf8 00000000 		.word	.LANCHOR10
 3967 0bfc 00000000 		.word	.LANCHOR11
ARM GAS  C:\Users\22bur\AppData\Local\Temp\ccfIx2UX.s 			page 137


 3968 0c00 00000000 		.word	.LANCHOR26
 3969 0c04 00000000 		.word	.LANCHOR14
 3970 0c08 00000000 		.word	.LANCHOR44
 3971 0c0c 00000000 		.word	.LANCHOR18
 3972 0c10 00000000 		.word	.LANCHOR19
 3973 0c14 00000000 		.word	.LANCHOR20
 3974              	.LBE714:
 3975              	.LBE716:
 3976              	.LBE730:
 3977              	.LBE732:
 3978              	.LBE739:
 3979              	.LBE741:
 3980              		.cfi_endproc
 3981              	.LFE4726:
 3983              		.section	.text.startup._GLOBAL__sub_I_uart,"ax",%progbits
 3984              		.align	1
 3985              		.p2align 2,,3
 3986              		.syntax unified
 3987              		.thumb
 3988              		.thumb_func
 3989              		.fpu fpv5-d16
 3991              	_GLOBAL__sub_I_uart:
 3992              	.LFB5340:
 3993              		.loc 10 526 1 is_stmt 1 view -0
 3994              		.cfi_startproc
 3995              		@ args = 0, pretend = 0, frame = 0
 3996              		@ frame_needed = 0, uses_anonymous_args = 0
 3997              	.LBB812:
 3998              	.LBI812:
 3999              		.loc 10 526 1 view .LVU1142
 4000              	.LVL265:
 4001              	.LBB813:
 4002              	.LBB814:
 4003              	.LBI814:
  21:../DaisyExamples/libDaisy/src/daisy_seed.h ****     ~DaisySeed() {}
 4004              		.loc 3 21 5 view .LVU1143
 4005              	.LBB815:
 4006              	.LBB816:
 4007              	.LBI816:
 4008              		.file 16 "../DaisyExamples/libDaisy/src/per/qspi.h"
   1:../DaisyExamples/libDaisy/src/per/qspi.h **** #ifndef DSY_QSPI
   2:../DaisyExamples/libDaisy/src/per/qspi.h **** #define DSY_QSPI /**< Macro */
   3:../DaisyExamples/libDaisy/src/per/qspi.h **** 
   4:../DaisyExamples/libDaisy/src/per/qspi.h **** #ifndef UNIT_TEST // for unit tests, a dummy implementation
   5:../DaisyExamples/libDaisy/src/per/qspi.h **** 
   6:../DaisyExamples/libDaisy/src/per/qspi.h **** #include <cstdint>
   7:../DaisyExamples/libDaisy/src/per/qspi.h **** #include "daisy_core.h" // Added for dsy_gpio_pin typedef
   8:../DaisyExamples/libDaisy/src/per/qspi.h **** 
   9:../DaisyExamples/libDaisy/src/per/qspi.h **** #define DSY_QSPI_TEXT       \
  10:../DaisyExamples/libDaisy/src/per/qspi.h ****     __attribute__((section( \
  11:../DaisyExamples/libDaisy/src/per/qspi.h ****         ".qspiflash_text"))) /**< used for reading memory in memory_mapped mode. */
  12:../DaisyExamples/libDaisy/src/per/qspi.h **** #define DSY_QSPI_DATA       \
  13:../DaisyExamples/libDaisy/src/per/qspi.h ****     __attribute__((section( \
  14:../DaisyExamples/libDaisy/src/per/qspi.h ****         ".qspiflash_data"))) /**< used for reading memory in memory_mapped mode. */
  15:../DaisyExamples/libDaisy/src/per/qspi.h **** #define DSY_QSPI_BSS        \
  16:../DaisyExamples/libDaisy/src/per/qspi.h ****     __attribute__((section( \
  17:../DaisyExamples/libDaisy/src/per/qspi.h ****         ".qspiflash_bss"))) /**< used for reading memory in memory_mapped mode. */
ARM GAS  C:\Users\22bur\AppData\Local\Temp\ccfIx2UX.s 			page 138


  18:../DaisyExamples/libDaisy/src/per/qspi.h **** 
  19:../DaisyExamples/libDaisy/src/per/qspi.h **** namespace daisy
  20:../DaisyExamples/libDaisy/src/per/qspi.h **** {
  21:../DaisyExamples/libDaisy/src/per/qspi.h **** /** @addtogroup serial
  22:../DaisyExamples/libDaisy/src/per/qspi.h **** @{
  23:../DaisyExamples/libDaisy/src/per/qspi.h **** */
  24:../DaisyExamples/libDaisy/src/per/qspi.h **** 
  25:../DaisyExamples/libDaisy/src/per/qspi.h **** /** 
  26:../DaisyExamples/libDaisy/src/per/qspi.h ****  Driver for QSPI peripheral to interface with external flash memory. \n 
  27:../DaisyExamples/libDaisy/src/per/qspi.h ****     Currently supported QSPI Devices: \n 
  28:../DaisyExamples/libDaisy/src/per/qspi.h ****     * IS25LP080D
  29:../DaisyExamples/libDaisy/src/per/qspi.h **** */
  30:../DaisyExamples/libDaisy/src/per/qspi.h **** class QSPIHandle
  31:../DaisyExamples/libDaisy/src/per/qspi.h **** {
  32:../DaisyExamples/libDaisy/src/per/qspi.h ****   public:
  33:../DaisyExamples/libDaisy/src/per/qspi.h ****     enum Result
  34:../DaisyExamples/libDaisy/src/per/qspi.h ****     {
  35:../DaisyExamples/libDaisy/src/per/qspi.h ****         OK = 0,
  36:../DaisyExamples/libDaisy/src/per/qspi.h ****         ERR
  37:../DaisyExamples/libDaisy/src/per/qspi.h ****     };
  38:../DaisyExamples/libDaisy/src/per/qspi.h **** 
  39:../DaisyExamples/libDaisy/src/per/qspi.h ****     /** Indicates the current status of the module. 
  40:../DaisyExamples/libDaisy/src/per/qspi.h ****          *  Warnings are indicated by a leading W.
  41:../DaisyExamples/libDaisy/src/per/qspi.h ****          *  Errors are indicated by a leading E and cause an immediate exit.
  42:../DaisyExamples/libDaisy/src/per/qspi.h ****          * 
  43:../DaisyExamples/libDaisy/src/per/qspi.h ****          *  \param GOOD - No errors have been reported.
  44:../DaisyExamples/libDaisy/src/per/qspi.h ****          *  \param E_HAL_ERROR - HAL code did not return HAL_OK.
  45:../DaisyExamples/libDaisy/src/per/qspi.h ****          *  \param E_SWITCHING_MODES - An error was encountered while switching QSPI peripheral mod
  46:../DaisyExamples/libDaisy/src/per/qspi.h ****          *  \param E_INVALID_MODE - QSPI should not be written to while the program is executing fr
  47:../DaisyExamples/libDaisy/src/per/qspi.h ****          */
  48:../DaisyExamples/libDaisy/src/per/qspi.h ****     enum Status
  49:../DaisyExamples/libDaisy/src/per/qspi.h ****     {
  50:../DaisyExamples/libDaisy/src/per/qspi.h ****         GOOD = 0,
  51:../DaisyExamples/libDaisy/src/per/qspi.h ****         E_HAL_ERROR,
  52:../DaisyExamples/libDaisy/src/per/qspi.h ****         E_SWITCHING_MODES,
  53:../DaisyExamples/libDaisy/src/per/qspi.h ****         E_INVALID_MODE,
  54:../DaisyExamples/libDaisy/src/per/qspi.h ****     };
  55:../DaisyExamples/libDaisy/src/per/qspi.h **** 
  56:../DaisyExamples/libDaisy/src/per/qspi.h ****     /** Configuration structure for interfacing with QSPI Driver */
  57:../DaisyExamples/libDaisy/src/per/qspi.h ****     struct Config
  58:../DaisyExamples/libDaisy/src/per/qspi.h ****     {
  59:../DaisyExamples/libDaisy/src/per/qspi.h ****         /** Flash Devices supported. (Both of these are more-or-less the same, just different sizes
  60:../DaisyExamples/libDaisy/src/per/qspi.h ****         enum Device
  61:../DaisyExamples/libDaisy/src/per/qspi.h ****         {
  62:../DaisyExamples/libDaisy/src/per/qspi.h ****             IS25LP080D,  /**< & */
  63:../DaisyExamples/libDaisy/src/per/qspi.h ****             IS25LP064A,  /**< & */
  64:../DaisyExamples/libDaisy/src/per/qspi.h ****             DEVICE_LAST, /**< & */
  65:../DaisyExamples/libDaisy/src/per/qspi.h ****         };
  66:../DaisyExamples/libDaisy/src/per/qspi.h **** 
  67:../DaisyExamples/libDaisy/src/per/qspi.h ****         /** 
  68:../DaisyExamples/libDaisy/src/per/qspi.h ****         Modes of operation.
  69:../DaisyExamples/libDaisy/src/per/qspi.h ****         Memory Mapped mode: QSPI configured so that the QSPI can be
  70:../DaisyExamples/libDaisy/src/per/qspi.h ****         read from starting address 0x90000000. Writing is not
  71:../DaisyExamples/libDaisy/src/per/qspi.h ****         possible in this mode. \n 
  72:../DaisyExamples/libDaisy/src/per/qspi.h ****         Indirect Polling mode: Device driver enabled. 
  73:../DaisyExamples/libDaisy/src/per/qspi.h ****         */
  74:../DaisyExamples/libDaisy/src/per/qspi.h ****         enum Mode
ARM GAS  C:\Users\22bur\AppData\Local\Temp\ccfIx2UX.s 			page 139


  75:../DaisyExamples/libDaisy/src/per/qspi.h ****         {
  76:../DaisyExamples/libDaisy/src/per/qspi.h ****             MEMORY_MAPPED,    /**< & */
  77:../DaisyExamples/libDaisy/src/per/qspi.h ****             INDIRECT_POLLING, /**< & */
  78:../DaisyExamples/libDaisy/src/per/qspi.h ****             MODE_LAST,
  79:../DaisyExamples/libDaisy/src/per/qspi.h ****         };
  80:../DaisyExamples/libDaisy/src/per/qspi.h **** 
  81:../DaisyExamples/libDaisy/src/per/qspi.h ****         //SCK,  CE# (active low)
  82:../DaisyExamples/libDaisy/src/per/qspi.h ****         struct
  83:../DaisyExamples/libDaisy/src/per/qspi.h ****         {
  84:../DaisyExamples/libDaisy/src/per/qspi.h ****             dsy_gpio_pin io0; /**< & */
  85:../DaisyExamples/libDaisy/src/per/qspi.h ****             dsy_gpio_pin io1; /**< & */
  86:../DaisyExamples/libDaisy/src/per/qspi.h ****             dsy_gpio_pin io2; /**< & */
  87:../DaisyExamples/libDaisy/src/per/qspi.h ****             dsy_gpio_pin io3; /**< & */
  88:../DaisyExamples/libDaisy/src/per/qspi.h ****             dsy_gpio_pin clk; /**< & */
  89:../DaisyExamples/libDaisy/src/per/qspi.h ****             dsy_gpio_pin ncs; /**< & */
  90:../DaisyExamples/libDaisy/src/per/qspi.h ****         } pin_config;
  91:../DaisyExamples/libDaisy/src/per/qspi.h **** 
  92:../DaisyExamples/libDaisy/src/per/qspi.h ****         Device device;
  93:../DaisyExamples/libDaisy/src/per/qspi.h ****         Mode   mode;
  94:../DaisyExamples/libDaisy/src/per/qspi.h ****     };
  95:../DaisyExamples/libDaisy/src/per/qspi.h **** 
  96:../DaisyExamples/libDaisy/src/per/qspi.h ****     /** 
  97:../DaisyExamples/libDaisy/src/per/qspi.h ****         Initializes QSPI peripheral, and Resets, and prepares memory for access.
  98:../DaisyExamples/libDaisy/src/per/qspi.h ****         \param config should be populated with the mode, device and pin_config before calling this 
  99:../DaisyExamples/libDaisy/src/per/qspi.h ****         \return Result::OK or Result::ERR
 100:../DaisyExamples/libDaisy/src/per/qspi.h ****         */
 101:../DaisyExamples/libDaisy/src/per/qspi.h ****     Result Init(const Config& config);
 102:../DaisyExamples/libDaisy/src/per/qspi.h **** 
 103:../DaisyExamples/libDaisy/src/per/qspi.h ****     /** Returns the current config. */
 104:../DaisyExamples/libDaisy/src/per/qspi.h ****     const Config& GetConfig() const;
 105:../DaisyExamples/libDaisy/src/per/qspi.h **** 
 106:../DaisyExamples/libDaisy/src/per/qspi.h ****     // Couldn't this just be called before anything else in init? That
 107:../DaisyExamples/libDaisy/src/per/qspi.h ****     // would make manually calling it unnecessary.
 108:../DaisyExamples/libDaisy/src/per/qspi.h ****     /** 
 109:../DaisyExamples/libDaisy/src/per/qspi.h ****         Deinitializes the peripheral
 110:../DaisyExamples/libDaisy/src/per/qspi.h ****         This should be called before reinitializing QSPI in a different mode.
 111:../DaisyExamples/libDaisy/src/per/qspi.h ****         \return Result::OK or Result::ERR
 112:../DaisyExamples/libDaisy/src/per/qspi.h ****         */
 113:../DaisyExamples/libDaisy/src/per/qspi.h ****     Result DeInit();
 114:../DaisyExamples/libDaisy/src/per/qspi.h **** 
 115:../DaisyExamples/libDaisy/src/per/qspi.h ****     /** 
 116:../DaisyExamples/libDaisy/src/per/qspi.h ****         Writes a single page to to the specified address on the QSPI chip.
 117:../DaisyExamples/libDaisy/src/per/qspi.h ****         For IS25LP*, page size is 256 bytes.
 118:../DaisyExamples/libDaisy/src/per/qspi.h ****         \param address Address to write to
 119:../DaisyExamples/libDaisy/src/per/qspi.h ****         \param size Buffer size
 120:../DaisyExamples/libDaisy/src/per/qspi.h ****         \param buffer Buffer to write
 121:../DaisyExamples/libDaisy/src/per/qspi.h ****         \return Result::OK or Result::ERR
 122:../DaisyExamples/libDaisy/src/per/qspi.h ****         */
 123:../DaisyExamples/libDaisy/src/per/qspi.h ****     Result WritePage(uint32_t address, uint32_t size, uint8_t* buffer);
 124:../DaisyExamples/libDaisy/src/per/qspi.h **** 
 125:../DaisyExamples/libDaisy/src/per/qspi.h ****     /** 
 126:../DaisyExamples/libDaisy/src/per/qspi.h ****         Writes data in buffer to to the QSPI. Starting at address to address+size 
 127:../DaisyExamples/libDaisy/src/per/qspi.h ****         \param address Address to write to
 128:../DaisyExamples/libDaisy/src/per/qspi.h ****         \param size Buffer size
 129:../DaisyExamples/libDaisy/src/per/qspi.h ****         \param buffer Buffer to write
 130:../DaisyExamples/libDaisy/src/per/qspi.h ****         \return Result::OK or Result::ERR
 131:../DaisyExamples/libDaisy/src/per/qspi.h ****         */
ARM GAS  C:\Users\22bur\AppData\Local\Temp\ccfIx2UX.s 			page 140


 132:../DaisyExamples/libDaisy/src/per/qspi.h ****     Result Write(uint32_t address, uint32_t size, uint8_t* buffer);
 133:../DaisyExamples/libDaisy/src/per/qspi.h **** 
 134:../DaisyExamples/libDaisy/src/per/qspi.h ****     /** 
 135:../DaisyExamples/libDaisy/src/per/qspi.h ****         Erases the area specified on the chip.
 136:../DaisyExamples/libDaisy/src/per/qspi.h ****         Erasures will happen by 4K, 32K or 64K increments.
 137:../DaisyExamples/libDaisy/src/per/qspi.h ****         Smallest erase possible is 4kB at a time. (on IS25LP*)
 138:../DaisyExamples/libDaisy/src/per/qspi.h ****         \param start_addr Address to begin erasing from
 139:../DaisyExamples/libDaisy/src/per/qspi.h ****         \param end_addr  Address to stop erasing at
 140:../DaisyExamples/libDaisy/src/per/qspi.h ****         \return Result::OK or Result::ERR
 141:../DaisyExamples/libDaisy/src/per/qspi.h ****         */
 142:../DaisyExamples/libDaisy/src/per/qspi.h ****     Result Erase(uint32_t start_addr, uint32_t end_addr);
 143:../DaisyExamples/libDaisy/src/per/qspi.h **** 
 144:../DaisyExamples/libDaisy/src/per/qspi.h ****     /**  
 145:../DaisyExamples/libDaisy/src/per/qspi.h ****          Erases a single sector of the chip.  
 146:../DaisyExamples/libDaisy/src/per/qspi.h ****         TODO: Document the size of this function. 
 147:../DaisyExamples/libDaisy/src/per/qspi.h ****         \param address Address of sector to erase
 148:../DaisyExamples/libDaisy/src/per/qspi.h ****         \return Result::OK or Result::ERR
 149:../DaisyExamples/libDaisy/src/per/qspi.h ****         */
 150:../DaisyExamples/libDaisy/src/per/qspi.h ****     Result EraseSector(uint32_t address);
 151:../DaisyExamples/libDaisy/src/per/qspi.h **** 
 152:../DaisyExamples/libDaisy/src/per/qspi.h ****     /** Returns the current class status. Useful for debugging.
 153:../DaisyExamples/libDaisy/src/per/qspi.h ****      *  \returns Status
 154:../DaisyExamples/libDaisy/src/per/qspi.h ****      */
 155:../DaisyExamples/libDaisy/src/per/qspi.h ****     Status GetStatus();
 156:../DaisyExamples/libDaisy/src/per/qspi.h **** 
 157:../DaisyExamples/libDaisy/src/per/qspi.h ****     /** Returns a pointer to the actual memory used 
 158:../DaisyExamples/libDaisy/src/per/qspi.h ****      *  The memory at this address is read-only
 159:../DaisyExamples/libDaisy/src/per/qspi.h ****      *  to write to it use the Write function.
 160:../DaisyExamples/libDaisy/src/per/qspi.h ****      * 
 161:../DaisyExamples/libDaisy/src/per/qspi.h ****      *  \param offset returns the pointer starting this 
 162:../DaisyExamples/libDaisy/src/per/qspi.h ****      *                many bytes into the memory
 163:../DaisyExamples/libDaisy/src/per/qspi.h ****     */
 164:../DaisyExamples/libDaisy/src/per/qspi.h ****     void* GetData(uint32_t offset = 0);
 165:../DaisyExamples/libDaisy/src/per/qspi.h **** 
 166:../DaisyExamples/libDaisy/src/per/qspi.h ****     QSPIHandle() : pimpl_(nullptr) {}
 4009              		.loc 16 166 5 view .LVU1144
 4010              	.LBE816:
 4011              	.LBE815:
 4012              	.LBE814:
 4013              	.LBE813:
 4014              	.LBE812:
 4015              		.loc 10 526 1 is_stmt 0 view .LVU1145
 4016 0000 38B5     		push	{r3, r4, r5, lr}
 4017              		.cfi_def_cfa_offset 16
 4018              		.cfi_offset 3, -16
 4019              		.cfi_offset 4, -12
 4020              		.cfi_offset 5, -8
 4021              		.cfi_offset 14, -4
 4022              	.LBB926:
 4023              	.LBB925:
 4024              	.LBB837:
 4025              	.LBB835:
 4026              	.LBB821:
 4027              	.LBB817:
 4028              	.LBB818:
 4029              		.loc 16 166 34 view .LVU1146
 4030 0002 4148     		ldr	r0, .L230
ARM GAS  C:\Users\22bur\AppData\Local\Temp\ccfIx2UX.s 			page 141


 4031 0004 0024     		movs	r4, #0
 4032              	.LBE818:
 4033              	.LBE817:
 4034              	.LBE821:
 4035              	.LBE835:
 4036              	.LBE837:
  22:main.cpp      **** static DaisySeed    hw;
 4037              		.loc 10 22 21 view .LVU1147
 4038 0006 414A     		ldr	r2, .L230+4
 4039 0008 4149     		ldr	r1, .L230+8
 4040              	.LBB838:
 4041              	.LBB836:
 4042              	.LBB822:
 4043              	.LBB820:
 4044              	.LBB819:
 4045              		.loc 16 166 34 view .LVU1148
 4046 000a 0460     		str	r4, [r0]
 4047              	.LVL266:
 4048              		.loc 16 166 34 view .LVU1149
 4049              	.LBE819:
 4050              	.LBE820:
 4051              	.LBE822:
 4052              	.LBB823:
 4053              	.LBI823:
  95:../DaisyExamples/libDaisy/src/hid/audio.h ****     ~AudioHandle() {}
 4054              		.loc 7 95 5 is_stmt 1 view .LVU1150
 4055              	.LBB824:
 4056              	.LBB825:
  95:../DaisyExamples/libDaisy/src/hid/audio.h ****     ~AudioHandle() {}
 4057              		.loc 7 95 35 is_stmt 0 view .LVU1151
 4058 000c 4461     		str	r4, [r0, #20]
 4059              	.LVL267:
  95:../DaisyExamples/libDaisy/src/hid/audio.h ****     ~AudioHandle() {}
 4060              		.loc 7 95 35 view .LVU1152
 4061              	.LBE825:
 4062              	.LBE824:
 4063              	.LBE823:
 4064              	.LBB826:
 4065              	.LBI826:
 109:../DaisyExamples/libDaisy/src/per/adc.h ****     ~AdcHandle() {}
 4066              		.loc 6 109 5 is_stmt 1 view .LVU1153
 109:../DaisyExamples/libDaisy/src/per/adc.h ****     ~AdcHandle() {}
 4067              		.loc 6 109 5 is_stmt 0 view .LVU1154
 4068              	.LBE826:
 4069              	.LBB827:
 4070              	.LBI827:
 4071              		.file 17 "../DaisyExamples/libDaisy/src/per/dac.h"
   1:../DaisyExamples/libDaisy/src/per/dac.h **** #pragma once
   2:../DaisyExamples/libDaisy/src/per/dac.h **** #ifndef DSY_DAC_H
   3:../DaisyExamples/libDaisy/src/per/dac.h **** #define DSY_DAC_H
   4:../DaisyExamples/libDaisy/src/per/dac.h **** 
   5:../DaisyExamples/libDaisy/src/per/dac.h **** #include "daisy_core.h"
   6:../DaisyExamples/libDaisy/src/per/dac.h **** 
   7:../DaisyExamples/libDaisy/src/per/dac.h **** namespace daisy
   8:../DaisyExamples/libDaisy/src/per/dac.h **** {
   9:../DaisyExamples/libDaisy/src/per/dac.h **** /** @brief DAC handle for Built-in DAC Peripheral 
  10:../DaisyExamples/libDaisy/src/per/dac.h ****  *  @ingroup per_analog
ARM GAS  C:\Users\22bur\AppData\Local\Temp\ccfIx2UX.s 			page 142


  11:../DaisyExamples/libDaisy/src/per/dac.h ****  ** 
  12:../DaisyExamples/libDaisy/src/per/dac.h ****  ** For now only Normal Mode is supported,
  13:../DaisyExamples/libDaisy/src/per/dac.h ****  ** Sample and hold mode provides reduced power consumption, but requires a bit more setup.
  14:../DaisyExamples/libDaisy/src/per/dac.h ****  **
  15:../DaisyExamples/libDaisy/src/per/dac.h ****  ** For now connecting the DAC through other internal peripherals is also not supported.
  16:../DaisyExamples/libDaisy/src/per/dac.h ****  **
  17:../DaisyExamples/libDaisy/src/per/dac.h ****  ** Since the DAC channels have dedicated pins we don't need to pass in a pin config like with
  18:../DaisyExamples/libDaisy/src/per/dac.h ****  ** other modules. However, it is still important to not try to use the DAC pins for anything else.
  19:../DaisyExamples/libDaisy/src/per/dac.h ****  ** DAC Channel 1 is on PA4, and DAC Channel 2 is on PA5
  20:../DaisyExamples/libDaisy/src/per/dac.h ****  ***/
  21:../DaisyExamples/libDaisy/src/per/dac.h **** class DacHandle
  22:../DaisyExamples/libDaisy/src/per/dac.h **** {
  23:../DaisyExamples/libDaisy/src/per/dac.h ****   public:
  24:../DaisyExamples/libDaisy/src/per/dac.h ****     /** Return Values for the DacHandle class */
  25:../DaisyExamples/libDaisy/src/per/dac.h ****     enum class Result
  26:../DaisyExamples/libDaisy/src/per/dac.h ****     {
  27:../DaisyExamples/libDaisy/src/per/dac.h ****         OK,
  28:../DaisyExamples/libDaisy/src/per/dac.h ****         ERR,
  29:../DaisyExamples/libDaisy/src/per/dac.h ****     };
  30:../DaisyExamples/libDaisy/src/per/dac.h **** 
  31:../DaisyExamples/libDaisy/src/per/dac.h ****     /** Selects which channel(s) will be configured for use. */
  32:../DaisyExamples/libDaisy/src/per/dac.h ****     enum class Channel
  33:../DaisyExamples/libDaisy/src/per/dac.h ****     {
  34:../DaisyExamples/libDaisy/src/per/dac.h ****         ONE,
  35:../DaisyExamples/libDaisy/src/per/dac.h ****         TWO,
  36:../DaisyExamples/libDaisy/src/per/dac.h ****         BOTH,
  37:../DaisyExamples/libDaisy/src/per/dac.h ****     };
  38:../DaisyExamples/libDaisy/src/per/dac.h **** 
  39:../DaisyExamples/libDaisy/src/per/dac.h ****     /** Sets the Mode for the DAC channels.
  40:../DaisyExamples/libDaisy/src/per/dac.h ****      **
  41:../DaisyExamples/libDaisy/src/per/dac.h ****      ** Polling mode uses the blocking mode to transmit a single value at a time.
  42:../DaisyExamples/libDaisy/src/per/dac.h ****      **
  43:../DaisyExamples/libDaisy/src/per/dac.h ****      ** DMA mode uses a buffer, and periodically transmits it triggering a 
  44:../DaisyExamples/libDaisy/src/per/dac.h ****      ** callback to fill the buffer when it is ready for more samples.
  45:../DaisyExamples/libDaisy/src/per/dac.h ****      ***/
  46:../DaisyExamples/libDaisy/src/per/dac.h ****     enum class Mode
  47:../DaisyExamples/libDaisy/src/per/dac.h ****     {
  48:../DaisyExamples/libDaisy/src/per/dac.h ****         POLLING,
  49:../DaisyExamples/libDaisy/src/per/dac.h ****         DMA,
  50:../DaisyExamples/libDaisy/src/per/dac.h ****     };
  51:../DaisyExamples/libDaisy/src/per/dac.h **** 
  52:../DaisyExamples/libDaisy/src/per/dac.h ****     /** Sets the number of bits per sample transmitted out of the DAC.
  53:../DaisyExamples/libDaisy/src/per/dac.h ****      ** The output range will be: 0V - VDDA
  54:../DaisyExamples/libDaisy/src/per/dac.h ****      ** The resolution will be roughly: bitdepth / (VDDA - 0V) 
  55:../DaisyExamples/libDaisy/src/per/dac.h ****      ***/
  56:../DaisyExamples/libDaisy/src/per/dac.h ****     enum class BitDepth
  57:../DaisyExamples/libDaisy/src/per/dac.h ****     {
  58:../DaisyExamples/libDaisy/src/per/dac.h ****         BITS_8,
  59:../DaisyExamples/libDaisy/src/per/dac.h ****         BITS_12
  60:../DaisyExamples/libDaisy/src/per/dac.h ****     };
  61:../DaisyExamples/libDaisy/src/per/dac.h **** 
  62:../DaisyExamples/libDaisy/src/per/dac.h ****     /** Sets whether the DAC output is buffered for higher drive ability. */
  63:../DaisyExamples/libDaisy/src/per/dac.h ****     enum class BufferState
  64:../DaisyExamples/libDaisy/src/per/dac.h ****     {
  65:../DaisyExamples/libDaisy/src/per/dac.h ****         ENABLED,
  66:../DaisyExamples/libDaisy/src/per/dac.h ****         DISABLED,
  67:../DaisyExamples/libDaisy/src/per/dac.h ****     };
ARM GAS  C:\Users\22bur\AppData\Local\Temp\ccfIx2UX.s 			page 143


  68:../DaisyExamples/libDaisy/src/per/dac.h **** 
  69:../DaisyExamples/libDaisy/src/per/dac.h ****     /** Configuration structure for initializing the DAC structure. */
  70:../DaisyExamples/libDaisy/src/per/dac.h ****     struct Config
  71:../DaisyExamples/libDaisy/src/per/dac.h ****     {
  72:../DaisyExamples/libDaisy/src/per/dac.h ****         /** Target Samplerate in Hz used to configure the internal 
  73:../DaisyExamples/libDaisy/src/per/dac.h ****          ** timebase for DMA mode. Does nothing in POLLING mode.
  74:../DaisyExamples/libDaisy/src/per/dac.h ****          ** If the value is 0 at Init time this will default to 48000Hz 
  75:../DaisyExamples/libDaisy/src/per/dac.h ****          ** otherwise the driver will attempt meet the target.*/
  76:../DaisyExamples/libDaisy/src/per/dac.h ****         uint32_t target_samplerate;
  77:../DaisyExamples/libDaisy/src/per/dac.h **** 
  78:../DaisyExamples/libDaisy/src/per/dac.h ****         Channel     chn;
  79:../DaisyExamples/libDaisy/src/per/dac.h ****         Mode        mode;
  80:../DaisyExamples/libDaisy/src/per/dac.h ****         BitDepth    bitdepth;
  81:../DaisyExamples/libDaisy/src/per/dac.h ****         BufferState buff_state;
  82:../DaisyExamples/libDaisy/src/per/dac.h ****     };
  83:../DaisyExamples/libDaisy/src/per/dac.h **** 
  84:../DaisyExamples/libDaisy/src/per/dac.h ****     DacHandle() : pimpl_(nullptr) {}
 4072              		.loc 17 84 5 is_stmt 1 view .LVU1155
 4073              	.LBB828:
 4074              	.LBB829:
 4075              		.loc 17 84 33 is_stmt 0 view .LVU1156
 4076 000e 0462     		str	r4, [r0, #32]
 4077              	.LVL268:
 4078              		.loc 17 84 33 view .LVU1157
 4079              	.LBE829:
 4080              	.LBE828:
 4081              	.LBE827:
 4082              	.LBB830:
 4083              	.LBI830:
  40:../DaisyExamples/libDaisy/src/hid/usb.h **** 
 4084              		.loc 5 40 5 is_stmt 1 view .LVU1158
  40:../DaisyExamples/libDaisy/src/hid/usb.h **** 
 4085              		.loc 5 40 5 is_stmt 0 view .LVU1159
 4086              	.LBE830:
 4087              	.LBB831:
 4088              	.LBI831:
  96:../DaisyExamples/libDaisy/src/sys/system.h ****     ~System() {}
 4089              		.loc 4 96 5 is_stmt 1 view .LVU1160
  96:../DaisyExamples/libDaisy/src/sys/system.h ****     ~System() {}
 4090              		.loc 4 96 5 is_stmt 0 view .LVU1161
 4091              	.LBE831:
 4092              	.LBB832:
 4093              	.LBI832:
 4094              		.file 18 "../DaisyExamples/libDaisy/src/per/sai.h"
   1:../DaisyExamples/libDaisy/src/per/sai.h **** #pragma once
   2:../DaisyExamples/libDaisy/src/per/sai.h **** #ifndef DSY_SAI_H
   3:../DaisyExamples/libDaisy/src/per/sai.h **** #define DSY_SAI_H
   4:../DaisyExamples/libDaisy/src/per/sai.h **** 
   5:../DaisyExamples/libDaisy/src/per/sai.h **** #include "daisy_core.h"
   6:../DaisyExamples/libDaisy/src/per/sai.h **** 
   7:../DaisyExamples/libDaisy/src/per/sai.h **** namespace daisy
   8:../DaisyExamples/libDaisy/src/per/sai.h **** {
   9:../DaisyExamples/libDaisy/src/per/sai.h **** /** 
  10:../DaisyExamples/libDaisy/src/per/sai.h ****  * Support for I2S Audio Protocol with different bit-depth, samplerate options
  11:../DaisyExamples/libDaisy/src/per/sai.h ****  * Allows for master or slave, as well as freedom of selecting direction, 
  12:../DaisyExamples/libDaisy/src/per/sai.h ****  * and other behavior for each peripheral, and block.
  13:../DaisyExamples/libDaisy/src/per/sai.h ****  * 
ARM GAS  C:\Users\22bur\AppData\Local\Temp\ccfIx2UX.s 			page 144


  14:../DaisyExamples/libDaisy/src/per/sai.h ****  * DMA Transfer commands must use buffers located within non-cached memory or use cache maintenance
  15:../DaisyExamples/libDaisy/src/per/sai.h ****  * To declare an unitialized global element in the DMA memory section:
  16:../DaisyExamples/libDaisy/src/per/sai.h ****  *    int32_t DSY_DMA_BUFFER_SECTOR my_buffer[96];
  17:../DaisyExamples/libDaisy/src/per/sai.h ****  *
  18:../DaisyExamples/libDaisy/src/per/sai.h ****  * Callback functions will be called once per half of the buffer. In the above example, 
  19:../DaisyExamples/libDaisy/src/per/sai.h ****  * the callback function would be called once for every 48 samples.
  20:../DaisyExamples/libDaisy/src/per/sai.h ****  * 
  21:../DaisyExamples/libDaisy/src/per/sai.h ****  * Use SAI Handle like this:
  22:../DaisyExamples/libDaisy/src/per/sai.h ****  * 
  23:../DaisyExamples/libDaisy/src/per/sai.h ****  *  SaiHandle::Config sai_config;
  24:../DaisyExamples/libDaisy/src/per/sai.h ****  *  sai_config.periph          = SaiHandle::Config::Peripheral::SAI_1;
  25:../DaisyExamples/libDaisy/src/per/sai.h ****  *  sai_config.sr              = SaiHandle::Config::SampleRate::SAI_48KHZ;
  26:../DaisyExamples/libDaisy/src/per/sai.h ****  *  sai_config.bit_depth       = SaiHandle::Config::BitDepth::SAI_24BIT;
  27:../DaisyExamples/libDaisy/src/per/sai.h ****  *  sai_config.a_sync          = SaiHandle::Config::Sync::MASTER;
  28:../DaisyExamples/libDaisy/src/per/sai.h ****  *  sai_config.b_sync          = SaiHandle::Config::Sync::SLAVE;
  29:../DaisyExamples/libDaisy/src/per/sai.h ****  *  sai_config.a_dir           = SaiHandle::Config::Direction::RECEIVE;
  30:../DaisyExamples/libDaisy/src/per/sai.h ****  *  sai_config.b_dir           = SaiHandle::Config::Direction::TRANSMIT;
  31:../DaisyExamples/libDaisy/src/per/sai.h ****  *  sai_config.pin_config.fs   = {DSY_GPIOE, 4};
  32:../DaisyExamples/libDaisy/src/per/sai.h ****  *  sai_config.pin_config.mclk = {DSY_GPIOE, 2};
  33:../DaisyExamples/libDaisy/src/per/sai.h ****  *  sai_config.pin_config.sck  = {DSY_GPIOE, 5};
  34:../DaisyExamples/libDaisy/src/per/sai.h ****  *  sai_config.pin_config.sa   = {DSY_GPIOE, 6};
  35:../DaisyExamples/libDaisy/src/per/sai.h ****  *  sai_config.pin_config.sb   = {DSY_GPIOE, 3};
  36:../DaisyExamples/libDaisy/src/per/sai.h ****  *  // Then Initialize
  37:../DaisyExamples/libDaisy/src/per/sai.h ****  *  SaiHandle sai;
  38:../DaisyExamples/libDaisy/src/per/sai.h ****  *  sai.Init(sai_config);
  39:../DaisyExamples/libDaisy/src/per/sai.h ****  *  // Now you can use it:
  40:../DaisyExamples/libDaisy/src/per/sai.h ****  *  sai.StartDma(. . .);
  41:../DaisyExamples/libDaisy/src/per/sai.h ****  */
  42:../DaisyExamples/libDaisy/src/per/sai.h **** class SaiHandle
  43:../DaisyExamples/libDaisy/src/per/sai.h **** {
  44:../DaisyExamples/libDaisy/src/per/sai.h ****   public:
  45:../DaisyExamples/libDaisy/src/per/sai.h ****     /** Contains settings for initialising an SAI Interface */
  46:../DaisyExamples/libDaisy/src/per/sai.h ****     struct Config
  47:../DaisyExamples/libDaisy/src/per/sai.h ****     {
  48:../DaisyExamples/libDaisy/src/per/sai.h ****         /** Specifies the internal peripheral to use (mapped to different hardware pins) */
  49:../DaisyExamples/libDaisy/src/per/sai.h ****         enum class Peripheral
  50:../DaisyExamples/libDaisy/src/per/sai.h ****         {
  51:../DaisyExamples/libDaisy/src/per/sai.h ****             SAI_1,
  52:../DaisyExamples/libDaisy/src/per/sai.h ****             SAI_2,
  53:../DaisyExamples/libDaisy/src/per/sai.h ****         };
  54:../DaisyExamples/libDaisy/src/per/sai.h **** 
  55:../DaisyExamples/libDaisy/src/per/sai.h ****         /** Rate at which samples will be streaming to/from the device. */
  56:../DaisyExamples/libDaisy/src/per/sai.h ****         enum class SampleRate
  57:../DaisyExamples/libDaisy/src/per/sai.h ****         {
  58:../DaisyExamples/libDaisy/src/per/sai.h ****             SAI_8KHZ,
  59:../DaisyExamples/libDaisy/src/per/sai.h ****             SAI_16KHZ,
  60:../DaisyExamples/libDaisy/src/per/sai.h ****             SAI_32KHZ,
  61:../DaisyExamples/libDaisy/src/per/sai.h ****             SAI_48KHZ,
  62:../DaisyExamples/libDaisy/src/per/sai.h ****             SAI_96KHZ,
  63:../DaisyExamples/libDaisy/src/per/sai.h ****         };
  64:../DaisyExamples/libDaisy/src/per/sai.h **** 
  65:../DaisyExamples/libDaisy/src/per/sai.h ****         /** Bit Depth that the hardware expects to be transferred to/from the device. */
  66:../DaisyExamples/libDaisy/src/per/sai.h ****         enum class BitDepth
  67:../DaisyExamples/libDaisy/src/per/sai.h ****         {
  68:../DaisyExamples/libDaisy/src/per/sai.h ****             SAI_16BIT,
  69:../DaisyExamples/libDaisy/src/per/sai.h ****             SAI_24BIT,
  70:../DaisyExamples/libDaisy/src/per/sai.h ****             SAI_32BIT,
ARM GAS  C:\Users\22bur\AppData\Local\Temp\ccfIx2UX.s 			page 145


  71:../DaisyExamples/libDaisy/src/per/sai.h ****         };
  72:../DaisyExamples/libDaisy/src/per/sai.h **** 
  73:../DaisyExamples/libDaisy/src/per/sai.h ****         /** Specifies whether a particular block is the master or the slave 
  74:../DaisyExamples/libDaisy/src/per/sai.h ****          ** If both are set to slave, no MCLK signal will be used, and it is
  75:../DaisyExamples/libDaisy/src/per/sai.h ****          ** expected that the codec will have its own xtal.
  76:../DaisyExamples/libDaisy/src/per/sai.h ****          */
  77:../DaisyExamples/libDaisy/src/per/sai.h ****         enum class Sync
  78:../DaisyExamples/libDaisy/src/per/sai.h ****         {
  79:../DaisyExamples/libDaisy/src/per/sai.h ****             MASTER,
  80:../DaisyExamples/libDaisy/src/per/sai.h ****             SLAVE,
  81:../DaisyExamples/libDaisy/src/per/sai.h ****         };
  82:../DaisyExamples/libDaisy/src/per/sai.h **** 
  83:../DaisyExamples/libDaisy/src/per/sai.h ****         /** Specifies the direction for each peripheral block. */
  84:../DaisyExamples/libDaisy/src/per/sai.h ****         enum class Direction
  85:../DaisyExamples/libDaisy/src/per/sai.h ****         {
  86:../DaisyExamples/libDaisy/src/per/sai.h ****             TRANSMIT,
  87:../DaisyExamples/libDaisy/src/per/sai.h ****             RECEIVE,
  88:../DaisyExamples/libDaisy/src/per/sai.h ****         };
  89:../DaisyExamples/libDaisy/src/per/sai.h **** 
  90:../DaisyExamples/libDaisy/src/per/sai.h ****         Peripheral periph;
  91:../DaisyExamples/libDaisy/src/per/sai.h ****         struct
  92:../DaisyExamples/libDaisy/src/per/sai.h ****         {
  93:../DaisyExamples/libDaisy/src/per/sai.h ****             dsy_gpio_pin mclk, fs, sck, sa, sb;
  94:../DaisyExamples/libDaisy/src/per/sai.h ****         } pin_config;
  95:../DaisyExamples/libDaisy/src/per/sai.h ****         SampleRate sr;
  96:../DaisyExamples/libDaisy/src/per/sai.h ****         BitDepth   bit_depth;
  97:../DaisyExamples/libDaisy/src/per/sai.h ****         Sync       a_sync, b_sync;
  98:../DaisyExamples/libDaisy/src/per/sai.h ****         Direction  a_dir, b_dir;
  99:../DaisyExamples/libDaisy/src/per/sai.h ****     };
 100:../DaisyExamples/libDaisy/src/per/sai.h **** 
 101:../DaisyExamples/libDaisy/src/per/sai.h ****     /** Return values for SAI functions */
 102:../DaisyExamples/libDaisy/src/per/sai.h ****     enum class Result
 103:../DaisyExamples/libDaisy/src/per/sai.h ****     {
 104:../DaisyExamples/libDaisy/src/per/sai.h ****         OK,
 105:../DaisyExamples/libDaisy/src/per/sai.h ****         ERR,
 106:../DaisyExamples/libDaisy/src/per/sai.h ****     };
 107:../DaisyExamples/libDaisy/src/per/sai.h **** 
 108:../DaisyExamples/libDaisy/src/per/sai.h ****     SaiHandle() : pimpl_(nullptr) {}
 4095              		.loc 18 108 5 is_stmt 1 view .LVU1162
 4096              	.LBB833:
 4097              	.LBB834:
 4098              		.loc 18 108 33 is_stmt 0 view .LVU1163
 4099 0010 C463     		str	r4, [r0, #60]
 4100              	.LVL269:
 4101              		.loc 18 108 33 view .LVU1164
 4102              	.LBE834:
 4103              	.LBE833:
 4104              	.LBE832:
 4105              	.LBE836:
 4106              	.LBE838:
  22:main.cpp      **** static DaisySeed    hw;
 4107              		.loc 10 22 21 view .LVU1165
 4108 0012 FFF7FEFF 		bl	__aeabi_atexit
 4109              	.LVL270:
 4110              	.LBB839:
 4111              	.LBI839:
  83:../DaisyExamples/libDaisy/src/per/uart.h ****         }
ARM GAS  C:\Users\22bur\AppData\Local\Temp\ccfIx2UX.s 			page 146


  84:../DaisyExamples/libDaisy/src/per/uart.h **** 
  85:../DaisyExamples/libDaisy/src/per/uart.h ****         Peripheral periph;
  86:../DaisyExamples/libDaisy/src/per/uart.h ****         StopBits   stopbits;
  87:../DaisyExamples/libDaisy/src/per/uart.h ****         Parity     parity;
  88:../DaisyExamples/libDaisy/src/per/uart.h ****         Mode       mode;
  89:../DaisyExamples/libDaisy/src/per/uart.h ****         WordLength wordlength;
  90:../DaisyExamples/libDaisy/src/per/uart.h ****         uint32_t   baudrate;
  91:../DaisyExamples/libDaisy/src/per/uart.h ****     };
  92:../DaisyExamples/libDaisy/src/per/uart.h **** 
  93:../DaisyExamples/libDaisy/src/per/uart.h **** 
  94:../DaisyExamples/libDaisy/src/per/uart.h ****     UartHandler() : pimpl_(nullptr) {}
 4112              		.loc 13 94 5 is_stmt 1 view .LVU1166
 4113              	.LBB840:
 4114              	.LBB841:
 4115              		.loc 13 94 35 is_stmt 0 view .LVU1167
 4116 0016 3F4B     		ldr	r3, .L230+12
 4117              	.LBE841:
 4118              	.LBE840:
 4119              	.LBE839:
  24:main.cpp      **** Encoder             menu_encoder;
 4120              		.loc 10 24 21 view .LVU1168
 4121 0018 3C4A     		ldr	r2, .L230+4
 4122              	.LBB844:
 4123              	.LBB843:
 4124              	.LBB842:
 4125              		.loc 13 94 35 view .LVU1169
 4126 001a 1C60     		str	r4, [r3]
 4127              	.LVL271:
 4128              		.loc 13 94 35 view .LVU1170
 4129              	.LBE842:
 4130              	.LBE843:
 4131              	.LBE844:
 4132              	.LBB845:
 4133              	.LBI845:
  20:../DaisyExamples/libDaisy/src/hid/encoder.h ****     ~Encoder() {}
 4134              		.loc 2 20 5 is_stmt 1 view .LVU1171
 4135              	.LBB846:
 4136              	.LBB847:
 4137              	.LBI847:
  41:../DaisyExamples/libDaisy/src/hid/switch.h ****     ~Switch() {}
 4138              		.loc 1 41 5 view .LVU1172
  41:../DaisyExamples/libDaisy/src/hid/switch.h ****     ~Switch() {}
 4139              		.loc 1 41 5 is_stmt 0 view .LVU1173
 4140              	.LBE847:
 4141              	.LBE846:
 4142              	.LBE845:
  24:main.cpp      **** Encoder             menu_encoder;
 4143              		.loc 10 24 21 view .LVU1174
 4144 001c 3E49     		ldr	r1, .L230+16
 4145 001e 3F48     		ldr	r0, .L230+20
 4146 0020 FFF7FEFF 		bl	__aeabi_atexit
 4147              	.LVL272:
 4148              	.LBB848:
 4149              	.LBI848:
  20:../DaisyExamples/libDaisy/src/hid/encoder.h ****     ~Encoder() {}
 4150              		.loc 2 20 5 is_stmt 1 view .LVU1175
 4151              	.LBB849:
ARM GAS  C:\Users\22bur\AppData\Local\Temp\ccfIx2UX.s 			page 147


 4152              	.LBB850:
 4153              	.LBI850:
  41:../DaisyExamples/libDaisy/src/hid/switch.h ****     ~Switch() {}
 4154              		.loc 1 41 5 view .LVU1176
  41:../DaisyExamples/libDaisy/src/hid/switch.h ****     ~Switch() {}
 4155              		.loc 1 41 5 is_stmt 0 view .LVU1177
 4156              	.LBE850:
 4157              	.LBE849:
 4158              	.LBE848:
  25:main.cpp      **** Encoder             one_encoder;
 4159              		.loc 10 25 21 view .LVU1178
 4160 0024 394A     		ldr	r2, .L230+4
 4161 0026 3C49     		ldr	r1, .L230+16
 4162 0028 3D48     		ldr	r0, .L230+24
 4163 002a FFF7FEFF 		bl	__aeabi_atexit
 4164              	.LVL273:
 4165              	.LBB851:
 4166              	.LBI851:
  20:../DaisyExamples/libDaisy/src/hid/encoder.h ****     ~Encoder() {}
 4167              		.loc 2 20 5 is_stmt 1 view .LVU1179
 4168              	.LBB852:
 4169              	.LBB853:
 4170              	.LBI853:
  41:../DaisyExamples/libDaisy/src/hid/switch.h ****     ~Switch() {}
 4171              		.loc 1 41 5 view .LVU1180
  41:../DaisyExamples/libDaisy/src/hid/switch.h ****     ~Switch() {}
 4172              		.loc 1 41 5 is_stmt 0 view .LVU1181
 4173              	.LBE853:
 4174              	.LBE852:
 4175              	.LBE851:
  26:main.cpp      **** Encoder             two_encoder;
 4176              		.loc 10 26 21 view .LVU1182
 4177 002e 374A     		ldr	r2, .L230+4
 4178 0030 3949     		ldr	r1, .L230+16
 4179 0032 3C48     		ldr	r0, .L230+28
 4180 0034 FFF7FEFF 		bl	__aeabi_atexit
 4181              	.LVL274:
 4182              	.LBB854:
 4183              	.LBI854:
  20:../DaisyExamples/libDaisy/src/hid/encoder.h ****     ~Encoder() {}
 4184              		.loc 2 20 5 is_stmt 1 view .LVU1183
 4185              	.LBB855:
 4186              	.LBB856:
 4187              	.LBI856:
  41:../DaisyExamples/libDaisy/src/hid/switch.h ****     ~Switch() {}
 4188              		.loc 1 41 5 view .LVU1184
  41:../DaisyExamples/libDaisy/src/hid/switch.h ****     ~Switch() {}
 4189              		.loc 1 41 5 is_stmt 0 view .LVU1185
 4190              	.LBE856:
 4191              	.LBE855:
 4192              	.LBE854:
  27:main.cpp      **** Encoder             three_encoder;
 4193              		.loc 10 27 21 view .LVU1186
 4194 0038 344A     		ldr	r2, .L230+4
 4195 003a 3749     		ldr	r1, .L230+16
 4196 003c 3A48     		ldr	r0, .L230+32
 4197              	.LBB857:
ARM GAS  C:\Users\22bur\AppData\Local\Temp\ccfIx2UX.s 			page 148


 4198              	.LBB858:
 4199              	.LBB859:
 4200              	.LBB860:
 158:../DaisyExamples/libDaisy/src/hid/midi.h ****     {
 4201              		.loc 11 158 12 view .LVU1187
 4202 003e 3B4D     		ldr	r5, .L230+36
 4203              	.LBE860:
 4204              	.LBE859:
 4205              	.LBE858:
 4206              	.LBE857:
  27:main.cpp      **** Encoder             three_encoder;
 4207              		.loc 10 27 21 view .LVU1188
 4208 0040 FFF7FEFF 		bl	__aeabi_atexit
 4209              	.LVL275:
 4210              	.LBB895:
 4211              	.LBI895:
  41:../DaisyExamples/libDaisy/src/hid/switch.h ****     ~Switch() {}
 4212              		.loc 1 41 5 is_stmt 1 view .LVU1189
  41:../DaisyExamples/libDaisy/src/hid/switch.h ****     ~Switch() {}
 4213              		.loc 1 41 5 is_stmt 0 view .LVU1190
 4214              	.LBE895:
  28:main.cpp      **** Switch              forward_button;
 4215              		.loc 10 28 21 view .LVU1191
 4216 0044 314A     		ldr	r2, .L230+4
 4217 0046 3A49     		ldr	r1, .L230+40
 4218 0048 3A48     		ldr	r0, .L230+44
 4219 004a FFF7FEFF 		bl	__aeabi_atexit
 4220              	.LVL276:
 4221              	.LBB896:
 4222              	.LBI896:
  41:../DaisyExamples/libDaisy/src/hid/switch.h ****     ~Switch() {}
 4223              		.loc 1 41 5 is_stmt 1 view .LVU1192
  41:../DaisyExamples/libDaisy/src/hid/switch.h ****     ~Switch() {}
 4224              		.loc 1 41 5 is_stmt 0 view .LVU1193
 4225              	.LBE896:
  29:main.cpp      **** Switch              backward_button;
 4226              		.loc 10 29 21 view .LVU1194
 4227 004e 2F4A     		ldr	r2, .L230+4
 4228 0050 3749     		ldr	r1, .L230+40
 4229 0052 3948     		ldr	r0, .L230+48
 4230 0054 FFF7FEFF 		bl	__aeabi_atexit
 4231              	.LVL277:
 4232              	.LBB897:
 4233              	.LBI857:
 155:../DaisyExamples/libDaisy/src/hid/midi.h ****     ~MidiHandler() {}
 4234              		.loc 11 155 5 is_stmt 1 view .LVU1195
 4235              	.LBB892:
 4236              	.LBB862:
 4237              	.LBI859:
 158:../DaisyExamples/libDaisy/src/hid/midi.h ****     {
 4238              		.loc 11 158 12 view .LVU1196
 4239              	.LBB861:
 4240 0058 2846     		mov	r0, r5
 4241 005a FFF7FEFF 		bl	_ZN5daisy17MidiUartTransport6ConfigC1Ev
 4242              	.LVL278:
 158:../DaisyExamples/libDaisy/src/hid/midi.h ****     {
 4243              		.loc 11 158 12 is_stmt 0 view .LVU1197
ARM GAS  C:\Users\22bur\AppData\Local\Temp\ccfIx2UX.s 			page 149


 4244              	.LBE861:
 4245              	.LBE862:
 4246              	.LBB863:
 4247              	.LBI863:
  31:../DaisyExamples/libDaisy/src/hid/midi.h ****     ~MidiUartTransport() {}
 4248              		.loc 11 31 5 is_stmt 1 view .LVU1198
 4249              	.LBB864:
 4250              	.LBB865:
 4251              	.LBI865:
 4252              		.loc 13 94 5 view .LVU1199
 4253              		.loc 13 94 5 is_stmt 0 view .LVU1200
 4254              	.LBE865:
 4255              	.LBE864:
 4256              	.LBE863:
 4257              	.LBB870:
 4258              	.LBI870:
  18:../DaisyExamples/libDaisy/src/hid/midi_parser.h ****     ~MidiParser() {}
 4259              		.loc 12 18 5 is_stmt 1 view .LVU1201
 4260              	.LBB871:
  18:../DaisyExamples/libDaisy/src/hid/midi_parser.h ****     ~MidiParser() {}
 4261              		.loc 12 18 17 is_stmt 0 view .LVU1202
 4262 005e 40F20F73 		movw	r3, #1807
 4263              	.LBE871:
 4264              	.LBE870:
 4265              	.LBB874:
 4266              	.LBB875:
 4267              	.LBB876:
 4268              	.LBB877:
 4269              	.LBB878:
  15:../DaisyExamples/libDaisy/src/util/FIFO.h ****     {
 4270              		.loc 9 15 75 view .LVU1203
 4271 0062 05F1D001 		add	r1, r5, #208
 4272              	.LBE878:
 4273              	.LBE877:
 4274              	.LBE876:
 4275              	.LBE875:
 4276              	.LBE874:
 4277              	.LBB887:
 4278              	.LBB872:
  18:../DaisyExamples/libDaisy/src/hid/midi_parser.h ****     ~MidiParser() {}
 4279              		.loc 12 18 17 view .LVU1204
 4280 0066 354A     		ldr	r2, .L230+52
 4281 0068 A5F8BC30 		strh	r3, [r5, #188]	@ movhi
 4282              	.LVL279:
  18:../DaisyExamples/libDaisy/src/hid/midi_parser.h ****     ~MidiParser() {}
 4283              		.loc 12 18 17 view .LVU1205
 4284              	.LBE872:
 4285              	.LBE887:
 4286              	.LBB888:
 4287              	.LBI874:
 299:../DaisyExamples/libDaisy/src/util/FIFO.h **** {
 300:../DaisyExamples/libDaisy/src/util/FIFO.h ****   public:
 301:../DaisyExamples/libDaisy/src/util/FIFO.h ****     /** Creates an empty FIFO */
 302:../DaisyExamples/libDaisy/src/util/FIFO.h ****     FIFO() : FIFOBase<T>(buffer_, capacity + 1) {}
 4288              		.loc 9 302 5 is_stmt 1 view .LVU1206
 4289              	.LBB885:
 4290              	.LBB883:
ARM GAS  C:\Users\22bur\AppData\Local\Temp\ccfIx2UX.s 			page 150


 4291              	.LBI876:
  14:../DaisyExamples/libDaisy/src/util/FIFO.h ****     : buffer_(buffer), bufferSize_(bufferSize), bufferIn_(0), bufferOut_(0)
 4292              		.loc 9 14 5 view .LVU1207
 4293              	.LBB881:
 4294              	.LBB879:
  15:../DaisyExamples/libDaisy/src/util/FIFO.h ****     {
 4295              		.loc 9 15 75 is_stmt 0 view .LVU1208
 4296 006c 40F20113 		movw	r3, #257
 4297              	.LBE879:
 4298              	.LBE881:
 4299              	.LBE883:
 4300              	.LBE885:
 4301              	.LBE888:
 4302              	.LBB889:
 4303              	.LBB869:
 4304              	.LBB868:
 4305              	.LBB866:
 4306              	.LBB867:
 4307              		.loc 13 94 35 view .LVU1209
 4308 0070 2C61     		str	r4, [r5, #16]
 4309              	.LBE867:
 4310              	.LBE866:
 4311              	.LBE868:
 4312              	.LBE869:
 4313              	.LBE889:
 4314              	.LBE892:
 4315              	.LBE897:
  30:main.cpp      **** MidiUartHandler     midi;
 4316              		.loc 10 30 21 view .LVU1210
 4317 0072 2846     		mov	r0, r5
 4318              	.LBB898:
 4319              	.LBB893:
 4320              	.LBB890:
 4321              	.LBB873:
  18:../DaisyExamples/libDaisy/src/hid/midi_parser.h ****     ~MidiParser() {}
 4322              		.loc 12 18 17 view .LVU1211
 4323 0074 C5F8B820 		str	r2, [r5, #184]
 4324              	.LBE873:
 4325              	.LBE890:
 4326              	.LBE893:
 4327              	.LBE898:
  30:main.cpp      **** MidiUartHandler     midi;
 4328              		.loc 10 30 21 view .LVU1212
 4329 0078 244A     		ldr	r2, .L230+4
 4330              	.LBB899:
 4331              	.LBB894:
 4332              	.LBB891:
 4333              	.LBB886:
 4334              	.LBB884:
 4335              	.LBB882:
 4336              	.LBB880:
  15:../DaisyExamples/libDaisy/src/util/FIFO.h ****     {
 4337              		.loc 9 15 75 view .LVU1213
 4338 007a C5E93013 		strd	r1, r3, [r5, #192]
 4339 007e C5E93244 		strd	r4, r4, [r5, #200]
 4340              	.LVL280:
  15:../DaisyExamples/libDaisy/src/util/FIFO.h ****     {
ARM GAS  C:\Users\22bur\AppData\Local\Temp\ccfIx2UX.s 			page 151


 4341              		.loc 9 15 75 view .LVU1214
 4342              	.LBE880:
 4343              	.LBE882:
 4344              	.LBE884:
 4345              	.LBE886:
 4346              	.LBE891:
 4347              	.LBE894:
 4348              	.LBE899:
  30:main.cpp      **** MidiUartHandler     midi;
 4349              		.loc 10 30 21 view .LVU1215
 4350 0082 2F49     		ldr	r1, .L230+56
 4351              	.LBB900:
 4352              	.LBB901:
 4353              	.LBB902:
 4354              	.LBB903:
 4355              	.LBB904:
  15:../DaisyExamples/libDaisy/src/util/FIFO.h ****     {
 4356              		.loc 9 15 75 view .LVU1216
 4357 0084 8125     		movs	r5, #129
 4358              	.LBE904:
 4359              	.LBE903:
 4360              	.LBE902:
 4361              	.LBE901:
 4362              	.LBE900:
  30:main.cpp      **** MidiUartHandler     midi;
 4363              		.loc 10 30 21 view .LVU1217
 4364 0086 FFF7FEFF 		bl	__aeabi_atexit
 4365              	.LVL281:
 4366              	.LBB917:
 4367              	.LBI900:
 4368              		.loc 9 302 5 is_stmt 1 view .LVU1218
 4369              	.LBB914:
 4370              	.LBB911:
 4371              	.LBI902:
  14:../DaisyExamples/libDaisy/src/util/FIFO.h ****     : buffer_(buffer), bufferSize_(bufferSize), bufferIn_(0), bufferOut_(0)
 4372              		.loc 9 14 5 view .LVU1219
 4373              	.LBB908:
 4374              	.LBB905:
  15:../DaisyExamples/libDaisy/src/util/FIFO.h ****     {
 4375              		.loc 9 15 75 is_stmt 0 view .LVU1220
 4376 008a 2E48     		ldr	r0, .L230+60
 4377              	.LBE905:
 4378              	.LBE908:
 4379              	.LBE911:
 4380              	.LBE914:
 4381              	.LBE917:
  34:main.cpp      **** FIFO<MidiEvent, 128> event_log;                 // Midi messages
 4382              		.loc 10 34 22 view .LVU1221
 4383 008c 1F4A     		ldr	r2, .L230+4
 4384              	.LBB918:
 4385              	.LBB915:
 4386              	.LBB912:
 4387              	.LBB909:
 4388              	.LBB906:
  15:../DaisyExamples/libDaisy/src/util/FIFO.h ****     {
 4389              		.loc 9 15 75 view .LVU1222
 4390 008e 00F11003 		add	r3, r0, #16
ARM GAS  C:\Users\22bur\AppData\Local\Temp\ccfIx2UX.s 			page 152


 4391              	.LBE906:
 4392              	.LBE909:
 4393              	.LBE912:
 4394              	.LBE915:
 4395              	.LBE918:
  34:main.cpp      **** FIFO<MidiEvent, 128> event_log;                 // Midi messages
 4396              		.loc 10 34 22 view .LVU1223
 4397 0092 2D49     		ldr	r1, .L230+64
 4398              	.LBB919:
 4399              	.LBB916:
 4400              	.LBB913:
 4401              	.LBB910:
 4402              	.LBB907:
  15:../DaisyExamples/libDaisy/src/util/FIFO.h ****     {
 4403              		.loc 9 15 75 view .LVU1224
 4404 0094 C0E90035 		strd	r3, r5, [r0]
 4405 0098 C0E90244 		strd	r4, r4, [r0, #8]
 4406              	.LVL282:
  15:../DaisyExamples/libDaisy/src/util/FIFO.h ****     {
 4407              		.loc 9 15 75 view .LVU1225
 4408              	.LBE907:
 4409              	.LBE910:
 4410              	.LBE913:
 4411              	.LBE916:
 4412              	.LBE919:
  34:main.cpp      **** FIFO<MidiEvent, 128> event_log;                 // Midi messages
 4413              		.loc 10 34 22 view .LVU1226
 4414 009c FFF7FEFF 		bl	__aeabi_atexit
 4415              	.LVL283:
  38:main.cpp      **** Wavetable wt;
 4416              		.loc 10 38 11 view .LVU1227
 4417 00a0 2A48     		ldr	r0, .L230+68
 4418 00a2 FFF7FEFF 		bl	_ZN9WavetableC1Ev
 4419              	.LVL284:
 4420 00a6 194A     		ldr	r2, .L230+4
 4421 00a8 2949     		ldr	r1, .L230+72
 4422 00aa 2848     		ldr	r0, .L230+68
 4423 00ac FFF7FEFF 		bl	__aeabi_atexit
 4424              	.LVL285:
  55:main.cpp      **** Adsr adsr[8];
 4425              		.loc 10 55 12 is_stmt 1 view .LVU1228
 4426 00b0 284B     		ldr	r3, .L230+76
 4427 00b2 03F5C074 		add	r4, r3, #384
 4428              	.L227:
 4429              	.LVL286:
 4430              	.LBB920:
 4431              	.LBI920:
  44:../DaisyExamples/DaisySP/Source/Control/adsr.h ****     ~Adsr() {}
 4432              		.loc 15 44 5 view .LVU1229
 4433              	.LBE920:
  55:main.cpp      **** Adsr adsr[8];
 4434              		.loc 10 55 12 is_stmt 0 view .LVU1230
 4435 00b6 3033     		adds	r3, r3, #48
 4436              	.LVL287:
 4437              	.LBB923:
 4438              	.LBB921:
  44:../DaisyExamples/DaisySP/Source/Control/adsr.h ****     ~Adsr() {}
ARM GAS  C:\Users\22bur\AppData\Local\Temp\ccfIx2UX.s 			page 153


 4439              		.loc 15 44 12 view .LVU1231
 4440 00b8 0022     		movs	r2, #0
 4441 00ba 2749     		ldr	r1, .L230+80
 4442 00bc 0020     		movs	r0, #0
 4443              	.LBE921:
 4444              	.LBE923:
  55:main.cpp      **** Adsr adsr[8];
 4445              		.loc 10 55 12 view .LVU1232
 4446 00be A342     		cmp	r3, r4
 4447              	.LBB924:
 4448              	.LBB922:
  44:../DaisyExamples/DaisySP/Source/Control/adsr.h ****     ~Adsr() {}
 4449              		.loc 15 44 12 view .LVU1233
 4450 00c0 43F8302C 		str	r2, [r3, #-48]	@ float
 4451 00c4 43F82C2C 		str	r2, [r3, #-44]	@ float
 4452 00c8 43F8281C 		str	r1, [r3, #-40]	@ float
 4453 00cc 43F8242C 		str	r2, [r3, #-36]	@ float
 4454 00d0 43F8201C 		str	r1, [r3, #-32]	@ float
 4455 00d4 43F81C1C 		str	r1, [r3, #-28]	@ float
 4456 00d8 43F8181C 		str	r1, [r3, #-24]	@ float
 4457 00dc 43F8142C 		str	r2, [r3, #-20]	@ float
 4458 00e0 43F8102C 		str	r2, [r3, #-16]	@ float
 4459 00e4 43F80C2C 		str	r2, [r3, #-12]	@ float
 4460 00e8 03F8040C 		strb	r0, [r3, #-4]
 4461 00ec 03F8030C 		strb	r0, [r3, #-3]
 4462              	.LVL288:
  44:../DaisyExamples/DaisySP/Source/Control/adsr.h ****     ~Adsr() {}
 4463              		.loc 15 44 12 view .LVU1234
 4464              	.LBE922:
 4465              	.LBE924:
  55:main.cpp      **** Adsr adsr[8];
 4466              		.loc 10 55 12 is_stmt 1 view .LVU1235
  55:main.cpp      **** Adsr adsr[8];
 4467              		.loc 10 55 12 view .LVU1236
 4468 00f0 E1D1     		bne	.L227
  55:main.cpp      **** Adsr adsr[8];
 4469              		.loc 10 55 6 is_stmt 0 view .LVU1237
 4470 00f2 064A     		ldr	r2, .L230+4
 4471 00f4 1949     		ldr	r1, .L230+84
 4472 00f6 FFF7FEFF 		bl	__aeabi_atexit
 4473              	.LVL289:
  62:main.cpp      **** uint32_t now = System::GetNow();
 4474              		.loc 10 62 30 view .LVU1238
 4475 00fa FFF7FEFF 		bl	_ZN5daisy6System6GetNowEv
 4476              	.LVL290:
  62:main.cpp      **** uint32_t now = System::GetNow();
 4477              		.loc 10 62 10 view .LVU1239
 4478 00fe 184A     		ldr	r2, .L230+88
  63:main.cpp      **** uint32_t log_time = now; 
 4479              		.loc 10 63 10 view .LVU1240
 4480 0100 184B     		ldr	r3, .L230+92
  62:main.cpp      **** uint32_t now = System::GetNow();
 4481              		.loc 10 62 10 view .LVU1241
 4482 0102 1060     		str	r0, [r2]
  63:main.cpp      **** uint32_t log_time = now; 
 4483              		.loc 10 63 10 view .LVU1242
 4484 0104 1860     		str	r0, [r3]
ARM GAS  C:\Users\22bur\AppData\Local\Temp\ccfIx2UX.s 			page 154


 4485              	.LVL291:
  63:main.cpp      **** uint32_t log_time = now; 
 4486              		.loc 10 63 10 view .LVU1243
 4487              	.LBE925:
 4488              	.LBE926:
 4489              		.loc 10 526 1 view .LVU1244
 4490 0106 38BD     		pop	{r3, r4, r5, pc}
 4491              	.L231:
 4492              		.align	2
 4493              	.L230:
 4494 0108 00000000 		.word	.LANCHOR30
 4495 010c 00000000 		.word	__dso_handle
 4496 0110 00000000 		.word	_ZN5daisy9DaisySeedD1Ev
 4497 0114 00000000 		.word	.LANCHOR25
 4498 0118 00000000 		.word	_ZN5daisy7EncoderD1Ev
 4499 011c 00000000 		.word	.LANCHOR31
 4500 0120 00000000 		.word	.LANCHOR32
 4501 0124 00000000 		.word	.LANCHOR33
 4502 0128 00000000 		.word	.LANCHOR34
 4503 012c 00000000 		.word	midi
 4504 0130 00000000 		.word	_ZN5daisy6SwitchD1Ev
 4505 0134 00000000 		.word	.LANCHOR35
 4506 0138 00000000 		.word	.LANCHOR36
 4507 013c 0080707F 		.word	2138079232
 4508 0140 00000000 		.word	_ZN5daisy11MidiHandlerINS_17MidiUartTransportEED1Ev
 4509 0144 00000000 		.word	event_log
 4510 0148 00000000 		.word	_ZN5daisy4FIFOINS_9MidiEventELj128EED1Ev
 4511 014c 00000000 		.word	wt
 4512 0150 00000000 		.word	_ZN9WavetableD1Ev
 4513 0154 00000000 		.word	.LANCHOR3
 4514 0158 000080BF 		.word	-1082130432
 4515 015c 00000000 		.word	__tcf_0
 4516 0160 00000000 		.word	.LANCHOR37
 4517 0164 00000000 		.word	.LANCHOR38
 4518              		.cfi_endproc
 4519              	.LFE5340:
 4521              		.section	.init_array,"aw",%init_array
 4522              		.align	2
 4523 0000 00000000 		.word	_GLOBAL__sub_I_uart(target1)
 4524              		.global	phase
 4525              		.global	shape
 4526              		.global	amp
 4527              		.global	fx_val_13
 4528              		.global	fx_val_12
 4529              		.global	fx_val_11
 4530              		.global	fx_val_03
 4531              		.global	fx_val_02
 4532              		.global	fx_val_01
 4533              		.global	last_fx_select
 4534              		.global	fx_select
 4535              		.global	fx_number
 4536              		.global	fx_type
 4537              		.global	sub_menu
 4538              		.global	preset
 4539              		.global	menu_rel
 4540              		.global	menu_sus
 4541              		.global	menu_dec
ARM GAS  C:\Users\22bur\AppData\Local\Temp\ccfIx2UX.s 			page 155


 4542              		.global	menu_atk
 4543              		.global	loc
 4544              		.global	menu
 4545              		.global	mix
 4546              		.global	oscillators_out
 4547              		.global	log_time
 4548              		.global	now
 4549              		.global	notes_on
 4550              		.global	adsr
 4551              		.global	three_counter
 4552              		.global	two_counter
 4553              		.global	one_counter
 4554              		.global	menu_counter
 4555              		.global	release
 4556              		.global	sustain
 4557              		.global	decay
 4558              		.global	attack
 4559              		.global	wt_index
 4560              		.global	volume
 4561              		.global	wt
 4562              		.global	outstr
 4563              		.global	event_log
 4564              		.global	tx_buffer
 4565              		.global	midi
 4566              		.global	backward_button
 4567              		.global	forward_button
 4568              		.global	three_encoder
 4569              		.global	two_encoder
 4570              		.global	one_encoder
 4571              		.global	menu_encoder
 4572              		.global	uart
 4573              		.section	.bss._ZL2hw,"aw",%nobits
 4574              		.align	2
 4575              		.set	.LANCHOR30,. + 0
 4578              	_ZL2hw:
 4579 0000 00000000 		.space	64
 4579      00000000 
 4579      00000000 
 4579      00000000 
 4579      00000000 
 4580              		.section	.bss.adsr,"aw",%nobits
 4581              		.align	2
 4582              		.set	.LANCHOR3,. + 0
 4585              	adsr:
 4586 0000 00000000 		.space	384
 4586      00000000 
 4586      00000000 
 4586      00000000 
 4586      00000000 
 4587              		.section	.bss.amp,"aw",%nobits
 4588              		.align	2
 4589              		.set	.LANCHOR9,. + 0
 4592              	amp:
 4593 0000 00000000 		.space	8
 4593      00000000 
 4594              		.section	.bss.attack,"aw",%nobits
 4595              		.align	2
ARM GAS  C:\Users\22bur\AppData\Local\Temp\ccfIx2UX.s 			page 156


 4596              		.set	.LANCHOR40,. + 0
 4599              	attack:
 4600 0000 00000000 		.space	4
 4601              		.section	.bss.backward_button,"aw",%nobits
 4602              		.align	2
 4603              		.set	.LANCHOR36,. + 0
 4606              	backward_button:
 4607 0000 00000000 		.space	16
 4607      00000000 
 4607      00000000 
 4607      00000000 
 4608              		.section	.bss.decay,"aw",%nobits
 4609              		.align	2
 4610              		.set	.LANCHOR41,. + 0
 4613              	decay:
 4614 0000 00000000 		.space	4
 4615              		.section	.bss.event_log,"aw",%nobits
 4616              		.align	2
 4619              	event_log:
 4620 0000 00000000 		.space	18592
 4620      00000000 
 4620      00000000 
 4620      00000000 
 4620      00000000 
 4621              		.section	.bss.forward_button,"aw",%nobits
 4622              		.align	2
 4623              		.set	.LANCHOR35,. + 0
 4626              	forward_button:
 4627 0000 00000000 		.space	16
 4627      00000000 
 4627      00000000 
 4627      00000000 
 4628              		.section	.bss.fx_number,"aw",%nobits
 4629              		.set	.LANCHOR44,. + 0
 4632              	fx_number:
 4633 0000 00       		.space	1
 4634              		.section	.bss.fx_select,"aw",%nobits
 4635              		.set	.LANCHOR14,. + 0
 4638              	fx_select:
 4639 0000 00       		.space	1
 4640              		.section	.bss.fx_type,"aw",%nobits
 4641              		.set	.LANCHOR13,. + 0
 4644              	fx_type:
 4645 0000 00       		.space	1
 4646              		.section	.bss.fx_val_01,"aw",%nobits
 4647              		.set	.LANCHOR18,. + 0
 4650              	fx_val_01:
 4651 0000 00       		.space	1
 4652              		.section	.bss.fx_val_02,"aw",%nobits
 4653              		.set	.LANCHOR19,. + 0
 4656              	fx_val_02:
 4657 0000 00       		.space	1
 4658              		.section	.bss.fx_val_03,"aw",%nobits
 4659              		.set	.LANCHOR20,. + 0
 4662              	fx_val_03:
 4663 0000 00       		.space	1
 4664              		.section	.bss.fx_val_11,"aw",%nobits
ARM GAS  C:\Users\22bur\AppData\Local\Temp\ccfIx2UX.s 			page 157


 4665              		.set	.LANCHOR15,. + 0
 4668              	fx_val_11:
 4669 0000 00       		.space	1
 4670              		.section	.bss.fx_val_12,"aw",%nobits
 4671              		.set	.LANCHOR16,. + 0
 4674              	fx_val_12:
 4675 0000 00       		.space	1
 4676              		.section	.bss.fx_val_13,"aw",%nobits
 4677              		.set	.LANCHOR17,. + 0
 4680              	fx_val_13:
 4681 0000 00       		.space	1
 4682              		.section	.bss.last_fx_select,"aw",%nobits
 4683              		.set	.LANCHOR45,. + 0
 4686              	last_fx_select:
 4687 0000 00       		.space	1
 4688              		.section	.bss.loc,"aw",%nobits
 4689              		.set	.LANCHOR7,. + 0
 4692              	loc:
 4693 0000 00       		.space	1
 4694              		.section	.bss.log_time,"aw",%nobits
 4695              		.align	2
 4696              		.set	.LANCHOR38,. + 0
 4699              	log_time:
 4700 0000 00000000 		.space	4
 4701              		.section	.bss.menu,"aw",%nobits
 4702              		.set	.LANCHOR6,. + 0
 4705              	menu:
 4706 0000 00       		.space	1
 4707              		.section	.bss.menu_atk,"aw",%nobits
 4708              		.set	.LANCHOR21,. + 0
 4711              	menu_atk:
 4712 0000 00       		.space	1
 4713              		.section	.bss.menu_counter,"aw",%nobits
 4714              		.align	2
 4715              		.set	.LANCHOR26,. + 0
 4718              	menu_counter:
 4719 0000 00000000 		.space	4
 4720              		.section	.bss.menu_dec,"aw",%nobits
 4721              		.set	.LANCHOR22,. + 0
 4724              	menu_dec:
 4725 0000 00       		.space	1
 4726              		.section	.bss.menu_encoder,"aw",%nobits
 4727              		.align	2
 4728              		.set	.LANCHOR31,. + 0
 4731              	menu_encoder:
 4732 0000 00000000 		.space	40
 4732      00000000 
 4732      00000000 
 4732      00000000 
 4732      00000000 
 4733              		.section	.bss.menu_rel,"aw",%nobits
 4734              		.set	.LANCHOR24,. + 0
 4737              	menu_rel:
 4738 0000 00       		.space	1
 4739              		.section	.bss.menu_sus,"aw",%nobits
 4740              		.set	.LANCHOR23,. + 0
 4743              	menu_sus:
ARM GAS  C:\Users\22bur\AppData\Local\Temp\ccfIx2UX.s 			page 158


 4744 0000 00       		.space	1
 4745              		.section	.bss.midi,"aw",%nobits
 4746              		.align	2
 4749              	midi:
 4750 0000 00000000 		.space	37216
 4750      00000000 
 4750      00000000 
 4750      00000000 
 4750      00000000 
 4751              		.section	.bss.mix,"aw",%nobits
 4752              		.align	2
 4753              		.set	.LANCHOR1,. + 0
 4756              	mix:
 4757 0000 00000000 		.space	4
 4758              		.section	.bss.notes_on,"aw",%nobits
 4759              		.align	2
 4760              		.set	.LANCHOR2,. + 0
 4763              	notes_on:
 4764 0000 00000000 		.space	8
 4764      00000000 
 4765              		.section	.bss.now,"aw",%nobits
 4766              		.align	2
 4767              		.set	.LANCHOR37,. + 0
 4770              	now:
 4771 0000 00000000 		.space	4
 4772              		.section	.bss.one_counter,"aw",%nobits
 4773              		.align	2
 4774              		.set	.LANCHOR27,. + 0
 4777              	one_counter:
 4778 0000 00000000 		.space	4
 4779              		.section	.bss.one_encoder,"aw",%nobits
 4780              		.align	2
 4781              		.set	.LANCHOR32,. + 0
 4784              	one_encoder:
 4785 0000 00000000 		.space	40
 4785      00000000 
 4785      00000000 
 4785      00000000 
 4785      00000000 
 4786              		.section	.bss.oscillators_out,"aw",%nobits
 4787              		.align	2
 4788              		.set	.LANCHOR0,. + 0
 4791              	oscillators_out:
 4792 0000 00000000 		.space	32
 4792      00000000 
 4792      00000000 
 4792      00000000 
 4792      00000000 
 4793              		.section	.bss.outstr,"aw",%nobits
 4794              		.align	2
 4795              		.set	.LANCHOR46,. + 0
 4798              	outstr:
 4799 0000 00000000 		.space	128
 4799      00000000 
 4799      00000000 
 4799      00000000 
 4799      00000000 
ARM GAS  C:\Users\22bur\AppData\Local\Temp\ccfIx2UX.s 			page 159


 4800              		.section	.bss.phase,"aw",%nobits
 4801              		.align	2
 4802              		.set	.LANCHOR11,. + 0
 4805              	phase:
 4806 0000 00000000 		.space	8
 4806      00000000 
 4807              		.section	.bss.preset,"aw",%nobits
 4808              		.set	.LANCHOR12,. + 0
 4811              	preset:
 4812 0000 00       		.space	1
 4813              		.section	.bss.release,"aw",%nobits
 4814              		.align	2
 4815              		.set	.LANCHOR43,. + 0
 4818              	release:
 4819 0000 00000000 		.space	4
 4820              		.section	.bss.shape,"aw",%nobits
 4821              		.align	2
 4822              		.set	.LANCHOR10,. + 0
 4825              	shape:
 4826 0000 00000000 		.space	8
 4826      00000000 
 4827              		.section	.bss.sub_menu,"aw",%nobits
 4828              		.set	.LANCHOR8,. + 0
 4831              	sub_menu:
 4832 0000 00       		.space	1
 4833              		.section	.bss.sustain,"aw",%nobits
 4834              		.align	2
 4835              		.set	.LANCHOR42,. + 0
 4838              	sustain:
 4839 0000 00000000 		.space	4
 4840              		.section	.bss.three_counter,"aw",%nobits
 4841              		.align	2
 4842              		.set	.LANCHOR29,. + 0
 4845              	three_counter:
 4846 0000 00000000 		.space	4
 4847              		.section	.bss.three_encoder,"aw",%nobits
 4848              		.align	2
 4849              		.set	.LANCHOR34,. + 0
 4852              	three_encoder:
 4853 0000 00000000 		.space	40
 4853      00000000 
 4853      00000000 
 4853      00000000 
 4853      00000000 
 4854              		.section	.bss.two_counter,"aw",%nobits
 4855              		.align	2
 4856              		.set	.LANCHOR28,. + 0
 4859              	two_counter:
 4860 0000 00000000 		.space	4
 4861              		.section	.bss.two_encoder,"aw",%nobits
 4862              		.align	2
 4863              		.set	.LANCHOR33,. + 0
 4866              	two_encoder:
 4867 0000 00000000 		.space	40
 4867      00000000 
 4867      00000000 
 4867      00000000 
ARM GAS  C:\Users\22bur\AppData\Local\Temp\ccfIx2UX.s 			page 160


 4867      00000000 
 4868              		.section	.bss.uart,"aw",%nobits
 4869              		.align	2
 4870              		.set	.LANCHOR25,. + 0
 4873              	uart:
 4874 0000 00000000 		.space	4
 4875              		.section	.bss.volume,"aw",%nobits
 4876              		.align	2
 4877              		.set	.LANCHOR4,. + 0
 4880              	volume:
 4881 0000 00000000 		.space	4
 4882              		.section	.bss.wt,"aw",%nobits
 4883              		.align	2
 4886              	wt:
 4887 0000 00000000 		.space	65656
 4887      00000000 
 4887      00000000 
 4887      00000000 
 4887      00000000 
 4888              		.section	.bss.wt_index,"aw",%nobits
 4889              		.align	2
 4890              		.set	.LANCHOR39,. + 0
 4893              	wt_index:
 4894 0000 00000000 		.space	4
 4895              		.section	.sram1_bss,"aw"
 4896              		.align	2
 4897              		.set	.LANCHOR5,. + 0
 4900              	tx_buffer:
 4901 0000 00000000 		.space	64
 4901      00000000 
 4901      00000000 
 4901      00000000 
 4901      00000000 
 4902              		.text
 4903              	.Letext0:
 4904              		.file 19 "c:\\program files\\daisytoolchain\\arm-none-eabi\\include\\machine\\_default_types.h"
 4905              		.file 20 "c:\\program files\\daisytoolchain\\arm-none-eabi\\include\\sys\\_stdint.h"
 4906              		.file 21 "c:\\program files\\daisytoolchain\\arm-none-eabi\\include\\stdint.h"
 4907              		.file 22 "c:\\program files\\daisytoolchain\\lib\\gcc\\arm-none-eabi\\10.2.1\\include\\stddef.h"
 4908              		.file 23 "c:\\program files\\daisytoolchain\\arm-none-eabi\\include\\c++\\10.2.1\\cmath"
 4909              		.file 24 "c:\\program files\\daisytoolchain\\arm-none-eabi\\include\\c++\\10.2.1\\bits\\std_abs.h"
 4910              		.file 25 "c:\\program files\\daisytoolchain\\arm-none-eabi\\include\\c++\\10.2.1\\cstdint"
 4911              		.file 26 "c:\\program files\\daisytoolchain\\arm-none-eabi\\include\\c++\\10.2.1\\cstdlib"
 4912              		.file 27 "c:\\program files\\daisytoolchain\\arm-none-eabi\\include\\c++\\10.2.1\\arm-none-eabi\\t
 4913              		.file 28 "c:\\program files\\daisytoolchain\\arm-none-eabi\\include\\c++\\10.2.1\\type_traits"
 4914              		.file 29 "c:\\program files\\daisytoolchain\\arm-none-eabi\\include\\c++\\10.2.1\\debug\\debug.h"
 4915              		.file 30 "c:\\program files\\daisytoolchain\\arm-none-eabi\\include\\c++\\10.2.1\\cwchar"
 4916              		.file 31 "c:\\program files\\daisytoolchain\\arm-none-eabi\\include\\c++\\10.2.1\\bits\\stl_pair.h
 4917              		.file 32 "c:\\program files\\daisytoolchain\\arm-none-eabi\\include\\c++\\10.2.1\\bits\\exception_
 4918              		.file 33 "c:\\program files\\daisytoolchain\\arm-none-eabi\\include\\c++\\10.2.1\\clocale"
 4919              		.file 34 "c:\\program files\\daisytoolchain\\arm-none-eabi\\include\\c++\\10.2.1\\cstdio"
 4920              		.file 35 "c:\\program files\\daisytoolchain\\arm-none-eabi\\include\\c++\\10.2.1\\bits\\basic_stri
 4921              		.file 36 "c:\\program files\\daisytoolchain\\arm-none-eabi\\include\\c++\\10.2.1\\bits\\charconv.h
 4922              		.file 37 "c:\\program files\\daisytoolchain\\arm-none-eabi\\include\\c++\\10.2.1\\bits\\algorithmf
 4923              		.file 38 "c:\\program files\\daisytoolchain\\arm-none-eabi\\include\\c++\\10.2.1\\cstring"
 4924              		.file 39 "c:\\program files\\daisytoolchain\\arm-none-eabi\\include\\c++\\10.2.1\\initializer_list
 4925              		.file 40 "c:\\program files\\daisytoolchain\\arm-none-eabi\\include\\c++\\10.2.1\\cstdarg"
ARM GAS  C:\Users\22bur\AppData\Local\Temp\ccfIx2UX.s 			page 161


 4926              		.file 41 "c:\\program files\\daisytoolchain\\arm-none-eabi\\include\\c++\\10.2.1\\array"
 4927              		.file 42 "c:\\program files\\daisytoolchain\\arm-none-eabi\\include\\c++\\10.2.1\\bits\\predefined
 4928              		.file 43 "c:\\program files\\daisytoolchain\\arm-none-eabi\\include\\sys\\_types.h"
 4929              		.file 44 "c:\\program files\\daisytoolchain\\arm-none-eabi\\include\\sys\\reent.h"
 4930              		.file 45 "c:\\program files\\daisytoolchain\\arm-none-eabi\\include\\sys\\lock.h"
 4931              		.file 46 "c:\\program files\\daisytoolchain\\arm-none-eabi\\include\\math.h"
 4932              		.file 47 "c:\\program files\\daisytoolchain\\arm-none-eabi\\include\\stdlib.h"
 4933              		.file 48 "c:\\program files\\daisytoolchain\\arm-none-eabi\\include\\c++\\10.2.1\\math.h"
 4934              		.file 49 "../DaisyExamples/DaisySP/Source/Control/adenv.h"
 4935              		.file 50 "../DaisyExamples/DaisySP/Source/Utility/dsp.h"
 4936              		.file 51 "c:\\program files\\daisytoolchain\\lib\\gcc\\arm-none-eabi\\10.2.1\\include\\stdarg.h"
 4937              		.file 52 "c:\\program files\\daisytoolchain\\arm-none-eabi\\include\\wchar.h"
 4938              		.file 53 "c:\\program files\\daisytoolchain\\arm-none-eabi\\include\\locale.h"
 4939              		.file 54 "c:\\program files\\daisytoolchain\\arm-none-eabi\\include\\stdio.h"
 4940              		.file 55 "c:\\program files\\daisytoolchain\\arm-none-eabi\\include\\c++\\10.2.1\\stdlib.h"
 4941              		.file 56 "c:\\program files\\daisytoolchain\\arm-none-eabi\\include\\string.h"
 4942              		.file 57 "../DaisyExamples/libDaisy/src/daisy_core.h"
 4943              		.file 58 "../DaisyExamples/libDaisy/src/per/tim.h"
 4944              		.file 59 "../DaisyExamples/libDaisy/src/hid/MidiEvent.h"
 4945              		.file 60 "../DaisyExamples/libDaisy/src/hid/logger_impl.h"
 4946              		.file 61 "../DaisyExamples/libDaisy/src/util/wav_format.h"
 4947              		.file 62 "../DaisyExamples/libDaisy/src/dev/max11300.h"
 4948              		.file 63 "../DaisyExamples/libDaisy/src/hid/logger.h"
 4949              		.file 64 "../DaisyExamples/libDaisy/src/per/gpio.h"
 4950              		.file 65 "../DaisyExamples/libDaisy/src/dev/sdram.h"
 4951              		.file 66 "../DaisyExamples/libDaisy/src/dev/sr_595.h"
 4952              		.file 67 "../DaisyExamples/libDaisy/src/sys/dma.h"
 4953              		.file 68 "<built-in>"
ARM GAS  C:\Users\22bur\AppData\Local\Temp\ccfIx2UX.s 			page 162


DEFINED SYMBOLS
                            *ABS*:00000000 main.cpp
C:\Users\22bur\AppData\Local\Temp\ccfIx2UX.s:17     .text._ZN5daisy6SwitchD2Ev:00000000 $t
C:\Users\22bur\AppData\Local\Temp\ccfIx2UX.s:26     .text._ZN5daisy6SwitchD2Ev:00000000 _ZN5daisy6SwitchD2Ev
C:\Users\22bur\AppData\Local\Temp\ccfIx2UX.s:26     .text._ZN5daisy6SwitchD2Ev:00000000 _ZN5daisy6SwitchD1Ev
C:\Users\22bur\AppData\Local\Temp\ccfIx2UX.s:43     .text._ZN5daisy7EncoderD2Ev:00000000 $t
C:\Users\22bur\AppData\Local\Temp\ccfIx2UX.s:51     .text._ZN5daisy7EncoderD2Ev:00000000 _ZN5daisy7EncoderD2Ev
C:\Users\22bur\AppData\Local\Temp\ccfIx2UX.s:51     .text._ZN5daisy7EncoderD2Ev:00000000 _ZN5daisy7EncoderD1Ev
C:\Users\22bur\AppData\Local\Temp\ccfIx2UX.s:73     .text._ZN5daisy9DaisySeedD2Ev:00000000 $t
C:\Users\22bur\AppData\Local\Temp\ccfIx2UX.s:81     .text._ZN5daisy9DaisySeedD2Ev:00000000 _ZN5daisy9DaisySeedD2Ev
C:\Users\22bur\AppData\Local\Temp\ccfIx2UX.s:81     .text._ZN5daisy9DaisySeedD2Ev:00000000 _ZN5daisy9DaisySeedD1Ev
C:\Users\22bur\AppData\Local\Temp\ccfIx2UX.s:122    .text._ZN9WavetableD2Ev:00000000 $t
C:\Users\22bur\AppData\Local\Temp\ccfIx2UX.s:130    .text._ZN9WavetableD2Ev:00000000 _ZN9WavetableD2Ev
C:\Users\22bur\AppData\Local\Temp\ccfIx2UX.s:130    .text._ZN9WavetableD2Ev:00000000 _ZN9WavetableD1Ev
C:\Users\22bur\AppData\Local\Temp\ccfIx2UX.s:147    .text._ZN5daisy4FIFOINS_9MidiEventELj128EED2Ev:00000000 $t
C:\Users\22bur\AppData\Local\Temp\ccfIx2UX.s:155    .text._ZN5daisy4FIFOINS_9MidiEventELj128EED2Ev:00000000 _ZN5daisy4FIFOINS_9MidiEventELj128EED2Ev
C:\Users\22bur\AppData\Local\Temp\ccfIx2UX.s:155    .text._ZN5daisy4FIFOINS_9MidiEventELj128EED2Ev:00000000 _ZN5daisy4FIFOINS_9MidiEventELj128EED1Ev
C:\Users\22bur\AppData\Local\Temp\ccfIx2UX.s:177    .text.__tcf_0:00000000 $t
C:\Users\22bur\AppData\Local\Temp\ccfIx2UX.s:184    .text.__tcf_0:00000000 __tcf_0
C:\Users\22bur\AppData\Local\Temp\ccfIx2UX.s:198    .text._ZN5daisy11MidiHandlerINS_17MidiUartTransportEED2Ev:00000000 $t
C:\Users\22bur\AppData\Local\Temp\ccfIx2UX.s:206    .text._ZN5daisy11MidiHandlerINS_17MidiUartTransportEED2Ev:00000000 _ZN5daisy11MidiHandlerINS_17MidiUartTransportEED2Ev
C:\Users\22bur\AppData\Local\Temp\ccfIx2UX.s:206    .text._ZN5daisy11MidiHandlerINS_17MidiUartTransportEED2Ev:00000000 _ZN5daisy11MidiHandlerINS_17MidiUartTransportEED1Ev
C:\Users\22bur\AppData\Local\Temp\ccfIx2UX.s:243    .text._Z13AudioCallbackPKPKfPPfj:00000000 $t
C:\Users\22bur\AppData\Local\Temp\ccfIx2UX.s:251    .text._Z13AudioCallbackPKPKfPPfj:00000000 _Z13AudioCallbackPKPKfPPfj
C:\Users\22bur\AppData\Local\Temp\ccfIx2UX.s:416    .text._Z13AudioCallbackPKPKfPPfj:000000a8 $d
C:\Users\22bur\AppData\Local\Temp\ccfIx2UX.s:4886   .bss.wt:00000000 wt
C:\Users\22bur\AppData\Local\Temp\ccfIx2UX.s:429    .text._ZN5daisy17MidiUartTransport10rxCallbackEPhjPvNS_11UartHandler6ResultE:00000000 $t
C:\Users\22bur\AppData\Local\Temp\ccfIx2UX.s:437    .text._ZN5daisy17MidiUartTransport10rxCallbackEPhjPvNS_11UartHandler6ResultE:00000000 _ZN5daisy17MidiUartTransport10rxCallbackEPhjPvNS_11UartHandler6ResultE
C:\Users\22bur\AppData\Local\Temp\ccfIx2UX.s:476    .text._ZN5daisy11MidiHandlerINS_17MidiUartTransportEE13ParseCallbackEPhjPv:00000000 $t
C:\Users\22bur\AppData\Local\Temp\ccfIx2UX.s:484    .text._ZN5daisy11MidiHandlerINS_17MidiUartTransportEE13ParseCallbackEPhjPv:00000000 _ZN5daisy11MidiHandlerINS_17MidiUartTransportEE13ParseCallbackEPhjPv
C:\Users\22bur\AppData\Local\Temp\ccfIx2UX.s:648    .rodata._Z19GetMidiTypeAsStringRN5daisy9MidiEventEPc.str1.4:00000000 $d
C:\Users\22bur\AppData\Local\Temp\ccfIx2UX.s:682    .text._Z19GetMidiTypeAsStringRN5daisy9MidiEventEPc:00000000 $t
C:\Users\22bur\AppData\Local\Temp\ccfIx2UX.s:690    .text._Z19GetMidiTypeAsStringRN5daisy9MidiEventEPc:00000000 _Z19GetMidiTypeAsStringRN5daisy9MidiEventEPc
C:\Users\22bur\AppData\Local\Temp\ccfIx2UX.s:710    .text._Z19GetMidiTypeAsStringRN5daisy9MidiEventEPc:0000000e $d
C:\Users\22bur\AppData\Local\Temp\ccfIx2UX.s:720    .text._Z19GetMidiTypeAsStringRN5daisy9MidiEventEPc:00000018 $t
C:\Users\22bur\AppData\Local\Temp\ccfIx2UX.s:880    .text._Z19GetMidiTypeAsStringRN5daisy9MidiEventEPc:0000009c $d
C:\Users\22bur\AppData\Local\Temp\ccfIx2UX.s:895    .text._Z10packetSendv:00000000 $t
C:\Users\22bur\AppData\Local\Temp\ccfIx2UX.s:903    .text._Z10packetSendv:00000000 _Z10packetSendv
C:\Users\22bur\AppData\Local\Temp\ccfIx2UX.s:948    .text._Z10packetSendv:00000020 $d
C:\Users\22bur\AppData\Local\Temp\ccfIx2UX.s:952    .text._Z10packetSendv:00000024 $t
C:\Users\22bur\AppData\Local\Temp\ccfIx2UX.s:1157   .text._Z10packetSendv:000000bc $d
C:\Users\22bur\AppData\Local\Temp\ccfIx2UX.s:1183   .text._Z11resetValuesv:00000000 $t
C:\Users\22bur\AppData\Local\Temp\ccfIx2UX.s:1191   .text._Z11resetValuesv:00000000 _Z11resetValuesv
C:\Users\22bur\AppData\Local\Temp\ccfIx2UX.s:1288   .text._Z11resetValuesv:0000004c $d
C:\Users\22bur\AppData\Local\Temp\ccfIx2UX.s:1303   .rodata.main.str1.4:00000000 $d
C:\Users\22bur\AppData\Local\Temp\ccfIx2UX.s:1318   .text.startup.main:00000000 $t
C:\Users\22bur\AppData\Local\Temp\ccfIx2UX.s:1326   .text.startup.main:00000000 main
C:\Users\22bur\AppData\Local\Temp\ccfIx2UX.s:1511   .text.startup.main:000000e0 $d
C:\Users\22bur\AppData\Local\Temp\ccfIx2UX.s:1523   .text.startup.main:000000f0 $t
C:\Users\22bur\AppData\Local\Temp\ccfIx2UX.s:2323   .text.startup.main:00000438 $d
C:\Users\22bur\AppData\Local\Temp\ccfIx2UX.s:4749   .bss.midi:00000000 midi
C:\Users\22bur\AppData\Local\Temp\ccfIx2UX.s:2347   .text.startup.main:00000494 $t
C:\Users\22bur\AppData\Local\Temp\ccfIx2UX.s:2981   .text.startup.main:000006ec $d
C:\Users\22bur\AppData\Local\Temp\ccfIx2UX.s:2991   .text.startup.main:000006f8 $d
C:\Users\22bur\AppData\Local\Temp\ccfIx2UX.s:4619   .bss.event_log:00000000 event_log
C:\Users\22bur\AppData\Local\Temp\ccfIx2UX.s:3026   .text.startup.main:00000768 $t
C:\Users\22bur\AppData\Local\Temp\ccfIx2UX.s:3633   .text.startup.main:00000a1e $d
ARM GAS  C:\Users\22bur\AppData\Local\Temp\ccfIx2UX.s 			page 163


C:\Users\22bur\AppData\Local\Temp\ccfIx2UX.s:3637   .text.startup.main:00000a22 $t
C:\Users\22bur\AppData\Local\Temp\ccfIx2UX.s:3641   .text.startup.main:00000a24 $d
C:\Users\22bur\AppData\Local\Temp\ccfIx2UX.s:3679   .text.startup.main:00000aa8 $t
C:\Users\22bur\AppData\Local\Temp\ccfIx2UX.s:3958   .text.startup.main:00000bd8 $d
C:\Users\22bur\AppData\Local\Temp\ccfIx2UX.s:3984   .text.startup._GLOBAL__sub_I_uart:00000000 $t
C:\Users\22bur\AppData\Local\Temp\ccfIx2UX.s:3991   .text.startup._GLOBAL__sub_I_uart:00000000 _GLOBAL__sub_I_uart
C:\Users\22bur\AppData\Local\Temp\ccfIx2UX.s:4494   .text.startup._GLOBAL__sub_I_uart:00000108 $d
C:\Users\22bur\AppData\Local\Temp\ccfIx2UX.s:4522   .init_array:00000000 $d
C:\Users\22bur\AppData\Local\Temp\ccfIx2UX.s:4805   .bss.phase:00000000 phase
C:\Users\22bur\AppData\Local\Temp\ccfIx2UX.s:4825   .bss.shape:00000000 shape
C:\Users\22bur\AppData\Local\Temp\ccfIx2UX.s:4592   .bss.amp:00000000 amp
C:\Users\22bur\AppData\Local\Temp\ccfIx2UX.s:4680   .bss.fx_val_13:00000000 fx_val_13
C:\Users\22bur\AppData\Local\Temp\ccfIx2UX.s:4674   .bss.fx_val_12:00000000 fx_val_12
C:\Users\22bur\AppData\Local\Temp\ccfIx2UX.s:4668   .bss.fx_val_11:00000000 fx_val_11
C:\Users\22bur\AppData\Local\Temp\ccfIx2UX.s:4662   .bss.fx_val_03:00000000 fx_val_03
C:\Users\22bur\AppData\Local\Temp\ccfIx2UX.s:4656   .bss.fx_val_02:00000000 fx_val_02
C:\Users\22bur\AppData\Local\Temp\ccfIx2UX.s:4650   .bss.fx_val_01:00000000 fx_val_01
C:\Users\22bur\AppData\Local\Temp\ccfIx2UX.s:4686   .bss.last_fx_select:00000000 last_fx_select
C:\Users\22bur\AppData\Local\Temp\ccfIx2UX.s:4638   .bss.fx_select:00000000 fx_select
C:\Users\22bur\AppData\Local\Temp\ccfIx2UX.s:4632   .bss.fx_number:00000000 fx_number
C:\Users\22bur\AppData\Local\Temp\ccfIx2UX.s:4644   .bss.fx_type:00000000 fx_type
C:\Users\22bur\AppData\Local\Temp\ccfIx2UX.s:4831   .bss.sub_menu:00000000 sub_menu
C:\Users\22bur\AppData\Local\Temp\ccfIx2UX.s:4811   .bss.preset:00000000 preset
C:\Users\22bur\AppData\Local\Temp\ccfIx2UX.s:4737   .bss.menu_rel:00000000 menu_rel
C:\Users\22bur\AppData\Local\Temp\ccfIx2UX.s:4743   .bss.menu_sus:00000000 menu_sus
C:\Users\22bur\AppData\Local\Temp\ccfIx2UX.s:4724   .bss.menu_dec:00000000 menu_dec
C:\Users\22bur\AppData\Local\Temp\ccfIx2UX.s:4711   .bss.menu_atk:00000000 menu_atk
C:\Users\22bur\AppData\Local\Temp\ccfIx2UX.s:4692   .bss.loc:00000000 loc
C:\Users\22bur\AppData\Local\Temp\ccfIx2UX.s:4705   .bss.menu:00000000 menu
C:\Users\22bur\AppData\Local\Temp\ccfIx2UX.s:4756   .bss.mix:00000000 mix
C:\Users\22bur\AppData\Local\Temp\ccfIx2UX.s:4791   .bss.oscillators_out:00000000 oscillators_out
C:\Users\22bur\AppData\Local\Temp\ccfIx2UX.s:4699   .bss.log_time:00000000 log_time
C:\Users\22bur\AppData\Local\Temp\ccfIx2UX.s:4770   .bss.now:00000000 now
C:\Users\22bur\AppData\Local\Temp\ccfIx2UX.s:4763   .bss.notes_on:00000000 notes_on
C:\Users\22bur\AppData\Local\Temp\ccfIx2UX.s:4585   .bss.adsr:00000000 adsr
C:\Users\22bur\AppData\Local\Temp\ccfIx2UX.s:4845   .bss.three_counter:00000000 three_counter
C:\Users\22bur\AppData\Local\Temp\ccfIx2UX.s:4859   .bss.two_counter:00000000 two_counter
C:\Users\22bur\AppData\Local\Temp\ccfIx2UX.s:4777   .bss.one_counter:00000000 one_counter
C:\Users\22bur\AppData\Local\Temp\ccfIx2UX.s:4718   .bss.menu_counter:00000000 menu_counter
C:\Users\22bur\AppData\Local\Temp\ccfIx2UX.s:4818   .bss.release:00000000 release
C:\Users\22bur\AppData\Local\Temp\ccfIx2UX.s:4838   .bss.sustain:00000000 sustain
C:\Users\22bur\AppData\Local\Temp\ccfIx2UX.s:4613   .bss.decay:00000000 decay
C:\Users\22bur\AppData\Local\Temp\ccfIx2UX.s:4599   .bss.attack:00000000 attack
C:\Users\22bur\AppData\Local\Temp\ccfIx2UX.s:4893   .bss.wt_index:00000000 wt_index
C:\Users\22bur\AppData\Local\Temp\ccfIx2UX.s:4880   .bss.volume:00000000 volume
C:\Users\22bur\AppData\Local\Temp\ccfIx2UX.s:4798   .bss.outstr:00000000 outstr
C:\Users\22bur\AppData\Local\Temp\ccfIx2UX.s:4900   .sram1_bss:00000000 tx_buffer
C:\Users\22bur\AppData\Local\Temp\ccfIx2UX.s:4606   .bss.backward_button:00000000 backward_button
C:\Users\22bur\AppData\Local\Temp\ccfIx2UX.s:4626   .bss.forward_button:00000000 forward_button
C:\Users\22bur\AppData\Local\Temp\ccfIx2UX.s:4852   .bss.three_encoder:00000000 three_encoder
C:\Users\22bur\AppData\Local\Temp\ccfIx2UX.s:4866   .bss.two_encoder:00000000 two_encoder
C:\Users\22bur\AppData\Local\Temp\ccfIx2UX.s:4784   .bss.one_encoder:00000000 one_encoder
C:\Users\22bur\AppData\Local\Temp\ccfIx2UX.s:4731   .bss.menu_encoder:00000000 menu_encoder
C:\Users\22bur\AppData\Local\Temp\ccfIx2UX.s:4873   .bss.uart:00000000 uart
C:\Users\22bur\AppData\Local\Temp\ccfIx2UX.s:4574   .bss._ZL2hw:00000000 $d
C:\Users\22bur\AppData\Local\Temp\ccfIx2UX.s:4578   .bss._ZL2hw:00000000 _ZL2hw
C:\Users\22bur\AppData\Local\Temp\ccfIx2UX.s:4581   .bss.adsr:00000000 $d
ARM GAS  C:\Users\22bur\AppData\Local\Temp\ccfIx2UX.s 			page 164


C:\Users\22bur\AppData\Local\Temp\ccfIx2UX.s:4588   .bss.amp:00000000 $d
C:\Users\22bur\AppData\Local\Temp\ccfIx2UX.s:4595   .bss.attack:00000000 $d
C:\Users\22bur\AppData\Local\Temp\ccfIx2UX.s:4602   .bss.backward_button:00000000 $d
C:\Users\22bur\AppData\Local\Temp\ccfIx2UX.s:4609   .bss.decay:00000000 $d
C:\Users\22bur\AppData\Local\Temp\ccfIx2UX.s:4616   .bss.event_log:00000000 $d
C:\Users\22bur\AppData\Local\Temp\ccfIx2UX.s:4622   .bss.forward_button:00000000 $d
C:\Users\22bur\AppData\Local\Temp\ccfIx2UX.s:4633   .bss.fx_number:00000000 $d
C:\Users\22bur\AppData\Local\Temp\ccfIx2UX.s:4639   .bss.fx_select:00000000 $d
C:\Users\22bur\AppData\Local\Temp\ccfIx2UX.s:4645   .bss.fx_type:00000000 $d
C:\Users\22bur\AppData\Local\Temp\ccfIx2UX.s:4651   .bss.fx_val_01:00000000 $d
C:\Users\22bur\AppData\Local\Temp\ccfIx2UX.s:4657   .bss.fx_val_02:00000000 $d
C:\Users\22bur\AppData\Local\Temp\ccfIx2UX.s:4663   .bss.fx_val_03:00000000 $d
C:\Users\22bur\AppData\Local\Temp\ccfIx2UX.s:4669   .bss.fx_val_11:00000000 $d
C:\Users\22bur\AppData\Local\Temp\ccfIx2UX.s:4675   .bss.fx_val_12:00000000 $d
C:\Users\22bur\AppData\Local\Temp\ccfIx2UX.s:4681   .bss.fx_val_13:00000000 $d
C:\Users\22bur\AppData\Local\Temp\ccfIx2UX.s:4687   .bss.last_fx_select:00000000 $d
C:\Users\22bur\AppData\Local\Temp\ccfIx2UX.s:4693   .bss.loc:00000000 $d
C:\Users\22bur\AppData\Local\Temp\ccfIx2UX.s:4695   .bss.log_time:00000000 $d
C:\Users\22bur\AppData\Local\Temp\ccfIx2UX.s:4706   .bss.menu:00000000 $d
C:\Users\22bur\AppData\Local\Temp\ccfIx2UX.s:4712   .bss.menu_atk:00000000 $d
C:\Users\22bur\AppData\Local\Temp\ccfIx2UX.s:4714   .bss.menu_counter:00000000 $d
C:\Users\22bur\AppData\Local\Temp\ccfIx2UX.s:4725   .bss.menu_dec:00000000 $d
C:\Users\22bur\AppData\Local\Temp\ccfIx2UX.s:4727   .bss.menu_encoder:00000000 $d
C:\Users\22bur\AppData\Local\Temp\ccfIx2UX.s:4738   .bss.menu_rel:00000000 $d
C:\Users\22bur\AppData\Local\Temp\ccfIx2UX.s:4744   .bss.menu_sus:00000000 $d
C:\Users\22bur\AppData\Local\Temp\ccfIx2UX.s:4746   .bss.midi:00000000 $d
C:\Users\22bur\AppData\Local\Temp\ccfIx2UX.s:4752   .bss.mix:00000000 $d
C:\Users\22bur\AppData\Local\Temp\ccfIx2UX.s:4759   .bss.notes_on:00000000 $d
C:\Users\22bur\AppData\Local\Temp\ccfIx2UX.s:4766   .bss.now:00000000 $d
C:\Users\22bur\AppData\Local\Temp\ccfIx2UX.s:4773   .bss.one_counter:00000000 $d
C:\Users\22bur\AppData\Local\Temp\ccfIx2UX.s:4780   .bss.one_encoder:00000000 $d
C:\Users\22bur\AppData\Local\Temp\ccfIx2UX.s:4787   .bss.oscillators_out:00000000 $d
C:\Users\22bur\AppData\Local\Temp\ccfIx2UX.s:4794   .bss.outstr:00000000 $d
C:\Users\22bur\AppData\Local\Temp\ccfIx2UX.s:4801   .bss.phase:00000000 $d
C:\Users\22bur\AppData\Local\Temp\ccfIx2UX.s:4812   .bss.preset:00000000 $d
C:\Users\22bur\AppData\Local\Temp\ccfIx2UX.s:4814   .bss.release:00000000 $d
C:\Users\22bur\AppData\Local\Temp\ccfIx2UX.s:4821   .bss.shape:00000000 $d
C:\Users\22bur\AppData\Local\Temp\ccfIx2UX.s:4832   .bss.sub_menu:00000000 $d
C:\Users\22bur\AppData\Local\Temp\ccfIx2UX.s:4834   .bss.sustain:00000000 $d
C:\Users\22bur\AppData\Local\Temp\ccfIx2UX.s:4841   .bss.three_counter:00000000 $d
C:\Users\22bur\AppData\Local\Temp\ccfIx2UX.s:4848   .bss.three_encoder:00000000 $d
C:\Users\22bur\AppData\Local\Temp\ccfIx2UX.s:4855   .bss.two_counter:00000000 $d
C:\Users\22bur\AppData\Local\Temp\ccfIx2UX.s:4862   .bss.two_encoder:00000000 $d
C:\Users\22bur\AppData\Local\Temp\ccfIx2UX.s:4869   .bss.uart:00000000 $d
C:\Users\22bur\AppData\Local\Temp\ccfIx2UX.s:4876   .bss.volume:00000000 $d
C:\Users\22bur\AppData\Local\Temp\ccfIx2UX.s:4883   .bss.wt:00000000 $d
C:\Users\22bur\AppData\Local\Temp\ccfIx2UX.s:4889   .bss.wt_index:00000000 $d
C:\Users\22bur\AppData\Local\Temp\ccfIx2UX.s:4896   .sram1_bss:00000000 $d
                           .group:00000000 _ZN5daisy6SwitchD5Ev
                           .group:00000000 _ZN5daisy7EncoderD5Ev
                           .group:00000000 _ZN5daisy9DaisySeedD5Ev
                           .group:00000000 _ZN9WavetableD5Ev
                           .group:00000000 _ZN5daisy4FIFOINS_9MidiEventELj128EED5Ev
                           .group:00000000 _ZN5daisy11MidiHandlerINS_17MidiUartTransportEED5Ev

UNDEFINED SYMBOLS
_ZN9Wavetable7ProcessEv
ARM GAS  C:\Users\22bur\AppData\Local\Temp\ccfIx2UX.s 			page 165


_ZN7daisysp4Adsr7ProcessEb
_ZN5daisy10MidiParser5ParseEhPNS_9MidiEventE
memcpy
_ZN5daisy11UartHandler11DmaTransmitEPhjPFvPvEPFvS2_NS0_6ResultEES2_
_ZN5daisy9DaisySeed4InitEb
_ZN5daisy9DaisySeed17SetAudioBlockSizeEj
_ZN5daisy6LoggerILNS_17LoggerDestinationE1EE8StartLogEb
_ZN5daisy9DaisySeed15AudioSampleRateEv
sinf
_ZN9Wavetable4InitEfRKSt5arrayIS0_IfLj2048EELj8EEi
_ZN9Wavetable8SetIndexEif
_ZN5daisy11UartHandler4InitERKNS0_6ConfigE
_ZN5daisy17MidiUartTransport6ConfigC1Ev
memset
_ZN5daisy10MidiParser5ResetEv
dsy_dma_clear_cache_for_buffer
_ZN5daisy11UartHandler14DmaListenStartEPhjPFvS1_jPvNS0_6ResultEES2_
_ZN5daisy16AdcChannelConfig10InitSingleE12dsy_gpio_pinNS0_15ConversionSpeedE
_ZN5daisy9AdcHandle4InitEPNS_16AdcChannelConfigEjNS0_12OverSamplingE
_ZN5daisy9AdcHandle5StartEv
_ZN5daisy9DaisySeed6GetPinEh
_ZN5daisy7Encoder4InitE12dsy_gpio_pinS1_S1_f
_ZN5daisy6Switch4InitE12dsy_gpio_pinf
_ZN7daisysp4Adsr4InitEfi
_ZN7daisysp4Adsr13SetAttackTimeEff
_ZN7daisysp4Adsr12SetDecayTimeEf
_ZN7daisysp4Adsr14SetReleaseTimeEf
_ZN5daisy9DaisySeed10StartAudioEPFvPKPKfPPfjE
_ZN9Wavetable7AddNoteEh
_ZN7daisysp4Adsr9RetriggerEb
_ZN5daisy6System5DelayEm
_ZN5daisy6System6GetNowEv
_ZNK5daisy11UartHandler11IsListeningEv
sprintf
_ZN5daisy6LoggerILNS_17LoggerDestinationE1EE9PrintLineEPKcz
_ZN5daisy7Encoder8DebounceEv
_ZN5daisy6Switch8DebounceEv
_ZNK5daisy9AdcHandle8GetFloatEh
_ZN9Wavetable10RemoveNoteEh
_ZN5daisy9DaisySeed7DelayMsEj
__aeabi_atexit
_ZN9WavetableC1Ev
__dso_handle
