ARM GAS  /tmp/ccGpFAuh.s 			page 1


   1              		.cpu cortex-m7
   2              		.arch armv7e-m
   3              		.fpu fpv5-d16
   4              		.eabi_attribute 28, 1
   5              		.eabi_attribute 20, 1
   6              		.eabi_attribute 21, 1
   7              		.eabi_attribute 23, 3
   8              		.eabi_attribute 24, 1
   9              		.eabi_attribute 25, 1
  10              		.eabi_attribute 26, 1
  11              		.eabi_attribute 30, 2
  12              		.eabi_attribute 34, 1
  13              		.eabi_attribute 18, 4
  14              		.file	"main.cpp"
  15              		.text
  16              	.Ltext0:
  17              		.cfi_sections	.debug_frame
  18              		.file 1 "main.cpp"
  19              		.section	.text._ZN5daisy6SwitchD2Ev,"axG",%progbits,_ZN5daisy6SwitchD5Ev,comdat
  20              		.align	1
  21              		.p2align 2,,3
  22              		.weak	_ZN5daisy6SwitchD2Ev
  23              		.syntax unified
  24              		.thumb
  25              		.thumb_func
  27              	_ZN5daisy6SwitchD2Ev:
  28              	.LVL0:
  29              	.LFB1444:
  30              		.file 2 "../DaisyExamples/libDaisy/src/hid/switch.h"
   1:../DaisyExamples/libDaisy/src/hid/switch.h **** #pragma once
   2:../DaisyExamples/libDaisy/src/hid/switch.h **** #ifndef DSY_SWITCH_H
   3:../DaisyExamples/libDaisy/src/hid/switch.h **** #define DSY_SWITCH_H
   4:../DaisyExamples/libDaisy/src/hid/switch.h **** #include "daisy_core.h"
   5:../DaisyExamples/libDaisy/src/hid/switch.h **** #include "per/gpio.h"
   6:../DaisyExamples/libDaisy/src/hid/switch.h **** #include "sys/system.h"
   7:../DaisyExamples/libDaisy/src/hid/switch.h **** 
   8:../DaisyExamples/libDaisy/src/hid/switch.h **** namespace daisy
   9:../DaisyExamples/libDaisy/src/hid/switch.h **** {
  10:../DaisyExamples/libDaisy/src/hid/switch.h **** /** 
  11:../DaisyExamples/libDaisy/src/hid/switch.h ****     Generic Class for handling momentary/latching switches \n 
  12:../DaisyExamples/libDaisy/src/hid/switch.h ****     Inspired/influenced by Mutable Instruments (pichenettes) Switch classes
  13:../DaisyExamples/libDaisy/src/hid/switch.h ****     @author Stephen Hensley
  14:../DaisyExamples/libDaisy/src/hid/switch.h ****     @date December 2019
  15:../DaisyExamples/libDaisy/src/hid/switch.h ****     @ingroup controls
  16:../DaisyExamples/libDaisy/src/hid/switch.h **** */
  17:../DaisyExamples/libDaisy/src/hid/switch.h **** class Switch
  18:../DaisyExamples/libDaisy/src/hid/switch.h **** {
  19:../DaisyExamples/libDaisy/src/hid/switch.h ****   public:
  20:../DaisyExamples/libDaisy/src/hid/switch.h ****     /** Specifies the expected behavior of the switch */
  21:../DaisyExamples/libDaisy/src/hid/switch.h ****     enum Type
  22:../DaisyExamples/libDaisy/src/hid/switch.h ****     {
  23:../DaisyExamples/libDaisy/src/hid/switch.h ****         TYPE_TOGGLE,    /**< & */
  24:../DaisyExamples/libDaisy/src/hid/switch.h ****         TYPE_MOMENTARY, /**< & */
  25:../DaisyExamples/libDaisy/src/hid/switch.h ****     };
  26:../DaisyExamples/libDaisy/src/hid/switch.h ****     /** Specifies whether the pressed is HIGH or LOW. */
  27:../DaisyExamples/libDaisy/src/hid/switch.h ****     enum Polarity
  28:../DaisyExamples/libDaisy/src/hid/switch.h ****     {
ARM GAS  /tmp/ccGpFAuh.s 			page 2


  29:../DaisyExamples/libDaisy/src/hid/switch.h ****         POLARITY_NORMAL,   /**< & */
  30:../DaisyExamples/libDaisy/src/hid/switch.h ****         POLARITY_INVERTED, /**< & */
  31:../DaisyExamples/libDaisy/src/hid/switch.h ****     };
  32:../DaisyExamples/libDaisy/src/hid/switch.h **** 
  33:../DaisyExamples/libDaisy/src/hid/switch.h ****     /** Specifies whether to use built-in Pull Up/Down resistors to hold button at a given state wh
  34:../DaisyExamples/libDaisy/src/hid/switch.h ****     enum Pull
  35:../DaisyExamples/libDaisy/src/hid/switch.h ****     {
  36:../DaisyExamples/libDaisy/src/hid/switch.h ****         PULL_UP,   /**< & */
  37:../DaisyExamples/libDaisy/src/hid/switch.h ****         PULL_DOWN, /**< & */
  38:../DaisyExamples/libDaisy/src/hid/switch.h ****         PULL_NONE, /**< & */
  39:../DaisyExamples/libDaisy/src/hid/switch.h ****     };
  40:../DaisyExamples/libDaisy/src/hid/switch.h **** 
  41:../DaisyExamples/libDaisy/src/hid/switch.h ****     Switch() {}
  42:../DaisyExamples/libDaisy/src/hid/switch.h ****     ~Switch() {}
  31              		.loc 2 42 5 view -0
  32              		.cfi_startproc
  33              		@ args = 0, pretend = 0, frame = 0
  34              		@ frame_needed = 0, uses_anonymous_args = 0
  35              		@ link register save eliminated.
  36              		.loc 2 42 16 is_stmt 0 view .LVU1
  37 0000 7047     		bx	lr
  38              		.cfi_endproc
  39              	.LFE1444:
  41              		.weak	_ZN5daisy6SwitchD1Ev
  42              		.thumb_set _ZN5daisy6SwitchD1Ev,_ZN5daisy6SwitchD2Ev
  43 0002 00BF     		.section	.text._ZN5daisy7EncoderD2Ev,"axG",%progbits,_ZN5daisy7EncoderD5Ev,comdat
  44              		.align	1
  45              		.p2align 2,,3
  46              		.weak	_ZN5daisy7EncoderD2Ev
  47              		.syntax unified
  48              		.thumb
  49              		.thumb_func
  51              	_ZN5daisy7EncoderD2Ev:
  52              	.LVL1:
  53              	.LFB1456:
  54              		.file 3 "../DaisyExamples/libDaisy/src/hid/encoder.h"
   1:../DaisyExamples/libDaisy/src/hid/encoder.h **** #pragma once
   2:../DaisyExamples/libDaisy/src/hid/encoder.h **** #ifndef DSY_ENCODER_H
   3:../DaisyExamples/libDaisy/src/hid/encoder.h **** #define DSY_ENCODER_H
   4:../DaisyExamples/libDaisy/src/hid/encoder.h **** #include "daisy_core.h"
   5:../DaisyExamples/libDaisy/src/hid/encoder.h **** #include "per/gpio.h"
   6:../DaisyExamples/libDaisy/src/hid/encoder.h **** #include "hid/switch.h"
   7:../DaisyExamples/libDaisy/src/hid/encoder.h **** 
   8:../DaisyExamples/libDaisy/src/hid/encoder.h **** namespace daisy
   9:../DaisyExamples/libDaisy/src/hid/encoder.h **** {
  10:../DaisyExamples/libDaisy/src/hid/encoder.h **** /** 
  11:../DaisyExamples/libDaisy/src/hid/encoder.h ****     @brief Generic Class for handling Quadrature Encoders \n 
  12:../DaisyExamples/libDaisy/src/hid/encoder.h ****     Inspired/influenced by Mutable Instruments (pichenettes) Encoder classes
  13:../DaisyExamples/libDaisy/src/hid/encoder.h ****     @author Stephen Hensley
  14:../DaisyExamples/libDaisy/src/hid/encoder.h ****     @date December 2019
  15:../DaisyExamples/libDaisy/src/hid/encoder.h ****     @ingroup controls
  16:../DaisyExamples/libDaisy/src/hid/encoder.h **** */
  17:../DaisyExamples/libDaisy/src/hid/encoder.h **** class Encoder
  18:../DaisyExamples/libDaisy/src/hid/encoder.h **** {
  19:../DaisyExamples/libDaisy/src/hid/encoder.h ****   public:
  20:../DaisyExamples/libDaisy/src/hid/encoder.h ****     Encoder() {}
  21:../DaisyExamples/libDaisy/src/hid/encoder.h ****     ~Encoder() {}
ARM GAS  /tmp/ccGpFAuh.s 			page 3


  55              		.loc 3 21 5 is_stmt 1 view -0
  56              		.cfi_startproc
  57              		@ args = 0, pretend = 0, frame = 0
  58              		@ frame_needed = 0, uses_anonymous_args = 0
  59              		@ link register save eliminated.
  60              	.LBB113:
  61              	.LBB114:
  62              	.LBI114:
  63              		.loc 2 42 5 view .LVU3
  64              		.loc 2 42 5 is_stmt 0 view .LVU4
  65              	.LBE114:
  66              	.LBE113:
  67              		.loc 3 21 17 view .LVU5
  68 0000 7047     		bx	lr
  69              		.cfi_endproc
  70              	.LFE1456:
  72              		.weak	_ZN5daisy7EncoderD1Ev
  73              		.thumb_set _ZN5daisy7EncoderD1Ev,_ZN5daisy7EncoderD2Ev
  74 0002 00BF     		.section	.text._ZN5daisy9DaisySeedD2Ev,"axG",%progbits,_ZN5daisy9DaisySeedD5Ev,comdat
  75              		.align	1
  76              		.p2align 2,,3
  77              		.weak	_ZN5daisy9DaisySeedD2Ev
  78              		.syntax unified
  79              		.thumb
  80              		.thumb_func
  82              	_ZN5daisy9DaisySeedD2Ev:
  83              	.LVL2:
  84              	.LFB2360:
  85              		.file 4 "../DaisyExamples/libDaisy/src/daisy_seed.h"
   1:../DaisyExamples/libDaisy/src/daisy_seed.h **** #pragma once
   2:../DaisyExamples/libDaisy/src/daisy_seed.h **** #ifndef DSY_SEED_H
   3:../DaisyExamples/libDaisy/src/daisy_seed.h **** #define DSY_SEED_H
   4:../DaisyExamples/libDaisy/src/daisy_seed.h **** 
   5:../DaisyExamples/libDaisy/src/daisy_seed.h **** #include "daisy.h"
   6:../DaisyExamples/libDaisy/src/daisy_seed.h **** 
   7:../DaisyExamples/libDaisy/src/daisy_seed.h **** //Uncomment this out if you're still using the rev2 hardware
   8:../DaisyExamples/libDaisy/src/daisy_seed.h **** //#define SEED_REV2
   9:../DaisyExamples/libDaisy/src/daisy_seed.h **** 
  10:../DaisyExamples/libDaisy/src/daisy_seed.h **** namespace daisy
  11:../DaisyExamples/libDaisy/src/daisy_seed.h **** {
  12:../DaisyExamples/libDaisy/src/daisy_seed.h **** /**
  13:../DaisyExamples/libDaisy/src/daisy_seed.h ****    @brief This is the higher-level interface for the Daisy board. \n 
  14:../DaisyExamples/libDaisy/src/daisy_seed.h ****     All basic peripheral configuration/initialization is setup here. \n
  15:../DaisyExamples/libDaisy/src/daisy_seed.h **** 
  16:../DaisyExamples/libDaisy/src/daisy_seed.h ****    @ingroup boards
  17:../DaisyExamples/libDaisy/src/daisy_seed.h **** */
  18:../DaisyExamples/libDaisy/src/daisy_seed.h **** class DaisySeed
  19:../DaisyExamples/libDaisy/src/daisy_seed.h **** {
  20:../DaisyExamples/libDaisy/src/daisy_seed.h ****   public:
  21:../DaisyExamples/libDaisy/src/daisy_seed.h ****     DaisySeed() {}
  22:../DaisyExamples/libDaisy/src/daisy_seed.h ****     ~DaisySeed() {}
  86              		.loc 4 22 5 is_stmt 1 view -0
  87              		.cfi_startproc
  88              		@ args = 0, pretend = 0, frame = 0
  89              		@ frame_needed = 0, uses_anonymous_args = 0
  90              		@ link register save eliminated.
  91              	.LBB115:
ARM GAS  /tmp/ccGpFAuh.s 			page 4


  92              	.LBB116:
  93              	.LBI116:
  94              		.file 5 "../DaisyExamples/libDaisy/src/sys/system.h"
   1:../DaisyExamples/libDaisy/src/sys/system.h **** #ifndef DSY_SYSTEM_H
   2:../DaisyExamples/libDaisy/src/sys/system.h **** #define DSY_SYSTEM_H
   3:../DaisyExamples/libDaisy/src/sys/system.h **** 
   4:../DaisyExamples/libDaisy/src/sys/system.h **** #ifndef UNIT_TEST // for unit tests, a dummy implementation is provided below
   5:../DaisyExamples/libDaisy/src/sys/system.h **** 
   6:../DaisyExamples/libDaisy/src/sys/system.h **** #include <cstdint>
   7:../DaisyExamples/libDaisy/src/sys/system.h **** #include "per/tim.h"
   8:../DaisyExamples/libDaisy/src/sys/system.h **** 
   9:../DaisyExamples/libDaisy/src/sys/system.h **** namespace daisy
  10:../DaisyExamples/libDaisy/src/sys/system.h **** {
  11:../DaisyExamples/libDaisy/src/sys/system.h **** /** A handle for interacting with the Core System.
  12:../DaisyExamples/libDaisy/src/sys/system.h ****  ** This includes the Clock tree, MPU, global DMA initialization,
  13:../DaisyExamples/libDaisy/src/sys/system.h ****  ** cache handling, and any other necessary global initiailzation
  14:../DaisyExamples/libDaisy/src/sys/system.h ****  **
  15:../DaisyExamples/libDaisy/src/sys/system.h ****  ** @author shensley
  16:../DaisyExamples/libDaisy/src/sys/system.h ****  ** @ingroup system
  17:../DaisyExamples/libDaisy/src/sys/system.h ****  */
  18:../DaisyExamples/libDaisy/src/sys/system.h **** class System
  19:../DaisyExamples/libDaisy/src/sys/system.h **** {
  20:../DaisyExamples/libDaisy/src/sys/system.h ****   public:
  21:../DaisyExamples/libDaisy/src/sys/system.h ****     /** Contains settings for initializing the System */
  22:../DaisyExamples/libDaisy/src/sys/system.h ****     struct Config
  23:../DaisyExamples/libDaisy/src/sys/system.h ****     {
  24:../DaisyExamples/libDaisy/src/sys/system.h ****         /** Specifies the system clock frequency that feeds APB/AHB clocks, etc. */
  25:../DaisyExamples/libDaisy/src/sys/system.h ****         enum class SysClkFreq
  26:../DaisyExamples/libDaisy/src/sys/system.h ****         {
  27:../DaisyExamples/libDaisy/src/sys/system.h ****             FREQ_400MHZ,
  28:../DaisyExamples/libDaisy/src/sys/system.h ****             FREQ_480MHZ,
  29:../DaisyExamples/libDaisy/src/sys/system.h ****         };
  30:../DaisyExamples/libDaisy/src/sys/system.h **** 
  31:../DaisyExamples/libDaisy/src/sys/system.h ****         /** Method to call on the struct to set to defaults
  32:../DaisyExamples/libDaisy/src/sys/system.h ****          ** CPU Freq set to 400MHz
  33:../DaisyExamples/libDaisy/src/sys/system.h ****          ** Cache Enabled
  34:../DaisyExamples/libDaisy/src/sys/system.h ****          ** */
  35:../DaisyExamples/libDaisy/src/sys/system.h ****         void Defaults()
  36:../DaisyExamples/libDaisy/src/sys/system.h ****         {
  37:../DaisyExamples/libDaisy/src/sys/system.h ****             cpu_freq    = SysClkFreq::FREQ_400MHZ;
  38:../DaisyExamples/libDaisy/src/sys/system.h ****             use_dcache  = true;
  39:../DaisyExamples/libDaisy/src/sys/system.h ****             use_icache  = true;
  40:../DaisyExamples/libDaisy/src/sys/system.h ****             skip_clocks = false;
  41:../DaisyExamples/libDaisy/src/sys/system.h ****         }
  42:../DaisyExamples/libDaisy/src/sys/system.h **** 
  43:../DaisyExamples/libDaisy/src/sys/system.h ****         /** Method to call on the struct to set to boost mode:
  44:../DaisyExamples/libDaisy/src/sys/system.h ****          ** CPU Freq set to 480MHz
  45:../DaisyExamples/libDaisy/src/sys/system.h ****          ** Cache Enabled
  46:../DaisyExamples/libDaisy/src/sys/system.h ****          ** */
  47:../DaisyExamples/libDaisy/src/sys/system.h ****         void Boost()
  48:../DaisyExamples/libDaisy/src/sys/system.h ****         {
  49:../DaisyExamples/libDaisy/src/sys/system.h ****             cpu_freq    = SysClkFreq::FREQ_480MHZ;
  50:../DaisyExamples/libDaisy/src/sys/system.h ****             use_dcache  = true;
  51:../DaisyExamples/libDaisy/src/sys/system.h ****             use_icache  = true;
  52:../DaisyExamples/libDaisy/src/sys/system.h ****             skip_clocks = false;
  53:../DaisyExamples/libDaisy/src/sys/system.h ****         }
  54:../DaisyExamples/libDaisy/src/sys/system.h **** 
ARM GAS  /tmp/ccGpFAuh.s 			page 5


  55:../DaisyExamples/libDaisy/src/sys/system.h ****         SysClkFreq cpu_freq;
  56:../DaisyExamples/libDaisy/src/sys/system.h ****         bool       use_dcache;
  57:../DaisyExamples/libDaisy/src/sys/system.h ****         bool       use_icache;
  58:../DaisyExamples/libDaisy/src/sys/system.h ****         bool       skip_clocks;
  59:../DaisyExamples/libDaisy/src/sys/system.h ****     };
  60:../DaisyExamples/libDaisy/src/sys/system.h **** 
  61:../DaisyExamples/libDaisy/src/sys/system.h ****     /** Describes the different regions of memory available to the Daisy */
  62:../DaisyExamples/libDaisy/src/sys/system.h ****     enum MemoryRegion
  63:../DaisyExamples/libDaisy/src/sys/system.h ****     {
  64:../DaisyExamples/libDaisy/src/sys/system.h ****         INTERNAL_FLASH = 0,
  65:../DaisyExamples/libDaisy/src/sys/system.h ****         ITCMRAM,
  66:../DaisyExamples/libDaisy/src/sys/system.h ****         DTCMRAM,
  67:../DaisyExamples/libDaisy/src/sys/system.h ****         SRAM_D1,
  68:../DaisyExamples/libDaisy/src/sys/system.h ****         SRAM_D2,
  69:../DaisyExamples/libDaisy/src/sys/system.h ****         SRAM_D3,
  70:../DaisyExamples/libDaisy/src/sys/system.h ****         SDRAM,
  71:../DaisyExamples/libDaisy/src/sys/system.h ****         QSPI,
  72:../DaisyExamples/libDaisy/src/sys/system.h ****         INVALID_ADDRESS,
  73:../DaisyExamples/libDaisy/src/sys/system.h ****     };
  74:../DaisyExamples/libDaisy/src/sys/system.h **** 
  75:../DaisyExamples/libDaisy/src/sys/system.h ****     /** Bootloader struct for controlling bootloading parameters */
  76:../DaisyExamples/libDaisy/src/sys/system.h ****     struct BootInfo
  77:../DaisyExamples/libDaisy/src/sys/system.h ****     {
  78:../DaisyExamples/libDaisy/src/sys/system.h ****         enum class Type : uint32_t
  79:../DaisyExamples/libDaisy/src/sys/system.h ****         {
  80:../DaisyExamples/libDaisy/src/sys/system.h ****             INVALID      = 0x00000000,
  81:../DaisyExamples/libDaisy/src/sys/system.h ****             JUMP         = 0xDEADBEEF,
  82:../DaisyExamples/libDaisy/src/sys/system.h ****             SKIP_TIMEOUT = 0x5AFEB007,
  83:../DaisyExamples/libDaisy/src/sys/system.h ****             INF_TIMEOUT  = 0xB0074EFA,
  84:../DaisyExamples/libDaisy/src/sys/system.h ****         } status;
  85:../DaisyExamples/libDaisy/src/sys/system.h ****         uint32_t data;
  86:../DaisyExamples/libDaisy/src/sys/system.h ****         enum class Version : uint32_t
  87:../DaisyExamples/libDaisy/src/sys/system.h ****         {
  88:../DaisyExamples/libDaisy/src/sys/system.h ****             LT_v6_0 = 0, // Less than v6.0
  89:../DaisyExamples/libDaisy/src/sys/system.h ****             NONE,        // No bootloader present
  90:../DaisyExamples/libDaisy/src/sys/system.h ****             v6_0,        // v6.0
  91:../DaisyExamples/libDaisy/src/sys/system.h ****             v6_1,        // v6.1 or greater
  92:../DaisyExamples/libDaisy/src/sys/system.h ****             LAST
  93:../DaisyExamples/libDaisy/src/sys/system.h ****         } version;
  94:../DaisyExamples/libDaisy/src/sys/system.h ****     };
  95:../DaisyExamples/libDaisy/src/sys/system.h **** 
  96:../DaisyExamples/libDaisy/src/sys/system.h ****     System() {}
  97:../DaisyExamples/libDaisy/src/sys/system.h ****     ~System() {}
  95              		.loc 5 97 5 view .LVU7
  96              		.loc 5 97 5 is_stmt 0 view .LVU8
  97              	.LBE116:
  98              	.LBB117:
  99              	.LBI117:
 100              		.file 6 "../DaisyExamples/libDaisy/src/hid/usb.h"
   1:../DaisyExamples/libDaisy/src/hid/usb.h **** #pragma once
   2:../DaisyExamples/libDaisy/src/hid/usb.h **** #ifndef DSY_HID_USB_H
   3:../DaisyExamples/libDaisy/src/hid/usb.h **** #define DSY_HID_USB_H
   4:../DaisyExamples/libDaisy/src/hid/usb.h **** #include <stdint.h>
   5:../DaisyExamples/libDaisy/src/hid/usb.h **** #include <stdlib.h>
   6:../DaisyExamples/libDaisy/src/hid/usb.h **** 
   7:../DaisyExamples/libDaisy/src/hid/usb.h **** namespace daisy
   8:../DaisyExamples/libDaisy/src/hid/usb.h **** /** @addtogroup human_interface
ARM GAS  /tmp/ccGpFAuh.s 			page 6


   9:../DaisyExamples/libDaisy/src/hid/usb.h ****     @{
  10:../DaisyExamples/libDaisy/src/hid/usb.h **** */
  11:../DaisyExamples/libDaisy/src/hid/usb.h **** 
  12:../DaisyExamples/libDaisy/src/hid/usb.h **** {
  13:../DaisyExamples/libDaisy/src/hid/usb.h **** /** 
  14:../DaisyExamples/libDaisy/src/hid/usb.h ****     @brief Interface for initializing and using the USB Peripherals on the daisy
  15:../DaisyExamples/libDaisy/src/hid/usb.h ****     @author Stephen Hensley
  16:../DaisyExamples/libDaisy/src/hid/usb.h ****     @date December 2019
  17:../DaisyExamples/libDaisy/src/hid/usb.h **** */
  18:../DaisyExamples/libDaisy/src/hid/usb.h **** class UsbHandle
  19:../DaisyExamples/libDaisy/src/hid/usb.h **** {
  20:../DaisyExamples/libDaisy/src/hid/usb.h ****   public:
  21:../DaisyExamples/libDaisy/src/hid/usb.h ****     /** Return values for USBHandle Functions */
  22:../DaisyExamples/libDaisy/src/hid/usb.h ****     enum class Result
  23:../DaisyExamples/libDaisy/src/hid/usb.h ****     {
  24:../DaisyExamples/libDaisy/src/hid/usb.h ****         OK,
  25:../DaisyExamples/libDaisy/src/hid/usb.h ****         ERR,
  26:../DaisyExamples/libDaisy/src/hid/usb.h ****     };
  27:../DaisyExamples/libDaisy/src/hid/usb.h **** 
  28:../DaisyExamples/libDaisy/src/hid/usb.h ****     /** Specified which of the two USB Peripherals to initialize. */
  29:../DaisyExamples/libDaisy/src/hid/usb.h ****     enum UsbPeriph
  30:../DaisyExamples/libDaisy/src/hid/usb.h ****     {
  31:../DaisyExamples/libDaisy/src/hid/usb.h ****         FS_INTERNAL, /**< Internal pin */
  32:../DaisyExamples/libDaisy/src/hid/usb.h ****         FS_EXTERNAL, /**< FS External D+ pin is Pin 38 (GPIO32). FS External D- pin is Pin 37 (GPIO
  33:../DaisyExamples/libDaisy/src/hid/usb.h ****         FS_BOTH,     /**< Both */
  34:../DaisyExamples/libDaisy/src/hid/usb.h ****     };
  35:../DaisyExamples/libDaisy/src/hid/usb.h **** 
  36:../DaisyExamples/libDaisy/src/hid/usb.h **** 
  37:../DaisyExamples/libDaisy/src/hid/usb.h ****     /** Function called upon reception of a buffer */
  38:../DaisyExamples/libDaisy/src/hid/usb.h ****     typedef void (*ReceiveCallback)(uint8_t* buff, uint32_t* len);
  39:../DaisyExamples/libDaisy/src/hid/usb.h **** 
  40:../DaisyExamples/libDaisy/src/hid/usb.h ****     UsbHandle() {}
  41:../DaisyExamples/libDaisy/src/hid/usb.h **** 
  42:../DaisyExamples/libDaisy/src/hid/usb.h ****     ~UsbHandle() {}
 101              		.loc 6 42 5 is_stmt 1 view .LVU9
 102              		.loc 6 42 5 is_stmt 0 view .LVU10
 103              	.LBE117:
 104              	.LBB118:
 105              	.LBI118:
 106              		.file 7 "../DaisyExamples/libDaisy/src/per/adc.h"
   1:../DaisyExamples/libDaisy/src/per/adc.h **** #pragma once
   2:../DaisyExamples/libDaisy/src/per/adc.h **** #ifndef DSY_ADC_H
   3:../DaisyExamples/libDaisy/src/per/adc.h **** #define DSY_ADC_H /**< Macro */
   4:../DaisyExamples/libDaisy/src/per/adc.h **** #include <stdint.h>
   5:../DaisyExamples/libDaisy/src/per/adc.h **** #include <stdlib.h>
   6:../DaisyExamples/libDaisy/src/per/adc.h **** #include "daisy_core.h"
   7:../DaisyExamples/libDaisy/src/per/adc.h **** #include "per/gpio.h"
   8:../DaisyExamples/libDaisy/src/per/adc.h **** 
   9:../DaisyExamples/libDaisy/src/per/adc.h **** #define DSY_ADC_MAX_CHANNELS 16 /**< Maximum number of ADC channels */
  10:../DaisyExamples/libDaisy/src/per/adc.h **** 
  11:../DaisyExamples/libDaisy/src/per/adc.h **** namespace daisy
  12:../DaisyExamples/libDaisy/src/per/adc.h **** {
  13:../DaisyExamples/libDaisy/src/per/adc.h **** /** @addtogroup per_analog
  14:../DaisyExamples/libDaisy/src/per/adc.h ****     @{
  15:../DaisyExamples/libDaisy/src/per/adc.h **** */
  16:../DaisyExamples/libDaisy/src/per/adc.h **** 
  17:../DaisyExamples/libDaisy/src/per/adc.h **** /* While there may not be many configuration options here,
ARM GAS  /tmp/ccGpFAuh.s 			page 7


  18:../DaisyExamples/libDaisy/src/per/adc.h **** using a struct like this allows us to add more configuration
  19:../DaisyExamples/libDaisy/src/per/adc.h **** later without breaking existing functionality.
  20:../DaisyExamples/libDaisy/src/per/adc.h **** */
  21:../DaisyExamples/libDaisy/src/per/adc.h **** 
  22:../DaisyExamples/libDaisy/src/per/adc.h **** /** @brief   Configuration Structure for an ADC Channel 
  23:../DaisyExamples/libDaisy/src/per/adc.h ****  *  @details This can be used to configure a a single input, 
  24:../DaisyExamples/libDaisy/src/per/adc.h ****  *           or a multiplexed input, allowing up to 8 inputs on 
  25:../DaisyExamples/libDaisy/src/per/adc.h ****  *           one channel.
  26:../DaisyExamples/libDaisy/src/per/adc.h ****  *  @note    Sharing data lines to multiple muxes _is_ possible, but
  27:../DaisyExamples/libDaisy/src/per/adc.h ****  *           each channel sharing data lines must be set to the maximum
  28:../DaisyExamples/libDaisy/src/per/adc.h ****  *           number of channels, even if some multiplexers have fewer
  29:../DaisyExamples/libDaisy/src/per/adc.h ****  *           inputs connected.
  30:../DaisyExamples/libDaisy/src/per/adc.h **** */
  31:../DaisyExamples/libDaisy/src/per/adc.h **** struct AdcChannelConfig
  32:../DaisyExamples/libDaisy/src/per/adc.h **** {
  33:../DaisyExamples/libDaisy/src/per/adc.h ****     /** Which pin to use for multiplexing */
  34:../DaisyExamples/libDaisy/src/per/adc.h ****     enum MuxPin
  35:../DaisyExamples/libDaisy/src/per/adc.h ****     {
  36:../DaisyExamples/libDaisy/src/per/adc.h ****         MUX_SEL_0,    /**< & */
  37:../DaisyExamples/libDaisy/src/per/adc.h ****         MUX_SEL_1,    /**< & */
  38:../DaisyExamples/libDaisy/src/per/adc.h ****         MUX_SEL_2,    /**< & */
  39:../DaisyExamples/libDaisy/src/per/adc.h ****         MUX_SEL_LAST, /**< & */
  40:../DaisyExamples/libDaisy/src/per/adc.h ****     };
  41:../DaisyExamples/libDaisy/src/per/adc.h **** 
  42:../DaisyExamples/libDaisy/src/per/adc.h ****     /** \brief per channel conversion speed added to fixed time based on bitdepth, etc. */
  43:../DaisyExamples/libDaisy/src/per/adc.h ****     enum ConversionSpeed
  44:../DaisyExamples/libDaisy/src/per/adc.h ****     {
  45:../DaisyExamples/libDaisy/src/per/adc.h ****         SPEED_1CYCLES_5,
  46:../DaisyExamples/libDaisy/src/per/adc.h ****         SPEED_2CYCLES_5,
  47:../DaisyExamples/libDaisy/src/per/adc.h ****         SPEED_8CYCLES_5,
  48:../DaisyExamples/libDaisy/src/per/adc.h ****         SPEED_16CYCLES_5,
  49:../DaisyExamples/libDaisy/src/per/adc.h ****         SPEED_32CYCLES_5,
  50:../DaisyExamples/libDaisy/src/per/adc.h ****         SPEED_64CYCLES_5,
  51:../DaisyExamples/libDaisy/src/per/adc.h ****         SPEED_387CYCLES_5,
  52:../DaisyExamples/libDaisy/src/per/adc.h ****         SPEED_810CYCLES_5,
  53:../DaisyExamples/libDaisy/src/per/adc.h ****     };
  54:../DaisyExamples/libDaisy/src/per/adc.h **** 
  55:../DaisyExamples/libDaisy/src/per/adc.h ****     /** Initializes a single ADC pin as an ADC. 
  56:../DaisyExamples/libDaisy/src/per/adc.h ****     \param pin Pin to init.
  57:../DaisyExamples/libDaisy/src/per/adc.h ****     \param speed conversion speed for this pin defaults to 8.5 cycles
  58:../DaisyExamples/libDaisy/src/per/adc.h ****      */
  59:../DaisyExamples/libDaisy/src/per/adc.h ****     void InitSingle(dsy_gpio_pin pin, ConversionSpeed speed = SPEED_8CYCLES_5);
  60:../DaisyExamples/libDaisy/src/per/adc.h **** 
  61:../DaisyExamples/libDaisy/src/per/adc.h ****     /** 
  62:../DaisyExamples/libDaisy/src/per/adc.h ****     Initializes a single ADC pin as a Multiplexed ADC.
  63:../DaisyExamples/libDaisy/src/per/adc.h ****     Requires a CD405X Multiplexer connected to the pin.
  64:../DaisyExamples/libDaisy/src/per/adc.h ****     You only need to supply the mux pins that are required,
  65:../DaisyExamples/libDaisy/src/per/adc.h ****     e.g. a 4052 mux would only require mux_0 and mux_1.
  66:../DaisyExamples/libDaisy/src/per/adc.h ****     Internal Callbacks handle the pin addressing.
  67:../DaisyExamples/libDaisy/src/per/adc.h ****     \param adc_pin &
  68:../DaisyExamples/libDaisy/src/per/adc.h ****     \param mux_channels must be 1-8
  69:../DaisyExamples/libDaisy/src/per/adc.h ****     \param mux_0 First mux pin
  70:../DaisyExamples/libDaisy/src/per/adc.h ****     \param mux_1 Second mux pin
  71:../DaisyExamples/libDaisy/src/per/adc.h ****     \param mux_2 Third mux pin
  72:../DaisyExamples/libDaisy/src/per/adc.h ****     \param speed conversion speed for this pin defaults to 8.5 cycles
  73:../DaisyExamples/libDaisy/src/per/adc.h ****     */
  74:../DaisyExamples/libDaisy/src/per/adc.h ****     void InitMux(dsy_gpio_pin    adc_pin,
ARM GAS  /tmp/ccGpFAuh.s 			page 8


  75:../DaisyExamples/libDaisy/src/per/adc.h ****                  size_t          mux_channels,
  76:../DaisyExamples/libDaisy/src/per/adc.h ****                  dsy_gpio_pin    mux_0,
  77:../DaisyExamples/libDaisy/src/per/adc.h ****                  dsy_gpio_pin    mux_1 = {DSY_GPIOX, 0},
  78:../DaisyExamples/libDaisy/src/per/adc.h ****                  dsy_gpio_pin    mux_2 = {DSY_GPIOX, 0},
  79:../DaisyExamples/libDaisy/src/per/adc.h ****                  ConversionSpeed speed = SPEED_8CYCLES_5);
  80:../DaisyExamples/libDaisy/src/per/adc.h **** 
  81:../DaisyExamples/libDaisy/src/per/adc.h ****     dsy_gpio        pin_;                   /**< & */
  82:../DaisyExamples/libDaisy/src/per/adc.h ****     dsy_gpio        mux_pin_[MUX_SEL_LAST]; /**< & */
  83:../DaisyExamples/libDaisy/src/per/adc.h ****     uint8_t         mux_channels_;          /**< & */
  84:../DaisyExamples/libDaisy/src/per/adc.h ****     ConversionSpeed speed_;
  85:../DaisyExamples/libDaisy/src/per/adc.h **** };
  86:../DaisyExamples/libDaisy/src/per/adc.h **** 
  87:../DaisyExamples/libDaisy/src/per/adc.h **** /**
  88:../DaisyExamples/libDaisy/src/per/adc.h ****    @brief Handler for analog to digital conversion
  89:../DaisyExamples/libDaisy/src/per/adc.h **** */
  90:../DaisyExamples/libDaisy/src/per/adc.h **** class AdcHandle
  91:../DaisyExamples/libDaisy/src/per/adc.h **** {
  92:../DaisyExamples/libDaisy/src/per/adc.h ****   public:
  93:../DaisyExamples/libDaisy/src/per/adc.h ****     /** Supported oversampling amounts */
  94:../DaisyExamples/libDaisy/src/per/adc.h ****     enum OverSampling
  95:../DaisyExamples/libDaisy/src/per/adc.h ****     {
  96:../DaisyExamples/libDaisy/src/per/adc.h ****         OVS_NONE, /**< & */
  97:../DaisyExamples/libDaisy/src/per/adc.h ****         OVS_4,    /**< & */
  98:../DaisyExamples/libDaisy/src/per/adc.h ****         OVS_8,    /**< & */
  99:../DaisyExamples/libDaisy/src/per/adc.h ****         OVS_16,   /**< & */
 100:../DaisyExamples/libDaisy/src/per/adc.h ****         OVS_32,   /**< & */
 101:../DaisyExamples/libDaisy/src/per/adc.h ****         OVS_64,   /**< & */
 102:../DaisyExamples/libDaisy/src/per/adc.h ****         OVS_128,  /**< & */
 103:../DaisyExamples/libDaisy/src/per/adc.h ****         OVS_256,  /**< & */
 104:../DaisyExamples/libDaisy/src/per/adc.h ****         OVS_512,  /**< & */
 105:../DaisyExamples/libDaisy/src/per/adc.h ****         OVS_1024, /**< & */
 106:../DaisyExamples/libDaisy/src/per/adc.h ****         OVS_LAST, /**< & */
 107:../DaisyExamples/libDaisy/src/per/adc.h ****     };
 108:../DaisyExamples/libDaisy/src/per/adc.h **** 
 109:../DaisyExamples/libDaisy/src/per/adc.h ****     AdcHandle() {}
 110:../DaisyExamples/libDaisy/src/per/adc.h ****     ~AdcHandle() {}
 107              		.loc 7 110 5 is_stmt 1 view .LVU11
 108              		.loc 7 110 5 is_stmt 0 view .LVU12
 109              	.LBE118:
 110              	.LBB119:
 111              	.LBI119:
 112              		.file 8 "../DaisyExamples/libDaisy/src/hid/audio.h"
   1:../DaisyExamples/libDaisy/src/hid/audio.h **** #ifndef DSY_AUDIO_H
   2:../DaisyExamples/libDaisy/src/hid/audio.h **** #define DSY_AUDIO_H /**< & */
   3:../DaisyExamples/libDaisy/src/hid/audio.h **** 
   4:../DaisyExamples/libDaisy/src/hid/audio.h **** #include "per/sai.h"
   5:../DaisyExamples/libDaisy/src/hid/audio.h **** 
   6:../DaisyExamples/libDaisy/src/hid/audio.h **** namespace daisy
   7:../DaisyExamples/libDaisy/src/hid/audio.h **** {
   8:../DaisyExamples/libDaisy/src/hid/audio.h **** /** @brief Audio Engine Handle
   9:../DaisyExamples/libDaisy/src/hid/audio.h ****  *  @ingroup audio 
  10:../DaisyExamples/libDaisy/src/hid/audio.h ****  *  @details This class allows for higher level access to an audio engine.
  11:../DaisyExamples/libDaisy/src/hid/audio.h ****  *           If you're using a SOM like the DaisySeed or DaisyPatchSM (or any 
  12:../DaisyExamples/libDaisy/src/hid/audio.h ****  *            board that includes one of those objects) then the intialization
  13:../DaisyExamples/libDaisy/src/hid/audio.h ****  *            is already taken  care of.
  14:../DaisyExamples/libDaisy/src/hid/audio.h ****  *           If you're setting up your own custom hardware, or need to make changes
  15:../DaisyExamples/libDaisy/src/hid/audio.h ****  *           you will have to take the following steps:
ARM GAS  /tmp/ccGpFAuh.s 			page 9


  16:../DaisyExamples/libDaisy/src/hid/audio.h ****  *             1. Create and Initialize an SaiHandle or two depending on your requirements
  17:../DaisyExamples/libDaisy/src/hid/audio.h ****  *             2. Initialize the Audio Handle with the desired settings and the Initialized SaiHand
  18:../DaisyExamples/libDaisy/src/hid/audio.h ****  *             3. If the connected codec requires special configuration or initialization, do so
  19:../DaisyExamples/libDaisy/src/hid/audio.h ****  *             4. Write a callback method using either the AudioCallback or the InterleavingAudioCa
  20:../DaisyExamples/libDaisy/src/hid/audio.h ****  *             5. Start the Audio using one of the StartAudio function
  21:../DaisyExamples/libDaisy/src/hid/audio.h ****  */
  22:../DaisyExamples/libDaisy/src/hid/audio.h **** class AudioHandle
  23:../DaisyExamples/libDaisy/src/hid/audio.h **** {
  24:../DaisyExamples/libDaisy/src/hid/audio.h ****   public:
  25:../DaisyExamples/libDaisy/src/hid/audio.h ****     /** Manually configurable details about the Audio Engine */
  26:../DaisyExamples/libDaisy/src/hid/audio.h ****     /** TODO: Figure out how to get samplerate in here. */
  27:../DaisyExamples/libDaisy/src/hid/audio.h ****     struct Config
  28:../DaisyExamples/libDaisy/src/hid/audio.h ****     {
  29:../DaisyExamples/libDaisy/src/hid/audio.h ****         /** number of samples to process per callback */
  30:../DaisyExamples/libDaisy/src/hid/audio.h ****         size_t blocksize;
  31:../DaisyExamples/libDaisy/src/hid/audio.h **** 
  32:../DaisyExamples/libDaisy/src/hid/audio.h ****         /**< Sample rate of audio */
  33:../DaisyExamples/libDaisy/src/hid/audio.h ****         SaiHandle::Config::SampleRate samplerate;
  34:../DaisyExamples/libDaisy/src/hid/audio.h **** 
  35:../DaisyExamples/libDaisy/src/hid/audio.h ****         /** factor for adjustment before and after callback for hardware that may have extra headro
  36:../DaisyExamples/libDaisy/src/hid/audio.h ****         float postgain;
  37:../DaisyExamples/libDaisy/src/hid/audio.h **** 
  38:../DaisyExamples/libDaisy/src/hid/audio.h ****         /** factor for additional one-sided compensation to audio path for hardware that may
  39:../DaisyExamples/libDaisy/src/hid/audio.h ****          *  have unequal input/output ranges
  40:../DaisyExamples/libDaisy/src/hid/audio.h ****          */
  41:../DaisyExamples/libDaisy/src/hid/audio.h ****         float output_compensation;
  42:../DaisyExamples/libDaisy/src/hid/audio.h **** 
  43:../DaisyExamples/libDaisy/src/hid/audio.h ****         /** Sets default values for config struct */
  44:../DaisyExamples/libDaisy/src/hid/audio.h ****         Config()
  45:../DaisyExamples/libDaisy/src/hid/audio.h ****         : blocksize(48),
  46:../DaisyExamples/libDaisy/src/hid/audio.h ****           samplerate(SaiHandle::Config::SampleRate::SAI_48KHZ),
  47:../DaisyExamples/libDaisy/src/hid/audio.h ****           postgain(1.f),
  48:../DaisyExamples/libDaisy/src/hid/audio.h ****           output_compensation(1.f)
  49:../DaisyExamples/libDaisy/src/hid/audio.h ****         {
  50:../DaisyExamples/libDaisy/src/hid/audio.h ****         }
  51:../DaisyExamples/libDaisy/src/hid/audio.h ****     };
  52:../DaisyExamples/libDaisy/src/hid/audio.h **** 
  53:../DaisyExamples/libDaisy/src/hid/audio.h ****     enum class Result
  54:../DaisyExamples/libDaisy/src/hid/audio.h ****     {
  55:../DaisyExamples/libDaisy/src/hid/audio.h ****         OK,
  56:../DaisyExamples/libDaisy/src/hid/audio.h ****         ERR,
  57:../DaisyExamples/libDaisy/src/hid/audio.h ****     };
  58:../DaisyExamples/libDaisy/src/hid/audio.h **** 
  59:../DaisyExamples/libDaisy/src/hid/audio.h ****     /** Non-Interleaving input buffer
  60:../DaisyExamples/libDaisy/src/hid/audio.h ****      * Buffer arranged by float[chn][sample] 
  61:../DaisyExamples/libDaisy/src/hid/audio.h ****      * const so that the user can't modify the input
  62:../DaisyExamples/libDaisy/src/hid/audio.h ****      */
  63:../DaisyExamples/libDaisy/src/hid/audio.h ****     typedef const float* const* InputBuffer;
  64:../DaisyExamples/libDaisy/src/hid/audio.h **** 
  65:../DaisyExamples/libDaisy/src/hid/audio.h ****     /** Non-Interleaving output buffer
  66:../DaisyExamples/libDaisy/src/hid/audio.h ****      * Arranged by float[chn][sample] 
  67:../DaisyExamples/libDaisy/src/hid/audio.h ****      */
  68:../DaisyExamples/libDaisy/src/hid/audio.h ****     typedef float** OutputBuffer;
  69:../DaisyExamples/libDaisy/src/hid/audio.h **** 
  70:../DaisyExamples/libDaisy/src/hid/audio.h ****     /** Type for a Non-Interleaving audio callback 
  71:../DaisyExamples/libDaisy/src/hid/audio.h ****      * Non-Interleaving audio callbacks in daisy will be of this type
  72:../DaisyExamples/libDaisy/src/hid/audio.h ****      */
ARM GAS  /tmp/ccGpFAuh.s 			page 10


  73:../DaisyExamples/libDaisy/src/hid/audio.h ****     typedef void (*AudioCallback)(InputBuffer  in,
  74:../DaisyExamples/libDaisy/src/hid/audio.h ****                                   OutputBuffer out,
  75:../DaisyExamples/libDaisy/src/hid/audio.h ****                                   size_t       size);
  76:../DaisyExamples/libDaisy/src/hid/audio.h **** 
  77:../DaisyExamples/libDaisy/src/hid/audio.h ****     /** Interleaving Input buffer
  78:../DaisyExamples/libDaisy/src/hid/audio.h ****      ** audio is prepared as { L0, R0, L1, R1, . . . LN, RN }]
  79:../DaisyExamples/libDaisy/src/hid/audio.h ****      ** this is const, as the user shouldn't modify it
  80:../DaisyExamples/libDaisy/src/hid/audio.h ****     */
  81:../DaisyExamples/libDaisy/src/hid/audio.h ****     typedef const float* InterleavingInputBuffer;
  82:../DaisyExamples/libDaisy/src/hid/audio.h **** 
  83:../DaisyExamples/libDaisy/src/hid/audio.h ****     /** Interleaving Output buffer 
  84:../DaisyExamples/libDaisy/src/hid/audio.h ****      ** audio is prepared as { L0, R0, L1, R1, . . . LN, RN }
  85:../DaisyExamples/libDaisy/src/hid/audio.h ****     */
  86:../DaisyExamples/libDaisy/src/hid/audio.h ****     typedef float* InterleavingOutputBuffer;
  87:../DaisyExamples/libDaisy/src/hid/audio.h **** 
  88:../DaisyExamples/libDaisy/src/hid/audio.h ****     /** Interleaving Audio Callback 
  89:../DaisyExamples/libDaisy/src/hid/audio.h ****      * Interleaving audio callbacks in daisy must be of this type
  90:../DaisyExamples/libDaisy/src/hid/audio.h ****      */
  91:../DaisyExamples/libDaisy/src/hid/audio.h ****     typedef void (*InterleavingAudioCallback)(InterleavingInputBuffer  in,
  92:../DaisyExamples/libDaisy/src/hid/audio.h ****                                               InterleavingOutputBuffer out,
  93:../DaisyExamples/libDaisy/src/hid/audio.h ****                                               size_t                   size);
  94:../DaisyExamples/libDaisy/src/hid/audio.h **** 
  95:../DaisyExamples/libDaisy/src/hid/audio.h ****     AudioHandle() : pimpl_(nullptr) {}
  96:../DaisyExamples/libDaisy/src/hid/audio.h ****     ~AudioHandle() {}
 113              		.loc 8 96 5 is_stmt 1 view .LVU13
 114              		.loc 8 96 5 is_stmt 0 view .LVU14
 115              	.LBE119:
 116              	.LBE115:
 117              		.loc 4 22 19 view .LVU15
 118 0000 7047     		bx	lr
 119              		.cfi_endproc
 120              	.LFE2360:
 122              		.weak	_ZN5daisy9DaisySeedD1Ev
 123              		.thumb_set _ZN5daisy9DaisySeedD1Ev,_ZN5daisy9DaisySeedD2Ev
 124 0002 00BF     		.section	.text._Z10packetSendv,"ax",%progbits
 125              		.align	1
 126              		.p2align 2,,3
 127              		.global	_Z10packetSendv
 128              		.syntax unified
 129              		.thumb
 130              		.thumb_func
 132              	_Z10packetSendv:
 133              	.LFB2366:
   1:main.cpp      **** #include "daisy_seed.h"
   2:main.cpp      **** 
   3:main.cpp      **** using namespace daisy;
   4:main.cpp      **** 
   5:main.cpp      **** //Function Definitions
   6:main.cpp      **** 
   7:main.cpp      **** void packetSend();
   8:main.cpp      **** void resetValues();
   9:main.cpp      **** 
  10:main.cpp      **** // Hardware Classes
  11:main.cpp      **** DaisySeed    hw;
  12:main.cpp      **** UartHandler  uart;
  13:main.cpp      **** Encoder      menu_encoder;
  14:main.cpp      **** Encoder      one_encoder;
ARM GAS  /tmp/ccGpFAuh.s 			page 11


  15:main.cpp      **** Encoder      two_encoder;
  16:main.cpp      **** Encoder      three_encoder;
  17:main.cpp      **** Switch       forward_button;
  18:main.cpp      **** Switch       backward_button;
  19:main.cpp      **** 
  20:main.cpp      **** uint8_t DMA_BUFFER_MEM_SECTION tx_buffer[64];
  21:main.cpp      **** 
  22:main.cpp      **** // volatile is required for variables shared between the callback and main loop
  23:main.cpp      **** volatile int   menu_counter = 0;
  24:main.cpp      **** volatile int   one_counter = 0;
  25:main.cpp      **** volatile int   two_counter = 0;
  26:main.cpp      **** volatile int   three_counter = 0;
  27:main.cpp      **** volatile float pot_values[6] = {0.0f};
  28:main.cpp      **** //volatile bool  needs_uart_update = false;
  29:main.cpp      **** 
  30:main.cpp      **** // Variables
  31:main.cpp      **** //uint32_t last_send = 0;
  32:main.cpp      **** uint8_t menu = 0; 
  33:main.cpp      **** uint8_t loc = 0;
  34:main.cpp      **** uint8_t attack = 0;
  35:main.cpp      **** uint8_t decay = 0;
  36:main.cpp      **** uint8_t sustain = 0;
  37:main.cpp      **** uint8_t release = 0;
  38:main.cpp      **** uint8_t preset = 0;
  39:main.cpp      **** uint8_t sub_menu = 0;
  40:main.cpp      **** uint8_t fx_type = 0;
  41:main.cpp      **** bool    fx_select = 0;
  42:main.cpp      **** const uint8_t NUMBER_OF_FX = 4;
  43:main.cpp      **** 
  44:main.cpp      **** uint8_t fx_val_01 = 0;
  45:main.cpp      **** uint8_t fx_val_02 = 0;
  46:main.cpp      **** uint8_t fx_val_03 = 0;
  47:main.cpp      **** uint8_t fx_val_11 = 0;
  48:main.cpp      **** uint8_t fx_val_12 = 0;
  49:main.cpp      **** uint8_t fx_val_13 = 0;
  50:main.cpp      **** 
  51:main.cpp      **** uint8_t amp[8] = {0};
  52:main.cpp      **** uint8_t shape[8] = {0};
  53:main.cpp      **** uint8_t phase[8] = {0}; 
  54:main.cpp      **** 
  55:main.cpp      **** int main(void) {
  56:main.cpp      ****     hw.Init();
  57:main.cpp      **** 
  58:main.cpp      ****     // UART Config (Pins 14 TX, 15 RX)
  59:main.cpp      ****     UartHandler::Config uart_conf;
  60:main.cpp      ****     uart_conf.baudrate      = 115200;
  61:main.cpp      ****     uart_conf.periph        = UartHandler::Config::Peripheral::USART_1;
  62:main.cpp      ****     uart_conf.stopbits      = UartHandler::Config::StopBits::BITS_1;
  63:main.cpp      ****     uart_conf.parity        = UartHandler::Config::Parity::NONE;
  64:main.cpp      ****     uart_conf.wordlength    = UartHandler::Config::WordLength::BITS_8;
  65:main.cpp      ****     uart_conf.mode          = UartHandler::Config::Mode::TX_RX;
  66:main.cpp      ****     uart_conf.pin_config.tx = {DSY_GPIOB, 6}; // Pin 14
  67:main.cpp      ****     uart_conf.pin_config.rx = {DSY_GPIOB, 7}; // Pin 15
  68:main.cpp      ****     uart.Init(uart_conf);
  69:main.cpp      **** 
  70:main.cpp      ****     //Encoder Config
  71:main.cpp      ****     menu_encoder.Init(hw.GetPin(0), hw.GetPin(1), hw.GetPin(2));
ARM GAS  /tmp/ccGpFAuh.s 			page 12


  72:main.cpp      ****     one_encoder.Init(hw.GetPin(3), hw.GetPin(4), hw.GetPin(5));
  73:main.cpp      ****     two_encoder.Init(hw.GetPin(6), hw.GetPin(7), hw.GetPin(8));
  74:main.cpp      ****     three_encoder.Init(hw.GetPin(9), hw.GetPin(10), hw.GetPin(11));
  75:main.cpp      **** 
  76:main.cpp      ****     //ADC Config
  77:main.cpp      ****     AdcChannelConfig adc_config[6];
  78:main.cpp      ****     adc_config[0].InitSingle(hw.GetPin(15));
  79:main.cpp      ****     adc_config[1].InitSingle(hw.GetPin(16));
  80:main.cpp      ****     adc_config[2].InitSingle(hw.GetPin(17));
  81:main.cpp      ****     adc_config[3].InitSingle(hw.GetPin(18));
  82:main.cpp      ****     adc_config[4].InitSingle(hw.GetPin(19));
  83:main.cpp      ****     adc_config[5].InitSingle(hw.GetPin(20));
  84:main.cpp      ****     hw.adc.Init(adc_config, 6);
  85:main.cpp      ****     hw.adc.Start();
  86:main.cpp      **** 
  87:main.cpp      ****     //Switch Config
  88:main.cpp      ****     forward_button.Init(hw.GetPin(29), 1000 / 1000);
  89:main.cpp      ****     backward_button.Init(hw.GetPin(30), 1000 / 1000);
  90:main.cpp      **** 
  91:main.cpp      ****     //Send initial screen packet
  92:main.cpp      ****     packetSend();
  93:main.cpp      **** 
  94:main.cpp      ****     while(1) {
  95:main.cpp      ****         //Debounce Inputs
  96:main.cpp      ****         menu_encoder.Debounce();
  97:main.cpp      ****         one_encoder.Debounce();
  98:main.cpp      ****         two_encoder.Debounce();
  99:main.cpp      ****         three_encoder.Debounce();
 100:main.cpp      ****         forward_button.Debounce();
 101:main.cpp      ****         backward_button.Debounce();
 102:main.cpp      **** 
 103:main.cpp      ****         // Find Encoder Values
 104:main.cpp      ****         short  menu_inc = menu_encoder.Increment();
 105:main.cpp      ****         short  one_inc = one_encoder.Increment();
 106:main.cpp      ****         short  two_inc = two_encoder.Increment();
 107:main.cpp      ****         short  three_inc = three_encoder.Increment();
 108:main.cpp      **** 
 109:main.cpp      ****         // Update Potentiometers
 110:main.cpp      ****         for(int i = 0; i < 6; i++) {
 111:main.cpp      ****         float val = hw.adc.GetFloat(i);
 112:main.cpp      ****         if(fabsf(val - pot_values[i]) > 0.01f) {
 113:main.cpp      ****             pot_values[i] = val;          //Make them readable by the other side
 114:main.cpp      ****         }
 115:main.cpp      **** 
 116:main.cpp      ****         //Check Encoder Changes
 117:main.cpp      ****         if(menu_inc != 0) menu_counter += menu_inc;
 118:main.cpp      ****         if(one_inc != 0) one_counter += one_inc;
 119:main.cpp      ****         if(two_inc != 0) two_counter += two_inc;
 120:main.cpp      ****         if(three_inc != 0) three_counter += three_inc;
 121:main.cpp      **** 
 122:main.cpp      ****         //State Machine
 123:main.cpp      ****         switch(menu) {
 124:main.cpp      ****             case 0: { //Splash Screen
 125:main.cpp      ****                 hw.DelayMs(500);
 126:main.cpp      ****                 loc++;
 127:main.cpp      ****                 //At the end of the 
 128:main.cpp      ****                 if(loc > 3) {
ARM GAS  /tmp/ccGpFAuh.s 			page 13


 129:main.cpp      ****                     menu++;
 130:main.cpp      ****                     resetValues();
 131:main.cpp      ****                 }
 132:main.cpp      ****                 break;
 133:main.cpp      ****             }
 134:main.cpp      ****             case 1: { //Main Menu
 135:main.cpp      ****                 menu_counter = menu_counter % 4; // Round off from 0-3 for four menu options
 136:main.cpp      ****                 loc = menu_counter;              // Set the current menu location to the menu count
 137:main.cpp      ****                 if (forward_button.RisingEdge()) {// Forward button is pressed
 138:main.cpp      ****                     switch(loc) {
 139:main.cpp      ****                         case 0: menu = 2; break;
 140:main.cpp      ****                         case 1: menu = 3; break;
 141:main.cpp      ****                         case 2: menu = 4; break;
 142:main.cpp      ****                         case 3: menu = 5; break;
 143:main.cpp      ****                     }
 144:main.cpp      ****                     resetValues();
 145:main.cpp      ****                 }
 146:main.cpp      ****                 break;
 147:main.cpp      ****             }
 148:main.cpp      ****             case 2: { //Wave Menu
 149:main.cpp      ****                 int modulo = 0;             // Variable modulo 
 150:main.cpp      ****                 if (preset >= 2 && preset <= 3)      modulo = 3;
 151:main.cpp      ****                 else if (preset >= 4 && preset <= 5) modulo = 5;
 152:main.cpp      ****                 else if (preset >= 6 && preset <= 7) modulo = 9;
 153:main.cpp      ****                 menu_counter = menu_counter % modulo;
 154:main.cpp      ****                 loc = menu_counter;
 155:main.cpp      **** 
 156:main.cpp      ****                 if(backward_button.RisingEdge()) {
 157:main.cpp      ****                     menu = 1;
 158:main.cpp      ****                     resetValues();
 159:main.cpp      ****                 }
 160:main.cpp      **** 
 161:main.cpp      ****                 switch(loc) {
 162:main.cpp      ****                     case 0:
 163:main.cpp      ****                         preset = one_counter % 8;
 164:main.cpp      ****                         break;
 165:main.cpp      ****                     default:
 166:main.cpp      ****                         amp[loc-1] = one_counter % 100 + 1;
 167:main.cpp      ****                         shape[loc-1] = two_counter % 3;
 168:main.cpp      ****                         phase[loc-1] = three_counter % 360;
 169:main.cpp      ****                         break;
 170:main.cpp      ****                 }
 171:main.cpp      ****                 break;
 172:main.cpp      ****             }
 173:main.cpp      ****             case 3: { //Effects
 174:main.cpp      ****                 if(sub_menu) {
 175:main.cpp      ****                     menu_counter = menu_counter % NUMBER_OF_FX;
 176:main.cpp      ****                     loc = menu_counter;
 177:main.cpp      **** 
 178:main.cpp      **** 
 179:main.cpp      ****                 }
 180:main.cpp      ****                 else {
 181:main.cpp      ****                     menu_counter = menu_counter % 2;
 182:main.cpp      ****                     loc = menu_counter;
 183:main.cpp      ****                     fx_select = loc;
 184:main.cpp      ****                 }
 185:main.cpp      **** 
ARM GAS  /tmp/ccGpFAuh.s 			page 14


 186:main.cpp      **** 
 187:main.cpp      ****                 
 188:main.cpp      ****                 break;
 189:main.cpp      ****             }
 190:main.cpp      ****             case 4: { //ADSR
 191:main.cpp      ****                 if(backward_button.RisingEdge()) {
 192:main.cpp      ****                     menu = 1;
 193:main.cpp      ****                     resetValues();
 194:main.cpp      ****                 }
 195:main.cpp      **** 
 196:main.cpp      ****                 attack = pot_values[2];
 197:main.cpp      ****                 decay = pot_values[3];
 198:main.cpp      ****                 sustain = pot_values[4];
 199:main.cpp      ****                 release = pot_values[5];
 200:main.cpp      ****                 break;
 201:main.cpp      ****             }
 202:main.cpp      ****             case 5: { //Settings
 203:main.cpp      ****                 break;
 204:main.cpp      ****             }
 205:main.cpp      ****         }
 206:main.cpp      **** 
 207:main.cpp      ****         //Send packet at the end of the cycle
 208:main.cpp      ****         packetSend();
 209:main.cpp      ****     }
 210:main.cpp      **** }
 211:main.cpp      **** }
 212:main.cpp      **** 
 213:main.cpp      **** void packetSend() {
 134              		.loc 1 213 19 is_stmt 1 view -0
 135              		.cfi_startproc
 136              		@ args = 0, pretend = 0, frame = 0
 137              		@ frame_needed = 0, uses_anonymous_args = 0
 214:main.cpp      ****     int idx = 0;
 138              		.loc 1 214 5 view .LVU17
 139              	.LVL3:
 215:main.cpp      ****     // 1. START BYTE (The Sync Byte)
 216:main.cpp      ****     tx_buffer[idx++] = 0xAA; 
 140              		.loc 1 216 5 view .LVU18
 217:main.cpp      **** 
 218:main.cpp      ****     // 2. HEADER
 219:main.cpp      ****     tx_buffer[idx++] = menu;
 141              		.loc 1 219 22 is_stmt 0 view .LVU19
 142 0000 3149     		ldr	r1, .L18
 216:main.cpp      **** 
 143              		.loc 1 216 22 view .LVU20
 144 0002 AA22     		movs	r2, #170
 145 0004 314B     		ldr	r3, .L18+4
 220:main.cpp      ****     tx_buffer[idx++] = loc; // Location 1 for testing CHANGE VALUE LATER
 146              		.loc 1 220 22 view .LVU21
 147 0006 3248     		ldr	r0, .L18+8
 213:main.cpp      ****     int idx = 0;
 148              		.loc 1 213 19 view .LVU22
 149 0008 10B5     		push	{r4, lr}
 150              		.cfi_def_cfa_offset 8
 151              		.cfi_offset 4, -8
 152              		.cfi_offset 14, -4
 219:main.cpp      ****     tx_buffer[idx++] = loc; // Location 1 for testing CHANGE VALUE LATER
ARM GAS  /tmp/ccGpFAuh.s 			page 15


 153              		.loc 1 219 22 view .LVU23
 154 000a 0978     		ldrb	r1, [r1]	@ zero_extendqisi2
 213:main.cpp      ****     int idx = 0;
 155              		.loc 1 213 19 view .LVU24
 156 000c 82B0     		sub	sp, sp, #8
 157              		.cfi_def_cfa_offset 16
 158              		.loc 1 220 22 view .LVU25
 159 000e 0078     		ldrb	r0, [r0]	@ zero_extendqisi2
 216:main.cpp      **** 
 160              		.loc 1 216 22 view .LVU26
 161 0010 1A70     		strb	r2, [r3]
 219:main.cpp      ****     tx_buffer[idx++] = loc; // Location 1 for testing CHANGE VALUE LATER
 162              		.loc 1 219 5 is_stmt 1 view .LVU27
 163              	.LVL4:
 164              	.LBB120:
 221:main.cpp      **** 
 222:main.cpp      ****     switch(menu) {
 165              		.loc 1 222 5 is_stmt 0 view .LVU28
 166 0012 4A1E     		subs	r2, r1, #1
 167              	.LBE120:
 219:main.cpp      ****     tx_buffer[idx++] = loc; // Location 1 for testing CHANGE VALUE LATER
 168              		.loc 1 219 22 view .LVU29
 169 0014 5970     		strb	r1, [r3, #1]
 220:main.cpp      **** 
 170              		.loc 1 220 5 is_stmt 1 view .LVU30
 171              	.LVL5:
 220:main.cpp      **** 
 172              		.loc 1 220 22 is_stmt 0 view .LVU31
 173 0016 9870     		strb	r0, [r3, #2]
 174              		.loc 1 222 5 is_stmt 1 view .LVU32
 175              	.LBB133:
 176 0018 032A     		cmp	r2, #3
 177 001a 52D8     		bhi	.L14
 178 001c DFE802F0 		tbb	[pc, r2]
 179              	.L8:
 180 0020 33       		.byte	(.L11-.L8)/2
 181 0021 23       		.byte	(.L10-.L8)/2
 182 0022 0E       		.byte	(.L9-.L8)/2
 183 0023 02       		.byte	(.L7-.L8)/2
 184              		.p2align 1
 185              	.L7:
 186              	.LBB121:
 223:main.cpp      ****     // 3. GENERATE PAYLOADS
 224:main.cpp      ****         case 0: 
 225:main.cpp      ****             break;
 226:main.cpp      ****         case 1: // Payload (26 bytes total)
 227:main.cpp      ****             tx_buffer[idx++] = sub_menu;                              // 1 Sub-Menu
 228:main.cpp      ****             for(int i=0; i<8; i++) tx_buffer[idx++] = amp[i]; // 8 Amps
 229:main.cpp      ****             for(int i=0; i<8; i++) tx_buffer[idx++] = shape[i];       // 8 Shapes
 230:main.cpp      ****             for(int i=0; i<8; i++) tx_buffer[idx++] = phase[i];      // 8 Phases
 231:main.cpp      ****             tx_buffer[idx++] = preset;                         // 1 Preset
 232:main.cpp      ****             break;
 233:main.cpp      ****         case 2: // FX Menu (4 bytes payload)
 234:main.cpp      ****             tx_buffer[idx++] = fx_type;  // Select=1, Type=10
 235:main.cpp      ****             if(fx_select) {
 236:main.cpp      ****                 tx_buffer[idx++] = fx_val_11;  
 237:main.cpp      ****                 tx_buffer[idx++] = fx_val_12; 
ARM GAS  /tmp/ccGpFAuh.s 			page 16


 238:main.cpp      ****                 tx_buffer[idx++] = fx_val_13;
 239:main.cpp      ****             }
 240:main.cpp      ****             else {
 241:main.cpp      ****                 tx_buffer[idx++] = fx_val_01;  
 242:main.cpp      ****                 tx_buffer[idx++] = fx_val_02; 
 243:main.cpp      ****                 tx_buffer[idx++] = fx_val_03;
 244:main.cpp      ****             }
 245:main.cpp      ****             break;
 246:main.cpp      ****         case 3: // Envelope (4 bytes payload)
 247:main.cpp      ****             tx_buffer[idx++] = attack; 
 248:main.cpp      ****             tx_buffer[idx++] = decay; 
 249:main.cpp      ****             tx_buffer[idx++] = sustain; 
 250:main.cpp      ****             tx_buffer[idx++] = release;
 251:main.cpp      ****             break;
 252:main.cpp      ****         case 4:
 187              		.loc 1 252 9 view .LVU33
 253:main.cpp      ****             tx_buffer[idx++] = 0xFF;
 188              		.loc 1 253 13 view .LVU34
 189              	.LVL6:
 190              		.loc 1 253 30 is_stmt 0 view .LVU35
 191 0024 FF21     		movs	r1, #255
 254:main.cpp      ****             break;
 192              		.loc 1 254 13 view .LVU36
 193 0026 0422     		movs	r2, #4
 253:main.cpp      ****             tx_buffer[idx++] = 0xFF;
 194              		.loc 1 253 30 view .LVU37
 195 0028 D970     		strb	r1, [r3, #3]
 196              		.loc 1 254 13 is_stmt 1 view .LVU38
 197              	.LVL7:
 198              	.L6:
 199              		.loc 1 254 13 is_stmt 0 view .LVU39
 200              	.LBE121:
 201              	.LBE133:
 255:main.cpp      ****     }
 256:main.cpp      ****         
 257:main.cpp      ****     // Send via DMA
 258:main.cpp      ****     uart.DmaTransmit(tx_buffer, idx, NULL, NULL, NULL);
 202              		.loc 1 258 5 is_stmt 1 view .LVU40
 203              		.loc 1 258 21 is_stmt 0 view .LVU41
 204 002a 0023     		movs	r3, #0
 205 002c 2749     		ldr	r1, .L18+4
 206 002e 2948     		ldr	r0, .L18+12
 207 0030 CDE90033 		strd	r3, r3, [sp]
 208 0034 FFF7FEFF 		bl	_ZN5daisy11UartHandler11DmaTransmitEPhjPFvPvEPFvS2_NS0_6ResultEES2_
 209              	.LVL8:
 259:main.cpp      **** }
 210              		.loc 1 259 1 view .LVU42
 211 0038 02B0     		add	sp, sp, #8
 212              		.cfi_remember_state
 213              		.cfi_def_cfa_offset 8
 214              		@ sp needed
 215 003a 10BD     		pop	{r4, pc}
 216              	.LVL9:
 217              	.L9:
 218              		.cfi_restore_state
 219              	.LBB134:
 220              	.LBB132:
ARM GAS  /tmp/ccGpFAuh.s 			page 17


 246:main.cpp      ****             tx_buffer[idx++] = attack; 
 221              		.loc 1 246 9 is_stmt 1 view .LVU43
 247:main.cpp      ****             tx_buffer[idx++] = decay; 
 222              		.loc 1 247 13 view .LVU44
 248:main.cpp      ****             tx_buffer[idx++] = sustain; 
 223              		.loc 1 248 13 view .LVU45
 249:main.cpp      ****             tx_buffer[idx++] = release;
 224              		.loc 1 249 13 view .LVU46
 250:main.cpp      ****             break;
 225              		.loc 1 250 13 view .LVU47
 247:main.cpp      ****             tx_buffer[idx++] = decay; 
 226              		.loc 1 247 30 is_stmt 0 view .LVU48
 227 003c 264C     		ldr	r4, .L18+16
 228 003e 0022     		movs	r2, #0
 248:main.cpp      ****             tx_buffer[idx++] = sustain; 
 229              		.loc 1 248 30 view .LVU49
 230 0040 2649     		ldr	r1, .L18+20
 247:main.cpp      ****             tx_buffer[idx++] = decay; 
 231              		.loc 1 247 30 view .LVU50
 232 0042 2478     		ldrb	r4, [r4]	@ zero_extendqisi2
 233 0044 0978     		ldrb	r1, [r1]	@ zero_extendqisi2
 249:main.cpp      ****             tx_buffer[idx++] = release;
 234              		.loc 1 249 30 view .LVU51
 235 0046 2648     		ldr	r0, .L18+24
 247:main.cpp      ****             tx_buffer[idx++] = decay; 
 236              		.loc 1 247 30 view .LVU52
 237 0048 64F30702 		bfi	r2, r4, #0, #8
 238 004c 0078     		ldrb	r0, [r0]	@ zero_extendqisi2
 239 004e 61F30F22 		bfi	r2, r1, #8, #8
 250:main.cpp      ****             break;
 240              		.loc 1 250 30 view .LVU53
 241 0052 2449     		ldr	r1, .L18+28
 247:main.cpp      ****             tx_buffer[idx++] = decay; 
 242              		.loc 1 247 30 view .LVU54
 243 0054 60F31742 		bfi	r2, r0, #16, #8
 244 0058 0978     		ldrb	r1, [r1]	@ zero_extendqisi2
 245 005a 61F31F62 		bfi	r2, r1, #24, #8
 246 005e C3F80320 		str	r2, [r3, #3]	@ unaligned
 251:main.cpp      ****         case 4:
 247              		.loc 1 251 13 is_stmt 1 view .LVU55
 248              	.L13:
 232:main.cpp      ****         case 2: // FX Menu (4 bytes payload)
 249              		.loc 1 232 13 is_stmt 0 view .LVU56
 250 0062 0722     		movs	r2, #7
 251 0064 E1E7     		b	.L6
 252              	.LVL10:
 253              	.L10:
 233:main.cpp      ****             tx_buffer[idx++] = fx_type;  // Select=1, Type=10
 254              		.loc 1 233 9 is_stmt 1 view .LVU57
 234:main.cpp      ****             if(fx_select) {
 255              		.loc 1 234 13 view .LVU58
 234:main.cpp      ****             if(fx_select) {
 256              		.loc 1 234 30 is_stmt 0 view .LVU59
 257 0066 2049     		ldr	r1, .L18+32
 235:main.cpp      ****                 tx_buffer[idx++] = fx_val_11;  
 258              		.loc 1 235 13 view .LVU60
 259 0068 204A     		ldr	r2, .L18+36
ARM GAS  /tmp/ccGpFAuh.s 			page 18


 234:main.cpp      ****             if(fx_select) {
 260              		.loc 1 234 30 view .LVU61
 261 006a 0978     		ldrb	r1, [r1]	@ zero_extendqisi2
 235:main.cpp      ****                 tx_buffer[idx++] = fx_val_11;  
 262              		.loc 1 235 13 view .LVU62
 263 006c 1278     		ldrb	r2, [r2]	@ zero_extendqisi2
 234:main.cpp      ****             if(fx_select) {
 264              		.loc 1 234 30 view .LVU63
 265 006e D970     		strb	r1, [r3, #3]
 235:main.cpp      ****                 tx_buffer[idx++] = fx_val_11;  
 266              		.loc 1 235 13 is_stmt 1 view .LVU64
 267 0070 1ABB     		cbnz	r2, .L17
 241:main.cpp      ****                 tx_buffer[idx++] = fx_val_02; 
 268              		.loc 1 241 17 view .LVU65
 269              	.LVL11:
 241:main.cpp      ****                 tx_buffer[idx++] = fx_val_02; 
 270              		.loc 1 241 34 is_stmt 0 view .LVU66
 271 0072 1F48     		ldr	r0, .L18+40
 242:main.cpp      ****                 tx_buffer[idx++] = fx_val_03;
 272              		.loc 1 242 34 view .LVU67
 273 0074 1F49     		ldr	r1, .L18+44
 243:main.cpp      ****             }
 274              		.loc 1 243 34 view .LVU68
 275 0076 204A     		ldr	r2, .L18+48
 276              	.L16:
 241:main.cpp      ****                 tx_buffer[idx++] = fx_val_02; 
 277              		.loc 1 241 34 view .LVU69
 278 0078 0078     		ldrb	r0, [r0]	@ zero_extendqisi2
 242:main.cpp      ****                 tx_buffer[idx++] = fx_val_03;
 279              		.loc 1 242 34 view .LVU70
 280 007a 0978     		ldrb	r1, [r1]	@ zero_extendqisi2
 243:main.cpp      ****             }
 281              		.loc 1 243 34 view .LVU71
 282 007c 1278     		ldrb	r2, [r2]	@ zero_extendqisi2
 241:main.cpp      ****                 tx_buffer[idx++] = fx_val_02; 
 283              		.loc 1 241 34 view .LVU72
 284 007e 1871     		strb	r0, [r3, #4]
 242:main.cpp      ****                 tx_buffer[idx++] = fx_val_03;
 285              		.loc 1 242 17 is_stmt 1 view .LVU73
 286              	.LVL12:
 242:main.cpp      ****                 tx_buffer[idx++] = fx_val_03;
 287              		.loc 1 242 34 is_stmt 0 view .LVU74
 288 0080 5971     		strb	r1, [r3, #5]
 243:main.cpp      ****             }
 289              		.loc 1 243 17 is_stmt 1 view .LVU75
 290              	.LVL13:
 243:main.cpp      ****             }
 291              		.loc 1 243 34 is_stmt 0 view .LVU76
 292 0082 9A71     		strb	r2, [r3, #6]
 293 0084 EDE7     		b	.L13
 294              	.LVL14:
 295              	.L11:
 226:main.cpp      ****             tx_buffer[idx++] = sub_menu;                              // 1 Sub-Menu
 296              		.loc 1 226 9 is_stmt 1 view .LVU77
 227:main.cpp      ****             for(int i=0; i<8; i++) tx_buffer[idx++] = amp[i]; // 8 Amps
 297              		.loc 1 227 13 view .LVU78
 227:main.cpp      ****             for(int i=0; i<8; i++) tx_buffer[idx++] = amp[i]; // 8 Amps
ARM GAS  /tmp/ccGpFAuh.s 			page 19


 298              		.loc 1 227 30 is_stmt 0 view .LVU79
 299 0086 1D48     		ldr	r0, .L18+52
 300              	.LBB122:
 228:main.cpp      ****             for(int i=0; i<8; i++) tx_buffer[idx++] = shape[i];       // 8 Shapes
 301              		.loc 1 228 53 discriminator 3 view .LVU80
 302 0088 1D49     		ldr	r1, .L18+56
 303              	.LBE122:
 227:main.cpp      ****             for(int i=0; i<8; i++) tx_buffer[idx++] = amp[i]; // 8 Amps
 304              		.loc 1 227 30 view .LVU81
 305 008a 0078     		ldrb	r0, [r0]	@ zero_extendqisi2
 306              	.LBB123:
 228:main.cpp      ****             for(int i=0; i<8; i++) tx_buffer[idx++] = shape[i];       // 8 Shapes
 307              		.loc 1 228 53 discriminator 3 view .LVU82
 308 008c 1D4A     		ldr	r2, .L18+60
 309              	.LBE123:
 310              	.LBB124:
 229:main.cpp      ****             for(int i=0; i<8; i++) tx_buffer[idx++] = phase[i];      // 8 Phases
 311              		.loc 1 229 53 discriminator 3 view .LVU83
 312 008e 1E4C     		ldr	r4, .L18+64
 313              	.LBE124:
 227:main.cpp      ****             for(int i=0; i<8; i++) tx_buffer[idx++] = amp[i]; // 8 Amps
 314              		.loc 1 227 30 view .LVU84
 315 0090 D870     		strb	r0, [r3, #3]
 228:main.cpp      ****             for(int i=0; i<8; i++) tx_buffer[idx++] = shape[i];       // 8 Shapes
 316              		.loc 1 228 13 is_stmt 1 view .LVU85
 317              	.LVL15:
 318              	.LBB125:
 228:main.cpp      ****             for(int i=0; i<8; i++) tx_buffer[idx++] = shape[i];       // 8 Shapes
 319              		.loc 1 228 27 discriminator 1 view .LVU86
 320              	.LBE125:
 321              	.LBB126:
 229:main.cpp      ****             for(int i=0; i<8; i++) tx_buffer[idx++] = phase[i];      // 8 Phases
 322              		.loc 1 229 53 is_stmt 0 discriminator 3 view .LVU87
 323 0092 02F1080E 		add	lr, r2, #8
 324              	.LBE126:
 325              	.LBB127:
 230:main.cpp      ****             tx_buffer[idx++] = preset;                         // 1 Preset
 326              		.loc 1 230 53 discriminator 3 view .LVU88
 327 0096 02F1100C 		add	ip, r2, #16
 328              	.LBE127:
 329              	.LBB128:
 228:main.cpp      ****             for(int i=0; i<8; i++) tx_buffer[idx++] = shape[i];       // 8 Shapes
 330              		.loc 1 228 53 discriminator 3 view .LVU89
 331 009a 03C9     		ldm	r1, {r0, r1}
 332 009c 82E80300 		stm	r2, {r0, r1}
 333              	.LVL16:
 228:main.cpp      ****             for(int i=0; i<8; i++) tx_buffer[idx++] = shape[i];       // 8 Shapes
 334              		.loc 1 228 53 discriminator 3 view .LVU90
 335              	.LBE128:
 336              	.LBB129:
 229:main.cpp      ****             for(int i=0; i<8; i++) tx_buffer[idx++] = phase[i];      // 8 Phases
 337              		.loc 1 229 53 discriminator 3 view .LVU91
 338 00a0 94E80300 		ldm	r4, {r0, r1}
 339              	.LBE129:
 231:main.cpp      ****             break;
 340              		.loc 1 231 30 view .LVU92
 341 00a4 194C     		ldr	r4, .L18+68
ARM GAS  /tmp/ccGpFAuh.s 			page 20


 232:main.cpp      ****         case 2: // FX Menu (4 bytes payload)
 342              		.loc 1 232 13 view .LVU93
 343 00a6 1D22     		movs	r2, #29
 344              	.LBB130:
 229:main.cpp      ****             for(int i=0; i<8; i++) tx_buffer[idx++] = phase[i];      // 8 Phases
 345              		.loc 1 229 53 discriminator 3 view .LVU94
 346 00a8 8EE80300 		stm	lr, {r0, r1}
 347              	.LBE130:
 348              	.LBB131:
 230:main.cpp      ****             tx_buffer[idx++] = preset;                         // 1 Preset
 349              		.loc 1 230 53 discriminator 3 view .LVU95
 350 00ac 1849     		ldr	r1, .L18+72
 351 00ae 03C9     		ldm	r1, {r0, r1}
 352 00b0 8CE80300 		stm	ip, {r0, r1}
 353              	.LBE131:
 231:main.cpp      ****             break;
 354              		.loc 1 231 13 is_stmt 1 view .LVU96
 355              	.LVL17:
 231:main.cpp      ****             break;
 356              		.loc 1 231 30 is_stmt 0 view .LVU97
 357 00b4 2178     		ldrb	r1, [r4]	@ zero_extendqisi2
 358 00b6 1977     		strb	r1, [r3, #28]
 232:main.cpp      ****         case 2: // FX Menu (4 bytes payload)
 359              		.loc 1 232 13 is_stmt 1 view .LVU98
 360 00b8 B7E7     		b	.L6
 361              	.LVL18:
 362              	.L17:
 236:main.cpp      ****                 tx_buffer[idx++] = fx_val_12; 
 363              		.loc 1 236 17 view .LVU99
 236:main.cpp      ****                 tx_buffer[idx++] = fx_val_12; 
 364              		.loc 1 236 34 is_stmt 0 view .LVU100
 365 00ba 1648     		ldr	r0, .L18+76
 237:main.cpp      ****                 tx_buffer[idx++] = fx_val_13;
 366              		.loc 1 237 34 view .LVU101
 367 00bc 1649     		ldr	r1, .L18+80
 238:main.cpp      ****             }
 368              		.loc 1 238 34 view .LVU102
 369 00be 174A     		ldr	r2, .L18+84
 370 00c0 DAE7     		b	.L16
 371              	.LVL19:
 372              	.L14:
 238:main.cpp      ****             }
 373              		.loc 1 238 34 view .LVU103
 374              	.LBE132:
 222:main.cpp      ****     // 3. GENERATE PAYLOADS
 375              		.loc 1 222 5 view .LVU104
 376 00c2 0322     		movs	r2, #3
 377 00c4 B1E7     		b	.L6
 378              	.L19:
 379 00c6 00BF     		.align	2
 380              	.L18:
 381 00c8 00000000 		.word	menu
 382 00cc 00000000 		.word	tx_buffer
 383 00d0 00000000 		.word	loc
 384 00d4 00000000 		.word	uart
 385 00d8 00000000 		.word	attack
 386 00dc 00000000 		.word	decay
ARM GAS  /tmp/ccGpFAuh.s 			page 21


 387 00e0 00000000 		.word	sustain
 388 00e4 00000000 		.word	release
 389 00e8 00000000 		.word	fx_type
 390 00ec 00000000 		.word	fx_select
 391 00f0 00000000 		.word	fx_val_01
 392 00f4 00000000 		.word	fx_val_02
 393 00f8 00000000 		.word	fx_val_03
 394 00fc 00000000 		.word	sub_menu
 395 0100 00000000 		.word	amp
 396 0104 04000000 		.word	tx_buffer+4
 397 0108 00000000 		.word	shape
 398 010c 00000000 		.word	preset
 399 0110 00000000 		.word	phase
 400 0114 00000000 		.word	fx_val_11
 401 0118 00000000 		.word	fx_val_12
 402 011c 00000000 		.word	fx_val_13
 403              	.LBE134:
 404              		.cfi_endproc
 405              	.LFE2366:
 407              		.section	.text.startup.main,"ax",%progbits
 408              		.align	1
 409              		.p2align 2,,3
 410              		.global	main
 411              		.syntax unified
 412              		.thumb
 413              		.thumb_func
 415              	main:
 416              	.LFB2365:
  55:main.cpp      ****     hw.Init();
 417              		.loc 1 55 16 is_stmt 1 view -0
 418              		.cfi_startproc
 419              		@ args = 0, pretend = 0, frame = 224
 420              		@ frame_needed = 0, uses_anonymous_args = 0
  56:main.cpp      **** 
 421              		.loc 1 56 5 view .LVU106
  55:main.cpp      ****     hw.Init();
 422              		.loc 1 55 16 is_stmt 0 view .LVU107
 423 0000 2DE9F04F 		push	{r4, r5, r6, r7, r8, r9, r10, fp, lr}
 424              		.cfi_def_cfa_offset 36
 425              		.cfi_offset 4, -36
 426              		.cfi_offset 5, -32
 427              		.cfi_offset 6, -28
 428              		.cfi_offset 7, -24
 429              		.cfi_offset 8, -20
 430              		.cfi_offset 9, -16
 431              		.cfi_offset 10, -12
 432              		.cfi_offset 11, -8
 433              		.cfi_offset 14, -4
  56:main.cpp      **** 
 434              		.loc 1 56 12 view .LVU108
 435 0004 0021     		movs	r1, #0
  55:main.cpp      ****     hw.Init();
 436              		.loc 1 55 16 view .LVU109
 437 0006 B9B0     		sub	sp, sp, #228
 438              		.cfi_def_cfa_offset 264
  56:main.cpp      **** 
 439              		.loc 1 56 12 view .LVU110
ARM GAS  /tmp/ccGpFAuh.s 			page 22


 440 0008 C248     		ldr	r0, .L90
  65:main.cpp      ****     uart_conf.pin_config.tx = {DSY_GPIOB, 6}; // Pin 14
 441              		.loc 1 65 29 view .LVU111
 442 000a 0224     		movs	r4, #2
  56:main.cpp      **** 
 443              		.loc 1 56 12 view .LVU112
 444 000c FFF7FEFF 		bl	_ZN5daisy9DaisySeed4InitEb
 445              	.LVL20:
  59:main.cpp      ****     uart_conf.baudrate      = 115200;
 446              		.loc 1 59 5 is_stmt 1 view .LVU113
 447              	.LBB135:
 448              	.LBI135:
 449              		.file 9 "../DaisyExamples/libDaisy/src/per/uart.h"
   1:../DaisyExamples/libDaisy/src/per/uart.h **** /* 
   2:../DaisyExamples/libDaisy/src/per/uart.h **** TODO
   3:../DaisyExamples/libDaisy/src/per/uart.h **** - Overflow handling, etc. for Rx Queue.
   4:../DaisyExamples/libDaisy/src/per/uart.h **** */
   5:../DaisyExamples/libDaisy/src/per/uart.h **** 
   6:../DaisyExamples/libDaisy/src/per/uart.h **** #pragma once
   7:../DaisyExamples/libDaisy/src/per/uart.h **** #ifndef DSY_UART_H
   8:../DaisyExamples/libDaisy/src/per/uart.h **** #define DSY_UART_H /**< macro */
   9:../DaisyExamples/libDaisy/src/per/uart.h **** #include "daisy_core.h"
  10:../DaisyExamples/libDaisy/src/per/uart.h **** 
  11:../DaisyExamples/libDaisy/src/per/uart.h **** 
  12:../DaisyExamples/libDaisy/src/per/uart.h **** namespace daisy
  13:../DaisyExamples/libDaisy/src/per/uart.h **** {
  14:../DaisyExamples/libDaisy/src/per/uart.h **** /** @addtogroup serial
  15:../DaisyExamples/libDaisy/src/per/uart.h ****     @{
  16:../DaisyExamples/libDaisy/src/per/uart.h ****     */
  17:../DaisyExamples/libDaisy/src/per/uart.h **** 
  18:../DaisyExamples/libDaisy/src/per/uart.h **** /** 
  19:../DaisyExamples/libDaisy/src/per/uart.h ****     Uart Peripheral
  20:../DaisyExamples/libDaisy/src/per/uart.h ****     @author shensley
  21:../DaisyExamples/libDaisy/src/per/uart.h ****     @date March 2020
  22:../DaisyExamples/libDaisy/src/per/uart.h ****     */
  23:../DaisyExamples/libDaisy/src/per/uart.h **** class UartHandler
  24:../DaisyExamples/libDaisy/src/per/uart.h **** {
  25:../DaisyExamples/libDaisy/src/per/uart.h ****   public:
  26:../DaisyExamples/libDaisy/src/per/uart.h ****     struct Config
  27:../DaisyExamples/libDaisy/src/per/uart.h ****     {
  28:../DaisyExamples/libDaisy/src/per/uart.h ****         enum class Peripheral
  29:../DaisyExamples/libDaisy/src/per/uart.h ****         {
  30:../DaisyExamples/libDaisy/src/per/uart.h ****             USART_1,
  31:../DaisyExamples/libDaisy/src/per/uart.h ****             USART_2,
  32:../DaisyExamples/libDaisy/src/per/uart.h ****             USART_3,
  33:../DaisyExamples/libDaisy/src/per/uart.h ****             UART_4,
  34:../DaisyExamples/libDaisy/src/per/uart.h ****             UART_5,
  35:../DaisyExamples/libDaisy/src/per/uart.h ****             USART_6,
  36:../DaisyExamples/libDaisy/src/per/uart.h ****             UART_7,
  37:../DaisyExamples/libDaisy/src/per/uart.h ****             UART_8,
  38:../DaisyExamples/libDaisy/src/per/uart.h ****             LPUART_1,
  39:../DaisyExamples/libDaisy/src/per/uart.h ****         };
  40:../DaisyExamples/libDaisy/src/per/uart.h **** 
  41:../DaisyExamples/libDaisy/src/per/uart.h ****         enum class StopBits
  42:../DaisyExamples/libDaisy/src/per/uart.h ****         {
  43:../DaisyExamples/libDaisy/src/per/uart.h ****             BITS_0_5,
  44:../DaisyExamples/libDaisy/src/per/uart.h ****             BITS_1,
ARM GAS  /tmp/ccGpFAuh.s 			page 23


  45:../DaisyExamples/libDaisy/src/per/uart.h ****             BITS_1_5,
  46:../DaisyExamples/libDaisy/src/per/uart.h ****             BITS_2,
  47:../DaisyExamples/libDaisy/src/per/uart.h ****         };
  48:../DaisyExamples/libDaisy/src/per/uart.h **** 
  49:../DaisyExamples/libDaisy/src/per/uart.h ****         enum class Parity
  50:../DaisyExamples/libDaisy/src/per/uart.h ****         {
  51:../DaisyExamples/libDaisy/src/per/uart.h ****             NONE,
  52:../DaisyExamples/libDaisy/src/per/uart.h ****             EVEN,
  53:../DaisyExamples/libDaisy/src/per/uart.h ****             ODD,
  54:../DaisyExamples/libDaisy/src/per/uart.h ****         };
  55:../DaisyExamples/libDaisy/src/per/uart.h **** 
  56:../DaisyExamples/libDaisy/src/per/uart.h ****         enum class Mode
  57:../DaisyExamples/libDaisy/src/per/uart.h ****         {
  58:../DaisyExamples/libDaisy/src/per/uart.h ****             RX,
  59:../DaisyExamples/libDaisy/src/per/uart.h ****             TX,
  60:../DaisyExamples/libDaisy/src/per/uart.h ****             TX_RX,
  61:../DaisyExamples/libDaisy/src/per/uart.h ****         };
  62:../DaisyExamples/libDaisy/src/per/uart.h **** 
  63:../DaisyExamples/libDaisy/src/per/uart.h ****         enum class WordLength
  64:../DaisyExamples/libDaisy/src/per/uart.h ****         {
  65:../DaisyExamples/libDaisy/src/per/uart.h ****             BITS_7,
  66:../DaisyExamples/libDaisy/src/per/uart.h ****             BITS_8,
  67:../DaisyExamples/libDaisy/src/per/uart.h ****             BITS_9,
  68:../DaisyExamples/libDaisy/src/per/uart.h ****         };
  69:../DaisyExamples/libDaisy/src/per/uart.h **** 
  70:../DaisyExamples/libDaisy/src/per/uart.h ****         struct
  71:../DaisyExamples/libDaisy/src/per/uart.h ****         {
  72:../DaisyExamples/libDaisy/src/per/uart.h ****             dsy_gpio_pin tx; /**< & */
  73:../DaisyExamples/libDaisy/src/per/uart.h ****             dsy_gpio_pin rx; /**< & */
  74:../DaisyExamples/libDaisy/src/per/uart.h ****         } pin_config;        /**< & */
  75:../DaisyExamples/libDaisy/src/per/uart.h **** 
  76:../DaisyExamples/libDaisy/src/per/uart.h ****         Config()
 450              		.loc 9 76 9 view .LVU114
 451              	.LBB136:
 452              	.LBB137:
  77:../DaisyExamples/libDaisy/src/per/uart.h ****         {
  78:../DaisyExamples/libDaisy/src/per/uart.h ****             // user must init periph, pin_config, and mode
  79:../DaisyExamples/libDaisy/src/per/uart.h ****             stopbits   = StopBits::BITS_1;
 453              		.loc 9 79 13 view .LVU115
 454              		.loc 9 79 24 is_stmt 0 view .LVU116
 455 0010 0125     		movs	r5, #1
 456              	.LBE137:
 457              	.LBE136:
 458              	.LBE135:
  60:main.cpp      ****     uart_conf.periph        = UartHandler::Config::Peripheral::USART_1;
 459              		.loc 1 60 29 view .LVU117
 460 0012 4FF4E132 		mov	r2, #115200
  66:main.cpp      ****     uart_conf.pin_config.rx = {DSY_GPIOB, 7}; // Pin 15
 461              		.loc 1 66 29 view .LVU118
 462 0016 C04B     		ldr	r3, .L90+4
 463              	.LBB142:
 464              	.LBB140:
 465              	.LBB138:
  80:../DaisyExamples/libDaisy/src/per/uart.h ****             parity     = Parity::NONE;
 466              		.loc 9 80 24 view .LVU119
 467 0018 0026     		movs	r6, #0
 468              	.LBE138:
ARM GAS  /tmp/ccGpFAuh.s 			page 24


 469              	.LBE140:
 470              	.LBE142:
  68:main.cpp      **** 
 471              		.loc 1 68 14 view .LVU120
 472 001a 16A9     		add	r1, sp, #88
 473              	.LVL21:
  68:main.cpp      **** 
 474              		.loc 1 68 14 view .LVU121
 475 001c BF48     		ldr	r0, .L90+8
  66:main.cpp      ****     uart_conf.pin_config.rx = {DSY_GPIOB, 7}; // Pin 15
 476              		.loc 1 66 29 view .LVU122
 477 001e 1693     		str	r3, [sp, #88]
  61:main.cpp      ****     uart_conf.stopbits      = UartHandler::Config::StopBits::BITS_1;
 478              		.loc 1 61 29 view .LVU123
 479 0020 1796     		str	r6, [sp, #92]
  65:main.cpp      ****     uart_conf.pin_config.tx = {DSY_GPIOB, 6}; // Pin 14
 480              		.loc 1 65 29 view .LVU124
 481 0022 1A94     		str	r4, [sp, #104]
 482 0024 DFF844A3 		ldr	r10, .L90+88
 483 0028 DFF844B3 		ldr	fp, .L90+92
  60:main.cpp      ****     uart_conf.periph        = UartHandler::Config::Peripheral::USART_1;
 484              		.loc 1 60 29 view .LVU125
 485 002c CDE91B52 		strd	r5, r2, [sp, #108]
 486              	.LBB143:
 487              	.LBB141:
 488              	.LBB139:
 489              		.loc 9 80 24 view .LVU126
 490 0030 CDE91856 		strd	r5, r6, [sp, #96]
  81:../DaisyExamples/libDaisy/src/per/uart.h ****             wordlength = WordLength::BITS_8;
 491              		.loc 9 81 13 is_stmt 1 view .LVU127
 492              	.LBE139:
 493              	.LBE141:
 494              	.LBE143:
  61:main.cpp      ****     uart_conf.stopbits      = UartHandler::Config::StopBits::BITS_1;
 495              		.loc 1 61 5 view .LVU128
  62:main.cpp      ****     uart_conf.parity        = UartHandler::Config::Parity::NONE;
 496              		.loc 1 62 5 view .LVU129
  63:main.cpp      ****     uart_conf.wordlength    = UartHandler::Config::WordLength::BITS_8;
 497              		.loc 1 63 5 view .LVU130
  64:main.cpp      ****     uart_conf.mode          = UartHandler::Config::Mode::TX_RX;
 498              		.loc 1 64 5 view .LVU131
  65:main.cpp      ****     uart_conf.pin_config.tx = {DSY_GPIOB, 6}; // Pin 14
 499              		.loc 1 65 5 view .LVU132
  66:main.cpp      ****     uart_conf.pin_config.rx = {DSY_GPIOB, 7}; // Pin 15
 500              		.loc 1 66 5 view .LVU133
  67:main.cpp      ****     uart.Init(uart_conf);
 501              		.loc 1 67 5 view .LVU134
  68:main.cpp      **** 
 502              		.loc 1 68 5 view .LVU135
  68:main.cpp      **** 
 503              		.loc 1 68 14 is_stmt 0 view .LVU136
 504 0034 FFF7FEFF 		bl	_ZN5daisy11UartHandler4InitERKNS0_6ConfigE
 505              	.LVL22:
  71:main.cpp      ****     one_encoder.Init(hw.GetPin(3), hw.GetPin(4), hw.GetPin(5));
 506              		.loc 1 71 5 is_stmt 1 view .LVU137
  71:main.cpp      ****     one_encoder.Init(hw.GetPin(3), hw.GetPin(4), hw.GetPin(5));
 507              		.loc 1 71 22 is_stmt 0 view .LVU138
ARM GAS  /tmp/ccGpFAuh.s 			page 25


 508 0038 3046     		mov	r0, r6
 509 003a FFF7FEFF 		bl	_ZN5daisy9DaisySeed6GetPinEh
 510              	.LVL23:
 511 003e 0346     		mov	r3, r0	@ movhi
  71:main.cpp      ****     one_encoder.Init(hw.GetPin(3), hw.GetPin(4), hw.GetPin(5));
 512              		.loc 1 71 22 discriminator 1 view .LVU139
 513 0040 2846     		mov	r0, r5
 514 0042 B74D     		ldr	r5, .L90+12
  71:main.cpp      ****     one_encoder.Init(hw.GetPin(3), hw.GetPin(4), hw.GetPin(5));
 515              		.loc 1 71 22 view .LVU140
 516 0044 ADF80830 		strh	r3, [sp, #8]	@ movhi
  71:main.cpp      ****     one_encoder.Init(hw.GetPin(3), hw.GetPin(4), hw.GetPin(5));
 517              		.loc 1 71 22 discriminator 1 view .LVU141
 518 0048 FFF7FEFF 		bl	_ZN5daisy9DaisySeed6GetPinEh
 519              	.LVL24:
 520 004c 0346     		mov	r3, r0	@ movhi
  71:main.cpp      ****     one_encoder.Init(hw.GetPin(3), hw.GetPin(4), hw.GetPin(5));
 521              		.loc 1 71 22 discriminator 2 view .LVU142
 522 004e 2046     		mov	r0, r4
  71:main.cpp      ****     one_encoder.Init(hw.GetPin(3), hw.GetPin(4), hw.GetPin(5));
 523              		.loc 1 71 22 discriminator 1 view .LVU143
 524 0050 ADF80C30 		strh	r3, [sp, #12]	@ movhi
  71:main.cpp      ****     one_encoder.Init(hw.GetPin(3), hw.GetPin(4), hw.GetPin(5));
 525              		.loc 1 71 22 discriminator 2 view .LVU144
 526 0054 FFF7FEFF 		bl	_ZN5daisy9DaisySeed6GetPinEh
 527              	.LVL25:
 528 0058 ADF81000 		strh	r0, [sp, #16]	@ movhi
  71:main.cpp      ****     one_encoder.Init(hw.GetPin(3), hw.GetPin(4), hw.GetPin(5));
 529              		.loc 1 71 22 discriminator 3 view .LVU145
 530 005c 9FEDB10A 		vldr.32	s0, .L90+16
 531 0060 049B     		ldr	r3, [sp, #16]
 532 0062 B148     		ldr	r0, .L90+20
 533 0064 DDE90212 		ldrd	r1, r2, [sp, #8]
 534 0068 FFF7FEFF 		bl	_ZN5daisy7Encoder4InitE12dsy_gpio_pinS1_S1_f
 535              	.LVL26:
  72:main.cpp      ****     two_encoder.Init(hw.GetPin(6), hw.GetPin(7), hw.GetPin(8));
 536              		.loc 1 72 5 is_stmt 1 view .LVU146
  72:main.cpp      ****     two_encoder.Init(hw.GetPin(6), hw.GetPin(7), hw.GetPin(8));
 537              		.loc 1 72 21 is_stmt 0 view .LVU147
 538 006c 0320     		movs	r0, #3
 539 006e FFF7FEFF 		bl	_ZN5daisy9DaisySeed6GetPinEh
 540              	.LVL27:
 541 0072 0346     		mov	r3, r0	@ movhi
  72:main.cpp      ****     two_encoder.Init(hw.GetPin(6), hw.GetPin(7), hw.GetPin(8));
 542              		.loc 1 72 21 discriminator 1 view .LVU148
 543 0074 0420     		movs	r0, #4
  72:main.cpp      ****     two_encoder.Init(hw.GetPin(6), hw.GetPin(7), hw.GetPin(8));
 544              		.loc 1 72 21 view .LVU149
 545 0076 ADF81430 		strh	r3, [sp, #20]	@ movhi
  72:main.cpp      ****     two_encoder.Init(hw.GetPin(6), hw.GetPin(7), hw.GetPin(8));
 546              		.loc 1 72 21 discriminator 1 view .LVU150
 547 007a FFF7FEFF 		bl	_ZN5daisy9DaisySeed6GetPinEh
 548              	.LVL28:
 549 007e 0346     		mov	r3, r0	@ movhi
  72:main.cpp      ****     two_encoder.Init(hw.GetPin(6), hw.GetPin(7), hw.GetPin(8));
 550              		.loc 1 72 21 discriminator 2 view .LVU151
 551 0080 0520     		movs	r0, #5
ARM GAS  /tmp/ccGpFAuh.s 			page 26


  72:main.cpp      ****     two_encoder.Init(hw.GetPin(6), hw.GetPin(7), hw.GetPin(8));
 552              		.loc 1 72 21 discriminator 1 view .LVU152
 553 0082 ADF81830 		strh	r3, [sp, #24]	@ movhi
  72:main.cpp      ****     two_encoder.Init(hw.GetPin(6), hw.GetPin(7), hw.GetPin(8));
 554              		.loc 1 72 21 discriminator 2 view .LVU153
 555 0086 FFF7FEFF 		bl	_ZN5daisy9DaisySeed6GetPinEh
 556              	.LVL29:
 557 008a ADF81C00 		strh	r0, [sp, #28]	@ movhi
  72:main.cpp      ****     two_encoder.Init(hw.GetPin(6), hw.GetPin(7), hw.GetPin(8));
 558              		.loc 1 72 21 discriminator 3 view .LVU154
 559 008e 9FEDA50A 		vldr.32	s0, .L90+16
 560 0092 079B     		ldr	r3, [sp, #28]
 561 0094 A548     		ldr	r0, .L90+24
 562 0096 DDE90512 		ldrd	r1, r2, [sp, #20]
 563 009a FFF7FEFF 		bl	_ZN5daisy7Encoder4InitE12dsy_gpio_pinS1_S1_f
 564              	.LVL30:
  73:main.cpp      ****     three_encoder.Init(hw.GetPin(9), hw.GetPin(10), hw.GetPin(11));
 565              		.loc 1 73 5 is_stmt 1 view .LVU155
  73:main.cpp      ****     three_encoder.Init(hw.GetPin(9), hw.GetPin(10), hw.GetPin(11));
 566              		.loc 1 73 21 is_stmt 0 view .LVU156
 567 009e 0620     		movs	r0, #6
 568 00a0 FFF7FEFF 		bl	_ZN5daisy9DaisySeed6GetPinEh
 569              	.LVL31:
 570 00a4 0346     		mov	r3, r0	@ movhi
  73:main.cpp      ****     three_encoder.Init(hw.GetPin(9), hw.GetPin(10), hw.GetPin(11));
 571              		.loc 1 73 21 discriminator 1 view .LVU157
 572 00a6 0720     		movs	r0, #7
  73:main.cpp      ****     three_encoder.Init(hw.GetPin(9), hw.GetPin(10), hw.GetPin(11));
 573              		.loc 1 73 21 view .LVU158
 574 00a8 ADF82030 		strh	r3, [sp, #32]	@ movhi
  73:main.cpp      ****     three_encoder.Init(hw.GetPin(9), hw.GetPin(10), hw.GetPin(11));
 575              		.loc 1 73 21 discriminator 1 view .LVU159
 576 00ac FFF7FEFF 		bl	_ZN5daisy9DaisySeed6GetPinEh
 577              	.LVL32:
 578 00b0 0346     		mov	r3, r0	@ movhi
  73:main.cpp      ****     three_encoder.Init(hw.GetPin(9), hw.GetPin(10), hw.GetPin(11));
 579              		.loc 1 73 21 discriminator 2 view .LVU160
 580 00b2 0820     		movs	r0, #8
  73:main.cpp      ****     three_encoder.Init(hw.GetPin(9), hw.GetPin(10), hw.GetPin(11));
 581              		.loc 1 73 21 discriminator 1 view .LVU161
 582 00b4 ADF82430 		strh	r3, [sp, #36]	@ movhi
  73:main.cpp      ****     three_encoder.Init(hw.GetPin(9), hw.GetPin(10), hw.GetPin(11));
 583              		.loc 1 73 21 discriminator 2 view .LVU162
 584 00b8 FFF7FEFF 		bl	_ZN5daisy9DaisySeed6GetPinEh
 585              	.LVL33:
 586 00bc ADF82800 		strh	r0, [sp, #40]	@ movhi
  73:main.cpp      ****     three_encoder.Init(hw.GetPin(9), hw.GetPin(10), hw.GetPin(11));
 587              		.loc 1 73 21 discriminator 3 view .LVU163
 588 00c0 9FED980A 		vldr.32	s0, .L90+16
 589 00c4 0A9B     		ldr	r3, [sp, #40]
 590 00c6 9A48     		ldr	r0, .L90+28
 591 00c8 DDE90812 		ldrd	r1, r2, [sp, #32]
 592 00cc FFF7FEFF 		bl	_ZN5daisy7Encoder4InitE12dsy_gpio_pinS1_S1_f
 593              	.LVL34:
  74:main.cpp      **** 
 594              		.loc 1 74 5 is_stmt 1 view .LVU164
  74:main.cpp      **** 
ARM GAS  /tmp/ccGpFAuh.s 			page 27


 595              		.loc 1 74 23 is_stmt 0 view .LVU165
 596 00d0 0920     		movs	r0, #9
 597 00d2 FFF7FEFF 		bl	_ZN5daisy9DaisySeed6GetPinEh
 598              	.LVL35:
 599 00d6 0346     		mov	r3, r0	@ movhi
  74:main.cpp      **** 
 600              		.loc 1 74 23 discriminator 1 view .LVU166
 601 00d8 0A20     		movs	r0, #10
  74:main.cpp      **** 
 602              		.loc 1 74 23 view .LVU167
 603 00da ADF82C30 		strh	r3, [sp, #44]	@ movhi
  74:main.cpp      **** 
 604              		.loc 1 74 23 discriminator 1 view .LVU168
 605 00de FFF7FEFF 		bl	_ZN5daisy9DaisySeed6GetPinEh
 606              	.LVL36:
 607 00e2 0346     		mov	r3, r0	@ movhi
  74:main.cpp      **** 
 608              		.loc 1 74 23 discriminator 2 view .LVU169
 609 00e4 0B20     		movs	r0, #11
  74:main.cpp      **** 
 610              		.loc 1 74 23 discriminator 1 view .LVU170
 611 00e6 ADF83030 		strh	r3, [sp, #48]	@ movhi
  74:main.cpp      **** 
 612              		.loc 1 74 23 discriminator 2 view .LVU171
 613 00ea FFF7FEFF 		bl	_ZN5daisy9DaisySeed6GetPinEh
 614              	.LVL37:
 615 00ee ADF83400 		strh	r0, [sp, #52]	@ movhi
  74:main.cpp      **** 
 616              		.loc 1 74 23 discriminator 3 view .LVU172
 617 00f2 9FED8C0A 		vldr.32	s0, .L90+16
 618 00f6 0D9B     		ldr	r3, [sp, #52]
 619 00f8 8E48     		ldr	r0, .L90+32
 620 00fa DDE90B12 		ldrd	r1, r2, [sp, #44]
 621 00fe FFF7FEFF 		bl	_ZN5daisy7Encoder4InitE12dsy_gpio_pinS1_S1_f
 622              	.LVL38:
  77:main.cpp      ****     adc_config[0].InitSingle(hw.GetPin(15));
 623              		.loc 1 77 5 is_stmt 1 view .LVU173
  78:main.cpp      ****     adc_config[1].InitSingle(hw.GetPin(16));
 624              		.loc 1 78 5 view .LVU174
  78:main.cpp      ****     adc_config[1].InitSingle(hw.GetPin(16));
 625              		.loc 1 78 29 is_stmt 0 view .LVU175
 626 0102 0F20     		movs	r0, #15
 627 0104 FFF7FEFF 		bl	_ZN5daisy9DaisySeed6GetPinEh
 628              	.LVL39:
 629 0108 ADF83800 		strh	r0, [sp, #56]	@ movhi
  78:main.cpp      ****     adc_config[1].InitSingle(hw.GetPin(16));
 630              		.loc 1 78 29 discriminator 1 view .LVU176
 631 010c 2246     		mov	r2, r4
 632 010e 0E99     		ldr	r1, [sp, #56]
 633 0110 1DA8     		add	r0, sp, #116
 634 0112 FFF7FEFF 		bl	_ZN5daisy16AdcChannelConfig10InitSingleE12dsy_gpio_pinNS0_15ConversionSpeedE
 635              	.LVL40:
  79:main.cpp      ****     adc_config[2].InitSingle(hw.GetPin(17));
 636              		.loc 1 79 5 is_stmt 1 view .LVU177
  79:main.cpp      ****     adc_config[2].InitSingle(hw.GetPin(17));
 637              		.loc 1 79 29 is_stmt 0 view .LVU178
 638 0116 1020     		movs	r0, #16
ARM GAS  /tmp/ccGpFAuh.s 			page 28


 639 0118 FFF7FEFF 		bl	_ZN5daisy9DaisySeed6GetPinEh
 640              	.LVL41:
 641 011c ADF83C00 		strh	r0, [sp, #60]	@ movhi
  79:main.cpp      ****     adc_config[2].InitSingle(hw.GetPin(17));
 642              		.loc 1 79 29 discriminator 1 view .LVU179
 643 0120 2246     		mov	r2, r4
 644 0122 0F99     		ldr	r1, [sp, #60]
 645 0124 0DF18600 		add	r0, sp, #134
 646 0128 FFF7FEFF 		bl	_ZN5daisy16AdcChannelConfig10InitSingleE12dsy_gpio_pinNS0_15ConversionSpeedE
 647              	.LVL42:
  80:main.cpp      ****     adc_config[3].InitSingle(hw.GetPin(18));
 648              		.loc 1 80 5 is_stmt 1 view .LVU180
  80:main.cpp      ****     adc_config[3].InitSingle(hw.GetPin(18));
 649              		.loc 1 80 29 is_stmt 0 view .LVU181
 650 012c 1120     		movs	r0, #17
 651 012e FFF7FEFF 		bl	_ZN5daisy9DaisySeed6GetPinEh
 652              	.LVL43:
 653 0132 ADF84000 		strh	r0, [sp, #64]	@ movhi
  80:main.cpp      ****     adc_config[3].InitSingle(hw.GetPin(18));
 654              		.loc 1 80 29 discriminator 1 view .LVU182
 655 0136 2246     		mov	r2, r4
 656 0138 1099     		ldr	r1, [sp, #64]
 657 013a 26A8     		add	r0, sp, #152
 658 013c FFF7FEFF 		bl	_ZN5daisy16AdcChannelConfig10InitSingleE12dsy_gpio_pinNS0_15ConversionSpeedE
 659              	.LVL44:
  81:main.cpp      ****     adc_config[4].InitSingle(hw.GetPin(19));
 660              		.loc 1 81 5 is_stmt 1 view .LVU183
  81:main.cpp      ****     adc_config[4].InitSingle(hw.GetPin(19));
 661              		.loc 1 81 29 is_stmt 0 view .LVU184
 662 0140 1220     		movs	r0, #18
 663 0142 FFF7FEFF 		bl	_ZN5daisy9DaisySeed6GetPinEh
 664              	.LVL45:
 665 0146 ADF84400 		strh	r0, [sp, #68]	@ movhi
  81:main.cpp      ****     adc_config[4].InitSingle(hw.GetPin(19));
 666              		.loc 1 81 29 discriminator 1 view .LVU185
 667 014a 2246     		mov	r2, r4
 668 014c 1199     		ldr	r1, [sp, #68]
 669 014e 0DF1AA00 		add	r0, sp, #170
 670 0152 FFF7FEFF 		bl	_ZN5daisy16AdcChannelConfig10InitSingleE12dsy_gpio_pinNS0_15ConversionSpeedE
 671              	.LVL46:
  82:main.cpp      ****     adc_config[5].InitSingle(hw.GetPin(20));
 672              		.loc 1 82 5 is_stmt 1 view .LVU186
  82:main.cpp      ****     adc_config[5].InitSingle(hw.GetPin(20));
 673              		.loc 1 82 29 is_stmt 0 view .LVU187
 674 0156 1320     		movs	r0, #19
 675 0158 FFF7FEFF 		bl	_ZN5daisy9DaisySeed6GetPinEh
 676              	.LVL47:
 677 015c ADF84800 		strh	r0, [sp, #72]	@ movhi
  82:main.cpp      ****     adc_config[5].InitSingle(hw.GetPin(20));
 678              		.loc 1 82 29 discriminator 1 view .LVU188
 679 0160 2246     		mov	r2, r4
 680 0162 1299     		ldr	r1, [sp, #72]
 681 0164 2FA8     		add	r0, sp, #188
 682 0166 FFF7FEFF 		bl	_ZN5daisy16AdcChannelConfig10InitSingleE12dsy_gpio_pinNS0_15ConversionSpeedE
 683              	.LVL48:
  83:main.cpp      ****     hw.adc.Init(adc_config, 6);
 684              		.loc 1 83 5 is_stmt 1 view .LVU189
ARM GAS  /tmp/ccGpFAuh.s 			page 29


  83:main.cpp      ****     hw.adc.Init(adc_config, 6);
 685              		.loc 1 83 29 is_stmt 0 view .LVU190
 686 016a 1420     		movs	r0, #20
 687 016c FFF7FEFF 		bl	_ZN5daisy9DaisySeed6GetPinEh
 688              	.LVL49:
 689 0170 0346     		mov	r3, r0	@ movhi
  83:main.cpp      ****     hw.adc.Init(adc_config, 6);
 690              		.loc 1 83 29 discriminator 1 view .LVU191
 691 0172 2246     		mov	r2, r4
 692 0174 0DF1CE00 		add	r0, sp, #206
  83:main.cpp      ****     hw.adc.Init(adc_config, 6);
 693              		.loc 1 83 29 view .LVU192
 694 0178 ADF84C30 		strh	r3, [sp, #76]	@ movhi
  83:main.cpp      ****     hw.adc.Init(adc_config, 6);
 695              		.loc 1 83 29 discriminator 1 view .LVU193
 696 017c 1399     		ldr	r1, [sp, #76]
 697 017e FFF7FEFF 		bl	_ZN5daisy16AdcChannelConfig10InitSingleE12dsy_gpio_pinNS0_15ConversionSpeedE
 698              	.LVL50:
  84:main.cpp      ****     hw.adc.Start();
 699              		.loc 1 84 5 is_stmt 1 view .LVU194
  84:main.cpp      ****     hw.adc.Start();
 700              		.loc 1 84 16 is_stmt 0 view .LVU195
 701 0182 0622     		movs	r2, #6
 702 0184 0423     		movs	r3, #4
 703 0186 1DA9     		add	r1, sp, #116
 704 0188 6B48     		ldr	r0, .L90+36
 705 018a FFF7FEFF 		bl	_ZN5daisy9AdcHandle4InitEPNS_16AdcChannelConfigEjNS0_12OverSamplingE
 706              	.LVL51:
  85:main.cpp      **** 
 707              		.loc 1 85 5 is_stmt 1 view .LVU196
  85:main.cpp      **** 
 708              		.loc 1 85 17 is_stmt 0 view .LVU197
 709 018e 6A48     		ldr	r0, .L90+36
 710 0190 FFF7FEFF 		bl	_ZN5daisy9AdcHandle5StartEv
 711              	.LVL52:
  88:main.cpp      ****     backward_button.Init(hw.GetPin(30), 1000 / 1000);
 712              		.loc 1 88 5 is_stmt 1 view .LVU198
  88:main.cpp      ****     backward_button.Init(hw.GetPin(30), 1000 / 1000);
 713              		.loc 1 88 24 is_stmt 0 view .LVU199
 714 0194 1D20     		movs	r0, #29
 715 0196 FFF7FEFF 		bl	_ZN5daisy9DaisySeed6GetPinEh
 716              	.LVL53:
 717 019a 0346     		mov	r3, r0	@ movhi
  88:main.cpp      ****     backward_button.Init(hw.GetPin(30), 1000 / 1000);
 718              		.loc 1 88 24 discriminator 1 view .LVU200
 719 019c B7EE000A 		vmov.f32	s0, #1.0e+0
 720 01a0 6648     		ldr	r0, .L90+40
  88:main.cpp      ****     backward_button.Init(hw.GetPin(30), 1000 / 1000);
 721              		.loc 1 88 24 view .LVU201
 722 01a2 ADF85030 		strh	r3, [sp, #80]	@ movhi
  88:main.cpp      ****     backward_button.Init(hw.GetPin(30), 1000 / 1000);
 723              		.loc 1 88 24 discriminator 1 view .LVU202
 724 01a6 1499     		ldr	r1, [sp, #80]
 725 01a8 FFF7FEFF 		bl	_ZN5daisy6Switch4InitE12dsy_gpio_pinf
 726              	.LVL54:
  89:main.cpp      **** 
 727              		.loc 1 89 5 is_stmt 1 view .LVU203
ARM GAS  /tmp/ccGpFAuh.s 			page 30


  89:main.cpp      **** 
 728              		.loc 1 89 25 is_stmt 0 view .LVU204
 729 01ac 1E20     		movs	r0, #30
 730 01ae FFF7FEFF 		bl	_ZN5daisy9DaisySeed6GetPinEh
 731              	.LVL55:
 732 01b2 0346     		mov	r3, r0	@ movhi
  89:main.cpp      **** 
 733              		.loc 1 89 25 discriminator 1 view .LVU205
 734 01b4 B7EE000A 		vmov.f32	s0, #1.0e+0
 735 01b8 6148     		ldr	r0, .L90+44
  89:main.cpp      **** 
 736              		.loc 1 89 25 view .LVU206
 737 01ba ADF85430 		strh	r3, [sp, #84]	@ movhi
  89:main.cpp      **** 
 738              		.loc 1 89 25 discriminator 1 view .LVU207
 739 01be 1599     		ldr	r1, [sp, #84]
 740 01c0 FFF7FEFF 		bl	_ZN5daisy6Switch4InitE12dsy_gpio_pinf
 741              	.LVL56:
  92:main.cpp      **** 
 742              		.loc 1 92 5 is_stmt 1 view .LVU208
  92:main.cpp      **** 
 743              		.loc 1 92 15 is_stmt 0 view .LVU209
 744 01c4 FFF7FEFF 		bl	_Z10packetSendv
 745              	.LVL57:
 746              	.L54:
  94:main.cpp      ****         //Debounce Inputs
 747              		.loc 1 94 5 is_stmt 1 view .LVU210
 748              	.LBB144:
  96:main.cpp      ****         one_encoder.Debounce();
 749              		.loc 1 96 9 view .LVU211
  96:main.cpp      ****         one_encoder.Debounce();
 750              		.loc 1 96 30 is_stmt 0 view .LVU212
 751 01c8 5748     		ldr	r0, .L90+20
 752 01ca FFF7FEFF 		bl	_ZN5daisy7Encoder8DebounceEv
 753              	.LVL58:
  97:main.cpp      ****         two_encoder.Debounce();
 754              		.loc 1 97 9 is_stmt 1 view .LVU213
  97:main.cpp      ****         two_encoder.Debounce();
 755              		.loc 1 97 29 is_stmt 0 view .LVU214
 756 01ce 5748     		ldr	r0, .L90+24
 757 01d0 FFF7FEFF 		bl	_ZN5daisy7Encoder8DebounceEv
 758              	.LVL59:
  98:main.cpp      ****         three_encoder.Debounce();
 759              		.loc 1 98 9 is_stmt 1 view .LVU215
  98:main.cpp      ****         three_encoder.Debounce();
 760              		.loc 1 98 29 is_stmt 0 view .LVU216
 761 01d4 5648     		ldr	r0, .L90+28
 762 01d6 FFF7FEFF 		bl	_ZN5daisy7Encoder8DebounceEv
 763              	.LVL60:
  99:main.cpp      ****         forward_button.Debounce();
 764              		.loc 1 99 9 is_stmt 1 view .LVU217
  99:main.cpp      ****         forward_button.Debounce();
 765              		.loc 1 99 31 is_stmt 0 view .LVU218
 766 01da 5648     		ldr	r0, .L90+32
 767 01dc FFF7FEFF 		bl	_ZN5daisy7Encoder8DebounceEv
 768              	.LVL61:
 100:main.cpp      ****         backward_button.Debounce();
ARM GAS  /tmp/ccGpFAuh.s 			page 31


 769              		.loc 1 100 9 is_stmt 1 view .LVU219
 100:main.cpp      ****         backward_button.Debounce();
 770              		.loc 1 100 32 is_stmt 0 view .LVU220
 771 01e0 5648     		ldr	r0, .L90+40
 772 01e2 FFF7FEFF 		bl	_ZN5daisy6Switch8DebounceEv
 773              	.LVL62:
 101:main.cpp      **** 
 774              		.loc 1 101 9 is_stmt 1 view .LVU221
 101:main.cpp      **** 
 775              		.loc 1 101 33 is_stmt 0 view .LVU222
 776 01e6 5648     		ldr	r0, .L90+44
 777 01e8 FFF7FEFF 		bl	_ZN5daisy6Switch8DebounceEv
 778              	.LVL63:
 104:main.cpp      ****         short  one_inc = one_encoder.Increment();
 779              		.loc 1 104 9 is_stmt 1 view .LVU223
 780              	.LBB145:
 781              	.LBI145:
  22:../DaisyExamples/libDaisy/src/hid/encoder.h **** 
  23:../DaisyExamples/libDaisy/src/hid/encoder.h ****     /** Initializes the encoder with the specified hardware pins.
  24:../DaisyExamples/libDaisy/src/hid/encoder.h ****      * Update rate is to be deprecated in a future release
  25:../DaisyExamples/libDaisy/src/hid/encoder.h ****      */
  26:../DaisyExamples/libDaisy/src/hid/encoder.h ****     void Init(dsy_gpio_pin a,
  27:../DaisyExamples/libDaisy/src/hid/encoder.h ****               dsy_gpio_pin b,
  28:../DaisyExamples/libDaisy/src/hid/encoder.h ****               dsy_gpio_pin click,
  29:../DaisyExamples/libDaisy/src/hid/encoder.h ****               float        update_rate = 0.f);
  30:../DaisyExamples/libDaisy/src/hid/encoder.h ****     /** Called at update_rate to debounce and handle timing for the switch.
  31:../DaisyExamples/libDaisy/src/hid/encoder.h ****      * In order for events not to be missed, its important that the Edge/Pressed checks be made at 
  32:../DaisyExamples/libDaisy/src/hid/encoder.h ****      */
  33:../DaisyExamples/libDaisy/src/hid/encoder.h ****     void Debounce();
  34:../DaisyExamples/libDaisy/src/hid/encoder.h **** 
  35:../DaisyExamples/libDaisy/src/hid/encoder.h ****     /** Returns +1 if the encoder was turned clockwise, -1 if it was turned counter-clockwise, or 0
  36:../DaisyExamples/libDaisy/src/hid/encoder.h ****     inline int32_t Increment() const { return updated_ ? inc_ : 0; }
 782              		.loc 3 36 20 view .LVU224
 783              	.LBB146:
 784              		.loc 3 36 40 view .LVU225
 785              		.loc 3 36 56 is_stmt 0 view .LVU226
 786 01ec 4E4A     		ldr	r2, .L90+20
 787 01ee 1379     		ldrb	r3, [r2, #4]	@ zero_extendqisi2
 788 01f0 002B     		cmp	r3, #0
 789 01f2 00F09181 		beq	.L55
 790              	.LBE146:
 791              	.LBE145:
 104:main.cpp      ****         short  one_inc = one_encoder.Increment();
 792              		.loc 1 104 50 discriminator 1 view .LVU227
 793 01f6 B2F92490 		ldrsh	r9, [r2, #36]
 794              	.L21:
 795              	.LVL64:
 105:main.cpp      ****         short  two_inc = two_encoder.Increment();
 796              		.loc 1 105 9 is_stmt 1 view .LVU228
 797              	.LBB148:
 798              	.LBI148:
 799              		.loc 3 36 20 view .LVU229
 800              	.LBB149:
 801              		.loc 3 36 40 view .LVU230
 802              		.loc 3 36 56 is_stmt 0 view .LVU231
 803 01fa 4C4A     		ldr	r2, .L90+24
 804 01fc 1379     		ldrb	r3, [r2, #4]	@ zero_extendqisi2
ARM GAS  /tmp/ccGpFAuh.s 			page 32


 805 01fe 002B     		cmp	r3, #0
 806 0200 00F08881 		beq	.L56
 807              	.LBE149:
 808              	.LBE148:
 105:main.cpp      ****         short  two_inc = two_encoder.Increment();
 809              		.loc 1 105 48 discriminator 1 view .LVU232
 810 0204 B2F92480 		ldrsh	r8, [r2, #36]
 811              	.L22:
 812              	.LVL65:
 106:main.cpp      ****         short  three_inc = three_encoder.Increment();
 813              		.loc 1 106 9 is_stmt 1 view .LVU233
 814              	.LBB151:
 815              	.LBI151:
 816              		.loc 3 36 20 view .LVU234
 817              	.LBB152:
 818              		.loc 3 36 40 view .LVU235
 819              		.loc 3 36 56 is_stmt 0 view .LVU236
 820 0208 494B     		ldr	r3, .L90+28
 821 020a 1F79     		ldrb	r7, [r3, #4]	@ zero_extendqisi2
 822 020c 0FB1     		cbz	r7, .L23
 823              	.LBE152:
 824              	.LBE151:
 106:main.cpp      ****         short  three_inc = three_encoder.Increment();
 825              		.loc 1 106 48 discriminator 1 view .LVU237
 826 020e B3F92470 		ldrsh	r7, [r3, #36]
 827              	.L23:
 828              	.LVL66:
 107:main.cpp      **** 
 829              		.loc 1 107 9 is_stmt 1 view .LVU238
 830              	.LBB153:
 831              	.LBI153:
 832              		.loc 3 36 20 view .LVU239
 833              	.LBB154:
 834              		.loc 3 36 40 view .LVU240
 835              		.loc 3 36 56 is_stmt 0 view .LVU241
 836 0212 484B     		ldr	r3, .L90+32
 837 0214 1E79     		ldrb	r6, [r3, #4]	@ zero_extendqisi2
 838 0216 0EB1     		cbz	r6, .L24
 839              	.LBE154:
 840              	.LBE153:
 107:main.cpp      **** 
 841              		.loc 1 107 52 discriminator 1 view .LVU242
 842 0218 B3F92460 		ldrsh	r6, [r3, #36]
 843              	.L24:
 844              	.LVL67:
 110:main.cpp      ****         float val = hw.adc.GetFloat(i);
 845              		.loc 1 110 9 is_stmt 1 view .LVU243
 846              	.LBB155:
 110:main.cpp      ****         float val = hw.adc.GetFloat(i);
 847              		.loc 1 110 26 discriminator 1 view .LVU244
 110:main.cpp      ****         float val = hw.adc.GetFloat(i);
 848              		.loc 1 110 17 is_stmt 0 view .LVU245
 849 021c 3B46     		mov	r3, r7
 850 021e 0024     		movs	r4, #0
 851 0220 3746     		mov	r7, r6
 852 0222 4E46     		mov	r6, r9
 853 0224 9946     		mov	r9, r3
ARM GAS  /tmp/ccGpFAuh.s 			page 33


 854              	.LVL68:
 855              	.L53:
 856              	.LBB156:
 111:main.cpp      ****         if(fabsf(val - pot_values[i]) > 0.01f) {
 857              		.loc 1 111 9 is_stmt 1 view .LVU246
 111:main.cpp      ****         if(fabsf(val - pot_values[i]) > 0.01f) {
 858              		.loc 1 111 36 is_stmt 0 view .LVU247
 859 0226 E1B2     		uxtb	r1, r4
 860 0228 4348     		ldr	r0, .L90+36
 861 022a FFF7FEFF 		bl	_ZNK5daisy9AdcHandle8GetFloatEh
 862              	.LVL69:
 112:main.cpp      ****             pot_values[i] = val;          //Make them readable by the other side
 863              		.loc 1 112 9 view .LVU248
 864 022e 9FED457A 		vldr.32	s14, .L90+48
 865              	.LVL70:
 112:main.cpp      ****             pot_values[i] = val;          //Make them readable by the other side
 866              		.loc 1 112 9 is_stmt 1 view .LVU249
 112:main.cpp      ****             pot_values[i] = val;          //Make them readable by the other side
 867              		.loc 1 112 36 is_stmt 0 view .LVU250
 868 0232 0AEB8403 		add	r3, r10, r4, lsl #2
 869 0236 D3ED007A 		vldr.32	s15, [r3]
 112:main.cpp      ****             pot_values[i] = val;          //Make them readable by the other side
 870              		.loc 1 112 22 view .LVU251
 871 023a 70EE677A 		vsub.f32	s15, s0, s15
 112:main.cpp      ****             pot_values[i] = val;          //Make them readable by the other side
 872              		.loc 1 112 17 view .LVU252
 873 023e F0EEE77A 		vabs.f32	s15, s15
 112:main.cpp      ****             pot_values[i] = val;          //Make them readable by the other side
 874              		.loc 1 112 9 view .LVU253
 875 0242 F4EEC77A 		vcmpe.f32	s15, s14
 876 0246 F1EE10FA 		vmrs	APSR_nzcv, FPSCR
 877 024a 01DD     		ble	.L25
 113:main.cpp      ****         }
 878              		.loc 1 113 13 is_stmt 1 view .LVU254
 113:main.cpp      ****         }
 879              		.loc 1 113 27 is_stmt 0 view .LVU255
 880 024c 83ED000A 		vstr.32	s0, [r3]
 881              	.L25:
 117:main.cpp      ****         if(one_inc != 0) one_counter += one_inc;
 882              		.loc 1 117 9 is_stmt 1 view .LVU256
 883 0250 16B1     		cbz	r6, .L27
 117:main.cpp      ****         if(one_inc != 0) one_counter += one_inc;
 884              		.loc 1 117 27 discriminator 1 view .LVU257
 117:main.cpp      ****         if(one_inc != 0) one_counter += one_inc;
 885              		.loc 1 117 40 is_stmt 0 discriminator 1 view .LVU258
 886 0252 2B68     		ldr	r3, [r5]
 887 0254 3344     		add	r3, r3, r6
 888 0256 2B60     		str	r3, [r5]
 889              	.L27:
 118:main.cpp      ****         if(two_inc != 0) two_counter += two_inc;
 890              		.loc 1 118 9 is_stmt 1 view .LVU259
 891 0258 B8F1000F 		cmp	r8, #0
 892 025c 03D0     		beq	.L28
 118:main.cpp      ****         if(two_inc != 0) two_counter += two_inc;
 893              		.loc 1 118 26 discriminator 1 view .LVU260
 118:main.cpp      ****         if(two_inc != 0) two_counter += two_inc;
 894              		.loc 1 118 38 is_stmt 0 discriminator 1 view .LVU261
ARM GAS  /tmp/ccGpFAuh.s 			page 34


 895 025e 3A4B     		ldr	r3, .L90+52
 896 0260 1A68     		ldr	r2, [r3]
 897 0262 4244     		add	r2, r2, r8
 898 0264 1A60     		str	r2, [r3]
 899              	.L28:
 119:main.cpp      ****         if(three_inc != 0) three_counter += three_inc;
 900              		.loc 1 119 9 is_stmt 1 view .LVU262
 901 0266 B9F1000F 		cmp	r9, #0
 902 026a 03D0     		beq	.L29
 119:main.cpp      ****         if(three_inc != 0) three_counter += three_inc;
 903              		.loc 1 119 26 discriminator 1 view .LVU263
 119:main.cpp      ****         if(three_inc != 0) three_counter += three_inc;
 904              		.loc 1 119 38 is_stmt 0 discriminator 1 view .LVU264
 905 026c 374A     		ldr	r2, .L90+56
 906 026e 1368     		ldr	r3, [r2]
 907 0270 4B44     		add	r3, r3, r9
 908 0272 1360     		str	r3, [r2]
 909              	.L29:
 120:main.cpp      **** 
 910              		.loc 1 120 9 is_stmt 1 view .LVU265
 911 0274 1FB1     		cbz	r7, .L30
 120:main.cpp      **** 
 912              		.loc 1 120 28 discriminator 1 view .LVU266
 120:main.cpp      **** 
 913              		.loc 1 120 42 is_stmt 0 discriminator 1 view .LVU267
 914 0276 364A     		ldr	r2, .L90+60
 915 0278 1368     		ldr	r3, [r2]
 916 027a 3B44     		add	r3, r3, r7
 917 027c 1360     		str	r3, [r2]
 918              	.L30:
 123:main.cpp      ****             case 0: { //Splash Screen
 919              		.loc 1 123 9 is_stmt 1 view .LVU268
 920              	.LBB157:
 921 027e 9BF80030 		ldrb	r3, [fp]	@ zero_extendqisi2
 922 0282 042B     		cmp	r3, #4
 923 0284 3FD8     		bhi	.L31
 924 0286 DFE813F0 		tbh	[pc, r3, lsl #1]
 925              	.L33:
 926 028a E000     		.2byte	(.L37-.L33)/2
 927 028c 0001     		.2byte	(.L36-.L33)/2
 928 028e 8900     		.2byte	(.L35-.L33)/2
 929 0290 7700     		.2byte	(.L34-.L33)/2
 930 0292 0500     		.2byte	(.L32-.L33)/2
 931              		.p2align 1
 932              	.L32:
 933              	.LBB158:
 190:main.cpp      ****                 if(backward_button.RisingEdge()) {
 934              		.loc 1 190 13 view .LVU269
 190:main.cpp      ****                 if(backward_button.RisingEdge()) {
 935              		.loc 1 190 21 view .LVU270
 191:main.cpp      ****                     menu = 1;
 936              		.loc 1 191 17 view .LVU271
 937              	.LVL71:
 938              	.LBB159:
 939              	.LBI159:
  43:../DaisyExamples/libDaisy/src/hid/switch.h **** 
  44:../DaisyExamples/libDaisy/src/hid/switch.h ****     /** 
ARM GAS  /tmp/ccGpFAuh.s 			page 35


  45:../DaisyExamples/libDaisy/src/hid/switch.h ****     Initializes the switch object with a given port/pin combo.
  46:../DaisyExamples/libDaisy/src/hid/switch.h ****     \param pin port/pin object to tell the switch which hardware pin to use.
  47:../DaisyExamples/libDaisy/src/hid/switch.h ****     \param update_rate Does nothing. Backwards compatibility until next breaking update.
  48:../DaisyExamples/libDaisy/src/hid/switch.h ****     \param t switch type -- Default: TYPE_MOMENTARY
  49:../DaisyExamples/libDaisy/src/hid/switch.h ****     \param pol switch polarity -- Default: POLARITY_INVERTED
  50:../DaisyExamples/libDaisy/src/hid/switch.h ****     \param pu switch pull up/down -- Default: PULL_UP
  51:../DaisyExamples/libDaisy/src/hid/switch.h ****     */
  52:../DaisyExamples/libDaisy/src/hid/switch.h ****     void
  53:../DaisyExamples/libDaisy/src/hid/switch.h ****     Init(dsy_gpio_pin pin, float update_rate, Type t, Polarity pol, Pull pu);
  54:../DaisyExamples/libDaisy/src/hid/switch.h **** 
  55:../DaisyExamples/libDaisy/src/hid/switch.h ****     /**
  56:../DaisyExamples/libDaisy/src/hid/switch.h ****        Simplified Init.
  57:../DaisyExamples/libDaisy/src/hid/switch.h ****        \param pin port/pin object to tell the switch which hardware pin to use.
  58:../DaisyExamples/libDaisy/src/hid/switch.h ****        \param update_rate Left for backwards compatibility until next breaking change.
  59:../DaisyExamples/libDaisy/src/hid/switch.h ****     */
  60:../DaisyExamples/libDaisy/src/hid/switch.h ****     void Init(dsy_gpio_pin pin, float update_rate = 0.f);
  61:../DaisyExamples/libDaisy/src/hid/switch.h **** 
  62:../DaisyExamples/libDaisy/src/hid/switch.h ****     /** 
  63:../DaisyExamples/libDaisy/src/hid/switch.h ****     Called at update_rate to debounce and handle timing for the switch.
  64:../DaisyExamples/libDaisy/src/hid/switch.h ****     In order for events not to be missed, its important that the Edge/Pressed checks
  65:../DaisyExamples/libDaisy/src/hid/switch.h ****     be made at the same rate as the debounce function is being called.
  66:../DaisyExamples/libDaisy/src/hid/switch.h ****     */
  67:../DaisyExamples/libDaisy/src/hid/switch.h ****     void Debounce();
  68:../DaisyExamples/libDaisy/src/hid/switch.h **** 
  69:../DaisyExamples/libDaisy/src/hid/switch.h ****     /** \return true if a button was just pressed. */
  70:../DaisyExamples/libDaisy/src/hid/switch.h ****     inline bool RisingEdge() const { return updated_ ? state_ == 0x7f : false; }
 940              		.loc 2 70 17 view .LVU272
 941              	.LBB160:
 942              		.loc 2 70 38 view .LVU273
 943              		.loc 2 70 45 is_stmt 0 view .LVU274
 944 0294 2A4B     		ldr	r3, .L90+44
 945              		.loc 2 70 54 view .LVU275
 946 0296 1A79     		ldrb	r2, [r3, #4]	@ zero_extendqisi2
 947 0298 9AB1     		cbz	r2, .L52
 948              	.LVL72:
 949              		.loc 2 70 54 view .LVU276
 950              	.LBE160:
 951              	.LBE159:
 191:main.cpp      ****                     menu = 1;
 952              		.loc 1 191 17 discriminator 1 view .LVU277
 953 029a 9B7A     		ldrb	r3, [r3, #10]	@ zero_extendqisi2
 954 029c 7F2B     		cmp	r3, #127
 955 029e 10D1     		bne	.L52
 192:main.cpp      ****                     resetValues();
 956              		.loc 1 192 21 is_stmt 1 view .LVU278
 192:main.cpp      ****                     resetValues();
 957              		.loc 1 192 26 is_stmt 0 view .LVU279
 958 02a0 0123     		movs	r3, #1
 959              	.LBB161:
 960              	.LBB162:
 260:main.cpp      **** 
 261:main.cpp      **** void resetValues() {
 262:main.cpp      ****     loc = 0;
 961              		.loc 1 262 9 view .LVU280
 962 02a2 0022     		movs	r2, #0
 963              	.LBE162:
 964              	.LBE161:
ARM GAS  /tmp/ccGpFAuh.s 			page 36


 192:main.cpp      ****                     resetValues();
 965              		.loc 1 192 26 view .LVU281
 966 02a4 8BF80030 		strb	r3, [fp]
 193:main.cpp      ****                 }
 967              		.loc 1 193 21 is_stmt 1 view .LVU282
 968              	.LBB164:
 969              	.LBI161:
 261:main.cpp      ****     loc = 0;
 970              		.loc 1 261 6 view .LVU283
 971              	.LBB163:
 972              		.loc 1 262 5 view .LVU284
 973              		.loc 1 262 9 is_stmt 0 view .LVU285
 974 02a8 2A4B     		ldr	r3, .L90+64
 263:main.cpp      ****     sub_menu = 0;
 264:main.cpp      ****     menu_counter = 0;
 975              		.loc 1 264 18 view .LVU286
 976 02aa 2A60     		str	r2, [r5]
 262:main.cpp      ****     sub_menu = 0;
 977              		.loc 1 262 9 view .LVU287
 978 02ac 1A70     		strb	r2, [r3]
 263:main.cpp      ****     sub_menu = 0;
 979              		.loc 1 263 5 is_stmt 1 view .LVU288
 263:main.cpp      ****     sub_menu = 0;
 980              		.loc 1 263 14 is_stmt 0 view .LVU289
 981 02ae 2A4B     		ldr	r3, .L90+68
 982 02b0 1A70     		strb	r2, [r3]
 983              		.loc 1 264 5 is_stmt 1 view .LVU290
 265:main.cpp      ****     one_counter = 0;
 984              		.loc 1 265 5 view .LVU291
 985              		.loc 1 265 17 is_stmt 0 view .LVU292
 986 02b2 254B     		ldr	r3, .L90+52
 987 02b4 1A60     		str	r2, [r3]
 266:main.cpp      ****     two_counter = 0;
 988              		.loc 1 266 5 is_stmt 1 view .LVU293
 989              		.loc 1 266 17 is_stmt 0 view .LVU294
 990 02b6 254B     		ldr	r3, .L90+56
 991 02b8 1A60     		str	r2, [r3]
 267:main.cpp      ****     three_counter = 0;
 992              		.loc 1 267 5 is_stmt 1 view .LVU295
 993              		.loc 1 267 19 is_stmt 0 view .LVU296
 994 02ba 254B     		ldr	r3, .L90+60
 995 02bc 1A60     		str	r2, [r3]
 268:main.cpp      ****     fx_select = 0;
 996              		.loc 1 268 5 is_stmt 1 view .LVU297
 997              		.loc 1 268 15 is_stmt 0 view .LVU298
 998 02be 274B     		ldr	r3, .L90+72
 999 02c0 1A70     		strb	r2, [r3]
 1000              	.L52:
 1001              	.LBE163:
 1002              	.LBE164:
 196:main.cpp      ****                 decay = pot_values[3];
 1003              		.loc 1 196 17 is_stmt 1 view .LVU299
 196:main.cpp      ****                 decay = pot_values[3];
 1004              		.loc 1 196 38 is_stmt 0 view .LVU300
 1005 02c2 DAED027A 		vldr.32	s15, [r10, #8]
 197:main.cpp      ****                 sustain = pot_values[4];
 1006              		.loc 1 197 37 view .LVU301
ARM GAS  /tmp/ccGpFAuh.s 			page 37


 1007 02c6 9AED036A 		vldr.32	s12, [r10, #12]
 196:main.cpp      ****                 decay = pot_values[3];
 1008              		.loc 1 196 24 view .LVU302
 1009 02ca FCEEE77A 		vcvt.u32.f32	s15, s15
 198:main.cpp      ****                 release = pot_values[5];
 1010              		.loc 1 198 39 view .LVU303
 1011 02ce DAED046A 		vldr.32	s13, [r10, #16]
 196:main.cpp      ****                 decay = pot_values[3];
 1012              		.loc 1 196 24 view .LVU304
 1013 02d2 DFF8A0C0 		ldr	ip, .L90+96
 199:main.cpp      ****                 break;
 1014              		.loc 1 199 39 view .LVU305
 1015 02d6 9AED057A 		vldr.32	s14, [r10, #20]
 196:main.cpp      ****                 decay = pot_values[3];
 1016              		.loc 1 196 24 view .LVU306
 1017 02da 17EE900A 		vmov	r0, s15	@ int
 197:main.cpp      ****                 sustain = pot_values[4];
 1018              		.loc 1 197 23 view .LVU307
 1019 02de FCEEC67A 		vcvt.u32.f32	s15, s12
 196:main.cpp      ****                 decay = pot_values[3];
 1020              		.loc 1 196 24 view .LVU308
 1021 02e2 8CF80000 		strb	r0, [ip]
 197:main.cpp      ****                 sustain = pot_values[4];
 1022              		.loc 1 197 17 is_stmt 1 view .LVU309
 197:main.cpp      ****                 sustain = pot_values[4];
 1023              		.loc 1 197 23 is_stmt 0 view .LVU310
 1024 02e6 17EE901A 		vmov	r1, s15	@ int
 198:main.cpp      ****                 release = pot_values[5];
 1025              		.loc 1 198 25 view .LVU311
 1026 02ea FCEEE67A 		vcvt.u32.f32	s15, s13
 197:main.cpp      ****                 sustain = pot_values[4];
 1027              		.loc 1 197 23 view .LVU312
 1028 02ee 1C48     		ldr	r0, .L90+76
 198:main.cpp      ****                 release = pot_values[5];
 1029              		.loc 1 198 25 view .LVU313
 1030 02f0 17EE902A 		vmov	r2, s15	@ int
 199:main.cpp      ****                 break;
 1031              		.loc 1 199 25 view .LVU314
 1032 02f4 FCEEC77A 		vcvt.u32.f32	s15, s14
 197:main.cpp      ****                 sustain = pot_values[4];
 1033              		.loc 1 197 23 view .LVU315
 1034 02f8 0170     		strb	r1, [r0]
 198:main.cpp      ****                 release = pot_values[5];
 1035              		.loc 1 198 17 is_stmt 1 view .LVU316
 198:main.cpp      ****                 release = pot_values[5];
 1036              		.loc 1 198 25 is_stmt 0 view .LVU317
 1037 02fa 1A49     		ldr	r1, .L90+80
 199:main.cpp      ****                 break;
 1038              		.loc 1 199 25 view .LVU318
 1039 02fc 17EE903A 		vmov	r3, s15	@ int
 198:main.cpp      ****                 release = pot_values[5];
 1040              		.loc 1 198 25 view .LVU319
 1041 0300 0A70     		strb	r2, [r1]
 199:main.cpp      ****                 break;
 1042              		.loc 1 199 17 is_stmt 1 view .LVU320
 199:main.cpp      ****                 break;
 1043              		.loc 1 199 25 is_stmt 0 view .LVU321
ARM GAS  /tmp/ccGpFAuh.s 			page 38


 1044 0302 194A     		ldr	r2, .L90+84
 1045 0304 1370     		strb	r3, [r2]
 200:main.cpp      ****             }
 1046              		.loc 1 200 17 is_stmt 1 view .LVU322
 1047              	.LVL73:
 1048              	.L31:
 200:main.cpp      ****             }
 1049              		.loc 1 200 17 is_stmt 0 view .LVU323
 1050              	.LBE158:
 1051              	.LBE157:
 208:main.cpp      ****     }
 1052              		.loc 1 208 9 is_stmt 1 view .LVU324
 1053              	.LBE156:
 110:main.cpp      ****         float val = hw.adc.GetFloat(i);
 1054              		.loc 1 110 9 is_stmt 0 discriminator 2 view .LVU325
 1055 0306 0134     		adds	r4, r4, #1
 1056              	.LVL74:
 1057              	.LBB190:
 208:main.cpp      ****     }
 1058              		.loc 1 208 19 view .LVU326
 1059 0308 FFF7FEFF 		bl	_Z10packetSendv
 1060              	.LVL75:
 1061              	.LBE190:
 110:main.cpp      ****         float val = hw.adc.GetFloat(i);
 1062              		.loc 1 110 9 is_stmt 1 discriminator 2 view .LVU327
 110:main.cpp      ****         float val = hw.adc.GetFloat(i);
 1063              		.loc 1 110 26 discriminator 1 view .LVU328
 1064 030c 062C     		cmp	r4, #6
 1065 030e 8AD1     		bne	.L53
 1066 0310 5AE7     		b	.L54
 1067              	.L91:
 1068 0312 00BF     		.align	2
 1069              	.L90:
 1070 0314 00000000 		.word	hw
 1071 0318 01060107 		.word	117507585
 1072 031c 00000000 		.word	uart
 1073 0320 00000000 		.word	menu_counter
 1074 0324 00000000 		.word	0
 1075 0328 00000000 		.word	menu_encoder
 1076 032c 00000000 		.word	one_encoder
 1077 0330 00000000 		.word	two_encoder
 1078 0334 00000000 		.word	three_encoder
 1079 0338 18000000 		.word	hw+24
 1080 033c 00000000 		.word	forward_button
 1081 0340 00000000 		.word	backward_button
 1082 0344 0AD7233C 		.word	1008981770
 1083 0348 00000000 		.word	one_counter
 1084 034c 00000000 		.word	two_counter
 1085 0350 00000000 		.word	three_counter
 1086 0354 00000000 		.word	loc
 1087 0358 00000000 		.word	sub_menu
 1088 035c 00000000 		.word	fx_select
 1089 0360 00000000 		.word	decay
 1090 0364 00000000 		.word	sustain
 1091 0368 00000000 		.word	release
 1092 036c 00000000 		.word	pot_values
 1093 0370 00000000 		.word	menu
ARM GAS  /tmp/ccGpFAuh.s 			page 39


 1094 0374 00000000 		.word	attack
 1095              	.LVL76:
 1096              	.L34:
 1097              	.LBB191:
 1098              	.LBB188:
 1099              	.LBB186:
 173:main.cpp      ****                 if(sub_menu) {
 1100              		.loc 1 173 13 view .LVU329
 173:main.cpp      ****                 if(sub_menu) {
 1101              		.loc 1 173 21 view .LVU330
 174:main.cpp      ****                     menu_counter = menu_counter % NUMBER_OF_FX;
 1102              		.loc 1 174 17 view .LVU331
 174:main.cpp      ****                     menu_counter = menu_counter % NUMBER_OF_FX;
 1103              		.loc 1 174 20 is_stmt 0 view .LVU332
 1104 0378 754B     		ldr	r3, .L92
 174:main.cpp      ****                     menu_counter = menu_counter % NUMBER_OF_FX;
 1105              		.loc 1 174 17 view .LVU333
 1106 037a 1B78     		ldrb	r3, [r3]	@ zero_extendqisi2
 1107 037c 002B     		cmp	r3, #0
 1108 037e 00F0CD80 		beq	.L51
 175:main.cpp      ****                     loc = menu_counter;
 1109              		.loc 1 175 21 is_stmt 1 view .LVU334
 175:main.cpp      ****                     loc = menu_counter;
 1110              		.loc 1 175 36 is_stmt 0 view .LVU335
 1111 0382 2B68     		ldr	r3, [r5]
 176:main.cpp      **** 
 1112              		.loc 1 176 25 view .LVU336
 1113 0384 7349     		ldr	r1, .L92+4
 175:main.cpp      ****                     loc = menu_counter;
 1114              		.loc 1 175 49 view .LVU337
 1115 0386 5A42     		rsbs	r2, r3, #0
 1116 0388 03F00303 		and	r3, r3, #3
 1117 038c 02F00302 		and	r2, r2, #3
 1118 0390 58BF     		it	pl
 1119 0392 5342     		rsbpl	r3, r2, #0
 175:main.cpp      ****                     loc = menu_counter;
 1120              		.loc 1 175 34 view .LVU338
 1121 0394 2B60     		str	r3, [r5]
 176:main.cpp      **** 
 1122              		.loc 1 176 21 is_stmt 1 view .LVU339
 176:main.cpp      **** 
 1123              		.loc 1 176 25 is_stmt 0 view .LVU340
 1124 0396 2B68     		ldr	r3, [r5]
 1125 0398 0B70     		strb	r3, [r1]
 1126 039a B4E7     		b	.L31
 1127              	.L35:
 148:main.cpp      ****                 int modulo = 0;             // Variable modulo 
 1128              		.loc 1 148 13 is_stmt 1 view .LVU341
 148:main.cpp      ****                 int modulo = 0;             // Variable modulo 
 1129              		.loc 1 148 21 view .LVU342
 1130              	.LBB165:
 149:main.cpp      ****                 if (preset >= 2 && preset <= 3)      modulo = 3;
 1131              		.loc 1 149 17 view .LVU343
 1132              	.LVL77:
 150:main.cpp      ****                 else if (preset >= 4 && preset <= 5) modulo = 5;
 1133              		.loc 1 150 17 view .LVU344
 150:main.cpp      ****                 else if (preset >= 4 && preset <= 5) modulo = 5;
ARM GAS  /tmp/ccGpFAuh.s 			page 40


 1134              		.loc 1 150 33 is_stmt 0 view .LVU345
 1135 039c 6E4B     		ldr	r3, .L92+8
 1136 039e 1B78     		ldrb	r3, [r3]	@ zero_extendqisi2
 150:main.cpp      ****                 else if (preset >= 4 && preset <= 5) modulo = 5;
 1137              		.loc 1 150 17 view .LVU346
 1138 03a0 9A1E     		subs	r2, r3, #2
 1139 03a2 012A     		cmp	r2, #1
 1140 03a4 40F2CB80 		bls	.L59
 151:main.cpp      ****                 else if (preset >= 6 && preset <= 7) modulo = 9;
 1141              		.loc 1 151 22 is_stmt 1 view .LVU347
 1142 03a8 1A1F     		subs	r2, r3, #4
 1143 03aa 012A     		cmp	r2, #1
 1144 03ac 40F2CB80 		bls	.L60
 152:main.cpp      ****                 menu_counter = menu_counter % modulo;
 1145              		.loc 1 152 22 view .LVU348
 1146 03b0 063B     		subs	r3, r3, #6
 1147 03b2 012B     		cmp	r3, #1
 1148 03b4 00F2C980 		bhi	.L47
 152:main.cpp      ****                 menu_counter = menu_counter % modulo;
 1149              		.loc 1 152 61 is_stmt 0 discriminator 1 view .LVU349
 1150 03b8 0920     		movs	r0, #9
 1151              	.L46:
 1152              	.LVL78:
 153:main.cpp      ****                 loc = menu_counter;
 1153              		.loc 1 153 17 is_stmt 1 view .LVU350
 153:main.cpp      ****                 loc = menu_counter;
 1154              		.loc 1 153 32 is_stmt 0 view .LVU351
 1155 03ba 2B68     		ldr	r3, [r5]
 1156              	.LBB166:
 1157              	.LBB167:
 1158              		.loc 2 70 45 view .LVU352
 1159 03bc 674A     		ldr	r2, .L92+12
 1160              	.LBE167:
 1161              	.LBE166:
 154:main.cpp      **** 
 1162              		.loc 1 154 21 view .LVU353
 1163 03be 6549     		ldr	r1, .L92+4
 153:main.cpp      ****                 loc = menu_counter;
 1164              		.loc 1 153 45 view .LVU354
 1165 03c0 93FBF0FC 		sdiv	ip, r3, r0
 1166 03c4 00FB1C33 		mls	r3, r0, ip, r3
 1167              	.LBB170:
 1168              	.LBB168:
 1169              		.loc 2 70 54 view .LVU355
 1170 03c8 1079     		ldrb	r0, [r2, #4]	@ zero_extendqisi2
 1171              	.LVL79:
 1172              		.loc 2 70 54 view .LVU356
 1173              	.LBE168:
 1174              	.LBE170:
 153:main.cpp      ****                 loc = menu_counter;
 1175              		.loc 1 153 30 view .LVU357
 1176 03ca 2B60     		str	r3, [r5]
 154:main.cpp      **** 
 1177              		.loc 1 154 17 is_stmt 1 view .LVU358
 154:main.cpp      **** 
 1178              		.loc 1 154 21 is_stmt 0 view .LVU359
 1179 03cc 2B68     		ldr	r3, [r5]
ARM GAS  /tmp/ccGpFAuh.s 			page 41


 1180 03ce DBB2     		uxtb	r3, r3
 1181 03d0 0B70     		strb	r3, [r1]
 156:main.cpp      ****                     menu = 1;
 1182              		.loc 1 156 17 is_stmt 1 view .LVU360
 1183              	.LVL80:
 1184              	.LBB171:
 1185              	.LBI166:
 1186              		.loc 2 70 17 view .LVU361
 1187              	.LBB169:
 1188              		.loc 2 70 38 view .LVU362
 1189              		.loc 2 70 54 is_stmt 0 view .LVU363
 1190 03d2 10B1     		cbz	r0, .L48
 1191              	.LVL81:
 1192              		.loc 2 70 54 view .LVU364
 1193              	.LBE169:
 1194              	.LBE171:
 156:main.cpp      ****                     menu = 1;
 1195              		.loc 1 156 17 discriminator 1 view .LVU365
 1196 03d4 927A     		ldrb	r2, [r2, #10]	@ zero_extendqisi2
 1197 03d6 7F2A     		cmp	r2, #127
 1198 03d8 73D0     		beq	.L88
 1199              	.L48:
 161:main.cpp      ****                     case 0:
 1200              		.loc 1 161 17 is_stmt 1 view .LVU366
 1201 03da 002B     		cmp	r3, #0
 1202 03dc 00F0B180 		beq	.L89
 165:main.cpp      ****                         amp[loc-1] = one_counter % 100 + 1;
 1203              		.loc 1 165 21 view .LVU367
 166:main.cpp      ****                         shape[loc-1] = two_counter % 3;
 1204              		.loc 1 166 25 view .LVU368
 166:main.cpp      ****                         shape[loc-1] = two_counter % 3;
 1205              		.loc 1 166 32 is_stmt 0 view .LVU369
 1206 03e0 03F1FF3E 		add	lr, r3, #-1
 167:main.cpp      ****                         phase[loc-1] = three_counter % 360;
 1207              		.loc 1 167 40 view .LVU370
 1208 03e4 5E4A     		ldr	r2, .L92+16
 166:main.cpp      ****                         shape[loc-1] = two_counter % 3;
 1209              		.loc 1 166 38 view .LVU371
 1210 03e6 5F4B     		ldr	r3, .L92+20
 1211 03e8 1B68     		ldr	r3, [r3]
 167:main.cpp      ****                         phase[loc-1] = three_counter % 360;
 1212              		.loc 1 167 40 view .LVU372
 1213 03ea 1068     		ldr	r0, [r2]
 168:main.cpp      ****                         break;
 1214              		.loc 1 168 40 view .LVU373
 1215 03ec 5E4A     		ldr	r2, .L92+24
 166:main.cpp      ****                         shape[loc-1] = two_counter % 3;
 1216              		.loc 1 166 38 view .LVU374
 1217 03ee 0093     		str	r3, [sp]
 168:main.cpp      ****                         break;
 1218              		.loc 1 168 40 view .LVU375
 1219 03f0 1168     		ldr	r1, [r2]
 166:main.cpp      ****                         shape[loc-1] = two_counter % 3;
 1220              		.loc 1 166 50 view .LVU376
 1221 03f2 5E4A     		ldr	r2, .L92+28
 1222 03f4 82FB0323 		smull	r2, r3, r2, r3
 167:main.cpp      ****                         phase[loc-1] = three_counter % 360;
ARM GAS  /tmp/ccGpFAuh.s 			page 42


 1223              		.loc 1 167 52 view .LVU377
 1224 03f8 5D4A     		ldr	r2, .L92+32
 1225 03fa 82FB00C2 		smull	ip, r2, r2, r0
 166:main.cpp      ****                         shape[loc-1] = two_counter % 3;
 1226              		.loc 1 166 50 view .LVU378
 1227 03fe 4FF0640C 		mov	ip, #100
 167:main.cpp      ****                         phase[loc-1] = three_counter % 360;
 1228              		.loc 1 167 52 view .LVU379
 1229 0402 A2EBE072 		sub	r2, r2, r0, asr #31
 1230 0406 02EB4202 		add	r2, r2, r2, lsl #1
 1231 040a 821A     		subs	r2, r0, r2
 168:main.cpp      ****                         break;
 1232              		.loc 1 168 54 view .LVU380
 1233 040c 5948     		ldr	r0, .L92+36
 167:main.cpp      ****                         phase[loc-1] = three_counter % 360;
 1234              		.loc 1 167 52 view .LVU381
 1235 040e 0192     		str	r2, [sp, #4]
 168:main.cpp      ****                         break;
 1236              		.loc 1 168 54 view .LVU382
 1237 0410 80FB0102 		smull	r0, r2, r0, r1
 166:main.cpp      ****                         shape[loc-1] = two_counter % 3;
 1238              		.loc 1 166 50 view .LVU383
 1239 0414 0098     		ldr	r0, [sp]
 1240 0416 C017     		asrs	r0, r0, #31
 168:main.cpp      ****                         break;
 1241              		.loc 1 168 54 view .LVU384
 1242 0418 0A44     		add	r2, r2, r1
 166:main.cpp      ****                         shape[loc-1] = two_counter % 3;
 1243              		.loc 1 166 50 view .LVU385
 1244 041a C0EB6310 		rsb	r0, r0, r3, asr #5
 1245 041e 009B     		ldr	r3, [sp]
 1246 0420 0CFB1033 		mls	r3, ip, r0, r3
 168:main.cpp      ****                         break;
 1247              		.loc 1 168 54 view .LVU386
 1248 0424 C817     		asrs	r0, r1, #31
 1249 0426 C0EB2222 		rsb	r2, r0, r2, asr #8
 1250 042a 4FF4B470 		mov	r0, #360
 166:main.cpp      ****                         shape[loc-1] = two_counter % 3;
 1251              		.loc 1 166 56 view .LVU387
 1252 042e 0133     		adds	r3, r3, #1
 168:main.cpp      ****                         break;
 1253              		.loc 1 168 54 view .LVU388
 1254 0430 00FB1212 		mls	r2, r0, r2, r1
 166:main.cpp      ****                         shape[loc-1] = two_counter % 3;
 1255              		.loc 1 166 36 view .LVU389
 1256 0434 5049     		ldr	r1, .L92+40
 1257 0436 01F80E30 		strb	r3, [r1, lr]
 167:main.cpp      ****                         phase[loc-1] = three_counter % 360;
 1258              		.loc 1 167 25 is_stmt 1 view .LVU390
 167:main.cpp      ****                         phase[loc-1] = three_counter % 360;
 1259              		.loc 1 167 38 is_stmt 0 view .LVU391
 1260 043a 504B     		ldr	r3, .L92+44
 1261 043c 0199     		ldr	r1, [sp, #4]
 1262 043e 03F80E10 		strb	r1, [r3, lr]
 168:main.cpp      ****                         break;
 1263              		.loc 1 168 25 is_stmt 1 view .LVU392
 168:main.cpp      ****                         break;
ARM GAS  /tmp/ccGpFAuh.s 			page 43


 1264              		.loc 1 168 38 is_stmt 0 view .LVU393
 1265 0442 4F4B     		ldr	r3, .L92+48
 1266 0444 03F80E20 		strb	r2, [r3, lr]
 169:main.cpp      ****                 }
 1267              		.loc 1 169 25 is_stmt 1 view .LVU394
 1268 0448 5DE7     		b	.L31
 1269              	.LVL82:
 1270              	.L37:
 169:main.cpp      ****                 }
 1271              		.loc 1 169 25 is_stmt 0 view .LVU395
 1272              	.LBE165:
 124:main.cpp      ****                 hw.DelayMs(500);
 1273              		.loc 1 124 13 is_stmt 1 view .LVU396
 124:main.cpp      ****                 hw.DelayMs(500);
 1274              		.loc 1 124 21 view .LVU397
 125:main.cpp      ****                 loc++;
 1275              		.loc 1 125 17 view .LVU398
 125:main.cpp      ****                 loc++;
 1276              		.loc 1 125 27 is_stmt 0 view .LVU399
 1277 044a 4FF4FA71 		mov	r1, #500
 1278 044e 4D48     		ldr	r0, .L92+52
 1279 0450 FFF7FEFF 		bl	_ZN5daisy9DaisySeed7DelayMsEj
 1280              	.LVL83:
 126:main.cpp      ****                 //At the end of the 
 1281              		.loc 1 126 17 is_stmt 1 view .LVU400
 126:main.cpp      ****                 //At the end of the 
 1282              		.loc 1 126 20 is_stmt 0 view .LVU401
 1283 0454 3F49     		ldr	r1, .L92+4
 1284 0456 0B78     		ldrb	r3, [r1]	@ zero_extendqisi2
 1285 0458 0133     		adds	r3, r3, #1
 1286 045a DBB2     		uxtb	r3, r3
 128:main.cpp      ****                     menu++;
 1287              		.loc 1 128 17 view .LVU402
 1288 045c 032B     		cmp	r3, #3
 126:main.cpp      ****                 //At the end of the 
 1289              		.loc 1 126 20 view .LVU403
 1290 045e 0B70     		strb	r3, [r1]
 128:main.cpp      ****                     menu++;
 1291              		.loc 1 128 17 is_stmt 1 view .LVU404
 1292 0460 7FF651AF 		bls	.L31
 129:main.cpp      ****                     resetValues();
 1293              		.loc 1 129 21 view .LVU405
 129:main.cpp      ****                     resetValues();
 1294              		.loc 1 129 25 is_stmt 0 view .LVU406
 1295 0464 9BF80030 		ldrb	r3, [fp]	@ zero_extendqisi2
 1296 0468 0133     		adds	r3, r3, #1
 1297              	.L87:
 142:main.cpp      ****                     }
 1298              		.loc 1 142 38 view .LVU407
 1299 046a 8BF80030 		strb	r3, [fp]
 142:main.cpp      ****                     }
 1300              		.loc 1 142 43 is_stmt 1 view .LVU408
 1301              	.L40:
 144:main.cpp      ****                 }
 1302              		.loc 1 144 21 view .LVU409
 1303              	.LBB176:
 1304              	.LBI176:
ARM GAS  /tmp/ccGpFAuh.s 			page 44


 261:main.cpp      ****     loc = 0;
 1305              		.loc 1 261 6 view .LVU410
 1306              	.LBB177:
 262:main.cpp      ****     sub_menu = 0;
 1307              		.loc 1 262 5 view .LVU411
 262:main.cpp      ****     sub_menu = 0;
 1308              		.loc 1 262 9 is_stmt 0 view .LVU412
 1309 046e 0022     		movs	r2, #0
 263:main.cpp      ****     menu_counter = 0;
 1310              		.loc 1 263 14 view .LVU413
 1311 0470 374B     		ldr	r3, .L92
 1312 0472 1A70     		strb	r2, [r3]
 265:main.cpp      ****     two_counter = 0;
 1313              		.loc 1 265 17 view .LVU414
 1314 0474 3B4B     		ldr	r3, .L92+20
 264:main.cpp      ****     one_counter = 0;
 1315              		.loc 1 264 18 view .LVU415
 1316 0476 2A60     		str	r2, [r5]
 265:main.cpp      ****     two_counter = 0;
 1317              		.loc 1 265 17 view .LVU416
 1318 0478 1A60     		str	r2, [r3]
 266:main.cpp      ****     three_counter = 0;
 1319              		.loc 1 266 17 view .LVU417
 1320 047a 394B     		ldr	r3, .L92+16
 262:main.cpp      ****     sub_menu = 0;
 1321              		.loc 1 262 9 view .LVU418
 1322 047c 0A70     		strb	r2, [r1]
 263:main.cpp      ****     menu_counter = 0;
 1323              		.loc 1 263 5 is_stmt 1 view .LVU419
 264:main.cpp      ****     one_counter = 0;
 1324              		.loc 1 264 5 view .LVU420
 265:main.cpp      ****     two_counter = 0;
 1325              		.loc 1 265 5 view .LVU421
 266:main.cpp      ****     three_counter = 0;
 1326              		.loc 1 266 5 view .LVU422
 266:main.cpp      ****     three_counter = 0;
 1327              		.loc 1 266 17 is_stmt 0 view .LVU423
 1328 047e 1A60     		str	r2, [r3]
 267:main.cpp      ****     fx_select = 0;
 1329              		.loc 1 267 5 is_stmt 1 view .LVU424
 267:main.cpp      ****     fx_select = 0;
 1330              		.loc 1 267 19 is_stmt 0 view .LVU425
 1331 0480 394B     		ldr	r3, .L92+24
 1332 0482 1A60     		str	r2, [r3]
 1333              		.loc 1 268 5 is_stmt 1 view .LVU426
 1334              		.loc 1 268 15 is_stmt 0 view .LVU427
 1335 0484 404B     		ldr	r3, .L92+56
 1336 0486 1A70     		strb	r2, [r3]
 269:main.cpp      ****     //for(int i = 0; i < 6; i++) pot_values[i] = 0.0f;
 270:main.cpp      **** }...
 1337              		.loc 1 270 1 view .LVU428
 1338 0488 3DE7     		b	.L31
 1339              	.LVL84:
 1340              	.L36:
 1341              		.loc 1 270 1 view .LVU429
 1342              	.LBE177:
 1343              	.LBE176:
ARM GAS  /tmp/ccGpFAuh.s 			page 45


 134:main.cpp      ****             case 1: { //Main Menu
 1344              		.loc 1 134 13 is_stmt 1 view .LVU430
 134:main.cpp      ****             case 1: { //Main Menu
 1345              		.loc 1 134 21 view .LVU431
 135:main.cpp      ****                 menu_counter = menu_counter % 4; // Round off from 0-3 for four menu options
 1346              		.loc 1 135 17 view .LVU432
 135:main.cpp      ****                 menu_counter = menu_counter % 4; // Round off from 0-3 for four menu options
 1347              		.loc 1 135 32 is_stmt 0 view .LVU433
 1348 048a 2B68     		ldr	r3, [r5]
 1349              	.LBB178:
 1350              	.LBB179:
 1351              		.loc 2 70 45 view .LVU434
 1352 048c 3F4A     		ldr	r2, .L92+60
 1353              	.LBE179:
 1354              	.LBE178:
 135:main.cpp      ****                 menu_counter = menu_counter % 4; // Round off from 0-3 for four menu options
 1355              		.loc 1 135 45 view .LVU435
 1356 048e 5842     		rsbs	r0, r3, #0
 1357 0490 03F00303 		and	r3, r3, #3
 136:main.cpp      ****                 loc = menu_counter;              // Set the current menu location to the menu count
 1358              		.loc 1 136 21 view .LVU436
 1359 0494 2F49     		ldr	r1, .L92+4
 135:main.cpp      ****                 menu_counter = menu_counter % 4; // Round off from 0-3 for four menu options
 1360              		.loc 1 135 45 view .LVU437
 1361 0496 00F00300 		and	r0, r0, #3
 1362 049a 58BF     		it	pl
 1363 049c 4342     		rsbpl	r3, r0, #0
 1364              	.LBB182:
 1365              	.LBB180:
 1366              		.loc 2 70 54 view .LVU438
 1367 049e 1079     		ldrb	r0, [r2, #4]	@ zero_extendqisi2
 1368              	.LBE180:
 1369              	.LBE182:
 135:main.cpp      ****                 menu_counter = menu_counter % 4; // Round off from 0-3 for four menu options
 1370              		.loc 1 135 30 view .LVU439
 1371 04a0 2B60     		str	r3, [r5]
 136:main.cpp      ****                 loc = menu_counter;              // Set the current menu location to the menu count
 1372              		.loc 1 136 17 is_stmt 1 view .LVU440
 136:main.cpp      ****                 loc = menu_counter;              // Set the current menu location to the menu count
 1373              		.loc 1 136 21 is_stmt 0 view .LVU441
 1374 04a2 2B68     		ldr	r3, [r5]
 1375 04a4 DBB2     		uxtb	r3, r3
 1376 04a6 0B70     		strb	r3, [r1]
 137:main.cpp      ****                 if (forward_button.RisingEdge()) {// Forward button is pressed
 1377              		.loc 1 137 17 is_stmt 1 view .LVU442
 1378              	.LVL85:
 1379              	.LBB183:
 1380              	.LBI178:
 1381              		.loc 2 70 17 view .LVU443
 1382              	.LBB181:
 1383              		.loc 2 70 38 view .LVU444
 1384              		.loc 2 70 54 is_stmt 0 view .LVU445
 1385 04a8 0028     		cmp	r0, #0
 1386 04aa 3FF42CAF 		beq	.L31
 1387              	.LVL86:
 1388              		.loc 2 70 54 view .LVU446
 1389              	.LBE181:
ARM GAS  /tmp/ccGpFAuh.s 			page 46


 1390              	.LBE183:
 137:main.cpp      ****                 if (forward_button.RisingEdge()) {// Forward button is pressed
 1391              		.loc 1 137 17 discriminator 1 view .LVU447
 1392 04ae 927A     		ldrb	r2, [r2, #10]	@ zero_extendqisi2
 1393 04b0 7F2A     		cmp	r2, #127
 1394 04b2 7FF428AF 		bne	.L31
 138:main.cpp      ****                     switch(loc) {
 1395              		.loc 1 138 21 is_stmt 1 view .LVU448
 1396 04b6 032B     		cmp	r3, #3
 1397 04b8 D9D8     		bhi	.L40
 1398 04ba DFE803F0 		tbb	[pc, r3]
 1399              	.L42:
 1400 04be 27       		.byte	(.L45-.L42)/2
 1401 04bf 23       		.byte	(.L44-.L42)/2
 1402 04c0 1F       		.byte	(.L43-.L42)/2
 1403 04c1 1D       		.byte	(.L41-.L42)/2
 1404              	.LVL87:
 1405              		.p2align 1
 1406              	.L88:
 1407              	.LBB184:
 157:main.cpp      ****                     menu = 1;
 1408              		.loc 1 157 21 view .LVU449
 157:main.cpp      ****                     menu = 1;
 1409              		.loc 1 157 26 is_stmt 0 view .LVU450
 1410 04c2 0123     		movs	r3, #1
 1411              	.LBB172:
 1412              	.LBB173:
 262:main.cpp      ****     loc = 0;
 1413              		.loc 1 262 9 view .LVU451
 1414 04c4 0022     		movs	r2, #0
 1415              	.LBE173:
 1416              	.LBE172:
 157:main.cpp      ****                     menu = 1;
 1417              		.loc 1 157 26 view .LVU452
 1418 04c6 8BF80030 		strb	r3, [fp]
 158:main.cpp      ****                     resetValues();
 1419              		.loc 1 158 21 is_stmt 1 view .LVU453
 1420              	.LBB175:
 1421              	.LBI172:
 261:main.cpp      **** void resetValues() {
 1422              		.loc 1 261 6 view .LVU454
 1423              	.LBB174:
 262:main.cpp      ****     loc = 0;
 1424              		.loc 1 262 5 view .LVU455
 263:main.cpp      ****     sub_menu = 0;
 1425              		.loc 1 263 5 view .LVU456
 263:main.cpp      ****     sub_menu = 0;
 1426              		.loc 1 263 14 is_stmt 0 view .LVU457
 1427 04ca 214B     		ldr	r3, .L92
 262:main.cpp      ****     loc = 0;
 1428              		.loc 1 262 9 view .LVU458
 1429 04cc 0A70     		strb	r2, [r1]
 263:main.cpp      ****     sub_menu = 0;
 1430              		.loc 1 263 14 view .LVU459
 1431 04ce 1A70     		strb	r2, [r3]
 264:main.cpp      ****     menu_counter = 0;
 1432              		.loc 1 264 5 is_stmt 1 view .LVU460
ARM GAS  /tmp/ccGpFAuh.s 			page 47


 265:main.cpp      ****     one_counter = 0;
 1433              		.loc 1 265 5 view .LVU461
 266:main.cpp      ****     two_counter = 0;
 1434              		.loc 1 266 17 is_stmt 0 view .LVU462
 1435 04d0 2349     		ldr	r1, .L92+16
 265:main.cpp      ****     one_counter = 0;
 1436              		.loc 1 265 17 view .LVU463
 1437 04d2 244B     		ldr	r3, .L92+20
 264:main.cpp      ****     menu_counter = 0;
 1438              		.loc 1 264 18 view .LVU464
 1439 04d4 2A60     		str	r2, [r5]
 265:main.cpp      ****     one_counter = 0;
 1440              		.loc 1 265 17 view .LVU465
 1441 04d6 1A60     		str	r2, [r3]
 266:main.cpp      ****     two_counter = 0;
 1442              		.loc 1 266 5 is_stmt 1 view .LVU466
 266:main.cpp      ****     two_counter = 0;
 1443              		.loc 1 266 17 is_stmt 0 view .LVU467
 1444 04d8 0A60     		str	r2, [r1]
 267:main.cpp      ****     three_counter = 0;
 1445              		.loc 1 267 5 is_stmt 1 view .LVU468
 267:main.cpp      ****     three_counter = 0;
 1446              		.loc 1 267 19 is_stmt 0 view .LVU469
 1447 04da 2349     		ldr	r1, .L92+24
 1448 04dc 0A60     		str	r2, [r1]
 268:main.cpp      ****     fx_select = 0;
 1449              		.loc 1 268 5 is_stmt 1 view .LVU470
 268:main.cpp      ****     fx_select = 0;
 1450              		.loc 1 268 15 is_stmt 0 view .LVU471
 1451 04de 2A49     		ldr	r1, .L92+56
 1452 04e0 0A70     		strb	r2, [r1]
 1453              	.LBE174:
 1454              	.LBE175:
 161:main.cpp      ****                 switch(loc) {
 1455              		.loc 1 161 17 is_stmt 1 view .LVU472
 1456              	.L49:
 162:main.cpp      ****                     case 0:
 1457              		.loc 1 162 21 view .LVU473
 163:main.cpp      ****                         preset = one_counter % 8;
 1458              		.loc 1 163 25 view .LVU474
 163:main.cpp      ****                         preset = one_counter % 8;
 1459              		.loc 1 163 34 is_stmt 0 view .LVU475
 1460 04e2 1B68     		ldr	r3, [r3]
 163:main.cpp      ****                         preset = one_counter % 8;
 1461              		.loc 1 163 46 view .LVU476
 1462 04e4 5A42     		rsbs	r2, r3, #0
 1463 04e6 03F00703 		and	r3, r3, #7
 1464 04ea 02F00702 		and	r2, r2, #7
 1465 04ee 58BF     		it	pl
 1466 04f0 5342     		rsbpl	r3, r2, #0
 163:main.cpp      ****                         preset = one_counter % 8;
 1467              		.loc 1 163 32 view .LVU477
 1468 04f2 194A     		ldr	r2, .L92+8
 1469 04f4 1370     		strb	r3, [r2]
 164:main.cpp      ****                         break;
 1470              		.loc 1 164 25 is_stmt 1 view .LVU478
 1471 04f6 06E7     		b	.L31
ARM GAS  /tmp/ccGpFAuh.s 			page 48


 1472              	.LVL88:
 1473              	.L41:
 164:main.cpp      ****                         break;
 1474              		.loc 1 164 25 is_stmt 0 view .LVU479
 1475              	.LBE184:
 142:main.cpp      ****                         case 3: menu = 5; break;
 1476              		.loc 1 142 25 is_stmt 1 view .LVU480
 142:main.cpp      ****                         case 3: menu = 5; break;
 1477              		.loc 1 142 33 view .LVU481
 142:main.cpp      ****                         case 3: menu = 5; break;
 1478              		.loc 1 142 38 is_stmt 0 view .LVU482
 1479 04f8 0523     		movs	r3, #5
 1480 04fa B6E7     		b	.L87
 1481              	.L43:
 141:main.cpp      ****                         case 2: menu = 4; break;
 1482              		.loc 1 141 25 is_stmt 1 view .LVU483
 141:main.cpp      ****                         case 2: menu = 4; break;
 1483              		.loc 1 141 33 view .LVU484
 141:main.cpp      ****                         case 2: menu = 4; break;
 1484              		.loc 1 141 38 is_stmt 0 view .LVU485
 1485 04fc 0423     		movs	r3, #4
 1486 04fe 8BF80030 		strb	r3, [fp]
 141:main.cpp      ****                         case 2: menu = 4; break;
 1487              		.loc 1 141 43 is_stmt 1 view .LVU486
 1488 0502 B4E7     		b	.L40
 1489              	.L44:
 140:main.cpp      ****                         case 1: menu = 3; break;
 1490              		.loc 1 140 25 view .LVU487
 140:main.cpp      ****                         case 1: menu = 3; break;
 1491              		.loc 1 140 33 view .LVU488
 140:main.cpp      ****                         case 1: menu = 3; break;
 1492              		.loc 1 140 38 is_stmt 0 view .LVU489
 1493 0504 0323     		movs	r3, #3
 1494 0506 8BF80030 		strb	r3, [fp]
 140:main.cpp      ****                         case 1: menu = 3; break;
 1495              		.loc 1 140 43 is_stmt 1 view .LVU490
 1496 050a B0E7     		b	.L40
 1497              	.L45:
 139:main.cpp      ****                         case 0: menu = 2; break;
 1498              		.loc 1 139 25 view .LVU491
 139:main.cpp      ****                         case 0: menu = 2; break;
 1499              		.loc 1 139 33 view .LVU492
 139:main.cpp      ****                         case 0: menu = 2; break;
 1500              		.loc 1 139 38 is_stmt 0 view .LVU493
 1501 050c 0223     		movs	r3, #2
 1502 050e 8BF80030 		strb	r3, [fp]
 139:main.cpp      ****                         case 0: menu = 2; break;
 1503              		.loc 1 139 43 is_stmt 1 view .LVU494
 1504 0512 ACE7     		b	.L40
 1505              	.LVL89:
 1506              	.L56:
 139:main.cpp      ****                         case 0: menu = 2; break;
 1507              		.loc 1 139 43 is_stmt 0 view .LVU495
 1508              	.LBE186:
 1509              	.LBE188:
 1510              	.LBE191:
 1511              	.LBE155:
ARM GAS  /tmp/ccGpFAuh.s 			page 49


 1512              	.LBB193:
 1513              	.LBB150:
 1514 0514 9846     		mov	r8, r3
 1515 0516 77E6     		b	.L22
 1516              	.LVL90:
 1517              	.L55:
 139:main.cpp      ****                         case 0: menu = 2; break;
 1518              		.loc 1 139 43 view .LVU496
 1519              	.LBE150:
 1520              	.LBE193:
 1521              	.LBB194:
 1522              	.LBB147:
 1523 0518 9946     		mov	r9, r3
 1524 051a 6EE6     		b	.L21
 1525              	.LVL91:
 1526              	.L51:
 139:main.cpp      ****                         case 0: menu = 2; break;
 1527              		.loc 1 139 43 view .LVU497
 1528              	.LBE147:
 1529              	.LBE194:
 1530              	.LBB195:
 1531              	.LBB192:
 1532              	.LBB189:
 1533              	.LBB187:
 181:main.cpp      ****                     menu_counter = menu_counter % 2;
 1534              		.loc 1 181 21 is_stmt 1 view .LVU498
 181:main.cpp      ****                     menu_counter = menu_counter % 2;
 1535              		.loc 1 181 36 is_stmt 0 view .LVU499
 1536 051c 2B68     		ldr	r3, [r5]
 182:main.cpp      ****                     loc = menu_counter;
 1537              		.loc 1 182 25 view .LVU500
 1538 051e 0D4A     		ldr	r2, .L92+4
 181:main.cpp      ****                     menu_counter = menu_counter % 2;
 1539              		.loc 1 181 49 view .LVU501
 1540 0520 002B     		cmp	r3, #0
 1541 0522 03F00103 		and	r3, r3, #1
 1542 0526 B8BF     		it	lt
 1543 0528 5B42     		rsblt	r3, r3, #0
 181:main.cpp      ****                     menu_counter = menu_counter % 2;
 1544              		.loc 1 181 34 view .LVU502
 1545 052a 2B60     		str	r3, [r5]
 182:main.cpp      ****                     loc = menu_counter;
 1546              		.loc 1 182 21 is_stmt 1 view .LVU503
 182:main.cpp      ****                     loc = menu_counter;
 1547              		.loc 1 182 25 is_stmt 0 view .LVU504
 1548 052c 2B68     		ldr	r3, [r5]
 1549 052e DBB2     		uxtb	r3, r3
 1550 0530 1370     		strb	r3, [r2]
 183:main.cpp      ****                     fx_select = loc;
 1551              		.loc 1 183 21 is_stmt 1 view .LVU505
 183:main.cpp      ****                     fx_select = loc;
 1552              		.loc 1 183 33 is_stmt 0 view .LVU506
 1553 0532 003B     		subs	r3, r3, #0
 183:main.cpp      ****                     fx_select = loc;
 1554              		.loc 1 183 31 view .LVU507
 1555 0534 144A     		ldr	r2, .L92+56
 183:main.cpp      ****                     fx_select = loc;
ARM GAS  /tmp/ccGpFAuh.s 			page 50


 1556              		.loc 1 183 33 view .LVU508
 1557 0536 18BF     		it	ne
 1558 0538 0123     		movne	r3, #1
 1559 053a 1370     		strb	r3, [r2]
 1560 053c E3E6     		b	.L31
 1561              	.LVL92:
 1562              	.L59:
 1563              	.LBB185:
 150:main.cpp      ****                 if (preset >= 2 && preset <= 3)      modulo = 3;
 1564              		.loc 1 150 61 discriminator 1 view .LVU509
 1565 053e 0320     		movs	r0, #3
 1566 0540 3BE7     		b	.L46
 1567              	.LVL93:
 1568              	.L89:
 150:main.cpp      ****                 if (preset >= 2 && preset <= 3)      modulo = 3;
 1569              		.loc 1 150 61 discriminator 1 view .LVU510
 1570 0542 084B     		ldr	r3, .L92+20
 1571 0544 CDE7     		b	.L49
 1572              	.LVL94:
 1573              	.L60:
 151:main.cpp      ****                 else if (preset >= 4 && preset <= 5) modulo = 5;
 1574              		.loc 1 151 61 discriminator 1 view .LVU511
 1575 0546 0520     		movs	r0, #5
 1576 0548 37E7     		b	.L46
 1577              	.L47:
 153:main.cpp      ****                 menu_counter = menu_counter % modulo;
 1578              		.loc 1 153 17 is_stmt 1 view .LVU512
 153:main.cpp      ****                 menu_counter = menu_counter % modulo;
 1579              		.loc 1 153 32 is_stmt 0 view .LVU513
 1580 054a 2B68     		ldr	r3, [r5]
 1581 054c FFDE     		.inst	0xdeff
 1582              	.L93:
 1583 054e 00BF     		.align	2
 1584              	.L92:
 1585 0550 00000000 		.word	sub_menu
 1586 0554 00000000 		.word	loc
 1587 0558 00000000 		.word	preset
 1588 055c 00000000 		.word	backward_button
 1589 0560 00000000 		.word	two_counter
 1590 0564 00000000 		.word	one_counter
 1591 0568 00000000 		.word	three_counter
 1592 056c 1F85EB51 		.word	1374389535
 1593 0570 56555555 		.word	1431655766
 1594 0574 B7600BB6 		.word	-1240768329
 1595 0578 00000000 		.word	amp
 1596 057c 00000000 		.word	shape
 1597 0580 00000000 		.word	phase
 1598 0584 00000000 		.word	hw
 1599 0588 00000000 		.word	fx_select
 1600 058c 00000000 		.word	forward_button
 1601              	.LBE185:
 1602              	.LBE187:
 1603              	.LBE189:
 1604              	.LBE192:
 1605              	.LBE195:
 1606              	.LBE144:
 1607              		.cfi_endproc
ARM GAS  /tmp/ccGpFAuh.s 			page 51


 1608              	.LFE2365:
 1610              		.section	.text._Z11resetValuesv,"ax",%progbits
 1611              		.align	1
 1612              		.p2align 2,,3
 1613              		.global	_Z11resetValuesv
 1614              		.syntax unified
 1615              		.thumb
 1616              		.thumb_func
 1618              	_Z11resetValuesv:
 1619              	.LFB2367:
 261:main.cpp      **** void resetValues() {
 1620              		.loc 1 261 20 is_stmt 1 view -0
 1621              		.cfi_startproc
 1622              		@ args = 0, pretend = 0, frame = 0
 1623              		@ frame_needed = 0, uses_anonymous_args = 0
 1624              		@ link register save eliminated.
 262:main.cpp      ****     loc = 0;
 1625              		.loc 1 262 5 view .LVU515
 262:main.cpp      ****     loc = 0;
 1626              		.loc 1 262 9 is_stmt 0 view .LVU516
 1627 0000 0023     		movs	r3, #0
 264:main.cpp      ****     menu_counter = 0;
 1628              		.loc 1 264 18 view .LVU517
 1629 0002 094A     		ldr	r2, .L96
 262:main.cpp      ****     loc = 0;
 1630              		.loc 1 262 9 view .LVU518
 1631 0004 0949     		ldr	r1, .L96+4
 263:main.cpp      ****     sub_menu = 0;
 1632              		.loc 1 263 14 view .LVU519
 1633 0006 0A48     		ldr	r0, .L96+8
 261:main.cpp      **** void resetValues() {
 1634              		.loc 1 261 20 view .LVU520
 1635 0008 10B4     		push	{r4}
 1636              		.cfi_def_cfa_offset 4
 1637              		.cfi_offset 4, -4
 264:main.cpp      ****     menu_counter = 0;
 1638              		.loc 1 264 18 view .LVU521
 1639 000a 1360     		str	r3, [r2]
 265:main.cpp      ****     one_counter = 0;
 1640              		.loc 1 265 17 view .LVU522
 1641 000c 094C     		ldr	r4, .L96+12
 266:main.cpp      ****     two_counter = 0;
 1642              		.loc 1 266 17 view .LVU523
 1643 000e 0A4A     		ldr	r2, .L96+16
 262:main.cpp      ****     loc = 0;
 1644              		.loc 1 262 9 view .LVU524
 1645 0010 0B70     		strb	r3, [r1]
 263:main.cpp      ****     sub_menu = 0;
 1646              		.loc 1 263 5 is_stmt 1 view .LVU525
 265:main.cpp      ****     one_counter = 0;
 1647              		.loc 1 265 17 is_stmt 0 view .LVU526
 1648 0012 2360     		str	r3, [r4]
 267:main.cpp      ****     three_counter = 0;
 1649              		.loc 1 267 19 view .LVU527
 1650 0014 0949     		ldr	r1, .L96+20
 266:main.cpp      ****     two_counter = 0;
 1651              		.loc 1 266 17 view .LVU528
ARM GAS  /tmp/ccGpFAuh.s 			page 52


 1652 0016 1360     		str	r3, [r2]
 268:main.cpp      ****     fx_select = 0;
 1653              		.loc 1 268 15 view .LVU529
 1654 0018 094A     		ldr	r2, .L96+24
 263:main.cpp      ****     sub_menu = 0;
 1655              		.loc 1 263 14 view .LVU530
 1656 001a 0370     		strb	r3, [r0]
 264:main.cpp      ****     menu_counter = 0;
 1657              		.loc 1 264 5 is_stmt 1 view .LVU531
 265:main.cpp      ****     one_counter = 0;
 1658              		.loc 1 265 5 view .LVU532
 266:main.cpp      ****     two_counter = 0;
 1659              		.loc 1 266 5 view .LVU533
 267:main.cpp      ****     three_counter = 0;
 1660              		.loc 1 267 5 view .LVU534
 1661              		.loc 1 270 1 is_stmt 0 view .LVU535
 1662 001c 5DF8044B 		ldr	r4, [sp], #4
 1663              		.cfi_restore 4
 1664              		.cfi_def_cfa_offset 0
 267:main.cpp      ****     three_counter = 0;
 1665              		.loc 1 267 19 view .LVU536
 1666 0020 0B60     		str	r3, [r1]
 268:main.cpp      ****     fx_select = 0;
 1667              		.loc 1 268 5 is_stmt 1 view .LVU537
 268:main.cpp      ****     fx_select = 0;
 1668              		.loc 1 268 15 is_stmt 0 view .LVU538
 1669 0022 1370     		strb	r3, [r2]
 1670              		.loc 1 270 1 view .LVU539
 1671 0024 7047     		bx	lr
 1672              	.L97:
 1673 0026 00BF     		.align	2
 1674              	.L96:
 1675 0028 00000000 		.word	menu_counter
 1676 002c 00000000 		.word	loc
 1677 0030 00000000 		.word	sub_menu
 1678 0034 00000000 		.word	one_counter
 1679 0038 00000000 		.word	two_counter
 1680 003c 00000000 		.word	three_counter
 1681 0040 00000000 		.word	fx_select
 1682              		.cfi_endproc
 1683              	.LFE2367:
 1685              		.section	.text.startup._GLOBAL__sub_I_hw,"ax",%progbits
 1686              		.align	1
 1687              		.p2align 2,,3
 1688              		.syntax unified
 1689              		.thumb
 1690              		.thumb_func
 1692              	_GLOBAL__sub_I_hw:
 1693              	.LFB2386:
 1694              		.loc 1 270 1 is_stmt 1 view -0
 1695              		.cfi_startproc
 1696              		@ args = 0, pretend = 0, frame = 0
 1697              		@ frame_needed = 0, uses_anonymous_args = 0
 1698              	.LBB240:
 1699              	.LBI240:
 1700              		.loc 1 270 1 view .LVU541
 1701              	.LVL95:
ARM GAS  /tmp/ccGpFAuh.s 			page 53


 1702              	.LBB241:
 1703              	.LBB242:
 1704              	.LBI242:
  21:../DaisyExamples/libDaisy/src/daisy_seed.h ****     ~DaisySeed() {}
 1705              		.loc 4 21 5 view .LVU542
 1706              	.LBB243:
 1707              	.LBB244:
 1708              	.LBI244:
 1709              		.file 10 "../DaisyExamples/libDaisy/src/per/qspi.h"
   1:../DaisyExamples/libDaisy/src/per/qspi.h **** #ifndef DSY_QSPI
   2:../DaisyExamples/libDaisy/src/per/qspi.h **** #define DSY_QSPI /**< Macro */
   3:../DaisyExamples/libDaisy/src/per/qspi.h **** 
   4:../DaisyExamples/libDaisy/src/per/qspi.h **** #ifndef UNIT_TEST // for unit tests, a dummy implementation
   5:../DaisyExamples/libDaisy/src/per/qspi.h **** 
   6:../DaisyExamples/libDaisy/src/per/qspi.h **** #include <cstdint>
   7:../DaisyExamples/libDaisy/src/per/qspi.h **** #include "daisy_core.h" // Added for dsy_gpio_pin typedef
   8:../DaisyExamples/libDaisy/src/per/qspi.h **** 
   9:../DaisyExamples/libDaisy/src/per/qspi.h **** #define DSY_QSPI_TEXT       \
  10:../DaisyExamples/libDaisy/src/per/qspi.h ****     __attribute__((section( \
  11:../DaisyExamples/libDaisy/src/per/qspi.h ****         ".qspiflash_text"))) /**< used for reading memory in memory_mapped mode. */
  12:../DaisyExamples/libDaisy/src/per/qspi.h **** #define DSY_QSPI_DATA       \
  13:../DaisyExamples/libDaisy/src/per/qspi.h ****     __attribute__((section( \
  14:../DaisyExamples/libDaisy/src/per/qspi.h ****         ".qspiflash_data"))) /**< used for reading memory in memory_mapped mode. */
  15:../DaisyExamples/libDaisy/src/per/qspi.h **** #define DSY_QSPI_BSS        \
  16:../DaisyExamples/libDaisy/src/per/qspi.h ****     __attribute__((section( \
  17:../DaisyExamples/libDaisy/src/per/qspi.h ****         ".qspiflash_bss"))) /**< used for reading memory in memory_mapped mode. */
  18:../DaisyExamples/libDaisy/src/per/qspi.h **** 
  19:../DaisyExamples/libDaisy/src/per/qspi.h **** namespace daisy
  20:../DaisyExamples/libDaisy/src/per/qspi.h **** {
  21:../DaisyExamples/libDaisy/src/per/qspi.h **** /** @addtogroup serial
  22:../DaisyExamples/libDaisy/src/per/qspi.h **** @{
  23:../DaisyExamples/libDaisy/src/per/qspi.h **** */
  24:../DaisyExamples/libDaisy/src/per/qspi.h **** 
  25:../DaisyExamples/libDaisy/src/per/qspi.h **** /** 
  26:../DaisyExamples/libDaisy/src/per/qspi.h ****  Driver for QSPI peripheral to interface with external flash memory. \n 
  27:../DaisyExamples/libDaisy/src/per/qspi.h ****     Currently supported QSPI Devices: \n 
  28:../DaisyExamples/libDaisy/src/per/qspi.h ****     * IS25LP080D
  29:../DaisyExamples/libDaisy/src/per/qspi.h **** */
  30:../DaisyExamples/libDaisy/src/per/qspi.h **** class QSPIHandle
  31:../DaisyExamples/libDaisy/src/per/qspi.h **** {
  32:../DaisyExamples/libDaisy/src/per/qspi.h ****   public:
  33:../DaisyExamples/libDaisy/src/per/qspi.h ****     enum Result
  34:../DaisyExamples/libDaisy/src/per/qspi.h ****     {
  35:../DaisyExamples/libDaisy/src/per/qspi.h ****         OK = 0,
  36:../DaisyExamples/libDaisy/src/per/qspi.h ****         ERR
  37:../DaisyExamples/libDaisy/src/per/qspi.h ****     };
  38:../DaisyExamples/libDaisy/src/per/qspi.h **** 
  39:../DaisyExamples/libDaisy/src/per/qspi.h ****     /** Indicates the current status of the module. 
  40:../DaisyExamples/libDaisy/src/per/qspi.h ****          *  Warnings are indicated by a leading W.
  41:../DaisyExamples/libDaisy/src/per/qspi.h ****          *  Errors are indicated by a leading E and cause an immediate exit.
  42:../DaisyExamples/libDaisy/src/per/qspi.h ****          * 
  43:../DaisyExamples/libDaisy/src/per/qspi.h ****          *  \param GOOD - No errors have been reported.
  44:../DaisyExamples/libDaisy/src/per/qspi.h ****          *  \param E_HAL_ERROR - HAL code did not return HAL_OK.
  45:../DaisyExamples/libDaisy/src/per/qspi.h ****          *  \param E_SWITCHING_MODES - An error was encountered while switching QSPI peripheral mod
  46:../DaisyExamples/libDaisy/src/per/qspi.h ****          *  \param E_INVALID_MODE - QSPI should not be written to while the program is executing fr
  47:../DaisyExamples/libDaisy/src/per/qspi.h ****          */
  48:../DaisyExamples/libDaisy/src/per/qspi.h ****     enum Status
ARM GAS  /tmp/ccGpFAuh.s 			page 54


  49:../DaisyExamples/libDaisy/src/per/qspi.h ****     {
  50:../DaisyExamples/libDaisy/src/per/qspi.h ****         GOOD = 0,
  51:../DaisyExamples/libDaisy/src/per/qspi.h ****         E_HAL_ERROR,
  52:../DaisyExamples/libDaisy/src/per/qspi.h ****         E_SWITCHING_MODES,
  53:../DaisyExamples/libDaisy/src/per/qspi.h ****         E_INVALID_MODE,
  54:../DaisyExamples/libDaisy/src/per/qspi.h ****     };
  55:../DaisyExamples/libDaisy/src/per/qspi.h **** 
  56:../DaisyExamples/libDaisy/src/per/qspi.h ****     /** Configuration structure for interfacing with QSPI Driver */
  57:../DaisyExamples/libDaisy/src/per/qspi.h ****     struct Config
  58:../DaisyExamples/libDaisy/src/per/qspi.h ****     {
  59:../DaisyExamples/libDaisy/src/per/qspi.h ****         /** Flash Devices supported. (Both of these are more-or-less the same, just different sizes
  60:../DaisyExamples/libDaisy/src/per/qspi.h ****         enum Device
  61:../DaisyExamples/libDaisy/src/per/qspi.h ****         {
  62:../DaisyExamples/libDaisy/src/per/qspi.h ****             IS25LP080D,  /**< & */
  63:../DaisyExamples/libDaisy/src/per/qspi.h ****             IS25LP064A,  /**< & */
  64:../DaisyExamples/libDaisy/src/per/qspi.h ****             DEVICE_LAST, /**< & */
  65:../DaisyExamples/libDaisy/src/per/qspi.h ****         };
  66:../DaisyExamples/libDaisy/src/per/qspi.h **** 
  67:../DaisyExamples/libDaisy/src/per/qspi.h ****         /** 
  68:../DaisyExamples/libDaisy/src/per/qspi.h ****         Modes of operation.
  69:../DaisyExamples/libDaisy/src/per/qspi.h ****         Memory Mapped mode: QSPI configured so that the QSPI can be
  70:../DaisyExamples/libDaisy/src/per/qspi.h ****         read from starting address 0x90000000. Writing is not
  71:../DaisyExamples/libDaisy/src/per/qspi.h ****         possible in this mode. \n 
  72:../DaisyExamples/libDaisy/src/per/qspi.h ****         Indirect Polling mode: Device driver enabled. 
  73:../DaisyExamples/libDaisy/src/per/qspi.h ****         */
  74:../DaisyExamples/libDaisy/src/per/qspi.h ****         enum Mode
  75:../DaisyExamples/libDaisy/src/per/qspi.h ****         {
  76:../DaisyExamples/libDaisy/src/per/qspi.h ****             MEMORY_MAPPED,    /**< & */
  77:../DaisyExamples/libDaisy/src/per/qspi.h ****             INDIRECT_POLLING, /**< & */
  78:../DaisyExamples/libDaisy/src/per/qspi.h ****             MODE_LAST,
  79:../DaisyExamples/libDaisy/src/per/qspi.h ****         };
  80:../DaisyExamples/libDaisy/src/per/qspi.h **** 
  81:../DaisyExamples/libDaisy/src/per/qspi.h ****         //SCK,  CE# (active low)
  82:../DaisyExamples/libDaisy/src/per/qspi.h ****         struct
  83:../DaisyExamples/libDaisy/src/per/qspi.h ****         {
  84:../DaisyExamples/libDaisy/src/per/qspi.h ****             dsy_gpio_pin io0; /**< & */
  85:../DaisyExamples/libDaisy/src/per/qspi.h ****             dsy_gpio_pin io1; /**< & */
  86:../DaisyExamples/libDaisy/src/per/qspi.h ****             dsy_gpio_pin io2; /**< & */
  87:../DaisyExamples/libDaisy/src/per/qspi.h ****             dsy_gpio_pin io3; /**< & */
  88:../DaisyExamples/libDaisy/src/per/qspi.h ****             dsy_gpio_pin clk; /**< & */
  89:../DaisyExamples/libDaisy/src/per/qspi.h ****             dsy_gpio_pin ncs; /**< & */
  90:../DaisyExamples/libDaisy/src/per/qspi.h ****         } pin_config;
  91:../DaisyExamples/libDaisy/src/per/qspi.h **** 
  92:../DaisyExamples/libDaisy/src/per/qspi.h ****         Device device;
  93:../DaisyExamples/libDaisy/src/per/qspi.h ****         Mode   mode;
  94:../DaisyExamples/libDaisy/src/per/qspi.h ****     };
  95:../DaisyExamples/libDaisy/src/per/qspi.h **** 
  96:../DaisyExamples/libDaisy/src/per/qspi.h ****     /** 
  97:../DaisyExamples/libDaisy/src/per/qspi.h ****         Initializes QSPI peripheral, and Resets, and prepares memory for access.
  98:../DaisyExamples/libDaisy/src/per/qspi.h ****         \param config should be populated with the mode, device and pin_config before calling this 
  99:../DaisyExamples/libDaisy/src/per/qspi.h ****         \return Result::OK or Result::ERR
 100:../DaisyExamples/libDaisy/src/per/qspi.h ****         */
 101:../DaisyExamples/libDaisy/src/per/qspi.h ****     Result Init(const Config& config);
 102:../DaisyExamples/libDaisy/src/per/qspi.h **** 
 103:../DaisyExamples/libDaisy/src/per/qspi.h ****     /** Returns the current config. */
 104:../DaisyExamples/libDaisy/src/per/qspi.h ****     const Config& GetConfig() const;
 105:../DaisyExamples/libDaisy/src/per/qspi.h **** 
ARM GAS  /tmp/ccGpFAuh.s 			page 55


 106:../DaisyExamples/libDaisy/src/per/qspi.h ****     // Couldn't this just be called before anything else in init? That
 107:../DaisyExamples/libDaisy/src/per/qspi.h ****     // would make manually calling it unnecessary.
 108:../DaisyExamples/libDaisy/src/per/qspi.h ****     /** 
 109:../DaisyExamples/libDaisy/src/per/qspi.h ****         Deinitializes the peripheral
 110:../DaisyExamples/libDaisy/src/per/qspi.h ****         This should be called before reinitializing QSPI in a different mode.
 111:../DaisyExamples/libDaisy/src/per/qspi.h ****         \return Result::OK or Result::ERR
 112:../DaisyExamples/libDaisy/src/per/qspi.h ****         */
 113:../DaisyExamples/libDaisy/src/per/qspi.h ****     Result DeInit();
 114:../DaisyExamples/libDaisy/src/per/qspi.h **** 
 115:../DaisyExamples/libDaisy/src/per/qspi.h ****     /** 
 116:../DaisyExamples/libDaisy/src/per/qspi.h ****         Writes a single page to to the specified address on the QSPI chip.
 117:../DaisyExamples/libDaisy/src/per/qspi.h ****         For IS25LP*, page size is 256 bytes.
 118:../DaisyExamples/libDaisy/src/per/qspi.h ****         \param address Address to write to
 119:../DaisyExamples/libDaisy/src/per/qspi.h ****         \param size Buffer size
 120:../DaisyExamples/libDaisy/src/per/qspi.h ****         \param buffer Buffer to write
 121:../DaisyExamples/libDaisy/src/per/qspi.h ****         \return Result::OK or Result::ERR
 122:../DaisyExamples/libDaisy/src/per/qspi.h ****         */
 123:../DaisyExamples/libDaisy/src/per/qspi.h ****     Result WritePage(uint32_t address, uint32_t size, uint8_t* buffer);
 124:../DaisyExamples/libDaisy/src/per/qspi.h **** 
 125:../DaisyExamples/libDaisy/src/per/qspi.h ****     /** 
 126:../DaisyExamples/libDaisy/src/per/qspi.h ****         Writes data in buffer to to the QSPI. Starting at address to address+size 
 127:../DaisyExamples/libDaisy/src/per/qspi.h ****         \param address Address to write to
 128:../DaisyExamples/libDaisy/src/per/qspi.h ****         \param size Buffer size
 129:../DaisyExamples/libDaisy/src/per/qspi.h ****         \param buffer Buffer to write
 130:../DaisyExamples/libDaisy/src/per/qspi.h ****         \return Result::OK or Result::ERR
 131:../DaisyExamples/libDaisy/src/per/qspi.h ****         */
 132:../DaisyExamples/libDaisy/src/per/qspi.h ****     Result Write(uint32_t address, uint32_t size, uint8_t* buffer);
 133:../DaisyExamples/libDaisy/src/per/qspi.h **** 
 134:../DaisyExamples/libDaisy/src/per/qspi.h ****     /** 
 135:../DaisyExamples/libDaisy/src/per/qspi.h ****         Erases the area specified on the chip.
 136:../DaisyExamples/libDaisy/src/per/qspi.h ****         Erasures will happen by 4K, 32K or 64K increments.
 137:../DaisyExamples/libDaisy/src/per/qspi.h ****         Smallest erase possible is 4kB at a time. (on IS25LP*)
 138:../DaisyExamples/libDaisy/src/per/qspi.h ****         \param start_addr Address to begin erasing from
 139:../DaisyExamples/libDaisy/src/per/qspi.h ****         \param end_addr  Address to stop erasing at
 140:../DaisyExamples/libDaisy/src/per/qspi.h ****         \return Result::OK or Result::ERR
 141:../DaisyExamples/libDaisy/src/per/qspi.h ****         */
 142:../DaisyExamples/libDaisy/src/per/qspi.h ****     Result Erase(uint32_t start_addr, uint32_t end_addr);
 143:../DaisyExamples/libDaisy/src/per/qspi.h **** 
 144:../DaisyExamples/libDaisy/src/per/qspi.h ****     /**  
 145:../DaisyExamples/libDaisy/src/per/qspi.h ****          Erases a single sector of the chip.  
 146:../DaisyExamples/libDaisy/src/per/qspi.h ****         TODO: Document the size of this function. 
 147:../DaisyExamples/libDaisy/src/per/qspi.h ****         \param address Address of sector to erase
 148:../DaisyExamples/libDaisy/src/per/qspi.h ****         \return Result::OK or Result::ERR
 149:../DaisyExamples/libDaisy/src/per/qspi.h ****         */
 150:../DaisyExamples/libDaisy/src/per/qspi.h ****     Result EraseSector(uint32_t address);
 151:../DaisyExamples/libDaisy/src/per/qspi.h **** 
 152:../DaisyExamples/libDaisy/src/per/qspi.h ****     /** Returns the current class status. Useful for debugging.
 153:../DaisyExamples/libDaisy/src/per/qspi.h ****      *  \returns Status
 154:../DaisyExamples/libDaisy/src/per/qspi.h ****      */
 155:../DaisyExamples/libDaisy/src/per/qspi.h ****     Status GetStatus();
 156:../DaisyExamples/libDaisy/src/per/qspi.h **** 
 157:../DaisyExamples/libDaisy/src/per/qspi.h ****     /** Returns a pointer to the actual memory used 
 158:../DaisyExamples/libDaisy/src/per/qspi.h ****      *  The memory at this address is read-only
 159:../DaisyExamples/libDaisy/src/per/qspi.h ****      *  to write to it use the Write function.
 160:../DaisyExamples/libDaisy/src/per/qspi.h ****      * 
 161:../DaisyExamples/libDaisy/src/per/qspi.h ****      *  \param offset returns the pointer starting this 
 162:../DaisyExamples/libDaisy/src/per/qspi.h ****      *                many bytes into the memory
ARM GAS  /tmp/ccGpFAuh.s 			page 56


 163:../DaisyExamples/libDaisy/src/per/qspi.h ****     */
 164:../DaisyExamples/libDaisy/src/per/qspi.h ****     void* GetData(uint32_t offset = 0);
 165:../DaisyExamples/libDaisy/src/per/qspi.h **** 
 166:../DaisyExamples/libDaisy/src/per/qspi.h ****     QSPIHandle() : pimpl_(nullptr) {}
 1710              		.loc 10 166 5 view .LVU543
 1711              	.LBB245:
 1712              	.LBB246:
 1713              		.loc 10 166 20 is_stmt 0 view .LVU544
 1714 0000 164B     		ldr	r3, .L100
 1715              	.LBE246:
 1716              	.LBE245:
 1717              	.LBE244:
 1718              	.LBE243:
 1719              	.LBE242:
  11:main.cpp      **** DaisySeed    hw;
 1720              		.loc 1 11 14 discriminator 1 view .LVU545
 1721 0002 1749     		ldr	r1, .L100+4
 1722 0004 174A     		ldr	r2, .L100+8
 1723 0006 1846     		mov	r0, r3
 1724              	.LBE241:
 1725              	.LBE240:
 1726              		.loc 1 270 1 view .LVU546
 1727 0008 10B5     		push	{r4, lr}
 1728              		.cfi_def_cfa_offset 8
 1729              		.cfi_offset 4, -8
 1730              		.cfi_offset 14, -4
 1731              	.LBB286:
 1732              	.LBB284:
 1733              	.LBB263:
 1734              	.LBB262:
 1735              	.LBB249:
 1736              	.LBB248:
 1737              	.LBB247:
 1738              		.loc 10 166 20 view .LVU547
 1739 000a 0024     		movs	r4, #0
 1740 000c 1C60     		str	r4, [r3]
 1741              	.LVL96:
 1742              		.loc 10 166 20 view .LVU548
 1743              	.LBE247:
 1744              	.LBE248:
 1745              	.LBE249:
 1746              	.LBB250:
 1747              	.LBI250:
  95:../DaisyExamples/libDaisy/src/hid/audio.h ****     ~AudioHandle() {}
 1748              		.loc 8 95 5 is_stmt 1 view .LVU549
 1749              	.LBB251:
 1750              	.LBB252:
  95:../DaisyExamples/libDaisy/src/hid/audio.h ****     ~AudioHandle() {}
 1751              		.loc 8 95 21 is_stmt 0 view .LVU550
 1752 000e 5C61     		str	r4, [r3, #20]
 1753              	.LVL97:
  95:../DaisyExamples/libDaisy/src/hid/audio.h ****     ~AudioHandle() {}
 1754              		.loc 8 95 21 view .LVU551
 1755              	.LBE252:
 1756              	.LBE251:
 1757              	.LBE250:
 1758              	.LBB253:
ARM GAS  /tmp/ccGpFAuh.s 			page 57


 1759              	.LBI253:
 109:../DaisyExamples/libDaisy/src/per/adc.h ****     ~AdcHandle() {}
 1760              		.loc 7 109 5 is_stmt 1 view .LVU552
 109:../DaisyExamples/libDaisy/src/per/adc.h ****     ~AdcHandle() {}
 1761              		.loc 7 109 5 is_stmt 0 view .LVU553
 1762              	.LBE253:
 1763              	.LBB254:
 1764              	.LBI254:
 1765              		.file 11 "../DaisyExamples/libDaisy/src/per/dac.h"
   1:../DaisyExamples/libDaisy/src/per/dac.h **** #pragma once
   2:../DaisyExamples/libDaisy/src/per/dac.h **** #ifndef DSY_DAC_H
   3:../DaisyExamples/libDaisy/src/per/dac.h **** #define DSY_DAC_H
   4:../DaisyExamples/libDaisy/src/per/dac.h **** 
   5:../DaisyExamples/libDaisy/src/per/dac.h **** #include "daisy_core.h"
   6:../DaisyExamples/libDaisy/src/per/dac.h **** 
   7:../DaisyExamples/libDaisy/src/per/dac.h **** namespace daisy
   8:../DaisyExamples/libDaisy/src/per/dac.h **** {
   9:../DaisyExamples/libDaisy/src/per/dac.h **** /** @brief DAC handle for Built-in DAC Peripheral 
  10:../DaisyExamples/libDaisy/src/per/dac.h ****  *  @ingroup per_analog
  11:../DaisyExamples/libDaisy/src/per/dac.h ****  ** 
  12:../DaisyExamples/libDaisy/src/per/dac.h ****  ** For now only Normal Mode is supported,
  13:../DaisyExamples/libDaisy/src/per/dac.h ****  ** Sample and hold mode provides reduced power consumption, but requires a bit more setup.
  14:../DaisyExamples/libDaisy/src/per/dac.h ****  **
  15:../DaisyExamples/libDaisy/src/per/dac.h ****  ** For now connecting the DAC through other internal peripherals is also not supported.
  16:../DaisyExamples/libDaisy/src/per/dac.h ****  **
  17:../DaisyExamples/libDaisy/src/per/dac.h ****  ** Since the DAC channels have dedicated pins we don't need to pass in a pin config like with
  18:../DaisyExamples/libDaisy/src/per/dac.h ****  ** other modules. However, it is still important to not try to use the DAC pins for anything else.
  19:../DaisyExamples/libDaisy/src/per/dac.h ****  ** DAC Channel 1 is on PA4, and DAC Channel 2 is on PA5
  20:../DaisyExamples/libDaisy/src/per/dac.h ****  ***/
  21:../DaisyExamples/libDaisy/src/per/dac.h **** class DacHandle
  22:../DaisyExamples/libDaisy/src/per/dac.h **** {
  23:../DaisyExamples/libDaisy/src/per/dac.h ****   public:
  24:../DaisyExamples/libDaisy/src/per/dac.h ****     /** Return Values for the DacHandle class */
  25:../DaisyExamples/libDaisy/src/per/dac.h ****     enum class Result
  26:../DaisyExamples/libDaisy/src/per/dac.h ****     {
  27:../DaisyExamples/libDaisy/src/per/dac.h ****         OK,
  28:../DaisyExamples/libDaisy/src/per/dac.h ****         ERR,
  29:../DaisyExamples/libDaisy/src/per/dac.h ****     };
  30:../DaisyExamples/libDaisy/src/per/dac.h **** 
  31:../DaisyExamples/libDaisy/src/per/dac.h ****     /** Selects which channel(s) will be configured for use. */
  32:../DaisyExamples/libDaisy/src/per/dac.h ****     enum class Channel
  33:../DaisyExamples/libDaisy/src/per/dac.h ****     {
  34:../DaisyExamples/libDaisy/src/per/dac.h ****         ONE,
  35:../DaisyExamples/libDaisy/src/per/dac.h ****         TWO,
  36:../DaisyExamples/libDaisy/src/per/dac.h ****         BOTH,
  37:../DaisyExamples/libDaisy/src/per/dac.h ****     };
  38:../DaisyExamples/libDaisy/src/per/dac.h **** 
  39:../DaisyExamples/libDaisy/src/per/dac.h ****     /** Sets the Mode for the DAC channels.
  40:../DaisyExamples/libDaisy/src/per/dac.h ****      **
  41:../DaisyExamples/libDaisy/src/per/dac.h ****      ** Polling mode uses the blocking mode to transmit a single value at a time.
  42:../DaisyExamples/libDaisy/src/per/dac.h ****      **
  43:../DaisyExamples/libDaisy/src/per/dac.h ****      ** DMA mode uses a buffer, and periodically transmits it triggering a 
  44:../DaisyExamples/libDaisy/src/per/dac.h ****      ** callback to fill the buffer when it is ready for more samples.
  45:../DaisyExamples/libDaisy/src/per/dac.h ****      ***/
  46:../DaisyExamples/libDaisy/src/per/dac.h ****     enum class Mode
  47:../DaisyExamples/libDaisy/src/per/dac.h ****     {
  48:../DaisyExamples/libDaisy/src/per/dac.h ****         POLLING,
ARM GAS  /tmp/ccGpFAuh.s 			page 58


  49:../DaisyExamples/libDaisy/src/per/dac.h ****         DMA,
  50:../DaisyExamples/libDaisy/src/per/dac.h ****     };
  51:../DaisyExamples/libDaisy/src/per/dac.h **** 
  52:../DaisyExamples/libDaisy/src/per/dac.h ****     /** Sets the number of bits per sample transmitted out of the DAC.
  53:../DaisyExamples/libDaisy/src/per/dac.h ****      ** The output range will be: 0V - VDDA
  54:../DaisyExamples/libDaisy/src/per/dac.h ****      ** The resolution will be roughly: bitdepth / (VDDA - 0V) 
  55:../DaisyExamples/libDaisy/src/per/dac.h ****      ***/
  56:../DaisyExamples/libDaisy/src/per/dac.h ****     enum class BitDepth
  57:../DaisyExamples/libDaisy/src/per/dac.h ****     {
  58:../DaisyExamples/libDaisy/src/per/dac.h ****         BITS_8,
  59:../DaisyExamples/libDaisy/src/per/dac.h ****         BITS_12
  60:../DaisyExamples/libDaisy/src/per/dac.h ****     };
  61:../DaisyExamples/libDaisy/src/per/dac.h **** 
  62:../DaisyExamples/libDaisy/src/per/dac.h ****     /** Sets whether the DAC output is buffered for higher drive ability. */
  63:../DaisyExamples/libDaisy/src/per/dac.h ****     enum class BufferState
  64:../DaisyExamples/libDaisy/src/per/dac.h ****     {
  65:../DaisyExamples/libDaisy/src/per/dac.h ****         ENABLED,
  66:../DaisyExamples/libDaisy/src/per/dac.h ****         DISABLED,
  67:../DaisyExamples/libDaisy/src/per/dac.h ****     };
  68:../DaisyExamples/libDaisy/src/per/dac.h **** 
  69:../DaisyExamples/libDaisy/src/per/dac.h ****     /** Configuration structure for initializing the DAC structure. */
  70:../DaisyExamples/libDaisy/src/per/dac.h ****     struct Config
  71:../DaisyExamples/libDaisy/src/per/dac.h ****     {
  72:../DaisyExamples/libDaisy/src/per/dac.h ****         /** Target Samplerate in Hz used to configure the internal 
  73:../DaisyExamples/libDaisy/src/per/dac.h ****          ** timebase for DMA mode. Does nothing in POLLING mode.
  74:../DaisyExamples/libDaisy/src/per/dac.h ****          ** If the value is 0 at Init time this will default to 48000Hz 
  75:../DaisyExamples/libDaisy/src/per/dac.h ****          ** otherwise the driver will attempt meet the target.*/
  76:../DaisyExamples/libDaisy/src/per/dac.h ****         uint32_t target_samplerate;
  77:../DaisyExamples/libDaisy/src/per/dac.h **** 
  78:../DaisyExamples/libDaisy/src/per/dac.h ****         Channel     chn;
  79:../DaisyExamples/libDaisy/src/per/dac.h ****         Mode        mode;
  80:../DaisyExamples/libDaisy/src/per/dac.h ****         BitDepth    bitdepth;
  81:../DaisyExamples/libDaisy/src/per/dac.h ****         BufferState buff_state;
  82:../DaisyExamples/libDaisy/src/per/dac.h ****     };
  83:../DaisyExamples/libDaisy/src/per/dac.h **** 
  84:../DaisyExamples/libDaisy/src/per/dac.h ****     DacHandle() : pimpl_(nullptr) {}
 1766              		.loc 11 84 5 is_stmt 1 view .LVU554
 1767              	.LBB255:
 1768              	.LBB256:
 1769              		.loc 11 84 19 is_stmt 0 view .LVU555
 1770 0010 1C62     		str	r4, [r3, #32]
 1771              	.LVL98:
 1772              		.loc 11 84 19 view .LVU556
 1773              	.LBE256:
 1774              	.LBE255:
 1775              	.LBE254:
 1776              	.LBB257:
 1777              	.LBI257:
  40:../DaisyExamples/libDaisy/src/hid/usb.h **** 
 1778              		.loc 6 40 5 is_stmt 1 view .LVU557
  40:../DaisyExamples/libDaisy/src/hid/usb.h **** 
 1779              		.loc 6 40 5 is_stmt 0 view .LVU558
 1780              	.LBE257:
 1781              	.LBB258:
 1782              	.LBI258:
  96:../DaisyExamples/libDaisy/src/sys/system.h ****     ~System() {}
 1783              		.loc 5 96 5 is_stmt 1 view .LVU559
ARM GAS  /tmp/ccGpFAuh.s 			page 59


  96:../DaisyExamples/libDaisy/src/sys/system.h ****     ~System() {}
 1784              		.loc 5 96 5 is_stmt 0 view .LVU560
 1785              	.LBE258:
 1786              	.LBB259:
 1787              	.LBI259:
 1788              		.file 12 "../DaisyExamples/libDaisy/src/per/sai.h"
   1:../DaisyExamples/libDaisy/src/per/sai.h **** #pragma once
   2:../DaisyExamples/libDaisy/src/per/sai.h **** #ifndef DSY_SAI_H
   3:../DaisyExamples/libDaisy/src/per/sai.h **** #define DSY_SAI_H
   4:../DaisyExamples/libDaisy/src/per/sai.h **** 
   5:../DaisyExamples/libDaisy/src/per/sai.h **** #include "daisy_core.h"
   6:../DaisyExamples/libDaisy/src/per/sai.h **** 
   7:../DaisyExamples/libDaisy/src/per/sai.h **** namespace daisy
   8:../DaisyExamples/libDaisy/src/per/sai.h **** {
   9:../DaisyExamples/libDaisy/src/per/sai.h **** /** 
  10:../DaisyExamples/libDaisy/src/per/sai.h ****  * Support for I2S Audio Protocol with different bit-depth, samplerate options
  11:../DaisyExamples/libDaisy/src/per/sai.h ****  * Allows for master or slave, as well as freedom of selecting direction, 
  12:../DaisyExamples/libDaisy/src/per/sai.h ****  * and other behavior for each peripheral, and block.
  13:../DaisyExamples/libDaisy/src/per/sai.h ****  * 
  14:../DaisyExamples/libDaisy/src/per/sai.h ****  * DMA Transfer commands must use buffers located within non-cached memory or use cache maintenance
  15:../DaisyExamples/libDaisy/src/per/sai.h ****  * To declare an unitialized global element in the DMA memory section:
  16:../DaisyExamples/libDaisy/src/per/sai.h ****  *    int32_t DSY_DMA_BUFFER_SECTOR my_buffer[96];
  17:../DaisyExamples/libDaisy/src/per/sai.h ****  *
  18:../DaisyExamples/libDaisy/src/per/sai.h ****  * Callback functions will be called once per half of the buffer. In the above example, 
  19:../DaisyExamples/libDaisy/src/per/sai.h ****  * the callback function would be called once for every 48 samples.
  20:../DaisyExamples/libDaisy/src/per/sai.h ****  * 
  21:../DaisyExamples/libDaisy/src/per/sai.h ****  * Use SAI Handle like this:
  22:../DaisyExamples/libDaisy/src/per/sai.h ****  * 
  23:../DaisyExamples/libDaisy/src/per/sai.h ****  *  SaiHandle::Config sai_config;
  24:../DaisyExamples/libDaisy/src/per/sai.h ****  *  sai_config.periph          = SaiHandle::Config::Peripheral::SAI_1;
  25:../DaisyExamples/libDaisy/src/per/sai.h ****  *  sai_config.sr              = SaiHandle::Config::SampleRate::SAI_48KHZ;
  26:../DaisyExamples/libDaisy/src/per/sai.h ****  *  sai_config.bit_depth       = SaiHandle::Config::BitDepth::SAI_24BIT;
  27:../DaisyExamples/libDaisy/src/per/sai.h ****  *  sai_config.a_sync          = SaiHandle::Config::Sync::MASTER;
  28:../DaisyExamples/libDaisy/src/per/sai.h ****  *  sai_config.b_sync          = SaiHandle::Config::Sync::SLAVE;
  29:../DaisyExamples/libDaisy/src/per/sai.h ****  *  sai_config.a_dir           = SaiHandle::Config::Direction::RECEIVE;
  30:../DaisyExamples/libDaisy/src/per/sai.h ****  *  sai_config.b_dir           = SaiHandle::Config::Direction::TRANSMIT;
  31:../DaisyExamples/libDaisy/src/per/sai.h ****  *  sai_config.pin_config.fs   = {DSY_GPIOE, 4};
  32:../DaisyExamples/libDaisy/src/per/sai.h ****  *  sai_config.pin_config.mclk = {DSY_GPIOE, 2};
  33:../DaisyExamples/libDaisy/src/per/sai.h ****  *  sai_config.pin_config.sck  = {DSY_GPIOE, 5};
  34:../DaisyExamples/libDaisy/src/per/sai.h ****  *  sai_config.pin_config.sa   = {DSY_GPIOE, 6};
  35:../DaisyExamples/libDaisy/src/per/sai.h ****  *  sai_config.pin_config.sb   = {DSY_GPIOE, 3};
  36:../DaisyExamples/libDaisy/src/per/sai.h ****  *  // Then Initialize
  37:../DaisyExamples/libDaisy/src/per/sai.h ****  *  SaiHandle sai;
  38:../DaisyExamples/libDaisy/src/per/sai.h ****  *  sai.Init(sai_config);
  39:../DaisyExamples/libDaisy/src/per/sai.h ****  *  // Now you can use it:
  40:../DaisyExamples/libDaisy/src/per/sai.h ****  *  sai.StartDma(. . .);
  41:../DaisyExamples/libDaisy/src/per/sai.h ****  */
  42:../DaisyExamples/libDaisy/src/per/sai.h **** class SaiHandle
  43:../DaisyExamples/libDaisy/src/per/sai.h **** {
  44:../DaisyExamples/libDaisy/src/per/sai.h ****   public:
  45:../DaisyExamples/libDaisy/src/per/sai.h ****     /** Contains settings for initialising an SAI Interface */
  46:../DaisyExamples/libDaisy/src/per/sai.h ****     struct Config
  47:../DaisyExamples/libDaisy/src/per/sai.h ****     {
  48:../DaisyExamples/libDaisy/src/per/sai.h ****         /** Specifies the internal peripheral to use (mapped to different hardware pins) */
  49:../DaisyExamples/libDaisy/src/per/sai.h ****         enum class Peripheral
  50:../DaisyExamples/libDaisy/src/per/sai.h ****         {
  51:../DaisyExamples/libDaisy/src/per/sai.h ****             SAI_1,
ARM GAS  /tmp/ccGpFAuh.s 			page 60


  52:../DaisyExamples/libDaisy/src/per/sai.h ****             SAI_2,
  53:../DaisyExamples/libDaisy/src/per/sai.h ****         };
  54:../DaisyExamples/libDaisy/src/per/sai.h **** 
  55:../DaisyExamples/libDaisy/src/per/sai.h ****         /** Rate at which samples will be streaming to/from the device. */
  56:../DaisyExamples/libDaisy/src/per/sai.h ****         enum class SampleRate
  57:../DaisyExamples/libDaisy/src/per/sai.h ****         {
  58:../DaisyExamples/libDaisy/src/per/sai.h ****             SAI_8KHZ,
  59:../DaisyExamples/libDaisy/src/per/sai.h ****             SAI_16KHZ,
  60:../DaisyExamples/libDaisy/src/per/sai.h ****             SAI_32KHZ,
  61:../DaisyExamples/libDaisy/src/per/sai.h ****             SAI_48KHZ,
  62:../DaisyExamples/libDaisy/src/per/sai.h ****             SAI_96KHZ,
  63:../DaisyExamples/libDaisy/src/per/sai.h ****         };
  64:../DaisyExamples/libDaisy/src/per/sai.h **** 
  65:../DaisyExamples/libDaisy/src/per/sai.h ****         /** Bit Depth that the hardware expects to be transferred to/from the device. */
  66:../DaisyExamples/libDaisy/src/per/sai.h ****         enum class BitDepth
  67:../DaisyExamples/libDaisy/src/per/sai.h ****         {
  68:../DaisyExamples/libDaisy/src/per/sai.h ****             SAI_16BIT,
  69:../DaisyExamples/libDaisy/src/per/sai.h ****             SAI_24BIT,
  70:../DaisyExamples/libDaisy/src/per/sai.h ****             SAI_32BIT,
  71:../DaisyExamples/libDaisy/src/per/sai.h ****         };
  72:../DaisyExamples/libDaisy/src/per/sai.h **** 
  73:../DaisyExamples/libDaisy/src/per/sai.h ****         /** Specifies whether a particular block is the master or the slave 
  74:../DaisyExamples/libDaisy/src/per/sai.h ****          ** If both are set to slave, no MCLK signal will be used, and it is
  75:../DaisyExamples/libDaisy/src/per/sai.h ****          ** expected that the codec will have its own xtal.
  76:../DaisyExamples/libDaisy/src/per/sai.h ****          */
  77:../DaisyExamples/libDaisy/src/per/sai.h ****         enum class Sync
  78:../DaisyExamples/libDaisy/src/per/sai.h ****         {
  79:../DaisyExamples/libDaisy/src/per/sai.h ****             MASTER,
  80:../DaisyExamples/libDaisy/src/per/sai.h ****             SLAVE,
  81:../DaisyExamples/libDaisy/src/per/sai.h ****         };
  82:../DaisyExamples/libDaisy/src/per/sai.h **** 
  83:../DaisyExamples/libDaisy/src/per/sai.h ****         /** Specifies the direction for each peripheral block. */
  84:../DaisyExamples/libDaisy/src/per/sai.h ****         enum class Direction
  85:../DaisyExamples/libDaisy/src/per/sai.h ****         {
  86:../DaisyExamples/libDaisy/src/per/sai.h ****             TRANSMIT,
  87:../DaisyExamples/libDaisy/src/per/sai.h ****             RECEIVE,
  88:../DaisyExamples/libDaisy/src/per/sai.h ****         };
  89:../DaisyExamples/libDaisy/src/per/sai.h **** 
  90:../DaisyExamples/libDaisy/src/per/sai.h ****         Peripheral periph;
  91:../DaisyExamples/libDaisy/src/per/sai.h ****         struct
  92:../DaisyExamples/libDaisy/src/per/sai.h ****         {
  93:../DaisyExamples/libDaisy/src/per/sai.h ****             dsy_gpio_pin mclk, fs, sck, sa, sb;
  94:../DaisyExamples/libDaisy/src/per/sai.h ****         } pin_config;
  95:../DaisyExamples/libDaisy/src/per/sai.h ****         SampleRate sr;
  96:../DaisyExamples/libDaisy/src/per/sai.h ****         BitDepth   bit_depth;
  97:../DaisyExamples/libDaisy/src/per/sai.h ****         Sync       a_sync, b_sync;
  98:../DaisyExamples/libDaisy/src/per/sai.h ****         Direction  a_dir, b_dir;
  99:../DaisyExamples/libDaisy/src/per/sai.h ****     };
 100:../DaisyExamples/libDaisy/src/per/sai.h **** 
 101:../DaisyExamples/libDaisy/src/per/sai.h ****     /** Return values for SAI functions */
 102:../DaisyExamples/libDaisy/src/per/sai.h ****     enum class Result
 103:../DaisyExamples/libDaisy/src/per/sai.h ****     {
 104:../DaisyExamples/libDaisy/src/per/sai.h ****         OK,
 105:../DaisyExamples/libDaisy/src/per/sai.h ****         ERR,
 106:../DaisyExamples/libDaisy/src/per/sai.h ****     };
 107:../DaisyExamples/libDaisy/src/per/sai.h **** 
 108:../DaisyExamples/libDaisy/src/per/sai.h ****     SaiHandle() : pimpl_(nullptr) {}
ARM GAS  /tmp/ccGpFAuh.s 			page 61


 1789              		.loc 12 108 5 is_stmt 1 view .LVU561
 1790              	.LBB260:
 1791              	.LBB261:
 1792              		.loc 12 108 19 is_stmt 0 view .LVU562
 1793 0012 DC63     		str	r4, [r3, #60]
 1794              	.LVL99:
 1795              		.loc 12 108 19 view .LVU563
 1796              	.LBE261:
 1797              	.LBE260:
 1798              	.LBE259:
 1799              	.LBE262:
 1800              	.LBE263:
  11:main.cpp      **** DaisySeed    hw;
 1801              		.loc 1 11 14 discriminator 1 view .LVU564
 1802 0014 FFF7FEFF 		bl	__aeabi_atexit
 1803              	.LVL100:
 1804              	.LBB264:
 1805              	.LBI264:
  82:../DaisyExamples/libDaisy/src/per/uart.h ****             baudrate   = 31250;
  83:../DaisyExamples/libDaisy/src/per/uart.h ****         }
  84:../DaisyExamples/libDaisy/src/per/uart.h **** 
  85:../DaisyExamples/libDaisy/src/per/uart.h ****         Peripheral periph;
  86:../DaisyExamples/libDaisy/src/per/uart.h ****         StopBits   stopbits;
  87:../DaisyExamples/libDaisy/src/per/uart.h ****         Parity     parity;
  88:../DaisyExamples/libDaisy/src/per/uart.h ****         Mode       mode;
  89:../DaisyExamples/libDaisy/src/per/uart.h ****         WordLength wordlength;
  90:../DaisyExamples/libDaisy/src/per/uart.h ****         uint32_t   baudrate;
  91:../DaisyExamples/libDaisy/src/per/uart.h ****     };
  92:../DaisyExamples/libDaisy/src/per/uart.h **** 
  93:../DaisyExamples/libDaisy/src/per/uart.h **** 
  94:../DaisyExamples/libDaisy/src/per/uart.h ****     UartHandler() : pimpl_(nullptr) {}
 1806              		.loc 9 94 5 is_stmt 1 view .LVU565
 1807              	.LBB265:
 1808              	.LBB266:
 1809              		.loc 9 94 21 is_stmt 0 view .LVU566
 1810 0018 134B     		ldr	r3, .L100+12
 1811              	.LBE266:
 1812              	.LBE265:
 1813              	.LBE264:
  11:main.cpp      **** DaisySeed    hw;
 1814              		.loc 1 11 14 view .LVU567
 1815 001a 124A     		ldr	r2, .L100+8
 1816 001c 1349     		ldr	r1, .L100+16
 1817 001e 1448     		ldr	r0, .L100+20
 1818              	.LBB269:
 1819              	.LBB268:
 1820              	.LBB267:
 1821              		.loc 9 94 21 view .LVU568
 1822 0020 1C60     		str	r4, [r3]
 1823              	.LVL101:
 1824              		.loc 9 94 21 view .LVU569
 1825              	.LBE267:
 1826              	.LBE268:
 1827              	.LBE269:
 1828              	.LBB270:
 1829              	.LBI270:
  20:../DaisyExamples/libDaisy/src/hid/encoder.h ****     ~Encoder() {}
ARM GAS  /tmp/ccGpFAuh.s 			page 62


 1830              		.loc 3 20 5 is_stmt 1 view .LVU570
 1831              	.LBB271:
 1832              	.LBB272:
 1833              	.LBI272:
  41:../DaisyExamples/libDaisy/src/hid/switch.h ****     ~Switch() {}
 1834              		.loc 2 41 5 view .LVU571
  41:../DaisyExamples/libDaisy/src/hid/switch.h ****     ~Switch() {}
 1835              		.loc 2 41 5 is_stmt 0 view .LVU572
 1836              	.LBE272:
 1837              	.LBE271:
 1838              	.LBE270:
  11:main.cpp      **** DaisySeed    hw;
 1839              		.loc 1 11 14 view .LVU573
 1840 0022 FFF7FEFF 		bl	__aeabi_atexit
 1841              	.LVL102:
 1842              	.LBB273:
 1843              	.LBI273:
  20:../DaisyExamples/libDaisy/src/hid/encoder.h ****     ~Encoder() {}
 1844              		.loc 3 20 5 is_stmt 1 view .LVU574
 1845              	.LBB274:
 1846              	.LBB275:
 1847              	.LBI275:
  41:../DaisyExamples/libDaisy/src/hid/switch.h ****     ~Switch() {}
 1848              		.loc 2 41 5 view .LVU575
  41:../DaisyExamples/libDaisy/src/hid/switch.h ****     ~Switch() {}
 1849              		.loc 2 41 5 is_stmt 0 view .LVU576
 1850              	.LBE275:
 1851              	.LBE274:
 1852              	.LBE273:
  11:main.cpp      **** DaisySeed    hw;
 1853              		.loc 1 11 14 view .LVU577
 1854 0026 0F4A     		ldr	r2, .L100+8
 1855 0028 1049     		ldr	r1, .L100+16
 1856 002a 1248     		ldr	r0, .L100+24
 1857 002c FFF7FEFF 		bl	__aeabi_atexit
 1858              	.LVL103:
 1859              	.LBB276:
 1860              	.LBI276:
  20:../DaisyExamples/libDaisy/src/hid/encoder.h ****     ~Encoder() {}
 1861              		.loc 3 20 5 is_stmt 1 view .LVU578
 1862              	.LBB277:
 1863              	.LBB278:
 1864              	.LBI278:
  41:../DaisyExamples/libDaisy/src/hid/switch.h ****     ~Switch() {}
 1865              		.loc 2 41 5 view .LVU579
  41:../DaisyExamples/libDaisy/src/hid/switch.h ****     ~Switch() {}
 1866              		.loc 2 41 5 is_stmt 0 view .LVU580
 1867              	.LBE278:
 1868              	.LBE277:
 1869              	.LBE276:
  11:main.cpp      **** DaisySeed    hw;
 1870              		.loc 1 11 14 view .LVU581
 1871 0030 0C4A     		ldr	r2, .L100+8
 1872 0032 0E49     		ldr	r1, .L100+16
 1873 0034 1048     		ldr	r0, .L100+28
 1874 0036 FFF7FEFF 		bl	__aeabi_atexit
 1875              	.LVL104:
ARM GAS  /tmp/ccGpFAuh.s 			page 63


 1876              	.LBB279:
 1877              	.LBI279:
  20:../DaisyExamples/libDaisy/src/hid/encoder.h ****     ~Encoder() {}
 1878              		.loc 3 20 5 is_stmt 1 view .LVU582
 1879              	.LBB280:
 1880              	.LBB281:
 1881              	.LBI281:
  41:../DaisyExamples/libDaisy/src/hid/switch.h ****     ~Switch() {}
 1882              		.loc 2 41 5 view .LVU583
  41:../DaisyExamples/libDaisy/src/hid/switch.h ****     ~Switch() {}
 1883              		.loc 2 41 5 is_stmt 0 view .LVU584
 1884              	.LBE281:
 1885              	.LBE280:
 1886              	.LBE279:
  11:main.cpp      **** DaisySeed    hw;
 1887              		.loc 1 11 14 view .LVU585
 1888 003a 0A4A     		ldr	r2, .L100+8
 1889 003c 0B49     		ldr	r1, .L100+16
 1890 003e 0F48     		ldr	r0, .L100+32
 1891 0040 FFF7FEFF 		bl	__aeabi_atexit
 1892              	.LVL105:
 1893              	.LBB282:
 1894              	.LBI282:
  41:../DaisyExamples/libDaisy/src/hid/switch.h ****     ~Switch() {}
 1895              		.loc 2 41 5 is_stmt 1 view .LVU586
  41:../DaisyExamples/libDaisy/src/hid/switch.h ****     ~Switch() {}
 1896              		.loc 2 41 5 is_stmt 0 view .LVU587
 1897              	.LBE282:
  11:main.cpp      **** DaisySeed    hw;
 1898              		.loc 1 11 14 view .LVU588
 1899 0044 074A     		ldr	r2, .L100+8
 1900 0046 0E49     		ldr	r1, .L100+36
 1901 0048 0E48     		ldr	r0, .L100+40
 1902 004a FFF7FEFF 		bl	__aeabi_atexit
 1903              	.LVL106:
 1904              	.LBB283:
 1905              	.LBI283:
  41:../DaisyExamples/libDaisy/src/hid/switch.h ****     ~Switch() {}
 1906              		.loc 2 41 5 is_stmt 1 view .LVU589
  41:../DaisyExamples/libDaisy/src/hid/switch.h ****     ~Switch() {}
 1907              		.loc 2 41 5 is_stmt 0 view .LVU590
 1908              	.LBE283:
  11:main.cpp      **** DaisySeed    hw;
 1909              		.loc 1 11 14 view .LVU591
 1910 004e 054A     		ldr	r2, .L100+8
 1911 0050 0B49     		ldr	r1, .L100+36
 1912 0052 0D48     		ldr	r0, .L100+44
 1913              	.LBE284:
 1914              	.LBE286:
 1915              		.loc 1 270 1 view .LVU592
 1916 0054 BDE81040 		pop	{r4, lr}
 1917              		.cfi_restore 14
 1918              		.cfi_restore 4
 1919              		.cfi_def_cfa_offset 0
 1920              	.LBB287:
 1921              	.LBB285:
  11:main.cpp      **** DaisySeed    hw;
ARM GAS  /tmp/ccGpFAuh.s 			page 64


 1922              		.loc 1 11 14 view .LVU593
 1923 0058 FFF7FEBF 		b	__aeabi_atexit
 1924              	.LVL107:
 1925              	.L101:
 1926              		.align	2
 1927              	.L100:
 1928 005c 00000000 		.word	hw
 1929 0060 00000000 		.word	_ZN5daisy9DaisySeedD1Ev
 1930 0064 00000000 		.word	__dso_handle
 1931 0068 00000000 		.word	uart
 1932 006c 00000000 		.word	_ZN5daisy7EncoderD1Ev
 1933 0070 00000000 		.word	menu_encoder
 1934 0074 00000000 		.word	one_encoder
 1935 0078 00000000 		.word	two_encoder
 1936 007c 00000000 		.word	three_encoder
 1937 0080 00000000 		.word	_ZN5daisy6SwitchD1Ev
 1938 0084 00000000 		.word	forward_button
 1939 0088 00000000 		.word	backward_button
 1940              	.LBE285:
 1941              	.LBE287:
 1942              		.cfi_endproc
 1943              	.LFE2386:
 1945              		.section	.init_array,"aw",%init_array
 1946              		.align	2
 1947 0000 00000000 		.word	_GLOBAL__sub_I_hw(target1)
 1948              		.global	phase
 1949              		.section	.bss.phase,"aw",%nobits
 1950              		.align	2
 1953              	phase:
 1954 0000 00000000 		.space	8
 1954      00000000 
 1955              		.global	shape
 1956              		.section	.bss.shape,"aw",%nobits
 1957              		.align	2
 1960              	shape:
 1961 0000 00000000 		.space	8
 1961      00000000 
 1962              		.global	amp
 1963              		.section	.bss.amp,"aw",%nobits
 1964              		.align	2
 1967              	amp:
 1968 0000 00000000 		.space	8
 1968      00000000 
 1969              		.global	fx_val_13
 1970              		.section	.bss.fx_val_13,"aw",%nobits
 1973              	fx_val_13:
 1974 0000 00       		.space	1
 1975              		.global	fx_val_12
 1976              		.section	.bss.fx_val_12,"aw",%nobits
 1979              	fx_val_12:
 1980 0000 00       		.space	1
 1981              		.global	fx_val_11
 1982              		.section	.bss.fx_val_11,"aw",%nobits
 1985              	fx_val_11:
 1986 0000 00       		.space	1
 1987              		.global	fx_val_03
 1988              		.section	.bss.fx_val_03,"aw",%nobits
ARM GAS  /tmp/ccGpFAuh.s 			page 65


 1991              	fx_val_03:
 1992 0000 00       		.space	1
 1993              		.global	fx_val_02
 1994              		.section	.bss.fx_val_02,"aw",%nobits
 1997              	fx_val_02:
 1998 0000 00       		.space	1
 1999              		.global	fx_val_01
 2000              		.section	.bss.fx_val_01,"aw",%nobits
 2003              	fx_val_01:
 2004 0000 00       		.space	1
 2005              		.global	fx_select
 2006              		.section	.bss.fx_select,"aw",%nobits
 2009              	fx_select:
 2010 0000 00       		.space	1
 2011              		.global	fx_type
 2012              		.section	.bss.fx_type,"aw",%nobits
 2015              	fx_type:
 2016 0000 00       		.space	1
 2017              		.global	sub_menu
 2018              		.section	.bss.sub_menu,"aw",%nobits
 2021              	sub_menu:
 2022 0000 00       		.space	1
 2023              		.global	preset
 2024              		.section	.bss.preset,"aw",%nobits
 2027              	preset:
 2028 0000 00       		.space	1
 2029              		.global	release
 2030              		.section	.bss.release,"aw",%nobits
 2033              	release:
 2034 0000 00       		.space	1
 2035              		.global	sustain
 2036              		.section	.bss.sustain,"aw",%nobits
 2039              	sustain:
 2040 0000 00       		.space	1
 2041              		.global	decay
 2042              		.section	.bss.decay,"aw",%nobits
 2045              	decay:
 2046 0000 00       		.space	1
 2047              		.global	attack
 2048              		.section	.bss.attack,"aw",%nobits
 2051              	attack:
 2052 0000 00       		.space	1
 2053              		.global	loc
 2054              		.section	.bss.loc,"aw",%nobits
 2057              	loc:
 2058 0000 00       		.space	1
 2059              		.global	menu
 2060              		.section	.bss.menu,"aw",%nobits
 2063              	menu:
 2064 0000 00       		.space	1
 2065              		.global	pot_values
 2066              		.section	.bss.pot_values,"aw",%nobits
 2067              		.align	2
 2070              	pot_values:
 2071 0000 00000000 		.space	24
 2071      00000000 
 2071      00000000 
ARM GAS  /tmp/ccGpFAuh.s 			page 66


 2071      00000000 
 2071      00000000 
 2072              		.global	three_counter
 2073              		.section	.bss.three_counter,"aw",%nobits
 2074              		.align	2
 2077              	three_counter:
 2078 0000 00000000 		.space	4
 2079              		.global	two_counter
 2080              		.section	.bss.two_counter,"aw",%nobits
 2081              		.align	2
 2084              	two_counter:
 2085 0000 00000000 		.space	4
 2086              		.global	one_counter
 2087              		.section	.bss.one_counter,"aw",%nobits
 2088              		.align	2
 2091              	one_counter:
 2092 0000 00000000 		.space	4
 2093              		.global	menu_counter
 2094              		.section	.bss.menu_counter,"aw",%nobits
 2095              		.align	2
 2098              	menu_counter:
 2099 0000 00000000 		.space	4
 2100              		.global	tx_buffer
 2101              		.section	.sram1_bss,"aw"
 2102              		.align	2
 2105              	tx_buffer:
 2106 0000 00000000 		.space	64
 2106      00000000 
 2106      00000000 
 2106      00000000 
 2106      00000000 
 2107              		.global	backward_button
 2108              		.section	.bss.backward_button,"aw",%nobits
 2109              		.align	2
 2112              	backward_button:
 2113 0000 00000000 		.space	16
 2113      00000000 
 2113      00000000 
 2113      00000000 
 2114              		.global	forward_button
 2115              		.section	.bss.forward_button,"aw",%nobits
 2116              		.align	2
 2119              	forward_button:
 2120 0000 00000000 		.space	16
 2120      00000000 
 2120      00000000 
 2120      00000000 
 2121              		.global	three_encoder
 2122              		.section	.bss.three_encoder,"aw",%nobits
 2123              		.align	2
 2126              	three_encoder:
 2127 0000 00000000 		.space	40
 2127      00000000 
 2127      00000000 
 2127      00000000 
 2127      00000000 
 2128              		.global	two_encoder
ARM GAS  /tmp/ccGpFAuh.s 			page 67


 2129              		.section	.bss.two_encoder,"aw",%nobits
 2130              		.align	2
 2133              	two_encoder:
 2134 0000 00000000 		.space	40
 2134      00000000 
 2134      00000000 
 2134      00000000 
 2134      00000000 
 2135              		.global	one_encoder
 2136              		.section	.bss.one_encoder,"aw",%nobits
 2137              		.align	2
 2140              	one_encoder:
 2141 0000 00000000 		.space	40
 2141      00000000 
 2141      00000000 
 2141      00000000 
 2141      00000000 
 2142              		.global	menu_encoder
 2143              		.section	.bss.menu_encoder,"aw",%nobits
 2144              		.align	2
 2147              	menu_encoder:
 2148 0000 00000000 		.space	40
 2148      00000000 
 2148      00000000 
 2148      00000000 
 2148      00000000 
 2149              		.global	uart
 2150              		.section	.bss.uart,"aw",%nobits
 2151              		.align	2
 2154              	uart:
 2155 0000 00000000 		.space	4
 2156              		.global	hw
 2157              		.section	.bss.hw,"aw",%nobits
 2158              		.align	2
 2161              	hw:
 2162 0000 00000000 		.space	64
 2162      00000000 
 2162      00000000 
 2162      00000000 
 2162      00000000 
 2163              		.text
 2164              	.Letext0:
 2165              		.file 13 "/usr/arm-none-eabi/include/machine/_default_types.h"
 2166              		.file 14 "/usr/arm-none-eabi/include/sys/_stdint.h"
 2167              		.file 15 "/usr/arm-none-eabi/include/stdint.h"
 2168              		.file 16 "/usr/lib/gcc/arm-none-eabi/14.2.0/include/stddef.h"
 2169              		.file 17 "/usr/arm-none-eabi/include/c++/14.2.0/cmath"
 2170              		.file 18 "/usr/arm-none-eabi/include/c++/14.2.0/bits/std_abs.h"
 2171              		.file 19 "/usr/arm-none-eabi/include/c++/14.2.0/cstdlib"
 2172              		.file 20 "/usr/arm-none-eabi/include/c++/14.2.0/cstdint"
 2173              		.file 21 "/usr/arm-none-eabi/include/c++/14.2.0/type_traits"
 2174              		.file 22 "/usr/arm-none-eabi/include/c++/14.2.0/debug/debug.h"
 2175              		.file 23 "/usr/arm-none-eabi/include/c++/14.2.0/cstdarg"
 2176              		.file 24 "/usr/arm-none-eabi/include/c++/14.2.0/cstdio"
 2177              		.file 25 "/usr/arm-none-eabi/include/c++/14.2.0/cstring"
 2178              		.file 26 "/usr/arm-none-eabi/include/c++/14.2.0/bits/predefined_ops.h"
 2179              		.file 27 "/usr/arm-none-eabi/include/sys/_types.h"
ARM GAS  /tmp/ccGpFAuh.s 			page 68


 2180              		.file 28 "/usr/arm-none-eabi/include/sys/reent.h"
 2181              		.file 29 "/usr/arm-none-eabi/include/sys/lock.h"
 2182              		.file 30 "/usr/arm-none-eabi/include/c++/14.2.0/bits/stl_pair.h"
 2183              		.file 31 "/usr/arm-none-eabi/include/math.h"
 2184              		.file 32 "/usr/arm-none-eabi/include/stdlib.h"
 2185              		.file 33 "/usr/arm-none-eabi/include/c++/14.2.0/math.h"
 2186              		.file 34 "/usr/arm-none-eabi/include/c++/14.2.0/stdlib.h"
 2187              		.file 35 "../DaisyExamples/libDaisy/src/daisy_core.h"
 2188              		.file 36 "/usr/arm-none-eabi/include/c++/14.2.0/arm-none-eabi/thumb/v7e-m+dp/hard/bits/c++config.h
 2189              		.file 37 "../DaisyExamples/libDaisy/src/util/wav_format.h"
 2190              		.file 38 "../DaisyExamples/libDaisy/src/dev/max11300.h"
 2191              		.file 39 "../DaisyExamples/libDaisy/src/per/gpio.h"
 2192              		.file 40 "../DaisyExamples/libDaisy/src/dev/sdram.h"
 2193              		.file 41 "/usr/lib/gcc/arm-none-eabi/14.2.0/include/stdarg.h"
 2194              		.file 42 "/usr/arm-none-eabi/include/stdio.h"
 2195              		.file 43 "/usr/arm-none-eabi/include/string.h"
 2196              		.file 44 "../DaisyExamples/libDaisy/src/dev/sr_595.h"
 2197              		.file 45 "<built-in>"
ARM GAS  /tmp/ccGpFAuh.s 			page 69


DEFINED SYMBOLS
                            *ABS*:00000000 main.cpp
     /tmp/ccGpFAuh.s:20     .text._ZN5daisy6SwitchD2Ev:00000000 $t
     /tmp/ccGpFAuh.s:27     .text._ZN5daisy6SwitchD2Ev:00000000 _ZN5daisy6SwitchD2Ev
     /tmp/ccGpFAuh.s:27     .text._ZN5daisy6SwitchD2Ev:00000000 _ZN5daisy6SwitchD1Ev
     /tmp/ccGpFAuh.s:44     .text._ZN5daisy7EncoderD2Ev:00000000 $t
     /tmp/ccGpFAuh.s:51     .text._ZN5daisy7EncoderD2Ev:00000000 _ZN5daisy7EncoderD2Ev
     /tmp/ccGpFAuh.s:51     .text._ZN5daisy7EncoderD2Ev:00000000 _ZN5daisy7EncoderD1Ev
     /tmp/ccGpFAuh.s:75     .text._ZN5daisy9DaisySeedD2Ev:00000000 $t
     /tmp/ccGpFAuh.s:82     .text._ZN5daisy9DaisySeedD2Ev:00000000 _ZN5daisy9DaisySeedD2Ev
     /tmp/ccGpFAuh.s:82     .text._ZN5daisy9DaisySeedD2Ev:00000000 _ZN5daisy9DaisySeedD1Ev
     /tmp/ccGpFAuh.s:125    .text._Z10packetSendv:00000000 $t
     /tmp/ccGpFAuh.s:132    .text._Z10packetSendv:00000000 _Z10packetSendv
     /tmp/ccGpFAuh.s:180    .text._Z10packetSendv:00000020 $d
     /tmp/ccGpFAuh.s:184    .text._Z10packetSendv:00000024 $t
     /tmp/ccGpFAuh.s:381    .text._Z10packetSendv:000000c8 $d
     /tmp/ccGpFAuh.s:2063   .bss.menu:00000000 menu
     /tmp/ccGpFAuh.s:2105   .sram1_bss:00000000 tx_buffer
     /tmp/ccGpFAuh.s:2057   .bss.loc:00000000 loc
     /tmp/ccGpFAuh.s:2154   .bss.uart:00000000 uart
     /tmp/ccGpFAuh.s:2051   .bss.attack:00000000 attack
     /tmp/ccGpFAuh.s:2045   .bss.decay:00000000 decay
     /tmp/ccGpFAuh.s:2039   .bss.sustain:00000000 sustain
     /tmp/ccGpFAuh.s:2033   .bss.release:00000000 release
     /tmp/ccGpFAuh.s:2015   .bss.fx_type:00000000 fx_type
     /tmp/ccGpFAuh.s:2009   .bss.fx_select:00000000 fx_select
     /tmp/ccGpFAuh.s:2003   .bss.fx_val_01:00000000 fx_val_01
     /tmp/ccGpFAuh.s:1997   .bss.fx_val_02:00000000 fx_val_02
     /tmp/ccGpFAuh.s:1991   .bss.fx_val_03:00000000 fx_val_03
     /tmp/ccGpFAuh.s:2021   .bss.sub_menu:00000000 sub_menu
     /tmp/ccGpFAuh.s:1967   .bss.amp:00000000 amp
     /tmp/ccGpFAuh.s:1960   .bss.shape:00000000 shape
     /tmp/ccGpFAuh.s:2027   .bss.preset:00000000 preset
     /tmp/ccGpFAuh.s:1953   .bss.phase:00000000 phase
     /tmp/ccGpFAuh.s:1985   .bss.fx_val_11:00000000 fx_val_11
     /tmp/ccGpFAuh.s:1979   .bss.fx_val_12:00000000 fx_val_12
     /tmp/ccGpFAuh.s:1973   .bss.fx_val_13:00000000 fx_val_13
     /tmp/ccGpFAuh.s:408    .text.startup.main:00000000 $t
     /tmp/ccGpFAuh.s:415    .text.startup.main:00000000 main
     /tmp/ccGpFAuh.s:926    .text.startup.main:0000028a $d
     /tmp/ccGpFAuh.s:931    .text.startup.main:00000294 $t
     /tmp/ccGpFAuh.s:1070   .text.startup.main:00000314 $d
     /tmp/ccGpFAuh.s:2161   .bss.hw:00000000 hw
     /tmp/ccGpFAuh.s:2098   .bss.menu_counter:00000000 menu_counter
     /tmp/ccGpFAuh.s:2147   .bss.menu_encoder:00000000 menu_encoder
     /tmp/ccGpFAuh.s:2140   .bss.one_encoder:00000000 one_encoder
     /tmp/ccGpFAuh.s:2133   .bss.two_encoder:00000000 two_encoder
     /tmp/ccGpFAuh.s:2126   .bss.three_encoder:00000000 three_encoder
     /tmp/ccGpFAuh.s:2119   .bss.forward_button:00000000 forward_button
     /tmp/ccGpFAuh.s:2112   .bss.backward_button:00000000 backward_button
     /tmp/ccGpFAuh.s:2091   .bss.one_counter:00000000 one_counter
     /tmp/ccGpFAuh.s:2084   .bss.two_counter:00000000 two_counter
     /tmp/ccGpFAuh.s:2077   .bss.three_counter:00000000 three_counter
     /tmp/ccGpFAuh.s:2070   .bss.pot_values:00000000 pot_values
     /tmp/ccGpFAuh.s:1104   .text.startup.main:00000378 $t
     /tmp/ccGpFAuh.s:1400   .text.startup.main:000004be $d
     /tmp/ccGpFAuh.s:1405   .text.startup.main:000004c2 $t
ARM GAS  /tmp/ccGpFAuh.s 			page 70


     /tmp/ccGpFAuh.s:1585   .text.startup.main:00000550 $d
     /tmp/ccGpFAuh.s:1611   .text._Z11resetValuesv:00000000 $t
     /tmp/ccGpFAuh.s:1618   .text._Z11resetValuesv:00000000 _Z11resetValuesv
     /tmp/ccGpFAuh.s:1675   .text._Z11resetValuesv:00000028 $d
     /tmp/ccGpFAuh.s:1686   .text.startup._GLOBAL__sub_I_hw:00000000 $t
     /tmp/ccGpFAuh.s:1692   .text.startup._GLOBAL__sub_I_hw:00000000 _GLOBAL__sub_I_hw
     /tmp/ccGpFAuh.s:1928   .text.startup._GLOBAL__sub_I_hw:0000005c $d
     /tmp/ccGpFAuh.s:1946   .init_array:00000000 $d
     /tmp/ccGpFAuh.s:1950   .bss.phase:00000000 $d
     /tmp/ccGpFAuh.s:1957   .bss.shape:00000000 $d
     /tmp/ccGpFAuh.s:1964   .bss.amp:00000000 $d
     /tmp/ccGpFAuh.s:1974   .bss.fx_val_13:00000000 $d
     /tmp/ccGpFAuh.s:1980   .bss.fx_val_12:00000000 $d
     /tmp/ccGpFAuh.s:1986   .bss.fx_val_11:00000000 $d
     /tmp/ccGpFAuh.s:1992   .bss.fx_val_03:00000000 $d
     /tmp/ccGpFAuh.s:1998   .bss.fx_val_02:00000000 $d
     /tmp/ccGpFAuh.s:2004   .bss.fx_val_01:00000000 $d
     /tmp/ccGpFAuh.s:2010   .bss.fx_select:00000000 $d
     /tmp/ccGpFAuh.s:2016   .bss.fx_type:00000000 $d
     /tmp/ccGpFAuh.s:2022   .bss.sub_menu:00000000 $d
     /tmp/ccGpFAuh.s:2028   .bss.preset:00000000 $d
     /tmp/ccGpFAuh.s:2034   .bss.release:00000000 $d
     /tmp/ccGpFAuh.s:2040   .bss.sustain:00000000 $d
     /tmp/ccGpFAuh.s:2046   .bss.decay:00000000 $d
     /tmp/ccGpFAuh.s:2052   .bss.attack:00000000 $d
     /tmp/ccGpFAuh.s:2058   .bss.loc:00000000 $d
     /tmp/ccGpFAuh.s:2064   .bss.menu:00000000 $d
     /tmp/ccGpFAuh.s:2067   .bss.pot_values:00000000 $d
     /tmp/ccGpFAuh.s:2074   .bss.three_counter:00000000 $d
     /tmp/ccGpFAuh.s:2081   .bss.two_counter:00000000 $d
     /tmp/ccGpFAuh.s:2088   .bss.one_counter:00000000 $d
     /tmp/ccGpFAuh.s:2095   .bss.menu_counter:00000000 $d
     /tmp/ccGpFAuh.s:2102   .sram1_bss:00000000 $d
     /tmp/ccGpFAuh.s:2109   .bss.backward_button:00000000 $d
     /tmp/ccGpFAuh.s:2116   .bss.forward_button:00000000 $d
     /tmp/ccGpFAuh.s:2123   .bss.three_encoder:00000000 $d
     /tmp/ccGpFAuh.s:2130   .bss.two_encoder:00000000 $d
     /tmp/ccGpFAuh.s:2137   .bss.one_encoder:00000000 $d
     /tmp/ccGpFAuh.s:2144   .bss.menu_encoder:00000000 $d
     /tmp/ccGpFAuh.s:2151   .bss.uart:00000000 $d
     /tmp/ccGpFAuh.s:2158   .bss.hw:00000000 $d
                           .group:00000000 _ZN5daisy6SwitchD5Ev
                           .group:00000000 _ZN5daisy7EncoderD5Ev
                           .group:00000000 _ZN5daisy9DaisySeedD5Ev

UNDEFINED SYMBOLS
_ZN5daisy11UartHandler11DmaTransmitEPhjPFvPvEPFvS2_NS0_6ResultEES2_
_ZN5daisy9DaisySeed4InitEb
_ZN5daisy11UartHandler4InitERKNS0_6ConfigE
_ZN5daisy9DaisySeed6GetPinEh
_ZN5daisy7Encoder4InitE12dsy_gpio_pinS1_S1_f
_ZN5daisy16AdcChannelConfig10InitSingleE12dsy_gpio_pinNS0_15ConversionSpeedE
_ZN5daisy9AdcHandle4InitEPNS_16AdcChannelConfigEjNS0_12OverSamplingE
_ZN5daisy9AdcHandle5StartEv
_ZN5daisy6Switch4InitE12dsy_gpio_pinf
_ZN5daisy7Encoder8DebounceEv
_ZN5daisy6Switch8DebounceEv
ARM GAS  /tmp/ccGpFAuh.s 			page 71


_ZNK5daisy9AdcHandle8GetFloatEh
_ZN5daisy9DaisySeed7DelayMsEj
__aeabi_atexit
__dso_handle
