:020000040800F2
:1000000000000220110300080D030008153F00083E
:100010000D0300080D0300080D0300080000000098
:100020000000000000000000000000000D030008B8
:100030000D030008000000000D030008993E0008B1
:100040000D0300080D0300080D0300080D03000850
:100050000D0300080D0300080D0300080D03000840
:100060000D0300080D0300080D030008212C0008F3
:100070002D2C000885190008392C0008452C000893
:10008000F5380008512100080D0300080D03000891
:100090000D0300080D0300080D0300080D03000800
:1000A0000D0300080D0300080D0300080D030008F0
:1000B0001DED000829ED000835ED00088521000838
:1000C0000D030008912100080D0300088DE50008CC
:1000D00099E50008293700085537000889370008D6
:1000E0000D0300080D030008000000000D030008C8
:1000F0000D0300080D0300080D0300080D030008A0
:100100000D0300080D03000841ED0008A5E50008F7
:10011000BD370008F13700080D0300080D03000883
:100120000D0300080D030008C9E50008FDE50008FF
:10013000293900080D0300080D0300080D0300080D
:1001400000000000000000000000000000000000AF
:100150000D0300080D0300080D03000825380008F2
:100160009D2100080D030008A93E0008CD3E0008AF
:100170000D030008F13E00080D0300080D03000800
:100180000D0300080D030008593800088D380008D9
:10019000B1E50008BDE500080D0300080D030008E7
:1001A0000D0300080D0300080D0300080D030008EF
:1001B000412900080D0300080D0300080D03000885
:1001C0000D0300080D0300080D0300080D030008CF
:1001D0000D0300080D0300080D0300080D030008BF
:1001E0000D0300080D0300080D0300080D030008AF
:1001F0000D0300080D0300080D0300080D0300089F
:100200000D0300080D0300080D0300080D0300088E
:100210000D0300080D0300080D0300080D0300087E
:100220000D0300080D0300080D0300080000000086
:100230000D0300080D030008000000000D03000876
:100240000D0300080D0300080D0300080D0300084E
:100250000D0300080D0300080D0300080D0300083E
:100260000D0300080D0300080D0300080D0300082E
:100270000D0300080D030008C1380008000000004D
:100280000D0300080D0300080D0300080000000026
:08029000000000000D0300084E
:1002980053B94AB9002908BF00281CBF4FF0FF31E5
:1002A8004FF0FF3000F00CB8ADF1080C6DE904CE4A
:1002B8000FF0BCFEDDF804E0DDE9022304B070476E
:1002C800704700BF10B5054C237833B9044B13B100
:1002D8000448AFF300800123237010BD800300247D
:1002E800000000005805010808B5034B1BB103497D
:1002F8000348AFF3008008BD000000008403002419
:1003080058050108FEE700BF0C4A0D4B934204D084
:10031800D21A0C4918460FF021FE0B4A0B4B934298
:1003280004D0D21A002118460FF0EAFD04F046F86E
:100338000FF0EEFD00F0A2F8FEE700BF80030024F6
:100348000000002488050108B43300248003002439
:10035800704700BF704700BF704700BF3149AA22ED
:10036800314B324810B5097882B000781A704A1EAD
:1003780059709870032A52D8DFE802F033230E022E
:10038800FF210422D970002327492948CDE90033E9
:1003980003F0E6FB02B010BD264C00222649247863
:1003A8000978264864F30702007861F30F2224498C
:1003B80060F31742097861F31F62C3F8032007222C
:1003C800E1E72049204A09781278D9701ABB1F48FA
:1003D8001F49204A007809781278187159719A7162
:1003E800EDE71D481D4900781D4A1E4CD87002F1E2
:1003F800080E02F1100C03C982E8030094E8030018
:10040800194C1D228EE80300184903C98CE8030023
:1004180021781977B7E716481649174ADAE7032209
:10042800B1E700BFC303002400000030C20300246A
:10043800AC040024C1030024C0030024BF0300242B
:10044800BE030024BB030024BA030024B90300241C
:10045800B8030024B7030024BC030024AC03002421
:1004680004000030A4030024BD0300249C030024DE
:10047800B6030024B5030024B40300242DE9F04F8B
:100488000021B9B0C248022400F0DCFB01254FF47A
:10049800E132C04B002616A9BF48169317961A9446
:1004A800DFF844A3DFF844B3CDE91B52CDE9185671
:1004B80003F0ECFA304600F0EFFA03462846B74D51
:1004C800ADF8083000F0E8FA03462046ADF80C30E5
:1004D80000F0E2FAADF810009FEDB10A049BB148B4
:1004E800DDE9021200F000FF032000F0D5FA034610
:1004F8000420ADF8143000F0CFFA03460520ADF81B
:10050800183000F0C9FAADF81C009FEDA50A079B4A
:10051800A548DDE9051200F0E7FE062000F0BCFA68
:1005280003460720ADF8203000F0B6FA034608204D
:10053800ADF8243000F0B0FAADF828009FED980A25
:100548000A9B9A48DDE9081200F0CEFE092000F067
:10055800A3FA03460A20ADF82C3000F09DFA0346B2
:100568000B20ADF8303000F097FAADF834009FED6D
:100578008C0A0D9B8E48DDE90B1200F0B5FE0F20AA
:1005880000F08AFAADF8380022460E991DA800F04E
:1005980061FF102000F080FAADF83C0022460F9968
:1005A8000DF1860000F056FF112000F075FAADF845
:1005B80040002246109926A800F04CFF122000F0B7
:1005C8006BFAADF84400224611990DF1AA0000F02B
:1005D80041FF132000F060FAADF848002246129956
:1005E8002FA800F037FF142000F056FA03462246E1
:1005F8000DF1CE00ADF84C30139900F02BFF062218
:1006080004231DA96B4800F039FF6A4801F044F93A
:100618001D2000F041FA0346B7EE000A6648ADF81F
:100628005030149900F0CEFE1E2000F035FA034633
:10063800B7EE000A6148ADF85430159900F0C2FED3
:10064800FFF78CFE574800F07FFE574800F07CFE0D
:10065800564800F079FE564800F076FE564800F0FD
:10066800CBFE564800F0C8FE4E4A1379002B00F026
:100678009181B2F924904C4A1379002B00F08881BB
:10068800B2F92480494B1F790FB1B3F92470484B54
:100698001E790EB1B3F924603B46002437464E4616
:1006A8009946E1B2434801F00DF99FED457A0AEB0E
:1006B8008403D3ED007A70EE677AF0EEE77AF4EE11
:1006C800C77AF1EE10FA01DD83ED000A16B12B6846
:1006D80033442B60B8F1000F03D03A4B1A684244F8
:1006E8001A60B9F1000F03D0374A13684B441360FE
:1006F8001FB1364A13683B4413609BF80030042B43
:100708003FD8DFE813F0E00000018900770005001A
:100718002A4B1A799AB19B7A7F2B10D10123002298
:100728008BF800302A4B2A601A702A4B1A70254B16
:100738001A60254B1A60254B1A60274B1A70DAEDA0
:10074800027A9AED036AFCEEE77ADAED046ADFF8DA
:10075800A0C09AED057A17EE900AFCEEC67A8CF8DE
:10076800000017EE901AFCEEE67A1C4817EE902A65
:10077800FCEEC77A01701A4917EE903A0A70194AC6
:1007880013700134FFF7EAFD062C8AD15AE700BF3F
:10079800B004002401060107AC040024E803002487
:1007A80000000000840400245C04002434040024B5
:1007B8000C040024C8040024FC030024EC030024D7
:1007C8000AD7233CE4030024E0030024DC030024CC
:1007D800C2030024BC030024BA030024C00300247D
:1007E800BF030024BE030024C4030024C303002461
:1007F800C1030024754B1B78002B00F0CD802B68BB
:1008080073495A4203F0030302F0030258BF5342EC
:100818002B602B680B70B4E76E4B1B789A1E012A6D
:1008280040F2CB801A1F012A40F2CB80063B012BF5
:1008380000F2C98009202B68674A654993FBF0FCE0
:1008480000FB1C3310792B602B68DBB20B7010B1E6
:10085800927A7F2A73D0002B00F0B18003F1FF3E1B
:100868005E4A5F4B1B6810685E4A009311685E4AD7
:1008780082FB03235D4A82FB00C24FF0640CA2EBAB
:10088800E07202EB4202821A5948019280FB01028F
:100898000098C0170A44C0EB6310009B0CFB103390
:1008A800C817C0EB22224FF4B470013300FB1212B8
:1008B800504901F80E30504B019903F80E104F4B78
:1008C80003F80E205DE74FF4FA714D4800F0FAF88E
:1008D8003F490B780133DBB2032B0B707FF651AF26
:1008E8009BF8003001338BF800300022374B1A7028
:1008F8003B4B2A601A60394B0A701A60394B1A60F0
:10090800404B1A703DE72B683F4A584203F00303F7
:100918002F4900F0030058BF434210792B602B6821
:10092800DBB20B7000283FF42CAF927A7F2A7FF459
:1009380028AF032BD9D8DFE803F027231F1D012395
:1009480000228BF80030214B0A701A702349244B7F
:100958002A601A600A6023490A602A490A701B68DB
:100968005A4203F0070302F0070258BF5342194ADC
:10097800137006E70523B6E704238BF80030B4E7C5
:1009880003238BF80030B0E702238BF80030ACE784
:10099800984677E699466EE62B680D4A002B03F0D9
:1009A8000103B8BF5B422B602B68DBB21370003BBE
:1009B800144A18BF01231370E3E603203BE7084BF2
:1009C800CDE7052037E72B68FFDE00BFBC03002416
:1009D800C2030024BD030024EC030024E003002428
:1009E800E4030024DC0300241F85EB5156555555BC
:1009F800B7600BB6AC030024A40300249C030024B6
:100A0800B0040024BA030024FC030024164B174941
:100A1800174A184610B500241C605C611C62DC6330
:100A28000FF05AFA134B124A134914481C600FF07E
:100A380053FA0F4A104912480FF04EFA0C4A0E4961
:100A480010480FF049FA0A4A0B490F480FF044FAC8
:100A5800074A0E490E480FF03FFA054A0B490D4860
:100A6800BDE810400FF038BAB00400246103000854
:100A780000000024AC0400245D0300088404002462
:100A88005C040024340400240C04002459030008E6
:100A9800FC030024EC030024202882B009D8084B6A
:100AA80003EB400213F81030507843EA002002B0FC
:100AB800704701230C2043EA002002B0704700BFB2
:100AC8002C030108084603F093BA00BF10B540F2A2
:100AD80003338EB000244FF60B7240F20341ADF899
:100AE800083009A80123ADF81020ADF824202246CB
:100AF800ADF80C100094029907940C94CDE90544C4
:100B0800CDE90A4400F0E6FF04A801232246039930
:100B1800009400F0DFFF09A801F0C2F810B9012025
:100B28000EB010BD04A801F0BBF8A0420CBF022013
:100B380020460EB010BD00BF2DE9F04103239AB046
:100B4800012700240646CDE914373B4BCDE9104375
:100B580040F20453CDE91647ADF84830FFF7B6FF29
:100B6800B842054625D0022845D040F60132334B1D
:100B78000DF12C081894ADF82C200B981997CDF886
:100B88004A3000F0E3F810A906F13C0002F05CF8E6
:100B9800302003224FF07E5341460D930E93CDE94A
:100BA8000B02F26B06F1140000F04CFB1AB0BDE822
:100BB800F0811023214A06A906908DF828300DF1FE
:100BC8002C081F4BCDF84A2007930294CDE918044E
:100BD800CDE9080402A801F0E3FA0823029A03A960
:100BE8004046ADF80C508DF80E40049505930B94D3
:100BF80000F0ECF8C7E700200121104B0DF12C089C
:100C08003A460094CDF84A304FF60B730C94ADF881
:100C18002C302346CDE9180140F601314046ADF8A5
:100C280018100699CDE90D4400F054FF21464046BE
:100C380001F042F8A7E700BF040204040406040315
:100C48000704010B2DE9F04704462DED028B82B015
:100C580000294DD0012140F2011200230091ADF886
:100C680004208DF80630364A0127364B04F1040972
:100C7800354904F12908626040F20272A36040F627
:100C88000663E16004F1250AA4F82520A4F82930B8
:100C9800278284F8277084F82B7003F045FB0546FB
:100CA80003F0A8F96946064650BB4DB304F130007D
:100CB8008DF8067003F0C0FA072D3CD104F1140535
:100CC8002046FFF739FF284600F0F8FA2846B0EE2C
:100CD800408A00F0EFFAD0ED007AF8EE677A88EEF5
:100CE800277A84ED0E7A02B0BDEC028BBDE8F0875E
:100CF80040F2011300918DF80610ADF80430B2E708
:100D080004F1300003F098FA072D11D04946204627
:100D180001F08EFC0EB9002DD0D1504600F0D6FF60
:100D2800404600F0D3FF04F1120000F079F9C5E75E
:100D3800002EF2D1C2E74946204601F079FCBDE712
:100D48000508050905070506050A060610B584B055
:100D580003460124ADF8040003A8ADF80C30ADF843
:100D68000E4000F0B3FF214603A801F099F8204691
:100D780003F03EF9002103A801F092F8204603F0A1
:100D880037F9214603A801F08BF804B010BD00BF65
:100D980010B5C2F3002384B00C46017C8DF80D20F9
:100DA80043EA4402FA2402238DF80C2003AA009493
:100DB80001F08CFA18B10124204604B010BD044695
:100DC8000A2003F015F9204604B010BD034670B59B
:100DD80043F8042B044684B007C983E80700A379C5
:100DE80083B91A210B461E22FA2523742046ADF832
:100DF8000C20022303AA009501F068FA28B101200B
:100E080004B070BD1B210B46EDE70A2003F0F0F893
:100E18004FF4B85200950223ADF80C20204603AADF
:100E2800217C01F053FA0028E9D10A2003F0E0F808
:100E380041F2027200950223ADF80C20204603AA65
:100E4800217C01F043FA0028D9D10A2003F0D0F818
:100E5800042200950223ADF80C20204603AA217C29
:100E680001F034FA0028CAD10A2003F0C1F806229A
:100E780000950223ADF80C20204603AA217C01F03E
:100E880025FA0028BBD10A2003F0B2F841F2082263
:100E980000950223ADF80C20204603AA217C01F01E
:100EA80015FA0028ABD10A20064603F0A1F80095F0
:100EB800022303AA217C2046ADF80C6001F006FA53
:100EC80000289CD1304603F093F8009522790C2332
:100ED8002046002A8DF80C3003AA4FF0020314BFF5
:100EE800622142218DF80D10217C01F0EFF90028D4
:100EF80085D1304603F07CF82279D4E902310B43DE
:100F0800DBB20AB943F0400362790AB143F0200327
:100F18000E22FA258DF80D302046009502238DF813
:100F28000C2003AA217C01F0D1F900287FF467AFD7
:100F38000A2003F05DF8102200950223ADF80C207A
:100F4800204603AA217C01F0C1F900287FF457AF9D
:100F58000A2003F04DF8122100950223ADF80C1079
:100F680003AA217C204601F0B1F900287FF447AF9D
:100F78000A2003F03DF8012209212046FFF708FF67
:100F8800003818BF01203BE7F0B5102387B0234C89
:100F9800012200250126002702A920460195CDE956
:100FA80002234FF48052CDE9046709F0CFFD642095
:100FB80003F060FC02A94FF480522046CDE9046793
:100FC80002261027CDE9026709F0C0FD032210238D
:100FD80002A92046CDE9022300230422CDE90423F7
:100FE8004FF4805209F0B2FD40F23223042202A9E4
:100FF800019310232046CDE90223019A012305928B
:101008004FF48052049309F0A1FD40F606012046F2
:1010180009F0BCFD284607B0F0BD00BFF804002465
:101028001C4B00221C494FF0400C30B5054689B0D6
:101038000220596007219A601A620124DA620A22A2
:101048004FF4006EDC6006922022CDE900010420F6
:101058000821CDE9020103201021CDE9040108206F
:101068006946C3E904024FF4C072181DC3E906C2F9
:101078004FF48052C3E909E209F03EFD38B9284629
:10108800FFF782FF003818BF012009B030BD2046A5
:1010980009B030BDF404002440410052614A0021E7
:1010A800D0B513688EB00A91002B40F0B9805E4B22
:1010B80001214FF683700C2411600221D3F8D4204B
:1010C8000026032742F48052C3F8D420D3F8D42052
:1010D80002F480520092009AD3F8E02042F0100205
:1010E800C3F8E020D3F8E02002F010020192019A40
:1010F800D3F8E02042F04002C3F8E020D3F8E02023
:1011080002F040020292029AD3F8E02042F008026C
:10111800C3F8E020D3F8E02002F008020392039A13
:10112800D3F8E02042F48072C3F8E020D3F8E0203E
:1011380002F480720492049AD3F8E02042F080020C
:10114800C3F8E020D3F8E02002F080020592059A67
:10115800D3F8E02042F02002C3F8E020D3F8E020E2
:1011680002F020020692069AD3F8E02042F0040228
:10117800C3F8E020D3F8E0300C9403F0040307939D
:101188000323079A0B93CDE9080108A9274805F01E
:10119800F7F948F23712022308A925480C94CDE93B
:1011A8000823CDE90A6705F0EBF94CF20372022334
:1011B80008A920480C94CDE90823CDE90A6705F071
:1011C800DFF940F2FF62022308A91B480C94CDE91D
:1011D8000823CDE90A6705F0D3F94FF60C7202230C
:1011E80008A916480C94CDE90823CDE90A6705F04B
:1011F800C7F94FF63F02022308A911480C94CDE91C
:101208000823CDE90A6705F0BBF92022022308A9C3
:101218000A480C94CDE90A67CDE9082305F0B0F92E
:101228000EB0D0BDF004002400440258001002584B
:1012380000180258000C025800200258001C0258DE
:101248000014025830B5184C154685B0046004F1F6
:10125800080EEC460FC98EE80F00D4ED047AF5EEBF
:10126800C07A8CE80F00F1EE10FA1ADDB7EE006ACA
:1012780094ED057A27EE277AC6EE276A84ED0D7A73
:10128800C4ED0C6A6DB1204640F8185F01F0D4FD3A
:10129800064903690020064A2162A262E36005B09C
:1012A80030BD012005B030BD2C05002440200030A1
:1012B8004000003000680830704700BF00681830F0
:1012C80001F0BCBD10B4074B4FF07E513024002212
:1012D800032019619C60D8605DF8044B5961C3E92B
:1012E800062270472C05002430B585B00446002539
:1012F800ADF80C10ADF80820ADF8043002F076FE19
:10130800BDF80C204FF48073206004F1180022838C
:10131800BDF808206383E383A283257100F0D6FC1F
:1013280004F11C0000F0D2FC9FED060A019904F1BB
:10133800080000F047F84FF6FF736562238405B094
:1013480030BD00BF00000000F8B5044602F04EFEB4
:10135800002623682671834205D104F10800BDE800
:10136800F84000F049B8012794F82050206004F1B3
:101378001800BD40277100F085FD6DB2284394F830
:101388002150BD4084F8200004F11C0000F07AFDD3
:1013980094F820306DB2666203F003032843022BF1
:1013A800C0B284F8210009D000F003000228D4D18B
:1013B800002BD2D14FF0FF336362CEE78307CCD145
:1013C8006762CAE770B5044682B0C1F30726CDB29A
:1013D800ADF8041002F00AFE4FF480724FF00123BA
:1013E8002060A01DA571A280E671A36002B0BDE8CF
:1013F800704000F06BBC00BF38B5044602F0F6FD43
:10140800002223682271834210D00122A57AE37A50
:10141800954020602271A01D6DB243B900F032FDE5
:1014280040B22843C0B27F28A0720AD038BD00F06D
:1014380029FDB0FA80F040092843C0B27F28A07285
:10144800F4D102F0D3FD07EE900AF8EE677AC4ED06
:10145800037A38BD00B583B04FF0000E4FF0030C8F
:101468004274ADF80410BDF8043080F810E0A0F81C
:1014780002C0038003B05DF804FB00BF2DE9F04F04
:10148800DFF81C8300258DB0C04C037008F14003C1
:101498004260074601920E46202229464046C4F87B
:1014A8006831C4F86481CDE90255CDE90455CDE928
:1014B8000655CDE90855CDE90A550EF021FD202243
:1014C800294604F5A170C4F83151C4F83551C4F85F
:1014D8003951C4F83D510EF013FD019B84F8485270
:1014E80084F830317A68002A6AD02B4604F598715E
:1014F800454606F1100A9E46F01856F803B0E21861
:101508000EF1010ED0F80CC0D0F80490D0F8088085
:1015180044F803B0C2F80CC04FF0000CC2F80490B5
:10152800C2F80880008A25F802CB10821AF8032036
:1015380001F8012F002A70D07A684FF001001233A9
:10154800724584F84802D7D84FF4802290489DF815
:10155800043008214FF000084FF00009C4F8843126
:101568000023C4E95B020122C4F8743184F8803195
:10157800C4E95E2194F84812C4E96489A9B3C4F89F
:101588009821002284F8813184F888313B78C4E9B5
:101598006722002B38D0012200200121013B84F86A
:1015A800A421C4E96C01082B30D8DFE813F0BD0092
:1015B800C200C700CC00D100D600DB00E100E80083
:1015C8009DF804300121C4F87421C4F884314FF423
:1015D800802384F880216E4AC4E95B230823002213
:1015E800C4E95E130023C4E964230123002284F8BC
:1015F8008131002384F888310323C4F898313B787B
:10160800C4E96722002BC6D184F8A431614803F0ED
:1016180069FD034638B1FFBEFEE77A6812337245AA
:101628003FF66AAF90E702A95A48029303F0B8FE62
:101638008246002876D1042240F2FF710A90CDE953
:10164800081294F83021002A00F0F3804FF00608C1
:101658000AEBCA034FEACA0904EB43035B7C072B76
:1016680007D8DFE803F0595C5653504D4A04072366
:1016780007930FFA8AF6D14406EBC60604EB49092C
:1016880004EB46077500384600F020FB99F8103047
:10169800042B00F3AA80022B00F3BD8000F0B98070
:1016A80004EB0A03002283F8202114F81630002BDB
:1016B80078D0022B00F08A80012B40F0B2807B7832
:1016C800012B00F0B080002B334B18BF002305A975
:1016D8003048CDE9053803F031F9002840F0AC80F6
:1016E8000AF1010A94F830315FFA8AFA534540F258
:1016F800A0802A4B53F82A80AAE706230793B8E765
:1017080005230793B5E704230793B2E70323079359
:10171800AFE702230793ACE700230793A9E7012368
:101728000793A6E7FFBEFEE703224023C4E96A2326
:101738006CE707226023C4E96A2367E70F22802346
:10174800C4E96A2362E71F22A023C4E96A235DE78C
:101758003F22C023C4E96A2358E77F22E023C4E973
:101768006A2353E7FF224FF48073C4E96A234DE7E5
:1017780040F2FF124FF49073C4E96A2346E740F23F
:10178800FF324FF4A073C4E96A233FE768050024D9
:1017980000200240D40600240002B025700301088E
:1017A800404000307B78062B37D0072B3DD0022BEA
:1017B8004AD0032B4AD0002B4CD0012B48D0042B05
:1017C8004AD0052B254B18BF002380E77B78042BD4
:1017D80025D0052B2BD08BB3012B31D0022B31D048
:1017E800032B1F4B18BF002371E70323043504EBB9
:1017F8000A0B4FF0000925448BF82031284609F1DF
:10180800010900F063FA9BF8203104354B45F5DCFB
:101818004BE70123EAE70223E8E7124B57E7124BAD
:1018280055E7002353E7114B51E7114B4FE7114B95
:101838004DE70DB0BDE8F08FFFBEFEE70E4B46E763
:101848000E4B44E70E4B42E70E4B40E70E4B3EE78C
:101858000E4B3CE70E4B3AE70E4B38E70000B84F0B
:10186800002090360800900C1000C0102000F014E2
:101878008000501D000180210004002A0008302E3D
:10188800001060320040C03A0080F03E000052472D
:10189800000021430000844B38B5094C40F2FF7228
:1018A8004FF0011104F5B675284603F027FD94F8AA
:1018B8003021D4F864112846BDE8384003F092BAC4
:1018C80068050024064B0F29D3F8643198BF03EB51
:1018D80041031B8800EE103ABBEEC80A704700BFF0
:1018E80068050024214B02689A4200D07047204ABC
:1018F80000232048D2F8D81030B51F4C41F0200101
:1019080083B0C4F8D001092004F5E875C4E975036B
:101918004FF48060C2F8D810D2F8D8204FF4006194
:10192800C4E9773094F8480202F02002C4F8E411C0
:101938004FF40051984201922846C4F8E811C4E9CE
:101948007C33019B14BF00234FF48073C4F8EC313F
:1019580003F04CFF08B1FFBEFEE704F5B673C4F808
:10196800B851C4F8083203B030BD00BF00200240AF
:10197800004402584000024068050024014804F071
:10198800ADBA00BF3807002402682DE9F84F4B4B69
:101998009A4201D0BDE8F88F494D95F84832002B9E
:1019A800F8D095F83031002B77D0002405F10C09D8
:1019B80005F5A17605F59877A04613E003F0010137
:1019C80017F811BCA9F1080000F06AFABBF1010F81
:1019D80025D895F83031013409F112090236A2B23E
:1019E80093422BD917F8012F002AF4D0D5F8643187
:1019F8000021327833F81400D5F8683103EB04136A
:101A080023F81200338801339BB233805FFA83FADC
:101A18003A789A42D2D88A46A6F80080D0E7CAF324
:101A28004001A9F1040000F03BFABBF1020FCAF330
:101A38008001CED0484600F033FACAE7002395F873
:101A48004802204909229842C5F8D8314FF48060ED
:101A5800C5F8D011C5F8D4214FF400614FF40052F5
:101A6800C5F8DC3108BF4FF48073C5F8E821C5E933
:101A7800780100221448C5E97B32C5F8F42103F047
:101A8800B5FE08B1FFBEFEE795F83021D5F8641120
:101A98000E48BDE8F84F03F0A5B90A4909224FF4EA
:101AA8008060C5F8D831C5E974124FF400614FF46D
:101AB8000052C5E97730C5E97912DAE7002002401B
:101AC800680500244000024038070024D40600249A
:101AD800704700BF10B592B0ADF804100180C9B2CC
:101AE800149C0B29C460C0E901233FD090F801C0C1
:101AF800BCF10F0F3AD8022A3FD0032A02D0012A9C
:101B080000D000220E92012B02D0022B18BF002316
:101B1800022C0F932CD0032C2AD0012C28D0002380
:101B28000A29109327D85C4A02EB812202610A290C
:101B380014D8DFE801F0A39587796B5D4F41332511
:101B48000600564BD3F8E01041F48061C3F8E0106A
:101B5800D3F8E03003F480630C930C9B01230DA9A8
:101B6800104603FA0CF30D9304F00AFD12B010BDF1
:101B78000A291094D7D90022D8E711220E92C2E779
:101B8800464BD3F8E01041F40071C3F8E010D3F8E5
:101B9800E03003F400730B930B9BDFE73F4BD3F864
:101BA800E01041F48071C3F8E010D3F8E03003F49A
:101BB80080730A930A9BD1E7384BD3F8E01041F0C1
:101BC8008001C3F8E010D3F8E03003F080030993F4
:101BD800099BC3E7314BD3F8E01041F04001C3F84B
:101BE800E010D3F8E03003F040030893089BB5E712
:101BF8002A4BD3F8E01041F02001C3F8E010D3F8E5
:101C0800E03003F020030793079BA7E7234BD3F8A3
:101C1800E01041F01001C3F8E010D3F8E03003F011
:101C280010030693069B99E71C4BD3F8E01041F08C
:101C38000801C3F8E010D3F8E03003F00803059377
:101C4800059B8BE7154BD3F8E01041F00401C3F86E
:101C5800E010D3F8E03003F004030493049B7DE71D
:101C68000E4BD3F8E01041F00201C3F8E010D3F8AE
:101C7800E03003F002030393039B6FE7074BD3F8AD
:101C8800E01041F00101C3F8E010D3F8E03003F0B0
:101C980001030293029B61E70000025800440258C6
:101CA80008B5012143780069994089B204F070FEB3
:101CB800003818BF012008BD01230A464178006991
:101CC80003FA01F189B204F069BE00BF8378022BE0
:101CD80030B504468FB037D0032B33D0012B31D029
:101CE80000230A93E378012B2AD0022B28D0002363
:101CF8000B93002320460C9302F09AFC05462046DD
:101D080002F09EFC23780990082B13D8DFE803F033
:101D18001F3245586B7E91A40500594BD3F8E0203B
:101D280042F48072C3F8E020D3F8E03003F4807303
:101D38000893089B09A9284604F022FC0FB030BD7F
:101D48000B93D6E70A93CDE711230A93CAE74C4BC6
:101D580009A92846D3F8E02042F00102C3F8E020A0
:101D6800D3F8E03003F001030093009B04F008FC73
:101D78000FB030BD424B09A92846D3F8E02042F005
:101D88000202C3F8E020D3F8E03003F00203019325
:101D9800019B04F0F5FB0FB030BD394B09A928466B
:101DA800D3F8E02042F00402C3F8E020D3F8E03092
:101DB80003F004030293029B04F0E2FB0FB030BD72
:101DC8002F4B09A92846D3F8E02042F00802C3F8AF
:101DD800E020D3F8E03003F008030393039B04F0FA
:101DE800CFFB0FB030BD264B09A92846D3F8E02019
:101DF80042F01002C3F8E020D3F8E03003F01003FB
:101E08000493049B04F0BCFB0FB030BD1C4B09A924
:101E18002846D3F8E02042F02002C3F8E020D3F8A7
:101E2800E03003F020030593059B04F0A9FB0FB0F5
:101E380030BD134B09A92846D3F8E02042F04002F0
:101E4800C3F8E020D3F8E03003F040030693069B84
:101E580004F096FB0FB030BD094B09A92846D3F80A
:101E6800E02042F08002C3F8E020D3F8E03003F02D
:101E780080030793079B04F083FB0FB030BD00BFBE
:101E88000044025838B5054602F0D2FB04462846FD
:101E980002F0D6FB01462046BDE8384004F078BD84
:101EA80070B506460D4602F0C3FB0446304602F004
:101EB800C7FB2A1E0146204618BF0122BDE8704014
:101EC80004F06CBD0023122270B586B0CDE9022360
:101ED80004930368032B01D804230593061D841D6E
:101EE800304602F0A5FB0546304602F0A9FB034642
:101EF80001A92846019304F043FB204602F098FB11
:101F0800034620461C4602F09BFB01A903462046D7
:101F1800019304F035FB06B070BD00BF634A036847
:101F2800934210B58CB028D0614A934258D0614A88
:101F3800934200F09480604A934201D00CB010BDE7
:101F48005E4C5F48D4F8E03043F00203C4F8E03058
:101F5800D4F8E03003F002030A930A9BFFF7B2FFBC
:101F6800D4F8F43043F08003C4F8F430D4F8F430F3
:101F780003F080030B930B9BE0E7504C5148D4F8D7
:101F8800E03043F00203C4F8E030D4F8E03003F066
:101F980002030193019BFFF795FFD4F8E830002274
:101FA8001F2043F400131146C4F8E830D4F8E83091
:101FB80003F400130293029BD4F8D83043F00103D2
:101FC800C4F8D830D4F8D83003F001030393039B46
:101FD80003F05AFA1F200CB0BDE8104003F092BA83
:101FE800364C3948D4F8E03043F08003C4F8E03088
:101FF800D4F8E03003F080030493049BD4F8E03075
:1020080043F00203C4F8E030D4F8E03003F00203F0
:102018000593059BFFF756FFD4F8E83000222120EE
:1020280043F480031146C4F8E830D4F8E83003F4E8
:1020380080030693069BD4F8D83043F00103C4F814
:10204800D830D4F8D83003F001030793079B03F086
:102058001BFA21200CB0BDE8104003F053BA1B480E
:10206800FFF730FF154B00224820D3F8E84011460F
:1020780044F40004C3F8E840D3F8E84004F400044A
:102088000894089CD3F8D84044F00104C3F8D84019
:10209800D3F8D83003F001030993099B03F0F4F94E
:1020A80048200CB0BDE8104003F02CBA00540040A2
:1020B80000580040005C0040001C005800440258D2
:1020C800400A0024B8070024900800246809002466
:1020D8002DE9F0431A4B87B000254FF010099E46B2
:1020E800EC46184BFF22E04667461A700EF11806B8
:1020F8000EF13004CDE90055CDE90255ADF8009058
:10210800BCE80F00CDE90455AEE80F009CE80300D9
:102118000095ADF800908EE80300B8E80F000FC6F0
:102128009CE803000095ADF8009086E803000FCF07
:102138000FC49CE8030084E8030007B0BDE8F083FF
:1021480004000024B407002410B5EFF3108472B61D
:10215800084B1A78120602D504B962B610BD1B786E
:10216800D82205485BB202FB0300143003F0B6FE28
:10217800F2E700BFB4070024B8070024014805F0BF
:10218800A5BA00BF44080024014805F09FBA00BF63
:102198001C090024014805F099BA00BFF40900247D
:1021A8002DE9F0430F68D8243F4D85B007FB04F4B0
:1021B800032F05EB0403036040DCCB680E46012BBC
:1021C8003CD84DD04FF0D808B646DFF8FC9008FB55
:1021D8000758BEE80F00C446ACE80F00DEF8003030
:1021E8000DF1100ECCF80030D8F808C099E80F00AF
:1021F8000EE90F000EEB8703BCF1010F53F8103CFA
:10220800C8F88C3031D0BCF1020F42D0BCF1000FBD
:1022180035D0317C8C34D823002201202C4403FB98
:1022280007534900C3E92602C3F894102046C3E9BE
:102238002822C3E92A2205F03BF818B1012005B08D
:10224800BDE8F0830146204605F04CFA0028F5D198
:102258000146204605F070FA003818BF0120EEE765
:102268000B7C103B672BADD9E8E702F05BF80F4B0E
:1022780098420CBF0E4B0F4BC8F89030C9E702F0DC
:1022880051F80A4B98420CBF0B4B0C4BC8F89030D6
:10229800BFE702F047F8054B98420CBF084B094BC3
:1022A800C8F89030B5E700BFB8070024000E27072C
:1022B8002D0FB0303211D0205F4390608A62E03039
:1022C800200BA0101A098010F00201082DE9F04136
:1022D800D0F8008082B00D4617461E4608F18C04DF
:1022E800204605F0FBF92028FAD1D8F80C3073B94C
:1022F8006D002046089C33463A46A9B2009405F082
:102308002DF8003818BF012002B0BDE8F081089B05
:1023180032463946204605F0F5F8F2E7044B10221C
:102328001A7483F8E82083F8C02183F8982270474C
:10233800B807002430B5002395B04FF48071062209
:1023480004460B9306921393CDE90C13CDE90E3393
:10235800CDE9113301F0E8FF07282BD004F110056F
:1023680041F2883206A9284605F0F8FF28B1012372
:10237800184684F85C3015B030BD0222022306A945
:102388002846CDE9002310220123CDE902230022AB
:102398004FF48003CDE9042305224FF080730692A1
:1023A8006A460F9341F2883306F044F90028DED1DB
:1023B80015B030BD0323012084F85C3015B030BD62
:1023C80070B50023A4B04FF080724FF480750446B6
:1023D800ADF806300D93CDE910320122CDE90E5348
:1023E800CDE91223CDE91433002943D0F02300F1BD
:1023F800100508AEADF80630C02341F288323146E8
:102408002846089305F0AAFF28B10123184684F846
:102418005C3024B070BD41F288320DF106012846C7
:1024280006F006F803460028EFD105224FF4807124
:102438001E93284616924FF080721B9321931F9289
:1024480002AA9FED1F7BCDE91C13CDE922338DED48
:10245800027B9FED1D7B41F2883316A98DED047B2D
:102468009FED1B7B8DED067B06F0E4F80028CCD1B0
:1024780024B070BD00F1100508AE612341F2883226
:1024880031462846089305F069FF0028BDD141F27E
:1024980088320DF10601284606F048F80028B4D124
:1024A800BDF80630204623F0780343F04003ADF82A
:1024B8000630FFF73FFF00289ED0A6E7AFF3008065
:1024C80000000000010000001000000001000000F2
:1024D80000000000000040002DE9F04F00234FF4F9
:1024E800807501264FF0807804462DED028BABB045
:1024F8008DF8073013932193299314950E96CDF8F0
:102508005C80CDE91533CDE91863CDE91A33CDE9FF
:102518002253CDE92433CDE9273306231C9301F058
:1025280003FF072808D004F1100741F288321CA9DC
:10253800384605F013FF40B10123184684F85C3093
:102548002BB0BDEC028BBDE8F08F4FF0020A4FF0C4
:10255800020B4FF0050941F2883308AA1CA9384636
:10256800CDF89480CDF870909FED2D8BCDE908AB18
:102578004FF0000A4FF4800B8DED0A8BCDE90CABC0
:1025880006F058F80028D7D141F2883238460EA90B
:1025980005F0E4FE0028CFD1402341F288320DF146
:1025A800070138468DF8073005F042FF0028C3D1EF
:1025B80041F288330EA902AA3846CDF83890CDF8F2
:1025C8005C809FED197B8DED048BCDE906AB8DED1D
:1025D800027B06F02FF803460028ADD1CDF87090A5
:1025E8004FF00109CDF894804FF00008219308AA14
:1025F80029931CA938462295CDE92333CDE9273301
:1026080041F288338DED0A8BCDE90CABCDE9088911
:1026180006F010F8002893D0304684F85C608FE705
:102628001000000001000000400000004000000011
:102638002DE9F043624CA3B00D46046001F074FE2E
:10264800072800F0A980286823466968AA6807C394
:102658001E46AB8926F8043B3046257B677B05F090
:102668005FFEE0B9574B012D4FF00108E06123618F
:1026780014BF4FF480134FF40003C4E9058893FA9C
:10268800A3F3B3FA83F34FF48079013BC4F82490A1
:10269800C4E90B003046236205F0D6FD38B10122AB
:1026A800134684F85C20184623B0BDE8F0836623FF
:1026B8000B90139041F2883206A90693CDE90C904D
:1026C800CDE90E00CDE91100304605F047FE00289F
:1026D800E5D1992341F2883206A93046069305F0E0
:1026E8003DFE0028DBD105231C9019906A461493FF
:1026F8004FF08073219014A91D9341F288339FED08
:102708002A7BCDE91A90CDE91F008DED007B9FED66
:10271800287B30468DED027B9FED277B8DED047B7A
:1027280005F088FF0028BAD129462046FFF748FE61
:102738000028B4D12046FFF7CFFE03460028AED1CB
:10274800002FB0D1189330460027002606AA14A9F6
:10275800CDF86890CDE91F33EB2314934FF4406311
:102768001B934FF4005317934FF440431C93A0233B
:102778001693062319934FF0805321934FF040731B
:10278800CDE906671D9305F0CDFF034600288AD0E2
:10279800434684F85C8086E701230322184684F8C0
:1027A8005C2023B0BDE8F0830000000001000000B9
:1027B80010000000010000000000000000004000C0
:1027C800180B0024005000522DE9F04F8FB0414BF8
:1027D8000024026800AF9A427C63C7E90944C7E94C
:1027E8000B4403D03C37BD46BDE8F08F3A4B40F66A
:1027F80009213A48EB46D3F8D42007F11C0607F123
:10280800220A4FF0020942F480424FF00308C3F84D
:10281800D420D3F8D42002F48042BA60BA68D3F83E
:10282800E02042F04002C3F8E020D3F8E02002F0B4
:102838004002FA60FA68D3F8E02042F02002C3F8B8
:10284800E020D3F8E02002F020023A613A69D3F898
:10285800E02042F01002C3F8E020D3F8E02002F0B4
:1028680010027A617A69D3F8E02042F00202C3F8D4
:10287800E020D3F8E030F86103F002033984BB614B
:10288800174B7B60BB697B6853F8040F7B6001F0D2
:10289800CFFE7B680546186801F0D2FE16F8013BAA
:1028A800786207F124012846C7F830807B63C7E9BE
:1028B8000A9403F065FE5645E5D100225C201146D6
:1028C80002F0E2FD5C2002F01DFE3C37DD46BD460D
:1028D800BDE8F08F00500052004402580A0A090966
:1028E800740B0024114B02689A4200D07047104ABA
:1028F80070B5D2F8D4300F4C23F4804304F1180695
:10290800C2F8D43054F8040F01F092FE054620684E
:1029180001F096FE0146284603F072FFB442F1D159
:102928005C20BDE8704002F0FBBD00BF00500052C3
:1029380000440258740B0024014805F07FBF00BF13
:10294800280B0024084B1A1D981D03F1080110B428
:102958009C1C9A6603F10A02C3E91834C3E91B01F7
:102968005DF8044B5A677047180B002438B50368A4
:1029780071B9026A00F1280500F5AC74012A0CBF90
:10298800002140218BBB1D4B5722C0F858310DE068
:10299800426A00F1C00500F5E874012A0CBF002165
:1029A8004021EBB1164B5A22C0F8D0310023204603
:1029B800C4E901214FF480524FF48061636262617F
:1029C8004FF48042C4E903314FF48073C4E906230D
:1029D8004FF40033236202F009FF58B1FFBEFEE74F
:1029E800084B5822C0F8D031E0E7074B5922C0F80D
:1029F8005831DBE7C5E92044A56338BD1000024023
:102A08007000024028000240580002402DE9F043BF
:102A1800821D05468BB0031D05F10A010830CDE97A
:102A2800052305F10C02AB69CDE907010992002BDA
:102A38003DD0EB69B3FA83F84FEA58180123022214
:102A480005AE0AAF4FF006090393CDE9012356F806
:102A5800044B2B792278934216D02B68F3B1012BC3
:102A680002D1F2B10A230493204601F0E9FD03469E
:102A78002046009301F0DCFD694603F081FDBE426B
:102A8800E5D10BB0BDE8F083697963789942E4D168
:102A9800B8F1000FF3D02B68002BE0D1CDF81090DF
:102AA800E2E76378022B14BF0A230823DBE74FF021
:102AB8000108C3E7534A0368934230B505468BB013
:102AC80055D02032934252D04F4A934204D02032FC
:102AD800934201D00BB030BD4C4C4D48D4F8E03097
:102AE80043F00103C4F8E030D4F8E03003F0010308
:102AF8000593059BD4F8E03043F00803C4F8E030B0
:102B0800D4F8E03003F008030693069BD4F8E030CD
:102B180043F04003C4F8E030D4F8E03003F0400359
:102B28000793079BD4F8F03043F40003C4F8F0305F
:102B3800D4F8F03003F400030893089BFFF766FF0E
:102B4800D4F8D830296843F001032F4A3048C4F834
:102B5800D830891AD4F8D83018BF012103F00103FE
:102B68000993099B0BB0BDE83040FFF7FFBE274C27
:102B78002848D4F8E03043F00103C4F8E030D4F832
:102B8800E03003F001030093009BD4F8E03043F0F9
:102B98001003C4F8E030D4F8E03003F010030193D8
:102BA800019BD4F8E03043F04003C4F8E030D4F897
:102BB800E03003F040030293029BD4F8F03043F472
:102BC8008003C4F8F030D4F8F03003F480030393A2
:102BD800039BFFF71BFFD4F8D830296843F00103A3
:102BE800084A0C48C4F8D830891AD4F8D83018BF25
:102BF800012103F001030493049B0BB0BDE83040AE
:102C0800FFF7B4BE04580140045C01400044025878
:102C1800EC0D0024900B0024014803F05FB900BFBD
:102C2800E80C0024014803F059B900BF600D0024E6
:102C3800014803F053B900BF440F0024014803F0D2
:102C48004DB900BFBC0F00242DE9F04F0C684FF4BC
:102C58001776754F87B004FB06F6012C07EB060ABA
:102C6800C0F800A000F3A0800D468E464FF0000883
:102C7800D44669A3D3E9002369A1D1E90001CDE9CC
:102C8800022306ABCAF8508203EB8403CDE90401A2
:102C980053F810BC53F8083CCAE992880193BEE87F
:102CA8000F00ACE80F00BEE80F00ACE80F00019B76
:102CB8009EE80300CAF828B0CAF8C0308CE80300C0
:102CC8002B69042B0CD8DFE803F0737D8791030090
:102CD8004FF41773554A03FB04739A64C3F8E02052
:102CE800AA692B6A002A43D0002B4FF4177308BF38
:102CF800022203FB047318BF0322DA6201221A635B
:102D0800EA696B6A002A40D1191E4FF4177318BF7D
:102D1800012103FB0473C3E931126B69022B05D847
:102D2800434A12F80380434A52F823904FF417732A
:102D380006F128004246494603FB04740023384440
:102D480063646363E365C4F8DC30C4F8CC30C4F86A
:102D5800F430C4E90F33C4E91533C4E93533C4E9A1
:102D68003B33022307F00CFE002849D0FFBEFEE7E4
:102D7800191E4FF4177318BF012103FB0473C3E92D
:102D88000B12EA696B6A002ABED0002B4FF4177346
:102D980008BF022203FB047318BF0322C3F8C42030
:102DA8000122C3F8C820B8E7012007B0BDE8F08FBA
:102DB8004FF417734FF4FA5203FB04739A64C3F881
:102DC800E0208DE74FF417734FF47A5203FB047336
:102DD8009A64C3F8E02083E74FF417734FF4FA427C
:102DE80003FB04739A64C3F8E02079E74FF4177380
:102DF8004BF6803203FB04739A64C3F8E0206FE754
:102E080006F1C000022342464946384407F0B8FD9F
:102E18000028CAD0FFBEFEE704580140045C014008
:102E280024580140245C0140900B002400770100E5
:102E3800B0030108B40301080068704703681B6900
:102E4800042B05D8044A02EB830393ED000A70476C
:102E58009FED020A704700BFC003010800803B478E
:102E68001F4BC1680268F0B5D3F88C5083B0036972
:102E7800ADB24D1BA2B1AB4212D00446866811D246
:102E8800F018E91ACDE9001000F0EAFF0023DDE9A7
:102E98000010D4E90062B047E3682561AB421BD05B
:102EA80003B0F0BDF018C91ACDE9000100F0D8FF51
:102EB8000023DDE90001D4E90072B847304629460D
:102EC80000F0CEFF00233046626829462668B047E6
:102ED800E3682561AB42E3D10023236103B0F0BD71
:102EE800000002402DE9F84F04460F4690461E4662
:102EF80000F13405284608F077F82028FAD14FF475
:102F080080630020C4F8D030C4F848314FF440330F
:102F1800C4F8CC00C4F8E030C4F858314E4BC4F8BB
:102F2800DC00C4F8C03003F57A73C4F8E400C4F8D0
:102F380038314023C4F8C800C4F84031E369C4F804
:102F48004401C4F85401C4F85C01C4E93500C4E97B
:102F58005300072B0BD8DFE803F061535A373E457F
:102F68004C045123C4F8C4305223C4F83C3104F54E
:102F78009C79484602F03AFC08B1FFBEFEE7C4F867
:102F8800A890C4F87051EFF3108972B6DFF8D0B08A
:102F980094F91C30DFF8CCA08BF800300A9B2F4C3A
:102FA800CAF800300B9B23600EB11846B0471FFAD1
:102FB80088F23946284607F001FEB0BBB9F1000F88
:102FC80000D162B6BDE8F88F3F23C4F8C43040236F
:102FD800C4F83C31CBE74123C4F8C4304223C4F8D9
:102FE8003C31C4E74723C4F8C4304823C4F83C3113
:102FF800BDE74F23C4F8C4305023C4F83C31B6E7CA
:103008002B23C4F8C4302C23C4F83C31AFE72D235C
:10301800C4F8C4302E23C4F83C31A8E72923C4F8E7
:10302800C4302A23C4F83C31A1E7FF238BF80030D1
:103038000023CAF8003023600A9B3BB10B9801219A
:1030480098470120B9F1000FBCD1BAE70120B9F1C6
:10305800000FB7D1B5E700BF88000240801F0024E9
:103068007C1F0024781F00242DE9F84F04460F46E2
:1030780090461E4600F13405284607F0B5FF202883
:10308800FAD14FF480630020C4F8D030C4F8483136
:103098004FF44033C4F8CC00C4F8E030C4F85831D9
:1030A8004E4BC4F8DC00C4F8C03003F57A73C4F89A
:1030B800E400C4F838314023C4F8C800C4F84031EB
:1030C800E369C4F84401C4F85401C4F85C01C4E9D4
:1030D8003500C4E95300072B0BD8DFE803F0615330
:1030E8005A373E454C045123C4F8C4305223C4F81F
:1030F8003C3104F1C009484602F078FB08B1FFBE34
:10310800FEE7C4F8AC90C4F8F850EFF3108972B633
:10311800DFF8D0B094F91C30DFF8CCA08BF8003081
:103128000A9B2F4CCAF800300B9B23600EB118463F
:10313800B0471FFA88F23946284607F091FDB0BB20
:10314800B9F1000F00D162B6BDE8F88F3F23C4F88B
:10315800C4304023C4F83C31CBE74123C4F8C43021
:103168004223C4F83C31C4E74723C4F8C430482399
:10317800C4F83C31BDE74F23C4F8C4305023C4F829
:103188003C31B6E72B23C4F8C4302C23C4F83C31B7
:10319800AFE72D23C4F8C4302E23C4F83C31A8E788
:1031A8002923C4F8C4302A23C4F83C31A1E7FF23FB
:1031B8008BF800300023CAF8003023600A9B3BB12B
:1031C8000B98012198470120B9F1000FBCD1BAE74B
:1031D8000120B9F1000FB7D1B5E700BF8800024060
:1031E800801F00247C1F0024781F00242DE9F04153
:1031F8000D4682B0EFF3108772B6002948D1FF233D
:10320800254A264C237013682BB1002029461060EC
:10321800234A1068984723781B0625D5DFF888804D
:103228000025204E444605E001351C3406F5D876C5
:10323800092D19D0A369012B1BD0002BF4D12168CB
:1032480030460029F0D06369019323690093E3684D
:103258002289FFF709FF0028E6D1C5EBC50508EB71
:10326800850348F82500586007B962B602B0BDE882
:10327800F08161680029D7D06369304601932369DA
:103288000093E3682289FFF72DFE0028CCD1E4E7FC
:1032980009F0A6F9B3E700BF781F00247C1F0024BB
:1032A800801F0024481000244C000024F0B500239F
:1032B80087B0022204460493CDE90223027EC36943
:1032C8000B2A4FEA430523D1A27E0B2A02D1002004
:1032D80007B0F0BD48496B1C484851F82330457881
:1032E80001781878E67E884269D0824277D0D8780B
:1032F80003F1030C81426ED0824278D0987903F1B1
:10330800060C88426FD0824233D0012007B0F0BD4E
:10331800394B3A4853F8253001784678187894F8AC
:1033280019C081423DD0824241D0D87803F1030EC2
:10333800814240D082424AD0987903F1060E8842F1
:1033480041D08242E1D1DB796345DED1734604F195
:1033580018069B783046059301F06AF90346304613
:103368001E4601F06DF901A90190304603F008F9F5
:10337800AAE7DB79B342C8D163461A349B78204662
:10338800059301F055F9034620461C4601F058F90B
:10339800034601A92046019303F0F2F8002007B084
:1033A800F0BD93F801E0B645BFD08242BDD1587850
:1033B8006045BAD1CBE71F79B742BBD1BCE75F788C
:1033C800AF4292D193E7D979B142BAD19DE7187942
:1033D8006045B1D1BAE71F79AF428DD18EE75878F1
:1033E800B04284D1C9E7D979A9428CD18DE718793F
:1033F800B04283D1C0E700BF64010024600100240B
:103408007E4A03689342F0B58FB000F0E380A2F5DE
:103418004C42934200F0E08002F58062934200F053
:10342800DD8002F58062934200F0DA8002F5806266
:10343800934200F0D98002F54442934200F0D280D2
:10344800A2F51C42934200F0D18002F580629342BB
:1034580000F0CE806A4A934240F0CC800826694D3D
:103468004FF4D87404FB0654A07E01F0F1F8207ED6
:1034780001F0EEF8E369082B13D8DFE803F03B49C5
:10348800576573818F9D05005F4BD3F8F42042F098
:103498000802C3F8F420D3F8F43003F008030893C3
:1034A800089B2046FFF702FF012801D1FFBEFEE777
:1034B8004FF4D8740EAA554F0DF1240C04FB065492
:1034C800E36902EB43050FCFACE80F003B6800222D
:1034D800ACF80030114635F9140C01F0D5FFE3695A
:1034E8000EAA02EB430333F9140C0FB0BDE8F04009
:1034F80002F008B8444BD3F8F02042F01002C3F8A9
:10350800F020D3F8F03003F010030093009BC8E7D5
:103518003D4BD3F8E82042F40032C3F8E820D3F852
:10352800E83003F400330193019BBAE7364BD3F834
:10353800E82042F48022C3F8E820D3F8E83003F406
:1035480080230293029BACE72F4BD3F8E82042F488
:103558000022C3F8E820D3F8E83003F400230393EB
:10356800039B9EE7284BD3F8E82042F48012C3F867
:10357800E820D3F8E83003F480130493049B90E721
:10358800214BD3F8F02042F02002C3F8F020D3F802
:10359800F03003F020030593059B82E71A4BD3F81C
:1035A800E82042F08042C3F8E820D3F8E83003F07E
:1035B80080430693069B74E7134BD3F8E82042F048
:1035C8000042C3F8E820D3F8E83003F0004307933B
:1035D800079B66E7002642E7012640E702263EE70A
:1035E80003263CE705263AE7042638E7062636E7A9
:1035F800072634E700239B7EFFDE00BF0010014052
:10360800000C005848100024004402580003010828
:103618002DE9F04F91B0002301223F490DF1240A12
:1036280009938B4601F11C09CAF8143001F13808D6
:10363800CDF800A001F15407CDF804A001F17006FF
:10364800CDF808A001F18C05CDF80CA001F1A80473
:10365800CDF810A001F1C40ECDF814A001F1E00CD2
:10366800CAE90133CAE903330F92FF222B4BCDE994
:1036780006AA1A70BAE80F00ABE80F009AE807002C
:10368800009B8BE807009B46BBE80F00A9E80F00EA
:103698009AE80700019B89E807009946B9E80F00F6
:1036A800A8E80F009AE80700029B88E807009846F8
:1036B800B8E80F000FC79AE80700039B87E80700E0
:1036C8001F460FCF0FC69AE80700049B86E807003D
:1036D8001E460FCE0FC59AE80700059B85E8070030
:1036E8001D460FCD0FC49AE80700069B84E8070023
:1036F8001C460FCCAEE80F00079B9AE807001C4653
:103708008EE807000FCCACE80F009AE807008CE8B9
:10371800070011B0BDE8F08F4C0000247C1F002486
:1037280010B5094C04F1340007F06CFB237D1BB184
:10373800636BDB69DB0600D410BD2046FFF790FB06
:10374800636B10221A6210BD4810002410B50B4C90
:1037580004F5F27007F056FB94F8C43123B1D4F89D
:10376800E431DB69DB0600D410BD04F5D870FFF73F
:1037780077FBD4F8E43110221A6210BD48100024F7
:1037880010B50B4C04F5657007F03CFB94F87433E6
:1037980023B1D4F89433DB69DB0600D410BD04F5FB
:1037A8005870FFF75DFBD4F8943310221A6210BDED
:1037B8004810002410B50B4C04F2445007F022FBCB
:1037C80094F8243523B1D4F84435DB69DB0600D4FA
:1037D80010BD04F5A260FFF743FBD4F8443510226E
:1037E8001A6210BD4810002410B50B4C04F2F460A6
:1037F80007F008FB94F8D43623B1D4F8F436DB6923
:10380800DB0600D410BD04F5D860FFF729FBD4F817
:10381800F43610221A6210BD4810002410B50B4C63
:1038280004F6A40007F0EEFA94F8843823B1D4F82B
:10383800A438DB69DB0600D410BD04F50760FFF788
:103848000FFBD4F8A43810221A6210BD48100024C7
:1038580010B50B4C04F6542007F0D4FA94F8343A17
:1038680023B1D4F8543ADB69DB0600D410BD04F563
:103878002260FFF7F5FAD4F8543A10221A6210BD04
:103888004810002410B50B4C04F6044007F0BAFAAF
:1038980094F8E43B23B1D4F8043CDB69DB0600D49C
:1038A80010BD04F53D60FFF7DBFAD4F8043C1022A4
:1038B8001A6210BD4810002410B50B4C04F6B45021
:1038C80007F0A0FA94F8943D23B1D4F8B43DDB692D
:1038D800DB0600D410BD04F55860FFF7C1FAD4F830
:1038E800B43D10221A6210BD4810002410B5EFF341
:1038F800108472B6084B1A78120602D504B962B65B
:1039080010BD1B784FF4D87204485BB202FB030069
:10391800C03002F0E3FAF1E77C1F002448100024CD
:1039280010B5EFF3108472B6094B1A78120602D557
:1039380004B962B610BD1B784FF4D87205485BB263
:1039480002FB030000F59C7002F0C8FAF0E700BF24
:103958007C1F0024481000240021FFF747BC00BF4B
:10396800214A036893422BD0A2F54C42934229D0B6
:1039780002F58062934227D002F58062934225D0F7
:1039880002F58062934223D002F54442934221D04B
:10399800A2F51C4293421FD002F5806293421DD0CB
:1039A800124A93421CD108224FF4D871104B01FBE4
:1039B8000233197D11B11846FFF752BAFFF716BC4A
:1039C8000022F1E70122EFE70222EDE70322EBE70D
:1039D8000422E9E70522E7E70622E5E70722E3E70D
:1039E80000231B7DFFDE00BF00100140000C0058C3
:1039F80048100024204A0368934229D0A2F54C427B
:103A0800934227D002F58062934225D002F5806266
:103A1800934223D002F58062934221D002F54442BA
:103A280093421FD0A2F51C4293421DD002F580623A
:103A380093421BD0114A93421AD1082310484FF4DD
:103A4800D87202FB0300037D03B97047FFF708BA79
:103A58000023F3E70123F1E70223EFE70323EDE770
:103A68000423EBE70523E9E70623E7E70723E5E770
:103A780000231B7DFFDE00BF00100140000C005832
:103A8800481000240121FFF7B1BB00BF2DE9F04128
:103A98004F684FF4D876DFF8C0808E4607FB06F6ED
:103AA8000C46082F08EB0605056005F1180CBEE862
:103AB8000F00ACE80F009EE807008CE8070002D86A
:103AC8006B6A022B02D90120BDE8F0812A6A032A19
:103AD800F9D8A96A0229F6D8E86A0228F3D8013188
:103AE800DFF878C0343689005CF8277046446F6385
:103AF800A469A9641549AC6351F823306B64144B6D
:103B080053F82230134A2B64002352F82010012264
:103B18003046EB65E963C5E91333C5E9153208F0AA
:103B28005FFD0028CFD10146304608F0B1FD0028DE
:103B3800C9D10146304608F0F9FD0028C3D1304606
:103B480008F088FD0028BED12875BDE7F8030108F4
:103B5800040401081404010848100024D4030108CF
:103B68002DE9F041174C006894F800C01CF0800F54
:103B7800DDE9066720D10D4696461C46C069EFF37D
:103B8800108272B6104BC0EBC0004FF00008012144
:103B980003EB800C8000CCF8045043F80080ACF8AC
:103BA80008E0CCF81470CCF81810CCE9034602B938
:103BB80062B60020BDE8F081CDE90667BDE8F041B6
:103BC800FFF790B97C1F00244C000024534B0122BE
:103BD800002047F6122130B4C3E97420C3E97721E5
:103BE800C3E9E020C3E9E3211A62DA625862196383
:103BF800C3F83025C3F83405C3F83C25C3F840158D
:103C0800C3F8E026C3F8E406C3F8EC26C3F8F016B8
:103C1800C3F89028C3F89408C3F89C28C3F8A018E0
:103C2800C3F8402AC3F8440AC3F84C2AC3F8501A08
:103C3800C3F8F02BC3F8F40BC3F8FC2BC3F8001C33
:103C4800C3F8A40D3648C3F8A02DC3F8AC2DC3F8AB
:103C5800B01D0288837833490068334CCA804FEA24
:103C6800104C0B723149E2802372A1F80320A4F8AA
:103C7800032063714B712E4CCA800B722D492E4D57
:103C8800E2802372A1F80320A4F8032063714B712A
:103C98002A4CCA800B722A49EA8008802B7281F864
:103CA80002C0E2802372A1F803204B71CA800B7214
:103CB8002449A1F803204B71CA800B722249A1F84C
:103CC80003204B71CA800B722049088081F802C01A
:103CD800A1F803204B71CA800B721D49088081F836
:103CE80002C0A1F803204B71CA800B7219490880E1
:103CF80081F802C01848A1F803204B71CA800B72E2
:103D08001649A0F803204371C2800372A1F803206A
:103D18004B71CA800B7230BC704700BF481000243A
:103D280060010024E80100240C02002400020024A1
:103D38002402002418020024F4010024D0010024E5
:103D4800A81F002430020024DC010024841F002462
:103D58009C1F0024901F00245401002448010024C3
:103D68003E4B00220B20114610B5D3F8D84082B044
:103D780044F00104C3F8D840D3F8D84004F0010453
:103D88000094009CD3F8D84044F00204C3F8D8400B
:103D9800D3F8D83003F002030193019B01F074FBC0
:103DA8000B2001F0AFFB00220C20114601F06CFB48
:103DB8000C2001F0A7FB00220D20114601F064FB46
:103DC8000D2001F09FFB00220E20114601F05CFB44
:103DD8000E2001F097FB00220F20114601F054FB42
:103DE8000F2001F08FFB00221020114601F04CFB40
:103DF800102001F087FB00223C20114601F044FB13
:103E08003C2001F07FFB00221120114601F03CFB11
:103E1800112001F077FB00223820114601F034FB15
:103E2800382001F06FFB00223920114601F02CFBED
:103E3800392001F067FB00223A20114601F024FBEB
:103E48003A2001F05FFB00223B20114601F01CFBE9
:103E58003B2002B0BDE8104001F054BB00440258BA
:103E680020F01F002031BFF34F8F002907DD064ADD
:103E78000144C2F85C0220300B1A002BF9DCBFF3B6
:103E88004F8FBFF36F8F704700ED00E0704700BFA2
:103E980008B500F0DDFCBDE8084001F0BDBB00BF7F
:103EA800064808B503680BB102F07CFD04480368B6
:103EB8001BB1BDE8084003F06BBC08BDC02300245B
:103EC800B81F0024064808B503680BB102F06AFD64
:103ED800044803681BB1BDE8084003F059BC08BD9D
:103EE800C0230024B81F0024064808B503680BB196
:103EF80002F058FD044803681BB1BDE8084003F010
:103F080047BC08BDC0230024B81F0024364BDA6A1A
:103F1800520062D59A6A9A6A9A6A9B6A180600D50C
:103F280000BE314B9B6A990600D500BE2E4B9B6A9A
:103F3800DA0600D500BE2C4B9B6A1B0700D500BED5
:103F4800294B9B6A980700D500BE274B9B6AD90767
:103F580000D500BE244B9B6A1A0400D500BE224B34
:103F68009B6A9B0400D500BE1F4B9B6AD80400D5F2
:103F780000BE1D4B9B6A190500D500BE1A4B9B6AF3
:103F88005A0500D500BE184B9B6A9B0500D500BE9C
:103F9800154B9B6AD80500D500BE134B9B6A990147
:103FA80000D500BE104B9B6ADA0100D500BE0E4B4F
:103FB8009B6A1B0300D500BE0B4B9B6A580300D5B8
:103FC80000BE094B9B6A990300D500BE064B9B6A4D
:103FD800DA0306D400BE00BEFEE7DB6A9B07FAD50B
:103FE800F8E700BEF6E700BF00ED00E000F03CBCDB
:103FF80000F040BC0A4B9B6803F17843B3F5003FDF
:104008000BD3084B986848B19868012806D098687F
:10401800022803D09B68032070470120704700BF27
:1040280000ED00E0000080382DE9F041CEB00446F4
:104038004C2200210AA80BF063FF2022002102A8CD
:104048000BF05EFFBC2200211EA80BF059FF0220D6
:1040580004F012F82368012B4FF0000354D0534AA0
:1040680002250193C820D16A514B21F00101D16288
:10407800D26A02F0010201929A6942F440429A61BE
:104088009B6903F440430193019B494A93699B044C
:10409800FCD548490224002201268B6A04274FF0E8
:1040A800080823F0030323438B62052316900AA80C
:1040B80018934FF480331096179419941597CDF8E8
:1040C8006880CDE91B222122CDE91344CDE90A23DA
:1040D80004F0BCFC00B1FEE73F220323294602A8F6
:1040E800CDE9022300220823CDE9042340224023FE
:1040F800CDE9062340234FF48062CDE9082304F07C
:10410800D3FF0346B8B1FEE7294A04250093F020FF
:104118009169264B41F440419161926902F4404211
:104128000092DA6A42F00102DA62DB6A03F0010304
:104138000093009BA9E720224FF4805125934FF468
:1041480040152B9280222D931EA8309326913591ED
:104158004FF48071249234920C223394439140F2AC
:10416800271120921022CDF884802A971F96CDE936
:104178002E34CDE93B334FF48033CDE922463193D9
:10418800002446930623CDE93E4527934FF48063E8
:10419800094C2C931E94CDE9281205F0E1F900B1E1
:1041A800FEE703F08FFF4EB0BDE8F0810004005831
:1041B80000480258004402580F130F0370B584B02A
:1041C800012401F0D7F94FF480764FF04052194B93
:1041D80068460025ADF800400396CDE9012301F0BB
:1041E800E7F919224FF0404368468DF808200193FB
:1041F8008DF80F40ADF80D608DF801408DF80A502C
:1042080001F0D6F902230B2268468DF80F508DF87D
:1042180001304FF062538DF808200193ADF80D403E
:104228008DF80A4001F0C4F9042001F0B1F904B096
:1042380070BD00BF0E00010330B50D46044685B0C1
:10424800D1E9000184E8030000F0D2FAAB79A3B306
:10425800FFF786FDFDF73CFF0AF054F9FFF7D8F9A0
:104268002B798BBB6B799BB1BFF34F8FBFF36F8FEC
:104278002A4B0022C3F85022BFF34F8FBFF36F8F32
:104288005A6942F400325A61BFF34F8FBFF36F8F00
:104298004FF0FF320023002400256946204802928F
:1042A8008DF80C30CDE900450AF04CFD1C480AF0A9
:1042B800B1FD09F057FD05B030BD2046FFF7B4FE4B
:1042C8002046FFF77BFFC3E7144C0023C4F8843073
:1042D800BFF34F8FD4F8801043F6E07EC1F34E3C15
:1042E800C1F3C9014FEA4C1C0CEA0E000B4640EA28
:1042F8008372013BC4F860225A1CF8D1ACF1200C3F
:104308001CF1200FF0D1BFF34F8F636943F4803362
:104318006361BFF34F8FBFF36F8FA3E700ED00E03A
:10432800B41F002404F0F0BF1C4B9B6803F17842D3
:10433800B2F5003F25D3B3F5803F20D303F16042A7
:10434800B2F5003F1FD303F15C42B2F5002F1CD336
:1043580003F17042B2F5902F19D303F14842B2F538
:10436800803F16D303F18042B2F1806F13D303F17B
:10437800E043B3F5000F2CBF082007207047012049
:1043880070470020704702207047032070470420C0
:104398007047052070470620704700BF00ED00E019
:1043A80003480023034A044903600BF095BD00BF8E
:1043B800B41F002400000024953E000810B4204CCF
:1043C8000022204B83B0D4F888101F4841F47001B4
:1043D800C4F8881019681D4C41F0010119601A6170
:1043E800196808401A4918609A61DA611A629A6273
:1043F800DA621A635A639A63DA631A645A64186849
:1044080020F4802018601A66D3F8DC2042F060425D
:10441800C3F8DC20D3F8DC300193019B23681940F2
:10442800B1F1005F03D20B4B0122C3F80821044B02
:104438004FF000629A6003B05DF8044B704700BF0C
:1044480000ED00E0004402587FEDF6EA0010005C41
:104458000000FFFF0080005100F57171D0F80404DE
:1044680009F068B8C1EBC10300EB8303D0F804047A
:10447800D3F8082209F08CB8C1EBC10300EB830321
:10448800D0F804049A6C09F0C1B800BFD0F804044D
:1044980009F060B9C16810B5044619B1022900D005
:1044A800FEE70121D4F8040409F03EF9D4F8040425
:1044B800BDE8104009F010B910B50446D0F804045E
:1044C80009F036F92268D2F8003E43F00103C2F839
:1044D800003E236A23B1034A136943F006031361BC
:1044E80010BD00BF00ED00E0D0F8040409F02AB9BF
:1044F800D0F8040409F03EB9D0F8040409F038B93A
:10450800D0F8040409F038B9D0F8040409F036B931
:104518009446D0F898021A4608B5634603F09CFC06
:10452800032802D8024B185C08BD022008BD00BF52
:1045380030040108D0F8980208B503F01BFD0328E1
:1045480002D8024B185C08BD022008BD30040108DF
:10455800D0F8980208B503F051FD032802D8024BA1
:10456800185C08BD022008BD300401080A06D0F80E
:10457800983206D4C1EBC10103EB810191F8FE0129
:10458800704701F07F01C1EBC10103EB810191F894
:104598003E007047D0F8980208B503F047FC03289E
:1045A80002D8024B185C08BD022008BD300401087F
:1045B800D0F8980208B503F0B5FC032802D8024BDE
:1045C800185C08BD022008BD30040108D0F8980224
:1045D80008B503F07FFC032802D8024B185C08BD1D
:1045E800022008BD30040108D0F8C00209F074BBED
:1045F800D0F8C00209F088BBD0F8C00209F090BB1F
:10460800704700BFD0F8C00209F076BBD0F8C002EE
:1046180009F076BBD0F8D00308B502F083FD032873
:1046280002D8024B185C08BD022008BD34040108FA
:10463800024B027853F82200704700BF5804010863
:10464800024B427833F81200704700BF3804010863
:104658008CB00A2814D8DFE800F01523313F4D5BF1
:104668006977859306004D4BD3F8E02042F48062C9
:10467800C3F8E020D3F8E03003F480630B930B9B7E
:104688000CB07047454BD3F8E02042F00102C3F864
:10469800E020D3F8E03003F001030193019BEFE73A
:1046A8003E4BD3F8E02042F00202C3F8E020D3F8F2
:1046B800E03003F002030293029BE1E7374BD3F8A3
:1046C800E02042F00402C3F8E020D3F8E03003F021
:1046D80004030393039BD3E7304BD3F8E02042F065
:1046E8000802C3F8E020D3F8E03003F0080304938D
:1046F800049BC5E7294BD3F8E02042F01002C3F829
:10470800E020D3F8E03003F010030593059BB7E7EA
:10471800224BD3F8E02042F02002C3F8E020D3F87F
:10472800E03003F020030693069BA9E71B4BD3F860
:10473800E02042F04002C3F8E020D3F8E03003F074
:1047480040030793079B9BE7144BD3F8E02042F004
:104758008002C3F8E020D3F8E03003F08003089328
:10476800089B8DE70D4BD3F8E02042F48072C3F824
:10477800E020D3F8E03003F480730993099B7FE7C6
:10478800064BD3F8E02042F40072C3F8E020D3F8D7
:10479800E03003F400730A930A9B71E7004402585F
:1047A800704700BF0F4B1B780BB90120704710B53D
:1047B80004464FF47A700C4AB0FBF3F31068B0FB70
:1047C800F3F000F0C1FE0F2C00D808B1012010BD95
:1047D800002221464FF0FF3000F056FE034B002028
:1047E8001C6010BD440200243C020024480200243E
:1047F80038B50320124D00F035FE124C04F0B4FB1E
:10480800114A12499369C3F30323CB5C03F01F03D6
:1048180020FA03F30E202B60926902F00F028A5CE3
:1048280002F01F02D3402360FFF7BCFF10B1012440
:10483800204638BD0446FFF7B3FF204638BD00BF09
:104848003C020024400200240044025820040108CD
:10485800034A044B11681B780B441360704700BF70
:104868008426002444020024014B1868704700BFC6
:104878008426002438B50446FFF7F6FF0546631C76
:1048880002D0044B1B781C44FFF7EEFF431BA342E6
:10489800FAD338BD44020024014B1868000C704755
:1048A8000010005C704700BF806B08B5FFF7FAFF87
:1048B80008BD00BF836B5A6D12F0500F5A6D10B5CA
:1048C8001DD1196842F400725A650A6812F0080F7F
:1048D800CA681BD012F4406F0DD1CA6894040AD478
:1048E8005A6D22F480725A655A6DD10403D45A6DF8
:1048F80042F001025A651846FDF746F810BDD20687
:104908000AD4DB6CBDE81040DB6C18479007E7D091
:104918001846FDF739F8F1E71846FDF7D9F810BD44
:10492800806B08B5436D43F040034365836D43F0E6
:1049380004038365FDF7CCF808BD00BFF0B500227D
:1049480083B0019290F85020012A00F01C810346A0
:1049580001201A6883F850009468640700F18A807F
:104968000C68C4F31305002D40F08F80C4F38464F1
:10497800A0404D684FF01F0ED6694FEA951C304392
:104988000CF00C0CD06105F01F0002F130058440DA
:104998000EFA00FE5CF8050020EA0E0004434CF80D
:1049A8000540906840076ED4956815F0080547D112
:1049B8000C68072002F11406B94F4FEAD45CC4F31F
:1049C80004540CF0040C00FA04FE886800FA04F49D
:1049D8005CF8060020EA0E0020434CF80600386810
:1049E80000F07040B0F1805F00F0C580D068D668F4
:1049F800C70600F1E880C6F382064869760000FA27
:104A080006F60F69042F00F0C18002F160040868FF
:104A180054F827C000F0F8400CF0004C40EA0C00B5
:104A2800304344F82700487E0E69012854F82600D0
:104A380008BF4FF0004520F00040054344F82650D9
:104A48009068C40714D4CE68086806F01807954C17
:104A5800D2F8C050FC40C0F31307044025EA07050C
:104A68002C43C2F8C040904CA64246D0002816DB22
:104A7800002003E05A6D42F020025A65002283F8B4
:104A8800502003B0F0BD9068DAE794FAA4F5B5FABF
:104A980085F5C4F3846405F01F05A84069E78349D8
:104AA8008A4200F0B68001F580718A4200F0B18038
:104AB8007F4D804CA968A46801F0E076E44304F0D7
:104AC8000104002C00F0B4807B4CA04200F0FC8074
:104AD8007A4CA04200F01A81794CA042C8D1490210
:104AE800C6D474498A42C3D1AA68002022F0E07271
:104AF800324342F48002AA60C0E7002F6AD090FADD
:104B0800A0F4B4FA84F4013404F01F04092C00F270
:104B1800A48090FAA0F4B4FA84F490FAA0F5B5FA57
:104B280085F5013401260135A40605F01F0504F0BA
:104B3800F84406FA05F52C4390FAA0F0B0FA80F094
:104B4800304400F01F0000EB400000052043C60D74
:104B580002F11405C0F30450072406F0040604FA11
:104B680000F7745924EA07048F6807FA00F0204315
:104B7800705108687AE7D6684869C6F382067600F5
:104B880000FA06F63DE7022003B0F0BD106E0C688F
:104B980000F0F840A506B0EB846F30D0506E00F0FE
:104BA800F840854226D0906E00F0F84085422BD020
:104BB800D06E00F0F84085427FF442AFD06E20F00E
:104BC8000040D0663CE77608486906F0080600FA17
:104BD80006F616E7800E441C04F01F06092E2DD891
:104BE800A406012004F0F844B040044306EB460054
:104BF8000005ABE7506E20F000405066D3E7106E1A
:104C080020F000401066C9E7906E20F000409066E2
:104C1800CEE7264C2B4D04F58074A96854F8F86C3F
:104C2800A468344301F0E076E44304F0010448E763
:104C38005A6D012042F020025A651FE706EB460034
:104C4800A50601241E3805F0F84504FA06F6000505
:104C5800354340F00070284379E790FAA0F5B5FA9B
:104C680085F590FAA0F4B4FA84F4013501260134EC
:104C7800AD0604F01F0405F0F84506FA04F42543D0
:104C880090FAA0F4B4FA84F4344404F01F0404EB5A
:104C98004404A4F11E00000540F00070DBE700BFEB
:104CA8000010005CFFFF0F000000FF4700200240DB
:104CB8000063025800600258000084CB000052C70D
:104CC8000000B8CF0023024008023FF5D1AE1749D3
:104CD8008A427FF4CDAE164AA9681268154821F0B9
:104CE800E07192093143A0FB020241F400019209EC
:104CF800A96052000192019A002A3FF4B9AE019AC4
:104D0800013A0192019A002AF9D1B1E611F08070B6
:104D18007FF4AEAE05498A427FF4AAAEAA6822F0B3
:104D2800E072324342F08072AA60A7E6006002583F
:104D38003C020024632D3E0503689A68D20701D51A
:104D4800002070479968214A114270B5044608D07E
:104D5800636D012043F010036365A36D0343A365EE
:104D680070BD99681A4A0A4042F001029A60FFF73A
:104D78007BFD2368174A054693421ED002F58072D0
:104D880093421AD0144A9268114E0AE09A68324047
:104D980042F001029A60FFF767FD401B0228D7D84E
:104DA80023681A68D2070FD49A68D107EED5FFF79F
:104DB8005BFD401B0228F3D9CAE7084A9268D0066F
:104DC800E2D0074A9342DFD1002070BD3F00008047
:104DD800C0FFFF7F0020024000630258002302400A
:104DE800002102402DE9F0413A4D044600680F4683
:104DF8001646A84219D0384B984216D0374DAB68A2
:104E08008068420716D494F85020012A12D003F083
:104E18001F080122B8F1090F84F850200DD900238A
:104E2800012084F85030BDE8F0812D4DAB688068D2
:104E38004207E8D50220BDE8F08140F2212323FA99
:104E480008F3DB4313EA0205E9D12046FFF774FFB4
:104E5800002839D1626D234B2168134043F48073D5
:104E68006365B8F1000F02D01B4B994203D0636D04
:104E780023F480136365636D13F4805328D0A36D06
:104E880023F00603A365E06C3346174D3A464031DC
:104E9800C563164D0564164DC5641C2541F8405C74
:104EA800002584F8505051F83C5C45F0100541F855
:104EB8003C5C00F059FE22680E4B91680B4043F0B1
:104EC80004039360BDE8F08184F85050BDE8F08198
:104ED800A365D8E700200240002102400063025881
:104EE80000230240FEF0FFFFBD480008B14800085B
:104EF80029490008C0FFFF7F38B503689A68910701
:104F080002D59B68002038BD9A68D20723D59A68D5
:104F1800044602F00D02012A08D0636D012043F017
:104F280010036365A36D0343A36538BD9868032127
:104F38000A4A024042F002029A601960FFF794FCA4
:104F4800054604E0FFF790FC401B0228E5D82368DB
:104F58009B68DB07F6D4002038BD00BFC0FFFF7F89
:104F680038B5574A04460368934226D002F5807242
:104F7800934222D0534B9B6813F4403F22D004F055
:104F8800ADF963680546B3F5003F00F08880B3F5D6
:104F9800403F70D0B3F5803F00F08180FFF77CFC84
:104FA80041F2030398422DD8474B9D425DD92268B0
:104FB800936843F48073936038BD444B9B6813F443
:104FC800403FDCD14FF4002005F054FA63680546F1
:104FD800B3F5101F6DD008D8B3F5E01F55D01AD916
:104FE800B3F5001FDAD14509D8E7B3F5201F4AD039
:104FF800B3F5301FD2D1FFF74FFC41F203039842BB
:1050080033D92D0A324B9D421DD82268936823F468
:105018004073936038BDB3F5801F06D00AD9B3F545
:10502800A01F02D0B3F5C01FB8D19B0C5B00B5FB25
:10503800F3F5B3E7B3F5002FF7D023F40022B2F568
:10504800802FF2D0AAE7234B234A2B4493421ED940
:10505800224B234A2B449342226893682BD823F48B
:10506800407343F40073936038BD2268936823F457
:105078008073936038BD8508FFF70EFC41F2030387
:105088009842BFD890E7C50988E7050986E72268EE
:10509800936823F4407343F48073936038BD1B0C0A
:1050A800B5FBF3F5FFF7F8FB41F203039842A9D8E3
:1050B8007AE7850972E743F44073936038BD00BF0F
:1050C8000020024000630258002D310100230240F5
:1050D800105E5F00EFA1A0FF0F5E5F00DF4341FF9E
:1050E8001FBCBE0030B5002383B00193002800F038
:1050F800D080456D0446002D00F0BA802268936880
:105108009B0003D59168714B0B4093609368DD0059
:1051180015D46F4B90686F491B6801406E489B0916
:1051280041F08051A0FB030391609B090193019B0F
:105138002BB1019B013B0193019B002BF9D1936893
:10514800D80024D4636D012543F010036365A36D73
:105158002B43A365936813F0040F636D1DD1D90623
:105168001BD4636D23F4817343F002036365936872
:10517800DB0728D4594B9A4217D003F580739A421B
:1051880013D0574B9B68D9071DD4564A15E093682E
:10519800002513F0040F636DE1D0636D012543F022
:1051A80010032846636503B030BD4C4A4E4B9268E5
:1051B8009B681343D80706D44C4A9368616823F464
:1051C8007C130B439360FFF767FB41F20303A1686D
:1051D8009842237F52D894F815C01A04206B42EAEB
:1051E8004C3202430A43012B03D1236A013B42EAB2
:1051F8004342636A23B103F47873A16A0B431A43E9
:1052080023683B49D86801400A43DA609A6812F07B
:10521800040F9A681CD112071AD4D868354A217D20
:10522800024042EA8132E16A0A43DA6094F838209F
:10523800012A3AD01A6922F001021A611A69204635
:10524800616B22F070420A431A61FFF789FE2368F6
:10525800E268012A21D01A6B22F00F021A63636DEB
:10526800284623F0030343F00103636503B030BD10
:10527800FCF738FBA56584F850503FE71029AAD100
:10528800617D1A0442EA4132216B0A4342F01C0252
:10529800A9E70125284603B030BD196BA26921F0A2
:1052A8000F01013A0A431A63D9E7D4E910211869B2
:1052B8000A43114901400A43A16C0A43E16B42EADF
:1052C800014242F001021A61B8E700BFC0FFFF5F68
:1052D8003C020024C0FFFF6F632D3E050020024002
:1052E8000060025800630258002102400023024077
:1052F80003C0F0FFFCBFFFFF1EF800FCF0B5002361
:1053080083B0019390F85030012B40D0012304461C
:105318000E46154680F85030FFF7EEFDE8B9676D88
:1053280005F080421B4B06F480311B4D3B401B4F60
:1053380043F00203636523689E68354015430D43B7
:1053480045F000459D609A68002A0FDB636D23F0E5
:10535800030343F00103636503E0636D43F0100347
:105368006365002384F8503003B0F0BD019A013220
:105378000192019ABA42E6D9636D0022012023F016
:10538800120384F8502043F010036365ECE7022011
:1053980003B0F0BDFDEEFFFFC0FFFE3FFF955A557D
:1053A800F0B490F850200E68012A49D00346294AE3
:1053B80001201C6883F85000944208D05A6D0021DF
:1053C80042F0200283F850105A65F0BC7047224D15
:1053D800AA6852070AD5A2685A6D012042F0200235
:1053E8005A65002283F85020F0BC7047A06810F07E
:1053F8000400F1D1C6B1DFF868C04F68DCF80820B6
:1054080022F440423A43CCF80820A468AA68224310
:10541800D40713D48A68DCF8081016430F4A0A40E8
:105428001643CCF80860DCE70D498A6822F440424C
:105438008A60A068AA680243D00704D50020D0E794
:105448000220F0BC70478C683046044A22408A60CB
:10545800C7E700BF0020024000210240E0F0FFFF44
:105468000023024006494FF6FF0C0002054BCA68AC
:1054780000F4E06002EA0C0210430343CB6070477B
:1054880000ED00E00000FA051B4BDB68C3F30223C4
:1054980000B5C3F1070E03F1040CBEF1040F28BFD9
:1054A8004FF0040EBCF1060F1AD9033B4FF0FF3C36
:1054B8000CFA03FC22EA0C024FF0FF3C00280CFA1D
:1054C8000EFC21EA0C0101FA03F141EA02010ADBB0
:1054D80009010A4BC9B2034483F800135DF804FBC1
:1054E80000221346E8E700F00F000901044BC9B297
:1054F800034419765DF804FB00ED00E000E100E0EC
:10550800FCEC00E0002807DB00F01F010123400944
:10551800024A8B4042F82030704700BF00E100E0AB
:1055280000280DDB4309012200F01F000549203344
:1055380002FA00F041F82300BFF34F8FBFF36F8FDB
:10554800704700BF00E100E0431EB3F1807F0CD23A
:105558004FF0E022002006494FF0F00C536107237A
:1055680081F823C09061136170470120704700BF24
:1055780000ED00E0BFF35F8F044B00215A6A22F46C
:1055880080325A62C3F89410704700BF00ED00E003
:10559800064B40F00100C3F894005A6A42F4803286
:1055A8005A62BFF34F8FBFF36F8F704700ED00E073
:1055B800174A4378C2F89830017821B3436800B598
:1055C800C2F89C30C37A90F80CC01B0690F80FE024
:1055D80043EA0C7390F80AC00B43817B43EACC433F
:1055E80090F80DC043EA8C4390F809C043EA414360
:1055F800017A43EA0E4343EA0C2343EA4103C2F823
:10560800A0305DF804FBC2F89C10C2F8A0107047E7
:1056180000ED00E0704700BF08B5FFF7FBFF08BDCD
:105628000268344B344930B4344D354CAA4218BF63
:105638009A420CBF012300238A4208BF43F00103AA
:105648003031A24208BF43F0010330348A4208BF18
:1056580043F001033031A24208BF43F00103303464
:105668008A4208BF43F0010301F55C71A24208BFFA
:1056780043F0010304F55C748A4208BF43F0010358
:105688003031A24208BF43F0010330348A4208BFD8
:1056980043F001033031A24208BF43F00103303424
:1056A8008A4208BF43F001033031A24208BF43F0E9
:1056B80001038A4208BF43F0010313B9114B9A4210
:1056C80013D1D3B21049114C103BA1FB03515F2BEE
:1056D8000F4BC1F3021103EA0203615C88BF043374
:1056E800C1658365184630BC704722F0FF038365A7
:1056F800F8E700BF100002404000024028000240C6
:1057080058000240B8040240ABAAAAAA88040108BB
:1057180000FCFFFF0368294A294930B4294D2A4C67
:10572800AB4218BF93420CBF012200228B4208BF34
:1057380042F001022831A34208BF42F00102283496
:105748008B4208BF42F001022831A34208BF42F051
:1057580001028B4208BF42F0010212B91B4A934270
:1057680013D1DBB21A4C1B4A0121083B1A4DA4FB8A
:105778000343456602EB1312C3F30413920001FAC4
:1057880003F30266836630BC7047DAB21349144CDF
:105798001944103AA829A4FB02234FEA131300D88E
:1057A8000833104A03F01F0501210F4C1A44A94081
:1057B8004466920081660266E5E700BF0854025815
:1057C800305402581C5402584454025894540258F5
:1057D800CDCCCCCC0096001680580258F0FBFDBF0B
:1057E800ABAAAAAA008200108008024070B504463D
:1057F800FFF73AF8002C00F0C68023680546954A62
:10580800934248D01832934245D0303292498B4265
:1058180018BF934201F130010CBF012200228B42D4
:1058280008BF42F0010218318B4208BF42F0010262
:1058380018318B4208BF42F0010218318B4208BF71
:1058480042F0010201F556718B4208BF42F0010295
:1058580018318B4208BF42F0010218318B4208BF51
:1058680042F0010218318B4208BF42F001021831A0
:105878008B4208BF42F0010218318B4208BF42F048
:10588800010218318B4208BF42F001021AB9734A6B
:10589800934240F0F5800222002184F8352084F8F4
:1058A80034101A6822F001021A6005E0FEF7DCFFE6
:1058B800431B052B40D823681A68D107F6D4D4E9CE
:1058C800022521692A43A0691D680A4361690A43C0
:1058D800E16902430A4362492940256A2A430A4387
:1058E800616A04292FD01A605A6922F0070211430D
:1058F80059612046FFF794FEE26D3F2302F01F0234
:10590800934083602046FFF705FFA368802B3CD0B7
:105918006368A06EDAB2013BD4E91851072B2A60FC
:10592800486026D90023C4E91B336367002001239C
:10593800606584F8353070BD20220323012062653C
:1059480084F8353070BDD4E90B5129430A431A60F5
:105958005969A26A21F00701114341F00401002DA1
:10596800C6D000284FD1012A6ED032F00202BFD132
:1059780051E0501E072810D9626FD4E91B3100206E
:1059880018604A60D2E7012070BD0023A16ED4E9F7
:105998001802636003605160C4E72168314B324DDF
:1059A800A94218BF994205F114050CBF0123002331
:1059B800A94208BF43F001031435A94208BF43F0C8
:1059C80001031435A94208BF43F001031435A94265
:1059D80008BF43F001031435A94208BF43F001038F
:1059E8003BB9224B994204D0214B224913449B00D6
:1059F80003E0214B214913449B0001228240C4E962
:105A08001B316267BBE7B0F5005F0ED0022A05D9EB
:105A1800032A7FF46DAFEA017FF56AAF01234022C4
:105A28001846626584F8353070BD032A3FF660AFCA
:105A380001A050F822F000BF255A00081F5A00089C
:105A4800255A0008515A0008B5F1C07F7FF450AFBD
:105A5800E4E700BF1000024040000240B8040240E2
:105A68003F8010FE085402581C540258945402589F
:105A78003F820010400902403F96001640590258E4
:105A8800324A33483349834218BF934200F1280011
:105A98000CBF012200228B4208BF42F001022831CC
:105AA800834208BF42F0010228308B4208BF42F00F
:105AB80001022831834208BF42F001028B4208BF2D
:105AC80042F0010212B9244A934238D1022200213D
:105AD800224D84F8341084F835201A681540A268DD
:105AE800402A2AD0802A0CBF4FF480400846266AF4
:105AF800D4E90312D20842EAD102616942EAD1022A
:105B0800A16942EAD102E16942EAD102144942EAB2
:105B1800161219442A4302431248A0FB01012046E9
:105B28001A600B099B00E365FFF77AFDE26D01231C
:105B380002F01F0293404360E4E61020D7E74022BA
:105B480003230120626584F8353070BD085402587B
:105B58001C54025830540258945402580F00FEFF47
:105B6800F8ABFDA7CDCCCCCC002800F0BC80844697
:105B780090F83400012800F0B88001202DE9F041A8
:105B88009CF835408CF83400844208D000224FF449
:105B980000638CF83420CCF85430BDE8F081022042
:105BA800DCF800507A4C8CF835000020794ECCF89F
:105BB80054007948854218BFA54200F118000CBF6F
:105BC80001240024854208BF44F0010418308542AE
:105BD80008BF44F001041830854208BF44F00104AE
:105BE8001830854208BF44F0010400F5567085421C
:105BF80008BF44F001041830854208BF44F001048E
:105C08001830854208BF44F001041830854208BFA7
:105C180044F001041830854208BF44F001041830EC
:105C2800854208BF44F001041830854208BF44F09B
:105C380001041830854208BF44F00104A0F59560BE
:105C4800B54218BF8542DCF86C600CBF012000200B
:105C580054EA0008286820F001002860DCF8640095
:105C6800DCF86840DCF85870446040D016B1DCE9D4
:105C78001C044460DCF85C004FF03F0E00F01F008D
:105C88000EFA00F0B860286820F4802028606B6065
:105C9800DCF80830402B23D0A960EA602B6823F099
:105CA8001E0343F016032B60DCF840301BB12B6851
:105CB80043F008032B60DCF860301A68D20303D580
:105CC8001A6842F480721A601EB1336843F4807314
:105CD80033602B68002043F001032B60BDE8F0819E
:105CE800AA60E960DAE7012070470220704716B120
:105CF800DCE91C0444602948DFF8A8E0754518BFB2
:105D080085420EF1140E0CBF01200020754508BF16
:105D180040F001000EF1140E754508BF40F0010077
:105D28000EF1140E754508BF40F001000EF1140E77
:105D3800754508BF40F001000EF1140E754508BF07
:105D480040F0010010B9164885420ED1DCF85C001D
:105D580000F01F0E012000FA0EF078606B60DCF88E
:105D68000830402B10D0A960EA602B6823F00E039E
:105D780043F00A032B60DCF84030002B9BD02B68E3
:105D880043F004032B6096E7AA60E960EDE700BFE3
:105D980040000240280002405800024008540258BF
:105DA800945402581C54025800285FD038B590F813
:105DB80035200346022A55D10168444A914248D009
:105DC8001832914245D03032414C4248A14218BF66
:105DD800914204F148040CBF01220022814208BF0D
:105DE80042F001023030A14208BF42F001023034D3
:105DF800814208BF42F0010200F55C70A14208BF71
:105E080042F0010204F55C74814208BF42F00102CD
:105E18003030A14208BF42F001023034814208BF4D
:105E280042F001023030A14208BF42F00102303492
:105E3800814208BF42F001023030A14208BF42F05F
:105E48000102814208BF42F0010212B9224A91427E
:105E58000ED10422002083F835200B6823F00103BB
:105E68000B6038BD802201205A6538BD012070477B
:105E78000A681C6E22F00E02D86D9D6D0A6000F053
:105E88001F000A6822F001020A600122216882408C
:105E980021F4807121606A60DA6ED3E919104860D4
:105EA80032B11168D3E91C0421F480711160446097
:105EB800002401211A6D83F8344083F835101AB193
:105EC80018469047204638BD104638BD100002409D
:105ED8004000024070000240B80402402DE9F0433F
:105EE80000229C4B83B09C4E1D688146019203683A
:105EF8009A4A846D934218BFB342276808BF0126A7
:105F0800216818BF002645D018329548834218BF2B
:105F1800934200F118000CBF01220022834208BFFF
:105F280042F001021830834208BF42F001021830E3
:105F3800834208BF42F001021830834208BF42F092
:105F4800010200F55670834208BF42F00102183082
:105F5800834208BF42F001021830834208BF42F072
:105F680001021830834208BF42F001021830834210
:105F780008BF42F001021830834208BF42F0010214
:105F88001830834208BF42F001021AB9754A934299
:105F980040F05082D9F85C10082201F01F0C02FA78
:105FA8000CF2174240F0888127FA0CF2D2070CD580
:105FB8005A69100609D5012202FA0CF2A260D9F832
:105FC800542042F00202C9F854204FF0040E0EFA91
:105FD8000CF038425BD0002E4FD1634ADFF8808145
:105FE800434518BF934208F118080CBF012200224C
:105FF800434508BF42F0010208F11808434508BFAD
:1060080042F0010208F11808434508BF42F00102B6
:1060180008F11808434508BF42F0010208F5567810
:10602800434508BF42F0010208F11808434508BF7C
:1060380042F0010208F11808434508BF42F0010286
:1060480008F11808434508BF42F0010208F1180892
:10605800434508BF42F0010208F11808434508BF4C
:1060680042F0010208F11808434508BF42F0010256
:106078001AB93C4A934240F019821A68920706D529
:10608800A060D9F8542042F00402C9F85420102224
:1060980002FA0CFC1CEA070F6CD0002E45D1324ADC
:1060A8002F4EB34218BF934206F118060CBF0122C7
:1060B8000022B34208BF42F001021836B34208BFBB
:1060C80042F001021836B34208BF42F00102183606
:1060D800B34208BF42F0010206F55676B34208BF44
:1060E80042F001021836B34208BF42F001021836E6
:1060F800B34208BF42F001021836B34208BF42F06B
:1061080001021836B34208BF42F001021836B34202
:1061180008BF42F001021836B34208BF42F001023C
:106128001AB9104A934240F0C9811A68100721D55C
:10613800C4F808C01A68560300F14C811A68D205E1
:1061480003D41A6822F008021A60D9F840308BB1DB
:106158000CE000BF3C02002410000240280002406E
:1061680058000240B80402404000024048469847A0
:10617800D9F85C1001F01F0120268E403E4268D0FD
:10618800D9F80020A54BA64FBA4218BF9A4207F18A
:1061980018070CBF01230023BA4208BF43F00103CC
:1061A8001837BA4208BF43F001031837BA4208BF8C
:1061B80043F001031837BA4208BF43F00103183708
:1061C800BA4208BF43F001031837BA4208BF43F088
:1061D800010307F55677BA4208BF43F001031837A1
:1061E800BA4208BF43F001031837BA4208BF43F068
:1061F80001031837BA4208BF43F001031837BA42FF
:1062080008BF43F001031837BA4208BF43F001033F
:106218001837BA4208BF43F001031BB9814B9A42B1
:1062280040F062811368DB0613D5A66099F8353013
:10623800042B136800F0AE8013F4802F136800F06D
:10624800D3801C0340F1DE80D9F83C300BB14846BE
:106258009847D9F85430002B00F0B980D9F8543059
:10626800D8071FD5D9F80020042189F835101368FC
:1062780023F0010313606C4BA3FB0535AD0A02E064
:106288001368D90704D5019B0133AB420193F7D9B1
:10629800002389F834301368DB074CBF032301233C
:1062A80089F83530D9F84C30002B00F090804846FA
:1062B80003B0BDE8F0431847186840070AD51868C6
:1062C80020F004001860A260D9F8542042F00102BE
:1062D800C9F8542027FA0CF2D2077FF576AE534A54
:1062E8005348834218BF934200F130000CBF01228B
:1062F8000022834208BF42F001021830834208BFDF
:1063080042F001021830834208BF42F001021830FF
:10631800834208BF42F0010200F55670834208BF6D
:1063280042F001021830834208BF42F001021830DF
:10633800834208BF42F001021830834208BF42F08E
:1063480001021830834208BF42F00102183083422C
:1063580008BF42F001021830834208BF42F0010230
:106368001830834208BF42F00102002A7FF420AEB1
:10637800002E7FF41DAE1A68042202FA0CF23A428B
:1063880040F09480102202FA0CFC17EA0C0F3FF43C
:10639800F1AE84E623F016031360536923F08003FB
:1063A8005361D9F840309BB3136823F00803136096
:1063B8003F230025012203FA01F1D9F85030A160EA
:1063C80089F8345089F83520002B7FF470AF03B07A
:1063D800BDE8F0831B6818037FF5B7AED9F84830DD
:1063E800002B7FF4C3AEC5E613F480737FF42CAFA3
:1063F800116821F010011160012289F8343089F800
:10640800352021E7D9F84430002B7FF420AF20E76E
:10641800D9F84830002BC7D1CAE700BF10000240A6
:1064280028000240B8040240B5814E1B58000240C3
:10643800400002404E4A4F4DAB4218BF934205F10F
:1064480014050CBF01220022AB4208BF42F0010232
:106458001435AB4208BF42F001021435AB4208BF05
:1064680042F001021435AB4208BF42F00102143574
:10647800AB4208BF42F0010212B93F4A9342A6D18B
:10648800D9F85C5004261A6805F01F05AE400E4284
:1064980019D0570717D5100466604BD5D1034FD4D0
:1064A800D9F84830002B7FF402AF90E71A68102221
:1064B80002FA0CFC17EA0C0F3FF45CAE1A6852079C
:1064C8007FF558AE34E60226AE400E4211D097074B
:1064D8000FD56660140439D5D00343D4D9F84430B5
:1064E800002B7FF4E4AE72E713689F077FF5B1AE27
:1064F8009BE60826AE400E423FF469AF11077FF5D0
:1065080066AF1A68002122F00E021A600123D9F83A
:106518004C2003FA05F56560C9F8543089F8341041
:1065280089F83530002A3FF452AF484603B0BDE839
:10653800F0431047920603D41A6822F004021A6046
:10654800D9F84030002B7FF4B2AE40E712F02002B9
:1065580008D11968012421F00A01196089F834204A
:1065680089F83540D9F83C30002B7FF4A0AE2EE7EF
:10657800085402581C54025894540258406D7047ED
:106588002DE9F04F0D6883B0002D00F0D580002371
:10659800DFF8688201229A4012EA050C00F0C780F1
:1065A8004E6826F01009B9F1020F40F0C88003F0D8
:1065B80007044FEAD30E4FF00F0A4FEA840900EBA5
:1065C8008E0E0AFA09FADEF8204024EA0A0A0C6953
:1065D80004FA09F406F0030944EA0A04CEF8204054
:1065E8004FEA430E0324D0F800A009FA0EF904FA82
:1065F8000EF42AEA040AE44349EA0A09C0F80090BA
:10660800D0F808A0CF6804EA0A0A07FA0EF949EA9E
:106618000A09C0F80890C6F30019D0F804A009FACE
:1066280003F92AEA020249EA02024260C268F70054
:1066380004EA02048A6802FA0EF242EA0402C2601C
:1066480075D5644C23F0030E03F00309D4F8F42045
:10665800C6444FEA890942F00202C4F8F420D4F88B
:10666800F42002F002020192019A0F22DEF808409B
:1066780002FA09F224EA0202574CA04225D004F596
:106688008064A0427BD0554CA0427ED0544CA0429E
:106698006FD0544CA04200F08480534CA04200F0CC
:1066A8008680524CA04276D0514CA04200F08580A2
:1066B800504CA04200F087804F4CA0420CBF0924E8
:1066C8000A2404FA09F942EA0902CEF808204FF030
:1066D800B0426FEA0C0EF403D2F880204FF0B044B9
:1066E80054BF0EEA02024CEA0202C4F88020B20348
:1066F800D4F884404FF0B04254BF0EEA04044CEA88
:106708000404F702C2F8844014684FF0B04254BF42
:106718000EEA04044CEA04041460B40252684FF010
:10672800B04454BF0EEA02024CEA0202626001332E
:1067380035FA03F27FF42EAF03B0BDE8F08F4FEACD
:10674800430E0324D0F800B006F0030A04FA0EF44E
:1067580009F1FF390AFA0EFA2BEA040BB9F1010F15
:106768006FEA04044AEA0B0AC0F800A03FF65EAFDD
:1067780046E7032404FA09F942EA0902A5E70124D5
:1067880004FA09F942EA09029FE7022404FA09F91E
:1067980042EA090299E7062404FA09F942EA0902D9
:1067A80093E7042404FA09F942EA09028DE705246B
:1067B80004FA09F942EA090287E7072404FA09F901
:1067C80042EA090281E7082404FA09F942EA0902BF
:1067D8007BE700BF00440258000002580008025836
:1067E800000C0258001002580014025800180258F1
:1067F800001C0258002002580024025800040058C7
:10680800002900F0A88000232DE9F04FDFF86891F7
:1068180083B0DFF86881DFF868A1DFF868B14FF06E
:10682800010E0EFA03F212EA010C6FD023F00305F1
:1068380003F003040F2640454D444FEAC404AF68F3
:1068480006FA04F607EA0607019721D0504566D0F4
:10685800584567D0434FB8426ED0434FB84270D0C6
:10686800424FB84263D0424FB84256D0414FB84227
:1068780072D0DFF814E1704568D0DFF810E1704598
:1068880014BF4FF00A0E4FF0090E0EFA04F400E0A0
:106898000024019FA74219D1AC6824EA06064FF0EC
:1068A800B044AE60D4F8805025EA0C05C4F8805096
:1068B800D4F8845025EA0C05C4F88450256825EAE4
:1068C8000C052560656825EA0C05656003255C00F4
:1068D80003F007070F2605FA04F40568BF002543EF
:1068E80006FA07F70560DD0800EB85052E6A26EA3B
:1068F80007062E62856825EA04058560456825EA4D
:1069080002024260C26822EA0404C460013331FA18
:1069180003F284D103B0BDE8F08F4FF0060E0EFAF3
:1069280004F4B6E74FF0020E0EFA04F4B1E74FF0A4
:10693800050E0EFA04F4ACE74FF0030E0EFA04F459
:10694800A7E74FF0040E0EFA04F4A2E74FF0080E82
:106958000EFA04F49DE770474FF0070E0EFA04F4A0
:1069680097E700BF000C02580010025800140258A4
:1069780000180258001C0258000400580000025871
:106988000004025800080258002002580024025847
:106998000369194214BF01200020704702B9090495
:1069A800816170472DE9F04F056885B00446284697
:1069B80006F066FB012802D005B0BDE8F08F20681C
:1069C80006F00EFB0028F7D0206806F009FB10F44B
:1069D800001F206802D04FF40013436106F000FB4B
:1069E80010F4801F206802D04FF48013436106F032
:1069F800F7FA10F0806F206802D04FF0806343618F
:106A080006F0EEFA10F0020F20682FD106F0E8FA2F
:106A1800870000F11381206806F0E2FAC60100F150
:106A2800CF80206806F0DCFA000700F1BE802068FD
:106A380006F0D6FA10F0007F20681AD106F0D0FAD6
:106A4800C306B9D52568AB6923F01003AB612E6A7C
:106A5800C6F34341C6F30A17022902D1002F40F0BA
:106A6800C681AB6943F01003AB61A5E7022343611C
:106A7800CCE706F073FBD4F808E080462068BEF146
:106A8800000F00F0998005F5A06500264FF0280B4F
:106A98004FF0020A4AE000F5A0694A0109EB4117E4
:106AA800BB685B075DD50423BB60FB6843F002034A
:106AB800FB60BB68980500F1FD80BB68DB0740F10F
:106AC800CF80236953B101EB81003B6904EBC0001F
:106AD800C3F3120C836CA3EB0C03C3648B004FF05D
:106AE800010C4FF0000E581804EBC000C0F858E035
:106AF80080F85DC0C7F808C090F83FE01EF0FD0FB1
:106B080000F06481BEF1030F00F040820B4404EBF7
:106B1800C30393F8502082F0010283F85020D4F880
:106B280008E0206801362035764545D206F00F0387
:106B380028FA03F3D907F5D52B68F1B21A04AAD4B9
:106B480000F5A0624FEA411C02EB4117BB6813F045
:106B580004090DD00423BB60FB6843F00203FB600B
:106B6800E0E7BB689B0640F1B3802023BB60A0E749
:106B7800BB6813F0200300F0CA8001EB81032022D8
:106B880004EBC303BA6093F83D20012ACAD183F805
:106B98003D9083F85CA0FB6843F00203FB6006F0BD
:106BA800E1FAD4F808E02068BCE72046FDF71CFDB0
:106BB8002068082343613BE74FF0007343613DE7DA
:106BC8002668D6F840340293D6F840340393039BE2
:106BD80023F02E030393029B980707D5029BD9073E
:106BE80000F16381039B43F002030393029B1A079E
:106BF80018D5039B43F008030393029B5B0740F1FE
:106C08005C81A169022900F09A81E368012B03D114
:106C18004EF66022C6F804242046FDF7F3FC204611
:106C2800FDF7E6FC2068029B9F0603D5039B43F013
:106C380020030393039BC6F84034F3E6D5F84034A9
:106C4800204623F02E03C5F84034FDF7D5FC01217A
:106C5800206806F061FA20684FF000534361DBE6D4
:106C6800BB68980740F18E80FB6801EB810C23F02C
:106C7800020304EBCC0CFB608B009CF85D00012840
:106C880000F0B280052800F0AF80062800F0A3814C
:106C9800082800F0A081032800F0DC819CF85C0043
:106CA8000246C7F808A02046FDF7AAFCD4F808E079
:106CB800206837E7FB68206843F00203FB6006F0B2
:106CC80051FA4FF400732068BB60D4F808E029E754
:106CD800BB681B0700F1BB80BB685B057FF5E9AEAD
:106CE800FB68019243F002030091FB6006F03AFA58
:106CF80000991020019A01EB8103B860082004EB89
:106D0800C30383F85D004FF48063BB60D1E6D7F816
:106D1800089019F0400F40F0B180BB6813F400737D
:106D280040F02F81D7F8089019F0010F40F03F810B
:106D3800BB6813F0080340F06881D7F8089019F091
:106D4800100F00F0C98001EB810204EBC2029365C9
:106D5800032382F85D3092F83D303BB90BFB0143C9
:106D680093F83C2012B9012283F83D20FB6843F0D8
:106D78000203FB6006F0F6F910232068BB60D4F824
:106D880008E0CFE6BB6813F0800340F0E380BA6800
:106D9800D20640F1D08001EB810004EBC00090F8EE
:106DA8003F20032A00F04B8112F0FD02E4D1236951
:106DB8008265002BE0D10BFB0143032283F85D20A1
:106DC800FB68206843F00203FB60D3E7FA68206899
:106DD80042F0020201930091FA6006F0C3F9102212
:106DE800DDE90013BA6091E68CF85C0058E706F01C
:106DF8000F0606EB860804EBC808D8F844100029EB
:106E08003FF42FAE284605F5A0653A4606F066F829
:106E1800D8F8443005EB46123B441169D8F84C20A9
:106E2800C8F8443073013A44C8F84C20BC4A0A40B8
:106E38005AB1EA5822F0804242F00042EA5098F8EB
:106E4800503083F0010388F85030256809E6FB6864
:106E58004FF0050C019243F002030091FB6001EB37
:106E6800810304EBC30383F85DC01023BB600823D0
:106E7800BB6006F077F9DDE900121AE601EB810242
:106E880004EBC2029365042382F85D30012382F883
:106E98003D30FB6843F00203FB6006F063F94023D2
:106EA8002068BB60D4F808E03CE6B369204623F0CC
:106EB8000053B361FDF79CFB94E62046FDF7A6FB63
:106EC800D6F84034206823F02E03C6F8403483698E
:106ED80043F000538361A6E6BB681B0600F1C88037
:106EE800BB685B0500F1D780BB689B077FF51AAECE
:106EF800FB680BFB014023F00203FB6090F85D3058
:106F0800012B00F0E180032B00F0DB80042B00F064
:106F1800D880052B00F0FC80062B00F0E480082BBD
:106F280000F0E1800BFB01432046C7F808A093F866
:106F38005C20FDF765FBD4F808E02068F2E5029BC9
:106F4800206803F4C023B3F5802F18BF012106F091
:106F5800E3F861E6FB6801EB810243F0020304EB0E
:106F6800C202FB60936D01339365062382F85D309E
:106F7800206806F0F7F880232068BB60D4F808E0A2
:106F8800D0E5FB6843F00203FB6098E652F809700D
:106F9800019347F00057009142F80970624680F863
:106FA8005CC02046FDF72CFBDDE90013AEE5FA686E
:106FB80001EB810942F0020204EBC909C9F8583013
:106FC800FA6006F0CFF80123BB6089F85D30D4F889
:106FD80008E02068A6E503EB010C04EBCC0CDCF818
:106FE80058000130032825D8CCF8580002200B445B
:106FF80004EBC30383F85C0052F8093023F08043A4
:1070080043F0004342F809304AE608230091BB6088
:10701800FB6843F00203FB6006F0A4F80099052220
:1070280001EB810104EBC10383F85D20D4F808E08B
:10703800206877E50020CCF858000420D7E7FA68E4
:107048000BFB014042F0020283652068FA6006F0FB
:1070580089F891E60BFB0143022083F85CA052F803
:10706800093023F0804343F0004342F8093017E623
:10707800FB68009143F00203FB6006F073F8009987
:1070880006230BFB014181F85D3080232068BB603B
:10709800D4F808E046E5FB68009143F00203FB6082
:1070A80006F060F810230099BB604FF480630BFB77
:1070B8000141BB60082381F85D30D4F808E02068FE
:1070C80030E580F85CA02DE780F85C3090F83F3020
:1070D800023B012B3FF626AF90F8513083F00103B5
:1070E80080F851301EE70BFB0140836D0133032B01
:1070F80011D8836502230BFB014080F85C3052F8FD
:107108000C3023F0804343F0004342F80C3009E789
:1071180080F85C3006E7002383650423EBE700BFB3
:107128000000F81F90F8B832012B0CD0012310B5DD
:107138000446006884F8B83206F074F8002318464C
:1071480084F8B83210BD0220704700BFF8B5054674
:107158000E461746701C2C682CD1A369990727D4B2
:10716800A369DA06F9D5A3699A06FCD5202310226B
:10717800E261E361A3699F0701D50023A362A369C4
:10718800DE0703D4A36943F00103A3616368002207
:107198001B4820210340012063606B6C85F8402068
:1071A80043F004036B6485F8411085F84220F8BD6C
:1071B8000020F8BDA3699B07FAD4A369D9061BD49C
:1071C800FDF752FBC01BB04201D8002EC2D16B6C38
:1071D8002021002201200B4385F840206B6485F8AC
:1071E800411085F84220F8BDFDF73EFBC01B8642E2
:1071F800EDD3002EEBD02C68A3699B06F4D5B5E738
:1072080000E800FEF8B505460E4617462C68A36947
:107218009B0649D4A369DA0626D5731C38D1A3691D
:107228009E06FCD520231022E261E361A369990739
:1072380001D50023A362A369DA0703D4A36943F045
:107248000103A3616368002218482021034001203C
:1072580063606B6C85F8402043F004036B6485F829
:10726800411085F84220F8BDFDF7FEFAC01BB04278
:1072780001D8002ECAD16B6C2021002201200B43BB
:1072880085F840206B6485F8411085F84220F8BDE8
:10729800A3699806C6D4FDF7E7FAC01B8642EAD36D
:1072A800002EE8D02C68B8E70020F8BD00E800FE02
:1072B80000284ED010B590F84130044603F0FF0284
:1072C800002B41D023682421626884F84110196892
:1072D80022F07062E06821F00101012819601A614A
:1072E8009A6822F400429A60A26829D042F40442C3
:1072F80002289A6002D14FF400625A6058684FF031
:10730800200C1549226901435960D96821F40041CC
:10731800D960D4E90501024342EA0122D4E9071001
:10732800DA600022014310461960196841F0010132
:107338001960626484F841C0226384F8422010BD59
:1073480042F400429A60D9E780F84020FAF7E6FD57
:10735800B8E70120704700BF008000022DE9F04720
:10736800984690F84130089E202B40F0878090F88E
:1073780040300446012B00F08180012389461746DE
:1073880080F84030FDF770FA054604E0FDF76CFA26
:10739800401B192875D82368986910F40040F5D166
:1073A800212267626063C9F3090784F8412010222B
:1073B80084F842206064A4F82A80628D92B2FF2A81
:1073C8006DD8628D494892B2D1B222855A6802407E
:1073D8003A4342EA0142464911435960DFF81C81A9
:1073E8004FF0FF0ADFF81891638D2A463146204690
:1073F8009BB2002B30D0FFF7A9FE002873D1606A3A
:10740800216810F8012B238D8A62628D013B60622E
:10741800013A9BB292B223856285628D92B2002BAB
:10742800E2D1002AE0D0701C43D18B691A06FCD542
:10743800638D9BB2FF2B48D94B682A46A4F828A035
:10744800204603EA08033B4343EA09034B603146FD
:10745800638D9BB2002BCED1FFF7D4FE002842D11A
:1074680023682021234DD9615A682A405A6084F83C
:10747800411084F8400084F8420000E00220BDE892
:10748800F087636C2021002201200B4384F8402000
:10749800636484F8411084F84220BDE8F0875A6894
:1074A80012490A4014493A431143FF222285596080
:1074B80094E78B691B06BBD4FDF7D6F9401B8642BF
:1074C800DFD3002EDDD02168ADE7638D9BB2DAB241
:1074D80023854B6803EA080343EA02433B4343F02E
:1074E80000734B6080E70120BDE8F087009800FC3E
:1074F8000020008200E800FE0020FF81009C00FCC4
:107508000000FF012DE9F0471F4690F84130202B7D
:1075180040F08E8004460D46002900F08380B2FAC0
:1075280082F916464FEA5919002A7BD05FFA83FA86
:1075380090F84030012B7BD0012380F84030FDF7D4
:1075480093F9212365628046256884F8413084F8E0
:1075580042A0C4F8449066856B68C4F8349023F45C
:1075680000436B607B1C66D1AE693607FCD50823E7
:10757800EB61E368022B06D0AE69F60328D4AE6946
:10758800F603F9D524E0AB691907FCD50823EB61AC
:107598007B1CF1D0AB69DD031AD4FDF765F9A0EBCC
:1075A8000800874253D3002F51D02568F0E74246A0
:1075B80039462046FFF7CAFD00285BD1636A226876
:1075C80013F8011B9162658D6362013DADB265855B
:1075D800638D9BB2002BEAD1424639462046FFF71D
:1075E80011FE00284DD02268536843F400435360CD
:1075F800636C042B54D1002363642023D361781C6B
:1076080041D193691904FCD451680023202041F426
:107618000041516084F84100184684F8423084F8EB
:10762800403003E04FF4007301206364BDE8F08745
:107638000220BDE8F087AB69180733D4FDF714F9C9
:10764800A0EB0800874202D30FB125688AE7636C74
:10765800202000212268034384F84010636484F8E2
:107668004100012084F84210536843F400435360FA
:10767800BDE8F08722680120536843F40043536053
:10768800D4E72268B9E793691B04BDD5FDF7ECF888
:10769800A0EB08008742DAD3002FD8D02268AEE7E3
:1076A8000120C3E70823EB61E368022B7FF470AF86
:1076B80008E0FDF7D9F8A0EB08008742C7D3002FF0
:1076C800C5D02568AB691A07F3D55FE70268436B35
:1076D8009169126803B11847704700BF90F84100DC
:1076E800704700BF90F84120202A23D15FFA82FC1E
:1076F80090F840200346012A1CD00268242000B5D7
:1077080083F841004FF0000E106820F0010010606F
:10771800106820F4805010601068014370461160B2
:10772800116841F00101116083F841C083F840E01D
:107738005DF804FB0220704790F84120202A22D1EE
:10774800034600B55FFA82FE90F84020012A1CD05B
:10775800026824204FF0000C83F84100106820F0E4
:1077680001001060106820F4706040EA0121604652
:107778001160116841F00101116083F841E083F85C
:1077880040C05DF804FB0220704702205DF804FB4E
:107798002DE9F04F076889B00446384605F070FCBB
:1077A80010B109B0BDE8F08F8246206805F018FCDA
:1077B8000028F6D0206805F013FC10F0020F2068AE
:1077C80003D0436903F00203436105F009FC10F498
:1077D800002B206840F0508105F002FC10F4802F47
:1077E800206840F0EB8005F0FBFB002874DB206884
:1077F80005F0F6FB000564D4206805F0F1FB0201F2
:1078080014D52268536903F00063536194F8F43384
:10781800002B40F095810121204684F8F413536D24
:10782800C3F38303C4F8F83300F024FC206805F0A0
:10783800D7FBC3047BD4206805F0D2FB10F4005FAB
:1078480020685DD105F0CCFB10F0100F206812D035
:10785800836923F0100383613D6AC5F3434305F050
:107868000F06022B00F03182062B00F07F8183691E
:1078780043F01003836105F0B3FB070700F157815C
:10788800206805F0ADFBC60200F14681206805F0CE
:10789800A7FB850200F13581206805F0A1FB4000B7
:1078A80000F12681206805F09BFB41077FF579AF41
:1078B80023685D686A0700F129825A682A435A607A
:1078C8006FE7D7F80838D90700F11C8220684369A8
:1078D80003F40063436190E7D7F8043823F0010309
:1078E800C7F8043894F8F433012B00F038812046A7
:1078F800FCF7FAFD2068436903F00043436177E72A
:1079080005F0C2FB206805F0A7F82568E06001F0E3
:10791800E5FC227B0146284605F002F82046FCF7E4
:10792800B9FD2068436903F4005343618AE7D7F837
:1079380004381021206807F5006523F001036B6007
:1079480005F070F86068B0B107F510634FF67F3145
:1079580099600AF1010A1A682033824522F400125C
:1079680043F8202CC3F8E811D3F8E02122F40012E0
:10797800C3F8E021ECD1EB6943F00113EB61236B11
:10798800002B40F0E1806A6942F22B0313436B61DC
:107998002B6943F00B032B61D7F8003804F571729B
:1079A800217C23F4FE632068C7F8003805F088FBC3
:1079B8002068436903F4805343613DE705F028FBE1
:1079C80080462068B8F1000F00F0E580264607F5EC
:1079D80010694FF0000BCDE9037A09E05FEA580817
:1079E8000BF1010B06F11C0609F1200900F0D58006
:1079F80018F0010FF2D05FFA8BF7394605F024FB37
:107A0800C30705461FD50BF00F03039901229A40BF
:107A1800D1F8343823EA0203C1F834380123C9F80D
:107A280008302369012B03D1D6E911231344B36429
:107A380039462046FCF720FD2369012B03D1BBF111
:107A4800000F00F0AC81280702D50823C9F80830D8
:107A5800E90602D51023C9F808306A0602D5402382
:107A6800C9F80830AB0702D50223C9F808302D063B
:107A780000F1C6802068B1E705F0BCFA0546206829
:107A8800002D00F0868007F53066A1464FF0000B08
:107A9800049707E06D080BF1010B06F1200609F1C8
:107AA8001C097DD0EB07F5D55FFA8BF1039105F042
:107AB800BDFA10F0010F8046039973D118F0080F32
:107AC80040F0F280206818F0100F01D01023B36046
:107AD80018F0200F05D02169012900F05A812023D0
:107AE800B36018F4005FD5D04FF40053B360D1E70A
:107AF8002046FCF705FD2068436903F08043436195
:107B0800D1E620465FFA8BF1FCF7F2FC2068436966
:107B180003F400134361C0E620465FFA8BF1FCF7DB
:107B2800EBFC2068436903F480134361AFE6204609
:107B3800FCF7ACFC2068436903F008034361A0E646
:107B48002046FCF7B9FC71E6D5F8843043F00B0306
:107B5800C5F884306B6C43F00B036B641CE70021A1
:107B6800204684F8F41300F085FAC3E6C6EBC6068F
:107B7800082204F57171384605F0B0F9C5F30A1307
:107B880004EB86022068D2F814120B44C2F81432AF
:107B98006DE6AB4620E6C34625E6DDE9037A22E634
:107BA800049F19E6206801232769B36000F5306354
:107BB800012FD0F840E003EB4B139A6800F0C58022
:107BC800984FBE4540F0BD80170440F1B6804FF491
:107BD800004218F0080F9A603FF475AF026C98687D
:107BE80090498A4200F0978020460392FCF734FCC3
:107BF8008D4B039A9A4200F296800823B36061E79E
:107C0800D6E91453D4F800A0AB4250463FF6E6AE8E
:107C18000AF51062716CCDF81CA002EB4B120592AC
:107C2800EA1A8A4228BF0A4605998969033289B245
:107C3800B1EB920FC0F0A980CDF81890C146A046CC
:107C4800059C1AE0736C3A46B16C50469D4228BFB9
:107C58001D4698F810300093ABB205F029F9B36CC3
:107C6800A1692B4489B2B364736D2B440335B1EB1E
:107C7800950F7365C0F08180356D9D42A5EB0305B6
:107C8800E0D84446C846DDF81890D4F800A0079B11
:107C98000122504603F500610BF00F039A404B6B2D
:107CA80023EA02034B6399E62268216902F53063EF
:107CB800126C012903EB4B13986891D15A498A42F7
:107CC80029D82046FCF7C8FB97E747F6F0731D4212
:107CD8003FF4CDADC6EBC606C5F30A12384604EB31
:107CE80086061546D6F8081205F0F8F8D6F80832D0
:107CF80020682B44C6F80832D6F814322B44C6F84C
:107D08001432B4E52046FCF7D7FBDFE52046FCF744
:107D1800FBFB2368D1E5020402D54FF400429A60C8
:107D28002046FCF799FB216901297FF466AF04F529
:107D38007172206805F0C4F95FE7900601D520222A
:107D48009A602046FCF78EFBB8E6170732D536490D
:107D58008E4504D9120402D54FF400429A60204699
:107D68000393FCF779FB04F571720121206805F093
:107D7800A7F90822039B9A60A0E64446356DC846D9
:107D8800DDF81890D4F800A050469D423FF626AE84
:107D98007DE704F5717205F093F920689FE6236D7D
:107DA800002B7FF450AE04F571720121206805F0B4
:107DB80087F948E6970608D520229A6018F0080F38
:107DC8003FF481AE026C986878E712F0280FF5D17D
:107DD800154FBE4505D9120403D54FF400429A60E9
:107DE800ECE71B692046D9F80422C3F31203D31A1F
:107DF800C9F81432D9F808321344C9F80832FCF724
:107E080031FBBBF1000F7FF459AED4F81032002BD0
:107E18007FF454AE04F571720121206805F050F921
:107E28004CE600BF0A31544F0A30544F90F8BC2337
:107E3800012A0ED0012210B50446006884F83810D3
:107E480084F8BC2305F0BAF80023184684F8BC333C
:107E580010BD0220704700BF10B501F00F0E0906D3
:107E6800044627D44FF01C0C0CFB0E0C0CF5FE71CD
:107E7800CEEBCE0C00EB8C0C00208CF8FD018A6058
:107E88004A7881F800E0CB700AB1A1F806E0022B2D
:107E980001D100230B7194F8BC33012B18D00123B6
:107EA800206884F8BC3304F0E9FD0023184684F800
:107EB800BC3310BD1C204FF0010C00FB0E4000F13C
:107EC8003C01CEEBCE0004EB800080F83DC0D6E745
:107ED800022010BD10B501F00F041C21C4EBC40C26
:107EE80001FB040100EB8C0C01F5FE71CCF810329B
:107EF8000023CCF808228CF8FC41CCF814328CF81A
:107F0800FD3103690068012B08BFCCF80C22DAB2F6
:107F18001CB904F013FF002010BD04F0F7FD002089
:107F280010BD00BF10B501F00F041C21C4EBC40C38
:107F380001FB040100EB8C0C3C31CCF850300023E1
:107F4800CCF84820CCF8543001238CF83C408CF80D
:107F58003D3003690068012B08BFCCF84C20DAB229
:107F68001CB904F0EBFE002010BD04F0CFFD00208A
:107F780010BD00BF38B5436801F00F059D4234D8E5
:107F88000B0604461DD41C22C1EBC10302FB0101F0
:107F980000EB8303002201F5FE7183F8FD21012324
:107FA8000D708B7094F8BC239A421CD0206884F81A
:107FB800BC3304F0A3FFD5B10023184684F8BC33C2
:107FC80038BD1C21C5EBC503012201FB050100EBEF
:107FD80083033C3183F83D2001230D708B7094F8A6
:107FE800BC239A42E2D1022038BD012038BD04F5F5
:107FF8007172217C206805F063F8DDE7426838B5C6
:1080080001F00F03934232D811F0800F04464FF06D
:108018001C01C3EBC30219D101FB0341002004EB8F
:108028008202002501F5FE7182F8FD010B708D704A
:1080380094F8BC33012B18D00123206884F8BC3392
:1080480004F090FF284684F8BC5338BD01FB034177
:10805800012004EB820200253C3182F83D000B70C0
:108068008D7094F8BC33012BE6D1022038BD012075
:1080780038BD00BF704700BF38B5114BDA685207EA
:1080880004D4DB6803F00703834214D10C4CE36883
:1080980023F007031843E060FCF7E6FB054605E01C
:1080A800FCF7E2FB401BB0F57A7F06D863689B04B7
:1080B800F6D5002038BD012038BD032038BD00BFEB
:1080C80000480258024AD36843F08073D36070476F
:1080D8000048025870B44D6A15B1B2F1406F3AD1F8
:1080E8008B691BB30C6A002C4CD08E680068C66183
:1080F800CE69002E69D02B4313432343CC6A334304
:1081080023430C6B23434C6B23430C692343CC68F8
:1081180023430C6823434C69B2F1406F43EA84431C
:10812800436165D04B6870BC836170470B6ABBB113
:1081380000682B438C68CE69C461002E6BD0134352
:10814800CC6A334323430C6B23434C6B23430C69A6
:108158002343CC68DEE78B6A0468013B2361BFE7F1
:10816800CB69002B66D1002D42D0CB6A0C6B2B4318
:10817800006813434A6923434C6B234343EA824311
:10818800436135E0CC6945EA030C002C32D0036822
:108198004CEA0200B2F1406F40EA0400CC6A40EABF
:1081A80004000C6B40EA04004C6B40EA0400CC6805
:1081B80040EA04000C6840EA04004C6940EA844044
:1081C800586115D04A689A6112E045EA030C0D69B6
:1081D8004CEA0203CA6A23431343D1E90C422343FE
:1081E8000C6813434A692B43234343EA82434361A0
:1081F80070BC7047CC6A4CEA020300682343D1E99B
:108208000C4223430C6813434A69234343EA8243DD
:1082180070BC43617047CC6A13432343D1E90C42D5
:1082280023431343D1E90442234343EA824370BC06
:10823800436170472B43CD6A0C6B134300682B4393
:1082480023434C6B84E700BF70B50446FCF70CFB76
:10825800002C54D094F84030012B52D0012306460C
:1082680084F8403094F8413003F0FF02002B34D0FA
:10827800A56C2268A1681368013923F4706343EA86
:108288000123136001E06B1C31D1936813F02003C4
:10829800F9D1E069E16815680143206A0143606823
:1082A80041EA00611C482840014360691160A169E6
:1082B80055680143206941EA0041184828400125D2
:1082C800014318465160116829431160636484F8BA
:1082D8004150002384F8403070BD204684F8402087
:1082E800FAF772FA41F288331D46A364C1E7FCF736
:1082F800BBFA801BA84206D82DB12268C5E7012029
:1083080070BD022070BD0423012084F84130636CE5
:1083180003436364DDE700BF2FFFFF00FEF8E0FFC3
:10832800C8B110B590F840300446012B11D002684E
:10833800012380F84030136823F001031360FAF733
:10834800D1FA00236364184684F8413084F8403039
:1083580010BD022010BD0120704700BF2DE9F0417B
:1083680004460E461546FCF77FFA94F84030012B78
:108378003AD0012384F8403094F84130012BDFB221
:1083880006D002270023384684F84030BDE8F08143
:10839800002380466364022384F84130681C236804
:1083A8000ED19A6812F02002FBD131462046FFF721
:1083B80091FE736AE3B10123002784F84130E1E7B5
:1083C8009A6812F020021ED0FCF74EFAA0EB0800C3
:1083D800854201D3002DE1D1042384F84130636C38
:1083E80043F001036364CDE702273846BDE8F08116
:1083F800226893689B07FCD5022101230027D160DE
:1084080084F84130BEE731462046FFF763FE736AC1
:1084180043B1D0E7FCF728FAA0EB08008542DBD38C
:10842800002DD9D0226893689907F3D5E4E700BFF7
:108438002DE9F843044689461546FCF715FA94F8E1
:1084480040302768012B67D0012384F8403094F826
:108458004130012B5FFA83F807D04FF00208002360
:10846800404684F84030BDE8F88300236364B9F1DE
:10847800000F56D01223064684F841303B69013379
:10848800E3623B69C4F824900133A3627B6923F05B
:1084980040637B61E36A002B31D06A1C394611D1F5
:1084A8008B685B07FCD5636A1B7887F82030E26A23
:1084B800636A013A0133E262E26A6362F2B16A1CFA
:1084C8002168EDD08B685807EDD4FCF7CDF9801BF7
:1084D800854201D3002DF2D1042384F84130636C26
:1084E80043F00103636413E0BB689B070CD4FCF7FB
:1084F800BBF9801B8542EFD3002DEDD02768691C9E
:10850800F2D1BB689A07FCD502234FF00008FB6044
:10851800012384F84130A2E74FF002084046BDE845
:10852800F883636C43F00803636498E72DE9F84324
:10853800044615468946FCF797F92768BA6994F8FE
:108548004030012B6CD0012384F8403094F841303E
:10855800012B5FFA83F807D04FF00208002340464A
:1085680084F84030BDE8F88300236364B9F1000F54
:108578005BD02223064684F841303B690133A3636C
:108588003B69C4F83090013363637B6923F040632F
:1085980043F080637B61BA61A36B002B33D0681C06
:1085A800394612D18B6813F0060FFBD097F82020BC
:1085B800236B1A70A26B236B013A0133A263A26B7F
:1085C8002363FAB1681C2168ECD08B6813F0060F9E
:1085D800ECD1FCF749F9801B854201D3002DF1D17C
:1085E800042384F84130636C43F00103636413E0AF
:1085F800BB689B070CD4FCF737F9801B8542EFD387
:10860800002DEDD02768691CF2D1BB689A07FCD50C
:1086180002234FF00008FB60012384F841309DE7F6
:108628004FF002084046BDE8F883636C43F0080346
:10863800636493E72DE9F84F04461F468946904640
:10864800FCF712F994F84030012B52D0012384F83A
:10865800403094F84130012B5FFA83FB07D04FF08C
:10866800020B0023584684F84030BDE8F88F0023F9
:1086780082466364422384F841307A1C26682CD1F0
:10868800B568AB06FCD4D8F8003049462046B3623A
:10869800D8F804307362D8F80830F3623268D8F832
:1086A800103022F440021343D8F80C2043F480031E
:1086B8003360C9F828204FF00062FFF70BFD781CE3
:1086C80022681BD193681907FCD5082101234FF0B4
:1086D800000BD16084F84130C3E7B3689D06D2D55A
:1086E800FCF7C2F8A0EB0A00874212D3002FC4D1CE
:1086F8000FE04FF0020B5846BDE8F88F93681B0750
:10870800E3D4FCF7B1F8A0EB0A00874201D3002FAD
:10871800D5D1042384F84130636C43F001036364CA
:108728009FE700BF2DE9F04704460F461646FCF7C1
:108738009BF894F84030012B45D0012384F8403051
:1087480094F84130012B5FFA83F907D04FF0020902
:108758000023484684F84030BDE8F087002380466F
:10876800D4F848A06364822384F84130BAF1FF3F0B
:10877800256814D1AB689A06FCD42B68726823F07C
:108788000803082A43EA02032B6021D04FF0406215
:10879800394620464FF00009FFF79CFCD8E7AB6844
:1087A8009B06EAD5FCF760F8A0EB0800824502D3E7
:1087B800BAF1000FDAD1042384F84130636C43F036
:1087C80001036364C4E74FF002094846BDE8F08737
:1087D800326810232A63EB602B6843F480132B6004
:1087E800D4E700BF704700BF08B5006C002383635F
:1087F800C36290F84130082B0BD103680222DA607B
:108808001A6842F400321A601A6842F002021A60CA
:1088180008BD012380F84130FFF7E4FF08BD00BF21
:10882800704700BF704700BF704700BF704700BF68
:10883800704700BF704700BF704700BF38B5036876
:1088480004469A68196855070ED548030CD594F85C
:108858004120122A75D094F84120222A00F0A180E4
:108868002046FFF7E5FF38BD950726D5880324D5B0
:108878000222DA601A6822F4E0221A6094F8412091
:10888800122A7AD094F84120222A00F0A98094F87C
:108898004120022A00F0D08094F84120082AE2D131
:1088A8005A690121204622F040625A6184F8411039
:1088B800636C3BBBFFF7B4FF38BD150725D4D5075C
:1088C80035D5C80333D50125DD601A6822F4702236
:1088D8001A60626C42F0020262641A68520779D523
:1088E8001A68E06B22F004021A60574B836506F0A1
:1088F800BFFA0028B7D0636C204643F004036364D2
:1089080084F84150FFF76EFF38BD0803D7D5082219
:10891800DA601A68520206D51A68012122F4102278
:108928001A6084F841102046FFF784FF38BDD0064E
:1089380099D5CA0297D510222046DA60FFF77CFF46
:1089480038BD9A6850078BD518460EE0626A1278CF
:1089580083F82020E16A20680139626AE162013205
:10896800816862624D077FF57BAFE26A002AEDD12C
:10897800036823F48023036072E71A68510709D556
:108988001A68E16B22F0040209681A60CB6823F0C8
:108998000103CB600123204684F84130FFF746FFEE
:1089A80038BD9A6852077FF55BAF18460EE093F81A
:1089B8002010226B1170A16B20680139226BA16312
:1089C80001328168226349077FF54AAFA26B002A0A
:1089D800EDD1CDE7204684F84150FFF703FF38BDBD
:1089E8001A6852071DD49A6812F47C5F0FD111E0FF
:1089F80093F82010226B1170A16B20680139226B4B
:108A0800A16301328168226311F47C5F02D0A26BFA
:108A1800002AEDD10123204684F84130FFF704FFF6
:108A280038BD1A68E16B22F0040209681A60CB6845
:108A380023F00103CB60EDE70123204684F84130A1
:108A4800FFF7F0FE38BD00BFF1870008002800F0EE
:108A5800DE81F8B503680446D80730D59F490A690E
:108A6800896A02F03802102A00F00081182A00F002
:108A7800F8806368B3F5803F00F02081002B00F098
:108A88005E81B3F5A02F954B1A6800F02F8222F46F
:108A980080321A601A6822F480221A60FBF7E4FE1A
:108AA8008E4E41F28837054605E0FBF7DDFE401B98
:108AB800B84200F2428133689A03F6D523689D07CD
:108AC80000F18580D9062FD5844A1369926A03F08C
:108AD8003803082B00F0DA80182B00F0D280E36905
:108AE8007E4D002B00F065812B6843F080032B60DE
:108AF800FBF7BAFE064605E0FBF7B6FE801B022828
:108B080000F21B812B68DB05F6D5FBF7C5FE41F2A9
:108B18000303984200F20B826B68226A23F0F84341
:108B280043EA82636B6023681D0716D563696B4D42
:108B3800002B00F01C816B6F43F001036B67FBF7A0
:108B480093FE064605E0FBF78FFE801B022800F225
:108B5800F4806B6F9807F6D523689A0616D5A36933
:108B68005E4D002B00F014812B6843F480532B607A
:108B7800FBF77AFE064605E0FBF776FE801B022827
:108B880000F2DB802B689F04F6D52368590700F1B3
:108B98009B80636ACBB1514D2A6902F03802182ACA
:108BA8006DD0022B2B6823F080732B6000F0398185
:108BB800FBF75AFE044605E0FBF756FE001B0228A9
:108BC80000F2BB802B689B01F6D40020F8BD434A15
:108BD8001369926A13F0380329D1404BE2681B6885
:108BE800590701D5002A4AD03C4D2B6823F01903B8
:108BF80013432B60FBF738FE064605E0FBF734FE0F
:108C0800801B022800F299802B685B07F6D5FBF7DA
:108C180043FE41F20303226998426B6800F2F08038
:108C280023F47C3343EA02336B6023684AE7182B4A
:108C380000F0E280294DE2682B68002A00F0CB8022
:108C480023F0190313432B60FBF70EFE064604E0DE
:108C5800FBF70AFE801B02286FD82B685F07F7D541
:108C6800D5E701F0030102297FF403AF1B4A12681C
:108C780091037FF524AF6268002A7FF420AF0120BA
:108C8800F8BD02F00302012A7FF429AF134B1B68D9
:108C9800DA0502D5E369802BF1D1FBF7FDFD41F23E
:108CA80003030E4A9842216A00F2B380536823F006
:108CB800F84343EA81635360236835E7074A13683A
:108CC80043F480331360E9E6054D2B6843F4807361
:108CD8002B60FBF7C9FD064609E000BF00440258B7
:108CE80000480258FBF7C0FD801B642825D82B6874
:108CF800DA05F7D5A368012B00F02281002B00F0DC
:108D0800FD80052B954B1A6F00F0208122F001029F
:108D18001A671A6F22F004021A67FBF7A5FD8F4E37
:108D280041F28837054604E0FBF79EFD401BB84238
:108D380003D8336F9B07F7D52BE70320F8BD874D82
:108D480041F288372B6823F480332B602B6823F497
:108D580080232B60FBF788FD064604E0FBF784FDC3
:108D6800801BB842E9D82B689B03F7D4A6E66B6F43
:108D780023F001036B67FBF777FD064604E0FBF77A
:108D880073FD801B0228D8D86B6F9907F7D4E3E6E8
:108D98002B6823F480532B60FBF766FD064604E03E
:108DA800FBF762FD801B0228C7D82B689804F7D40C
:108DB800EBE62B6823F080032B60FBF755FD064696
:108DC80004E0FBF751FD801B0228B6D82B68DF05AD
:108DD800F7D42368A8E623F001032B60FBF744FDD2
:108DE800064604E0FBF740FD801B0228A5D82B6847
:108DF8005807F7D4236865E690077FF41BAFECE6C5
:108E080023F0FE4343EA02636B6023685AE60120BD
:108E18007047D36823F07C5343EA0163D360236827
:108E280082E6FBF721FD064604E0FBF71DFD801BEB
:108E3800022882D82B689901F7D4A96A484BA26AFC
:108E48000B404849454E1343E26A43EA0213AB62BA
:108E5800D4E90D32013B013A5B0212049BB202F4E1
:108E6800FE021343226B013AC2F308021343E26B7A
:108E7800013A120602F0FE4213432B63EB6A23F019
:108E88000103EB626A6BA36C114041EAC301696399
:108E9800EB6A226C23F00C031343EB62EB6A626CFF
:108EA80023F002031343EB62EB6A43F48033EB6273
:108EB800EB6A43F40033EB62EB6A43F48023EB6222
:108EC800EB6A43F00103EB622B6843F080732B607D
:108ED800FBF7CAFC044605E0FBF7C6FC001B0228AA
:108EE8003FF62BAF33689A01F6D56EE642F480223E
:108EF8001A601A6842F480321A60CFE5174D41F2C1
:108F080088372B6F23F001032B672B6F23F00403A3
:108F18002B67FBF7A9FC064605E0FBF7A5FC801BC1
:108F2800B8423FF60AAF2B6F9807F6D431E6EB68E4
:108F3800226A23F07C5343EA0263EB602368F3E57B
:108F4800064A136F43F001031367E6E642F0040292
:108F58001A671A6F42F001021A67DEE600440258E7
:108F68000CFCFFFF0700FFFF474A136903F03803B3
:108F7800102B04D0182B0DD01BB14448704744481F
:108F88007047136899064AD513684248C3F3C1036A
:108F9800D8407047936A30B4946AD56A14F47C7FD9
:108FA800516BC4F3051038D0C1F3CC0105F00105AD
:108FB80003F0030305FB01F1012B07EE901AB8EE4D
:108FC800E77A02D0022B2CD093B307EE900A9FEDDC
:108FD800325AF8EEE77A136BC5EE276ADFED2F5A9F
:108FE800C3F3080307EE903AB7EE006AF8EEE77AA3
:108FF800E7EE257A77EE867A66EEA76A224B1B6B38
:10900800C3F34623013307EE903AB8EEE77AC6EE8B
:10901800877AFCEEE77A17EE900A30BC70471D4855
:10902800704707EE900A9FED1E5AF8EEE77AD2E7EE
:1090380013689B0620D5146807EE900A1549F7EEC9
:10904800005A136BC4F3C104F8EEE77A9FED135A84
:10905800C3F30803E14006EE903A06EE101AF8EE64
:10906800E66AB8EEC66AE7EE056A86EE277A76EE15
:10907800A56A66EE876AC1E707EE900A9FED095A6E
:10908800F8EEE77AA7E700BF0044025800093D0060
:109098000024F4000090D0030024744A0000003932
:1090A8000024744B0024744C002800F00281874A85
:1090B800136803F00F038B422DE9F04104460D4677
:1090C8000CD2136823F00F030B431360136803F0EB
:1090D8000F038B4202D00120BDE8F08123685F07AF
:1090E8000BD57B4920698A6902F07002904204D945
:1090F8008A6922F0700202438A611E070BD57449FF
:109108006069CA6902F07002904204D9CA6922F003
:1091180070020243CA61D8060BD56D49A069CA69B5
:1091280002F4E062904204D9CA6922F4E062024380
:10913800CA6199060BD56649E0690A6A02F07002AD
:10914800904204D90A6A22F0700202430A629A071E
:1091580040F1A1805E48E168826902F00F02914205
:1091680004D9826922F00F020A438261D80730D5F8
:10917800574AA168936923F470630B43936161684C
:109188001368022900F09780032900F08E800129D6
:1091980000F0978058079ED54D4E41F288383369C4
:1091A80023F007030B433361FBF75EFB074605E03B
:1091B800FBF75AFBC01B404500F2818033696268A7
:1091C80003F03803B3EBC20FF2D12368990706D531
:1091D800E1683F48826902F00F028A425FD83B4942
:1091E8000A6802F00F02AA420AD90A6822F00F029E
:1091F8002A430A600A6802F00F02AA427FF46BAFA2
:109208005A070BD5324920698A6902F070029042E8
:1092180004D28A6922F0700202438A611F070BD5C3
:109228002B496069CA6902F07002904204D2CA6987
:1092380022F070020243CA61DE060BD52449A069F8
:10924800CA6902F4E062904204D2CA6922F4E06278
:109258000243CA619D060BD51D4AE169136A03F0F2
:109268007003994204D2136A23F070030B4313620C
:10927800FFF77AFE164A0346164892691649C2F362
:109288000322825C0E2002F01F02D340BDE8F041A9
:109298000B60FBF787BADA073FF56AAF9FE7826989
:1092A80022F00F021143816199E79F013FF574AFE6
:1092B80011E7012070479B033FF56EAF0BE70320D2
:1092C8000AE7DE053FF568AF05E700BF002000525A
:1092D80000440258200401083C02002408B501F0AB
:1092E80095F9064B06499B69064A03F00F03CB5CC8
:1092F80003F01F03D840106008BD00BF00440258A7
:10930800200401084002002410B501F07FF9094942
:10931800094A8B69094C03F00F03D35C03F01F0360
:10932800D8402060CB69C3F30213D35C03F01F035A
:10933800D84010BD0044025820040108400200240F
:1093480010B501F063F90949094A8B69094C03F022
:109358000F03D35C03F01F03D8402060CB69C3F32D
:109368000223D35C03F01F03D84010BD0044025809
:109378002004010840020024F8B53A4CA36A03F01F
:109388000303032B67D0236806460F4623F0806348
:109398002360FBF769FA054604E0FBF765FA431B0F
:1093A800022B56D823681A01F7D4A36A326823F42B
:1093B8007C3343EA0233A362D6E90232013B013A25
:1093C8005B0212049BB202F4FE0213437268013A74
:1093D800C2F3080213433269013A120602F0FE4250
:1093E8001343A363E36A726923F0C0031343E36280
:1093F800E26AB36922F020021A431B4BE262E26A76
:1094080022F01002E262E16BF2690B4043EAC20308
:10941800E363E36A43F01003E362E36AEFB1012F09
:109428000CBF43F4801343F40013E3620D4C23682C
:1094380043F080632360FBF717FA054604E0FBF767
:1094480013FA401B022804D823681B01F7D5002013
:10945800F8BD0320F8BD0120F8BD43F40023E36202
:10946800E4E700BF004402580700FFFFF8B53A4C94
:10947800A36A03F00303032B67D0236806460F464D
:1094880023F080532360FBF7EFF9054604E0FBF770
:10949800EBF9431B022B56D823689A00F7D4A36A2A
:1094A800326823F07C7343EA0253A362D6E902329E
:1094B800013B013A5B0212049BB202F4FE02134321
:1094C8007268013AC2F3080213433269013A12067C
:1094D80002F0FE4213432364E36A726923F4406393
:1094E8001343E362E26AB36922F400721A431B4B26
:1094F800E262E26A22F48072E262616CF2690B4015
:1095080043EAC2036364E36A43F48073E362E36A91
:10951800EFB1012F0CBF43F4000343F08073E36203
:109528000D4C236843F080532360FBF79DF90546F3
:1095380004E0FBF799F9401B022804D823689B0034
:10954800F7D50020F8BD0320F8BD0120F8BD43F48D
:109558008003E362E4E700BF004402580700FFFF0E
:109568002DE9F8430368044613F0006622D0426EE2
:10957800B2F5001F00F0CE8411D8002A00F0F8845C
:10958800B2F5801F40F0F18402210430FFF7F4FEA9
:109598000646002E40F08684626E236803E0B2F52A
:1095A800401F40F0E284A8480026016D21F44011D4
:1095B8000A430265DD050AD5626D042A06D8DFE88C
:1095C80012F0A20493049A04DF02DF020126354652
:1095D80098051BD5A26D802A00F05B8400F2EC8010
:1095E800002A00F08B83402A40F0ED800021201DE6
:1095F800FFF7C2FE23680546002D40F067839249B5
:10960800A06D0A6D22F4E07202430A6559051FD560
:10961800D4F8A420B2F5800F00F0478400F2D68079
:10962800002A00F07183B2F5001F40F0D7800021B6
:10963800201DFFF7A1FE23680546002D40F0448356
:109648008149D4F8A4008A6D22F4600202438A6535
:109658001A051FD5D4F8A820B2F1007F00F02E8497
:1096680000F2BF80002A00F05583B2F1807F40F0FD
:10967800C0800021201DFFF77FFE23680546002DCE
:1096880040F02A837049D4F8A8008A6D22F0E0627D
:1096980002438A659F0118D5A26C202A00F0DA835C
:1096A80000F2AA803AB1102A40F0A9806649CA6A35
:1096B80042F40032CA62002D40F059836249A06C1E
:1096C800CA6C22F030020243CA64D8041DD5E26D88
:1096D800B2F5005F00F0FB8300F29480002A00F0EE
:1096E8001F83B2F5805F40F095800021201DFFF7B1
:1096F80043FE23680546002D40F0EC825249E06D98
:109708000A6D22F4E04202430A6599041AD5226ED2
:10971800B2F5003F00F074837FD84AB1B2F5803FBC
:1097280040F083800121201DFFF726FE23680546AF
:10973800002D40F01E834449206E0A6D22F4E02279
:1097480002430A655A041BD5D4F8AC20B2F1005F75
:1097580000F060836CD842B1B2F1805F70D1012112
:10976800201DFFF709FE23680546002D40F00383FE
:109778003549D4F8AC008A6D22F0E04202438A658C
:109788001F040DD5E26EB2F1805F00F03183B2F1B3
:10979800005F00F00182002A00F0048201263546AD
:1097A800D8015DD5626C032A00F20A84DFE812F062
:1097B800540017034E005400C02A3FF41DAFB2F501
:1097C800807F3FF419AF012635461FE7B2F5C00F79
:1097D8003FF433AFB2F5000F3FF42FAF0126354603
:1097E80036E7B2F1407F3FF44AAFB2F1806F3FF401
:1097F80046AF012635464DE7302A3FF45CAF0126D7
:10980800354662E7B2F5405F3FF475AFB2F5804F79
:109818003FF471AF0126354677E722F48031B1F580
:10982800802F85D0B2F5403F82D00126354689E7A2
:1098380022F08051B1F1804F97D0B2F1405F94D0BF
:10984800012635469CE700BF004402580221201D2E
:10985800FFF792FD23680546002D00F06B822E4627
:10986800590200F1F081DF072FD5A26F282A2AD8E4
:10987800DFE812F0D3012900290029002900290076
:10988800290029006D032900290029002900290041
:1098980029002900CC0129002900290029002900D4
:1098A80029002900D30129002900290029002900BD
:1098B80029002900D30129002900290029002900AD
:1098C80029002900D30101263546980716D5626F6D
:1098D800052A00F27883DFE812F00D003003060055
:1098E8000D000D000D00012104F12400FFF7BEFD5D
:1098F80023680546002D00F025822E46590717D506
:10990800D4F89020052A00F26183DFE812F00D00F8
:109918000C0306000D000D000D00012104F12400C8
:10992800FFF7A4FD23680546002D00F013822E469C
:109938009A061DD5D4F88C20B2F1005F00F045825C
:1099480000F2DC804AB1B2F1805F40F0E180002192
:10995800201DFFF711FD23680546002D40F0058204
:10996800A949D4F88C004A6D22F0E04202434A65C6
:109978005F061DD5D4F89820B2F5006F00F0548228
:1099880000F2C9804AB1B2F5806F40F0CE80002164
:10999800201DFFF7F1FC23680546002D40F0C88123
:1099A8009949D4F898008A6D22F4E05202438A65F6
:1099B80018061DD5D4F89C20B2F5804F00F03F82E0
:1099C80000F2B6804AB1B2F5005F40F0BB800021DA
:1099D800201DFFF7D1FC23680546002D40F0A68125
:1099E8008949D4F89C008A6D22F4604202438A6552
:1099F80019070BD5D4F88010B1F5805F00F03E82CE
:109A08008148426D22F440520A434265DA060BD57A
:109A1800D4F89410B1F5807F00F025827A48826DE1
:109A280022F440720A4382651F030ED5D4F8A010B1
:109A3800B1F5803F00F0D480B1F5003F00F0D78049
:109A4800002900F0BA810126354658030FD5D4F80D
:109A58008420B2F5001F00F0B080B2F5401F00F07E
:109A6800B380B2F5801F00F0A08101263546D903E6
:109A780009D5E26C002A00F08681B2F5803F00F03B
:109A88002D81012635469A0000F1D2809F035CD4CF
:109A9800301E18BF0120DE0206D55B49256F0A6D0E
:109AA80022F000422A430A65DD0007D55649D4F85A
:109AB800B4500A6922F480422A430A61990206D501
:109AC8005149A56E0A6D22F080722A430A655A0030
:109AD80009D54D4A116921F4004111611169D4F881
:109AE800B85029431161002B06DA474A216DD36C1F
:109AF80023F040530B43D364BDE8F88322F0805130
:109B0800B1F1804F3FF429AFB2F1405F3FF425AF88
:109B1800012635462CE722F48061B1F5805F3FF4D9
:109B28003CAFB2F5406F3FF438AF012635463FE70A
:109B380022F40051B1F5004F3FF44FAFB2F5C04FDA
:109B48003FF44BAF0126354652E7E26FB2F5807F0E
:109B580000F0228106D922F48071B1F5007F03D08C
:109B6800012098E7002AFBD1002DF9D1264D301E9F
:109B7800696D18BF012021F440710A436A658AE7BC
:109B88003546002D40F0A4801F49606D0A6D22F013
:109B9800070202430A651BE50121201DFFF7ECFBC4
:109BA80023680546002D40F0DE801749E06E0A6DF7
:109BB80022F0405202430A65F2E5012104F1240033
:109BC800FFF754FC23680546002D40F0DA800E4963
:109BD800D4F884004A6D22F4401202434A6546E7ED
:109BE800022104F12400FFF741FC23680546002DFB
:109BF80040F0C5800449D4F8A0008A6D22F44032B0
:109C080002438A6521E700BF00440258012104F19C
:109C18002400FFF72BFC23680546002D40F0AD809B
:109C2800AF49A06F4A6D22F0380202434A654CE6FC
:109C3800022104F12400FFF719FC236800283FF4EF
:109C480025AF012622E7A74F3B6843F480733B60AA
:109C5800FAF70AFE804606E0FAF706FEA0EB0800CF
:109C6800642800F27E813B68DA05F5D5002D40F0C6
:109C7800A4819B4AD4F8B030116F594011F4407F49
:109C88000BD0116F106F21F4407140F480301067D1
:109C9800106F20F4803010671167B3F5807F00F0F3
:109CA8006E8103F44072B2F5407F00F07C818C49EC
:109CB8000A6922F47C520A61894AC3F30B03116FC3
:109CC8000B4313672368CEE52E46C1E42E469DE478
:109CD8002E467DE42E4618E52E46DBE40221201DA3
:109CE800FFF74AFB05462368002D53D17C49E06CF9
:109CF800CA6C22F480320243CA64C4E67849CA6A4C
:109D080042F40032CA6277E47549CA6A42F4003202
:109D1800CA6292E47249CA6A42F40032CA62AEE484
:109D28006F49CA6A42F40032CA62E4E42E465FE62A
:109D38002E463DE66A49606CCA6C22F00302024373
:109D4800CA648DE56649606F4A6D22F007020243D6
:109D58004A65D3E56249D4F890008A6D22F007027B
:109D680002438A65E4E52E461AE52E4600E62E46AD
:109D7800ABE42E46E6E42E4602E52E46A5E52E4641
:109D880063E62E4673E65649CA6A42F40032CA624E
:109D9800002DABD02E4676E65148C16A41F4003119
:109DA800C162002D7FF4DCAEE0E64D49CA6A42F498
:109DB8000032CA62002DE4D109E7201DFFF7DCFA62
:109DC80005462368002DDAD114E7022104F12400A6
:109DD800FFF74CFB05462368002DC6D1C0E5404976
:109DE800CA6A42F40032CA62002D7FF438ADA1E796
:109DF8003B49CA6A42F40032CA62002DB3D1D4E6A4
:109E0800012104F12400FFF731FB05462368002DEA
:109E1800AFD190E4012104F12400FFF727FB0546A8
:109E28002368002DA7D1A3E4022104F12400FFF741
:109E38001DFB05462368002D7FF47AAFB0E50221AB
:109E480004F12400FFF712FB05462368002D7FF478
:109E58006DAFC5E50221201DFFF78EFA0546236880
:109E6800002D84D12AE4022104F12400FFF7FEFA30
:109E7800236800283FF4D8AD0126D5E5022104F176
:109E88002400FFF7F3FA236800283FF4BFAD01264A
:109E9800BCE5002104F12400FFF7E8FA2368054631
:109EA800FFF7AABB2368FFF785BB002104F1240054
:109EB800FFF7DCFA23680546FFF7BFBB002104F172
:109EC8002400FFF7D3FA23680546FFF7D8BB002123
:109ED80004F12400FFF7CAFA236805460BE400BF23
:109EE80000440258004802580021201DFFF744FA98
:109EF8002368054645E6002104F12400FFF7B6FA79
:109F0800236805463DE633493546CA6A42F40032BD
:109F1800CA6236E602212430FFF7A8FA0646002E68
:109F28003FF43AABBEE70121201DFFF725FA0546AD
:109F38002368002D7FF4FBAC0CE70121201DFFF7FF
:109F48001BFA05462368002D7FF4D7ACFAE60121F9
:109F5800201DFFF711FA05462368002D7FF40DAF89
:109F68005EE60326236835467DE40126FFF722BB1B
:109F78001848C16A41F40031C162FFF714BBFAF70F
:109F880073FCDFF85080074641F2883904E0FAF79D
:109F98006BFCC01B4845E4D8D8F870309B07F6D551
:109FA800D4F8B0307DE60B480B4A016902EA131277
:109FB80021F47C510A4302617EE623682E4652E46E
:109FC800012635464CE40126354697E401263546F8
:109FD800AEE400BF00440258CFFFFF0008B5FFF70A
:109FE8007DF9054B054A1B6AC3F30213D35C03F0E2
:109FF8001F03D84008BD00BF0044025820040108D0
:10A00800584B70B4996A9D6ADE6A15F47C3FC5F3B3
:10A018000532DC6B5CD0C4F3CC0406F0100601F00A
:10A02800030106FB04F4012907EE904AB8EEE77A2B
:10A0380003D0022975D000294FD007EE902ADFED12
:10A048004A6AF8EEE77A9B6B86EEA76A9FED475A55
:10A05800C3F3080306EE903AF7EE005AF8EEE66A04
:10A06800E7EE056A76EEA56A66EE266A3D4AB7EE21
:10A07800006A936BC3F3462307EE103AB8EEC77A2B
:10A0880070BC37EE067AC6EE877AFCEEE77AC0ED4A
:10A09800007A936BC3F3064307EE103AB8EEC77A1B
:10A0A80037EE067AC6EE877AFCEEE77AC0ED017ADB
:10A0B800936BC3F3066307EE903AF8EEE77A77EE10
:10A0C800867A86EEA77ABCEEC77A80ED027A704768
:10A0D80070BCC0E90022826070471968890627D5DC
:10A0E8001C6807EE902A2249F7EE005A9B6BC4F3CE
:10A0F800C102F8EEE77A9FED1D5AC3F30803D14079
:10A1080006EE903A06EE101AF8EEE66AB8EEC66A5F
:10A11800E7EE056A86EE277A76EEA56A66EE876A26
:10A12800A4E707EE902ADFED136AF8EEE77A8AE7EC
:10A1380007EE902A9FED105A9B6BB7EE006AF8EE77
:10A14800E77ADFED0A5AC3F30803C5EE276A07EE7C
:10A15800903AF8EEE77AE7EE257A77EE867A66EEB9
:10A16800A76A83E7004402580024744A00000039B3
:10A178000090D0030024744B0024744C584B70B4E6
:10A18800996A9D6ADE6A15F07C7FC5F305525C6C9E
:10A198005CD0C4F3CC0406F4807601F0030106FB1E
:10A1A80004F4012907EE904AB8EEE77A03D00229B1
:10A1B80075D000294FD007EE902ADFED4A6AF8EEF5
:10A1C800E77A1B6C86EEA76A9FED475AC3F308032C
:10A1D80006EE903AF7EE005AF8EEE66AE7EE056A00
:10A1E80076EEA56A66EE266A3D4AB7EE006A136CFB
:10A1F800C3F3462307EE103AB8EEC77A70BC37EEC1
:10A20800067AC6EE877AFCEEE77AC0ED007A136C20
:10A21800C3F3064307EE103AB8EEC77A37EE067A6C
:10A22800C6EE877AFCEEE77AC0ED017A136CC3F3C9
:10A23800066307EE903AF8EEE77A77EE867A86EECE
:10A24800A77ABCEEC77A80ED027A704770BCC0E985
:10A258000022826070471968890627D51C6807EEB6
:10A26800902A2249F7EE005A1B6CC4F3C102F8EE9B
:10A27800E77A9FED1D5AC3F30803D14006EE903AE2
:10A2880006EE101AF8EEE66AB8EEC66AE7EE056A58
:10A2980086EE277A76EEA56A66EE876AA4E707EE69
:10A2A800902ADFED136AF8EEE77A8AE707EE902A3C
:10A2B8009FED105A1B6CB7EE006AF8EEE77ADFEDF7
:10A2C8000A5AC3F30803C5EE276A07EE903AF8EE78
:10A2D800E77AE7EE257A77EE867A66EEA76A83E76D
:10A2E800004402580024744A000000390090D0034A
:10A2F8000024744B0024744C584B70B4996A9D6ABE
:10A30800DE6A15F47C7FC5F305125C6B5CD0C4F380
:10A31800CC0406F0010601F0030106FB04F4012950
:10A3280007EE904AB8EEE77A03D0022975D00029E3
:10A338004FD007EE902ADFED4A6AF8EEE77A1B6BFA
:10A3480086EEA76A9FED475AC3F3080306EE903AD4
:10A35800F7EE005AF8EEE66AE7EE056A76EEA56AC9
:10A3680066EE266A3D4AB7EE006A136BC3F34623CE
:10A3780007EE103AB8EEC77A70BC37EE067AC6EE2A
:10A38800877AFCEEE77AC0ED007A136BC3F30643D5
:10A3980007EE103AB8EEC77A37EE067AC6EE877A35
:10A3A800FCEEE77AC0ED017A136BC3F3066307EEA0
:10A3B800903AF8EEE77A77EE867A86EEA77ABCEEE0
:10A3C800C77A80ED027A704770BCC0E900228260CB
:10A3D80070471968890627D51C6807EE902A224914
:10A3E800F7EE005A1B6BC4F3C102F8EEE77A9FED53
:10A3F8001D5AC3F30803D14006EE903A06EE101A30
:10A40800F8EEE66AB8EEC66AE7EE056A86EE277ADF
:10A4180076EEA56A66EE876AA4E707EE902ADFED76
:10A42800136AF8EEE77A8AE707EE902A9FED105A4A
:10A438001B6BB7EE006AF8EEE77ADFED0A5AC3F352
:10A448000803C5EE276A07EE903AF8EEE77AE7EEDA
:10A45800257A77EE867A66EEA76A83E70044025883
:10A468000024744A000000390090D0030024744B83
:10A478000024744CB0F5807F00B585B048D0B0F5A5
:10A48800007F11D0B0F5806F00F08280B0F5006FCA
:10A4980052D0B0F5805F2CD0B0F5002F00F0968038
:10A4A800002005B05DF804FB534A136D03F4E07314
:10A4B800802B59D012D9C02B26D0B3F5807FEFD18D
:10A4C800D36C13F040535BD0B3F1805F00F08D8004
:10A4D800B3F1005F494818BF0020E2E7002B3CD0E9
:10A4E800402BDDD101A8FFF78BFD019805B05DF881
:10A4F80004FB414A136D03F4E043B3F5005F33D026
:10A5080029D9B3F5405F58D13D4805B05DF804FB43
:10A51800394B1B6D03F00703042BC1D801A252F875
:10A5280023F000BF63A50008EDA4000871A500088A
:10A5380011A500087FA500082F4A936D03F0E0637A
:10A54800B3F1007F10D01DD9B3F1407FDCD0B3F157
:10A55800806FB5D0A4E7002B34D101A8FFF7CCFE5B
:10A56800029805B05DF804FB01A8FFF707FE019803
:10A5780005B05DF804FB204BDB6C13F04053A3D10E
:10A5880020488EE7002BE8D0B3F1807FAAD087E778
:10A59800194A936D03F46003B3F5800FE4D005D82E
:10A5A800002BDAD0B3F5001F9CD079E7B3F5C00FC4
:10A5B800AAD0B3F5000F83D072E7B3F5804F3FF40C
:10A5C8007FAF6DE7B3F5805F8CD069E70A4A936D7A
:10A5D80003F44033B3F5803F09D0B3F5003F3FF4AF
:10A5E8006FAF002B7FF45CAF7CE7074859E701A801
:10A5F800FFF7C4FD039854E7004402580024F40010
:10A608000080BB000090D00300093D0008B5FEF7AC
:10A61800ABFC064B06499B69064AC3F30323CB5C94
:10A6280003F01F03D840106008BD00BF0044025863
:10A63800200401083C020024F8B501680546AC4B2B
:10A6480099421FD0203399421CD003F57873994260
:10A6580058D02033994255D003F57873994200F0C9
:10A668001E812033994200F01A8195F89130A14E4D
:10A6780003F0FF026BB9284685F89020F8F71AFA1C
:10A68800296806E09C4E95F8913003F0FF02002BF4
:10A69800F1D09A4B9A4A1B68A2FB03230A681B0B4A
:10A6A80022F480329B000A6023B30C68013B14F447
:10A6B8008034F9D1022385F89130EB68012B00F042
:10A6C8001081022B15BF032023200227222715BF44
:10A6D8004FF0010C4FF0210C00222022AB68013B07
:10A6E800042B00F24B81DFE813F0CF001000D600F6
:10A6F8000F00D200D5F89430012043F04003C5F88C
:10A708009430F8BD7F4EBEE73A464FF400672B6A97
:10A718003260002B44D0764B994200F01E817A4873
:10A72800081AB0FA80F04009002840F01681774BEB
:10A73800994200F00C812033994200F00881744B53
:10A74800994200F0FE802033994200F0FA80714B64
:10A75800994200F00881704B994200F00A81AB6978
:10A7680000EB8000B3F5002F4FEA400300F0E280D1
:10A77800AA6A296AB2F1806F0CBF0222012201FB8A
:10A7880002F21202B3FBF2F3644AA2FB0312D208EC
:10A7980002EB8201A3EB4103092B08BF01326A6275
:10A7A8006B6833F002032B6D40F09680012B14BFC9
:10A7B8004FF400740024FAF76FF8696CB0F5005F85
:10A7C800D5E9003242EA0102A96C42EA0102E96CC9
:10A7D80042EA0102E96A42EA0102696942EA0102BF
:10A7E80072D3A96918680A43A96A0A434C49014007
:10A7F800196029690A4319680A43696A42EA0152D9
:10A8080048493A4322431A605A68286B1140EA695A
:10A818000243686B5960024359680A4342495A60C7
:10A828009A6811406A6E9960E96D98680A43296EC2
:10A838000A43696D01390A43A96D013942EA0122C7
:10A8480002434FF220009A60D968AA6E0140D9608D
:10A85800E96ED8680A43696F42EA0142296F0139F3
:10A8680042EA0122224902438B42DA6019D0294A7E
:10A87800934216D000230122C5F89430184685F873
:10A88800903085F89120F8BD4FF480673FE7024685
:10A898004FF400673BE762464FF4006737E7234E03
:10A8A800F1E6736C23F00103736495F83830012BDB
:10A8B800E0D1D5E90F23013A43EA02137364736CBC
:10A8C80043F001037364D5E7A96918680A43184976
:10A8D80001401960A96A8DE7012B08BF4FF4007485
:10A8E80069E7132012274FF0110C1022F6E600BF7B
:10A8F8000458014000540058005801403C0200240C
:10A908001BECCB95005C014024580140045C0140DD
:10A91800046001400454005824540058CDCCCCCCD9
:10A9280010C005F0F01FFFFF0080F8FF0060014035
:10A9380010C005F82A6A696D01FB02F2B3FBF2F355
:10A9480022E74FF40070FFF795FD2968FFE64FF402
:10A958000070FFF78FFD2968F1E64FF48070FFF76C
:10A9680089FD2968E3E64FF48060FFF783FD2968D5
:10A97800F1E64FF40060FFF77DFDF0E60027C6E63C
:10A98800022938B5044635D9C81E012830D8002018
:10A9980023676064E064E065A0664FF6FF70606757
:10A9A800606830F002000CBF0125002504294FF42F
:10A9B800003125650CBF01200D2021664FF4802150
:10A9C800A0656166032A13D8DFE802F0474E5436C3
:10A9D8002368484A934205D002F1C052A2F5823258
:10A9E800934205D16368012B02D1636C002B2FD0F1
:10A9F800012038BD002023676064E064A0666068B9
:10AA080030F0020014BF0120002020654FF4803090
:10AA1800E0654FF6FF70606713F00100E8D14D1E46
:10AA2800012D29D860664FF400302066032ADFD84C
:10AA3800DFE802F05546362CE0215B018022A16454
:10AA48006365E266F9F728FF94F83830012BBFD028
:10AA58002046BDE83840FFF7EFBD80211B014022AA
:10AA6800A1646365E266EDE780225B01A264636529
:10AA7800E266E7E7C021E0E720664FF480206066E1
:10AA8800032AB5D8DFE802F02B1C0C025B08E02093
:10AA980080219A01A0645B01E166C4E91523D1E72E
:10AAA8005B08C022802502294FEA8310A2644FEA7E
:10AAB8004313E5666065A365C4D10823A366C1E7AF
:10AAC8005B08802202294FEA8310A2644FEA4313ED
:10AAD800E266C4E91503B5D11023A366B2E75B08A3
:10AAE800802040215A01A0641B01E166C4E91523B6
:10AAF800A8E700BF0458014018B338B590F82C30C7
:10AB080004460D4603F0FF02B3B12146022384F840
:10AB18002C3051F8040B01F057FE62682946206872
:10AB280001F090FE084A01210020136843F0004319
:10AB3800136084F82C1038BD80F82D20F6F7AEFA93
:10AB4800E3E70120704700BF0040005270B590F85D
:10AB58002C300446022BD8B204D000F0FB06012E9C
:10AB680001D0012070BD02230D46206884F82C30E6
:10AB780001F0B4FE2B68022B03D0002084F82C606F
:10AB880070BD0523002084F82C3070BD38B590F8CE
:10AB98002C300446022BD8B205D094F82C30012B67
:10ABA800DDB201D0012038BD0223206884F82C30A2
:10ABB80001F0A8FE002084F82C5038BDF8B5D0F874
:10ABC8008070202F44D1002940D0B2FA82F676094D
:10ABD800002A3BD0044690F87C00012838D0012593
:10ABE8002123606FA4F856202165C4F88860A4F872
:10ABF800542084F87C50C4F88030D8B1DFF854C0B1
:10AC080013462268C0F83CC0DFF84CC028320665FD
:10AC1800C0F840C0DFF844C0C0F84CC0FAF7A4FF41
:10AC280040B11023284684F87C60C4F88830C4F802
:10AC38008070F8BD2368002240211046196284F80C
:10AC48007C209A6842F080029A60F8BD0120F8BD25
:10AC58000220F8BD15AD000845AD000895AD000807
:10AC6800F8B5D0F88470202F48D1002944D0B2FA22
:10AC780082F67609002A3FD090F87C300446012BF2
:10AC88003CD001252223C0F888608165A0F85C20AB
:10AC980080F87C50C0F88430806FE0B1DFF860C085
:10ACA80013460A462168C0F83CC0DFF858C0243172
:10ACB8000665C0F840C0DFF850C0C0F84CC0FAF7CD
:10ACC80053FF40B11023284684F87C60C4F88830CC
:10ACD800C4F88070F8BD2368002084F87C001A68E6
:10ACE80042F480721A609A6842F001029A609A6887
:10ACF80042F040029A60F8BD0120F8BD0220F8BD7C
:10AD080051AD000889AD000895AD000808B5C369C4
:10AD1800806BB3F5807F0CD003680022A0F8562022
:10AD28009A6822F080029A601A6842F040021A601B
:10AD380008BDF8F711FE08BD704700BF806B08B565
:10AD4800FFF7FAFF08BD00BF08B5C369806BB3F50C
:10AD5800807F12D0036800222021A0F85E201A68A4
:10AD680022F480721A609A6822F001029A609A6846
:10AD780022F040029A60C0F88410F8F7F1FD08BD8F
:10AD8800806B08B5F8F736FE08BD00BF806B38B594
:10AD98000368D0F88040D0F884109A68150601D569
:10ADA800212C1DD09A68520601D5222908D0D0F846
:10ADB800883043F01003C0F88830F8F763FE38BDD8
:10ADC80000240F4A2025A0F85E40196821F49071EC
:10ADD800196099680A409A60C0F88450C466E6E72A
:10ADE80000222024A0F856201A6822F0C0021A6017
:10ADF8009A6822F400029A60C0F88040D2E700BF47
:10AE0800FEFFFFEF0268D36970B51E071568044698
:10AE1800916800F084806C4805F4907C08405CEAF6
:10AE280000061DD1D80202D54E0200F19D801806F9
:10AE380006D501F4000105F08000014340F08C8044
:10AE48005E0602D5680600F19B80190202D56A00E9
:10AE580000F1A380DB0102D5002DC0F2AA8070BDED
:10AE6800DE0709D5EE0507D501261662D4F88860F5
:10AE780046F00106C4F888609E0760D5CE0709D55C
:10AE880002261662D4F8886046F00406C4F8886082
:10AE98005E0758D41E070CD505F0200C5CEA0000AC
:10AEA80007D008201062D4F8880040F00800C4F8E1
:10AEB8008800D4F888000028D1D09E0606D505F071
:10AEC800200501F0805155EA01036BD1D4F8885070
:10AED800936805F0080503F040031D436ED0116820
:10AEE80020203A4B21F49071116091680B400021A9
:10AEF8009360C4F884009368E1665D063CD5936866
:10AF0800A06F23F040039360002835D0304B0365D1
:10AF1800FAF74AFF0028A2D0A06F036D0CE09E0646
:10AF280080D505F0200C01F0805E5CEA0E063FF447
:10AF380079AFC36E002B92D0BDE8704018475E070A
:10AF4800A8D5CE07A6D504261662D4F8886046F0A0
:10AF58000206C4F888609DE7236F002B3FF47FAF9B
:10AF68002046BDE8704018474FF48013204613620E
:10AF7800BDE8704001F068BB2046F8F783FD70BD5E
:10AF880013682020002123F040031360C4F88000D8
:10AF980020462167F8F7E0FC70BD2046BDE8704008
:10AFA80001F056BBE36E002B90D0204698472268EC
:10AFB8008CE72046BDE8704001F048BB2046F8F712
:10AFC80061FDC4F8885070BD01000010FEFFFFEF5E
:10AFD800DDAF000808B5806B0023A0F85E30A0F84C
:10AFE8005630F8F74FFD08BDD0F88020D0F884001F
:10AFF80010437047F0B58268044687B02368D0E9EB
:10B0080004101D680A43616E0243E06902430A4363
:10B01800A8492940A84D0A43E168AB421A605A681A
:10B0280022F4405242EA0102A1695A6000F09D8070
:10B03800226A9D681143A14A666A2A4011439960B1
:10B04800DA6A22F00F023243DA629D4A934224D030
:10B058009C4A934255D09C4A934200F02F829B4AC7
:10B06800934200F09B829A4A934200F0E980994A01
:10B07800934200F09D82984A934200F0D885974AFF
:10B08800934200F0D682012500234FF00112284692
:10B098002367C4E91A2307B0F0BD914B5B6D03F039
:10B0A8003803282BEFD88F4AD55CB0F5004F33D042
:10B0B800202D00F2D981202D00F2B680DFE815F0AE
:10B0C800A8017B01B400B4007201B400B400B4005C
:10B0D8004901B400B400B400B400B400B400B40032
:10B0E8001C01B400B400B400B400B400B400B4004F
:10B0F800B400B400B400B400B400B400B400B400A8
:10B10800CA00774B5B6D03F00703052BBBD8764A63
:10B11800B0F5004FD55CCBD1202D00F21482202D44
:10B1280000F20082DFE815F08A035804FE01FE01F0
:10B138002804FE01FE01FE018604FE01FE01FE0157
:10B14800FE01FE01FE01FE01F203FE01FE01FE0109
:10B15800FE01FE01FE01FE01FE01FE01FE01FE01EF
:10B16800FE01FE01FE01FE01B7039868534A024042
:10B178005B480A439A60DA6A616A22F00F020A435E
:10B18800DA62836D03F00703052B3FF67CAF574A5D
:10B19800D65C202E00F29C81012E7FF674AFB31E80
:10B1A8001E2B3FF670AF01A252F823F06BB70008D0
:10B1B8008FB0000815B700088FB000088FB00008DE
:10B1C8008FB00008DFB700088FB000088FB0000804
:10B1D8008FB000088FB000088FB000088FB000084B
:10B1E8008FB000087FB700088FB000088FB0000844
:10B1F8008FB000088FB000088FB000088FB000082B
:10B208008FB000088FB000088FB000088FB000081A
:10B218008FB000088FB000088FB000088FB000080A
:10B228008FB00008F5B7000801250023A3F110012D
:10B238004FF6EF7291423FF626AF2268D36023E7BC
:10B24800274B5B6D03F00703052B3FF61CAF284A1D
:10B25800D55C2AE7002E00F0B581012E00F09E850E
:10B26800022E00F0B185032E00F0D885042E00F0E0
:10B27800F485052E00F08486062E00F0BE86072E83
:10B2880000F0FD86082E00F05087092E00F07B871D
:10B298000A2E00F0DC8743F60953164A0B2E18BF16
:10B2A80013466268002503EB5203B3FBF2F39BB22B
:10B2B800BCE700BFF369FFCF000C0058FFF4FF1193
:10B2C800001001400044004000480040004C00408D
:10B2D800005000400014014000780040007C00400D
:10B2E8000044025890040108BC040108C404010881
:10B2F800BC04010800093D00B34B1A68920640F1EE
:10B308006F811A68B14BC2F3C102D340002EC8D076
:10B31800012E00F0EF81022E00F0C584032E00F00C
:10B32800BF84042E00F02B85052E00F09D86062E86
:10B3380000F0DC86072E00F01C86082E00F04E86F2
:10B34800092E00F08E860A2E00F0E3860B2EA8D177
:10B3580026E003A8FEF712FF626A049B002AA0D029
:10B36800012A00F0C781022A00F09D84032A00F018
:10B378009784042A00F00385052A00F0FD84062A34
:10B3880000F07E85072A00F0F485082A00F026865A
:10B39800092A00F066860A2A00F0BB860B2A80D1AB
:10B3A8001B0A7EE76846FEF72BFE626A019B002AAD
:10B3B8003FF477AFD4E7FDF7C3FF636A03B3012B0C
:10B3C80000F0F384022B00F0CE84032B00F0C88435
:10B3D800042B00F01785052B00F01185062B00F0D3
:10B3E8000686072B00F04886082B00F09B86092B61
:10B3F80000F0E1860A2B00F03B870B2B08BF000A00
:10B408006268002500EB5203B3FBF2F39BB20DE731
:10B41800FDF77AFF636A03B3012B00F0C984022B9E
:10B4280000F0A784032B00F0A184042B00F0E4842F
:10B43800052B00F0DE84062B00F0E685072B00F0D4
:10B448003686082B00F08786092B00F0B1860A2B78
:10B4580000F0FA860B2B08BF000A626800EB520363
:10B46800B3FBF2F39BB2E1E6402D7FF40CAE002E65
:10B4780000F0DC80012E00F09484022E00F0A784F6
:10B48800032E00F0C784042E00F0EC84052E00F093
:10B498007A85062E00F0B485072E00F0FE85082E6A
:10B4A80000F04986092E00F08B860A2E00F02987C5
:10B4B8000B2E0CBF80234FF40043F2E6424B5B6D2A
:10B4C80003F00703052B3FF6DEAD414AD55CECE5FA
:10B4D800402E7FF4D8AD002900F0B580012900F096
:10B4E8006E84022900F08284032900F0AF840429C5
:10B4F80000F03B85052900F06985062900F0AD8537
:10B50800072900F0EF85082900F03686092900F0A0
:10B518005B860A2900F0F9860B290CBF80254FF4B9
:10B52800004592E001250023A3F110014FF6EF72C8
:10B5380091423FF6A8AD23F00F02C3F34203134331
:10B548002268D360A0E5402D7FF49DAD002E00F069
:10B55800D380012E00F0D280022E00F06D84032EDD
:10B5680000F0F484042E00F02585052E00F068858F
:10B57800062E00F0C285072E00F01086082E00F077
:10B588004886092E00F059860A2E00F0EC860B2E0C
:10B598000CBF4FF480704FF48030AFE00A4B5B6D06
:10B5A80003F00703052B3FF66EAD0A4AD55C7CE530
:10B5B800054B5B6D03F03803282B3FF664AD064A54
:10B5C800D55C72E5054B6CE6004402580090D00348
:10B5D800BC040108BC0401089004010800093D00EE
:10B5E800002E00F0BA83012E00F0FD83022E00F039
:10B5F8002A84032E00F0B684042E00F0E484052E7D
:10B6080000F02885062E00F08785072EDAD0082E50
:10B6180000F0C483092E00F0D7830A2E00F01D84A1
:10B62800B44BB54A0B2E18BF13463AE64FF4004305
:10B6380037E6B24B5B6D03F00703052B3FF623ADEE
:10B64800AF4AD55C31E54FF40045676807EB47031F
:10B65800AB423FF618ADB5EB073F3FF614AD202ED1
:10B6680000F2F082012E7FF60EAD023E1E2E3FF64E
:10B678000AAD01A353F826F0BDBB00088FB000083F
:10B6880093BB00088FB000088FB000088FB0000887
:10B6980031BB00088FB000088FB000088FB00008D9
:10B6A8008FB000088FB000088FB000088FB0000876
:10B6B800C5BA00088FB000088FB000088FB0000826
:10B6C8008FB000088FB000088FB000088FB0000856
:10B6D8008FB000088FB000088FB000088FB0000846
:10B6E8008FB000088FB000088FB000088FB0000836
:10B6F8004DBA00085B08D4E54FF480306268002535
:10B7080000EB5203B3FBF2F39BB20DE76846FEF77A
:10B7180077FC636A019D03B3012B00F0CF82022BF3
:10B7280000F0C782032B00F0C182042B00F02F83A6
:10B73800052B00F02983062B00F09883072B00F0D7
:10B748002684082B00F04D84092B00F09B840A2BDB
:10B7580000F0FB840B2B00F06582002D3FF494ACC5
:10B7680073E7FEF73BFC636A0546002BD4D1002D36
:10B778003FF48AAC69E7614B1A68950640F1A582E7
:10B788001B685D4DC3F3C103DD4000293FF45DAF85
:10B79800012900F04D83022900F04683032900F0B7
:10B7A8004083042900F04584052900F08384062994
:10B7B80000F0D484072900F02085082900F04F857F
:10B7C800092900F0F9850A2900F0FD850B297FF485
:10B7D8003CAF2D0A39E703A8FEF7D0FC636A049D45
:10B7E800002B99D1002D3FF44FAC2EE7002900F033
:10B7F8006A82012900F0DF82022900F0F28203291F
:10B8080000F02883042900F0AA83052900F0D883D2
:10B81800062900F02E84072900F06184082900F029
:10B82800AF84092900F0EF840A2900F0148543F653
:10B838000955344B0B2918BF1D4606E7FDF764FD73
:10B84800636A03B3012B00F0CA82022B00F0F7826F
:10B85800032B00F07F83042B00F0B083052B00F04E
:10B86800EB83062B00F05084072B00F09E84082BF6
:10B8780000F0B984092B00F0E4840A2B00F07085ED
:10B888000B2B08BF000A61684A0802EB4003B3FBB0
:10B89800F1F39BB248E6002E00F03A82012E00F048
:10B8A8009A82022E00F0C682032E00F04D83042EE9
:10B8B80000F07E83052E00F0BA83062E00F0218466
:10B8C800072E00F06F84082E00F08284092E00F005
:10B8D800CC840A2E00F06C8547F612230A4A0B2EF8
:10B8E80018BF13466268002503EB5203B3FBF2F35B
:10B8F8009BB219E690D003000090D0030044025890
:10B90800BC04010800093D0000127A00A44B1A6823
:10B91800910640F1FF811A68A24BC2F3C10223FAD3
:10B9280002F206B3012E00F0B182022E00F0378336
:10B93800032E00F06F83042E00F0C683052E00F05E
:10B948000084062E00F06F84072E00F07184082E04
:10B9580000F00385092E00F03C850A2E00F036859C
:10B968000B2E08BF120A616800254B0803EB42033F
:10B97800B3FBF1F39BB2D7E56846FEF741FB626A79
:10B98800019902B3012A00F00782022A00F01A8204
:10B99800032A00F03A82042A00F06282052A00F0A5
:10B9A800EB82062A00F01683072A00F07483082A1F
:10B9B80000F0A183092A00F001840A2A00F05B84C0
:10B9C8000B2A08BF090A62680025530803EB4103E4
:10B9D800B3FBF2F39BB2A7E5FDF7B2FC636A03B3CE
:10B9E800012B00F0FA81022B00F02B82032B00F0D0
:10B9F8008382042B00F0DA82052B00F02583062BC6
:10BA080000F06983072B00F0C283082B00F0EE8357
:10BA1800092B00F07E840A2B00F08D840B2B08BFC5
:10BA2800000A616800254A0802EB4003B3FBF1F302
:10BA38009BB279E503A8FEF7A1FB626A0499002A84
:10BA4800C1D09FE7616A002900F05482012900F003
:10BA58001F83022900F08B83032900F0BF83042988
:10BA680000F00084052900F0AA84062900F08E84DD
:10BA7800072900F08784082900F0E584092900F0E7
:10BA8800DE840A2900F0A8844748484B0B2918BFD0
:10BA9800184600217B083A4618184FF0000341F178
:10BAA8000001F4F7F5FBA0F54073414A93423FF6D5
:10BAB800EAAA23680025D860FFF7E6BA384A116871
:10BAC80011F0200100F0E781136800213548C3F325
:10BAD800C103D840636A0BB3012B00F04B83022BE0
:10BAE80000F07F83032B00F00584042B00F05D84B5
:10BAF800052B00F02C84062B00F0A984072B00F0FE
:10BB0800B484082B00F0AD84092B00F094840A2B30
:10BB180000F08D840B2B01D1000A002109020302D9
:10BB280041EA10617808B6E703A8FEF727FB0498F6
:10BB3800636A002102460BB3012B00F03582022B09
:10BB480000F08682032B00F0C182042B00F02183D1
:10BB5800052B00F04D83062B00F09083072B00F097
:10BB68002184082B00F00B84092B00F004840A2B95
:10BB780000F052840B2B01D1100A002162680902DF
:10BB8800030241EA1061500886E76846FEF738FA72
:10BB98000198636A00210246002BEFD0CCE700BF72
:10BBA800004402580090D00300093D000000093D00
:10BBB800FFFC0F00FEF712FA626A002103460AB37F
:10BBC800012A00F06E82022A00F0B982032A00F0EE
:10BBD8002483042A00F09383052A00F0A683062A0A
:10BBE80000F0DA83072A00F0D583082A00F01C84C5
:10BBF800092A00F015840A2A00F02F840B2A01D1A3
:10BC0800030A002162680902180241EA1361530815
:10BC1800C0184FF0000341F10001F4F739FBA0F51B
:10BC2800407342E72D0A002D3FF42EAA0DE5B54BCF
:10BC38005B6D03F00703052B3FF625AAB24AD55CD6
:10BC4800FFF733BA402E7FF41EAA616A002900F07C
:10BC58004E81012900F02782022900F084820329FD
:10BC680000F0CE82042900F05783052900F059839B
:10BC7800062900F06883072900F06083082900F08E
:10BC8800B783092900F0AF830A2900F0C0830B2984
:10BC98004FF000010CBF4FF400404FF40000F9E6EC
:10BCA8009A4AA2FB03239B08FFF7FBBA974BA3FB17
:10BCB8000535AD08002D3FF4E7A9C6E46D08002D51
:10BCC8003FF4E2A9C1E4924DBFE400295AD001290A
:10BCD80000F0AC80022900F0DB80032900F06181CC
:10BCE800042900F0A181052900F0EB81062900F064
:10BCF80016820729E7D008295DD0092971D00A29B9
:10BD080000F02D81834D844B0B2918BF1D469CE400
:10BD1800824BE7E5002E50D0012E00F0AF80022EB6
:10BD280000F03B81032E00F07A81042E00F0C781D9
:10BD3800052E00F0FD81062E00F04D82072EE7D07B
:10BD4800082E48D0092E75D00A2E00F03181744B88
:10BD5800744A0B2E18BF1346C4E56F4BFFF7A1BA00
:10BD68006A4BA3FB00308008FFF74ABB674BA3FB75
:10BD780000308008FFF771BB6B4AA2FB0323DB0886
:10BD8800FFF78FBA644D60E4674BA3FB0535ED08F8
:10BD9800002D3FF479A958E4490814E6634BFFF7EE
:10BDA80080BA4FF48043FFF77CBA4008FFF728BBFE
:10BDB8004008FFF752BB5D4D47E45A4B92E54FF4FC
:10BDC800804542E48908FEE5594BFFF76ABA4FF40B
:10BDD8000053FFF766BA4E4B84E5400821E6400859
:10BDE80051E5534D31E4534BFFF75BBA4FF400551F
:10BDF8002BE44D4BA3FB0030C008FFF72EBB4A4B8A
:10BE0800A3FB0030C008FFF7FBBA404BA3FB01239C
:10BE18009908D8E541F25553FFF743BA464BFFF767
:10BE280040BA3A4BA3FB0535AD080EE4414D0CE48E
:10BE38006D080AE43D4B55E54FF480405EE4800808
:10BE480021E58008EDE53D4BFFF72BBA41F255554A
:10BE5800FFF7FBBB384DFFF7F8BB314BFFF721BAB3
:10BE6800C908B0E54FF48053FFF71BBA0C23B5FBA4
:10BE7800F3F5002D3FF408A9FFF7E7BB264B31E5A2
:10BE8800224AA2FB0323DB08FFF70BBA52086AE534
:10BE98002A4DFFF7DABB626A002A00F0C280012A45
:10BEA80000F07981022A00F0B281032A00F0C381F0
:10BEB800042A00F05E82052A00F05982062A00F062
:10BEC8009E82072A00F09982082A00F09D82092A9A
:10BED80000F097820A2A00F083820B2A184A0E4B38
:10BEE8000EBF00210321134678083A4690E64FF426
:10BEF8000000CFE51348CDE5044BA3FB00239808C9
:10BF08008FE500BF00440258BC040108ABAAAAAAE6
:10BF180000093D0090D003000090D00300127A0081
:10BF280020A107000020A107CDCCCCCC80841E0026
:10BF380040420F000048E8012A2C0A000024F400BF
:10BF4800000090D00000093DCF4BCBE442F6AA2078
:10BF5800FFF7D4BBCD4BA3FB0023980893E4CC4D4B
:10BF6800FFF773BBCB4BFFF79CB94FF48055FFF736
:10BF78006CBB1B09FFF795B90A23B1FBF3F122E566
:10BF8800C54BFFF78EB940F6CC43FFF78AB92D09A8
:10BF9800002D3FF479A8FFF758BBC04BA2E49208E4
:10BFA800E1E4BC4DFFF751BB4008E7E5C00838E5C0
:10BFB800BB4B97E44FF40050FFF7A0BBC00862E406
:10BFC800B54DFFF742BBB74BFFF76BB940F6CC4511
:10BFD800FFF73BBB0C23B1FBF3F1F4E45B09FFF77C
:10BFE80060B96D09002D3FF44FA8FFF72EBBA74B92
:10BFF800A3FB0030C008FFF703BAAB4BFFF751B9FA
:10C0080040F6AA23FFF74DB9A04BA3FB0030C008A8
:10C01800FFF723BA9D4BA3FB02239A08A3E4A34B83
:10C0280060E4A34B03215FE79E4DFFF70EBBA14BD6
:10C0380058E4ED08FFF709BB0A23B0FBF3F022E44C
:10C0480041F69810FFF75ABB0A23B0FBF3F0E8E477
:10C05800800893E5984BFFF724B940F6AA25FFF727
:10C06800F4BA9B09FFF71DB90A22B3FBF2F3FFF7F5
:10C0780018B98D4DFFF7E9BA0009FFF7C1B98F4B21
:10C08800FFF70FB9AD09002D3EF4FEAFFFF7DDBA9B
:10C098008B480021FEE4090995E44FF40063FFF79B
:10C0A80000B94308AEE54FF480000021F2E400092E
:10C0B800FFF7D3B90A23B5FBF3F5FFF7C6BA814BEF
:10C0C80010E47D4DFFF7C1BAD2084CE406220023E4
:10C0D800F4F7DEF852E50C23B0FBF3F0A1E4774D5A
:10C0E800FFF7B3BA4FF40065FFF7AFBA0C22B3FB02
:10C0F800F2F3FFF7D6B8490965E441F25450FFF767
:10C10800FDBA714BFFF7EEBB0C23B0FBF3F0FFF762
:10C11800BABBDB09FFF7C5B86C4BFFF7C2B86B4D6C
:10C12800FFF793BA4009FFF76BB9694BFFF7B9B846
:10C13800684BFFF7D7BB4FF48063FFF7B2B88308AB
:10C1480060E50A23B2FBF3F20DE4ED09002D3EF49D
:10C158009BAFFFF77ABA4009FFF77FB90C23B5FB0D
:10C16800F3F5FFF772BA4FF40010002192E45A4831
:10C1780000218FE44008D1E44FF48065FFF765BAE9
:10C18800534DFFF762BA4FF22443FFF78AB800090C
:10C1980047E4C008F2E4514B1146A5E64FF480503D
:10C1A800FFF7ACBA3A4BFFF79DBB0009FFF76BBB33
:10C1B8008009FFF752B98009FFF722B9890902E41B
:10C1C8004FF40073FFF76DB84FF40075FFF73DBAF1
:10C1D8003A4BFFF787BB2F4BFFF784BB4048002142
:10C1E80058E480089AE44009FFF74DBB400918E479
:10C1F8000A220023F4F74CF8C0E42D09FFF725BA0A
:10C208003848002146E44FF22445FFF71EBA364B62
:10C218006AE64FF40060FFF771BA00230622F4F7CC
:10C2280037F80346EEE40C23B2FBF3F2FFF79BBBAF
:10C238001209FFF798BB2D4B56E64FF48060FFF7C5
:10C248005DBA8009FFF71FBBC009FFF706B947F6BB
:10C258001223FFF726B847F61225FFF7F6B96D093E
:10C26800FFF7F3B92248002114E4194BFFF73ABB52
:10C27800C009FFF7C5B8C909FFF7A5BB0C22002301
:10C28800F4F706F87AE400BF54581400ABAAAAAA37
:10C2980020A10700AAC2A200801A06000048E801EF
:10C2A80040420F0000127A0015160500548545011A
:10C2B800000090D000350C0000A8610090D0030069
:10C2C8000080841E0024F4002A2C0A0055615100C5
:10C2D80048E801000050C3000040420F000048E851
:10C2E800002A2C0A00551500000024F400AAC2A256
:10C2F8000020A10706220023F3F7CAFF0EE4C308B3
:10C3080080E44FF48073FEF7CCBF4FF48075FFF7DD
:10C318009CB98009FFF785BB4FF480100021FFF717
:10C32800B9BB53480021FFF7B5BB00230A22F3F736
:10C33800AFFF034666E4C009FFF773BB4FF4002064
:10C348000021FFF7A7BB4B480021FFF7A3BB0A2238
:10C358000023F3F79DFFFFF7E1BB5209FFF703BB8B
:10C36800C009FFF790BA4FF40070FFF7C7B9424B06
:10C37800BAE5424BB8E590090021FFF7FFBB400939
:10C38800FFF7FCBB3E480021FFF784BB3D48002176
:10C39800FFF780BB030935E400230C22F3F778FF8D
:10C3A80003462FE40009FFF7E9BBC008FFF7B6BB57
:10C3B8004FF22443FFF796BAAD09FFF746B9324862
:10C3C8000021FFF767BBED09FFF73FB9D209FFF777
:10C3D800CABA9209FFF7C7BA2C480021FFF75ABB1F
:10C3E8002B4B002180E54FF400300021FFF752BBB2
:10C3F8004FF480200021FFF74DBB264B74E5264BF8
:10C4080072E5264B00216FE5254B00216CE54FF4C2
:10C4180080300021FFF73EBBD0090021FFF7AEBBFB
:10C4280083090021FFF7EEBB4309FFF7EBBBC00907
:10C438000021FFF773BB80090021FFF76FBB194884
:10C448000021FFF727BB18480021FFF723BB0C2268
:10C458000023F3F71DFFFFF761BBC3090021FFF7B6
:10C46800D1BB40090021FFF759BB0009FFF756BBB4
:10C4780000CC0C0000AA0A000000A8610000127A93
:10C488000090D0030015160500801A0600127A00E5
:10C498000020A1070000093D005561510040420FEE
:10C4A8000080841E0024F4000048E801836ADA074B
:10C4B80010B406D50168C46A4A6822F400322243DF
:10C4C8004A609C0706D50168046B4A6822F48032EA
:10C4D80022434A60590706D50168446B4A6822F42A
:10C4E800802222434A601A0706D50168846B4A688D
:10C4F80022F4004222434A60DC0606D50168C46B78
:10C508008A6822F4805222438A60990606D5016817
:10C51800046C8A6822F4005222438A605A060AD5BB
:10C528000168446C4A68B4F5801F22F4801242EA1C
:10C5380004024A600BD01B0606D50268C16C53681A
:10C5480023F400230B4353605DF8044B70474A689B
:10C55800846C22F4C00222434A60ECE7002370B5E1
:10C568000446C0F88830F8F77FF9054623681A684A
:10C5780011070CD41A68520725D420220023C4F8C6
:10C5880080201846C4F8842084F87C3070BDDE69A9
:10C5980016F40016EED1F8F767F9431BB3F1007FE4
:10C5A8002368F4D31A682021032022F4D0721A6079
:10C5B8009A6822F001029A60C4F8801084F87C60BE
:10C5C800C4F8841070BDDE6916F48006D5D1F8F77A
:10C5D8004BF9431BB3F1007F2368F4D3E2E700BFB4
:10C5E80080B3D0F8803010B5044633B322682423D2
:10C5F8002046C4F88030136823F001031360FEF767
:10C60800F9FC012817D0A36A8BB9236820465A6819
:10C6180022F490425A609A6822F02A029A601A68B4
:10C6280042F00102BDE810401A60FFF797BF2046AC
:10C63800FFF73CFFE9E7012010BD80F87C30F6F7F2
:10C64800DFFED3E701207047704700BF704700BF87
:10C65800704700BF90F87C20012A17D00268034673
:10C668002420002130B4C3F8800020251068146805
:10C6780020F0005024F00104146059661060084648
:10C68800C3F8805083F87C1030BC70470220704794
:10C6980090F87C20012A43D002680346242030B455
:10C6A800C3F8800084B014681068EC4604AD20F02C
:10C6B80001001060906820F06040014319489160C3
:10C6C80003C88CE80300184903C905E90300596E3B
:10C6D80019B391689068C1F3426C05EB5071AC4492
:10C6E80011F8100C11F8081CC0001CF8085CB0FB0D
:10C6F800F1F01CF8101CC900B1FBF5F1A3F86810A3
:10C708000021A3F86A00202508461460C3F8805069
:10C7180083F87C1004B030BC704701210846EDE76F
:10C728000220704714030108CC04010890F87C200B
:10C73800012A43D002680346242030B4C3F880009D
:10C7480084B014681068EC4604AD20F00100106055
:10C75800906820F0606001431948916003C88CE834
:10C768000300184903C905E90300596E19B3916814
:10C778009068C1F3426C05EB5071AC4411F8100C91
:10C7880011F8081CC0001CF8085CB0FBF1F01CF89C
:10C79800101CC900B1FBF5F1A3F868100021A3F83B
:10C7A8006A00202508461460C3F8805083F87C107E
:10C7B80004B030BC704701210846EDE702207047FD
:10C7C80014030108CC0401080B6810B4D3B9046839
:10C7D800A3F500434A6823401343D1E902422343A7
:10C7E8001343D1E9044223431343D1E906422343C7
:10C7F8001343D1E9084223435DF8044B1343036014
:10C80800002070470268D1E9074322F4F842224326
:10C818004C6A1A430A4B2243026042681340D1E92A
:10C82800014223431343D1E9034223431343D1E98C
:10C83800054223435DF8044B1343436000207047CF
:10C848000080FFFF30B40ABB8368D1E9002403F0FD
:10C858007043013C013A43EA04131343D1E902242B
:10C86800013A013C43EA022343EA0432D1E90434A1
:10C878008969013B013C013942EA034343EA045315
:10C8880043EA016330BC8360002070478268CC684B
:10C89800114B013C13404A6943EA0433541E43EAEE
:10C8A8000454D1E900258460C3686C1E013A03F082
:10C8B800704343EA04130C691A438B68013C896985
:10C8C800013B013942EA032343EA044343EA016393
:10C8D80030BCC36000207047FF0F0FFF0246D1E94C
:10C8E800003010B403431469D1E9021023435DF802
:10C8F800044B013943EA4023002043EA4113136102
:10C90800704700BF0246054B002010B4546923400D
:10C918005DF8044B43EA41015161704701C0FFFFD4
:10C92800022A82B0844613D009230193DCF80C3024
:10C93800002023F47053CCF80C30019BDCF80C2059
:10C948009B0203F470531343CCF80C3002B07047C9
:10C95800224B234A0B44934207D9224B224A0B44C9
:10C96800934205D80E230193E0E70F230193DDE7F7
:10C978001E4B1F4A0B44934207D91E4B1E4A0B44B9
:10C98800934205D20C230193D0E70D230193CDE701
:10C998001A4B1B4A0B44934202D80B230193C5E759
:10C9A800184B194A0B44934202D20A230193BDE75C
:10C9B800164B174A0B449342B6D3164B164A0B44F0
:10C9C800934202D208230193B0E7144B144A0B4454
:10C9D800934234BF072306230193A7E7405327FF59
:10C9E800FF340C00401E1BFF3F420F0000DC0BFF12
:10C9F8007F4F1200808CF9FE20D6130060B6E5FE4A
:10CA08005FE3160000D3CEFE40771B00C05BB3FE89
:10CA1800C091210000CA91FE20753800E05459FEEB
:10CA2800E09C4100890182B000230A4A41F02001BC
:10CA38000193016103E0036913F0200307D0019B10
:10CA4800013393420193F6D9032002B07047184688
:10CA580002B07047400D0300D0F8083882B003F0E8
:10CA680006030193019838B10198022804D0019B6C
:10CA7800062B0CBF02200F2002B0704730B44B7851
:10CA88000A78012B20D002F00F0C4FF48033D0F835
:10CA98001C4800EB421203FA0CF32343C0F81C387D
:10CAA800D2F8003B1B040CD48B68D2F8004BC3F3BC
:10CAB8000A03C8781449234343EA80431943C2F858
:10CAC800001B002030BC704700F5006402F00F0521
:10CAD80000EB4210AB40E5692B43E361D0F8003925
:10CAE8001C04EED48B68D0F80059C3F30A03CC7841
:10CAF80005492B4343EA844343EA8252114330BC3D
:10CB0800C0F8001900207047008000102DE9F0419E
:10CB18004B7891F800C0012B51D000EB4C1C844C91
:10CB2800DCF8105B0CF530632C401C61814C1D69EE
:10CB38002C401C614C6984B38D68012A7E4E2C44BC
:10CB480004F1FF34B4FBF5F406EAC44EA4B205FBC5
:10CB580004F41D694EEA0505C4F312041D611D693C
:10CB680044EA05041C6125D0CB78012B0CD1D0F800
:10CB7800083813F4807FDCF8003B0CBF43F0005307
:10CB880043F08053CCF8003BDCF8003B43F004430F
:10CB9800CCF8003B0020BDE8F0818C68012A1D69B3
:10CBA800C4F3120444EA05041C611C6944F400241B
:10CBB8001C61D9D1CA68002AD6D05A61D4E74D6918
:10CBC800002D3DD000EB4C14594ED1F808E0D4F8B4
:10CBD8001089584F08EA0606C4F8106905EB0E06D6
:10CBE800013EB6FBFEFED4F810693740524EC4F839
:10CBF800107906EACE46D4F810793E43C4F8106995
:10CC0800C5F31206D4F810793E43C4F8106904F548
:10CC1800106691F803E0BEF1010F57D0012A72D0D7
:10CC2800D4F800290CF00F0C42F0044203FA0CF37C
:10CC3800C4F80029D0F834281343C0F83438A9E7D9
:10CC480000EB4C133B4E3A4C012AD3F8107906EA14
:10CC58000706C3F81069D3F8106946F40026C3F82C
:10CC68001069D3F8106904EA060403F51066C3F8DE
:10CC7800104991F803E03AD0D3F80049BEF1010F0A
:10CC880044F00444C3F8004984D1D0F8083813F4B8
:10CC9800807F33680CBF43F0005343F08053336008
:10CCA800002A7FF477AFADB20335AD083FF472AF19
:10CCB800CB6800EB0C3C03EB85010CF5805C53F86A
:10CCC800042B8B42CCF80020F9D163E73369012AA1
:10CCD80023F0C0433361336943F00053336117D005
:10CCE800D4F8003943F00443C4F80039CDE70B69A0
:10CCF80063B9BEF1010F0ED03368002043F004433E
:10CD08003360BDE8F0810B69002BF5D07361F0E763
:10CD18000B69002BFAD1D0F8083813F4807F3368F8
:10CD28000CBF43F0005343F080533360E4E700BF87
:10CD38000000F8FFFFFF07E00000F81FF0B54C788F
:10CD48000B78012C26D000EB4310574CD0F8105B21
:10CD580000F530632C401C61544C1D692C401C614B
:10CD68004C69A4B98C681D69C4F31204012A45F4FE
:10CD780000251D611D6944EA05041C6149D0D0F8ED
:10CD8800003B43F00443C0F8003B0020F0BD8C6832
:10CD98004C61E8E74C69002C40D000EB4315424F4A
:10CDA800D1F808E0D5F810C9404E74450CEA0707D9
:10CDB80005F5106CC5F81079D5F8107906EA07065C
:10CDC800C5F8106958D9DCF81040012AC1F814E0F8
:10CDD80044F40024CCF81040CEF31204DCF81060C0
:10CDE80044EA0604CCF810403AD0D5F8002942F0BD
:10CDF8000442C5F80029BEF1000FC6D003F00F01A8
:10CE08000123D0F834288B401343C0F8343800206D
:10CE1800F0BDCA68002AB2D05A61B0E700EB4310EF
:10CE2800224B012AD0F8104900F5106C03EA0403DC
:10CE3800CCF81030DCF8103043F40023CCF8103074
:10CE4800194BDCF8104003EA0403CCF8103007D083
:10CE5800D0F8003943F00443C0F800390020F0BD91
:10CE68000B690BB1CCF81430DCF80030002043F02B
:10CE78000443CCF80030F0BDDCF81060C4F31204B1
:10CE8800012A46F40026CCF81060DCF8106044EA69
:10CE98000604CCF81040E3D0D5F8002942F004424B
:10CEA800C5F80029AAE700BF0000F8FFFFFF07E068
:10CEB80010B49DF8044064B903339B0809D00132CB
:10CEC80001EB830300EB023051F8042B8B42026024
:10CED800FAD100205DF8044B704700BF0332920876
:10CEE8000AD000F5805C01EB8200DCF8003041F8E4
:10CEF800043B8842F9D17047084670474A780B7856
:10CF0800012A00EB43100CD0D0F8002B0BB1002AFB
:10CF180014DAD0F8003B43F40013C0F8003B0020BB
:10CF28007047D0F80029002A00DB73B9D0F800391F
:10CF380043F40013C0F8003900207047D0F8003BD4
:10CF480023F08043C0F8003BE3E7D0F8003923F032
:10CF58008043C0F80039D0F8003943F40013C0F812
:10CF68000039E9E74A780B78012A00EB431013D01F
:10CF7800D0F8003B23F40013C0F8003BCB78023B09
:10CF8800012B01D900207047D0F8003B43F08053B3
:10CF9800C0F8003B00207047D0F8003923F4001394
:10CFA800C0F80039CB78023B012BEBD8D0F8003918
:10CFB80043F08053C0F80039002070470346090148
:10CFC8000020D3F8002801F4FE6122F4FE62C3F8C1
:10CFD8000028D3F800281143C3F80018704700BF91
:10CFE80082B0436901938269019B134001930198C0
:10CFF80002B0704782B0D0F818380193D0F81C28D6
:10D00800019B134001930198000C02B0704700BFC8
:10D0180082B0D0F818380193D0F81C28019B13402F
:10D028000193019880B202B0704700BF00EB411134
:10D0380082B0D1F8083B0193D0F81428019B134023
:10D048000193019802B0704784B0D0F8103801F00D
:10D058000F0C00EB41110293D0F834380393039B73
:10D06800029A23FA0CF3DB01DBB213430293D1F8E3
:10D078000839029A13400193019804B0704700BF21
:10D08800406900F001007047D0F8001900F500630E
:10D098000A4A0A40C0F800299A6802F00602042ADF
:10D0A80005D1D0F8002942F00302C0F800295A68D7
:10D0B800002042F480725A60704700BF00F8FFFFFA
:10D0C800144B10B4046C9C421AD800F5306000234D
:10D0D80001290361036943F400230361036943F0F1
:10D0E80018030361036943F0C043036104D142613B
:10D0F800036843F08023036000205DF8044B704709
:10D10800D0F8003B00F53060002BE0DA00205DF835
:10D11800044B70470A30544FD0F8002401F0030341
:10D12800012900F5806C22F00302C0F80024D0F831
:10D13800002443EA0203C0F8003409D0022901D0D0
:10D148000020704741F270730020CCF8043070471B
:10D158004BF680330020CCF804307047D0F8140424
:10D1680080B2704700EB4111002382B001F5A06244
:10D178000193D1F8003513F4802FD1F8003543F02E
:10D188008043C1F8003522D1C36A13F47F0FD1F868
:10D19800003523D123F00043C1F80035D1F800351C
:10D1A80043F00043C1F80035D1F8003523F40043BB
:10D1B800C1F8003502E01368002B13DA019B013334
:10D1C800B3F57A7F0193F6D9002002B07047D0F802
:10D1D800103413F47F0FD1F8003506D043F0004324
:10D1E800C1F80035002002B0704723F00043C1F8B1
:10D1F8000035D1F8003543F00043C1F80035D1F8C7
:10D20800003523F40043C1F8003502E01368002B11
:10D21800E8DA019B0133B3F57A7F0193F6D9002050
:10D2280002B0704730B4002484B04FF48465AA4A31
:10D2380000940146836823F0010383600394056129
:10D2480002E00B69980604D5039B013393420393CC
:10D25800F7D900201023A04A02900B6102E00B6965
:10D26800DB0604D5029B013393420293F7D9D1F828
:10D27800003501F5A06201F5E0600193019B43F0E0
:10D2880080430193019B23F000430193019B23F406
:10D2980000430193019BC1F80035D1F82035019373
:10D2A800019B43F080430193019B23F000430193CA
:10D2B800019B23F400430193019BC1F82035D1F869
:10D2C80040350193019B43F080430193019B23F078
:10D2D80000430193019B23F400430193019BC1F890
:10D2E8004035D1F860350193019B43F080430193A9
:10D2F800019B23F000430193019B23F40043019316
:10D30800019BC1F86035D1F880350193019B43F04A
:10D3180080430193019B23F000430193019B23F475
:10D3280000430193019BC1F88035D1F8A0350193E2
:10D33800019B43F080430193019B23F00043019339
:10D34800019B23F400430193019BC1F8A035D1F858
:10D35800C0350193019B43F080430193019B23F067
:10D3680000430193019B23F400430193019BC1F8FF
:10D37800C035D1F8E0350193019B43F08043019318
:10D38800019B23F000430193019B23F40043019385
:10D39800019BC1F8E035D1F800360193019B43F0B9
:10D3A80080430193019B23F000430193019B23F4E5
:10D3B80000430193019BC1F80036D1F82036019350
:10D3C800019B43F080430193019B23F000430193A9
:10D3D800019B23F400430193019BC1F82036D1F847
:10D3E80040360193019B43F080430193019B23F056
:10D3F80000430193019B23F400430193019BC1F86F
:10D408004036D1F860360193019B43F08043019385
:10D41800019B23F000430193019B23F400430193F4
:10D42800019BC1F86036D1F880360193019B43F027
:10D4380080430193019B23F000430193019B23F454
:10D4480000430193019BC1F88036D1F8A0360193BF
:10D45800019B43F080430193019B23F00043019318
:10D46800019B23F400430193019BC1F8A036D1F836
:10D47800C0360193019B43F080430193019B23F045
:10D4880000430193019B23F400430193019BC1F8DE
:10D49800C036D1F8E0360193019B43F080430193F5
:10D4A800019B23F000430193019B23F40043019364
:10D4B800019BC1F8E03613680193019B43F0804358
:10D4C8000193019B43F000430193019B23F4004324
:10D4D8000193019B136004E0400D03001368002BC7
:10D4E80005DA009B0133B3F57A7F0093F6D9203231
:10D4F8008242E0D14FF0FF330020C1F814344B6171
:10D508008B6843F001038B6004B030BC704700BFE8
:10D5180008B5D0F88C321BB11B68984700B908BD14
:10D52800022008BD08B5D0F88C325B689847002007
:10D5380008BD00BF38B500F520750446284600F040
:10D548007DFB0122B4F8863294F88012C4E99B234B
:10D5580001F01F03934209D0022B13D063B101F0ED
:10D5680080012046F6F7E6FF002038BD2946204610
:10D5780000F092FA002038BD2946204600F00AF94A
:10D58800002038BD2946204600F0BAFA002038BDF0
:10D5980038B5054669B91346D0F86C22032A15D068
:10D5A800052A0C460ED1C5F86C12F6F7C3FF2046C3
:10D5B80038BDD0F88C329B6933B190F87422032AB5
:10D5C80002D19847002038BD022038BDD0E9531257
:10D5D80091420CD9891A8A42C0F84C1188BF8AB284
:10D5E800194698BF92B200F055FB002038BDD0F81C
:10D5F8008C321B691BB190F87422032A04D0284688
:10D6080000F052FB002038BD9847F8E770B5044693
:10D6180061B9D0F86C32022B15D033F0040337D03F
:10D6280094F87832012B2ED0002070BDD0F88C32BF
:10D638005B6933B190F87422032A02D1984700201D
:10D6480070BD022070BDD0E908630D469E4223D804
:10D65800C669B6FBF3F203FB12620AB9B34228D9D2
:10D66800D4F88C32DB681BB194F87422032A30D0CA
:10D6780080212046F6F75EFF204600F021FB94F853
:10D688007832012BD0D10023184684F8783270BD47
:10D698008021F6F74FFFC3E7F31A114603629AB2E7
:10D6A80000F0EEFA2B462A4629462046F6F78EFF6A
:10D6B800B6E7D0F870329E42D2D20A4600F0E0FABD
:10D6C8002B462A4629462046C4F87052F6F77EFFB4
:10D6D800A6E720469847CBE770B5002240260446C7
:10D6E800012511463346F6F713FF33468021002201
:10D6F8002046C4F84451C4F85061F6F709FF0021E8
:10D70800D4F89032A561666284F87452C4F86C1239
:10D718006160C4F87C1223B1D4F88C3220465B686F
:10D728009847002070BD00BF034600201974704759
:10D7380003460421002093F8742283F8741283F8B6
:10D74800752270470346002093F8752283F87422E7
:10D75800704700BF90F87422032A01D00020704758
:10D7680008B5D0F88C32DB6903B19847002008BDB2
:10D77800002070470020704700207047D0F88C22A6
:10D78800012108B580F87412017953689847002080
:10D7980008BD00BF30B50B7883B00D46044603F0D2
:10D7A8006003202B0DD0402B0BD09BB1802120464D
:10D7B800F6F7C0FE00212046F6F7BCFE002003B0B5
:10D7C80030BDD4F88C32294620469B689847002003
:10D7D80003B030BD4B78092BE8D801A252F823F0EA
:10D7E80043D800086FD80008B5D700088DD80008BE
:10D7F800B5D7000895D80008CDD80008B5D70008D7
:10D80800FDD8000811D800088978A24D012929708F
:10D81800CCD890F87432022B00F01281032B00F060
:10D8280000818021F6F786FE00212046F6F782FE69
:10D8380029782046FFF776FEC0E790F87432013B5E
:10D84800022BB3D8CB88022BB0D10122D0F87C327E
:10D85800C2600BB10323C360022204F10C0120460D
:10D8680000F000FAAAE790F87432013B022B9DD829
:10D878004B88012BA2D100232046C4F87C3200F04B
:10D8880013FA9BE74B88012B98D1F5E78B88002B7F
:10D898008CD1CB88002B89D14D887F2D86D890F8E4
:10D8A8007432032B82D0E9B280F87612F6F772FE52
:10D8B800204600F0F9F9002D00F0E080022384F8FA
:10D8C80074327BE74A88130A013B062B3FF66EAF9A
:10D8D80001A151F823F000BF91D9000879D90008B7
:10D8E80067D90008B5D70008B5D7000851D900088E
:10D8F80023D90008CA88012A7FF458AF90F87432F7
:10D90800022B00F28780002B3FF450AF0146002322
:10D9180041F8083F00F0A6F950E7037C002B7FF49C
:10D9280045AFD0F88C320DF106001B6B98470723E2
:10D938004370BDF80620002A67D0EB88002B5BD126
:10D94800204600F0B1F939E7037C002B7FF42EAFB5
:10D95800D0F88C320DF106005B6B9847E9E7D1B23D
:10D96800052900F28F80DFE801F0271F17372F3FC6
:10D97800037C002B72D1D0F88C320DF106009B6A23
:10D98800984702234370D4E7D0F888320DF1060196
:10D99800007C1B689847CCE7D0F888320DF1060167
:10D9A800007CDB689847C4E7D0F888320DF106019F
:10D9B800007C9B689847BCE7D0F888320DF10601D7
:10D9C800007C5B689847B4E7D0F888320DF106010F
:10D9D800007C5B699847ACE7D0F888320DF1060106
:10D9E800007C1B699847A4E7D0F888320DF106013E
:10D9F800007C9B6998479CE79A420146204628BFCD
:10DA08001A46ADF8062000F02DF9EB88002B7FF4BC
:10DA1800D5AE95E7032B7FF4C9AE011D00F022F9BE
:10DA2800CCE621B3416801298AD0C9B2FFF77AFD53
:10DA3800297820466160FFF76BFD022880D1B5E6A2
:10DA480000293FF47DAF01210323416080F874323F
:10DA5800FFF75EFD02287FF473AFA7E6D0F88C329B
:10DA68000DF10600DB6A98470223437061E7022341
:10DA7800416080F87432FFF755FD61E7012384F8AF
:10DA880074329BE6D0F88C320DF106029B6B9847F6
:10DA98004FE700BF8826002438B50B780D460446AA
:10DAA80003F06002402A0AD05B0608D58021F6F709
:10DAB80041FD00212046F6F73DFD002038BD94F8D1
:10DAC8007432013B022B11D82B79012B0ED8D4F8D4
:10DAD8008C32294620469B689847EB88002BECD16E
:10DAE8000028EAD1204600F0DFF8E6E7802120464A
:10DAF800F6F720FD00212046F6F71CFD002038BD72
:10DB080038B50B78044603F06003202B0CD0402B6B
:10DB18000AD083B180212046F6F70CFD002120466B
:10DB2800F6F708FD002038BDD4F88C3220469B68F3
:10DB38009847002038BD4B788A88012B5FFA82FC11
:10DB480037D0032B23D0002BE4D190F87432022B6A
:10DB58004AD0032BDED10CF00F03120603EB83032C
:10DB680000EB830351D4D3F84431002BD2D00CF00E
:10DB78007F03142505FB030505F5A075002B4FD180
:10DB88002B6002222946204600F06CF8CAE790F87C
:10DB98007432022B1DD0032BBCD14B882BB91CF03F
:10DBA8007F0F02D0CB88002B43D0204600F07CF8B2
:10DBB800B8E790F87432022B0BD0032BAAD14B880C
:10DBC800002BAFD11CF07F0FEFD06146F6F7C0FCF9
:10DBD800EBE71CF07F0F9DD06146F6F7ABFC802188
:10DBE8002046F6F7A7FC9DE71CF07F0F92D111069F
:10DBF8004FF000034FF002024CBF00F1140100F592
:10DC0800A0710B6000F02EF88CE79B69002B81D087
:10DC18000CF07F035D1C05EB850500EB8505ADE782
:10DC280061462046F6F7A2FC08B10123A8E7286060
:10DC3800A7E76146F6F77EFCB7E700BF0B780370ED
:10DC48004B784370CA788B7803EB022343804A7978
:10DC58000B7903EB02238380CA798B7903EB0223C8
:10DC6800C380704710B5134602240A460021C0F845
:10DC78006C42C0E90733F6F79BFC002010BD00BFDB
:10DC88008C46002108B513466246F6F791FC002041
:10DC980008BD00BF8C46002108B513466246F6F75A
:10DCA80095FC002008BD00BF08B504210023C0F87A
:10DCB8006C121A461946F6F77BFC002008BD00BF17
:10DCC80008B505210023C0F86C121A461946F6F764
:10DCD8007DFC002008BD00BFD0F8C4230132C0F885
:10DCE800C42302780B2A00D07047D0F87C33002B6D
:10DCF800FAD09B69184700BF012380F82333704787
:10DD0800002380F823337047034600220121104680
:10DD180083F8201383F8212383F82223704700BF58
:10DD280038B501230025044680F8213380F82353B1
:10DD380080F82053F6F76EFC2179204600F006F8AB
:10DD48006179204600F002F8284638BD0A2907D82C
:10DD580000EB8100D0F88433C3F30E03C0F884339A
:10DD6800002070470C4A82B00C4BD2F8DC1041F00E
:10DD78004001C2F8DC10D2F8DC2002F04002019227
:10DD8800019A1A6822F020021A601A6842F0040206
:10DD98001A6002B0704700BF0044025800180248D9
:10DDA80070B5002304464FF4806204214FF44035D7
:10DDB8003448C4F83821C4F8D410C4F83431C4F84D
:10DDC8004C113149C4F8B000C4F82811C4E92F3205
:10DDD800C4E93133C4E93335C4E93733C4E94F33CF
:10DDE800C4E95135C4E95533A2680323C4F8D830CF
:10DDF800C4F85031042A0AD8DFE802F01F262D346F
:10DE0800030055225623C4F8B420C4F82C3100224C
:10DE1800402304F1B005C4F8B8202846C4F83031CE
:10DE2800F7F7E4FC08B1FFBEFEE704F59476304648
:10DE3800F7F7DCFCE8B1FFBEFEE725222623C4F88D
:10DE4800B420C4F82C31E2E727222823C4F8B420F0
:10DE5800C4F82C31DBE73D223E23C4F8B420C4F8D3
:10DE68002C31D4E753225423C4F8B420C4F82C31FD
:10DE7800CDE704F12803C4E92865C4F8E830C4F8FC
:10DE8800603170BD40040240580402402DE9F04F53
:10DE9800814683B00E4617461D4600F128042046E9
:10DEA80001F090FD01288246F9D14846FFF778FF36
:10DEB8008046002835D1EFF31083019372B6DFF85E
:10DEC80088B00C9B99F90820DFF880A0DFF88090D3
:10DED800CBF800300D9B89F80020CAF800300DB14E
:10DEE8001846A847BAB23146204601F0E1F830B9E1
:10DEF800019B03B962B6404603B0BDE8F08F00232A
:10DF0800CBF80030CAF80030FF2389F800300C9BAA
:10DF18008BB101210D9888469847019B002BEAD1C7
:10DF2800E8E70C9B53B1D0460D98514698474046B8
:10DF380003B0BDE8F08F4FF00108D9E7D04640465E
:10DF480003B0BDE8F08F00BFAC300024B43000242B
:10DF5800B03000242DE9F04F814683B00E461746B5
:10DF68001D4600F12804204601F02CFD01288246B8
:10DF7800F9D14846FFF714FF8046002835D1EFF362
:10DF88001083019372B6DFF888B00C9B99F90820CA
:10DF9800DFF880A0DFF88090CBF800300D9B89F87F
:10DFA8000020CAF800300DB11846A847BAB2314669
:10DFB800204601F041FA30B9019B03B962B64046E8
:10DFC80003B0BDE8F08F0023CBF80030CAF800306A
:10DFD800FF2389F800300C9B8BB101210D988846EE
:10DFE8009847019B002BEAD1E8E70C9B53B1D04638
:10DFF8000D9851469847404603B0BDE8F08F4FF062
:10E008000108D9E7D046404603B0BDE8F08F00BF0D
:10E01800AC300024B4300024B03000242DE9F04F97
:10E02800814683B00F461646984600F128042046DC
:10E0380001F0C8FC0128FAD182464846FFF7B0FE35
:10E048000546002838D1EFF31083019372B699F989
:10E058000830DFF88890DFF888B089F800300D9B29
:10E06800DFF880A0CBF800300E9BCAF800300C9B7C
:10E078000BB10E9898471FFA88F33A463146204666
:10E0880001F0CEF830B9019B03B962B6284603B057
:10E09800BDE8F08F0023CBF80030CAF80030FF232A
:10E0A80089F800300D9B8BB101210E980D469847D9
:10E0B800019B002BEAD1E8E70D9B4BB155460E9822
:10E0C80051469847284603B0BDE8F08F0125DAE7A6
:10E0D8005546284603B0BDE8F08F00BFB030002495
:10E0E800AC300024B43000242DE9F043002387B07D
:10E0F8000222044605690493CDE90223D0E90212FD
:10E108008E00FAB1022D7AD02178B5FA85F54FF054
:10E118000108276A0B294FEA551521D1A2780B2A45
:10E1280002D0B8F1000F38D123790B2B01D0002D84
:10E138006CD1A37917B10B2B40F09980002007B060
:10E14800BDE8F08335F002032178276A0CBF4FF051
:10E1580001084FF00008023D18BF01250B29DDD04A
:10E168007D4B94F801C053F8262010780B2802D074
:10E17800884200F0AD80D378D01C994202D10B2B95
:10E1880040F0BD809379901D8B4202D10B2B40F05B
:10E19800BC80012007B0BDE8F083711C6E4BE078AD
:10E1A80053F8213019780B2902D08A4200F0B58043
:10E1B800D97803F1030C0B2902D08A4200F0BB8006
:10E1C800997903F1060C0B29E3D08A42E1D1DB7976
:10E1D8008342DED1634604F102099B7848460593E1
:10E1E800F6F726FA80464846F6F72AFA01A901907A
:10E1F8004046F8F7C5F923790B2B98D199E70178B0
:10E20800076A0B2940F0868001258DE7B11C524A28
:10E21800607952F8212011780B2902D08B4200F046
:10E228008180D178D51C0B2902D08B4200F08D80DB
:10E238009179951D8B42ACD10B29AAD0D379834211
:10E24800A7D12A46251D937828460593F6F7F0F9B5
:10E25800034628461D46F6F7F3F901A9019028461A
:10E26800F8F78EF9A379002F7FF465AF66E7F11C04
:10E27800394AE07952F8212011780B2901D08B42D4
:10E288005FD0D178D51C0B2901D08B424FD0917922
:10E29800951D8B427FF47DAF0B293FF47AAFD3797C
:10E2A80083427FF476AF2A46A51D937828460593C6
:10E2B800F6F7BEF904462846F6F7C2F9034601A95F
:10E2C80020460193F8F75CF9002007B0BDE8F08319
:10E2D800537863457FF44FAF937820460593F6F75C
:10E2E800A7F981462046F6F7ABF901A901904846FF
:10E2F800F8F746F9A2780B2A7FF413AF14E71379DD
:10E3080063457FF43FAF0246E6E7D37963457FF480
:10E3180040AFF8E79846012522E7597881427FF413
:10E3280047AF58E7517881427FF47BAF8AE711798C
:10E338008142ACD1B7E7197981427FF441AF634696
:10E3480049E7517881429CD1AEE7117981427FF447
:10E358006FAF2A4676E700BFDC040108654A036808
:10E36800934200F0B980A2F57842934200F0B6805B
:10E3780002F58062934200F0B38002F5784293423E
:10E3880000F0B08002F5E052934200F0AD805A4AA6
:10E39800934240F0AB8005234FF4D071574A01FBFC
:10E3A80003F310B5D418D05C86B0F6F751F9A0780D
:10E3B800F6F74EF92079F6F74BF9A079F6F748F910
:10E3C800A368052B11D8DFE803F0192F455B71030B
:10E3D8004B4BD3F8F42042F02002C3F8F420D3F8D2
:10E3E800F43003F020030593059B2046FFF77CFEDD
:10E3F800012801D006B010BDFFBEFEE7404B002249
:10E408002320D3F8F01041F48051C3F8F0101146DE
:10E41800D3F8F03003F480530093009BF7F734F8F7
:10E428002320F7F76FF8E0E7354B00222420D3F8D4
:10E43800E81041F48041C3F8E8101146D3F8E830F9
:10E4480003F480430193019BF7F71EF82420F7F7A4
:10E4580059F8CAE72A4B00223320D3F8E81041F4D0
:10E468000041C3F8E8101146D3F8E83003F400433C
:10E478000293029BF7F708F83320F7F743F8B4E75D
:10E488001F4B00225420D3F8F01041F40051C3F878
:10E49800F0101146D3F8F03003F400530393039BB4
:10E4A800F6F7F2FF5420F7F72DF89EE7144B0022F9
:10E4B8005520D3F8F01041F48011C3F8F01011463C
:10E4C800D3F8F03003F480130493049BF6F7DCFFD1
:10E4D8005520F7F717F888E700235DE701235BE786
:10E4E800022359E7032357E7042355E700231B7842
:10E4F800FFDE00BF00300140001400588C260024C5
:10E50800004402582DE9F043002289B01B4B012139
:10E518000DF1040C9E461A4B0791E146E04667460A
:10E528000EF11C060EF138050EF15404CDE9012256
:10E53800CDE90322CDE90522FF221A70BCE80F00BD
:10E54800AEE80F009CE807008EE80700B9E80F0066
:10E558000FC69CE8070086E80700B8E80F000FC55B
:10E568009CE8070085E807000FCF0FC49CE8070068
:10E5780084E8070009B0BDE8F08300BF0C0300245D
:10E58800B0300024014801F0F1B800BFB4260024DF
:10E59800014801F0EBB800BF54280024014801F0FD
:10E5A800E5B800BFF4290024014801F0DFB800BF36
:10E5B800942B0024014801F0D9B800BF342D002461
:10E5C80010B5EFF3108472B6084B1A78120602D50C
:10E5D80004B962B610BD1B784FF4D07204485BB220
:10E5E80002FB0300B030F7F779FCF1E7B030002404
:10E5F8008C26002410B5EFF3108472B6094B1A78F4
:10E60800120602D504B962B610BD1B784FF4D07259
:10E6180005485BB202FB030000F59470F7F75EFC57
:10E62800F0E700BFB03000248C2600242DE9F0412B
:10E6380084B0EFF3108772B6284AFF21284C13687C
:10E64800217023B100211160264A10689847237869
:10E658001B061CD5DFF894800025234E444621680C
:10E6680079B162686AB1A369012B22D0A3B9636941
:10E678003046019323690093E3682289FFF76AFC17
:10E6880018B301351C3406F5D076042DE7D107B947
:10E6980062B604B0BDE8F081D4E90430CDE90130B8
:10E6A800E068238900903046FFF7B8FC0028E8D1DD
:10E6B8000BE0D4E904301146CDE900303046E36878
:10E6C8002289FFF7E3FB0028DBD1C5EBC50508EB82
:10E6D800850348F825005860D9E700BFAC3000240E
:10E6E800B0300024B43000248C2600240C0300240D
:10E6F8002DE9F04184B0EFF3108772B6284AFF2164
:10E70800284C1368217023B100211160264A106833
:10E71800984723781B061CD5DFF894800025234EE4
:10E728004446216879B162686AB1A369012B22D095
:10E73800A3B963693046019323690093E36822898A
:10E74800FFF708FC18B301351C3406F5D076042D04
:10E75800E7D107B962B604B0BDE8F081D4E9043066
:10E76800CDE90130E068238900903046FFF756FC78
:10E778000028E8D10BE0D4E904301146CDE9003097
:10E788003046E3682289FFF781FB0028DBD1C5EB1F
:10E79800C50508EB850348F825005860D9E700BF90
:10E7A800AC300024B0300024B43000248C2600247F
:10E7B8000C0300242DE9F04184B0EFF3108772B602
:10E7C800284AFF21284C1368217023B100211160C9
:10E7D800264A1068984723781B061CD5DFF89480D2
:10E7E8000025234E4446216879B162686AB1A3695D
:10E7F800012B22D0A3B963693046019323690093A2
:10E80800E3682289FFF7A6FB18B301351C3406F527
:10E81800D076042DE7D107B962B604B0BDE8F0811F
:10E82800D4E90430CDE90130E0682389009030460E
:10E83800FFF7F4FB0028E8D10BE0D4E904301146D7
:10E84800CDE900303046E3682289FFF71FFB002836
:10E85800DBD1C5EBC50508EB850348F825005860F2
:10E86800D9E700BFAC300024B0300024B430002415
:10E878008C2600240C0300242DE9F04184B0EFF32A
:10E88800108772B600F066FB284A294CFF211368EE
:10E8980021702BB1002111600121264A1068984788
:10E8A80023781B061CD5DFF894800025224E4446A9
:10E8B800216879B162686AB1A369012B22D0A3B932
:10E8C80063693046019323690093E3682289FFF75F
:10E8D80041FB18B301351C3406F5D076042DE7D179
:10E8E80007B962B604B0BDE8F081D4E90430CDE9D7
:10E8F8000130E068238900903046FFF78FFB00283D
:10E90800E8D10BE0D4E904301146CDE900303046B7
:10E91800E3682289FFF7BAFA0028DBD1C5EBC50501
:10E9280008EB850348F825005860D9E7AC30002487
:10E93800B0300024B43000248C2600240C030024BA
:10E9480030B4544B002108220220534CD96158623C
:10E95800C3F8BC11C3F8C401C3F85C13C3F864035B
:10E96800C3F8F424C3F8F814C3F8FC14C3F8040576
:10E97800C3F89426C3F89816C3F89C16C3F8A406DF
:10E98800C3F83428C3F83818C3F83C18C3F8440847
:10E99800424D4348C3E90521C3E96D21C3E9D521A7
:10E9A8002288A3783F49EA80CA800B723E492B72BD
:10E9B800CA800B722168A0F803204371C2800372D9
:10E9C8003A4C3B48E2802372A0F80320394C43714B
:10E9D800C28003723848E2802372A0F80320374CC3
:10E9E8004371C2800372080C2180A070A4F8032030
:10E9F8006371E2802372324C324D2180A070A4F8FA
:10EA080003206371E28023722F4CEA8021802B72ED
:10EA1800A070A4F803206371E28023722B4C21803C
:10EA2800A070A4F803206371E2802372284C21802F
:10EA3800A070A4F803206371E2802372254C218022
:10EA4800A070A4F803206371E2802372224C218015
:10EA5800A070A4F803206371E28023721F4C218008
:10EA68001F49A070A4F803201E486371E280237236
:10EA7800A1F803201C4C4B71CA800B721B49E28021
:10EA88002372C2800372A1F803204B71CA800B72F3
:10EA980030BC70478C260024D80401089402002456
:10EAA800B8020024880200244C020024A00200249A
:10EAB800DC020024C4020024640200247C30002408
:10EAC80064300024D0020024703000244C3000242C
:10EAD800A0300024883000249430002458300024CA
:10EAE80000030024F4020024E80200247002002439
:10EAF800714A036811698B4200B587B04BD0916E9B
:10EB08008B4200F0B680D2F8C0108B4200F0B38080
:10EB1800D2F818118B4200F0B080B3F1804F1ED0AC
:10EB2800664A93420DD0664A934200F0A880654A2F
:10EB3800934200F0B280644A93421ED007B05DF859
:10EB480004FB624BD3F8E82042F00202C3F8E82045
:10EB5800D3F8E83003F002030293029BEEE75B4B25
:10EB6800D3F8E82042F00102C3F8E820D3F8E830EF
:10EB780003F001030193019BE0E7544BD3F8E8202D
:10EB880042F01002C3F8E820D3F8E83003F010038D
:10EB98000593059BD2E700205821B3F1804F01FB74
:10EBA8000022127B1ED045498B4235D044498B4206
:10EBB80048D044498B42BED1444BD3F8E81041F0C9
:10EBC8000801C3F8E810D3F8E83003F00803049309
:10EBD800049B002AB2D0322000220F21F6F754FC01
:10EBE800322014E0394BD3F8E81041F00101C3F8A2
:10EBF800E810D3F8E83003F001030193019B002AE1
:10EC08009CD01C2000220F21F6F73EFC1C2007B0E8
:10EC18005DF804EBF6F776BC2C4BD3F8E81041F01E
:10EC28000201C3F8E810D3F8E83003F002030293B6
:10EC3800029B002A82D01D2000220F21F6F724FC17
:10EC48001D20E4E7214BD3F8E81041F00401C3F894
:10EC5800E810D3F8E83003F004030393039B002A79
:10EC68003FF46CAF1E2000220F21F6F70DFC1E208A
:10EC7800CDE7012090E702208EE703208CE7134BB5
:10EC8800D3F8E82042F00402C3F8E820D3F8E830CB
:10EC980003F004030393039B50E70C4BD3F8E820DD
:10ECA80042F00802C3F8E820D3F8E83003F008037C
:10ECB8000493049B42E700BFB830002400040040DE
:10ECC80000080040000C00400010004000440258BA
:10ECD8000F4B026819698A420BD0996E8A4211D08B
:10ECE800D3F8C0108A420FD0D3F818118A420DD039
:10ECF80070470021582202FB01331A6D002AF7D011
:10ED0800586D10470121F5E70221F3E70321F1E7E8
:10ED1800B8300024014800F0EFBF00BFC83000241D
:10ED2800014800F0E9BF00BF20310024014800F08D
:10ED3800E3BF00BF78310024014800F0DDBF00BF09
:10ED4800D0310024F0B54FF0580C0F682E4D8DB01F
:10ED58000CFB07FC032F05EB0C06066047DC0B4693
:10ED68000868344649689A6807C41B7B237004AC5A
:10ED78007268264B002A4FF00002726118BF1022F9
:10ED8800B2610FCB84E80F000CAB03EB870353F899
:10ED9800203CB3F1804F336124D01D4A934221D0E7
:10EDA80030890CF1100458230021802203FB0753FB
:10EDB8002C44C3E907019A62204600F007FE034687
:10EDC80000B1FEE74FF4805208A920460993019349
:10EDD8000892CDE90A33CDE9023300F0C7FE0346B5
:10EDE80040B1FEE7582303FB07539868D9E7012091
:10EDF8000DB0F0BD01A920460193039301F034F84A
:10EE08000028F5D0FEE700BFB83000241C03010835
:10EE1800000C0040006808B5037B10302BB100F0EF
:10EE28008FFE003818BF012008BD00F06FFE0038C3
:10EE380018BF012008BD00BF0C4B00224FF0FF3166
:10EE48001A739960196683F86420C3F8B81083F8B8
:10EE5800BC20C3F8101183F81421C3E90022C3E9C8
:10EE68001622C3E92C22C3E942227047B830002495
:10EE7800034688B190F83D20022A03D08022012061
:10EE88009A66704702680421002083F83D10D36811
:10EE980023F00103D36070470120704703682C49B1
:10EEA8005A6910B49C6944F008049C619C6944F058
:10EEB80010049C611C6824F001041C601C6921403A
:10EEC8001961996821F44041996090F881100429EA
:10EED80001D0910630D490F88110032901D054064E
:10EEE8001FD4910509D5D0F8841041F00101C0F86C
:10EEF8008410996941F400719961D20509D5D0F857
:10EF0800842042F00802C0F884209A6942F4807292
:10EF18009A6100235DF8044BA0F86230A0F86A30CB
:10EF28007047D0F8841041F00401C0F88410996942
:10EF380041F040019961D4E7D0F8841041F0800194
:10EF4800C0F88410996941F020019961C3E700BFB6
:10EF580090FCFFFF002800F0A48002680021F8B5AB
:10EF6800514B044681629A4216D0A3F578439A42DF
:10EF780012D003F58063C0689A4200F08A800F2897
:10EF880008D8E16B00F108034D09DB0805FB0333E2
:10EF9800082B15D90120F8BDE068E16B00F10803E2
:10EFA800414E4D09DB0805FB0333404DAA4218BF0B
:10EFB800B24203D005F58065AA4201D1102BE9D8E9
:10EFC80094F8813003F0FF05002B58D00027022366
:10EFD8006568A66B84F88130136823F00103136019
:10EFE800A369B3F1806F3ED03943676B3B43676ACF
:10EFF8003B4327693B4367693B43276A3B43E76CCD
:10F008003B43A7683B43A76C3B43A76D3B432B435C
:10F018003343E669314308439060D360B5B99368D8
:10F0280023F4C05343F400639360936823F4C063EC
:10F0380043F480639360136D23F00103136500208C
:10F048000123C4F8840084F88130F8BD136D23F0DF
:10F05800010313656B02F2D5D368616D23F0004399
:10F068000B43D360EBE7B5F5800FBDD1002EBBD1C4
:10F07800D2F800C04CF4805CC2F800C0B4E7204667
:10F0880084F88050FFF76AF92268A76AE16BE068A4
:10F098009DE7E16B00F108034D09DB0805FB03332D
:10F0A8008CE70120704700BF003001400038004065
:10F0B800F8B590F88030012B00F08C8090F8813002
:10F0C800154601220446DEB2934280F880206AD1B8
:10F0D800002963D0B5FA85F35B09002D5ED00322C1
:10F0E8004366A0F8683080F88120C0F88430A0F822
:10F0F8006250A0F86A30C165A0F86050C0E91C33BE
:10F108008368B3F5C02F04D10268136843F4006321
:10F118001360E368A06F0F2B4BD98369B3F5804F59
:10F128003CD122683A4B3B4F2032036452F8183CDA
:10F13800C763394F23F40043C7640027076542F8C3
:10F14800183CB4F862309BB2F6F70EFD002844D1A3
:10F15800A36F324ADB69B3F5807F2368596802EAF6
:10F16800010218BF2A435A609A68616842F4004253
:10F17800B1F5800F9A601A6942F448721A611A68E8
:10F1880042F001021A6003D11A6842F400721A6050
:10F1980000231E4684F880303046F8BD002384F8EA
:10F1A80080303046F8BD0023022680F88030304693
:10F1B800F8BD072B83691AD8B3F5005F20D0B3F5E3
:10F1C800804FAED1B4F862309BB203339B08A4F8E9
:10F1D8006230A6E702263046F8BDD4F88430012212
:10F1E80043F01003C4F8843084F88120D9E7B3F5DC
:10F1F800804F05D0B3F5005FD0D1B3F5804F90D1E3
:10F20800B4F862309BB201335B08A4F8623088E737
:10F2180071F60008F5F500089DF600080000FFFFEC
:10F2280070B51D4690F88030012B00F0B98001239D
:10F23800044680F8803090F881304068DBB2B0F541
:10F24800800F7DD0012B40F08580002D18BF002A4B
:10F2580071D000296FD094F88130042B02D0052397
:10F2680084F881300023E1652168C4F88430A4F86B
:10F278006250A4F86A50A4F860506266A4F8685016
:10F28800C4E91C338B6823F440438B60E3680F2B7D
:10F2980065D9E06F8369B3F5804F4CD194F881301C
:10F2A800042B00F08A805E4B03645E4BC3635E4EA2
:10F2B8003031B4F86A30C66400269BB20665F6F7AA
:10F2C80053FC00286ED12268A16F9368203243F462
:10F2D800804342F8183CB4F86230C1E90F00C1E934
:10F2E80013009BB20846E16DF6F73EFC002859D1A1
:10F2F800A36FDB69B3F5807F236863D059684B4AF5
:10F308000A402A435A609A68616842F40042B1F59B
:10F31800800F9A601A6942F458721A611A6842F0AA
:10F3280001021A6003D11A6842F400721A600023BD
:10F3380084F8803070BD0023012084F8803070BDCF
:10F34800A06800287FF47EAF042B3FF47EAF012B2A
:10F358003FF47BAF0023022084F8803070BD072B78
:10F3680035D8A36F9B69B3F5005F50D0B3F5804FD4
:10F3780006D1B4F862309BB203339B08A4F862301C
:10F38800E06F8369B3F5005F39D0B3F5804F85D15D
:10F39800B4F86A309BB203339B08A4F86A307DE75F
:10F3A800022070BDD4F88430012243F010031046C7
:10F3B800C4F8843084F8812070BD1D4B03641D4B54
:10F3C800C36374E75968194A0A405A609BE7E06FBB
:10F3D8008369B3F5005F02D0B3F5804FABD1A66F58
:10F3E800B669B6F5804F06D1B4F86260B6B2013698
:10F3F8007608A4F86260B3F5804F7FF44FAFB4F895
:10F408006A309BB201335B08A4F86A3046E7B4F867
:10F4180062309BB201335B08A4F86230B0E700BFEA
:10F4280091F6000845F600089DF600080000FFFF69
:10F4380081F600081DF600082DE9F041154682689E
:10F4480004460E4622B94368B3F5800F00F0958054
:10F4580094F88030012B00F09980012384F88030E3
:10F4680094F88130012BDFB269D1002E61D0B5FA52
:10F4780085F35B09002D5CD00421B2F5C02F6666C8
:10F4880084F88110A4F86850C4F88430A4F8603077
:10F49800A4F86A50A4F86230C4E91C3304D1226885
:10F4A800136823F400631360E3680F2B4ED9E06FF1
:10F4B8008369B3F5804F3CD121688B6823F480437E
:10F4C8008B603246454EB4F86A3030310664444E9B
:10F4D8009BB2C663434EC66400260665F6F744FB36
:10F4E800002857D1E36F404ADB69B3F5807F236872
:10F4F800596802EA010218BF2A435A609A6861688B
:10F5080042F48042B1F5800F9A601A6942F4507251
:10F518001A611A6842F001021A6003D11A6842F4AB
:10F5280000721A6000231F4684F880303846BDE810
:10F53800F081002384F880303846BDE8F08100234C
:10F54800022784F880303846BDE8F081072B2BD895
:10F558002168E06F8B6823F480438B608369B3F57F
:10F56800005F32D0B3F5804FABD1B4F86A309BB2AC
:10F5780003339B08A4F86A30A3E72B4604250A4600
:10F5880080F88150BDE8F041FFF74ABE02273846AF
:10F59800BDE8F081D4F88430012243F01003C4F8A8
:10F5A800843084F88120C7E7E06F8269B2F5804F24
:10F5B80002D0B2F5005FBCD12168B2F5804F8B68EC
:10F5C80023F480438B607FF47CAFB4F86A309BB23D
:10F5D80001335B08A4F86A3073E700BF81F60008BE
:10F5E8001DF600089DF600080000FFFF806B08B5B7
:10F5F80090F88130072B09D0836FDB69B3F5807FE2
:10F6080005D00268136943F00803136108BDFFF7CA
:10F618000DF808BD806B08B590F88130072B09D02C
:10F62800C36FDB69B3F5807F05D00268136943F0C7
:10F638000803136108BDFFF75BF808BD806B08B5C8
:10F6480090F88130072B09D0836FDB69B3F5807F91
:10F6580005D00268136943F00803136108BDFFF77A
:10F66800A9F808BD704700BF806B08B5FFF7FAFF1F
:10F6780008BD00BF704700BF806B08B5FFF7FAFFF1
:10F6880008BD00BF704700BF806B08B5FFF7FAFFE1
:10F6980008BD00BF10B5846BF6F770FF022800D1D3
:10F6A80010BD236830495A69986940F0080098618C
:10F6B800986940F010009861186820F001001860FF
:10F6C800186901401961996821F44041996094F8DA
:10F6D8008110042901D091063AD494F881100329A5
:10F6E80001D0500629D4910509D5D4F8841041F0E9
:10F6F8000101C4F88410996941F400719961D20537
:10F7080009D5D4F8842042F00802C4F884209A6904
:10F7180042F480729A61002301222046A4F86230E4
:10F72800A4F86A30D4F8843043F01003C4F8843065
:10F7380084F88120FFF7A0F810BDD4F8841041F0B8
:10F748000401C4F88410996941F040019961CAE73D
:10F75800D4F8841041F08001C4F88410996941F00C
:10F7680020019961B9E700BF90FCFFFF03681969A0
:10F778005A692DE9F04101EA02059F68044690F8AC
:10F78800816005F0640CBCF1040F2FD005F0450032
:10F79800012834D005F02600022800F0DF80280771
:10F7A80070D59A6917F4404FF6B242F008029A6190
:10F7B8009A6942F010029A619A6942F400629A6169
:10F7C8001A6922F008021A6123D0042E00F0DE80A4
:10F7D800A26FD269EAB1032E50D0E26FD269C2B1EA
:10F7E800052E14D12046FEF7E5FF10E0436F984739
:10F7F800236F2046984705F04503012B02D1236F5C
:10F808002046984705F02605022D00F0A780BDE8A0
:10F81800F0819A6812F4404F1FD1B4F86A2092B26E
:10F82800DAB1626E0EE01B6B42F8043B6266B4F814
:10F838006A30013B9BB2A4F86A30B4F86A309BB2D4
:10F848005BB12368E1680F29EDD8072940F292805F
:10F858001B8E22F8023B6266E9E72046FFF71EFB93
:10F86800012384F88130D4F88430002B7FD1052E11
:10F87800B8D0042E00F08F80032EC8D12046FEF7A2
:10F88800D5FEC4E7100501D50A077AD415F4587FC8
:10F89800BDD06E0609D5D4F8842042F00402C4F81D
:10F8A80084209A6942F040029A61A80509D5D4F8E3
:10F8B800842042F00102C4F884209A6942F400725C
:10F8C8009A61E90509D5D4F8842042F00802C4F801
:10F8D80084209A6942F480729A61AA0609D5D4F8FC
:10F8E800842042F08002C4F884209A6942F0200201
:10F8F8009A61D4F88420002A89D0196807F440470F
:10F90800274A21F00101B7F5404F1960196902EA49
:10F9180001021A6127D19A68E06F22F440429A6086
:10F9280050B1204B0365F6F73FFA28B1D4F884307C
:10F9380043F04003C4F88430A06F00283FF467AF59
:10F94800184B0365F6F730FA00283FF460AFD4F897
:10F95800843043F04003C4F8843058E7636F20468E
:10F96800BDE8F04118470123204684F88130FEF7AE
:10F9780083FF4CE793F830301370626E0132626691
:10F9880055E79A6942F400629A6140E7E26FD269EA
:10F99800002A3FF43EAF2046FEF7AAFE37E700BF35
:10F9A80094FCFFFFB1F9000808B5806B0023012221
:10F9B800A0F86A30A0F8623080F88120FEF75CFF7A
:10F9C80008BD00BF90F88100704700BF002800F014
:10F9D8008F8038B590F83D30044603F0FF02002BC5
:10F9E80060D0226802234349B2F1804F84F83D3049
:10F9F800A2EB01011368B1FA81F14FEA511127D046
:10FA080031BB3D483D4D824251D000F58060824275
:10FA18004DD0551B00F58060B5FA85F582424FEA56
:10FA280055154DD0002D4BD1354836498A4218BF5F
:10FA380082424FD001F580618A424BD0A06923F001
:10FA48008003E168034313606368D162936223E033
:10FA58002A4D23F07003A068551B0343B5FA85F5BA
:10FA68006D09206923F440730343A06923F08003E0
:10FA780003431360E368D3626368936251B94DB975
:10FA88001F49204B9A4218BF8A4203D003F580636E
:10FA98009A4201D16369136301230020536184F8FA
:10FAA8003D3038BD80F83C20FFF722F899E7551B18
:10FAB80023F07003A068B5FA85F503436D09D0E714
:10FAC800A06823F0700303430F488242C9D0002D79
:10FAD800C7D1A9E7206923F44073A1690343E0680B
:10FAE80023F080030B4361681360D0629162C7E71B
:10FAF800012070470000014000040040000401405C
:10FB08000040014000440140000C00404FF0020C4E
:10FB180001680A4A034680F83DC088680240062A00
:10FB280006D0B2F5803F03D00A6842F001020A60AD
:10FB38000122002083F83D20704700BF0700010024
:10FB48000368094AD96841F00101D96099680A40F7
:10FB5800062A06D0B2F5803F03D01A6842F00102A7
:10FB68001A600020704700BF0700010090F83C3081
:10FB7800012B7DD002460223006830B4012482F8AC
:10FB88003D3082F83C40544C83681C400B68602B25
:10FB980084606FD01DD9B3F5005F59D042D94F4961
:10FBA8008B4206D038D94E498B4202D010318B4255
:10FBB80006D184684B4921400B4343F00703836017
:10FBC80000230121184682F83D1082F83C3030BCF1
:10FBD8007047402B67D019D9502BF1D1036A4C6874
:10FBE800CD6823F00A03016A1C433E4B21F0010152
:10FBF8000162816921F0F00141EA05118161046225
:10FC080081680B4043F057038360D9E7202BD0D09D
:10FC18001AD9302BD4D1CCE723F01001B1F5801FCD
:10FC2800CED1C6E7702BCBD18468D1E901532B43E1
:10FC3800CD6824F47F4143EA05230B43836083683E
:10FC480043F077038360BBE733F01001B8D1B0E726
:10FC5800D1E9015384682B43CD6824F47F4143EAFA
:10FC680005230B438360836843F480438360A7E7DD
:10FC780002207047046A4D6824F01004C9680462C1
:10FC8800836923F4704343EA0133016A21F0A00138
:10FC98008361144B41EA0511016281680B4043F00E
:10FCA800670383608CE7036A4C68CD6823F00A0316
:10FCB800016A1C430B4B21F001010162816921F0AB
:10FCC800F00141EA05118161046281680B4043F04B
:10FCD8004703836074E700BF8800CEFF2000100050
:10FCE800300010008FFFCFFF704700BF704700BF84
:10FCF800704700BF704700BF03681A69910710B5C5
:10FD0800044602D5DA68920768D41A69520702D500
:10FD1800DA6850074FD41A69110702D5DA68120752
:10FD280037D41A69D00602D5DA68D1061ED41A6902
:10FD3800D20702D5DA68D00769D41A69110602D544
:10FD4800DA6812066BD41A69D00502D5DA6811068A
:10FD58006DD41A69520602D5DA6850066FD41A694A
:10FD6800910602D5DA68920649D410BD6FF01001E9
:10FD78000822204619612277DB6913F4407F6FD18E
:10FD8800FFF7B2FF2046FFF7B3FF00222368227770
:10FD9800CDE76FF008010422204619612277DB695C
:10FDA8009B075AD1FFF7A0FF2046FFF7A1FF0022CB
:10FDB80023682277B5E76FF0040102222046196113
:10FDC80022779B6913F4407F44D1FFF78DFF2046CB
:10FDD800FFF78EFF0022236822779CE76FF002016D
:10FDE8000122196102779B69990730D1FFF77CFFDF
:10FDF8002046FFF77DFF00222368227785E76FF012
:10FE0800200220461A61BDE8104000F05FB86FF08C
:10FE1800010220461A61FEF75BFF23688DE76FF049
:10FE2800800220461A6100F053F823688BE76FF4CC
:10FE3800807220461A6100F04DF8236889E76FF058
:10FE4800400220461A61FFF755FF236887E7FFF74E
:10FE58004DFFD0E7FFF74AFFBCE7FFF747FFA6E7EC
:10FE6800FFF744FF91E700BF90F83C20012A28D013
:10FE780003460068022230B4134D83F83D20A8429F
:10FE88004268846818D005F58065A84214D024F02B
:10FE9800800C22F070020C688968224300244CEA26
:10FEA80001014FF0010C42608160204683F83DC09B
:10FEB80083F83C4030BC704722F470024D682A43F6
:10FEC800E5E70220704700BF00000140704700BF0F
:10FED800704700BF704700BF0B460146184600F048
:10FEE80001B8000010B504460448134620B10A467C
:10FEF8000220214600F040F810BD00BF81FF000835
:10FF080002440346934200D1704703F8011BF9E706
:10FF180070B50D4B0D4D5B1B9C100026A64209D1F8
:10FF280000F00AFB0A4D0B4B5B1B9C100026A642F7
:10FF380005D170BD55F8043B98470136EEE755F8F2
:10FF4800043B98470136F2E760050108600501089F
:10FF58006005010884050108704770470A4491420A
:10FF680000F1FF3300D1704710B511F8014B03F8C9
:10FF7800014F9142F9D110BD2DE9F047264E0746B1
:10FF88003068924688469946FFF7E6FF234A156887
:10FF98003DB9234B1360234A12B11268C3F8882075
:10FFA8001F4D6C681F2C06DD3068FFF7D6FF4FF039
:10FFB800FF30BDE8F0872FB3D5F8880068B91A4B31
:10FFC800002BF1D04FF48470AFF300800028EBD001
:10FFD8000023C0E94033C5F888006C6840F824A0C5
:10FFE8000122D0F80031A24000EB84011343C0F88D
:08FFF8000031022FC1F88090D6
:020000040801F1
:1000000002BFD0F804311343C0F80431631C02343A
:1000100030686B6045F82480FFF7A3FF0020CCE731
:100020007C030024A83200241C3200243C05010873
:10003000000000002DE9F0478C468E46089E1546CC
:1000400004461946002B40F0D080724547D9B2FAD9
:1000500082F74FB1C7F120030EFA07FC20FA03F331
:10006000BD4043EA0C0CBC404FEA154EA8B2BCFBA5
:10007000FEF8230C0EFB18CC08FB00F943EA0C43F6
:10008000994528D9EB1808F1FF3204D2994502D9D5
:10009000A8F102022B44A3EB0903A4B2B3FBFEFCBC
:1000A0000EFB1C330CFB00F044EA0344A04214D9BD
:1000B0002C190CF1FF3304D2A04202D9ACF1020397
:1000C0002C44241A43EA02401EB1FC400023346051
:1000D0007360BDE8F0874246DDE76346F1E7002A3A
:1000E00079D0B2FA82F3002B3FD01946C1F1200338
:1000F00002FA01F52EFA03F20EFA01FE20FA03F3DA
:1001000043EA0E034FEA154E00FA01F4B2FBFEFC7F
:10011000AFB20EFB1C201A0C0CFB07F842EA00429F
:1001200090455AD9AA180CF1FF3004D2904502D953
:10013000ACF102002A44A2EB08029BB2B2FBFEFC27
:100140000EFB1C220CFB07F743EA02439F4246D9F1
:10015000EB180CF1FF3204D29F4202D9ACF102023B
:100160002B44DB1B42EA004202E0AEEB0203012219
:100170004FEA154EAFB2B3FBFEFC200C0EFB1C3356
:100180000CFB07F840EA034398452AD9EB180CF119
:10019000FF3004D2984502D9ACF102002B44A3EB06
:1001A0000803A4B2B3FBFEFC0EFB1C330CFB07F7E9
:1001B00044EA0344A74216D92C190CF1FF3304D2A8
:1001C000A74202D9ACF102032C44E41B43EA0040ED
:1001D0000F46114678E71F2188E76046ABE7624685
:1001E000BFE76046DBE76346EFE7734506D916B91C
:1001F000002108466DE7C6E9000EF9E7B3FA83F778
:1002000087B9734501D3824207D8841A6EEB030382
:1002100001209C461EB900215BE73846FAE7C6E993
:10022000004CF8E7C7F1200CBB4022FA0CF51D4347
:1002300020FA0CF12EFA0CF30EFA07FE41EA0E0139
:100240004FEA154900FA07F4B3FBF9F81FFA85FEE7
:1002500009FB18300B0C08FB0EFA43EA00439A45E1
:1002600002FA07F240D9EB1808F1FF3004D29A45A0
:1002700002D9A8F102002B44A3EB0A0389B2B3FB15
:10028000F9F809FB183308FB0EFE41EA03418E45DD
:100290002CD9691808F1FF3304D28E4502D9A8F190
:1002A0000203294443EA0040A0FB0298A1EB0E019F
:1002B0004145CE46434602D306D14C4504D2B9EB64
:1002C000020E68EB05030138002EA4D0B4EB0E0239
:1002D00061EB030101FA0CFC22FA07F34CEA030379
:1002E000F940C6E9003196E74046C5E74346D9E7FD
:1002F0000054004000580040005C0040001C0058C2
:100300002500260027003400350047005200530026
:100310008E00000001010103070100000000004001
:100320000004004000080040000C0040010C020BDB
:10033000020A020902080302020C060A060B010463
:10034000010501080109010601070200000301017E
:10035000000700060201020400050004000100007D
:10036000030B06090002010E010F02020203000046
:10037000060000000C000000120000001800000041
:1003800000010000060100000C0100001201000045
:100390001801000000020000060200000C0200002C
:1003A0001202000018020000000300000603000013
:1003B0000002030000000000010000000000000037
:1003C0000000FA4500007A460000FA4600803B47EC
:1003D0000080BB470010014000440040004800403E
:1003E000004C0040005000400014014000780040E4
:1003F000007C0040000C00580000000000040000D9
:1004000000060000001000000000000000300000A6
:10041000002000000000001000000000001000009C
:10042000000000000102030401020304060708099A
:1004300000020102000201020100020004000800A3
:1004400010002000400080000001000200040008AD
:1004500000100020004000800000025800040258F4
:1004600000080258000C02580010025800140258EC
:1004700000180258001C025800200258002402589C
:100480000028025800000000000610160006101692
:100490000180808080808080048080808080808057
:1004A0000880808080808080108080808080808034
:1004B0002080808080808080400000000004081040
:1004C000204000000204081020400000080402043C
:1004D00008010101000000000B00FF00940200244D
:1004E0007C020024880200244C020024B80200246C
:1004F000A0020024AC02002458020024DC020024E4
:10050000C4020024D0020024640200247C300024B1
:1005100064300024703000244C300024A0300024CB
:100520008830002494300024583000240003002434
:10053000E8020024F402002470020024AC320024FB
:10054000F8B500BFF8BC08BC9E467047F8B500BFC0
:08055000F8BC08BC9E46704790
:08055800DCFAFF7F0100000046
:10056000F1020008150A0008CD1200082523000832
:100570004D290008D53B0008A943000849E90008B7
:0405800041EE000840
:04058400CD0200089C
:100588000000000010000000000000000000000053
:100598000000000000000000000000001000000043
:1005A8000000000000000000000000000000000043
:1005B8000000000010000000000000000000000023
:1005C8000000000000000000000000000000000023
:1005D8000000000000000000000000000000000013
:1005E8000000000001000000000000000000000002
:1005F80000000000000000000000000000000000F3
:1006080001000000000000000000000000000000E1
:1006180000000000000000000000000001000000D1
:1006280000000000000000000000000000000000C2
:1006380000000000000000000100000000000000B1
:1006480000000000000000000000000000000000A2
:100658000000000001000000000000000000000091
:100668000000000000000000000000000000000082
:100678000100000000000000000000000000000071
:100688000000000000000000000000000100000061
:100698000000000000000000000000000000000052
:1006A8000000000000000000010000000000000041
:1006B8000000000000000000000000000000000032
:1006C8000000000001000000010708000000000011
:1006D8000000000001060800000000000000000003
:1006E8000B00FF00F4010024E80100240C020024A0
:1006F800000200242402002418020024B801002467
:10070800AC010024D0010024C4010024A81F002447
:1007180030020024DC010024841F00249C1F0024D4
:10072800901F0024540100244801002401080802F5
:100738000B08000108000000010908020A0800006F
:1007480008000000010C0E03020801050E0000005D
:10075800020C0801060E00000000000001040B0056
:100768000000000000000000010707010F0400005E
:1007780000000000010607010E0400000000000050
:10078800000307000000000000000000000207004E
:100798000000000000000000020B0700000000003D
:1007A80000000000020A070000000000000000002E
:1007B8000609070000000000000000000090D003B8
:1007C8000090D0030100000010000000060A050098
:1007D8000405000000000000010C050104070109E0
:1007E80005000000000406000000000000000000F2
:1007F80000040800000000000000000001040500DB
:1008080006050609050000000105050007050000AA
:1008180000000000060B05000505000000000000B0
:10082800010E05020205000000000000020105019A
:100838000F05020305000000030305000000000087
:1008480000000000020B0601040600000000000082
:10085800020C06010507000000000000020A06005D
:100868000000000000000000010408000608000065
:100878000000000001050800070800000000000053
:100888000005080000000000000000000000000053
:100898000000000000000000000000000000000050
:1008A800000000000100000000000000000000003F
:1008B8000000000000000000000000000000000030
:1008C800010000000000000000000000000000001F
:1008D800000000000000000000000000010000000F
:1008E8000000000000000000000000000000000000
:1008F8000000000000000000010000001832002481
:0400000508000311DB
:00000001FF
