:020000040800F2
:1000000000000220B9030008B5030008C939000840
:10001000B5030008B5030008B503000800000000A0
:10002000000000000000000000000000B503000810
:10003000B503000800000000B50300084D390008B2
:10004000B5030008B5030008B5030008B5030008B0
:10005000B5030008B5030008B5030008B5030008A0
:10006000B5030008B5030008B5030008E125000842
:10007000ED250008B5030008F9250008052600084D
:10008000B53200080D1B0008B5030008B5030008D1
:10009000B5030008B5030008B5030008B503000860
:1000A000B5030008B5030008B5030008B503000850
:1000B0008DEF000899EF0008A5EF0008411B00082C
:1000C000B50300084D1B0008B5030008FDE7000854
:1000D00009E80008E9300008153100084931000836
:1000E000B5030008B503000800000000B5030008D0
:1000F000B5030008B5030008B5030008B503000800
:10010000B5030008B5030008B1EF000815E80008C2
:100110007D310008B1310008B5030008B5030008BF
:10012000B5030008B503000839E800086DE80008C9
:10013000E9320008B5030008B5030008B50300085C
:1001400000000000000000000000000000000000AF
:10015000B5030008B5030008B5030008E531000841
:10016000591B0008B50300085D39000881390008F3
:10017000B5030008A5390008B5030008B503000859
:10018000B5030008B5030008193200084D32000815
:1001900021E800082DE80008B5030008B5030008B1
:1001A000B5030008B5030008B5030008B50300084F
:1001B00001230008B5030008B5030008B5030008D3
:1001C000B5030008B5030008911400089D14000849
:1001D000B5030008A9140008B5030008B50300081A
:1001E000B5030008B5030008B5030008B50300080F
:1001F000B5030008B5030008B5030008B5030008FF
:10020000B5030008B5030008B5030008B5030008EE
:10021000B5030008B5030008B5030008B5030008DE
:10022000B5030008B5030008B5030008000000008E
:10023000B5030008B503000800000000B50300087E
:10024000B5030008B5030008B5030008B5030008AE
:10025000B5030008B5030008B5030008B50300089E
:10026000B5030008B5030008B5030008B50300088E
:10027000B5030008B5030008813200080000000043
:10028000B5030008B5030008B5030008000000002E
:0802900000000000B5030008A6
:1002A00001F0FF01102A2BDB10F0070F08D010F827
:1002B000013B013A8B422DD010F0070F42B3F6D12B
:1002C000F0B441EA012141EA014122F007047FF044
:1002D00000070023F0E80256083C85EA010586EA9B
:1002E000010685FA47F5A3FA87F586FA47F6A5FAD7
:1002F00087F68EB9EED1F0BC01F0FF0102F00702E3
:1003000032B110F8013B013A83EA010313B1F8D18D
:100310000020704701387047002D06BF354603386E
:10032000073815F0010F07D1013015F4807F02BFA7
:10033000013015F4C03F0130F0BC0138704700BFF8
:1003400053B94AB9002908BF00281CBF4FF0FF313C
:100350004FF0FF3000F00CB8ADF1080C6DE904CEA1
:1003600011F006F9DDF804E0DDE9022304B070477E
:10037000704700BF10B5054C237833B9044B13B157
:100380000448AFF300800123237010BD0806002449
:1003900000000000441C010808B5034B1BB10349D1
:1003A0000348AFF3008008BD000000000C060024E5
:1003B000441C0108FEE700BF0C4A0D4B934204D0D9
:1003C000D21A0C49184610F0B6F90B4A0B4B93425F
:1003D00004D0D21A0021184610F028F903F04CFD81
:1003E00010F082F900F0B8F8FEE700BF0406002420
:1003F00000000024781C0108003A012408060024AB
:10040000704700BF704700BF704700BF1BB913693A
:100410000BB1D26818477047C9B301442DE9F043C6
:100420001546A5B0441E02F124074E1E01E0B44259
:100430002AD06A4614F8011F384600F0D9FE002879
:10044000F5D0D5F8CC0090226946D5E9319303F177
:10045000010803EBC30E1B1A09F1FF3C48BF4B44D4
:100460009C45E4D0D5F8C000C5F8C88000EB0E105C
:1004700010F061F9D5E931239342A3EB020328BFC1
:10048000C5F8C830B442D4D125B0BDE8F083704778
:1004900002780B4610B4092A42D8DFE802F00E13A6
:1004A0001B252B2D37393F05204A03CA12881860B7
:1004B00059601A815DF8044B70471D4A03CA1860E1
:1004C0005960F7E71B4A1068918892791860998003
:1004D0009A71EFE7184C07CC2478186059609A603D
:1004E0001C735DF8044B7047144A11889278198088
:1004F0009A70DFE7124CEEE7124C07CC24881860A4
:1005000059609A609C815DF8044B70470E4ACCE7B5
:100510000E4C07CC186059609A60CBE70C4CECE7A6
:100520000C4A03CA18605960C4E700BF5C1901088F
:10053000F0180108F818010800190108101901083D
:100540001419010824190108341901084019010877
:100550004C190108681901082DE9F04FD5B00021A8
:100560008748002504AC00F01FFA00200CAE00F014
:10057000F5FD204600F028FE94E80F0008AC84E862
:100580000F0008AB7F4C0FCB84E80F000123CDE9AF
:100590003235359347F6122336930223349394E889
:1005A0000F0086E80F00319010461A46B388ADF868
:1005B000C230F388C4E90502ADF8C03012B1294653
:1005C00010F034F8704D30A96F4802F043FF05F188
:1005D000140000F0C5FE6D4B284614212362E4612F
:1005E00003F086F96A4B28460095DFF8B891694D0B
:1005F000D4E9051202F098FF03F056FA03F054FA1A
:10060000824603F051FA80465F4803F017F800284D
:1006100000F08F80D4E932329B1A49D4002B4CD0A1
:100620005D4800F08DFDD4E93237BB4200F0938085
:10063000D4F8C03007EBC70130A8902203EB0111BA
:10064000013710F078F8D4F8C430C4F8CC709F4269
:1006500002D3FF1AC4F8CC70902230A9304610F0B3
:100660006AF89DF8C070BDF8C8B0012F7CD06968E9
:10067000D5E90223D31A48BF5B1801399942C9D082
:100680002B6802EBC2000132314603EB00103770D9
:10069000AA609022A6F808B010F04DF8D5E9012321
:1006A0009342B7D39B1AAB60D4E932329B1AB5D5CB
:1006B000D4F8C4201344002BB2D1A8EB0A03052BB5
:1006C0009FD9D5E90237BB4229D02B6807EBC70178
:1006D000902230A803EB0111013710F02CF86B6861
:1006E000EF609F4201D3FF1AEF60902230A930469D
:1006F00010F021F8319F9DF8C8A008A99DF8C9B055
:100700003046FFF7C5FE254908AB424630A80097A2
:10071000CDE901AB0FF0E8FE30A800F011FD03F0C9
:10072000C3F9C2468046184802F088FF00287FF4CB
:1007300071AF1B4800F014FE144B142112482362C1
:10074000E46103F0D5F81048114BD4E9051200908C
:1007500002F0EAFE5EE79022002130464FF0000BE7
:1007600000270FF063FF82E7D9F80030032230A999
:100770000548ADF8C030ADF8C1B002F063FF76E7D0
:1007800024E00024C44E0024D44E002419040008A0
:100790000D040008240600247019010880190108BE
:1007A000E84E0024A8180108194B1A491A4A18469D
:1007B00010B500241C605C611C62DC630FF0C8FC97
:1007C000164800F001FD1549154A07230C61C1F8D0
:1007D000B92001F1D00281F8BD3040F20113C1F817
:1007E000C840C1F8CC400D48C1E930230A4A0D4940
:1007F0000FF0AEFC0C488121074A00F11003C460E1
:10080000C0E9011409490360BDE810400FF0A0BC25
:1008100024E000240104000800000024C44E002449
:1008200080707F0F090400082406002405040008D6
:1008300010B540F203338EB000244FF60B7240F235
:100840000341ADF8083009A80123ADF81020ADF838
:1008500024202246ADF80C100094029907940C94C1
:10086000CDE90544CDE90A4400F024FE04A80123A3
:1008700022460399009400F01DFE09A800F000FF35
:1008800010B901200EB010BD04A800F0F9FEA0427E
:100890000CBF022020460EB010BD00BF2DE9F04174
:1008A00003239AB0012700240646CDE914373B4BB9
:1008B000CDE9104340F20453CDE91647ADF8483076
:1008C000FFF7B6FFB842054625D0022845D040F6CE
:1008D0000132334B0DF12C081894ADF82C200B98F5
:1008E0001997CDF84A3000F0E3F810A906F13C0062
:1008F00001F08EFE302003224FF07E5341460D93CF
:100900000E93CDE90B02F26B06F1140000F04CFBE4
:100910001AB0BDE8F0811023214A06A906908DF88F
:1009200028300DF12C081F4BCDF84A200793029474
:10093000CDE91804CDE9080402A801F013F9082351
:10094000029A03A94046ADF80C508DF80E4004956C
:1009500005930B9400F0ECF8C7E700200121104B41
:100960000DF12C083A460094CDF84A304FF60B733F
:100970000C94ADF82C302346CDE9180140F6013136
:100980004046ADF818100699CDE90D4400F092FDEF
:100990002146404600F080FEA7E700BF04020404A1
:1009A000040604030704010B2DE9F04704462DED6E
:1009B000028B82B000294DD0012140F201120023A8
:1009C0000091ADF804208DF80630364A0127364BE9
:1009D00004F10409354904F12908626040F2027209
:1009E000A36040F60663E16004F1250AA4F825201F
:1009F000A4F82930278284F8277084F82B7003F03C
:100A0000F1F9054603F054F86946064650BB4DB36C
:100A100004F130008DF8067003F06CF9072D3CD11D
:100A200004F114052046FFF739FF284600F0F8FAD4
:100A30002846B0EE408A00F0EFFAD0ED007AF8EEEA
:100A4000677A88EE277A84ED0E7A02B0BDEC028BCD
:100A5000BDE8F08740F2011300918DF80610ADF863
:100A60000430B2E704F1300003F044F9072D11D04F
:100A70004946204601F0C0FA0EB9002DD0D15046AB
:100A800000F014FE404600F011FE04F1120000F0E8
:100A900079F9C5E7002EF2D1C2E74946204601F0B8
:100AA000ABFABDE70508050905070506050A0606B0
:100AB00010B584B003460124ADF8040003A8ADF8D6
:100AC0000C30ADF80E4000F0F1FD214603A800F017
:100AD000C9FE204602F0EAFF002103A800F0C2FE92
:100AE000204602F0E3FF214603A800F0BBFE04B05D
:100AF00010BD00BF10B5C2F3002384B00C46017CCA
:100B00008DF80D2043EA4402FA2402238DF80C20CC
:100B100003AA009401F0BCF818B10124204604B0E7
:100B200010BD04460A2002F0C1FF204604B010BDEB
:100B3000034670B543F8042B044684B007C983E824
:100B40000700A37983B91A210B461E22FA252374C4
:100B50002046ADF80C20022303AA009501F098F876
:100B600028B1012004B070BD1B210B46EDE70A201F
:100B700002F09CFF4FF4B85200950223ADF80C2010
:100B8000204603AA217C01F083F80028E9D10A203D
:100B900002F08CFF41F2027200950223ADF80C20A6
:100BA000204603AA217C01F073F80028D9D10A203D
:100BB00002F07CFF042200950223ADF80C202046B1
:100BC00003AA217C01F064F80028CAD10A2002F0AF
:100BD0006DFF062200950223ADF80C20204603AAE3
:100BE000217C01F055F80028BBD10A2002F05EFFFD
:100BF00041F2082200950223ADF80C20204603AAFA
:100C0000217C01F045F80028ABD10A20064602F00D
:100C10004DFF0095022303AA217C2046ADF80C600D
:100C200001F036F800289CD1304602F03FFF0095D5
:100C300022790C232046002A8DF80C3003AA4FF0AD
:100C4000020314BF622142218DF80D10217C01F0B6
:100C50001FF8002885D1304602F028FF2279D4E918
:100C600002310B43DBB20AB943F0400362790AB1A7
:100C700043F020030E22FA258DF80D302046009512
:100C800002238DF80C2003AA217C01F001F8002832
:100C90007FF467AF0A2002F009FF102200950223BB
:100CA000ADF80C20204603AA217C00F0F1FF0028BB
:100CB0007FF457AF0A2002F0F9FE122100950223BB
:100CC000ADF80C1003AA217C204600F0E1FF0028BB
:100CD0007FF447AF0A2002F0E9FE012209212046F5
:100CE000FFF708FF003818BF01203BE7F0B51023DD
:100CF00087B0234C012200250126002702A92046A7
:100D00000195CDE902234FF48052CDE9046709F043
:100D100073FB642003F0A4FE02A94FF48052204626
:100D2000CDE9046702261027CDE9026709F064FBCC
:100D30000322102302A92046CDE902230023042226
:100D4000CDE904234FF4805209F056FB40F23223E0
:100D5000042202A9019310232046CDE90223019A1F
:100D6000012305924FF48052049309F045FB40F6AD
:100D70000601204609F060FB284607B0F0BD00BF21
:100D80006CE000241C4B00221C494FF0400C30B595
:100D9000054689B00220596007219A601A62012431
:100DA000DA620A224FF4006EDC6006922022CDE95E
:100DB000000104200821CDE9020103201021CDE922
:100DC000040108206946C3E904024FF4C072181DEB
:100DD000C3E906C24FF48052C3E909E209F0E2FA1E
:100DE00038B92846FFF782FF003818BF012009B044
:100DF00030BD204609B030BD68E0002440410052BB
:100E0000614A0021D0B513688EB00A91002B40F0E2
:100E1000B9805E4B01214FF683700C2411600221D2
:100E2000D3F8D4200026032742F48052C3F8D420FC
:100E3000D3F8D42002F480520092009AD3F8E02034
:100E400042F01002C3F8E020D3F8E02002F01002D4
:100E50000192019AD3F8E02042F04002C3F8E0206A
:100E6000D3F8E02002F040020292029AD3F8E02088
:100E700042F00802C3F8E020D3F8E02002F00802B4
:100E80000392039AD3F8E02042F48072C3F8E02082
:100E9000D3F8E02002F480720492049AD3F8E020A0
:100EA00042F08002C3F8E020D3F8E02002F0800294
:100EB0000592059AD3F8E02042F02002C3F8E02022
:100EC000D3F8E02002F020020692069AD3F8E02040
:100ED00042F00402C3F8E020D3F8E0300C9403F0B1
:100EE000040307930323079A0B93CDE9080108A98C
:100EF000274804F05BFE48F23712022308A9254870
:100F00000C94CDE90823CDE90A6704F04FFE4CF2BA
:100F10000372022308A920480C94CDE90823CDE9E7
:100F20000A6704F043FE40F2FF62022308A91B484F
:100F30000C94CDE90823CDE90A6704F037FE4FF69B
:100F40000C72022308A916480C94CDE90823CDE9B8
:100F50000A6704F02BFE4FF63F02022308A911484E
:100F60000C94CDE90823CDE90A6704F01FFE202286
:100F7000022308A90A480C94CDE90A67CDE90823A1
:100F800004F014FE0EB0D0BD64E00024004402580A
:100F90000010025800180258000C02580020025895
:100FA000001C02580014025830B5184C154685B084
:100FB000046004F1080EEC460FC98EE80F00D4ED72
:100FC000047AF5EEC07A8CE80F00F1EE10FA1ADD23
:100FD000B7EE006A94ED057A27EE277AC6EE276A07
:100FE00084ED0D7AC4ED0C6A6DB1204640F8185FAF
:100FF00001F006FC064903690020064A2162A2624C
:10100000E36005B030BD012005B030BDA0E0002494
:10101000002000300000003000680830704700BF3A
:101020000068183001F0EEBB10B4074B4FF07E5152
:1010300030240022032019619C60D8605DF8044BC5
:101040005961C3E906227047A0E00024704700BF41
:10105000F8B5134F3C687F2C07D98023114A42F220
:1010600024411C463B60A2F87E100F4D2B68012BDB
:101070000AD90C4E0D4D22463146284600F0FEF9A5
:101080000028F8D13860F8BD22460649074800F02C
:10109000F5F90028F7D12B68386001332B60F8BDD3
:1010A000DCE00024E0E00024D8E0002460E100243B
:1010B00030B4154C2168F1B14B1E144DE81810F8EE
:1010C00001298C4619460A2A01D00D2A02D14BB1BA
:1010D000013BF4E70CF102037F2B10D9802323603E
:1010E00030BC70470122022323600D200A2368547C
:1010F000AB5430BC704701220223044DF4E70CF1DD
:1011000001026146F0E700BFDCE00024E0E00024DB
:1011100010B5094C02460B46084821680844C1F145
:1011200080010FF075FA236818442060FFF7C0FFB4
:10113000FFF78EFF10BD00BFDCE00024E0E00024DC
:101140000FB400B583B004A951F8040B0191FFF767
:10115000DFFF03B05DF804EB04B0704710B5044640
:1011600000210A4800F004F9002C094B14BF0222A8
:10117000002208481A60FFF7E3FF0748FFF7E0FF87
:101180000A20BDE8104002F091BC00BF60E10024DD
:10119000D8E00024BC190108CC190108064A074907
:1011A000074808B50EF0D4FF034A04490548BDE8D6
:1011B00008400EF0CDBF00BF000000244D10000815
:1011C00060E1002464E10024074A118830B4818082
:1011D0000024064D91884FF4807285600460C180C0
:1011E000C26030BC704700BFAC180108004000303E
:1011F00038B50446104694F895301942237815D036
:10120000032B19D094F89820002594F896300A40C2
:1012100025700B40A26001F0F8021B09F82A237127
:1012200000F08680092B73D9002038BD032BFBD832
:10123000DFE803F0112A5102F7291CD094F98E201F
:1012400094F88E30002AEFDBE2180133002091730E
:1012500084F88E3038BD94F8942094F89730227139
:101260001940131F012B217305D994F88F3003F017
:10127000FD03012B45D10023237018B19022211DBD
:101280000FF059FA012038BD94F8973094F8942063
:101290001940131F2173012B05D994F88F3003F0E7
:1012A000FD03012B29D10023237000284CD090226C
:1012B000211D0FF040FA94F894200120032AB4D1A4
:1012C000237B772BB1D90922783B227184F89420B3
:1012D00084F8913038BD94F8973094F894201940F0
:1012E000012A617300D181B118B19022211D0FF044
:1012F00022FA00230120237038BD0223002023702E
:10130000DCE702230020237038BD00232371EBE7C4
:101310000122072B227019D101F00703A56084F880
:101320008F30CBB90322184684F88E30227038BD36
:101330000823237194F8993000221940227084F810
:10134000901000289AD19DE70120B7E7082BF1D033
:10135000284684F8943038BD4B077FF565AF8AE79F
:1013600000220A2302700371704700BF704700BF5C
:10137000012910B506D0022915D051B1BDE81040A1
:1013800006F0F6BA0A46344834490CF07BF9E8B165
:10139000FEE7334B0A46334C334934481C600CF0AB
:1013A00071F968B1FEE701222C492B480CF06AF96B
:1013B00000B1FEE72E4928480CF086F9C0B1FEE7DF
:1013C0002B492A480CF080F960B1FEE728492248F1
:1013D0000CF07AF900B1FEE726491F480CF002F93B
:1013E00008B3FEE7244921480CF0FCF8A8B1FEE759
:1013F000204919480CF0F6F800B1FEE716480CF049
:1014000079F9024640B9164B164C174917481C602B
:101410000CF038F968B1FEE7FEE714480CF06AF901
:101420000028ABD0FEE70C480CF064F90028A5D0EA
:10143000FEE70F490D480CF047F900B1FEE70E49F1
:101440000A480CF0CFF800B1FEE708480CF052F95A
:10145000002893D0FEE700BF04E40024900200249B
:10146000A0E600246D1300087402002468E1002443
:10147000F80200245402002444020024084691B2D9
:1014800008B502F0E9FD003818BF012008BD00BF13
:10149000014805F04BBD00BFB01E0124014805F016
:1014A00045BD00BFB01E0124014805F03FBD00BF8F
:1014B000B01E012410B592B0ADF804100180C9B27D
:1014C000149C0B29C460C0E901233FD090F801C0EF
:1014D000BCF10F0F3AD8022A3FD0032A02D0012ACA
:1014E00000D000220E92012B02D0022B18BF002345
:1014F000022C0F932CD0032C2AD0012C28D00023AF
:101500000A29109327D85C4A02EB812202610A293A
:1015100014D8DFE801F0A39587796B5D4F4133253F
:101520000600564BD3F8E01041F48061C3F8E01098
:10153000D3F8E03003F480630C930C9B01230DA9D6
:10154000104603FA0CF30D9304F030FB12B010BDFB
:101550000A291094D7D90022D8E711220E92C2E7A7
:10156000464BD3F8E01041F40071C3F8E010D3F813
:10157000E03003F400730B930B9BDFE73F4BD3F892
:10158000E01041F48071C3F8E010D3F8E03003F4C8
:1015900080730A930A9BD1E7384BD3F8E01041F0EF
:1015A0008001C3F8E010D3F8E03003F08003099322
:1015B000099BC3E7314BD3F8E01041F04001C3F879
:1015C000E010D3F8E03003F040030893089BB5E740
:1015D0002A4BD3F8E01041F02001C3F8E010D3F813
:1015E000E03003F020030793079BA7E7234BD3F8D2
:1015F000E01041F01001C3F8E010D3F8E03003F040
:1016000010030693069B99E71C4BD3F8E01041F0BA
:101610000801C3F8E010D3F8E03003F008030593A5
:10162000059B8BE7154BD3F8E01041F00401C3F89C
:10163000E010D3F8E03003F004030493049B7DE74B
:101640000E4BD3F8E01041F00201C3F8E010D3F8DC
:10165000E03003F002030393039B6FE7074BD3F8DB
:10166000E01041F00101C3F8E010D3F8E03003F0DE
:1016700001030293029B61E70000025800440258F4
:1016800008B5012143780069994089B204F096FCBD
:10169000003818BF012008BD01230A4641780069BF
:1016A00003FA01F189B204F08FBC00BF8378022BEA
:1016B00030B504468FB037D0032B33D0012B31D057
:1016C00000230A93E378012B2AD0022B28D0002391
:1016D0000B93002320460C9303F0A0F80546204608
:1016E00003F0A4F823780990082B13D8DFE803F05F
:1016F0001F3245586B7E91A40500594BD3F8E0206A
:1017000042F48072C3F8E020D3F8E03003F4807331
:101710000893089B09A9284604F048FA0FB030BD89
:101720000B93D6E70A93CDE711230A93CAE74C4BF4
:1017300009A92846D3F8E02042F00102C3F8E020CE
:10174000D3F8E03003F001030093009B04F02EFA7D
:101750000FB030BD424B09A92846D3F8E02042F033
:101760000202C3F8E020D3F8E03003F00203019353
:10177000019B04F01BFA0FB030BD394B09A9284674
:10178000D3F8E02042F00402C3F8E020D3F8E030C0
:1017900003F004030293029B04F008FA0FB030BD7B
:1017A0002F4B09A92846D3F8E02042F00802C3F8DD
:1017B000E020D3F8E03003F008030393039B04F028
:1017C000F5F90FB030BD264B09A92846D3F8E02023
:1017D00042F01002C3F8E020D3F8E03003F0100329
:1017E0000493049B04F0E2F90FB030BD1C4B09A92F
:1017F0002846D3F8E02042F02002C3F8E020D3F8D6
:10180000E03003F020030593059B04F0CFF90FB0FF
:1018100030BD134B09A92846D3F8E02042F040021E
:10182000C3F8E020D3F8E03003F040030693069BB2
:1018300004F0BCF90FB030BD094B09A92846D3F814
:10184000E02042F08002C3F8E020D3F8E03003F05B
:1018500080030793079B04F0A9F90FB030BD00BFC8
:101860000044025870B506460D4602F0D7FF044604
:10187000304602F0DBFF2A1E0146204618BF012237
:10188000BDE8704004F0A0BB0023122270B586B002
:10189000CDE9022304930368032B01D804230593A5
:1018A000061D841D304602F0B9FF0546304602F0A1
:1018B000BDFF034601A92846019304F077F92046AD
:1018C00002F0ACFF034620461C4602F0AFFF01A920
:1018D00003462046019304F069F906B070BD00BFCD
:1018E000634A0368934210B58CB028D0614A934292
:1018F00058D0614A934200F09480604A934201D0EC
:101900000CB010BD5E4C5F48D4F8E03043F00203E9
:10191000C4F8E030D4F8E03003F002030A930A9BE5
:10192000FFF7B2FFD4F8F43043F08003C4F8F4308A
:10193000D4F8F43003F080030B930B9BE0E7504C9A
:101940005148D4F8E03043F00203C4F8E030D4F852
:10195000E03003F002030193019BFFF795FFD4F8F9
:10196000E83000221F2043F400131146C4F8E83089
:10197000D4F8E83003F400130293029BD4F8D83073
:1019800043F00103C4F8D830D4F8D83003F0010391
:101990000393039B03F08EF81F200CB0BDE81040AA
:1019A00003F0C6B8364C3948D4F8E03043F0800331
:1019B000C4F8E030D4F8E03003F080030493049BD3
:1019C000D4F8E03043F00203C4F8E030D4F8E0305B
:1019D00003F002030593059BFFF756FFD4F8E830A8
:1019E0000022212043F480031146C4F8E830D4F8E3
:1019F000E83003F480030693069BD4F8D83043F014
:101A00000103C4F8D830D4F8D83003F001030793A9
:101A1000079B03F04FF821200CB0BDE8104003F005
:101A200087B81B48FFF730FF154B00224820D3F83A
:101A3000E840114644F40004C3F8E840D3F8E84015
:101A400004F400040894089CD3F8D84044F001043E
:101A5000C3F8D840D3F8D83003F001030993099BA9
:101A600003F028F848200CB0BDE8104003F060B83F
:101A70000054004000580040005C0040001C00582A
:101A80000044025830E90024A8E6002480E700243E
:101A900058E800242DE9F0431A4B87B000254FF099
:101AA00010099E46EC46184BFF22E04667461A7026
:101AB0000EF118060EF13004CDE90055CDE90255BE
:101AC000ADF80090BCE80F00CDE90455AEE80F007A
:101AD0009CE803000095ADF800908EE80300B8E89C
:101AE0000F000FC69CE803000095ADF8009086E853
:101AF00003000FCF0FC49CE8030084E8030007B085
:101B0000BDE8F08304000024A5E6002410B5EFF33F
:101B1000108472B6084B1A78120602D504B962B660
:101B200010BD1B78D82205485BB202FB03001430BD
:101B300003F0EAFCF2E700BFA5E60024A8E60024D3
:101B4000014805F0D9B800BF34E70024014805F08A
:101B5000D3B800BF0CE80024014805F0CDB800BFA1
:101B6000E4E800242DE9F0430F68D8243F4D85B008
:101B700007FB04F4032F05EB0403036040DCCB6890
:101B80000E46012B3CD84DD04FF0D808B646DFF8B2
:101B9000FC9008FB0758BEE80F00C446ACE80F00F5
:101BA000DEF800300DF1100ECCF80030D8F808C087
:101BB00099E80F000EE90F000EEB8703BCF1010F4F
:101BC00053F8103CC8F88C3031D0BCF1020F42D031
:101BD000BCF1000F35D0317C8C34D8230022012099
:101BE0002C4403FB07534900C3E92602C3F89410B1
:101BF0002046C3E92822C3E92A2204F06FFE18B167
:101C0000012005B0BDE8F0830146204605F080F8CC
:101C10000028F5D10146204605F0A4F8003818BF89
:101C20000120EEE70B7C103B672BADD9E8E702F013
:101C3000D7F80F4B98420CBF0E4B0F4BC8F89030A3
:101C4000C9E702F0CDF80A4B98420CBF0B4B0C4B86
:101C5000C8F89030BFE702F0C3F8054B98420CBFBC
:101C6000084B094BC8F89030B5E700BFA8E6002440
:101C7000000E27072D0FB0303211D0205F43906047
:101C80008A62E030200BA0101A098010B4180108F5
:101C90002DE9F041D0F8008082B00D4617461E466F
:101CA00008F18C04204605F02FF82028FAD1D8F846
:101CB0000C3073B96D002046089C33463A46A9B2F1
:101CC000009404F061FE003818BF012002B0BDE8A6
:101CD000F081089B32463946204604F029FFF2E79E
:101CE000044B10221A7483F8E82083F8C02183F88B
:101CF00098227047A8E6002430B5002395B04FF431
:101D00008071062204460B9306921393CDE90C13BF
:101D1000CDE90E33CDE9113302F064F807282BD05A
:101D200004F1100541F2883206A9284605F06CFF3F
:101D300028B10123184684F85C3015B030BD02226A
:101D4000022306A92846CDE9002310220123CDE96C
:101D5000022300224FF48003CDE9042305224FF033
:101D6000807306926A460F9341F2883306F0B8F802
:101D70000028DED115B030BD0323012084F85C308B
:101D800015B030BD0000000070B50023A4B04FF0C6
:101D900080724FF480750446ADF806300D93CDE99E
:101DA00010320122CDE90E53CDE91223CDE91433CF
:101DB000002943D0F02300F1100508AEADF806303D
:101DC000C02341F2883231462846089305F01CFFB3
:101DD00028B10123184684F85C3024B070BD41F26C
:101DE00088320DF10601284605F078FF03460028E9
:101DF000EFD105224FF480711E93284616924FF0C2
:101E000080721B9321931F9202AA9FED1F7BCDE945
:101E10001C13CDE922338DED027B9FED1D7B41F23A
:101E2000883316A98DED047B9FED1B7B8DED067B22
:101E300006F056F80028CCD124B070BD00F1100592
:101E400008AE612341F2883231462846089305F0F6
:101E5000DBFE0028BDD141F288320DF10601284693
:101E600005F0BAFF0028B4D1BDF80630204623F0B3
:101E7000780343F04003ADF80630FFF73DFF00283C
:101E80009ED0A6E7AFF30080000000000100000034
:101E900010000000010000000000000000004000F1
:101EA0002DE9F04F00234FF4807501264FF0807824
:101EB00004462DED028BABB08DF8073013932193C0
:101EC000299314950E96CDF85C80CDE91533CDE9B4
:101ED0001863CDE91A33CDE92253CDE92433CDE996
:101EE000273306231C9301F07DFF072808D004F157
:101EF000100741F288321CA9384605F085FE40B132
:101F00000123184684F85C302BB0BDEC028BBDE891
:101F1000F08F4FF0020A4FF0020B4FF0050941F22B
:101F2000883308AA1CA93846CDF89480CDF8709063
:101F30009FED2D8BCDE908AB4FF0000A4FF4800BDD
:101F40008DED0A8BCDE90CAB05F0CAFF0028D7D187
:101F500041F2883238460EA905F056FE0028CFD14E
:101F6000402341F288320DF1070138468DF80730E1
:101F700005F0B4FE0028C3D141F288330EA902AAAD
:101F80003846CDF83890CDF85C809FED197B8DED0B
:101F9000048BCDE906AB8DED027B05F0A1FF034676
:101FA0000028ADD1CDF870904FF00109CDF89480A4
:101FB0004FF00008219308AA29931CA938462295BE
:101FC000CDE92333CDE9273341F288338DED0A8BF8
:101FD000CDE90CABCDE9088905F082FF002893D04C
:101FE000304684F85C608FE71000000001000000BC
:101FF00040000000400000002DE9F043624CA3B017
:102000000D46046001F0EEFE072800F0A980286864
:1020100023466968AA6807C31E46AB8926F8043BB5
:102020003046257B677B05F0D1FDE0B9574B012D8C
:102030004FF00108E061236114BF4FF480134FF4A7
:102040000003C4E9058893FAA3F3B3FA83F34FF4CA
:102050008079013BC4F82490C4E90B003046236228
:1020600005F048FD38B10122134684F85C2018467B
:1020700023B0BDE8F08366230B90139041F28832C1
:1020800006A90693CDE90C90CDE90E00CDE911002B
:10209000304605F0B9FD0028E5D1992341F2883298
:1020A00006A93046069305F0AFFD0028DBD10523D5
:1020B0001C9019906A4614934FF08073219014A9D4
:1020C0001D9341F288339FED2A7BCDE91A90CDE92B
:1020D0001F008DED007B9FED287B30468DED027B50
:1020E0009FED277B8DED047B05F0FAFE0028BAD129
:1020F00029462046FFF748FE0028B4D12046FFF7C6
:10210000CFFE03460028AED1002FB0D11893304641
:102110000027002606AA14A9CDF86890CDE91F3340
:10212000EB2314934FF440631B934FF40053179326
:102130004FF440431C93A0231693062319934FF0AA
:10214000805321934FF04073CDE906671D9305F04E
:102150003FFF034600288AD0434684F85C8086E728
:1021600001230322184684F85C2023B0BDE8F083E5
:10217000000000000100000010000000010000004D
:10218000000000000000400008EA00240050005257
:102190002DE9F04F8FB0414B0024026800AF9A4206
:1021A0007C63C7E90944C7E90B4403D03C37BD460B
:1021B000BDE8F08F3A4B40F609213A48EB46D3F898
:1021C000D42007F11C0607F1220A4FF0020942F45D
:1021D00080424FF00308C3F8D420D3F8D42002F48F
:1021E0008042BA60BA68D3F8E02042F04002C3F8F7
:1021F000E020D3F8E02002F04002FA60FA68D3F859
:10220000E02042F02002C3F8E020D3F8E02002F002
:1022100020023A613A69D3F8E02042F01002C3F894
:10222000E020D3F8E02002F010027A617A69D3F856
:10223000E02042F00202C3F8E020D3F8E030F86179
:1022400003F002033984BB61174B7B60BB697B6879
:1022500053F8040F7B6002F0E1FA7B6805461868CA
:1022600002F0E4FA16F8013B786207F124012846EF
:10227000C7F830807B63C7E90A9403F097FC5645A2
:10228000E5D100225C20114602F014FC5C2002F033
:102290004FFC3C37DD46BD46BDE8F08F0050005294
:1022A000004402580A0A090964EA0024114B026832
:1022B0009A4200D07047104A70B5D2F8D4300F4C13
:1022C00023F4804304F11806C2F8D43054F8040F04
:1022D00002F0A4FA0546206802F0A8FA0146284652
:1022E00003F0A4FDB442F1D15C20BDE8704002F0DF
:1022F0002DBC00BF005000520044025864EA002484
:10230000014805F0F1BE00BF18EA0024084B1A1D71
:10231000981D03F1080110B49C1C9A6603F10A028F
:10232000C3E91834C3E91B015DF8044B5A677047D1
:1023300008EA002438B5036871B9026A00F128057B
:1023400000F5AC74012A0CBF002140218BBB1D4B52
:102350005722C0F858310DE0426A00F1C00500F57F
:10236000E874012A0CBF00214021EBB1164B5A2220
:10237000C0F8D03100232046C4E901214FF4805237
:102380004FF48061636262614FF48042C4E90331BB
:102390004FF48073C4E906234FF40033236202F044
:1023A0003BFD58B1FFBEFEE7084B5822C0F8D031C4
:1023B000E0E7074B5922C0F85831DBE7C5E9204474
:1023C000A56338BD100002407000024028000240A2
:1023D000580002402DE9F043821D05468BB0031DD5
:1023E00005F10A010830CDE9052305F10C02AB69BE
:1023F000CDE907010992002B3DD0EB69B3FA83F8D0
:102400004FEA58180123022205AE0AAF4FF0060921
:102410000393CDE9012356F8044B2B79227893429C
:1024200016D02B68F3B1012B02D1F2B10A23049329
:10243000204602F0FBF903462046009302F0EEF935
:10244000694603F0B3FBBE42E5D10BB0BDE8F083B3
:10245000697963789942E4D1B8F1000FF3D02B6821
:10246000002BE0D1CDF81090E2E76378022B14BF87
:102470000A230823DBE74FF00108C3E7534A036848
:10248000934230B505468BB055D02032934252D09E
:102490004F4A934204D02032934201D00BB030BD5A
:1024A0004C4C4D48D4F8E03043F00103C4F8E03020
:1024B000D4F8E03003F001030593059BD4F8E03035
:1024C00043F00803C4F8E030D4F8E03003F0080328
:1024D0000693069BD4F8E03043F04003C4F8E030A4
:1024E000D4F8E03003F040030793079BD4F8F030B2
:1024F00043F40003C4F8F030D4F8F03003F40003E0
:102500000893089BFFF766FFD4F8D830296843F09A
:1025100001032F4A3048C4F8D830891AD4F8D8308B
:1025200018BF012103F001030993099B0BB0BDE81B
:102530003040FFF7FFBE274C2848D4F8E03043F086
:102540000103C4F8E030D4F8E03003F00103009355
:10255000009BD4F8E03043F01003C4F8E030D4F826
:10256000E03003F010030193019BD4F8E03043F016
:102570004003C4F8E030D4F8E03003F040030293A5
:10258000029BD4F8F03043F48003C4F8F030D4F860
:10259000F03003F480030393039BFFF71BFFD4F891
:1025A000D830296843F00103084A0C48C4F8D830F1
:1025B000891AD4F8D83018BF012103F0010304931D
:1025C000049B0BB0BDE83040FFF7B4BE0458014097
:1025D000045C014000440258DCEC002480EA002442
:1025E000014802F091BF00BFD8EB0024014802F07F
:1025F0008BBF00BF50EC0024014802F085BF00BF34
:1026000034EE0024014802F07FBF00BFACEE00248E
:102610002DE9F04F0C684FF41776754F87B004FB27
:1026200006F6012C07EB060AC0F800A000F3A08014
:102630000D468E464FF00008D44669A3D3E9002327
:1026400069A1D1E90001CDE9022306ABCAF85082A5
:1026500003EB8403CDE9040153F810BC53F8083CA4
:10266000CAE992880193BEE80F00ACE80F00BEE80B
:102670000F00ACE80F00019B9EE80300CAF828B0E9
:10268000CAF8C0308CE803002B69042B0CD8DFE8B3
:1026900003F0737D879103004FF41773554A03FBD2
:1026A00004739A64C3F8E020AA692B6A002A43D015
:1026B000002B4FF4177308BF022203FB047318BFEB
:1026C0000322DA6201221A63EA696B6A002A40D1A6
:1026D000191E4FF4177318BF012103FB0473C3E9DC
:1026E00031126B69022B05D8434A12F80380434A22
:1026F00052F823904FF4177306F1280042464946DA
:1027000003FB04740023384463646363E365C4F823
:10271000DC30C4F8CC30C4F8F430C4E90F33C4E979
:102720001533C4E93533C4E93B33022307F07EFD9A
:10273000002849D0FFBEFEE7191E4FF4177318BFDB
:10274000012103FB0473C3E90B12EA696B6A002AD7
:10275000BED0002B4FF4177308BF022203FB047393
:1027600018BF0322C3F8C4200122C3F8C820B8E769
:10277000012007B0BDE8F08F4FF417734FF4FA5201
:1027800003FB04739A64C3F8E0208DE74FF41773DA
:102790004FF47A5203FB04739A64C3F8E02083E792
:1027A0004FF417734FF4FA4203FB04739A64C3F8AF
:1027B000E02079E74FF417734BF6803203FB047384
:1027C0009A64C3F8E0206FE706F1C0000223424696
:1027D0004946384407F02AFD0028CAD0FFBEFEE76C
:1027E00004580140045C014024580140245C01402D
:1027F00080EA002400770100741A0108781A0108A1
:102800000068704703681B69042B05D8044A02EB73
:10281000830393ED000A70479FED020A704700BFE3
:10282000841A010800803B471F4BC1680268F0B55D
:10283000D3F88C5083B00369ADB24D1BA2B1AB424B
:1028400012D00446866811D2F018E91ACDE90010BA
:1028500001F064F80023DDE90010D4E90062B0471C
:10286000E3682561AB421BD003B0F0BDF018C91A74
:10287000CDE9000101F052F80023DDE90001D4E9BF
:102880000072B8473046294601F048F80023304628
:10289000626829462668B047E3682561AB42E3D108
:1028A0000023236103B0F0BD000002402DE9F84F82
:1028B00004460F4690461E4600F13405284608F0AF
:1028C00079F82028FAD14FF480630020C4F8D03082
:1028D000C4F848314FF44033C4F8CC00C4F8E030B9
:1028E000C4F858314E4BC4F8DC00C4F8C03003F5CE
:1028F0007A73C4F8E400C4F838314023C4F8C8003F
:10290000C4F84031E369C4F84401C4F85401C4F880
:102910005C01C4E93500C4E95300072B0BD8DFE89C
:1029200003F061535A373E454C045123C4F8C43078
:102930005223C4F83C3104F59C79484602F06CFA05
:1029400008B1FFBEFEE7C4F8A890C4F87051EFF3D9
:10295000108972B6DFF8D0B094F91C30DFF8CCA043
:102960008BF800300A9B2F4CCAF800300B9B236079
:102970000EB11846B0471FFA88F23946284607F0CC
:1029800003FEB0BBB9F1000F00D162B6BDE8F88F0D
:102990003F23C4F8C4304023C4F83C31CBE7412383
:1029A000C4F8C4304223C4F83C31C4E74723C4F818
:1029B000C4304823C4F83C31BDE74F23C4F8C430C9
:1029C0005023C4F83C31B6E72B23C4F8C4302C2381
:1029D000C4F83C31AFE72D23C4F8C4302E23C4F82B
:1029E0003C31A8E72923C4F8C4302A23C4F83C3179
:1029F000A1E7FF238BF800300023CAF800302360E2
:102A00000A9B3BB10B98012198470120B9F1000FB7
:102A1000BCD1BAE70120B9F1000FB7D1B5E700BFCB
:102A20008800024070FE00246CFE002468FE002432
:102A30002DE9F84F04460F4690461E4600F1340536
:102A4000284607F0B7FF2028FAD14FF48063002012
:102A5000C4F8D030C4F848314FF44033C4F8CC0047
:102A6000C4F8E030C4F858314E4BC4F8DC00C4F868
:102A7000C03003F57A73C4F8E400C4F83831402359
:102A8000C4F8C800C4F84031E369C4F84401C4F88C
:102A90005401C4F85C01C4E93500C4E95300072BB4
:102AA0000BD8DFE803F061535A373E454C045123FD
:102AB000C4F8C4305223C4F83C3104F1C00948467C
:102AC00002F0AAF908B1FFBEFEE7C4F8AC90C4F862
:102AD000F850EFF3108972B6DFF8D0B094F91C30DB
:102AE000DFF8CCA08BF800300A9B2F4CCAF80030DE
:102AF0000B9B23600EB11846B0471FFA88F2394687
:102B0000284607F093FDB0BBB9F1000F00D162B6C3
:102B1000BDE8F88F3F23C4F8C4304023C4F83C31EB
:102B2000CBE74123C4F8C4304223C4F83C31C4E7A6
:102B30004723C4F8C4304823C4F83C31BDE74F23D1
:102B4000C4F8C4305023C4F83C31B6E72B23C4F892
:102B5000C4302C23C4F83C31AFE72D23C4F8C43073
:102B60002E23C4F83C31A8E72923C4F8C4302A2313
:102B7000C4F83C31A1E7FF238BF800300023CAF8EA
:102B8000003023600A9B3BB10B980121984701203C
:102B9000B9F1000FBCD1BAE70120B9F1000FB7D1EC
:102BA000B5E700BF8800024070FE00246CFE0024E0
:102BB00068FE00242DE9F0410D4682B0EFF3108746
:102BC00072B6002948D1FF23254A264C237013688A
:102BD0002BB1002029461060234A106898472378BB
:102BE0001B0625D5DFF888800025204E444605E0E9
:102BF00001351C3406F5D876092D19D0A369012BAF
:102C00001BD0002BF4D1216830460029F0D0636935
:102C1000019323690093E3682289FFF709FF0028E5
:102C2000E6D1C5EBC50508EB850348F825005860DB
:102C300007B962B602B0BDE8F08161680029D7D05B
:102C400063693046019323690093E3682289FFF7A3
:102C50002DFE0028CCD1E4E709F0A8F9B3E700BFC6
:102C600068FE00246CFE002470FE002438EF00246F
:102C70004C000024F0B5002387B0022204460493E0
:102C8000CDE90223027EC3690B2A4FEA430523D113
:102C9000A27E0B2A02D1002007B0F0BD48496B1C70
:102CA000484851F82330457801781878E67E884204
:102CB00069D0824277D0D87803F1030C81426ED07C
:102CC000824278D0987903F1060C88426FD0824214
:102CD00033D0012007B0F0BD394B3A4853F82530C6
:102CE00001784678187894F819C081423DD0824224
:102CF00041D0D87803F1030E814240D082424AD0BD
:102D0000987903F1060E884241D08242E1D1DB7905
:102D10006345DED1734604F118069B78304605936F
:102D200001F07CFD034630461E4601F07FFD01A9FF
:102D30000190304602F03AFFAAE7DB79B342C8D1EE
:102D400063461A349B782046059301F067FD0346DD
:102D500020461C4601F06AFD034601A92046019366
:102D600002F024FF002007B0F0BD93F801E0B64563
:102D7000BFD08242BDD158786045BAD1CBE71F7928
:102D8000B742BBD1BCE75F78AF4292D193E7D97924
:102D9000B142BAD19DE718796045B1D1BAE71F7940
:102DA000AF428DD18EE75878B04284D1C9E7D97946
:102DB000A9428CD18DE71879B04283D1C0E700BF1A
:102DC00064010024600100247E4A03689342F0B548
:102DD0008FB000F0E380A2F54C42934200F0E08017
:102DE00002F58062934200F0DD8002F5806293423A
:102DF00000F0DA8002F58062934200F0D98002F59B
:102E00004442934200F0D280A2F51C42934200F06B
:102E1000D18002F58062934200F0CE806A4A9342EC
:102E200040F0CC800826694D4FF4D87404FB06545A
:102E3000A07E01F003FD207E01F000FDE369082B78
:102E400013D8DFE803F03B49576573818F9D050078
:102E50005F4BD3F8F42042F00802C3F8F420D3F813
:102E6000F43003F008030893089B2046FFF702FFA5
:102E7000012801D1FFBEFEE74FF4D8740EAA554FCA
:102E80000DF1240C04FB0654E36902EB43050FCF5C
:102E9000ACE80F003B680022ACF80030114635F971
:102EA000140C01F007FEE3690EAA02EB430333F9A9
:102EB000140C0FB0BDE8F04001F03ABE444BD3F81B
:102EC000F02042F01002C3F8F020D3F8F03003F005
:102ED00010030093009BC8E73D4BD3F8E82042F471
:102EE0000032C3F8E820D3F8E83003F4003301934C
:102EF000019BBAE7364BD3F8E82042F48022C3F8AE
:102F0000E820D3F8E83003F480230293029BACE777
:102F10002F4BD3F8E82042F40022C3F8E820D3F87E
:102F2000E83003F400230393039B9EE7284BD3F878
:102F3000E82042F48012C3F8E820D3F8E83003F424
:102F400080130493049B90E7214BD3F8F02042F0C8
:102F50002002C3F8F020D3F8F03003F020030593EB
:102F6000059B82E71A4BD3F8E82042F08042C3F871
:102F7000E820D3F8E83003F080430693069B74E71B
:102F8000134BD3F8E82042F00042C3F8E820D3F80E
:102F9000E83003F000430793079B66E7002642E70B
:102FA000012640E702263EE703263CE705263AE7EE
:102FB000042638E7062636E7072634E700239B7EFB
:102FC000FFDE00BF00100140000C005838EF002465
:102FD00000440258C41801082DE9F04F91B00023B5
:102FE00001223F490DF1240A09938B4601F11C0986
:102FF000CAF8143001F13808CDF800A001F15407E7
:10300000CDF804A001F17006CDF808A001F18C05FF
:10301000CDF80CA001F1A804CDF810A001F1C40E68
:10302000CDF814A001F1E00CCAE90133CAE9033379
:103030000F92FF222B4BCDE906AA1A70BAE80F00B7
:10304000ABE80F009AE80700009B8BE807009B465F
:10305000BBE80F00A9E80F009AE80700019B89E888
:1030600007009946B9E80F00A8E80F009AE80700A2
:10307000029B88E807009846B8E80F000FC79AE857
:103080000700039B87E807001F460FCF0FC69AE88B
:103090000700049B86E807001E460FCE0FC59AE87E
:1030A0000700059B85E807001D460FCD0FC49AE871
:1030B0000700069B84E807001C460FCCAEE80F0013
:1030C000079B9AE807001C468EE807000FCCACE887
:1030D0000F009AE807008CE8070011B0BDE8F08FF8
:1030E0004C0000246CFE002410B5094C04F134009F
:1030F00007F06EFB237D1BB1636BDB69DB0600D43D
:1031000010BD2046FFF790FB636B10221A6210BDC2
:1031100038EF002410B50B4C04F5F27007F058FBA3
:1031200094F8C43123B1D4F8E431DB69DB0600D470
:1031300010BD04F5D870FFF777FBD4F8E431102206
:103140001A6210BD38EF002410B50B4C04F5657001
:1031500007F03EFB94F8743323B1D4F89433DB6961
:10316000DB0600D410BD04F55870FFF75DFBD4F802
:10317000943310221A6210BD38EF002410B50B4CA6
:1031800004F2445007F024FB94F8243523B1D4F81A
:103190004435DB69DB0600D410BD04F5A260FFF7FF
:1031A00043FBD4F8443510221A6210BD38EF0024D6
:1031B00010B50B4C04F2F46007F00AFB94F8D43617
:1031C00023B1D4F8F436DB69DB0600D410BD04F576
:1031D000D860FFF729FBD4F8F43610221A6210BD2C
:1031E00038EF002410B50B4C04F6A40007F0F0FAF9
:1031F00094F8843823B1D4F8A438DB69DB0600D412
:1032000010BD04F50760FFF70FFBD4F8A4381022B7
:103210001A6210BD38EF002410B50B4C04F6542090
:1032200007F0D6FA94F8343A23B1D4F8543ADB696B
:10323000DB0600D410BD04F52260FFF7F5FAD4F8E0
:10324000543A10221A6210BD38EF002410B50B4C0E
:1032500004F6044007F0BCFA94F8E43B23B1D4F838
:10326000043CDB69DB0600D410BD04F53D60FFF7CC
:10327000DBFAD4F8043C10221A6210BD38EF0024A7
:1032800010B50B4C04F6B45007F0A2FA94F8943D34
:1032900023B1D4F8B43DDB69DB0600D410BD04F5DE
:1032A0005860FFF7C1FAD4F8B43D10221A6210BD7D
:1032B00038EF002410B5EFF3108472B6084B1A787B
:1032C000120602D504B962B610BD1B784FF4D8724D
:1032D00004485BB202FB0300C03002F015F9F1E7CD
:1032E0006CFE002438EF002410B5EFF3108472B6A2
:1032F000094B1A78120602D504B962B610BD1B78C4
:103300004FF4D87205485BB202FB030000F59C70D5
:1033100002F0FAF8F0E700BF6CFE002438EF00245A
:103320000021FFF747BC00BF214A036893422BD01E
:10333000A2F54C42934229D002F58062934227D0F5
:1033400002F58062934225D002F58062934223D039
:1033500002F54442934221D0A2F51C4293421FD071
:1033600002F5806293421DD0124A93421CD108227A
:103370004FF4D871104B01FB0233197D11B118467F
:10338000FFF752BAFFF716BC0022F1E70122EFE780
:103390000222EDE70322EBE70422E9E70522E7E753
:1033A0000622E5E70722E3E700231B7DFFDE00BFDF
:1033B00000100140000C005838EF0024204A036838
:1033C000934229D0A2F54C42934227D002F5806265
:1033D000934225D002F58062934223D002F58062A9
:1033E000934221D002F5444293421FD0A2F51C42E1
:1033F00093421DD002F5806293421BD0114A934242
:103400001AD1082310484FF4D87202FB0300037D41
:1034100003B97047FFF708BA0023F3E70123F1E788
:103420000223EFE70323EDE70423EBE70523E9E7B6
:103430000623E7E70723E5E700231B7DFFDE00BF48
:1034400000100140000C005838EF00240121FFF764
:10345000B1BB00BF2DE9F0414F684FF4D876DFF8DB
:10346000C0808E4607FB06F60C46082F08EB0605C3
:10347000056005F1180CBEE80F00ACE80F009EE8EF
:1034800007008CE8070002D86B6A022B02D90120E2
:10349000BDE8F0812A6A032AF9D8A96A0229F6D878
:1034A000E86A0228F3D80131DFF878C034368900A1
:1034B0005CF8277046446F63A469A9641549AC633E
:1034C00051F823306B64144B53F82230134A2B64A9
:1034D000002352F8201001223046EB65E963C5E96C
:1034E0001333C5E9153208F061FD0028CFD101463C
:1034F000304608F0B3FD0028C9D10146304608F037
:10350000FBFD0028C3D1304608F08AFD0028BED15B
:103510002875BDE7BC1A0108C81A0108D81A0108A5
:1035200038EF0024981A0108F8B504681646069A80
:103530004FF48077236000236260012223610D46EF
:1035400022753C4AC4F8CC30C4F8C0204FF48062E5
:10355000C4F8E430C4F8C830C4F8D0204FF4403286
:10356000A160E660C4E93533E369C4E93772072B2B
:103570000BD8DFE803F02E353C434A515804512262
:103580005223C4F8C420C4F83C3104F1C0073846C3
:1035900001F042FC08B10120F8BD626B04F1340374
:1035A000C4F8AC703146C4F8F8301F46136828469A
:1035B00043F01003136000F0B1F92946B2B2384667
:1035C00007F034F80028E6D194F91C201A4B1A7041
:1035D000F8BD29222A23C4F8C420C4F83C31D4E71A
:1035E0002B222C23C4F8C420C4F83C31CDE72D2273
:1035F0002E23C4F8C420C4F83C31C6E73F22402340
:10360000C4F8C420C4F83C31BFE741224223C4F8C7
:10361000C420C4F83C31B8E747224823C4F8C4208A
:10362000C4F83C31B1E74F225023C4F8C420C4F899
:103630003C31AAE7880002406CFE00240368187D34
:10364000704700BF006892B208B534300A2306F014
:103650000BFF003818BF012008BD00BF534B0122EB
:10366000002047F6122130B4C3E97420C3E9772162
:10367000C3E9E020C3E9E3211A62DA625862196300
:10368000C3F83025C3F83405C3F83C25C3F840150A
:10369000C3F8E026C3F8E406C3F8EC26C3F8F01636
:1036A000C3F89028C3F89408C3F89C28C3F8A0185E
:1036B000C3F8402AC3F8440AC3F84C2AC3F8501A86
:1036C000C3F8F02BC3F8F40BC3F8FC2BC3F8001CB1
:1036D000C3F8A40D3648C3F8A02DC3F8AC2DC3F829
:1036E000B01D0288837833490068334CCA804FEAA2
:1036F000104C0B723149E2802372A1F80320A4F828
:10370000032063714B712E4CCA800B722D492E4DD4
:10371000E2802372A1F80320A4F8032063714B71A7
:103720002A4CCA800B722A49EA8008802B7281F8E1
:1037300002C0E2802372A1F803204B71CA800B7291
:103740002449A1F803204B71CA800B722249A1F8C9
:1037500003204B71CA800B722049088081F802C097
:10376000A1F803204B71CA800B721D49088081F8B3
:1037700002C0A1F803204B71CA800B72194908805E
:1037800081F802C01848A1F803204B71CA800B725F
:103790001649A0F803204371C2800372A1F80320E8
:1037A0004B71CA800B7230BC704700BF38EF0024E9
:1037B00060010024E80100240C020024000200241F
:1037C0002402002418020024F4010024D001002463
:1037D00098FE002430020024DC01002474FE002442
:1037E0008CFE002480FE00245401002448010024A3
:1037F0003E4B00220B20114610B5D3F8D84082B0C2
:1038000044F00104C3F8D840D3F8D84004F00104D0
:103810000094009CD3F8D84044F00204C3F8D84088
:10382000D3F8D83003F002030193019B01F042F971
:103830000B2001F07DF900220C20114601F03AF92D
:103840000C2001F075F900220D20114601F032F92B
:103850000D2001F06DF900220E20114601F02AF929
:103860000E2001F065F900220F20114601F022F927
:103870000F2001F05DF900221020114601F01AF925
:10388000102001F055F900223C20114601F012F9F8
:103890003C2001F04DF900221120114601F00AF9F7
:1038A000112001F045F900223820114601F002F9FB
:1038B000382001F03DF900223920114601F0FAF8D4
:1038C000392001F035F900223A20114601F0F2F8D2
:1038D0003A2001F02DF900223B20114601F0EAF8D0
:1038E0003B2002B0BDE8104001F022B9004402586C
:1038F00020F01F002031BFF34F8F002907DD064A5B
:103900000144C2F8680220300B1A002BF9DCBFF327
:103910004F8FBFF36F8F704700ED00E020F01F0066
:103920002031BFF34F8F002907DD064A0144C2F85A
:103930005C0220300B1A002BF9DCBFF34F8FBFF372
:103940006F8F704700ED00E0704700BF08B501F0D1
:1039500075F8BDE8084001F075B900BF064808B524
:1039600003680BB102F034FB044803681BB1BDE8E7
:10397000084003F0DBBA08BDC0280124B8220124A6
:10398000064808B503680BB102F022FB044803683F
:103990001BB1BDE8084003F0C9BA08BDC028012426
:1039A000B8220124064808B503680BB102F010FBE9
:1039B000044803681BB1BDE8084003F0B7BA08BD6E
:1039C000C0280124B8220124364BDA6A520062D59D
:1039D0009A6A9A6A9A6A9B6A180600D500BE314BA9
:1039E0009B6A990600D500BE2E4B9B6ADA0600D56D
:1039F00000BE2C4B9B6A1B0700D500BE294B9B6A5F
:103A0000980700D500BE274B9B6AD90700D500BE9A
:103A1000244B9B6A1A0400D500BE224B9B6A9B0470
:103A200000D500BE1F4B9B6AD80400D500BE1D4BBD
:103A30009B6A190500D500BE1A4B9B6A5A0500D532
:103A400000BE184B9B6A9B0500D500BE154B9B6AB8
:103A5000D80500D500BE134B9B6A990100D500BE66
:103A6000104B9B6ADA0100D500BE0E4B9B6A1B030C
:103A700000D500BE0B4B9B6A580300D500BE094B16
:103A80009B6A990300D500BE064B9B6ADA0306D4F5
:103A900000BE00BEFEE7DB6A9B07FAD5F8E700BE72
:103AA000F6E700BF00ED00E000F0D4BF00F0D8BFA3
:103AB0000A4B9B6803F17843B3F5003F0BD3084BE7
:103AC000986848B19868012806D09868022803D001
:103AD0009B68032070470120704700BF00ED00E0A5
:103AE000000080382DE9F041CEB004464C22002180
:103AF0000AA80CF09BFD2022002102A80CF096FDE4
:103B0000BC2200211EA80CF091FD022003F00AFF48
:103B10002368012B4FF0000354D0534A0225019330
:103B2000C820D16A514B21F00101D162D26A02F062
:103B3000010201929A6942F440429A619B6903F43E
:103B400040430193019B494A93699B04FCD5484932
:103B50000224002201268B6A04274FF0080823F074
:103B6000030323438B62052316900AA818934FF48E
:103B700080331096179419941597CDF86880CDE985
:103B80001B222122CDE91344CDE90A2304F0B4FB22
:103B900000B1FEE73F220323294602A8CDE9022314
:103BA00000220823CDE9042340224023CDE9062347
:103BB00040234FF48062CDE9082304F0CBFE034696
:103BC000B8B1FEE7294A04250093F0209169264BFD
:103BD00041F440419161926902F440420092DA6AF4
:103BE00042F00102DA62DB6A03F001030093009BFA
:103BF000A9E720224FF4805125934FF440152B92D2
:103C000080222D931EA83093269135914FF4807118
:103C1000249234920C223394439140F22711209243
:103C20001022CDF884802A971F96CDE92E34CDE955
:103C30003B334FF48033CDE9224631930024469341
:103C40000623CDE93E4527934FF48063094C2C931E
:103C50001E94CDE9281205F0D9F800B1FEE703F073
:103C600087FE4EB0BDE8F0810004005800480258BD
:103C7000004402580F130F0370B584B0012400F004
:103C80008FFF4FF480764FF04052194B6846002565
:103C9000ADF800400396CDE9012300F09FFF192203
:103CA0004FF0404368468DF8082001938DF80F408F
:103CB000ADF80D608DF801408DF80A5000F08EFFD0
:103CC00002230B2268468DF80F508DF801304FF01B
:103CD00062538DF808200193ADF80D408DF80A402D
:103CE00000F07CFF042000F069FF04B070BD00BF4D
:103CF0000E00010330B50D46044685B0D1E9000140
:103D000084E8030000F06AFEAB79A3B3FFF770FD0F
:103D1000FDF7C0FE0AF032FDFFF75EF92B798BBB91
:103D20006B799BB1BFF34F8FBFF36F8F2A4B00228C
:103D3000C3F85022BFF34F8FBFF36F8F5A6942F41D
:103D400000325A61BFF34F8FBFF36F8F4FF0FF32D6
:103D50000023002400256946204802928DF80C308B
:103D6000CDE900450BF02AF91C480BF08FF90AF059
:103D700035F905B030BD2046FFF7B4FE2046FFF709
:103D80007BFFC3E7144C0023C4F88430BFF34F8F8C
:103D9000D4F8801043F6E07EC1F34E3CC1F3C90174
:103DA0004FEA4C1C0CEA0E000B4640EA8372013BC2
:103DB000C4F860225A1CF8D1ACF1200C1CF1200F81
:103DC000F0D1BFF34F8F636943F480336361BFF376
:103DD0004F8FBFF36F8FA3E700ED00E0A4FE002438
:103DE00004F0E8BE1C4B9B6803F17842B2F5003F3B
:103DF00025D3B3F5803F20D303F16042B2F5003FF5
:103E00001FD303F15C42B2F5002F1CD303F17042C3
:103E1000B2F5902F19D303F14842B2F5803F16D383
:103E200003F18042B2F1806F13D303F1E043B3F5A5
:103E3000000F2CBF0820072070470120704700208A
:103E40007047022070470320704704207047052008
:103E500070470620704700BF00ED00E003480023D4
:103E6000034A044903600CF073B900BFA4FE0024A8
:103E7000000000244939000810B4204C0022204BD7
:103E800083B0D4F888101F4841F47001C4F888103A
:103E900019681D4C41F0010119601A611968084048
:103EA0001A4918609A61DA611A629A62DA621A63D0
:103EB0005A639A63DA631A645A64186820F480209B
:103EC00018601A66D3F8DC2042F06042C3F8DC20A8
:103ED000D3F8DC300193019B23681940B1F1005FF6
:103EE00003D20B4B0122C3F80821044B4FF00062B0
:103EF0009A6003B05DF8044B704700BF00ED00E02E
:103F0000004402587FEDF6EA0010005C0000FFFF5D
:103F100000800051704700BF0020704770B5044614
:103F2000074E0D463046214609F06EFB304609F03B
:103F30008DFB044B204629461B689847002070BD26
:103F400068E10024A81E012470B50446074E0D4602
:103F50003046214609F058FB304609F077FB044B08
:103F6000204629461B689847002070BD04E40024C1
:103F7000AC1E012400220949094808B509F03AFBA2
:103F80000849074809F040FB074B1A680AB10020AE
:103F900008BD064A00201A6008BD00BFA80E012413
:103FA00068E10024A8FE0024A81E0124153F000893
:103FB00000220949094808B509F01CFB08490748CF
:103FC00009F022FB074B1A680AB1002008BD064A17
:103FD00000201A6008BD00BFA816012404E40024D4
:103FE000A8060124AC1E0124153F000820280AD091
:103FF000212806D1094B18689A889B7908608A8025
:104000008B7100207047054B0868B1F804C08A79AD
:1040100018600020A3F804C09A717047640200245D
:1040200020280AD0212806D1094B18689A889B7944
:1040300008608A808B7100207047054B0868B1F8D2
:1040400004C08A7918600020A3F804C09A717047F0
:104050006C0200240020704710B5094CD4F890324F
:10406000D3F814320BB1012010BD0A460146204698
:1040700009F0C0FA2046BDE8104009F0CDBA00BFF3
:1040800068E100244B4A036830B593428BB04FF08F
:104090000004CDE90444CDE90644089404D0464A1E
:1040A000934249D00BB030BD444D4FF4C052444808
:1040B000D5F8E03043F00103C5F8E030D5F8E03042
:1040C00003F0010300930223009904A9CDE904231E
:1040D0000A23089301F06AFD4FF40072002304A93B
:1040E00037480694CDE9042301F060FDD5F8D830B7
:1040F0002246214643F000636220C5F8D830D5F847
:10410000D83003F000630193019B00F0D3FC6220E0
:1041100000F00EFD22462146632000F0CBFC632018
:1041200000F006FD22462146652000F0C3FC652014
:1041300000F0FEFC0BB030BD204D4FF4404204A90E
:10414000D5F8E03043F00203C5F8E030D5F8E030B0
:1041500003F002030293022302981A48CDE90423D4
:104160000C23089301F022FDD5F8D83022462146D1
:104170004A2043F00073C5F8D830D5F8D83003F0A2
:1041800000730393039B00F095FC4A2000F0D0FCE1
:10419000224621464B2000F08DFC4B2000F0C8FC4D
:1041A000224621464D2000F085FC4D2000F0C0FC49
:1041B0000BB030BD0000084000000440004402582D
:1041C000000002580004025800F57171D0F8040490
:1041D00009F0A8BAC1EBC10300EB8303D0F80404D3
:1041E000D3F8082209F0CCBAC1EBC10300EB83037A
:1041F000D0F804049A6C09F001BB00BFD0F80404A5
:1042000009F0A0BBC16810B5044619B1022900D05D
:10421000FEE70121D4F8040409F07EFBD4F804047D
:10422000BDE8104009F050BB10B50446D0F80404B6
:1042300009F076FB2268D2F8003E43F00103C2F891
:10424000003E236A23B1034A136943F00603136156
:1042500010BD00BF00ED00E0D0F8040409F06ABB17
:10426000D0F8040409F07EBBD0F8040409F078BB50
:10427000D0F8040409F078BBD0F8040409F076BB48
:1042800070B5067804461EB1012E30D0002070BDF6
:10429000304D0923304AC5F80404C0F89852284626
:1042A0002E612E63C5E9002302230222EB60002366
:1042B000C5E9062300220023C5E9082301220123C2
:1042C000C5E90A2302F07AFD00B1FEE78021284605
:1042D00003F008FB31464022284603F0D9FA802239
:1042E0000121284603F0D4FA2678012ECED11B4DA9
:1042F00009221B4B00216A6002222B600223C5F8B1
:1043000004442846EB600023C4F898522961C5E9AB
:10431000062300220023C5E90823C5E90C23012256
:104320000023C5E90A2302F049FD044600B1FEE777
:104330004FF40071284603F0D5FA21468022284622
:1043400003F0A6FA4FF4BA723146284603F0A0FAF9
:104350009CE700BFB01E012400000840B8220124E1
:1043600000000440D0F8980208B502F0BDFD032813
:1043700002D8024B185C08BD022008BDF41A0108DF
:104380009446D0F898021A4608B5634603F032F90D
:10439000032802D8024B185C08BD022008BD00BFEC
:1043A000F41A0108D0F8980208B503F061F903285F
:1043B00002D8024B185C08BD022008BDF41A01089F
:1043C000D0F8980208B503F0E3F9032802D8024BAD
:1043D000185C08BD022008BDF41A0108D0F8980244
:1043E00008B503F019FA032802D8024B185C08BD7F
:1043F000022008BDF41A01080A06D0F8983206D443
:10440000C1EBC10103EB810191F8FE01704701F09E
:104410007F01C1EBC10103EB810191F83E007047C0
:10442000D0F8980208B503F0CFF8032802D8024B61
:10443000185C08BD022008BDF41A0108D0F89802E3
:1044400008B503F07DF9032802D8024B185C08BDBB
:10445000022008BDF41A0108D0F8980208B503F04C
:104460003DF9032802D8024B185C08BD022008BDA4
:10447000F41A0108D0F8980203F058B91223014841
:104480000B807047C0020024122301480B80704744
:10449000AC020024042301480B807047D40200249E
:1044A00010B5044C0A460448214609F0DFFC2046BA
:1044B00010BD00BFC0260124DC19010810B5044C52
:1044C0000A460448214609F0D1FC204610BD00BF31
:1044D000C0260124EC19010810B5044C0A46044812
:1044E000214609F0C3FC204610BD00BFC0260124B0
:1044F000001A010810B5044C0A460448214609F088
:10450000B5FC204610BD00BFC02601240C1A0108CE
:1045100010B5044C0A460448214609F0A7FC204681
:1045200010BD00BFC02601241C1A01080423014845
:104530000B807047D402002410B5044C0A4604488E
:10454000214609F093FC204610BD00BFC02601247F
:10455000DC190108464A4FF01A0CD2F80008D2F8CC
:104560000838A1F800C0C31801D142487047180F9D
:10457000B3F1204FD2F804184FF0000C3D4A2CBF85
:104580003730303082F803C04FF0000C9070C3F326
:10459000036082F805C04FF0000C092882F807C0BC
:1045A0004FF0000C8CBF3730303082F809C04FF02C
:1045B000000C1071C3F3035082F80BC04FF0000CD5
:1045C000092882F80DC08CBF373030309071C3F3AA
:1045D000034009288CBF373030301072C3F30330EA
:1045E00009288CBF373030309072C3F3032009287C
:1045F0008CBF373030301073C3F3031003F00F0358
:1046000009288CBF37303030092B90734FF00000F1
:1046100094BF30333733B1F1204FD07313744FEA66
:1046200011734FF000002CBF37333033507400202B
:104630009374C1F30363D0740020092B50754FF0BD
:1046400000008CBF37333033D0751375C1F303537B
:104650000848092B8CBF373330339375C1F30343BC
:10466000092B94BF303337331376002353767047CA
:1046700000E0F11FD8020024464A4FF01A0CD2F88D
:104680000008D2F80838A1F800C0C31801D1424888
:104690007047180FB3F1204FD2F804184FF0000CF8
:1046A0003D4A2CBF3730303082F803C04FF0000C49
:1046B0009070C3F3036082F805C04FF0000C092826
:1046C00082F807C04FF0000C8CBF3730303082F8D2
:1046D00009C04FF0000C1071C3F3035082F80BC0F7
:1046E0004FF0000C092882F80DC08CBF37303030F5
:1046F0009071C3F3034009288CBF373030301072FB
:10470000C3F3033009288CBF373030309072C3F3C5
:10471000032009288CBF373030301073C3F30310E7
:1047200003F00F0309288CBF37303030092B90730A
:104730004FF0000094BF30333733B1F1204FD073C6
:1047400013744FEA11734FF000002CBF373330332E
:10475000507400209374C1F30363D0740020092BBC
:1047600050754FF000008CBF37333033D075137560
:10477000C1F303530848092B8CBF3733303393758B
:10478000C1F30343092B94BF30333733137600232F
:104790005376704700E0F11FD802002410B5044C96
:1047A0000A460448214609F061FB204610BD00BFBF
:1047B000C02601240C1A010810B5044C0A4604480E
:1047C000214609F053FB204610BD00BFC02601243E
:1047D000001A0108D0F8C00209F0BABBD0F8C00234
:1047E00009F0CEBBD0F8C00209F0D6BB704700BFBD
:1047F000D0F8C00209F0BCBBD0F8C00209F0BCBBC5
:10480000D0F8D00308B501F0A3FF032802D8024B6B
:10481000185C08BD022008BDF81A0108024B027896
:1048200053F82200704700BF1C1B0108024B42785E
:1048300033F81200704700BFFC1A01088CB00A2838
:1048400014D8DFE800F01523313F4D5B697785937D
:1048500006004D4BD3F8E02042F48062C3F8E0201C
:10486000D3F8E03003F480630B930B9B0CB07047DC
:10487000454BD3F8E02042F00102C3F8E020D3F822
:10488000E03003F001030193019BEFE73E4BD3F8C7
:10489000E02042F00202C3F8E020D3F8E03003F059
:1048A00002030293029BE1E7374BD3F8E02042F08A
:1048B0000402C3F8E020D3F8E03003F004030393CC
:1048C000039BD3E7304BD3F8E02042F00802C3F853
:1048D000E020D3F8E03003F008030493049BC5E71D
:1048E000294BD3F8E02042F01002C3F8E020D3F8BF
:1048F000E03003F010030593059BB7E7224BD3F894
:10490000E02042F02002C3F8E020D3F8E03003F0CA
:1049100020030693069BA9E71B4BD3F8E02042F047
:104920004002C3F8E020D3F8E03003F040030793DF
:10493000079B9BE7144BD3F8E02042F08002C3F8BA
:10494000E020D3F8E03003F080030893089B8DE764
:104950000D4BD3F8E02042F48072C3F8E020D3F886
:10496000E03003F480730993099B7FE7064BD3F88B
:10497000E02042F40072C3F8E020D3F8E03003F402
:1049800000730A930A9B71E700440258704700BF06
:104990000F4B1B780BB90120704710B504464FF43C
:1049A0007A700C4AB0FBF3F31068B0FBF3F000F040
:1049B000E1F80F2C00D808B1012010BD00222146DB
:1049C0004FF0FF3000F076F8034B00201C6010BD64
:1049D000F20200243C020024F402002438B5032033
:1049E000124D00F055F8124C03F014FF114A124911
:1049F0009369C3F30323CB5C03F01F0320FA03F393
:104A00000E202B60926902F00F028A5C02F01F02F6
:104A1000D3402360FFF7BCFF10B10124204638BD0E
:104A20000446FFF7B3FF204638BD00BF3C02002418
:104A30004002002400440258E41A0108034A044BCF
:104A400011681B780B441360704700BF842B01244E
:104A5000F2020024014B1868704700BF842B012428
:104A600038B50446FFF7F6FF0546631C02D0044B39
:104A70001B781C44FFF7EEFF431BA342FAD338BD5B
:104A8000F2020024014B1868000C70470010005C13
:104A900006494FF6FF0C0002054BCA6800F4E060BF
:104AA00002EA0C0210430343CB60704700ED00E0C4
:104AB0000000FA051B4BDB68C3F3022300B5C3F10A
:104AC000070E03F1040CBEF1040F28BF4FF0040ED3
:104AD000BCF1060F1AD9033B4FF0FF3C0CFA03FC64
:104AE00022EA0C024FF0FF3C00280CFA0EFC21EAEF
:104AF0000C0101FA03F141EA02010ADB09010A4B48
:104B0000C9B2034483F800135DF804FB0022134686
:104B1000E8E700F00F000901044BC9B2034419761D
:104B20005DF804FB00ED00E000E100E0FCEC00E0DB
:104B3000002807DB00F01F0101234009024A8B40D7
:104B400042F82030704700BF00E100E000280DDB94
:104B50004309012200F01F000549203302FA00F04A
:104B600041F82300BFF34F8FBFF36F8F704700BF33
:104B700000E100E0431EB3F1807F0CD24FF0E02251
:104B8000002006494FF0F00C5361072381F823C041
:104B90009061136170470120704700BF00ED00E095
:104BA000BFF35F8F044B00215A6A22F480325A62AD
:104BB000C3F89410704700BF00ED00E0064B40F0D2
:104BC0000100C3F894005A6A42F480325A62BFF37B
:104BD0004F8FBFF36F8F704700ED00E0174A4378A7
:104BE000C2F89830017821B3436800B5C2F89C3010
:104BF000C37A90F80CC01B0690F80FE043EA0C73E0
:104C000090F80AC00B43817B43EACC4390F80DC077
:104C100043EA8C4390F809C043EA4143017A43EAEE
:104C20000E4343EA0C2343EA4103C2F8A0305DF887
:104C300004FBC2F89C10C2F8A010704700ED00E021
:104C4000704700BF08B5FFF7FBFF08BD0268344B93
:104C5000344930B4344D354CAA4218BF9A420CBF87
:104C6000012300238A4208BF43F001033031A242EE
:104C700008BF43F0010330348A4208BF43F0010308
:104C80003031A24208BF43F0010330348A4208BFEA
:104C900043F0010301F55C71A24208BF43F0010338
:104CA00004F55C748A4208BF43F001033031A2422C
:104CB00008BF43F0010330348A4208BF43F00103C8
:104CC0003031A24208BF43F0010330348A4208BFAA
:104CD00043F001033031A24208BF43F001038A428E
:104CE00008BF43F0010313B9114B9A4213D1D3B259
:104CF0001049114C103BA1FB03515F2B0F4BC1F32B
:104D0000021103EA0203615C88BF0433C165836555
:104D1000184630BC704722F0FF038365F8E700BFF8
:104D200010000240400002402800024058000240AB
:104D3000B8040240ABAAAAAA4C1B010800FCFFFF62
:104D40000368294A294930B4294D2A4CAB4218BF7F
:104D500093420CBF012200228B4208BF42F00102A5
:104D60002831A34208BF42F0010228348B4208BF19
:104D700042F001022831A34208BF42F001028B42F7
:104D800008BF42F0010212B91B4A934213D1DBB2B1
:104D90001A4C1B4A0121083B1A4DA4FB03434566EC
:104DA00002EB1312C3F30413920001FA03F3026639
:104DB000836630BC7047DAB21349144C1944103A78
:104DC000A829A4FB02234FEA131300D80833104A82
:104DD00003F01F0501210F4C1A44A94044669200BC
:104DE00081660266E5E700BF085402583054025855
:104DF0001C5402584454025894540258CDCCCCCC84
:104E00000096001680580258F0FBFDBFABAAAAAA74
:104E1000008200108008024070B50446FFF71AFEB9
:104E2000002C00F0C68023680546954A934248D07E
:104E30001832934245D0303292498B4218BF934288
:104E400001F130010CBF012200228B4208BF42F069
:104E5000010218318B4208BF42F0010218318B4227
:104E600008BF42F0010218318B4208BF42F0010234
:104E700001F556718B4208BF42F0010218318B4296
:104E800008BF42F0010218318B4208BF42F0010214
:104E900018318B4208BF42F0010218318B4208BF23
:104EA00042F0010218318B4208BF42F00102183172
:104EB0008B4208BF42F001021AB9734A934240F094
:104EC000F5800222002184F8352084F834101A6815
:104ED00022F001021A6005E0FFF7BCFD431B052B21
:104EE00040D823681A68D107F6D4D4E9022521698D
:104EF0002A43A0691D680A4361690A43E1690243C4
:104F00000A4362492940256A2A430A43616A0429FF
:104F10002FD01A605A6922F00702114359612046C6
:104F2000FFF794FEE26D3F2302F01F02934083607F
:104F30002046FFF705FFA368802B3CD06368A06E76
:104F4000DAB2013BD4E91851072B2A60486026D910
:104F50000023C4E91B33636700200123606584F8E4
:104F6000353070BD202203230120626584F835307E
:104F700070BDD4E90B5129430A431A605969A26AEA
:104F800021F00701114341F00401002DC6D0002893
:104F90004FD1012A6ED032F00202BFD151E0501E33
:104FA000072810D9626FD4E91B31002018604A60CD
:104FB000D2E7012070BD0023A16ED4E9180263601E
:104FC00003605160C4E72168314B324DA94218BFDC
:104FD000994205F114050CBF01230023A94208BF23
:104FE00043F001031435A94208BF43F0010314350F
:104FF000A94208BF43F001031435A94208BF43F09A
:1050000001031435A94208BF43F001033BB9224B09
:10501000994204D0214B224913449B0003E0214BC9
:10502000214913449B0001228240C4E91B3162677D
:10503000BBE7B0F5005F0ED0022A05D9032A7FF442
:105040006DAFEA017FF56AAF012340221846626521
:1050500084F8353070BD032A3FF660AF01A050F8E8
:1050600022F000BF49500008435000084950000892
:1050700075500008B5F1C07F7FF450AFE4E700BF82
:105080001000024040000240B80402403F8010FE81
:10509000085402581C540258945402583F8200107D
:1050A000400902403F96001640590258324A3348A0
:1050B0003349834218BF934200F128000CBF0122FC
:1050C00000228B4208BF42F001022831834208BF10
:1050D00042F0010228308B4208BF42F00102283121
:1050E000834208BF42F001028B4208BF42F0010236
:1050F00012B9244A934238D102220021224D84F869
:10510000341084F835201A681540A268402A2AD045
:10511000802A0CBF4FF480400846266AD4E9031267
:10512000D20842EAD102616942EAD102A16942EAA7
:10513000D102E16942EAD102144942EA1612194445
:105140002A4302431248A0FB010120461A600B09C2
:105150009B00E365FFF77AFDE26D012302F01F0279
:1051600093404360E4E61020D7E740220323012068
:10517000626584F8353070BD085402581C540258DA
:1051800030540258945402580F00FEFFF8ABFDA7AC
:10519000CDCCCCCC002800F0BC80844690F8340004
:1051A000012800F0B88001202DE9F0419CF835403D
:1051B0008CF83400844208D000224FF400638CF84D
:1051C0003420CCF85430BDE8F0810220DCF80050E7
:1051D0007A4C8CF835000020794ECCF85400794890
:1051E000854218BFA54200F118000CBF012400241D
:1051F000854208BF44F001041830854208BF44F0DE
:1052000001041830854208BF44F00104183085427B
:1052100008BF44F0010400F55670854208BF44F011
:1052200001041830854208BF44F00104183085425B
:1052300008BF44F001041830854208BF44F001045F
:105240001830854208BF44F001041830854208BF79
:1052500044F001041830854208BF44F001041830BE
:10526000854208BF44F00104A0F59560B54218BF1F
:105270008542DCF86C600CBF0120002054EA000875
:10528000286820F001002860DCF86400DCF8684041
:10529000DCF85870446040D016B1DCE91C0444606E
:1052A000DCF85C004FF03F0E00F01F000EFA00F03B
:1052B000B860286820F4802028606B60DCF8083033
:1052C000402B23D0A960EA602B6823F01E0343F033
:1052D00016032B60DCF840301BB12B6843F0080349
:1052E0002B60DCF860301A68D20303D51A6842F4E8
:1052F00080721A601EB1336843F4807333602B6888
:10530000002043F001032B60BDE8F081AA60E96052
:10531000DAE7012070470220704716B1DCE91C046F
:1053200044602948DFF8A8E0754518BF85420EF1B2
:10533000140E0CBF01200020754508BF40F001008D
:105340000EF1140E754508BF40F001000EF1140E69
:10535000754508BF40F001000EF1140E754508BFF9
:1053600040F001000EF1140E754508BF40F0010039
:1053700010B9164885420ED1DCF85C0000F01F0E13
:10538000012000FA0EF078606B60DCF80830402BEA
:1053900010D0A960EA602B6823F00E0343F00A03E3
:1053A0002B60DCF84030002B9BD02B6843F00403CB
:1053B0002B6096E7AA60E960EDE700BF400002407D
:1053C00028000240580002400854025894540258E1
:1053D0001C54025800285FD038B590F83520034699
:1053E000022A55D10168444A914248D0183291426C
:1053F00045D03032414C4248A14218BF914204F19D
:1054000048040CBF01220022814208BF42F0010281
:105410003030A14208BF42F001023034814208BF5F
:1054200042F0010200F55C70A14208BF42F00102A7
:1054300004F55C74814208BF42F001023030A142A1
:1054400008BF42F001023034814208BF42F001023D
:105450003030A14208BF42F001023034814208BF1F
:1054600042F001023030A14208BF42F00102814205
:1054700008BF42F0010212B9224A91420ED1042221
:10548000002083F835200B6823F001030B6038BD42
:10549000802201205A6538BD012070470A681C6EC1
:1054A00022F00E02D86D9D6D0A6000F01F000A68A0
:1054B00022F001020A6001222168824021F48071F9
:1054C00021606A60DA6ED3E91910486032B1116860
:1054D000D3E91C0421F4807111604460002401218F
:1054E0001A6D83F8344083F835101AB11846904786
:1054F000204638BD104638BD100002404000024032
:1055000070000240B80402402DE9F04300229C4B99
:1055100083B09C4E1D688146019203689A4A846D4F
:10552000934218BFB342276808BF0126216818BFFD
:10553000002645D018329548834218BF934200F1A7
:1055400018000CBF01220022834208BF42F0010272
:105550001830834208BF42F001021830834208BF6E
:1055600042F001021830834208BF42F0010200F508
:105570005670834208BF42F001021830834208BFD0
:1055800042F001021830834208BF42F00102183095
:10559000834208BF42F001021830834208BF42F044
:1055A00001021830834208BF42F0010218308342E2
:1055B00008BF42F001021AB9754A934240F0508286
:1055C000D9F85C10082201F01F0C02FA0CF2174205
:1055D00040F0888127FA0CF2D2070CD55A691006E0
:1055E00009D5012202FA0CF2A260D9F8542042F047
:1055F0000202C9F854204FF0040E0EFA0CF03842A3
:105600005BD0002E4FD1634ADFF88081434518BF3D
:10561000934208F118080CBF01220022434508BF3D
:1056200042F0010208F11808434508BF42F00102A8
:1056300008F11808434508BF42F0010208F11808B4
:10564000434508BF42F0010208F55678434508BFBC
:1056500042F0010208F11808434508BF42F0010278
:1056600008F11808434508BF42F0010208F1180884
:10567000434508BF42F0010208F11808434508BF3E
:1056800042F0010208F11808434508BF42F0010248
:1056900008F11808434508BF42F001021AB93C4A14
:1056A000934240F019821A68920706D5A060D9F893
:1056B000542042F00402C9F85420102202FA0CFCD3
:1056C0001CEA070F6CD0002E45D1324A2F4EB34250
:1056D00018BF934206F118060CBF01220022B34204
:1056E00008BF42F001021836B34208BF42F001027F
:1056F0001836B34208BF42F001021836B34208BF61
:1057000042F0010206F55676B34208BF42F00102AC
:105710001836B34208BF42F001021836B34208BF40
:1057200042F001021836B34208BF42F001021836B7
:10573000B34208BF42F001021836B34208BF42F03C
:1057400001021836B34208BF42F001021AB9104AEA
:10575000934240F0C9811A68100721D5C4F808C0E7
:105760001A68560300F14C811A68D20503D41A68EE
:1057700022F008021A60D9F840308BB10CE000BF6B
:105780003C02002410000240280002405800024061
:10579000B80402404000024048469847D9F85C10DF
:1057A00001F01F0120268E403E4268D0D9F800202B
:1057B000A54BA64FBA4218BF9A4207F118070CBF73
:1057C00001230023BA4208BF43F001031837BA424D
:1057D00008BF43F001031837BA4208BF43F0010382
:1057E0001837BA4208BF43F001031837BA4208BF5E
:1057F00043F001031837BA4208BF43F0010307F52D
:105800005677BA4208BF43F001031837BA4208BFBF
:1058100043F001031837BA4208BF43F001031837B9
:10582000BA4208BF43F001031837BA4208BF43F039
:1058300001031837BA4208BF43F001031837BA42D0
:1058400008BF43F001031BB9814B9A4240F06281CB
:105850001368DB0613D5A66099F83530042B13685E
:1058600000F0AE8013F4802F136800F0D3801C0387
:1058700040F1DE80D9F83C300BB148469847D9F862
:105880005430002B00F0B980D9F85430D8071FD518
:10589000D9F80020042189F83510136823F001039A
:1058A00013606C4BA3FB0535AD0A02E01368D90702
:1058B00004D5019B0133AB420193F7D9002389F84A
:1058C00034301368DB074CBF0323012389F83530DC
:1058D000D9F84C30002B00F09080484603B0BDE86A
:1058E000F0431847186840070AD5186820F00400EC
:1058F0001860A260D9F8542042F00102C9F854207F
:1059000027FA0CF2D2077FF576AE534A534883420A
:1059100018BF934200F130000CBF012200228342E5
:1059200008BF42F001021830834208BF42F0010272
:105930001830834208BF42F001021830834208BF8A
:1059400042F0010200F55670834208BF42F00102A6
:105950001830834208BF42F001021830834208BF6A
:1059600042F001021830834208BF42F001021830B1
:10597000834208BF42F001021830834208BF42F060
:1059800001021830834208BF42F0010218308342FE
:1059900008BF42F00102002A7FF420AE002E7FF4FF
:1059A0001DAE1A68042202FA0CF23A4240F09480CA
:1059B000102202FA0CFC17EA0C0F3FF4F1AE84E659
:1059C00023F016031360536923F080035361D9F861
:1059D00040309BB3136823F0080313603F23002576
:1059E000012203FA01F1D9F85030A16089F834504E
:1059F00089F83520002B7FF470AF03B0BDE8F08349
:105A00001B6818037FF5B7AED9F84830002B7FF438
:105A1000C3AEC5E613F480737FF42CAF116821F098
:105A200010011160012289F8343089F8352021E70E
:105A3000D9F84430002B7FF420AF20E7D9F8483064
:105A4000002BC7D1CAE700BF100002402800024067
:105A5000B8040240B5814E1B58000240400002408D
:105A60004E4A4F4DAB4218BF934205F114050CBF8F
:105A700001220022AB4208BF42F001021435AB42C2
:105A800008BF42F001021435AB4208BF42F00102E8
:105A90001435AB4208BF42F001021435AB4208BFD7
:105AA00042F0010212B93F4A9342A6D1D9F85C50A4
:105AB00004261A6805F01F05AE400E4219D057079C
:105AC00017D5100466604BD5D1034FD4D9F84830B0
:105AD000002B7FF402AF90E71A68102202FA0CFC48
:105AE00017EA0C0F3FF45CAE1A6852077FF558AE08
:105AF00034E60226AE400E4211D097070FD56660FD
:105B0000140439D5D00343D4D9F84430002B7FF4A2
:105B1000E4AE72E713689F077FF5B1AE9BE60826F7
:105B2000AE400E423FF469AF11077FF566AF1A68C9
:105B3000002122F00E021A600123D9F84C2003FA4A
:105B400005F56560C9F8543089F8341089F83530A6
:105B5000002A3FF452AF484603B0BDE8F043104777
:105B6000920603D41A6822F004021A60D9F8403071
:105B7000002B7FF4B2AE40E712F0200208D1196882
:105B8000012421F00A01196089F8342089F8354090
:105B9000D9F83C30002B7FF4A0AE2EE70854025811
:105BA0001C54025894540258406D70472DE9F04F30
:105BB0000D6883B0002D00F0D5800023DFF86882E7
:105BC00001229A4012EA050C00F0C7804E6826F0C8
:105BD0001009B9F1020F40F0C88003F007044FEA42
:105BE000D30E4FF00F0A4FEA840900EB8E0E0AFA2B
:105BF00009FADEF8204024EA0A0A0C6904FA09F4DA
:105C000006F0030944EA0A04CEF820404FEA430EA6
:105C10000324D0F800A009FA0EF904FA0EF42AEAD7
:105C2000040AE44349EA0A09C0F80090D0F808A041
:105C3000CF6804EA0A0A07FA0EF949EA0A09C0F825
:105C40000890C6F30019D0F804A009FA03F92AEA6B
:105C5000020249EA02024260C268F70004EA020452
:105C60008A6802FA0EF242EA0402C26075D5644CF8
:105C700023F0030E03F00309D4F8F420C6444FEADE
:105C8000890942F00202C4F8F420D4F8F42002F0AA
:105C900002020192019A0F22DEF8084002FA09F28C
:105CA00024EA0202574CA04225D004F58064A042A9
:105CB0007BD0554CA0427ED0544CA0426FD0544C67
:105CC000A04200F08480534CA04200F08680524CE9
:105CD000A04276D0514CA04200F08580504CA042AA
:105CE00000F087804F4CA0420CBF09240A2404FA1C
:105CF00009F942EA0902CEF808204FF0B0426FEAF3
:105D00000C0EF403D2F880204FF0B04454BF0EEADA
:105D100002024CEA0202C4F88020B203D4F88440A4
:105D20004FF0B04254BF0EEA04044CEA0404F702F8
:105D3000C2F8844014684FF0B04254BF0EEA040425
:105D40004CEA04041460B40252684FF0B04454BFEB
:105D50000EEA02024CEA02026260013335FA03F2F3
:105D60007FF42EAF03B0BDE8F08F4FEA430E03245B
:105D7000D0F800B006F0030A04FA0EF409F1FF3976
:105D80000AFA0EFA2BEA040BB9F1010F6FEA0404C8
:105D90004AEA0B0AC0F800A03FF65EAF46E70324CC
:105DA00004FA09F942EA0902A5E7012404FA09F90B
:105DB00042EA09029FE7022404FA09F942EA0902C9
:105DC00099E7062404FA09F942EA090293E7042450
:105DD00004FA09F942EA09028DE7052404FA09F9EF
:105DE00042EA090287E7072404FA09F942EA0902AC
:105DF00081E7082404FA09F942EA09027BE700BFB7
:105E0000004402580000025800080258000C0258D2
:105E1000001002580014025800180258001C0258C2
:105E2000002002580024025800040058002900F005
:105E3000A88000232DE9F04FDFF8689183B0DFF8E8
:105E40006881DFF868A1DFF868B14FF0010E0EFA43
:105E500003F212EA010C6FD023F0030503F00304F0
:105E60000F2640454D444FEAC404AF6806FA04F6D5
:105E700007EA0607019721D0504566D0584567D0FC
:105E8000434FB8426ED0434FB84270D0424FB842F1
:105E900063D0424FB84256D0414FB84272D0DFF87B
:105EA00014E1704568D0DFF810E1704514BF4FF081
:105EB0000A0E4FF0090E0EFA04F400E00024019FD0
:105EC000A74219D1AC6824EA06064FF0B044AE6090
:105ED000D4F8805025EA0C05C4F88050D4F88450DA
:105EE00025EA0C05C4F88450256825EA0C052560D0
:105EF000656825EA0C05656003255C0003F007076B
:105F00000F2605FA04F40568BF00254306FA07F7D3
:105F10000560DD0800EB85052E6A26EA07062E627D
:105F2000856825EA04058560456825EA0202426025
:105F3000C26822EA0404C460013331FA03F284D156
:105F400003B0BDE8F08F4FF0060E0EFA04F4B6E78A
:105F50004FF0020E0EFA04F4B1E74FF0050E0EFA00
:105F600004F4ACE74FF0030E0EFA04F4A7E74FF089
:105F7000040E0EFA04F4A2E74FF0080E0EFA04F431
:105F80009DE770474FF0070E0EFA04F497E700BF45
:105F9000000C025800100258001402580018025851
:105FA000001C025800040058000002580004025867
:105FB00000080258002002580024025803691942C0
:105FC00014BF01200020704702B9090481617047A5
:105FD0002DE9F04F056885B00446284606F054FFC9
:105FE000012802D005B0BDE8F08F206806F0FCFE65
:105FF0000028F7D0206806F0F7FE10F4001F206894
:1060000002D04FF40013436106F0EEFE10F4801F3F
:10601000206802D04FF48013436106F0E5FE10F0D3
:10602000806F206802D04FF08063436106F0DCFE91
:1060300010F0020F20682FD106F0D6FE870000F185
:106040001381206806F0D0FEC60100F1CF802068E1
:1060500006F0CAFE000700F1BE80206806F0C4FE0C
:1060600010F0007F20681AD106F0BEFEC306B9D535
:106070002568AB6923F01003AB612E6AC6F3434178
:10608000C6F30A17022902D1002F40F0C681AB697E
:1060900043F01003AB61A5E702234361CCE706F0B0
:1060A00061FFD4F808E080462068BEF1000F00F0E0
:1060B000998005F5A06500264FF0280B4FF0020AE5
:1060C0004AE000F5A0694A0109EB4117BB685B078C
:1060D0005DD50423BB60FB6843F00203FB60BB6833
:1060E000980500F1FD80BB68DB0740F1CF80236994
:1060F00053B101EB81003B6904EBC000C3F3120C08
:10610000836CA3EB0C03C3648B004FF0010C4FF0C6
:10611000000E581804EBC000C0F858E080F85DC0CD
:10612000C7F808C090F83FE01EF0FD0F00F0648152
:10613000BEF1030F00F040820B4404EBC30393F85D
:10614000502082F0010283F85020D4F808E0206843
:1061500001362035764545D206F00F0328FA03F3C1
:10616000D907F5D52B68F1B21A04AAD400F5A062BC
:106170004FEA411C02EB4117BB6813F004090DD034
:106180000423BB60FB6843F00203FB60E0E7BB68ED
:106190009B0640F1B3802023BB60A0E7BB6813F0EF
:1061A000200300F0CA8001EB8103202204EBC3032B
:1061B000BA6093F83D20012ACAD183F83D9083F854
:1061C0005CA0FB6843F00203FB6006F0CFFED4F84E
:1061D00008E02068BCE72046FEF7FCFA20680823A8
:1061E00043613BE74FF0007343613DE72668D6F813
:1061F00040340293D6F840340393039B23F02E03DC
:106200000393029B980707D5029BD90700F163818E
:10621000039B43F002030393029B1A0718D5039BC9
:1062200043F008030393029B5B0740F15C81A16983
:10623000022900F09A81E368012B03D14EF6602217
:10624000C6F804242046FEF7D3FA2046FEF7C6FA25
:106250002068029B9F0603D5039B43F02003039312
:10626000039BC6F84034F3E6D5F84034204623F0CB
:106270002E03C5F84034FEF7B5FA0121206806F078
:106280004FFE20684FF000534361DBE6BB68980780
:1062900040F18E80FB6801EB810C23F0020304EBDC
:1062A000CC0CFB608B009CF85D00012800F0B280F4
:1062B000052800F0AF80062800F0A381082800F030
:1062C000A081032800F0DC819CF85C000246C7F83E
:1062D00008A02046FEF78AFAD4F808E0206837E7DD
:1062E000FB68206843F00203FB6006F03FFE4FF4BA
:1062F00000732068BB60D4F808E029E7BB681B077F
:1063000000F1BB80BB685B057FF5E9AEFB680192DD
:1063100043F002030091FB6006F028FE0099102074
:10632000019A01EB8103B860082004EBC30383F8F2
:106330005D004FF48063BB60D1E6D7F8089019F098
:10634000400F40F0B180BB6813F4007340F02F8120
:10635000D7F8089019F0010F40F03F81BB6813F0A7
:10636000080340F06881D7F8089019F0100F00F08A
:10637000C98001EB810204EBC2029365032382F81A
:106380005D3092F83D303BB90BFB014393F83C2064
:1063900012B9012283F83D20FB6843F00203FB6041
:1063A00006F0E4FD10232068BB60D4F808E0CFE6D7
:1063B000BB6813F0800340F0E380BA68D20640F176
:1063C000D08001EB810004EBC00090F83F20032A4D
:1063D00000F04B8112F0FD02E4D123698265002BAD
:1063E000E0D10BFB0143032283F85D20FB682068AA
:1063F00043F00203FB60D3E7FA68206842F0020230
:1064000001930091FA6006F0B1FD1022DDE900135E
:10641000BA6091E68CF85C0058E706F00F0606EBD0
:10642000860804EBC808D8F8441000293FF42FAEC2
:10643000284605F5A0653A4606F038FCD8F8443001
:1064400005EB46123B441169D8F84C20C8F844309B
:1064500073013A44C8F84C20BC4A0A405AB1EA5881
:1064600022F0804242F00042EA5098F8503083F027
:10647000010388F85030256809E6FB684FF0050CE9
:10648000019243F002030091FB6001EB810304EBF6
:10649000C30383F85DC01023BB600823BB6006F014
:1064A00065FDDDE900121AE601EB810204EBC20290
:1064B0009365042382F85D30012382F83D30FB6848
:1064C00043F00203FB6006F051FD40232068BB60EF
:1064D000D4F808E03CE6B369204623F00053B361EA
:1064E000FEF77CF994E62046FEF786F9D6F84034AC
:1064F000206823F02E03C6F84034836943F000532C
:106500008361A6E6BB681B0600F1C880BB685B051B
:1065100000F1D780BB689B077FF51AAEFB680BFBC9
:10652000014023F00203FB6090F85D30012B00F086
:10653000E180032B00F0DB80042B00F0D880052BDA
:1065400000F0FC80062B00F0E480082B00F0E180D6
:106550000BFB01432046C7F808A093F85C20FEF728
:1065600045F9D4F808E02068F2E5029B206803F4BE
:10657000C023B3F5802F18BF012106F0D1FC61E6DE
:10658000FB6801EB810243F0020304EBC202FB60F3
:10659000936D01339365062382F85D30206806F021
:1065A000E5FC80232068BB60D4F808E0D0E5FB68F8
:1065B00043F00203FB6098E652F80970019347F03C
:1065C0000057009142F80970624680F85CC020468E
:1065D000FEF70CF9DDE90013AEE5FA6801EB81097D
:1065E00042F0020204EBC909C9F85830FA6006F01B
:1065F000BDFC0123BB6089F85D30D4F808E0206859
:10660000A6E503EB010C04EBCC0CDCF858000130E0
:10661000032825D8CCF8580002200B4404EBC30310
:1066200083F85C0052F8093023F0804343F00043C4
:1066300042F809304AE608230091BB60FB6843F04A
:106640000203FB6006F092FC0099052201EB810138
:1066500004EBC10383F85D20D4F808E0206877E5F7
:106660000020CCF858000420D7E7FA680BFB014063
:1066700042F0020283652068FA6006F077FC91E63A
:106680000BFB0143022083F85CA052F8093023F091
:10669000804343F0004342F8093017E6FB6800915D
:1066A00043F00203FB6006F061FC009906230BFB3C
:1066B000014181F85D3080232068BB60D4F808E098
:1066C00046E5FB68009143F00203FB6006F04EFCD8
:1066D00010230099BB604FF480630BFB0141BB604A
:1066E000082381F85D30D4F808E0206830E580F8B0
:1066F0005CA02DE780F85C3090F83F30023B012B26
:106700003FF626AF90F8513083F0010380F8513006
:106710001EE70BFB0140836D0133032B11D883650A
:1067200002230BFB014080F85C3052F80C3023F060
:10673000804343F0004342F80C3009E780F85C30B6
:1067400006E7002383650423EBE700BF0000F81F82
:1067500090F8B832012B0CD0012310B50446006824
:1067600084F8B83206F062FC0023184684F8B83288
:1067700010BD0220704700BFF8B505460E4617460B
:10678000701C2C682CD1A369990727D4A369DA0659
:10679000F9D5A3699A06FCD520231022E261E361B2
:1067A000A3699F0701D50023A362A369DE0703D471
:1067B000A36943F00103A361636800221B48202101
:1067C0000340012063606B6C85F8402043F00403B4
:1067D0006B6485F8411085F84220F8BD0020F8BDB3
:1067E000A3699B07FAD4A369D9061BD4FEF732F933
:1067F000C01BB04201D8002EC2D16B6C20210022F8
:1068000001200B4385F840206B6485F8411085F822
:106810004220F8BDFEF71EF9C01B8642EDD3002EC4
:10682000EBD02C68A3699B06F4D5B5E700E800FE21
:10683000F8B505460E4617462C68A3699B0649D451
:10684000A369DA0626D5731C38D1A3699E06FCD548
:1068500020231022E261E361A369990701D5002397
:10686000A362A369DA0703D4A36943F00103A36118
:1068700063680022184820210340012063606B6C8C
:1068800085F8402043F004036B6485F8411085F8D7
:106890004220F8BDFEF7DEF8C01BB04201D8002E42
:1068A000CAD16B6C2021002201200B4385F84020C7
:1068B0006B6485F8411085F84220F8BDA3699806FD
:1068C000C6D4FEF7C7F8C01B8642EAD3002EE8D034
:1068D0002C68B8E70020F8BD00E800FE00284ED084
:1068E00010B590F84130044603F0FF02002B41D070
:1068F00023682421626884F84110196822F07062CC
:10690000E06821F00101012819601A619A6822F4F7
:1069100000429A60A26829D042F4044202289A6098
:1069200002D14FF400625A6058684FF0200C1549AC
:10693000226901435960D96821F40041D960D4E942
:106940000501024342EA0122D4E90710DA6000227D
:10695000014310461960196841F001011960626431
:1069600084F841C0226384F8422010BD42F4004202
:106970009A60D9E780F84020FAF7B2FFB8E7012023
:10698000704700BF008000022DE9F047984690F85C
:106990004130089E202B40F0878090F8403004461C
:1069A000012B00F0818001238946174680F8403092
:1069B000FEF750F8054604E0FEF74CF8401B192896
:1069C00075D82368986910F40040F5D121226762D8
:1069D0006063C9F3090784F84120102284F842203B
:1069E0006064A4F82A80628D92B2FF2A6DD8628D0D
:1069F000494892B2D1B222855A6802403A4342EAEB
:106A00000142464911435960DFF81C814FF0FF0AEB
:106A1000DFF81891638D2A46314620469BB2002B41
:106A200030D0FFF7A9FE002873D1606A216810F802
:106A3000012B238D8A62628D013B6062013A9BB219
:106A400092B223856285628D92B2002BE2D1002A38
:106A5000E0D0701C43D18B691A06FCD5638D9BB2C4
:106A6000FF2B48D94B682A46A4F828A0204603EA01
:106A700008033B4343EA09034B603146638D9BB2F5
:106A8000002BCED1FFF7D4FE002842D1236820216D
:106A9000234DD9615A682A405A6084F8411084F81D
:106AA000400084F8420000E00220BDE8F087636CFB
:106AB0002021002201200B4384F84020636484F8E5
:106AC000411084F84220BDE8F0875A6812490A4014
:106AD00014493A431143FF222285596094E78B6998
:106AE0001B06BBD4FDF7B6FF401B8642DFD3002E4A
:106AF000DDD02168ADE7638D9BB2DAB223854B68A8
:106B000003EA080343EA02433B4343F000734B604C
:106B100080E70120BDE8F087009800FC002000829B
:106B200000E800FE0020FF81009C00FC0000FF0147
:106B30002DE9F0471F4690F84130202B40F08E8021
:106B400004460D46002900F08380B2FA82F9164609
:106B50004FEA5919002A7BD05FFA83FA90F8403047
:106B6000012B7BD0012380F84030FDF773FF2123F8
:106B700065628046256884F8413084F842A0C4F8F4
:106B8000449066856B68C4F8349023F400436B60CE
:106B90007B1C66D1AE693607FCD50823EB61E36840
:106BA000022B06D0AE69F60328D4AE69F603F9D5F8
:106BB00024E0AB691907FCD50823EB617B1CF1D0FD
:106BC000AB69DD031AD4FDF745FFA0EB080087424F
:106BD00053D3002F51D02568F0E74246394620466E
:106BE000FFF7CAFD00285BD1636A226813F8011B16
:106BF0009162658D6362013DADB26585638D9BB227
:106C0000002BEAD1424639462046FFF711FE002804
:106C10004DD02268536843F400435360636C042BE7
:106C200054D1002363642023D361781C41D193693C
:106C30001904FCD451680023202041F40041516024
:106C400084F84100184684F8423084F8403003E06C
:106C50004FF4007301206364BDE8F0870220BDE8B3
:106C6000F087AB69180733D4FDF7F4FEA0EB0800FA
:106C7000874202D30FB125688AE7636C2020002188
:106C80002268034384F84010636484F841000120C3
:106C900084F84210536843F400435360BDE8F08722
:106CA00022680120536843F400435360D4E722680C
:106CB000B9E793691B04BDD5FDF7CCFEA0EB080036
:106CC0008742DAD3002FD8D02268AEE70120C3E78D
:106CD0000823EB61E368022B7FF470AF08E0FDF757
:106CE000B9FEA0EB08008742C7D3002FC5D02568A6
:106CF000AB691A07F3D55FE70268436B91691268C5
:106D000003B11847704700BF90F84100704700BFBB
:106D100090F84120202A23D15FFA82FC90F840208D
:106D20000346012A1CD00268242000B583F84100E4
:106D30004FF0000E106820F001001060106820F481
:106D4000805010601068014370461160116841F076
:106D50000101116083F841C083F840E05DF804FB55
:106D60000220704790F84120202A22D1034600B526
:106D70005FFA82FE90F84020012A1CD0026824208D
:106D80004FF0000C83F84100106820F00100106003
:106D9000106820F4706040EA0121604611601168BB
:106DA00041F00101116083F841E083F840C05DF8D3
:106DB00004FB0220704702205DF804FBF0B58BB0A5
:106DC000002800F0888090F8BD330546046803F081
:106DD000FF02002B79D0204603232E462F1D85F875
:106DE000BD33E36B6C4613F4807308BF2B6105F071
:106DF00099FB56F810EBB446BCE80F000FC4BCE892
:106E00000F000FC49CE8030084E80300704697E875
:106E10000E0005F06BFA044630B10124022320462F
:106E200085F8BD330BB0F0BD0146286805F082FB44
:106E3000686858B322464FF0010E2146C2EBC203E8
:106E400002F1010C05EB830383F83C20A3F84220F8
:106E50005FFA8CF283F83DE0824283F83F101965B7
:106E6000C3E91111EAD30022C4EBC403611C05EB92
:106E7000830383F8FC41CCB283F8FD21844283F87C
:106E8000FF21C3F81022C3E98122EDD36C460FCE57
:106E90000FC40FCE0FC496E8030084E8030097E800
:106EA0000E00286805F05EFB04460028B5D10122DB
:106EB0006B6A85F83800934285F8BD230FD02868A7
:106EC00005F084FF20460BB0F0BD80F8BC23FDF731
:106ED000D9F8286880E7012420460BB0F0BD284689
:106EE00000F006FDEBE700BF10B590F8BC33044698
:106EF0000068012B17D00122A36A934284F8BC23B7
:106F000009D005F055FF206805F004FB0023184662
:106F100084F8BC3310BDA3699342F2D0836B43F471
:106F200080338363EDE7022010BD00BF2DE9F04FF1
:106F3000076889B00446384605F0A6FF10B109B0CD
:106F4000BDE8F08F8246206805F04EFF0028F6D09D
:106F5000206805F049FF10F0020F206803D0436954
:106F600003F00203436105F03FFF10F4002B20689B
:106F700040F0508105F038FF10F4802F206840F079
:106F8000EB8005F031FF002874DB206805F02CFF52
:106F9000000564D4206805F027FF020114D522689B
:106FA000536903F00063536194F8F433002B40F00D
:106FB00095810121204684F8F413536DC3F38303B4
:106FC000C4F8F83300F0ACFC206805F00DFFC304F2
:106FD0007BD4206805F008FF10F4005F20685DD1C5
:106FE00005F002FF10F0100F206812D0836923F023
:106FF000100383613D6AC5F3434305F00F06022B7E
:1070000000F03182062B00F07F81836943F010038A
:10701000836105F0E9FE070700F15781206805F05C
:10702000E3FEC60200F14681206805F0DDFE850220
:1070300000F13581206805F0D7FE400000F126817F
:10704000206805F0D1FE41077FF579AF23685D68C0
:107050006A0700F129825A682A435A606FE7D7F815
:107060000838D90700F11C822068436903F40063E3
:10707000436190E7D7F8043823F00103C7F80438D8
:1070800094F8F433012B00F038812046FDF7E4F842
:107090002068436903F00043436177E705F0F8FE99
:1070A000206805F07FFB2568E06001F06DFD227B24
:1070B0000146284605F0ACF92046FDF7A3F8206804
:1070C000436903F4005343618AE7D7F80438102179
:1070D000206807F5006523F001036B6005F048FBAD
:1070E0006068B0B107F510634FF67F3199600AF11F
:1070F000010A1A682033824522F4001243F8202C3A
:10710000C3F8E811D3F8E02122F40012C3F8E0211B
:10711000ECD1EB6943F00113EB61236B002B40F0E2
:10712000E1806A6942F22B0313436B612B6943F0E0
:107130000B032B61D7F8003804F57172217C23F41E
:10714000FE632068C7F8003805F0BEFE206843697A
:1071500003F4805343613DE705F05EFE80462068FE
:10716000B8F1000F00F0E580264607F510694FF0F2
:10717000000BCDE9037A09E05FEA58080BF1010B37
:1071800006F11C0609F1200900F0D58018F0010F66
:10719000F2D05FFA8BF7394605F05AFEC307054671
:1071A0001FD50BF00F03039901229A40D1F8343810
:1071B00023EA0203C1F834380123C9F808302369EF
:1071C000012B03D1D6E911231344B3643946204679
:1071D000FDF70AF82369012B03D1BBF1000F00F082
:1071E000AC81280702D50823C9F80830E90602D582
:1071F0001023C9F808306A0602D54023C9F80830C0
:10720000AB0702D50223C9F808302D0600F1C6806D
:107210002068B1E705F0F2FD05462068002D00F07A
:10722000868007F53066A1464FF0000B049707E013
:107230006D080BF1010B06F1200609F11C097DD048
:10724000EB07F5D55FFA8BF1039105F0F3FD10F034
:10725000010F8046039973D118F0080F40F0F280B7
:10726000206818F0100F01D01023B36018F0200F21
:1072700005D02169012900F05A812023B36018F458
:10728000005FD5D04FF40053B360D1E72046FCF740
:10729000EFFF2068436903F080434361D1E6204655
:1072A0005FFA8BF1FCF7DCFF2068436903F40013FD
:1072B0004361C0E620465FFA8BF1FCF7D5FF2068FA
:1072C000436903F480134361AFE62046FCF796FF61
:1072D0002068436903F008034361A0E62046FCF7F9
:1072E000A3FF71E6D5F8843043F00B03C5F8843072
:1072F0006B6C43F00B036B641CE70021204684F8A1
:10730000F41300F00DFBC3E6C6EBC606082204F535
:107310007171384605F0CAFCC5F30A1304EB860206
:107320002068D2F814120B44C2F814326DE6AB4652
:1073300020E6C34625E6DDE9037A22E6049F19E646
:10734000206801232769B36000F53063012FD0F86E
:1073500040E003EB4B139A6800F0C580984FBE45A0
:1073600040F0BD80170440F1B6804FF4004218F0A1
:10737000080F9A603FF475AF026C986890498A4292
:1073800000F0978020460392FCF71EFF8D4B039A76
:107390009A4200F296800823B36061E7D6E914535D
:1073A000D4F800A0AB4250463FF6E6AE0AF51062B4
:1073B000716CCDF81CA002EB4B120592EA1A8A42BE
:1073C00028BF0A4605998969033289B2B1EB920F49
:1073D000C0F0A980CDF81890C146A046059C1AE0DF
:1073E000736C3A46B16C50469D4228BF1D4698F8D2
:1073F00010300093ABB205F043FCB36CA1692B4491
:1074000089B2B364736D2B440335B1EB950F73658B
:10741000C0F08180356D9D42A5EB0305E0D8444660
:10742000C846DDF81890D4F800A0079B012250460A
:1074300003F500610BF00F039A404B6B23EA020344
:107440004B6399E62268216902F53063126C0129C9
:1074500003EB4B13986891D15A498A4229D82046A8
:10746000FCF7B2FE97E747F6F0731D423FF4CDAD4F
:10747000C6EBC606C5F30A12384604EB8606154667
:10748000D6F8081205F012FCD6F8083220682B4412
:10749000C6F80832D6F814322B44C6F81432B4E5D4
:1074A0002046FCF7C1FEDFE52046FCF7E5FE236839
:1074B000D1E5020402D54FF400429A602046FCF761
:1074C00083FE216901297FF466AF04F5717220689B
:1074D00005F0FAFC5FE7900601D520229A6020466D
:1074E000FCF778FEB8E6170732D536498E4504D941
:1074F000120402D54FF400429A6020460393FCF731
:1075000063FE04F571720121206805F0DDFC08229C
:10751000039B9A60A0E64446356DC846DDF8189096
:10752000D4F800A050469D423FF626AE7DE704F514
:10753000717205F0C9FC20689FE6236D002B7FF473
:1075400050AE04F571720121206805F0BDFC48E6DB
:10755000970608D520229A6018F0080F3FF481AEF4
:10756000026C986878E712F0280FF5D1154FBE45E8
:1075700005D9120403D54FF400429A60ECE71B6969
:107580002046D9F80422C3F31203D31AC9F81432DF
:10759000D9F808321344C9F80832FCF71BFEBBF1D6
:1075A000000F7FF459AED4F81032002B7FF454AEA4
:1075B00004F571720121206805F086FC4CE600BFDD
:1075C0000A31544F0A30544F90F8BC23012A0ED090
:1075D000012210B50446006884F8381084F8BC23F2
:1075E00005F0D4FB0023184684F8BC3310BD0220FC
:1075F000704700BF10B501F00F0E0906044627D4EE
:107600004FF01C0C0CFB0E0C0CF5FE71CEEBCE0CEF
:1076100000EB8C0C00208CF8FD018A604A7881F820
:1076200000E0CB700AB1A1F806E0022B01D10023E3
:107630000B7194F8BC33012B18D00123206884F817
:10764000BC3305F0C1F80023184684F8BC3310BDE4
:107650001C204FF0010C00FB0E4000F13C01CEEB72
:10766000CE0004EB800080F83DC0D6E7022010BDBC
:1076700011F0800F01F00F034FF01C0110B504460C
:107680001AD101FB0341C3EBC302002001F5FE71D7
:1076900004EB820282F8FD010B7094F8BC33012BDD
:1076A00019D00123206884F8BC3305F0D5F80023F5
:1076B000184684F8BC3310BD01FB0341C3EBC30281
:1076C000012004EB82023C3182F83D000B7094F8FB
:1076D000BC33012BE5D1022010BD00BF10B501F075
:1076E0000F041C21C4EBC40C01FB040100EB8C0C47
:1076F00001F5FE71CCF810320023CCF808228CF88A
:10770000FC41CCF814328CF8FD3103690068012B80
:1077100008BFCCF80C22DAB21CB905F0F7F900204A
:1077200010BD05F0DBF8002010BD00BF01F00F0117
:10773000C1EBC10100EB8101D1F81402704700BF19
:1077400010B501F00F041C21C4EBC40C01FB0401B3
:1077500000EB8C0C3C31CCF850300023CCF84820A6
:10776000CCF8543001238CF83C408CF83D30036950
:107770000068012B08BFCCF84C20DAB21CB905F028
:10778000C5F9002010BD05F0A9F8002010BD00BF0C
:1077900038B5436801F00F059D4234D80B06044606
:1077A0001DD41C22C1EBC10302FB010100EB8303CA
:1077B000002201F5FE7183F8FD2101230D708B700D
:1077C00094F8BC239A421CD0206884F8BC3305F09E
:1077D0007DFAD5B10023184684F8BC3338BD1C218E
:1077E000C5EBC503012201FB050100EB83033C311E
:1077F00083F83D2001230D708B7094F8BC239A42CE
:10780000E2D1022038BD012038BD04F57172217C1F
:10781000206805F059FBDDE7426838B501F00F0339
:10782000934232D811F0800F04464FF01C01C3EB95
:10783000C30219D101FB0341002004EB82020025A1
:1078400001F5FE7182F8FD010B708D7094F8BC3368
:10785000012B18D00123206884F8BC3305F06AFAA4
:10786000284684F8BC5338BD01FB0341012004EBDA
:10787000820200253C3182F83D000B708D7094F837
:10788000BC33012BE6D1022038BD012038BD00BF3A
:1078900010B40468606A31B940EA0240A062002076
:1078A0005DF8044B7047A36AB1F1010C00EB134083
:1078B0000BD0002303F14001013304EB8101DBB263
:1078C0004968634500EB1140F4D30CF1400C40EAE9
:1078D000024004EB8C0C5DF8044BCCF80400002053
:1078E000704700BF034600201B685962704700BF05
:1078F00003464FF0000C09491A68604610B4012491
:1079000083F8F4C3C3F8FC4393695DF8044B43F078
:1079100000639361536D1943516570470300001074
:10792000704700BF38B5114BDA68520704D4DB68E2
:1079300003F00703834214D10C4CE36823F00703E0
:107940001843E060FDF786F8054605E0FDF782F88C
:10795000401BB0F57A7F06D863689B04F6D50020FB
:1079600038BD012038BD032038BD00BF0048025893
:10797000024AD36843F08073D360704700480258CE
:1079800070B44D6A15B1B2F1406F3AD18B691BB337
:107990000C6A002C4CD08E680068C661CE69002E3F
:1079A00069D02B4313432343CC6A334323430C6BEB
:1079B00023434C6B23430C692343CC6823430C685B
:1079C00023434C69B2F1406F43EA8443436165D07D
:1079D0004B6870BC836170470B6ABBB100682B4376
:1079E0008C68CE69C461002E6BD01343CC6A3343DC
:1079F00023430C6B23434C6B23430C692343CC6818
:107A0000DEE78B6A0468013B2361BFE7CB69002B8B
:107A100066D1002D42D0CB6A0C6B2B430068134318
:107A20004A6923434C6B234343EA8243436135E075
:107A3000CC6945EA030C002C32D003684CEA020002
:107A4000B2F1406F40EA0400CC6A40EA04000C6BDB
:107A500040EA04004C6B40EA0400CC6840EA0400B1
:107A60000C6840EA04004C6940EA8440586115D033
:107A70004A689A6112E045EA030C0D694CEA020378
:107A8000CA6A23431343D1E90C4223430C681343CE
:107A90004A692B43234343EA8243436170BC7047E6
:107AA000CC6A4CEA020300682343D1E90C42234329
:107AB0000C6813434A69234343EA824370BC436121
:107AC0007047CC6A13432343D1E90C422343134349
:107AD000D1E90442234343EA824370BC43617047C7
:107AE0002B43CD6A0C6B134300682B4323434C6B31
:107AF00084E700BF70B50446FCF7ACFF002C54D0FF
:107B000094F84030012B52D00123064684F84030CF
:107B100094F8413003F0FF02002B34D0A56C2268AA
:107B2000A1681368013923F4706343EA01231360E9
:107B300001E06B1C31D1936813F02003F9D1E069A7
:107B4000E16815680143206A0143606841EA006109
:107B50001C482840014360691160A16955680143D0
:107B6000206941EA00411848284001250143184690
:107B70005160116829431160636484F84150002307
:107B800084F8403070BD204684F84020FAF700FBAE
:107B900041F288331D46A364C1E7FCF75BFF801BFD
:107BA000A84206D82DB12268C5E7012070BD022089
:107BB00070BD0423012084F84130636C0343636487
:107BC000DDE700BF2FFFFF00FEF8E0FFC8B110B5F2
:107BD00090F840300446012B11D00268012380F850
:107BE0004030136823F001031360FAF75FFB0023B2
:107BF0006364184684F8413084F8403010BD022098
:107C000010BD0120704700BF2DE9F04104460E462B
:107C10001546FCF71FFF94F84030012B3AD00123A2
:107C200084F8403094F84130012BDFB206D00227AF
:107C30000023384684F84030BDE8F08100238046B8
:107C40006364022384F84130681C23680ED19A686B
:107C500012F02002FBD131462046FFF791FE736AF5
:107C6000E3B10123002784F84130E1E79A6812F07C
:107C700020021ED0FCF7EEFEA0EB0800854201D3E7
:107C8000002DE1D1042384F84130636C43F00103FB
:107C90006364CDE702273846BDE8F0812268936827
:107CA0009B07FCD5022101230027D16084F84130D5
:107CB000BEE731462046FFF763FE736A43B1D0E763
:107CC000FCF7C8FEA0EB08008542DBD3002DD9D01D
:107CD000226893689907F3D5E4E700BF2DE9F843DC
:107CE000044689461546FCF7B5FE94F840302768EF
:107CF000012B67D0012384F8403094F84130012BE8
:107D00005FFA83F807D04FF002080023404684F85A
:107D10004030BDE8F88300236364B9F1000F56D00A
:107D20001223064684F841303B690133E3623B6924
:107D3000C4F824900133A3627B6923F040637B6124
:107D4000E36A002B31D06A1C394611D18B685B077E
:107D5000FCD5636A1B7887F82030E26A636A013ACF
:107D60000133E262E26A6362F2B16A1C2168EDD01B
:107D70008B685807EDD4FCF76DFE801B854201D35C
:107D8000002DF2D1042384F84130636C43F00103E9
:107D9000636413E0BB689B070CD4FCF75BFE801B9D
:107DA0008542EFD3002DEDD02768691CF2D1BB6866
:107DB0009A07FCD502234FF00008FB60012384F8EA
:107DC0004130A2E74FF002084046BDE8F883636CFB
:107DD00043F00803636498E72DE9F8430446154629
:107DE0008946FCF737FE2768BA6994F84030012BC2
:107DF0006CD0012384F8403094F84130012B5FFAB5
:107E000083F807D04FF002080023404684F8403042
:107E1000BDE8F88300236364B9F1000F5BD022232F
:107E2000064684F841303B690133A3633B69C4F8DB
:107E30003090013363637B6923F0406343F08063D8
:107E40007B61BA61A36B002B33D0681C394612D119
:107E50008B6813F0060FFBD097F82020236B1A7065
:107E6000A26B236B013A0133A263A26B2363FAB1C5
:107E7000681C2168ECD08B6813F0060FECD1FCF77E
:107E8000E9FD801B854201D3002DF1D1042384F844
:107E90004130636C43F00103636413E0BB689B07EC
:107EA0000CD4FCF7D7FD801B8542EFD3002DEDD01D
:107EB0002768691CF2D1BB689A07FCD502234FF0F2
:107EC0000008FB60012384F841309DE74FF0020871
:107ED0004046BDE8F883636C43F00803636493E7AE
:107EE0002DE9F84F04461F4689469046FCF7B2FD3F
:107EF00094F84030012B52D0012384F8403094F89C
:107F00004130012B5FFA83FB07D04FF0020B0023B7
:107F1000584684F84030BDE8F88F002382466364F9
:107F2000422384F841307A1C26682CD1B568AB0610
:107F3000FCD4D8F8003049462046B362D8F8043063
:107F40007362D8F80830F3623268D8F8103022F43F
:107F500040021343D8F80C2043F480033360C9F87F
:107F600028204FF00062FFF70BFD781C22681BD120
:107F700093681907FCD5082101234FF0000BD1604D
:107F800084F84130C3E7B3689D06D2D5FCF762FDA3
:107F9000A0EB0A00874212D3002FC4D10FE04FF0AC
:107FA000020B5846BDE8F88F93681B07E3D4FCF733
:107FB00051FDA0EB0A00874201D3002FD5D1042345
:107FC00084F84130636C43F0010363649FE700BFB2
:107FD0002DE9F04704460F461646FCF73BFD94F8A2
:107FE0004030012B45D0012384F8403094F84130D3
:107FF000012B5FFA83F907D04FF0020900234846AE
:1080000084F84030BDE8F08700238046D4F848A0CB
:108010006364822384F84130BAF1FF3F256814D1AC
:10802000AB689A06FCD42B68726823F00803082A10
:1080300043EA02032B6021D04FF0406239462046CC
:108040004FF00009FFF79CFCD8E7AB689B06EAD528
:10805000FCF700FDA0EB0800824502D3BAF1000F47
:10806000DAD1042384F84130636C43F00103636484
:10807000C4E74FF002094846BDE8F0873268102394
:108080002A63EB602B6843F480132B60D4E700BFB6
:10809000704700BF08B5006C00238363C36290F88B
:1080A0004130082B0BD103680222DA601A6842F4CF
:1080B00000321A601A6842F002021A6008BD0123F9
:1080C00080F84130FFF7E4FF08BD00BF704700BFF4
:1080D000704700BF704700BF704700BF704700BFC8
:1080E000704700BF704700BF38B5036804469A6800
:1080F000196855070ED548030CD594F84120122A6B
:1081000075D094F84120222A00F0A1802046FFF784
:10811000E5FF38BD950726D5880324D50222DA600D
:108120001A6822F4E0221A6094F84120122A7AD0C8
:1081300094F84120222A00F0A98094F84120022AD4
:1081400000F0D08094F84120082AE2D15A69012138
:10815000204622F040625A6184F84110636C3BBBB8
:10816000FFF7B4FF38BD150725D4D50735D5C803AB
:1081700033D50125DD601A6822F470221A60626C22
:1081800042F0020262641A68520779D51A68E06BFD
:1081900022F004021A60574B836506F0A5FF002801
:1081A000B7D0636C204643F00403636484F8415005
:1081B000FFF76EFF38BD0803D7D50822DA601A68CA
:1081C000520206D51A68012122F410221A6084F89E
:1081D00041102046FFF784FF38BDD00699D5CA026A
:1081E00097D510222046DA60FFF77CFF38BD9A68E9
:1081F00050078BD518460EE0626A127883F820206B
:10820000E16A20680139626AE16201328168626272
:108210004D077FF57BAFE26A002AEDD1036823F4B6
:108220008023036072E71A68510709D51A68E16B69
:1082300022F0040209681A60CB6823F00103CB60C6
:108240000123204684F84130FFF746FF38BD9A6885
:1082500052077FF55BAF18460EE093F82010226BB3
:108260001170A16B20680139226BA1630132816812
:10827000226349077FF54AAFA26B002AEDD1CDE713
:10828000204684F84150FFF703FF38BD1A685207B3
:108290001DD49A6812F47C5F0FD111E093F820107E
:1082A000226B1170A16B20680139226BA16301322E
:1082B0008168226311F47C5F02D0A26B002AEDD1A9
:1082C0000123204684F84130FFF704FF38BD1A68C7
:1082D000E16B22F0040209681A60CB6823F0010305
:1082E000CB60EDE70123204684F84130FFF7F0FE34
:1082F00038BD00BF95800008002800F0DE81F8B589
:1083000003680446D80730D59F490A69896A02F094
:108310003802102A00F00081182A00F0F880636803
:10832000B3F5803F00F02081002B00F05E81B3F5B3
:10833000A02F954B1A6800F02F8222F480321A6029
:108340001A6822F480221A60FCF784FB8E4E41F2F8
:108350008837054605E0FCF77DFB401BB84200F27C
:10836000428133689A03F6D523689D0700F1858022
:10837000D9062FD5844A1369926A03F03803082B73
:1083800000F0DA80182B00F0D280E3697E4D002BDC
:1083900000F065812B6843F080032B60FCF75AFBEB
:1083A000064605E0FCF756FB801B022800F21B8105
:1083B0002B68DB05F6D5FCF765FB41F20303984219
:1083C00000F20B826B68226A23F0F84343EA82636F
:1083D0006B6023681D0716D563696B4D002B00F099
:1083E0001C816B6F43F001036B67FCF733FB0646A0
:1083F00005E0FCF72FFB801B022800F2F4806B6F76
:108400009807F6D523689A0616D5A3695E4D002B0A
:1084100000F014812B6843F480532B60FCF71AFBA7
:10842000064605E0FCF716FB801B022800F2DB8005
:108430002B689F04F6D52368590700F19B80636A77
:10844000CBB1514D2A6902F03802182A6DD0022BA7
:108450002B6823F080732B6000F03981FCF7FAFA67
:10846000044605E0FCF7F6FA001B022800F2BB8088
:108470002B689B01F6D40020F8BD434A1369926A29
:1084800013F0380329D1404BE2681B68590701D526
:10849000002A4AD03C4D2B6823F0190313432B606C
:1084A000FCF7D8FA064605E0FCF7D4FA801B022850
:1084B00000F299802B685B07F6D5FCF7E3FA41F2EE
:1084C0000303226998426B6800F2F08023F47C3346
:1084D00043EA02336B6023684AE7182B00F0E2801E
:1084E000294DE2682B68002A00F0CB8023F01903A5
:1084F00013432B60FCF7AEFA064604E0FCF7AAFA39
:10850000801B02286FD82B685F07F7D5D5E701F0ED
:10851000030102297FF403AF1B4A126891037FF520
:1085200024AF6268002A7FF420AF0120F8BD02F07A
:108530000302012A7FF429AF134B1B68DA0502D529
:10854000E369802BF1D1FCF79DFA41F203030E4A57
:108550009842216A00F2B380536823F0F84343EA5B
:1085600081635360236835E7074A136843F4803317
:108570001360E9E6054D2B6843F480732B60FCF72C
:1085800069FA064609E000BF004402580048025854
:10859000FCF760FA801B642825D82B68DA05F7D52C
:1085A000A368012B00F02281002B00F0FD80052B39
:1085B000954B1A6F00F0208122F001021A671A6FA2
:1085C00022F004021A67FCF745FA8F4E41F2883711
:1085D000054604E0FCF73EFA401BB84203D8336F6F
:1085E0009B07F7D52BE70320F8BD874D41F288376D
:1085F0002B6823F480332B602B6823F480232B60BB
:10860000FCF728FA064604E0FCF724FA801BB8427F
:10861000E9D82B689B03F7D4A6E66B6F23F0010320
:108620006B67FCF717FA064604E0FCF713FA801BA9
:108630000228D8D86B6F9907F7D4E3E62B6823F4A8
:1086400080532B60FCF706FA064604E0FCF702FABA
:10865000801B0228C7D82B689804F7D4EBE62B6858
:1086600023F080032B60FCF7F5F9064604E0FCF7E5
:10867000F1F9801B0228B6D82B68DF05F7D42368F0
:10868000A8E623F001032B60FCF7E4F9064604E0BA
:10869000FCF7E0F9801B0228A5D82B685807F7D40F
:1086A000236865E690077FF41BAFECE623F0FE43FA
:1086B00043EA02636B6023685AE601207047D3687F
:1086C00023F07C5343EA0163D360236882E6FCF71E
:1086D000C1F9064604E0FCF7BDF9801B022882D8E8
:1086E0002B689901F7D4A96A484BA26A0B40484904
:1086F000454E1343E26A43EA0213AB62D4E90D32FA
:10870000013B013A5B0212049BB202F4FE021343E6
:10871000226B013AC2F308021343E26B013A1206DC
:1087200002F0FE4213432B63EB6A23F00103EB627A
:108730006A6BA36C114041EAC3016963EB6A226C66
:1087400023F00C031343EB62EB6A626C23F0020329
:108750001343EB62EB6A43F48033EB62EB6A43F45E
:108760000033EB62EB6A43F48023EB62EB6A43F085
:108770000103EB622B6843F080732B60FCF76AF90E
:10878000044605E0FCF766F9001B02283FF62BAF14
:1087900033689A01F6D56EE642F480221A601A68B0
:1087A00042F480321A60CFE5174D41F288372B6FC3
:1087B00023F001032B672B6F23F004032B67FCF7D7
:1087C00049F9064605E0FCF745F9801BB8423FF63B
:1087D0000AAF2B6F9807F6D431E6EB68226A23F0D4
:1087E0007C5343EA0263EB602368F3E5064A136FA8
:1087F00043F001031367E6E642F004021A671A6FBA
:1088000042F001021A67DEE6004402580CFCFFFF4A
:108810000700FFFF474A136903F03803102B04D009
:10882000182B0DD01BB1444870474448704713685B
:1088300099064AD513684248C3F3C103D84070472C
:10884000936A30B4946AD56A14F47C7F516BC4F394
:10885000051038D0C1F3CC0105F0010503F0030386
:1088600005FB01F1012B07EE901AB8EEE77A02D072
:10887000022B2CD093B307EE900A9FED325AF8EEFC
:10888000E77A136BC5EE276ADFED2F5AC3F30803AF
:1088900007EE903AB7EE006AF8EEE77AE7EE257A4F
:1088A00077EE867A66EEA76A224B1B6BC3F34623EC
:1088B000013307EE903AB8EEE77AC6EE877AFCEE1F
:1088C000E77A17EE900A30BC70471D48704707EEF4
:1088D000900A9FED1E5AF8EEE77AD2E713689B06DE
:1088E00020D5146807EE900A1549F7EE005A136B6D
:1088F000C4F3C104F8EEE77A9FED135AC3F30803FB
:10890000E14006EE903A06EE101AF8EEE66AB8EE8E
:10891000C66AE7EE056A86EE277A76EEA56A66EE07
:10892000876AC1E707EE900A9FED095AF8EEE77AE9
:10893000A7E700BF0044025800093D000024F400EE
:108940000090D0030024744A000000390024744BC6
:108950000024744C002800F00281874A136803F059
:108960000F038B422DE9F04104460D460CD21368EB
:1089700023F00F030B431360136803F00F038B42C4
:1089800002D00120BDE8F08123685F070BD57B4949
:1089900020698A6902F07002904204D98A6922F043
:1089A000700202438A611E070BD574496069CA6967
:1089B00002F07002904204D9CA6922F070020243A8
:1089C000CA61D8060BD56D49A069CA6902F4E06294
:1089D000904204D9CA6922F4E0620243CA6199064E
:1089E0000BD56649E0690A6A02F07002904204D928
:1089F0000A6A22F0700202430A629A0740F1A180DB
:108A00005E48E168826902F00F02914204D98269EE
:108A100022F00F020A438261D80730D5574AA16875
:108A2000936923F470630B439361616813680229AF
:108A300000F09780032900F08E80012900F09780D4
:108A400058079ED54D4E41F28838336923F007030D
:108A50000B433361FBF7FEFF074605E0FBF7FAFF28
:108A6000C01B404500F281803369626803F038031F
:108A7000B3EBC20FF2D12368990706D5E1683F48EE
:108A8000826902F00F028A425FD83B490A6802F00D
:108A90000F02AA420AD90A6822F00F022A430A608A
:108AA0000A6802F00F02AA427FF46BAF5A070BD597
:108AB000324920698A6902F07002904204D28A69C0
:108AC00022F0700202438A611F070BD52B496069AF
:108AD000CA6902F07002904204D2CA6922F07002A0
:108AE0000243CA61DE060BD52449A069CA6902F4B3
:108AF000E062904204D2CA6922F4E0620243CA6191
:108B00009D060BD51D4AE169136A03F07003994273
:108B100004D2136A23F070030B431362FFF77AFE4B
:108B2000164A0346164892691649C2F30322825C2C
:108B30000E2002F01F02D340BDE8F0410B60FBF7AE
:108B400027BFDA073FF56AAF9FE7826922F00F027D
:108B50001143816199E79F013FF574AF11E701204F
:108B600070479B033FF56EAF0BE703200AE7DE0576
:108B70003FF568AF05E700BF0020005200440258EF
:108B8000E41A01083C02002408B501F095F9064BEF
:108B900006499B69064A03F00F03CB5C03F01F03F1
:108BA000D840106008BD00BF00440258E41A010814
:108BB0004002002410B501F07FF90949094A8B6988
:108BC000094C03F00F03D35C03F01F03D84020606F
:108BD000CB69C3F30213D35C03F01F03D84010BD6D
:108BE00000440258E41A01084002002410B501F0C4
:108BF00063F90949094A8B69094C03F00F03D35CF7
:108C000003F01F03D8402060CB69C3F30223D35C79
:108C100003F01F03D84010BD00440258E41A0108B5
:108C200040020024F8B53A4CA36A03F00303032B77
:108C300067D0236806460F4623F080632360FBF766
:108C400009FF054604E0FBF705FF431B022B56D83E
:108C500023681A01F7D4A36A326823F47C3343EA09
:108C60000233A362D6E90232013B013A5B021204ED
:108C70009BB202F4FE0213437268013AC2F3080287
:108C800013433269013A120602F0FE421343A36312
:108C9000E36A726923F0C0031343E362E26AB369D3
:108CA00022F020021A431B4BE262E26A22F0100219
:108CB000E262E16BF2690B4043EAC203E363E36AF9
:108CC00043F01003E362E36AEFB1012F0CBF43F4FA
:108CD000801343F40013E3620D4C236843F0806378
:108CE0002360FBF7B7FE054604E0FBF7B3FE401B2D
:108CF000022804D823681B01F7D50020F8BD032003
:108D0000F8BD0120F8BD43F40023E362E4E700BFAF
:108D1000004402580700FFFFF8B53A4CA36A03F07D
:108D20000303032B67D0236806460F4623F08053C6
:108D30002360FBF78FFE054604E0FBF78BFE431B29
:108D4000022B56D823689A00F7D4A36A326823F01E
:108D50007C7343EA0253A362D6E90232013B013A33
:108D60005B0212049BB202F4FE0213437268013AE2
:108D7000C2F3080213433269013A120602F0FE42BE
:108D800013432364E36A726923F440631343E36289
:108D9000E26AB36922F400721A431B4BE262E26A90
:108DA00022F48072E262616CF2690B4043EAC20312
:108DB0006364E36A43F48073E362E36AEFB1012F13
:108DC0000CBF43F4000343F08073E3620D4C23684F
:108DD00043F080532360FBF73DFE054604E0FBF7BC
:108DE00039FE401B022804D823689B00F7D50020D9
:108DF000F8BD0320F8BD0120F8BD43F48003E36211
:108E0000E4E700BF004402580700FFFF2DE9F843E4
:108E10000368044613F0006622D0426EB2F5001FCC
:108E200000F0CE8411D8002A00F0F884B2F5801F3B
:108E300040F0F18402210430FFF7F4FE0646002ED4
:108E400040F08684626E236803E0B2F5401F40F074
:108E5000E284A8480026016D21F440110A4302650E
:108E6000DD050AD5626D042A06D8DFE812F0A204F7
:108E700093049A04DF02DF020126354698051BD5CC
:108E8000A26D802A00F05B8400F2EC80002A00F0E2
:108E90008B83402A40F0ED800021201DFFF7C2FEA9
:108EA00023680546002D40F067839249A06D0A6D46
:108EB00022F4E07202430A6559051FD5D4F8A420B4
:108EC000B2F5800F00F0478400F2D680002A00F04F
:108ED0007183B2F5001F40F0D7800021201DFFF7FD
:108EE000A1FE23680546002D40F044838149D4F853
:108EF000A4008A6D22F4600202438A651A051FD518
:108F0000D4F8A820B2F1007F00F02E8400F2BF80D8
:108F1000002A00F05583B2F1807F40F0C08000212C
:108F2000201DFFF77FFE23680546002D40F02A83B1
:108F30007049D4F8A8008A6D22F0E06202438A6585
:108F40009F0118D5A26C202A00F0DA8300F2AA80D3
:108F50003AB1102A40F0A9806649CA6A42F4003248
:108F6000CA62002D40F059836249A06CCA6C22F09D
:108F700030020243CA64D8041DD5E26DB2F5005F29
:108F800000F0FB8300F29480002A00F01F83B2F50A
:108F9000805F40F095800021201DFFF743FE23688D
:108FA0000546002D40F0EC825249E06D0A6D22F436
:108FB000E04202430A6599041AD5226EB2F5003FD9
:108FC00000F074837FD84AB1B2F5803F40F08380CF
:108FD0000121201DFFF726FE23680546002D40F0E5
:108FE0001E834449206E0A6D22F4E02202430A6582
:108FF0005A041BD5D4F8AC20B2F1005F00F06083B6
:109000006CD842B1B2F1805F70D10121201DFFF711
:1090100009FE23680546002D40F003833549D4F846
:10902000AC008A6D22F0E04202438A651F040DD530
:10903000E26EB2F1805F00F03183B2F1005F00F0C8
:109040000182002A00F0048201263546D8015DD550
:10905000626C032A00F20A84DFE812F0540017035E
:109060004E005400C02A3FF41DAFB2F5807F3FF49C
:1090700019AF012635461FE7B2F5C00F3FF433AFF5
:10908000B2F5000F3FF42FAF0126354636E7B2F1B7
:10909000407F3FF44AAFB2F1806F3FF446AF012604
:1090A00035464DE7302A3FF45CAF0126354662E78E
:1090B000B2F5405F3FF475AFB2F5804F3FF471AF4A
:1090C0000126354677E722F48031B1F5802F85D02F
:1090D000B2F5403F82D00126354689E722F0805123
:1090E000B1F1804F97D0B2F1405F94D00126354660
:1090F0009CE700BF004402580221201DFFF792FDAB
:1091000023680546002D00F06B822E46590200F1BF
:10911000F081DF072FD5A26F282A2AD8DFE812F0C6
:10912000D30129002900290029002900290029004C
:109130006D032900290029002900290029002900A0
:10914000CC01290029002900290029002900290033
:10915000D30129002900290029002900290029001C
:10916000D30129002900290029002900290029000C
:10917000D30101263546980716D5626F052A00F2FD
:109180007883DFE812F00D00300306000D000D00BB
:109190000D00012104F12400FFF7BEFD2368054600
:1091A000002D00F025822E46590717D5D4F89020BF
:1091B000052A00F26183DFE812F00D000C030600BF
:1091C0000D000D000D00012104F12400FFF7A4FDA6
:1091D00023680546002D00F013822E469A061DD501
:1091E000D4F88C20B2F1005F00F0458200F2DC8000
:1091F0004AB1B2F1805F40F0E1800021201DFFF70D
:1092000011FD23680546002D40F00582A949D4F8D8
:109210008C004A6D22F0E04202434A655F061DD58C
:10922000D4F89820B2F5006F00F0548200F2C980A3
:109230004AB1B2F5806F40F0CE800021201DFFF7CB
:10924000F1FC23680546002D40F0C8819949D4F807
:1092500098008A6D22F4E05202438A6518061DD5F3
:10926000D4F89C20B2F5804F00F03F8200F2B68027
:109270004AB1B2F5005F40F0BB800021201DFFF72E
:10928000D1FC23680546002D40F0A6818949D4F819
:109290009C008A6D22F4604202438A6519070BD54F
:1092A000D4F88010B1F5805F00F03E828148426DB5
:1092B00022F440520A434265DA060BD5D4F89410E2
:1092C000B1F5807F00F025827A48826D22F44072E9
:1092D0000A4382651F030ED5D4F8A010B1F5803F74
:1092E00000F0D480B1F5003F00F0D780002900F0F5
:1092F000BA810126354658030FD5D4F88420B2F53B
:10930000001F00F0B080B2F5401F00F0B380B2F54E
:10931000801F00F0A08101263546D90309D5E26CF3
:10932000002A00F08681B2F5803F00F02D810126F1
:1093300035469A0000F1D2809F035CD4301E18BFDE
:109340000120DE0206D55B49256F0A6D22F000423E
:109350002A430A65DD0007D55649D4F8B4500A6996
:1093600022F480422A430A61990206D55149A56E2A
:109370000A6D22F080722A430A655A0009D54D4AC7
:10938000116921F4004111611169D4F8B8502943E1
:109390001161002B06DA474A216DD36C23F040534C
:1093A0000B43D364BDE8F88322F08051B1F1804FC4
:1093B0003FF429AFB2F1405F3FF425AF01263546B7
:1093C0002CE722F48061B1F5805F3FF43CAFB2F549
:1093D000406F3FF438AF012635463FE722F4005195
:1093E000B1F5004F3FF44FAFB2F5C04F3FF44BAF74
:1093F0000126354652E7E26FB2F5807F00F0228108
:1094000006D922F48071B1F5007F03D0012098E7DE
:10941000002AFBD1002DF9D1264D301E696D18BFF1
:10942000012021F440710A436A658AE73546002D20
:1094300040F0A4801F49606D0A6D22F007020243CC
:109440000A651BE50121201DFFF7ECFB236805469B
:10945000002D40F0DE801749E06E0A6D22F0405288
:1094600002430A65F2E5012104F12400FFF754FCF0
:1094700023680546002D40F0DA800E49D4F88400B8
:109480004A6D22F4401202434A6546E7022104F184
:109490002400FFF741FC23680546002D40F0C580FD
:1094A0000449D4F8A0008A6D22F4403202438A6550
:1094B00021E700BF00440258012104F12400FFF716
:1094C0002BFC23680546002D40F0AD80AF49A06F0E
:1094D0004A6D22F0380202434A654CE6022104F14B
:1094E0002400FFF719FC236800283FF425AF01266C
:1094F00022E7A74F3B6843F480733B60FBF7AAFA6F
:10950000804606E0FBF7A6FAA0EB0800642800F20C
:109510007E813B68DA05F5D5002D40F0A4819B4A99
:10952000D4F8B030116F594011F4407F0BD0116F57
:10953000106F21F4407140F480301067106F20F4F8
:10954000803010671167B3F5807F00F06E8103F4FF
:109550004072B2F5407F00F07C818C490A6922F4A8
:109560007C520A61894AC3F30B03116F0B431367E3
:109570002368CEE52E46C1E42E469DE42E467DE4CA
:109580002E4618E52E46DBE40221201DFFF74AFB9C
:1095900005462368002D53D17C49E06CCA6C22F447
:1095A00080320243CA64C4E67849CA6A42F400328F
:1095B000CA6277E47549CA6A42F40032CA6292E428
:1095C0007249CA6A42F40032CA62AEE46F49CA6A9A
:1095D00042F40032CA62E4E42E465FE62E463DE6DF
:1095E0006A49606CCA6C22F003020243CA648DE5CA
:1095F0006649606F4A6D22F0070202434A65D3E56F
:109600006249D4F890008A6D22F0070202438A650D
:10961000E4E52E461AE52E4600E62E46ABE42E463D
:10962000E6E42E4602E52E46A5E52E4663E62E46E6
:1096300073E65649CA6A42F40032CA62002DABD0C2
:109640002E4676E65148C16A41F40031C162002DD0
:109650007FF4DCAEE0E64D49CA6A42F40032CA62E9
:10966000002DE4D109E7201DFFF7DCFA0546236849
:10967000002DDAD114E7022104F12400FFF74CFB9E
:1096800005462368002DC6D1C0E54049CA6A42F4A8
:109690000032CA62002D7FF438ADA1E73B49CA6AA7
:1096A00042F40032CA62002DB3D1D4E6012104F1A4
:1096B0002400FFF731FB05462368002DAFD190E46D
:1096C000012104F12400FFF727FB05462368002D44
:1096D000A7D1A3E4022104F12400FFF71DFB0546F6
:1096E0002368002D7FF47AAFB0E5022104F1240055
:1096F000FFF712FB05462368002D7FF46DAFC5E52B
:109700000221201DFFF78EFA05462368002D84D123
:109710002AE4022104F12400FFF7FEFA236800285E
:109720003FF4D8AD0126D5E5022104F12400FFF76E
:10973000F3FA236800283FF4BFAD0126BCE5002101
:1097400004F12400FFF7E8FA23680546FFF7AABBF7
:109750002368FFF785BB002104F12400FFF7DCFA42
:1097600023680546FFF7BFBB002104F12400FFF783
:10977000D3FA23680546FFF7D8BB002104F1240083
:10978000FFF7CAFA236805460BE400BF00440258FD
:10979000004802580021201DFFF744FA23680546BF
:1097A00045E6002104F12400FFF7B6FA23680546D8
:1097B0003DE633493546CA6A42F40032CA6236E6AB
:1097C00002212430FFF7A8FA0646002E3FF43AABF8
:1097D000BEE70121201DFFF725FA05462368002D6D
:1097E0007FF4FBAC0CE70121201DFFF71BFA0546B7
:1097F0002368002D7FF4D7ACFAE60121201DFFF786
:1098000011FA05462368002D7FF40DAF5EE60326AE
:10981000236835467DE40126FFF722BB1848C16A5C
:1098200041F40031C162FFF714BBFBF713F9DFF815
:109830005080074641F2883904E0FBF70BF9C01B62
:109840004845E4D8D8F870309B07F6D5D4F8B03046
:109850007DE60B480B4A016902EA131221F47C51A0
:109860000A4302617EE623682E4652E4012635460D
:109870004CE40126354697E401263546AEE400BFA8
:1098800000440258CFFFFF0008B5FFF77DF9054BF4
:10989000054A1B6AC3F30213D35C03F01F03D840CD
:1098A00008BD00BF00440258E41A0108584B70B4C8
:1098B000996A9D6ADE6A15F47C3FC5F30532DC6B5C
:1098C0005CD0C4F3CC0406F0100601F0030106FBE3
:1098D00004F4012907EE904AB8EEE77A03D0022992
:1098E00075D000294FD007EE902ADFED4A6AF8EED6
:1098F000E77A9B6B86EEA76A9FED475AC3F308038E
:1099000006EE903AF7EE005AF8EEE66AE7EE056AE0
:1099100076EEA56A66EE266A3D4AB7EE006A936B5C
:10992000C3F3462307EE103AB8EEC77A70BC37EEA1
:10993000067AC6EE877AFCEEE77AC0ED007A936B82
:10994000C3F3064307EE103AB8EEC77A37EE067A4D
:10995000C6EE877AFCEEE77AC0ED017A936BC3F32B
:10996000066307EE903AF8EEE77A77EE867A86EEAF
:10997000A77ABCEEC77A80ED027A704770BCC0E966
:109980000022826070471968890627D51C6807EE97
:10999000902A2249F7EE005A9B6BC4F3C102F8EEFD
:1099A000E77A9FED1D5AC3F30803D14006EE903AC3
:1099B00006EE101AF8EEE66AB8EEC66AE7EE056A39
:1099C00086EE277A76EEA56A66EE876AA4E707EE4A
:1099D000902ADFED136AF8EEE77A8AE707EE902A1D
:1099E0009FED105A9B6BB7EE006AF8EEE77ADFED59
:1099F0000A5AC3F30803C5EE276A07EE903AF8EE59
:109A0000E77AE7EE257A77EE867A66EEA76A83E74D
:109A1000004402580024744A000000390090D0032A
:109A20000024744B0024744C584B70B4996A9D6A9E
:109A3000DE6A15F07C7FC5F305525C6C5CD0C4F324
:109A4000CC0406F4807601F0030106FB04F401293E
:109A500007EE904AB8EEE77A03D0022975D00029C4
:109A60004FD007EE902ADFED4A6AF8EEE77A1B6CDA
:109A700086EEA76A9FED475AC3F3080306EE903AB5
:109A8000F7EE005AF8EEE66AE7EE056A76EEA56AAA
:109A900066EE266A3D4AB7EE006A136CC3F34623AE
:109AA00007EE103AB8EEC77A70BC37EE067AC6EE0B
:109AB000877AFCEEE77AC0ED007A136CC3F30643B5
:109AC00007EE103AB8EEC77A37EE067AC6EE877A16
:109AD000FCEEE77AC0ED017A136CC3F3066307EE80
:109AE000903AF8EEE77A77EE867A86EEA77ABCEEC1
:109AF000C77A80ED027A704770BCC0E900228260AC
:109B000070471968890627D51C6807EE902A2249F4
:109B1000F7EE005A1B6CC4F3C102F8EEE77A9FED32
:109B20001D5AC3F30803D14006EE903A06EE101A10
:109B3000F8EEE66AB8EEC66AE7EE056A86EE277AC0
:109B400076EEA56A66EE876AA4E707EE902ADFED57
:109B5000136AF8EEE77A8AE707EE902A9FED105A2B
:109B60001B6CB7EE006AF8EEE77ADFED0A5AC3F332
:109B70000803C5EE276A07EE903AF8EEE77AE7EEBB
:109B8000257A77EE867A66EEA76A83E70044025864
:109B90000024744A000000390090D0030024744B64
:109BA0000024744C584B70B4996A9D6ADE6A15F4AF
:109BB0007C7FC5F305125C6B5CD0C4F3CC0406F06B
:109BC000010601F0030106FB04F4012907EE904AA7
:109BD000B8EEE77A03D0022975D000294FD007EEFE
:109BE000902ADFED4A6AF8EEE77A1B6B86EEA76AE9
:109BF0009FED475AC3F3080306EE903AF7EE005A7A
:109C0000F8EEE66AE7EE056A76EEA56A66EE266A83
:109C10003D4AB7EE006A136BC3F3462307EE103AD2
:109C2000B8EEC77A70BC37EE067AC6EE877AFCEEDD
:109C3000E77AC0ED007A136BC3F3064307EE103AE0
:109C4000B8EEC77A37EE067AC6EE877AFCEEE77A88
:109C5000C0ED017A136BC3F3066307EE903AF8EE9A
:109C6000E77A77EE867A86EEA77ABCEEC77A80ED41
:109C7000027A704770BCC0E90022826070471968A0
:109C8000890627D51C6807EE902A2249F7EE005A6C
:109C90001B6BC4F3C102F8EEE77A9FED1D5AC3F3C4
:109CA0000803D14006EE903A06EE101AF8EEE66A86
:109CB000B8EEC66AE7EE056A86EE277A76EEA56A02
:109CC00066EE876AA4E707EE902ADFED136AF8EEE6
:109CD000E77A8AE707EE902A9FED105A1B6BB7EEE2
:109CE000006AF8EEE77ADFED0A5AC3F30803C5EE1F
:109CF000276A07EE903AF8EEE77AE7EE257A77EEF4
:109D0000867A66EEA76A83E7004402580024744A04
:109D1000000000390090D0030024744B0024744CE0
:109D2000B0F5807F00B585B048D0B0F5007F11D088
:109D3000B0F5806F00F08280B0F5006F52D0B0F5C2
:109D4000805F2CD0B0F5002F00F09680002005B089
:109D50005DF804FB534A136D03F4E073802B59D074
:109D600012D9C02B26D0B3F5807FEFD1D36C13F07E
:109D700040535BD0B3F1805F00F08D80B3F1005FA2
:109D8000494818BF0020E2E7002B3CD0402BDDD132
:109D900001A8FFF78BFD019805B05DF804FB414A6F
:109DA000136D03F4E043B3F5005F33D029D9B3F565
:109DB000405F58D13D4805B05DF804FB394B1B6D41
:109DC00003F00703042BC1D801A252F823F000BF0F
:109DD000079E0008919D0008159E0008B59D00088B
:109DE000239E00082F4A936D03F0E063B3F1007FD8
:109DF00010D01DD9B3F1407FDCD0B3F1806FB5D066
:109E0000A4E7002B34D101A8FFF7CCFE029805B0DF
:109E10005DF804FB01A8FFF707FE019805B05DF8A7
:109E200004FB204BDB6C13F04053A3D120488EE79A
:109E3000002BE8D0B3F1807FAAD087E7194A936D51
:109E400003F46003B3F5800FE4D005D8002BDAD01B
:109E5000B3F5001F9CD079E7B3F5C00FAAD0B3F5D6
:109E6000000F83D072E7B3F5804F3FF47FAF6DE70B
:109E7000B3F5805F8CD069E70A4A936D03F44033F1
:109E8000B3F5803F09D0B3F5003F3FF46FAF002B2F
:109E90007FF45CAF7CE7074859E701A8FFF7C4FDF2
:109EA000039854E7004402580024F4000080BB00EB
:109EB0000090D00300093D0008B5FEF7ABFC064B4F
:109EC00006499B69064AC3F30323CB5C03F01F03D7
:109ED000D840106008BD00BF00440258E41A0108D1
:109EE0003C020024F8B501680546AC4B99421FD0EE
:109EF000203399421CD003F57873994258D020330F
:109F0000994255D003F57873994200F01E812033B1
:109F1000994200F01A8195F89130A14E03F0FF02AA
:109F20006BB9284685F89020F8F7A8FA296806E06A
:109F30009C4E95F8913003F0FF02002BF1D09A4B24
:109F40009A4A1B68A2FB03230A681B0B22F4803287
:109F50009B000A6023B30C68013B14F48034F9D1F0
:109F6000022385F89130EB68012B00F01081022B61
:109F700015BF032023200227222715BF4FF0010C15
:109F80004FF0210C00222022AB68013B042B00F291
:109F90004B81DFE813F0CF001000D6000F00D20095
:109FA000D5F89430012043F04003C5F89430F8BD53
:109FB0007F4EBEE73A464FF400672B6A3260002BB3
:109FC00044D0764B994200F01E817A48081AB0FAC4
:109FD00080F04009002840F01681774B994200F04C
:109FE0000C812033994200F00881744B994200F0B3
:109FF000FE802033994200F0FA80714B994200F0C4
:10A000000881704B994200F00A81AB6900EB800037
:10A01000B3F5002F4FEA400300F0E280AA6A296AF4
:10A02000B2F1806F0CBF0222012201FB02F2120288
:10A03000B3FBF2F3644AA2FB0312D20802EB8201E3
:10A04000A3EB4103092B08BF01326A626B6833F04E
:10A0500002032B6D40F09680012B14BF4FF4007467
:10A060000024FAF70FFD696CB0F5005FD5E9003206
:10A0700042EA0102A96C42EA0102E96C42EA0102E9
:10A08000E96A42EA0102696942EA010272D3A969F6
:10A0900018680A43A96A0A434C49014019602969B2
:10A0A0000A4319680A43696A42EA015248493A4335
:10A0B00022431A605A68286B1140EA690243686BB0
:10A0C0005960024359680A4342495A609A681140EC
:10A0D0006A6E9960E96D98680A43296E0A43696D52
:10A0E00001390A43A96D013942EA012202434FF2C4
:10A0F00020009A60D968AA6E0140D960E96ED868DC
:10A100000A43696F42EA0142296F013942EA01229A
:10A11000224902438B42DA6019D0294A934216D071
:10A1200000230122C5F89430184685F8903085F850
:10A130009120F8BD4FF480673FE702464FF4006777
:10A140003BE762464FF4006737E7234EF1E6736C56
:10A1500023F00103736495F83830012BE0D1D5E981
:10A160000F23013A43EA02137364736C43F0010353
:10A170007364D5E7A96918680A4318490140196052
:10A18000A96A8DE7012B08BF4FF4007469E713201B
:10A1900012274FF0110C1022F6E600BF04580140C0
:10A1A00000540058005801403C0200241BECCB95A1
:10A1B000005C014024580140045C014004600140FF
:10A1C0000454005824540058CDCCCCCC10C005F019
:10A1D000F01FFFFF0080F8FF0060014010C005F88D
:10A1E0002A6A696D01FB02F2B3FBF2F322E74FF436
:10A1F0000070FFF795FD2968FFE64FF40070FFF748
:10A200008FFD2968F1E64FF48070FFF789FD29681A
:10A21000E3E64FF48060FFF783FD2968F1E64FF431
:10A220000060FFF77DFDF0E60027C6E6022938B59D
:10A23000044635D9C81E012830D800202367606441
:10A24000E064E065A0664FF6FF706067606830F01C
:10A2500002000CBF0125002504294FF400312565BB
:10A260000CBF01200D2021664FF48021A06561669E
:10A27000032A13D8DFE802F0474E54362368484AD1
:10A28000934205D002F1C052A2F58232934205D129
:10A290006368012B02D1636C002B2FD0012038BDE5
:10A2A000002023676064E064A066606830F002000C
:10A2B00014BF0120002020654FF48030E0654FF688
:10A2C000FF70606713F00100E8D14D1E012D29D801
:10A2D00060664FF400302066032ADFD8DFE802F022
:10A2E0005546362CE0215B018022A1646365E2665D
:10A2F000FAF7C8FB94F83830012BBFD02046BDE8F0
:10A300003840FFF7EFBD80211B014022A164636547
:10A31000E266EDE780225B01A2646365E266E7E73F
:10A32000C021E0E720664FF480206066032AB5D89C
:10A33000DFE802F02B1C0C025B08E02080219A0170
:10A34000A0645B01E166C4E91523D1E75B08C02284
:10A35000802502294FEA8310A2644FEA4313E56681
:10A360006065A365C4D10823A366C1E75B088022AA
:10A3700002294FEA8310A2644FEA4313E266C4E95C
:10A380001503B5D11023A366B2E75B0880204021F6
:10A390005A01A0641B01E166C4E91523A8E700BFC8
:10A3A0000458014018B338B590F82C3004460D46D7
:10A3B00003F0FF02B3B12146022384F82C3051F898
:10A3C000040B01F0E7FE62682946206801F020FFD7
:10A3D000084A01210020136843F00043136084F809
:10A3E0002C1038BD80F82D20F6F70AFDE3E7012098
:10A3F000704700BF0040005270B590F82C30044602
:10A40000022BD8B204D000F0FB06012E01D00120AF
:10A4100070BD02230D46206884F82C3001F044FF03
:10A420002B68022B03D0002084F82C6070BD05231C
:10A43000002084F82C3070BD38B590F82C300446DC
:10A44000022BD8B205D094F82C30012BDDB201D00C
:10A45000012038BD0223206884F82C3001F038FF39
:10A46000002084F82C5038BD2DE9F8431E46D0F862
:10A470008030202B71D18946002947D0B2FA82F76B
:10A4800014467F09002A41D090F87C300546012B04
:10A4900063D00123C0F8887080F87C302123C0F895
:10A4A0008030FAF7D7FAAB688046A5F85440B3F588
:10A4B000805FA5F8564060D0B5F856309BB2002BAF
:10A4C00059D02C68721C24D1E2691306FCD5B9F16D
:10A4D000000F3DD019F8013BA362B5F85630013B9F
:10A4E0009BB2A5F85630B5F856309BB2002BE9D197
:10A4F000711C35D1E3695A06FCD500232022184689
:10A50000C5F8802085F87C30BDE8F8830120BDE8DF
:10A51000F883E3691806DAD4FAF79CFAA0EB08008E
:10A52000864201D3002ECCD12B68202100240320A9
:10A530001A6822F4D0721A609A6822F001029A60B6
:10A54000C5F8801085F87C40C5F88410BDE8F88314
:10A5500037F8023BC3F30803BEE70220BDE8F883E7
:10A56000E3695B06C9D4FAF775FAA0EB08008642E6
:10A57000DAD3002ED8D02C68BAE72B69002B9BD1F8
:10A580004F46994698E700BFF8B5D0F88070202F65
:10A5900044D1002940D0B2FA82F67609002A3BD095
:10A5A000044690F87C00012838D001252123606FF3
:10A5B000A4F856202165C4F88860A4F8542084F8D3
:10A5C0007C50C4F88030D8B1DFF854C013462268FC
:10A5D000C0F83CC0DFF84CC028320665C0F840C067
:10A5E000DFF844C0C0F84CC0FAF7D4FD40B11023E6
:10A5F000284684F87C60C4F88830C4F88070F8BDC0
:10A600002368002240211046196284F87C209A6851
:10A6100042F080029A60F8BD0120F8BD0220F8BD2A
:10A62000D9A6000809A7000859A70008F8B5D0F86E
:10A630008470202F48D1002944D0B2FA82F67609DE
:10A64000002A3FD090F87C300446012B3CD00125F5
:10A650002223C0F888608165A0F85C2080F87C50D7
:10A66000C0F88430806FE0B1DFF860C013460A465E
:10A670002168C0F83CC0DFF858C024310665C0F836
:10A6800040C0DFF850C0C0F84CC0FAF783FD40B1BD
:10A690001023284684F87C60C4F88830C4F88070A1
:10A6A000F8BD2368002084F87C001A6842F48072A8
:10A6B0001A609A6842F001029A609A6842F0400279
:10A6C0009A60F8BD0120F8BD0220F8BD15A700086A
:10A6D0004DA7000859A7000808B5C369806BB3F5FA
:10A6E000807F0CD003680022A0F856209A6822F0E0
:10A6F00080029A601A6842F040021A6008BDF8F7BA
:10A700000FFE08BD704700BF806B08B5FFF7FAFF6A
:10A7100008BD00BF08B5C369806BB3F5807F12D058
:10A72000036800222021A0F85E201A6822F48072BB
:10A730001A609A6822F001029A609A6822F0400238
:10A740009A60C0F88410F8F7EFFD08BD806B08B57B
:10A75000F8F734FE08BD00BF806B38B50368D0F849
:10A760008040D0F884109A68150601D5212C1DD0A0
:10A770009A68520601D5222908D0D0F8883043F0D3
:10A780001003C0F88830F8F761FE38BD00240F4A86
:10A790002025A0F85E40196821F49071196099682D
:10A7A0000A409A60C0F88450C466E6E7002220247C
:10A7B000A0F856201A6822F0C0021A609A6822F4A3
:10A7C00000029A60C0F88040D2E700BFFEFFFFEFB2
:10A7D0000268D36970B51E0715680446916800F0D9
:10A7E00084806C4805F4907C08405CEA00061DD12A
:10A7F000D80202D54E0200F19D80180606D501F45C
:10A80000000105F08000014340F08C805E0602D517
:10A81000680600F19B80190202D56A0000F1A3804E
:10A82000DB0102D5002DC0F2AA8070BDDE0709D57C
:10A83000EE0507D501261662D4F8886046F00106B9
:10A84000C4F888609E0760D5CE0709D50226166237
:10A85000D4F8886046F00406C4F888605E0758D4CF
:10A860001E070CD505F0200C5CEA000007D008207C
:10A870001062D4F8880040F00800C4F88800D4F8CA
:10A8800088000028D1D09E0606D505F0200501F0ED
:10A89000805155EA01036BD1D4F88850936805F0D4
:10A8A000080503F040031D436ED0116820203A4B89
:10A8B00021F49071116091680B4000219360C4F8FD
:10A8C00084009368E1665D063CD59368A06F23F031
:10A8D00040039360002835D0304B0365FAF77AFDCA
:10A8E0000028A2D0A06F036D0CE09E0680D505F075
:10A8F000200C01F0805E5CEA0E063FF479AFC36E77
:10A90000002B92D0BDE8704018475E07A8D5CE074F
:10A91000A6D504261662D4F8886046F00206C4F86C
:10A9200088609DE7236F002B3FF47FAF2046BDE892
:10A93000704018474FF4801320461362BDE8704002
:10A9400001F068BB2046F8F781FD70BD1368202038
:10A95000002123F040031360C4F8800020462167E3
:10A96000F8F7DEFC70BD2046BDE8704001F056BB34
:10A97000E36E002B90D02046984722688CE7204653
:10A98000BDE8704001F048BB2046F8F75FFDC4F811
:10A99000885070BD01000010FEFFFFEFA1A9000864
:10A9A00008B5806B0023A0F85E30A0F85630F8F7A9
:10A9B0004DFD08BDD0F88020D0F8840010437047CA
:10A9C000F0B58268044687B02368D0E904101D689A
:10A9D0000A43616E0243E06902430A43A8492940E1
:10A9E000A84D0A43E168AB421A605A6822F440520B
:10A9F00042EA0102A1695A6000F09D80226A9D68C6
:10AA00001143A14A666A2A4011439960DA6A22F02A
:10AA10000F023243DA629D4A934224D09C4A934209
:10AA200055D09C4A934200F02F829B4A934200F0FB
:10AA30009B829A4A934200F0E980994A934200F03F
:10AA40009D82984A934200F0D885974A934200F03D
:10AA5000D682012500234FF0011228462367C4E95E
:10AA60001A2307B0F0BD914B5B6D03F03803282B20
:10AA7000EFD88F4AD55CB0F5004F33D0202D00F2CF
:10AA8000D981202D00F2B680DFE815F0A8017B0106
:10AA9000B400B4007201B400B400B4004901B400C1
:10AAA000B400B400B400B400B400B4001C01B4009D
:10AAB000B400B400B400B400B400B400B400B400F6
:10AAC000B400B400B400B400B400B400CA00774BC2
:10AAD0005B6D03F00703052BBBD8764AB0F5004F3A
:10AAE000D55CCBD1202D00F21482202D00F2008203
:10AAF000DFE815F08A035804FE01FE012804FE0178
:10AB0000FE01FE018604FE01FE01FE01FE01FE01C2
:10AB1000FE01FE01F203FE01FE01FE01FE01FE0147
:10AB2000FE01FE01FE01FE01FE01FE01FE01FE012D
:10AB3000FE01FE01B7039868534A02405B480A438E
:10AB40009A60DA6A616A22F00F020A43DA62836D60
:10AB500003F00703052B3FF67CAF574AD65C202E47
:10AB600000F29C81012E7FF674AFB31E1E2B3FF6C0
:10AB700070AF01A252F823F02FB1000853AA0008C9
:10AB8000D9B0000853AA000853AA000853AA000825
:10AB9000A3B1000853AA000853AA000853AA00084A
:10ABA00053AA000853AA000853AA000853AA000891
:10ABB00043B1000853AA000853AA000853AA00088A
:10ABC00053AA000853AA000853AA000853AA000871
:10ABD00053AA000853AA000853AA000853AA000861
:10ABE00053AA000853AA000853AA000853AA000851
:10ABF000B9B1000801250023A3F110014FF6EF724F
:10AC000091423FF626AF2268D36023E7274B5B6D66
:10AC100003F00703052B3FF61CAF284AD55C2AE753
:10AC2000002E00F0B581012E00F09E85022E00F06E
:10AC3000B185032E00F0D885042E00F0F485052E92
:10AC400000F08486062E00F0BE86072E00F0FD86FA
:10AC5000082E00F05087092E00F07B870A2E00F0A6
:10AC6000DC8743F60953164A0B2E18BF1346626859
:10AC7000002503EB5203B3FBF2F39BB2BCE700BF2A
:10AC8000F369FFCF000C0058FFF4FF1100100140E2
:10AC90000044004000480040004C0040005000408C
:10ACA0000014014000780040007C0040004402583D
:10ACB000541B0108801B0108881B0108801B010828
:10ACC00000093D00B34B1A68920640F16F811A6883
:10ACD000B14BC2F3C102D340002EC8D0012E00F008
:10ACE000EF81022E00F0C584032E00F0BF84042EF5
:10ACF00000F02B85052E00F09D86062E00F0DC86E8
:10AD0000072E00F01C86082E00F04E86092E00F05B
:10AD10008E860A2E00F0E3860B2EA8D126E003A82B
:10AD2000FEF782FE626A049B002AA0D0012A00F08E
:10AD3000C781022A00F09D84032A00F09784042A28
:10AD400000F00385052A00F0FD84062A00F07E85C8
:10AD5000072A00F0F485082A00F02686092A00F068
:10AD600066860A2A00F0BB860B2A80D11B0A7EE782
:10AD70006846FEF79BFD626A019B002A3FF477AFAD
:10AD8000D4E7FDF733FF636A03B3012B00F0F384CC
:10AD9000022B00F0CE84032B00F0C884042B00F0BB
:10ADA0001785052B00F01185062B00F00686072B72
:10ADB00000F04886082B00F09B86092B00F0E18606
:10ADC0000A2B00F03B870B2B08BF000A62680025A6
:10ADD00000EB5203B3FBF2F39BB20DE7FDF7EAFE83
:10ADE000636A03B3012B00F0C984022B00F0A7842F
:10ADF000032B00F0A184042B00F0E484052B00F069
:10AE0000DE84062B00F0E685072B00F03686082B43
:10AE100000F08786092B00F0B1860A2B00F0FA8635
:10AE20000B2B08BF000A626800EB5203B3FBF2F37E
:10AE30009BB2E1E6402D7FF40CAE002E00F0DC80EA
:10AE4000012E00F09484022E00F0A784032E00F05F
:10AE5000C784042E00F0EC84052E00F07A85062EBF
:10AE600000F0B485072E00F0FE85082E00F049861C
:10AE7000092E00F08B860A2E00F029870B2E0CBFBE
:10AE800080234FF40043F2E6424B5B6D03F007036F
:10AE9000052B3FF6DEAD414AD55CECE5402E7FF454
:10AEA000D8AD002900F0B580012900F06E84022998
:10AEB00000F08284032900F0AF84042900F03B8570
:10AEC000052900F06985062900F0AD85072900F005
:10AED000EF85082900F03686092900F05B860A29EB
:10AEE00000F0F9860B290CBF80254FF4004592E055
:10AEF00001250023A3F110014FF6EF7291423FF6B6
:10AF0000A8AD23F00F02C3F3420313432268D360BA
:10AF1000A0E5402D7FF49DAD002E00F0D380012EE2
:10AF200000F0D280022E00F06D84032E00F0F48435
:10AF3000042E00F02585052E00F06885062E00F011
:10AF4000C285072E00F01086082E00F04886092ED4
:10AF500000F059860A2E00F0EC860B2E0CBF4FF441
:10AF600080704FF48030AFE00A4B5B6D03F0070355
:10AF7000052B3FF66EAD0A4AD55C7CE5054B5B6D53
:10AF800003F03803282B3FF664AD064AD55C72E522
:10AF9000054B6CE6004402580090D003801B01086A
:10AFA000801B0108541B010800093D00002E00F021
:10AFB000BA83012E00F0FD83022E00F02A84032EB6
:10AFC00000F0B684042E00F0E484052E00F02885FD
:10AFD000062E00F08785072EDAD0082E00F0C483F5
:10AFE000092E00F0D7830A2E00F01D84B44BB54A19
:10AFF0000B2E18BF13463AE64FF4004337E6B24B28
:10B000005B6D03F00703052B3FF623ADAF4AD55C1C
:10B0100031E54FF40045676807EB4703AB423FF665
:10B0200018ADB5EB073F3FF614AD202E00F2F082CD
:10B03000012E7FF60EAD023E1E2E3FF60AAD01A395
:10B0400053F826F081B5000853AA000857B5000848
:10B0500053AA000853AA000853AA0008F5B4000830
:10B0600053AA000853AA000853AA000853AA0008CC
:10B0700053AA000853AA000853AA000889B400087C
:10B0800053AA000853AA000853AA000853AA0008AC
:10B0900053AA000853AA000853AA000853AA00089C
:10B0A00053AA000853AA000853AA000853AA00088C
:10B0B00053AA000853AA000853AA000811B40008B4
:10B0C0005B08D4E54FF480306268002500EB520342
:10B0D000B3FBF2F39BB20DE76846FEF7E7FB636A4A
:10B0E000019D03B3012B00F0CF82022B00F0C78239
:10B0F000032B00F0C182042B00F02F83052B00F0FE
:10B100002983062B00F09883072B00F02684082B58
:10B1100000F04D84092B00F09B840A2B00F0FB8487
:10B120000B2B00F06582002D3FF494AC73E7FEF723
:10B13000ABFB636A0546002BD4D1002D3FF48AACEB
:10B1400069E7614B1A68950640F1A5821B685D4D61
:10B15000C3F3C103DD4000293FF45DAF012900F0D6
:10B160004D83022900F04683032900F0408304291F
:10B1700000F04584052900F08384062900F0D4847A
:10B18000072900F02085082900F04F85092900F0E3
:10B19000F9850A2900F0FD850B297FF43CAF2D0AC3
:10B1A00039E703A8FEF740FC636A049D002B99D1A0
:10B1B000002D3FF44FAC2EE7002900F06A820129F0
:10B1C00000F0DF82022900F0F282032900F02883D8
:10B1D000042900F0AA83052900F0D883062900F08D
:10B1E0002E84072900F06184082900F0AF84092922
:10B1F00000F0EF840A2900F0148543F60955344B1A
:10B200000B2918BF1D4606E7FDF7D4FC636A03B39C
:10B21000012B00F0CA82022B00F0F782032B00F012
:10B220007F83042B00F0B083052B00F0EB83062B0B
:10B2300000F05084072B00F09E84082B00F0B984A6
:10B24000092B00F0E4840A2B00F070850B2B08BF5B
:10B25000000A61684A0802EB4003B3FBF1F39BB2BA
:10B2600048E6002E00F03A82012E00F09A82022E6B
:10B2700000F0C682032E00F04D83042E00F07E8382
:10B28000052E00F0BA83062E00F02184072E00F070
:10B290006F84082E00F08284092E00F0CC840A2EE0
:10B2A00000F06C8547F612230A4A0B2E18BF13468E
:10B2B0006268002503EB5203B3FBF2F39BB219E67D
:10B2C00090D003000090D00300440258801B010876
:10B2D00000093D0000127A00A44B1A68910640F163
:10B2E000FF811A68A24BC2F3C10223FA02F206B32D
:10B2F000012E00F0B182022E00F03783032E00F001
:10B300006F83042E00F0C683052E00F00084062E05
:10B3100000F06F84072E00F07184082E00F0038582
:10B32000092E00F03C850A2E00F036850B2E08BF52
:10B33000120A616800254B0803EB4203B3FBF1F3EB
:10B340009BB2D7E56846FEF7B1FA626A019902B38B
:10B35000012A00F00782022A00F01A82032A00F074
:10B360003A82042A00F06282052A00F0EB82062A63
:10B3700000F01683072A00F07483082A00F0A183E6
:10B38000092A00F001840A2A00F05B840B2A08BF16
:10B39000090A62680025530803EB4103B3FBF2F38B
:10B3A0009BB2A7E5FDF722FC636A03B3012B00F013
:10B3B000FA81022B00F02B82032B00F08382042BF6
:10B3C00000F0DA82052B00F02583062B00F069835C
:10B3D000072B00F0C283082B00F0EE83092B00F04E
:10B3E0007E840A2B00F08D840B2B08BF000A616855
:10B3F00000254A0802EB4003B3FBF1F39BB279E569
:10B4000003A8FEF711FB626A0499002AC1D09FE7E6
:10B41000616A002900F05482012900F01F8302298B
:10B4200000F08B83032900F0BF83042900F000841F
:10B43000052900F0AA84062900F08E84072900F06F
:10B440008784082900F0E584092900F0DE840A29B0
:10B4500000F0A8844748484B0B2918BF1846002124
:10B460007B083A4618184FF0000341F10001F4F749
:10B4700067FFA0F54073414A93423FF6EAAA23686A
:10B480000025D860FFF7E6BA384A116811F02001AC
:10B4900000F0E781136800213548C3F3C103D840A9
:10B4A000636A0BB3012B00F04B83022B00F07F8308
:10B4B000032B00F00584042B00F05D84052B00F0C5
:10B4C0002C84062B00F0A984072B00F0B484082BF1
:10B4D00000F0AD84092B00F094840A2B00F08D84D9
:10B4E0000B2B01D1000A00210902030241EA10617D
:10B4F0007808B6E703A8FEF797FA0498636A002174
:10B5000002460BB3012B00F03582022B00F086823D
:10B51000032B00F0C182042B00F02183052B00F0E7
:10B520004D83062B00F09083072B00F02184082B1D
:10B5300000F00B84092B00F004840A2B00F05284E5
:10B540000B2B01D1100A002162680902030241EAB3
:10B550001061500886E76846FEF7A8F90198636A0B
:10B5600000210246002BEFD0CCE700BF0044025878
:10B570000090D00300093D000000093DFFFC0F00D2
:10B58000FEF782F9626A002103460AB3012A00F03D
:10B590006E82022A00F0B982032A00F02483042A72
:10B5A00000F09383052A00F0A683062A00F0DA83D0
:10B5B000072A00F0D583082A00F01C84092A00F02D
:10B5C00015840A2A00F02F840B2A01D1030A0021D6
:10B5D00062680902180241EA13615308C0184FF06B
:10B5E000000341F10001F4F7ABFEA0F5407342E720
:10B5F0002D0A002D3FF42EAA0DE5B54B5B6D03F02F
:10B600000703052B3FF625AAB24AD55CFFF733BAEC
:10B61000402E7FF41EAA616A002900F04E810129A4
:10B6200000F02782022900F08482032900F0CE82F4
:10B63000042900F05783052900F05983062900F0FA
:10B640006883072900F06083082900F0B78309297F
:10B6500000F0AF830A2900F0C0830B294FF00001EE
:10B660000CBF4FF400404FF40000F9E69A4AA2FBE9
:10B6700003239B08FFF7FBBA974BA3FB0535AD08E7
:10B68000002D3FF4E7A9C6E46D08002D3FF4E2A9C0
:10B69000C1E4924DBFE400295AD0012900F0AC80EA
:10B6A000022900F0DB80032900F06181042900F009
:10B6B000A181052900F0EB81062900F016820729F7
:10B6C000E7D008295DD0092971D00A2900F02D8121
:10B6D000834D844B0B2918BF1D469CE4824BE7E544
:10B6E000002E50D0012E00F0AF80022E00F03B81E2
:10B6F000032E00F07A81042E00F0C781052E00F0A1
:10B70000FD81062E00F04D82072EE7D0082E48D08E
:10B71000092E75D00A2E00F03181744B744A0B2E1D
:10B7200018BF1346C4E56F4BFFF7A1BA6A4BA3FBE2
:10B7300000308008FFF74ABB674BA3FB003080084E
:10B74000FFF771BB6B4AA2FB0323DB08FFF78FBA3D
:10B75000644D60E4674BA3FB0535ED08002D3FF415
:10B7600079A958E4490814E6634BFFF780BA4FF40F
:10B770008043FFF77CBA4008FFF728BB4008FFF77B
:10B7800052BB5D4D47E45A4B92E54FF4804542E48D
:10B790008908FEE5594BFFF76ABA4FF40053FFF7EB
:10B7A00066BA4E4B84E5400821E6400851E5534D0A
:10B7B00031E4534BFFF75BBA4FF400552BE44D4B8C
:10B7C000A3FB0030C008FFF72EBB4A4BA3FB0030A1
:10B7D000C008FFF7FBBA404BA3FB01239908D8E54B
:10B7E00041F25553FFF743BA464BFFF740BA3A4B85
:10B7F000A3FB0535AD080EE4414D0CE46D080AE4E9
:10B800003D4B55E54FF480405EE4800821E580081B
:10B81000EDE53D4BFFF72BBA41F25555FFF7FBBB6A
:10B82000384DFFF7F8BB314BFFF721BAC908B0E537
:10B830004FF48053FFF71BBA0C23B5FBF3F5002D33
:10B840003FF408A9FFF7E7BB264B31E5224AA2FBEC
:10B850000323DB08FFF70BBA52086AE52A4DFFF70E
:10B86000DABB626A002A00F0C280012A00F0798106
:10B87000022A00F0B281032A00F0C381042A00F0FA
:10B880005E82052A00F05982062A00F09E82072A6D
:10B8900000F09982082A00F09D82092A00F0978220
:10B8A0000A2A00F083820B2A184A0E4B0EBF002191
:10B8B0000321134678083A4690E64FF40000CFE59E
:10B8C0001348CDE5044BA3FB002398088FE500BF88
:10B8D00000440258801B0108ABAAAAAA00093D0037
:10B8E00090D003000090D00300127A0020A107003E
:10B8F0000020A107CDCCCCCC80841E0040420F009C
:10B900000048E8012A2C0A000024F400000090D02E
:10B910000000093DCF4BCBE442F6AA20FFF7D4BB91
:10B92000CD4BA3FB0023980893E4CC4DFFF773BBEA
:10B93000CB4BFFF79CB94FF48055FFF76CBB1B094D
:10B94000FFF795B90A23B1FBF3F122E5C54BFFF7E9
:10B950008EB940F6CC43FFF78AB92D09002D3FF48C
:10B9600079A8FFF758BBC04BA2E49208E1E4BC4DB4
:10B97000FFF751BB4008E7E5C00838E5BB4B97E44B
:10B980004FF40050FFF7A0BBC00862E4B54DFFF7CD
:10B9900042BBB74BFFF76BB940F6CC45FFF73BBB5B
:10B9A0000C23B1FBF3F1F4E45B09FFF760B96D0917
:10B9B000002D3FF44FA8FFF72EBBA74BA3FB003091
:10B9C000C008FFF703BAAB4BFFF751B940F6AA2303
:10B9D000FFF74DB9A04BA3FB0030C008FFF723BA17
:10B9E0009D4BA3FB02239A08A3E4A34B60E4A34B63
:10B9F00003215FE79E4DFFF70EBBA14B58E4ED0816
:10BA0000FFF709BB0A23B0FBF3F022E441F69810DC
:10BA1000FFF75ABB0A23B0FBF3F0E8E4800893E594
:10BA2000984BFFF724B940F6AA25FFF7F4BA9B0913
:10BA3000FFF71DB90A22B3FBF2F3FFF718B98D4DDA
:10BA4000FFF7E9BA0009FFF7C1B98F4BFFF70FB94C
:10BA5000AD09002D3EF4FEAFFFF7DDBA8B480021A3
:10BA6000FEE4090995E44FF40063FFF700B94308C9
:10BA7000AEE54FF480000021F2E40009FFF7D3B9EE
:10BA80000A23B5FBF3F5FFF7C6BA814B10E47D4DF1
:10BA9000FFF7C1BAD2084CE406220023F4F750FCA9
:10BAA00052E50C23B0FBF3F0A1E4774DFFF7B3BAF6
:10BAB0004FF40065FFF7AFBA0C22B3FBF2F3FFF7C8
:10BAC000D6B8490965E441F25450FFF7FDBA714B0D
:10BAD000FFF7EEBB0C23B0FBF3F0FFF7BABBDB09BB
:10BAE000FFF7C5B86C4BFFF7C2B86B4DFFF793BAC1
:10BAF0004009FFF76BB9694BFFF7B9B8684BFFF71F
:10BB0000D7BB4FF48063FFF7B2B8830860E50A2320
:10BB1000B2FBF3F20DE4ED09002D3EF49BAFFFF70D
:10BB20007ABA4009FFF77FB90C23B5FBF3F5FFF7AD
:10BB300072BA4FF40010002192E45A4800218FE4B9
:10BB40004008D1E44FF48065FFF765BA534DFFF725
:10BB500062BA4FF22443FFF78AB8000947E4C008ED
:10BB6000F2E4514B1146A5E64FF48050FFF7ACBA12
:10BB70003A4BFFF79DBB0009FFF76BBB8009FFF74E
:10BB800052B98009FFF722B9890902E44FF4007322
:10BB9000FFF76DB84FF40075FFF73DBA3A4BFFF76A
:10BBA00087BB2F4BFFF784BB4048002158E4800837
:10BBB0009AE44009FFF74DBB400918E40A2200232C
:10BBC000F4F7BEFBC0E42D09FFF725BA3848002181
:10BBD00046E44FF22445FFF71EBA364B6AE64FF4AF
:10BBE0000060FFF771BA00230622F4F7A9FB0346B1
:10BBF000EEE40C23B2FBF3F2FFF79BBB1209FFF755
:10BC000098BB2D4B56E64FF48060FFF75DBA800974
:10BC1000FFF71FBBC009FFF706B947F61223FFF76E
:10BC200026B847F61225FFF7F6B96D09FFF7F3B905
:10BC30002248002114E4194BFFF73ABBC009FFF773
:10BC4000C5B8C909FFF7A5BB0C220023F4F778FBA0
:10BC50007AE400BF54581400ABAAAAAA20A1070096
:10BC6000AAC2A200801A06000048E80140420F0064
:10BC700000127A001516050054854501000090D089
:10BC800000350C0000A8610090D003000080841EE5
:10BC90000024F4002A2C0A005561510048E80100F4
:10BCA0000050C3000040420F000048E8002A2C0A60
:10BCB00000551500000024F400AAC2A20020A1072C
:10BCC00006220023F4F73CFB0EE4C30880E44FF4A3
:10BCD0008073FEF7CCBF4FF48075FFF79CB98009E5
:10BCE000FFF785BB4FF480100021FFF7B9BB534825
:10BCF0000021FFF7B5BB00230A22F4F721FB03461E
:10BD000066E4C009FFF773BB4FF400200021FFF782
:10BD1000A7BB4B480021FFF7A3BB0A220023F4F77F
:10BD20000FFBFFF7E1BB5209FFF703BBC009FFF7A9
:10BD300090BA4FF40070FFF7C7B9424BBAE5424BD7
:10BD4000B8E590090021FFF7FFBB4009FFF7FCBBF6
:10BD50003E480021FFF784BB3D480021FFF780BB30
:10BD6000030935E400230C22F4F7EAFA03462FE432
:10BD70000009FFF7E9BBC008FFF7B6BB4FF2244349
:10BD8000FFF796BAAD09FFF746B932480021FFF731
:10BD900067BBED09FFF73FB9D209FFF7CABA9209AD
:10BDA000FFF7C7BA2C480021FFF75ABB2B4B0021E5
:10BDB00080E54FF400300021FFF752BB4FF48020A4
:10BDC0000021FFF74DBB264B74E5264B72E5264B51
:10BDD00000216FE5254B00216CE54FF480300021F8
:10BDE000FFF73EBBD0090021FFF7AEBB830900215E
:10BDF000FFF7EEBB4309FFF7EBBBC0090021FFF7DC
:10BE000073BB80090021FFF76FBB19480021FFF7C2
:10BE100027BB18480021FFF723BB0C220023F4F7AF
:10BE20008FFAFFF761BBC3090021FFF7D1BB4009BF
:10BE30000021FFF759BB0009FFF756BB00CC0C00EF
:10BE400000AA0A000000A8610000127A0090D00346
:10BE50000015160500801A0600127A000020A107BE
:10BE60000000093D005561510040420F0080841ED2
:10BE70000024F4000048E801836ADA0710B406D50C
:10BE80000168C46A4A6822F4003222434A609C076F
:10BE900006D50168046B4A6822F4803222434A6066
:10BEA000590706D50168446B4A6822F48022224370
:10BEB0004A601A0706D50168846B4A6822F400427A
:10BEC00022434A60DC0606D50168C46B8A6822F406
:10BED000805222438A60990606D50168046C8A68FC
:10BEE00022F4005222438A605A060AD50168446C43
:10BEF0004A68B4F5801F22F4801242EA04024A60C4
:10BF00000BD01B0606D50268C16C536823F40023CE
:10BF10000B4353605DF8044B70474A68846C22F40D
:10BF2000C00222434A60ECE7002370B50446C0F823
:10BF30008830F8F78FFD054623681A6811070CD47E
:10BF40001A68520725D420220023C4F880201846FE
:10BF5000C4F8842084F87C3070BDDE6916F40016C5
:10BF6000EED1F8F777FD431BB3F1007F2368F4D3DC
:10BF70001A682021032022F4D0721A609A6822F0F5
:10BF800001029A60C4F8801084F87C60C4F88410C0
:10BF900070BDDE6916F48006D5D1F8F75BFD431B52
:10BFA000B3F1007F2368F4D3E2E700BF80B3D0F899
:10BFB000803010B5044633B3226824232046C4F8E9
:10BFC0008030136823F001031360FEF7F9FC0128A9
:10BFD00017D0A36A8BB9236820465A6822F490428E
:10BFE0005A609A6822F02A029A601A6842F00102A6
:10BFF000BDE810401A60FFF797BF2046FFF73CFFEF
:10C00000E9E7012010BD80F87C30F6F7DDFED3E7CC
:10C0100001207047704700BF704700BF704700BFE6
:10C0200090F87C20012A17D00268034624200021C2
:10C0300030B4C3F8800020251068146820F0005048
:10C0400024F001041460596610600846C3F880505B
:10C0500083F87C1030BC70470220704790F87C2039
:10C06000012A43D002680346242030B4C3F880007C
:10C0700084B014681068EC4604AD20F00100106034
:10C08000906820F0604001431948916003C88CE833
:10C090000300184903C905E90300596E19B39168F3
:10C0A0009068C1F3426C05EB5071AC4411F8100C70
:10C0B00011F8081CC0001CF8085CB0FBF1F01CF87B
:10C0C000101CC900B1FBF5F1A3F868100021A3F81A
:10C0D0006A00202508461460C3F8805083F87C105D
:10C0E00004B030BC704701210846EDE702207047DC
:10C0F000D8180108301A010890F87C20012A43D092
:10C1000002680346242030B4C3F8800084B0146869
:10C110001068EC4604AD20F001001060906820F03B
:10C12000606001431948916003C88CE80300184916
:10C1300003C905E90300596E19B391689068C1F30A
:10C14000426C05EB5071AC4411F8100C11F8081C4E
:10C15000C0001CF8085CB0FBF1F01CF8101CC90012
:10C16000B1FBF5F1A3F868100021A3F86A002025BF
:10C1700008461460C3F8805083F87C1004B030BCCB
:10C18000704701210846EDE702207047D8180108E2
:10C19000301A01080B6810B4D3B90468A3F5004342
:10C1A0004A6823401343D1E9024223431343D1E9B0
:10C1B000044223431343D1E9064223431343D1E905
:10C1C000084223435DF8044B13430360002070478B
:10C1D0000268D1E9074322F4F84222434C6A1A4329
:10C1E0000A4B2243026042681340D1E901422343D3
:10C1F0001343D1E9034223431343D1E905422343C7
:10C200005DF8044B13434360002070470080FFFF3C
:10C2100030B40ABB8368D1E9002403F07043013CC9
:10C22000013A43EA04131343D1E90224013A013CE1
:10C2300043EA022343EA0432D1E904348969013B29
:10C24000013C013942EA034343EA045343EA0163F0
:10C2500030BC8360002070478268CC68114B013C81
:10C2600013404A6943EA0433541E43EA0454D1E9B3
:10C2700000258460C3686C1E013A03F0704343EAF2
:10C2800004130C691A438B68013C8969013B01392D
:10C2900042EA032343EA044343EA016330BCC36038
:10C2A00000207047FF0F0FFF0246D1E9003010B4A5
:10C2B00003431469D1E9021023435DF8044B0139AB
:10C2C00043EA4023002043EA41131361704700BF53
:10C2D0000246054B002010B4546923405DF8044B1E
:10C2E00043EA41015161704701C0FFFF84B08446B9
:10C2F00000B583B00DF1140E8EE80E000A9B012BE1
:10C3000032D1826BA3F14213119922F480320129B8
:10C310008263C26803EA0203C360C36823F4401364
:10C32000C3606DD00023394A009303E0DCF810307D
:10C33000002B34DB009B013393420093F6D903209A
:10C34000089B012B0BD1DCF8083043F00803CCF834
:10C350000830DCF8083043F02003CCF8083003B094
:10C360005DF804EB04B07047C3680021274A43F02E
:10C370004003C360019103E0DCF81030002B2ADB9E
:10C38000019B013393420193F6D903200E9BDBB945
:10C39000DCF8383043F48033CCF83830D0E7002371
:10C3A0001A4A0093DCF8103043F00103CCF8103047
:10C3B00004E0DCF8100010F00100C1D0009B013354
:10C3C00093420093F5D9BAE7DCF8383023F4803390
:10C3D000CCF83830B4E700230C4A0193DCF8103075
:10C3E00043F00103CCF8103004E0DCF8100010F04A
:10C3F0000100CBD0019B013393420193F5D9C4E7EF
:10C40000C36843F48013C3608CE700BF400D030092
:10C41000022A82B0844613D009230193DCF80C3041
:10C42000002023F47053CCF80C30019BDCF80C2076
:10C430009B0203F470531343CCF80C3002B07047E6
:10C44000224B234A0B44934207D9224B224A0B44E6
:10C45000934205D80E230193E0E70F230193DDE714
:10C460001E4B1F4A0B44934207D91E4B1E4A0B44D6
:10C47000934205D20C230193D0E70D230193CDE71E
:10C480001A4B1B4A0B44934202D80B230193C5E776
:10C49000184B194A0B44934202D20A230193BDE779
:10C4A000164B174A0B449342B6D3164B164A0B440D
:10C4B000934202D208230193B0E7144B144A0B4471
:10C4C000934234BF072306230193A7E7405327FF76
:10C4D000FF340C00401E1BFF3F420F0000DC0BFF2F
:10C4E0007F4F1200808CF9FE20D6130060B6E5FE67
:10C4F0005FE3160000D3CEFE40771B00C05BB3FEA7
:10C50000C091210000CA91FE20753800E05459FE08
:10C51000E09C4100034600209A6842F001029A60C4
:10C52000704700BF034600209A6822F001029A601B
:10C53000704700BF08B5C368012923F0C043C3603A
:10C540000BD041B9C36843F08043C3603220F8F791
:10C5500087FA002008BD012008BDC36843F00053DE
:10C56000C360F3E784B02DE9F04782B00BAC0E9DB9
:10C5700084E80E000023159CC0F80431C0F808318F
:10C58000C0F80C31C0F81031C0F81431C0F81831BF
:10C59000C0F81C31C0F82031C0F82431C0F828316F
:10C5A000C0F82C31C0F83031C0F83431C0F838311F
:10C5B000C0F83C31836B002C40F0AC8023F40013B6
:10C5C0008363036843F040030360036843F0800320
:10C5D0000360002300F5006CC0F8003ED0F800387E
:10C5E000C0F80038109B012B00F0A980D0F800386B
:10C5F00043F00303C0F800380023584A00934FF477
:10C600008463036104E0036913F0200300F0868073
:10C61000009B013393420093F5D9012200234F4E32
:10C6200001931023036102E00369DB0605D5019B3A
:10C630000133B3420193F7D901220026CCF81060F0
:10C64000CCF81460CCF81C60E9B100F510634FF031
:10C6500090494FF0006AB6464FF67F3809E0C3F8BC
:10C6600000E00136C3F810E0C3F8088020338E42A2
:10C6700031D01F68002FF2DA16B1C3F80090F0E74E
:10C68000C3F800A0EDE7DCF81030012D23F480732F
:10C69000CCF8103044D0002383616FF080434361B5
:10C6A0001DB9836943F01003836181692C4B0B43EF
:10C6B0001199836119B1836943F008038361012CE7
:10C6C00003D18169274B0B438361104602B0BDE85B
:10C6D000F04704B07047002600F530634FF09049F2
:10C6E0004FF0006AB6464FF67F3809E0C3F800E025
:10C6F0000136C3F810E0C3F8088020338E42C2D060
:10C700001F68002FF2DA16B1C3F80090F0E7C3F803
:10C7100000A0EDE743F4001383635AE71A467DE770
:10C72000114BCCF83030114BDCF830100B430021AA
:10C73000CCF830306FF0804381614361B5E70D9BE9
:10C7400023B9D0F80038C0F8003855E7D0F80038E1
:10C7500043F00103C0F800384EE700BF400D03006E
:10C7600000383C800400004000018000030001000C
:10C77000890182B000230A4A41F02001019301613E
:10C7800003E0036913F0200307D0019B01339342B8
:10C790000193F6D9032002B07047184602B07047E3
:10C7A000400D0300D0F8083882B003F0060301936F
:10C7B000019838B10198022804D0019B062B0CBFC8
:10C7C00002200F2002B0704730B44B780A78012B5A
:10C7D00020D002F00F0C4FF48033D0F81C4800EB4F
:10C7E000421203FA0CF32343C0F81C38D2F8003B82
:10C7F0001B040CD48B68D2F8004BC3F30A03C8782F
:10C800001449234343EA80431943C2F8001B002024
:10C8100030BC704700F5006402F00F0500EB4210D9
:10C82000AB40E5692B43E361D0F800391C04EED43A
:10C830008B68D0F80059C3F30A03CC7805492B4321
:10C8400043EA844343EA8252114330BCC0F80019E2
:10C85000002070470080001010B44A780B78012A3D
:10C860001CD003F00F014FF48032D0F83C4800EBAD
:10C8700043138A40174924EA0204C0F83C48D0F820
:10C880001C4824EA02025DF8044BC0F81C28002072
:10C89000D3F8002B1140C3F8001B704703F00F01C1
:10C8A000D0F83C4800EB43138A400B4924EA0204C9
:10C8B000C0F83C48D0F81C4824EA02025DF8044B5A
:10C8C000C0F81C280020D3F800291140C3F8001933
:10C8D000704700BF0078F3EF007833EC2DE9F041AA
:10C8E0004B7891F800C0012B51D000EB4C1C844CCC
:10C8F000DCF8105B0CF530632C401C61814C1D6929
:10C900002C401C614C6984B38D68012A7E4E2C44F6
:10C9100004F1FF34B4FBF5F406EAC44EA4B205FBFF
:10C9200004F41D694EEA0505C4F312041D611D6976
:10C9300044EA05041C6125D0CB78012B0CD1D0F83A
:10C94000083813F4807FDCF8003B0CBF43F0005341
:10C9500043F08053CCF8003BDCF8003B43F0044349
:10C96000CCF8003B0020BDE8F0818C68012A1D69ED
:10C97000C4F3120444EA05041C611C6944F4002455
:10C980001C61D9D1CA68002AD6D05A61D4E74D6952
:10C99000002D3DD000EB4C14594ED1F808E0D4F8EE
:10C9A0001089584F08EA0606C4F8106905EB0E0610
:10C9B000013EB6FBFEFED4F810693740524EC4F873
:10C9C000107906EACE46D4F810793E43C4F81069CF
:10C9D000C5F31206D4F810793E43C4F8106904F583
:10C9E000106691F803E0BEF1010F57D0012A72D012
:10C9F000D4F800290CF00F0C42F0044203FA0CF3B7
:10CA0000C4F80029D0F834281343C0F83438A9E713
:10CA100000EB4C133B4E3A4C012AD3F8107906EA4E
:10CA20000706C3F81069D3F8106946F40026C3F866
:10CA30001069D3F8106904EA060403F51066C3F818
:10CA4000104991F803E03AD0D3F80049BEF1010F44
:10CA500044F00444C3F8004984D1D0F8083813F4F2
:10CA6000807F33680CBF43F0005343F08053336042
:10CA7000002A7FF477AFADB20335AD083FF472AF53
:10CA8000CB6800EB0C3C03EB85010CF5805C53F8A4
:10CA9000042B8B42CCF80020F9D163E73369012ADB
:10CAA00023F0C0433361336943F00053336117D03F
:10CAB000D4F8003943F00443C4F80039CDE70B69DA
:10CAC00063B9BEF1010F0ED03368002043F0044378
:10CAD0003360BDE8F0810B69002BF5D07361F0E79E
:10CAE0000B69002BFAD1D0F8083813F4807F336833
:10CAF0000CBF43F0005343F080533360E4E700BFC2
:10CB00000000F8FFFFFF07E00000F81FF0B54C78C9
:10CB10000B78012C26D000EB4310574CD0F8105B5B
:10CB200000F530632C401C61544C1D692C401C6185
:10CB30004C69A4B98C681D69C4F31204012A45F438
:10CB400000251D611D6944EA05041C6149D0D0F827
:10CB5000003B43F00443C0F8003B0020F0BD8C686C
:10CB60004C61E8E74C69002C40D000EB4315424F84
:10CB7000D1F808E0D5F810C9404E74450CEA070713
:10CB800005F5106CC5F81079D5F8107906EA070696
:10CB9000C5F8106958D9DCF81040012AC1F814E032
:10CBA00044F40024CCF81040CEF31204DCF81060FA
:10CBB00044EA0604CCF810403AD0D5F8002942F0F7
:10CBC0000442C5F80029BEF1000FC6D003F00F01E2
:10CBD0000123D0F834288B401343C0F834380020A8
:10CBE000F0BDCA68002AB2D05A61B0E700EB43102A
:10CBF000224B012AD0F8104900F5106C03EA040317
:10CC0000CCF81030DCF8103043F40023CCF81030AE
:10CC1000194BDCF8104003EA0403CCF8103007D0BD
:10CC2000D0F8003943F00443C0F800390020F0BDCB
:10CC30000B690BB1CCF81430DCF80030002043F065
:10CC40000443CCF80030F0BDDCF81060C4F31204EB
:10CC5000012A46F40026CCF81060DCF8106044EAA3
:10CC60000604CCF81040E3D0D5F8002942F0044285
:10CC7000C5F80029AAE700BF0000F8FFFFFF07E0A2
:10CC800010B49DF8044064B903339B0809D0013205
:10CC900001EB830300EB023051F8042B8B4202605E
:10CCA000FAD100205DF8044B704700BF03329208B0
:10CCB0000AD000F5805C01EB8200DCF8003041F81E
:10CCC000043B8842F9D17047084670474A780B7890
:10CCD000012A00EB43100CD0D0F8002B0BB1002A36
:10CCE00014DAD0F8003B43F40013C0F8003B0020F6
:10CCF0007047D0F80029002A00DB73B9D0F800395A
:10CD000043F40013C0F8003900207047D0F8003B0E
:10CD100023F08043C0F8003BE3E7D0F8003923F06C
:10CD20008043C0F80039D0F8003943F40013C0F84C
:10CD30000039E9E74A780B78012A00EB431013D059
:10CD4000D0F8003B23F40013C0F8003BCB78023B43
:10CD5000012B01D900207047D0F8003B43F08053ED
:10CD6000C0F8003B00207047D0F8003923F40013CE
:10CD7000C0F80039CB78023B012BEBD8D0F8003952
:10CD800043F08053C0F80039002070470346090182
:10CD90000020D3F8002801F4FE6122F4FE62C3F8FB
:10CDA0000028D3F800281143C3F80018704700BFCB
:10CDB00008B503460320D3F8042822F00202C3F882
:10CDC0000428F7F74DFE002008BD00BF08B5034654
:10CDD0000320D3F8042842F00202C3F80428F7F72E
:10CDE0003FFE002008BD00BF82B043690193826905
:10CDF000019B13400193019802B0704782B0D0F8B4
:10CE000018380193D0F81C28019B13400193019816
:10CE1000000C02B0704700BF82B0D0F81838019300
:10CE2000D0F81C28019B13400193019880B202B0F6
:10CE3000704700BF00EB411182B0D1F8083B01936D
:10CE4000D0F81428019B13400193019802B0704759
:10CE500084B0D0F8103801F00F0C00EB41110293B0
:10CE6000D0F834380393039B029A23FA0CF3DB01C6
:10CE7000DBB213430293D1F80839029A13400193AD
:10CE8000019804B0704700BF406900F0010070478E
:10CE9000D0F8001900F500630A4A0A40C0F80029DA
:10CEA0009A6802F00602042A05D1D0F8002942F05F
:10CEB0000302C0F800295A68002042F480725A60C8
:10CEC000704700BF00F8FFFF144B10B4046C9C4285
:10CED0001AD800F53060002301290361036943F487
:10CEE00000230361036943F018030361036943F0FE
:10CEF000C043036104D14261036843F080230360AF
:10CF000000205DF8044B7047D0F8003B00F530601E
:10CF1000002BE0DA00205DF8044B70470A30544FD4
:10CF2000D0F8002401F00303012900F5806C22F001
:10CF30000302C0F80024D0F8002443EA0203C0F83A
:10CF4000003409D0022901D00020704741F27073EB
:10CF50000020CCF8043070474BF680330020CCF82A
:10CF600004307047D0F8140480B2704700EB4111D0
:10CF7000002382B001F5A0620193D1F8003513F4CB
:10CF8000802FD1F8003543F08043C1F8003522D11D
:10CF9000C36A13F47F0FD1F8003523D123F0004387
:10CFA000C1F80035D1F8003543F00043C1F8003531
:10CFB000D1F8003523F40043C1F8003502E01368CE
:10CFC000002B13DA019B0133B3F57A7F0193F6D975
:10CFD000002002B07047D0F8103413F47F0FD1F85E
:10CFE000003506D043F00043C1F80035002002B000
:10CFF000704723F00043C1F80035D1F8003543F005
:10D000000043C1F80035D1F8003523F40043C1F8DE
:10D01000003502E01368002BE8DA019B0133B3F519
:10D020007A7F0193F6D9002002B0704730B4002413
:10D0300084B04FF48465AA4A00940146836823F0C3
:10D04000010383600394056102E00B69980604D52F
:10D05000039B013393420393F7D900201023A04A86
:10D0600002900B6102E00B69DB0604D5029B0133E1
:10D0700093420293F7D9D1F8003501F5A06201F58A
:10D08000E0600193019B43F080430193019B23F0F7
:10D0900000430193019B23F400430193019BC1F8DA
:10D0A0000035D1F820350193019B43F08043019373
:10D0B000019B23F000430193019B23F40043019360
:10D0C000019BC1F82035D1F840350193019B43F015
:10D0D00080430193019B23F000430193019B23F4C0
:10D0E00000430193019BC1F84035D1F860350193AD
:10D0F000019B43F080430193019B23F00043019384
:10D10000019B23F400430193019BC1F86035D1F8E2
:10D1100080350193019B43F080430193019B23F0F1
:10D1200000430193019B23F400430193019BC1F849
:10D130008035D1F8A0350193019B43F080430193E2
:10D14000019B23F000430193019B23F400430193CF
:10D15000019BC1F8A035D1F8C0350193019B43F084
:10D1600080430193019B23F000430193019B23F42F
:10D1700000430193019BC1F8C035D1F8E03501931C
:10D18000019B43F080430193019B23F000430193F3
:10D19000019B23F400430193019BC1F8E035D1F8D2
:10D1A00000360193019B43F080430193019B23F0E0
:10D1B00000430193019B23F400430193019BC1F8B9
:10D1C0000036D1F820360193019B43F08043019350
:10D1D000019B23F000430193019B23F4004301933F
:10D1E000019BC1F82036D1F840360193019B43F0F2
:10D1F00080430193019B23F000430193019B23F49F
:10D2000000430193019BC1F84036D1F86036019389
:10D21000019B43F080430193019B23F00043019362
:10D22000019B23F400430193019BC1F86036D1F8C0
:10D2300080360193019B43F080430193019B23F0CF
:10D2400000430193019B23F400430193019BC1F828
:10D250008036D1F8A0360193019B43F080430193BF
:10D26000019B23F000430193019B23F400430193AE
:10D27000019BC1F8A036D1F8C0360193019B43F061
:10D2800080430193019B23F000430193019B23F40E
:10D2900000430193019BC1F8C036D1F8E0360193F9
:10D2A000019B43F080430193019B23F000430193D2
:10D2B000019B23F400430193019BC1F8E0361368FE
:10D2C0000193019B43F080430193019B43F0004392
:10D2D0000193019B23F400430193019B136004E03D
:10D2E000400D03001368002B05DA009B0133B3F5F2
:10D2F0007A7F0093F6D920328242E0D14FF0FF339B
:10D300000020C1F814344B618B6843F001038B603B
:10D3100004B030BC704700BFD0F8943283B110B570
:10D32000D0F8904294F80002FF2807D09B6821466D
:10D3300094F801229847FF2384F80032002010BDA2
:10D3400000207047054A0346054912780548012A1E
:10D3500012BF4322652208461A807047A4E60024C3
:10D360000C04002434030024054A034605491278BE
:10D370000548012A12BF4322652208461A807047D9
:10D38000A4E600240C04002478030024054A034684
:10D39000054912780548012A12BF43226522084632
:10D3A0001A807047A4E600240C040024C80300245B
:10D3B00003460A2201481A80704700BFBC030024BC
:10D3C00038B50446D0F89052F7F754F8D4F89032B4
:10D3D000C5F80C024BB1D4F8943205F50371D5F8B9
:10D3E0000402DB689847002038BD022038BD00BF2A
:10D3F00038B5D0F8905205B301EB810E00EB8E0EDC
:10D40000DEF81C3063B1D0F89822C1EBC10C02EBFE
:10D410008C0CDCF84440B3FBF4F204FB123424B16E
:10D4200000231846C5F8143238BD23462246CEF8EC
:10D430001C40F7F703F8204638BD022038BD00BF76
:10D44000F0B591F800C083B000230C461CF06006D4
:10D450000546D0F890728DF80530ADF8063013D03F
:10D46000202E17D1CA88EAB11CF0800F3ED01E468C
:10D47000D0F89432394660789B689847E2883946FC
:10D48000284600F01DFD0AE04B780A2B1FD00B2B1D
:10D4900027D083B121462846022600F0DBFC304627
:10D4A00003B0F0BDD0F89432164648789B68984790
:10D4B000304603B0F0BD90F87432032B20D0022622
:10D4C0002846214600F0C6FC304603B0F0BD90F877
:10D4D0007432032BF3D101220DF1050100F0F0FCB1
:10D4E000DDE790F87432032BD9D0E8E749781E467F
:10D4F00087F8012287F80012394600F0F9FCCEE7E0
:10D5000002220DF1060100F0DBFCC8E738B5044645
:10D5100000258121F6F746FF01212046E562F6F756
:10D5200041FF82212046C4F85851F6F73BFFD4F85A
:10D53000903225644BB1D4F894325B689847D4F8A4
:10D54000900202F02FFEC4F89052002038BD00BFB8
:10D5500038B5037C0446A3BB4FF40073022281213B
:10D560000125F6F70DFF4FF4007329460222E5620C
:10D570002046F6F705FF032208238221C4F85851FC
:10D580002046F6F7FDFE01214FF40770216402F0FA
:10D59000E5FDD4F8943205461B68C4F8900298471C
:10D5A0000023227C0121C5F81432C5F8183282B953
:10D5B0004FF40073D5F804222046F6F74DFF002003
:10D5C00038BD4023022281210125F6F7D9FE4023F0
:10D5D000CBE74023D5F804222046F6F73DFF002094
:10D5E00038BD00BF034619B10020C3F8941270473C
:10D5F0000220704703460020D3F89032C3F8081287
:10D60000C3F81022704700BF03460020D3F89032C1
:10D61000C3F80412704700BFD0F890229AB110B539
:10D62000D2F814420CB1012010BD01238121C2F8AF
:10D630001432D2F81032D2F8082203639BB2F6F704
:10D64000FDFE204610BD0220704700BFD0F890229A
:10D6500010B59AB1047C44B100244023D2F80422CE
:10D660000121F6F7F9FE204610BD4FF40073D2F801
:10D6700004220121F6F7F0FE204610BD02242046C8
:10D6800010BD00BF08B580B1D0F88C3213B10023B3
:10D69000C0F88C3209B1C0F888120123027080F8FA
:10D6A0007432F6F7EDFD002008BD054802F002FFD8
:10D6B000044802F0FFFE0A2002F00EFF022008BD1F
:10D6C0003C1A0108441A010808B521B1034600209C
:10D6D000C3F88C1208BD054802F0ECFE044802F0C5
:10D6E000E9FE0A2002F0F8FE022008BD3C1A0108FB
:10D6F0005C1A010808B5F6F735FE002008BD00BF2A
:10D7000008B5D0F88C321BB11B68984700B908BD2A
:10D71000022008BD08B5D0F88C325B68984700201D
:10D7200008BD00BF38B500F520750446284600F056
:10D730007DFB0122B4F8863294F88012C4E99B2361
:10D7400001F01F03934209D0022B13D063B101F003
:10D7500080012046F6F734FE002038BD29462046D9
:10D7600000F092FA002038BD2946204600F00AF960
:10D77000002038BD2946204600F0BAFA002038BD06
:10D7800038B5054669B91346D0F86C22032A15D07E
:10D79000052A0C460ED1C5F86C12F6F711FE20468C
:10D7A00038BDD0F88C329B6933B190F87422032ACB
:10D7B00002D19847002038BD022038BDD0E953126D
:10D7C00091420CD9891A8A42C0F84C1188BF8AB29A
:10D7D000194698BF92B200F099FB002038BDD0F8EE
:10D7E0008C321B691BB190F87422032A04D028469E
:10D7F00000F096FB002038BD9847F8E770B5044666
:10D8000061B9D0F86C32022B15D033F0040337D055
:10D8100094F87832012B2ED0002070BDD0F88C32D5
:10D820005B6933B190F87422032A02D19847002033
:10D8300070BD022070BDD0E908630D469E4223D81A
:10D84000C669B6FBF3F203FB12620AB9B34228D9E8
:10D85000D4F88C32DB681BB194F87422032A30D0E0
:10D8600080212046F6F7ACFD204600F065FB94F8D9
:10D870007832012BD0D10023184684F8783270BD5D
:10D880008021F6F79DFDC3E7F31A114603629AB2B1
:10D8900000F024FB2B462A4629462046F6F7DCFDFD
:10D8A000B6E7D0F870329E42D2D20A4600F016FB9C
:10D8B0002B462A4629462046C4F87052F6F7CCFD7E
:10D8C000A6E720469847CBE770B5002240260446DD
:10D8D000012511463346F6F753FD334680210022D9
:10D8E0002046C4F84451C4F85061F6F749FD0021C0
:10D8F000D4F89032A561666284F87452C4F86C1250
:10D900006160C4F87C1223B1D4F88C3220465B6885
:10D910009847002070BD00BF03460020197470476F
:10D9200003460421002093F8742283F8741283F8CC
:10D93000752270470346002093F8752283F87422FD
:10D94000704700BF90F87422032A01D0002070476E
:10D9500008B5D0F88C32DB6903B19847002008BDC8
:10D96000002070470020704700207047D0F88C22BC
:10D97000012108B580F87412017953689847002096
:10D9800008BD00BF30B50B7883B00D46044603F0E8
:10D990006003202B0DD0402B0BD09BB18021204663
:10D9A000F6F70EFD00212046F6F70AFD002003B031
:10D9B00030BDD4F88C32294620469B689847002019
:10D9C00003B030BD4B78092BE8D801A252F823F000
:10D9D0002BDA000857DA00089DD9000875DA00082C
:10D9E0009DD900087DDA0008B5DA00089DD9000845
:10D9F000E5DA0008F9D900088978A24D01292970D3
:10DA0000CCD890F87432022B00F01281032B00F076
:10DA100000818021F6F7D4FC00212046F6F7D0FCE7
:10DA200029782046FFF776FEC0E790F87432013B74
:10DA3000022BB3D8CB88022BB0D10122D0F87C3294
:10DA4000C2600BB10323C360022204F10C01204623
:10DA500000F036FAAAE790F87432013B022B9DD809
:10DA60004B88012BA2D100232046C4F87C3200F061
:10DA700057FA9BE74B88012B98D1F5E78B88002B51
:10DA80008CD1CB88002B89D14D887F2D86D890F8FA
:10DA90007432032B82D0E9B280F87612F6F7C0FC1C
:10DAA000204600F03DFA002D00F0E080022384F8CB
:10DAB00074327BE74A88130A013B062B3FF66EAFB0
:10DAC00001A151F823F000BF79DB000861DB0008F9
:10DAD0004FDB00089DD900089DD9000839DB0008FC
:10DAE0000BDB0008CA88012A7FF458AF90F8743223
:10DAF000022B00F28780002B3FF450AF0146002339
:10DB000041F8083F00F0DCF950E7037C002B7FF47C
:10DB100045AFD0F88C320DF106001B6B98470723F8
:10DB20004370BDF80620002A67D0EB88002B5BD13C
:10DB3000204600F0F5F939E7037C002B7FF42EAF87
:10DB4000D0F88C320DF106005B6B9847E9E7D1B253
:10DB5000052900F28F80DFE801F0271F17372F3FDC
:10DB6000037C002B72D1D0F88C320DF106009B6A39
:10DB7000984702234370D4E7D0F888320DF10601AC
:10DB8000007C1B689847CCE7D0F888320DF106017D
:10DB9000007CDB689847C4E7D0F888320DF10601B5
:10DBA000007C9B689847BCE7D0F888320DF10601ED
:10DBB000007C5B689847B4E7D0F888320DF1060125
:10DBC000007C5B699847ACE7D0F888320DF106011C
:10DBD000007C1B699847A4E7D0F888320DF1060154
:10DBE000007C9B6998479CE79A420146204628BFE3
:10DBF0001A46ADF8062000F063F9EB88002B7FF49D
:10DC0000D5AE95E7032B7FF4C9AE011D00F058F99E
:10DC1000CCE621B3416801298AD0C9B2FFF77AFD69
:10DC2000297820466160FFF76BFD022880D1B5E6B8
:10DC300000293FF47DAF01210323416080F8743255
:10DC4000FFF75EFD02287FF473AFA7E6D0F88C32B1
:10DC50000DF10600DB6A98470223437061E7022357
:10DC6000416080F87432FFF755FD61E7012384F8C5
:10DC700074329BE6D0F88C320DF106029B6B98470C
:10DC80004FE700BF882B012438B50B780D460446BA
:10DC900003F06002402A0AD05B0608D58021F6F71F
:10DCA0008FFB00212046F6F78BFB002038BD94F84F
:10DCB0007432013B022B11D82B79012B0ED8D4F8EA
:10DCC0008C32294620469B689847EB88002BECD184
:10DCD0000028EAD1204600F023F9E6E7802120461B
:10DCE000F6F76EFB00212046F6F76AFB002038BDF0
:10DCF00038B50B78044603F06003202B0CD0402B82
:10DD00000AD083B180212046F6F75AFB0021204635
:10DD1000F6F756FB002038BDD4F88C3220469B68BD
:10DD20009847002038BD4B788A88012B5FFA82FC27
:10DD300037D0032B23D0002BE4D190F87432022B80
:10DD40004AD0032BDED10CF00F03120603EB830342
:10DD500000EB830351D4D3F84431002BD2D00CF024
:10DD60007F03142505FB030505F5A075002B4FD196
:10DD70002B6002222946204600F0A2F8CAE790F85C
:10DD80007432022B1DD0032BBCD14B882BB91CF055
:10DD90007F0F02D0CB88002B43D0204600F0C0F884
:10DDA000B8E790F87432022B0BD0032BAAD14B8822
:10DDB000002BAFD11CF07F0FEFD06146F6F70EFBC2
:10DDC000EBE71CF07F0F9DD06146F6F7F9FA802152
:10DDD0002046F6F7F5FA9DE71CF07F0F92D1110669
:10DDE0004FF000034FF002024CBF00F1140100F5A8
:10DDF000A0710B6000F064F88CE79B69002B81D068
:10DE00000CF07F035D1C05EB850500EB8505ADE798
:10DE100061462046F6F7F0FA08B10123A8E728602A
:10DE2000A7E76146F6F7CCFAB7E700BF0B780370B7
:10DE30004B784370CA788B7803EB022343804A798E
:10DE40000B7903EB02238380CA798B7903EB0223DE
:10DE5000C380704710B504468021F6F7B1FA00215F
:10DE60002046BDE81040F6F7ABBA00BF18B3037800
:10DE700030B40BB30446C0F1010C04EB0C0314F8EE
:10DE8000015FDBB2002DF8D101335B00DCB21380FF
:10DE900003230C704B7004785CB1022300255A1CDC
:10DEA000CC540233D2B2DBB28D5410F8014F002CA7
:10DEB000F5D130BC7047704702242346E7E700BF26
:10DEC00010B5134602240A460021C0F86C42C0E98E
:10DED0000733F6F7B3FA002010BD00BF8C460021CF
:10DEE00008B513466246F6F7A9FA002008BD00BF40
:10DEF00010B5134603240A460021C0F86C42C0E95D
:10DF00005233F6F7A9FA002010BD00BF8C4600215D
:10DF100008B513466246F6F79FFA002008BD00BF19
:10DF200008B504210023C0F86C121A461946F6F70A
:10DF300085FA002008BD00BF08B505210023C0F800
:10DF40006C121A461946F6F787FA002008BD00BF82
:10DF5000D0F8C4230132C0F8C42302780B2A00D0C1
:10DF60007047D0F87C33002BFAD09B69184700BF6C
:10DF7000012380F823337047002380F82333704750
:10DF8000034600220121104683F8201383F8212341
:10DF900083F82223704700BF38B5012300250446CB
:10DFA00080F8213380F8235380F82053F6F728FCBB
:10DFB0002179204600F006F86179204600F002F849
:10DFC000284638BD0A2907D800EB8100D0F88433F1
:10DFD000C3F30E03C0F88433002070470C4A82B0AC
:10DFE0000C4BD2F8DC1041F04001C2F8DC10D2F842
:10DFF000DC2002F040020192019A1A6822F020020D
:10E000001A601A6842F004021A6002B0704700BF3A
:10E01000004402580018024870B5002304464FF42B
:10E02000806204214FF440353448C4F83821C4F8E4
:10E03000D410C4F83431C4F84C113149C4F8B000DC
:10E04000C4F82811C4E92F32C4E93133C4E93335A7
:10E05000C4E93733C4E94F33C4E95135C4E9553312
:10E06000A2680323C4F8D830C4F85031042A0AD86F
:10E07000DFE802F01F262D34030055225623C4F892
:10E08000B420C4F82C310022402304F1B005C4F8B8
:10E09000B8202846C4F83031F6F7BEFE08B1FFBEFE
:10E0A000FEE704F594763046F6F7B6FEE8B1FFBE1B
:10E0B000FEE725222623C4F8B420C4F82C31E2E779
:10E0C00027222823C4F8B420C4F82C31DBE73D22F2
:10E0D0003E23C4F8B420C4F82C31D4E7532254238F
:10E0E000C4F8B420C4F82C31CDE704F12803C4E906
:10E0F0002865C4F8E830C4F8603170BD40040240BF
:10E10000580402402DE9F04F814683B00E46174671
:10E110001D4600F12804204601F090FD01288246AA
:10E12000F9D14846FFF778FF8046002835D1EFF354
:10E130001083019372B6DFF888B00C9B99F9082020
:10E14000DFF880A0DFF88090CBF800300D9B89F8D5
:10E150000020CAF800300DB11846A847BAB23146BF
:10E16000204601F0E1F830B9019B03B962B64046A0
:10E1700003B0BDE8F08F0023CBF80030CAF80030C0
:10E18000FF2389F800300C9B8BB101210D98884644
:10E190009847019B002BEAD1E8E70C9B53B1D0468E
:10E1A0000D9851469847404603B0BDE8F08F4FF0B8
:10E1B0000108D9E7D046404603B0BDE8F08F00BF64
:10E1C000AC350124B4350124B03501242DE9F04FDC
:10E1D000814683B00E4617461D4600F128042046AE
:10E1E00001F02CFD01288246F9D14846FFF714FFC3
:10E1F0008046002835D1EFF31083019372B6DFF823
:10E2000088B00C9B99F90820DFF880A0DFF8809097
:10E21000CBF800300D9B89F80020CAF800300DB112
:10E220001846A847BAB23146204601F041FA30B943
:10E23000019B03B962B6404603B0BDE8F08F0023EE
:10E24000CBF80030CAF80030FF2389F800300C9B6F
:10E250008BB101210D9888469847019B002BEAD18C
:10E26000E8E70C9B53B1D0460D985146984740467D
:10E2700003B0BDE8F08F4FF00108D9E7D046404623
:10E2800003B0BDE8F08F00BFAC350124B4350124E4
:10E29000B03501242DE9F04F814683B00F46164674
:10E2A000984600F12804204601F0C8FC0128FAD164
:10E2B00082464846FFF7B0FE0546002838D1EFF306
:10E2C0001083019372B699F90830DFF88890DFF86F
:10E2D00088B089F800300D9BDFF880A0CBF80030C3
:10E2E0000E9BCAF800300C9B0BB10E9898471FFA92
:10E2F00088F33A463146204601F0CEF830B9019B0A
:10E3000003B962B6284603B0BDE8F08F0023CBF80E
:10E310000030CAF80030FF2389F800300D9B8BB124
:10E3200001210E980D469847019B002BEAD1E8E7A2
:10E330000D9B4BB155460E9851469847284603B061
:10E34000BDE8F08F0125DAE75546284603B0BDE861
:10E35000F08F00BFB0350124AC350124B435012461
:10E360002DE9F043002387B0022204460569049397
:10E37000CDE90223D0E902128E00FAB1022D7AD043
:10E380002178B5FA85F54FF00108276A0B294FEA85
:10E39000551521D1A2780B2A02D0B8F1000F38D13F
:10E3A00023790B2B01D0002D6CD1A37917B10B2B46
:10E3B00040F09980002007B0BDE8F08335F00203FB
:10E3C0002178276A0CBF4FF001084FF00008023D8A
:10E3D00018BF01250B29DDD07D4B94F801C053F8FF
:10E3E000262010780B2802D0884200F0AD80D37828
:10E3F000D01C994202D10B2B40F0BD809379901D27
:10E400008B4202D10B2B40F0BC80012007B0BDE84D
:10E41000F083711C6E4BE07853F8213019780B298A
:10E4200002D08A4200F0B580D97803F1030C0B29A1
:10E4300002D08A4200F0BB80997903F1060C0B29C7
:10E44000E3D08A42E1D1DB798342DED1634604F135
:10E4500002099B7848460593F6F7E0F9804648465E
:10E46000F6F7E4F901A901904046F7F79FFB2379FD
:10E470000B2B98D199E70178076A0B2940F0868029
:10E4800001258DE7B11C524A607952F8212011789C
:10E490000B2902D08B4200F08180D178D51C0B294A
:10E4A00002D08B4200F08D809179951D8B42ACD1CA
:10E4B0000B29AAD0D3798342A7D12A46251D937868
:10E4C00028460593F6F7AAF9034628461D46F6F7AF
:10E4D000ADF901A901902846F7F768FBA379002F51
:10E4E0007FF465AF66E7F11C394AE07952F82120E4
:10E4F00011780B2901D08B425FD0D178D51C0B2924
:10E5000001D08B424FD09179951D8B427FF47DAF26
:10E510000B293FF47AAFD37983427FF476AF2A4652
:10E52000A51D937828460593F6F778F90446284602
:10E53000F6F77CF9034601A920460193F7F736FB6D
:10E54000002007B0BDE8F083537863457FF44FAFF8
:10E55000937820460593F6F761F981462046F6F751
:10E5600065F901A901904846F7F720FBA2780B2A2C
:10E570007FF413AF14E7137963457FF43FAF02468E
:10E58000E6E7D37963457FF440AFF8E79846012585
:10E5900022E7597881427FF447AF58E751788142AA
:10E5A0007FF47BAF8AE711798142ACD1B7E7197963
:10E5B00081427FF441AF634649E7517881429CD163
:10E5C000AEE7117981427FF46FAF2A4676E700BF4C
:10E5D000941B0108654A0368934200F0B980A2F5D4
:10E5E0007842934200F0B68002F58062934200F0D8
:10E5F000B38002F57842934200F0B08002F5E05219
:10E60000934200F0AD805A4A934240F0AB8005231C
:10E610004FF4D071574A01FB03F310B5D418D05C06
:10E6200086B0F6F70BF9A078F6F708F92079F6F737
:10E6300005F9A079F6F702F9A368052B11D8DFE8F0
:10E6400003F0192F455B71034B4BD3F8F42042F0D4
:10E650002002C3F8F420D3F8F43003F0200305932C
:10E66000059B2046FFF77CFE012801D006B010BDB7
:10E67000FFBEFEE7404B00222320D3F8F01041F408
:10E680008051C3F8F0101146D3F8F03003F48053F2
:10E690000093009BF6F70EFA2320F6F749FAE0E71D
:10E6A000354B00222420D3F8E81041F48041C3F810
:10E6B000E8101146D3F8E83003F480430193019B3E
:10E6C000F6F7F8F92420F6F733FACAE72A4B0022C6
:10E6D0003320D3F8E81041F40041C3F8E8101146A4
:10E6E000D3F8E83003F400430293029BF6F7E2F913
:10E6F0003320F6F71DFAB4E71F4B00225420D3F85D
:10E70000F01041F40051C3F8F0101146D3F8F03086
:10E7100003F400530393039BF6F7CCF95420F6F768
:10E7200007FA9EE7144B00225520D3F8F01041F46D
:10E730008011C3F8F0101146D3F8F03003F48013C1
:10E740000493049BF6F7B6F95520F6F7F1F988E73C
:10E7500000235DE701235BE7022359E7032357E723
:10E76000042355E700231B78FFDE00BF0030014083
:10E77000001400588C2B0124004402582DE9F0436A
:10E78000002289B01B4B01210DF1040C9E461A4B4F
:10E790000791E146E04667460EF11C060EF138058A
:10E7A0000EF15404CDE90122CDE90322CDE9052281
:10E7B000FF221A70BCE80F00AEE80F009CE80700CB
:10E7C0008EE80700B9E80F000FC69CE8070086E84E
:10E7D0000700B8E80F000FC59CE8070085E80700B0
:10E7E0000FCF0FC49CE8070084E8070009B0BDE81C
:10E7F000F08300BF34050024B0350124014801F046
:10E80000F1B800BFB42B0124014801F0EBB800BF00
:10E81000542D0124014801F0E5B800BFF42E012475
:10E82000014801F0DFB800BF94300124014801F035
:10E83000D9B800BF3432012410B5EFF3108472B69A
:10E84000084B1A78120602D504B962B610BD1B78BF
:10E850004FF4D07204485BB202FB0300B030F6F70D
:10E8600053FEF1E7B03501248C2B012410B5EFF3F2
:10E87000108472B6094B1A78120602D504B962B632
:10E8800010BD1B784FF4D07205485BB202FB030049
:10E8900000F59470F6F738FEF0E700BFB0350124BC
:10E8A0008C2B01242DE9F04184B0EFF3108772B670
:10E8B000284AFF21284C1368217023B100211160E0
:10E8C000264A1068984723781B061CD5DFF89480E9
:10E8D0000025234E4446216879B162686AB1A36974
:10E8E000012B22D0A3B963693046019323690093B9
:10E8F000E3682289FFF76AFC18B301351C3406F57A
:10E90000D076042DE7D107B962B604B0BDE8F08136
:10E91000D4E90430CDE90130E06823890090304625
:10E92000FFF7B8FC0028E8D10BE0D4E90430114629
:10E93000CDE900303046E3682289FFF7E3FB002889
:10E94000DBD1C5EBC50508EB850348F82500586009
:10E95000D9E700BFAC350124B0350124B43501241A
:10E960008C2B0124340500242DE9F04184B0EFF311
:10E97000108772B6284AFF21284C1368217023B1F2
:10E9800000211160264A1068984723781B061CD581
:10E99000DFF894800025234E4446216879B16268EF
:10E9A0006AB1A369012B22D0A3B9636930460193F0
:10E9B00023690093E3682289FFF708FC18B3013547
:10E9C0001C3406F5D076042DE7D107B962B604B041
:10E9D000BDE8F081D4E90430CDE90130E068238955
:10E9E00000903046FFF756FC0028E8D10BE0D4E950
:10E9F00004301146CDE900303046E3682289FFF744
:10EA000081FB0028DBD1C5EBC50508EB850348F881
:10EA100025005860D9E700BFAC350124B03501248A
:10EA2000B43501248C2B0124340500242DE9F04158
:10EA300084B0EFF3108772B6284AFF21284C136880
:10EA4000217023B100211160264A1068984723786D
:10EA50001B061CD5DFF894800025234E4446216810
:10EA600079B162686AB1A369012B22D0A3B9636945
:10EA70003046019323690093E3682289FFF7A6FBE0
:10EA800018B301351C3406F5D076042DE7D107B94B
:10EA900062B604B0BDE8F081D4E90430CDE90130BC
:10EAA000E068238900903046FFF7F4FB0028E8D1A6
:10EAB0000BE0D4E904301146CDE900303046E3687C
:10EAC0002289FFF71FFB0028DBD1C5EBC50508EB4A
:10EAD000850348F825005860D9E700BFAC3501240C
:10EAE000B0350124B43501248C2B012434050024D5
:10EAF0002DE9F04184B0EFF3108772B600F066FBA9
:10EB0000284A294CFF21136821702BB10021116084
:10EB10000121264A1068984723781B061CD5DFF888
:10EB200094800025224E4446216879B162686AB11A
:10EB3000A369012B22D0A3B96369304601932369ED
:10EB40000093E3682289FFF741FB18B301351C34B9
:10EB500006F5D076042DE7D107B962B604B0BDE85A
:10EB6000F081D4E90430CDE90130E06823890090D8
:10EB70003046FFF78FFB0028E8D10BE0D4E90430E2
:10EB80001146CDE900303046E3682289FFF7BAFA32
:10EB90000028DBD1C5EBC50508EB850348F8250047
:10EBA0005860D9E7AC350124B0350124B4350124CF
:10EBB0008C2B01243405002430B4544B002108224E
:10EBC0000220534CD9615862C3F8BC11C3F8C40188
:10EBD000C3F85C13C3F86403C3F8F424C3F8F8144F
:10EBE000C3F8FC14C3F80405C3F89426C3F89816B8
:10EBF000C3F89C16C3F8A406C3F83428C3F8381821
:10EC0000C3F83C18C3F84408424D4348C3E9052102
:10EC1000C3E96D21C3E9D5212288A3783F49EA8061
:10EC2000CA800B723E492B72CA800B722168A0F811
:10EC300003204371C28003723A4C3B48E280237246
:10EC4000A0F80320394C4371C28003723848E28037
:10EC50002372A0F80320374C4371C2800372080C62
:10EC60002180A070A4F803206371E2802372324CEB
:10EC7000324D2180A070A4F803206371E2802372DA
:10EC80002F4CEA8021802B72A070A4F803206371BE
:10EC9000E28023722B4C2180A070A4F803206371C2
:10ECA000E2802372284C2180A070A4F803206371B5
:10ECB000E2802372254C2180A070A4F803206371A8
:10ECC000E2802372224C2180A070A4F8032063719B
:10ECD000E28023721F4C21801F49A070A4F80320FA
:10ECE0001E486371E2802372A1F803201C4C4B7113
:10ECF000CA800B721B49E2802372C2800372A1F8A2
:10ED000003204B71CA800B7230BC70478C2B0124DE
:10ED1000901B0108BC040024E0040024B00400247B
:10ED200074040024C804002404050024EC04002416
:10ED30008C0400247C35012464350124F80400246B
:10ED4000703501244C350124A03501248835012477
:10ED50009435012458350124280500241C0500247D
:10ED60001005002498040024714A036811698B423D
:10ED700000B587B04BD0916E8B4200F0B680D2F8D0
:10ED8000C0108B4200F0B380D2F818118B4200F013
:10ED9000B080B3F1804F1ED0664A93420DD0664AD0
:10EDA000934200F0A880654A934200F0B280644A22
:10EDB00093421ED007B05DF804FB624BD3F8E82005
:10EDC00042F00202C3F8E820D3F8E83003F002036F
:10EDD0000293029BEEE75B4BD3F8E82042F001027E
:10EDE000C3F8E820D3F8E83003F001030193019B56
:10EDF000E0E7544BD3F8E82042F01002C3F8E820D3
:10EE0000D3F8E83003F010030593059BD2E7002008
:10EE10005821B3F1804F01FB0022127B1ED04549DF
:10EE20008B4235D044498B4248D044498B42BED1B5
:10EE3000444BD3F8E81041F00801C3F8E810D3F8C8
:10EE4000E83003F008030493049B002AB2D0322078
:10EE500000220F21F5F72EFE322014E0394BD3F8B3
:10EE6000E81041F00101C3F8E810D3F8E83003F0EE
:10EE700001030193019B002A9CD01C2000220F213A
:10EE8000F5F718FE1C2007B05DF804EBF5F750BE4F
:10EE90002C4BD3F8E81041F00201C3F8E810D3F886
:10EEA000E83003F002030293029B002A82D01D2067
:10EEB00000220F21F5F7FEFD1D20E4E7214BD3F8DA
:10EEC000E81041F00401C3F8E810D3F8E83003F08B
:10EED00004030393039B002A3FF46CAF1E2000221F
:10EEE0000F21F5F7E7FD1E20CDE7012090E7022076
:10EEF0008EE703208CE7134BD3F8E82042F004029E
:10EF0000C3F8E820D3F8E83003F004030393039B2D
:10EF100050E70C4BD3F8E82042F00802C3F8E82091
:10EF2000D3F8E83003F008030493049B42E700BFE2
:10EF3000B83501240004004000080040000C0040E7
:10EF400000100040004402580F4B026819698A42C1
:10EF50000BD0996E8A4211D0D3F8C0108A420FD0DC
:10EF6000D3F818118A420DD070470021582202FBB5
:10EF700001331A6D002AF7D0586D10470121F5E7CB
:10EF80000221F3E70321F1E7B8350124014800F03D
:10EF9000EFBF00BFC8350124014800F0E9BF00BF42
:10EFA00020360124014800F0E3BF00BF7836012479
:10EFB000014800F0DDBF00BFD0360124F0B54FF0AE
:10EFC000580C0F682E4D8DB00CFB07FC032F05EB82
:10EFD0000C06066047DC0B460868344649689A68A8
:10EFE00007C41B7B237004AC7268264B002A4FF0C9
:10EFF0000002726118BF1022B2610FCB84E80F00CB
:10F000000CAB03EB870353F8203CB3F1804F336123
:10F0100024D01D4A934221D030890CF1100458238A
:10F020000021802203FB07532C44C3E907019A62A5
:10F03000204600F007FE034600B1FEE74FF4805281
:10F0400008A92046099301930892CDE90A33CDE936
:10F05000023300F0C7FE034640B1FEE7582303FB2E
:10F0600007539868D9E701200DB0F0BD01A92046EB
:10F070000193039301F034F80028F5D0FEE700BFB8
:10F08000B8350124E0180108000C0040006808B5FC
:10F09000037B10302BB100F08FFE003818BF012029
:10F0A00008BD00F06FFE003818BF012008BD00BF8A
:10F0B0000C4B00224FF0FF311A739960196683F8E8
:10F0C0006420C3F8B81083F8BC20C3F8101183F88B
:10F0D0001421C3E90022C3E91622C3E92C22C3E9A3
:10F0E00042227047B8350124034688B190F83D208C
:10F0F000022A03D0802201209A6670470268042108
:10F10000002083F83D10D36823F00103D3607047DB
:10F110000120704703682C495A6910B49C6944F077
:10F1200008049C619C6944F010049C611C6824F0F4
:10F1300001041C601C6921401961996821F4404157
:10F14000996090F88110042901D0910630D490F88C
:10F150008110032901D054061FD4910509D5D0F898
:10F16000841041F00101C0F88410996941F40071E4
:10F170009961D20509D5D0F8842042F00802C0F880
:10F1800084209A6942F480729A6100235DF8044BEE
:10F19000A0F86230A0F86A307047D0F8841041F0CF
:10F1A0000401C0F88410996941F040019961D4E7E5
:10F1B000D0F8841041F08001C0F88410996941F0C2
:10F1C00020019961C3E700BF90FCFFFF002800F019
:10F1D000A48002680021F8B5514B044681629A422E
:10F1E00016D0A3F578439A4212D003F58063C06825
:10F1F0009A4200F08A800F2808D8E16B00F10803DA
:10F200004D09DB0805FB0333082B15D90120F8BD98
:10F21000E068E16B00F10803414E4D09DB0805FB96
:10F220000333404DAA4218BFB24203D005F58065B2
:10F23000AA4201D1102BE9D894F8813003F0FF05E0
:10F24000002B58D0002702236568A66B84F8813014
:10F25000136823F001031360A369B3F1806F3ED0FC
:10F260003943676B3B43676A3B4327693B436769A5
:10F270003B43276A3B43E76C3B43A7683B43A76C90
:10F280003B43A76D3B432B433343E669314308437C
:10F290009060D360B5B9936823F4C05343F400631E
:10F2A0009360936823F4C06343F480639360136DA9
:10F2B00023F00103136500200123C4F8840084F8BF
:10F2C0008130F8BD136D23F0010313656B02F2D595
:10F2D000D368616D23F000430B43D360EBE7B5F5D2
:10F2E000800FBDD1002EBBD1D2F800C04CF4805CA1
:10F2F000C2F800C0B4E7204684F88050FFF76AF9EE
:10F300002268A76AE16BE0689DE7E16B00F1080302
:10F310004D09DB0805FB03338CE70120704700BF74
:10F320000030014000380040F8B590F88030012BE3
:10F3300000F08C8090F88130154601220446DEB240
:10F34000934280F880206AD1002963D0B5FA85F312
:10F350005B09002D5ED003224366A0F8683080F878
:10F360008120C0F88430A0F86250A0F86A30C165EE
:10F37000A0F86050C0E91C338368B3F5C02F04D1F6
:10F380000268136843F400631360E368A06F0F2BF7
:10F390004BD98369B3F5804F3CD122683A4B3B4F40
:10F3A0002032036452F8183CC763394F23F40043FA
:10F3B000C7640027076542F8183CB4F862309BB276
:10F3C000F5F7E8FE002844D1A36F324ADB69B3F5B4
:10F3D000807F2368596802EA010218BF2A435A60F5
:10F3E0009A68616842F40042B1F5800F9A601A6928
:10F3F00042F448721A611A6842F001021A6003D19D
:10F400001A6842F400721A6000231E4684F88030A5
:10F410003046F8BD002384F880303046F8BD002324
:10F42000022680F880303046F8BD072B83691AD851
:10F43000B3F5005F20D0B3F5804FAED1B4F86230A1
:10F440009BB203339B08A4F86230A6E7022630463D
:10F45000F8BDD4F88430012243F01003C4F884309E
:10F4600084F88120D9E7B3F5804F05D0B3F5005F6C
:10F47000D0D1B3F5804F90D1B4F862309BB2013354
:10F480005B08A4F8623088E7E1F8000865F8000836
:10F490000DF900080000FFFF70B51D4690F88030A0
:10F4A000012B00F0B9800123044680F8803090F8E9
:10F4B00081304068DBB2B0F5800F7DD0012B40F089
:10F4C0008580002D18BF002A71D000296FD094F8D4
:10F4D0008130042B02D0052384F881300023E165BC
:10F4E0002168C4F88430A4F86250A4F86A50A4F8E3
:10F4F00060506266A4F86850C4E91C338B6823F43A
:10F5000040438B60E3680F2B65D9E06F8369B3F5E7
:10F51000804F4CD194F88130042B00F08A805E4BF0
:10F5200003645E4BC3635E4E3031B4F86A30C66428
:10F5300000269BB20665F5F72DFE00286ED12268E5
:10F54000A16F9368203243F4804342F8183CB4F82A
:10F550006230C1E90F00C1E913009BB20846E16DBA
:10F56000F5F718FE002859D1A36FDB69B3F5807F4A
:10F57000236863D059684B4A0A402A435A609A6804
:10F58000616842F40042B1F5800F9A601A6942F452
:10F5900058721A611A6842F001021A6003D11A689F
:10F5A00042F400721A60002384F8803070BD00239A
:10F5B000012084F8803070BDA06800287FF47EAF01
:10F5C000042B3FF47EAF012B3FF47BAF00230220DE
:10F5D00084F8803070BD072B35D8A36F9B69B3F5D5
:10F5E000005F50D0B3F5804F06D1B4F862309BB2C3
:10F5F00003339B08A4F86230E06F8369B3F5005FC2
:10F6000039D0B3F5804F85D1B4F86A309BB203335B
:10F610009B08A4F86A307DE7022070BDD4F88430DE
:10F62000012243F010031046C4F8843084F881208E
:10F6300070BD1D4B03641D4BC36374E75968194AC1
:10F640000A405A609BE7E06F8369B3F5005F02D020
:10F65000B3F5804FABD1A66FB669B6F5804F06D132
:10F66000B4F86260B6B201367608A4F86260B3F509
:10F67000804F7FF44FAFB4F86A309BB201335B0820
:10F68000A4F86A3046E7B4F862309BB201335B08F5
:10F69000A4F86230B0E700BF01F90008B5F800082F
:10F6A0000DF900080000FFFFF1F800088DF80008D0
:10F6B0002DE9F0411546826804460E4622B943689A
:10F6C000B3F5800F00F0958094F88030012B00F0A6
:10F6D0009980012384F8803094F88130012BDFB2C7
:10F6E00069D1002E61D0B5FA85F35B09002D5CD09D
:10F6F0000421B2F5C02F666684F88110A4F8685022
:10F70000C4F88430A4F86030A4F86A50A4F86230D9
:10F71000C4E91C3304D12268136823F40063136026
:10F72000E3680F2B4ED9E06F8369B3F5804F3CD16E
:10F7300021688B6823F480438B603246454EB4F8D1
:10F740006A3030310664444E9BB2C663434EC66491
:10F7500000260665F5F71EFD002857D1E36F404AE5
:10F76000DB69B3F5807F2368596802EA010218BF9C
:10F770002A435A609A68616842F48042B1F5800F6A
:10F780009A601A6942F450721A611A6842F00102D2
:10F790001A6003D11A6842F400721A6000231F46EF
:10F7A00084F880303846BDE8F081002384F880304A
:10F7B0003846BDE8F0810023022784F880303846BF
:10F7C000BDE8F081072B2BD82168E06F8B6823F40C
:10F7D00080438B608369B3F5005F32D0B3F5804F0F
:10F7E000ABD1B4F86A309BB203339B08A4F86A30FB
:10F7F000A3E72B4604250A4680F88150BDE8F04176
:10F80000FFF74ABE02273846BDE8F081D4F88430BD
:10F81000012243F01003C4F8843084F88120C7E744
:10F82000E06F8269B2F5804F02D0B2F5005FBCD1C3
:10F830002168B2F5804F8B6823F480438B607FF49E
:10F840007CAFB4F86A309BB201335B08A4F86A302D
:10F8500073E700BFF1F800088DF800080DF9000803
:10F860000000FFFF806B08B590F88130072B09D0AE
:10F87000836FDB69B3F5807F05D00268136943F0BD
:10F880000803136108BDFFF70DF808BD806B08B5CC
:10F8900090F88130072B09D0C36FDB69B3F5807F07
:10F8A00005D00268136943F00803136108BDFFF730
:10F8B0005BF808BD806B08B590F88130072B09D044
:10F8C000836FDB69B3F5807F05D00268136943F06D
:10F8D0000803136108BDFFF7A9F808BD704700BF12
:10F8E000806B08B5FFF7FAFF08BD00BF704700BF87
:10F8F000806B08B5FFF7FAFF08BD00BF704700BF77
:10F90000806B08B5FFF7FAFF08BD00BF10B5846B28
:10F91000F6F74AF9022800D110BD236830495A6928
:10F92000986940F008009861986940F0100098616B
:10F93000186820F001001860186901401961996881
:10F9400021F44041996094F88110042901D0910676
:10F950003AD494F88110032901D0500629D4910596
:10F9600009D5D4F8841041F00101C4F884109969D4
:10F9700041F400719961D20509D5D4F8842042F090
:10F980000802C4F884209A6942F480729A610023C4
:10F9900001222046A4F86230A4F86A30D4F88430FA
:10F9A00043F01003C4F8843084F88120FFF7A0F8F6
:10F9B00010BDD4F8841041F00401C4F88410996992
:10F9C00041F040019961CAE7D4F8841041F0800108
:10F9D000C4F88410996941F020019961B9E700BF2A
:10F9E00090FCFFFF036819695A692DE9F04101EAAB
:10F9F00002059F68044690F8816005F0640CBCF134
:10FA0000040F2FD005F04500012834D005F0260062
:10FA1000022800F0DF80280770D59A6917F4404F5C
:10FA2000F6B242F008029A619A6942F010029A61B5
:10FA30009A6942F400629A611A6922F008021A6116
:10FA400023D0042E00F0DE80A26FD269EAB1032E2B
:10FA500050D0E26FD269C2B1052E14D12046FEF714
:10FA6000E5FF10E0436F9847236F2046984705F065
:10FA70004503012B02D1236F2046984705F0260548
:10FA8000022D00F0A780BDE8F0819A6812F4404F83
:10FA90001FD1B4F86A2092B2DAB1626E0EE01B6B2D
:10FAA00042F8043B6266B4F86A30013B9BB2A4F8AA
:10FAB0006A30B4F86A309BB25BB12368E1680F2901
:10FAC000EDD8072940F292801B8E22F8023B626635
:10FAD000E9E72046FFF71EFB012384F88130D4F8C4
:10FAE0008430002B7FD1052EB8D0042E00F08F80FB
:10FAF000032EC8D12046FEF7D5FEC4E7100501D578
:10FB00000A077AD415F4587FBDD06E0609D5D4F80B
:10FB1000842042F00402C4F884209A6942F0400232
:10FB20009A61A80509D5D4F8842042F00102C4F8EE
:10FB300084209A6942F400729A61E90509D5D4F8E3
:10FB4000842042F00802C4F884209A6942F480724A
:10FB50009A61AA0609D5D4F8842042F08002C4F83C
:10FB600084209A6942F020029A61D4F88420002A05
:10FB700089D0196807F44047274A21F00101B7F5F9
:10FB8000404F1960196902EA01021A6127D19A6887
:10FB9000E06F22F440429A6050B1204B0365F5F7C4
:10FBA00019FC28B1D4F8843043F04003C4F8843001
:10FBB000A06F00283FF467AF184B0365F5F70AFC08
:10FBC00000283FF460AFD4F8843043F04003C4F819
:10FBD000843058E7636F2046BDE8F04118470123A1
:10FBE000204684F88130FEF783FF4CE793F83030ED
:10FBF0001370626E0132626655E79A6942F40062E0
:10FC00009A6140E7E26FD269002A3FF43EAF204696
:10FC1000FEF7AAFE37E700BF94FCFFFF21FC0008B7
:10FC200008B5806B00230122A0F86A30A0F862308A
:10FC300080F88120FEF75CFF08BD00BF90F88100CE
:10FC4000704700BF002800F08F8038B590F83D3035
:10FC5000044603F0FF02002B60D0226802234349D0
:10FC6000B2F1804F84F83D30A2EB01011368B1FA84
:10FC700081F14FEA511127D031BB3D483D4D8242C1
:10FC800051D000F5806082424DD0551B00F5806058
:10FC9000B5FA85F582424FEA55154DD0002D4BD16E
:10FCA000354836498A4218BF82424FD001F58061FB
:10FCB0008A424BD0A06923F08003E16803431360BC
:10FCC0006368D162936223E02A4D23F07003A06839
:10FCD000551B0343B5FA85F56D09206923F440737C
:10FCE0000343A06923F0800303431360E368D362F6
:10FCF0006368936251B94DB91F49204B9A4218BFAE
:10FD00008A4203D003F580639A4201D16369136389
:10FD100001230020536184F83D3038BD80F83C2039
:10FD2000FFF722F899E7551B23F07003A068B5FA96
:10FD300085F503436D09D0E7A06823F07003034302
:10FD40000F488242C9D0002DC7D1A9E7206923F40A
:10FD50004073A1690343E06823F080030B436168AB
:10FD60001360D0629162C7E7012070470000014034
:10FD700000040040000401400040014000440140F4
:10FD8000000C00404FF0020C01680A4A034680F85C
:10FD90003DC088680240062A06D0B2F5803F03D0F5
:10FDA0000A6842F001020A600122002083F83D2027
:10FDB000704700BF070001000368094AD96841F095
:10FDC0000101D96099680A40062A06D0B2F5803F41
:10FDD00003D01A6842F001021A600020704700BF89
:10FDE0000700010090F83C30012B7DD00246022331
:10FDF000006830B4012482F83D3082F83C40544C15
:10FE000083681C400B68602B84606FD01DD9B3F5EC
:10FE1000005F59D042D94F498B4206D038D94E495C
:10FE20008B4202D010318B4206D184684B4921406D
:10FE30000B4343F00703836000230121184682F837
:10FE40003D1082F83C3030BC7047402B67D019D948
:10FE5000502BF1D1036A4C68CD6823F00A03016A84
:10FE60001C433E4B21F001010162816921F0F00148
:10FE700041EA05118161046281680B4043F0570338
:10FE80008360D9E7202BD0D01AD9302BD4D1CCE73E
:10FE900023F01001B1F5801FCED1C6E7702BCBD176
:10FEA0008468D1E901532B43CD6824F47F4143EAB0
:10FEB00005230B438360836843F077038360BBE7CC
:10FEC00033F01001B8D1B0E7D1E9015384682B4376
:10FED000CD6824F47F4143EA05230B4383608368A4
:10FEE00043F480438360A7E702207047046A4D68AB
:10FEF00024F01004C9680462836923F4704343EA60
:10FF00000133016A21F0A0018361144B41EA05111C
:10FF1000016281680B4043F0670383608CE7036AEA
:10FF20004C68CD6823F00A03016A1C430B4B21F097
:10FF300001010162816921F0F00141EA051181614D
:10FF4000046281680B4043F04703836074E700BF9D
:10FF50008800CEFF20001000300010008FFFCFFF80
:10FF6000704700BF704700BF704700BF704700BFB9
:10FF700003681A69910710B5044602D5DA6892073A
:10FF800068D41A69520702D5DA6850074FD41A6943
:10FF9000110702D5DA68120737D41A69D00602D5DC
:10FFA000DA68D1061ED41A69D20702D5DA68D007FA
:10FFB00069D41A69110602D5DA6812066BD41A6977
:10FFC000D00502D5DA6811066DD41A69520602D539
:10FFD000DA6850066FD41A69910602D5DA6892067B
:10FFE00049D410BD6FF01001082220461961227714
:10FFF000DB6913F4407F6FD1FFF7B2FF2046FFF7B4
:020000040801F1
:10000000B3FF002223682277CDE76FF008010422B6
:10001000204619612277DB699B075AD1FFF7A0FFC1
:100020002046FFF7A1FF002223682277B5E76FF093
:10003000040102222046196122779B6913F4407F54
:1000400044D1FFF78DFF2046FFF78EFF0022236883
:1000500022779CE76FF002010122196102779B6908
:10006000990730D1FFF77CFF2046FFF77DFF002284
:100070002368227785E76FF0200220461A61BDE8E9
:10008000104000F05FB86FF0010220461A61FEF7E1
:100090005BFF23688DE76FF0800220461A6100F055
:1000A00053F823688BE76FF4807220461A6100F0E2
:1000B0004DF8236889E76FF0400220461A61FFF788
:1000C00055FF236887E7FFF74DFFD0E7FFF74AFFAB
:1000D000BCE7FFF747FFA6E7FFF744FF91E700BF44
:1000E00090F83C20012A28D003460068022230B450
:1000F000134D83F83D20A8424268846818D005F566
:100100008065A84214D024F0800C22F070020C68A4
:100110008968224300244CEA01014FF0010C42603F
:100120008160204683F83DC083F83C4030BC704776
:1001300022F470024D682A43E5E70220704700BFB1
:1001400000000140704700BF704700BF704700BF0C
:100150000B460146184600F0DBB80000024B0A4689
:100160000146186800F002B8B005002470B5A1FB84
:10017000025434B9294600F03FF8064628B9304603
:1001800070BD0C2202600026F9E72A46214600F0E5
:100190004DFAF4E7024B0146186800F02DB800BF95
:1001A000B0050024024B0146186800F02DBB00BFCB
:1001B000B005002470B50F4E0C463168054611B9E4
:1001C00000F070FA30602146284600F06BFA431CBC
:1001D00003D14FF0FF34204670BDC41C24F003044B
:1001E000A042F8D0211A284600F05CFA0130F2D182
:1001F000EFE700BF183701242DE9F843CD1C25F0A7
:10020000030508350C2D38BF0C25002D064601DBF3
:10021000A94204D90C2333600020BDE8F883DFF83D
:10022000D48000F069F8D8F800301C4644BB294659
:100230003046FFF7BFFF431C044658D1D8F80040B2
:100240002746002F43D1002C4BD023683946304637
:1002500004EB030900F026FA814542D121686D1AAA
:1002600029463046FFF7A6FF01303AD023682B44D9
:100270002360D8F800305A6862BBC8F800700FE0FD
:100280002268521B20D40B2A17D96119A34225607A
:1002900018BF5960636808BFC8F8001062514B600E
:1002A000304600F02FF804F10B00231D20F007006A
:1002B000C21A1CBF1B1AA350AFE76268A3420CBF4F
:1002C000C8F800205A60EBE723466468AEE73C4676
:1002D0007F68B6E71A465B68A342FBD100235360F0
:1002E000DEE70C233360304600F00CF894E705603D
:1002F000D6E700BF1C370124014800F01ABA00BF3E
:1003000060380124014800F015BA00BF60380124AC
:1003100010B504460448134620B10A46022021467F
:1003200000F018FA10BD00BF55070108002310B5F2
:100330000446C0E90033C0E9043383608181436629
:10034000C2818361194608225C3000F06FF90D4BC1
:1003500063620D4BA3620D4BE3620D4B23630D4BA8
:1003600024629C4206D003F16802944202D0D0334A
:100370009C4205D104F15800BDE8104000F0D8B906
:1003800010BD00BF2D0501084F05010887050108B4
:10039000AD05010820370124024A0349034800F053
:1003A0006BB800BFA4050024F9110108B4050024AE
:1003B00041680C4B994210B5044601D000F01CFF77
:1003C000A168094B994202D0204600F015FFE16870
:1003D000064B994204D02046BDE8104000F00CBF07
:1003E00010BD00BF2037012488370124F0370124D5
:1003F0000C4B0D4A0D4810B504211A600022FFF77E
:1004000095FF0A4B01221C46092103F16800FFF702
:100410008DFF04F1D0000222BDE810401221FFF749
:1004200085BF00BF583801249903010820370124F3
:10043000014800F07EB900BF62380124014800F095
:1004400079B900BF6238012410B50446FFF7F0FF08
:10045000236A1BB1BDE81040FFF7F0BF044B2362D5
:10046000044B1B68002BF5D1FFF7C2FFF2E700BF7A
:10047000B1030108583801242DE9F843074688469E
:1004800014460026D4E90195B9F1010905D524687F
:10049000002CF7D13046BDE8F883AB89012B07D992
:1004A000B5F90E30013303D029463846C04706431C
:1004B0006835E9E70FB407B5064904AB086853F897
:1004C000042B8168019300F06FFB03B05DF804EB2F
:1004D00004B07047B0050024024B014618688268DA
:1004E00000F0B2BEB00500240EB410B59DB01FAB35
:1004F000029006906FF000410A48079104910A4962
:1005000053F8042B0591002402A9006801931B9461
:1005100000F024FA029B1C701DB0BDE8104003B02F
:10052000704700BFB00500240802FFFF10B50C465D
:10053000B1F90E1000F0A4F80028ABBF636DA389D9
:100540001B1823F48053ACBF6365A38110BD2DE954
:10055000F0411F468B89DB0505460C46164605D53E
:10056000B1F90E100223002200F078F8A389B4F943
:100570000E1023F48053A38132463B462846BDE843
:10058000F04100F09FB810B50C46B1F90E1000F024
:1005900065F8B4F90C30421C0BBF23F4805343F4CC
:1005A0008053A381A38118BF606510BDB1F90E10FF
:1005B00000F044B830B51446002C9BB005461A46EE
:1005C00005DA8B2303604FF0FF301BB030BD4FF4D2
:1005D0000273ADF80C304FF00003199314BF04F10F
:1005E000FF332346029305934FF6FF730091049166
:1005F000ADF80E3069461E9B00F0B0F9431CBCBF3D
:100600008B232B60002CE0D0009B00221A70DCE7CB
:1006100007B5009313460A46014603480068FFF7F2
:10062000C9FF03B05DF804FBB00500240244034693
:10063000934200D1704703F8011BF9E738B5064D26
:100640000023044608462B6001F0F0F8431C02D159
:100650002B6803B1236038BD5C38012438B5074DE1
:1006600004460846114600222A601A4601F0F6F8B0
:10067000431C02D12B6803B1236038BD5C380124D0
:1006800038B5074D04460846114600222A601A462E
:1006900001F0ECF8431C02D12B6803B1236038BD94
:1006A0005C38012438B5064D0023044608462B600B
:1006B00001F0E4F8431C02D12B6803B1236038BD7C
:1006C0005C38012438B5074D04460846114600221F
:1006D0002A601A4601F0E0F8431C02D12B6803B1EE
:1006E000236038BD5C38012470B50D4B0D4D5B1B8C
:1006F0009C100026A64209D101F098FA0A4D0B4B36
:100700005B1B9C100026A64205D170BD55F8043B2A
:1007100098470136EEE755F8043B98470136F2E773
:100720004C1C01084C1C01084C1C0108741C0108DD
:100730007047704770470A44914200F1FF3300D17F
:10074000704710B511F8014B03F8014F9142F9D1F0
:1007500010BD00002DE9F047264E0746306892464E
:1007600088469946FFF7E5FF234A15683DB9234BB4
:100770001360234A12B11268C3F888201F4D6C68B9
:100780001F2C06DD3068FFF7D5FF4FF0FF30BDE8C6
:10079000F0872FB3D5F8880068B91A4B002BF1D039
:1007A0004FF48470FFF7F6FC0028EBD00023C0E97B
:1007B0004033C5F888006C6840F824A00122D0F8C6
:1007C0000031A24000EB84011343C0F80031022F36
:1007D000C1F8809002BFD0F804311343C0F804314F
:1007E000631C023430686B6045F82480FFF7A2FF79
:1007F0000020CCE700060024F038012464380124EE
:10080000F41B01089501010838B50546002941D0BF
:1008100051F8043C0C1F002BB8BFE418FFF76CFD27
:100820001D4A136833B9636014602846BDE8384038
:10083000FFF768BDA34208D9206821188B4201BF89
:1008400019685B6809182160EDE71A465B680BB10F
:10085000A342FAD911685018A0420BD12068014474
:10086000501883421160E0D118685B6853600844F7
:100870001060DAE702D90C232B60D6E72068211834
:100880008B4204BF19685B68636004BF091821606C
:100890005460CAE738BD00BF1C3701242DE9F0477A
:1008A0008E681F46BE4282460C469046334653D859
:1008B000B1F90C0010F4906F2BD0656923680969B9
:1008C00005EB4505A3EB010905EBD5757B1C6D1008
:1008D0004B44AB422A4684BF1D462A46430527D5D2
:1008E00011465046FFF788FC064658B321694A4630
:1008F000FFF721FFA38923F4906343F08003A381D2
:10090000266165614E44A5EB09052660A5603E465B
:100910003B461F4620683A46414600F05BFDA3680F
:100920009B1BA36023683B4423600020BDE8F08745
:10093000504600F068FD06460028E1D12169504686
:10094000FFF762FF0C23CAF80030A38943F040038D
:10095000A3814FF0FF30E9E73E46DBE72DE9F04F9A
:1009600098468B891B069DB007460D46144610D548
:100970000B6973B94021FFF73FFC2860286130B94B
:100980000C233B604FF0FF301DB0BDE8F08F4023DB
:100990006B610023099320238DF82930CDF80C805A
:1009A0003023DFF89C818DF82A304FF0010923466F
:1009B0009A4613F8012B0AB1252AF9D1BAEB040B98
:1009C0000BD05B46224629463846FFF767FF0130C9
:1009D00000F0A780099A5A4409929AF80030002B37
:1009E00000F09F8000234FF0FF32CDE905230AF18C
:1009F000010A049307938DF853301A935446052245
:100A000014F8011B4E48EFF74BFC049AD8B9D006F6
:100A100044BF20238DF85330110744BF2B238DF89A
:100A200053309AF800302A2B15D0079A54460020EC
:100A30004FF00A0C214611F8013B303B092B4BD9F2
:100A4000B0B1079214E0A0EB080309FA03F31343D3
:100A50000493A246D2E7039B191D1B680391002B48
:100A6000BBBF5B4242F0020207930793B8BF0492F8
:100A700023782E2B0AD163782A2B32D1039B1A1D9F
:100A80001B68039243EAE37302340593DFF8C0A0C6
:100A9000217803225046EFF703FC38B1049BA0EB0A
:100AA0000A004022824013430134049314F8011BCE
:100AB00024488DF828100622EFF7F2FB002836D0E4
:100AC000214B1BBB039B073323F00703083303931E
:100AD000099B334409936AE70CFB02320C46012060
:100AE000A8E700230134059319464FF00A0C20466D
:100AF00010F8012B303A092A03D9002BC6D00591F2
:100B0000C4E70CFB012104460123F0E703AB00938B
:100B10002A460E4B04A93846AFF30080421C064615
:100B2000D6D1AB895B063FF52DAF09982CE703AB17
:100B300000932A46054B04A9384600F0BBF9EDE7BF
:100B4000F81B0108021C0108000000009D080108B4
:100B5000FE1B01089368013B002B10B4936008DA78
:100B60009469A34201DB0A2903D15DF8044B00F02C
:100B70009FBB1368581C1060197008465DF8044B41
:100B80007047F8B506460F461446D518AC4201D159
:100B9000002007E014F8011B3A463046FFF7DAFF61
:100BA000431CF3D1F8BD00002DE9F04F0D469DB078
:100BB00014469846064618B1036A0BB9FFF744FC81
:100BC0006B6ED90705D4AB899A0502D4A86DFFF7DF
:100BD000B0FDAB891B0701D52B699BB9294630466F
:100BE00000F0A4FB70B16B6EDC0704D54FF0FF3052
:100BF0001DB0BDE8F08FAB899805F7D4A86DFFF75D
:100C000099FDF3E70023099320238DF82930CDF8CF
:100C10000C803023DFF8AC818DF82A304FF00109C9
:100C200023469A4613F8012B0AB1252AF9D1BAEBCB
:100C3000040B0BD05B46224629463046FFF7A1FF46
:100C4000013000F0A780099A5A4409929AF80030BE
:100C5000002B00F09F8000234FF0FF32CDE90523E9
:100C60000AF1010A049307938DF853301A935446FE
:100C7000052214F8011B5348EFF712FB049AD8B968
:100C8000D10644BF20238DF85330130744BF2B23D4
:100C90008DF853309AF800302A2B15D0079A544615
:100CA00000204FF00A0C214611F8013B303B092B84
:100CB0004BD9B0B1079214E0A0EB080309FA03F393
:100CC00013430493A246D2E7039B191D1B680391AB
:100CD000002BBBBF5B4242F0020207930793B8BFF1
:100CE000049223782E2B0AD163782A2B32D1039BCE
:100CF0001A1D1B68039243EAE37302340593DFF87D
:100D0000D4A0217803225046EFF7CAFA38B1049BE9
:100D1000A0EB0A004022824013430134049314F8EC
:100D2000011B29488DF828100622EFF7B9FA002890
:100D30003FD0264B1BBB039B073323F0070308332D
:100D40000393099B3B4409936AE70CFB02320C4670
:100D50000120A8E700230134059319464FF00A0C3F
:100D6000204610F8012B303A092A03D9002BC6D0AF
:100D70000591C4E70CFB012104460123F0E703AB16
:100D800000932A46124B04A93046AFF30080074671
:100D9000781CD6D16B6ED90705D4AB899A0502D4DD
:100DA000A86DFFF7C7FCAB895B063FF51FAF09983D
:100DB0001EE703AB00932A46054B04A9304600F01A
:100DC00079F8E4E7F81B0108021C010800000000A4
:100DD000830B0108FE1B01082DE9F04716469846D3
:100DE0008A680B69DDF820909342B8BF13463360E0
:100DF00091F8432007460C460AB10133336023685B
:100E0000990642BF336802333360256815F0060542
:100E100006D104F1190AE36832689B1AAB4226DC5A
:100E200094F843302268003B18BF012392062BD46C
:100E300004F1430241463846C84701301ED02368BA
:100E4000226903F00603042B02BFE5683368ED1A3C
:100E5000A3680CBF25EAE57500259342C4BF9B1A21
:100E6000ED1800261A34B5421AD1002008E00123FB
:100E7000524641463846C847013003D14FF0FF3053
:100E8000BDE8F0870135C6E7E1185A1C302081F82B
:100E90004300224494F8451082F843100233C7E718
:100EA0000123224641463846C8470130E6D0013684
:100EB000D9E700002DE9FF470F7E0C9E782F914661
:100EC00080460C469A4601F1430207D8622F0AD8A1
:100ED000002F00F0D280582F00F0B78004F14206B6
:100EE00084F842703AE0A7F16303152BF6D801A10C
:100EF00051F823F04D0F0108610F0108DD0E0108C4
:100F0000DD0E0108DD0E0108DD0E0108610F01088C
:100F1000DD0E0108DD0E0108DD0E0108DD0E010801
:100F2000611001088B0F010817100108DD0E010880
:100F3000DD0E010883100108DD0E01088B0F01088A
:100F4000DD0E0108DD0E01081F10010833681A1DAF
:100F50001B68326004F1420684F8423001239DE0B0
:100F600033682068191D3160060601D51D6803E04D
:100F70004506FBD5B3F90050002D03DA2D236D4251
:100F800084F8433059480A2310E021683368080682
:100F900053F8045B02D4490648BFADB26F2F5348E3
:100FA000336059D10823002184F843106668A66095
:100FB000002E05DB21682E4321F0040121604DD075
:100FC0001646B5FBF3F103FB1157C75D06F8017D2B
:100FD0002F46BB420D46F4D9082B0BD12368DF07FF
:100FE00008D5236961689942DEBF302306F8013CC9
:100FF00006F1FF36921B2261CDF800A04B4603AAF2
:1010000021464046FFF7E8FE01304CD14FF0FF305B
:1010100004B0BDE8F087236843F020032360344820
:10102000782784F84570236831681F0651F8045BFF
:1010300002D45F0648BFADB23160D90744BF43F068
:10104000200323601DB11023ADE72848E9E723689A
:1010500023F020032360F6E70A23A4E71646BBE744
:10106000336825686169181D30602E061B6801D53C
:10107000196002E06806FBD519800023236116463B
:10108000BAE733681A1D32601E6862680021304674
:10109000EFF706F908B1801B6060636823610023E5
:1010A00084F84330A8E72369324649464046D04792
:1010B0000130ABD023689B0713D4E068039B9842B0
:1010C000B8BF1846A4E70123324649464046D047F8
:1010D00001309BD00135E36803995B1AAB42F2DC27
:1010E000EBE7002504F11906F5E700BF091C01082C
:1010F0001A1C0108B1F90C202DE9F041160705462C
:101100000C4651D44B68002B02DC0B6C002B49DDE4
:10111000E66A002E46D0002312F480522F682B601E
:1011200031D0626DA389590705D56368D21A636B04
:101130000BB1236CD21A0023E66A216A2846B04715
:10114000421CB4F90C3006D129681D2946D8294A19
:10115000CA40D60742D500226260D90422692260C3
:1011600004D5421C01D12B6803B96065616B2F6007
:10117000C1B104F14403994202D02846FFF744FB71
:10118000002363630EE0216A01232846B04702462C
:10119000501CC7D12B68002BC4D01D2B01D0162B9F
:1011A0001AD12F6000201EE00F69002FFAD093079C
:1011B0000E6808BF4B690F6018BF0023A6EB070835
:1011C0008B60B8F1000FEDDD216AA66A43463A460E
:1011D0002846B047002808DCB4F90C3043F040033F
:1011E000A3814FF0FF30BDE8F0810744A8EB000871
:1011F000E7E700BF0100402038B50B6905460C4603
:1012000013B90025284638BD18B1036A0BB9FFF79A
:101210001BF9B4F90C30002BF3D0626ED00704D464
:10122000990502D4A06DFFF784FA28462146FFF7FE
:1012300061FF636EDA070546E4D4A3899B05E1D418
:10124000A06DFFF777FADDE770B50D461446064648
:1012500018B1036A0BB9FFF7F7F8636ED80705D426
:10126000A389990502D4A06DFFF763FAA368013B37
:10127000002BA36005DAA269934212DBEBB20A2BC2
:101280000FD023685A1C22601D70EDB2636EDA071E
:1012900005D4A3899B0502D4A06DFFF74BFA28461D
:1012A00070BD29462246304600F002F80546EDE7BB
:1012B000F8B50E461446054618B1036A0BB9FFF798
:1012C000C3F8A369A360A3891A0701D5236943B9A9
:1012D0002146284600F02AF818B14FF0FF3738466B
:1012E000F8BD23682269981A6369F6B283423746CB
:1012F00005DC21462846FFF77FFF0028EDD1A368D3
:10130000013BA36023685A1C22601E706269431C63
:101310009A4204D0A389DB07E1D50A2EDFD121460A
:101320002846FFF769FF0028D9D0D6E738B5284B03
:10133000054618680C4618B1036A0BB9FFF784F824
:10134000B4F90C30190721D4DA0607D409222A602F
:1013500043F04003A3814FF0FF3031E0580712D52E
:10136000616B41B104F14403994202D02846FFF772
:101370004BFA002363630022B4F90C3062602269E7
:10138000226023F0240343F00803A381226942B9B9
:1013900003F42073B3F5007F03D02146284600F004
:1013A00084F8B4F90C3013F001020AD00022A260D4
:1013B00062695242A261226942B913F08000C7D12A
:1013C00038BD990758BF6269A260F4E70020F7E7CB
:1013D000B0050024884210B501EB020402D9844212
:1013E000234607D8431EA14207D011F8012B03F86A
:1013F000012FF8E70244824200D110BD13F8011D0D
:1014000002F8011DF7E72DE9F041074614460D46A5
:1014100021B9BDE8F0411146FEF7EEBE2AB9FFF74B
:10142000F3F925462846BDE8F08100F099F884429A
:10143000064602D8B4EB500FF4D821463846FEF7E2
:10144000DBFE804608B94546ECE7B4422246294611
:1014500028BF3246FFF76FF929463846FFF7D4F91F
:10146000F1E770B50C46B1F90E10002996B015469B
:101470001E460ADAA18911F0800113D14FF480626F
:10148000002031602A6016B070BD6A4600F046F850
:101490000028EFDB019901F47041A1F50053594296
:1014A0005941EBE700214022EAE78B8973B59E079B
:1014B00005460C4607D504F1470323602361012349
:1014C000636102B070BD01AB6A46FFF7CAFF009EC0
:1014D00028463146FEF790FEB4F90C3038B99A052B
:1014E000EFD423F0030343F00203A381E3E743F0C7
:1014F0008003A381019B2060C4E90406002BE0D097
:10150000B4F90E10284600F01BF80028D9D0A389A2
:1015100023F0030343F00103A381D2E738B5074D5D
:1015200000230446084611462B6000F087F9431C4F
:1015300002D12B6803B1236038BD00BF5C380124A1
:1015400038B5064D0023044608462B6000F07EF9AE
:10155000431C02D12B6803B1236038BD5C380124E1
:1015600051F8043C181F002BBCBF0B58C018704723
:101570002DE9F0478C468E46089E154604461946CE
:10158000002B40F0D080724547D9B2FA82F74FB1B4
:10159000C7F120030EFA07FC20FA03F3BD4043EA2B
:1015A0000C0CBC404FEA154EA8B2BCFBFEF8230C55
:1015B0000EFB18CC08FB00F943EA0C43994528D9E7
:1015C000EB1808F1FF3204D2994502D9A8F10202C2
:1015D0002B44A3EB0903A4B2B3FBFEFC0EFB1C33AC
:1015E0000CFB00F044EA0344A04214D92C190CF17E
:1015F000FF3304D2A04202D9ACF102032C44241AD6
:1016000043EA02401EB1FC40002334607360BDE831
:10161000F0874246DDE76346F1E7002A79D0B2FA67
:1016200082F3002B3FD01946C1F1200302FA01F5E5
:101630002EFA03F20EFA01FE20FA03F343EA0E0338
:101640004FEA154E00FA01F4B2FBFEFCAFB20EFBFE
:101650001C201A0C0CFB07F842EA004290455AD9AC
:10166000AA180CF1FF3004D2904502D9ACF1020067
:101670002A44A2EB08029BB2B2FBFEFC0EFB1C222A
:101680000CFB07F743EA02439F4246D9EB180CF1E3
:10169000FF3204D29F4202D9ACF102022B44DB1B81
:1016A00042EA004202E0AEEB020301224FEA154E8D
:1016B000AFB2B3FBFEFC200C0EFB1C330CFB07F897
:1016C00040EA034398452AD9EB180CF1FF3004D2C5
:1016D000984502D9ACF102002B44A3EB0803A4B255
:1016E000B3FBFEFC0EFB1C330CFB07F744EA034480
:1016F000A74216D92C190CF1FF3304D2A74202D904
:10170000ACF102032C44E41B43EA00400F461146AF
:1017100078E71F2188E76046ABE76246BFE760468F
:10172000DBE76346EFE7734506D916B900210846A3
:101730006DE7C6E9000EF9E7B3FA83F787B9734599
:1017400001D3824207D8841A6EEB030301209C4622
:101750001EB900215BE73846FAE7C6E9004CF8E716
:10176000C7F1200CBB4022FA0CF51D4320FA0CF106
:101770002EFA0CF30EFA07FE41EA0E014FEA154964
:1017800000FA07F4B3FBF9F81FFA85FE09FB1830DD
:101790000B0C08FB0EFA43EA00439A4502FA07F2E3
:1017A00040D9EB1808F1FF3004D29A4502D9A8F1CC
:1017B00002002B44A3EB0A0389B2B3FBF9F809FB3F
:1017C000183308FB0EFE41EA03418E452CD96918F7
:1017D00008F1FF3304D28E4502D9A8F1020329444F
:1017E00043EA0040A0FB0298A1EB0E014145CE4622
:1017F000434602D306D14C4504D2B9EB020E68EB46
:1018000005030138002EA4D0B4EB0E0261EB0301F6
:1018100001FA0CFC22FA07F34CEA0303F940C6E98B
:10182000003196E74046C5E74346D9E7024B5822C8
:101830001A604FF0FF3070475C380124024B582289
:101840001A604FF0FF3070475C380124024B582279
:101850001A600020704700BF5C380124024B5822F8
:101860001A604FF0FF3070475C380124024B582259
:101870001A604FF0FF3070475C380124044A054974
:101880001368002B08BF0B461844106018467047B9
:10189000FC390124003A0124024B58221A604FF00F
:1018A000FF3070475C380124900000000107000001
:1018B000010600000054004000580040005C004059
:1018C000001C005825002600270034003500470082
:1018D000520053008E0000000101010307010000C7
:1018E000000000400004004000080040000C0040E0
:1018F0004E6F74654F6666004E6F74654F6E0000E4
:10190000506F6C794B6579507265732E0000000042
:101910004343000050726F672E204368616E676515
:101920000000000043686E2E20507265737375725C
:1019300065000000506974636842656E64000000D1
:101940005379732E20436F6D6D6F6E005379732E34
:10195000205265616C74696D6500000043686E2EED
:10196000204D6F6465000000556E6B6E6F776E00E2
:101970004920676F7420616E206576656E74210062
:1019800074696D653A09256C6409747970653A204B
:101990002573094368616E6E656C3A2020256409E1
:1019A00044617461204D53423A20256409446174B6
:1019B00061204C53423A2025640A00004461697357
:1019C00079206973206F6E6C696E65003D3D3D3D09
:1019D0003D3D3D3D3D3D3D3D3D3D3D00456C6563EF
:1019E00074726F736D6974680000000044616973FC
:1019F0007920536565642045787465726E616C006A
:101A000043444320436F6E666967000043444320AC
:101A1000496E7465726661636500000044616973B4
:101A2000792053656564204275696C7420496E00A5
:101A30000804020408010101000000004552524F51
:101A4000523A2000496E76616C696420446576697B
:101A500063652068616E646C65000000496E7661A4
:101A60006C696420436C6173732068616E646C659B
:101A70000000000000020300000000000100000060
:101A8000000000000000FA4500007A460000FA4617
:101A900000803B470080BB470010014000440040ED
:101AA00000480040004C004000500040001401403D
:101AB00000780040007C0040000C0058000000004E
:101AC00000040000000600000010000000000000FC
:101AD00000300000002000000000001000000000A6
:101AE00000100000000000000102030401020304D2
:101AF00006070809000201020002010201000200BB
:101B000004000800100020004000800000010002D6
:101B1000000400080010002000400080000002586F
:101B20000004025800080258000C02580010025825
:101B30000014025800180258001C025800200258D5
:101B40000024025800280258000000000006101669
:101B50000006101601808080808080800480808054
:101B6000808080800880808080808080108080805D
:101B70008080808020808080808080804000000085
:101B8000000408102040000002040810204000005B
:101B90000B00FF00BC040024A4040024B0040024B3
:101BA00074040024E0040024C8040024D4040024A5
:101BB0008004002404050024EC040024F80400241C
:101BC0008C0400247C350124643501247035012403
:101BD0004C350124A0350124883501249435012495
:101BE0005835012428050024100500241C05002474
:101BF00098040024F4380124232D302B2000686C35
:101C00004C0065666745464700303132333435361F
:101C10003738394142434445460030313233343558
:101C2000363738396162636465660000F8B500BF15
:101C3000F8BC08BC9E467047F8B500BFF8BC08BCAD
:041C40009E46704705
:081C44005CE6FE7F01000000D8
:101C4C0099030008A9070008291000089D11000835
:101C5C00E11C00080D2300085D3600085D3E0008FD
:081C6C00B9EB0008B1F000081B
:041C740075030008EC
:101C7800000000001000000000000000000000004C
:101C8800000000000000000000000000100000003C
:101C9800000000000000000000000000000000003C
:101CA800000000001000000000000000000000001C
:101CB800000000000000000000000000000000001C
:101CC800000000000000000000000000000000000C
:101CD80000000000010000000000000000000000FB
:101CE80000000000000000000000000000000000EC
:101CF80001000000000000000000000000000000DB
:101D080000000000000000000000000001000000CA
:101D180000000000000000000000000000000000BB
:101D280000000000000000000100000000000000AA
:101D3800000000000000000000000000000000009B
:101D4800000000000100000000000000000000008A
:101D5800000000000000000000000000000000007B
:101D6800010000000000000000000000000000006A
:101D7800000000000000000000000000010000005A
:101D8800000000000000000000000000000000004B
:101D9800000000000000000001000000000000003A
:101DA800000000000000000000000000000000002B
:101DB800000000000100000001070800000000000A
:101DC80000000000010608000000000000000000FC
:101DD8000B00FF00F4010024E80100240C02002499
:101DE800000200242402002418020024B801002460
:101DF800AC010024D0010024C401002498FE002472
:101E080030020024DC01002474FE00248CFE00242F
:101E180080FE00245401002448010024010808021F
:101E28000B08000108000000010908020A08000068
:101E380008000000010C0E03020801050E00000056
:101E4800020C0801060E00000000000001040B004F
:101E58000000000000000000010707010F04000057
:101E680000000000010607010E0400000000000049
:101E78000003070000000000000000000002070047
:101E88000000000000000000020B07000000000036
:101E980000000000020A0700000000000000000027
:101EA8000609070000000000000000000090D003B1
:101EB8000090D003753F0008193F0008ED3F000867
:101EC8001D3F0008B13F00085540000821400008A8
:101ED800493F000800C201000000080000C20100DC
:101EE800000008008944000895440008A14400083F
:101EF8001145000855450008D9440008F544000874
:101F08007D4400082D45000839450008BD440008F7
:101F180079460008B94700089D47000812010002E9
:101F2800020200408304405700020102030100003E
:101F3800120100020202004083044057000201021D
:101F480003010000040309041A0300000000000054
:101F58000000000000000000000000000000000079
:101F6800000001001000000051D500080DD5000840
:101F780041D400080000000019D30008F1D300087C
:101F8800C1D30008000000000000000000000000AD
:101F980069D3000845D300088DD30008B1D30008E1
:101FA8000000000009024300020100C032090400D9
:101FB80000010202010005240010010524010001AE
:101FC8000424020205240600010705820308001004
:101FD80009040100020A0000000705010240000090
:101FE800070581024000000009024300020100C009
:101FF8003209040000010202010005240010010555
:1020080024010001042402020524060001070582B8
:102018000308001009040100020A00000007050176
:102028000200020007058102000200000A06000201
:10203800000000400100000009074300020104C03D
:102048003209040000010202010005240010010504
:102058002401000104240202052406000107058268
:102068000308001009040100020A00000007050126
:1020780002400000070581024000000009026500D7
:10208800020100C0500904000000010100000924F9
:102098000100010900010109040100020103000017
:1020A8000724010001410006240201010006240260
:1020B80002020009240301030102010009240302AA
:1020C8000601010100090501024000000000052584
:1020D80001010109058102400000000005250101F8
:1020E80003000000060A05000405000000000000C7
:1020F800010C0501040701090500000000040600A1
:1021080000000000000000000004080000000000BB
:10211800000000000104050006050609050000008E
:10212800010505000705000000000000060B05007A
:102138000505000000000000010E05020205000070
:1021480000000000020105010F0502030500000060
:10215800030305000000000000000000020B060158
:102168000406000000000000020C0601050700003C
:1021780000000000020A0600000000000000000045
:10218800010408000608000000000000010508001E
:10219800070800000000000000050800000000001B
:1021A8000000000000000000000000000000000027
:1021B8000000000000000000000000000100000016
:1021C8000000000000000000000000000000000007
:1021D80000000000000000000100000000000000F6
:1021E80000000000000000000000000000000000E7
:1021F80000000000010000000000000000000000D6
:1022080000000000000000000000000000000000C6
:102218000100000000000000030000002037012436
:10222800B405002400000000203701248837012469
:10223800F03701240000000000000000000000004A
:102248000000000000000000000000000000000086
:102258000000000000000000000000000000000076
:102268000000000000000000000000000000000066
:0422780061380124A4
:04000005080003B933
:00000001FF
