:020000040800F2
:1000000000000220E1050008DD050008FD310008C0
:10001000DD050008DD050008DD0500080000000022
:10002000000000000000000000000000DD050008E6
:10003000DD05000800000000DD0500088131000832
:10004000DD050008DD050008DD050008DD05000808
:10005000DD050008DD050008DD050008DD050008F8
:10006000DD050008DD050008DD050008892D000814
:10007000952D0008DD050008A12D0008AD2D000814
:1000800069C70008B9220008DD050008DD05000881
:10009000DD050008DD050008DD050008DD050008B8
:1000A000DD050008DD050008DD050008DD050008A8
:1000B00081BB00088DBB000899BB0008ED22000839
:1000C000DD050008F9220008DD050008F1B300088D
:1000D000FDB300089DC50008C9C50008FDC500089E
:1000E000DD050008DD05000800000000DD05000852
:1000F000DD050008DD050008DD050008DD05000858
:10010000DD050008DD050008A5BB000809B40008EE
:1001100031C6000865C60008DD050008DD050008D9
:10012000DD050008DD0500082DB4000861B40008F5
:100130009DC70008DD050008DD050008DD05000895
:1001400000000000000000000000000000000000AF
:10015000DD050008DD050008DD05000899C600087A
:1001600005230008DD05000891310008B5310008BD
:10017000DD050008D9310008DD050008DD050008AF
:10018000DD050008DD050008CDC6000801C7000830
:1001900015B4000821B40008DD050008DD050008DD
:1001A000DD050008DD050008DD050008DD050008A7
:1001B000A92A0008DD050008DD050008DD050008A6
:1001C000DD050008DD050008DD050008DD05000887
:1001D000DD050008DD050008DD050008DD05000877
:1001E000DD050008DD050008DD050008DD05000867
:1001F000DD050008DD050008DD050008DD05000857
:10020000DD050008DD050008DD050008DD05000846
:10021000DD050008DD050008DD050008DD05000836
:10022000DD050008DD050008DD0500080000000010
:10023000DD050008DD05000800000000DD05000800
:10024000DD050008DD050008DD050008DD05000806
:10025000DD050008DD050008DD050008DD050008F6
:10026000DD050008DD050008DD050008DD050008E6
:10027000DD050008DD05000835C7000800000000A6
:10028000DD050008DD050008DD05000800000000B0
:0802900000000000DD0500087C
:1002980010B5054C237833B9044B13B10448AFF3B8
:1002A80000800123237010BD880300240000000093
:1002B8004C00010808B5034B1BB103490348AFF3D1
:1002C800008008BD000000008C0300244C000108D9
:1002D80053B94AB9002908BF00281CBF4FF0FF31A5
:1002E8004FF0FF3000F074B9ADF1080C6DE904CEA1
:1002F80000F006F8DDF804E0DDE9022304B07047F9
:100308002DE9F047089D04468E46002B4DD18A42C0
:10031800944669D9B2FA82F252B101FA02F3C2F1F3
:10032800200120FA01F10CFA02FC41EA030E944084
:100338004FEA1C48210CBEFBF8F61FFA8CF708FBA5
:1003480016E341EA034306FB07F199420AD91CEB7D
:10035800030306F1FF3080F01F81994240F21C81AF
:10036800023E63445B1AA4B2B3FBF8F008FB1033F7
:1003780044EA034400FB07F7A7420AD91CEB04042C
:1003880000F1FF3380F00A81A74240F207816444FC
:10039800023840EA0640E41B00261DB1D440002381
:1003A800C5E900433146BDE8F0878B4209D9002DE5
:1003B80000F0EF800026C5E9000130463146BDE86F
:1003C800F087B3FA83F6002E4AD18B4202D38242D9
:1003D80000F2F980841A61EB030301209E46002D88
:1003E800E0D0C5E9004EDDE702B9FFDEB2FA82F2DD
:1003F800002A40F09280A1EB0C014FEA1C471FFA3B
:100408008CFE0126200CB1FBF7F307FB131140EA21
:1004180001410EFB03F0884208D91CEB010103F1EE
:10042800FF3802D2884200F2CB804346091AA4B2B0
:10043800B1FBF7F007FB101144EA01440EFB00FE84
:10044800A64508D91CEB040400F1FF3102D2A645E9
:1004580000F2BB800846A4EB0E0440EA03409CE788
:10046800C6F12007B34022FA07FC4CEA030C20FA35
:1004780007F401FA06F31C43F9404FEA1C4900FA55
:1004880006F3B1FBF9F8200C1FFA8CFE09FB1811D2
:1004980040EA014108FB0EF0884202FA06F20BD945
:1004A8001CEB010108F1FF3A80F08880884240F295
:1004B8008580A8F102086144091AA4B2B1FBF9F0D9
:1004C80009FB101144EA014100FB0EFE8E4508D9D4
:1004D8001CEB010100F1FF346CD28E456AD9023859
:1004E800614440EA0840A0FB0294A1EB0E01A1423E
:1004F800C846A64656D353D05DB1B3EB080261EBAC
:100508000E0101FA07F722FA06F3F1401F43C5E985
:10051800007100263146BDE8F087C2F12003D840BB
:100528000CFA02FC21FA03F3914001434FEA1C47FD
:100538001FFA8CFEB3FBF7F007FB10360B0C43EAEF
:10054800064300FB0EF69E4204FA02F408D91CEB9F
:10055800030300F1FF382FD29E422DD9023863449D
:100568009B1B89B2B3FBF7F607FB163341EA03413D
:1005780006FB0EF38B4208D91CEB010106F1FF388C
:1005880016D28B4214D9023E6144C91A46EA004683
:1005980038E72E46284605E70646E3E61846F8E615
:1005A8004B45A9D2B9EB020864EB0C0E0138A3E75E
:1005B8004646EAE7204694E74046D1E7D0467BE73F
:1005C800023B614432E7304609E76444023842E7B7
:1005D800704700BFFEE700BF0B480C4A904203D0AB
:1005E800121A0B490FF04AFC0A480B4A904203D0F2
:1005F800121A00210FF050FC03F052F80FF01AFC09
:1006080000F056F8FEE700BF00000024880300242D
:100618007C0001088803002434300024704700BFA0
:10062800704700BF704700BF704700BFAAB32DE9ED
:10063800F0410F4690460025184E2DED028B1848C4
:100648000FF0CAFB18B1174B012283F83420154864
:100658000FF04EF8F0EE408A134C9FED148A2046B6
:10066800B0EE680A0FF078FB204664340FF08EF97C
:1006780038EE008AA642F2D1D7E9003000EB8500B7
:1006880003EB8503013580ED008AA84583ED008AD8
:10069800D5D1BDEC028BBDE8F08170474805002438
:1006A80048050024A40300241C04002400000000C2
:1006B800F0B52848284F294D294C05F10C062DED99
:1006C800028B89B000F086F80021224800F064F916
:1006D8000421204800F088F81E4800F081F80DF148
:1006E800040CB0EE408A0FCFACE80F0097E8070083
:1006F8008CE807002046B0EE480A0FF013F9F6EE32
:10070800007AB5EC010A204620EE270A0FF070FAAD
:10071800204601A964340FF093FAB542EAD1114C8E
:10072800B1EE040AF0EE480A0F480FF043FB2046EA
:10073800B0EE480A0EF0C4FF0C480D4900230D4ADC
:10074800A060E16003480C496361A261236200F084
:1007580043F8FEE7DC030024B0FE00080400002490
:100768001C040024A4030024480500240AD7233CC1
:100778003333B33E9A99993E3506000810B50D48B3
:1007880000240D4A0D49046044610462C4630FF0FB
:100798003DFB094A0A4920460FF038FB064A094939
:1007A80009480FF033FB044A08490948BDE81040DE
:1007B8000FF02CBBDC0300240000002425060008F1
:1007C8003106000829060008A40300242D060008A5
:1007D80048050024704700BF143001F009BA00BF73
:1007E800143001F001BA00BF38B500F11405044611
:1007F8002DED028B284601F0E9F9284601F0F4F9BD
:100808002846B0EE408A01F0DDF9D0ED007AF8EE26
:10081800677A88EE277ABDEC028B84ED0E7A38BDB4
:1008280010B540F203338EB000244FF60B7240F23D
:100838000341ADF8083009A80123ADF81020ADF840
:1008480024202246ADF80C100094029907940C94C9
:10085800CDE90544CDE90A4401F0FEF904A80123D5
:1008680022460399009401F0F7F909A801F0DAFA91
:1008780010B901200EB010BD04A801F0D3FAA042AF
:100888000CBF022020460EB010BD00BF2DE9F0417C
:1008980003239AB0012700240646CDE914373B4BC1
:1008A800CDE9104340F20453CDE91647ADF848307E
:1008B800FFF7B6FFB842054625D0022845D040F6D6
:1008C8000132334B0DF12C081894ADF82C200B98FD
:1008D8001997CDF84A3000F0E3F810A906F13C006A
:1008E80002F0DAFA302003224FF07E5341460D938E
:1008F8000E93CDE90B02F26B06F1140001F02AF910
:100908001AB0BDE8F0811023214A06A906908DF897
:1009180028300DF12C081F4BCDF84A20079302947C
:10092800CDE91804CDE9080402A801F0EDFC08237C
:10093800029A03A94046ADF80C508DF80E40049574
:1009480005930B9400F0ECF8C7E700200121104B49
:100958000DF12C083A460094CDF84A304FF60B7347
:100968000C94ADF82C302346CDE9180140F601313E
:100978004046ADF818100699CDE90D4401F06CF920
:100988002146404601F05AFAA7E700BF04020404D2
:10099800040604030704010B2DE9F04704462DED76
:1009A800028B82B000294DD0012140F201120023B0
:1009B8000091ADF804208DF80630364A0127364BF1
:1009C80004F10409354904F12908626040F2027211
:1009D800A36040F60663E16004F1250AA4F8252027
:1009E800A4F82930278284F8277084F82B7002F045
:1009F8000DFE054602F070FC6946064650BB4DB335
:100A080004F130008DF8067002F088FD072D3CD106
:100A180004F114052046FFF739FF284601F0E4F8F1
:100A28002846B0EE408A01F0CDF8D0ED007AF8EE15
:100A3800677A88EE277A84ED0E7A02B0BDEC028BD5
:100A4800BDE8F08740F2011300918DF80610ADF86B
:100A58000430B2E704F1300002F060FD072D11D038
:100A68004946204601F098FE0EB9002DD0D15046D7
:100A780001F0EEF9404601F0EBF904F1120000F044
:100A880079F9C5E7002EF2D1C2E74946204601F0C0
:100A980083FEBDE70508050905070506050A0606DC
:100AA80010B584B003460124ADF8040003A8ADF8DE
:100AB8000C30ADF80E4001F0CBF9214603A801F047
:100AC800A3FA204602F006FC002103A801F09CFAD4
:100AD800204602F0FFFB214603A801F095FA04B076
:100AE80010BD00BF10B5C2F3002384B00C46017CD2
:100AF8008DF80D2043EA4402FA2402238DF80C20D5
:100B080003AA009401F096FC18B10124204604B011
:100B180010BD04460A2002F0DDFB204604B010BDDB
:100B2800034670B543F8042B044684B007C983E82C
:100B38000700A37983B91A210B461E22FA252374CC
:100B48002046ADF80C20022303AA009501F072FCA0
:100B580028B1012004B070BD1B210B46EDE70A2027
:100B680002F0B8FB4FF4B85200950223ADF80C2000
:100B7800204603AA217C01F05DFC0028E9D10A2067
:100B880002F0A8FB41F2027200950223ADF80C2096
:100B9800204603AA217C01F04DFC0028D9D10A2067
:100BA80002F098FB042200950223ADF80C202046A1
:100BB80003AA217C01F03EFC0028CAD10A2002F0D9
:100BC80089FB062200950223ADF80C20204603AAD3
:100BD800217C01F02FFC0028BBD10A2002F07AFB0F
:100BE80041F2082200950223ADF80C20204603AA02
:100BF800217C01F01FFC0028ABD10A20064602F038
:100C080069FB0095022303AA217C2046ADF80C60FD
:100C180001F010FC00289CD1304602F05BFB0095E7
:100C280022790C232046002A8DF80C3003AA4FF0B5
:100C3800020314BF622142218DF80D10217C01F0BE
:100C4800F9FB002885D1304602F044FB2279D4E92B
:100C580002310B43DBB20AB943F0400362790AB1AF
:100C680043F020030E22FA258DF80D30204600951A
:100C780002238DF80C2003AA217C01F0DBFB00285D
:100C88007FF467AF0A2002F025FB102200950223AB
:100C9800ADF80C20204603AA217C01F0CBFB0028EC
:100CA8007FF457AF0A2002F015FB122100950223AA
:100CB800ADF80C1003AA217C204601F0BBFB0028EC
:100CC8007FF447AF0A2002F005FB012209212046E4
:100CD800FFF708FF003818BF01203BE7F0B51023E5
:100CE80087B0234C012200250126002702A92046AF
:100CF8000195CDE902234FF48052CDE9046708F04D
:100D08005DFC642002F028FF02A94FF480522046BF
:100D1800CDE9046702261027CDE9026708F04EFCEA
:100D28000322102302A92046CDE90223002304222E
:100D3800CDE904234FF4805208F040FC40F23223FE
:100D4800042202A9019310232046CDE90223019A27
:100D5800012305924FF48052049308F02FFC40F6CB
:100D68000601204608F04AFC284607B0F0BD00BF3F
:100D7800600500241C4B00221C494FF0400C30B584
:100D8800054689B00220596007219A601A62012439
:100D9800DA620A224FF4006EDC6006922022CDE966
:100DA800000104200821CDE9020103201021CDE92A
:100DB800040108206946C3E904024FF4C072181DF3
:100DC800C3E906C24FF48052C3E909E208F0CCFB3C
:100DD80038B92846FFF782FF003818BF012009B04C
:100DE80030BD204609B030BD5C05002440410052AA
:100DF800614A0021D0B513688EB00A91002B40F0EB
:100E0800B9805E4B01214FF683700C2411600221DA
:100E1800D3F8D4200026032742F48052C3F8D42004
:100E2800D3F8D42002F480520092009AD3F8E0203C
:100E380042F01002C3F8E020D3F8E02002F01002DC
:100E48000192019AD3F8E02042F04002C3F8E02072
:100E5800D3F8E02002F040020292029AD3F8E02090
:100E680042F00802C3F8E020D3F8E02002F00802BC
:100E78000392039AD3F8E02042F48072C3F8E0208A
:100E8800D3F8E02002F480720492049AD3F8E020A8
:100E980042F08002C3F8E020D3F8E02002F080029C
:100EA8000592059AD3F8E02042F02002C3F8E0202A
:100EB800D3F8E02002F020020692069AD3F8E02048
:100EC80042F00402C3F8E020D3F8E0300C9403F0B9
:100ED800040307930323079A0B93CDE9080108A994
:100EE800274803F0DFFE48F23712022308A92548F5
:100EF8000C94CDE90823CDE90A6703F0D3FE4CF240
:100F08000372022308A920480C94CDE90823CDE9EF
:100F18000A6703F0C7FE40F2FF62022308A91B48D4
:100F28000C94CDE90823CDE90A6703F0BBFE4FF620
:100F38000C72022308A916480C94CDE90823CDE9C0
:100F48000A6703F0AFFE4FF63F02022308A91148D3
:100F58000C94CDE90823CDE90A6703F0A3FE20220B
:100F6800022308A90A480C94CDE90A67CDE90823A9
:100F780003F098FE0EB0D0BD580500240044025876
:100F88000010025800180258000C0258002002589D
:100F9800001C0258001402582DE9F04FDFF81084A5
:100FA80006460D46144608F118002DED028B89B04F
:100FB80000AF02F069F8D8F8183073B3D8F81C30CD
:100FC800D8F80490002B43690BBF4FF0080A4FF084
:100FD800100A4FF0020B4FF0040BB9F1000F2AD0A2
:100FE800A200EA46012B02F1070222F00702ADEB4C
:100FF800020D6846ADEB020D694600F03F81022BF9
:1010080000F0D680002B6FD02246C847D54624373B
:10101800BD46BDEC028BBDE8F08FD8F81C30002B24
:10102800F5D0D8F804904FF0080A4FF0020B436946
:10103800B9F1000FD4D1FB61D8F80030BB61002BA7
:10104800E5D0D54802F092F86B46BBF1020F786103
:1010580008EE103AFB6900F083816A465146A2EB1C
:10106800C40295466200EA46B2FBFBF2AAEBC40052
:1010780085460AEB8200EE46F861ADEB010DF86992
:101088000EEB820CC7F810C0EC46ADEB010D00EB7F
:101098008201CCF80400CCF8081001EB8201386911
:1010A800E946CCF80C1000EB8201CCF800A001EB6B
:1010B8008202C9E900E0C9E90212012B00F0648349
:1010C800022B00F06C82002B00F0808162084946F8
:1010D8006046BB69984718EE103A24379D46BD46CE
:1010E800BDEC028BBDE8F08F002C8DD01A46D8EDF0
:1010F8000C6A9FEDB27A8446331D36F922E00CF172
:10110800080C07EE90EA33F922E00232F8EEE77AAB
:10111800944267EE877A67EEA67A4CED027A07EE7C
:1011280090EAF8EEE77A67EE877A67EEA67A4CEDF2
:10113800017AE2D8F9612246C847984ED8ED0D6A7F
:101148000020F9692B1D9FED9E7A9FED9E6ADFEDC9
:101158009E5A22E0F4EEC67AF1EE10FAC0F2C88484
:1011680047F6FE72D1ED017A45F8202066EEA77A9F
:10117800F4EEC77AF1EE10FA40F2F080F4EEC67A97
:10118800F1EE10FAC0F2D58447F6FE7243F820203B
:101198000230083184427FF639AFD1ED007A66EE2D
:1011A800A77AF4EEC77AF1EE10FAD3D83246D9E727
:1011B800002C3FF429AFD8ED0C6A84469FED787A6D
:1011C8000022331D8E4656F822100CF1080C07EE4B
:1011D800901A53F822100232F8EEE77A944267EE3A
:1011E800877A67EEA67A4CED027A07EE901AF8EE47
:1011F800E77A67EE877A67EEA67A4CED017AE2D84D
:1012080071462246C7F81CE0C847664ED8ED0D6AFD
:101218000020F9692B1D9FED6A7A9FED6A6ADFF855
:1012280094C120E0F4EEC67AF1EE10FAC0F27984A7
:101238003246D1ED017A45F8202066EEA77AF4EE21
:10124800C77AF1EE10FA40F28780F4EEC67AF1EE32
:1012580010FAC0F25E84324643F82020023008318A
:1012680084427FF6D3AED1ED007A66EEA77AF4EE2B
:10127800C77AF1EE10FAD5D86246DAE7002C3FF4C7
:10128800C3AED8ED0C6A86469FED477A4FF0000C46
:10129800331D56F82C200EF1080E82F40002A2F538
:1012A800000207EE902A53F82C200CF1020CF8EEFD
:1012B800E77A82F400026445A2F5000267EE877AB5
:1012C80067EEA67A4EED027A07EE902AF8EEE77AF4
:1012D80067EE877A67EEA67A4EED017AD9D8F9617A
:1012E8002246C847314ED8ED0D6A0020F9692B1DFA
:1012F8009FED337A9FED336ADFF8BCC01FE0F4EE50
:10130800C67AF1EE10FAC0F2FC833246D1ED017ACA
:1013180045F8202066EEA77AF4EEC77AF1EE10FAC7
:1013280018D9F4EEC67AF1EE10FAC0F2DA83324632
:1013380043F820200230083184427FF667AED1EDB1
:10134800007A66EEA77AF4EEC77AF1EE10FAD6D8EC
:101358006246DBE76246EBE762467DE7324615E721
:10136800A100D6466208073121F00701ADEB010D57
:10137800EA46ADEB010D6946ADEB0E0D0AEB8200B6
:10138800EC46ADEB0E0D01EB8202F861E946CCE9C3
:1013980000A0C9E9001290E6B00500240280FFFF12
:1013A800000000300082FF7F0000003482FF7F00D1
:1013B80094050024007E00807E0080FF0000003835
:1013C80004FF7FBF04FF7F3F00FEFF46002C00F0B4
:1013D800C982BBF1020FD8F8242000F0FA8279699B
:1013E800C7F8049002EB810E5FED0C5A8A00DCF816
:1013F80008100EF104007A611A46DCF80C303B61E3
:10140800331DD7F810903D61FD69C7E902CB8C46C2
:10141800834636F92210D8ED0C7A06EE101A33F905
:10142800221006EE901A3EF92210B8EEC66A07EEB0
:10143800101AF8EEE66A3BF92210B8EEC77A26EEE3
:10144800256A66EEA56A27EE257A26EE276A66EEF5
:10145800A76A27EE277A07EE901A51080232F8EEAB
:10146800E77A0AEB8100944280ED006A05EB81007F
:1014780067EEA57AC0ED006A0CEB810009EB8101EB
:1014880080ED007A98ED0C7A67EE877AC1ED007AE4
:10149800BFD8D7F804903D69D7E902CB6046620807
:1014A800BB6949469847D8F82C307A69D8ED0D6A57
:1014B8001A441FED3D7A1FED3D6A2B1D904602F13F
:1014C800040A5FED3F5A0022A84ED9E900EC51E02A
:1014D800F4EEC67AF1EE10FAC0F2C78247F6FE7053
:1014E80045F822000CEB0100D0ED007A66EEA77AF1
:1014F800F4EEC77AF1EE10FA4BD9F4EEC67AF1EEB3
:1015080010FAC0F2BA8247F6FE70BBF1020F43F838
:1015180022002BD0D9F808000844D0ED007A66EEF6
:10152800A77AF4EEC77AF1EE10FA36D9F4EEC67A55
:10153800F1EE10FAC0F2CD8247F6FE7048F82200AC
:10154800D9F80C000144D1ED007A66EEA77AF4EEE2
:10155800C77AF1EE10FA1ED9F4EEC67AF1EE10FA57
:10156800C0F2AF8247F6FE714AF822100232944266
:101578007FF6B1AD51080EEB81008900D0ED007AFD
:1015880066EEA77AF4EEC77AF1EE10FAA0D83046E4
:10159800A6E73046B9E73146E6E73046CEE7002C05
:1015A80000F0E081BBF1020FD8F8243000F0E181AF
:1015B8007A69DCF8081003EB820EC7F804909300F0
:1015C800DFED6B5A0EF1040000227B61DCF80C3071
:1015D8003B61331DD7F810903D61FD69C7E902CB27
:1015E8008C46834656F82210D8ED0C7A07EE101A6E
:1015F80053F82210B8EEC76A07EE101A5EF82210E8
:10160800F8EEC76A07EE101A26EE256A5BF8221074
:10161800B8EEC77A66EEA56A26EE276A27EE257A1F
:1016280066EEA76A27EE277A07EE901A510802326B
:10163800F8EEE77A0AEB8100944280ED006A05EB48
:10164800810067EEA57AC0ED006A0CEB810009EB1A
:10165800810180ED007A98ED0C7A67EE877AC1ED0A
:10166800007ABFD8D7F804903D69D7E902CB604625
:101678006208BB6949469847D8F82C307A69D8ED92
:101688000D6A1A449FED3E7A9FED3E6A131D9246FD
:10169800DFF8E4C00022FB612B1D364ED9E9008E2D
:1016A8004EE0F4EEC67AF1EE10FAC0F2FC81304654
:1016B80045F822000EEB0100D0ED007A66EEA77A1D
:1016C800F4EEC77AF1EE10FA49D9F4EEC67AF1EEE3
:1016D80010FAC0F2EF813046BBF1020F43F8220046
:1016E8002AD0D9F808000844D0ED007A66EEA77A27
:1016F800F4EEC77AF1EE10FA35D9F4EEC67AF1EEC7
:1017080010FAC0F2C98130464AF82200D9F80C0014
:101718000144D1ED007A66EEA77AF4EEC77AF1EECD
:1017280010FA1ED9F4EEC67AF1EE10FAC0F2AD81C5
:101738003146F86940F82210023294427FF6CBAC69
:10174800510808EB81008900D0ED007A66EEA77A8F
:10175800F4EEC77AF1EE10FAA3D86046A8E760461F
:10176800BAE76146E5E76046CEE700BF0280FFFFC3
:10177800000000300082FF7F007E008000000034FF
:1017880004FF7FBF04FF7F3F002C00F0EB807A69E5
:101798000021D8F82430C7F8109003EB820ED7F850
:1017A8001C909300FD610EF104021FED0C6A7B6131
:1017B800331D154656F821204808D8ED0C6ABBF1B0
:1017C800020F82F40002A2F5000207EE902A53F8F5
:1017D800212082F40002B8EEE77AA2F5000227EE93
:1017E800067A07EE902A0AEB8002F8EEE77A27EEEF
:1017F800267A67EE867A82ED007A09EB80024FEA54
:10180800800067EEA67AC2ED007A27D05EF8212024
:1018180082F40002A2F5000207EE902A55F8212072
:1018280082F40002B8EEE77AA2F5000227EE067A03
:1018380007EE902ADCF80820F8EEE77A024427EE53
:10184800267A67EE867A82ED007A98ED0C7ADCF8D3
:101858000C2067EE877A0244C2ED007A02318C428E
:10186800A8D8D7F8109060466208BB694946FD6958
:101878009847D8F82C307A69D8ED0D6A1A441FEDCC
:10188800407A1FED406A131D9246DFF8C4C2002259
:10189800FB612B1DAB4ED9E9008E4EE0F4EEC67A03
:1018A800F1EE10FAC0F2C580304645F822000EEB82
:1018B8000100D0ED007A66EEA77AF4EEC77AF1EE71
:1018C80010FA49D9F4EEC67AF1EE10FAC0F2BF80E8
:1018D8003046BBF1020F43F822002AD0D9F808009D
:1018E8000844D0ED007A66EEA77AF4EEC77AF1EEF6
:1018F80010FA35D9F4EEC67AF1EE10FAC0F2AE80DD
:1019080030464AF82200D9F80C000144D1ED007A9B
:1019180066EEA77AF4EEC77AF1EE10FA1ED9F4EE65
:10192800C67AF1EE10FAC0F28B803146F86940F8B9
:101938002210023294427FF6CEAB510808EB8100A8
:101948008900D0ED007A66EEA77AF4EEC77AF1EE58
:1019580010FAA3D86046A8E76046BAE76146E5E70B
:101968006046CEE7224649466046BB699847FFF77E
:10197800B2BBC7F810B0002298ED0C6A331DDFED3A
:10198800726AD7F81CB0786956F8221007EE901AD8
:1019980053F82210B8EEE77A07EE901A510802328F
:1019A800F8EEE77A27EE267A0AEB810E94420BEBE3
:1019B800810167EEA67A27EE067A67EE867A8EEDC3
:1019C800007AC1ED007ADFD88300D7F810B07B61C8
:1019D8004DE61A46C7F810B098ED0C6A331DDFEDD6
:1019E8005B6AD7F81CB0786936F9221007EE101A2E
:1019F80033F9221007EE901AB8EEC77A510802326E
:101A0800F8EEE77A27EE267A0AEB810E94420BEB82
:101A1800810167EEA67A27EE067A67EE867A8EED62
:101A2800007AC1ED007ADFD88300D7F810B07B6167
:101A380034E5F0EE675AFEEEE45A15EE900A34E704
:101A4800F0EE675AFEEEE45A15EE901A6EE7F0EEE5
:101A5800675AFEEEE45A15EE900A3AE7F0EE675A36
:101A6800FEEEE45A15EE900A4BE767EEA57AFDEE16
:101A7800E77A17EE900A00B232E567EEA57AFDEE36
:101A8800E77A17EE900A00B23FE5F0EE675AFEEEED
:101A9800E05A15EE901A4CE6F0EE675AFEEEE05A60
:101AA80015EE900A30E6F0EE675AFEEEE05A15EEB3
:101AB800900AFDE5F0EE675AFEEEE05A15EE900A40
:101AC8000AE667EEA57AFDEEE77A17EE901A09B2F4
:101AD8004AE567EEA57AFDEEE77A17EE900A00B2BE
:101AE8002CE5F0EE675AFEEEE45A15EE902A1FE454
:101AF80067EEA57AFDEEE77A17EE902A12B2FFF7A5
:101B080031BBF0EE675AFEEEE45A15EE902AFFF765
:101B1800FDBBF0EE675AFEEEE05A15EE902AFFF78D
:101B28009BBBF0EE675AFEEEE05A15EE902AFFF7DF
:101B380080BB67EEA57AFDEEE77A17EE902A12B21F
:101B4800FFF724BB82FF7F00000000300000003850
:101B58007E0080FF30B5184C154685B0046004F14E
:101B6800080EEC460FC98EE80F00D4ED047AF5EEA6
:101B7800C07A8CE80F00F1EE10FA1ADDB7EE006AB1
:101B880094ED057A27EE277AC6EE276A84ED0D7A5A
:101B9800C4ED0C6A6DB1204640F8185F01F074FA84
:101BA800064903690020064A2162A262E36005B083
:101BB80030BD012005B030BD940500240020003060
:101BC8000000003000680830704700BFB1F5807F22
:101BD80003680A4628BF4FF48072B1F5807F9A6087
:101BE80094BF0020012070470068183001F0ACBA9B
:101BF80030B5046883B00D46E3694BB1A368002093
:101C0800E26A616A9B00009004F11C0001F03EFA50
:101C1800A3680748A26A9B00216A009004F1180093
:101C280001F034FA0020C4E9005003B030BD00BF11
:101C3800A10F000810B4074B4FF07E51302400224A
:101C4800032019619C60D8605DF8044B5961C3E9B1
:101C5800062270479405002410B592B0ADF8041020
:101C68000180C9B2149C0B29C460C0E901233FD08C
:101C780090F801C0BCF10F0F3AD8022A3FD0032ACE
:101C880002D0012A00D000220E92012B02D0022B92
:101C980018BF0023022C0F932CD0032C2AD0012C20
:101CA80028D000230A29109327D85C4A02EB812206
:101CB80002610A2914D8DFE801F0A39587796B5DE2
:101CC8004F4133250600564BD3F8E01041F48061AC
:101CD800C3F8E010D3F8E03003F480630C930C9B56
:101CE80001230DA9104603FA0CF30D9302F0DAFF55
:101CF80012B010BD0A291094D7D90022D8E71122B2
:101D08000E92C2E7464BD3F8E01041F40071C3F8D5
:101D1800E010D3F8E03003F400730B930B9BDFE77C
:101D28003F4BD3F8E01041F48071C3F8E010D3F8CA
:101D3800E03003F480730A930A9BD1E7384BD3F859
:101D4800E01041F08001C3F8E010D3F8E03003F070
:101D580080030993099BC3E7314BD3F8E01041F0A6
:101D68004001C3F8E010D3F8E03003F040030893D3
:101D7800089BB5E72A4BD3F8E01041F02001C3F8DF
:101D8800E010D3F8E03003F020030793079BA7E7A0
:101D9800234BD3F8E01041F01001C3F8E010D3F85A
:101DA800E03003F010030693069B99E71C4BD3F829
:101DB800E01041F00801C3F8E010D3F8E03003F078
:101DC80008030593059B8BE7154BD3F8E01041F00A
:101DD8000401C3F8E010D3F8E03003F004030493DF
:101DE800049B7DE70E4BD3F8E01041F00201C3F8E5
:101DF800E010D3F8E03003F002030393039B6FE78E
:101E0800074BD3F8E01041F00101C3F8E010D3F814
:101E1800E03003F001030293029B61E700000258DF
:101E28000044025808B5012143780069994089B2F5
:101E380003F040F9003818BF012008BD01230A4605
:101E48004178006903FA01F189B203F039B900BF9A
:101E58008378022B30B504468FB037D0032B33D0AC
:101E6800012B31D000230A93E378012B2AD0022BCF
:101E780028D000230B93002320460C9301F04AFD41
:101E88000546204601F04EFD23780990082B13D80B
:101E9800DFE803F01F3245586B7E91A40500594BCB
:101EA800D3F8E02042F48072C3F8E020D3F8E030A1
:101EB80003F480730893089B09A9284602F0F2FEF0
:101EC8000FB030BD0B93D6E70A93CDE711230A93E1
:101ED800CAE74C4B09A92846D3F8E02042F0010292
:101EE800C3F8E020D3F8E03003F001030093009B2F
:101EF80002F0D8FE0FB030BD424B09A92846D3F8EE
:101F0800E02042F00202C3F8E020D3F8E03003F00A
:101F180002030193019B02F0C5FE0FB030BD394B9F
:101F280009A92846D3F8E02042F00402C3F8E020CB
:101F3800D3F8E03003F004030293029B02F0B2FEF0
:101F48000FB030BD2F4B09A92846D3F8E02042F046
:101F58000802C3F8E020D3F8E03003F00803039345
:101F6800039B02F09FFE0FB030BD264B09A92846FF
:101F7800D3F8E02042F01002C3F8E020D3F8E030B4
:101F880003F010030493049B02F08CFE0FB030BDE5
:101F98001C4B09A92846D3F8E02042F02002C3F8D8
:101FA800E020D3F8E03003F020030593059B02F00E
:101FB80079FE0FB030BD134B09A92846D3F8E020AD
:101FC80042F04002C3F8E020D3F8E03003F04003C9
:101FD8000693069B02F066FE0FB030BD094B09A9B7
:101FE8002846D3F8E02042F08002C3F8E020D3F876
:101FF800E03003F080030793079B02F053FE0FB015
:1020080030BD00BF0044025870B506460D4601F0C9
:1020180081FC0446304601F085FC2A1E0146204614
:1020280018BF0122BDE8704003F04AB8002312220D
:1020380070B586B0CDE9022304930368032B01D859
:1020480004230593061D841D304601F063FC0546F4
:10205800304601F067FC034601A92846019302F0C7
:1020680021FE204601F056FC034620461C4601F09E
:1020780059FC01A903462046019302F013FE06B05D
:1020880070BD00BF634A0368934210B58CB028D076
:10209800614A934258D0614A934200F09480604A62
:1020A800934201D00CB010BD5E4C5F48D4F8E030CC
:1020B80043F00203C4F8E030D4F8E03003F0020340
:1020C8000A930A9BFFF7B2FFD4F8F43043F0800379
:1020D800C4F8F430D4F8F43003F080030B930B9B6E
:1020E800E0E7504C5148D4F8E03043F00203C4F81C
:1020F800E030D4F8E03003F002030193019BFFF7CE
:1021080095FFD4F8E83000221F2043F4001311464D
:10211800C4F8E830D4F8E83003F400130293029BC3
:10212800D4F8D83043F00103C4F8D830D4F8D83004
:1021380003F001030393039B01F038FD1F200CB04B
:10214800BDE8104001F070BD364C3948D4F8E03095
:1021580043F08003C4F8E030D4F8E03003F08003A3
:102168000493049BD4F8E03043F00203C4F8E03051
:10217800D4F8E03003F002030593059BFFF756FF00
:10218800D4F8E8300022212043F480031146C4F833
:10219800E830D4F8E83003F480030693069BD4F8BB
:1021A800D83043F00103C4F8D830D4F8D83003F05D
:1021B80001030793079B01F0F9FC21200CB0BDE84F
:1021C800104001F031BD1B48FFF730FF154B0022CE
:1021D8004820D3F8E840114644F40004C3F8E84026
:1021E800D3F8E84004F400040894089CD3F8D840D5
:1021F80044F00104C3F8D840D3F8D83003F0010301
:102208000993099B01F0D2FC48200CB0BDE81040AE
:1022180001F00ABD0054004000580040005C004036
:10222800001C00580044025858080024D005002417
:10223800A8060024800700242DE9F0431A4B87B034
:1022480000254FF010099E46EC46184BFF22E04649
:1022580067461A700EF118060EF13004CDE90055E4
:10226800CDE90255ADF80090BCE80F00CDE9045562
:10227800AEE80F009CE803000095ADF800908EE8EA
:102288000300B8E80F000FC69CE803000095ADF8FE
:10229800009086E803000FCF0FC49CE8030084E891
:1022A800030007B0BDE8F08310000024CC0500242B
:1022B80010B5EFF3108472B6084B1A78120602D5DF
:1022C80004B962B610BD1B78D82205485BB202FB80
:1022D8000300143002F094F9F2E700BFCC050024A3
:1022E800D0050024014803F083BD00BF5C0600242C
:1022F800014803F07DBD00BF34070024014803F006
:1023080077BD00BF0C0800242DE9F0430F68D824DE
:102318003F4D85B007FB04F4032F05EB040303606E
:1023280040DCCB680E46012B3CD84DD04FF0D80886
:10233800B646DFF8FC9008FB0758BEE80F00C44615
:10234800ACE80F00DEF800300DF1100ECCF80030CC
:10235800D8F808C099E80F000EE90F000EEB8703C4
:10236800BCF1010F53F8103CC8F88C3031D0BCF1E7
:10237800020F42D0BCF1000F35D0317C8C34D82309
:10238800002201202C4403FB07534900C3E926021D
:10239800C3F894102046C3E92822C3E92A2203F08F
:1023A80019FB18B1012005B0BDE8F08301462046AD
:1023B80003F02AFD0028F5D10146204603F04EFD22
:1023C800003818BF0120EEE70B7C103B672BADD916
:1023D800E8E701F019F90F4B98420CBF0E4B0F4B71
:1023E800C8F89030C9E701F00FF90A4B98420CBFC2
:1023F8000B4B0C4BC8F89030BFE701F005F9054BC3
:1024080098420CBF084B094BC8F89030B5E700BF9D
:10241800D0050024000E27072D0FB0303211D02030
:102428005F4390608A62E030200BA0101A09801088
:10243800CCFE00082DE9F041D0F8008082B00D46AE
:1024480017461E4608F18C04204603F0D9FC2028C4
:10245800FAD1D8F80C3073B96D002046089C334681
:102468003A46A9B2009403F00BFB003818BF0120CC
:1024780002B0BDE8F081089B32463946204603F099
:10248800D3FBF2E7044B10221A7483F8E82083F890
:10249800C02183F898227047D005002430B5002366
:1024A80095B04FF48071062204460B93069213935D
:1024B800CDE90C13CDE90E33CDE9113301F0A6F8BF
:1024C80007282BD004F1100541F2883206A92846C6
:1024D80004F0D6FA28B10123184684F85C3015B008
:1024E80030BD0222022306A92846CDE90023102286
:1024F8000123CDE9022300224FF48003CDE9042310
:1025080005224FF0807306926A460F9341F2883392
:1025180004F022FC0028DED115B030BD03230120D1
:1025280084F85C3015B030BD70B50023A4B04FF00E
:1025380080724FF480750446ADF806300D93CDE9EE
:1025480010320122CDE90E53CDE91223CDE914331F
:10255800002943D0F02300F1100508AEADF806308D
:10256800C02341F2883231462846089304F088FA9D
:1025780028B10123184684F85C3024B070BD41F2BC
:1025880088320DF10601284604F0E4FA03460028D3
:10259800EFD105224FF480711E93284616924FF012
:1025A80080721B9321931F9202AA9FED1F7BCDE996
:1025B8001C13CDE922338DED027B9FED1D7B41F28B
:1025C800883316A98DED047B9FED1B7B8DED067B73
:1025D80004F0C2FB0028CCD124B070BD00F1100576
:1025E80008AE612341F2883231462846089304F048
:1025F80047FA0028BDD141F288320DF1060128467C
:1026080004F026FB0028B4D1BDF80630204623F09C
:10261800780343F04003ADF80630FFF73FFF00288A
:102628009ED0A6E7AFF30080000000000100000084
:102638001000000001000000000000000000400041
:102648002DE9F04F00234FF4807501264FF0807874
:1026580004462DED028BABB08DF807301393219310
:10266800299314950E96CDF85C80CDE91533CDE904
:102678001863CDE91A33CDE92253CDE92433CDE9E6
:10268800273306231C9300F0C1FF072808D004F164
:10269800100741F288321CA9384604F0F1F940B11C
:1026A8000123184684F85C302BB0BDEC028BBDE8E2
:1026B800F08F4FF0020A4FF0020B4FF0050941F27C
:1026C800883308AA1CA93846CDF89480CDF87090B4
:1026D8009FED2D8BCDE908AB4FF0000A4FF4800B2E
:1026E8008DED0A8BCDE90CAB04F036FB0028D7D171
:1026F80041F2883238460EA904F0C2F90028CFD139
:10270800402341F288320DF1070138468DF8073031
:1027180004F020FA0028C3D141F288330EA902AA96
:102728003846CDF83890CDF85C809FED197B8DED5B
:10273800048BCDE906AB8DED027B04F00DFB03465F
:102748000028ADD1CDF870904FF00109CDF89480F4
:102758004FF00008219308AA29931CA9384622950E
:10276800CDE92333CDE9273341F288338DED0A8B48
:10277800CDE90CABCDE9088904F0EEFA002893D036
:10278800304684F85C608FE710000000010000000C
:1027980040000000400000002DE9F043624CA3B067
:1027A8000D46046000F032FF072800F0A980286871
:1027B80023466968AA6807C31E46AB8926F8043B06
:1027C8003046257B677B04F03DF9E0B9574B012D76
:1027D8004FF00108E061236114BF4FF480134FF4F8
:1027E8000003C4E9058893FAA3F3B3FA83F34FF41B
:1027F8008079013BC4F82490C4E90B003046236279
:1028080004F0B4F838B10122134684F85C20184665
:1028180023B0BDE8F08366230B90139041F2883211
:1028280006A90693CDE90C90CDE90E00CDE911007B
:10283800304604F025F90028E5D1992341F2883281
:1028480006A93046069304F01BF90028DBD10523BE
:102858001C9019906A4614934FF08073219014A924
:102868001D9341F288339FED2A7BCDE91A90CDE97B
:102878001F008DED007B9FED287B30468DED027BA0
:102888009FED277B8DED047B04F066FA0028BAD112
:1028980029462046FFF748FE0028B4D12046FFF716
:1028A800CFFE03460028AED1002FB0D11893304692
:1028B8000027002606AA14A9CDF86890CDE91F3391
:1028C800EB2314934FF440631B934FF40053179377
:1028D8004FF440431C93A0231693062319934FF0FB
:1028E800805321934FF04073CDE906671D9304F0A0
:1028F800ABFA034600288AD0434684F85C8086E712
:1029080001230322184684F85C2023B0BDE8F08335
:10291800000000000100000010000000010000009D
:102928000000000000004000300900240050005260
:102938002DE9F04F8FB0414B0024026800AF9A4256
:102948007C63C7E90944C7E90B4403D03C37BD465B
:10295800BDE8F08F3A4B40F609213A48EB46D3F8E8
:10296800D42007F11C0607F1220A4FF0020942F4AD
:1029780080424FF00308C3F8D420D3F8D42002F4DF
:102988008042BA60BA68D3F8E02042F04002C3F847
:10299800E020D3F8E02002F04002FA60FA68D3F8A9
:1029A800E02042F02002C3F8E020D3F8E02002F053
:1029B80020023A613A69D3F8E02042F01002C3F8E5
:1029C800E020D3F8E02002F010027A617A69D3F8A7
:1029D800E02042F00202C3F8E020D3F8E030F861CA
:1029E80003F002033984BB61174B7B60BB697B68CA
:1029F80053F8040F7B6000F08DFF7B68054618686C
:102A080000F090FF16F8013B786207F12401284690
:102A1800C7F830807B63C7E90A9402F043F956454A
:102A2800E5D100225C20114601F0C0F85C2001F0DD
:102A3800FBF83C37DD46BD46BDE8F08F005000523C
:102A4800004402580A0A09098C090024114B02683B
:102A58009A4200D07047104A70B5D2F8D4300F4C63
:102A680023F4804304F11806C2F8D43054F8040F54
:102A780000F050FF0546206800F054FF0146284644
:102A880002F050FAB442F1D15C20BDE8704001F088
:102A9800D9B800BF00500052004402588C090024E5
:102AA800014804F05DBA00BF40090024084B1A1D14
:102AB800981D03F1080110B49C1C9A6603F10A02E0
:102AC800C3E91834C3E91B015DF8044B5A67704722
:102AD8003009002438B5036871B9026A00F1280585
:102AE80000F5AC74012A0CBF002140218BBB1D4BA3
:102AF8005722C0F858310DE0426A00F1C00500F5D0
:102B0800E874012A0CBF00214021EBB1164B5A2270
:102B1800C0F8D03100232046C4E901214FF4805287
:102B28004FF48061636262614FF48042C4E903310B
:102B38004FF48073C4E906234FF40033236201F095
:102B4800E7F958B1FFBEFEE7084B5822C0F8D0316C
:102B5800E0E7074B5922C0F85831DBE7C5E92044C4
:102B6800A56338BD100002407000024028000240F2
:102B7800580002402DE9F043821D05468BB0031D25
:102B880005F10A010830CDE9052305F10C02AB690E
:102B9800CDE907010992002B3DD0EB69B3FA83F820
:102BA8004FEA58180123022205AE0AAF4FF0060972
:102BB8000393CDE9012356F8044B2B7922789342ED
:102BC80016D02B68F3B1012B02D1F2B10A2304937A
:102BD800204600F0A7FE03462046009300F09AFE28
:102BE800694602F05FF8BE42E5D10BB0BDE8F0835C
:102BF800697963789942E4D1B8F1000FF3D02B6872
:102C0800002BE0D1CDF81090E2E76378022B14BFD7
:102C18000A230823DBE74FF00108C3E7534A036898
:102C2800934230B505468BB055D02032934252D0EE
:102C38004F4A934204D02032934201D00BB030BDAA
:102C48004C4C4D48D4F8E03043F00103C4F8E03070
:102C5800D4F8E03003F001030593059BD4F8E03085
:102C680043F00803C4F8E030D4F8E03003F0080378
:102C78000693069BD4F8E03043F04003C4F8E030F4
:102C8800D4F8E03003F040030793079BD4F8F03002
:102C980043F40003C4F8F030D4F8F03003F4000330
:102CA8000893089BFFF766FFD4F8D830296843F0EB
:102CB80001032F4A3048C4F8D830891AD4F8D830DC
:102CC80018BF012103F001030993099B0BB0BDE86C
:102CD8003040FFF7FFBE274C2848D4F8E03043F0D7
:102CE8000103C4F8E030D4F8E03003F001030093A6
:102CF800009BD4F8E03043F01003C4F8E030D4F877
:102D0800E03003F010030193019BD4F8E03043F066
:102D18004003C4F8E030D4F8E03003F040030293F5
:102D2800029BD4F8F03043F48003C4F8F030D4F8B0
:102D3800F03003F480030393039BFFF71BFFD4F8E1
:102D4800D830296843F00103084A0C48C4F8D83041
:102D5800891AD4F8D83018BF012103F0010304936D
:102D6800049B0BB0BDE83040FFF7B4BE04580140E7
:102D7800045C014000440258040C0024A809002403
:102D8800014801F03DBC00BF000B0024014801F0E0
:102D980037BC00BF780B0024014801F031BC00BFEC
:102DA8005C0D0024014801F02BBC00BFD40D0024A9
:102DB8001A4A0368934210B40BD02032934208D0C9
:102DC800174A934216D02032934213D05DF8044B31
:102DD8007047144B0022D3F85442C3F85822002CF1
:102DE800F4D0D3F84802D3E9931223465DF8044B94
:102DF800520818470B4B0022D3F8B044C3F8B42448
:102E0800002CE3D0D3F8AC24D3F8A814D3F8A40446
:102E1800520823465DF8044B184700BF0458014088
:102E2800045C0140A8090024184A0368934210B4BE
:102E38000BD02032934208D0154A934217D0203243
:102E4800934214D05DF8044B7047124BD3E9942495
:102E58005208C3F85822002CF4D0D3E99201234633
:102E680001EB820100EB82005DF8044B1847094B27
:102E7800D3F8AC24D3F8B0445208C3F8B424002CD7
:102E8800E0D0D3F8A814D3F8A404E8E70458014024
:102E9800045C0140A80900242DE9F04F0C684FF4A8
:102EA8001776754F87B004FB06F6012C07EB060A68
:102EB800C0F800A000F3A0800D468E464FF0000831
:102EC800D44669A3D3E9002369A1D1E90001CDE97A
:102ED800022306ABCAF8508203EB8403CDE9040150
:102EE80053F810BC53F8083CCAE992880193BEE82D
:102EF8000F00ACE80F00BEE80F00ACE80F00019B24
:102F08009EE80300CAF828B0CAF8C0308CE803006D
:102F18002B69042B0CD8DFE803F0737D879103003D
:102F28004FF41773554A03FB04739A64C3F8E020FF
:102F3800AA692B6A002A43D0002B4FF4177308BFE5
:102F4800022203FB047318BF0322DA6201221A6308
:102F5800EA696B6A002A40D1191E4FF4177318BF2B
:102F6800012103FB0473C3E931126B69022B05D8F5
:102F7800434A12F80380434A52F823904FF41773D8
:102F880006F128004246494603FB047400233844EE
:102F980063646363E365C4F8DC30C4F8CC30C4F818
:102FA800F430C4E90F33C4E91533C4E93533C4E94F
:102FB8003B33022306F076F8002849D0FFBEFEE72F
:102FC800191E4FF4177318BF012103FB0473C3E9DB
:102FD8000B12EA696B6A002ABED0002B4FF41773F4
:102FE80008BF022203FB047318BF0322C3F8C420DE
:102FF8000122C3F8C820B8E7012007B0BDE8F08F68
:103008004FF417734FF4FA5203FB04739A64C3F82E
:10301800E0208DE74FF417734FF47A5203FB0473E3
:103028009A64C3F8E02083E74FF417734FF4FA4229
:1030380003FB04739A64C3F8E02079E74FF417732D
:103048004BF6803203FB04739A64C3F8E0206FE701
:1030580006F1C000022342464946384406F022F8E9
:103068000028CAD0FFBEFEE704580140045C0140B6
:1030780024580140245C0140A8090024007701007D
:1030880000FF000804FF00080068704770B5046876
:1030980082B015460E46C4F85032C4E99212069A18
:1030A800C4F85422A269012A26D0626A012A9AB277
:1030B80011D0294604F1C000019206F0AFF8236A46
:1030C800019A012B10D0294604F1280006F0A6F831
:1030D800002002B070BD04F1C000019206F030F982
:1030E800236A019A012BEED1314604F1280006F03B
:1030F80027F9002002B070BD226A012A9AB211D0C5
:10310800294604F12800019206F088F8636A019ABA
:10311800012B10D0294604F1C00006F07FF80020EA
:1031280002B070BD04F12800019206F009F9636A43
:10313800019A012BEED1314604F1C00006F000F9E6
:10314800002002B070BD00BF03681B69042B05D8BE
:10315800044A02EB830393ED000A70479FED020ACD
:10316800704700BF10FF000800803B470368D3F892
:1031780058027047704700BF08B500F0DBFCBDE897
:10318800084000F0DBBD00BF064808B503680BB176
:1031980001F09AFF044803681BB1BDE8084002F03B
:1031A80089BE08BD70120024680E0024064808B5C0
:1031B80003680BB101F088FF044803681BB1BDE840
:1031C800084002F077BE08BD70120024680E002483
:1031D800064808B503680BB101F076FF0448036898
:1031E8001BB1BDE8084002F065BE08BD701200249E
:1031F800680E0024364BDA6A520062D59A6A9A6AD7
:103208009A6A9B6A180600D500BE314B9B6A9906DC
:1032180000D500BE2E4B9B6ADA0600D500BE2C4BAB
:103228009B6A1B0700D500BE294B9B6A980700D5EF
:1032380000BE274B9B6AD90700D500BE244B9B6A6A
:103248001A0400D500BE224B9B6A9B0400D500BE21
:103258001F4B9B6AD80400D500BE1D4B9B6A1905FD
:1032680000D500BE1A4B9B6A5A0500D500BE184B04
:103278009B6A9B0500D500BE154B9B6AD80500D5F7
:1032880000BE134B9B6A990100D500BE104B9B6A88
:10329800DA0100D500BE0E4B9B6A1B0300D500BEA9
:1032A8000B4B9B6A580300D500BE094B9B6A9903D8
:1032B80000D500BE064B9B6ADA0306D400BE00BEEA
:1032C800FEE7DB6A9B07FAD5F8E700BEF6E700BF22
:1032D80000ED00E000F040BC0A4B9B6803F1784326
:1032E800B3F5003F0BD3084B986848B1986801289C
:1032F80006D09868022803D09B68032070470120F5
:10330800704700BF00ED00E0000080382DE9F04173
:10331800CEB004464C2200210AA80CF0BDFD2022A4
:10332800002102A80CF0B8FDBC2200211EA80CF058
:10333800B3FD022003F032FA2368012B4FF000039B
:1033480054D0534A02250193C820D16A514B21F029
:103358000101D162D26A02F0010201929A6942F433
:1033680040429A619B6903F440430193019B494A97
:1033780093699B04FCD548490224002201268B6AE4
:1033880004274FF0080823F0030323438B62052327
:1033980016900AA818934FF480331096179419942E
:1033A8001597CDF86880CDE91B222122CDE9134479
:1033B800CDE90A2303F0DCFE00B1FEE73F22032338
:1033C800294602A8CDE9022300220823CDE90423D7
:1033D80040224023CDE9062340234FF48062CDE903
:1033E800082304F0F3F90346B8B1FEE7294A042597
:1033F8000093F0209169264B41F440419161926914
:1034080002F440420092DA6A42F00102DA62DB6AB0
:1034180003F001030093009BA9E720224FF4805199
:1034280025934FF440152B9280222D931EA830939C
:10343800269135914FF48071249234920C22339462
:10344800439140F2271120921022CDF884802A97C8
:103458001F96CDE92E34CDE93B334FF48033CDE9C7
:1034680022463193002446930623CDE93E4527930F
:103478004FF48063094C2C931E94CDE9281204F074
:1034880001FC00B1FEE703F0AFF94EB0BDE8F081F2
:103498000004005800480258004402580F130F0354
:1034A80070B584B0012400F0F7FB4FF480764FF03C
:1034B8004052194B68460025ADF800400396CDE907
:1034C800012300F007FC19224FF0404368468DF8AD
:1034D800082001938DF80F40ADF80D608DF801407C
:1034E8008DF80A5000F0F6FB02230B2268468DF88F
:1034F8000F508DF801304FF062538DF8082001937A
:10350800ADF80D408DF80A4000F0E4FB042000F00F
:10351800D1FB04B070BD00BF0E00010330B50D46ED
:10352800044685B0D1E9000184E8030000F0D2FA2E
:10353800AB79A3B309F0AEFAFEF77EFE07F014FFED
:1035480008F0A0FF2B798BBB6B799BB1BFF34F8F32
:10355800BFF36F8F2A4B0022C3F85022BFF34F8F5F
:10356800BFF36F8F5A6942F400325A61BFF34F8F2D
:10357800BFF36F8F4FF0FF32002300240025694608
:10358800204802928DF80C30CDE9004508F00CFB7C
:103598001C4808F071FB07F017FB05B030BD20464A
:1035A800FFF7B4FE2046FFF77BFFC3E7144C002368
:1035B800C4F88430BFF34F8FD4F8801043F6E07E10
:1035C800C1F34E3CC1F3C9014FEA4C1C0CEA0E0092
:1035D8000B4640EA8372013BC4F860225A1CF8D1BA
:1035E800ACF1200C1CF1200FF0D1BFF34F8F6369B1
:1035F80043F480336361BFF34F8FBFF36F8FA3E74B
:1036080000ED00E0600E002404F010BA1C4B9B682B
:1036180003F17842B2F5003F25D3B3F5803F20D3BC
:1036280003F16042B2F5003F1FD303F15C42B2F5EB
:10363800002F1CD303F17042B2F5902F19D303F178
:103648004842B2F5803F16D303F18042B2F1806F51
:1036580013D303F1E043B3F5000F2CBF0820072074
:1036680070470120704700207047022070470320F0
:10367800704704207047052070470620704700BF38
:1036880000ED00E003480023034A044903600CF0FE
:10369800BDBB00BF600E0024000000247D3100087F
:1036A80010B4204C0022204B83B0D4F888101F4857
:1036B80041F47001C4F8881019681D4C41F00101EB
:1036C80019601A61196808401A4918609A61DA6124
:1036D8001A629A62DA621A635A639A63DA631A643C
:1036E8005A64186820F4802018601A66D3F8DC2021
:1036F80042F06042C3F8DC20D3F8DC300193019B30
:1037080023681940B1F1005F03D20B4B0122C3F8C3
:103718000821044B4FF000629A6003B05DF8044B37
:10372800704700BF00ED00E0004402587FEDF6EA64
:103738000010005C0000FFFF0080005100F571716F
:10374800D0F8040406F028BEC1EBC10300EB8303E4
:10375800D0F80404D3F8082206F04CBEC1EBC1032C
:1037680000EB8303D0F804049A6C06F081BE00BF16
:10377800D0F8040406F020BFC16810B5044619B19A
:10378800022900D0FEE70121D4F8040406F0FEFE69
:10379800D4F80404BDE8104006F0D0BE10B50446C5
:1037A800D0F8040406F0F6FE2268D2F8003E43F092
:1037B8000103C2F8003E236A23B1034A136943F0A8
:1037C8000603136110BD00BF00ED00E0D0F804044B
:1037D80006F0EABED0F8040406F0FEBED0F80404F1
:1037E80006F0F8BED0F8040406F0F8BED0F80404D9
:1037F80006F0F6BE9446D0F898021A4608B5634615
:1038080002F0BCFE032802D8024B185C08BD022057
:1038180008BD00BF34FF0008D0F8980208B502F0D0
:103828003BFF032802D8024B185C08BD022008BDE4
:1038380034FF0008D0F8980208B502F071FF032899
:1038480002D8024B185C08BD022008BD34FF0008EE
:103858000A06D0F8983206D4C1EBC10103EB810106
:1038680091F8FE01704701F07F01C1EBC10103EB44
:10387800810191F83E007047D0F8980208B502F02F
:1038880067FE032802D8024B185C08BD022008BD59
:1038980034FF0008D0F8980208B502F0D5FE0328D6
:1038A80002D8024B185C08BD022008BD34FF00088E
:1038B800D0F8980208B502F09FFE032802D8024B00
:1038C800185C08BD022008BD34FF0008D0F8C0020B
:1038D80007F034B9D0F8C00207F048B9D0F8C002F0
:1038E80007F050B9704700BFD0F8C00207F036B9EA
:1038F800D0F8C00207F036B9D0F8D00308B501F007
:10390800A3FF032802D8024B185C08BD022008BD9B
:1039180038FF0008024B027853F82200704700BFB6
:103928005CFF0008024B427833F81200704700BF72
:103938003CFF00088CB00A2814D8DFE800F01523F3
:10394800313F4D5B6977859306004D4BD3F8E020F6
:1039580042F48062C3F8E020D3F8E03003F48063D7
:103968000B930B9B0CB07047454BD3F8E02042F00B
:103978000102C3F8E020D3F8E03003F0010301931B
:10398800019BEFE73E4BD3F8E02042F00202C3F878
:10399800E020D3F8E03003F002030293029BE1E752
:1039A800374BD3F8E02042F00402C3F8E020D3F804
:1039B800E03003F004030393039BD3E7304BD3F8C1
:1039C800E02042F00802C3F8E020D3F8E03003F02A
:1039D80008030493049BC5E7294BD3F8E02042F081
:1039E8001002C3F8E020D3F8E03003F01003059389
:1039F800059BB7E7224BD3F8E02042F02002C3F83A
:103A0800E020D3F8E03003F020030693069BA9E7F3
:103A18001B4BD3F8E02042F04002C3F8E020D3F873
:103A2800E03003F040030793079B9BE7144BD3F860
:103A3800E02042F08002C3F8E020D3F8E03003F041
:103A480080030893089B8DE70D4BD3F8E02042F4E0
:103A58008072C3F8E020D3F8E03003F48073099350
:103A6800099B7FE7064BD3F8E02042F40072C3F8C5
:103A7800E020D3F8E03003F400730A930A9B71E75F
:103A880000440258704700BF0F4B1B780BB9012048
:103A9800704710B504464FF47A700C4AB0FBF3F344
:103AA8001068B0FBF3F000F0E1F80F2C00D808B173
:103AB800012010BD002221464FF0FF3000F076F8BB
:103AC800034B00201C6010BD600000245800002437
:103AD8006400002438B50320124D00F055F8124C4C
:103AE80003F0D4FD114A12499369C3F30323CB5C55
:103AF80003F01F0320FA03F30E202B60926902F0F3
:103B08000F028A5C02F01F02D3402360FFF7BCFF5C
:103B180010B10124204638BD0446FFF7B3FF204604
:103B280038BD00BF580000245C000024004402583F
:103B380024FF0008034A044B11681B780B441360E8
:103B4800704700BF3415002460000024014B18683A
:103B5800704700BF3415002438B50446FFF7F6FF58
:103B68000546631C02D0044B1B781C44FFF7EEFF8C
:103B7800431BA342FAD338BD60000024014B1868E8
:103B8800000C70470010005C06494FF6FF0C00025D
:103B9800054BCA6800F4E06002EA0C0210430343D4
:103BA800CB60704700ED00E00000FA051B4BDB68B6
:103BB800C3F3022300B5C3F1070E03F1040CBEF1F1
:103BC800040F28BF4FF0040EBCF1060F1AD9033BAF
:103BD8004FF0FF3C0CFA03FC22EA0C024FF0FF3CCA
:103BE80000280CFA0EFC21EA0C0101FA03F141EA63
:103BF80002010ADB09010A4BC9B2034483F8001326
:103C08005DF804FB00221346E8E700F00F00090105
:103C1800044BC9B2034419765DF804FB00ED00E0DB
:103C280000E100E0FCEC00E0002807DB00F01F01E9
:103C380001234009024A8B4042F82030704700BFF8
:103C480000E100E000280DDB4309012200F01F001D
:103C58000549203302FA00F041F82300BFF34F8FE3
:103C6800BFF36F8F704700BF00E100E0431EB3F160
:103C7800807F0CD24FF0E022002006494FF0F00C74
:103C88005361072381F823C09061136170470120B5
:103C9800704700BF00ED00E0BFF35F8F044B0021C9
:103CA8005A6A22F480325A62C3F89410704700BFEF
:103CB80000ED00E0064B40F00100C3F894005A6A9A
:103CC80042F480325A62BFF34F8FBFF36F8F704751
:103CD80000ED00E0174A4378C2F89830017821B324
:103CE800436800B5C2F89C30C37A90F80CC01B0634
:103CF80090F80FE043EA0C7390F80AC00B43817BFD
:103D080043EACC4390F80DC043EA8C4390F809C0CD
:103D180043EA4143017A43EA0E4343EA0C2343EA68
:103D28004103C2F8A0305DF804FBC2F89C10C2F849
:103D3800A010704700ED00E0704700BF08B5FFF71E
:103D4800FBFF08BD0268344B344930B4344D354C60
:103D5800AA4218BF9A420CBF012300238A4208BF17
:103D680043F001033031A24208BF43F0010330346D
:103D78008A4208BF43F001033031A24208BF43F032
:103D8800010330348A4208BF43F0010301F55C7136
:103D9800A24208BF43F0010304F55C748A4208BFDD
:103DA80043F001033031A24208BF43F0010330342D
:103DB8008A4208BF43F001033031A24208BF43F0F2
:103DC800010330348A4208BF43F001033031A24274
:103DD80008BF43F001038A4208BF43F0010313B947
:103DE800114B9A4213D1D3B21049114C103BA1FB8D
:103DF80003515F2B0F4BC1F3021103EA0203615C0D
:103E080088BF0433C1658365184630BC704722F00B
:103E1800FF038365F8E700BF10000240400002403E
:103E28002800024058000240B8040240ABAAAAAADF
:103E38008CFF000800FCFFFF0368294A294930B4B9
:103E4800294D2A4CAB4218BF93420CBF01220022D5
:103E58008B4208BF42F001022831A34208BF42F05A
:103E6800010228348B4208BF42F001022831A342E4
:103E780008BF42F001028B4208BF42F0010212B9AA
:103E88001B4A934213D1DBB21A4C1B4A0121083B4F
:103E98001A4DA4FB0343456602EB1312C3F3041344
:103EA800920001FA03F30266836630BC7047DAB207
:103EB8001349144C1944103AA829A4FB02234FEAC9
:103EC800131300D80833104A03F01F0501210F4CC3
:103ED8001A44A9404466920081660266E5E700BF7D
:103EE80008540258305402581C540258445402587A
:103EF80094540258CDCCCCCC009600168058025869
:103F0800F0FBFDBFABAAAAAA0082001080080240FD
:103F180070B50446FFF71AFE002C00F0C68023682F
:103F28000546954A934248D01832934245D03032DC
:103F380092498B4218BF934201F130010CBF012214
:103F480000228B4208BF42F0010218318B4208BFA1
:103F580042F0010218318B4208BF42F001021831C9
:103F68008B4208BF42F0010201F556718B4208BF2F
:103F780042F0010218318B4208BF42F001021831A9
:103F88008B4208BF42F0010218318B4208BF42F051
:103F9800010218318B4208BF42F0010218318B42EE
:103FA80008BF42F0010218318B4208BF42F00102FB
:103FB8001AB9734A934240F0F5800222002184F82E
:103FC800352084F834101A6822F001021A6005E0DE
:103FD800FFF7BCFD431B052B40D823681A68D1079F
:103FE800F6D4D4E9022521692A43A0691D680A4349
:103FF80061690A43E16902430A4362492940256A23
:104008002A430A43616A04292FD01A605A6922F0A8
:104018000702114359612046FFF794FEE26D3F23E2
:1040280002F01F02934083602046FFF705FFA36854
:10403800802B3CD06368A06EDAB2013BD4E91851FA
:10404800072B2A60486026D90023C4E91B3363671D
:1040580000200123606584F8353070BD20220323D9
:104068000120626584F8353070BDD4E90B512943CD
:104078000A431A605969A26A21F00701114341F005
:104088000401002DC6D000284FD1012A6ED032F08D
:104098000202BFD151E0501E072810D9626FD4E93F
:1040A8001B31002018604A60D2E7012070BD002350
:1040B800A16ED4E91802636003605160C4E7216807
:1040C800314B324DA94218BF994205F114050CBF76
:1040D80001230023A94208BF43F001031435A94274
:1040E80008BF43F001031435A94208BF43F0010398
:1040F8001435A94208BF43F001031435A94208BF8B
:1041080043F001033BB9224B994204D0214B224989
:1041180013449B0003E0214B214913449B000122D7
:104128008240C4E91B316267BBE7B0F5005F0ED07F
:10413800022A05D9032A7FF46DAFEA017FF56AAF39
:10414800012340221846626584F8353070BD032A81
:104158003FF660AF01A050F822F000BF49410008C7
:10416800434100084941000875410008B5F1C07F86
:104178007FF450AFE4E700BF100002404000024067
:10418800B80402403F8010FE085402581C540258DC
:10419800945402583F820010400902403F9600168E
:1041A80040590258324A33483349834218BF934230
:1041B80000F128000CBF012200228B4208BF42F008
:1041C80001022831834208BF42F0010228308B42A5
:1041D80008BF42F001022831834208BF42F00102C1
:1041E8008B4208BF42F0010212B9244A934238D1E7
:1041F80002220021224D84F8341084F835201A68F0
:104208001540A268402A2AD0802A0CBF4FF480406B
:104218000846266AD4E90312D20842EAD102616943
:1042280042EAD102A16942EAD102E16942EAD10235
:10423800144942EA161219442A4302431248A0FBC1
:10424800010120461A600B099B00E365FFF77AFD20
:10425800E26D012302F01F0293404360E4E6102060
:10426800D7E7402203230120626584F8353070BD0A
:10427800085402581C540258305402589454025896
:104288000F00FEFFF8ABFDA7CDCCCCCC002800F08A
:10429800BC80844690F83400012800F0B8800120E2
:1042A8002DE9F0419CF835408CF83400844208D060
:1042B80000224FF400638CF83420CCF85430BDE869
:1042C800F0810220DCF800507A4C8CF83500002090
:1042D800794ECCF854007948854218BFA54200F1C0
:1042E80018000CBF01240024854208BF44F00104D3
:1042F8001830854208BF44F001041830854208BFD1
:1043080044F001041830854208BF44F0010400F568
:104318005670854208BF44F001041830854208BF32
:1043280044F001041830854208BF44F001041830F5
:10433800854208BF44F001041830854208BF44F0A4
:1043480001041830854208BF44F001041830854242
:1043580008BF44F001041830854208BF44F0010446
:10436800A0F59560B54218BF8542DCF86C600CBFBB
:104378000120002054EA0008286820F00100286085
:10438800DCF86400DCF86840DCF85870446040D021
:1043980016B1DCE91C044460DCF85C004FF03F0E09
:1043A80000F01F000EFA00F0B860286820F48020A2
:1043B80028606B60DCF80830402B23D0A960EA60E5
:1043C8002B6823F01E0343F016032B60DCF8403003
:1043D8001BB12B6843F008032B60DCF860301A68C7
:1043E800D20303D51A6842F480721A601EB133688A
:1043F80043F4807333602B68002043F001032B6083
:10440800BDE8F081AA60E960DAE701207047022080
:10441800704716B1DCE91C0444602948DFF8A8E0BD
:10442800754518BF85420EF1140E0CBF01200020FF
:10443800754508BF40F001000EF1140E754508BF20
:1044480040F001000EF1140E754508BF40F0010060
:104458000EF1140E754508BF40F001000EF1140E60
:10446800754508BF40F0010010B9164885420ED1C5
:10447800DCF85C0000F01F0E012000FA0EF07860F6
:104488006B60DCF80830402B10D0A960EA602B681C
:1044980023F00E0343F00A032B60DCF84030002BB6
:1044A8009BD02B6843F004032B6096E7AA60E96071
:1044B800EDE700BF400002402800024058000240DB
:1044C80008540258945402581C54025800285FD0CB
:1044D80038B590F835200346022A55D10168444A78
:1044E800914248D01832914245D03032414C42482E
:1044F800A14218BF914204F148040CBF01220022D6
:10450800814208BF42F001023030A14208BF42F0A8
:1045180001023034814208BF42F0010200F55C70AC
:10452800A14208BF42F0010204F55C74814208BF51
:1045380042F001023030A14208BF42F0010230349B
:10454800814208BF42F001023030A14208BF42F068
:1045580001023034814208BF42F001023030A142EA
:1045680008BF42F00102814208BF42F0010212B9BD
:10457800224A91420ED10422002083F835200B688C
:1045880023F001030B6038BD802201205A6538BD35
:10459800012070470A681C6E22F00E02D86D9D6DCE
:1045A8000A6000F01F000A6822F001020A60012276
:1045B8002168824021F4807121606A60DA6ED3E953
:1045C8001910486032B11168D3E91C0421F48071D4
:1045D80011604460002401211A6D83F8344083F887
:1045E80035101AB118469047204638BD104638BDD8
:1045F800100002404000024070000240B80402402F
:104608002DE9F04300229C4B83B09C4E1D688146E7
:10461800019203689A4A846D934218BFB34227688F
:1046280008BF0126216818BF002645D018329548D2
:10463800834218BF934200F118000CBF01220022E8
:10464800834208BF42F001021830834208BF42F09B
:1046580001021830834208BF42F001021830834239
:1046680008BF42F0010200F55670834208BF42F0CD
:1046780001021830834208BF42F001021830834219
:1046880008BF42F001021830834208BF42F001021D
:104698001830834208BF42F001021830834208BF35
:1046A80042F001021830834208BF42F001021AB9F1
:1046B800754A934240F05082D9F85C10082201F004
:1046C8001F0C02FA0CF2174240F0888127FA0CF20C
:1046D800D2070CD55A69100609D5012202FA0CF244
:1046E800A260D9F8542042F00202C9F854204FF0D1
:1046F800040E0EFA0CF038425BD0002E4FD1634AFC
:10470800DFF88081434518BF934208F118080CBFB1
:1047180001220022434508BF42F0010208F11808AF
:10472800434508BF42F0010208F11808434508BF95
:1047380042F0010208F11808434508BF42F001029F
:1047480008F55678434508BF42F0010208F11808F9
:10475800434508BF42F0010208F11808434508BF65
:1047680042F0010208F11808434508BF42F001026F
:1047780008F11808434508BF42F0010208F118087B
:10478800434508BF42F0010208F11808434508BF35
:1047980042F001021AB93C4A934240F019821A6861
:1047A800920706D5A060D9F8542042F00402C9F84F
:1047B8005420102202FA0CFC1CEA070F6CD0002EC1
:1047C80045D1324A2F4EB34218BF934206F118061C
:1047D8000CBF01220022B34208BF42F00102183682
:1047E800B34208BF42F001021836B34208BF42F094
:1047F80001021836B34208BF42F0010206F55676A8
:10480800B34208BF42F001021836B34208BF42F073
:1048180001021836B34208BF42F001021836B3420B
:1048280008BF42F001021836B34208BF42F0010245
:104838001836B34208BF42F001021836B34208BF27
:1048480042F001021AB9104A934240F0C9811A682D
:10485800100721D5C4F808C01A68560300F14C8126
:104868001A68D20503D41A6822F008021A60D9F827
:1048780040308BB10CE000BF58000024100002400B
:104888002800024058000240B8040240400002409C
:1048980048469847D9F85C1001F01F0120268E4041
:1048A8003E4268D0D9F80020A54BA64FBA4218BF9F
:1048B8009A4207F118070CBF01230023BA4208BF28
:1048C80043F001031837BA4208BF43F00103183711
:1048D800BA4208BF43F001031837BA4208BF43F091
:1048E80001031837BA4208BF43F001031837BA4228
:1048F80008BF43F0010307F55677BA4208BF43F0F3
:1049080001031837BA4208BF43F001031837BA4207
:1049180008BF43F001031837BA4208BF43F0010348
:104928001837BA4208BF43F001031837BA4208BF24
:1049380043F001031837BA4208BF43F001031BB91B
:10494800814B9A4240F062811368DB0613D5A6605A
:1049580099F83530042B136800F0AE8013F4802FDB
:10496800136800F0D3801C0340F1DE80D9F83C3096
:104978000BB148469847D9F85430002B00F0B9805D
:10498800D9F85430D8071FD5D9F80020042189F860
:104998003510136823F0010313606C4BA3FB053536
:1049A800AD0A02E01368D90704D5019B0133AB4275
:1049B8000193F7D9002389F834301368DB074CBF1B
:1049C8000323012389F83530D9F84C30002B00F047
:1049D8009080484603B0BDE8F04318471868400780
:1049E8000AD5186820F004001860A260D9F854208D
:1049F80042F00102C9F8542027FA0CF2D2077FF5D9
:104A080076AE534A5348834218BF934200F13000B0
:104A18000CBF01220022834208BF42F00102183075
:104A2800834208BF42F001021830834208BF42F0B7
:104A380001021830834208BF42F0010200F55670A7
:104A4800834208BF42F001021830834208BF42F097
:104A580001021830834208BF42F001021830834235
:104A680008BF42F001021830834208BF42F0010239
:104A78001830834208BF42F001021830834208BF51
:104A880042F001021830834208BF42F00102002AB6
:104A98007FF420AE002E7FF41DAE1A68042202FABD
:104AA8000CF23A4240F09480102202FA0CFC17EA09
:104AB8000C0F3FF4F1AE84E623F01603136053693C
:104AC80023F080035361D9F840309BB3136823F077
:104AD800080313603F230025012203FA01F1D9F8E6
:104AE8005030A16089F8345089F83520002B7FF4C4
:104AF80070AF03B0BDE8F0831B6818037FF5B7AE4D
:104B0800D9F84830002B7FF4C3AEC5E613F48073A0
:104B18007FF42CAF116821F010011160012289F88F
:104B2800343089F8352021E7D9F84430002B7FF458
:104B380020AF20E7D9F84830002BC7D1CAE700BF1B
:104B48001000024028000240B8040240B5814E1B04
:104B580058000240400002404E4A4F4DAB4218BF39
:104B6800934205F114050CBF01220022AB4208BF95
:104B780042F001021435AB4208BF42F0010214357D
:104B8800AB4208BF42F001021435AB4208BF42F005
:104B980001021435AB4208BF42F0010212B93F4A84
:104BA8009342A6D1D9F85C5004261A6805F01F056F
:104BB800AE400E4219D0570717D5100466604BD582
:104BC800D1034FD4D9F84830002B7FF402AF90E7D7
:104BD8001A68102202FA0CFC17EA0C0F3FF45CAEBC
:104BE8001A6852077FF558AE34E60226AE400E42E8
:104BF80011D097070FD56660140439D5D00343D474
:104C0800D9F84430002B7FF4E4AE72E713689F07AD
:104C18007FF5B1AE9BE60826AE400E423FF469AF81
:104C280011077FF566AF1A68002122F00E021A609C
:104C38000123D9F84C2003FA05F56560C9F854300A
:104C480089F8341089F83530002A3FF452AF4846C5
:104C580003B0BDE8F0431047920603D41A6822F067
:104C680004021A60D9F84030002B7FF4B2AE40E756
:104C780012F0200208D11968012421F00A011960F4
:104C880089F8342089F83540D9F83C30002B7FF476
:104C9800A0AE2EE7085402581C54025894540258E7
:104CA800406D70472DE9F04F0D6883B0002D00F07E
:104CB800D5800023DFF8688201229A4012EA050CA9
:104CC80000F0C7804E6826F01009B9F1020F40F0D5
:104CD800C88003F007044FEAD30E4FF00F0A4FEADB
:104CE800840900EB8E0E0AFA09FADEF8204024EA5D
:104CF8000A0A0C6904FA09F406F0030944EA0A04EA
:104D0800CEF820404FEA430E0324D0F800A009FA59
:104D18000EF904FA0EF42AEA040AE44349EA0A09F5
:104D2800C0F80090D0F808A0CF6804EA0A0A07FA89
:104D38000EF949EA0A09C0F80890C6F30019D0F834
:104D480004A009FA03F92AEA020249EA02024260C7
:104D5800C268F70004EA02048A6802FA0EF242EA1C
:104D68000402C26075D5644C23F0030E03F00309F6
:104D7800D4F8F420C6444FEA890942F00202C4F884
:104D8800F420D4F8F42002F002020192019A0F22D2
:104D9800DEF8084002FA09F224EA0202574CA0425F
:104DA80025D004F58064A0427BD0554CA0427ED02B
:104DB800544CA0426FD0544CA04200F08480534C15
:104DC800A04200F08680524CA04276D0514CA042BE
:104DD80000F08580504CA04200F087804F4CA042E4
:104DE8000CBF09240A2404FA09F942EA0902CEF898
:104DF80008204FF0B0426FEA0C0EF403D2F880207E
:104E08004FF0B04454BF0EEA02024CEA0202C4F862
:104E18008020B203D4F884404FF0B04254BF0EEA69
:104E280004044CEA0404F702C2F8844014684FF002
:104E3800B04254BF0EEA04044CEA04041460B402FD
:104E480052684FF0B04454BF0EEA02024CEA020224
:104E58006260013335FA03F27FF42EAF03B0BDE888
:104E6800F08F4FEA430E0324D0F800B006F0030A8F
:104E780004FA0EF409F1FF390AFA0EFA2BEA040BC8
:104E8800B9F1010F6FEA04044AEA0B0AC0F800A05E
:104E98003FF65EAF46E7032404FA09F942EA09023D
:104EA800A5E7012404FA09F942EA09029FE7022466
:104EB80004FA09F942EA090299E7062404FA09F909
:104EC80042EA090293E7042404FA09F942EA0902CA
:104ED8008DE7052404FA09F942EA090287E707245D
:104EE80004FA09F942EA090281E7082404FA09F9EF
:104EF80042EA09027BE700BF00440258000002585A
:104F080000080258000C02580010025800140258F9
:104F180000180258001C02580020025800240258A9
:104F280000040058002900F0A88000232DE9F04F64
:104F3800DFF8689183B0DFF86881DFF868A1DFF8EF
:104F480068B14FF0010E0EFA03F212EA010C6FD0AD
:104F580023F0030503F003040F2640454D444FEAB0
:104F6800C404AF6806FA04F607EA0607019721D0D9
:104F7800504566D0584567D0434FB8426ED0434F2E
:104F8800B84270D0424FB84263D0424FB84256D070
:104F9800414FB84272D0DFF814E1704568D0DFF8AD
:104FA80010E1704514BF4FF00A0E4FF0090E0EFACB
:104FB80004F400E00024019FA74219D1AC6824EA58
:104FC80006064FF0B044AE60D4F8805025EA0C05D0
:104FD800C4F88050D4F8845025EA0C05C4F88450ED
:104FE800256825EA0C052560656825EA0C056560D5
:104FF80003255C0003F007070F2605FA04F405688B
:10500800BF00254306FA07F70560DD0800EB8505B4
:105018002E6A26EA07062E62856825EA0405856059
:10502800456825EA02024260C26822EA0404C460B4
:10503800013331FA03F284D103B0BDE8F08F4FF0A9
:10504800060E0EFA04F4B6E74FF0020E0EFA04F458
:10505800B1E74FF0050E0EFA04F4ACE74FF0030E7B
:105068000EFA04F4A7E74FF0040E0EFA04F4A2E7D0
:105078004FF0080E0EFA04F49DE770474FF0070E44
:105088000EFA04F497E700BF000C0258001002580B
:105098000014025800180258001C02580004005856
:1050A8000000025800040258000802580020025864
:1050B800002402580369194214BF012000207047D8
:1050C80002B90904816170472DE9F04F056885B080
:1050D8000446284604F006FF012802D005B0BDE8C2
:1050E800F08F206804F0AEFE0028F7D0206804F0A6
:1050F800A9FE10F4001F206802D04FF4001343618A
:1051080004F0A0FE10F4801F206802D04FF4801332
:10511800436104F097FE10F0806F206802D04FF0D2
:105128008063436104F08EFE10F0020F20682FD1D7
:1051380004F088FE870000F11381206804F082FEE5
:10514800C60100F1CF80206804F07CFE000700F162
:10515800BE80206804F076FE10F0007F20681AD127
:1051680004F070FEC306B9D52568AB6923F01003B7
:10517800AB612E6AC6F34341C6F30A17022902D16E
:10518800002F40F0C681AB6943F01003AB61A5E77F
:1051980002234361CCE704F013FFD4F808E080460B
:1051A8002068BEF1000F00F0998005F5A065002683
:1051B8004FF0280B4FF0020A4AE000F5A0694A01B7
:1051C80009EB4117BB685B075DD50423BB60FB682F
:1051D80043F00203FB60BB68980500F1FD80BB68E3
:1051E800DB0740F1CF80236953B101EB81003B69B4
:1051F80004EBC000C3F3120C836CA3EB0C03C36471
:105208008B004FF0010C4FF0000E581804EBC00053
:10521800C0F858E080F85DC0C7F808C090F83FE0D3
:105228001EF0FD0F00F06481BEF1030F00F0408214
:105238000B4404EBC30393F8502082F0010283F877
:105248005020D4F808E0206801362035764545D24C
:1052580006F00F0328FA03F3D907F5D52B68F1B246
:105268001A04AAD400F5A0624FEA411C02EB4117C8
:10527800BB6813F004090DD00423BB60FB6843F03E
:105288000203FB60E0E7BB689B0640F1B380202384
:10529800BB60A0E7BB6813F0200300F0CA8001EBF5
:1052A8008103202204EBC303BA6093F83D20012A4E
:1052B800CAD183F83D9083F85CA0FB6843F00203F1
:1052C800FB6004F081FED4F808E02068BCE72046C3
:1052D800FEF7FCFA2068082343613BE74FF00073B0
:1052E80043613DE72668D6F840340293D6F8403447
:1052F8000393039B23F02E030393029B980707D580
:10530800029BD90700F16381039B43F002030393D7
:10531800029B1A0718D5039B43F008030393029BCB
:105328005B0740F15C81A169022900F09A81E3687A
:10533800012B03D14EF66022C6F804242046FEF75E
:10534800D3FA2046FEF7C6FA2068029B9F0603D5CB
:10535800039B43F020030393039BC6F84034F3E612
:10536800D5F84034204623F02E03C5F84034FEF724
:10537800B5FA0121206804F001FE20684FF00053BF
:105388004361DBE6BB68980740F18E80FB6801EB60
:10539800810C23F0020304EBCC0CFB608B009CF81F
:1053A8005D00012800F0B280052800F0AF800628D3
:1053B80000F0A381082800F0A081032800F0DC8118
:1053C8009CF85C000246C7F808A02046FEF78AFA57
:1053D800D4F808E0206837E7FB68206843F0020348
:1053E800FB6004F0F1FD4FF400732068BB60D4F853
:1053F80008E029E7BB681B0700F1BB80BB685B05B9
:105408007FF5E9AEFB68019243F002030091FB606F
:1054180004F0DAFD00991020019A01EB8103B860CD
:10542800082004EBC30383F85D004FF48063BB607E
:10543800D1E6D7F8089019F0400F40F0B180BB686A
:1054480013F4007340F02F81D7F8089019F0010F7A
:1054580040F03F81BB6813F0080340F06881D7F83B
:10546800089019F0100F00F0C98001EB810204EBDD
:10547800C2029365032382F85D3092F83D303BB950
:105488000BFB014393F83C2012B9012283F83D201D
:10549800FB6843F00203FB6004F096FD10232068CC
:1054A800BB60D4F808E0CFE6BB6813F0800340F097
:1054B800E380BA68D20640F1D08001EB810004EBAA
:1054C800C00090F83F20032A00F04B8112F0FD0243
:1054D800E4D123698265002BE0D10BFB0143032251
:1054E80083F85D20FB68206843F00203FB60D3E784
:1054F800FA68206842F0020201930091FA6004F011
:1055080063FD1022DDE90013BA6091E68CF85C00B7
:1055180058E706F00F0606EB860804EBC808D8F82B
:10552800441000293FF42FAE284605F5A0653A46F9
:1055380004F006FCD8F8443005EB46123B441169E8
:10554800D8F84C20C8F8443073013A44C8F84C20C5
:10555800BC4A0A405AB1EA5822F0804242F000425E
:10556800EA5098F8503083F0010388F850302568E5
:1055780009E6FB684FF0050C019243F00203009125
:10558800FB6001EB810304EBC30383F85DC01023C8
:10559800BB600823BB6004F017FDDDE900121AE6C2
:1055A80001EB810204EBC2029365042382F85D30AB
:1055B800012382F83D30FB6843F00203FB6004F0EE
:1055C80003FD40232068BB60D4F808E03CE6B369DB
:1055D800204623F00053B361FEF77CF994E6204699
:1055E800FEF786F9D6F84034206823F02E03C6F873
:1055F8004034836943F000538361A6E6BB681B0609
:1056080000F1C880BB685B0500F1D780BB689B07C9
:105618007FF51AAEFB680BFB014023F00203FB6029
:1056280090F85D30012B00F0E180032B00F0DB8067
:10563800042B00F0D880052B00F0FC80062B00F02E
:10564800E480082B00F0E1800BFB01432046C7F8FB
:1056580008A093F85C20FEF745F9D4F808E0206824
:10566800F2E5029B206803F4C023B3F5802F18BF2E
:10567800012104F083FC61E6FB6801EB810243F041
:10568800020304EBC202FB60936D013393650623AA
:1056980082F85D30206804F097FC80232068BB60A6
:1056A800D4F808E0D0E5FB6843F00203FB6098E615
:1056B80052F80970019347F00057009142F80970B9
:1056C800624680F85CC02046FEF70CF9DDE900135D
:1056D800AEE5FA6801EB810942F0020204EBC90960
:1056E800C9F85830FA6004F06FFC0123BB6089F8F0
:1056F8005D30D4F808E02068A6E503EB010C04EB64
:10570800CC0CDCF858000130032825D8CCF8580018
:1057180002200B4404EBC30383F85C0052F8093001
:1057280023F0804343F0004342F809304AE6082357
:105738000091BB60FB6843F00203FB6004F044FC8B
:105748000099052201EB810104EBC10383F85D2078
:10575800D4F808E0206877E50020CCF85800042049
:10576800D7E7FA680BFB014042F002028365206824
:10577800FA6004F029FC91E60BFB0143022083F850
:105788005CA052F8093023F0804343F0004342F80C
:10579800093017E6FB68009143F00203FB6004F050
:1057A80013FC009906230BFB014181F85D3080232F
:1057B8002068BB60D4F808E046E5FB68009143F038
:1057C8000203FB6004F000FC10230099BB604FF457
:1057D80080630BFB0141BB60082381F85D30D4F87E
:1057E80008E0206830E580F85CA02DE780F85C30A0
:1057F80090F83F30023B012B3FF626AF90F851302E
:1058080083F0010380F851301EE70BFB0140836DE4
:105818000133032B11D8836502230BFB014080F869
:105828005C3052F80C3023F0804343F0004342F8D8
:105838000C3009E780F85C3006E700238365042311
:10584800EBE700BF0000F81F90F8B832012B0CD02E
:10585800012310B50446006884F8B83204F014FC3B
:105868000023184684F8B83210BD0220704700BFE4
:10587800F8B505460E461746701C2C682CD1A3694E
:10588800990727D4A369DA06F9D5A3699A06FCD53E
:1058980020231022E261E361A3699F0701D5002359
:1058A800A362A369DE0703D4A36943F00103A361DC
:1058B800636800221B4820210340012063606B6C51
:1058C80085F8402043F004036B6485F8411085F89F
:1058D8004220F8BD0020F8BDA3699B07FAD4A3694C
:1058E800D9061BD4FEF732F9C01BB04201D8002EEE
:1058F800C2D16B6C2021002201200B4385F8402087
:105908006B6485F8411085F84220F8BDFEF71EF952
:10591800C01B8642EDD3002EEBD02C68A3699B06F2
:10592800F4D5B5E700E800FEF8B505460E4617467B
:105938002C68A3699B0649D4A369DA0626D5731C8B
:1059480038D1A3699E06FCD520231022E261E361C9
:10595800A369990701D50023A362A369DA0703D4D1
:10596800A36943F00103A36163680022184820215A
:105978000340012063606B6C85F8402043F004030A
:105988006B6485F8411085F84220F8BDFEF7DEF813
:10599800C01BB04201D8002ECAD16B6C2021002256
:1059A80001200B4385F840206B6485F8411085F889
:1059B8004220F8BDA3699806C6D4FEF7C7F8C01BF5
:1059C8008642EAD3002EE8D02C68B8E70020F8BD5C
:1059D80000E800FE00284ED010B590F8413004468B
:1059E80003F0FF02002B41D023682421626884F869
:1059F8004110196822F07062E06821F00101012865
:105A080019601A619A6822F400429A60A26829D043
:105A180042F4044202289A6002D14FF400625A60AC
:105A280058684FF0200C1549226901435960D9681C
:105A380021F40041D960D4E90501024342EA012278
:105A4800D4E90710DA60002201431046196019688A
:105A580041F001011960626484F841C0226384F84E
:105A6800422010BD42F400429A60D9E780F84020F5
:105A7800FCF708FBB8E70120704700BF0080000270
:105A88002DE9F047984690F84130089E202B40F0C9
:105A9800878090F840300446012B00F08180012374
:105AA8008946174680F84030FEF750F8054604E06E
:105AB800FEF74CF8401B192875D82368986910F42C
:105AC8000040F5D1212267626063C9F3090784F8B1
:105AD8004120102284F842206064A4F82A80628D54
:105AE80092B2FF2A6DD8628D494892B2D1B222850E
:105AF8005A6802403A4342EA014246491143596012
:105B0800DFF81C814FF0FF0ADFF81891638D2A46F1
:105B1800314620469BB2002B30D0FFF7A9FE002863
:105B280073D1606A216810F8012B238D8A62628D17
:105B3800013B6062013A9BB292B223856285628D15
:105B480092B2002BE2D1002AE0D0701C43D18B69BD
:105B58001A06FCD5638D9BB2FF2B48D94B682A46A1
:105B6800A4F828A0204603EA08033B4343EA0903B4
:105B78004B603146638D9BB2002BCED1FFF7D4FE2C
:105B8800002842D123682021234DD9615A682A4030
:105B98005A6084F8411084F8400084F8420000E01C
:105BA8000220BDE8F087636C2021002201200B430E
:105BB80084F84020636484F8411084F84220BDE8EA
:105BC800F0875A6812490A4014493A431143FF22A0
:105BD8002285596094E78B691B06BBD4FDF7B6FF95
:105BE800401B8642DFD3002EDDD02168ADE7638DF0
:105BF8009BB2DAB223854B6803EA080343EA0243FF
:105C08003B4343F000734B6080E70120BDE8F08719
:105C1800009800FC0020008200E800FE0020FF81C0
:105C2800009C00FC0000FF012DE9F0471F4690F89A
:105C38004130202B40F08E8004460D46002900F0AC
:105C48008380B2FA82F916464FEA5919002A7BD0A6
:105C58005FFA83FA90F84030012B7BD0012380F85B
:105C68004030FDF773FF212365628046256884F87C
:105C7800413084F842A0C4F8449066856B68C4F843
:105C8800349023F400436B607B1C66D1AE69360701
:105C9800FCD50823EB61E368022B06D0AE69F60356
:105CA80028D4AE69F603F9D524E0AB691907FCD509
:105CB8000823EB617B1CF1D0AB69DD031AD4FDF737
:105CC80045FFA0EB0800874253D3002F51D0256829
:105CD800F0E7424639462046FFF7CAFD00285BD167
:105CE800636A226813F8011B9162658D6362013D46
:105CF800ADB26585638D9BB2002BEAD14246394629
:105D08002046FFF711FE00284DD02268536843F45F
:105D180000435360636C042B54D100236364202335
:105D2800D361781C41D193691904FCD451680023CC
:105D3800202041F40041516084F84100184684F85D
:105D4800423084F8403003E04FF40073012063646C
:105D5800BDE8F0870220BDE8F087AB69180733D4A7
:105D6800FDF7F4FEA0EB0800874202D30FB12568C7
:105D78008AE7636C202000212268034384F84010DE
:105D8800636484F84100012084F84210536843F4A6
:105D980000435360BDE8F08722680120536843F44C
:105DA80000435360D4E72268B9E793691B04BDD563
:105DB800FDF7CCFEA0EB08008742DAD3002FD8D03D
:105DC8002268AEE70120C3E70823EB61E368022BF2
:105DD8007FF470AF08E0FDF7B9FEA0EB080087423A
:105DE800C7D3002FC5D02568AB691A07F3D55FE77D
:105DF8000268436B9169126803B11847704700BF86
:105E080090F84100704700BF90F84120202A23D124
:105E18005FFA82FC90F840200346012A1CD00268F1
:105E2800242000B583F841004FF0000E106820F0E0
:105E380001001060106820F4805010601068014361
:105E480070461160116841F00101116083F841C08A
:105E580083F840E05DF804FB0220704790F8412089
:105E6800202A22D1034600B55FFA82FE90F840202E
:105E7800012A1CD0026824204FF0000C83F841004E
:105E8800106820F001001060106820F4706040EA8B
:105E9800012160461160116841F00101116083F829
:105EA80041E083F840C05DF804FB022070470220FF
:105EB8005DF804FB2DE9F04F076889B004463846C1
:105EC80004F010F810B109B0BDE8F08F82462068E0
:105ED80003F0B8FF0028F6D0206803F0B3FF10F0F5
:105EE800020F206803D0436903F00203436103F003
:105EF800A9FF10F4002B206840F0508103F0A2FFA6
:105F080010F4802F206840F0EB8003F09BFF0028FE
:105F180074DB206803F096FF000564D4206803F062
:105F280091FF020114D52268536903F0006353619D
:105F380094F8F433002B40F095810121204684F831
:105F4800F413536DC3F38303C4F8F83300F024FC4F
:105F5800206803F077FFC3047BD4206803F072FF46
:105F680010F4005F20685DD103F06CFF10F0100F93
:105F7800206812D0836923F0100383613D6AC5F35A
:105F8800434305F00F06022B00F03182062B00F088
:105F98007F81836943F01003836103F053FF070790
:105FA80000F15781206803F04DFFC60200F14681D9
:105FB800206803F047FF850200F13581206803F06F
:105FC80041FF400000F12681206803F03BFF4107B4
:105FD8007FF579AF23685D686A0700F129825A68FE
:105FE8002A435A606FE7D7F80838D90700F11C82AE
:105FF8002068436903F40063436190E7D7F80438E5
:1060080023F00103C7F8043894F8F433012B00F0A7
:1060180038812046FDF7DAFB2068436903F0004326
:10602800436177E703F062FF206803F047FC2568C7
:10603800E06001F0E5FC227B0146284603F0A2FB64
:106048002046FDF799FB2068436903F40053436138
:106058008AE7D7F804381021206807F5006523F08F
:1060680001036B6003F010FC6068B0B107F51063C2
:106078004FF67F3199600AF1010A1A682033824588
:1060880022F4001243F8202CC3F8E811D3F8E021D9
:1060980022F40012C3F8E021ECD1EB6943F00113BC
:1060A800EB61236B002B40F0E1806A6942F22B031D
:1060B80013436B612B6943F00B032B61D7F800384E
:1060C80004F57172217C23F4FE632068C7F8003858
:1060D80003F028FF2068436903F4805343613DE7D8
:1060E80003F0C8FE80462068B8F1000F00F0E58094
:1060F800264607F510694FF0000BCDE9037A09E051
:106108005FEA58080BF1010B06F11C0609F120099A
:1061180000F0D58018F0010FF2D05FFA8BF73946FE
:1061280003F0C4FEC30705461FD50BF00F03039900
:1061380001229A40D1F8343823EA0203C1F83438EE
:106148000123C9F808302369012B03D1D6E91123AB
:106158001344B36439462046FDF700FB2369012B3D
:1061680003D1BBF1000F00F0AC81280702D508234A
:10617800C9F80830E90602D51023C9F808306A06BC
:1061880002D54023C9F80830AB0702D50223C9F865
:1061980008302D0600F1C6802068B1E703F05CFEE8
:1061A80005462068002D00F0868007F53066A14678
:1061B8004FF0000B049707E06D080BF1010B06F197
:1061C800200609F11C097DD0EB07F5D55FFA8BF1A4
:1061D800039103F05DFE10F0010F8046039973D11F
:1061E80018F0080F40F0F280206818F0100F01D066
:1061F8001023B36018F0200F05D02169012900F0A1
:106208005A812023B36018F4005FD5D04FF40053AF
:10621800B360D1E72046FDF7E5FA2068436903F04B
:1062280080434361D1E620465FFA8BF1FDF7D2FA4D
:106238002068436903F400134361C0E620465FFA0F
:106248008BF1FDF7CBFA2068436903F480134361AF
:10625800AFE62046FDF78CFA2068436903F008038F
:106268004361A0E62046FDF799FA71E6D5F8843037
:1062780043F00B03C5F884306B6C43F00B036B647D
:106288001CE70021204684F8F41300F085FAC3E6E1
:10629800C6EBC606082204F57171384603F050FDB6
:1062A800C5F30A1304EB86022068D2F814120B44D3
:1062B800C2F814326DE6AB4620E6C34625E6DDE9B2
:1062C800037A22E6049F19E6206801232769B36050
:1062D80000F53063012FD0F840E003EB4B139A68C8
:1062E80000F0C580984FBE4540F0BD80170440F1CE
:1062F800B6804FF4004218F0080F9A603FF475AF6B
:10630800026C986890498A4200F097802046039270
:10631800FDF714FA8D4B039A9A4200F296800823EF
:10632800B36061E7D6E91453D4F800A0AB425046F5
:106338003FF6E6AE0AF51062716CCDF81CA002EBD0
:106348004B120592EA1A8A4228BF0A4605998969BA
:10635800033289B2B1EB920FC0F0A980CDF8189042
:10636800C146A046059C1AE0736C3A46B16C50468B
:106378009D4228BF1D4698F810300093ABB203F039
:10638800C9FCB36CA1692B4489B2B364736D2B4407
:106398000335B1EB950F7365C0F08180356D9D4273
:1063A800A5EB0305E0D84446C846DDF81890D4F8B4
:1063B80000A0079B0122504603F500610BF00F0374
:1063C8009A404B6B23EA02034B6399E622682169E2
:1063D80002F53063126C012903EB4B13986891D1D5
:1063E8005A498A4229D82046FDF7A8F997E747F67F
:1063F800F0731D423FF4CDADC6EBC606C5F30A12D5
:10640800384604EB86061546D6F8081203F098FCC1
:10641800D6F8083220682B44C6F80832D6F8143269
:106428002B44C6F81432B4E52046FDF7B7F9DFE58A
:106438002046FDF7DBF92368D1E5020402D54FF4C5
:1064480000429A602046FDF779F9216901297FF415
:1064580066AF04F57172206803F064FD5FE790068B
:1064680001D520229A602046FDF76EF9B8E6170795
:1064780032D536498E4504D9120402D54FF400426C
:106488009A6020460393FDF759F904F571720121CA
:10649800206803F047FD0822039B9A60A0E6444663
:1064A800356DC846DDF81890D4F800A050469D42D6
:1064B8003FF626AE7DE704F5717203F033FD2068E0
:1064C8009FE6236D002B7FF450AE04F57172012115
:1064D800206803F027FD48E6970608D520229A6031
:1064E80018F0080F3FF481AE026C986878E712F054
:1064F800280FF5D1154FBE4505D9120403D54FF421
:1065080000429A60ECE71B692046D9F80422C3F3DD
:106518001203D31AC9F81432D9F808321344C9F847
:106528000832FDF711F9BBF1000F7FF459AED4F82A
:106538001032002B7FF454AE04F5717201212068EB
:1065480003F0F0FC4CE600BF0A31544F0A30544FB8
:1065580090F8BC23012A0ED0012210B50446006829
:1065680084F8381084F8BC2303F05AFC002318463A
:1065780084F8BC3310BD0220704700BF10B501F08D
:106588000F0E0906044627D44FF01C0C0CFB0E0C0A
:106598000CF5FE71CEEBCE0C00EB8C0C00208CF8C9
:1065A800FD018A604A7881F800E0CB700AB1A1F851
:1065B80006E0022B01D100230B7194F8BC33012BA8
:1065C80018D00123206884F8BC3303F089F900232C
:1065D800184684F8BC3310BD1C204FF0010C00FB9A
:1065E8000E4000F13C01CEEBCE0004EB800080F8B9
:1065F8003DC0D6E7022010BD10B501F00F041C21E4
:10660800C4EBC40C01FB040100EB8C0C01F5FE711A
:10661800CCF810320023CCF808228CF8FC41CCF8D6
:1066280014328CF8FD3103690068012B08BFCCF8DF
:106638000C22DAB21CB903F0B3FA002010BD03F043
:1066480097F9002010BD00BF10B501F00F041C2100
:10665800C4EBC40C01FB040100EB8C0C3C31CCF8FE
:1066680050300023CCF84820CCF8543001238CF863
:106678003C408CF83D3003690068012B08BFCCF81A
:106688004C20DAB21CB903F08BFA002010BD03F0DD
:106698006FF9002010BD00BF38B5436801F00F0541
:1066A8009D4234D80B0604461DD41C22C1EBC103FD
:1066B80002FB010100EB8303002201F5FE7183F860
:1066C800FD2101230D708B7094F8BC239A421CD0D5
:1066D800206884F8BC3303F043FBD5B10023184687
:1066E80084F8BC3338BD1C21C5EBC503012201FB6E
:1066F800050100EB83033C3183F83D2001230D7035
:106708008B7094F8BC239A42E2D1022038BD012054
:1067180038BD04F57172217C206803F003FCDDE7C5
:10672800426838B501F00F03934232D811F0800F58
:1067380004464FF01C01C3EBC30219D101FB03410E
:10674800002004EB8202002501F5FE7182F8FD01AC
:106758000B708D7094F8BC33012B18D0012320687E
:1067680084F8BC3303F030FB284684F8BC5338BDAA
:1067780001FB0341012004EB820200253C3182F831
:106788003D000B708D7094F8BC33012BE6D10220CC
:1067980038BD012038BD00BF704700BF38B5114B68
:1067A800DA68520704D4DB6803F00703834214D184
:1067B8000C4CE36823F007031843E060FDF7C6F9C3
:1067C800054605E0FDF7C2F9401BB0F57A7F06D80B
:1067D80063689B04F6D5002038BD012038BD03202E
:1067E80038BD00BF00480258024AD36843F080739E
:1067F800D36070470048025870B44D6A15B1B2F1C1
:10680800406F3AD18B691BB30C6A002C4CD08E6850
:106818000068C661CE69002E69D02B431343234319
:10682800CC6A334323430C6B23434C6B23430C69DF
:106838002343CC6823430C6823434C69B2F1406F6F
:1068480043EA8443436165D04B6870BC83617047F9
:106858000B6ABBB100682B438C68CE69C461002EFB
:106868006BD01343CC6A334323430C6B23434C6BE9
:1068780023430C692343CC68DEE78B6A0468013B39
:106888002361BFE7CB69002B66D1002D42D0CB6ACC
:106898000C6B2B43006813434A6923434C6B234317
:1068A80043EA8243436135E0CC6945EA030C002C96
:1068B80032D003684CEA0200B2F1406F40EA0400AB
:1068C800CC6A40EA04000C6B40EA04004C6B40EAD6
:1068D8000400CC6840EA04000C6840EA04004C69F3
:1068E80040EA8440586115D04A689A6112E045EA46
:1068F800030C0D694CEA0203CA6A23431343D1E926
:106908000C4223430C6813434A692B43234343EA4D
:106918008243436170BC7047CC6A4CEA020300684A
:106928002343D1E90C4223430C6813434A692343A8
:1069380043EA824370BC43617047CC6A13432343E4
:10694800D1E90C4223431343D1E90442234343EAE8
:10695800824370BC436170472B43CD6A0C6B134371
:1069680000682B4323434C6B84E700BF70B5044693
:10697800FDF7ECF8002C54D094F84030012B52D09D
:106988000123064684F8403094F8413003F0FF02B2
:10699800002B34D0A56C2268A1681368013923F450
:1069A800706343EA0123136001E06B1C31D19368E3
:1069B80013F02003F9D1E069E16815680143206A02
:1069C8000143606841EA00611C482840014360694E
:1069D8001160A16955680143206941EA00411848DE
:1069E8002840012501431846516011682943116068
:1069F800636484F84150002384F8403070BD204619
:106A080084F84020FBF794FF41F288331D46A364C5
:106A1800C1E7FDF79BF8801BA84206D82DB1226874
:106A2800C5E7012070BD022070BD0423012084F851
:106A38004130636C03436364DDE700BF2FFFFF0051
:106A4800FEF8E0FFC8B110B590F840300446012BBD
:106A580011D00268012380F84030136823F0010345
:106A68001360FBF7F3FF00236364184684F8413092
:106A780084F8403010BD022010BD0120704700BFCF
:106A88002DE9F04104460E461546FDF75FF894F8E7
:106A98004030012B3AD0012384F8403094F841303B
:106AA800012BDFB206D002270023384684F8403095
:106AB800BDE8F081002380466364022384F84130F6
:106AC800681C23680ED19A6812F02002FBD1314667
:106AD8002046FFF791FE736AE3B10123002784F88B
:106AE8004130E1E79A6812F020021ED0FDF72EF837
:106AF800A0EB0800854201D3002DE1D1042384F8DE
:106B08004130636C43F001036364CDE702273846E4
:106B1800BDE8F081226893689B07FCD50221012318
:106B28000027D16084F84130BEE731462046FFF7A0
:106B380063FE736A43B1D0E7FDF708F8A0EB0800DD
:106B48008542DBD3002DD9D0226893689907F3D505
:106B5800E4E700BF2DE9F843044689461546FCF7EB
:106B6800F5FF94F840302768012B67D0012384F89B
:106B7800403094F84130012B5FFA83F807D04FF08A
:106B880002080023404684F84030BDE8F88300231B
:106B98006364B9F1000F56D01223064684F84130D9
:106BA8003B690133E3623B69C4F824900133A36273
:106BB8007B6923F040637B61E36A002B31D06A1C58
:106BC800394611D18B685B07FCD5636A1B7887F857
:106BD8002030E26A636A013A0133E262E26A636280
:106BE800F2B16A1C2168EDD08B685807EDD4FCF728
:106BF800ADFF801B854201D3002DF2D1042384F818
:106C08004130636C43F00103636413E0BB689B0786
:106C18000CD4FCF79BFF801B8542EFD3002DEDD0F1
:106C28002768691CF2D1BB689A07FCD502234FF08C
:106C38000008FB60012384F84130A2E74FF0020806
:106C48004046BDE8F883636C43F00803636498E743
:106C58002DE9F843044615468946FCF777FF27686F
:106C6800BA6994F84030012B6CD0012384F8403085
:106C780094F84130012B5FFA83F807D04FF00208EF
:106C88000023404684F84030BDE8F883002363645D
:106C9800B9F1000F5BD02223064684F841303B69E6
:106CA8000133A3633B69C4F83090013363637B69A4
:106CB80023F0406343F080637B61BA61A36B002BD0
:106CC80033D0681C394612D18B6813F0060FFBD0FD
:106CD80097F82020236B1A70A26B236B013A0133BB
:106CE800A263A26B2363FAB1681C2168ECD08B689D
:106CF80013F0060FECD1FCF729FF801B854201D366
:106D0800002DF1D1042384F84130636C43F0010372
:106D1800636413E0BB689B070CD4FCF717FF801B68
:106D28008542EFD3002DEDD02768691CF2D1BB68EE
:106D38009A07FCD502234FF00008FB60012384F872
:106D480041309DE74FF002084046BDE8F883636C88
:106D580043F00803636493E72DE9F84F04461F46A0
:106D680089469046FCF7F2FE94F84030012B52D049
:106D7800012384F8403094F84130012B5FFA83FBFB
:106D880007D04FF0020B0023584684F84030BDE886
:106D9800F88F002382466364422384F841307A1CCA
:106DA80026682CD1B568AB06FCD4D8F80030494623
:106DB8002046B362D8F804307362D8F80830F3621A
:106DC8003268D8F8103022F440021343D8F80C2067
:106DD80043F480033360C9F828204FF00062FFF7BE
:106DE8000BFD781C22681BD193681907FCD5082174
:106DF80001234FF0000BD16084F84130C3E7B3683A
:106E08009D06D2D5FCF7A2FEA0EB0A00874212D35A
:106E1800002FC4D10FE04FF0020B5846BDE8F88FA1
:106E280093681B07E3D4FCF791FEA0EB0A008742A6
:106E380001D3002FD5D1042384F84130636C43F08B
:106E4800010363649FE700BF2DE9F04704460F463E
:106E58001646FCF77BFE94F84030012B45D0012301
:106E680084F8403094F84130012B5FFA83F907D059
:106E78004FF002090023484684F84030BDE8F08707
:106E880000238046D4F848A06364822384F8413004
:106E9800BAF1FF3F256814D1AB689A06FCD42B6879
:106EA800726823F00803082A43EA02032B6021D002
:106EB8004FF04062394620464FF00009FFF79CFC2E
:106EC800D8E7AB689B06EAD5FCF740FEA0EB0800C4
:106ED800824502D3BAF1000FDAD1042384F8413095
:106EE800636C43F001036364C4E74FF0020948464A
:106EF800BDE8F087326810232A63EB602B6843F4FF
:106F080080132B60D4E700BF704700BF08B5006C42
:106F180000238363C36290F84130082B0BD10368C8
:106F28000222DA601A6842F400321A601A6842F0E3
:106F380002021A6008BD012380F84130FFF7E4FF20
:106F480008BD00BF704700BF704700BF704700BF53
:106F5800704700BF704700BF704700BF704700BF51
:106F680038B5036804469A68196855070ED548036A
:106F78000CD594F84120122A75D094F84120222A81
:106F880000F0A1802046FFF7E5FF38BD950726D51C
:106F9800880324D50222DA601A6822F4E0221A60F3
:106FA80094F84120122A7AD094F84120222A00F03D
:106FB800A98094F84120022A00F0D08094F841205A
:106FC800082AE2D15A690121204622F040625A611A
:106FD80084F84110636C3BBBFFF7B4FF38BD15075D
:106FE80025D4D50735D5C80333D50125DD601A6802
:106FF80022F470221A60626C42F0020262641A681B
:10700800520779D51A68E06B22F004021A60574BD0
:10701800836505F0D5FD0028B7D0636C204643F0A2
:107028000403636484F84150FFF76EFF38BD08031A
:10703800D7D50822DA601A68520206D51A680121E3
:1070480022F410221A6084F841102046FFF784FFCA
:1070580038BDD00699D5CA0297D510222046DA60E5
:10706800FFF77CFF38BD9A6850078BD518460EE0AD
:10707800626A127883F82020E16A20680139626A1E
:10708800E1620132816862624D077FF57BAFE26A97
:10709800002AEDD1036823F48023036072E71A689D
:1070A800510709D51A68E16B22F0040209681A60D1
:1070B800CB6823F00103CB600123204684F84130DC
:1070C800FFF746FF38BD9A6852077FF55BAF184651
:1070D8000EE093F82010226B1170A16B2068013923
:1070E800226BA16301328168226349077FF54AAFA9
:1070F800A26B002AEDD1CDE7204684F84150FFF776
:1071080003FF38BD1A6852071DD49A6812F47C5FD1
:107118000FD111E093F82010226B1170A16B206839
:107128000139226BA16301328168226311F47C5F0B
:1071380002D0A26B002AEDD10123204684F8413009
:10714800FFF704FF38BD1A68E16B22F004020968F2
:107158001A60CB6823F00103CB60EDE701232046DA
:1071680084F84130FFF7F0FE38BD00BF156F000806
:10717800002800F0DE81F8B503680446D80730D54A
:107188009F490A69896A02F03802102A00F00081D2
:10719800182A00F0F8806368B3F5803F00F020817A
:1071A800002B00F05E81B3F5A02F954B1A6800F014
:1071B8002F8222F480321A601A6822F480221A6020
:1071C800FCF7C4FC8E4E41F28837054605E0FCF713
:1071D800BDFC401BB84200F2428133689A03F6D5E1
:1071E80023689D0700F18580D9062FD5844A136945
:1071F800926A03F03803082B00F0DA80182B00F0AD
:10720800D280E3697E4D002B00F065812B6843F046
:1072180080032B60FCF79AFC064605E0FCF796FC19
:10722800801B022800F21B812B68DB05F6D5FCF7D2
:10723800A5FC41F20303984200F20B826B68226AB4
:1072480023F0F84343EA82636B6023681D0716D571
:1072580063696B4D002B00F01C816B6F43F00103D9
:107268006B67FCF773FC064605E0FCF76FFC801BB8
:10727800022800F2F4806B6F9807F6D523689A0607
:1072880016D5A3695E4D002B00F014812B6843F4DA
:1072980080532B60FCF75AFC064605E0FCF756FCC9
:1072A800801B022800F2DB802B689F04F6D5236838
:1072B800590700F19B80636ACBB1514D2A6902F0EE
:1072C8003802182A6DD0022B2B6823F080732B60AC
:1072D80000F03981FCF73AFC044605E0FCF736FC7F
:1072E800001B022800F2BB802B689B01F6D400200B
:1072F800F8BD434A1369926A13F0380329D1404B09
:10730800E2681B68590701D5002A4AD03C4D2B6812
:1073180023F0190313432B60FCF718FC064605E01D
:10732800FCF714FC801B022800F299802B685B078D
:10733800F6D5FCF723FC41F20303226998426B68F7
:1073480000F2F08023F47C3343EA02336B60236855
:107358004AE7182B00F0E280294DE2682B68002AE2
:1073680000F0CB8023F0190313432B60FCF7EEFBEE
:10737800064604E0FCF7EAFB801B02286FD82B685E
:107388005F07F7D5D5E701F0030102297FF403AFC2
:107398001B4A126891037FF524AF6268002A7FF4C4
:1073A80020AF0120F8BD02F00302012A7FF429AFC3
:1073B800134B1B68DA0502D5E369802BF1D1FCF782
:1073C800DDFB41F203030E4A9842216A00F2B380C2
:1073D800536823F0F84343EA81635360236835E731
:1073E800074A136843F480331360E9E6054D2B68B8
:1073F80043F480732B60FCF7A9FB064609E000BF45
:107408000044025800480258FCF7A0FB801B64287F
:1074180025D82B68DA05F7D5A368012B00F022815F
:10742800002B00F0FD80052B954B1A6F00F0208192
:1074380022F001021A671A6F22F004021A67FCF799
:1074480085FB8F4E41F28837054604E0FCF77EFB4A
:10745800401BB84203D8336F9B07F7D52BE70320AF
:10746800F8BD874D41F288372B6823F480332B60B1
:107478002B6823F480232B60FCF768FB064604E0A6
:10748800FCF764FB801BB842E9D82B689B03F7D450
:10749800A6E66B6F23F001036B67FCF757FB064604
:1074A80004E0FCF753FB801B0228D8D86B6F9907C0
:1074B800F7D4E3E62B6823F480532B60FCF746FBF4
:1074C800064604E0FCF742FB801B0228C7D82B685D
:1074D8009804F7D4EBE62B6823F080032B60FCF7C5
:1074E80035FB064604E0FCF731FB801B0228B6D8C2
:1074F8002B68DF05F7D42368A8E623F001032B6087
:10750800FCF724FB064604E0FCF720FB801B02285E
:10751800A5D82B685807F7D4236865E690077FF449
:107528001BAFECE623F0FE4343EA02636B6023687B
:107538005AE601207047D36823F07C5343EA01637D
:10754800D360236882E6FCF701FB064604E0FCF7FB
:10755800FDFA801B022882D82B689901F7D4A96A02
:10756800484BA26A0B404849454E1343E26A43EA36
:107578000213AB62D4E90D32013B013A5B021204FB
:107588009BB202F4FE021343226B013AC2F30802D3
:107598001343E26B013A120602F0FE4213432B63D7
:1075A800EB6A23F00103EB626A6BA36C114041EABA
:1075B800C3016963EB6A226C23F00C031343EB628B
:1075C800EB6A626C23F002031343EB62EB6A43F449
:1075D8008033EB62EB6A43F40033EB62EB6A43F40B
:1075E8008023EB62EB6A43F00103EB622B6843F004
:1075F80080732B60FCF7AAFA044605E0FCF7A6FAAC
:10760800001B02283FF62BAF33689A01F6D56EE6C9
:1076180042F480221A601A6842F480321A60CFE578
:10762800174D41F288372B6F23F001032B672B6F1F
:1076380023F004032B67FCF789FA064605E0FCF7FC
:1076480085FA801BB8423FF60AAF2B6F9807F6D42D
:1076580031E6EB68226A23F07C5343EA0263EB606D
:107668002368F3E5064A136F43F001031367E6E660
:1076780042F004021A671A6F42F001021A67DEE646
:10768800004402580CFCFFFF0700FFFF474A13693C
:1076980003F03803102B04D0182B0DD01BB144482D
:1076A800704744487047136899064AD5136842489A
:1076B800C3F3C103D8407047936A30B4946AD56A5B
:1076C80014F47C7F516BC4F3051038D0C1F3CC019E
:1076D80005F0010503F0030305FB01F1012B07EE9B
:1076E800901AB8EEE77A02D0022B2CD093B307EEAB
:1076F800900A9FED325AF8EEE77A136BC5EE276AC7
:10770800DFED2F5AC3F3080307EE903AB7EE006A8D
:10771800F8EEE77AE7EE257A77EE867A66EEA76ADC
:10772800224B1B6BC3F34623013307EE903AB8EEA6
:10773800E77AC6EE877AFCEEE77A17EE900A30BC55
:1077480070471D48704707EE900A9FED1E5AF8EEE5
:10775800E77AD2E713689B0620D5146807EE900AEB
:107768001549F7EE005A136BC4F3C104F8EEE77A33
:107778009FED135AC3F30803E14006EE903A06EE74
:10778800101AF8EEE66AB8EEC66AE7EE056A86EE03
:10779800277A76EEA56A66EE876AC1E707EE900A51
:1077A8009FED095AF8EEE77AA7E700BF00440258B0
:1077B80000093D000024F4000090D0030024744A1E
:1077C800000000390024744B0024744C002800F099
:1077D8000281874A136803F00F038B422DE9F041B9
:1077E80004460D460CD2136823F00F030B431360B5
:1077F800136803F00F038B4202D00120BDE8F0812B
:1078080023685F070BD57B4920698A6902F07002FB
:10781800904204D98A6922F0700202438A611E07E5
:107828000BD574496069CA6902F07002904204D9A4
:10783800CA6922F070020243CA61D8060BD56D49A5
:10784800A069CA6902F4E062904204D9CA6922F4C4
:10785800E0620243CA6199060BD56649E0690A6A83
:1078680002F07002904204D90A6A22F070020243C0
:107878000A629A0740F1A1805E48E168826902F0D5
:107888000F02914204D9826922F00F020A438261F1
:10789800D80730D5574AA168936923F470630B431E
:1078A800936161681368022900F09780032900F04A
:1078B8008E80012900F0978058079ED54D4E41F2E1
:1078C8008838336923F007030B433361FCF73EF92B
:1078D800074605E0FCF73AF9C01B404500F28180F5
:1078E8003369626803F03803B3EBC20FF2D123683F
:1078F800990706D5E1683F48826902F00F028A427B
:107908005FD83B490A6802F00F02AA420AD90A68FE
:1079180022F00F022A430A600A6802F00F02AA4204
:107928007FF46BAF5A070BD5324920698A6902F098
:107938007002904204D28A6922F0700202438A617E
:107948001F070BD52B496069CA6902F07002904283
:1079580004D2CA6922F070020243CA61DE060BD55E
:107968002449A069CA6902F4E062904204D2CA6953
:1079780022F4E0620243CA619D060BD51D4AE16903
:10798800136A03F07003994204D2136A23F0700358
:107998000B431362FFF77AFE164A034616489269AC
:1079A8001649C2F30322825C0E2002F01F02D34064
:1079B800BDE8F0410B60FCF767B8DA073FF56AAF3E
:1079C8009FE7826922F00F021143816199E79F01C5
:1079D8003FF574AF11E7012070479B033FF56EAF89
:1079E8000BE703200AE7DE053FF568AF05E700BFB0
:1079F800002000520044025824FF000858000024C8
:107A080008B501F095F9064B06499B69064A03F04B
:107A18000F03CB5C03F01F03D840106008BD00BF04
:107A28000044025824FF00085C00002410B501F04F
:107A38007FF90949094A8B69094C03F00F03D35CA4
:107A480003F01F03D8402060CB69C3F30213D35C53
:107A580003F01F03D84010BD0044025824FF00085B
:107A68005C00002410B501F063F90949094A8B69E3
:107A7800094C03F00F03D35C03F01F03D8402060C8
:107A8800CB69C3F30223D35C03F01F03D84010BDB6
:107A98000044025824FF00085C000024F8B53A4C62
:107AA800A36A03F00303032B67D0236806460F4637
:107AB80023F080632360FCF749F8054604E0FCF7EF
:107AC80045F8431B022B56D823681A01F7D4A36A3A
:107AD800326823F47C3343EA0233A362D6E90232E4
:107AE800013B013A5B0212049BB202F4FE0213430B
:107AF8007268013AC2F3080213433269013A120666
:107B080002F0FE421343A363E36A726923F0C003E1
:107B18001343E362E26AB36922F020021A431B4B63
:107B2800E262E26A22F01002E262E16BF2690B4063
:107B380043EAC203E363E36A43F01003E362E36AE0
:107B4800EFB1012F0CBF43F4801343F40013E36239
:107B58000D4C236843F080632360FBF7F7FF05466D
:107B680004E0FBF7F3FF401B022804D823681B013D
:107B7800F7D50020F8BD0320F8BD0120F8BD43F477
:107B88000023E362E4E700BF004402580700FFFF58
:107B9800F8B53A4CA36A03F00303032B67D02368B4
:107BA80006460F4623F080532360FBF7CFFF0546B8
:107BB80004E0FBF7CBFF431B022B56D823689A003F
:107BC800F7D4A36A326823F07C7343EA0253A362B2
:107BD800D6E90232013B013A5B0212049BB202F47D
:107BE800FE0213437268013AC2F308021343326972
:107BF800013A120602F0FE4213432364E36A7269F3
:107C080023F440631343E362E26AB36922F4007227
:107C18001A431B4BE262E26A22F48072E262616CF0
:107C2800F2690B4043EAC2036364E36A43F4807376
:107C3800E362E36AEFB1012F0CBF43F4000343F0A2
:107C48008073E3620D4C236843F080532360FBF795
:107C58007DFF054604E0FBF779FF401B022804D8A6
:107C680023689B00F7D50020F8BD0320F8BD01204C
:107C7800F8BD43F48003E362E4E700BF0044025820
:107C88000700FFFF2DE9F8430368044613F0006678
:107C980022D0426EB2F5001F00F0CE8411D8002A1F
:107CA80000F0F884B2F5801F40F0F184022104301E
:107CB800FFF7F4FE0646002E40F08684626E2368C5
:107CC80003E0B2F5401F40F0E284A8480026016DA9
:107CD80021F440110A430265DD050AD5626D042AC4
:107CE80006D8DFE812F0A20493049A04DF02DF0248
:107CF8000126354698051BD5A26D802A00F05B84C5
:107D080000F2EC80002A00F08B83402A40F0ED80DE
:107D18000021201DFFF7C2FE23680546002D40F014
:107D280067839249A06D0A6D22F4E07202430A65E6
:107D380059051FD5D4F8A420B2F5800F00F0478468
:107D480000F2D680002A00F07183B2F5001F40F0DF
:107D5800D7800021201DFFF7A1FE23680546002DCE
:107D680040F044838149D4F8A4008A6D22F460026B
:107D780002438A651A051FD5D4F8A820B2F1007FFE
:107D880000F02E8400F2BF80002A00F05583B2F183
:107D9800807F40F0C0800021201DFFF77FFE236810
:107DA8000546002D40F02A837049D4F8A8008A6D52
:107DB80022F0E06202438A659F0118D5A26C202A4E
:107DC80000F0DA8300F2AA803AB1102A40F0A980C4
:107DD8006649CA6A42F40032CA62002D40F05983EB
:107DE8006249A06CCA6C22F030020243CA64D8040B
:107DF8001DD5E26DB2F5005F00F0FB8300F29480C0
:107E0800002A00F01F83B2F5805F40F095800021C2
:107E1800201DFFF743FE23680546002D40F0EC8245
:107E28005249E06D0A6D22F4E04202430A65990462
:107E38001AD5226EB2F5003F00F074837FD84AB19C
:107E4800B2F5803F40F083800121201DFFF726FE18
:107E580023680546002D40F01E834449206E0A6DB4
:107E680022F4E02202430A655A041BD5D4F8AC2058
:107E7800B2F1005F00F060836CD842B1B2F1805F6C
:107E880070D10121201DFFF709FE23680546002D4A
:107E980040F003833549D4F8AC008A6D22F0E04203
:107EA80002438A651F040DD5E26EB2F1805F00F0CF
:107EB8003183B2F1005F00F00182002A00F00482F1
:107EC80001263546D8015DD5626C032A00F20A8482
:107ED800DFE812F0540017034E005400C02A3FF4A4
:107EE8001DAFB2F5807F3FF419AF012635461FE775
:107EF800B2F5C00F3FF433AFB2F5000F3FF42FAF28
:107F08000126354636E7B2F1407F3FF44AAFB2F179
:107F1800806F3FF446AF012635464DE7302A3FF4DF
:107F28005CAF0126354662E7B2F5405F3FF475AFB6
:107F3800B2F5804F3FF471AF0126354677E722F45A
:107F48008031B1F5802F85D0B2F5403F82D001262F
:107F5800354689E722F08051B1F1804F97D0B2F1D0
:107F6800405F94D0012635469CE700BF0044025884
:107F78000221201DFFF792FD23680546002D00F021
:107F88006B822E46590200F1F081DF072FD5A26FD0
:107F9800282A2AD8DFE812F0D3012900290029006D
:107FA80029002900290029006D032900290029003A
:107FB8002900290029002900CC01290029002900CD
:107FC8002900290029002900D301290029002900B6
:107FD8002900290029002900D301290029002900A6
:107FE8002900290029002900D301012635469807D0
:107FF80016D5626F052A00F27883DFE812F00D00CB
:10800800300306000D000D000D00012104F12400CD
:10801800FFF7BEFD23680546002D00F025822E4699
:10802800590717D5D4F89020052A00F26183DFE8B4
:1080380012F00D000C0306000D000D000D000121CB
:1080480004F12400FFF7A4FD23680546002D00F085
:1080580013822E469A061DD5D4F88C20B2F1005F03
:1080680000F0458200F2DC804AB1B2F1805F40F056
:10807800E1800021201DFFF711FD23680546002D32
:1080880040F00582A949D4F88C004A6D22F0E042FC
:1080980002434A655F061DD5D4F89820B2F5006FF3
:1080A80000F0548200F2C9804AB1B2F5806F40F006
:1080B800CE800021201DFFF7F1FC23680546002D26
:1080C80040F0C8819949D4F898008A6D22F4E052AA
:1080D80002438A6518061DD5D4F89C20B2F5804F56
:1080E80000F03F8200F2B6804AB1B2F5005F40F07E
:1080F800BB800021201DFFF7D1FC23680546002D19
:1081080040F0A6818949D4F89C008A6D22F4604227
:1081180002438A6519070BD5D4F88010B1F5805F42
:1081280000F03E828148426D22F440520A43426583
:10813800DA060BD5D4F89410B1F5807F00F02582CB
:108148007A48826D22F440720A4382651F030ED575
:10815800D4F8A010B1F5803F00F0D480B1F5003F0D
:1081680000F0D780002900F0BA810126354658036F
:108178000FD5D4F88420B2F5001F00F0B080B2F516
:10818800401F00F0B380B2F5801F00F0A0810126E7
:108198003546D90309D5E26C002A00F08681B2F58C
:1081A800803F00F02D81012635469A0000F1D280EB
:1081B8009F035CD4301E18BF0120DE0206D55B4940
:1081C800256F0A6D22F000422A430A65DD0007D5B3
:1081D8005649D4F8B4500A6922F480422A430A6105
:1081E800990206D55149A56E0A6D22F080722A437C
:1081F8000A655A0009D54D4A116921F400411161F7
:108208001169D4F8B85029431161002B06DA474A9E
:10821800216DD36C23F040530B43D364BDE8F8833E
:1082280022F08051B1F1804F3FF429AFB2F1405FA5
:108238003FF425AF012635462CE722F48061B1F5DD
:10824800805F3FF43CAFB2F5406F3FF438AF012692
:1082580035463FE722F40051B1F5004F3FF44FAFE8
:10826800B2F5C04F3FF44BAF0126354652E7E26FF7
:10827800B2F5807F00F0228106D922F48071B1F531
:10828800007F03D0012098E7002AFBD1002DF9D107
:10829800264D301E696D18BF012021F440710A4334
:1082A8006A658AE73546002D40F0A4801F49606D55
:1082B8000A6D22F0070202430A651BE50121201D11
:1082C800FFF7ECFB23680546002D40F0DE801749D8
:1082D800E06E0A6D22F0405202430A65F2E5012180
:1082E80004F12400FFF754FC23680546002D40F0F4
:1082F800DA800E49D4F884004A6D22F44012024311
:108308004A6546E7022104F12400FFF741FC23688F
:108318000546002D40F0C5800449D4F8A0008A6DB8
:1083280022F4403202438A6521E700BF0044025824
:10833800012104F12400FFF72BFC23680546002DDA
:1083480040F0AD80AF49A06F4A6D22F03802024379
:108358004A654CE6022104F12400FFF719FC236862
:1083680000283FF425AF012622E7A74F3B6843F4D6
:1083780080733B60FBF7EAFB804606E0FBF7E6FB11
:10838800A0EB0800642800F27E813B68DA05F5D589
:10839800002D40F0A4819B4AD4F8B030116F5940A9
:1083A80011F4407F0BD0116F106F21F4407140F42D
:1083B80080301067106F20F4803010671167B3F5B4
:1083C800807F00F06E8103F44072B2F5407F00F0C8
:1083D8007C818C490A6922F47C520A61894AC3F378
:1083E8000B03116F0B4313672368CEE52E46C1E4D8
:1083F8002E469DE42E467DE42E4618E52E46DBE407
:108408000221201DFFF74AFB05462368002D53D1A2
:108418007C49E06CCA6C22F480320243CA64C4E628
:108428007849CA6A42F40032CA6277E47549CA6A6E
:1084380042F40032CA6292E47249CA6A42F40032D3
:10844800CA62AEE46F49CA6A42F40032CA62E4E41E
:108458002E465FE62E463DE66A49606CCA6C22F0FD
:1084680003020243CA648DE56649606F4A6D22F0D3
:10847800070202434A65D3E56249D4F890008A6D41
:1084880022F0070202438A65E4E52E461AE52E46E5
:1084980000E62E46ABE42E46E6E42E4602E52E46DE
:1084A800A5E52E4663E62E4673E65649CA6A42F4A7
:1084B8000032CA62002DABD02E4676E65148C16A1A
:1084C80041F40031C162002D7FF4DCAEE0E64D4995
:1084D800CA6A42F40032CA62002DE4D109E7201DBD
:1084E800FFF7DCFA05462368002DDAD114E70221EC
:1084F80004F12400FFF74CFB05462368002DC6D184
:10850800C0E54049CA6A42F40032CA62002D7FF4CD
:1085180038ADA1E73B49CA6A42F40032CA62002D6D
:10852800B3D1D4E6012104F12400FFF731FB05465D
:108538002368002DAFD190E4012104F12400FFF756
:1085480027FB05462368002DA7D1A3E4022104F1E7
:108558002400FFF71DFB05462368002D7FF47AAF42
:10856800B0E5022104F12400FFF712FB0546236859
:10857800002D7FF46DAFC5E50221201DFFF78EFAAF
:1085880005462368002D84D12AE4022104F1240041
:10859800FFF7FEFA236800283FF4D8AD0126D5E599
:1085A800022104F12400FFF7F3FA236800283FF4BE
:1085B800BFAD0126BCE5002104F12400FFF7E8FA6D
:1085C80023680546FFF7AABB2368FFF785BB002190
:1085D80004F12400FFF7DCFA23680546FFF7BFBB68
:1085E800002104F12400FFF7D3FA23680546FFF7BA
:1085F800D8BB002104F12400FFF7CAFA2368054616
:108608000BE400BF00440258004802580021201D16
:10861800FFF744FA2368054645E6002104F12400E3
:10862800FFF7B6FA236805463DE633493546CA6A78
:1086380042F40032CA6236E602212430FFF7A8FA73
:108648000646002E3FF43AABBEE70121201DFFF796
:1086580025FA05462368002D7FF4FBAC0CE70121C1
:10866800201DFFF71BFA05462368002D7FF4D7ACC1
:10867800FAE60121201DFFF711FA05462368002DAF
:108688007FF40DAF5EE60326236835467DE40126B8
:10869800FFF722BB1848C16A41F40031C162FFF7F5
:1086A80014BBFBF753FADFF85080074641F28839CC
:1086B80004E0FBF74BFAC01B4845E4D8D8F8703003
:1086C8009B07F6D5D4F8B0307DE60B480B4A016914
:1086D80002EA131221F47C510A4302617EE6236800
:1086E8002E4652E4012635464CE40126354697E4E9
:1086F80001263546AEE400BF00440258CFFFFF0014
:1087080008B5FFF77DF9054B054A1B6AC3F3021349
:10871800D35C03F01F03D84008BD00BF00440258D3
:1087280024FF0008584B70B4996A9D6ADE6A15F4F4
:108738007C3FC5F30532DC6B5CD0C4F3CC0406F097
:10874800100601F0030106FB04F4012907EE904A24
:10875800B8EEE77A03D0022975D000294FD007EE8A
:10876800902ADFED4A6AF8EEE77A9B6B86EEA76AF5
:108778009FED475AC3F3080306EE903AF7EE005A06
:10878800F8EEE66AE7EE056A76EEA56A66EE266A10
:108798003D4AB7EE006A936BC3F3462307EE103ADF
:1087A800B8EEC77A70BC37EE067AC6EE877AFCEE6A
:1087B800E77AC0ED007A936BC3F3064307EE103AED
:1087C800B8EEC77A37EE067AC6EE877AFCEEE77A15
:1087D800C0ED017A936BC3F3066307EE903AF8EEA7
:1087E800E77A77EE867A86EEA77ABCEEC77A80EDCE
:1087F800027A704770BCC0E900228260704719682D
:10880800890627D51C6807EE902A2249F7EE005AF8
:108818009B6BC4F3C102F8EEE77A9FED1D5AC3F3D0
:108828000803D14006EE903A06EE101AF8EEE66A12
:10883800B8EEC66AE7EE056A86EE277A76EEA56A8E
:1088480066EE876AA4E707EE902ADFED136AF8EE72
:10885800E77A8AE707EE902A9FED105A9B6BB7EEEE
:10886800006AF8EEE77ADFED0A5AC3F30803C5EEAB
:10887800276A07EE903AF8EEE77AE7EE257A77EE80
:10888800867A66EEA76A83E7004402580024744A91
:10889800000000390090D0030024744B0024744C6D
:1088A800584B70B4996A9D6ADE6A15F07C7FC5F3EF
:1088B80005525C6C5CD0C4F3CC0406F4807601F0FD
:1088C800030106FB04F4012907EE904AB8EEE77AA3
:1088D80003D0022975D000294FD007EE902ADFED8A
:1088E8004A6AF8EEE77A1B6C86EEA76A9FED475A4C
:1088F800C3F3080306EE903AF7EE005AF8EEE66A7C
:10890800E7EE056A76EEA56A66EE266A3D4AB7EE98
:10891800006A136CC3F3462307EE103AB8EEC77A21
:1089280070BC37EE067AC6EE877AFCEEE77AC0EDC1
:10893800007A136CC3F3064307EE103AB8EEC77A11
:1089480037EE067AC6EE877AFCEEE77AC0ED017A52
:10895800136CC3F3066307EE903AF8EEE77A77EE06
:10896800867A86EEA77ABCEEC77A80ED027A7047DF
:1089780070BCC0E90022826070471968890627D553
:108988001C6807EE902A2249F7EE005A1B6CC4F3C4
:10899800C102F8EEE77A9FED1D5AC3F30803D140F0
:1089A80006EE903A06EE101AF8EEE66AB8EEC66AD7
:1089B800E7EE056A86EE277A76EEA56A66EE876A9E
:1089C800A4E707EE902ADFED136AF8EEE77A8AE764
:1089D80007EE902A9FED105A1B6CB7EE006AF8EE6E
:1089E800E77ADFED0A5AC3F30803C5EE276A07EEF4
:1089F800903AF8EEE77AE7EE257A77EE867A66EE31
:108A0800A76A83E7004402580024744A000000392A
:108A18000090D0030024744B0024744C584B70B45D
:108A2800996A9D6ADE6A15F47C7FC5F305125C6B52
:108A38005CD0C4F3CC0406F0010601F0030106FB88
:108A480004F4012907EE904AB8EEE77A03D0022928
:108A580075D000294FD007EE902ADFED4A6AF8EE6C
:108A6800E77A1B6B86EEA76A9FED475AC3F30803A4
:108A780006EE903AF7EE005AF8EEE66AE7EE056A77
:108A880076EEA56A66EE266A3D4AB7EE006A136B73
:108A9800C3F3462307EE103AB8EEC77A70BC37EE38
:108AA800067AC6EE877AFCEEE77AC0ED007A136B99
:108AB800C3F3064307EE103AB8EEC77A37EE067AE4
:108AC800C6EE877AFCEEE77AC0ED017A136BC3F342
:108AD800066307EE903AF8EEE77A77EE867A86EE46
:108AE800A77ABCEEC77A80ED027A704770BCC0E9FD
:108AF8000022826070471968890627D51C6807EE2E
:108B0800902A2249F7EE005A1B6BC4F3C102F8EE13
:108B1800E77A9FED1D5AC3F30803D14006EE903A59
:108B280006EE101AF8EEE66AB8EEC66AE7EE056ACF
:108B380086EE277A76EEA56A66EE876AA4E707EEE0
:108B4800902ADFED136AF8EEE77A8AE707EE902AB3
:108B58009FED105A1B6BB7EE006AF8EEE77ADFED6F
:108B68000A5AC3F30803C5EE276A07EE903AF8EEEF
:108B7800E77AE7EE257A77EE867A66EEA76A83E7E4
:108B8800004402580024744A000000390090D003C1
:108B98000024744B0024744CB0F5807F00B585B078
:108BA80048D0B0F5007F11D0B0F5806F00F082801A
:108BB800B0F5006F52D0B0F5805F2CD0B0F5002F23
:108BC80000F09680002005B05DF804FB534A136D51
:108BD80003F4E073802B59D012D9C02B26D0B3F5FB
:108BE800807FEFD1D36C13F040535BD0B3F1805F3B
:108BF80000F08D80B3F1005F494818BF0020E2E71C
:108C0800002B3CD0402BDDD101A8FFF78BFD01984C
:108C180005B05DF804FB414A136D03F4E043B3F576
:108C2800005F33D029D9B3F5405F58D13D4805B02E
:108C38005DF804FB394B1B6D03F00703042BC1D807
:108C480001A252F823F000BF878C0008118C00089D
:108C5800958C0008358C0008A38C00082F4A936D6A
:108C680003F0E063B3F1007F10D01DD9B3F1407F6A
:108C7800DCD0B3F1806FB5D0A4E7002B34D101A8C4
:108C8800FFF7CCFE029805B05DF804FB01A8FFF7DA
:108C980007FE019805B05DF804FB204BDB6C13F070
:108CA8004053A3D120488EE7002BE8D0B3F1807F52
:108CB800AAD087E7194A936D03F46003B3F5800FD0
:108CC800E4D005D8002BDAD0B3F5001F9CD079E7A3
:108CD800B3F5C00FAAD0B3F5000F83D072E7B3F590
:108CE800804F3FF47FAF6DE7B3F5805F8CD069E7C5
:108CF8000A4A936D03F44033B3F5803F09D0B3F5C6
:108D0800003F3FF46FAF002B7FF45CAF7CE7074870
:108D180059E701A8FFF7C4FD039854E70044025837
:108D28000024F4000080BB000090D00300093D003F
:108D380008B5FEF7ABFC064B06499B69064AC3F328
:108D48000323CB5C03F01F03D840106008BD00BFAD
:108D58000044025824FF000858000024F8B50168B0
:108D68000546AC4B99421FD0203399421CD003F5DD
:108D78007873994258D02033994255D003F57873C7
:108D8800994200F01E812033994200F01A8195F82B
:108D98009130A14E03F0FF026BB9284685F8902068
:108DA800F9F73CFF296806E09C4E95F8913003F0EE
:108DB800FF02002BF1D09A4B9A4A1B68A2FB0323AF
:108DC8000A681B0B22F480329B000A6023B30C68EC
:108DD800013B14F48034F9D1022385F89130EB6813
:108DE800012B00F01081022B15BF0320232002273E
:108DF800222715BF4FF0010C4FF0210C0022202232
:108E0800AB68013B042B00F24B81DFE813F0CF0085
:108E18001000D6000F00D200D5F89430012043F09E
:108E28004003C5F89430F8BD7F4EBEE73A464FF48C
:108E380000672B6A3260002B44D0764B994200F0D1
:108E48001E817A48081AB0FA80F04009002840F0DC
:108E58001681774B994200F00C812033994200F03B
:108E68000881744B994200F0FE802033994200F04B
:108E7800FA80714B994200F00881704B994200F0DA
:108E88000A81AB6900EB8000B3F5002F4FEA40037D
:108E980000F0E280AA6A296AB2F1806F0CBF022250
:108EA800012201FB02F21202B3FBF2F3644AA2FBB5
:108EB8000312D20802EB8201A3EB4103092B08BF7E
:108EC80001326A626B6833F002032B6D40F09680C2
:108ED800012B14BF4FF400740024FAF74FFE696C9D
:108EE800B0F5005FD5E9003242EA0102A96C42EA16
:108EF8000102E96C42EA0102E96A42EA010269698F
:108F080042EA010272D3A96918680A43A96A0A43A6
:108F18004C490140196029690A4319680A43696A7A
:108F280042EA015248493A4322431A605A68286B78
:108F38001140EA690243686B5960024359680A4361
:108F480042495A609A6811406A6E9960E96D98685A
:108F58000A43296E0A43696D01390A43A96D01392B
:108F680042EA012202434FF220009A60D968AA6EB1
:108F78000140D960E96ED8680A43696F42EA014244
:108F8800296F013942EA0122224902438B42DA6001
:108F980019D0294A934216D000230122C5F89430EB
:108FA800184685F8903085F89120F8BD4FF4806711
:108FB8003FE702464FF400673BE762464FF400671D
:108FC80037E7234EF1E6736C23F00103736495F8D9
:108FD8003830012BE0D1D5E90F23013A43EA0213D7
:108FE8007364736C43F001037364D5E7A969186867
:108FF8000A43184901401960A96A8DE7012B08BF87
:109008004FF4007469E7132012274FF0110C102257
:10901800F6E600BF045801400054005800580140CB
:10902800580000241BECCB95005C014024580140FB
:10903800045C014004600140045400582454005862
:10904800CDCCCCCC10C005F0F01FFFFF0080F8FF9E
:109058000060014010C005F82A6A696D01FB02F240
:10906800B3FBF2F322E74FF40070FFF795FD296890
:10907800FFE64FF40070FFF78FFD2968F1E64FF423
:109088008070FFF789FD2968E3E64FF48060FFF7F9
:1090980083FD2968F1E64FF40060FFF77DFDF0E6F7
:1090A8000027C6E6022938B5044635D9C81E012866
:1090B80030D8002023676064E064E065A0664FF65E
:1090C800FF706067606830F002000CBF0125002562
:1090D80004294FF4003125650CBF01200D202166BD
:1090E8004FF48021A0656166032A13D8DFE802F0F7
:1090F800474E54362368484A934205D002F1C0527D
:10910800A2F58232934205D16368012B02D1636CC8
:10911800002B2FD0012038BD002023676064E06455
:10912800A066606830F0020014BF012000202065AE
:109138004FF48030E0654FF6FF70606713F0010070
:10914800E8D14D1E012D29D860664FF40030206605
:10915800032ADFD8DFE802F05546362CE0215B0110
:109168008022A1646365E266FAF708FD94F8383056
:10917800012BBFD02046BDE83840FFF7EFBD802166
:109188001B014022A1646365E266EDE780225B0172
:10919800A2646365E266E7E7C021E0E720664FF472
:1091A80080206066032AB5D8DFE802F02B1C0C0289
:1091B8005B08E02080219A01A0645B01E166C4E9B4
:1091C8001523D1E75B08C022802502294FEA8310C6
:1091D800A2644FEA4313E5666065A365C4D108231A
:1091E800A366C1E75B08802202294FEA8310A264C4
:1091F8004FEA4313E266C4E91503B5D11023A36609
:10920800B2E75B08802040215A01A0641B01E16697
:10921800C4E91523A8E700BF045801402DE9F84325
:109228000F4604461546FAF791FC002F61D0B5FAAF
:1092380085F84FEA5818002D5BD094F89130012B2F
:109248005FFA83F950D194F89030012B4CD0434603
:10925800C4F894800646D4F8800065F30F032268AA
:1092680084F89090394665F31F43A7671C32E3677B
:109278002B46122584F891502E4DC0F85080056475
:109288002D4DC5632D4DC564FBF700F800283ED170
:10929800636C082B636831D005216122023B012BE6
:1092A80098BF1146226813690B431361136843F48E
:1092B8000033136006E0FAF749FC831BB3F57A7FA5
:1092C8002AD82268556915F4E025F4D01368DB0321
:1092D80003D4136843F4803313600023994684F859
:1092E80090304846BDE8F8834FF002094846BDE88B
:1092F800F8834FF001094846BDE8F88323F00202DD
:10930800012A0BBF1521052171226122C6E74846B3
:1093180084F89080BDE8F883D4F894304FF00309BE
:1093280084F8905043F040034846C4F89430BDE8B0
:10933800F88300BF859400081D940008059500086F
:10934800F8B500294ED0B2FA82F513466D09002A05
:1093580048D090F891200446012AD6B23FD190F81F
:109368009020012A3BD081670A462946222780F8A7
:10937800906063F30F01C0F8945063F31F41C16715
:10938800D0F8840084F891701E4F216807641E4F3E
:109398001C310565C7631D4FC764FAF777FF20BB0B
:1093A80023681A68D20303D41A6842F480321A6018
:1093B800626C082A62681CD005216120023A012AE1
:1093C80098BF01461A6900200A4306461A611A68BE
:1093D80042F400321A6084F890003046F8BD022644
:1093E8003046F8BD01263046F8BD304684F8905026
:1093F800F8BD22F0020101290BBF152105217120BA
:109408006120DBE7F59400089194000805950008B1
:10941800704700BF08B5C369806BB3F5807F1BD068
:1094280003684FF0000C416C1A680829A0F87EC048
:1094380022F400321A60426811D06FF0610C6FF0AC
:109448000501023A012A98BF61461A694FF0010CDA
:109458000A401A6180F891C0FFF7DAFF08BD22F0D0
:10946800020101290BBF6FF0710C6FF0610C6FF0F6
:1094780015016FF00501E4E7704700BF806B08B580
:10948800FFF7FAFF08BD00BF08B5C369806BB3F5E5
:10949800807F1BD003684FF0000C416C1A680829C4
:1094A80022F400321A604268A0F87EC011D06FF032
:1094B800610C6FF00501023A012A98BF61461A69EA
:1094C8004FF0010C0A401A6180F891C0F9F7ACFC22
:1094D80008BD22F0020101290BBF6FF0710C6FF07B
:1094E800610C6FF015016FF00501E4E7806B08B5BA
:1094F800F9F75EFC08BD00BF704700BF10B5846B6C
:10950800FBF7CEFB022823D0D4F89420216842F040
:109518008002134B1348C4F894201B680A68A0FB08
:10952800030322F400321B0B0A600A689B0022F432
:1095380080320A606BB10A68013BD203FAD4012277
:109548000023204684F89120A4F87E30FFF7D4FF4A
:1095580010BDD4F8943043F04003C4F89430EEE7DB
:10956800580000241BECCB9518B338B590F82C3074
:1095780004460D4603F0FF02B3B12146022384F8E6
:109588002C3051F8040B00F051F862682946206825
:1095980000F08AF8084A01210020136843F00043CC
:1095A800136084F82C1038BD80F82D20F7F720FCC4
:1095B800E3E70120704700BF0040005270B590F803
:1095C8002C300446022BD8B204D000F0FB06012E42
:1095D80001D0012070BD02230D46206884F82C308C
:1095E80000F0AEF82B68022B03D0002084F82C6022
:1095F80070BD0523002084F82C3070BD38B590F874
:109608002C300446022BD8B205D094F82C30012B0C
:10961800DDB201D0012038BD0223206884F82C3047
:1096280000F0A2F8002084F82C5038BD0B6810B464
:10963800D3B90468A3F500434A6823401343D1E92A
:10964800024223431343D1E9044223431343D1E99C
:10965800064223431343D1E9084223435DF8044BF0
:1096680013430360002070470268D1E9074322F4DE
:10967800F84222434C6A1A430A4B2243026042686A
:109688001340D1E9014223431343D1E90342234361
:109698001343D1E9054223435DF8044B1343436068
:1096A800002070470080FFFF30B40ABB8368D1E90F
:1096B800002403F07043013C013A43EA04131343C6
:1096C800D1E90224013A013C43EA022343EA043285
:1096D800D1E904348969013B013C013942EA034379
:1096E80043EA045343EA016330BC836000207047B7
:1096F8008268CC68114B013C13404A6943EA043341
:10970800541E43EA0454D1E900258460C3686C1EE2
:10971800013A03F0704343EA04130C691A438B6857
:10972800013C8969013B013942EA032343EA0443C6
:1097380043EA016330BCC36000207047FF0F0FFF8E
:109748000246D1E9003010B403431469D1E902108C
:1097580023435DF8044B013943EA4023002043EAE0
:1097680041131361704700BF0246054B002010B437
:10977800546923405DF8044B43EA41015161704745
:1097880001C0FFFF022A82B0844613D00923019347
:10979800DCF80C30002023F47053CCF80C30019B1B
:1097A800DCF80C209B0203F470531343CCF80C3004
:1097B80002B07047224B234A0B44934207D9224BED
:1097C800224A0B44934205D80E230193E0E70F2366
:1097D8000193DDE71E4B1F4A0B44934207D91E4BEA
:1097E8001E4A0B44934205D20C230193D0E70D2364
:1097F8000193CDE71A4B1B4A0B44934202D80B2323
:109808000193C5E7184B194A0B44934202D20A2325
:109818000193BDE7164B174A0B449342B6D3164B38
:10982800164A0B44934202D208230193B0E7144B23
:10983800144A0B44934234BF072306230193A7E736
:10984800405327FFFF340C00401E1BFF3F420F0010
:1098580000DC0BFF7F4F1200808CF9FE20D613002E
:1098680060B6E5FE5FE3160000D3CEFE40771B002E
:10987800C05BB3FEC091210000CA91FE207538007C
:10988800E05459FEE09C4100890182B000230A4A55
:1098980041F020010193016103E0036913F0200303
:1098A80007D0019B013393420193F6D9032002B0FC
:1098B8007047184602B07047400D0300D0F80838CA
:1098C80082B003F006030193019838B10198022889
:1098D80004D0019B062B0CBF02200F2002B070475A
:1098E80030B44B780A78012B20D002F00F0C4FF4DB
:1098F8008033D0F81C4800EB421203FA0CF32343E0
:10990800C0F81C38D2F8003B1B040CD48B68D2F882
:10991800004BC3F30A03C8781449234343EA80433E
:109928001943C2F8001B002030BC704700F50064E2
:1099380002F00F0500EB4210AB40E5692B43E361F1
:10994800D0F800391C04EED48B68D0F80059C3F362
:109958000A03CC7805492B4343EA844343EA8252FD
:10996800114330BCC0F80019002070470080001077
:109978002DE9F0414B7891F800C0012B51D000EB54
:109988004C1C844CDCF8105B0CF530632C401C61DB
:10999800814C1D692C401C614C6984B38D68012A77
:1099A8007E4E2C4404F1FF34B4FBF5F406EAC44EB1
:1099B800A4B205FB04F41D694EEA0505C4F31204BC
:1099C8001D611D6944EA05041C6125D0CB78012B73
:1099D8000CD1D0F8083813F4807FDCF8003B0CBFBA
:1099E80043F0005343F08053CCF8003BDCF8003BD5
:1099F80043F00443CCF8003B0020BDE8F0818C68BC
:109A0800012A1D69C4F3120444EA05041C611C6997
:109A180044F400241C61D9D1CA68002AD6D05A61FE
:109A2800D4E74D69002D3DD000EB4C14594ED1F8C8
:109A380008E0D4F81089584F08EA0606C4F81069F7
:109A480005EB0E06013EB6FBFEFED4F81069374062
:109A5800524EC4F8107906EACE46D4F810793E433F
:109A6800C4F81069C5F31206D4F810793E43C4F857
:109A7800106904F5106691F803E0BEF1010F57D0A4
:109A8800012A72D0D4F800290CF00F0C42F00442DD
:109A980003FA0CF3C4F80029D0F834281343C0F8AB
:109AA8003438A9E700EB4C133B4E3A4C012AD3F863
:109AB800107906EA0706C3F81069D3F8106946F466
:109AC8000026C3F81069D3F8106904EA060403F500
:109AD8001066C3F8104991F803E03AD0D3F800496A
:109AE800BEF1010F44F00444C3F8004984D1D0F812
:109AF800083813F4807F33680CBF43F0005343F0F9
:109B080080533360002A7FF477AFADB20335AD08D8
:109B18003FF472AFCB6800EB0C3C03EB85010CF50E
:109B2800805C53F8042B8B42CCF80020F9D163E712
:109B38003369012A23F0C0433361336943F000538A
:109B4800336117D0D4F8003943F00443C4F800391E
:109B5800CDE70B6963B9BEF1010F0ED03368002061
:109B680043F004433360BDE8F0810B69002BF5D066
:109B78007361F0E70B69002BFAD1D0F8083813F4B9
:109B8800807F33680CBF43F0005343F08053336049
:109B9800E4E700BF0000F8FFFFFF07E00000F81F40
:109BA800F0B54C780B78012C26D000EB4310574CBD
:109BB800D0F8105B00F530632C401C61544C1D69D3
:109BC8002C401C614C69A4B98C681D69C4F312044B
:109BD800012A45F400251D611D6944EA05041C613C
:109BE80049D0D0F8003B43F00443C0F8003B0020C4
:109BF800F0BD8C684C61E8E74C69002C40D000EB64
:109C08004315424FD1F808E0D5F810C9404E7445C5
:109C18000CEA070705F5106CC5F81079D5F8107926
:109C280006EA0706C5F8106958D9DCF81040012A79
:109C3800C1F814E044F40024CCF81040CEF3120428
:109C4800DCF8106044EA0604CCF810403AD0D5F8A5
:109C5800002942F00442C5F80029BEF1000FC6D021
:109C680003F00F010123D0F834288B401343C0F8C8
:109C780034380020F0BDCA68002AB2D05A61B0E773
:109C880000EB4310224B012AD0F8104900F5106C64
:109C980003EA0403CCF81030DCF8103043F4002356
:109CA800CCF81030194BDCF8104003EA0403CCF868
:109CB800103007D0D0F8003943F00443C0F8003919
:109CC8000020F0BD0B690BB1CCF81430DCF8003083
:109CD800002043F00443CCF80030F0BDDCF81060FD
:109CE800C4F31204012A46F40026CCF81060DCF80C
:109CF800106044EA0604CCF81040E3D0D5F80029F7
:109D080042F00442C5F80029AAE700BF0000F8FFA6
:109D1800FFFF07E010B49DF8044064B903339B08C3
:109D280009D0013201EB830300EB023051F8042B18
:109D38008B420260FAD100205DF8044B704700BFE7
:109D4800033292080AD000F5805C01EB8200DCF84F
:109D5800003041F8043B8842F9D170470846704703
:109D68004A780B78012A00EB43100CD0D0F8002B6E
:109D78000BB1002A14DAD0F8003B43F40013C0F802
:109D8800003B00207047D0F80029002A00DB73B997
:109D9800D0F8003943F40013C0F8003900207047A8
:109DA800D0F8003B23F08043C0F8003BE3E7D0F84D
:109DB800003923F08043C0F80039D0F8003943F463
:109DC8000013C0F80039E9E74A780B78012A00EB5C
:109DD800431013D0D0F8003B23F40013C0F8003B25
:109DE800CB78023B012B01D900207047D0F8003B0B
:109DF80043F08053C0F8003B00207047D0F800398A
:109E080023F40013C0F80039CB78023B012BEBD8C0
:109E1800D0F8003943F08053C0F80039002070476B
:109E2800034609010020D3F8002801F4FE6122F45A
:109E3800FE62C3F80028D3F800281143C3F80018BD
:109E4800704700BF82B0436901938269019B134048
:109E58000193019802B0704782B0D0F81838019386
:109E6800D0F81C28019B134001930198000C02B004
:109E7800704700BF82B0D0F818380193D0F81C287A
:109E8800019B13400193019880B202B0704700BF54
:109E980000EB411182B0D1F8083B0193D0F81428A7
:109EA800019B13400193019802B0704784B0D0F829
:109EB800103801F00F0C00EB41110293D0F8343840
:109EC8000393039B029A23FA0CF3DB01DBB21343DF
:109ED8000293D1F80839029A13400193019804B00B
:109EE800704700BF406900F001007047D0F80019C2
:109EF80000F500630A4A0A40C0F800299A6802F08F
:109F08000602042A05D1D0F8002942F00302C0F85D
:109F180000295A68002042F480725A60704700BFD6
:109F280000F8FFFF144B10B4046C9C421AD800F5DB
:109F38003060002301290361036943F400230361AE
:109F4800036943F018030361036943F0C0430361E5
:109F580004D14261036843F08023036000205DF868
:109F6800044B7047D0F8003B00F53060002BE0DA76
:109F780000205DF8044B70470A30544FD0F8002495
:109F880001F00303012900F5806C22F00302C0F8F8
:109F98000024D0F8002443EA0203C0F8003409D0B2
:109FA800022901D00020704741F270730020CCF8DC
:109FB800043070474BF680330020CCF804307047EB
:109FC800D0F8140480B2704700EB4111002382B02E
:109FD80001F5A0620193D1F8003513F4802FD1F870
:109FE800003543F08043C1F8003522D1C36A13F429
:109FF8007F0FD1F8003523D123F00043C1F8003595
:10A00800D1F8003543F00043C1F80035D1F80035E8
:10A0180023F40043C1F8003502E01368002B13DA7B
:10A02800019B0133B3F57A7F0193F6D9002002B082
:10A038007047D0F8103413F47F0FD1F8003506D0EC
:10A0480043F00043C1F80035002002B0704723F008
:10A058000043C1F80035D1F8003543F00043C1F89A
:10A068000035D1F8003523F40043C1F8003502E08B
:10A078001368002BE8DA019B0133B3F57A7F01936B
:10A08800F6D9002002B0704730B4002484B04FF4F1
:10A098008465AA4A00940146836823F0010383601B
:10A0A8000394056102E00B69980604D5039B01330C
:10A0B80093420393F7D900201023A04A02900B6122
:10A0C80002E00B69DB0604D5029B0133934202933D
:10A0D800F7D9D1F8003501F5A06201F5E0600193E8
:10A0E800019B43F080430193019B23F000430193BC
:10A0F800019B23F400430193019BC1F80035D1F87B
:10A1080020350193019B43F080430193019B23F089
:10A1180000430193019B23F400430193019BC1F881
:10A128002035D1F840350193019B43F080430193DA
:10A13800019B23F000430193019B23F40043019307
:10A14800019BC1F84035D1F860350193019B43F07C
:10A1580080430193019B23F000430193019B23F467
:10A1680000430193019BC1F86035D1F88035019314
:10A17800019B43F080430193019B23F0004301932B
:10A18800019B23F400430193019BC1F88035D1F86A
:10A19800A0350193019B43F080430193019B23F079
:10A1A80000430193019B23F400430193019BC1F8F1
:10A1B800A035D1F8C0350193019B43F0804301934A
:10A1C800019B23F000430193019B23F40043019377
:10A1D800019BC1F8C035D1F8E0350193019B43F0EC
:10A1E80080430193019B23F000430193019B23F4D7
:10A1F80000430193019BC1F8E035D1F80036019383
:10A20800019B43F080430193019B23F0004301939A
:10A21800019B23F400430193019BC1F80036D1F858
:10A2280020360193019B43F080430193019B23F067
:10A2380000430193019B23F400430193019BC1F860
:10A248002036D1F840360193019B43F080430193B7
:10A25800019B23F000430193019B23F400430193E6
:10A26800019BC1F84036D1F860360193019B43F059
:10A2780080430193019B23F000430193019B23F446
:10A2880000430193019BC1F86036D1F880360193F1
:10A29800019B43F080430193019B23F0004301930A
:10A2A800019B23F400430193019BC1F88036D1F848
:10A2B800A0360193019B43F080430193019B23F057
:10A2C80000430193019B23F400430193019BC1F8D0
:10A2D800A036D1F8C0360193019B43F08043019327
:10A2E800019B23F000430193019B23F40043019356
:10A2F800019BC1F8C036D1F8E0360193019B43F0C9
:10A3080080430193019B23F000430193019B23F4B5
:10A3180000430193019BC1F8E03613680193019B48
:10A3280043F080430193019B43F000430193019B59
:10A3380023F400430193019B136004E0400D0300E4
:10A348001368002B05DA009B0133B3F57A7F00937D
:10A35800F6D920328242E0D14FF0FF330020C1F815
:10A3680014344B618B6843F001038B6004B030BC3C
:10A37800704700BF08B5D0F88C321BB11B689847EE
:10A3880000B908BD022008BD08B5D0F88C325B685A
:10A398009847002008BD00BF38B500F52075044671
:10A3A800284600F07DFB0122B4F8863294F880122A
:10A3B800C4E99B2301F01F03934209D0022B13D059
:10A3C80063B101F080012046F9F726FA002038BD74
:10A3D8002946204600F092FA002038BD294620463A
:10A3E80000F00AF9002038BD2946204600F0BAFAE4
:10A3F800002038BD38B5054669B91346D0F86C2237
:10A40800032A15D0052A0C460ED1C5F86C12F9F7A7
:10A4180003FA204638BDD0F88C329B6933B190F8E6
:10A428007422032A02D19847002038BD022038BD83
:10A43800D0E9531291420CD9891A8A42C0F84C11BA
:10A4480088BF8AB2194698BF92B200F055FB002027
:10A4580038BDD0F88C321B691BB190F87422032ADE
:10A4680004D0284600F052FB002038BD9847F8E792
:10A4780070B5044661B9D0F86C32022B15D033F0B0
:10A48800040337D094F87832012B2ED0002070BD09
:10A49800D0F88C325B6933B190F87422032A02D168
:10A4A8009847002070BD022070BDD0E908630D46B2
:10A4B8009E4223D8C669B6FBF3F203FB12620AB9BF
:10A4C800B34228D9D4F88C32DB681BB194F87422D3
:10A4D800032A30D080212046F9F79EF9204600F063
:10A4E80021FB94F87832012BD0D10023184684F848
:10A4F800783270BD8021F9F78FF9C3E7F31A114656
:10A5080003629AB200F0EEFA2B462A462946204604
:10A51800F9F7CEF9B6E7D0F870329E42D2D20A46A1
:10A5280000F0E0FA2B462A4629462046C4F8705225
:10A53800F9F7BEF9A6E720469847CBE770B50022A1
:10A5480040260446012511463346F9F753F93346A8
:10A55800802100222046C4F84451C4F85061F9F71C
:10A5680049F90021D4F89032A561666284F87452E2
:10A57800C4F86C126160C4F87C1223B1D4F88C3230
:10A5880020465B689847002070BD00BF0346002046
:10A598001974704703460421002093F8742283F845
:10A5A800741283F8752270470346002093F87522C9
:10A5B80083F87422704700BF90F87422032A01D0F0
:10A5C8000020704708B5D0F88C32DB6903B1984792
:10A5D800002008BD00207047002070470020704709
:10A5E800D0F88C22012108B580F8741201795368DB
:10A5F8009847002008BD00BF30B50B7883B00D46E2
:10A60800044603F06003202B0DD0402B0BD09BB1E8
:10A6180080212046F9F700F900212046F9F7FCF8D7
:10A62800002003B030BDD4F88C32294620469B6800
:10A638009847002003B030BD4B78092BE8D801A219
:10A6480052F823F0A7A60008D3A6000819A6000808
:10A65800F1A6000819A60008F9A6000831A7000805
:10A6680019A6000861A7000875A600088978A24DF8
:10A6780001292970CCD890F87432022B00F012818D
:10A68800032B00F000818021F9F7C6F8002120464D
:10A69800F9F7C2F829782046FFF776FEC0E790F868
:10A6A8007432013B022BB3D8CB88022BB0D10122E4
:10A6B800D0F87C32C2600BB10323C360022204F1DC
:10A6C8000C01204600F000FAAAE790F87432013B2A
:10A6D800022B9DD84B88012BA2D100232046C4F819
:10A6E8007C3200F013FA9BE74B88012B98D1F5E7F1
:10A6F8008B88002B8CD1CB88002B89D14D887F2D5E
:10A7080086D890F87432032B82D0E9B280F876129A
:10A71800F9F7B2F8204600F0F9F9002D00F0E080D2
:10A72800022384F874327BE74A88130A013B062B1C
:10A738003FF66EAF01A151F823F000BFF5A700085E
:10A74800DDA70008CBA7000819A6000819A600086D
:10A75800B5A7000887A70008CA88012A7FF458AF60
:10A7680090F87432022B00F28780002B3FF450AF30
:10A778000146002341F8083F00F0A6F950E7037CA2
:10A78800002B7FF445AFD0F88C320DF106001B6B1F
:10A79800984707234370BDF80620002A67D0EB8846
:10A7A800002B5BD1204600F0B1F939E7037C002B80
:10A7B8007FF42EAFD0F88C320DF106005B6B984712
:10A7C800E9E7D1B2052900F28F80DFE801F0271F01
:10A7D80017372F3F037C002B72D1D0F88C320DF144
:10A7E80006009B6A984702234370D4E7D0F8883262
:10A7F8000DF10601007C1B689847CCE7D0F8883239
:10A808000DF10601007CDB689847C4E7D0F8883270
:10A818000DF10601007C9B689847BCE7D0F88832A8
:10A828000DF10601007C5B689847B4E7D0F88832E0
:10A838000DF10601007C5B699847ACE7D0F88832D7
:10A848000DF10601007C1B699847A4E7D0F888320F
:10A858000DF10601007C9B6998479CE79A420146E6
:10A86800204628BF1A46ADF8062000F02DF9EB88DF
:10A87800002B7FF4D5AE95E7032B7FF4C9AE011DFD
:10A8880000F022F9CCE621B3416801298AD0C9B287
:10A89800FFF77AFD297820466160FFF76BFD0228F3
:10A8A80080D1B5E600293FF47DAF01210323416043
:10A8B80080F87432FFF75EFD02287FF473AFA7E6D5
:10A8C800D0F88C320DF10600DB6A984702234370FA
:10A8D80061E70223416080F87432FFF755FD61E7B4
:10A8E800012384F874329BE6D0F88C320DF106020D
:10A8F8009B6B98474FE700BF3815002438B50B7895
:10A908000D46044603F06002402A0AD05B0608D5CB
:10A918008021F8F781FF00212046F8F77DFF00200D
:10A9280038BD94F87432013B022B11D82B79012BD6
:10A938000ED8D4F88C32294620469B689847EB8875
:10A94800002BECD10028EAD1204600F0DFF8E6E73A
:10A9580080212046F8F760FF00212046F8F75CFFC9
:10A96800002038BD38B50B78044603F06003202B6F
:10A978000CD0402B0AD083B180212046F8F74CFF39
:10A9880000212046F8F748FF002038BDD4F88C3263
:10A9980020469B689847002038BD4B788A88012B51
:10A9A8005FFA82FC37D0032B23D0002BE4D190F838
:10A9B8007432022B4AD0032BDED10CF00F0312069F
:10A9C80003EB830300EB830351D4D3F84431002B0A
:10A9D800D2D00CF07F03142505FB030505F5A075FF
:10A9E800002B4FD12B6002222946204600F06CF83C
:10A9F800CAE790F87432022B1DD0032BBCD14B88C8
:10AA08002BB91CF07F0F02D0CB88002B43D02046F7
:10AA180000F07CF8B8E790F87432022B0BD0032BC7
:10AA2800AAD14B88002BAFD11CF07F0FEFD0614625
:10AA3800F8F700FFEBE71CF07F0F9DD06146F8F7B1
:10AA4800EBFE80212046F8F7E7FE9DE71CF07F0F1C
:10AA580092D111064FF000034FF002024CBF00F1F3
:10AA6800140100F5A0710B6000F02EF88CE79B69CB
:10AA7800002B81D00CF07F035D1C05EB850500EBF6
:10AA88008505ADE761462046F8F7E2FE08B10123E7
:10AA9800A8E72860A7E76146F8F7BEFEB7E700BF5A
:10AAA8000B7803704B784370CA788B7803EB0223DA
:10AAB80043804A790B7903EB02238380CA798B7927
:10AAC80003EB0223C380704710B5134602240A46DD
:10AAD8000021C0F86C42C0E90733F8F7DBFE00201C
:10AAE80010BD00BF8C46002108B513466246F8F732
:10AAF800D1FE002008BD00BF8C46002108B51346D2
:10AB08006246F8F7D5FE002008BD00BF08B504214D
:10AB18000023C0F86C121A461946F8F7BBFE00204D
:10AB280008BD00BF08B505210023C0F86C121A46FD
:10AB38001946F8F7BDFE002008BD00BFD0F8C423B1
:10AB48000132C0F8C42302780B2A00D07047D0F82D
:10AB58007C33002BFAD09B69184700BF012380F88B
:10AB680023337047002380F82333704703460022BD
:10AB78000121104683F8201383F8212383F8222328
:10AB8800704700BF38B501230025044680F82133FB
:10AB980080F8235380F82053F8F7AEFE2179204639
:10ABA80000F006F86179204600F002F8284638BD22
:10ABB8000A2907D800EB8100D0F88433C3F30E03C9
:10ABC800C0F88433002070470C4A82B00C4BD2F88E
:10ABD800DC1041F04001C2F8DC10D2F8DC2002F0B1
:10ABE80040020192019A1A6822F020021A601A683B
:10ABF80042F004021A6002B0704700BF00440258D5
:10AC08000018024870B5002304464FF480620421FE
:10AC18004FF440353448C4F83821C4F8D410C4F887
:10AC28003431C4F84C113149C4F8B000C4F82811C3
:10AC3800C4E92F32C4E93133C4E93335C4E93733C1
:10AC4800C4E94F33C4E95135C4E95533A268032335
:10AC5800C4F8D830C4F85031042A0AD8DFE802F022
:10AC68001F262D34030055225623C4F8B420C4F8F7
:10AC78002C310022402304F1B005C4F8B82028463E
:10AC8800C4F83031F9F744F908B1FFBEFEE704F51E
:10AC980094763046F9F73CF9E8B1FFBEFEE7252285
:10ACA8002623C4F8B420C4F82C31E2E7272228234D
:10ACB800C4F8B420C4F82C31DBE73D223E23C4F8A5
:10ACC800B420C4F82C31D4E753225423C4F8B42058
:10ACD800C4F82C31CDE704F12803C4E92865C4F889
:10ACE800E830C4F8603170BD4004024058040240A6
:10ACF8002DE9F04F814683B00E4617461D4600F1F8
:10AD08002804204602F006FD01288246F9D148466B
:10AD1800FFF778FF8046002835D1EFF310830193C1
:10AD280072B6DFF888B00C9B99F90820DFF880A08C
:10AD3800DFF88090CBF800300D9B89F80020CAF826
:10AD480000300DB11846A847BAB23146204602F085
:10AD580057F830B9019B03B962B6404603B0BDE865
:10AD6800F08F0023CBF80030CAF80030FF2389F8B1
:10AD780000300C9B8BB101210D9888469847019BA8
:10AD8800002BEAD1E8E70C9B53B1D0460D98514609
:10AD98009847404603B0BDE8F08F4FF00108D9E767
:10ADA800D046404603B0BDE8F08F00BF5C1F0024CA
:10ADB800641F0024601F00242DE9F04F814683B0F2
:10ADC8000E4617461D4600F12804204602F0A2FC54
:10ADD80001288246F9D14846FFF714FF804600282B
:10ADE80035D1EFF31083019372B6DFF888B00C9B6E
:10ADF80099F90820DFF880A0DFF88090CBF80030C0
:10AE08000D9B89F80020CAF800300DB11846A847F4
:10AE1800BAB23146204602F0B7F930B9019B03B9FE
:10AE280062B6404603B0BDE8F08F0023CBF800308F
:10AE3800CAF80030FF2389F800300C9B8BB1012140
:10AE48000D9888469847019B002BEAD1E8E70C9BB0
:10AE580053B1D0460D9851469847404603B0BDE8D7
:10AE6800F08F4FF00108D9E7D046404603B0BDE85F
:10AE7800F08F00BF5C1F0024641F0024601F0024A3
:10AE88002DE9F04F814683B00F461646984600F1EB
:10AE98002804204602F03EFC0128FAD182464846A2
:10AEA800FFF7B0FE0546002838D1EFF31083019371
:10AEB80072B699F90830DFF88890DFF888B089F819
:10AEC80000300D9BDFF880A0CBF800300E9BCAF84D
:10AED80000300C9B0BB10E9898471FFA88F33A463E
:10AEE8003146204602F044F830B9019B03B962B6F6
:10AEF800284603B0BDE8F08F0023CBF80030CAF82D
:10AF08000030FF2389F800300D9B8BB101210E988A
:10AF18000D469847019B002BEAD1E8E70D9B4BB102
:10AF280055460E9851469847284603B0BDE8F08F1D
:10AF38000125DAE75546284603B0BDE8F08F00BF83
:10AF4800601F00245C1F0024641F00242DE9F043C7
:10AF5800002387B00222044605690493CDE9022341
:10AF6800D0E902128E00FAB1022D7AD02178B5FA12
:10AF780085F54FF00108276A0B294FEA551521D1AD
:10AF8800A2780B2A02D0B8F1000F38D123790B2B05
:10AF980001D0002D6CD1A37917B10B2B40F099800B
:10AFA800002007B0BDE8F08335F002032178276A56
:10AFB8000CBF4FF001084FF00008023D18BF0125F3
:10AFC8000B29DDD07D4B94F801C053F8262010786A
:10AFD8000B2802D0884200F0AD80D378D01C99426B
:10AFE80002D10B2B40F0BD809379901D8B4202D18A
:10AFF8000B2B40F0BC80012007B0BDE8F083711C2A
:10B008006E4BE07853F8213019780B2902D08A4228
:10B0180000F0B580D97803F1030C0B2902D08A42DD
:10B0280000F0BB80997903F1060C0B29E3D08A4222
:10B03800E1D1DB798342DED1634604F102099B78D2
:10B0480048460593F8F766FC80464846F8F76AFCD8
:10B0580001A901904046F9F725FE23790B2B98D1D9
:10B0680099E70178076A0B2940F0868001258DE76A
:10B07800B11C524A607952F8212011780B2902D06C
:10B088008B4200F08180D178D51C0B2902D08B42ED
:10B0980000F08D809179951D8B42ACD10B29AAD0F7
:10B0A800D3798342A7D12A46251D9378284605934C
:10B0B800F8F730FC034628461D46F8F733FC01A98B
:10B0C80001902846F9F7EEFDA379002F7FF465AFCC
:10B0D80066E7F11C394AE07952F8212011780B29EA
:10B0E80001D08B425FD0D178D51C0B2901D08B427F
:10B0F8004FD09179951D8B427FF47DAF0B293FF49A
:10B108007AAFD37983427FF476AF2A46A51D937828
:10B1180028460593F8F7FEFB04462846F8F702FC94
:10B12800034601A920460193F9F7BCFD002007B0AA
:10B13800BDE8F083537863457FF44FAF937820469A
:10B148000593F8F7E7FB81462046F8F7EBFB01A9E2
:10B1580001904846F9F7A6FDA2780B2A7FF413AFB1
:10B1680014E7137963457FF43FAF0246E6E7D379E6
:10B1780063457FF440AFF8E79846012522E7597800
:10B1880081427FF447AF58E7517881427FF47BAF23
:10B198008AE711798142ACD1B7E7197981427FF406
:10B1A80041AF634649E7517881429CD1AEE71179B6
:10B1B80081427FF46FAF2A4676E700BF98FF000808
:10B1C800654A0368934200F0B980A2F57842934239
:10B1D80000F0B68002F58062934200F0B38002F579
:10B1E8007842934200F0B08002F5E052934200F0BA
:10B1F800AD805A4A934240F0AB8005234FF4D0719A
:10B20800574A01FB03F310B5D418D05C86B0F8F7A1
:10B2180091FBA078F8F78EFB2079F8F78BFBA079E3
:10B22800F8F788FBA368052B11D8DFE803F0192F7E
:10B23800455B71034B4BD3F8F42042F02002C3F86E
:10B24800F420D3F8F43003F020030593059B20463F
:10B25800FFF77CFE012801D006B010BDFFBEFEE757
:10B26800404B00222320D3F8F01041F48051C3F85A
:10B27800F0101146D3F8F03003F480530093009B8C
:10B28800F8F794FC2320F8F7CFFCE0E7354B0022D1
:10B298002420D3F8E81041F48041C3F8E81011469F
:10B2A800D3F8E83003F480430193019BF8F77EFC60
:10B2B8002420F8F7B9FCCAE72A4B00223320D3F838
:10B2C800E81041F40041C3F8E8101146D3F8E8301B
:10B2D80003F400430293029BF8F768FC3320F8F765
:10B2E800A3FCB4E71F4B00225420D3F8F01041F41C
:10B2F8000051C3F8F0101146D3F8F03003F40053AE
:10B308000393039BF8F752FC5420F8F78DFC9EE753
:10B31800144B00225520D3F8F01041F48011C3F8E3
:10B32800F0101146D3F8F03003F480130493049B13
:10B33800F8F73CFC5520F8F777FC88E700235DE731
:10B3480001235BE7022359E7032357E7042355E763
:10B3580000231B78FFDE00BF0030014000140058B6
:10B368003C150024004402582DE9F043002289B01E
:10B378001B4B01210DF1040C9E461A4B0791E14627
:10B38800E04667460EF11C060EF138050EF154042E
:10B39800CDE90122CDE90322CDE90522FF221A7069
:10B3A800BCE80F00AEE80F009CE807008EE8070035
:10B3B800B9E80F000FC69CE8070086E80700B8E860
:10B3C8000F000FC59CE8070085E807000FCF0FC4E2
:10B3D8009CE8070084E8070009B0BDE8F08300BFD7
:10B3E80028010024601F0024014802F067B800BF4C
:10B3F80064150024014802F061B800BF0417002456
:10B40800014802F05BB800BFA4180024014802F00C
:10B4180055B800BF441A0024014802F04FB800BFD5
:10B42800E41B002410B5EFF3108472B6084B1A78A9
:10B43800120602D504B962B610BD1B784FF4D0725B
:10B4480004485BB202FB0300B030F9F7D9F8F1E722
:10B45800601F00243C15002410B5EFF3108472B669
:10B46800094B1A78120602D504B962B610BD1B78CA
:10B478004FF4D07205485BB202FB030000F59470EC
:10B48800F9F7BEF8F0E700BF601F00243C15002460
:10B498002DE9F04184B0EFF3108772B6284AFF21F6
:10B4A800284C1368217023B100211160264A1068C6
:10B4B800984723781B061CD5DFF894800025234E77
:10B4C8004446216879B162686AB1A369012B22D028
:10B4D800A3B963693046019323690093E36822891D
:10B4E800FFF76AFC18B301351C3406F5D076042D35
:10B4F800E7D107B962B604B0BDE8F081D4E90430F9
:10B50800CDE90130E068238900903046FFF7B8FCA8
:10B518000028E8D10BE0D4E904301146CDE9003029
:10B528003046E3682289FFF7E3FB0028DBD1C5EB4F
:10B53800C50508EB850348F825005860D9E700BF22
:10B548005C1F0024601F0024641F00243C15002495
:10B55800280100242DE9F04184B0EFF3108772B67A
:10B56800284AFF21284C1368217023B1002111605B
:10B57800264A1068984723781B061CD5DFF8948064
:10B588000025234E4446216879B162686AB1A369EF
:10B59800012B22D0A3B96369304601932369009334
:10B5A800E3682289FFF708FC18B301351C3406F557
:10B5B800D076042DE7D107B962B604B0BDE8F081B2
:10B5C800D4E90430CDE90130E068238900903046A1
:10B5D800FFF756FC0028E8D10BE0D4E90430114607
:10B5E800CDE900303046E3682289FFF781FB002867
:10B5F800DBD1C5EBC50508EB850348F82500586085
:10B60800D9E700BF5C1F0024601F0024641F0024CA
:10B618003C150024280100242DE9F04184B0EFF303
:10B62800108772B6284AFF21284C1368217023B16D
:10B6380000211160264A1068984723781B061CD5FC
:10B64800DFF894800025234E4446216879B162686A
:10B658006AB1A369012B22D0A3B96369304601936B
:10B6680023690093E3682289FFF7A6FB18B3013525
:10B678001C3406F5D076042DE7D107B962B604B0BC
:10B68800BDE8F081D4E90430CDE90130E0682389D0
:10B6980000903046FFF7F4FB0028E8D10BE0D4E92E
:10B6A80004301146CDE900303046E3682289FFF7BF
:10B6B8001FFB0028DBD1C5EBC50508EB850348F85F
:10B6C80025005860D9E700BF5C1F0024601F0024D4
:10B6D800641F00243C150024280100242DE9F041B2
:10B6E80084B0EFF3108772B601F0DCFA284A294CCF
:10B6F800FF21136821702BB1002111600121264A16
:10B708001068984723781B061CD5DFF8948000251D
:10B71800224E4446216879B162686AB1A369012B57
:10B7280022D0A3B963693046019323690093E36883
:10B738002289FFF741FB18B301351C3406F5D07692
:10B74800042DE7D107B962B604B0BDE8F081D4E9A9
:10B758000430CDE90130E068238900903046FFF7D6
:10B768008FFB0028E8D10BE0D4E904301146CDE97D
:10B7780000303046E3682289FFF7BAFA0028DBD1A7
:10B78800C5EBC50508EB850348F825005860D9E7DF
:10B798005C1F0024601F0024641F00243C15002443
:10B7A8002801002430B4544B002108220220534CB5
:10B7B800D9615862C3F8BC11C3F8C401C3F85C135B
:10B7C800C3F86403C3F8F424C3F8F814C3F8FC14EA
:10B7D800C3F80405C3F89426C3F89816C3F89C1652
:10B7E800C3F8A406C3F83428C3F83818C3F83C18BB
:10B7F800C3F84408424D4348C3E90521C3E96D2114
:10B80800C3E9D5212288A3783F49EA80CA800B7210
:10B818003E492B72CA800B722168A0F8032043713D
:10B82800C28003723A4C3B48E2802372A0F803209E
:10B83800394C4371C28003723848E2802372A0F801
:10B848000320374C4371C2800372080C2180A0701A
:10B85800A4F803206371E2802372324C324D2180B8
:10B86800A070A4F803206371E28023722F4CEA8051
:10B8780021802B72A070A4F803206371E2802372E8
:10B888002B4C2180A070A4F803206371E2802372FE
:10B89800284C2180A070A4F803206371E2802372F1
:10B8A800254C2180A070A4F803206371E2802372E4
:10B8B800224C2180A070A4F803206371E2802372D7
:10B8C8001F4C21801F49A070A4F803201E486371F3
:10B8D800E2802372A1F803201C4C4B71CA800B72C2
:10B8E8001B49E2802372C2800372A1F803204B71C6
:10B8F800CA800B7230BC70473C15002494FF0008C6
:10B90800B0000024D4000024A4000024680000240F
:10B91800BC000024F8000024E0000024800000247B
:10B928002C1F0024141F0024EC000024201F0024D6
:10B93800FC1E0024501F0024381F0024441F00242C
:10B94800081F00241C010024100100240401002405
:10B958008C000024714A036811698B4200B587B0D6
:10B968004BD0916E8B4200F0B680D2F8C0108B425B
:10B9780000F0B380D2F818118B4200F0B080B3F118
:10B98800804F1ED0664A93420DD0664A934200F01B
:10B99800A880654A934200F0B280644A93421ED060
:10B9A80007B05DF804FB624BD3F8E82042F00202CE
:10B9B800C3F8E820D3F8E83003F002030293029BAF
:10B9C800EEE75B4BD3F8E82042F00102C3F8E82029
:10B9D800D3F8E83003F001030193019BE0E7544BEF
:10B9E800D3F8E82042F01002C3F8E820D3F8E83092
:10B9F80003F010030593059BD2E700205821B3F10B
:10BA0800804F01FB0022127B1ED045498B4235D066
:10BA180044498B4248D044498B42BED1444BD3F869
:10BA2800E81041F00801C3F8E810D3F8E83003F053
:10BA380008030493049B002AB2D0322000220F216D
:10BA4800F8F7B4F8322014E0394BD3F8E81041F095
:10BA58000101C3F8E810D3F8E83003F001030193BB
:10BA6800019B002A9CD01C2000220F21F8F79EF889
:10BA78001C2007B05DF804EBF8F7D6B82C4BD3F8C8
:10BA8800E81041F00201C3F8E810D3F8E83003F0F9
:10BA980002030293029B002A82D01D2000220F215C
:10BAA800F8F784F81D20E4E7214BD3F8E81041F0BB
:10BAB8000401C3F8E810D3F8E83003F00403039353
:10BAC800039B002A3FF46CAF1E2000220F21F8F7D9
:10BAD8006DF81E20CDE7012090E702208EE70320B5
:10BAE8008CE7134BD3F8E82042F00402C3F8E820AF
:10BAF800D3F8E83003F004030393039B50E70C4B9F
:10BB0800D3F8E82042F00802C3F8E820D3F8E83078
:10BB180003F008030493049B42E700BF681F002456
:10BB28000004004000080040000C004000100040E5
:10BB3800004402580F4B026819698A420BD0996E6B
:10BB48008A4211D0D3F8C0108A420FD0D3F8181106
:10BB58008A420DD070470021582202FB01331A6D2A
:10BB6800002AF7D0586D10470121F5E70221F3E7C5
:10BB78000321F1E7681F0024014801F065BF00BFF9
:10BB8800781F0024014801F05FBF00BFD01F0024C8
:10BB9800014801F059BF00BF28200024014801F0E6
:10BBA80053BF00BF80200024F0B54FF0580C0F6839
:10BBB8002E4D8DB00CFB07FC032F05EB0C06066021
:10BBC80047DC0B460868344649689A6807C41B7BFB
:10BBD800237004AC7268264B002A4FF00002726191
:10BBE80018BF1022B2610FCB84E80F000CAB03EB37
:10BBF800870353F8203CB3F1804F336124D01D4AAA
:10BC0800934221D030890CF110045823002180225E
:10BC180003FB07532C44C3E907019A62204601F04D
:10BC28007DFD034600B1FEE74FF4805208A9204687
:10BC3800099301930892CDE90A33CDE9023301F063
:10BC48003DFE034640B1FEE7582303FB07539868BF
:10BC5800D9E701200DB0F0BD01A920460193039357
:10BC680001F0AAFF0028F5D0FEE700BF681F0024F6
:10BC7800DCFE0008000C0040006808B5037B1030AB
:10BC88002BB101F005FE003818BF012008BD01F0F6
:10BC9800E5FD003818BF012008BD00BF0C4B00228D
:10BCA8004FF0FF311A739960196683F86420C3F85E
:10BCB800B81083F8BC20C3F8101183F81421C3E925
:10BCC8000022C3E91622C3E92C22C3E942227047A5
:10BCD800681F00241F4BC1680268F0B5D3F88C5068
:10BCE80083B00369ADB24D1BA2B1AB4212D004467A
:10BCF800866811D2F018E91ACDE9001000F04AFF61
:10BD08000023DDE90010D4E90062B047E36825614B
:10BD1800AB421BD003B0F0BDF018C91ACDE9000141
:10BD280000F038FF0023DDE90001D4E90072B847CC
:10BD38003046294600F02EFF002330466268294627
:10BD48002668B047E3682561AB42E3D1002323614D
:10BD580003B0F0BD000002402DE9F84F04460F463D
:10BD680090461E4600F13405284602F073F9202853
:10BD7800FAD14FF480630020C4F8D030C4F84831B9
:10BD88004FF44033C4F8CC00C4F8E030C4F858315C
:10BD98004E4BC4F8DC00C4F8C03003F57A73C4F81D
:10BDA800E400C4F838314023C4F8C800C4F840316E
:10BDB800E369C4F84401C4F85401C4F85C01C4E957
:10BDC8003500C4E95300072B0BD8DFE803F06153B3
:10BDD8005A373E454C045123C4F8C4305223C4F8A2
:10BDE8003C3104F59C794846F8F792F808B1FFBE53
:10BDF800FEE7C4F8A890C4F87051EFF3108972B642
:10BE0800DFF8D0B094F91C30DFF8CCA08BF8003004
:10BE18000A9B2F4CCAF800300B9B23600EB11846C2
:10BE2800B0471FFA88F23946284601F0FDFEB0BB3C
:10BE3800B9F1000F00D162B6BDE8F88F3F23C4F80E
:10BE4800C4304023C4F83C31CBE74123C4F8C430A4
:10BE58004223C4F83C31C4E74723C4F8C43048231C
:10BE6800C4F83C31BDE74F23C4F8C4305023C4F8AC
:10BE78003C31B6E72B23C4F8C4302C23C4F83C313A
:10BE8800AFE72D23C4F8C4302E23C4F83C31A8E70B
:10BE98002923C4F8C4302A23C4F83C31A1E7FF237E
:10BEA8008BF800300023CAF8003023600A9B3BB1AE
:10BEB8000B98012198470120B9F1000FBCD1BAE7CE
:10BEC8000120B9F1000FB7D1B5E700BF88000240E3
:10BED80000300024FC2F0024F82F00242DE9F84F0F
:10BEE80004460F4690461E4600F13405284602F0E7
:10BEF800B1F82028FAD14FF480630020C4F8D0307C
:10BF0800C4F848314FF44033C4F8CC00C4F8E030EA
:10BF1800C4F858314E4BC4F8DC00C4F8C03003F5FF
:10BF28007A73C4F8E400C4F838314023C4F8C80070
:10BF3800C4F84031E369C4F84401C4F85401C4F8B2
:10BF48005C01C4E93500C4E95300072B0BD8DFE8CE
:10BF580003F061535A373E454C045123C4F8C430AA
:10BF68005223C4F83C3104F1C0094846F7F7D0FF22
:10BF780008B1FFBEFEE7C4F8AC90C4F8F850EFF380
:10BF8800108972B6DFF8D0B094F91C30DFF8CCA075
:10BF98008BF800300A9B2F4CCAF800300B9B2360AB
:10BFA8000EB11846B0471FFA88F23946284601F004
:10BFB8008DFEB0BBB9F1000F00D162B6BDE8F88FB5
:10BFC8003F23C4F8C4304023C4F83C31CBE74123B5
:10BFD800C4F8C4304223C4F83C31C4E74723C4F84A
:10BFE800C4304823C4F83C31BDE74F23C4F8C430FB
:10BFF8005023C4F83C31B6E72B23C4F8C4302C23B3
:10C00800C4F83C31AFE72D23C4F8C4302E23C4F85C
:10C018003C31A8E72923C4F8C4302A23C4F83C31AA
:10C02800A1E7FF238BF800300023CAF80030236013
:10C038000A9B3BB10B98012198470120B9F1000FE9
:10C04800BCD1BAE70120B9F1000FB7D1B5E700BFFD
:10C058008800024000300024FC2F0024F82F002420
:10C068002DE9F0410D4682B0EFF3108772B6002932
:10C0780048D1FF23254A264C237013682BB1002092
:10C0880029461060234A1068984723781B0625D54F
:10C09800DFF888800025204E444605E001351C3431
:10C0A80006F5D876092D19D0A369012B1BD0002BD2
:10C0B800F4D1216830460029F0D0636901932369DF
:10C0C8000093E3682289FFF709FF0028E6D1C5EB52
:10C0D800C50508EB850348F82500586007B962B61E
:10C0E80002B0BDE8F08161680029D7D063693046A5
:10C0F800019323690093E3682289FFF72DFE002846
:10C10800CCD1E4E703F0A2FAB3E700BFF82F00248C
:10C11800FC2F002400300024C820002498010024AB
:10C12800F0B5002387B0022204460493CDE9022328
:10C13800027EC3690B2A4FEA430523D1A27E0B2A4C
:10C1480002D1002007B0F0BD48496B1C484851F89F
:10C158002330457801781878E67E884269D0824293
:10C1680077D0D87803F1030C81426ED0824278D020
:10C17800987903F1060C88426FD0824233D00120AF
:10C1880007B0F0BD394B3A4853F825300178467866
:10C19800187894F819C081423DD0824241D0D878AD
:10C1A80003F1030E814240D082424AD0987903F1CC
:10C1B800060E884241D08242E1D1DB796345DED167
:10C1C800734604F118069B7830460593F7F7A2FBEF
:10C1D800034630461E46F7F7A5FB01A901903046F5
:10C1E800F8F760FDAAE7DB79B342C8D163461A3491
:10C1F8009B7820460593F7F78DFB034620461C469F
:10C20800F7F790FB034601A920460193F8F74AFD8A
:10C21800002007B0F0BD93F801E0B645BFD08242D8
:10C22800BDD158786045BAD1CBE71F79B742BBD1A9
:10C23800BCE75F78AF4292D193E7D979B142BAD1DE
:10C248009DE718796045B1D1BAE71F79AF428DD122
:10C258008EE75878B04284D1C9E7D979A9428CD100
:10C268008DE71879B04283D1C0E700BFB00200243F
:10C27800AC0200247E4A03689342F0B58FB000F008
:10C28800E380A2F54C42934200F0E08002F5806220
:10C29800934200F0DD8002F58062934200F0DA807C
:10C2A80002F58062934200F0D98002F5444293423D
:10C2B80000F0D280A2F51C42934200F0D18002F532
:10C2C8008062934200F0CE806A4A934240F0CC806C
:10C2D8000826694D4FF4D87404FB0654A07EF7F77E
:10C2E80029FB207EF7F726FBE369082B13D8DFE844
:10C2F80003F03B49576573818F9D05005F4BD3F869
:10C30800F42042F00802C3F8F420D3F8F43003F024
:10C3180008030893089B2046FFF702FF012801D174
:10C32800FFBEFEE74FF4D8740EAA554F0DF1240C4A
:10C3380004FB0654E36902EB43050FCFACE80F009A
:10C348003B680022ACF80030114635F9140CF7F7B9
:10C358002DFCE3690EAA02EB430333F9140C0FB06A
:10C36800BDE8F040F7F760BC444BD3F8F02042F04A
:10C378001002C3F8F020D3F8F03003F01003009354
:10C38800009BC8E73D4BD3F8E82042F40032C3F8DD
:10C39800E820D3F8E83003F400330193019BBAE7AF
:10C3A800364BD3F8E82042F48022C3F8E820D3F8CB
:10C3B800E83003F480230293029BACE72F4BD3F8B9
:10C3C800E82042F40022C3F8E820D3F8E83003F468
:10C3D80000230393039B9EE7284BD3F8E82042F4FD
:10C3E8008012C3F8E820D3F8E83003F480130493EC
:10C3F800049B90E7214BD3F8F02042F02002C3F8C9
:10C40800F020D3F8F03003F020030593059B82E772
:10C418001A4BD3F8E82042F08042C3F8E820D3F85A
:10C42800E83003F080430693069B74E7134BD3F878
:10C43800E82042F00042C3F8E820D3F8E83003F0DF
:10C4480000430793079B66E7002642E7012640E77B
:10C4580002263EE703263CE705263AE7042638E7A6
:10C46800062636E7072634E700239B7EFFDE00BF5B
:10C4780000100140000C0058C82000240044025855
:10C48800ECFE00082DE9F04F91B0002301223F494E
:10C498000DF1240A09938B4601F11C09CAF81430DE
:10C4A80001F13808CDF800A001F15407CDF804A037
:10C4B80001F17006CDF808A001F18C05CDF80CA0AB
:10C4C80001F1A804CDF810A001F1C40ECDF814A014
:10C4D80001F1E00CCAE90133CAE903330F92FF22E4
:10C4E8002B4BCDE906AA1A70BAE80F00ABE80F008B
:10C4F8009AE80700009B8BE807009B46BBE80F0003
:10C50800A9E80F009AE80700019B89E80700994607
:10C51800B9E80F00A8E80F009AE80700029B88E82E
:10C5280007009846B8E80F000FC79AE80700039B72
:10C5380087E807001F460FCF0FC69AE80700049B3D
:10C5480086E807001E460FCE0FC59AE80700059B30
:10C5580085E807001D460FCD0FC49AE80700069B23
:10C5680084E807001C460FCCAEE80F00079B9AE84A
:10C5780007001C468EE807000FCCACE80F009AE8CD
:10C5880007008CE8070011B0BDE8F08F980100247F
:10C59800FC2F002410B5094C04F1340001F068FCAC
:10C5A800237D1BB1636BDB69DB0600D410BD20461D
:10C5B800FFF790FB636B10221A6210BDC82000249D
:10C5C80010B50B4C04F5F27001F052FC94F8C4312C
:10C5D80023B1D4F8E431DB69DB0600D410BD04F5DF
:10C5E800D870FFF777FBD4F8E43110221A6210BD37
:10C5F800C820002410B50B4C04F5657001F038FC18
:10C6080094F8743323B1D4F89433DB69DB0600D48F
:10C6180010BD04F55870FFF75DFBD4F89433102271
:10C628001A6210BDC820002410B50B4C04F2445007
:10C6380001F01EFC94F8243523B1D4F84435DB69A5
:10C64800DB0600D410BD04F5A260FFF743FBD4F865
:10C65800443510221A6210BDC820002410B50B4CB6
:10C6680004F2F46001F004FC94F8D43623B1D4F851
:10C67800F436DB69DB0600D410BD04F5D860FFF79B
:10C6880029FBD4F8F43610221A6210BDC820002401
:10C6980010B50B4C04F6A40001F0EAFB94F88438BA
:10C6A80023B1D4F8A438DB69DB0600D410BD04F547
:10C6B8000760FFF70FFBD4F8A43810221A6210BDE8
:10C6C800C820002410B50B4C04F6542001F0D0FB10
:10C6D80094F8343A23B1D4F8543ADB69DB0600D431
:10C6E80010BD04F52260FFF7F5FAD4F8543A102289
:10C6F8001A6210BDC820002410B50B4C04F6044083
:10C7080001F0B6FB94F8E43B23B1D4F8043CDB69B0
:10C71800DB0600D410BD04F53D60FFF7DBFAD4F862
:10C72800043C10221A6210BDC820002410B50B4C1E
:10C7380004F6B45001F09CFB94F8943D23B1D4F86E
:10C74800B43DDB69DB0600D410BD04F55860FFF783
:10C75800C1FAD4F8B43D10221A6210BDC8200024D2
:10C7680010B5EFF3108472B6084B1A78120602D58A
:10C7780004B962B610BD1B784FF4D87204485BB296
:10C7880002FB0300C030F7F73BFFF1E7FC2F002462
:10C79800C820002410B5EFF3108472B6094B1A783C
:10C7A800120602D504B962B610BD1B784FF4D872D0
:10C7B80005485BB202FB030000F59C70F7F720FF09
:10C7C800F0E700BFFC2F0024C82000240021FFF759
:10C7D80047BC00BF214A036893422BD0A2F54C42C4
:10C7E800934229D002F58062934227D002F58062F5
:10C7F800934225D002F58062934223D002F5444249
:10C80800934221D0A2F51C4293421FD002F58062C8
:10C8180093421DD0124A93421CD108224FF4D8717A
:10C82800104B01FB0233197D11B11846FFF752BABC
:10C83800FFF716BC0022F1E70122EFE70222EDE73D
:10C848000322EBE70422E9E70522E7E70622E5E70A
:10C858000722E3E700231B7DFFDE00BF0010014035
:10C86800000C0058C8200024204A0368934229D0AD
:10C87800A2F54C42934227D002F58062934225D01C
:10C8880002F58062934223D002F58062934221D060
:10C8980002F5444293421FD0A2F51C4293421DD098
:10C8A80002F5806293421BD0114A93421AD10823A1
:10C8B80010484FF4D87202FB0300037D03B9704798
:10C8C800FFF708BA0023F3E70123F1E70223EFE7B4
:10C8D8000323EDE70423EBE70523E9E70623E7E76E
:10C8E8000723E5E700231B7DFFDE00BF00100140A2
:10C8F800000C0058C82000240121FFF7B1BB00BF7D
:10C90800534B0122002047F6122130B4C3E97420AA
:10C91800C3E97721C3E9E020C3E9E3211A62DA62B7
:10C9280058621963C3F83025C3F83405C3F83C25A9
:10C93800C3F84015C3F8E026C3F8E406C3F8EC26AC
:10C94800C3F8F016C3F89028C3F89408C3F89C28D5
:10C95800C3F8A018C3F8402AC3F8440AC3F84C2AFD
:10C96800C3F8501AC3F8F02BC3F8F40BC3F8FC2B28
:10C97800C3F8001CC3F8A40D3648C3F8A02DC3F8AB
:10C98800AC2DC3F8B01D0288837833490068334C56
:10C99800CA804FEA104C0B723149E2802372A1F829
:10C9A8000320A4F8032063714B712E4CCA800B72CC
:10C9B8002D492E4DE2802372A1F80320A4F803200C
:10C9C80063714B712A4CCA800B722A49EA8008802D
:10C9D8002B7281F802C0E2802372A1F803204B7108
:10C9E800CA800B722449A1F803204B71CA800B72CC
:10C9F8002249A1F803204B71CA800B722049088094
:10CA080081F802C0A1F803204B71CA800B721D493E
:10CA1800088081F802C0A1F803204B71CA800B720C
:10CA28001949088081F802C01848A1F803204B7101
:10CA3800CA800B721649A0F803204371C2800372A2
:10CA4800A1F803204B71CA800B7230BC704700BF3D
:10CA5800C8200024AC020024340300245803002416
:10CA68004C030024700300246403002440030024C2
:10CA78001C030024283000247C03002428030024FD
:10CA8800043000241C30002410300024A0020024AC
:10CA9800940200243E4B00220B20114610B5D3F817
:10CAA800D84082B044F00104C3F8D840D3F8D84045
:10CAB80004F001040094009CD3F8D84044F0020428
:10CAC800C3F8D840D3F8D83003F002030193019B90
:10CAD800F7F76CF80B20F7F7A7F800220C2011469F
:10CAE800F7F764F80C20F7F79FF800220D2011469D
:10CAF800F7F75CF80D20F7F797F800220E2011469B
:10CB0800F7F754F80E20F7F78FF800220F20114698
:10CB1800F7F74CF80F20F7F787F800221020114696
:10CB2800F7F744F81020F7F77FF800223C20114669
:10CB3800F7F73CF83C20F7F777F800221120114668
:10CB4800F7F734F81120F7F76FF80022382011466C
:10CB5800F7F72CF83820F7F767F800223920114644
:10CB6800F7F724F83920F7F75FF800223A20114642
:10CB7800F7F71CF83A20F7F757F800223B20114640
:10CB8800F7F714F83B2002B0BDE81040F7F74CB8AF
:10CB98000044025820F01F002031BFF34F8F0029B6
:10CBA80007DD064A0144C2F85C0220300B1A002B4C
:10CBB800F9DCBFF34F8FBFF36F8F704700ED00E0D4
:10CBC800034688B190F83D20022A03D08022012034
:10CBD8009A66704702680421002083F83D10D368E4
:10CBE80023F00103D36070470120704703682C4984
:10CBF8005A6910B49C6944F008049C619C6944F02B
:10CC080010049C611C6824F001041C601C6921400C
:10CC18001961996821F44041996090F881100429BC
:10CC280001D0910630D490F88110032901D0540620
:10CC38001FD4910509D5D0F8841041F00101C0F83E
:10CC48008410996941F400719961D20509D5D0F829
:10CC5800842042F00802C0F884209A6942F4807265
:10CC68009A6100235DF8044BA0F86230A0F86A309E
:10CC78007047D0F8841041F00401C0F88410996915
:10CC880041F040019961D4E7D0F8841041F0800167
:10CC9800C0F88410996941F020019961C3E700BF89
:10CCA80090FCFFFF002800F0A48002680021F8B57E
:10CCB800514B044681629A4216D0A3F578439A42B2
:10CCC80012D003F58063C0689A4200F08A800F286A
:10CCD80008D8E16B00F108034D09DB0805FB0333B5
:10CCE800082B15D90120F8BDE068E16B00F10803B5
:10CCF800414E4D09DB0805FB0333404DAA4218BFDE
:10CD0800B24203D005F58065AA4201D1102BE9D8BB
:10CD180094F8813003F0FF05002B58D00027022338
:10CD28006568A66B84F88130136823F001031360EB
:10CD3800A369B3F1806F3ED03943676B3B43676AA1
:10CD48003B4327693B4367693B43276A3B43E76C9F
:10CD58003B43A7683B43A76C3B43A76D3B432B432F
:10CD68003343E669314308439060D360B5B99368AB
:10CD780023F4C05343F400639360936823F4C063BF
:10CD880043F480639360136D23F00103136500205F
:10CD98000123C4F8840084F88130F8BD136D23F0B2
:10CDA800010313656B02F2D5D368616D23F000436C
:10CDB8000B43D360EBE7B5F5800FBDD1002EBBD197
:10CDC800D2F800C04CF4805CC2F800C0B4E720463A
:10CDD80084F88050FEF7F4F92268A76AE16BE068EE
:10CDE8009DE7E16B00F108034D09DB0805FB033300
:10CDF8008CE70120704700BF003001400038004038
:10CE0800F8B590F88030012B00F08C8090F88130D4
:10CE1800154601220446DEB2934280F880206AD18A
:10CE2800002963D0B5FA85F35B09002D5ED0032293
:10CE38004366A0F8683080F88120C0F88430A0F8F4
:10CE48006250A0F86A30C165A0F86050C0E91C3390
:10CE58008368B3F5C02F04D10268136843F40063F4
:10CE68001360E368A06F0F2B4BD98369B3F5804F2C
:10CE78003CD122683A4B3B4F2032036452F8183CAD
:10CE8800C763394F23F40043C7640027076542F896
:10CE9800183CB4F862309BB2F7F7F8F9002844D18F
:10CEA800A36F324ADB69B3F5807F2368596802EAC9
:10CEB800010218BF2A435A609A68616842F4004226
:10CEC800B1F5800F9A601A6942F448721A611A68BB
:10CED80042F001021A6003D11A6842F400721A6023
:10CEE80000231E4684F880303046F8BD002384F8BD
:10CEF80080303046F8BD0023022680F88030304666
:10CF0800F8BD072B83691AD8B3F5005F20D0B3F5B5
:10CF1800804FAED1B4F862309BB203339B08A4F8BB
:10CF28006230A6E702263046F8BDD4F884300122E4
:10CF380043F01003C4F8843084F88120D9E7B3F5AE
:10CF4800804F05D0B3F5005FD0D1B3F5804F90D1B5
:10CF5800B4F862309BB201335B08A4F8623088E70A
:10CF6800C1D3000845D30008EDD300080000FFFF37
:10CF780070B51D4690F88030012B00F0B980012370
:10CF8800044680F8803090F881304068DBB2B0F514
:10CF9800800F7DD0012B40F08580002D18BF002A1E
:10CFA80071D000296FD094F88130042B02D005236A
:10CFB80084F881300023E1652168C4F88430A4F83E
:10CFC8006250A4F86A50A4F860506266A4F86850E9
:10CFD800C4E91C338B6823F440438B60E3680F2B50
:10CFE80065D9E06F8369B3F5804F4CD194F88130EF
:10CFF800042B00F08A805E4B03645E4BC3635E4E75
:10D008003031B4F86A30C66400269BB20665F7F77B
:10D018003DF900286ED12268A16F9368203243F44D
:10D02800804342F8183CB4F86230C1E90F00C1E906
:10D0380013009BB20846E16DF7F728F9002859D18B
:10D04800A36FDB69B3F5807F236863D059684B4AC7
:10D058000A402A435A609A68616842F40042B1F56E
:10D06800800F9A601A6942F458721A611A6842F07D
:10D0780001021A6003D11A6842F400721A60002390
:10D0880084F8803070BD0023012084F8803070BDA2
:10D09800A06800287FF47EAF042B3FF47EAF012BFD
:10D0A8003FF47BAF0023022084F8803070BD072B4B
:10D0B80035D8A36F9B69B3F5005F50D0B3F5804FA7
:10D0C80006D1B4F862309BB203339B08A4F86230EF
:10D0D800E06F8369B3F5005F39D0B3F5804F85D130
:10D0E800B4F86A309BB203339B08A4F86A307DE732
:10D0F800022070BDD4F88430012243F0100310469A
:10D10800C4F8843084F8812070BD1D4B03641D4B26
:10D11800C36374E75968194A0A405A609BE7E06F8D
:10D128008369B3F5005F02D0B3F5804FABD1A66F2A
:10D13800B669B6F5804F06D1B4F86260B6B201366A
:10D148007608A4F86260B3F5804F7FF44FAFB4F867
:10D158006A309BB201335B08A4F86A3046E7B4F83A
:10D1680062309BB201335B08A4F86230B0E700BFBD
:10D17800E1D3000895D30008EDD300080000FFFFB5
:10D18800D1D300086DD300082DE9F0411546826817
:10D1980004460E4622B94368B3F5800F00F0958027
:10D1A80094F88030012B00F09980012384F88030B6
:10D1B80094F88130012BDFB269D1002E61D0B5FA25
:10D1C80085F35B09002D5CD00421B2F5C02F66669B
:10D1D80084F88110A4F86850C4F88430A4F860304A
:10D1E800A4F86A50A4F86230C4E91C3304D1226858
:10D1F800136823F400631360E3680F2B4ED9E06FC4
:10D208008369B3F5804F3CD121688B6823F4804350
:10D218008B603246454EB4F86A3030310664444E6D
:10D228009BB2C663434EC66400260665F7F72EF820
:10D23800002857D1E36F404ADB69B3F5807F236844
:10D24800596802EA010218BF2A435A609A6861685D
:10D2580042F48042B1F5800F9A601A6942F4507224
:10D268001A611A6842F001021A6003D11A6842F47E
:10D2780000721A6000231F4684F880303846BDE8E3
:10D28800F081002384F880303846BDE8F08100231F
:10D29800022784F880303846BDE8F081072B2BD868
:10D2A8002168E06F8B6823F480438B608369B3F552
:10D2B800005F32D0B3F5804FABD1B4F86A309BB27F
:10D2C80003339B08A4F86A30A3E72B4604250A46D3
:10D2D80080F88150BDE8F041FFF74ABE0227384682
:10D2E800BDE8F081D4F88430012243F01003C4F87B
:10D2F800843084F88120C7E7E06F8269B2F5804FF7
:10D3080002D0B2F5005FBCD12168B2F5804F8B68BE
:10D3180023F480438B607FF47CAFB4F86A309BB20F
:10D3280001335B08A4F86A3073E700BFD1D3000863
:10D338006DD30008EDD300080000FFFF806B08B52F
:10D3480090F88130072B09D0836FDB69B3F5807FB4
:10D3580005D00268136943F00803136108BDFEF79E
:10D3680097F808BD806B08B590F88130072B09D075
:10D37800C36FDB69B3F5807F05D00268136943F09A
:10D388000803136108BDFEF7E5F808BD806B08B512
:10D3980090F88130072B09D0836FDB69B3F5807F64
:10D3A80005D00268136943F00803136108BDFEF74E
:10D3B80033F908BD704700BF806B08B5FFF7FAFF67
:10D3C80008BD00BF704700BF806B08B5FFF7FAFFC4
:10D3D80008BD00BF704700BF806B08B5FFF7FAFFB4
:10D3E80008BD00BF10B5846BF7F75AFC022800D1BE
:10D3F80010BD236830495A69986940F0080098615F
:10D40800986940F010009861186820F001001860D1
:10D41800186901401961996821F44041996094F8AC
:10D428008110042901D091063AD494F88110032977
:10D4380001D0500629D4910509D5D4F8841041F0BB
:10D448000101C4F88410996941F400719961D20509
:10D4580009D5D4F8842042F00802C4F884209A69D7
:10D4680042F480729A61002301222046A4F86230B7
:10D47800A4F86A30D4F8843043F01003C4F8843038
:10D4880084F88120FEF72AF910BDD4F8841041F001
:10D498000401C4F88410996941F040019961CAE710
:10D4A800D4F8841041F08001C4F88410996941F0DF
:10D4B80020019961B9E700BF90FCFFFF0368196973
:10D4C8005A692DE9F04101EA02059F68044690F87F
:10D4D800816005F0640CBCF1040F2FD005F0450005
:10D4E800012834D005F02600022800F0DF80280744
:10D4F80070D59A6917F4404FF6B242F008029A6163
:10D508009A6942F010029A619A6942F400629A613B
:10D518001A6922F008021A6123D0042E00F0DE8076
:10D52800A26FD269EAB1032E50D0E26FD269C2B1BC
:10D53800052E14D12046FEF76FF810E0436F984788
:10D54800236F2046984705F04503012B02D1236F2E
:10D558002046984705F02605022D00F0A780BDE873
:10D56800F0819A6812F4404F1FD1B4F86A2092B241
:10D57800DAB1626E0EE01B6B42F8043B6266B4F8E7
:10D588006A30013B9BB2A4F86A30B4F86A309BB2A7
:10D598005BB12368E1680F29EDD8072940F2928032
:10D5A8001B8E22F8023B6266E9E72046FFF71EFB66
:10D5B800012384F88130D4F88430002B7FD1052EE4
:10D5C800B8D0042E00F08F80032EC8D12046FDF776
:10D5D8005FFFC4E7100501D50A077AD415F4587F10
:10D5E800BDD06E0609D5D4F8842042F00402C4F8F0
:10D5F80084209A6942F040029A61A80509D5D4F8B6
:10D60800842042F00102C4F884209A6942F400722E
:10D618009A61E90509D5D4F8842042F00802C4F8D3
:10D6280084209A6942F480729A61AA0609D5D4F8CE
:10D63800842042F08002C4F884209A6942F02002D3
:10D648009A61D4F88420002A89D0196807F44047E1
:10D65800274A21F00101B7F5404F1960196902EA1C
:10D6680001021A6127D19A68E06F22F440429A6059
:10D6780050B1204B0365F6F729FF28B1D4F8843060
:10D6880043F04003C4F88430A06F00283FF467AF2C
:10D69800184B0365F6F71AFF00283FF460AFD4F87B
:10D6A800843043F04003C4F8843058E7636F204661
:10D6B800BDE8F04118470123204684F88130FEF781
:10D6C8000DF84CE793F830301370626E01326266E1
:10D6D80055E79A6942F400629A6140E7E26FD269BD
:10D6E800002A3FF43EAF2046FDF734FF37E700BF7E
:10D6F80094FCFFFF01D7000808B5806B00230122C6
:10D70800A0F86A30A0F8623080F88120FDF7E6FFC3
:10D7180008BD00BF90F88100704700BF002800F0E6
:10D728008F8038B590F83D30044603F0FF02002B97
:10D7380060D0226802234349B2F1804F84F83D301B
:10D74800A2EB01011368B1FA81F14FEA511127D018
:10D7580031BB3D483D4D824251D000F58060824248
:10D768004DD0551B00F58060B5FA85F582424FEA29
:10D7780055154DD0002D4BD1354836498A4218BF32
:10D7880082424FD001F580618A424BD0A06923F0D4
:10D798008003E168034313606368D162936223E006
:10D7A8002A4D23F07003A068551B0343B5FA85F58D
:10D7B8006D09206923F440730343A06923F08003B3
:10D7C80003431360E368D3626368936251B94DB948
:10D7D8001F49204B9A4218BF8A4203D003F5806341
:10D7E8009A4201D16369136301230020536184F8CD
:10D7F8003D3038BD80F83C20FEF7ACF899E7551B62
:10D8080023F07003A068B5FA85F503436D09D0E7E6
:10D81800A06823F0700303430F488242C9D0002D4B
:10D82800C7D1A9E7206923F44073A1690343E068DD
:10D8380023F080030B4361681360D0629162C7E7ED
:10D84800012070470000014000040040000401402E
:10D858000040014000440140000C00404FF0020C21
:10D8680001680A4A034680F83DC088680240062AD3
:10D8780006D0B2F5803F03D00A6842F001020A6080
:10D888000122002083F83D20704700BF07000100F7
:10D898000368094AD96841F00101D96099680A40CA
:10D8A800062A06D0B2F5803F03D01A6842F001027A
:10D8B8001A600020704700BF0700010090F83C3054
:10D8C800012B7DD002460223006830B4012482F87F
:10D8D8003D3082F83C40544C83681C400B68602BF8
:10D8E80084606FD01DD9B3F5005F59D042D94F4934
:10D8F8008B4206D038D94E498B4202D010318B4228
:10D9080006D184684B4921400B4343F007038360E9
:10D9180000230121184682F83D1082F83C3030BCC3
:10D928007047402B67D019D9502BF1D1036A4C6846
:10D93800CD6823F00A03016A1C433E4B21F0010124
:10D948000162816921F0F00141EA051181610462F7
:10D9580081680B4043F057038360D9E7202BD0D070
:10D968001AD9302BD4D1CCE723F01001B1F5801FA0
:10D97800CED1C6E7702BCBD18468D1E901532B43B4
:10D98800CD6824F47F4143EA05230B438360836811
:10D9980043F077038360BBE733F01001B8D1B0E7F9
:10D9A800D1E9015384682B43CD6824F47F4143EACD
:10D9B80005230B438360836843F480438360A7E7B0
:10D9C80002207047046A4D6824F01004C968046294
:10D9D800836923F4704343EA0133016A21F0A0010B
:10D9E8008361144B41EA0511016281680B4043F0E1
:10D9F800670383608CE7036A4C68CD6823F00A03E9
:10DA0800016A1C430B4B21F001010162816921F07D
:10DA1800F00141EA05118161046281680B4043F01D
:10DA28004703836074E700BF8800CEFF2000100022
:10DA3800300010008FFFCFFF704700BF704700BF56
:10DA4800704700BF704700BF03681A69910710B597
:10DA5800044602D5DA68920768D41A69520702D5D3
:10DA6800DA6850074FD41A69110702D5DA68120725
:10DA780037D41A69D00602D5DA68D1061ED41A69D5
:10DA8800D20702D5DA68D00769D41A69110602D517
:10DA9800DA6812066BD41A69D00502D5DA6811065D
:10DAA8006DD41A69520602D5DA6850066FD41A691D
:10DAB800910602D5DA68920649D410BD6FF01001BC
:10DAC8000822204619612277DB6913F4407F6FD161
:10DAD800FFF7B2FF2046FFF7B3FF00222368227743
:10DAE800CDE76FF008010422204619612277DB692F
:10DAF8009B075AD1FFF7A0FF2046FFF7A1FF00229E
:10DB080023682277B5E76FF00401022220461961E5
:10DB180022779B6913F4407F44D1FFF78DFF20469D
:10DB2800FFF78EFF0022236822779CE76FF002013F
:10DB38000122196102779B69990730D1FFF77CFFB1
:10DB48002046FFF77DFF00222368227785E76FF0E4
:10DB5800200220461A61BDE8104000F05FB86FF05F
:10DB6800010220461A61FDF7E5FF23688DE76FF093
:10DB7800800220461A6100F053F823688BE76FF49F
:10DB8800807220461A6100F04DF8236889E76FF02B
:10DB9800400220461A61FFF755FF236887E7FFF721
:10DBA8004DFFD0E7FFF74AFFBCE7FFF747FFA6E7BF
:10DBB800FFF744FF91E700BF90F83C20012A28D0E6
:10DBC80003460068022230B4134D83F83D20A84272
:10DBD8004268846818D005F58065A84214D024F0FE
:10DBE800800C22F070020C688968224300244CEAF9
:10DBF80001014FF0010C42608160204683F83DC06E
:10DC080083F83C4030BC704722F470024D682A43C8
:10DC1800E5E70220704700BF00000140704700BFE1
:10DC2800704700BF704700BFF8B5D0F88070202F4C
:10DC380044D1002940D0B2FA82F67609002A3BD0B6
:10DC4800044690F87C00012838D001252123606F14
:10DC5800A4F856202165C4F88860A4F8542084F8F4
:10DC68007C50C4F88030D8B1DFF854C0134622681D
:10DC7800C0F83CC0DFF84CC028320665C0F840C088
:10DC8800DFF844C0C0F84CC0F6F700FB40B11023E1
:10DC9800284684F87C60C4F88830C4F88070F8BDE1
:10DCA8002368002240211046196284F87C209A6873
:10DCB80042F080029A60F8BD0120F8BD0220F8BD4C
:10DCC80081DD0008B1DD000801DE0008F8B5D0F8F4
:10DCD8008470202F48D1002944D0B2FA82F6760900
:10DCE800002A3FD090F87C300446012B3CD0012517
:10DCF8002223C0F888608165A0F85C2080F87C50F9
:10DD0800C0F88430806FE0B1DFF860C013460A467F
:10DD18002168C0F83CC0DFF858C024310665C0F857
:10DD280040C0DFF850C0C0F84CC0F6F7AFFA40B1B9
:10DD38001023284684F87C60C4F88830C4F88070C2
:10DD4800F8BD2368002084F87C001A6842F48072C9
:10DD58001A609A6842F001029A609A6842F040029A
:10DD68009A60F8BD0120F8BD0220F8BDBDDD0008AD
:10DD7800F5DD000801DE000808B5C369806BB3F55E
:10DD8800807F0CD003680022A0F856209A6822F001
:10DD980080029A601A6842F040021A6008BDFEF7D5
:10DDA80015FD08BD704700BF806B08B5FFF7FAFF87
:10DDB80008BD00BF08B5C369806BB3F5807F12D07A
:10DDC800036800222021A0F85E201A6822F48072DD
:10DDD8001A609A6822F001029A609A6822F040025A
:10DDE8009A60C0F88410FEF7F5FC08BD806B08B592
:10DDF800FEF73AFD08BD00BF806B38B50368D0F860
:10DE08008040D0F884109A68150601D5212C1DD0C1
:10DE18009A68520601D5222908D0D0F8883043F0F4
:10DE28001003C0F88830FEF767FD38BD00240F4A9C
:10DE38002025A0F85E40196821F49071196099684E
:10DE48000A409A60C0F88450C466E6E7002220249D
:10DE5800A0F856201A6822F0C0021A609A6822F4C4
:10DE680000029A60C0F88040D2E700BFFEFFFFEFD3
:10DE78000268D36970B51E0715680446916800F0FA
:10DE880084806C4805F4907C08405CEA00061DD14B
:10DE9800D80202D54E0200F19D80180606D501F47D
:10DEA800000105F08000014340F08C805E0602D539
:10DEB800680600F19B80190202D56A0000F1A38070
:10DEC800DB0102D5002DC0F2AA8070BDDE0709D59E
:10DED800EE0507D501261662D4F8886046F00106DB
:10DEE800C4F888609E0760D5CE0709D50226166259
:10DEF800D4F8886046F00406C4F888605E0758D4F1
:10DF08001E070CD505F0200C5CEA000007D008209D
:10DF18001062D4F8880040F00800C4F88800D4F8EB
:10DF280088000028D1D09E0606D505F0200501F00E
:10DF3800805155EA01036BD1D4F88850936805F0F5
:10DF4800080503F040031D436ED0116820203A4BAA
:10DF580021F49071116091680B4000219360C4F81E
:10DF680084009368E1665D063CD59368A06F23F052
:10DF780040039360002835D0304B0365F6F7A6FAC6
:10DF88000028A2D0A06F036D0CE09E0680D505F096
:10DF9800200C01F0805E5CEA0E063FF479AFC36E98
:10DFA800002B92D0BDE8704018475E07A8D5CE0771
:10DFB800A6D504261662D4F8886046F00206C4F88E
:10DFC80088609DE7236F002B3FF47FAF2046BDE8B4
:10DFD800704018474FF4801320461362BDE8704024
:10DFE80001F068BB2046FEF787FC70BD136820204F
:10DFF800002123F040031360C4F880002046216705
:10E00800FEF7E4FB70BD2046BDE8704001F056BB4A
:10E01800E36E002B90D02046984722688CE7204674
:10E02800BDE8704001F048BB2046FEF765FCC4F827
:10E03800885070BD01000010FEFFFFEF49E00008A6
:10E0480008B5806B0023A0F85E30A0F85630FEF7C4
:10E0580053FC08BDD0F88020D0F8840010437047E6
:10E06800F0B58268044687B02368D0E904101D68BB
:10E078000A43616E0243E06902430A43A849294002
:10E08800A84D0A43E168AB421A605A6822F440522C
:10E0980042EA0102A1695A6000F09D80226A9D68E7
:10E0A8001143A14A666A2A4011439960DA6A22F04C
:10E0B8000F023243DA629D4A934224D09C4A93422B
:10E0C80055D09C4A934200F02F829B4A934200F01D
:10E0D8009B829A4A934200F0E980994A934200F061
:10E0E8009D82984A934200F0D885974A934200F05F
:10E0F800D682012500234FF0011228462367C4E980
:10E108001A2307B0F0BD914B5B6D03F03803282B41
:10E11800EFD88F4AD55CB0F5004F33D0202D00F2F0
:10E12800D981202D00F2B680DFE815F0A8017B0127
:10E13800B400B4007201B400B400B4004901B400E2
:10E14800B400B400B400B400B400B4001C01B400BE
:10E15800B400B400B400B400B400B400B400B40017
:10E16800B400B400B400B400B400B400CA00774BE3
:10E178005B6D03F00703052BBBD8764AB0F5004F5B
:10E18800D55CCBD1202D00F21482202D00F2008224
:10E19800DFE815F08A035804FE01FE012804FE0199
:10E1A800FE01FE018604FE01FE01FE01FE01FE01E4
:10E1B800FE01FE01F203FE01FE01FE01FE01FE0169
:10E1C800FE01FE01FE01FE01FE01FE01FE01FE014F
:10E1D800FE01FE01B7039868534A02405B480A43B0
:10E1E8009A60DA6A616A22F00F020A43DA62836D82
:10E1F80003F00703052B3FF67CAF574AD65C202E69
:10E2080000F29C81012E7FF674AFB31E1E2B3FF6E1
:10E2180070AF01A252F823F0D7E70008FBE000082E
:10E2280081E70008FBE00008FBE00008FBE00008CD
:10E238004BE80008FBE00008FBE00008FBE00008F2
:10E24800FBE00008FBE00008FBE00008FBE000083A
:10E25800EBE70008FBE00008FBE00008FBE0000833
:10E26800FBE00008FBE00008FBE00008FBE000081A
:10E27800FBE00008FBE00008FBE00008FBE000080A
:10E28800FBE00008FBE00008FBE00008FBE00008FA
:10E2980061E8000801250023A3F110014FF6EF7291
:10E2A80091423FF626AF2268D36023E7274B5B6D88
:10E2B80003F00703052B3FF61CAF284AD55C2AE775
:10E2C800002E00F0B581012E00F09E85022E00F090
:10E2D800B185032E00F0D885042E00F0F485052EB4
:10E2E80000F08486062E00F0BE86072E00F0FD861C
:10E2F800082E00F05087092E00F07B870A2E00F0C8
:10E30800DC8743F60953164A0B2E18BF134662687A
:10E31800002503EB5203B3FBF2F39BB2BCE700BF4B
:10E32800F369FFCF000C0058FFF4FF110010014003
:10E338000044004000480040004C004000500040AD
:10E348000014014000780040007C0040004402585E
:10E35800F8FF0008240001082C0001082400010827
:10E3680000093D00B34B1A68920640F16F811A68A4
:10E37800B14BC2F3C102D340002EC8D0012E00F029
:10E38800EF81022E00F0C584032E00F0BF84042E16
:10E3980000F02B85052E00F09D86062E00F0DC8609
:10E3A800072E00F01C86082E00F04E86092E00F07D
:10E3B8008E860A2E00F0E3860B2EA8D126E003A84D
:10E3C800FAF76EFA626A049B002AA0D0012A00F0CC
:10E3D800C781022A00F09D84032A00F09784042A4A
:10E3E80000F00385052A00F0FD84062A00F07E85EA
:10E3F800072A00F0F485082A00F02686092A00F08A
:10E4080066860A2A00F0BB860B2A80D11B0A7EE7A3
:10E418006846FAF787F9626A019B002A3FF477AFEA
:10E42800D4E7F9F71FFB636A03B3012B00F0F38409
:10E43800022B00F0CE84032B00F0C884042B00F0DC
:10E448001785052B00F01185062B00F00686072B93
:10E4580000F04886082B00F09B86092B00F0E18627
:10E468000A2B00F03B870B2B08BF000A62680025C7
:10E4780000EB5203B3FBF2F39BB20DE7F9F7D6FAC0
:10E48800636A03B3012B00F0C984022B00F0A78450
:10E49800032B00F0A184042B00F0E484052B00F08A
:10E4A800DE84062B00F0E685072B00F03686082B65
:10E4B80000F08786092B00F0B1860A2B00F0FA8657
:10E4C8000B2B08BF000A626800EB5203B3FBF2F3A0
:10E4D8009BB2E1E6402D7FF40CAE002E00F0DC800C
:10E4E800012E00F09484022E00F0A784032E00F081
:10E4F800C784042E00F0EC84052E00F07A85062EE1
:10E5080000F0B485072E00F0FE85082E00F049863D
:10E51800092E00F08B860A2E00F029870B2E0CBFDF
:10E5280080234FF40043F2E6424B5B6D03F0070390
:10E53800052B3FF6DEAD414AD55CECE5402E7FF475
:10E54800D8AD002900F0B580012900F06E840229B9
:10E5580000F08284032900F0AF84042900F03B8591
:10E56800052900F06985062900F0AD85072900F026
:10E57800EF85082900F03686092900F05B860A290C
:10E5880000F0F9860B290CBF80254FF4004592E076
:10E5980001250023A3F110014FF6EF7291423FF6D7
:10E5A800A8AD23F00F02C3F3420313432268D360DC
:10E5B800A0E5402D7FF49DAD002E00F0D380012E04
:10E5C80000F0D280022E00F06D84032E00F0F48457
:10E5D800042E00F02585052E00F06885062E00F033
:10E5E800C285072E00F01086082E00F04886092EF6
:10E5F80000F059860A2E00F0EC860B2E0CBF4FF463
:10E6080080704FF48030AFE00A4B5B6D03F0070376
:10E61800052B3FF66EAD0A4AD55C7CE5054B5B6D74
:10E6280003F03803282B3FF664AD064AD55C72E543
:10E63800054B6CE6004402580090D0032400010802
:10E6480024000108F8FF000800093D00002E00F032
:10E65800BA83012E00F0FD83022E00F02A84032ED7
:10E6680000F0B684042E00F0E484052E00F028851E
:10E67800062E00F08785072EDAD0082E00F0C48316
:10E68800092E00F0D7830A2E00F01D84B44BB54A3A
:10E698000B2E18BF13463AE64FF4004337E6B24B49
:10E6A8005B6D03F00703052B3FF623ADAF4AD55C3E
:10E6B80031E54FF40045676807EB4703AB423FF687
:10E6C80018ADB5EB073F3FF614AD202E00F2F082EF
:10E6D800012E7FF60EAD023E1E2E3FF60AAD01A3B7
:10E6E80053F826F029EC0008FBE00008FFEB0008CF
:10E6F800FBE00008FBE00008FBE000089DEB0008D9
:10E70800FBE00008FBE00008FBE00008FBE0000875
:10E71800FBE00008FBE00008FBE0000831EB000824
:10E72800FBE00008FBE00008FBE00008FBE0000855
:10E73800FBE00008FBE00008FBE00008FBE0000845
:10E74800FBE00008FBE00008FBE00008FBE0000835
:10E75800FBE00008FBE00008FBE00008B9EA00085D
:10E768005B08D4E54FF480306268002500EB520363
:10E77800B3FBF2F39BB20DE76846F9F7D3FF636A80
:10E78800019D03B3012B00F0CF82022B00F0C7825A
:10E79800032B00F0C182042B00F02F83052B00F01F
:10E7A8002983062B00F09883072B00F02684082B7A
:10E7B80000F04D84092B00F09B840A2B00F0FB84A9
:10E7C8000B2B00F06582002D3FF494AC73E7F9F74A
:10E7D80097FF636A0546002BD4D1002D3FF48AAC1D
:10E7E80069E7614B1A68950640F1A5821B685D4D83
:10E7F800C3F3C103DD4000293FF45DAF012900F0F8
:10E808004D83022900F04683032900F04083042940
:10E8180000F04584052900F08384062900F0D4849B
:10E82800072900F02085082900F04F85092900F004
:10E83800F9850A2900F0FD850B297FF43CAF2D0AE4
:10E8480039E703A8FAF72CF8636A049D002B99D1DD
:10E85800002D3FF44FAC2EE7002900F06A82012911
:10E8680000F0DF82022900F0F282032900F02883F9
:10E87800042900F0AA83052900F0D883062900F0AE
:10E888002E84072900F06184082900F0AF84092943
:10E8980000F0EF840A2900F0148543F60955344B3B
:10E8A8000B2918BF1D4606E7F9F7C0F8636A03B3DA
:10E8B800012B00F0CA82022B00F0F782032B00F034
:10E8C8007F83042B00F0B083052B00F0EB83062B2D
:10E8D80000F05084072B00F09E84082B00F0B984C8
:10E8E800092B00F0E4840A2B00F070850B2B08BF7D
:10E8F800000A61684A0802EB4003B3FBF1F39BB2DC
:10E9080048E6002E00F03A82012E00F09A82022E8C
:10E9180000F0C682032E00F04D83042E00F07E83A3
:10E92800052E00F0BA83062E00F02184072E00F091
:10E938006F84082E00F08284092E00F0CC840A2E01
:10E9480000F06C8547F612230A4A0B2E18BF1346AF
:10E958006268002503EB5203B3FBF2F39BB219E69E
:10E9680090D003000090D00300440258240001080E
:10E9780000093D0000127A00A44B1A68910640F184
:10E98800FF811A68A24BC2F3C10223FA02F206B34E
:10E99800012E00F0B182022E00F03783032E00F022
:10E9A8006F83042E00F0C683052E00F00084062E27
:10E9B80000F06F84072E00F07184082E00F00385A4
:10E9C800092E00F03C850A2E00F036850B2E08BF74
:10E9D800120A616800254B0803EB4203B3FBF1F30D
:10E9E8009BB2D7E56846F9F79DFE626A019902B3C2
:10E9F800012A00F00782022A00F01A82032A00F096
:10EA08003A82042A00F06282052A00F0EB82062A84
:10EA180000F01683072A00F07483082A00F0A18307
:10EA2800092A00F001840A2A00F05B840B2A08BF37
:10EA3800090A62680025530803EB4103B3FBF2F3AC
:10EA48009BB2A7E5F9F70EF8636A03B3012B00F050
:10EA5800FA81022B00F02B82032B00F08382042B17
:10EA680000F0DA82052B00F02583062B00F069837D
:10EA7800072B00F0C283082B00F0EE83092B00F06F
:10EA88007E840A2B00F08D840B2B08BF000A616876
:10EA980000254A0802EB4003B3FBF1F39BB279E58A
:10EAA80003A8F9F7FDFE626A0499002AC1D09FE71E
:10EAB800616A002900F05482012900F01F830229AD
:10EAC80000F08B83032900F0BF83042900F0008441
:10EAD800052900F0AA84062900F08E84072900F091
:10EAE8008784082900F0E584092900F0DE840A29D2
:10EAF80000F0A8844748484B0B2918BF1846002146
:10EB08007B083A4618184FF0000341F10001F1F76D
:10EB1800DFFBA0F54073414A93423FF6EAAA236817
:10EB28000025D860FFF7E6BA384A116811F02001CD
:10EB380000F0E781136800213548C3F3C103D840CA
:10EB4800636A0BB3012B00F04B83022B00F07F8329
:10EB5800032B00F00584042B00F05D84052B00F0E6
:10EB68002C84062B00F0A984072B00F0B484082B12
:10EB780000F0AD84092B00F094840A2B00F08D84FA
:10EB88000B2B01D1000A00210902030241EA10619E
:10EB98007808B6E703A8F9F783FE0498636A0021AA
:10EBA80002460BB3012B00F03582022B00F086825F
:10EBB800032B00F0C182042B00F02183052B00F009
:10EBC8004D83062B00F09083072B00F02184082B3F
:10EBD80000F00B84092B00F004840A2B00F0528407
:10EBE8000B2B01D1100A002162680902030241EAD5
:10EBF8001061500886E76846F9F794FD0198636A42
:10EC080000210246002BEFD0CCE700BF0044025899
:10EC18000090D00300093D000000093DFFFC0F00F3
:10EC2800F9F76EFD626A002103460AB3012A00F073
:10EC38006E82022A00F0B982032A00F02483042A93
:10EC480000F09383052A00F0A683062A00F0DA83F1
:10EC5800072A00F0D583082A00F01C84092A00F04E
:10EC680015840A2A00F02F840B2A01D1030A0021F7
:10EC780062680902180241EA13615308C0184FF08C
:10EC8800000341F10001F1F723FBA0F5407342E7CF
:10EC98002D0A002D3FF42EAA0DE5B54B5B6D03F050
:10ECA8000703052B3FF625AAB24AD55CFFF733BA0E
:10ECB800402E7FF41EAA616A002900F04E810129C6
:10ECC80000F02782022900F08482032900F0CE8216
:10ECD800042900F05783052900F05983062900F01C
:10ECE8006883072900F06083082900F0B7830929A1
:10ECF80000F0AF830A2900F0C0830B294FF0000110
:10ED08000CBF4FF400404FF40000F9E69A4AA2FB0A
:10ED180003239B08FFF7FBBA974BA3FB0535AD0808
:10ED2800002D3FF4E7A9C6E46D08002D3FF4E2A9E1
:10ED3800C1E4924DBFE400295AD0012900F0AC800B
:10ED4800022900F0DB80032900F06181042900F02A
:10ED5800A181052900F0EB81062900F01682072918
:10ED6800E7D008295DD0092971D00A2900F02D8142
:10ED7800834D844B0B2918BF1D469CE4824BE7E565
:10ED8800002E50D0012E00F0AF80022E00F03B8103
:10ED9800032E00F07A81042E00F0C781052E00F0C2
:10EDA800FD81062E00F04D82072EE7D0082E48D0B0
:10EDB800092E75D00A2E00F03181744B744A0B2E3F
:10EDC80018BF1346C4E56F4BFFF7A1BA6A4BA3FB04
:10EDD80000308008FFF74ABB674BA3FB0030800870
:10EDE800FFF771BB6B4AA2FB0323DB08FFF78FBA5F
:10EDF800644D60E4674BA3FB0535ED08002D3FF437
:10EE080079A958E4490814E6634BFFF780BA4FF430
:10EE18008043FFF77CBA4008FFF728BB4008FFF79C
:10EE280052BB5D4D47E45A4B92E54FF4804542E4AE
:10EE38008908FEE5594BFFF76ABA4FF40053FFF70C
:10EE480066BA4E4B84E5400821E6400851E5534D2B
:10EE580031E4534BFFF75BBA4FF400552BE44D4BAD
:10EE6800A3FB0030C008FFF72EBB4A4BA3FB0030C2
:10EE7800C008FFF7FBBA404BA3FB01239908D8E56C
:10EE880041F25553FFF743BA464BFFF740BA3A4BA6
:10EE9800A3FB0535AD080EE4414D0CE46D080AE40A
:10EEA8003D4B55E54FF480405EE4800821E580083D
:10EEB800EDE53D4BFFF72BBA41F25555FFF7FBBB8C
:10EEC800384DFFF7F8BB314BFFF721BAC908B0E559
:10EED8004FF48053FFF71BBA0C23B5FBF3F5002D55
:10EEE8003FF408A9FFF7E7BB264B31E5224AA2FB0E
:10EEF8000323DB08FFF70BBA52086AE52A4DFFF730
:10EF0800DABB626A002A00F0C280012A00F0798127
:10EF1800022A00F0B281032A00F0C381042A00F01B
:10EF28005E82052A00F05982062A00F09E82072A8E
:10EF380000F09982082A00F09D82092A00F0978241
:10EF48000A2A00F083820B2A184A0E4B0EBF0021B2
:10EF58000321134678083A4690E64FF40000CFE5BF
:10EF68001348CDE5044BA3FB002398088FE500BFA9
:10EF78000044025824000108ABAAAAAA00093D00CF
:10EF880090D003000090D00300127A0020A107005F
:10EF98000020A107CDCCCCCC80841E0040420F00BD
:10EFA8000048E8012A2C0A000024F400000090D050
:10EFB8000000093DCF4BCBE442F6AA20FFF7D4BBB3
:10EFC800CD4BA3FB0023980893E4CC4DFFF773BB0C
:10EFD800CB4BFFF79CB94FF48055FFF76CBB1B096F
:10EFE800FFF795B90A23B1FBF3F122E5C54BFFF70B
:10EFF8008EB940F6CC43FFF78AB92D09002D3FF4AE
:10F0080079A8FFF758BBC04BA2E49208E1E4BC4DD5
:10F01800FFF751BB4008E7E5C00838E5BB4B97E46C
:10F028004FF40050FFF7A0BBC00862E4B54DFFF7EE
:10F0380042BBB74BFFF76BB940F6CC45FFF73BBB7C
:10F048000C23B1FBF3F1F4E45B09FFF760B96D0938
:10F05800002D3FF44FA8FFF72EBBA74BA3FB0030B2
:10F06800C008FFF703BAAB4BFFF751B940F6AA2324
:10F07800FFF74DB9A04BA3FB0030C008FFF723BA38
:10F088009D4BA3FB02239A08A3E4A34B60E4A34B84
:10F0980003215FE79E4DFFF70EBBA14B58E4ED0837
:10F0A800FFF709BB0A23B0FBF3F022E441F69810FE
:10F0B800FFF75ABB0A23B0FBF3F0E8E4800893E5B6
:10F0C800984BFFF724B940F6AA25FFF7F4BA9B0935
:10F0D800FFF71DB90A22B3FBF2F3FFF718B98D4DFC
:10F0E800FFF7E9BA0009FFF7C1B98F4BFFF70FB96E
:10F0F800AD09002D3EF4FEAFFFF7DDBA8B480021C5
:10F10800FEE4090995E44FF40063FFF700B94308EA
:10F11800AEE54FF480000021F2E40009FFF7D3B90F
:10F128000A23B5FBF3F5FFF7C6BA814B10E47D4D12
:10F13800FFF7C1BAD2084CE406220023F1F7C8F859
:10F1480052E50C23B0FBF3F0A1E4774DFFF7B3BA17
:10F158004FF40065FFF7AFBA0C22B3FBF2F3FFF7E9
:10F16800D6B8490965E441F25450FFF7FDBA714B2E
:10F17800FFF7EEBB0C23B0FBF3F0FFF7BABBDB09DC
:10F18800FFF7C5B86C4BFFF7C2B86B4DFFF793BAE2
:10F198004009FFF76BB9694BFFF7B9B8684BFFF740
:10F1A800D7BB4FF48063FFF7B2B8830860E50A2342
:10F1B800B2FBF3F20DE4ED09002D3EF49BAFFFF72F
:10F1C8007ABA4009FFF77FB90C23B5FBF3F5FFF7CF
:10F1D80072BA4FF40010002192E45A4800218FE4DB
:10F1E8004008D1E44FF48065FFF765BA534DFFF747
:10F1F80062BA4FF22443FFF78AB8000947E4C0080F
:10F20800F2E4514B1146A5E64FF48050FFF7ACBA33
:10F218003A4BFFF79DBB0009FFF76BBB8009FFF76F
:10F2280052B98009FFF722B9890902E44FF4007343
:10F23800FFF76DB84FF40075FFF73DBA3A4BFFF78B
:10F2480087BB2F4BFFF784BB4048002158E4800858
:10F258009AE44009FFF74DBB400918E40A2200234D
:10F26800F1F736F8C0E42D09FFF725BA3848002130
:10F2780046E44FF22445FFF71EBA364B6AE64FF4D0
:10F288000060FFF771BA00230622F1F721F8034660
:10F29800EEE40C23B2FBF3F2FFF79BBB1209FFF776
:10F2A80098BB2D4B56E64FF48060FFF75DBA800996
:10F2B800FFF71FBBC009FFF706B947F61223FFF790
:10F2C80026B847F61225FFF7F6B96D09FFF7F3B927
:10F2D8002248002114E4194BFFF73ABBC009FFF795
:10F2E800C5B8C909FFF7A5BB0C220023F0F7F0FF4A
:10F2F8007AE400BF54581400ABAAAAAA20A10700B8
:10F30800AAC2A200801A06000048E80140420F0085
:10F3180000127A001516050054854501000090D0AA
:10F3280000350C0000A8610090D003000080841E06
:10F338000024F4002A2C0A005561510048E8010015
:10F348000050C3000040420F000048E8002A2C0A81
:10F3580000551500000024F400AAC2A20020A1074D
:10F3680006220023F0F7B4FF0EE4C30880E44FF44C
:10F378008073FEF7CCBF4FF48075FFF79CB9800906
:10F38800FFF785BB4FF480100021FFF7B9BB534846
:10F398000021FFF7B5BB00230A22F0F799FF0346C7
:10F3A80066E4C009FFF773BB4FF400200021FFF7A4
:10F3B800A7BB4B480021FFF7A3BB0A220023F0F7A5
:10F3C80087FFFFF7E1BB5209FFF703BBC009FFF74F
:10F3D80090BA4FF40070FFF7C7B9424BBAE5424BF9
:10F3E800B8E590090021FFF7FFBB4009FFF7FCBB18
:10F3F8003E480021FFF784BB3D480021FFF780BB52
:10F40800030935E400230C22F0F762FF03462FE4DA
:10F418000009FFF7E9BBC008FFF7B6BB4FF224436A
:10F42800FFF796BAAD09FFF746B932480021FFF752
:10F4380067BBED09FFF73FB9D209FFF7CABA9209CE
:10F44800FFF7C7BA2C480021FFF75ABB2B4B002106
:10F4580080E54FF400300021FFF752BB4FF48020C5
:10F468000021FFF74DBB264B74E5264B72E5264B72
:10F4780000216FE5254B00216CE54FF48030002119
:10F48800FFF73EBBD0090021FFF7AEBB830900217F
:10F49800FFF7EEBB4309FFF7EBBBC0090021FFF7FD
:10F4A80073BB80090021FFF76FBB19480021FFF7E4
:10F4B80027BB18480021FFF723BB0C220023F0F7D5
:10F4C80007FFFFF761BBC3090021FFF7D1BB400964
:10F4D8000021FFF759BB0009FFF756BB00CC0C0011
:10F4E80000AA0A000000A8610000127A0090D00368
:10F4F8000015160500801A0600127A000020A107E0
:10F508000000093D005561510040420F0080841EF3
:10F518000024F4000048E801836ADA0710B406D52D
:10F528000168C46A4A6822F4003222434A609C0790
:10F5380006D50168046B4A6822F4803222434A6087
:10F54800590706D50168446B4A6822F48022224391
:10F558004A601A0706D50168846B4A6822F400429B
:10F5680022434A60DC0606D50168C46B8A6822F427
:10F57800805222438A60990606D50168046C8A681D
:10F5880022F4005222438A605A060AD50168446C64
:10F598004A68B4F5801F22F4801242EA04024A60E5
:10F5A8000BD01B0606D50268C16C536823F40023F0
:10F5B8000B4353605DF8044B70474A68846C22F42F
:10F5C800C00222434A60ECE7002370B50446C0F845
:10F5D8008830F4F7BBFA054623681A6811070CD47B
:10F5E8001A68520725D420220023C4F88020184620
:10F5F800C4F8842084F87C3070BDDE6916F40016E7
:10F60800EED1F4F7A3FA431BB3F1007F2368F4D3D8
:10F618001A682021032022F4D0721A609A6822F016
:10F6280001029A60C4F8801084F87C60C4F88410E1
:10F6380070BDDE6916F48006D5D1F4F787FA431B4E
:10F64800B3F1007F2368F4D3E2E700BF80B3D0F8BA
:10F65800803010B5044633B3226824232046C4F80A
:10F668008030136823F001031360FEF7F9FC0128CA
:10F6780017D0A36A8BB9236820465A6822F49042AF
:10F688005A609A6822F02A029A601A6842F00102C7
:10F69800BDE810401A60FFF797BF2046FFF73CFF10
:10F6A800E9E7012010BD80F87C30FCF7E3FDD3E7E3
:10F6B80001207047704700BF704700BF704700BF08
:10F6C8000021094B00224FF07E5C0170016307495D
:10F6D800C0F818C080ED040A02624261436083608A
:10F6E800C161C360704700BFCDCC4C3D17B7D1385E
:10F6F80090F83430002B68D090ED027A0023D0EDDA
:10F70800047A0121D0ED075A002227EE277A80F8E3
:10F718003430B0EE656A01700363BCEEC77A82626A
:10F72800C0ED0B5AF7EE004A012374EEC64A427840
:10F738009A4264D090ED085A4FF0000C0021012243
:10F74800B5EE405AC0F828C00163F1EE10FA5FD157
:10F75800F8EE477AC4EEA76AF5EEC06AF1EE10FA41
:10F768007BDBDFED6C7AF4EE676AF1EE10FAB5EE4A
:10F77800405A48BFF0EE676AF1EE10FAC0ED096A28
:10F788007AD175EEA67A02634370002B00F0AA8046
:10F79800012B07D1B7EE007AF4EEC75AF1EE10FA52
:10F7A80080F2AC80022B05D1F5EEC05AF1EE10FACA
:10F7B80040F2A78090ED050A90ED067AC0ED077A31
:10F7C80077EE407AA7EEA50A70470378D0ED047A61
:10F7D80000EB8302012B92ED017A27EE277ABCEE2B
:10F7E800C77A00F09180022B40F081804278FFEECA
:10F7F800004AB7EE006AD0ED075A9A429AD190EDC6
:10F80800085A026BB5EE405A0132F1EE10FA9FD059
:10F81800F7EE006A9FED404AF0EE667AE5EE047A6C
:10F8280067EEA77A67EEA77A67EEA77A67EEA77AF8
:10F8380067EEA77A67EEA77A67EEA77A67EEA77AE8
:10F8480067EEA77AE7EEE76AB0EE664AC4EE846A26
:10F85800F5EEC06AF1EE10FA83DADFED307AF4EEF5
:10F86800676AF1EE10FAB5EE405A77FEA66AC0ED67
:10F87800096AF1EE10FA84D0B8EE477AD0ED0A3A68
:10F88800F7EE004A9FED244A0263C5EE077A4370FB
:10F8980037EEA37AF0EE647A80ED0A7AE7EE047A1E
:10F8A80067EEA77A67EEA77A67EEA77A67EEA77A78
:10F8B80067EEA77A67EEA77A67EEA77A67EEA77A68
:10F8C80067EEA77AE7EEE74AF0EE467AE4EEA67A24
:10F8D800F4EE677AF1EE10FA18BFDFED117A002B1B
:10F8E8007FF456AFDFED0E5AF0EE657A62E7DFED92
:10F8F8000C4AD0ED075AB0EE646A18E70223037089
:10F9080058E700230370EDE7D0ED075A90ED0B6A36
:10F9180008E700BF000000340000803A000000B48F
:10F928000000000038B50021002304464FF07E5542
:10F9380040F2011210302DED028BA0F85020B0EEED
:10F94800408A80ED130A382240F8103C40F80C3CFD
:10F9580040F8081CC363036443648364E56000F0F3
:10F968009BFADFED096AB6EE007AE562C6EE887AA0
:10F97800BDEC028BF4EE477AF1EE10FA77FE277AA7
:10F98800C4ED127A38BD00BF0000DC4338B590F8EA
:10F99800603004462DED028B002B3FD0B2EE007A8A
:10F9A80090ED128AF6EE007A002028EE078A84F895
:10F9B8006000B4EEE78A84ED128AF1EE10FA40F3A3
:10F9C800118128EE278A0230B4EEE78AF1EE10FAA8
:10F9D800F7DC0023C0F1070184ED128A002900F149
:10F9E80004004FEA81022361636104F12C01A361E1
:10F9F80004EB8000E36108BF042223626362A36210
:10FA080000F03CFA94F8613073B994ED133A94ED30
:10FA1800144AD4ED153AD4ED164A33E090F8613023
:10FA280090ED128A002BF0D0D4ED053AB0EE005AD2
:10FA380094ED074A94ED066AD4ED086A36EE636AD7
:10FA4800D4ED094A76EEC46A94ED047AD4ED0A5AE4
:10FA5800A3EE857AD4ED037AE4EE856AA4EE056A0E
:10FA680075EEE45A27EE273A65EEA74A27EE864A4E
:10FA780067EEA63A84ED133AC4ED164A84ED144AAB
:10FA8800C4ED153A94ED007AA26838EE077ADFEDF6
:10FA9800577A94ED010AC4ED017AFDEEC76A84ED48
:10FAA800007A16EE903A9A4200F08380082B6DD0C7
:10FAB80003F0040003F0070203F0060103F0010558
:10FAC80006EE900A05EE902A9A07B8EEE66A06EE68
:10FAD800901AF8EEE55AF8EEE66A37EE466A77EEDF
:10FAE800655A77EE666A61D00DB977EEE37A37EE3C
:10FAF800E45ADFED3E7AB4EE675AF1EE10FA1BD005
:10FB080001EE903AB7EE001AB6EE002AF8EEE11AC6
:10FB1800FEEE002A77EE611AC1EE880A71EE601ACD
:10FB280020EE822A61EEA22A22EE202A62EEA12A83
:10FB3800A5EE020AE5EE227AF1EE000AA360B4EE21
:10FB4800002AB0EE001A37EE607AF5EE002A36EE9B
:10FB5800416A27EE037AF7EE001A26EE046AE7EE0A
:10FB6800027A76EEE16AB6EE005A30EE000A66EEE8
:10FB7800A36A75EEC55AE6EE227ABDEC028BE6EE74
:10FB8800857AE5EEA47AC4ED017A38BDF2EE006A12
:10FB9800002577EEC37A2B4637EE667AF0EE475AA1
:10FBA80084ED007AF0EE476AB0EE476A77EEC47AE1
:10FBB8009AE703F0040003F0060103F0070206EEDB
:10FBC800900A06EE102AB8EEE65A06EE901AF8EEFB
:10FBD800C65AF8EEE66A37EE456A77EE655A77EE6A
:10FBE800666AA9E700230721F8E600BF00000000C5
:10FBF80090ED176AF6EE007A90ED127AC0EE066A7A
:10FC08009FED0D5BF4EE676AF1EE10FA77FEA66AD7
:10FC180036EEC77AC0ED126AB0EEC77AB7EEC77A89
:10FC2800B4EEC57BF1EE10FAD4BF90F86030012332
:10FC380080F86030704700BF48AFBC9AF2D77A3E70
:10FC4800D1ED006A90ED0B0A90ED0C1A30EE660AC1
:10FC5800C0ED0B6AD1ED016A90ED0D2A31EE661AFE
:10FC6800C0ED0C6AB0EEC00AD1ED026A90ED0E3A12
:10FC780032EE662AC0ED0D6AB7EEC00AD1ED036A0E
:10FC8800B0EEC11A90ED0F4A33EE663AC0ED0E6A37
:10FC9800B0EEC22AD1ED046AB7EEC11A90ED105A3F
:10FCA80034EE664AC0ED0F6AB7EEC22AD1ED056A96
:10FCB800B0EEC33A90F8603035EE665A90ED116AAE
:10FCC800B0EEC44AC0ED106AB7EEC33AD1ED066A89
:10FCD800B0EEC55A36EE666AC0ED116AB7EEC44A90
:10FCE800B7EEC55AB0EEC66A9FED197BB7EEC66A85
:10FCF800B4EE470BF1EE10FAB4EE471BC8BF012370
:10FD0800F1EE10FAB4EE472BC8BF0123F1EE10FA5A
:10FD1800B4EE473BC8BF0123F1EE10FAB4EE474BEF
:10FD2800C8BF0123F1EE10FAB4EE475BC8BF012348
:10FD3800F1EE10FAB4EE476BC8BF0123F1EE10FAEA
:10FD4800C8BF012380F86030704700BFAFF3008060
:10FD580048AFBC9AF2D77A3EF7EE007AB4EEE70ADB
:10FD6800F1EE10FA18DDB0EE670A90ED037A80ED37
:10FD7800030A30EE477A9FED0C6BB0EEC77AB7EE08
:10FD8800C77AB4EEC67BF1EE10FAD4BF90F86130B2
:10FD9800012380F861307047B5EEC00AF1EE10FA21
:10FDA800E3D59FED030AE0E748AFBC9AF2D77A3E65
:10FDB80000000000DFED077A002380ED000A60EE06
:10FDC800277A4360C0ED020A87EEA07A80ED037AB5
:10FDD800704700BFDB0FC940D0ED017A0346D0ED74
:10FDE800036A9FED097A77EEA67AF4EEC77AF1EE08
:10FDF80010FA03DA0020C3ED017A704777EEC77A6C
:10FE08000120C3ED017A7047DB0FC9400B4601465C
:10FE1800184600F001B8000010B5054C13462CB187
:10FE28000A4601460220AFF3008010BD2046FCE7D9
:10FE38000000000070B50D4D0D4C641BA410002689
:10FE4800A64209D10B4D0C4C00F0F0F8641BA4102D
:10FE58000026A64205D170BD55F8043B98470136E7
:10FE6800EEE755F8043B98470136F2E754000108DD
:10FE78005400010854000108780001080A4491421E
:10FE880000F1FF3300D1704710B511F8014B03F8AA
:10FE9800014F9142F9D110BD02440346934200D16B
:10FEA800704703F8011BF9E79A99193E9A99193E88
:10FEB80000000000C3F5A83E000000009A99193E12
:10FEC8009A99193E0054004000580040005C0040D8
:10FED800001C0058000000400004004000080040DA
:10FEE800000C00402500260027003400350047009C
:10FEF800520053008E0000000002030000000000C2
:10FF080001000000000000000000FA4500007A46E9
:10FF18000000FA4600803B470080BB470000000015
:10FF28000102030401020304060708090002010292
:10FF38000002010201000200040008001000200075
:10FF480040008000000100020004000800100020AA
:10FF580000400080000002580004025800080258BF
:10FF6800000C0258001002580014025800180258D9
:10FF7800001C025800200258002402580028025889
:10FF88000000000000061016000610160B00FF0007
:10FF9800B000002498000024A40000246800002475
:10FFA800D4000024BC000024C800002474000024ED
:10FFB800F8000024E0000024EC0000248000002465
:10FFC8002C1F0024141F0024201F0024FC1E0024C2
:10FFD800501F0024381F0024441F0024081F002439
:10FFE8001C01002404010024100100248C000024BA
:08FFF800018080808080808080
:020000040801F1
:1000000004808080808080800880808080808080E4
:1000100010808080808080802080808080808080B0
:1000200040000000000408102040000002040810F6
:1000300020400000F8B500BFF8BC08BC9E467047E1
:0C004000F8B500BFF8BC08BC9E46704735
:08004C00BC02FF7F010000006F
:10005400BD020008850700083D1C00088D24000827
:10006400B52A00088D360008ADB70008A5BC000805
:0400740009C90008AE
:0400780099020008E1
:10007C000000000000D0024400D024445CFF434444
:10008C001000000000000000000000000000000054
:10009C000000000000000000100000000000000044
:1000AC000000000000000000000000000000000044
:1000BC001000000000000000000000000000000024
:1000CC0000000000000000000090D0030090D0035E
:1000DC000100000010000000060A050004050000E5
:1000EC0000000000010C05010407010905000000D7
:1000FC0000040600000000000000000000040800DE
:10010C0000000000000000000104050006050609BF
:10011C0005000000010505000705000000000000B7
:10012C00060B05000505000000000000010E05028D
:10013C000205000000000000020105010F0502038A
:10014C000500000003030500000000000000000093
:10015C00020B06010406000000000000020C060160
:10016C000507000000000000020A06000000000065
:10017C000000000001040800060800000000000058
:10018C000105080007080000000000000005080039
:10019C000000000000000000000000000000000053
:1001AC000000000000000000000000000000000043
:1001BC000100000000000000000000000000000032
:1001CC000000000000000000000000000100000022
:1001DC000000000000000000000000000000000013
:1001EC000000000000000000010000000000000002
:1001FC0000000000000000000000000000000000F3
:10020C0000000000010000000000000000000000E1
:10021C0000000000000000000000000000000000D2
:10022C0001000000000000000000000000000000C1
:10023C0000000000000000000000000001000000B1
:10024C0000000000000000000000000000000000A2
:10025C000000000000000000010000000000000091
:10026C000000000000000000000000000000000082
:10027C000000000001000000000000000000000071
:10028C000000000000000000000000000000000062
:10029C000100000000000000000000000000000051
:1002AC000000000000000000000000000100000041
:1002BC000000000000000000000000000000000032
:1002CC000000000000000000010000000000000021
:1002DC000000000000000000000000000000000012
:1002EC000000000001000000000000000000000001
:1002FC0000000000000000000000000000000000F2
:10030C0001000000010708000000000000000000D0
:10031C000106080000000000000000000B00FF00B8
:10032C004003002434030024580300244C0300240D
:10033C00700300246403002404030024F802002446
:10034C001C03002410030024283000247C03002408
:10035C0028030024043000241C3000241030002416
:10036C00A002002494020024010808020B080001DA
:10037C0008000000010908020A080000080000003B
:10038C00010C0E03020801050E000000020C08010E
:10039C00060E00000000000001040B00000000002D
:1003AC0000000000010707010F040000000000001E
:1003BC00010607010E040000000000000003070006
:1003CC000000000000000000000207000000000018
:1003DC0000000000020B07000000000000000000FD
:1003EC00020A0700000000000000000006090700D8
:0803FC000000000000000000F9
:04000005080005E109
:00000001FF
